fid,CODE,route_key,source_entity_key,source_handle,source_layer,segment_index,source_segment_key,source_segment_kind,native_length_source,source_native_length_m,delivery_vertex_count,delivery_chord_length_native,materialization_policy_version,measurement_state,dimension_entity_key,measurement_native_m,measurement_delta_m,delivery_grid_length_m,geodesic_length_m,length_value_m,status,length_label,length_source,unit,schema_version,parent_cable_code,parent_display_label,parent_label_provenance,LONGUEUR,display_label,label_provenance,geometry_role,style_aci,style_truecolor,style_linetype,style_lineweight,style_rotation,style_rotation_deg,style_qgis_rotation_deg,style_render_key,lineage_json,source_cad_length_m,dimension_length_m,source_segment_sum_m,source_native_length_delta_m
1,CABLE-CAD-4DA16,0234319fd3b7109986be095e9c9824e881249d6fca93f17780bcbfb385310bb0,d1e7b6e2be228d8b5d18074adfb11d1fcf3bd22e19aca911a30742fe14301c40,4DA16,SLING WIRE,0,68e6c555515de8f0bbe69c7cc37eb60079b8b092ce958cf4e97e6177814a4b8e,line,ordered_wcs_vertices,14.809903915886201,2,14.809903915886201,cad2gis.bulge_tessellation.v1,dimension_measured,84d9c4814e07b03e7651a44ac18787e46897057f9278b4391df2339260e7fa40,14.80990391588784,1.6395773627664312e-12,14.809903916308985,14.797243997709499,14.80990391588784,measured,14.8099m,dwg_dimension,m,cad2gis.cable_segment.v1,CABLE-CAD-4DA16,,UNAVAILABLE,14.809903916308985,,UNAVAILABLE,SOURCE_ROUTE_SEGMENT,4,,BYLAYER,30,0.0,0.0,0.0,CABLE:SLING WIRE|ROT_QGIS:0.000000000,"[{""operation"":""identity"",""source_entity_key"":""d1e7b6e2be228d8b5d18074adfb11d1fcf3bd22e19aca911a30742fe14301c40"",""max_displacement_m"":0.0},{""operation"":""segment_occurrence"",""parent_feature_key"":""0234319fd3b7109986be095e9c9824e881249d6fca93f17780bcbfb385310bb0"",""segment_index"":0,""source_segment_key"":""68e6c555515de8f0bbe69c7cc37eb60079b8b092ce958cf4e97e6177814a4b8e"",""source_segment_kind"":""line"",""geometry_policy"":""versioned-source-segment-delivery-path""}]",14.80990391588784,,,
2,CABLE-CAD-4DA16,0234319fd3b7109986be095e9c9824e881249d6fca93f17780bcbfb385310bb0,d1e7b6e2be228d8b5d18074adfb11d1fcf3bd22e19aca911a30742fe14301c40,4DA16,SLING WIRE,1,8a66b28d96755c29eb517f3c8e10297d96af6114d93d527b6350bb095e2b6d7a,line,ordered_wcs_vertices,49.49168635284509,2,49.49168635284509,cad2gis.bulge_tessellation.v1,dimension_measured,f67c6a042f2024518afbffc4db78d6bed832a24f338c1a30eae572bb70afddc1,49.49168635284514,4.973799150320701e-14,49.49168635298788,49.44939089641525,49.49168635284514,measured,49.4917m,dwg_dimension,m,cad2gis.cable_segment.v1,CABLE-CAD-4DA16,,UNAVAILABLE,49.49168635298788,,UNAVAILABLE,SOURCE_ROUTE_SEGMENT,4,,BYLAYER,30,0.0,0.0,0.0,CABLE:SLING WIRE|ROT_QGIS:0.000000000,"[{""operation"":""identity"",""source_entity_key"":""d1e7b6e2be228d8b5d18074adfb11d1fcf3bd22e19aca911a30742fe14301c40"",""max_displacement_m"":0.0},{""operation"":""segment_occurrence"",""parent_feature_key"":""0234319fd3b7109986be095e9c9824e881249d6fca93f17780bcbfb385310bb0"",""segment_index"":1,""source_segment_key"":""8a66b28d96755c29eb517f3c8e10297d96af6114d93d527b6350bb095e2b6d7a"",""source_segment_kind"":""line"",""geometry_policy"":""versioned-source-segment-delivery-path""}]",49.49168635284514,,,
3,CABLE-CAD-4D9EB,1a3e953b88b5331bc07e1a0f4d515f8ecc3e3e9b5e3f38c647c2649b8d514d26,c1c49f1927ac2554e1ec59dd78ab37abbfd95b1f4987cd57eb12758a04c67fbd,4D9EB,SLING WIRE,0,9f57365c4c5d939f01a8e5dbe64c5795bb9c483348b845c12dfed41829c7b415,line,ordered_wcs_vertices,55.61324509992635,2,55.61324509992635,cad2gis.bulge_tessellation.v1,dimension_measured,df674759e46c6da53c4c8e136a87c97bf2fa287e58bba21a86f28401dac4a97e,55.61324509992573,-6.252776074688882e-13,55.61324509985138,55.565808699820245,55.61324509992573,measured,55.6132m,dwg_dimension,m,cad2gis.cable_segment.v1,CABLE-CAD-4D9EB,,UNAVAILABLE,55.61324509985138,,UNAVAILABLE,SOURCE_ROUTE_SEGMENT,4,,BYLAYER,30,0.0,0.0,0.0,CABLE:SLING WIRE|ROT_QGIS:0.000000000,"[{""operation"":""identity"",""source_entity_key"":""c1c49f1927ac2554e1ec59dd78ab37abbfd95b1f4987cd57eb12758a04c67fbd"",""max_displacement_m"":0.0},{""operation"":""segment_occurrence"",""parent_feature_key"":""1a3e953b88b5331bc07e1a0f4d515f8ecc3e3e9b5e3f38c647c2649b8d514d26"",""segment_index"":0,""source_segment_key"":""9f57365c4c5d939f01a8e5dbe64c5795bb9c483348b845c12dfed41829c7b415"",""source_segment_kind"":""line"",""geometry_policy"":""versioned-source-segment-delivery-path""}]",55.61324509992573,,,
4,CABLE-CAD-4D9F5,325ecad2a873983bf38f382514f9c80bab8b92662713e40dbc78ec55e1398eaa,63096167f95e6980cda30582ae8832cf8c0082cfa25c8c903c8f8745e37308ff,4D9F5,SLING WIRE,0,5b7f62d8c1a1e9fa524c23f00341ad9aa937040b09dd978dc4a47e29ce23a336,line,ordered_wcs_vertices,40.08559136091095,2,40.08559136091095,cad2gis.bulge_tessellation.v1,dimension_measured,e2788bd1e356d8b08edf3ef90ff20d6eaf146fbae8651f746955d27d35aec04e,40.08559136091208,1.1297629498585593e-12,40.08559136209621,40.051332648905884,40.08559136091208,measured,40.0856m,dwg_dimension,m,cad2gis.cable_segment.v1,CABLE-CAD-4D9F5,,UNAVAILABLE,40.08559136209621,,UNAVAILABLE,SOURCE_ROUTE_SEGMENT,4,,BYLAYER,30,0.0,0.0,0.0,CABLE:SLING WIRE|ROT_QGIS:0.000000000,"[{""operation"":""identity"",""source_entity_key"":""63096167f95e6980cda30582ae8832cf8c0082cfa25c8c903c8f8745e37308ff"",""max_displacement_m"":0.0},{""operation"":""segment_occurrence"",""parent_feature_key"":""325ecad2a873983bf38f382514f9c80bab8b92662713e40dbc78ec55e1398eaa"",""segment_index"":0,""source_segment_key"":""5b7f62d8c1a1e9fa524c23f00341ad9aa937040b09dd978dc4a47e29ce23a336"",""source_segment_kind"":""line"",""geometry_policy"":""versioned-source-segment-delivery-path""}]",40.08559136091208,,,
5,CABLE-CAD-4DA15,358c9dc36fd2feac523a793734c4f7a565e67e97684f32d2fcb583b54522ce26,222ab2b9fb1304b9de7299557d69d2b5458a9a488b4f2297da650e8db0c76e94,4DA15,SLING WIRE,0,ace34d4d9192a729f247e73922947484deffced3838417dc1e5b06334faa508d,line,ordered_wcs_vertices,42.73577798302031,2,42.73577798302031,cad2gis.bulge_tessellation.v1,dimension_measured,a73856f1013c2f453bbcfd2ee91f121b6b002a697e478f7c2176ae27bfd518b6,42.73577798302176,1.4495071809506044e-12,42.73577798331633,42.699316216885244,42.73577798302176,measured,42.7358m,dwg_dimension,m,cad2gis.cable_segment.v1,CABLE-CAD-4DA15,,UNAVAILABLE,42.73577798331633,,UNAVAILABLE,SOURCE_ROUTE_SEGMENT,4,,BYLAYER,30,0.0,0.0,0.0,CABLE:SLING WIRE|ROT_QGIS:0.000000000,"[{""operation"":""identity"",""source_entity_key"":""222ab2b9fb1304b9de7299557d69d2b5458a9a488b4f2297da650e8db0c76e94"",""max_displacement_m"":0.0},{""operation"":""segment_occurrence"",""parent_feature_key"":""358c9dc36fd2feac523a793734c4f7a565e67e97684f32d2fcb583b54522ce26"",""segment_index"":0,""source_segment_key"":""ace34d4d9192a729f247e73922947484deffced3838417dc1e5b06334faa508d"",""source_segment_kind"":""line"",""geometry_policy"":""versioned-source-segment-delivery-path""}]",42.73577798302176,,,
6,CABLE-CAD-4DA14,359d088c1ca91e048baf3479963c146b23546e8d4232f43fa1e313459cdd75c8,178a9f03a8940d57872f7066ed1f9184c2ac98d8b53dc3f1d19785b27ed2e96c,4DA14,SLING WIRE,0,d5b89aac8179a4aac7893f5c672da4708a05f4a13a50623c99dfd1acb20a750d,line,ordered_wcs_vertices,44.35796724440891,2,44.35796724440891,cad2gis.bulge_tessellation.v1,dimension_measured,21ee536ca1516497126d0f3239137621b04cb8e9b1983c82f3788b926d9568ba,44.35796724440843,-4.831690603168681e-13,44.35796724451211,44.32003519500895,44.35796724440843,measured,44.358m,dwg_dimension,m,cad2gis.cable_segment.v1,CABLE-CAD-4DA14,,UNAVAILABLE,44.35796724451211,,UNAVAILABLE,SOURCE_ROUTE_SEGMENT,4,,BYLAYER,30,0.0,0.0,0.0,CABLE:SLING WIRE|ROT_QGIS:0.000000000,"[{""operation"":""identity"",""source_entity_key"":""178a9f03a8940d57872f7066ed1f9184c2ac98d8b53dc3f1d19785b27ed2e96c"",""max_displacement_m"":0.0},{""operation"":""segment_occurrence"",""parent_feature_key"":""359d088c1ca91e048baf3479963c146b23546e8d4232f43fa1e313459cdd75c8"",""segment_index"":0,""source_segment_key"":""d5b89aac8179a4aac7893f5c672da4708a05f4a13a50623c99dfd1acb20a750d"",""source_segment_kind"":""line"",""geometry_policy"":""versioned-source-segment-delivery-path""}]",44.35796724440843,,,
7,CABLE-CAD-4D9D0,3fe3525e93f14cddc70c4c5e36aa9738f0bb5ff14be4563c75adf6bcd9211ce1,9cff6c995d9cee0d327c5fdbaea4ebc376f1ef0b45e623a8cea1f1d270745976,4D9D0,SLING WIRE,0,f6b29b59b7d9247da1519f1c56fa2e477f1025d19596cc331b55a4e84b584f77,line,ordered_wcs_vertices,46.30173810952937,2,46.30173810952937,cad2gis.bulge_tessellation.v1,dimension_measured,5517ff80c9e3f1758ce5a153b4133754306dd025d91ee6afbd0bd62d64e5035b,46.30173810952874,-6.252776074688882e-13,46.30173810945083,46.26224360827056,46.30173810952874,measured,46.3017m,dwg_dimension,m,cad2gis.cable_segment.v1,CABLE-CAD-4D9D0,,UNAVAILABLE,46.30173810945083,,UNAVAILABLE,SOURCE_ROUTE_SEGMENT,4,,BYLAYER,30,0.0,0.0,0.0,CABLE:SLING WIRE|ROT_QGIS:0.000000000,"[{""operation"":""identity"",""source_entity_key"":""9cff6c995d9cee0d327c5fdbaea4ebc376f1ef0b45e623a8cea1f1d270745976"",""max_displacement_m"":0.0},{""operation"":""segment_occurrence"",""parent_feature_key"":""3fe3525e93f14cddc70c4c5e36aa9738f0bb5ff14be4563c75adf6bcd9211ce1"",""segment_index"":0,""source_segment_key"":""f6b29b59b7d9247da1519f1c56fa2e477f1025d19596cc331b55a4e84b584f77"",""source_segment_kind"":""line"",""geometry_policy"":""versioned-source-segment-delivery-path""}]",46.30173810952874,,,
8,CABLE-CAD-4D9D0,3fe3525e93f14cddc70c4c5e36aa9738f0bb5ff14be4563c75adf6bcd9211ce1,9cff6c995d9cee0d327c5fdbaea4ebc376f1ef0b45e623a8cea1f1d270745976,4D9D0,SLING WIRE,1,c0a9230465d0287c33218cb014d3dc240ee9a83c5c89aced2047476648db8123,line,ordered_wcs_vertices,41.52124166200775,2,41.52124166200775,cad2gis.bulge_tessellation.v1,dimension_measured,7c4c9647f7a3b0d2af66cf5a6f5e50ebc4f2ff799b331e6b638f0c31cbd6afea,41.52124166200701,-7.460698725481052e-13,41.52124166216642,41.48583854653871,41.52124166200701,measured,41.5212m,dwg_dimension,m,cad2gis.cable_segment.v1,CABLE-CAD-4D9D0,,UNAVAILABLE,41.52124166216642,,UNAVAILABLE,SOURCE_ROUTE_SEGMENT,4,,BYLAYER,30,0.0,0.0,0.0,CABLE:SLING WIRE|ROT_QGIS:0.000000000,"[{""operation"":""identity"",""source_entity_key"":""9cff6c995d9cee0d327c5fdbaea4ebc376f1ef0b45e623a8cea1f1d270745976"",""max_displacement_m"":0.0},{""operation"":""segment_occurrence"",""parent_feature_key"":""3fe3525e93f14cddc70c4c5e36aa9738f0bb5ff14be4563c75adf6bcd9211ce1"",""segment_index"":1,""source_segment_key"":""c0a9230465d0287c33218cb014d3dc240ee9a83c5c89aced2047476648db8123"",""source_segment_kind"":""line"",""geometry_policy"":""versioned-source-segment-delivery-path""}]",41.52124166200701,,,
9,CABLE-CAD-4D17D,4216fb3af330c662c13b64b809afdde447da1be2aecd4a62e838dce358e0cca2,be451527260a715eec619adad88c17cf8777177bb86ab07fe15362b8b4a207b3,4D17D,FO 48 CORE,0,07f1998f89f97c45d76cc96da9a66a1b674c68e88fee884d265c27c6260c5076,line,ordered_wcs_vertices,41.685058352279476,2,41.685058352279476,cad2gis.bulge_tessellation.v1,dimension_measured,97cd1f8ba343eaea91a3c51f7947bc9dc1002de4f9685b66a3249fefe2951ec5,41.68505835227916,-3.197442310920451e-13,41.68505835227949,41.64949409193687,41.68505835227916,measured,41.6851m,dwg_dimension,m,cad2gis.cable_segment.v1,CABLE-CAD-4D17D,,UNAVAILABLE,41.68505835227949,,UNAVAILABLE,SOURCE_ROUTE_SEGMENT,200,,BYLAYER,30,0.0,0.0,0.0,CABLE:48|ROT_QGIS:0.000000000,"[{""operation"":""identity"",""source_entity_key"":""be451527260a715eec619adad88c17cf8777177bb86ab07fe15362b8b4a207b3"",""max_displacement_m"":0.0},{""operation"":""segment_occurrence"",""parent_feature_key"":""4216fb3af330c662c13b64b809afdde447da1be2aecd4a62e838dce358e0cca2"",""segment_index"":0,""source_segment_key"":""07f1998f89f97c45d76cc96da9a66a1b674c68e88fee884d265c27c6260c5076"",""source_segment_kind"":""line"",""geometry_policy"":""versioned-source-segment-delivery-path""}]",41.68505835227916,,,
10,CABLE-CAD-4D17D,4216fb3af330c662c13b64b809afdde447da1be2aecd4a62e838dce358e0cca2,be451527260a715eec619adad88c17cf8777177bb86ab07fe15362b8b4a207b3,4D17D,FO 48 CORE,1,9223c0e373abdcb39b53d14b1601528b0a026bac6b39372ac0bff26f7be1af7f,line,ordered_wcs_vertices,40.97097372362447,2,40.97097372362447,cad2gis.bulge_tessellation.v1,dimension_measured,0d823284e1d23207be46913ed2a4aca2e643d2c8a901f0dd3b81edb7405dae31,40.97097372363351,9.045209026226075e-12,40.970973723157975,40.93601761431341,40.97097372363351,measured,40.971m,dwg_dimension,m,cad2gis.cable_segment.v1,CABLE-CAD-4D17D,,UNAVAILABLE,40.970973723157975,,UNAVAILABLE,SOURCE_ROUTE_SEGMENT,200,,BYLAYER,30,0.0,0.0,0.0,CABLE:48|ROT_QGIS:0.000000000,"[{""operation"":""identity"",""source_entity_key"":""be451527260a715eec619adad88c17cf8777177bb86ab07fe15362b8b4a207b3"",""max_displacement_m"":0.0},{""operation"":""segment_occurrence"",""parent_feature_key"":""4216fb3af330c662c13b64b809afdde447da1be2aecd4a62e838dce358e0cca2"",""segment_index"":1,""source_segment_key"":""9223c0e373abdcb39b53d14b1601528b0a026bac6b39372ac0bff26f7be1af7f"",""source_segment_kind"":""line"",""geometry_policy"":""versioned-source-segment-delivery-path""}]",40.97097372363351,,,
11,CABLE-CAD-4D17D,4216fb3af330c662c13b64b809afdde447da1be2aecd4a62e838dce358e0cca2,be451527260a715eec619adad88c17cf8777177bb86ab07fe15362b8b4a207b3,4D17D,FO 48 CORE,2,c19db3d57a023984389a043c68faa47cb766aa6be3a7aeb6fd2af1a5b693d2fe,line,ordered_wcs_vertices,41.01224453159729,2,41.01224453159729,cad2gis.bulge_tessellation.v1,dimension_measured,13dff0e27bd0bec7033c98496f0ee3577a68f264d57e2bfaefc82d80f8f415fb,41.01224453159375,-3.538502824085299e-12,41.012244532108014,40.97725173082335,41.01224453159375,measured,41.0122m,dwg_dimension,m,cad2gis.cable_segment.v1,CABLE-CAD-4D17D,,UNAVAILABLE,41.012244532108014,,UNAVAILABLE,SOURCE_ROUTE_SEGMENT,200,,BYLAYER,30,0.0,0.0,0.0,CABLE:48|ROT_QGIS:0.000000000,"[{""operation"":""identity"",""source_entity_key"":""be451527260a715eec619adad88c17cf8777177bb86ab07fe15362b8b4a207b3"",""max_displacement_m"":0.0},{""operation"":""segment_occurrence"",""parent_feature_key"":""4216fb3af330c662c13b64b809afdde447da1be2aecd4a62e838dce358e0cca2"",""segment_index"":2,""source_segment_key"":""c19db3d57a023984389a043c68faa47cb766aa6be3a7aeb6fd2af1a5b693d2fe"",""source_segment_kind"":""line"",""geometry_policy"":""versioned-source-segment-delivery-path""}]",41.01224453159375,,,
12,CABLE-CAD-4D17D,4216fb3af330c662c13b64b809afdde447da1be2aecd4a62e838dce358e0cca2,be451527260a715eec619adad88c17cf8777177bb86ab07fe15362b8b4a207b3,4D17D,FO 48 CORE,3,cc3864439a9997ab71b722490c5212964b3fad5c814982bd01f5c97b904204ba,line,ordered_wcs_vertices,54.38686456429266,2,54.38686456429266,cad2gis.bulge_tessellation.v1,dimension_measured,837a9039c84396dfa938021fd01e8d908515d3b27ea80dfdc196890a5844b607,54.38686456430514,1.248423586730496e-11,54.386864564270496,54.34045760785238,54.38686456430514,measured,54.3869m,dwg_dimension,m,cad2gis.cable_segment.v1,CABLE-CAD-4D17D,,UNAVAILABLE,54.386864564270496,,UNAVAILABLE,SOURCE_ROUTE_SEGMENT,200,,BYLAYER,30,0.0,0.0,0.0,CABLE:48|ROT_QGIS:0.000000000,"[{""operation"":""identity"",""source_entity_key"":""be451527260a715eec619adad88c17cf8777177bb86ab07fe15362b8b4a207b3"",""max_displacement_m"":0.0},{""operation"":""segment_occurrence"",""parent_feature_key"":""4216fb3af330c662c13b64b809afdde447da1be2aecd4a62e838dce358e0cca2"",""segment_index"":3,""source_segment_key"":""cc3864439a9997ab71b722490c5212964b3fad5c814982bd01f5c97b904204ba"",""source_segment_kind"":""line"",""geometry_policy"":""versioned-source-segment-delivery-path""}]",54.38686456430514,,,
13,CABLE-CAD-4D17D,4216fb3af330c662c13b64b809afdde447da1be2aecd4a62e838dce358e0cca2,be451527260a715eec619adad88c17cf8777177bb86ab07fe15362b8b4a207b3,4D17D,FO 48 CORE,4,6f310148536c263b34f6fb63b9699a58e26615d6d976732228b8532033f77589,line,ordered_wcs_vertices,44.02857727109766,2,44.02857727109766,cad2gis.bulge_tessellation.v1,dimension_measured,384c6093da3eef9ef0dd3ae3fa4ea2fd79cf2d95be3c3fa6ada80a8d26a5d0df,44.02857727110313,5.4711790653527714e-12,44.028577271112745,43.991006623291874,44.02857727110313,measured,44.0286m,dwg_dimension,m,cad2gis.cable_segment.v1,CABLE-CAD-4D17D,,UNAVAILABLE,44.028577271112745,,UNAVAILABLE,SOURCE_ROUTE_SEGMENT,200,,BYLAYER,30,0.0,0.0,0.0,CABLE:48|ROT_QGIS:0.000000000,"[{""operation"":""identity"",""source_entity_key"":""be451527260a715eec619adad88c17cf8777177bb86ab07fe15362b8b4a207b3"",""max_displacement_m"":0.0},{""operation"":""segment_occurrence"",""parent_feature_key"":""4216fb3af330c662c13b64b809afdde447da1be2aecd4a62e838dce358e0cca2"",""segment_index"":4,""source_segment_key"":""6f310148536c263b34f6fb63b9699a58e26615d6d976732228b8532033f77589"",""source_segment_kind"":""line"",""geometry_policy"":""versioned-source-segment-delivery-path""}]",44.02857727110313,,,
14,CABLE-CAD-4D17D,4216fb3af330c662c13b64b809afdde447da1be2aecd4a62e838dce358e0cca2,be451527260a715eec619adad88c17cf8777177bb86ab07fe15362b8b4a207b3,4D17D,FO 48 CORE,5,21958d658e46c7515ef81ca4efd5109932a259e4c01adde7f386dcb7dd091e2d,line,ordered_wcs_vertices,9.289360596418977,2,9.289360596418977,cad2gis.bulge_tessellation.v1,dimension_measured,f6b5cc775e7b88242d54832f0b13d3ffdfc83ec9beaa3f98142d66413d169800,9.28936059642001,1.0338396805309458e-12,9.289360595475157,9.281433505267415,9.28936059642001,measured,9.28936m,dwg_dimension,m,cad2gis.cable_segment.v1,CABLE-CAD-4D17D,,UNAVAILABLE,9.289360595475157,,UNAVAILABLE,SOURCE_ROUTE_SEGMENT,200,,BYLAYER,30,0.0,0.0,0.0,CABLE:48|ROT_QGIS:0.000000000,"[{""operation"":""identity"",""source_entity_key"":""be451527260a715eec619adad88c17cf8777177bb86ab07fe15362b8b4a207b3"",""max_displacement_m"":0.0},{""operation"":""segment_occurrence"",""parent_feature_key"":""4216fb3af330c662c13b64b809afdde447da1be2aecd4a62e838dce358e0cca2"",""segment_index"":5,""source_segment_key"":""21958d658e46c7515ef81ca4efd5109932a259e4c01adde7f386dcb7dd091e2d"",""source_segment_kind"":""line"",""geometry_policy"":""versioned-source-segment-delivery-path""}]",9.28936059642001,,,
15,CABLE-CAD-4D17D,4216fb3af330c662c13b64b809afdde447da1be2aecd4a62e838dce358e0cca2,be451527260a715eec619adad88c17cf8777177bb86ab07fe15362b8b4a207b3,4D17D,FO 48 CORE,6,581edf0fc4a7b23f5048803d8b12188494f335843bfc7a12653317fa0f93ebb9,line,ordered_wcs_vertices,57.689452937344534,2,57.689452937344534,cad2gis.bulge_tessellation.v1,dimension_measured,dae034202cedebf71bf1672fa2cb6d2d0633ed2c55a65115336b150e2c50178e,57.68945293733486,-9.670486633694964e-12,57.68945293831851,57.640220964196864,57.68945293733486,measured,57.6895m,dwg_dimension,m,cad2gis.cable_segment.v1,CABLE-CAD-4D17D,,UNAVAILABLE,57.68945293831851,,UNAVAILABLE,SOURCE_ROUTE_SEGMENT,200,,BYLAYER,30,0.0,0.0,0.0,CABLE:48|ROT_QGIS:0.000000000,"[{""operation"":""identity"",""source_entity_key"":""be451527260a715eec619adad88c17cf8777177bb86ab07fe15362b8b4a207b3"",""max_displacement_m"":0.0},{""operation"":""segment_occurrence"",""parent_feature_key"":""4216fb3af330c662c13b64b809afdde447da1be2aecd4a62e838dce358e0cca2"",""segment_index"":6,""source_segment_key"":""581edf0fc4a7b23f5048803d8b12188494f335843bfc7a12653317fa0f93ebb9"",""source_segment_kind"":""line"",""geometry_policy"":""versioned-source-segment-delivery-path""}]",57.68945293733486,,,
16,CABLE-CAD-4D17D,4216fb3af330c662c13b64b809afdde447da1be2aecd4a62e838dce358e0cca2,be451527260a715eec619adad88c17cf8777177bb86ab07fe15362b8b4a207b3,4D17D,FO 48 CORE,7,64b71f6de74f272c06e3fd3f155918357878b3dba23295f303303a7b20c42cf5,line,ordered_wcs_vertices,51.40622872219351,2,51.40622872219351,cad2gis.bulge_tessellation.v1,dimension_measured,22d066313f7dc89580805d8b5e1fe454c67071bce42a12019a3a733b62f7584c,51.40622872219319,-3.197442310920451e-13,51.40622872087814,51.36235477694272,51.40622872219319,measured,51.4062m,dwg_dimension,m,cad2gis.cable_segment.v1,CABLE-CAD-4D17D,,UNAVAILABLE,51.40622872087814,,UNAVAILABLE,SOURCE_ROUTE_SEGMENT,200,,BYLAYER,30,0.0,0.0,0.0,CABLE:48|ROT_QGIS:0.000000000,"[{""operation"":""identity"",""source_entity_key"":""be451527260a715eec619adad88c17cf8777177bb86ab07fe15362b8b4a207b3"",""max_displacement_m"":0.0},{""operation"":""segment_occurrence"",""parent_feature_key"":""4216fb3af330c662c13b64b809afdde447da1be2aecd4a62e838dce358e0cca2"",""segment_index"":7,""source_segment_key"":""64b71f6de74f272c06e3fd3f155918357878b3dba23295f303303a7b20c42cf5"",""source_segment_kind"":""line"",""geometry_policy"":""versioned-source-segment-delivery-path""}]",51.40622872219319,,,
17,CABLE-CAD-4D17D,4216fb3af330c662c13b64b809afdde447da1be2aecd4a62e838dce358e0cca2,be451527260a715eec619adad88c17cf8777177bb86ab07fe15362b8b4a207b3,4D17D,FO 48 CORE,8,2035b31d579bcb9a326aaccf367188ce581645d302c6c887a8260e3cbac3a41e,line,ordered_wcs_vertices,47.06261859542413,2,47.06261859542413,cad2gis.bulge_tessellation.v1,dimension_measured,5650637a57021ad5ecfbd5f193ca30571a3779d9f19d5f3aa0c883fbeb48d5c0,47.06261859542064,-3.488764832582092e-12,47.062618595684974,47.02244829754637,47.06261859542064,measured,47.0626m,dwg_dimension,m,cad2gis.cable_segment.v1,CABLE-CAD-4D17D,,UNAVAILABLE,47.062618595684974,,UNAVAILABLE,SOURCE_ROUTE_SEGMENT,200,,BYLAYER,30,0.0,0.0,0.0,CABLE:48|ROT_QGIS:0.000000000,"[{""operation"":""identity"",""source_entity_key"":""be451527260a715eec619adad88c17cf8777177bb86ab07fe15362b8b4a207b3"",""max_displacement_m"":0.0},{""operation"":""segment_occurrence"",""parent_feature_key"":""4216fb3af330c662c13b64b809afdde447da1be2aecd4a62e838dce358e0cca2"",""segment_index"":8,""source_segment_key"":""2035b31d579bcb9a326aaccf367188ce581645d302c6c887a8260e3cbac3a41e"",""source_segment_kind"":""line"",""geometry_policy"":""versioned-source-segment-delivery-path""}]",47.06261859542064,,,
18,CABLE-CAD-4D17D,4216fb3af330c662c13b64b809afdde447da1be2aecd4a62e838dce358e0cca2,be451527260a715eec619adad88c17cf8777177bb86ab07fe15362b8b4a207b3,4D17D,FO 48 CORE,9,20d0b7098f4fa8ff5c39af80f9e2cbdfcd168f62b402aa40b2fe24ffcec4d1a2,line,ordered_wcs_vertices,53.44722062642744,2,53.44722062642744,cad2gis.bulge_tessellation.v1,dimension_measured,09900c203dfa193bca05da7ca51a6fd46215b869487ccce68d5c2bd005908efb,53.44722062642541,-2.0250467969162855e-12,53.44722062762137,53.40159674822776,53.44722062642541,measured,53.4472m,dwg_dimension,m,cad2gis.cable_segment.v1,CABLE-CAD-4D17D,,UNAVAILABLE,53.44722062762137,,UNAVAILABLE,SOURCE_ROUTE_SEGMENT,200,,BYLAYER,30,0.0,0.0,0.0,CABLE:48|ROT_QGIS:0.000000000,"[{""operation"":""identity"",""source_entity_key"":""be451527260a715eec619adad88c17cf8777177bb86ab07fe15362b8b4a207b3"",""max_displacement_m"":0.0},{""operation"":""segment_occurrence"",""parent_feature_key"":""4216fb3af330c662c13b64b809afdde447da1be2aecd4a62e838dce358e0cca2"",""segment_index"":9,""source_segment_key"":""20d0b7098f4fa8ff5c39af80f9e2cbdfcd168f62b402aa40b2fe24ffcec4d1a2"",""source_segment_kind"":""line"",""geometry_policy"":""versioned-source-segment-delivery-path""}]",53.44722062642541,,,
19,CABLE-CAD-4D17D,4216fb3af330c662c13b64b809afdde447da1be2aecd4a62e838dce358e0cca2,be451527260a715eec619adad88c17cf8777177bb86ab07fe15362b8b4a207b3,4D17D,FO 48 CORE,10,449e0fbc709a7f59d591f4614b3bf9b873af033360d031302497d966820feea2,line,ordered_wcs_vertices,36.97848219446435,2,36.97848219446435,cad2gis.bulge_tessellation.v1,dimension_measured,7beed1a0155f2788b5ad1714da6e983f2b700568da3109f77c4c648775b816c2,36.97848219446314,-1.2079226507921703e-12,36.97848219421632,36.946913910797,36.97848219446314,measured,36.9785m,dwg_dimension,m,cad2gis.cable_segment.v1,CABLE-CAD-4D17D,,UNAVAILABLE,36.97848219421632,,UNAVAILABLE,SOURCE_ROUTE_SEGMENT,200,,BYLAYER,30,0.0,0.0,0.0,CABLE:48|ROT_QGIS:0.000000000,"[{""operation"":""identity"",""source_entity_key"":""be451527260a715eec619adad88c17cf8777177bb86ab07fe15362b8b4a207b3"",""max_displacement_m"":0.0},{""operation"":""segment_occurrence"",""parent_feature_key"":""4216fb3af330c662c13b64b809afdde447da1be2aecd4a62e838dce358e0cca2"",""segment_index"":10,""source_segment_key"":""449e0fbc709a7f59d591f4614b3bf9b873af033360d031302497d966820feea2"",""source_segment_kind"":""line"",""geometry_policy"":""versioned-source-segment-delivery-path""}]",36.97848219446314,,,
20,CABLE-CAD-4D17D,4216fb3af330c662c13b64b809afdde447da1be2aecd4a62e838dce358e0cca2,be451527260a715eec619adad88c17cf8777177bb86ab07fe15362b8b4a207b3,4D17D,FO 48 CORE,11,8e72c9810a2fb702e44895d06d975bdde3927baf581b7622066f99d8e62e3386,line,ordered_wcs_vertices,42.117822923318606,2,42.117822923318606,cad2gis.bulge_tessellation.v1,dimension_measured,35ae236fdd55705560dcb7c8af6f9176efa23604e99b51d1134aee1954543f90,42.11782292332282,4.213518423057394e-12,42.11782292323672,42.081864637990215,42.11782292332282,measured,42.1178m,dwg_dimension,m,cad2gis.cable_segment.v1,CABLE-CAD-4D17D,,UNAVAILABLE,42.11782292323672,,UNAVAILABLE,SOURCE_ROUTE_SEGMENT,200,,BYLAYER,30,0.0,0.0,0.0,CABLE:48|ROT_QGIS:0.000000000,"[{""operation"":""identity"",""source_entity_key"":""be451527260a715eec619adad88c17cf8777177bb86ab07fe15362b8b4a207b3"",""max_displacement_m"":0.0},{""operation"":""segment_occurrence"",""parent_feature_key"":""4216fb3af330c662c13b64b809afdde447da1be2aecd4a62e838dce358e0cca2"",""segment_index"":11,""source_segment_key"":""8e72c9810a2fb702e44895d06d975bdde3927baf581b7622066f99d8e62e3386"",""source_segment_kind"":""line"",""geometry_policy"":""versioned-source-segment-delivery-path""}]",42.11782292332282,,,
21,CABLE-CAD-4D17D,4216fb3af330c662c13b64b809afdde447da1be2aecd4a62e838dce358e0cca2,be451527260a715eec619adad88c17cf8777177bb86ab07fe15362b8b4a207b3,4D17D,FO 48 CORE,12,ee9a8c74a2c819d3329f3c04e76d20b24d2c08a2c240df215992578e78f8a1e1,line,ordered_wcs_vertices,44.66711058242937,2,44.66711058242937,cad2gis.bulge_tessellation.v1,dimension_measured,ea4a17d4a71be7b0ca69e5aa2b5ec5925592129d5182369906c20283e3b0e1d4,44.66711058242799,-1.3855583347321954e-12,44.66711058112495,44.628972921081676,44.66711058242799,measured,44.6671m,dwg_dimension,m,cad2gis.cable_segment.v1,CABLE-CAD-4D17D,,UNAVAILABLE,44.66711058112495,,UNAVAILABLE,SOURCE_ROUTE_SEGMENT,200,,BYLAYER,30,0.0,0.0,0.0,CABLE:48|ROT_QGIS:0.000000000,"[{""operation"":""identity"",""source_entity_key"":""be451527260a715eec619adad88c17cf8777177bb86ab07fe15362b8b4a207b3"",""max_displacement_m"":0.0},{""operation"":""segment_occurrence"",""parent_feature_key"":""4216fb3af330c662c13b64b809afdde447da1be2aecd4a62e838dce358e0cca2"",""segment_index"":12,""source_segment_key"":""ee9a8c74a2c819d3329f3c04e76d20b24d2c08a2c240df215992578e78f8a1e1"",""source_segment_kind"":""line"",""geometry_policy"":""versioned-source-segment-delivery-path""}]",44.66711058242799,,,
22,CABLE-CAD-4D17D,4216fb3af330c662c13b64b809afdde447da1be2aecd4a62e838dce358e0cca2,be451527260a715eec619adad88c17cf8777177bb86ab07fe15362b8b4a207b3,4D17D,FO 48 CORE,13,c3a26f98266bbe53a3ee47527112d48cd29df31ef8e2e3bb28c117bc702b7165,line,ordered_wcs_vertices,42.221195883197055,2,42.221195883197055,cad2gis.bulge_tessellation.v1,dimension_measured,b6fd5c349be2ea21181301aa191c6e41bd337f05a83ba7d58e5040dac208770c,42.22119588319765,5.968558980384842e-13,42.22119588434033,42.18514265960656,42.22119588319765,measured,42.2212m,dwg_dimension,m,cad2gis.cable_segment.v1,CABLE-CAD-4D17D,,UNAVAILABLE,42.22119588434033,,UNAVAILABLE,SOURCE_ROUTE_SEGMENT,200,,BYLAYER,30,0.0,0.0,0.0,CABLE:48|ROT_QGIS:0.000000000,"[{""operation"":""identity"",""source_entity_key"":""be451527260a715eec619adad88c17cf8777177bb86ab07fe15362b8b4a207b3"",""max_displacement_m"":0.0},{""operation"":""segment_occurrence"",""parent_feature_key"":""4216fb3af330c662c13b64b809afdde447da1be2aecd4a62e838dce358e0cca2"",""segment_index"":13,""source_segment_key"":""c3a26f98266bbe53a3ee47527112d48cd29df31ef8e2e3bb28c117bc702b7165"",""source_segment_kind"":""line"",""geometry_policy"":""versioned-source-segment-delivery-path""}]",42.22119588319765,,,
23,CABLE-CAD-4D17D,4216fb3af330c662c13b64b809afdde447da1be2aecd4a62e838dce358e0cca2,be451527260a715eec619adad88c17cf8777177bb86ab07fe15362b8b4a207b3,4D17D,FO 48 CORE,14,67d009ad99843aaa8ed737d20f2b7eef7a3831c4724189f8c6bf7fbdb0bf2c4c,line,ordered_wcs_vertices,25.672875709963197,2,25.672875709963197,cad2gis.bulge_tessellation.v1,dimension_measured,0f67dbec4332e3a9d1495813d3b81d55687f3c2f78be820cd38eff0495ee3044,25.67287570996996,6.764366844436154e-12,25.67287570911522,25.650951169763076,25.67287570996996,measured,25.6729m,dwg_dimension,m,cad2gis.cable_segment.v1,CABLE-CAD-4D17D,,UNAVAILABLE,25.67287570911522,,UNAVAILABLE,SOURCE_ROUTE_SEGMENT,200,,BYLAYER,30,0.0,0.0,0.0,CABLE:48|ROT_QGIS:0.000000000,"[{""operation"":""identity"",""source_entity_key"":""be451527260a715eec619adad88c17cf8777177bb86ab07fe15362b8b4a207b3"",""max_displacement_m"":0.0},{""operation"":""segment_occurrence"",""parent_feature_key"":""4216fb3af330c662c13b64b809afdde447da1be2aecd4a62e838dce358e0cca2"",""segment_index"":14,""source_segment_key"":""67d009ad99843aaa8ed737d20f2b7eef7a3831c4724189f8c6bf7fbdb0bf2c4c"",""source_segment_kind"":""line"",""geometry_policy"":""versioned-source-segment-delivery-path""}]",25.67287570996996,,,
24,CABLE-CAD-4D17D,4216fb3af330c662c13b64b809afdde447da1be2aecd4a62e838dce358e0cca2,be451527260a715eec619adad88c17cf8777177bb86ab07fe15362b8b4a207b3,4D17D,FO 48 CORE,15,61de19af95ad58e621332a23b9c880b87a31f507018e576233c3e151ec319469,line,ordered_wcs_vertices,37.88952464980812,2,37.88952464980812,cad2gis.bulge_tessellation.v1,dimension_measured,669564909a9b6e510f0af84258bd87c72805efc28e6aed8eff85f8003ccdd6c0,37.88952464980684,-1.2860823517257813e-12,37.889524650838474,37.85716450975424,37.88952464980684,measured,37.8895m,dwg_dimension,m,cad2gis.cable_segment.v1,CABLE-CAD-4D17D,,UNAVAILABLE,37.889524650838474,,UNAVAILABLE,SOURCE_ROUTE_SEGMENT,200,,BYLAYER,30,0.0,0.0,0.0,CABLE:48|ROT_QGIS:0.000000000,"[{""operation"":""identity"",""source_entity_key"":""be451527260a715eec619adad88c17cf8777177bb86ab07fe15362b8b4a207b3"",""max_displacement_m"":0.0},{""operation"":""segment_occurrence"",""parent_feature_key"":""4216fb3af330c662c13b64b809afdde447da1be2aecd4a62e838dce358e0cca2"",""segment_index"":15,""source_segment_key"":""61de19af95ad58e621332a23b9c880b87a31f507018e576233c3e151ec319469"",""source_segment_kind"":""line"",""geometry_policy"":""versioned-source-segment-delivery-path""}]",37.88952464980684,,,
25,CABLE-CAD-4D17D,4216fb3af330c662c13b64b809afdde447da1be2aecd4a62e838dce358e0cca2,be451527260a715eec619adad88c17cf8777177bb86ab07fe15362b8b4a207b3,4D17D,FO 48 CORE,16,58a3634cfe53c49a379828ef59d869ebdaac475243c71b25ce7cd6c7ef2392be,line,ordered_wcs_vertices,31.201849782897483,2,31.201849782897483,cad2gis.bulge_tessellation.v1,dimension_measured,93bdf7e10990f9e500652dd8c32349026bbb14ad2c16284866473b679a7a8481,31.20184978289763,1.4566126083082054e-13,31.201849782992046,31.175196109333623,31.20184978289763,measured,31.2018m,dwg_dimension,m,cad2gis.cable_segment.v1,CABLE-CAD-4D17D,,UNAVAILABLE,31.201849782992046,,UNAVAILABLE,SOURCE_ROUTE_SEGMENT,200,,BYLAYER,30,0.0,0.0,0.0,CABLE:48|ROT_QGIS:0.000000000,"[{""operation"":""identity"",""source_entity_key"":""be451527260a715eec619adad88c17cf8777177bb86ab07fe15362b8b4a207b3"",""max_displacement_m"":0.0},{""operation"":""segment_occurrence"",""parent_feature_key"":""4216fb3af330c662c13b64b809afdde447da1be2aecd4a62e838dce358e0cca2"",""segment_index"":16,""source_segment_key"":""58a3634cfe53c49a379828ef59d869ebdaac475243c71b25ce7cd6c7ef2392be"",""source_segment_kind"":""line"",""geometry_policy"":""versioned-source-segment-delivery-path""}]",31.20184978289763,,,
26,CABLE-CAD-4D17D,4216fb3af330c662c13b64b809afdde447da1be2aecd4a62e838dce358e0cca2,be451527260a715eec619adad88c17cf8777177bb86ab07fe15362b8b4a207b3,4D17D,FO 48 CORE,17,138aa22cab6688401c6f07b544e4b70cc4d32c666302fcc12f17c372e6a47059,line,ordered_wcs_vertices,45.49644243874386,2,45.49644243874386,cad2gis.bulge_tessellation.v1,dimension_measured,bf5768595e856beb3514a2fdf5ba38a28caa2cd9657690774062a0eed074a91b,45.49644243874536,1.4992451724538114e-12,45.4964424386794,45.457564150400444,45.49644243874536,measured,45.4964m,dwg_dimension,m,cad2gis.cable_segment.v1,CABLE-CAD-4D17D,,UNAVAILABLE,45.4964424386794,,UNAVAILABLE,SOURCE_ROUTE_SEGMENT,200,,BYLAYER,30,0.0,0.0,0.0,CABLE:48|ROT_QGIS:0.000000000,"[{""operation"":""identity"",""source_entity_key"":""be451527260a715eec619adad88c17cf8777177bb86ab07fe15362b8b4a207b3"",""max_displacement_m"":0.0},{""operation"":""segment_occurrence"",""parent_feature_key"":""4216fb3af330c662c13b64b809afdde447da1be2aecd4a62e838dce358e0cca2"",""segment_index"":17,""source_segment_key"":""138aa22cab6688401c6f07b544e4b70cc4d32c666302fcc12f17c372e6a47059"",""source_segment_kind"":""line"",""geometry_policy"":""versioned-source-segment-delivery-path""}]",45.49644243874536,,,
27,CABLE-CAD-4D17D,4216fb3af330c662c13b64b809afdde447da1be2aecd4a62e838dce358e0cca2,be451527260a715eec619adad88c17cf8777177bb86ab07fe15362b8b4a207b3,4D17D,FO 48 CORE,18,54456d54425522e74b44f44687a730b6ebdf69461b2190133cb7075e3334cda5,line,ordered_wcs_vertices,42.035617563435444,2,42.035617563435444,cad2gis.bulge_tessellation.v1,dimension_measured,7d21c91fdb8d0e30b866f53bc0dc78582b8ddf75c05cff1faa21e059ad731c35,42.0356175634347,-7.460698725481052e-13,42.035617563466026,41.99968221054766,42.0356175634347,measured,42.0356m,dwg_dimension,m,cad2gis.cable_segment.v1,CABLE-CAD-4D17D,,UNAVAILABLE,42.035617563466026,,UNAVAILABLE,SOURCE_ROUTE_SEGMENT,200,,BYLAYER,30,0.0,0.0,0.0,CABLE:48|ROT_QGIS:0.000000000,"[{""operation"":""identity"",""source_entity_key"":""be451527260a715eec619adad88c17cf8777177bb86ab07fe15362b8b4a207b3"",""max_displacement_m"":0.0},{""operation"":""segment_occurrence"",""parent_feature_key"":""4216fb3af330c662c13b64b809afdde447da1be2aecd4a62e838dce358e0cca2"",""segment_index"":18,""source_segment_key"":""54456d54425522e74b44f44687a730b6ebdf69461b2190133cb7075e3334cda5"",""source_segment_kind"":""line"",""geometry_policy"":""versioned-source-segment-delivery-path""}]",42.0356175634347,,,
28,CABLE-CAD-4D17D,4216fb3af330c662c13b64b809afdde447da1be2aecd4a62e838dce358e0cca2,be451527260a715eec619adad88c17cf8777177bb86ab07fe15362b8b4a207b3,4D17D,FO 48 CORE,19,8ea4222e936b605ed5bc0086863a60aa6a6683ae92fb3984665bd324d5548325,line,ordered_wcs_vertices,13.393976038486821,2,13.393976038486821,cad2gis.bulge_tessellation.v1,dimension_measured,c058ec9f89f64846d7c9be367fafd3cbe32cc1553e0f07695bddb8a3e7acee32,13.39397603849284,6.0182969718880486e-12,13.393976038573264,13.382523209736497,13.39397603849284,measured,13.394m,dwg_dimension,m,cad2gis.cable_segment.v1,CABLE-CAD-4D17D,,UNAVAILABLE,13.393976038573264,,UNAVAILABLE,SOURCE_ROUTE_SEGMENT,200,,BYLAYER,30,0.0,0.0,0.0,CABLE:48|ROT_QGIS:0.000000000,"[{""operation"":""identity"",""source_entity_key"":""be451527260a715eec619adad88c17cf8777177bb86ab07fe15362b8b4a207b3"",""max_displacement_m"":0.0},{""operation"":""segment_occurrence"",""parent_feature_key"":""4216fb3af330c662c13b64b809afdde447da1be2aecd4a62e838dce358e0cca2"",""segment_index"":19,""source_segment_key"":""8ea4222e936b605ed5bc0086863a60aa6a6683ae92fb3984665bd324d5548325"",""source_segment_kind"":""line"",""geometry_policy"":""versioned-source-segment-delivery-path""}]",13.39397603849284,,,
29,CABLE-CAD-4D17D,4216fb3af330c662c13b64b809afdde447da1be2aecd4a62e838dce358e0cca2,be451527260a715eec619adad88c17cf8777177bb86ab07fe15362b8b4a207b3,4D17D,FO 48 CORE,20,d1ce30fafa182d6c6fbba8230a98374f4b4a44226185a9972e5cb220b8314be5,line,ordered_wcs_vertices,27.825242838890965,2,27.825242838890965,cad2gis.bulge_tessellation.v1,dimension_measured,b934d878fd8e205021a977b4e6e39fddc81123438950aa4ffc16032ab224f705,27.82524283888051,-1.0455636356709874e-11,27.825242837487064,27.801449739915164,27.82524283888051,measured,27.8252m,dwg_dimension,m,cad2gis.cable_segment.v1,CABLE-CAD-4D17D,,UNAVAILABLE,27.825242837487064,,UNAVAILABLE,SOURCE_ROUTE_SEGMENT,200,,BYLAYER,30,0.0,0.0,0.0,CABLE:48|ROT_QGIS:0.000000000,"[{""operation"":""identity"",""source_entity_key"":""be451527260a715eec619adad88c17cf8777177bb86ab07fe15362b8b4a207b3"",""max_displacement_m"":0.0},{""operation"":""segment_occurrence"",""parent_feature_key"":""4216fb3af330c662c13b64b809afdde447da1be2aecd4a62e838dce358e0cca2"",""segment_index"":20,""source_segment_key"":""d1ce30fafa182d6c6fbba8230a98374f4b4a44226185a9972e5cb220b8314be5"",""source_segment_kind"":""line"",""geometry_policy"":""versioned-source-segment-delivery-path""}]",27.82524283888051,,,
30,CABLE-CAD-4D17D,4216fb3af330c662c13b64b809afdde447da1be2aecd4a62e838dce358e0cca2,be451527260a715eec619adad88c17cf8777177bb86ab07fe15362b8b4a207b3,4D17D,FO 48 CORE,21,0b9f099aef15e04c6a6272f30a12f37aaf23f18dba8eb4d09928f0122e37856f,line,ordered_wcs_vertices,38.14122561190374,2,38.14122561190374,cad2gis.bulge_tessellation.v1,dimension_measured,f96cc2b573ca7aea53d3e8a3e023fa1b0efc846d7be238218062ede0944575a6,38.14122561191107,7.325695605686633e-12,38.14122561186006,38.10861253352722,38.14122561191107,measured,38.1412m,dwg_dimension,m,cad2gis.cable_segment.v1,CABLE-CAD-4D17D,,UNAVAILABLE,38.14122561186006,,UNAVAILABLE,SOURCE_ROUTE_SEGMENT,200,,BYLAYER,30,0.0,0.0,0.0,CABLE:48|ROT_QGIS:0.000000000,"[{""operation"":""identity"",""source_entity_key"":""be451527260a715eec619adad88c17cf8777177bb86ab07fe15362b8b4a207b3"",""max_displacement_m"":0.0},{""operation"":""segment_occurrence"",""parent_feature_key"":""4216fb3af330c662c13b64b809afdde447da1be2aecd4a62e838dce358e0cca2"",""segment_index"":21,""source_segment_key"":""0b9f099aef15e04c6a6272f30a12f37aaf23f18dba8eb4d09928f0122e37856f"",""source_segment_kind"":""line"",""geometry_policy"":""versioned-source-segment-delivery-path""}]",38.14122561191107,,,
31,CABLE-CAD-4D17D,4216fb3af330c662c13b64b809afdde447da1be2aecd4a62e838dce358e0cca2,be451527260a715eec619adad88c17cf8777177bb86ab07fe15362b8b4a207b3,4D17D,FO 48 CORE,22,70a6b69481518120fe33f9a94d87c2087723292f61aa956fe4297d8a40064948,line,ordered_wcs_vertices,45.09692863255893,2,45.09692863255893,cad2gis.bulge_tessellation.v1,dimension_measured,b9a3e4c183a5d15d5e58d0c5ae1326a751718e11b7ce8fb5f309adafd2d5ab2a,45.09692863255259,-6.338041202980094e-12,45.09692863248282,45.05836991908961,45.09692863255259,measured,45.0969m,dwg_dimension,m,cad2gis.cable_segment.v1,CABLE-CAD-4D17D,,UNAVAILABLE,45.09692863248282,,UNAVAILABLE,SOURCE_ROUTE_SEGMENT,200,,BYLAYER,30,0.0,0.0,0.0,CABLE:48|ROT_QGIS:0.000000000,"[{""operation"":""identity"",""source_entity_key"":""be451527260a715eec619adad88c17cf8777177bb86ab07fe15362b8b4a207b3"",""max_displacement_m"":0.0},{""operation"":""segment_occurrence"",""parent_feature_key"":""4216fb3af330c662c13b64b809afdde447da1be2aecd4a62e838dce358e0cca2"",""segment_index"":22,""source_segment_key"":""70a6b69481518120fe33f9a94d87c2087723292f61aa956fe4297d8a40064948"",""source_segment_kind"":""line"",""geometry_policy"":""versioned-source-segment-delivery-path""}]",45.09692863255259,,,
32,CABLE-CAD-4D17D,4216fb3af330c662c13b64b809afdde447da1be2aecd4a62e838dce358e0cca2,be451527260a715eec619adad88c17cf8777177bb86ab07fe15362b8b4a207b3,4D17D,FO 48 CORE,23,03bb102add793c38ab009c05dc7f72b5cd8bc9513b19c609092f6c41c823571b,line,ordered_wcs_vertices,38.34975642373931,2,38.34975642373931,cad2gis.bulge_tessellation.v1,dimension_measured,a4ad31da90911149ddb0e29800b3be5915d5147960c201baef1da9a818be00c2,38.34975642374775,8.44124770082999e-12,38.349756423788975,38.31696816932167,38.34975642374775,measured,38.3498m,dwg_dimension,m,cad2gis.cable_segment.v1,CABLE-CAD-4D17D,,UNAVAILABLE,38.349756423788975,,UNAVAILABLE,SOURCE_ROUTE_SEGMENT,200,,BYLAYER,30,0.0,0.0,0.0,CABLE:48|ROT_QGIS:0.000000000,"[{""operation"":""identity"",""source_entity_key"":""be451527260a715eec619adad88c17cf8777177bb86ab07fe15362b8b4a207b3"",""max_displacement_m"":0.0},{""operation"":""segment_occurrence"",""parent_feature_key"":""4216fb3af330c662c13b64b809afdde447da1be2aecd4a62e838dce358e0cca2"",""segment_index"":23,""source_segment_key"":""03bb102add793c38ab009c05dc7f72b5cd8bc9513b19c609092f6c41c823571b"",""source_segment_kind"":""line"",""geometry_policy"":""versioned-source-segment-delivery-path""}]",38.34975642374775,,,
33,CABLE-CAD-4D17D,4216fb3af330c662c13b64b809afdde447da1be2aecd4a62e838dce358e0cca2,be451527260a715eec619adad88c17cf8777177bb86ab07fe15362b8b4a207b3,4D17D,FO 48 CORE,24,1bf608e8a1f28e69c2f102855cc968291d7d9f3fc4c6b54ce5f5f2048a08d9ab,line,ordered_wcs_vertices,37.21845135729762,2,37.21845135729762,cad2gis.bulge_tessellation.v1,dimension_measured,7f993dd53d22b1a5a4fe202840f5ae3c10bf678001e46094cec8a882518156ff,37.21845135730837,1.0750511592050316e-11,37.218451357593594,37.186631326259636,37.21845135730837,measured,37.2185m,dwg_dimension,m,cad2gis.cable_segment.v1,CABLE-CAD-4D17D,,UNAVAILABLE,37.218451357593594,,UNAVAILABLE,SOURCE_ROUTE_SEGMENT,200,,BYLAYER,30,0.0,0.0,0.0,CABLE:48|ROT_QGIS:0.000000000,"[{""operation"":""identity"",""source_entity_key"":""be451527260a715eec619adad88c17cf8777177bb86ab07fe15362b8b4a207b3"",""max_displacement_m"":0.0},{""operation"":""segment_occurrence"",""parent_feature_key"":""4216fb3af330c662c13b64b809afdde447da1be2aecd4a62e838dce358e0cca2"",""segment_index"":24,""source_segment_key"":""1bf608e8a1f28e69c2f102855cc968291d7d9f3fc4c6b54ce5f5f2048a08d9ab"",""source_segment_kind"":""line"",""geometry_policy"":""versioned-source-segment-delivery-path""}]",37.21845135730837,,,
34,CABLE-CAD-4D17D,4216fb3af330c662c13b64b809afdde447da1be2aecd4a62e838dce358e0cca2,be451527260a715eec619adad88c17cf8777177bb86ab07fe15362b8b4a207b3,4D17D,FO 48 CORE,25,cabc2298f7cc57e0267206c1f2c0614ac50771a39ae86555437af05235006411,line,ordered_wcs_vertices,41.22625871583781,2,41.22625871583781,cad2gis.bulge_tessellation.v1,dimension_measured,d7a573b88605e5c5fb15aaba2ee4ac79ec682d1a1d0e04b9a19675738bba66c4,41.22625871583296,-4.845901457883883e-12,41.22625871581098,41.19101364886744,41.22625871583296,measured,41.2263m,dwg_dimension,m,cad2gis.cable_segment.v1,CABLE-CAD-4D17D,,UNAVAILABLE,41.22625871581098,,UNAVAILABLE,SOURCE_ROUTE_SEGMENT,200,,BYLAYER,30,0.0,0.0,0.0,CABLE:48|ROT_QGIS:0.000000000,"[{""operation"":""identity"",""source_entity_key"":""be451527260a715eec619adad88c17cf8777177bb86ab07fe15362b8b4a207b3"",""max_displacement_m"":0.0},{""operation"":""segment_occurrence"",""parent_feature_key"":""4216fb3af330c662c13b64b809afdde447da1be2aecd4a62e838dce358e0cca2"",""segment_index"":25,""source_segment_key"":""cabc2298f7cc57e0267206c1f2c0614ac50771a39ae86555437af05235006411"",""source_segment_kind"":""line"",""geometry_policy"":""versioned-source-segment-delivery-path""}]",41.22625871583296,,,
35,CABLE-CAD-4D17D,4216fb3af330c662c13b64b809afdde447da1be2aecd4a62e838dce358e0cca2,be451527260a715eec619adad88c17cf8777177bb86ab07fe15362b8b4a207b3,4D17D,FO 48 CORE,26,b656e167e5f9d9b96f70a8c9f810ed14d1dffe361f2695da1c7c9e2c434134b7,line,ordered_wcs_vertices,39.488641909876385,2,39.488641909876385,cad2gis.bulge_tessellation.v1,dimension_measured,033057a87418d2f5494dd10b97b92cfc2f5b05406dea0d41f1c6cf9767226413,39.48864190987661,2.2737367544323206e-13,39.488641909948775,39.45488382797451,39.48864190987661,measured,39.4886m,dwg_dimension,m,cad2gis.cable_segment.v1,CABLE-CAD-4D17D,,UNAVAILABLE,39.488641909948775,,UNAVAILABLE,SOURCE_ROUTE_SEGMENT,200,,BYLAYER,30,0.0,0.0,0.0,CABLE:48|ROT_QGIS:0.000000000,"[{""operation"":""identity"",""source_entity_key"":""be451527260a715eec619adad88c17cf8777177bb86ab07fe15362b8b4a207b3"",""max_displacement_m"":0.0},{""operation"":""segment_occurrence"",""parent_feature_key"":""4216fb3af330c662c13b64b809afdde447da1be2aecd4a62e838dce358e0cca2"",""segment_index"":26,""source_segment_key"":""b656e167e5f9d9b96f70a8c9f810ed14d1dffe361f2695da1c7c9e2c434134b7"",""source_segment_kind"":""line"",""geometry_policy"":""versioned-source-segment-delivery-path""}]",39.48864190987661,,,
36,CABLE-CAD-4D17D,4216fb3af330c662c13b64b809afdde447da1be2aecd4a62e838dce358e0cca2,be451527260a715eec619adad88c17cf8777177bb86ab07fe15362b8b4a207b3,4D17D,FO 48 CORE,27,cd2b36096eb85769ba0a9845ebc428ab01ca1da7540513f1c36cbc4b9bf4131a,line,ordered_wcs_vertices,61.08794083689854,2,61.08794083689854,cad2gis.bulge_tessellation.v1,dimension_measured,ad28eab3fd4f00e29c3429f530d7ac655ec0a768ef551da787c16023bb6cb8a6,61.08794083690009,1.5489831639570184e-12,61.08794083645493,61.03571935868086,61.08794083690009,measured,61.0879m,dwg_dimension,m,cad2gis.cable_segment.v1,CABLE-CAD-4D17D,,UNAVAILABLE,61.08794083645493,,UNAVAILABLE,SOURCE_ROUTE_SEGMENT,200,,BYLAYER,30,0.0,0.0,0.0,CABLE:48|ROT_QGIS:0.000000000,"[{""operation"":""identity"",""source_entity_key"":""be451527260a715eec619adad88c17cf8777177bb86ab07fe15362b8b4a207b3"",""max_displacement_m"":0.0},{""operation"":""segment_occurrence"",""parent_feature_key"":""4216fb3af330c662c13b64b809afdde447da1be2aecd4a62e838dce358e0cca2"",""segment_index"":27,""source_segment_key"":""cd2b36096eb85769ba0a9845ebc428ab01ca1da7540513f1c36cbc4b9bf4131a"",""source_segment_kind"":""line"",""geometry_policy"":""versioned-source-segment-delivery-path""}]",61.08794083690009,,,
37,CABLE-CAD-4D17D,4216fb3af330c662c13b64b809afdde447da1be2aecd4a62e838dce358e0cca2,be451527260a715eec619adad88c17cf8777177bb86ab07fe15362b8b4a207b3,4D17D,FO 48 CORE,28,136230a86283220e625e58935a0af5dd2ce066772b49eac4afd63fb7628c34f9,line,ordered_wcs_vertices,61.44310930782877,2,61.44310930782877,cad2gis.bulge_tessellation.v1,dimension_measured,448dfe4e304e3a58d0f2a9e5a378bc27451ae9b6eb6ea58bf6d49a4e09242520,61.44310930781648,-1.2292389328649733e-11,61.443109309399965,61.39058515252774,61.44310930781648,measured,61.4431m,dwg_dimension,m,cad2gis.cable_segment.v1,CABLE-CAD-4D17D,,UNAVAILABLE,61.443109309399965,,UNAVAILABLE,SOURCE_ROUTE_SEGMENT,200,,BYLAYER,30,0.0,0.0,0.0,CABLE:48|ROT_QGIS:0.000000000,"[{""operation"":""identity"",""source_entity_key"":""be451527260a715eec619adad88c17cf8777177bb86ab07fe15362b8b4a207b3"",""max_displacement_m"":0.0},{""operation"":""segment_occurrence"",""parent_feature_key"":""4216fb3af330c662c13b64b809afdde447da1be2aecd4a62e838dce358e0cca2"",""segment_index"":28,""source_segment_key"":""136230a86283220e625e58935a0af5dd2ce066772b49eac4afd63fb7628c34f9"",""source_segment_kind"":""line"",""geometry_policy"":""versioned-source-segment-delivery-path""}]",61.44310930781648,,,
38,CABLE-CAD-4D17D,4216fb3af330c662c13b64b809afdde447da1be2aecd4a62e838dce358e0cca2,be451527260a715eec619adad88c17cf8777177bb86ab07fe15362b8b4a207b3,4D17D,FO 48 CORE,29,39068cf1204114dc6cdd4985a5ba25669679e101e8c70772fb60c70c2630d2aa,line,ordered_wcs_vertices,53.36802146612044,2,53.36802146612044,cad2gis.bulge_tessellation.v1,dimension_measured,0bdd0954918081a750687293d308cfd05d51b1bff6bbc192abb8a673b9b3e7f5,53.36802146612899,8.547829111194005e-12,53.36802146470097,53.32240060955249,53.36802146612899,measured,53.368m,dwg_dimension,m,cad2gis.cable_segment.v1,CABLE-CAD-4D17D,,UNAVAILABLE,53.36802146470097,,UNAVAILABLE,SOURCE_ROUTE_SEGMENT,200,,BYLAYER,30,0.0,0.0,0.0,CABLE:48|ROT_QGIS:0.000000000,"[{""operation"":""identity"",""source_entity_key"":""be451527260a715eec619adad88c17cf8777177bb86ab07fe15362b8b4a207b3"",""max_displacement_m"":0.0},{""operation"":""segment_occurrence"",""parent_feature_key"":""4216fb3af330c662c13b64b809afdde447da1be2aecd4a62e838dce358e0cca2"",""segment_index"":29,""source_segment_key"":""39068cf1204114dc6cdd4985a5ba25669679e101e8c70772fb60c70c2630d2aa"",""source_segment_kind"":""line"",""geometry_policy"":""versioned-source-segment-delivery-path""}]",53.36802146612899,,,
39,CABLE-CAD-4D17D,4216fb3af330c662c13b64b809afdde447da1be2aecd4a62e838dce358e0cca2,be451527260a715eec619adad88c17cf8777177bb86ab07fe15362b8b4a207b3,4D17D,FO 48 CORE,30,48aeb741982f9103d09d37ba7c014e7430ff9553fcd956b02ca3934d6d97e86f,line,ordered_wcs_vertices,43.973029136220504,2,43.973029136220504,cad2gis.bulge_tessellation.v1,dimension_measured,c6dc971b819fdf480cfa2c99c89564d82896a318a8228190e3498f423361acb4,43.97302913621934,-1.1652900866465643e-12,43.97302913633512,43.93544705565415,43.97302913621934,measured,43.973m,dwg_dimension,m,cad2gis.cable_segment.v1,CABLE-CAD-4D17D,,UNAVAILABLE,43.97302913633512,,UNAVAILABLE,SOURCE_ROUTE_SEGMENT,200,,BYLAYER,30,0.0,0.0,0.0,CABLE:48|ROT_QGIS:0.000000000,"[{""operation"":""identity"",""source_entity_key"":""be451527260a715eec619adad88c17cf8777177bb86ab07fe15362b8b4a207b3"",""max_displacement_m"":0.0},{""operation"":""segment_occurrence"",""parent_feature_key"":""4216fb3af330c662c13b64b809afdde447da1be2aecd4a62e838dce358e0cca2"",""segment_index"":30,""source_segment_key"":""48aeb741982f9103d09d37ba7c014e7430ff9553fcd956b02ca3934d6d97e86f"",""source_segment_kind"":""line"",""geometry_policy"":""versioned-source-segment-delivery-path""}]",43.97302913621934,,,
40,CABLE-CAD-4D17D,4216fb3af330c662c13b64b809afdde447da1be2aecd4a62e838dce358e0cca2,be451527260a715eec619adad88c17cf8777177bb86ab07fe15362b8b4a207b3,4D17D,FO 48 CORE,31,26c53f9fe34082c7d5a47a785b68f258bfbbaf88f3fc6eba73f7e9370d28a55d,line,ordered_wcs_vertices,0.4010007910468665,2,0.4010007910468665,cad2gis.bulge_tessellation.v1,dimension_measured,1a11865f9556e38310aece1fa28fde504ebd086a158e75b816275379d22f259e,0.4010007910474087,5.422329252269265e-13,0.40100079212684564,0.40065814070537414,0.4010007910474087,measured,0.401001m,dwg_dimension,m,cad2gis.cable_segment.v1,CABLE-CAD-4D17D,,UNAVAILABLE,0.40100079212684564,,UNAVAILABLE,SOURCE_ROUTE_SEGMENT,200,,BYLAYER,30,0.0,0.0,0.0,CABLE:48|ROT_QGIS:0.000000000,"[{""operation"":""identity"",""source_entity_key"":""be451527260a715eec619adad88c17cf8777177bb86ab07fe15362b8b4a207b3"",""max_displacement_m"":0.0},{""operation"":""segment_occurrence"",""parent_feature_key"":""4216fb3af330c662c13b64b809afdde447da1be2aecd4a62e838dce358e0cca2"",""segment_index"":31,""source_segment_key"":""26c53f9fe34082c7d5a47a785b68f258bfbbaf88f3fc6eba73f7e9370d28a55d"",""source_segment_kind"":""line"",""geometry_policy"":""versioned-source-segment-delivery-path""}]",0.4010007910474087,,,
41,CABLE-CAD-4D17D,4216fb3af330c662c13b64b809afdde447da1be2aecd4a62e838dce358e0cca2,be451527260a715eec619adad88c17cf8777177bb86ab07fe15362b8b4a207b3,4D17D,FO 48 CORE,32,1a1551cefd0d9868ca14a61f2dfd990eb532d7701b0b9895dc563d8bf75d00b7,line,ordered_wcs_vertices,43.76227983799185,2,43.76227983799185,cad2gis.bulge_tessellation.v1,dimension_measured,fae7003390afaaed21c5005589203c279e4665c86ee06ae24d19c4ce1f728dcd,43.76227983799254,6.892264536872972e-13,43.76227983801277,43.72487794100919,43.76227983799254,measured,43.7623m,dwg_dimension,m,cad2gis.cable_segment.v1,CABLE-CAD-4D17D,,UNAVAILABLE,43.76227983801277,,UNAVAILABLE,SOURCE_ROUTE_SEGMENT,200,,BYLAYER,30,0.0,0.0,0.0,CABLE:48|ROT_QGIS:0.000000000,"[{""operation"":""identity"",""source_entity_key"":""be451527260a715eec619adad88c17cf8777177bb86ab07fe15362b8b4a207b3"",""max_displacement_m"":0.0},{""operation"":""segment_occurrence"",""parent_feature_key"":""4216fb3af330c662c13b64b809afdde447da1be2aecd4a62e838dce358e0cca2"",""segment_index"":32,""source_segment_key"":""1a1551cefd0d9868ca14a61f2dfd990eb532d7701b0b9895dc563d8bf75d00b7"",""source_segment_kind"":""line"",""geometry_policy"":""versioned-source-segment-delivery-path""}]",43.76227983799254,,,
42,CABLE-CAD-4D17D,4216fb3af330c662c13b64b809afdde447da1be2aecd4a62e838dce358e0cca2,be451527260a715eec619adad88c17cf8777177bb86ab07fe15362b8b4a207b3,4D17D,FO 48 CORE,33,0c94b13719100bb3bdf7c9a5bf8b49978ced818511f46fd19abd22938e8f99db,line,ordered_wcs_vertices,33.070982506323745,2,33.070982506323745,cad2gis.bulge_tessellation.v1,dimension_measured,fe7f41ffe20af1304d491b19f66af6630ec359c0c153dff5adedcc5a19d5dfb7,33.07098250632316,-5.826450433232822e-13,33.0709825061488,33.04270810771149,33.07098250632316,measured,33.071m,dwg_dimension,m,cad2gis.cable_segment.v1,CABLE-CAD-4D17D,,UNAVAILABLE,33.0709825061488,,UNAVAILABLE,SOURCE_ROUTE_SEGMENT,200,,BYLAYER,30,0.0,0.0,0.0,CABLE:48|ROT_QGIS:0.000000000,"[{""operation"":""identity"",""source_entity_key"":""be451527260a715eec619adad88c17cf8777177bb86ab07fe15362b8b4a207b3"",""max_displacement_m"":0.0},{""operation"":""segment_occurrence"",""parent_feature_key"":""4216fb3af330c662c13b64b809afdde447da1be2aecd4a62e838dce358e0cca2"",""segment_index"":33,""source_segment_key"":""0c94b13719100bb3bdf7c9a5bf8b49978ced818511f46fd19abd22938e8f99db"",""source_segment_kind"":""line"",""geometry_policy"":""versioned-source-segment-delivery-path""}]",33.07098250632316,,,
43,CABLE-CAD-4D17D,4216fb3af330c662c13b64b809afdde447da1be2aecd4a62e838dce358e0cca2,be451527260a715eec619adad88c17cf8777177bb86ab07fe15362b8b4a207b3,4D17D,FO 48 CORE,34,cc78a26fdb0ac1a5468c6ee9893a307235650602060b58365847f8a5ae3973f3,line,ordered_wcs_vertices,53.059458221596515,2,53.059458221596515,cad2gis.bulge_tessellation.v1,dimension_measured,b492ec398d3fa05d201cb39c58225c90dd8a3436317c7aa31cd25995400d4e93,53.05945822159629,-2.2737367544323206e-13,53.05945822185973,53.01407672976869,53.05945822159629,measured,53.0595m,dwg_dimension,m,cad2gis.cable_segment.v1,CABLE-CAD-4D17D,,UNAVAILABLE,53.05945822185973,,UNAVAILABLE,SOURCE_ROUTE_SEGMENT,200,,BYLAYER,30,0.0,0.0,0.0,CABLE:48|ROT_QGIS:0.000000000,"[{""operation"":""identity"",""source_entity_key"":""be451527260a715eec619adad88c17cf8777177bb86ab07fe15362b8b4a207b3"",""max_displacement_m"":0.0},{""operation"":""segment_occurrence"",""parent_feature_key"":""4216fb3af330c662c13b64b809afdde447da1be2aecd4a62e838dce358e0cca2"",""segment_index"":34,""source_segment_key"":""cc78a26fdb0ac1a5468c6ee9893a307235650602060b58365847f8a5ae3973f3"",""source_segment_kind"":""line"",""geometry_policy"":""versioned-source-segment-delivery-path""}]",53.05945822159629,,,
44,CABLE-CAD-4D17D,4216fb3af330c662c13b64b809afdde447da1be2aecd4a62e838dce358e0cca2,be451527260a715eec619adad88c17cf8777177bb86ab07fe15362b8b4a207b3,4D17D,FO 48 CORE,35,b310fb6aca2b08be3e0a4493d867916f66e5157ae144e47ef9e1e97bd5d29142,line,ordered_wcs_vertices,51.036429743799175,2,51.036429743799175,cad2gis.bulge_tessellation.v1,dimension_measured,cf524fd88a785c21435160a9e52eff7217155d535978f0fb2f814a920a110b9e,51.03642974379909,-8.526512829121202e-14,51.036429743828144,50.99275795455006,51.03642974379909,measured,51.0364m,dwg_dimension,m,cad2gis.cable_segment.v1,CABLE-CAD-4D17D,,UNAVAILABLE,51.036429743828144,,UNAVAILABLE,SOURCE_ROUTE_SEGMENT,200,,BYLAYER,30,0.0,0.0,0.0,CABLE:48|ROT_QGIS:0.000000000,"[{""operation"":""identity"",""source_entity_key"":""be451527260a715eec619adad88c17cf8777177bb86ab07fe15362b8b4a207b3"",""max_displacement_m"":0.0},{""operation"":""segment_occurrence"",""parent_feature_key"":""4216fb3af330c662c13b64b809afdde447da1be2aecd4a62e838dce358e0cca2"",""segment_index"":35,""source_segment_key"":""b310fb6aca2b08be3e0a4493d867916f66e5157ae144e47ef9e1e97bd5d29142"",""source_segment_kind"":""line"",""geometry_policy"":""versioned-source-segment-delivery-path""}]",51.03642974379909,,,
45,CABLE-CAD-4DA11,504443c69d2f6a84538cbefd360181eaf4f65c0a89b067135ae7daf30d0fddc2,d6e00e55ee91879f017340e6107698baf897ef4c4cbc36b523ececcc00b6fd41,4DA11,SLING WIRE,0,08614cf61bf00c01ba780337d41f250e4fa5cd9e3d5c767486f59427e02cc413,line,ordered_wcs_vertices,50.45628421295671,2,50.45628421295671,cad2gis.bulge_tessellation.v1,dimension_measured,5005cc5c0ec6d3ee82c418cbb2871e6a6a8fa1fa699f458dcc3b59e99a030bdf,50.45628421294896,-7.752021247142693e-12,50.45628421341465,50.41287737426365,50.45628421294896,measured,50.4563m,dwg_dimension,m,cad2gis.cable_segment.v1,CABLE-CAD-4DA11,,UNAVAILABLE,50.45628421341465,,UNAVAILABLE,SOURCE_ROUTE_SEGMENT,4,,BYLAYER,30,0.0,0.0,0.0,CABLE:SLING WIRE|ROT_QGIS:0.000000000,"[{""operation"":""identity"",""source_entity_key"":""d6e00e55ee91879f017340e6107698baf897ef4c4cbc36b523ececcc00b6fd41"",""max_displacement_m"":0.0},{""operation"":""segment_occurrence"",""parent_feature_key"":""504443c69d2f6a84538cbefd360181eaf4f65c0a89b067135ae7daf30d0fddc2"",""segment_index"":0,""source_segment_key"":""08614cf61bf00c01ba780337d41f250e4fa5cd9e3d5c767486f59427e02cc413"",""source_segment_kind"":""line"",""geometry_policy"":""versioned-source-segment-delivery-path""}]",50.45628421294896,,,
46,CABLE-CAD-4DA17,514cedaa7f9c2527c652b4ca56e020c2af0a4330399e11f8a5a9f06d67c0f58e,cf6010efe3ccb0f165fa1d135e96f21fdfb51fc924a0325c4ffaefd9f18eb0f8,4DA17,SLING WIRE,0,1262be5dacbd80359ef7c37b2f87062fe08f3e5d5e5ec58c997c0149a844fa7e,line,ordered_wcs_vertices,49.24698397162758,2,49.24698397162758,cad2gis.bulge_tessellation.v1,dimension_measured,92253bf3e5c5c6183fdff8ed34ab91a45343f8ff4273eed52cc5b30b733eb3e1,49.24698397162774,1.6342482922482304e-13,49.24698397173651,49.204912372409325,49.24698397162774,measured,49.247m,dwg_dimension,m,cad2gis.cable_segment.v1,CABLE-CAD-4DA17,,UNAVAILABLE,49.24698397173651,,UNAVAILABLE,SOURCE_ROUTE_SEGMENT,4,,BYLAYER,30,0.0,0.0,0.0,CABLE:SLING WIRE|ROT_QGIS:0.000000000,"[{""operation"":""identity"",""source_entity_key"":""cf6010efe3ccb0f165fa1d135e96f21fdfb51fc924a0325c4ffaefd9f18eb0f8"",""max_displacement_m"":0.0},{""operation"":""segment_occurrence"",""parent_feature_key"":""514cedaa7f9c2527c652b4ca56e020c2af0a4330399e11f8a5a9f06d67c0f58e"",""segment_index"":0,""source_segment_key"":""1262be5dacbd80359ef7c37b2f87062fe08f3e5d5e5ec58c997c0149a844fa7e"",""source_segment_kind"":""line"",""geometry_policy"":""versioned-source-segment-delivery-path""}]",49.24698397162774,,,
47,CABLE-CAD-4DA17,514cedaa7f9c2527c652b4ca56e020c2af0a4330399e11f8a5a9f06d67c0f58e,cf6010efe3ccb0f165fa1d135e96f21fdfb51fc924a0325c4ffaefd9f18eb0f8,4DA17,SLING WIRE,1,61d6025c99d364f5a9bf0fc7f3caa0c49d000a1c0e5722683d967a5eb593557d,line,ordered_wcs_vertices,54.16712120746311,2,54.16712120746311,cad2gis.bulge_tessellation.v1,dimension_measured,be13390c37a019f86fb657b92f86d7f9e32c8466e8a8d22c86d032279c2109ef,54.16712120746342,3.055333763768431e-13,54.1671212073598,54.12086810302931,54.16712120746342,measured,54.1671m,dwg_dimension,m,cad2gis.cable_segment.v1,CABLE-CAD-4DA17,,UNAVAILABLE,54.1671212073598,,UNAVAILABLE,SOURCE_ROUTE_SEGMENT,4,,BYLAYER,30,0.0,0.0,0.0,CABLE:SLING WIRE|ROT_QGIS:0.000000000,"[{""operation"":""identity"",""source_entity_key"":""cf6010efe3ccb0f165fa1d135e96f21fdfb51fc924a0325c4ffaefd9f18eb0f8"",""max_displacement_m"":0.0},{""operation"":""segment_occurrence"",""parent_feature_key"":""514cedaa7f9c2527c652b4ca56e020c2af0a4330399e11f8a5a9f06d67c0f58e"",""segment_index"":1,""source_segment_key"":""61d6025c99d364f5a9bf0fc7f3caa0c49d000a1c0e5722683d967a5eb593557d"",""source_segment_kind"":""line"",""geometry_policy"":""versioned-source-segment-delivery-path""}]",54.16712120746342,,,
48,CABLE-CAD-4D9F0,7481823df42afde179278b9b43b7df8624572eeada71aaef01293b13361b2495,627180c618ff5857790e26f46f1389c2cfc8791964ae4cc993ca7519fbe2e82f,4D9F0,SLING WIRE,0,f25014927bf9a662acc29989867198988bb77fe7aee9b652e489866712e406ba,line,endpoint-bridge-native-vertices,56.336137513591524,2,56.336137513591524,cad2gis.bulge_tessellation.v1,dimension_measured,11aba4ccd1830ba20b042e594f2f215209d2887b475e78e4342b7447c5ad5ce6,55.72879439129247,-0.6073431222990564,56.33613751412329,56.28801557815333,55.72879439129247,measured,55.7288m,dwg_dimension,m,cad2gis.cable_segment.v1,CABLE-CAD-4D9F0,,UNAVAILABLE,56.33613751412329,,UNAVAILABLE,SOURCE_ROUTE_SEGMENT,4,,BYLAYER,30,0.0,0.0,0.0,CABLE:SLING WIRE|ROT_QGIS:0.000000000,"[{""operation"":""identity"",""source_entity_key"":""627180c618ff5857790e26f46f1389c2cfc8791964ae4cc993ca7519fbe2e82f"",""max_displacement_m"":0.0},{""operation"":""bridge_cable_endpoint_to_pole"",""source_entity_key"":""2f5b062df05bd4677b4d5876b5298dbbe1b28f4456fa64351c26ff4b8f071892"",""route_source_entity_key"":""627180c618ff5857790e26f46f1389c2cfc8791964ae4cc993ca7519fbe2e82f"",""support_feature_key"":""8983362d39ebc59dbe6cb0dc8fd940e7d88487f4eb19dd482cae4cf6ef2a77fa"",""support_handle"":""4CEED"",""endpoint_index"":1,""source_endpoint"":[-2956.656715331124,32518.95619448472],""target_endpoint"":[-2956.656715331124,32518.33609664403],""max_displacement_m"":0.6200978406886861},{""operation"":""segment_occurrence"",""parent_feature_key"":""7481823df42afde179278b9b43b7df8624572eeada71aaef01293b13361b2495"",""segment_index"":0,""source_segment_key"":""f25014927bf9a662acc29989867198988bb77fe7aee9b652e489866712e406ba"",""source_segment_kind"":""line"",""geometry_policy"":""versioned-source-segment-delivery-path""}]",55.72879439129247,,,
49,CABLE-CAD-4DA12,9720161ceab0a93cdfa646aaff68ecee7fa8fba179cbe67e5de53ff9ba2ce245,ae6f639f41abfca754e53050cb1af24436742ee1b097d86c36007fad9e646b4b,4DA12,SLING WIRE,0,77d4139cd609735706da8b7e8ea7dcf8ca453c36d1bd4db74848c14925e3b443,line,ordered_wcs_vertices,48.56355522346918,2,48.56355522346918,cad2gis.bulge_tessellation.v1,dimension_measured,1196b4b859642f8c2d61fb5c28257d310cd9a7166afa90f8b4c7a9febf3581e3,48.56355522346985,6.679101716144942e-13,48.563555223426164,48.521980591527196,48.56355522346985,measured,48.5636m,dwg_dimension,m,cad2gis.cable_segment.v1,CABLE-CAD-4DA12,,UNAVAILABLE,48.563555223426164,,UNAVAILABLE,SOURCE_ROUTE_SEGMENT,4,,BYLAYER,30,0.0,0.0,0.0,CABLE:SLING WIRE|ROT_QGIS:0.000000000,"[{""operation"":""identity"",""source_entity_key"":""ae6f639f41abfca754e53050cb1af24436742ee1b097d86c36007fad9e646b4b"",""max_displacement_m"":0.0},{""operation"":""segment_occurrence"",""parent_feature_key"":""9720161ceab0a93cdfa646aaff68ecee7fa8fba179cbe67e5de53ff9ba2ce245"",""segment_index"":0,""source_segment_key"":""77d4139cd609735706da8b7e8ea7dcf8ca453c36d1bd4db74848c14925e3b443"",""source_segment_kind"":""line"",""geometry_policy"":""versioned-source-segment-delivery-path""}]",48.56355522346985,,,
50,CABLE-CAD-4D9D1,988a58d8a269109a11cb6d976e3d30cea72064a61ee8a184e59ea7840fda2614,232d65fef066ae0a09812c10303a751dfa9da1259ea7c28fa88ab04285a5a141,4D9D1,SLING WIRE,0,4c2423c8063d949960c28d19233d478315dc2c901d22f6817c921c40b8271a8f,line,ordered_wcs_vertices,48.13217907807753,2,48.13217907807753,cad2gis.bulge_tessellation.v1,dimension_measured,26ebf5c0fe0d4179b466ca7f11ac947d313f38f923036e84169f68e34005f520,48.13217907807666,-8.668621376273222e-13,48.132179078077996,48.09113343293971,48.13217907807666,measured,48.1322m,dwg_dimension,m,cad2gis.cable_segment.v1,CABLE-CAD-4D9D1,,UNAVAILABLE,48.132179078077996,,UNAVAILABLE,SOURCE_ROUTE_SEGMENT,4,,BYLAYER,30,0.0,0.0,0.0,CABLE:SLING WIRE|ROT_QGIS:0.000000000,"[{""operation"":""identity"",""source_entity_key"":""232d65fef066ae0a09812c10303a751dfa9da1259ea7c28fa88ab04285a5a141"",""max_displacement_m"":0.0},{""operation"":""segment_occurrence"",""parent_feature_key"":""988a58d8a269109a11cb6d976e3d30cea72064a61ee8a184e59ea7840fda2614"",""segment_index"":0,""source_segment_key"":""4c2423c8063d949960c28d19233d478315dc2c901d22f6817c921c40b8271a8f"",""source_segment_kind"":""line"",""geometry_policy"":""versioned-source-segment-delivery-path""}]",48.13217907807666,,,
51,CABLE-CAD-4D9EC,ae2f02772d3c2c68860990e162d173b8987cc6cc78e9e4f7a55985bd8fcf2729,35469a5bef08ad4dd30a19af1eb6650fdb6fb06b630bfef04e0a6734c1e2203e,4D9EC,SLING WIRE,0,2288d4f91724ff8788ac101d2c531ac0533e58c8bfbdeb4cdd769874dad2ab50,line,ordered_wcs_vertices,63.418571717846596,2,63.418571717846596,cad2gis.bulge_tessellation.v1,dimension_measured,bc3d44c401f17c3dd18aab9d7e6d02a70a52b782a1c826131ff27b8171ad2e75,63.41857171784795,1.3571366253017914e-12,63.4185717189543,63.3644221031411,63.41857171784795,measured,63.4186m,dwg_dimension,m,cad2gis.cable_segment.v1,CABLE-CAD-4D9EC,,UNAVAILABLE,63.4185717189543,,UNAVAILABLE,SOURCE_ROUTE_SEGMENT,4,,BYLAYER,30,0.0,0.0,0.0,CABLE:SLING WIRE|ROT_QGIS:0.000000000,"[{""operation"":""identity"",""source_entity_key"":""35469a5bef08ad4dd30a19af1eb6650fdb6fb06b630bfef04e0a6734c1e2203e"",""max_displacement_m"":0.0},{""operation"":""segment_occurrence"",""parent_feature_key"":""ae2f02772d3c2c68860990e162d173b8987cc6cc78e9e4f7a55985bd8fcf2729"",""segment_index"":0,""source_segment_key"":""2288d4f91724ff8788ac101d2c531ac0533e58c8bfbdeb4cdd769874dad2ab50"",""source_segment_kind"":""line"",""geometry_policy"":""versioned-source-segment-delivery-path""}]",63.41857171784795,,,
52,CABLE-CAD-4D9EC,ae2f02772d3c2c68860990e162d173b8987cc6cc78e9e4f7a55985bd8fcf2729,35469a5bef08ad4dd30a19af1eb6650fdb6fb06b630bfef04e0a6734c1e2203e,4D9EC,SLING WIRE,1,66e0f43bb001cd9ec52a9ddff4c775c7613e5d4d9985dee8c89fbf62b1a6b8b4,line,ordered_wcs_vertices,19.589963628494772,2,19.589963628494772,cad2gis.bulge_tessellation.v1,dimension_measured,b67a76aa064e5df622ca6e818c03eaaa44e6675734debaed873aa8c77a9bec6d,19.58996362849939,4.618527782440651e-12,19.58996362732018,19.573236879300833,19.58996362849939,measured,19.59m,dwg_dimension,m,cad2gis.cable_segment.v1,CABLE-CAD-4D9EC,,UNAVAILABLE,19.58996362732018,,UNAVAILABLE,SOURCE_ROUTE_SEGMENT,4,,BYLAYER,30,0.0,0.0,0.0,CABLE:SLING WIRE|ROT_QGIS:0.000000000,"[{""operation"":""identity"",""source_entity_key"":""35469a5bef08ad4dd30a19af1eb6650fdb6fb06b630bfef04e0a6734c1e2203e"",""max_displacement_m"":0.0},{""operation"":""segment_occurrence"",""parent_feature_key"":""ae2f02772d3c2c68860990e162d173b8987cc6cc78e9e4f7a55985bd8fcf2729"",""segment_index"":1,""source_segment_key"":""66e0f43bb001cd9ec52a9ddff4c775c7613e5d4d9985dee8c89fbf62b1a6b8b4"",""source_segment_kind"":""line"",""geometry_policy"":""versioned-source-segment-delivery-path""}]",19.58996362849939,,,
53,CABLE-CAD-4D17C,b0c376527d1f267d78c83ee2bde6ebdd6cb5ebba70ed54fd6168948a67ec02d6,e7a622e9fcb6ac819a6df4ee51a105cf43870cb1768151ca927929a6978d595a,4D17C,FO 24 CORE,0,18b2bb829f6bbb669a77bf82bd3505523d7d1ebb8c12ef7c465eca8b797a8c43,line,ordered_wcs_vertices,33.607883117320384,2,33.607883117320384,cad2gis.bulge_tessellation.v1,dimension_measured,b7bede6d576a8f0797b2f667af07f2d66e638f41fada92027eb75c8ba7f49361,33.60788311732176,1.3784529073745944e-12,33.60788311747854,33.57920607404374,33.60788311732176,measured,33.6079m,dwg_dimension,m,cad2gis.cable_segment.v1,CABLE-CAD-4D17C,,UNAVAILABLE,33.60788311747854,,UNAVAILABLE,SOURCE_ROUTE_SEGMENT,3,,BYLAYER,30,0.0,0.0,0.0,CABLE:24|ROT_QGIS:0.000000000,"[{""operation"":""identity"",""source_entity_key"":""e7a622e9fcb6ac819a6df4ee51a105cf43870cb1768151ca927929a6978d595a"",""max_displacement_m"":0.0},{""operation"":""segment_occurrence"",""parent_feature_key"":""b0c376527d1f267d78c83ee2bde6ebdd6cb5ebba70ed54fd6168948a67ec02d6"",""segment_index"":0,""source_segment_key"":""18b2bb829f6bbb669a77bf82bd3505523d7d1ebb8c12ef7c465eca8b797a8c43"",""source_segment_kind"":""line"",""geometry_policy"":""versioned-source-segment-delivery-path""}]",33.60788311732176,,,
54,CABLE-CAD-4D17C,b0c376527d1f267d78c83ee2bde6ebdd6cb5ebba70ed54fd6168948a67ec02d6,e7a622e9fcb6ac819a6df4ee51a105cf43870cb1768151ca927929a6978d595a,4D17C,FO 24 CORE,1,74afbd8807118e01410e773e972e52149e553c1008387773f63b65e88a1175c0,line,ordered_wcs_vertices,31.877982746492798,2,31.877982746492798,cad2gis.bulge_tessellation.v1,dimension_measured,c28ca988c2cf10a02ff841069095943b73292225127f6dacf223e5730c1ccc0c,31.87798274648958,-3.218758592993254e-12,31.877982746319194,31.850773832379062,31.87798274648958,measured,31.878m,dwg_dimension,m,cad2gis.cable_segment.v1,CABLE-CAD-4D17C,,UNAVAILABLE,31.877982746319194,,UNAVAILABLE,SOURCE_ROUTE_SEGMENT,3,,BYLAYER,30,0.0,0.0,0.0,CABLE:24|ROT_QGIS:0.000000000,"[{""operation"":""identity"",""source_entity_key"":""e7a622e9fcb6ac819a6df4ee51a105cf43870cb1768151ca927929a6978d595a"",""max_displacement_m"":0.0},{""operation"":""segment_occurrence"",""parent_feature_key"":""b0c376527d1f267d78c83ee2bde6ebdd6cb5ebba70ed54fd6168948a67ec02d6"",""segment_index"":1,""source_segment_key"":""74afbd8807118e01410e773e972e52149e553c1008387773f63b65e88a1175c0"",""source_segment_kind"":""line"",""geometry_policy"":""versioned-source-segment-delivery-path""}]",31.87798274648958,,,
55,CABLE-CAD-4D17C,b0c376527d1f267d78c83ee2bde6ebdd6cb5ebba70ed54fd6168948a67ec02d6,e7a622e9fcb6ac819a6df4ee51a105cf43870cb1768151ca927929a6978d595a,4D17C,FO 24 CORE,2,8164012ac5510bd3e9b99a57649dfe5372911bc8e827135b3977c3cabd72c061,line,ordered_wcs_vertices,41.36604996546996,2,41.36604996546996,cad2gis.bulge_tessellation.v1,dimension_measured,9f7dadfc9a95d017c988016df8f8e8e6812c876d97ec90f36aa014952264b3cd,41.36604996547612,6.160405519040069e-12,41.366049965480805,41.33073765035289,41.36604996547612,measured,41.366m,dwg_dimension,m,cad2gis.cable_segment.v1,CABLE-CAD-4D17C,,UNAVAILABLE,41.366049965480805,,UNAVAILABLE,SOURCE_ROUTE_SEGMENT,3,,BYLAYER,30,0.0,0.0,0.0,CABLE:24|ROT_QGIS:0.000000000,"[{""operation"":""identity"",""source_entity_key"":""e7a622e9fcb6ac819a6df4ee51a105cf43870cb1768151ca927929a6978d595a"",""max_displacement_m"":0.0},{""operation"":""segment_occurrence"",""parent_feature_key"":""b0c376527d1f267d78c83ee2bde6ebdd6cb5ebba70ed54fd6168948a67ec02d6"",""segment_index"":2,""source_segment_key"":""8164012ac5510bd3e9b99a57649dfe5372911bc8e827135b3977c3cabd72c061"",""source_segment_kind"":""line"",""geometry_policy"":""versioned-source-segment-delivery-path""}]",41.36604996547612,,,
56,CABLE-CAD-4D17C,b0c376527d1f267d78c83ee2bde6ebdd6cb5ebba70ed54fd6168948a67ec02d6,e7a622e9fcb6ac819a6df4ee51a105cf43870cb1768151ca927929a6978d595a,4D17C,FO 24 CORE,3,ed280ae906593e9997fb3befb0bcd26bb317f61264c50ade67382bbf81239773,line,ordered_wcs_vertices,32.54914195546187,2,32.54914195546187,cad2gis.bulge_tessellation.v1,dimension_measured,ef7ee9427ed7126ef611a167fa102afb5c2ace7a4c8d2b6424feef21c6505c3b,32.54914195546007,-1.7976731214730535e-12,32.54914195577272,32.5213578832996,32.54914195546007,measured,32.5491m,dwg_dimension,m,cad2gis.cable_segment.v1,CABLE-CAD-4D17C,,UNAVAILABLE,32.54914195577272,,UNAVAILABLE,SOURCE_ROUTE_SEGMENT,3,,BYLAYER,30,0.0,0.0,0.0,CABLE:24|ROT_QGIS:0.000000000,"[{""operation"":""identity"",""source_entity_key"":""e7a622e9fcb6ac819a6df4ee51a105cf43870cb1768151ca927929a6978d595a"",""max_displacement_m"":0.0},{""operation"":""segment_occurrence"",""parent_feature_key"":""b0c376527d1f267d78c83ee2bde6ebdd6cb5ebba70ed54fd6168948a67ec02d6"",""segment_index"":3,""source_segment_key"":""ed280ae906593e9997fb3befb0bcd26bb317f61264c50ade67382bbf81239773"",""source_segment_kind"":""line"",""geometry_policy"":""versioned-source-segment-delivery-path""}]",32.54914195546007,,,
57,CABLE-CAD-4D17C,b0c376527d1f267d78c83ee2bde6ebdd6cb5ebba70ed54fd6168948a67ec02d6,e7a622e9fcb6ac819a6df4ee51a105cf43870cb1768151ca927929a6978d595a,4D17C,FO 24 CORE,4,8b92d94ee19b91f3176543ad49956ba9965c442cb51d2f076474e9bfdbe42816,line,ordered_wcs_vertices,27.30888146826859,2,27.30888146826859,cad2gis.bulge_tessellation.v1,dimension_measured,d1a05e005d258acefad75c0f0dc35d47fd24f4c3820ac3a91a5f021290f97d5f,27.30888146827056,1.9682033780554775e-12,27.308881469256264,27.285572513327406,27.30888146827056,measured,27.3089m,dwg_dimension,m,cad2gis.cable_segment.v1,CABLE-CAD-4D17C,,UNAVAILABLE,27.308881469256264,,UNAVAILABLE,SOURCE_ROUTE_SEGMENT,3,,BYLAYER,30,0.0,0.0,0.0,CABLE:24|ROT_QGIS:0.000000000,"[{""operation"":""identity"",""source_entity_key"":""e7a622e9fcb6ac819a6df4ee51a105cf43870cb1768151ca927929a6978d595a"",""max_displacement_m"":0.0},{""operation"":""segment_occurrence"",""parent_feature_key"":""b0c376527d1f267d78c83ee2bde6ebdd6cb5ebba70ed54fd6168948a67ec02d6"",""segment_index"":4,""source_segment_key"":""8b92d94ee19b91f3176543ad49956ba9965c442cb51d2f076474e9bfdbe42816"",""source_segment_kind"":""line"",""geometry_policy"":""versioned-source-segment-delivery-path""}]",27.30888146827056,,,
58,CABLE-CAD-4D17C,b0c376527d1f267d78c83ee2bde6ebdd6cb5ebba70ed54fd6168948a67ec02d6,e7a622e9fcb6ac819a6df4ee51a105cf43870cb1768151ca927929a6978d595a,4D17C,FO 24 CORE,5,0981cd6c75002a42c4e3f32eb15a34a4636c53044094696302a9a0c3cafc55c3,line,ordered_wcs_vertices,37.91832686036458,2,37.91832686036458,cad2gis.bulge_tessellation.v1,dimension_measured,a2cc1d2ca481c61882e6e3f93db094e93e99b54dcb2a3793fc39eedfc5345036,37.91832686036469,1.0658141036401503e-13,37.918326860273666,37.8859577282003,37.91832686036469,measured,37.9183m,dwg_dimension,m,cad2gis.cable_segment.v1,CABLE-CAD-4D17C,,UNAVAILABLE,37.918326860273666,,UNAVAILABLE,SOURCE_ROUTE_SEGMENT,3,,BYLAYER,30,0.0,0.0,0.0,CABLE:24|ROT_QGIS:0.000000000,"[{""operation"":""identity"",""source_entity_key"":""e7a622e9fcb6ac819a6df4ee51a105cf43870cb1768151ca927929a6978d595a"",""max_displacement_m"":0.0},{""operation"":""segment_occurrence"",""parent_feature_key"":""b0c376527d1f267d78c83ee2bde6ebdd6cb5ebba70ed54fd6168948a67ec02d6"",""segment_index"":5,""source_segment_key"":""0981cd6c75002a42c4e3f32eb15a34a4636c53044094696302a9a0c3cafc55c3"",""source_segment_kind"":""line"",""geometry_policy"":""versioned-source-segment-delivery-path""}]",37.91832686036469,,,
59,CABLE-CAD-4D17C,b0c376527d1f267d78c83ee2bde6ebdd6cb5ebba70ed54fd6168948a67ec02d6,e7a622e9fcb6ac819a6df4ee51a105cf43870cb1768151ca927929a6978d595a,4D17C,FO 24 CORE,6,020764f5db012aabc85cb64a30f89066b8ea06fa84e4b3d6f65a868f22f9a0d9,line,ordered_wcs_vertices,28.74247800890434,2,28.74247800890434,cad2gis.bulge_tessellation.v1,dimension_measured,01d44b6941a6b2b5d7cfe695c30a53f6783e7e8a60795884851d614f47acbdb8,28.74247800890589,1.552535877635819e-12,28.742478008700726,28.717934472311452,28.74247800890589,measured,28.7425m,dwg_dimension,m,cad2gis.cable_segment.v1,CABLE-CAD-4D17C,,UNAVAILABLE,28.742478008700726,,UNAVAILABLE,SOURCE_ROUTE_SEGMENT,3,,BYLAYER,30,0.0,0.0,0.0,CABLE:24|ROT_QGIS:0.000000000,"[{""operation"":""identity"",""source_entity_key"":""e7a622e9fcb6ac819a6df4ee51a105cf43870cb1768151ca927929a6978d595a"",""max_displacement_m"":0.0},{""operation"":""segment_occurrence"",""parent_feature_key"":""b0c376527d1f267d78c83ee2bde6ebdd6cb5ebba70ed54fd6168948a67ec02d6"",""segment_index"":6,""source_segment_key"":""020764f5db012aabc85cb64a30f89066b8ea06fa84e4b3d6f65a868f22f9a0d9"",""source_segment_kind"":""line"",""geometry_policy"":""versioned-source-segment-delivery-path""}]",28.74247800890589,,,
60,CABLE-CAD-4D17C,b0c376527d1f267d78c83ee2bde6ebdd6cb5ebba70ed54fd6168948a67ec02d6,e7a622e9fcb6ac819a6df4ee51a105cf43870cb1768151ca927929a6978d595a,4D17C,FO 24 CORE,7,e240dd92b059d794e8250d52e2fa0d2c9d4b8f50036cb72a64bb005830debf46,line,ordered_wcs_vertices,20.257828898600064,2,20.257828898600064,cad2gis.bulge_tessellation.v1,dimension_measured,788c6cd0a094cef8b446a1acef924776eb01523d6f2976b2884a38bec28b95e3,20.25782889860056,4.973799150320701e-13,20.25782889882528,20.240526664357997,20.25782889860056,measured,20.2578m,dwg_dimension,m,cad2gis.cable_segment.v1,CABLE-CAD-4D17C,,UNAVAILABLE,20.25782889882528,,UNAVAILABLE,SOURCE_ROUTE_SEGMENT,3,,BYLAYER,30,0.0,0.0,0.0,CABLE:24|ROT_QGIS:0.000000000,"[{""operation"":""identity"",""source_entity_key"":""e7a622e9fcb6ac819a6df4ee51a105cf43870cb1768151ca927929a6978d595a"",""max_displacement_m"":0.0},{""operation"":""segment_occurrence"",""parent_feature_key"":""b0c376527d1f267d78c83ee2bde6ebdd6cb5ebba70ed54fd6168948a67ec02d6"",""segment_index"":7,""source_segment_key"":""e240dd92b059d794e8250d52e2fa0d2c9d4b8f50036cb72a64bb005830debf46"",""source_segment_kind"":""line"",""geometry_policy"":""versioned-source-segment-delivery-path""}]",20.25782889860056,,,
61,CABLE-CAD-4D17C,b0c376527d1f267d78c83ee2bde6ebdd6cb5ebba70ed54fd6168948a67ec02d6,e7a622e9fcb6ac819a6df4ee51a105cf43870cb1768151ca927929a6978d595a,4D17C,FO 24 CORE,8,dd00781f0db30cbef07249347e8cfe9422012df2021fd8eba5e075d850e99dc0,line,ordered_wcs_vertices,34.86993246688806,2,34.86993246688806,cad2gis.bulge_tessellation.v1,dimension_measured,4e75a6c0ea48d1150554052233126015069f73d582dc063de2f0466059e8f98f,34.86993246689235,4.291678123991005e-12,34.86993246835762,34.84014588887451,34.86993246689235,measured,34.8699m,dwg_dimension,m,cad2gis.cable_segment.v1,CABLE-CAD-4D17C,,UNAVAILABLE,34.86993246835762,,UNAVAILABLE,SOURCE_ROUTE_SEGMENT,3,,BYLAYER,30,0.0,0.0,0.0,CABLE:24|ROT_QGIS:0.000000000,"[{""operation"":""identity"",""source_entity_key"":""e7a622e9fcb6ac819a6df4ee51a105cf43870cb1768151ca927929a6978d595a"",""max_displacement_m"":0.0},{""operation"":""segment_occurrence"",""parent_feature_key"":""b0c376527d1f267d78c83ee2bde6ebdd6cb5ebba70ed54fd6168948a67ec02d6"",""segment_index"":8,""source_segment_key"":""dd00781f0db30cbef07249347e8cfe9422012df2021fd8eba5e075d850e99dc0"",""source_segment_kind"":""line"",""geometry_policy"":""versioned-source-segment-delivery-path""}]",34.86993246689235,,,
62,CABLE-CAD-4D17C,b0c376527d1f267d78c83ee2bde6ebdd6cb5ebba70ed54fd6168948a67ec02d6,e7a622e9fcb6ac819a6df4ee51a105cf43870cb1768151ca927929a6978d595a,4D17C,FO 24 CORE,9,2b8cf57daf29cadee809844210c320725dc9483dddfec7978eea1216ddb2d6ac,line,ordered_wcs_vertices,26.226506679970434,2,26.226506679970434,cad2gis.bulge_tessellation.v1,dimension_measured,eba39722110ec74ac100b88387d8b2678cf07ad17ac3b94d24e5250a2fad926e,26.22650667996641,-4.0252245980809676e-12,26.226506680107473,26.204102059865058,26.22650667996641,measured,26.2265m,dwg_dimension,m,cad2gis.cable_segment.v1,CABLE-CAD-4D17C,,UNAVAILABLE,26.226506680107473,,UNAVAILABLE,SOURCE_ROUTE_SEGMENT,3,,BYLAYER,30,0.0,0.0,0.0,CABLE:24|ROT_QGIS:0.000000000,"[{""operation"":""identity"",""source_entity_key"":""e7a622e9fcb6ac819a6df4ee51a105cf43870cb1768151ca927929a6978d595a"",""max_displacement_m"":0.0},{""operation"":""segment_occurrence"",""parent_feature_key"":""b0c376527d1f267d78c83ee2bde6ebdd6cb5ebba70ed54fd6168948a67ec02d6"",""segment_index"":9,""source_segment_key"":""2b8cf57daf29cadee809844210c320725dc9483dddfec7978eea1216ddb2d6ac"",""source_segment_kind"":""line"",""geometry_policy"":""versioned-source-segment-delivery-path""}]",26.22650667996641,,,
63,CABLE-CAD-4D17C,b0c376527d1f267d78c83ee2bde6ebdd6cb5ebba70ed54fd6168948a67ec02d6,e7a622e9fcb6ac819a6df4ee51a105cf43870cb1768151ca927929a6978d595a,4D17C,FO 24 CORE,10,a6b15a3882dac4b9956703e13e33655728abe6e8bedd2c181babfc0f682662fb,line,ordered_wcs_vertices,44.04364792230156,2,44.04364792230156,cad2gis.bulge_tessellation.v1,dimension_measured,6f7349490a0c7866308b4e47509eafc0baff743f0696a569ffd4ac8f91502f94,44.04364792229899,-2.5721647034515627e-12,44.043647921628484,44.00602191241683,44.04364792229899,measured,44.0436m,dwg_dimension,m,cad2gis.cable_segment.v1,CABLE-CAD-4D17C,,UNAVAILABLE,44.043647921628484,,UNAVAILABLE,SOURCE_ROUTE_SEGMENT,3,,BYLAYER,30,0.0,0.0,0.0,CABLE:24|ROT_QGIS:0.000000000,"[{""operation"":""identity"",""source_entity_key"":""e7a622e9fcb6ac819a6df4ee51a105cf43870cb1768151ca927929a6978d595a"",""max_displacement_m"":0.0},{""operation"":""segment_occurrence"",""parent_feature_key"":""b0c376527d1f267d78c83ee2bde6ebdd6cb5ebba70ed54fd6168948a67ec02d6"",""segment_index"":10,""source_segment_key"":""a6b15a3882dac4b9956703e13e33655728abe6e8bedd2c181babfc0f682662fb"",""source_segment_kind"":""line"",""geometry_policy"":""versioned-source-segment-delivery-path""}]",44.04364792229899,,,
64,CABLE-CAD-4D17C,b0c376527d1f267d78c83ee2bde6ebdd6cb5ebba70ed54fd6168948a67ec02d6,e7a622e9fcb6ac819a6df4ee51a105cf43870cb1768151ca927929a6978d595a,4D17C,FO 24 CORE,11,e158f7954c9a7957d8d123fefeee3a30b5776093d9beb27f6f35d4b2a2261272,line,ordered_wcs_vertices,62.58045056200674,2,62.58045056200674,cad2gis.bulge_tessellation.v1,dimension_measured,8418c386278f4533c4fddb48db13e33306f8e347a0c91b7facc97184e98e58f6,62.58045056200626,-4.760636329592671e-13,62.580450562058836,62.5269733685131,62.58045056200626,measured,62.5805m,dwg_dimension,m,cad2gis.cable_segment.v1,CABLE-CAD-4D17C,,UNAVAILABLE,62.580450562058836,,UNAVAILABLE,SOURCE_ROUTE_SEGMENT,3,,BYLAYER,30,0.0,0.0,0.0,CABLE:24|ROT_QGIS:0.000000000,"[{""operation"":""identity"",""source_entity_key"":""e7a622e9fcb6ac819a6df4ee51a105cf43870cb1768151ca927929a6978d595a"",""max_displacement_m"":0.0},{""operation"":""segment_occurrence"",""parent_feature_key"":""b0c376527d1f267d78c83ee2bde6ebdd6cb5ebba70ed54fd6168948a67ec02d6"",""segment_index"":11,""source_segment_key"":""e158f7954c9a7957d8d123fefeee3a30b5776093d9beb27f6f35d4b2a2261272"",""source_segment_kind"":""line"",""geometry_policy"":""versioned-source-segment-delivery-path""}]",62.58045056200626,,,
65,CABLE-CAD-4D17C,b0c376527d1f267d78c83ee2bde6ebdd6cb5ebba70ed54fd6168948a67ec02d6,e7a622e9fcb6ac819a6df4ee51a105cf43870cb1768151ca927929a6978d595a,4D17C,FO 24 CORE,12,8499f5ed4348539ebae6b4801db3c7ab1ded93c2386ae82eff19ef791394c2c1,line,ordered_wcs_vertices,26.186574977521275,2,26.186574977521275,cad2gis.bulge_tessellation.v1,dimension_measured,44896b70058a415e5b030686c9282f2122d3d8ca2d15db7a4d2c08c2e71ca37a,26.18657497751701,-4.263256414560601e-12,26.186574977459646,26.16419160434898,26.18657497751701,measured,26.1866m,dwg_dimension,m,cad2gis.cable_segment.v1,CABLE-CAD-4D17C,,UNAVAILABLE,26.186574977459646,,UNAVAILABLE,SOURCE_ROUTE_SEGMENT,3,,BYLAYER,30,0.0,0.0,0.0,CABLE:24|ROT_QGIS:0.000000000,"[{""operation"":""identity"",""source_entity_key"":""e7a622e9fcb6ac819a6df4ee51a105cf43870cb1768151ca927929a6978d595a"",""max_displacement_m"":0.0},{""operation"":""segment_occurrence"",""parent_feature_key"":""b0c376527d1f267d78c83ee2bde6ebdd6cb5ebba70ed54fd6168948a67ec02d6"",""segment_index"":12,""source_segment_key"":""8499f5ed4348539ebae6b4801db3c7ab1ded93c2386ae82eff19ef791394c2c1"",""source_segment_kind"":""line"",""geometry_policy"":""versioned-source-segment-delivery-path""}]",26.18657497751701,,,
66,CABLE-CAD-4D17C,b0c376527d1f267d78c83ee2bde6ebdd6cb5ebba70ed54fd6168948a67ec02d6,e7a622e9fcb6ac819a6df4ee51a105cf43870cb1768151ca927929a6978d595a,4D17C,FO 24 CORE,13,b5b4e2b92d6aad8bf3a7ad5bd35f50e1536409d58f8148b7430ae81a440e837f,line,ordered_wcs_vertices,34.05511184297033,2,34.05511184297033,cad2gis.bulge_tessellation.v1,dimension_measured,b44d6043aabe08195175d019b3d857d1b5271ce33ef8e64c99936cf6fcc04afe,34.05511184297211,1.7834622667578515e-12,34.055111843543266,34.02600450227121,34.05511184297211,measured,34.0551m,dwg_dimension,m,cad2gis.cable_segment.v1,CABLE-CAD-4D17C,,UNAVAILABLE,34.055111843543266,,UNAVAILABLE,SOURCE_ROUTE_SEGMENT,3,,BYLAYER,30,0.0,0.0,0.0,CABLE:24|ROT_QGIS:0.000000000,"[{""operation"":""identity"",""source_entity_key"":""e7a622e9fcb6ac819a6df4ee51a105cf43870cb1768151ca927929a6978d595a"",""max_displacement_m"":0.0},{""operation"":""segment_occurrence"",""parent_feature_key"":""b0c376527d1f267d78c83ee2bde6ebdd6cb5ebba70ed54fd6168948a67ec02d6"",""segment_index"":13,""source_segment_key"":""b5b4e2b92d6aad8bf3a7ad5bd35f50e1536409d58f8148b7430ae81a440e837f"",""source_segment_kind"":""line"",""geometry_policy"":""versioned-source-segment-delivery-path""}]",34.05511184297211,,,
67,CABLE-CAD-4D17C,b0c376527d1f267d78c83ee2bde6ebdd6cb5ebba70ed54fd6168948a67ec02d6,e7a622e9fcb6ac819a6df4ee51a105cf43870cb1768151ca927929a6978d595a,4D17C,FO 24 CORE,14,8694bf23fef5d2753184106a15adda52ac508c58a8cb8bbb663752246983cf7e,line,ordered_wcs_vertices,47.67612811643622,2,47.67612811643622,cad2gis.bulge_tessellation.v1,dimension_measured,630d887929623818c0da6a960a2350bae8a8505c837dce780ca30e6b678937d4,47.67612811643994,3.723243935382925e-12,47.676128115796594,47.63538245167895,47.67612811643994,measured,47.6761m,dwg_dimension,m,cad2gis.cable_segment.v1,CABLE-CAD-4D17C,,UNAVAILABLE,47.676128115796594,,UNAVAILABLE,SOURCE_ROUTE_SEGMENT,3,,BYLAYER,30,0.0,0.0,0.0,CABLE:24|ROT_QGIS:0.000000000,"[{""operation"":""identity"",""source_entity_key"":""e7a622e9fcb6ac819a6df4ee51a105cf43870cb1768151ca927929a6978d595a"",""max_displacement_m"":0.0},{""operation"":""segment_occurrence"",""parent_feature_key"":""b0c376527d1f267d78c83ee2bde6ebdd6cb5ebba70ed54fd6168948a67ec02d6"",""segment_index"":14,""source_segment_key"":""8694bf23fef5d2753184106a15adda52ac508c58a8cb8bbb663752246983cf7e"",""source_segment_kind"":""line"",""geometry_policy"":""versioned-source-segment-delivery-path""}]",47.67612811643994,,,
68,CABLE-CAD-4D17C,b0c376527d1f267d78c83ee2bde6ebdd6cb5ebba70ed54fd6168948a67ec02d6,e7a622e9fcb6ac819a6df4ee51a105cf43870cb1768151ca927929a6978d595a,4D17C,FO 24 CORE,15,9f4bdad84880067323446bb0e432f7dd8f81e7d702616061c13a537aa4780e96,line,ordered_wcs_vertices,47.66211726890673,2,47.66211726890673,cad2gis.bulge_tessellation.v1,dimension_measured,564b57ac3c313616fbcef4e41cc1f86be1337fa5ee66582cf6aceab01b37acfa,47.66211726890833,1.6058265828178264e-12,47.66211726870951,47.621376760817775,47.66211726890833,measured,47.6621m,dwg_dimension,m,cad2gis.cable_segment.v1,CABLE-CAD-4D17C,,UNAVAILABLE,47.66211726870951,,UNAVAILABLE,SOURCE_ROUTE_SEGMENT,3,,BYLAYER,30,0.0,0.0,0.0,CABLE:24|ROT_QGIS:0.000000000,"[{""operation"":""identity"",""source_entity_key"":""e7a622e9fcb6ac819a6df4ee51a105cf43870cb1768151ca927929a6978d595a"",""max_displacement_m"":0.0},{""operation"":""segment_occurrence"",""parent_feature_key"":""b0c376527d1f267d78c83ee2bde6ebdd6cb5ebba70ed54fd6168948a67ec02d6"",""segment_index"":15,""source_segment_key"":""9f4bdad84880067323446bb0e432f7dd8f81e7d702616061c13a537aa4780e96"",""source_segment_kind"":""line"",""geometry_policy"":""versioned-source-segment-delivery-path""}]",47.66211726890833,,,
69,CABLE-CAD-4DA10,b46b9f6156a861bc4a68bb479a418bad444dfb701d4acb1f2ac88453f7467a3c,58fc5d822e45aac359fb7809bbb4a8614e3126184a0b989313d4ad0594da20fc,4DA10,SLING WIRE,0,0f988b3372bad03adbec4d792a88230da99e6810b635aa76ed0308d5a7e7ef0e,line,ordered_wcs_vertices,33.27652959766663,2,33.27652959766663,cad2gis.bulge_tessellation.v1,dimension_measured,e2473d2dd430592d3b2b4a532785aa8e26c054b19dea6184c364eb763ee90986,33.27652959766056,-6.0680349633912556e-12,33.27652959818439,33.248070079717564,33.27652959766056,measured,33.2765m,dwg_dimension,m,cad2gis.cable_segment.v1,CABLE-CAD-4DA10,,UNAVAILABLE,33.27652959818439,,UNAVAILABLE,SOURCE_ROUTE_SEGMENT,4,,BYLAYER,30,0.0,0.0,0.0,CABLE:SLING WIRE|ROT_QGIS:0.000000000,"[{""operation"":""identity"",""source_entity_key"":""58fc5d822e45aac359fb7809bbb4a8614e3126184a0b989313d4ad0594da20fc"",""max_displacement_m"":0.0},{""operation"":""segment_occurrence"",""parent_feature_key"":""b46b9f6156a861bc4a68bb479a418bad444dfb701d4acb1f2ac88453f7467a3c"",""segment_index"":0,""source_segment_key"":""0f988b3372bad03adbec4d792a88230da99e6810b635aa76ed0308d5a7e7ef0e"",""source_segment_kind"":""line"",""geometry_policy"":""versioned-source-segment-delivery-path""}]",33.27652959766056,,,
70,CABLE-CAD-4D17B,d1ffa119c9265a6ac2ff55e52e13810c0081b0ff0d090abe6ca6ada95f4cae94,01bdb777ec3eadbedc6305c9e2250934abcfe7581031fbb4b1efe410c06bdcb2,4D17B,FO 24 CORE,0,60770a4dabca65c6db8b0b049e774261ab047cbb80d975daf6f8ff2aa201a6f0,line,ordered_wcs_vertices,19.3919421903063,2,19.3919421903063,cad2gis.bulge_tessellation.v1,dimension_measured,7efd39b456272e822a2d0a9f85633dc821c215bb8e05d0bbea8da1408a830d03,19.39194219030469,-1.609379296496627e-12,19.391942190241412,19.37539927738175,19.39194219030469,measured,19.3919m,dwg_dimension,m,cad2gis.cable_segment.v1,CABLE-CAD-4D17B,,UNAVAILABLE,19.391942190241412,,UNAVAILABLE,SOURCE_ROUTE_SEGMENT,3,,BYLAYER,30,0.0,0.0,0.0,CABLE:24|ROT_QGIS:0.000000000,"[{""operation"":""identity"",""source_entity_key"":""01bdb777ec3eadbedc6305c9e2250934abcfe7581031fbb4b1efe410c06bdcb2"",""max_displacement_m"":0.0},{""operation"":""segment_occurrence"",""parent_feature_key"":""d1ffa119c9265a6ac2ff55e52e13810c0081b0ff0d090abe6ca6ada95f4cae94"",""segment_index"":0,""source_segment_key"":""60770a4dabca65c6db8b0b049e774261ab047cbb80d975daf6f8ff2aa201a6f0"",""source_segment_kind"":""line"",""geometry_policy"":""versioned-source-segment-delivery-path""}]",19.39194219030469,,,
71,CABLE-CAD-4D17B,d1ffa119c9265a6ac2ff55e52e13810c0081b0ff0d090abe6ca6ada95f4cae94,01bdb777ec3eadbedc6305c9e2250934abcfe7581031fbb4b1efe410c06bdcb2,4D17B,FO 24 CORE,1,b34797c2a3975e47901e8d4fdb6150f3ed7ac88ee735aa7b8ca8b6caf33bc0aa,line,ordered_wcs_vertices,30.76985580575383,2,30.76985580575383,cad2gis.bulge_tessellation.v1,dimension_measured,861e6167971af591e6d70d765f3498fc5fa3e096bef71d9fa9e6c870cd01828a,30.7698558057491,-4.732214620162267e-12,30.769855805779695,30.743609574483127,30.7698558057491,measured,30.7699m,dwg_dimension,m,cad2gis.cable_segment.v1,CABLE-CAD-4D17B,,UNAVAILABLE,30.769855805779695,,UNAVAILABLE,SOURCE_ROUTE_SEGMENT,3,,BYLAYER,30,0.0,0.0,0.0,CABLE:24|ROT_QGIS:0.000000000,"[{""operation"":""identity"",""source_entity_key"":""01bdb777ec3eadbedc6305c9e2250934abcfe7581031fbb4b1efe410c06bdcb2"",""max_displacement_m"":0.0},{""operation"":""segment_occurrence"",""parent_feature_key"":""d1ffa119c9265a6ac2ff55e52e13810c0081b0ff0d090abe6ca6ada95f4cae94"",""segment_index"":1,""source_segment_key"":""b34797c2a3975e47901e8d4fdb6150f3ed7ac88ee735aa7b8ca8b6caf33bc0aa"",""source_segment_kind"":""line"",""geometry_policy"":""versioned-source-segment-delivery-path""}]",30.7698558057491,,,
72,CABLE-CAD-4D17B,d1ffa119c9265a6ac2ff55e52e13810c0081b0ff0d090abe6ca6ada95f4cae94,01bdb777ec3eadbedc6305c9e2250934abcfe7581031fbb4b1efe410c06bdcb2,4D17B,FO 24 CORE,2,45aa7478b422f18d1a85278d08131138cac781b658f18bff5231ba14625a7e92,line,ordered_wcs_vertices,37.729430586674965,2,37.729430586674965,cad2gis.bulge_tessellation.v1,dimension_measured,b37d425f84c342e78cbf2a51fcc73b06daca11f456cf4f89efd79ff67109954c,37.72943058667443,-5.329070518200751e-13,37.729430586716,37.69725004735376,37.72943058667443,measured,37.7294m,dwg_dimension,m,cad2gis.cable_segment.v1,CABLE-CAD-4D17B,,UNAVAILABLE,37.729430586716,,UNAVAILABLE,SOURCE_ROUTE_SEGMENT,3,,BYLAYER,30,0.0,0.0,0.0,CABLE:24|ROT_QGIS:0.000000000,"[{""operation"":""identity"",""source_entity_key"":""01bdb777ec3eadbedc6305c9e2250934abcfe7581031fbb4b1efe410c06bdcb2"",""max_displacement_m"":0.0},{""operation"":""segment_occurrence"",""parent_feature_key"":""d1ffa119c9265a6ac2ff55e52e13810c0081b0ff0d090abe6ca6ada95f4cae94"",""segment_index"":2,""source_segment_key"":""45aa7478b422f18d1a85278d08131138cac781b658f18bff5231ba14625a7e92"",""source_segment_kind"":""line"",""geometry_policy"":""versioned-source-segment-delivery-path""}]",37.72943058667443,,,
73,CABLE-CAD-4D17B,d1ffa119c9265a6ac2ff55e52e13810c0081b0ff0d090abe6ca6ada95f4cae94,01bdb777ec3eadbedc6305c9e2250934abcfe7581031fbb4b1efe410c06bdcb2,4D17B,FO 24 CORE,3,f9f1c6850eafbad17c7c0ab72f0862ea805652b2e5e684a0f0fa5fd52ccc4989,line,ordered_wcs_vertices,32.02505556602936,2,32.02505556602936,cad2gis.bulge_tessellation.v1,dimension_measured,52e7535006590d8533e289365bb891d989dbe87e90acd52811051b0c4cacf43f,32.02505556603137,2.0108359422010835e-12,32.025055566007744,31.99774050980284,32.02505556603137,measured,32.0251m,dwg_dimension,m,cad2gis.cable_segment.v1,CABLE-CAD-4D17B,,UNAVAILABLE,32.025055566007744,,UNAVAILABLE,SOURCE_ROUTE_SEGMENT,3,,BYLAYER,30,0.0,0.0,0.0,CABLE:24|ROT_QGIS:0.000000000,"[{""operation"":""identity"",""source_entity_key"":""01bdb777ec3eadbedc6305c9e2250934abcfe7581031fbb4b1efe410c06bdcb2"",""max_displacement_m"":0.0},{""operation"":""segment_occurrence"",""parent_feature_key"":""d1ffa119c9265a6ac2ff55e52e13810c0081b0ff0d090abe6ca6ada95f4cae94"",""segment_index"":3,""source_segment_key"":""f9f1c6850eafbad17c7c0ab72f0862ea805652b2e5e684a0f0fa5fd52ccc4989"",""source_segment_kind"":""line"",""geometry_policy"":""versioned-source-segment-delivery-path""}]",32.02505556603137,,,
74,CABLE-CAD-4D17B,d1ffa119c9265a6ac2ff55e52e13810c0081b0ff0d090abe6ca6ada95f4cae94,01bdb777ec3eadbedc6305c9e2250934abcfe7581031fbb4b1efe410c06bdcb2,4D17B,FO 24 CORE,4,8dca346d239523cf1bc9097a4830e54210edf31a53972d11bf9abf17e7b75339,line,ordered_wcs_vertices,31.9386958135219,2,31.9386958135219,cad2gis.bulge_tessellation.v1,dimension_measured,54012bed56544b469c3225dabbe549a2d4ec3ecc2deb12277b9d291e25954835,31.93869581352192,2.1316282072803006e-14,31.93869581364854,31.911449470853956,31.93869581352192,measured,31.9387m,dwg_dimension,m,cad2gis.cable_segment.v1,CABLE-CAD-4D17B,,UNAVAILABLE,31.93869581364854,,UNAVAILABLE,SOURCE_ROUTE_SEGMENT,3,,BYLAYER,30,0.0,0.0,0.0,CABLE:24|ROT_QGIS:0.000000000,"[{""operation"":""identity"",""source_entity_key"":""01bdb777ec3eadbedc6305c9e2250934abcfe7581031fbb4b1efe410c06bdcb2"",""max_displacement_m"":0.0},{""operation"":""segment_occurrence"",""parent_feature_key"":""d1ffa119c9265a6ac2ff55e52e13810c0081b0ff0d090abe6ca6ada95f4cae94"",""segment_index"":4,""source_segment_key"":""8dca346d239523cf1bc9097a4830e54210edf31a53972d11bf9abf17e7b75339"",""source_segment_kind"":""line"",""geometry_policy"":""versioned-source-segment-delivery-path""}]",31.93869581352192,,,
75,CABLE-CAD-4D17B,d1ffa119c9265a6ac2ff55e52e13810c0081b0ff0d090abe6ca6ada95f4cae94,01bdb777ec3eadbedc6305c9e2250934abcfe7581031fbb4b1efe410c06bdcb2,4D17B,FO 24 CORE,5,3b3b467d9043f5682ca1bb7c8a27108172e668e9c8d8c7ff08ebb516fb8f3fa5,line,ordered_wcs_vertices,41.76570781109617,2,41.76570781109617,cad2gis.bulge_tessellation.v1,dimension_measured,e2b9d83de36c91e14027fefa0f5a5b0122311bcf52cf9e1b476f2096e008d8fa,41.76570781108967,-6.501466032204917e-12,41.76570781024492,41.73007307754358,41.76570781108967,measured,41.7657m,dwg_dimension,m,cad2gis.cable_segment.v1,CABLE-CAD-4D17B,,UNAVAILABLE,41.76570781024492,,UNAVAILABLE,SOURCE_ROUTE_SEGMENT,3,,BYLAYER,30,0.0,0.0,0.0,CABLE:24|ROT_QGIS:0.000000000,"[{""operation"":""identity"",""source_entity_key"":""01bdb777ec3eadbedc6305c9e2250934abcfe7581031fbb4b1efe410c06bdcb2"",""max_displacement_m"":0.0},{""operation"":""segment_occurrence"",""parent_feature_key"":""d1ffa119c9265a6ac2ff55e52e13810c0081b0ff0d090abe6ca6ada95f4cae94"",""segment_index"":5,""source_segment_key"":""3b3b467d9043f5682ca1bb7c8a27108172e668e9c8d8c7ff08ebb516fb8f3fa5"",""source_segment_kind"":""line"",""geometry_policy"":""versioned-source-segment-delivery-path""}]",41.76570781108967,,,
76,CABLE-CAD-4D17B,d1ffa119c9265a6ac2ff55e52e13810c0081b0ff0d090abe6ca6ada95f4cae94,01bdb777ec3eadbedc6305c9e2250934abcfe7581031fbb4b1efe410c06bdcb2,4D17B,FO 24 CORE,6,c819387b91d4f912a270b13a73a2a9abbd5d2f92e7c3ded95cdb26de60af4566,line,ordered_wcs_vertices,42.35763280590729,2,42.35763280590729,cad2gis.bulge_tessellation.v1,dimension_measured,525949f4f62e10bbd9d80482265af4360e2bbb981b5770047cb74baba16a10f1,42.35763280590982,2.5295321393059567e-12,42.3576328058418,42.32149336741942,42.35763280590982,measured,42.3576m,dwg_dimension,m,cad2gis.cable_segment.v1,CABLE-CAD-4D17B,,UNAVAILABLE,42.3576328058418,,UNAVAILABLE,SOURCE_ROUTE_SEGMENT,3,,BYLAYER,30,0.0,0.0,0.0,CABLE:24|ROT_QGIS:0.000000000,"[{""operation"":""identity"",""source_entity_key"":""01bdb777ec3eadbedc6305c9e2250934abcfe7581031fbb4b1efe410c06bdcb2"",""max_displacement_m"":0.0},{""operation"":""segment_occurrence"",""parent_feature_key"":""d1ffa119c9265a6ac2ff55e52e13810c0081b0ff0d090abe6ca6ada95f4cae94"",""segment_index"":6,""source_segment_key"":""c819387b91d4f912a270b13a73a2a9abbd5d2f92e7c3ded95cdb26de60af4566"",""source_segment_kind"":""line"",""geometry_policy"":""versioned-source-segment-delivery-path""}]",42.35763280590982,,,
77,CABLE-CAD-4D17B,d1ffa119c9265a6ac2ff55e52e13810c0081b0ff0d090abe6ca6ada95f4cae94,01bdb777ec3eadbedc6305c9e2250934abcfe7581031fbb4b1efe410c06bdcb2,4D17B,FO 24 CORE,7,942a8a5dfe1a0b57454bdc1dfee58cc1216efaf2fdb6ff20c8a2d0d1cab06055,line,ordered_wcs_vertices,42.77784716314753,2,42.77784716314753,cad2gis.bulge_tessellation.v1,dimension_measured,b0a32fb1771d30d2fd1ef4682d28f01a5a86062a5c0f20e83cac703a6b8f097e,42.77784716314636,-1.1652900866465643e-12,42.777847163874874,42.74134940053662,42.77784716314636,measured,42.7778m,dwg_dimension,m,cad2gis.cable_segment.v1,CABLE-CAD-4D17B,,UNAVAILABLE,42.777847163874874,,UNAVAILABLE,SOURCE_ROUTE_SEGMENT,3,,BYLAYER,30,0.0,0.0,0.0,CABLE:24|ROT_QGIS:0.000000000,"[{""operation"":""identity"",""source_entity_key"":""01bdb777ec3eadbedc6305c9e2250934abcfe7581031fbb4b1efe410c06bdcb2"",""max_displacement_m"":0.0},{""operation"":""segment_occurrence"",""parent_feature_key"":""d1ffa119c9265a6ac2ff55e52e13810c0081b0ff0d090abe6ca6ada95f4cae94"",""segment_index"":7,""source_segment_key"":""942a8a5dfe1a0b57454bdc1dfee58cc1216efaf2fdb6ff20c8a2d0d1cab06055"",""source_segment_kind"":""line"",""geometry_policy"":""versioned-source-segment-delivery-path""}]",42.77784716314636,,,
78,CABLE-CAD-4D17B,d1ffa119c9265a6ac2ff55e52e13810c0081b0ff0d090abe6ca6ada95f4cae94,01bdb777ec3eadbedc6305c9e2250934abcfe7581031fbb4b1efe410c06bdcb2,4D17B,FO 24 CORE,8,91e0c065067d06b11bcb8d310c7e2ec530653a744be686f8f2cf2fa11ef0cede,line,ordered_wcs_vertices,42.18618282976217,2,42.18618282976217,cad2gis.bulge_tessellation.v1,dimension_measured,72a378eb9440b0ed975ef5e7509db7d8fe76804338ba01cefffd53a0cc2b97b1,42.18618282976604,3.872457909892546e-12,42.18618282951488,42.15018981904331,42.18618282976604,measured,42.1862m,dwg_dimension,m,cad2gis.cable_segment.v1,CABLE-CAD-4D17B,,UNAVAILABLE,42.18618282951488,,UNAVAILABLE,SOURCE_ROUTE_SEGMENT,3,,BYLAYER,30,0.0,0.0,0.0,CABLE:24|ROT_QGIS:0.000000000,"[{""operation"":""identity"",""source_entity_key"":""01bdb777ec3eadbedc6305c9e2250934abcfe7581031fbb4b1efe410c06bdcb2"",""max_displacement_m"":0.0},{""operation"":""segment_occurrence"",""parent_feature_key"":""d1ffa119c9265a6ac2ff55e52e13810c0081b0ff0d090abe6ca6ada95f4cae94"",""segment_index"":8,""source_segment_key"":""91e0c065067d06b11bcb8d310c7e2ec530653a744be686f8f2cf2fa11ef0cede"",""source_segment_kind"":""line"",""geometry_policy"":""versioned-source-segment-delivery-path""}]",42.18618282976604,,,
79,CABLE-CAD-4D17B,d1ffa119c9265a6ac2ff55e52e13810c0081b0ff0d090abe6ca6ada95f4cae94,01bdb777ec3eadbedc6305c9e2250934abcfe7581031fbb4b1efe410c06bdcb2,4D17B,FO 24 CORE,9,463b85f96aa32763facfd8c0cad7737b349b21de84fe20efd25376b408ac8fbb,line,ordered_wcs_vertices,33.973329398806015,2,33.973329398806015,cad2gis.bulge_tessellation.v1,dimension_measured,c2d2accb24debc6ab4eff54246a20aaefff0d9e3f7613f6b34b5fe32ab6e7c72,33.97332939880289,-3.126388037344441e-12,33.973329399304404,33.94434366315019,33.97332939880289,measured,33.9733m,dwg_dimension,m,cad2gis.cable_segment.v1,CABLE-CAD-4D17B,,UNAVAILABLE,33.973329399304404,,UNAVAILABLE,SOURCE_ROUTE_SEGMENT,3,,BYLAYER,30,0.0,0.0,0.0,CABLE:24|ROT_QGIS:0.000000000,"[{""operation"":""identity"",""source_entity_key"":""01bdb777ec3eadbedc6305c9e2250934abcfe7581031fbb4b1efe410c06bdcb2"",""max_displacement_m"":0.0},{""operation"":""segment_occurrence"",""parent_feature_key"":""d1ffa119c9265a6ac2ff55e52e13810c0081b0ff0d090abe6ca6ada95f4cae94"",""segment_index"":9,""source_segment_key"":""463b85f96aa32763facfd8c0cad7737b349b21de84fe20efd25376b408ac8fbb"",""source_segment_kind"":""line"",""geometry_policy"":""versioned-source-segment-delivery-path""}]",33.97332939880289,,,
80,CABLE-CAD-4D17B,d1ffa119c9265a6ac2ff55e52e13810c0081b0ff0d090abe6ca6ada95f4cae94,01bdb777ec3eadbedc6305c9e2250934abcfe7581031fbb4b1efe410c06bdcb2,4D17B,FO 24 CORE,10,873a8a10364d92fb379f23538dc97180b05c47764d733d9b19f7739a661df288,line,ordered_wcs_vertices,39.94354524482425,2,39.94354524482425,cad2gis.bulge_tessellation.v1,dimension_measured,5b32356e643d141d9ad65c7f71750a20e102e2590718b3fb9a62bedc6b1a38c3,39.94354524482333,-9.166001291305292e-13,39.94354524442296,39.90946520812785,39.94354524482333,measured,39.9435m,dwg_dimension,m,cad2gis.cable_segment.v1,CABLE-CAD-4D17B,,UNAVAILABLE,39.94354524442296,,UNAVAILABLE,SOURCE_ROUTE_SEGMENT,3,,BYLAYER,30,0.0,0.0,0.0,CABLE:24|ROT_QGIS:0.000000000,"[{""operation"":""identity"",""source_entity_key"":""01bdb777ec3eadbedc6305c9e2250934abcfe7581031fbb4b1efe410c06bdcb2"",""max_displacement_m"":0.0},{""operation"":""segment_occurrence"",""parent_feature_key"":""d1ffa119c9265a6ac2ff55e52e13810c0081b0ff0d090abe6ca6ada95f4cae94"",""segment_index"":10,""source_segment_key"":""873a8a10364d92fb379f23538dc97180b05c47764d733d9b19f7739a661df288"",""source_segment_kind"":""line"",""geometry_policy"":""versioned-source-segment-delivery-path""}]",39.94354524482333,,,
81,CABLE-CAD-4D17B,d1ffa119c9265a6ac2ff55e52e13810c0081b0ff0d090abe6ca6ada95f4cae94,01bdb777ec3eadbedc6305c9e2250934abcfe7581031fbb4b1efe410c06bdcb2,4D17B,FO 24 CORE,11,1594895ba77532ae7a1eee72067d2fddd2e17188d03e2d77ff9c91abda5d70aa,line,ordered_wcs_vertices,43.382984503293514,2,43.382984503293514,cad2gis.bulge_tessellation.v1,dimension_measured,63fcd43497d2f11c0318f795e5bcc02189190e6027cd7fc9cc70e4d4d96f947c,43.38298450329285,-6.608047442568932e-13,43.38298450329945,43.34596178521791,43.38298450329285,measured,43.383m,dwg_dimension,m,cad2gis.cable_segment.v1,CABLE-CAD-4D17B,,UNAVAILABLE,43.38298450329945,,UNAVAILABLE,SOURCE_ROUTE_SEGMENT,3,,BYLAYER,30,0.0,0.0,0.0,CABLE:24|ROT_QGIS:0.000000000,"[{""operation"":""identity"",""source_entity_key"":""01bdb777ec3eadbedc6305c9e2250934abcfe7581031fbb4b1efe410c06bdcb2"",""max_displacement_m"":0.0},{""operation"":""segment_occurrence"",""parent_feature_key"":""d1ffa119c9265a6ac2ff55e52e13810c0081b0ff0d090abe6ca6ada95f4cae94"",""segment_index"":11,""source_segment_key"":""1594895ba77532ae7a1eee72067d2fddd2e17188d03e2d77ff9c91abda5d70aa"",""source_segment_kind"":""line"",""geometry_policy"":""versioned-source-segment-delivery-path""}]",43.38298450329285,,,
82,CABLE-CAD-4D17B,d1ffa119c9265a6ac2ff55e52e13810c0081b0ff0d090abe6ca6ada95f4cae94,01bdb777ec3eadbedc6305c9e2250934abcfe7581031fbb4b1efe410c06bdcb2,4D17B,FO 24 CORE,12,2c00ec829f2ab81f60de2f78ee0218d9f1cce0ee234bef3b54e545083d9181d3,line,ordered_wcs_vertices,39.64033845157773,2,39.64033845157773,cad2gis.bulge_tessellation.v1,dimension_measured,92b4b9085f9c07c2f37f318616961c88b95edb9d993663eb64c8bd0f28838a83,39.64033845157792,1.8474111129762605e-13,39.64033845173231,39.606496772220666,39.64033845157792,measured,39.6403m,dwg_dimension,m,cad2gis.cable_segment.v1,CABLE-CAD-4D17B,,UNAVAILABLE,39.64033845173231,,UNAVAILABLE,SOURCE_ROUTE_SEGMENT,3,,BYLAYER,30,0.0,0.0,0.0,CABLE:24|ROT_QGIS:0.000000000,"[{""operation"":""identity"",""source_entity_key"":""01bdb777ec3eadbedc6305c9e2250934abcfe7581031fbb4b1efe410c06bdcb2"",""max_displacement_m"":0.0},{""operation"":""segment_occurrence"",""parent_feature_key"":""d1ffa119c9265a6ac2ff55e52e13810c0081b0ff0d090abe6ca6ada95f4cae94"",""segment_index"":12,""source_segment_key"":""2c00ec829f2ab81f60de2f78ee0218d9f1cce0ee234bef3b54e545083d9181d3"",""source_segment_kind"":""line"",""geometry_policy"":""versioned-source-segment-delivery-path""}]",39.64033845157792,,,
83,CABLE-CAD-4D17B,d1ffa119c9265a6ac2ff55e52e13810c0081b0ff0d090abe6ca6ada95f4cae94,01bdb777ec3eadbedc6305c9e2250934abcfe7581031fbb4b1efe410c06bdcb2,4D17B,FO 24 CORE,13,95b9a682a8aeffa4f5e173584c0c3473adbeb6292a1a69d322e29c1d1cb83633,line,ordered_wcs_vertices,10.591239817666983,2,10.591239817666983,cad2gis.bulge_tessellation.v1,dimension_measured,3b1b39b40df955f1eb25224fd23419c5502dd3316f59294e2ebfecd3965f12f6,10.59123981766697,-1.2434497875801753e-14,10.591239817607661,10.582195799999438,10.59123981766697,measured,10.5912m,dwg_dimension,m,cad2gis.cable_segment.v1,CABLE-CAD-4D17B,,UNAVAILABLE,10.591239817607661,,UNAVAILABLE,SOURCE_ROUTE_SEGMENT,3,,BYLAYER,30,0.0,0.0,0.0,CABLE:24|ROT_QGIS:0.000000000,"[{""operation"":""identity"",""source_entity_key"":""01bdb777ec3eadbedc6305c9e2250934abcfe7581031fbb4b1efe410c06bdcb2"",""max_displacement_m"":0.0},{""operation"":""segment_occurrence"",""parent_feature_key"":""d1ffa119c9265a6ac2ff55e52e13810c0081b0ff0d090abe6ca6ada95f4cae94"",""segment_index"":13,""source_segment_key"":""95b9a682a8aeffa4f5e173584c0c3473adbeb6292a1a69d322e29c1d1cb83633"",""source_segment_kind"":""line"",""geometry_policy"":""versioned-source-segment-delivery-path""}]",10.59123981766697,,,
84,CABLE-CAD-4D17B,d1ffa119c9265a6ac2ff55e52e13810c0081b0ff0d090abe6ca6ada95f4cae94,01bdb777ec3eadbedc6305c9e2250934abcfe7581031fbb4b1efe410c06bdcb2,4D17B,FO 24 CORE,14,b35010602ff823e1a7bf183e6bf6db63c365b71d05e2e4645d281938f4ea969f,line,ordered_wcs_vertices,34.618092493651694,2,34.618092493651694,cad2gis.bulge_tessellation.v1,dimension_measured,13287c3f8b1948175e8ebb473f547f971b1f3e8f8eb6d1abed4ba9fd0e5f0254,34.61809249365979,8.093081760307541e-12,34.61809249316059,34.588530957247826,34.61809249365979,measured,34.6181m,dwg_dimension,m,cad2gis.cable_segment.v1,CABLE-CAD-4D17B,,UNAVAILABLE,34.61809249316059,,UNAVAILABLE,SOURCE_ROUTE_SEGMENT,3,,BYLAYER,30,0.0,0.0,0.0,CABLE:24|ROT_QGIS:0.000000000,"[{""operation"":""identity"",""source_entity_key"":""01bdb777ec3eadbedc6305c9e2250934abcfe7581031fbb4b1efe410c06bdcb2"",""max_displacement_m"":0.0},{""operation"":""segment_occurrence"",""parent_feature_key"":""d1ffa119c9265a6ac2ff55e52e13810c0081b0ff0d090abe6ca6ada95f4cae94"",""segment_index"":14,""source_segment_key"":""b35010602ff823e1a7bf183e6bf6db63c365b71d05e2e4645d281938f4ea969f"",""source_segment_kind"":""line"",""geometry_policy"":""versioned-source-segment-delivery-path""}]",34.61809249365979,,,
85,CABLE-CAD-4D17B,d1ffa119c9265a6ac2ff55e52e13810c0081b0ff0d090abe6ca6ada95f4cae94,01bdb777ec3eadbedc6305c9e2250934abcfe7581031fbb4b1efe410c06bdcb2,4D17B,FO 24 CORE,15,a704bf6931965abecc63442ebcfaff371a12b8fa4ae71e7a784dadb337dca40d,line,ordered_wcs_vertices,58.570012549441664,2,58.570012549441664,cad2gis.bulge_tessellation.v1,dimension_measured,4b7f14ca381ce1b35adb1b37335a37d9658e195d3cfe7e456bbaa40a9cde3719,58.57001254944407,2.4087398742267396e-12,58.570012550101815,58.52000082761551,58.57001254944407,measured,58.57m,dwg_dimension,m,cad2gis.cable_segment.v1,CABLE-CAD-4D17B,,UNAVAILABLE,58.570012550101815,,UNAVAILABLE,SOURCE_ROUTE_SEGMENT,3,,BYLAYER,30,0.0,0.0,0.0,CABLE:24|ROT_QGIS:0.000000000,"[{""operation"":""identity"",""source_entity_key"":""01bdb777ec3eadbedc6305c9e2250934abcfe7581031fbb4b1efe410c06bdcb2"",""max_displacement_m"":0.0},{""operation"":""segment_occurrence"",""parent_feature_key"":""d1ffa119c9265a6ac2ff55e52e13810c0081b0ff0d090abe6ca6ada95f4cae94"",""segment_index"":15,""source_segment_key"":""a704bf6931965abecc63442ebcfaff371a12b8fa4ae71e7a784dadb337dca40d"",""source_segment_kind"":""line"",""geometry_policy"":""versioned-source-segment-delivery-path""}]",58.57001254944407,,,
86,CABLE-CAD-4D17B,d1ffa119c9265a6ac2ff55e52e13810c0081b0ff0d090abe6ca6ada95f4cae94,01bdb777ec3eadbedc6305c9e2250934abcfe7581031fbb4b1efe410c06bdcb2,4D17B,FO 24 CORE,16,182cc2f69317bcc9b9b49bc42aecbfe5fcbc1d42bd1d65c090b39afc5fecbb73,line,ordered_wcs_vertices,0.6861089797935477,2,0.6861089797935477,cad2gis.bulge_tessellation.v1,dimension_measured,94d67ea7871ffa0080a241202dbf512918906870c116c62f03d335485c30fda1,0.6861089797935165,-3.11972669919669e-14,0.686108979819284,0.6855231449590801,0.6861089797935165,measured,0.686109m,dwg_dimension,m,cad2gis.cable_segment.v1,CABLE-CAD-4D17B,,UNAVAILABLE,0.686108979819284,,UNAVAILABLE,SOURCE_ROUTE_SEGMENT,3,,BYLAYER,30,0.0,0.0,0.0,CABLE:24|ROT_QGIS:0.000000000,"[{""operation"":""identity"",""source_entity_key"":""01bdb777ec3eadbedc6305c9e2250934abcfe7581031fbb4b1efe410c06bdcb2"",""max_displacement_m"":0.0},{""operation"":""segment_occurrence"",""parent_feature_key"":""d1ffa119c9265a6ac2ff55e52e13810c0081b0ff0d090abe6ca6ada95f4cae94"",""segment_index"":16,""source_segment_key"":""182cc2f69317bcc9b9b49bc42aecbfe5fcbc1d42bd1d65c090b39afc5fecbb73"",""source_segment_kind"":""line"",""geometry_policy"":""versioned-source-segment-delivery-path""}]",0.6861089797935165,,,
87,CABLE-CAD-4D17B,d1ffa119c9265a6ac2ff55e52e13810c0081b0ff0d090abe6ca6ada95f4cae94,01bdb777ec3eadbedc6305c9e2250934abcfe7581031fbb4b1efe410c06bdcb2,4D17B,FO 24 CORE,17,e6ca0e53ea8cff57be1168b2f3b3bb3475a330216dd6bc86deb7ad8e8b7104fd,line,ordered_wcs_vertices,58.54440143698727,2,58.54440143698727,cad2gis.bulge_tessellation.v1,dimension_measured,a0802b8bc040a4dd1be8bf02b69ba0fb180de3c63e03042a6abe4ed7a2b5b33d,58.54440143697866,-8.611777957412414e-12,58.54440143599213,58.49441121864882,58.54440143697866,measured,58.5444m,dwg_dimension,m,cad2gis.cable_segment.v1,CABLE-CAD-4D17B,,UNAVAILABLE,58.54440143599213,,UNAVAILABLE,SOURCE_ROUTE_SEGMENT,3,,BYLAYER,30,0.0,0.0,0.0,CABLE:24|ROT_QGIS:0.000000000,"[{""operation"":""identity"",""source_entity_key"":""01bdb777ec3eadbedc6305c9e2250934abcfe7581031fbb4b1efe410c06bdcb2"",""max_displacement_m"":0.0},{""operation"":""segment_occurrence"",""parent_feature_key"":""d1ffa119c9265a6ac2ff55e52e13810c0081b0ff0d090abe6ca6ada95f4cae94"",""segment_index"":17,""source_segment_key"":""e6ca0e53ea8cff57be1168b2f3b3bb3475a330216dd6bc86deb7ad8e8b7104fd"",""source_segment_kind"":""line"",""geometry_policy"":""versioned-source-segment-delivery-path""}]",58.54440143697866,,,
88,CABLE-CAD-4D17B,d1ffa119c9265a6ac2ff55e52e13810c0081b0ff0d090abe6ca6ada95f4cae94,01bdb777ec3eadbedc6305c9e2250934abcfe7581031fbb4b1efe410c06bdcb2,4D17B,FO 24 CORE,18,fe06498a507df13faf469b88fc5f917e04ae676ef782569fd14350e9352b19a3,line,ordered_wcs_vertices,34.52310061492664,2,34.52310061492664,cad2gis.bulge_tessellation.v1,dimension_measured,42b33e173922402df8677683f7662b34e1f04cac457d05550ddf5d4cfeb8b579,34.52310061492608,-5.613287612504791e-13,34.523100615177334,34.49361994140143,34.52310061492608,measured,34.5231m,dwg_dimension,m,cad2gis.cable_segment.v1,CABLE-CAD-4D17B,,UNAVAILABLE,34.523100615177334,,UNAVAILABLE,SOURCE_ROUTE_SEGMENT,3,,BYLAYER,30,0.0,0.0,0.0,CABLE:24|ROT_QGIS:0.000000000,"[{""operation"":""identity"",""source_entity_key"":""01bdb777ec3eadbedc6305c9e2250934abcfe7581031fbb4b1efe410c06bdcb2"",""max_displacement_m"":0.0},{""operation"":""segment_occurrence"",""parent_feature_key"":""d1ffa119c9265a6ac2ff55e52e13810c0081b0ff0d090abe6ca6ada95f4cae94"",""segment_index"":18,""source_segment_key"":""fe06498a507df13faf469b88fc5f917e04ae676ef782569fd14350e9352b19a3"",""source_segment_kind"":""line"",""geometry_policy"":""versioned-source-segment-delivery-path""}]",34.52310061492608,,,
89,CABLE-CAD-4D17B,d1ffa119c9265a6ac2ff55e52e13810c0081b0ff0d090abe6ca6ada95f4cae94,01bdb777ec3eadbedc6305c9e2250934abcfe7581031fbb4b1efe410c06bdcb2,4D17B,FO 24 CORE,19,29ebd88c19274515f9906faba4e8a699180a8b60b4fae9630774863fb51c53a4,line,ordered_wcs_vertices,42.17824253661299,2,42.17824253661299,cad2gis.bulge_tessellation.v1,dimension_measured,0ab3b149db1faf1d79be925d14cf39bf6a172e357820876659bb1b4b3db4a6d4,42.17824253661092,-2.0747847884194925e-12,42.17824253758574,42.14222235999215,42.17824253661092,measured,42.1782m,dwg_dimension,m,cad2gis.cable_segment.v1,CABLE-CAD-4D17B,,UNAVAILABLE,42.17824253758574,,UNAVAILABLE,SOURCE_ROUTE_SEGMENT,3,,BYLAYER,30,0.0,0.0,0.0,CABLE:24|ROT_QGIS:0.000000000,"[{""operation"":""identity"",""source_entity_key"":""01bdb777ec3eadbedc6305c9e2250934abcfe7581031fbb4b1efe410c06bdcb2"",""max_displacement_m"":0.0},{""operation"":""segment_occurrence"",""parent_feature_key"":""d1ffa119c9265a6ac2ff55e52e13810c0081b0ff0d090abe6ca6ada95f4cae94"",""segment_index"":19,""source_segment_key"":""29ebd88c19274515f9906faba4e8a699180a8b60b4fae9630774863fb51c53a4"",""source_segment_kind"":""line"",""geometry_policy"":""versioned-source-segment-delivery-path""}]",42.17824253661092,,,
90,CABLE-CAD-4D17B,d1ffa119c9265a6ac2ff55e52e13810c0081b0ff0d090abe6ca6ada95f4cae94,01bdb777ec3eadbedc6305c9e2250934abcfe7581031fbb4b1efe410c06bdcb2,4D17B,FO 24 CORE,20,c8e9a57326a4ce8b1c32d309f41cea4d2c6f71033eaa6a871e72f8e2b632deef,line,ordered_wcs_vertices,13.501651728650074,2,13.501651728650074,cad2gis.bulge_tessellation.v1,dimension_measured,e1be70321706a9c2fe5d9adc4a219411d774ae35dc6df5f92602ee1fadf9ada8,13.50165172865309,3.0162539133016253e-12,13.501651728227541,13.490120701934048,13.50165172865309,measured,13.5017m,dwg_dimension,m,cad2gis.cable_segment.v1,CABLE-CAD-4D17B,,UNAVAILABLE,13.501651728227541,,UNAVAILABLE,SOURCE_ROUTE_SEGMENT,3,,BYLAYER,30,0.0,0.0,0.0,CABLE:24|ROT_QGIS:0.000000000,"[{""operation"":""identity"",""source_entity_key"":""01bdb777ec3eadbedc6305c9e2250934abcfe7581031fbb4b1efe410c06bdcb2"",""max_displacement_m"":0.0},{""operation"":""segment_occurrence"",""parent_feature_key"":""d1ffa119c9265a6ac2ff55e52e13810c0081b0ff0d090abe6ca6ada95f4cae94"",""segment_index"":20,""source_segment_key"":""c8e9a57326a4ce8b1c32d309f41cea4d2c6f71033eaa6a871e72f8e2b632deef"",""source_segment_kind"":""line"",""geometry_policy"":""versioned-source-segment-delivery-path""}]",13.50165172865309,,,
91,CABLE-CAD-4D17B,d1ffa119c9265a6ac2ff55e52e13810c0081b0ff0d090abe6ca6ada95f4cae94,01bdb777ec3eadbedc6305c9e2250934abcfe7581031fbb4b1efe410c06bdcb2,4D17B,FO 24 CORE,21,8dc6667f343adba94a02858cf512c3d502a36e51ab8e3a28f25f5bf39b83b44f,line,ordered_wcs_vertices,37.6526222151347,2,37.6526222151347,cad2gis.bulge_tessellation.v1,dimension_measured,cd4dcefa8a85673ac069c8888b72398a8ffe7db4760d63bc2d4869956caeb4e0,37.65262221513331,-1.3855583347321954e-12,37.65262221537142,37.62045923092585,37.65262221513331,measured,37.6526m,dwg_dimension,m,cad2gis.cable_segment.v1,CABLE-CAD-4D17B,,UNAVAILABLE,37.65262221537142,,UNAVAILABLE,SOURCE_ROUTE_SEGMENT,3,,BYLAYER,30,0.0,0.0,0.0,CABLE:24|ROT_QGIS:0.000000000,"[{""operation"":""identity"",""source_entity_key"":""01bdb777ec3eadbedc6305c9e2250934abcfe7581031fbb4b1efe410c06bdcb2"",""max_displacement_m"":0.0},{""operation"":""segment_occurrence"",""parent_feature_key"":""d1ffa119c9265a6ac2ff55e52e13810c0081b0ff0d090abe6ca6ada95f4cae94"",""segment_index"":21,""source_segment_key"":""8dc6667f343adba94a02858cf512c3d502a36e51ab8e3a28f25f5bf39b83b44f"",""source_segment_kind"":""line"",""geometry_policy"":""versioned-source-segment-delivery-path""}]",37.65262221513331,,,
92,CABLE-CAD-4D17B,d1ffa119c9265a6ac2ff55e52e13810c0081b0ff0d090abe6ca6ada95f4cae94,01bdb777ec3eadbedc6305c9e2250934abcfe7581031fbb4b1efe410c06bdcb2,4D17B,FO 24 CORE,22,fe63afa767320a534fbb040686ded7202b8e1e770eb3af1f5df08faea8c98748,line,ordered_wcs_vertices,35.197461959707645,2,35.197461959707645,cad2gis.bulge_tessellation.v1,dimension_measured,c4d3eb4f8a9f4113c06321cb62470aaa1616fc72b31e1408b87b60d05e4c4cf2,35.19746195970947,1.8260948309034575e-12,35.197461959637415,35.16738623335953,35.19746195970947,measured,35.1975m,dwg_dimension,m,cad2gis.cable_segment.v1,CABLE-CAD-4D17B,,UNAVAILABLE,35.197461959637415,,UNAVAILABLE,SOURCE_ROUTE_SEGMENT,3,,BYLAYER,30,0.0,0.0,0.0,CABLE:24|ROT_QGIS:0.000000000,"[{""operation"":""identity"",""source_entity_key"":""01bdb777ec3eadbedc6305c9e2250934abcfe7581031fbb4b1efe410c06bdcb2"",""max_displacement_m"":0.0},{""operation"":""segment_occurrence"",""parent_feature_key"":""d1ffa119c9265a6ac2ff55e52e13810c0081b0ff0d090abe6ca6ada95f4cae94"",""segment_index"":22,""source_segment_key"":""fe63afa767320a534fbb040686ded7202b8e1e770eb3af1f5df08faea8c98748"",""source_segment_kind"":""line"",""geometry_policy"":""versioned-source-segment-delivery-path""}]",35.19746195970947,,,
93,CABLE-CAD-4D17B,d1ffa119c9265a6ac2ff55e52e13810c0081b0ff0d090abe6ca6ada95f4cae94,01bdb777ec3eadbedc6305c9e2250934abcfe7581031fbb4b1efe410c06bdcb2,4D17B,FO 24 CORE,23,f75c2cbc6169a0929300ec03ccdece4a7d98879d4851c4892d352b115271f2df,line,ordered_wcs_vertices,43.25440921799811,2,43.25440921799811,cad2gis.bulge_tessellation.v1,dimension_measured,357d42712e2764041d9805941d036541d09f7e62b98c920be40e9bdedad433e2,43.25440921799691,-1.2008172234345693e-12,43.25440921790745,43.217435733496565,43.25440921799691,measured,43.2544m,dwg_dimension,m,cad2gis.cable_segment.v1,CABLE-CAD-4D17B,,UNAVAILABLE,43.25440921790745,,UNAVAILABLE,SOURCE_ROUTE_SEGMENT,3,,BYLAYER,30,0.0,0.0,0.0,CABLE:24|ROT_QGIS:0.000000000,"[{""operation"":""identity"",""source_entity_key"":""01bdb777ec3eadbedc6305c9e2250934abcfe7581031fbb4b1efe410c06bdcb2"",""max_displacement_m"":0.0},{""operation"":""segment_occurrence"",""parent_feature_key"":""d1ffa119c9265a6ac2ff55e52e13810c0081b0ff0d090abe6ca6ada95f4cae94"",""segment_index"":23,""source_segment_key"":""f75c2cbc6169a0929300ec03ccdece4a7d98879d4851c4892d352b115271f2df"",""source_segment_kind"":""line"",""geometry_policy"":""versioned-source-segment-delivery-path""}]",43.25440921799691,,,
94,CABLE-CAD-4D17B,d1ffa119c9265a6ac2ff55e52e13810c0081b0ff0d090abe6ca6ada95f4cae94,01bdb777ec3eadbedc6305c9e2250934abcfe7581031fbb4b1efe410c06bdcb2,4D17B,FO 24 CORE,24,3985fb67149afc5d5d5f0cc330175a38446ef7469714fe881809caa5df930afc,line,ordered_wcs_vertices,39.63953556990786,2,39.63953556990786,cad2gis.bulge_tessellation.v1,dimension_measured,f523138fbef7f82067cb724a3bf6883507bef4712bcd6a0f83d8c0c957a391e7,39.63953556990782,-4.263256414560601e-14,39.63953556987481,39.60563927798206,39.63953556990782,measured,39.6395m,dwg_dimension,m,cad2gis.cable_segment.v1,CABLE-CAD-4D17B,,UNAVAILABLE,39.63953556987481,,UNAVAILABLE,SOURCE_ROUTE_SEGMENT,3,,BYLAYER,30,0.0,0.0,0.0,CABLE:24|ROT_QGIS:0.000000000,"[{""operation"":""identity"",""source_entity_key"":""01bdb777ec3eadbedc6305c9e2250934abcfe7581031fbb4b1efe410c06bdcb2"",""max_displacement_m"":0.0},{""operation"":""segment_occurrence"",""parent_feature_key"":""d1ffa119c9265a6ac2ff55e52e13810c0081b0ff0d090abe6ca6ada95f4cae94"",""segment_index"":24,""source_segment_key"":""3985fb67149afc5d5d5f0cc330175a38446ef7469714fe881809caa5df930afc"",""source_segment_kind"":""line"",""geometry_policy"":""versioned-source-segment-delivery-path""}]",39.63953556990782,,,
95,CABLE-CAD-4D17B,d1ffa119c9265a6ac2ff55e52e13810c0081b0ff0d090abe6ca6ada95f4cae94,01bdb777ec3eadbedc6305c9e2250934abcfe7581031fbb4b1efe410c06bdcb2,4D17B,FO 24 CORE,25,99470a26b3c2bf4b95377f04d18dda79cf05acc501480400606f7d04ac6b2df2,line,ordered_wcs_vertices,38.85774284610042,2,38.85774284610042,cad2gis.bulge_tessellation.v1,dimension_measured,dab558215de4f4e821d7931df5dd2910ea1887c5575ea81188b54cdc62462ecc,38.85774284609943,-9.947598300641403e-13,38.85774284625784,38.82450321697895,38.85774284609943,measured,38.8577m,dwg_dimension,m,cad2gis.cable_segment.v1,CABLE-CAD-4D17B,,UNAVAILABLE,38.85774284625784,,UNAVAILABLE,SOURCE_ROUTE_SEGMENT,3,,BYLAYER,30,0.0,0.0,0.0,CABLE:24|ROT_QGIS:0.000000000,"[{""operation"":""identity"",""source_entity_key"":""01bdb777ec3eadbedc6305c9e2250934abcfe7581031fbb4b1efe410c06bdcb2"",""max_displacement_m"":0.0},{""operation"":""segment_occurrence"",""parent_feature_key"":""d1ffa119c9265a6ac2ff55e52e13810c0081b0ff0d090abe6ca6ada95f4cae94"",""segment_index"":25,""source_segment_key"":""99470a26b3c2bf4b95377f04d18dda79cf05acc501480400606f7d04ac6b2df2"",""source_segment_kind"":""line"",""geometry_policy"":""versioned-source-segment-delivery-path""}]",38.85774284609943,,,
96,CABLE-CAD-4D17B,d1ffa119c9265a6ac2ff55e52e13810c0081b0ff0d090abe6ca6ada95f4cae94,01bdb777ec3eadbedc6305c9e2250934abcfe7581031fbb4b1efe410c06bdcb2,4D17B,FO 24 CORE,26,9db60aba47e24071c02df04e31de2b8e0090906d183f9f78b3bc71467304a1f2,line,ordered_wcs_vertices,40.95263676952178,2,40.95263676952178,cad2gis.bulge_tessellation.v1,dimension_measured,08a2e3fd154a4acf5fa38bc88b58d99e2cb29c6f2a3cd2c1a3a78f307f05b684,40.95263676952163,-1.4921397450962104e-13,40.9526367695618,40.91759240111828,40.95263676952163,measured,40.9526m,dwg_dimension,m,cad2gis.cable_segment.v1,CABLE-CAD-4D17B,,UNAVAILABLE,40.9526367695618,,UNAVAILABLE,SOURCE_ROUTE_SEGMENT,3,,BYLAYER,30,0.0,0.0,0.0,CABLE:24|ROT_QGIS:0.000000000,"[{""operation"":""identity"",""source_entity_key"":""01bdb777ec3eadbedc6305c9e2250934abcfe7581031fbb4b1efe410c06bdcb2"",""max_displacement_m"":0.0},{""operation"":""segment_occurrence"",""parent_feature_key"":""d1ffa119c9265a6ac2ff55e52e13810c0081b0ff0d090abe6ca6ada95f4cae94"",""segment_index"":26,""source_segment_key"":""9db60aba47e24071c02df04e31de2b8e0090906d183f9f78b3bc71467304a1f2"",""source_segment_kind"":""line"",""geometry_policy"":""versioned-source-segment-delivery-path""}]",40.95263676952163,,,
97,CABLE-CAD-4D17B,d1ffa119c9265a6ac2ff55e52e13810c0081b0ff0d090abe6ca6ada95f4cae94,01bdb777ec3eadbedc6305c9e2250934abcfe7581031fbb4b1efe410c06bdcb2,4D17B,FO 24 CORE,27,c3a8f5bfe708bb51576791ecdf54b1cfac6774838d0b8838154b3abea98af95c,line,ordered_wcs_vertices,40.126568660060435,2,40.126568660060435,cad2gis.bulge_tessellation.v1,dimension_measured,7bba557d8597d00fd4d58ffb72e8ceb44740496ce41d50fa0bbf0ba454a0770c,40.12656866006091,4.760636329592671e-13,40.12656866003246,40.09221853021357,40.12656866006091,measured,40.1266m,dwg_dimension,m,cad2gis.cable_segment.v1,CABLE-CAD-4D17B,,UNAVAILABLE,40.12656866003246,,UNAVAILABLE,SOURCE_ROUTE_SEGMENT,3,,BYLAYER,30,0.0,0.0,0.0,CABLE:24|ROT_QGIS:0.000000000,"[{""operation"":""identity"",""source_entity_key"":""01bdb777ec3eadbedc6305c9e2250934abcfe7581031fbb4b1efe410c06bdcb2"",""max_displacement_m"":0.0},{""operation"":""segment_occurrence"",""parent_feature_key"":""d1ffa119c9265a6ac2ff55e52e13810c0081b0ff0d090abe6ca6ada95f4cae94"",""segment_index"":27,""source_segment_key"":""c3a8f5bfe708bb51576791ecdf54b1cfac6774838d0b8838154b3abea98af95c"",""source_segment_kind"":""line"",""geometry_policy"":""versioned-source-segment-delivery-path""}]",40.12656866006091,,,
98,CABLE-CAD-4D17B,d1ffa119c9265a6ac2ff55e52e13810c0081b0ff0d090abe6ca6ada95f4cae94,01bdb777ec3eadbedc6305c9e2250934abcfe7581031fbb4b1efe410c06bdcb2,4D17B,FO 24 CORE,28,4834b8b371545b02fc2e6de0ac628e8491310925b7a3ab7f073ac44dacccb4e7,line,ordered_wcs_vertices,39.66849611550526,2,39.66849611550526,cad2gis.bulge_tessellation.v1,dimension_measured,3ad0516ae9f512a4f325c132d417ea90139be18308d9600eb180a416be4e96e5,39.66849611550515,-1.1368683772161603e-13,39.66849611540896,39.63452580911693,39.66849611550515,measured,39.6685m,dwg_dimension,m,cad2gis.cable_segment.v1,CABLE-CAD-4D17B,,UNAVAILABLE,39.66849611540896,,UNAVAILABLE,SOURCE_ROUTE_SEGMENT,3,,BYLAYER,30,0.0,0.0,0.0,CABLE:24|ROT_QGIS:0.000000000,"[{""operation"":""identity"",""source_entity_key"":""01bdb777ec3eadbedc6305c9e2250934abcfe7581031fbb4b1efe410c06bdcb2"",""max_displacement_m"":0.0},{""operation"":""segment_occurrence"",""parent_feature_key"":""d1ffa119c9265a6ac2ff55e52e13810c0081b0ff0d090abe6ca6ada95f4cae94"",""segment_index"":28,""source_segment_key"":""4834b8b371545b02fc2e6de0ac628e8491310925b7a3ab7f073ac44dacccb4e7"",""source_segment_kind"":""line"",""geometry_policy"":""versioned-source-segment-delivery-path""}]",39.66849611550515,,,
99,CABLE-CAD-4D17B,d1ffa119c9265a6ac2ff55e52e13810c0081b0ff0d090abe6ca6ada95f4cae94,01bdb777ec3eadbedc6305c9e2250934abcfe7581031fbb4b1efe410c06bdcb2,4D17B,FO 24 CORE,29,a3efe408809dcbed1e9d8e0e5a937941b807d90a65b2057d0fb006ff1cfdd6f1,line,ordered_wcs_vertices,38.1283275335741,2,38.1283275335741,cad2gis.bulge_tessellation.v1,dimension_measured,1c134713082638c96c4e6aaa111695a50b6491401d5ab73a3920054e3ac65819,38.12832753357361,-4.902744876744691e-13,38.12832753367582,38.09566463035886,38.12832753357361,measured,38.1283m,dwg_dimension,m,cad2gis.cable_segment.v1,CABLE-CAD-4D17B,,UNAVAILABLE,38.12832753367582,,UNAVAILABLE,SOURCE_ROUTE_SEGMENT,3,,BYLAYER,30,0.0,0.0,0.0,CABLE:24|ROT_QGIS:0.000000000,"[{""operation"":""identity"",""source_entity_key"":""01bdb777ec3eadbedc6305c9e2250934abcfe7581031fbb4b1efe410c06bdcb2"",""max_displacement_m"":0.0},{""operation"":""segment_occurrence"",""parent_feature_key"":""d1ffa119c9265a6ac2ff55e52e13810c0081b0ff0d090abe6ca6ada95f4cae94"",""segment_index"":29,""source_segment_key"":""a3efe408809dcbed1e9d8e0e5a937941b807d90a65b2057d0fb006ff1cfdd6f1"",""source_segment_kind"":""line"",""geometry_policy"":""versioned-source-segment-delivery-path""}]",38.12832753357361,,,
100,CABLE-CAD-4D17B,d1ffa119c9265a6ac2ff55e52e13810c0081b0ff0d090abe6ca6ada95f4cae94,01bdb777ec3eadbedc6305c9e2250934abcfe7581031fbb4b1efe410c06bdcb2,4D17B,FO 24 CORE,30,e7be2d4506e5e14fb0b2c2e5088efd00a7dcc76825cfedca860753bff8541bd8,line,ordered_wcs_vertices,44.85488623187585,2,44.85488623187585,cad2gis.bulge_tessellation.v1,dimension_measured,cba573f77e14ace1008619ad32eb8a527e86b12d27abca4c301c64a98991a733,44.85488623187575,-9.947598300641403e-14,44.85488623162848,44.81644648900307,44.85488623187575,measured,44.8549m,dwg_dimension,m,cad2gis.cable_segment.v1,CABLE-CAD-4D17B,,UNAVAILABLE,44.85488623162848,,UNAVAILABLE,SOURCE_ROUTE_SEGMENT,3,,BYLAYER,30,0.0,0.0,0.0,CABLE:24|ROT_QGIS:0.000000000,"[{""operation"":""identity"",""source_entity_key"":""01bdb777ec3eadbedc6305c9e2250934abcfe7581031fbb4b1efe410c06bdcb2"",""max_displacement_m"":0.0},{""operation"":""segment_occurrence"",""parent_feature_key"":""d1ffa119c9265a6ac2ff55e52e13810c0081b0ff0d090abe6ca6ada95f4cae94"",""segment_index"":30,""source_segment_key"":""e7be2d4506e5e14fb0b2c2e5088efd00a7dcc76825cfedca860753bff8541bd8"",""source_segment_kind"":""line"",""geometry_policy"":""versioned-source-segment-delivery-path""}]",44.85488623187575,,,
101,CABLE-CAD-4D17B,d1ffa119c9265a6ac2ff55e52e13810c0081b0ff0d090abe6ca6ada95f4cae94,01bdb777ec3eadbedc6305c9e2250934abcfe7581031fbb4b1efe410c06bdcb2,4D17B,FO 24 CORE,31,4401616958cc16d229e25cae1b767e08837c138ffd418f81471b5e66ea5e5c83,line,ordered_wcs_vertices,35.72141636077115,2,35.72141636077115,cad2gis.bulge_tessellation.v1,dimension_measured,0cdc0507cbd31b72d3f3f2b36630f29b4b8717b37b89c424d0a7bf810b5c6826,35.7214163607714,2.4868995751603507e-13,35.72141636096591,35.69079258845144,35.7214163607714,measured,35.7214m,dwg_dimension,m,cad2gis.cable_segment.v1,CABLE-CAD-4D17B,,UNAVAILABLE,35.72141636096591,,UNAVAILABLE,SOURCE_ROUTE_SEGMENT,3,,BYLAYER,30,0.0,0.0,0.0,CABLE:24|ROT_QGIS:0.000000000,"[{""operation"":""identity"",""source_entity_key"":""01bdb777ec3eadbedc6305c9e2250934abcfe7581031fbb4b1efe410c06bdcb2"",""max_displacement_m"":0.0},{""operation"":""segment_occurrence"",""parent_feature_key"":""d1ffa119c9265a6ac2ff55e52e13810c0081b0ff0d090abe6ca6ada95f4cae94"",""segment_index"":31,""source_segment_key"":""4401616958cc16d229e25cae1b767e08837c138ffd418f81471b5e66ea5e5c83"",""source_segment_kind"":""line"",""geometry_policy"":""versioned-source-segment-delivery-path""}]",35.7214163607714,,,
102,CABLE-CAD-4D17B,d1ffa119c9265a6ac2ff55e52e13810c0081b0ff0d090abe6ca6ada95f4cae94,01bdb777ec3eadbedc6305c9e2250934abcfe7581031fbb4b1efe410c06bdcb2,4D17B,FO 24 CORE,32,9989b655b3ef0794a1a491960879a1ff24394dab1587ed085278153cbd4abe8a,line,ordered_wcs_vertices,56.107985968732585,2,56.107985968732585,cad2gis.bulge_tessellation.v1,dimension_measured,3a24a2911569a7843eb13b8fcf468240ad1c7cf20e6db7e69c163f842f5e722f,56.10798596873246,-1.2789769243681803e-13,56.10798596862311,56.05986483512737,56.10798596873246,measured,56.108m,dwg_dimension,m,cad2gis.cable_segment.v1,CABLE-CAD-4D17B,,UNAVAILABLE,56.10798596862311,,UNAVAILABLE,SOURCE_ROUTE_SEGMENT,3,,BYLAYER,30,0.0,0.0,0.0,CABLE:24|ROT_QGIS:0.000000000,"[{""operation"":""identity"",""source_entity_key"":""01bdb777ec3eadbedc6305c9e2250934abcfe7581031fbb4b1efe410c06bdcb2"",""max_displacement_m"":0.0},{""operation"":""segment_occurrence"",""parent_feature_key"":""d1ffa119c9265a6ac2ff55e52e13810c0081b0ff0d090abe6ca6ada95f4cae94"",""segment_index"":32,""source_segment_key"":""9989b655b3ef0794a1a491960879a1ff24394dab1587ed085278153cbd4abe8a"",""source_segment_kind"":""line"",""geometry_policy"":""versioned-source-segment-delivery-path""}]",56.10798596873246,,,
103,CABLE-CAD-4D17B,d1ffa119c9265a6ac2ff55e52e13810c0081b0ff0d090abe6ca6ada95f4cae94,01bdb777ec3eadbedc6305c9e2250934abcfe7581031fbb4b1efe410c06bdcb2,4D17B,FO 24 CORE,33,30392a4c07b0bfd34bb05b1c02a2c64cc220423f587cde3094f1bdeca485b1a0,line,ordered_wcs_vertices,50.83448378058874,2,50.83448378058874,cad2gis.bulge_tessellation.v1,dimension_measured,16d6e75bc9542b49de54ab000c8558caf70b35998785e54698200f5b5a571119,50.83448378058984,1.1013412404281553e-12,50.83448378066316,50.7908643654105,50.83448378058984,measured,50.8345m,dwg_dimension,m,cad2gis.cable_segment.v1,CABLE-CAD-4D17B,,UNAVAILABLE,50.83448378066316,,UNAVAILABLE,SOURCE_ROUTE_SEGMENT,3,,BYLAYER,30,0.0,0.0,0.0,CABLE:24|ROT_QGIS:0.000000000,"[{""operation"":""identity"",""source_entity_key"":""01bdb777ec3eadbedc6305c9e2250934abcfe7581031fbb4b1efe410c06bdcb2"",""max_displacement_m"":0.0},{""operation"":""segment_occurrence"",""parent_feature_key"":""d1ffa119c9265a6ac2ff55e52e13810c0081b0ff0d090abe6ca6ada95f4cae94"",""segment_index"":33,""source_segment_key"":""30392a4c07b0bfd34bb05b1c02a2c64cc220423f587cde3094f1bdeca485b1a0"",""source_segment_kind"":""line"",""geometry_policy"":""versioned-source-segment-delivery-path""}]",50.83448378058984,,,
104,CABLE-CAD-4D17B,d1ffa119c9265a6ac2ff55e52e13810c0081b0ff0d090abe6ca6ada95f4cae94,01bdb777ec3eadbedc6305c9e2250934abcfe7581031fbb4b1efe410c06bdcb2,4D17B,FO 24 CORE,34,2d14dd58ca71859ffd5284b87b2c668d937c00f440ae03cf96bb0ff427d6ed4b,line,ordered_wcs_vertices,49.81727642597231,2,49.81727642597231,cad2gis.bulge_tessellation.v1,dimension_measured,cba444f0febf3a6c251c41847562da26c3f71c158dac5d8274d4ced97918f541,49.81727642597252,2.1316282072803006e-13,49.817276426005705,49.774510471700395,49.81727642597252,measured,49.8173m,dwg_dimension,m,cad2gis.cable_segment.v1,CABLE-CAD-4D17B,,UNAVAILABLE,49.817276426005705,,UNAVAILABLE,SOURCE_ROUTE_SEGMENT,3,,BYLAYER,30,0.0,0.0,0.0,CABLE:24|ROT_QGIS:0.000000000,"[{""operation"":""identity"",""source_entity_key"":""01bdb777ec3eadbedc6305c9e2250934abcfe7581031fbb4b1efe410c06bdcb2"",""max_displacement_m"":0.0},{""operation"":""segment_occurrence"",""parent_feature_key"":""d1ffa119c9265a6ac2ff55e52e13810c0081b0ff0d090abe6ca6ada95f4cae94"",""segment_index"":34,""source_segment_key"":""2d14dd58ca71859ffd5284b87b2c668d937c00f440ae03cf96bb0ff427d6ed4b"",""source_segment_kind"":""line"",""geometry_policy"":""versioned-source-segment-delivery-path""}]",49.81727642597252,,,
105,CABLE-CAD-4D17B,d1ffa119c9265a6ac2ff55e52e13810c0081b0ff0d090abe6ca6ada95f4cae94,01bdb777ec3eadbedc6305c9e2250934abcfe7581031fbb4b1efe410c06bdcb2,4D17B,FO 24 CORE,35,3ef2b928d0507dea6dfb54198ff612872dd302c01e11a0253d07da629f7900a9,line,ordered_wcs_vertices,36.35401738989388,2,36.35401738989388,cad2gis.bulge_tessellation.v1,dimension_measured,769a48b9bdad4eb64c8893e6f19e10d4d12de684cc90f640bb1068a04217fdd2,36.35401738989276,-1.1226575225009583e-12,36.35401738976525,36.32279698941467,36.35401738989276,measured,36.354m,dwg_dimension,m,cad2gis.cable_segment.v1,CABLE-CAD-4D17B,,UNAVAILABLE,36.35401738976525,,UNAVAILABLE,SOURCE_ROUTE_SEGMENT,3,,BYLAYER,30,0.0,0.0,0.0,CABLE:24|ROT_QGIS:0.000000000,"[{""operation"":""identity"",""source_entity_key"":""01bdb777ec3eadbedc6305c9e2250934abcfe7581031fbb4b1efe410c06bdcb2"",""max_displacement_m"":0.0},{""operation"":""segment_occurrence"",""parent_feature_key"":""d1ffa119c9265a6ac2ff55e52e13810c0081b0ff0d090abe6ca6ada95f4cae94"",""segment_index"":35,""source_segment_key"":""3ef2b928d0507dea6dfb54198ff612872dd302c01e11a0253d07da629f7900a9"",""source_segment_kind"":""line"",""geometry_policy"":""versioned-source-segment-delivery-path""}]",36.35401738989276,,,
106,CABLE-CAD-4D17B,d1ffa119c9265a6ac2ff55e52e13810c0081b0ff0d090abe6ca6ada95f4cae94,01bdb777ec3eadbedc6305c9e2250934abcfe7581031fbb4b1efe410c06bdcb2,4D17B,FO 24 CORE,36,99eada2202152e9002010c725ee5b58babf68fcb7bb97c224a2d709a59cac381,line,ordered_wcs_vertices,66.34591151496845,2,66.34591151496845,cad2gis.bulge_tessellation.v1,dimension_measured,e94db3857de5011b9cbbeb98a4651508ae2c810101f8f1f48f596fefb9f8d195,66.3459115149708,2.3447910280083306e-12,66.34591151488985,66.28890811726895,66.3459115149708,measured,66.3459m,dwg_dimension,m,cad2gis.cable_segment.v1,CABLE-CAD-4D17B,,UNAVAILABLE,66.34591151488985,,UNAVAILABLE,SOURCE_ROUTE_SEGMENT,3,,BYLAYER,30,0.0,0.0,0.0,CABLE:24|ROT_QGIS:0.000000000,"[{""operation"":""identity"",""source_entity_key"":""01bdb777ec3eadbedc6305c9e2250934abcfe7581031fbb4b1efe410c06bdcb2"",""max_displacement_m"":0.0},{""operation"":""segment_occurrence"",""parent_feature_key"":""d1ffa119c9265a6ac2ff55e52e13810c0081b0ff0d090abe6ca6ada95f4cae94"",""segment_index"":36,""source_segment_key"":""99eada2202152e9002010c725ee5b58babf68fcb7bb97c224a2d709a59cac381"",""source_segment_kind"":""line"",""geometry_policy"":""versioned-source-segment-delivery-path""}]",66.3459115149708,,,
107,CABLE-CAD-4D17B,d1ffa119c9265a6ac2ff55e52e13810c0081b0ff0d090abe6ca6ada95f4cae94,01bdb777ec3eadbedc6305c9e2250934abcfe7581031fbb4b1efe410c06bdcb2,4D17B,FO 24 CORE,37,13f20b9957008bfd443044cb333f62a670b6e849ac8d4301962f1ebe9e9134c9,line,ordered_wcs_vertices,44.06452606820233,2,44.06452606820233,cad2gis.bulge_tessellation.v1,dimension_measured,1c19f1439ea52225a628fba56e22a974b7e46d57a47da3827610b62204b22fac,44.06452606820312,7.887024366937112e-13,44.0645260682613,44.02664773770307,44.06452606820312,measured,44.0645m,dwg_dimension,m,cad2gis.cable_segment.v1,CABLE-CAD-4D17B,,UNAVAILABLE,44.0645260682613,,UNAVAILABLE,SOURCE_ROUTE_SEGMENT,3,,BYLAYER,30,0.0,0.0,0.0,CABLE:24|ROT_QGIS:0.000000000,"[{""operation"":""identity"",""source_entity_key"":""01bdb777ec3eadbedc6305c9e2250934abcfe7581031fbb4b1efe410c06bdcb2"",""max_displacement_m"":0.0},{""operation"":""segment_occurrence"",""parent_feature_key"":""d1ffa119c9265a6ac2ff55e52e13810c0081b0ff0d090abe6ca6ada95f4cae94"",""segment_index"":37,""source_segment_key"":""13f20b9957008bfd443044cb333f62a670b6e849ac8d4301962f1ebe9e9134c9"",""source_segment_kind"":""line"",""geometry_policy"":""versioned-source-segment-delivery-path""}]",44.06452606820312,,,
108,CABLE-CAD-4D17B,d1ffa119c9265a6ac2ff55e52e13810c0081b0ff0d090abe6ca6ada95f4cae94,01bdb777ec3eadbedc6305c9e2250934abcfe7581031fbb4b1efe410c06bdcb2,4D17B,FO 24 CORE,38,c038ac5b80838b797c849907769fcb4ba3e4c3621a5c0d03664204faf6e2fcf1,line,ordered_wcs_vertices,37.92940706979344,2,37.92940706979344,cad2gis.bulge_tessellation.v1,dimension_measured,2ad4ddc876802820ed43d5c43a4f3680d93177eb90c8392c04487bd520d57a16,37.92940706979243,-1.0089706847793423e-12,37.92940706977468,37.89679051854726,37.92940706979243,measured,37.9294m,dwg_dimension,m,cad2gis.cable_segment.v1,CABLE-CAD-4D17B,,UNAVAILABLE,37.92940706977468,,UNAVAILABLE,SOURCE_ROUTE_SEGMENT,3,,BYLAYER,30,0.0,0.0,0.0,CABLE:24|ROT_QGIS:0.000000000,"[{""operation"":""identity"",""source_entity_key"":""01bdb777ec3eadbedc6305c9e2250934abcfe7581031fbb4b1efe410c06bdcb2"",""max_displacement_m"":0.0},{""operation"":""segment_occurrence"",""parent_feature_key"":""d1ffa119c9265a6ac2ff55e52e13810c0081b0ff0d090abe6ca6ada95f4cae94"",""segment_index"":38,""source_segment_key"":""c038ac5b80838b797c849907769fcb4ba3e4c3621a5c0d03664204faf6e2fcf1"",""source_segment_kind"":""line"",""geometry_policy"":""versioned-source-segment-delivery-path""}]",37.92940706979243,,,
109,CABLE-CAD-4D17B,d1ffa119c9265a6ac2ff55e52e13810c0081b0ff0d090abe6ca6ada95f4cae94,01bdb777ec3eadbedc6305c9e2250934abcfe7581031fbb4b1efe410c06bdcb2,4D17B,FO 24 CORE,39,d8b9116b194db6411ead8d57876dde8786fb301b5491bc8eb6adae2997be4ea4,line,ordered_wcs_vertices,49.10716817457313,2,49.10716817457313,cad2gis.bulge_tessellation.v1,dimension_measured,6c73c06fdb08d023efa7ee92097280f982faa49c16838dae5c27fef121ee0f56,49.10716817457615,3.0198066269804258e-12,49.10716817455764,49.06492298612302,49.10716817457615,measured,49.1072m,dwg_dimension,m,cad2gis.cable_segment.v1,CABLE-CAD-4D17B,,UNAVAILABLE,49.10716817455764,,UNAVAILABLE,SOURCE_ROUTE_SEGMENT,3,,BYLAYER,30,0.0,0.0,0.0,CABLE:24|ROT_QGIS:0.000000000,"[{""operation"":""identity"",""source_entity_key"":""01bdb777ec3eadbedc6305c9e2250934abcfe7581031fbb4b1efe410c06bdcb2"",""max_displacement_m"":0.0},{""operation"":""segment_occurrence"",""parent_feature_key"":""d1ffa119c9265a6ac2ff55e52e13810c0081b0ff0d090abe6ca6ada95f4cae94"",""segment_index"":39,""source_segment_key"":""d8b9116b194db6411ead8d57876dde8786fb301b5491bc8eb6adae2997be4ea4"",""source_segment_kind"":""line"",""geometry_policy"":""versioned-source-segment-delivery-path""}]",49.10716817457615,,,
110,CABLE-CAD-4D17B,d1ffa119c9265a6ac2ff55e52e13810c0081b0ff0d090abe6ca6ada95f4cae94,01bdb777ec3eadbedc6305c9e2250934abcfe7581031fbb4b1efe410c06bdcb2,4D17B,FO 24 CORE,40,f0e725080ab6cc48a4571c2b27202d097252cce453cf72f6cd942978be40b3c9,line,ordered_wcs_vertices,31.310469422001745,2,31.310469422001745,cad2gis.bulge_tessellation.v1,dimension_measured,bc6d02f321f06e5918c7b41ae2df4e194fdba414d352051fdf5b58c7a99f6646,31.31046942200192,1.7408297026122455e-13,31.310469422051717,31.28352436591559,31.31046942200192,measured,31.3105m,dwg_dimension,m,cad2gis.cable_segment.v1,CABLE-CAD-4D17B,,UNAVAILABLE,31.310469422051717,,UNAVAILABLE,SOURCE_ROUTE_SEGMENT,3,,BYLAYER,30,0.0,0.0,0.0,CABLE:24|ROT_QGIS:0.000000000,"[{""operation"":""identity"",""source_entity_key"":""01bdb777ec3eadbedc6305c9e2250934abcfe7581031fbb4b1efe410c06bdcb2"",""max_displacement_m"":0.0},{""operation"":""segment_occurrence"",""parent_feature_key"":""d1ffa119c9265a6ac2ff55e52e13810c0081b0ff0d090abe6ca6ada95f4cae94"",""segment_index"":40,""source_segment_key"":""f0e725080ab6cc48a4571c2b27202d097252cce453cf72f6cd942978be40b3c9"",""source_segment_kind"":""line"",""geometry_policy"":""versioned-source-segment-delivery-path""}]",31.31046942200192,,,
111,CABLE-CAD-4D17B,d1ffa119c9265a6ac2ff55e52e13810c0081b0ff0d090abe6ca6ada95f4cae94,01bdb777ec3eadbedc6305c9e2250934abcfe7581031fbb4b1efe410c06bdcb2,4D17B,FO 24 CORE,41,e9fe2f56008c5868deec3f4f6d3d3646c79c1fff80c264f41022b356b6ccb898,line,ordered_wcs_vertices,50.71317982481433,2,50.71317982481433,cad2gis.bulge_tessellation.v1,dimension_measured,28244b918401bb86f7544b653432bfb8c22eadd2fb83574948130abad42a1662,50.71317982481924,4.909850304102292e-12,50.71317982422427,50.66953280645648,50.71317982481924,measured,50.7132m,dwg_dimension,m,cad2gis.cable_segment.v1,CABLE-CAD-4D17B,,UNAVAILABLE,50.71317982422427,,UNAVAILABLE,SOURCE_ROUTE_SEGMENT,3,,BYLAYER,30,0.0,0.0,0.0,CABLE:24|ROT_QGIS:0.000000000,"[{""operation"":""identity"",""source_entity_key"":""01bdb777ec3eadbedc6305c9e2250934abcfe7581031fbb4b1efe410c06bdcb2"",""max_displacement_m"":0.0},{""operation"":""segment_occurrence"",""parent_feature_key"":""d1ffa119c9265a6ac2ff55e52e13810c0081b0ff0d090abe6ca6ada95f4cae94"",""segment_index"":41,""source_segment_key"":""e9fe2f56008c5868deec3f4f6d3d3646c79c1fff80c264f41022b356b6ccb898"",""source_segment_kind"":""line"",""geometry_policy"":""versioned-source-segment-delivery-path""}]",50.71317982481924,,,
112,CABLE-CAD-4D17B,d1ffa119c9265a6ac2ff55e52e13810c0081b0ff0d090abe6ca6ada95f4cae94,01bdb777ec3eadbedc6305c9e2250934abcfe7581031fbb4b1efe410c06bdcb2,4D17B,FO 24 CORE,42,684a27edf51663539cca5ebeb4b0c1b6fe10098c191244a9a01354ee68825c3a,line,ordered_wcs_vertices,33.999872250384925,2,33.999872250384925,cad2gis.bulge_tessellation.v1,dimension_measured,cb9946389ebd3ec236fe0666049da6be4415c4b0b8ee69b1fb4bd87c6c623c10,33.99987225038421,-7.176481631177012e-13,33.999872250658804,33.97061169237891,33.99987225038421,measured,33.9999m,dwg_dimension,m,cad2gis.cable_segment.v1,CABLE-CAD-4D17B,,UNAVAILABLE,33.999872250658804,,UNAVAILABLE,SOURCE_ROUTE_SEGMENT,3,,BYLAYER,30,0.0,0.0,0.0,CABLE:24|ROT_QGIS:0.000000000,"[{""operation"":""identity"",""source_entity_key"":""01bdb777ec3eadbedc6305c9e2250934abcfe7581031fbb4b1efe410c06bdcb2"",""max_displacement_m"":0.0},{""operation"":""segment_occurrence"",""parent_feature_key"":""d1ffa119c9265a6ac2ff55e52e13810c0081b0ff0d090abe6ca6ada95f4cae94"",""segment_index"":42,""source_segment_key"":""684a27edf51663539cca5ebeb4b0c1b6fe10098c191244a9a01354ee68825c3a"",""source_segment_kind"":""line"",""geometry_policy"":""versioned-source-segment-delivery-path""}]",33.99987225038421,,,
113,CABLE-CAD-4D17B,d1ffa119c9265a6ac2ff55e52e13810c0081b0ff0d090abe6ca6ada95f4cae94,01bdb777ec3eadbedc6305c9e2250934abcfe7581031fbb4b1efe410c06bdcb2,4D17B,FO 24 CORE,43,07040b0ab0062adb3935af3a3abc52b002cec4321c7d8070f1d2c8b5f5b599cf,line,ordered_wcs_vertices,38.596889450916855,2,38.596889450916855,cad2gis.bulge_tessellation.v1,dimension_measured,cb410e437f18b3dbddca3a35923d2f9fc118e70724691869c19ef116a63247b5,38.5968894509133,-3.552713678800501e-12,38.596889451168686,38.563674275827275,38.5968894509133,measured,38.5969m,dwg_dimension,m,cad2gis.cable_segment.v1,CABLE-CAD-4D17B,,UNAVAILABLE,38.596889451168686,,UNAVAILABLE,SOURCE_ROUTE_SEGMENT,3,,BYLAYER,30,0.0,0.0,0.0,CABLE:24|ROT_QGIS:0.000000000,"[{""operation"":""identity"",""source_entity_key"":""01bdb777ec3eadbedc6305c9e2250934abcfe7581031fbb4b1efe410c06bdcb2"",""max_displacement_m"":0.0},{""operation"":""segment_occurrence"",""parent_feature_key"":""d1ffa119c9265a6ac2ff55e52e13810c0081b0ff0d090abe6ca6ada95f4cae94"",""segment_index"":43,""source_segment_key"":""07040b0ab0062adb3935af3a3abc52b002cec4321c7d8070f1d2c8b5f5b599cf"",""source_segment_kind"":""line"",""geometry_policy"":""versioned-source-segment-delivery-path""}]",38.5968894509133,,,
114,CABLE-CAD-4D17B,d1ffa119c9265a6ac2ff55e52e13810c0081b0ff0d090abe6ca6ada95f4cae94,01bdb777ec3eadbedc6305c9e2250934abcfe7581031fbb4b1efe410c06bdcb2,4D17B,FO 24 CORE,44,75c10b2cb63557abcd4b930cbe273bbd72e07faac0128a148ac54712d7b664c3,line,ordered_wcs_vertices,49.056609993075476,2,49.056609993075476,cad2gis.bulge_tessellation.v1,dimension_measured,1c95b7cd71f71ec43a715a7dc7e51150150cfe56ba789971455b2047e2eacd42,49.05660999307656,1.0871303857129533e-12,49.05660999272722,49.01439614753729,49.05660999307656,measured,49.0566m,dwg_dimension,m,cad2gis.cable_segment.v1,CABLE-CAD-4D17B,,UNAVAILABLE,49.05660999272722,,UNAVAILABLE,SOURCE_ROUTE_SEGMENT,3,,BYLAYER,30,0.0,0.0,0.0,CABLE:24|ROT_QGIS:0.000000000,"[{""operation"":""identity"",""source_entity_key"":""01bdb777ec3eadbedc6305c9e2250934abcfe7581031fbb4b1efe410c06bdcb2"",""max_displacement_m"":0.0},{""operation"":""segment_occurrence"",""parent_feature_key"":""d1ffa119c9265a6ac2ff55e52e13810c0081b0ff0d090abe6ca6ada95f4cae94"",""segment_index"":44,""source_segment_key"":""75c10b2cb63557abcd4b930cbe273bbd72e07faac0128a148ac54712d7b664c3"",""source_segment_kind"":""line"",""geometry_policy"":""versioned-source-segment-delivery-path""}]",49.05660999307656,,,
115,CABLE-CAD-4D17B,d1ffa119c9265a6ac2ff55e52e13810c0081b0ff0d090abe6ca6ada95f4cae94,01bdb777ec3eadbedc6305c9e2250934abcfe7581031fbb4b1efe410c06bdcb2,4D17B,FO 24 CORE,45,036ee66f27f6b8a2ca3be112f8c6a1f50127d51ec5349e8db791e19956459d54,line,ordered_wcs_vertices,48.659179278696826,2,48.659179278696826,cad2gis.bulge_tessellation.v1,dimension_measured,3521d10fd2a94b0c46d63a59b7bb2aae6e0e239b9aab0f8615a1ba77fd8f2920,48.65917927869305,-3.772981926886132e-12,48.659179279370086,48.617309934493136,48.65917927869305,measured,48.6592m,dwg_dimension,m,cad2gis.cable_segment.v1,CABLE-CAD-4D17B,,UNAVAILABLE,48.659179279370086,,UNAVAILABLE,SOURCE_ROUTE_SEGMENT,3,,BYLAYER,30,0.0,0.0,0.0,CABLE:24|ROT_QGIS:0.000000000,"[{""operation"":""identity"",""source_entity_key"":""01bdb777ec3eadbedc6305c9e2250934abcfe7581031fbb4b1efe410c06bdcb2"",""max_displacement_m"":0.0},{""operation"":""segment_occurrence"",""parent_feature_key"":""d1ffa119c9265a6ac2ff55e52e13810c0081b0ff0d090abe6ca6ada95f4cae94"",""segment_index"":45,""source_segment_key"":""036ee66f27f6b8a2ca3be112f8c6a1f50127d51ec5349e8db791e19956459d54"",""source_segment_kind"":""line"",""geometry_policy"":""versioned-source-segment-delivery-path""}]",48.65917927869305,,,
116,CABLE-CAD-4D17B,d1ffa119c9265a6ac2ff55e52e13810c0081b0ff0d090abe6ca6ada95f4cae94,01bdb777ec3eadbedc6305c9e2250934abcfe7581031fbb4b1efe410c06bdcb2,4D17B,FO 24 CORE,46,a15f6536320554b7c2f59ad07e05f9a12c8f351f1ba10adbd66831351a5064cb,line,ordered_wcs_vertices,44.530003472615086,2,44.530003472615086,cad2gis.bulge_tessellation.v1,dimension_measured,a0dd7fcd8ff2264722fedbaf20d834e9ec13636a678f1f9340aa3bf17a43aa2d,44.53000347261332,-1.7621459846850485e-12,44.530003472833016,44.491689031408946,44.53000347261332,measured,44.53m,dwg_dimension,m,cad2gis.cable_segment.v1,CABLE-CAD-4D17B,,UNAVAILABLE,44.530003472833016,,UNAVAILABLE,SOURCE_ROUTE_SEGMENT,3,,BYLAYER,30,0.0,0.0,0.0,CABLE:24|ROT_QGIS:0.000000000,"[{""operation"":""identity"",""source_entity_key"":""01bdb777ec3eadbedc6305c9e2250934abcfe7581031fbb4b1efe410c06bdcb2"",""max_displacement_m"":0.0},{""operation"":""segment_occurrence"",""parent_feature_key"":""d1ffa119c9265a6ac2ff55e52e13810c0081b0ff0d090abe6ca6ada95f4cae94"",""segment_index"":46,""source_segment_key"":""a15f6536320554b7c2f59ad07e05f9a12c8f351f1ba10adbd66831351a5064cb"",""source_segment_kind"":""line"",""geometry_policy"":""versioned-source-segment-delivery-path""}]",44.53000347261332,,,
117,CABLE-CAD-4D17B,d1ffa119c9265a6ac2ff55e52e13810c0081b0ff0d090abe6ca6ada95f4cae94,01bdb777ec3eadbedc6305c9e2250934abcfe7581031fbb4b1efe410c06bdcb2,4D17B,FO 24 CORE,47,21a244708b53ccf0c5de22607da0700065dd8d4c07382ee19280ab808b478cbc,line,ordered_wcs_vertices,52.096755552363774,2,52.096755552363774,cad2gis.bulge_tessellation.v1,dimension_measured,bf0335f1cf693d380fa4fa3308affdd774d5136446bf7091fb6ae063d84a21af,52.09675555236754,3.765876499528531e-12,52.096755551397294,52.05193353196145,52.09675555236754,measured,52.0968m,dwg_dimension,m,cad2gis.cable_segment.v1,CABLE-CAD-4D17B,,UNAVAILABLE,52.096755551397294,,UNAVAILABLE,SOURCE_ROUTE_SEGMENT,3,,BYLAYER,30,0.0,0.0,0.0,CABLE:24|ROT_QGIS:0.000000000,"[{""operation"":""identity"",""source_entity_key"":""01bdb777ec3eadbedc6305c9e2250934abcfe7581031fbb4b1efe410c06bdcb2"",""max_displacement_m"":0.0},{""operation"":""segment_occurrence"",""parent_feature_key"":""d1ffa119c9265a6ac2ff55e52e13810c0081b0ff0d090abe6ca6ada95f4cae94"",""segment_index"":47,""source_segment_key"":""21a244708b53ccf0c5de22607da0700065dd8d4c07382ee19280ab808b478cbc"",""source_segment_kind"":""line"",""geometry_policy"":""versioned-source-segment-delivery-path""}]",52.09675555236754,,,
118,CABLE-CAD-4D9F7,f95b97fdf9d114a88031474f95b88e5a237b5e1a7b03d002f744ebe8e78a959b,4f96937e12c937768ba8304931d50fe3ef81e67bc0f2b3862d94943f1638603a,4D9F7,SLING WIRE,0,1a96a332357f06e86842608563d796f2e308dfa4c2bd2b567349ce75935a2e6a,line,ordered_wcs_vertices,30.86275402504583,2,30.86275402504583,cad2gis.bulge_tessellation.v1,dimension_measured,54151f1c67f1f3dbb31e94a4755d77e6dbaa0c601722efd75b064a566ca1398a,30.8627540250418,-4.0323300254385686e-12,30.862754023669034,30.83639079080817,30.8627540250418,measured,30.8628m,dwg_dimension,m,cad2gis.cable_segment.v1,CABLE-CAD-4D9F7,,UNAVAILABLE,30.862754023669034,,UNAVAILABLE,SOURCE_ROUTE_SEGMENT,4,,BYLAYER,30,0.0,0.0,0.0,CABLE:SLING WIRE|ROT_QGIS:0.000000000,"[{""operation"":""identity"",""source_entity_key"":""4f96937e12c937768ba8304931d50fe3ef81e67bc0f2b3862d94943f1638603a"",""max_displacement_m"":0.0},{""operation"":""segment_occurrence"",""parent_feature_key"":""f95b97fdf9d114a88031474f95b88e5a237b5e1a7b03d002f744ebe8e78a959b"",""segment_index"":0,""source_segment_key"":""1a96a332357f06e86842608563d796f2e308dfa4c2bd2b567349ce75935a2e6a"",""source_segment_kind"":""line"",""geometry_policy"":""versioned-source-segment-delivery-path""}]",30.8627540250418,,,
