entity_key,source_handle,dwg_type,source_layer,text,canonical_disposition,delivery_feature_count,delivery_layers,meaning,definition_entity_key,definition_retained_in_canonical_ledger,instance_parent_keys,all_instance_parents_retained_in_canonical_ledger,instance_parent_dispositions
000bab96572671d069492ce7f47e33726c0cf10a9fcb1dd33a3f06fd3c245ac1,4CAE6,LWPOLYLINE,Base Map,,graphic_only,0,{},not_delivered_not_automatically_missing,,False,,False,
007c81bf89b303bae7e547a49b12fd8c3645b8a1d5dc093ef0c69353a1e28f3a,4CC89,TEXT,Homepass Number,V12,mapped,1,"{""IMB"": 1}",delivered,,False,,False,
00a603e4b26220b99963fcfbc47c8cc421a468c07eba0e59f7d2582cec77b2ab,4CA4C,LWPOLYLINE,Base Map,,graphic_only,0,{},not_delivered_not_automatically_missing,,False,,False,
00bb982807fe8d9695d5515a8e0bfe792aab7dcc9945865c814ec04c9b975fb6,4C93C,LWPOLYLINE,Base Map,,graphic_only,0,{},not_delivered_not_automatically_missing,,False,,False,
01071d4455c316edc5b1dce23d751af535f3802f0f4740f3c9b68206cf0dbbdc,4D30C,MULTILEADER,FAT_Info,,annotation,0,{},not_delivered_not_automatically_missing,,False,,False,
015db02e7305b7f919f76f854c455c390d3168a517b64a5770908fb26aa256c0,4CA47,LWPOLYLINE,Base Map,,graphic_only,0,{},not_delivered_not_automatically_missing,,False,,False,
01a0bb30705958756b9a78f7643ee294814e54f8d7f1d9c3952ad95b1a6c5e66,4CC88,TEXT,Homepass Number,W11,mapped,1,"{""IMB"": 1}",delivered,,False,,False,
01be527911602a4c3b023577b0c54e5a4edd9780997b8603c06b47691dc036e2,4CCAA,TEXT,Homepass Number,A3,mapped,1,"{""IMB"": 1}",delivered,,False,,False,
01c9da885429f2ba3565be8fcb3a912a0ebc9c82e432057c65861025631071a3,4CC43,TEXT,Homepass Number,AC9,mapped,1,"{""IMB"": 1}",delivered,,False,,False,
0241829d934b9e13c27cec72b42da794a06145e932452cb560e39946a35c2890,4C621,TEXT,Homepass Number,B4,mapped,1,"{""IMB"": 1}",delivered,,False,,False,
02d3410e65545db698dedab26c4fdaac937e43a56847ea8ffbc4a33a57356fc7,4CCAB,TEXT,Homepass Number,A4,mapped,1,"{""IMB"": 1}",delivered,,False,,False,
035c1b009777a880ce11a03f5ae3f3e2f990c2654b3e313f30a18792e65fa9ed,4CAE3,LWPOLYLINE,Base Map,,graphic_only,0,{},not_delivered_not_automatically_missing,,False,,False,
039441e970205e8f3a71d2e1d75fb7175169bf8db3cc1772f4d0b4b3625274df,4CC2A,TEXT,Homepass Number,Q9,mapped,1,"{""IMB"": 1}",delivered,,False,,False,
0396d2dfffafaf68f6aafa66fbe3049445fc278f43567868a9995ef781aa87e4,4CBC9,TEXT,Homepass Number,K7,mapped,1,"{""IMB"": 1}",delivered,,False,,False,
03c8002634528d28cf06bd9aa1710a8cd6a2315611ba164e4a4e33526d2d38a4,4CC57,TEXT,Homepass Number,AA3,mapped,1,"{""IMB"": 1}",delivered,,False,,False,
040754de875dc46bc4b0526942b260783d204d8b33a070969b3f412a6d9a60af,4D0C4,TEXT,FAT,PTV.135.A05,annotation,0,{},not_delivered_not_automatically_missing,,False,,False,
042844c8cda9ac3a4f92ed0d6954c11170a8ce41ed2b36b2c1ddccc8aacfac90,4CEC4,INSERT,NEW POLE 7m(2.5 inches),,mapped,1,"{""PTECH"": 1}",delivered,,False,,False,
0499a642cacca6b0d934526125ee142c150e1118891c5c2b3b01b33c5a81be32,4CC09,TEXT,Homepass Number,N10,mapped,1,"{""IMB"": 1}",delivered,,False,,False,
04d1ab2bd23437fe66eb4c862745a8bf16fac7802fde29f5fe9ffab758e331cb,4C642,TEXT,Homepass Number,C11,mapped,1,"{""IMB"": 1}",delivered,,False,,False,
04f4a35ae2e90e08aa7a6a637b69578547c1cc668cca40b62701cc6bbf584b64,4DE32,DIMENSION,SPAN KU,,annotation,0,{},not_delivered_not_automatically_missing,,False,,False,
0510c2f28d2768eb58f68106d4629303cc0810f4a9d1d95efda408e0a4beb6b8,4CC66,TEXT,Homepass Number,Z10,mapped,1,"{""IMB"": 1}",delivered,,False,,False,
0522d81892e298629e9a0fcdf88375cc420ba89cf166b8843a507508c67f00ee,4CBB3,LWPOLYLINE,Base Map,,graphic_only,0,{},not_delivered_not_automatically_missing,,False,,False,
060978f9a70ef3a0fa8c893e88f8d13eca6a730c0ede91f44e10db88f36c1f03,4C714,TEXT,Homepass Number,K4,mapped,1,"{""IMB"": 1}",delivered,,False,,False,
060f475ea7980e5e4901b542c385830aca382742ba2ef584c7ab9ff8f8d41e26,4C610,LWPOLYLINE,buildings,,graphic_only,0,{},not_delivered_not_automatically_missing,,False,,False,
061d0fee17c80e42eca5022988b3eeb983c5f7b8e64936865229b1af75ae2ffc,4CA1E,LWPOLYLINE,Base Map,,graphic_only,0,{},not_delivered_not_automatically_missing,,False,,False,
063d398004c6240cf5ec6728e7789fb0c855b7d04ffc76375cd2751f3b316dcc,4CA69,LWPOLYLINE,Base Map,,graphic_only,0,{},not_delivered_not_automatically_missing,,False,,False,
06a3998d1fc9a78e1dc76d61fde0afda730d42f0683a406cb73c4c5eb35103cd,4CAC7,LWPOLYLINE,Base Map,,graphic_only,0,{},not_delivered_not_automatically_missing,,False,,False,
06ce2953a3032774c609f86317944a39c8d24488e7f88dd24f11130ed3421f93,4CBAA,LWPOLYLINE,Base Map,,graphic_only,0,{},not_delivered_not_automatically_missing,,False,,False,
070a434935c081f1ff1226b2f281a32aa12fff4fa0c7bdf8b95ac771dd6ce5de,4CAD1,LWPOLYLINE,Base Map,,graphic_only,0,{},not_delivered_not_automatically_missing,,False,,False,
074cb05db899d4c71acfda15936163f5283bc11f2e4de8ca6a22658d4bde69e0,4D335,INSERT,FAT,,mapped,1,"{""BOITE"": 1}",delivered,,False,,False,
074f8e570d65d7ebe2310f6373efee77adc42ce14ca357bf70c00f33dd168dd9,4D96A,DIMENSION,SPAN KU,,annotation,0,{},not_delivered_not_automatically_missing,,False,,False,
075c70d057c9f7aba5598fcb338017c4e63d91d1b23631c6afa5157f89c1f802,4CAF9,LWPOLYLINE,Base Map,,graphic_only,0,{},not_delivered_not_automatically_missing,,False,,False,
07765f44fd27286ee0c3fb373ebd037b931f8a24a1dd3c3189997e86b4a59389,4CAEC,LWPOLYLINE,Base Map,,graphic_only,0,{},not_delivered_not_automatically_missing,,False,,False,
07a19a8a38fdc399116174887529bfb87d78a5f4a7c20f9c1201b5c84dcfff6c,4CA7A,LWPOLYLINE,Base Map,,graphic_only,0,{},not_delivered_not_automatically_missing,,False,,False,
083134ecb105f0be7f79e82f39a6acb16d06ac1c3bdae972baeba8b093ba7153,4CBEA,TEXT,Homepass Number,V11,mapped,1,"{""IMB"": 1}",delivered,,False,,False,
08468ac4d1089d477799abc7a6903f8a4ff461c16907b7a6d30e83483a1a9d84,4C681,TEXT,Homepass Number,E10,mapped,1,"{""IMB"": 1}",delivered,,False,,False,
086f781f0bd04c25b4a82fb002685f65b33c29bc2e25a56e8022dd41a0bac928,4C666,TEXT,Homepass Number,E1,mapped,1,"{""IMB"": 1}",delivered,,False,,False,
08ba8755749280a7a6f88594293d4572f6edb4dbf31a90b66f45cf797f84ef12,4CC9B,TEXT,Homepass Number,AA13,mapped,1,"{""IMB"": 1}",delivered,,False,,False,
095e79b86ac3f13ac410f9d2acd55cc163b6323b4877babb0c589843d98e63e3,4CBEB,TEXT,Homepass Number,S8,mapped,1,"{""IMB"": 1}",delivered,,False,,False,
0985a14e08445e4db0d19c9a83af6b2dad738075f7fa6a211eb777096949e5c6,4CEAB,TEXT,NEW POLE ID 7m (2.5 inches),MR.PTV.P042,annotation,0,{},not_delivered_not_automatically_missing,,False,,False,
099f79f3bd1b85c38c889313cf43601aa4acae882ed11d2c71359b4d05dd09ef,4CE74,INSERT,NEW POLE 7m(3 inches),,mapped,1,"{""PTECH"": 1}",delivered,,False,,False,
09fe50be5968786fc1c86452c711351192aa4323c4a044aed926980c40a73f88,4C9EB,LWPOLYLINE,Base Map,,graphic_only,0,{},not_delivered_not_automatically_missing,,False,,False,
0a322ed4a80696ef97dfa1318a49d1c6cee4e635e897f9a93a0bf470f76d3c10,4CCA5,TEXT,Homepass Number,AG3,mapped,1,"{""IMB"": 1}",delivered,,False,,False,
0a4ced2728109080210ad23d3f4e85200d8cb56572484fee1a2a3a78e2a26a0f,4D0C5,TEXT,FAT,PTV.135.A02,annotation,0,{},not_delivered_not_automatically_missing,,False,,False,
0a60032769e8fdf862a3039e9eac979c208f6e0e62a4d095bc12ba6334469b7a,4CE6B,TEXT,NEW POLE ID 7m(3 inches),MR.PTV.P002,annotation,0,{},not_delivered_not_automatically_missing,,False,,False,
0b265513fc028365571f83642d6795aa3bc91851f0872887f74169eb831fc533,4CBBB,LWPOLYLINE,Base Map,,graphic_only,0,{},not_delivered_not_automatically_missing,,False,,False,
0b347c0de8caa393bb2bb14944e1b99b47e182053b4a92b8fc4ab64d9ab7223b,4CBEC,TEXT,Homepass Number,S9,mapped,1,"{""IMB"": 1}",delivered,,False,,False,
0b46cfcf4ac71382f40953be46ad09e377a98c748f799567be120d9da843e0eb,4DB62,DIMENSION,SPAN KU,,annotation,0,{},not_delivered_not_automatically_missing,,False,,False,
0b8856a07dfaae36fb60617749f070a0d0075a608170f033666d9250317f2899,4CE94,INSERT,NEW POLE 7m(2.5 inches),,mapped,1,"{""PTECH"": 1}",delivered,,False,,False,
0c4e1061b8e9d0802d37528196bcae2ca9c4ce33644ef698a782b6491f1d334e,4CDBC,INSERT,NEW POLE 7m(3 inches),,mapped,1,"{""PTECH"": 1}",delivered,,False,,False,
0c85e1bd0af5f4cbcfa2c262e8da852ffeee5c3260d0432ddf0a7897a9d9b3a3,4C9E4,LWPOLYLINE,Base Map,,graphic_only,0,{},not_delivered_not_automatically_missing,,False,,False,
0cfbfdee90de94f10c095f16aba7e2b0b56ff2ccc4fc53f6479dee1192000b44,4D34A,MULTILEADER,FAT_Info,,annotation,0,{},not_delivered_not_automatically_missing,,False,,False,
0d536763e9e81ef4c1bba0f8ad680b9da44ca4df1f123ccb876e9a8a7ffe4dc7,4CB0D,LWPOLYLINE,Base Map,,graphic_only,0,{},not_delivered_not_automatically_missing,,False,,False,
0d5da46347673d98ec1ba416f00176f58465b885ec7bbe5fedf1e27d7c40f0ba,4CBB1,LWPOLYLINE,Base Map,,graphic_only,0,{},not_delivered_not_automatically_missing,,False,,False,
0da6450104fbd5fc632ae1b8e93460f18b01406544df810e4b83268d6832e1a8,4C9C7,LWPOLYLINE,Base Map,,graphic_only,0,{},not_delivered_not_automatically_missing,,False,,False,
0e66c6c00fa97eeeda4d532ba8899a2b5c356e04463b4262f9bd2bee9f96dc05,4CB81,LWPOLYLINE,Base Map,,graphic_only,0,{},not_delivered_not_automatically_missing,,False,,False,
0e7a758dae3da967ef315eee88ca90fa1046c268a7d075786f93cae24eb6f2d5,4C938,LWPOLYLINE,Base Map,,graphic_only,0,{},not_delivered_not_automatically_missing,,False,,False,
0e7d9c1f21c84b856f9afc672ecd6c60ffaf94973b1fde55761805140ec60d1b,4CAF3,LWPOLYLINE,Base Map,,graphic_only,0,{},not_delivered_not_automatically_missing,,False,,False,
0f5b182310d7c15506b515645192a6ce656686739f803a8cf442f52a2a34d158,4CA29,LWPOLYLINE,Base Map,,graphic_only,0,{},not_delivered_not_automatically_missing,,False,,False,
0f6ef2e5c03223734f227e4330bde5f1dd6b97f1fdbfbf3018310b80efdccc70,4CADC,LWPOLYLINE,Base Map,,graphic_only,0,{},not_delivered_not_automatically_missing,,False,,False,
10139e2bd3ee7f6d6aa776f1dd598edb48c02868a968b879d06ed2db0928cf5f,4CB37,LWPOLYLINE,Base Map,,graphic_only,0,{},not_delivered_not_automatically_missing,,False,,False,
10381622c69f8e0c3cc6b5abc8b8ad7bfaba8f230fbdba2ce0b7b37728d01a81,4CBD6,TEXT,Homepass Number,L3,mapped,1,"{""IMB"": 1}",delivered,,False,,False,
103e65b2af6afd7ae8d6985ce3b98382d467851f95bd24883b1b8d998109881a,4CCAC,TEXT,Homepass Number,A5,mapped,1,"{""IMB"": 1}",delivered,,False,,False,
103e6fb2090ea171dab13c78cc6884594b2bcd90d7f82d0d4e3c07d12acb141f,4CC95,TEXT,Homepass Number,Y13,mapped,1,"{""IMB"": 1}",delivered,,False,,False,
10710883836b9f759a2f97439ee4f169388bf0982a33e9da68c999df876391d8,4CC97,TEXT,Homepass Number,Y15,mapped,1,"{""IMB"": 1}",delivered,,False,,False,
10b77b97c57b4baddbbf1b1a3ce65a599e3128f67ccb3ae8497bc19b4f24d46d,4CE63,TEXT,NEW POLE ID 7m(3 inches),MR.PTV.P051,annotation,0,{},not_delivered_not_automatically_missing,,False,,False,
10dcbb1bcbae4712435dc8ebb4b29f179e0884f2d230e40e2775b4d6aad94737,4CDF3,TEXT,NEW POLE ID 7m (2.5 inches),MR.PTV.P015,annotation,0,{},not_delivered_not_automatically_missing,,False,,False,
1168144963f726b9328faeb2c86189c2f0c8c2bd481e90f11182b1e01fb2f8c8,4CF2C,INSERT,NEW POLE 7m(2.5 inches),,mapped,1,"{""PTECH"": 1}",delivered,,False,,False,
12258094aad1b9f88fdac3387420da8838df236a8f3776f89f9b4c3e5c519d33,4CC82,TEXT,Homepass Number,W8,mapped,1,"{""IMB"": 1}",delivered,,False,,False,
13a9de4264cc99462c89bdbf793ee1c7ab1cdc75b87ed81815ccd22847d8fc10,4CB2B,LWPOLYLINE,Base Map,,graphic_only,0,{},not_delivered_not_automatically_missing,,False,,False,
13d7bf37d1701cb8fc9517eef7d985c6cfe6ccda25e890e5332f74a9f4579b75,4DE92,DIMENSION,SPAN KU,,annotation,0,{},not_delivered_not_automatically_missing,,False,,False,
1414fb98477206b6833bb2536cf14fca4aa992c78860ad7989745ad16deeefb8,4CAD4,LWPOLYLINE,Base Map,,graphic_only,0,{},not_delivered_not_automatically_missing,,False,,False,
14788970be1b66f17f8d5fc68165d4feb59c2a038c6ca6260cbd4d1a1846658d,4CB68,LWPOLYLINE,Base Map,,graphic_only,0,{},not_delivered_not_automatically_missing,,False,,False,
14a490c9754fe19fea7cf97a96dff15bc858c5c38b107787880e919d55cf5401,4D9E2,DIMENSION,SPAN KU,,annotation,0,{},not_delivered_not_automatically_missing,,False,,False,
14ffe91b42abbec596b3ab7c1fab408a201205271e076078059a6fc5a99863ad,4D318,MULTILEADER,FAT_Info,,annotation,0,{},not_delivered_not_automatically_missing,,False,,False,
15456f6652b8b0cf153d05e204c9feaac8dd55a8ddf93dd16a681bebf3dc3aa8,4CEAC,INSERT,NEW POLE 7m(3 inches),,mapped,1,"{""PTECH"": 1}",delivered,,False,,False,
156bf153138d6822bd155085a7de1b7a1666e8e36f820907c0d77483b5003977,4CB71,LWPOLYLINE,Base Map,,graphic_only,0,{},not_delivered_not_automatically_missing,,False,,False,
159271aac8bb31bbf838cf41ff9a14899ad7e6453d4ddf44e79ee7317f41e4c3,4CBB9,LWPOLYLINE,Base Map,,graphic_only,0,{},not_delivered_not_automatically_missing,,False,,False,
15a8bb12a54472935265d289ed779867833d30caa6173cb54a4499181a1dbf12,4D320,MULTILEADER,FAT_Info,,annotation,0,{},not_delivered_not_automatically_missing,,False,,False,
161b034a42a35da7d32ce98e075e5e6aca3124efdf9adc02b71129762deaa645,4C72F,TEXT,Homepass Number,S7,mapped,1,"{""IMB"": 1}",delivered,,False,,False,
16c68eb3bac82815ade79406feae2dfcf30918a9b75f8680cefd5bc0f8cd3792,4CB93,LWPOLYLINE,Base Map,,graphic_only,0,{},not_delivered_not_automatically_missing,,False,,False,
17164e368637c2a065593dc3a4c3de21937c7796d8f199e2fa47efb8157e1e5c,4C735,TEXT,Homepass Number,T1,mapped,1,"{""IMB"": 1}",delivered,,False,,False,
178dfd4ed0460fc1585478cab30495f3df2f2b91b36c0879755826ef694873cd,4C71A,TEXT,Homepass Number,K6,mapped,1,"{""IMB"": 1}",delivered,,False,,False,
17aed83fd0404a092bee380468645a92a01bf37b11c9bf0f967d452dbc106e02,4CAFC,LWPOLYLINE,Base Map,,graphic_only,0,{},not_delivered_not_automatically_missing,,False,,False,
17b5230b6858819e52c4a7b9d03984282daf2a11ee7a19963e174cfaf046c0c3,4C741,TEXT,Homepass Number,U1,mapped,1,"{""IMB"": 1}",delivered,,False,,False,
17eb0f64fe5ada9b588a429ed1cda517560ceeead28efcc88a44b286c8a2dce2,4D03B,LWPOLYLINE,FAT AREA,,mapped,1,"{""ZPM"": 1}",delivered,,False,,False,
1870a026123898ac9d29474a9781a5f90b3735d622d0845b219a7042633622cb,4CEC3,TEXT,NEW POLE ID 7m (2.5 inches),MR.PTV.P035,annotation,0,{},not_delivered_not_automatically_missing,,False,,False,
18b7aa497ae9823f5dd80230378cc6061c72717a9dd7185862b9134951f5ea53,4CBFE,TEXT,Homepass Number,AH4,mapped,1,"{""IMB"": 1}",delivered,,False,,False,
18dedbf3b247b05f492cf3b43e92a9c8399fb120c700d6db48eea6603e14a390,4CB2D,LWPOLYLINE,Base Map,,graphic_only,0,{},not_delivered_not_automatically_missing,,False,,False,
199ee1b17bbfe915cb305ba4479b121fe37f39ea1a45c2ef4f9a1df90e34ce21,4CAA6,LWPOLYLINE,Base Map,,graphic_only,0,{},not_delivered_not_automatically_missing,,False,,False,
19cd5ea90c3b5009da2a785af79a0ac94374f0e84935e2c6c1cd670d04d11787,4DE62,DIMENSION,SPAN KU,,annotation,0,{},not_delivered_not_automatically_missing,,False,,False,
1a1979c9ddd9ee0e111fd05f6cbf66a1b6d1d3b5d7e1c1b9e2bd128557a4794f,4DF52,DIMENSION,SPAN KU,,annotation,0,{},not_delivered_not_automatically_missing,,False,,False,
1a2917c63d74a73a52a31e603586b52ef4246ce348bf931c723896e0f55632ce,4CC4B,TEXT,Homepass Number,AB8,mapped,1,"{""IMB"": 1}",delivered,,False,,False,
1af10064142bd93ca25ad68a1a5b289382961bef534eacc33587cd9f4a698df2,4D347,INSERT,FAT,,mapped,1,"{""BOITE"": 1}",delivered,,False,,False,
1b561bccdf96544e050ea33f56d637f77db011d3d5fc41561626939dcf12a89c,4CA83,LWPOLYLINE,Base Map,,graphic_only,0,{},not_delivered_not_automatically_missing,,False,,False,
1b738569bf1ddf7d19761668c89cf42302ced93ea3a6557a4125370b9495d7f5,4C95D,LWPOLYLINE,Base Map,,graphic_only,0,{},not_delivered_not_automatically_missing,,False,,False,
1c15d4f3ee4bb9942696dcaefb52c1d614fdd8c9a52af81662cf7c3f6d0515d1,4CC4D,TEXT,Homepass Number,AB6,mapped,1,"{""IMB"": 1}",delivered,,False,,False,
1c1724e521c6841876affff28321a6eb4c20c697d1176a0853242ba510bdbb91,4CDEB,TEXT,NEW POLE ID 7m (2.5 inches),MR.PTV.P016,annotation,0,{},not_delivered_not_automatically_missing,,False,,False,
1cadf85bb7bf427c74fb77edd4818127f3a5455cba3a5630edf0c29ddb807ef2,4CBFB,TEXT,Homepass Number,AJ6,mapped,1,"{""IMB"": 1}",delivered,,False,,False,
1d511bf40e5cb586bcfa2f6bfba70fcf79567ef7f2332786b108e801c062ce96,4CB6C,LWPOLYLINE,Base Map,,graphic_only,0,{},not_delivered_not_automatically_missing,,False,,False,
1d99fc03bdb30f57226785c4347c03fb85a85244b6d8f4d3d4f6cc17ea8124bb,4C738,TEXT,Homepass Number,T2,mapped,1,"{""IMB"": 1}",delivered,,False,,False,
1e20e1f8444473a42344aac7ebcc20dc645b844b67a1291e13e835ef9ea85a55,4CAD2,LWPOLYLINE,Base Map,,graphic_only,0,{},not_delivered_not_automatically_missing,,False,,False,
1e48803d3769d0423dcd4ee4eaeeb30093865cb8e589c7a3f271aed304d1b4ec,4C9E9,LWPOLYLINE,Base Map,,graphic_only,0,{},not_delivered_not_automatically_missing,,False,,False,
1e8c38feedc255a9c7cfdfb5310fc120c2b1175f2172777cd73441bb200fff7d,4CBEE,TEXT,Homepass Number,S11,mapped,1,"{""IMB"": 1}",delivered,,False,,False,
1f4a3b624bcc14eeed55038532216a43136cdc547f806bc4b31b216890ab260e,4CCAD,TEXT,Homepass Number,A6,mapped,1,"{""IMB"": 1}",delivered,,False,,False,
1f8149e894d702f90087dfacbfc12d3e5bf4a63b48332b2d2959bd1f91550d91,4CBE3,TEXT,Homepass Number,V4,mapped,1,"{""IMB"": 1}",delivered,,False,,False,
20058ca8df1a3c4e78abd49dbc79fdfc718edf0daed2f8b2b511f6e8fd02b68f,4CB0B,LWPOLYLINE,Base Map,,graphic_only,0,{},not_delivered_not_automatically_missing,,False,,False,
207671fe9c5a1fe444f65609169dd89cfb84d44a5241a6e6a2d360ef45fa039c,4D30D,INSERT,FAT,,mapped,1,"{""BOITE"": 1}",delivered,,False,,False,
20d0ab2b262493ba0292faba72ba9ae0e9b7a4480fb7fd6eda3fd0f4de9116f4,4CC5D,TEXT,Homepass Number,AA6,mapped,1,"{""IMB"": 1}",delivered,,False,,False,
21273535592c319f65f0beaab99ca4569a09c182b962fd8e17f23a115efd6b77,4CCB2,TEXT,Homepass Number,G6,mapped,1,"{""IMB"": 1}",delivered,,False,,False,
212bb06151f3c1fbd967945672b88da982f38b42d4528af89aad09d104268cf0,4CC6D,TEXT,Homepass Number,Y10,mapped,1,"{""IMB"": 1}",delivered,,False,,False,
21678ec49194577fc843e18b8dfad9934ee7711f241fdd23549318d695e30bad,4CEEB,TEXT,NEW POLE ID 7m (2.5 inches),MR.PTV.P013,annotation,0,{},not_delivered_not_automatically_missing,,False,,False,
217782225a5291065941d9019251cd7ef2231117c39aaa466c9d48147b701939,4DD42,DIMENSION,SPAN KU,,annotation,0,{},not_delivered_not_automatically_missing,,False,,False,
21a1618a1b54612fd9c9777abd7272962e319218a39e5230f8ff64f2933eeea7,4CB18,LWPOLYLINE,Base Map,,graphic_only,0,{},not_delivered_not_automatically_missing,,False,,False,
21f4dcf4a8090a7057a23ceee468031630c9dc08e4b54ad6a8df07254f23082a,4CABB,LWPOLYLINE,Base Map,,graphic_only,0,{},not_delivered_not_automatically_missing,,False,,False,
220aa87f11ff2a241aec4d90c1f8e755b9ea9950d67e477c21ce913cfa0e1cc5,4C9BC,LWPOLYLINE,Base Map,,graphic_only,0,{},not_delivered_not_automatically_missing,,False,,False,
2243a314033e1384bd969bddb0c631d97cf8ba821bb3f9ec3a5e145d0631dbd2,4CBF6,TEXT,Homepass Number,AJ1,mapped,1,"{""IMB"": 1}",delivered,,False,,False,
2281c2dfc62a8db89e1a84531a87befd4aadf821373991246332a434484877ed,4CEE3,TEXT,NEW POLE ID 7m (2.5 inches),MR.PTV.P031,annotation,0,{},not_delivered_not_automatically_missing,,False,,False,
22cdcce19c1fdcd527ac54803db38c3aba9d0e0a83083b8cb0ea03925e804a21,4CB04,LWPOLYLINE,Base Map,,graphic_only,0,{},not_delivered_not_automatically_missing,,False,,False,
2323f49d6639add48583e7d4fefc400775409f1cd52c36b061e3dc99f7d124a9,4D0C2,TEXT,FAT,PTV.135.A01,annotation,0,{},not_delivered_not_automatically_missing,,False,,False,
23363b8ec5ae602a7124ed49fcd1f7cea8d175f3b21695543b36591e11a11093,4CB39,LWPOLYLINE,Base Map,,graphic_only,0,{},not_delivered_not_automatically_missing,,False,,False,
23378c937b28e734551a8cef028b8e53f83b00f14c99bfe41cca0c2a7286db8b,4CC34,TEXT,Homepass Number,R2,mapped,1,"{""IMB"": 1}",delivered,,False,,False,
233fad93657ba309088f1554bf3df006c5f6e6f189938b3373041ad78f5694ab,4D2F5,INSERT,FAT,,mapped,1,"{""BOITE"": 1}",delivered,,False,,False,
238037e944d41f5e6f6bfa44da43eafef39fc9f67bd5f7aabbf0899c128547ae,4C627,TEXT,Homepass Number,C2,mapped,1,"{""IMB"": 1}",delivered,,False,,False,
23a541f190090defb81ed01ce15840ff49f0844077933b989694ce362f6763eb,4DEAA,DIMENSION,SPAN KU,,annotation,0,{},not_delivered_not_automatically_missing,,False,,False,
23d6a6cca9cd51f0dc1fcc998591c8fb3043bcba5c29b3789dd9fa999bd5b099,4CC86,TEXT,Homepass Number,W10,mapped,1,"{""IMB"": 1}",delivered,,False,,False,
24096bacfd874dca900286813fa1376d75c644e10e5e47faba77e289f52a0f4e,4CC78,TEXT,Homepass Number,W3,mapped,1,"{""IMB"": 1}",delivered,,False,,False,
244858a8acd3fb913b385cd657c2afb6eacca55e1fa90f94967c3c532b0e702b,4CB74,LWPOLYLINE,Base Map,,graphic_only,0,{},not_delivered_not_automatically_missing,,False,,False,
24d07ac6f4bd957dc437724918538f7c5d95c7f35a8e1be850005a23fd1aff38,4D0D5,TEXT,FAT,PTV.135.B07,annotation,0,{},not_delivered_not_automatically_missing,,False,,False,
24e187c69170bde433bc3ed527eba86a0f454045108fe5a5929d486a919a22a0,4CB0A,LWPOLYLINE,Base Map,,graphic_only,0,{},not_delivered_not_automatically_missing,,False,,False,
253a813a6238c490dbc0ede2494256ab30c650eceb551dd7ae8cd27385d58488,4CC0C,TEXT,Homepass Number,N7,mapped,1,"{""IMB"": 1}",delivered,,False,,False,
25581a623f7465da20fcccb04c2bc1b07e87112df78e900de5e9dde2136b448b,4CFEF,TEXT,Homepass Number,AB12,mapped,1,"{""IMB"": 1}",delivered,,False,,False,
256560929a51edb8258a6d2793c7eb89b255e1b3b9cf6a28d43660af738403b8,4CE23,TEXT,NEW POLE ID 7m(3 inches),MR.PTV.P003,annotation,0,{},not_delivered_not_automatically_missing,,False,,False,
2707207f353bf22d15ba23a5693ec40696d061d160bf1145771467316ae100a1,4CBE4,TEXT,Homepass Number,V5,mapped,1,"{""IMB"": 1}",delivered,,False,,False,
270d1c5c4756523fc8a57cc50a53f9aa319e723d17abde30fbd34e7de564a3f7,4CF44,INSERT,NEW POLE 7m(3 inches),,mapped,1,"{""PTECH"": 1}",delivered,,False,,False,
27589a013cc657df20593101079f55882437e77e487eb5ad5eef9b9b8472b8e8,4CE34,INSERT,NEW POLE 7m(3 inches),,mapped,1,"{""PTECH"": 1}",delivered,,False,,False,
27854ef4256ac569875bbf3c693cd60eaadd59b2ff7354d267aa382abe6ff225,4D0D2,TEXT,FAT,PTV.135.B04,annotation,0,{},not_delivered_not_automatically_missing,,False,,False,
27b6c73844be034bd1c4eeb34240c941d089821ab4093649c669c7cf81c9358f,4C690,TEXT,Homepass Number,F4,mapped,1,"{""IMB"": 1}",delivered,,False,,False,
27fe521fb2ed29611489188b2c809397abf254977e020e6dd5e7c598eb175454,4CC23,TEXT,Homepass Number,Q2,mapped,1,"{""IMB"": 1}",delivered,,False,,False,
28f3f2792908fb0e6d35797c96264a05584b22e3a4f0a05f76ed468f48b70129,4D034,LWPOLYLINE,FAT AREA,,mapped,1,"{""ZPM"": 1}",delivered,,False,,False,
29418eafe928852f7c86cfd498b3b5ba07a4b9a315c1ca95bd0bbc35a72cdcb4,4DE7A,DIMENSION,SPAN KU,,annotation,0,{},not_delivered_not_automatically_missing,,False,,False,
296f3d5460d3ef5f92e96b4a53c5bf472968e7bba258dde6dab3ccc3f9e4fab7,4D02B,LWPOLYLINE,FAT AREA,,mapped,1,"{""ZPM"": 1}",delivered,,False,,False,
298680c31e329717ab47ff2252fb2dd05c83eae2179d795d7a5bda7b767828bf,4CB19,LWPOLYLINE,Base Map,,graphic_only,0,{},not_delivered_not_automatically_missing,,False,,False,
29e795090d2074e1dabe69c29084fa1478c85c5b5b45f3ea3e72d07384325f97,4CDE4,INSERT,NEW POLE 7m(2.5 inches),,mapped,1,"{""PTECH"": 1}",delivered,,False,,False,
2a158ef0fabe8d307694e0365ae6fc470b75e524bc46f8f5692e00b574902590,4CABA,LWPOLYLINE,Base Map,,graphic_only,0,{},not_delivered_not_automatically_missing,,False,,False,
2a917a9db07bf747fad108ad0d69d7469fd08fd274ba325d37402d7cb0700910,4CC45,TEXT,Homepass Number,AC11,mapped,1,"{""IMB"": 1}",delivered,,False,,False,
2ac5637dfa2a34dd8dd5f77b291683dab6d7562b77f68d853d676e4817bd469d,4C6AE,TEXT,Homepass Number,G3,mapped,1,"{""IMB"": 1}",delivered,,False,,False,
2adeed2ab9ecce8985aa86c79a019bb00c3a6a914a64b04360c94a897f670375,4CADF,LWPOLYLINE,Base Map,,graphic_only,0,{},not_delivered_not_automatically_missing,,False,,False,
2ae70bfe2c0b847532175da358b356621f6d27f5d6238fc1432060a6d54d895c,4C64E,TEXT,Homepass Number,D4,mapped,1,"{""IMB"": 1}",delivered,,False,,False,
2b705f55464eddfb25bc5e94f16e42cc794658a25f7aee7773d84a73954f012e,4CC3F,TEXT,Homepass Number,AC5,mapped,1,"{""IMB"": 1}",delivered,,False,,False,
2b83f750d15fcac9172507507fe352576fe6b8c24669b0b6b3de71832df8e211,4CE8B,TEXT,NEW POLE ID 7m(3 inches),MR.PTV.P030,annotation,0,{},not_delivered_not_automatically_missing,,False,,False,
2bcca92d9e7f1788b89ff33865f94cd8249624da524273cceb83ed0b23cee33a,4CB15,LWPOLYLINE,Base Map,,graphic_only,0,{},not_delivered_not_automatically_missing,,False,,False,
2cc4b678f9fe9bebd5373913957d89313d8d44b83aaccffc83be041db46be10f,4CC94,TEXT,Homepass Number,X12,mapped,1,"{""IMB"": 1}",delivered,,False,,False,
2d1ada332960d9966919845941661222c0188de112f6815688ec909495207b7f,4CF54,INSERT,NEW POLE 7m(2.5 inches),,mapped,1,"{""PTECH"": 1}",delivered,,False,,False,
2d88c6c61551920561391237c7a9a1dc000bdc9cb5787fc1a30dd2920d8b8654,4DEC2,DIMENSION,SPAN KU,,annotation,0,{},not_delivered_not_automatically_missing,,False,,False,
2dd3f5193751a09e9c1ce53352b31d4c296ccd27e22b681b0f1982bf3d788165,4CC53,TEXT,Homepass Number,AA1,mapped,1,"{""IMB"": 1}",delivered,,False,,False,
2ded5b9af1ffa8779ba3db4a762d3402f51f8d8db3f1c21bc0f90e818e7cf337,4CBBF,LWPOLYLINE,Base Map,,graphic_only,0,{},not_delivered_not_automatically_missing,,False,,False,
2df2a2cbe083e70158b05f4679751803d0e552bf6b729c11436962a2a70cff75,4CEBB,TEXT,NEW POLE ID 7m(3 inches),MR.PTV.P034,annotation,0,{},not_delivered_not_automatically_missing,,False,,False,
2e422154ae3d2e623d86c242f502216341eb84465e75cb7453352de2d4e6f645,4C69F,TEXT,Homepass Number,F9,mapped,1,"{""IMB"": 1}",delivered,,False,,False,
2e8c1a8c84ce498e9e719d41a69382b27ed9317e1d3f259d8cc1f4ede2b8d297,4CA5E,LWPOLYLINE,Base Map,,graphic_only,0,{},not_delivered_not_automatically_missing,,False,,False,
2e9ae3d2d2dd1fb6e79b6d0e5982ab72c57f39e337b571d1ae97ed29983a9c60,4CF43,TEXT,NEW POLE ID 7m(3 inches),MR.PTV.P037,annotation,0,{},not_delivered_not_automatically_missing,,False,,False,
2ee8cd533682542d22f3fcd159b8d44de26667f7ca4cddfaa1c2bb49b771568b,4CC04,TEXT,Homepass Number,H4,mapped,1,"{""IMB"": 1}",delivered,,False,,False,
2eeea99c1082b4e621de6ede94b02abc50d2e279d88d6e49845fe649f70bff35,4D305,INSERT,FAT,,mapped,1,"{""BOITE"": 1}",delivered,,False,,False,
2f764bf976df0eaa29dd00ff658996112603abd2b4b707389aebd760c3bc8ca4,4CC3C,TEXT,Homepass Number,AC2,mapped,1,"{""IMB"": 1}",delivered,,False,,False,
304e51a04fcd31d0d3ae7f1d21802c03dce23575d1a24c2f1d449013e78083b9,4CB88,LWPOLYLINE,Base Map,,graphic_only,0,{},not_delivered_not_automatically_missing,,False,,False,
30555f7d9915aa2d253e05a65094ba99a4e721a77e57529ad0d340ff7ec72f17,4CC3A,TEXT,Homepass Number,AD5,mapped,1,"{""IMB"": 1}",delivered,,False,,False,
3075af051c34c946e25b70541af6da4eb8d6cea893aaec8586f1449f68e8e7b0,4CC4A,TEXT,Homepass Number,AB9,mapped,1,"{""IMB"": 1}",delivered,,False,,False,
3083c2121ca4d67363e6f1a9974e83321b562e02735963af0d33d9acffd898eb,4CC6C,TEXT,Homepass Number,Y11,mapped,1,"{""IMB"": 1}",delivered,,False,,False,
30af0c08e8d55db4e4e9f1967b3002ba675a80fb4f6e9d06451e30474ec3a19d,4D0B9,MTEXT,Line,LINE B,annotation,0,{},not_delivered_not_automatically_missing,,False,,False,
30c1de7879822c90fd2aa82fd11245d3ac5958ead2c8afd821797711d8da4bda,4CBE2,TEXT,Homepass Number,V3,mapped,1,"{""IMB"": 1}",delivered,,False,,False,
30cf1ca8a1feacfe1e63c36a78712728d528be129586063f9ce144c2039ec005,4CE53,TEXT,NEW POLE ID 7m (2.5 inches),MR.PTV.P006,annotation,0,{},not_delivered_not_automatically_missing,,False,,False,
30f7d21055151dc47ee0043b8af1de3d6eb0d6417ba50588430dc8db17c00cb4,4CB91,LWPOLYLINE,Base Map,,graphic_only,0,{},not_delivered_not_automatically_missing,,False,,False,
31076f1cb8f92e2aa3194aec7a6fe3ed726063fb4387726ab9340f221a578f2d,4CC49,TEXT,Homepass Number,AB10,mapped,1,"{""IMB"": 1}",delivered,,False,,False,
31257c375a20bb2369235494bdac51b46eb910908521b731aa6db690c8f4ebe3,4CB6B,LWPOLYLINE,Base Map,,graphic_only,0,{},not_delivered_not_automatically_missing,,False,,False,
319d0f09107348c04920c4c7169a34239b3d2bbd2ef7341410764581cbc2a613,4CC99,TEXT,Homepass Number,Z14,mapped,1,"{""IMB"": 1}",delivered,,False,,False,
3230527f9d95887fb154dc1497517b22ce6b78f41a13c798dcd09ca204f72ce8,4CA1B,LWPOLYLINE,Base Map,,graphic_only,0,{},not_delivered_not_automatically_missing,,False,,False,
32d862fd177bbdc47bf4e5edda58c5c85351f82003215fdef22e3ff8a6cbca19,4CBCD,TEXT,Homepass Number,K11,mapped,1,"{""IMB"": 1}",delivered,,False,,False,
32df9ef2c5c256104ce16bbc4aa94f34f774484e14d2c5d4a89a606474880352,4CAF1,LWPOLYLINE,Base Map,,graphic_only,0,{},not_delivered_not_automatically_missing,,False,,False,
32f58fdda0ddd5dfc9a3608bb892e8395d0f135cbc2aa97044e65b37a8b6b474,4CC72,TEXT,Homepass Number,Y5,mapped,1,"{""IMB"": 1}",delivered,,False,,False,
3342afe08260a237538d0a6d4054e6b0432f9c5d248d54d44353b8ded1122b4c,4CF14,INSERT,NEW POLE 7m(3 inches),,mapped,1,"{""PTECH"": 1}",delivered,,False,,False,
339bfeb586f8e2f24be6322b657651b50d4c6f28158b8d12395c9f6760562279,4CF8C,INSERT,NEW POLE 7m(2.5 inches),,mapped,1,"{""PTECH"": 1}",delivered,,False,,False,
347f7b0e2fb20456b0463c5cb417116e371df79cedea125895e127e6869df6fe,4CC38,TEXT,Homepass Number,AD3,mapped,1,"{""IMB"": 1}",delivered,,False,,False,
349d5e578c14c7c4fddc3790b9c88cb79d5a61b4041bb6b13ac1a746c69ee586,4CC4E,TEXT,Homepass Number,AB5,mapped,1,"{""IMB"": 1}",delivered,,False,,False,
34dd329025e670487ca6b2db52de176228e2d0963f751f6a8d21e254e1ed4a29,4CC60,TEXT,Homepass Number,Z7,mapped,1,"{""IMB"": 1}",delivered,,False,,False,
35740fae8dbb096546918ed20c465f859e15469d854b5f229144587d5cb866ad,4CB05,LWPOLYLINE,Base Map,,graphic_only,0,{},not_delivered_not_automatically_missing,,False,,False,
35adad8ec95375bcf770d0be792016b935e41e56c9c0cff99b6a24e7a85597f4,4CC20,TEXT,Homepass Number,P6,mapped,1,"{""IMB"": 1}",delivered,,False,,False,
35ade6bbc7e13fa4e43613caa0171f49cf10f4af719127b077041094ce23dd48,4CEBC,INSERT,NEW POLE 7m(2.5 inches),,mapped,1,"{""PTECH"": 1}",delivered,,False,,False,
363281eec001ddf0e9fbb6dff0f5613216f85ce9502f02de52fa1d43d6b36891,4CA28,LWPOLYLINE,Base Map,,graphic_only,0,{},not_delivered_not_automatically_missing,,False,,False,
365b3fdd9d9a873e39d6b8033039cfe3d9451488545ef8b6df9238d2113a0522,4CDF4,INSERT,NEW POLE 7m(3 inches),,mapped,1,"{""PTECH"": 1}",delivered,,False,,False,
370941a7d7569366b42e4402bcbeb3261cd634223e82e14f1cb99a352f7353d6,4C9DE,LWPOLYLINE,Base Map,,graphic_only,0,{},not_delivered_not_automatically_missing,,False,,False,
370f1cf7db5aebb6c49b2c1de4d6f1de20dbc57bc1b54942aeb424c089da786a,4CC87,TEXT,Homepass Number,X11,mapped,1,"{""IMB"": 1}",delivered,,False,,False,
374f004f8708826d9cccfd56d490078855cd5178552f5b6ab7aa9253ab3ac1ab,4CB87,LWPOLYLINE,Base Map,,graphic_only,0,{},not_delivered_not_automatically_missing,,False,,False,
378cd4a5daeaf4575c7a6eb3f4dd46c78346245e1d55b26202ba7fb05244824f,4CAFD,LWPOLYLINE,Base Map,,graphic_only,0,{},not_delivered_not_automatically_missing,,False,,False,
37904fccbcd6268b65e9d59b3120fc3356ab497522bfd8f56e6544c94d55efc2,4CA0B,LWPOLYLINE,Base Map,,graphic_only,0,{},not_delivered_not_automatically_missing,,False,,False,
37d9ba57e084b23b16f94c06d3ec4c1f1198bacc8228b50c46923dc0a02a77da,4E29D,INSERT,SPAN KU,,graphic_only,0,{},not_delivered_not_automatically_missing,,False,,False,
37dd4d7b0938fa56c93bb78ce46e6f05a82ad239313559ef92ebea9ea4c2410c,4CC8A,TEXT,Homepass Number,V13,mapped,1,"{""IMB"": 1}",delivered,,False,,False,
38014f88b6893925280b5a7b9c894452d4222c04739c28b2d42c576e791e6359,4CB82,LWPOLYLINE,Base Map,,graphic_only,0,{},not_delivered_not_automatically_missing,,False,,False,
38032c753ab62d5ebd55d84030a9890fd60fe8cad37fe8cbafbf135b49184273,4CECB,TEXT,NEW POLE ID 7m (2.5 inches),MR.PTV.P038,annotation,0,{},not_delivered_not_automatically_missing,,False,,False,
38352591b9a532ffa13f2cb879aad94d578db692426bbaf6eca591124afd97f1,4CAB8,LWPOLYLINE,Base Map,,graphic_only,0,{},not_delivered_not_automatically_missing,,False,,False,
385efdf1fab2794e81c3f8cd3c83bccdbc2fd4dd283d56cd02d6f001fcd4e1d3,4CC01,TEXT,Homepass Number,AH1,mapped,1,"{""IMB"": 1}",delivered,,False,,False,
3868080a0cbb50b21e0a0096a2859cd5264bf0719293de0950bd74893f8a4ceb,4C6B7,TEXT,Homepass Number,H1,mapped,1,"{""IMB"": 1}",delivered,,False,,False,
38b3a84cfdcaf5443f86dc6580a939daac78d768ed1c102a4595f32ef271e420,4C618,TEXT,Homepass Number,B1,mapped,1,"{""IMB"": 1}",delivered,,False,,False,
38f10041ef2948a9fae42a87fcd9f0db6dba5cfaf728e0f82e122d68230b4cdc,4CB1B,LWPOLYLINE,Base Map,,graphic_only,0,{},not_delivered_not_automatically_missing,,False,,False,
394bb6607da21fbbbcd2fa5bf49c98cb9a998d96d1c56fe0997dffa373e60fb5,4CC29,TEXT,Homepass Number,Q8,mapped,1,"{""IMB"": 1}",delivered,,False,,False,
3976793c79fe1e8b45572f9f71ba06891fbbade89b6eee3c43f6a40059e2fe9d,4D031,LWPOLYLINE,FAT AREA,,mapped,1,"{""ZPM"": 1}",delivered,,False,,False,
39b944dad09acd295031cc65093e91dad83480265a8783d333027de2bd0b59dc,4CB08,LWPOLYLINE,Base Map,,graphic_only,0,{},not_delivered_not_automatically_missing,,False,,False,
3a492390970e8e18ddd44bdf157345c7da0451e7093c28b2c76f72fc937607e2,4CB3E,LWPOLYLINE,Base Map,,graphic_only,0,{},not_delivered_not_automatically_missing,,False,,False,
3a4f41fcbf6ed2a7629e18c81a1f7a19a4e1deedceb57c2bd0d8d09fcf7b82ec,4CA17,LWPOLYLINE,Base Map,,graphic_only,0,{},not_delivered_not_automatically_missing,,False,,False,
3b1f48c5c411cf96a974e07f3c38a4061a75ab16a763029bdc731fb627c7489d,4CC74,TEXT,Homepass Number,Y3,mapped,1,"{""IMB"": 1}",delivered,,False,,False,
3b8ecf1a3bb587b3cdf0c2a6b7c2251a43ef128a5c5396c833e607c541389c79,4C711,TEXT,Homepass Number,K3,mapped,1,"{""IMB"": 1}",delivered,,False,,False,
3c0d628940f9eb289cee16831165776eda61e3669c88c718ca87448cef1e26f7,4CE7B,TEXT,NEW POLE ID 7m(3 inches),MR.PTV.P025,annotation,0,{},not_delivered_not_automatically_missing,,False,,False,
3c31541fd5dc8891104fcd005d339d2d0b92acc1a58bf9048620a3a4a33ee944,4CC13,TEXT,Homepass Number,O8,mapped,1,"{""IMB"": 1}",delivered,,False,,False,
3c6738d2a7c9d6d5e080f65496c509e4180f5ff0c42f7e9455a0ccce43658b39,4CC19,TEXT,Homepass Number,O2,mapped,1,"{""IMB"": 1}",delivered,,False,,False,
3c6f198b64dd0e25ba0bb54a7b660b1e0bcfbd083d5f03af2f3f553effe10717,4C6F9,TEXT,Homepass Number,J6,mapped,1,"{""IMB"": 1}",delivered,,False,,False,
3c9aa27e504bbb2ae3da1c72c6f93f67231efae35c8c7a4bbec1d1f01940ed5c,4CBE5,TEXT,Homepass Number,V6,mapped,1,"{""IMB"": 1}",delivered,,False,,False,
3cba0f0442fac1dac6d0a498a674bd95ad56b2bcbca8b6702b08456c7707aff4,4CB61,LWPOLYLINE,Base Map,,graphic_only,0,{},not_delivered_not_automatically_missing,,False,,False,
3d5473394b456e3aeb9ee40461524936e51024aaf9e05c52daea6618a5634d84,4CBFF,TEXT,Homepass Number,AH3,mapped,1,"{""IMB"": 1}",delivered,,False,,False,
3de2166a0f16e5006495225369b761ec98ff917f5c6991254bf85d6f1fc20ce6,4CBFD,TEXT,Homepass Number,AH5,mapped,1,"{""IMB"": 1}",delivered,,False,,False,
3de6ba507932c930f15f95e4c5287714f67e9f3aaf44567aba52750aa9321523,4C95F,LWPOLYLINE,Base Map,,graphic_only,0,{},not_delivered_not_automatically_missing,,False,,False,
3e7e441433352aa207e2f364c32662cfc963fec9c75387391031efdde3384a29,4CF4B,TEXT,NEW POLE ID 7m(3 inches),MR.PTV.P043,annotation,0,{},not_delivered_not_automatically_missing,,False,,False,
3e8eac435382c95313264baa80b7a8221d0be4de5289b11cdb7897c0ddb826dd,4C657,TEXT,Homepass Number,D7,mapped,1,"{""IMB"": 1}",delivered,,False,,False,
3e9f3459fe651ee48dffe3890f4cef1a107705a19049a7e3c38fdd92c4e0b13d,4CABC,LWPOLYLINE,Base Map,,graphic_only,0,{},not_delivered_not_automatically_missing,,False,,False,
3ead6381f23b195d664d04f8256afe551a120e81bcd98506360837541f43ab16,4CB78,LWPOLYLINE,Base Map,,graphic_only,0,{},not_delivered_not_automatically_missing,,False,,False,
3f32c51e727adf5b9743528be7109cf45b3b8431a3646a5d294090eb346252cc,4CDE3,TEXT,NEW POLE ID 7m(3 inches),MR.PTV.P014,annotation,0,{},not_delivered_not_automatically_missing,,False,,False,
3f59a111c2192a3a5e0b258232115d7f60f071526ccb0c778f4bab24a71c3ae8,4CC1E,TEXT,Homepass Number,P4,mapped,1,"{""IMB"": 1}",delivered,,False,,False,
3fb1a153b942cc20aef89ad16220b4efd038480c05c43b320e827aab01e78ff9,4D0A2,LWPOLYLINE,FO 48 CORE.,,mapped,26,"{""CABLE"": 25, ""INFRASTRUCTURE"": 1}",delivered,,False,,False,
3fe5884c62e28f98195e83ddabc5cd118d9ecf57cc2c776bfedd2cdf833dcee6,4CC06,TEXT,Homepass Number,H2,mapped,1,"{""IMB"": 1}",delivered,,False,,False,
401d3763fdb654fa873b184cc4b60f5c666735b8abdb6c5f8fa5d24a10f43034,4CBCB,TEXT,Homepass Number,K9,mapped,1,"{""IMB"": 1}",delivered,,False,,False,
4040d499acbddfd8d57e0cf3e16c9e0c1093c58c3d127bac2d370fcd9f8fca17,4CB0F,LWPOLYLINE,Base Map,,graphic_only,0,{},not_delivered_not_automatically_missing,,False,,False,
4053c17e1fb2a62f66d709a4ab615e5c22c25db18912a2db63237cdfb7f1148d,4DDD2,DIMENSION,SPAN KU,,annotation,0,{},not_delivered_not_automatically_missing,,False,,False,
40a123bc3535930f4adf422c56affe64a36aa9c87cc32cd5219aac3c4efab619,4CB41,LWPOLYLINE,Base Map,,graphic_only,0,{},not_delivered_not_automatically_missing,,False,,False,
40c6140818cc167323bb7b5c8da43707dfd4d3b5b493bcb0da2b1d0ee9bfa23f,4CE5B,TEXT,NEW POLE ID 7m(3 inches),MR.PTV.P049,annotation,0,{},not_delivered_not_automatically_missing,,False,,False,
41414f01b1c15a4cd3ecf7d4f5b940f52ba4f9d500be00e31025961526c5116a,4CAD9,LWPOLYLINE,Base Map,,graphic_only,0,{},not_delivered_not_automatically_missing,,False,,False,
41444a0eb371965ec69478e20328d28bbc87a81b6cafa315077b23f57bcb9bf1,4CE24,INSERT,NEW POLE 7m(3 inches),,mapped,1,"{""PTECH"": 1}",delivered,,False,,False,
415c1245dd73cd15ab5599ff710c275da3d9f900ddcdea1014220fbad62ed355,4DC82,DIMENSION,SPAN KU,,annotation,0,{},not_delivered_not_automatically_missing,,False,,False,
41c80b2910be4ae803bc4f8fb378e4ae1b118ab1bf13d69147a803ca4a5520fe,4CDEC,INSERT,NEW POLE 7m(2.5 inches),,mapped,1,"{""PTECH"": 1}",delivered,,False,,False,
41dbc7edb4c234215dc6a8aafc69a03b94e20d37468c01c3f624d91addc220f1,4CB4A,LWPOLYLINE,Base Map,,graphic_only,0,{},not_delivered_not_automatically_missing,,False,,False,
422dac6c4bfbaec8ecb416ec5b93dcb7fbfdcc15c41c5961970bd0634951afea,4CB66,LWPOLYLINE,Base Map,,graphic_only,0,{},not_delivered_not_automatically_missing,,False,,False,
4298a6dd157f08acf96d212e45725a2798c1e41f3966b6f6e7edf2657e9b0dd7,4CC3B,TEXT,Homepass Number,AC1,mapped,1,"{""IMB"": 1}",delivered,,False,,False,
42cd4ea567ea3f0130416b378849b98673860ee7b958c9088b26feb016699a95,4D315,INSERT,FAT,,mapped,1,"{""BOITE"": 1}",delivered,,False,,False,
42e18b2c72e27167ff7064d950aaad4c98b58b402b93dd70bc97e72c868151d2,4CAC1,LWPOLYLINE,Base Map,,graphic_only,0,{},not_delivered_not_automatically_missing,,False,,False,
42feb526f6c895a8f75f4c08f1a5308bbffaa4aa7c669200d2e176f3900397d5,4CBD1,TEXT,Homepass Number,L8,mapped,1,"{""IMB"": 1}",delivered,,False,,False,
437eb44b64172e97549eb5c13327a3fefd548dc8d315c97850ca724cef8c01e4,4D0CE,TEXT,FAT,PTV.135.A12,annotation,0,{},not_delivered_not_automatically_missing,,False,,False,
439fd3967b1c2b0c45ba6264182193e9b045e4bb7d403bc83e387102f4842fbc,4CAF4,LWPOLYLINE,Base Map,,graphic_only,0,{},not_delivered_not_automatically_missing,,False,,False,
43d1c4fe0b0edb67dcc1017eb361f4c55662610c6ae9ffb09ffa0218c5da6145,4CCAF,TEXT,Homepass Number,A8,mapped,1,"{""IMB"": 1}",delivered,,False,,False,
447d7b06571a18c1e6e92ba6536d2a9218f141e53953a89de2ac17f5162d00f3,4CC76,TEXT,Homepass Number,Y1,mapped,1,"{""IMB"": 1}",delivered,,False,,False,
450679a1331c0617add6bc2c473fce8d706f0b0cbda66a88d6b2b5287ab1788a,4CDDB,TEXT,NEW POLE ID 7m(3 inches),MR.PTV.P022,annotation,0,{},not_delivered_not_automatically_missing,,False,,False,
45390b264793f45530b97198d7eee84a149114ad66804cb68b84b9cdbdff9903,4CBAF,LWPOLYLINE,Base Map,,graphic_only,0,{},not_delivered_not_automatically_missing,,False,,False,
455b5d2a9cbe68057edc20dedd7309e5b423f1f9e02b11c93789f212958fd285,4CB51,LWPOLYLINE,Base Map,,graphic_only,0,{},not_delivered_not_automatically_missing,,False,,False,
458da65a693fd246544117847a8a9ae184560ecea7233046147f55cc429bca10,4C9ED,LWPOLYLINE,Base Map,,graphic_only,0,{},not_delivered_not_automatically_missing,,False,,False,
45976dc404db9a6c3b3dcf6dd5661d8158fc522e9931f07c5b76529749de976e,4CC5E,TEXT,Homepass Number,Z6,mapped,1,"{""IMB"": 1}",delivered,,False,,False,
4785cdc958e7154a1e75c89d2780811c50572cb8ae9a134f3099e313f224d41e,4CB6D,LWPOLYLINE,Base Map,,graphic_only,0,{},not_delivered_not_automatically_missing,,False,,False,
47a8a44ac89ac3e1cbcc04c1727e124dc4be375310b2a176c774378093d04108,4CCA0,TEXT,Homepass Number,W15,mapped,1,"{""IMB"": 1}",delivered,,False,,False,
47b0422d2848b236c12f2acd60def02ffb8d37be110602444084287b240a6f75,4CB49,LWPOLYLINE,Base Map,,graphic_only,0,{},not_delivered_not_automatically_missing,,False,,False,
47d006991b37180a4ea30d5b8c16e421b7394790fece7f1738e23419e1cfaa73,4C726,TEXT,Homepass Number,S4,mapped,1,"{""IMB"": 1}",delivered,,False,,False,
481e4e35d6874f52ae82f72ed46f8e62c9ccda3b3d03be4e6617e0af4ba87fb1,4CDFB,TEXT,NEW POLE ID 7m(3 inches),MR.PTV.P017,annotation,0,{},not_delivered_not_automatically_missing,,False,,False,
4845190fdc82d27bb73cb3604398e9db378c62a36bbc6ab274cdfbe7dbad4617,4DBC2,DIMENSION,SPAN KU,,annotation,0,{},not_delivered_not_automatically_missing,,False,,False,
48672ebeea28b5f8b858960c4f8491d01db3e9cb09061e426ae7b1afcd7959a1,4D0CF,TEXT,FAT,PTV.135.B01,annotation,0,{},not_delivered_not_automatically_missing,,False,,False,
48b0607984ea39da7b0207e5e24afea73cc971a1b4987ebf90bdcaf65c514df1,4CB47,LWPOLYLINE,Base Map,,graphic_only,0,{},not_delivered_not_automatically_missing,,False,,False,
48f3a9b1dc75eb2a0e5ace2bb1b98db329732b1440070b6ac6c9628d26406164,4D324,MULTILEADER,FAT_Info,,annotation,0,{},not_delivered_not_automatically_missing,,False,,False,
4923962ea2965435a8a9f042567e50a7c17b0325d09ea8c5096857e1eea2b819,4CBF1,TEXT,Homepass Number,T9,mapped,1,"{""IMB"": 1}",delivered,,False,,False,
49686644ee31f031aa56bc1b5a8d7d5e6a3c6f1449036a566daf09e2334bedb1,4D304,MULTILEADER,FAT_Info,,annotation,0,{},not_delivered_not_automatically_missing,,False,,False,
4970d72586946460471094655ef368508b4f323b9964ddb41ccfbd18670cd373,4CAB3,LWPOLYLINE,Base Map,,graphic_only,0,{},not_delivered_not_automatically_missing,,False,,False,
499a1c11f18b2283f19bef8eb2b9324b076e05f1e01ba7d77885c16d5646aede,4CC70,TEXT,Homepass Number,Y7,mapped,1,"{""IMB"": 1}",delivered,,False,,False,
49a1b21aeaca9ff5e8ee46a266261836b2838d1d65e3baed1fe3c3b23b89e5a0,4CC2E,TEXT,Homepass Number,R8,mapped,1,"{""IMB"": 1}",delivered,,False,,False,
49ea8fc10f50f32695447756c1dabf056183df76761c3c148543df64422a8f48,4CEA4,INSERT,NEW POLE 7m(2.5 inches),,mapped,1,"{""PTECH"": 1}",delivered,,False,,False,
49f2bcabb4c135c668731f4a5f041efcd2d17ed51457839b7d3db8851a6cdae4,4CC64,TEXT,Homepass Number,Z9,mapped,1,"{""IMB"": 1}",delivered,,False,,False,
49f8ac6fc0e817a18c1dbd23ff7a079b1f878ee97738519c53f2e1910e4b01d6,4CB73,LWPOLYLINE,Base Map,,graphic_only,0,{},not_delivered_not_automatically_missing,,False,,False,
4a1881fe2aefc3e054e28524428f043090903691d068bc427fcacb1e19132864,4CBD2,TEXT,Homepass Number,L7,mapped,1,"{""IMB"": 1}",delivered,,False,,False,
4a20d51b59d300a4999debc2f3495b4eff0434458f18bb39815fa74f955f891c,4CC46,TEXT,Homepass Number,AC12,mapped,1,"{""IMB"": 1}",delivered,,False,,False,
4a2f55caec8f9245cb11b77ceee8c5654af597a94881b68213de7a0e104c5313,4CE04,INSERT,NEW POLE 7m(3 inches),,mapped,1,"{""PTECH"": 1}",delivered,,False,,False,
4a798ef9b668770fe1becd803228f9f9f895f3a17bdc4cd4d160eb5e48ca736e,4C720,TEXT,Homepass Number,S2,mapped,1,"{""IMB"": 1}",delivered,,False,,False,
4ae547ddb41da560d8bd1df1966dc9df38bf7b3e8b01bcd7b823e7ca11446cdb,4D0C1,MTEXT,Line,LINE A,annotation,0,{},not_delivered_not_automatically_missing,,False,,False,
4b3cfd7ca0010ea8740b1d44826856aba0546d518b7b9f730ca9b3c8727f10c8,4CBA5,LWPOLYLINE,Base Map,,graphic_only,0,{},not_delivered_not_automatically_missing,,False,,False,
4bd6242fd169a75d9ff04adffbf0569aec12e7d899de45a3d4b25af48a339ba1,4C65A,TEXT,Homepass Number,D8,mapped,1,"{""IMB"": 1}",delivered,,False,,False,
4c7fa48ba57197df9512c82c0705e7f5c70c41daffb2854dd4cb75c3327ec755,4C9D0,LWPOLYLINE,Base Map,,graphic_only,0,{},not_delivered_not_automatically_missing,,False,,False,
4c9c4e4eb7cfe80cbba3ffd19c9908526a758ac3040e8f2c30621b4154224528,4CC69,TEXT,Homepass Number,AA12,mapped,1,"{""IMB"": 1}",delivered,,False,,False,
4ca5d40d4a628f3681903957e9351285a3bba2ab5bddeb4c4ec7a6208676ff8f,4CACD,LWPOLYLINE,Base Map,,graphic_only,0,{},not_delivered_not_automatically_missing,,False,,False,
4d1cfda8ef4a594140efc84de6410ccf9639dd7452078efa5efa67227da781eb,4D0B0,LWPOLYLINE,SLING WIRE,,mapped,2,"{""CABLE"": 1, ""INFRASTRUCTURE"": 1}",delivered,,False,,False,
4d94bc981452b7b11f87a09c55b111013f94af707ebfa0bf64a70ed0e938f726,4CB3B,LWPOLYLINE,Base Map,,graphic_only,0,{},not_delivered_not_automatically_missing,,False,,False,
4dce8c3b4eb138519ec7e4c20671b280b9861f18c347c0c9b7b4f84610d97b47,4CAF0,LWPOLYLINE,Base Map,,graphic_only,0,{},not_delivered_not_automatically_missing,,False,,False,
4e7f0f21eba61944333536cbdba7944621973d61037a6be8ebc2da870e62c5c5,4C6FF,TEXT,Homepass Number,J8,mapped,1,"{""IMB"": 1}",delivered,,False,,False,
4ea23465949df1a0fb1bc3eda469acbcba552060b44c9e13aca9c7e98875396c,4C6BA,TEXT,Homepass Number,H2,mapped,1,"{""IMB"": 1}",delivered,,False,,False,
4f4a495cbc776aa64b328a7df7c71267a4dd21249847b6c19086d88772eff6e5,4C66F,TEXT,Homepass Number,E4,mapped,1,"{""IMB"": 1}",delivered,,False,,False,
503cfef5766a2f22ac63159cae5554f478adb778570ce86ed9f59fac714801f0,4C6DE,TEXT,Homepass Number,I/8,mapped,1,"{""IMB"": 1}",delivered,,False,,False,
508a182be352256b524e3a6838ec2f75682bc082adb871b55ff4841ee64e3f03,4CAD3,LWPOLYLINE,Base Map,,graphic_only,0,{},not_delivered_not_automatically_missing,,False,,False,
50da7142bb0cc2cb22d5175cf2f762c4be3f103f66df202fc7e2cc051aa944f1,4D036,LWPOLYLINE,FAT AREA,,mapped,1,"{""ZPM"": 1}",delivered,,False,,False,
50e80ea90aca703f1f4771377094622f93bbb4ed6b82e013cdf9b72cf57e4248,4CAFF,LWPOLYLINE,Base Map,,graphic_only,0,{},not_delivered_not_automatically_missing,,False,,False,
515af4b582044cab2643edd74b804c3e6f835465f29f6d393d34d927f16a446b,4CC21,TEXT,Homepass Number,P7,mapped,1,"{""IMB"": 1}",delivered,,False,,False,
51798ccd2cbb1e3cd34bf140d32ac62f70f71e64791edf0473c58c5322cfa8d3,4D338,MULTILEADER,FAT_Info,,annotation,0,{},not_delivered_not_automatically_missing,,False,,False,
51c9ac50853c9aa2958d4cf63788569f43cb6cae754da671e559683c4290fff6,4D308,MULTILEADER,FAT_Info,,annotation,0,{},not_delivered_not_automatically_missing,,False,,False,
52104ccfeb9440741c5d9307e395e7478545cb23b53b28fb148f73f78cb5af49,4CBCF,TEXT,Homepass Number,L10,mapped,1,"{""IMB"": 1}",delivered,,False,,False,
524c3eb609cea5a95b6a355da9638f4defa9c98b713ee94ec55741607833133b,4CB76,LWPOLYLINE,Base Map,,graphic_only,0,{},not_delivered_not_automatically_missing,,False,,False,
5284d9f3ea46c4ce9541018b2af9d1082e2822f43535266644820ba6a53c053a,4CC8D,TEXT,Homepass Number,W12,mapped,1,"{""IMB"": 1}",delivered,,False,,False,
528c3fdf97bf9fa7124293db5297ed12ce776570d7b85284128128f52236b0a2,4CB58,LWPOLYLINE,Base Map,,graphic_only,0,{},not_delivered_not_automatically_missing,,False,,False,
52d7451af8c366f2e43ad53c36ef155a4c4020a47923ec9021bf5e9463387f20,4D035,LWPOLYLINE,FAT AREA,,mapped,1,"{""ZPM"": 1}",delivered,,False,,False,
531a7f319800777555a8ee9d6df3db569c103b8b3284613cdbe46c0724cfe6e2,4D0DA,LWPOLYLINE,SLING WIRE,,mapped,2,"{""CABLE"": 1, ""INFRASTRUCTURE"": 1}",delivered,,False,,False,
53e60ae82313559aab95526cc391a526699dddb0b6f7d9fa5f2879631e45cd06,4D9CA,DIMENSION,SPAN KU,,annotation,0,{},not_delivered_not_automatically_missing,,False,,False,
545c2419e3299999905867a346ac9aeac8deebf3d443470991cc2d33562c1ab7,4CC63,TEXT,Homepass Number,AA9,mapped,1,"{""IMB"": 1}",delivered,,False,,False,
54b35acebe20f6b50c7bb689be1f463d0715e1deb05367cc98729e138ba51910,4CB29,LWPOLYLINE,Base Map,,graphic_only,0,{},not_delivered_not_automatically_missing,,False,,False,
54e38fde55635f3b1d77291f3c190d6bbbb78cce360d7146bf04c1094006e8fb,4CCB0,TEXT,Homepass Number,A9,mapped,1,"{""IMB"": 1}",delivered,,False,,False,
556f7797e35b2c7a157ff41c2c945ed4daf2511ee6a16049f799d677cdc0111c,4CB89,LWPOLYLINE,Base Map,,graphic_only,0,{},not_delivered_not_automatically_missing,,False,,False,
56f6c8320943df4238b6214cad5ac3852ca9ed25c8a62354c4dba67badfa425c,4C61B,TEXT,Homepass Number,B2,mapped,1,"{""IMB"": 1}",delivered,,False,,False,
5733052d6a69915732057fe6380ed41bc4462dbac367e35ff5acb6c87d91411d,4CE54,INSERT,NEW POLE 7m(3 inches),,mapped,1,"{""PTECH"": 1}",delivered,,False,,False,
57432c3779436ff5c8984da171400918e940a4b12e0b5979b9e86ac4f22b27db,4D319,INSERT,FAT,,mapped,1,"{""BOITE"": 1}",delivered,,False,,False,
576b83930b17ad6ae33c3d17ca4fc46397bc602eae3fe0c3fa5666d67cbfc61d,4D310,MULTILEADER,FAT_Info,,annotation,0,{},not_delivered_not_automatically_missing,,False,,False,
579e32d90ad050aae7dbbd94186f2e2927b4618ecdd2dca432c875b9f654bf8c,4C911,LWPOLYLINE,Base Map,,graphic_only,0,{},not_delivered_not_automatically_missing,,False,,False,
57cc36b758a402a85ef6bb90aa9f324b95a4871f4cdabf4198c755681efa1636,4C6FC,TEXT,Homepass Number,J7,mapped,1,"{""IMB"": 1}",delivered,,False,,False,
57f6d8169e272a9d2bbb66d1cb50d7e70f9a00e27a1787c38c3e0b109f7caf12,4C94F,LWPOLYLINE,Base Map,,graphic_only,0,{},not_delivered_not_automatically_missing,,False,,False,
58c6f0406eb0cfd84f90b93c7d3f2dfd4f4739242de967627147cd8f2310e04f,4CF94,INSERT,NEW POLE 7m(2.5 inches),,mapped,1,"{""PTECH"": 1}",delivered,,False,,False,
58f668aaf04c2f35320871a22ac6593f265567f454a62b8c76363711eda36f81,4CC0A,TEXT,Homepass Number,N9,mapped,1,"{""IMB"": 1}",delivered,,False,,False,
58febb9da223bdd4e66aea678bb711f62ce9815e35332b814f334234e484a675,4D309,INSERT,FAT,,mapped,1,"{""BOITE"": 1}",delivered,,False,,False,
59255dbd932e93f56cd9c5da7ff58c26e5360e3d220a552ed23461fbab7545f6,4D0D1,TEXT,FAT,PTV.135.B03,annotation,0,{},not_delivered_not_automatically_missing,,False,,False,
594e32d5f6da99afa719b522e6db9b591aca86b7eca75c2828dd27154b01be7b,4CAE1,LWPOLYLINE,Base Map,,graphic_only,0,{},not_delivered_not_automatically_missing,,False,,False,
5973fad66deeec6d802fac53f27e1bf414bd7272788c0066111dc717d4ec1587,4CE14,INSERT,NEW POLE 7m(2.5 inches),,mapped,1,"{""PTECH"": 1}",delivered,,False,,False,
5998a4bd7143fc340e46aaaa53b4d7806056b920766e7b1df15558b72f3382dc,4DB92,DIMENSION,SPAN KU,,annotation,0,{},not_delivered_not_automatically_missing,,False,,False,
59b5c5316b36cf5d8c08fcdfef55bea560f735350d49156d14b5c642c3b00845,4D339,INSERT,FAT,,mapped,1,"{""BOITE"": 1}",delivered,,False,,False,
59d8b2455cb9fe31f99847c53f70c54e0899f260fd473f0e76487cfeec186543,4DD72,DIMENSION,SPAN KU,,annotation,0,{},not_delivered_not_automatically_missing,,False,,False,
5aee7e7e0abe0455a2ae5c830767611e63b0b342a1db6cf523922e7e3b5d2871,4CA04,LWPOLYLINE,Base Map,,graphic_only,0,{},not_delivered_not_automatically_missing,,False,,False,
5afe39edc01985d6e8d7eee344f58dde6e55c6e102fe3b2087702b88f844c7b9,4CA82,LWPOLYLINE,Base Map,,graphic_only,0,{},not_delivered_not_automatically_missing,,False,,False,
5b1b89de5550be6256a22370013d3ea3fc9f5188a2884f75abe9b3c6f7ee85e5,4CB5E,LWPOLYLINE,Base Map,,graphic_only,0,{},not_delivered_not_automatically_missing,,False,,False,
5b4662140c038fc01cdc183fe1b8a74a95ec1c3fd3bdeb84edfa10ebd8a376e0,4CC39,TEXT,Homepass Number,AD4,mapped,1,"{""IMB"": 1}",delivered,,False,,False,
5b695bffa7d11866da0e985b250adc3650e9ec9e4b49f3187bdfd67d7337cf68,4CB5A,LWPOLYLINE,Base Map,,graphic_only,0,{},not_delivered_not_automatically_missing,,False,,False,
5bed1d89e972287ae07b2e9b78738da24fdc80db4c060c6990fb353c51b91bf4,4CC92,TEXT,Homepass Number,X14,mapped,1,"{""IMB"": 1}",delivered,,False,,False,
5c121965b8cd8432d3620891ebb1ccd3932c76fb6c8d8e11c85a7ded59274326,4D314,MULTILEADER,FAT_Info,,annotation,0,{},not_delivered_not_automatically_missing,,False,,False,
5c3161b2f954ba0588065d45e33717778ed08ee0b21fd2d3bb2a23f30c177ba4,4CCAE,TEXT,Homepass Number,A7,mapped,1,"{""IMB"": 1}",delivered,,False,,False,
5c706d18c3b4e782165e788fda8abfb7a786d37f88ddda2d8368976b9197379e,4D0C9,TEXT,FAT,PTV.135.A08,annotation,0,{},not_delivered_not_automatically_missing,,False,,False,
5c9a00691352169fc4ed4936f01f41426adbc9c9a3f93f152785641d757e7067,4CBB6,LWPOLYLINE,Base Map,,graphic_only,0,{},not_delivered_not_automatically_missing,,False,,False,
5d0d7e4a8d55b5fa8842cab29d0cc730c27fed97363bd8dd5e0f601877225b85,4CB3F,LWPOLYLINE,Base Map,,graphic_only,0,{},not_delivered_not_automatically_missing,,False,,False,
5d21c75715fbe29e486d67047c7c5a7e6b2550b92982c0f8cd42ba4b9a513283,4CB11,LWPOLYLINE,Base Map,,graphic_only,0,{},not_delivered_not_automatically_missing,,False,,False,
5d68ad55011a2ad00e7b73660f43c4e98dec3f7f45ca52d3ae5bd654ba8027a8,4CCA1,TEXT,Homepass Number,V15,mapped,1,"{""IMB"": 1}",delivered,,False,,False,
5d6cb85eb258b2edfd4f21278745eea41309ec1cb4ab78a936c59d14dabe13d9,4CB90,LWPOLYLINE,Base Map,,graphic_only,0,{},not_delivered_not_automatically_missing,,False,,False,
5dbf1f8266330d2b66ac4ac8ff3dd057748aeeab964c8c080b15949bd31af53d,4CC7E,TEXT,Homepass Number,W6,mapped,1,"{""IMB"": 1}",delivered,,False,,False,
5df34e917ab3a60b76425e740fb2e11a1d1d764139d3e79ea833aef5f738cf8a,4CB4F,LWPOLYLINE,Base Map,,graphic_only,0,{},not_delivered_not_automatically_missing,,False,,False,
5e063bcb79776928bb4bb54fe1f7f26b1d932b9dcb7147e1d4c6b0ca54fd73f4,4CB7C,LWPOLYLINE,Base Map,,graphic_only,0,{},not_delivered_not_automatically_missing,,False,,False,
5e46b48a509af9850e2185eda7fdfd62bc184214bbd622361127efc47fd882e1,4CB79,LWPOLYLINE,Base Map,,graphic_only,0,{},not_delivered_not_automatically_missing,,False,,False,
5e489db163c14a1ce51575f0f6807676a4d8ea63020771f2f6b0aeec63a87f9c,4C744,TEXT,Homepass Number,U2,mapped,1,"{""IMB"": 1}",delivered,,False,,False,
5e6e7c25a48d9af1ae8da3a557f75abbf73e9605a8fc9cb4ceb80513b2d0c439,4CC08,TEXT,Homepass Number,N11,mapped,1,"{""IMB"": 1}",delivered,,False,,False,
5e98a3667e7310d1c980afc7caf049edd185ec16b30a9b7078be5ac33fd068e2,4CE43,TEXT,NEW POLE ID 7m (2.5 inches),MR.PTV.P011,annotation,0,{},not_delivered_not_automatically_missing,,False,,False,
5eca60a4d9f8d05396bad3c34bdbc6038ef437f748bdd7a036668b52600a2951,4CA85,LWPOLYLINE,Base Map,,graphic_only,0,{},not_delivered_not_automatically_missing,,False,,False,
5f0a3695dd69cd56c3d1028bb78b36e4af0152e87a98c443e54ebf3ffb27af9f,4CB5B,LWPOLYLINE,Base Map,,graphic_only,0,{},not_delivered_not_automatically_missing,,False,,False,
6011b198820bfdc2c297fa7132cbf77d6d7a5b0f47325e3934d3d642ab5dd4f2,4CF7B,TEXT,NEW POLE ID 7m(3 inches),MR.PTV.P044,annotation,0,{},not_delivered_not_automatically_missing,,False,,False,
60280e18057e339b9d0ce48ce952a1880e207eecb16dc9e6bfc52cb36db5c439,4CAFA,LWPOLYLINE,Base Map,,graphic_only,0,{},not_delivered_not_automatically_missing,,False,,False,
606aa25b5f5b092f46e352871542df9c14e2a39c593ea92de8d254504c33b48f,4CA77,LWPOLYLINE,Base Map,,graphic_only,0,{},not_delivered_not_automatically_missing,,False,,False,
607bbbf8f25cbc2901c1f8784d4e063ccca30443f61c029953fbf882b61ec225,4CE3C,INSERT,NEW POLE 7m(2.5 inches),,mapped,1,"{""PTECH"": 1}",delivered,,False,,False,
6141a1c52c0930fc565a3658055e05c3dc45b84ae98e1d06fc7cc10de71f0428,4DB4A,DIMENSION,SPAN KU,,annotation,0,{},not_delivered_not_automatically_missing,,False,,False,
624dadb735464eb8ea19dfeee9b0e629d2ac3a2f682d0681ac4e5def78ca3f73,4CB14,LWPOLYLINE,Base Map,,graphic_only,0,{},not_delivered_not_automatically_missing,,False,,False,
624fad91bfc2beb82462db1dd03c5eff48dfd1e0e931e352e5fd4878ad87df78,4CA3C,LWPOLYLINE,Base Map,,graphic_only,0,{},not_delivered_not_automatically_missing,,False,,False,
626467d00afe004b4590bf9884308ccc2bc39cfe68443b1760dd8315eb2c5ff3,4D31D,INSERT,FAT,,mapped,1,"{""BOITE"": 1}",delivered,,False,,False,
626d8312b5c36194b8050cbd1bbe4c4a1f0b1a3d8dd13b48ea717f650438c42a,4CBFC,TEXT,Homepass Number,AH6,mapped,1,"{""IMB"": 1}",delivered,,False,,False,
628351e5a77f9f596eff7fba06167d61b8f297c80ad5238f819622e89385856d,4CB3A,LWPOLYLINE,Base Map,,graphic_only,0,{},not_delivered_not_automatically_missing,,False,,False,
62d82450ef4ba9684ddb24889dec31efc0b5e56ef6796dbd84fb6c2122f3bcd1,4C62A,TEXT,Homepass Number,C3,mapped,1,"{""IMB"": 1}",delivered,,False,,False,
62db9086ce4f0e317184951ee7f2d2b935cd94411b00be4b3f7c6fdcb163fc57,4C6F6,TEXT,Homepass Number,J5,mapped,1,"{""IMB"": 1}",delivered,,False,,False,
62ecde7df410d851c86892bb8715cc1a9ff128ad8532ad733997fb84aba6bb20,4CC85,TEXT,Homepass Number,X10,mapped,1,"{""IMB"": 1}",delivered,,False,,False,
630e43de0ba2c2bb90764ec41af21f4c79b195cf3bab1700723a71a052731192,4C6A5,TEXT,Homepass Number,F11,mapped,1,"{""IMB"": 1}",delivered,,False,,False,
6369bb1e3f5f63b16701d46359263506bf6cc2ae43e94e021e7d111fc907600f,4C6F0,TEXT,Homepass Number,J3,mapped,1,"{""IMB"": 1}",delivered,,False,,False,
640b3124ff6c38aa079c07e666646ffe08718571d71bc7d252b40a50c8eeab9c,4CA08,LWPOLYLINE,Base Map,,graphic_only,0,{},not_delivered_not_automatically_missing,,False,,False,
647453d07333c266cc392715ab6d03e09332f3aef19c6d93279e3d2a46024ef8,4CC00,TEXT,Homepass Number,AH2,mapped,1,"{""IMB"": 1}",delivered,,False,,False,
64d1aa1f3f7599ad976f1eac3abf6bb651a3762c9cc2e739481e2a0c4abd150d,4D0B1,LWPOLYLINE,SLING WIRE,,mapped,2,"{""CABLE"": 1, ""INFRASTRUCTURE"": 1}",delivered,,False,,False,
64fba742a6f73a8dcb4f40473a36379c810dfd02905b17d641b58803e982a06e,4CCA3,TEXT,Homepass Number,AG5,mapped,1,"{""IMB"": 1}",delivered,,False,,False,
6540415f1a4427d24c55d1215840a30e8c813b5bbed56fc3c2bc684ac53fe3c8,4CBD8,TEXT,Homepass Number,L1,mapped,1,"{""IMB"": 1}",delivered,,False,,False,
65bbda8f7d19aeac6f0eedd8147af0703243c8442062fe62b7046f7a7be13ee9,4D0AB,LWPOLYLINE,SLING WIRE,,mapped,2,"{""CABLE"": 1, ""INFRASTRUCTURE"": 1}",delivered,,False,,False,
65e7f3bb9ef8b02a2cd5811d5a7618237af92a92f224c14ffbed8f2e3c3db42a,4D0AF,LWPOLYLINE,SLING WIRE,,mapped,2,"{""CABLE"": 1, ""INFRASTRUCTURE"": 1}",delivered,,False,,False,
661ab0b4a1e2d4c0be92fd03a400e9b9bd4a5f9dd36bcc9c609044b2535b1fa0,4CBA3,LWPOLYLINE,Base Map,,graphic_only,0,{},not_delivered_not_automatically_missing,,False,,False,
67737540a34ec9a9a768d2501f54d9361709f0549e197f9d0f4e929f3a65007f,4CBF5,TEXT,Homepass Number,T5,mapped,1,"{""IMB"": 1}",delivered,,False,,False,
6805e2f337145c4457ce162653dbcae29e756d294b19085496efed4fb7d63fcd,4CB26,LWPOLYLINE,Base Map,,graphic_only,0,{},not_delivered_not_automatically_missing,,False,,False,
683b5cc6bc94ab97c710bc07c83dbba938d6936967c18b13eb7848826a9d3083,4CFD6,TEXT,NEW POLE ID 7m (2.5 inches),MR.PTV.P009,annotation,0,{},not_delivered_not_automatically_missing,,False,,False,
688d94d10704cf03e72005b506ac222bf3c75b6626c53aec3eadb398fca6516a,4CF33,TEXT,NEW POLE ID 7m (2.5 inches),MR.PTV.P027,annotation,0,{},not_delivered_not_automatically_missing,,False,,False,
693d9299eeac8282d30283e9eaaaccba83430f4730dd3cca44774058c73c2e58,4CB03,LWPOLYLINE,Base Map,,graphic_only,0,{},not_delivered_not_automatically_missing,,False,,False,
69fe91f86cd07909202aee6efd8f56c1e174b145c9c0c7f3d95597be5dab9b51,4CB17,LWPOLYLINE,Base Map,,graphic_only,0,{},not_delivered_not_automatically_missing,,False,,False,
6a03a2fbd274df20fd6d72a7124b596f3f64fe42dada88cd75ad4ae5116f6ecf,4C70E,TEXT,Homepass Number,K2,mapped,1,"{""IMB"": 1}",delivered,,False,,False,
6a61e8121a3250bd7ac421f5cb69c0b89180d8e5bb91e50a5aaa5d570ea4fd12,4CBD4,TEXT,Homepass Number,L5,mapped,1,"{""IMB"": 1}",delivered,,False,,False,
6ad76f570f2e8a920a2fecb022679e93a02acb956f56c7489e59e9c915d5a631,4CAB2,LWPOLYLINE,Base Map,,graphic_only,0,{},not_delivered_not_automatically_missing,,False,,False,
6b135ded4b4a57bafa8b2820d7c4cb2c0af521cfd87577b737952dbacfa13f8e,4CA42,LWPOLYLINE,Base Map,,graphic_only,0,{},not_delivered_not_automatically_missing,,False,,False,
6b14b0e28bcb3916cfc673899ad987d3749ea430392c2d4c4ba20941de3d6a6b,4CBDC,TEXT,Homepass Number,U6,mapped,1,"{""IMB"": 1}",delivered,,False,,False,
6b20bbcb729e594415757f4d91ca694b08a7da96435c92bc6250c1de858f5465,4CAED,LWPOLYLINE,Base Map,,graphic_only,0,{},not_delivered_not_automatically_missing,,False,,False,
6b6180a7fe40abbe099421c3f65bff0956db9b442ce51b9c95f0af2e3b7be6c5,4CE9C,INSERT,NEW POLE 7m(3 inches),,mapped,1,"{""PTECH"": 1}",delivered,,False,,False,
6bb32b1006cfcaa9cde448770eb468f33eca31a492a17a0580ef66e51fe269ff,4CBA4,LWPOLYLINE,Base Map,,graphic_only,0,{},not_delivered_not_automatically_missing,,False,,False,
6bbe025d0b0edf467764add28e7a4fc8255e2ade5db82dfa073ab7ba92891a2f,4CA9F,LWPOLYLINE,Base Map,,graphic_only,0,{},not_delivered_not_automatically_missing,,False,,False,
6bff071cc66f978e16b4720b42588c920a9435bad09615b7d2616818831cc970,4C756,TEXT,Homepass Number,X2,mapped,1,"{""IMB"": 1}",delivered,,False,,False,
6c1110f2ec026d268d1ce39284db25d5970d9248e4a80f8e39d85f391a264b90,4D321,INSERT,FAT,,mapped,1,"{""BOITE"": 1}",delivered,,False,,False,
6c3d7e6f6fd48015c6d6711e8ebbddbc74b77b4c16f9cbd434ce7cdeb03fc049,4C699,TEXT,Homepass Number,F7,mapped,1,"{""IMB"": 1}",delivered,,False,,False,
6c7c55b952e14963b1459dc996472f7d797a8cb7e4f5e7659f399ed53ce34efd,4C630,TEXT,Homepass Number,C5,mapped,1,"{""IMB"": 1}",delivered,,False,,False,
6ca73048eead10e775a5ca06e75b6c00e3bd43a6e2c2856a74e84fd7df2cb1bb,4CC0D,TEXT,Homepass Number,N6,mapped,1,"{""IMB"": 1}",delivered,,False,,False,
6d0171c9f2f02299c37348b0972e02bcad429ee4182d4613f460a3b572222475,4CBA9,LWPOLYLINE,Base Map,,graphic_only,0,{},not_delivered_not_automatically_missing,,False,,False,
6d3a9be9eccae022eccca2858cb69fd7d4f5a18c8c4006d0c8c3f9509018ec74,4C669,TEXT,Homepass Number,E2,mapped,1,"{""IMB"": 1}",delivered,,False,,False,
6dd802d39c2927ca6e3278ab8a4605241413047f3be1d3358e9f4181289f607b,4CB43,LWPOLYLINE,Base Map,,graphic_only,0,{},not_delivered_not_automatically_missing,,False,,False,
6df5cfc54b248e55978419f5daf283635dd3daa920b962c0d743720a8115c20a,4D31C,MULTILEADER,FAT_Info,,annotation,0,{},not_delivered_not_automatically_missing,,False,,False,
6e895b79736051b09d85019af408499c1a79e01a24a8cead97b8b70b7376e520,4CFBB,TEXT,Homepass Number,3,mapped,1,"{""IMB"": 1}",delivered,,False,,False,
6e9d2ee496ad1080592dab4510c94783f57fb477309f139ab4bbcdcdd4911923,4D029,LWPOLYLINE,FAT AREA,,mapped,1,"{""ZPM"": 1}",delivered,,False,,False,
6f2b1fd7ffb16c04c061f173413f765353a6988972b6bc4ae1c823e1030fdcc9,4CACE,LWPOLYLINE,Base Map,,graphic_only,0,{},not_delivered_not_automatically_missing,,False,,False,
6f4f2c569d1edb404a34ca2a934cb3ab53c0740efaf92146130cc18adb2c3d5f,4D02F,LWPOLYLINE,FAT AREA,,mapped,1,"{""ZPM"": 1}",delivered,,False,,False,
6fb2b45188951b58891f90e489d3842be08e65f316b78eeb3a300d204da56844,4CBA8,LWPOLYLINE,Base Map,,graphic_only,0,{},not_delivered_not_automatically_missing,,False,,False,
7007c40afef811997c37a08a8dbc49288d66f3f7ded710ecb1502fcca78592f6,4CED4,INSERT,NEW POLE 7m(3 inches),,mapped,1,"{""PTECH"": 1}",delivered,,False,,False,
7056a7f8ae56b77cadefff8b1f21d6508242a56473ec27c6496813f48fc7d87a,4CCA7,TEXT,Homepass Number,AG1,mapped,1,"{""IMB"": 1}",delivered,,False,,False,
70bcb37dbf88be712d2d8c93377012070192b9f2cd24fb43af53284463bddbb1,4CC61,TEXT,Homepass Number,AA8,mapped,1,"{""IMB"": 1}",delivered,,False,,False,
70c6b679c361dc8790eaae6e23d9f5a22be3a54e6806b4351e7cb38c2009e0fd,4CC33,TEXT,Homepass Number,R3,mapped,1,"{""IMB"": 1}",delivered,,False,,False,
70e8f0b4023e68035ee25eaab24d8c6344e4a9f7724417c3dfe69a6e317519ed,4CB8E,LWPOLYLINE,Base Map,,graphic_only,0,{},not_delivered_not_automatically_missing,,False,,False,
7152eb51be0e915d2675bf3a2d7c9fdbb218dd810bbe3fb75be173cc8c8a49df,4CAC4,LWPOLYLINE,Base Map,,graphic_only,0,{},not_delivered_not_automatically_missing,,False,,False,
7167a9db329596b313fecc7454fe3f9482acb7414af9500a8d3fa3f7ae8a7323,4CC17,TEXT,Homepass Number,O4,mapped,1,"{""IMB"": 1}",delivered,,False,,False,
716a66528376401e5a9a6960ed4b32e0f8193418cc671d0fa691cefc1361340f,4CC5A,TEXT,Homepass Number,Z4,mapped,1,"{""IMB"": 1}",delivered,,False,,False,
716b3e8b8cb9872dd2ca0d87029239af4411597a18d07128c2bf0b7bb9862a8d,4CF1C,INSERT,NEW POLE 7m(2.5 inches),,mapped,1,"{""PTECH"": 1}",delivered,,False,,False,
7176b62db211cd1399b43dcd66a833819d99b03cdb1989947dc1a1b5ba2b6ff0,4CEFB,TEXT,NEW POLE ID 7m (2.5 inches),MR.PTV.P041,annotation,0,{},not_delivered_not_automatically_missing,,False,,False,
717f5326d8a9d892fc3a4a878950126c550826490221adac88f4d38b636a875d,4CBA0,LWPOLYLINE,Base Map,,graphic_only,0,{},not_delivered_not_automatically_missing,,False,,False,
72498ad09f35407f6fc9127bac033b82403d8e55b0c67e3e10fd7507507f3b39,4D0B2,LWPOLYLINE,SLING WIRE,,mapped,2,"{""CABLE"": 1, ""INFRASTRUCTURE"": 1}",delivered,,False,,False,
729d118626a7ca25a4222dad48ed244725e91c2f5376817af1a7310f1445f905,4CC32,TEXT,Homepass Number,R4,mapped,1,"{""IMB"": 1}",delivered,,False,,False,
72b5c48e95b8fbacf77ffa325062449dc776ab8861dec1e19b6ceef934860715,4CF0C,INSERT,NEW POLE 7m(2.5 inches),,mapped,1,"{""PTECH"": 1}",delivered,,False,,False,
72bda11d10358085238520522f014a2469d0f02e75a27613819fbd9a86012ec9,4CAE9,LWPOLYLINE,Base Map,,graphic_only,0,{},not_delivered_not_automatically_missing,,False,,False,
72cc3a9351916ece701daa63bb6b10e007835287d120ad0a352d17c57a018c4a,4C65D,TEXT,Homepass Number,D9,mapped,1,"{""IMB"": 1}",delivered,,False,,False,
73b36da05cf712027601e00e9c007a3a5d0c39201f8eb2a4fe843abfeca7018d,4CB0E,LWPOLYLINE,Base Map,,graphic_only,0,{},not_delivered_not_automatically_missing,,False,,False,
73b6ee67fdf583f0d1a6b18fc6b3b8d035dd408d998eaba03d578c1ed0ff4dfc,4C687,TEXT,Homepass Number,F1,mapped,1,"{""IMB"": 1}",delivered,,False,,False,
73fe720352c17f7f0e491cb0b9c509fd7fca33db6cfec5071a4d7a182233df05,4D0A4,LWPOLYLINE,SLING WIRE,,mapped,2,"{""CABLE"": 1, ""INFRASTRUCTURE"": 1}",delivered,,False,,False,
741ffba7b56ca4ec91199870b53148e207c0bed7a081b6123a8890a29743bc5e,4CC2C,TEXT,Homepass Number,R10,mapped,1,"{""IMB"": 1}",delivered,,False,,False,
74228d95d15680c9b4bef4de5de74293c2622103030758de344020f504d96647,4CE93,TEXT,NEW POLE ID 7m(3 inches),MR.PTV.P028,annotation,0,{},not_delivered_not_automatically_missing,,False,,False,
7456ace93ec65a530c8c7a76aa7636bdaa6d8e1e4e41b638ebba9d811f2b5e0d,4C672,TEXT,Homepass Number,E5,mapped,1,"{""IMB"": 1}",delivered,,False,,False,
7491ef5063dbb774122284f858f0037ac265c8b416cc9a6632222665dc4a5be2,4DABA,DIMENSION,SPAN KU,,annotation,0,{},not_delivered_not_automatically_missing,,False,,False,
7536ee828c87828473322c126abf5bc80453b5ce9e3c65be76be1e9b5e5afb6f,4CBE9,TEXT,Homepass Number,V10,mapped,1,"{""IMB"": 1}",delivered,,False,,False,
75439beb61b3e0b3506cb3c08f835435ebfcc8a73ef4bc177f123e460199f552,4D33D,INSERT,FAT,,mapped,1,"{""BOITE"": 1}",delivered,,False,,False,
75465ebd75fe61f44d2b412be68ad9b5e42f77ddf079d6cad2cb19b4146a6471,4C651,TEXT,Homepass Number,D5,mapped,1,"{""IMB"": 1}",delivered,,False,,False,
75bc60437fc9bc8a57c83497afc7804c2e692c0c9fa09acd5c7e8e9258ae16fb,4C6A2,TEXT,Homepass Number,F10,mapped,1,"{""IMB"": 1}",delivered,,False,,False,
75f52df48a14636a25cc86f247571dce06eb3269c1407c165a2b699269746bfd,4CC27,TEXT,Homepass Number,Q6,mapped,1,"{""IMB"": 1}",delivered,,False,,False,
7650185bb77aaf2ef100ac9a080f604f736190cba687ef6735ef9dc882a0a2a4,4CC07,TEXT,Homepass Number,H1,mapped,1,"{""IMB"": 1}",delivered,,False,,False,
766c4eaf5745bb292eaf9292ddc49119c159aca50e8c377ffc670ced13b32c06,4CE3B,TEXT,NEW POLE ID 7m(3 inches),MR.PTV.P010,annotation,0,{},not_delivered_not_automatically_missing,,False,,False,
769dd6bdc640b032b96160030efc2715c17ed99efa7849c5f02fc56d8187659c,4D0D0,TEXT,FAT,PTV.135.B02,annotation,0,{},not_delivered_not_automatically_missing,,False,,False,
76d710d2254a00d84f1f90b17297f6d85785ed714d5c4a48c1d43dbad75f82e2,4CB56,LWPOLYLINE,Base Map,,graphic_only,0,{},not_delivered_not_automatically_missing,,False,,False,
76ee66968442eedb0e20396bb1e257816153a64562466914436103074e4f7ea3,4D0CC,TEXT,FAT,PTV.135.A10,annotation,0,{},not_delivered_not_automatically_missing,,False,,False,
76f29042081b7441f2154e4de5a1d51c36b682353dfeeae62d47c8acf7c769e8,4DA5A,DIMENSION,SPAN KU,,annotation,0,{},not_delivered_not_automatically_missing,,False,,False,
77d496c5cb901d2c1472057da5d0d86f0a51a91e2e0679f8b197c323c3f2f4f4,4C678,TEXT,Homepass Number,E7,mapped,1,"{""IMB"": 1}",delivered,,False,,False,
77edf75a0d45e2205357fd4c6367ec67d8b39178173248b9e81b54f3344aee02,4CB38,LWPOLYLINE,Base Map,,graphic_only,0,{},not_delivered_not_automatically_missing,,False,,False,
7809909d813edd2908f6fce68f2d372b93332bc7d7fbe525865626b8df50dfbd,4CC54,TEXT,Homepass Number,Z1,mapped,1,"{""IMB"": 1}",delivered,,False,,False,
7847204ff2690e847c93b38614e6ecd8b7c3238041ce4eec8cb3439e17e1714e,4CC9A,TEXT,Homepass Number,Z15,mapped,1,"{""IMB"": 1}",delivered,,False,,False,
786b1b0e2105c517b56eab9c71739bb9b991bb021d0ec6ff4e6f3c5b9225279a,4D329,INSERT,FAT,,mapped,1,"{""BOITE"": 1}",delivered,,False,,False,
788b32edc19e4be5f3bd086c9c2d422f7a04bbe810bba69d053469bc367bc730,4CC15,TEXT,Homepass Number,O6,mapped,1,"{""IMB"": 1}",delivered,,False,,False,
78beae529dcf8c6149577325c190ea21d5934f89a74c71b95a05f11e9f6ab98b,4CBEF,TEXT,Base Map,T11,annotation,0,{},not_delivered_not_automatically_missing,,False,,False,
78e9eb83a5d8ecde5c59014e242e1117b8f4af06a03434044e003bec668b6a54,4CC96,TEXT,Homepass Number,Y14,mapped,1,"{""IMB"": 1}",delivered,,False,,False,
790eae7843c6fd816a51095f98a6c7be1f76d46b67a855dc986f56163afd2cd6,4DBF2,DIMENSION,SPAN KU,,annotation,0,{},not_delivered_not_automatically_missing,,False,,False,
790fc3dda322fb1a13932ba3536b2ebaab23a11e240b62c67178e4c4f9a200ef,4CB1D,LWPOLYLINE,Base Map,,graphic_only,0,{},not_delivered_not_automatically_missing,,False,,False,
7a11e2aec4ce85b2212f9a260ef4ad859d41c79e8bf8f7ab69931633565d1771,4CC18,TEXT,Homepass Number,O3,mapped,1,"{""IMB"": 1}",delivered,,False,,False,
7a4cc08f74c4254431cb472c4431e8f18e3f184c0e4cd98c66ff5f338ddad3f5,4CB3D,LWPOLYLINE,Base Map,,graphic_only,0,{},not_delivered_not_automatically_missing,,False,,False,
7a89d6256060c4b368b119d9d5488d5163367206b28c8b5b4164f37c2d427d00,4D0D3,TEXT,FAT,PTV.135.B05,annotation,0,{},not_delivered_not_automatically_missing,,False,,False,
7ad13a1c8f016578132b2c3ec313e6f9341bd2b2aebeea3d2befe2644ea011f0,4CE64,INSERT,NEW POLE 7m(3 inches),,mapped,1,"{""PTECH"": 1}",delivered,,False,,False,
7ae520f15e15ef308f73e345957e842625533bde0a635f8a6f746eab88bb7efc,4CB5C,LWPOLYLINE,Base Map,,graphic_only,0,{},not_delivered_not_automatically_missing,,False,,False,
7b5cf47db90e285874c34ca60a2f9966ce83ab9bcc0a92f1efbd165f841aa3bf,4CC5B,TEXT,Homepass Number,AA5,mapped,1,"{""IMB"": 1}",delivered,,False,,False,
7c5516159cd20ba09fc09dc995b5bde8db8f0a7090035e2c7f270cf453b4a1ba,4C64B,TEXT,Homepass Number,D3,mapped,1,"{""IMB"": 1}",delivered,,False,,False,
7d18cb0253bfeee2c79858fbb176845d4d842a52d409a3fca8ca123d9f8724a2,4CB00,LWPOLYLINE,Base Map,,graphic_only,0,{},not_delivered_not_automatically_missing,,False,,False,
7d2723f29d1ff6c3e1455fa72be843d754666be333fbf95c3a6cbb20718e71c0,4CC73,TEXT,Homepass Number,Y4,mapped,1,"{""IMB"": 1}",delivered,,False,,False,
7d66d45d2260b94eea05f83a7fdbe6ff6134bcb120539c03d4768e62eed150c7,4CF23,TEXT,NEW POLE ID 7m (2.5 inches),MR.PTV.P029,annotation,0,{},not_delivered_not_automatically_missing,,False,,False,
7d9912bd660cddef9c21e924c1d5a1b1ec0fec200077132357f209e9813f5576,4CB3C,LWPOLYLINE,Base Map,,graphic_only,0,{},not_delivered_not_automatically_missing,,False,,False,
7db0802fc2c3e48f15243862d588b0aae9e42722d1111e5c2bb6bac3626a4518,4D038,LWPOLYLINE,FAT AREA,,mapped,1,"{""ZPM"": 1}",delivered,,False,,False,
7ef5bbfedb9807cc75e40f7a3433b00d1e3590fdea24899f09f171a5f5dd934a,4CB7A,LWPOLYLINE,Base Map,,graphic_only,0,{},not_delivered_not_automatically_missing,,False,,False,
7f572dd4b85530dbd233f655182b60fe26475bdaa3eeca61259e8baa7549d2dc,4D0CD,TEXT,FAT,PTV.135.A11,annotation,0,{},not_delivered_not_automatically_missing,,False,,False,
7fa9771a7b720ed05bade419d0c9a7d00523a6de67b92795fa340a146f0ed85d,4CC48,TEXT,Homepass Number,AB11,mapped,1,"{""IMB"": 1}",delivered,,False,,False,
7fb420070d0647f0a85e7e2e941d140a513a3d848675277993d2ac3b68fc2bc5,4CBAC,LWPOLYLINE,Base Map,,graphic_only,0,{},not_delivered_not_automatically_missing,,False,,False,
7febeeca44d83fa5b5ed46e0c4919e2282ce5113293eda767fbc8ca72474034e,4DA42,DIMENSION,SPAN KU,,annotation,0,{},not_delivered_not_automatically_missing,,False,,False,
7fece33b003531f3111448165023fc375855830fe579747adca36326dbc24553,4CB59,LWPOLYLINE,Base Map,,graphic_only,0,{},not_delivered_not_automatically_missing,,False,,False,
809e6eef123b15336a2c1e2b975471baadb221562b335034bed816e6b2a643a6,4CEEC,INSERT,NEW POLE 7m(2.5 inches),,mapped,1,"{""PTECH"": 1}",delivered,,False,,False,
80b8497d5b8da03ac0ed06b0e3f6eeaabd2e2628bd964dd0ce091ca92d031a28,4CBD7,TEXT,Homepass Number,L2,mapped,1,"{""IMB"": 1}",delivered,,False,,False,
80f1711cc78301cc0f2823ae98b5d9fee06effd8c6877a209189bdf95608b09f,4CC7B,TEXT,Homepass Number,X5,mapped,1,"{""IMB"": 1}",delivered,,False,,False,
81541caf75a501f5ccd5234628b279ceb0761ac34e9813f85d09c720d05a6fab,4CB9E,LWPOLYLINE,Base Map,,graphic_only,0,{},not_delivered_not_automatically_missing,,False,,False,
815e0984a34de004b9995ba2ee161ea037fd70e49f2b80c1ecab632762286a06,4CCB1,TEXT,Homepass Number,A10,mapped,1,"{""IMB"": 1}",delivered,,False,,False,
81667af95c2e1b49f03fa97c59e021380e1e22c691823c7b18d9eee8621f5ccd,4CC8B,TEXT,Homepass Number,V14,mapped,1,"{""IMB"": 1}",delivered,,False,,False,
81857a6fb4bc1575e097dd12decdd747ba830983b7754e9eb56baa4521eddf0a,4CC16,TEXT,Homepass Number,O5,mapped,1,"{""IMB"": 1}",delivered,,False,,False,
818f11686b471aeeafe75ed2d699719b8a85e1268980e93b94eff8a950114ef2,4CB10,LWPOLYLINE,Base Map,,graphic_only,0,{},not_delivered_not_automatically_missing,,False,,False,
81c005b9309f58524ce472f7c41ab8cb830e428e905fe20e9298d41397bafd19,4CF04,INSERT,NEW POLE 7m(3 inches),,mapped,1,"{""PTECH"": 1}",delivered,,False,,False,
81fce506e4e395a88cff0edd832955b22ee67fe7780ed0f652e6aa1992bbd8f1,4C61E,TEXT,Homepass Number,B3,mapped,1,"{""IMB"": 1}",delivered,,False,,False,
8249d9b9aba16526ca33f543020318106206d3a955e129af8aef8031321b4d48,4C74D,TEXT,Homepass Number,W1,mapped,1,"{""IMB"": 1}",delivered,,False,,False,
8282b0053b640bea13de6da91e842898d1ccad4fe35e95701bb3ad7a52918eff,4C6E1,TEXT,Homepass Number,I/9,mapped,1,"{""IMB"": 1}",delivered,,False,,False,
82ce54069fa07eca65b0cd0b414a4ac424b6c7797faa553471e694fdcf87d470,4CBBC,LWPOLYLINE,Base Map,,graphic_only,0,{},not_delivered_not_automatically_missing,,False,,False,
82f62666fa8de45cc2508af116aa515cd23b20d1908f83b3ceb02c5193d80fcc,4C684,TEXT,Homepass Number,E11,mapped,1,"{""IMB"": 1}",delivered,,False,,False,
83001cffaf4887192d2723485bdfcc3a89b0e2a60e4fb8ef349a365875c8aa9a,4D037,LWPOLYLINE,FAT AREA,,mapped,1,"{""ZPM"": 1}",delivered,,False,,False,
8326acbb38172d9b86742916fa56d6daae983d5e80a0a5b793e5f85eb24b8edd,4C66C,TEXT,Homepass Number,E3,mapped,1,"{""IMB"": 1}",delivered,,False,,False,
839d0c083290d1bb45fd733bb5b16bdf70fa6f145853c914d04f4f714ca9350d,4C6C6,TEXT,Homepass Number,H6,mapped,1,"{""IMB"": 1}",delivered,,False,,False,
83e1f9b07b8e6c6ce248bad6998d2d641f0653c20e41f62f79f6a8f4733af034,4C91F,LWPOLYLINE,Base Map,,graphic_only,0,{},not_delivered_not_automatically_missing,,False,,False,
8412949a9f4449d0df8be4d1c296e61e8bc8ed1099718e90fc18457b5fdd3d4f,4C696,TEXT,Homepass Number,F6,mapped,1,"{""IMB"": 1}",delivered,,False,,False,
8445e98dfbf45f9bd32c93132e819b790e9c19a622f2f9a07a0085f97ba5b98d,4CC50,TEXT,Homepass Number,AB3,mapped,1,"{""IMB"": 1}",delivered,,False,,False,
85838650d47b9cd212400712e96bf78d2a87c563ff63f5754cbb22982925d6fa,4CCA6,TEXT,Homepass Number,AG2,mapped,1,"{""IMB"": 1}",delivered,,False,,False,
85dba2bc2013b57b447078bb019084e5e40b7718dec9ae24a08040ce53b74e24,4CB22,LWPOLYLINE,Base Map,,graphic_only,0,{},not_delivered_not_automatically_missing,,False,,False,
86190fef8d21eaf627e0f27daa718f25172506bd1f599807699292ff238b082b,4CC1C,TEXT,Homepass Number,P2,mapped,1,"{""IMB"": 1}",delivered,,False,,False,
865233ebb1f476f46da89d840129d527e21c31eb4128355c905485d74fc7f08a,4C9FB,LWPOLYLINE,Base Map,,graphic_only,0,{},not_delivered_not_automatically_missing,,False,,False,
866a765b46bf9fd11f33b3fa29814cea1d233e915db230065687b517996eb9cf,4CB55,LWPOLYLINE,Base Map,,graphic_only,0,{},not_delivered_not_automatically_missing,,False,,False,
868537a801913118d2da5a65890e300b7b6dc53d16635e62ca2ea9f444c4ee6c,4D301,INSERT,FAT,,mapped,1,"{""BOITE"": 1}",delivered,,False,,False,
86afbb59694e53cdc91e5a7a9b67f1c49ed82f150e92b82a4414308ee3a16ade,4C693,TEXT,Homepass Number,F5,mapped,1,"{""IMB"": 1}",delivered,,False,,False,
8702c9e6e47837e5140c256b9dc52379b7f0df2c2145d154ee4f289a35148568,4CB1F,LWPOLYLINE,Base Map,,graphic_only,0,{},not_delivered_not_automatically_missing,,False,,False,
87491df5824a7e64301367a1b1fe91222f7b6deae594bebde91ab91d2204121a,4DDA2,DIMENSION,SPAN KU,,annotation,0,{},not_delivered_not_automatically_missing,,False,,False,
8766de1f3690a28145b04ddb9191a6612701235eee2b5ba5b7503e7c2e2248ae,4DD2A,DIMENSION,SPAN KU,,annotation,0,{},not_delivered_not_automatically_missing,,False,,False,
887563aed3d0bb06b200818e35f6111488c151e9b71b89f28b8b6faf5ac870ee,4D026,LWPOLYLINE,FAT AREA,,mapped,1,"{""ZPM"": 1}",delivered,,False,,False,
889dd83a41a9df56a449c0847d3d986d9adee845f59b9ba9037539b92ade5970,4C9E6,LWPOLYLINE,Base Map,,graphic_only,0,{},not_delivered_not_automatically_missing,,False,,False,
88d323082f90825ee1e475885bef3e58159cd6af1a4de3604fc3f98b8814b70b,4D32D,INSERT,FAT,,mapped,1,"{""BOITE"": 1}",delivered,,False,,False,
88e1d98077acc44554ac894468c174ce1e4490e38e7486bc3acac6e4e24033e8,4DF6A,DIMENSION,SPAN KU,,annotation,0,{},not_delivered_not_automatically_missing,,False,,False,
88f96687263dc1b14d90db7e4405ca12b02e253966b77d348a1b4a7046f84fe2,4C729,TEXT,Homepass Number,S5,mapped,1,"{""IMB"": 1}",delivered,,False,,False,
8938bac14aacfefe205ae80e136b6c0bff1306bb66040b527271487c6a480fbe,4CB6F,LWPOLYLINE,Base Map,,graphic_only,0,{},not_delivered_not_automatically_missing,,False,,False,
89eef25ae0dfa7f1ab68b3051d2b802db6e53f8b0004a23e46429e23d91a8b9d,4CA0D,LWPOLYLINE,Base Map,,graphic_only,0,{},not_delivered_not_automatically_missing,,False,,False,
8a64fa39b94906d5c7ca0f23bd6b58109c208c1a945583a1f4286f3d5b9972e4,4C6EA,TEXT,Homepass Number,J1,mapped,1,"{""IMB"": 1}",delivered,,False,,False,
8aea83956a4a18a5d29f1abcade5dab684219e8723a1d429f4500025443c5fb1,4C6F3,TEXT,Homepass Number,J4,mapped,1,"{""IMB"": 1}",delivered,,False,,False,
8b11c7d18460735ae2f5730a25a52e2f94e01e1ff19a0034b087df45d2c97e05,4C68D,TEXT,Homepass Number,F3,mapped,1,"{""IMB"": 1}",delivered,,False,,False,
8b4b6e3c8b62afeca6e1db3128d3217715bd338395cd55aacc72145c74359373,4CCA8,TEXT,Homepass Number,A1,mapped,1,"{""IMB"": 1}",delivered,,False,,False,
8c058c378d98b9a55946d9b8b1ab721f695ebd6f62ea3ea3c8a1ea09d4af3a72,4CC6A,TEXT,Homepass Number,Z12,mapped,1,"{""IMB"": 1}",delivered,,False,,False,
8c3e73026a87bc0cac195d42f6f74ef4137277e3c64daec81bf4262d29e34b43,4C660,TEXT,Homepass Number,D10,mapped,1,"{""IMB"": 1}",delivered,,False,,False,
8c509c7a587fd74b09448bc74691eefb0f32e6c91ef8cddfaf1fe987b0e71a15,4D328,MULTILEADER,FAT_Info,,annotation,0,{},not_delivered_not_automatically_missing,,False,,False,
8ca71b7ed1383d43ed3ca4a6379e0c55b23a6181036f41bd01af8eb0769d0069,4CC77,TEXT,Homepass Number,X3,mapped,1,"{""IMB"": 1}",delivered,,False,,False,
8cd54da7302d5e59ad26134e3bd2b9157c906b5d622075fe0f89efd7301097cc,4CA67,LWPOLYLINE,Base Map,,graphic_only,0,{},not_delivered_not_automatically_missing,,False,,False,
8dbb12f681d79df273035c0cc505a49d0f075fcaed91fc6ecc7cfd30d461b23d,4CADB,LWPOLYLINE,Base Map,,graphic_only,0,{},not_delivered_not_automatically_missing,,False,,False,
8deea980afb13fd32161d0c364140d2f73d4ee15aa6225a83496e8f56b82bee3,4CA59,LWPOLYLINE,Base Map,,graphic_only,0,{},not_delivered_not_automatically_missing,,False,,False,
8e42047383c8044b44e4e6a2057230fe55429a6e1a820bb16d6ec24cbf1fec29,4C6C3,TEXT,Homepass Number,H5,mapped,1,"{""IMB"": 1}",delivered,,False,,False,
8e4a05ff780c9df4179b8b685a62e4e7ccd1661888ca61f1fd6eafa4406f61ac,4C6B1,TEXT,Homepass Number,G4,mapped,1,"{""IMB"": 1}",delivered,,False,,False,
8e6552b995cfcd0c6468f5f4427edbd80fb7793c5fac42c5e77631ab1fb590aa,4CAFE,LWPOLYLINE,Base Map,,graphic_only,0,{},not_delivered_not_automatically_missing,,False,,False,
8eb5559fbf205a3329dc24a167d8f1b7e4908a77cf8a958fb3d6ac324e6e2888,4CB31,LWPOLYLINE,Base Map,,graphic_only,0,{},not_delivered_not_automatically_missing,,False,,False,
8ecc76176d5958d73845717ccca62cf9fcdde421cef70b2abaa6b17cf1260f4b,4CBB5,LWPOLYLINE,Base Map,,graphic_only,0,{},not_delivered_not_automatically_missing,,False,,False,
8f6257c387b26db4fc3d33da9195204e3e135d9ba0a098f1c05c190e359a0e64,4CFCF,INSERT,NEW POLE 7m(2.5 inches),,mapped,1,"{""PTECH"": 1}",delivered,,False,,False,
9023d4c5819b91a4e39f4fef0156f6635a7b66a4515cbd09ecd3720a0cc6dd11,4CC24,TEXT,Homepass Number,Q3,mapped,1,"{""IMB"": 1}",delivered,,False,,False,
9060cc6fed9b8a7fa6b7b35b8c9ca20a93a3291b2bb32b46a16f4d1244760b42,4CC5F,TEXT,Homepass Number,AA7,mapped,1,"{""IMB"": 1}",delivered,,False,,False,
909a5802f49ca20b6a9efb5d1902793c6a1ebd0e6c493704cb0b0a3e4bcdcbda,4CC42,TEXT,Homepass Number,AC8,mapped,1,"{""IMB"": 1}",delivered,,False,,False,
90ea2f8f1840a4f4572066d3dc57de5c0ac52cacfdc8b2dba57a66306e4fbfef,4CC05,TEXT,Homepass Number,H3,mapped,1,"{""IMB"": 1}",delivered,,False,,False,
90fcb0641ef9062b256e8f37ed4ae5b5e25e55d578c8c3c9f5829fcaed2c657c,4C62D,TEXT,Homepass Number,C4,mapped,1,"{""IMB"": 1}",delivered,,False,,False,
9144e920b6583fb368f1588b480ec79532285402d93899fa353bd7c0f846b2ec,4CCB4,LWPOLYLINE,Base Map,,graphic_only,0,{},not_delivered_not_automatically_missing,,False,,False,
9149534439804b656abd63c1dd8fed7ca3ca83d4c401fcee2e190d593bdf1837,4CA6A,LWPOLYLINE,Base Map,,graphic_only,0,{},not_delivered_not_automatically_missing,,False,,False,
91e4c3879f48dbe6da2056bb1672c55deb6f5a0c3239407c208c237fbd0bb959,4CC9C,TEXT,Homepass Number,AA14,mapped,1,"{""IMB"": 1}",delivered,,False,,False,
91e91b6b049409aa697d8bc05edc752a319d559a2357ad6168c90e214c1a658a,4D0B4,LWPOLYLINE,SLING WIRE,,mapped,2,"{""CABLE"": 1, ""INFRASTRUCTURE"": 1}",delivered,,False,,False,
92610333e7ad4e6cd280ef28ec29994cf7f167727ec7d5a46d2df904160bbc76,4D330,MULTILEADER,FAT_Info,,annotation,0,{},not_delivered_not_automatically_missing,,False,,False,
926f9c7053a4c7ba6b090a6533033eed9209ea077420e8787c45ab705d9cff02,4CC3E,TEXT,Homepass Number,AC4,mapped,1,"{""IMB"": 1}",delivered,,False,,False,
92920c46007e18073075c7bab9eacd169af7e96d1388c6bac919baf48d356b6f,4CB25,LWPOLYLINE,Base Map,,graphic_only,0,{},not_delivered_not_automatically_missing,,False,,False,
92d82461aadf9417b2e9740c42f5be9f9680dac736e296510ce2be2abdc1203e,4CBCA,TEXT,Homepass Number,K8,mapped,1,"{""IMB"": 1}",delivered,,False,,False,
934a5a991c8ae6c953885c7bc88514752f65c06efbc2b16096b0cb3e076caadf,4D2FD,INSERT,FAT,,mapped,1,"{""BOITE"": 1}",delivered,,False,,False,
9354e458eb4a8cae64b3ea0a70c14ad33e98af403845e7871fd52a3b5a246e38,4CC7D,TEXT,Homepass Number,X6,mapped,1,"{""IMB"": 1}",delivered,,False,,False,
939abcad5b93e7f5f92ccafabde0b4d3ad60cc02621b6355b84b8f2e6c6e0392,4C648,TEXT,Homepass Number,D2,mapped,1,"{""IMB"": 1}",delivered,,False,,False,
93f24138948e51e0f14612ac1dbea75fd7dbe3865ca384b45052eda048903fe6,4DEDA,DIMENSION,SPAN KU,,annotation,0,{},not_delivered_not_automatically_missing,,False,,False,
941317b23e0a02ab64391bc0e0c7d0b4d7b42b36f100e2b0b099defe0051ed32,4CC6B,TEXT,Homepass Number,Y12,mapped,1,"{""IMB"": 1}",delivered,,False,,False,
942227d1e66d73add6361e33945e0fc52c2e5d2f714eeaf810983cca2c8badad,4CB27,LWPOLYLINE,Base Map,,graphic_only,0,{},not_delivered_not_automatically_missing,,False,,False,
94711f6b37c10e7ffbe242b54e72792226226a21542c83708a3c331c265d72cc,4D344,MULTILEADER,FAT_Info,,annotation,0,{},not_delivered_not_automatically_missing,,False,,False,
947a82a8a20bf71fe88f5d306d408ac01ee8476ff2b0f646b15dcceee8fe863a,4E29A,INSERT,SPAN KU,,graphic_only,0,{},not_delivered_not_automatically_missing,,False,,False,
948c63b9a8f46f8e307078cab7cf42ed7cfc2b3d1bbab334629df869a857e5ca,4CB63,LWPOLYLINE,Base Map,,graphic_only,0,{},not_delivered_not_automatically_missing,,False,,False,
94d5b6377047a7ee5ac34e943c5bf27d84010f8c86765706e54d0c845da4ac06,4C71D,TEXT,Homepass Number,S1,mapped,1,"{""IMB"": 1}",delivered,,False,,False,
9506d4622bf49dfdb2de157789705c58d856d424940d3012da177d471681a6b0,4CC0E,TEXT,Homepass Number,N5,mapped,1,"{""IMB"": 1}",delivered,,False,,False,
950abb7913d3be6166ff2d8ebfabb8899f8c5b25396ded74a3091b542150ae7f,4CFC7,INSERT,NEW POLE 7m(3 inches),,mapped,1,"{""PTECH"": 1}",delivered,,False,,False,
952839aaa647af3572950afbcdffa5e859552053290c84dda3e3fb93cd7e5353,4CA02,LWPOLYLINE,Base Map,,graphic_only,0,{},not_delivered_not_automatically_missing,,False,,False,
95491815f318168a47f6678830b207439a9d8e2dece9f200b63f6dbe2421d41c,4CE1B,TEXT,NEW POLE ID 7m (2.5 inches),MR.PTV.P004,annotation,0,{},not_delivered_not_automatically_missing,,False,,False,
95a01476b1d02af493a2a9b20570ffdd217787c00c606d501ebdecb055e1400f,4D0C8,TEXT,FAT,PTV.135.A07,annotation,0,{},not_delivered_not_automatically_missing,,False,,False,
95aa30957270ea4a4cf5c6a36011c48c6ef6e455baf17bfcdff58a5025c5382e,4DE4A,DIMENSION,SPAN KU,,annotation,0,{},not_delivered_not_automatically_missing,,False,,False,
96114fd4392e0fe94d15df1ca854d8828a738a2c10d4ad828b97c73e4daa261e,4CB8F,LWPOLYLINE,Base Map,,graphic_only,0,{},not_delivered_not_automatically_missing,,False,,False,
9627d39c3ef2498418afa6c431a26d0e87a013db0326e73bd7aba2af8d8b7e58,4CBA2,LWPOLYLINE,Base Map,,graphic_only,0,{},not_delivered_not_automatically_missing,,False,,False,
964c9dce98c83d910882cc90432bec3444783bde04555bb1ea779dc735e922ef,4CC55,TEXT,Homepass Number,AA2,mapped,1,"{""IMB"": 1}",delivered,,False,,False,
964ff0625ff96a43317f828252f05478e4e373241ff96b113b26402ba880a000,4CC6E,TEXT,Homepass Number,Y9,mapped,1,"{""IMB"": 1}",delivered,,False,,False,
966628d402d094dd03170bd4668e8f5157fdc3b285604c421e44403857617cf4,4CAE0,LWPOLYLINE,Base Map,,graphic_only,0,{},not_delivered_not_automatically_missing,,False,,False,
968e9b38c828796e21754b0c59d986d8a130defde9d00c8d02bbc0420f4098bf,4D0C6,TEXT,FAT,PTV.135.A04,annotation,0,{},not_delivered_not_automatically_missing,,False,,False,
968ff63e62b864734d59c66834dcce7db71493662f3c4b2ebb90d11faefb7b9c,4CA89,LWPOLYLINE,Base Map,,graphic_only,0,{},not_delivered_not_automatically_missing,,False,,False,
969e92737be191d6774f5024b08565a1e75c51e673fd84288f6d0af1664851c6,4CB5D,LWPOLYLINE,Base Map,,graphic_only,0,{},not_delivered_not_automatically_missing,,False,,False,
96b22c7838ebc51f4fcc5e13ad1cbe70c9077484488399e2f0c4dc7c6aa77688,4D033,LWPOLYLINE,FAT AREA,,mapped,1,"{""ZPM"": 1}",delivered,,False,,False,
9704958e7ec207fb1d4f62b2b2c69ab95341742121a03249d8d50c52c49eab12,4D02E,LWPOLYLINE,FAT AREA,,mapped,1,"{""ZPM"": 1}",delivered,,False,,False,
970edfeec010f8c5e6b89c6b931751fb0e59b4d58ac119b8fad848bef14c47be,4C6D8,TEXT,Homepass Number,I/6,mapped,1,"{""IMB"": 1}",delivered,,False,,False,
9738b82971ef0a8657bdf40b45fb09957c28d682ee2d6f3a7347ca06e26fcc3d,4CACC,LWPOLYLINE,Base Map,,graphic_only,0,{},not_delivered_not_automatically_missing,,False,,False,
976a6ab56e4346b3432ebba5a2d3516c88a75b2702ef8ef237e43b4136dfb0d9,4CC80,TEXT,Homepass Number,W7,mapped,1,"{""IMB"": 1}",delivered,,False,,False,
97bc334f40c54c9aebf0f56f2a303f74f1bcc2fcf9e6e1ddf4bbc7229bd02396,4CAB0,LWPOLYLINE,Base Map,,graphic_only,0,{},not_delivered_not_automatically_missing,,False,,False,
97cd5319dbe38d7a61c1161b8f6f86f1c8f684afdde6154bd8c9109497f2b112,4CB52,LWPOLYLINE,Base Map,,graphic_only,0,{},not_delivered_not_automatically_missing,,False,,False,
98dce50906623d3e9ab3c7a4025e7b3e4fe45bd8bc7a26c7091be3b1a1f69787,4CC75,TEXT,Homepass Number,Y2,mapped,1,"{""IMB"": 1}",delivered,,False,,False,
99b343e8c79b4cb3517e54a24f5cb141668f7e87614a9244dd2f5bf042dea4e2,4CB62,LWPOLYLINE,Base Map,,graphic_only,0,{},not_delivered_not_automatically_missing,,False,,False,
9a35832f58fe933cc76cc5a4be631af901d4e3e9632691c279ce5ad5edd66efd,4C67E,TEXT,Homepass Number,E9,mapped,1,"{""IMB"": 1}",delivered,,False,,False,
9a5aa9d14765791946f76ef5a683ccacb392316a26159bf8aa6a29b422aa2744,4CAC2,LWPOLYLINE,Base Map,,graphic_only,0,{},not_delivered_not_automatically_missing,,False,,False,
9ac4026b255ae4a625e918e378a635086b7ab4992cfc8d4596470dfde5c928d3,4CC58,TEXT,Homepass Number,Z3,mapped,1,"{""IMB"": 1}",delivered,,False,,False,
9b52a5ff8a61e26317666c6857b809d12a46d14502255eebfd98cca4e77a43fc,4CE2B,TEXT,NEW POLE ID 7m(3 inches),MR.PTV.P007,annotation,0,{},not_delivered_not_automatically_missing,,False,,False,
9b6687f7ce6bd634534e236b1abf228235d262b7dbce16277907074ffb16dfa1,4D2F9,INSERT,FAT,,mapped,1,"{""BOITE"": 1}",delivered,,False,,False,
9b9e30ab4b394601b2d3fa586cf7599149f7c60db584577ca2c9f6563e018874,4CC9F,TEXT,Homepass Number,X15,mapped,1,"{""IMB"": 1}",delivered,,False,,False,
9bb210c95d78825a8525e673a9adc95aa06975334a26d0658f290e5596c83680,4CAC0,LWPOLYLINE,Base Map,,graphic_only,0,{},not_delivered_not_automatically_missing,,False,,False,
9c62be46da69ca270d8f98859cbf91e920cf3d1c93988ba7b453e5fa080c6193,4DDBA,DIMENSION,SPAN KU,,annotation,0,{},not_delivered_not_automatically_missing,,False,,False,
9dcef618e78d5e372b5bbf7f556b60f475b0e09bee48d5350cf024fe3cdffbd2,4C95B,LWPOLYLINE,Base Map,,graphic_only,0,{},not_delivered_not_automatically_missing,,False,,False,
9e87bce9aa03d84009baa22e666aa968746ff9d7e286d749288e9c71edae2d05,4DD5A,DIMENSION,SPAN KU,,annotation,0,{},not_delivered_not_automatically_missing,,False,,False,
9ecbd3cc8ccc8def51cdafa6bff61a8f554af93ff871e31742d165119df265e3,4CE0B,TEXT,NEW POLE ID 7m(3 inches),MR.PTV.P023,annotation,0,{},not_delivered_not_automatically_missing,,False,,False,
9f0039ddb4d60176cf15a350ae96d80b1b74c477adb004517b36cb89153ba486,4CBAE,LWPOLYLINE,Base Map,,graphic_only,0,{},not_delivered_not_automatically_missing,,False,,False,
a031c78fcff7ccbd2d06e04f3ba983c42b1453156070f1a06a8504115a6c206b,4CAD0,LWPOLYLINE,Base Map,,graphic_only,0,{},not_delivered_not_automatically_missing,,False,,False,
a065c31b6fb902b2454533b05f9b163eefc72bc947c4b9f30a290b7ea24a1c6e,4CB28,LWPOLYLINE,Base Map,,graphic_only,0,{},not_delivered_not_automatically_missing,,False,,False,
a07a8a106731cc475626691e633d92e736614c3abeec5adc534aca28a4d2efdb,4D0C7,TEXT,FAT,PTV.135.A06,annotation,0,{},not_delivered_not_automatically_missing,,False,,False,
a092c7b35ee5e8ecb078afb055971fe3ec8bc70afff9dd86d01ace959687bb02,4DEF2,DIMENSION,SPAN KU,,annotation,0,{},not_delivered_not_automatically_missing,,False,,False,
a1171e193a1e3e68e9865283e3375316c6bf36b7a5b3909b998432c8bdf19d5d,4C69C,TEXT,Homepass Number,F8,mapped,1,"{""IMB"": 1}",delivered,,False,,False,
a13b52e39e57b410974fb95f530db4dc06bfddfac7e3565155e5876cdb247486,4CC81,TEXT,Homepass Number,X8,mapped,1,"{""IMB"": 1}",delivered,,False,,False,
a144fcd89fc685a67b086e9ad49b0f0ce6638200ad02f123ffd2894fa544e3a7,4CC62,TEXT,Homepass Number,Z8,mapped,1,"{""IMB"": 1}",delivered,,False,,False,
a1f2a3d9382241c7aa877e6961aea00d3e72252726c4185ff8d40ec16f75f1c7,4DF3A,DIMENSION,SPAN KU,,annotation,0,{},not_delivered_not_automatically_missing,,False,,False,
a1fb4325f691d9fa64993646b4ba078bfb8029f0e999da64be47b2fd035570da,4DAD2,DIMENSION,SPAN KU,,annotation,0,{},not_delivered_not_automatically_missing,,False,,False,
a21a6f2ba0f563aa8be8f7e91d48003c168c07573e71b72a03015363570d964b,4CBDE,TEXT,Homepass Number,U8,mapped,1,"{""IMB"": 1}",delivered,,False,,False,
a21ebedd7d19c9209b5a05acbe6bc7acfb7276741b24f12092c498240c9641cb,4CCA2,TEXT,Homepass Number,AG6,mapped,1,"{""IMB"": 1}",delivered,,False,,False,
a28a890d2cafe72eb61cda8dcf9526ed175d7e29010a58d4a18e1ff195cb9d11,4CC6F,TEXT,Homepass Number,Y8,mapped,1,"{""IMB"": 1}",delivered,,False,,False,
a296bfcece2b380c5d13244205f13f25b94eab69424d98126305930622e86924,4CC10,TEXT,Homepass Number,N3,mapped,1,"{""IMB"": 1}",delivered,,False,,False,
a29856649f8ecd1d3f4a16ea06a39e94427ca022b2d5d81fd140102941a5f2b2,4CB24,LWPOLYLINE,Base Map,,graphic_only,0,{},not_delivered_not_automatically_missing,,False,,False,
a2c59060673f3cdc6d6e56f27e0f75db2bf8a091be35edad8c99ced4881fdfa6,4CE73,TEXT,NEW POLE ID 7m(4 inches),MR.PTV.P001,annotation,0,{},not_delivered_not_automatically_missing,,False,,False,
a2e0e3ea80dada5b67c6a2cc01e0bbcc069905f7ea53872152b05759b064effb,4DC22,DIMENSION,SPAN KU,,annotation,0,{},not_delivered_not_automatically_missing,,False,,False,
a2fd6dcf0b84defcb964a6d7340f29567990028330c410e9de49a66e2ee04ad2,4D325,INSERT,FAT,,mapped,1,"{""BOITE"": 1}",delivered,,False,,False,
a335588386f8df631fc11de9574b16a2f12a384f10ff2625929ee50c1ca3db66,4C750,TEXT,Homepass Number,W2,mapped,1,"{""IMB"": 1}",delivered,,False,,False,
a366967dec954d307283a2c550bff5986bae7fb16b93e6dacaea604bb6bbceee,4CE6C,INSERT,NEW POLE 7m(4 inches),,mapped,1,"{""PTECH"": 1}",delivered,,False,,False,
a3784f3d8c1e76e223893754fc1b74479518a212f10e9d1d128c669b1a6b1797,4D2F8,MULTILEADER,FAT_Info,,annotation,0,{},not_delivered_not_automatically_missing,,False,,False,
a38c36430633747e0d220fe3c631d5258139247d5dc2354e9cd94fc768a4bc3f,4CFB9,LWPOLYLINE,Base Map,,graphic_only,0,{},not_delivered_not_automatically_missing,,False,,False,
a3c99e4dcc330914929e8067cc8edf92afcd947caad5774398cf596fbbd28403,4CBA6,LWPOLYLINE,Base Map,,graphic_only,0,{},not_delivered_not_automatically_missing,,False,,False,
a42c371968731193671ffe9b2ca2127150af4a2dc94e980ae74f701f5c4a417f,4CB21,LWPOLYLINE,Base Map,,graphic_only,0,{},not_delivered_not_automatically_missing,,False,,False,
a44fc81973afa2bada567398f9c42229333cbb2c68041fd1936a3379530ab986,4C6A8,TEXT,Homepass Number,G1,mapped,1,"{""IMB"": 1}",delivered,,False,,False,
a47736220020ffd0c74e205ac88c09d96554776b5703b79c3a996c8147a4aff4,4CEDB,TEXT,NEW POLE ID 7m(3 inches),MR.PTV.P032,annotation,0,{},not_delivered_not_automatically_missing,,False,,False,
a47b9ef31160a3cc916aa7153da47a7c04727f5918a770bcc595e3b6ebf8f37b,4C95C,LWPOLYLINE,Base Map,,graphic_only,0,{},not_delivered_not_automatically_missing,,False,,False,
a484a3d0da91b0317ad4dccd39e43465c42b49ffd6a297bf380f26f52e24327e,4DCCA,DIMENSION,SPAN KU,,annotation,0,{},not_delivered_not_automatically_missing,,False,,False,
a4bff4700b9d6e446356e6e1a8ef99ae591c576b38772770f2d3d0d3a73202ba,4DF22,DIMENSION,SPAN KU,,annotation,0,{},not_delivered_not_automatically_missing,,False,,False,
a4c9fa85b61fc52c2ebeb36a69dc201ba486b73da1d10568ee5297fa8b3d1182,4CB70,LWPOLYLINE,Base Map,,graphic_only,0,{},not_delivered_not_automatically_missing,,False,,False,
a502792e6ea2fd3724c7e6781f274594da6b00baeb93cbbf58e1bdaae25fd90e,4DB7A,DIMENSION,SPAN KU,,annotation,0,{},not_delivered_not_automatically_missing,,False,,False,
a5266829f0dcf634786602f9bfa8f3659e38728b38fadecbed121a2f5eafbaf7,4C63F,TEXT,Homepass Number,C10,mapped,1,"{""IMB"": 1}",delivered,,False,,False,
a6025bf86c64b2ee3fcb55b4469c5171d1b203abe6680cc6e53526fc0b3e8a46,4CB1C,LWPOLYLINE,Base Map,,graphic_only,0,{},not_delivered_not_automatically_missing,,False,,False,
a6149c2747a8ec7d9eccc910cb2290eab32e2f05e05e3a7b9191de92411b65c1,4C73B,TEXT,Homepass Number,T3,mapped,1,"{""IMB"": 1}",delivered,,False,,False,
a61ce37b98c467e86d0bf9cc9d8f3721d7dee3a22aa36e8969de22f791609244,4CB57,LWPOLYLINE,Base Map,,graphic_only,0,{},not_delivered_not_automatically_missing,,False,,False,
a6798079f99243320deae264a81de54caf59248b561bed35992aee430735254d,4D03C,LWPOLYLINE,FAT AREA,,mapped,1,"{""ZPM"": 1}",delivered,,False,,False,
a69bf93e367b94f03cfbcae61eb412a675406c9e1aa010778e7e2f7e7c1d4b19,4E299,INSERT,SPAN KU,,graphic_only,0,{},not_delivered_not_automatically_missing,,False,,False,
a6a96abb802e5ea39239ea7dd486eec947c0113b32dcb68fd37310fa29da3100,4CBF4,TEXT,Homepass Number,T6,mapped,1,"{""IMB"": 1}",delivered,,False,,False,
a7432d81f4293292024a6eba6dce986855ee4315113c3c1857b2ff72fb31aad4,4CBA7,LWPOLYLINE,Base Map,,graphic_only,0,{},not_delivered_not_automatically_missing,,False,,False,
a7dfd78c36015e9380a005c982d7fee7f9c22f84f774986ec6aa61bccc2048a2,4CB42,LWPOLYLINE,Base Map,,graphic_only,0,{},not_delivered_not_automatically_missing,,False,,False,
a879926937fa518d30f1b667f1cc4fd94a28425d918b1dff68a1fc4b500d9765,4CA15,LWPOLYLINE,Base Map,,graphic_only,0,{},not_delivered_not_automatically_missing,,False,,False,
a88d0490c4974cc8deab230971d44146b232d65aadf7fcd3e32e688972d4c1e3,4C63C,TEXT,Homepass Number,C9,mapped,1,"{""IMB"": 1}",delivered,,False,,False,
a89246c9a2d0c79dc6f3862ca7acc3b41bdc0edd6035f330d5d036d898f3118e,4CB85,LWPOLYLINE,Base Map,,graphic_only,0,{},not_delivered_not_automatically_missing,,False,,False,
a898f7daa5d4c9ea6d28f23772bf7d9406c1d54da382f373fef00f8ff857d175,4CA6F,LWPOLYLINE,Base Map,,graphic_only,0,{},not_delivered_not_automatically_missing,,False,,False,
a89cf21f2cfd90811a89068f8734d2a8ea5b9eddb0f6ee539d6f5fe68d1890c1,4D0B5,INSERT,POLE ID,,mapped,1,"{""SITE"": 1}",delivered,,False,,False,
a9694ed2bf853ebcf7abae7b2668fed19bb989c4d382a2a22dc1cf4304f9f2fd,4CC52,TEXT,Homepass Number,AB1,mapped,1,"{""IMB"": 1}",delivered,,False,,False,
a992467f99db41615b8eecd723f07c9800c956896e799d64babf423d66a04c08,4CBAB,LWPOLYLINE,Base Map,,graphic_only,0,{},not_delivered_not_automatically_missing,,False,,False,
a9b5b8ca7fb6128566ea27caa01bd4c01691d8f5aab41a1c857efb2b92162039,4CAD5,LWPOLYLINE,Base Map,,graphic_only,0,{},not_delivered_not_automatically_missing,,False,,False,
aaa50b103b5159d88c1f1a7a1b5b983f87042ad2a1d165fdfa5e2b8fcfef19c3,4C70B,TEXT,Homepass Number,K1,mapped,1,"{""IMB"": 1}",delivered,,False,,False,
aaaf93a5d09824c8af0990fa40d7a4951f2b965e418fa4b96a8aaafca6b7755b,4CBED,TEXT,Homepass Number,S10,mapped,1,"{""IMB"": 1}",delivered,,False,,False,
ab5cf473bad03695f492518abbe071374968bcec41f5e6d6708f2a84ab8ec082,4CB02,LWPOLYLINE,Base Map,,graphic_only,0,{},not_delivered_not_automatically_missing,,False,,False,
ab6bab22300e0712acf247adbaf851d339a74612086db1905c357019c2164a13,4CC7C,TEXT,Homepass Number,W5,mapped,1,"{""IMB"": 1}",delivered,,False,,False,
ab98bb7150d66069f8eaced3db62e94b27dcf6589fb9baccdd5f52e34f511d25,4C636,TEXT,Homepass Number,C7,mapped,1,"{""IMB"": 1}",delivered,,False,,False,
abde3631887d6b8b3382f52df53f97698b8c8479fdbaaed79a462c56b125b6dc,4CC5C,TEXT,Homepass Number,Z5,mapped,1,"{""IMB"": 1}",delivered,,False,,False,
abe68b7124d7f04d48f400f6cea9065be071768b640fcf53b3d289c478b97c9e,4CF9C,INSERT,NEW POLE 7m(3 inches),,mapped,1,"{""PTECH"": 1}",delivered,,False,,False,
ac0f4cf7c9d702983dc04aed5dd97dd87193fce6b464dee021abf2033fd98819,4CBD0,TEXT,Homepass Number,L9,mapped,1,"{""IMB"": 1}",delivered,,False,,False,
ac8f4c702798d82d7d60accca3aac3fa5c721580de8b6e45ca1b7ae60b10243a,4C6E7,TEXT,Homepass Number,I/11,mapped,1,"{""IMB"": 1}",delivered,,False,,False,
ad5b23875ad30788c0b7473612d24da1d829c1476bcc42a3e239a8978f595d6d,4C942,LWPOLYLINE,Base Map,,graphic_only,0,{},not_delivered_not_automatically_missing,,False,,False,
ad762577eccf0120cc953e59a597f3dc48019f98f4f8ea2770a60bbfe0cd37da,4C6CC,TEXT,Homepass Number,I/2,mapped,1,"{""IMB"": 1}",delivered,,False,,False,
ad7eb2bf643ba81ff9705fea28ee4253ca7c56beaf9091e8ff102fe76b7c8cc7,4C72C,TEXT,Homepass Number,S6,mapped,1,"{""IMB"": 1}",delivered,,False,,False,
ad9f47b2bba42d621eb6bde571ab74ea2c81016bb3f5e8ede6988de3efea4c2d,4CF3C,INSERT,NEW POLE 7m(3 inches),,mapped,1,"{""PTECH"": 1}",delivered,,False,,False,
ae8e732c20e0bc670d6b06a88e76274eeccc5220976629fdbe37d6f1f1b192dd,4CAF8,LWPOLYLINE,Base Map,,graphic_only,0,{},not_delivered_not_automatically_missing,,False,,False,
aea9bbc53df70c348c9f4c0295b285b5827239eb038ff14a5d36c2b6eaecba8e,4CB65,LWPOLYLINE,Base Map,,graphic_only,0,{},not_delivered_not_automatically_missing,,False,,False,
af1e127c9d6028c7b986b6a02e37a6d2e965c280854cc512a7a3fafc340adae0,4CB50,LWPOLYLINE,Base Map,,graphic_only,0,{},not_delivered_not_automatically_missing,,False,,False,
af3ab693b3de45ec0b3b573e7b90ef2912080ac5eb0b86e2c64470d914cc6ed1,4CBD9,TEXT,Homepass Number,U3,mapped,1,"{""IMB"": 1}",delivered,,False,,False,
af6adf3f6bdfb7f025109b7575bca9a9c5db6282efeb95d44af9b7f6f38b414a,4D32C,MULTILEADER,FAT_Info,,annotation,0,{},not_delivered_not_automatically_missing,,False,,False,
af74bf8c466f1448a5e34846700e4b45d8a7629a0049660485848f90b41a5c81,4CB5F,LWPOLYLINE,Base Map,,graphic_only,0,{},not_delivered_not_automatically_missing,,False,,False,
afb489cb107759af936f3b8fb042a6d762b314b9410d8b604a3fd178cfe53268,4D0AA,LWPOLYLINE,SLING WIRE,,mapped,2,"{""CABLE"": 1, ""INFRASTRUCTURE"": 1}",delivered,,False,,False,
b0573a40628e1326ffc201ba422a9dc2584c7f2aba1fad7f54a9cf3e52476250,4D311,INSERT,FAT,,mapped,1,"{""BOITE"": 1}",delivered,,False,,False,
b1c6461a49794222dcdc10b31b5a2d9369d84e1638f534cc0db22f0dca9feb6d,4C9F1,LWPOLYLINE,Base Map,,graphic_only,0,{},not_delivered_not_automatically_missing,,False,,False,
b1ea4d9d6b62a218f44b7023de757eeb9fd81b9364828b4a46c5abbda3b6c256,4C9F2,LWPOLYLINE,Base Map,,graphic_only,0,{},not_delivered_not_automatically_missing,,False,,False,
b229676b7e27fce3365d439d46760ad8cce3ed1917de69466db72b1da7a2ac6b,4CAA0,LWPOLYLINE,Base Map,,graphic_only,0,{},not_delivered_not_automatically_missing,,False,,False,
b2534224465268f3182e99c68d8698016954bf7f3fe7d6c1ae61fea9b0ed56e5,4CA14,LWPOLYLINE,Base Map,,graphic_only,0,{},not_delivered_not_automatically_missing,,False,,False,
b25f335fd80252b08cb6e963f323f32c720e823a6ddc1f1a45bd35507befe0b5,4CDC3,TEXT,NEW POLE ID 7m(3 inches),MR.PTV.P018,annotation,0,{},not_delivered_not_automatically_missing,,False,,False,
b260c27090a4b9835df418f43b4ba717da061256eeb1484d60a79ee05ab905a6,4D982,DIMENSION,SPAN KU,,annotation,0,{},not_delivered_not_automatically_missing,,False,,False,
b275f5211d3af8f27bc368284fb229942af33fe8f69d2685ae05eb0c7fbd3e9e,4CC8F,TEXT,Homepass Number,W14,mapped,1,"{""IMB"": 1}",delivered,,False,,False,
b31ee9e0da801fbd50c1e46dc2afadeaf0b81368e4534f9b8e6536ecc3de3594,4CB1A,LWPOLYLINE,Base Map,,graphic_only,0,{},not_delivered_not_automatically_missing,,False,,False,
b394a28df764da826e1f7953f90c402d9e52e292926b53ebb2527d7652e9924c,4CB6E,LWPOLYLINE,Base Map,,graphic_only,0,{},not_delivered_not_automatically_missing,,False,,False,
b408b052e36811f9528244bba49af0545333661d4db2067d31cd412c16c4021a,4CDD4,INSERT,NEW POLE 7m(3 inches),,mapped,1,"{""PTECH"": 1}",delivered,,False,,False,
b47813571616bf3e4d0a9406ae464e43cadb5b61f0e8e3388090700fd0456021,4DDEA,DIMENSION,SPAN KU,,annotation,0,{},not_delivered_not_automatically_missing,,False,,False,
b4ea31302f0676b91e0ffacb8d30694dd3d46e49a0118cce27422f910b8b2d41,4CACA,LWPOLYLINE,Base Map,,graphic_only,0,{},not_delivered_not_automatically_missing,,False,,False,
b4ebdd8d6543f030570ab76c56fa96ae4a4f7f20d81d22e28acb0b5c23e0196d,4DBAA,DIMENSION,SPAN KU,,annotation,0,{},not_delivered_not_automatically_missing,,False,,False,
b501266e91cc7ee7d1525072f8d15b3d8729730d5d1f0615a73d9b46032139fe,4CB2F,LWPOLYLINE,Base Map,,graphic_only,0,{},not_delivered_not_automatically_missing,,False,,False,
b56850ebc7cc07a7860a0211ba22c31246d40bad73246439cff07f93a04c347f,4CC7F,TEXT,Homepass Number,X7,mapped,1,"{""IMB"": 1}",delivered,,False,,False,
b5a6d75ce97b246d1ac2da507548ac5ff519828602e570a7e6f89372bb6bcad8,4CB7F,LWPOLYLINE,Base Map,,graphic_only,0,{},not_delivered_not_automatically_missing,,False,,False,
b6361794480d01cb48a6681c1f11892245f22682810e6ee56192268281a02916,4C717,TEXT,Homepass Number,K5,mapped,1,"{""IMB"": 1}",delivered,,False,,False,
b66adf143f0b1d6ef6dd1bae4d9e926a75b9f2bc8325171f98504d306debfa86,4CC03,TEXT,Homepass Number,H5,mapped,1,"{""IMB"": 1}",delivered,,False,,False,
b69fe7ad6ab9ff979ff0461a5c02d7cbc2c82837095ed527d95cd385f3f285b8,4CEA3,TEXT,NEW POLE ID 7m(3 inches),MR.PTV.P039,annotation,0,{},not_delivered_not_automatically_missing,,False,,False,
b76b8c580b7a8c8a5ab87a3078d08a4b0d3c6589a9002cd8da193009f1fe7582,4CAEA,LWPOLYLINE,Base Map,,graphic_only,0,{},not_delivered_not_automatically_missing,,False,,False,
b7751390de5638f77b8653f9ec3c7abd8707751f345ab358fbda0cbc09c9ef48,4CC12,TEXT,Homepass Number,N1,mapped,1,"{""IMB"": 1}",delivered,,False,,False,
b7aa6b2be3bee6c9468e0ecdacdd99a82eadc1360fbccd0247323632425aa298,4CBFA,TEXT,Homepass Number,AJ5,mapped,1,"{""IMB"": 1}",delivered,,False,,False,
b8c6980cb8a7c8183791ae57d70e57eda26349d8b8ea468bf783443f29778727,4D02D,LWPOLYLINE,FAT AREA,,mapped,1,"{""ZPM"": 1}",delivered,,False,,False,
b97dd32905d11c09e7aaa96f21cf035fe437b250978edb159b6233abc1104841,4CC83,TEXT,Homepass Number,X9,mapped,1,"{""IMB"": 1}",delivered,,False,,False,
b9e7c94986bdd07165d936fa343b9d7dade1dc29bc16dffede5cefb72a50300f,4CC35,TEXT,Homepass Number,R1,mapped,1,"{""IMB"": 1}",delivered,,False,,False,
bab66c782ca8cc1668c6bbc5be384f3469d8030fa78a9f094c9e2c1717eb47ed,4CB54,LWPOLYLINE,Base Map,,graphic_only,0,{},not_delivered_not_automatically_missing,,False,,False,
baee6c0f92876c5b1f58b40c5a20b9f1c08b210a2d964336d02de8c62479acc3,4CBB2,LWPOLYLINE,Base Map,,graphic_only,0,{},not_delivered_not_automatically_missing,,False,,False,
baeee318e598937a3a5382c132dda11b3f95d6df208818ef5c956cfdf09f1163,4DE1A,DIMENSION,SPAN KU,,annotation,0,{},not_delivered_not_automatically_missing,,False,,False,
bb300fc4092ac7eecbae94c1d6c9e33b7c618407b2b69b54f0a418f4993d93ae,4C705,TEXT,Homepass Number,J10,mapped,1,"{""IMB"": 1}",delivered,,False,,False,
bb54464644644a85e1bf848a4f660bb0d8900a62d12c01688946427c1ba3cb42,4CBE8,TEXT,Homepass Number,V9,mapped,1,"{""IMB"": 1}",delivered,,False,,False,
bbac15d64dbb34ef25833be2fb9c1ccdb6e520ec23bd6f821fac0c0cac09a444,4D341,INSERT,FAT,,mapped,1,"{""BOITE"": 1}",delivered,,False,,False,
bbeec213d26ee88ff9468fa0f611a4ebb7503881ca4bf29750b7ae49eaa51eab,4CC37,TEXT,Homepass Number,AD2,mapped,1,"{""IMB"": 1}",delivered,,False,,False,
bc474ff40a85d4ca57ef45b9a138ef50c0344d6e92102281efbbe3d0c0734839,4CA6E,LWPOLYLINE,Base Map,,graphic_only,0,{},not_delivered_not_automatically_missing,,False,,False,
bc5db36e573e9e22be411fee34539948fa173d3df174e4469b87a0cf339b145b,4CC26,TEXT,Homepass Number,Q5,mapped,1,"{""IMB"": 1}",delivered,,False,,False,
bc8a86542d8436cf4646241a91aa8089c349886a92879e5a9075123d693c3257,4CBCC,TEXT,Homepass Number,K10,mapped,1,"{""IMB"": 1}",delivered,,False,,False,
bd2d63173e3ecf3c0166c0411bbd8e9b72b3c9f3d5dbac24ff97cafc91ad4cba,4E29B,INSERT,SPAN KU,,graphic_only,0,{},not_delivered_not_automatically_missing,,False,,False,
bd459b393050cc175eb61439b2417961d6fd2fe0f5cf9bed51ac43855e351791,4C6D2,TEXT,Homepass Number,I/4,mapped,1,"{""IMB"": 1}",delivered,,False,,False,
bd50bea9ca2e6b565d59e3e61f781eb90ca14f74e3e34ffa478420ac38550980,4D0C3,TEXT,FAT,PTV.135.A03,annotation,0,{},not_delivered_not_automatically_missing,,False,,False,
bd62a562beae3645f863de02266d96263153bcf85a6187a972c8788230c822b3,4CA58,LWPOLYLINE,Base Map,,graphic_only,0,{},not_delivered_not_automatically_missing,,False,,False,
bd912c531f926587cf432887cf5b82afe670155f96e494cfc4e7113697016594,4CB7E,LWPOLYLINE,Base Map,,graphic_only,0,{},not_delivered_not_automatically_missing,,False,,False,
bd9a3d2d550b30594545c3bfea5f54c58fe4b8df48222f2e5b1255a98c9f1cba,4C708,TEXT,Homepass Number,J11,mapped,1,"{""IMB"": 1}",delivered,,False,,False,
bd9b80e8d0de3a79f9fd0df2a4ee9e2e4a1d741e798be2e85c895c79bdbcb2b3,4C6D5,TEXT,Homepass Number,I/5,mapped,1,"{""IMB"": 1}",delivered,,False,,False,
be1de029a87fd3bb39de4e644e4d78885efeea611fc46ba11b892cb9961b84bf,4CBF2,TEXT,Homepass Number,T8,mapped,1,"{""IMB"": 1}",delivered,,False,,False,
be4715e61219badb8b2c4a024333c62ebe3d68aa4b54d1f7cfcc79753c144f73,4CBE7,TEXT,Homepass Number,V8,mapped,1,"{""IMB"": 1}",delivered,,False,,False,
be4d24a118153df7f6418dfefb5d5f53a3acff19b52a2adb6c9a88bc0a7c6cfb,4CB8A,LWPOLYLINE,Base Map,,graphic_only,0,{},not_delivered_not_automatically_missing,,False,,False,
be6e50c2ffe0a93d42d5930122cbd3904933afde4e86acca20c003ee88ee9c99,4CB30,LWPOLYLINE,Base Map,,graphic_only,0,{},not_delivered_not_automatically_missing,,False,,False,
bebbfb1e267f03dbe79897df12f0eadc09e8c5998b83a3503d630b54b424d850,4C94D,LWPOLYLINE,Base Map,,graphic_only,0,{},not_delivered_not_automatically_missing,,False,,False,
bf172b1c0b4c4f8ef6cc0e99674b3d679eb31cf6a83003d858f724bf08fd7339,4CB09,LWPOLYLINE,Base Map,,graphic_only,0,{},not_delivered_not_automatically_missing,,False,,False,
bf6a951d81c70816348d431d9146d6b1427f4249172a7253abea5de1b9da20ba,4CC2B,TEXT,Homepass Number,Q10,mapped,1,"{""IMB"": 1}",delivered,,False,,False,
bf9bb1e22286e27c36d0d43a19d01a6c8434ae09db484090308e2c0c9800024d,4DB1A,DIMENSION,SPAN KU,,annotation,0,{},not_delivered_not_automatically_missing,,False,,False,
bfe6e1cf6e9b343bdd4f4260c46b98d19c8fb7257477993dabde2674191d2246,4CF1B,TEXT,NEW POLE ID 7m(3 inches),MR.PTV.P026,annotation,0,{},not_delivered_not_automatically_missing,,False,,False,
c0239be3c0b848e6928817f46235f7f1c0b464b1aac7dfee754373e58f521a83,4CC14,TEXT,Homepass Number,O7,mapped,1,"{""IMB"": 1}",delivered,,False,,False,
c0568468726550560f0ded0d4618885487c56b3763da2258a78cfa3180037a10,4CB7B,LWPOLYLINE,Base Map,,graphic_only,0,{},not_delivered_not_automatically_missing,,False,,False,
c0d96b3c81421ea32460bdf9f21d660ef013687c8b919fcd9df234479bca1a37,4D0CB,TEXT,FAT,PTV.135.A09,annotation,0,{},not_delivered_not_automatically_missing,,False,,False,
c14b3b656149668eb2f65e019b5b72568ce1ca0be4f7b962ad9f2ef0fbd72f78,4CAF2,LWPOLYLINE,Base Map,,graphic_only,0,{},not_delivered_not_automatically_missing,,False,,False,
c153c19869df626ef5413891afc1481064e6b55b134b63a08b50d483f7336b64,4CB4B,LWPOLYLINE,Base Map,,graphic_only,0,{},not_delivered_not_automatically_missing,,False,,False,
c31a4da3d4673bddcc9bc7fa4ee4c6d438014cab459d56a609c49c250b690eca,4CC25,TEXT,Homepass Number,Q4,mapped,1,"{""IMB"": 1}",delivered,,False,,False,
c3578e9a9cf64e8f3574f3c2293f9f3f68a82140d89779948420084b0931f42e,4D346,TEXT,FAT,PTV.135.B09,annotation,0,{},not_delivered_not_automatically_missing,,False,,False,
c38ef453ab46ad852a561547462e45c1077bcd1449e7f42a6151912472da1406,4CEF3,TEXT,NEW POLE ID 7m (2.5 inches),MR.PTV.P012,annotation,0,{},not_delivered_not_automatically_missing,,False,,False,
c3b061d23b05d5e0c4ac273297debdd395cdb84ab8f746bd83e8fba35cec8660,4CB23,LWPOLYLINE,Base Map,,graphic_only,0,{},not_delivered_not_automatically_missing,,False,,False,
c3cb2e53f65cdf82b3f44cef19b8dcf470844f9d2681e260a661019d72cf8426,4C782,POINT,Home Number_PT,,graphic_only,0,{},not_delivered_not_automatically_missing,,False,,False,
c3dde30659a887671658fdd2d9f96f0573bf8e1d9ab55106a0ddb13fab644d29,4CB64,LWPOLYLINE,Base Map,,graphic_only,0,{},not_delivered_not_automatically_missing,,False,,False,
c48dbf7fe97c6e974765fa8eee50b21580a3e4e780b8721ea384296eeb01caa4,4CC67,TEXT,Homepass Number,AA11,mapped,1,"{""IMB"": 1}",delivered,,False,,False,
c4ab7b885ded17e7ef2a7aa1b17f670ce2f036242cab645d30bbf876653cada6,4D039,LWPOLYLINE,FAT AREA,,mapped,1,"{""ZPM"": 1}",delivered,,False,,False,
c4e43582c35fa986d16c590209098cdc46513e36a94b66f8d0d2a417e04edba2,4CBB0,LWPOLYLINE,Base Map,,graphic_only,0,{},not_delivered_not_automatically_missing,,False,,False,
c4f3fa133b2810fcf68a854a9e56e1f1e0a50d6128625a33f1b2116686ce78f8,4C702,TEXT,Homepass Number,J9,mapped,1,"{""IMB"": 1}",delivered,,False,,False,
c5055922017d5434bb0ce5061c66bee3c1aeaa4b9f56e56132acd370068a5072,4CC1A,TEXT,Homepass Number,O1,mapped,1,"{""IMB"": 1}",delivered,,False,,False,
c511a58de42915b8ff42e34da9e76812d11b8ceb972833f9002d32a989b57095,4CBB7,LWPOLYLINE,Base Map,,graphic_only,0,{},not_delivered_not_automatically_missing,,False,,False,
c5139141a4fc25fbc1e3d766b824f3f49fcaa84f72f4f76ef81f8c2cebe3b178,4CAE8,LWPOLYLINE,Base Map,,graphic_only,0,{},not_delivered_not_automatically_missing,,False,,False,
c55a3266cd2f5fcfbdce0c03499f52cf9e2f1b4fe2dbeb4b831f6c01cc1b686a,4CC59,TEXT,Homepass Number,AA4,mapped,1,"{""IMB"": 1}",delivered,,False,,False,
c59d1e48a12d9febe81630bd09d37815b1d2f6d20bd2946461512d8dc1d4aa7d,4D0D7,TEXT,FAT,PTV.135.B10,annotation,0,{},not_delivered_not_automatically_missing,,False,,False,
c5ba78596d3d387f5bdf7a3ce61e62bfa87b7083130de7f63331382a654c5956,4CA86,LWPOLYLINE,Base Map,,graphic_only,0,{},not_delivered_not_automatically_missing,,False,,False,
c5ceea2ba73374e6263f8beb0be15dfb0614b07983f9642cfc4a4d8304d69fb5,4CBD3,TEXT,Homepass Number,L6,mapped,1,"{""IMB"": 1}",delivered,,False,,False,
c5d946bc61aff323de2565ccd05b2f13c348c9b299a973b8847477f8a1403da1,4CBDD,TEXT,Homepass Number,U7,mapped,1,"{""IMB"": 1}",delivered,,False,,False,
c5ecf8b57905f09d9627c1c3ec1a9cfd419727b497f45b89b828697d4c5069bf,4D02C,LWPOLYLINE,FAT AREA,,mapped,1,"{""ZPM"": 1}",delivered,,False,,False,
c5f11380911fcfb66013f1fbf9e0086e7eac3c8752fec972ec6bd4b79247849b,4CFA3,TEXT,NEW POLE ID 7m(3 inches),MR.PTV.P005,annotation,0,{},not_delivered_not_automatically_missing,,False,,False,
c649a1f360c2947b998db19e2a332be44cd44f75364cd7b868708ab15f806049,4C67B,TEXT,Homepass Number,E8,mapped,1,"{""IMB"": 1}",delivered,,False,,False,
c7d2d431b3ec75e5a7320b0a3fb34c36dc37a3f65692494f5fc32297e725c751,4CC79,TEXT,Homepass Number,X4,mapped,1,"{""IMB"": 1}",delivered,,False,,False,
c8e0015034b40cc2bc10602884767546c3a4615df346168d16474a4ba71d067e,4CC51,TEXT,Homepass Number,AB2,mapped,1,"{""IMB"": 1}",delivered,,False,,False,
c930233d3c43594aca9f3f419b6a15ef04494a00657133d570f5d393b74a997a,4CFCE,TEXT,NEW POLE ID 7m(3 inches),MR.PTV.P008,annotation,0,{},not_delivered_not_automatically_missing,,False,,False,
c93f7fcdf1b334fc7263c44f3f313392ab9a7f3b36b51765a28ea94c7906da1f,4CC93,TEXT,Homepass Number,X13,mapped,1,"{""IMB"": 1}",delivered,,False,,False,
c93fd7530081a17e18018b568d0e43e20015619ade59da50ba254c1b9cdaf91e,4CB8C,LWPOLYLINE,Base Map,,graphic_only,0,{},not_delivered_not_automatically_missing,,False,,False,
c9897f7ecabfaaa60b8f30880dfc568f37a7daaac45461813ee3fa7c46c61d6c,4CEE4,INSERT,NEW POLE 7m(2.5 inches),,mapped,1,"{""PTECH"": 1}",delivered,,False,,False,
c9a283c7d0a4efca463747a70a016322d2ff3731937e0aff7a4622bd45118819,4C941,LWPOLYLINE,Base Map,,graphic_only,0,{},not_delivered_not_automatically_missing,,False,,False,
c9c73b7c2c9b63237cc43b66635efab2d0a94c79afc21a20f1ba34fd32ea31a5,4CB69,LWPOLYLINE,Base Map,,graphic_only,0,{},not_delivered_not_automatically_missing,,False,,False,
c9ca106ca8834ad78db64c01a5c57ca9c3d626bf91d16138d731e76074b7e97c,4CF0B,TEXT,NEW POLE ID 7m(3 inches),MR.PTV.P019,annotation,0,{},not_delivered_not_automatically_missing,,False,,False,
c9cc7f3e8fb87c91c6f1d93f50f1f9529f70d343f8f62f0bed2378ca097d644b,4C6ED,TEXT,Homepass Number,J2,mapped,1,"{""IMB"": 1}",delivered,,False,,False,
ca6d91dfe611c2ab0c0a978344c5c9b190d819af99b235257011b3fc32cfd925,4D340,MULTILEADER,FAT_Info,,annotation,0,{},not_delivered_not_automatically_missing,,False,,False,
ca7d5f787f70f44d2b51143c71874f3d1b7c1bcbaa077cd891db64c478048876,4C6E4,TEXT,Homepass Number,I/10,mapped,1,"{""IMB"": 1}",delivered,,False,,False,
ca92bc9a4b4df1c9c3072311fd909cf3306546887c6bd9672c4ffff4cab8ade8,4CFC4,LWPOLYLINE,Base Map,,graphic_only,0,{},not_delivered_not_automatically_missing,,False,,False,
cac21d548ca26b99dc41759b1a5d756a9d8192d2ca7a10284a062761a06d1b3f,4CF7C,INSERT,NEW POLE 7m(3 inches),,mapped,1,"{""PTECH"": 1}",delivered,,False,,False,
cade15a6573b6734ca9fba091f3fa3ec8eac7c024cc7fd04b07937db640a03b8,4CADD,LWPOLYLINE,Base Map,,graphic_only,0,{},not_delivered_not_automatically_missing,,False,,False,
cae41a6793881ee67345e390dedc39e4d0c5f41582fffeda6e22fa6472211370,4CF74,INSERT,NEW POLE 7m(3 inches),,mapped,1,"{""PTECH"": 1}",delivered,,False,,False,
cb025da381f1e893c2281efa8808df18355daec8b85e8a46c479bb7335694bb8,4D2F4,MULTILEADER,FAT_Info,,annotation,0,{},not_delivered_not_automatically_missing,,False,,False,
cb992adc297e1eb4b3d61d45c86d544a975abe122707b8092b3db491f4141bb4,4CB12,LWPOLYLINE,Base Map,,graphic_only,0,{},not_delivered_not_automatically_missing,,False,,False,
cc690f89bb56cca011d5bbfcd1ca4e537c49f69fd2c1f72b364f30292123b834,4CA38,LWPOLYLINE,Base Map,,graphic_only,0,{},not_delivered_not_automatically_missing,,False,,False,
ccd7c98943dac74aac9fb0965c5324705acf09265fa641cc7cc944525d069208,4CBB4,LWPOLYLINE,Base Map,,graphic_only,0,{},not_delivered_not_automatically_missing,,False,,False,
ccdfc1a20aa45b33fe805c070e5e6bd1877cb4d48cfba63d63cd301a1ed07ab8,4CEB3,TEXT,NEW POLE ID 7m(3 inches),MR.PTV.P033,annotation,0,{},not_delivered_not_automatically_missing,,False,,False,
cd1ac34885eb73fe7c8350183c4976fc7d2316dc8d1cd555d7fbeee50e334baa,4CC1D,TEXT,Homepass Number,P3,mapped,1,"{""IMB"": 1}",delivered,,False,,False,
cd41cba272aa95ca24ace8710b01fb44c88a64593b19e66924c983e09e481ec5,4D334,MULTILEADER,FAT_Info,,annotation,0,{},not_delivered_not_automatically_missing,,False,,False,
ce15af4e260bafc35dcc879b38cbedec3c4c34fcc155ea4c62417ea72ae35e6b,4CDD3,TEXT,NEW POLE ID 7m(3 inches),MR.PTV.P021,annotation,0,{},not_delivered_not_automatically_missing,,False,,False,
ceacd82f0ff98130e173a9dcac093aa2322ad84a2d42a2bd28171cb2bbde8c94,4CAC3,LWPOLYLINE,Base Map,,graphic_only,0,{},not_delivered_not_automatically_missing,,False,,False,
cef0d78268d9ff98b28ecb38291f4d9e2d4c34bf0c75a23ea24eab33eebea3a9,4CAF6,LWPOLYLINE,Base Map,,graphic_only,0,{},not_delivered_not_automatically_missing,,False,,False,
cf50b07c8c2bf9d8282261bca17c05e790df204eb01da176f34c6b8a23cc7909,4CB80,LWPOLYLINE,Base Map,,graphic_only,0,{},not_delivered_not_automatically_missing,,False,,False,
cf728015fc1ceab2875d9607448237c04f4952b3906b46dad6b6c9254f220709,4C639,TEXT,Homepass Number,C8,mapped,1,"{""IMB"": 1}",delivered,,False,,False,
d059e20bcd9499362739694b2509a79c27fe79cc305c4a055103af21d3a8335a,4CC2D,TEXT,Homepass Number,R9,mapped,1,"{""IMB"": 1}",delivered,,False,,False,
d07f408fd8cd9500aa6dc4937d97b3d7d40d22b8357fbefc36441900da4b92ed,4CB83,LWPOLYLINE,Base Map,,graphic_only,0,{},not_delivered_not_automatically_missing,,False,,False,
d15d383f5a5f0c92380cb36bd6717ec04a4ccac4a39a528e6ed8519cfaa5ecc0,4CAE4,LWPOLYLINE,Base Map,,graphic_only,0,{},not_delivered_not_automatically_missing,,False,,False,
d15f27e2f4c59bc93eb509bc9880559227e51da7e4338a70014089b7131b2552,4CBDA,TEXT,Homepass Number,U4,mapped,1,"{""IMB"": 1}",delivered,,False,,False,
d1bd239a2000a21de4d6c6d3db83a3db4dfe57af41fc78e18008dabc89af6ef2,4CDDC,INSERT,NEW POLE 7m(3 inches),,mapped,1,"{""PTECH"": 1}",delivered,,False,,False,
d27dbcfcf9ecb68cf6473a8668d37e84bfaf7bf26e9260aa42c0452f8130396b,4C6C9,TEXT,Homepass Number,I/1,mapped,1,"{""IMB"": 1}",delivered,,False,,False,
d2d2e49722125114561009a8cd9e72471c1f511d1baf47b2e8e64ef4c41e8759,4DD8A,DIMENSION,SPAN KU,,annotation,0,{},not_delivered_not_automatically_missing,,False,,False,
d2e9b4fe05ed40f04b720720a98b62c63f25e878c24944f79542e89f1bdef7c9,4D03A,LWPOLYLINE,FAT AREA,,mapped,1,"{""ZPM"": 1}",delivered,,False,,False,
d37a7e15cf5eef1e05f1b68d6d76d307811f9dfe8babfa37fbd6d9509bdee23a,4CB4C,LWPOLYLINE,Base Map,,graphic_only,0,{},not_delivered_not_automatically_missing,,False,,False,
d3b9f841d6d8d1ec83447762faac3d5c28e55aa37c5ab9d0e3cda49225ce528e,4CB4D,LWPOLYLINE,Base Map,,graphic_only,0,{},not_delivered_not_automatically_missing,,False,,False,
d3fa170053d797052ba9d49bc21884a4c7a3af5f6dff760fc049a5dc3aaa2cea,4DC3A,DIMENSION,SPAN KU,,annotation,0,{},not_delivered_not_automatically_missing,,False,,False,
d413daf9530defbd0543c1335326734bbd51da1bf78f3182bbfdb3e7b0f52cbd,4DB32,DIMENSION,SPAN KU,,annotation,0,{},not_delivered_not_automatically_missing,,False,,False,
d42903bf4de7d64d08b2c351ecc1a535e8b6f8a89ac546ffcb8821b865b6a876,4CB67,LWPOLYLINE,Base Map,,graphic_only,0,{},not_delivered_not_automatically_missing,,False,,False,
d43619cdd4a9c5d091fc1238331eca4d24dfc238d2fa78ee4a3d260dd2305dd3,4CC71,TEXT,Homepass Number,Y6,mapped,1,"{""IMB"": 1}",delivered,,False,,False,
d497f2cf669b0d3bb856a80b89dd7e652692c0d970ddf2bd929bbbe19c5b41b4,4C74A,TEXT,Homepass Number,V2,mapped,1,"{""IMB"": 1}",delivered,,False,,False,
d4d82a338cb59b078b44f19e034bcaf6183bd657ef77911962b737207440f595,4C6CF,TEXT,Homepass Number,I/3,mapped,1,"{""IMB"": 1}",delivered,,False,,False,
d4fb6a0784a2a366f67da2840de9f4d4ac1c81fba8c1ad6816dff2f1b5aec360,4CBAD,LWPOLYLINE,Base Map,,graphic_only,0,{},not_delivered_not_automatically_missing,,False,,False,
d50527c0b473cbde2420bb1648f4a3641306890fee6164ad046214958cde355c,4C675,TEXT,Homepass Number,E6,mapped,1,"{""IMB"": 1}",delivered,,False,,False,
d51fd8acab755f3647d7e265ee93977dc49aeada46ca3d3474bb87bf33664f2b,4C624,TEXT,Homepass Number,C1,mapped,1,"{""IMB"": 1}",delivered,,False,,False,
d534cc59e7679c971b83ed8bc8ca21c39a7cd2f738b0eba47d06fbf8efdcbf50,4C6AB,TEXT,Homepass Number,G2,mapped,1,"{""IMB"": 1}",delivered,,False,,False,
d541abbe16f750c817af073328bb87e50d41490291456e97e1e2091235268eb9,4CC9D,TEXT,Homepass Number,AA15,mapped,1,"{""IMB"": 1}",delivered,,False,,False,
d563ef954566279264ad883cffedd53151985ac947871b9459f9cbab5baa197d,4CA22,LWPOLYLINE,Base Map,,graphic_only,0,{},not_delivered_not_automatically_missing,,False,,False,
d59478a10585bc3508678927bf46f0853965a6cd2be1891e8e37b0641a13967a,4D2F1,INSERT,FAT,,mapped,1,"{""BOITE"": 1}",delivered,,False,,False,
d5aea2667e207b119a5ed77381b5af20471e53e540ce7c8a97268ab061847ad4,4CB13,LWPOLYLINE,Base Map,,graphic_only,0,{},not_delivered_not_automatically_missing,,False,,False,
d5c1b64e9fb1cee29c0a86a4daf9be46321f4c6ed8e003d77b932f24ceece357,4CFC5,LWPOLYLINE,Base Map,,graphic_only,0,{},not_delivered_not_automatically_missing,,False,,False,
d5ec1c67bb40092973ef516ace7551685591aba324dce1fc9265408343181904,4C654,TEXT,Homepass Number,D6,mapped,1,"{""IMB"": 1}",delivered,,False,,False,
d60d7ffb27c09f20e5841b7d9b45a33d95ae4859158fe26b0aba02d09b0b186c,4CAD7,LWPOLYLINE,Base Map,,graphic_only,0,{},not_delivered_not_automatically_missing,,False,,False,
d611afcebff4c5addd614a96950547ea579feeebd007e9d2ddd2d9ebed5ffc3b,4CBBD,LWPOLYLINE,Base Map,,graphic_only,0,{},not_delivered_not_automatically_missing,,False,,False,
d65b32350a09f9ecdc6a9651f4396355be20c64d34d0042dd97e021679eb777a,4CC56,TEXT,Homepass Number,Z2,mapped,1,"{""IMB"": 1}",delivered,,False,,False,
d7ab33d9198a141202c7f62e13d9bc5b3b0a25e131f4928507c41a71e9e3f341,4CB72,LWPOLYLINE,Base Map,,graphic_only,0,{},not_delivered_not_automatically_missing,,False,,False,
d7e9badb74ea821b409ed01ec4c86fdf22ef3c7541ff15b1f7d3a131fbd6c9ef,4CC1F,TEXT,Homepass Number,P5,mapped,1,"{""IMB"": 1}",delivered,,False,,False,
d92e7f27fa942e17e6e862d98bd1a2fce363a9fed92eec1e3f611028f46069bd,4CB36,LWPOLYLINE,Base Map,,graphic_only,0,{},not_delivered_not_automatically_missing,,False,,False,
d930554767013e9cac03f4b6b01f97bfe83faae1faabae3cf3de99a09d29af57,4CC30,TEXT,Homepass Number,R6,mapped,1,"{""IMB"": 1}",delivered,,False,,False,
d94bb6f62efb8e503b698ff878536b8cae4e67d6d0ce85ba8d1ac962f1fd11cc,4CCA9,TEXT,Homepass Number,A2,mapped,1,"{""IMB"": 1}",delivered,,False,,False,
d960a273edefbc37ffa62017d9a1627f776b2776d288d78730e2b9b2c119f29f,4CBE1,TEXT,Base Map,U11,annotation,0,{},not_delivered_not_automatically_missing,,False,,False,
d97e96a459528813f20e991654f2d5c851501a19f34c9caf8dcbde294f67dc5d,4CBBE,LWPOLYLINE,Base Map,,graphic_only,0,{},not_delivered_not_automatically_missing,,False,,False,
d98717234b5554298c9c70483f8423f63ba84d26f3593326f86b9ada2dbdba6a,4CB1E,LWPOLYLINE,Base Map,,graphic_only,0,{},not_delivered_not_automatically_missing,,False,,False,
d9a88c9cdd1868b5b90441ea98d73d93bf17dce93bbdeb84874c3d6705570375,4CC36,TEXT,Homepass Number,AD1,mapped,1,"{""IMB"": 1}",delivered,,False,,False,
d9cd4202ab7fe011a77e858e4e37d61dbcabc8e26d57ab4c425954a5c9e6bb55,4DA8A,DIMENSION,SPAN KU,,annotation,0,{},not_delivered_not_automatically_missing,,False,,False,
da2880637b1ba99166d1b9b607aec4e487347c02a629fe5d9c397ba386c2e803,4C68A,TEXT,Homepass Number,F2,mapped,1,"{""IMB"": 1}",delivered,,False,,False,
dac478ff440daf6ecf7d9b9006e5542ecec67361898ceecd1e944c3fdd19f308,4C73E,TEXT,Homepass Number,T4,mapped,1,"{""IMB"": 1}",delivered,,False,,False,
db286e9a8cdef5294fe64cfcc66a361f9d07a2d48d18830f927e7753c80618eb,4D331,INSERT,FAT,,mapped,1,"{""BOITE"": 1}",delivered,,False,,False,
db3cefdf6bcbc4cdfcf4a6a191d62475bd4c4fcca765185ecb81c634f585ecf0,4D0A3,LWPOLYLINE,FO 24 CORE,,mapped,25,"{""CABLE"": 24, ""INFRASTRUCTURE"": 1}",delivered,,False,,False,
dba3e090ae589346927c5094301d673d53e2994345234c98da77e0408fb86e75,4CF9B,TEXT,NEW POLE ID 7m (2.5 inches),MR.PTV.P048,annotation,0,{},not_delivered_not_automatically_missing,,False,,False,
dbff9a2ef1acdc785867435e0e0c3e51bd3067697ddb8c68b3583df066478a1a,4CB53,LWPOLYLINE,Base Map,,graphic_only,0,{},not_delivered_not_automatically_missing,,False,,False,
dc0ca8b82adfd1826598d6c86ed3de400d6bd9c62d949b9c96fa2ae52ee95a61,4CEDC,INSERT,NEW POLE 7m(2.5 inches),,mapped,1,"{""PTECH"": 1}",delivered,,False,,False,
dc583ef36e622c17bfaeede1b84a676f119f767c72f5a163ca58a3704461e31d,4C6DB,TEXT,Homepass Number,I/7,mapped,1,"{""IMB"": 1}",delivered,,False,,False,
dcf46a6389c6090049077bc755fa18a7d26928e48759667778722ddc26771ae5,4CB2A,LWPOLYLINE,Base Map,,graphic_only,0,{},not_delivered_not_automatically_missing,,False,,False,
dd0881a713ecd0d2b642ec3e762cc767b2af3caacae0addeb9eeb5b434a5134a,4C769,IMAGE,buildings,,graphic_only,0,{},not_delivered_not_automatically_missing,,False,,False,
dd670ad54386ac459f2730c19e9c4594a787387b5156bd2e99279ae4ca462a92,4C663,TEXT,Homepass Number,D11,mapped,1,"{""IMB"": 1}",delivered,,False,,False,
ddf452a55cdd11ba54557c5e4b1811c7c568c6681ed7be8a602ee984f4818fd1,4D032,LWPOLYLINE,FAT AREA,,mapped,1,"{""ZPM"": 1}",delivered,,False,,False,
de13c7340261ac6a808ce16c2bf637d69636f6b22d3bec14e6f441bfe7dc33fc,4CB2C,LWPOLYLINE,Base Map,,graphic_only,0,{},not_delivered_not_automatically_missing,,False,,False,
de1a2e44aadb061601c42cbdc252b8c3a1ad9f33438a7a6f7974773856edb084,4CE5C,INSERT,NEW POLE 7m(3 inches),,mapped,1,"{""PTECH"": 1}",delivered,,False,,False,
de625ec0f221a6bce286a76e22e7a89d969db88ea68f5f86848d8ba38bf40547,4CF53,TEXT,NEW POLE ID 7m(3 inches),MR.PTV.P047,annotation,0,{},not_delivered_not_automatically_missing,,False,,False,
dec692fcaf21c00ca0e1aaa4701423747b0d4b69769aeaec34f50378b0cc4bf9,4C747,TEXT,Homepass Number,V1,mapped,1,"{""IMB"": 1}",delivered,,False,,False,
ded9a496ebe8f46c117a66ba83cd4b9dd52a7538eb227d298a40c1b253cd0408,4CDC4,INSERT,NEW POLE 7m(3 inches),,mapped,1,"{""PTECH"": 1}",delivered,,False,,False,
defab0a25eb10cd3dc081b6c586aec96abe71045d5f6599e360eaa3216348c4d,4CAF5,LWPOLYLINE,Base Map,,graphic_only,0,{},not_delivered_not_automatically_missing,,False,,False,
df9d67f310360d39692cd7cad8ec582ea5526dd0aaabc4c48cbc002cbc4202d4,4CE84,INSERT,NEW POLE 7m(3 inches),,mapped,1,"{""PTECH"": 1}",delivered,,False,,False,
dfb3afc0f06724fbc9a3ea74c59031b61d7a25eeaac99d95de5ca6491251896a,4C612,TEXT,Base Map,1,annotation,0,{},not_delivered_not_automatically_missing,,False,,False,
e01342b4069bdde29eb84655d28753f32f7f363a0f76a7e96e94b19a432a5cc4,4D0A6,LWPOLYLINE,SLING WIRE,,mapped,2,"{""CABLE"": 1, ""INFRASTRUCTURE"": 1}",delivered,,False,,False,
e0682166792cb896c5314b905bdaabb4eedabd9e6f2077391ffe745831e530b2,4CCA4,TEXT,Homepass Number,AG4,mapped,1,"{""IMB"": 1}",delivered,,False,,False,
e0c1cb094291b953f5ef74562bb93aceb4975bcda39185e2fb199baf9a685a73,4CADE,LWPOLYLINE,Base Map,,graphic_only,0,{},not_delivered_not_automatically_missing,,False,,False,
e0d00ac01ba1edcdeb1f8f50c32641c3f7cba5fb03c801efbd8e73a64e65b1a6,4CAC9,LWPOLYLINE,Base Map,,graphic_only,0,{},not_delivered_not_automatically_missing,,False,,False,
e0d82448fd3bdb3f7e3d1bb80c21b1f6807a561d54430ed482b737a009694a45,4CE8C,INSERT,NEW POLE 7m(3 inches),,mapped,1,"{""PTECH"": 1}",delivered,,False,,False,
e0e25a1dd63d2282af89774117a464a14aa5e5078a14116e0373e37cb63b323b,4CBF0,TEXT,Homepass Number,T10,mapped,1,"{""IMB"": 1}",delivered,,False,,False,
e137d7a1668a033b982f543c3363ca3ffb445d812db74a3403d3791db03996ee,4CC9E,TEXT,Homepass Number,AA16,mapped,1,"{""IMB"": 1}",delivered,,False,,False,
e141af8e87499e8b5a35712d98d47d608a42d44ecb1e54fb3f212f3ec09435b2,4DAA2,DIMENSION,SPAN KU,,annotation,0,{},not_delivered_not_automatically_missing,,False,,False,
e14d5d4a2b9bcf0b581322d81ab32771b9fdc872bdcd9a0beb320415726eadd0,4CFC6,TEXT,Homepass Number,TK-1,mapped,1,"{""IMB"": 1}",delivered,,False,,False,
e15cf92675c1a0f366bb1ec29c33762dbc8144d0f7689bfa7ea562fdaf285c1c,4D0A8,LWPOLYLINE,SLING WIRE,,mapped,2,"{""CABLE"": 1, ""INFRASTRUCTURE"": 1}",delivered,,False,,False,
e1af9320ab9d6d91034f78c031caeec8b5d58c515a418e8aa3cbb9a837ea4668,4CB20,LWPOLYLINE,Base Map,,graphic_only,0,{},not_delivered_not_automatically_missing,,False,,False,
e1d5579ff4b2d7f05be85ed66c1d92432e2ab4f3f3f73094dd7cde84b6642a47,4D030,LWPOLYLINE,FAT AREA,,mapped,1,"{""ZPM"": 1}",delivered,,False,,False,
e22fe8047304d39a960c059383870898d4e8d82978572d7422f5330d020bea57,4CAE7,LWPOLYLINE,Base Map,,graphic_only,0,{},not_delivered_not_automatically_missing,,False,,False,
e249774c65daae335554afc7b8686f95d9ff94439fdd1d239bd510cdb41f3993,4CAEE,LWPOLYLINE,Base Map,,graphic_only,0,{},not_delivered_not_automatically_missing,,False,,False,
e2890545126ce976e7681d3df4eae943a5c436115704eca38b5122be84a8daa5,4CB46,LWPOLYLINE,Base Map,,graphic_only,0,{},not_delivered_not_automatically_missing,,False,,False,
e31117a11a24bdda788e9b969f47fbb4d592f717cda2ab9f57396638286bf925,4CAF7,LWPOLYLINE,Base Map,,graphic_only,0,{},not_delivered_not_automatically_missing,,False,,False,
e3b52ce0083a3407f7f5506d08ac2ee49ffe67a03f5231031bbdbfc58e4cf3bf,4CC2F,TEXT,Homepass Number,R7,mapped,1,"{""IMB"": 1}",delivered,,False,,False,
e3d6bb82c903dbfd38fe904ce1620bd9a1df06a5ded19c57bdf466a989d64126,4CB86,LWPOLYLINE,Base Map,,graphic_only,0,{},not_delivered_not_automatically_missing,,False,,False,
e40ea15aacea03456a44c9ed58b2ea15f7ae8d94e0ccac26669f1b035a2b8d55,4CB92,LWPOLYLINE,Base Map,,graphic_only,0,{},not_delivered_not_automatically_missing,,False,,False,
e42f4c9c695edb15d29288030fec3c23d075b658d27ef01abb052049dd23fe11,4CB8B,LWPOLYLINE,Base Map,,graphic_only,0,{},not_delivered_not_automatically_missing,,False,,False,
e4509fd0425df677f002a47fa57ba2769f07528e2004aa3e2dc8763d8c1dc41b,4CBCE,TEXT,Homepass Number,L11,mapped,1,"{""IMB"": 1}",delivered,,False,,False,
e4734b81379758bc5c21a895ec8ecd130f03b85e8085afc641a37e66791df672,4CAC8,LWPOLYLINE,Base Map,,graphic_only,0,{},not_delivered_not_automatically_missing,,False,,False,
e48c849ce813d989e85599231c1a507eeb6fc8bb608c1f57c672eb070cd19202,4CFBA,TEXT,Homepass Number,2,mapped,1,"{""IMB"": 1}",delivered,,False,,False,
e4c5b25570575e4b7bc04beeee5f1623ba271c8c7c1ae4be589e7fa020a8b0ba,4CA05,LWPOLYLINE,Base Map,,graphic_only,0,{},not_delivered_not_automatically_missing,,False,,False,
e4d30d6548f164508e378167bc7651b66d537e3d4087485f2e9ea0f076cd2c8f,4CB6A,LWPOLYLINE,Base Map,,graphic_only,0,{},not_delivered_not_automatically_missing,,False,,False,
e4db4ba6554bafbe5366092f4000b6bc891f487c977db3390a3ade720d3286cd,4DF0A,DIMENSION,SPAN KU,,annotation,0,{},not_delivered_not_automatically_missing,,False,,False,
e56713d9c34b6f1fd0ce87315fca4f32d5346fb67bc0d572bd3334f6d927ab18,4CC44,TEXT,Homepass Number,AC10,mapped,1,"{""IMB"": 1}",delivered,,False,,False,
e5943822d253a9db0d8edbab1fc86e3ad04ad1b4b79b1920ac6132b6634d55e9,4D0A7,LWPOLYLINE,SLING WIRE,,mapped,3,"{""CABLE"": 2, ""INFRASTRUCTURE"": 1}",delivered,,False,,False,
e59eb5e7b99eb44935ef3ff94fd1ada9dbfb06395a37c43b91dcd08cd346a94f,4CB16,LWPOLYLINE,Base Map,,graphic_only,0,{},not_delivered_not_automatically_missing,,False,,False,
e5b4de9977d625c6703dc2a0ea774803c2c7e4df9c93aa910daa63f0abf3a576,4CC0F,TEXT,Homepass Number,N4,mapped,1,"{""IMB"": 1}",delivered,,False,,False,
e5e29ff75e2d11e4980817fa372f996af0a11f24fe0e9fd41a934c51383a4202,4C753,TEXT,Homepass Number,X1,mapped,1,"{""IMB"": 1}",delivered,,False,,False,
e5f4ba071a0ef2cc9003b65924705f342c46538502d0b4f7b8fbfcedca1c0c38,4CEF4,INSERT,NEW POLE 7m(2.5 inches),,mapped,1,"{""PTECH"": 1}",delivered,,False,,False,
e65c726c824753f89c34cbbf69b1585a23739f5332b488cc8292781afa884d8a,4CBD5,TEXT,Homepass Number,L4,mapped,1,"{""IMB"": 1}",delivered,,False,,False,
e6d14001193eaeb47888fa8439e8add2ef7e5bfa46fcb42ce37756bdf6ee5800,4CBDB,TEXT,Homepass Number,U5,mapped,1,"{""IMB"": 1}",delivered,,False,,False,
e6d331f764acf81e4d30fb1c2336d8dc32c30e51d8dd2a15ae064f443a21ed1d,4DC6A,DIMENSION,SPAN KU,,annotation,0,{},not_delivered_not_automatically_missing,,False,,False,
e6d9c304d60a97c1ec890e79fea14e78b0afe92829da80401797013725c5c601,4CB9C,LWPOLYLINE,Base Map,,graphic_only,0,{},not_delivered_not_automatically_missing,,False,,False,
e70352bc1e31f0df95b13c220898194126e0538e9b162b880eeb183d2623ae19,4C6B4,TEXT,Homepass Number,G5,mapped,1,"{""IMB"": 1}",delivered,,False,,False,
e72e331fee229ab288b227aacaac13fc7cf5685bc437b3697ff21514082e853c,4D0D6,TEXT,FAT,PTV.135.B08,annotation,0,{},not_delivered_not_automatically_missing,,False,,False,
e74874a61942ab337a708554f764d4817740fed971f7ffd12565dc468195b1f6,4CEB4,INSERT,NEW POLE 7m(3 inches),,mapped,1,"{""PTECH"": 1}",delivered,,False,,False,
e7495f0e5e615fadd14e5ee0641d93fd38a1b13ac1d5eb44a77bb4796ba44df2,4CF13,TEXT,NEW POLE ID 7m (2.5 inches),MR.PTV.P024,annotation,0,{},not_delivered_not_automatically_missing,,False,,False,
e77141d085411c5c3ae2a441c4dc576bffd10bbbbdba63236962b0b95887021b,4CDCB,TEXT,NEW POLE ID 7m(3 inches),MR.PTV.P020,annotation,0,{},not_delivered_not_automatically_missing,,False,,False,
e7c6f79f570e201bc48f3f65cf5bb25030b6608d3890ffc8beae2d44b3d42802,4CC7A,TEXT,Homepass Number,W4,mapped,1,"{""IMB"": 1}",delivered,,False,,False,
e7fa89b55b1f56f8021b74991f502819480b93cac1d2c558f1714e4c0060100a,4CFC3,LWPOLYLINE,Base Map,,graphic_only,0,{},not_delivered_not_automatically_missing,,False,,False,
e8a0809c6fd9ff1b1f174285644e45b70dc3333df8e11f6b30af90fe4516bc9f,4CB07,LWPOLYLINE,Base Map,,graphic_only,0,{},not_delivered_not_automatically_missing,,False,,False,
e8f26f1b30ff036874e8f4aec318ffa3b7496af0cf8d81be551a2b9df0e4099e,4C6C0,TEXT,Homepass Number,H4,mapped,1,"{""IMB"": 1}",delivered,,False,,False,
e97033a1a797dfcac89f98e06143ac97b532a565be1cb60de660e970c956dfc7,4D33C,MULTILEADER,FAT_Info,,annotation,0,{},not_delivered_not_automatically_missing,,False,,False,
e9fda7d936931f6e9a05b974c02747a91de02042a1ee2a087dc036b2a8aa6659,4CC28,TEXT,Homepass Number,Q7,mapped,1,"{""IMB"": 1}",delivered,,False,,False,
eaaa4b8152c5e68343a0943d6587882680049e07caed74bc8f641fba9810164a,4CACB,LWPOLYLINE,Base Map,,graphic_only,0,{},not_delivered_not_automatically_missing,,False,,False,
eabbc856b999248f6ea55beb652174cb97a08c0ae88c594fb9c9cf7583f25d4c,4D0B8,TEXT,FDT,PTV.135,annotation,0,{},not_delivered_not_automatically_missing,,False,,False,
eaf025b28f4e3a36f80389743b8ed9e8bb050c2d792866e3a3059d6777ea807b,4CB45,LWPOLYLINE,Base Map,,graphic_only,0,{},not_delivered_not_automatically_missing,,False,,False,
eafbf3d16d71c622042519ca1d902658e2985b7b1cddc5f2080f6b235c3792a4,4CC11,TEXT,Homepass Number,N2,mapped,1,"{""IMB"": 1}",delivered,,False,,False,
eb654134b5f5a697752242a20d1473e7eeccd30d82d8f8d5383a46603e024859,4CC1B,TEXT,Homepass Number,P1,mapped,1,"{""IMB"": 1}",delivered,,False,,False,
eba33b93b03a79a4290649912cd9c2ed0139579ad8834d5aa04c5d322f1774aa,4CC4F,TEXT,Homepass Number,AB4,mapped,1,"{""IMB"": 1}",delivered,,False,,False,
ebc9619440e08c5284af770411163b3589b50a984742f1114e4f796e22e0f33d,4CC02,TEXT,Homepass Number,H6,mapped,1,"{""IMB"": 1}",delivered,,False,,False,
ec78f5aeacaedbf415f526a00ff5d8d2774d6c1aa7e12345105b76cda70320d1,4DE02,DIMENSION,SPAN KU,,annotation,0,{},not_delivered_not_automatically_missing,,False,,False,
ece958b3e43db8226c47a48428bbde6a374fe40c11cc70693477eb02a7daf6e9,4CC65,TEXT,Homepass Number,AA10,mapped,1,"{""IMB"": 1}",delivered,,False,,False,
eda7f4ba95b11aced1c874a36018cedcb1a7e06accb97bad8b0ffa91ad079bd9,4CED3,TEXT,NEW POLE ID 7m(3 inches),MR.PTV.P036,annotation,0,{},not_delivered_not_automatically_missing,,False,,False,
edfaa4e4201fd51b8b1009887b90525b0db2da2cba38f4eb835f908944f5da6c,4CBE6,TEXT,Homepass Number,V7,mapped,1,"{""IMB"": 1}",delivered,,False,,False,
ee3adf9fa6ff2aef5b2d1732c149414e0f3daa2433329b6236aedbbe2d75d057,4E29C,INSERT,SPAN KU,,graphic_only,0,{},not_delivered_not_automatically_missing,,False,,False,
ee5244d196f4abe2b55f9eaf66beff65d1c78712617ed4f94c39aa059dc90701,4D027,LWPOLYLINE,FAT AREA,,mapped,1,"{""ZPM"": 1}",delivered,,False,,False,
eeafe4c1fe9086ff0140dedafde6fd8d27280f3ef15d2e914440b9cfba3b19c8,4CF5B,TEXT,NEW POLE ID 7m (2.5 inches),MR.PTV.P050,annotation,0,{},not_delivered_not_automatically_missing,,False,,False,
eee51ea220978a06af57e39d8b748b71d09da840e7a10ef1c22fa4fdd6a29c09,4C723,TEXT,Homepass Number,S3,mapped,1,"{""IMB"": 1}",delivered,,False,,False,
efcb09f8e19235a1513d736d9fc615c7eda09de57fb02c002b3453bca20f3bc9,4CDCC,INSERT,NEW POLE 7m(3 inches),,mapped,1,"{""PTECH"": 1}",delivered,,False,,False,
efdac8c4adf2cabcf0a07bdce174c92d1d8f25125c7369a3c5c8a5b07e541f09,4CBE0,TEXT,Homepass Number,U10,mapped,1,"{""IMB"": 1}",delivered,,False,,False,
f00f95e6f7cf95802ee7cb10adfd55cf8ee8979a3977b4d3f15aea4fe140eb41,4CA7F,LWPOLYLINE,Base Map,,graphic_only,0,{},not_delivered_not_automatically_missing,,False,,False,
f06ae23c403f978f24de99cfdb985e98b821bf6006bfe4d5690da8acfcd22a83,4C633,TEXT,Homepass Number,C6,mapped,1,"{""IMB"": 1}",delivered,,False,,False,
f06d621d2dc1b811864c4f2bc87956749e2abcdc850819f17dfb6d418f0e6495,4CC31,TEXT,Homepass Number,R5,mapped,1,"{""IMB"": 1}",delivered,,False,,False,
f124d4bcbf7722b913c84e4c52cd654c8bab4179526faa910030368dd3f912dc,4D028,LWPOLYLINE,FAT AREA,,mapped,1,"{""ZPM"": 1}",delivered,,False,,False,
f16ab249eeb93ab30bea6f9c0fd2d70eb77667671253e3755819b17ce4277544,4CABF,LWPOLYLINE,Base Map,,graphic_only,0,{},not_delivered_not_automatically_missing,,False,,False,
f16f42371b52a7a1a023ce65f9c3d6ae8509e04bd0ed007ea812e005e8edc92e,4CA1A,LWPOLYLINE,Base Map,,graphic_only,0,{},not_delivered_not_automatically_missing,,False,,False,
f1cca122def74d74aba84591e747721cb2cb968e938c1c17dc89abf47bbddaba,4CB60,LWPOLYLINE,Base Map,,graphic_only,0,{},not_delivered_not_automatically_missing,,False,,False,
f1f74563e55d887543e4ea2ecc185eafe48efe8d278a38674b3a293fcc3939f4,4CC68,TEXT,Homepass Number,Z11,mapped,1,"{""IMB"": 1}",delivered,,False,,False,
f1fb4b28239f3b3cb857aab219ca93127068be2b78405030179e5edff17e59a4,4CAE5,LWPOLYLINE,Base Map,,graphic_only,0,{},not_delivered_not_automatically_missing,,False,,False,
f213c7a842c4d58e00277844dd07df95a4a25c98a9a4283d8e5a297ec26cb802,4D2FC,MULTILEADER,FAT_Info,,annotation,0,{},not_delivered_not_automatically_missing,,False,,False,
f244651b5bb48f888b2d790c07a4d3a83aa3bb7ef96907f2831606b5af8bdc46,4CF83,TEXT,NEW POLE ID 7m(3 inches),MR.PTV.P046,annotation,0,{},not_delivered_not_automatically_missing,,False,,False,
f26c0b5bbdbce988a8c1e4750e9a6b6e795b0a8620a667531c3d7f803c99cbfc,4D0AD,LWPOLYLINE,SLING WIRE,,mapped,3,"{""CABLE"": 2, ""INFRASTRUCTURE"": 1}",delivered,,False,,False,
f348b05fb2217a67a22a5410d99edcc3cd0d93ff07d5b7c668555795ade4f1a5,4C6BD,TEXT,Homepass Number,H3,mapped,1,"{""IMB"": 1}",delivered,,False,,False,
f3635c4c7bb71e3c6909cdaaa5377f5aecd6015c2792f983fc899d0aee58e20e,4DC52,DIMENSION,SPAN KU,,annotation,0,{},not_delivered_not_automatically_missing,,False,,False,
f3702f38429c4051152c75a78c0845f3d3fafe1d5a30da346637c230b8e11f18,4D0D4,TEXT,FAT,PTV.135.B06,annotation,0,{},not_delivered_not_automatically_missing,,False,,False,
f37bfcb3af94474085fe0728f50146bac8ed6d831fd4700cdcd449b078d5f27a,4CAEB,LWPOLYLINE,Base Map,,graphic_only,0,{},not_delivered_not_automatically_missing,,False,,False,
f37f752ed7d42595b35aa733e1e1fbd2734993fdc391cb026d39fdd1267d07f7,4CC40,TEXT,Homepass Number,AC6,mapped,1,"{""IMB"": 1}",delivered,,False,,False,
f40e495ceb45bbe2560e9f43862170e5c8fd67c118d8c99c1b42bb062e2b363d,4CAD6,LWPOLYLINE,Base Map,,graphic_only,0,{},not_delivered_not_automatically_missing,,False,,False,
f4381858bb2d9c2211dbebe18cd3df38bded13e4b845a481b5a864bf6b801aaa,4C95A,LWPOLYLINE,Base Map,,graphic_only,0,{},not_delivered_not_automatically_missing,,False,,False,
f48e190fbc0558089a8e62f1f88dddfea6f4218048bb16b83a3a8c09ec8caf31,4CC84,TEXT,Homepass Number,W9,mapped,1,"{""IMB"": 1}",delivered,,False,,False,
f4f7982cbe720b6a31b36144d58dc550ceaf673568e4f4269bb315cd7163fa6d,4CC0B,TEXT,Homepass Number,N8,mapped,1,"{""IMB"": 1}",delivered,,False,,False,
f5c8256c59967930c7d0df57af906d988f350fd0dc0832b4d993868b3770d0cc,4CB06,LWPOLYLINE,Base Map,,graphic_only,0,{},not_delivered_not_automatically_missing,,False,,False,
f5ca12f6c7adbf936b23ec5e385ee2b95390d2814396991bda7e6cca1fa6bc20,4C645,TEXT,Homepass Number,D1,mapped,1,"{""IMB"": 1}",delivered,,False,,False,
f5e7161ac5023770bd2396791876b2764cdadc5d97f64b0ca29c113a61c82d93,4CC98,TEXT,Homepass Number,Z13,mapped,1,"{""IMB"": 1}",delivered,,False,,False,
f61a8f5f24d2471c926cf652def6ad88ece2f8fd66a3802d753a485413760d9b,4CAFB,LWPOLYLINE,Base Map,,graphic_only,0,{},not_delivered_not_automatically_missing,,False,,False,
f66c23f687cd91032c24d95cd46c85f8663c2d6197400734993036de3b356dbb,4CADA,LWPOLYLINE,Base Map,,graphic_only,0,{},not_delivered_not_automatically_missing,,False,,False,
f67af090dbcdcdc5ef4f412a0ab39b2dfa4d16324bc9b9887e521c871b33618c,4CC41,TEXT,Homepass Number,AC7,mapped,1,"{""IMB"": 1}",delivered,,False,,False,
f713c9a2de188f02142dcc45b0d1631ed02ed59a1f1deff04e7d89ff69b9e809,4CB44,LWPOLYLINE,Base Map,,graphic_only,0,{},not_delivered_not_automatically_missing,,False,,False,
f7929da227c1382bbd80741108cff31d64897f0e131e827e043bd5c67775f1af,4D0A5,LWPOLYLINE,SLING WIRE,,mapped,2,"{""CABLE"": 1, ""INFRASTRUCTURE"": 1}",delivered,,False,,False,
f7bf47f00b183e3262c3be229fb361b05bc79868f22613a707f36edc35aa35dc,4CF4C,INSERT,NEW POLE 7m(3 inches),,mapped,1,"{""PTECH"": 1}",delivered,,False,,False,
f7ef00d05fa1fd9f22074810a477d181998b001834571ac5d9f5149a52d9c2de,4CBF9,TEXT,Homepass Number,AJ4,mapped,1,"{""IMB"": 1}",delivered,,False,,False,
f83062ef2f816fdd78aba64680052ed74fb8aa8bfc369b73e713645dc64e3fd2,4CC8E,TEXT,Homepass Number,W13,mapped,1,"{""IMB"": 1}",delivered,,False,,False,
f95825a238a31d1e32e28dc0b80e96d80ae5c0bf40909548e0048662869a3577,4CECC,INSERT,NEW POLE 7m(3 inches),,mapped,1,"{""PTECH"": 1}",delivered,,False,,False,
f96e2d65180edca5a7e7dd86d441c29c2268f49d7a59a191aa861f85895b9382,4CC4C,TEXT,Homepass Number,AB7,mapped,1,"{""IMB"": 1}",delivered,,False,,False,
f9acc60c9d51484dca2d2a517486adfbbc3937093abb97e4d3d05349b1ca3118,4CB2E,LWPOLYLINE,Base Map,,graphic_only,0,{},not_delivered_not_automatically_missing,,False,,False,
fa39232b4aeab8bf89b3319b0e5399bd5e0ad1dd0ac9bd93879a15224f1a5750,4CB35,LWPOLYLINE,Base Map,,graphic_only,0,{},not_delivered_not_automatically_missing,,False,,False,
faaef66efa2b34e55007f02154fa8f8ba59ddae3d0000a165d436c64bdea888e,4CABE,LWPOLYLINE,Base Map,,graphic_only,0,{},not_delivered_not_automatically_missing,,False,,False,
face1b28c746af93d7ede3217b1663cd11b89c7424636c32155878d25bbc9e79,4CBF8,TEXT,Homepass Number,AJ3,mapped,1,"{""IMB"": 1}",delivered,,False,,False,
faf17b51d3448d8846b34fa005865900941ec15f22fd7a1a0f03fc602e1c6925,4CF93,TEXT,NEW POLE ID 7m (2.5 inches),MR.PTV.P045,annotation,0,{},not_delivered_not_automatically_missing,,False,,False,
fb686842c5a3f8d7f89c0ae40799e20caf2817e608a9b057ca18aef63c3860a7,4CAE2,LWPOLYLINE,Base Map,,graphic_only,0,{},not_delivered_not_automatically_missing,,False,,False,
fc00ed8bfe1796c10576daf6a92ced15634f88443b8654ceac54d0acf0f61fa5,4CB84,LWPOLYLINE,Base Map,,graphic_only,0,{},not_delivered_not_automatically_missing,,False,,False,
fc10a96af2baf82e5734647f076b2484be5db2d2b442100136c457ec374b0478,4CE4C,INSERT,NEW POLE 7m(2.5 inches),,mapped,1,"{""PTECH"": 1}",delivered,,False,,False,
fc67f248b8fa097e6d6898a2a793cbc66ab0dc67ba004be4941338f057bbd69b,4CC3D,TEXT,Homepass Number,AC3,mapped,1,"{""IMB"": 1}",delivered,,False,,False,
fc90cdb63135ec5e0a2917d6f17769362d28cb74043539e8f41c6f3c59c758c1,4DA72,DIMENSION,SPAN KU,,annotation,0,{},not_delivered_not_automatically_missing,,False,,False,
fc9511f4f71fa392b4031b39e363ea436d2f7f7a58b082aecb369719544859c8,4CAEF,LWPOLYLINE,Base Map,,graphic_only,0,{},not_delivered_not_automatically_missing,,False,,False,
fc962dd347529fb8ec5d0803d48053d91c9e0b9ef32968013b3b8e9b4d8c80b9,4CBF3,TEXT,Homepass Number,T7,mapped,1,"{""IMB"": 1}",delivered,,False,,False,
fccd78ab725011acde12b2918c4a84cf14eddecef9945c3376a4af1add02dc6c,4CB34,LWPOLYLINE,Base Map,,graphic_only,0,{},not_delivered_not_automatically_missing,,False,,False,
fe5776aea51d04ba23b112efed2888f88bef21c2b9b296970ef8defde9fbcd2b,4CB33,LWPOLYLINE,Base Map,,graphic_only,0,{},not_delivered_not_automatically_missing,,False,,False,
fe6cca6f2dc0dd090595e68ff970fc0b6f5e4b1a36d62275584ed244a7c95a44,4CBDF,TEXT,Homepass Number,U9,mapped,1,"{""IMB"": 1}",delivered,,False,,False,
fe878b6c0124e5401b2b16addefca7e4b2cec72dde79ce953abfb0afe3dca6fa,4C9F0,LWPOLYLINE,Base Map,,graphic_only,0,{},not_delivered_not_automatically_missing,,False,,False,
ff291a4f8cb7d8669ddac028f6d3e929338430c3c017202580bceca8af917f14,4CC22,TEXT,Homepass Number,Q1,mapped,1,"{""IMB"": 1}",delivered,,False,,False,
ff3c5662e22bfc9754c3ef8a5ba44cdbd86d3a8edba1281a32af8fba06b4141d,4CB01,LWPOLYLINE,Base Map,,graphic_only,0,{},not_delivered_not_automatically_missing,,False,,False,
ff55b9d9d33928b8191e38374d5e28a94d6a61049fe50fbffe1c5922ddc3c64e,4CE9B,TEXT,NEW POLE ID 7m (2.5 inches),MR.PTV.P040,annotation,0,{},not_delivered_not_automatically_missing,,False,,False,
ff7632aaa9b368279ed333c645d875120ae2d61a8b580ce0c6c14d4023037808,4CE1C,INSERT,NEW POLE 7m(3 inches),,mapped,1,"{""PTECH"": 1}",delivered,,False,,False,
ffb942ff70ddf1379adafae13d3f2ec034028e763d1a4440a294eaee3c51f6be,4D300,MULTILEADER,FAT_Info,,annotation,0,{},not_delivered_not_automatically_missing,,False,,False,
plan:00062d8e6b2bc1131d041cc45921faaeb6d2fa809717a1488c99b7c4307b2541,4D329/2E64,LWPOLYLINE,0,,absent_from_canonical_evidence,0,{},expanded_instance_with_definition_and_parents_in_ledger,bb92c118cdb46d1992908bdebdef425caf80ac6ceb1e87d4295ba8d34ca13cfb,True,786b1b0e2105c517b56eab9c71739bb9b991bb021d0ec6ff4e6f3c5b9225279a,True,mapped
plan:0042b7cb83cb5c0b9ad0883448c1027a4c13c954afd1347e1243b800ba1439df,4E29A/4C026,LINE,LABEL CABLE,,absent_from_canonical_evidence,0,{},expanded_instance_with_definition_and_parents_in_ledger,1aecbebddd4dc18cb9ef274bd1a002841c913a989dc77ef00c0162ad33477c64,True,947a82a8a20bf71fe88f5d306d408ac01ee8476ff2b0f646b15dcceee8fe863a,True,graphic_only
plan:00830ca4cfcb378fc6ae6ffe15fbd8c2a75314b859813118b019c966490aa133,4CF9C/3F357,TEXT,0,MTI,absent_from_canonical_evidence,0,{},expanded_instance_with_definition_and_parents_in_ledger,ff1ba06dde906639809567d79e2e21daa53383fe84a72be8c29a867b8789534e,True,abe68b7124d7f04d48f400f6cea9065be071768b640fcf53b3d289c478b97c9e,True,mapped
plan:0099cc237c11d9ba1706fce476c3427ff61c8a2551788d5117ee4d400223f2f3,4E29A/4C038,LINE,LABEL CABLE,,absent_from_canonical_evidence,0,{},expanded_instance_with_definition_and_parents_in_ledger,7ea8280f4c0b83e827a390eab2d7527159cb516de4d2b46242def5c310e6cf19,True,947a82a8a20bf71fe88f5d306d408ac01ee8476ff2b0f646b15dcceee8fe863a,True,graphic_only
plan:00bde469b17957f457980694c95d32611d17bdec766b57bfeb878561d4045e99,4CDE4/4D10E,TEXT,0,NP7,absent_from_canonical_evidence,0,{},expanded_instance_with_definition_and_parents_in_ledger,ce249c2f0aaf07d1838f8a6ee37894488d2e4fc89f4a56dfa88bebc6cbb805bb,True,29e795090d2074e1dabe69c29084fa1478c85c5b5b45f3ea3e72d07384325f97,True,mapped
plan:010ab43bd1418bf1f00d56248c417a7ff9f5286ce4ec36c6cebb11a6ebfe326f,4E29C/4C03A,LINE,LABEL CABLE,,absent_from_canonical_evidence,0,{},expanded_instance_with_definition_and_parents_in_ledger,f29a433e8f8a1bc015aa5098442636c25d81dda46849aa44deaf52ffc75ebc5f,True,ee3adf9fa6ff2aef5b2d1732c149414e0f3daa2433329b6236aedbbe2d75d057,True,graphic_only
plan:0115a762ccc6795ee1a6aebc4ce900d7a70f24af4619af20303fd787a36a5c93,4CE6C/4D0E6,TEXT,0,NP9,absent_from_canonical_evidence,0,{},expanded_instance_with_definition_and_parents_in_ledger,dac1788e4a912bea22fa3f10def57dbc70252b07dc643aa126f7220fb63d3dbc,True,a366967dec954d307283a2c550bff5986bae7fb16b93e6dacaea604bb6bbceee,True,mapped
plan:011acfa11f99ddd98a55501fd5f7bf6271846734a3caeb6378f6c5b9abf8cb06,4D341/2E66,HATCH,0,,graphic_only,0,{},not_delivered_not_automatically_missing,0cd841bb19f4fbc9fada3d76fbc2c7904ad59db113909e3a3c416bb11ce671c9,True,bbac15d64dbb34ef25833be2fb9c1ccdb6e520ec23bd6f821fac0c0cac09a444,True,mapped
plan:012d994fe34b930b00275a8a83be37e7686a0d055a63bbd682d3d0ecc2567a8f,4CE64/3F357,TEXT,0,MTI,absent_from_canonical_evidence,0,{},expanded_instance_with_definition_and_parents_in_ledger,ff1ba06dde906639809567d79e2e21daa53383fe84a72be8c29a867b8789534e,True,7ad13a1c8f016578132b2c3ec313e6f9341bd2b2aebeea3d2befe2644ea011f0,True,mapped
plan:0148d3193739036e4bff8f340f220782b67eaf69004f949141c89a0042696bfc,4E299/4C036,LINE,LABEL CABLE,,absent_from_canonical_evidence,0,{},expanded_instance_with_definition_and_parents_in_ledger,41bd25d2cfc0648e6f3a8f76dae1d8690a83a86899b81fbe1813bae58343d39e,True,a69bf93e367b94f03cfbcae61eb412a675406c9e1aa010778e7e2f7e7c1d4b19,True,graphic_only
plan:0165896ca89a05a5dfa9b0d9387888dce8e2c6e7020df4b9cd07a1542e6afbda,4CDDC/3F354,CIRCLE,0,,graphic_only,0,{},not_delivered_not_automatically_missing,94306d1b822560f3f928eb88a6480e5f9832f3b037a3ad78db40b0479d8af86a,True,d1bd239a2000a21de4d6c6d3db83a3db4dfe57af41fc78e18008dabc89af6ef2,True,mapped
plan:018c3719f43dfb83dd3d90d8efdc8091d368fa673e10c1be1f75e585a8ea5ffc,4CE8C/3F356,LWPOLYLINE,0,,absent_from_canonical_evidence,0,{},expanded_instance_with_definition_and_parents_in_ledger,5dc0b421eca7ad29a3eb1ef807168fd478a20640c85a7846a644720d694e141f,True,e0d82448fd3bdb3f7e3d1bb80c21b1f6807a561d54430ed482b737a009694a45,True,mapped
plan:019c102b0705ab314b4d87bddc56af1c699b16b12e96c7701433f16246b3e899,4CF2C/4D114,TEXT,0,3',absent_from_canonical_evidence,0,{},expanded_instance_with_definition_and_parents_in_ledger,9b50908c64a894089d844b98e894fc1ff80e99c4f2f11db1a8fbf110e6022439,True,1168144963f726b9328faeb2c86189c2f0c8c2bd481e90f11182b1e01fb2f8c8,True,mapped
plan:0213611e8f798ae66de3763e008151949dff2511f6ff1ee06b5814b0e14bdd65,4CE5C/3F352,TEXT,0,NP9,absent_from_canonical_evidence,0,{},expanded_instance_with_definition_and_parents_in_ledger,414a107d0dd2555d8f98da20db776998a3929d363fd40d42baa0f033c58d3b4c,True,de1a2e44aadb061601c42cbdc252b8c3a1ad9f33438a7a6f7974773856edb084,True,mapped
plan:022d2c42ac56bcbf2cc456b2cc37087cf47b05af06587808444ad05313d62d85,4CEBC/4D119,LWPOLYLINE,0,,absent_from_canonical_evidence,0,{},expanded_instance_with_definition_and_parents_in_ledger,c9f7ece77019174e47b03754cb85c4547ebf4a910e2b2336e4aa6decc81016f0,True,35ade6bbc7e13fa4e43613caa0171f49cf10f4af719127b077041094ce23dd48,True,mapped
plan:02e80f60e88dfd3b9194e48d974238fecbaab06613da9285fe54a690ce2d71b7,4CF8C/4D10F,CIRCLE,0,,graphic_only,0,{},not_delivered_not_automatically_missing,5467a143204fe878122eea791ce308cc50be882c0ffa819f63dc04f410e049d7,True,339bfeb586f8e2f24be6322b657651b50d4c6f28158b8d12395c9f6760562279,True,mapped
plan:030f8e8ea198ae3eadbe81fb46d1aa8a65f7632c9b4a1ac2da02acc5d1c8b833,4CF04/3F350,TEXT,0,3',absent_from_canonical_evidence,0,{},expanded_instance_with_definition_and_parents_in_ledger,457fbcedf425e95cf337b447f86a6c4d9215373a4c0b7ff2f887a6be20ad9a5b,True,81c005b9309f58524ce472f7c41ab8cb830e428e905fe20e9298d41397bafd19,True,mapped
plan:031f869b4c0dfe6f0774895345057417345431231294c9534a4c82251bf10fd5,4CF3C/3F356,LWPOLYLINE,0,,absent_from_canonical_evidence,0,{},expanded_instance_with_definition_and_parents_in_ledger,5dc0b421eca7ad29a3eb1ef807168fd478a20640c85a7846a644720d694e141f,True,ad9f47b2bba42d621eb6bde571ab74ea2c81016bb3f5e8ede6988de3efea4c2d,True,mapped
plan:034979e997b2f2d40a1e7dcd16cdc5175d7436ae97cc80e9fd6a5a816965b5e1,4CE84/3F350,TEXT,0,3',absent_from_canonical_evidence,0,{},expanded_instance_with_definition_and_parents_in_ledger,457fbcedf425e95cf337b447f86a6c4d9215373a4c0b7ff2f887a6be20ad9a5b,True,df9d67f310360d39692cd7cad8ec582ea5526dd0aaabc4c48cbc002cbc4202d4,True,mapped
plan:0375b6caebc1adc699472a651382d83578e36381dd71ef65ea7afa3048b7b462,4E29D/4C03B,LINE,LABEL CABLE,,absent_from_canonical_evidence,0,{},expanded_instance_with_definition_and_parents_in_ledger,555b7bc19609616c65edebbf7faff6f4dcee27a0a06c13b1a330e50980ee6d6a,True,37d9ba57e084b23b16f94c06d3ec4c1f1198bacc8228b50c46923dc0a02a77da,True,graphic_only
plan:038d194afbceceb64ab77903046aeb23467dd72f80892ebcf869e4859c4ed6a4,4CE1C/3F34C,TEXT,0,NP7,absent_from_canonical_evidence,0,{},expanded_instance_with_definition_and_parents_in_ledger,a5eb157176bb73918b8cd962d3db724781651ae40e4096ea9c316477fdcbfb13,True,ff7632aaa9b368279ed333c645d875120ae2d61a8b580ce0c6c14d4023037808,True,mapped
plan:0394f4054000c9433c9d279ec7f7d77ba80551bfc2d070ba403a125e0608436d,4CFC7/3F34E,LWPOLYLINE,0,,absent_from_canonical_evidence,0,{},expanded_instance_with_definition_and_parents_in_ledger,eb4b79320c746eb6acb77f2a88c80f800fdabf3d15fb85ac9279e4ac8409d600,True,950abb7913d3be6166ff2d8ebfabb8899f8c5b25396ded74a3091b542150ae7f,True,mapped
plan:03d8e63ad9b2b924a2dd61d885eeb7c2b1e5e6f6e89dde020085ea4f3b7042fd,4CED4/3F34F,TEXT,0,5',absent_from_canonical_evidence,0,{},expanded_instance_with_definition_and_parents_in_ledger,b39da2e7005e52f7f77fd658c0c1e793319f396bfcdc2a80a4af4d9a9e1e0e70,True,7007c40afef811997c37a08a8dbc49288d66f3f7ded710ecb1502fcca78592f6,True,mapped
plan:04037aca2fe2d0f5fafc993c568352cceeccb9bee5aa1c4234e5937a39e6b35d,4CE74/3F34C,TEXT,0,NP7,absent_from_canonical_evidence,0,{},expanded_instance_with_definition_and_parents_in_ledger,a5eb157176bb73918b8cd962d3db724781651ae40e4096ea9c316477fdcbfb13,True,099f79f3bd1b85c38c889313cf43601aa4acae882ed11d2c71359b4d05dd09ef,True,mapped
plan:042af045a33e80423e7f069e5cdebe5cf4f3e6c287d6c924284b9fac8c0ac01b,4CDDC/3F34C,TEXT,0,NP7,absent_from_canonical_evidence,0,{},expanded_instance_with_definition_and_parents_in_ledger,a5eb157176bb73918b8cd962d3db724781651ae40e4096ea9c316477fdcbfb13,True,d1bd239a2000a21de4d6c6d3db83a3db4dfe57af41fc78e18008dabc89af6ef2,True,mapped
plan:042d508bcd6dfabe1b65256c81c849d9b2e6b8068f767346ff1a046421721140,4CF4C/3F352,TEXT,0,NP9,absent_from_canonical_evidence,0,{},expanded_instance_with_definition_and_parents_in_ledger,414a107d0dd2555d8f98da20db776998a3929d363fd40d42baa0f033c58d3b4c,True,f7bf47f00b183e3262c3be229fb361b05bc79868f22613a707f36edc35aa35dc,True,mapped
plan:04359d3ca1b52228280c8b04a086d72103a1b093801c38677989201625157558,4CE94/4D110,TEXT,0,NP7,absent_from_canonical_evidence,0,{},expanded_instance_with_definition_and_parents_in_ledger,badee6318ffcd26819fafc6d683d714975d5f53724bdf69e83f22fc067a23a2c,True,0b8856a07dfaae36fb60617749f070a0d0075a608170f033666d9250317f2899,True,mapped
plan:049b9e67cf105128769074fca1d939294935b1b8d2771c736fe802d9f61af93e,4CEAC/3F357,TEXT,0,MTI,absent_from_canonical_evidence,0,{},expanded_instance_with_definition_and_parents_in_ledger,ff1ba06dde906639809567d79e2e21daa53383fe84a72be8c29a867b8789534e,True,15456f6652b8b0cf153d05e204c9feaac8dd55a8ddf93dd16a681bebf3dc3aa8,True,mapped
plan:052b1d32e0c758fcc0eb8b92e49390f9ae11ab64f92653e1b274919c73b7cfbc,4CEEC/4D113,TEXT,0,5',absent_from_canonical_evidence,0,{},expanded_instance_with_definition_and_parents_in_ledger,87e8205798eed99acc0d2246dfb6ee538bf9bd7f7f450804ffe02aa5b926593f,True,809e6eef123b15336a2c1e2b975471baadb221562b335034bed816e6b2a643a6,True,mapped
plan:05402b1546c72807eddb649218c0e9d128b92ad86601a250a23453825d451855,4CF8C/4D11B,TEXT,0,MTI,absent_from_canonical_evidence,0,{},expanded_instance_with_definition_and_parents_in_ledger,1fef41ba4d65e1bae50f06cadd5025ad5d2f7ea2975b9450cb46117d436a304d,True,339bfeb586f8e2f24be6322b657651b50d4c6f28158b8d12395c9f6760562279,True,mapped
plan:0544f8f4cc9405352a9aed3ec196ac9744e266673e2123e53ffb75ef3aaf61fa,4CE3C/4D11C,TEXT,0,"2,",absent_from_canonical_evidence,0,{},expanded_instance_with_definition_and_parents_in_ledger,188a72b335eb8c299848b6054d10fb74a5bf8c621eae49912e67729b582ec049,True,607bbbf8f25cbc2901c1f8784d4e063ccca30443f61c029953fbf882b61ec225,True,mapped
plan:05a584526de3e12d3b28eb2a1c4ba57adcf92f67fe22497abca50956ae7c8b17,4D2FD/2E68,ATTDEF,0,XXX,annotation,0,{},not_delivered_not_automatically_missing,c1e048c74bbeb0808175d1f63275ae29ba123e7b173a1e8e5527bc55ff852b7c,True,934a5a991c8ae6c953885c7bc88514752f65c06efbc2b16096b0cb3e076caadf,True,mapped
plan:06431ef188fee320429965cd94e61f2a62f932c07cf07a3823c77861c8508a55,4CDF4/3F34E,LWPOLYLINE,0,,absent_from_canonical_evidence,0,{},expanded_instance_with_definition_and_parents_in_ledger,eb4b79320c746eb6acb77f2a88c80f800fdabf3d15fb85ac9279e4ac8409d600,True,365b3fdd9d9a873e39d6b8033039cfe3d9451488545ef8b6df9238d2113a0522,True,mapped
plan:066cc8b5bc9a3a2d59cce0286d5ed88819766a0fbf6f751029ab76a3fcd4af72,4CEEC/4D10E,TEXT,0,NP7,absent_from_canonical_evidence,0,{},expanded_instance_with_definition_and_parents_in_ledger,ce249c2f0aaf07d1838f8a6ee37894488d2e4fc89f4a56dfa88bebc6cbb805bb,True,809e6eef123b15336a2c1e2b975471baadb221562b335034bed816e6b2a643a6,True,mapped
plan:071a76db92f559a238deaa62f4105a2eddabd40b3b32ffc5f109724dde6f0ffc,4CDD4/3F350,TEXT,0,3',absent_from_canonical_evidence,0,{},expanded_instance_with_definition_and_parents_in_ledger,457fbcedf425e95cf337b447f86a6c4d9215373a4c0b7ff2f887a6be20ad9a5b,True,b408b052e36811f9528244bba49af0545333661d4db2067d31cd412c16c4021a,True,mapped
plan:0767fd9bae1c4a283cea58f5f2e97add9af0a52f70afb9ae1335d2f91a1d057c,4CEC4/4D111,LWPOLYLINE,0,,absent_from_canonical_evidence,0,{},expanded_instance_with_definition_and_parents_in_ledger,450f6d435f11fd1ae339aa205d7c4aad6d78c64cc8cb462bb1e7c9c573893f53,True,042844c8cda9ac3a4f92ed0d6954c11170a8ce41ed2b36b2c1ddccc8aacfac90,True,mapped
plan:07a9d9ca752330ad00fcd0e13953ca403eae2e55d0aa9372a50e158cb17fd485,4D2FD/2E65,LWPOLYLINE,0,,absent_from_canonical_evidence,0,{},expanded_instance_with_definition_and_parents_in_ledger,315b63473bfd040ed86c91e882188e51371403c2325e7c9c46417d98056f0992,True,934a5a991c8ae6c953885c7bc88514752f65c06efbc2b16096b0cb3e076caadf,True,mapped
plan:07dfb7a5a7a710f4fb37a526ae033d28282d0d80eb13057ba2bc3bfb632745c1,4CDC4/3F353,TEXT,0,4',absent_from_canonical_evidence,0,{},expanded_instance_with_definition_and_parents_in_ledger,3150cea3120c3a06319bc0fd9dff5b254e041f026f7fbdc39d59f7dfe8904ecd,True,ded9a496ebe8f46c117a66ba83cd4b9dd52a7538eb227d298a40c1b253cd0408,True,mapped
plan:082327e7c37df323c105eaa5aa3a33c1272798ea9fcbf58515716f1b957652fa,4CF94/4D115,TEXT,0,FM,absent_from_canonical_evidence,0,{},expanded_instance_with_definition_and_parents_in_ledger,b89593c297a9ca82d3ad11fb33dffb3d34aa57e17f4cc790e7178c6c856bf7cf,True,58c6f0406eb0cfd84f90b93c7d3f2dfd4f4739242de967627147cd8f2310e04f,True,mapped
plan:093483e4c72e062fd432e10a91ddf2a8f41f514f97555add59d7d2750d7cc04c,4CE8C/3F34D,LWPOLYLINE,0,,absent_from_canonical_evidence,0,{},expanded_instance_with_definition_and_parents_in_ledger,3c130b24b3184d72e97b034dcfd697ddd1e49816921acaa8d7ee04fec1d7f382,True,e0d82448fd3bdb3f7e3d1bb80c21b1f6807a561d54430ed482b737a009694a45,True,mapped
plan:09c0ea5f497ee7b1dcbcb1e4593d4a6a82c36165bd5d71c6ea3c4225e6719696,4CEC4/4D115,TEXT,0,FM,absent_from_canonical_evidence,0,{},expanded_instance_with_definition_and_parents_in_ledger,b89593c297a9ca82d3ad11fb33dffb3d34aa57e17f4cc790e7178c6c856bf7cf,True,042844c8cda9ac3a4f92ed0d6954c11170a8ce41ed2b36b2c1ddccc8aacfac90,True,mapped
plan:09f26d7fd6983ec9933ef703f5a9d42df3bfe6716a2c61040dedc5fc8b87d93c,4CE5C/3F355,LWPOLYLINE,0,,absent_from_canonical_evidence,0,{},expanded_instance_with_definition_and_parents_in_ledger,5eee604297a501ce8829f5b6d8ba6c6319575b3aae3bc7f16ff302fb9425c773,True,de1a2e44aadb061601c42cbdc252b8c3a1ad9f33438a7a6f7974773856edb084,True,mapped
plan:09f60a616d8eb3952e2a71f47807eb0aee3706a95f554294a36ca1e9e9934968,4CF74/3F352,TEXT,0,NP9,absent_from_canonical_evidence,0,{},expanded_instance_with_definition_and_parents_in_ledger,414a107d0dd2555d8f98da20db776998a3929d363fd40d42baa0f033c58d3b4c,True,cae41a6793881ee67345e390dedc39e4d0c5f41582fffeda6e22fa6472211370,True,mapped
plan:0a3ce3b0a8f07383f00132ada9286d65caeb5428b91e0d0974b26195732fe9cf,4CEBC/4D10F,CIRCLE,0,,graphic_only,0,{},not_delivered_not_automatically_missing,5467a143204fe878122eea791ce308cc50be882c0ffa819f63dc04f410e049d7,True,35ade6bbc7e13fa4e43613caa0171f49cf10f4af719127b077041094ce23dd48,True,mapped
plan:0a7cce3f16681f8e540e1f66a05a3fe63256f49da3bffccf7b0483546dff2f4c,4CEEC/4D110,TEXT,0,NP7,absent_from_canonical_evidence,0,{},expanded_instance_with_definition_and_parents_in_ledger,badee6318ffcd26819fafc6d683d714975d5f53724bdf69e83f22fc067a23a2c,True,809e6eef123b15336a2c1e2b975471baadb221562b335034bed816e6b2a643a6,True,mapped
plan:0a84dbe02032f5352e21963551aa7ae0902efa9ec77f2618a1b506fcb5df09e9,4E29C/4C03D,LINE,LABEL CABLE,,absent_from_canonical_evidence,0,{},expanded_instance_with_definition_and_parents_in_ledger,3e82be383c3ed6bb136bc26529631bb70d8f5500f268f36bff46f4d9e319b31c,True,ee3adf9fa6ff2aef5b2d1732c149414e0f3daa2433329b6236aedbbe2d75d057,True,graphic_only
plan:0ad281808ec9328769ecc375ecef3e10398c789041cb1d6d0db3fb0e91e77836,4CDEC/4D119,LWPOLYLINE,0,,absent_from_canonical_evidence,0,{},expanded_instance_with_definition_and_parents_in_ledger,c9f7ece77019174e47b03754cb85c4547ebf4a910e2b2336e4aa6decc81016f0,True,41c80b2910be4ae803bc4f8fb378e4ae1b118ab1bf13d69147a803ca4a5520fe,True,mapped
plan:0af4d0c3b5b5c73099fb15e07634a000e4c21c6b1e0756b8e894f1620d296fc3,4CF14/3F354,CIRCLE,0,,graphic_only,0,{},not_delivered_not_automatically_missing,94306d1b822560f3f928eb88a6480e5f9832f3b037a3ad78db40b0479d8af86a,True,3342afe08260a237538d0a6d4054e6b0432f9c5d248d54d44353b8ded1122b4c,True,mapped
plan:0b6814cc2a5b9a5aef0fe5a920c67a66155bcc78dbf3cd59b9c345845880471e,4CFCF/4D10E,TEXT,0,NP7,absent_from_canonical_evidence,0,{},expanded_instance_with_definition_and_parents_in_ledger,ce249c2f0aaf07d1838f8a6ee37894488d2e4fc89f4a56dfa88bebc6cbb805bb,True,8f6257c387b26db4fc3d33da9195204e3e135d9ba0a098f1c05c190e359a0e64,True,mapped
plan:0b70d5cdc0d8c81efc5d74dc5f7e1d033257fa4aea8c53aa2758525cd44f2b6c,4E29C/4C03E,LINE,LABEL CABLE,,absent_from_canonical_evidence,0,{},expanded_instance_with_definition_and_parents_in_ledger,0b75d4082a178e361a73ba6de3cbb90f39e6a7f6e78bb43fdd52c7ea86b91a42,True,ee3adf9fa6ff2aef5b2d1732c149414e0f3daa2433329b6236aedbbe2d75d057,True,graphic_only
plan:0b846da7c85491b140b9a91cc125f119b81941b27fb4c5b3d108b232825da94c,4CEA4/4D10F,CIRCLE,0,,graphic_only,0,{},not_delivered_not_automatically_missing,5467a143204fe878122eea791ce308cc50be882c0ffa819f63dc04f410e049d7,True,49ea8fc10f50f32695447756c1dabf056183df76761c3c148543df64422a8f48,True,mapped
plan:0b8c2fe5a788d8107866191d6680c87c0137138590b2ddfee528a5930d512084,4CEA4/4D110,TEXT,0,NP7,absent_from_canonical_evidence,0,{},expanded_instance_with_definition_and_parents_in_ledger,badee6318ffcd26819fafc6d683d714975d5f53724bdf69e83f22fc067a23a2c,True,49ea8fc10f50f32695447756c1dabf056183df76761c3c148543df64422a8f48,True,mapped
plan:0bd7e5f64e4b96370f4ba772f88c330ed1a0d3e0987eb05745b62865b44f7bc3,4CED4/3F351,TEXT,0,FM,absent_from_canonical_evidence,0,{},expanded_instance_with_definition_and_parents_in_ledger,052f1b638d0fdc6fbdaed7c281bb6a5f54a33d5c01ed47955ec714064d7dc282,True,7007c40afef811997c37a08a8dbc49288d66f3f7ded710ecb1502fcca78592f6,True,mapped
plan:0bdce6338603bb1d1f63221d0e3998f875c4264b473795b5634e5800be94cb12,4CEAC/3F34B,CIRCLE,0,,graphic_only,0,{},not_delivered_not_automatically_missing,6bb38e8314c0d4fb879abcc4cf54743fa46c528158c6ad7bb5d9557c4c4fb535,True,15456f6652b8b0cf153d05e204c9feaac8dd55a8ddf93dd16a681bebf3dc3aa8,True,mapped
plan:0c4a77849625c4117ddd44ce35523d8a4477eb4f25fd012382eb0507d13c88e6,4E29B/4C02C,LINE,LABEL CABLE,,absent_from_canonical_evidence,0,{},expanded_instance_with_definition_and_parents_in_ledger,6c4382f82b22f065221ceccda5343cc1fe4e69146bfe222a9125b6c7e4008900,True,bd2d63173e3ecf3c0166c0411bbd8e9b72b3c9f3d5dbac24ff97cafc91ad4cba,True,graphic_only
plan:0cb09b7314a53bcd9ba40761009371e3da98e1f09cd01911eb34e050ee7a933d,4CF94/4D10F,CIRCLE,0,,graphic_only,0,{},not_delivered_not_automatically_missing,5467a143204fe878122eea791ce308cc50be882c0ffa819f63dc04f410e049d7,True,58c6f0406eb0cfd84f90b93c7d3f2dfd4f4739242de967627147cd8f2310e04f,True,mapped
plan:0cba1156bce1df41c55f815dcae59306aaef8c85518935336b88be41a50481af,4CED4/3F355,LWPOLYLINE,0,,absent_from_canonical_evidence,0,{},expanded_instance_with_definition_and_parents_in_ledger,5eee604297a501ce8829f5b6d8ba6c6319575b3aae3bc7f16ff302fb9425c773,True,7007c40afef811997c37a08a8dbc49288d66f3f7ded710ecb1502fcca78592f6,True,mapped
plan:0cedcc457be6449819c397e93563dc09b5dac255338911d4be2d00ca2afd7d1c,4CF0C/4D115,TEXT,0,FM,absent_from_canonical_evidence,0,{},expanded_instance_with_definition_and_parents_in_ledger,b89593c297a9ca82d3ad11fb33dffb3d34aa57e17f4cc790e7178c6c856bf7cf,True,72b5c48e95b8fbacf77ffa325062449dc776ab8861dec1e19b6ceef934860715,True,mapped
plan:0d1ca5f5db16496f15ee6acb23aaa2188ddbc2c9196a9a9401c18fd88ca3ae57,4CDDC/3F351,TEXT,0,FM,absent_from_canonical_evidence,0,{},expanded_instance_with_definition_and_parents_in_ledger,052f1b638d0fdc6fbdaed7c281bb6a5f54a33d5c01ed47955ec714064d7dc282,True,d1bd239a2000a21de4d6c6d3db83a3db4dfe57af41fc78e18008dabc89af6ef2,True,mapped
plan:0d61b5c30f9725b7e8dc7e52d08aab5ed6316f1e07348dbf6a6b042d9d6239a7,4CF1C/4D116,TEXT,0,NP9,absent_from_canonical_evidence,0,{},expanded_instance_with_definition_and_parents_in_ledger,8bd5ce7b2c44e9221febbf6eca028a661f9b7c758890c54966016b55702fe931,True,716b3e8b8cb9872dd2ca0d87029239af4411597a18d07128c2bf0b7bb9862a8d,True,mapped
plan:0d70d62fedc82551d643dcd9348a1e7f2155edb415602c054b9af4b2d6efc5d3,4CE24/3F350,TEXT,0,3',absent_from_canonical_evidence,0,{},expanded_instance_with_definition_and_parents_in_ledger,457fbcedf425e95cf337b447f86a6c4d9215373a4c0b7ff2f887a6be20ad9a5b,True,41444a0eb371965ec69478e20328d28bbc87a81b6cafa315077b23f57bcb9bf1,True,mapped
plan:0d7c26072dd21459c207e06394f2f59f33d8cc0645e6e607ea072fb053042793,4CF04/3F354,CIRCLE,0,,graphic_only,0,{},not_delivered_not_automatically_missing,94306d1b822560f3f928eb88a6480e5f9832f3b037a3ad78db40b0479d8af86a,True,81c005b9309f58524ce472f7c41ab8cb830e428e905fe20e9298d41397bafd19,True,mapped
plan:0da46d0c3cb3e7eb76429794f5ae78ba66f5bc0cbe75fd47ecc809b82e537c45,4CF1C/4D113,TEXT,0,5',absent_from_canonical_evidence,0,{},expanded_instance_with_definition_and_parents_in_ledger,87e8205798eed99acc0d2246dfb6ee538bf9bd7f7f450804ffe02aa5b926593f,True,716b3e8b8cb9872dd2ca0d87029239af4411597a18d07128c2bf0b7bb9862a8d,True,mapped
plan:0dce462c4022a9571d5dced93c1672954fb250f0ccc7fe59f2566434d7554b01,4CDEC/4D118,CIRCLE,0,,graphic_only,0,{},not_delivered_not_automatically_missing,0570c8e83b9520059623957b386079ab9f3c505ad1500819f9e267a7465b806c,True,41c80b2910be4ae803bc4f8fb378e4ae1b118ab1bf13d69147a803ca4a5520fe,True,mapped
plan:0dced2bdf643535adcfa69e4d715ec1e00fda5bfa8f5363eef1b7bd20d429162,4CF3C/3F34D,LWPOLYLINE,0,,absent_from_canonical_evidence,0,{},expanded_instance_with_definition_and_parents_in_ledger,3c130b24b3184d72e97b034dcfd697ddd1e49816921acaa8d7ee04fec1d7f382,True,ad9f47b2bba42d621eb6bde571ab74ea2c81016bb3f5e8ede6988de3efea4c2d,True,mapped
plan:0e02cc399bfdd2c22b2354d48cfb84ffbca142fe18754e2e6e6fca479abe330b,4CED4/3F34A,TEXT,0,NP7,absent_from_canonical_evidence,0,{},expanded_instance_with_definition_and_parents_in_ledger,cba0f256b48f099a69f7b031d01a7455fc01dd1e6837d4131f52d719a3490e6d,True,7007c40afef811997c37a08a8dbc49288d66f3f7ded710ecb1502fcca78592f6,True,mapped
plan:0e42e594637e32fac92b7f717b4d37e134cef60c729aece4b987314c3631a15f,4CF8C/4D114,TEXT,0,3',absent_from_canonical_evidence,0,{},expanded_instance_with_definition_and_parents_in_ledger,9b50908c64a894089d844b98e894fc1ff80e99c4f2f11db1a8fbf110e6022439,True,339bfeb586f8e2f24be6322b657651b50d4c6f28158b8d12395c9f6760562279,True,mapped
plan:0e575999338885e055d8a82ff494c77ad7bc3fc3a3fe41fa941ff2ad5dbd4a4d,4CFCF/4D110,TEXT,0,NP7,absent_from_canonical_evidence,0,{},expanded_instance_with_definition_and_parents_in_ledger,badee6318ffcd26819fafc6d683d714975d5f53724bdf69e83f22fc067a23a2c,True,8f6257c387b26db4fc3d33da9195204e3e135d9ba0a098f1c05c190e359a0e64,True,mapped
plan:0e5be90c3b2f9497799e8c199d8cc4b2c3ce7f62468a37775fbf83f4819effb9,4D325/2E64,LWPOLYLINE,0,,absent_from_canonical_evidence,0,{},expanded_instance_with_definition_and_parents_in_ledger,bb92c118cdb46d1992908bdebdef425caf80ac6ceb1e87d4295ba8d34ca13cfb,True,a2fd6dcf0b84defcb964a6d7340f29567990028330c410e9de49a66e2ee04ad2,True,mapped
plan:0e77dd7905224dcb8b5e8454a5ec9694a14c09af649eb865823ab152879886bc,4CDBC/3F353,TEXT,0,4',absent_from_canonical_evidence,0,{},expanded_instance_with_definition_and_parents_in_ledger,3150cea3120c3a06319bc0fd9dff5b254e041f026f7fbdc39d59f7dfe8904ecd,True,0c4e1061b8e9d0802d37528196bcae2ca9c4ce33644ef698a782b6491f1d334e,True,mapped
plan:0e7843eab18c9c38eea9f87788244be5ad7e46d6de6fdff3df68dbd1206b33d8,4E29B/4C02A,LINE,LABEL CABLE,,absent_from_canonical_evidence,0,{},expanded_instance_with_definition_and_parents_in_ledger,639698bbaae558a02bfb16df779c573ba1942f6ce6bff58d256eb0a2bc4632f3,True,bd2d63173e3ecf3c0166c0411bbd8e9b72b3c9f3d5dbac24ff97cafc91ad4cba,True,graphic_only
plan:0ea415aec0c5741b27e2eb51fd1d6a6d1675cbd06cd46f57d2496dbe823586ae,4CE74/3F34D,LWPOLYLINE,0,,absent_from_canonical_evidence,0,{},expanded_instance_with_definition_and_parents_in_ledger,3c130b24b3184d72e97b034dcfd697ddd1e49816921acaa8d7ee04fec1d7f382,True,099f79f3bd1b85c38c889313cf43601aa4acae882ed11d2c71359b4d05dd09ef,True,mapped
plan:0ea80a974b3a35f378b4a796726eddddb57490f7388598a4f319950eebde2fe7,4CE84/3F357,TEXT,0,MTI,absent_from_canonical_evidence,0,{},expanded_instance_with_definition_and_parents_in_ledger,ff1ba06dde906639809567d79e2e21daa53383fe84a72be8c29a867b8789534e,True,df9d67f310360d39692cd7cad8ec582ea5526dd0aaabc4c48cbc002cbc4202d4,True,mapped
plan:0ed4c64ffadaa054a07407ee61f4605cc81776fd7fb8cb919541821f3374a1a3,4E29D/4C038,LINE,LABEL CABLE,,absent_from_canonical_evidence,0,{},expanded_instance_with_definition_and_parents_in_ledger,7ea8280f4c0b83e827a390eab2d7527159cb516de4d2b46242def5c310e6cf19,True,37d9ba57e084b23b16f94c06d3ec4c1f1198bacc8228b50c46923dc0a02a77da,True,graphic_only
plan:0f5c0f3368583fda0598143b1bd6c53618a1f130fa41a76b1457b55bca7e4fc0,4CDD4/3F358,TEXT,0,"2,",absent_from_canonical_evidence,0,{},expanded_instance_with_definition_and_parents_in_ledger,75030ddbcaf625eedb3cd5264361835e4ae6f1e709a642c4cb3a02001ba20c6f,True,b408b052e36811f9528244bba49af0545333661d4db2067d31cd412c16c4021a,True,mapped
plan:0f932cd6361acea3268fe38b676a015c4708faa2de0c5d60697ab69718f50b79,4D311/2E68,ATTDEF,0,XXX,annotation,0,{},not_delivered_not_automatically_missing,c1e048c74bbeb0808175d1f63275ae29ba123e7b173a1e8e5527bc55ff852b7c,True,b0573a40628e1326ffc201ba422a9dc2584c7f2aba1fad7f54a9cf3e52476250,True,mapped
plan:0fab8e88ad138fa89e4e86e65d80cf4d2a2ba621700e32c9336c811ac7f42b22,4D2F1/2E64,LWPOLYLINE,0,,absent_from_canonical_evidence,0,{},expanded_instance_with_definition_and_parents_in_ledger,bb92c118cdb46d1992908bdebdef425caf80ac6ceb1e87d4295ba8d34ca13cfb,True,d59478a10585bc3508678927bf46f0853965a6cd2be1891e8e37b0641a13967a,True,mapped
plan:0fc717908dda6658eb6b69ad8922c67e8d44eaf1ca8ce69eed0b1eb88a9b5d38,4CF4C/3F351,TEXT,0,FM,absent_from_canonical_evidence,0,{},expanded_instance_with_definition_and_parents_in_ledger,052f1b638d0fdc6fbdaed7c281bb6a5f54a33d5c01ed47955ec714064d7dc282,True,f7bf47f00b183e3262c3be229fb361b05bc79868f22613a707f36edc35aa35dc,True,mapped
plan:1061dab6b261e7e32c821a8e9ae71fe5c1f04622f3ef6c189d47af146ae18d7c,4CF4C/3F357,TEXT,0,MTI,absent_from_canonical_evidence,0,{},expanded_instance_with_definition_and_parents_in_ledger,ff1ba06dde906639809567d79e2e21daa53383fe84a72be8c29a867b8789534e,True,f7bf47f00b183e3262c3be229fb361b05bc79868f22613a707f36edc35aa35dc,True,mapped
plan:10c96e28ceb41fd89888fca79f368fad46e7fb131a9bf4c4327d34beff57ac9f,4CFC7/3F34D,LWPOLYLINE,0,,absent_from_canonical_evidence,0,{},expanded_instance_with_definition_and_parents_in_ledger,3c130b24b3184d72e97b034dcfd697ddd1e49816921acaa8d7ee04fec1d7f382,True,950abb7913d3be6166ff2d8ebfabb8899f8c5b25396ded74a3091b542150ae7f,True,mapped
plan:10eee48ef2b242049e06e742304c911a8e68f5c5dfbe36d35791d2d4ee3f6f15,4CF7C/3F350,TEXT,0,3',absent_from_canonical_evidence,0,{},expanded_instance_with_definition_and_parents_in_ledger,457fbcedf425e95cf337b447f86a6c4d9215373a4c0b7ff2f887a6be20ad9a5b,True,cac21d548ca26b99dc41759b1a5d756a9d8192d2ca7a10284a062761a06d1b3f,True,mapped
plan:1150daa85b98c62f8095194ddab3b4b8241e8cb2878a0b5be4feb700f79cae2f,4CEDC/4D118,CIRCLE,0,,graphic_only,0,{},not_delivered_not_automatically_missing,0570c8e83b9520059623957b386079ab9f3c505ad1500819f9e267a7465b806c,True,dc0ca8b82adfd1826598d6c86ed3de400d6bd9c62d949b9c96fa2ae52ee95a61,True,mapped
plan:119b6c6e2093901fd27ac71a76bd22d668dcbb338de3cd3680d5eae211cdb322,4CDDC/3F357,TEXT,0,MTI,absent_from_canonical_evidence,0,{},expanded_instance_with_definition_and_parents_in_ledger,ff1ba06dde906639809567d79e2e21daa53383fe84a72be8c29a867b8789534e,True,d1bd239a2000a21de4d6c6d3db83a3db4dfe57af41fc78e18008dabc89af6ef2,True,mapped
plan:11aa44a2cda691df804a1dca5cb2d96f28115a7bebc4f1d99b65edaaaaedeae5,4E29D/4C031,LINE,LABEL CABLE,,absent_from_canonical_evidence,0,{},expanded_instance_with_definition_and_parents_in_ledger,686248220d874c84eb5ae5847651e00751568783f1af3191528acfde05797ff2,True,37d9ba57e084b23b16f94c06d3ec4c1f1198bacc8228b50c46923dc0a02a77da,True,graphic_only
plan:121614310705557f76b16a1719f11dfb94cee0ed08c61943df7046844db4168c,4E29A/4C03C,LINE,LABEL CABLE,,absent_from_canonical_evidence,0,{},expanded_instance_with_definition_and_parents_in_ledger,ae48a20315c36e1e501cb4d20d1e191f2f9bc808db8b09077fdace67f2bbf72c,True,947a82a8a20bf71fe88f5d306d408ac01ee8476ff2b0f646b15dcceee8fe863a,True,graphic_only
plan:121b367ae910c0bbc1899d599c516ef11d72980773899f5a5addb8d97810895a,4CEBC/4D111,LWPOLYLINE,0,,absent_from_canonical_evidence,0,{},expanded_instance_with_definition_and_parents_in_ledger,450f6d435f11fd1ae339aa205d7c4aad6d78c64cc8cb462bb1e7c9c573893f53,True,35ade6bbc7e13fa4e43613caa0171f49cf10f4af719127b077041094ce23dd48,True,mapped
plan:125daa339f5ce95838fa610534bc44e70ceadea7924881dc4a56c37c6523dd1a,4CE9C/3F34D,LWPOLYLINE,0,,absent_from_canonical_evidence,0,{},expanded_instance_with_definition_and_parents_in_ledger,3c130b24b3184d72e97b034dcfd697ddd1e49816921acaa8d7ee04fec1d7f382,True,6b6180a7fe40abbe099421c3f65bff0956db9b442ce51b9c95f0af2e3b7be6c5,True,mapped
plan:12620e0958c68cd8e4801d25669602661009f2863b7ad87891eaec7358f46e9e,4CE6C/4D0E1,LWPOLYLINE,0,,absent_from_canonical_evidence,0,{},expanded_instance_with_definition_and_parents_in_ledger,93f42e1582a7638a1969697249ed44e0695654b535763fba5efb018aadbcc232,True,a366967dec954d307283a2c550bff5986bae7fb16b93e6dacaea604bb6bbceee,True,mapped
plan:12d34df9a8ab0960b874b9498ea1bb5cd45560ed8f600da43ecb653f814507f4,4CEEC/4D111,LWPOLYLINE,0,,absent_from_canonical_evidence,0,{},expanded_instance_with_definition_and_parents_in_ledger,450f6d435f11fd1ae339aa205d7c4aad6d78c64cc8cb462bb1e7c9c573893f53,True,809e6eef123b15336a2c1e2b975471baadb221562b335034bed816e6b2a643a6,True,mapped
plan:12ef1d6c037955934c06d1cf333c017c34ae776dd6ba6cb6c578dd6b07f02026,4E29C/4C028,LINE,LABEL CABLE,,absent_from_canonical_evidence,0,{},expanded_instance_with_definition_and_parents_in_ledger,56b2ab2706e59ad678bfcd529d274831d97fde4789280a15bbbce099ea6330b0,True,ee3adf9fa6ff2aef5b2d1732c149414e0f3daa2433329b6236aedbbe2d75d057,True,graphic_only
plan:130e0f9f5b877ebecd7b16daf8c104e8dc6df7c53e93e736e3c278a7b77c1fdf,4CE3C/4D11B,TEXT,0,MTI,absent_from_canonical_evidence,0,{},expanded_instance_with_definition_and_parents_in_ledger,1fef41ba4d65e1bae50f06cadd5025ad5d2f7ea2975b9450cb46117d436a304d,True,607bbbf8f25cbc2901c1f8784d4e063ccca30443f61c029953fbf882b61ec225,True,mapped
plan:131a96a6070821bbb4c506290daa908bdb2c3394e25e5f67619663c214fa2ec1,4CF14/3F34D,LWPOLYLINE,0,,absent_from_canonical_evidence,0,{},expanded_instance_with_definition_and_parents_in_ledger,3c130b24b3184d72e97b034dcfd697ddd1e49816921acaa8d7ee04fec1d7f382,True,3342afe08260a237538d0a6d4054e6b0432f9c5d248d54d44353b8ded1122b4c,True,mapped
plan:13559d0943158b5f534b23617b3e23ffbd4c6d7c0fe367268c187fcd019f53ef,4CDCC/3F357,TEXT,0,MTI,absent_from_canonical_evidence,0,{},expanded_instance_with_definition_and_parents_in_ledger,ff1ba06dde906639809567d79e2e21daa53383fe84a72be8c29a867b8789534e,True,efcb09f8e19235a1513d736d9fc615c7eda09de57fb02c002b3453bca20f3bc9,True,mapped
plan:13a2ee39d2bd8ccd2dad06d66b10f7353d1cba4741fb6e429a7ac415e27c3c67,4CDEC/4D11A,LWPOLYLINE,0,,absent_from_canonical_evidence,0,{},expanded_instance_with_definition_and_parents_in_ledger,7f2e1b6732c6aa3b206452573c8ff2b9a7a68b8ec87c1549c20f0c96df1678f7,True,41c80b2910be4ae803bc4f8fb378e4ae1b118ab1bf13d69147a803ca4a5520fe,True,mapped
plan:13b56aad488800486efb988c3f8405ab3da06a0893612aac3ba59e560f0fe857,4CDBC/3F34D,LWPOLYLINE,0,,absent_from_canonical_evidence,0,{},expanded_instance_with_definition_and_parents_in_ledger,3c130b24b3184d72e97b034dcfd697ddd1e49816921acaa8d7ee04fec1d7f382,True,0c4e1061b8e9d0802d37528196bcae2ca9c4ce33644ef698a782b6491f1d334e,True,mapped
plan:13d36b630446a42f805ec5845fa747699142b6bded00f195e8abd4646162844e,4D2F9/2E65,LWPOLYLINE,0,,absent_from_canonical_evidence,0,{},expanded_instance_with_definition_and_parents_in_ledger,315b63473bfd040ed86c91e882188e51371403c2325e7c9c46417d98056f0992,True,9b6687f7ce6bd634534e236b1abf228235d262b7dbce16277907074ffb16dfa1,True,mapped
plan:13df4fc0162013a9e6de9cf73c82337ada87fab29e5f767e8ac45f607442d759,4E29D/4C02B,LINE,LABEL CABLE,,absent_from_canonical_evidence,0,{},expanded_instance_with_definition_and_parents_in_ledger,b17bb9e1cff57fabc6c098e8cc01cef42ea13b01268cb4ffd8c08897dfdac16a,True,37d9ba57e084b23b16f94c06d3ec4c1f1198bacc8228b50c46923dc0a02a77da,True,graphic_only
plan:13dfdc3d834d4880021a73bba6713f6d89a0fe82bfb4386317bfd8e1cf7f724e,4CDBC/3F356,LWPOLYLINE,0,,absent_from_canonical_evidence,0,{},expanded_instance_with_definition_and_parents_in_ledger,5dc0b421eca7ad29a3eb1ef807168fd478a20640c85a7846a644720d694e141f,True,0c4e1061b8e9d0802d37528196bcae2ca9c4ce33644ef698a782b6491f1d334e,True,mapped
plan:1405aa94c85dbf62d934ebe84557f3b7e4d5255305220b2bd1bac3b04368f4be,4D32D/2E65,LWPOLYLINE,0,,absent_from_canonical_evidence,0,{},expanded_instance_with_definition_and_parents_in_ledger,315b63473bfd040ed86c91e882188e51371403c2325e7c9c46417d98056f0992,True,88d323082f90825ee1e475885bef3e58159cd6af1a4de3604fc3f98b8814b70b,True,mapped
plan:14fdeba9a37a5eb58d9948fab88c8693f40fb11e9a612b557097dc16a4ae1354,4E29B/4C037,LINE,LABEL CABLE,,absent_from_canonical_evidence,0,{},expanded_instance_with_definition_and_parents_in_ledger,629384cf8948ab7dd333f528c775f1e0f51a2db9a2919efdfb1a2d9cce3e39f4,True,bd2d63173e3ecf3c0166c0411bbd8e9b72b3c9f3d5dbac24ff97cafc91ad4cba,True,graphic_only
plan:1528998865687968e40abbd52293492a65a53d4e72dbc2d5de07028badad6a09,4E29D/4C033,MTEXT,LABEL CABLE,\pxsm1.5;{\W1.06772;MYREPUBLIC},absent_from_canonical_evidence,0,{},expanded_instance_with_definition_and_parents_in_ledger,d5c2f1e839516bc2215ea59e80ece5431545cc332dc5e12d299c81730632d017,True,37d9ba57e084b23b16f94c06d3ec4c1f1198bacc8228b50c46923dc0a02a77da,True,graphic_only
plan:1595494677a42c40bc5953145d6906146dd9c67925d65ef1941965bed85cf917,4D2F9/2E66,HATCH,0,,graphic_only,0,{},not_delivered_not_automatically_missing,0cd841bb19f4fbc9fada3d76fbc2c7904ad59db113909e3a3c416bb11ce671c9,True,9b6687f7ce6bd634534e236b1abf228235d262b7dbce16277907074ffb16dfa1,True,mapped
plan:15f1bec07f9480d2606bd541290020c7a4bc2691c7dbba761656ed53deffa385,4E29C/4C036,LINE,LABEL CABLE,,absent_from_canonical_evidence,0,{},expanded_instance_with_definition_and_parents_in_ledger,41bd25d2cfc0648e6f3a8f76dae1d8690a83a86899b81fbe1813bae58343d39e,True,ee3adf9fa6ff2aef5b2d1732c149414e0f3daa2433329b6236aedbbe2d75d057,True,graphic_only
plan:161401e3b76e8b99ea2b71944212467f7ac887d25491a8a4cc1d72b93ac0d9f3,4CF1C/4D11C,TEXT,0,"2,",absent_from_canonical_evidence,0,{},expanded_instance_with_definition_and_parents_in_ledger,188a72b335eb8c299848b6054d10fb74a5bf8c621eae49912e67729b582ec049,True,716b3e8b8cb9872dd2ca0d87029239af4411597a18d07128c2bf0b7bb9862a8d,True,mapped
plan:16203e44762c4a1fb3b11d270d6cda2b8da893480ffb3380e5327e7519f3cbf0,4CDCC/3F34C,TEXT,0,NP7,absent_from_canonical_evidence,0,{},expanded_instance_with_definition_and_parents_in_ledger,a5eb157176bb73918b8cd962d3db724781651ae40e4096ea9c316477fdcbfb13,True,efcb09f8e19235a1513d736d9fc615c7eda09de57fb02c002b3453bca20f3bc9,True,mapped
plan:1679954f840424e9e596876903e68066d5f337355b2d7265a3cf2330d272da30,4CE8C/3F358,TEXT,0,"2,",absent_from_canonical_evidence,0,{},expanded_instance_with_definition_and_parents_in_ledger,75030ddbcaf625eedb3cd5264361835e4ae6f1e709a642c4cb3a02001ba20c6f,True,e0d82448fd3bdb3f7e3d1bb80c21b1f6807a561d54430ed482b737a009694a45,True,mapped
plan:169195b7cb15e153fb882163dc1f23e93201b6ddeaab31f8de84343886ef428c,4CDD4/3F354,CIRCLE,0,,graphic_only,0,{},not_delivered_not_automatically_missing,94306d1b822560f3f928eb88a6480e5f9832f3b037a3ad78db40b0479d8af86a,True,b408b052e36811f9528244bba49af0545333661d4db2067d31cd412c16c4021a,True,mapped
plan:16a8eed534d09aa2981e3dfd39b27088797f70dcc416ff41d6174548e61faa75,4E29B/4C030,LINE,LABEL CABLE,,absent_from_canonical_evidence,0,{},expanded_instance_with_definition_and_parents_in_ledger,c971be53855fd639840b7defbd5b7e5cede652d94803c7ac902ce3db9ae26d82,True,bd2d63173e3ecf3c0166c0411bbd8e9b72b3c9f3d5dbac24ff97cafc91ad4cba,True,graphic_only
plan:16c0c7dfa96f0bd833334a3299316b6319d7c72f817ba57c4aaf558cf2514591,4CE14/4D10E,TEXT,0,NP7,absent_from_canonical_evidence,0,{},expanded_instance_with_definition_and_parents_in_ledger,ce249c2f0aaf07d1838f8a6ee37894488d2e4fc89f4a56dfa88bebc6cbb805bb,True,5973fad66deeec6d802fac53f27e1bf414bd7272788c0066111dc717d4ec1587,True,mapped
plan:16d1c95f979f39c099b6c0302f3e5592cfb1912466b5343c0ce45e18a7f3ccd9,4CF9C/3F34A,TEXT,0,NP7,absent_from_canonical_evidence,0,{},expanded_instance_with_definition_and_parents_in_ledger,cba0f256b48f099a69f7b031d01a7455fc01dd1e6837d4131f52d719a3490e6d,True,abe68b7124d7f04d48f400f6cea9065be071768b640fcf53b3d289c478b97c9e,True,mapped
plan:16e896656b867295c512ad0b725f1df275cd28f4c78fe31d4b98ddfd393c215d,4CE94/4D115,TEXT,0,FM,absent_from_canonical_evidence,0,{},expanded_instance_with_definition_and_parents_in_ledger,b89593c297a9ca82d3ad11fb33dffb3d34aa57e17f4cc790e7178c6c856bf7cf,True,0b8856a07dfaae36fb60617749f070a0d0075a608170f033666d9250317f2899,True,mapped
plan:16ee094885c1b099a28d0b98bb75002a0ae2b95345012d5d1aeae8051e98aa26,4D2FD/2E66,HATCH,0,,graphic_only,0,{},not_delivered_not_automatically_missing,0cd841bb19f4fbc9fada3d76fbc2c7904ad59db113909e3a3c416bb11ce671c9,True,934a5a991c8ae6c953885c7bc88514752f65c06efbc2b16096b0cb3e076caadf,True,mapped
plan:171a39968b50fea81874cfd704c17f2b2232dd216b572fd55b2b3185bef4b1ed,4CFCF/4D111,LWPOLYLINE,0,,absent_from_canonical_evidence,0,{},expanded_instance_with_definition_and_parents_in_ledger,450f6d435f11fd1ae339aa205d7c4aad6d78c64cc8cb462bb1e7c9c573893f53,True,8f6257c387b26db4fc3d33da9195204e3e135d9ba0a098f1c05c190e359a0e64,True,mapped
plan:172c9600f1222c7c27c29f07e200446eb1ca6529745a9cbc8841cbd629c12eab,4CE04/3F34B,CIRCLE,0,,graphic_only,0,{},not_delivered_not_automatically_missing,6bb38e8314c0d4fb879abcc4cf54743fa46c528158c6ad7bb5d9557c4c4fb535,True,4a2f55caec8f9245cb11b77ceee8c5654af597a94881b68213de7a0e104c5313,True,mapped
plan:1744e4bc6546d7e8729a3a4e844063cb702eeb92f8a51a04e5606a28d0a5ae72,4D305/2E66,HATCH,0,,graphic_only,0,{},not_delivered_not_automatically_missing,0cd841bb19f4fbc9fada3d76fbc2c7904ad59db113909e3a3c416bb11ce671c9,True,2eeea99c1082b4e621de6ede94b02abc50d2e279d88d6e49845fe649f70bff35,True,mapped
plan:1745503bb26d30d31a5ad3fb1d4ef35a280e0f814974baa5d2872bbe3a10c97f,4CE34/3F352,TEXT,0,NP9,absent_from_canonical_evidence,0,{},expanded_instance_with_definition_and_parents_in_ledger,414a107d0dd2555d8f98da20db776998a3929d363fd40d42baa0f033c58d3b4c,True,27589a013cc657df20593101079f55882437e77e487eb5ad5eef9b9b8472b8e8,True,mapped
plan:175af0f22c71335cc5457cbb26fbb3c3c245a15efc5205a7d2e52b0ca4d171e1,4CDC4/3F356,LWPOLYLINE,0,,absent_from_canonical_evidence,0,{},expanded_instance_with_definition_and_parents_in_ledger,5dc0b421eca7ad29a3eb1ef807168fd478a20640c85a7846a644720d694e141f,True,ded9a496ebe8f46c117a66ba83cd4b9dd52a7538eb227d298a40c1b253cd0408,True,mapped
plan:177deb8fd7946dccba0af5fadafb6f4a849234313cea4475a33db204b8dad305,4CEC4/4D11C,TEXT,0,"2,",absent_from_canonical_evidence,0,{},expanded_instance_with_definition_and_parents_in_ledger,188a72b335eb8c299848b6054d10fb74a5bf8c621eae49912e67729b582ec049,True,042844c8cda9ac3a4f92ed0d6954c11170a8ce41ed2b36b2c1ddccc8aacfac90,True,mapped
plan:184a3e830148bb8e6e5f26efa0b42b8dfe6166736df55a0e1808579358a8fad5,4D305/2E68,ATTDEF,0,XXX,annotation,0,{},not_delivered_not_automatically_missing,c1e048c74bbeb0808175d1f63275ae29ba123e7b173a1e8e5527bc55ff852b7c,True,2eeea99c1082b4e621de6ede94b02abc50d2e279d88d6e49845fe649f70bff35,True,mapped
plan:1947fec515cfbe12628fdda2e4374968e5474e7ca54d27074fc51408e65a6b2c,4CEA4/4D117,TEXT,0,4',absent_from_canonical_evidence,0,{},expanded_instance_with_definition_and_parents_in_ledger,36371714a1ed076d5dc758985b76858ac2ed7692bb46e5ef020f0060bb3bcc5d,True,49ea8fc10f50f32695447756c1dabf056183df76761c3c148543df64422a8f48,True,mapped
plan:1975f94d9bde78425104477c8079cc7dd47684c61cc66afe13147c0973643127,4CEEC/4D114,TEXT,0,3',absent_from_canonical_evidence,0,{},expanded_instance_with_definition_and_parents_in_ledger,9b50908c64a894089d844b98e894fc1ff80e99c4f2f11db1a8fbf110e6022439,True,809e6eef123b15336a2c1e2b975471baadb221562b335034bed816e6b2a643a6,True,mapped
plan:19a589c6c35d1a00ff9d6dc90f5c9877d8e4f2b087a888dc1f9af47ca44ac460,4CE1C/3F357,TEXT,0,MTI,absent_from_canonical_evidence,0,{},expanded_instance_with_definition_and_parents_in_ledger,ff1ba06dde906639809567d79e2e21daa53383fe84a72be8c29a867b8789534e,True,ff7632aaa9b368279ed333c645d875120ae2d61a8b580ce0c6c14d4023037808,True,mapped
plan:19b54ba53624cfdff56c766360c0deaefe8115426528c76ba1073fe139a59297,4E29D/4C039,LINE,LABEL CABLE,,absent_from_canonical_evidence,0,{},expanded_instance_with_definition_and_parents_in_ledger,e113dff9275180382f35f9aa74deb917678315d98978f7f31993f57559962d67,True,37d9ba57e084b23b16f94c06d3ec4c1f1198bacc8228b50c46923dc0a02a77da,True,graphic_only
plan:19e70ee7290fd0a410d1317c094fcca5c2e520afb1622b32d4466ebf4975d413,4CE24/3F355,LWPOLYLINE,0,,absent_from_canonical_evidence,0,{},expanded_instance_with_definition_and_parents_in_ledger,5eee604297a501ce8829f5b6d8ba6c6319575b3aae3bc7f16ff302fb9425c773,True,41444a0eb371965ec69478e20328d28bbc87a81b6cafa315077b23f57bcb9bf1,True,mapped
plan:19f5d82fa951c55506343c6b9f458c8ce960da73a77a478d9ebb9456d91d26e6,4D32D/2E66,HATCH,0,,graphic_only,0,{},not_delivered_not_automatically_missing,0cd841bb19f4fbc9fada3d76fbc2c7904ad59db113909e3a3c416bb11ce671c9,True,88d323082f90825ee1e475885bef3e58159cd6af1a4de3604fc3f98b8814b70b,True,mapped
plan:1a2395ec2752397eac0c2b25b231144ae985e7bbea71830d2e7e0699ca09d2ec,4D2F1/2E68,ATTDEF,0,XXX,annotation,0,{},not_delivered_not_automatically_missing,c1e048c74bbeb0808175d1f63275ae29ba123e7b173a1e8e5527bc55ff852b7c,True,d59478a10585bc3508678927bf46f0853965a6cd2be1891e8e37b0641a13967a,True,mapped
plan:1a438fc0c24afe08704e21330eafc0e432f31ae501415e338395793cb5825b18,4CE8C/3F34B,CIRCLE,0,,graphic_only,0,{},not_delivered_not_automatically_missing,6bb38e8314c0d4fb879abcc4cf54743fa46c528158c6ad7bb5d9557c4c4fb535,True,e0d82448fd3bdb3f7e3d1bb80c21b1f6807a561d54430ed482b737a009694a45,True,mapped
plan:1a504e938933dda3d77b193221b650700934913337cddd1427011e698437a5b0,4CF0C/4D110,TEXT,0,NP7,absent_from_canonical_evidence,0,{},expanded_instance_with_definition_and_parents_in_ledger,badee6318ffcd26819fafc6d683d714975d5f53724bdf69e83f22fc067a23a2c,True,72b5c48e95b8fbacf77ffa325062449dc776ab8861dec1e19b6ceef934860715,True,mapped
plan:1a5c92789acf7ee6e8b20d9e577eeccf5aeacdb44b757339621a8bb9e12dd3b7,4CE6C/4D0EB,TEXT,0,MTI,absent_from_canonical_evidence,0,{},expanded_instance_with_definition_and_parents_in_ledger,75be65a9d926ef16c7911c395dff594e7efd86b4a323f23c4e0be424457233db,True,a366967dec954d307283a2c550bff5986bae7fb16b93e6dacaea604bb6bbceee,True,mapped
plan:1a623a4ed329c5225ee9686908d59ac7bcec7069d347ad3450586ba4d2fcad51,4CEBC/4D113,TEXT,0,5',absent_from_canonical_evidence,0,{},expanded_instance_with_definition_and_parents_in_ledger,87e8205798eed99acc0d2246dfb6ee538bf9bd7f7f450804ffe02aa5b926593f,True,35ade6bbc7e13fa4e43613caa0171f49cf10f4af719127b077041094ce23dd48,True,mapped
plan:1a6a98670edbda2b6eb963f0c7ac6ef62a2287be4e78326a98b22115410d1c11,4CDE4/4D113,TEXT,0,5',absent_from_canonical_evidence,0,{},expanded_instance_with_definition_and_parents_in_ledger,87e8205798eed99acc0d2246dfb6ee538bf9bd7f7f450804ffe02aa5b926593f,True,29e795090d2074e1dabe69c29084fa1478c85c5b5b45f3ea3e72d07384325f97,True,mapped
plan:1a753a0fcc9452cf547e85d46d2a7be41cd655391a94708e75733e978d4a1af1,4E29D/4C030,LINE,LABEL CABLE,,absent_from_canonical_evidence,0,{},expanded_instance_with_definition_and_parents_in_ledger,c971be53855fd639840b7defbd5b7e5cede652d94803c7ac902ce3db9ae26d82,True,37d9ba57e084b23b16f94c06d3ec4c1f1198bacc8228b50c46923dc0a02a77da,True,graphic_only
plan:1a7e4abf16e4955aecb60d239c4ada8d70ae0b071c59654c61f169d95731f79b,4CDF4/3F34F,TEXT,0,5',absent_from_canonical_evidence,0,{},expanded_instance_with_definition_and_parents_in_ledger,b39da2e7005e52f7f77fd658c0c1e793319f396bfcdc2a80a4af4d9a9e1e0e70,True,365b3fdd9d9a873e39d6b8033039cfe3d9451488545ef8b6df9238d2113a0522,True,mapped
plan:1aaa5cbea3a9c8ef970372cc2ee97c14b50aaa63f95711239fe67fe1a2a06c94,4CE5C/3F34D,LWPOLYLINE,0,,absent_from_canonical_evidence,0,{},expanded_instance_with_definition_and_parents_in_ledger,3c130b24b3184d72e97b034dcfd697ddd1e49816921acaa8d7ee04fec1d7f382,True,de1a2e44aadb061601c42cbdc252b8c3a1ad9f33438a7a6f7974773856edb084,True,mapped
plan:1acbb722c379b78e15f95dfbc02e443f6374c4245aaacd9f2dcfe368aa33daaf,4CE64/3F34E,LWPOLYLINE,0,,absent_from_canonical_evidence,0,{},expanded_instance_with_definition_and_parents_in_ledger,eb4b79320c746eb6acb77f2a88c80f800fdabf3d15fb85ac9279e4ac8409d600,True,7ad13a1c8f016578132b2c3ec313e6f9341bd2b2aebeea3d2befe2644ea011f0,True,mapped
plan:1b3ddf9836bb78f7ca44bb08697587a9b88b432b0f1c9d2ea82db12c6ad5b958,4CE94/4D11C,TEXT,0,"2,",absent_from_canonical_evidence,0,{},expanded_instance_with_definition_and_parents_in_ledger,188a72b335eb8c299848b6054d10fb74a5bf8c621eae49912e67729b582ec049,True,0b8856a07dfaae36fb60617749f070a0d0075a608170f033666d9250317f2899,True,mapped
plan:1b557c05e79efd524a3905311bfee90675a4cf907b26367fe50cc577ba7a6d92,4CEE4/4D119,LWPOLYLINE,0,,absent_from_canonical_evidence,0,{},expanded_instance_with_definition_and_parents_in_ledger,c9f7ece77019174e47b03754cb85c4547ebf4a910e2b2336e4aa6decc81016f0,True,c9897f7ecabfaaa60b8f30880dfc568f37a7daaac45461813ee3fa7c46c61d6c,True,mapped
plan:1b7311ca8d9007d1c9d23077152a349da268529a38ce381f745904e7095ac999,4CF2C/4D115,TEXT,0,FM,absent_from_canonical_evidence,0,{},expanded_instance_with_definition_and_parents_in_ledger,b89593c297a9ca82d3ad11fb33dffb3d34aa57e17f4cc790e7178c6c856bf7cf,True,1168144963f726b9328faeb2c86189c2f0c8c2bd481e90f11182b1e01fb2f8c8,True,mapped
plan:1baea42e72116a02acfba4da6d4cc0fddefca512e721c03c8f54ff858ae94169,4CF14/3F352,TEXT,0,NP9,absent_from_canonical_evidence,0,{},expanded_instance_with_definition_and_parents_in_ledger,414a107d0dd2555d8f98da20db776998a3929d363fd40d42baa0f033c58d3b4c,True,3342afe08260a237538d0a6d4054e6b0432f9c5d248d54d44353b8ded1122b4c,True,mapped
plan:1bbc9dc118f4cbb227e8db8843a7dcdb80e089389b012670a661ed36fab1c39a,4CED4/3F353,TEXT,0,4',absent_from_canonical_evidence,0,{},expanded_instance_with_definition_and_parents_in_ledger,3150cea3120c3a06319bc0fd9dff5b254e041f026f7fbdc39d59f7dfe8904ecd,True,7007c40afef811997c37a08a8dbc49288d66f3f7ded710ecb1502fcca78592f6,True,mapped
plan:1bd1571a4504c6cfc7754863bb754b96fcbf9523b7152e89c23735ccd1a33c8e,4CF3C/3F34B,CIRCLE,0,,graphic_only,0,{},not_delivered_not_automatically_missing,6bb38e8314c0d4fb879abcc4cf54743fa46c528158c6ad7bb5d9557c4c4fb535,True,ad9f47b2bba42d621eb6bde571ab74ea2c81016bb3f5e8ede6988de3efea4c2d,True,mapped
plan:1befcf722a39c7a6940a97d4ed7cad298e6c7f996ef4a1e031854ea82e35dfc5,4CEEC/4D11C,TEXT,0,"2,",absent_from_canonical_evidence,0,{},expanded_instance_with_definition_and_parents_in_ledger,188a72b335eb8c299848b6054d10fb74a5bf8c621eae49912e67729b582ec049,True,809e6eef123b15336a2c1e2b975471baadb221562b335034bed816e6b2a643a6,True,mapped
plan:1c075953fb3cfa537e6540e29e41d9b58b6dc6b86addaee9a1da71e78d652a35,4CEB4/3F356,LWPOLYLINE,0,,absent_from_canonical_evidence,0,{},expanded_instance_with_definition_and_parents_in_ledger,5dc0b421eca7ad29a3eb1ef807168fd478a20640c85a7846a644720d694e141f,True,e74874a61942ab337a708554f764d4817740fed971f7ffd12565dc468195b1f6,True,mapped
plan:1c3a9a75a7d88f458fda97925762696b8827d86e4da777e8dc364b0e09582d70,4CF74/3F351,TEXT,0,FM,absent_from_canonical_evidence,0,{},expanded_instance_with_definition_and_parents_in_ledger,052f1b638d0fdc6fbdaed7c281bb6a5f54a33d5c01ed47955ec714064d7dc282,True,cae41a6793881ee67345e390dedc39e4d0c5f41582fffeda6e22fa6472211370,True,mapped
plan:1c49a9fa4414f2105a9519fb1291bd44024c15830b91472aca2b80294812fa57,4E29C/4C033,MTEXT,LABEL CABLE,\pxsm1.5;{\W1.06772;MYREPUBLIC},absent_from_canonical_evidence,0,{},expanded_instance_with_definition_and_parents_in_ledger,d5c2f1e839516bc2215ea59e80ece5431545cc332dc5e12d299c81730632d017,True,ee3adf9fa6ff2aef5b2d1732c149414e0f3daa2433329b6236aedbbe2d75d057,True,graphic_only
plan:1c59fb2f2018734b0fb46ef2af6e20011e2e502c7271d248ce7cceb3da7503d0,4CE4C/4D112,LWPOLYLINE,0,,absent_from_canonical_evidence,0,{},expanded_instance_with_definition_and_parents_in_ledger,2298a762023daef8f1e2d328c2f013b90b91092758bec0b093e6d859ed833ebd,True,fc10a96af2baf82e5734647f076b2484be5db2d2b442100136c457ec374b0478,True,mapped
plan:1c75601638e665e98bb012d3821f942c3ed7ad39887829994dd263d9bc881755,4CF0C/4D11A,LWPOLYLINE,0,,absent_from_canonical_evidence,0,{},expanded_instance_with_definition_and_parents_in_ledger,7f2e1b6732c6aa3b206452573c8ff2b9a7a68b8ec87c1549c20f0c96df1678f7,True,72b5c48e95b8fbacf77ffa325062449dc776ab8861dec1e19b6ceef934860715,True,mapped
plan:1cd4958d8e0fa2c4c360eb1b49f22e28b8474fa3e636757879bc9b9ca8df0ede,4CF3C/3F352,TEXT,0,NP9,absent_from_canonical_evidence,0,{},expanded_instance_with_definition_and_parents_in_ledger,414a107d0dd2555d8f98da20db776998a3929d363fd40d42baa0f033c58d3b4c,True,ad9f47b2bba42d621eb6bde571ab74ea2c81016bb3f5e8ede6988de3efea4c2d,True,mapped
plan:1d346566932e80e37f8db9f47e311697b354183b489f922533b9c0a62ed686f3,4CE54/3F357,TEXT,0,MTI,absent_from_canonical_evidence,0,{},expanded_instance_with_definition_and_parents_in_ledger,ff1ba06dde906639809567d79e2e21daa53383fe84a72be8c29a867b8789534e,True,5733052d6a69915732057fe6380ed41bc4462dbac367e35ff5acb6c87d91411d,True,mapped
plan:1d520b80933eccecd524ebf1eb48f24c65c430f36998db4aa44c51c97d3dc919,4E29A/4C029,LINE,LABEL CABLE,,absent_from_canonical_evidence,0,{},expanded_instance_with_definition_and_parents_in_ledger,b7b23b7c59208cbeb9d642ca040457e5a264fd78e4ab073d24d985e8e6fe5f4a,True,947a82a8a20bf71fe88f5d306d408ac01ee8476ff2b0f646b15dcceee8fe863a,True,graphic_only
plan:1d84302f93da302d2a184bd3970e1655503a18cd195cc6bb9fea50f0e0eee393,4CEBC/4D10E,TEXT,0,NP7,absent_from_canonical_evidence,0,{},expanded_instance_with_definition_and_parents_in_ledger,ce249c2f0aaf07d1838f8a6ee37894488d2e4fc89f4a56dfa88bebc6cbb805bb,True,35ade6bbc7e13fa4e43613caa0171f49cf10f4af719127b077041094ce23dd48,True,mapped
plan:1ddc54c5a8fdde48c8e702673d37c6e2c1082e4474dd0642478bfa20147e8e3a,4E29C/4C02F,LINE,LABEL CABLE,,absent_from_canonical_evidence,0,{},expanded_instance_with_definition_and_parents_in_ledger,7df0ed7822a97e719f612d828ce46c736e46a32b8257a7f842869d514ac6cc72,True,ee3adf9fa6ff2aef5b2d1732c149414e0f3daa2433329b6236aedbbe2d75d057,True,graphic_only
plan:1de5571a5f3ee37e30c1908054a43eb741765cbb80d5722360dc251f992be8b0,4CE5C/3F353,TEXT,0,4',absent_from_canonical_evidence,0,{},expanded_instance_with_definition_and_parents_in_ledger,3150cea3120c3a06319bc0fd9dff5b254e041f026f7fbdc39d59f7dfe8904ecd,True,de1a2e44aadb061601c42cbdc252b8c3a1ad9f33438a7a6f7974773856edb084,True,mapped
plan:1df9f966c673c7abd342adf490b04cb1a171f9b635b1264722d02f2e45a71537,4CF94/4D111,LWPOLYLINE,0,,absent_from_canonical_evidence,0,{},expanded_instance_with_definition_and_parents_in_ledger,450f6d435f11fd1ae339aa205d7c4aad6d78c64cc8cb462bb1e7c9c573893f53,True,58c6f0406eb0cfd84f90b93c7d3f2dfd4f4739242de967627147cd8f2310e04f,True,mapped
plan:1e44c22d7b7fe2f7c4a1fb0cc2d923b2b919aaf28a266179a10607424c566c50,4E29D/4C022,LINE,LABEL CABLE,,absent_from_canonical_evidence,0,{},expanded_instance_with_definition_and_parents_in_ledger,83559f9fdabe6949e147b0791dece13867c6f5f97cdde321ae9277988a52184d,True,37d9ba57e084b23b16f94c06d3ec4c1f1198bacc8228b50c46923dc0a02a77da,True,graphic_only
plan:1e60b94efee9bc11070539c26d560825b415176b8cb8fc48ae069aed23fbfd0e,4E29C/4C022,LINE,LABEL CABLE,,absent_from_canonical_evidence,0,{},expanded_instance_with_definition_and_parents_in_ledger,83559f9fdabe6949e147b0791dece13867c6f5f97cdde321ae9277988a52184d,True,ee3adf9fa6ff2aef5b2d1732c149414e0f3daa2433329b6236aedbbe2d75d057,True,graphic_only
plan:1ecb697fe8fec0bc9c5e908c7baed597b95ac0da7aaa8f8d051ab0615c926099,4CDF4/3F353,TEXT,0,4',absent_from_canonical_evidence,0,{},expanded_instance_with_definition_and_parents_in_ledger,3150cea3120c3a06319bc0fd9dff5b254e041f026f7fbdc39d59f7dfe8904ecd,True,365b3fdd9d9a873e39d6b8033039cfe3d9451488545ef8b6df9238d2113a0522,True,mapped
plan:1ef415eefcdfcdc8d542b8c0414279892bdde6f786bf5024bf29e50f0e3a6f23,4CE5C/3F357,TEXT,0,MTI,absent_from_canonical_evidence,0,{},expanded_instance_with_definition_and_parents_in_ledger,ff1ba06dde906639809567d79e2e21daa53383fe84a72be8c29a867b8789534e,True,de1a2e44aadb061601c42cbdc252b8c3a1ad9f33438a7a6f7974773856edb084,True,mapped
plan:1effc540a1e81a64b92b453e5d6d0bcc1ab4f44d08c3ca6b7219a37e494f4de2,4CDE4/4D118,CIRCLE,0,,graphic_only,0,{},not_delivered_not_automatically_missing,0570c8e83b9520059623957b386079ab9f3c505ad1500819f9e267a7465b806c,True,29e795090d2074e1dabe69c29084fa1478c85c5b5b45f3ea3e72d07384325f97,True,mapped
plan:203236d224ffcdc0644da8faec22f413c8eb960ba897a8548b7760e27c8e4b2a,4CE9C/3F34F,TEXT,0,5',absent_from_canonical_evidence,0,{},expanded_instance_with_definition_and_parents_in_ledger,b39da2e7005e52f7f77fd658c0c1e793319f396bfcdc2a80a4af4d9a9e1e0e70,True,6b6180a7fe40abbe099421c3f65bff0956db9b442ce51b9c95f0af2e3b7be6c5,True,mapped
plan:20630986a73a82962a3af6e7b2823c08f244ecc2ee80e3c5bc38d48ec95dfd1f,4CEBC/4D11C,TEXT,0,"2,",absent_from_canonical_evidence,0,{},expanded_instance_with_definition_and_parents_in_ledger,188a72b335eb8c299848b6054d10fb74a5bf8c621eae49912e67729b582ec049,True,35ade6bbc7e13fa4e43613caa0171f49cf10f4af719127b077041094ce23dd48,True,mapped
plan:208b68cb132ad0dba046580c83e1eb7b00033aa79a9e43d88e9da0cef15c6805,4CE14/4D10F,CIRCLE,0,,graphic_only,0,{},not_delivered_not_automatically_missing,5467a143204fe878122eea791ce308cc50be882c0ffa819f63dc04f410e049d7,True,5973fad66deeec6d802fac53f27e1bf414bd7272788c0066111dc717d4ec1587,True,mapped
plan:2137b76d6c021b38a8b680487c5dc786b9054c90651e5334150fd182dc35aa1d,4CE1C/3F354,CIRCLE,0,,graphic_only,0,{},not_delivered_not_automatically_missing,94306d1b822560f3f928eb88a6480e5f9832f3b037a3ad78db40b0479d8af86a,True,ff7632aaa9b368279ed333c645d875120ae2d61a8b580ce0c6c14d4023037808,True,mapped
plan:219be8bcdcf383efecc9f62fb38f9f9e33dc7b80eb95f37b2922f1d56fc79b9b,4CFC7/3F358,TEXT,0,"2,",absent_from_canonical_evidence,0,{},expanded_instance_with_definition_and_parents_in_ledger,75030ddbcaf625eedb3cd5264361835e4ae6f1e709a642c4cb3a02001ba20c6f,True,950abb7913d3be6166ff2d8ebfabb8899f8c5b25396ded74a3091b542150ae7f,True,mapped
plan:21ad635aa49c4dd1ecd370d412992e48b57fbda4426c963d3c599ad390a728d7,4CE8C/3F357,TEXT,0,MTI,absent_from_canonical_evidence,0,{},expanded_instance_with_definition_and_parents_in_ledger,ff1ba06dde906639809567d79e2e21daa53383fe84a72be8c29a867b8789534e,True,e0d82448fd3bdb3f7e3d1bb80c21b1f6807a561d54430ed482b737a009694a45,True,mapped
plan:21de175bcfe98567318fcc9b7c0fae292f1513e594495c8ad9434aeddf23469d,4CDE4/4D11C,TEXT,0,"2,",absent_from_canonical_evidence,0,{},expanded_instance_with_definition_and_parents_in_ledger,188a72b335eb8c299848b6054d10fb74a5bf8c621eae49912e67729b582ec049,True,29e795090d2074e1dabe69c29084fa1478c85c5b5b45f3ea3e72d07384325f97,True,mapped
plan:22067f7e70e026ada0855e8046f19ac95b240f90c44364567fbefec055866d0f,4CF9C/3F355,LWPOLYLINE,0,,absent_from_canonical_evidence,0,{},expanded_instance_with_definition_and_parents_in_ledger,5eee604297a501ce8829f5b6d8ba6c6319575b3aae3bc7f16ff302fb9425c773,True,abe68b7124d7f04d48f400f6cea9065be071768b640fcf53b3d289c478b97c9e,True,mapped
plan:223909f78d9fbebae0c55d8a5cb4f23ce251a4d5c07199efe269a8cced0df9e6,4CDF4/3F34A,TEXT,0,NP7,absent_from_canonical_evidence,0,{},expanded_instance_with_definition_and_parents_in_ledger,cba0f256b48f099a69f7b031d01a7455fc01dd1e6837d4131f52d719a3490e6d,True,365b3fdd9d9a873e39d6b8033039cfe3d9451488545ef8b6df9238d2113a0522,True,mapped
plan:228bca65f6f194ec4a98e188463d8eb784ae3063c532c783c1547555e6407281,4CDCC/3F358,TEXT,0,"2,",absent_from_canonical_evidence,0,{},expanded_instance_with_definition_and_parents_in_ledger,75030ddbcaf625eedb3cd5264361835e4ae6f1e709a642c4cb3a02001ba20c6f,True,efcb09f8e19235a1513d736d9fc615c7eda09de57fb02c002b3453bca20f3bc9,True,mapped
plan:22d58e1e4eb37a20f6b287c9d2c1ce82e7eeb00cf397dddd5d1567fd06d791f7,4CF7C/3F357,TEXT,0,MTI,absent_from_canonical_evidence,0,{},expanded_instance_with_definition_and_parents_in_ledger,ff1ba06dde906639809567d79e2e21daa53383fe84a72be8c29a867b8789534e,True,cac21d548ca26b99dc41759b1a5d756a9d8192d2ca7a10284a062761a06d1b3f,True,mapped
plan:22e65fc3ddfeb7c0143c7b30eb940bb0e9b6c9c6d7a2e469a8c5c284e03b47b2,4CEF4/4D11A,LWPOLYLINE,0,,absent_from_canonical_evidence,0,{},expanded_instance_with_definition_and_parents_in_ledger,7f2e1b6732c6aa3b206452573c8ff2b9a7a68b8ec87c1549c20f0c96df1678f7,True,e5f4ba071a0ef2cc9003b65924705f342c46538502d0b4f7b8fbfcedca1c0c38,True,mapped
plan:22e6d572b27d6ca799812175a275dda0c8810cb06e499020e363923fbfc7a42f,4CF1C/4D11B,TEXT,0,MTI,absent_from_canonical_evidence,0,{},expanded_instance_with_definition_and_parents_in_ledger,1fef41ba4d65e1bae50f06cadd5025ad5d2f7ea2975b9450cb46117d436a304d,True,716b3e8b8cb9872dd2ca0d87029239af4411597a18d07128c2bf0b7bb9862a8d,True,mapped
plan:23873f728ee1c81966f2e9954dac11f18df09b6a7aaa3bb3a6f41d87c46a2eff,4CDC4/3F358,TEXT,0,"2,",absent_from_canonical_evidence,0,{},expanded_instance_with_definition_and_parents_in_ledger,75030ddbcaf625eedb3cd5264361835e4ae6f1e709a642c4cb3a02001ba20c6f,True,ded9a496ebe8f46c117a66ba83cd4b9dd52a7538eb227d298a40c1b253cd0408,True,mapped
plan:23c508c79d02ffab7d291bb8222dfe0c2b05503d287a47291c88b7cb5835dd75,4CFCF/4D113,TEXT,0,5',absent_from_canonical_evidence,0,{},expanded_instance_with_definition_and_parents_in_ledger,87e8205798eed99acc0d2246dfb6ee538bf9bd7f7f450804ffe02aa5b926593f,True,8f6257c387b26db4fc3d33da9195204e3e135d9ba0a098f1c05c190e359a0e64,True,mapped
plan:23eb2fe6210a0c03e75129913d3be97a6f49dd7341eaef0995a877ef68de7a77,4CFC7/3F356,LWPOLYLINE,0,,absent_from_canonical_evidence,0,{},expanded_instance_with_definition_and_parents_in_ledger,5dc0b421eca7ad29a3eb1ef807168fd478a20640c85a7846a644720d694e141f,True,950abb7913d3be6166ff2d8ebfabb8899f8c5b25396ded74a3091b542150ae7f,True,mapped
plan:242bf25a6528804c9914f50889d93913a1169cea76846825dc75bd354e75ef50,4CFC7/3F34C,TEXT,0,NP7,absent_from_canonical_evidence,0,{},expanded_instance_with_definition_and_parents_in_ledger,a5eb157176bb73918b8cd962d3db724781651ae40e4096ea9c316477fdcbfb13,True,950abb7913d3be6166ff2d8ebfabb8899f8c5b25396ded74a3091b542150ae7f,True,mapped
plan:24d35bff7db49d4662ff8ebbcc2c557326b31411e7e0b5a6591403e3f75d538c,4E29B/4C035,LINE,LABEL CABLE,,absent_from_canonical_evidence,0,{},expanded_instance_with_definition_and_parents_in_ledger,606dd32be7d1b1e7e1621e4d4c290b39223bb9bd5c08d3615cc6d47ba39935ea,True,bd2d63173e3ecf3c0166c0411bbd8e9b72b3c9f3d5dbac24ff97cafc91ad4cba,True,graphic_only
plan:24ed1870c8cb83a3ff42d4ac6ac581ce8f20be2ea810b093ffd697406fe0c52a,4CFC7/3F353,TEXT,0,4',absent_from_canonical_evidence,0,{},expanded_instance_with_definition_and_parents_in_ledger,3150cea3120c3a06319bc0fd9dff5b254e041f026f7fbdc39d59f7dfe8904ecd,True,950abb7913d3be6166ff2d8ebfabb8899f8c5b25396ded74a3091b542150ae7f,True,mapped
plan:256e7a497b1c43c260d516c259f2558a4bc057512725a2fa41388019445f6587,4CE5C/3F34B,CIRCLE,0,,graphic_only,0,{},not_delivered_not_automatically_missing,6bb38e8314c0d4fb879abcc4cf54743fa46c528158c6ad7bb5d9557c4c4fb535,True,de1a2e44aadb061601c42cbdc252b8c3a1ad9f33438a7a6f7974773856edb084,True,mapped
plan:25a16b464a7ede5b53267314951d6e93ce0de076f6adcf0c94411a0c06cec169,4CEA4/4D115,TEXT,0,FM,absent_from_canonical_evidence,0,{},expanded_instance_with_definition_and_parents_in_ledger,b89593c297a9ca82d3ad11fb33dffb3d34aa57e17f4cc790e7178c6c856bf7cf,True,49ea8fc10f50f32695447756c1dabf056183df76761c3c148543df64422a8f48,True,mapped
plan:2739edea40ab26bb9e30fa4e35ec696a497a88559c15e1d10b914065bae5a3c5,4E29D/4C025,LINE,LABEL CABLE,,absent_from_canonical_evidence,0,{},expanded_instance_with_definition_and_parents_in_ledger,0c6d2128fcc359f9141c65d041c73ee8676fc1c22d51c7a562553fe7eb7523a4,True,37d9ba57e084b23b16f94c06d3ec4c1f1198bacc8228b50c46923dc0a02a77da,True,graphic_only
plan:2749e07e59f20b57b86ce48cf518f4de95eea7c2d556f5e7ddbe7e3499779e63,4CED4/3F34C,TEXT,0,NP7,absent_from_canonical_evidence,0,{},expanded_instance_with_definition_and_parents_in_ledger,a5eb157176bb73918b8cd962d3db724781651ae40e4096ea9c316477fdcbfb13,True,7007c40afef811997c37a08a8dbc49288d66f3f7ded710ecb1502fcca78592f6,True,mapped
plan:275ff80536fb8362c05a9b356f26f5cfd7cda5d5e1fd72a3aae7f6d482db17f4,4D339/2E64,LWPOLYLINE,0,,absent_from_canonical_evidence,0,{},expanded_instance_with_definition_and_parents_in_ledger,bb92c118cdb46d1992908bdebdef425caf80ac6ceb1e87d4295ba8d34ca13cfb,True,59b5c5316b36cf5d8c08fcdfef55bea560f735350d49156d14b5c642c3b00845,True,mapped
plan:279a944b131895a12d1e9ecff21d154d2554543be2f4f6cc5268c55f85298cc8,4CE9C/3F34C,TEXT,0,NP7,absent_from_canonical_evidence,0,{},expanded_instance_with_definition_and_parents_in_ledger,a5eb157176bb73918b8cd962d3db724781651ae40e4096ea9c316477fdcbfb13,True,6b6180a7fe40abbe099421c3f65bff0956db9b442ce51b9c95f0af2e3b7be6c5,True,mapped
plan:27ce0ad89597058cda4d856c579f1d0bb285a5e177012c6c603538e4788161fc,4CF74/3F357,TEXT,0,MTI,absent_from_canonical_evidence,0,{},expanded_instance_with_definition_and_parents_in_ledger,ff1ba06dde906639809567d79e2e21daa53383fe84a72be8c29a867b8789534e,True,cae41a6793881ee67345e390dedc39e4d0c5f41582fffeda6e22fa6472211370,True,mapped
plan:286d9f2abccedd06a6373b35949ce061f69cccd7729b28ac9eb08ce942c1cbf0,4D319/2E65,LWPOLYLINE,0,,absent_from_canonical_evidence,0,{},expanded_instance_with_definition_and_parents_in_ledger,315b63473bfd040ed86c91e882188e51371403c2325e7c9c46417d98056f0992,True,57432c3779436ff5c8984da171400918e940a4b12e0b5979b9e86ac4f22b27db,True,mapped
plan:28e8500890e0ee2c5b6729efbe91371608d84d296b09877d0ed58e36723bfc08,4CDEC/4D11B,TEXT,0,MTI,absent_from_canonical_evidence,0,{},expanded_instance_with_definition_and_parents_in_ledger,1fef41ba4d65e1bae50f06cadd5025ad5d2f7ea2975b9450cb46117d436a304d,True,41c80b2910be4ae803bc4f8fb378e4ae1b118ab1bf13d69147a803ca4a5520fe,True,mapped
plan:28fe10de5b5c1c78940a680d8d4b144952fd56a20fdbbc75a5a60d983b185657,4CEB4/3F352,TEXT,0,NP9,absent_from_canonical_evidence,0,{},expanded_instance_with_definition_and_parents_in_ledger,414a107d0dd2555d8f98da20db776998a3929d363fd40d42baa0f033c58d3b4c,True,e74874a61942ab337a708554f764d4817740fed971f7ffd12565dc468195b1f6,True,mapped
plan:2924e255b6d8a44ff91eabd30e6b006c03071f2b7cca4adee53ed1d27a6606a0,4CE74/3F34E,LWPOLYLINE,0,,absent_from_canonical_evidence,0,{},expanded_instance_with_definition_and_parents_in_ledger,eb4b79320c746eb6acb77f2a88c80f800fdabf3d15fb85ac9279e4ac8409d600,True,099f79f3bd1b85c38c889313cf43601aa4acae882ed11d2c71359b4d05dd09ef,True,mapped
plan:29d6ec182444a5f29189fefdc4b000cf70b8e7d228eb0b839474414fa7a6620b,4CF9C/3F34D,LWPOLYLINE,0,,absent_from_canonical_evidence,0,{},expanded_instance_with_definition_and_parents_in_ledger,3c130b24b3184d72e97b034dcfd697ddd1e49816921acaa8d7ee04fec1d7f382,True,abe68b7124d7f04d48f400f6cea9065be071768b640fcf53b3d289c478b97c9e,True,mapped
plan:2ac6bce4825a39f9c51f6740b1663b5aa50e8e49ff293e9a5e7c520eb4263e38,4E29C/4C031,LINE,LABEL CABLE,,absent_from_canonical_evidence,0,{},expanded_instance_with_definition_and_parents_in_ledger,686248220d874c84eb5ae5847651e00751568783f1af3191528acfde05797ff2,True,ee3adf9fa6ff2aef5b2d1732c149414e0f3daa2433329b6236aedbbe2d75d057,True,graphic_only
plan:2acdc3f5754f4369cc3e7c00cf9d68f5bcd7c8cb40b0198f5773d2ac0995023a,4CDEC/4D113,TEXT,0,5',absent_from_canonical_evidence,0,{},expanded_instance_with_definition_and_parents_in_ledger,87e8205798eed99acc0d2246dfb6ee538bf9bd7f7f450804ffe02aa5b926593f,True,41c80b2910be4ae803bc4f8fb378e4ae1b118ab1bf13d69147a803ca4a5520fe,True,mapped
plan:2b421bea9dc6794cf82646c23b1992a9ee27ccd1d8393daa4763d961ab051c2a,4CDCC/3F34A,TEXT,0,NP7,absent_from_canonical_evidence,0,{},expanded_instance_with_definition_and_parents_in_ledger,cba0f256b48f099a69f7b031d01a7455fc01dd1e6837d4131f52d719a3490e6d,True,efcb09f8e19235a1513d736d9fc615c7eda09de57fb02c002b3453bca20f3bc9,True,mapped
plan:2b45f96eb836bd22911cae352eef3ef75a61a77dc4993aef050b0107afe90d65,4CDD4/3F355,LWPOLYLINE,0,,absent_from_canonical_evidence,0,{},expanded_instance_with_definition_and_parents_in_ledger,5eee604297a501ce8829f5b6d8ba6c6319575b3aae3bc7f16ff302fb9425c773,True,b408b052e36811f9528244bba49af0545333661d4db2067d31cd412c16c4021a,True,mapped
plan:2bb5e73963fd0a781374ff729cf21190be38150a09c6cfead5514f90201c78b1,4CFC7/3F34A,TEXT,0,NP7,absent_from_canonical_evidence,0,{},expanded_instance_with_definition_and_parents_in_ledger,cba0f256b48f099a69f7b031d01a7455fc01dd1e6837d4131f52d719a3490e6d,True,950abb7913d3be6166ff2d8ebfabb8899f8c5b25396ded74a3091b542150ae7f,True,mapped
plan:2bbef2a424c84e1587c1d69165dad723c36065868b090c456c9ce81c9fb45035,4E29A/4C033,MTEXT,LABEL CABLE,\pxsm1.5;{\W1.06772;MYREPUBLIC},absent_from_canonical_evidence,0,{},expanded_instance_with_definition_and_parents_in_ledger,d5c2f1e839516bc2215ea59e80ece5431545cc332dc5e12d299c81730632d017,True,947a82a8a20bf71fe88f5d306d408ac01ee8476ff2b0f646b15dcceee8fe863a,True,graphic_only
plan:2bded48fa122b76ad8010ef6de19789374fd4efac35fd300f7165ce3c3434a7f,4CE84/3F353,TEXT,0,4',absent_from_canonical_evidence,0,{},expanded_instance_with_definition_and_parents_in_ledger,3150cea3120c3a06319bc0fd9dff5b254e041f026f7fbdc39d59f7dfe8904ecd,True,df9d67f310360d39692cd7cad8ec582ea5526dd0aaabc4c48cbc002cbc4202d4,True,mapped
plan:2bf28bf2fcaae9fa123493d85c816dc12cce122ef0c410f2e59d29c2331baeaa,4CF7C/3F351,TEXT,0,FM,absent_from_canonical_evidence,0,{},expanded_instance_with_definition_and_parents_in_ledger,052f1b638d0fdc6fbdaed7c281bb6a5f54a33d5c01ed47955ec714064d7dc282,True,cac21d548ca26b99dc41759b1a5d756a9d8192d2ca7a10284a062761a06d1b3f,True,mapped
plan:2bfa0b355dc1cb872b6c8eb5b54d54000a7b17cd2c00383695cbba2b8c3cf93a,4E29A/4C02B,LINE,LABEL CABLE,,absent_from_canonical_evidence,0,{},expanded_instance_with_definition_and_parents_in_ledger,b17bb9e1cff57fabc6c098e8cc01cef42ea13b01268cb4ffd8c08897dfdac16a,True,947a82a8a20bf71fe88f5d306d408ac01ee8476ff2b0f646b15dcceee8fe863a,True,graphic_only
plan:2c1f5961cb94f5b4a3f4ca28a750a39810e38d71d19b2369143b34d08434e8b8,4CEF4/4D11B,TEXT,0,MTI,absent_from_canonical_evidence,0,{},expanded_instance_with_definition_and_parents_in_ledger,1fef41ba4d65e1bae50f06cadd5025ad5d2f7ea2975b9450cb46117d436a304d,True,e5f4ba071a0ef2cc9003b65924705f342c46538502d0b4f7b8fbfcedca1c0c38,True,mapped
plan:2c4d2d6be9bfc5ba52b673838297470529c2f8291e242367f6d172f53fc0bbb4,4CE94/4D111,LWPOLYLINE,0,,absent_from_canonical_evidence,0,{},expanded_instance_with_definition_and_parents_in_ledger,450f6d435f11fd1ae339aa205d7c4aad6d78c64cc8cb462bb1e7c9c573893f53,True,0b8856a07dfaae36fb60617749f070a0d0075a608170f033666d9250317f2899,True,mapped
plan:2c7c6f19bcf6e5ae45a8d7298687de424bc7beb6bb682c182b05a92aa3901586,4CE54/3F356,LWPOLYLINE,0,,absent_from_canonical_evidence,0,{},expanded_instance_with_definition_and_parents_in_ledger,5dc0b421eca7ad29a3eb1ef807168fd478a20640c85a7846a644720d694e141f,True,5733052d6a69915732057fe6380ed41bc4462dbac367e35ff5acb6c87d91411d,True,mapped
plan:2cc8e30cd523f5ff231a7b7c26a11b34f44d00c97cd36e29a2657a9b9fc226c3,4CDC4/3F34B,CIRCLE,0,,graphic_only,0,{},not_delivered_not_automatically_missing,6bb38e8314c0d4fb879abcc4cf54743fa46c528158c6ad7bb5d9557c4c4fb535,True,ded9a496ebe8f46c117a66ba83cd4b9dd52a7538eb227d298a40c1b253cd0408,True,mapped
plan:2d132e9d5a643ff75201f8ad8248d6e0c0ae180350164e6609005b95bf531063,4E29A/4C024,LINE,LABEL CABLE,,absent_from_canonical_evidence,0,{},expanded_instance_with_definition_and_parents_in_ledger,b9e55bf8921fb597b07573a541292468ad97172ec1e07c10a93fa7c9a77e721d,True,947a82a8a20bf71fe88f5d306d408ac01ee8476ff2b0f646b15dcceee8fe863a,True,graphic_only
plan:2d6e7d6dbc73f73b47a7d1c493f6cff480d09cabe443576b3632a1f288e55af8,4CEF4/4D119,LWPOLYLINE,0,,absent_from_canonical_evidence,0,{},expanded_instance_with_definition_and_parents_in_ledger,c9f7ece77019174e47b03754cb85c4547ebf4a910e2b2336e4aa6decc81016f0,True,e5f4ba071a0ef2cc9003b65924705f342c46538502d0b4f7b8fbfcedca1c0c38,True,mapped
plan:2d8784ff61bb405db71dd12a3fd551dbb272edf06281fc579fdaf62aa62d1aef,4CF44/3F34B,CIRCLE,0,,graphic_only,0,{},not_delivered_not_automatically_missing,6bb38e8314c0d4fb879abcc4cf54743fa46c528158c6ad7bb5d9557c4c4fb535,True,270d1c5c4756523fc8a57cc50a53f9aa319e723d17abde30fbd34e7de564a3f7,True,mapped
plan:2e5383e9a7751e1a0f54ae427fb73e3fd281b64468d0d639cbabf9852e062ed0,4CF3C/3F355,LWPOLYLINE,0,,absent_from_canonical_evidence,0,{},expanded_instance_with_definition_and_parents_in_ledger,5eee604297a501ce8829f5b6d8ba6c6319575b3aae3bc7f16ff302fb9425c773,True,ad9f47b2bba42d621eb6bde571ab74ea2c81016bb3f5e8ede6988de3efea4c2d,True,mapped
plan:2e6d1b411651ade3330ca2a1e5384a838620174e97579fb19555f5a4ac7255ee,4CEAC/3F34F,TEXT,0,5',absent_from_canonical_evidence,0,{},expanded_instance_with_definition_and_parents_in_ledger,b39da2e7005e52f7f77fd658c0c1e793319f396bfcdc2a80a4af4d9a9e1e0e70,True,15456f6652b8b0cf153d05e204c9feaac8dd55a8ddf93dd16a681bebf3dc3aa8,True,mapped
plan:2e85c5eb4bf1d75d0ccc2cd903e317a9d5893b8428082eb9da0bc685ef967577,4D339/2E67,LWPOLYLINE,0,,absent_from_canonical_evidence,0,{},expanded_instance_with_definition_and_parents_in_ledger,b93a0becf34749f571acc539a1e6f9c65092d9c247b3be97560def8c152872eb,True,59b5c5316b36cf5d8c08fcdfef55bea560f735350d49156d14b5c642c3b00845,True,mapped
plan:2ec68559b7f5baff5642ccb5b5bbbb343a64dcfcffc1c386a39003c09d0c9521,4E299/4C034,LINE,LABEL CABLE,,absent_from_canonical_evidence,0,{},expanded_instance_with_definition_and_parents_in_ledger,77f98d4b423cd0018ff919ba2060db69c2b8a5f96fe3a192300a121842bd5b2c,True,a69bf93e367b94f03cfbcae61eb412a675406c9e1aa010778e7e2f7e7c1d4b19,True,graphic_only
plan:2ef50fd702beb112044cf9661d16d260fe08503b35a63da98094104de1ab43a1,4D341/2E67,LWPOLYLINE,0,,absent_from_canonical_evidence,0,{},expanded_instance_with_definition_and_parents_in_ledger,b93a0becf34749f571acc539a1e6f9c65092d9c247b3be97560def8c152872eb,True,bbac15d64dbb34ef25833be2fb9c1ccdb6e520ec23bd6f821fac0c0cac09a444,True,mapped
plan:2fa0ee7b289a9c2b88890e0c9fad5fbab1999406a0bc1ecaac221203f1ac28ab,4CDEC/4D112,LWPOLYLINE,0,,absent_from_canonical_evidence,0,{},expanded_instance_with_definition_and_parents_in_ledger,2298a762023daef8f1e2d328c2f013b90b91092758bec0b093e6d859ed833ebd,True,41c80b2910be4ae803bc4f8fb378e4ae1b118ab1bf13d69147a803ca4a5520fe,True,mapped
plan:2fc148837424b01e6d9515e912755c82efa8b1ed2eb226402ee1d0ff0e831249,4CF14/3F356,LWPOLYLINE,0,,absent_from_canonical_evidence,0,{},expanded_instance_with_definition_and_parents_in_ledger,5dc0b421eca7ad29a3eb1ef807168fd478a20640c85a7846a644720d694e141f,True,3342afe08260a237538d0a6d4054e6b0432f9c5d248d54d44353b8ded1122b4c,True,mapped
plan:3020cc9ea94341612b45d5adacfa605d976be4a5805f42baef6418f0a15236d6,4CE1C/3F353,TEXT,0,4',absent_from_canonical_evidence,0,{},expanded_instance_with_definition_and_parents_in_ledger,3150cea3120c3a06319bc0fd9dff5b254e041f026f7fbdc39d59f7dfe8904ecd,True,ff7632aaa9b368279ed333c645d875120ae2d61a8b580ce0c6c14d4023037808,True,mapped
plan:303f70f4fee538a86b2f5bb2d4b7b3d41e063246f57cd2ea4ac40dfb4a901e03,4CE9C/3F34A,TEXT,0,NP7,absent_from_canonical_evidence,0,{},expanded_instance_with_definition_and_parents_in_ledger,cba0f256b48f099a69f7b031d01a7455fc01dd1e6837d4131f52d719a3490e6d,True,6b6180a7fe40abbe099421c3f65bff0956db9b442ce51b9c95f0af2e3b7be6c5,True,mapped
plan:30a0ce790ea4997ecc9af6f1cec22addb00bc1a886ae51eed53fb313df60fb0e,4CE34/3F358,TEXT,0,"2,",absent_from_canonical_evidence,0,{},expanded_instance_with_definition_and_parents_in_ledger,75030ddbcaf625eedb3cd5264361835e4ae6f1e709a642c4cb3a02001ba20c6f,True,27589a013cc657df20593101079f55882437e77e487eb5ad5eef9b9b8472b8e8,True,mapped
plan:30f703b0398e06988db13ec00457ba7e465bc42b99b5969fe23c1d8c1ebcbcf9,4CF04/3F357,TEXT,0,MTI,absent_from_canonical_evidence,0,{},expanded_instance_with_definition_and_parents_in_ledger,ff1ba06dde906639809567d79e2e21daa53383fe84a72be8c29a867b8789534e,True,81c005b9309f58524ce472f7c41ab8cb830e428e905fe20e9298d41397bafd19,True,mapped
plan:311bd8135745d498f889e7df9372ca6a0588d7844faa5fd7928660aa74d720b2,4CF2C/4D10F,CIRCLE,0,,graphic_only,0,{},not_delivered_not_automatically_missing,5467a143204fe878122eea791ce308cc50be882c0ffa819f63dc04f410e049d7,True,1168144963f726b9328faeb2c86189c2f0c8c2bd481e90f11182b1e01fb2f8c8,True,mapped
plan:3133904242942465077d49871f14cf0079715b7c6af702b8c60ee9b982cefab6,4CE54/3F34E,LWPOLYLINE,0,,absent_from_canonical_evidence,0,{},expanded_instance_with_definition_and_parents_in_ledger,eb4b79320c746eb6acb77f2a88c80f800fdabf3d15fb85ac9279e4ac8409d600,True,5733052d6a69915732057fe6380ed41bc4462dbac367e35ff5acb6c87d91411d,True,mapped
plan:31536140bfce3a519ba840c53b45f857a0ab9011c2746401fe54710f4d2ba1eb,4CF54/4D117,TEXT,0,4',absent_from_canonical_evidence,0,{},expanded_instance_with_definition_and_parents_in_ledger,36371714a1ed076d5dc758985b76858ac2ed7692bb46e5ef020f0060bb3bcc5d,True,2d1ada332960d9966919845941661222c0188de112f6815688ec909495207b7f,True,mapped
plan:3181ebaf6937e1a0f80cd908476196cf4c4ba0b3a11e870fb9b078c2e911767c,4CF7C/3F34A,TEXT,0,NP7,absent_from_canonical_evidence,0,{},expanded_instance_with_definition_and_parents_in_ledger,cba0f256b48f099a69f7b031d01a7455fc01dd1e6837d4131f52d719a3490e6d,True,cac21d548ca26b99dc41759b1a5d756a9d8192d2ca7a10284a062761a06d1b3f,True,mapped
plan:318bd5246157fc2ccfd1393a62633f631ead56631b91dd1790ec1171d486c941,4CEAC/3F351,TEXT,0,FM,absent_from_canonical_evidence,0,{},expanded_instance_with_definition_and_parents_in_ledger,052f1b638d0fdc6fbdaed7c281bb6a5f54a33d5c01ed47955ec714064d7dc282,True,15456f6652b8b0cf153d05e204c9feaac8dd55a8ddf93dd16a681bebf3dc3aa8,True,mapped
plan:329a2df6f563a886b091f6e33af5aa824b77bc25d45f3c54e5df11d211a6666a,4CE04/3F34F,TEXT,0,5',absent_from_canonical_evidence,0,{},expanded_instance_with_definition_and_parents_in_ledger,b39da2e7005e52f7f77fd658c0c1e793319f396bfcdc2a80a4af4d9a9e1e0e70,True,4a2f55caec8f9245cb11b77ceee8c5654af597a94881b68213de7a0e104c5313,True,mapped
plan:33026de59bb1ad4ddc20b78683f101f6f568bd585b3c98a239197a0eddf2d8dd,4CEE4/4D112,LWPOLYLINE,0,,absent_from_canonical_evidence,0,{},expanded_instance_with_definition_and_parents_in_ledger,2298a762023daef8f1e2d328c2f013b90b91092758bec0b093e6d859ed833ebd,True,c9897f7ecabfaaa60b8f30880dfc568f37a7daaac45461813ee3fa7c46c61d6c,True,mapped
plan:33363f526f8313e65655bda39ca6454e752dca8a029ae5ab5d199085f0a6b468,4CEEC/4D115,TEXT,0,FM,absent_from_canonical_evidence,0,{},expanded_instance_with_definition_and_parents_in_ledger,b89593c297a9ca82d3ad11fb33dffb3d34aa57e17f4cc790e7178c6c856bf7cf,True,809e6eef123b15336a2c1e2b975471baadb221562b335034bed816e6b2a643a6,True,mapped
plan:337b588614c4431162a2cff2f6886f2dc1f4386002b74a8f47158f6ab42ca246,4CE6C/4D0E4,TEXT,0,3',absent_from_canonical_evidence,0,{},expanded_instance_with_definition_and_parents_in_ledger,1d9820fe9e9d99e1e37f9f53459a70bf2d740f153c664bcb6a74e3913c17e03b,True,a366967dec954d307283a2c550bff5986bae7fb16b93e6dacaea604bb6bbceee,True,mapped
plan:33eaed9b9516eecdb95f272d906327fcb45c091646127697bb505b708c9f9ce6,4CFC7/3F357,TEXT,0,MTI,absent_from_canonical_evidence,0,{},expanded_instance_with_definition_and_parents_in_ledger,ff1ba06dde906639809567d79e2e21daa53383fe84a72be8c29a867b8789534e,True,950abb7913d3be6166ff2d8ebfabb8899f8c5b25396ded74a3091b542150ae7f,True,mapped
plan:3467a2c6eeb8dcae41fa5f49b694873bfef0e8faac259bf203da08eee3f055ce,4CF7C/3F352,TEXT,0,NP9,absent_from_canonical_evidence,0,{},expanded_instance_with_definition_and_parents_in_ledger,414a107d0dd2555d8f98da20db776998a3929d363fd40d42baa0f033c58d3b4c,True,cac21d548ca26b99dc41759b1a5d756a9d8192d2ca7a10284a062761a06d1b3f,True,mapped
plan:347cf9d11c69409bb56f014fb099207299f8e2297cde6ca82d294efbbe307f47,4CE34/3F34F,TEXT,0,5',absent_from_canonical_evidence,0,{},expanded_instance_with_definition_and_parents_in_ledger,b39da2e7005e52f7f77fd658c0c1e793319f396bfcdc2a80a4af4d9a9e1e0e70,True,27589a013cc657df20593101079f55882437e77e487eb5ad5eef9b9b8472b8e8,True,mapped
plan:35114aa393ce86646378dc1e0a907703773a2a0e9c2094a37c845140a348b3b3,4CECC/3F357,TEXT,0,MTI,absent_from_canonical_evidence,0,{},expanded_instance_with_definition_and_parents_in_ledger,ff1ba06dde906639809567d79e2e21daa53383fe84a72be8c29a867b8789534e,True,f95825a238a31d1e32e28dc0b80e96d80ae5c0bf40909548e0048662869a3577,True,mapped
plan:35164f96a83887ee87f5a26e18e07036f35e78f19f418ae87aab41b8c000e2bb,4CDEC/4D110,TEXT,0,NP7,absent_from_canonical_evidence,0,{},expanded_instance_with_definition_and_parents_in_ledger,badee6318ffcd26819fafc6d683d714975d5f53724bdf69e83f22fc067a23a2c,True,41c80b2910be4ae803bc4f8fb378e4ae1b118ab1bf13d69147a803ca4a5520fe,True,mapped
plan:35643c8b76e185811dbc2d54a33bb0e481086ac46aded52ea44963f39481b09d,4CEA4/4D113,TEXT,0,5',absent_from_canonical_evidence,0,{},expanded_instance_with_definition_and_parents_in_ledger,87e8205798eed99acc0d2246dfb6ee538bf9bd7f7f450804ffe02aa5b926593f,True,49ea8fc10f50f32695447756c1dabf056183df76761c3c148543df64422a8f48,True,mapped
plan:35b7ab189ad4b14721a43b16a5de998b0bbeac30737fc4d361422d620d19c8d0,4CEBC/4D115,TEXT,0,FM,absent_from_canonical_evidence,0,{},expanded_instance_with_definition_and_parents_in_ledger,b89593c297a9ca82d3ad11fb33dffb3d34aa57e17f4cc790e7178c6c856bf7cf,True,35ade6bbc7e13fa4e43613caa0171f49cf10f4af719127b077041094ce23dd48,True,mapped
plan:35bc8daf1ad8088ab856f5a2c075ab40b9945e7aa6c8ef1ed23d98136f32efc4,4CE9C/3F34E,LWPOLYLINE,0,,absent_from_canonical_evidence,0,{},expanded_instance_with_definition_and_parents_in_ledger,eb4b79320c746eb6acb77f2a88c80f800fdabf3d15fb85ac9279e4ac8409d600,True,6b6180a7fe40abbe099421c3f65bff0956db9b442ce51b9c95f0af2e3b7be6c5,True,mapped
plan:35ca4dea92fcdb9422961ad11c30081d398389f5c3626e9a4652f72c5cb9dae5,4CF04/3F34E,LWPOLYLINE,0,,absent_from_canonical_evidence,0,{},expanded_instance_with_definition_and_parents_in_ledger,eb4b79320c746eb6acb77f2a88c80f800fdabf3d15fb85ac9279e4ac8409d600,True,81c005b9309f58524ce472f7c41ab8cb830e428e905fe20e9298d41397bafd19,True,mapped
plan:35e7d5493d328adc9ff928d342e802eda2dfc96a6ad902639708d12703c42a54,4CEA4/4D112,LWPOLYLINE,0,,absent_from_canonical_evidence,0,{},expanded_instance_with_definition_and_parents_in_ledger,2298a762023daef8f1e2d328c2f013b90b91092758bec0b093e6d859ed833ebd,True,49ea8fc10f50f32695447756c1dabf056183df76761c3c148543df64422a8f48,True,mapped
plan:36101a2f225013fc532d75f75c039a5a353b8ba33d6bff6cc56d7cec91b4046c,4CE4C/4D114,TEXT,0,3',absent_from_canonical_evidence,0,{},expanded_instance_with_definition_and_parents_in_ledger,9b50908c64a894089d844b98e894fc1ff80e99c4f2f11db1a8fbf110e6022439,True,fc10a96af2baf82e5734647f076b2484be5db2d2b442100136c457ec374b0478,True,mapped
plan:3663777df878c8633a89276885fb73181c634af25a2081e8828a58030b191c2d,4E29D/4C02F,LINE,LABEL CABLE,,absent_from_canonical_evidence,0,{},expanded_instance_with_definition_and_parents_in_ledger,7df0ed7822a97e719f612d828ce46c736e46a32b8257a7f842869d514ac6cc72,True,37d9ba57e084b23b16f94c06d3ec4c1f1198bacc8228b50c46923dc0a02a77da,True,graphic_only
plan:36684aef62e57d363712d6254132760af91db310d0da77ba5fedfda4308b6139,4CEA4/4D10E,TEXT,0,NP7,absent_from_canonical_evidence,0,{},expanded_instance_with_definition_and_parents_in_ledger,ce249c2f0aaf07d1838f8a6ee37894488d2e4fc89f4a56dfa88bebc6cbb805bb,True,49ea8fc10f50f32695447756c1dabf056183df76761c3c148543df64422a8f48,True,mapped
plan:36e2b25b145171c8d6ac0df4db7083d9dd6257fff390eed2b5a251de4fad5553,4CF94/4D113,TEXT,0,5',absent_from_canonical_evidence,0,{},expanded_instance_with_definition_and_parents_in_ledger,87e8205798eed99acc0d2246dfb6ee538bf9bd7f7f450804ffe02aa5b926593f,True,58c6f0406eb0cfd84f90b93c7d3f2dfd4f4739242de967627147cd8f2310e04f,True,mapped
plan:36ebf5dffed0f5e14f03278242b99fc83f5123b9b3025c820db33162f4c78147,4CF7C/3F34F,TEXT,0,5',absent_from_canonical_evidence,0,{},expanded_instance_with_definition_and_parents_in_ledger,b39da2e7005e52f7f77fd658c0c1e793319f396bfcdc2a80a4af4d9a9e1e0e70,True,cac21d548ca26b99dc41759b1a5d756a9d8192d2ca7a10284a062761a06d1b3f,True,mapped
plan:36f3ceca84d6a2d8a6b6b35c738130d84b9209a7e598ef370561d6c92e6feb13,4CDCC/3F34D,LWPOLYLINE,0,,absent_from_canonical_evidence,0,{},expanded_instance_with_definition_and_parents_in_ledger,3c130b24b3184d72e97b034dcfd697ddd1e49816921acaa8d7ee04fec1d7f382,True,efcb09f8e19235a1513d736d9fc615c7eda09de57fb02c002b3453bca20f3bc9,True,mapped
plan:3706fb7ccd234ed29298a223dd331d364d0c0debd799f5ba5164eb19d2df1455,4CF7C/3F356,LWPOLYLINE,0,,absent_from_canonical_evidence,0,{},expanded_instance_with_definition_and_parents_in_ledger,5dc0b421eca7ad29a3eb1ef807168fd478a20640c85a7846a644720d694e141f,True,cac21d548ca26b99dc41759b1a5d756a9d8192d2ca7a10284a062761a06d1b3f,True,mapped
plan:3759c39b3e04175b928ca9f427d5f3e497c4da99e97148c8b2747de81d595182,4D309/2E65,LWPOLYLINE,0,,absent_from_canonical_evidence,0,{},expanded_instance_with_definition_and_parents_in_ledger,315b63473bfd040ed86c91e882188e51371403c2325e7c9c46417d98056f0992,True,58febb9da223bdd4e66aea678bb711f62ce9815e35332b814f334234e484a675,True,mapped
plan:37e14cb1599c6b808938634c6aedfc1e710ccdf859b3ec086c5c35d6d1ec3ad5,4CDD4/3F34B,CIRCLE,0,,graphic_only,0,{},not_delivered_not_automatically_missing,6bb38e8314c0d4fb879abcc4cf54743fa46c528158c6ad7bb5d9557c4c4fb535,True,b408b052e36811f9528244bba49af0545333661d4db2067d31cd412c16c4021a,True,mapped
plan:3829f4e5fc8b0baeabc38ed982ea44515d51d0a651da8c811d50cb533bf2bee6,4E299/4C039,LINE,LABEL CABLE,,absent_from_canonical_evidence,0,{},expanded_instance_with_definition_and_parents_in_ledger,e113dff9275180382f35f9aa74deb917678315d98978f7f31993f57559962d67,True,a69bf93e367b94f03cfbcae61eb412a675406c9e1aa010778e7e2f7e7c1d4b19,True,graphic_only
plan:38fcb84536911da4b2272074ac69612eb8962638a038d57f183b514ab6c407d2,4CDD4/3F34C,TEXT,0,NP7,absent_from_canonical_evidence,0,{},expanded_instance_with_definition_and_parents_in_ledger,a5eb157176bb73918b8cd962d3db724781651ae40e4096ea9c316477fdcbfb13,True,b408b052e36811f9528244bba49af0545333661d4db2067d31cd412c16c4021a,True,mapped
plan:38ff8b8571cfb63d15ac8be1b07e864c8f3bc6bde99a3d6b6d428905f9d96d7d,4E29A/4C02D,LINE,LABEL CABLE,,absent_from_canonical_evidence,0,{},expanded_instance_with_definition_and_parents_in_ledger,c223b558856d6c30f5cad1e18489b3ef23b5d5c4098dbab48ddb1e5f7eaed84a,True,947a82a8a20bf71fe88f5d306d408ac01ee8476ff2b0f646b15dcceee8fe863a,True,graphic_only
plan:39081abb3cc6532946e46cdd0142626da6553ea8351dbd517bc0ac020c2290ba,4E299/4C02B,LINE,LABEL CABLE,,absent_from_canonical_evidence,0,{},expanded_instance_with_definition_and_parents_in_ledger,b17bb9e1cff57fabc6c098e8cc01cef42ea13b01268cb4ffd8c08897dfdac16a,True,a69bf93e367b94f03cfbcae61eb412a675406c9e1aa010778e7e2f7e7c1d4b19,True,graphic_only
plan:3923337dbc77b91ddae03b696e9fc86dfcc21019fda8a8c98363128cf65a8925,4CE1C/3F34B,CIRCLE,0,,graphic_only,0,{},not_delivered_not_automatically_missing,6bb38e8314c0d4fb879abcc4cf54743fa46c528158c6ad7bb5d9557c4c4fb535,True,ff7632aaa9b368279ed333c645d875120ae2d61a8b580ce0c6c14d4023037808,True,mapped
plan:39367409985d9350aea0ff8bd9d8062aa89b822a7376aae2e2590f6cee441120,4E299/4C03F,LINE,LABEL CABLE,,absent_from_canonical_evidence,0,{},expanded_instance_with_definition_and_parents_in_ledger,e14093fd913a858300c1a9acbc700b08cf84a7e3d8a6c9a0f25095bd649eb7fc,True,a69bf93e367b94f03cfbcae61eb412a675406c9e1aa010778e7e2f7e7c1d4b19,True,graphic_only
plan:394d61670889500ab93fa80fc11ca26fc43d135da189f6ef1928ec883a2ab70d,4CE24/3F34E,LWPOLYLINE,0,,absent_from_canonical_evidence,0,{},expanded_instance_with_definition_and_parents_in_ledger,eb4b79320c746eb6acb77f2a88c80f800fdabf3d15fb85ac9279e4ac8409d600,True,41444a0eb371965ec69478e20328d28bbc87a81b6cafa315077b23f57bcb9bf1,True,mapped
plan:39880651033c508776e770b124e8bc7d4addd89b54c1773f9bd533fff6f7c525,4CE54/3F34D,LWPOLYLINE,0,,absent_from_canonical_evidence,0,{},expanded_instance_with_definition_and_parents_in_ledger,3c130b24b3184d72e97b034dcfd697ddd1e49816921acaa8d7ee04fec1d7f382,True,5733052d6a69915732057fe6380ed41bc4462dbac367e35ff5acb6c87d91411d,True,mapped
plan:39de6dde99560c742e0921ddb524ec37cc502fa8182a5b4216a39c6cfc026c6e,4CF54/4D11B,TEXT,0,MTI,absent_from_canonical_evidence,0,{},expanded_instance_with_definition_and_parents_in_ledger,1fef41ba4d65e1bae50f06cadd5025ad5d2f7ea2975b9450cb46117d436a304d,True,2d1ada332960d9966919845941661222c0188de112f6815688ec909495207b7f,True,mapped
plan:39e7c00c1b70f9b18b92b6c2a87237df3b75e72c4828bee4105eab5648d5e12b,4CDD4/3F34E,LWPOLYLINE,0,,absent_from_canonical_evidence,0,{},expanded_instance_with_definition_and_parents_in_ledger,eb4b79320c746eb6acb77f2a88c80f800fdabf3d15fb85ac9279e4ac8409d600,True,b408b052e36811f9528244bba49af0545333661d4db2067d31cd412c16c4021a,True,mapped
plan:3aba87a119c69738e5d2561fdde34f3e1f5eb5cc421c861defc9fd14ebd13dba,4CE14/4D110,TEXT,0,NP7,absent_from_canonical_evidence,0,{},expanded_instance_with_definition_and_parents_in_ledger,badee6318ffcd26819fafc6d683d714975d5f53724bdf69e83f22fc067a23a2c,True,5973fad66deeec6d802fac53f27e1bf414bd7272788c0066111dc717d4ec1587,True,mapped
plan:3ad756d86345acb82cb994ddc941c10946e52f9940d7f6aae720ff7469436fac,4CE04/3F351,TEXT,0,FM,absent_from_canonical_evidence,0,{},expanded_instance_with_definition_and_parents_in_ledger,052f1b638d0fdc6fbdaed7c281bb6a5f54a33d5c01ed47955ec714064d7dc282,True,4a2f55caec8f9245cb11b77ceee8c5654af597a94881b68213de7a0e104c5313,True,mapped
plan:3b1e0838969114555129d8fdd894d21d85223b9fe2e64f89d67668c021ca3a9a,4CEDC/4D117,TEXT,0,4',absent_from_canonical_evidence,0,{},expanded_instance_with_definition_and_parents_in_ledger,36371714a1ed076d5dc758985b76858ac2ed7692bb46e5ef020f0060bb3bcc5d,True,dc0ca8b82adfd1826598d6c86ed3de400d6bd9c62d949b9c96fa2ae52ee95a61,True,mapped
plan:3b2030da76f13fd076104b8522856c6429395aa7143bed67a50de4fc51c1ea20,4D335/2E67,LWPOLYLINE,0,,absent_from_canonical_evidence,0,{},expanded_instance_with_definition_and_parents_in_ledger,b93a0becf34749f571acc539a1e6f9c65092d9c247b3be97560def8c152872eb,True,074cb05db899d4c71acfda15936163f5283bc11f2e4de8ca6a22658d4bde69e0,True,mapped
plan:3b5f6209a9a9c82dad1c5db4b69b40e30286514358a98429d290d7008bc7d40a,4CF14/3F34E,LWPOLYLINE,0,,absent_from_canonical_evidence,0,{},expanded_instance_with_definition_and_parents_in_ledger,eb4b79320c746eb6acb77f2a88c80f800fdabf3d15fb85ac9279e4ac8409d600,True,3342afe08260a237538d0a6d4054e6b0432f9c5d248d54d44353b8ded1122b4c,True,mapped
plan:3bb12c1ea3d6ea31ac851c177ba8f43fc43071f1b3708fbab97928474a13d53d,4CE9C/3F354,CIRCLE,0,,graphic_only,0,{},not_delivered_not_automatically_missing,94306d1b822560f3f928eb88a6480e5f9832f3b037a3ad78db40b0479d8af86a,True,6b6180a7fe40abbe099421c3f65bff0956db9b442ce51b9c95f0af2e3b7be6c5,True,mapped
plan:3c1dae6c04b4db7ad8335726cc8afcee7e384f58e04dafa554472b3e39d28004,4CEE4/4D115,TEXT,0,FM,absent_from_canonical_evidence,0,{},expanded_instance_with_definition_and_parents_in_ledger,b89593c297a9ca82d3ad11fb33dffb3d34aa57e17f4cc790e7178c6c856bf7cf,True,c9897f7ecabfaaa60b8f30880dfc568f37a7daaac45461813ee3fa7c46c61d6c,True,mapped
plan:3c28c5a919476d74198ac164d1d2a67b28189e578462d474f33b3a8a69cfa27b,4CF94/4D11A,LWPOLYLINE,0,,absent_from_canonical_evidence,0,{},expanded_instance_with_definition_and_parents_in_ledger,7f2e1b6732c6aa3b206452573c8ff2b9a7a68b8ec87c1549c20f0c96df1678f7,True,58c6f0406eb0cfd84f90b93c7d3f2dfd4f4739242de967627147cd8f2310e04f,True,mapped
plan:3c818aaa8a7f58f0e0921ed4de42d109a1e9e1e3388f828785d327dc3a919a4a,4CDCC/3F351,TEXT,0,FM,absent_from_canonical_evidence,0,{},expanded_instance_with_definition_and_parents_in_ledger,052f1b638d0fdc6fbdaed7c281bb6a5f54a33d5c01ed47955ec714064d7dc282,True,efcb09f8e19235a1513d736d9fc615c7eda09de57fb02c002b3453bca20f3bc9,True,mapped
plan:3c88ea3f475c8988048e9f6f5ef62536e2dc783c8c5511a29b4d758f1858e82a,4CDC4/3F354,CIRCLE,0,,graphic_only,0,{},not_delivered_not_automatically_missing,94306d1b822560f3f928eb88a6480e5f9832f3b037a3ad78db40b0479d8af86a,True,ded9a496ebe8f46c117a66ba83cd4b9dd52a7538eb227d298a40c1b253cd0408,True,mapped
plan:3ca817025d4577a48a9c06af8b12fcb3a69a4e894de3f2e5c34e1f9724c9cc12,4CE84/3F34E,LWPOLYLINE,0,,absent_from_canonical_evidence,0,{},expanded_instance_with_definition_and_parents_in_ledger,eb4b79320c746eb6acb77f2a88c80f800fdabf3d15fb85ac9279e4ac8409d600,True,df9d67f310360d39692cd7cad8ec582ea5526dd0aaabc4c48cbc002cbc4202d4,True,mapped
plan:3cf1a46eb44381e32fc8c36673770e8085d7e8a5c9b63cae117025ac0bcc5dfa,4E299/4C03E,LINE,LABEL CABLE,,absent_from_canonical_evidence,0,{},expanded_instance_with_definition_and_parents_in_ledger,0b75d4082a178e361a73ba6de3cbb90f39e6a7f6e78bb43fdd52c7ea86b91a42,True,a69bf93e367b94f03cfbcae61eb412a675406c9e1aa010778e7e2f7e7c1d4b19,True,graphic_only
plan:3d0417442b00e60c2f3d29f8304b6aec85f4f72601caa23acaa7274be1cd0bba,4CEE4/4D114,TEXT,0,3',absent_from_canonical_evidence,0,{},expanded_instance_with_definition_and_parents_in_ledger,9b50908c64a894089d844b98e894fc1ff80e99c4f2f11db1a8fbf110e6022439,True,c9897f7ecabfaaa60b8f30880dfc568f37a7daaac45461813ee3fa7c46c61d6c,True,mapped
plan:3d323db92a74006895fcc0d4be90d7391a69f92d8391cef6160d972014b54321,4E29B/4C02E,LINE,LABEL CABLE,,absent_from_canonical_evidence,0,{},expanded_instance_with_definition_and_parents_in_ledger,ed3e051fac59b90ad3f75dff78f699af9b919cab6f0592c056964c7817bee8ae,True,bd2d63173e3ecf3c0166c0411bbd8e9b72b3c9f3d5dbac24ff97cafc91ad4cba,True,graphic_only
plan:3d7a54f9b59b848c2bc6e25d7a810f65f5e6268696aaf4fe96e353bc4985b648,4CECC/3F356,LWPOLYLINE,0,,absent_from_canonical_evidence,0,{},expanded_instance_with_definition_and_parents_in_ledger,5dc0b421eca7ad29a3eb1ef807168fd478a20640c85a7846a644720d694e141f,True,f95825a238a31d1e32e28dc0b80e96d80ae5c0bf40909548e0048662869a3577,True,mapped
plan:3ddf8c2c36fda5abba14f9f51d0984c3edf2ff9222df1ebc351b88203fa091aa,4CF4C/3F353,TEXT,0,4',absent_from_canonical_evidence,0,{},expanded_instance_with_definition_and_parents_in_ledger,3150cea3120c3a06319bc0fd9dff5b254e041f026f7fbdc39d59f7dfe8904ecd,True,f7bf47f00b183e3262c3be229fb361b05bc79868f22613a707f36edc35aa35dc,True,mapped
plan:3e68062040a807c817d61079c3b2568a37d722a23fcbd62c29405c9b5c0768f2,4D321/2E66,HATCH,0,,graphic_only,0,{},not_delivered_not_automatically_missing,0cd841bb19f4fbc9fada3d76fbc2c7904ad59db113909e3a3c416bb11ce671c9,True,6c1110f2ec026d268d1ce39284db25d5970d9248e4a80f8e39d85f391a264b90,True,mapped
plan:3e75d58f9e1d172dfe67cb5f3dfe87d96e7dc85e0c521ef8b3e91ec3997c9052,4E299/4C03D,LINE,LABEL CABLE,,absent_from_canonical_evidence,0,{},expanded_instance_with_definition_and_parents_in_ledger,3e82be383c3ed6bb136bc26529631bb70d8f5500f268f36bff46f4d9e319b31c,True,a69bf93e367b94f03cfbcae61eb412a675406c9e1aa010778e7e2f7e7c1d4b19,True,graphic_only
plan:3e8fe69eb1fc1669454133c857a67ed2f7765c719db855c33ba1da437e1afc9e,4CEC4/4D110,TEXT,0,NP7,absent_from_canonical_evidence,0,{},expanded_instance_with_definition_and_parents_in_ledger,badee6318ffcd26819fafc6d683d714975d5f53724bdf69e83f22fc067a23a2c,True,042844c8cda9ac3a4f92ed0d6954c11170a8ce41ed2b36b2c1ddccc8aacfac90,True,mapped
plan:3ebe52f577ea1ba7944e5b37c2172b40dbb8a0225075c36eacd7917a90bd0ef5,4CEEC/4D117,TEXT,0,4',absent_from_canonical_evidence,0,{},expanded_instance_with_definition_and_parents_in_ledger,36371714a1ed076d5dc758985b76858ac2ed7692bb46e5ef020f0060bb3bcc5d,True,809e6eef123b15336a2c1e2b975471baadb221562b335034bed816e6b2a643a6,True,mapped
plan:3f0d09369befdafd0e58b39c90faf100c4c9f303ad9e2e1ed5f07f90634311ef,4CF14/3F353,TEXT,0,4',absent_from_canonical_evidence,0,{},expanded_instance_with_definition_and_parents_in_ledger,3150cea3120c3a06319bc0fd9dff5b254e041f026f7fbdc39d59f7dfe8904ecd,True,3342afe08260a237538d0a6d4054e6b0432f9c5d248d54d44353b8ded1122b4c,True,mapped
plan:3f1542dc669162a0d14121ec5d31175f057db318f88f7718438dca8c85c0cacb,4E299/4C030,LINE,LABEL CABLE,,absent_from_canonical_evidence,0,{},expanded_instance_with_definition_and_parents_in_ledger,c971be53855fd639840b7defbd5b7e5cede652d94803c7ac902ce3db9ae26d82,True,a69bf93e367b94f03cfbcae61eb412a675406c9e1aa010778e7e2f7e7c1d4b19,True,graphic_only
plan:3f454194ed4a8eced49d88427b8b9de03136069e1669ad374c65ced5130835b5,4CED4/3F357,TEXT,0,MTI,absent_from_canonical_evidence,0,{},expanded_instance_with_definition_and_parents_in_ledger,ff1ba06dde906639809567d79e2e21daa53383fe84a72be8c29a867b8789534e,True,7007c40afef811997c37a08a8dbc49288d66f3f7ded710ecb1502fcca78592f6,True,mapped
plan:3f4981ff985fbcce721688ad7f72d3626dfa424599b5306756ccf2111482e7b3,4CF4C/3F355,LWPOLYLINE,0,,absent_from_canonical_evidence,0,{},expanded_instance_with_definition_and_parents_in_ledger,5eee604297a501ce8829f5b6d8ba6c6319575b3aae3bc7f16ff302fb9425c773,True,f7bf47f00b183e3262c3be229fb361b05bc79868f22613a707f36edc35aa35dc,True,mapped
plan:3f8aab90e97001bf4c5b91e55cd90bbdf6466505603f59f3c615f608862f5a14,4CF4C/3F34B,CIRCLE,0,,graphic_only,0,{},not_delivered_not_automatically_missing,6bb38e8314c0d4fb879abcc4cf54743fa46c528158c6ad7bb5d9557c4c4fb535,True,f7bf47f00b183e3262c3be229fb361b05bc79868f22613a707f36edc35aa35dc,True,mapped
plan:3ff99bca10e81e44d779a31b9eee59f48c8d6a4b775458f318781bc225521a9e,4CE84/3F34A,TEXT,0,NP7,absent_from_canonical_evidence,0,{},expanded_instance_with_definition_and_parents_in_ledger,cba0f256b48f099a69f7b031d01a7455fc01dd1e6837d4131f52d719a3490e6d,True,df9d67f310360d39692cd7cad8ec582ea5526dd0aaabc4c48cbc002cbc4202d4,True,mapped
plan:40231aff6e851324033ae721032d9f6aaba769687a5b1bd82afd1a2e823be505,4CDBC/3F34F,TEXT,0,5',absent_from_canonical_evidence,0,{},expanded_instance_with_definition_and_parents_in_ledger,b39da2e7005e52f7f77fd658c0c1e793319f396bfcdc2a80a4af4d9a9e1e0e70,True,0c4e1061b8e9d0802d37528196bcae2ca9c4ce33644ef698a782b6491f1d334e,True,mapped
plan:40250be841fba9ef2f6cdc3c72bc505dbbdcf34f4fc89a5f49a6a110287e583d,4CE8C/3F350,TEXT,0,3',absent_from_canonical_evidence,0,{},expanded_instance_with_definition_and_parents_in_ledger,457fbcedf425e95cf337b447f86a6c4d9215373a4c0b7ff2f887a6be20ad9a5b,True,e0d82448fd3bdb3f7e3d1bb80c21b1f6807a561d54430ed482b737a009694a45,True,mapped
plan:40329c67dd0464040b71e0192c411f9c8803f21ee15eaa974845a61030df9e97,4D301/2E66,HATCH,0,,graphic_only,0,{},not_delivered_not_automatically_missing,0cd841bb19f4fbc9fada3d76fbc2c7904ad59db113909e3a3c416bb11ce671c9,True,868537a801913118d2da5a65890e300b7b6dc53d16635e62ca2ea9f444c4ee6c,True,mapped
plan:4045c7e6fecefb9825168c69e7e9ecb5e4af08a7ed429765520ab071d0b1417a,4E29B/4C03C,LINE,LABEL CABLE,,absent_from_canonical_evidence,0,{},expanded_instance_with_definition_and_parents_in_ledger,ae48a20315c36e1e501cb4d20d1e191f2f9bc808db8b09077fdace67f2bbf72c,True,bd2d63173e3ecf3c0166c0411bbd8e9b72b3c9f3d5dbac24ff97cafc91ad4cba,True,graphic_only
plan:406832fa289ae99c244ab30d79e4c0e4faa3b657ee5fa2796f292c86c8a078dd,4E29A/4C032,MTEXT,LABEL CABLE,\pxsm1.5;{\W1.06772;LABEL CABLE},absent_from_canonical_evidence,0,{},expanded_instance_with_definition_and_parents_in_ledger,f202460f94af64bf419884601c139d2233303457632e569d548cbb21654b8b21,True,947a82a8a20bf71fe88f5d306d408ac01ee8476ff2b0f646b15dcceee8fe863a,True,graphic_only
plan:406f4875596b8011c6abed0b57dcf0cfc16230be18ae34f9762bf97a335f6bb5,4CDCC/3F34B,CIRCLE,0,,graphic_only,0,{},not_delivered_not_automatically_missing,6bb38e8314c0d4fb879abcc4cf54743fa46c528158c6ad7bb5d9557c4c4fb535,True,efcb09f8e19235a1513d736d9fc615c7eda09de57fb02c002b3453bca20f3bc9,True,mapped
plan:409f361efe322af71cc8589673c70936bd49a181b4b9fc0b39743a89106b1e27,4CE4C/4D10F,CIRCLE,0,,graphic_only,0,{},not_delivered_not_automatically_missing,5467a143204fe878122eea791ce308cc50be882c0ffa819f63dc04f410e049d7,True,fc10a96af2baf82e5734647f076b2484be5db2d2b442100136c457ec374b0478,True,mapped
plan:40ce90e420b637d0f038c42d4571301255fd6c15d06f686e1656089c650d8729,4CF94/4D112,LWPOLYLINE,0,,absent_from_canonical_evidence,0,{},expanded_instance_with_definition_and_parents_in_ledger,2298a762023daef8f1e2d328c2f013b90b91092758bec0b093e6d859ed833ebd,True,58c6f0406eb0cfd84f90b93c7d3f2dfd4f4739242de967627147cd8f2310e04f,True,mapped
plan:40f77f06b1f55a18b97b6154c2eb03811e5170d9053b3582599fda99b8c98c2d,4CF8C/4D10E,TEXT,0,NP7,absent_from_canonical_evidence,0,{},expanded_instance_with_definition_and_parents_in_ledger,ce249c2f0aaf07d1838f8a6ee37894488d2e4fc89f4a56dfa88bebc6cbb805bb,True,339bfeb586f8e2f24be6322b657651b50d4c6f28158b8d12395c9f6760562279,True,mapped
plan:41017bb4f7aff24ecd787baaa71e104fb3e4ecfce2524fe992054f1aa93ed341,4E29C/4C032,MTEXT,LABEL CABLE,\pxsm1.5;{\W1.06772;LABEL CABLE},absent_from_canonical_evidence,0,{},expanded_instance_with_definition_and_parents_in_ledger,f202460f94af64bf419884601c139d2233303457632e569d548cbb21654b8b21,True,ee3adf9fa6ff2aef5b2d1732c149414e0f3daa2433329b6236aedbbe2d75d057,True,graphic_only
plan:413b97427c3342ff5f61d2ea9334c5cafd69ae4c723e38d05c27a97b0dbde112,4CDEC/4D115,TEXT,0,FM,absent_from_canonical_evidence,0,{},expanded_instance_with_definition_and_parents_in_ledger,b89593c297a9ca82d3ad11fb33dffb3d34aa57e17f4cc790e7178c6c856bf7cf,True,41c80b2910be4ae803bc4f8fb378e4ae1b118ab1bf13d69147a803ca4a5520fe,True,mapped
plan:415f7c2828cc56d5f9b3e905a82933d66784f8a90eed66e1a85d8f6b1204ba2e,4CEC4/4D114,TEXT,0,3',absent_from_canonical_evidence,0,{},expanded_instance_with_definition_and_parents_in_ledger,9b50908c64a894089d844b98e894fc1ff80e99c4f2f11db1a8fbf110e6022439,True,042844c8cda9ac3a4f92ed0d6954c11170a8ce41ed2b36b2c1ddccc8aacfac90,True,mapped
plan:4171c00c87dfaea6463a0751eb57e08aec982816d98062006ce9e647de6b58e3,4CE6C/4D0E0,TEXT,0,NP7,absent_from_canonical_evidence,0,{},expanded_instance_with_definition_and_parents_in_ledger,4d2acdd2ad4e17f8292112442520c0b9d0083a00ee14290a6570bbf8626f4d0b,True,a366967dec954d307283a2c550bff5986bae7fb16b93e6dacaea604bb6bbceee,True,mapped
plan:4182dd4694139a5d3887360bd72406e45301206b2a6b4b6c88b634e5f14c13bf,4CF1C/4D110,TEXT,0,NP7,absent_from_canonical_evidence,0,{},expanded_instance_with_definition_and_parents_in_ledger,badee6318ffcd26819fafc6d683d714975d5f53724bdf69e83f22fc067a23a2c,True,716b3e8b8cb9872dd2ca0d87029239af4411597a18d07128c2bf0b7bb9862a8d,True,mapped
plan:41cfe39be3949718823375c5a4fd74df3a8fee2839cad5d26c23ebd570f9f24d,4CE1C/3F34E,LWPOLYLINE,0,,absent_from_canonical_evidence,0,{},expanded_instance_with_definition_and_parents_in_ledger,eb4b79320c746eb6acb77f2a88c80f800fdabf3d15fb85ac9279e4ac8409d600,True,ff7632aaa9b368279ed333c645d875120ae2d61a8b580ce0c6c14d4023037808,True,mapped
plan:4214d519a329e0f619d38843f7cb9976902ed0b9423edbdf47c03053ebf8eac9,4CECC/3F34A,TEXT,0,NP7,absent_from_canonical_evidence,0,{},expanded_instance_with_definition_and_parents_in_ledger,cba0f256b48f099a69f7b031d01a7455fc01dd1e6837d4131f52d719a3490e6d,True,f95825a238a31d1e32e28dc0b80e96d80ae5c0bf40909548e0048662869a3577,True,mapped
plan:425cabefc976ad9ad645e77e0035bbf71b59c772c0f546724e0ece5ad348e131,4CE74/3F355,LWPOLYLINE,0,,absent_from_canonical_evidence,0,{},expanded_instance_with_definition_and_parents_in_ledger,5eee604297a501ce8829f5b6d8ba6c6319575b3aae3bc7f16ff302fb9425c773,True,099f79f3bd1b85c38c889313cf43601aa4acae882ed11d2c71359b4d05dd09ef,True,mapped
plan:42c1d6578ed1bb7f02507e0f7ef1926aa0bb3cc51762ccbcaae25b3aaa30d061,4CF74/3F34D,LWPOLYLINE,0,,absent_from_canonical_evidence,0,{},expanded_instance_with_definition_and_parents_in_ledger,3c130b24b3184d72e97b034dcfd697ddd1e49816921acaa8d7ee04fec1d7f382,True,cae41a6793881ee67345e390dedc39e4d0c5f41582fffeda6e22fa6472211370,True,mapped
plan:42f746f4d804fbd3b8b0f20d3b430c62212d12fbc16bd531b955bb4b549ae03a,4CE94/4D114,TEXT,0,3',absent_from_canonical_evidence,0,{},expanded_instance_with_definition_and_parents_in_ledger,9b50908c64a894089d844b98e894fc1ff80e99c4f2f11db1a8fbf110e6022439,True,0b8856a07dfaae36fb60617749f070a0d0075a608170f033666d9250317f2899,True,mapped
plan:43088d3d157c26049ed52379c8e5d45d37e1011d0d47e80a72112ab5b19d6d3a,4CF74/3F356,LWPOLYLINE,0,,absent_from_canonical_evidence,0,{},expanded_instance_with_definition_and_parents_in_ledger,5dc0b421eca7ad29a3eb1ef807168fd478a20640c85a7846a644720d694e141f,True,cae41a6793881ee67345e390dedc39e4d0c5f41582fffeda6e22fa6472211370,True,mapped
plan:43558041ce0a325172c08c5c3bf318917410dc7ce8d7ba3e5e2cfebd0608d281,4CEEC/4D116,TEXT,0,NP9,absent_from_canonical_evidence,0,{},expanded_instance_with_definition_and_parents_in_ledger,8bd5ce7b2c44e9221febbf6eca028a661f9b7c758890c54966016b55702fe931,True,809e6eef123b15336a2c1e2b975471baadb221562b335034bed816e6b2a643a6,True,mapped
plan:43bd7fa658c1f9f6f24828adb644ab1a8f0088b6018fd71730a80fd6b050bdaf,4CF7C/3F34B,CIRCLE,0,,graphic_only,0,{},not_delivered_not_automatically_missing,6bb38e8314c0d4fb879abcc4cf54743fa46c528158c6ad7bb5d9557c4c4fb535,True,cac21d548ca26b99dc41759b1a5d756a9d8192d2ca7a10284a062761a06d1b3f,True,mapped
plan:4453eb489a21b56f05ace9d9b4d91f0b3bd4076f1e7c4c6b16fb8ea7062f79fa,4CEE4/4D11A,LWPOLYLINE,0,,absent_from_canonical_evidence,0,{},expanded_instance_with_definition_and_parents_in_ledger,7f2e1b6732c6aa3b206452573c8ff2b9a7a68b8ec87c1549c20f0c96df1678f7,True,c9897f7ecabfaaa60b8f30880dfc568f37a7daaac45461813ee3fa7c46c61d6c,True,mapped
plan:447a3a552aa7b01e9928c1cd3b6b1b44c2bfbe6f3f94e6f672d08addbe596889,4CF94/4D11B,TEXT,0,MTI,absent_from_canonical_evidence,0,{},expanded_instance_with_definition_and_parents_in_ledger,1fef41ba4d65e1bae50f06cadd5025ad5d2f7ea2975b9450cb46117d436a304d,True,58c6f0406eb0cfd84f90b93c7d3f2dfd4f4739242de967627147cd8f2310e04f,True,mapped
plan:44cbc51e75b88b218912d0338a270f74ff4985891536999e23c3d0acbe382174,4CDF4/3F34D,LWPOLYLINE,0,,absent_from_canonical_evidence,0,{},expanded_instance_with_definition_and_parents_in_ledger,3c130b24b3184d72e97b034dcfd697ddd1e49816921acaa8d7ee04fec1d7f382,True,365b3fdd9d9a873e39d6b8033039cfe3d9451488545ef8b6df9238d2113a0522,True,mapped
plan:45c2053d41d50ab4d91c956d71d5cc72787cd6df73a44b4631b21c5b9f2541fd,4E29A/4C027,LINE,LABEL CABLE,,absent_from_canonical_evidence,0,{},expanded_instance_with_definition_and_parents_in_ledger,9ee6a1c53a96eb2d3c996d7002e65bc7668eb1f440501ede1aaffecde9dd8896,True,947a82a8a20bf71fe88f5d306d408ac01ee8476ff2b0f646b15dcceee8fe863a,True,graphic_only
plan:4625c57ff84eaaeb6a5bcdf53e2be0cd34d65534517484bf148ad6141b250ba0,4CED4/3F34E,LWPOLYLINE,0,,absent_from_canonical_evidence,0,{},expanded_instance_with_definition_and_parents_in_ledger,eb4b79320c746eb6acb77f2a88c80f800fdabf3d15fb85ac9279e4ac8409d600,True,7007c40afef811997c37a08a8dbc49288d66f3f7ded710ecb1502fcca78592f6,True,mapped
plan:4690cd61eade87fa17e7c57904e788831799859f7833024d6c6144be67a16299,4CDDC/3F34D,LWPOLYLINE,0,,absent_from_canonical_evidence,0,{},expanded_instance_with_definition_and_parents_in_ledger,3c130b24b3184d72e97b034dcfd697ddd1e49816921acaa8d7ee04fec1d7f382,True,d1bd239a2000a21de4d6c6d3db83a3db4dfe57af41fc78e18008dabc89af6ef2,True,mapped
plan:4718fec39d6b93e7f71f4d38c54efc966fcd1c9e95879dac11b44d9278b72059,4CE34/3F357,TEXT,0,MTI,absent_from_canonical_evidence,0,{},expanded_instance_with_definition_and_parents_in_ledger,ff1ba06dde906639809567d79e2e21daa53383fe84a72be8c29a867b8789534e,True,27589a013cc657df20593101079f55882437e77e487eb5ad5eef9b9b8472b8e8,True,mapped
plan:472eaa8344107069bb6cef76b6fdbd82b01692c721040f7a87cf4b6fb96aa1bd,4CFCF/4D112,LWPOLYLINE,0,,absent_from_canonical_evidence,0,{},expanded_instance_with_definition_and_parents_in_ledger,2298a762023daef8f1e2d328c2f013b90b91092758bec0b093e6d859ed833ebd,True,8f6257c387b26db4fc3d33da9195204e3e135d9ba0a098f1c05c190e359a0e64,True,mapped
plan:476f7621388c5efd852d39b3ab7e6fc0353ff3565361713de3c689a8bf262b3e,4CF44/3F34F,TEXT,0,5',absent_from_canonical_evidence,0,{},expanded_instance_with_definition_and_parents_in_ledger,b39da2e7005e52f7f77fd658c0c1e793319f396bfcdc2a80a4af4d9a9e1e0e70,True,270d1c5c4756523fc8a57cc50a53f9aa319e723d17abde30fbd34e7de564a3f7,True,mapped
plan:4783166496149edf9f1e98b8403230bfd2752f584453902787adb778fa4135c1,4CE4C/4D119,LWPOLYLINE,0,,absent_from_canonical_evidence,0,{},expanded_instance_with_definition_and_parents_in_ledger,c9f7ece77019174e47b03754cb85c4547ebf4a910e2b2336e4aa6decc81016f0,True,fc10a96af2baf82e5734647f076b2484be5db2d2b442100136c457ec374b0478,True,mapped
plan:47db5a9407ab8cffcd902862520dc85d7b5d38b52b22a13a9951f2f5e44818b0,4CEE4/4D110,TEXT,0,NP7,absent_from_canonical_evidence,0,{},expanded_instance_with_definition_and_parents_in_ledger,badee6318ffcd26819fafc6d683d714975d5f53724bdf69e83f22fc067a23a2c,True,c9897f7ecabfaaa60b8f30880dfc568f37a7daaac45461813ee3fa7c46c61d6c,True,mapped
plan:47fafe97bb38d3076c2c95aecb32bb9acd78e5a3a288295ff193915c9c7fea9b,4D2F1/2E67,LWPOLYLINE,0,,absent_from_canonical_evidence,0,{},expanded_instance_with_definition_and_parents_in_ledger,b93a0becf34749f571acc539a1e6f9c65092d9c247b3be97560def8c152872eb,True,d59478a10585bc3508678927bf46f0853965a6cd2be1891e8e37b0641a13967a,True,mapped
plan:4827199ded7029f41dc0fdec570c864965c67b49a79151d73ab5f53c8967c370,4CE74/3F350,TEXT,0,3',absent_from_canonical_evidence,0,{},expanded_instance_with_definition_and_parents_in_ledger,457fbcedf425e95cf337b447f86a6c4d9215373a4c0b7ff2f887a6be20ad9a5b,True,099f79f3bd1b85c38c889313cf43601aa4acae882ed11d2c71359b4d05dd09ef,True,mapped
plan:4838db329c1fc0a43b195d9b7195ecee80ebefb04e25ef75bc103e8b2814d5ac,4E299/4C02F,LINE,LABEL CABLE,,absent_from_canonical_evidence,0,{},expanded_instance_with_definition_and_parents_in_ledger,7df0ed7822a97e719f612d828ce46c736e46a32b8257a7f842869d514ac6cc72,True,a69bf93e367b94f03cfbcae61eb412a675406c9e1aa010778e7e2f7e7c1d4b19,True,graphic_only
plan:484032eb922974504856ab45791f14a0593c9e9d276c7771f099c8b5d55cde9a,4CE64/3F34A,TEXT,0,NP7,absent_from_canonical_evidence,0,{},expanded_instance_with_definition_and_parents_in_ledger,cba0f256b48f099a69f7b031d01a7455fc01dd1e6837d4131f52d719a3490e6d,True,7ad13a1c8f016578132b2c3ec313e6f9341bd2b2aebeea3d2befe2644ea011f0,True,mapped
plan:484f09147e16c8cbf80895472ae571b8856654ba89af7c7627a154ed0ea65d9f,4CE24/3F356,LWPOLYLINE,0,,absent_from_canonical_evidence,0,{},expanded_instance_with_definition_and_parents_in_ledger,5dc0b421eca7ad29a3eb1ef807168fd478a20640c85a7846a644720d694e141f,True,41444a0eb371965ec69478e20328d28bbc87a81b6cafa315077b23f57bcb9bf1,True,mapped
plan:4861790add41870843050a789dd21993da8c8e8c43e65257cee8a456f5adfd42,4CF4C/3F34F,TEXT,0,5',absent_from_canonical_evidence,0,{},expanded_instance_with_definition_and_parents_in_ledger,b39da2e7005e52f7f77fd658c0c1e793319f396bfcdc2a80a4af4d9a9e1e0e70,True,f7bf47f00b183e3262c3be229fb361b05bc79868f22613a707f36edc35aa35dc,True,mapped
plan:488298cd28eceeebdc64b5af928d1ff89cfcaf1f22647a70da65d589502ff20a,4E29B/4C03D,LINE,LABEL CABLE,,absent_from_canonical_evidence,0,{},expanded_instance_with_definition_and_parents_in_ledger,3e82be383c3ed6bb136bc26529631bb70d8f5500f268f36bff46f4d9e319b31c,True,bd2d63173e3ecf3c0166c0411bbd8e9b72b3c9f3d5dbac24ff97cafc91ad4cba,True,graphic_only
plan:48a12fa3d7a931b909bf8d799c6e035b4a9ff17def13adae0e0c8465e494b9b4,4CE4C/4D11A,LWPOLYLINE,0,,absent_from_canonical_evidence,0,{},expanded_instance_with_definition_and_parents_in_ledger,7f2e1b6732c6aa3b206452573c8ff2b9a7a68b8ec87c1549c20f0c96df1678f7,True,fc10a96af2baf82e5734647f076b2484be5db2d2b442100136c457ec374b0478,True,mapped
plan:48b6cef918609f66db1b08a20016f9b29cb9cfa8828d04251b803f4461f8ccd2,4CE84/3F354,CIRCLE,0,,graphic_only,0,{},not_delivered_not_automatically_missing,94306d1b822560f3f928eb88a6480e5f9832f3b037a3ad78db40b0479d8af86a,True,df9d67f310360d39692cd7cad8ec582ea5526dd0aaabc4c48cbc002cbc4202d4,True,mapped
plan:491669b3ea4f1c3f0ce28c934ced8db3dde8f2e082ce8af04b31328622bca74a,4CE84/3F358,TEXT,0,"2,",absent_from_canonical_evidence,0,{},expanded_instance_with_definition_and_parents_in_ledger,75030ddbcaf625eedb3cd5264361835e4ae6f1e709a642c4cb3a02001ba20c6f,True,df9d67f310360d39692cd7cad8ec582ea5526dd0aaabc4c48cbc002cbc4202d4,True,mapped
plan:492ffb7cb8fedc2038dc5c3d6e8b153ad29ea778217fb2038236ea13fcb4344e,4CE64/3F353,TEXT,0,4',absent_from_canonical_evidence,0,{},expanded_instance_with_definition_and_parents_in_ledger,3150cea3120c3a06319bc0fd9dff5b254e041f026f7fbdc39d59f7dfe8904ecd,True,7ad13a1c8f016578132b2c3ec313e6f9341bd2b2aebeea3d2befe2644ea011f0,True,mapped
plan:493025d08d14209701169011316a1d031e9bae73f3bf4277b2b7ea6297b3b798,4CE04/3F34D,LWPOLYLINE,0,,absent_from_canonical_evidence,0,{},expanded_instance_with_definition_and_parents_in_ledger,3c130b24b3184d72e97b034dcfd697ddd1e49816921acaa8d7ee04fec1d7f382,True,4a2f55caec8f9245cb11b77ceee8c5654af597a94881b68213de7a0e104c5313,True,mapped
plan:4960363f4a5b16d7358d57fb3b1a5f982795572b5ac590aa7923bdbdf1768a79,4CF94/4D110,TEXT,0,NP7,absent_from_canonical_evidence,0,{},expanded_instance_with_definition_and_parents_in_ledger,badee6318ffcd26819fafc6d683d714975d5f53724bdf69e83f22fc067a23a2c,True,58c6f0406eb0cfd84f90b93c7d3f2dfd4f4739242de967627147cd8f2310e04f,True,mapped
plan:4a01a11628df25441b7dbcc359bd0e9b5b95722a264d19a55e6566436098fd79,4E29A/4C02A,LINE,LABEL CABLE,,absent_from_canonical_evidence,0,{},expanded_instance_with_definition_and_parents_in_ledger,639698bbaae558a02bfb16df779c573ba1942f6ce6bff58d256eb0a2bc4632f3,True,947a82a8a20bf71fe88f5d306d408ac01ee8476ff2b0f646b15dcceee8fe863a,True,graphic_only
plan:4a11ad0779ff72104ac45b292d711489da1687a8ce18f6a5db777c3bf7719573,4CE6C/4D0E2,LWPOLYLINE,0,,absent_from_canonical_evidence,0,{},expanded_instance_with_definition_and_parents_in_ledger,23745b60b37b3c64e7e3122489943b2b7a533cf38690c5982b7265312aa8609a,True,a366967dec954d307283a2c550bff5986bae7fb16b93e6dacaea604bb6bbceee,True,mapped
plan:4b228eb67f63c98c7c77cf3e779c7f3f98aba7f6dcdbcf190710e43e2838dabc,4CE4C/4D110,TEXT,0,NP7,absent_from_canonical_evidence,0,{},expanded_instance_with_definition_and_parents_in_ledger,badee6318ffcd26819fafc6d683d714975d5f53724bdf69e83f22fc067a23a2c,True,fc10a96af2baf82e5734647f076b2484be5db2d2b442100136c457ec374b0478,True,mapped
plan:4b2cfe8fdbb6aa9376809df9131924b7776d28e64aae53502ed9c8e63e95391b,4CE4C/4D118,CIRCLE,0,,graphic_only,0,{},not_delivered_not_automatically_missing,0570c8e83b9520059623957b386079ab9f3c505ad1500819f9e267a7465b806c,True,fc10a96af2baf82e5734647f076b2484be5db2d2b442100136c457ec374b0478,True,mapped
plan:4bcff6cfaf4ed7be0d4ae72e47fbfbe383240e1c789fb97e9e0b4d9f64cc973b,4D311/2E65,LWPOLYLINE,0,,absent_from_canonical_evidence,0,{},expanded_instance_with_definition_and_parents_in_ledger,315b63473bfd040ed86c91e882188e51371403c2325e7c9c46417d98056f0992,True,b0573a40628e1326ffc201ba422a9dc2584c7f2aba1fad7f54a9cf3e52476250,True,mapped
plan:4c247bc4139d30af66860fe9cba399f755c2c2d7d043173f2622b9d4dfedef43,4CDBC/3F355,LWPOLYLINE,0,,absent_from_canonical_evidence,0,{},expanded_instance_with_definition_and_parents_in_ledger,5eee604297a501ce8829f5b6d8ba6c6319575b3aae3bc7f16ff302fb9425c773,True,0c4e1061b8e9d0802d37528196bcae2ca9c4ce33644ef698a782b6491f1d334e,True,mapped
plan:4c855df3a5cc4455b50f76c404da215f03e4f2ae5437ba542c3caacf9f712ecb,4CE54/3F352,TEXT,0,NP9,absent_from_canonical_evidence,0,{},expanded_instance_with_definition_and_parents_in_ledger,414a107d0dd2555d8f98da20db776998a3929d363fd40d42baa0f033c58d3b4c,True,5733052d6a69915732057fe6380ed41bc4462dbac367e35ff5acb6c87d91411d,True,mapped
plan:4cfa7e6ccb66c8292eb94a3119abf7c6756e37a12f4e69939e846335308dcbc4,4CF74/3F34B,CIRCLE,0,,graphic_only,0,{},not_delivered_not_automatically_missing,6bb38e8314c0d4fb879abcc4cf54743fa46c528158c6ad7bb5d9557c4c4fb535,True,cae41a6793881ee67345e390dedc39e4d0c5f41582fffeda6e22fa6472211370,True,mapped
plan:4cfde69fa7f3730fd2a94c29fedcd6f5723760dca0e6adf77a4cd814ae59f7f3,4CF04/3F34B,CIRCLE,0,,graphic_only,0,{},not_delivered_not_automatically_missing,6bb38e8314c0d4fb879abcc4cf54743fa46c528158c6ad7bb5d9557c4c4fb535,True,81c005b9309f58524ce472f7c41ab8cb830e428e905fe20e9298d41397bafd19,True,mapped
plan:4d559197fca7c59bcb1196185ac62e1d2bd3478e75f70ca0a0228dfa133a7047,4CE6C/4D0E3,TEXT,0,5',absent_from_canonical_evidence,0,{},expanded_instance_with_definition_and_parents_in_ledger,a7123503dc8740852d45a63e21190ebe8b2714d794dc6f92465677c24c3d0f13,True,a366967dec954d307283a2c550bff5986bae7fb16b93e6dacaea604bb6bbceee,True,mapped
plan:4d649d66a6ffa44bdff0c443a6332b78799fdd7ebf96e54c52787f5c2ef960ee,4D335/2E65,LWPOLYLINE,0,,absent_from_canonical_evidence,0,{},expanded_instance_with_definition_and_parents_in_ledger,315b63473bfd040ed86c91e882188e51371403c2325e7c9c46417d98056f0992,True,074cb05db899d4c71acfda15936163f5283bc11f2e4de8ca6a22658d4bde69e0,True,mapped
plan:4d7736257b23a778d91cb988ba7e1aed321f31b8c456a97cfdb2339d35306ac9,4CF54/4D116,TEXT,0,NP9,absent_from_canonical_evidence,0,{},expanded_instance_with_definition_and_parents_in_ledger,8bd5ce7b2c44e9221febbf6eca028a661f9b7c758890c54966016b55702fe931,True,2d1ada332960d9966919845941661222c0188de112f6815688ec909495207b7f,True,mapped
plan:4d85cfda604c4ab9663d9e155b83b69cf1459462513956110ce2a998be63c6e4,4CEAC/3F352,TEXT,0,NP9,absent_from_canonical_evidence,0,{},expanded_instance_with_definition_and_parents_in_ledger,414a107d0dd2555d8f98da20db776998a3929d363fd40d42baa0f033c58d3b4c,True,15456f6652b8b0cf153d05e204c9feaac8dd55a8ddf93dd16a681bebf3dc3aa8,True,mapped
plan:4d9dfdabe83d8f16edc71407d90af9ec68b00cf64ed50342e723ff8e5c177626,4CF94/4D11C,TEXT,0,"2,",absent_from_canonical_evidence,0,{},expanded_instance_with_definition_and_parents_in_ledger,188a72b335eb8c299848b6054d10fb74a5bf8c621eae49912e67729b582ec049,True,58c6f0406eb0cfd84f90b93c7d3f2dfd4f4739242de967627147cd8f2310e04f,True,mapped
plan:4dcc9c9c2a31276ed0dbae2969826de8b1f31008835c45ea01cd0d8e08bf1033,4CEB4/3F357,TEXT,0,MTI,absent_from_canonical_evidence,0,{},expanded_instance_with_definition_and_parents_in_ledger,ff1ba06dde906639809567d79e2e21daa53383fe84a72be8c29a867b8789534e,True,e74874a61942ab337a708554f764d4817740fed971f7ffd12565dc468195b1f6,True,mapped
plan:4e04b917524d5e10e1a3e752d4afbb86aaee5472c6171be0ccbbab45bc7aef51,4E299/4C02C,LINE,LABEL CABLE,,absent_from_canonical_evidence,0,{},expanded_instance_with_definition_and_parents_in_ledger,6c4382f82b22f065221ceccda5343cc1fe4e69146bfe222a9125b6c7e4008900,True,a69bf93e367b94f03cfbcae61eb412a675406c9e1aa010778e7e2f7e7c1d4b19,True,graphic_only
plan:4ec72be9b92e26e37341a2681b00ee5cc01ab0bd171a31b185b29d337328640a,4E299/4C022,LINE,LABEL CABLE,,absent_from_canonical_evidence,0,{},expanded_instance_with_definition_and_parents_in_ledger,83559f9fdabe6949e147b0791dece13867c6f5f97cdde321ae9277988a52184d,True,a69bf93e367b94f03cfbcae61eb412a675406c9e1aa010778e7e2f7e7c1d4b19,True,graphic_only
plan:4eeedeb8315b7495adf56a9ba5d44115b5e8e6fb4eb421855636cee4709942ed,4CF74/3F34A,TEXT,0,NP7,absent_from_canonical_evidence,0,{},expanded_instance_with_definition_and_parents_in_ledger,cba0f256b48f099a69f7b031d01a7455fc01dd1e6837d4131f52d719a3490e6d,True,cae41a6793881ee67345e390dedc39e4d0c5f41582fffeda6e22fa6472211370,True,mapped
plan:4f04daba344805d918f1538118c5237e9bae103b6b4ac285c24e6ca2a7b77d66,4CF4C/3F350,TEXT,0,3',absent_from_canonical_evidence,0,{},expanded_instance_with_definition_and_parents_in_ledger,457fbcedf425e95cf337b447f86a6c4d9215373a4c0b7ff2f887a6be20ad9a5b,True,f7bf47f00b183e3262c3be229fb361b05bc79868f22613a707f36edc35aa35dc,True,mapped
plan:4f0dee71e51b2a299e95a1408493a2efec3017d94e032b18917c44d8c7ce9227,4CECC/3F34B,CIRCLE,0,,graphic_only,0,{},not_delivered_not_automatically_missing,6bb38e8314c0d4fb879abcc4cf54743fa46c528158c6ad7bb5d9557c4c4fb535,True,f95825a238a31d1e32e28dc0b80e96d80ae5c0bf40909548e0048662869a3577,True,mapped
plan:4f79cfb9ab5f3b3270b8282d29c66fe5653bb7efa6a60098e4e5b56cfe9bde12,4CF1C/4D118,CIRCLE,0,,graphic_only,0,{},not_delivered_not_automatically_missing,0570c8e83b9520059623957b386079ab9f3c505ad1500819f9e267a7465b806c,True,716b3e8b8cb9872dd2ca0d87029239af4411597a18d07128c2bf0b7bb9862a8d,True,mapped
plan:4fb37a36762c957d35f880a7908233c17f2fcf081e179ec778b2e63f2fd2d777,4E29C/4C035,LINE,LABEL CABLE,,absent_from_canonical_evidence,0,{},expanded_instance_with_definition_and_parents_in_ledger,606dd32be7d1b1e7e1621e4d4c290b39223bb9bd5c08d3615cc6d47ba39935ea,True,ee3adf9fa6ff2aef5b2d1732c149414e0f3daa2433329b6236aedbbe2d75d057,True,graphic_only
plan:4fe31c38dae1829586970422718c83197e67fd2debc638659f0cd39bafd61687,4CF3C/3F354,CIRCLE,0,,graphic_only,0,{},not_delivered_not_automatically_missing,94306d1b822560f3f928eb88a6480e5f9832f3b037a3ad78db40b0479d8af86a,True,ad9f47b2bba42d621eb6bde571ab74ea2c81016bb3f5e8ede6988de3efea4c2d,True,mapped
plan:500497e1efb2ec9c0c597e14999523ef95a8feea7d59865ec235272fc2fc3ad5,4CE9C/3F355,LWPOLYLINE,0,,absent_from_canonical_evidence,0,{},expanded_instance_with_definition_and_parents_in_ledger,5eee604297a501ce8829f5b6d8ba6c6319575b3aae3bc7f16ff302fb9425c773,True,6b6180a7fe40abbe099421c3f65bff0956db9b442ce51b9c95f0af2e3b7be6c5,True,mapped
plan:50aac77ab38c5b0f25417bf49d8aa185811aec0dc55425f5800dc3e1d1ca8ce2,4CF2C/4D118,CIRCLE,0,,graphic_only,0,{},not_delivered_not_automatically_missing,0570c8e83b9520059623957b386079ab9f3c505ad1500819f9e267a7465b806c,True,1168144963f726b9328faeb2c86189c2f0c8c2bd481e90f11182b1e01fb2f8c8,True,mapped
plan:511b266a93902b993c4fadd2cc628b25a4f86a49fcd3a17f17dd08c355b214eb,4CFC7/3F355,LWPOLYLINE,0,,absent_from_canonical_evidence,0,{},expanded_instance_with_definition_and_parents_in_ledger,5eee604297a501ce8829f5b6d8ba6c6319575b3aae3bc7f16ff302fb9425c773,True,950abb7913d3be6166ff2d8ebfabb8899f8c5b25396ded74a3091b542150ae7f,True,mapped
plan:51e1b4775b3a3ea83f1df6952c5ea252adcfd9fc1e8ca174892cf7436b849bcd,4CE14/4D118,CIRCLE,0,,graphic_only,0,{},not_delivered_not_automatically_missing,0570c8e83b9520059623957b386079ab9f3c505ad1500819f9e267a7465b806c,True,5973fad66deeec6d802fac53f27e1bf414bd7272788c0066111dc717d4ec1587,True,mapped
plan:52187a4036e76d85fa814c40a620baaac033727e81532ba4da2acf079fc07094,4CDF4/3F357,TEXT,0,MTI,absent_from_canonical_evidence,0,{},expanded_instance_with_definition_and_parents_in_ledger,ff1ba06dde906639809567d79e2e21daa53383fe84a72be8c29a867b8789534e,True,365b3fdd9d9a873e39d6b8033039cfe3d9451488545ef8b6df9238d2113a0522,True,mapped
plan:5225a9bbf0e84b69cd2837a8d0f9b1020323ed0d56a11aa946c125c13961ba6c,4E299/4C03B,LINE,LABEL CABLE,,absent_from_canonical_evidence,0,{},expanded_instance_with_definition_and_parents_in_ledger,555b7bc19609616c65edebbf7faff6f4dcee27a0a06c13b1a330e50980ee6d6a,True,a69bf93e367b94f03cfbcae61eb412a675406c9e1aa010778e7e2f7e7c1d4b19,True,graphic_only
plan:52b9f57c8b5453ce8a935ab4bbcf4f72b2579c5ccc579a6fc017f2b82be76246,4CEAC/3F358,TEXT,0,"2,",absent_from_canonical_evidence,0,{},expanded_instance_with_definition_and_parents_in_ledger,75030ddbcaf625eedb3cd5264361835e4ae6f1e709a642c4cb3a02001ba20c6f,True,15456f6652b8b0cf153d05e204c9feaac8dd55a8ddf93dd16a681bebf3dc3aa8,True,mapped
plan:52cdde2feebce1969a02ebc7bf5cd86894492cf1e7e61c180a17e8faa23bcbb9,4E29A/4C036,LINE,LABEL CABLE,,absent_from_canonical_evidence,0,{},expanded_instance_with_definition_and_parents_in_ledger,41bd25d2cfc0648e6f3a8f76dae1d8690a83a86899b81fbe1813bae58343d39e,True,947a82a8a20bf71fe88f5d306d408ac01ee8476ff2b0f646b15dcceee8fe863a,True,graphic_only
plan:5335b3a9569400f914b178980ee4e52d4ef856890bad1d0340d4c1f3f55646ea,4CDF4/3F358,TEXT,0,"2,",absent_from_canonical_evidence,0,{},expanded_instance_with_definition_and_parents_in_ledger,75030ddbcaf625eedb3cd5264361835e4ae6f1e709a642c4cb3a02001ba20c6f,True,365b3fdd9d9a873e39d6b8033039cfe3d9451488545ef8b6df9238d2113a0522,True,mapped
plan:535ee208fd4a80784632295bb17808ffa24b82905a44d2ad8bf27daac679100a,4CEDC/4D119,LWPOLYLINE,0,,absent_from_canonical_evidence,0,{},expanded_instance_with_definition_and_parents_in_ledger,c9f7ece77019174e47b03754cb85c4547ebf4a910e2b2336e4aa6decc81016f0,True,dc0ca8b82adfd1826598d6c86ed3de400d6bd9c62d949b9c96fa2ae52ee95a61,True,mapped
plan:5391c2de97c0da4f1a9c5d25810a64d317e0d940a916702b2a33c86ddda01b4a,4E29B/4C034,LINE,LABEL CABLE,,absent_from_canonical_evidence,0,{},expanded_instance_with_definition_and_parents_in_ledger,77f98d4b423cd0018ff919ba2060db69c2b8a5f96fe3a192300a121842bd5b2c,True,bd2d63173e3ecf3c0166c0411bbd8e9b72b3c9f3d5dbac24ff97cafc91ad4cba,True,graphic_only
plan:53e7a619897a43488594e94a02639ae6626c98d8e8824cf5ca83521eb937407a,4E299/4C028,LINE,LABEL CABLE,,absent_from_canonical_evidence,0,{},expanded_instance_with_definition_and_parents_in_ledger,56b2ab2706e59ad678bfcd529d274831d97fde4789280a15bbbce099ea6330b0,True,a69bf93e367b94f03cfbcae61eb412a675406c9e1aa010778e7e2f7e7c1d4b19,True,graphic_only
plan:541374168a405ae18e87cf935886cc374f28b42f038d8e9c99b17e28ab7a4312,4CDC4/3F34E,LWPOLYLINE,0,,absent_from_canonical_evidence,0,{},expanded_instance_with_definition_and_parents_in_ledger,eb4b79320c746eb6acb77f2a88c80f800fdabf3d15fb85ac9279e4ac8409d600,True,ded9a496ebe8f46c117a66ba83cd4b9dd52a7538eb227d298a40c1b253cd0408,True,mapped
plan:541b6f7f7a3a7674f1df7214ce98aae0fca9269102177516175151df7802029d,4CDBC/3F358,TEXT,0,"2,",absent_from_canonical_evidence,0,{},expanded_instance_with_definition_and_parents_in_ledger,75030ddbcaf625eedb3cd5264361835e4ae6f1e709a642c4cb3a02001ba20c6f,True,0c4e1061b8e9d0802d37528196bcae2ca9c4ce33644ef698a782b6491f1d334e,True,mapped
plan:54b75ec20c6a9c35a61db61f2bfc4deae144808fa53e5c9af909b3544063a3d9,4D339/2E68,ATTDEF,0,XXX,annotation,0,{},not_delivered_not_automatically_missing,c1e048c74bbeb0808175d1f63275ae29ba123e7b173a1e8e5527bc55ff852b7c,True,59b5c5316b36cf5d8c08fcdfef55bea560f735350d49156d14b5c642c3b00845,True,mapped
plan:55318eb97948bc4a6fa57e5983b21e2796d697b246baf390737acd54ced6f2fc,4D321/2E65,LWPOLYLINE,0,,absent_from_canonical_evidence,0,{},expanded_instance_with_definition_and_parents_in_ledger,315b63473bfd040ed86c91e882188e51371403c2325e7c9c46417d98056f0992,True,6c1110f2ec026d268d1ce39284db25d5970d9248e4a80f8e39d85f391a264b90,True,mapped
plan:558f2a92d62f17e862fe48686b3c45b2a9c6743acda08b86cd015f9c94d95219,4CF8C/4D11C,TEXT,0,"2,",absent_from_canonical_evidence,0,{},expanded_instance_with_definition_and_parents_in_ledger,188a72b335eb8c299848b6054d10fb74a5bf8c621eae49912e67729b582ec049,True,339bfeb586f8e2f24be6322b657651b50d4c6f28158b8d12395c9f6760562279,True,mapped
plan:56ccfc3d87511e2c9b8d5d3032b4d712252d707ec72db405d74542c0cfd8b9b6,4E29B/4C027,LINE,LABEL CABLE,,absent_from_canonical_evidence,0,{},expanded_instance_with_definition_and_parents_in_ledger,9ee6a1c53a96eb2d3c996d7002e65bc7668eb1f440501ede1aaffecde9dd8896,True,bd2d63173e3ecf3c0166c0411bbd8e9b72b3c9f3d5dbac24ff97cafc91ad4cba,True,graphic_only
plan:570d023b792a1be95b1d9f3c459a508dbf776e97f8ff517bba3eabde55d00932,4CEAC/3F354,CIRCLE,0,,graphic_only,0,{},not_delivered_not_automatically_missing,94306d1b822560f3f928eb88a6480e5f9832f3b037a3ad78db40b0479d8af86a,True,15456f6652b8b0cf153d05e204c9feaac8dd55a8ddf93dd16a681bebf3dc3aa8,True,mapped
plan:57163cc3092ae83c1acbb40b5163459d8a7555a4d19256f714bf73f1f226e0b3,4CDF4/3F34C,TEXT,0,NP7,absent_from_canonical_evidence,0,{},expanded_instance_with_definition_and_parents_in_ledger,a5eb157176bb73918b8cd962d3db724781651ae40e4096ea9c316477fdcbfb13,True,365b3fdd9d9a873e39d6b8033039cfe3d9451488545ef8b6df9238d2113a0522,True,mapped
plan:572484e77e84e4499758f0cec91f77f13aae3a94e0607a2b5ede9c29fb2a49e7,4CEE4/4D11B,TEXT,0,MTI,absent_from_canonical_evidence,0,{},expanded_instance_with_definition_and_parents_in_ledger,1fef41ba4d65e1bae50f06cadd5025ad5d2f7ea2975b9450cb46117d436a304d,True,c9897f7ecabfaaa60b8f30880dfc568f37a7daaac45461813ee3fa7c46c61d6c,True,mapped
plan:57523997bc16b7b9bcf2a142144ba98f9df2b751eb7bded97205b33b66d12363,4D335/2E68,ATTDEF,0,XXX,annotation,0,{},not_delivered_not_automatically_missing,c1e048c74bbeb0808175d1f63275ae29ba123e7b173a1e8e5527bc55ff852b7c,True,074cb05db899d4c71acfda15936163f5283bc11f2e4de8ca6a22658d4bde69e0,True,mapped
plan:57a001a6427f9d9bbe73a6b45405f3e0adb58c11cd4ddc4339838eb4a3a84544,4CFCF/4D11A,LWPOLYLINE,0,,absent_from_canonical_evidence,0,{},expanded_instance_with_definition_and_parents_in_ledger,7f2e1b6732c6aa3b206452573c8ff2b9a7a68b8ec87c1549c20f0c96df1678f7,True,8f6257c387b26db4fc3d33da9195204e3e135d9ba0a098f1c05c190e359a0e64,True,mapped
plan:57d3cb4d8f90a7c23315dc32016663f18b95dbf635066546c9915c9b13ef8539,4CE24/3F354,CIRCLE,0,,graphic_only,0,{},not_delivered_not_automatically_missing,94306d1b822560f3f928eb88a6480e5f9832f3b037a3ad78db40b0479d8af86a,True,41444a0eb371965ec69478e20328d28bbc87a81b6cafa315077b23f57bcb9bf1,True,mapped
plan:580e6dc40c6afe7e59b396da1fc8fe1e538251f77b47a826eae90f080b092d16,4CDC4/3F352,TEXT,0,NP9,absent_from_canonical_evidence,0,{},expanded_instance_with_definition_and_parents_in_ledger,414a107d0dd2555d8f98da20db776998a3929d363fd40d42baa0f033c58d3b4c,True,ded9a496ebe8f46c117a66ba83cd4b9dd52a7538eb227d298a40c1b253cd0408,True,mapped
plan:5867febc41e6b39827aebaa5c41b1e3057079c3bcebf1156bb7ece63d5f45260,4CEC4/4D116,TEXT,0,NP9,absent_from_canonical_evidence,0,{},expanded_instance_with_definition_and_parents_in_ledger,8bd5ce7b2c44e9221febbf6eca028a661f9b7c758890c54966016b55702fe931,True,042844c8cda9ac3a4f92ed0d6954c11170a8ce41ed2b36b2c1ddccc8aacfac90,True,mapped
plan:58950b2b58da08e5bb0a49b5b40a4180171b1a9b960e998e30095c78e0c3b26d,4E29B/4C024,LINE,LABEL CABLE,,absent_from_canonical_evidence,0,{},expanded_instance_with_definition_and_parents_in_ledger,b9e55bf8921fb597b07573a541292468ad97172ec1e07c10a93fa7c9a77e721d,True,bd2d63173e3ecf3c0166c0411bbd8e9b72b3c9f3d5dbac24ff97cafc91ad4cba,True,graphic_only
plan:58c3131c4aad6a90669396d0d4b4f0d94124d63cfd845845ebe559f255fe2a27,4CE5C/3F358,TEXT,0,"2,",absent_from_canonical_evidence,0,{},expanded_instance_with_definition_and_parents_in_ledger,75030ddbcaf625eedb3cd5264361835e4ae6f1e709a642c4cb3a02001ba20c6f,True,de1a2e44aadb061601c42cbdc252b8c3a1ad9f33438a7a6f7974773856edb084,True,mapped
plan:58f55fbe94210d5a1a26e3eecadb4987ca70c7ed017040238e82ad90f474446e,4D309/2E66,HATCH,0,,graphic_only,0,{},not_delivered_not_automatically_missing,0cd841bb19f4fbc9fada3d76fbc2c7904ad59db113909e3a3c416bb11ce671c9,True,58febb9da223bdd4e66aea678bb711f62ce9815e35332b814f334234e484a675,True,mapped
plan:58fef0a399c98f7c48b0b69eed31d6ec7333545ef16f5ac4d89bd82d7016102a,4CF2C/4D11B,TEXT,0,MTI,absent_from_canonical_evidence,0,{},expanded_instance_with_definition_and_parents_in_ledger,1fef41ba4d65e1bae50f06cadd5025ad5d2f7ea2975b9450cb46117d436a304d,True,1168144963f726b9328faeb2c86189c2f0c8c2bd481e90f11182b1e01fb2f8c8,True,mapped
plan:5938b2dbb6a936766e9fb30658da5d8ae9a8148e18a7b29f3b6eb79d38b2f445,4D2F9/2E68,ATTDEF,0,XXX,annotation,0,{},not_delivered_not_automatically_missing,c1e048c74bbeb0808175d1f63275ae29ba123e7b173a1e8e5527bc55ff852b7c,True,9b6687f7ce6bd634534e236b1abf228235d262b7dbce16277907074ffb16dfa1,True,mapped
plan:5962f802e7764ccf4aa3cac3a1c21418ebaffceb62500b5d1bd760cd677c9f7f,4D329/2E66,HATCH,0,,graphic_only,0,{},not_delivered_not_automatically_missing,0cd841bb19f4fbc9fada3d76fbc2c7904ad59db113909e3a3c416bb11ce671c9,True,786b1b0e2105c517b56eab9c71739bb9b991bb021d0ec6ff4e6f3c5b9225279a,True,mapped
plan:59cca9e8b61ddf5c3881f9ac128ba32021dbb98816e8860e7e9713e5cc38e483,4CE3C/4D115,TEXT,0,FM,absent_from_canonical_evidence,0,{},expanded_instance_with_definition_and_parents_in_ledger,b89593c297a9ca82d3ad11fb33dffb3d34aa57e17f4cc790e7178c6c856bf7cf,True,607bbbf8f25cbc2901c1f8784d4e063ccca30443f61c029953fbf882b61ec225,True,mapped
plan:5a2adcaa61319364916111bca1a6ded7b53b7a361016f7643705aee3c26cae06,4D0B5/2E5E,HATCH,0,,graphic_only,0,{},not_delivered_not_automatically_missing,26a462d0352cba69adb32115a91207aaa987b7a06b468900df68b06d9bdf4edf,True,a89cf21f2cfd90811a89068f8734d2a8ea5b9eddb0f6ee539d6f5fe68d1890c1,True,mapped
plan:5a773f7b3999525ab3490f486be9d398f7343f8adc24a171f790b18f56d2f0ad,4CE54/3F354,CIRCLE,0,,graphic_only,0,{},not_delivered_not_automatically_missing,94306d1b822560f3f928eb88a6480e5f9832f3b037a3ad78db40b0479d8af86a,True,5733052d6a69915732057fe6380ed41bc4462dbac367e35ff5acb6c87d91411d,True,mapped
plan:5a7e0bb53d543330ce97c5043ac0ee69d64713f25fd7e138e0fac98421858562,4CEBC/4D116,TEXT,0,NP9,absent_from_canonical_evidence,0,{},expanded_instance_with_definition_and_parents_in_ledger,8bd5ce7b2c44e9221febbf6eca028a661f9b7c758890c54966016b55702fe931,True,35ade6bbc7e13fa4e43613caa0171f49cf10f4af719127b077041094ce23dd48,True,mapped
plan:5a8bc6eac26e7f487aa2df3dac5e910eff79394d03ede7536c4da71b674d4965,4CF0C/4D10E,TEXT,0,NP7,absent_from_canonical_evidence,0,{},expanded_instance_with_definition_and_parents_in_ledger,ce249c2f0aaf07d1838f8a6ee37894488d2e4fc89f4a56dfa88bebc6cbb805bb,True,72b5c48e95b8fbacf77ffa325062449dc776ab8861dec1e19b6ceef934860715,True,mapped
plan:5a9d867d0fd654e9dffd3e967c73a7c61dd37a939964dc2fe2837ba995d83c34,4CF54/4D119,LWPOLYLINE,0,,absent_from_canonical_evidence,0,{},expanded_instance_with_definition_and_parents_in_ledger,c9f7ece77019174e47b03754cb85c4547ebf4a910e2b2336e4aa6decc81016f0,True,2d1ada332960d9966919845941661222c0188de112f6815688ec909495207b7f,True,mapped
plan:5acc932aa298e560b36815f06a8cb8c4ea85466ad00abc73de757ef6ded76a4d,4CDE4/4D119,LWPOLYLINE,0,,absent_from_canonical_evidence,0,{},expanded_instance_with_definition_and_parents_in_ledger,c9f7ece77019174e47b03754cb85c4547ebf4a910e2b2336e4aa6decc81016f0,True,29e795090d2074e1dabe69c29084fa1478c85c5b5b45f3ea3e72d07384325f97,True,mapped
plan:5b0b1a9b88372e20f926843a02bd939a9b638ac643cba8ef984d67f5349b09c9,4CE8C/3F34C,TEXT,0,NP7,absent_from_canonical_evidence,0,{},expanded_instance_with_definition_and_parents_in_ledger,a5eb157176bb73918b8cd962d3db724781651ae40e4096ea9c316477fdcbfb13,True,e0d82448fd3bdb3f7e3d1bb80c21b1f6807a561d54430ed482b737a009694a45,True,mapped
plan:5b94974146f74ca8080a46450948fba5d83e04692646ed87931cd68940eb1ee4,4D0B5/2E5F,LWPOLYLINE,0,,absent_from_canonical_evidence,0,{},expanded_instance_with_definition_and_parents_in_ledger,da67b3ba634a35228b1778eeb30a572ce889ad07e4f0d1302c246970879d611e,True,a89cf21f2cfd90811a89068f8734d2a8ea5b9eddb0f6ee539d6f5fe68d1890c1,True,mapped
plan:5ba3d1ea1d7d75b06442a3539d5cf2d0a6ea7dbe422dc643cba249191661492e,4E29B/4C03E,LINE,LABEL CABLE,,absent_from_canonical_evidence,0,{},expanded_instance_with_definition_and_parents_in_ledger,0b75d4082a178e361a73ba6de3cbb90f39e6a7f6e78bb43fdd52c7ea86b91a42,True,bd2d63173e3ecf3c0166c0411bbd8e9b72b3c9f3d5dbac24ff97cafc91ad4cba,True,graphic_only
plan:5c35964a9aa0592e75782e061badfd39ea48143618c24ef6bd76011bb507c7e5,4CEB4/3F34D,LWPOLYLINE,0,,absent_from_canonical_evidence,0,{},expanded_instance_with_definition_and_parents_in_ledger,3c130b24b3184d72e97b034dcfd697ddd1e49816921acaa8d7ee04fec1d7f382,True,e74874a61942ab337a708554f764d4817740fed971f7ffd12565dc468195b1f6,True,mapped
plan:5c3697a16e9bc27077c7c2cc88c6d42d563ba4bf6812c91f3be70808ef453219,4CDBC/3F354,CIRCLE,0,,graphic_only,0,{},not_delivered_not_automatically_missing,94306d1b822560f3f928eb88a6480e5f9832f3b037a3ad78db40b0479d8af86a,True,0c4e1061b8e9d0802d37528196bcae2ca9c4ce33644ef698a782b6491f1d334e,True,mapped
plan:5c8a24396e10d031b809010c86dccc020db431f90b07194aaf55b46b3418d0bc,4CEE4/4D113,TEXT,0,5',absent_from_canonical_evidence,0,{},expanded_instance_with_definition_and_parents_in_ledger,87e8205798eed99acc0d2246dfb6ee538bf9bd7f7f450804ffe02aa5b926593f,True,c9897f7ecabfaaa60b8f30880dfc568f37a7daaac45461813ee3fa7c46c61d6c,True,mapped
plan:5ca461c7d46df716a6895ecb2c36e671c535b04c1af44a86aed8cbd88afb653c,4CE8C/3F354,CIRCLE,0,,graphic_only,0,{},not_delivered_not_automatically_missing,94306d1b822560f3f928eb88a6480e5f9832f3b037a3ad78db40b0479d8af86a,True,e0d82448fd3bdb3f7e3d1bb80c21b1f6807a561d54430ed482b737a009694a45,True,mapped
plan:5caa1a9d87b26fe49c613a8214e14807c113e3e9659119e068c915f90267c3ae,4CF9C/3F350,TEXT,0,3',absent_from_canonical_evidence,0,{},expanded_instance_with_definition_and_parents_in_ledger,457fbcedf425e95cf337b447f86a6c4d9215373a4c0b7ff2f887a6be20ad9a5b,True,abe68b7124d7f04d48f400f6cea9065be071768b640fcf53b3d289c478b97c9e,True,mapped
plan:5ce47baca1df7d7774c718aeacce974fbb3e16e1cbe90b1aed95f2b9b2d78568,4D339/2E66,HATCH,0,,graphic_only,0,{},not_delivered_not_automatically_missing,0cd841bb19f4fbc9fada3d76fbc2c7904ad59db113909e3a3c416bb11ce671c9,True,59b5c5316b36cf5d8c08fcdfef55bea560f735350d49156d14b5c642c3b00845,True,mapped
plan:5ce6d0f66d65f554ec6b1a5fe4e3766c131a0fef7a96ea9cdd277ad70995d75c,4CF14/3F357,TEXT,0,MTI,absent_from_canonical_evidence,0,{},expanded_instance_with_definition_and_parents_in_ledger,ff1ba06dde906639809567d79e2e21daa53383fe84a72be8c29a867b8789534e,True,3342afe08260a237538d0a6d4054e6b0432f9c5d248d54d44353b8ded1122b4c,True,mapped
plan:5d0417d80aaf3864dd24a79394f462e607032cb1913ecabe7a228336ade8ee4a,4CF0C/4D11C,TEXT,0,"2,",absent_from_canonical_evidence,0,{},expanded_instance_with_definition_and_parents_in_ledger,188a72b335eb8c299848b6054d10fb74a5bf8c621eae49912e67729b582ec049,True,72b5c48e95b8fbacf77ffa325062449dc776ab8861dec1e19b6ceef934860715,True,mapped
plan:5d10b254fce98c0c88d2219f4b991a399f1ecb5b5b03a2fe8548720820e476f8,4E29D/4C03A,LINE,LABEL CABLE,,absent_from_canonical_evidence,0,{},expanded_instance_with_definition_and_parents_in_ledger,f29a433e8f8a1bc015aa5098442636c25d81dda46849aa44deaf52ffc75ebc5f,True,37d9ba57e084b23b16f94c06d3ec4c1f1198bacc8228b50c46923dc0a02a77da,True,graphic_only
plan:5d1256d663874182459e95c73e8cdb43a0bda54834e3701d8395cd222f209fdb,4D2F5/2E65,LWPOLYLINE,0,,absent_from_canonical_evidence,0,{},expanded_instance_with_definition_and_parents_in_ledger,315b63473bfd040ed86c91e882188e51371403c2325e7c9c46417d98056f0992,True,233fad93657ba309088f1554bf3df006c5f6e6f189938b3373041ad78f5694ab,True,mapped
plan:5d3541177df3f2e7dff83097f89f9477c3a3b60306e8e0660b58ecbd9a32f119,4CECC/3F352,TEXT,0,NP9,absent_from_canonical_evidence,0,{},expanded_instance_with_definition_and_parents_in_ledger,414a107d0dd2555d8f98da20db776998a3929d363fd40d42baa0f033c58d3b4c,True,f95825a238a31d1e32e28dc0b80e96d80ae5c0bf40909548e0048662869a3577,True,mapped
plan:5d4624845a6d1e19c390bb98fae962308111553163807eaf42cf253ec02ce41a,4CDCC/3F354,CIRCLE,0,,graphic_only,0,{},not_delivered_not_automatically_missing,94306d1b822560f3f928eb88a6480e5f9832f3b037a3ad78db40b0479d8af86a,True,efcb09f8e19235a1513d736d9fc615c7eda09de57fb02c002b3453bca20f3bc9,True,mapped
plan:5e6450f7dea3876bbc3955ca79f059cd81f58589531efead410820cba764b38c,4D2FD/2E64,LWPOLYLINE,0,,absent_from_canonical_evidence,0,{},expanded_instance_with_definition_and_parents_in_ledger,bb92c118cdb46d1992908bdebdef425caf80ac6ceb1e87d4295ba8d34ca13cfb,True,934a5a991c8ae6c953885c7bc88514752f65c06efbc2b16096b0cb3e076caadf,True,mapped
plan:5ea15252305880d4ad677a24e1d5f05af8f02d0ce791b96927a57e8fa0db201b,4D341/2E64,LWPOLYLINE,0,,absent_from_canonical_evidence,0,{},expanded_instance_with_definition_and_parents_in_ledger,bb92c118cdb46d1992908bdebdef425caf80ac6ceb1e87d4295ba8d34ca13cfb,True,bbac15d64dbb34ef25833be2fb9c1ccdb6e520ec23bd6f821fac0c0cac09a444,True,mapped
plan:5ea8480b6ec7c1a364c2d035849867d7d0cf7889a34b73fa2b4719c0b49e521e,4CE94/4D113,TEXT,0,5',absent_from_canonical_evidence,0,{},expanded_instance_with_definition_and_parents_in_ledger,87e8205798eed99acc0d2246dfb6ee538bf9bd7f7f450804ffe02aa5b926593f,True,0b8856a07dfaae36fb60617749f070a0d0075a608170f033666d9250317f2899,True,mapped
plan:5eb4b25c3fa2d3d7150c077f70ada24421d416e5f2eee157b521b4ec078013e5,4CED4/3F358,TEXT,0,"2,",absent_from_canonical_evidence,0,{},expanded_instance_with_definition_and_parents_in_ledger,75030ddbcaf625eedb3cd5264361835e4ae6f1e709a642c4cb3a02001ba20c6f,True,7007c40afef811997c37a08a8dbc49288d66f3f7ded710ecb1502fcca78592f6,True,mapped
plan:5ed4225102ebf545fbddf476c6e34b58347009ec3cc87254b2a2a507bd17ed02,4CDE4/4D116,TEXT,0,NP9,absent_from_canonical_evidence,0,{},expanded_instance_with_definition_and_parents_in_ledger,8bd5ce7b2c44e9221febbf6eca028a661f9b7c758890c54966016b55702fe931,True,29e795090d2074e1dabe69c29084fa1478c85c5b5b45f3ea3e72d07384325f97,True,mapped
plan:5eeaf4a263c31744c6b79ef7db0423d7c875b8b8a8693609e9fa4b9dca973c6f,4CF3C/3F351,TEXT,0,FM,absent_from_canonical_evidence,0,{},expanded_instance_with_definition_and_parents_in_ledger,052f1b638d0fdc6fbdaed7c281bb6a5f54a33d5c01ed47955ec714064d7dc282,True,ad9f47b2bba42d621eb6bde571ab74ea2c81016bb3f5e8ede6988de3efea4c2d,True,mapped
plan:5f18afd3cecb69bab1b2a6231770edc91eaa7f7e8314bf6c90dae0c4974e77a0,4CEB4/3F354,CIRCLE,0,,graphic_only,0,{},not_delivered_not_automatically_missing,94306d1b822560f3f928eb88a6480e5f9832f3b037a3ad78db40b0479d8af86a,True,e74874a61942ab337a708554f764d4817740fed971f7ffd12565dc468195b1f6,True,mapped
plan:60068e90f014ecdee9b198d2962de6bb5608e6091324a242a37fa5e5a05d3990,4CDD4/3F34A,TEXT,0,NP7,absent_from_canonical_evidence,0,{},expanded_instance_with_definition_and_parents_in_ledger,cba0f256b48f099a69f7b031d01a7455fc01dd1e6837d4131f52d719a3490e6d,True,b408b052e36811f9528244bba49af0545333661d4db2067d31cd412c16c4021a,True,mapped
plan:603dcf45bee57f8363dcf7bfb1227beb00d3595fdddfe412745b4e8edea69ebc,4E29C/4C03B,LINE,LABEL CABLE,,absent_from_canonical_evidence,0,{},expanded_instance_with_definition_and_parents_in_ledger,555b7bc19609616c65edebbf7faff6f4dcee27a0a06c13b1a330e50980ee6d6a,True,ee3adf9fa6ff2aef5b2d1732c149414e0f3daa2433329b6236aedbbe2d75d057,True,graphic_only
plan:606a4d4bb2fde8d3fe4bddffe60c157e7e6e916c749c197c29388d57f268d1f3,4CE6C/4D0E9,LWPOLYLINE,0,,absent_from_canonical_evidence,0,{},expanded_instance_with_definition_and_parents_in_ledger,53ccf2ca40ab8a3677dd930bcd85701d229e34619926d9f5452558a45d1ebbd1,True,a366967dec954d307283a2c550bff5986bae7fb16b93e6dacaea604bb6bbceee,True,mapped
plan:60856f2a521d5df7bd6fff5ee6e90709d95ec011a6291588324205191d24ab05,4CEB4/3F351,TEXT,0,FM,absent_from_canonical_evidence,0,{},expanded_instance_with_definition_and_parents_in_ledger,052f1b638d0fdc6fbdaed7c281bb6a5f54a33d5c01ed47955ec714064d7dc282,True,e74874a61942ab337a708554f764d4817740fed971f7ffd12565dc468195b1f6,True,mapped
plan:60a7de0123616e9e86c1a8b201476193c92e5a89e162475ed46cc24fb5677b85,4CEA4/4D11B,TEXT,0,MTI,absent_from_canonical_evidence,0,{},expanded_instance_with_definition_and_parents_in_ledger,1fef41ba4d65e1bae50f06cadd5025ad5d2f7ea2975b9450cb46117d436a304d,True,49ea8fc10f50f32695447756c1dabf056183df76761c3c148543df64422a8f48,True,mapped
plan:61443d5eb1d14f747c09f608373dc8081437be976470a4cedb10a0b6d25a0a4e,4E299/4C027,LINE,LABEL CABLE,,absent_from_canonical_evidence,0,{},expanded_instance_with_definition_and_parents_in_ledger,9ee6a1c53a96eb2d3c996d7002e65bc7668eb1f440501ede1aaffecde9dd8896,True,a69bf93e367b94f03cfbcae61eb412a675406c9e1aa010778e7e2f7e7c1d4b19,True,graphic_only
plan:6176e537ac60bb80327ea5f56af8d450d77bc977f4a4cd829b2c3b69a167bc78,4CDE4/4D10F,CIRCLE,0,,graphic_only,0,{},not_delivered_not_automatically_missing,5467a143204fe878122eea791ce308cc50be882c0ffa819f63dc04f410e049d7,True,29e795090d2074e1dabe69c29084fa1478c85c5b5b45f3ea3e72d07384325f97,True,mapped
plan:61c68d1d15913b05a79db3661da0165f915eca7b81f88718264763a6be235795,4CF3C/3F34C,TEXT,0,NP7,absent_from_canonical_evidence,0,{},expanded_instance_with_definition_and_parents_in_ledger,a5eb157176bb73918b8cd962d3db724781651ae40e4096ea9c316477fdcbfb13,True,ad9f47b2bba42d621eb6bde571ab74ea2c81016bb3f5e8ede6988de3efea4c2d,True,mapped
plan:61f82bfa1dfaa2860c0beb24fe639a9bf9e19f81f04885b888d032a1d562f661,4CDEC/4D10E,TEXT,0,NP7,absent_from_canonical_evidence,0,{},expanded_instance_with_definition_and_parents_in_ledger,ce249c2f0aaf07d1838f8a6ee37894488d2e4fc89f4a56dfa88bebc6cbb805bb,True,41c80b2910be4ae803bc4f8fb378e4ae1b118ab1bf13d69147a803ca4a5520fe,True,mapped
plan:61fc385aefa99f5f12654e1f3a6969670d9d250eb4a20c04ee96abd15d17b64d,4CDE4/4D11B,TEXT,0,MTI,absent_from_canonical_evidence,0,{},expanded_instance_with_definition_and_parents_in_ledger,1fef41ba4d65e1bae50f06cadd5025ad5d2f7ea2975b9450cb46117d436a304d,True,29e795090d2074e1dabe69c29084fa1478c85c5b5b45f3ea3e72d07384325f97,True,mapped
plan:6246e7e633e159d4a61a5a374fb89e6f28cd8b75d0dcc292fbb68763d19f61fe,4CE8C/3F351,TEXT,0,FM,absent_from_canonical_evidence,0,{},expanded_instance_with_definition_and_parents_in_ledger,052f1b638d0fdc6fbdaed7c281bb6a5f54a33d5c01ed47955ec714064d7dc282,True,e0d82448fd3bdb3f7e3d1bb80c21b1f6807a561d54430ed482b737a009694a45,True,mapped
plan:625973469648c07fbccdcc9e8cdf37cb51564b4b8f49a6f1b503d876d6a9cce4,4CEA4/4D11C,TEXT,0,"2,",absent_from_canonical_evidence,0,{},expanded_instance_with_definition_and_parents_in_ledger,188a72b335eb8c299848b6054d10fb74a5bf8c621eae49912e67729b582ec049,True,49ea8fc10f50f32695447756c1dabf056183df76761c3c148543df64422a8f48,True,mapped
plan:62baeba5be561a112f9ed84f02a1818fa016dbc564a96437657dab336fc5bf9a,4CE9C/3F357,TEXT,0,MTI,absent_from_canonical_evidence,0,{},expanded_instance_with_definition_and_parents_in_ledger,ff1ba06dde906639809567d79e2e21daa53383fe84a72be8c29a867b8789534e,True,6b6180a7fe40abbe099421c3f65bff0956db9b442ce51b9c95f0af2e3b7be6c5,True,mapped
plan:62c1799e8ee8c00940dd55fbf920936a4f24c70a387f52b6f2c8e1691a2d2274,4CDCC/3F350,TEXT,0,3',absent_from_canonical_evidence,0,{},expanded_instance_with_definition_and_parents_in_ledger,457fbcedf425e95cf337b447f86a6c4d9215373a4c0b7ff2f887a6be20ad9a5b,True,efcb09f8e19235a1513d736d9fc615c7eda09de57fb02c002b3453bca20f3bc9,True,mapped
plan:62d27b9d7561fac6619d6813b52a94f7d6e301765e4405ac6aefb09018bbbaec,4CEC4/4D11B,TEXT,0,MTI,absent_from_canonical_evidence,0,{},expanded_instance_with_definition_and_parents_in_ledger,1fef41ba4d65e1bae50f06cadd5025ad5d2f7ea2975b9450cb46117d436a304d,True,042844c8cda9ac3a4f92ed0d6954c11170a8ce41ed2b36b2c1ddccc8aacfac90,True,mapped
plan:62ebe7c99948e3fbc588a438bfd8958d6246312d6d9acb0ca460bdfc2aa59f88,4CF1C/4D114,TEXT,0,3',absent_from_canonical_evidence,0,{},expanded_instance_with_definition_and_parents_in_ledger,9b50908c64a894089d844b98e894fc1ff80e99c4f2f11db1a8fbf110e6022439,True,716b3e8b8cb9872dd2ca0d87029239af4411597a18d07128c2bf0b7bb9862a8d,True,mapped
plan:632a92c4fc1880461cad03db111ecc8c9772e8dafe04da5471dce14693d3bf51,4CE74/3F358,TEXT,0,"2,",absent_from_canonical_evidence,0,{},expanded_instance_with_definition_and_parents_in_ledger,75030ddbcaf625eedb3cd5264361835e4ae6f1e709a642c4cb3a02001ba20c6f,True,099f79f3bd1b85c38c889313cf43601aa4acae882ed11d2c71359b4d05dd09ef,True,mapped
plan:63fd3c635e58ade13a595b1e919f9ee44bc1820dd73ecbced997dabcaf208e71,4D315/2E64,LWPOLYLINE,0,,absent_from_canonical_evidence,0,{},expanded_instance_with_definition_and_parents_in_ledger,bb92c118cdb46d1992908bdebdef425caf80ac6ceb1e87d4295ba8d34ca13cfb,True,42cd4ea567ea3f0130416b378849b98673860ee7b958c9088b26feb016699a95,True,mapped
plan:64508ad75c9579fdb32ac2268265059a664623371c0535f4dfcfe7d8c72a9aba,4CF4C/3F358,TEXT,0,"2,",absent_from_canonical_evidence,0,{},expanded_instance_with_definition_and_parents_in_ledger,75030ddbcaf625eedb3cd5264361835e4ae6f1e709a642c4cb3a02001ba20c6f,True,f7bf47f00b183e3262c3be229fb361b05bc79868f22613a707f36edc35aa35dc,True,mapped
plan:645abd7658febdc8cca00c3c5fb6d69efc5a4892b826ab8687d6e782ba099b8b,4E29B/4C02D,LINE,LABEL CABLE,,absent_from_canonical_evidence,0,{},expanded_instance_with_definition_and_parents_in_ledger,c223b558856d6c30f5cad1e18489b3ef23b5d5c4098dbab48ddb1e5f7eaed84a,True,bd2d63173e3ecf3c0166c0411bbd8e9b72b3c9f3d5dbac24ff97cafc91ad4cba,True,graphic_only
plan:647865ad4ec2f964527cda59f73b4b0e2018dfe43540a60d5f4116620db24954,4CEBC/4D118,CIRCLE,0,,graphic_only,0,{},not_delivered_not_automatically_missing,0570c8e83b9520059623957b386079ab9f3c505ad1500819f9e267a7465b806c,True,35ade6bbc7e13fa4e43613caa0171f49cf10f4af719127b077041094ce23dd48,True,mapped
plan:64c5f7c2a465ddb39b4676538a32b13f748179341317180872cc61da79faff7e,4D347/2E66,HATCH,0,,graphic_only,0,{},not_delivered_not_automatically_missing,0cd841bb19f4fbc9fada3d76fbc2c7904ad59db113909e3a3c416bb11ce671c9,True,1af10064142bd93ca25ad68a1a5b289382961bef534eacc33587cd9f4a698df2,True,mapped
plan:64df5c86bf4cd29ba0799d8efece9e404cebee979724a9521f34a7e7939ae5e1,4CDD4/3F34D,LWPOLYLINE,0,,absent_from_canonical_evidence,0,{},expanded_instance_with_definition_and_parents_in_ledger,3c130b24b3184d72e97b034dcfd697ddd1e49816921acaa8d7ee04fec1d7f382,True,b408b052e36811f9528244bba49af0545333661d4db2067d31cd412c16c4021a,True,mapped
plan:6565ff13f661e534fa9c1b13101cc761aca068fb92d09ff43c3cecd9b949c10a,4D311/2E66,HATCH,0,,graphic_only,0,{},not_delivered_not_automatically_missing,0cd841bb19f4fbc9fada3d76fbc2c7904ad59db113909e3a3c416bb11ce671c9,True,b0573a40628e1326ffc201ba422a9dc2584c7f2aba1fad7f54a9cf3e52476250,True,mapped
plan:65a52c0f4c64cdbf848403bb31d1f73c5d50e703d9226d806859b01640699403,4CEB4/3F350,TEXT,0,3',absent_from_canonical_evidence,0,{},expanded_instance_with_definition_and_parents_in_ledger,457fbcedf425e95cf337b447f86a6c4d9215373a4c0b7ff2f887a6be20ad9a5b,True,e74874a61942ab337a708554f764d4817740fed971f7ffd12565dc468195b1f6,True,mapped
plan:66186374390e1017356cafbb5c02dcf3a8d4d5435df82f581a9e3c0b9a6c6a6a,4CE64/3F34F,TEXT,0,5',absent_from_canonical_evidence,0,{},expanded_instance_with_definition_and_parents_in_ledger,b39da2e7005e52f7f77fd658c0c1e793319f396bfcdc2a80a4af4d9a9e1e0e70,True,7ad13a1c8f016578132b2c3ec313e6f9341bd2b2aebeea3d2befe2644ea011f0,True,mapped
plan:661bcea8234c0d66a0e50411ea253a9ef2a7d5683ffd816181c019ce1341c808,4CEC4/4D117,TEXT,0,4',absent_from_canonical_evidence,0,{},expanded_instance_with_definition_and_parents_in_ledger,36371714a1ed076d5dc758985b76858ac2ed7692bb46e5ef020f0060bb3bcc5d,True,042844c8cda9ac3a4f92ed0d6954c11170a8ce41ed2b36b2c1ddccc8aacfac90,True,mapped
plan:6654734c5d78a89cf123993cf23c4ab00993e5eb02a944d4b00c8260902744c9,4CEAC/3F34D,LWPOLYLINE,0,,absent_from_canonical_evidence,0,{},expanded_instance_with_definition_and_parents_in_ledger,3c130b24b3184d72e97b034dcfd697ddd1e49816921acaa8d7ee04fec1d7f382,True,15456f6652b8b0cf153d05e204c9feaac8dd55a8ddf93dd16a681bebf3dc3aa8,True,mapped
plan:667b878ccaa49bbc35d75e3687c134472716317f49946490885456da6b5c3ec8,4CEB4/3F34C,TEXT,0,NP7,absent_from_canonical_evidence,0,{},expanded_instance_with_definition_and_parents_in_ledger,a5eb157176bb73918b8cd962d3db724781651ae40e4096ea9c316477fdcbfb13,True,e74874a61942ab337a708554f764d4817740fed971f7ffd12565dc468195b1f6,True,mapped
plan:66cc4b8cb54a5eb7e85c4c08682be0e45a5999a6e1d90608bb46b7f2dbe0db6c,4E29A/4C023,LINE,LABEL CABLE,,absent_from_canonical_evidence,0,{},expanded_instance_with_definition_and_parents_in_ledger,7fdc8f456713c71cd97bd1da7ac600a5ce77e0d9b2e01fd7e0901d32d6c02ec5,True,947a82a8a20bf71fe88f5d306d408ac01ee8476ff2b0f646b15dcceee8fe863a,True,graphic_only
plan:66cc6a9479587d7752ca681f9d2f228711f58345fcfd850970e477e12404a44d,4CE14/4D111,LWPOLYLINE,0,,absent_from_canonical_evidence,0,{},expanded_instance_with_definition_and_parents_in_ledger,450f6d435f11fd1ae339aa205d7c4aad6d78c64cc8cb462bb1e7c9c573893f53,True,5973fad66deeec6d802fac53f27e1bf414bd7272788c0066111dc717d4ec1587,True,mapped
plan:66e13b7b94cf0afd8de4abb5cc29bdd8df76b323ee802035ccb051b53bebb052,4CEAC/3F350,TEXT,0,3',absent_from_canonical_evidence,0,{},expanded_instance_with_definition_and_parents_in_ledger,457fbcedf425e95cf337b447f86a6c4d9215373a4c0b7ff2f887a6be20ad9a5b,True,15456f6652b8b0cf153d05e204c9feaac8dd55a8ddf93dd16a681bebf3dc3aa8,True,mapped
plan:66fea9ff4b716594288ba437443f74e069edd8c5f80d47e7a123b75499084d6f,4CE64/3F354,CIRCLE,0,,graphic_only,0,{},not_delivered_not_automatically_missing,94306d1b822560f3f928eb88a6480e5f9832f3b037a3ad78db40b0479d8af86a,True,7ad13a1c8f016578132b2c3ec313e6f9341bd2b2aebeea3d2befe2644ea011f0,True,mapped
plan:67128e0815209891f7fe5035c510464fee1e07aea35eab5d706fb4559ff6916c,4CF8C/4D117,TEXT,0,4',absent_from_canonical_evidence,0,{},expanded_instance_with_definition_and_parents_in_ledger,36371714a1ed076d5dc758985b76858ac2ed7692bb46e5ef020f0060bb3bcc5d,True,339bfeb586f8e2f24be6322b657651b50d4c6f28158b8d12395c9f6760562279,True,mapped
plan:673cd2c8bd1fa81f54bc5f4ee3e4feefee993e7a8f4c0222e27f2c88778437bd,4CF1C/4D117,TEXT,0,4',absent_from_canonical_evidence,0,{},expanded_instance_with_definition_and_parents_in_ledger,36371714a1ed076d5dc758985b76858ac2ed7692bb46e5ef020f0060bb3bcc5d,True,716b3e8b8cb9872dd2ca0d87029239af4411597a18d07128c2bf0b7bb9862a8d,True,mapped
plan:677a58d0b94057c41a3f1b91e56e16608b07b79cb78dff5ba199bd791e68767f,4CF1C/4D111,LWPOLYLINE,0,,absent_from_canonical_evidence,0,{},expanded_instance_with_definition_and_parents_in_ledger,450f6d435f11fd1ae339aa205d7c4aad6d78c64cc8cb462bb1e7c9c573893f53,True,716b3e8b8cb9872dd2ca0d87029239af4411597a18d07128c2bf0b7bb9862a8d,True,mapped
plan:6783c0fba07ad156eb2fa446e40f482bcfb1672b4fd5799310f0e3b427faaaf8,4D315/2E66,HATCH,0,,graphic_only,0,{},not_delivered_not_automatically_missing,0cd841bb19f4fbc9fada3d76fbc2c7904ad59db113909e3a3c416bb11ce671c9,True,42cd4ea567ea3f0130416b378849b98673860ee7b958c9088b26feb016699a95,True,mapped
plan:67c96f8a528b3c46258f93ec3766d1154785a39f058058707ae49675b84bc483,4D0B5/2E5A,LWPOLYLINE,0,,absent_from_canonical_evidence,0,{},expanded_instance_with_definition_and_parents_in_ledger,c0926ce5d597ec490ca2212fad988730828ac1b3a8f0145188f623e85908ccdf,True,a89cf21f2cfd90811a89068f8734d2a8ea5b9eddb0f6ee539d6f5fe68d1890c1,True,mapped
plan:681e98a0a314e874eeeb2b512d9356c96f23f2b979d54e3dd208b71af840bf25,4CF9C/3F34F,TEXT,0,5',absent_from_canonical_evidence,0,{},expanded_instance_with_definition_and_parents_in_ledger,b39da2e7005e52f7f77fd658c0c1e793319f396bfcdc2a80a4af4d9a9e1e0e70,True,abe68b7124d7f04d48f400f6cea9065be071768b640fcf53b3d289c478b97c9e,True,mapped
plan:682c9a2d7e096beab380d4c603e402f7bbb604b4a7b71172a55922bad1921ad8,4CF44/3F34C,TEXT,0,NP7,absent_from_canonical_evidence,0,{},expanded_instance_with_definition_and_parents_in_ledger,a5eb157176bb73918b8cd962d3db724781651ae40e4096ea9c316477fdcbfb13,True,270d1c5c4756523fc8a57cc50a53f9aa319e723d17abde30fbd34e7de564a3f7,True,mapped
plan:686b8ece1bf0e99325258d91c13ea9359e08fcbd8733d8ec80895c793112e5b2,4D2FD/2E67,LWPOLYLINE,0,,absent_from_canonical_evidence,0,{},expanded_instance_with_definition_and_parents_in_ledger,b93a0becf34749f571acc539a1e6f9c65092d9c247b3be97560def8c152872eb,True,934a5a991c8ae6c953885c7bc88514752f65c06efbc2b16096b0cb3e076caadf,True,mapped
plan:68a1e1e7c33dc768d17d581fd29bfb4d6ea11f1a1babcf06347d15e2f375128b,4CE4C/4D116,TEXT,0,NP9,absent_from_canonical_evidence,0,{},expanded_instance_with_definition_and_parents_in_ledger,8bd5ce7b2c44e9221febbf6eca028a661f9b7c758890c54966016b55702fe931,True,fc10a96af2baf82e5734647f076b2484be5db2d2b442100136c457ec374b0478,True,mapped
plan:68f0012071bc16049c823a875a95a01fe165201bffb189b709b688e83490f8cd,4E29C/4C039,LINE,LABEL CABLE,,absent_from_canonical_evidence,0,{},expanded_instance_with_definition_and_parents_in_ledger,e113dff9275180382f35f9aa74deb917678315d98978f7f31993f57559962d67,True,ee3adf9fa6ff2aef5b2d1732c149414e0f3daa2433329b6236aedbbe2d75d057,True,graphic_only
plan:69446f92d4c5bd6a948a2de7cbfab86a5883d793c3e3e74adc691faee678e01a,4CDBC/3F357,TEXT,0,MTI,absent_from_canonical_evidence,0,{},expanded_instance_with_definition_and_parents_in_ledger,ff1ba06dde906639809567d79e2e21daa53383fe84a72be8c29a867b8789534e,True,0c4e1061b8e9d0802d37528196bcae2ca9c4ce33644ef698a782b6491f1d334e,True,mapped
plan:699f68d51d6480c86e3a7a9492f9da4c95fa7ec5f9281a219437f8070a932e4a,4CFCF/4D119,LWPOLYLINE,0,,absent_from_canonical_evidence,0,{},expanded_instance_with_definition_and_parents_in_ledger,c9f7ece77019174e47b03754cb85c4547ebf4a910e2b2336e4aa6decc81016f0,True,8f6257c387b26db4fc3d33da9195204e3e135d9ba0a098f1c05c190e359a0e64,True,mapped
plan:69b2c5984e6a4c164671276156b70b59946bc775672a71747e7f819419e58bcb,4E29A/4C035,LINE,LABEL CABLE,,absent_from_canonical_evidence,0,{},expanded_instance_with_definition_and_parents_in_ledger,606dd32be7d1b1e7e1621e4d4c290b39223bb9bd5c08d3615cc6d47ba39935ea,True,947a82a8a20bf71fe88f5d306d408ac01ee8476ff2b0f646b15dcceee8fe863a,True,graphic_only
plan:69e1060a6d6143472309896b77d572519866127350682849f879abaca7e78806,4E29B/4C038,LINE,LABEL CABLE,,absent_from_canonical_evidence,0,{},expanded_instance_with_definition_and_parents_in_ledger,7ea8280f4c0b83e827a390eab2d7527159cb516de4d2b46242def5c310e6cf19,True,bd2d63173e3ecf3c0166c0411bbd8e9b72b3c9f3d5dbac24ff97cafc91ad4cba,True,graphic_only
plan:69f143de8f4e9adcaa64426e1e83559a12c8e261640ec0f2e277259c0e3b704b,4CE5C/3F354,CIRCLE,0,,graphic_only,0,{},not_delivered_not_automatically_missing,94306d1b822560f3f928eb88a6480e5f9832f3b037a3ad78db40b0479d8af86a,True,de1a2e44aadb061601c42cbdc252b8c3a1ad9f33438a7a6f7974773856edb084,True,mapped
plan:6a1cca636698b9bfa1f0418ea01cb46acacc60497cce4f5ba43c53fbd8399cba,4E29C/4C025,LINE,LABEL CABLE,,absent_from_canonical_evidence,0,{},expanded_instance_with_definition_and_parents_in_ledger,0c6d2128fcc359f9141c65d041c73ee8676fc1c22d51c7a562553fe7eb7523a4,True,ee3adf9fa6ff2aef5b2d1732c149414e0f3daa2433329b6236aedbbe2d75d057,True,graphic_only
plan:6a4c0ee4bd7a70907030fd6243a4f9f9fb15b6f220b8c76b23054988fa9ab4fa,4CE4C/4D11C,TEXT,0,"2,",absent_from_canonical_evidence,0,{},expanded_instance_with_definition_and_parents_in_ledger,188a72b335eb8c299848b6054d10fb74a5bf8c621eae49912e67729b582ec049,True,fc10a96af2baf82e5734647f076b2484be5db2d2b442100136c457ec374b0478,True,mapped
plan:6a6045314d6b407118ebc3881a4a7ac394712aceb2f34a2d59f06882ab2d6169,4CDEC/4D111,LWPOLYLINE,0,,absent_from_canonical_evidence,0,{},expanded_instance_with_definition_and_parents_in_ledger,450f6d435f11fd1ae339aa205d7c4aad6d78c64cc8cb462bb1e7c9c573893f53,True,41c80b2910be4ae803bc4f8fb378e4ae1b118ab1bf13d69147a803ca4a5520fe,True,mapped
plan:6acd260fcf8aea0633ba41108f59539306e2f31887e2c1895b9b2e3a37e30ee2,4CEB4/3F355,LWPOLYLINE,0,,absent_from_canonical_evidence,0,{},expanded_instance_with_definition_and_parents_in_ledger,5eee604297a501ce8829f5b6d8ba6c6319575b3aae3bc7f16ff302fb9425c773,True,e74874a61942ab337a708554f764d4817740fed971f7ffd12565dc468195b1f6,True,mapped
plan:6acda49657013e3851c0ea5e2c7e6d5d1516c509bb3b0747fa5bf06658fbd1c0,4CF8C/4D110,TEXT,0,NP7,absent_from_canonical_evidence,0,{},expanded_instance_with_definition_and_parents_in_ledger,badee6318ffcd26819fafc6d683d714975d5f53724bdf69e83f22fc067a23a2c,True,339bfeb586f8e2f24be6322b657651b50d4c6f28158b8d12395c9f6760562279,True,mapped
plan:6b0e075fe6144b45038d4a59cf163166f695e2a0c8c868fe622a5342114ab030,4CE94/4D10F,CIRCLE,0,,graphic_only,0,{},not_delivered_not_automatically_missing,5467a143204fe878122eea791ce308cc50be882c0ffa819f63dc04f410e049d7,True,0b8856a07dfaae36fb60617749f070a0d0075a608170f033666d9250317f2899,True,mapped
plan:6b38663f6a0f336b42f75dfff7ff52fcf71effc974e4aab06dc1d5c4f13645ea,4CE94/4D118,CIRCLE,0,,graphic_only,0,{},not_delivered_not_automatically_missing,0570c8e83b9520059623957b386079ab9f3c505ad1500819f9e267a7465b806c,True,0b8856a07dfaae36fb60617749f070a0d0075a608170f033666d9250317f2899,True,mapped
plan:6c0250289163f35fb69b6584765a0a29dd4a7014c8857e2e156fa5b12b95427f,4CF4C/3F34D,LWPOLYLINE,0,,absent_from_canonical_evidence,0,{},expanded_instance_with_definition_and_parents_in_ledger,3c130b24b3184d72e97b034dcfd697ddd1e49816921acaa8d7ee04fec1d7f382,True,f7bf47f00b183e3262c3be229fb361b05bc79868f22613a707f36edc35aa35dc,True,mapped
plan:6c0d9679f1347868da3a433d8930c5c4a9b6164d6692bd073d079e71d169362a,4CF7C/3F34C,TEXT,0,NP7,absent_from_canonical_evidence,0,{},expanded_instance_with_definition_and_parents_in_ledger,a5eb157176bb73918b8cd962d3db724781651ae40e4096ea9c316477fdcbfb13,True,cac21d548ca26b99dc41759b1a5d756a9d8192d2ca7a10284a062761a06d1b3f,True,mapped
plan:6c4489b6f9de79ccba61a885c13968d18b19eba00141e6588bae094d185fb080,4CDDC/3F350,TEXT,0,3',absent_from_canonical_evidence,0,{},expanded_instance_with_definition_and_parents_in_ledger,457fbcedf425e95cf337b447f86a6c4d9215373a4c0b7ff2f887a6be20ad9a5b,True,d1bd239a2000a21de4d6c6d3db83a3db4dfe57af41fc78e18008dabc89af6ef2,True,mapped
plan:6c7c4fb0dda366a2db769f357a7b2c61b154211b3ed21b35827766efdcd86b2e,4CE3C/4D118,CIRCLE,0,,graphic_only,0,{},not_delivered_not_automatically_missing,0570c8e83b9520059623957b386079ab9f3c505ad1500819f9e267a7465b806c,True,607bbbf8f25cbc2901c1f8784d4e063ccca30443f61c029953fbf882b61ec225,True,mapped
plan:6c914bac878c23224879e839ce44e8acc9861768944de9cc6ae8b6f767b4ac27,4CEE4/4D10F,CIRCLE,0,,graphic_only,0,{},not_delivered_not_automatically_missing,5467a143204fe878122eea791ce308cc50be882c0ffa819f63dc04f410e049d7,True,c9897f7ecabfaaa60b8f30880dfc568f37a7daaac45461813ee3fa7c46c61d6c,True,mapped
plan:6d541ee189566ea5251a664fcfa463d4462a3fa9b194488c775a7e1ddc3fd6bd,4CEC4/4D118,CIRCLE,0,,graphic_only,0,{},not_delivered_not_automatically_missing,0570c8e83b9520059623957b386079ab9f3c505ad1500819f9e267a7465b806c,True,042844c8cda9ac3a4f92ed0d6954c11170a8ce41ed2b36b2c1ddccc8aacfac90,True,mapped
plan:6dee224eedd3bd6e828a2601f423f650d1f5ad7a7b1b643a69d7ffa9034c93eb,4CEE4/4D111,LWPOLYLINE,0,,absent_from_canonical_evidence,0,{},expanded_instance_with_definition_and_parents_in_ledger,450f6d435f11fd1ae339aa205d7c4aad6d78c64cc8cb462bb1e7c9c573893f53,True,c9897f7ecabfaaa60b8f30880dfc568f37a7daaac45461813ee3fa7c46c61d6c,True,mapped
plan:6e2c0583dd91d521040770aa89283c5a35eccbc403aa04e2b2bae0fe1f95d1e6,4D347/2E64,LWPOLYLINE,0,,absent_from_canonical_evidence,0,{},expanded_instance_with_definition_and_parents_in_ledger,bb92c118cdb46d1992908bdebdef425caf80ac6ceb1e87d4295ba8d34ca13cfb,True,1af10064142bd93ca25ad68a1a5b289382961bef534eacc33587cd9f4a698df2,True,mapped
plan:6e6e4eda4fe66dee38327ac54a5fce46cf2182eb27292474d40836f95afe207c,4CE4C/4D11B,TEXT,0,MTI,absent_from_canonical_evidence,0,{},expanded_instance_with_definition_and_parents_in_ledger,1fef41ba4d65e1bae50f06cadd5025ad5d2f7ea2975b9450cb46117d436a304d,True,fc10a96af2baf82e5734647f076b2484be5db2d2b442100136c457ec374b0478,True,mapped
plan:6e8ea990b8bb33d2a9069b435c2954318d8a675b463953350f49ef7438c5def8,4CE74/3F352,TEXT,0,NP9,absent_from_canonical_evidence,0,{},expanded_instance_with_definition_and_parents_in_ledger,414a107d0dd2555d8f98da20db776998a3929d363fd40d42baa0f033c58d3b4c,True,099f79f3bd1b85c38c889313cf43601aa4acae882ed11d2c71359b4d05dd09ef,True,mapped
plan:6e92a0eb4ac2e3c4f6d053a98b0c3799e4a572afcbc63b751c54713aeff3e6de,4CF14/3F358,TEXT,0,"2,",absent_from_canonical_evidence,0,{},expanded_instance_with_definition_and_parents_in_ledger,75030ddbcaf625eedb3cd5264361835e4ae6f1e709a642c4cb3a02001ba20c6f,True,3342afe08260a237538d0a6d4054e6b0432f9c5d248d54d44353b8ded1122b4c,True,mapped
plan:6efc9cbfbb6b73f5c61131652d09ae527ba7e420abc3dca46e2810d6d8d3807e,4CE3C/4D11A,LWPOLYLINE,0,,absent_from_canonical_evidence,0,{},expanded_instance_with_definition_and_parents_in_ledger,7f2e1b6732c6aa3b206452573c8ff2b9a7a68b8ec87c1549c20f0c96df1678f7,True,607bbbf8f25cbc2901c1f8784d4e063ccca30443f61c029953fbf882b61ec225,True,mapped
plan:6fbf840725c712da561756e4e011874a86d13e3b8c874a7dfc061f777ef2c8a2,4E29D/4C026,LINE,LABEL CABLE,,absent_from_canonical_evidence,0,{},expanded_instance_with_definition_and_parents_in_ledger,1aecbebddd4dc18cb9ef274bd1a002841c913a989dc77ef00c0162ad33477c64,True,37d9ba57e084b23b16f94c06d3ec4c1f1198bacc8228b50c46923dc0a02a77da,True,graphic_only
plan:7011b6261206e3a429cc46268bab4249aa735df23b6c9e5c52b410d7e1450240,4E29B/4C031,LINE,LABEL CABLE,,absent_from_canonical_evidence,0,{},expanded_instance_with_definition_and_parents_in_ledger,686248220d874c84eb5ae5847651e00751568783f1af3191528acfde05797ff2,True,bd2d63173e3ecf3c0166c0411bbd8e9b72b3c9f3d5dbac24ff97cafc91ad4cba,True,graphic_only
plan:706ad12c60ad798d2e124ed4aff09613e6f6114c7b90fca91443cdae063d05af,4CE34/3F34D,LWPOLYLINE,0,,absent_from_canonical_evidence,0,{},expanded_instance_with_definition_and_parents_in_ledger,3c130b24b3184d72e97b034dcfd697ddd1e49816921acaa8d7ee04fec1d7f382,True,27589a013cc657df20593101079f55882437e77e487eb5ad5eef9b9b8472b8e8,True,mapped
plan:7072ae47d904fb0e2dcc4438f7e6575f7ebadd464177d8c003a3cd78997d76b0,4CF3C/3F350,TEXT,0,3',absent_from_canonical_evidence,0,{},expanded_instance_with_definition_and_parents_in_ledger,457fbcedf425e95cf337b447f86a6c4d9215373a4c0b7ff2f887a6be20ad9a5b,True,ad9f47b2bba42d621eb6bde571ab74ea2c81016bb3f5e8ede6988de3efea4c2d,True,mapped
plan:7120b9332544674dc497e1e8f1aa26410f3aa1f3fc8e21f0e920b91b1fa306da,4E29D/4C035,LINE,LABEL CABLE,,absent_from_canonical_evidence,0,{},expanded_instance_with_definition_and_parents_in_ledger,606dd32be7d1b1e7e1621e4d4c290b39223bb9bd5c08d3615cc6d47ba39935ea,True,37d9ba57e084b23b16f94c06d3ec4c1f1198bacc8228b50c46923dc0a02a77da,True,graphic_only
plan:716c3a538e6d409daf6d8e7817618441f762dfd3841bfd459fd2c881506029f3,4CECC/3F354,CIRCLE,0,,graphic_only,0,{},not_delivered_not_automatically_missing,94306d1b822560f3f928eb88a6480e5f9832f3b037a3ad78db40b0479d8af86a,True,f95825a238a31d1e32e28dc0b80e96d80ae5c0bf40909548e0048662869a3577,True,mapped
plan:716cd18d6e931b3b4bb11d192bd3b5022e011b656c3547bd887fcfa8df26670b,4CE34/3F34E,LWPOLYLINE,0,,absent_from_canonical_evidence,0,{},expanded_instance_with_definition_and_parents_in_ledger,eb4b79320c746eb6acb77f2a88c80f800fdabf3d15fb85ac9279e4ac8409d600,True,27589a013cc657df20593101079f55882437e77e487eb5ad5eef9b9b8472b8e8,True,mapped
plan:718fb0e1cb7f8ea9aaea88739085e45f2792e1d05ba3d3fc4a0274a9036d6395,4CEA4/4D111,LWPOLYLINE,0,,absent_from_canonical_evidence,0,{},expanded_instance_with_definition_and_parents_in_ledger,450f6d435f11fd1ae339aa205d7c4aad6d78c64cc8cb462bb1e7c9c573893f53,True,49ea8fc10f50f32695447756c1dabf056183df76761c3c148543df64422a8f48,True,mapped
plan:71cf688b8ad72a5958c28e4f4cdc8aff6a6471154d4af38e2c4cd9f7704b5b76,4CE9C/3F353,TEXT,0,4',absent_from_canonical_evidence,0,{},expanded_instance_with_definition_and_parents_in_ledger,3150cea3120c3a06319bc0fd9dff5b254e041f026f7fbdc39d59f7dfe8904ecd,True,6b6180a7fe40abbe099421c3f65bff0956db9b442ce51b9c95f0af2e3b7be6c5,True,mapped
plan:72494c134bbf9bdeb56fdbcb3e97b6a2a1b788b283d2df191da81d09b6b76f06,4CFC7/3F350,TEXT,0,3',absent_from_canonical_evidence,0,{},expanded_instance_with_definition_and_parents_in_ledger,457fbcedf425e95cf337b447f86a6c4d9215373a4c0b7ff2f887a6be20ad9a5b,True,950abb7913d3be6166ff2d8ebfabb8899f8c5b25396ded74a3091b542150ae7f,True,mapped
plan:7249fe254a29e4f69d7fcfcf8d3dcc4dbe1f456709679ff34d55dd1266d4f55b,4CDDC/3F34E,LWPOLYLINE,0,,absent_from_canonical_evidence,0,{},expanded_instance_with_definition_and_parents_in_ledger,eb4b79320c746eb6acb77f2a88c80f800fdabf3d15fb85ac9279e4ac8409d600,True,d1bd239a2000a21de4d6c6d3db83a3db4dfe57af41fc78e18008dabc89af6ef2,True,mapped
plan:72a124ca797a58caf8be784d34ca93045568c3a0b9fcdecda8abff65934ee2b9,4CF7C/3F353,TEXT,0,4',absent_from_canonical_evidence,0,{},expanded_instance_with_definition_and_parents_in_ledger,3150cea3120c3a06319bc0fd9dff5b254e041f026f7fbdc39d59f7dfe8904ecd,True,cac21d548ca26b99dc41759b1a5d756a9d8192d2ca7a10284a062761a06d1b3f,True,mapped
plan:735ed8f0de71ec38e6cd42b828f5a07ceef0651f41f8c825339cacb4451e814a,4CEF4/4D113,TEXT,0,5',absent_from_canonical_evidence,0,{},expanded_instance_with_definition_and_parents_in_ledger,87e8205798eed99acc0d2246dfb6ee538bf9bd7f7f450804ffe02aa5b926593f,True,e5f4ba071a0ef2cc9003b65924705f342c46538502d0b4f7b8fbfcedca1c0c38,True,mapped
plan:73af11cdfeeaee3a3500c2c67b0f404febeec421b8715a2eedbb015732aaafa2,4CF1C/4D10F,CIRCLE,0,,graphic_only,0,{},not_delivered_not_automatically_missing,5467a143204fe878122eea791ce308cc50be882c0ffa819f63dc04f410e049d7,True,716b3e8b8cb9872dd2ca0d87029239af4411597a18d07128c2bf0b7bb9862a8d,True,mapped
plan:74265bf19b4a17b5843d02bb0cde6352de4838315f852f88832a4e6add055f2a,4CE04/3F350,TEXT,0,3',absent_from_canonical_evidence,0,{},expanded_instance_with_definition_and_parents_in_ledger,457fbcedf425e95cf337b447f86a6c4d9215373a4c0b7ff2f887a6be20ad9a5b,True,4a2f55caec8f9245cb11b77ceee8c5654af597a94881b68213de7a0e104c5313,True,mapped
plan:744ef0f79f8e966f09ecb29a916b03887541ef57827be90b7afd65f1d9ff620e,4CF0C/4D10F,CIRCLE,0,,graphic_only,0,{},not_delivered_not_automatically_missing,5467a143204fe878122eea791ce308cc50be882c0ffa819f63dc04f410e049d7,True,72b5c48e95b8fbacf77ffa325062449dc776ab8861dec1e19b6ceef934860715,True,mapped
plan:74bba2297b08f15e8fe385fe977d089f107f1835b357019f2ce7a44a5afe7fbc,4D329/2E67,LWPOLYLINE,0,,absent_from_canonical_evidence,0,{},expanded_instance_with_definition_and_parents_in_ledger,b93a0becf34749f571acc539a1e6f9c65092d9c247b3be97560def8c152872eb,True,786b1b0e2105c517b56eab9c71739bb9b991bb021d0ec6ff4e6f3c5b9225279a,True,mapped
plan:74c8e8b886ea091b034cc0bae53cd2cbc58564c87a510fc1e19c23d565194093,4D311/2E64,LWPOLYLINE,0,,absent_from_canonical_evidence,0,{},expanded_instance_with_definition_and_parents_in_ledger,bb92c118cdb46d1992908bdebdef425caf80ac6ceb1e87d4295ba8d34ca13cfb,True,b0573a40628e1326ffc201ba422a9dc2584c7f2aba1fad7f54a9cf3e52476250,True,mapped
plan:752b1d0433e4442689cdbf1c7ff154a4fa6cd45839e9b9b14715c23474de0d38,4CE04/3F358,TEXT,0,"2,",absent_from_canonical_evidence,0,{},expanded_instance_with_definition_and_parents_in_ledger,75030ddbcaf625eedb3cd5264361835e4ae6f1e709a642c4cb3a02001ba20c6f,True,4a2f55caec8f9245cb11b77ceee8c5654af597a94881b68213de7a0e104c5313,True,mapped
plan:7541c8111b8ad6774f032c181d3e33111de8b13198a186307708e3a78a053e8b,4CE74/3F356,LWPOLYLINE,0,,absent_from_canonical_evidence,0,{},expanded_instance_with_definition_and_parents_in_ledger,5dc0b421eca7ad29a3eb1ef807168fd478a20640c85a7846a644720d694e141f,True,099f79f3bd1b85c38c889313cf43601aa4acae882ed11d2c71359b4d05dd09ef,True,mapped
plan:75c2e0a9907deeab503603a342335b8d6bd69c9e79514ad84b8dd705f1304123,4CE3C/4D111,LWPOLYLINE,0,,absent_from_canonical_evidence,0,{},expanded_instance_with_definition_and_parents_in_ledger,450f6d435f11fd1ae339aa205d7c4aad6d78c64cc8cb462bb1e7c9c573893f53,True,607bbbf8f25cbc2901c1f8784d4e063ccca30443f61c029953fbf882b61ec225,True,mapped
plan:75fa2574762a75f0fc1478ecf1bfe84e3ca5d3bdc5f7af5f28051f6ab44de496,4CE1C/3F34F,TEXT,0,5',absent_from_canonical_evidence,0,{},expanded_instance_with_definition_and_parents_in_ledger,b39da2e7005e52f7f77fd658c0c1e793319f396bfcdc2a80a4af4d9a9e1e0e70,True,ff7632aaa9b368279ed333c645d875120ae2d61a8b580ce0c6c14d4023037808,True,mapped
plan:75fac55acb0fd8ff6a282fdda4d6c7c73042563b57687bdf6474ba4df1a0e8b3,4D341/2E65,LWPOLYLINE,0,,absent_from_canonical_evidence,0,{},expanded_instance_with_definition_and_parents_in_ledger,315b63473bfd040ed86c91e882188e51371403c2325e7c9c46417d98056f0992,True,bbac15d64dbb34ef25833be2fb9c1ccdb6e520ec23bd6f821fac0c0cac09a444,True,mapped
plan:7610f2d134c399d7647419a6ab7bdc9522956ab2601d638e4a6d186c652ba5f9,4CDF4/3F351,TEXT,0,FM,absent_from_canonical_evidence,0,{},expanded_instance_with_definition_and_parents_in_ledger,052f1b638d0fdc6fbdaed7c281bb6a5f54a33d5c01ed47955ec714064d7dc282,True,365b3fdd9d9a873e39d6b8033039cfe3d9451488545ef8b6df9238d2113a0522,True,mapped
plan:7620013c76b1275a5986f8a12435fd914c8bb5ccbb82b7771b4ad246d172ba1a,4CDE4/4D114,TEXT,0,3',absent_from_canonical_evidence,0,{},expanded_instance_with_definition_and_parents_in_ledger,9b50908c64a894089d844b98e894fc1ff80e99c4f2f11db1a8fbf110e6022439,True,29e795090d2074e1dabe69c29084fa1478c85c5b5b45f3ea3e72d07384325f97,True,mapped
plan:7628889917d544657f0159347984e9c45f5305056ada4fd3bb6ccc2823daac4c,4D31D/2E67,LWPOLYLINE,0,,absent_from_canonical_evidence,0,{},expanded_instance_with_definition_and_parents_in_ledger,b93a0becf34749f571acc539a1e6f9c65092d9c247b3be97560def8c152872eb,True,626467d00afe004b4590bf9884308ccc2bc39cfe68443b1760dd8315eb2c5ff3,True,mapped
plan:7645679fa773ae6a0987f699f15e4d58cc6da6ba57151359fc624cc4a5c7a4ea,4D325/2E66,HATCH,0,,graphic_only,0,{},not_delivered_not_automatically_missing,0cd841bb19f4fbc9fada3d76fbc2c7904ad59db113909e3a3c416bb11ce671c9,True,a2fd6dcf0b84defcb964a6d7340f29567990028330c410e9de49a66e2ee04ad2,True,mapped
plan:76ccb72a480ceee60544d6e1f2b5a022684f21b8e27158009b78edac892b8d8f,4CEC4/4D11A,LWPOLYLINE,0,,absent_from_canonical_evidence,0,{},expanded_instance_with_definition_and_parents_in_ledger,7f2e1b6732c6aa3b206452573c8ff2b9a7a68b8ec87c1549c20f0c96df1678f7,True,042844c8cda9ac3a4f92ed0d6954c11170a8ce41ed2b36b2c1ddccc8aacfac90,True,mapped
plan:77621122d0a8f6a363c02c2463f38e4228e545e401cce16436979c1abe0d38ac,4CE34/3F353,TEXT,0,4',absent_from_canonical_evidence,0,{},expanded_instance_with_definition_and_parents_in_ledger,3150cea3120c3a06319bc0fd9dff5b254e041f026f7fbdc39d59f7dfe8904ecd,True,27589a013cc657df20593101079f55882437e77e487eb5ad5eef9b9b8472b8e8,True,mapped
plan:7765fd2a1ae36befb19080dcfb20cf793195009bc2507335588963d478046fb1,4CF7C/3F34D,LWPOLYLINE,0,,absent_from_canonical_evidence,0,{},expanded_instance_with_definition_and_parents_in_ledger,3c130b24b3184d72e97b034dcfd697ddd1e49816921acaa8d7ee04fec1d7f382,True,cac21d548ca26b99dc41759b1a5d756a9d8192d2ca7a10284a062761a06d1b3f,True,mapped
plan:77a6eb61935f1edfc766e6cccde5317178bfc8d1926e7c2af116588a3a83ca8e,4CFCF/4D117,TEXT,0,4',absent_from_canonical_evidence,0,{},expanded_instance_with_definition_and_parents_in_ledger,36371714a1ed076d5dc758985b76858ac2ed7692bb46e5ef020f0060bb3bcc5d,True,8f6257c387b26db4fc3d33da9195204e3e135d9ba0a098f1c05c190e359a0e64,True,mapped
plan:77de7a33cf93ece8e510f418eadc56e152ad973603d2d758a260067d87369725,4E29D/4C036,LINE,LABEL CABLE,,absent_from_canonical_evidence,0,{},expanded_instance_with_definition_and_parents_in_ledger,41bd25d2cfc0648e6f3a8f76dae1d8690a83a86899b81fbe1813bae58343d39e,True,37d9ba57e084b23b16f94c06d3ec4c1f1198bacc8228b50c46923dc0a02a77da,True,graphic_only
plan:77dfb00fc57d44a10909312c2846ab9b6123ca98c6c8f1aa7371e29946d06a97,4D2F5/2E64,LWPOLYLINE,0,,absent_from_canonical_evidence,0,{},expanded_instance_with_definition_and_parents_in_ledger,bb92c118cdb46d1992908bdebdef425caf80ac6ceb1e87d4295ba8d34ca13cfb,True,233fad93657ba309088f1554bf3df006c5f6e6f189938b3373041ad78f5694ab,True,mapped
plan:77f3f0502d38f0a1034648505cb3fb21b2c8cf88b5bd260792dbdbea155294c8,4CE54/3F353,TEXT,0,4',absent_from_canonical_evidence,0,{},expanded_instance_with_definition_and_parents_in_ledger,3150cea3120c3a06319bc0fd9dff5b254e041f026f7fbdc39d59f7dfe8904ecd,True,5733052d6a69915732057fe6380ed41bc4462dbac367e35ff5acb6c87d91411d,True,mapped
plan:77f9ad1b964bbc5ebaae74e83a67967fd8a3503c820adcb6920299b19c94b8fc,4CED4/3F356,LWPOLYLINE,0,,absent_from_canonical_evidence,0,{},expanded_instance_with_definition_and_parents_in_ledger,5dc0b421eca7ad29a3eb1ef807168fd478a20640c85a7846a644720d694e141f,True,7007c40afef811997c37a08a8dbc49288d66f3f7ded710ecb1502fcca78592f6,True,mapped
plan:7877f7b56df0a77343e4b20427768c0f81d38246ba2d719266d2253c4420c45a,4CE74/3F34B,CIRCLE,0,,graphic_only,0,{},not_delivered_not_automatically_missing,6bb38e8314c0d4fb879abcc4cf54743fa46c528158c6ad7bb5d9557c4c4fb535,True,099f79f3bd1b85c38c889313cf43601aa4acae882ed11d2c71359b4d05dd09ef,True,mapped
plan:789270a08a8b29aeb62f5854d4cb7c027613434ca867654045285ae74fc1d87e,4CE24/3F358,TEXT,0,"2,",absent_from_canonical_evidence,0,{},expanded_instance_with_definition_and_parents_in_ledger,75030ddbcaf625eedb3cd5264361835e4ae6f1e709a642c4cb3a02001ba20c6f,True,41444a0eb371965ec69478e20328d28bbc87a81b6cafa315077b23f57bcb9bf1,True,mapped
plan:789f459baa60898098486b71f60c4cd7446f7a3843c684f555860bfbcf2fa55d,4D347/2E67,LWPOLYLINE,0,,absent_from_canonical_evidence,0,{},expanded_instance_with_definition_and_parents_in_ledger,b93a0becf34749f571acc539a1e6f9c65092d9c247b3be97560def8c152872eb,True,1af10064142bd93ca25ad68a1a5b289382961bef534eacc33587cd9f4a698df2,True,mapped
plan:78b0eb89b63568d4bfee059ab13a19da92a97c56a5f7f929fb38810d91b5b603,4CED4/3F354,CIRCLE,0,,graphic_only,0,{},not_delivered_not_automatically_missing,94306d1b822560f3f928eb88a6480e5f9832f3b037a3ad78db40b0479d8af86a,True,7007c40afef811997c37a08a8dbc49288d66f3f7ded710ecb1502fcca78592f6,True,mapped
plan:791c258b02f48d68d56acb14a2591db3c3626e3cd2202521595d96bd404ec142,4CEB4/3F34F,TEXT,0,5',absent_from_canonical_evidence,0,{},expanded_instance_with_definition_and_parents_in_ledger,b39da2e7005e52f7f77fd658c0c1e793319f396bfcdc2a80a4af4d9a9e1e0e70,True,e74874a61942ab337a708554f764d4817740fed971f7ffd12565dc468195b1f6,True,mapped
plan:791c3b82b2daf11b15f8e80f4899e7901597bb6c485166019e27e9331f749053,4D305/2E67,LWPOLYLINE,0,,absent_from_canonical_evidence,0,{},expanded_instance_with_definition_and_parents_in_ledger,b93a0becf34749f571acc539a1e6f9c65092d9c247b3be97560def8c152872eb,True,2eeea99c1082b4e621de6ede94b02abc50d2e279d88d6e49845fe649f70bff35,True,mapped
plan:793bb18efbb06b0b179423dc574d95b975580825c15ea8d3fd74f3d1ae5b4d05,4CF44/3F34D,LWPOLYLINE,0,,absent_from_canonical_evidence,0,{},expanded_instance_with_definition_and_parents_in_ledger,3c130b24b3184d72e97b034dcfd697ddd1e49816921acaa8d7ee04fec1d7f382,True,270d1c5c4756523fc8a57cc50a53f9aa319e723d17abde30fbd34e7de564a3f7,True,mapped
plan:7952c1f4a9bddc0c11513445f1c628ae431bd4c8418d6270f57c58a782599d8f,4CE8C/3F353,TEXT,0,4',absent_from_canonical_evidence,0,{},expanded_instance_with_definition_and_parents_in_ledger,3150cea3120c3a06319bc0fd9dff5b254e041f026f7fbdc39d59f7dfe8904ecd,True,e0d82448fd3bdb3f7e3d1bb80c21b1f6807a561d54430ed482b737a009694a45,True,mapped
plan:79848904f4acefb84420531a4e4a25d3d7a729caf562e491c474b531bd76ecc7,4E299/4C029,LINE,LABEL CABLE,,absent_from_canonical_evidence,0,{},expanded_instance_with_definition_and_parents_in_ledger,b7b23b7c59208cbeb9d642ca040457e5a264fd78e4ab073d24d985e8e6fe5f4a,True,a69bf93e367b94f03cfbcae61eb412a675406c9e1aa010778e7e2f7e7c1d4b19,True,graphic_only
plan:79862071552d3cf04be38c929dba41a145ed7a722f6668cfceba2e9e02db92b4,4D315/2E67,LWPOLYLINE,0,,absent_from_canonical_evidence,0,{},expanded_instance_with_definition_and_parents_in_ledger,b93a0becf34749f571acc539a1e6f9c65092d9c247b3be97560def8c152872eb,True,42cd4ea567ea3f0130416b378849b98673860ee7b958c9088b26feb016699a95,True,mapped
plan:7a297648366cb1071c81ea6efa43d4827867fe3e33c2954bd2f56a69f3ac1a72,4CEDC/4D110,TEXT,0,NP7,absent_from_canonical_evidence,0,{},expanded_instance_with_definition_and_parents_in_ledger,badee6318ffcd26819fafc6d683d714975d5f53724bdf69e83f22fc067a23a2c,True,dc0ca8b82adfd1826598d6c86ed3de400d6bd9c62d949b9c96fa2ae52ee95a61,True,mapped
plan:7a54fb31233a840d6dd71b4413fe5c0f9da99e006cc570163032504571b4955f,4CEDC/4D114,TEXT,0,3',absent_from_canonical_evidence,0,{},expanded_instance_with_definition_and_parents_in_ledger,9b50908c64a894089d844b98e894fc1ff80e99c4f2f11db1a8fbf110e6022439,True,dc0ca8b82adfd1826598d6c86ed3de400d6bd9c62d949b9c96fa2ae52ee95a61,True,mapped
plan:7ac713ad60af1b7fd17514a960681b2e09f54010d400259709073f1a157a4d2b,4CE5C/3F34A,TEXT,0,NP7,absent_from_canonical_evidence,0,{},expanded_instance_with_definition_and_parents_in_ledger,cba0f256b48f099a69f7b031d01a7455fc01dd1e6837d4131f52d719a3490e6d,True,de1a2e44aadb061601c42cbdc252b8c3a1ad9f33438a7a6f7974773856edb084,True,mapped
plan:7af696fc6658a3b4c7453ba0f811de627f922223600e1e04699d60a533e5697d,4E29C/4C02C,LINE,LABEL CABLE,,absent_from_canonical_evidence,0,{},expanded_instance_with_definition_and_parents_in_ledger,6c4382f82b22f065221ceccda5343cc1fe4e69146bfe222a9125b6c7e4008900,True,ee3adf9fa6ff2aef5b2d1732c149414e0f3daa2433329b6236aedbbe2d75d057,True,graphic_only
plan:7b07c1888e310a8094250798f922e5a2a92e8c347af5fc94fa1e3b3dbe19ce69,4CF4C/3F356,LWPOLYLINE,0,,absent_from_canonical_evidence,0,{},expanded_instance_with_definition_and_parents_in_ledger,5dc0b421eca7ad29a3eb1ef807168fd478a20640c85a7846a644720d694e141f,True,f7bf47f00b183e3262c3be229fb361b05bc79868f22613a707f36edc35aa35dc,True,mapped
plan:7b17ef71b7b1dfe93f48a126e2a4efe691ec77759a093c225585b0fb9bca331c,4CDD4/3F352,TEXT,0,NP9,absent_from_canonical_evidence,0,{},expanded_instance_with_definition_and_parents_in_ledger,414a107d0dd2555d8f98da20db776998a3929d363fd40d42baa0f033c58d3b4c,True,b408b052e36811f9528244bba49af0545333661d4db2067d31cd412c16c4021a,True,mapped
plan:7b40dfaf4dd8f8b7011180e3f8765927e76a16784f1afd3bb81b3bfcd8736c13,4D319/2E67,LWPOLYLINE,0,,absent_from_canonical_evidence,0,{},expanded_instance_with_definition_and_parents_in_ledger,b93a0becf34749f571acc539a1e6f9c65092d9c247b3be97560def8c152872eb,True,57432c3779436ff5c8984da171400918e940a4b12e0b5979b9e86ac4f22b27db,True,mapped
plan:7b6adae374477d1bc196edc2fc6966d976026b8bd18c7bb6a61150f33ea49f8c,4CE3C/4D113,TEXT,0,5',absent_from_canonical_evidence,0,{},expanded_instance_with_definition_and_parents_in_ledger,87e8205798eed99acc0d2246dfb6ee538bf9bd7f7f450804ffe02aa5b926593f,True,607bbbf8f25cbc2901c1f8784d4e063ccca30443f61c029953fbf882b61ec225,True,mapped
plan:7ba58ab79693486872087a5df558f70105d35a4d48fa9b65d10db2a3497320cc,4CEB4/3F353,TEXT,0,4',absent_from_canonical_evidence,0,{},expanded_instance_with_definition_and_parents_in_ledger,3150cea3120c3a06319bc0fd9dff5b254e041f026f7fbdc39d59f7dfe8904ecd,True,e74874a61942ab337a708554f764d4817740fed971f7ffd12565dc468195b1f6,True,mapped
plan:7bd927712f9d5decfa64418b39a2813e0e10b7b354fcd5eb73594b469fdc356f,4CEAC/3F34A,TEXT,0,NP7,absent_from_canonical_evidence,0,{},expanded_instance_with_definition_and_parents_in_ledger,cba0f256b48f099a69f7b031d01a7455fc01dd1e6837d4131f52d719a3490e6d,True,15456f6652b8b0cf153d05e204c9feaac8dd55a8ddf93dd16a681bebf3dc3aa8,True,mapped
plan:7be7076d3d5a41d1639a9edcddabd3a111acd359388222fd2fe381fc02d68bc8,4CF14/3F351,TEXT,0,FM,absent_from_canonical_evidence,0,{},expanded_instance_with_definition_and_parents_in_ledger,052f1b638d0fdc6fbdaed7c281bb6a5f54a33d5c01ed47955ec714064d7dc282,True,3342afe08260a237538d0a6d4054e6b0432f9c5d248d54d44353b8ded1122b4c,True,mapped
plan:7c7f27f8a8f2e924ead4819a3393f826f88e2052cf8235409a62ce432349832b,4CEDC/4D11A,LWPOLYLINE,0,,absent_from_canonical_evidence,0,{},expanded_instance_with_definition_and_parents_in_ledger,7f2e1b6732c6aa3b206452573c8ff2b9a7a68b8ec87c1549c20f0c96df1678f7,True,dc0ca8b82adfd1826598d6c86ed3de400d6bd9c62d949b9c96fa2ae52ee95a61,True,mapped
plan:7cfa403a4a009fcd8b542638ff067b985f8ec195f4304d50005a6a754189d4a4,4CE84/3F355,LWPOLYLINE,0,,absent_from_canonical_evidence,0,{},expanded_instance_with_definition_and_parents_in_ledger,5eee604297a501ce8829f5b6d8ba6c6319575b3aae3bc7f16ff302fb9425c773,True,df9d67f310360d39692cd7cad8ec582ea5526dd0aaabc4c48cbc002cbc4202d4,True,mapped
plan:7d29d3371a109ef6150a221819864a8a7b3d16aa881dd88253567d6aeae88ae8,4D309/2E68,ATTDEF,0,XXX,annotation,0,{},not_delivered_not_automatically_missing,c1e048c74bbeb0808175d1f63275ae29ba123e7b173a1e8e5527bc55ff852b7c,True,58febb9da223bdd4e66aea678bb711f62ce9815e35332b814f334234e484a675,True,mapped
plan:7d2a1e6916830e7ea798fdd45d09976fb802627ce48ad58c982d162d53051698,4CF44/3F354,CIRCLE,0,,graphic_only,0,{},not_delivered_not_automatically_missing,94306d1b822560f3f928eb88a6480e5f9832f3b037a3ad78db40b0479d8af86a,True,270d1c5c4756523fc8a57cc50a53f9aa319e723d17abde30fbd34e7de564a3f7,True,mapped
plan:7d904bc91ed66ac19d3e2b904b4b959e1a55f29f062cd87caf713688f36825c2,4CE3C/4D114,TEXT,0,3',absent_from_canonical_evidence,0,{},expanded_instance_with_definition_and_parents_in_ledger,9b50908c64a894089d844b98e894fc1ff80e99c4f2f11db1a8fbf110e6022439,True,607bbbf8f25cbc2901c1f8784d4e063ccca30443f61c029953fbf882b61ec225,True,mapped
plan:7da6fab30def9478fd7b7b2190d55988c05676badbcb38e9ef09f5f72c6ebbfd,4CEF4/4D116,TEXT,0,NP9,absent_from_canonical_evidence,0,{},expanded_instance_with_definition_and_parents_in_ledger,8bd5ce7b2c44e9221febbf6eca028a661f9b7c758890c54966016b55702fe931,True,e5f4ba071a0ef2cc9003b65924705f342c46538502d0b4f7b8fbfcedca1c0c38,True,mapped
plan:7e06d3207bc1f6276390c14dd0f72534deb4add6ef84496559c4c0c924558d16,4CE04/3F352,TEXT,0,NP9,absent_from_canonical_evidence,0,{},expanded_instance_with_definition_and_parents_in_ledger,414a107d0dd2555d8f98da20db776998a3929d363fd40d42baa0f033c58d3b4c,True,4a2f55caec8f9245cb11b77ceee8c5654af597a94881b68213de7a0e104c5313,True,mapped
plan:7e18de2152990f5bcd02ec829e1b7468051ee12791222533f9053ebdc7998b5b,4D347/2E65,LWPOLYLINE,0,,absent_from_canonical_evidence,0,{},expanded_instance_with_definition_and_parents_in_ledger,315b63473bfd040ed86c91e882188e51371403c2325e7c9c46417d98056f0992,True,1af10064142bd93ca25ad68a1a5b289382961bef534eacc33587cd9f4a698df2,True,mapped
plan:7e57c36886161ee037affdf061ee7c6301b20f3acded7af2136c9db6bfb46660,4CE1C/3F355,LWPOLYLINE,0,,absent_from_canonical_evidence,0,{},expanded_instance_with_definition_and_parents_in_ledger,5eee604297a501ce8829f5b6d8ba6c6319575b3aae3bc7f16ff302fb9425c773,True,ff7632aaa9b368279ed333c645d875120ae2d61a8b580ce0c6c14d4023037808,True,mapped
plan:7e96890ce9b8b974f5808283f9608db2058b5bbb86d4595d464cb8008a1adfc6,4E29D/4C02E,LINE,LABEL CABLE,,absent_from_canonical_evidence,0,{},expanded_instance_with_definition_and_parents_in_ledger,ed3e051fac59b90ad3f75dff78f699af9b919cab6f0592c056964c7817bee8ae,True,37d9ba57e084b23b16f94c06d3ec4c1f1198bacc8228b50c46923dc0a02a77da,True,graphic_only
plan:7f4ef45c170c3d28890e7f2719e089fa31cf1190729d26b84272bc5877c493db,4CF14/3F34F,TEXT,0,5',absent_from_canonical_evidence,0,{},expanded_instance_with_definition_and_parents_in_ledger,b39da2e7005e52f7f77fd658c0c1e793319f396bfcdc2a80a4af4d9a9e1e0e70,True,3342afe08260a237538d0a6d4054e6b0432f9c5d248d54d44353b8ded1122b4c,True,mapped
plan:7f5f27696fafa4ad95c673029e8263aee80fb32abf9a1b502b71b521061ab984,4E29D/4C02A,LINE,LABEL CABLE,,absent_from_canonical_evidence,0,{},expanded_instance_with_definition_and_parents_in_ledger,639698bbaae558a02bfb16df779c573ba1942f6ce6bff58d256eb0a2bc4632f3,True,37d9ba57e084b23b16f94c06d3ec4c1f1198bacc8228b50c46923dc0a02a77da,True,graphic_only
plan:7f8481ac0970c8e20eef72b02171d013565c46dbf5c9250ac7a32e1819611860,4CDE4/4D11A,LWPOLYLINE,0,,absent_from_canonical_evidence,0,{},expanded_instance_with_definition_and_parents_in_ledger,7f2e1b6732c6aa3b206452573c8ff2b9a7a68b8ec87c1549c20f0c96df1678f7,True,29e795090d2074e1dabe69c29084fa1478c85c5b5b45f3ea3e72d07384325f97,True,mapped
plan:7faa422508918163f134c1558481afdcea969b46817cd6c07ca699b063afa9ed,4D0B5/2E5C,CIRCLE,0,,graphic_only,0,{},not_delivered_not_automatically_missing,e22beb6997e4d017ffbe76f32459bd6fc26d8ce6919139a5c13c4f8bf34b18a6,True,a89cf21f2cfd90811a89068f8734d2a8ea5b9eddb0f6ee539d6f5fe68d1890c1,True,mapped
plan:7fb5fd72d82822ccb3b1a0f2e57f47dec4b51cd0dcc09e6a5f11e7616199b51e,4CDBC/3F34A,TEXT,0,NP7,absent_from_canonical_evidence,0,{},expanded_instance_with_definition_and_parents_in_ledger,cba0f256b48f099a69f7b031d01a7455fc01dd1e6837d4131f52d719a3490e6d,True,0c4e1061b8e9d0802d37528196bcae2ca9c4ce33644ef698a782b6491f1d334e,True,mapped
plan:800b552e8620d9cc02c58fc898881cc0df6da89f5b24f0f3acbe9a4b73a8e409,4CEDC/4D111,LWPOLYLINE,0,,absent_from_canonical_evidence,0,{},expanded_instance_with_definition_and_parents_in_ledger,450f6d435f11fd1ae339aa205d7c4aad6d78c64cc8cb462bb1e7c9c573893f53,True,dc0ca8b82adfd1826598d6c86ed3de400d6bd9c62d949b9c96fa2ae52ee95a61,True,mapped
plan:80217d38add43d8a81d451913b0c7898f334ea354efc852e1ca1777f6895581d,4CF04/3F34A,TEXT,0,NP7,absent_from_canonical_evidence,0,{},expanded_instance_with_definition_and_parents_in_ledger,cba0f256b48f099a69f7b031d01a7455fc01dd1e6837d4131f52d719a3490e6d,True,81c005b9309f58524ce472f7c41ab8cb830e428e905fe20e9298d41397bafd19,True,mapped
plan:80bc39f1179b39a7ef68aad323d6194d48c94f782985c607cc46e558487c0853,4D2F9/2E67,LWPOLYLINE,0,,absent_from_canonical_evidence,0,{},expanded_instance_with_definition_and_parents_in_ledger,b93a0becf34749f571acc539a1e6f9c65092d9c247b3be97560def8c152872eb,True,9b6687f7ce6bd634534e236b1abf228235d262b7dbce16277907074ffb16dfa1,True,mapped
plan:80e718be1b312aa34dc3e9f78b455869dd4a8209ad745e6b770091ad23e923cf,4CF04/3F356,LWPOLYLINE,0,,absent_from_canonical_evidence,0,{},expanded_instance_with_definition_and_parents_in_ledger,5dc0b421eca7ad29a3eb1ef807168fd478a20640c85a7846a644720d694e141f,True,81c005b9309f58524ce472f7c41ab8cb830e428e905fe20e9298d41397bafd19,True,mapped
plan:8135812290865612b755fd3af71ceb46ed2db65e6ea18b751c43ddf8697b286f,4E29D/4C027,LINE,LABEL CABLE,,absent_from_canonical_evidence,0,{},expanded_instance_with_definition_and_parents_in_ledger,9ee6a1c53a96eb2d3c996d7002e65bc7668eb1f440501ede1aaffecde9dd8896,True,37d9ba57e084b23b16f94c06d3ec4c1f1198bacc8228b50c46923dc0a02a77da,True,graphic_only
plan:81b458757df283919a38c8bf03cedaf5d1564bf5911b7d7dafb2d61749d4a5a8,4CE64/3F34D,LWPOLYLINE,0,,absent_from_canonical_evidence,0,{},expanded_instance_with_definition_and_parents_in_ledger,3c130b24b3184d72e97b034dcfd697ddd1e49816921acaa8d7ee04fec1d7f382,True,7ad13a1c8f016578132b2c3ec313e6f9341bd2b2aebeea3d2befe2644ea011f0,True,mapped
plan:81b766a76afe64f201b0bc8fdcf5fc02ec836f85c465b63d03374c8c11e2b787,4CE6C/4D0E8,CIRCLE,0,,graphic_only,0,{},not_delivered_not_automatically_missing,fadbf6c696314b6843f8b2a72a3f87de9c6a91d2703ba256ab56b31dafcc2b48,True,a366967dec954d307283a2c550bff5986bae7fb16b93e6dacaea604bb6bbceee,True,mapped
plan:8202f56029f64791c6488de91601dbb34b825d6794dd02e64b746488eb3f45b5,4E29D/4C034,LINE,LABEL CABLE,,absent_from_canonical_evidence,0,{},expanded_instance_with_definition_and_parents_in_ledger,77f98d4b423cd0018ff919ba2060db69c2b8a5f96fe3a192300a121842bd5b2c,True,37d9ba57e084b23b16f94c06d3ec4c1f1198bacc8228b50c46923dc0a02a77da,True,graphic_only
plan:82797dc1113fdb8d633c82287259aa7ff82684f81f7dd9b905ee12c8dfe781f5,4CF2C/4D117,TEXT,0,4',absent_from_canonical_evidence,0,{},expanded_instance_with_definition_and_parents_in_ledger,36371714a1ed076d5dc758985b76858ac2ed7692bb46e5ef020f0060bb3bcc5d,True,1168144963f726b9328faeb2c86189c2f0c8c2bd481e90f11182b1e01fb2f8c8,True,mapped
plan:82936d64d7abb7064036599963e5013e70718ecb59fde6b018fc1a25619f1cc7,4D2F1/2E65,LWPOLYLINE,0,,absent_from_canonical_evidence,0,{},expanded_instance_with_definition_and_parents_in_ledger,315b63473bfd040ed86c91e882188e51371403c2325e7c9c46417d98056f0992,True,d59478a10585bc3508678927bf46f0853965a6cd2be1891e8e37b0641a13967a,True,mapped
plan:82c86216b382607c392ddf78b2ec7af9f6b3b5b27eae67c6b325a60884c65247,4D30D/2E66,HATCH,0,,graphic_only,0,{},not_delivered_not_automatically_missing,0cd841bb19f4fbc9fada3d76fbc2c7904ad59db113909e3a3c416bb11ce671c9,True,207671fe9c5a1fe444f65609169dd89cfb84d44a5241a6e6a2d360ef45fa039c,True,mapped
plan:82d134e26b61cab0c27c18aa7d20432f98776872d1464f63f059e27d630e2616,4CE74/3F354,CIRCLE,0,,graphic_only,0,{},not_delivered_not_automatically_missing,94306d1b822560f3f928eb88a6480e5f9832f3b037a3ad78db40b0479d8af86a,True,099f79f3bd1b85c38c889313cf43601aa4acae882ed11d2c71359b4d05dd09ef,True,mapped
plan:831d13c1921cfc91c8beb955c157a545bc5f8657eee5db598cdd07eb227a957b,4CF4C/3F34C,TEXT,0,NP7,absent_from_canonical_evidence,0,{},expanded_instance_with_definition_and_parents_in_ledger,a5eb157176bb73918b8cd962d3db724781651ae40e4096ea9c316477fdcbfb13,True,f7bf47f00b183e3262c3be229fb361b05bc79868f22613a707f36edc35aa35dc,True,mapped
plan:839a7ab5c4c3e45287cc83df748c4f216923813e7a796225c0eea384c5460679,4CE04/3F34E,LWPOLYLINE,0,,absent_from_canonical_evidence,0,{},expanded_instance_with_definition_and_parents_in_ledger,eb4b79320c746eb6acb77f2a88c80f800fdabf3d15fb85ac9279e4ac8409d600,True,4a2f55caec8f9245cb11b77ceee8c5654af597a94881b68213de7a0e104c5313,True,mapped
plan:83ba2f092831648a7d8df62fc460213be7a1f68f9183c19831ceaaeffe92ca3f,4D32D/2E67,LWPOLYLINE,0,,absent_from_canonical_evidence,0,{},expanded_instance_with_definition_and_parents_in_ledger,b93a0becf34749f571acc539a1e6f9c65092d9c247b3be97560def8c152872eb,True,88d323082f90825ee1e475885bef3e58159cd6af1a4de3604fc3f98b8814b70b,True,mapped
plan:83cfba632cae2f34f0bbfda3235288b915ab4e9a7f1c58e6584de6c90c1be65c,4CEF4/4D110,TEXT,0,NP7,absent_from_canonical_evidence,0,{},expanded_instance_with_definition_and_parents_in_ledger,badee6318ffcd26819fafc6d683d714975d5f53724bdf69e83f22fc067a23a2c,True,e5f4ba071a0ef2cc9003b65924705f342c46538502d0b4f7b8fbfcedca1c0c38,True,mapped
plan:83dde82b28867b784b20748457c9872bbfede04cf7ec8fdde2a438151340323f,4CDCC/3F356,LWPOLYLINE,0,,absent_from_canonical_evidence,0,{},expanded_instance_with_definition_and_parents_in_ledger,5dc0b421eca7ad29a3eb1ef807168fd478a20640c85a7846a644720d694e141f,True,efcb09f8e19235a1513d736d9fc615c7eda09de57fb02c002b3453bca20f3bc9,True,mapped
plan:841576d180f9d8dc8bd913cb41a697eeb17a43fd552251c41ec3f529ad10e8fc,4CF54/4D114,TEXT,0,3',absent_from_canonical_evidence,0,{},expanded_instance_with_definition_and_parents_in_ledger,9b50908c64a894089d844b98e894fc1ff80e99c4f2f11db1a8fbf110e6022439,True,2d1ada332960d9966919845941661222c0188de112f6815688ec909495207b7f,True,mapped
plan:84177500162bd58f92465ab76894c1ea634c6c6d22a72cf082fb84e79eba4817,4CDC4/3F357,TEXT,0,MTI,absent_from_canonical_evidence,0,{},expanded_instance_with_definition_and_parents_in_ledger,ff1ba06dde906639809567d79e2e21daa53383fe84a72be8c29a867b8789534e,True,ded9a496ebe8f46c117a66ba83cd4b9dd52a7538eb227d298a40c1b253cd0408,True,mapped
plan:84332090663222c87942b7476784aabaaa927d1ef8ff8e3038b61dc65773ca65,4E29B/4C036,LINE,LABEL CABLE,,absent_from_canonical_evidence,0,{},expanded_instance_with_definition_and_parents_in_ledger,41bd25d2cfc0648e6f3a8f76dae1d8690a83a86899b81fbe1813bae58343d39e,True,bd2d63173e3ecf3c0166c0411bbd8e9b72b3c9f3d5dbac24ff97cafc91ad4cba,True,graphic_only
plan:84929f6cf152773ba68a0575a27033f3b1e6ea9d4284848befc841588e874ebd,4CDCC/3F353,TEXT,0,4',absent_from_canonical_evidence,0,{},expanded_instance_with_definition_and_parents_in_ledger,3150cea3120c3a06319bc0fd9dff5b254e041f026f7fbdc39d59f7dfe8904ecd,True,efcb09f8e19235a1513d736d9fc615c7eda09de57fb02c002b3453bca20f3bc9,True,mapped
plan:85111f5f73c3950b7a11a74dd74f7c551df7e058e73d712f098fc8a66cd52aae,4E29B/4C028,LINE,LABEL CABLE,,absent_from_canonical_evidence,0,{},expanded_instance_with_definition_and_parents_in_ledger,56b2ab2706e59ad678bfcd529d274831d97fde4789280a15bbbce099ea6330b0,True,bd2d63173e3ecf3c0166c0411bbd8e9b72b3c9f3d5dbac24ff97cafc91ad4cba,True,graphic_only
plan:854362e01777eace55a6573cc3aa0342af6a9756935e780b47a5f8a3ee937faa,4CDDC/3F34F,TEXT,0,5',absent_from_canonical_evidence,0,{},expanded_instance_with_definition_and_parents_in_ledger,b39da2e7005e52f7f77fd658c0c1e793319f396bfcdc2a80a4af4d9a9e1e0e70,True,d1bd239a2000a21de4d6c6d3db83a3db4dfe57af41fc78e18008dabc89af6ef2,True,mapped
plan:85728193e2ee042e13fa36c492e1f2828f3f6c6453d31a09f6d5e5355bcde84b,4CE04/3F353,TEXT,0,4',absent_from_canonical_evidence,0,{},expanded_instance_with_definition_and_parents_in_ledger,3150cea3120c3a06319bc0fd9dff5b254e041f026f7fbdc39d59f7dfe8904ecd,True,4a2f55caec8f9245cb11b77ceee8c5654af597a94881b68213de7a0e104c5313,True,mapped
plan:8577b79b57c0b234b46df4681321e2d4549241a987deb6dcd7a78bbf86bc4b4b,4CE14/4D114,TEXT,0,3',absent_from_canonical_evidence,0,{},expanded_instance_with_definition_and_parents_in_ledger,9b50908c64a894089d844b98e894fc1ff80e99c4f2f11db1a8fbf110e6022439,True,5973fad66deeec6d802fac53f27e1bf414bd7272788c0066111dc717d4ec1587,True,mapped
plan:85f5f2d1a7f647088bb3ccc2c9c94e6753f0290c056e805c3c3c41854e5aa6c0,4CF14/3F34B,CIRCLE,0,,graphic_only,0,{},not_delivered_not_automatically_missing,6bb38e8314c0d4fb879abcc4cf54743fa46c528158c6ad7bb5d9557c4c4fb535,True,3342afe08260a237538d0a6d4054e6b0432f9c5d248d54d44353b8ded1122b4c,True,mapped
plan:861fe6bba139c8e6831d6bce6d4a172a4fbf9e0656717861aaa1f835dac5fdad,4CE84/3F352,TEXT,0,NP9,absent_from_canonical_evidence,0,{},expanded_instance_with_definition_and_parents_in_ledger,414a107d0dd2555d8f98da20db776998a3929d363fd40d42baa0f033c58d3b4c,True,df9d67f310360d39692cd7cad8ec582ea5526dd0aaabc4c48cbc002cbc4202d4,True,mapped
plan:86655bb0fb3884b2f1f56ed531a5f83bbd9e1475ae5258613d1a6cabdae60c50,4CE8C/3F355,LWPOLYLINE,0,,absent_from_canonical_evidence,0,{},expanded_instance_with_definition_and_parents_in_ledger,5eee604297a501ce8829f5b6d8ba6c6319575b3aae3bc7f16ff302fb9425c773,True,e0d82448fd3bdb3f7e3d1bb80c21b1f6807a561d54430ed482b737a009694a45,True,mapped
plan:86a225bcb837c651e89cd0aa0d6389866149ea7c1e8a9f2210df157bc6261ebd,4CE3C/4D116,TEXT,0,NP9,absent_from_canonical_evidence,0,{},expanded_instance_with_definition_and_parents_in_ledger,8bd5ce7b2c44e9221febbf6eca028a661f9b7c758890c54966016b55702fe931,True,607bbbf8f25cbc2901c1f8784d4e063ccca30443f61c029953fbf882b61ec225,True,mapped
plan:86b014372a5c65cf480196b4f0199244f15fc53819650ba4ea80d538fe63034b,4CDC4/3F34C,TEXT,0,NP7,absent_from_canonical_evidence,0,{},expanded_instance_with_definition_and_parents_in_ledger,a5eb157176bb73918b8cd962d3db724781651ae40e4096ea9c316477fdcbfb13,True,ded9a496ebe8f46c117a66ba83cd4b9dd52a7538eb227d298a40c1b253cd0408,True,mapped
plan:86b802c75ba5c7006527627e818729cf515096b528b2e5e10911627f1e844a4c,4CE54/3F358,TEXT,0,"2,",absent_from_canonical_evidence,0,{},expanded_instance_with_definition_and_parents_in_ledger,75030ddbcaf625eedb3cd5264361835e4ae6f1e709a642c4cb3a02001ba20c6f,True,5733052d6a69915732057fe6380ed41bc4462dbac367e35ff5acb6c87d91411d,True,mapped
plan:86c08995e055d421dde845df1e9a96eba0370e0fea81b298610f707df805ac48,4E29B/4C026,LINE,LABEL CABLE,,absent_from_canonical_evidence,0,{},expanded_instance_with_definition_and_parents_in_ledger,1aecbebddd4dc18cb9ef274bd1a002841c913a989dc77ef00c0162ad33477c64,True,bd2d63173e3ecf3c0166c0411bbd8e9b72b3c9f3d5dbac24ff97cafc91ad4cba,True,graphic_only
plan:86cf2f0f46a6d8912a51bdf64f59e00e4a13ec8cc66ba5b132dd3d785b5a1453,4D30D/2E68,ATTDEF,0,XXX,annotation,0,{},not_delivered_not_automatically_missing,c1e048c74bbeb0808175d1f63275ae29ba123e7b173a1e8e5527bc55ff852b7c,True,207671fe9c5a1fe444f65609169dd89cfb84d44a5241a6e6a2d360ef45fa039c,True,mapped
plan:86e099e483956a685800fdd7024fe173e4bcfbfc10786369eb74b5603f265fb9,4E299/4C026,LINE,LABEL CABLE,,absent_from_canonical_evidence,0,{},expanded_instance_with_definition_and_parents_in_ledger,1aecbebddd4dc18cb9ef274bd1a002841c913a989dc77ef00c0162ad33477c64,True,a69bf93e367b94f03cfbcae61eb412a675406c9e1aa010778e7e2f7e7c1d4b19,True,graphic_only
plan:8749d610bbc41ab95282814a2458daab11f315eb48d3320266ec439772500bc1,4D33D/2E65,LWPOLYLINE,0,,absent_from_canonical_evidence,0,{},expanded_instance_with_definition_and_parents_in_ledger,315b63473bfd040ed86c91e882188e51371403c2325e7c9c46417d98056f0992,True,75439beb61b3e0b3506cb3c08f835435ebfcc8a73ef4bc177f123e460199f552,True,mapped
plan:87ccb40c3f68b90c548c8fe6d2c2cdc8daa1831b486780a50a5b410667a93d5a,4CF0C/4D113,TEXT,0,5',absent_from_canonical_evidence,0,{},expanded_instance_with_definition_and_parents_in_ledger,87e8205798eed99acc0d2246dfb6ee538bf9bd7f7f450804ffe02aa5b926593f,True,72b5c48e95b8fbacf77ffa325062449dc776ab8861dec1e19b6ceef934860715,True,mapped
plan:87d3daa2328067ca0c79988f535f22d0ab6e38895136ee0831fc116fa2039f7c,4CE1C/3F356,LWPOLYLINE,0,,absent_from_canonical_evidence,0,{},expanded_instance_with_definition_and_parents_in_ledger,5dc0b421eca7ad29a3eb1ef807168fd478a20640c85a7846a644720d694e141f,True,ff7632aaa9b368279ed333c645d875120ae2d61a8b580ce0c6c14d4023037808,True,mapped
plan:8841d183a54bf966f60a069d93d36c793ef4cf6d1e2771d99892f5c4ec996dda,4CE6C/4D0EA,LWPOLYLINE,0,,absent_from_canonical_evidence,0,{},expanded_instance_with_definition_and_parents_in_ledger,58622aeaad31559834d1aa940ad5a1ca67d630b5ce79d99f470b434628cd1c4b,True,a366967dec954d307283a2c550bff5986bae7fb16b93e6dacaea604bb6bbceee,True,mapped
plan:88999645a65ebda816b73c0ed9533c92e291d7ea5d1b2fbbb63e1d5a5e35bfcc,4CF94/4D119,LWPOLYLINE,0,,absent_from_canonical_evidence,0,{},expanded_instance_with_definition_and_parents_in_ledger,c9f7ece77019174e47b03754cb85c4547ebf4a910e2b2336e4aa6decc81016f0,True,58c6f0406eb0cfd84f90b93c7d3f2dfd4f4739242de967627147cd8f2310e04f,True,mapped
plan:88a564ed2204dcb4ccd4f7695391bcc5128a40c270127c27f20273ca5bcf0d32,4CDEC/4D10F,CIRCLE,0,,graphic_only,0,{},not_delivered_not_automatically_missing,5467a143204fe878122eea791ce308cc50be882c0ffa819f63dc04f410e049d7,True,41c80b2910be4ae803bc4f8fb378e4ae1b118ab1bf13d69147a803ca4a5520fe,True,mapped
plan:892425786d20c83d9d420c9fbfaa99fef02cefd2513a6bf3490675cbd59d8cd1,4CDC4/3F355,LWPOLYLINE,0,,absent_from_canonical_evidence,0,{},expanded_instance_with_definition_and_parents_in_ledger,5eee604297a501ce8829f5b6d8ba6c6319575b3aae3bc7f16ff302fb9425c773,True,ded9a496ebe8f46c117a66ba83cd4b9dd52a7538eb227d298a40c1b253cd0408,True,mapped
plan:8959356cf2a51f54b82da0a254392a42514fdb390d6faee0364467b8bf84c895,4D301/2E67,LWPOLYLINE,0,,absent_from_canonical_evidence,0,{},expanded_instance_with_definition_and_parents_in_ledger,b93a0becf34749f571acc539a1e6f9c65092d9c247b3be97560def8c152872eb,True,868537a801913118d2da5a65890e300b7b6dc53d16635e62ca2ea9f444c4ee6c,True,mapped
plan:896ce13208e0f084b053c642aeb2c9672897260cbf091688848e59898c21ced7,4CF74/3F358,TEXT,0,"2,",absent_from_canonical_evidence,0,{},expanded_instance_with_definition_and_parents_in_ledger,75030ddbcaf625eedb3cd5264361835e4ae6f1e709a642c4cb3a02001ba20c6f,True,cae41a6793881ee67345e390dedc39e4d0c5f41582fffeda6e22fa6472211370,True,mapped
plan:89724f45139196dc6f1907e7bdd66dad6396e9a325e145986f0c2ec51e8e5f97,4CDE4/4D117,TEXT,0,4',absent_from_canonical_evidence,0,{},expanded_instance_with_definition_and_parents_in_ledger,36371714a1ed076d5dc758985b76858ac2ed7692bb46e5ef020f0060bb3bcc5d,True,29e795090d2074e1dabe69c29084fa1478c85c5b5b45f3ea3e72d07384325f97,True,mapped
plan:899b92a43a3a3948ecc0fd41c52eaa0a5b05d0625ac3eeaaafa7fbeb963d621c,4CEB4/3F34B,CIRCLE,0,,graphic_only,0,{},not_delivered_not_automatically_missing,6bb38e8314c0d4fb879abcc4cf54743fa46c528158c6ad7bb5d9557c4c4fb535,True,e74874a61942ab337a708554f764d4817740fed971f7ffd12565dc468195b1f6,True,mapped
plan:8a05ff3f83d68b74b8ceb41952616b170d2e3347533c4a7e81985113ecc602ca,4CFCF/4D118,CIRCLE,0,,graphic_only,0,{},not_delivered_not_automatically_missing,0570c8e83b9520059623957b386079ab9f3c505ad1500819f9e267a7465b806c,True,8f6257c387b26db4fc3d33da9195204e3e135d9ba0a098f1c05c190e359a0e64,True,mapped
plan:8a28961bd60e2d03165f4cb745925f4d8685eb95375b2a0378ea10395862d4f2,4CF7C/3F358,TEXT,0,"2,",absent_from_canonical_evidence,0,{},expanded_instance_with_definition_and_parents_in_ledger,75030ddbcaf625eedb3cd5264361835e4ae6f1e709a642c4cb3a02001ba20c6f,True,cac21d548ca26b99dc41759b1a5d756a9d8192d2ca7a10284a062761a06d1b3f,True,mapped
plan:8a3a9b8708fb2c995e388ff79298280b397fd17a7fe9b0c65080b6c34001593f,4CE14/4D117,TEXT,0,4',absent_from_canonical_evidence,0,{},expanded_instance_with_definition_and_parents_in_ledger,36371714a1ed076d5dc758985b76858ac2ed7692bb46e5ef020f0060bb3bcc5d,True,5973fad66deeec6d802fac53f27e1bf414bd7272788c0066111dc717d4ec1587,True,mapped
plan:8a628b22c943b2fb0f8a3126933dfeb3adeb624de18ab40cb9786116f1b92438,4CECC/3F34C,TEXT,0,NP7,absent_from_canonical_evidence,0,{},expanded_instance_with_definition_and_parents_in_ledger,a5eb157176bb73918b8cd962d3db724781651ae40e4096ea9c316477fdcbfb13,True,f95825a238a31d1e32e28dc0b80e96d80ae5c0bf40909548e0048662869a3577,True,mapped
plan:8b0be22a5d4fe9b81a4ca69a6d5b7695fc6c9828d2d619438ff70dff56ee69ac,4CDC4/3F351,TEXT,0,FM,absent_from_canonical_evidence,0,{},expanded_instance_with_definition_and_parents_in_ledger,052f1b638d0fdc6fbdaed7c281bb6a5f54a33d5c01ed47955ec714064d7dc282,True,ded9a496ebe8f46c117a66ba83cd4b9dd52a7538eb227d298a40c1b253cd0408,True,mapped
plan:8bcecf05618be63119742ca2575b617b2e0637677aceb0e6d59154c7af85b84d,4CDDC/3F352,TEXT,0,NP9,absent_from_canonical_evidence,0,{},expanded_instance_with_definition_and_parents_in_ledger,414a107d0dd2555d8f98da20db776998a3929d363fd40d42baa0f033c58d3b4c,True,d1bd239a2000a21de4d6c6d3db83a3db4dfe57af41fc78e18008dabc89af6ef2,True,mapped
plan:8bd084b26f135d8370d4ed97e497d25d3d48d9a9da6fb79db5844b059e064526,4CF3C/3F34E,LWPOLYLINE,0,,absent_from_canonical_evidence,0,{},expanded_instance_with_definition_and_parents_in_ledger,eb4b79320c746eb6acb77f2a88c80f800fdabf3d15fb85ac9279e4ac8409d600,True,ad9f47b2bba42d621eb6bde571ab74ea2c81016bb3f5e8ede6988de3efea4c2d,True,mapped
plan:8cc27b8eb4c23aed4444d178d480976b8dd16a46430ec83afba271cd90d4efc5,4D319/2E64,LWPOLYLINE,0,,absent_from_canonical_evidence,0,{},expanded_instance_with_definition_and_parents_in_ledger,bb92c118cdb46d1992908bdebdef425caf80ac6ceb1e87d4295ba8d34ca13cfb,True,57432c3779436ff5c8984da171400918e940a4b12e0b5979b9e86ac4f22b27db,True,mapped
plan:8ccd096eccef31af7366bd88b63d4b7097e91981a781d79676e67d582d5184a5,4D2F5/2E66,HATCH,0,,graphic_only,0,{},not_delivered_not_automatically_missing,0cd841bb19f4fbc9fada3d76fbc2c7904ad59db113909e3a3c416bb11ce671c9,True,233fad93657ba309088f1554bf3df006c5f6e6f189938b3373041ad78f5694ab,True,mapped
plan:8cf76f3f033865eefa1cf68aa99611a782ed46adda628c3338b687b731e83af2,4CE24/3F352,TEXT,0,NP9,absent_from_canonical_evidence,0,{},expanded_instance_with_definition_and_parents_in_ledger,414a107d0dd2555d8f98da20db776998a3929d363fd40d42baa0f033c58d3b4c,True,41444a0eb371965ec69478e20328d28bbc87a81b6cafa315077b23f57bcb9bf1,True,mapped
plan:8cf79c19c1762b8c2c7385dd0f53e59019bdbd79d6a2f3e718737cde944fec9c,4E29A/4C028,LINE,LABEL CABLE,,absent_from_canonical_evidence,0,{},expanded_instance_with_definition_and_parents_in_ledger,56b2ab2706e59ad678bfcd529d274831d97fde4789280a15bbbce099ea6330b0,True,947a82a8a20bf71fe88f5d306d408ac01ee8476ff2b0f646b15dcceee8fe863a,True,graphic_only
plan:8d7e6d64560cdeacbcab60fd88d4e38075eee8ef42415aeeeec0c4750646e476,4CE9C/3F351,TEXT,0,FM,absent_from_canonical_evidence,0,{},expanded_instance_with_definition_and_parents_in_ledger,052f1b638d0fdc6fbdaed7c281bb6a5f54a33d5c01ed47955ec714064d7dc282,True,6b6180a7fe40abbe099421c3f65bff0956db9b442ce51b9c95f0af2e3b7be6c5,True,mapped
plan:8d83d6bd4a84e87c1c03083f3c251e968fa40635b3193694a0ef979ba7cc929c,4E29D/4C02D,LINE,LABEL CABLE,,absent_from_canonical_evidence,0,{},expanded_instance_with_definition_and_parents_in_ledger,c223b558856d6c30f5cad1e18489b3ef23b5d5c4098dbab48ddb1e5f7eaed84a,True,37d9ba57e084b23b16f94c06d3ec4c1f1198bacc8228b50c46923dc0a02a77da,True,graphic_only
plan:8d989850ad053508722746ac1ac60ae450d43787ccbc9d5862965df55724b113,4CE5C/3F34E,LWPOLYLINE,0,,absent_from_canonical_evidence,0,{},expanded_instance_with_definition_and_parents_in_ledger,eb4b79320c746eb6acb77f2a88c80f800fdabf3d15fb85ac9279e4ac8409d600,True,de1a2e44aadb061601c42cbdc252b8c3a1ad9f33438a7a6f7974773856edb084,True,mapped
plan:8dbc36c22700679795366d32f1df323e16a5afc6de3dcd50c3ee1128e4fa3cee,4CF14/3F350,TEXT,0,3',absent_from_canonical_evidence,0,{},expanded_instance_with_definition_and_parents_in_ledger,457fbcedf425e95cf337b447f86a6c4d9215373a4c0b7ff2f887a6be20ad9a5b,True,3342afe08260a237538d0a6d4054e6b0432f9c5d248d54d44353b8ded1122b4c,True,mapped
plan:8dd2c467dd2b4e5e9832483b013fb87ee2d043aa05eabfc782a68bdc9dd4cde0,4E29D/4C03D,LINE,LABEL CABLE,,absent_from_canonical_evidence,0,{},expanded_instance_with_definition_and_parents_in_ledger,3e82be383c3ed6bb136bc26529631bb70d8f5500f268f36bff46f4d9e319b31c,True,37d9ba57e084b23b16f94c06d3ec4c1f1198bacc8228b50c46923dc0a02a77da,True,graphic_only
plan:8df47ca5400fff953ec6831e9c894e6161d0153d189db231b5e8576a37db5ee9,4E29D/4C037,LINE,LABEL CABLE,,absent_from_canonical_evidence,0,{},expanded_instance_with_definition_and_parents_in_ledger,629384cf8948ab7dd333f528c775f1e0f51a2db9a2919efdfb1a2d9cce3e39f4,True,37d9ba57e084b23b16f94c06d3ec4c1f1198bacc8228b50c46923dc0a02a77da,True,graphic_only
plan:8df77daa545b58f21aee30e4b90efdd32fca9d0774db7664f14f00db3a44ca74,4CE34/3F354,CIRCLE,0,,graphic_only,0,{},not_delivered_not_automatically_missing,94306d1b822560f3f928eb88a6480e5f9832f3b037a3ad78db40b0479d8af86a,True,27589a013cc657df20593101079f55882437e77e487eb5ad5eef9b9b8472b8e8,True,mapped
plan:8e16938a2eeae4cc74fe692bedb2d0189a7817cfcaadb0861f7d76378c483583,4CF3C/3F357,TEXT,0,MTI,absent_from_canonical_evidence,0,{},expanded_instance_with_definition_and_parents_in_ledger,ff1ba06dde906639809567d79e2e21daa53383fe84a72be8c29a867b8789534e,True,ad9f47b2bba42d621eb6bde571ab74ea2c81016bb3f5e8ede6988de3efea4c2d,True,mapped
plan:8ee9034ed499c257f7809237a3fadfca7da1e1e27f8f48e8d02185128e0a95ce,4CF44/3F34E,LWPOLYLINE,0,,absent_from_canonical_evidence,0,{},expanded_instance_with_definition_and_parents_in_ledger,eb4b79320c746eb6acb77f2a88c80f800fdabf3d15fb85ac9279e4ac8409d600,True,270d1c5c4756523fc8a57cc50a53f9aa319e723d17abde30fbd34e7de564a3f7,True,mapped
plan:8f1080b9f325cd76b71a3e4a448ec9471b496ba45a7d7eb12a058117803025b6,4D33D/2E68,ATTDEF,0,XXX,annotation,0,{},not_delivered_not_automatically_missing,c1e048c74bbeb0808175d1f63275ae29ba123e7b173a1e8e5527bc55ff852b7c,True,75439beb61b3e0b3506cb3c08f835435ebfcc8a73ef4bc177f123e460199f552,True,mapped
plan:8f5a6d4a46a7fdcbe57a0d3fe9100e62197e402e3a9128e00ea2cc232979a2a5,4E29D/4C03F,LINE,LABEL CABLE,,absent_from_canonical_evidence,0,{},expanded_instance_with_definition_and_parents_in_ledger,e14093fd913a858300c1a9acbc700b08cf84a7e3d8a6c9a0f25095bd649eb7fc,True,37d9ba57e084b23b16f94c06d3ec4c1f1198bacc8228b50c46923dc0a02a77da,True,graphic_only
plan:8f7c929a1fd45341f7d1e8dfd7ac185f0db8f283343d449c2bdbcd447e5d2419,4CEF4/4D10F,CIRCLE,0,,graphic_only,0,{},not_delivered_not_automatically_missing,5467a143204fe878122eea791ce308cc50be882c0ffa819f63dc04f410e049d7,True,e5f4ba071a0ef2cc9003b65924705f342c46538502d0b4f7b8fbfcedca1c0c38,True,mapped
plan:9032b0d581b20b652729d7d890bc2b45d5e0317c19e56c90a52b4d8e07d7665c,4CDE4/4D115,TEXT,0,FM,absent_from_canonical_evidence,0,{},expanded_instance_with_definition_and_parents_in_ledger,b89593c297a9ca82d3ad11fb33dffb3d34aa57e17f4cc790e7178c6c856bf7cf,True,29e795090d2074e1dabe69c29084fa1478c85c5b5b45f3ea3e72d07384325f97,True,mapped
plan:90e587e1ec246dac080eb3f615d3f358364b4a145699f2d3e7d961358e84c135,4CE3C/4D112,LWPOLYLINE,0,,absent_from_canonical_evidence,0,{},expanded_instance_with_definition_and_parents_in_ledger,2298a762023daef8f1e2d328c2f013b90b91092758bec0b093e6d859ed833ebd,True,607bbbf8f25cbc2901c1f8784d4e063ccca30443f61c029953fbf882b61ec225,True,mapped
plan:90e916e3fcb27c0a2f3a10958827b5359ca63340c05458e4f551f008b0dd03d3,4CECC/3F34E,LWPOLYLINE,0,,absent_from_canonical_evidence,0,{},expanded_instance_with_definition_and_parents_in_ledger,eb4b79320c746eb6acb77f2a88c80f800fdabf3d15fb85ac9279e4ac8409d600,True,f95825a238a31d1e32e28dc0b80e96d80ae5c0bf40909548e0048662869a3577,True,mapped
plan:90fb1cd0d57edbba4a1105ba24da0a5b284db9141fbdc1089a0d09bfdfd8ed04,4CE64/3F34B,CIRCLE,0,,graphic_only,0,{},not_delivered_not_automatically_missing,6bb38e8314c0d4fb879abcc4cf54743fa46c528158c6ad7bb5d9557c4c4fb535,True,7ad13a1c8f016578132b2c3ec313e6f9341bd2b2aebeea3d2befe2644ea011f0,True,mapped
plan:912dbec4f98dd2d31a4bc9a71c771834d89113a58763426895665ddedc5f40b9,4CF8C/4D112,LWPOLYLINE,0,,absent_from_canonical_evidence,0,{},expanded_instance_with_definition_and_parents_in_ledger,2298a762023daef8f1e2d328c2f013b90b91092758bec0b093e6d859ed833ebd,True,339bfeb586f8e2f24be6322b657651b50d4c6f28158b8d12395c9f6760562279,True,mapped
plan:9144943cb243f86b664c25b5cc493a2ab4000c0465318ae7af11a1f2fec12dcd,4CEAC/3F34C,TEXT,0,NP7,absent_from_canonical_evidence,0,{},expanded_instance_with_definition_and_parents_in_ledger,a5eb157176bb73918b8cd962d3db724781651ae40e4096ea9c316477fdcbfb13,True,15456f6652b8b0cf153d05e204c9feaac8dd55a8ddf93dd16a681bebf3dc3aa8,True,mapped
plan:9195fc44641f20c75ea6bb6efe555792e52dbec1f1e7bd869d7866cc3a3e0af6,4CF7C/3F34E,LWPOLYLINE,0,,absent_from_canonical_evidence,0,{},expanded_instance_with_definition_and_parents_in_ledger,eb4b79320c746eb6acb77f2a88c80f800fdabf3d15fb85ac9279e4ac8409d600,True,cac21d548ca26b99dc41759b1a5d756a9d8192d2ca7a10284a062761a06d1b3f,True,mapped
plan:91cc875cda28b45408acb123bb951e2b89fc2e2245d11644cbbad62b8ecc61ac,4CEBC/4D110,TEXT,0,NP7,absent_from_canonical_evidence,0,{},expanded_instance_with_definition_and_parents_in_ledger,badee6318ffcd26819fafc6d683d714975d5f53724bdf69e83f22fc067a23a2c,True,35ade6bbc7e13fa4e43613caa0171f49cf10f4af719127b077041094ce23dd48,True,mapped
plan:91e137ded381af0535474d7879d992bcfcfae165b67b7d0d88fed26959d21124,4CDBC/3F34B,CIRCLE,0,,graphic_only,0,{},not_delivered_not_automatically_missing,6bb38e8314c0d4fb879abcc4cf54743fa46c528158c6ad7bb5d9557c4c4fb535,True,0c4e1061b8e9d0802d37528196bcae2ca9c4ce33644ef698a782b6491f1d334e,True,mapped
plan:9259ff4768b4ba33ba27fa2ed5f5c84557c0ebae111e6dd01ff608a764c49991,4CF54/4D111,LWPOLYLINE,0,,absent_from_canonical_evidence,0,{},expanded_instance_with_definition_and_parents_in_ledger,450f6d435f11fd1ae339aa205d7c4aad6d78c64cc8cb462bb1e7c9c573893f53,True,2d1ada332960d9966919845941661222c0188de112f6815688ec909495207b7f,True,mapped
plan:926b1949849d2826bdfeaa3fba7520c6245bf8666cfaa8bd16e4b59541b9b21f,4CF54/4D110,TEXT,0,NP7,absent_from_canonical_evidence,0,{},expanded_instance_with_definition_and_parents_in_ledger,badee6318ffcd26819fafc6d683d714975d5f53724bdf69e83f22fc067a23a2c,True,2d1ada332960d9966919845941661222c0188de112f6815688ec909495207b7f,True,mapped
plan:92a8de8d9bd213475f1d5a11ea13d5db7ac422c86670ecd67cc155e123470180,4E29D/4C029,LINE,LABEL CABLE,,absent_from_canonical_evidence,0,{},expanded_instance_with_definition_and_parents_in_ledger,b7b23b7c59208cbeb9d642ca040457e5a264fd78e4ab073d24d985e8e6fe5f4a,True,37d9ba57e084b23b16f94c06d3ec4c1f1198bacc8228b50c46923dc0a02a77da,True,graphic_only
plan:9325b5d5c06dd6e0bd32efb6bec1521f53fb74c2bf4af4138c1d3d8b8bfa9fd1,4E29C/4C027,LINE,LABEL CABLE,,absent_from_canonical_evidence,0,{},expanded_instance_with_definition_and_parents_in_ledger,9ee6a1c53a96eb2d3c996d7002e65bc7668eb1f440501ede1aaffecde9dd8896,True,ee3adf9fa6ff2aef5b2d1732c149414e0f3daa2433329b6236aedbbe2d75d057,True,graphic_only
plan:932d6741976cf5da3046031319411f8fc7602c36331c32a4bbbf4d3739b87da6,4E299/4C038,LINE,LABEL CABLE,,absent_from_canonical_evidence,0,{},expanded_instance_with_definition_and_parents_in_ledger,7ea8280f4c0b83e827a390eab2d7527159cb516de4d2b46242def5c310e6cf19,True,a69bf93e367b94f03cfbcae61eb412a675406c9e1aa010778e7e2f7e7c1d4b19,True,graphic_only
plan:932db8bb9062e2e53714d8b7657124053a7598438dbb5877326591807d486feb,4D325/2E67,LWPOLYLINE,0,,absent_from_canonical_evidence,0,{},expanded_instance_with_definition_and_parents_in_ledger,b93a0becf34749f571acc539a1e6f9c65092d9c247b3be97560def8c152872eb,True,a2fd6dcf0b84defcb964a6d7340f29567990028330c410e9de49a66e2ee04ad2,True,mapped
plan:935c8b6afa88afbbd82939229972c3738efacd2ebcdf8dc00bdd091605e1306f,4CF9C/3F34B,CIRCLE,0,,graphic_only,0,{},not_delivered_not_automatically_missing,6bb38e8314c0d4fb879abcc4cf54743fa46c528158c6ad7bb5d9557c4c4fb535,True,abe68b7124d7f04d48f400f6cea9065be071768b640fcf53b3d289c478b97c9e,True,mapped
plan:939be7fcb9bb0c8b9a06379a79f64fd39b7c8667943fa1746532fa7a08c99220,4D331/2E64,LWPOLYLINE,0,,absent_from_canonical_evidence,0,{},expanded_instance_with_definition_and_parents_in_ledger,bb92c118cdb46d1992908bdebdef425caf80ac6ceb1e87d4295ba8d34ca13cfb,True,db286e9a8cdef5294fe64cfcc66a361f9d07a2d48d18830f927e7753c80618eb,True,mapped
plan:93edc5f32933c416a967634e226eb1746a948fc82b0e5198846756597a174671,4CDBC/3F350,TEXT,0,3',absent_from_canonical_evidence,0,{},expanded_instance_with_definition_and_parents_in_ledger,457fbcedf425e95cf337b447f86a6c4d9215373a4c0b7ff2f887a6be20ad9a5b,True,0c4e1061b8e9d0802d37528196bcae2ca9c4ce33644ef698a782b6491f1d334e,True,mapped
plan:94a41e814c2d5a8145734869346dc40284c552675030be552c5c64b42880872c,4CE04/3F34C,TEXT,0,NP7,absent_from_canonical_evidence,0,{},expanded_instance_with_definition_and_parents_in_ledger,a5eb157176bb73918b8cd962d3db724781651ae40e4096ea9c316477fdcbfb13,True,4a2f55caec8f9245cb11b77ceee8c5654af597a94881b68213de7a0e104c5313,True,mapped
plan:9515a0f96c42273b2c06ec49b6a571a2dc7fe433c1a13746a5e68ca814a50b9e,4CE74/3F34A,TEXT,0,NP7,absent_from_canonical_evidence,0,{},expanded_instance_with_definition_and_parents_in_ledger,cba0f256b48f099a69f7b031d01a7455fc01dd1e6837d4131f52d719a3490e6d,True,099f79f3bd1b85c38c889313cf43601aa4acae882ed11d2c71359b4d05dd09ef,True,mapped
plan:953670cf1b3e6057b60a4ea20cf7b01127e09acf6861c7007d4c3530573ca2ab,4E29D/4C028,LINE,LABEL CABLE,,absent_from_canonical_evidence,0,{},expanded_instance_with_definition_and_parents_in_ledger,56b2ab2706e59ad678bfcd529d274831d97fde4789280a15bbbce099ea6330b0,True,37d9ba57e084b23b16f94c06d3ec4c1f1198bacc8228b50c46923dc0a02a77da,True,graphic_only
plan:953adaa7bc458ac4f45ef09a074056459847f7852a56c28a646ba6b16c14b671,4CE14/4D119,LWPOLYLINE,0,,absent_from_canonical_evidence,0,{},expanded_instance_with_definition_and_parents_in_ledger,c9f7ece77019174e47b03754cb85c4547ebf4a910e2b2336e4aa6decc81016f0,True,5973fad66deeec6d802fac53f27e1bf414bd7272788c0066111dc717d4ec1587,True,mapped
plan:95b6b39cb378fe60109b62327c79d48dc613c2db6e7bf194631f2b25541b0974,4CE14/4D11B,TEXT,0,MTI,absent_from_canonical_evidence,0,{},expanded_instance_with_definition_and_parents_in_ledger,1fef41ba4d65e1bae50f06cadd5025ad5d2f7ea2975b9450cb46117d436a304d,True,5973fad66deeec6d802fac53f27e1bf414bd7272788c0066111dc717d4ec1587,True,mapped
plan:95ce4b08047a88d0d2eab73c1c3e5f3be169c409ccee326da45cabc8968152bb,4CF54/4D113,TEXT,0,5',absent_from_canonical_evidence,0,{},expanded_instance_with_definition_and_parents_in_ledger,87e8205798eed99acc0d2246dfb6ee538bf9bd7f7f450804ffe02aa5b926593f,True,2d1ada332960d9966919845941661222c0188de112f6815688ec909495207b7f,True,mapped
plan:95d23f2e75efcf2a4bab828c7e88339f4bdb5d6b3caa482499c8047bc1f4ee30,4CF1C/4D115,TEXT,0,FM,absent_from_canonical_evidence,0,{},expanded_instance_with_definition_and_parents_in_ledger,b89593c297a9ca82d3ad11fb33dffb3d34aa57e17f4cc790e7178c6c856bf7cf,True,716b3e8b8cb9872dd2ca0d87029239af4411597a18d07128c2bf0b7bb9862a8d,True,mapped
plan:967058cdaed5bad189f4b5a18eb46c8fb99318b6bfb16186f9538e312dc5785a,4CF94/4D118,CIRCLE,0,,graphic_only,0,{},not_delivered_not_automatically_missing,0570c8e83b9520059623957b386079ab9f3c505ad1500819f9e267a7465b806c,True,58c6f0406eb0cfd84f90b93c7d3f2dfd4f4739242de967627147cd8f2310e04f,True,mapped
plan:96b6eda39f34d76944edcf88f17ce9dad7d9e7df82aa76dfe8b35628901ed29d,4CF1C/4D119,LWPOLYLINE,0,,absent_from_canonical_evidence,0,{},expanded_instance_with_definition_and_parents_in_ledger,c9f7ece77019174e47b03754cb85c4547ebf4a910e2b2336e4aa6decc81016f0,True,716b3e8b8cb9872dd2ca0d87029239af4411597a18d07128c2bf0b7bb9862a8d,True,mapped
plan:96e10358aabe1e4efd85087112d48a838ddeca3615229c63029a397b37591c03,4CF44/3F357,TEXT,0,MTI,absent_from_canonical_evidence,0,{},expanded_instance_with_definition_and_parents_in_ledger,ff1ba06dde906639809567d79e2e21daa53383fe84a72be8c29a867b8789534e,True,270d1c5c4756523fc8a57cc50a53f9aa319e723d17abde30fbd34e7de564a3f7,True,mapped
plan:97484bd03aabfb972ffcfee44c531d8be4d64ddb3744aaf787a3d806d9f8d576,4CEB4/3F358,TEXT,0,"2,",absent_from_canonical_evidence,0,{},expanded_instance_with_definition_and_parents_in_ledger,75030ddbcaf625eedb3cd5264361835e4ae6f1e709a642c4cb3a02001ba20c6f,True,e74874a61942ab337a708554f764d4817740fed971f7ffd12565dc468195b1f6,True,mapped
plan:97823c7d7d7df52d64d32352aef2b388920df71be553dc0cf6a309ef4e167624,4CF04/3F34C,TEXT,0,NP7,absent_from_canonical_evidence,0,{},expanded_instance_with_definition_and_parents_in_ledger,a5eb157176bb73918b8cd962d3db724781651ae40e4096ea9c316477fdcbfb13,True,81c005b9309f58524ce472f7c41ab8cb830e428e905fe20e9298d41397bafd19,True,mapped
plan:97832f8533c341c541364cb25479c7845fc2c9324ba9126b84c95e9b4cdfe16d,4CE64/3F356,LWPOLYLINE,0,,absent_from_canonical_evidence,0,{},expanded_instance_with_definition_and_parents_in_ledger,5dc0b421eca7ad29a3eb1ef807168fd478a20640c85a7846a644720d694e141f,True,7ad13a1c8f016578132b2c3ec313e6f9341bd2b2aebeea3d2befe2644ea011f0,True,mapped
plan:979045da4c6bbccaffbc7fbc7c83e2037b22b61bda73cc1803c91336f8e17470,4CE1C/3F34D,LWPOLYLINE,0,,absent_from_canonical_evidence,0,{},expanded_instance_with_definition_and_parents_in_ledger,3c130b24b3184d72e97b034dcfd697ddd1e49816921acaa8d7ee04fec1d7f382,True,ff7632aaa9b368279ed333c645d875120ae2d61a8b580ce0c6c14d4023037808,True,mapped
plan:97d111cbb5c94d8f1985300dfcc97ea9766e5fdaf8bb7528d799abbec4edf754,4D321/2E67,LWPOLYLINE,0,,absent_from_canonical_evidence,0,{},expanded_instance_with_definition_and_parents_in_ledger,b93a0becf34749f571acc539a1e6f9c65092d9c247b3be97560def8c152872eb,True,6c1110f2ec026d268d1ce39284db25d5970d9248e4a80f8e39d85f391a264b90,True,mapped
plan:984d2ccd4433207b494475db0856cad28eb41549aa90877e46c54ee4fecde426,4E299/4C023,LINE,LABEL CABLE,,absent_from_canonical_evidence,0,{},expanded_instance_with_definition_and_parents_in_ledger,7fdc8f456713c71cd97bd1da7ac600a5ce77e0d9b2e01fd7e0901d32d6c02ec5,True,a69bf93e367b94f03cfbcae61eb412a675406c9e1aa010778e7e2f7e7c1d4b19,True,graphic_only
plan:98a2fe45b55ae743fe699ea3f27198ec3a97088931240b6607929dc497d6c4dd,4E29B/4C023,LINE,LABEL CABLE,,absent_from_canonical_evidence,0,{},expanded_instance_with_definition_and_parents_in_ledger,7fdc8f456713c71cd97bd1da7ac600a5ce77e0d9b2e01fd7e0901d32d6c02ec5,True,bd2d63173e3ecf3c0166c0411bbd8e9b72b3c9f3d5dbac24ff97cafc91ad4cba,True,graphic_only
plan:98a99fedcad617b13d342b81c52c561b4756691fbf06d5b54a55c0a700c01fdb,4CDD4/3F353,TEXT,0,4',absent_from_canonical_evidence,0,{},expanded_instance_with_definition_and_parents_in_ledger,3150cea3120c3a06319bc0fd9dff5b254e041f026f7fbdc39d59f7dfe8904ecd,True,b408b052e36811f9528244bba49af0545333661d4db2067d31cd412c16c4021a,True,mapped
plan:98acbfe5ead6be06e15f35d8b68fe0f1f3c080ba71047e4b4191c74ff951ab35,4CE34/3F355,LWPOLYLINE,0,,absent_from_canonical_evidence,0,{},expanded_instance_with_definition_and_parents_in_ledger,5eee604297a501ce8829f5b6d8ba6c6319575b3aae3bc7f16ff302fb9425c773,True,27589a013cc657df20593101079f55882437e77e487eb5ad5eef9b9b8472b8e8,True,mapped
plan:990701fcae98da5c69342446e397cbf9f8a8956563c25e7d843c5aab830146b3,4E29C/4C023,LINE,LABEL CABLE,,absent_from_canonical_evidence,0,{},expanded_instance_with_definition_and_parents_in_ledger,7fdc8f456713c71cd97bd1da7ac600a5ce77e0d9b2e01fd7e0901d32d6c02ec5,True,ee3adf9fa6ff2aef5b2d1732c149414e0f3daa2433329b6236aedbbe2d75d057,True,graphic_only
plan:99419c89d22fc659e56fe3165a69ffab22d260317fae6ca54f0e908dcff47a11,4E29A/4C034,LINE,LABEL CABLE,,absent_from_canonical_evidence,0,{},expanded_instance_with_definition_and_parents_in_ledger,77f98d4b423cd0018ff919ba2060db69c2b8a5f96fe3a192300a121842bd5b2c,True,947a82a8a20bf71fe88f5d306d408ac01ee8476ff2b0f646b15dcceee8fe863a,True,graphic_only
plan:9aacbaae1af7dfe7ac3696d57a699bfa334647222b21b455e15f908b1d73e3d4,4CE14/4D11C,TEXT,0,"2,",absent_from_canonical_evidence,0,{},expanded_instance_with_definition_and_parents_in_ledger,188a72b335eb8c299848b6054d10fb74a5bf8c621eae49912e67729b582ec049,True,5973fad66deeec6d802fac53f27e1bf414bd7272788c0066111dc717d4ec1587,True,mapped
plan:9ba1932a3d6e45afefb9f44afa44c9eb97ae8f6eeec232af7beba6ea3848fd06,4CE5C/3F356,LWPOLYLINE,0,,absent_from_canonical_evidence,0,{},expanded_instance_with_definition_and_parents_in_ledger,5dc0b421eca7ad29a3eb1ef807168fd478a20640c85a7846a644720d694e141f,True,de1a2e44aadb061601c42cbdc252b8c3a1ad9f33438a7a6f7974773856edb084,True,mapped
plan:9cc70d9c33ce8a8c45172c68f2ff59e3707458c31069dc06a40b3283d65a68e2,4CE34/3F34A,TEXT,0,NP7,absent_from_canonical_evidence,0,{},expanded_instance_with_definition_and_parents_in_ledger,cba0f256b48f099a69f7b031d01a7455fc01dd1e6837d4131f52d719a3490e6d,True,27589a013cc657df20593101079f55882437e77e487eb5ad5eef9b9b8472b8e8,True,mapped
plan:9cda6c33af7f4084a324a6f5f7cf44eb47046345e0d3cd2e1c636f8f1ebb7a44,4D329/2E68,ATTDEF,0,XXX,annotation,0,{},not_delivered_not_automatically_missing,c1e048c74bbeb0808175d1f63275ae29ba123e7b173a1e8e5527bc55ff852b7c,True,786b1b0e2105c517b56eab9c71739bb9b991bb021d0ec6ff4e6f3c5b9225279a,True,mapped
plan:9d0744f1dfe9d4fc462eb47e44222885863b63760617568cb472e56601991c2a,4CDE4/4D111,LWPOLYLINE,0,,absent_from_canonical_evidence,0,{},expanded_instance_with_definition_and_parents_in_ledger,450f6d435f11fd1ae339aa205d7c4aad6d78c64cc8cb462bb1e7c9c573893f53,True,29e795090d2074e1dabe69c29084fa1478c85c5b5b45f3ea3e72d07384325f97,True,mapped
plan:9d68f001f8a6ddba1cd937e48ec3b6be5c17d2271d1528273e81979d1da48457,4CDDC/3F353,TEXT,0,4',absent_from_canonical_evidence,0,{},expanded_instance_with_definition_and_parents_in_ledger,3150cea3120c3a06319bc0fd9dff5b254e041f026f7fbdc39d59f7dfe8904ecd,True,d1bd239a2000a21de4d6c6d3db83a3db4dfe57af41fc78e18008dabc89af6ef2,True,mapped
plan:9d7292bdbda8a22f36b4df5e179bc81952aa9b046b11a790f47d57cc450af77f,4D321/2E68,ATTDEF,0,XXX,annotation,0,{},not_delivered_not_automatically_missing,c1e048c74bbeb0808175d1f63275ae29ba123e7b173a1e8e5527bc55ff852b7c,True,6c1110f2ec026d268d1ce39284db25d5970d9248e4a80f8e39d85f391a264b90,True,mapped
plan:9dd54bab02ee70ca2b6cd1acce332ed8eaa81aed9c6bdcb70a133248026912c4,4CF0C/4D119,LWPOLYLINE,0,,absent_from_canonical_evidence,0,{},expanded_instance_with_definition_and_parents_in_ledger,c9f7ece77019174e47b03754cb85c4547ebf4a910e2b2336e4aa6decc81016f0,True,72b5c48e95b8fbacf77ffa325062449dc776ab8861dec1e19b6ceef934860715,True,mapped
plan:9e0ad158e71b049e5b3f9be9dfc7b69e0d163b3cb82e43cec61f355b67ae13e8,4CDD4/3F34F,TEXT,0,5',absent_from_canonical_evidence,0,{},expanded_instance_with_definition_and_parents_in_ledger,b39da2e7005e52f7f77fd658c0c1e793319f396bfcdc2a80a4af4d9a9e1e0e70,True,b408b052e36811f9528244bba49af0545333661d4db2067d31cd412c16c4021a,True,mapped
plan:9e916fb684c58b5dd270ac5d794c17fe798d6c982fae765b7a1b3ad037bc7cb6,4D325/2E65,LWPOLYLINE,0,,absent_from_canonical_evidence,0,{},expanded_instance_with_definition_and_parents_in_ledger,315b63473bfd040ed86c91e882188e51371403c2325e7c9c46417d98056f0992,True,a2fd6dcf0b84defcb964a6d7340f29567990028330c410e9de49a66e2ee04ad2,True,mapped
plan:9e97042aa4d003a23297942a54c3589d1b53b26d26010824fbd37a4e58db4b0e,4CEDC/4D113,TEXT,0,5',absent_from_canonical_evidence,0,{},expanded_instance_with_definition_and_parents_in_ledger,87e8205798eed99acc0d2246dfb6ee538bf9bd7f7f450804ffe02aa5b926593f,True,dc0ca8b82adfd1826598d6c86ed3de400d6bd9c62d949b9c96fa2ae52ee95a61,True,mapped
plan:9f174fcb23310cd35aeb864b95fd72c21e4237d2f33baf37fe9437fe017c381e,4CF94/4D117,TEXT,0,4',absent_from_canonical_evidence,0,{},expanded_instance_with_definition_and_parents_in_ledger,36371714a1ed076d5dc758985b76858ac2ed7692bb46e5ef020f0060bb3bcc5d,True,58c6f0406eb0cfd84f90b93c7d3f2dfd4f4739242de967627147cd8f2310e04f,True,mapped
plan:9fa6a5b376e0e8a4b5e23f1191e6a18e75c373089f01408923a7293011791b16,4D335/2E64,LWPOLYLINE,0,,absent_from_canonical_evidence,0,{},expanded_instance_with_definition_and_parents_in_ledger,bb92c118cdb46d1992908bdebdef425caf80ac6ceb1e87d4295ba8d34ca13cfb,True,074cb05db899d4c71acfda15936163f5283bc11f2e4de8ca6a22658d4bde69e0,True,mapped
plan:9fcd1fd0286c6bd7ea24c735cd63f7804534c588ab0e8ab76133631923acef75,4D301/2E65,LWPOLYLINE,0,,absent_from_canonical_evidence,0,{},expanded_instance_with_definition_and_parents_in_ledger,315b63473bfd040ed86c91e882188e51371403c2325e7c9c46417d98056f0992,True,868537a801913118d2da5a65890e300b7b6dc53d16635e62ca2ea9f444c4ee6c,True,mapped
plan:a02fbfcd147332a9c2f7f006b13b1871a8a31f5fdb40aa3a440a43491732c501,4CE1C/3F358,TEXT,0,"2,",absent_from_canonical_evidence,0,{},expanded_instance_with_definition_and_parents_in_ledger,75030ddbcaf625eedb3cd5264361835e4ae6f1e709a642c4cb3a02001ba20c6f,True,ff7632aaa9b368279ed333c645d875120ae2d61a8b580ce0c6c14d4023037808,True,mapped
plan:a064862d9cfd226dcf48f6a64db72cd142267a278a0bd01f5658191ed1fd7dd6,4CE3C/4D110,TEXT,0,NP7,absent_from_canonical_evidence,0,{},expanded_instance_with_definition_and_parents_in_ledger,badee6318ffcd26819fafc6d683d714975d5f53724bdf69e83f22fc067a23a2c,True,607bbbf8f25cbc2901c1f8784d4e063ccca30443f61c029953fbf882b61ec225,True,mapped
plan:a064b6f356039a3afe8c02888259abe5bb1994ae0eefbf5cf61fd5582b880307,4CE94/4D112,LWPOLYLINE,0,,absent_from_canonical_evidence,0,{},expanded_instance_with_definition_and_parents_in_ledger,2298a762023daef8f1e2d328c2f013b90b91092758bec0b093e6d859ed833ebd,True,0b8856a07dfaae36fb60617749f070a0d0075a608170f033666d9250317f2899,True,mapped
plan:a0a113b7b7e3e9b4e62c57f922ea059c5ab137c87b8f75094e8d4ff59010f6ca,4CEDC/4D112,LWPOLYLINE,0,,absent_from_canonical_evidence,0,{},expanded_instance_with_definition_and_parents_in_ledger,2298a762023daef8f1e2d328c2f013b90b91092758bec0b093e6d859ed833ebd,True,dc0ca8b82adfd1826598d6c86ed3de400d6bd9c62d949b9c96fa2ae52ee95a61,True,mapped
plan:a0aaad1c917dbbc87f44d621b784e530757c64a4bdf84cb8c27dabad48ab74c7,4CDCC/3F355,LWPOLYLINE,0,,absent_from_canonical_evidence,0,{},expanded_instance_with_definition_and_parents_in_ledger,5eee604297a501ce8829f5b6d8ba6c6319575b3aae3bc7f16ff302fb9425c773,True,efcb09f8e19235a1513d736d9fc615c7eda09de57fb02c002b3453bca20f3bc9,True,mapped
plan:a0fe1519fedfcc2a0aa1d2918851b90c977a03dddc563419479146775ebd6b7b,4CF7C/3F354,CIRCLE,0,,graphic_only,0,{},not_delivered_not_automatically_missing,94306d1b822560f3f928eb88a6480e5f9832f3b037a3ad78db40b0479d8af86a,True,cac21d548ca26b99dc41759b1a5d756a9d8192d2ca7a10284a062761a06d1b3f,True,mapped
plan:a13dd51860bb859ac56d3c84857493cfc27d79b01767d324b07d5e4bd421d3fe,4CEB4/3F34E,LWPOLYLINE,0,,absent_from_canonical_evidence,0,{},expanded_instance_with_definition_and_parents_in_ledger,eb4b79320c746eb6acb77f2a88c80f800fdabf3d15fb85ac9279e4ac8409d600,True,e74874a61942ab337a708554f764d4817740fed971f7ffd12565dc468195b1f6,True,mapped
plan:a15585d1a247d2d2e711d83b55794bb1f9e1121f1c32b3d936859e6d3ed45398,4CE94/4D11B,TEXT,0,MTI,absent_from_canonical_evidence,0,{},expanded_instance_with_definition_and_parents_in_ledger,1fef41ba4d65e1bae50f06cadd5025ad5d2f7ea2975b9450cb46117d436a304d,True,0b8856a07dfaae36fb60617749f070a0d0075a608170f033666d9250317f2899,True,mapped
plan:a15d8987f100b01c4a740cf7cb471e7fc9327b87bbe1173d03776c61076bba4d,4CE54/3F34A,TEXT,0,NP7,absent_from_canonical_evidence,0,{},expanded_instance_with_definition_and_parents_in_ledger,cba0f256b48f099a69f7b031d01a7455fc01dd1e6837d4131f52d719a3490e6d,True,5733052d6a69915732057fe6380ed41bc4462dbac367e35ff5acb6c87d91411d,True,mapped
plan:a17aba873f47285c8829ff6c145ebb2aa6594178163263ea74356a1aa9b5b2d3,4CDDC/3F34A,TEXT,0,NP7,absent_from_canonical_evidence,0,{},expanded_instance_with_definition_and_parents_in_ledger,cba0f256b48f099a69f7b031d01a7455fc01dd1e6837d4131f52d719a3490e6d,True,d1bd239a2000a21de4d6c6d3db83a3db4dfe57af41fc78e18008dabc89af6ef2,True,mapped
plan:a1b68de2da16996f00fe4290a4bee4adba68bde754fd003ca87055494d262282,4CEA4/4D114,TEXT,0,3',absent_from_canonical_evidence,0,{},expanded_instance_with_definition_and_parents_in_ledger,9b50908c64a894089d844b98e894fc1ff80e99c4f2f11db1a8fbf110e6022439,True,49ea8fc10f50f32695447756c1dabf056183df76761c3c148543df64422a8f48,True,mapped
plan:a2d72be904483e974ac4430d44ecbcbdcc93132becfca2b316652bd8b2df7ff0,4CE74/3F34F,TEXT,0,5',absent_from_canonical_evidence,0,{},expanded_instance_with_definition_and_parents_in_ledger,b39da2e7005e52f7f77fd658c0c1e793319f396bfcdc2a80a4af4d9a9e1e0e70,True,099f79f3bd1b85c38c889313cf43601aa4acae882ed11d2c71359b4d05dd09ef,True,mapped
plan:a3263a2b0db0cc039c773746dca252b246dabfa339104f6b94d8408e5b45a734,4CE84/3F34D,LWPOLYLINE,0,,absent_from_canonical_evidence,0,{},expanded_instance_with_definition_and_parents_in_ledger,3c130b24b3184d72e97b034dcfd697ddd1e49816921acaa8d7ee04fec1d7f382,True,df9d67f310360d39692cd7cad8ec582ea5526dd0aaabc4c48cbc002cbc4202d4,True,mapped
plan:a3df59d43866e3f5beef076704a0fb4ab24bd705225aa8d5b5560922ebef6320,4D33D/2E66,HATCH,0,,graphic_only,0,{},not_delivered_not_automatically_missing,0cd841bb19f4fbc9fada3d76fbc2c7904ad59db113909e3a3c416bb11ce671c9,True,75439beb61b3e0b3506cb3c08f835435ebfcc8a73ef4bc177f123e460199f552,True,mapped
plan:a43cd5155682e19a1ad469cbad08433c20052b3e5a2dde4ef5aa8c53c824a794,4CF3C/3F34A,TEXT,0,NP7,absent_from_canonical_evidence,0,{},expanded_instance_with_definition_and_parents_in_ledger,cba0f256b48f099a69f7b031d01a7455fc01dd1e6837d4131f52d719a3490e6d,True,ad9f47b2bba42d621eb6bde571ab74ea2c81016bb3f5e8ede6988de3efea4c2d,True,mapped
plan:a4436724fd319d4c3615450198cb56cbb7585c17f7e168608c0a602d27381139,4E29A/4C02C,LINE,LABEL CABLE,,absent_from_canonical_evidence,0,{},expanded_instance_with_definition_and_parents_in_ledger,6c4382f82b22f065221ceccda5343cc1fe4e69146bfe222a9125b6c7e4008900,True,947a82a8a20bf71fe88f5d306d408ac01ee8476ff2b0f646b15dcceee8fe863a,True,graphic_only
plan:a45dc5d725847a62314b015d7f9b99999c5f2254315b9287b2709da908433b8c,4D2F5/2E67,LWPOLYLINE,0,,absent_from_canonical_evidence,0,{},expanded_instance_with_definition_and_parents_in_ledger,b93a0becf34749f571acc539a1e6f9c65092d9c247b3be97560def8c152872eb,True,233fad93657ba309088f1554bf3df006c5f6e6f189938b3373041ad78f5694ab,True,mapped
plan:a4d3b9758e3ed059d62adc2369d92e14e6fee05311f2fc76f52d9c2248cdd938,4CF0C/4D118,CIRCLE,0,,graphic_only,0,{},not_delivered_not_automatically_missing,0570c8e83b9520059623957b386079ab9f3c505ad1500819f9e267a7465b806c,True,72b5c48e95b8fbacf77ffa325062449dc776ab8861dec1e19b6ceef934860715,True,mapped
plan:a560f847223ce9d0ab076e273fea1f557b7c3396592e9827e1c9cd1611f15dbb,4CF14/3F34A,TEXT,0,NP7,absent_from_canonical_evidence,0,{},expanded_instance_with_definition_and_parents_in_ledger,cba0f256b48f099a69f7b031d01a7455fc01dd1e6837d4131f52d719a3490e6d,True,3342afe08260a237538d0a6d4054e6b0432f9c5d248d54d44353b8ded1122b4c,True,mapped
plan:a5a8e16c744076f792652827d40c9064883d4d1b616ac26ffb4253c07196d5c7,4E299/4C025,LINE,LABEL CABLE,,absent_from_canonical_evidence,0,{},expanded_instance_with_definition_and_parents_in_ledger,0c6d2128fcc359f9141c65d041c73ee8676fc1c22d51c7a562553fe7eb7523a4,True,a69bf93e367b94f03cfbcae61eb412a675406c9e1aa010778e7e2f7e7c1d4b19,True,graphic_only
plan:a5d32e5a90b027882efbe418ae097233005ee519e4c7f3232014b775aa38f603,4E299/4C024,LINE,LABEL CABLE,,absent_from_canonical_evidence,0,{},expanded_instance_with_definition_and_parents_in_ledger,b9e55bf8921fb597b07573a541292468ad97172ec1e07c10a93fa7c9a77e721d,True,a69bf93e367b94f03cfbcae61eb412a675406c9e1aa010778e7e2f7e7c1d4b19,True,graphic_only
plan:a6033a5575e51c4aab0fe0fcb4fa69df5efe3c102d9b17523f223975c5afcf82,4D0B5/2E5D,ATTDEF,0,XX,annotation,0,{},not_delivered_not_automatically_missing,28033ce630e0c9c0e801b1f6fd38b24bb8a64dee86ce60efe54142188bcb737c,True,a89cf21f2cfd90811a89068f8734d2a8ea5b9eddb0f6ee539d6f5fe68d1890c1,True,mapped
plan:a6f263d2350553063413069c345a8144c4465476846d9b29aaa8e3bce5364767,4CE84/3F351,TEXT,0,FM,absent_from_canonical_evidence,0,{},expanded_instance_with_definition_and_parents_in_ledger,052f1b638d0fdc6fbdaed7c281bb6a5f54a33d5c01ed47955ec714064d7dc282,True,df9d67f310360d39692cd7cad8ec582ea5526dd0aaabc4c48cbc002cbc4202d4,True,mapped
plan:a6f7c6678dc14784cbb2855cf15e03ce08e0ddf8e60429b10abec0fd9611f5c7,4D319/2E68,ATTDEF,0,XXX,annotation,0,{},not_delivered_not_automatically_missing,c1e048c74bbeb0808175d1f63275ae29ba123e7b173a1e8e5527bc55ff852b7c,True,57432c3779436ff5c8984da171400918e940a4b12e0b5979b9e86ac4f22b27db,True,mapped
plan:a706bdbb02d210f20cc2c6798dc2244b74faac1c25d8000aaf472625d71278a9,4CE1C/3F350,TEXT,0,3',absent_from_canonical_evidence,0,{},expanded_instance_with_definition_and_parents_in_ledger,457fbcedf425e95cf337b447f86a6c4d9215373a4c0b7ff2f887a6be20ad9a5b,True,ff7632aaa9b368279ed333c645d875120ae2d61a8b580ce0c6c14d4023037808,True,mapped
plan:a75b2473919f1b0ef061139df3603ddc1d665c443cd1db77c72db808e690867f,4CE9C/3F358,TEXT,0,"2,",absent_from_canonical_evidence,0,{},expanded_instance_with_definition_and_parents_in_ledger,75030ddbcaf625eedb3cd5264361835e4ae6f1e709a642c4cb3a02001ba20c6f,True,6b6180a7fe40abbe099421c3f65bff0956db9b442ce51b9c95f0af2e3b7be6c5,True,mapped
plan:a75ea05de7c584379296385bb2bd3af229ea9a7eb700ccc16367d6b4e673bbad,4CF44/3F355,LWPOLYLINE,0,,absent_from_canonical_evidence,0,{},expanded_instance_with_definition_and_parents_in_ledger,5eee604297a501ce8829f5b6d8ba6c6319575b3aae3bc7f16ff302fb9425c773,True,270d1c5c4756523fc8a57cc50a53f9aa319e723d17abde30fbd34e7de564a3f7,True,mapped
plan:a7fec007c2e5b95de0668b10aec150b455085a25780081b59c22eee518f27c96,4E29C/4C030,LINE,LABEL CABLE,,absent_from_canonical_evidence,0,{},expanded_instance_with_definition_and_parents_in_ledger,c971be53855fd639840b7defbd5b7e5cede652d94803c7ac902ce3db9ae26d82,True,ee3adf9fa6ff2aef5b2d1732c149414e0f3daa2433329b6236aedbbe2d75d057,True,graphic_only
plan:a839d371fcd49a232d5743cc2315b115c6572aab05f6008a7f7c9b214de355fc,4CEAC/3F356,LWPOLYLINE,0,,absent_from_canonical_evidence,0,{},expanded_instance_with_definition_and_parents_in_ledger,5dc0b421eca7ad29a3eb1ef807168fd478a20640c85a7846a644720d694e141f,True,15456f6652b8b0cf153d05e204c9feaac8dd55a8ddf93dd16a681bebf3dc3aa8,True,mapped
plan:a88132c6cd0c3ae2b01713d49bded216410ffe2744c38533c7ba908c8325f02a,4CF74/3F34E,LWPOLYLINE,0,,absent_from_canonical_evidence,0,{},expanded_instance_with_definition_and_parents_in_ledger,eb4b79320c746eb6acb77f2a88c80f800fdabf3d15fb85ac9279e4ac8409d600,True,cae41a6793881ee67345e390dedc39e4d0c5f41582fffeda6e22fa6472211370,True,mapped
plan:a89e3a1cc1beb89b5ea4e6fe65e05a481c9cc7e0a7483634e76630fbf681d485,4D331/2E68,ATTDEF,0,XXX,annotation,0,{},not_delivered_not_automatically_missing,c1e048c74bbeb0808175d1f63275ae29ba123e7b173a1e8e5527bc55ff852b7c,True,db286e9a8cdef5294fe64cfcc66a361f9d07a2d48d18830f927e7753c80618eb,True,mapped
plan:a89f0911713d02aea238fa7fc40c940850b13558e609ed08a8ec3db7e5f3d26c,4D325/2E68,ATTDEF,0,XXX,annotation,0,{},not_delivered_not_automatically_missing,c1e048c74bbeb0808175d1f63275ae29ba123e7b173a1e8e5527bc55ff852b7c,True,a2fd6dcf0b84defcb964a6d7340f29567990028330c410e9de49a66e2ee04ad2,True,mapped
plan:a8c6e515bba94065aef642c64d637f660aa4f3c0e34200695d479d5b09a11a54,4CE6C/4D0DF,CIRCLE,0,,graphic_only,0,{},not_delivered_not_automatically_missing,797f3fa78d66a8e0fe1976fd7c0839d7184f11bb6ff2282b74dc91254ce1de68,True,a366967dec954d307283a2c550bff5986bae7fb16b93e6dacaea604bb6bbceee,True,mapped
plan:a8fc88c0aa2802b0c00afb49f6eae16127733dd0350f17f8d250813fe65a324f,4CDDC/3F34B,CIRCLE,0,,graphic_only,0,{},not_delivered_not_automatically_missing,6bb38e8314c0d4fb879abcc4cf54743fa46c528158c6ad7bb5d9557c4c4fb535,True,d1bd239a2000a21de4d6c6d3db83a3db4dfe57af41fc78e18008dabc89af6ef2,True,mapped
plan:a91b5ef6ac5161a7e0184e93687f9d26fc49e514a8796c0d20cae7e63bc72def,4CE14/4D113,TEXT,0,5',absent_from_canonical_evidence,0,{},expanded_instance_with_definition_and_parents_in_ledger,87e8205798eed99acc0d2246dfb6ee538bf9bd7f7f450804ffe02aa5b926593f,True,5973fad66deeec6d802fac53f27e1bf414bd7272788c0066111dc717d4ec1587,True,mapped
plan:a964eb3b1dffd4063d3e21e6e7dbb0b4955b611d2f879064f033cf2fc0b0692e,4CF0C/4D117,TEXT,0,4',absent_from_canonical_evidence,0,{},expanded_instance_with_definition_and_parents_in_ledger,36371714a1ed076d5dc758985b76858ac2ed7692bb46e5ef020f0060bb3bcc5d,True,72b5c48e95b8fbacf77ffa325062449dc776ab8861dec1e19b6ceef934860715,True,mapped
plan:a96e03669af9a418f8d70dde43c22186a5e9dc1de3fe3eecf6620085f6578656,4CDDC/3F355,LWPOLYLINE,0,,absent_from_canonical_evidence,0,{},expanded_instance_with_definition_and_parents_in_ledger,5eee604297a501ce8829f5b6d8ba6c6319575b3aae3bc7f16ff302fb9425c773,True,d1bd239a2000a21de4d6c6d3db83a3db4dfe57af41fc78e18008dabc89af6ef2,True,mapped
plan:aab7912c2265afd01fe50fd0adbb21fd9949da38105e92df68e960ff4a8a043b,4CE4C/4D113,TEXT,0,5',absent_from_canonical_evidence,0,{},expanded_instance_with_definition_and_parents_in_ledger,87e8205798eed99acc0d2246dfb6ee538bf9bd7f7f450804ffe02aa5b926593f,True,fc10a96af2baf82e5734647f076b2484be5db2d2b442100136c457ec374b0478,True,mapped
plan:aace88408ec857cd7e503e18a8d8d92a4bb6d34aa1127e6b786180ca1b136878,4CFCF/4D115,TEXT,0,FM,absent_from_canonical_evidence,0,{},expanded_instance_with_definition_and_parents_in_ledger,b89593c297a9ca82d3ad11fb33dffb3d34aa57e17f4cc790e7178c6c856bf7cf,True,8f6257c387b26db4fc3d33da9195204e3e135d9ba0a098f1c05c190e359a0e64,True,mapped
plan:ab3b449723134ffdca320afb81eb940fda3d3e155fd1110a19daaa436dc6419e,4CF0C/4D114,TEXT,0,3',absent_from_canonical_evidence,0,{},expanded_instance_with_definition_and_parents_in_ledger,9b50908c64a894089d844b98e894fc1ff80e99c4f2f11db1a8fbf110e6022439,True,72b5c48e95b8fbacf77ffa325062449dc776ab8861dec1e19b6ceef934860715,True,mapped
plan:ab5682da69de8a10c92527fcb44108e7d246a1782b206c7ddf950ab070235e3d,4CDE4/4D110,TEXT,0,NP7,absent_from_canonical_evidence,0,{},expanded_instance_with_definition_and_parents_in_ledger,badee6318ffcd26819fafc6d683d714975d5f53724bdf69e83f22fc067a23a2c,True,29e795090d2074e1dabe69c29084fa1478c85c5b5b45f3ea3e72d07384325f97,True,mapped
plan:ab76df29f550f6d598907b0a6ce7b3dbbd019c1c012670a3883bce1bc4052a26,4D33D/2E64,LWPOLYLINE,0,,absent_from_canonical_evidence,0,{},expanded_instance_with_definition_and_parents_in_ledger,bb92c118cdb46d1992908bdebdef425caf80ac6ceb1e87d4295ba8d34ca13cfb,True,75439beb61b3e0b3506cb3c08f835435ebfcc8a73ef4bc177f123e460199f552,True,mapped
plan:abaef9042544085e60a129ed61b76345cdcf9accf69bdd3d81ebd10c394f8fe5,4E29A/4C037,LINE,LABEL CABLE,,absent_from_canonical_evidence,0,{},expanded_instance_with_definition_and_parents_in_ledger,629384cf8948ab7dd333f528c775f1e0f51a2db9a2919efdfb1a2d9cce3e39f4,True,947a82a8a20bf71fe88f5d306d408ac01ee8476ff2b0f646b15dcceee8fe863a,True,graphic_only
plan:abead02ff7d7a1d4a866e3e2fbdf492b44704e6e8ba9db2b20bf2decaca820d8,4CF74/3F34C,TEXT,0,NP7,absent_from_canonical_evidence,0,{},expanded_instance_with_definition_and_parents_in_ledger,a5eb157176bb73918b8cd962d3db724781651ae40e4096ea9c316477fdcbfb13,True,cae41a6793881ee67345e390dedc39e4d0c5f41582fffeda6e22fa6472211370,True,mapped
plan:ac31d06b77e36e24c2203934d7d46d86d7288982666f3e5f66624298977ce09f,4E29D/4C03C,LINE,LABEL CABLE,,absent_from_canonical_evidence,0,{},expanded_instance_with_definition_and_parents_in_ledger,ae48a20315c36e1e501cb4d20d1e191f2f9bc808db8b09077fdace67f2bbf72c,True,37d9ba57e084b23b16f94c06d3ec4c1f1198bacc8228b50c46923dc0a02a77da,True,graphic_only
plan:acb85abe086897d938710004d21d7b2349483a732cb9c1d0b7fc129da31529e8,4CF8C/4D11A,LWPOLYLINE,0,,absent_from_canonical_evidence,0,{},expanded_instance_with_definition_and_parents_in_ledger,7f2e1b6732c6aa3b206452573c8ff2b9a7a68b8ec87c1549c20f0c96df1678f7,True,339bfeb586f8e2f24be6322b657651b50d4c6f28158b8d12395c9f6760562279,True,mapped
plan:acc19be10fd8b280fdc00a03ac1925c7e91aa8a0ee17816de9c6ed4816cad3f1,4CE24/3F34C,TEXT,0,NP7,absent_from_canonical_evidence,0,{},expanded_instance_with_definition_and_parents_in_ledger,a5eb157176bb73918b8cd962d3db724781651ae40e4096ea9c316477fdcbfb13,True,41444a0eb371965ec69478e20328d28bbc87a81b6cafa315077b23f57bcb9bf1,True,mapped
plan:acceb16023414cb4848d2bda0b092bd3908704541ebbd9556ece440ade3073c6,4CE5C/3F34F,TEXT,0,5',absent_from_canonical_evidence,0,{},expanded_instance_with_definition_and_parents_in_ledger,b39da2e7005e52f7f77fd658c0c1e793319f396bfcdc2a80a4af4d9a9e1e0e70,True,de1a2e44aadb061601c42cbdc252b8c3a1ad9f33438a7a6f7974773856edb084,True,mapped
plan:ad00691a55ad88313b80025a1b6014ac93c046f9fefcdd6c2a66e82cc9092e84,4CF9C/3F34C,TEXT,0,NP7,absent_from_canonical_evidence,0,{},expanded_instance_with_definition_and_parents_in_ledger,a5eb157176bb73918b8cd962d3db724781651ae40e4096ea9c316477fdcbfb13,True,abe68b7124d7f04d48f400f6cea9065be071768b640fcf53b3d289c478b97c9e,True,mapped
plan:ad9cce8ade2bb0d4193e336f982e7b1ee776a215b9adbe7afa4f15983ef28a71,4E299/4C037,LINE,LABEL CABLE,,absent_from_canonical_evidence,0,{},expanded_instance_with_definition_and_parents_in_ledger,629384cf8948ab7dd333f528c775f1e0f51a2db9a2919efdfb1a2d9cce3e39f4,True,a69bf93e367b94f03cfbcae61eb412a675406c9e1aa010778e7e2f7e7c1d4b19,True,graphic_only
plan:adc0c65616b11cbfd09aaafe9296f8e28f1af369f0d1ac3307f54c6fffd5d838,4E29A/4C03F,LINE,LABEL CABLE,,absent_from_canonical_evidence,0,{},expanded_instance_with_definition_and_parents_in_ledger,e14093fd913a858300c1a9acbc700b08cf84a7e3d8a6c9a0f25095bd649eb7fc,True,947a82a8a20bf71fe88f5d306d408ac01ee8476ff2b0f646b15dcceee8fe863a,True,graphic_only
plan:adf0bd3da3d8dcfea7cf56273d2ea7cf8fc7032a8371c5d8e28d4b3afd006566,4CF04/3F352,TEXT,0,NP9,absent_from_canonical_evidence,0,{},expanded_instance_with_definition_and_parents_in_ledger,414a107d0dd2555d8f98da20db776998a3929d363fd40d42baa0f033c58d3b4c,True,81c005b9309f58524ce472f7c41ab8cb830e428e905fe20e9298d41397bafd19,True,mapped
plan:ae0f652a8417e310a2f5309659d2e23ae3b883016a754ef3826243f951055dc9,4CDF4/3F34B,CIRCLE,0,,graphic_only,0,{},not_delivered_not_automatically_missing,6bb38e8314c0d4fb879abcc4cf54743fa46c528158c6ad7bb5d9557c4c4fb535,True,365b3fdd9d9a873e39d6b8033039cfe3d9451488545ef8b6df9238d2113a0522,True,mapped
plan:aea366e0c9d3970688e35c7511f123869ef7bb72c9db30d9944d805b3bddfa18,4CE9C/3F356,LWPOLYLINE,0,,absent_from_canonical_evidence,0,{},expanded_instance_with_definition_and_parents_in_ledger,5dc0b421eca7ad29a3eb1ef807168fd478a20640c85a7846a644720d694e141f,True,6b6180a7fe40abbe099421c3f65bff0956db9b442ce51b9c95f0af2e3b7be6c5,True,mapped
plan:aebc0226c0e1f9432abbf53bb5de5ce9c186cd66bbe248e7d99e75f20b528cdb,4CE14/4D116,TEXT,0,NP9,absent_from_canonical_evidence,0,{},expanded_instance_with_definition_and_parents_in_ledger,8bd5ce7b2c44e9221febbf6eca028a661f9b7c758890c54966016b55702fe931,True,5973fad66deeec6d802fac53f27e1bf414bd7272788c0066111dc717d4ec1587,True,mapped
plan:af2464e133ea24cf80fd8962e0774e380b419c43836763e669a25681c8c1a8d9,4CF74/3F354,CIRCLE,0,,graphic_only,0,{},not_delivered_not_automatically_missing,94306d1b822560f3f928eb88a6480e5f9832f3b037a3ad78db40b0479d8af86a,True,cae41a6793881ee67345e390dedc39e4d0c5f41582fffeda6e22fa6472211370,True,mapped
plan:af444ac902d7b000cf9e8d494eb40a217cd6f358937c88335b6cf04d686685e8,4CEA4/4D116,TEXT,0,NP9,absent_from_canonical_evidence,0,{},expanded_instance_with_definition_and_parents_in_ledger,8bd5ce7b2c44e9221febbf6eca028a661f9b7c758890c54966016b55702fe931,True,49ea8fc10f50f32695447756c1dabf056183df76761c3c148543df64422a8f48,True,mapped
plan:af55298d311bae9f93deb4da934c467a66b65b6be967f0ab0c24402d85bf2333,4CF14/3F34C,TEXT,0,NP7,absent_from_canonical_evidence,0,{},expanded_instance_with_definition_and_parents_in_ledger,a5eb157176bb73918b8cd962d3db724781651ae40e4096ea9c316477fdcbfb13,True,3342afe08260a237538d0a6d4054e6b0432f9c5d248d54d44353b8ded1122b4c,True,mapped
plan:af69c8c2f950e45eddc0661054795b226ec27f277c703f4c57748f82651b5bbf,4CFC7/3F34F,TEXT,0,5',absent_from_canonical_evidence,0,{},expanded_instance_with_definition_and_parents_in_ledger,b39da2e7005e52f7f77fd658c0c1e793319f396bfcdc2a80a4af4d9a9e1e0e70,True,950abb7913d3be6166ff2d8ebfabb8899f8c5b25396ded74a3091b542150ae7f,True,mapped
plan:af6f6c6ddf93310f81aea00d24780504d1da9909d5e949c3c347af3553f50907,4CDCC/3F34E,LWPOLYLINE,0,,absent_from_canonical_evidence,0,{},expanded_instance_with_definition_and_parents_in_ledger,eb4b79320c746eb6acb77f2a88c80f800fdabf3d15fb85ac9279e4ac8409d600,True,efcb09f8e19235a1513d736d9fc615c7eda09de57fb02c002b3453bca20f3bc9,True,mapped
plan:afda85bba7672edc8ac9c1653b5ec4d3b11443ffdec1803dfb171e3dde6f539e,4D30D/2E67,LWPOLYLINE,0,,absent_from_canonical_evidence,0,{},expanded_instance_with_definition_and_parents_in_ledger,b93a0becf34749f571acc539a1e6f9c65092d9c247b3be97560def8c152872eb,True,207671fe9c5a1fe444f65609169dd89cfb84d44a5241a6e6a2d360ef45fa039c,True,mapped
plan:b026c7b0b9c24c3499603ac387b1a50b0b726963e5951690e8fe465093663ce5,4CF44/3F352,TEXT,0,NP9,absent_from_canonical_evidence,0,{},expanded_instance_with_definition_and_parents_in_ledger,414a107d0dd2555d8f98da20db776998a3929d363fd40d42baa0f033c58d3b4c,True,270d1c5c4756523fc8a57cc50a53f9aa319e723d17abde30fbd34e7de564a3f7,True,mapped
plan:b03602acc5c2b73a4c044af247342dc8deb31a2e60804389908041aba0dc5aea,4CF04/3F358,TEXT,0,"2,",absent_from_canonical_evidence,0,{},expanded_instance_with_definition_and_parents_in_ledger,75030ddbcaf625eedb3cd5264361835e4ae6f1e709a642c4cb3a02001ba20c6f,True,81c005b9309f58524ce472f7c41ab8cb830e428e905fe20e9298d41397bafd19,True,mapped
plan:b0697e080517346ce00a79d6b877971ceeceb7e95381c73ff02da3fb6ced2037,4CFCF/4D11C,TEXT,0,"2,",absent_from_canonical_evidence,0,{},expanded_instance_with_definition_and_parents_in_ledger,188a72b335eb8c299848b6054d10fb74a5bf8c621eae49912e67729b582ec049,True,8f6257c387b26db4fc3d33da9195204e3e135d9ba0a098f1c05c190e359a0e64,True,mapped
plan:b076c05ff3f13064996bb736a5dc69392a292f079994a74581e7c0aa4d000793,4CFC7/3F352,TEXT,0,NP9,absent_from_canonical_evidence,0,{},expanded_instance_with_definition_and_parents_in_ledger,414a107d0dd2555d8f98da20db776998a3929d363fd40d42baa0f033c58d3b4c,True,950abb7913d3be6166ff2d8ebfabb8899f8c5b25396ded74a3091b542150ae7f,True,mapped
plan:b08df2c802df611271d1b32c7116c43395e81bfe7d8be4e622240e27d2184407,4E29B/4C02F,LINE,LABEL CABLE,,absent_from_canonical_evidence,0,{},expanded_instance_with_definition_and_parents_in_ledger,7df0ed7822a97e719f612d828ce46c736e46a32b8257a7f842869d514ac6cc72,True,bd2d63173e3ecf3c0166c0411bbd8e9b72b3c9f3d5dbac24ff97cafc91ad4cba,True,graphic_only
plan:b09b0919188cccd6737eaf7bbe62a8d218da98974d772a0ce61b4fccd1efc1a6,4CF0C/4D11B,TEXT,0,MTI,absent_from_canonical_evidence,0,{},expanded_instance_with_definition_and_parents_in_ledger,1fef41ba4d65e1bae50f06cadd5025ad5d2f7ea2975b9450cb46117d436a304d,True,72b5c48e95b8fbacf77ffa325062449dc776ab8861dec1e19b6ceef934860715,True,mapped
plan:b0afe5e019491ec74f4760760646ec0ef6bfa88c556e26eb6d88b7b3f03ad344,4CEDC/4D10E,TEXT,0,NP7,absent_from_canonical_evidence,0,{},expanded_instance_with_definition_and_parents_in_ledger,ce249c2f0aaf07d1838f8a6ee37894488d2e4fc89f4a56dfa88bebc6cbb805bb,True,dc0ca8b82adfd1826598d6c86ed3de400d6bd9c62d949b9c96fa2ae52ee95a61,True,mapped
plan:b0ba2c3c0b118ce4eeded65f005bc4b817325c0a52527399111a628c2f3416fe,4CEAC/3F355,LWPOLYLINE,0,,absent_from_canonical_evidence,0,{},expanded_instance_with_definition_and_parents_in_ledger,5eee604297a501ce8829f5b6d8ba6c6319575b3aae3bc7f16ff302fb9425c773,True,15456f6652b8b0cf153d05e204c9feaac8dd55a8ddf93dd16a681bebf3dc3aa8,True,mapped
plan:b0fc5ed3a75bf74ddf25c656841fdd6207236d058ff2c70eef81017cb35e65f9,4CEDC/4D11C,TEXT,0,"2,",absent_from_canonical_evidence,0,{},expanded_instance_with_definition_and_parents_in_ledger,188a72b335eb8c299848b6054d10fb74a5bf8c621eae49912e67729b582ec049,True,dc0ca8b82adfd1826598d6c86ed3de400d6bd9c62d949b9c96fa2ae52ee95a61,True,mapped
plan:b1158e1443bd043e9925f115dc0222d61b91694d15adc265a6d324af0416f1c8,4CE6C/4D0E5,TEXT,0,FM,absent_from_canonical_evidence,0,{},expanded_instance_with_definition_and_parents_in_ledger,18c69a33e998d3e180a196c196ed6d99c743b0f1a36799715d7cb7bc75405241,True,a366967dec954d307283a2c550bff5986bae7fb16b93e6dacaea604bb6bbceee,True,mapped
plan:b11ddc1fad491fe33e0bbaeaf8c463b122adb528f7021ebdb4e43227b0e4278f,4CDF4/3F356,LWPOLYLINE,0,,absent_from_canonical_evidence,0,{},expanded_instance_with_definition_and_parents_in_ledger,5dc0b421eca7ad29a3eb1ef807168fd478a20640c85a7846a644720d694e141f,True,365b3fdd9d9a873e39d6b8033039cfe3d9451488545ef8b6df9238d2113a0522,True,mapped
plan:b183641340255fec58a284f180b23c38999c9599b752247434a9240b9afcfc5d,4CF9C/3F351,TEXT,0,FM,absent_from_canonical_evidence,0,{},expanded_instance_with_definition_and_parents_in_ledger,052f1b638d0fdc6fbdaed7c281bb6a5f54a33d5c01ed47955ec714064d7dc282,True,abe68b7124d7f04d48f400f6cea9065be071768b640fcf53b3d289c478b97c9e,True,mapped
plan:b1df66561c3a2f9f87d2584e1b5f7d4926e33c3ab294ca856da39a6ad96794b1,4CE8C/3F34F,TEXT,0,5',absent_from_canonical_evidence,0,{},expanded_instance_with_definition_and_parents_in_ledger,b39da2e7005e52f7f77fd658c0c1e793319f396bfcdc2a80a4af4d9a9e1e0e70,True,e0d82448fd3bdb3f7e3d1bb80c21b1f6807a561d54430ed482b737a009694a45,True,mapped
plan:b26017bf071957062df8f292430e169805ce58c124dd86c0364f42ccb61d8fbe,4CDC4/3F350,TEXT,0,3',absent_from_canonical_evidence,0,{},expanded_instance_with_definition_and_parents_in_ledger,457fbcedf425e95cf337b447f86a6c4d9215373a4c0b7ff2f887a6be20ad9a5b,True,ded9a496ebe8f46c117a66ba83cd4b9dd52a7538eb227d298a40c1b253cd0408,True,mapped
plan:b28c10030c5d799ce62395bd991054832c249fd7db8cbb8925dc71b16fe117b1,4CEE4/4D10E,TEXT,0,NP7,absent_from_canonical_evidence,0,{},expanded_instance_with_definition_and_parents_in_ledger,ce249c2f0aaf07d1838f8a6ee37894488d2e4fc89f4a56dfa88bebc6cbb805bb,True,c9897f7ecabfaaa60b8f30880dfc568f37a7daaac45461813ee3fa7c46c61d6c,True,mapped
plan:b2a1e252bad0fa92ec6cd06895e87cd0ddcac66537ee5ae615d2394112cd1f94,4CE64/3F358,TEXT,0,"2,",absent_from_canonical_evidence,0,{},expanded_instance_with_definition_and_parents_in_ledger,75030ddbcaf625eedb3cd5264361835e4ae6f1e709a642c4cb3a02001ba20c6f,True,7ad13a1c8f016578132b2c3ec313e6f9341bd2b2aebeea3d2befe2644ea011f0,True,mapped
plan:b364248a4aae9f947b1a6561f5a56182c08726657452768e615d933524bd67e6,4CF1C/4D11A,LWPOLYLINE,0,,absent_from_canonical_evidence,0,{},expanded_instance_with_definition_and_parents_in_ledger,7f2e1b6732c6aa3b206452573c8ff2b9a7a68b8ec87c1549c20f0c96df1678f7,True,716b3e8b8cb9872dd2ca0d87029239af4411597a18d07128c2bf0b7bb9862a8d,True,mapped
plan:b37cd2f11eaf679a9d00f8dc3f59926af0ba83d19243137b751b935a9a7d3d32,4E29B/4C033,MTEXT,LABEL CABLE,\pxsm1.5;{\W1.06772;MYREPUBLIC},absent_from_canonical_evidence,0,{},expanded_instance_with_definition_and_parents_in_ledger,d5c2f1e839516bc2215ea59e80ece5431545cc332dc5e12d299c81730632d017,True,bd2d63173e3ecf3c0166c0411bbd8e9b72b3c9f3d5dbac24ff97cafc91ad4cba,True,graphic_only
plan:b3a73055bbc58c79cb0fb87baa075b80b0b31a9fb78e2465f2f06b28768b13b1,4CF74/3F350,TEXT,0,3',absent_from_canonical_evidence,0,{},expanded_instance_with_definition_and_parents_in_ledger,457fbcedf425e95cf337b447f86a6c4d9215373a4c0b7ff2f887a6be20ad9a5b,True,cae41a6793881ee67345e390dedc39e4d0c5f41582fffeda6e22fa6472211370,True,mapped
plan:b441a53f91317c07f556e0c8a821150c8a35d2efc701d2ea7bf54be08b5a9858,4CE74/3F357,TEXT,0,MTI,absent_from_canonical_evidence,0,{},expanded_instance_with_definition_and_parents_in_ledger,ff1ba06dde906639809567d79e2e21daa53383fe84a72be8c29a867b8789534e,True,099f79f3bd1b85c38c889313cf43601aa4acae882ed11d2c71359b4d05dd09ef,True,mapped
plan:b5ce88f6ee36cf65022d733994d9d759bc1e9522c805f2749040e24c7f09945c,4CF44/3F353,TEXT,0,4',absent_from_canonical_evidence,0,{},expanded_instance_with_definition_and_parents_in_ledger,3150cea3120c3a06319bc0fd9dff5b254e041f026f7fbdc39d59f7dfe8904ecd,True,270d1c5c4756523fc8a57cc50a53f9aa319e723d17abde30fbd34e7de564a3f7,True,mapped
plan:b6a6e67b5a7178fef87fca85e1c2a8d7e6e3d297bae1ad2e23d3497eef7976be,4E29A/4C039,LINE,LABEL CABLE,,absent_from_canonical_evidence,0,{},expanded_instance_with_definition_and_parents_in_ledger,e113dff9275180382f35f9aa74deb917678315d98978f7f31993f57559962d67,True,947a82a8a20bf71fe88f5d306d408ac01ee8476ff2b0f646b15dcceee8fe863a,True,graphic_only
plan:b6e2eba8169740dadbf86c5c799ab94fb791adb38dd23800f38c7695d801b815,4CF9C/3F352,TEXT,0,NP9,absent_from_canonical_evidence,0,{},expanded_instance_with_definition_and_parents_in_ledger,414a107d0dd2555d8f98da20db776998a3929d363fd40d42baa0f033c58d3b4c,True,abe68b7124d7f04d48f400f6cea9065be071768b640fcf53b3d289c478b97c9e,True,mapped
plan:b768fed0abbaccd134a8d4417089c31197e208bbb019e02b02e2c8296e3d2028,4CF44/3F358,TEXT,0,"2,",absent_from_canonical_evidence,0,{},expanded_instance_with_definition_and_parents_in_ledger,75030ddbcaf625eedb3cd5264361835e4ae6f1e709a642c4cb3a02001ba20c6f,True,270d1c5c4756523fc8a57cc50a53f9aa319e723d17abde30fbd34e7de564a3f7,True,mapped
plan:b776bd4396acd11fb3f6b87dc3bbe8449b61a662c7e3d8f8ee06705b9399c9e6,4CED4/3F352,TEXT,0,NP9,absent_from_canonical_evidence,0,{},expanded_instance_with_definition_and_parents_in_ledger,414a107d0dd2555d8f98da20db776998a3929d363fd40d42baa0f033c58d3b4c,True,7007c40afef811997c37a08a8dbc49288d66f3f7ded710ecb1502fcca78592f6,True,mapped
plan:b786ef99a7b97cbc0737f0176ba6fa8da8705c72977697b2b34c99bfcb3b05b8,4CE24/3F357,TEXT,0,MTI,absent_from_canonical_evidence,0,{},expanded_instance_with_definition_and_parents_in_ledger,ff1ba06dde906639809567d79e2e21daa53383fe84a72be8c29a867b8789534e,True,41444a0eb371965ec69478e20328d28bbc87a81b6cafa315077b23f57bcb9bf1,True,mapped
plan:b7d6e47f0610665ab01a684c3333b9d3e7281dc470b4149207c9c2d4d922fa65,4CECC/3F358,TEXT,0,"2,",absent_from_canonical_evidence,0,{},expanded_instance_with_definition_and_parents_in_ledger,75030ddbcaf625eedb3cd5264361835e4ae6f1e709a642c4cb3a02001ba20c6f,True,f95825a238a31d1e32e28dc0b80e96d80ae5c0bf40909548e0048662869a3577,True,mapped
plan:b8dc19d88537ba31e4a5b126d4098b3604ff45dcf4f5f5c2851d17e9794f7a5e,4CE54/3F355,LWPOLYLINE,0,,absent_from_canonical_evidence,0,{},expanded_instance_with_definition_and_parents_in_ledger,5eee604297a501ce8829f5b6d8ba6c6319575b3aae3bc7f16ff302fb9425c773,True,5733052d6a69915732057fe6380ed41bc4462dbac367e35ff5acb6c87d91411d,True,mapped
plan:b8faa2d535f38a2a6b10fa0e8a490c536affad57d40e573456dd7b048d140444,4CE04/3F355,LWPOLYLINE,0,,absent_from_canonical_evidence,0,{},expanded_instance_with_definition_and_parents_in_ledger,5eee604297a501ce8829f5b6d8ba6c6319575b3aae3bc7f16ff302fb9425c773,True,4a2f55caec8f9245cb11b77ceee8c5654af597a94881b68213de7a0e104c5313,True,mapped
plan:b913cefa413afab1862c4a0b05111bfbac45469aebc5491b17dd38c45ba87e0b,4CF2C/4D110,TEXT,0,NP7,absent_from_canonical_evidence,0,{},expanded_instance_with_definition_and_parents_in_ledger,badee6318ffcd26819fafc6d683d714975d5f53724bdf69e83f22fc067a23a2c,True,1168144963f726b9328faeb2c86189c2f0c8c2bd481e90f11182b1e01fb2f8c8,True,mapped
plan:ba404db5a4a686531945d9ee0e236b9a1aac6e2a36b602880f868eb5909caa3b,4CDE4/4D112,LWPOLYLINE,0,,absent_from_canonical_evidence,0,{},expanded_instance_with_definition_and_parents_in_ledger,2298a762023daef8f1e2d328c2f013b90b91092758bec0b093e6d859ed833ebd,True,29e795090d2074e1dabe69c29084fa1478c85c5b5b45f3ea3e72d07384325f97,True,mapped
plan:ba6347e6c81c57ce41d45dd6ec5d1a559df0f12ab29fca8a27b309054c1e7b46,4CE6C/4D0DE,TEXT,0,NP7,absent_from_canonical_evidence,0,{},expanded_instance_with_definition_and_parents_in_ledger,8ae8e391857cc2ab547c8261e6a38d96d018f5de1f071b8a1f9aa400db5090a5,True,a366967dec954d307283a2c550bff5986bae7fb16b93e6dacaea604bb6bbceee,True,mapped
plan:bacb8f2d02dcc62f814e5c99051a85b3195938145d37140fef087e3a441a9a3b,4CE64/3F351,TEXT,0,FM,absent_from_canonical_evidence,0,{},expanded_instance_with_definition_and_parents_in_ledger,052f1b638d0fdc6fbdaed7c281bb6a5f54a33d5c01ed47955ec714064d7dc282,True,7ad13a1c8f016578132b2c3ec313e6f9341bd2b2aebeea3d2befe2644ea011f0,True,mapped
plan:bad9a85e21afa7566b2311773cc20f59272b1c703d023a4a39d725344201f044,4E299/4C02A,LINE,LABEL CABLE,,absent_from_canonical_evidence,0,{},expanded_instance_with_definition_and_parents_in_ledger,639698bbaae558a02bfb16df779c573ba1942f6ce6bff58d256eb0a2bc4632f3,True,a69bf93e367b94f03cfbcae61eb412a675406c9e1aa010778e7e2f7e7c1d4b19,True,graphic_only
plan:bb05e1389f5ec79b1e9eec8f77e2f6770bfc780aff085677182c6452e4454c0d,4D31D/2E65,LWPOLYLINE,0,,absent_from_canonical_evidence,0,{},expanded_instance_with_definition_and_parents_in_ledger,315b63473bfd040ed86c91e882188e51371403c2325e7c9c46417d98056f0992,True,626467d00afe004b4590bf9884308ccc2bc39cfe68443b1760dd8315eb2c5ff3,True,mapped
plan:bb440b5cfab8a37e0197fb5d77a7b83e94b9f160b06be79bb261e857b02dbd33,4CF2C/4D10E,TEXT,0,NP7,absent_from_canonical_evidence,0,{},expanded_instance_with_definition_and_parents_in_ledger,ce249c2f0aaf07d1838f8a6ee37894488d2e4fc89f4a56dfa88bebc6cbb805bb,True,1168144963f726b9328faeb2c86189c2f0c8c2bd481e90f11182b1e01fb2f8c8,True,mapped
plan:bb6dfbb5b4eceda926600a3eb8f2a01fbed3313b1936888e6a408c6b93f28470,4D31D/2E66,HATCH,0,,graphic_only,0,{},not_delivered_not_automatically_missing,0cd841bb19f4fbc9fada3d76fbc2c7904ad59db113909e3a3c416bb11ce671c9,True,626467d00afe004b4590bf9884308ccc2bc39cfe68443b1760dd8315eb2c5ff3,True,mapped
plan:bbaa77bbfef2de716c9e5a3acd8d38c9cea0ff5185ba835f832361707e818c5b,4CEF4/4D118,CIRCLE,0,,graphic_only,0,{},not_delivered_not_automatically_missing,0570c8e83b9520059623957b386079ab9f3c505ad1500819f9e267a7465b806c,True,e5f4ba071a0ef2cc9003b65924705f342c46538502d0b4f7b8fbfcedca1c0c38,True,mapped
plan:bc10d038ef83dd6c50bda7b6e5c49a05d618f9a39599277c80283a0ecf7caa80,4CE8C/3F34E,LWPOLYLINE,0,,absent_from_canonical_evidence,0,{},expanded_instance_with_definition_and_parents_in_ledger,eb4b79320c746eb6acb77f2a88c80f800fdabf3d15fb85ac9279e4ac8409d600,True,e0d82448fd3bdb3f7e3d1bb80c21b1f6807a561d54430ed482b737a009694a45,True,mapped
plan:bc6f5dce5c9012a14ae2f6b3156372bd467245ca0db1bb51f9fb3693d58daa9a,4CEBC/4D117,TEXT,0,4',absent_from_canonical_evidence,0,{},expanded_instance_with_definition_and_parents_in_ledger,36371714a1ed076d5dc758985b76858ac2ed7692bb46e5ef020f0060bb3bcc5d,True,35ade6bbc7e13fa4e43613caa0171f49cf10f4af719127b077041094ce23dd48,True,mapped
plan:bc8bc5408071aa1260dfafeb2f5982eddb2ef11cbc96db7c9421d93e7c0f0c16,4CF2C/4D116,TEXT,0,NP9,absent_from_canonical_evidence,0,{},expanded_instance_with_definition_and_parents_in_ledger,8bd5ce7b2c44e9221febbf6eca028a661f9b7c758890c54966016b55702fe931,True,1168144963f726b9328faeb2c86189c2f0c8c2bd481e90f11182b1e01fb2f8c8,True,mapped
plan:bce4c73ef2192b9ff39d493ac67c34c0c485ca2e9528b81b5b9fcc5e610ac940,4CF74/3F355,LWPOLYLINE,0,,absent_from_canonical_evidence,0,{},expanded_instance_with_definition_and_parents_in_ledger,5eee604297a501ce8829f5b6d8ba6c6319575b3aae3bc7f16ff302fb9425c773,True,cae41a6793881ee67345e390dedc39e4d0c5f41582fffeda6e22fa6472211370,True,mapped
plan:be0ce79b065bd050b66fdfa6f2b0781b2e1d7fb647ebf9c19dff4c2cefb692c4,4CDF4/3F350,TEXT,0,3',absent_from_canonical_evidence,0,{},expanded_instance_with_definition_and_parents_in_ledger,457fbcedf425e95cf337b447f86a6c4d9215373a4c0b7ff2f887a6be20ad9a5b,True,365b3fdd9d9a873e39d6b8033039cfe3d9451488545ef8b6df9238d2113a0522,True,mapped
plan:be1bf44218c517686c1b5be38cae4d04faa80154e951a138475746024c510daa,4E29C/4C037,LINE,LABEL CABLE,,absent_from_canonical_evidence,0,{},expanded_instance_with_definition_and_parents_in_ledger,629384cf8948ab7dd333f528c775f1e0f51a2db9a2919efdfb1a2d9cce3e39f4,True,ee3adf9fa6ff2aef5b2d1732c149414e0f3daa2433329b6236aedbbe2d75d057,True,graphic_only
plan:be5032af04e3102dd09382aa618f62a181e5e54e73193cb41c687f28062e5304,4CE4C/4D10E,TEXT,0,NP7,absent_from_canonical_evidence,0,{},expanded_instance_with_definition_and_parents_in_ledger,ce249c2f0aaf07d1838f8a6ee37894488d2e4fc89f4a56dfa88bebc6cbb805bb,True,fc10a96af2baf82e5734647f076b2484be5db2d2b442100136c457ec374b0478,True,mapped
plan:beadcddbb955088cdaba2e36197fd1a5abb57ec91942bc270e0eed370f68ed3d,4CF3C/3F353,TEXT,0,4',absent_from_canonical_evidence,0,{},expanded_instance_with_definition_and_parents_in_ledger,3150cea3120c3a06319bc0fd9dff5b254e041f026f7fbdc39d59f7dfe8904ecd,True,ad9f47b2bba42d621eb6bde571ab74ea2c81016bb3f5e8ede6988de3efea4c2d,True,mapped
plan:bed451c25df557ec394a94f777d90b7025dd3688130fcea3c8f5eec3235cffcc,4E29A/4C02F,LINE,LABEL CABLE,,absent_from_canonical_evidence,0,{},expanded_instance_with_definition_and_parents_in_ledger,7df0ed7822a97e719f612d828ce46c736e46a32b8257a7f842869d514ac6cc72,True,947a82a8a20bf71fe88f5d306d408ac01ee8476ff2b0f646b15dcceee8fe863a,True,graphic_only
plan:bed67baada3dcd2cddf68f523c9b56641703af34c809d07965bc1c947b62753a,4CE4C/4D115,TEXT,0,FM,absent_from_canonical_evidence,0,{},expanded_instance_with_definition_and_parents_in_ledger,b89593c297a9ca82d3ad11fb33dffb3d34aa57e17f4cc790e7178c6c856bf7cf,True,fc10a96af2baf82e5734647f076b2484be5db2d2b442100136c457ec374b0478,True,mapped
plan:bedbe89c10008e1a3ba6bb08500999d07cfa83453c6d7d37df381d08457aa4e3,4E29B/4C03A,LINE,LABEL CABLE,,absent_from_canonical_evidence,0,{},expanded_instance_with_definition_and_parents_in_ledger,f29a433e8f8a1bc015aa5098442636c25d81dda46849aa44deaf52ffc75ebc5f,True,bd2d63173e3ecf3c0166c0411bbd8e9b72b3c9f3d5dbac24ff97cafc91ad4cba,True,graphic_only
plan:bf6de7c15b1f36c33cf60fd64d29b097dd547595eab4ed78e4630a729515086d,4CDEC/4D11C,TEXT,0,"2,",absent_from_canonical_evidence,0,{},expanded_instance_with_definition_and_parents_in_ledger,188a72b335eb8c299848b6054d10fb74a5bf8c621eae49912e67729b582ec049,True,41c80b2910be4ae803bc4f8fb378e4ae1b118ab1bf13d69147a803ca4a5520fe,True,mapped
plan:bf9850acafd6537c8161dfcc81a550fd1ef4a5e68f065926184678463a9e9495,4CDD4/3F351,TEXT,0,FM,absent_from_canonical_evidence,0,{},expanded_instance_with_definition_and_parents_in_ledger,052f1b638d0fdc6fbdaed7c281bb6a5f54a33d5c01ed47955ec714064d7dc282,True,b408b052e36811f9528244bba49af0545333661d4db2067d31cd412c16c4021a,True,mapped
plan:bfe87c55648697b549dc658077660d392f5c61b3eae6049216c5fa63e88fd4e9,4D311/2E67,LWPOLYLINE,0,,absent_from_canonical_evidence,0,{},expanded_instance_with_definition_and_parents_in_ledger,b93a0becf34749f571acc539a1e6f9c65092d9c247b3be97560def8c152872eb,True,b0573a40628e1326ffc201ba422a9dc2584c7f2aba1fad7f54a9cf3e52476250,True,mapped
plan:bff85b5a982fe1added3c5e0287282d8c65f2008ca855a78dba1111855b76e41,4E29D/4C024,LINE,LABEL CABLE,,absent_from_canonical_evidence,0,{},expanded_instance_with_definition_and_parents_in_ledger,b9e55bf8921fb597b07573a541292468ad97172ec1e07c10a93fa7c9a77e721d,True,37d9ba57e084b23b16f94c06d3ec4c1f1198bacc8228b50c46923dc0a02a77da,True,graphic_only
plan:c04a2e97c516bf76ac83009701639225dcd975f25e3c51a0d0de44e20bc4b537,4E29A/4C03A,LINE,LABEL CABLE,,absent_from_canonical_evidence,0,{},expanded_instance_with_definition_and_parents_in_ledger,f29a433e8f8a1bc015aa5098442636c25d81dda46849aa44deaf52ffc75ebc5f,True,947a82a8a20bf71fe88f5d306d408ac01ee8476ff2b0f646b15dcceee8fe863a,True,graphic_only
plan:c0b7637c2a7492ae39754d785f76e31cca5621d43fb2f87097537a3907fe9687,4CED4/3F350,TEXT,0,3',absent_from_canonical_evidence,0,{},expanded_instance_with_definition_and_parents_in_ledger,457fbcedf425e95cf337b447f86a6c4d9215373a4c0b7ff2f887a6be20ad9a5b,True,7007c40afef811997c37a08a8dbc49288d66f3f7ded710ecb1502fcca78592f6,True,mapped
plan:c0be02c821df8f2c6a948c4e5d2657597623b1de1369c917b4dcc112043960be,4CEAC/3F353,TEXT,0,4',absent_from_canonical_evidence,0,{},expanded_instance_with_definition_and_parents_in_ledger,3150cea3120c3a06319bc0fd9dff5b254e041f026f7fbdc39d59f7dfe8904ecd,True,15456f6652b8b0cf153d05e204c9feaac8dd55a8ddf93dd16a681bebf3dc3aa8,True,mapped
plan:c0c5dad575bd0e15001778e474acb220036ce2176b80c1c7f238e3ebe6d74896,4CEEC/4D119,LWPOLYLINE,0,,absent_from_canonical_evidence,0,{},expanded_instance_with_definition_and_parents_in_ledger,c9f7ece77019174e47b03754cb85c4547ebf4a910e2b2336e4aa6decc81016f0,True,809e6eef123b15336a2c1e2b975471baadb221562b335034bed816e6b2a643a6,True,mapped
plan:c0e8c9ba6f6e318c2dfc1d32210542edbf87456d282370882b1047990ca12ca3,4E29A/4C03E,LINE,LABEL CABLE,,absent_from_canonical_evidence,0,{},expanded_instance_with_definition_and_parents_in_ledger,0b75d4082a178e361a73ba6de3cbb90f39e6a7f6e78bb43fdd52c7ea86b91a42,True,947a82a8a20bf71fe88f5d306d408ac01ee8476ff2b0f646b15dcceee8fe863a,True,graphic_only
plan:c11c38236230e0e6f1339f48a4dbe3a703e55357238d014016044bc4c644ed90,4E29A/4C02E,LINE,LABEL CABLE,,absent_from_canonical_evidence,0,{},expanded_instance_with_definition_and_parents_in_ledger,ed3e051fac59b90ad3f75dff78f699af9b919cab6f0592c056964c7817bee8ae,True,947a82a8a20bf71fe88f5d306d408ac01ee8476ff2b0f646b15dcceee8fe863a,True,graphic_only
plan:c19543c16b8c64fc5f275f7120b97642fead9fc82bcd6ffb0430c759189008cc,4CE34/3F34B,CIRCLE,0,,graphic_only,0,{},not_delivered_not_automatically_missing,6bb38e8314c0d4fb879abcc4cf54743fa46c528158c6ad7bb5d9557c4c4fb535,True,27589a013cc657df20593101079f55882437e77e487eb5ad5eef9b9b8472b8e8,True,mapped
plan:c1a37d85eaa44327116fa7ace59bad9a6441bfb67e632400bf72d6ce01b4c154,4CFC7/3F351,TEXT,0,FM,absent_from_canonical_evidence,0,{},expanded_instance_with_definition_and_parents_in_ledger,052f1b638d0fdc6fbdaed7c281bb6a5f54a33d5c01ed47955ec714064d7dc282,True,950abb7913d3be6166ff2d8ebfabb8899f8c5b25396ded74a3091b542150ae7f,True,mapped
plan:c2234e935fbc39619a1d15f63afdec6bfa80f7909ba0e01ba4ab05ae9233498c,4CDF4/3F352,TEXT,0,NP9,absent_from_canonical_evidence,0,{},expanded_instance_with_definition_and_parents_in_ledger,414a107d0dd2555d8f98da20db776998a3929d363fd40d42baa0f033c58d3b4c,True,365b3fdd9d9a873e39d6b8033039cfe3d9451488545ef8b6df9238d2113a0522,True,mapped
plan:c28b19dffb98235b87ca982cbc63907fbe0e0b3731536f7001fe752a82e19bd3,4D305/2E65,LWPOLYLINE,0,,absent_from_canonical_evidence,0,{},expanded_instance_with_definition_and_parents_in_ledger,315b63473bfd040ed86c91e882188e51371403c2325e7c9c46417d98056f0992,True,2eeea99c1082b4e621de6ede94b02abc50d2e279d88d6e49845fe649f70bff35,True,mapped
plan:c3b71a33de14c6e7786f7e376d01de4ba8fa3533641c16cc03d781f692c0cdf9,4D32D/2E64,LWPOLYLINE,0,,absent_from_canonical_evidence,0,{},expanded_instance_with_definition_and_parents_in_ledger,bb92c118cdb46d1992908bdebdef425caf80ac6ceb1e87d4295ba8d34ca13cfb,True,88d323082f90825ee1e475885bef3e58159cd6af1a4de3604fc3f98b8814b70b,True,mapped
plan:c3ff2f4c9155b588b073c68d74ea37977f55ec1637ceaaf33306010ce829a59d,4CE6C/4D0EC,TEXT,0,"2,",absent_from_canonical_evidence,0,{},expanded_instance_with_definition_and_parents_in_ledger,018c7b26e2f2f238c3bf39a4362b0c75e174b43592b988cef866f2cd514b10fe,True,a366967dec954d307283a2c550bff5986bae7fb16b93e6dacaea604bb6bbceee,True,mapped
plan:c43e92e079e579e7250e88af256a544d0c80593781e4e481be311db43e0b5786,4E299/4C03A,LINE,LABEL CABLE,,absent_from_canonical_evidence,0,{},expanded_instance_with_definition_and_parents_in_ledger,f29a433e8f8a1bc015aa5098442636c25d81dda46849aa44deaf52ffc75ebc5f,True,a69bf93e367b94f03cfbcae61eb412a675406c9e1aa010778e7e2f7e7c1d4b19,True,graphic_only
plan:c468cddc808a2dba2d0ac049aac1ff359e7cf2aa6eeed2177c70cda971de1f84,4E299/4C02D,LINE,LABEL CABLE,,absent_from_canonical_evidence,0,{},expanded_instance_with_definition_and_parents_in_ledger,c223b558856d6c30f5cad1e18489b3ef23b5d5c4098dbab48ddb1e5f7eaed84a,True,a69bf93e367b94f03cfbcae61eb412a675406c9e1aa010778e7e2f7e7c1d4b19,True,graphic_only
plan:c46acbb8ee80b5424d5d09d5c20844be2edc56c5b8f4aa59bf9b50e51791d021,4CFCF/4D11B,TEXT,0,MTI,absent_from_canonical_evidence,0,{},expanded_instance_with_definition_and_parents_in_ledger,1fef41ba4d65e1bae50f06cadd5025ad5d2f7ea2975b9450cb46117d436a304d,True,8f6257c387b26db4fc3d33da9195204e3e135d9ba0a098f1c05c190e359a0e64,True,mapped
plan:c494d638064cddc4b165f735b4380c0f1eb6dec3333c8a28eca058e086960dee,4CDF4/3F355,LWPOLYLINE,0,,absent_from_canonical_evidence,0,{},expanded_instance_with_definition_and_parents_in_ledger,5eee604297a501ce8829f5b6d8ba6c6319575b3aae3bc7f16ff302fb9425c773,True,365b3fdd9d9a873e39d6b8033039cfe3d9451488545ef8b6df9238d2113a0522,True,mapped
plan:c4bb07fad728eceb60e1e61ca70b3e05dcdd1d7b76a673e2c8a8996fe7891c1c,4CE54/3F34B,CIRCLE,0,,graphic_only,0,{},not_delivered_not_automatically_missing,6bb38e8314c0d4fb879abcc4cf54743fa46c528158c6ad7bb5d9557c4c4fb535,True,5733052d6a69915732057fe6380ed41bc4462dbac367e35ff5acb6c87d91411d,True,mapped
plan:c52a123c4b0784cee9c311ca99329dc0cccc0d9ce5d6e39d3a72a0e4e0bad903,4E29B/4C029,LINE,LABEL CABLE,,absent_from_canonical_evidence,0,{},expanded_instance_with_definition_and_parents_in_ledger,b7b23b7c59208cbeb9d642ca040457e5a264fd78e4ab073d24d985e8e6fe5f4a,True,bd2d63173e3ecf3c0166c0411bbd8e9b72b3c9f3d5dbac24ff97cafc91ad4cba,True,graphic_only
plan:c5f48cfdeb1491e91747419a102196e56457e62542edbd88e70920af375d1a67,4CE24/3F34A,TEXT,0,NP7,absent_from_canonical_evidence,0,{},expanded_instance_with_definition_and_parents_in_ledger,cba0f256b48f099a69f7b031d01a7455fc01dd1e6837d4131f52d719a3490e6d,True,41444a0eb371965ec69478e20328d28bbc87a81b6cafa315077b23f57bcb9bf1,True,mapped
plan:c6277e37750f15f50b8647a81e7b6e8f8348ad94185ee2d7b3fc6c0e81da2ea7,4CF0C/4D111,LWPOLYLINE,0,,absent_from_canonical_evidence,0,{},expanded_instance_with_definition_and_parents_in_ledger,450f6d435f11fd1ae339aa205d7c4aad6d78c64cc8cb462bb1e7c9c573893f53,True,72b5c48e95b8fbacf77ffa325062449dc776ab8861dec1e19b6ceef934860715,True,mapped
plan:c67422e8eb666acbb6f4ab1819cf5c7bc13321693c6ee0589539101c5c897bd5,4E29A/4C03B,LINE,LABEL CABLE,,absent_from_canonical_evidence,0,{},expanded_instance_with_definition_and_parents_in_ledger,555b7bc19609616c65edebbf7faff6f4dcee27a0a06c13b1a330e50980ee6d6a,True,947a82a8a20bf71fe88f5d306d408ac01ee8476ff2b0f646b15dcceee8fe863a,True,graphic_only
plan:c6ba8932c05fbd7debbd3da03551e13ade6ce37afafdb6d31214a801b1e001a5,4CFCF/4D114,TEXT,0,3',absent_from_canonical_evidence,0,{},expanded_instance_with_definition_and_parents_in_ledger,9b50908c64a894089d844b98e894fc1ff80e99c4f2f11db1a8fbf110e6022439,True,8f6257c387b26db4fc3d33da9195204e3e135d9ba0a098f1c05c190e359a0e64,True,mapped
plan:c76b1f0ce8e094a4d2b5099126ba1c6bd41f24356eee9dc40c4677684541247b,4D321/2E64,LWPOLYLINE,0,,absent_from_canonical_evidence,0,{},expanded_instance_with_definition_and_parents_in_ledger,bb92c118cdb46d1992908bdebdef425caf80ac6ceb1e87d4295ba8d34ca13cfb,True,6c1110f2ec026d268d1ce39284db25d5970d9248e4a80f8e39d85f391a264b90,True,mapped
plan:c7de2f39ac737753d05c723f0ec097852b1ddfb1f2135a25e1f13cb00f87a317,4D0B5/2E5B,HATCH,0,,graphic_only,0,{},not_delivered_not_automatically_missing,6308815fb0a31435f78e85c36666a8d23081c2d3b7f2d1ca68bb7473e2b52b25,True,a89cf21f2cfd90811a89068f8734d2a8ea5b9eddb0f6ee539d6f5fe68d1890c1,True,mapped
plan:c80356a6d811c156f597918640a7edf068c77ae57c7926b6445eee7861317c06,4E29B/4C03B,LINE,LABEL CABLE,,absent_from_canonical_evidence,0,{},expanded_instance_with_definition_and_parents_in_ledger,555b7bc19609616c65edebbf7faff6f4dcee27a0a06c13b1a330e50980ee6d6a,True,bd2d63173e3ecf3c0166c0411bbd8e9b72b3c9f3d5dbac24ff97cafc91ad4cba,True,graphic_only
plan:c809ecf0c7b846c3ca0032353c98201a97f799f431a5afdb7a4108eca4a0196f,4CE94/4D119,LWPOLYLINE,0,,absent_from_canonical_evidence,0,{},expanded_instance_with_definition_and_parents_in_ledger,c9f7ece77019174e47b03754cb85c4547ebf4a910e2b2336e4aa6decc81016f0,True,0b8856a07dfaae36fb60617749f070a0d0075a608170f033666d9250317f2899,True,mapped
plan:c819bef30d14c94c84f22d9ae57ebdeb5c3e1ec37a7bcbd875865de096a20032,4D331/2E67,LWPOLYLINE,0,,absent_from_canonical_evidence,0,{},expanded_instance_with_definition_and_parents_in_ledger,b93a0becf34749f571acc539a1e6f9c65092d9c247b3be97560def8c152872eb,True,db286e9a8cdef5294fe64cfcc66a361f9d07a2d48d18830f927e7753c80618eb,True,mapped
plan:c8285fcc40990ebbb377e5aaac49d73efca881707cc504c872710846fb5c1e09,4D0B5/2E59,LWPOLYLINE,0,,absent_from_canonical_evidence,0,{},expanded_instance_with_definition_and_parents_in_ledger,0b5788c104b617bcde146f71a71de5fa31f19979cdfc6a9551a1085708bab4a4,True,a89cf21f2cfd90811a89068f8734d2a8ea5b9eddb0f6ee539d6f5fe68d1890c1,True,mapped
plan:c836ab004d66b636a9326ced1ffdca6e5fdb074efad2d36966b292829f690b49,4D301/2E64,LWPOLYLINE,0,,absent_from_canonical_evidence,0,{},expanded_instance_with_definition_and_parents_in_ledger,bb92c118cdb46d1992908bdebdef425caf80ac6ceb1e87d4295ba8d34ca13cfb,True,868537a801913118d2da5a65890e300b7b6dc53d16635e62ca2ea9f444c4ee6c,True,mapped
plan:c8465e8f0afa4743bb9a4bd08bf3cb5039ded14d07e2c79ed5f0dc876cac53cf,4CFCF/4D116,TEXT,0,NP9,absent_from_canonical_evidence,0,{},expanded_instance_with_definition_and_parents_in_ledger,8bd5ce7b2c44e9221febbf6eca028a661f9b7c758890c54966016b55702fe931,True,8f6257c387b26db4fc3d33da9195204e3e135d9ba0a098f1c05c190e359a0e64,True,mapped
plan:c8534d2e6114d0243d884617ed7d6af05ee26d1ad77099d0b1d4bfd17b9f79f1,4D309/2E64,LWPOLYLINE,0,,absent_from_canonical_evidence,0,{},expanded_instance_with_definition_and_parents_in_ledger,bb92c118cdb46d1992908bdebdef425caf80ac6ceb1e87d4295ba8d34ca13cfb,True,58febb9da223bdd4e66aea678bb711f62ce9815e35332b814f334234e484a675,True,mapped
plan:c881db6df9099270b0a4d7070d552fd4718889d4bb4c792378c8ea667984d30b,4CF44/3F356,LWPOLYLINE,0,,absent_from_canonical_evidence,0,{},expanded_instance_with_definition_and_parents_in_ledger,5dc0b421eca7ad29a3eb1ef807168fd478a20640c85a7846a644720d694e141f,True,270d1c5c4756523fc8a57cc50a53f9aa319e723d17abde30fbd34e7de564a3f7,True,mapped
plan:c8dd2f16f3f856c0971b5f6898aaef571139356f9989ba107d8d6dad0c489b30,4CE14/4D115,TEXT,0,FM,absent_from_canonical_evidence,0,{},expanded_instance_with_definition_and_parents_in_ledger,b89593c297a9ca82d3ad11fb33dffb3d34aa57e17f4cc790e7178c6c856bf7cf,True,5973fad66deeec6d802fac53f27e1bf414bd7272788c0066111dc717d4ec1587,True,mapped
plan:c8f9e756edaa44ce1409f1c9501cf873631097a0918b41a2b6b0a2026c8bb151,4CEDC/4D116,TEXT,0,NP9,absent_from_canonical_evidence,0,{},expanded_instance_with_definition_and_parents_in_ledger,8bd5ce7b2c44e9221febbf6eca028a661f9b7c758890c54966016b55702fe931,True,dc0ca8b82adfd1826598d6c86ed3de400d6bd9c62d949b9c96fa2ae52ee95a61,True,mapped
plan:c8fc967e70f593df2ebf7b7fc980db84c460e0dffc4c65ba0cfb922dfcd97531,4CEC4/4D119,LWPOLYLINE,0,,absent_from_canonical_evidence,0,{},expanded_instance_with_definition_and_parents_in_ledger,c9f7ece77019174e47b03754cb85c4547ebf4a910e2b2336e4aa6decc81016f0,True,042844c8cda9ac3a4f92ed0d6954c11170a8ce41ed2b36b2c1ddccc8aacfac90,True,mapped
plan:c9129fe8941f2ff146d298af5bef34dc8a461a83a4104e7e26e0691d875c29d6,4CE64/3F350,TEXT,0,3',absent_from_canonical_evidence,0,{},expanded_instance_with_definition_and_parents_in_ledger,457fbcedf425e95cf337b447f86a6c4d9215373a4c0b7ff2f887a6be20ad9a5b,True,7ad13a1c8f016578132b2c3ec313e6f9341bd2b2aebeea3d2befe2644ea011f0,True,mapped
plan:c9daf1e19469200197a2a73d3a3ee4087584f3daf9fa1ca5d732e370b374e5e6,4CFCF/4D10F,CIRCLE,0,,graphic_only,0,{},not_delivered_not_automatically_missing,5467a143204fe878122eea791ce308cc50be882c0ffa819f63dc04f410e049d7,True,8f6257c387b26db4fc3d33da9195204e3e135d9ba0a098f1c05c190e359a0e64,True,mapped
plan:c9fe1516516132a5844e310dd264bc962e66689bff8385b51b7524e3fcfac021,4CE64/3F355,LWPOLYLINE,0,,absent_from_canonical_evidence,0,{},expanded_instance_with_definition_and_parents_in_ledger,5eee604297a501ce8829f5b6d8ba6c6319575b3aae3bc7f16ff302fb9425c773,True,7ad13a1c8f016578132b2c3ec313e6f9341bd2b2aebeea3d2befe2644ea011f0,True,mapped
plan:ca354f22e2fdbf12b36fc3878b9ff2979d55724b3ec79a8cd1c1f28358cdb010,4CEEC/4D112,LWPOLYLINE,0,,absent_from_canonical_evidence,0,{},expanded_instance_with_definition_and_parents_in_ledger,2298a762023daef8f1e2d328c2f013b90b91092758bec0b093e6d859ed833ebd,True,809e6eef123b15336a2c1e2b975471baadb221562b335034bed816e6b2a643a6,True,mapped
plan:ca52a0ba4885e6fffe338766ce781bb2f550ed3ea12d6916e5f7eee10f32e412,4D331/2E66,HATCH,0,,graphic_only,0,{},not_delivered_not_automatically_missing,0cd841bb19f4fbc9fada3d76fbc2c7904ad59db113909e3a3c416bb11ce671c9,True,db286e9a8cdef5294fe64cfcc66a361f9d07a2d48d18830f927e7753c80618eb,True,mapped
plan:ca7155b54701d22737e5115deab03a62aeace9e0cc1ab337ca9668ceaf33ccd0,4CF0C/4D112,LWPOLYLINE,0,,absent_from_canonical_evidence,0,{},expanded_instance_with_definition_and_parents_in_ledger,2298a762023daef8f1e2d328c2f013b90b91092758bec0b093e6d859ed833ebd,True,72b5c48e95b8fbacf77ffa325062449dc776ab8861dec1e19b6ceef934860715,True,mapped
plan:cb422be20af9782388f2f6fc03092907ead6576a6a69b8ca322c7af4fd8c5e5e,4CE34/3F351,TEXT,0,FM,absent_from_canonical_evidence,0,{},expanded_instance_with_definition_and_parents_in_ledger,052f1b638d0fdc6fbdaed7c281bb6a5f54a33d5c01ed47955ec714064d7dc282,True,27589a013cc657df20593101079f55882437e77e487eb5ad5eef9b9b8472b8e8,True,mapped
plan:cb71363c6625a6ce9e6bc59d460b48ca76fc10143a1a2e7af5346046e5691161,4CE5C/3F351,TEXT,0,FM,absent_from_canonical_evidence,0,{},expanded_instance_with_definition_and_parents_in_ledger,052f1b638d0fdc6fbdaed7c281bb6a5f54a33d5c01ed47955ec714064d7dc282,True,de1a2e44aadb061601c42cbdc252b8c3a1ad9f33438a7a6f7974773856edb084,True,mapped
plan:cb9098bf1e3d4a84d6fd881faba336d65fce0ce7b78bd9658bbf9feebb4c0548,4CEF4/4D111,LWPOLYLINE,0,,absent_from_canonical_evidence,0,{},expanded_instance_with_definition_and_parents_in_ledger,450f6d435f11fd1ae339aa205d7c4aad6d78c64cc8cb462bb1e7c9c573893f53,True,e5f4ba071a0ef2cc9003b65924705f342c46538502d0b4f7b8fbfcedca1c0c38,True,mapped
plan:cc3e05c085911e2c8ca47fef19311c3d384cc431864dc5121411e19b5f290694,4CECC/3F355,LWPOLYLINE,0,,absent_from_canonical_evidence,0,{},expanded_instance_with_definition_and_parents_in_ledger,5eee604297a501ce8829f5b6d8ba6c6319575b3aae3bc7f16ff302fb9425c773,True,f95825a238a31d1e32e28dc0b80e96d80ae5c0bf40909548e0048662869a3577,True,mapped
plan:cc53d7939b58e6e8b87d80934c84b1cccc7f443cb2582a5bcfb12881531e9ed5,4CEDC/4D11B,TEXT,0,MTI,absent_from_canonical_evidence,0,{},expanded_instance_with_definition_and_parents_in_ledger,1fef41ba4d65e1bae50f06cadd5025ad5d2f7ea2975b9450cb46117d436a304d,True,dc0ca8b82adfd1826598d6c86ed3de400d6bd9c62d949b9c96fa2ae52ee95a61,True,mapped
plan:cca9cf7206af46946366012e94b395ad10347fc4b10454c8360fb24e49611ca9,4CEA4/4D11A,LWPOLYLINE,0,,absent_from_canonical_evidence,0,{},expanded_instance_with_definition_and_parents_in_ledger,7f2e1b6732c6aa3b206452573c8ff2b9a7a68b8ec87c1549c20f0c96df1678f7,True,49ea8fc10f50f32695447756c1dabf056183df76761c3c148543df64422a8f48,True,mapped
plan:ccc038223c8a22dd89952832aa03aa64c13f5089c0b24ddc1b0c79b22f0722a5,4CE5C/3F34C,TEXT,0,NP7,absent_from_canonical_evidence,0,{},expanded_instance_with_definition_and_parents_in_ledger,a5eb157176bb73918b8cd962d3db724781651ae40e4096ea9c316477fdcbfb13,True,de1a2e44aadb061601c42cbdc252b8c3a1ad9f33438a7a6f7974773856edb084,True,mapped
plan:cdf7de5b55d064ef4f03607c2036cbb65359cc72ced229b8992712553fafa243,4CE24/3F351,TEXT,0,FM,absent_from_canonical_evidence,0,{},expanded_instance_with_definition_and_parents_in_ledger,052f1b638d0fdc6fbdaed7c281bb6a5f54a33d5c01ed47955ec714064d7dc282,True,41444a0eb371965ec69478e20328d28bbc87a81b6cafa315077b23f57bcb9bf1,True,mapped
plan:ce20fdde553d37e2247903addef678c1885cb1f4186b0fda9cb204fc502b5605,4D339/2E65,LWPOLYLINE,0,,absent_from_canonical_evidence,0,{},expanded_instance_with_definition_and_parents_in_ledger,315b63473bfd040ed86c91e882188e51371403c2325e7c9c46417d98056f0992,True,59b5c5316b36cf5d8c08fcdfef55bea560f735350d49156d14b5c642c3b00845,True,mapped
plan:ce28fbef2bff4005fbf2e656d92e2179c4cd962fbb6625c760488d3e76485769,4CF4C/3F34A,TEXT,0,NP7,absent_from_canonical_evidence,0,{},expanded_instance_with_definition_and_parents_in_ledger,cba0f256b48f099a69f7b031d01a7455fc01dd1e6837d4131f52d719a3490e6d,True,f7bf47f00b183e3262c3be229fb361b05bc79868f22613a707f36edc35aa35dc,True,mapped
plan:cec4a375112ea4f6ac50d3fe86245799145696f4fc940a86f8b0566db363f9aa,4CE84/3F34B,CIRCLE,0,,graphic_only,0,{},not_delivered_not_automatically_missing,6bb38e8314c0d4fb879abcc4cf54743fa46c528158c6ad7bb5d9557c4c4fb535,True,df9d67f310360d39692cd7cad8ec582ea5526dd0aaabc4c48cbc002cbc4202d4,True,mapped
plan:cf039c0baa2b8a174b705ae8b949ac9a7860585c6ab6498354c150e59cc4f667,4CF9C/3F354,CIRCLE,0,,graphic_only,0,{},not_delivered_not_automatically_missing,94306d1b822560f3f928eb88a6480e5f9832f3b037a3ad78db40b0479d8af86a,True,abe68b7124d7f04d48f400f6cea9065be071768b640fcf53b3d289c478b97c9e,True,mapped
plan:cf3d49997c4594172ffa15759cddde9ea94bbb55e714e3ec54352f7d94d167d7,4CE14/4D112,LWPOLYLINE,0,,absent_from_canonical_evidence,0,{},expanded_instance_with_definition_and_parents_in_ledger,2298a762023daef8f1e2d328c2f013b90b91092758bec0b093e6d859ed833ebd,True,5973fad66deeec6d802fac53f27e1bf414bd7272788c0066111dc717d4ec1587,True,mapped
plan:cfc68d524856d195339aef496b93cba54ee696ff144f139a37f41d1bf7dbfd02,4D2F5/2E68,ATTDEF,0,XXX,annotation,0,{},not_delivered_not_automatically_missing,c1e048c74bbeb0808175d1f63275ae29ba123e7b173a1e8e5527bc55ff852b7c,True,233fad93657ba309088f1554bf3df006c5f6e6f189938b3373041ad78f5694ab,True,mapped
plan:cfdf1f7f8c147f08ebdefca094f860ea364d38d8cc9c897edd48485ec0b1b841,4E29C/4C02B,LINE,LABEL CABLE,,absent_from_canonical_evidence,0,{},expanded_instance_with_definition_and_parents_in_ledger,b17bb9e1cff57fabc6c098e8cc01cef42ea13b01268cb4ffd8c08897dfdac16a,True,ee3adf9fa6ff2aef5b2d1732c149414e0f3daa2433329b6236aedbbe2d75d057,True,graphic_only
plan:cfe4fd116d059d0488f276f0905a6d63f82effa185b9691d7748fbaaa8b0b125,4E29B/4C032,MTEXT,LABEL CABLE,\pxsm1.5;{\W1.06772;LABEL CABLE},absent_from_canonical_evidence,0,{},expanded_instance_with_definition_and_parents_in_ledger,f202460f94af64bf419884601c139d2233303457632e569d548cbb21654b8b21,True,bd2d63173e3ecf3c0166c0411bbd8e9b72b3c9f3d5dbac24ff97cafc91ad4cba,True,graphic_only
plan:d04656d6f7266967a268a1036c6eb639c4af739f371f2d95afef8704e415530d,4CDCC/3F34F,TEXT,0,5',absent_from_canonical_evidence,0,{},expanded_instance_with_definition_and_parents_in_ledger,b39da2e7005e52f7f77fd658c0c1e793319f396bfcdc2a80a4af4d9a9e1e0e70,True,efcb09f8e19235a1513d736d9fc615c7eda09de57fb02c002b3453bca20f3bc9,True,mapped
plan:d06d5976071b1bcc43deb4a3a7d45d99e921bb34b419b6be96962a8941503062,4CE34/3F356,LWPOLYLINE,0,,absent_from_canonical_evidence,0,{},expanded_instance_with_definition_and_parents_in_ledger,5dc0b421eca7ad29a3eb1ef807168fd478a20640c85a7846a644720d694e141f,True,27589a013cc657df20593101079f55882437e77e487eb5ad5eef9b9b8472b8e8,True,mapped
plan:d094ef6c54249f160e2ce87c1f5acc6401d6ea14bc55f4f5b4d23195e0a81d0c,4CE04/3F354,CIRCLE,0,,graphic_only,0,{},not_delivered_not_automatically_missing,94306d1b822560f3f928eb88a6480e5f9832f3b037a3ad78db40b0479d8af86a,True,4a2f55caec8f9245cb11b77ceee8c5654af597a94881b68213de7a0e104c5313,True,mapped
plan:d0a508da4682a8e731c93d56a3bf5e9de6fa1d9b4cfbe39f4d835bf4027453df,4D2F9/2E64,LWPOLYLINE,0,,absent_from_canonical_evidence,0,{},expanded_instance_with_definition_and_parents_in_ledger,bb92c118cdb46d1992908bdebdef425caf80ac6ceb1e87d4295ba8d34ca13cfb,True,9b6687f7ce6bd634534e236b1abf228235d262b7dbce16277907074ffb16dfa1,True,mapped
plan:d0bd686d9f96bdec37de7ddb085cf03eaca649bd4b6fef8ac1a9732da2729f85,4CF3C/3F358,TEXT,0,"2,",absent_from_canonical_evidence,0,{},expanded_instance_with_definition_and_parents_in_ledger,75030ddbcaf625eedb3cd5264361835e4ae6f1e709a642c4cb3a02001ba20c6f,True,ad9f47b2bba42d621eb6bde571ab74ea2c81016bb3f5e8ede6988de3efea4c2d,True,mapped
plan:d104e7a4ac152643bfc6ac01f33c61d265058acbadd7f54b56552efec71d2862,4CDEC/4D116,TEXT,0,NP9,absent_from_canonical_evidence,0,{},expanded_instance_with_definition_and_parents_in_ledger,8bd5ce7b2c44e9221febbf6eca028a661f9b7c758890c54966016b55702fe931,True,41c80b2910be4ae803bc4f8fb378e4ae1b118ab1bf13d69147a803ca4a5520fe,True,mapped
plan:d14bae990e96c5f421edf29cb99d5caf12c6f3f778d253cb024d3b5a22c6549e,4CF54/4D11C,TEXT,0,"2,",absent_from_canonical_evidence,0,{},expanded_instance_with_definition_and_parents_in_ledger,188a72b335eb8c299848b6054d10fb74a5bf8c621eae49912e67729b582ec049,True,2d1ada332960d9966919845941661222c0188de112f6815688ec909495207b7f,True,mapped
plan:d1e2c2bbd4078bb024becbe3f8f0b5a15064bbb8e9364c8e13b25926c9875d84,4CE1C/3F351,TEXT,0,FM,absent_from_canonical_evidence,0,{},expanded_instance_with_definition_and_parents_in_ledger,052f1b638d0fdc6fbdaed7c281bb6a5f54a33d5c01ed47955ec714064d7dc282,True,ff7632aaa9b368279ed333c645d875120ae2d61a8b580ce0c6c14d4023037808,True,mapped
plan:d2339d61cc618bc6b8b014041c362a4a0e0b1ba429f17c615c0bf87e5c1a9377,4CFC7/3F34B,CIRCLE,0,,graphic_only,0,{},not_delivered_not_automatically_missing,6bb38e8314c0d4fb879abcc4cf54743fa46c528158c6ad7bb5d9557c4c4fb535,True,950abb7913d3be6166ff2d8ebfabb8899f8c5b25396ded74a3091b542150ae7f,True,mapped
plan:d24d43d5f951ac09aac3ff0972410ed3a94d66189f1bbae88763812f2e072862,4E29C/4C024,LINE,LABEL CABLE,,absent_from_canonical_evidence,0,{},expanded_instance_with_definition_and_parents_in_ledger,b9e55bf8921fb597b07573a541292468ad97172ec1e07c10a93fa7c9a77e721d,True,ee3adf9fa6ff2aef5b2d1732c149414e0f3daa2433329b6236aedbbe2d75d057,True,graphic_only
plan:d2ace1001900bb9a20bded282157343063a7dc95db3cf9ad2f1510be550f30fb,4E29B/4C022,LINE,LABEL CABLE,,absent_from_canonical_evidence,0,{},expanded_instance_with_definition_and_parents_in_ledger,83559f9fdabe6949e147b0791dece13867c6f5f97cdde321ae9277988a52184d,True,bd2d63173e3ecf3c0166c0411bbd8e9b72b3c9f3d5dbac24ff97cafc91ad4cba,True,graphic_only
plan:d2d65854e6dea55e4be1db9afe9b77d110d6aeab402d7c51cbdeeec02f144a2b,4CDCC/3F352,TEXT,0,NP9,absent_from_canonical_evidence,0,{},expanded_instance_with_definition_and_parents_in_ledger,414a107d0dd2555d8f98da20db776998a3929d363fd40d42baa0f033c58d3b4c,True,efcb09f8e19235a1513d736d9fc615c7eda09de57fb02c002b3453bca20f3bc9,True,mapped
plan:d2f51bbb104ef5a02fed6ef7727e2bedacd24781387653aa7a8ca25256abda69,4CE84/3F356,LWPOLYLINE,0,,absent_from_canonical_evidence,0,{},expanded_instance_with_definition_and_parents_in_ledger,5dc0b421eca7ad29a3eb1ef807168fd478a20640c85a7846a644720d694e141f,True,df9d67f310360d39692cd7cad8ec582ea5526dd0aaabc4c48cbc002cbc4202d4,True,mapped
plan:d3276dd2970547d58adf35df8c04f2f80a92f3bbcbecc5e60aa8aa60b69ffcdc,4CDEC/4D117,TEXT,0,4',absent_from_canonical_evidence,0,{},expanded_instance_with_definition_and_parents_in_ledger,36371714a1ed076d5dc758985b76858ac2ed7692bb46e5ef020f0060bb3bcc5d,True,41c80b2910be4ae803bc4f8fb378e4ae1b118ab1bf13d69147a803ca4a5520fe,True,mapped
plan:d393b4bccc8c06453d0a3144a8d5eb0f3376228fc78f9c94fd6cf40754fdda0e,4CEBC/4D11A,LWPOLYLINE,0,,absent_from_canonical_evidence,0,{},expanded_instance_with_definition_and_parents_in_ledger,7f2e1b6732c6aa3b206452573c8ff2b9a7a68b8ec87c1549c20f0c96df1678f7,True,35ade6bbc7e13fa4e43613caa0171f49cf10f4af719127b077041094ce23dd48,True,mapped
plan:d3b40ed86f947203a61f89139a1b2b9c71283bbd35a9accb96d20b43e6ac3c74,4CF44/3F351,TEXT,0,FM,absent_from_canonical_evidence,0,{},expanded_instance_with_definition_and_parents_in_ledger,052f1b638d0fdc6fbdaed7c281bb6a5f54a33d5c01ed47955ec714064d7dc282,True,270d1c5c4756523fc8a57cc50a53f9aa319e723d17abde30fbd34e7de564a3f7,True,mapped
plan:d3fba9184f1fe25f9290c7ffe0b88936d9681f5b5e660be05d3039dadee93950,4CEEC/4D11A,LWPOLYLINE,0,,absent_from_canonical_evidence,0,{},expanded_instance_with_definition_and_parents_in_ledger,7f2e1b6732c6aa3b206452573c8ff2b9a7a68b8ec87c1549c20f0c96df1678f7,True,809e6eef123b15336a2c1e2b975471baadb221562b335034bed816e6b2a643a6,True,mapped
plan:d4276d762e24efc18405c3e96c70be3e416c0fc7445ff977f1eaed7d848dafc3,4CEF4/4D11C,TEXT,0,"2,",absent_from_canonical_evidence,0,{},expanded_instance_with_definition_and_parents_in_ledger,188a72b335eb8c299848b6054d10fb74a5bf8c621eae49912e67729b582ec049,True,e5f4ba071a0ef2cc9003b65924705f342c46538502d0b4f7b8fbfcedca1c0c38,True,mapped
plan:d448063e597ba1aab036b1980d1e2cf43d819622b8d22253fba003ccbfae1066,4CE54/3F34C,TEXT,0,NP7,absent_from_canonical_evidence,0,{},expanded_instance_with_definition_and_parents_in_ledger,a5eb157176bb73918b8cd962d3db724781651ae40e4096ea9c316477fdcbfb13,True,5733052d6a69915732057fe6380ed41bc4462dbac367e35ff5acb6c87d91411d,True,mapped
plan:d44c53139f6402195f483fd7af8a1c2a599b364b0b3f52da104041ef7ea183b3,4E299/4C03C,LINE,LABEL CABLE,,absent_from_canonical_evidence,0,{},expanded_instance_with_definition_and_parents_in_ledger,ae48a20315c36e1e501cb4d20d1e191f2f9bc808db8b09077fdace67f2bbf72c,True,a69bf93e367b94f03cfbcae61eb412a675406c9e1aa010778e7e2f7e7c1d4b19,True,graphic_only
plan:d4718f2cd45bfd7e3835ba01f3b958132578c85a9f1a339754f8c2a8e91c1db0,4CF04/3F351,TEXT,0,FM,absent_from_canonical_evidence,0,{},expanded_instance_with_definition_and_parents_in_ledger,052f1b638d0fdc6fbdaed7c281bb6a5f54a33d5c01ed47955ec714064d7dc282,True,81c005b9309f58524ce472f7c41ab8cb830e428e905fe20e9298d41397bafd19,True,mapped
plan:d4f422aed0cf7a87508d6b80430539757d4e23ed954a6bdc853f5cb876b5fe8c,4CEE4/4D117,TEXT,0,4',absent_from_canonical_evidence,0,{},expanded_instance_with_definition_and_parents_in_ledger,36371714a1ed076d5dc758985b76858ac2ed7692bb46e5ef020f0060bb3bcc5d,True,c9897f7ecabfaaa60b8f30880dfc568f37a7daaac45461813ee3fa7c46c61d6c,True,mapped
plan:d5286406f2c7361427d764b7edf806fb050daf50e8e40d8752bab0c04d5b31ff,4CF04/3F34F,TEXT,0,5',absent_from_canonical_evidence,0,{},expanded_instance_with_definition_and_parents_in_ledger,b39da2e7005e52f7f77fd658c0c1e793319f396bfcdc2a80a4af4d9a9e1e0e70,True,81c005b9309f58524ce472f7c41ab8cb830e428e905fe20e9298d41397bafd19,True,mapped
plan:d543de337690d92ade0b189570ee3fc596783fe1729202155001c74ae81d602c,4CF9C/3F356,LWPOLYLINE,0,,absent_from_canonical_evidence,0,{},expanded_instance_with_definition_and_parents_in_ledger,5dc0b421eca7ad29a3eb1ef807168fd478a20640c85a7846a644720d694e141f,True,abe68b7124d7f04d48f400f6cea9065be071768b640fcf53b3d289c478b97c9e,True,mapped
plan:d5af12c5b91be769ac431aee712121a2795ddcdf74b87c67af81a6c52edb7166,4CE3C/4D117,TEXT,0,4',absent_from_canonical_evidence,0,{},expanded_instance_with_definition_and_parents_in_ledger,36371714a1ed076d5dc758985b76858ac2ed7692bb46e5ef020f0060bb3bcc5d,True,607bbbf8f25cbc2901c1f8784d4e063ccca30443f61c029953fbf882b61ec225,True,mapped
plan:d60cdfa74a80ea10be7edce618ef0eeaffa1a21b07416ef3ae9f3d8df3e5f0e3,4CEBC/4D114,TEXT,0,3',absent_from_canonical_evidence,0,{},expanded_instance_with_definition_and_parents_in_ledger,9b50908c64a894089d844b98e894fc1ff80e99c4f2f11db1a8fbf110e6022439,True,35ade6bbc7e13fa4e43613caa0171f49cf10f4af719127b077041094ce23dd48,True,mapped
plan:d65c68fbb1072d355e1599396904a8294fe979eacd2dc47fd014639a878d9aa1,4CE04/3F357,TEXT,0,MTI,absent_from_canonical_evidence,0,{},expanded_instance_with_definition_and_parents_in_ledger,ff1ba06dde906639809567d79e2e21daa53383fe84a72be8c29a867b8789534e,True,4a2f55caec8f9245cb11b77ceee8c5654af597a94881b68213de7a0e104c5313,True,mapped
plan:d66c4df0498b7c617f65cf1952211451310a395d545ea28021ea78efe8399b16,4CE54/3F351,TEXT,0,FM,absent_from_canonical_evidence,0,{},expanded_instance_with_definition_and_parents_in_ledger,052f1b638d0fdc6fbdaed7c281bb6a5f54a33d5c01ed47955ec714064d7dc282,True,5733052d6a69915732057fe6380ed41bc4462dbac367e35ff5acb6c87d91411d,True,mapped
plan:d67acd78f5b0b0c021d9b5b905c47b24507b41b9e7f0a9b1d027d925eb73981a,4CE74/3F351,TEXT,0,FM,absent_from_canonical_evidence,0,{},expanded_instance_with_definition_and_parents_in_ledger,052f1b638d0fdc6fbdaed7c281bb6a5f54a33d5c01ed47955ec714064d7dc282,True,099f79f3bd1b85c38c889313cf43601aa4acae882ed11d2c71359b4d05dd09ef,True,mapped
plan:d76118233de84d0cd2dde66178f485b1a65624ba9490e448096b65630e7c2728,4CF2C/4D11A,LWPOLYLINE,0,,absent_from_canonical_evidence,0,{},expanded_instance_with_definition_and_parents_in_ledger,7f2e1b6732c6aa3b206452573c8ff2b9a7a68b8ec87c1549c20f0c96df1678f7,True,1168144963f726b9328faeb2c86189c2f0c8c2bd481e90f11182b1e01fb2f8c8,True,mapped
plan:d78a20406d71f66d4ccc8609b07e8463169723b12c66131baed47352d0e754a2,4CEAC/3F34E,LWPOLYLINE,0,,absent_from_canonical_evidence,0,{},expanded_instance_with_definition_and_parents_in_ledger,eb4b79320c746eb6acb77f2a88c80f800fdabf3d15fb85ac9279e4ac8409d600,True,15456f6652b8b0cf153d05e204c9feaac8dd55a8ddf93dd16a681bebf3dc3aa8,True,mapped
plan:d7978ac5449b3af37759f5cb2222752b826754616f4f3324e4319e14ebac1efa,4D347/2E68,ATTDEF,0,XXX,annotation,0,{},not_delivered_not_automatically_missing,c1e048c74bbeb0808175d1f63275ae29ba123e7b173a1e8e5527bc55ff852b7c,True,1af10064142bd93ca25ad68a1a5b289382961bef534eacc33587cd9f4a698df2,True,mapped
plan:d7bbafb0fdf78f694306d409ee6f554d451fd708e3775d8b4567efb0446928f8,4E29A/4C03D,LINE,LABEL CABLE,,absent_from_canonical_evidence,0,{},expanded_instance_with_definition_and_parents_in_ledger,3e82be383c3ed6bb136bc26529631bb70d8f5500f268f36bff46f4d9e319b31c,True,947a82a8a20bf71fe88f5d306d408ac01ee8476ff2b0f646b15dcceee8fe863a,True,graphic_only
plan:d7eb5de56989cb316ec4a93dff8b1c3372aeadd2ce1435a1579b938dfa7053fd,4D319/2E66,HATCH,0,,graphic_only,0,{},not_delivered_not_automatically_missing,0cd841bb19f4fbc9fada3d76fbc2c7904ad59db113909e3a3c416bb11ce671c9,True,57432c3779436ff5c8984da171400918e940a4b12e0b5979b9e86ac4f22b27db,True,mapped
plan:d8686e8a3c0a703269f08e1818691eba0272605d760eca3a35cbf86fd413b8e1,4CEBC/4D112,LWPOLYLINE,0,,absent_from_canonical_evidence,0,{},expanded_instance_with_definition_and_parents_in_ledger,2298a762023daef8f1e2d328c2f013b90b91092758bec0b093e6d859ed833ebd,True,35ade6bbc7e13fa4e43613caa0171f49cf10f4af719127b077041094ce23dd48,True,mapped
plan:d8f07e0c6aa80d2092e9963f4909c5b6bff41261f26b5d71ba0bacae36be2e2f,4CF74/3F34F,TEXT,0,5',absent_from_canonical_evidence,0,{},expanded_instance_with_definition_and_parents_in_ledger,b39da2e7005e52f7f77fd658c0c1e793319f396bfcdc2a80a4af4d9a9e1e0e70,True,cae41a6793881ee67345e390dedc39e4d0c5f41582fffeda6e22fa6472211370,True,mapped
plan:d9a15a4b4125ee0d93230e9a4552ccbcc424df577b62cbaf07bbec242aa41d91,4E29A/4C031,LINE,LABEL CABLE,,absent_from_canonical_evidence,0,{},expanded_instance_with_definition_and_parents_in_ledger,686248220d874c84eb5ae5847651e00751568783f1af3191528acfde05797ff2,True,947a82a8a20bf71fe88f5d306d408ac01ee8476ff2b0f646b15dcceee8fe863a,True,graphic_only
plan:d9b6a880c7e6013ca59e1112ffd8e0d5f314be46bee6d0ec281e7de200684f78,4CF54/4D11A,LWPOLYLINE,0,,absent_from_canonical_evidence,0,{},expanded_instance_with_definition_and_parents_in_ledger,7f2e1b6732c6aa3b206452573c8ff2b9a7a68b8ec87c1549c20f0c96df1678f7,True,2d1ada332960d9966919845941661222c0188de112f6815688ec909495207b7f,True,mapped
plan:da0666c9c22663317a41f9c84df068f961dd468d0b586ec949ac394547e27b85,4E29D/4C03E,LINE,LABEL CABLE,,absent_from_canonical_evidence,0,{},expanded_instance_with_definition_and_parents_in_ledger,0b75d4082a178e361a73ba6de3cbb90f39e6a7f6e78bb43fdd52c7ea86b91a42,True,37d9ba57e084b23b16f94c06d3ec4c1f1198bacc8228b50c46923dc0a02a77da,True,graphic_only
plan:da25daefd2cef6f7e04d192552c6f01d0402da9a0d9a7bd51b0d33ee975da8cc,4CEF4/4D115,TEXT,0,FM,absent_from_canonical_evidence,0,{},expanded_instance_with_definition_and_parents_in_ledger,b89593c297a9ca82d3ad11fb33dffb3d34aa57e17f4cc790e7178c6c856bf7cf,True,e5f4ba071a0ef2cc9003b65924705f342c46538502d0b4f7b8fbfcedca1c0c38,True,mapped
plan:da3d80ae1ef5cd13322ab5cdb402da4ca14ae8ef2d31eb2eeac20aaa0d678ae2,4CEB4/3F34A,TEXT,0,NP7,absent_from_canonical_evidence,0,{},expanded_instance_with_definition_and_parents_in_ledger,cba0f256b48f099a69f7b031d01a7455fc01dd1e6837d4131f52d719a3490e6d,True,e74874a61942ab337a708554f764d4817740fed971f7ffd12565dc468195b1f6,True,mapped
plan:da6dea905e490fe92742cc0894d83ff632a600ed500bef07fb1f91873c386fcb,4CE9C/3F350,TEXT,0,3',absent_from_canonical_evidence,0,{},expanded_instance_with_definition_and_parents_in_ledger,457fbcedf425e95cf337b447f86a6c4d9215373a4c0b7ff2f887a6be20ad9a5b,True,6b6180a7fe40abbe099421c3f65bff0956db9b442ce51b9c95f0af2e3b7be6c5,True,mapped
plan:da7af15280d7f1fe9e46a4b3635e26b7e2ba97c249dd8883c678a5d247a64215,4CF54/4D10E,TEXT,0,NP7,absent_from_canonical_evidence,0,{},expanded_instance_with_definition_and_parents_in_ledger,ce249c2f0aaf07d1838f8a6ee37894488d2e4fc89f4a56dfa88bebc6cbb805bb,True,2d1ada332960d9966919845941661222c0188de112f6815688ec909495207b7f,True,mapped
plan:dab1bb1dfe8818de5e5bbb5f80b334949d9248a3fa4e1c3084d51683db7a5bd7,4CE34/3F34C,TEXT,0,NP7,absent_from_canonical_evidence,0,{},expanded_instance_with_definition_and_parents_in_ledger,a5eb157176bb73918b8cd962d3db724781651ae40e4096ea9c316477fdcbfb13,True,27589a013cc657df20593101079f55882437e77e487eb5ad5eef9b9b8472b8e8,True,mapped
plan:dad56b90f585259c57b3c42e7001ca81f1a657697f6e311186fa391e52161482,4CF8C/4D113,TEXT,0,5',absent_from_canonical_evidence,0,{},expanded_instance_with_definition_and_parents_in_ledger,87e8205798eed99acc0d2246dfb6ee538bf9bd7f7f450804ffe02aa5b926593f,True,339bfeb586f8e2f24be6322b657651b50d4c6f28158b8d12395c9f6760562279,True,mapped
plan:daf6bdfd251ea39dc9362238df6c8cf2b2a218a60e92c39d13ebd31a342ac4bd,4CE64/3F34C,TEXT,0,NP7,absent_from_canonical_evidence,0,{},expanded_instance_with_definition_and_parents_in_ledger,a5eb157176bb73918b8cd962d3db724781651ae40e4096ea9c316477fdcbfb13,True,7ad13a1c8f016578132b2c3ec313e6f9341bd2b2aebeea3d2befe2644ea011f0,True,mapped
plan:db8ce43f8a2677381089a416356002dcdfe259cdd39fce6207e7647cc6ddf7c7,4E299/4C032,MTEXT,LABEL CABLE,\pxsm1.5;{\W1.06772;LABEL CABLE},absent_from_canonical_evidence,0,{},expanded_instance_with_definition_and_parents_in_ledger,f202460f94af64bf419884601c139d2233303457632e569d548cbb21654b8b21,True,a69bf93e367b94f03cfbcae61eb412a675406c9e1aa010778e7e2f7e7c1d4b19,True,graphic_only
plan:db9ac7a2d024baaa2807d784fbf888c2f112f4b4fd07c3b03334ee7a8ea0b8c5,4CF2C/4D111,LWPOLYLINE,0,,absent_from_canonical_evidence,0,{},expanded_instance_with_definition_and_parents_in_ledger,450f6d435f11fd1ae339aa205d7c4aad6d78c64cc8cb462bb1e7c9c573893f53,True,1168144963f726b9328faeb2c86189c2f0c8c2bd481e90f11182b1e01fb2f8c8,True,mapped
plan:dbd7458c591991083ac2309ff2201c5a442c8a2c76e5b19b714706e897e49135,4CE94/4D10E,TEXT,0,NP7,absent_from_canonical_evidence,0,{},expanded_instance_with_definition_and_parents_in_ledger,ce249c2f0aaf07d1838f8a6ee37894488d2e4fc89f4a56dfa88bebc6cbb805bb,True,0b8856a07dfaae36fb60617749f070a0d0075a608170f033666d9250317f2899,True,mapped
plan:dbfb7f05c32c8e6539f5832db91406208480c06a8ea2c16aab0200020f3eea17,4CDD4/3F356,LWPOLYLINE,0,,absent_from_canonical_evidence,0,{},expanded_instance_with_definition_and_parents_in_ledger,5dc0b421eca7ad29a3eb1ef807168fd478a20640c85a7846a644720d694e141f,True,b408b052e36811f9528244bba49af0545333661d4db2067d31cd412c16c4021a,True,mapped
plan:dc0a198697e9f25e0af95f68f439ed3703dfb524bdde36993311a2fcf054c777,4D32D/2E68,ATTDEF,0,XXX,annotation,0,{},not_delivered_not_automatically_missing,c1e048c74bbeb0808175d1f63275ae29ba123e7b173a1e8e5527bc55ff852b7c,True,88d323082f90825ee1e475885bef3e58159cd6af1a4de3604fc3f98b8814b70b,True,mapped
plan:dc27eef791d7489e284dae734f94ab646ea13bc1a0fd47fa3a8919c2ee0ffa85,4E29D/4C032,MTEXT,LABEL CABLE,\pxsm1.5;{\W1.06772;LABEL CABLE},absent_from_canonical_evidence,0,{},expanded_instance_with_definition_and_parents_in_ledger,f202460f94af64bf419884601c139d2233303457632e569d548cbb21654b8b21,True,37d9ba57e084b23b16f94c06d3ec4c1f1198bacc8228b50c46923dc0a02a77da,True,graphic_only
plan:dc39e76e47ef4d8ea7b85b970ba0ef2895799e00a30374143c60cad8b118ccea,4D305/2E64,LWPOLYLINE,0,,absent_from_canonical_evidence,0,{},expanded_instance_with_definition_and_parents_in_ledger,bb92c118cdb46d1992908bdebdef425caf80ac6ceb1e87d4295ba8d34ca13cfb,True,2eeea99c1082b4e621de6ede94b02abc50d2e279d88d6e49845fe649f70bff35,True,mapped
plan:dd1dd3e28e9758082a03b5302235ffc36b64da574f7d5c85813f73008ea8ba19,4E29C/4C026,LINE,LABEL CABLE,,absent_from_canonical_evidence,0,{},expanded_instance_with_definition_and_parents_in_ledger,1aecbebddd4dc18cb9ef274bd1a002841c913a989dc77ef00c0162ad33477c64,True,ee3adf9fa6ff2aef5b2d1732c149414e0f3daa2433329b6236aedbbe2d75d057,True,graphic_only
plan:ddbcf16b557deebde1438f9eef474ffb71f0635a75cc1b13f2481ca080af7719,4CDF4/3F354,CIRCLE,0,,graphic_only,0,{},not_delivered_not_automatically_missing,94306d1b822560f3f928eb88a6480e5f9832f3b037a3ad78db40b0479d8af86a,True,365b3fdd9d9a873e39d6b8033039cfe3d9451488545ef8b6df9238d2113a0522,True,mapped
plan:deaa2ca760fae82fbd7f13dfdc056999e35bc700b10df35b55aee8a27d4ce321,4CF54/4D112,LWPOLYLINE,0,,absent_from_canonical_evidence,0,{},expanded_instance_with_definition_and_parents_in_ledger,2298a762023daef8f1e2d328c2f013b90b91092758bec0b093e6d859ed833ebd,True,2d1ada332960d9966919845941661222c0188de112f6815688ec909495207b7f,True,mapped
plan:df9ea98669659740888f2fac04e5bd122cd6828138c8f463963b37ed83d841a2,4CF94/4D114,TEXT,0,3',absent_from_canonical_evidence,0,{},expanded_instance_with_definition_and_parents_in_ledger,9b50908c64a894089d844b98e894fc1ff80e99c4f2f11db1a8fbf110e6022439,True,58c6f0406eb0cfd84f90b93c7d3f2dfd4f4739242de967627147cd8f2310e04f,True,mapped
plan:dfefa845d74c727291a36d29a8bd3c86470e265d90450bd8a280f1f6bac3e864,4CEEC/4D118,CIRCLE,0,,graphic_only,0,{},not_delivered_not_automatically_missing,0570c8e83b9520059623957b386079ab9f3c505ad1500819f9e267a7465b806c,True,809e6eef123b15336a2c1e2b975471baadb221562b335034bed816e6b2a643a6,True,mapped
plan:e025777ee1c948bab96dbe7ffc72cea2abffa94ff6c61b7782f37e917c58cb05,4CEBC/4D11B,TEXT,0,MTI,absent_from_canonical_evidence,0,{},expanded_instance_with_definition_and_parents_in_ledger,1fef41ba4d65e1bae50f06cadd5025ad5d2f7ea2975b9450cb46117d436a304d,True,35ade6bbc7e13fa4e43613caa0171f49cf10f4af719127b077041094ce23dd48,True,mapped
plan:e18d7df986497a40078c2ebd26c242e070b6ed5df861589a375455596a133590,4CECC/3F34F,TEXT,0,5',absent_from_canonical_evidence,0,{},expanded_instance_with_definition_and_parents_in_ledger,b39da2e7005e52f7f77fd658c0c1e793319f396bfcdc2a80a4af4d9a9e1e0e70,True,f95825a238a31d1e32e28dc0b80e96d80ae5c0bf40909548e0048662869a3577,True,mapped
plan:e2161eec8e31494b29d32b96eeb2768768ce1c5f6bbfc03f7ed18a76cdfd6b00,4CEDC/4D115,TEXT,0,FM,absent_from_canonical_evidence,0,{},expanded_instance_with_definition_and_parents_in_ledger,b89593c297a9ca82d3ad11fb33dffb3d34aa57e17f4cc790e7178c6c856bf7cf,True,dc0ca8b82adfd1826598d6c86ed3de400d6bd9c62d949b9c96fa2ae52ee95a61,True,mapped
plan:e2aeb440a8e2f17902daa70f02d7003f10af5b2ef66ac3e9f6b6fc806b420436,4CE54/3F350,TEXT,0,3',absent_from_canonical_evidence,0,{},expanded_instance_with_definition_and_parents_in_ledger,457fbcedf425e95cf337b447f86a6c4d9215373a4c0b7ff2f887a6be20ad9a5b,True,5733052d6a69915732057fe6380ed41bc4462dbac367e35ff5acb6c87d91411d,True,mapped
plan:e2b3aacbf6dd163d8777f2eee234c536d75f9d8554eeb06958d77ede2a2dfd2d,4D315/2E65,LWPOLYLINE,0,,absent_from_canonical_evidence,0,{},expanded_instance_with_definition_and_parents_in_ledger,315b63473bfd040ed86c91e882188e51371403c2325e7c9c46417d98056f0992,True,42cd4ea567ea3f0130416b378849b98673860ee7b958c9088b26feb016699a95,True,mapped
plan:e2d327102dbd035d3c3aa675fe9ef4bbcde547e66b4052820778707f4b11a7f2,4CE3C/4D10F,CIRCLE,0,,graphic_only,0,{},not_delivered_not_automatically_missing,5467a143204fe878122eea791ce308cc50be882c0ffa819f63dc04f410e049d7,True,607bbbf8f25cbc2901c1f8784d4e063ccca30443f61c029953fbf882b61ec225,True,mapped
plan:e2d7f580ca08a5cb7c083baf22b92071948314a7c40cab2cacfffb097b5b42bd,4CF74/3F353,TEXT,0,4',absent_from_canonical_evidence,0,{},expanded_instance_with_definition_and_parents_in_ledger,3150cea3120c3a06319bc0fd9dff5b254e041f026f7fbdc39d59f7dfe8904ecd,True,cae41a6793881ee67345e390dedc39e4d0c5f41582fffeda6e22fa6472211370,True,mapped
plan:e2f8280d107eb5470aa8193514053bf0f2bb604beb2a9cdaec4838b23daabeaa,4E29D/4C02C,LINE,LABEL CABLE,,absent_from_canonical_evidence,0,{},expanded_instance_with_definition_and_parents_in_ledger,6c4382f82b22f065221ceccda5343cc1fe4e69146bfe222a9125b6c7e4008900,True,37d9ba57e084b23b16f94c06d3ec4c1f1198bacc8228b50c46923dc0a02a77da,True,graphic_only
plan:e3209c5ee7e54b0ecb8e8837e148f5e51e269c13a77d7c2906cc8f53f4369c2b,4CDC4/3F34A,TEXT,0,NP7,absent_from_canonical_evidence,0,{},expanded_instance_with_definition_and_parents_in_ledger,cba0f256b48f099a69f7b031d01a7455fc01dd1e6837d4131f52d719a3490e6d,True,ded9a496ebe8f46c117a66ba83cd4b9dd52a7538eb227d298a40c1b253cd0408,True,mapped
plan:e32fc72a30506774e6596d8de0cc8ff3450b371c2141948176b33e82891055ed,4CF94/4D116,TEXT,0,NP9,absent_from_canonical_evidence,0,{},expanded_instance_with_definition_and_parents_in_ledger,8bd5ce7b2c44e9221febbf6eca028a661f9b7c758890c54966016b55702fe931,True,58c6f0406eb0cfd84f90b93c7d3f2dfd4f4739242de967627147cd8f2310e04f,True,mapped
plan:e3364f567274d5e670308608ab2e8508a3e443c0a06380257796f53d448a3123,4CFC7/3F354,CIRCLE,0,,graphic_only,0,{},not_delivered_not_automatically_missing,94306d1b822560f3f928eb88a6480e5f9832f3b037a3ad78db40b0479d8af86a,True,950abb7913d3be6166ff2d8ebfabb8899f8c5b25396ded74a3091b542150ae7f,True,mapped
plan:e33cb6e1ecfbafd0b58668fcfaf03e5945f6e7b6573d72c83c26b92248dfe88d,4D31D/2E64,LWPOLYLINE,0,,absent_from_canonical_evidence,0,{},expanded_instance_with_definition_and_parents_in_ledger,bb92c118cdb46d1992908bdebdef425caf80ac6ceb1e87d4295ba8d34ca13cfb,True,626467d00afe004b4590bf9884308ccc2bc39cfe68443b1760dd8315eb2c5ff3,True,mapped
plan:e3d70ba6f47cfe778cd240befb8b532186c4c435b3c033afd867994c82bd2f6b,4D329/2E65,LWPOLYLINE,0,,absent_from_canonical_evidence,0,{},expanded_instance_with_definition_and_parents_in_ledger,315b63473bfd040ed86c91e882188e51371403c2325e7c9c46417d98056f0992,True,786b1b0e2105c517b56eab9c71739bb9b991bb021d0ec6ff4e6f3c5b9225279a,True,mapped
plan:e40e216bf318a05c60ef71af9994d026a992d66d0a1e40a3516524e28bebe684,4E299/4C031,LINE,LABEL CABLE,,absent_from_canonical_evidence,0,{},expanded_instance_with_definition_and_parents_in_ledger,686248220d874c84eb5ae5847651e00751568783f1af3191528acfde05797ff2,True,a69bf93e367b94f03cfbcae61eb412a675406c9e1aa010778e7e2f7e7c1d4b19,True,graphic_only
plan:e420577ee62b7383527b8c8ea6b19f580d39a4fc78466e051c71e45d71564482,4CE6C/4D0E7,TEXT,0,4',absent_from_canonical_evidence,0,{},expanded_instance_with_definition_and_parents_in_ledger,19d94ad48dd9b83f29b5f8404a418538ec2b63bc87de5966d1220eb735fafe39,True,a366967dec954d307283a2c550bff5986bae7fb16b93e6dacaea604bb6bbceee,True,mapped
plan:e42c593c62d42174822c8fca9e5afa420545115253410a1e5ce3367f5bede636,4E29C/4C03F,LINE,LABEL CABLE,,absent_from_canonical_evidence,0,{},expanded_instance_with_definition_and_parents_in_ledger,e14093fd913a858300c1a9acbc700b08cf84a7e3d8a6c9a0f25095bd649eb7fc,True,ee3adf9fa6ff2aef5b2d1732c149414e0f3daa2433329b6236aedbbe2d75d057,True,graphic_only
plan:e441e124fe0cbdbe889effabc3782c5f5d859dc61956295cbf03f69500159938,4E29C/4C02E,LINE,LABEL CABLE,,absent_from_canonical_evidence,0,{},expanded_instance_with_definition_and_parents_in_ledger,ed3e051fac59b90ad3f75dff78f699af9b919cab6f0592c056964c7817bee8ae,True,ee3adf9fa6ff2aef5b2d1732c149414e0f3daa2433329b6236aedbbe2d75d057,True,graphic_only
plan:e4d8d9b70db077703886ddaa8915e18e97cbe109ccf382a3f423c28b7b3f00af,4E29B/4C03F,LINE,LABEL CABLE,,absent_from_canonical_evidence,0,{},expanded_instance_with_definition_and_parents_in_ledger,e14093fd913a858300c1a9acbc700b08cf84a7e3d8a6c9a0f25095bd649eb7fc,True,bd2d63173e3ecf3c0166c0411bbd8e9b72b3c9f3d5dbac24ff97cafc91ad4cba,True,graphic_only
plan:e4e6165aa93570f07429331c1fe0a039da10c91cc6e11fe8a1bb2c176e0deaf2,4CF14/3F355,LWPOLYLINE,0,,absent_from_canonical_evidence,0,{},expanded_instance_with_definition_and_parents_in_ledger,5eee604297a501ce8829f5b6d8ba6c6319575b3aae3bc7f16ff302fb9425c773,True,3342afe08260a237538d0a6d4054e6b0432f9c5d248d54d44353b8ded1122b4c,True,mapped
plan:e4e64e2fd6359526d6d256cfbc9af39d8ce7c84350607621541070c4473b49e6,4CF54/4D115,TEXT,0,FM,absent_from_canonical_evidence,0,{},expanded_instance_with_definition_and_parents_in_ledger,b89593c297a9ca82d3ad11fb33dffb3d34aa57e17f4cc790e7178c6c856bf7cf,True,2d1ada332960d9966919845941661222c0188de112f6815688ec909495207b7f,True,mapped
plan:e4fce6256efb0b4666caab85ce9f4ec346b0490b0efcdf7f72ecd66a11561a03,4CEEC/4D11B,TEXT,0,MTI,absent_from_canonical_evidence,0,{},expanded_instance_with_definition_and_parents_in_ledger,1fef41ba4d65e1bae50f06cadd5025ad5d2f7ea2975b9450cb46117d436a304d,True,809e6eef123b15336a2c1e2b975471baadb221562b335034bed816e6b2a643a6,True,mapped
plan:e5015654bcbffc96f7c2d9b4b012b77e725b05be0c340b988adcf73f17925a6f,4CE3C/4D10E,TEXT,0,NP7,absent_from_canonical_evidence,0,{},expanded_instance_with_definition_and_parents_in_ledger,ce249c2f0aaf07d1838f8a6ee37894488d2e4fc89f4a56dfa88bebc6cbb805bb,True,607bbbf8f25cbc2901c1f8784d4e063ccca30443f61c029953fbf882b61ec225,True,mapped
plan:e51c65c8fb26a10863a4c2aa8a26738e458a69ad32ad6c3e3ba63c07ebed5893,4CE5C/3F350,TEXT,0,3',absent_from_canonical_evidence,0,{},expanded_instance_with_definition_and_parents_in_ledger,457fbcedf425e95cf337b447f86a6c4d9215373a4c0b7ff2f887a6be20ad9a5b,True,de1a2e44aadb061601c42cbdc252b8c3a1ad9f33438a7a6f7974773856edb084,True,mapped
plan:e53dbb2ff8b8a3b9588d31c7e87ad218cd1c20f5fc1db85adad328215f3c355e,4CEC4/4D10F,CIRCLE,0,,graphic_only,0,{},not_delivered_not_automatically_missing,5467a143204fe878122eea791ce308cc50be882c0ffa819f63dc04f410e049d7,True,042844c8cda9ac3a4f92ed0d6954c11170a8ce41ed2b36b2c1ddccc8aacfac90,True,mapped
plan:e546325f2ba212a7303c40be01bca3a99fd790a96d4a655525f2b78515e4fbff,4CEF4/4D10E,TEXT,0,NP7,absent_from_canonical_evidence,0,{},expanded_instance_with_definition_and_parents_in_ledger,ce249c2f0aaf07d1838f8a6ee37894488d2e4fc89f4a56dfa88bebc6cbb805bb,True,e5f4ba071a0ef2cc9003b65924705f342c46538502d0b4f7b8fbfcedca1c0c38,True,mapped
plan:e57fa9ef473dcf25e80c90d44310b4505fe4193ef52a31545a14318ae8dfa8f5,4CEEC/4D10F,CIRCLE,0,,graphic_only,0,{},not_delivered_not_automatically_missing,5467a143204fe878122eea791ce308cc50be882c0ffa819f63dc04f410e049d7,True,809e6eef123b15336a2c1e2b975471baadb221562b335034bed816e6b2a643a6,True,mapped
plan:e5ca8daafc5b4b59a356b5245d4a822055ee0273c3d0e7190c6a10949c8d076b,4CE54/3F34F,TEXT,0,5',absent_from_canonical_evidence,0,{},expanded_instance_with_definition_and_parents_in_ledger,b39da2e7005e52f7f77fd658c0c1e793319f396bfcdc2a80a4af4d9a9e1e0e70,True,5733052d6a69915732057fe6380ed41bc4462dbac367e35ff5acb6c87d91411d,True,mapped
plan:e5fd5cf980c6b89b4c85c8acaaa03cc0f16d81f44bba0546a806e3a50da09dd4,4E29B/4C025,LINE,LABEL CABLE,,absent_from_canonical_evidence,0,{},expanded_instance_with_definition_and_parents_in_ledger,0c6d2128fcc359f9141c65d041c73ee8676fc1c22d51c7a562553fe7eb7523a4,True,bd2d63173e3ecf3c0166c0411bbd8e9b72b3c9f3d5dbac24ff97cafc91ad4cba,True,graphic_only
plan:e60ec61630ac75810fcf5293de6aa02ac1b207289018d1e357146fd89c060391,4CE94/4D11A,LWPOLYLINE,0,,absent_from_canonical_evidence,0,{},expanded_instance_with_definition_and_parents_in_ledger,7f2e1b6732c6aa3b206452573c8ff2b9a7a68b8ec87c1549c20f0c96df1678f7,True,0b8856a07dfaae36fb60617749f070a0d0075a608170f033666d9250317f2899,True,mapped
plan:e6123afd8b9de462ccf69383eddec853df289a38732f75c4e4c41d066ae0330a,4CEF4/4D112,LWPOLYLINE,0,,absent_from_canonical_evidence,0,{},expanded_instance_with_definition_and_parents_in_ledger,2298a762023daef8f1e2d328c2f013b90b91092758bec0b093e6d859ed833ebd,True,e5f4ba071a0ef2cc9003b65924705f342c46538502d0b4f7b8fbfcedca1c0c38,True,mapped
plan:e6200eb9ee603aa0960db3e725305dba671641dde1fe292435cff52e241a534b,4CED4/3F34B,CIRCLE,0,,graphic_only,0,{},not_delivered_not_automatically_missing,6bb38e8314c0d4fb879abcc4cf54743fa46c528158c6ad7bb5d9557c4c4fb535,True,7007c40afef811997c37a08a8dbc49288d66f3f7ded710ecb1502fcca78592f6,True,mapped
plan:e6969f84903abd0f470ba4ae321bd07ae7b7ac5a40796c23ed63a3fc94214a7c,4CEDC/4D10F,CIRCLE,0,,graphic_only,0,{},not_delivered_not_automatically_missing,5467a143204fe878122eea791ce308cc50be882c0ffa819f63dc04f410e049d7,True,dc0ca8b82adfd1826598d6c86ed3de400d6bd9c62d949b9c96fa2ae52ee95a61,True,mapped
plan:e6c3761ae5e0f2a41032e79f0f518a1e036a51abfab947e496644358d6feaa3b,4CE24/3F34D,LWPOLYLINE,0,,absent_from_canonical_evidence,0,{},expanded_instance_with_definition_and_parents_in_ledger,3c130b24b3184d72e97b034dcfd697ddd1e49816921acaa8d7ee04fec1d7f382,True,41444a0eb371965ec69478e20328d28bbc87a81b6cafa315077b23f57bcb9bf1,True,mapped
plan:e718d27ac5664c8bc80a7f40257e4e3e34d1b15d5fc9b4cfc64009d06c058284,4CE1C/3F34A,TEXT,0,NP7,absent_from_canonical_evidence,0,{},expanded_instance_with_definition_and_parents_in_ledger,cba0f256b48f099a69f7b031d01a7455fc01dd1e6837d4131f52d719a3490e6d,True,ff7632aaa9b368279ed333c645d875120ae2d61a8b580ce0c6c14d4023037808,True,mapped
plan:e765cf0a24e15358860bf518ff8b1dbb915b81d4053793b854ba79fb294c43f6,4CF9C/3F358,TEXT,0,"2,",absent_from_canonical_evidence,0,{},expanded_instance_with_definition_and_parents_in_ledger,75030ddbcaf625eedb3cd5264361835e4ae6f1e709a642c4cb3a02001ba20c6f,True,abe68b7124d7f04d48f400f6cea9065be071768b640fcf53b3d289c478b97c9e,True,mapped
plan:e7febd29a740c71f0d6125aee5543319fda2d1d5e830482f355c4b19ff7be2ad,4CE94/4D117,TEXT,0,4',absent_from_canonical_evidence,0,{},expanded_instance_with_definition_and_parents_in_ledger,36371714a1ed076d5dc758985b76858ac2ed7692bb46e5ef020f0060bb3bcc5d,True,0b8856a07dfaae36fb60617749f070a0d0075a608170f033666d9250317f2899,True,mapped
plan:e8076d4f019bfd91a12267a1b0cb91cb48b22100cce56a0a21872777a4a93771,4CECC/3F353,TEXT,0,4',absent_from_canonical_evidence,0,{},expanded_instance_with_definition_and_parents_in_ledger,3150cea3120c3a06319bc0fd9dff5b254e041f026f7fbdc39d59f7dfe8904ecd,True,f95825a238a31d1e32e28dc0b80e96d80ae5c0bf40909548e0048662869a3577,True,mapped
plan:e8c7c69dc3304576b079f728bd8d25e7e37218136d35e53613bb7fc17a3e8588,4CE04/3F34A,TEXT,0,NP7,absent_from_canonical_evidence,0,{},expanded_instance_with_definition_and_parents_in_ledger,cba0f256b48f099a69f7b031d01a7455fc01dd1e6837d4131f52d719a3490e6d,True,4a2f55caec8f9245cb11b77ceee8c5654af597a94881b68213de7a0e104c5313,True,mapped
plan:e90bdc52babd89a071469889fe37b00e07bc44151bc0b392cf0c80ca60e9bd9d,4E299/4C02E,LINE,LABEL CABLE,,absent_from_canonical_evidence,0,{},expanded_instance_with_definition_and_parents_in_ledger,ed3e051fac59b90ad3f75dff78f699af9b919cab6f0592c056964c7817bee8ae,True,a69bf93e367b94f03cfbcae61eb412a675406c9e1aa010778e7e2f7e7c1d4b19,True,graphic_only
plan:e959481ac900a512e9abeaed72341c2e97c5a0703f2cc7ad0bfdcbcd77d44058,4CECC/3F34D,LWPOLYLINE,0,,absent_from_canonical_evidence,0,{},expanded_instance_with_definition_and_parents_in_ledger,3c130b24b3184d72e97b034dcfd697ddd1e49816921acaa8d7ee04fec1d7f382,True,f95825a238a31d1e32e28dc0b80e96d80ae5c0bf40909548e0048662869a3577,True,mapped
plan:e9a7ef0c9f5f582374ed882831f42a9e33528dc1d9916805d8ee0c08cec7dd7a,4CF04/3F353,TEXT,0,4',absent_from_canonical_evidence,0,{},expanded_instance_with_definition_and_parents_in_ledger,3150cea3120c3a06319bc0fd9dff5b254e041f026f7fbdc39d59f7dfe8904ecd,True,81c005b9309f58524ce472f7c41ab8cb830e428e905fe20e9298d41397bafd19,True,mapped
plan:e9aeea037aa04a902a15552529ba444e3d2caeca56166fa1c9ca1070c17e49de,4D30D/2E64,LWPOLYLINE,0,,absent_from_canonical_evidence,0,{},expanded_instance_with_definition_and_parents_in_ledger,bb92c118cdb46d1992908bdebdef425caf80ac6ceb1e87d4295ba8d34ca13cfb,True,207671fe9c5a1fe444f65609169dd89cfb84d44a5241a6e6a2d360ef45fa039c,True,mapped
plan:ea2dd6388b941eabfdeb4d2bd1116dd0a32a4cf8a554a175475293fe537dfc18,4E29C/4C029,LINE,LABEL CABLE,,absent_from_canonical_evidence,0,{},expanded_instance_with_definition_and_parents_in_ledger,b7b23b7c59208cbeb9d642ca040457e5a264fd78e4ab073d24d985e8e6fe5f4a,True,ee3adf9fa6ff2aef5b2d1732c149414e0f3daa2433329b6236aedbbe2d75d057,True,graphic_only
plan:ea45bff0176b522ddb9b0e6b8060b93c598a1dbf8ca6255cf39bbf7d1d835ce1,4CF3C/3F34F,TEXT,0,5',absent_from_canonical_evidence,0,{},expanded_instance_with_definition_and_parents_in_ledger,b39da2e7005e52f7f77fd658c0c1e793319f396bfcdc2a80a4af4d9a9e1e0e70,True,ad9f47b2bba42d621eb6bde571ab74ea2c81016bb3f5e8ede6988de3efea4c2d,True,mapped
plan:ea8b86f8f5c796cf4c27f21b454b8aaa59540b830ec069ed3ad2b7a5af8d2fe1,4E29A/4C025,LINE,LABEL CABLE,,absent_from_canonical_evidence,0,{},expanded_instance_with_definition_and_parents_in_ledger,0c6d2128fcc359f9141c65d041c73ee8676fc1c22d51c7a562553fe7eb7523a4,True,947a82a8a20bf71fe88f5d306d408ac01ee8476ff2b0f646b15dcceee8fe863a,True,graphic_only
plan:eab18331683351cc10bb9349cc65586446008023e4004f77ca51b056b5f5a53e,4CECC/3F350,TEXT,0,3',absent_from_canonical_evidence,0,{},expanded_instance_with_definition_and_parents_in_ledger,457fbcedf425e95cf337b447f86a6c4d9215373a4c0b7ff2f887a6be20ad9a5b,True,f95825a238a31d1e32e28dc0b80e96d80ae5c0bf40909548e0048662869a3577,True,mapped
plan:eaea91d8ac0b0de5aee07ffe37bb7931b45353847963dcb537540c989318c5a7,4CDC4/3F34D,LWPOLYLINE,0,,absent_from_canonical_evidence,0,{},expanded_instance_with_definition_and_parents_in_ledger,3c130b24b3184d72e97b034dcfd697ddd1e49816921acaa8d7ee04fec1d7f382,True,ded9a496ebe8f46c117a66ba83cd4b9dd52a7538eb227d298a40c1b253cd0408,True,mapped
plan:eb10cfdc587c8216587ba564f428388e547d272048491a15d5c8582be894a113,4CF44/3F34A,TEXT,0,NP7,absent_from_canonical_evidence,0,{},expanded_instance_with_definition_and_parents_in_ledger,cba0f256b48f099a69f7b031d01a7455fc01dd1e6837d4131f52d719a3490e6d,True,270d1c5c4756523fc8a57cc50a53f9aa319e723d17abde30fbd34e7de564a3f7,True,mapped
plan:ebd231de5536cb683dfb86be2377180492dbccae0c33de985e9a992b1aa8092b,4CE24/3F34F,TEXT,0,5',absent_from_canonical_evidence,0,{},expanded_instance_with_definition_and_parents_in_ledger,b39da2e7005e52f7f77fd658c0c1e793319f396bfcdc2a80a4af4d9a9e1e0e70,True,41444a0eb371965ec69478e20328d28bbc87a81b6cafa315077b23f57bcb9bf1,True,mapped
plan:ebdf3227a0561d7c311cc8278bbc9d98f54103fc10419216e1f6ce249fb95c7a,4E29C/4C03C,LINE,LABEL CABLE,,absent_from_canonical_evidence,0,{},expanded_instance_with_definition_and_parents_in_ledger,ae48a20315c36e1e501cb4d20d1e191f2f9bc808db8b09077fdace67f2bbf72c,True,ee3adf9fa6ff2aef5b2d1732c149414e0f3daa2433329b6236aedbbe2d75d057,True,graphic_only
plan:ebe77cd82069d69a094d3cf33171c63c37b45f137eb26f5c659fa71764397950,4CE3C/4D119,LWPOLYLINE,0,,absent_from_canonical_evidence,0,{},expanded_instance_with_definition_and_parents_in_ledger,c9f7ece77019174e47b03754cb85c4547ebf4a910e2b2336e4aa6decc81016f0,True,607bbbf8f25cbc2901c1f8784d4e063ccca30443f61c029953fbf882b61ec225,True,mapped
plan:ec13d2c8ee3e0c732ae1dcff2611aa66a60f5a5b9d8e15fc4f0f437c972654ad,4D30D/2E65,LWPOLYLINE,0,,absent_from_canonical_evidence,0,{},expanded_instance_with_definition_and_parents_in_ledger,315b63473bfd040ed86c91e882188e51371403c2325e7c9c46417d98056f0992,True,207671fe9c5a1fe444f65609169dd89cfb84d44a5241a6e6a2d360ef45fa039c,True,mapped
plan:ec21851f601f581a81b6036b8b7ad18ea3f4e8fd597c0a4805eadde6139911f8,4CF2C/4D11C,TEXT,0,"2,",absent_from_canonical_evidence,0,{},expanded_instance_with_definition_and_parents_in_ledger,188a72b335eb8c299848b6054d10fb74a5bf8c621eae49912e67729b582ec049,True,1168144963f726b9328faeb2c86189c2f0c8c2bd481e90f11182b1e01fb2f8c8,True,mapped
plan:ed3eafe621a912a2f7e317e74dd3248b00a92a8f96e2d19f55c160ead65c36b6,4CF8C/4D119,LWPOLYLINE,0,,absent_from_canonical_evidence,0,{},expanded_instance_with_definition_and_parents_in_ledger,c9f7ece77019174e47b03754cb85c4547ebf4a910e2b2336e4aa6decc81016f0,True,339bfeb586f8e2f24be6322b657651b50d4c6f28158b8d12395c9f6760562279,True,mapped
plan:ed6512ff2cdbe92b9ca11729b9bd642effc9fb9cde597300267b46f1f9d3e529,4CEC4/4D112,LWPOLYLINE,0,,absent_from_canonical_evidence,0,{},expanded_instance_with_definition_and_parents_in_ledger,2298a762023daef8f1e2d328c2f013b90b91092758bec0b093e6d859ed833ebd,True,042844c8cda9ac3a4f92ed0d6954c11170a8ce41ed2b36b2c1ddccc8aacfac90,True,mapped
plan:ee0e2cb70a209d08947442c01d1451ead9ae96a7e237a063f724456d4ddf6f4a,4CF7C/3F355,LWPOLYLINE,0,,absent_from_canonical_evidence,0,{},expanded_instance_with_definition_and_parents_in_ledger,5eee604297a501ce8829f5b6d8ba6c6319575b3aae3bc7f16ff302fb9425c773,True,cac21d548ca26b99dc41759b1a5d756a9d8192d2ca7a10284a062761a06d1b3f,True,mapped
plan:ee219246825696054b4929cef0c628a3acfda1fbb88141f49feaa9adad3f1c4b,4CF4C/3F354,CIRCLE,0,,graphic_only,0,{},not_delivered_not_automatically_missing,94306d1b822560f3f928eb88a6480e5f9832f3b037a3ad78db40b0479d8af86a,True,f7bf47f00b183e3262c3be229fb361b05bc79868f22613a707f36edc35aa35dc,True,mapped
plan:ee6349160fffcaf1b90c1cf5f265721fd9e42b07be7e5de5c16d849788dca2a5,4CF1C/4D112,LWPOLYLINE,0,,absent_from_canonical_evidence,0,{},expanded_instance_with_definition_and_parents_in_ledger,2298a762023daef8f1e2d328c2f013b90b91092758bec0b093e6d859ed833ebd,True,716b3e8b8cb9872dd2ca0d87029239af4411597a18d07128c2bf0b7bb9862a8d,True,mapped
plan:ee79308805c8fbdbb48a408816605ea29e8b51c2a344df72dd1c5f975ab1aee4,4CF8C/4D111,LWPOLYLINE,0,,absent_from_canonical_evidence,0,{},expanded_instance_with_definition_and_parents_in_ledger,450f6d435f11fd1ae339aa205d7c4aad6d78c64cc8cb462bb1e7c9c573893f53,True,339bfeb586f8e2f24be6322b657651b50d4c6f28158b8d12395c9f6760562279,True,mapped
plan:ee7c229a7f496d2a9a6a6356104725d27f4f0d3c7fd6cd3b368f464ba7b8bec6,4E29D/4C023,LINE,LABEL CABLE,,absent_from_canonical_evidence,0,{},expanded_instance_with_definition_and_parents_in_ledger,7fdc8f456713c71cd97bd1da7ac600a5ce77e0d9b2e01fd7e0901d32d6c02ec5,True,37d9ba57e084b23b16f94c06d3ec4c1f1198bacc8228b50c46923dc0a02a77da,True,graphic_only
plan:eeadda48579f5e03df3459261bd864fc9f59a65336511d2061b3a5cde1375f0c,4E29C/4C02D,LINE,LABEL CABLE,,absent_from_canonical_evidence,0,{},expanded_instance_with_definition_and_parents_in_ledger,c223b558856d6c30f5cad1e18489b3ef23b5d5c4098dbab48ddb1e5f7eaed84a,True,ee3adf9fa6ff2aef5b2d1732c149414e0f3daa2433329b6236aedbbe2d75d057,True,graphic_only
plan:eed42ad4deac9769ae50f688347eb461c62a98cee138f3b768de36b8487e9ef5,4CDD4/3F357,TEXT,0,MTI,absent_from_canonical_evidence,0,{},expanded_instance_with_definition_and_parents_in_ledger,ff1ba06dde906639809567d79e2e21daa53383fe84a72be8c29a867b8789534e,True,b408b052e36811f9528244bba49af0545333661d4db2067d31cd412c16c4021a,True,mapped
plan:ef11957924fbfe63f0e40361ea31b6f03deccccfdc902d429fde6cee203d9bb9,4CF1C/4D10E,TEXT,0,NP7,absent_from_canonical_evidence,0,{},expanded_instance_with_definition_and_parents_in_ledger,ce249c2f0aaf07d1838f8a6ee37894488d2e4fc89f4a56dfa88bebc6cbb805bb,True,716b3e8b8cb9872dd2ca0d87029239af4411597a18d07128c2bf0b7bb9862a8d,True,mapped
plan:ef25bea52e66d37775f80ad92702b506cbeffab51a6f8f45358eee0317e90850,4CE24/3F353,TEXT,0,4',absent_from_canonical_evidence,0,{},expanded_instance_with_definition_and_parents_in_ledger,3150cea3120c3a06319bc0fd9dff5b254e041f026f7fbdc39d59f7dfe8904ecd,True,41444a0eb371965ec69478e20328d28bbc87a81b6cafa315077b23f57bcb9bf1,True,mapped
plan:ef98385308c158001297c744219f09d4090e2df02a2677ecb6ac66efe3bea9e7,4CEE4/4D11C,TEXT,0,"2,",absent_from_canonical_evidence,0,{},expanded_instance_with_definition_and_parents_in_ledger,188a72b335eb8c299848b6054d10fb74a5bf8c621eae49912e67729b582ec049,True,c9897f7ecabfaaa60b8f30880dfc568f37a7daaac45461813ee3fa7c46c61d6c,True,mapped
plan:ef9bd2cdc1a264e7dcc6e63c7e13a58f159c0944994bad5875cfbc6b17889deb,4CDDC/3F356,LWPOLYLINE,0,,absent_from_canonical_evidence,0,{},expanded_instance_with_definition_and_parents_in_ledger,5dc0b421eca7ad29a3eb1ef807168fd478a20640c85a7846a644720d694e141f,True,d1bd239a2000a21de4d6c6d3db83a3db4dfe57af41fc78e18008dabc89af6ef2,True,mapped
plan:eff4283dd9c652c18a253980fc335f689a82c707d1f454a8c1efb092af1f3c80,4D309/2E67,LWPOLYLINE,0,,absent_from_canonical_evidence,0,{},expanded_instance_with_definition_and_parents_in_ledger,b93a0becf34749f571acc539a1e6f9c65092d9c247b3be97560def8c152872eb,True,58febb9da223bdd4e66aea678bb711f62ce9815e35332b814f334234e484a675,True,mapped
plan:f00542e75394cb4708d2b6b70f06f42c688ee85b7ea12f4706ea640284d41c0d,4CF9C/3F353,TEXT,0,4',absent_from_canonical_evidence,0,{},expanded_instance_with_definition_and_parents_in_ledger,3150cea3120c3a06319bc0fd9dff5b254e041f026f7fbdc39d59f7dfe8904ecd,True,abe68b7124d7f04d48f400f6cea9065be071768b640fcf53b3d289c478b97c9e,True,mapped
plan:f05b22af877953c9f03910810ef44f433c717b77380825c5a059c030663ecd77,4CE9C/3F34B,CIRCLE,0,,graphic_only,0,{},not_delivered_not_automatically_missing,6bb38e8314c0d4fb879abcc4cf54743fa46c528158c6ad7bb5d9557c4c4fb535,True,6b6180a7fe40abbe099421c3f65bff0956db9b442ce51b9c95f0af2e3b7be6c5,True,mapped
plan:f12c65d8b7150b10522f9b038b77dd77fd256a8e5b88be1cae8ca090696cbc2c,4CDDC/3F358,TEXT,0,"2,",absent_from_canonical_evidence,0,{},expanded_instance_with_definition_and_parents_in_ledger,75030ddbcaf625eedb3cd5264361835e4ae6f1e709a642c4cb3a02001ba20c6f,True,d1bd239a2000a21de4d6c6d3db83a3db4dfe57af41fc78e18008dabc89af6ef2,True,mapped
plan:f12d55cc9d0443824350d6f9d46706ff202ab5e5bb7fde2127e0ba08f353fd8e,4CE84/3F34F,TEXT,0,5',absent_from_canonical_evidence,0,{},expanded_instance_with_definition_and_parents_in_ledger,b39da2e7005e52f7f77fd658c0c1e793319f396bfcdc2a80a4af4d9a9e1e0e70,True,df9d67f310360d39692cd7cad8ec582ea5526dd0aaabc4c48cbc002cbc4202d4,True,mapped
plan:f135db855014a648294472d0e39cd9ce0b35903b01143b2db6cee24bc792a47a,4CF2C/4D113,TEXT,0,5',absent_from_canonical_evidence,0,{},expanded_instance_with_definition_and_parents_in_ledger,87e8205798eed99acc0d2246dfb6ee538bf9bd7f7f450804ffe02aa5b926593f,True,1168144963f726b9328faeb2c86189c2f0c8c2bd481e90f11182b1e01fb2f8c8,True,mapped
plan:f13c934870ccf14474451b4a49d3344e66ea2cadaa10236c95006c06d5fb729d,4CED4/3F34D,LWPOLYLINE,0,,absent_from_canonical_evidence,0,{},expanded_instance_with_definition_and_parents_in_ledger,3c130b24b3184d72e97b034dcfd697ddd1e49816921acaa8d7ee04fec1d7f382,True,7007c40afef811997c37a08a8dbc49288d66f3f7ded710ecb1502fcca78592f6,True,mapped
plan:f18ad4a5d53e2e2b16e5b376f7c0e46379e708212bd3bf77e6bb4a574722a6f9,4CF54/4D10F,CIRCLE,0,,graphic_only,0,{},not_delivered_not_automatically_missing,5467a143204fe878122eea791ce308cc50be882c0ffa819f63dc04f410e049d7,True,2d1ada332960d9966919845941661222c0188de112f6815688ec909495207b7f,True,mapped
plan:f1c99f110f28c41a471de2db9332f940dc6a68fc34933c996ae2157dab80b2fc,4CE8C/3F352,TEXT,0,NP9,absent_from_canonical_evidence,0,{},expanded_instance_with_definition_and_parents_in_ledger,414a107d0dd2555d8f98da20db776998a3929d363fd40d42baa0f033c58d3b4c,True,e0d82448fd3bdb3f7e3d1bb80c21b1f6807a561d54430ed482b737a009694a45,True,mapped
plan:f1d6b7d3cb73a884fc499793de4f113494f63b37d79d734145784bb166daea96,4CECC/3F351,TEXT,0,FM,absent_from_canonical_evidence,0,{},expanded_instance_with_definition_and_parents_in_ledger,052f1b638d0fdc6fbdaed7c281bb6a5f54a33d5c01ed47955ec714064d7dc282,True,f95825a238a31d1e32e28dc0b80e96d80ae5c0bf40909548e0048662869a3577,True,mapped
plan:f2c45266e6212ffff0f5212cad0ef22283d2eac060e9f2b9400dedd39cdefeb5,4CDBC/3F34C,TEXT,0,NP7,absent_from_canonical_evidence,0,{},expanded_instance_with_definition_and_parents_in_ledger,a5eb157176bb73918b8cd962d3db724781651ae40e4096ea9c316477fdcbfb13,True,0c4e1061b8e9d0802d37528196bcae2ca9c4ce33644ef698a782b6491f1d334e,True,mapped
plan:f2c680e1fa79b3892ce19fe0f64f80a3f47e8f3df856e206dd7d8914f54b2d98,4CDBC/3F352,TEXT,0,NP9,absent_from_canonical_evidence,0,{},expanded_instance_with_definition_and_parents_in_ledger,414a107d0dd2555d8f98da20db776998a3929d363fd40d42baa0f033c58d3b4c,True,0c4e1061b8e9d0802d37528196bcae2ca9c4ce33644ef698a782b6491f1d334e,True,mapped
plan:f2c878c0ac961525dac10720f4f01f4a80b4523e5365afdc837ec29c338a9c4b,4CE84/3F34C,TEXT,0,NP7,absent_from_canonical_evidence,0,{},expanded_instance_with_definition_and_parents_in_ledger,a5eb157176bb73918b8cd962d3db724781651ae40e4096ea9c316477fdcbfb13,True,df9d67f310360d39692cd7cad8ec582ea5526dd0aaabc4c48cbc002cbc4202d4,True,mapped
plan:f2f2fdac94cfac25519005060ab66ed7e74617d8557f6d0c44e54dc8882f0d6e,4CF2C/4D119,LWPOLYLINE,0,,absent_from_canonical_evidence,0,{},expanded_instance_with_definition_and_parents_in_ledger,c9f7ece77019174e47b03754cb85c4547ebf4a910e2b2336e4aa6decc81016f0,True,1168144963f726b9328faeb2c86189c2f0c8c2bd481e90f11182b1e01fb2f8c8,True,mapped
plan:f2fb9251e3ce63c9c218e0397bb5652e92649bcda3b25b25ad09dec58b342dfd,4CEE4/4D116,TEXT,0,NP9,absent_from_canonical_evidence,0,{},expanded_instance_with_definition_and_parents_in_ledger,8bd5ce7b2c44e9221febbf6eca028a661f9b7c758890c54966016b55702fe931,True,c9897f7ecabfaaa60b8f30880dfc568f37a7daaac45461813ee3fa7c46c61d6c,True,mapped
plan:f3102836e8c59a7ebf0ec769fbfd30cf4968808a60e7fd55eeede4e180ea24ff,4CEF4/4D114,TEXT,0,3',absent_from_canonical_evidence,0,{},expanded_instance_with_definition_and_parents_in_ledger,9b50908c64a894089d844b98e894fc1ff80e99c4f2f11db1a8fbf110e6022439,True,e5f4ba071a0ef2cc9003b65924705f342c46538502d0b4f7b8fbfcedca1c0c38,True,mapped
plan:f31f62c10ae8c4e27f98950be5ea5960178a8b77389375b7d47f23cea232dff7,4E29A/4C022,LINE,LABEL CABLE,,absent_from_canonical_evidence,0,{},expanded_instance_with_definition_and_parents_in_ledger,83559f9fdabe6949e147b0791dece13867c6f5f97cdde321ae9277988a52184d,True,947a82a8a20bf71fe88f5d306d408ac01ee8476ff2b0f646b15dcceee8fe863a,True,graphic_only
plan:f365dd1f1459b92d7695db397e0ff4693d5a47c4a380c18c59d5705698dce2b6,4CE24/3F34B,CIRCLE,0,,graphic_only,0,{},not_delivered_not_automatically_missing,6bb38e8314c0d4fb879abcc4cf54743fa46c528158c6ad7bb5d9557c4c4fb535,True,41444a0eb371965ec69478e20328d28bbc87a81b6cafa315077b23f57bcb9bf1,True,mapped
plan:f3a5c7264f5ca86ce92a3c988a57725e8de5d4a89841956634efbca5e927ccca,4D31D/2E68,ATTDEF,0,XXX,annotation,0,{},not_delivered_not_automatically_missing,c1e048c74bbeb0808175d1f63275ae29ba123e7b173a1e8e5527bc55ff852b7c,True,626467d00afe004b4590bf9884308ccc2bc39cfe68443b1760dd8315eb2c5ff3,True,mapped
plan:f3bd63e4a02bbedbf55e3e5e9178fe2c6c18ccdbef8a3d90fdf485feaa18e76a,4E29C/4C038,LINE,LABEL CABLE,,absent_from_canonical_evidence,0,{},expanded_instance_with_definition_and_parents_in_ledger,7ea8280f4c0b83e827a390eab2d7527159cb516de4d2b46242def5c310e6cf19,True,ee3adf9fa6ff2aef5b2d1732c149414e0f3daa2433329b6236aedbbe2d75d057,True,graphic_only
plan:f3c412f073cd7dfa1f26d3801ecf1ac8ab434a2c9f9a7b342c6c99ae8f45a740,4CF94/4D10E,TEXT,0,NP7,absent_from_canonical_evidence,0,{},expanded_instance_with_definition_and_parents_in_ledger,ce249c2f0aaf07d1838f8a6ee37894488d2e4fc89f4a56dfa88bebc6cbb805bb,True,58c6f0406eb0cfd84f90b93c7d3f2dfd4f4739242de967627147cd8f2310e04f,True,mapped
plan:f41e5c8991493bcd10423ed7b0be437514c073c4b7c8b5a069589e205b3c6830,4E299/4C035,LINE,LABEL CABLE,,absent_from_canonical_evidence,0,{},expanded_instance_with_definition_and_parents_in_ledger,606dd32be7d1b1e7e1621e4d4c290b39223bb9bd5c08d3615cc6d47ba39935ea,True,a69bf93e367b94f03cfbcae61eb412a675406c9e1aa010778e7e2f7e7c1d4b19,True,graphic_only
plan:f423ab772e8f89065bf1d06fa0cd2706b4ee5302309e9fdd21d2ff0b08f8dd6e,4CEE4/4D118,CIRCLE,0,,graphic_only,0,{},not_delivered_not_automatically_missing,0570c8e83b9520059623957b386079ab9f3c505ad1500819f9e267a7465b806c,True,c9897f7ecabfaaa60b8f30880dfc568f37a7daaac45461813ee3fa7c46c61d6c,True,mapped
plan:f46150cc24ee2d139cd73110f9686e28a9d0eff79fc529e3b4100a3ff3cb2f21,4CDC4/3F34F,TEXT,0,5',absent_from_canonical_evidence,0,{},expanded_instance_with_definition_and_parents_in_ledger,b39da2e7005e52f7f77fd658c0c1e793319f396bfcdc2a80a4af4d9a9e1e0e70,True,ded9a496ebe8f46c117a66ba83cd4b9dd52a7538eb227d298a40c1b253cd0408,True,mapped
plan:f46e4ee1ba509c9c59ab652aa4554c1fdaa84c6c299f88063357c84f3b0fd802,4E29B/4C02B,LINE,LABEL CABLE,,absent_from_canonical_evidence,0,{},expanded_instance_with_definition_and_parents_in_ledger,b17bb9e1cff57fabc6c098e8cc01cef42ea13b01268cb4ffd8c08897dfdac16a,True,bd2d63173e3ecf3c0166c0411bbd8e9b72b3c9f3d5dbac24ff97cafc91ad4cba,True,graphic_only
plan:f4841be702b8438031d196f30a468953f62b7d7c15392bf28f48f57422d1f237,4D341/2E68,ATTDEF,0,XXX,annotation,0,{},not_delivered_not_automatically_missing,c1e048c74bbeb0808175d1f63275ae29ba123e7b173a1e8e5527bc55ff852b7c,True,bbac15d64dbb34ef25833be2fb9c1ccdb6e520ec23bd6f821fac0c0cac09a444,True,mapped
plan:f4a4cd69318eab595c8f5c943c09c90ea7da626d958f709c026dd8db8789f922,4CE4C/4D111,LWPOLYLINE,0,,absent_from_canonical_evidence,0,{},expanded_instance_with_definition_and_parents_in_ledger,450f6d435f11fd1ae339aa205d7c4aad6d78c64cc8cb462bb1e7c9c573893f53,True,fc10a96af2baf82e5734647f076b2484be5db2d2b442100136c457ec374b0478,True,mapped
plan:f4d2a73484183e361e8eec0f5fc965940d006174c423c4e423a22182c8db7a78,4E29C/4C034,LINE,LABEL CABLE,,absent_from_canonical_evidence,0,{},expanded_instance_with_definition_and_parents_in_ledger,77f98d4b423cd0018ff919ba2060db69c2b8a5f96fe3a192300a121842bd5b2c,True,ee3adf9fa6ff2aef5b2d1732c149414e0f3daa2433329b6236aedbbe2d75d057,True,graphic_only
plan:f523b8f8ba861bbdbc466d2b28facdc4e68bd47f832f6988af0c89adf001c0bd,4D315/2E68,ATTDEF,0,XXX,annotation,0,{},not_delivered_not_automatically_missing,c1e048c74bbeb0808175d1f63275ae29ba123e7b173a1e8e5527bc55ff852b7c,True,42cd4ea567ea3f0130416b378849b98673860ee7b958c9088b26feb016699a95,True,mapped
plan:f525e96197e2ec58a01e88e92219ff31b0a275d0194d5ab859dd7637ee04ab4e,4CF8C/4D116,TEXT,0,NP9,absent_from_canonical_evidence,0,{},expanded_instance_with_definition_and_parents_in_ledger,8bd5ce7b2c44e9221febbf6eca028a661f9b7c758890c54966016b55702fe931,True,339bfeb586f8e2f24be6322b657651b50d4c6f28158b8d12395c9f6760562279,True,mapped
plan:f59a1c3ccf588d92d21698f7b9d7f968adb556673b9b4ce3f0d206682077c224,4D301/2E68,ATTDEF,0,XXX,annotation,0,{},not_delivered_not_automatically_missing,c1e048c74bbeb0808175d1f63275ae29ba123e7b173a1e8e5527bc55ff852b7c,True,868537a801913118d2da5a65890e300b7b6dc53d16635e62ca2ea9f444c4ee6c,True,mapped
plan:f5bda0ae0425aeef8babb4570a67b5cc559f467cf0db7507654d225e1e4a13fd,4CE94/4D116,TEXT,0,NP9,absent_from_canonical_evidence,0,{},expanded_instance_with_definition_and_parents_in_ledger,8bd5ce7b2c44e9221febbf6eca028a661f9b7c758890c54966016b55702fe931,True,0b8856a07dfaae36fb60617749f070a0d0075a608170f033666d9250317f2899,True,mapped
plan:f5c98ceb2d1c66ccd2e152608521dd82b32c74ed744909e1178055fbbebfef97,4CF9C/3F34E,LWPOLYLINE,0,,absent_from_canonical_evidence,0,{},expanded_instance_with_definition_and_parents_in_ledger,eb4b79320c746eb6acb77f2a88c80f800fdabf3d15fb85ac9279e4ac8409d600,True,abe68b7124d7f04d48f400f6cea9065be071768b640fcf53b3d289c478b97c9e,True,mapped
plan:f67cacbbe1627c44e948a19a746b74d5bf5ed465c91c1046c365385581a821ea,4E29B/4C039,LINE,LABEL CABLE,,absent_from_canonical_evidence,0,{},expanded_instance_with_definition_and_parents_in_ledger,e113dff9275180382f35f9aa74deb917678315d98978f7f31993f57559962d67,True,bd2d63173e3ecf3c0166c0411bbd8e9b72b3c9f3d5dbac24ff97cafc91ad4cba,True,graphic_only
plan:f6c888318a6500a464612d6f7115953c5670dced6102f5307e413a27b00d0817,4CF8C/4D115,TEXT,0,FM,absent_from_canonical_evidence,0,{},expanded_instance_with_definition_and_parents_in_ledger,b89593c297a9ca82d3ad11fb33dffb3d34aa57e17f4cc790e7178c6c856bf7cf,True,339bfeb586f8e2f24be6322b657651b50d4c6f28158b8d12395c9f6760562279,True,mapped
plan:f71daf981fe115d45ee0a5344a2c2a1ee2cb83d7e682f9ff7546eb39efd935b4,4E29A/4C030,LINE,LABEL CABLE,,absent_from_canonical_evidence,0,{},expanded_instance_with_definition_and_parents_in_ledger,c971be53855fd639840b7defbd5b7e5cede652d94803c7ac902ce3db9ae26d82,True,947a82a8a20bf71fe88f5d306d408ac01ee8476ff2b0f646b15dcceee8fe863a,True,graphic_only
plan:f7a3c4b373ec6261fffbef4f465e2f4fa60c35671b86fe1c259688a4f77fc01a,4CEA4/4D119,LWPOLYLINE,0,,absent_from_canonical_evidence,0,{},expanded_instance_with_definition_and_parents_in_ledger,c9f7ece77019174e47b03754cb85c4547ebf4a910e2b2336e4aa6decc81016f0,True,49ea8fc10f50f32695447756c1dabf056183df76761c3c148543df64422a8f48,True,mapped
plan:f7f0b0880612f08713650548c7c025573ac2ae8ee73cb4392919d48e6085f039,4CEC4/4D10E,TEXT,0,NP7,absent_from_canonical_evidence,0,{},expanded_instance_with_definition_and_parents_in_ledger,ce249c2f0aaf07d1838f8a6ee37894488d2e4fc89f4a56dfa88bebc6cbb805bb,True,042844c8cda9ac3a4f92ed0d6954c11170a8ce41ed2b36b2c1ddccc8aacfac90,True,mapped
plan:f8875104728ad5743b3dbce1a8d25e69a5ca9195686ca7f9261bd8460aa9a1ee,4D33D/2E67,LWPOLYLINE,0,,absent_from_canonical_evidence,0,{},expanded_instance_with_definition_and_parents_in_ledger,b93a0becf34749f571acc539a1e6f9c65092d9c247b3be97560def8c152872eb,True,75439beb61b3e0b3506cb3c08f835435ebfcc8a73ef4bc177f123e460199f552,True,mapped
plan:f8a2857d2761a891911ccb35461ab906707dde643fd83428acab563e191b5cdb,4CE14/4D11A,LWPOLYLINE,0,,absent_from_canonical_evidence,0,{},expanded_instance_with_definition_and_parents_in_ledger,7f2e1b6732c6aa3b206452573c8ff2b9a7a68b8ec87c1549c20f0c96df1678f7,True,5973fad66deeec6d802fac53f27e1bf414bd7272788c0066111dc717d4ec1587,True,mapped
plan:f8bb5e94bd839d637b3783724c88a35dc8a712a58356deae48a21ce6ee375272,4D331/2E65,LWPOLYLINE,0,,absent_from_canonical_evidence,0,{},expanded_instance_with_definition_and_parents_in_ledger,315b63473bfd040ed86c91e882188e51371403c2325e7c9c46417d98056f0992,True,db286e9a8cdef5294fe64cfcc66a361f9d07a2d48d18830f927e7753c80618eb,True,mapped
plan:f8bfe28482d3f23aa61c5b0a2daf00850df4907b0be912742f56eb191f34600d,4CDEC/4D114,TEXT,0,3',absent_from_canonical_evidence,0,{},expanded_instance_with_definition_and_parents_in_ledger,9b50908c64a894089d844b98e894fc1ff80e99c4f2f11db1a8fbf110e6022439,True,41c80b2910be4ae803bc4f8fb378e4ae1b118ab1bf13d69147a803ca4a5520fe,True,mapped
plan:f90a5a2cf9ff259c0ce4d46d3f068d1d6a881d700e39738a46f861fb69b5ea50,4CF04/3F355,LWPOLYLINE,0,,absent_from_canonical_evidence,0,{},expanded_instance_with_definition_and_parents_in_ledger,5eee604297a501ce8829f5b6d8ba6c6319575b3aae3bc7f16ff302fb9425c773,True,81c005b9309f58524ce472f7c41ab8cb830e428e905fe20e9298d41397bafd19,True,mapped
plan:f90a94f3718250e0ffe5107a409dc4eb95facb7a3d3b6451ea5018c3b4243003,4CF44/3F350,TEXT,0,3',absent_from_canonical_evidence,0,{},expanded_instance_with_definition_and_parents_in_ledger,457fbcedf425e95cf337b447f86a6c4d9215373a4c0b7ff2f887a6be20ad9a5b,True,270d1c5c4756523fc8a57cc50a53f9aa319e723d17abde30fbd34e7de564a3f7,True,mapped
plan:f921ee724b708884cc44877677b0708fde730a63dfa747f4076aa7e7944d3285,4CF04/3F34D,LWPOLYLINE,0,,absent_from_canonical_evidence,0,{},expanded_instance_with_definition_and_parents_in_ledger,3c130b24b3184d72e97b034dcfd697ddd1e49816921acaa8d7ee04fec1d7f382,True,81c005b9309f58524ce472f7c41ab8cb830e428e905fe20e9298d41397bafd19,True,mapped
plan:f9774d993e34747caf034d359dfa7282d65ed6d59729dc5c64a6db111456183c,4CEC4/4D113,TEXT,0,5',absent_from_canonical_evidence,0,{},expanded_instance_with_definition_and_parents_in_ledger,87e8205798eed99acc0d2246dfb6ee538bf9bd7f7f450804ffe02aa5b926593f,True,042844c8cda9ac3a4f92ed0d6954c11170a8ce41ed2b36b2c1ddccc8aacfac90,True,mapped
plan:fa25f11311117ef905a5123a230a9e79a85bfa853202cb41c643599dd1692a10,4CF2C/4D112,LWPOLYLINE,0,,absent_from_canonical_evidence,0,{},expanded_instance_with_definition_and_parents_in_ledger,2298a762023daef8f1e2d328c2f013b90b91092758bec0b093e6d859ed833ebd,True,1168144963f726b9328faeb2c86189c2f0c8c2bd481e90f11182b1e01fb2f8c8,True,mapped
plan:fa65a036e53834c3df71a1c7c03f7d87aa653733b4ad76db5620e436ec86c4a8,4CE04/3F356,LWPOLYLINE,0,,absent_from_canonical_evidence,0,{},expanded_instance_with_definition_and_parents_in_ledger,5dc0b421eca7ad29a3eb1ef807168fd478a20640c85a7846a644720d694e141f,True,4a2f55caec8f9245cb11b77ceee8c5654af597a94881b68213de7a0e104c5313,True,mapped
plan:fa7be985f2e2769233855925879178ef04c0bb3f276f39feeb93f1831a070650,4CF4C/3F34E,LWPOLYLINE,0,,absent_from_canonical_evidence,0,{},expanded_instance_with_definition_and_parents_in_ledger,eb4b79320c746eb6acb77f2a88c80f800fdabf3d15fb85ac9279e4ac8409d600,True,f7bf47f00b183e3262c3be229fb361b05bc79868f22613a707f36edc35aa35dc,True,mapped
plan:fa8e203d27f5ec0e6aa97cc199041c17a2c8f15780d7013e95c4ff81aed45f38,4CDBC/3F351,TEXT,0,FM,absent_from_canonical_evidence,0,{},expanded_instance_with_definition_and_parents_in_ledger,052f1b638d0fdc6fbdaed7c281bb6a5f54a33d5c01ed47955ec714064d7dc282,True,0c4e1061b8e9d0802d37528196bcae2ca9c4ce33644ef698a782b6491f1d334e,True,mapped
plan:faefee7971fc2f6277ff7d5dee732ba1d659daaee950685eaac86129682c5c6e,4CEA4/4D118,CIRCLE,0,,graphic_only,0,{},not_delivered_not_automatically_missing,0570c8e83b9520059623957b386079ab9f3c505ad1500819f9e267a7465b806c,True,49ea8fc10f50f32695447756c1dabf056183df76761c3c148543df64422a8f48,True,mapped
plan:fafe421bbd5ae99a2af8e6da466a5cc852fed611c6d7f9db4ae52bb9cd84f0dc,4CE1C/3F352,TEXT,0,NP9,absent_from_canonical_evidence,0,{},expanded_instance_with_definition_and_parents_in_ledger,414a107d0dd2555d8f98da20db776998a3929d363fd40d42baa0f033c58d3b4c,True,ff7632aaa9b368279ed333c645d875120ae2d61a8b580ce0c6c14d4023037808,True,mapped
plan:fb3cd868c9d3290a7a54c85e9a5d81096364e3099eb90ee9da800a61ae41626d,4D2F1/2E66,HATCH,0,,graphic_only,0,{},not_delivered_not_automatically_missing,0cd841bb19f4fbc9fada3d76fbc2c7904ad59db113909e3a3c416bb11ce671c9,True,d59478a10585bc3508678927bf46f0853965a6cd2be1891e8e37b0641a13967a,True,mapped
plan:fbcfef2212546f8eba1dda4c08fb88cd86195cebd00d1cf09c72278c64bae224,4CE74/3F353,TEXT,0,4',absent_from_canonical_evidence,0,{},expanded_instance_with_definition_and_parents_in_ledger,3150cea3120c3a06319bc0fd9dff5b254e041f026f7fbdc39d59f7dfe8904ecd,True,099f79f3bd1b85c38c889313cf43601aa4acae882ed11d2c71359b4d05dd09ef,True,mapped
plan:fc11c955b903adf6654a033616408034a186c15b3d710cb0916774535339d33f,4CE8C/3F34A,TEXT,0,NP7,absent_from_canonical_evidence,0,{},expanded_instance_with_definition_and_parents_in_ledger,cba0f256b48f099a69f7b031d01a7455fc01dd1e6837d4131f52d719a3490e6d,True,e0d82448fd3bdb3f7e3d1bb80c21b1f6807a561d54430ed482b737a009694a45,True,mapped
plan:fc5f5b1f5c595413343a73d833ca3b203822bce958f88748f5584a6fb872e7be,4CE4C/4D117,TEXT,0,4',absent_from_canonical_evidence,0,{},expanded_instance_with_definition_and_parents_in_ledger,36371714a1ed076d5dc758985b76858ac2ed7692bb46e5ef020f0060bb3bcc5d,True,fc10a96af2baf82e5734647f076b2484be5db2d2b442100136c457ec374b0478,True,mapped
plan:fc72d28ce788060f6f78cd796bb681906f2f36c359b99f69358042be210ae8aa,4D335/2E66,HATCH,0,,graphic_only,0,{},not_delivered_not_automatically_missing,0cd841bb19f4fbc9fada3d76fbc2c7904ad59db113909e3a3c416bb11ce671c9,True,074cb05db899d4c71acfda15936163f5283bc11f2e4de8ca6a22658d4bde69e0,True,mapped
plan:fc86ff3b4dc2c451d379543bf32578fe5a24bf018afc2bde3016785238c5ada8,4CEF4/4D117,TEXT,0,4',absent_from_canonical_evidence,0,{},expanded_instance_with_definition_and_parents_in_ledger,36371714a1ed076d5dc758985b76858ac2ed7692bb46e5ef020f0060bb3bcc5d,True,e5f4ba071a0ef2cc9003b65924705f342c46538502d0b4f7b8fbfcedca1c0c38,True,mapped
plan:fc9d244181ac32212c2f6724d366c0a59b6241bebafd34f9900bb22f1023a4b0,4E299/4C033,MTEXT,LABEL CABLE,\pxsm1.5;{\W1.06772;MYREPUBLIC},absent_from_canonical_evidence,0,{},expanded_instance_with_definition_and_parents_in_ledger,d5c2f1e839516bc2215ea59e80ece5431545cc332dc5e12d299c81730632d017,True,a69bf93e367b94f03cfbcae61eb412a675406c9e1aa010778e7e2f7e7c1d4b19,True,graphic_only
plan:fd06bdc3a84975088f7a282d517f36d98e7fe330f30d480f6d6113270c0d6185,4CE64/3F352,TEXT,0,NP9,absent_from_canonical_evidence,0,{},expanded_instance_with_definition_and_parents_in_ledger,414a107d0dd2555d8f98da20db776998a3929d363fd40d42baa0f033c58d3b4c,True,7ad13a1c8f016578132b2c3ec313e6f9341bd2b2aebeea3d2befe2644ea011f0,True,mapped
plan:fd850cac5ab2039050437adc84dd126aae6cc2dafcf177d19504633e64b620ca,4CE34/3F350,TEXT,0,3',absent_from_canonical_evidence,0,{},expanded_instance_with_definition_and_parents_in_ledger,457fbcedf425e95cf337b447f86a6c4d9215373a4c0b7ff2f887a6be20ad9a5b,True,27589a013cc657df20593101079f55882437e77e487eb5ad5eef9b9b8472b8e8,True,mapped
plan:fd996d7159dfb0b5a49fb6ffc042f74e093b01d4b03b9d8530addaba5097a94c,4CE9C/3F352,TEXT,0,NP9,absent_from_canonical_evidence,0,{},expanded_instance_with_definition_and_parents_in_ledger,414a107d0dd2555d8f98da20db776998a3929d363fd40d42baa0f033c58d3b4c,True,6b6180a7fe40abbe099421c3f65bff0956db9b442ce51b9c95f0af2e3b7be6c5,True,mapped
plan:fe6e0626775852cab75f64213409c271a94958676993eab02f017c296437663c,4CF54/4D118,CIRCLE,0,,graphic_only,0,{},not_delivered_not_automatically_missing,0570c8e83b9520059623957b386079ab9f3c505ad1500819f9e267a7465b806c,True,2d1ada332960d9966919845941661222c0188de112f6815688ec909495207b7f,True,mapped
plan:ff5350d63bde59962d620725685bdf035ecce2b76f697b27b1ab1b302a2b7a48,4CF0C/4D116,TEXT,0,NP9,absent_from_canonical_evidence,0,{},expanded_instance_with_definition_and_parents_in_ledger,8bd5ce7b2c44e9221febbf6eca028a661f9b7c758890c54966016b55702fe931,True,72b5c48e95b8fbacf77ffa325062449dc776ab8861dec1e19b6ceef934860715,True,mapped
plan:ff627c52650f2cd70f1bca248d6beb0ce5ee90c6eccd959c42523bb267b738fd,4E29C/4C02A,LINE,LABEL CABLE,,absent_from_canonical_evidence,0,{},expanded_instance_with_definition_and_parents_in_ledger,639698bbaae558a02bfb16df779c573ba1942f6ce6bff58d256eb0a2bc4632f3,True,ee3adf9fa6ff2aef5b2d1732c149414e0f3daa2433329b6236aedbbe2d75d057,True,graphic_only
plan:ff6f62c44498fce84d88b857fa0dc4dcb82757996ac503d641799cef9bbc2b05,4CF8C/4D118,CIRCLE,0,,graphic_only,0,{},not_delivered_not_automatically_missing,0570c8e83b9520059623957b386079ab9f3c505ad1500819f9e267a7465b806c,True,339bfeb586f8e2f24be6322b657651b50d4c6f28158b8d12395c9f6760562279,True,mapped
plan:ffff38df29e0e5f73751691a4535bb3d4470f79fd2ad152bc3a588036d098a2f,4CDBC/3F34E,LWPOLYLINE,0,,absent_from_canonical_evidence,0,{},expanded_instance_with_definition_and_parents_in_ledger,eb4b79320c746eb6acb77f2a88c80f800fdabf3d15fb85ac9279e4ac8409d600,True,0c4e1061b8e9d0802d37528196bcae2ca9c4ce33644ef698a782b6491f1d334e,True,mapped
