layer,delivery_fid,source_entity_key,source_handle,field_name,delivery_value,recorded_value,provenance,missing_value,recorded_comparison,direct_source_text_match,source_texts,selected_annotation_keys,verified_selected_annotation_texts,heuristic_number_label_keys,verified_heuristic_number_texts,replacement_character_in_delivery,replacement_character_in_source_text
SITE,1,66f5b67a6483b655e29cee28bc99b4b09de052ae26d86527c8dfef15c2ee2edd,C35,CODE,SITE-CAD-C35,SITE-CAD-C35,DWG_DERIVED:stable-handle-id,False,exact,no_exact_match_requires_relation_or_derivation,"["""", ""48"", ""48""]",,[],,[],False,False
SITE,1,66f5b67a6483b655e29cee28bc99b4b09de052ae26d86527c8dfef15c2ee2edd,C35,REF_PLAQUE,,,UNAVAILABLE,True,missing_value,not_a_text_check,"["""", ""48"", ""48""]",,[],,[],False,False
SITE,1,66f5b67a6483b655e29cee28bc99b4b09de052ae26d86527c8dfef15c2ee2edd,C35,REF_NRO,,,UNAVAILABLE,True,missing_value,not_a_text_check,"["""", ""48"", ""48""]",,[],,[],False,False
SITE,1,66f5b67a6483b655e29cee28bc99b4b09de052ae26d86527c8dfef15c2ee2edd,C35,TYPE,,,UNAVAILABLE,True,missing_value,not_a_text_check,"["""", ""48"", ""48""]",,[],,[],False,False
SITE,1,66f5b67a6483b655e29cee28bc99b4b09de052ae26d86527c8dfef15c2ee2edd,C35,FABRIQUANT,,,UNAVAILABLE,True,missing_value,not_a_text_check,"["""", ""48"", ""48""]",,[],,[],False,False
SITE,1,66f5b67a6483b655e29cee28bc99b4b09de052ae26d86527c8dfef15c2ee2edd,C35,REF_PRODUIT,,,UNAVAILABLE,True,missing_value,not_a_text_check,"["""", ""48"", ""48""]",,[],,[],False,False
SITE,1,66f5b67a6483b655e29cee28bc99b4b09de052ae26d86527c8dfef15c2ee2edd,C35,MODE_POSE,,,UNAVAILABLE,True,missing_value,not_a_text_check,"["""", ""48"", ""48""]",,[],,[],False,False
SITE,1,66f5b67a6483b655e29cee28bc99b4b09de052ae26d86527c8dfef15c2ee2edd,C35,STATUT,,,UNAVAILABLE,True,missing_value,not_a_text_check,"["""", ""48"", ""48""]",,[],,[],False,False
SITE,1,66f5b67a6483b655e29cee28bc99b4b09de052ae26d86527c8dfef15c2ee2edd,C35,PROPRIETAIRE,,,UNAVAILABLE,True,missing_value,not_a_text_check,"["""", ""48"", ""48""]",,[],,[],False,False
SITE,1,66f5b67a6483b655e29cee28bc99b4b09de052ae26d86527c8dfef15c2ee2edd,C35,GESTIONNAIRE,,,UNAVAILABLE,True,missing_value,not_a_text_check,"["""", ""48"", ""48""]",,[],,[],False,False
SITE,1,66f5b67a6483b655e29cee28bc99b4b09de052ae26d86527c8dfef15c2ee2edd,C35,COMMUNE,,,UNAVAILABLE,True,missing_value,not_a_text_check,"["""", ""48"", ""48""]",,[],,[],False,False
SITE,1,66f5b67a6483b655e29cee28bc99b4b09de052ae26d86527c8dfef15c2ee2edd,C35,X,12543659.730468182,12543659.730468182,DWG_DERIVED:GEODATA+direct-CRS-transform,False,exact,not_a_text_check,"["""", ""48"", ""48""]",,[],,[],False,False
SITE,1,66f5b67a6483b655e29cee28bc99b4b09de052ae26d86527c8dfef15c2ee2edd,C35,Y,-821459.9872717925,-821459.9872717925,DWG_DERIVED:GEODATA+direct-CRS-transform,False,exact,not_a_text_check,"["""", ""48"", ""48""]",,[],,[],False,False
SITE,1,66f5b67a6483b655e29cee28bc99b4b09de052ae26d86527c8dfef15c2ee2edd,C35,display_label,48,48,DWG_DIRECT:block-attribute-text,False,exact,exact,"["""", ""48"", ""48""]",,[],,[],False,False
BOITE,1,647da5fb5f499087fcd0884a51522f667954a9a98fad7df56f15010a523dc675,134D,CODE,KTK5.086.A05,KTK5.086.A05,DWG_DERIVED:AI-ANNOTATION-AUTO_FAT_2_KMZ_FDT_2-001|RULE:AI-ANNOTATION-ASSIGN-001,False,exact,verified_selected_annotation,"["""", ""16"", ""16""]",689ba857b662986f0c51103cd644677ab5ab39abcfe46a7de1d662ab68f080a7,"[""KTK5.086.A05""]",,[],False,False
BOITE,1,647da5fb5f499087fcd0884a51522f667954a9a98fad7df56f15010a523dc675,134D,CODE_PTC,,,UNAVAILABLE,True,missing_value,not_a_text_check,"["""", ""16"", ""16""]",689ba857b662986f0c51103cd644677ab5ab39abcfe46a7de1d662ab68f080a7,"[""KTK5.086.A05""]",,[],False,False
BOITE,1,647da5fb5f499087fcd0884a51522f667954a9a98fad7df56f15010a523dc675,134D,REF_PLAQUE,,,UNAVAILABLE,True,missing_value,not_a_text_check,"["""", ""16"", ""16""]",689ba857b662986f0c51103cd644677ab5ab39abcfe46a7de1d662ab68f080a7,"[""KTK5.086.A05""]",,[],False,False
BOITE,1,647da5fb5f499087fcd0884a51522f667954a9a98fad7df56f15010a523dc675,134D,REF_PM,,,UNAVAILABLE,True,missing_value,not_a_text_check,"["""", ""16"", ""16""]",689ba857b662986f0c51103cd644677ab5ab39abcfe46a7de1d662ab68f080a7,"[""KTK5.086.A05""]",,[],False,False
BOITE,1,647da5fb5f499087fcd0884a51522f667954a9a98fad7df56f15010a523dc675,134D,TYPE,,,UNAVAILABLE,True,missing_value,not_a_text_check,"["""", ""16"", ""16""]",689ba857b662986f0c51103cd644677ab5ab39abcfe46a7de1d662ab68f080a7,"[""KTK5.086.A05""]",,[],False,False
BOITE,1,647da5fb5f499087fcd0884a51522f667954a9a98fad7df56f15010a523dc675,134D,MODE_POSE,,,UNAVAILABLE,True,missing_value,not_a_text_check,"["""", ""16"", ""16""]",689ba857b662986f0c51103cd644677ab5ab39abcfe46a7de1d662ab68f080a7,"[""KTK5.086.A05""]",,[],False,False
BOITE,1,647da5fb5f499087fcd0884a51522f667954a9a98fad7df56f15010a523dc675,134D,CAPACITE,,,UNAVAILABLE,True,missing_value,not_a_text_check,"["""", ""16"", ""16""]",689ba857b662986f0c51103cd644677ab5ab39abcfe46a7de1d662ab68f080a7,"[""KTK5.086.A05""]",,[],False,False
BOITE,1,647da5fb5f499087fcd0884a51522f667954a9a98fad7df56f15010a523dc675,134D,NB_FIBRE_UTIL,,,UNAVAILABLE,True,missing_value,not_a_text_check,"["""", ""16"", ""16""]",689ba857b662986f0c51103cd644677ab5ab39abcfe46a7de1d662ab68f080a7,"[""KTK5.086.A05""]",,[],False,False
BOITE,1,647da5fb5f499087fcd0884a51522f667954a9a98fad7df56f15010a523dc675,134D,FABRIQUANT,,,UNAVAILABLE,True,missing_value,not_a_text_check,"["""", ""16"", ""16""]",689ba857b662986f0c51103cd644677ab5ab39abcfe46a7de1d662ab68f080a7,"[""KTK5.086.A05""]",,[],False,False
BOITE,1,647da5fb5f499087fcd0884a51522f667954a9a98fad7df56f15010a523dc675,134D,REF_BPE,,,UNAVAILABLE,True,missing_value,not_a_text_check,"["""", ""16"", ""16""]",689ba857b662986f0c51103cd644677ab5ab39abcfe46a7de1d662ab68f080a7,"[""KTK5.086.A05""]",,[],False,False
BOITE,1,647da5fb5f499087fcd0884a51522f667954a9a98fad7df56f15010a523dc675,134D,NB_CASSETTES_MAX,,,UNAVAILABLE,True,missing_value,not_a_text_check,"["""", ""16"", ""16""]",689ba857b662986f0c51103cd644677ab5ab39abcfe46a7de1d662ab68f080a7,"[""KTK5.086.A05""]",,[],False,False
BOITE,1,647da5fb5f499087fcd0884a51522f667954a9a98fad7df56f15010a523dc675,134D,CABLE_AMONT,,,UNAVAILABLE,True,missing_value,not_a_text_check,"["""", ""16"", ""16""]",689ba857b662986f0c51103cd644677ab5ab39abcfe46a7de1d662ab68f080a7,"[""KTK5.086.A05""]",,[],False,False
BOITE,1,647da5fb5f499087fcd0884a51522f667954a9a98fad7df56f15010a523dc675,134D,STATUT,,,UNAVAILABLE,True,missing_value,not_a_text_check,"["""", ""16"", ""16""]",689ba857b662986f0c51103cd644677ab5ab39abcfe46a7de1d662ab68f080a7,"[""KTK5.086.A05""]",,[],False,False
BOITE,1,647da5fb5f499087fcd0884a51522f667954a9a98fad7df56f15010a523dc675,134D,PROPRIETAIRE,,,UNAVAILABLE,True,missing_value,not_a_text_check,"["""", ""16"", ""16""]",689ba857b662986f0c51103cd644677ab5ab39abcfe46a7de1d662ab68f080a7,"[""KTK5.086.A05""]",,[],False,False
BOITE,1,647da5fb5f499087fcd0884a51522f667954a9a98fad7df56f15010a523dc675,134D,GESTIONNAIRE,,,UNAVAILABLE,True,missing_value,not_a_text_check,"["""", ""16"", ""16""]",689ba857b662986f0c51103cd644677ab5ab39abcfe46a7de1d662ab68f080a7,"[""KTK5.086.A05""]",,[],False,False
BOITE,1,647da5fb5f499087fcd0884a51522f667954a9a98fad7df56f15010a523dc675,134D,VILLE,,,UNAVAILABLE,True,missing_value,not_a_text_check,"["""", ""16"", ""16""]",689ba857b662986f0c51103cd644677ab5ab39abcfe46a7de1d662ab68f080a7,"[""KTK5.086.A05""]",,[],False,False
BOITE,1,647da5fb5f499087fcd0884a51522f667954a9a98fad7df56f15010a523dc675,134D,X,12543779.630440919,12543779.630440919,DWG_DERIVED:GEODATA+direct-CRS-transform,False,exact,not_a_text_check,"["""", ""16"", ""16""]",689ba857b662986f0c51103cd644677ab5ab39abcfe46a7de1d662ab68f080a7,"[""KTK5.086.A05""]",,[],False,False
BOITE,1,647da5fb5f499087fcd0884a51522f667954a9a98fad7df56f15010a523dc675,134D,Y,-821633.1787688575,-821633.1787688575,DWG_DERIVED:GEODATA+direct-CRS-transform,False,exact,not_a_text_check,"["""", ""16"", ""16""]",689ba857b662986f0c51103cd644677ab5ab39abcfe46a7de1d662ab68f080a7,"[""KTK5.086.A05""]",,[],False,False
BOITE,1,647da5fb5f499087fcd0884a51522f667954a9a98fad7df56f15010a523dc675,134D,display_label,KTK5.086.A05 · 16,KTK5.086.A05 · 16,DWG_DERIVED:AI-ANNOTATION-AUTO_FAT_2_KMZ_FDT_2-001|RULE:AI-ANNOTATION-ASSIGN-001|DWG_DIRECT:block-attribute-text,False,exact,verified_annotation_and_attribute_composition,"["""", ""16"", ""16""]",689ba857b662986f0c51103cd644677ab5ab39abcfe46a7de1d662ab68f080a7,"[""KTK5.086.A05""]",,[],False,False
BOITE,2,1473cc339c0d78129d9c671e4d2bbbc46c53477a865654d01c479b5c68f78df1,133E,CODE,KTK5.086.A02,KTK5.086.A02,DWG_DERIVED:AI-ANNOTATION-AUTO_FAT_2_KMZ_FDT_2-001|RULE:AI-ANNOTATION-ASSIGN-001,False,exact,verified_selected_annotation,"["""", ""13"", ""13""]",425632090aa1c168c5fd1b19a18678a59da0226c771f1916f66d7c7836334010,"[""KTK5.086.A02""]",,[],False,False
BOITE,2,1473cc339c0d78129d9c671e4d2bbbc46c53477a865654d01c479b5c68f78df1,133E,CODE_PTC,,,UNAVAILABLE,True,missing_value,not_a_text_check,"["""", ""13"", ""13""]",425632090aa1c168c5fd1b19a18678a59da0226c771f1916f66d7c7836334010,"[""KTK5.086.A02""]",,[],False,False
BOITE,2,1473cc339c0d78129d9c671e4d2bbbc46c53477a865654d01c479b5c68f78df1,133E,REF_PLAQUE,,,UNAVAILABLE,True,missing_value,not_a_text_check,"["""", ""13"", ""13""]",425632090aa1c168c5fd1b19a18678a59da0226c771f1916f66d7c7836334010,"[""KTK5.086.A02""]",,[],False,False
BOITE,2,1473cc339c0d78129d9c671e4d2bbbc46c53477a865654d01c479b5c68f78df1,133E,REF_PM,,,UNAVAILABLE,True,missing_value,not_a_text_check,"["""", ""13"", ""13""]",425632090aa1c168c5fd1b19a18678a59da0226c771f1916f66d7c7836334010,"[""KTK5.086.A02""]",,[],False,False
BOITE,2,1473cc339c0d78129d9c671e4d2bbbc46c53477a865654d01c479b5c68f78df1,133E,TYPE,,,UNAVAILABLE,True,missing_value,not_a_text_check,"["""", ""13"", ""13""]",425632090aa1c168c5fd1b19a18678a59da0226c771f1916f66d7c7836334010,"[""KTK5.086.A02""]",,[],False,False
BOITE,2,1473cc339c0d78129d9c671e4d2bbbc46c53477a865654d01c479b5c68f78df1,133E,MODE_POSE,,,UNAVAILABLE,True,missing_value,not_a_text_check,"["""", ""13"", ""13""]",425632090aa1c168c5fd1b19a18678a59da0226c771f1916f66d7c7836334010,"[""KTK5.086.A02""]",,[],False,False
BOITE,2,1473cc339c0d78129d9c671e4d2bbbc46c53477a865654d01c479b5c68f78df1,133E,CAPACITE,,,UNAVAILABLE,True,missing_value,not_a_text_check,"["""", ""13"", ""13""]",425632090aa1c168c5fd1b19a18678a59da0226c771f1916f66d7c7836334010,"[""KTK5.086.A02""]",,[],False,False
BOITE,2,1473cc339c0d78129d9c671e4d2bbbc46c53477a865654d01c479b5c68f78df1,133E,NB_FIBRE_UTIL,,,UNAVAILABLE,True,missing_value,not_a_text_check,"["""", ""13"", ""13""]",425632090aa1c168c5fd1b19a18678a59da0226c771f1916f66d7c7836334010,"[""KTK5.086.A02""]",,[],False,False
BOITE,2,1473cc339c0d78129d9c671e4d2bbbc46c53477a865654d01c479b5c68f78df1,133E,FABRIQUANT,,,UNAVAILABLE,True,missing_value,not_a_text_check,"["""", ""13"", ""13""]",425632090aa1c168c5fd1b19a18678a59da0226c771f1916f66d7c7836334010,"[""KTK5.086.A02""]",,[],False,False
BOITE,2,1473cc339c0d78129d9c671e4d2bbbc46c53477a865654d01c479b5c68f78df1,133E,REF_BPE,,,UNAVAILABLE,True,missing_value,not_a_text_check,"["""", ""13"", ""13""]",425632090aa1c168c5fd1b19a18678a59da0226c771f1916f66d7c7836334010,"[""KTK5.086.A02""]",,[],False,False
BOITE,2,1473cc339c0d78129d9c671e4d2bbbc46c53477a865654d01c479b5c68f78df1,133E,NB_CASSETTES_MAX,,,UNAVAILABLE,True,missing_value,not_a_text_check,"["""", ""13"", ""13""]",425632090aa1c168c5fd1b19a18678a59da0226c771f1916f66d7c7836334010,"[""KTK5.086.A02""]",,[],False,False
BOITE,2,1473cc339c0d78129d9c671e4d2bbbc46c53477a865654d01c479b5c68f78df1,133E,CABLE_AMONT,,,UNAVAILABLE,True,missing_value,not_a_text_check,"["""", ""13"", ""13""]",425632090aa1c168c5fd1b19a18678a59da0226c771f1916f66d7c7836334010,"[""KTK5.086.A02""]",,[],False,False
BOITE,2,1473cc339c0d78129d9c671e4d2bbbc46c53477a865654d01c479b5c68f78df1,133E,STATUT,,,UNAVAILABLE,True,missing_value,not_a_text_check,"["""", ""13"", ""13""]",425632090aa1c168c5fd1b19a18678a59da0226c771f1916f66d7c7836334010,"[""KTK5.086.A02""]",,[],False,False
BOITE,2,1473cc339c0d78129d9c671e4d2bbbc46c53477a865654d01c479b5c68f78df1,133E,PROPRIETAIRE,,,UNAVAILABLE,True,missing_value,not_a_text_check,"["""", ""13"", ""13""]",425632090aa1c168c5fd1b19a18678a59da0226c771f1916f66d7c7836334010,"[""KTK5.086.A02""]",,[],False,False
BOITE,2,1473cc339c0d78129d9c671e4d2bbbc46c53477a865654d01c479b5c68f78df1,133E,GESTIONNAIRE,,,UNAVAILABLE,True,missing_value,not_a_text_check,"["""", ""13"", ""13""]",425632090aa1c168c5fd1b19a18678a59da0226c771f1916f66d7c7836334010,"[""KTK5.086.A02""]",,[],False,False
BOITE,2,1473cc339c0d78129d9c671e4d2bbbc46c53477a865654d01c479b5c68f78df1,133E,VILLE,,,UNAVAILABLE,True,missing_value,not_a_text_check,"["""", ""13"", ""13""]",425632090aa1c168c5fd1b19a18678a59da0226c771f1916f66d7c7836334010,"[""KTK5.086.A02""]",,[],False,False
BOITE,2,1473cc339c0d78129d9c671e4d2bbbc46c53477a865654d01c479b5c68f78df1,133E,X,12543720.2766081,12543720.2766081,DWG_DERIVED:GEODATA+direct-CRS-transform,False,exact,not_a_text_check,"["""", ""13"", ""13""]",425632090aa1c168c5fd1b19a18678a59da0226c771f1916f66d7c7836334010,"[""KTK5.086.A02""]",,[],False,False
BOITE,2,1473cc339c0d78129d9c671e4d2bbbc46c53477a865654d01c479b5c68f78df1,133E,Y,-821519.3157303798,-821519.3157303798,DWG_DERIVED:GEODATA+direct-CRS-transform,False,exact,not_a_text_check,"["""", ""13"", ""13""]",425632090aa1c168c5fd1b19a18678a59da0226c771f1916f66d7c7836334010,"[""KTK5.086.A02""]",,[],False,False
BOITE,2,1473cc339c0d78129d9c671e4d2bbbc46c53477a865654d01c479b5c68f78df1,133E,display_label,KTK5.086.A02 · 13,KTK5.086.A02 · 13,DWG_DERIVED:AI-ANNOTATION-AUTO_FAT_2_KMZ_FDT_2-001|RULE:AI-ANNOTATION-ASSIGN-001|DWG_DIRECT:block-attribute-text,False,exact,verified_annotation_and_attribute_composition,"["""", ""13"", ""13""]",425632090aa1c168c5fd1b19a18678a59da0226c771f1916f66d7c7836334010,"[""KTK5.086.A02""]",,[],False,False
BOITE,3,09ada8c180ae191fb1bf793ff2321392c4857b6c0622efd6017d75065327986b,1348,CODE,KTK5.086.A04,KTK5.086.A04,DWG_DERIVED:AI-ANNOTATION-AUTO_FAT_2_KMZ_FDT_2-001|RULE:AI-ANNOTATION-ASSIGN-001,False,exact,verified_selected_annotation,"["""", ""13"", ""13""]",2215cd0b5782d6ad4c57e8fbba764ea53602a9cc9d2676f0a22067cdf5a4404f,"[""KTK5.086.A04""]",,[],False,False
BOITE,3,09ada8c180ae191fb1bf793ff2321392c4857b6c0622efd6017d75065327986b,1348,CODE_PTC,,,UNAVAILABLE,True,missing_value,not_a_text_check,"["""", ""13"", ""13""]",2215cd0b5782d6ad4c57e8fbba764ea53602a9cc9d2676f0a22067cdf5a4404f,"[""KTK5.086.A04""]",,[],False,False
BOITE,3,09ada8c180ae191fb1bf793ff2321392c4857b6c0622efd6017d75065327986b,1348,REF_PLAQUE,,,UNAVAILABLE,True,missing_value,not_a_text_check,"["""", ""13"", ""13""]",2215cd0b5782d6ad4c57e8fbba764ea53602a9cc9d2676f0a22067cdf5a4404f,"[""KTK5.086.A04""]",,[],False,False
BOITE,3,09ada8c180ae191fb1bf793ff2321392c4857b6c0622efd6017d75065327986b,1348,REF_PM,,,UNAVAILABLE,True,missing_value,not_a_text_check,"["""", ""13"", ""13""]",2215cd0b5782d6ad4c57e8fbba764ea53602a9cc9d2676f0a22067cdf5a4404f,"[""KTK5.086.A04""]",,[],False,False
BOITE,3,09ada8c180ae191fb1bf793ff2321392c4857b6c0622efd6017d75065327986b,1348,TYPE,,,UNAVAILABLE,True,missing_value,not_a_text_check,"["""", ""13"", ""13""]",2215cd0b5782d6ad4c57e8fbba764ea53602a9cc9d2676f0a22067cdf5a4404f,"[""KTK5.086.A04""]",,[],False,False
BOITE,3,09ada8c180ae191fb1bf793ff2321392c4857b6c0622efd6017d75065327986b,1348,MODE_POSE,,,UNAVAILABLE,True,missing_value,not_a_text_check,"["""", ""13"", ""13""]",2215cd0b5782d6ad4c57e8fbba764ea53602a9cc9d2676f0a22067cdf5a4404f,"[""KTK5.086.A04""]",,[],False,False
BOITE,3,09ada8c180ae191fb1bf793ff2321392c4857b6c0622efd6017d75065327986b,1348,CAPACITE,,,UNAVAILABLE,True,missing_value,not_a_text_check,"["""", ""13"", ""13""]",2215cd0b5782d6ad4c57e8fbba764ea53602a9cc9d2676f0a22067cdf5a4404f,"[""KTK5.086.A04""]",,[],False,False
BOITE,3,09ada8c180ae191fb1bf793ff2321392c4857b6c0622efd6017d75065327986b,1348,NB_FIBRE_UTIL,,,UNAVAILABLE,True,missing_value,not_a_text_check,"["""", ""13"", ""13""]",2215cd0b5782d6ad4c57e8fbba764ea53602a9cc9d2676f0a22067cdf5a4404f,"[""KTK5.086.A04""]",,[],False,False
BOITE,3,09ada8c180ae191fb1bf793ff2321392c4857b6c0622efd6017d75065327986b,1348,FABRIQUANT,,,UNAVAILABLE,True,missing_value,not_a_text_check,"["""", ""13"", ""13""]",2215cd0b5782d6ad4c57e8fbba764ea53602a9cc9d2676f0a22067cdf5a4404f,"[""KTK5.086.A04""]",,[],False,False
BOITE,3,09ada8c180ae191fb1bf793ff2321392c4857b6c0622efd6017d75065327986b,1348,REF_BPE,,,UNAVAILABLE,True,missing_value,not_a_text_check,"["""", ""13"", ""13""]",2215cd0b5782d6ad4c57e8fbba764ea53602a9cc9d2676f0a22067cdf5a4404f,"[""KTK5.086.A04""]",,[],False,False
BOITE,3,09ada8c180ae191fb1bf793ff2321392c4857b6c0622efd6017d75065327986b,1348,NB_CASSETTES_MAX,,,UNAVAILABLE,True,missing_value,not_a_text_check,"["""", ""13"", ""13""]",2215cd0b5782d6ad4c57e8fbba764ea53602a9cc9d2676f0a22067cdf5a4404f,"[""KTK5.086.A04""]",,[],False,False
BOITE,3,09ada8c180ae191fb1bf793ff2321392c4857b6c0622efd6017d75065327986b,1348,CABLE_AMONT,,,UNAVAILABLE,True,missing_value,not_a_text_check,"["""", ""13"", ""13""]",2215cd0b5782d6ad4c57e8fbba764ea53602a9cc9d2676f0a22067cdf5a4404f,"[""KTK5.086.A04""]",,[],False,False
BOITE,3,09ada8c180ae191fb1bf793ff2321392c4857b6c0622efd6017d75065327986b,1348,STATUT,,,UNAVAILABLE,True,missing_value,not_a_text_check,"["""", ""13"", ""13""]",2215cd0b5782d6ad4c57e8fbba764ea53602a9cc9d2676f0a22067cdf5a4404f,"[""KTK5.086.A04""]",,[],False,False
BOITE,3,09ada8c180ae191fb1bf793ff2321392c4857b6c0622efd6017d75065327986b,1348,PROPRIETAIRE,,,UNAVAILABLE,True,missing_value,not_a_text_check,"["""", ""13"", ""13""]",2215cd0b5782d6ad4c57e8fbba764ea53602a9cc9d2676f0a22067cdf5a4404f,"[""KTK5.086.A04""]",,[],False,False
BOITE,3,09ada8c180ae191fb1bf793ff2321392c4857b6c0622efd6017d75065327986b,1348,GESTIONNAIRE,,,UNAVAILABLE,True,missing_value,not_a_text_check,"["""", ""13"", ""13""]",2215cd0b5782d6ad4c57e8fbba764ea53602a9cc9d2676f0a22067cdf5a4404f,"[""KTK5.086.A04""]",,[],False,False
BOITE,3,09ada8c180ae191fb1bf793ff2321392c4857b6c0622efd6017d75065327986b,1348,VILLE,,,UNAVAILABLE,True,missing_value,not_a_text_check,"["""", ""13"", ""13""]",2215cd0b5782d6ad4c57e8fbba764ea53602a9cc9d2676f0a22067cdf5a4404f,"[""KTK5.086.A04""]",,[],False,False
BOITE,3,09ada8c180ae191fb1bf793ff2321392c4857b6c0622efd6017d75065327986b,1348,X,12543621.30334845,12543621.30334845,DWG_DERIVED:GEODATA+direct-CRS-transform,False,exact,not_a_text_check,"["""", ""13"", ""13""]",2215cd0b5782d6ad4c57e8fbba764ea53602a9cc9d2676f0a22067cdf5a4404f,"[""KTK5.086.A04""]",,[],False,False
BOITE,3,09ada8c180ae191fb1bf793ff2321392c4857b6c0622efd6017d75065327986b,1348,Y,-821598.9599408892,-821598.9599408892,DWG_DERIVED:GEODATA+direct-CRS-transform,False,exact,not_a_text_check,"["""", ""13"", ""13""]",2215cd0b5782d6ad4c57e8fbba764ea53602a9cc9d2676f0a22067cdf5a4404f,"[""KTK5.086.A04""]",,[],False,False
BOITE,3,09ada8c180ae191fb1bf793ff2321392c4857b6c0622efd6017d75065327986b,1348,display_label,KTK5.086.A04 · 13,KTK5.086.A04 · 13,DWG_DERIVED:AI-ANNOTATION-AUTO_FAT_2_KMZ_FDT_2-001|RULE:AI-ANNOTATION-ASSIGN-001|DWG_DIRECT:block-attribute-text,False,exact,verified_annotation_and_attribute_composition,"["""", ""13"", ""13""]",2215cd0b5782d6ad4c57e8fbba764ea53602a9cc9d2676f0a22067cdf5a4404f,"[""KTK5.086.A04""]",,[],False,False
BOITE,4,65c8472fb64a39dd586a3d9064d50880e61da49bc074aec5b303e32e4a9391fe,1343,CODE,KTK5.086.A03,KTK5.086.A03,DWG_DERIVED:AI-ANNOTATION-AUTO_FAT_2_KMZ_FDT_2-001|RULE:AI-ANNOTATION-ASSIGN-001,False,exact,verified_selected_annotation,"["""", ""16"", ""16""]",89796a0d3ec01c0173823521a591daed227bf4bcbd535fbda5e316f4823e1ab5,"[""KTK5.086.A03""]",,[],False,False
BOITE,4,65c8472fb64a39dd586a3d9064d50880e61da49bc074aec5b303e32e4a9391fe,1343,CODE_PTC,,,UNAVAILABLE,True,missing_value,not_a_text_check,"["""", ""16"", ""16""]",89796a0d3ec01c0173823521a591daed227bf4bcbd535fbda5e316f4823e1ab5,"[""KTK5.086.A03""]",,[],False,False
BOITE,4,65c8472fb64a39dd586a3d9064d50880e61da49bc074aec5b303e32e4a9391fe,1343,REF_PLAQUE,,,UNAVAILABLE,True,missing_value,not_a_text_check,"["""", ""16"", ""16""]",89796a0d3ec01c0173823521a591daed227bf4bcbd535fbda5e316f4823e1ab5,"[""KTK5.086.A03""]",,[],False,False
BOITE,4,65c8472fb64a39dd586a3d9064d50880e61da49bc074aec5b303e32e4a9391fe,1343,REF_PM,,,UNAVAILABLE,True,missing_value,not_a_text_check,"["""", ""16"", ""16""]",89796a0d3ec01c0173823521a591daed227bf4bcbd535fbda5e316f4823e1ab5,"[""KTK5.086.A03""]",,[],False,False
BOITE,4,65c8472fb64a39dd586a3d9064d50880e61da49bc074aec5b303e32e4a9391fe,1343,TYPE,,,UNAVAILABLE,True,missing_value,not_a_text_check,"["""", ""16"", ""16""]",89796a0d3ec01c0173823521a591daed227bf4bcbd535fbda5e316f4823e1ab5,"[""KTK5.086.A03""]",,[],False,False
BOITE,4,65c8472fb64a39dd586a3d9064d50880e61da49bc074aec5b303e32e4a9391fe,1343,MODE_POSE,,,UNAVAILABLE,True,missing_value,not_a_text_check,"["""", ""16"", ""16""]",89796a0d3ec01c0173823521a591daed227bf4bcbd535fbda5e316f4823e1ab5,"[""KTK5.086.A03""]",,[],False,False
BOITE,4,65c8472fb64a39dd586a3d9064d50880e61da49bc074aec5b303e32e4a9391fe,1343,CAPACITE,,,UNAVAILABLE,True,missing_value,not_a_text_check,"["""", ""16"", ""16""]",89796a0d3ec01c0173823521a591daed227bf4bcbd535fbda5e316f4823e1ab5,"[""KTK5.086.A03""]",,[],False,False
BOITE,4,65c8472fb64a39dd586a3d9064d50880e61da49bc074aec5b303e32e4a9391fe,1343,NB_FIBRE_UTIL,,,UNAVAILABLE,True,missing_value,not_a_text_check,"["""", ""16"", ""16""]",89796a0d3ec01c0173823521a591daed227bf4bcbd535fbda5e316f4823e1ab5,"[""KTK5.086.A03""]",,[],False,False
BOITE,4,65c8472fb64a39dd586a3d9064d50880e61da49bc074aec5b303e32e4a9391fe,1343,FABRIQUANT,,,UNAVAILABLE,True,missing_value,not_a_text_check,"["""", ""16"", ""16""]",89796a0d3ec01c0173823521a591daed227bf4bcbd535fbda5e316f4823e1ab5,"[""KTK5.086.A03""]",,[],False,False
BOITE,4,65c8472fb64a39dd586a3d9064d50880e61da49bc074aec5b303e32e4a9391fe,1343,REF_BPE,,,UNAVAILABLE,True,missing_value,not_a_text_check,"["""", ""16"", ""16""]",89796a0d3ec01c0173823521a591daed227bf4bcbd535fbda5e316f4823e1ab5,"[""KTK5.086.A03""]",,[],False,False
BOITE,4,65c8472fb64a39dd586a3d9064d50880e61da49bc074aec5b303e32e4a9391fe,1343,NB_CASSETTES_MAX,,,UNAVAILABLE,True,missing_value,not_a_text_check,"["""", ""16"", ""16""]",89796a0d3ec01c0173823521a591daed227bf4bcbd535fbda5e316f4823e1ab5,"[""KTK5.086.A03""]",,[],False,False
BOITE,4,65c8472fb64a39dd586a3d9064d50880e61da49bc074aec5b303e32e4a9391fe,1343,CABLE_AMONT,,,UNAVAILABLE,True,missing_value,not_a_text_check,"["""", ""16"", ""16""]",89796a0d3ec01c0173823521a591daed227bf4bcbd535fbda5e316f4823e1ab5,"[""KTK5.086.A03""]",,[],False,False
BOITE,4,65c8472fb64a39dd586a3d9064d50880e61da49bc074aec5b303e32e4a9391fe,1343,STATUT,,,UNAVAILABLE,True,missing_value,not_a_text_check,"["""", ""16"", ""16""]",89796a0d3ec01c0173823521a591daed227bf4bcbd535fbda5e316f4823e1ab5,"[""KTK5.086.A03""]",,[],False,False
BOITE,4,65c8472fb64a39dd586a3d9064d50880e61da49bc074aec5b303e32e4a9391fe,1343,PROPRIETAIRE,,,UNAVAILABLE,True,missing_value,not_a_text_check,"["""", ""16"", ""16""]",89796a0d3ec01c0173823521a591daed227bf4bcbd535fbda5e316f4823e1ab5,"[""KTK5.086.A03""]",,[],False,False
BOITE,4,65c8472fb64a39dd586a3d9064d50880e61da49bc074aec5b303e32e4a9391fe,1343,GESTIONNAIRE,,,UNAVAILABLE,True,missing_value,not_a_text_check,"["""", ""16"", ""16""]",89796a0d3ec01c0173823521a591daed227bf4bcbd535fbda5e316f4823e1ab5,"[""KTK5.086.A03""]",,[],False,False
BOITE,4,65c8472fb64a39dd586a3d9064d50880e61da49bc074aec5b303e32e4a9391fe,1343,VILLE,,,UNAVAILABLE,True,missing_value,not_a_text_check,"["""", ""16"", ""16""]",89796a0d3ec01c0173823521a591daed227bf4bcbd535fbda5e316f4823e1ab5,"[""KTK5.086.A03""]",,[],False,False
BOITE,4,65c8472fb64a39dd586a3d9064d50880e61da49bc074aec5b303e32e4a9391fe,1343,X,12543713.579504047,12543713.579504047,DWG_DERIVED:GEODATA+direct-CRS-transform,False,exact,not_a_text_check,"["""", ""16"", ""16""]",89796a0d3ec01c0173823521a591daed227bf4bcbd535fbda5e316f4823e1ab5,"[""KTK5.086.A03""]",,[],False,False
BOITE,4,65c8472fb64a39dd586a3d9064d50880e61da49bc074aec5b303e32e4a9391fe,1343,Y,-821571.1986222609,-821571.1986222609,DWG_DERIVED:GEODATA+direct-CRS-transform,False,exact,not_a_text_check,"["""", ""16"", ""16""]",89796a0d3ec01c0173823521a591daed227bf4bcbd535fbda5e316f4823e1ab5,"[""KTK5.086.A03""]",,[],False,False
BOITE,4,65c8472fb64a39dd586a3d9064d50880e61da49bc074aec5b303e32e4a9391fe,1343,display_label,KTK5.086.A03 · 16,KTK5.086.A03 · 16,DWG_DERIVED:AI-ANNOTATION-AUTO_FAT_2_KMZ_FDT_2-001|RULE:AI-ANNOTATION-ASSIGN-001|DWG_DIRECT:block-attribute-text,False,exact,verified_annotation_and_attribute_composition,"["""", ""16"", ""16""]",89796a0d3ec01c0173823521a591daed227bf4bcbd535fbda5e316f4823e1ab5,"[""KTK5.086.A03""]",,[],False,False
BOITE,5,e1e049ccf4a609851f99037673d9accd654e1a0c243c2ede37e9b05e17f2c970,1352,CODE,KTK5.086.B02,KTK5.086.B02,DWG_DERIVED:AI-ANNOTATION-AUTO_FAT_2_KMZ_FDT_2-001|RULE:AI-ANNOTATION-ASSIGN-001,False,exact,verified_selected_annotation,"["""", ""13"", ""13""]",737fe3e52094b53f30c5d458b336a3a47f661ff303cb6cffde6cf78a0059a1f8,"[""KTK5.086.B02""]",,[],False,False
BOITE,5,e1e049ccf4a609851f99037673d9accd654e1a0c243c2ede37e9b05e17f2c970,1352,CODE_PTC,,,UNAVAILABLE,True,missing_value,not_a_text_check,"["""", ""13"", ""13""]",737fe3e52094b53f30c5d458b336a3a47f661ff303cb6cffde6cf78a0059a1f8,"[""KTK5.086.B02""]",,[],False,False
BOITE,5,e1e049ccf4a609851f99037673d9accd654e1a0c243c2ede37e9b05e17f2c970,1352,REF_PLAQUE,,,UNAVAILABLE,True,missing_value,not_a_text_check,"["""", ""13"", ""13""]",737fe3e52094b53f30c5d458b336a3a47f661ff303cb6cffde6cf78a0059a1f8,"[""KTK5.086.B02""]",,[],False,False
BOITE,5,e1e049ccf4a609851f99037673d9accd654e1a0c243c2ede37e9b05e17f2c970,1352,REF_PM,,,UNAVAILABLE,True,missing_value,not_a_text_check,"["""", ""13"", ""13""]",737fe3e52094b53f30c5d458b336a3a47f661ff303cb6cffde6cf78a0059a1f8,"[""KTK5.086.B02""]",,[],False,False
BOITE,5,e1e049ccf4a609851f99037673d9accd654e1a0c243c2ede37e9b05e17f2c970,1352,TYPE,,,UNAVAILABLE,True,missing_value,not_a_text_check,"["""", ""13"", ""13""]",737fe3e52094b53f30c5d458b336a3a47f661ff303cb6cffde6cf78a0059a1f8,"[""KTK5.086.B02""]",,[],False,False
BOITE,5,e1e049ccf4a609851f99037673d9accd654e1a0c243c2ede37e9b05e17f2c970,1352,MODE_POSE,,,UNAVAILABLE,True,missing_value,not_a_text_check,"["""", ""13"", ""13""]",737fe3e52094b53f30c5d458b336a3a47f661ff303cb6cffde6cf78a0059a1f8,"[""KTK5.086.B02""]",,[],False,False
BOITE,5,e1e049ccf4a609851f99037673d9accd654e1a0c243c2ede37e9b05e17f2c970,1352,CAPACITE,,,UNAVAILABLE,True,missing_value,not_a_text_check,"["""", ""13"", ""13""]",737fe3e52094b53f30c5d458b336a3a47f661ff303cb6cffde6cf78a0059a1f8,"[""KTK5.086.B02""]",,[],False,False
BOITE,5,e1e049ccf4a609851f99037673d9accd654e1a0c243c2ede37e9b05e17f2c970,1352,NB_FIBRE_UTIL,,,UNAVAILABLE,True,missing_value,not_a_text_check,"["""", ""13"", ""13""]",737fe3e52094b53f30c5d458b336a3a47f661ff303cb6cffde6cf78a0059a1f8,"[""KTK5.086.B02""]",,[],False,False
BOITE,5,e1e049ccf4a609851f99037673d9accd654e1a0c243c2ede37e9b05e17f2c970,1352,FABRIQUANT,,,UNAVAILABLE,True,missing_value,not_a_text_check,"["""", ""13"", ""13""]",737fe3e52094b53f30c5d458b336a3a47f661ff303cb6cffde6cf78a0059a1f8,"[""KTK5.086.B02""]",,[],False,False
BOITE,5,e1e049ccf4a609851f99037673d9accd654e1a0c243c2ede37e9b05e17f2c970,1352,REF_BPE,,,UNAVAILABLE,True,missing_value,not_a_text_check,"["""", ""13"", ""13""]",737fe3e52094b53f30c5d458b336a3a47f661ff303cb6cffde6cf78a0059a1f8,"[""KTK5.086.B02""]",,[],False,False
BOITE,5,e1e049ccf4a609851f99037673d9accd654e1a0c243c2ede37e9b05e17f2c970,1352,NB_CASSETTES_MAX,,,UNAVAILABLE,True,missing_value,not_a_text_check,"["""", ""13"", ""13""]",737fe3e52094b53f30c5d458b336a3a47f661ff303cb6cffde6cf78a0059a1f8,"[""KTK5.086.B02""]",,[],False,False
BOITE,5,e1e049ccf4a609851f99037673d9accd654e1a0c243c2ede37e9b05e17f2c970,1352,CABLE_AMONT,,,UNAVAILABLE,True,missing_value,not_a_text_check,"["""", ""13"", ""13""]",737fe3e52094b53f30c5d458b336a3a47f661ff303cb6cffde6cf78a0059a1f8,"[""KTK5.086.B02""]",,[],False,False
BOITE,5,e1e049ccf4a609851f99037673d9accd654e1a0c243c2ede37e9b05e17f2c970,1352,STATUT,,,UNAVAILABLE,True,missing_value,not_a_text_check,"["""", ""13"", ""13""]",737fe3e52094b53f30c5d458b336a3a47f661ff303cb6cffde6cf78a0059a1f8,"[""KTK5.086.B02""]",,[],False,False
BOITE,5,e1e049ccf4a609851f99037673d9accd654e1a0c243c2ede37e9b05e17f2c970,1352,PROPRIETAIRE,,,UNAVAILABLE,True,missing_value,not_a_text_check,"["""", ""13"", ""13""]",737fe3e52094b53f30c5d458b336a3a47f661ff303cb6cffde6cf78a0059a1f8,"[""KTK5.086.B02""]",,[],False,False
BOITE,5,e1e049ccf4a609851f99037673d9accd654e1a0c243c2ede37e9b05e17f2c970,1352,GESTIONNAIRE,,,UNAVAILABLE,True,missing_value,not_a_text_check,"["""", ""13"", ""13""]",737fe3e52094b53f30c5d458b336a3a47f661ff303cb6cffde6cf78a0059a1f8,"[""KTK5.086.B02""]",,[],False,False
BOITE,5,e1e049ccf4a609851f99037673d9accd654e1a0c243c2ede37e9b05e17f2c970,1352,VILLE,,,UNAVAILABLE,True,missing_value,not_a_text_check,"["""", ""13"", ""13""]",737fe3e52094b53f30c5d458b336a3a47f661ff303cb6cffde6cf78a0059a1f8,"[""KTK5.086.B02""]",,[],False,False
BOITE,5,e1e049ccf4a609851f99037673d9accd654e1a0c243c2ede37e9b05e17f2c970,1352,X,12543589.334066356,12543589.334066356,DWG_DERIVED:GEODATA+direct-CRS-transform,False,exact,not_a_text_check,"["""", ""13"", ""13""]",737fe3e52094b53f30c5d458b336a3a47f661ff303cb6cffde6cf78a0059a1f8,"[""KTK5.086.B02""]",,[],False,False
BOITE,5,e1e049ccf4a609851f99037673d9accd654e1a0c243c2ede37e9b05e17f2c970,1352,Y,-821567.466021585,-821567.466021585,DWG_DERIVED:GEODATA+direct-CRS-transform,False,exact,not_a_text_check,"["""", ""13"", ""13""]",737fe3e52094b53f30c5d458b336a3a47f661ff303cb6cffde6cf78a0059a1f8,"[""KTK5.086.B02""]",,[],False,False
BOITE,5,e1e049ccf4a609851f99037673d9accd654e1a0c243c2ede37e9b05e17f2c970,1352,display_label,KTK5.086.B02 · 13,KTK5.086.B02 · 13,DWG_DERIVED:AI-ANNOTATION-AUTO_FAT_2_KMZ_FDT_2-001|RULE:AI-ANNOTATION-ASSIGN-001|DWG_DIRECT:block-attribute-text,False,exact,verified_annotation_and_attribute_composition,"["""", ""13"", ""13""]",737fe3e52094b53f30c5d458b336a3a47f661ff303cb6cffde6cf78a0059a1f8,"[""KTK5.086.B02""]",,[],False,False
BOITE,6,69c91fabe701d55ddb2eae49a833b3c089b844eaf051cb0bcfe8304e44a8be27,1357,CODE,KTK5.086.B01,KTK5.086.B01,DWG_DERIVED:AI-ANNOTATION-AUTO_FAT_2_KMZ_FDT_2-001|RULE:AI-ANNOTATION-ASSIGN-001,False,exact,verified_selected_annotation,"["""", ""16"", ""16""]",3aa92b6956d6d5765297da911d2dabdcdfc6b80361d1f5785bfd811d48f3792e,"[""KTK5.086.B01""]",,[],False,False
BOITE,6,69c91fabe701d55ddb2eae49a833b3c089b844eaf051cb0bcfe8304e44a8be27,1357,CODE_PTC,,,UNAVAILABLE,True,missing_value,not_a_text_check,"["""", ""16"", ""16""]",3aa92b6956d6d5765297da911d2dabdcdfc6b80361d1f5785bfd811d48f3792e,"[""KTK5.086.B01""]",,[],False,False
BOITE,6,69c91fabe701d55ddb2eae49a833b3c089b844eaf051cb0bcfe8304e44a8be27,1357,REF_PLAQUE,,,UNAVAILABLE,True,missing_value,not_a_text_check,"["""", ""16"", ""16""]",3aa92b6956d6d5765297da911d2dabdcdfc6b80361d1f5785bfd811d48f3792e,"[""KTK5.086.B01""]",,[],False,False
BOITE,6,69c91fabe701d55ddb2eae49a833b3c089b844eaf051cb0bcfe8304e44a8be27,1357,REF_PM,,,UNAVAILABLE,True,missing_value,not_a_text_check,"["""", ""16"", ""16""]",3aa92b6956d6d5765297da911d2dabdcdfc6b80361d1f5785bfd811d48f3792e,"[""KTK5.086.B01""]",,[],False,False
BOITE,6,69c91fabe701d55ddb2eae49a833b3c089b844eaf051cb0bcfe8304e44a8be27,1357,TYPE,,,UNAVAILABLE,True,missing_value,not_a_text_check,"["""", ""16"", ""16""]",3aa92b6956d6d5765297da911d2dabdcdfc6b80361d1f5785bfd811d48f3792e,"[""KTK5.086.B01""]",,[],False,False
BOITE,6,69c91fabe701d55ddb2eae49a833b3c089b844eaf051cb0bcfe8304e44a8be27,1357,MODE_POSE,,,UNAVAILABLE,True,missing_value,not_a_text_check,"["""", ""16"", ""16""]",3aa92b6956d6d5765297da911d2dabdcdfc6b80361d1f5785bfd811d48f3792e,"[""KTK5.086.B01""]",,[],False,False
BOITE,6,69c91fabe701d55ddb2eae49a833b3c089b844eaf051cb0bcfe8304e44a8be27,1357,CAPACITE,,,UNAVAILABLE,True,missing_value,not_a_text_check,"["""", ""16"", ""16""]",3aa92b6956d6d5765297da911d2dabdcdfc6b80361d1f5785bfd811d48f3792e,"[""KTK5.086.B01""]",,[],False,False
BOITE,6,69c91fabe701d55ddb2eae49a833b3c089b844eaf051cb0bcfe8304e44a8be27,1357,NB_FIBRE_UTIL,,,UNAVAILABLE,True,missing_value,not_a_text_check,"["""", ""16"", ""16""]",3aa92b6956d6d5765297da911d2dabdcdfc6b80361d1f5785bfd811d48f3792e,"[""KTK5.086.B01""]",,[],False,False
BOITE,6,69c91fabe701d55ddb2eae49a833b3c089b844eaf051cb0bcfe8304e44a8be27,1357,FABRIQUANT,,,UNAVAILABLE,True,missing_value,not_a_text_check,"["""", ""16"", ""16""]",3aa92b6956d6d5765297da911d2dabdcdfc6b80361d1f5785bfd811d48f3792e,"[""KTK5.086.B01""]",,[],False,False
BOITE,6,69c91fabe701d55ddb2eae49a833b3c089b844eaf051cb0bcfe8304e44a8be27,1357,REF_BPE,,,UNAVAILABLE,True,missing_value,not_a_text_check,"["""", ""16"", ""16""]",3aa92b6956d6d5765297da911d2dabdcdfc6b80361d1f5785bfd811d48f3792e,"[""KTK5.086.B01""]",,[],False,False
BOITE,6,69c91fabe701d55ddb2eae49a833b3c089b844eaf051cb0bcfe8304e44a8be27,1357,NB_CASSETTES_MAX,,,UNAVAILABLE,True,missing_value,not_a_text_check,"["""", ""16"", ""16""]",3aa92b6956d6d5765297da911d2dabdcdfc6b80361d1f5785bfd811d48f3792e,"[""KTK5.086.B01""]",,[],False,False
BOITE,6,69c91fabe701d55ddb2eae49a833b3c089b844eaf051cb0bcfe8304e44a8be27,1357,CABLE_AMONT,,,UNAVAILABLE,True,missing_value,not_a_text_check,"["""", ""16"", ""16""]",3aa92b6956d6d5765297da911d2dabdcdfc6b80361d1f5785bfd811d48f3792e,"[""KTK5.086.B01""]",,[],False,False
BOITE,6,69c91fabe701d55ddb2eae49a833b3c089b844eaf051cb0bcfe8304e44a8be27,1357,STATUT,,,UNAVAILABLE,True,missing_value,not_a_text_check,"["""", ""16"", ""16""]",3aa92b6956d6d5765297da911d2dabdcdfc6b80361d1f5785bfd811d48f3792e,"[""KTK5.086.B01""]",,[],False,False
BOITE,6,69c91fabe701d55ddb2eae49a833b3c089b844eaf051cb0bcfe8304e44a8be27,1357,PROPRIETAIRE,,,UNAVAILABLE,True,missing_value,not_a_text_check,"["""", ""16"", ""16""]",3aa92b6956d6d5765297da911d2dabdcdfc6b80361d1f5785bfd811d48f3792e,"[""KTK5.086.B01""]",,[],False,False
BOITE,6,69c91fabe701d55ddb2eae49a833b3c089b844eaf051cb0bcfe8304e44a8be27,1357,GESTIONNAIRE,,,UNAVAILABLE,True,missing_value,not_a_text_check,"["""", ""16"", ""16""]",3aa92b6956d6d5765297da911d2dabdcdfc6b80361d1f5785bfd811d48f3792e,"[""KTK5.086.B01""]",,[],False,False
BOITE,6,69c91fabe701d55ddb2eae49a833b3c089b844eaf051cb0bcfe8304e44a8be27,1357,VILLE,,,UNAVAILABLE,True,missing_value,not_a_text_check,"["""", ""16"", ""16""]",3aa92b6956d6d5765297da911d2dabdcdfc6b80361d1f5785bfd811d48f3792e,"[""KTK5.086.B01""]",,[],False,False
BOITE,6,69c91fabe701d55ddb2eae49a833b3c089b844eaf051cb0bcfe8304e44a8be27,1357,X,12543630.593608852,12543630.593608852,DWG_DERIVED:GEODATA+direct-CRS-transform,False,exact,not_a_text_check,"["""", ""16"", ""16""]",3aa92b6956d6d5765297da911d2dabdcdfc6b80361d1f5785bfd811d48f3792e,"[""KTK5.086.B01""]",,[],False,False
BOITE,6,69c91fabe701d55ddb2eae49a833b3c089b844eaf051cb0bcfe8304e44a8be27,1357,Y,-821464.6157870387,-821464.6157870387,DWG_DERIVED:GEODATA+direct-CRS-transform,False,exact,not_a_text_check,"["""", ""16"", ""16""]",3aa92b6956d6d5765297da911d2dabdcdfc6b80361d1f5785bfd811d48f3792e,"[""KTK5.086.B01""]",,[],False,False
BOITE,6,69c91fabe701d55ddb2eae49a833b3c089b844eaf051cb0bcfe8304e44a8be27,1357,display_label,KTK5.086.B01 · 16,KTK5.086.B01 · 16,DWG_DERIVED:AI-ANNOTATION-AUTO_FAT_2_KMZ_FDT_2-001|RULE:AI-ANNOTATION-ASSIGN-001|DWG_DIRECT:block-attribute-text,False,exact,verified_annotation_and_attribute_composition,"["""", ""16"", ""16""]",3aa92b6956d6d5765297da911d2dabdcdfc6b80361d1f5785bfd811d48f3792e,"[""KTK5.086.B01""]",,[],False,False
BOITE,7,db627e60c7181a2532fd83300dc9084eecafe898049e8340c5fa83ab0ebb1ae9,1361,CODE,KTK5.086.C02,KTK5.086.C02,DWG_DERIVED:AI-ANNOTATION-AUTO_FAT_2_KMZ_FDT_2-001|RULE:AI-ANNOTATION-ASSIGN-001,False,exact,verified_selected_annotation,"["""", ""14"", ""14""]",675d779211bdad479c4c6075a133e641d133e6a7b2157e0daef4dd96b029568f,"[""KTK5.086.C02""]",,[],False,False
BOITE,7,db627e60c7181a2532fd83300dc9084eecafe898049e8340c5fa83ab0ebb1ae9,1361,CODE_PTC,,,UNAVAILABLE,True,missing_value,not_a_text_check,"["""", ""14"", ""14""]",675d779211bdad479c4c6075a133e641d133e6a7b2157e0daef4dd96b029568f,"[""KTK5.086.C02""]",,[],False,False
BOITE,7,db627e60c7181a2532fd83300dc9084eecafe898049e8340c5fa83ab0ebb1ae9,1361,REF_PLAQUE,,,UNAVAILABLE,True,missing_value,not_a_text_check,"["""", ""14"", ""14""]",675d779211bdad479c4c6075a133e641d133e6a7b2157e0daef4dd96b029568f,"[""KTK5.086.C02""]",,[],False,False
BOITE,7,db627e60c7181a2532fd83300dc9084eecafe898049e8340c5fa83ab0ebb1ae9,1361,REF_PM,,,UNAVAILABLE,True,missing_value,not_a_text_check,"["""", ""14"", ""14""]",675d779211bdad479c4c6075a133e641d133e6a7b2157e0daef4dd96b029568f,"[""KTK5.086.C02""]",,[],False,False
BOITE,7,db627e60c7181a2532fd83300dc9084eecafe898049e8340c5fa83ab0ebb1ae9,1361,TYPE,,,UNAVAILABLE,True,missing_value,not_a_text_check,"["""", ""14"", ""14""]",675d779211bdad479c4c6075a133e641d133e6a7b2157e0daef4dd96b029568f,"[""KTK5.086.C02""]",,[],False,False
BOITE,7,db627e60c7181a2532fd83300dc9084eecafe898049e8340c5fa83ab0ebb1ae9,1361,MODE_POSE,,,UNAVAILABLE,True,missing_value,not_a_text_check,"["""", ""14"", ""14""]",675d779211bdad479c4c6075a133e641d133e6a7b2157e0daef4dd96b029568f,"[""KTK5.086.C02""]",,[],False,False
BOITE,7,db627e60c7181a2532fd83300dc9084eecafe898049e8340c5fa83ab0ebb1ae9,1361,CAPACITE,,,UNAVAILABLE,True,missing_value,not_a_text_check,"["""", ""14"", ""14""]",675d779211bdad479c4c6075a133e641d133e6a7b2157e0daef4dd96b029568f,"[""KTK5.086.C02""]",,[],False,False
BOITE,7,db627e60c7181a2532fd83300dc9084eecafe898049e8340c5fa83ab0ebb1ae9,1361,NB_FIBRE_UTIL,,,UNAVAILABLE,True,missing_value,not_a_text_check,"["""", ""14"", ""14""]",675d779211bdad479c4c6075a133e641d133e6a7b2157e0daef4dd96b029568f,"[""KTK5.086.C02""]",,[],False,False
BOITE,7,db627e60c7181a2532fd83300dc9084eecafe898049e8340c5fa83ab0ebb1ae9,1361,FABRIQUANT,,,UNAVAILABLE,True,missing_value,not_a_text_check,"["""", ""14"", ""14""]",675d779211bdad479c4c6075a133e641d133e6a7b2157e0daef4dd96b029568f,"[""KTK5.086.C02""]",,[],False,False
BOITE,7,db627e60c7181a2532fd83300dc9084eecafe898049e8340c5fa83ab0ebb1ae9,1361,REF_BPE,,,UNAVAILABLE,True,missing_value,not_a_text_check,"["""", ""14"", ""14""]",675d779211bdad479c4c6075a133e641d133e6a7b2157e0daef4dd96b029568f,"[""KTK5.086.C02""]",,[],False,False
BOITE,7,db627e60c7181a2532fd83300dc9084eecafe898049e8340c5fa83ab0ebb1ae9,1361,NB_CASSETTES_MAX,,,UNAVAILABLE,True,missing_value,not_a_text_check,"["""", ""14"", ""14""]",675d779211bdad479c4c6075a133e641d133e6a7b2157e0daef4dd96b029568f,"[""KTK5.086.C02""]",,[],False,False
BOITE,7,db627e60c7181a2532fd83300dc9084eecafe898049e8340c5fa83ab0ebb1ae9,1361,CABLE_AMONT,,,UNAVAILABLE,True,missing_value,not_a_text_check,"["""", ""14"", ""14""]",675d779211bdad479c4c6075a133e641d133e6a7b2157e0daef4dd96b029568f,"[""KTK5.086.C02""]",,[],False,False
BOITE,7,db627e60c7181a2532fd83300dc9084eecafe898049e8340c5fa83ab0ebb1ae9,1361,STATUT,,,UNAVAILABLE,True,missing_value,not_a_text_check,"["""", ""14"", ""14""]",675d779211bdad479c4c6075a133e641d133e6a7b2157e0daef4dd96b029568f,"[""KTK5.086.C02""]",,[],False,False
BOITE,7,db627e60c7181a2532fd83300dc9084eecafe898049e8340c5fa83ab0ebb1ae9,1361,PROPRIETAIRE,,,UNAVAILABLE,True,missing_value,not_a_text_check,"["""", ""14"", ""14""]",675d779211bdad479c4c6075a133e641d133e6a7b2157e0daef4dd96b029568f,"[""KTK5.086.C02""]",,[],False,False
BOITE,7,db627e60c7181a2532fd83300dc9084eecafe898049e8340c5fa83ab0ebb1ae9,1361,GESTIONNAIRE,,,UNAVAILABLE,True,missing_value,not_a_text_check,"["""", ""14"", ""14""]",675d779211bdad479c4c6075a133e641d133e6a7b2157e0daef4dd96b029568f,"[""KTK5.086.C02""]",,[],False,False
BOITE,7,db627e60c7181a2532fd83300dc9084eecafe898049e8340c5fa83ab0ebb1ae9,1361,VILLE,,,UNAVAILABLE,True,missing_value,not_a_text_check,"["""", ""14"", ""14""]",675d779211bdad479c4c6075a133e641d133e6a7b2157e0daef4dd96b029568f,"[""KTK5.086.C02""]",,[],False,False
BOITE,7,db627e60c7181a2532fd83300dc9084eecafe898049e8340c5fa83ab0ebb1ae9,1361,X,12543857.078992747,12543857.078992747,DWG_DERIVED:GEODATA+direct-CRS-transform,False,exact,not_a_text_check,"["""", ""14"", ""14""]",675d779211bdad479c4c6075a133e641d133e6a7b2157e0daef4dd96b029568f,"[""KTK5.086.C02""]",,[],False,False
BOITE,7,db627e60c7181a2532fd83300dc9084eecafe898049e8340c5fa83ab0ebb1ae9,1361,Y,-821472.1658857897,-821472.1658857897,DWG_DERIVED:GEODATA+direct-CRS-transform,False,exact,not_a_text_check,"["""", ""14"", ""14""]",675d779211bdad479c4c6075a133e641d133e6a7b2157e0daef4dd96b029568f,"[""KTK5.086.C02""]",,[],False,False
BOITE,7,db627e60c7181a2532fd83300dc9084eecafe898049e8340c5fa83ab0ebb1ae9,1361,display_label,KTK5.086.C02 · 14,KTK5.086.C02 · 14,DWG_DERIVED:AI-ANNOTATION-AUTO_FAT_2_KMZ_FDT_2-001|RULE:AI-ANNOTATION-ASSIGN-001|DWG_DIRECT:block-attribute-text,False,exact,verified_annotation_and_attribute_composition,"["""", ""14"", ""14""]",675d779211bdad479c4c6075a133e641d133e6a7b2157e0daef4dd96b029568f,"[""KTK5.086.C02""]",,[],False,False
BOITE,8,98c1d7abf76ab960a41be49bc280541af4e62f0bd689d5ecb56154a6e57c6a19,135C,CODE,KTK5.086.C01,KTK5.086.C01,DWG_DERIVED:AI-ANNOTATION-AUTO_FAT_2_KMZ_FDT_2-001|RULE:AI-ANNOTATION-ASSIGN-001,False,exact,verified_selected_annotation,"["""", ""14"", ""14""]",6f59d7d9c6acb1966cdf42d8aac670b4e9762c7a7bc75ac72a0ff88b60cb4091,"[""KTK5.086.C01""]",,[],False,False
BOITE,8,98c1d7abf76ab960a41be49bc280541af4e62f0bd689d5ecb56154a6e57c6a19,135C,CODE_PTC,,,UNAVAILABLE,True,missing_value,not_a_text_check,"["""", ""14"", ""14""]",6f59d7d9c6acb1966cdf42d8aac670b4e9762c7a7bc75ac72a0ff88b60cb4091,"[""KTK5.086.C01""]",,[],False,False
BOITE,8,98c1d7abf76ab960a41be49bc280541af4e62f0bd689d5ecb56154a6e57c6a19,135C,REF_PLAQUE,,,UNAVAILABLE,True,missing_value,not_a_text_check,"["""", ""14"", ""14""]",6f59d7d9c6acb1966cdf42d8aac670b4e9762c7a7bc75ac72a0ff88b60cb4091,"[""KTK5.086.C01""]",,[],False,False
BOITE,8,98c1d7abf76ab960a41be49bc280541af4e62f0bd689d5ecb56154a6e57c6a19,135C,REF_PM,,,UNAVAILABLE,True,missing_value,not_a_text_check,"["""", ""14"", ""14""]",6f59d7d9c6acb1966cdf42d8aac670b4e9762c7a7bc75ac72a0ff88b60cb4091,"[""KTK5.086.C01""]",,[],False,False
BOITE,8,98c1d7abf76ab960a41be49bc280541af4e62f0bd689d5ecb56154a6e57c6a19,135C,TYPE,,,UNAVAILABLE,True,missing_value,not_a_text_check,"["""", ""14"", ""14""]",6f59d7d9c6acb1966cdf42d8aac670b4e9762c7a7bc75ac72a0ff88b60cb4091,"[""KTK5.086.C01""]",,[],False,False
BOITE,8,98c1d7abf76ab960a41be49bc280541af4e62f0bd689d5ecb56154a6e57c6a19,135C,MODE_POSE,,,UNAVAILABLE,True,missing_value,not_a_text_check,"["""", ""14"", ""14""]",6f59d7d9c6acb1966cdf42d8aac670b4e9762c7a7bc75ac72a0ff88b60cb4091,"[""KTK5.086.C01""]",,[],False,False
BOITE,8,98c1d7abf76ab960a41be49bc280541af4e62f0bd689d5ecb56154a6e57c6a19,135C,CAPACITE,,,UNAVAILABLE,True,missing_value,not_a_text_check,"["""", ""14"", ""14""]",6f59d7d9c6acb1966cdf42d8aac670b4e9762c7a7bc75ac72a0ff88b60cb4091,"[""KTK5.086.C01""]",,[],False,False
BOITE,8,98c1d7abf76ab960a41be49bc280541af4e62f0bd689d5ecb56154a6e57c6a19,135C,NB_FIBRE_UTIL,,,UNAVAILABLE,True,missing_value,not_a_text_check,"["""", ""14"", ""14""]",6f59d7d9c6acb1966cdf42d8aac670b4e9762c7a7bc75ac72a0ff88b60cb4091,"[""KTK5.086.C01""]",,[],False,False
BOITE,8,98c1d7abf76ab960a41be49bc280541af4e62f0bd689d5ecb56154a6e57c6a19,135C,FABRIQUANT,,,UNAVAILABLE,True,missing_value,not_a_text_check,"["""", ""14"", ""14""]",6f59d7d9c6acb1966cdf42d8aac670b4e9762c7a7bc75ac72a0ff88b60cb4091,"[""KTK5.086.C01""]",,[],False,False
BOITE,8,98c1d7abf76ab960a41be49bc280541af4e62f0bd689d5ecb56154a6e57c6a19,135C,REF_BPE,,,UNAVAILABLE,True,missing_value,not_a_text_check,"["""", ""14"", ""14""]",6f59d7d9c6acb1966cdf42d8aac670b4e9762c7a7bc75ac72a0ff88b60cb4091,"[""KTK5.086.C01""]",,[],False,False
BOITE,8,98c1d7abf76ab960a41be49bc280541af4e62f0bd689d5ecb56154a6e57c6a19,135C,NB_CASSETTES_MAX,,,UNAVAILABLE,True,missing_value,not_a_text_check,"["""", ""14"", ""14""]",6f59d7d9c6acb1966cdf42d8aac670b4e9762c7a7bc75ac72a0ff88b60cb4091,"[""KTK5.086.C01""]",,[],False,False
BOITE,8,98c1d7abf76ab960a41be49bc280541af4e62f0bd689d5ecb56154a6e57c6a19,135C,CABLE_AMONT,,,UNAVAILABLE,True,missing_value,not_a_text_check,"["""", ""14"", ""14""]",6f59d7d9c6acb1966cdf42d8aac670b4e9762c7a7bc75ac72a0ff88b60cb4091,"[""KTK5.086.C01""]",,[],False,False
BOITE,8,98c1d7abf76ab960a41be49bc280541af4e62f0bd689d5ecb56154a6e57c6a19,135C,STATUT,,,UNAVAILABLE,True,missing_value,not_a_text_check,"["""", ""14"", ""14""]",6f59d7d9c6acb1966cdf42d8aac670b4e9762c7a7bc75ac72a0ff88b60cb4091,"[""KTK5.086.C01""]",,[],False,False
BOITE,8,98c1d7abf76ab960a41be49bc280541af4e62f0bd689d5ecb56154a6e57c6a19,135C,PROPRIETAIRE,,,UNAVAILABLE,True,missing_value,not_a_text_check,"["""", ""14"", ""14""]",6f59d7d9c6acb1966cdf42d8aac670b4e9762c7a7bc75ac72a0ff88b60cb4091,"[""KTK5.086.C01""]",,[],False,False
BOITE,8,98c1d7abf76ab960a41be49bc280541af4e62f0bd689d5ecb56154a6e57c6a19,135C,GESTIONNAIRE,,,UNAVAILABLE,True,missing_value,not_a_text_check,"["""", ""14"", ""14""]",6f59d7d9c6acb1966cdf42d8aac670b4e9762c7a7bc75ac72a0ff88b60cb4091,"[""KTK5.086.C01""]",,[],False,False
BOITE,8,98c1d7abf76ab960a41be49bc280541af4e62f0bd689d5ecb56154a6e57c6a19,135C,VILLE,,,UNAVAILABLE,True,missing_value,not_a_text_check,"["""", ""14"", ""14""]",6f59d7d9c6acb1966cdf42d8aac670b4e9762c7a7bc75ac72a0ff88b60cb4091,"[""KTK5.086.C01""]",,[],False,False
BOITE,8,98c1d7abf76ab960a41be49bc280541af4e62f0bd689d5ecb56154a6e57c6a19,135C,X,12543774.05133368,12543774.05133368,DWG_DERIVED:GEODATA+direct-CRS-transform,False,exact,not_a_text_check,"["""", ""14"", ""14""]",6f59d7d9c6acb1966cdf42d8aac670b4e9762c7a7bc75ac72a0ff88b60cb4091,"[""KTK5.086.C01""]",,[],False,False
BOITE,8,98c1d7abf76ab960a41be49bc280541af4e62f0bd689d5ecb56154a6e57c6a19,135C,Y,-821468.3892683269,-821468.3892683269,DWG_DERIVED:GEODATA+direct-CRS-transform,False,exact,not_a_text_check,"["""", ""14"", ""14""]",6f59d7d9c6acb1966cdf42d8aac670b4e9762c7a7bc75ac72a0ff88b60cb4091,"[""KTK5.086.C01""]",,[],False,False
BOITE,8,98c1d7abf76ab960a41be49bc280541af4e62f0bd689d5ecb56154a6e57c6a19,135C,display_label,KTK5.086.C01 · 14,KTK5.086.C01 · 14,DWG_DERIVED:AI-ANNOTATION-AUTO_FAT_2_KMZ_FDT_2-001|RULE:AI-ANNOTATION-ASSIGN-001|DWG_DIRECT:block-attribute-text,False,exact,verified_annotation_and_attribute_composition,"["""", ""14"", ""14""]",6f59d7d9c6acb1966cdf42d8aac670b4e9762c7a7bc75ac72a0ff88b60cb4091,"[""KTK5.086.C01""]",,[],False,False
BOITE,9,7736a8af9db27a78fde6b4cf3449bb130d0da98cb374d0964b4a1efa5d2955f4,CD8,CODE,KTK5.086.A01,KTK5.086.A01,DWG_DERIVED:AI-ANNOTATION-AUTO_FAT_2_KMZ_FDT_2-001|RULE:AI-ANNOTATION-ASSIGN-001,False,exact,verified_selected_annotation,"["""", ""11"", ""11""]",5ca9182954994ba85a76cec35678a3efc84329fd80a0006e69c4786b6726ccd1,"[""KTK5.086.A01""]",,[],False,False
BOITE,9,7736a8af9db27a78fde6b4cf3449bb130d0da98cb374d0964b4a1efa5d2955f4,CD8,CODE_PTC,,,UNAVAILABLE,True,missing_value,not_a_text_check,"["""", ""11"", ""11""]",5ca9182954994ba85a76cec35678a3efc84329fd80a0006e69c4786b6726ccd1,"[""KTK5.086.A01""]",,[],False,False
BOITE,9,7736a8af9db27a78fde6b4cf3449bb130d0da98cb374d0964b4a1efa5d2955f4,CD8,REF_PLAQUE,,,UNAVAILABLE,True,missing_value,not_a_text_check,"["""", ""11"", ""11""]",5ca9182954994ba85a76cec35678a3efc84329fd80a0006e69c4786b6726ccd1,"[""KTK5.086.A01""]",,[],False,False
BOITE,9,7736a8af9db27a78fde6b4cf3449bb130d0da98cb374d0964b4a1efa5d2955f4,CD8,REF_PM,,,UNAVAILABLE,True,missing_value,not_a_text_check,"["""", ""11"", ""11""]",5ca9182954994ba85a76cec35678a3efc84329fd80a0006e69c4786b6726ccd1,"[""KTK5.086.A01""]",,[],False,False
BOITE,9,7736a8af9db27a78fde6b4cf3449bb130d0da98cb374d0964b4a1efa5d2955f4,CD8,TYPE,,,UNAVAILABLE,True,missing_value,not_a_text_check,"["""", ""11"", ""11""]",5ca9182954994ba85a76cec35678a3efc84329fd80a0006e69c4786b6726ccd1,"[""KTK5.086.A01""]",,[],False,False
BOITE,9,7736a8af9db27a78fde6b4cf3449bb130d0da98cb374d0964b4a1efa5d2955f4,CD8,MODE_POSE,,,UNAVAILABLE,True,missing_value,not_a_text_check,"["""", ""11"", ""11""]",5ca9182954994ba85a76cec35678a3efc84329fd80a0006e69c4786b6726ccd1,"[""KTK5.086.A01""]",,[],False,False
BOITE,9,7736a8af9db27a78fde6b4cf3449bb130d0da98cb374d0964b4a1efa5d2955f4,CD8,CAPACITE,,,UNAVAILABLE,True,missing_value,not_a_text_check,"["""", ""11"", ""11""]",5ca9182954994ba85a76cec35678a3efc84329fd80a0006e69c4786b6726ccd1,"[""KTK5.086.A01""]",,[],False,False
BOITE,9,7736a8af9db27a78fde6b4cf3449bb130d0da98cb374d0964b4a1efa5d2955f4,CD8,NB_FIBRE_UTIL,,,UNAVAILABLE,True,missing_value,not_a_text_check,"["""", ""11"", ""11""]",5ca9182954994ba85a76cec35678a3efc84329fd80a0006e69c4786b6726ccd1,"[""KTK5.086.A01""]",,[],False,False
BOITE,9,7736a8af9db27a78fde6b4cf3449bb130d0da98cb374d0964b4a1efa5d2955f4,CD8,FABRIQUANT,,,UNAVAILABLE,True,missing_value,not_a_text_check,"["""", ""11"", ""11""]",5ca9182954994ba85a76cec35678a3efc84329fd80a0006e69c4786b6726ccd1,"[""KTK5.086.A01""]",,[],False,False
BOITE,9,7736a8af9db27a78fde6b4cf3449bb130d0da98cb374d0964b4a1efa5d2955f4,CD8,REF_BPE,,,UNAVAILABLE,True,missing_value,not_a_text_check,"["""", ""11"", ""11""]",5ca9182954994ba85a76cec35678a3efc84329fd80a0006e69c4786b6726ccd1,"[""KTK5.086.A01""]",,[],False,False
BOITE,9,7736a8af9db27a78fde6b4cf3449bb130d0da98cb374d0964b4a1efa5d2955f4,CD8,NB_CASSETTES_MAX,,,UNAVAILABLE,True,missing_value,not_a_text_check,"["""", ""11"", ""11""]",5ca9182954994ba85a76cec35678a3efc84329fd80a0006e69c4786b6726ccd1,"[""KTK5.086.A01""]",,[],False,False
BOITE,9,7736a8af9db27a78fde6b4cf3449bb130d0da98cb374d0964b4a1efa5d2955f4,CD8,CABLE_AMONT,,,UNAVAILABLE,True,missing_value,not_a_text_check,"["""", ""11"", ""11""]",5ca9182954994ba85a76cec35678a3efc84329fd80a0006e69c4786b6726ccd1,"[""KTK5.086.A01""]",,[],False,False
BOITE,9,7736a8af9db27a78fde6b4cf3449bb130d0da98cb374d0964b4a1efa5d2955f4,CD8,STATUT,,,UNAVAILABLE,True,missing_value,not_a_text_check,"["""", ""11"", ""11""]",5ca9182954994ba85a76cec35678a3efc84329fd80a0006e69c4786b6726ccd1,"[""KTK5.086.A01""]",,[],False,False
BOITE,9,7736a8af9db27a78fde6b4cf3449bb130d0da98cb374d0964b4a1efa5d2955f4,CD8,PROPRIETAIRE,,,UNAVAILABLE,True,missing_value,not_a_text_check,"["""", ""11"", ""11""]",5ca9182954994ba85a76cec35678a3efc84329fd80a0006e69c4786b6726ccd1,"[""KTK5.086.A01""]",,[],False,False
BOITE,9,7736a8af9db27a78fde6b4cf3449bb130d0da98cb374d0964b4a1efa5d2955f4,CD8,GESTIONNAIRE,,,UNAVAILABLE,True,missing_value,not_a_text_check,"["""", ""11"", ""11""]",5ca9182954994ba85a76cec35678a3efc84329fd80a0006e69c4786b6726ccd1,"[""KTK5.086.A01""]",,[],False,False
BOITE,9,7736a8af9db27a78fde6b4cf3449bb130d0da98cb374d0964b4a1efa5d2955f4,CD8,VILLE,,,UNAVAILABLE,True,missing_value,not_a_text_check,"["""", ""11"", ""11""]",5ca9182954994ba85a76cec35678a3efc84329fd80a0006e69c4786b6726ccd1,"[""KTK5.086.A01""]",,[],False,False
BOITE,9,7736a8af9db27a78fde6b4cf3449bb130d0da98cb374d0964b4a1efa5d2955f4,CD8,X,12543677.065974977,12543677.065974977,DWG_DERIVED:GEODATA+direct-CRS-transform,False,exact,not_a_text_check,"["""", ""11"", ""11""]",5ca9182954994ba85a76cec35678a3efc84329fd80a0006e69c4786b6726ccd1,"[""KTK5.086.A01""]",,[],False,False
BOITE,9,7736a8af9db27a78fde6b4cf3449bb130d0da98cb374d0964b4a1efa5d2955f4,CD8,Y,-821515.5401957675,-821515.5401957675,DWG_DERIVED:GEODATA+direct-CRS-transform,False,exact,not_a_text_check,"["""", ""11"", ""11""]",5ca9182954994ba85a76cec35678a3efc84329fd80a0006e69c4786b6726ccd1,"[""KTK5.086.A01""]",,[],False,False
BOITE,9,7736a8af9db27a78fde6b4cf3449bb130d0da98cb374d0964b4a1efa5d2955f4,CD8,display_label,KTK5.086.A01 · 11,KTK5.086.A01 · 11,DWG_DERIVED:AI-ANNOTATION-AUTO_FAT_2_KMZ_FDT_2-001|RULE:AI-ANNOTATION-ASSIGN-001|DWG_DIRECT:block-attribute-text,False,exact,verified_annotation_and_attribute_composition,"["""", ""11"", ""11""]",5ca9182954994ba85a76cec35678a3efc84329fd80a0006e69c4786b6726ccd1,"[""KTK5.086.A01""]",,[],False,False
PTECH,1,ce99448287f0ae0a44ed1cfa2bb367f69d1f7d691ee0f6eb52726fae1ea10d1c,12A5,CODE,MR.KLK5.P031,MR.KLK5.P031,DWG_DERIVED:AI-ANNOTATION-AUTO_POLE_ID_FDT_2_73-001|RULE:AI-ANNOTATION-ASSIGN-001,False,exact,verified_selected_annotation,"[""""]",12527bd2e180c0ae65f51a0e8a12ec14c83ea20cd88d56ed995beab435ebcf20,"[""MR.KLK5.P031""]",,[],False,False
PTECH,1,ce99448287f0ae0a44ed1cfa2bb367f69d1f7d691ee0f6eb52726fae1ea10d1c,12A5,REF_PLAQUE,,,UNAVAILABLE,True,missing_value,not_a_text_check,"[""""]",12527bd2e180c0ae65f51a0e8a12ec14c83ea20cd88d56ed995beab435ebcf20,"[""MR.KLK5.P031""]",,[],False,False
PTECH,1,ce99448287f0ae0a44ed1cfa2bb367f69d1f7d691ee0f6eb52726fae1ea10d1c,12A5,TYPE,,,UNAVAILABLE,True,missing_value,not_a_text_check,"[""""]",12527bd2e180c0ae65f51a0e8a12ec14c83ea20cd88d56ed995beab435ebcf20,"[""MR.KLK5.P031""]",,[],False,False
PTECH,1,ce99448287f0ae0a44ed1cfa2bb367f69d1f7d691ee0f6eb52726fae1ea10d1c,12A5,NATURE,,,UNAVAILABLE,True,missing_value,not_a_text_check,"[""""]",12527bd2e180c0ae65f51a0e8a12ec14c83ea20cd88d56ed995beab435ebcf20,"[""MR.KLK5.P031""]",,[],False,False
PTECH,1,ce99448287f0ae0a44ed1cfa2bb367f69d1f7d691ee0f6eb52726fae1ea10d1c,12A5,EFFORT_APPUI,,,UNAVAILABLE,True,missing_value,not_a_text_check,"[""""]",12527bd2e180c0ae65f51a0e8a12ec14c83ea20cd88d56ed995beab435ebcf20,"[""MR.KLK5.P031""]",,[],False,False
PTECH,1,ce99448287f0ae0a44ed1cfa2bb367f69d1f7d691ee0f6eb52726fae1ea10d1c,12A5,STATUT,,,UNAVAILABLE,True,missing_value,not_a_text_check,"[""""]",12527bd2e180c0ae65f51a0e8a12ec14c83ea20cd88d56ed995beab435ebcf20,"[""MR.KLK5.P031""]",,[],False,False
PTECH,1,ce99448287f0ae0a44ed1cfa2bb367f69d1f7d691ee0f6eb52726fae1ea10d1c,12A5,PROPRIETAIRE,,,UNAVAILABLE,True,missing_value,not_a_text_check,"[""""]",12527bd2e180c0ae65f51a0e8a12ec14c83ea20cd88d56ed995beab435ebcf20,"[""MR.KLK5.P031""]",,[],False,False
PTECH,1,ce99448287f0ae0a44ed1cfa2bb367f69d1f7d691ee0f6eb52726fae1ea10d1c,12A5,GESTIONNAIRE,,,UNAVAILABLE,True,missing_value,not_a_text_check,"[""""]",12527bd2e180c0ae65f51a0e8a12ec14c83ea20cd88d56ed995beab435ebcf20,"[""MR.KLK5.P031""]",,[],False,False
PTECH,1,ce99448287f0ae0a44ed1cfa2bb367f69d1f7d691ee0f6eb52726fae1ea10d1c,12A5,VILLE,,,UNAVAILABLE,True,missing_value,not_a_text_check,"[""""]",12527bd2e180c0ae65f51a0e8a12ec14c83ea20cd88d56ed995beab435ebcf20,"[""MR.KLK5.P031""]",,[],False,False
PTECH,1,ce99448287f0ae0a44ed1cfa2bb367f69d1f7d691ee0f6eb52726fae1ea10d1c,12A5,X,12543857.078992747,12543857.078992747,DWG_DERIVED:GEODATA+direct-CRS-transform,False,exact,not_a_text_check,"[""""]",12527bd2e180c0ae65f51a0e8a12ec14c83ea20cd88d56ed995beab435ebcf20,"[""MR.KLK5.P031""]",,[],False,False
PTECH,1,ce99448287f0ae0a44ed1cfa2bb367f69d1f7d691ee0f6eb52726fae1ea10d1c,12A5,Y,-821472.1658857897,-821472.1658857897,DWG_DERIVED:GEODATA+direct-CRS-transform,False,exact,not_a_text_check,"[""""]",12527bd2e180c0ae65f51a0e8a12ec14c83ea20cd88d56ed995beab435ebcf20,"[""MR.KLK5.P031""]",,[],False,False
PTECH,1,ce99448287f0ae0a44ed1cfa2bb367f69d1f7d691ee0f6eb52726fae1ea10d1c,12A5,display_label,MR.KLK5.P031,MR.KLK5.P031,DWG_DERIVED:AI-ANNOTATION-AUTO_POLE_ID_FDT_2_73-001|RULE:AI-ANNOTATION-ASSIGN-001,False,exact,verified_selected_annotation,"[""""]",12527bd2e180c0ae65f51a0e8a12ec14c83ea20cd88d56ed995beab435ebcf20,"[""MR.KLK5.P031""]",,[],False,False
PTECH,2,40842f0dd1aee22cc0b413b5abb0562fca1693866d60326ff71ae9b92327196a,CF3,CODE,MR.KLK5.P012,MR.KLK5.P012,DWG_DERIVED:AI-ANNOTATION-AUTO_POLE_ID_FDT_2_73-001|RULE:AI-ANNOTATION-ASSIGN-001,False,exact,verified_selected_annotation,"[""""]",0cc5a757fb99cc674900b1e36c759369e3b59810ac18d801ee0f9b05a75a2def,"[""MR.KLK5.P012""]",,[],False,False
PTECH,2,40842f0dd1aee22cc0b413b5abb0562fca1693866d60326ff71ae9b92327196a,CF3,REF_PLAQUE,,,UNAVAILABLE,True,missing_value,not_a_text_check,"[""""]",0cc5a757fb99cc674900b1e36c759369e3b59810ac18d801ee0f9b05a75a2def,"[""MR.KLK5.P012""]",,[],False,False
PTECH,2,40842f0dd1aee22cc0b413b5abb0562fca1693866d60326ff71ae9b92327196a,CF3,TYPE,,,UNAVAILABLE,True,missing_value,not_a_text_check,"[""""]",0cc5a757fb99cc674900b1e36c759369e3b59810ac18d801ee0f9b05a75a2def,"[""MR.KLK5.P012""]",,[],False,False
PTECH,2,40842f0dd1aee22cc0b413b5abb0562fca1693866d60326ff71ae9b92327196a,CF3,NATURE,,,UNAVAILABLE,True,missing_value,not_a_text_check,"[""""]",0cc5a757fb99cc674900b1e36c759369e3b59810ac18d801ee0f9b05a75a2def,"[""MR.KLK5.P012""]",,[],False,False
PTECH,2,40842f0dd1aee22cc0b413b5abb0562fca1693866d60326ff71ae9b92327196a,CF3,EFFORT_APPUI,,,UNAVAILABLE,True,missing_value,not_a_text_check,"[""""]",0cc5a757fb99cc674900b1e36c759369e3b59810ac18d801ee0f9b05a75a2def,"[""MR.KLK5.P012""]",,[],False,False
PTECH,2,40842f0dd1aee22cc0b413b5abb0562fca1693866d60326ff71ae9b92327196a,CF3,STATUT,,,UNAVAILABLE,True,missing_value,not_a_text_check,"[""""]",0cc5a757fb99cc674900b1e36c759369e3b59810ac18d801ee0f9b05a75a2def,"[""MR.KLK5.P012""]",,[],False,False
PTECH,2,40842f0dd1aee22cc0b413b5abb0562fca1693866d60326ff71ae9b92327196a,CF3,PROPRIETAIRE,,,UNAVAILABLE,True,missing_value,not_a_text_check,"[""""]",0cc5a757fb99cc674900b1e36c759369e3b59810ac18d801ee0f9b05a75a2def,"[""MR.KLK5.P012""]",,[],False,False
PTECH,2,40842f0dd1aee22cc0b413b5abb0562fca1693866d60326ff71ae9b92327196a,CF3,GESTIONNAIRE,,,UNAVAILABLE,True,missing_value,not_a_text_check,"[""""]",0cc5a757fb99cc674900b1e36c759369e3b59810ac18d801ee0f9b05a75a2def,"[""MR.KLK5.P012""]",,[],False,False
PTECH,2,40842f0dd1aee22cc0b413b5abb0562fca1693866d60326ff71ae9b92327196a,CF3,VILLE,,,UNAVAILABLE,True,missing_value,not_a_text_check,"[""""]",0cc5a757fb99cc674900b1e36c759369e3b59810ac18d801ee0f9b05a75a2def,"[""MR.KLK5.P012""]",,[],False,False
PTECH,2,40842f0dd1aee22cc0b413b5abb0562fca1693866d60326ff71ae9b92327196a,CF3,X,12543584.983871479,12543584.983871479,DWG_DERIVED:GEODATA+direct-CRS-transform,False,exact,not_a_text_check,"[""""]",0cc5a757fb99cc674900b1e36c759369e3b59810ac18d801ee0f9b05a75a2def,"[""MR.KLK5.P012""]",,[],False,False
PTECH,2,40842f0dd1aee22cc0b413b5abb0562fca1693866d60326ff71ae9b92327196a,CF3,Y,-821590.6802629252,-821590.6802629252,DWG_DERIVED:GEODATA+direct-CRS-transform,False,exact,not_a_text_check,"[""""]",0cc5a757fb99cc674900b1e36c759369e3b59810ac18d801ee0f9b05a75a2def,"[""MR.KLK5.P012""]",,[],False,False
PTECH,2,40842f0dd1aee22cc0b413b5abb0562fca1693866d60326ff71ae9b92327196a,CF3,display_label,MR.KLK5.P012,MR.KLK5.P012,DWG_DERIVED:AI-ANNOTATION-AUTO_POLE_ID_FDT_2_73-001|RULE:AI-ANNOTATION-ASSIGN-001,False,exact,verified_selected_annotation,"[""""]",0cc5a757fb99cc674900b1e36c759369e3b59810ac18d801ee0f9b05a75a2def,"[""MR.KLK5.P012""]",,[],False,False
PTECH,3,5f9de331b28734c840c2e67497af5c46ae3a94f123cdf0d4f1c8168d182e7489,12D3,CODE,MR.KLK5.P006,MR.KLK5.P006,DWG_DERIVED:AI-ANNOTATION-AUTO_POLE_ID_2_5-001|RULE:AI-ANNOTATION-ASSIGN-001,False,exact,verified_selected_annotation,"[""""]",9240226fc9a7e7f397952d2667e2d45735795965555f18b2f1554e029d32b12c,"[""MR.KLK5.P006""]",,[],False,False
PTECH,3,5f9de331b28734c840c2e67497af5c46ae3a94f123cdf0d4f1c8168d182e7489,12D3,REF_PLAQUE,,,UNAVAILABLE,True,missing_value,not_a_text_check,"[""""]",9240226fc9a7e7f397952d2667e2d45735795965555f18b2f1554e029d32b12c,"[""MR.KLK5.P006""]",,[],False,False
PTECH,3,5f9de331b28734c840c2e67497af5c46ae3a94f123cdf0d4f1c8168d182e7489,12D3,TYPE,,,UNAVAILABLE,True,missing_value,not_a_text_check,"[""""]",9240226fc9a7e7f397952d2667e2d45735795965555f18b2f1554e029d32b12c,"[""MR.KLK5.P006""]",,[],False,False
PTECH,3,5f9de331b28734c840c2e67497af5c46ae3a94f123cdf0d4f1c8168d182e7489,12D3,NATURE,,,UNAVAILABLE,True,missing_value,not_a_text_check,"[""""]",9240226fc9a7e7f397952d2667e2d45735795965555f18b2f1554e029d32b12c,"[""MR.KLK5.P006""]",,[],False,False
PTECH,3,5f9de331b28734c840c2e67497af5c46ae3a94f123cdf0d4f1c8168d182e7489,12D3,EFFORT_APPUI,,,UNAVAILABLE,True,missing_value,not_a_text_check,"[""""]",9240226fc9a7e7f397952d2667e2d45735795965555f18b2f1554e029d32b12c,"[""MR.KLK5.P006""]",,[],False,False
PTECH,3,5f9de331b28734c840c2e67497af5c46ae3a94f123cdf0d4f1c8168d182e7489,12D3,STATUT,,,UNAVAILABLE,True,missing_value,not_a_text_check,"[""""]",9240226fc9a7e7f397952d2667e2d45735795965555f18b2f1554e029d32b12c,"[""MR.KLK5.P006""]",,[],False,False
PTECH,3,5f9de331b28734c840c2e67497af5c46ae3a94f123cdf0d4f1c8168d182e7489,12D3,PROPRIETAIRE,,,UNAVAILABLE,True,missing_value,not_a_text_check,"[""""]",9240226fc9a7e7f397952d2667e2d45735795965555f18b2f1554e029d32b12c,"[""MR.KLK5.P006""]",,[],False,False
PTECH,3,5f9de331b28734c840c2e67497af5c46ae3a94f123cdf0d4f1c8168d182e7489,12D3,GESTIONNAIRE,,,UNAVAILABLE,True,missing_value,not_a_text_check,"[""""]",9240226fc9a7e7f397952d2667e2d45735795965555f18b2f1554e029d32b12c,"[""MR.KLK5.P006""]",,[],False,False
PTECH,3,5f9de331b28734c840c2e67497af5c46ae3a94f123cdf0d4f1c8168d182e7489,12D3,VILLE,,,UNAVAILABLE,True,missing_value,not_a_text_check,"[""""]",9240226fc9a7e7f397952d2667e2d45735795965555f18b2f1554e029d32b12c,"[""MR.KLK5.P006""]",,[],False,False
PTECH,3,5f9de331b28734c840c2e67497af5c46ae3a94f123cdf0d4f1c8168d182e7489,12D3,X,12543766.163173446,12543766.163173446,DWG_DERIVED:GEODATA+direct-CRS-transform,False,exact,not_a_text_check,"[""""]",9240226fc9a7e7f397952d2667e2d45735795965555f18b2f1554e029d32b12c,"[""MR.KLK5.P006""]",,[],False,False
PTECH,3,5f9de331b28734c840c2e67497af5c46ae3a94f123cdf0d4f1c8168d182e7489,12D3,Y,-821522.801149031,-821522.801149031,DWG_DERIVED:GEODATA+direct-CRS-transform,False,exact,not_a_text_check,"[""""]",9240226fc9a7e7f397952d2667e2d45735795965555f18b2f1554e029d32b12c,"[""MR.KLK5.P006""]",,[],False,False
PTECH,3,5f9de331b28734c840c2e67497af5c46ae3a94f123cdf0d4f1c8168d182e7489,12D3,display_label,MR.KLK5.P006,MR.KLK5.P006,DWG_DERIVED:AI-ANNOTATION-AUTO_POLE_ID_2_5-001|RULE:AI-ANNOTATION-ASSIGN-001,False,exact,verified_selected_annotation,"[""""]",9240226fc9a7e7f397952d2667e2d45735795965555f18b2f1554e029d32b12c,"[""MR.KLK5.P006""]",,[],False,False
PTECH,4,e839722b7e8a363402702114fa72f2546f6a42288ebb0fcde86e568a8edf7c71,1281,CODE,MR.KLK5.P024,MR.KLK5.P024,DWG_DERIVED:AI-ANNOTATION-AUTO_POLE_ID_2_5-001|RULE:AI-ANNOTATION-ASSIGN-001,False,exact,verified_selected_annotation,"[""""]",e6407453b97f2ea91c761b4eff8cdfa89c21f85fc02893816e735cb01d646bbe,"[""MR.KLK5.P024""]",,[],False,False
PTECH,4,e839722b7e8a363402702114fa72f2546f6a42288ebb0fcde86e568a8edf7c71,1281,REF_PLAQUE,,,UNAVAILABLE,True,missing_value,not_a_text_check,"[""""]",e6407453b97f2ea91c761b4eff8cdfa89c21f85fc02893816e735cb01d646bbe,"[""MR.KLK5.P024""]",,[],False,False
PTECH,4,e839722b7e8a363402702114fa72f2546f6a42288ebb0fcde86e568a8edf7c71,1281,TYPE,,,UNAVAILABLE,True,missing_value,not_a_text_check,"[""""]",e6407453b97f2ea91c761b4eff8cdfa89c21f85fc02893816e735cb01d646bbe,"[""MR.KLK5.P024""]",,[],False,False
PTECH,4,e839722b7e8a363402702114fa72f2546f6a42288ebb0fcde86e568a8edf7c71,1281,NATURE,,,UNAVAILABLE,True,missing_value,not_a_text_check,"[""""]",e6407453b97f2ea91c761b4eff8cdfa89c21f85fc02893816e735cb01d646bbe,"[""MR.KLK5.P024""]",,[],False,False
PTECH,4,e839722b7e8a363402702114fa72f2546f6a42288ebb0fcde86e568a8edf7c71,1281,EFFORT_APPUI,,,UNAVAILABLE,True,missing_value,not_a_text_check,"[""""]",e6407453b97f2ea91c761b4eff8cdfa89c21f85fc02893816e735cb01d646bbe,"[""MR.KLK5.P024""]",,[],False,False
PTECH,4,e839722b7e8a363402702114fa72f2546f6a42288ebb0fcde86e568a8edf7c71,1281,STATUT,,,UNAVAILABLE,True,missing_value,not_a_text_check,"[""""]",e6407453b97f2ea91c761b4eff8cdfa89c21f85fc02893816e735cb01d646bbe,"[""MR.KLK5.P024""]",,[],False,False
PTECH,4,e839722b7e8a363402702114fa72f2546f6a42288ebb0fcde86e568a8edf7c71,1281,PROPRIETAIRE,,,UNAVAILABLE,True,missing_value,not_a_text_check,"[""""]",e6407453b97f2ea91c761b4eff8cdfa89c21f85fc02893816e735cb01d646bbe,"[""MR.KLK5.P024""]",,[],False,False
PTECH,4,e839722b7e8a363402702114fa72f2546f6a42288ebb0fcde86e568a8edf7c71,1281,GESTIONNAIRE,,,UNAVAILABLE,True,missing_value,not_a_text_check,"[""""]",e6407453b97f2ea91c761b4eff8cdfa89c21f85fc02893816e735cb01d646bbe,"[""MR.KLK5.P024""]",,[],False,False
PTECH,4,e839722b7e8a363402702114fa72f2546f6a42288ebb0fcde86e568a8edf7c71,1281,VILLE,,,UNAVAILABLE,True,missing_value,not_a_text_check,"[""""]",e6407453b97f2ea91c761b4eff8cdfa89c21f85fc02893816e735cb01d646bbe,"[""MR.KLK5.P024""]",,[],False,False
PTECH,4,e839722b7e8a363402702114fa72f2546f6a42288ebb0fcde86e568a8edf7c71,1281,X,12543597.236698033,12543597.236698033,DWG_DERIVED:GEODATA+direct-CRS-transform,False,exact,not_a_text_check,"[""""]",e6407453b97f2ea91c761b4eff8cdfa89c21f85fc02893816e735cb01d646bbe,"[""MR.KLK5.P024""]",,[],False,False
PTECH,4,e839722b7e8a363402702114fa72f2546f6a42288ebb0fcde86e568a8edf7c71,1281,Y,-821523.5033713441,-821523.5033713441,DWG_DERIVED:GEODATA+direct-CRS-transform,False,exact,not_a_text_check,"[""""]",e6407453b97f2ea91c761b4eff8cdfa89c21f85fc02893816e735cb01d646bbe,"[""MR.KLK5.P024""]",,[],False,False
PTECH,4,e839722b7e8a363402702114fa72f2546f6a42288ebb0fcde86e568a8edf7c71,1281,display_label,MR.KLK5.P024,MR.KLK5.P024,DWG_DERIVED:AI-ANNOTATION-AUTO_POLE_ID_2_5-001|RULE:AI-ANNOTATION-ASSIGN-001,False,exact,verified_selected_annotation,"[""""]",e6407453b97f2ea91c761b4eff8cdfa89c21f85fc02893816e735cb01d646bbe,"[""MR.KLK5.P024""]",,[],False,False
PTECH,5,08b32d4b19c2104362149864e1a0f8981f8ec08e8643602ead56fcbfd9fc1128,1290,CODE,MR.KLK5.P001,MR.KLK5.P001,DWG_DERIVED:AI-ANNOTATION-AUTO_POLE_ID_FDT_2_73-001|RULE:AI-ANNOTATION-ASSIGN-001,False,exact,verified_selected_annotation,"[""""]",fab71e62e7fa6e5889f8209eb81614b35f08da98951846a4581e7718fbe7fc2a,"[""MR.KLK5.P001""]",,[],False,False
PTECH,5,08b32d4b19c2104362149864e1a0f8981f8ec08e8643602ead56fcbfd9fc1128,1290,REF_PLAQUE,,,UNAVAILABLE,True,missing_value,not_a_text_check,"[""""]",fab71e62e7fa6e5889f8209eb81614b35f08da98951846a4581e7718fbe7fc2a,"[""MR.KLK5.P001""]",,[],False,False
PTECH,5,08b32d4b19c2104362149864e1a0f8981f8ec08e8643602ead56fcbfd9fc1128,1290,TYPE,,,UNAVAILABLE,True,missing_value,not_a_text_check,"[""""]",fab71e62e7fa6e5889f8209eb81614b35f08da98951846a4581e7718fbe7fc2a,"[""MR.KLK5.P001""]",,[],False,False
PTECH,5,08b32d4b19c2104362149864e1a0f8981f8ec08e8643602ead56fcbfd9fc1128,1290,NATURE,,,UNAVAILABLE,True,missing_value,not_a_text_check,"[""""]",fab71e62e7fa6e5889f8209eb81614b35f08da98951846a4581e7718fbe7fc2a,"[""MR.KLK5.P001""]",,[],False,False
PTECH,5,08b32d4b19c2104362149864e1a0f8981f8ec08e8643602ead56fcbfd9fc1128,1290,EFFORT_APPUI,,,UNAVAILABLE,True,missing_value,not_a_text_check,"[""""]",fab71e62e7fa6e5889f8209eb81614b35f08da98951846a4581e7718fbe7fc2a,"[""MR.KLK5.P001""]",,[],False,False
PTECH,5,08b32d4b19c2104362149864e1a0f8981f8ec08e8643602ead56fcbfd9fc1128,1290,STATUT,,,UNAVAILABLE,True,missing_value,not_a_text_check,"[""""]",fab71e62e7fa6e5889f8209eb81614b35f08da98951846a4581e7718fbe7fc2a,"[""MR.KLK5.P001""]",,[],False,False
PTECH,5,08b32d4b19c2104362149864e1a0f8981f8ec08e8643602ead56fcbfd9fc1128,1290,PROPRIETAIRE,,,UNAVAILABLE,True,missing_value,not_a_text_check,"[""""]",fab71e62e7fa6e5889f8209eb81614b35f08da98951846a4581e7718fbe7fc2a,"[""MR.KLK5.P001""]",,[],False,False
PTECH,5,08b32d4b19c2104362149864e1a0f8981f8ec08e8643602ead56fcbfd9fc1128,1290,GESTIONNAIRE,,,UNAVAILABLE,True,missing_value,not_a_text_check,"[""""]",fab71e62e7fa6e5889f8209eb81614b35f08da98951846a4581e7718fbe7fc2a,"[""MR.KLK5.P001""]",,[],False,False
PTECH,5,08b32d4b19c2104362149864e1a0f8981f8ec08e8643602ead56fcbfd9fc1128,1290,VILLE,,,UNAVAILABLE,True,missing_value,not_a_text_check,"[""""]",fab71e62e7fa6e5889f8209eb81614b35f08da98951846a4581e7718fbe7fc2a,"[""MR.KLK5.P001""]",,[],False,False
PTECH,5,08b32d4b19c2104362149864e1a0f8981f8ec08e8643602ead56fcbfd9fc1128,1290,X,12543662.375859011,12543662.375859011,DWG_DERIVED:GEODATA+direct-CRS-transform,False,exact,not_a_text_check,"[""""]",fab71e62e7fa6e5889f8209eb81614b35f08da98951846a4581e7718fbe7fc2a,"[""MR.KLK5.P001""]",,[],False,False
PTECH,5,08b32d4b19c2104362149864e1a0f8981f8ec08e8643602ead56fcbfd9fc1128,1290,Y,-821462.7867787112,-821462.7867787112,DWG_DERIVED:GEODATA+direct-CRS-transform,False,exact,not_a_text_check,"[""""]",fab71e62e7fa6e5889f8209eb81614b35f08da98951846a4581e7718fbe7fc2a,"[""MR.KLK5.P001""]",,[],False,False
PTECH,5,08b32d4b19c2104362149864e1a0f8981f8ec08e8643602ead56fcbfd9fc1128,1290,display_label,MR.KLK5.P001,MR.KLK5.P001,DWG_DERIVED:AI-ANNOTATION-AUTO_POLE_ID_FDT_2_73-001|RULE:AI-ANNOTATION-ASSIGN-001,False,exact,verified_selected_annotation,"[""""]",fab71e62e7fa6e5889f8209eb81614b35f08da98951846a4581e7718fbe7fc2a,"[""MR.KLK5.P001""]",,[],False,False
PTECH,6,987825b127779e12a9cd3e1933fbbe8c5e99eed7e8125c57496a5a84815444e0,1284,CODE,MR.KLK5.P022,MR.KLK5.P022,DWG_DERIVED:AI-ANNOTATION-AUTO_POLE_ID_FDT_2_73-001|RULE:AI-ANNOTATION-ASSIGN-001,False,exact,verified_selected_annotation,"[""""]",30118da86e609f580f81a38c6adae11bfffa1d10436b4eeda904651154388f33,"[""MR.KLK5.P022""]",,[],False,False
PTECH,6,987825b127779e12a9cd3e1933fbbe8c5e99eed7e8125c57496a5a84815444e0,1284,REF_PLAQUE,,,UNAVAILABLE,True,missing_value,not_a_text_check,"[""""]",30118da86e609f580f81a38c6adae11bfffa1d10436b4eeda904651154388f33,"[""MR.KLK5.P022""]",,[],False,False
PTECH,6,987825b127779e12a9cd3e1933fbbe8c5e99eed7e8125c57496a5a84815444e0,1284,TYPE,,,UNAVAILABLE,True,missing_value,not_a_text_check,"[""""]",30118da86e609f580f81a38c6adae11bfffa1d10436b4eeda904651154388f33,"[""MR.KLK5.P022""]",,[],False,False
PTECH,6,987825b127779e12a9cd3e1933fbbe8c5e99eed7e8125c57496a5a84815444e0,1284,NATURE,,,UNAVAILABLE,True,missing_value,not_a_text_check,"[""""]",30118da86e609f580f81a38c6adae11bfffa1d10436b4eeda904651154388f33,"[""MR.KLK5.P022""]",,[],False,False
PTECH,6,987825b127779e12a9cd3e1933fbbe8c5e99eed7e8125c57496a5a84815444e0,1284,EFFORT_APPUI,,,UNAVAILABLE,True,missing_value,not_a_text_check,"[""""]",30118da86e609f580f81a38c6adae11bfffa1d10436b4eeda904651154388f33,"[""MR.KLK5.P022""]",,[],False,False
PTECH,6,987825b127779e12a9cd3e1933fbbe8c5e99eed7e8125c57496a5a84815444e0,1284,STATUT,,,UNAVAILABLE,True,missing_value,not_a_text_check,"[""""]",30118da86e609f580f81a38c6adae11bfffa1d10436b4eeda904651154388f33,"[""MR.KLK5.P022""]",,[],False,False
PTECH,6,987825b127779e12a9cd3e1933fbbe8c5e99eed7e8125c57496a5a84815444e0,1284,PROPRIETAIRE,,,UNAVAILABLE,True,missing_value,not_a_text_check,"[""""]",30118da86e609f580f81a38c6adae11bfffa1d10436b4eeda904651154388f33,"[""MR.KLK5.P022""]",,[],False,False
PTECH,6,987825b127779e12a9cd3e1933fbbe8c5e99eed7e8125c57496a5a84815444e0,1284,GESTIONNAIRE,,,UNAVAILABLE,True,missing_value,not_a_text_check,"[""""]",30118da86e609f580f81a38c6adae11bfffa1d10436b4eeda904651154388f33,"[""MR.KLK5.P022""]",,[],False,False
PTECH,6,987825b127779e12a9cd3e1933fbbe8c5e99eed7e8125c57496a5a84815444e0,1284,VILLE,,,UNAVAILABLE,True,missing_value,not_a_text_check,"[""""]",30118da86e609f580f81a38c6adae11bfffa1d10436b4eeda904651154388f33,"[""MR.KLK5.P022""]",,[],False,False
PTECH,6,987825b127779e12a9cd3e1933fbbe8c5e99eed7e8125c57496a5a84815444e0,1284,X,12543600.498929556,12543600.498929556,DWG_DERIVED:GEODATA+direct-CRS-transform,False,exact,not_a_text_check,"[""""]",30118da86e609f580f81a38c6adae11bfffa1d10436b4eeda904651154388f33,"[""MR.KLK5.P022""]",,[],False,False
PTECH,6,987825b127779e12a9cd3e1933fbbe8c5e99eed7e8125c57496a5a84815444e0,1284,Y,-821504.5012110992,-821504.5012110992,DWG_DERIVED:GEODATA+direct-CRS-transform,False,exact,not_a_text_check,"[""""]",30118da86e609f580f81a38c6adae11bfffa1d10436b4eeda904651154388f33,"[""MR.KLK5.P022""]",,[],False,False
PTECH,6,987825b127779e12a9cd3e1933fbbe8c5e99eed7e8125c57496a5a84815444e0,1284,display_label,MR.KLK5.P022,MR.KLK5.P022,DWG_DERIVED:AI-ANNOTATION-AUTO_POLE_ID_FDT_2_73-001|RULE:AI-ANNOTATION-ASSIGN-001,False,exact,verified_selected_annotation,"[""""]",30118da86e609f580f81a38c6adae11bfffa1d10436b4eeda904651154388f33,"[""MR.KLK5.P022""]",,[],False,False
PTECH,7,d4e9a06f2fa9ca3993e207ec352698e28f9337e44437b0abcda87aaf7a3a1eb5,1296,CODE,MR.KLK5.P026,MR.KLK5.P026,DWG_DERIVED:AI-ANNOTATION-AUTO_POLE_ID_2_5-001|RULE:AI-ANNOTATION-ASSIGN-001,False,exact,verified_selected_annotation,"[""""]",5f232b51388a8bfaf871615cb0455adbf9718992bbd1f37857d005e761ec78dc,"[""MR.KLK5.P026""]",,[],False,False
PTECH,7,d4e9a06f2fa9ca3993e207ec352698e28f9337e44437b0abcda87aaf7a3a1eb5,1296,REF_PLAQUE,,,UNAVAILABLE,True,missing_value,not_a_text_check,"[""""]",5f232b51388a8bfaf871615cb0455adbf9718992bbd1f37857d005e761ec78dc,"[""MR.KLK5.P026""]",,[],False,False
PTECH,7,d4e9a06f2fa9ca3993e207ec352698e28f9337e44437b0abcda87aaf7a3a1eb5,1296,TYPE,,,UNAVAILABLE,True,missing_value,not_a_text_check,"[""""]",5f232b51388a8bfaf871615cb0455adbf9718992bbd1f37857d005e761ec78dc,"[""MR.KLK5.P026""]",,[],False,False
PTECH,7,d4e9a06f2fa9ca3993e207ec352698e28f9337e44437b0abcda87aaf7a3a1eb5,1296,NATURE,,,UNAVAILABLE,True,missing_value,not_a_text_check,"[""""]",5f232b51388a8bfaf871615cb0455adbf9718992bbd1f37857d005e761ec78dc,"[""MR.KLK5.P026""]",,[],False,False
PTECH,7,d4e9a06f2fa9ca3993e207ec352698e28f9337e44437b0abcda87aaf7a3a1eb5,1296,EFFORT_APPUI,,,UNAVAILABLE,True,missing_value,not_a_text_check,"[""""]",5f232b51388a8bfaf871615cb0455adbf9718992bbd1f37857d005e761ec78dc,"[""MR.KLK5.P026""]",,[],False,False
PTECH,7,d4e9a06f2fa9ca3993e207ec352698e28f9337e44437b0abcda87aaf7a3a1eb5,1296,STATUT,,,UNAVAILABLE,True,missing_value,not_a_text_check,"[""""]",5f232b51388a8bfaf871615cb0455adbf9718992bbd1f37857d005e761ec78dc,"[""MR.KLK5.P026""]",,[],False,False
PTECH,7,d4e9a06f2fa9ca3993e207ec352698e28f9337e44437b0abcda87aaf7a3a1eb5,1296,PROPRIETAIRE,,,UNAVAILABLE,True,missing_value,not_a_text_check,"[""""]",5f232b51388a8bfaf871615cb0455adbf9718992bbd1f37857d005e761ec78dc,"[""MR.KLK5.P026""]",,[],False,False
PTECH,7,d4e9a06f2fa9ca3993e207ec352698e28f9337e44437b0abcda87aaf7a3a1eb5,1296,GESTIONNAIRE,,,UNAVAILABLE,True,missing_value,not_a_text_check,"[""""]",5f232b51388a8bfaf871615cb0455adbf9718992bbd1f37857d005e761ec78dc,"[""MR.KLK5.P026""]",,[],False,False
PTECH,7,d4e9a06f2fa9ca3993e207ec352698e28f9337e44437b0abcda87aaf7a3a1eb5,1296,VILLE,,,UNAVAILABLE,True,missing_value,not_a_text_check,"[""""]",5f232b51388a8bfaf871615cb0455adbf9718992bbd1f37857d005e761ec78dc,"[""MR.KLK5.P026""]",,[],False,False
PTECH,7,d4e9a06f2fa9ca3993e207ec352698e28f9337e44437b0abcda87aaf7a3a1eb5,1296,X,12543705.938319273,12543705.938319273,DWG_DERIVED:GEODATA+direct-CRS-transform,False,exact,not_a_text_check,"[""""]",5f232b51388a8bfaf871615cb0455adbf9718992bbd1f37857d005e761ec78dc,"[""MR.KLK5.P026""]",,[],False,False
PTECH,7,d4e9a06f2fa9ca3993e207ec352698e28f9337e44437b0abcda87aaf7a3a1eb5,1296,Y,-821464.3393417794,-821464.3393417794,DWG_DERIVED:GEODATA+direct-CRS-transform,False,exact,not_a_text_check,"[""""]",5f232b51388a8bfaf871615cb0455adbf9718992bbd1f37857d005e761ec78dc,"[""MR.KLK5.P026""]",,[],False,False
PTECH,7,d4e9a06f2fa9ca3993e207ec352698e28f9337e44437b0abcda87aaf7a3a1eb5,1296,display_label,MR.KLK5.P026,MR.KLK5.P026,DWG_DERIVED:AI-ANNOTATION-AUTO_POLE_ID_2_5-001|RULE:AI-ANNOTATION-ASSIGN-001,False,exact,verified_selected_annotation,"[""""]",5f232b51388a8bfaf871615cb0455adbf9718992bbd1f37857d005e761ec78dc,"[""MR.KLK5.P026""]",,[],False,False
PTECH,8,4e6d236d5b6e58c738c69a9f8488a7f6690025c86e6c85ce33c6b4b7eb6cd2d8,12D9,CODE,MR.KLK5.P004,MR.KLK5.P004,DWG_DERIVED:AI-ANNOTATION-AUTO_POLE_ID_FDT_2_73-001|RULE:AI-ANNOTATION-ASSIGN-001,False,exact,verified_selected_annotation,"[""""]",cb12ce3c250d2e8df8a6a2aeae3c4bf3cb689fe27cfbbb9a121314863dc33694,"[""MR.KLK5.P004""]",,[],False,False
PTECH,8,4e6d236d5b6e58c738c69a9f8488a7f6690025c86e6c85ce33c6b4b7eb6cd2d8,12D9,REF_PLAQUE,,,UNAVAILABLE,True,missing_value,not_a_text_check,"[""""]",cb12ce3c250d2e8df8a6a2aeae3c4bf3cb689fe27cfbbb9a121314863dc33694,"[""MR.KLK5.P004""]",,[],False,False
PTECH,8,4e6d236d5b6e58c738c69a9f8488a7f6690025c86e6c85ce33c6b4b7eb6cd2d8,12D9,TYPE,,,UNAVAILABLE,True,missing_value,not_a_text_check,"[""""]",cb12ce3c250d2e8df8a6a2aeae3c4bf3cb689fe27cfbbb9a121314863dc33694,"[""MR.KLK5.P004""]",,[],False,False
PTECH,8,4e6d236d5b6e58c738c69a9f8488a7f6690025c86e6c85ce33c6b4b7eb6cd2d8,12D9,NATURE,,,UNAVAILABLE,True,missing_value,not_a_text_check,"[""""]",cb12ce3c250d2e8df8a6a2aeae3c4bf3cb689fe27cfbbb9a121314863dc33694,"[""MR.KLK5.P004""]",,[],False,False
PTECH,8,4e6d236d5b6e58c738c69a9f8488a7f6690025c86e6c85ce33c6b4b7eb6cd2d8,12D9,EFFORT_APPUI,,,UNAVAILABLE,True,missing_value,not_a_text_check,"[""""]",cb12ce3c250d2e8df8a6a2aeae3c4bf3cb689fe27cfbbb9a121314863dc33694,"[""MR.KLK5.P004""]",,[],False,False
PTECH,8,4e6d236d5b6e58c738c69a9f8488a7f6690025c86e6c85ce33c6b4b7eb6cd2d8,12D9,STATUT,,,UNAVAILABLE,True,missing_value,not_a_text_check,"[""""]",cb12ce3c250d2e8df8a6a2aeae3c4bf3cb689fe27cfbbb9a121314863dc33694,"[""MR.KLK5.P004""]",,[],False,False
PTECH,8,4e6d236d5b6e58c738c69a9f8488a7f6690025c86e6c85ce33c6b4b7eb6cd2d8,12D9,PROPRIETAIRE,,,UNAVAILABLE,True,missing_value,not_a_text_check,"[""""]",cb12ce3c250d2e8df8a6a2aeae3c4bf3cb689fe27cfbbb9a121314863dc33694,"[""MR.KLK5.P004""]",,[],False,False
PTECH,8,4e6d236d5b6e58c738c69a9f8488a7f6690025c86e6c85ce33c6b4b7eb6cd2d8,12D9,GESTIONNAIRE,,,UNAVAILABLE,True,missing_value,not_a_text_check,"[""""]",cb12ce3c250d2e8df8a6a2aeae3c4bf3cb689fe27cfbbb9a121314863dc33694,"[""MR.KLK5.P004""]",,[],False,False
PTECH,8,4e6d236d5b6e58c738c69a9f8488a7f6690025c86e6c85ce33c6b4b7eb6cd2d8,12D9,VILLE,,,UNAVAILABLE,True,missing_value,not_a_text_check,"[""""]",cb12ce3c250d2e8df8a6a2aeae3c4bf3cb689fe27cfbbb9a121314863dc33694,"[""MR.KLK5.P004""]",,[],False,False
PTECH,8,4e6d236d5b6e58c738c69a9f8488a7f6690025c86e6c85ce33c6b4b7eb6cd2d8,12D9,X,12543677.065974977,12543677.065974977,DWG_DERIVED:GEODATA+direct-CRS-transform,False,exact,not_a_text_check,"[""""]",cb12ce3c250d2e8df8a6a2aeae3c4bf3cb689fe27cfbbb9a121314863dc33694,"[""MR.KLK5.P004""]",,[],False,False
PTECH,8,4e6d236d5b6e58c738c69a9f8488a7f6690025c86e6c85ce33c6b4b7eb6cd2d8,12D9,Y,-821515.5401957675,-821515.5401957675,DWG_DERIVED:GEODATA+direct-CRS-transform,False,exact,not_a_text_check,"[""""]",cb12ce3c250d2e8df8a6a2aeae3c4bf3cb689fe27cfbbb9a121314863dc33694,"[""MR.KLK5.P004""]",,[],False,False
PTECH,8,4e6d236d5b6e58c738c69a9f8488a7f6690025c86e6c85ce33c6b4b7eb6cd2d8,12D9,display_label,MR.KLK5.P004,MR.KLK5.P004,DWG_DERIVED:AI-ANNOTATION-AUTO_POLE_ID_FDT_2_73-001|RULE:AI-ANNOTATION-ASSIGN-001,False,exact,verified_selected_annotation,"[""""]",cb12ce3c250d2e8df8a6a2aeae3c4bf3cb689fe27cfbbb9a121314863dc33694,"[""MR.KLK5.P004""]",,[],False,False
PTECH,9,f02a4a0cb056c3263d4fd2b2d756699fbb26d18bfdf06442b49711525bc363eb,12AE,CODE,MR.KLK5.P016,MR.KLK5.P016,DWG_DERIVED:AI-ANNOTATION-AUTO_POLE_ID_2_5-001|RULE:AI-ANNOTATION-ASSIGN-001,False,exact,verified_selected_annotation,"[""""]",7c6d70963bb20812126024c9e7e200971ad3d190ce09e88d2ea4c7d911f2854c,"[""MR.KLK5.P016""]",,[],False,False
PTECH,9,f02a4a0cb056c3263d4fd2b2d756699fbb26d18bfdf06442b49711525bc363eb,12AE,REF_PLAQUE,,,UNAVAILABLE,True,missing_value,not_a_text_check,"[""""]",7c6d70963bb20812126024c9e7e200971ad3d190ce09e88d2ea4c7d911f2854c,"[""MR.KLK5.P016""]",,[],False,False
PTECH,9,f02a4a0cb056c3263d4fd2b2d756699fbb26d18bfdf06442b49711525bc363eb,12AE,TYPE,,,UNAVAILABLE,True,missing_value,not_a_text_check,"[""""]",7c6d70963bb20812126024c9e7e200971ad3d190ce09e88d2ea4c7d911f2854c,"[""MR.KLK5.P016""]",,[],False,False
PTECH,9,f02a4a0cb056c3263d4fd2b2d756699fbb26d18bfdf06442b49711525bc363eb,12AE,NATURE,,,UNAVAILABLE,True,missing_value,not_a_text_check,"[""""]",7c6d70963bb20812126024c9e7e200971ad3d190ce09e88d2ea4c7d911f2854c,"[""MR.KLK5.P016""]",,[],False,False
PTECH,9,f02a4a0cb056c3263d4fd2b2d756699fbb26d18bfdf06442b49711525bc363eb,12AE,EFFORT_APPUI,,,UNAVAILABLE,True,missing_value,not_a_text_check,"[""""]",7c6d70963bb20812126024c9e7e200971ad3d190ce09e88d2ea4c7d911f2854c,"[""MR.KLK5.P016""]",,[],False,False
PTECH,9,f02a4a0cb056c3263d4fd2b2d756699fbb26d18bfdf06442b49711525bc363eb,12AE,STATUT,,,UNAVAILABLE,True,missing_value,not_a_text_check,"[""""]",7c6d70963bb20812126024c9e7e200971ad3d190ce09e88d2ea4c7d911f2854c,"[""MR.KLK5.P016""]",,[],False,False
PTECH,9,f02a4a0cb056c3263d4fd2b2d756699fbb26d18bfdf06442b49711525bc363eb,12AE,PROPRIETAIRE,,,UNAVAILABLE,True,missing_value,not_a_text_check,"[""""]",7c6d70963bb20812126024c9e7e200971ad3d190ce09e88d2ea4c7d911f2854c,"[""MR.KLK5.P016""]",,[],False,False
PTECH,9,f02a4a0cb056c3263d4fd2b2d756699fbb26d18bfdf06442b49711525bc363eb,12AE,GESTIONNAIRE,,,UNAVAILABLE,True,missing_value,not_a_text_check,"[""""]",7c6d70963bb20812126024c9e7e200971ad3d190ce09e88d2ea4c7d911f2854c,"[""MR.KLK5.P016""]",,[],False,False
PTECH,9,f02a4a0cb056c3263d4fd2b2d756699fbb26d18bfdf06442b49711525bc363eb,12AE,VILLE,,,UNAVAILABLE,True,missing_value,not_a_text_check,"[""""]",7c6d70963bb20812126024c9e7e200971ad3d190ce09e88d2ea4c7d911f2854c,"[""MR.KLK5.P016""]",,[],False,False
PTECH,9,f02a4a0cb056c3263d4fd2b2d756699fbb26d18bfdf06442b49711525bc363eb,12AE,X,12543713.721035594,12543713.721035594,DWG_DERIVED:GEODATA+direct-CRS-transform,False,exact,not_a_text_check,"[""""]",7c6d70963bb20812126024c9e7e200971ad3d190ce09e88d2ea4c7d911f2854c,"[""MR.KLK5.P016""]",,[],False,False
PTECH,9,f02a4a0cb056c3263d4fd2b2d756699fbb26d18bfdf06442b49711525bc363eb,12AE,Y,-821618.6262403245,-821618.6262403245,DWG_DERIVED:GEODATA+direct-CRS-transform,False,exact,not_a_text_check,"[""""]",7c6d70963bb20812126024c9e7e200971ad3d190ce09e88d2ea4c7d911f2854c,"[""MR.KLK5.P016""]",,[],False,False
PTECH,9,f02a4a0cb056c3263d4fd2b2d756699fbb26d18bfdf06442b49711525bc363eb,12AE,display_label,MR.KLK5.P016,MR.KLK5.P016,DWG_DERIVED:AI-ANNOTATION-AUTO_POLE_ID_2_5-001|RULE:AI-ANNOTATION-ASSIGN-001,False,exact,verified_selected_annotation,"[""""]",7c6d70963bb20812126024c9e7e200971ad3d190ce09e88d2ea4c7d911f2854c,"[""MR.KLK5.P016""]",,[],False,False
PTECH,10,710a30a2056b21b0c270320fd63756552d5814a7c0731008e5c0bffbeeb81d37,12B1,CODE,MR.KLK5.P017,MR.KLK5.P017,DWG_DERIVED:AI-ANNOTATION-AUTO_POLE_ID_2_5-001|RULE:AI-ANNOTATION-ASSIGN-001,False,exact,verified_selected_annotation,"[""""]",625ec14de88f753c93e492d8c41a245ef47c99968d9a0907de45baac81ef99c5,"[""MR.KLK5.P017""]",,[],False,False
PTECH,10,710a30a2056b21b0c270320fd63756552d5814a7c0731008e5c0bffbeeb81d37,12B1,REF_PLAQUE,,,UNAVAILABLE,True,missing_value,not_a_text_check,"[""""]",625ec14de88f753c93e492d8c41a245ef47c99968d9a0907de45baac81ef99c5,"[""MR.KLK5.P017""]",,[],False,False
PTECH,10,710a30a2056b21b0c270320fd63756552d5814a7c0731008e5c0bffbeeb81d37,12B1,TYPE,,,UNAVAILABLE,True,missing_value,not_a_text_check,"[""""]",625ec14de88f753c93e492d8c41a245ef47c99968d9a0907de45baac81ef99c5,"[""MR.KLK5.P017""]",,[],False,False
PTECH,10,710a30a2056b21b0c270320fd63756552d5814a7c0731008e5c0bffbeeb81d37,12B1,NATURE,,,UNAVAILABLE,True,missing_value,not_a_text_check,"[""""]",625ec14de88f753c93e492d8c41a245ef47c99968d9a0907de45baac81ef99c5,"[""MR.KLK5.P017""]",,[],False,False
PTECH,10,710a30a2056b21b0c270320fd63756552d5814a7c0731008e5c0bffbeeb81d37,12B1,EFFORT_APPUI,,,UNAVAILABLE,True,missing_value,not_a_text_check,"[""""]",625ec14de88f753c93e492d8c41a245ef47c99968d9a0907de45baac81ef99c5,"[""MR.KLK5.P017""]",,[],False,False
PTECH,10,710a30a2056b21b0c270320fd63756552d5814a7c0731008e5c0bffbeeb81d37,12B1,STATUT,,,UNAVAILABLE,True,missing_value,not_a_text_check,"[""""]",625ec14de88f753c93e492d8c41a245ef47c99968d9a0907de45baac81ef99c5,"[""MR.KLK5.P017""]",,[],False,False
PTECH,10,710a30a2056b21b0c270320fd63756552d5814a7c0731008e5c0bffbeeb81d37,12B1,PROPRIETAIRE,,,UNAVAILABLE,True,missing_value,not_a_text_check,"[""""]",625ec14de88f753c93e492d8c41a245ef47c99968d9a0907de45baac81ef99c5,"[""MR.KLK5.P017""]",,[],False,False
PTECH,10,710a30a2056b21b0c270320fd63756552d5814a7c0731008e5c0bffbeeb81d37,12B1,GESTIONNAIRE,,,UNAVAILABLE,True,missing_value,not_a_text_check,"[""""]",625ec14de88f753c93e492d8c41a245ef47c99968d9a0907de45baac81ef99c5,"[""MR.KLK5.P017""]",,[],False,False
PTECH,10,710a30a2056b21b0c270320fd63756552d5814a7c0731008e5c0bffbeeb81d37,12B1,VILLE,,,UNAVAILABLE,True,missing_value,not_a_text_check,"[""""]",625ec14de88f753c93e492d8c41a245ef47c99968d9a0907de45baac81ef99c5,"[""MR.KLK5.P017""]",,[],False,False
PTECH,10,710a30a2056b21b0c270320fd63756552d5814a7c0731008e5c0bffbeeb81d37,12B1,X,12543750.118165102,12543750.118165102,DWG_DERIVED:GEODATA+direct-CRS-transform,False,exact,not_a_text_check,"[""""]",625ec14de88f753c93e492d8c41a245ef47c99968d9a0907de45baac81ef99c5,"[""MR.KLK5.P017""]",,[],False,False
PTECH,10,710a30a2056b21b0c270320fd63756552d5814a7c0731008e5c0bffbeeb81d37,12B1,Y,-821627.1966431796,-821627.1966431796,DWG_DERIVED:GEODATA+direct-CRS-transform,False,exact,not_a_text_check,"[""""]",625ec14de88f753c93e492d8c41a245ef47c99968d9a0907de45baac81ef99c5,"[""MR.KLK5.P017""]",,[],False,False
PTECH,10,710a30a2056b21b0c270320fd63756552d5814a7c0731008e5c0bffbeeb81d37,12B1,display_label,MR.KLK5.P017,MR.KLK5.P017,DWG_DERIVED:AI-ANNOTATION-AUTO_POLE_ID_2_5-001|RULE:AI-ANNOTATION-ASSIGN-001,False,exact,verified_selected_annotation,"[""""]",625ec14de88f753c93e492d8c41a245ef47c99968d9a0907de45baac81ef99c5,"[""MR.KLK5.P017""]",,[],False,False
PTECH,11,e03619289555989934e67069da07ec4baba12047a3c0a7e59476591537cd06bc,1369,CODE,MR.KLK5.P032,MR.KLK5.P032,DWG_DERIVED:AI-ANNOTATION-AUTO_POLE_ID_2_5-001|RULE:AI-ANNOTATION-ASSIGN-001,False,exact,verified_selected_annotation,"[""""]",503a23bf7ce100123dea2414d5a317610e745c27b29d214e2aabf982c953973d,"[""MR.KLK5.P032""]",,[],False,False
PTECH,11,e03619289555989934e67069da07ec4baba12047a3c0a7e59476591537cd06bc,1369,REF_PLAQUE,,,UNAVAILABLE,True,missing_value,not_a_text_check,"[""""]",503a23bf7ce100123dea2414d5a317610e745c27b29d214e2aabf982c953973d,"[""MR.KLK5.P032""]",,[],False,False
PTECH,11,e03619289555989934e67069da07ec4baba12047a3c0a7e59476591537cd06bc,1369,TYPE,,,UNAVAILABLE,True,missing_value,not_a_text_check,"[""""]",503a23bf7ce100123dea2414d5a317610e745c27b29d214e2aabf982c953973d,"[""MR.KLK5.P032""]",,[],False,False
PTECH,11,e03619289555989934e67069da07ec4baba12047a3c0a7e59476591537cd06bc,1369,NATURE,,,UNAVAILABLE,True,missing_value,not_a_text_check,"[""""]",503a23bf7ce100123dea2414d5a317610e745c27b29d214e2aabf982c953973d,"[""MR.KLK5.P032""]",,[],False,False
PTECH,11,e03619289555989934e67069da07ec4baba12047a3c0a7e59476591537cd06bc,1369,EFFORT_APPUI,,,UNAVAILABLE,True,missing_value,not_a_text_check,"[""""]",503a23bf7ce100123dea2414d5a317610e745c27b29d214e2aabf982c953973d,"[""MR.KLK5.P032""]",,[],False,False
PTECH,11,e03619289555989934e67069da07ec4baba12047a3c0a7e59476591537cd06bc,1369,STATUT,,,UNAVAILABLE,True,missing_value,not_a_text_check,"[""""]",503a23bf7ce100123dea2414d5a317610e745c27b29d214e2aabf982c953973d,"[""MR.KLK5.P032""]",,[],False,False
PTECH,11,e03619289555989934e67069da07ec4baba12047a3c0a7e59476591537cd06bc,1369,PROPRIETAIRE,,,UNAVAILABLE,True,missing_value,not_a_text_check,"[""""]",503a23bf7ce100123dea2414d5a317610e745c27b29d214e2aabf982c953973d,"[""MR.KLK5.P032""]",,[],False,False
PTECH,11,e03619289555989934e67069da07ec4baba12047a3c0a7e59476591537cd06bc,1369,GESTIONNAIRE,,,UNAVAILABLE,True,missing_value,not_a_text_check,"[""""]",503a23bf7ce100123dea2414d5a317610e745c27b29d214e2aabf982c953973d,"[""MR.KLK5.P032""]",,[],False,False
PTECH,11,e03619289555989934e67069da07ec4baba12047a3c0a7e59476591537cd06bc,1369,VILLE,,,UNAVAILABLE,True,missing_value,not_a_text_check,"[""""]",503a23bf7ce100123dea2414d5a317610e745c27b29d214e2aabf982c953973d,"[""MR.KLK5.P032""]",,[],False,False
PTECH,11,e03619289555989934e67069da07ec4baba12047a3c0a7e59476591537cd06bc,1369,X,12543797.761153115,12543797.761153115,DWG_DERIVED:GEODATA+direct-CRS-transform,False,exact,not_a_text_check,"[""""]",503a23bf7ce100123dea2414d5a317610e745c27b29d214e2aabf982c953973d,"[""MR.KLK5.P032""]",,[],False,False
PTECH,11,e03619289555989934e67069da07ec4baba12047a3c0a7e59476591537cd06bc,1369,Y,-821512.3123124259,-821512.3123124259,DWG_DERIVED:GEODATA+direct-CRS-transform,False,exact,not_a_text_check,"[""""]",503a23bf7ce100123dea2414d5a317610e745c27b29d214e2aabf982c953973d,"[""MR.KLK5.P032""]",,[],False,False
PTECH,11,e03619289555989934e67069da07ec4baba12047a3c0a7e59476591537cd06bc,1369,display_label,MR.KLK5.P032,MR.KLK5.P032,DWG_DERIVED:AI-ANNOTATION-AUTO_POLE_ID_2_5-001|RULE:AI-ANNOTATION-ASSIGN-001,False,exact,verified_selected_annotation,"[""""]",503a23bf7ce100123dea2414d5a317610e745c27b29d214e2aabf982c953973d,"[""MR.KLK5.P032""]",,[],False,False
PTECH,12,a939769fb6aa45ca4c33118217e26b7d2590b3a7cce59ad019702bca20d34640,12BA,CODE,MR.KLK5.P011,MR.KLK5.P011,DWG_DERIVED:AI-ANNOTATION-AUTO_POLE_ID_2_5-001|RULE:AI-ANNOTATION-ASSIGN-001,False,exact,verified_selected_annotation,"[""""]",570d9ae834931d3e7f1bc5196e729ab8be031e86e01c21202c91dde294d8019f,"[""MR.KLK5.P011""]",,[],False,False
PTECH,12,a939769fb6aa45ca4c33118217e26b7d2590b3a7cce59ad019702bca20d34640,12BA,REF_PLAQUE,,,UNAVAILABLE,True,missing_value,not_a_text_check,"[""""]",570d9ae834931d3e7f1bc5196e729ab8be031e86e01c21202c91dde294d8019f,"[""MR.KLK5.P011""]",,[],False,False
PTECH,12,a939769fb6aa45ca4c33118217e26b7d2590b3a7cce59ad019702bca20d34640,12BA,TYPE,,,UNAVAILABLE,True,missing_value,not_a_text_check,"[""""]",570d9ae834931d3e7f1bc5196e729ab8be031e86e01c21202c91dde294d8019f,"[""MR.KLK5.P011""]",,[],False,False
PTECH,12,a939769fb6aa45ca4c33118217e26b7d2590b3a7cce59ad019702bca20d34640,12BA,NATURE,,,UNAVAILABLE,True,missing_value,not_a_text_check,"[""""]",570d9ae834931d3e7f1bc5196e729ab8be031e86e01c21202c91dde294d8019f,"[""MR.KLK5.P011""]",,[],False,False
PTECH,12,a939769fb6aa45ca4c33118217e26b7d2590b3a7cce59ad019702bca20d34640,12BA,EFFORT_APPUI,,,UNAVAILABLE,True,missing_value,not_a_text_check,"[""""]",570d9ae834931d3e7f1bc5196e729ab8be031e86e01c21202c91dde294d8019f,"[""MR.KLK5.P011""]",,[],False,False
PTECH,12,a939769fb6aa45ca4c33118217e26b7d2590b3a7cce59ad019702bca20d34640,12BA,STATUT,,,UNAVAILABLE,True,missing_value,not_a_text_check,"[""""]",570d9ae834931d3e7f1bc5196e729ab8be031e86e01c21202c91dde294d8019f,"[""MR.KLK5.P011""]",,[],False,False
PTECH,12,a939769fb6aa45ca4c33118217e26b7d2590b3a7cce59ad019702bca20d34640,12BA,PROPRIETAIRE,,,UNAVAILABLE,True,missing_value,not_a_text_check,"[""""]",570d9ae834931d3e7f1bc5196e729ab8be031e86e01c21202c91dde294d8019f,"[""MR.KLK5.P011""]",,[],False,False
PTECH,12,a939769fb6aa45ca4c33118217e26b7d2590b3a7cce59ad019702bca20d34640,12BA,GESTIONNAIRE,,,UNAVAILABLE,True,missing_value,not_a_text_check,"[""""]",570d9ae834931d3e7f1bc5196e729ab8be031e86e01c21202c91dde294d8019f,"[""MR.KLK5.P011""]",,[],False,False
PTECH,12,a939769fb6aa45ca4c33118217e26b7d2590b3a7cce59ad019702bca20d34640,12BA,VILLE,,,UNAVAILABLE,True,missing_value,not_a_text_check,"[""""]",570d9ae834931d3e7f1bc5196e729ab8be031e86e01c21202c91dde294d8019f,"[""MR.KLK5.P011""]",,[],False,False
PTECH,12,a939769fb6aa45ca4c33118217e26b7d2590b3a7cce59ad019702bca20d34640,12BA,X,12543633.064014804,12543633.064014804,DWG_DERIVED:GEODATA+direct-CRS-transform,False,exact,not_a_text_check,"[""""]",570d9ae834931d3e7f1bc5196e729ab8be031e86e01c21202c91dde294d8019f,"[""MR.KLK5.P011""]",,[],False,False
PTECH,12,a939769fb6aa45ca4c33118217e26b7d2590b3a7cce59ad019702bca20d34640,12BA,Y,-821594.3863365955,-821594.3863365955,DWG_DERIVED:GEODATA+direct-CRS-transform,False,exact,not_a_text_check,"[""""]",570d9ae834931d3e7f1bc5196e729ab8be031e86e01c21202c91dde294d8019f,"[""MR.KLK5.P011""]",,[],False,False
PTECH,12,a939769fb6aa45ca4c33118217e26b7d2590b3a7cce59ad019702bca20d34640,12BA,display_label,MR.KLK5.P011,MR.KLK5.P011,DWG_DERIVED:AI-ANNOTATION-AUTO_POLE_ID_2_5-001|RULE:AI-ANNOTATION-ASSIGN-001,False,exact,verified_selected_annotation,"[""""]",570d9ae834931d3e7f1bc5196e729ab8be031e86e01c21202c91dde294d8019f,"[""MR.KLK5.P011""]",,[],False,False
PTECH,13,f4b9cbbefc1a34eb4272df1809ea9cdee2592d9da7fdf235db64bd4aebfb6920,12AB,CODE,MR.KLK5.P015,MR.KLK5.P015,DWG_DERIVED:AI-ANNOTATION-AUTO_POLE_ID_2_5-001|RULE:AI-ANNOTATION-ASSIGN-001,False,exact,verified_selected_annotation,"[""""]",9856f52620dd8055a9c34c94d0990874eef187d1e9d2d5e04fe41b28e8d6b95f,"[""MR.KLK5.P015""]",,[],False,False
PTECH,13,f4b9cbbefc1a34eb4272df1809ea9cdee2592d9da7fdf235db64bd4aebfb6920,12AB,REF_PLAQUE,,,UNAVAILABLE,True,missing_value,not_a_text_check,"[""""]",9856f52620dd8055a9c34c94d0990874eef187d1e9d2d5e04fe41b28e8d6b95f,"[""MR.KLK5.P015""]",,[],False,False
PTECH,13,f4b9cbbefc1a34eb4272df1809ea9cdee2592d9da7fdf235db64bd4aebfb6920,12AB,TYPE,,,UNAVAILABLE,True,missing_value,not_a_text_check,"[""""]",9856f52620dd8055a9c34c94d0990874eef187d1e9d2d5e04fe41b28e8d6b95f,"[""MR.KLK5.P015""]",,[],False,False
PTECH,13,f4b9cbbefc1a34eb4272df1809ea9cdee2592d9da7fdf235db64bd4aebfb6920,12AB,NATURE,,,UNAVAILABLE,True,missing_value,not_a_text_check,"[""""]",9856f52620dd8055a9c34c94d0990874eef187d1e9d2d5e04fe41b28e8d6b95f,"[""MR.KLK5.P015""]",,[],False,False
PTECH,13,f4b9cbbefc1a34eb4272df1809ea9cdee2592d9da7fdf235db64bd4aebfb6920,12AB,EFFORT_APPUI,,,UNAVAILABLE,True,missing_value,not_a_text_check,"[""""]",9856f52620dd8055a9c34c94d0990874eef187d1e9d2d5e04fe41b28e8d6b95f,"[""MR.KLK5.P015""]",,[],False,False
PTECH,13,f4b9cbbefc1a34eb4272df1809ea9cdee2592d9da7fdf235db64bd4aebfb6920,12AB,STATUT,,,UNAVAILABLE,True,missing_value,not_a_text_check,"[""""]",9856f52620dd8055a9c34c94d0990874eef187d1e9d2d5e04fe41b28e8d6b95f,"[""MR.KLK5.P015""]",,[],False,False
PTECH,13,f4b9cbbefc1a34eb4272df1809ea9cdee2592d9da7fdf235db64bd4aebfb6920,12AB,PROPRIETAIRE,,,UNAVAILABLE,True,missing_value,not_a_text_check,"[""""]",9856f52620dd8055a9c34c94d0990874eef187d1e9d2d5e04fe41b28e8d6b95f,"[""MR.KLK5.P015""]",,[],False,False
PTECH,13,f4b9cbbefc1a34eb4272df1809ea9cdee2592d9da7fdf235db64bd4aebfb6920,12AB,GESTIONNAIRE,,,UNAVAILABLE,True,missing_value,not_a_text_check,"[""""]",9856f52620dd8055a9c34c94d0990874eef187d1e9d2d5e04fe41b28e8d6b95f,"[""MR.KLK5.P015""]",,[],False,False
PTECH,13,f4b9cbbefc1a34eb4272df1809ea9cdee2592d9da7fdf235db64bd4aebfb6920,12AB,VILLE,,,UNAVAILABLE,True,missing_value,not_a_text_check,"[""""]",9856f52620dd8055a9c34c94d0990874eef187d1e9d2d5e04fe41b28e8d6b95f,"[""MR.KLK5.P015""]",,[],False,False
PTECH,13,f4b9cbbefc1a34eb4272df1809ea9cdee2592d9da7fdf235db64bd4aebfb6920,12AB,X,12543664.055259675,12543664.055259675,DWG_DERIVED:GEODATA+direct-CRS-transform,False,exact,not_a_text_check,"[""""]",9856f52620dd8055a9c34c94d0990874eef187d1e9d2d5e04fe41b28e8d6b95f,"[""MR.KLK5.P015""]",,[],False,False
PTECH,13,f4b9cbbefc1a34eb4272df1809ea9cdee2592d9da7fdf235db64bd4aebfb6920,12AB,Y,-821608.2199883,-821608.2199883,DWG_DERIVED:GEODATA+direct-CRS-transform,False,exact,not_a_text_check,"[""""]",9856f52620dd8055a9c34c94d0990874eef187d1e9d2d5e04fe41b28e8d6b95f,"[""MR.KLK5.P015""]",,[],False,False
PTECH,13,f4b9cbbefc1a34eb4272df1809ea9cdee2592d9da7fdf235db64bd4aebfb6920,12AB,display_label,MR.KLK5.P015,MR.KLK5.P015,DWG_DERIVED:AI-ANNOTATION-AUTO_POLE_ID_2_5-001|RULE:AI-ANNOTATION-ASSIGN-001,False,exact,verified_selected_annotation,"[""""]",9856f52620dd8055a9c34c94d0990874eef187d1e9d2d5e04fe41b28e8d6b95f,"[""MR.KLK5.P015""]",,[],False,False
PTECH,14,264d77e2ef94d531697884cbaade925e050053f25be87d81189be1bebbdf46bc,C87,CODE,EXT.MR.BDR.P069,EXT.MR.BDR.P069,DWG_DERIVED:pole-label-semantic|RULE:AI-ANNOTATION-ASSIGN-001,False,exact,verified_selected_annotation,"[""""]",e07021235f0a0e5f25c53e71a31d4d16098bfa2aded781da31acc6d66476d4bf,"[""EXT.MR.BDR.P069""]",,[],False,False
PTECH,14,264d77e2ef94d531697884cbaade925e050053f25be87d81189be1bebbdf46bc,C87,REF_PLAQUE,,,UNAVAILABLE,True,missing_value,not_a_text_check,"[""""]",e07021235f0a0e5f25c53e71a31d4d16098bfa2aded781da31acc6d66476d4bf,"[""EXT.MR.BDR.P069""]",,[],False,False
PTECH,14,264d77e2ef94d531697884cbaade925e050053f25be87d81189be1bebbdf46bc,C87,TYPE,,,UNAVAILABLE,True,missing_value,not_a_text_check,"[""""]",e07021235f0a0e5f25c53e71a31d4d16098bfa2aded781da31acc6d66476d4bf,"[""EXT.MR.BDR.P069""]",,[],False,False
PTECH,14,264d77e2ef94d531697884cbaade925e050053f25be87d81189be1bebbdf46bc,C87,NATURE,,,UNAVAILABLE,True,missing_value,not_a_text_check,"[""""]",e07021235f0a0e5f25c53e71a31d4d16098bfa2aded781da31acc6d66476d4bf,"[""EXT.MR.BDR.P069""]",,[],False,False
PTECH,14,264d77e2ef94d531697884cbaade925e050053f25be87d81189be1bebbdf46bc,C87,EFFORT_APPUI,,,UNAVAILABLE,True,missing_value,not_a_text_check,"[""""]",e07021235f0a0e5f25c53e71a31d4d16098bfa2aded781da31acc6d66476d4bf,"[""EXT.MR.BDR.P069""]",,[],False,False
PTECH,14,264d77e2ef94d531697884cbaade925e050053f25be87d81189be1bebbdf46bc,C87,STATUT,,,UNAVAILABLE,True,missing_value,not_a_text_check,"[""""]",e07021235f0a0e5f25c53e71a31d4d16098bfa2aded781da31acc6d66476d4bf,"[""EXT.MR.BDR.P069""]",,[],False,False
PTECH,14,264d77e2ef94d531697884cbaade925e050053f25be87d81189be1bebbdf46bc,C87,PROPRIETAIRE,,,UNAVAILABLE,True,missing_value,not_a_text_check,"[""""]",e07021235f0a0e5f25c53e71a31d4d16098bfa2aded781da31acc6d66476d4bf,"[""EXT.MR.BDR.P069""]",,[],False,False
PTECH,14,264d77e2ef94d531697884cbaade925e050053f25be87d81189be1bebbdf46bc,C87,GESTIONNAIRE,,,UNAVAILABLE,True,missing_value,not_a_text_check,"[""""]",e07021235f0a0e5f25c53e71a31d4d16098bfa2aded781da31acc6d66476d4bf,"[""EXT.MR.BDR.P069""]",,[],False,False
PTECH,14,264d77e2ef94d531697884cbaade925e050053f25be87d81189be1bebbdf46bc,C87,VILLE,,,UNAVAILABLE,True,missing_value,not_a_text_check,"[""""]",e07021235f0a0e5f25c53e71a31d4d16098bfa2aded781da31acc6d66476d4bf,"[""EXT.MR.BDR.P069""]",,[],False,False
PTECH,14,264d77e2ef94d531697884cbaade925e050053f25be87d81189be1bebbdf46bc,C87,X,12543586.041022155,12543586.041022155,DWG_DERIVED:GEODATA+direct-CRS-transform,False,exact,not_a_text_check,"[""""]",e07021235f0a0e5f25c53e71a31d4d16098bfa2aded781da31acc6d66476d4bf,"[""EXT.MR.BDR.P069""]",,[],False,False
PTECH,14,264d77e2ef94d531697884cbaade925e050053f25be87d81189be1bebbdf46bc,C87,Y,-821584.3925573725,-821584.3925573725,DWG_DERIVED:GEODATA+direct-CRS-transform,False,exact,not_a_text_check,"[""""]",e07021235f0a0e5f25c53e71a31d4d16098bfa2aded781da31acc6d66476d4bf,"[""EXT.MR.BDR.P069""]",,[],False,False
PTECH,14,264d77e2ef94d531697884cbaade925e050053f25be87d81189be1bebbdf46bc,C87,display_label,EXT.MR.BDR.P069,EXT.MR.BDR.P069,DWG_DERIVED:pole-label-semantic|RULE:AI-ANNOTATION-ASSIGN-001,False,exact,verified_selected_annotation,"[""""]",e07021235f0a0e5f25c53e71a31d4d16098bfa2aded781da31acc6d66476d4bf,"[""EXT.MR.BDR.P069""]",,[],False,False
PTECH,15,5b1f3d0a06d10487dd43517f1192e606c5e3fe72f74735c9ded39661fa925408,CF6,CODE,MR.KLK5.P013,MR.KLK5.P013,DWG_DERIVED:AI-ANNOTATION-AUTO_POLE_ID_2_5-001|RULE:AI-ANNOTATION-ASSIGN-001,False,exact,verified_selected_annotation,"[""""]",f09a512298566aeb5c1ec8fc7e51cb2f80b23800cea849511a51f47f1c632a4a,"[""MR.KLK5.P013""]",,[],False,False
PTECH,15,5b1f3d0a06d10487dd43517f1192e606c5e3fe72f74735c9ded39661fa925408,CF6,REF_PLAQUE,,,UNAVAILABLE,True,missing_value,not_a_text_check,"[""""]",f09a512298566aeb5c1ec8fc7e51cb2f80b23800cea849511a51f47f1c632a4a,"[""MR.KLK5.P013""]",,[],False,False
PTECH,15,5b1f3d0a06d10487dd43517f1192e606c5e3fe72f74735c9ded39661fa925408,CF6,TYPE,,,UNAVAILABLE,True,missing_value,not_a_text_check,"[""""]",f09a512298566aeb5c1ec8fc7e51cb2f80b23800cea849511a51f47f1c632a4a,"[""MR.KLK5.P013""]",,[],False,False
PTECH,15,5b1f3d0a06d10487dd43517f1192e606c5e3fe72f74735c9ded39661fa925408,CF6,NATURE,,,UNAVAILABLE,True,missing_value,not_a_text_check,"[""""]",f09a512298566aeb5c1ec8fc7e51cb2f80b23800cea849511a51f47f1c632a4a,"[""MR.KLK5.P013""]",,[],False,False
PTECH,15,5b1f3d0a06d10487dd43517f1192e606c5e3fe72f74735c9ded39661fa925408,CF6,EFFORT_APPUI,,,UNAVAILABLE,True,missing_value,not_a_text_check,"[""""]",f09a512298566aeb5c1ec8fc7e51cb2f80b23800cea849511a51f47f1c632a4a,"[""MR.KLK5.P013""]",,[],False,False
PTECH,15,5b1f3d0a06d10487dd43517f1192e606c5e3fe72f74735c9ded39661fa925408,CF6,STATUT,,,UNAVAILABLE,True,missing_value,not_a_text_check,"[""""]",f09a512298566aeb5c1ec8fc7e51cb2f80b23800cea849511a51f47f1c632a4a,"[""MR.KLK5.P013""]",,[],False,False
PTECH,15,5b1f3d0a06d10487dd43517f1192e606c5e3fe72f74735c9ded39661fa925408,CF6,PROPRIETAIRE,,,UNAVAILABLE,True,missing_value,not_a_text_check,"[""""]",f09a512298566aeb5c1ec8fc7e51cb2f80b23800cea849511a51f47f1c632a4a,"[""MR.KLK5.P013""]",,[],False,False
PTECH,15,5b1f3d0a06d10487dd43517f1192e606c5e3fe72f74735c9ded39661fa925408,CF6,GESTIONNAIRE,,,UNAVAILABLE,True,missing_value,not_a_text_check,"[""""]",f09a512298566aeb5c1ec8fc7e51cb2f80b23800cea849511a51f47f1c632a4a,"[""MR.KLK5.P013""]",,[],False,False
PTECH,15,5b1f3d0a06d10487dd43517f1192e606c5e3fe72f74735c9ded39661fa925408,CF6,VILLE,,,UNAVAILABLE,True,missing_value,not_a_text_check,"[""""]",f09a512298566aeb5c1ec8fc7e51cb2f80b23800cea849511a51f47f1c632a4a,"[""MR.KLK5.P013""]",,[],False,False
PTECH,15,5b1f3d0a06d10487dd43517f1192e606c5e3fe72f74735c9ded39661fa925408,CF6,X,12543579.80449071,12543579.80449071,DWG_DERIVED:GEODATA+direct-CRS-transform,False,exact,not_a_text_check,"[""""]",f09a512298566aeb5c1ec8fc7e51cb2f80b23800cea849511a51f47f1c632a4a,"[""MR.KLK5.P013""]",,[],False,False
PTECH,15,5b1f3d0a06d10487dd43517f1192e606c5e3fe72f74735c9ded39661fa925408,CF6,Y,-821613.4207318003,-821613.4207318003,DWG_DERIVED:GEODATA+direct-CRS-transform,False,exact,not_a_text_check,"[""""]",f09a512298566aeb5c1ec8fc7e51cb2f80b23800cea849511a51f47f1c632a4a,"[""MR.KLK5.P013""]",,[],False,False
PTECH,15,5b1f3d0a06d10487dd43517f1192e606c5e3fe72f74735c9ded39661fa925408,CF6,display_label,MR.KLK5.P013,MR.KLK5.P013,DWG_DERIVED:AI-ANNOTATION-AUTO_POLE_ID_2_5-001|RULE:AI-ANNOTATION-ASSIGN-001,False,exact,verified_selected_annotation,"[""""]",f09a512298566aeb5c1ec8fc7e51cb2f80b23800cea849511a51f47f1c632a4a,"[""MR.KLK5.P013""]",,[],False,False
PTECH,16,070d21344f40f25440277a3215aeef9d529cde177ae102c1e30c42fb3cc31cdb,12C0,CODE,MR.KLK5.P009,MR.KLK5.P009,DWG_DERIVED:AI-ANNOTATION-AUTO_POLE_ID_FDT_2_73-001|RULE:AI-ANNOTATION-ASSIGN-001,False,exact,verified_selected_annotation,"[""""]",9757efb1b34fc4fddcc1a3e13a44da2af9a544732da96c6146fa2d3f51bea417,"[""MR.KLK5.P009""]",,[],False,False
PTECH,16,070d21344f40f25440277a3215aeef9d529cde177ae102c1e30c42fb3cc31cdb,12C0,REF_PLAQUE,,,UNAVAILABLE,True,missing_value,not_a_text_check,"[""""]",9757efb1b34fc4fddcc1a3e13a44da2af9a544732da96c6146fa2d3f51bea417,"[""MR.KLK5.P009""]",,[],False,False
PTECH,16,070d21344f40f25440277a3215aeef9d529cde177ae102c1e30c42fb3cc31cdb,12C0,TYPE,,,UNAVAILABLE,True,missing_value,not_a_text_check,"[""""]",9757efb1b34fc4fddcc1a3e13a44da2af9a544732da96c6146fa2d3f51bea417,"[""MR.KLK5.P009""]",,[],False,False
PTECH,16,070d21344f40f25440277a3215aeef9d529cde177ae102c1e30c42fb3cc31cdb,12C0,NATURE,,,UNAVAILABLE,True,missing_value,not_a_text_check,"[""""]",9757efb1b34fc4fddcc1a3e13a44da2af9a544732da96c6146fa2d3f51bea417,"[""MR.KLK5.P009""]",,[],False,False
PTECH,16,070d21344f40f25440277a3215aeef9d529cde177ae102c1e30c42fb3cc31cdb,12C0,EFFORT_APPUI,,,UNAVAILABLE,True,missing_value,not_a_text_check,"[""""]",9757efb1b34fc4fddcc1a3e13a44da2af9a544732da96c6146fa2d3f51bea417,"[""MR.KLK5.P009""]",,[],False,False
PTECH,16,070d21344f40f25440277a3215aeef9d529cde177ae102c1e30c42fb3cc31cdb,12C0,STATUT,,,UNAVAILABLE,True,missing_value,not_a_text_check,"[""""]",9757efb1b34fc4fddcc1a3e13a44da2af9a544732da96c6146fa2d3f51bea417,"[""MR.KLK5.P009""]",,[],False,False
PTECH,16,070d21344f40f25440277a3215aeef9d529cde177ae102c1e30c42fb3cc31cdb,12C0,PROPRIETAIRE,,,UNAVAILABLE,True,missing_value,not_a_text_check,"[""""]",9757efb1b34fc4fddcc1a3e13a44da2af9a544732da96c6146fa2d3f51bea417,"[""MR.KLK5.P009""]",,[],False,False
PTECH,16,070d21344f40f25440277a3215aeef9d529cde177ae102c1e30c42fb3cc31cdb,12C0,GESTIONNAIRE,,,UNAVAILABLE,True,missing_value,not_a_text_check,"[""""]",9757efb1b34fc4fddcc1a3e13a44da2af9a544732da96c6146fa2d3f51bea417,"[""MR.KLK5.P009""]",,[],False,False
PTECH,16,070d21344f40f25440277a3215aeef9d529cde177ae102c1e30c42fb3cc31cdb,12C0,VILLE,,,UNAVAILABLE,True,missing_value,not_a_text_check,"[""""]",9757efb1b34fc4fddcc1a3e13a44da2af9a544732da96c6146fa2d3f51bea417,"[""MR.KLK5.P009""]",,[],False,False
PTECH,16,070d21344f40f25440277a3215aeef9d529cde177ae102c1e30c42fb3cc31cdb,12C0,X,12543711.746169847,12543711.746169847,DWG_DERIVED:GEODATA+direct-CRS-transform,False,exact,not_a_text_check,"[""""]",9757efb1b34fc4fddcc1a3e13a44da2af9a544732da96c6146fa2d3f51bea417,"[""MR.KLK5.P009""]",,[],False,False
PTECH,16,070d21344f40f25440277a3215aeef9d529cde177ae102c1e30c42fb3cc31cdb,12C0,Y,-821610.9528573189,-821610.9528573189,DWG_DERIVED:GEODATA+direct-CRS-transform,False,exact,not_a_text_check,"[""""]",9757efb1b34fc4fddcc1a3e13a44da2af9a544732da96c6146fa2d3f51bea417,"[""MR.KLK5.P009""]",,[],False,False
PTECH,16,070d21344f40f25440277a3215aeef9d529cde177ae102c1e30c42fb3cc31cdb,12C0,display_label,MR.KLK5.P009,MR.KLK5.P009,DWG_DERIVED:AI-ANNOTATION-AUTO_POLE_ID_FDT_2_73-001|RULE:AI-ANNOTATION-ASSIGN-001,False,exact,verified_selected_annotation,"[""""]",9757efb1b34fc4fddcc1a3e13a44da2af9a544732da96c6146fa2d3f51bea417,"[""MR.KLK5.P009""]",,[],False,False
PTECH,17,d0217ff45f11d9475372cf5c76420567f5a05956fd4f0357eefe08c88b26135b,128D,CODE,MR.KLK5.P020,MR.KLK5.P020,DWG_DERIVED:AI-ANNOTATION-AUTO_POLE_ID_FDT_2_73-001|RULE:AI-ANNOTATION-ASSIGN-001,False,exact,verified_selected_annotation,"[""""]",75960a744048e4bfbfd59066c670d5a16b0d2aa4dfc72ce43e8ba4eec2d168e4,"[""MR.KLK5.P020""]",,[],False,False
PTECH,17,d0217ff45f11d9475372cf5c76420567f5a05956fd4f0357eefe08c88b26135b,128D,REF_PLAQUE,,,UNAVAILABLE,True,missing_value,not_a_text_check,"[""""]",75960a744048e4bfbfd59066c670d5a16b0d2aa4dfc72ce43e8ba4eec2d168e4,"[""MR.KLK5.P020""]",,[],False,False
PTECH,17,d0217ff45f11d9475372cf5c76420567f5a05956fd4f0357eefe08c88b26135b,128D,TYPE,,,UNAVAILABLE,True,missing_value,not_a_text_check,"[""""]",75960a744048e4bfbfd59066c670d5a16b0d2aa4dfc72ce43e8ba4eec2d168e4,"[""MR.KLK5.P020""]",,[],False,False
PTECH,17,d0217ff45f11d9475372cf5c76420567f5a05956fd4f0357eefe08c88b26135b,128D,NATURE,,,UNAVAILABLE,True,missing_value,not_a_text_check,"[""""]",75960a744048e4bfbfd59066c670d5a16b0d2aa4dfc72ce43e8ba4eec2d168e4,"[""MR.KLK5.P020""]",,[],False,False
PTECH,17,d0217ff45f11d9475372cf5c76420567f5a05956fd4f0357eefe08c88b26135b,128D,EFFORT_APPUI,,,UNAVAILABLE,True,missing_value,not_a_text_check,"[""""]",75960a744048e4bfbfd59066c670d5a16b0d2aa4dfc72ce43e8ba4eec2d168e4,"[""MR.KLK5.P020""]",,[],False,False
PTECH,17,d0217ff45f11d9475372cf5c76420567f5a05956fd4f0357eefe08c88b26135b,128D,STATUT,,,UNAVAILABLE,True,missing_value,not_a_text_check,"[""""]",75960a744048e4bfbfd59066c670d5a16b0d2aa4dfc72ce43e8ba4eec2d168e4,"[""MR.KLK5.P020""]",,[],False,False
PTECH,17,d0217ff45f11d9475372cf5c76420567f5a05956fd4f0357eefe08c88b26135b,128D,PROPRIETAIRE,,,UNAVAILABLE,True,missing_value,not_a_text_check,"[""""]",75960a744048e4bfbfd59066c670d5a16b0d2aa4dfc72ce43e8ba4eec2d168e4,"[""MR.KLK5.P020""]",,[],False,False
PTECH,17,d0217ff45f11d9475372cf5c76420567f5a05956fd4f0357eefe08c88b26135b,128D,GESTIONNAIRE,,,UNAVAILABLE,True,missing_value,not_a_text_check,"[""""]",75960a744048e4bfbfd59066c670d5a16b0d2aa4dfc72ce43e8ba4eec2d168e4,"[""MR.KLK5.P020""]",,[],False,False
PTECH,17,d0217ff45f11d9475372cf5c76420567f5a05956fd4f0357eefe08c88b26135b,128D,VILLE,,,UNAVAILABLE,True,missing_value,not_a_text_check,"[""""]",75960a744048e4bfbfd59066c670d5a16b0d2aa4dfc72ce43e8ba4eec2d168e4,"[""MR.KLK5.P020""]",,[],False,False
PTECH,17,d0217ff45f11d9475372cf5c76420567f5a05956fd4f0357eefe08c88b26135b,128D,X,12543630.593608852,12543630.593608852,DWG_DERIVED:GEODATA+direct-CRS-transform,False,exact,not_a_text_check,"[""""]",75960a744048e4bfbfd59066c670d5a16b0d2aa4dfc72ce43e8ba4eec2d168e4,"[""MR.KLK5.P020""]",,[],False,False
PTECH,17,d0217ff45f11d9475372cf5c76420567f5a05956fd4f0357eefe08c88b26135b,128D,Y,-821464.6157870387,-821464.6157870387,DWG_DERIVED:GEODATA+direct-CRS-transform,False,exact,not_a_text_check,"[""""]",75960a744048e4bfbfd59066c670d5a16b0d2aa4dfc72ce43e8ba4eec2d168e4,"[""MR.KLK5.P020""]",,[],False,False
PTECH,17,d0217ff45f11d9475372cf5c76420567f5a05956fd4f0357eefe08c88b26135b,128D,display_label,MR.KLK5.P020,MR.KLK5.P020,DWG_DERIVED:AI-ANNOTATION-AUTO_POLE_ID_FDT_2_73-001|RULE:AI-ANNOTATION-ASSIGN-001,False,exact,verified_selected_annotation,"[""""]",75960a744048e4bfbfd59066c670d5a16b0d2aa4dfc72ce43e8ba4eec2d168e4,"[""MR.KLK5.P020""]",,[],False,False
PTECH,18,dca015ac4a3a3741a1eca8c1e04a4d1693555c852f2631e3765b66e1ee44eaf3,12A8,CODE,MR.KLK5.P014,MR.KLK5.P014,DWG_DERIVED:AI-ANNOTATION-AUTO_POLE_ID_FDT_2_73-001|RULE:AI-ANNOTATION-ASSIGN-001,False,exact,verified_selected_annotation,"[""""]",a5253887de11f6aabf0a6a1e96e08e502796ccb560b8d968f8027b545a1aa2f2,"[""MR.KLK5.P014""]",,[],False,False
PTECH,18,dca015ac4a3a3741a1eca8c1e04a4d1693555c852f2631e3765b66e1ee44eaf3,12A8,REF_PLAQUE,,,UNAVAILABLE,True,missing_value,not_a_text_check,"[""""]",a5253887de11f6aabf0a6a1e96e08e502796ccb560b8d968f8027b545a1aa2f2,"[""MR.KLK5.P014""]",,[],False,False
PTECH,18,dca015ac4a3a3741a1eca8c1e04a4d1693555c852f2631e3765b66e1ee44eaf3,12A8,TYPE,,,UNAVAILABLE,True,missing_value,not_a_text_check,"[""""]",a5253887de11f6aabf0a6a1e96e08e502796ccb560b8d968f8027b545a1aa2f2,"[""MR.KLK5.P014""]",,[],False,False
PTECH,18,dca015ac4a3a3741a1eca8c1e04a4d1693555c852f2631e3765b66e1ee44eaf3,12A8,NATURE,,,UNAVAILABLE,True,missing_value,not_a_text_check,"[""""]",a5253887de11f6aabf0a6a1e96e08e502796ccb560b8d968f8027b545a1aa2f2,"[""MR.KLK5.P014""]",,[],False,False
PTECH,18,dca015ac4a3a3741a1eca8c1e04a4d1693555c852f2631e3765b66e1ee44eaf3,12A8,EFFORT_APPUI,,,UNAVAILABLE,True,missing_value,not_a_text_check,"[""""]",a5253887de11f6aabf0a6a1e96e08e502796ccb560b8d968f8027b545a1aa2f2,"[""MR.KLK5.P014""]",,[],False,False
PTECH,18,dca015ac4a3a3741a1eca8c1e04a4d1693555c852f2631e3765b66e1ee44eaf3,12A8,STATUT,,,UNAVAILABLE,True,missing_value,not_a_text_check,"[""""]",a5253887de11f6aabf0a6a1e96e08e502796ccb560b8d968f8027b545a1aa2f2,"[""MR.KLK5.P014""]",,[],False,False
PTECH,18,dca015ac4a3a3741a1eca8c1e04a4d1693555c852f2631e3765b66e1ee44eaf3,12A8,PROPRIETAIRE,,,UNAVAILABLE,True,missing_value,not_a_text_check,"[""""]",a5253887de11f6aabf0a6a1e96e08e502796ccb560b8d968f8027b545a1aa2f2,"[""MR.KLK5.P014""]",,[],False,False
PTECH,18,dca015ac4a3a3741a1eca8c1e04a4d1693555c852f2631e3765b66e1ee44eaf3,12A8,GESTIONNAIRE,,,UNAVAILABLE,True,missing_value,not_a_text_check,"[""""]",a5253887de11f6aabf0a6a1e96e08e502796ccb560b8d968f8027b545a1aa2f2,"[""MR.KLK5.P014""]",,[],False,False
PTECH,18,dca015ac4a3a3741a1eca8c1e04a4d1693555c852f2631e3765b66e1ee44eaf3,12A8,VILLE,,,UNAVAILABLE,True,missing_value,not_a_text_check,"[""""]",a5253887de11f6aabf0a6a1e96e08e502796ccb560b8d968f8027b545a1aa2f2,"[""MR.KLK5.P014""]",,[],False,False
PTECH,18,dca015ac4a3a3741a1eca8c1e04a4d1693555c852f2631e3765b66e1ee44eaf3,12A8,X,12543621.30334845,12543621.30334845,DWG_DERIVED:GEODATA+direct-CRS-transform,False,exact,not_a_text_check,"[""""]",a5253887de11f6aabf0a6a1e96e08e502796ccb560b8d968f8027b545a1aa2f2,"[""MR.KLK5.P014""]",,[],False,False
PTECH,18,dca015ac4a3a3741a1eca8c1e04a4d1693555c852f2631e3765b66e1ee44eaf3,12A8,Y,-821598.9599408892,-821598.9599408892,DWG_DERIVED:GEODATA+direct-CRS-transform,False,exact,not_a_text_check,"[""""]",a5253887de11f6aabf0a6a1e96e08e502796ccb560b8d968f8027b545a1aa2f2,"[""MR.KLK5.P014""]",,[],False,False
PTECH,18,dca015ac4a3a3741a1eca8c1e04a4d1693555c852f2631e3765b66e1ee44eaf3,12A8,display_label,MR.KLK5.P014,MR.KLK5.P014,DWG_DERIVED:AI-ANNOTATION-AUTO_POLE_ID_FDT_2_73-001|RULE:AI-ANNOTATION-ASSIGN-001,False,exact,verified_selected_annotation,"[""""]",a5253887de11f6aabf0a6a1e96e08e502796ccb560b8d968f8027b545a1aa2f2,"[""MR.KLK5.P014""]",,[],False,False
PTECH,19,a1577a060e15ce03ad532ef95dbad336165493a78bdad90126e84985c220eb9c,12B4,CODE,MR.KLK5.P018,MR.KLK5.P018,DWG_DERIVED:AI-ANNOTATION-AUTO_POLE_ID_FDT_2_73-001|RULE:AI-ANNOTATION-ASSIGN-001,False,exact,verified_selected_annotation,"[""""]",1b9735cfd77a3a56148c6f5ba6af4e7d2bf61e95d01d363b04d54548c440a253,"[""MR.KLK5.P018""]",,[],False,False
PTECH,19,a1577a060e15ce03ad532ef95dbad336165493a78bdad90126e84985c220eb9c,12B4,REF_PLAQUE,,,UNAVAILABLE,True,missing_value,not_a_text_check,"[""""]",1b9735cfd77a3a56148c6f5ba6af4e7d2bf61e95d01d363b04d54548c440a253,"[""MR.KLK5.P018""]",,[],False,False
PTECH,19,a1577a060e15ce03ad532ef95dbad336165493a78bdad90126e84985c220eb9c,12B4,TYPE,,,UNAVAILABLE,True,missing_value,not_a_text_check,"[""""]",1b9735cfd77a3a56148c6f5ba6af4e7d2bf61e95d01d363b04d54548c440a253,"[""MR.KLK5.P018""]",,[],False,False
PTECH,19,a1577a060e15ce03ad532ef95dbad336165493a78bdad90126e84985c220eb9c,12B4,NATURE,,,UNAVAILABLE,True,missing_value,not_a_text_check,"[""""]",1b9735cfd77a3a56148c6f5ba6af4e7d2bf61e95d01d363b04d54548c440a253,"[""MR.KLK5.P018""]",,[],False,False
PTECH,19,a1577a060e15ce03ad532ef95dbad336165493a78bdad90126e84985c220eb9c,12B4,EFFORT_APPUI,,,UNAVAILABLE,True,missing_value,not_a_text_check,"[""""]",1b9735cfd77a3a56148c6f5ba6af4e7d2bf61e95d01d363b04d54548c440a253,"[""MR.KLK5.P018""]",,[],False,False
PTECH,19,a1577a060e15ce03ad532ef95dbad336165493a78bdad90126e84985c220eb9c,12B4,STATUT,,,UNAVAILABLE,True,missing_value,not_a_text_check,"[""""]",1b9735cfd77a3a56148c6f5ba6af4e7d2bf61e95d01d363b04d54548c440a253,"[""MR.KLK5.P018""]",,[],False,False
PTECH,19,a1577a060e15ce03ad532ef95dbad336165493a78bdad90126e84985c220eb9c,12B4,PROPRIETAIRE,,,UNAVAILABLE,True,missing_value,not_a_text_check,"[""""]",1b9735cfd77a3a56148c6f5ba6af4e7d2bf61e95d01d363b04d54548c440a253,"[""MR.KLK5.P018""]",,[],False,False
PTECH,19,a1577a060e15ce03ad532ef95dbad336165493a78bdad90126e84985c220eb9c,12B4,GESTIONNAIRE,,,UNAVAILABLE,True,missing_value,not_a_text_check,"[""""]",1b9735cfd77a3a56148c6f5ba6af4e7d2bf61e95d01d363b04d54548c440a253,"[""MR.KLK5.P018""]",,[],False,False
PTECH,19,a1577a060e15ce03ad532ef95dbad336165493a78bdad90126e84985c220eb9c,12B4,VILLE,,,UNAVAILABLE,True,missing_value,not_a_text_check,"[""""]",1b9735cfd77a3a56148c6f5ba6af4e7d2bf61e95d01d363b04d54548c440a253,"[""MR.KLK5.P018""]",,[],False,False
PTECH,19,a1577a060e15ce03ad532ef95dbad336165493a78bdad90126e84985c220eb9c,12B4,X,12543779.630440919,12543779.630440919,DWG_DERIVED:GEODATA+direct-CRS-transform,False,exact,not_a_text_check,"[""""]",1b9735cfd77a3a56148c6f5ba6af4e7d2bf61e95d01d363b04d54548c440a253,"[""MR.KLK5.P018""]",,[],False,False
PTECH,19,a1577a060e15ce03ad532ef95dbad336165493a78bdad90126e84985c220eb9c,12B4,Y,-821633.1787688575,-821633.1787688575,DWG_DERIVED:GEODATA+direct-CRS-transform,False,exact,not_a_text_check,"[""""]",1b9735cfd77a3a56148c6f5ba6af4e7d2bf61e95d01d363b04d54548c440a253,"[""MR.KLK5.P018""]",,[],False,False
PTECH,19,a1577a060e15ce03ad532ef95dbad336165493a78bdad90126e84985c220eb9c,12B4,display_label,MR.KLK5.P018,MR.KLK5.P018,DWG_DERIVED:AI-ANNOTATION-AUTO_POLE_ID_FDT_2_73-001|RULE:AI-ANNOTATION-ASSIGN-001,False,exact,verified_selected_annotation,"[""""]",1b9735cfd77a3a56148c6f5ba6af4e7d2bf61e95d01d363b04d54548c440a253,"[""MR.KLK5.P018""]",,[],False,False
PTECH,20,67eb71942f94cb4d57e6b8a2ceb93ef2d2908248c0cabb9c17d7ad2ded0f3c4b,129C,CODE,MR.KLK5.P028,MR.KLK5.P028,DWG_DERIVED:AI-ANNOTATION-AUTO_POLE_ID_FDT_2_73-001|RULE:AI-ANNOTATION-ASSIGN-001,False,exact,verified_selected_annotation,"[""""]",a9dcc264135c096232e6bb7ccb50f0094d45b6af0edc7ec9f62ac7a7732662c4,"[""MR.KLK5.P028""]",,[],False,False
PTECH,20,67eb71942f94cb4d57e6b8a2ceb93ef2d2908248c0cabb9c17d7ad2ded0f3c4b,129C,REF_PLAQUE,,,UNAVAILABLE,True,missing_value,not_a_text_check,"[""""]",a9dcc264135c096232e6bb7ccb50f0094d45b6af0edc7ec9f62ac7a7732662c4,"[""MR.KLK5.P028""]",,[],False,False
PTECH,20,67eb71942f94cb4d57e6b8a2ceb93ef2d2908248c0cabb9c17d7ad2ded0f3c4b,129C,TYPE,,,UNAVAILABLE,True,missing_value,not_a_text_check,"[""""]",a9dcc264135c096232e6bb7ccb50f0094d45b6af0edc7ec9f62ac7a7732662c4,"[""MR.KLK5.P028""]",,[],False,False
PTECH,20,67eb71942f94cb4d57e6b8a2ceb93ef2d2908248c0cabb9c17d7ad2ded0f3c4b,129C,NATURE,,,UNAVAILABLE,True,missing_value,not_a_text_check,"[""""]",a9dcc264135c096232e6bb7ccb50f0094d45b6af0edc7ec9f62ac7a7732662c4,"[""MR.KLK5.P028""]",,[],False,False
PTECH,20,67eb71942f94cb4d57e6b8a2ceb93ef2d2908248c0cabb9c17d7ad2ded0f3c4b,129C,EFFORT_APPUI,,,UNAVAILABLE,True,missing_value,not_a_text_check,"[""""]",a9dcc264135c096232e6bb7ccb50f0094d45b6af0edc7ec9f62ac7a7732662c4,"[""MR.KLK5.P028""]",,[],False,False
PTECH,20,67eb71942f94cb4d57e6b8a2ceb93ef2d2908248c0cabb9c17d7ad2ded0f3c4b,129C,STATUT,,,UNAVAILABLE,True,missing_value,not_a_text_check,"[""""]",a9dcc264135c096232e6bb7ccb50f0094d45b6af0edc7ec9f62ac7a7732662c4,"[""MR.KLK5.P028""]",,[],False,False
PTECH,20,67eb71942f94cb4d57e6b8a2ceb93ef2d2908248c0cabb9c17d7ad2ded0f3c4b,129C,PROPRIETAIRE,,,UNAVAILABLE,True,missing_value,not_a_text_check,"[""""]",a9dcc264135c096232e6bb7ccb50f0094d45b6af0edc7ec9f62ac7a7732662c4,"[""MR.KLK5.P028""]",,[],False,False
PTECH,20,67eb71942f94cb4d57e6b8a2ceb93ef2d2908248c0cabb9c17d7ad2ded0f3c4b,129C,GESTIONNAIRE,,,UNAVAILABLE,True,missing_value,not_a_text_check,"[""""]",a9dcc264135c096232e6bb7ccb50f0094d45b6af0edc7ec9f62ac7a7732662c4,"[""MR.KLK5.P028""]",,[],False,False
PTECH,20,67eb71942f94cb4d57e6b8a2ceb93ef2d2908248c0cabb9c17d7ad2ded0f3c4b,129C,VILLE,,,UNAVAILABLE,True,missing_value,not_a_text_check,"[""""]",a9dcc264135c096232e6bb7ccb50f0094d45b6af0edc7ec9f62ac7a7732662c4,"[""MR.KLK5.P028""]",,[],False,False
PTECH,20,67eb71942f94cb4d57e6b8a2ceb93ef2d2908248c0cabb9c17d7ad2ded0f3c4b,129C,X,12543774.05133368,12543774.05133368,DWG_DERIVED:GEODATA+direct-CRS-transform,False,exact,not_a_text_check,"[""""]",a9dcc264135c096232e6bb7ccb50f0094d45b6af0edc7ec9f62ac7a7732662c4,"[""MR.KLK5.P028""]",,[],False,False
PTECH,20,67eb71942f94cb4d57e6b8a2ceb93ef2d2908248c0cabb9c17d7ad2ded0f3c4b,129C,Y,-821468.3892683269,-821468.3892683269,DWG_DERIVED:GEODATA+direct-CRS-transform,False,exact,not_a_text_check,"[""""]",a9dcc264135c096232e6bb7ccb50f0094d45b6af0edc7ec9f62ac7a7732662c4,"[""MR.KLK5.P028""]",,[],False,False
PTECH,20,67eb71942f94cb4d57e6b8a2ceb93ef2d2908248c0cabb9c17d7ad2ded0f3c4b,129C,display_label,MR.KLK5.P028,MR.KLK5.P028,DWG_DERIVED:AI-ANNOTATION-AUTO_POLE_ID_FDT_2_73-001|RULE:AI-ANNOTATION-ASSIGN-001,False,exact,verified_selected_annotation,"[""""]",a9dcc264135c096232e6bb7ccb50f0094d45b6af0edc7ec9f62ac7a7732662c4,"[""MR.KLK5.P028""]",,[],False,False
PTECH,21,60352da73955c712f5094c1c323418c633e388b082bac031cfc32f1d03a08235,12C4,CODE,MR.KLK5.P008,MR.KLK5.P008,DWG_DERIVED:AI-ANNOTATION-AUTO_POLE_ID_FDT_2_73-001|RULE:AI-ANNOTATION-ASSIGN-001,False,exact,verified_selected_annotation,"[""""]",8516409982f386fd32e88fa3185304202c1ff115f8d631c555d98a1d057fa70b,"[""MR.KLK5.P008""]",,[],False,False
PTECH,21,60352da73955c712f5094c1c323418c633e388b082bac031cfc32f1d03a08235,12C4,REF_PLAQUE,,,UNAVAILABLE,True,missing_value,not_a_text_check,"[""""]",8516409982f386fd32e88fa3185304202c1ff115f8d631c555d98a1d057fa70b,"[""MR.KLK5.P008""]",,[],False,False
PTECH,21,60352da73955c712f5094c1c323418c633e388b082bac031cfc32f1d03a08235,12C4,TYPE,,,UNAVAILABLE,True,missing_value,not_a_text_check,"[""""]",8516409982f386fd32e88fa3185304202c1ff115f8d631c555d98a1d057fa70b,"[""MR.KLK5.P008""]",,[],False,False
PTECH,21,60352da73955c712f5094c1c323418c633e388b082bac031cfc32f1d03a08235,12C4,NATURE,,,UNAVAILABLE,True,missing_value,not_a_text_check,"[""""]",8516409982f386fd32e88fa3185304202c1ff115f8d631c555d98a1d057fa70b,"[""MR.KLK5.P008""]",,[],False,False
PTECH,21,60352da73955c712f5094c1c323418c633e388b082bac031cfc32f1d03a08235,12C4,EFFORT_APPUI,,,UNAVAILABLE,True,missing_value,not_a_text_check,"[""""]",8516409982f386fd32e88fa3185304202c1ff115f8d631c555d98a1d057fa70b,"[""MR.KLK5.P008""]",,[],False,False
PTECH,21,60352da73955c712f5094c1c323418c633e388b082bac031cfc32f1d03a08235,12C4,STATUT,,,UNAVAILABLE,True,missing_value,not_a_text_check,"[""""]",8516409982f386fd32e88fa3185304202c1ff115f8d631c555d98a1d057fa70b,"[""MR.KLK5.P008""]",,[],False,False
PTECH,21,60352da73955c712f5094c1c323418c633e388b082bac031cfc32f1d03a08235,12C4,PROPRIETAIRE,,,UNAVAILABLE,True,missing_value,not_a_text_check,"[""""]",8516409982f386fd32e88fa3185304202c1ff115f8d631c555d98a1d057fa70b,"[""MR.KLK5.P008""]",,[],False,False
PTECH,21,60352da73955c712f5094c1c323418c633e388b082bac031cfc32f1d03a08235,12C4,GESTIONNAIRE,,,UNAVAILABLE,True,missing_value,not_a_text_check,"[""""]",8516409982f386fd32e88fa3185304202c1ff115f8d631c555d98a1d057fa70b,"[""MR.KLK5.P008""]",,[],False,False
PTECH,21,60352da73955c712f5094c1c323418c633e388b082bac031cfc32f1d03a08235,12C4,VILLE,,,UNAVAILABLE,True,missing_value,not_a_text_check,"[""""]",8516409982f386fd32e88fa3185304202c1ff115f8d631c555d98a1d057fa70b,"[""MR.KLK5.P008""]",,[],False,False
PTECH,21,60352da73955c712f5094c1c323418c633e388b082bac031cfc32f1d03a08235,12C4,X,12543713.579504047,12543713.579504047,DWG_DERIVED:GEODATA+direct-CRS-transform,False,exact,not_a_text_check,"[""""]",8516409982f386fd32e88fa3185304202c1ff115f8d631c555d98a1d057fa70b,"[""MR.KLK5.P008""]",,[],False,False
PTECH,21,60352da73955c712f5094c1c323418c633e388b082bac031cfc32f1d03a08235,12C4,Y,-821571.1986222609,-821571.1986222609,DWG_DERIVED:GEODATA+direct-CRS-transform,False,exact,not_a_text_check,"[""""]",8516409982f386fd32e88fa3185304202c1ff115f8d631c555d98a1d057fa70b,"[""MR.KLK5.P008""]",,[],False,False
PTECH,21,60352da73955c712f5094c1c323418c633e388b082bac031cfc32f1d03a08235,12C4,display_label,MR.KLK5.P008,MR.KLK5.P008,DWG_DERIVED:AI-ANNOTATION-AUTO_POLE_ID_FDT_2_73-001|RULE:AI-ANNOTATION-ASSIGN-001,False,exact,verified_selected_annotation,"[""""]",8516409982f386fd32e88fa3185304202c1ff115f8d631c555d98a1d057fa70b,"[""MR.KLK5.P008""]",,[],False,False
PTECH,22,0b8569a2718c2caa11dcecdf0189c41e85a03c7c7ad65c0392bc8750553aa0ae,129F,CODE,MR.KLK5.P029,MR.KLK5.P029,DWG_DERIVED:AI-ANNOTATION-AUTO_POLE_ID_FDT_2_73-001|RULE:AI-ANNOTATION-ASSIGN-001,False,exact,verified_selected_annotation,"[""""]",781984a6d3d78b94d7c891a85e45f39dd4013c86fef5baa6adecfed2e9c821bf,"[""MR.KLK5.P029""]",,[],False,False
PTECH,22,0b8569a2718c2caa11dcecdf0189c41e85a03c7c7ad65c0392bc8750553aa0ae,129F,REF_PLAQUE,,,UNAVAILABLE,True,missing_value,not_a_text_check,"[""""]",781984a6d3d78b94d7c891a85e45f39dd4013c86fef5baa6adecfed2e9c821bf,"[""MR.KLK5.P029""]",,[],False,False
PTECH,22,0b8569a2718c2caa11dcecdf0189c41e85a03c7c7ad65c0392bc8750553aa0ae,129F,TYPE,,,UNAVAILABLE,True,missing_value,not_a_text_check,"[""""]",781984a6d3d78b94d7c891a85e45f39dd4013c86fef5baa6adecfed2e9c821bf,"[""MR.KLK5.P029""]",,[],False,False
PTECH,22,0b8569a2718c2caa11dcecdf0189c41e85a03c7c7ad65c0392bc8750553aa0ae,129F,NATURE,,,UNAVAILABLE,True,missing_value,not_a_text_check,"[""""]",781984a6d3d78b94d7c891a85e45f39dd4013c86fef5baa6adecfed2e9c821bf,"[""MR.KLK5.P029""]",,[],False,False
PTECH,22,0b8569a2718c2caa11dcecdf0189c41e85a03c7c7ad65c0392bc8750553aa0ae,129F,EFFORT_APPUI,,,UNAVAILABLE,True,missing_value,not_a_text_check,"[""""]",781984a6d3d78b94d7c891a85e45f39dd4013c86fef5baa6adecfed2e9c821bf,"[""MR.KLK5.P029""]",,[],False,False
PTECH,22,0b8569a2718c2caa11dcecdf0189c41e85a03c7c7ad65c0392bc8750553aa0ae,129F,STATUT,,,UNAVAILABLE,True,missing_value,not_a_text_check,"[""""]",781984a6d3d78b94d7c891a85e45f39dd4013c86fef5baa6adecfed2e9c821bf,"[""MR.KLK5.P029""]",,[],False,False
PTECH,22,0b8569a2718c2caa11dcecdf0189c41e85a03c7c7ad65c0392bc8750553aa0ae,129F,PROPRIETAIRE,,,UNAVAILABLE,True,missing_value,not_a_text_check,"[""""]",781984a6d3d78b94d7c891a85e45f39dd4013c86fef5baa6adecfed2e9c821bf,"[""MR.KLK5.P029""]",,[],False,False
PTECH,22,0b8569a2718c2caa11dcecdf0189c41e85a03c7c7ad65c0392bc8750553aa0ae,129F,GESTIONNAIRE,,,UNAVAILABLE,True,missing_value,not_a_text_check,"[""""]",781984a6d3d78b94d7c891a85e45f39dd4013c86fef5baa6adecfed2e9c821bf,"[""MR.KLK5.P029""]",,[],False,False
PTECH,22,0b8569a2718c2caa11dcecdf0189c41e85a03c7c7ad65c0392bc8750553aa0ae,129F,VILLE,,,UNAVAILABLE,True,missing_value,not_a_text_check,"[""""]",781984a6d3d78b94d7c891a85e45f39dd4013c86fef5baa6adecfed2e9c821bf,"[""MR.KLK5.P029""]",,[],False,False
PTECH,22,0b8569a2718c2caa11dcecdf0189c41e85a03c7c7ad65c0392bc8750553aa0ae,129F,X,12543802.84300402,12543802.84300402,DWG_DERIVED:GEODATA+direct-CRS-transform,False,exact,not_a_text_check,"[""""]",781984a6d3d78b94d7c891a85e45f39dd4013c86fef5baa6adecfed2e9c821bf,"[""MR.KLK5.P029""]",,[],False,False
PTECH,22,0b8569a2718c2caa11dcecdf0189c41e85a03c7c7ad65c0392bc8750553aa0ae,129F,Y,-821470.3131271036,-821470.3131271036,DWG_DERIVED:GEODATA+direct-CRS-transform,False,exact,not_a_text_check,"[""""]",781984a6d3d78b94d7c891a85e45f39dd4013c86fef5baa6adecfed2e9c821bf,"[""MR.KLK5.P029""]",,[],False,False
PTECH,22,0b8569a2718c2caa11dcecdf0189c41e85a03c7c7ad65c0392bc8750553aa0ae,129F,display_label,MR.KLK5.P029,MR.KLK5.P029,DWG_DERIVED:AI-ANNOTATION-AUTO_POLE_ID_FDT_2_73-001|RULE:AI-ANNOTATION-ASSIGN-001,False,exact,verified_selected_annotation,"[""""]",781984a6d3d78b94d7c891a85e45f39dd4013c86fef5baa6adecfed2e9c821bf,"[""MR.KLK5.P029""]",,[],False,False
PTECH,23,6947dec24a2186efe445dcee961f8ecdf4046eeb53c06eca8d432fe145ff035f,12BD,CODE,MR.KLK5.P010,MR.KLK5.P010,DWG_DERIVED:AI-ANNOTATION-AUTO_POLE_ID_2_5-001|RULE:AI-ANNOTATION-ASSIGN-001,False,exact,verified_selected_annotation,"[""""]",fb5db4c551f44825320e15cddffd10f7689fb7052a291679bd884d2def5e0aae,"[""MR.KLK5.P010""]",,[],False,False
PTECH,23,6947dec24a2186efe445dcee961f8ecdf4046eeb53c06eca8d432fe145ff035f,12BD,REF_PLAQUE,,,UNAVAILABLE,True,missing_value,not_a_text_check,"[""""]",fb5db4c551f44825320e15cddffd10f7689fb7052a291679bd884d2def5e0aae,"[""MR.KLK5.P010""]",,[],False,False
PTECH,23,6947dec24a2186efe445dcee961f8ecdf4046eeb53c06eca8d432fe145ff035f,12BD,TYPE,,,UNAVAILABLE,True,missing_value,not_a_text_check,"[""""]",fb5db4c551f44825320e15cddffd10f7689fb7052a291679bd884d2def5e0aae,"[""MR.KLK5.P010""]",,[],False,False
PTECH,23,6947dec24a2186efe445dcee961f8ecdf4046eeb53c06eca8d432fe145ff035f,12BD,NATURE,,,UNAVAILABLE,True,missing_value,not_a_text_check,"[""""]",fb5db4c551f44825320e15cddffd10f7689fb7052a291679bd884d2def5e0aae,"[""MR.KLK5.P010""]",,[],False,False
PTECH,23,6947dec24a2186efe445dcee961f8ecdf4046eeb53c06eca8d432fe145ff035f,12BD,EFFORT_APPUI,,,UNAVAILABLE,True,missing_value,not_a_text_check,"[""""]",fb5db4c551f44825320e15cddffd10f7689fb7052a291679bd884d2def5e0aae,"[""MR.KLK5.P010""]",,[],False,False
PTECH,23,6947dec24a2186efe445dcee961f8ecdf4046eeb53c06eca8d432fe145ff035f,12BD,STATUT,,,UNAVAILABLE,True,missing_value,not_a_text_check,"[""""]",fb5db4c551f44825320e15cddffd10f7689fb7052a291679bd884d2def5e0aae,"[""MR.KLK5.P010""]",,[],False,False
PTECH,23,6947dec24a2186efe445dcee961f8ecdf4046eeb53c06eca8d432fe145ff035f,12BD,PROPRIETAIRE,,,UNAVAILABLE,True,missing_value,not_a_text_check,"[""""]",fb5db4c551f44825320e15cddffd10f7689fb7052a291679bd884d2def5e0aae,"[""MR.KLK5.P010""]",,[],False,False
PTECH,23,6947dec24a2186efe445dcee961f8ecdf4046eeb53c06eca8d432fe145ff035f,12BD,GESTIONNAIRE,,,UNAVAILABLE,True,missing_value,not_a_text_check,"[""""]",fb5db4c551f44825320e15cddffd10f7689fb7052a291679bd884d2def5e0aae,"[""MR.KLK5.P010""]",,[],False,False
PTECH,23,6947dec24a2186efe445dcee961f8ecdf4046eeb53c06eca8d432fe145ff035f,12BD,VILLE,,,UNAVAILABLE,True,missing_value,not_a_text_check,"[""""]",fb5db4c551f44825320e15cddffd10f7689fb7052a291679bd884d2def5e0aae,"[""MR.KLK5.P010""]",,[],False,False
PTECH,23,6947dec24a2186efe445dcee961f8ecdf4046eeb53c06eca8d432fe145ff035f,12BD,X,12543673.22578967,12543673.22578967,DWG_DERIVED:GEODATA+direct-CRS-transform,False,exact,not_a_text_check,"[""""]",fb5db4c551f44825320e15cddffd10f7689fb7052a291679bd884d2def5e0aae,"[""MR.KLK5.P010""]",,[],False,False
PTECH,23,6947dec24a2186efe445dcee961f8ecdf4046eeb53c06eca8d432fe145ff035f,12BD,Y,-821602.8188986044,-821602.8188986044,DWG_DERIVED:GEODATA+direct-CRS-transform,False,exact,not_a_text_check,"[""""]",fb5db4c551f44825320e15cddffd10f7689fb7052a291679bd884d2def5e0aae,"[""MR.KLK5.P010""]",,[],False,False
PTECH,23,6947dec24a2186efe445dcee961f8ecdf4046eeb53c06eca8d432fe145ff035f,12BD,display_label,MR.KLK5.P010,MR.KLK5.P010,DWG_DERIVED:AI-ANNOTATION-AUTO_POLE_ID_2_5-001|RULE:AI-ANNOTATION-ASSIGN-001,False,exact,verified_selected_annotation,"[""""]",fb5db4c551f44825320e15cddffd10f7689fb7052a291679bd884d2def5e0aae,"[""MR.KLK5.P010""]",,[],False,False
PTECH,24,06971a46f31850358b7407b60c8daa880f626a6c24a5f1df76b60ca871c7b91e,1299,CODE,MR.KLK5.P027,MR.KLK5.P027,DWG_DERIVED:AI-ANNOTATION-AUTO_POLE_ID_2_5-001|RULE:AI-ANNOTATION-ASSIGN-001,False,exact,verified_selected_annotation,"[""""]",0fd3f810d4c41c4fab729abd9f440346a88e83f8866599a3e4e73e875148f355,"[""MR.KLK5.P027""]",,[],False,False
PTECH,24,06971a46f31850358b7407b60c8daa880f626a6c24a5f1df76b60ca871c7b91e,1299,REF_PLAQUE,,,UNAVAILABLE,True,missing_value,not_a_text_check,"[""""]",0fd3f810d4c41c4fab729abd9f440346a88e83f8866599a3e4e73e875148f355,"[""MR.KLK5.P027""]",,[],False,False
PTECH,24,06971a46f31850358b7407b60c8daa880f626a6c24a5f1df76b60ca871c7b91e,1299,TYPE,,,UNAVAILABLE,True,missing_value,not_a_text_check,"[""""]",0fd3f810d4c41c4fab729abd9f440346a88e83f8866599a3e4e73e875148f355,"[""MR.KLK5.P027""]",,[],False,False
PTECH,24,06971a46f31850358b7407b60c8daa880f626a6c24a5f1df76b60ca871c7b91e,1299,NATURE,,,UNAVAILABLE,True,missing_value,not_a_text_check,"[""""]",0fd3f810d4c41c4fab729abd9f440346a88e83f8866599a3e4e73e875148f355,"[""MR.KLK5.P027""]",,[],False,False
PTECH,24,06971a46f31850358b7407b60c8daa880f626a6c24a5f1df76b60ca871c7b91e,1299,EFFORT_APPUI,,,UNAVAILABLE,True,missing_value,not_a_text_check,"[""""]",0fd3f810d4c41c4fab729abd9f440346a88e83f8866599a3e4e73e875148f355,"[""MR.KLK5.P027""]",,[],False,False
PTECH,24,06971a46f31850358b7407b60c8daa880f626a6c24a5f1df76b60ca871c7b91e,1299,STATUT,,,UNAVAILABLE,True,missing_value,not_a_text_check,"[""""]",0fd3f810d4c41c4fab729abd9f440346a88e83f8866599a3e4e73e875148f355,"[""MR.KLK5.P027""]",,[],False,False
PTECH,24,06971a46f31850358b7407b60c8daa880f626a6c24a5f1df76b60ca871c7b91e,1299,PROPRIETAIRE,,,UNAVAILABLE,True,missing_value,not_a_text_check,"[""""]",0fd3f810d4c41c4fab729abd9f440346a88e83f8866599a3e4e73e875148f355,"[""MR.KLK5.P027""]",,[],False,False
PTECH,24,06971a46f31850358b7407b60c8daa880f626a6c24a5f1df76b60ca871c7b91e,1299,GESTIONNAIRE,,,UNAVAILABLE,True,missing_value,not_a_text_check,"[""""]",0fd3f810d4c41c4fab729abd9f440346a88e83f8866599a3e4e73e875148f355,"[""MR.KLK5.P027""]",,[],False,False
PTECH,24,06971a46f31850358b7407b60c8daa880f626a6c24a5f1df76b60ca871c7b91e,1299,VILLE,,,UNAVAILABLE,True,missing_value,not_a_text_check,"[""""]",0fd3f810d4c41c4fab729abd9f440346a88e83f8866599a3e4e73e875148f355,"[""MR.KLK5.P027""]",,[],False,False
PTECH,24,06971a46f31850358b7407b60c8daa880f626a6c24a5f1df76b60ca871c7b91e,1299,X,12543740.391894108,12543740.391894108,DWG_DERIVED:GEODATA+direct-CRS-transform,False,exact,not_a_text_check,"[""""]",0fd3f810d4c41c4fab729abd9f440346a88e83f8866599a3e4e73e875148f355,"[""MR.KLK5.P027""]",,[],False,False
PTECH,24,06971a46f31850358b7407b60c8daa880f626a6c24a5f1df76b60ca871c7b91e,1299,Y,-821466.4261643994,-821466.4261643994,DWG_DERIVED:GEODATA+direct-CRS-transform,False,exact,not_a_text_check,"[""""]",0fd3f810d4c41c4fab729abd9f440346a88e83f8866599a3e4e73e875148f355,"[""MR.KLK5.P027""]",,[],False,False
PTECH,24,06971a46f31850358b7407b60c8daa880f626a6c24a5f1df76b60ca871c7b91e,1299,display_label,MR.KLK5.P027,MR.KLK5.P027,DWG_DERIVED:AI-ANNOTATION-AUTO_POLE_ID_2_5-001|RULE:AI-ANNOTATION-ASSIGN-001,False,exact,verified_selected_annotation,"[""""]",0fd3f810d4c41c4fab729abd9f440346a88e83f8866599a3e4e73e875148f355,"[""MR.KLK5.P027""]",,[],False,False
PTECH,25,bad562950245099fa25a7b891bce0b00236629d72d4e897938187af4c112efde,127E,CODE,MR.KLK5.P025,MR.KLK5.P025,DWG_DERIVED:AI-ANNOTATION-AUTO_POLE_ID_FDT_2_73-001|RULE:AI-ANNOTATION-ASSIGN-001,False,exact,verified_selected_annotation,"[""""]",31acfa415688c28ade18b7ccbeeed54af537999b54c638438f69d3c0682c8266,"[""MR.KLK5.P025""]",,[],False,False
PTECH,25,bad562950245099fa25a7b891bce0b00236629d72d4e897938187af4c112efde,127E,REF_PLAQUE,,,UNAVAILABLE,True,missing_value,not_a_text_check,"[""""]",31acfa415688c28ade18b7ccbeeed54af537999b54c638438f69d3c0682c8266,"[""MR.KLK5.P025""]",,[],False,False
PTECH,25,bad562950245099fa25a7b891bce0b00236629d72d4e897938187af4c112efde,127E,TYPE,,,UNAVAILABLE,True,missing_value,not_a_text_check,"[""""]",31acfa415688c28ade18b7ccbeeed54af537999b54c638438f69d3c0682c8266,"[""MR.KLK5.P025""]",,[],False,False
PTECH,25,bad562950245099fa25a7b891bce0b00236629d72d4e897938187af4c112efde,127E,NATURE,,,UNAVAILABLE,True,missing_value,not_a_text_check,"[""""]",31acfa415688c28ade18b7ccbeeed54af537999b54c638438f69d3c0682c8266,"[""MR.KLK5.P025""]",,[],False,False
PTECH,25,bad562950245099fa25a7b891bce0b00236629d72d4e897938187af4c112efde,127E,EFFORT_APPUI,,,UNAVAILABLE,True,missing_value,not_a_text_check,"[""""]",31acfa415688c28ade18b7ccbeeed54af537999b54c638438f69d3c0682c8266,"[""MR.KLK5.P025""]",,[],False,False
PTECH,25,bad562950245099fa25a7b891bce0b00236629d72d4e897938187af4c112efde,127E,STATUT,,,UNAVAILABLE,True,missing_value,not_a_text_check,"[""""]",31acfa415688c28ade18b7ccbeeed54af537999b54c638438f69d3c0682c8266,"[""MR.KLK5.P025""]",,[],False,False
PTECH,25,bad562950245099fa25a7b891bce0b00236629d72d4e897938187af4c112efde,127E,PROPRIETAIRE,,,UNAVAILABLE,True,missing_value,not_a_text_check,"[""""]",31acfa415688c28ade18b7ccbeeed54af537999b54c638438f69d3c0682c8266,"[""MR.KLK5.P025""]",,[],False,False
PTECH,25,bad562950245099fa25a7b891bce0b00236629d72d4e897938187af4c112efde,127E,GESTIONNAIRE,,,UNAVAILABLE,True,missing_value,not_a_text_check,"[""""]",31acfa415688c28ade18b7ccbeeed54af537999b54c638438f69d3c0682c8266,"[""MR.KLK5.P025""]",,[],False,False
PTECH,25,bad562950245099fa25a7b891bce0b00236629d72d4e897938187af4c112efde,127E,VILLE,,,UNAVAILABLE,True,missing_value,not_a_text_check,"[""""]",31acfa415688c28ade18b7ccbeeed54af537999b54c638438f69d3c0682c8266,"[""MR.KLK5.P025""]",,[],False,False
PTECH,25,bad562950245099fa25a7b891bce0b00236629d72d4e897938187af4c112efde,127E,X,12543589.334066356,12543589.334066356,DWG_DERIVED:GEODATA+direct-CRS-transform,False,exact,not_a_text_check,"[""""]",31acfa415688c28ade18b7ccbeeed54af537999b54c638438f69d3c0682c8266,"[""MR.KLK5.P025""]",,[],False,False
PTECH,25,bad562950245099fa25a7b891bce0b00236629d72d4e897938187af4c112efde,127E,Y,-821567.466021585,-821567.466021585,DWG_DERIVED:GEODATA+direct-CRS-transform,False,exact,not_a_text_check,"[""""]",31acfa415688c28ade18b7ccbeeed54af537999b54c638438f69d3c0682c8266,"[""MR.KLK5.P025""]",,[],False,False
PTECH,25,bad562950245099fa25a7b891bce0b00236629d72d4e897938187af4c112efde,127E,display_label,MR.KLK5.P025,MR.KLK5.P025,DWG_DERIVED:AI-ANNOTATION-AUTO_POLE_ID_FDT_2_73-001|RULE:AI-ANNOTATION-ASSIGN-001,False,exact,verified_selected_annotation,"[""""]",31acfa415688c28ade18b7ccbeeed54af537999b54c638438f69d3c0682c8266,"[""MR.KLK5.P025""]",,[],False,False
PTECH,26,2b81bf56a6e5857c11c56f714ccf1d2c516465fd36d1cff6d35efa0924fafc35,12DC,CODE,MR.KLK5.P003,MR.KLK5.P003,DWG_DERIVED:AI-ANNOTATION-AUTO_POLE_ID_FDT_2_73-001|RULE:AI-ANNOTATION-ASSIGN-001,False,exact,verified_selected_annotation,"[""""]",e9f9b95f640f5de50fb0693f598fb39d967ba831ecdb6dcf1afaff349c75a2db,"[""MR.KLK5.P003""]",,[],False,False
PTECH,26,2b81bf56a6e5857c11c56f714ccf1d2c516465fd36d1cff6d35efa0924fafc35,12DC,REF_PLAQUE,,,UNAVAILABLE,True,missing_value,not_a_text_check,"[""""]",e9f9b95f640f5de50fb0693f598fb39d967ba831ecdb6dcf1afaff349c75a2db,"[""MR.KLK5.P003""]",,[],False,False
PTECH,26,2b81bf56a6e5857c11c56f714ccf1d2c516465fd36d1cff6d35efa0924fafc35,12DC,TYPE,,,UNAVAILABLE,True,missing_value,not_a_text_check,"[""""]",e9f9b95f640f5de50fb0693f598fb39d967ba831ecdb6dcf1afaff349c75a2db,"[""MR.KLK5.P003""]",,[],False,False
PTECH,26,2b81bf56a6e5857c11c56f714ccf1d2c516465fd36d1cff6d35efa0924fafc35,12DC,NATURE,,,UNAVAILABLE,True,missing_value,not_a_text_check,"[""""]",e9f9b95f640f5de50fb0693f598fb39d967ba831ecdb6dcf1afaff349c75a2db,"[""MR.KLK5.P003""]",,[],False,False
PTECH,26,2b81bf56a6e5857c11c56f714ccf1d2c516465fd36d1cff6d35efa0924fafc35,12DC,EFFORT_APPUI,,,UNAVAILABLE,True,missing_value,not_a_text_check,"[""""]",e9f9b95f640f5de50fb0693f598fb39d967ba831ecdb6dcf1afaff349c75a2db,"[""MR.KLK5.P003""]",,[],False,False
PTECH,26,2b81bf56a6e5857c11c56f714ccf1d2c516465fd36d1cff6d35efa0924fafc35,12DC,STATUT,,,UNAVAILABLE,True,missing_value,not_a_text_check,"[""""]",e9f9b95f640f5de50fb0693f598fb39d967ba831ecdb6dcf1afaff349c75a2db,"[""MR.KLK5.P003""]",,[],False,False
PTECH,26,2b81bf56a6e5857c11c56f714ccf1d2c516465fd36d1cff6d35efa0924fafc35,12DC,PROPRIETAIRE,,,UNAVAILABLE,True,missing_value,not_a_text_check,"[""""]",e9f9b95f640f5de50fb0693f598fb39d967ba831ecdb6dcf1afaff349c75a2db,"[""MR.KLK5.P003""]",,[],False,False
PTECH,26,2b81bf56a6e5857c11c56f714ccf1d2c516465fd36d1cff6d35efa0924fafc35,12DC,GESTIONNAIRE,,,UNAVAILABLE,True,missing_value,not_a_text_check,"[""""]",e9f9b95f640f5de50fb0693f598fb39d967ba831ecdb6dcf1afaff349c75a2db,"[""MR.KLK5.P003""]",,[],False,False
PTECH,26,2b81bf56a6e5857c11c56f714ccf1d2c516465fd36d1cff6d35efa0924fafc35,12DC,VILLE,,,UNAVAILABLE,True,missing_value,not_a_text_check,"[""""]",e9f9b95f640f5de50fb0693f598fb39d967ba831ecdb6dcf1afaff349c75a2db,"[""MR.KLK5.P003""]",,[],False,False
PTECH,26,2b81bf56a6e5857c11c56f714ccf1d2c516465fd36d1cff6d35efa0924fafc35,12DC,X,12543660.955603413,12543660.955603413,DWG_DERIVED:GEODATA+direct-CRS-transform,False,exact,not_a_text_check,"[""""]",e9f9b95f640f5de50fb0693f598fb39d967ba831ecdb6dcf1afaff349c75a2db,"[""MR.KLK5.P003""]",,[],False,False
PTECH,26,2b81bf56a6e5857c11c56f714ccf1d2c516465fd36d1cff6d35efa0924fafc35,12DC,Y,-821510.6649519794,-821510.6649519794,DWG_DERIVED:GEODATA+direct-CRS-transform,False,exact,not_a_text_check,"[""""]",e9f9b95f640f5de50fb0693f598fb39d967ba831ecdb6dcf1afaff349c75a2db,"[""MR.KLK5.P003""]",,[],False,False
PTECH,26,2b81bf56a6e5857c11c56f714ccf1d2c516465fd36d1cff6d35efa0924fafc35,12DC,display_label,MR.KLK5.P003,MR.KLK5.P003,DWG_DERIVED:AI-ANNOTATION-AUTO_POLE_ID_FDT_2_73-001|RULE:AI-ANNOTATION-ASSIGN-001,False,exact,verified_selected_annotation,"[""""]",e9f9b95f640f5de50fb0693f598fb39d967ba831ecdb6dcf1afaff349c75a2db,"[""MR.KLK5.P003""]",,[],False,False
PTECH,27,63b15cb421868c5a7ef1aa207b0b2f1124d208976463d0aa235970baf36c5365,12CD,CODE,MR.KLK5.P005,MR.KLK5.P005,DWG_DERIVED:AI-ANNOTATION-AUTO_POLE_ID_FDT_2_73-001|RULE:AI-ANNOTATION-ASSIGN-001,False,exact,verified_selected_annotation,"[""""]",ea80cae064c8b09a6c33b1973fbe7170c90851584fa14dd1b3ee39ada4dd2152,"[""MR.KLK5.P005""]",,[],False,False
PTECH,27,63b15cb421868c5a7ef1aa207b0b2f1124d208976463d0aa235970baf36c5365,12CD,REF_PLAQUE,,,UNAVAILABLE,True,missing_value,not_a_text_check,"[""""]",ea80cae064c8b09a6c33b1973fbe7170c90851584fa14dd1b3ee39ada4dd2152,"[""MR.KLK5.P005""]",,[],False,False
PTECH,27,63b15cb421868c5a7ef1aa207b0b2f1124d208976463d0aa235970baf36c5365,12CD,TYPE,,,UNAVAILABLE,True,missing_value,not_a_text_check,"[""""]",ea80cae064c8b09a6c33b1973fbe7170c90851584fa14dd1b3ee39ada4dd2152,"[""MR.KLK5.P005""]",,[],False,False
PTECH,27,63b15cb421868c5a7ef1aa207b0b2f1124d208976463d0aa235970baf36c5365,12CD,NATURE,,,UNAVAILABLE,True,missing_value,not_a_text_check,"[""""]",ea80cae064c8b09a6c33b1973fbe7170c90851584fa14dd1b3ee39ada4dd2152,"[""MR.KLK5.P005""]",,[],False,False
PTECH,27,63b15cb421868c5a7ef1aa207b0b2f1124d208976463d0aa235970baf36c5365,12CD,EFFORT_APPUI,,,UNAVAILABLE,True,missing_value,not_a_text_check,"[""""]",ea80cae064c8b09a6c33b1973fbe7170c90851584fa14dd1b3ee39ada4dd2152,"[""MR.KLK5.P005""]",,[],False,False
PTECH,27,63b15cb421868c5a7ef1aa207b0b2f1124d208976463d0aa235970baf36c5365,12CD,STATUT,,,UNAVAILABLE,True,missing_value,not_a_text_check,"[""""]",ea80cae064c8b09a6c33b1973fbe7170c90851584fa14dd1b3ee39ada4dd2152,"[""MR.KLK5.P005""]",,[],False,False
PTECH,27,63b15cb421868c5a7ef1aa207b0b2f1124d208976463d0aa235970baf36c5365,12CD,PROPRIETAIRE,,,UNAVAILABLE,True,missing_value,not_a_text_check,"[""""]",ea80cae064c8b09a6c33b1973fbe7170c90851584fa14dd1b3ee39ada4dd2152,"[""MR.KLK5.P005""]",,[],False,False
PTECH,27,63b15cb421868c5a7ef1aa207b0b2f1124d208976463d0aa235970baf36c5365,12CD,GESTIONNAIRE,,,UNAVAILABLE,True,missing_value,not_a_text_check,"[""""]",ea80cae064c8b09a6c33b1973fbe7170c90851584fa14dd1b3ee39ada4dd2152,"[""MR.KLK5.P005""]",,[],False,False
PTECH,27,63b15cb421868c5a7ef1aa207b0b2f1124d208976463d0aa235970baf36c5365,12CD,VILLE,,,UNAVAILABLE,True,missing_value,not_a_text_check,"[""""]",ea80cae064c8b09a6c33b1973fbe7170c90851584fa14dd1b3ee39ada4dd2152,"[""MR.KLK5.P005""]",,[],False,False
PTECH,27,63b15cb421868c5a7ef1aa207b0b2f1124d208976463d0aa235970baf36c5365,12CD,X,12543720.2766081,12543720.2766081,DWG_DERIVED:GEODATA+direct-CRS-transform,False,exact,not_a_text_check,"[""""]",ea80cae064c8b09a6c33b1973fbe7170c90851584fa14dd1b3ee39ada4dd2152,"[""MR.KLK5.P005""]",,[],False,False
PTECH,27,63b15cb421868c5a7ef1aa207b0b2f1124d208976463d0aa235970baf36c5365,12CD,Y,-821519.3157303798,-821519.3157303798,DWG_DERIVED:GEODATA+direct-CRS-transform,False,exact,not_a_text_check,"[""""]",ea80cae064c8b09a6c33b1973fbe7170c90851584fa14dd1b3ee39ada4dd2152,"[""MR.KLK5.P005""]",,[],False,False
PTECH,27,63b15cb421868c5a7ef1aa207b0b2f1124d208976463d0aa235970baf36c5365,12CD,display_label,MR.KLK5.P005,MR.KLK5.P005,DWG_DERIVED:AI-ANNOTATION-AUTO_POLE_ID_FDT_2_73-001|RULE:AI-ANNOTATION-ASSIGN-001,False,exact,verified_selected_annotation,"[""""]",ea80cae064c8b09a6c33b1973fbe7170c90851584fa14dd1b3ee39ada4dd2152,"[""MR.KLK5.P005""]",,[],False,False
PTECH,28,ca935e6a49d6c0664b10d2be2d0215f44a510fd9ea5fb45613b8c06202c40290,128A,CODE,MR.KLK5.P023,MR.KLK5.P023,DWG_DERIVED:AI-ANNOTATION-AUTO_POLE_ID_2_5-001|RULE:AI-ANNOTATION-ASSIGN-001,False,exact,verified_selected_annotation,"[""""]",6e1e3e54858ca84455d810599ec678bda768d915ff0de55fe241bd25a5979ac4,"[""MR.KLK5.P023""]",,[],False,False
PTECH,28,ca935e6a49d6c0664b10d2be2d0215f44a510fd9ea5fb45613b8c06202c40290,128A,REF_PLAQUE,,,UNAVAILABLE,True,missing_value,not_a_text_check,"[""""]",6e1e3e54858ca84455d810599ec678bda768d915ff0de55fe241bd25a5979ac4,"[""MR.KLK5.P023""]",,[],False,False
PTECH,28,ca935e6a49d6c0664b10d2be2d0215f44a510fd9ea5fb45613b8c06202c40290,128A,TYPE,,,UNAVAILABLE,True,missing_value,not_a_text_check,"[""""]",6e1e3e54858ca84455d810599ec678bda768d915ff0de55fe241bd25a5979ac4,"[""MR.KLK5.P023""]",,[],False,False
PTECH,28,ca935e6a49d6c0664b10d2be2d0215f44a510fd9ea5fb45613b8c06202c40290,128A,NATURE,,,UNAVAILABLE,True,missing_value,not_a_text_check,"[""""]",6e1e3e54858ca84455d810599ec678bda768d915ff0de55fe241bd25a5979ac4,"[""MR.KLK5.P023""]",,[],False,False
PTECH,28,ca935e6a49d6c0664b10d2be2d0215f44a510fd9ea5fb45613b8c06202c40290,128A,EFFORT_APPUI,,,UNAVAILABLE,True,missing_value,not_a_text_check,"[""""]",6e1e3e54858ca84455d810599ec678bda768d915ff0de55fe241bd25a5979ac4,"[""MR.KLK5.P023""]",,[],False,False
PTECH,28,ca935e6a49d6c0664b10d2be2d0215f44a510fd9ea5fb45613b8c06202c40290,128A,STATUT,,,UNAVAILABLE,True,missing_value,not_a_text_check,"[""""]",6e1e3e54858ca84455d810599ec678bda768d915ff0de55fe241bd25a5979ac4,"[""MR.KLK5.P023""]",,[],False,False
PTECH,28,ca935e6a49d6c0664b10d2be2d0215f44a510fd9ea5fb45613b8c06202c40290,128A,PROPRIETAIRE,,,UNAVAILABLE,True,missing_value,not_a_text_check,"[""""]",6e1e3e54858ca84455d810599ec678bda768d915ff0de55fe241bd25a5979ac4,"[""MR.KLK5.P023""]",,[],False,False
PTECH,28,ca935e6a49d6c0664b10d2be2d0215f44a510fd9ea5fb45613b8c06202c40290,128A,GESTIONNAIRE,,,UNAVAILABLE,True,missing_value,not_a_text_check,"[""""]",6e1e3e54858ca84455d810599ec678bda768d915ff0de55fe241bd25a5979ac4,"[""MR.KLK5.P023""]",,[],False,False
PTECH,28,ca935e6a49d6c0664b10d2be2d0215f44a510fd9ea5fb45613b8c06202c40290,128A,VILLE,,,UNAVAILABLE,True,missing_value,not_a_text_check,"[""""]",6e1e3e54858ca84455d810599ec678bda768d915ff0de55fe241bd25a5979ac4,"[""MR.KLK5.P023""]",,[],False,False
PTECH,28,ca935e6a49d6c0664b10d2be2d0215f44a510fd9ea5fb45613b8c06202c40290,128A,X,12543625.362237614,12543625.362237614,DWG_DERIVED:GEODATA+direct-CRS-transform,False,exact,not_a_text_check,"[""""]",6e1e3e54858ca84455d810599ec678bda768d915ff0de55fe241bd25a5979ac4,"[""MR.KLK5.P023""]",,[],False,False
PTECH,28,ca935e6a49d6c0664b10d2be2d0215f44a510fd9ea5fb45613b8c06202c40290,128A,Y,-821498.3272753526,-821498.3272753526,DWG_DERIVED:GEODATA+direct-CRS-transform,False,exact,not_a_text_check,"[""""]",6e1e3e54858ca84455d810599ec678bda768d915ff0de55fe241bd25a5979ac4,"[""MR.KLK5.P023""]",,[],False,False
PTECH,28,ca935e6a49d6c0664b10d2be2d0215f44a510fd9ea5fb45613b8c06202c40290,128A,display_label,MR.KLK5.P023,MR.KLK5.P023,DWG_DERIVED:AI-ANNOTATION-AUTO_POLE_ID_2_5-001|RULE:AI-ANNOTATION-ASSIGN-001,False,exact,verified_selected_annotation,"[""""]",6e1e3e54858ca84455d810599ec678bda768d915ff0de55fe241bd25a5979ac4,"[""MR.KLK5.P023""]",,[],False,False
PTECH,29,336f56a4043e23ce9c50e5c1108a502e8a84cb3cfee16e2ffdcbf64020e89bf1,12C7,CODE,MR.KLK5.P007,MR.KLK5.P007,DWG_DERIVED:AI-ANNOTATION-AUTO_POLE_ID_FDT_2_73-001|RULE:AI-ANNOTATION-ASSIGN-001,False,exact,verified_selected_annotation,"[""""]",81d99dfae39c2d7758d9ddf6f432cf948e64ac9bc05580007887d346aa612f86,"[""MR.KLK5.P007""]",,[],False,False
PTECH,29,336f56a4043e23ce9c50e5c1108a502e8a84cb3cfee16e2ffdcbf64020e89bf1,12C7,REF_PLAQUE,,,UNAVAILABLE,True,missing_value,not_a_text_check,"[""""]",81d99dfae39c2d7758d9ddf6f432cf948e64ac9bc05580007887d346aa612f86,"[""MR.KLK5.P007""]",,[],False,False
PTECH,29,336f56a4043e23ce9c50e5c1108a502e8a84cb3cfee16e2ffdcbf64020e89bf1,12C7,TYPE,,,UNAVAILABLE,True,missing_value,not_a_text_check,"[""""]",81d99dfae39c2d7758d9ddf6f432cf948e64ac9bc05580007887d346aa612f86,"[""MR.KLK5.P007""]",,[],False,False
PTECH,29,336f56a4043e23ce9c50e5c1108a502e8a84cb3cfee16e2ffdcbf64020e89bf1,12C7,NATURE,,,UNAVAILABLE,True,missing_value,not_a_text_check,"[""""]",81d99dfae39c2d7758d9ddf6f432cf948e64ac9bc05580007887d346aa612f86,"[""MR.KLK5.P007""]",,[],False,False
PTECH,29,336f56a4043e23ce9c50e5c1108a502e8a84cb3cfee16e2ffdcbf64020e89bf1,12C7,EFFORT_APPUI,,,UNAVAILABLE,True,missing_value,not_a_text_check,"[""""]",81d99dfae39c2d7758d9ddf6f432cf948e64ac9bc05580007887d346aa612f86,"[""MR.KLK5.P007""]",,[],False,False
PTECH,29,336f56a4043e23ce9c50e5c1108a502e8a84cb3cfee16e2ffdcbf64020e89bf1,12C7,STATUT,,,UNAVAILABLE,True,missing_value,not_a_text_check,"[""""]",81d99dfae39c2d7758d9ddf6f432cf948e64ac9bc05580007887d346aa612f86,"[""MR.KLK5.P007""]",,[],False,False
PTECH,29,336f56a4043e23ce9c50e5c1108a502e8a84cb3cfee16e2ffdcbf64020e89bf1,12C7,PROPRIETAIRE,,,UNAVAILABLE,True,missing_value,not_a_text_check,"[""""]",81d99dfae39c2d7758d9ddf6f432cf948e64ac9bc05580007887d346aa612f86,"[""MR.KLK5.P007""]",,[],False,False
PTECH,29,336f56a4043e23ce9c50e5c1108a502e8a84cb3cfee16e2ffdcbf64020e89bf1,12C7,GESTIONNAIRE,,,UNAVAILABLE,True,missing_value,not_a_text_check,"[""""]",81d99dfae39c2d7758d9ddf6f432cf948e64ac9bc05580007887d346aa612f86,"[""MR.KLK5.P007""]",,[],False,False
PTECH,29,336f56a4043e23ce9c50e5c1108a502e8a84cb3cfee16e2ffdcbf64020e89bf1,12C7,VILLE,,,UNAVAILABLE,True,missing_value,not_a_text_check,"[""""]",81d99dfae39c2d7758d9ddf6f432cf948e64ac9bc05580007887d346aa612f86,"[""MR.KLK5.P007""]",,[],False,False
PTECH,29,336f56a4043e23ce9c50e5c1108a502e8a84cb3cfee16e2ffdcbf64020e89bf1,12C7,X,12543717.520396138,12543717.520396138,DWG_DERIVED:GEODATA+direct-CRS-transform,False,exact,not_a_text_check,"[""""]",81d99dfae39c2d7758d9ddf6f432cf948e64ac9bc05580007887d346aa612f86,"[""MR.KLK5.P007""]",,[],False,False
PTECH,29,336f56a4043e23ce9c50e5c1108a502e8a84cb3cfee16e2ffdcbf64020e89bf1,12C7,Y,-821545.350251256,-821545.350251256,DWG_DERIVED:GEODATA+direct-CRS-transform,False,exact,not_a_text_check,"[""""]",81d99dfae39c2d7758d9ddf6f432cf948e64ac9bc05580007887d346aa612f86,"[""MR.KLK5.P007""]",,[],False,False
PTECH,29,336f56a4043e23ce9c50e5c1108a502e8a84cb3cfee16e2ffdcbf64020e89bf1,12C7,display_label,MR.KLK5.P007,MR.KLK5.P007,DWG_DERIVED:AI-ANNOTATION-AUTO_POLE_ID_FDT_2_73-001|RULE:AI-ANNOTATION-ASSIGN-001,False,exact,verified_selected_annotation,"[""""]",81d99dfae39c2d7758d9ddf6f432cf948e64ac9bc05580007887d346aa612f86,"[""MR.KLK5.P007""]",,[],False,False
PTECH,30,59dae1f08c4f3c2be77a2245130be1de84eccb81c8bc5aec89fc346b526fa38c,12DF,CODE,MR.KLK5.P002,MR.KLK5.P002,DWG_DERIVED:AI-ANNOTATION-AUTO_POLE_ID_2_5-001|RULE:AI-ANNOTATION-ASSIGN-001,False,exact,verified_selected_annotation,"[""""]",7d3d82578d0f373f7b02042bf4dc2ed15e52c52e293522b5a1226ec0db37edb7,"[""MR.KLK5.P002""]",,[],False,False
PTECH,30,59dae1f08c4f3c2be77a2245130be1de84eccb81c8bc5aec89fc346b526fa38c,12DF,REF_PLAQUE,,,UNAVAILABLE,True,missing_value,not_a_text_check,"[""""]",7d3d82578d0f373f7b02042bf4dc2ed15e52c52e293522b5a1226ec0db37edb7,"[""MR.KLK5.P002""]",,[],False,False
PTECH,30,59dae1f08c4f3c2be77a2245130be1de84eccb81c8bc5aec89fc346b526fa38c,12DF,TYPE,,,UNAVAILABLE,True,missing_value,not_a_text_check,"[""""]",7d3d82578d0f373f7b02042bf4dc2ed15e52c52e293522b5a1226ec0db37edb7,"[""MR.KLK5.P002""]",,[],False,False
PTECH,30,59dae1f08c4f3c2be77a2245130be1de84eccb81c8bc5aec89fc346b526fa38c,12DF,NATURE,,,UNAVAILABLE,True,missing_value,not_a_text_check,"[""""]",7d3d82578d0f373f7b02042bf4dc2ed15e52c52e293522b5a1226ec0db37edb7,"[""MR.KLK5.P002""]",,[],False,False
PTECH,30,59dae1f08c4f3c2be77a2245130be1de84eccb81c8bc5aec89fc346b526fa38c,12DF,EFFORT_APPUI,,,UNAVAILABLE,True,missing_value,not_a_text_check,"[""""]",7d3d82578d0f373f7b02042bf4dc2ed15e52c52e293522b5a1226ec0db37edb7,"[""MR.KLK5.P002""]",,[],False,False
PTECH,30,59dae1f08c4f3c2be77a2245130be1de84eccb81c8bc5aec89fc346b526fa38c,12DF,STATUT,,,UNAVAILABLE,True,missing_value,not_a_text_check,"[""""]",7d3d82578d0f373f7b02042bf4dc2ed15e52c52e293522b5a1226ec0db37edb7,"[""MR.KLK5.P002""]",,[],False,False
PTECH,30,59dae1f08c4f3c2be77a2245130be1de84eccb81c8bc5aec89fc346b526fa38c,12DF,PROPRIETAIRE,,,UNAVAILABLE,True,missing_value,not_a_text_check,"[""""]",7d3d82578d0f373f7b02042bf4dc2ed15e52c52e293522b5a1226ec0db37edb7,"[""MR.KLK5.P002""]",,[],False,False
PTECH,30,59dae1f08c4f3c2be77a2245130be1de84eccb81c8bc5aec89fc346b526fa38c,12DF,GESTIONNAIRE,,,UNAVAILABLE,True,missing_value,not_a_text_check,"[""""]",7d3d82578d0f373f7b02042bf4dc2ed15e52c52e293522b5a1226ec0db37edb7,"[""MR.KLK5.P002""]",,[],False,False
PTECH,30,59dae1f08c4f3c2be77a2245130be1de84eccb81c8bc5aec89fc346b526fa38c,12DF,VILLE,,,UNAVAILABLE,True,missing_value,not_a_text_check,"[""""]",7d3d82578d0f373f7b02042bf4dc2ed15e52c52e293522b5a1226ec0db37edb7,"[""MR.KLK5.P002""]",,[],False,False
PTECH,30,59dae1f08c4f3c2be77a2245130be1de84eccb81c8bc5aec89fc346b526fa38c,12DF,X,12543661.12255893,12543661.12255893,DWG_DERIVED:GEODATA+direct-CRS-transform,False,exact,not_a_text_check,"[""""]",7d3d82578d0f373f7b02042bf4dc2ed15e52c52e293522b5a1226ec0db37edb7,"[""MR.KLK5.P002""]",,[],False,False
PTECH,30,59dae1f08c4f3c2be77a2245130be1de84eccb81c8bc5aec89fc346b526fa38c,12DF,Y,-821486.6945651454,-821486.6945651454,DWG_DERIVED:GEODATA+direct-CRS-transform,False,exact,not_a_text_check,"[""""]",7d3d82578d0f373f7b02042bf4dc2ed15e52c52e293522b5a1226ec0db37edb7,"[""MR.KLK5.P002""]",,[],False,False
PTECH,30,59dae1f08c4f3c2be77a2245130be1de84eccb81c8bc5aec89fc346b526fa38c,12DF,display_label,MR.KLK5.P002,MR.KLK5.P002,DWG_DERIVED:AI-ANNOTATION-AUTO_POLE_ID_2_5-001|RULE:AI-ANNOTATION-ASSIGN-001,False,exact,verified_selected_annotation,"[""""]",7d3d82578d0f373f7b02042bf4dc2ed15e52c52e293522b5a1226ec0db37edb7,"[""MR.KLK5.P002""]",,[],False,False
PTECH,31,cb5019b4577782f23c5f850488dd44a8068868e408e85ff5a0dbd73b2523f702,1287,CODE,MR.KLK5.P021,MR.KLK5.P021,DWG_DERIVED:AI-ANNOTATION-AUTO_POLE_ID_FDT_2_73-001|RULE:AI-ANNOTATION-ASSIGN-001,False,exact,verified_selected_annotation,"[""""]",f8fe8675e7781884fc887fde6bb5151fbd068a81b4b55ba80b1cc9a6dd9030e5,"[""MR.KLK5.P021""]",,[],False,False
PTECH,31,cb5019b4577782f23c5f850488dd44a8068868e408e85ff5a0dbd73b2523f702,1287,REF_PLAQUE,,,UNAVAILABLE,True,missing_value,not_a_text_check,"[""""]",f8fe8675e7781884fc887fde6bb5151fbd068a81b4b55ba80b1cc9a6dd9030e5,"[""MR.KLK5.P021""]",,[],False,False
PTECH,31,cb5019b4577782f23c5f850488dd44a8068868e408e85ff5a0dbd73b2523f702,1287,TYPE,,,UNAVAILABLE,True,missing_value,not_a_text_check,"[""""]",f8fe8675e7781884fc887fde6bb5151fbd068a81b4b55ba80b1cc9a6dd9030e5,"[""MR.KLK5.P021""]",,[],False,False
PTECH,31,cb5019b4577782f23c5f850488dd44a8068868e408e85ff5a0dbd73b2523f702,1287,NATURE,,,UNAVAILABLE,True,missing_value,not_a_text_check,"[""""]",f8fe8675e7781884fc887fde6bb5151fbd068a81b4b55ba80b1cc9a6dd9030e5,"[""MR.KLK5.P021""]",,[],False,False
PTECH,31,cb5019b4577782f23c5f850488dd44a8068868e408e85ff5a0dbd73b2523f702,1287,EFFORT_APPUI,,,UNAVAILABLE,True,missing_value,not_a_text_check,"[""""]",f8fe8675e7781884fc887fde6bb5151fbd068a81b4b55ba80b1cc9a6dd9030e5,"[""MR.KLK5.P021""]",,[],False,False
PTECH,31,cb5019b4577782f23c5f850488dd44a8068868e408e85ff5a0dbd73b2523f702,1287,STATUT,,,UNAVAILABLE,True,missing_value,not_a_text_check,"[""""]",f8fe8675e7781884fc887fde6bb5151fbd068a81b4b55ba80b1cc9a6dd9030e5,"[""MR.KLK5.P021""]",,[],False,False
PTECH,31,cb5019b4577782f23c5f850488dd44a8068868e408e85ff5a0dbd73b2523f702,1287,PROPRIETAIRE,,,UNAVAILABLE,True,missing_value,not_a_text_check,"[""""]",f8fe8675e7781884fc887fde6bb5151fbd068a81b4b55ba80b1cc9a6dd9030e5,"[""MR.KLK5.P021""]",,[],False,False
PTECH,31,cb5019b4577782f23c5f850488dd44a8068868e408e85ff5a0dbd73b2523f702,1287,GESTIONNAIRE,,,UNAVAILABLE,True,missing_value,not_a_text_check,"[""""]",f8fe8675e7781884fc887fde6bb5151fbd068a81b4b55ba80b1cc9a6dd9030e5,"[""MR.KLK5.P021""]",,[],False,False
PTECH,31,cb5019b4577782f23c5f850488dd44a8068868e408e85ff5a0dbd73b2523f702,1287,VILLE,,,UNAVAILABLE,True,missing_value,not_a_text_check,"[""""]",f8fe8675e7781884fc887fde6bb5151fbd068a81b4b55ba80b1cc9a6dd9030e5,"[""MR.KLK5.P021""]",,[],False,False
PTECH,31,cb5019b4577782f23c5f850488dd44a8068868e408e85ff5a0dbd73b2523f702,1287,X,12543606.639332727,12543606.639332727,DWG_DERIVED:GEODATA+direct-CRS-transform,False,exact,not_a_text_check,"[""""]",f8fe8675e7781884fc887fde6bb5151fbd068a81b4b55ba80b1cc9a6dd9030e5,"[""MR.KLK5.P021""]",,[],False,False
PTECH,31,cb5019b4577782f23c5f850488dd44a8068868e408e85ff5a0dbd73b2523f702,1287,Y,-821469.2562499373,-821469.2562499373,DWG_DERIVED:GEODATA+direct-CRS-transform,False,exact,not_a_text_check,"[""""]",f8fe8675e7781884fc887fde6bb5151fbd068a81b4b55ba80b1cc9a6dd9030e5,"[""MR.KLK5.P021""]",,[],False,False
PTECH,31,cb5019b4577782f23c5f850488dd44a8068868e408e85ff5a0dbd73b2523f702,1287,display_label,MR.KLK5.P021,MR.KLK5.P021,DWG_DERIVED:AI-ANNOTATION-AUTO_POLE_ID_FDT_2_73-001|RULE:AI-ANNOTATION-ASSIGN-001,False,exact,verified_selected_annotation,"[""""]",f8fe8675e7781884fc887fde6bb5151fbd068a81b4b55ba80b1cc9a6dd9030e5,"[""MR.KLK5.P021""]",,[],False,False
PTECH,32,c9d4064ff5ecd1f25d82c57f15701d6062d048b925398d894a3c22d46bc1a97e,12A2,CODE,MR.KLK5.P030,MR.KLK5.P030,DWG_DERIVED:AI-ANNOTATION-AUTO_POLE_ID_2_5-001|RULE:AI-ANNOTATION-ASSIGN-001,False,exact,verified_selected_annotation,"[""""]",39844ab87fdc104faf55f1125921be62692eb927760ce7b5be41c97cdb3555eb,"[""MR.KLK5.P030""]",,[],False,False
PTECH,32,c9d4064ff5ecd1f25d82c57f15701d6062d048b925398d894a3c22d46bc1a97e,12A2,REF_PLAQUE,,,UNAVAILABLE,True,missing_value,not_a_text_check,"[""""]",39844ab87fdc104faf55f1125921be62692eb927760ce7b5be41c97cdb3555eb,"[""MR.KLK5.P030""]",,[],False,False
PTECH,32,c9d4064ff5ecd1f25d82c57f15701d6062d048b925398d894a3c22d46bc1a97e,12A2,TYPE,,,UNAVAILABLE,True,missing_value,not_a_text_check,"[""""]",39844ab87fdc104faf55f1125921be62692eb927760ce7b5be41c97cdb3555eb,"[""MR.KLK5.P030""]",,[],False,False
PTECH,32,c9d4064ff5ecd1f25d82c57f15701d6062d048b925398d894a3c22d46bc1a97e,12A2,NATURE,,,UNAVAILABLE,True,missing_value,not_a_text_check,"[""""]",39844ab87fdc104faf55f1125921be62692eb927760ce7b5be41c97cdb3555eb,"[""MR.KLK5.P030""]",,[],False,False
PTECH,32,c9d4064ff5ecd1f25d82c57f15701d6062d048b925398d894a3c22d46bc1a97e,12A2,EFFORT_APPUI,,,UNAVAILABLE,True,missing_value,not_a_text_check,"[""""]",39844ab87fdc104faf55f1125921be62692eb927760ce7b5be41c97cdb3555eb,"[""MR.KLK5.P030""]",,[],False,False
PTECH,32,c9d4064ff5ecd1f25d82c57f15701d6062d048b925398d894a3c22d46bc1a97e,12A2,STATUT,,,UNAVAILABLE,True,missing_value,not_a_text_check,"[""""]",39844ab87fdc104faf55f1125921be62692eb927760ce7b5be41c97cdb3555eb,"[""MR.KLK5.P030""]",,[],False,False
PTECH,32,c9d4064ff5ecd1f25d82c57f15701d6062d048b925398d894a3c22d46bc1a97e,12A2,PROPRIETAIRE,,,UNAVAILABLE,True,missing_value,not_a_text_check,"[""""]",39844ab87fdc104faf55f1125921be62692eb927760ce7b5be41c97cdb3555eb,"[""MR.KLK5.P030""]",,[],False,False
PTECH,32,c9d4064ff5ecd1f25d82c57f15701d6062d048b925398d894a3c22d46bc1a97e,12A2,GESTIONNAIRE,,,UNAVAILABLE,True,missing_value,not_a_text_check,"[""""]",39844ab87fdc104faf55f1125921be62692eb927760ce7b5be41c97cdb3555eb,"[""MR.KLK5.P030""]",,[],False,False
PTECH,32,c9d4064ff5ecd1f25d82c57f15701d6062d048b925398d894a3c22d46bc1a97e,12A2,VILLE,,,UNAVAILABLE,True,missing_value,not_a_text_check,"[""""]",39844ab87fdc104faf55f1125921be62692eb927760ce7b5be41c97cdb3555eb,"[""MR.KLK5.P030""]",,[],False,False
PTECH,32,c9d4064ff5ecd1f25d82c57f15701d6062d048b925398d894a3c22d46bc1a97e,12A2,X,12543826.841559637,12543826.841559637,DWG_DERIVED:GEODATA+direct-CRS-transform,False,exact,not_a_text_check,"[""""]",39844ab87fdc104faf55f1125921be62692eb927760ce7b5be41c97cdb3555eb,"[""MR.KLK5.P030""]",,[],False,False
PTECH,32,c9d4064ff5ecd1f25d82c57f15701d6062d048b925398d894a3c22d46bc1a97e,12A2,Y,-821471.0911113658,-821471.0911113658,DWG_DERIVED:GEODATA+direct-CRS-transform,False,exact,not_a_text_check,"[""""]",39844ab87fdc104faf55f1125921be62692eb927760ce7b5be41c97cdb3555eb,"[""MR.KLK5.P030""]",,[],False,False
PTECH,32,c9d4064ff5ecd1f25d82c57f15701d6062d048b925398d894a3c22d46bc1a97e,12A2,display_label,MR.KLK5.P030,MR.KLK5.P030,DWG_DERIVED:AI-ANNOTATION-AUTO_POLE_ID_2_5-001|RULE:AI-ANNOTATION-ASSIGN-001,False,exact,verified_selected_annotation,"[""""]",39844ab87fdc104faf55f1125921be62692eb927760ce7b5be41c97cdb3555eb,"[""MR.KLK5.P030""]",,[],False,False
PTECH,33,7f0260cff5d871e47e0be442f28b19b43d3d9e8aa1debfc22c31517ed2857d78,12B7,CODE,MR.KLK5.P019,MR.KLK5.P019,DWG_DERIVED:AI-ANNOTATION-AUTO_POLE_ID_2_5-001|RULE:AI-ANNOTATION-ASSIGN-001,False,exact,verified_selected_annotation,"[""""]",ccaf0cc59fec99b1fcf5939d77fded1366003f07e49e94ef943b77046fa5e2f4,"[""MR.KLK5.P019""]",,[],False,False
PTECH,33,7f0260cff5d871e47e0be442f28b19b43d3d9e8aa1debfc22c31517ed2857d78,12B7,REF_PLAQUE,,,UNAVAILABLE,True,missing_value,not_a_text_check,"[""""]",ccaf0cc59fec99b1fcf5939d77fded1366003f07e49e94ef943b77046fa5e2f4,"[""MR.KLK5.P019""]",,[],False,False
PTECH,33,7f0260cff5d871e47e0be442f28b19b43d3d9e8aa1debfc22c31517ed2857d78,12B7,TYPE,,,UNAVAILABLE,True,missing_value,not_a_text_check,"[""""]",ccaf0cc59fec99b1fcf5939d77fded1366003f07e49e94ef943b77046fa5e2f4,"[""MR.KLK5.P019""]",,[],False,False
PTECH,33,7f0260cff5d871e47e0be442f28b19b43d3d9e8aa1debfc22c31517ed2857d78,12B7,NATURE,,,UNAVAILABLE,True,missing_value,not_a_text_check,"[""""]",ccaf0cc59fec99b1fcf5939d77fded1366003f07e49e94ef943b77046fa5e2f4,"[""MR.KLK5.P019""]",,[],False,False
PTECH,33,7f0260cff5d871e47e0be442f28b19b43d3d9e8aa1debfc22c31517ed2857d78,12B7,EFFORT_APPUI,,,UNAVAILABLE,True,missing_value,not_a_text_check,"[""""]",ccaf0cc59fec99b1fcf5939d77fded1366003f07e49e94ef943b77046fa5e2f4,"[""MR.KLK5.P019""]",,[],False,False
PTECH,33,7f0260cff5d871e47e0be442f28b19b43d3d9e8aa1debfc22c31517ed2857d78,12B7,STATUT,,,UNAVAILABLE,True,missing_value,not_a_text_check,"[""""]",ccaf0cc59fec99b1fcf5939d77fded1366003f07e49e94ef943b77046fa5e2f4,"[""MR.KLK5.P019""]",,[],False,False
PTECH,33,7f0260cff5d871e47e0be442f28b19b43d3d9e8aa1debfc22c31517ed2857d78,12B7,PROPRIETAIRE,,,UNAVAILABLE,True,missing_value,not_a_text_check,"[""""]",ccaf0cc59fec99b1fcf5939d77fded1366003f07e49e94ef943b77046fa5e2f4,"[""MR.KLK5.P019""]",,[],False,False
PTECH,33,7f0260cff5d871e47e0be442f28b19b43d3d9e8aa1debfc22c31517ed2857d78,12B7,GESTIONNAIRE,,,UNAVAILABLE,True,missing_value,not_a_text_check,"[""""]",ccaf0cc59fec99b1fcf5939d77fded1366003f07e49e94ef943b77046fa5e2f4,"[""MR.KLK5.P019""]",,[],False,False
PTECH,33,7f0260cff5d871e47e0be442f28b19b43d3d9e8aa1debfc22c31517ed2857d78,12B7,VILLE,,,UNAVAILABLE,True,missing_value,not_a_text_check,"[""""]",ccaf0cc59fec99b1fcf5939d77fded1366003f07e49e94ef943b77046fa5e2f4,"[""MR.KLK5.P019""]",,[],False,False
PTECH,33,7f0260cff5d871e47e0be442f28b19b43d3d9e8aa1debfc22c31517ed2857d78,12B7,X,12543813.834337903,12543813.834337903,DWG_DERIVED:GEODATA+direct-CRS-transform,False,exact,not_a_text_check,"[""""]",ccaf0cc59fec99b1fcf5939d77fded1366003f07e49e94ef943b77046fa5e2f4,"[""MR.KLK5.P019""]",,[],False,False
PTECH,33,7f0260cff5d871e47e0be442f28b19b43d3d9e8aa1debfc22c31517ed2857d78,12B7,Y,-821626.6706612495,-821626.6706612495,DWG_DERIVED:GEODATA+direct-CRS-transform,False,exact,not_a_text_check,"[""""]",ccaf0cc59fec99b1fcf5939d77fded1366003f07e49e94ef943b77046fa5e2f4,"[""MR.KLK5.P019""]",,[],False,False
PTECH,33,7f0260cff5d871e47e0be442f28b19b43d3d9e8aa1debfc22c31517ed2857d78,12B7,display_label,MR.KLK5.P019,MR.KLK5.P019,DWG_DERIVED:AI-ANNOTATION-AUTO_POLE_ID_2_5-001|RULE:AI-ANNOTATION-ASSIGN-001,False,exact,verified_selected_annotation,"[""""]",ccaf0cc59fec99b1fcf5939d77fded1366003f07e49e94ef943b77046fa5e2f4,"[""MR.KLK5.P019""]",,[],False,False
IMB,1,ec7d27635e753087f6298637104a42a3048a3328dc3c0922b77010fbe0eef852,583,CODE,GUDANG-28,GUDANG-28,DWG_DIRECT:text|RULE:AI-IMB-CODE-001,False,exact,exact,"[""GUDANG-28""]",,[],,[],False,False
IMB,1,ec7d27635e753087f6298637104a42a3048a3328dc3c0922b77010fbe0eef852,583,REF_PLAQUE,,,UNAVAILABLE,True,missing_value,not_a_text_check,"[""GUDANG-28""]",,[],,[],False,False
IMB,1,ec7d27635e753087f6298637104a42a3048a3328dc3c0922b77010fbe0eef852,583,REGION,,,UNAVAILABLE,True,missing_value,not_a_text_check,"[""GUDANG-28""]",,[],,[],False,False
IMB,1,ec7d27635e753087f6298637104a42a3048a3328dc3c0922b77010fbe0eef852,583,PROVINCE,,,UNAVAILABLE,True,missing_value,not_a_text_check,"[""GUDANG-28""]",,[],,[],False,False
IMB,1,ec7d27635e753087f6298637104a42a3048a3328dc3c0922b77010fbe0eef852,583,VILLE,,,UNAVAILABLE,True,missing_value,not_a_text_check,"[""GUDANG-28""]",,[],,[],False,False
IMB,1,ec7d27635e753087f6298637104a42a3048a3328dc3c0922b77010fbe0eef852,583,COMMUNE,,,UNAVAILABLE,True,missing_value,not_a_text_check,"[""GUDANG-28""]",,[],,[],False,False
IMB,1,ec7d27635e753087f6298637104a42a3048a3328dc3c0922b77010fbe0eef852,583,CODE_POSTAL,,,UNAVAILABLE,True,missing_value,not_a_text_check,"[""GUDANG-28""]",,[],,[],False,False
IMB,1,ec7d27635e753087f6298637104a42a3048a3328dc3c0922b77010fbe0eef852,583,NUMERO_VOIE,,,UNAVAILABLE,True,missing_value,not_a_text_check,"[""GUDANG-28""]",,[],,[],False,False
IMB,1,ec7d27635e753087f6298637104a42a3048a3328dc3c0922b77010fbe0eef852,583,TYPE_VOIE,,,UNAVAILABLE,True,missing_value,not_a_text_check,"[""GUDANG-28""]",,[],,[],False,False
IMB,1,ec7d27635e753087f6298637104a42a3048a3328dc3c0922b77010fbe0eef852,583,TYPE_BATIMENT,,,UNAVAILABLE,True,missing_value,not_a_text_check,"[""GUDANG-28""]",,[],,[],False,False
IMB,1,ec7d27635e753087f6298637104a42a3048a3328dc3c0922b77010fbe0eef852,583,TYPE_CLIENT,,,UNAVAILABLE,True,missing_value,not_a_text_check,"[""GUDANG-28""]",,[],,[],False,False
IMB,1,ec7d27635e753087f6298637104a42a3048a3328dc3c0922b77010fbe0eef852,583,NB_LOC_RES,,,UNAVAILABLE,True,missing_value,not_a_text_check,"[""GUDANG-28""]",,[],,[],False,False
IMB,1,ec7d27635e753087f6298637104a42a3048a3328dc3c0922b77010fbe0eef852,583,NB_LOC_PRO,,,UNAVAILABLE,True,missing_value,not_a_text_check,"[""GUDANG-28""]",,[],,[],False,False
IMB,1,ec7d27635e753087f6298637104a42a3048a3328dc3c0922b77010fbe0eef852,583,NB_LOC_TOT,,,UNAVAILABLE,True,missing_value,not_a_text_check,"[""GUDANG-28""]",,[],,[],False,False
IMB,1,ec7d27635e753087f6298637104a42a3048a3328dc3c0922b77010fbe0eef852,583,RACCORDEMENT,,,UNAVAILABLE,True,missing_value,not_a_text_check,"[""GUDANG-28""]",,[],,[],False,False
IMB,1,ec7d27635e753087f6298637104a42a3048a3328dc3c0922b77010fbe0eef852,583,STATUT,,,UNAVAILABLE,True,missing_value,not_a_text_check,"[""GUDANG-28""]",,[],,[],False,False
IMB,1,ec7d27635e753087f6298637104a42a3048a3328dc3c0922b77010fbe0eef852,583,NB_ETAGE,,,UNAVAILABLE,True,missing_value,not_a_text_check,"[""GUDANG-28""]",,[],,[],False,False
IMB,1,ec7d27635e753087f6298637104a42a3048a3328dc3c0922b77010fbe0eef852,583,COL_MONTANTE,,,UNAVAILABLE,True,missing_value,not_a_text_check,"[""GUDANG-28""]",,[],,[],False,False
IMB,1,ec7d27635e753087f6298637104a42a3048a3328dc3c0922b77010fbe0eef852,583,SOUS_SOL,,,UNAVAILABLE,True,missing_value,not_a_text_check,"[""GUDANG-28""]",,[],,[],False,False
IMB,1,ec7d27635e753087f6298637104a42a3048a3328dc3c0922b77010fbe0eef852,583,SOUS_SOL_COMMUN,,,UNAVAILABLE,True,missing_value,not_a_text_check,"[""GUDANG-28""]",,[],,[],False,False
IMB,1,ec7d27635e753087f6298637104a42a3048a3328dc3c0922b77010fbe0eef852,583,BPE_CODE,,,UNAVAILABLE,True,missing_value,not_a_text_check,"[""GUDANG-28""]",,[],,[],False,False
IMB,1,ec7d27635e753087f6298637104a42a3048a3328dc3c0922b77010fbe0eef852,583,X,12543659.757336618,12543659.757336618,DWG_DERIVED:GEODATA+direct-CRS-transform,False,exact,not_a_text_check,"[""GUDANG-28""]",,[],,[],False,False
IMB,1,ec7d27635e753087f6298637104a42a3048a3328dc3c0922b77010fbe0eef852,583,Y,-821736.9269243343,-821736.9269243343,DWG_DERIVED:GEODATA+direct-CRS-transform,False,exact,not_a_text_check,"[""GUDANG-28""]",,[],,[],False,False
IMB,1,ec7d27635e753087f6298637104a42a3048a3328dc3c0922b77010fbe0eef852,583,display_label,GUDANG-28,GUDANG-28,DWG_DIRECT:text|RULE:AI-IMB-LABEL-001,False,exact,exact,"[""GUDANG-28""]",,[],,[],False,False
IMB,2,4677a2331aeadf13c0762b4e1e8e2db785f668fd2908d58cefd1645c8176bbb1,5B1,CODE,NN-34,NN-34,DWG_DIRECT:text|RULE:AI-IMB-CODE-001,False,exact,exact,"[""NN-34""]",,[],,[],False,False
IMB,2,4677a2331aeadf13c0762b4e1e8e2db785f668fd2908d58cefd1645c8176bbb1,5B1,REF_PLAQUE,,,UNAVAILABLE,True,missing_value,not_a_text_check,"[""NN-34""]",,[],,[],False,False
IMB,2,4677a2331aeadf13c0762b4e1e8e2db785f668fd2908d58cefd1645c8176bbb1,5B1,REGION,,,UNAVAILABLE,True,missing_value,not_a_text_check,"[""NN-34""]",,[],,[],False,False
IMB,2,4677a2331aeadf13c0762b4e1e8e2db785f668fd2908d58cefd1645c8176bbb1,5B1,PROVINCE,,,UNAVAILABLE,True,missing_value,not_a_text_check,"[""NN-34""]",,[],,[],False,False
IMB,2,4677a2331aeadf13c0762b4e1e8e2db785f668fd2908d58cefd1645c8176bbb1,5B1,VILLE,,,UNAVAILABLE,True,missing_value,not_a_text_check,"[""NN-34""]",,[],,[],False,False
IMB,2,4677a2331aeadf13c0762b4e1e8e2db785f668fd2908d58cefd1645c8176bbb1,5B1,COMMUNE,,,UNAVAILABLE,True,missing_value,not_a_text_check,"[""NN-34""]",,[],,[],False,False
IMB,2,4677a2331aeadf13c0762b4e1e8e2db785f668fd2908d58cefd1645c8176bbb1,5B1,CODE_POSTAL,,,UNAVAILABLE,True,missing_value,not_a_text_check,"[""NN-34""]",,[],,[],False,False
IMB,2,4677a2331aeadf13c0762b4e1e8e2db785f668fd2908d58cefd1645c8176bbb1,5B1,NUMERO_VOIE,,,UNAVAILABLE,True,missing_value,not_a_text_check,"[""NN-34""]",,[],,[],False,False
IMB,2,4677a2331aeadf13c0762b4e1e8e2db785f668fd2908d58cefd1645c8176bbb1,5B1,TYPE_VOIE,,,UNAVAILABLE,True,missing_value,not_a_text_check,"[""NN-34""]",,[],,[],False,False
IMB,2,4677a2331aeadf13c0762b4e1e8e2db785f668fd2908d58cefd1645c8176bbb1,5B1,TYPE_BATIMENT,,,UNAVAILABLE,True,missing_value,not_a_text_check,"[""NN-34""]",,[],,[],False,False
IMB,2,4677a2331aeadf13c0762b4e1e8e2db785f668fd2908d58cefd1645c8176bbb1,5B1,TYPE_CLIENT,,,UNAVAILABLE,True,missing_value,not_a_text_check,"[""NN-34""]",,[],,[],False,False
IMB,2,4677a2331aeadf13c0762b4e1e8e2db785f668fd2908d58cefd1645c8176bbb1,5B1,NB_LOC_RES,,,UNAVAILABLE,True,missing_value,not_a_text_check,"[""NN-34""]",,[],,[],False,False
IMB,2,4677a2331aeadf13c0762b4e1e8e2db785f668fd2908d58cefd1645c8176bbb1,5B1,NB_LOC_PRO,,,UNAVAILABLE,True,missing_value,not_a_text_check,"[""NN-34""]",,[],,[],False,False
IMB,2,4677a2331aeadf13c0762b4e1e8e2db785f668fd2908d58cefd1645c8176bbb1,5B1,NB_LOC_TOT,,,UNAVAILABLE,True,missing_value,not_a_text_check,"[""NN-34""]",,[],,[],False,False
IMB,2,4677a2331aeadf13c0762b4e1e8e2db785f668fd2908d58cefd1645c8176bbb1,5B1,RACCORDEMENT,,,UNAVAILABLE,True,missing_value,not_a_text_check,"[""NN-34""]",,[],,[],False,False
IMB,2,4677a2331aeadf13c0762b4e1e8e2db785f668fd2908d58cefd1645c8176bbb1,5B1,STATUT,,,UNAVAILABLE,True,missing_value,not_a_text_check,"[""NN-34""]",,[],,[],False,False
IMB,2,4677a2331aeadf13c0762b4e1e8e2db785f668fd2908d58cefd1645c8176bbb1,5B1,NB_ETAGE,,,UNAVAILABLE,True,missing_value,not_a_text_check,"[""NN-34""]",,[],,[],False,False
IMB,2,4677a2331aeadf13c0762b4e1e8e2db785f668fd2908d58cefd1645c8176bbb1,5B1,COL_MONTANTE,,,UNAVAILABLE,True,missing_value,not_a_text_check,"[""NN-34""]",,[],,[],False,False
IMB,2,4677a2331aeadf13c0762b4e1e8e2db785f668fd2908d58cefd1645c8176bbb1,5B1,SOUS_SOL,,,UNAVAILABLE,True,missing_value,not_a_text_check,"[""NN-34""]",,[],,[],False,False
IMB,2,4677a2331aeadf13c0762b4e1e8e2db785f668fd2908d58cefd1645c8176bbb1,5B1,SOUS_SOL_COMMUN,,,UNAVAILABLE,True,missing_value,not_a_text_check,"[""NN-34""]",,[],,[],False,False
IMB,2,4677a2331aeadf13c0762b4e1e8e2db785f668fd2908d58cefd1645c8176bbb1,5B1,BPE_CODE,,,UNAVAILABLE,True,missing_value,not_a_text_check,"[""NN-34""]",,[],,[],False,False
IMB,2,4677a2331aeadf13c0762b4e1e8e2db785f668fd2908d58cefd1645c8176bbb1,5B1,X,12543693.384827586,12543693.384827586,DWG_DERIVED:GEODATA+direct-CRS-transform,False,exact,not_a_text_check,"[""NN-34""]",,[],,[],False,False
IMB,2,4677a2331aeadf13c0762b4e1e8e2db785f668fd2908d58cefd1645c8176bbb1,5B1,Y,-821566.904284185,-821566.904284185,DWG_DERIVED:GEODATA+direct-CRS-transform,False,exact,not_a_text_check,"[""NN-34""]",,[],,[],False,False
IMB,2,4677a2331aeadf13c0762b4e1e8e2db785f668fd2908d58cefd1645c8176bbb1,5B1,display_label,NN-34,NN-34,DWG_DIRECT:text|RULE:AI-IMB-LABEL-001,False,exact,exact,"[""NN-34""]",,[],,[],False,False
IMB,3,a3660e7dd57da5e2a40bb63acc4066ed287ea2f0cf5941b9a0cb1307ecf48a85,576,CODE,GUDANG-15,GUDANG-15,DWG_DIRECT:text|RULE:AI-IMB-CODE-001,False,exact,exact,"[""GUDANG-15""]",,[],,[],False,False
IMB,3,a3660e7dd57da5e2a40bb63acc4066ed287ea2f0cf5941b9a0cb1307ecf48a85,576,REF_PLAQUE,,,UNAVAILABLE,True,missing_value,not_a_text_check,"[""GUDANG-15""]",,[],,[],False,False
IMB,3,a3660e7dd57da5e2a40bb63acc4066ed287ea2f0cf5941b9a0cb1307ecf48a85,576,REGION,,,UNAVAILABLE,True,missing_value,not_a_text_check,"[""GUDANG-15""]",,[],,[],False,False
IMB,3,a3660e7dd57da5e2a40bb63acc4066ed287ea2f0cf5941b9a0cb1307ecf48a85,576,PROVINCE,,,UNAVAILABLE,True,missing_value,not_a_text_check,"[""GUDANG-15""]",,[],,[],False,False
IMB,3,a3660e7dd57da5e2a40bb63acc4066ed287ea2f0cf5941b9a0cb1307ecf48a85,576,VILLE,,,UNAVAILABLE,True,missing_value,not_a_text_check,"[""GUDANG-15""]",,[],,[],False,False
IMB,3,a3660e7dd57da5e2a40bb63acc4066ed287ea2f0cf5941b9a0cb1307ecf48a85,576,COMMUNE,,,UNAVAILABLE,True,missing_value,not_a_text_check,"[""GUDANG-15""]",,[],,[],False,False
IMB,3,a3660e7dd57da5e2a40bb63acc4066ed287ea2f0cf5941b9a0cb1307ecf48a85,576,CODE_POSTAL,,,UNAVAILABLE,True,missing_value,not_a_text_check,"[""GUDANG-15""]",,[],,[],False,False
IMB,3,a3660e7dd57da5e2a40bb63acc4066ed287ea2f0cf5941b9a0cb1307ecf48a85,576,NUMERO_VOIE,,,UNAVAILABLE,True,missing_value,not_a_text_check,"[""GUDANG-15""]",,[],,[],False,False
IMB,3,a3660e7dd57da5e2a40bb63acc4066ed287ea2f0cf5941b9a0cb1307ecf48a85,576,TYPE_VOIE,,,UNAVAILABLE,True,missing_value,not_a_text_check,"[""GUDANG-15""]",,[],,[],False,False
IMB,3,a3660e7dd57da5e2a40bb63acc4066ed287ea2f0cf5941b9a0cb1307ecf48a85,576,TYPE_BATIMENT,,,UNAVAILABLE,True,missing_value,not_a_text_check,"[""GUDANG-15""]",,[],,[],False,False
IMB,3,a3660e7dd57da5e2a40bb63acc4066ed287ea2f0cf5941b9a0cb1307ecf48a85,576,TYPE_CLIENT,,,UNAVAILABLE,True,missing_value,not_a_text_check,"[""GUDANG-15""]",,[],,[],False,False
IMB,3,a3660e7dd57da5e2a40bb63acc4066ed287ea2f0cf5941b9a0cb1307ecf48a85,576,NB_LOC_RES,,,UNAVAILABLE,True,missing_value,not_a_text_check,"[""GUDANG-15""]",,[],,[],False,False
IMB,3,a3660e7dd57da5e2a40bb63acc4066ed287ea2f0cf5941b9a0cb1307ecf48a85,576,NB_LOC_PRO,,,UNAVAILABLE,True,missing_value,not_a_text_check,"[""GUDANG-15""]",,[],,[],False,False
IMB,3,a3660e7dd57da5e2a40bb63acc4066ed287ea2f0cf5941b9a0cb1307ecf48a85,576,NB_LOC_TOT,,,UNAVAILABLE,True,missing_value,not_a_text_check,"[""GUDANG-15""]",,[],,[],False,False
IMB,3,a3660e7dd57da5e2a40bb63acc4066ed287ea2f0cf5941b9a0cb1307ecf48a85,576,RACCORDEMENT,,,UNAVAILABLE,True,missing_value,not_a_text_check,"[""GUDANG-15""]",,[],,[],False,False
IMB,3,a3660e7dd57da5e2a40bb63acc4066ed287ea2f0cf5941b9a0cb1307ecf48a85,576,STATUT,,,UNAVAILABLE,True,missing_value,not_a_text_check,"[""GUDANG-15""]",,[],,[],False,False
IMB,3,a3660e7dd57da5e2a40bb63acc4066ed287ea2f0cf5941b9a0cb1307ecf48a85,576,NB_ETAGE,,,UNAVAILABLE,True,missing_value,not_a_text_check,"[""GUDANG-15""]",,[],,[],False,False
IMB,3,a3660e7dd57da5e2a40bb63acc4066ed287ea2f0cf5941b9a0cb1307ecf48a85,576,COL_MONTANTE,,,UNAVAILABLE,True,missing_value,not_a_text_check,"[""GUDANG-15""]",,[],,[],False,False
IMB,3,a3660e7dd57da5e2a40bb63acc4066ed287ea2f0cf5941b9a0cb1307ecf48a85,576,SOUS_SOL,,,UNAVAILABLE,True,missing_value,not_a_text_check,"[""GUDANG-15""]",,[],,[],False,False
IMB,3,a3660e7dd57da5e2a40bb63acc4066ed287ea2f0cf5941b9a0cb1307ecf48a85,576,SOUS_SOL_COMMUN,,,UNAVAILABLE,True,missing_value,not_a_text_check,"[""GUDANG-15""]",,[],,[],False,False
IMB,3,a3660e7dd57da5e2a40bb63acc4066ed287ea2f0cf5941b9a0cb1307ecf48a85,576,BPE_CODE,,,UNAVAILABLE,True,missing_value,not_a_text_check,"[""GUDANG-15""]",,[],,[],False,False
IMB,3,a3660e7dd57da5e2a40bb63acc4066ed287ea2f0cf5941b9a0cb1307ecf48a85,576,X,12543775.912324224,12543775.912324224,DWG_DERIVED:GEODATA+direct-CRS-transform,False,exact,not_a_text_check,"[""GUDANG-15""]",,[],,[],False,False
IMB,3,a3660e7dd57da5e2a40bb63acc4066ed287ea2f0cf5941b9a0cb1307ecf48a85,576,Y,-821863.0878543693,-821863.0878543693,DWG_DERIVED:GEODATA+direct-CRS-transform,False,exact,not_a_text_check,"[""GUDANG-15""]",,[],,[],False,False
IMB,3,a3660e7dd57da5e2a40bb63acc4066ed287ea2f0cf5941b9a0cb1307ecf48a85,576,display_label,GUDANG-15,GUDANG-15,DWG_DIRECT:text|RULE:AI-IMB-LABEL-001,False,exact,exact,"[""GUDANG-15""]",,[],,[],False,False
IMB,4,770288313f46a5931342b2e96c13c0c752cab5d1cf7378d75b7a2412577d1ad3,5B3,CODE,NN-36,NN-36,DWG_DIRECT:text|RULE:AI-IMB-CODE-001,False,exact,exact,"[""NN-36""]",,[],,[],False,False
IMB,4,770288313f46a5931342b2e96c13c0c752cab5d1cf7378d75b7a2412577d1ad3,5B3,REF_PLAQUE,,,UNAVAILABLE,True,missing_value,not_a_text_check,"[""NN-36""]",,[],,[],False,False
IMB,4,770288313f46a5931342b2e96c13c0c752cab5d1cf7378d75b7a2412577d1ad3,5B3,REGION,,,UNAVAILABLE,True,missing_value,not_a_text_check,"[""NN-36""]",,[],,[],False,False
IMB,4,770288313f46a5931342b2e96c13c0c752cab5d1cf7378d75b7a2412577d1ad3,5B3,PROVINCE,,,UNAVAILABLE,True,missing_value,not_a_text_check,"[""NN-36""]",,[],,[],False,False
IMB,4,770288313f46a5931342b2e96c13c0c752cab5d1cf7378d75b7a2412577d1ad3,5B3,VILLE,,,UNAVAILABLE,True,missing_value,not_a_text_check,"[""NN-36""]",,[],,[],False,False
IMB,4,770288313f46a5931342b2e96c13c0c752cab5d1cf7378d75b7a2412577d1ad3,5B3,COMMUNE,,,UNAVAILABLE,True,missing_value,not_a_text_check,"[""NN-36""]",,[],,[],False,False
IMB,4,770288313f46a5931342b2e96c13c0c752cab5d1cf7378d75b7a2412577d1ad3,5B3,CODE_POSTAL,,,UNAVAILABLE,True,missing_value,not_a_text_check,"[""NN-36""]",,[],,[],False,False
IMB,4,770288313f46a5931342b2e96c13c0c752cab5d1cf7378d75b7a2412577d1ad3,5B3,NUMERO_VOIE,,,UNAVAILABLE,True,missing_value,not_a_text_check,"[""NN-36""]",,[],,[],False,False
IMB,4,770288313f46a5931342b2e96c13c0c752cab5d1cf7378d75b7a2412577d1ad3,5B3,TYPE_VOIE,,,UNAVAILABLE,True,missing_value,not_a_text_check,"[""NN-36""]",,[],,[],False,False
IMB,4,770288313f46a5931342b2e96c13c0c752cab5d1cf7378d75b7a2412577d1ad3,5B3,TYPE_BATIMENT,,,UNAVAILABLE,True,missing_value,not_a_text_check,"[""NN-36""]",,[],,[],False,False
IMB,4,770288313f46a5931342b2e96c13c0c752cab5d1cf7378d75b7a2412577d1ad3,5B3,TYPE_CLIENT,,,UNAVAILABLE,True,missing_value,not_a_text_check,"[""NN-36""]",,[],,[],False,False
IMB,4,770288313f46a5931342b2e96c13c0c752cab5d1cf7378d75b7a2412577d1ad3,5B3,NB_LOC_RES,,,UNAVAILABLE,True,missing_value,not_a_text_check,"[""NN-36""]",,[],,[],False,False
IMB,4,770288313f46a5931342b2e96c13c0c752cab5d1cf7378d75b7a2412577d1ad3,5B3,NB_LOC_PRO,,,UNAVAILABLE,True,missing_value,not_a_text_check,"[""NN-36""]",,[],,[],False,False
IMB,4,770288313f46a5931342b2e96c13c0c752cab5d1cf7378d75b7a2412577d1ad3,5B3,NB_LOC_TOT,,,UNAVAILABLE,True,missing_value,not_a_text_check,"[""NN-36""]",,[],,[],False,False
IMB,4,770288313f46a5931342b2e96c13c0c752cab5d1cf7378d75b7a2412577d1ad3,5B3,RACCORDEMENT,,,UNAVAILABLE,True,missing_value,not_a_text_check,"[""NN-36""]",,[],,[],False,False
IMB,4,770288313f46a5931342b2e96c13c0c752cab5d1cf7378d75b7a2412577d1ad3,5B3,STATUT,,,UNAVAILABLE,True,missing_value,not_a_text_check,"[""NN-36""]",,[],,[],False,False
IMB,4,770288313f46a5931342b2e96c13c0c752cab5d1cf7378d75b7a2412577d1ad3,5B3,NB_ETAGE,,,UNAVAILABLE,True,missing_value,not_a_text_check,"[""NN-36""]",,[],,[],False,False
IMB,4,770288313f46a5931342b2e96c13c0c752cab5d1cf7378d75b7a2412577d1ad3,5B3,COL_MONTANTE,,,UNAVAILABLE,True,missing_value,not_a_text_check,"[""NN-36""]",,[],,[],False,False
IMB,4,770288313f46a5931342b2e96c13c0c752cab5d1cf7378d75b7a2412577d1ad3,5B3,SOUS_SOL,,,UNAVAILABLE,True,missing_value,not_a_text_check,"[""NN-36""]",,[],,[],False,False
IMB,4,770288313f46a5931342b2e96c13c0c752cab5d1cf7378d75b7a2412577d1ad3,5B3,SOUS_SOL_COMMUN,,,UNAVAILABLE,True,missing_value,not_a_text_check,"[""NN-36""]",,[],,[],False,False
IMB,4,770288313f46a5931342b2e96c13c0c752cab5d1cf7378d75b7a2412577d1ad3,5B3,BPE_CODE,,,UNAVAILABLE,True,missing_value,not_a_text_check,"[""NN-36""]",,[],,[],False,False
IMB,4,770288313f46a5931342b2e96c13c0c752cab5d1cf7378d75b7a2412577d1ad3,5B3,X,12543806.976702265,12543806.976702265,DWG_DERIVED:GEODATA+direct-CRS-transform,False,exact,not_a_text_check,"[""NN-36""]",,[],,[],False,False
IMB,4,770288313f46a5931342b2e96c13c0c752cab5d1cf7378d75b7a2412577d1ad3,5B3,Y,-821513.9307997593,-821513.9307997593,DWG_DERIVED:GEODATA+direct-CRS-transform,False,exact,not_a_text_check,"[""NN-36""]",,[],,[],False,False
IMB,4,770288313f46a5931342b2e96c13c0c752cab5d1cf7378d75b7a2412577d1ad3,5B3,display_label,NN-36,NN-36,DWG_DIRECT:text|RULE:AI-IMB-LABEL-001,False,exact,exact,"[""NN-36""]",,[],,[],False,False
IMB,5,2b78e5d33125290cdac0937c6a744ccee8edeab88a7cb2bdfffd474ade9e3cbf,5C6,CODE,NN-55,NN-55,DWG_DIRECT:text|RULE:AI-IMB-CODE-001,False,exact,exact,"[""NN-55""]",,[],,[],False,False
IMB,5,2b78e5d33125290cdac0937c6a744ccee8edeab88a7cb2bdfffd474ade9e3cbf,5C6,REF_PLAQUE,,,UNAVAILABLE,True,missing_value,not_a_text_check,"[""NN-55""]",,[],,[],False,False
IMB,5,2b78e5d33125290cdac0937c6a744ccee8edeab88a7cb2bdfffd474ade9e3cbf,5C6,REGION,,,UNAVAILABLE,True,missing_value,not_a_text_check,"[""NN-55""]",,[],,[],False,False
IMB,5,2b78e5d33125290cdac0937c6a744ccee8edeab88a7cb2bdfffd474ade9e3cbf,5C6,PROVINCE,,,UNAVAILABLE,True,missing_value,not_a_text_check,"[""NN-55""]",,[],,[],False,False
IMB,5,2b78e5d33125290cdac0937c6a744ccee8edeab88a7cb2bdfffd474ade9e3cbf,5C6,VILLE,,,UNAVAILABLE,True,missing_value,not_a_text_check,"[""NN-55""]",,[],,[],False,False
IMB,5,2b78e5d33125290cdac0937c6a744ccee8edeab88a7cb2bdfffd474ade9e3cbf,5C6,COMMUNE,,,UNAVAILABLE,True,missing_value,not_a_text_check,"[""NN-55""]",,[],,[],False,False
IMB,5,2b78e5d33125290cdac0937c6a744ccee8edeab88a7cb2bdfffd474ade9e3cbf,5C6,CODE_POSTAL,,,UNAVAILABLE,True,missing_value,not_a_text_check,"[""NN-55""]",,[],,[],False,False
IMB,5,2b78e5d33125290cdac0937c6a744ccee8edeab88a7cb2bdfffd474ade9e3cbf,5C6,NUMERO_VOIE,,,UNAVAILABLE,True,missing_value,not_a_text_check,"[""NN-55""]",,[],,[],False,False
IMB,5,2b78e5d33125290cdac0937c6a744ccee8edeab88a7cb2bdfffd474ade9e3cbf,5C6,TYPE_VOIE,,,UNAVAILABLE,True,missing_value,not_a_text_check,"[""NN-55""]",,[],,[],False,False
IMB,5,2b78e5d33125290cdac0937c6a744ccee8edeab88a7cb2bdfffd474ade9e3cbf,5C6,TYPE_BATIMENT,,,UNAVAILABLE,True,missing_value,not_a_text_check,"[""NN-55""]",,[],,[],False,False
IMB,5,2b78e5d33125290cdac0937c6a744ccee8edeab88a7cb2bdfffd474ade9e3cbf,5C6,TYPE_CLIENT,,,UNAVAILABLE,True,missing_value,not_a_text_check,"[""NN-55""]",,[],,[],False,False
IMB,5,2b78e5d33125290cdac0937c6a744ccee8edeab88a7cb2bdfffd474ade9e3cbf,5C6,NB_LOC_RES,,,UNAVAILABLE,True,missing_value,not_a_text_check,"[""NN-55""]",,[],,[],False,False
IMB,5,2b78e5d33125290cdac0937c6a744ccee8edeab88a7cb2bdfffd474ade9e3cbf,5C6,NB_LOC_PRO,,,UNAVAILABLE,True,missing_value,not_a_text_check,"[""NN-55""]",,[],,[],False,False
IMB,5,2b78e5d33125290cdac0937c6a744ccee8edeab88a7cb2bdfffd474ade9e3cbf,5C6,NB_LOC_TOT,,,UNAVAILABLE,True,missing_value,not_a_text_check,"[""NN-55""]",,[],,[],False,False
IMB,5,2b78e5d33125290cdac0937c6a744ccee8edeab88a7cb2bdfffd474ade9e3cbf,5C6,RACCORDEMENT,,,UNAVAILABLE,True,missing_value,not_a_text_check,"[""NN-55""]",,[],,[],False,False
IMB,5,2b78e5d33125290cdac0937c6a744ccee8edeab88a7cb2bdfffd474ade9e3cbf,5C6,STATUT,,,UNAVAILABLE,True,missing_value,not_a_text_check,"[""NN-55""]",,[],,[],False,False
IMB,5,2b78e5d33125290cdac0937c6a744ccee8edeab88a7cb2bdfffd474ade9e3cbf,5C6,NB_ETAGE,,,UNAVAILABLE,True,missing_value,not_a_text_check,"[""NN-55""]",,[],,[],False,False
IMB,5,2b78e5d33125290cdac0937c6a744ccee8edeab88a7cb2bdfffd474ade9e3cbf,5C6,COL_MONTANTE,,,UNAVAILABLE,True,missing_value,not_a_text_check,"[""NN-55""]",,[],,[],False,False
IMB,5,2b78e5d33125290cdac0937c6a744ccee8edeab88a7cb2bdfffd474ade9e3cbf,5C6,SOUS_SOL,,,UNAVAILABLE,True,missing_value,not_a_text_check,"[""NN-55""]",,[],,[],False,False
IMB,5,2b78e5d33125290cdac0937c6a744ccee8edeab88a7cb2bdfffd474ade9e3cbf,5C6,SOUS_SOL_COMMUN,,,UNAVAILABLE,True,missing_value,not_a_text_check,"[""NN-55""]",,[],,[],False,False
IMB,5,2b78e5d33125290cdac0937c6a744ccee8edeab88a7cb2bdfffd474ade9e3cbf,5C6,BPE_CODE,,,UNAVAILABLE,True,missing_value,not_a_text_check,"[""NN-55""]",,[],,[],False,False
IMB,5,2b78e5d33125290cdac0937c6a744ccee8edeab88a7cb2bdfffd474ade9e3cbf,5C6,X,12543708.923767269,12543708.923767269,DWG_DERIVED:GEODATA+direct-CRS-transform,False,exact,not_a_text_check,"[""NN-55""]",,[],,[],False,False
IMB,5,2b78e5d33125290cdac0937c6a744ccee8edeab88a7cb2bdfffd474ade9e3cbf,5C6,Y,-821626.5387415879,-821626.5387415879,DWG_DERIVED:GEODATA+direct-CRS-transform,False,exact,not_a_text_check,"[""NN-55""]",,[],,[],False,False
IMB,5,2b78e5d33125290cdac0937c6a744ccee8edeab88a7cb2bdfffd474ade9e3cbf,5C6,display_label,NN-55,NN-55,DWG_DIRECT:text|RULE:AI-IMB-LABEL-001,False,exact,exact,"[""NN-55""]",,[],,[],False,False
IMB,6,126971798582e6644acb0e95faffc0493322a6a5bf7596d3d04e1ff859c895b9,609,CODE,NN-119,NN-119,DWG_DIRECT:text|RULE:AI-IMB-CODE-001,False,exact,exact,"[""NN-119""]",,[],,[],False,False
IMB,6,126971798582e6644acb0e95faffc0493322a6a5bf7596d3d04e1ff859c895b9,609,REF_PLAQUE,,,UNAVAILABLE,True,missing_value,not_a_text_check,"[""NN-119""]",,[],,[],False,False
IMB,6,126971798582e6644acb0e95faffc0493322a6a5bf7596d3d04e1ff859c895b9,609,REGION,,,UNAVAILABLE,True,missing_value,not_a_text_check,"[""NN-119""]",,[],,[],False,False
IMB,6,126971798582e6644acb0e95faffc0493322a6a5bf7596d3d04e1ff859c895b9,609,PROVINCE,,,UNAVAILABLE,True,missing_value,not_a_text_check,"[""NN-119""]",,[],,[],False,False
IMB,6,126971798582e6644acb0e95faffc0493322a6a5bf7596d3d04e1ff859c895b9,609,VILLE,,,UNAVAILABLE,True,missing_value,not_a_text_check,"[""NN-119""]",,[],,[],False,False
IMB,6,126971798582e6644acb0e95faffc0493322a6a5bf7596d3d04e1ff859c895b9,609,COMMUNE,,,UNAVAILABLE,True,missing_value,not_a_text_check,"[""NN-119""]",,[],,[],False,False
IMB,6,126971798582e6644acb0e95faffc0493322a6a5bf7596d3d04e1ff859c895b9,609,CODE_POSTAL,,,UNAVAILABLE,True,missing_value,not_a_text_check,"[""NN-119""]",,[],,[],False,False
IMB,6,126971798582e6644acb0e95faffc0493322a6a5bf7596d3d04e1ff859c895b9,609,NUMERO_VOIE,,,UNAVAILABLE,True,missing_value,not_a_text_check,"[""NN-119""]",,[],,[],False,False
IMB,6,126971798582e6644acb0e95faffc0493322a6a5bf7596d3d04e1ff859c895b9,609,TYPE_VOIE,,,UNAVAILABLE,True,missing_value,not_a_text_check,"[""NN-119""]",,[],,[],False,False
IMB,6,126971798582e6644acb0e95faffc0493322a6a5bf7596d3d04e1ff859c895b9,609,TYPE_BATIMENT,,,UNAVAILABLE,True,missing_value,not_a_text_check,"[""NN-119""]",,[],,[],False,False
IMB,6,126971798582e6644acb0e95faffc0493322a6a5bf7596d3d04e1ff859c895b9,609,TYPE_CLIENT,,,UNAVAILABLE,True,missing_value,not_a_text_check,"[""NN-119""]",,[],,[],False,False
IMB,6,126971798582e6644acb0e95faffc0493322a6a5bf7596d3d04e1ff859c895b9,609,NB_LOC_RES,,,UNAVAILABLE,True,missing_value,not_a_text_check,"[""NN-119""]",,[],,[],False,False
IMB,6,126971798582e6644acb0e95faffc0493322a6a5bf7596d3d04e1ff859c895b9,609,NB_LOC_PRO,,,UNAVAILABLE,True,missing_value,not_a_text_check,"[""NN-119""]",,[],,[],False,False
IMB,6,126971798582e6644acb0e95faffc0493322a6a5bf7596d3d04e1ff859c895b9,609,NB_LOC_TOT,,,UNAVAILABLE,True,missing_value,not_a_text_check,"[""NN-119""]",,[],,[],False,False
IMB,6,126971798582e6644acb0e95faffc0493322a6a5bf7596d3d04e1ff859c895b9,609,RACCORDEMENT,,,UNAVAILABLE,True,missing_value,not_a_text_check,"[""NN-119""]",,[],,[],False,False
IMB,6,126971798582e6644acb0e95faffc0493322a6a5bf7596d3d04e1ff859c895b9,609,STATUT,,,UNAVAILABLE,True,missing_value,not_a_text_check,"[""NN-119""]",,[],,[],False,False
IMB,6,126971798582e6644acb0e95faffc0493322a6a5bf7596d3d04e1ff859c895b9,609,NB_ETAGE,,,UNAVAILABLE,True,missing_value,not_a_text_check,"[""NN-119""]",,[],,[],False,False
IMB,6,126971798582e6644acb0e95faffc0493322a6a5bf7596d3d04e1ff859c895b9,609,COL_MONTANTE,,,UNAVAILABLE,True,missing_value,not_a_text_check,"[""NN-119""]",,[],,[],False,False
IMB,6,126971798582e6644acb0e95faffc0493322a6a5bf7596d3d04e1ff859c895b9,609,SOUS_SOL,,,UNAVAILABLE,True,missing_value,not_a_text_check,"[""NN-119""]",,[],,[],False,False
IMB,6,126971798582e6644acb0e95faffc0493322a6a5bf7596d3d04e1ff859c895b9,609,SOUS_SOL_COMMUN,,,UNAVAILABLE,True,missing_value,not_a_text_check,"[""NN-119""]",,[],,[],False,False
IMB,6,126971798582e6644acb0e95faffc0493322a6a5bf7596d3d04e1ff859c895b9,609,BPE_CODE,,,UNAVAILABLE,True,missing_value,not_a_text_check,"[""NN-119""]",,[],,[],False,False
IMB,6,126971798582e6644acb0e95faffc0493322a6a5bf7596d3d04e1ff859c895b9,609,X,12543811.819040809,12543811.819040809,DWG_DERIVED:GEODATA+direct-CRS-transform,False,exact,not_a_text_check,"[""NN-119""]",,[],,[],False,False
IMB,6,126971798582e6644acb0e95faffc0493322a6a5bf7596d3d04e1ff859c895b9,609,Y,-821483.9402105291,-821483.9402105291,DWG_DERIVED:GEODATA+direct-CRS-transform,False,exact,not_a_text_check,"[""NN-119""]",,[],,[],False,False
IMB,6,126971798582e6644acb0e95faffc0493322a6a5bf7596d3d04e1ff859c895b9,609,display_label,NN-119,NN-119,DWG_DIRECT:text|RULE:AI-IMB-LABEL-001,False,exact,exact,"[""NN-119""]",,[],,[],False,False
IMB,7,81f80c35b90451b50eabe5c270af00d6bcaa70f26978e358c8e5cf787c081869,5A6,CODE,NN-23,NN-23,DWG_DIRECT:text|RULE:AI-IMB-CODE-001,False,exact,exact,"[""NN-23""]",,[],,[],False,False
IMB,7,81f80c35b90451b50eabe5c270af00d6bcaa70f26978e358c8e5cf787c081869,5A6,REF_PLAQUE,,,UNAVAILABLE,True,missing_value,not_a_text_check,"[""NN-23""]",,[],,[],False,False
IMB,7,81f80c35b90451b50eabe5c270af00d6bcaa70f26978e358c8e5cf787c081869,5A6,REGION,,,UNAVAILABLE,True,missing_value,not_a_text_check,"[""NN-23""]",,[],,[],False,False
IMB,7,81f80c35b90451b50eabe5c270af00d6bcaa70f26978e358c8e5cf787c081869,5A6,PROVINCE,,,UNAVAILABLE,True,missing_value,not_a_text_check,"[""NN-23""]",,[],,[],False,False
IMB,7,81f80c35b90451b50eabe5c270af00d6bcaa70f26978e358c8e5cf787c081869,5A6,VILLE,,,UNAVAILABLE,True,missing_value,not_a_text_check,"[""NN-23""]",,[],,[],False,False
IMB,7,81f80c35b90451b50eabe5c270af00d6bcaa70f26978e358c8e5cf787c081869,5A6,COMMUNE,,,UNAVAILABLE,True,missing_value,not_a_text_check,"[""NN-23""]",,[],,[],False,False
IMB,7,81f80c35b90451b50eabe5c270af00d6bcaa70f26978e358c8e5cf787c081869,5A6,CODE_POSTAL,,,UNAVAILABLE,True,missing_value,not_a_text_check,"[""NN-23""]",,[],,[],False,False
IMB,7,81f80c35b90451b50eabe5c270af00d6bcaa70f26978e358c8e5cf787c081869,5A6,NUMERO_VOIE,,,UNAVAILABLE,True,missing_value,not_a_text_check,"[""NN-23""]",,[],,[],False,False
IMB,7,81f80c35b90451b50eabe5c270af00d6bcaa70f26978e358c8e5cf787c081869,5A6,TYPE_VOIE,,,UNAVAILABLE,True,missing_value,not_a_text_check,"[""NN-23""]",,[],,[],False,False
IMB,7,81f80c35b90451b50eabe5c270af00d6bcaa70f26978e358c8e5cf787c081869,5A6,TYPE_BATIMENT,,,UNAVAILABLE,True,missing_value,not_a_text_check,"[""NN-23""]",,[],,[],False,False
IMB,7,81f80c35b90451b50eabe5c270af00d6bcaa70f26978e358c8e5cf787c081869,5A6,TYPE_CLIENT,,,UNAVAILABLE,True,missing_value,not_a_text_check,"[""NN-23""]",,[],,[],False,False
IMB,7,81f80c35b90451b50eabe5c270af00d6bcaa70f26978e358c8e5cf787c081869,5A6,NB_LOC_RES,,,UNAVAILABLE,True,missing_value,not_a_text_check,"[""NN-23""]",,[],,[],False,False
IMB,7,81f80c35b90451b50eabe5c270af00d6bcaa70f26978e358c8e5cf787c081869,5A6,NB_LOC_PRO,,,UNAVAILABLE,True,missing_value,not_a_text_check,"[""NN-23""]",,[],,[],False,False
IMB,7,81f80c35b90451b50eabe5c270af00d6bcaa70f26978e358c8e5cf787c081869,5A6,NB_LOC_TOT,,,UNAVAILABLE,True,missing_value,not_a_text_check,"[""NN-23""]",,[],,[],False,False
IMB,7,81f80c35b90451b50eabe5c270af00d6bcaa70f26978e358c8e5cf787c081869,5A6,RACCORDEMENT,,,UNAVAILABLE,True,missing_value,not_a_text_check,"[""NN-23""]",,[],,[],False,False
IMB,7,81f80c35b90451b50eabe5c270af00d6bcaa70f26978e358c8e5cf787c081869,5A6,STATUT,,,UNAVAILABLE,True,missing_value,not_a_text_check,"[""NN-23""]",,[],,[],False,False
IMB,7,81f80c35b90451b50eabe5c270af00d6bcaa70f26978e358c8e5cf787c081869,5A6,NB_ETAGE,,,UNAVAILABLE,True,missing_value,not_a_text_check,"[""NN-23""]",,[],,[],False,False
IMB,7,81f80c35b90451b50eabe5c270af00d6bcaa70f26978e358c8e5cf787c081869,5A6,COL_MONTANTE,,,UNAVAILABLE,True,missing_value,not_a_text_check,"[""NN-23""]",,[],,[],False,False
IMB,7,81f80c35b90451b50eabe5c270af00d6bcaa70f26978e358c8e5cf787c081869,5A6,SOUS_SOL,,,UNAVAILABLE,True,missing_value,not_a_text_check,"[""NN-23""]",,[],,[],False,False
IMB,7,81f80c35b90451b50eabe5c270af00d6bcaa70f26978e358c8e5cf787c081869,5A6,SOUS_SOL_COMMUN,,,UNAVAILABLE,True,missing_value,not_a_text_check,"[""NN-23""]",,[],,[],False,False
IMB,7,81f80c35b90451b50eabe5c270af00d6bcaa70f26978e358c8e5cf787c081869,5A6,BPE_CODE,,,UNAVAILABLE,True,missing_value,not_a_text_check,"[""NN-23""]",,[],,[],False,False
IMB,7,81f80c35b90451b50eabe5c270af00d6bcaa70f26978e358c8e5cf787c081869,5A6,X,12543719.603909492,12543719.603909492,DWG_DERIVED:GEODATA+direct-CRS-transform,False,exact,not_a_text_check,"[""NN-23""]",,[],,[],False,False
IMB,7,81f80c35b90451b50eabe5c270af00d6bcaa70f26978e358c8e5cf787c081869,5A6,Y,-821590.8637746897,-821590.8637746897,DWG_DERIVED:GEODATA+direct-CRS-transform,False,exact,not_a_text_check,"[""NN-23""]",,[],,[],False,False
IMB,7,81f80c35b90451b50eabe5c270af00d6bcaa70f26978e358c8e5cf787c081869,5A6,display_label,NN-23,NN-23,DWG_DIRECT:text|RULE:AI-IMB-LABEL-001,False,exact,exact,"[""NN-23""]",,[],,[],False,False
IMB,8,25a786888fa0ec681a6281fd5ede6de8a6260ecd122a6b8aa776e2888973363c,4BE,CODE,NN-1,NN-1,DWG_DIRECT:text|RULE:AI-IMB-CODE-001,False,exact,exact,"[""NN-1""]",,[],,[],False,False
IMB,8,25a786888fa0ec681a6281fd5ede6de8a6260ecd122a6b8aa776e2888973363c,4BE,REF_PLAQUE,,,UNAVAILABLE,True,missing_value,not_a_text_check,"[""NN-1""]",,[],,[],False,False
IMB,8,25a786888fa0ec681a6281fd5ede6de8a6260ecd122a6b8aa776e2888973363c,4BE,REGION,,,UNAVAILABLE,True,missing_value,not_a_text_check,"[""NN-1""]",,[],,[],False,False
IMB,8,25a786888fa0ec681a6281fd5ede6de8a6260ecd122a6b8aa776e2888973363c,4BE,PROVINCE,,,UNAVAILABLE,True,missing_value,not_a_text_check,"[""NN-1""]",,[],,[],False,False
IMB,8,25a786888fa0ec681a6281fd5ede6de8a6260ecd122a6b8aa776e2888973363c,4BE,VILLE,,,UNAVAILABLE,True,missing_value,not_a_text_check,"[""NN-1""]",,[],,[],False,False
IMB,8,25a786888fa0ec681a6281fd5ede6de8a6260ecd122a6b8aa776e2888973363c,4BE,COMMUNE,,,UNAVAILABLE,True,missing_value,not_a_text_check,"[""NN-1""]",,[],,[],False,False
IMB,8,25a786888fa0ec681a6281fd5ede6de8a6260ecd122a6b8aa776e2888973363c,4BE,CODE_POSTAL,,,UNAVAILABLE,True,missing_value,not_a_text_check,"[""NN-1""]",,[],,[],False,False
IMB,8,25a786888fa0ec681a6281fd5ede6de8a6260ecd122a6b8aa776e2888973363c,4BE,NUMERO_VOIE,,,UNAVAILABLE,True,missing_value,not_a_text_check,"[""NN-1""]",,[],,[],False,False
IMB,8,25a786888fa0ec681a6281fd5ede6de8a6260ecd122a6b8aa776e2888973363c,4BE,TYPE_VOIE,,,UNAVAILABLE,True,missing_value,not_a_text_check,"[""NN-1""]",,[],,[],False,False
IMB,8,25a786888fa0ec681a6281fd5ede6de8a6260ecd122a6b8aa776e2888973363c,4BE,TYPE_BATIMENT,,,UNAVAILABLE,True,missing_value,not_a_text_check,"[""NN-1""]",,[],,[],False,False
IMB,8,25a786888fa0ec681a6281fd5ede6de8a6260ecd122a6b8aa776e2888973363c,4BE,TYPE_CLIENT,,,UNAVAILABLE,True,missing_value,not_a_text_check,"[""NN-1""]",,[],,[],False,False
IMB,8,25a786888fa0ec681a6281fd5ede6de8a6260ecd122a6b8aa776e2888973363c,4BE,NB_LOC_RES,,,UNAVAILABLE,True,missing_value,not_a_text_check,"[""NN-1""]",,[],,[],False,False
IMB,8,25a786888fa0ec681a6281fd5ede6de8a6260ecd122a6b8aa776e2888973363c,4BE,NB_LOC_PRO,,,UNAVAILABLE,True,missing_value,not_a_text_check,"[""NN-1""]",,[],,[],False,False
IMB,8,25a786888fa0ec681a6281fd5ede6de8a6260ecd122a6b8aa776e2888973363c,4BE,NB_LOC_TOT,,,UNAVAILABLE,True,missing_value,not_a_text_check,"[""NN-1""]",,[],,[],False,False
IMB,8,25a786888fa0ec681a6281fd5ede6de8a6260ecd122a6b8aa776e2888973363c,4BE,RACCORDEMENT,,,UNAVAILABLE,True,missing_value,not_a_text_check,"[""NN-1""]",,[],,[],False,False
IMB,8,25a786888fa0ec681a6281fd5ede6de8a6260ecd122a6b8aa776e2888973363c,4BE,STATUT,,,UNAVAILABLE,True,missing_value,not_a_text_check,"[""NN-1""]",,[],,[],False,False
IMB,8,25a786888fa0ec681a6281fd5ede6de8a6260ecd122a6b8aa776e2888973363c,4BE,NB_ETAGE,,,UNAVAILABLE,True,missing_value,not_a_text_check,"[""NN-1""]",,[],,[],False,False
IMB,8,25a786888fa0ec681a6281fd5ede6de8a6260ecd122a6b8aa776e2888973363c,4BE,COL_MONTANTE,,,UNAVAILABLE,True,missing_value,not_a_text_check,"[""NN-1""]",,[],,[],False,False
IMB,8,25a786888fa0ec681a6281fd5ede6de8a6260ecd122a6b8aa776e2888973363c,4BE,SOUS_SOL,,,UNAVAILABLE,True,missing_value,not_a_text_check,"[""NN-1""]",,[],,[],False,False
IMB,8,25a786888fa0ec681a6281fd5ede6de8a6260ecd122a6b8aa776e2888973363c,4BE,SOUS_SOL_COMMUN,,,UNAVAILABLE,True,missing_value,not_a_text_check,"[""NN-1""]",,[],,[],False,False
IMB,8,25a786888fa0ec681a6281fd5ede6de8a6260ecd122a6b8aa776e2888973363c,4BE,BPE_CODE,,,UNAVAILABLE,True,missing_value,not_a_text_check,"[""NN-1""]",,[],,[],False,False
IMB,8,25a786888fa0ec681a6281fd5ede6de8a6260ecd122a6b8aa776e2888973363c,4BE,X,12543599.81451047,12543599.81451047,DWG_DERIVED:GEODATA+direct-CRS-transform,False,exact,not_a_text_check,"[""NN-1""]",,[],,[],False,False
IMB,8,25a786888fa0ec681a6281fd5ede6de8a6260ecd122a6b8aa776e2888973363c,4BE,Y,-821622.0950563117,-821622.0950563117,DWG_DERIVED:GEODATA+direct-CRS-transform,False,exact,not_a_text_check,"[""NN-1""]",,[],,[],False,False
IMB,8,25a786888fa0ec681a6281fd5ede6de8a6260ecd122a6b8aa776e2888973363c,4BE,display_label,NN-1,NN-1,DWG_DIRECT:text|RULE:AI-IMB-LABEL-001,False,exact,exact,"[""NN-1""]",,[],,[],False,False
IMB,9,7f36e82795fa44faf070fca188dae0fd280e39731f8a493097194ff562f955d2,5BE,CODE,NN-47,NN-47,DWG_DIRECT:text|RULE:AI-IMB-CODE-001,False,exact,exact,"[""NN-47""]",,[],,[],False,False
IMB,9,7f36e82795fa44faf070fca188dae0fd280e39731f8a493097194ff562f955d2,5BE,REF_PLAQUE,,,UNAVAILABLE,True,missing_value,not_a_text_check,"[""NN-47""]",,[],,[],False,False
IMB,9,7f36e82795fa44faf070fca188dae0fd280e39731f8a493097194ff562f955d2,5BE,REGION,,,UNAVAILABLE,True,missing_value,not_a_text_check,"[""NN-47""]",,[],,[],False,False
IMB,9,7f36e82795fa44faf070fca188dae0fd280e39731f8a493097194ff562f955d2,5BE,PROVINCE,,,UNAVAILABLE,True,missing_value,not_a_text_check,"[""NN-47""]",,[],,[],False,False
IMB,9,7f36e82795fa44faf070fca188dae0fd280e39731f8a493097194ff562f955d2,5BE,VILLE,,,UNAVAILABLE,True,missing_value,not_a_text_check,"[""NN-47""]",,[],,[],False,False
IMB,9,7f36e82795fa44faf070fca188dae0fd280e39731f8a493097194ff562f955d2,5BE,COMMUNE,,,UNAVAILABLE,True,missing_value,not_a_text_check,"[""NN-47""]",,[],,[],False,False
IMB,9,7f36e82795fa44faf070fca188dae0fd280e39731f8a493097194ff562f955d2,5BE,CODE_POSTAL,,,UNAVAILABLE,True,missing_value,not_a_text_check,"[""NN-47""]",,[],,[],False,False
IMB,9,7f36e82795fa44faf070fca188dae0fd280e39731f8a493097194ff562f955d2,5BE,NUMERO_VOIE,,,UNAVAILABLE,True,missing_value,not_a_text_check,"[""NN-47""]",,[],,[],False,False
IMB,9,7f36e82795fa44faf070fca188dae0fd280e39731f8a493097194ff562f955d2,5BE,TYPE_VOIE,,,UNAVAILABLE,True,missing_value,not_a_text_check,"[""NN-47""]",,[],,[],False,False
IMB,9,7f36e82795fa44faf070fca188dae0fd280e39731f8a493097194ff562f955d2,5BE,TYPE_BATIMENT,,,UNAVAILABLE,True,missing_value,not_a_text_check,"[""NN-47""]",,[],,[],False,False
IMB,9,7f36e82795fa44faf070fca188dae0fd280e39731f8a493097194ff562f955d2,5BE,TYPE_CLIENT,,,UNAVAILABLE,True,missing_value,not_a_text_check,"[""NN-47""]",,[],,[],False,False
IMB,9,7f36e82795fa44faf070fca188dae0fd280e39731f8a493097194ff562f955d2,5BE,NB_LOC_RES,,,UNAVAILABLE,True,missing_value,not_a_text_check,"[""NN-47""]",,[],,[],False,False
IMB,9,7f36e82795fa44faf070fca188dae0fd280e39731f8a493097194ff562f955d2,5BE,NB_LOC_PRO,,,UNAVAILABLE,True,missing_value,not_a_text_check,"[""NN-47""]",,[],,[],False,False
IMB,9,7f36e82795fa44faf070fca188dae0fd280e39731f8a493097194ff562f955d2,5BE,NB_LOC_TOT,,,UNAVAILABLE,True,missing_value,not_a_text_check,"[""NN-47""]",,[],,[],False,False
IMB,9,7f36e82795fa44faf070fca188dae0fd280e39731f8a493097194ff562f955d2,5BE,RACCORDEMENT,,,UNAVAILABLE,True,missing_value,not_a_text_check,"[""NN-47""]",,[],,[],False,False
IMB,9,7f36e82795fa44faf070fca188dae0fd280e39731f8a493097194ff562f955d2,5BE,STATUT,,,UNAVAILABLE,True,missing_value,not_a_text_check,"[""NN-47""]",,[],,[],False,False
IMB,9,7f36e82795fa44faf070fca188dae0fd280e39731f8a493097194ff562f955d2,5BE,NB_ETAGE,,,UNAVAILABLE,True,missing_value,not_a_text_check,"[""NN-47""]",,[],,[],False,False
IMB,9,7f36e82795fa44faf070fca188dae0fd280e39731f8a493097194ff562f955d2,5BE,COL_MONTANTE,,,UNAVAILABLE,True,missing_value,not_a_text_check,"[""NN-47""]",,[],,[],False,False
IMB,9,7f36e82795fa44faf070fca188dae0fd280e39731f8a493097194ff562f955d2,5BE,SOUS_SOL,,,UNAVAILABLE,True,missing_value,not_a_text_check,"[""NN-47""]",,[],,[],False,False
IMB,9,7f36e82795fa44faf070fca188dae0fd280e39731f8a493097194ff562f955d2,5BE,SOUS_SOL_COMMUN,,,UNAVAILABLE,True,missing_value,not_a_text_check,"[""NN-47""]",,[],,[],False,False
IMB,9,7f36e82795fa44faf070fca188dae0fd280e39731f8a493097194ff562f955d2,5BE,BPE_CODE,,,UNAVAILABLE,True,missing_value,not_a_text_check,"[""NN-47""]",,[],,[],False,False
IMB,9,7f36e82795fa44faf070fca188dae0fd280e39731f8a493097194ff562f955d2,5BE,X,12543642.968535243,12543642.968535243,DWG_DERIVED:GEODATA+direct-CRS-transform,False,exact,not_a_text_check,"[""NN-47""]",,[],,[],False,False
IMB,9,7f36e82795fa44faf070fca188dae0fd280e39731f8a493097194ff562f955d2,5BE,Y,-821612.1217640885,-821612.1217640885,DWG_DERIVED:GEODATA+direct-CRS-transform,False,exact,not_a_text_check,"[""NN-47""]",,[],,[],False,False
IMB,9,7f36e82795fa44faf070fca188dae0fd280e39731f8a493097194ff562f955d2,5BE,display_label,NN-47,NN-47,DWG_DIRECT:text|RULE:AI-IMB-LABEL-001,False,exact,exact,"[""NN-47""]",,[],,[],False,False
IMB,10,c100e73a7b782fb94b749906ae706da32e024eead4869d256b461537246d4057,60C,CODE,NN-122,NN-122,DWG_DIRECT:text|RULE:AI-IMB-CODE-001,False,exact,exact,"[""NN-122""]",,[],,[],False,False
IMB,10,c100e73a7b782fb94b749906ae706da32e024eead4869d256b461537246d4057,60C,REF_PLAQUE,,,UNAVAILABLE,True,missing_value,not_a_text_check,"[""NN-122""]",,[],,[],False,False
IMB,10,c100e73a7b782fb94b749906ae706da32e024eead4869d256b461537246d4057,60C,REGION,,,UNAVAILABLE,True,missing_value,not_a_text_check,"[""NN-122""]",,[],,[],False,False
IMB,10,c100e73a7b782fb94b749906ae706da32e024eead4869d256b461537246d4057,60C,PROVINCE,,,UNAVAILABLE,True,missing_value,not_a_text_check,"[""NN-122""]",,[],,[],False,False
IMB,10,c100e73a7b782fb94b749906ae706da32e024eead4869d256b461537246d4057,60C,VILLE,,,UNAVAILABLE,True,missing_value,not_a_text_check,"[""NN-122""]",,[],,[],False,False
IMB,10,c100e73a7b782fb94b749906ae706da32e024eead4869d256b461537246d4057,60C,COMMUNE,,,UNAVAILABLE,True,missing_value,not_a_text_check,"[""NN-122""]",,[],,[],False,False
IMB,10,c100e73a7b782fb94b749906ae706da32e024eead4869d256b461537246d4057,60C,CODE_POSTAL,,,UNAVAILABLE,True,missing_value,not_a_text_check,"[""NN-122""]",,[],,[],False,False
IMB,10,c100e73a7b782fb94b749906ae706da32e024eead4869d256b461537246d4057,60C,NUMERO_VOIE,,,UNAVAILABLE,True,missing_value,not_a_text_check,"[""NN-122""]",,[],,[],False,False
IMB,10,c100e73a7b782fb94b749906ae706da32e024eead4869d256b461537246d4057,60C,TYPE_VOIE,,,UNAVAILABLE,True,missing_value,not_a_text_check,"[""NN-122""]",,[],,[],False,False
IMB,10,c100e73a7b782fb94b749906ae706da32e024eead4869d256b461537246d4057,60C,TYPE_BATIMENT,,,UNAVAILABLE,True,missing_value,not_a_text_check,"[""NN-122""]",,[],,[],False,False
IMB,10,c100e73a7b782fb94b749906ae706da32e024eead4869d256b461537246d4057,60C,TYPE_CLIENT,,,UNAVAILABLE,True,missing_value,not_a_text_check,"[""NN-122""]",,[],,[],False,False
IMB,10,c100e73a7b782fb94b749906ae706da32e024eead4869d256b461537246d4057,60C,NB_LOC_RES,,,UNAVAILABLE,True,missing_value,not_a_text_check,"[""NN-122""]",,[],,[],False,False
IMB,10,c100e73a7b782fb94b749906ae706da32e024eead4869d256b461537246d4057,60C,NB_LOC_PRO,,,UNAVAILABLE,True,missing_value,not_a_text_check,"[""NN-122""]",,[],,[],False,False
IMB,10,c100e73a7b782fb94b749906ae706da32e024eead4869d256b461537246d4057,60C,NB_LOC_TOT,,,UNAVAILABLE,True,missing_value,not_a_text_check,"[""NN-122""]",,[],,[],False,False
IMB,10,c100e73a7b782fb94b749906ae706da32e024eead4869d256b461537246d4057,60C,RACCORDEMENT,,,UNAVAILABLE,True,missing_value,not_a_text_check,"[""NN-122""]",,[],,[],False,False
IMB,10,c100e73a7b782fb94b749906ae706da32e024eead4869d256b461537246d4057,60C,STATUT,,,UNAVAILABLE,True,missing_value,not_a_text_check,"[""NN-122""]",,[],,[],False,False
IMB,10,c100e73a7b782fb94b749906ae706da32e024eead4869d256b461537246d4057,60C,NB_ETAGE,,,UNAVAILABLE,True,missing_value,not_a_text_check,"[""NN-122""]",,[],,[],False,False
IMB,10,c100e73a7b782fb94b749906ae706da32e024eead4869d256b461537246d4057,60C,COL_MONTANTE,,,UNAVAILABLE,True,missing_value,not_a_text_check,"[""NN-122""]",,[],,[],False,False
IMB,10,c100e73a7b782fb94b749906ae706da32e024eead4869d256b461537246d4057,60C,SOUS_SOL,,,UNAVAILABLE,True,missing_value,not_a_text_check,"[""NN-122""]",,[],,[],False,False
IMB,10,c100e73a7b782fb94b749906ae706da32e024eead4869d256b461537246d4057,60C,SOUS_SOL_COMMUN,,,UNAVAILABLE,True,missing_value,not_a_text_check,"[""NN-122""]",,[],,[],False,False
IMB,10,c100e73a7b782fb94b749906ae706da32e024eead4869d256b461537246d4057,60C,BPE_CODE,,,UNAVAILABLE,True,missing_value,not_a_text_check,"[""NN-122""]",,[],,[],False,False
IMB,10,c100e73a7b782fb94b749906ae706da32e024eead4869d256b461537246d4057,60C,X,12543829.730231658,12543829.730231658,DWG_DERIVED:GEODATA+direct-CRS-transform,False,exact,not_a_text_check,"[""NN-122""]",,[],,[],False,False
IMB,10,c100e73a7b782fb94b749906ae706da32e024eead4869d256b461537246d4057,60C,Y,-821485.7232067419,-821485.7232067419,DWG_DERIVED:GEODATA+direct-CRS-transform,False,exact,not_a_text_check,"[""NN-122""]",,[],,[],False,False
IMB,10,c100e73a7b782fb94b749906ae706da32e024eead4869d256b461537246d4057,60C,display_label,NN-122,NN-122,DWG_DIRECT:text|RULE:AI-IMB-LABEL-001,False,exact,exact,"[""NN-122""]",,[],,[],False,False
IMB,11,df922800e111ee3a219c56d09ed5171ef1d455c2214ae98eae53cde0bc8682ef,5FE,CODE,NN-108,NN-108,DWG_DIRECT:text|RULE:AI-IMB-CODE-001,False,exact,exact,"[""NN-108""]",,[],,[],False,False
IMB,11,df922800e111ee3a219c56d09ed5171ef1d455c2214ae98eae53cde0bc8682ef,5FE,REF_PLAQUE,,,UNAVAILABLE,True,missing_value,not_a_text_check,"[""NN-108""]",,[],,[],False,False
IMB,11,df922800e111ee3a219c56d09ed5171ef1d455c2214ae98eae53cde0bc8682ef,5FE,REGION,,,UNAVAILABLE,True,missing_value,not_a_text_check,"[""NN-108""]",,[],,[],False,False
IMB,11,df922800e111ee3a219c56d09ed5171ef1d455c2214ae98eae53cde0bc8682ef,5FE,PROVINCE,,,UNAVAILABLE,True,missing_value,not_a_text_check,"[""NN-108""]",,[],,[],False,False
IMB,11,df922800e111ee3a219c56d09ed5171ef1d455c2214ae98eae53cde0bc8682ef,5FE,VILLE,,,UNAVAILABLE,True,missing_value,not_a_text_check,"[""NN-108""]",,[],,[],False,False
IMB,11,df922800e111ee3a219c56d09ed5171ef1d455c2214ae98eae53cde0bc8682ef,5FE,COMMUNE,,,UNAVAILABLE,True,missing_value,not_a_text_check,"[""NN-108""]",,[],,[],False,False
IMB,11,df922800e111ee3a219c56d09ed5171ef1d455c2214ae98eae53cde0bc8682ef,5FE,CODE_POSTAL,,,UNAVAILABLE,True,missing_value,not_a_text_check,"[""NN-108""]",,[],,[],False,False
IMB,11,df922800e111ee3a219c56d09ed5171ef1d455c2214ae98eae53cde0bc8682ef,5FE,NUMERO_VOIE,,,UNAVAILABLE,True,missing_value,not_a_text_check,"[""NN-108""]",,[],,[],False,False
IMB,11,df922800e111ee3a219c56d09ed5171ef1d455c2214ae98eae53cde0bc8682ef,5FE,TYPE_VOIE,,,UNAVAILABLE,True,missing_value,not_a_text_check,"[""NN-108""]",,[],,[],False,False
IMB,11,df922800e111ee3a219c56d09ed5171ef1d455c2214ae98eae53cde0bc8682ef,5FE,TYPE_BATIMENT,,,UNAVAILABLE,True,missing_value,not_a_text_check,"[""NN-108""]",,[],,[],False,False
IMB,11,df922800e111ee3a219c56d09ed5171ef1d455c2214ae98eae53cde0bc8682ef,5FE,TYPE_CLIENT,,,UNAVAILABLE,True,missing_value,not_a_text_check,"[""NN-108""]",,[],,[],False,False
IMB,11,df922800e111ee3a219c56d09ed5171ef1d455c2214ae98eae53cde0bc8682ef,5FE,NB_LOC_RES,,,UNAVAILABLE,True,missing_value,not_a_text_check,"[""NN-108""]",,[],,[],False,False
IMB,11,df922800e111ee3a219c56d09ed5171ef1d455c2214ae98eae53cde0bc8682ef,5FE,NB_LOC_PRO,,,UNAVAILABLE,True,missing_value,not_a_text_check,"[""NN-108""]",,[],,[],False,False
IMB,11,df922800e111ee3a219c56d09ed5171ef1d455c2214ae98eae53cde0bc8682ef,5FE,NB_LOC_TOT,,,UNAVAILABLE,True,missing_value,not_a_text_check,"[""NN-108""]",,[],,[],False,False
IMB,11,df922800e111ee3a219c56d09ed5171ef1d455c2214ae98eae53cde0bc8682ef,5FE,RACCORDEMENT,,,UNAVAILABLE,True,missing_value,not_a_text_check,"[""NN-108""]",,[],,[],False,False
IMB,11,df922800e111ee3a219c56d09ed5171ef1d455c2214ae98eae53cde0bc8682ef,5FE,STATUT,,,UNAVAILABLE,True,missing_value,not_a_text_check,"[""NN-108""]",,[],,[],False,False
IMB,11,df922800e111ee3a219c56d09ed5171ef1d455c2214ae98eae53cde0bc8682ef,5FE,NB_ETAGE,,,UNAVAILABLE,True,missing_value,not_a_text_check,"[""NN-108""]",,[],,[],False,False
IMB,11,df922800e111ee3a219c56d09ed5171ef1d455c2214ae98eae53cde0bc8682ef,5FE,COL_MONTANTE,,,UNAVAILABLE,True,missing_value,not_a_text_check,"[""NN-108""]",,[],,[],False,False
IMB,11,df922800e111ee3a219c56d09ed5171ef1d455c2214ae98eae53cde0bc8682ef,5FE,SOUS_SOL,,,UNAVAILABLE,True,missing_value,not_a_text_check,"[""NN-108""]",,[],,[],False,False
IMB,11,df922800e111ee3a219c56d09ed5171ef1d455c2214ae98eae53cde0bc8682ef,5FE,SOUS_SOL_COMMUN,,,UNAVAILABLE,True,missing_value,not_a_text_check,"[""NN-108""]",,[],,[],False,False
IMB,11,df922800e111ee3a219c56d09ed5171ef1d455c2214ae98eae53cde0bc8682ef,5FE,BPE_CODE,,,UNAVAILABLE,True,missing_value,not_a_text_check,"[""NN-108""]",,[],,[],False,False
IMB,11,df922800e111ee3a219c56d09ed5171ef1d455c2214ae98eae53cde0bc8682ef,5FE,X,12543708.832843296,12543708.832843296,DWG_DERIVED:GEODATA+direct-CRS-transform,False,exact,not_a_text_check,"[""NN-108""]",,[],,[],False,False
IMB,11,df922800e111ee3a219c56d09ed5171ef1d455c2214ae98eae53cde0bc8682ef,5FE,Y,-821481.7908812268,-821481.7908812268,DWG_DERIVED:GEODATA+direct-CRS-transform,False,exact,not_a_text_check,"[""NN-108""]",,[],,[],False,False
IMB,11,df922800e111ee3a219c56d09ed5171ef1d455c2214ae98eae53cde0bc8682ef,5FE,display_label,NN-108,NN-108,DWG_DIRECT:text|RULE:AI-IMB-LABEL-001,False,exact,exact,"[""NN-108""]",,[],,[],False,False
IMB,12,b5d58b0d3fd08747d79065a2351902679628d06ff27c8467235d05d3d7d28783,5D7,CODE,NN-69,NN-69,DWG_DIRECT:text|RULE:AI-IMB-CODE-001,False,exact,exact,"[""NN-69""]",,[],,[],False,False
IMB,12,b5d58b0d3fd08747d79065a2351902679628d06ff27c8467235d05d3d7d28783,5D7,REF_PLAQUE,,,UNAVAILABLE,True,missing_value,not_a_text_check,"[""NN-69""]",,[],,[],False,False
IMB,12,b5d58b0d3fd08747d79065a2351902679628d06ff27c8467235d05d3d7d28783,5D7,REGION,,,UNAVAILABLE,True,missing_value,not_a_text_check,"[""NN-69""]",,[],,[],False,False
IMB,12,b5d58b0d3fd08747d79065a2351902679628d06ff27c8467235d05d3d7d28783,5D7,PROVINCE,,,UNAVAILABLE,True,missing_value,not_a_text_check,"[""NN-69""]",,[],,[],False,False
IMB,12,b5d58b0d3fd08747d79065a2351902679628d06ff27c8467235d05d3d7d28783,5D7,VILLE,,,UNAVAILABLE,True,missing_value,not_a_text_check,"[""NN-69""]",,[],,[],False,False
IMB,12,b5d58b0d3fd08747d79065a2351902679628d06ff27c8467235d05d3d7d28783,5D7,COMMUNE,,,UNAVAILABLE,True,missing_value,not_a_text_check,"[""NN-69""]",,[],,[],False,False
IMB,12,b5d58b0d3fd08747d79065a2351902679628d06ff27c8467235d05d3d7d28783,5D7,CODE_POSTAL,,,UNAVAILABLE,True,missing_value,not_a_text_check,"[""NN-69""]",,[],,[],False,False
IMB,12,b5d58b0d3fd08747d79065a2351902679628d06ff27c8467235d05d3d7d28783,5D7,NUMERO_VOIE,,,UNAVAILABLE,True,missing_value,not_a_text_check,"[""NN-69""]",,[],,[],False,False
IMB,12,b5d58b0d3fd08747d79065a2351902679628d06ff27c8467235d05d3d7d28783,5D7,TYPE_VOIE,,,UNAVAILABLE,True,missing_value,not_a_text_check,"[""NN-69""]",,[],,[],False,False
IMB,12,b5d58b0d3fd08747d79065a2351902679628d06ff27c8467235d05d3d7d28783,5D7,TYPE_BATIMENT,,,UNAVAILABLE,True,missing_value,not_a_text_check,"[""NN-69""]",,[],,[],False,False
IMB,12,b5d58b0d3fd08747d79065a2351902679628d06ff27c8467235d05d3d7d28783,5D7,TYPE_CLIENT,,,UNAVAILABLE,True,missing_value,not_a_text_check,"[""NN-69""]",,[],,[],False,False
IMB,12,b5d58b0d3fd08747d79065a2351902679628d06ff27c8467235d05d3d7d28783,5D7,NB_LOC_RES,,,UNAVAILABLE,True,missing_value,not_a_text_check,"[""NN-69""]",,[],,[],False,False
IMB,12,b5d58b0d3fd08747d79065a2351902679628d06ff27c8467235d05d3d7d28783,5D7,NB_LOC_PRO,,,UNAVAILABLE,True,missing_value,not_a_text_check,"[""NN-69""]",,[],,[],False,False
IMB,12,b5d58b0d3fd08747d79065a2351902679628d06ff27c8467235d05d3d7d28783,5D7,NB_LOC_TOT,,,UNAVAILABLE,True,missing_value,not_a_text_check,"[""NN-69""]",,[],,[],False,False
IMB,12,b5d58b0d3fd08747d79065a2351902679628d06ff27c8467235d05d3d7d28783,5D7,RACCORDEMENT,,,UNAVAILABLE,True,missing_value,not_a_text_check,"[""NN-69""]",,[],,[],False,False
IMB,12,b5d58b0d3fd08747d79065a2351902679628d06ff27c8467235d05d3d7d28783,5D7,STATUT,,,UNAVAILABLE,True,missing_value,not_a_text_check,"[""NN-69""]",,[],,[],False,False
IMB,12,b5d58b0d3fd08747d79065a2351902679628d06ff27c8467235d05d3d7d28783,5D7,NB_ETAGE,,,UNAVAILABLE,True,missing_value,not_a_text_check,"[""NN-69""]",,[],,[],False,False
IMB,12,b5d58b0d3fd08747d79065a2351902679628d06ff27c8467235d05d3d7d28783,5D7,COL_MONTANTE,,,UNAVAILABLE,True,missing_value,not_a_text_check,"[""NN-69""]",,[],,[],False,False
IMB,12,b5d58b0d3fd08747d79065a2351902679628d06ff27c8467235d05d3d7d28783,5D7,SOUS_SOL,,,UNAVAILABLE,True,missing_value,not_a_text_check,"[""NN-69""]",,[],,[],False,False
IMB,12,b5d58b0d3fd08747d79065a2351902679628d06ff27c8467235d05d3d7d28783,5D7,SOUS_SOL_COMMUN,,,UNAVAILABLE,True,missing_value,not_a_text_check,"[""NN-69""]",,[],,[],False,False
IMB,12,b5d58b0d3fd08747d79065a2351902679628d06ff27c8467235d05d3d7d28783,5D7,BPE_CODE,,,UNAVAILABLE,True,missing_value,not_a_text_check,"[""NN-69""]",,[],,[],False,False
IMB,12,b5d58b0d3fd08747d79065a2351902679628d06ff27c8467235d05d3d7d28783,5D7,X,12543618.097248457,12543618.097248457,DWG_DERIVED:GEODATA+direct-CRS-transform,False,exact,not_a_text_check,"[""NN-69""]",,[],,[],False,False
IMB,12,b5d58b0d3fd08747d79065a2351902679628d06ff27c8467235d05d3d7d28783,5D7,Y,-821573.04701761,-821573.04701761,DWG_DERIVED:GEODATA+direct-CRS-transform,False,exact,not_a_text_check,"[""NN-69""]",,[],,[],False,False
IMB,12,b5d58b0d3fd08747d79065a2351902679628d06ff27c8467235d05d3d7d28783,5D7,display_label,NN-69,NN-69,DWG_DIRECT:text|RULE:AI-IMB-LABEL-001,False,exact,exact,"[""NN-69""]",,[],,[],False,False
IMB,13,6a707bf0fca00ba6554fff100243b37447b658de6af9e4e0f3de22871e4dee0e,5A2,CODE,NN-19,NN-19,DWG_DIRECT:text|RULE:AI-IMB-CODE-001,False,exact,exact,"[""NN-19""]",,[],,[],False,False
IMB,13,6a707bf0fca00ba6554fff100243b37447b658de6af9e4e0f3de22871e4dee0e,5A2,REF_PLAQUE,,,UNAVAILABLE,True,missing_value,not_a_text_check,"[""NN-19""]",,[],,[],False,False
IMB,13,6a707bf0fca00ba6554fff100243b37447b658de6af9e4e0f3de22871e4dee0e,5A2,REGION,,,UNAVAILABLE,True,missing_value,not_a_text_check,"[""NN-19""]",,[],,[],False,False
IMB,13,6a707bf0fca00ba6554fff100243b37447b658de6af9e4e0f3de22871e4dee0e,5A2,PROVINCE,,,UNAVAILABLE,True,missing_value,not_a_text_check,"[""NN-19""]",,[],,[],False,False
IMB,13,6a707bf0fca00ba6554fff100243b37447b658de6af9e4e0f3de22871e4dee0e,5A2,VILLE,,,UNAVAILABLE,True,missing_value,not_a_text_check,"[""NN-19""]",,[],,[],False,False
IMB,13,6a707bf0fca00ba6554fff100243b37447b658de6af9e4e0f3de22871e4dee0e,5A2,COMMUNE,,,UNAVAILABLE,True,missing_value,not_a_text_check,"[""NN-19""]",,[],,[],False,False
IMB,13,6a707bf0fca00ba6554fff100243b37447b658de6af9e4e0f3de22871e4dee0e,5A2,CODE_POSTAL,,,UNAVAILABLE,True,missing_value,not_a_text_check,"[""NN-19""]",,[],,[],False,False
IMB,13,6a707bf0fca00ba6554fff100243b37447b658de6af9e4e0f3de22871e4dee0e,5A2,NUMERO_VOIE,,,UNAVAILABLE,True,missing_value,not_a_text_check,"[""NN-19""]",,[],,[],False,False
IMB,13,6a707bf0fca00ba6554fff100243b37447b658de6af9e4e0f3de22871e4dee0e,5A2,TYPE_VOIE,,,UNAVAILABLE,True,missing_value,not_a_text_check,"[""NN-19""]",,[],,[],False,False
IMB,13,6a707bf0fca00ba6554fff100243b37447b658de6af9e4e0f3de22871e4dee0e,5A2,TYPE_BATIMENT,,,UNAVAILABLE,True,missing_value,not_a_text_check,"[""NN-19""]",,[],,[],False,False
IMB,13,6a707bf0fca00ba6554fff100243b37447b658de6af9e4e0f3de22871e4dee0e,5A2,TYPE_CLIENT,,,UNAVAILABLE,True,missing_value,not_a_text_check,"[""NN-19""]",,[],,[],False,False
IMB,13,6a707bf0fca00ba6554fff100243b37447b658de6af9e4e0f3de22871e4dee0e,5A2,NB_LOC_RES,,,UNAVAILABLE,True,missing_value,not_a_text_check,"[""NN-19""]",,[],,[],False,False
IMB,13,6a707bf0fca00ba6554fff100243b37447b658de6af9e4e0f3de22871e4dee0e,5A2,NB_LOC_PRO,,,UNAVAILABLE,True,missing_value,not_a_text_check,"[""NN-19""]",,[],,[],False,False
IMB,13,6a707bf0fca00ba6554fff100243b37447b658de6af9e4e0f3de22871e4dee0e,5A2,NB_LOC_TOT,,,UNAVAILABLE,True,missing_value,not_a_text_check,"[""NN-19""]",,[],,[],False,False
IMB,13,6a707bf0fca00ba6554fff100243b37447b658de6af9e4e0f3de22871e4dee0e,5A2,RACCORDEMENT,,,UNAVAILABLE,True,missing_value,not_a_text_check,"[""NN-19""]",,[],,[],False,False
IMB,13,6a707bf0fca00ba6554fff100243b37447b658de6af9e4e0f3de22871e4dee0e,5A2,STATUT,,,UNAVAILABLE,True,missing_value,not_a_text_check,"[""NN-19""]",,[],,[],False,False
IMB,13,6a707bf0fca00ba6554fff100243b37447b658de6af9e4e0f3de22871e4dee0e,5A2,NB_ETAGE,,,UNAVAILABLE,True,missing_value,not_a_text_check,"[""NN-19""]",,[],,[],False,False
IMB,13,6a707bf0fca00ba6554fff100243b37447b658de6af9e4e0f3de22871e4dee0e,5A2,COL_MONTANTE,,,UNAVAILABLE,True,missing_value,not_a_text_check,"[""NN-19""]",,[],,[],False,False
IMB,13,6a707bf0fca00ba6554fff100243b37447b658de6af9e4e0f3de22871e4dee0e,5A2,SOUS_SOL,,,UNAVAILABLE,True,missing_value,not_a_text_check,"[""NN-19""]",,[],,[],False,False
IMB,13,6a707bf0fca00ba6554fff100243b37447b658de6af9e4e0f3de22871e4dee0e,5A2,SOUS_SOL_COMMUN,,,UNAVAILABLE,True,missing_value,not_a_text_check,"[""NN-19""]",,[],,[],False,False
IMB,13,6a707bf0fca00ba6554fff100243b37447b658de6af9e4e0f3de22871e4dee0e,5A2,BPE_CODE,,,UNAVAILABLE,True,missing_value,not_a_text_check,"[""NN-19""]",,[],,[],False,False
IMB,13,6a707bf0fca00ba6554fff100243b37447b658de6af9e4e0f3de22871e4dee0e,5A2,X,12543718.505968442,12543718.505968442,DWG_DERIVED:GEODATA+direct-CRS-transform,False,exact,not_a_text_check,"[""NN-19""]",,[],,[],False,False
IMB,13,6a707bf0fca00ba6554fff100243b37447b658de6af9e4e0f3de22871e4dee0e,5A2,Y,-821606.5815259794,-821606.5815259794,DWG_DERIVED:GEODATA+direct-CRS-transform,False,exact,not_a_text_check,"[""NN-19""]",,[],,[],False,False
IMB,13,6a707bf0fca00ba6554fff100243b37447b658de6af9e4e0f3de22871e4dee0e,5A2,display_label,NN-19,NN-19,DWG_DIRECT:text|RULE:AI-IMB-LABEL-001,False,exact,exact,"[""NN-19""]",,[],,[],False,False
IMB,14,565d5a6d004b7d5fadee22e9e3203f05b28a3d409d81c19162d22d109b631767,5A7,CODE,NN-24,NN-24,DWG_DIRECT:text|RULE:AI-IMB-CODE-001,False,exact,exact,"[""NN-24""]",,[],,[],False,False
IMB,14,565d5a6d004b7d5fadee22e9e3203f05b28a3d409d81c19162d22d109b631767,5A7,REF_PLAQUE,,,UNAVAILABLE,True,missing_value,not_a_text_check,"[""NN-24""]",,[],,[],False,False
IMB,14,565d5a6d004b7d5fadee22e9e3203f05b28a3d409d81c19162d22d109b631767,5A7,REGION,,,UNAVAILABLE,True,missing_value,not_a_text_check,"[""NN-24""]",,[],,[],False,False
IMB,14,565d5a6d004b7d5fadee22e9e3203f05b28a3d409d81c19162d22d109b631767,5A7,PROVINCE,,,UNAVAILABLE,True,missing_value,not_a_text_check,"[""NN-24""]",,[],,[],False,False
IMB,14,565d5a6d004b7d5fadee22e9e3203f05b28a3d409d81c19162d22d109b631767,5A7,VILLE,,,UNAVAILABLE,True,missing_value,not_a_text_check,"[""NN-24""]",,[],,[],False,False
IMB,14,565d5a6d004b7d5fadee22e9e3203f05b28a3d409d81c19162d22d109b631767,5A7,COMMUNE,,,UNAVAILABLE,True,missing_value,not_a_text_check,"[""NN-24""]",,[],,[],False,False
IMB,14,565d5a6d004b7d5fadee22e9e3203f05b28a3d409d81c19162d22d109b631767,5A7,CODE_POSTAL,,,UNAVAILABLE,True,missing_value,not_a_text_check,"[""NN-24""]",,[],,[],False,False
IMB,14,565d5a6d004b7d5fadee22e9e3203f05b28a3d409d81c19162d22d109b631767,5A7,NUMERO_VOIE,,,UNAVAILABLE,True,missing_value,not_a_text_check,"[""NN-24""]",,[],,[],False,False
IMB,14,565d5a6d004b7d5fadee22e9e3203f05b28a3d409d81c19162d22d109b631767,5A7,TYPE_VOIE,,,UNAVAILABLE,True,missing_value,not_a_text_check,"[""NN-24""]",,[],,[],False,False
IMB,14,565d5a6d004b7d5fadee22e9e3203f05b28a3d409d81c19162d22d109b631767,5A7,TYPE_BATIMENT,,,UNAVAILABLE,True,missing_value,not_a_text_check,"[""NN-24""]",,[],,[],False,False
IMB,14,565d5a6d004b7d5fadee22e9e3203f05b28a3d409d81c19162d22d109b631767,5A7,TYPE_CLIENT,,,UNAVAILABLE,True,missing_value,not_a_text_check,"[""NN-24""]",,[],,[],False,False
IMB,14,565d5a6d004b7d5fadee22e9e3203f05b28a3d409d81c19162d22d109b631767,5A7,NB_LOC_RES,,,UNAVAILABLE,True,missing_value,not_a_text_check,"[""NN-24""]",,[],,[],False,False
IMB,14,565d5a6d004b7d5fadee22e9e3203f05b28a3d409d81c19162d22d109b631767,5A7,NB_LOC_PRO,,,UNAVAILABLE,True,missing_value,not_a_text_check,"[""NN-24""]",,[],,[],False,False
IMB,14,565d5a6d004b7d5fadee22e9e3203f05b28a3d409d81c19162d22d109b631767,5A7,NB_LOC_TOT,,,UNAVAILABLE,True,missing_value,not_a_text_check,"[""NN-24""]",,[],,[],False,False
IMB,14,565d5a6d004b7d5fadee22e9e3203f05b28a3d409d81c19162d22d109b631767,5A7,RACCORDEMENT,,,UNAVAILABLE,True,missing_value,not_a_text_check,"[""NN-24""]",,[],,[],False,False
IMB,14,565d5a6d004b7d5fadee22e9e3203f05b28a3d409d81c19162d22d109b631767,5A7,STATUT,,,UNAVAILABLE,True,missing_value,not_a_text_check,"[""NN-24""]",,[],,[],False,False
IMB,14,565d5a6d004b7d5fadee22e9e3203f05b28a3d409d81c19162d22d109b631767,5A7,NB_ETAGE,,,UNAVAILABLE,True,missing_value,not_a_text_check,"[""NN-24""]",,[],,[],False,False
IMB,14,565d5a6d004b7d5fadee22e9e3203f05b28a3d409d81c19162d22d109b631767,5A7,COL_MONTANTE,,,UNAVAILABLE,True,missing_value,not_a_text_check,"[""NN-24""]",,[],,[],False,False
IMB,14,565d5a6d004b7d5fadee22e9e3203f05b28a3d409d81c19162d22d109b631767,5A7,SOUS_SOL,,,UNAVAILABLE,True,missing_value,not_a_text_check,"[""NN-24""]",,[],,[],False,False
IMB,14,565d5a6d004b7d5fadee22e9e3203f05b28a3d409d81c19162d22d109b631767,5A7,SOUS_SOL_COMMUN,,,UNAVAILABLE,True,missing_value,not_a_text_check,"[""NN-24""]",,[],,[],False,False
IMB,14,565d5a6d004b7d5fadee22e9e3203f05b28a3d409d81c19162d22d109b631767,5A7,BPE_CODE,,,UNAVAILABLE,True,missing_value,not_a_text_check,"[""NN-24""]",,[],,[],False,False
IMB,14,565d5a6d004b7d5fadee22e9e3203f05b28a3d409d81c19162d22d109b631767,5A7,X,12543720.22794276,12543720.22794276,DWG_DERIVED:GEODATA+direct-CRS-transform,False,exact,not_a_text_check,"[""NN-24""]",,[],,[],False,False
IMB,14,565d5a6d004b7d5fadee22e9e3203f05b28a3d409d81c19162d22d109b631767,5A7,Y,-821586.0832706346,-821586.0832706346,DWG_DERIVED:GEODATA+direct-CRS-transform,False,exact,not_a_text_check,"[""NN-24""]",,[],,[],False,False
IMB,14,565d5a6d004b7d5fadee22e9e3203f05b28a3d409d81c19162d22d109b631767,5A7,display_label,NN-24,NN-24,DWG_DIRECT:text|RULE:AI-IMB-LABEL-001,False,exact,exact,"[""NN-24""]",,[],,[],False,False
IMB,15,d1441e7fdce822f841e2478dcd59c166b0ff71728c86852bb835a3187fa2aceb,5E6,CODE,NN-84,NN-84,DWG_DIRECT:text|RULE:AI-IMB-CODE-001,False,exact,exact,"[""NN-84""]",,[],,[],False,False
IMB,15,d1441e7fdce822f841e2478dcd59c166b0ff71728c86852bb835a3187fa2aceb,5E6,REF_PLAQUE,,,UNAVAILABLE,True,missing_value,not_a_text_check,"[""NN-84""]",,[],,[],False,False
IMB,15,d1441e7fdce822f841e2478dcd59c166b0ff71728c86852bb835a3187fa2aceb,5E6,REGION,,,UNAVAILABLE,True,missing_value,not_a_text_check,"[""NN-84""]",,[],,[],False,False
IMB,15,d1441e7fdce822f841e2478dcd59c166b0ff71728c86852bb835a3187fa2aceb,5E6,PROVINCE,,,UNAVAILABLE,True,missing_value,not_a_text_check,"[""NN-84""]",,[],,[],False,False
IMB,15,d1441e7fdce822f841e2478dcd59c166b0ff71728c86852bb835a3187fa2aceb,5E6,VILLE,,,UNAVAILABLE,True,missing_value,not_a_text_check,"[""NN-84""]",,[],,[],False,False
IMB,15,d1441e7fdce822f841e2478dcd59c166b0ff71728c86852bb835a3187fa2aceb,5E6,COMMUNE,,,UNAVAILABLE,True,missing_value,not_a_text_check,"[""NN-84""]",,[],,[],False,False
IMB,15,d1441e7fdce822f841e2478dcd59c166b0ff71728c86852bb835a3187fa2aceb,5E6,CODE_POSTAL,,,UNAVAILABLE,True,missing_value,not_a_text_check,"[""NN-84""]",,[],,[],False,False
IMB,15,d1441e7fdce822f841e2478dcd59c166b0ff71728c86852bb835a3187fa2aceb,5E6,NUMERO_VOIE,,,UNAVAILABLE,True,missing_value,not_a_text_check,"[""NN-84""]",,[],,[],False,False
IMB,15,d1441e7fdce822f841e2478dcd59c166b0ff71728c86852bb835a3187fa2aceb,5E6,TYPE_VOIE,,,UNAVAILABLE,True,missing_value,not_a_text_check,"[""NN-84""]",,[],,[],False,False
IMB,15,d1441e7fdce822f841e2478dcd59c166b0ff71728c86852bb835a3187fa2aceb,5E6,TYPE_BATIMENT,,,UNAVAILABLE,True,missing_value,not_a_text_check,"[""NN-84""]",,[],,[],False,False
IMB,15,d1441e7fdce822f841e2478dcd59c166b0ff71728c86852bb835a3187fa2aceb,5E6,TYPE_CLIENT,,,UNAVAILABLE,True,missing_value,not_a_text_check,"[""NN-84""]",,[],,[],False,False
IMB,15,d1441e7fdce822f841e2478dcd59c166b0ff71728c86852bb835a3187fa2aceb,5E6,NB_LOC_RES,,,UNAVAILABLE,True,missing_value,not_a_text_check,"[""NN-84""]",,[],,[],False,False
IMB,15,d1441e7fdce822f841e2478dcd59c166b0ff71728c86852bb835a3187fa2aceb,5E6,NB_LOC_PRO,,,UNAVAILABLE,True,missing_value,not_a_text_check,"[""NN-84""]",,[],,[],False,False
IMB,15,d1441e7fdce822f841e2478dcd59c166b0ff71728c86852bb835a3187fa2aceb,5E6,NB_LOC_TOT,,,UNAVAILABLE,True,missing_value,not_a_text_check,"[""NN-84""]",,[],,[],False,False
IMB,15,d1441e7fdce822f841e2478dcd59c166b0ff71728c86852bb835a3187fa2aceb,5E6,RACCORDEMENT,,,UNAVAILABLE,True,missing_value,not_a_text_check,"[""NN-84""]",,[],,[],False,False
IMB,15,d1441e7fdce822f841e2478dcd59c166b0ff71728c86852bb835a3187fa2aceb,5E6,STATUT,,,UNAVAILABLE,True,missing_value,not_a_text_check,"[""NN-84""]",,[],,[],False,False
IMB,15,d1441e7fdce822f841e2478dcd59c166b0ff71728c86852bb835a3187fa2aceb,5E6,NB_ETAGE,,,UNAVAILABLE,True,missing_value,not_a_text_check,"[""NN-84""]",,[],,[],False,False
IMB,15,d1441e7fdce822f841e2478dcd59c166b0ff71728c86852bb835a3187fa2aceb,5E6,COL_MONTANTE,,,UNAVAILABLE,True,missing_value,not_a_text_check,"[""NN-84""]",,[],,[],False,False
IMB,15,d1441e7fdce822f841e2478dcd59c166b0ff71728c86852bb835a3187fa2aceb,5E6,SOUS_SOL,,,UNAVAILABLE,True,missing_value,not_a_text_check,"[""NN-84""]",,[],,[],False,False
IMB,15,d1441e7fdce822f841e2478dcd59c166b0ff71728c86852bb835a3187fa2aceb,5E6,SOUS_SOL_COMMUN,,,UNAVAILABLE,True,missing_value,not_a_text_check,"[""NN-84""]",,[],,[],False,False
IMB,15,d1441e7fdce822f841e2478dcd59c166b0ff71728c86852bb835a3187fa2aceb,5E6,BPE_CODE,,,UNAVAILABLE,True,missing_value,not_a_text_check,"[""NN-84""]",,[],,[],False,False
IMB,15,d1441e7fdce822f841e2478dcd59c166b0ff71728c86852bb835a3187fa2aceb,5E6,X,12543756.427397793,12543756.427397793,DWG_DERIVED:GEODATA+direct-CRS-transform,False,exact,not_a_text_check,"[""NN-84""]",,[],,[],False,False
IMB,15,d1441e7fdce822f841e2478dcd59c166b0ff71728c86852bb835a3187fa2aceb,5E6,Y,-821535.7644194923,-821535.7644194923,DWG_DERIVED:GEODATA+direct-CRS-transform,False,exact,not_a_text_check,"[""NN-84""]",,[],,[],False,False
IMB,15,d1441e7fdce822f841e2478dcd59c166b0ff71728c86852bb835a3187fa2aceb,5E6,display_label,NN-84,NN-84,DWG_DIRECT:text|RULE:AI-IMB-LABEL-001,False,exact,exact,"[""NN-84""]",,[],,[],False,False
IMB,16,b2faac8122c16002c707bd94c78b5ee40a3f5a597f7a31cc899e452ae7ea68b0,60E,CODE,NN-124,NN-124,DWG_DIRECT:text|RULE:AI-IMB-CODE-001,False,exact,exact,"[""NN-124""]",,[],,[],False,False
IMB,16,b2faac8122c16002c707bd94c78b5ee40a3f5a597f7a31cc899e452ae7ea68b0,60E,REF_PLAQUE,,,UNAVAILABLE,True,missing_value,not_a_text_check,"[""NN-124""]",,[],,[],False,False
IMB,16,b2faac8122c16002c707bd94c78b5ee40a3f5a597f7a31cc899e452ae7ea68b0,60E,REGION,,,UNAVAILABLE,True,missing_value,not_a_text_check,"[""NN-124""]",,[],,[],False,False
IMB,16,b2faac8122c16002c707bd94c78b5ee40a3f5a597f7a31cc899e452ae7ea68b0,60E,PROVINCE,,,UNAVAILABLE,True,missing_value,not_a_text_check,"[""NN-124""]",,[],,[],False,False
IMB,16,b2faac8122c16002c707bd94c78b5ee40a3f5a597f7a31cc899e452ae7ea68b0,60E,VILLE,,,UNAVAILABLE,True,missing_value,not_a_text_check,"[""NN-124""]",,[],,[],False,False
IMB,16,b2faac8122c16002c707bd94c78b5ee40a3f5a597f7a31cc899e452ae7ea68b0,60E,COMMUNE,,,UNAVAILABLE,True,missing_value,not_a_text_check,"[""NN-124""]",,[],,[],False,False
IMB,16,b2faac8122c16002c707bd94c78b5ee40a3f5a597f7a31cc899e452ae7ea68b0,60E,CODE_POSTAL,,,UNAVAILABLE,True,missing_value,not_a_text_check,"[""NN-124""]",,[],,[],False,False
IMB,16,b2faac8122c16002c707bd94c78b5ee40a3f5a597f7a31cc899e452ae7ea68b0,60E,NUMERO_VOIE,,,UNAVAILABLE,True,missing_value,not_a_text_check,"[""NN-124""]",,[],,[],False,False
IMB,16,b2faac8122c16002c707bd94c78b5ee40a3f5a597f7a31cc899e452ae7ea68b0,60E,TYPE_VOIE,,,UNAVAILABLE,True,missing_value,not_a_text_check,"[""NN-124""]",,[],,[],False,False
IMB,16,b2faac8122c16002c707bd94c78b5ee40a3f5a597f7a31cc899e452ae7ea68b0,60E,TYPE_BATIMENT,,,UNAVAILABLE,True,missing_value,not_a_text_check,"[""NN-124""]",,[],,[],False,False
IMB,16,b2faac8122c16002c707bd94c78b5ee40a3f5a597f7a31cc899e452ae7ea68b0,60E,TYPE_CLIENT,,,UNAVAILABLE,True,missing_value,not_a_text_check,"[""NN-124""]",,[],,[],False,False
IMB,16,b2faac8122c16002c707bd94c78b5ee40a3f5a597f7a31cc899e452ae7ea68b0,60E,NB_LOC_RES,,,UNAVAILABLE,True,missing_value,not_a_text_check,"[""NN-124""]",,[],,[],False,False
IMB,16,b2faac8122c16002c707bd94c78b5ee40a3f5a597f7a31cc899e452ae7ea68b0,60E,NB_LOC_PRO,,,UNAVAILABLE,True,missing_value,not_a_text_check,"[""NN-124""]",,[],,[],False,False
IMB,16,b2faac8122c16002c707bd94c78b5ee40a3f5a597f7a31cc899e452ae7ea68b0,60E,NB_LOC_TOT,,,UNAVAILABLE,True,missing_value,not_a_text_check,"[""NN-124""]",,[],,[],False,False
IMB,16,b2faac8122c16002c707bd94c78b5ee40a3f5a597f7a31cc899e452ae7ea68b0,60E,RACCORDEMENT,,,UNAVAILABLE,True,missing_value,not_a_text_check,"[""NN-124""]",,[],,[],False,False
IMB,16,b2faac8122c16002c707bd94c78b5ee40a3f5a597f7a31cc899e452ae7ea68b0,60E,STATUT,,,UNAVAILABLE,True,missing_value,not_a_text_check,"[""NN-124""]",,[],,[],False,False
IMB,16,b2faac8122c16002c707bd94c78b5ee40a3f5a597f7a31cc899e452ae7ea68b0,60E,NB_ETAGE,,,UNAVAILABLE,True,missing_value,not_a_text_check,"[""NN-124""]",,[],,[],False,False
IMB,16,b2faac8122c16002c707bd94c78b5ee40a3f5a597f7a31cc899e452ae7ea68b0,60E,COL_MONTANTE,,,UNAVAILABLE,True,missing_value,not_a_text_check,"[""NN-124""]",,[],,[],False,False
IMB,16,b2faac8122c16002c707bd94c78b5ee40a3f5a597f7a31cc899e452ae7ea68b0,60E,SOUS_SOL,,,UNAVAILABLE,True,missing_value,not_a_text_check,"[""NN-124""]",,[],,[],False,False
IMB,16,b2faac8122c16002c707bd94c78b5ee40a3f5a597f7a31cc899e452ae7ea68b0,60E,SOUS_SOL_COMMUN,,,UNAVAILABLE,True,missing_value,not_a_text_check,"[""NN-124""]",,[],,[],False,False
IMB,16,b2faac8122c16002c707bd94c78b5ee40a3f5a597f7a31cc899e452ae7ea68b0,60E,BPE_CODE,,,UNAVAILABLE,True,missing_value,not_a_text_check,"[""NN-124""]",,[],,[],False,False
IMB,16,b2faac8122c16002c707bd94c78b5ee40a3f5a597f7a31cc899e452ae7ea68b0,60E,X,12543839.85269644,12543839.85269644,DWG_DERIVED:GEODATA+direct-CRS-transform,False,exact,not_a_text_check,"[""NN-124""]",,[],,[],False,False
IMB,16,b2faac8122c16002c707bd94c78b5ee40a3f5a597f7a31cc899e452ae7ea68b0,60E,Y,-821486.3967211338,-821486.3967211338,DWG_DERIVED:GEODATA+direct-CRS-transform,False,exact,not_a_text_check,"[""NN-124""]",,[],,[],False,False
IMB,16,b2faac8122c16002c707bd94c78b5ee40a3f5a597f7a31cc899e452ae7ea68b0,60E,display_label,NN-124,NN-124,DWG_DIRECT:text|RULE:AI-IMB-LABEL-001,False,exact,exact,"[""NN-124""]",,[],,[],False,False
IMB,17,b560bb55e004242652f21f97221489d365d1fc50fa2b368c1a469814ae8aa5ba,5C9,CODE,NN-57,NN-57,DWG_DIRECT:text|RULE:AI-IMB-CODE-001,False,exact,exact,"[""NN-57""]",,[],,[],False,False
IMB,17,b560bb55e004242652f21f97221489d365d1fc50fa2b368c1a469814ae8aa5ba,5C9,REF_PLAQUE,,,UNAVAILABLE,True,missing_value,not_a_text_check,"[""NN-57""]",,[],,[],False,False
IMB,17,b560bb55e004242652f21f97221489d365d1fc50fa2b368c1a469814ae8aa5ba,5C9,REGION,,,UNAVAILABLE,True,missing_value,not_a_text_check,"[""NN-57""]",,[],,[],False,False
IMB,17,b560bb55e004242652f21f97221489d365d1fc50fa2b368c1a469814ae8aa5ba,5C9,PROVINCE,,,UNAVAILABLE,True,missing_value,not_a_text_check,"[""NN-57""]",,[],,[],False,False
IMB,17,b560bb55e004242652f21f97221489d365d1fc50fa2b368c1a469814ae8aa5ba,5C9,VILLE,,,UNAVAILABLE,True,missing_value,not_a_text_check,"[""NN-57""]",,[],,[],False,False
IMB,17,b560bb55e004242652f21f97221489d365d1fc50fa2b368c1a469814ae8aa5ba,5C9,COMMUNE,,,UNAVAILABLE,True,missing_value,not_a_text_check,"[""NN-57""]",,[],,[],False,False
IMB,17,b560bb55e004242652f21f97221489d365d1fc50fa2b368c1a469814ae8aa5ba,5C9,CODE_POSTAL,,,UNAVAILABLE,True,missing_value,not_a_text_check,"[""NN-57""]",,[],,[],False,False
IMB,17,b560bb55e004242652f21f97221489d365d1fc50fa2b368c1a469814ae8aa5ba,5C9,NUMERO_VOIE,,,UNAVAILABLE,True,missing_value,not_a_text_check,"[""NN-57""]",,[],,[],False,False
IMB,17,b560bb55e004242652f21f97221489d365d1fc50fa2b368c1a469814ae8aa5ba,5C9,TYPE_VOIE,,,UNAVAILABLE,True,missing_value,not_a_text_check,"[""NN-57""]",,[],,[],False,False
IMB,17,b560bb55e004242652f21f97221489d365d1fc50fa2b368c1a469814ae8aa5ba,5C9,TYPE_BATIMENT,,,UNAVAILABLE,True,missing_value,not_a_text_check,"[""NN-57""]",,[],,[],False,False
IMB,17,b560bb55e004242652f21f97221489d365d1fc50fa2b368c1a469814ae8aa5ba,5C9,TYPE_CLIENT,,,UNAVAILABLE,True,missing_value,not_a_text_check,"[""NN-57""]",,[],,[],False,False
IMB,17,b560bb55e004242652f21f97221489d365d1fc50fa2b368c1a469814ae8aa5ba,5C9,NB_LOC_RES,,,UNAVAILABLE,True,missing_value,not_a_text_check,"[""NN-57""]",,[],,[],False,False
IMB,17,b560bb55e004242652f21f97221489d365d1fc50fa2b368c1a469814ae8aa5ba,5C9,NB_LOC_PRO,,,UNAVAILABLE,True,missing_value,not_a_text_check,"[""NN-57""]",,[],,[],False,False
IMB,17,b560bb55e004242652f21f97221489d365d1fc50fa2b368c1a469814ae8aa5ba,5C9,NB_LOC_TOT,,,UNAVAILABLE,True,missing_value,not_a_text_check,"[""NN-57""]",,[],,[],False,False
IMB,17,b560bb55e004242652f21f97221489d365d1fc50fa2b368c1a469814ae8aa5ba,5C9,RACCORDEMENT,,,UNAVAILABLE,True,missing_value,not_a_text_check,"[""NN-57""]",,[],,[],False,False
IMB,17,b560bb55e004242652f21f97221489d365d1fc50fa2b368c1a469814ae8aa5ba,5C9,STATUT,,,UNAVAILABLE,True,missing_value,not_a_text_check,"[""NN-57""]",,[],,[],False,False
IMB,17,b560bb55e004242652f21f97221489d365d1fc50fa2b368c1a469814ae8aa5ba,5C9,NB_ETAGE,,,UNAVAILABLE,True,missing_value,not_a_text_check,"[""NN-57""]",,[],,[],False,False
IMB,17,b560bb55e004242652f21f97221489d365d1fc50fa2b368c1a469814ae8aa5ba,5C9,COL_MONTANTE,,,UNAVAILABLE,True,missing_value,not_a_text_check,"[""NN-57""]",,[],,[],False,False
IMB,17,b560bb55e004242652f21f97221489d365d1fc50fa2b368c1a469814ae8aa5ba,5C9,SOUS_SOL,,,UNAVAILABLE,True,missing_value,not_a_text_check,"[""NN-57""]",,[],,[],False,False
IMB,17,b560bb55e004242652f21f97221489d365d1fc50fa2b368c1a469814ae8aa5ba,5C9,SOUS_SOL_COMMUN,,,UNAVAILABLE,True,missing_value,not_a_text_check,"[""NN-57""]",,[],,[],False,False
IMB,17,b560bb55e004242652f21f97221489d365d1fc50fa2b368c1a469814ae8aa5ba,5C9,BPE_CODE,,,UNAVAILABLE,True,missing_value,not_a_text_check,"[""NN-57""]",,[],,[],False,False
IMB,17,b560bb55e004242652f21f97221489d365d1fc50fa2b368c1a469814ae8aa5ba,5C9,X,12543725.83871559,12543725.83871559,DWG_DERIVED:GEODATA+direct-CRS-transform,False,exact,not_a_text_check,"[""NN-57""]",,[],,[],False,False
IMB,17,b560bb55e004242652f21f97221489d365d1fc50fa2b368c1a469814ae8aa5ba,5C9,Y,-821630.1358522361,-821630.1358522361,DWG_DERIVED:GEODATA+direct-CRS-transform,False,exact,not_a_text_check,"[""NN-57""]",,[],,[],False,False
IMB,17,b560bb55e004242652f21f97221489d365d1fc50fa2b368c1a469814ae8aa5ba,5C9,display_label,NN-57,NN-57,DWG_DIRECT:text|RULE:AI-IMB-LABEL-001,False,exact,exact,"[""NN-57""]",,[],,[],False,False
IMB,18,d32587b1dfc600e66106591a9839012e433c8d54fefbc37ecb08286ed07f88e8,612,CODE,NN-128,NN-128,DWG_DIRECT:text|RULE:AI-IMB-CODE-001,False,exact,exact,"[""NN-128""]",,[],,[],False,False
IMB,18,d32587b1dfc600e66106591a9839012e433c8d54fefbc37ecb08286ed07f88e8,612,REF_PLAQUE,,,UNAVAILABLE,True,missing_value,not_a_text_check,"[""NN-128""]",,[],,[],False,False
IMB,18,d32587b1dfc600e66106591a9839012e433c8d54fefbc37ecb08286ed07f88e8,612,REGION,,,UNAVAILABLE,True,missing_value,not_a_text_check,"[""NN-128""]",,[],,[],False,False
IMB,18,d32587b1dfc600e66106591a9839012e433c8d54fefbc37ecb08286ed07f88e8,612,PROVINCE,,,UNAVAILABLE,True,missing_value,not_a_text_check,"[""NN-128""]",,[],,[],False,False
IMB,18,d32587b1dfc600e66106591a9839012e433c8d54fefbc37ecb08286ed07f88e8,612,VILLE,,,UNAVAILABLE,True,missing_value,not_a_text_check,"[""NN-128""]",,[],,[],False,False
IMB,18,d32587b1dfc600e66106591a9839012e433c8d54fefbc37ecb08286ed07f88e8,612,COMMUNE,,,UNAVAILABLE,True,missing_value,not_a_text_check,"[""NN-128""]",,[],,[],False,False
IMB,18,d32587b1dfc600e66106591a9839012e433c8d54fefbc37ecb08286ed07f88e8,612,CODE_POSTAL,,,UNAVAILABLE,True,missing_value,not_a_text_check,"[""NN-128""]",,[],,[],False,False
IMB,18,d32587b1dfc600e66106591a9839012e433c8d54fefbc37ecb08286ed07f88e8,612,NUMERO_VOIE,,,UNAVAILABLE,True,missing_value,not_a_text_check,"[""NN-128""]",,[],,[],False,False
IMB,18,d32587b1dfc600e66106591a9839012e433c8d54fefbc37ecb08286ed07f88e8,612,TYPE_VOIE,,,UNAVAILABLE,True,missing_value,not_a_text_check,"[""NN-128""]",,[],,[],False,False
IMB,18,d32587b1dfc600e66106591a9839012e433c8d54fefbc37ecb08286ed07f88e8,612,TYPE_BATIMENT,,,UNAVAILABLE,True,missing_value,not_a_text_check,"[""NN-128""]",,[],,[],False,False
IMB,18,d32587b1dfc600e66106591a9839012e433c8d54fefbc37ecb08286ed07f88e8,612,TYPE_CLIENT,,,UNAVAILABLE,True,missing_value,not_a_text_check,"[""NN-128""]",,[],,[],False,False
IMB,18,d32587b1dfc600e66106591a9839012e433c8d54fefbc37ecb08286ed07f88e8,612,NB_LOC_RES,,,UNAVAILABLE,True,missing_value,not_a_text_check,"[""NN-128""]",,[],,[],False,False
IMB,18,d32587b1dfc600e66106591a9839012e433c8d54fefbc37ecb08286ed07f88e8,612,NB_LOC_PRO,,,UNAVAILABLE,True,missing_value,not_a_text_check,"[""NN-128""]",,[],,[],False,False
IMB,18,d32587b1dfc600e66106591a9839012e433c8d54fefbc37ecb08286ed07f88e8,612,NB_LOC_TOT,,,UNAVAILABLE,True,missing_value,not_a_text_check,"[""NN-128""]",,[],,[],False,False
IMB,18,d32587b1dfc600e66106591a9839012e433c8d54fefbc37ecb08286ed07f88e8,612,RACCORDEMENT,,,UNAVAILABLE,True,missing_value,not_a_text_check,"[""NN-128""]",,[],,[],False,False
IMB,18,d32587b1dfc600e66106591a9839012e433c8d54fefbc37ecb08286ed07f88e8,612,STATUT,,,UNAVAILABLE,True,missing_value,not_a_text_check,"[""NN-128""]",,[],,[],False,False
IMB,18,d32587b1dfc600e66106591a9839012e433c8d54fefbc37ecb08286ed07f88e8,612,NB_ETAGE,,,UNAVAILABLE,True,missing_value,not_a_text_check,"[""NN-128""]",,[],,[],False,False
IMB,18,d32587b1dfc600e66106591a9839012e433c8d54fefbc37ecb08286ed07f88e8,612,COL_MONTANTE,,,UNAVAILABLE,True,missing_value,not_a_text_check,"[""NN-128""]",,[],,[],False,False
IMB,18,d32587b1dfc600e66106591a9839012e433c8d54fefbc37ecb08286ed07f88e8,612,SOUS_SOL,,,UNAVAILABLE,True,missing_value,not_a_text_check,"[""NN-128""]",,[],,[],False,False
IMB,18,d32587b1dfc600e66106591a9839012e433c8d54fefbc37ecb08286ed07f88e8,612,SOUS_SOL_COMMUN,,,UNAVAILABLE,True,missing_value,not_a_text_check,"[""NN-128""]",,[],,[],False,False
IMB,18,d32587b1dfc600e66106591a9839012e433c8d54fefbc37ecb08286ed07f88e8,612,BPE_CODE,,,UNAVAILABLE,True,missing_value,not_a_text_check,"[""NN-128""]",,[],,[],False,False
IMB,18,d32587b1dfc600e66106591a9839012e433c8d54fefbc37ecb08286ed07f88e8,612,X,12543868.910171367,12543868.910171367,DWG_DERIVED:GEODATA+direct-CRS-transform,False,exact,not_a_text_check,"[""NN-128""]",,[],,[],False,False
IMB,18,d32587b1dfc600e66106591a9839012e433c8d54fefbc37ecb08286ed07f88e8,612,Y,-821503.8011171136,-821503.8011171136,DWG_DERIVED:GEODATA+direct-CRS-transform,False,exact,not_a_text_check,"[""NN-128""]",,[],,[],False,False
IMB,18,d32587b1dfc600e66106591a9839012e433c8d54fefbc37ecb08286ed07f88e8,612,display_label,NN-128,NN-128,DWG_DIRECT:text|RULE:AI-IMB-LABEL-001,False,exact,exact,"[""NN-128""]",,[],,[],False,False
IMB,19,d49794fa474bddb8a98c8d8579068c1460703c589736c8449284cfbe52d5aaeb,592,CODE,NN-3,NN-3,DWG_DIRECT:text|RULE:AI-IMB-CODE-001,False,exact,exact,"[""NN-3""]",,[],,[],False,False
IMB,19,d49794fa474bddb8a98c8d8579068c1460703c589736c8449284cfbe52d5aaeb,592,REF_PLAQUE,,,UNAVAILABLE,True,missing_value,not_a_text_check,"[""NN-3""]",,[],,[],False,False
IMB,19,d49794fa474bddb8a98c8d8579068c1460703c589736c8449284cfbe52d5aaeb,592,REGION,,,UNAVAILABLE,True,missing_value,not_a_text_check,"[""NN-3""]",,[],,[],False,False
IMB,19,d49794fa474bddb8a98c8d8579068c1460703c589736c8449284cfbe52d5aaeb,592,PROVINCE,,,UNAVAILABLE,True,missing_value,not_a_text_check,"[""NN-3""]",,[],,[],False,False
IMB,19,d49794fa474bddb8a98c8d8579068c1460703c589736c8449284cfbe52d5aaeb,592,VILLE,,,UNAVAILABLE,True,missing_value,not_a_text_check,"[""NN-3""]",,[],,[],False,False
IMB,19,d49794fa474bddb8a98c8d8579068c1460703c589736c8449284cfbe52d5aaeb,592,COMMUNE,,,UNAVAILABLE,True,missing_value,not_a_text_check,"[""NN-3""]",,[],,[],False,False
IMB,19,d49794fa474bddb8a98c8d8579068c1460703c589736c8449284cfbe52d5aaeb,592,CODE_POSTAL,,,UNAVAILABLE,True,missing_value,not_a_text_check,"[""NN-3""]",,[],,[],False,False
IMB,19,d49794fa474bddb8a98c8d8579068c1460703c589736c8449284cfbe52d5aaeb,592,NUMERO_VOIE,,,UNAVAILABLE,True,missing_value,not_a_text_check,"[""NN-3""]",,[],,[],False,False
IMB,19,d49794fa474bddb8a98c8d8579068c1460703c589736c8449284cfbe52d5aaeb,592,TYPE_VOIE,,,UNAVAILABLE,True,missing_value,not_a_text_check,"[""NN-3""]",,[],,[],False,False
IMB,19,d49794fa474bddb8a98c8d8579068c1460703c589736c8449284cfbe52d5aaeb,592,TYPE_BATIMENT,,,UNAVAILABLE,True,missing_value,not_a_text_check,"[""NN-3""]",,[],,[],False,False
IMB,19,d49794fa474bddb8a98c8d8579068c1460703c589736c8449284cfbe52d5aaeb,592,TYPE_CLIENT,,,UNAVAILABLE,True,missing_value,not_a_text_check,"[""NN-3""]",,[],,[],False,False
IMB,19,d49794fa474bddb8a98c8d8579068c1460703c589736c8449284cfbe52d5aaeb,592,NB_LOC_RES,,,UNAVAILABLE,True,missing_value,not_a_text_check,"[""NN-3""]",,[],,[],False,False
IMB,19,d49794fa474bddb8a98c8d8579068c1460703c589736c8449284cfbe52d5aaeb,592,NB_LOC_PRO,,,UNAVAILABLE,True,missing_value,not_a_text_check,"[""NN-3""]",,[],,[],False,False
IMB,19,d49794fa474bddb8a98c8d8579068c1460703c589736c8449284cfbe52d5aaeb,592,NB_LOC_TOT,,,UNAVAILABLE,True,missing_value,not_a_text_check,"[""NN-3""]",,[],,[],False,False
IMB,19,d49794fa474bddb8a98c8d8579068c1460703c589736c8449284cfbe52d5aaeb,592,RACCORDEMENT,,,UNAVAILABLE,True,missing_value,not_a_text_check,"[""NN-3""]",,[],,[],False,False
IMB,19,d49794fa474bddb8a98c8d8579068c1460703c589736c8449284cfbe52d5aaeb,592,STATUT,,,UNAVAILABLE,True,missing_value,not_a_text_check,"[""NN-3""]",,[],,[],False,False
IMB,19,d49794fa474bddb8a98c8d8579068c1460703c589736c8449284cfbe52d5aaeb,592,NB_ETAGE,,,UNAVAILABLE,True,missing_value,not_a_text_check,"[""NN-3""]",,[],,[],False,False
IMB,19,d49794fa474bddb8a98c8d8579068c1460703c589736c8449284cfbe52d5aaeb,592,COL_MONTANTE,,,UNAVAILABLE,True,missing_value,not_a_text_check,"[""NN-3""]",,[],,[],False,False
IMB,19,d49794fa474bddb8a98c8d8579068c1460703c589736c8449284cfbe52d5aaeb,592,SOUS_SOL,,,UNAVAILABLE,True,missing_value,not_a_text_check,"[""NN-3""]",,[],,[],False,False
IMB,19,d49794fa474bddb8a98c8d8579068c1460703c589736c8449284cfbe52d5aaeb,592,SOUS_SOL_COMMUN,,,UNAVAILABLE,True,missing_value,not_a_text_check,"[""NN-3""]",,[],,[],False,False
IMB,19,d49794fa474bddb8a98c8d8579068c1460703c589736c8449284cfbe52d5aaeb,592,BPE_CODE,,,UNAVAILABLE,True,missing_value,not_a_text_check,"[""NN-3""]",,[],,[],False,False
IMB,19,d49794fa474bddb8a98c8d8579068c1460703c589736c8449284cfbe52d5aaeb,592,X,12543586.281177215,12543586.281177215,DWG_DERIVED:GEODATA+direct-CRS-transform,False,exact,not_a_text_check,"[""NN-3""]",,[],,[],False,False
IMB,19,d49794fa474bddb8a98c8d8579068c1460703c589736c8449284cfbe52d5aaeb,592,Y,-821599.9171024816,-821599.9171024816,DWG_DERIVED:GEODATA+direct-CRS-transform,False,exact,not_a_text_check,"[""NN-3""]",,[],,[],False,False
IMB,19,d49794fa474bddb8a98c8d8579068c1460703c589736c8449284cfbe52d5aaeb,592,display_label,NN-3,NN-3,DWG_DIRECT:text|RULE:AI-IMB-LABEL-001,False,exact,exact,"[""NN-3""]",,[],,[],False,False
IMB,20,e231b107f6b35a143d6d6f68781ade8b6499f1490839c4e7a5a4755ecef90598,594,CODE,NN-5,NN-5,DWG_DIRECT:text|RULE:AI-IMB-CODE-001,False,exact,exact,"[""NN-5""]",,[],,[],False,False
IMB,20,e231b107f6b35a143d6d6f68781ade8b6499f1490839c4e7a5a4755ecef90598,594,REF_PLAQUE,,,UNAVAILABLE,True,missing_value,not_a_text_check,"[""NN-5""]",,[],,[],False,False
IMB,20,e231b107f6b35a143d6d6f68781ade8b6499f1490839c4e7a5a4755ecef90598,594,REGION,,,UNAVAILABLE,True,missing_value,not_a_text_check,"[""NN-5""]",,[],,[],False,False
IMB,20,e231b107f6b35a143d6d6f68781ade8b6499f1490839c4e7a5a4755ecef90598,594,PROVINCE,,,UNAVAILABLE,True,missing_value,not_a_text_check,"[""NN-5""]",,[],,[],False,False
IMB,20,e231b107f6b35a143d6d6f68781ade8b6499f1490839c4e7a5a4755ecef90598,594,VILLE,,,UNAVAILABLE,True,missing_value,not_a_text_check,"[""NN-5""]",,[],,[],False,False
IMB,20,e231b107f6b35a143d6d6f68781ade8b6499f1490839c4e7a5a4755ecef90598,594,COMMUNE,,,UNAVAILABLE,True,missing_value,not_a_text_check,"[""NN-5""]",,[],,[],False,False
IMB,20,e231b107f6b35a143d6d6f68781ade8b6499f1490839c4e7a5a4755ecef90598,594,CODE_POSTAL,,,UNAVAILABLE,True,missing_value,not_a_text_check,"[""NN-5""]",,[],,[],False,False
IMB,20,e231b107f6b35a143d6d6f68781ade8b6499f1490839c4e7a5a4755ecef90598,594,NUMERO_VOIE,,,UNAVAILABLE,True,missing_value,not_a_text_check,"[""NN-5""]",,[],,[],False,False
IMB,20,e231b107f6b35a143d6d6f68781ade8b6499f1490839c4e7a5a4755ecef90598,594,TYPE_VOIE,,,UNAVAILABLE,True,missing_value,not_a_text_check,"[""NN-5""]",,[],,[],False,False
IMB,20,e231b107f6b35a143d6d6f68781ade8b6499f1490839c4e7a5a4755ecef90598,594,TYPE_BATIMENT,,,UNAVAILABLE,True,missing_value,not_a_text_check,"[""NN-5""]",,[],,[],False,False
IMB,20,e231b107f6b35a143d6d6f68781ade8b6499f1490839c4e7a5a4755ecef90598,594,TYPE_CLIENT,,,UNAVAILABLE,True,missing_value,not_a_text_check,"[""NN-5""]",,[],,[],False,False
IMB,20,e231b107f6b35a143d6d6f68781ade8b6499f1490839c4e7a5a4755ecef90598,594,NB_LOC_RES,,,UNAVAILABLE,True,missing_value,not_a_text_check,"[""NN-5""]",,[],,[],False,False
IMB,20,e231b107f6b35a143d6d6f68781ade8b6499f1490839c4e7a5a4755ecef90598,594,NB_LOC_PRO,,,UNAVAILABLE,True,missing_value,not_a_text_check,"[""NN-5""]",,[],,[],False,False
IMB,20,e231b107f6b35a143d6d6f68781ade8b6499f1490839c4e7a5a4755ecef90598,594,NB_LOC_TOT,,,UNAVAILABLE,True,missing_value,not_a_text_check,"[""NN-5""]",,[],,[],False,False
IMB,20,e231b107f6b35a143d6d6f68781ade8b6499f1490839c4e7a5a4755ecef90598,594,RACCORDEMENT,,,UNAVAILABLE,True,missing_value,not_a_text_check,"[""NN-5""]",,[],,[],False,False
IMB,20,e231b107f6b35a143d6d6f68781ade8b6499f1490839c4e7a5a4755ecef90598,594,STATUT,,,UNAVAILABLE,True,missing_value,not_a_text_check,"[""NN-5""]",,[],,[],False,False
IMB,20,e231b107f6b35a143d6d6f68781ade8b6499f1490839c4e7a5a4755ecef90598,594,NB_ETAGE,,,UNAVAILABLE,True,missing_value,not_a_text_check,"[""NN-5""]",,[],,[],False,False
IMB,20,e231b107f6b35a143d6d6f68781ade8b6499f1490839c4e7a5a4755ecef90598,594,COL_MONTANTE,,,UNAVAILABLE,True,missing_value,not_a_text_check,"[""NN-5""]",,[],,[],False,False
IMB,20,e231b107f6b35a143d6d6f68781ade8b6499f1490839c4e7a5a4755ecef90598,594,SOUS_SOL,,,UNAVAILABLE,True,missing_value,not_a_text_check,"[""NN-5""]",,[],,[],False,False
IMB,20,e231b107f6b35a143d6d6f68781ade8b6499f1490839c4e7a5a4755ecef90598,594,SOUS_SOL_COMMUN,,,UNAVAILABLE,True,missing_value,not_a_text_check,"[""NN-5""]",,[],,[],False,False
IMB,20,e231b107f6b35a143d6d6f68781ade8b6499f1490839c4e7a5a4755ecef90598,594,BPE_CODE,,,UNAVAILABLE,True,missing_value,not_a_text_check,"[""NN-5""]",,[],,[],False,False
IMB,20,e231b107f6b35a143d6d6f68781ade8b6499f1490839c4e7a5a4755ecef90598,594,X,12543600.336852595,12543600.336852595,DWG_DERIVED:GEODATA+direct-CRS-transform,False,exact,not_a_text_check,"[""NN-5""]",,[],,[],False,False
IMB,20,e231b107f6b35a143d6d6f68781ade8b6499f1490839c4e7a5a4755ecef90598,594,Y,-821568.7055086589,-821568.7055086589,DWG_DERIVED:GEODATA+direct-CRS-transform,False,exact,not_a_text_check,"[""NN-5""]",,[],,[],False,False
IMB,20,e231b107f6b35a143d6d6f68781ade8b6499f1490839c4e7a5a4755ecef90598,594,display_label,NN-5,NN-5,DWG_DIRECT:text|RULE:AI-IMB-LABEL-001,False,exact,exact,"[""NN-5""]",,[],,[],False,False
IMB,21,034b1dea1882c8210edd78b8544c6919f6fbd3b1c80229cd0bba0dedde0c4947,602,CODE,NN-112,NN-112,DWG_DIRECT:text|RULE:AI-IMB-CODE-001,False,exact,exact,"[""NN-112""]",,[],,[],False,False
IMB,21,034b1dea1882c8210edd78b8544c6919f6fbd3b1c80229cd0bba0dedde0c4947,602,REF_PLAQUE,,,UNAVAILABLE,True,missing_value,not_a_text_check,"[""NN-112""]",,[],,[],False,False
IMB,21,034b1dea1882c8210edd78b8544c6919f6fbd3b1c80229cd0bba0dedde0c4947,602,REGION,,,UNAVAILABLE,True,missing_value,not_a_text_check,"[""NN-112""]",,[],,[],False,False
IMB,21,034b1dea1882c8210edd78b8544c6919f6fbd3b1c80229cd0bba0dedde0c4947,602,PROVINCE,,,UNAVAILABLE,True,missing_value,not_a_text_check,"[""NN-112""]",,[],,[],False,False
IMB,21,034b1dea1882c8210edd78b8544c6919f6fbd3b1c80229cd0bba0dedde0c4947,602,VILLE,,,UNAVAILABLE,True,missing_value,not_a_text_check,"[""NN-112""]",,[],,[],False,False
IMB,21,034b1dea1882c8210edd78b8544c6919f6fbd3b1c80229cd0bba0dedde0c4947,602,COMMUNE,,,UNAVAILABLE,True,missing_value,not_a_text_check,"[""NN-112""]",,[],,[],False,False
IMB,21,034b1dea1882c8210edd78b8544c6919f6fbd3b1c80229cd0bba0dedde0c4947,602,CODE_POSTAL,,,UNAVAILABLE,True,missing_value,not_a_text_check,"[""NN-112""]",,[],,[],False,False
IMB,21,034b1dea1882c8210edd78b8544c6919f6fbd3b1c80229cd0bba0dedde0c4947,602,NUMERO_VOIE,,,UNAVAILABLE,True,missing_value,not_a_text_check,"[""NN-112""]",,[],,[],False,False
IMB,21,034b1dea1882c8210edd78b8544c6919f6fbd3b1c80229cd0bba0dedde0c4947,602,TYPE_VOIE,,,UNAVAILABLE,True,missing_value,not_a_text_check,"[""NN-112""]",,[],,[],False,False
IMB,21,034b1dea1882c8210edd78b8544c6919f6fbd3b1c80229cd0bba0dedde0c4947,602,TYPE_BATIMENT,,,UNAVAILABLE,True,missing_value,not_a_text_check,"[""NN-112""]",,[],,[],False,False
IMB,21,034b1dea1882c8210edd78b8544c6919f6fbd3b1c80229cd0bba0dedde0c4947,602,TYPE_CLIENT,,,UNAVAILABLE,True,missing_value,not_a_text_check,"[""NN-112""]",,[],,[],False,False
IMB,21,034b1dea1882c8210edd78b8544c6919f6fbd3b1c80229cd0bba0dedde0c4947,602,NB_LOC_RES,,,UNAVAILABLE,True,missing_value,not_a_text_check,"[""NN-112""]",,[],,[],False,False
IMB,21,034b1dea1882c8210edd78b8544c6919f6fbd3b1c80229cd0bba0dedde0c4947,602,NB_LOC_PRO,,,UNAVAILABLE,True,missing_value,not_a_text_check,"[""NN-112""]",,[],,[],False,False
IMB,21,034b1dea1882c8210edd78b8544c6919f6fbd3b1c80229cd0bba0dedde0c4947,602,NB_LOC_TOT,,,UNAVAILABLE,True,missing_value,not_a_text_check,"[""NN-112""]",,[],,[],False,False
IMB,21,034b1dea1882c8210edd78b8544c6919f6fbd3b1c80229cd0bba0dedde0c4947,602,RACCORDEMENT,,,UNAVAILABLE,True,missing_value,not_a_text_check,"[""NN-112""]",,[],,[],False,False
IMB,21,034b1dea1882c8210edd78b8544c6919f6fbd3b1c80229cd0bba0dedde0c4947,602,STATUT,,,UNAVAILABLE,True,missing_value,not_a_text_check,"[""NN-112""]",,[],,[],False,False
IMB,21,034b1dea1882c8210edd78b8544c6919f6fbd3b1c80229cd0bba0dedde0c4947,602,NB_ETAGE,,,UNAVAILABLE,True,missing_value,not_a_text_check,"[""NN-112""]",,[],,[],False,False
IMB,21,034b1dea1882c8210edd78b8544c6919f6fbd3b1c80229cd0bba0dedde0c4947,602,COL_MONTANTE,,,UNAVAILABLE,True,missing_value,not_a_text_check,"[""NN-112""]",,[],,[],False,False
IMB,21,034b1dea1882c8210edd78b8544c6919f6fbd3b1c80229cd0bba0dedde0c4947,602,SOUS_SOL,,,UNAVAILABLE,True,missing_value,not_a_text_check,"[""NN-112""]",,[],,[],False,False
IMB,21,034b1dea1882c8210edd78b8544c6919f6fbd3b1c80229cd0bba0dedde0c4947,602,SOUS_SOL_COMMUN,,,UNAVAILABLE,True,missing_value,not_a_text_check,"[""NN-112""]",,[],,[],False,False
IMB,21,034b1dea1882c8210edd78b8544c6919f6fbd3b1c80229cd0bba0dedde0c4947,602,BPE_CODE,,,UNAVAILABLE,True,missing_value,not_a_text_check,"[""NN-112""]",,[],,[],False,False
IMB,21,034b1dea1882c8210edd78b8544c6919f6fbd3b1c80229cd0bba0dedde0c4947,602,X,12543735.525064955,12543735.525064955,DWG_DERIVED:GEODATA+direct-CRS-transform,False,exact,not_a_text_check,"[""NN-112""]",,[],,[],False,False
IMB,21,034b1dea1882c8210edd78b8544c6919f6fbd3b1c80229cd0bba0dedde0c4947,602,Y,-821483.8866949436,-821483.8866949436,DWG_DERIVED:GEODATA+direct-CRS-transform,False,exact,not_a_text_check,"[""NN-112""]",,[],,[],False,False
IMB,21,034b1dea1882c8210edd78b8544c6919f6fbd3b1c80229cd0bba0dedde0c4947,602,display_label,NN-112,NN-112,DWG_DIRECT:text|RULE:AI-IMB-LABEL-001,False,exact,exact,"[""NN-112""]",,[],,[],False,False
IMB,22,b7d6a563ebb57e0216eddf0dfc195184ebea5f903d4474a85ffa25d43333f46f,5FA,CODE,NN-104,NN-104,DWG_DIRECT:text|RULE:AI-IMB-CODE-001,False,exact,exact,"[""NN-104""]",,[],,[],False,False
IMB,22,b7d6a563ebb57e0216eddf0dfc195184ebea5f903d4474a85ffa25d43333f46f,5FA,REF_PLAQUE,,,UNAVAILABLE,True,missing_value,not_a_text_check,"[""NN-104""]",,[],,[],False,False
IMB,22,b7d6a563ebb57e0216eddf0dfc195184ebea5f903d4474a85ffa25d43333f46f,5FA,REGION,,,UNAVAILABLE,True,missing_value,not_a_text_check,"[""NN-104""]",,[],,[],False,False
IMB,22,b7d6a563ebb57e0216eddf0dfc195184ebea5f903d4474a85ffa25d43333f46f,5FA,PROVINCE,,,UNAVAILABLE,True,missing_value,not_a_text_check,"[""NN-104""]",,[],,[],False,False
IMB,22,b7d6a563ebb57e0216eddf0dfc195184ebea5f903d4474a85ffa25d43333f46f,5FA,VILLE,,,UNAVAILABLE,True,missing_value,not_a_text_check,"[""NN-104""]",,[],,[],False,False
IMB,22,b7d6a563ebb57e0216eddf0dfc195184ebea5f903d4474a85ffa25d43333f46f,5FA,COMMUNE,,,UNAVAILABLE,True,missing_value,not_a_text_check,"[""NN-104""]",,[],,[],False,False
IMB,22,b7d6a563ebb57e0216eddf0dfc195184ebea5f903d4474a85ffa25d43333f46f,5FA,CODE_POSTAL,,,UNAVAILABLE,True,missing_value,not_a_text_check,"[""NN-104""]",,[],,[],False,False
IMB,22,b7d6a563ebb57e0216eddf0dfc195184ebea5f903d4474a85ffa25d43333f46f,5FA,NUMERO_VOIE,,,UNAVAILABLE,True,missing_value,not_a_text_check,"[""NN-104""]",,[],,[],False,False
IMB,22,b7d6a563ebb57e0216eddf0dfc195184ebea5f903d4474a85ffa25d43333f46f,5FA,TYPE_VOIE,,,UNAVAILABLE,True,missing_value,not_a_text_check,"[""NN-104""]",,[],,[],False,False
IMB,22,b7d6a563ebb57e0216eddf0dfc195184ebea5f903d4474a85ffa25d43333f46f,5FA,TYPE_BATIMENT,,,UNAVAILABLE,True,missing_value,not_a_text_check,"[""NN-104""]",,[],,[],False,False
IMB,22,b7d6a563ebb57e0216eddf0dfc195184ebea5f903d4474a85ffa25d43333f46f,5FA,TYPE_CLIENT,,,UNAVAILABLE,True,missing_value,not_a_text_check,"[""NN-104""]",,[],,[],False,False
IMB,22,b7d6a563ebb57e0216eddf0dfc195184ebea5f903d4474a85ffa25d43333f46f,5FA,NB_LOC_RES,,,UNAVAILABLE,True,missing_value,not_a_text_check,"[""NN-104""]",,[],,[],False,False
IMB,22,b7d6a563ebb57e0216eddf0dfc195184ebea5f903d4474a85ffa25d43333f46f,5FA,NB_LOC_PRO,,,UNAVAILABLE,True,missing_value,not_a_text_check,"[""NN-104""]",,[],,[],False,False
IMB,22,b7d6a563ebb57e0216eddf0dfc195184ebea5f903d4474a85ffa25d43333f46f,5FA,NB_LOC_TOT,,,UNAVAILABLE,True,missing_value,not_a_text_check,"[""NN-104""]",,[],,[],False,False
IMB,22,b7d6a563ebb57e0216eddf0dfc195184ebea5f903d4474a85ffa25d43333f46f,5FA,RACCORDEMENT,,,UNAVAILABLE,True,missing_value,not_a_text_check,"[""NN-104""]",,[],,[],False,False
IMB,22,b7d6a563ebb57e0216eddf0dfc195184ebea5f903d4474a85ffa25d43333f46f,5FA,STATUT,,,UNAVAILABLE,True,missing_value,not_a_text_check,"[""NN-104""]",,[],,[],False,False
IMB,22,b7d6a563ebb57e0216eddf0dfc195184ebea5f903d4474a85ffa25d43333f46f,5FA,NB_ETAGE,,,UNAVAILABLE,True,missing_value,not_a_text_check,"[""NN-104""]",,[],,[],False,False
IMB,22,b7d6a563ebb57e0216eddf0dfc195184ebea5f903d4474a85ffa25d43333f46f,5FA,COL_MONTANTE,,,UNAVAILABLE,True,missing_value,not_a_text_check,"[""NN-104""]",,[],,[],False,False
IMB,22,b7d6a563ebb57e0216eddf0dfc195184ebea5f903d4474a85ffa25d43333f46f,5FA,SOUS_SOL,,,UNAVAILABLE,True,missing_value,not_a_text_check,"[""NN-104""]",,[],,[],False,False
IMB,22,b7d6a563ebb57e0216eddf0dfc195184ebea5f903d4474a85ffa25d43333f46f,5FA,SOUS_SOL_COMMUN,,,UNAVAILABLE,True,missing_value,not_a_text_check,"[""NN-104""]",,[],,[],False,False
IMB,22,b7d6a563ebb57e0216eddf0dfc195184ebea5f903d4474a85ffa25d43333f46f,5FA,BPE_CODE,,,UNAVAILABLE,True,missing_value,not_a_text_check,"[""NN-104""]",,[],,[],False,False
IMB,22,b7d6a563ebb57e0216eddf0dfc195184ebea5f903d4474a85ffa25d43333f46f,5FA,X,12543638.714705018,12543638.714705018,DWG_DERIVED:GEODATA+direct-CRS-transform,False,exact,not_a_text_check,"[""NN-104""]",,[],,[],False,False
IMB,22,b7d6a563ebb57e0216eddf0dfc195184ebea5f903d4474a85ffa25d43333f46f,5FA,Y,-821477.4581575193,-821477.4581575193,DWG_DERIVED:GEODATA+direct-CRS-transform,False,exact,not_a_text_check,"[""NN-104""]",,[],,[],False,False
IMB,22,b7d6a563ebb57e0216eddf0dfc195184ebea5f903d4474a85ffa25d43333f46f,5FA,display_label,NN-104,NN-104,DWG_DIRECT:text|RULE:AI-IMB-LABEL-001,False,exact,exact,"[""NN-104""]",,[],,[],False,False
IMB,23,16725c36b10043fbc881504e1ee99c6f1cf768fb035f4f9ee3392520c91b93ce,5EF,CODE,NN-93,NN-93,DWG_DIRECT:text|RULE:AI-IMB-CODE-001,False,exact,exact,"[""NN-93""]",,[],,[],False,False
IMB,23,16725c36b10043fbc881504e1ee99c6f1cf768fb035f4f9ee3392520c91b93ce,5EF,REF_PLAQUE,,,UNAVAILABLE,True,missing_value,not_a_text_check,"[""NN-93""]",,[],,[],False,False
IMB,23,16725c36b10043fbc881504e1ee99c6f1cf768fb035f4f9ee3392520c91b93ce,5EF,REGION,,,UNAVAILABLE,True,missing_value,not_a_text_check,"[""NN-93""]",,[],,[],False,False
IMB,23,16725c36b10043fbc881504e1ee99c6f1cf768fb035f4f9ee3392520c91b93ce,5EF,PROVINCE,,,UNAVAILABLE,True,missing_value,not_a_text_check,"[""NN-93""]",,[],,[],False,False
IMB,23,16725c36b10043fbc881504e1ee99c6f1cf768fb035f4f9ee3392520c91b93ce,5EF,VILLE,,,UNAVAILABLE,True,missing_value,not_a_text_check,"[""NN-93""]",,[],,[],False,False
IMB,23,16725c36b10043fbc881504e1ee99c6f1cf768fb035f4f9ee3392520c91b93ce,5EF,COMMUNE,,,UNAVAILABLE,True,missing_value,not_a_text_check,"[""NN-93""]",,[],,[],False,False
IMB,23,16725c36b10043fbc881504e1ee99c6f1cf768fb035f4f9ee3392520c91b93ce,5EF,CODE_POSTAL,,,UNAVAILABLE,True,missing_value,not_a_text_check,"[""NN-93""]",,[],,[],False,False
IMB,23,16725c36b10043fbc881504e1ee99c6f1cf768fb035f4f9ee3392520c91b93ce,5EF,NUMERO_VOIE,,,UNAVAILABLE,True,missing_value,not_a_text_check,"[""NN-93""]",,[],,[],False,False
IMB,23,16725c36b10043fbc881504e1ee99c6f1cf768fb035f4f9ee3392520c91b93ce,5EF,TYPE_VOIE,,,UNAVAILABLE,True,missing_value,not_a_text_check,"[""NN-93""]",,[],,[],False,False
IMB,23,16725c36b10043fbc881504e1ee99c6f1cf768fb035f4f9ee3392520c91b93ce,5EF,TYPE_BATIMENT,,,UNAVAILABLE,True,missing_value,not_a_text_check,"[""NN-93""]",,[],,[],False,False
IMB,23,16725c36b10043fbc881504e1ee99c6f1cf768fb035f4f9ee3392520c91b93ce,5EF,TYPE_CLIENT,,,UNAVAILABLE,True,missing_value,not_a_text_check,"[""NN-93""]",,[],,[],False,False
IMB,23,16725c36b10043fbc881504e1ee99c6f1cf768fb035f4f9ee3392520c91b93ce,5EF,NB_LOC_RES,,,UNAVAILABLE,True,missing_value,not_a_text_check,"[""NN-93""]",,[],,[],False,False
IMB,23,16725c36b10043fbc881504e1ee99c6f1cf768fb035f4f9ee3392520c91b93ce,5EF,NB_LOC_PRO,,,UNAVAILABLE,True,missing_value,not_a_text_check,"[""NN-93""]",,[],,[],False,False
IMB,23,16725c36b10043fbc881504e1ee99c6f1cf768fb035f4f9ee3392520c91b93ce,5EF,NB_LOC_TOT,,,UNAVAILABLE,True,missing_value,not_a_text_check,"[""NN-93""]",,[],,[],False,False
IMB,23,16725c36b10043fbc881504e1ee99c6f1cf768fb035f4f9ee3392520c91b93ce,5EF,RACCORDEMENT,,,UNAVAILABLE,True,missing_value,not_a_text_check,"[""NN-93""]",,[],,[],False,False
IMB,23,16725c36b10043fbc881504e1ee99c6f1cf768fb035f4f9ee3392520c91b93ce,5EF,STATUT,,,UNAVAILABLE,True,missing_value,not_a_text_check,"[""NN-93""]",,[],,[],False,False
IMB,23,16725c36b10043fbc881504e1ee99c6f1cf768fb035f4f9ee3392520c91b93ce,5EF,NB_ETAGE,,,UNAVAILABLE,True,missing_value,not_a_text_check,"[""NN-93""]",,[],,[],False,False
IMB,23,16725c36b10043fbc881504e1ee99c6f1cf768fb035f4f9ee3392520c91b93ce,5EF,COL_MONTANTE,,,UNAVAILABLE,True,missing_value,not_a_text_check,"[""NN-93""]",,[],,[],False,False
IMB,23,16725c36b10043fbc881504e1ee99c6f1cf768fb035f4f9ee3392520c91b93ce,5EF,SOUS_SOL,,,UNAVAILABLE,True,missing_value,not_a_text_check,"[""NN-93""]",,[],,[],False,False
IMB,23,16725c36b10043fbc881504e1ee99c6f1cf768fb035f4f9ee3392520c91b93ce,5EF,SOUS_SOL_COMMUN,,,UNAVAILABLE,True,missing_value,not_a_text_check,"[""NN-93""]",,[],,[],False,False
IMB,23,16725c36b10043fbc881504e1ee99c6f1cf768fb035f4f9ee3392520c91b93ce,5EF,BPE_CODE,,,UNAVAILABLE,True,missing_value,not_a_text_check,"[""NN-93""]",,[],,[],False,False
IMB,23,16725c36b10043fbc881504e1ee99c6f1cf768fb035f4f9ee3392520c91b93ce,5EF,X,12543688.678374294,12543688.678374294,DWG_DERIVED:GEODATA+direct-CRS-transform,False,exact,not_a_text_check,"[""NN-93""]",,[],,[],False,False
IMB,23,16725c36b10043fbc881504e1ee99c6f1cf768fb035f4f9ee3392520c91b93ce,5EF,Y,-821531.6440232728,-821531.6440232728,DWG_DERIVED:GEODATA+direct-CRS-transform,False,exact,not_a_text_check,"[""NN-93""]",,[],,[],False,False
IMB,23,16725c36b10043fbc881504e1ee99c6f1cf768fb035f4f9ee3392520c91b93ce,5EF,display_label,NN-93,NN-93,DWG_DIRECT:text|RULE:AI-IMB-LABEL-001,False,exact,exact,"[""NN-93""]",,[],,[],False,False
IMB,24,854a7dc1cf7d5355aa93a8d4fd943afe9a0f915f4820b98e4e17b250f9b26b48,5C1,CODE,NN-50,NN-50,DWG_DIRECT:text|RULE:AI-IMB-CODE-001,False,exact,exact,"[""NN-50""]",,[],,[],False,False
IMB,24,854a7dc1cf7d5355aa93a8d4fd943afe9a0f915f4820b98e4e17b250f9b26b48,5C1,REF_PLAQUE,,,UNAVAILABLE,True,missing_value,not_a_text_check,"[""NN-50""]",,[],,[],False,False
IMB,24,854a7dc1cf7d5355aa93a8d4fd943afe9a0f915f4820b98e4e17b250f9b26b48,5C1,REGION,,,UNAVAILABLE,True,missing_value,not_a_text_check,"[""NN-50""]",,[],,[],False,False
IMB,24,854a7dc1cf7d5355aa93a8d4fd943afe9a0f915f4820b98e4e17b250f9b26b48,5C1,PROVINCE,,,UNAVAILABLE,True,missing_value,not_a_text_check,"[""NN-50""]",,[],,[],False,False
IMB,24,854a7dc1cf7d5355aa93a8d4fd943afe9a0f915f4820b98e4e17b250f9b26b48,5C1,VILLE,,,UNAVAILABLE,True,missing_value,not_a_text_check,"[""NN-50""]",,[],,[],False,False
IMB,24,854a7dc1cf7d5355aa93a8d4fd943afe9a0f915f4820b98e4e17b250f9b26b48,5C1,COMMUNE,,,UNAVAILABLE,True,missing_value,not_a_text_check,"[""NN-50""]",,[],,[],False,False
IMB,24,854a7dc1cf7d5355aa93a8d4fd943afe9a0f915f4820b98e4e17b250f9b26b48,5C1,CODE_POSTAL,,,UNAVAILABLE,True,missing_value,not_a_text_check,"[""NN-50""]",,[],,[],False,False
IMB,24,854a7dc1cf7d5355aa93a8d4fd943afe9a0f915f4820b98e4e17b250f9b26b48,5C1,NUMERO_VOIE,,,UNAVAILABLE,True,missing_value,not_a_text_check,"[""NN-50""]",,[],,[],False,False
IMB,24,854a7dc1cf7d5355aa93a8d4fd943afe9a0f915f4820b98e4e17b250f9b26b48,5C1,TYPE_VOIE,,,UNAVAILABLE,True,missing_value,not_a_text_check,"[""NN-50""]",,[],,[],False,False
IMB,24,854a7dc1cf7d5355aa93a8d4fd943afe9a0f915f4820b98e4e17b250f9b26b48,5C1,TYPE_BATIMENT,,,UNAVAILABLE,True,missing_value,not_a_text_check,"[""NN-50""]",,[],,[],False,False
IMB,24,854a7dc1cf7d5355aa93a8d4fd943afe9a0f915f4820b98e4e17b250f9b26b48,5C1,TYPE_CLIENT,,,UNAVAILABLE,True,missing_value,not_a_text_check,"[""NN-50""]",,[],,[],False,False
IMB,24,854a7dc1cf7d5355aa93a8d4fd943afe9a0f915f4820b98e4e17b250f9b26b48,5C1,NB_LOC_RES,,,UNAVAILABLE,True,missing_value,not_a_text_check,"[""NN-50""]",,[],,[],False,False
IMB,24,854a7dc1cf7d5355aa93a8d4fd943afe9a0f915f4820b98e4e17b250f9b26b48,5C1,NB_LOC_PRO,,,UNAVAILABLE,True,missing_value,not_a_text_check,"[""NN-50""]",,[],,[],False,False
IMB,24,854a7dc1cf7d5355aa93a8d4fd943afe9a0f915f4820b98e4e17b250f9b26b48,5C1,NB_LOC_TOT,,,UNAVAILABLE,True,missing_value,not_a_text_check,"[""NN-50""]",,[],,[],False,False
IMB,24,854a7dc1cf7d5355aa93a8d4fd943afe9a0f915f4820b98e4e17b250f9b26b48,5C1,RACCORDEMENT,,,UNAVAILABLE,True,missing_value,not_a_text_check,"[""NN-50""]",,[],,[],False,False
IMB,24,854a7dc1cf7d5355aa93a8d4fd943afe9a0f915f4820b98e4e17b250f9b26b48,5C1,STATUT,,,UNAVAILABLE,True,missing_value,not_a_text_check,"[""NN-50""]",,[],,[],False,False
IMB,24,854a7dc1cf7d5355aa93a8d4fd943afe9a0f915f4820b98e4e17b250f9b26b48,5C1,NB_ETAGE,,,UNAVAILABLE,True,missing_value,not_a_text_check,"[""NN-50""]",,[],,[],False,False
IMB,24,854a7dc1cf7d5355aa93a8d4fd943afe9a0f915f4820b98e4e17b250f9b26b48,5C1,COL_MONTANTE,,,UNAVAILABLE,True,missing_value,not_a_text_check,"[""NN-50""]",,[],,[],False,False
IMB,24,854a7dc1cf7d5355aa93a8d4fd943afe9a0f915f4820b98e4e17b250f9b26b48,5C1,SOUS_SOL,,,UNAVAILABLE,True,missing_value,not_a_text_check,"[""NN-50""]",,[],,[],False,False
IMB,24,854a7dc1cf7d5355aa93a8d4fd943afe9a0f915f4820b98e4e17b250f9b26b48,5C1,SOUS_SOL_COMMUN,,,UNAVAILABLE,True,missing_value,not_a_text_check,"[""NN-50""]",,[],,[],False,False
IMB,24,854a7dc1cf7d5355aa93a8d4fd943afe9a0f915f4820b98e4e17b250f9b26b48,5C1,BPE_CODE,,,UNAVAILABLE,True,missing_value,not_a_text_check,"[""NN-50""]",,[],,[],False,False
IMB,24,854a7dc1cf7d5355aa93a8d4fd943afe9a0f915f4820b98e4e17b250f9b26b48,5C1,X,12543665.761302443,12543665.761302443,DWG_DERIVED:GEODATA+direct-CRS-transform,False,exact,not_a_text_check,"[""NN-50""]",,[],,[],False,False
IMB,24,854a7dc1cf7d5355aa93a8d4fd943afe9a0f915f4820b98e4e17b250f9b26b48,5C1,Y,-821616.9242044117,-821616.9242044117,DWG_DERIVED:GEODATA+direct-CRS-transform,False,exact,not_a_text_check,"[""NN-50""]",,[],,[],False,False
IMB,24,854a7dc1cf7d5355aa93a8d4fd943afe9a0f915f4820b98e4e17b250f9b26b48,5C1,display_label,NN-50,NN-50,DWG_DIRECT:text|RULE:AI-IMB-LABEL-001,False,exact,exact,"[""NN-50""]",,[],,[],False,False
IMB,25,e87df99ff2e4548ab3ea7483e58dde2acf712a6fdad5d6eb437ee78b474fd83c,5A8,CODE,NN-25,NN-25,DWG_DIRECT:text|RULE:AI-IMB-CODE-001,False,exact,exact,"[""NN-25""]",,[],,[],False,False
IMB,25,e87df99ff2e4548ab3ea7483e58dde2acf712a6fdad5d6eb437ee78b474fd83c,5A8,REF_PLAQUE,,,UNAVAILABLE,True,missing_value,not_a_text_check,"[""NN-25""]",,[],,[],False,False
IMB,25,e87df99ff2e4548ab3ea7483e58dde2acf712a6fdad5d6eb437ee78b474fd83c,5A8,REGION,,,UNAVAILABLE,True,missing_value,not_a_text_check,"[""NN-25""]",,[],,[],False,False
IMB,25,e87df99ff2e4548ab3ea7483e58dde2acf712a6fdad5d6eb437ee78b474fd83c,5A8,PROVINCE,,,UNAVAILABLE,True,missing_value,not_a_text_check,"[""NN-25""]",,[],,[],False,False
IMB,25,e87df99ff2e4548ab3ea7483e58dde2acf712a6fdad5d6eb437ee78b474fd83c,5A8,VILLE,,,UNAVAILABLE,True,missing_value,not_a_text_check,"[""NN-25""]",,[],,[],False,False
IMB,25,e87df99ff2e4548ab3ea7483e58dde2acf712a6fdad5d6eb437ee78b474fd83c,5A8,COMMUNE,,,UNAVAILABLE,True,missing_value,not_a_text_check,"[""NN-25""]",,[],,[],False,False
IMB,25,e87df99ff2e4548ab3ea7483e58dde2acf712a6fdad5d6eb437ee78b474fd83c,5A8,CODE_POSTAL,,,UNAVAILABLE,True,missing_value,not_a_text_check,"[""NN-25""]",,[],,[],False,False
IMB,25,e87df99ff2e4548ab3ea7483e58dde2acf712a6fdad5d6eb437ee78b474fd83c,5A8,NUMERO_VOIE,,,UNAVAILABLE,True,missing_value,not_a_text_check,"[""NN-25""]",,[],,[],False,False
IMB,25,e87df99ff2e4548ab3ea7483e58dde2acf712a6fdad5d6eb437ee78b474fd83c,5A8,TYPE_VOIE,,,UNAVAILABLE,True,missing_value,not_a_text_check,"[""NN-25""]",,[],,[],False,False
IMB,25,e87df99ff2e4548ab3ea7483e58dde2acf712a6fdad5d6eb437ee78b474fd83c,5A8,TYPE_BATIMENT,,,UNAVAILABLE,True,missing_value,not_a_text_check,"[""NN-25""]",,[],,[],False,False
IMB,25,e87df99ff2e4548ab3ea7483e58dde2acf712a6fdad5d6eb437ee78b474fd83c,5A8,TYPE_CLIENT,,,UNAVAILABLE,True,missing_value,not_a_text_check,"[""NN-25""]",,[],,[],False,False
IMB,25,e87df99ff2e4548ab3ea7483e58dde2acf712a6fdad5d6eb437ee78b474fd83c,5A8,NB_LOC_RES,,,UNAVAILABLE,True,missing_value,not_a_text_check,"[""NN-25""]",,[],,[],False,False
IMB,25,e87df99ff2e4548ab3ea7483e58dde2acf712a6fdad5d6eb437ee78b474fd83c,5A8,NB_LOC_PRO,,,UNAVAILABLE,True,missing_value,not_a_text_check,"[""NN-25""]",,[],,[],False,False
IMB,25,e87df99ff2e4548ab3ea7483e58dde2acf712a6fdad5d6eb437ee78b474fd83c,5A8,NB_LOC_TOT,,,UNAVAILABLE,True,missing_value,not_a_text_check,"[""NN-25""]",,[],,[],False,False
IMB,25,e87df99ff2e4548ab3ea7483e58dde2acf712a6fdad5d6eb437ee78b474fd83c,5A8,RACCORDEMENT,,,UNAVAILABLE,True,missing_value,not_a_text_check,"[""NN-25""]",,[],,[],False,False
IMB,25,e87df99ff2e4548ab3ea7483e58dde2acf712a6fdad5d6eb437ee78b474fd83c,5A8,STATUT,,,UNAVAILABLE,True,missing_value,not_a_text_check,"[""NN-25""]",,[],,[],False,False
IMB,25,e87df99ff2e4548ab3ea7483e58dde2acf712a6fdad5d6eb437ee78b474fd83c,5A8,NB_ETAGE,,,UNAVAILABLE,True,missing_value,not_a_text_check,"[""NN-25""]",,[],,[],False,False
IMB,25,e87df99ff2e4548ab3ea7483e58dde2acf712a6fdad5d6eb437ee78b474fd83c,5A8,COL_MONTANTE,,,UNAVAILABLE,True,missing_value,not_a_text_check,"[""NN-25""]",,[],,[],False,False
IMB,25,e87df99ff2e4548ab3ea7483e58dde2acf712a6fdad5d6eb437ee78b474fd83c,5A8,SOUS_SOL,,,UNAVAILABLE,True,missing_value,not_a_text_check,"[""NN-25""]",,[],,[],False,False
IMB,25,e87df99ff2e4548ab3ea7483e58dde2acf712a6fdad5d6eb437ee78b474fd83c,5A8,SOUS_SOL_COMMUN,,,UNAVAILABLE,True,missing_value,not_a_text_check,"[""NN-25""]",,[],,[],False,False
IMB,25,e87df99ff2e4548ab3ea7483e58dde2acf712a6fdad5d6eb437ee78b474fd83c,5A8,BPE_CODE,,,UNAVAILABLE,True,missing_value,not_a_text_check,"[""NN-25""]",,[],,[],False,False
IMB,25,e87df99ff2e4548ab3ea7483e58dde2acf712a6fdad5d6eb437ee78b474fd83c,5A8,X,12543720.27427968,12543720.27427968,DWG_DERIVED:GEODATA+direct-CRS-transform,False,exact,not_a_text_check,"[""NN-25""]",,[],,[],False,False
IMB,25,e87df99ff2e4548ab3ea7483e58dde2acf712a6fdad5d6eb437ee78b474fd83c,5A8,Y,-821581.3049575487,-821581.3049575487,DWG_DERIVED:GEODATA+direct-CRS-transform,False,exact,not_a_text_check,"[""NN-25""]",,[],,[],False,False
IMB,25,e87df99ff2e4548ab3ea7483e58dde2acf712a6fdad5d6eb437ee78b474fd83c,5A8,display_label,NN-25,NN-25,DWG_DIRECT:text|RULE:AI-IMB-LABEL-001,False,exact,exact,"[""NN-25""]",,[],,[],False,False
IMB,26,fde7185866b2f3a8a00c3951fe60fce7f3b3b3cf3e31f25db4b72269ff3c7ec4,598,CODE,NN-9,NN-9,DWG_DIRECT:text|RULE:AI-IMB-CODE-001,False,exact,exact,"[""NN-9""]",,[],,[],False,False
IMB,26,fde7185866b2f3a8a00c3951fe60fce7f3b3b3cf3e31f25db4b72269ff3c7ec4,598,REF_PLAQUE,,,UNAVAILABLE,True,missing_value,not_a_text_check,"[""NN-9""]",,[],,[],False,False
IMB,26,fde7185866b2f3a8a00c3951fe60fce7f3b3b3cf3e31f25db4b72269ff3c7ec4,598,REGION,,,UNAVAILABLE,True,missing_value,not_a_text_check,"[""NN-9""]",,[],,[],False,False
IMB,26,fde7185866b2f3a8a00c3951fe60fce7f3b3b3cf3e31f25db4b72269ff3c7ec4,598,PROVINCE,,,UNAVAILABLE,True,missing_value,not_a_text_check,"[""NN-9""]",,[],,[],False,False
IMB,26,fde7185866b2f3a8a00c3951fe60fce7f3b3b3cf3e31f25db4b72269ff3c7ec4,598,VILLE,,,UNAVAILABLE,True,missing_value,not_a_text_check,"[""NN-9""]",,[],,[],False,False
IMB,26,fde7185866b2f3a8a00c3951fe60fce7f3b3b3cf3e31f25db4b72269ff3c7ec4,598,COMMUNE,,,UNAVAILABLE,True,missing_value,not_a_text_check,"[""NN-9""]",,[],,[],False,False
IMB,26,fde7185866b2f3a8a00c3951fe60fce7f3b3b3cf3e31f25db4b72269ff3c7ec4,598,CODE_POSTAL,,,UNAVAILABLE,True,missing_value,not_a_text_check,"[""NN-9""]",,[],,[],False,False
IMB,26,fde7185866b2f3a8a00c3951fe60fce7f3b3b3cf3e31f25db4b72269ff3c7ec4,598,NUMERO_VOIE,,,UNAVAILABLE,True,missing_value,not_a_text_check,"[""NN-9""]",,[],,[],False,False
IMB,26,fde7185866b2f3a8a00c3951fe60fce7f3b3b3cf3e31f25db4b72269ff3c7ec4,598,TYPE_VOIE,,,UNAVAILABLE,True,missing_value,not_a_text_check,"[""NN-9""]",,[],,[],False,False
IMB,26,fde7185866b2f3a8a00c3951fe60fce7f3b3b3cf3e31f25db4b72269ff3c7ec4,598,TYPE_BATIMENT,,,UNAVAILABLE,True,missing_value,not_a_text_check,"[""NN-9""]",,[],,[],False,False
IMB,26,fde7185866b2f3a8a00c3951fe60fce7f3b3b3cf3e31f25db4b72269ff3c7ec4,598,TYPE_CLIENT,,,UNAVAILABLE,True,missing_value,not_a_text_check,"[""NN-9""]",,[],,[],False,False
IMB,26,fde7185866b2f3a8a00c3951fe60fce7f3b3b3cf3e31f25db4b72269ff3c7ec4,598,NB_LOC_RES,,,UNAVAILABLE,True,missing_value,not_a_text_check,"[""NN-9""]",,[],,[],False,False
IMB,26,fde7185866b2f3a8a00c3951fe60fce7f3b3b3cf3e31f25db4b72269ff3c7ec4,598,NB_LOC_PRO,,,UNAVAILABLE,True,missing_value,not_a_text_check,"[""NN-9""]",,[],,[],False,False
IMB,26,fde7185866b2f3a8a00c3951fe60fce7f3b3b3cf3e31f25db4b72269ff3c7ec4,598,NB_LOC_TOT,,,UNAVAILABLE,True,missing_value,not_a_text_check,"[""NN-9""]",,[],,[],False,False
IMB,26,fde7185866b2f3a8a00c3951fe60fce7f3b3b3cf3e31f25db4b72269ff3c7ec4,598,RACCORDEMENT,,,UNAVAILABLE,True,missing_value,not_a_text_check,"[""NN-9""]",,[],,[],False,False
IMB,26,fde7185866b2f3a8a00c3951fe60fce7f3b3b3cf3e31f25db4b72269ff3c7ec4,598,STATUT,,,UNAVAILABLE,True,missing_value,not_a_text_check,"[""NN-9""]",,[],,[],False,False
IMB,26,fde7185866b2f3a8a00c3951fe60fce7f3b3b3cf3e31f25db4b72269ff3c7ec4,598,NB_ETAGE,,,UNAVAILABLE,True,missing_value,not_a_text_check,"[""NN-9""]",,[],,[],False,False
IMB,26,fde7185866b2f3a8a00c3951fe60fce7f3b3b3cf3e31f25db4b72269ff3c7ec4,598,COL_MONTANTE,,,UNAVAILABLE,True,missing_value,not_a_text_check,"[""NN-9""]",,[],,[],False,False
IMB,26,fde7185866b2f3a8a00c3951fe60fce7f3b3b3cf3e31f25db4b72269ff3c7ec4,598,SOUS_SOL,,,UNAVAILABLE,True,missing_value,not_a_text_check,"[""NN-9""]",,[],,[],False,False
IMB,26,fde7185866b2f3a8a00c3951fe60fce7f3b3b3cf3e31f25db4b72269ff3c7ec4,598,SOUS_SOL_COMMUN,,,UNAVAILABLE,True,missing_value,not_a_text_check,"[""NN-9""]",,[],,[],False,False
IMB,26,fde7185866b2f3a8a00c3951fe60fce7f3b3b3cf3e31f25db4b72269ff3c7ec4,598,BPE_CODE,,,UNAVAILABLE,True,missing_value,not_a_text_check,"[""NN-9""]",,[],,[],False,False
IMB,26,fde7185866b2f3a8a00c3951fe60fce7f3b3b3cf3e31f25db4b72269ff3c7ec4,598,X,12543604.200171053,12543604.200171053,DWG_DERIVED:GEODATA+direct-CRS-transform,False,exact,not_a_text_check,"[""NN-9""]",,[],,[],False,False
IMB,26,fde7185866b2f3a8a00c3951fe60fce7f3b3b3cf3e31f25db4b72269ff3c7ec4,598,Y,-821539.8941190309,-821539.8941190309,DWG_DERIVED:GEODATA+direct-CRS-transform,False,exact,not_a_text_check,"[""NN-9""]",,[],,[],False,False
IMB,26,fde7185866b2f3a8a00c3951fe60fce7f3b3b3cf3e31f25db4b72269ff3c7ec4,598,display_label,NN-9,NN-9,DWG_DIRECT:text|RULE:AI-IMB-LABEL-001,False,exact,exact,"[""NN-9""]",,[],,[],False,False
IMB,27,bf8dc32fb1696365dc15701fcf91b86671102e27a6021f7f082fdabcdca57dab,5B0,CODE,NN-33,NN-33,DWG_DIRECT:text|RULE:AI-IMB-CODE-001,False,exact,exact,"[""NN-33""]",,[],,[],False,False
IMB,27,bf8dc32fb1696365dc15701fcf91b86671102e27a6021f7f082fdabcdca57dab,5B0,REF_PLAQUE,,,UNAVAILABLE,True,missing_value,not_a_text_check,"[""NN-33""]",,[],,[],False,False
IMB,27,bf8dc32fb1696365dc15701fcf91b86671102e27a6021f7f082fdabcdca57dab,5B0,REGION,,,UNAVAILABLE,True,missing_value,not_a_text_check,"[""NN-33""]",,[],,[],False,False
IMB,27,bf8dc32fb1696365dc15701fcf91b86671102e27a6021f7f082fdabcdca57dab,5B0,PROVINCE,,,UNAVAILABLE,True,missing_value,not_a_text_check,"[""NN-33""]",,[],,[],False,False
IMB,27,bf8dc32fb1696365dc15701fcf91b86671102e27a6021f7f082fdabcdca57dab,5B0,VILLE,,,UNAVAILABLE,True,missing_value,not_a_text_check,"[""NN-33""]",,[],,[],False,False
IMB,27,bf8dc32fb1696365dc15701fcf91b86671102e27a6021f7f082fdabcdca57dab,5B0,COMMUNE,,,UNAVAILABLE,True,missing_value,not_a_text_check,"[""NN-33""]",,[],,[],False,False
IMB,27,bf8dc32fb1696365dc15701fcf91b86671102e27a6021f7f082fdabcdca57dab,5B0,CODE_POSTAL,,,UNAVAILABLE,True,missing_value,not_a_text_check,"[""NN-33""]",,[],,[],False,False
IMB,27,bf8dc32fb1696365dc15701fcf91b86671102e27a6021f7f082fdabcdca57dab,5B0,NUMERO_VOIE,,,UNAVAILABLE,True,missing_value,not_a_text_check,"[""NN-33""]",,[],,[],False,False
IMB,27,bf8dc32fb1696365dc15701fcf91b86671102e27a6021f7f082fdabcdca57dab,5B0,TYPE_VOIE,,,UNAVAILABLE,True,missing_value,not_a_text_check,"[""NN-33""]",,[],,[],False,False
IMB,27,bf8dc32fb1696365dc15701fcf91b86671102e27a6021f7f082fdabcdca57dab,5B0,TYPE_BATIMENT,,,UNAVAILABLE,True,missing_value,not_a_text_check,"[""NN-33""]",,[],,[],False,False
IMB,27,bf8dc32fb1696365dc15701fcf91b86671102e27a6021f7f082fdabcdca57dab,5B0,TYPE_CLIENT,,,UNAVAILABLE,True,missing_value,not_a_text_check,"[""NN-33""]",,[],,[],False,False
IMB,27,bf8dc32fb1696365dc15701fcf91b86671102e27a6021f7f082fdabcdca57dab,5B0,NB_LOC_RES,,,UNAVAILABLE,True,missing_value,not_a_text_check,"[""NN-33""]",,[],,[],False,False
IMB,27,bf8dc32fb1696365dc15701fcf91b86671102e27a6021f7f082fdabcdca57dab,5B0,NB_LOC_PRO,,,UNAVAILABLE,True,missing_value,not_a_text_check,"[""NN-33""]",,[],,[],False,False
IMB,27,bf8dc32fb1696365dc15701fcf91b86671102e27a6021f7f082fdabcdca57dab,5B0,NB_LOC_TOT,,,UNAVAILABLE,True,missing_value,not_a_text_check,"[""NN-33""]",,[],,[],False,False
IMB,27,bf8dc32fb1696365dc15701fcf91b86671102e27a6021f7f082fdabcdca57dab,5B0,RACCORDEMENT,,,UNAVAILABLE,True,missing_value,not_a_text_check,"[""NN-33""]",,[],,[],False,False
IMB,27,bf8dc32fb1696365dc15701fcf91b86671102e27a6021f7f082fdabcdca57dab,5B0,STATUT,,,UNAVAILABLE,True,missing_value,not_a_text_check,"[""NN-33""]",,[],,[],False,False
IMB,27,bf8dc32fb1696365dc15701fcf91b86671102e27a6021f7f082fdabcdca57dab,5B0,NB_ETAGE,,,UNAVAILABLE,True,missing_value,not_a_text_check,"[""NN-33""]",,[],,[],False,False
IMB,27,bf8dc32fb1696365dc15701fcf91b86671102e27a6021f7f082fdabcdca57dab,5B0,COL_MONTANTE,,,UNAVAILABLE,True,missing_value,not_a_text_check,"[""NN-33""]",,[],,[],False,False
IMB,27,bf8dc32fb1696365dc15701fcf91b86671102e27a6021f7f082fdabcdca57dab,5B0,SOUS_SOL,,,UNAVAILABLE,True,missing_value,not_a_text_check,"[""NN-33""]",,[],,[],False,False
IMB,27,bf8dc32fb1696365dc15701fcf91b86671102e27a6021f7f082fdabcdca57dab,5B0,SOUS_SOL_COMMUN,,,UNAVAILABLE,True,missing_value,not_a_text_check,"[""NN-33""]",,[],,[],False,False
IMB,27,bf8dc32fb1696365dc15701fcf91b86671102e27a6021f7f082fdabcdca57dab,5B0,BPE_CODE,,,UNAVAILABLE,True,missing_value,not_a_text_check,"[""NN-33""]",,[],,[],False,False
IMB,27,bf8dc32fb1696365dc15701fcf91b86671102e27a6021f7f082fdabcdca57dab,5B0,X,12543695.935517982,12543695.935517982,DWG_DERIVED:GEODATA+direct-CRS-transform,False,exact,not_a_text_check,"[""NN-33""]",,[],,[],False,False
IMB,27,bf8dc32fb1696365dc15701fcf91b86671102e27a6021f7f082fdabcdca57dab,5B0,Y,-821562.3747659257,-821562.3747659257,DWG_DERIVED:GEODATA+direct-CRS-transform,False,exact,not_a_text_check,"[""NN-33""]",,[],,[],False,False
IMB,27,bf8dc32fb1696365dc15701fcf91b86671102e27a6021f7f082fdabcdca57dab,5B0,display_label,NN-33,NN-33,DWG_DIRECT:text|RULE:AI-IMB-LABEL-001,False,exact,exact,"[""NN-33""]",,[],,[],False,False
IMB,28,33e611757609cf949f4e6412e378f9a5c20c6f98e7299093558e53d34d3268b7,611,CODE,NN-127,NN-127,DWG_DIRECT:text|RULE:AI-IMB-CODE-001,False,exact,exact,"[""NN-127""]",,[],,[],False,False
IMB,28,33e611757609cf949f4e6412e378f9a5c20c6f98e7299093558e53d34d3268b7,611,REF_PLAQUE,,,UNAVAILABLE,True,missing_value,not_a_text_check,"[""NN-127""]",,[],,[],False,False
IMB,28,33e611757609cf949f4e6412e378f9a5c20c6f98e7299093558e53d34d3268b7,611,REGION,,,UNAVAILABLE,True,missing_value,not_a_text_check,"[""NN-127""]",,[],,[],False,False
IMB,28,33e611757609cf949f4e6412e378f9a5c20c6f98e7299093558e53d34d3268b7,611,PROVINCE,,,UNAVAILABLE,True,missing_value,not_a_text_check,"[""NN-127""]",,[],,[],False,False
IMB,28,33e611757609cf949f4e6412e378f9a5c20c6f98e7299093558e53d34d3268b7,611,VILLE,,,UNAVAILABLE,True,missing_value,not_a_text_check,"[""NN-127""]",,[],,[],False,False
IMB,28,33e611757609cf949f4e6412e378f9a5c20c6f98e7299093558e53d34d3268b7,611,COMMUNE,,,UNAVAILABLE,True,missing_value,not_a_text_check,"[""NN-127""]",,[],,[],False,False
IMB,28,33e611757609cf949f4e6412e378f9a5c20c6f98e7299093558e53d34d3268b7,611,CODE_POSTAL,,,UNAVAILABLE,True,missing_value,not_a_text_check,"[""NN-127""]",,[],,[],False,False
IMB,28,33e611757609cf949f4e6412e378f9a5c20c6f98e7299093558e53d34d3268b7,611,NUMERO_VOIE,,,UNAVAILABLE,True,missing_value,not_a_text_check,"[""NN-127""]",,[],,[],False,False
IMB,28,33e611757609cf949f4e6412e378f9a5c20c6f98e7299093558e53d34d3268b7,611,TYPE_VOIE,,,UNAVAILABLE,True,missing_value,not_a_text_check,"[""NN-127""]",,[],,[],False,False
IMB,28,33e611757609cf949f4e6412e378f9a5c20c6f98e7299093558e53d34d3268b7,611,TYPE_BATIMENT,,,UNAVAILABLE,True,missing_value,not_a_text_check,"[""NN-127""]",,[],,[],False,False
IMB,28,33e611757609cf949f4e6412e378f9a5c20c6f98e7299093558e53d34d3268b7,611,TYPE_CLIENT,,,UNAVAILABLE,True,missing_value,not_a_text_check,"[""NN-127""]",,[],,[],False,False
IMB,28,33e611757609cf949f4e6412e378f9a5c20c6f98e7299093558e53d34d3268b7,611,NB_LOC_RES,,,UNAVAILABLE,True,missing_value,not_a_text_check,"[""NN-127""]",,[],,[],False,False
IMB,28,33e611757609cf949f4e6412e378f9a5c20c6f98e7299093558e53d34d3268b7,611,NB_LOC_PRO,,,UNAVAILABLE,True,missing_value,not_a_text_check,"[""NN-127""]",,[],,[],False,False
IMB,28,33e611757609cf949f4e6412e378f9a5c20c6f98e7299093558e53d34d3268b7,611,NB_LOC_TOT,,,UNAVAILABLE,True,missing_value,not_a_text_check,"[""NN-127""]",,[],,[],False,False
IMB,28,33e611757609cf949f4e6412e378f9a5c20c6f98e7299093558e53d34d3268b7,611,RACCORDEMENT,,,UNAVAILABLE,True,missing_value,not_a_text_check,"[""NN-127""]",,[],,[],False,False
IMB,28,33e611757609cf949f4e6412e378f9a5c20c6f98e7299093558e53d34d3268b7,611,STATUT,,,UNAVAILABLE,True,missing_value,not_a_text_check,"[""NN-127""]",,[],,[],False,False
IMB,28,33e611757609cf949f4e6412e378f9a5c20c6f98e7299093558e53d34d3268b7,611,NB_ETAGE,,,UNAVAILABLE,True,missing_value,not_a_text_check,"[""NN-127""]",,[],,[],False,False
IMB,28,33e611757609cf949f4e6412e378f9a5c20c6f98e7299093558e53d34d3268b7,611,COL_MONTANTE,,,UNAVAILABLE,True,missing_value,not_a_text_check,"[""NN-127""]",,[],,[],False,False
IMB,28,33e611757609cf949f4e6412e378f9a5c20c6f98e7299093558e53d34d3268b7,611,SOUS_SOL,,,UNAVAILABLE,True,missing_value,not_a_text_check,"[""NN-127""]",,[],,[],False,False
IMB,28,33e611757609cf949f4e6412e378f9a5c20c6f98e7299093558e53d34d3268b7,611,SOUS_SOL_COMMUN,,,UNAVAILABLE,True,missing_value,not_a_text_check,"[""NN-127""]",,[],,[],False,False
IMB,28,33e611757609cf949f4e6412e378f9a5c20c6f98e7299093558e53d34d3268b7,611,BPE_CODE,,,UNAVAILABLE,True,missing_value,not_a_text_check,"[""NN-127""]",,[],,[],False,False
IMB,28,33e611757609cf949f4e6412e378f9a5c20c6f98e7299093558e53d34d3268b7,611,X,12543859.97395944,12543859.97395944,DWG_DERIVED:GEODATA+direct-CRS-transform,False,exact,not_a_text_check,"[""NN-127""]",,[],,[],False,False
IMB,28,33e611757609cf949f4e6412e378f9a5c20c6f98e7299093558e53d34d3268b7,611,Y,-821486.5300571908,-821486.5300571908,DWG_DERIVED:GEODATA+direct-CRS-transform,False,exact,not_a_text_check,"[""NN-127""]",,[],,[],False,False
IMB,28,33e611757609cf949f4e6412e378f9a5c20c6f98e7299093558e53d34d3268b7,611,display_label,NN-127,NN-127,DWG_DIRECT:text|RULE:AI-IMB-LABEL-001,False,exact,exact,"[""NN-127""]",,[],,[],False,False
IMB,29,3fb361f228d524fe64ee60d58b6f84e73f452557bd21cd4207e4b65881317f51,5A0,CODE,NN-17,NN-17,DWG_DIRECT:text|RULE:AI-IMB-CODE-001,False,exact,exact,"[""NN-17""]",,[],,[],False,False
IMB,29,3fb361f228d524fe64ee60d58b6f84e73f452557bd21cd4207e4b65881317f51,5A0,REF_PLAQUE,,,UNAVAILABLE,True,missing_value,not_a_text_check,"[""NN-17""]",,[],,[],False,False
IMB,29,3fb361f228d524fe64ee60d58b6f84e73f452557bd21cd4207e4b65881317f51,5A0,REGION,,,UNAVAILABLE,True,missing_value,not_a_text_check,"[""NN-17""]",,[],,[],False,False
IMB,29,3fb361f228d524fe64ee60d58b6f84e73f452557bd21cd4207e4b65881317f51,5A0,PROVINCE,,,UNAVAILABLE,True,missing_value,not_a_text_check,"[""NN-17""]",,[],,[],False,False
IMB,29,3fb361f228d524fe64ee60d58b6f84e73f452557bd21cd4207e4b65881317f51,5A0,VILLE,,,UNAVAILABLE,True,missing_value,not_a_text_check,"[""NN-17""]",,[],,[],False,False
IMB,29,3fb361f228d524fe64ee60d58b6f84e73f452557bd21cd4207e4b65881317f51,5A0,COMMUNE,,,UNAVAILABLE,True,missing_value,not_a_text_check,"[""NN-17""]",,[],,[],False,False
IMB,29,3fb361f228d524fe64ee60d58b6f84e73f452557bd21cd4207e4b65881317f51,5A0,CODE_POSTAL,,,UNAVAILABLE,True,missing_value,not_a_text_check,"[""NN-17""]",,[],,[],False,False
IMB,29,3fb361f228d524fe64ee60d58b6f84e73f452557bd21cd4207e4b65881317f51,5A0,NUMERO_VOIE,,,UNAVAILABLE,True,missing_value,not_a_text_check,"[""NN-17""]",,[],,[],False,False
IMB,29,3fb361f228d524fe64ee60d58b6f84e73f452557bd21cd4207e4b65881317f51,5A0,TYPE_VOIE,,,UNAVAILABLE,True,missing_value,not_a_text_check,"[""NN-17""]",,[],,[],False,False
IMB,29,3fb361f228d524fe64ee60d58b6f84e73f452557bd21cd4207e4b65881317f51,5A0,TYPE_BATIMENT,,,UNAVAILABLE,True,missing_value,not_a_text_check,"[""NN-17""]",,[],,[],False,False
IMB,29,3fb361f228d524fe64ee60d58b6f84e73f452557bd21cd4207e4b65881317f51,5A0,TYPE_CLIENT,,,UNAVAILABLE,True,missing_value,not_a_text_check,"[""NN-17""]",,[],,[],False,False
IMB,29,3fb361f228d524fe64ee60d58b6f84e73f452557bd21cd4207e4b65881317f51,5A0,NB_LOC_RES,,,UNAVAILABLE,True,missing_value,not_a_text_check,"[""NN-17""]",,[],,[],False,False
IMB,29,3fb361f228d524fe64ee60d58b6f84e73f452557bd21cd4207e4b65881317f51,5A0,NB_LOC_PRO,,,UNAVAILABLE,True,missing_value,not_a_text_check,"[""NN-17""]",,[],,[],False,False
IMB,29,3fb361f228d524fe64ee60d58b6f84e73f452557bd21cd4207e4b65881317f51,5A0,NB_LOC_TOT,,,UNAVAILABLE,True,missing_value,not_a_text_check,"[""NN-17""]",,[],,[],False,False
IMB,29,3fb361f228d524fe64ee60d58b6f84e73f452557bd21cd4207e4b65881317f51,5A0,RACCORDEMENT,,,UNAVAILABLE,True,missing_value,not_a_text_check,"[""NN-17""]",,[],,[],False,False
IMB,29,3fb361f228d524fe64ee60d58b6f84e73f452557bd21cd4207e4b65881317f51,5A0,STATUT,,,UNAVAILABLE,True,missing_value,not_a_text_check,"[""NN-17""]",,[],,[],False,False
IMB,29,3fb361f228d524fe64ee60d58b6f84e73f452557bd21cd4207e4b65881317f51,5A0,NB_ETAGE,,,UNAVAILABLE,True,missing_value,not_a_text_check,"[""NN-17""]",,[],,[],False,False
IMB,29,3fb361f228d524fe64ee60d58b6f84e73f452557bd21cd4207e4b65881317f51,5A0,COL_MONTANTE,,,UNAVAILABLE,True,missing_value,not_a_text_check,"[""NN-17""]",,[],,[],False,False
IMB,29,3fb361f228d524fe64ee60d58b6f84e73f452557bd21cd4207e4b65881317f51,5A0,SOUS_SOL,,,UNAVAILABLE,True,missing_value,not_a_text_check,"[""NN-17""]",,[],,[],False,False
IMB,29,3fb361f228d524fe64ee60d58b6f84e73f452557bd21cd4207e4b65881317f51,5A0,SOUS_SOL_COMMUN,,,UNAVAILABLE,True,missing_value,not_a_text_check,"[""NN-17""]",,[],,[],False,False
IMB,29,3fb361f228d524fe64ee60d58b6f84e73f452557bd21cd4207e4b65881317f51,5A0,BPE_CODE,,,UNAVAILABLE,True,missing_value,not_a_text_check,"[""NN-17""]",,[],,[],False,False
IMB,29,3fb361f228d524fe64ee60d58b6f84e73f452557bd21cd4207e4b65881317f51,5A0,X,12543605.887470165,12543605.887470165,DWG_DERIVED:GEODATA+direct-CRS-transform,False,exact,not_a_text_check,"[""NN-17""]",,[],,[],False,False
IMB,29,3fb361f228d524fe64ee60d58b6f84e73f452557bd21cd4207e4b65881317f51,5A0,Y,-821490.141795188,-821490.141795188,DWG_DERIVED:GEODATA+direct-CRS-transform,False,exact,not_a_text_check,"[""NN-17""]",,[],,[],False,False
IMB,29,3fb361f228d524fe64ee60d58b6f84e73f452557bd21cd4207e4b65881317f51,5A0,display_label,NN-17,NN-17,DWG_DIRECT:text|RULE:AI-IMB-LABEL-001,False,exact,exact,"[""NN-17""]",,[],,[],False,False
IMB,30,87f505ad5032ec024fa96a38aca4a774b728dbd56e99bffa581c0290a8001eac,5BD,CODE,NN-46,NN-46,DWG_DIRECT:text|RULE:AI-IMB-CODE-001,False,exact,exact,"[""NN-46""]",,[],,[],False,False
IMB,30,87f505ad5032ec024fa96a38aca4a774b728dbd56e99bffa581c0290a8001eac,5BD,REF_PLAQUE,,,UNAVAILABLE,True,missing_value,not_a_text_check,"[""NN-46""]",,[],,[],False,False
IMB,30,87f505ad5032ec024fa96a38aca4a774b728dbd56e99bffa581c0290a8001eac,5BD,REGION,,,UNAVAILABLE,True,missing_value,not_a_text_check,"[""NN-46""]",,[],,[],False,False
IMB,30,87f505ad5032ec024fa96a38aca4a774b728dbd56e99bffa581c0290a8001eac,5BD,PROVINCE,,,UNAVAILABLE,True,missing_value,not_a_text_check,"[""NN-46""]",,[],,[],False,False
IMB,30,87f505ad5032ec024fa96a38aca4a774b728dbd56e99bffa581c0290a8001eac,5BD,VILLE,,,UNAVAILABLE,True,missing_value,not_a_text_check,"[""NN-46""]",,[],,[],False,False
IMB,30,87f505ad5032ec024fa96a38aca4a774b728dbd56e99bffa581c0290a8001eac,5BD,COMMUNE,,,UNAVAILABLE,True,missing_value,not_a_text_check,"[""NN-46""]",,[],,[],False,False
IMB,30,87f505ad5032ec024fa96a38aca4a774b728dbd56e99bffa581c0290a8001eac,5BD,CODE_POSTAL,,,UNAVAILABLE,True,missing_value,not_a_text_check,"[""NN-46""]",,[],,[],False,False
IMB,30,87f505ad5032ec024fa96a38aca4a774b728dbd56e99bffa581c0290a8001eac,5BD,NUMERO_VOIE,,,UNAVAILABLE,True,missing_value,not_a_text_check,"[""NN-46""]",,[],,[],False,False
IMB,30,87f505ad5032ec024fa96a38aca4a774b728dbd56e99bffa581c0290a8001eac,5BD,TYPE_VOIE,,,UNAVAILABLE,True,missing_value,not_a_text_check,"[""NN-46""]",,[],,[],False,False
IMB,30,87f505ad5032ec024fa96a38aca4a774b728dbd56e99bffa581c0290a8001eac,5BD,TYPE_BATIMENT,,,UNAVAILABLE,True,missing_value,not_a_text_check,"[""NN-46""]",,[],,[],False,False
IMB,30,87f505ad5032ec024fa96a38aca4a774b728dbd56e99bffa581c0290a8001eac,5BD,TYPE_CLIENT,,,UNAVAILABLE,True,missing_value,not_a_text_check,"[""NN-46""]",,[],,[],False,False
IMB,30,87f505ad5032ec024fa96a38aca4a774b728dbd56e99bffa581c0290a8001eac,5BD,NB_LOC_RES,,,UNAVAILABLE,True,missing_value,not_a_text_check,"[""NN-46""]",,[],,[],False,False
IMB,30,87f505ad5032ec024fa96a38aca4a774b728dbd56e99bffa581c0290a8001eac,5BD,NB_LOC_PRO,,,UNAVAILABLE,True,missing_value,not_a_text_check,"[""NN-46""]",,[],,[],False,False
IMB,30,87f505ad5032ec024fa96a38aca4a774b728dbd56e99bffa581c0290a8001eac,5BD,NB_LOC_TOT,,,UNAVAILABLE,True,missing_value,not_a_text_check,"[""NN-46""]",,[],,[],False,False
IMB,30,87f505ad5032ec024fa96a38aca4a774b728dbd56e99bffa581c0290a8001eac,5BD,RACCORDEMENT,,,UNAVAILABLE,True,missing_value,not_a_text_check,"[""NN-46""]",,[],,[],False,False
IMB,30,87f505ad5032ec024fa96a38aca4a774b728dbd56e99bffa581c0290a8001eac,5BD,STATUT,,,UNAVAILABLE,True,missing_value,not_a_text_check,"[""NN-46""]",,[],,[],False,False
IMB,30,87f505ad5032ec024fa96a38aca4a774b728dbd56e99bffa581c0290a8001eac,5BD,NB_ETAGE,,,UNAVAILABLE,True,missing_value,not_a_text_check,"[""NN-46""]",,[],,[],False,False
IMB,30,87f505ad5032ec024fa96a38aca4a774b728dbd56e99bffa581c0290a8001eac,5BD,COL_MONTANTE,,,UNAVAILABLE,True,missing_value,not_a_text_check,"[""NN-46""]",,[],,[],False,False
IMB,30,87f505ad5032ec024fa96a38aca4a774b728dbd56e99bffa581c0290a8001eac,5BD,SOUS_SOL,,,UNAVAILABLE,True,missing_value,not_a_text_check,"[""NN-46""]",,[],,[],False,False
IMB,30,87f505ad5032ec024fa96a38aca4a774b728dbd56e99bffa581c0290a8001eac,5BD,SOUS_SOL_COMMUN,,,UNAVAILABLE,True,missing_value,not_a_text_check,"[""NN-46""]",,[],,[],False,False
IMB,30,87f505ad5032ec024fa96a38aca4a774b728dbd56e99bffa581c0290a8001eac,5BD,BPE_CODE,,,UNAVAILABLE,True,missing_value,not_a_text_check,"[""NN-46""]",,[],,[],False,False
IMB,30,87f505ad5032ec024fa96a38aca4a774b728dbd56e99bffa581c0290a8001eac,5BD,X,12543637.107730815,12543637.107730815,DWG_DERIVED:GEODATA+direct-CRS-transform,False,exact,not_a_text_check,"[""NN-46""]",,[],,[],False,False
IMB,30,87f505ad5032ec024fa96a38aca4a774b728dbd56e99bffa581c0290a8001eac,5BD,Y,-821611.0918896596,-821611.0918896596,DWG_DERIVED:GEODATA+direct-CRS-transform,False,exact,not_a_text_check,"[""NN-46""]",,[],,[],False,False
IMB,30,87f505ad5032ec024fa96a38aca4a774b728dbd56e99bffa581c0290a8001eac,5BD,display_label,NN-46,NN-46,DWG_DIRECT:text|RULE:AI-IMB-LABEL-001,False,exact,exact,"[""NN-46""]",,[],,[],False,False
IMB,31,9c0dd656c625bbf3a53806a048e3b5c93a20802c68a230a1b796f428d6d2f149,572,CODE,GUDANG-11,GUDANG-11,DWG_DIRECT:text|RULE:AI-IMB-CODE-001,False,exact,exact,"[""GUDANG-11""]",,[],,[],False,False
IMB,31,9c0dd656c625bbf3a53806a048e3b5c93a20802c68a230a1b796f428d6d2f149,572,REF_PLAQUE,,,UNAVAILABLE,True,missing_value,not_a_text_check,"[""GUDANG-11""]",,[],,[],False,False
IMB,31,9c0dd656c625bbf3a53806a048e3b5c93a20802c68a230a1b796f428d6d2f149,572,REGION,,,UNAVAILABLE,True,missing_value,not_a_text_check,"[""GUDANG-11""]",,[],,[],False,False
IMB,31,9c0dd656c625bbf3a53806a048e3b5c93a20802c68a230a1b796f428d6d2f149,572,PROVINCE,,,UNAVAILABLE,True,missing_value,not_a_text_check,"[""GUDANG-11""]",,[],,[],False,False
IMB,31,9c0dd656c625bbf3a53806a048e3b5c93a20802c68a230a1b796f428d6d2f149,572,VILLE,,,UNAVAILABLE,True,missing_value,not_a_text_check,"[""GUDANG-11""]",,[],,[],False,False
IMB,31,9c0dd656c625bbf3a53806a048e3b5c93a20802c68a230a1b796f428d6d2f149,572,COMMUNE,,,UNAVAILABLE,True,missing_value,not_a_text_check,"[""GUDANG-11""]",,[],,[],False,False
IMB,31,9c0dd656c625bbf3a53806a048e3b5c93a20802c68a230a1b796f428d6d2f149,572,CODE_POSTAL,,,UNAVAILABLE,True,missing_value,not_a_text_check,"[""GUDANG-11""]",,[],,[],False,False
IMB,31,9c0dd656c625bbf3a53806a048e3b5c93a20802c68a230a1b796f428d6d2f149,572,NUMERO_VOIE,,,UNAVAILABLE,True,missing_value,not_a_text_check,"[""GUDANG-11""]",,[],,[],False,False
IMB,31,9c0dd656c625bbf3a53806a048e3b5c93a20802c68a230a1b796f428d6d2f149,572,TYPE_VOIE,,,UNAVAILABLE,True,missing_value,not_a_text_check,"[""GUDANG-11""]",,[],,[],False,False
IMB,31,9c0dd656c625bbf3a53806a048e3b5c93a20802c68a230a1b796f428d6d2f149,572,TYPE_BATIMENT,,,UNAVAILABLE,True,missing_value,not_a_text_check,"[""GUDANG-11""]",,[],,[],False,False
IMB,31,9c0dd656c625bbf3a53806a048e3b5c93a20802c68a230a1b796f428d6d2f149,572,TYPE_CLIENT,,,UNAVAILABLE,True,missing_value,not_a_text_check,"[""GUDANG-11""]",,[],,[],False,False
IMB,31,9c0dd656c625bbf3a53806a048e3b5c93a20802c68a230a1b796f428d6d2f149,572,NB_LOC_RES,,,UNAVAILABLE,True,missing_value,not_a_text_check,"[""GUDANG-11""]",,[],,[],False,False
IMB,31,9c0dd656c625bbf3a53806a048e3b5c93a20802c68a230a1b796f428d6d2f149,572,NB_LOC_PRO,,,UNAVAILABLE,True,missing_value,not_a_text_check,"[""GUDANG-11""]",,[],,[],False,False
IMB,31,9c0dd656c625bbf3a53806a048e3b5c93a20802c68a230a1b796f428d6d2f149,572,NB_LOC_TOT,,,UNAVAILABLE,True,missing_value,not_a_text_check,"[""GUDANG-11""]",,[],,[],False,False
IMB,31,9c0dd656c625bbf3a53806a048e3b5c93a20802c68a230a1b796f428d6d2f149,572,RACCORDEMENT,,,UNAVAILABLE,True,missing_value,not_a_text_check,"[""GUDANG-11""]",,[],,[],False,False
IMB,31,9c0dd656c625bbf3a53806a048e3b5c93a20802c68a230a1b796f428d6d2f149,572,STATUT,,,UNAVAILABLE,True,missing_value,not_a_text_check,"[""GUDANG-11""]",,[],,[],False,False
IMB,31,9c0dd656c625bbf3a53806a048e3b5c93a20802c68a230a1b796f428d6d2f149,572,NB_ETAGE,,,UNAVAILABLE,True,missing_value,not_a_text_check,"[""GUDANG-11""]",,[],,[],False,False
IMB,31,9c0dd656c625bbf3a53806a048e3b5c93a20802c68a230a1b796f428d6d2f149,572,COL_MONTANTE,,,UNAVAILABLE,True,missing_value,not_a_text_check,"[""GUDANG-11""]",,[],,[],False,False
IMB,31,9c0dd656c625bbf3a53806a048e3b5c93a20802c68a230a1b796f428d6d2f149,572,SOUS_SOL,,,UNAVAILABLE,True,missing_value,not_a_text_check,"[""GUDANG-11""]",,[],,[],False,False
IMB,31,9c0dd656c625bbf3a53806a048e3b5c93a20802c68a230a1b796f428d6d2f149,572,SOUS_SOL_COMMUN,,,UNAVAILABLE,True,missing_value,not_a_text_check,"[""GUDANG-11""]",,[],,[],False,False
IMB,31,9c0dd656c625bbf3a53806a048e3b5c93a20802c68a230a1b796f428d6d2f149,572,BPE_CODE,,,UNAVAILABLE,True,missing_value,not_a_text_check,"[""GUDANG-11""]",,[],,[],False,False
IMB,31,9c0dd656c625bbf3a53806a048e3b5c93a20802c68a230a1b796f428d6d2f149,572,X,12543764.921284547,12543764.921284547,DWG_DERIVED:GEODATA+direct-CRS-transform,False,exact,not_a_text_check,"[""GUDANG-11""]",,[],,[],False,False
IMB,31,9c0dd656c625bbf3a53806a048e3b5c93a20802c68a230a1b796f428d6d2f149,572,Y,-821914.077318345,-821914.077318345,DWG_DERIVED:GEODATA+direct-CRS-transform,False,exact,not_a_text_check,"[""GUDANG-11""]",,[],,[],False,False
IMB,31,9c0dd656c625bbf3a53806a048e3b5c93a20802c68a230a1b796f428d6d2f149,572,display_label,GUDANG-11,GUDANG-11,DWG_DIRECT:text|RULE:AI-IMB-LABEL-001,False,exact,exact,"[""GUDANG-11""]",,[],,[],False,False
IMB,32,b72eb81d352d9849894b1e1bbcbfc872936957e2a748b60ecdde02aa631b4670,580,CODE,GUDANG-25,GUDANG-25,DWG_DIRECT:text|RULE:AI-IMB-CODE-001,False,exact,exact,"[""GUDANG-25""]",,[],,[],False,False
IMB,32,b72eb81d352d9849894b1e1bbcbfc872936957e2a748b60ecdde02aa631b4670,580,REF_PLAQUE,,,UNAVAILABLE,True,missing_value,not_a_text_check,"[""GUDANG-25""]",,[],,[],False,False
IMB,32,b72eb81d352d9849894b1e1bbcbfc872936957e2a748b60ecdde02aa631b4670,580,REGION,,,UNAVAILABLE,True,missing_value,not_a_text_check,"[""GUDANG-25""]",,[],,[],False,False
IMB,32,b72eb81d352d9849894b1e1bbcbfc872936957e2a748b60ecdde02aa631b4670,580,PROVINCE,,,UNAVAILABLE,True,missing_value,not_a_text_check,"[""GUDANG-25""]",,[],,[],False,False
IMB,32,b72eb81d352d9849894b1e1bbcbfc872936957e2a748b60ecdde02aa631b4670,580,VILLE,,,UNAVAILABLE,True,missing_value,not_a_text_check,"[""GUDANG-25""]",,[],,[],False,False
IMB,32,b72eb81d352d9849894b1e1bbcbfc872936957e2a748b60ecdde02aa631b4670,580,COMMUNE,,,UNAVAILABLE,True,missing_value,not_a_text_check,"[""GUDANG-25""]",,[],,[],False,False
IMB,32,b72eb81d352d9849894b1e1bbcbfc872936957e2a748b60ecdde02aa631b4670,580,CODE_POSTAL,,,UNAVAILABLE,True,missing_value,not_a_text_check,"[""GUDANG-25""]",,[],,[],False,False
IMB,32,b72eb81d352d9849894b1e1bbcbfc872936957e2a748b60ecdde02aa631b4670,580,NUMERO_VOIE,,,UNAVAILABLE,True,missing_value,not_a_text_check,"[""GUDANG-25""]",,[],,[],False,False
IMB,32,b72eb81d352d9849894b1e1bbcbfc872936957e2a748b60ecdde02aa631b4670,580,TYPE_VOIE,,,UNAVAILABLE,True,missing_value,not_a_text_check,"[""GUDANG-25""]",,[],,[],False,False
IMB,32,b72eb81d352d9849894b1e1bbcbfc872936957e2a748b60ecdde02aa631b4670,580,TYPE_BATIMENT,,,UNAVAILABLE,True,missing_value,not_a_text_check,"[""GUDANG-25""]",,[],,[],False,False
IMB,32,b72eb81d352d9849894b1e1bbcbfc872936957e2a748b60ecdde02aa631b4670,580,TYPE_CLIENT,,,UNAVAILABLE,True,missing_value,not_a_text_check,"[""GUDANG-25""]",,[],,[],False,False
IMB,32,b72eb81d352d9849894b1e1bbcbfc872936957e2a748b60ecdde02aa631b4670,580,NB_LOC_RES,,,UNAVAILABLE,True,missing_value,not_a_text_check,"[""GUDANG-25""]",,[],,[],False,False
IMB,32,b72eb81d352d9849894b1e1bbcbfc872936957e2a748b60ecdde02aa631b4670,580,NB_LOC_PRO,,,UNAVAILABLE,True,missing_value,not_a_text_check,"[""GUDANG-25""]",,[],,[],False,False
IMB,32,b72eb81d352d9849894b1e1bbcbfc872936957e2a748b60ecdde02aa631b4670,580,NB_LOC_TOT,,,UNAVAILABLE,True,missing_value,not_a_text_check,"[""GUDANG-25""]",,[],,[],False,False
IMB,32,b72eb81d352d9849894b1e1bbcbfc872936957e2a748b60ecdde02aa631b4670,580,RACCORDEMENT,,,UNAVAILABLE,True,missing_value,not_a_text_check,"[""GUDANG-25""]",,[],,[],False,False
IMB,32,b72eb81d352d9849894b1e1bbcbfc872936957e2a748b60ecdde02aa631b4670,580,STATUT,,,UNAVAILABLE,True,missing_value,not_a_text_check,"[""GUDANG-25""]",,[],,[],False,False
IMB,32,b72eb81d352d9849894b1e1bbcbfc872936957e2a748b60ecdde02aa631b4670,580,NB_ETAGE,,,UNAVAILABLE,True,missing_value,not_a_text_check,"[""GUDANG-25""]",,[],,[],False,False
IMB,32,b72eb81d352d9849894b1e1bbcbfc872936957e2a748b60ecdde02aa631b4670,580,COL_MONTANTE,,,UNAVAILABLE,True,missing_value,not_a_text_check,"[""GUDANG-25""]",,[],,[],False,False
IMB,32,b72eb81d352d9849894b1e1bbcbfc872936957e2a748b60ecdde02aa631b4670,580,SOUS_SOL,,,UNAVAILABLE,True,missing_value,not_a_text_check,"[""GUDANG-25""]",,[],,[],False,False
IMB,32,b72eb81d352d9849894b1e1bbcbfc872936957e2a748b60ecdde02aa631b4670,580,SOUS_SOL_COMMUN,,,UNAVAILABLE,True,missing_value,not_a_text_check,"[""GUDANG-25""]",,[],,[],False,False
IMB,32,b72eb81d352d9849894b1e1bbcbfc872936957e2a748b60ecdde02aa631b4670,580,BPE_CODE,,,UNAVAILABLE,True,missing_value,not_a_text_check,"[""GUDANG-25""]",,[],,[],False,False
IMB,32,b72eb81d352d9849894b1e1bbcbfc872936957e2a748b60ecdde02aa631b4670,580,X,12543829.783757977,12543829.783757977,DWG_DERIVED:GEODATA+direct-CRS-transform,False,exact,not_a_text_check,"[""GUDANG-25""]",,[],,[],False,False
IMB,32,b72eb81d352d9849894b1e1bbcbfc872936957e2a748b60ecdde02aa631b4670,580,Y,-821666.0484213886,-821666.0484213886,DWG_DERIVED:GEODATA+direct-CRS-transform,False,exact,not_a_text_check,"[""GUDANG-25""]",,[],,[],False,False
IMB,32,b72eb81d352d9849894b1e1bbcbfc872936957e2a748b60ecdde02aa631b4670,580,display_label,GUDANG-25,GUDANG-25,DWG_DIRECT:text|RULE:AI-IMB-LABEL-001,False,exact,exact,"[""GUDANG-25""]",,[],,[],False,False
IMB,33,e8601faf4b3e01352f7655e833eb04f1c65b4f4cde7da6bf730bbde5b0198d16,5C4,CODE,NN-53,NN-53,DWG_DIRECT:text|RULE:AI-IMB-CODE-001,False,exact,exact,"[""NN-53""]",,[],,[],False,False
IMB,33,e8601faf4b3e01352f7655e833eb04f1c65b4f4cde7da6bf730bbde5b0198d16,5C4,REF_PLAQUE,,,UNAVAILABLE,True,missing_value,not_a_text_check,"[""NN-53""]",,[],,[],False,False
IMB,33,e8601faf4b3e01352f7655e833eb04f1c65b4f4cde7da6bf730bbde5b0198d16,5C4,REGION,,,UNAVAILABLE,True,missing_value,not_a_text_check,"[""NN-53""]",,[],,[],False,False
IMB,33,e8601faf4b3e01352f7655e833eb04f1c65b4f4cde7da6bf730bbde5b0198d16,5C4,PROVINCE,,,UNAVAILABLE,True,missing_value,not_a_text_check,"[""NN-53""]",,[],,[],False,False
IMB,33,e8601faf4b3e01352f7655e833eb04f1c65b4f4cde7da6bf730bbde5b0198d16,5C4,VILLE,,,UNAVAILABLE,True,missing_value,not_a_text_check,"[""NN-53""]",,[],,[],False,False
IMB,33,e8601faf4b3e01352f7655e833eb04f1c65b4f4cde7da6bf730bbde5b0198d16,5C4,COMMUNE,,,UNAVAILABLE,True,missing_value,not_a_text_check,"[""NN-53""]",,[],,[],False,False
IMB,33,e8601faf4b3e01352f7655e833eb04f1c65b4f4cde7da6bf730bbde5b0198d16,5C4,CODE_POSTAL,,,UNAVAILABLE,True,missing_value,not_a_text_check,"[""NN-53""]",,[],,[],False,False
IMB,33,e8601faf4b3e01352f7655e833eb04f1c65b4f4cde7da6bf730bbde5b0198d16,5C4,NUMERO_VOIE,,,UNAVAILABLE,True,missing_value,not_a_text_check,"[""NN-53""]",,[],,[],False,False
IMB,33,e8601faf4b3e01352f7655e833eb04f1c65b4f4cde7da6bf730bbde5b0198d16,5C4,TYPE_VOIE,,,UNAVAILABLE,True,missing_value,not_a_text_check,"[""NN-53""]",,[],,[],False,False
IMB,33,e8601faf4b3e01352f7655e833eb04f1c65b4f4cde7da6bf730bbde5b0198d16,5C4,TYPE_BATIMENT,,,UNAVAILABLE,True,missing_value,not_a_text_check,"[""NN-53""]",,[],,[],False,False
IMB,33,e8601faf4b3e01352f7655e833eb04f1c65b4f4cde7da6bf730bbde5b0198d16,5C4,TYPE_CLIENT,,,UNAVAILABLE,True,missing_value,not_a_text_check,"[""NN-53""]",,[],,[],False,False
IMB,33,e8601faf4b3e01352f7655e833eb04f1c65b4f4cde7da6bf730bbde5b0198d16,5C4,NB_LOC_RES,,,UNAVAILABLE,True,missing_value,not_a_text_check,"[""NN-53""]",,[],,[],False,False
IMB,33,e8601faf4b3e01352f7655e833eb04f1c65b4f4cde7da6bf730bbde5b0198d16,5C4,NB_LOC_PRO,,,UNAVAILABLE,True,missing_value,not_a_text_check,"[""NN-53""]",,[],,[],False,False
IMB,33,e8601faf4b3e01352f7655e833eb04f1c65b4f4cde7da6bf730bbde5b0198d16,5C4,NB_LOC_TOT,,,UNAVAILABLE,True,missing_value,not_a_text_check,"[""NN-53""]",,[],,[],False,False
IMB,33,e8601faf4b3e01352f7655e833eb04f1c65b4f4cde7da6bf730bbde5b0198d16,5C4,RACCORDEMENT,,,UNAVAILABLE,True,missing_value,not_a_text_check,"[""NN-53""]",,[],,[],False,False
IMB,33,e8601faf4b3e01352f7655e833eb04f1c65b4f4cde7da6bf730bbde5b0198d16,5C4,STATUT,,,UNAVAILABLE,True,missing_value,not_a_text_check,"[""NN-53""]",,[],,[],False,False
IMB,33,e8601faf4b3e01352f7655e833eb04f1c65b4f4cde7da6bf730bbde5b0198d16,5C4,NB_ETAGE,,,UNAVAILABLE,True,missing_value,not_a_text_check,"[""NN-53""]",,[],,[],False,False
IMB,33,e8601faf4b3e01352f7655e833eb04f1c65b4f4cde7da6bf730bbde5b0198d16,5C4,COL_MONTANTE,,,UNAVAILABLE,True,missing_value,not_a_text_check,"[""NN-53""]",,[],,[],False,False
IMB,33,e8601faf4b3e01352f7655e833eb04f1c65b4f4cde7da6bf730bbde5b0198d16,5C4,SOUS_SOL,,,UNAVAILABLE,True,missing_value,not_a_text_check,"[""NN-53""]",,[],,[],False,False
IMB,33,e8601faf4b3e01352f7655e833eb04f1c65b4f4cde7da6bf730bbde5b0198d16,5C4,SOUS_SOL_COMMUN,,,UNAVAILABLE,True,missing_value,not_a_text_check,"[""NN-53""]",,[],,[],False,False
IMB,33,e8601faf4b3e01352f7655e833eb04f1c65b4f4cde7da6bf730bbde5b0198d16,5C4,BPE_CODE,,,UNAVAILABLE,True,missing_value,not_a_text_check,"[""NN-53""]",,[],,[],False,False
IMB,33,e8601faf4b3e01352f7655e833eb04f1c65b4f4cde7da6bf730bbde5b0198d16,5C4,X,12543699.294050844,12543699.294050844,DWG_DERIVED:GEODATA+direct-CRS-transform,False,exact,not_a_text_check,"[""NN-53""]",,[],,[],False,False
IMB,33,e8601faf4b3e01352f7655e833eb04f1c65b4f4cde7da6bf730bbde5b0198d16,5C4,Y,-821624.5131682623,-821624.5131682623,DWG_DERIVED:GEODATA+direct-CRS-transform,False,exact,not_a_text_check,"[""NN-53""]",,[],,[],False,False
IMB,33,e8601faf4b3e01352f7655e833eb04f1c65b4f4cde7da6bf730bbde5b0198d16,5C4,display_label,NN-53,NN-53,DWG_DIRECT:text|RULE:AI-IMB-LABEL-001,False,exact,exact,"[""NN-53""]",,[],,[],False,False
IMB,34,e4065f019d3b59451d3f16c780fe964a8ac978b9935726ae19feb3746ce67e65,5B2,CODE,NN-35,NN-35,DWG_DIRECT:text|RULE:AI-IMB-CODE-001,False,exact,exact,"[""NN-35""]",,[],,[],False,False
IMB,34,e4065f019d3b59451d3f16c780fe964a8ac978b9935726ae19feb3746ce67e65,5B2,REF_PLAQUE,,,UNAVAILABLE,True,missing_value,not_a_text_check,"[""NN-35""]",,[],,[],False,False
IMB,34,e4065f019d3b59451d3f16c780fe964a8ac978b9935726ae19feb3746ce67e65,5B2,REGION,,,UNAVAILABLE,True,missing_value,not_a_text_check,"[""NN-35""]",,[],,[],False,False
IMB,34,e4065f019d3b59451d3f16c780fe964a8ac978b9935726ae19feb3746ce67e65,5B2,PROVINCE,,,UNAVAILABLE,True,missing_value,not_a_text_check,"[""NN-35""]",,[],,[],False,False
IMB,34,e4065f019d3b59451d3f16c780fe964a8ac978b9935726ae19feb3746ce67e65,5B2,VILLE,,,UNAVAILABLE,True,missing_value,not_a_text_check,"[""NN-35""]",,[],,[],False,False
IMB,34,e4065f019d3b59451d3f16c780fe964a8ac978b9935726ae19feb3746ce67e65,5B2,COMMUNE,,,UNAVAILABLE,True,missing_value,not_a_text_check,"[""NN-35""]",,[],,[],False,False
IMB,34,e4065f019d3b59451d3f16c780fe964a8ac978b9935726ae19feb3746ce67e65,5B2,CODE_POSTAL,,,UNAVAILABLE,True,missing_value,not_a_text_check,"[""NN-35""]",,[],,[],False,False
IMB,34,e4065f019d3b59451d3f16c780fe964a8ac978b9935726ae19feb3746ce67e65,5B2,NUMERO_VOIE,,,UNAVAILABLE,True,missing_value,not_a_text_check,"[""NN-35""]",,[],,[],False,False
IMB,34,e4065f019d3b59451d3f16c780fe964a8ac978b9935726ae19feb3746ce67e65,5B2,TYPE_VOIE,,,UNAVAILABLE,True,missing_value,not_a_text_check,"[""NN-35""]",,[],,[],False,False
IMB,34,e4065f019d3b59451d3f16c780fe964a8ac978b9935726ae19feb3746ce67e65,5B2,TYPE_BATIMENT,,,UNAVAILABLE,True,missing_value,not_a_text_check,"[""NN-35""]",,[],,[],False,False
IMB,34,e4065f019d3b59451d3f16c780fe964a8ac978b9935726ae19feb3746ce67e65,5B2,TYPE_CLIENT,,,UNAVAILABLE,True,missing_value,not_a_text_check,"[""NN-35""]",,[],,[],False,False
IMB,34,e4065f019d3b59451d3f16c780fe964a8ac978b9935726ae19feb3746ce67e65,5B2,NB_LOC_RES,,,UNAVAILABLE,True,missing_value,not_a_text_check,"[""NN-35""]",,[],,[],False,False
IMB,34,e4065f019d3b59451d3f16c780fe964a8ac978b9935726ae19feb3746ce67e65,5B2,NB_LOC_PRO,,,UNAVAILABLE,True,missing_value,not_a_text_check,"[""NN-35""]",,[],,[],False,False
IMB,34,e4065f019d3b59451d3f16c780fe964a8ac978b9935726ae19feb3746ce67e65,5B2,NB_LOC_TOT,,,UNAVAILABLE,True,missing_value,not_a_text_check,"[""NN-35""]",,[],,[],False,False
IMB,34,e4065f019d3b59451d3f16c780fe964a8ac978b9935726ae19feb3746ce67e65,5B2,RACCORDEMENT,,,UNAVAILABLE,True,missing_value,not_a_text_check,"[""NN-35""]",,[],,[],False,False
IMB,34,e4065f019d3b59451d3f16c780fe964a8ac978b9935726ae19feb3746ce67e65,5B2,STATUT,,,UNAVAILABLE,True,missing_value,not_a_text_check,"[""NN-35""]",,[],,[],False,False
IMB,34,e4065f019d3b59451d3f16c780fe964a8ac978b9935726ae19feb3746ce67e65,5B2,NB_ETAGE,,,UNAVAILABLE,True,missing_value,not_a_text_check,"[""NN-35""]",,[],,[],False,False
IMB,34,e4065f019d3b59451d3f16c780fe964a8ac978b9935726ae19feb3746ce67e65,5B2,COL_MONTANTE,,,UNAVAILABLE,True,missing_value,not_a_text_check,"[""NN-35""]",,[],,[],False,False
IMB,34,e4065f019d3b59451d3f16c780fe964a8ac978b9935726ae19feb3746ce67e65,5B2,SOUS_SOL,,,UNAVAILABLE,True,missing_value,not_a_text_check,"[""NN-35""]",,[],,[],False,False
IMB,34,e4065f019d3b59451d3f16c780fe964a8ac978b9935726ae19feb3746ce67e65,5B2,SOUS_SOL_COMMUN,,,UNAVAILABLE,True,missing_value,not_a_text_check,"[""NN-35""]",,[],,[],False,False
IMB,34,e4065f019d3b59451d3f16c780fe964a8ac978b9935726ae19feb3746ce67e65,5B2,BPE_CODE,,,UNAVAILABLE,True,missing_value,not_a_text_check,"[""NN-35""]",,[],,[],False,False
IMB,34,e4065f019d3b59451d3f16c780fe964a8ac978b9935726ae19feb3746ce67e65,5B2,X,12543689.863697585,12543689.863697585,DWG_DERIVED:GEODATA+direct-CRS-transform,False,exact,not_a_text_check,"[""NN-35""]",,[],,[],False,False
IMB,34,e4065f019d3b59451d3f16c780fe964a8ac978b9935726ae19feb3746ce67e65,5B2,Y,-821587.6116510796,-821587.6116510796,DWG_DERIVED:GEODATA+direct-CRS-transform,False,exact,not_a_text_check,"[""NN-35""]",,[],,[],False,False
IMB,34,e4065f019d3b59451d3f16c780fe964a8ac978b9935726ae19feb3746ce67e65,5B2,display_label,NN-35,NN-35,DWG_DIRECT:text|RULE:AI-IMB-LABEL-001,False,exact,exact,"[""NN-35""]",,[],,[],False,False
IMB,35,4f72c13ea6744fc4b1920d5ff1ba431d368808494e41625f12afd3ef5b53daef,58F,CODE,SPBU,SPBU,DWG_DIRECT:text|RULE:AI-IMB-CODE-001,False,exact,exact,"[""SPBU""]",,[],,[],False,False
IMB,35,4f72c13ea6744fc4b1920d5ff1ba431d368808494e41625f12afd3ef5b53daef,58F,REF_PLAQUE,,,UNAVAILABLE,True,missing_value,not_a_text_check,"[""SPBU""]",,[],,[],False,False
IMB,35,4f72c13ea6744fc4b1920d5ff1ba431d368808494e41625f12afd3ef5b53daef,58F,REGION,,,UNAVAILABLE,True,missing_value,not_a_text_check,"[""SPBU""]",,[],,[],False,False
IMB,35,4f72c13ea6744fc4b1920d5ff1ba431d368808494e41625f12afd3ef5b53daef,58F,PROVINCE,,,UNAVAILABLE,True,missing_value,not_a_text_check,"[""SPBU""]",,[],,[],False,False
IMB,35,4f72c13ea6744fc4b1920d5ff1ba431d368808494e41625f12afd3ef5b53daef,58F,VILLE,,,UNAVAILABLE,True,missing_value,not_a_text_check,"[""SPBU""]",,[],,[],False,False
IMB,35,4f72c13ea6744fc4b1920d5ff1ba431d368808494e41625f12afd3ef5b53daef,58F,COMMUNE,,,UNAVAILABLE,True,missing_value,not_a_text_check,"[""SPBU""]",,[],,[],False,False
IMB,35,4f72c13ea6744fc4b1920d5ff1ba431d368808494e41625f12afd3ef5b53daef,58F,CODE_POSTAL,,,UNAVAILABLE,True,missing_value,not_a_text_check,"[""SPBU""]",,[],,[],False,False
IMB,35,4f72c13ea6744fc4b1920d5ff1ba431d368808494e41625f12afd3ef5b53daef,58F,NUMERO_VOIE,,,UNAVAILABLE,True,missing_value,not_a_text_check,"[""SPBU""]",,[],,[],False,False
IMB,35,4f72c13ea6744fc4b1920d5ff1ba431d368808494e41625f12afd3ef5b53daef,58F,TYPE_VOIE,,,UNAVAILABLE,True,missing_value,not_a_text_check,"[""SPBU""]",,[],,[],False,False
IMB,35,4f72c13ea6744fc4b1920d5ff1ba431d368808494e41625f12afd3ef5b53daef,58F,TYPE_BATIMENT,,,UNAVAILABLE,True,missing_value,not_a_text_check,"[""SPBU""]",,[],,[],False,False
IMB,35,4f72c13ea6744fc4b1920d5ff1ba431d368808494e41625f12afd3ef5b53daef,58F,TYPE_CLIENT,,,UNAVAILABLE,True,missing_value,not_a_text_check,"[""SPBU""]",,[],,[],False,False
IMB,35,4f72c13ea6744fc4b1920d5ff1ba431d368808494e41625f12afd3ef5b53daef,58F,NB_LOC_RES,,,UNAVAILABLE,True,missing_value,not_a_text_check,"[""SPBU""]",,[],,[],False,False
IMB,35,4f72c13ea6744fc4b1920d5ff1ba431d368808494e41625f12afd3ef5b53daef,58F,NB_LOC_PRO,,,UNAVAILABLE,True,missing_value,not_a_text_check,"[""SPBU""]",,[],,[],False,False
IMB,35,4f72c13ea6744fc4b1920d5ff1ba431d368808494e41625f12afd3ef5b53daef,58F,NB_LOC_TOT,,,UNAVAILABLE,True,missing_value,not_a_text_check,"[""SPBU""]",,[],,[],False,False
IMB,35,4f72c13ea6744fc4b1920d5ff1ba431d368808494e41625f12afd3ef5b53daef,58F,RACCORDEMENT,,,UNAVAILABLE,True,missing_value,not_a_text_check,"[""SPBU""]",,[],,[],False,False
IMB,35,4f72c13ea6744fc4b1920d5ff1ba431d368808494e41625f12afd3ef5b53daef,58F,STATUT,,,UNAVAILABLE,True,missing_value,not_a_text_check,"[""SPBU""]",,[],,[],False,False
IMB,35,4f72c13ea6744fc4b1920d5ff1ba431d368808494e41625f12afd3ef5b53daef,58F,NB_ETAGE,,,UNAVAILABLE,True,missing_value,not_a_text_check,"[""SPBU""]",,[],,[],False,False
IMB,35,4f72c13ea6744fc4b1920d5ff1ba431d368808494e41625f12afd3ef5b53daef,58F,COL_MONTANTE,,,UNAVAILABLE,True,missing_value,not_a_text_check,"[""SPBU""]",,[],,[],False,False
IMB,35,4f72c13ea6744fc4b1920d5ff1ba431d368808494e41625f12afd3ef5b53daef,58F,SOUS_SOL,,,UNAVAILABLE,True,missing_value,not_a_text_check,"[""SPBU""]",,[],,[],False,False
IMB,35,4f72c13ea6744fc4b1920d5ff1ba431d368808494e41625f12afd3ef5b53daef,58F,SOUS_SOL_COMMUN,,,UNAVAILABLE,True,missing_value,not_a_text_check,"[""SPBU""]",,[],,[],False,False
IMB,35,4f72c13ea6744fc4b1920d5ff1ba431d368808494e41625f12afd3ef5b53daef,58F,BPE_CODE,,,UNAVAILABLE,True,missing_value,not_a_text_check,"[""SPBU""]",,[],,[],False,False
IMB,35,4f72c13ea6744fc4b1920d5ff1ba431d368808494e41625f12afd3ef5b53daef,58F,X,12543980.691134077,12543980.691134077,DWG_DERIVED:GEODATA+direct-CRS-transform,False,exact,not_a_text_check,"[""SPBU""]",,[],,[],False,False
IMB,35,4f72c13ea6744fc4b1920d5ff1ba431d368808494e41625f12afd3ef5b53daef,58F,Y,-821483.3034131571,-821483.3034131571,DWG_DERIVED:GEODATA+direct-CRS-transform,False,exact,not_a_text_check,"[""SPBU""]",,[],,[],False,False
IMB,35,4f72c13ea6744fc4b1920d5ff1ba431d368808494e41625f12afd3ef5b53daef,58F,display_label,SPBU,SPBU,DWG_DIRECT:text|RULE:AI-IMB-LABEL-001,False,exact,exact,"[""SPBU""]",,[],,[],False,False
IMB,36,b42e75e29beae35aa747c6a4731d9aaaebf2e0e8fc174805232928caee8af63b,5F7,CODE,NN-101,NN-101,DWG_DIRECT:text|RULE:AI-IMB-CODE-001,False,exact,exact,"[""NN-101""]",,[],,[],False,False
IMB,36,b42e75e29beae35aa747c6a4731d9aaaebf2e0e8fc174805232928caee8af63b,5F7,REF_PLAQUE,,,UNAVAILABLE,True,missing_value,not_a_text_check,"[""NN-101""]",,[],,[],False,False
IMB,36,b42e75e29beae35aa747c6a4731d9aaaebf2e0e8fc174805232928caee8af63b,5F7,REGION,,,UNAVAILABLE,True,missing_value,not_a_text_check,"[""NN-101""]",,[],,[],False,False
IMB,36,b42e75e29beae35aa747c6a4731d9aaaebf2e0e8fc174805232928caee8af63b,5F7,PROVINCE,,,UNAVAILABLE,True,missing_value,not_a_text_check,"[""NN-101""]",,[],,[],False,False
IMB,36,b42e75e29beae35aa747c6a4731d9aaaebf2e0e8fc174805232928caee8af63b,5F7,VILLE,,,UNAVAILABLE,True,missing_value,not_a_text_check,"[""NN-101""]",,[],,[],False,False
IMB,36,b42e75e29beae35aa747c6a4731d9aaaebf2e0e8fc174805232928caee8af63b,5F7,COMMUNE,,,UNAVAILABLE,True,missing_value,not_a_text_check,"[""NN-101""]",,[],,[],False,False
IMB,36,b42e75e29beae35aa747c6a4731d9aaaebf2e0e8fc174805232928caee8af63b,5F7,CODE_POSTAL,,,UNAVAILABLE,True,missing_value,not_a_text_check,"[""NN-101""]",,[],,[],False,False
IMB,36,b42e75e29beae35aa747c6a4731d9aaaebf2e0e8fc174805232928caee8af63b,5F7,NUMERO_VOIE,,,UNAVAILABLE,True,missing_value,not_a_text_check,"[""NN-101""]",,[],,[],False,False
IMB,36,b42e75e29beae35aa747c6a4731d9aaaebf2e0e8fc174805232928caee8af63b,5F7,TYPE_VOIE,,,UNAVAILABLE,True,missing_value,not_a_text_check,"[""NN-101""]",,[],,[],False,False
IMB,36,b42e75e29beae35aa747c6a4731d9aaaebf2e0e8fc174805232928caee8af63b,5F7,TYPE_BATIMENT,,,UNAVAILABLE,True,missing_value,not_a_text_check,"[""NN-101""]",,[],,[],False,False
IMB,36,b42e75e29beae35aa747c6a4731d9aaaebf2e0e8fc174805232928caee8af63b,5F7,TYPE_CLIENT,,,UNAVAILABLE,True,missing_value,not_a_text_check,"[""NN-101""]",,[],,[],False,False
IMB,36,b42e75e29beae35aa747c6a4731d9aaaebf2e0e8fc174805232928caee8af63b,5F7,NB_LOC_RES,,,UNAVAILABLE,True,missing_value,not_a_text_check,"[""NN-101""]",,[],,[],False,False
IMB,36,b42e75e29beae35aa747c6a4731d9aaaebf2e0e8fc174805232928caee8af63b,5F7,NB_LOC_PRO,,,UNAVAILABLE,True,missing_value,not_a_text_check,"[""NN-101""]",,[],,[],False,False
IMB,36,b42e75e29beae35aa747c6a4731d9aaaebf2e0e8fc174805232928caee8af63b,5F7,NB_LOC_TOT,,,UNAVAILABLE,True,missing_value,not_a_text_check,"[""NN-101""]",,[],,[],False,False
IMB,36,b42e75e29beae35aa747c6a4731d9aaaebf2e0e8fc174805232928caee8af63b,5F7,RACCORDEMENT,,,UNAVAILABLE,True,missing_value,not_a_text_check,"[""NN-101""]",,[],,[],False,False
IMB,36,b42e75e29beae35aa747c6a4731d9aaaebf2e0e8fc174805232928caee8af63b,5F7,STATUT,,,UNAVAILABLE,True,missing_value,not_a_text_check,"[""NN-101""]",,[],,[],False,False
IMB,36,b42e75e29beae35aa747c6a4731d9aaaebf2e0e8fc174805232928caee8af63b,5F7,NB_ETAGE,,,UNAVAILABLE,True,missing_value,not_a_text_check,"[""NN-101""]",,[],,[],False,False
IMB,36,b42e75e29beae35aa747c6a4731d9aaaebf2e0e8fc174805232928caee8af63b,5F7,COL_MONTANTE,,,UNAVAILABLE,True,missing_value,not_a_text_check,"[""NN-101""]",,[],,[],False,False
IMB,36,b42e75e29beae35aa747c6a4731d9aaaebf2e0e8fc174805232928caee8af63b,5F7,SOUS_SOL,,,UNAVAILABLE,True,missing_value,not_a_text_check,"[""NN-101""]",,[],,[],False,False
IMB,36,b42e75e29beae35aa747c6a4731d9aaaebf2e0e8fc174805232928caee8af63b,5F7,SOUS_SOL_COMMUN,,,UNAVAILABLE,True,missing_value,not_a_text_check,"[""NN-101""]",,[],,[],False,False
IMB,36,b42e75e29beae35aa747c6a4731d9aaaebf2e0e8fc174805232928caee8af63b,5F7,BPE_CODE,,,UNAVAILABLE,True,missing_value,not_a_text_check,"[""NN-101""]",,[],,[],False,False
IMB,36,b42e75e29beae35aa747c6a4731d9aaaebf2e0e8fc174805232928caee8af63b,5F7,X,12543609.31789593,12543609.31789593,DWG_DERIVED:GEODATA+direct-CRS-transform,False,exact,not_a_text_check,"[""NN-101""]",,[],,[],False,False
IMB,36,b42e75e29beae35aa747c6a4731d9aaaebf2e0e8fc174805232928caee8af63b,5F7,Y,-821480.1877989548,-821480.1877989548,DWG_DERIVED:GEODATA+direct-CRS-transform,False,exact,not_a_text_check,"[""NN-101""]",,[],,[],False,False
IMB,36,b42e75e29beae35aa747c6a4731d9aaaebf2e0e8fc174805232928caee8af63b,5F7,display_label,NN-101,NN-101,DWG_DIRECT:text|RULE:AI-IMB-LABEL-001,False,exact,exact,"[""NN-101""]",,[],,[],False,False
IMB,37,8fbc27e6ef3d2b2b0136f2fe5882ea2d914325ffdc536c7388580430258102dc,5BC,CODE,NN-45,NN-45,DWG_DIRECT:text|RULE:AI-IMB-CODE-001,False,exact,exact,"[""NN-45""]",,[],,[],False,False
IMB,37,8fbc27e6ef3d2b2b0136f2fe5882ea2d914325ffdc536c7388580430258102dc,5BC,REF_PLAQUE,,,UNAVAILABLE,True,missing_value,not_a_text_check,"[""NN-45""]",,[],,[],False,False
IMB,37,8fbc27e6ef3d2b2b0136f2fe5882ea2d914325ffdc536c7388580430258102dc,5BC,REGION,,,UNAVAILABLE,True,missing_value,not_a_text_check,"[""NN-45""]",,[],,[],False,False
IMB,37,8fbc27e6ef3d2b2b0136f2fe5882ea2d914325ffdc536c7388580430258102dc,5BC,PROVINCE,,,UNAVAILABLE,True,missing_value,not_a_text_check,"[""NN-45""]",,[],,[],False,False
IMB,37,8fbc27e6ef3d2b2b0136f2fe5882ea2d914325ffdc536c7388580430258102dc,5BC,VILLE,,,UNAVAILABLE,True,missing_value,not_a_text_check,"[""NN-45""]",,[],,[],False,False
IMB,37,8fbc27e6ef3d2b2b0136f2fe5882ea2d914325ffdc536c7388580430258102dc,5BC,COMMUNE,,,UNAVAILABLE,True,missing_value,not_a_text_check,"[""NN-45""]",,[],,[],False,False
IMB,37,8fbc27e6ef3d2b2b0136f2fe5882ea2d914325ffdc536c7388580430258102dc,5BC,CODE_POSTAL,,,UNAVAILABLE,True,missing_value,not_a_text_check,"[""NN-45""]",,[],,[],False,False
IMB,37,8fbc27e6ef3d2b2b0136f2fe5882ea2d914325ffdc536c7388580430258102dc,5BC,NUMERO_VOIE,,,UNAVAILABLE,True,missing_value,not_a_text_check,"[""NN-45""]",,[],,[],False,False
IMB,37,8fbc27e6ef3d2b2b0136f2fe5882ea2d914325ffdc536c7388580430258102dc,5BC,TYPE_VOIE,,,UNAVAILABLE,True,missing_value,not_a_text_check,"[""NN-45""]",,[],,[],False,False
IMB,37,8fbc27e6ef3d2b2b0136f2fe5882ea2d914325ffdc536c7388580430258102dc,5BC,TYPE_BATIMENT,,,UNAVAILABLE,True,missing_value,not_a_text_check,"[""NN-45""]",,[],,[],False,False
IMB,37,8fbc27e6ef3d2b2b0136f2fe5882ea2d914325ffdc536c7388580430258102dc,5BC,TYPE_CLIENT,,,UNAVAILABLE,True,missing_value,not_a_text_check,"[""NN-45""]",,[],,[],False,False
IMB,37,8fbc27e6ef3d2b2b0136f2fe5882ea2d914325ffdc536c7388580430258102dc,5BC,NB_LOC_RES,,,UNAVAILABLE,True,missing_value,not_a_text_check,"[""NN-45""]",,[],,[],False,False
IMB,37,8fbc27e6ef3d2b2b0136f2fe5882ea2d914325ffdc536c7388580430258102dc,5BC,NB_LOC_PRO,,,UNAVAILABLE,True,missing_value,not_a_text_check,"[""NN-45""]",,[],,[],False,False
IMB,37,8fbc27e6ef3d2b2b0136f2fe5882ea2d914325ffdc536c7388580430258102dc,5BC,NB_LOC_TOT,,,UNAVAILABLE,True,missing_value,not_a_text_check,"[""NN-45""]",,[],,[],False,False
IMB,37,8fbc27e6ef3d2b2b0136f2fe5882ea2d914325ffdc536c7388580430258102dc,5BC,RACCORDEMENT,,,UNAVAILABLE,True,missing_value,not_a_text_check,"[""NN-45""]",,[],,[],False,False
IMB,37,8fbc27e6ef3d2b2b0136f2fe5882ea2d914325ffdc536c7388580430258102dc,5BC,STATUT,,,UNAVAILABLE,True,missing_value,not_a_text_check,"[""NN-45""]",,[],,[],False,False
IMB,37,8fbc27e6ef3d2b2b0136f2fe5882ea2d914325ffdc536c7388580430258102dc,5BC,NB_ETAGE,,,UNAVAILABLE,True,missing_value,not_a_text_check,"[""NN-45""]",,[],,[],False,False
IMB,37,8fbc27e6ef3d2b2b0136f2fe5882ea2d914325ffdc536c7388580430258102dc,5BC,COL_MONTANTE,,,UNAVAILABLE,True,missing_value,not_a_text_check,"[""NN-45""]",,[],,[],False,False
IMB,37,8fbc27e6ef3d2b2b0136f2fe5882ea2d914325ffdc536c7388580430258102dc,5BC,SOUS_SOL,,,UNAVAILABLE,True,missing_value,not_a_text_check,"[""NN-45""]",,[],,[],False,False
IMB,37,8fbc27e6ef3d2b2b0136f2fe5882ea2d914325ffdc536c7388580430258102dc,5BC,SOUS_SOL_COMMUN,,,UNAVAILABLE,True,missing_value,not_a_text_check,"[""NN-45""]",,[],,[],False,False
IMB,37,8fbc27e6ef3d2b2b0136f2fe5882ea2d914325ffdc536c7388580430258102dc,5BC,BPE_CODE,,,UNAVAILABLE,True,missing_value,not_a_text_check,"[""NN-45""]",,[],,[],False,False
IMB,37,8fbc27e6ef3d2b2b0136f2fe5882ea2d914325ffdc536c7388580430258102dc,5BC,X,12543625.00929301,12543625.00929301,DWG_DERIVED:GEODATA+direct-CRS-transform,False,exact,not_a_text_check,"[""NN-45""]",,[],,[],False,False
IMB,37,8fbc27e6ef3d2b2b0136f2fe5882ea2d914325ffdc536c7388580430258102dc,5BC,Y,-821608.9493993722,-821608.9493993722,DWG_DERIVED:GEODATA+direct-CRS-transform,False,exact,not_a_text_check,"[""NN-45""]",,[],,[],False,False
IMB,37,8fbc27e6ef3d2b2b0136f2fe5882ea2d914325ffdc536c7388580430258102dc,5BC,display_label,NN-45,NN-45,DWG_DIRECT:text|RULE:AI-IMB-LABEL-001,False,exact,exact,"[""NN-45""]",,[],,[],False,False
IMB,38,6b927c27436e5358de45699da76838712e6bf0478bc92c326b00102ab5f87943,57E,CODE,GUDANG-23,GUDANG-23,DWG_DIRECT:text|RULE:AI-IMB-CODE-001,False,exact,exact,"[""GUDANG-23""]",,[],,[],False,False
IMB,38,6b927c27436e5358de45699da76838712e6bf0478bc92c326b00102ab5f87943,57E,REF_PLAQUE,,,UNAVAILABLE,True,missing_value,not_a_text_check,"[""GUDANG-23""]",,[],,[],False,False
IMB,38,6b927c27436e5358de45699da76838712e6bf0478bc92c326b00102ab5f87943,57E,REGION,,,UNAVAILABLE,True,missing_value,not_a_text_check,"[""GUDANG-23""]",,[],,[],False,False
IMB,38,6b927c27436e5358de45699da76838712e6bf0478bc92c326b00102ab5f87943,57E,PROVINCE,,,UNAVAILABLE,True,missing_value,not_a_text_check,"[""GUDANG-23""]",,[],,[],False,False
IMB,38,6b927c27436e5358de45699da76838712e6bf0478bc92c326b00102ab5f87943,57E,VILLE,,,UNAVAILABLE,True,missing_value,not_a_text_check,"[""GUDANG-23""]",,[],,[],False,False
IMB,38,6b927c27436e5358de45699da76838712e6bf0478bc92c326b00102ab5f87943,57E,COMMUNE,,,UNAVAILABLE,True,missing_value,not_a_text_check,"[""GUDANG-23""]",,[],,[],False,False
IMB,38,6b927c27436e5358de45699da76838712e6bf0478bc92c326b00102ab5f87943,57E,CODE_POSTAL,,,UNAVAILABLE,True,missing_value,not_a_text_check,"[""GUDANG-23""]",,[],,[],False,False
IMB,38,6b927c27436e5358de45699da76838712e6bf0478bc92c326b00102ab5f87943,57E,NUMERO_VOIE,,,UNAVAILABLE,True,missing_value,not_a_text_check,"[""GUDANG-23""]",,[],,[],False,False
IMB,38,6b927c27436e5358de45699da76838712e6bf0478bc92c326b00102ab5f87943,57E,TYPE_VOIE,,,UNAVAILABLE,True,missing_value,not_a_text_check,"[""GUDANG-23""]",,[],,[],False,False
IMB,38,6b927c27436e5358de45699da76838712e6bf0478bc92c326b00102ab5f87943,57E,TYPE_BATIMENT,,,UNAVAILABLE,True,missing_value,not_a_text_check,"[""GUDANG-23""]",,[],,[],False,False
IMB,38,6b927c27436e5358de45699da76838712e6bf0478bc92c326b00102ab5f87943,57E,TYPE_CLIENT,,,UNAVAILABLE,True,missing_value,not_a_text_check,"[""GUDANG-23""]",,[],,[],False,False
IMB,38,6b927c27436e5358de45699da76838712e6bf0478bc92c326b00102ab5f87943,57E,NB_LOC_RES,,,UNAVAILABLE,True,missing_value,not_a_text_check,"[""GUDANG-23""]",,[],,[],False,False
IMB,38,6b927c27436e5358de45699da76838712e6bf0478bc92c326b00102ab5f87943,57E,NB_LOC_PRO,,,UNAVAILABLE,True,missing_value,not_a_text_check,"[""GUDANG-23""]",,[],,[],False,False
IMB,38,6b927c27436e5358de45699da76838712e6bf0478bc92c326b00102ab5f87943,57E,NB_LOC_TOT,,,UNAVAILABLE,True,missing_value,not_a_text_check,"[""GUDANG-23""]",,[],,[],False,False
IMB,38,6b927c27436e5358de45699da76838712e6bf0478bc92c326b00102ab5f87943,57E,RACCORDEMENT,,,UNAVAILABLE,True,missing_value,not_a_text_check,"[""GUDANG-23""]",,[],,[],False,False
IMB,38,6b927c27436e5358de45699da76838712e6bf0478bc92c326b00102ab5f87943,57E,STATUT,,,UNAVAILABLE,True,missing_value,not_a_text_check,"[""GUDANG-23""]",,[],,[],False,False
IMB,38,6b927c27436e5358de45699da76838712e6bf0478bc92c326b00102ab5f87943,57E,NB_ETAGE,,,UNAVAILABLE,True,missing_value,not_a_text_check,"[""GUDANG-23""]",,[],,[],False,False
IMB,38,6b927c27436e5358de45699da76838712e6bf0478bc92c326b00102ab5f87943,57E,COL_MONTANTE,,,UNAVAILABLE,True,missing_value,not_a_text_check,"[""GUDANG-23""]",,[],,[],False,False
IMB,38,6b927c27436e5358de45699da76838712e6bf0478bc92c326b00102ab5f87943,57E,SOUS_SOL,,,UNAVAILABLE,True,missing_value,not_a_text_check,"[""GUDANG-23""]",,[],,[],False,False
IMB,38,6b927c27436e5358de45699da76838712e6bf0478bc92c326b00102ab5f87943,57E,SOUS_SOL_COMMUN,,,UNAVAILABLE,True,missing_value,not_a_text_check,"[""GUDANG-23""]",,[],,[],False,False
IMB,38,6b927c27436e5358de45699da76838712e6bf0478bc92c326b00102ab5f87943,57E,BPE_CODE,,,UNAVAILABLE,True,missing_value,not_a_text_check,"[""GUDANG-23""]",,[],,[],False,False
IMB,38,6b927c27436e5358de45699da76838712e6bf0478bc92c326b00102ab5f87943,57E,X,12543878.542106831,12543878.542106831,DWG_DERIVED:GEODATA+direct-CRS-transform,False,exact,not_a_text_check,"[""GUDANG-23""]",,[],,[],False,False
IMB,38,6b927c27436e5358de45699da76838712e6bf0478bc92c326b00102ab5f87943,57E,Y,-821671.0219146055,-821671.0219146055,DWG_DERIVED:GEODATA+direct-CRS-transform,False,exact,not_a_text_check,"[""GUDANG-23""]",,[],,[],False,False
IMB,38,6b927c27436e5358de45699da76838712e6bf0478bc92c326b00102ab5f87943,57E,display_label,GUDANG-23,GUDANG-23,DWG_DIRECT:text|RULE:AI-IMB-LABEL-001,False,exact,exact,"[""GUDANG-23""]",,[],,[],False,False
IMB,39,cb1dc4b8fe61ba0af828ed55d1b38b33923df6fb559e45f1c662e00d99bc7689,60B,CODE,NN-121,NN-121,DWG_DIRECT:text|RULE:AI-IMB-CODE-001,False,exact,exact,"[""NN-121""]",,[],,[],False,False
IMB,39,cb1dc4b8fe61ba0af828ed55d1b38b33923df6fb559e45f1c662e00d99bc7689,60B,REF_PLAQUE,,,UNAVAILABLE,True,missing_value,not_a_text_check,"[""NN-121""]",,[],,[],False,False
IMB,39,cb1dc4b8fe61ba0af828ed55d1b38b33923df6fb559e45f1c662e00d99bc7689,60B,REGION,,,UNAVAILABLE,True,missing_value,not_a_text_check,"[""NN-121""]",,[],,[],False,False
IMB,39,cb1dc4b8fe61ba0af828ed55d1b38b33923df6fb559e45f1c662e00d99bc7689,60B,PROVINCE,,,UNAVAILABLE,True,missing_value,not_a_text_check,"[""NN-121""]",,[],,[],False,False
IMB,39,cb1dc4b8fe61ba0af828ed55d1b38b33923df6fb559e45f1c662e00d99bc7689,60B,VILLE,,,UNAVAILABLE,True,missing_value,not_a_text_check,"[""NN-121""]",,[],,[],False,False
IMB,39,cb1dc4b8fe61ba0af828ed55d1b38b33923df6fb559e45f1c662e00d99bc7689,60B,COMMUNE,,,UNAVAILABLE,True,missing_value,not_a_text_check,"[""NN-121""]",,[],,[],False,False
IMB,39,cb1dc4b8fe61ba0af828ed55d1b38b33923df6fb559e45f1c662e00d99bc7689,60B,CODE_POSTAL,,,UNAVAILABLE,True,missing_value,not_a_text_check,"[""NN-121""]",,[],,[],False,False
IMB,39,cb1dc4b8fe61ba0af828ed55d1b38b33923df6fb559e45f1c662e00d99bc7689,60B,NUMERO_VOIE,,,UNAVAILABLE,True,missing_value,not_a_text_check,"[""NN-121""]",,[],,[],False,False
IMB,39,cb1dc4b8fe61ba0af828ed55d1b38b33923df6fb559e45f1c662e00d99bc7689,60B,TYPE_VOIE,,,UNAVAILABLE,True,missing_value,not_a_text_check,"[""NN-121""]",,[],,[],False,False
IMB,39,cb1dc4b8fe61ba0af828ed55d1b38b33923df6fb559e45f1c662e00d99bc7689,60B,TYPE_BATIMENT,,,UNAVAILABLE,True,missing_value,not_a_text_check,"[""NN-121""]",,[],,[],False,False
IMB,39,cb1dc4b8fe61ba0af828ed55d1b38b33923df6fb559e45f1c662e00d99bc7689,60B,TYPE_CLIENT,,,UNAVAILABLE,True,missing_value,not_a_text_check,"[""NN-121""]",,[],,[],False,False
IMB,39,cb1dc4b8fe61ba0af828ed55d1b38b33923df6fb559e45f1c662e00d99bc7689,60B,NB_LOC_RES,,,UNAVAILABLE,True,missing_value,not_a_text_check,"[""NN-121""]",,[],,[],False,False
IMB,39,cb1dc4b8fe61ba0af828ed55d1b38b33923df6fb559e45f1c662e00d99bc7689,60B,NB_LOC_PRO,,,UNAVAILABLE,True,missing_value,not_a_text_check,"[""NN-121""]",,[],,[],False,False
IMB,39,cb1dc4b8fe61ba0af828ed55d1b38b33923df6fb559e45f1c662e00d99bc7689,60B,NB_LOC_TOT,,,UNAVAILABLE,True,missing_value,not_a_text_check,"[""NN-121""]",,[],,[],False,False
IMB,39,cb1dc4b8fe61ba0af828ed55d1b38b33923df6fb559e45f1c662e00d99bc7689,60B,RACCORDEMENT,,,UNAVAILABLE,True,missing_value,not_a_text_check,"[""NN-121""]",,[],,[],False,False
IMB,39,cb1dc4b8fe61ba0af828ed55d1b38b33923df6fb559e45f1c662e00d99bc7689,60B,STATUT,,,UNAVAILABLE,True,missing_value,not_a_text_check,"[""NN-121""]",,[],,[],False,False
IMB,39,cb1dc4b8fe61ba0af828ed55d1b38b33923df6fb559e45f1c662e00d99bc7689,60B,NB_ETAGE,,,UNAVAILABLE,True,missing_value,not_a_text_check,"[""NN-121""]",,[],,[],False,False
IMB,39,cb1dc4b8fe61ba0af828ed55d1b38b33923df6fb559e45f1c662e00d99bc7689,60B,COL_MONTANTE,,,UNAVAILABLE,True,missing_value,not_a_text_check,"[""NN-121""]",,[],,[],False,False
IMB,39,cb1dc4b8fe61ba0af828ed55d1b38b33923df6fb559e45f1c662e00d99bc7689,60B,SOUS_SOL,,,UNAVAILABLE,True,missing_value,not_a_text_check,"[""NN-121""]",,[],,[],False,False
IMB,39,cb1dc4b8fe61ba0af828ed55d1b38b33923df6fb559e45f1c662e00d99bc7689,60B,SOUS_SOL_COMMUN,,,UNAVAILABLE,True,missing_value,not_a_text_check,"[""NN-121""]",,[],,[],False,False
IMB,39,cb1dc4b8fe61ba0af828ed55d1b38b33923df6fb559e45f1c662e00d99bc7689,60B,BPE_CODE,,,UNAVAILABLE,True,missing_value,not_a_text_check,"[""NN-121""]",,[],,[],False,False
IMB,39,cb1dc4b8fe61ba0af828ed55d1b38b33923df6fb559e45f1c662e00d99bc7689,60B,X,12543822.654777257,12543822.654777257,DWG_DERIVED:GEODATA+direct-CRS-transform,False,exact,not_a_text_check,"[""NN-121""]",,[],,[],False,False
IMB,39,cb1dc4b8fe61ba0af828ed55d1b38b33923df6fb559e45f1c662e00d99bc7689,60B,Y,-821486.1059481567,-821486.1059481567,DWG_DERIVED:GEODATA+direct-CRS-transform,False,exact,not_a_text_check,"[""NN-121""]",,[],,[],False,False
IMB,39,cb1dc4b8fe61ba0af828ed55d1b38b33923df6fb559e45f1c662e00d99bc7689,60B,display_label,NN-121,NN-121,DWG_DIRECT:text|RULE:AI-IMB-LABEL-001,False,exact,exact,"[""NN-121""]",,[],,[],False,False
IMB,40,3b8f01ee8da3b7ed04f793c412490d1cdc1d5a969974bcdf7a3b0ebfa0164096,5DF,CODE,NN-77,NN-77,DWG_DIRECT:text|RULE:AI-IMB-CODE-001,False,exact,exact,"[""NN-77""]",,[],,[],False,False
IMB,40,3b8f01ee8da3b7ed04f793c412490d1cdc1d5a969974bcdf7a3b0ebfa0164096,5DF,REF_PLAQUE,,,UNAVAILABLE,True,missing_value,not_a_text_check,"[""NN-77""]",,[],,[],False,False
IMB,40,3b8f01ee8da3b7ed04f793c412490d1cdc1d5a969974bcdf7a3b0ebfa0164096,5DF,REGION,,,UNAVAILABLE,True,missing_value,not_a_text_check,"[""NN-77""]",,[],,[],False,False
IMB,40,3b8f01ee8da3b7ed04f793c412490d1cdc1d5a969974bcdf7a3b0ebfa0164096,5DF,PROVINCE,,,UNAVAILABLE,True,missing_value,not_a_text_check,"[""NN-77""]",,[],,[],False,False
IMB,40,3b8f01ee8da3b7ed04f793c412490d1cdc1d5a969974bcdf7a3b0ebfa0164096,5DF,VILLE,,,UNAVAILABLE,True,missing_value,not_a_text_check,"[""NN-77""]",,[],,[],False,False
IMB,40,3b8f01ee8da3b7ed04f793c412490d1cdc1d5a969974bcdf7a3b0ebfa0164096,5DF,COMMUNE,,,UNAVAILABLE,True,missing_value,not_a_text_check,"[""NN-77""]",,[],,[],False,False
IMB,40,3b8f01ee8da3b7ed04f793c412490d1cdc1d5a969974bcdf7a3b0ebfa0164096,5DF,CODE_POSTAL,,,UNAVAILABLE,True,missing_value,not_a_text_check,"[""NN-77""]",,[],,[],False,False
IMB,40,3b8f01ee8da3b7ed04f793c412490d1cdc1d5a969974bcdf7a3b0ebfa0164096,5DF,NUMERO_VOIE,,,UNAVAILABLE,True,missing_value,not_a_text_check,"[""NN-77""]",,[],,[],False,False
IMB,40,3b8f01ee8da3b7ed04f793c412490d1cdc1d5a969974bcdf7a3b0ebfa0164096,5DF,TYPE_VOIE,,,UNAVAILABLE,True,missing_value,not_a_text_check,"[""NN-77""]",,[],,[],False,False
IMB,40,3b8f01ee8da3b7ed04f793c412490d1cdc1d5a969974bcdf7a3b0ebfa0164096,5DF,TYPE_BATIMENT,,,UNAVAILABLE,True,missing_value,not_a_text_check,"[""NN-77""]",,[],,[],False,False
IMB,40,3b8f01ee8da3b7ed04f793c412490d1cdc1d5a969974bcdf7a3b0ebfa0164096,5DF,TYPE_CLIENT,,,UNAVAILABLE,True,missing_value,not_a_text_check,"[""NN-77""]",,[],,[],False,False
IMB,40,3b8f01ee8da3b7ed04f793c412490d1cdc1d5a969974bcdf7a3b0ebfa0164096,5DF,NB_LOC_RES,,,UNAVAILABLE,True,missing_value,not_a_text_check,"[""NN-77""]",,[],,[],False,False
IMB,40,3b8f01ee8da3b7ed04f793c412490d1cdc1d5a969974bcdf7a3b0ebfa0164096,5DF,NB_LOC_PRO,,,UNAVAILABLE,True,missing_value,not_a_text_check,"[""NN-77""]",,[],,[],False,False
IMB,40,3b8f01ee8da3b7ed04f793c412490d1cdc1d5a969974bcdf7a3b0ebfa0164096,5DF,NB_LOC_TOT,,,UNAVAILABLE,True,missing_value,not_a_text_check,"[""NN-77""]",,[],,[],False,False
IMB,40,3b8f01ee8da3b7ed04f793c412490d1cdc1d5a969974bcdf7a3b0ebfa0164096,5DF,RACCORDEMENT,,,UNAVAILABLE,True,missing_value,not_a_text_check,"[""NN-77""]",,[],,[],False,False
IMB,40,3b8f01ee8da3b7ed04f793c412490d1cdc1d5a969974bcdf7a3b0ebfa0164096,5DF,STATUT,,,UNAVAILABLE,True,missing_value,not_a_text_check,"[""NN-77""]",,[],,[],False,False
IMB,40,3b8f01ee8da3b7ed04f793c412490d1cdc1d5a969974bcdf7a3b0ebfa0164096,5DF,NB_ETAGE,,,UNAVAILABLE,True,missing_value,not_a_text_check,"[""NN-77""]",,[],,[],False,False
IMB,40,3b8f01ee8da3b7ed04f793c412490d1cdc1d5a969974bcdf7a3b0ebfa0164096,5DF,COL_MONTANTE,,,UNAVAILABLE,True,missing_value,not_a_text_check,"[""NN-77""]",,[],,[],False,False
IMB,40,3b8f01ee8da3b7ed04f793c412490d1cdc1d5a969974bcdf7a3b0ebfa0164096,5DF,SOUS_SOL,,,UNAVAILABLE,True,missing_value,not_a_text_check,"[""NN-77""]",,[],,[],False,False
IMB,40,3b8f01ee8da3b7ed04f793c412490d1cdc1d5a969974bcdf7a3b0ebfa0164096,5DF,SOUS_SOL_COMMUN,,,UNAVAILABLE,True,missing_value,not_a_text_check,"[""NN-77""]",,[],,[],False,False
IMB,40,3b8f01ee8da3b7ed04f793c412490d1cdc1d5a969974bcdf7a3b0ebfa0164096,5DF,BPE_CODE,,,UNAVAILABLE,True,missing_value,not_a_text_check,"[""NN-77""]",,[],,[],False,False
IMB,40,3b8f01ee8da3b7ed04f793c412490d1cdc1d5a969974bcdf7a3b0ebfa0164096,5DF,X,12543730.905839687,12543730.905839687,DWG_DERIVED:GEODATA+direct-CRS-transform,False,exact,not_a_text_check,"[""NN-77""]",,[],,[],False,False
IMB,40,3b8f01ee8da3b7ed04f793c412490d1cdc1d5a969974bcdf7a3b0ebfa0164096,5DF,Y,-821502.8432691129,-821502.8432691129,DWG_DERIVED:GEODATA+direct-CRS-transform,False,exact,not_a_text_check,"[""NN-77""]",,[],,[],False,False
IMB,40,3b8f01ee8da3b7ed04f793c412490d1cdc1d5a969974bcdf7a3b0ebfa0164096,5DF,display_label,NN-77,NN-77,DWG_DIRECT:text|RULE:AI-IMB-LABEL-001,False,exact,exact,"[""NN-77""]",,[],,[],False,False
IMB,41,3422f2ee5272a5a744d6e8ed9354fca3edea3ca48dd628fbc591dee71e9b53f6,5AA,CODE,NN-27,NN-27,DWG_DIRECT:text|RULE:AI-IMB-CODE-001,False,exact,exact,"[""NN-27""]",,[],,[],False,False
IMB,41,3422f2ee5272a5a744d6e8ed9354fca3edea3ca48dd628fbc591dee71e9b53f6,5AA,REF_PLAQUE,,,UNAVAILABLE,True,missing_value,not_a_text_check,"[""NN-27""]",,[],,[],False,False
IMB,41,3422f2ee5272a5a744d6e8ed9354fca3edea3ca48dd628fbc591dee71e9b53f6,5AA,REGION,,,UNAVAILABLE,True,missing_value,not_a_text_check,"[""NN-27""]",,[],,[],False,False
IMB,41,3422f2ee5272a5a744d6e8ed9354fca3edea3ca48dd628fbc591dee71e9b53f6,5AA,PROVINCE,,,UNAVAILABLE,True,missing_value,not_a_text_check,"[""NN-27""]",,[],,[],False,False
IMB,41,3422f2ee5272a5a744d6e8ed9354fca3edea3ca48dd628fbc591dee71e9b53f6,5AA,VILLE,,,UNAVAILABLE,True,missing_value,not_a_text_check,"[""NN-27""]",,[],,[],False,False
IMB,41,3422f2ee5272a5a744d6e8ed9354fca3edea3ca48dd628fbc591dee71e9b53f6,5AA,COMMUNE,,,UNAVAILABLE,True,missing_value,not_a_text_check,"[""NN-27""]",,[],,[],False,False
IMB,41,3422f2ee5272a5a744d6e8ed9354fca3edea3ca48dd628fbc591dee71e9b53f6,5AA,CODE_POSTAL,,,UNAVAILABLE,True,missing_value,not_a_text_check,"[""NN-27""]",,[],,[],False,False
IMB,41,3422f2ee5272a5a744d6e8ed9354fca3edea3ca48dd628fbc591dee71e9b53f6,5AA,NUMERO_VOIE,,,UNAVAILABLE,True,missing_value,not_a_text_check,"[""NN-27""]",,[],,[],False,False
IMB,41,3422f2ee5272a5a744d6e8ed9354fca3edea3ca48dd628fbc591dee71e9b53f6,5AA,TYPE_VOIE,,,UNAVAILABLE,True,missing_value,not_a_text_check,"[""NN-27""]",,[],,[],False,False
IMB,41,3422f2ee5272a5a744d6e8ed9354fca3edea3ca48dd628fbc591dee71e9b53f6,5AA,TYPE_BATIMENT,,,UNAVAILABLE,True,missing_value,not_a_text_check,"[""NN-27""]",,[],,[],False,False
IMB,41,3422f2ee5272a5a744d6e8ed9354fca3edea3ca48dd628fbc591dee71e9b53f6,5AA,TYPE_CLIENT,,,UNAVAILABLE,True,missing_value,not_a_text_check,"[""NN-27""]",,[],,[],False,False
IMB,41,3422f2ee5272a5a744d6e8ed9354fca3edea3ca48dd628fbc591dee71e9b53f6,5AA,NB_LOC_RES,,,UNAVAILABLE,True,missing_value,not_a_text_check,"[""NN-27""]",,[],,[],False,False
IMB,41,3422f2ee5272a5a744d6e8ed9354fca3edea3ca48dd628fbc591dee71e9b53f6,5AA,NB_LOC_PRO,,,UNAVAILABLE,True,missing_value,not_a_text_check,"[""NN-27""]",,[],,[],False,False
IMB,41,3422f2ee5272a5a744d6e8ed9354fca3edea3ca48dd628fbc591dee71e9b53f6,5AA,NB_LOC_TOT,,,UNAVAILABLE,True,missing_value,not_a_text_check,"[""NN-27""]",,[],,[],False,False
IMB,41,3422f2ee5272a5a744d6e8ed9354fca3edea3ca48dd628fbc591dee71e9b53f6,5AA,RACCORDEMENT,,,UNAVAILABLE,True,missing_value,not_a_text_check,"[""NN-27""]",,[],,[],False,False
IMB,41,3422f2ee5272a5a744d6e8ed9354fca3edea3ca48dd628fbc591dee71e9b53f6,5AA,STATUT,,,UNAVAILABLE,True,missing_value,not_a_text_check,"[""NN-27""]",,[],,[],False,False
IMB,41,3422f2ee5272a5a744d6e8ed9354fca3edea3ca48dd628fbc591dee71e9b53f6,5AA,NB_ETAGE,,,UNAVAILABLE,True,missing_value,not_a_text_check,"[""NN-27""]",,[],,[],False,False
IMB,41,3422f2ee5272a5a744d6e8ed9354fca3edea3ca48dd628fbc591dee71e9b53f6,5AA,COL_MONTANTE,,,UNAVAILABLE,True,missing_value,not_a_text_check,"[""NN-27""]",,[],,[],False,False
IMB,41,3422f2ee5272a5a744d6e8ed9354fca3edea3ca48dd628fbc591dee71e9b53f6,5AA,SOUS_SOL,,,UNAVAILABLE,True,missing_value,not_a_text_check,"[""NN-27""]",,[],,[],False,False
IMB,41,3422f2ee5272a5a744d6e8ed9354fca3edea3ca48dd628fbc591dee71e9b53f6,5AA,SOUS_SOL_COMMUN,,,UNAVAILABLE,True,missing_value,not_a_text_check,"[""NN-27""]",,[],,[],False,False
IMB,41,3422f2ee5272a5a744d6e8ed9354fca3edea3ca48dd628fbc591dee71e9b53f6,5AA,BPE_CODE,,,UNAVAILABLE,True,missing_value,not_a_text_check,"[""NN-27""]",,[],,[],False,False
IMB,41,3422f2ee5272a5a744d6e8ed9354fca3edea3ca48dd628fbc591dee71e9b53f6,5AA,X,12543723.171661839,12543723.171661839,DWG_DERIVED:GEODATA+direct-CRS-transform,False,exact,not_a_text_check,"[""NN-27""]",,[],,[],False,False
IMB,41,3422f2ee5272a5a744d6e8ed9354fca3edea3ca48dd628fbc591dee71e9b53f6,5AA,Y,-821566.1640178943,-821566.1640178943,DWG_DERIVED:GEODATA+direct-CRS-transform,False,exact,not_a_text_check,"[""NN-27""]",,[],,[],False,False
IMB,41,3422f2ee5272a5a744d6e8ed9354fca3edea3ca48dd628fbc591dee71e9b53f6,5AA,display_label,NN-27,NN-27,DWG_DIRECT:text|RULE:AI-IMB-LABEL-001,False,exact,exact,"[""NN-27""]",,[],,[],False,False
IMB,42,36eeba0c2c64f5c6a037ef280b2c09db6412570b906a287260413cf42ee7797e,59D,CODE,NN-14,NN-14,DWG_DIRECT:text|RULE:AI-IMB-CODE-001,False,exact,exact,"[""NN-14""]",,[],,[],False,False
IMB,42,36eeba0c2c64f5c6a037ef280b2c09db6412570b906a287260413cf42ee7797e,59D,REF_PLAQUE,,,UNAVAILABLE,True,missing_value,not_a_text_check,"[""NN-14""]",,[],,[],False,False
IMB,42,36eeba0c2c64f5c6a037ef280b2c09db6412570b906a287260413cf42ee7797e,59D,REGION,,,UNAVAILABLE,True,missing_value,not_a_text_check,"[""NN-14""]",,[],,[],False,False
IMB,42,36eeba0c2c64f5c6a037ef280b2c09db6412570b906a287260413cf42ee7797e,59D,PROVINCE,,,UNAVAILABLE,True,missing_value,not_a_text_check,"[""NN-14""]",,[],,[],False,False
IMB,42,36eeba0c2c64f5c6a037ef280b2c09db6412570b906a287260413cf42ee7797e,59D,VILLE,,,UNAVAILABLE,True,missing_value,not_a_text_check,"[""NN-14""]",,[],,[],False,False
IMB,42,36eeba0c2c64f5c6a037ef280b2c09db6412570b906a287260413cf42ee7797e,59D,COMMUNE,,,UNAVAILABLE,True,missing_value,not_a_text_check,"[""NN-14""]",,[],,[],False,False
IMB,42,36eeba0c2c64f5c6a037ef280b2c09db6412570b906a287260413cf42ee7797e,59D,CODE_POSTAL,,,UNAVAILABLE,True,missing_value,not_a_text_check,"[""NN-14""]",,[],,[],False,False
IMB,42,36eeba0c2c64f5c6a037ef280b2c09db6412570b906a287260413cf42ee7797e,59D,NUMERO_VOIE,,,UNAVAILABLE,True,missing_value,not_a_text_check,"[""NN-14""]",,[],,[],False,False
IMB,42,36eeba0c2c64f5c6a037ef280b2c09db6412570b906a287260413cf42ee7797e,59D,TYPE_VOIE,,,UNAVAILABLE,True,missing_value,not_a_text_check,"[""NN-14""]",,[],,[],False,False
IMB,42,36eeba0c2c64f5c6a037ef280b2c09db6412570b906a287260413cf42ee7797e,59D,TYPE_BATIMENT,,,UNAVAILABLE,True,missing_value,not_a_text_check,"[""NN-14""]",,[],,[],False,False
IMB,42,36eeba0c2c64f5c6a037ef280b2c09db6412570b906a287260413cf42ee7797e,59D,TYPE_CLIENT,,,UNAVAILABLE,True,missing_value,not_a_text_check,"[""NN-14""]",,[],,[],False,False
IMB,42,36eeba0c2c64f5c6a037ef280b2c09db6412570b906a287260413cf42ee7797e,59D,NB_LOC_RES,,,UNAVAILABLE,True,missing_value,not_a_text_check,"[""NN-14""]",,[],,[],False,False
IMB,42,36eeba0c2c64f5c6a037ef280b2c09db6412570b906a287260413cf42ee7797e,59D,NB_LOC_PRO,,,UNAVAILABLE,True,missing_value,not_a_text_check,"[""NN-14""]",,[],,[],False,False
IMB,42,36eeba0c2c64f5c6a037ef280b2c09db6412570b906a287260413cf42ee7797e,59D,NB_LOC_TOT,,,UNAVAILABLE,True,missing_value,not_a_text_check,"[""NN-14""]",,[],,[],False,False
IMB,42,36eeba0c2c64f5c6a037ef280b2c09db6412570b906a287260413cf42ee7797e,59D,RACCORDEMENT,,,UNAVAILABLE,True,missing_value,not_a_text_check,"[""NN-14""]",,[],,[],False,False
IMB,42,36eeba0c2c64f5c6a037ef280b2c09db6412570b906a287260413cf42ee7797e,59D,STATUT,,,UNAVAILABLE,True,missing_value,not_a_text_check,"[""NN-14""]",,[],,[],False,False
IMB,42,36eeba0c2c64f5c6a037ef280b2c09db6412570b906a287260413cf42ee7797e,59D,NB_ETAGE,,,UNAVAILABLE,True,missing_value,not_a_text_check,"[""NN-14""]",,[],,[],False,False
IMB,42,36eeba0c2c64f5c6a037ef280b2c09db6412570b906a287260413cf42ee7797e,59D,COL_MONTANTE,,,UNAVAILABLE,True,missing_value,not_a_text_check,"[""NN-14""]",,[],,[],False,False
IMB,42,36eeba0c2c64f5c6a037ef280b2c09db6412570b906a287260413cf42ee7797e,59D,SOUS_SOL,,,UNAVAILABLE,True,missing_value,not_a_text_check,"[""NN-14""]",,[],,[],False,False
IMB,42,36eeba0c2c64f5c6a037ef280b2c09db6412570b906a287260413cf42ee7797e,59D,SOUS_SOL_COMMUN,,,UNAVAILABLE,True,missing_value,not_a_text_check,"[""NN-14""]",,[],,[],False,False
IMB,42,36eeba0c2c64f5c6a037ef280b2c09db6412570b906a287260413cf42ee7797e,59D,BPE_CODE,,,UNAVAILABLE,True,missing_value,not_a_text_check,"[""NN-14""]",,[],,[],False,False
IMB,42,36eeba0c2c64f5c6a037ef280b2c09db6412570b906a287260413cf42ee7797e,59D,X,12543606.370831566,12543606.370831566,DWG_DERIVED:GEODATA+direct-CRS-transform,False,exact,not_a_text_check,"[""NN-14""]",,[],,[],False,False
IMB,42,36eeba0c2c64f5c6a037ef280b2c09db6412570b906a287260413cf42ee7797e,59D,Y,-821511.2568194646,-821511.2568194646,DWG_DERIVED:GEODATA+direct-CRS-transform,False,exact,not_a_text_check,"[""NN-14""]",,[],,[],False,False
IMB,42,36eeba0c2c64f5c6a037ef280b2c09db6412570b906a287260413cf42ee7797e,59D,display_label,NN-14,NN-14,DWG_DIRECT:text|RULE:AI-IMB-LABEL-001,False,exact,exact,"[""NN-14""]",,[],,[],False,False
IMB,43,ae2ec9c3490007c3cc6d8b6188137d4b03813cb372dee6e45d9c8679d345f777,610,CODE,NN-126,NN-126,DWG_DIRECT:text|RULE:AI-IMB-CODE-001,False,exact,exact,"[""NN-126""]",,[],,[],False,False
IMB,43,ae2ec9c3490007c3cc6d8b6188137d4b03813cb372dee6e45d9c8679d345f777,610,REF_PLAQUE,,,UNAVAILABLE,True,missing_value,not_a_text_check,"[""NN-126""]",,[],,[],False,False
IMB,43,ae2ec9c3490007c3cc6d8b6188137d4b03813cb372dee6e45d9c8679d345f777,610,REGION,,,UNAVAILABLE,True,missing_value,not_a_text_check,"[""NN-126""]",,[],,[],False,False
IMB,43,ae2ec9c3490007c3cc6d8b6188137d4b03813cb372dee6e45d9c8679d345f777,610,PROVINCE,,,UNAVAILABLE,True,missing_value,not_a_text_check,"[""NN-126""]",,[],,[],False,False
IMB,43,ae2ec9c3490007c3cc6d8b6188137d4b03813cb372dee6e45d9c8679d345f777,610,VILLE,,,UNAVAILABLE,True,missing_value,not_a_text_check,"[""NN-126""]",,[],,[],False,False
IMB,43,ae2ec9c3490007c3cc6d8b6188137d4b03813cb372dee6e45d9c8679d345f777,610,COMMUNE,,,UNAVAILABLE,True,missing_value,not_a_text_check,"[""NN-126""]",,[],,[],False,False
IMB,43,ae2ec9c3490007c3cc6d8b6188137d4b03813cb372dee6e45d9c8679d345f777,610,CODE_POSTAL,,,UNAVAILABLE,True,missing_value,not_a_text_check,"[""NN-126""]",,[],,[],False,False
IMB,43,ae2ec9c3490007c3cc6d8b6188137d4b03813cb372dee6e45d9c8679d345f777,610,NUMERO_VOIE,,,UNAVAILABLE,True,missing_value,not_a_text_check,"[""NN-126""]",,[],,[],False,False
IMB,43,ae2ec9c3490007c3cc6d8b6188137d4b03813cb372dee6e45d9c8679d345f777,610,TYPE_VOIE,,,UNAVAILABLE,True,missing_value,not_a_text_check,"[""NN-126""]",,[],,[],False,False
IMB,43,ae2ec9c3490007c3cc6d8b6188137d4b03813cb372dee6e45d9c8679d345f777,610,TYPE_BATIMENT,,,UNAVAILABLE,True,missing_value,not_a_text_check,"[""NN-126""]",,[],,[],False,False
IMB,43,ae2ec9c3490007c3cc6d8b6188137d4b03813cb372dee6e45d9c8679d345f777,610,TYPE_CLIENT,,,UNAVAILABLE,True,missing_value,not_a_text_check,"[""NN-126""]",,[],,[],False,False
IMB,43,ae2ec9c3490007c3cc6d8b6188137d4b03813cb372dee6e45d9c8679d345f777,610,NB_LOC_RES,,,UNAVAILABLE,True,missing_value,not_a_text_check,"[""NN-126""]",,[],,[],False,False
IMB,43,ae2ec9c3490007c3cc6d8b6188137d4b03813cb372dee6e45d9c8679d345f777,610,NB_LOC_PRO,,,UNAVAILABLE,True,missing_value,not_a_text_check,"[""NN-126""]",,[],,[],False,False
IMB,43,ae2ec9c3490007c3cc6d8b6188137d4b03813cb372dee6e45d9c8679d345f777,610,NB_LOC_TOT,,,UNAVAILABLE,True,missing_value,not_a_text_check,"[""NN-126""]",,[],,[],False,False
IMB,43,ae2ec9c3490007c3cc6d8b6188137d4b03813cb372dee6e45d9c8679d345f777,610,RACCORDEMENT,,,UNAVAILABLE,True,missing_value,not_a_text_check,"[""NN-126""]",,[],,[],False,False
IMB,43,ae2ec9c3490007c3cc6d8b6188137d4b03813cb372dee6e45d9c8679d345f777,610,STATUT,,,UNAVAILABLE,True,missing_value,not_a_text_check,"[""NN-126""]",,[],,[],False,False
IMB,43,ae2ec9c3490007c3cc6d8b6188137d4b03813cb372dee6e45d9c8679d345f777,610,NB_ETAGE,,,UNAVAILABLE,True,missing_value,not_a_text_check,"[""NN-126""]",,[],,[],False,False
IMB,43,ae2ec9c3490007c3cc6d8b6188137d4b03813cb372dee6e45d9c8679d345f777,610,COL_MONTANTE,,,UNAVAILABLE,True,missing_value,not_a_text_check,"[""NN-126""]",,[],,[],False,False
IMB,43,ae2ec9c3490007c3cc6d8b6188137d4b03813cb372dee6e45d9c8679d345f777,610,SOUS_SOL,,,UNAVAILABLE,True,missing_value,not_a_text_check,"[""NN-126""]",,[],,[],False,False
IMB,43,ae2ec9c3490007c3cc6d8b6188137d4b03813cb372dee6e45d9c8679d345f777,610,SOUS_SOL_COMMUN,,,UNAVAILABLE,True,missing_value,not_a_text_check,"[""NN-126""]",,[],,[],False,False
IMB,43,ae2ec9c3490007c3cc6d8b6188137d4b03813cb372dee6e45d9c8679d345f777,610,BPE_CODE,,,UNAVAILABLE,True,missing_value,not_a_text_check,"[""NN-126""]",,[],,[],False,False
IMB,43,ae2ec9c3490007c3cc6d8b6188137d4b03813cb372dee6e45d9c8679d345f777,610,X,12543854.382766008,12543854.382766008,DWG_DERIVED:GEODATA+direct-CRS-transform,False,exact,not_a_text_check,"[""NN-126""]",,[],,[],False,False
IMB,43,ae2ec9c3490007c3cc6d8b6188137d4b03813cb372dee6e45d9c8679d345f777,610,Y,-821486.4088704179,-821486.4088704179,DWG_DERIVED:GEODATA+direct-CRS-transform,False,exact,not_a_text_check,"[""NN-126""]",,[],,[],False,False
IMB,43,ae2ec9c3490007c3cc6d8b6188137d4b03813cb372dee6e45d9c8679d345f777,610,display_label,NN-126,NN-126,DWG_DIRECT:text|RULE:AI-IMB-LABEL-001,False,exact,exact,"[""NN-126""]",,[],,[],False,False
IMB,44,4943ca262e354afc6a4d92fb5ecf41e90ac913776993250fc43712091c42476e,608,CODE,NN-118,NN-118,DWG_DIRECT:text|RULE:AI-IMB-CODE-001,False,exact,exact,"[""NN-118""]",,[],,[],False,False
IMB,44,4943ca262e354afc6a4d92fb5ecf41e90ac913776993250fc43712091c42476e,608,REF_PLAQUE,,,UNAVAILABLE,True,missing_value,not_a_text_check,"[""NN-118""]",,[],,[],False,False
IMB,44,4943ca262e354afc6a4d92fb5ecf41e90ac913776993250fc43712091c42476e,608,REGION,,,UNAVAILABLE,True,missing_value,not_a_text_check,"[""NN-118""]",,[],,[],False,False
IMB,44,4943ca262e354afc6a4d92fb5ecf41e90ac913776993250fc43712091c42476e,608,PROVINCE,,,UNAVAILABLE,True,missing_value,not_a_text_check,"[""NN-118""]",,[],,[],False,False
IMB,44,4943ca262e354afc6a4d92fb5ecf41e90ac913776993250fc43712091c42476e,608,VILLE,,,UNAVAILABLE,True,missing_value,not_a_text_check,"[""NN-118""]",,[],,[],False,False
IMB,44,4943ca262e354afc6a4d92fb5ecf41e90ac913776993250fc43712091c42476e,608,COMMUNE,,,UNAVAILABLE,True,missing_value,not_a_text_check,"[""NN-118""]",,[],,[],False,False
IMB,44,4943ca262e354afc6a4d92fb5ecf41e90ac913776993250fc43712091c42476e,608,CODE_POSTAL,,,UNAVAILABLE,True,missing_value,not_a_text_check,"[""NN-118""]",,[],,[],False,False
IMB,44,4943ca262e354afc6a4d92fb5ecf41e90ac913776993250fc43712091c42476e,608,NUMERO_VOIE,,,UNAVAILABLE,True,missing_value,not_a_text_check,"[""NN-118""]",,[],,[],False,False
IMB,44,4943ca262e354afc6a4d92fb5ecf41e90ac913776993250fc43712091c42476e,608,TYPE_VOIE,,,UNAVAILABLE,True,missing_value,not_a_text_check,"[""NN-118""]",,[],,[],False,False
IMB,44,4943ca262e354afc6a4d92fb5ecf41e90ac913776993250fc43712091c42476e,608,TYPE_BATIMENT,,,UNAVAILABLE,True,missing_value,not_a_text_check,"[""NN-118""]",,[],,[],False,False
IMB,44,4943ca262e354afc6a4d92fb5ecf41e90ac913776993250fc43712091c42476e,608,TYPE_CLIENT,,,UNAVAILABLE,True,missing_value,not_a_text_check,"[""NN-118""]",,[],,[],False,False
IMB,44,4943ca262e354afc6a4d92fb5ecf41e90ac913776993250fc43712091c42476e,608,NB_LOC_RES,,,UNAVAILABLE,True,missing_value,not_a_text_check,"[""NN-118""]",,[],,[],False,False
IMB,44,4943ca262e354afc6a4d92fb5ecf41e90ac913776993250fc43712091c42476e,608,NB_LOC_PRO,,,UNAVAILABLE,True,missing_value,not_a_text_check,"[""NN-118""]",,[],,[],False,False
IMB,44,4943ca262e354afc6a4d92fb5ecf41e90ac913776993250fc43712091c42476e,608,NB_LOC_TOT,,,UNAVAILABLE,True,missing_value,not_a_text_check,"[""NN-118""]",,[],,[],False,False
IMB,44,4943ca262e354afc6a4d92fb5ecf41e90ac913776993250fc43712091c42476e,608,RACCORDEMENT,,,UNAVAILABLE,True,missing_value,not_a_text_check,"[""NN-118""]",,[],,[],False,False
IMB,44,4943ca262e354afc6a4d92fb5ecf41e90ac913776993250fc43712091c42476e,608,STATUT,,,UNAVAILABLE,True,missing_value,not_a_text_check,"[""NN-118""]",,[],,[],False,False
IMB,44,4943ca262e354afc6a4d92fb5ecf41e90ac913776993250fc43712091c42476e,608,NB_ETAGE,,,UNAVAILABLE,True,missing_value,not_a_text_check,"[""NN-118""]",,[],,[],False,False
IMB,44,4943ca262e354afc6a4d92fb5ecf41e90ac913776993250fc43712091c42476e,608,COL_MONTANTE,,,UNAVAILABLE,True,missing_value,not_a_text_check,"[""NN-118""]",,[],,[],False,False
IMB,44,4943ca262e354afc6a4d92fb5ecf41e90ac913776993250fc43712091c42476e,608,SOUS_SOL,,,UNAVAILABLE,True,missing_value,not_a_text_check,"[""NN-118""]",,[],,[],False,False
IMB,44,4943ca262e354afc6a4d92fb5ecf41e90ac913776993250fc43712091c42476e,608,SOUS_SOL_COMMUN,,,UNAVAILABLE,True,missing_value,not_a_text_check,"[""NN-118""]",,[],,[],False,False
IMB,44,4943ca262e354afc6a4d92fb5ecf41e90ac913776993250fc43712091c42476e,608,BPE_CODE,,,UNAVAILABLE,True,missing_value,not_a_text_check,"[""NN-118""]",,[],,[],False,False
IMB,44,4943ca262e354afc6a4d92fb5ecf41e90ac913776993250fc43712091c42476e,608,X,12543799.500640903,12543799.500640903,DWG_DERIVED:GEODATA+direct-CRS-transform,False,exact,not_a_text_check,"[""NN-118""]",,[],,[],False,False
IMB,44,4943ca262e354afc6a4d92fb5ecf41e90ac913776993250fc43712091c42476e,608,Y,-821482.7055150616,-821482.7055150616,DWG_DERIVED:GEODATA+direct-CRS-transform,False,exact,not_a_text_check,"[""NN-118""]",,[],,[],False,False
IMB,44,4943ca262e354afc6a4d92fb5ecf41e90ac913776993250fc43712091c42476e,608,display_label,NN-118,NN-118,DWG_DIRECT:text|RULE:AI-IMB-LABEL-001,False,exact,exact,"[""NN-118""]",,[],,[],False,False
IMB,45,de513caa101f14dd67d49ddf16af80ac49cff706744492a954377b65fc45de02,5F4,CODE,NN-98,NN-98,DWG_DIRECT:text|RULE:AI-IMB-CODE-001,False,exact,exact,"[""NN-98""]",,[],,[],False,False
IMB,45,de513caa101f14dd67d49ddf16af80ac49cff706744492a954377b65fc45de02,5F4,REF_PLAQUE,,,UNAVAILABLE,True,missing_value,not_a_text_check,"[""NN-98""]",,[],,[],False,False
IMB,45,de513caa101f14dd67d49ddf16af80ac49cff706744492a954377b65fc45de02,5F4,REGION,,,UNAVAILABLE,True,missing_value,not_a_text_check,"[""NN-98""]",,[],,[],False,False
IMB,45,de513caa101f14dd67d49ddf16af80ac49cff706744492a954377b65fc45de02,5F4,PROVINCE,,,UNAVAILABLE,True,missing_value,not_a_text_check,"[""NN-98""]",,[],,[],False,False
IMB,45,de513caa101f14dd67d49ddf16af80ac49cff706744492a954377b65fc45de02,5F4,VILLE,,,UNAVAILABLE,True,missing_value,not_a_text_check,"[""NN-98""]",,[],,[],False,False
IMB,45,de513caa101f14dd67d49ddf16af80ac49cff706744492a954377b65fc45de02,5F4,COMMUNE,,,UNAVAILABLE,True,missing_value,not_a_text_check,"[""NN-98""]",,[],,[],False,False
IMB,45,de513caa101f14dd67d49ddf16af80ac49cff706744492a954377b65fc45de02,5F4,CODE_POSTAL,,,UNAVAILABLE,True,missing_value,not_a_text_check,"[""NN-98""]",,[],,[],False,False
IMB,45,de513caa101f14dd67d49ddf16af80ac49cff706744492a954377b65fc45de02,5F4,NUMERO_VOIE,,,UNAVAILABLE,True,missing_value,not_a_text_check,"[""NN-98""]",,[],,[],False,False
IMB,45,de513caa101f14dd67d49ddf16af80ac49cff706744492a954377b65fc45de02,5F4,TYPE_VOIE,,,UNAVAILABLE,True,missing_value,not_a_text_check,"[""NN-98""]",,[],,[],False,False
IMB,45,de513caa101f14dd67d49ddf16af80ac49cff706744492a954377b65fc45de02,5F4,TYPE_BATIMENT,,,UNAVAILABLE,True,missing_value,not_a_text_check,"[""NN-98""]",,[],,[],False,False
IMB,45,de513caa101f14dd67d49ddf16af80ac49cff706744492a954377b65fc45de02,5F4,TYPE_CLIENT,,,UNAVAILABLE,True,missing_value,not_a_text_check,"[""NN-98""]",,[],,[],False,False
IMB,45,de513caa101f14dd67d49ddf16af80ac49cff706744492a954377b65fc45de02,5F4,NB_LOC_RES,,,UNAVAILABLE,True,missing_value,not_a_text_check,"[""NN-98""]",,[],,[],False,False
IMB,45,de513caa101f14dd67d49ddf16af80ac49cff706744492a954377b65fc45de02,5F4,NB_LOC_PRO,,,UNAVAILABLE,True,missing_value,not_a_text_check,"[""NN-98""]",,[],,[],False,False
IMB,45,de513caa101f14dd67d49ddf16af80ac49cff706744492a954377b65fc45de02,5F4,NB_LOC_TOT,,,UNAVAILABLE,True,missing_value,not_a_text_check,"[""NN-98""]",,[],,[],False,False
IMB,45,de513caa101f14dd67d49ddf16af80ac49cff706744492a954377b65fc45de02,5F4,RACCORDEMENT,,,UNAVAILABLE,True,missing_value,not_a_text_check,"[""NN-98""]",,[],,[],False,False
IMB,45,de513caa101f14dd67d49ddf16af80ac49cff706744492a954377b65fc45de02,5F4,STATUT,,,UNAVAILABLE,True,missing_value,not_a_text_check,"[""NN-98""]",,[],,[],False,False
IMB,45,de513caa101f14dd67d49ddf16af80ac49cff706744492a954377b65fc45de02,5F4,NB_ETAGE,,,UNAVAILABLE,True,missing_value,not_a_text_check,"[""NN-98""]",,[],,[],False,False
IMB,45,de513caa101f14dd67d49ddf16af80ac49cff706744492a954377b65fc45de02,5F4,COL_MONTANTE,,,UNAVAILABLE,True,missing_value,not_a_text_check,"[""NN-98""]",,[],,[],False,False
IMB,45,de513caa101f14dd67d49ddf16af80ac49cff706744492a954377b65fc45de02,5F4,SOUS_SOL,,,UNAVAILABLE,True,missing_value,not_a_text_check,"[""NN-98""]",,[],,[],False,False
IMB,45,de513caa101f14dd67d49ddf16af80ac49cff706744492a954377b65fc45de02,5F4,SOUS_SOL_COMMUN,,,UNAVAILABLE,True,missing_value,not_a_text_check,"[""NN-98""]",,[],,[],False,False
IMB,45,de513caa101f14dd67d49ddf16af80ac49cff706744492a954377b65fc45de02,5F4,BPE_CODE,,,UNAVAILABLE,True,missing_value,not_a_text_check,"[""NN-98""]",,[],,[],False,False
IMB,45,de513caa101f14dd67d49ddf16af80ac49cff706744492a954377b65fc45de02,5F4,X,12543634.617869316,12543634.617869316,DWG_DERIVED:GEODATA+direct-CRS-transform,False,exact,not_a_text_check,"[""NN-98""]",,[],,[],False,False
IMB,45,de513caa101f14dd67d49ddf16af80ac49cff706744492a954377b65fc45de02,5F4,Y,-821509.7252498964,-821509.7252498964,DWG_DERIVED:GEODATA+direct-CRS-transform,False,exact,not_a_text_check,"[""NN-98""]",,[],,[],False,False
IMB,45,de513caa101f14dd67d49ddf16af80ac49cff706744492a954377b65fc45de02,5F4,display_label,NN-98,NN-98,DWG_DIRECT:text|RULE:AI-IMB-LABEL-001,False,exact,exact,"[""NN-98""]",,[],,[],False,False
IMB,46,a35d1918fa41f8a4d1adaf3fc70830c53225af93b8e65e5044f862cc5872f4d0,5D4,CODE,NN-67,NN-67,DWG_DIRECT:text|RULE:AI-IMB-CODE-001,False,exact,exact,"[""NN-67""]",,[],,[],False,False
IMB,46,a35d1918fa41f8a4d1adaf3fc70830c53225af93b8e65e5044f862cc5872f4d0,5D4,REF_PLAQUE,,,UNAVAILABLE,True,missing_value,not_a_text_check,"[""NN-67""]",,[],,[],False,False
IMB,46,a35d1918fa41f8a4d1adaf3fc70830c53225af93b8e65e5044f862cc5872f4d0,5D4,REGION,,,UNAVAILABLE,True,missing_value,not_a_text_check,"[""NN-67""]",,[],,[],False,False
IMB,46,a35d1918fa41f8a4d1adaf3fc70830c53225af93b8e65e5044f862cc5872f4d0,5D4,PROVINCE,,,UNAVAILABLE,True,missing_value,not_a_text_check,"[""NN-67""]",,[],,[],False,False
IMB,46,a35d1918fa41f8a4d1adaf3fc70830c53225af93b8e65e5044f862cc5872f4d0,5D4,VILLE,,,UNAVAILABLE,True,missing_value,not_a_text_check,"[""NN-67""]",,[],,[],False,False
IMB,46,a35d1918fa41f8a4d1adaf3fc70830c53225af93b8e65e5044f862cc5872f4d0,5D4,COMMUNE,,,UNAVAILABLE,True,missing_value,not_a_text_check,"[""NN-67""]",,[],,[],False,False
IMB,46,a35d1918fa41f8a4d1adaf3fc70830c53225af93b8e65e5044f862cc5872f4d0,5D4,CODE_POSTAL,,,UNAVAILABLE,True,missing_value,not_a_text_check,"[""NN-67""]",,[],,[],False,False
IMB,46,a35d1918fa41f8a4d1adaf3fc70830c53225af93b8e65e5044f862cc5872f4d0,5D4,NUMERO_VOIE,,,UNAVAILABLE,True,missing_value,not_a_text_check,"[""NN-67""]",,[],,[],False,False
IMB,46,a35d1918fa41f8a4d1adaf3fc70830c53225af93b8e65e5044f862cc5872f4d0,5D4,TYPE_VOIE,,,UNAVAILABLE,True,missing_value,not_a_text_check,"[""NN-67""]",,[],,[],False,False
IMB,46,a35d1918fa41f8a4d1adaf3fc70830c53225af93b8e65e5044f862cc5872f4d0,5D4,TYPE_BATIMENT,,,UNAVAILABLE,True,missing_value,not_a_text_check,"[""NN-67""]",,[],,[],False,False
IMB,46,a35d1918fa41f8a4d1adaf3fc70830c53225af93b8e65e5044f862cc5872f4d0,5D4,TYPE_CLIENT,,,UNAVAILABLE,True,missing_value,not_a_text_check,"[""NN-67""]",,[],,[],False,False
IMB,46,a35d1918fa41f8a4d1adaf3fc70830c53225af93b8e65e5044f862cc5872f4d0,5D4,NB_LOC_RES,,,UNAVAILABLE,True,missing_value,not_a_text_check,"[""NN-67""]",,[],,[],False,False
IMB,46,a35d1918fa41f8a4d1adaf3fc70830c53225af93b8e65e5044f862cc5872f4d0,5D4,NB_LOC_PRO,,,UNAVAILABLE,True,missing_value,not_a_text_check,"[""NN-67""]",,[],,[],False,False
IMB,46,a35d1918fa41f8a4d1adaf3fc70830c53225af93b8e65e5044f862cc5872f4d0,5D4,NB_LOC_TOT,,,UNAVAILABLE,True,missing_value,not_a_text_check,"[""NN-67""]",,[],,[],False,False
IMB,46,a35d1918fa41f8a4d1adaf3fc70830c53225af93b8e65e5044f862cc5872f4d0,5D4,RACCORDEMENT,,,UNAVAILABLE,True,missing_value,not_a_text_check,"[""NN-67""]",,[],,[],False,False
IMB,46,a35d1918fa41f8a4d1adaf3fc70830c53225af93b8e65e5044f862cc5872f4d0,5D4,STATUT,,,UNAVAILABLE,True,missing_value,not_a_text_check,"[""NN-67""]",,[],,[],False,False
IMB,46,a35d1918fa41f8a4d1adaf3fc70830c53225af93b8e65e5044f862cc5872f4d0,5D4,NB_ETAGE,,,UNAVAILABLE,True,missing_value,not_a_text_check,"[""NN-67""]",,[],,[],False,False
IMB,46,a35d1918fa41f8a4d1adaf3fc70830c53225af93b8e65e5044f862cc5872f4d0,5D4,COL_MONTANTE,,,UNAVAILABLE,True,missing_value,not_a_text_check,"[""NN-67""]",,[],,[],False,False
IMB,46,a35d1918fa41f8a4d1adaf3fc70830c53225af93b8e65e5044f862cc5872f4d0,5D4,SOUS_SOL,,,UNAVAILABLE,True,missing_value,not_a_text_check,"[""NN-67""]",,[],,[],False,False
IMB,46,a35d1918fa41f8a4d1adaf3fc70830c53225af93b8e65e5044f862cc5872f4d0,5D4,SOUS_SOL_COMMUN,,,UNAVAILABLE,True,missing_value,not_a_text_check,"[""NN-67""]",,[],,[],False,False
IMB,46,a35d1918fa41f8a4d1adaf3fc70830c53225af93b8e65e5044f862cc5872f4d0,5D4,BPE_CODE,,,UNAVAILABLE,True,missing_value,not_a_text_check,"[""NN-67""]",,[],,[],False,False
IMB,46,a35d1918fa41f8a4d1adaf3fc70830c53225af93b8e65e5044f862cc5872f4d0,5D4,X,12543814.27162371,12543814.27162371,DWG_DERIVED:GEODATA+direct-CRS-transform,False,exact,not_a_text_check,"[""NN-67""]",,[],,[],False,False
IMB,46,a35d1918fa41f8a4d1adaf3fc70830c53225af93b8e65e5044f862cc5872f4d0,5D4,Y,-821635.9923721185,-821635.9923721185,DWG_DERIVED:GEODATA+direct-CRS-transform,False,exact,not_a_text_check,"[""NN-67""]",,[],,[],False,False
IMB,46,a35d1918fa41f8a4d1adaf3fc70830c53225af93b8e65e5044f862cc5872f4d0,5D4,display_label,NN-67,NN-67,DWG_DIRECT:text|RULE:AI-IMB-LABEL-001,False,exact,exact,"[""NN-67""]",,[],,[],False,False
IMB,47,39547be3757dc253f6e9324a8bd314cbf3443ce7ccac83c4ff378a1b6146763f,60D,CODE,NN-123,NN-123,DWG_DIRECT:text|RULE:AI-IMB-CODE-001,False,exact,exact,"[""NN-123""]",,[],,[],False,False
IMB,47,39547be3757dc253f6e9324a8bd314cbf3443ce7ccac83c4ff378a1b6146763f,60D,REF_PLAQUE,,,UNAVAILABLE,True,missing_value,not_a_text_check,"[""NN-123""]",,[],,[],False,False
IMB,47,39547be3757dc253f6e9324a8bd314cbf3443ce7ccac83c4ff378a1b6146763f,60D,REGION,,,UNAVAILABLE,True,missing_value,not_a_text_check,"[""NN-123""]",,[],,[],False,False
IMB,47,39547be3757dc253f6e9324a8bd314cbf3443ce7ccac83c4ff378a1b6146763f,60D,PROVINCE,,,UNAVAILABLE,True,missing_value,not_a_text_check,"[""NN-123""]",,[],,[],False,False
IMB,47,39547be3757dc253f6e9324a8bd314cbf3443ce7ccac83c4ff378a1b6146763f,60D,VILLE,,,UNAVAILABLE,True,missing_value,not_a_text_check,"[""NN-123""]",,[],,[],False,False
IMB,47,39547be3757dc253f6e9324a8bd314cbf3443ce7ccac83c4ff378a1b6146763f,60D,COMMUNE,,,UNAVAILABLE,True,missing_value,not_a_text_check,"[""NN-123""]",,[],,[],False,False
IMB,47,39547be3757dc253f6e9324a8bd314cbf3443ce7ccac83c4ff378a1b6146763f,60D,CODE_POSTAL,,,UNAVAILABLE,True,missing_value,not_a_text_check,"[""NN-123""]",,[],,[],False,False
IMB,47,39547be3757dc253f6e9324a8bd314cbf3443ce7ccac83c4ff378a1b6146763f,60D,NUMERO_VOIE,,,UNAVAILABLE,True,missing_value,not_a_text_check,"[""NN-123""]",,[],,[],False,False
IMB,47,39547be3757dc253f6e9324a8bd314cbf3443ce7ccac83c4ff378a1b6146763f,60D,TYPE_VOIE,,,UNAVAILABLE,True,missing_value,not_a_text_check,"[""NN-123""]",,[],,[],False,False
IMB,47,39547be3757dc253f6e9324a8bd314cbf3443ce7ccac83c4ff378a1b6146763f,60D,TYPE_BATIMENT,,,UNAVAILABLE,True,missing_value,not_a_text_check,"[""NN-123""]",,[],,[],False,False
IMB,47,39547be3757dc253f6e9324a8bd314cbf3443ce7ccac83c4ff378a1b6146763f,60D,TYPE_CLIENT,,,UNAVAILABLE,True,missing_value,not_a_text_check,"[""NN-123""]",,[],,[],False,False
IMB,47,39547be3757dc253f6e9324a8bd314cbf3443ce7ccac83c4ff378a1b6146763f,60D,NB_LOC_RES,,,UNAVAILABLE,True,missing_value,not_a_text_check,"[""NN-123""]",,[],,[],False,False
IMB,47,39547be3757dc253f6e9324a8bd314cbf3443ce7ccac83c4ff378a1b6146763f,60D,NB_LOC_PRO,,,UNAVAILABLE,True,missing_value,not_a_text_check,"[""NN-123""]",,[],,[],False,False
IMB,47,39547be3757dc253f6e9324a8bd314cbf3443ce7ccac83c4ff378a1b6146763f,60D,NB_LOC_TOT,,,UNAVAILABLE,True,missing_value,not_a_text_check,"[""NN-123""]",,[],,[],False,False
IMB,47,39547be3757dc253f6e9324a8bd314cbf3443ce7ccac83c4ff378a1b6146763f,60D,RACCORDEMENT,,,UNAVAILABLE,True,missing_value,not_a_text_check,"[""NN-123""]",,[],,[],False,False
IMB,47,39547be3757dc253f6e9324a8bd314cbf3443ce7ccac83c4ff378a1b6146763f,60D,STATUT,,,UNAVAILABLE,True,missing_value,not_a_text_check,"[""NN-123""]",,[],,[],False,False
IMB,47,39547be3757dc253f6e9324a8bd314cbf3443ce7ccac83c4ff378a1b6146763f,60D,NB_ETAGE,,,UNAVAILABLE,True,missing_value,not_a_text_check,"[""NN-123""]",,[],,[],False,False
IMB,47,39547be3757dc253f6e9324a8bd314cbf3443ce7ccac83c4ff378a1b6146763f,60D,COL_MONTANTE,,,UNAVAILABLE,True,missing_value,not_a_text_check,"[""NN-123""]",,[],,[],False,False
IMB,47,39547be3757dc253f6e9324a8bd314cbf3443ce7ccac83c4ff378a1b6146763f,60D,SOUS_SOL,,,UNAVAILABLE,True,missing_value,not_a_text_check,"[""NN-123""]",,[],,[],False,False
IMB,47,39547be3757dc253f6e9324a8bd314cbf3443ce7ccac83c4ff378a1b6146763f,60D,SOUS_SOL_COMMUN,,,UNAVAILABLE,True,missing_value,not_a_text_check,"[""NN-123""]",,[],,[],False,False
IMB,47,39547be3757dc253f6e9324a8bd314cbf3443ce7ccac83c4ff378a1b6146763f,60D,BPE_CODE,,,UNAVAILABLE,True,missing_value,not_a_text_check,"[""NN-123""]",,[],,[],False,False
IMB,47,39547be3757dc253f6e9324a8bd314cbf3443ce7ccac83c4ff378a1b6146763f,60D,X,12543834.683716167,12543834.683716167,DWG_DERIVED:GEODATA+direct-CRS-transform,False,exact,not_a_text_check,"[""NN-123""]",,[],,[],False,False
IMB,47,39547be3757dc253f6e9324a8bd314cbf3443ce7ccac83c4ff378a1b6146763f,60D,Y,-821485.6332527284,-821485.6332527284,DWG_DERIVED:GEODATA+direct-CRS-transform,False,exact,not_a_text_check,"[""NN-123""]",,[],,[],False,False
IMB,47,39547be3757dc253f6e9324a8bd314cbf3443ce7ccac83c4ff378a1b6146763f,60D,display_label,NN-123,NN-123,DWG_DIRECT:text|RULE:AI-IMB-LABEL-001,False,exact,exact,"[""NN-123""]",,[],,[],False,False
IMB,48,108cbcb6507e76d68aa586b1e68181a943b5134f2aa56ee9d44e7f5768010ff8,589,CODE,GUDANG-34,GUDANG-34,DWG_DIRECT:text|RULE:AI-IMB-CODE-001,False,exact,exact,"[""GUDANG-34""]",,[],,[],False,False
IMB,48,108cbcb6507e76d68aa586b1e68181a943b5134f2aa56ee9d44e7f5768010ff8,589,REF_PLAQUE,,,UNAVAILABLE,True,missing_value,not_a_text_check,"[""GUDANG-34""]",,[],,[],False,False
IMB,48,108cbcb6507e76d68aa586b1e68181a943b5134f2aa56ee9d44e7f5768010ff8,589,REGION,,,UNAVAILABLE,True,missing_value,not_a_text_check,"[""GUDANG-34""]",,[],,[],False,False
IMB,48,108cbcb6507e76d68aa586b1e68181a943b5134f2aa56ee9d44e7f5768010ff8,589,PROVINCE,,,UNAVAILABLE,True,missing_value,not_a_text_check,"[""GUDANG-34""]",,[],,[],False,False
IMB,48,108cbcb6507e76d68aa586b1e68181a943b5134f2aa56ee9d44e7f5768010ff8,589,VILLE,,,UNAVAILABLE,True,missing_value,not_a_text_check,"[""GUDANG-34""]",,[],,[],False,False
IMB,48,108cbcb6507e76d68aa586b1e68181a943b5134f2aa56ee9d44e7f5768010ff8,589,COMMUNE,,,UNAVAILABLE,True,missing_value,not_a_text_check,"[""GUDANG-34""]",,[],,[],False,False
IMB,48,108cbcb6507e76d68aa586b1e68181a943b5134f2aa56ee9d44e7f5768010ff8,589,CODE_POSTAL,,,UNAVAILABLE,True,missing_value,not_a_text_check,"[""GUDANG-34""]",,[],,[],False,False
IMB,48,108cbcb6507e76d68aa586b1e68181a943b5134f2aa56ee9d44e7f5768010ff8,589,NUMERO_VOIE,,,UNAVAILABLE,True,missing_value,not_a_text_check,"[""GUDANG-34""]",,[],,[],False,False
IMB,48,108cbcb6507e76d68aa586b1e68181a943b5134f2aa56ee9d44e7f5768010ff8,589,TYPE_VOIE,,,UNAVAILABLE,True,missing_value,not_a_text_check,"[""GUDANG-34""]",,[],,[],False,False
IMB,48,108cbcb6507e76d68aa586b1e68181a943b5134f2aa56ee9d44e7f5768010ff8,589,TYPE_BATIMENT,,,UNAVAILABLE,True,missing_value,not_a_text_check,"[""GUDANG-34""]",,[],,[],False,False
IMB,48,108cbcb6507e76d68aa586b1e68181a943b5134f2aa56ee9d44e7f5768010ff8,589,TYPE_CLIENT,,,UNAVAILABLE,True,missing_value,not_a_text_check,"[""GUDANG-34""]",,[],,[],False,False
IMB,48,108cbcb6507e76d68aa586b1e68181a943b5134f2aa56ee9d44e7f5768010ff8,589,NB_LOC_RES,,,UNAVAILABLE,True,missing_value,not_a_text_check,"[""GUDANG-34""]",,[],,[],False,False
IMB,48,108cbcb6507e76d68aa586b1e68181a943b5134f2aa56ee9d44e7f5768010ff8,589,NB_LOC_PRO,,,UNAVAILABLE,True,missing_value,not_a_text_check,"[""GUDANG-34""]",,[],,[],False,False
IMB,48,108cbcb6507e76d68aa586b1e68181a943b5134f2aa56ee9d44e7f5768010ff8,589,NB_LOC_TOT,,,UNAVAILABLE,True,missing_value,not_a_text_check,"[""GUDANG-34""]",,[],,[],False,False
IMB,48,108cbcb6507e76d68aa586b1e68181a943b5134f2aa56ee9d44e7f5768010ff8,589,RACCORDEMENT,,,UNAVAILABLE,True,missing_value,not_a_text_check,"[""GUDANG-34""]",,[],,[],False,False
IMB,48,108cbcb6507e76d68aa586b1e68181a943b5134f2aa56ee9d44e7f5768010ff8,589,STATUT,,,UNAVAILABLE,True,missing_value,not_a_text_check,"[""GUDANG-34""]",,[],,[],False,False
IMB,48,108cbcb6507e76d68aa586b1e68181a943b5134f2aa56ee9d44e7f5768010ff8,589,NB_ETAGE,,,UNAVAILABLE,True,missing_value,not_a_text_check,"[""GUDANG-34""]",,[],,[],False,False
IMB,48,108cbcb6507e76d68aa586b1e68181a943b5134f2aa56ee9d44e7f5768010ff8,589,COL_MONTANTE,,,UNAVAILABLE,True,missing_value,not_a_text_check,"[""GUDANG-34""]",,[],,[],False,False
IMB,48,108cbcb6507e76d68aa586b1e68181a943b5134f2aa56ee9d44e7f5768010ff8,589,SOUS_SOL,,,UNAVAILABLE,True,missing_value,not_a_text_check,"[""GUDANG-34""]",,[],,[],False,False
IMB,48,108cbcb6507e76d68aa586b1e68181a943b5134f2aa56ee9d44e7f5768010ff8,589,SOUS_SOL_COMMUN,,,UNAVAILABLE,True,missing_value,not_a_text_check,"[""GUDANG-34""]",,[],,[],False,False
IMB,48,108cbcb6507e76d68aa586b1e68181a943b5134f2aa56ee9d44e7f5768010ff8,589,BPE_CODE,,,UNAVAILABLE,True,missing_value,not_a_text_check,"[""GUDANG-34""]",,[],,[],False,False
IMB,48,108cbcb6507e76d68aa586b1e68181a943b5134f2aa56ee9d44e7f5768010ff8,589,X,12543716.766789379,12543716.766789379,DWG_DERIVED:GEODATA+direct-CRS-transform,False,exact,not_a_text_check,"[""GUDANG-34""]",,[],,[],False,False
IMB,48,108cbcb6507e76d68aa586b1e68181a943b5134f2aa56ee9d44e7f5768010ff8,589,Y,-821655.9134315858,-821655.9134315858,DWG_DERIVED:GEODATA+direct-CRS-transform,False,exact,not_a_text_check,"[""GUDANG-34""]",,[],,[],False,False
IMB,48,108cbcb6507e76d68aa586b1e68181a943b5134f2aa56ee9d44e7f5768010ff8,589,display_label,GUDANG-34,GUDANG-34,DWG_DIRECT:text|RULE:AI-IMB-LABEL-001,False,exact,exact,"[""GUDANG-34""]",,[],,[],False,False
IMB,49,a0ee192c002a3d794775f036bfc165bb889d3f3b1788e6ec5f9ee93b99132f48,5AD,CODE,NN-30,NN-30,DWG_DIRECT:text|RULE:AI-IMB-CODE-001,False,exact,exact,"[""NN-30""]",,[],,[],False,False
IMB,49,a0ee192c002a3d794775f036bfc165bb889d3f3b1788e6ec5f9ee93b99132f48,5AD,REF_PLAQUE,,,UNAVAILABLE,True,missing_value,not_a_text_check,"[""NN-30""]",,[],,[],False,False
IMB,49,a0ee192c002a3d794775f036bfc165bb889d3f3b1788e6ec5f9ee93b99132f48,5AD,REGION,,,UNAVAILABLE,True,missing_value,not_a_text_check,"[""NN-30""]",,[],,[],False,False
IMB,49,a0ee192c002a3d794775f036bfc165bb889d3f3b1788e6ec5f9ee93b99132f48,5AD,PROVINCE,,,UNAVAILABLE,True,missing_value,not_a_text_check,"[""NN-30""]",,[],,[],False,False
IMB,49,a0ee192c002a3d794775f036bfc165bb889d3f3b1788e6ec5f9ee93b99132f48,5AD,VILLE,,,UNAVAILABLE,True,missing_value,not_a_text_check,"[""NN-30""]",,[],,[],False,False
IMB,49,a0ee192c002a3d794775f036bfc165bb889d3f3b1788e6ec5f9ee93b99132f48,5AD,COMMUNE,,,UNAVAILABLE,True,missing_value,not_a_text_check,"[""NN-30""]",,[],,[],False,False
IMB,49,a0ee192c002a3d794775f036bfc165bb889d3f3b1788e6ec5f9ee93b99132f48,5AD,CODE_POSTAL,,,UNAVAILABLE,True,missing_value,not_a_text_check,"[""NN-30""]",,[],,[],False,False
IMB,49,a0ee192c002a3d794775f036bfc165bb889d3f3b1788e6ec5f9ee93b99132f48,5AD,NUMERO_VOIE,,,UNAVAILABLE,True,missing_value,not_a_text_check,"[""NN-30""]",,[],,[],False,False
IMB,49,a0ee192c002a3d794775f036bfc165bb889d3f3b1788e6ec5f9ee93b99132f48,5AD,TYPE_VOIE,,,UNAVAILABLE,True,missing_value,not_a_text_check,"[""NN-30""]",,[],,[],False,False
IMB,49,a0ee192c002a3d794775f036bfc165bb889d3f3b1788e6ec5f9ee93b99132f48,5AD,TYPE_BATIMENT,,,UNAVAILABLE,True,missing_value,not_a_text_check,"[""NN-30""]",,[],,[],False,False
IMB,49,a0ee192c002a3d794775f036bfc165bb889d3f3b1788e6ec5f9ee93b99132f48,5AD,TYPE_CLIENT,,,UNAVAILABLE,True,missing_value,not_a_text_check,"[""NN-30""]",,[],,[],False,False
IMB,49,a0ee192c002a3d794775f036bfc165bb889d3f3b1788e6ec5f9ee93b99132f48,5AD,NB_LOC_RES,,,UNAVAILABLE,True,missing_value,not_a_text_check,"[""NN-30""]",,[],,[],False,False
IMB,49,a0ee192c002a3d794775f036bfc165bb889d3f3b1788e6ec5f9ee93b99132f48,5AD,NB_LOC_PRO,,,UNAVAILABLE,True,missing_value,not_a_text_check,"[""NN-30""]",,[],,[],False,False
IMB,49,a0ee192c002a3d794775f036bfc165bb889d3f3b1788e6ec5f9ee93b99132f48,5AD,NB_LOC_TOT,,,UNAVAILABLE,True,missing_value,not_a_text_check,"[""NN-30""]",,[],,[],False,False
IMB,49,a0ee192c002a3d794775f036bfc165bb889d3f3b1788e6ec5f9ee93b99132f48,5AD,RACCORDEMENT,,,UNAVAILABLE,True,missing_value,not_a_text_check,"[""NN-30""]",,[],,[],False,False
IMB,49,a0ee192c002a3d794775f036bfc165bb889d3f3b1788e6ec5f9ee93b99132f48,5AD,STATUT,,,UNAVAILABLE,True,missing_value,not_a_text_check,"[""NN-30""]",,[],,[],False,False
IMB,49,a0ee192c002a3d794775f036bfc165bb889d3f3b1788e6ec5f9ee93b99132f48,5AD,NB_ETAGE,,,UNAVAILABLE,True,missing_value,not_a_text_check,"[""NN-30""]",,[],,[],False,False
IMB,49,a0ee192c002a3d794775f036bfc165bb889d3f3b1788e6ec5f9ee93b99132f48,5AD,COL_MONTANTE,,,UNAVAILABLE,True,missing_value,not_a_text_check,"[""NN-30""]",,[],,[],False,False
IMB,49,a0ee192c002a3d794775f036bfc165bb889d3f3b1788e6ec5f9ee93b99132f48,5AD,SOUS_SOL,,,UNAVAILABLE,True,missing_value,not_a_text_check,"[""NN-30""]",,[],,[],False,False
IMB,49,a0ee192c002a3d794775f036bfc165bb889d3f3b1788e6ec5f9ee93b99132f48,5AD,SOUS_SOL_COMMUN,,,UNAVAILABLE,True,missing_value,not_a_text_check,"[""NN-30""]",,[],,[],False,False
IMB,49,a0ee192c002a3d794775f036bfc165bb889d3f3b1788e6ec5f9ee93b99132f48,5AD,BPE_CODE,,,UNAVAILABLE,True,missing_value,not_a_text_check,"[""NN-30""]",,[],,[],False,False
IMB,49,a0ee192c002a3d794775f036bfc165bb889d3f3b1788e6ec5f9ee93b99132f48,5AD,X,12543698.57718651,12543698.57718651,DWG_DERIVED:GEODATA+direct-CRS-transform,False,exact,not_a_text_check,"[""NN-30""]",,[],,[],False,False
IMB,49,a0ee192c002a3d794775f036bfc165bb889d3f3b1788e6ec5f9ee93b99132f48,5AD,Y,-821547.8366424439,-821547.8366424439,DWG_DERIVED:GEODATA+direct-CRS-transform,False,exact,not_a_text_check,"[""NN-30""]",,[],,[],False,False
IMB,49,a0ee192c002a3d794775f036bfc165bb889d3f3b1788e6ec5f9ee93b99132f48,5AD,display_label,NN-30,NN-30,DWG_DIRECT:text|RULE:AI-IMB-LABEL-001,False,exact,exact,"[""NN-30""]",,[],,[],False,False
IMB,50,6a1af431ec554957ebef156bfec1dbdce4f2723920ba6ba0a31e69836a3b06b5,5FB,CODE,NN-105,NN-105,DWG_DIRECT:text|RULE:AI-IMB-CODE-001,False,exact,exact,"[""NN-105""]",,[],,[],False,False
IMB,50,6a1af431ec554957ebef156bfec1dbdce4f2723920ba6ba0a31e69836a3b06b5,5FB,REF_PLAQUE,,,UNAVAILABLE,True,missing_value,not_a_text_check,"[""NN-105""]",,[],,[],False,False
IMB,50,6a1af431ec554957ebef156bfec1dbdce4f2723920ba6ba0a31e69836a3b06b5,5FB,REGION,,,UNAVAILABLE,True,missing_value,not_a_text_check,"[""NN-105""]",,[],,[],False,False
IMB,50,6a1af431ec554957ebef156bfec1dbdce4f2723920ba6ba0a31e69836a3b06b5,5FB,PROVINCE,,,UNAVAILABLE,True,missing_value,not_a_text_check,"[""NN-105""]",,[],,[],False,False
IMB,50,6a1af431ec554957ebef156bfec1dbdce4f2723920ba6ba0a31e69836a3b06b5,5FB,VILLE,,,UNAVAILABLE,True,missing_value,not_a_text_check,"[""NN-105""]",,[],,[],False,False
IMB,50,6a1af431ec554957ebef156bfec1dbdce4f2723920ba6ba0a31e69836a3b06b5,5FB,COMMUNE,,,UNAVAILABLE,True,missing_value,not_a_text_check,"[""NN-105""]",,[],,[],False,False
IMB,50,6a1af431ec554957ebef156bfec1dbdce4f2723920ba6ba0a31e69836a3b06b5,5FB,CODE_POSTAL,,,UNAVAILABLE,True,missing_value,not_a_text_check,"[""NN-105""]",,[],,[],False,False
IMB,50,6a1af431ec554957ebef156bfec1dbdce4f2723920ba6ba0a31e69836a3b06b5,5FB,NUMERO_VOIE,,,UNAVAILABLE,True,missing_value,not_a_text_check,"[""NN-105""]",,[],,[],False,False
IMB,50,6a1af431ec554957ebef156bfec1dbdce4f2723920ba6ba0a31e69836a3b06b5,5FB,TYPE_VOIE,,,UNAVAILABLE,True,missing_value,not_a_text_check,"[""NN-105""]",,[],,[],False,False
IMB,50,6a1af431ec554957ebef156bfec1dbdce4f2723920ba6ba0a31e69836a3b06b5,5FB,TYPE_BATIMENT,,,UNAVAILABLE,True,missing_value,not_a_text_check,"[""NN-105""]",,[],,[],False,False
IMB,50,6a1af431ec554957ebef156bfec1dbdce4f2723920ba6ba0a31e69836a3b06b5,5FB,TYPE_CLIENT,,,UNAVAILABLE,True,missing_value,not_a_text_check,"[""NN-105""]",,[],,[],False,False
IMB,50,6a1af431ec554957ebef156bfec1dbdce4f2723920ba6ba0a31e69836a3b06b5,5FB,NB_LOC_RES,,,UNAVAILABLE,True,missing_value,not_a_text_check,"[""NN-105""]",,[],,[],False,False
IMB,50,6a1af431ec554957ebef156bfec1dbdce4f2723920ba6ba0a31e69836a3b06b5,5FB,NB_LOC_PRO,,,UNAVAILABLE,True,missing_value,not_a_text_check,"[""NN-105""]",,[],,[],False,False
IMB,50,6a1af431ec554957ebef156bfec1dbdce4f2723920ba6ba0a31e69836a3b06b5,5FB,NB_LOC_TOT,,,UNAVAILABLE,True,missing_value,not_a_text_check,"[""NN-105""]",,[],,[],False,False
IMB,50,6a1af431ec554957ebef156bfec1dbdce4f2723920ba6ba0a31e69836a3b06b5,5FB,RACCORDEMENT,,,UNAVAILABLE,True,missing_value,not_a_text_check,"[""NN-105""]",,[],,[],False,False
IMB,50,6a1af431ec554957ebef156bfec1dbdce4f2723920ba6ba0a31e69836a3b06b5,5FB,STATUT,,,UNAVAILABLE,True,missing_value,not_a_text_check,"[""NN-105""]",,[],,[],False,False
IMB,50,6a1af431ec554957ebef156bfec1dbdce4f2723920ba6ba0a31e69836a3b06b5,5FB,NB_ETAGE,,,UNAVAILABLE,True,missing_value,not_a_text_check,"[""NN-105""]",,[],,[],False,False
IMB,50,6a1af431ec554957ebef156bfec1dbdce4f2723920ba6ba0a31e69836a3b06b5,5FB,COL_MONTANTE,,,UNAVAILABLE,True,missing_value,not_a_text_check,"[""NN-105""]",,[],,[],False,False
IMB,50,6a1af431ec554957ebef156bfec1dbdce4f2723920ba6ba0a31e69836a3b06b5,5FB,SOUS_SOL,,,UNAVAILABLE,True,missing_value,not_a_text_check,"[""NN-105""]",,[],,[],False,False
IMB,50,6a1af431ec554957ebef156bfec1dbdce4f2723920ba6ba0a31e69836a3b06b5,5FB,SOUS_SOL_COMMUN,,,UNAVAILABLE,True,missing_value,not_a_text_check,"[""NN-105""]",,[],,[],False,False
IMB,50,6a1af431ec554957ebef156bfec1dbdce4f2723920ba6ba0a31e69836a3b06b5,5FB,BPE_CODE,,,UNAVAILABLE,True,missing_value,not_a_text_check,"[""NN-105""]",,[],,[],False,False
IMB,50,6a1af431ec554957ebef156bfec1dbdce4f2723920ba6ba0a31e69836a3b06b5,5FB,X,12543652.118611716,12543652.118611716,DWG_DERIVED:GEODATA+direct-CRS-transform,False,exact,not_a_text_check,"[""NN-105""]",,[],,[],False,False
IMB,50,6a1af431ec554957ebef156bfec1dbdce4f2723920ba6ba0a31e69836a3b06b5,5FB,Y,-821487.3855842061,-821487.3855842061,DWG_DERIVED:GEODATA+direct-CRS-transform,False,exact,not_a_text_check,"[""NN-105""]",,[],,[],False,False
IMB,50,6a1af431ec554957ebef156bfec1dbdce4f2723920ba6ba0a31e69836a3b06b5,5FB,display_label,NN-105,NN-105,DWG_DIRECT:text|RULE:AI-IMB-LABEL-001,False,exact,exact,"[""NN-105""]",,[],,[],False,False
IMB,51,f2d2d9a26850afec7d7dc1d4a91b7fbfd70dbda965efc3d750ccc5cdacd90da6,5C5,CODE,NN-54,NN-54,DWG_DIRECT:text|RULE:AI-IMB-CODE-001,False,exact,exact,"[""NN-54""]",,[],,[],False,False
IMB,51,f2d2d9a26850afec7d7dc1d4a91b7fbfd70dbda965efc3d750ccc5cdacd90da6,5C5,REF_PLAQUE,,,UNAVAILABLE,True,missing_value,not_a_text_check,"[""NN-54""]",,[],,[],False,False
IMB,51,f2d2d9a26850afec7d7dc1d4a91b7fbfd70dbda965efc3d750ccc5cdacd90da6,5C5,REGION,,,UNAVAILABLE,True,missing_value,not_a_text_check,"[""NN-54""]",,[],,[],False,False
IMB,51,f2d2d9a26850afec7d7dc1d4a91b7fbfd70dbda965efc3d750ccc5cdacd90da6,5C5,PROVINCE,,,UNAVAILABLE,True,missing_value,not_a_text_check,"[""NN-54""]",,[],,[],False,False
IMB,51,f2d2d9a26850afec7d7dc1d4a91b7fbfd70dbda965efc3d750ccc5cdacd90da6,5C5,VILLE,,,UNAVAILABLE,True,missing_value,not_a_text_check,"[""NN-54""]",,[],,[],False,False
IMB,51,f2d2d9a26850afec7d7dc1d4a91b7fbfd70dbda965efc3d750ccc5cdacd90da6,5C5,COMMUNE,,,UNAVAILABLE,True,missing_value,not_a_text_check,"[""NN-54""]",,[],,[],False,False
IMB,51,f2d2d9a26850afec7d7dc1d4a91b7fbfd70dbda965efc3d750ccc5cdacd90da6,5C5,CODE_POSTAL,,,UNAVAILABLE,True,missing_value,not_a_text_check,"[""NN-54""]",,[],,[],False,False
IMB,51,f2d2d9a26850afec7d7dc1d4a91b7fbfd70dbda965efc3d750ccc5cdacd90da6,5C5,NUMERO_VOIE,,,UNAVAILABLE,True,missing_value,not_a_text_check,"[""NN-54""]",,[],,[],False,False
IMB,51,f2d2d9a26850afec7d7dc1d4a91b7fbfd70dbda965efc3d750ccc5cdacd90da6,5C5,TYPE_VOIE,,,UNAVAILABLE,True,missing_value,not_a_text_check,"[""NN-54""]",,[],,[],False,False
IMB,51,f2d2d9a26850afec7d7dc1d4a91b7fbfd70dbda965efc3d750ccc5cdacd90da6,5C5,TYPE_BATIMENT,,,UNAVAILABLE,True,missing_value,not_a_text_check,"[""NN-54""]",,[],,[],False,False
IMB,51,f2d2d9a26850afec7d7dc1d4a91b7fbfd70dbda965efc3d750ccc5cdacd90da6,5C5,TYPE_CLIENT,,,UNAVAILABLE,True,missing_value,not_a_text_check,"[""NN-54""]",,[],,[],False,False
IMB,51,f2d2d9a26850afec7d7dc1d4a91b7fbfd70dbda965efc3d750ccc5cdacd90da6,5C5,NB_LOC_RES,,,UNAVAILABLE,True,missing_value,not_a_text_check,"[""NN-54""]",,[],,[],False,False
IMB,51,f2d2d9a26850afec7d7dc1d4a91b7fbfd70dbda965efc3d750ccc5cdacd90da6,5C5,NB_LOC_PRO,,,UNAVAILABLE,True,missing_value,not_a_text_check,"[""NN-54""]",,[],,[],False,False
IMB,51,f2d2d9a26850afec7d7dc1d4a91b7fbfd70dbda965efc3d750ccc5cdacd90da6,5C5,NB_LOC_TOT,,,UNAVAILABLE,True,missing_value,not_a_text_check,"[""NN-54""]",,[],,[],False,False
IMB,51,f2d2d9a26850afec7d7dc1d4a91b7fbfd70dbda965efc3d750ccc5cdacd90da6,5C5,RACCORDEMENT,,,UNAVAILABLE,True,missing_value,not_a_text_check,"[""NN-54""]",,[],,[],False,False
IMB,51,f2d2d9a26850afec7d7dc1d4a91b7fbfd70dbda965efc3d750ccc5cdacd90da6,5C5,STATUT,,,UNAVAILABLE,True,missing_value,not_a_text_check,"[""NN-54""]",,[],,[],False,False
IMB,51,f2d2d9a26850afec7d7dc1d4a91b7fbfd70dbda965efc3d750ccc5cdacd90da6,5C5,NB_ETAGE,,,UNAVAILABLE,True,missing_value,not_a_text_check,"[""NN-54""]",,[],,[],False,False
IMB,51,f2d2d9a26850afec7d7dc1d4a91b7fbfd70dbda965efc3d750ccc5cdacd90da6,5C5,COL_MONTANTE,,,UNAVAILABLE,True,missing_value,not_a_text_check,"[""NN-54""]",,[],,[],False,False
IMB,51,f2d2d9a26850afec7d7dc1d4a91b7fbfd70dbda965efc3d750ccc5cdacd90da6,5C5,SOUS_SOL,,,UNAVAILABLE,True,missing_value,not_a_text_check,"[""NN-54""]",,[],,[],False,False
IMB,51,f2d2d9a26850afec7d7dc1d4a91b7fbfd70dbda965efc3d750ccc5cdacd90da6,5C5,SOUS_SOL_COMMUN,,,UNAVAILABLE,True,missing_value,not_a_text_check,"[""NN-54""]",,[],,[],False,False
IMB,51,f2d2d9a26850afec7d7dc1d4a91b7fbfd70dbda965efc3d750ccc5cdacd90da6,5C5,BPE_CODE,,,UNAVAILABLE,True,missing_value,not_a_text_check,"[""NN-54""]",,[],,[],False,False
IMB,51,f2d2d9a26850afec7d7dc1d4a91b7fbfd70dbda965efc3d750ccc5cdacd90da6,5C5,X,12543693.64163449,12543693.64163449,DWG_DERIVED:GEODATA+direct-CRS-transform,False,exact,not_a_text_check,"[""NN-54""]",,[],,[],False,False
IMB,51,f2d2d9a26850afec7d7dc1d4a91b7fbfd70dbda965efc3d750ccc5cdacd90da6,5C5,Y,-821623.2720989926,-821623.2720989926,DWG_DERIVED:GEODATA+direct-CRS-transform,False,exact,not_a_text_check,"[""NN-54""]",,[],,[],False,False
IMB,51,f2d2d9a26850afec7d7dc1d4a91b7fbfd70dbda965efc3d750ccc5cdacd90da6,5C5,display_label,NN-54,NN-54,DWG_DIRECT:text|RULE:AI-IMB-LABEL-001,False,exact,exact,"[""NN-54""]",,[],,[],False,False
IMB,52,d3947c3bdb93d0cda27ccfe6dcc81e46f2343584d46f85ba3aa917345686d3a6,605,CODE,NN-115,NN-115,DWG_DIRECT:text|RULE:AI-IMB-CODE-001,False,exact,exact,"[""NN-115""]",,[],,[],False,False
IMB,52,d3947c3bdb93d0cda27ccfe6dcc81e46f2343584d46f85ba3aa917345686d3a6,605,REF_PLAQUE,,,UNAVAILABLE,True,missing_value,not_a_text_check,"[""NN-115""]",,[],,[],False,False
IMB,52,d3947c3bdb93d0cda27ccfe6dcc81e46f2343584d46f85ba3aa917345686d3a6,605,REGION,,,UNAVAILABLE,True,missing_value,not_a_text_check,"[""NN-115""]",,[],,[],False,False
IMB,52,d3947c3bdb93d0cda27ccfe6dcc81e46f2343584d46f85ba3aa917345686d3a6,605,PROVINCE,,,UNAVAILABLE,True,missing_value,not_a_text_check,"[""NN-115""]",,[],,[],False,False
IMB,52,d3947c3bdb93d0cda27ccfe6dcc81e46f2343584d46f85ba3aa917345686d3a6,605,VILLE,,,UNAVAILABLE,True,missing_value,not_a_text_check,"[""NN-115""]",,[],,[],False,False
IMB,52,d3947c3bdb93d0cda27ccfe6dcc81e46f2343584d46f85ba3aa917345686d3a6,605,COMMUNE,,,UNAVAILABLE,True,missing_value,not_a_text_check,"[""NN-115""]",,[],,[],False,False
IMB,52,d3947c3bdb93d0cda27ccfe6dcc81e46f2343584d46f85ba3aa917345686d3a6,605,CODE_POSTAL,,,UNAVAILABLE,True,missing_value,not_a_text_check,"[""NN-115""]",,[],,[],False,False
IMB,52,d3947c3bdb93d0cda27ccfe6dcc81e46f2343584d46f85ba3aa917345686d3a6,605,NUMERO_VOIE,,,UNAVAILABLE,True,missing_value,not_a_text_check,"[""NN-115""]",,[],,[],False,False
IMB,52,d3947c3bdb93d0cda27ccfe6dcc81e46f2343584d46f85ba3aa917345686d3a6,605,TYPE_VOIE,,,UNAVAILABLE,True,missing_value,not_a_text_check,"[""NN-115""]",,[],,[],False,False
IMB,52,d3947c3bdb93d0cda27ccfe6dcc81e46f2343584d46f85ba3aa917345686d3a6,605,TYPE_BATIMENT,,,UNAVAILABLE,True,missing_value,not_a_text_check,"[""NN-115""]",,[],,[],False,False
IMB,52,d3947c3bdb93d0cda27ccfe6dcc81e46f2343584d46f85ba3aa917345686d3a6,605,TYPE_CLIENT,,,UNAVAILABLE,True,missing_value,not_a_text_check,"[""NN-115""]",,[],,[],False,False
IMB,52,d3947c3bdb93d0cda27ccfe6dcc81e46f2343584d46f85ba3aa917345686d3a6,605,NB_LOC_RES,,,UNAVAILABLE,True,missing_value,not_a_text_check,"[""NN-115""]",,[],,[],False,False
IMB,52,d3947c3bdb93d0cda27ccfe6dcc81e46f2343584d46f85ba3aa917345686d3a6,605,NB_LOC_PRO,,,UNAVAILABLE,True,missing_value,not_a_text_check,"[""NN-115""]",,[],,[],False,False
IMB,52,d3947c3bdb93d0cda27ccfe6dcc81e46f2343584d46f85ba3aa917345686d3a6,605,NB_LOC_TOT,,,UNAVAILABLE,True,missing_value,not_a_text_check,"[""NN-115""]",,[],,[],False,False
IMB,52,d3947c3bdb93d0cda27ccfe6dcc81e46f2343584d46f85ba3aa917345686d3a6,605,RACCORDEMENT,,,UNAVAILABLE,True,missing_value,not_a_text_check,"[""NN-115""]",,[],,[],False,False
IMB,52,d3947c3bdb93d0cda27ccfe6dcc81e46f2343584d46f85ba3aa917345686d3a6,605,STATUT,,,UNAVAILABLE,True,missing_value,not_a_text_check,"[""NN-115""]",,[],,[],False,False
IMB,52,d3947c3bdb93d0cda27ccfe6dcc81e46f2343584d46f85ba3aa917345686d3a6,605,NB_ETAGE,,,UNAVAILABLE,True,missing_value,not_a_text_check,"[""NN-115""]",,[],,[],False,False
IMB,52,d3947c3bdb93d0cda27ccfe6dcc81e46f2343584d46f85ba3aa917345686d3a6,605,COL_MONTANTE,,,UNAVAILABLE,True,missing_value,not_a_text_check,"[""NN-115""]",,[],,[],False,False
IMB,52,d3947c3bdb93d0cda27ccfe6dcc81e46f2343584d46f85ba3aa917345686d3a6,605,SOUS_SOL,,,UNAVAILABLE,True,missing_value,not_a_text_check,"[""NN-115""]",,[],,[],False,False
IMB,52,d3947c3bdb93d0cda27ccfe6dcc81e46f2343584d46f85ba3aa917345686d3a6,605,SOUS_SOL_COMMUN,,,UNAVAILABLE,True,missing_value,not_a_text_check,"[""NN-115""]",,[],,[],False,False
IMB,52,d3947c3bdb93d0cda27ccfe6dcc81e46f2343584d46f85ba3aa917345686d3a6,605,BPE_CODE,,,UNAVAILABLE,True,missing_value,not_a_text_check,"[""NN-115""]",,[],,[],False,False
IMB,52,d3947c3bdb93d0cda27ccfe6dcc81e46f2343584d46f85ba3aa917345686d3a6,605,X,12543753.041055314,12543753.041055314,DWG_DERIVED:GEODATA+direct-CRS-transform,False,exact,not_a_text_check,"[""NN-115""]",,[],,[],False,False
IMB,52,d3947c3bdb93d0cda27ccfe6dcc81e46f2343584d46f85ba3aa917345686d3a6,605,Y,-821483.4665251048,-821483.4665251048,DWG_DERIVED:GEODATA+direct-CRS-transform,False,exact,not_a_text_check,"[""NN-115""]",,[],,[],False,False
IMB,52,d3947c3bdb93d0cda27ccfe6dcc81e46f2343584d46f85ba3aa917345686d3a6,605,display_label,NN-115,NN-115,DWG_DIRECT:text|RULE:AI-IMB-LABEL-001,False,exact,exact,"[""NN-115""]",,[],,[],False,False
IMB,53,570298b2ddcf1e9db8d6102c28a6e68fd47c0c38d3b6443741288c2a24464f37,5D0,CODE,NN-63,NN-63,DWG_DIRECT:text|RULE:AI-IMB-CODE-001,False,exact,exact,"[""NN-63""]",,[],,[],False,False
IMB,53,570298b2ddcf1e9db8d6102c28a6e68fd47c0c38d3b6443741288c2a24464f37,5D0,REF_PLAQUE,,,UNAVAILABLE,True,missing_value,not_a_text_check,"[""NN-63""]",,[],,[],False,False
IMB,53,570298b2ddcf1e9db8d6102c28a6e68fd47c0c38d3b6443741288c2a24464f37,5D0,REGION,,,UNAVAILABLE,True,missing_value,not_a_text_check,"[""NN-63""]",,[],,[],False,False
IMB,53,570298b2ddcf1e9db8d6102c28a6e68fd47c0c38d3b6443741288c2a24464f37,5D0,PROVINCE,,,UNAVAILABLE,True,missing_value,not_a_text_check,"[""NN-63""]",,[],,[],False,False
IMB,53,570298b2ddcf1e9db8d6102c28a6e68fd47c0c38d3b6443741288c2a24464f37,5D0,VILLE,,,UNAVAILABLE,True,missing_value,not_a_text_check,"[""NN-63""]",,[],,[],False,False
IMB,53,570298b2ddcf1e9db8d6102c28a6e68fd47c0c38d3b6443741288c2a24464f37,5D0,COMMUNE,,,UNAVAILABLE,True,missing_value,not_a_text_check,"[""NN-63""]",,[],,[],False,False
IMB,53,570298b2ddcf1e9db8d6102c28a6e68fd47c0c38d3b6443741288c2a24464f37,5D0,CODE_POSTAL,,,UNAVAILABLE,True,missing_value,not_a_text_check,"[""NN-63""]",,[],,[],False,False
IMB,53,570298b2ddcf1e9db8d6102c28a6e68fd47c0c38d3b6443741288c2a24464f37,5D0,NUMERO_VOIE,,,UNAVAILABLE,True,missing_value,not_a_text_check,"[""NN-63""]",,[],,[],False,False
IMB,53,570298b2ddcf1e9db8d6102c28a6e68fd47c0c38d3b6443741288c2a24464f37,5D0,TYPE_VOIE,,,UNAVAILABLE,True,missing_value,not_a_text_check,"[""NN-63""]",,[],,[],False,False
IMB,53,570298b2ddcf1e9db8d6102c28a6e68fd47c0c38d3b6443741288c2a24464f37,5D0,TYPE_BATIMENT,,,UNAVAILABLE,True,missing_value,not_a_text_check,"[""NN-63""]",,[],,[],False,False
IMB,53,570298b2ddcf1e9db8d6102c28a6e68fd47c0c38d3b6443741288c2a24464f37,5D0,TYPE_CLIENT,,,UNAVAILABLE,True,missing_value,not_a_text_check,"[""NN-63""]",,[],,[],False,False
IMB,53,570298b2ddcf1e9db8d6102c28a6e68fd47c0c38d3b6443741288c2a24464f37,5D0,NB_LOC_RES,,,UNAVAILABLE,True,missing_value,not_a_text_check,"[""NN-63""]",,[],,[],False,False
IMB,53,570298b2ddcf1e9db8d6102c28a6e68fd47c0c38d3b6443741288c2a24464f37,5D0,NB_LOC_PRO,,,UNAVAILABLE,True,missing_value,not_a_text_check,"[""NN-63""]",,[],,[],False,False
IMB,53,570298b2ddcf1e9db8d6102c28a6e68fd47c0c38d3b6443741288c2a24464f37,5D0,NB_LOC_TOT,,,UNAVAILABLE,True,missing_value,not_a_text_check,"[""NN-63""]",,[],,[],False,False
IMB,53,570298b2ddcf1e9db8d6102c28a6e68fd47c0c38d3b6443741288c2a24464f37,5D0,RACCORDEMENT,,,UNAVAILABLE,True,missing_value,not_a_text_check,"[""NN-63""]",,[],,[],False,False
IMB,53,570298b2ddcf1e9db8d6102c28a6e68fd47c0c38d3b6443741288c2a24464f37,5D0,STATUT,,,UNAVAILABLE,True,missing_value,not_a_text_check,"[""NN-63""]",,[],,[],False,False
IMB,53,570298b2ddcf1e9db8d6102c28a6e68fd47c0c38d3b6443741288c2a24464f37,5D0,NB_ETAGE,,,UNAVAILABLE,True,missing_value,not_a_text_check,"[""NN-63""]",,[],,[],False,False
IMB,53,570298b2ddcf1e9db8d6102c28a6e68fd47c0c38d3b6443741288c2a24464f37,5D0,COL_MONTANTE,,,UNAVAILABLE,True,missing_value,not_a_text_check,"[""NN-63""]",,[],,[],False,False
IMB,53,570298b2ddcf1e9db8d6102c28a6e68fd47c0c38d3b6443741288c2a24464f37,5D0,SOUS_SOL,,,UNAVAILABLE,True,missing_value,not_a_text_check,"[""NN-63""]",,[],,[],False,False
IMB,53,570298b2ddcf1e9db8d6102c28a6e68fd47c0c38d3b6443741288c2a24464f37,5D0,SOUS_SOL_COMMUN,,,UNAVAILABLE,True,missing_value,not_a_text_check,"[""NN-63""]",,[],,[],False,False
IMB,53,570298b2ddcf1e9db8d6102c28a6e68fd47c0c38d3b6443741288c2a24464f37,5D0,BPE_CODE,,,UNAVAILABLE,True,missing_value,not_a_text_check,"[""NN-63""]",,[],,[],False,False
IMB,53,570298b2ddcf1e9db8d6102c28a6e68fd47c0c38d3b6443741288c2a24464f37,5D0,X,12543780.821188167,12543780.821188167,DWG_DERIVED:GEODATA+direct-CRS-transform,False,exact,not_a_text_check,"[""NN-63""]",,[],,[],False,False
IMB,53,570298b2ddcf1e9db8d6102c28a6e68fd47c0c38d3b6443741288c2a24464f37,5D0,Y,-821642.9535190071,-821642.9535190071,DWG_DERIVED:GEODATA+direct-CRS-transform,False,exact,not_a_text_check,"[""NN-63""]",,[],,[],False,False
IMB,53,570298b2ddcf1e9db8d6102c28a6e68fd47c0c38d3b6443741288c2a24464f37,5D0,display_label,NN-63,NN-63,DWG_DIRECT:text|RULE:AI-IMB-LABEL-001,False,exact,exact,"[""NN-63""]",,[],,[],False,False
IMB,54,b683044ce4a9abc05f131ea9baeba53a84c958172d3bcfd63237ca7e5aafbf15,5E8,CODE,NN-86,NN-86,DWG_DIRECT:text|RULE:AI-IMB-CODE-001,False,exact,exact,"[""NN-86""]",,[],,[],False,False
IMB,54,b683044ce4a9abc05f131ea9baeba53a84c958172d3bcfd63237ca7e5aafbf15,5E8,REF_PLAQUE,,,UNAVAILABLE,True,missing_value,not_a_text_check,"[""NN-86""]",,[],,[],False,False
IMB,54,b683044ce4a9abc05f131ea9baeba53a84c958172d3bcfd63237ca7e5aafbf15,5E8,REGION,,,UNAVAILABLE,True,missing_value,not_a_text_check,"[""NN-86""]",,[],,[],False,False
IMB,54,b683044ce4a9abc05f131ea9baeba53a84c958172d3bcfd63237ca7e5aafbf15,5E8,PROVINCE,,,UNAVAILABLE,True,missing_value,not_a_text_check,"[""NN-86""]",,[],,[],False,False
IMB,54,b683044ce4a9abc05f131ea9baeba53a84c958172d3bcfd63237ca7e5aafbf15,5E8,VILLE,,,UNAVAILABLE,True,missing_value,not_a_text_check,"[""NN-86""]",,[],,[],False,False
IMB,54,b683044ce4a9abc05f131ea9baeba53a84c958172d3bcfd63237ca7e5aafbf15,5E8,COMMUNE,,,UNAVAILABLE,True,missing_value,not_a_text_check,"[""NN-86""]",,[],,[],False,False
IMB,54,b683044ce4a9abc05f131ea9baeba53a84c958172d3bcfd63237ca7e5aafbf15,5E8,CODE_POSTAL,,,UNAVAILABLE,True,missing_value,not_a_text_check,"[""NN-86""]",,[],,[],False,False
IMB,54,b683044ce4a9abc05f131ea9baeba53a84c958172d3bcfd63237ca7e5aafbf15,5E8,NUMERO_VOIE,,,UNAVAILABLE,True,missing_value,not_a_text_check,"[""NN-86""]",,[],,[],False,False
IMB,54,b683044ce4a9abc05f131ea9baeba53a84c958172d3bcfd63237ca7e5aafbf15,5E8,TYPE_VOIE,,,UNAVAILABLE,True,missing_value,not_a_text_check,"[""NN-86""]",,[],,[],False,False
IMB,54,b683044ce4a9abc05f131ea9baeba53a84c958172d3bcfd63237ca7e5aafbf15,5E8,TYPE_BATIMENT,,,UNAVAILABLE,True,missing_value,not_a_text_check,"[""NN-86""]",,[],,[],False,False
IMB,54,b683044ce4a9abc05f131ea9baeba53a84c958172d3bcfd63237ca7e5aafbf15,5E8,TYPE_CLIENT,,,UNAVAILABLE,True,missing_value,not_a_text_check,"[""NN-86""]",,[],,[],False,False
IMB,54,b683044ce4a9abc05f131ea9baeba53a84c958172d3bcfd63237ca7e5aafbf15,5E8,NB_LOC_RES,,,UNAVAILABLE,True,missing_value,not_a_text_check,"[""NN-86""]",,[],,[],False,False
IMB,54,b683044ce4a9abc05f131ea9baeba53a84c958172d3bcfd63237ca7e5aafbf15,5E8,NB_LOC_PRO,,,UNAVAILABLE,True,missing_value,not_a_text_check,"[""NN-86""]",,[],,[],False,False
IMB,54,b683044ce4a9abc05f131ea9baeba53a84c958172d3bcfd63237ca7e5aafbf15,5E8,NB_LOC_TOT,,,UNAVAILABLE,True,missing_value,not_a_text_check,"[""NN-86""]",,[],,[],False,False
IMB,54,b683044ce4a9abc05f131ea9baeba53a84c958172d3bcfd63237ca7e5aafbf15,5E8,RACCORDEMENT,,,UNAVAILABLE,True,missing_value,not_a_text_check,"[""NN-86""]",,[],,[],False,False
IMB,54,b683044ce4a9abc05f131ea9baeba53a84c958172d3bcfd63237ca7e5aafbf15,5E8,STATUT,,,UNAVAILABLE,True,missing_value,not_a_text_check,"[""NN-86""]",,[],,[],False,False
IMB,54,b683044ce4a9abc05f131ea9baeba53a84c958172d3bcfd63237ca7e5aafbf15,5E8,NB_ETAGE,,,UNAVAILABLE,True,missing_value,not_a_text_check,"[""NN-86""]",,[],,[],False,False
IMB,54,b683044ce4a9abc05f131ea9baeba53a84c958172d3bcfd63237ca7e5aafbf15,5E8,COL_MONTANTE,,,UNAVAILABLE,True,missing_value,not_a_text_check,"[""NN-86""]",,[],,[],False,False
IMB,54,b683044ce4a9abc05f131ea9baeba53a84c958172d3bcfd63237ca7e5aafbf15,5E8,SOUS_SOL,,,UNAVAILABLE,True,missing_value,not_a_text_check,"[""NN-86""]",,[],,[],False,False
IMB,54,b683044ce4a9abc05f131ea9baeba53a84c958172d3bcfd63237ca7e5aafbf15,5E8,SOUS_SOL_COMMUN,,,UNAVAILABLE,True,missing_value,not_a_text_check,"[""NN-86""]",,[],,[],False,False
IMB,54,b683044ce4a9abc05f131ea9baeba53a84c958172d3bcfd63237ca7e5aafbf15,5E8,BPE_CODE,,,UNAVAILABLE,True,missing_value,not_a_text_check,"[""NN-86""]",,[],,[],False,False
IMB,54,b683044ce4a9abc05f131ea9baeba53a84c958172d3bcfd63237ca7e5aafbf15,5E8,X,12543744.572432915,12543744.572432915,DWG_DERIVED:GEODATA+direct-CRS-transform,False,exact,not_a_text_check,"[""NN-86""]",,[],,[],False,False
IMB,54,b683044ce4a9abc05f131ea9baeba53a84c958172d3bcfd63237ca7e5aafbf15,5E8,Y,-821535.5976446987,-821535.5976446987,DWG_DERIVED:GEODATA+direct-CRS-transform,False,exact,not_a_text_check,"[""NN-86""]",,[],,[],False,False
IMB,54,b683044ce4a9abc05f131ea9baeba53a84c958172d3bcfd63237ca7e5aafbf15,5E8,display_label,NN-86,NN-86,DWG_DIRECT:text|RULE:AI-IMB-LABEL-001,False,exact,exact,"[""NN-86""]",,[],,[],False,False
IMB,55,c8975e3505ed8774c27c7571525892a4de872a73c136b4fe76a4afb00689d7a0,5E4,CODE,NN-82,NN-82,DWG_DIRECT:text|RULE:AI-IMB-CODE-001,False,exact,exact,"[""NN-82""]",,[],,[],False,False
IMB,55,c8975e3505ed8774c27c7571525892a4de872a73c136b4fe76a4afb00689d7a0,5E4,REF_PLAQUE,,,UNAVAILABLE,True,missing_value,not_a_text_check,"[""NN-82""]",,[],,[],False,False
IMB,55,c8975e3505ed8774c27c7571525892a4de872a73c136b4fe76a4afb00689d7a0,5E4,REGION,,,UNAVAILABLE,True,missing_value,not_a_text_check,"[""NN-82""]",,[],,[],False,False
IMB,55,c8975e3505ed8774c27c7571525892a4de872a73c136b4fe76a4afb00689d7a0,5E4,PROVINCE,,,UNAVAILABLE,True,missing_value,not_a_text_check,"[""NN-82""]",,[],,[],False,False
IMB,55,c8975e3505ed8774c27c7571525892a4de872a73c136b4fe76a4afb00689d7a0,5E4,VILLE,,,UNAVAILABLE,True,missing_value,not_a_text_check,"[""NN-82""]",,[],,[],False,False
IMB,55,c8975e3505ed8774c27c7571525892a4de872a73c136b4fe76a4afb00689d7a0,5E4,COMMUNE,,,UNAVAILABLE,True,missing_value,not_a_text_check,"[""NN-82""]",,[],,[],False,False
IMB,55,c8975e3505ed8774c27c7571525892a4de872a73c136b4fe76a4afb00689d7a0,5E4,CODE_POSTAL,,,UNAVAILABLE,True,missing_value,not_a_text_check,"[""NN-82""]",,[],,[],False,False
IMB,55,c8975e3505ed8774c27c7571525892a4de872a73c136b4fe76a4afb00689d7a0,5E4,NUMERO_VOIE,,,UNAVAILABLE,True,missing_value,not_a_text_check,"[""NN-82""]",,[],,[],False,False
IMB,55,c8975e3505ed8774c27c7571525892a4de872a73c136b4fe76a4afb00689d7a0,5E4,TYPE_VOIE,,,UNAVAILABLE,True,missing_value,not_a_text_check,"[""NN-82""]",,[],,[],False,False
IMB,55,c8975e3505ed8774c27c7571525892a4de872a73c136b4fe76a4afb00689d7a0,5E4,TYPE_BATIMENT,,,UNAVAILABLE,True,missing_value,not_a_text_check,"[""NN-82""]",,[],,[],False,False
IMB,55,c8975e3505ed8774c27c7571525892a4de872a73c136b4fe76a4afb00689d7a0,5E4,TYPE_CLIENT,,,UNAVAILABLE,True,missing_value,not_a_text_check,"[""NN-82""]",,[],,[],False,False
IMB,55,c8975e3505ed8774c27c7571525892a4de872a73c136b4fe76a4afb00689d7a0,5E4,NB_LOC_RES,,,UNAVAILABLE,True,missing_value,not_a_text_check,"[""NN-82""]",,[],,[],False,False
IMB,55,c8975e3505ed8774c27c7571525892a4de872a73c136b4fe76a4afb00689d7a0,5E4,NB_LOC_PRO,,,UNAVAILABLE,True,missing_value,not_a_text_check,"[""NN-82""]",,[],,[],False,False
IMB,55,c8975e3505ed8774c27c7571525892a4de872a73c136b4fe76a4afb00689d7a0,5E4,NB_LOC_TOT,,,UNAVAILABLE,True,missing_value,not_a_text_check,"[""NN-82""]",,[],,[],False,False
IMB,55,c8975e3505ed8774c27c7571525892a4de872a73c136b4fe76a4afb00689d7a0,5E4,RACCORDEMENT,,,UNAVAILABLE,True,missing_value,not_a_text_check,"[""NN-82""]",,[],,[],False,False
IMB,55,c8975e3505ed8774c27c7571525892a4de872a73c136b4fe76a4afb00689d7a0,5E4,STATUT,,,UNAVAILABLE,True,missing_value,not_a_text_check,"[""NN-82""]",,[],,[],False,False
IMB,55,c8975e3505ed8774c27c7571525892a4de872a73c136b4fe76a4afb00689d7a0,5E4,NB_ETAGE,,,UNAVAILABLE,True,missing_value,not_a_text_check,"[""NN-82""]",,[],,[],False,False
IMB,55,c8975e3505ed8774c27c7571525892a4de872a73c136b4fe76a4afb00689d7a0,5E4,COL_MONTANTE,,,UNAVAILABLE,True,missing_value,not_a_text_check,"[""NN-82""]",,[],,[],False,False
IMB,55,c8975e3505ed8774c27c7571525892a4de872a73c136b4fe76a4afb00689d7a0,5E4,SOUS_SOL,,,UNAVAILABLE,True,missing_value,not_a_text_check,"[""NN-82""]",,[],,[],False,False
IMB,55,c8975e3505ed8774c27c7571525892a4de872a73c136b4fe76a4afb00689d7a0,5E4,SOUS_SOL_COMMUN,,,UNAVAILABLE,True,missing_value,not_a_text_check,"[""NN-82""]",,[],,[],False,False
IMB,55,c8975e3505ed8774c27c7571525892a4de872a73c136b4fe76a4afb00689d7a0,5E4,BPE_CODE,,,UNAVAILABLE,True,missing_value,not_a_text_check,"[""NN-82""]",,[],,[],False,False
IMB,55,c8975e3505ed8774c27c7571525892a4de872a73c136b4fe76a4afb00689d7a0,5E4,X,12543775.932437252,12543775.932437252,DWG_DERIVED:GEODATA+direct-CRS-transform,False,exact,not_a_text_check,"[""NN-82""]",,[],,[],False,False
IMB,55,c8975e3505ed8774c27c7571525892a4de872a73c136b4fe76a4afb00689d7a0,5E4,Y,-821537.1017038773,-821537.1017038773,DWG_DERIVED:GEODATA+direct-CRS-transform,False,exact,not_a_text_check,"[""NN-82""]",,[],,[],False,False
IMB,55,c8975e3505ed8774c27c7571525892a4de872a73c136b4fe76a4afb00689d7a0,5E4,display_label,NN-82,NN-82,DWG_DIRECT:text|RULE:AI-IMB-LABEL-001,False,exact,exact,"[""NN-82""]",,[],,[],False,False
IMB,56,ddf4ce57b67f616e34832f75e4475466b6b95f7866820722d3fffedebdba5df9,5A9,CODE,NN-26,NN-26,DWG_DIRECT:text|RULE:AI-IMB-CODE-001,False,exact,exact,"[""NN-26""]",,[],,[],False,False
IMB,56,ddf4ce57b67f616e34832f75e4475466b6b95f7866820722d3fffedebdba5df9,5A9,REF_PLAQUE,,,UNAVAILABLE,True,missing_value,not_a_text_check,"[""NN-26""]",,[],,[],False,False
IMB,56,ddf4ce57b67f616e34832f75e4475466b6b95f7866820722d3fffedebdba5df9,5A9,REGION,,,UNAVAILABLE,True,missing_value,not_a_text_check,"[""NN-26""]",,[],,[],False,False
IMB,56,ddf4ce57b67f616e34832f75e4475466b6b95f7866820722d3fffedebdba5df9,5A9,PROVINCE,,,UNAVAILABLE,True,missing_value,not_a_text_check,"[""NN-26""]",,[],,[],False,False
IMB,56,ddf4ce57b67f616e34832f75e4475466b6b95f7866820722d3fffedebdba5df9,5A9,VILLE,,,UNAVAILABLE,True,missing_value,not_a_text_check,"[""NN-26""]",,[],,[],False,False
IMB,56,ddf4ce57b67f616e34832f75e4475466b6b95f7866820722d3fffedebdba5df9,5A9,COMMUNE,,,UNAVAILABLE,True,missing_value,not_a_text_check,"[""NN-26""]",,[],,[],False,False
IMB,56,ddf4ce57b67f616e34832f75e4475466b6b95f7866820722d3fffedebdba5df9,5A9,CODE_POSTAL,,,UNAVAILABLE,True,missing_value,not_a_text_check,"[""NN-26""]",,[],,[],False,False
IMB,56,ddf4ce57b67f616e34832f75e4475466b6b95f7866820722d3fffedebdba5df9,5A9,NUMERO_VOIE,,,UNAVAILABLE,True,missing_value,not_a_text_check,"[""NN-26""]",,[],,[],False,False
IMB,56,ddf4ce57b67f616e34832f75e4475466b6b95f7866820722d3fffedebdba5df9,5A9,TYPE_VOIE,,,UNAVAILABLE,True,missing_value,not_a_text_check,"[""NN-26""]",,[],,[],False,False
IMB,56,ddf4ce57b67f616e34832f75e4475466b6b95f7866820722d3fffedebdba5df9,5A9,TYPE_BATIMENT,,,UNAVAILABLE,True,missing_value,not_a_text_check,"[""NN-26""]",,[],,[],False,False
IMB,56,ddf4ce57b67f616e34832f75e4475466b6b95f7866820722d3fffedebdba5df9,5A9,TYPE_CLIENT,,,UNAVAILABLE,True,missing_value,not_a_text_check,"[""NN-26""]",,[],,[],False,False
IMB,56,ddf4ce57b67f616e34832f75e4475466b6b95f7866820722d3fffedebdba5df9,5A9,NB_LOC_RES,,,UNAVAILABLE,True,missing_value,not_a_text_check,"[""NN-26""]",,[],,[],False,False
IMB,56,ddf4ce57b67f616e34832f75e4475466b6b95f7866820722d3fffedebdba5df9,5A9,NB_LOC_PRO,,,UNAVAILABLE,True,missing_value,not_a_text_check,"[""NN-26""]",,[],,[],False,False
IMB,56,ddf4ce57b67f616e34832f75e4475466b6b95f7866820722d3fffedebdba5df9,5A9,NB_LOC_TOT,,,UNAVAILABLE,True,missing_value,not_a_text_check,"[""NN-26""]",,[],,[],False,False
IMB,56,ddf4ce57b67f616e34832f75e4475466b6b95f7866820722d3fffedebdba5df9,5A9,RACCORDEMENT,,,UNAVAILABLE,True,missing_value,not_a_text_check,"[""NN-26""]",,[],,[],False,False
IMB,56,ddf4ce57b67f616e34832f75e4475466b6b95f7866820722d3fffedebdba5df9,5A9,STATUT,,,UNAVAILABLE,True,missing_value,not_a_text_check,"[""NN-26""]",,[],,[],False,False
IMB,56,ddf4ce57b67f616e34832f75e4475466b6b95f7866820722d3fffedebdba5df9,5A9,NB_ETAGE,,,UNAVAILABLE,True,missing_value,not_a_text_check,"[""NN-26""]",,[],,[],False,False
IMB,56,ddf4ce57b67f616e34832f75e4475466b6b95f7866820722d3fffedebdba5df9,5A9,COL_MONTANTE,,,UNAVAILABLE,True,missing_value,not_a_text_check,"[""NN-26""]",,[],,[],False,False
IMB,56,ddf4ce57b67f616e34832f75e4475466b6b95f7866820722d3fffedebdba5df9,5A9,SOUS_SOL,,,UNAVAILABLE,True,missing_value,not_a_text_check,"[""NN-26""]",,[],,[],False,False
IMB,56,ddf4ce57b67f616e34832f75e4475466b6b95f7866820722d3fffedebdba5df9,5A9,SOUS_SOL_COMMUN,,,UNAVAILABLE,True,missing_value,not_a_text_check,"[""NN-26""]",,[],,[],False,False
IMB,56,ddf4ce57b67f616e34832f75e4475466b6b95f7866820722d3fffedebdba5df9,5A9,BPE_CODE,,,UNAVAILABLE,True,missing_value,not_a_text_check,"[""NN-26""]",,[],,[],False,False
IMB,56,ddf4ce57b67f616e34832f75e4475466b6b95f7866820722d3fffedebdba5df9,5A9,X,12543720.83340054,12543720.83340054,DWG_DERIVED:GEODATA+direct-CRS-transform,False,exact,not_a_text_check,"[""NN-26""]",,[],,[],False,False
IMB,56,ddf4ce57b67f616e34832f75e4475466b6b95f7866820722d3fffedebdba5df9,5A9,Y,-821576.3309910101,-821576.3309910101,DWG_DERIVED:GEODATA+direct-CRS-transform,False,exact,not_a_text_check,"[""NN-26""]",,[],,[],False,False
IMB,56,ddf4ce57b67f616e34832f75e4475466b6b95f7866820722d3fffedebdba5df9,5A9,display_label,NN-26,NN-26,DWG_DIRECT:text|RULE:AI-IMB-LABEL-001,False,exact,exact,"[""NN-26""]",,[],,[],False,False
IMB,57,5a480690983d6d5d5c44b0615db3e08b0dfffc51a9f2bc2f5fdc7e93699fbc9c,5CC,CODE,NN-59,NN-59,DWG_DIRECT:text|RULE:AI-IMB-CODE-001,False,exact,exact,"[""NN-59""]",,[],,[],False,False
IMB,57,5a480690983d6d5d5c44b0615db3e08b0dfffc51a9f2bc2f5fdc7e93699fbc9c,5CC,REF_PLAQUE,,,UNAVAILABLE,True,missing_value,not_a_text_check,"[""NN-59""]",,[],,[],False,False
IMB,57,5a480690983d6d5d5c44b0615db3e08b0dfffc51a9f2bc2f5fdc7e93699fbc9c,5CC,REGION,,,UNAVAILABLE,True,missing_value,not_a_text_check,"[""NN-59""]",,[],,[],False,False
IMB,57,5a480690983d6d5d5c44b0615db3e08b0dfffc51a9f2bc2f5fdc7e93699fbc9c,5CC,PROVINCE,,,UNAVAILABLE,True,missing_value,not_a_text_check,"[""NN-59""]",,[],,[],False,False
IMB,57,5a480690983d6d5d5c44b0615db3e08b0dfffc51a9f2bc2f5fdc7e93699fbc9c,5CC,VILLE,,,UNAVAILABLE,True,missing_value,not_a_text_check,"[""NN-59""]",,[],,[],False,False
IMB,57,5a480690983d6d5d5c44b0615db3e08b0dfffc51a9f2bc2f5fdc7e93699fbc9c,5CC,COMMUNE,,,UNAVAILABLE,True,missing_value,not_a_text_check,"[""NN-59""]",,[],,[],False,False
IMB,57,5a480690983d6d5d5c44b0615db3e08b0dfffc51a9f2bc2f5fdc7e93699fbc9c,5CC,CODE_POSTAL,,,UNAVAILABLE,True,missing_value,not_a_text_check,"[""NN-59""]",,[],,[],False,False
IMB,57,5a480690983d6d5d5c44b0615db3e08b0dfffc51a9f2bc2f5fdc7e93699fbc9c,5CC,NUMERO_VOIE,,,UNAVAILABLE,True,missing_value,not_a_text_check,"[""NN-59""]",,[],,[],False,False
IMB,57,5a480690983d6d5d5c44b0615db3e08b0dfffc51a9f2bc2f5fdc7e93699fbc9c,5CC,TYPE_VOIE,,,UNAVAILABLE,True,missing_value,not_a_text_check,"[""NN-59""]",,[],,[],False,False
IMB,57,5a480690983d6d5d5c44b0615db3e08b0dfffc51a9f2bc2f5fdc7e93699fbc9c,5CC,TYPE_BATIMENT,,,UNAVAILABLE,True,missing_value,not_a_text_check,"[""NN-59""]",,[],,[],False,False
IMB,57,5a480690983d6d5d5c44b0615db3e08b0dfffc51a9f2bc2f5fdc7e93699fbc9c,5CC,TYPE_CLIENT,,,UNAVAILABLE,True,missing_value,not_a_text_check,"[""NN-59""]",,[],,[],False,False
IMB,57,5a480690983d6d5d5c44b0615db3e08b0dfffc51a9f2bc2f5fdc7e93699fbc9c,5CC,NB_LOC_RES,,,UNAVAILABLE,True,missing_value,not_a_text_check,"[""NN-59""]",,[],,[],False,False
IMB,57,5a480690983d6d5d5c44b0615db3e08b0dfffc51a9f2bc2f5fdc7e93699fbc9c,5CC,NB_LOC_PRO,,,UNAVAILABLE,True,missing_value,not_a_text_check,"[""NN-59""]",,[],,[],False,False
IMB,57,5a480690983d6d5d5c44b0615db3e08b0dfffc51a9f2bc2f5fdc7e93699fbc9c,5CC,NB_LOC_TOT,,,UNAVAILABLE,True,missing_value,not_a_text_check,"[""NN-59""]",,[],,[],False,False
IMB,57,5a480690983d6d5d5c44b0615db3e08b0dfffc51a9f2bc2f5fdc7e93699fbc9c,5CC,RACCORDEMENT,,,UNAVAILABLE,True,missing_value,not_a_text_check,"[""NN-59""]",,[],,[],False,False
IMB,57,5a480690983d6d5d5c44b0615db3e08b0dfffc51a9f2bc2f5fdc7e93699fbc9c,5CC,STATUT,,,UNAVAILABLE,True,missing_value,not_a_text_check,"[""NN-59""]",,[],,[],False,False
IMB,57,5a480690983d6d5d5c44b0615db3e08b0dfffc51a9f2bc2f5fdc7e93699fbc9c,5CC,NB_ETAGE,,,UNAVAILABLE,True,missing_value,not_a_text_check,"[""NN-59""]",,[],,[],False,False
IMB,57,5a480690983d6d5d5c44b0615db3e08b0dfffc51a9f2bc2f5fdc7e93699fbc9c,5CC,COL_MONTANTE,,,UNAVAILABLE,True,missing_value,not_a_text_check,"[""NN-59""]",,[],,[],False,False
IMB,57,5a480690983d6d5d5c44b0615db3e08b0dfffc51a9f2bc2f5fdc7e93699fbc9c,5CC,SOUS_SOL,,,UNAVAILABLE,True,missing_value,not_a_text_check,"[""NN-59""]",,[],,[],False,False
IMB,57,5a480690983d6d5d5c44b0615db3e08b0dfffc51a9f2bc2f5fdc7e93699fbc9c,5CC,SOUS_SOL_COMMUN,,,UNAVAILABLE,True,missing_value,not_a_text_check,"[""NN-59""]",,[],,[],False,False
IMB,57,5a480690983d6d5d5c44b0615db3e08b0dfffc51a9f2bc2f5fdc7e93699fbc9c,5CC,BPE_CODE,,,UNAVAILABLE,True,missing_value,not_a_text_check,"[""NN-59""]",,[],,[],False,False
IMB,57,5a480690983d6d5d5c44b0615db3e08b0dfffc51a9f2bc2f5fdc7e93699fbc9c,5CC,X,12543745.547591096,12543745.547591096,DWG_DERIVED:GEODATA+direct-CRS-transform,False,exact,not_a_text_check,"[""NN-59""]",,[],,[],False,False
IMB,57,5a480690983d6d5d5c44b0615db3e08b0dfffc51a9f2bc2f5fdc7e93699fbc9c,5CC,Y,-821635.0838589479,-821635.0838589479,DWG_DERIVED:GEODATA+direct-CRS-transform,False,exact,not_a_text_check,"[""NN-59""]",,[],,[],False,False
IMB,57,5a480690983d6d5d5c44b0615db3e08b0dfffc51a9f2bc2f5fdc7e93699fbc9c,5CC,display_label,NN-59,NN-59,DWG_DIRECT:text|RULE:AI-IMB-LABEL-001,False,exact,exact,"[""NN-59""]",,[],,[],False,False
IMB,58,e287eb953b41eb3010517148ac705a671eb40837f5ed559438089aa53db7c173,5B7,CODE,NN-40,NN-40,DWG_DIRECT:text|RULE:AI-IMB-CODE-001,False,exact,exact,"[""NN-40""]",,[],,[],False,False
IMB,58,e287eb953b41eb3010517148ac705a671eb40837f5ed559438089aa53db7c173,5B7,REF_PLAQUE,,,UNAVAILABLE,True,missing_value,not_a_text_check,"[""NN-40""]",,[],,[],False,False
IMB,58,e287eb953b41eb3010517148ac705a671eb40837f5ed559438089aa53db7c173,5B7,REGION,,,UNAVAILABLE,True,missing_value,not_a_text_check,"[""NN-40""]",,[],,[],False,False
IMB,58,e287eb953b41eb3010517148ac705a671eb40837f5ed559438089aa53db7c173,5B7,PROVINCE,,,UNAVAILABLE,True,missing_value,not_a_text_check,"[""NN-40""]",,[],,[],False,False
IMB,58,e287eb953b41eb3010517148ac705a671eb40837f5ed559438089aa53db7c173,5B7,VILLE,,,UNAVAILABLE,True,missing_value,not_a_text_check,"[""NN-40""]",,[],,[],False,False
IMB,58,e287eb953b41eb3010517148ac705a671eb40837f5ed559438089aa53db7c173,5B7,COMMUNE,,,UNAVAILABLE,True,missing_value,not_a_text_check,"[""NN-40""]",,[],,[],False,False
IMB,58,e287eb953b41eb3010517148ac705a671eb40837f5ed559438089aa53db7c173,5B7,CODE_POSTAL,,,UNAVAILABLE,True,missing_value,not_a_text_check,"[""NN-40""]",,[],,[],False,False
IMB,58,e287eb953b41eb3010517148ac705a671eb40837f5ed559438089aa53db7c173,5B7,NUMERO_VOIE,,,UNAVAILABLE,True,missing_value,not_a_text_check,"[""NN-40""]",,[],,[],False,False
IMB,58,e287eb953b41eb3010517148ac705a671eb40837f5ed559438089aa53db7c173,5B7,TYPE_VOIE,,,UNAVAILABLE,True,missing_value,not_a_text_check,"[""NN-40""]",,[],,[],False,False
IMB,58,e287eb953b41eb3010517148ac705a671eb40837f5ed559438089aa53db7c173,5B7,TYPE_BATIMENT,,,UNAVAILABLE,True,missing_value,not_a_text_check,"[""NN-40""]",,[],,[],False,False
IMB,58,e287eb953b41eb3010517148ac705a671eb40837f5ed559438089aa53db7c173,5B7,TYPE_CLIENT,,,UNAVAILABLE,True,missing_value,not_a_text_check,"[""NN-40""]",,[],,[],False,False
IMB,58,e287eb953b41eb3010517148ac705a671eb40837f5ed559438089aa53db7c173,5B7,NB_LOC_RES,,,UNAVAILABLE,True,missing_value,not_a_text_check,"[""NN-40""]",,[],,[],False,False
IMB,58,e287eb953b41eb3010517148ac705a671eb40837f5ed559438089aa53db7c173,5B7,NB_LOC_PRO,,,UNAVAILABLE,True,missing_value,not_a_text_check,"[""NN-40""]",,[],,[],False,False
IMB,58,e287eb953b41eb3010517148ac705a671eb40837f5ed559438089aa53db7c173,5B7,NB_LOC_TOT,,,UNAVAILABLE,True,missing_value,not_a_text_check,"[""NN-40""]",,[],,[],False,False
IMB,58,e287eb953b41eb3010517148ac705a671eb40837f5ed559438089aa53db7c173,5B7,RACCORDEMENT,,,UNAVAILABLE,True,missing_value,not_a_text_check,"[""NN-40""]",,[],,[],False,False
IMB,58,e287eb953b41eb3010517148ac705a671eb40837f5ed559438089aa53db7c173,5B7,STATUT,,,UNAVAILABLE,True,missing_value,not_a_text_check,"[""NN-40""]",,[],,[],False,False
IMB,58,e287eb953b41eb3010517148ac705a671eb40837f5ed559438089aa53db7c173,5B7,NB_ETAGE,,,UNAVAILABLE,True,missing_value,not_a_text_check,"[""NN-40""]",,[],,[],False,False
IMB,58,e287eb953b41eb3010517148ac705a671eb40837f5ed559438089aa53db7c173,5B7,COL_MONTANTE,,,UNAVAILABLE,True,missing_value,not_a_text_check,"[""NN-40""]",,[],,[],False,False
IMB,58,e287eb953b41eb3010517148ac705a671eb40837f5ed559438089aa53db7c173,5B7,SOUS_SOL,,,UNAVAILABLE,True,missing_value,not_a_text_check,"[""NN-40""]",,[],,[],False,False
IMB,58,e287eb953b41eb3010517148ac705a671eb40837f5ed559438089aa53db7c173,5B7,SOUS_SOL_COMMUN,,,UNAVAILABLE,True,missing_value,not_a_text_check,"[""NN-40""]",,[],,[],False,False
IMB,58,e287eb953b41eb3010517148ac705a671eb40837f5ed559438089aa53db7c173,5B7,BPE_CODE,,,UNAVAILABLE,True,missing_value,not_a_text_check,"[""NN-40""]",,[],,[],False,False
IMB,58,e287eb953b41eb3010517148ac705a671eb40837f5ed559438089aa53db7c173,5B7,X,12543792.484822268,12543792.484822268,DWG_DERIVED:GEODATA+direct-CRS-transform,False,exact,not_a_text_check,"[""NN-40""]",,[],,[],False,False
IMB,58,e287eb953b41eb3010517148ac705a671eb40837f5ed559438089aa53db7c173,5B7,Y,-821501.1970388829,-821501.1970388829,DWG_DERIVED:GEODATA+direct-CRS-transform,False,exact,not_a_text_check,"[""NN-40""]",,[],,[],False,False
IMB,58,e287eb953b41eb3010517148ac705a671eb40837f5ed559438089aa53db7c173,5B7,display_label,NN-40,NN-40,DWG_DIRECT:text|RULE:AI-IMB-LABEL-001,False,exact,exact,"[""NN-40""]",,[],,[],False,False
IMB,59,ec845d56280006c024f42497a4514fff2d15aba58e83231b938d427fe2b8794c,5EC,CODE,NN-90,NN-90,DWG_DIRECT:text|RULE:AI-IMB-CODE-001,False,exact,exact,"[""NN-90""]",,[],,[],False,False
IMB,59,ec845d56280006c024f42497a4514fff2d15aba58e83231b938d427fe2b8794c,5EC,REF_PLAQUE,,,UNAVAILABLE,True,missing_value,not_a_text_check,"[""NN-90""]",,[],,[],False,False
IMB,59,ec845d56280006c024f42497a4514fff2d15aba58e83231b938d427fe2b8794c,5EC,REGION,,,UNAVAILABLE,True,missing_value,not_a_text_check,"[""NN-90""]",,[],,[],False,False
IMB,59,ec845d56280006c024f42497a4514fff2d15aba58e83231b938d427fe2b8794c,5EC,PROVINCE,,,UNAVAILABLE,True,missing_value,not_a_text_check,"[""NN-90""]",,[],,[],False,False
IMB,59,ec845d56280006c024f42497a4514fff2d15aba58e83231b938d427fe2b8794c,5EC,VILLE,,,UNAVAILABLE,True,missing_value,not_a_text_check,"[""NN-90""]",,[],,[],False,False
IMB,59,ec845d56280006c024f42497a4514fff2d15aba58e83231b938d427fe2b8794c,5EC,COMMUNE,,,UNAVAILABLE,True,missing_value,not_a_text_check,"[""NN-90""]",,[],,[],False,False
IMB,59,ec845d56280006c024f42497a4514fff2d15aba58e83231b938d427fe2b8794c,5EC,CODE_POSTAL,,,UNAVAILABLE,True,missing_value,not_a_text_check,"[""NN-90""]",,[],,[],False,False
IMB,59,ec845d56280006c024f42497a4514fff2d15aba58e83231b938d427fe2b8794c,5EC,NUMERO_VOIE,,,UNAVAILABLE,True,missing_value,not_a_text_check,"[""NN-90""]",,[],,[],False,False
IMB,59,ec845d56280006c024f42497a4514fff2d15aba58e83231b938d427fe2b8794c,5EC,TYPE_VOIE,,,UNAVAILABLE,True,missing_value,not_a_text_check,"[""NN-90""]",,[],,[],False,False
IMB,59,ec845d56280006c024f42497a4514fff2d15aba58e83231b938d427fe2b8794c,5EC,TYPE_BATIMENT,,,UNAVAILABLE,True,missing_value,not_a_text_check,"[""NN-90""]",,[],,[],False,False
IMB,59,ec845d56280006c024f42497a4514fff2d15aba58e83231b938d427fe2b8794c,5EC,TYPE_CLIENT,,,UNAVAILABLE,True,missing_value,not_a_text_check,"[""NN-90""]",,[],,[],False,False
IMB,59,ec845d56280006c024f42497a4514fff2d15aba58e83231b938d427fe2b8794c,5EC,NB_LOC_RES,,,UNAVAILABLE,True,missing_value,not_a_text_check,"[""NN-90""]",,[],,[],False,False
IMB,59,ec845d56280006c024f42497a4514fff2d15aba58e83231b938d427fe2b8794c,5EC,NB_LOC_PRO,,,UNAVAILABLE,True,missing_value,not_a_text_check,"[""NN-90""]",,[],,[],False,False
IMB,59,ec845d56280006c024f42497a4514fff2d15aba58e83231b938d427fe2b8794c,5EC,NB_LOC_TOT,,,UNAVAILABLE,True,missing_value,not_a_text_check,"[""NN-90""]",,[],,[],False,False
IMB,59,ec845d56280006c024f42497a4514fff2d15aba58e83231b938d427fe2b8794c,5EC,RACCORDEMENT,,,UNAVAILABLE,True,missing_value,not_a_text_check,"[""NN-90""]",,[],,[],False,False
IMB,59,ec845d56280006c024f42497a4514fff2d15aba58e83231b938d427fe2b8794c,5EC,STATUT,,,UNAVAILABLE,True,missing_value,not_a_text_check,"[""NN-90""]",,[],,[],False,False
IMB,59,ec845d56280006c024f42497a4514fff2d15aba58e83231b938d427fe2b8794c,5EC,NB_ETAGE,,,UNAVAILABLE,True,missing_value,not_a_text_check,"[""NN-90""]",,[],,[],False,False
IMB,59,ec845d56280006c024f42497a4514fff2d15aba58e83231b938d427fe2b8794c,5EC,COL_MONTANTE,,,UNAVAILABLE,True,missing_value,not_a_text_check,"[""NN-90""]",,[],,[],False,False
IMB,59,ec845d56280006c024f42497a4514fff2d15aba58e83231b938d427fe2b8794c,5EC,SOUS_SOL,,,UNAVAILABLE,True,missing_value,not_a_text_check,"[""NN-90""]",,[],,[],False,False
IMB,59,ec845d56280006c024f42497a4514fff2d15aba58e83231b938d427fe2b8794c,5EC,SOUS_SOL_COMMUN,,,UNAVAILABLE,True,missing_value,not_a_text_check,"[""NN-90""]",,[],,[],False,False
IMB,59,ec845d56280006c024f42497a4514fff2d15aba58e83231b938d427fe2b8794c,5EC,BPE_CODE,,,UNAVAILABLE,True,missing_value,not_a_text_check,"[""NN-90""]",,[],,[],False,False
IMB,59,ec845d56280006c024f42497a4514fff2d15aba58e83231b938d427fe2b8794c,5EC,X,12543706.147424785,12543706.147424785,DWG_DERIVED:GEODATA+direct-CRS-transform,False,exact,not_a_text_check,"[""NN-90""]",,[],,[],False,False
IMB,59,ec845d56280006c024f42497a4514fff2d15aba58e83231b938d427fe2b8794c,5EC,Y,-821532.4951355187,-821532.4951355187,DWG_DERIVED:GEODATA+direct-CRS-transform,False,exact,not_a_text_check,"[""NN-90""]",,[],,[],False,False
IMB,59,ec845d56280006c024f42497a4514fff2d15aba58e83231b938d427fe2b8794c,5EC,display_label,NN-90,NN-90,DWG_DIRECT:text|RULE:AI-IMB-LABEL-001,False,exact,exact,"[""NN-90""]",,[],,[],False,False
IMB,60,37811a91f9b246745be0046960c7b2a95c0ac844e4a46595b86279bdda9f1121,5DD,CODE,NN-75,NN-75,DWG_DIRECT:text|RULE:AI-IMB-CODE-001,False,exact,exact,"[""NN-75""]",,[],,[],False,False
IMB,60,37811a91f9b246745be0046960c7b2a95c0ac844e4a46595b86279bdda9f1121,5DD,REF_PLAQUE,,,UNAVAILABLE,True,missing_value,not_a_text_check,"[""NN-75""]",,[],,[],False,False
IMB,60,37811a91f9b246745be0046960c7b2a95c0ac844e4a46595b86279bdda9f1121,5DD,REGION,,,UNAVAILABLE,True,missing_value,not_a_text_check,"[""NN-75""]",,[],,[],False,False
IMB,60,37811a91f9b246745be0046960c7b2a95c0ac844e4a46595b86279bdda9f1121,5DD,PROVINCE,,,UNAVAILABLE,True,missing_value,not_a_text_check,"[""NN-75""]",,[],,[],False,False
IMB,60,37811a91f9b246745be0046960c7b2a95c0ac844e4a46595b86279bdda9f1121,5DD,VILLE,,,UNAVAILABLE,True,missing_value,not_a_text_check,"[""NN-75""]",,[],,[],False,False
IMB,60,37811a91f9b246745be0046960c7b2a95c0ac844e4a46595b86279bdda9f1121,5DD,COMMUNE,,,UNAVAILABLE,True,missing_value,not_a_text_check,"[""NN-75""]",,[],,[],False,False
IMB,60,37811a91f9b246745be0046960c7b2a95c0ac844e4a46595b86279bdda9f1121,5DD,CODE_POSTAL,,,UNAVAILABLE,True,missing_value,not_a_text_check,"[""NN-75""]",,[],,[],False,False
IMB,60,37811a91f9b246745be0046960c7b2a95c0ac844e4a46595b86279bdda9f1121,5DD,NUMERO_VOIE,,,UNAVAILABLE,True,missing_value,not_a_text_check,"[""NN-75""]",,[],,[],False,False
IMB,60,37811a91f9b246745be0046960c7b2a95c0ac844e4a46595b86279bdda9f1121,5DD,TYPE_VOIE,,,UNAVAILABLE,True,missing_value,not_a_text_check,"[""NN-75""]",,[],,[],False,False
IMB,60,37811a91f9b246745be0046960c7b2a95c0ac844e4a46595b86279bdda9f1121,5DD,TYPE_BATIMENT,,,UNAVAILABLE,True,missing_value,not_a_text_check,"[""NN-75""]",,[],,[],False,False
IMB,60,37811a91f9b246745be0046960c7b2a95c0ac844e4a46595b86279bdda9f1121,5DD,TYPE_CLIENT,,,UNAVAILABLE,True,missing_value,not_a_text_check,"[""NN-75""]",,[],,[],False,False
IMB,60,37811a91f9b246745be0046960c7b2a95c0ac844e4a46595b86279bdda9f1121,5DD,NB_LOC_RES,,,UNAVAILABLE,True,missing_value,not_a_text_check,"[""NN-75""]",,[],,[],False,False
IMB,60,37811a91f9b246745be0046960c7b2a95c0ac844e4a46595b86279bdda9f1121,5DD,NB_LOC_PRO,,,UNAVAILABLE,True,missing_value,not_a_text_check,"[""NN-75""]",,[],,[],False,False
IMB,60,37811a91f9b246745be0046960c7b2a95c0ac844e4a46595b86279bdda9f1121,5DD,NB_LOC_TOT,,,UNAVAILABLE,True,missing_value,not_a_text_check,"[""NN-75""]",,[],,[],False,False
IMB,60,37811a91f9b246745be0046960c7b2a95c0ac844e4a46595b86279bdda9f1121,5DD,RACCORDEMENT,,,UNAVAILABLE,True,missing_value,not_a_text_check,"[""NN-75""]",,[],,[],False,False
IMB,60,37811a91f9b246745be0046960c7b2a95c0ac844e4a46595b86279bdda9f1121,5DD,STATUT,,,UNAVAILABLE,True,missing_value,not_a_text_check,"[""NN-75""]",,[],,[],False,False
IMB,60,37811a91f9b246745be0046960c7b2a95c0ac844e4a46595b86279bdda9f1121,5DD,NB_ETAGE,,,UNAVAILABLE,True,missing_value,not_a_text_check,"[""NN-75""]",,[],,[],False,False
IMB,60,37811a91f9b246745be0046960c7b2a95c0ac844e4a46595b86279bdda9f1121,5DD,COL_MONTANTE,,,UNAVAILABLE,True,missing_value,not_a_text_check,"[""NN-75""]",,[],,[],False,False
IMB,60,37811a91f9b246745be0046960c7b2a95c0ac844e4a46595b86279bdda9f1121,5DD,SOUS_SOL,,,UNAVAILABLE,True,missing_value,not_a_text_check,"[""NN-75""]",,[],,[],False,False
IMB,60,37811a91f9b246745be0046960c7b2a95c0ac844e4a46595b86279bdda9f1121,5DD,SOUS_SOL_COMMUN,,,UNAVAILABLE,True,missing_value,not_a_text_check,"[""NN-75""]",,[],,[],False,False
IMB,60,37811a91f9b246745be0046960c7b2a95c0ac844e4a46595b86279bdda9f1121,5DD,BPE_CODE,,,UNAVAILABLE,True,missing_value,not_a_text_check,"[""NN-75""]",,[],,[],False,False
IMB,60,37811a91f9b246745be0046960c7b2a95c0ac844e4a46595b86279bdda9f1121,5DD,X,12543718.562480578,12543718.562480578,DWG_DERIVED:GEODATA+direct-CRS-transform,False,exact,not_a_text_check,"[""NN-75""]",,[],,[],False,False
IMB,60,37811a91f9b246745be0046960c7b2a95c0ac844e4a46595b86279bdda9f1121,5DD,Y,-821501.634895318,-821501.634895318,DWG_DERIVED:GEODATA+direct-CRS-transform,False,exact,not_a_text_check,"[""NN-75""]",,[],,[],False,False
IMB,60,37811a91f9b246745be0046960c7b2a95c0ac844e4a46595b86279bdda9f1121,5DD,display_label,NN-75,NN-75,DWG_DIRECT:text|RULE:AI-IMB-LABEL-001,False,exact,exact,"[""NN-75""]",,[],,[],False,False
IMB,61,ebafaac472c313f1cc38b3e1db5e13430bbc00421e1629324a21b4703139cc09,5CF,CODE,NN-62,NN-62,DWG_DIRECT:text|RULE:AI-IMB-CODE-001,False,exact,exact,"[""NN-62""]",,[],,[],False,False
IMB,61,ebafaac472c313f1cc38b3e1db5e13430bbc00421e1629324a21b4703139cc09,5CF,REF_PLAQUE,,,UNAVAILABLE,True,missing_value,not_a_text_check,"[""NN-62""]",,[],,[],False,False
IMB,61,ebafaac472c313f1cc38b3e1db5e13430bbc00421e1629324a21b4703139cc09,5CF,REGION,,,UNAVAILABLE,True,missing_value,not_a_text_check,"[""NN-62""]",,[],,[],False,False
IMB,61,ebafaac472c313f1cc38b3e1db5e13430bbc00421e1629324a21b4703139cc09,5CF,PROVINCE,,,UNAVAILABLE,True,missing_value,not_a_text_check,"[""NN-62""]",,[],,[],False,False
IMB,61,ebafaac472c313f1cc38b3e1db5e13430bbc00421e1629324a21b4703139cc09,5CF,VILLE,,,UNAVAILABLE,True,missing_value,not_a_text_check,"[""NN-62""]",,[],,[],False,False
IMB,61,ebafaac472c313f1cc38b3e1db5e13430bbc00421e1629324a21b4703139cc09,5CF,COMMUNE,,,UNAVAILABLE,True,missing_value,not_a_text_check,"[""NN-62""]",,[],,[],False,False
IMB,61,ebafaac472c313f1cc38b3e1db5e13430bbc00421e1629324a21b4703139cc09,5CF,CODE_POSTAL,,,UNAVAILABLE,True,missing_value,not_a_text_check,"[""NN-62""]",,[],,[],False,False
IMB,61,ebafaac472c313f1cc38b3e1db5e13430bbc00421e1629324a21b4703139cc09,5CF,NUMERO_VOIE,,,UNAVAILABLE,True,missing_value,not_a_text_check,"[""NN-62""]",,[],,[],False,False
IMB,61,ebafaac472c313f1cc38b3e1db5e13430bbc00421e1629324a21b4703139cc09,5CF,TYPE_VOIE,,,UNAVAILABLE,True,missing_value,not_a_text_check,"[""NN-62""]",,[],,[],False,False
IMB,61,ebafaac472c313f1cc38b3e1db5e13430bbc00421e1629324a21b4703139cc09,5CF,TYPE_BATIMENT,,,UNAVAILABLE,True,missing_value,not_a_text_check,"[""NN-62""]",,[],,[],False,False
IMB,61,ebafaac472c313f1cc38b3e1db5e13430bbc00421e1629324a21b4703139cc09,5CF,TYPE_CLIENT,,,UNAVAILABLE,True,missing_value,not_a_text_check,"[""NN-62""]",,[],,[],False,False
IMB,61,ebafaac472c313f1cc38b3e1db5e13430bbc00421e1629324a21b4703139cc09,5CF,NB_LOC_RES,,,UNAVAILABLE,True,missing_value,not_a_text_check,"[""NN-62""]",,[],,[],False,False
IMB,61,ebafaac472c313f1cc38b3e1db5e13430bbc00421e1629324a21b4703139cc09,5CF,NB_LOC_PRO,,,UNAVAILABLE,True,missing_value,not_a_text_check,"[""NN-62""]",,[],,[],False,False
IMB,61,ebafaac472c313f1cc38b3e1db5e13430bbc00421e1629324a21b4703139cc09,5CF,NB_LOC_TOT,,,UNAVAILABLE,True,missing_value,not_a_text_check,"[""NN-62""]",,[],,[],False,False
IMB,61,ebafaac472c313f1cc38b3e1db5e13430bbc00421e1629324a21b4703139cc09,5CF,RACCORDEMENT,,,UNAVAILABLE,True,missing_value,not_a_text_check,"[""NN-62""]",,[],,[],False,False
IMB,61,ebafaac472c313f1cc38b3e1db5e13430bbc00421e1629324a21b4703139cc09,5CF,STATUT,,,UNAVAILABLE,True,missing_value,not_a_text_check,"[""NN-62""]",,[],,[],False,False
IMB,61,ebafaac472c313f1cc38b3e1db5e13430bbc00421e1629324a21b4703139cc09,5CF,NB_ETAGE,,,UNAVAILABLE,True,missing_value,not_a_text_check,"[""NN-62""]",,[],,[],False,False
IMB,61,ebafaac472c313f1cc38b3e1db5e13430bbc00421e1629324a21b4703139cc09,5CF,COL_MONTANTE,,,UNAVAILABLE,True,missing_value,not_a_text_check,"[""NN-62""]",,[],,[],False,False
IMB,61,ebafaac472c313f1cc38b3e1db5e13430bbc00421e1629324a21b4703139cc09,5CF,SOUS_SOL,,,UNAVAILABLE,True,missing_value,not_a_text_check,"[""NN-62""]",,[],,[],False,False
IMB,61,ebafaac472c313f1cc38b3e1db5e13430bbc00421e1629324a21b4703139cc09,5CF,SOUS_SOL_COMMUN,,,UNAVAILABLE,True,missing_value,not_a_text_check,"[""NN-62""]",,[],,[],False,False
IMB,61,ebafaac472c313f1cc38b3e1db5e13430bbc00421e1629324a21b4703139cc09,5CF,BPE_CODE,,,UNAVAILABLE,True,missing_value,not_a_text_check,"[""NN-62""]",,[],,[],False,False
IMB,61,ebafaac472c313f1cc38b3e1db5e13430bbc00421e1629324a21b4703139cc09,5CF,X,12543774.498148149,12543774.498148149,DWG_DERIVED:GEODATA+direct-CRS-transform,False,exact,not_a_text_check,"[""NN-62""]",,[],,[],False,False
IMB,61,ebafaac472c313f1cc38b3e1db5e13430bbc00421e1629324a21b4703139cc09,5CF,Y,-821641.3783403116,-821641.3783403116,DWG_DERIVED:GEODATA+direct-CRS-transform,False,exact,not_a_text_check,"[""NN-62""]",,[],,[],False,False
IMB,61,ebafaac472c313f1cc38b3e1db5e13430bbc00421e1629324a21b4703139cc09,5CF,display_label,NN-62,NN-62,DWG_DIRECT:text|RULE:AI-IMB-LABEL-001,False,exact,exact,"[""NN-62""]",,[],,[],False,False
IMB,62,a92c2b1354ba571e7482338a5a72c06353913a8050cdf325a506e1e39fdaa03b,596,CODE,NN-7,NN-7,DWG_DIRECT:text|RULE:AI-IMB-CODE-001,False,exact,exact,"[""NN-7""]",,[],,[],False,False
IMB,62,a92c2b1354ba571e7482338a5a72c06353913a8050cdf325a506e1e39fdaa03b,596,REF_PLAQUE,,,UNAVAILABLE,True,missing_value,not_a_text_check,"[""NN-7""]",,[],,[],False,False
IMB,62,a92c2b1354ba571e7482338a5a72c06353913a8050cdf325a506e1e39fdaa03b,596,REGION,,,UNAVAILABLE,True,missing_value,not_a_text_check,"[""NN-7""]",,[],,[],False,False
IMB,62,a92c2b1354ba571e7482338a5a72c06353913a8050cdf325a506e1e39fdaa03b,596,PROVINCE,,,UNAVAILABLE,True,missing_value,not_a_text_check,"[""NN-7""]",,[],,[],False,False
IMB,62,a92c2b1354ba571e7482338a5a72c06353913a8050cdf325a506e1e39fdaa03b,596,VILLE,,,UNAVAILABLE,True,missing_value,not_a_text_check,"[""NN-7""]",,[],,[],False,False
IMB,62,a92c2b1354ba571e7482338a5a72c06353913a8050cdf325a506e1e39fdaa03b,596,COMMUNE,,,UNAVAILABLE,True,missing_value,not_a_text_check,"[""NN-7""]",,[],,[],False,False
IMB,62,a92c2b1354ba571e7482338a5a72c06353913a8050cdf325a506e1e39fdaa03b,596,CODE_POSTAL,,,UNAVAILABLE,True,missing_value,not_a_text_check,"[""NN-7""]",,[],,[],False,False
IMB,62,a92c2b1354ba571e7482338a5a72c06353913a8050cdf325a506e1e39fdaa03b,596,NUMERO_VOIE,,,UNAVAILABLE,True,missing_value,not_a_text_check,"[""NN-7""]",,[],,[],False,False
IMB,62,a92c2b1354ba571e7482338a5a72c06353913a8050cdf325a506e1e39fdaa03b,596,TYPE_VOIE,,,UNAVAILABLE,True,missing_value,not_a_text_check,"[""NN-7""]",,[],,[],False,False
IMB,62,a92c2b1354ba571e7482338a5a72c06353913a8050cdf325a506e1e39fdaa03b,596,TYPE_BATIMENT,,,UNAVAILABLE,True,missing_value,not_a_text_check,"[""NN-7""]",,[],,[],False,False
IMB,62,a92c2b1354ba571e7482338a5a72c06353913a8050cdf325a506e1e39fdaa03b,596,TYPE_CLIENT,,,UNAVAILABLE,True,missing_value,not_a_text_check,"[""NN-7""]",,[],,[],False,False
IMB,62,a92c2b1354ba571e7482338a5a72c06353913a8050cdf325a506e1e39fdaa03b,596,NB_LOC_RES,,,UNAVAILABLE,True,missing_value,not_a_text_check,"[""NN-7""]",,[],,[],False,False
IMB,62,a92c2b1354ba571e7482338a5a72c06353913a8050cdf325a506e1e39fdaa03b,596,NB_LOC_PRO,,,UNAVAILABLE,True,missing_value,not_a_text_check,"[""NN-7""]",,[],,[],False,False
IMB,62,a92c2b1354ba571e7482338a5a72c06353913a8050cdf325a506e1e39fdaa03b,596,NB_LOC_TOT,,,UNAVAILABLE,True,missing_value,not_a_text_check,"[""NN-7""]",,[],,[],False,False
IMB,62,a92c2b1354ba571e7482338a5a72c06353913a8050cdf325a506e1e39fdaa03b,596,RACCORDEMENT,,,UNAVAILABLE,True,missing_value,not_a_text_check,"[""NN-7""]",,[],,[],False,False
IMB,62,a92c2b1354ba571e7482338a5a72c06353913a8050cdf325a506e1e39fdaa03b,596,STATUT,,,UNAVAILABLE,True,missing_value,not_a_text_check,"[""NN-7""]",,[],,[],False,False
IMB,62,a92c2b1354ba571e7482338a5a72c06353913a8050cdf325a506e1e39fdaa03b,596,NB_ETAGE,,,UNAVAILABLE,True,missing_value,not_a_text_check,"[""NN-7""]",,[],,[],False,False
IMB,62,a92c2b1354ba571e7482338a5a72c06353913a8050cdf325a506e1e39fdaa03b,596,COL_MONTANTE,,,UNAVAILABLE,True,missing_value,not_a_text_check,"[""NN-7""]",,[],,[],False,False
IMB,62,a92c2b1354ba571e7482338a5a72c06353913a8050cdf325a506e1e39fdaa03b,596,SOUS_SOL,,,UNAVAILABLE,True,missing_value,not_a_text_check,"[""NN-7""]",,[],,[],False,False
IMB,62,a92c2b1354ba571e7482338a5a72c06353913a8050cdf325a506e1e39fdaa03b,596,SOUS_SOL_COMMUN,,,UNAVAILABLE,True,missing_value,not_a_text_check,"[""NN-7""]",,[],,[],False,False
IMB,62,a92c2b1354ba571e7482338a5a72c06353913a8050cdf325a506e1e39fdaa03b,596,BPE_CODE,,,UNAVAILABLE,True,missing_value,not_a_text_check,"[""NN-7""]",,[],,[],False,False
IMB,62,a92c2b1354ba571e7482338a5a72c06353913a8050cdf325a506e1e39fdaa03b,596,X,12543602.72941524,12543602.72941524,DWG_DERIVED:GEODATA+direct-CRS-transform,False,exact,not_a_text_check,"[""NN-7""]",,[],,[],False,False
IMB,62,a92c2b1354ba571e7482338a5a72c06353913a8050cdf325a506e1e39fdaa03b,596,Y,-821554.7400988791,-821554.7400988791,DWG_DERIVED:GEODATA+direct-CRS-transform,False,exact,not_a_text_check,"[""NN-7""]",,[],,[],False,False
IMB,62,a92c2b1354ba571e7482338a5a72c06353913a8050cdf325a506e1e39fdaa03b,596,display_label,NN-7,NN-7,DWG_DIRECT:text|RULE:AI-IMB-LABEL-001,False,exact,exact,"[""NN-7""]",,[],,[],False,False
IMB,63,aa1eed713a32e1a19b575a5bec1961b6a691ec03e2b58ed6df5d7c8d4b2cd7fd,595,CODE,NN-6,NN-6,DWG_DIRECT:text|RULE:AI-IMB-CODE-001,False,exact,exact,"[""NN-6""]",,[],,[],False,False
IMB,63,aa1eed713a32e1a19b575a5bec1961b6a691ec03e2b58ed6df5d7c8d4b2cd7fd,595,REF_PLAQUE,,,UNAVAILABLE,True,missing_value,not_a_text_check,"[""NN-6""]",,[],,[],False,False
IMB,63,aa1eed713a32e1a19b575a5bec1961b6a691ec03e2b58ed6df5d7c8d4b2cd7fd,595,REGION,,,UNAVAILABLE,True,missing_value,not_a_text_check,"[""NN-6""]",,[],,[],False,False
IMB,63,aa1eed713a32e1a19b575a5bec1961b6a691ec03e2b58ed6df5d7c8d4b2cd7fd,595,PROVINCE,,,UNAVAILABLE,True,missing_value,not_a_text_check,"[""NN-6""]",,[],,[],False,False
IMB,63,aa1eed713a32e1a19b575a5bec1961b6a691ec03e2b58ed6df5d7c8d4b2cd7fd,595,VILLE,,,UNAVAILABLE,True,missing_value,not_a_text_check,"[""NN-6""]",,[],,[],False,False
IMB,63,aa1eed713a32e1a19b575a5bec1961b6a691ec03e2b58ed6df5d7c8d4b2cd7fd,595,COMMUNE,,,UNAVAILABLE,True,missing_value,not_a_text_check,"[""NN-6""]",,[],,[],False,False
IMB,63,aa1eed713a32e1a19b575a5bec1961b6a691ec03e2b58ed6df5d7c8d4b2cd7fd,595,CODE_POSTAL,,,UNAVAILABLE,True,missing_value,not_a_text_check,"[""NN-6""]",,[],,[],False,False
IMB,63,aa1eed713a32e1a19b575a5bec1961b6a691ec03e2b58ed6df5d7c8d4b2cd7fd,595,NUMERO_VOIE,,,UNAVAILABLE,True,missing_value,not_a_text_check,"[""NN-6""]",,[],,[],False,False
IMB,63,aa1eed713a32e1a19b575a5bec1961b6a691ec03e2b58ed6df5d7c8d4b2cd7fd,595,TYPE_VOIE,,,UNAVAILABLE,True,missing_value,not_a_text_check,"[""NN-6""]",,[],,[],False,False
IMB,63,aa1eed713a32e1a19b575a5bec1961b6a691ec03e2b58ed6df5d7c8d4b2cd7fd,595,TYPE_BATIMENT,,,UNAVAILABLE,True,missing_value,not_a_text_check,"[""NN-6""]",,[],,[],False,False
IMB,63,aa1eed713a32e1a19b575a5bec1961b6a691ec03e2b58ed6df5d7c8d4b2cd7fd,595,TYPE_CLIENT,,,UNAVAILABLE,True,missing_value,not_a_text_check,"[""NN-6""]",,[],,[],False,False
IMB,63,aa1eed713a32e1a19b575a5bec1961b6a691ec03e2b58ed6df5d7c8d4b2cd7fd,595,NB_LOC_RES,,,UNAVAILABLE,True,missing_value,not_a_text_check,"[""NN-6""]",,[],,[],False,False
IMB,63,aa1eed713a32e1a19b575a5bec1961b6a691ec03e2b58ed6df5d7c8d4b2cd7fd,595,NB_LOC_PRO,,,UNAVAILABLE,True,missing_value,not_a_text_check,"[""NN-6""]",,[],,[],False,False
IMB,63,aa1eed713a32e1a19b575a5bec1961b6a691ec03e2b58ed6df5d7c8d4b2cd7fd,595,NB_LOC_TOT,,,UNAVAILABLE,True,missing_value,not_a_text_check,"[""NN-6""]",,[],,[],False,False
IMB,63,aa1eed713a32e1a19b575a5bec1961b6a691ec03e2b58ed6df5d7c8d4b2cd7fd,595,RACCORDEMENT,,,UNAVAILABLE,True,missing_value,not_a_text_check,"[""NN-6""]",,[],,[],False,False
IMB,63,aa1eed713a32e1a19b575a5bec1961b6a691ec03e2b58ed6df5d7c8d4b2cd7fd,595,STATUT,,,UNAVAILABLE,True,missing_value,not_a_text_check,"[""NN-6""]",,[],,[],False,False
IMB,63,aa1eed713a32e1a19b575a5bec1961b6a691ec03e2b58ed6df5d7c8d4b2cd7fd,595,NB_ETAGE,,,UNAVAILABLE,True,missing_value,not_a_text_check,"[""NN-6""]",,[],,[],False,False
IMB,63,aa1eed713a32e1a19b575a5bec1961b6a691ec03e2b58ed6df5d7c8d4b2cd7fd,595,COL_MONTANTE,,,UNAVAILABLE,True,missing_value,not_a_text_check,"[""NN-6""]",,[],,[],False,False
IMB,63,aa1eed713a32e1a19b575a5bec1961b6a691ec03e2b58ed6df5d7c8d4b2cd7fd,595,SOUS_SOL,,,UNAVAILABLE,True,missing_value,not_a_text_check,"[""NN-6""]",,[],,[],False,False
IMB,63,aa1eed713a32e1a19b575a5bec1961b6a691ec03e2b58ed6df5d7c8d4b2cd7fd,595,SOUS_SOL_COMMUN,,,UNAVAILABLE,True,missing_value,not_a_text_check,"[""NN-6""]",,[],,[],False,False
IMB,63,aa1eed713a32e1a19b575a5bec1961b6a691ec03e2b58ed6df5d7c8d4b2cd7fd,595,BPE_CODE,,,UNAVAILABLE,True,missing_value,not_a_text_check,"[""NN-6""]",,[],,[],False,False
IMB,63,aa1eed713a32e1a19b575a5bec1961b6a691ec03e2b58ed6df5d7c8d4b2cd7fd,595,X,12543601.73950095,12543601.73950095,DWG_DERIVED:GEODATA+direct-CRS-transform,False,exact,not_a_text_check,"[""NN-6""]",,[],,[],False,False
IMB,63,aa1eed713a32e1a19b575a5bec1961b6a691ec03e2b58ed6df5d7c8d4b2cd7fd,595,Y,-821562.8663810464,-821562.8663810464,DWG_DERIVED:GEODATA+direct-CRS-transform,False,exact,not_a_text_check,"[""NN-6""]",,[],,[],False,False
IMB,63,aa1eed713a32e1a19b575a5bec1961b6a691ec03e2b58ed6df5d7c8d4b2cd7fd,595,display_label,NN-6,NN-6,DWG_DIRECT:text|RULE:AI-IMB-LABEL-001,False,exact,exact,"[""NN-6""]",,[],,[],False,False
IMB,64,e32b6a08152f9b06aab42ac7f581192192749549d04105fb1deed0bae53b3a85,5CA,CODE,NN-58,NN-58,DWG_DIRECT:text|RULE:AI-IMB-CODE-001,False,exact,exact,"[""NN-58""]",,[],,[],False,False
IMB,64,e32b6a08152f9b06aab42ac7f581192192749549d04105fb1deed0bae53b3a85,5CA,REF_PLAQUE,,,UNAVAILABLE,True,missing_value,not_a_text_check,"[""NN-58""]",,[],,[],False,False
IMB,64,e32b6a08152f9b06aab42ac7f581192192749549d04105fb1deed0bae53b3a85,5CA,REGION,,,UNAVAILABLE,True,missing_value,not_a_text_check,"[""NN-58""]",,[],,[],False,False
IMB,64,e32b6a08152f9b06aab42ac7f581192192749549d04105fb1deed0bae53b3a85,5CA,PROVINCE,,,UNAVAILABLE,True,missing_value,not_a_text_check,"[""NN-58""]",,[],,[],False,False
IMB,64,e32b6a08152f9b06aab42ac7f581192192749549d04105fb1deed0bae53b3a85,5CA,VILLE,,,UNAVAILABLE,True,missing_value,not_a_text_check,"[""NN-58""]",,[],,[],False,False
IMB,64,e32b6a08152f9b06aab42ac7f581192192749549d04105fb1deed0bae53b3a85,5CA,COMMUNE,,,UNAVAILABLE,True,missing_value,not_a_text_check,"[""NN-58""]",,[],,[],False,False
IMB,64,e32b6a08152f9b06aab42ac7f581192192749549d04105fb1deed0bae53b3a85,5CA,CODE_POSTAL,,,UNAVAILABLE,True,missing_value,not_a_text_check,"[""NN-58""]",,[],,[],False,False
IMB,64,e32b6a08152f9b06aab42ac7f581192192749549d04105fb1deed0bae53b3a85,5CA,NUMERO_VOIE,,,UNAVAILABLE,True,missing_value,not_a_text_check,"[""NN-58""]",,[],,[],False,False
IMB,64,e32b6a08152f9b06aab42ac7f581192192749549d04105fb1deed0bae53b3a85,5CA,TYPE_VOIE,,,UNAVAILABLE,True,missing_value,not_a_text_check,"[""NN-58""]",,[],,[],False,False
IMB,64,e32b6a08152f9b06aab42ac7f581192192749549d04105fb1deed0bae53b3a85,5CA,TYPE_BATIMENT,,,UNAVAILABLE,True,missing_value,not_a_text_check,"[""NN-58""]",,[],,[],False,False
IMB,64,e32b6a08152f9b06aab42ac7f581192192749549d04105fb1deed0bae53b3a85,5CA,TYPE_CLIENT,,,UNAVAILABLE,True,missing_value,not_a_text_check,"[""NN-58""]",,[],,[],False,False
IMB,64,e32b6a08152f9b06aab42ac7f581192192749549d04105fb1deed0bae53b3a85,5CA,NB_LOC_RES,,,UNAVAILABLE,True,missing_value,not_a_text_check,"[""NN-58""]",,[],,[],False,False
IMB,64,e32b6a08152f9b06aab42ac7f581192192749549d04105fb1deed0bae53b3a85,5CA,NB_LOC_PRO,,,UNAVAILABLE,True,missing_value,not_a_text_check,"[""NN-58""]",,[],,[],False,False
IMB,64,e32b6a08152f9b06aab42ac7f581192192749549d04105fb1deed0bae53b3a85,5CA,NB_LOC_TOT,,,UNAVAILABLE,True,missing_value,not_a_text_check,"[""NN-58""]",,[],,[],False,False
IMB,64,e32b6a08152f9b06aab42ac7f581192192749549d04105fb1deed0bae53b3a85,5CA,RACCORDEMENT,,,UNAVAILABLE,True,missing_value,not_a_text_check,"[""NN-58""]",,[],,[],False,False
IMB,64,e32b6a08152f9b06aab42ac7f581192192749549d04105fb1deed0bae53b3a85,5CA,STATUT,,,UNAVAILABLE,True,missing_value,not_a_text_check,"[""NN-58""]",,[],,[],False,False
IMB,64,e32b6a08152f9b06aab42ac7f581192192749549d04105fb1deed0bae53b3a85,5CA,NB_ETAGE,,,UNAVAILABLE,True,missing_value,not_a_text_check,"[""NN-58""]",,[],,[],False,False
IMB,64,e32b6a08152f9b06aab42ac7f581192192749549d04105fb1deed0bae53b3a85,5CA,COL_MONTANTE,,,UNAVAILABLE,True,missing_value,not_a_text_check,"[""NN-58""]",,[],,[],False,False
IMB,64,e32b6a08152f9b06aab42ac7f581192192749549d04105fb1deed0bae53b3a85,5CA,SOUS_SOL,,,UNAVAILABLE,True,missing_value,not_a_text_check,"[""NN-58""]",,[],,[],False,False
IMB,64,e32b6a08152f9b06aab42ac7f581192192749549d04105fb1deed0bae53b3a85,5CA,SOUS_SOL_COMMUN,,,UNAVAILABLE,True,missing_value,not_a_text_check,"[""NN-58""]",,[],,[],False,False
IMB,64,e32b6a08152f9b06aab42ac7f581192192749549d04105fb1deed0bae53b3a85,5CA,BPE_CODE,,,UNAVAILABLE,True,missing_value,not_a_text_check,"[""NN-58""]",,[],,[],False,False
IMB,64,e32b6a08152f9b06aab42ac7f581192192749549d04105fb1deed0bae53b3a85,5CA,X,12543738.245800177,12543738.245800177,DWG_DERIVED:GEODATA+direct-CRS-transform,False,exact,not_a_text_check,"[""NN-58""]",,[],,[],False,False
IMB,64,e32b6a08152f9b06aab42ac7f581192192749549d04105fb1deed0bae53b3a85,5CA,Y,-821632.7902024379,-821632.7902024379,DWG_DERIVED:GEODATA+direct-CRS-transform,False,exact,not_a_text_check,"[""NN-58""]",,[],,[],False,False
IMB,64,e32b6a08152f9b06aab42ac7f581192192749549d04105fb1deed0bae53b3a85,5CA,display_label,NN-58,NN-58,DWG_DIRECT:text|RULE:AI-IMB-LABEL-001,False,exact,exact,"[""NN-58""]",,[],,[],False,False
IMB,65,24ac0518a504a598e93a941e94a5afbc9fd19585b8901c2c783267b8ffb15ee7,575,CODE,GUDANG-14,GUDANG-14,DWG_DIRECT:text|RULE:AI-IMB-CODE-001,False,exact,exact,"[""GUDANG-14""]",,[],,[],False,False
IMB,65,24ac0518a504a598e93a941e94a5afbc9fd19585b8901c2c783267b8ffb15ee7,575,REF_PLAQUE,,,UNAVAILABLE,True,missing_value,not_a_text_check,"[""GUDANG-14""]",,[],,[],False,False
IMB,65,24ac0518a504a598e93a941e94a5afbc9fd19585b8901c2c783267b8ffb15ee7,575,REGION,,,UNAVAILABLE,True,missing_value,not_a_text_check,"[""GUDANG-14""]",,[],,[],False,False
IMB,65,24ac0518a504a598e93a941e94a5afbc9fd19585b8901c2c783267b8ffb15ee7,575,PROVINCE,,,UNAVAILABLE,True,missing_value,not_a_text_check,"[""GUDANG-14""]",,[],,[],False,False
IMB,65,24ac0518a504a598e93a941e94a5afbc9fd19585b8901c2c783267b8ffb15ee7,575,VILLE,,,UNAVAILABLE,True,missing_value,not_a_text_check,"[""GUDANG-14""]",,[],,[],False,False
IMB,65,24ac0518a504a598e93a941e94a5afbc9fd19585b8901c2c783267b8ffb15ee7,575,COMMUNE,,,UNAVAILABLE,True,missing_value,not_a_text_check,"[""GUDANG-14""]",,[],,[],False,False
IMB,65,24ac0518a504a598e93a941e94a5afbc9fd19585b8901c2c783267b8ffb15ee7,575,CODE_POSTAL,,,UNAVAILABLE,True,missing_value,not_a_text_check,"[""GUDANG-14""]",,[],,[],False,False
IMB,65,24ac0518a504a598e93a941e94a5afbc9fd19585b8901c2c783267b8ffb15ee7,575,NUMERO_VOIE,,,UNAVAILABLE,True,missing_value,not_a_text_check,"[""GUDANG-14""]",,[],,[],False,False
IMB,65,24ac0518a504a598e93a941e94a5afbc9fd19585b8901c2c783267b8ffb15ee7,575,TYPE_VOIE,,,UNAVAILABLE,True,missing_value,not_a_text_check,"[""GUDANG-14""]",,[],,[],False,False
IMB,65,24ac0518a504a598e93a941e94a5afbc9fd19585b8901c2c783267b8ffb15ee7,575,TYPE_BATIMENT,,,UNAVAILABLE,True,missing_value,not_a_text_check,"[""GUDANG-14""]",,[],,[],False,False
IMB,65,24ac0518a504a598e93a941e94a5afbc9fd19585b8901c2c783267b8ffb15ee7,575,TYPE_CLIENT,,,UNAVAILABLE,True,missing_value,not_a_text_check,"[""GUDANG-14""]",,[],,[],False,False
IMB,65,24ac0518a504a598e93a941e94a5afbc9fd19585b8901c2c783267b8ffb15ee7,575,NB_LOC_RES,,,UNAVAILABLE,True,missing_value,not_a_text_check,"[""GUDANG-14""]",,[],,[],False,False
IMB,65,24ac0518a504a598e93a941e94a5afbc9fd19585b8901c2c783267b8ffb15ee7,575,NB_LOC_PRO,,,UNAVAILABLE,True,missing_value,not_a_text_check,"[""GUDANG-14""]",,[],,[],False,False
IMB,65,24ac0518a504a598e93a941e94a5afbc9fd19585b8901c2c783267b8ffb15ee7,575,NB_LOC_TOT,,,UNAVAILABLE,True,missing_value,not_a_text_check,"[""GUDANG-14""]",,[],,[],False,False
IMB,65,24ac0518a504a598e93a941e94a5afbc9fd19585b8901c2c783267b8ffb15ee7,575,RACCORDEMENT,,,UNAVAILABLE,True,missing_value,not_a_text_check,"[""GUDANG-14""]",,[],,[],False,False
IMB,65,24ac0518a504a598e93a941e94a5afbc9fd19585b8901c2c783267b8ffb15ee7,575,STATUT,,,UNAVAILABLE,True,missing_value,not_a_text_check,"[""GUDANG-14""]",,[],,[],False,False
IMB,65,24ac0518a504a598e93a941e94a5afbc9fd19585b8901c2c783267b8ffb15ee7,575,NB_ETAGE,,,UNAVAILABLE,True,missing_value,not_a_text_check,"[""GUDANG-14""]",,[],,[],False,False
IMB,65,24ac0518a504a598e93a941e94a5afbc9fd19585b8901c2c783267b8ffb15ee7,575,COL_MONTANTE,,,UNAVAILABLE,True,missing_value,not_a_text_check,"[""GUDANG-14""]",,[],,[],False,False
IMB,65,24ac0518a504a598e93a941e94a5afbc9fd19585b8901c2c783267b8ffb15ee7,575,SOUS_SOL,,,UNAVAILABLE,True,missing_value,not_a_text_check,"[""GUDANG-14""]",,[],,[],False,False
IMB,65,24ac0518a504a598e93a941e94a5afbc9fd19585b8901c2c783267b8ffb15ee7,575,SOUS_SOL_COMMUN,,,UNAVAILABLE,True,missing_value,not_a_text_check,"[""GUDANG-14""]",,[],,[],False,False
IMB,65,24ac0518a504a598e93a941e94a5afbc9fd19585b8901c2c783267b8ffb15ee7,575,BPE_CODE,,,UNAVAILABLE,True,missing_value,not_a_text_check,"[""GUDANG-14""]",,[],,[],False,False
IMB,65,24ac0518a504a598e93a941e94a5afbc9fd19585b8901c2c783267b8ffb15ee7,575,X,12543772.605483212,12543772.605483212,DWG_DERIVED:GEODATA+direct-CRS-transform,False,exact,not_a_text_check,"[""GUDANG-14""]",,[],,[],False,False
IMB,65,24ac0518a504a598e93a941e94a5afbc9fd19585b8901c2c783267b8ffb15ee7,575,Y,-821888.6158009714,-821888.6158009714,DWG_DERIVED:GEODATA+direct-CRS-transform,False,exact,not_a_text_check,"[""GUDANG-14""]",,[],,[],False,False
IMB,65,24ac0518a504a598e93a941e94a5afbc9fd19585b8901c2c783267b8ffb15ee7,575,display_label,GUDANG-14,GUDANG-14,DWG_DIRECT:text|RULE:AI-IMB-LABEL-001,False,exact,exact,"[""GUDANG-14""]",,[],,[],False,False
IMB,66,b8b4653d34b6fd05acef6420c2892cb5317d93b8c971b9bf6d51336b2a8e57d3,56E,CODE,GUDANG-7,GUDANG-7,DWG_DIRECT:text|RULE:AI-IMB-CODE-001,False,exact,exact,"[""GUDANG-7""]",,[],,[],False,False
IMB,66,b8b4653d34b6fd05acef6420c2892cb5317d93b8c971b9bf6d51336b2a8e57d3,56E,REF_PLAQUE,,,UNAVAILABLE,True,missing_value,not_a_text_check,"[""GUDANG-7""]",,[],,[],False,False
IMB,66,b8b4653d34b6fd05acef6420c2892cb5317d93b8c971b9bf6d51336b2a8e57d3,56E,REGION,,,UNAVAILABLE,True,missing_value,not_a_text_check,"[""GUDANG-7""]",,[],,[],False,False
IMB,66,b8b4653d34b6fd05acef6420c2892cb5317d93b8c971b9bf6d51336b2a8e57d3,56E,PROVINCE,,,UNAVAILABLE,True,missing_value,not_a_text_check,"[""GUDANG-7""]",,[],,[],False,False
IMB,66,b8b4653d34b6fd05acef6420c2892cb5317d93b8c971b9bf6d51336b2a8e57d3,56E,VILLE,,,UNAVAILABLE,True,missing_value,not_a_text_check,"[""GUDANG-7""]",,[],,[],False,False
IMB,66,b8b4653d34b6fd05acef6420c2892cb5317d93b8c971b9bf6d51336b2a8e57d3,56E,COMMUNE,,,UNAVAILABLE,True,missing_value,not_a_text_check,"[""GUDANG-7""]",,[],,[],False,False
IMB,66,b8b4653d34b6fd05acef6420c2892cb5317d93b8c971b9bf6d51336b2a8e57d3,56E,CODE_POSTAL,,,UNAVAILABLE,True,missing_value,not_a_text_check,"[""GUDANG-7""]",,[],,[],False,False
IMB,66,b8b4653d34b6fd05acef6420c2892cb5317d93b8c971b9bf6d51336b2a8e57d3,56E,NUMERO_VOIE,,,UNAVAILABLE,True,missing_value,not_a_text_check,"[""GUDANG-7""]",,[],,[],False,False
IMB,66,b8b4653d34b6fd05acef6420c2892cb5317d93b8c971b9bf6d51336b2a8e57d3,56E,TYPE_VOIE,,,UNAVAILABLE,True,missing_value,not_a_text_check,"[""GUDANG-7""]",,[],,[],False,False
IMB,66,b8b4653d34b6fd05acef6420c2892cb5317d93b8c971b9bf6d51336b2a8e57d3,56E,TYPE_BATIMENT,,,UNAVAILABLE,True,missing_value,not_a_text_check,"[""GUDANG-7""]",,[],,[],False,False
IMB,66,b8b4653d34b6fd05acef6420c2892cb5317d93b8c971b9bf6d51336b2a8e57d3,56E,TYPE_CLIENT,,,UNAVAILABLE,True,missing_value,not_a_text_check,"[""GUDANG-7""]",,[],,[],False,False
IMB,66,b8b4653d34b6fd05acef6420c2892cb5317d93b8c971b9bf6d51336b2a8e57d3,56E,NB_LOC_RES,,,UNAVAILABLE,True,missing_value,not_a_text_check,"[""GUDANG-7""]",,[],,[],False,False
IMB,66,b8b4653d34b6fd05acef6420c2892cb5317d93b8c971b9bf6d51336b2a8e57d3,56E,NB_LOC_PRO,,,UNAVAILABLE,True,missing_value,not_a_text_check,"[""GUDANG-7""]",,[],,[],False,False
IMB,66,b8b4653d34b6fd05acef6420c2892cb5317d93b8c971b9bf6d51336b2a8e57d3,56E,NB_LOC_TOT,,,UNAVAILABLE,True,missing_value,not_a_text_check,"[""GUDANG-7""]",,[],,[],False,False
IMB,66,b8b4653d34b6fd05acef6420c2892cb5317d93b8c971b9bf6d51336b2a8e57d3,56E,RACCORDEMENT,,,UNAVAILABLE,True,missing_value,not_a_text_check,"[""GUDANG-7""]",,[],,[],False,False
IMB,66,b8b4653d34b6fd05acef6420c2892cb5317d93b8c971b9bf6d51336b2a8e57d3,56E,STATUT,,,UNAVAILABLE,True,missing_value,not_a_text_check,"[""GUDANG-7""]",,[],,[],False,False
IMB,66,b8b4653d34b6fd05acef6420c2892cb5317d93b8c971b9bf6d51336b2a8e57d3,56E,NB_ETAGE,,,UNAVAILABLE,True,missing_value,not_a_text_check,"[""GUDANG-7""]",,[],,[],False,False
IMB,66,b8b4653d34b6fd05acef6420c2892cb5317d93b8c971b9bf6d51336b2a8e57d3,56E,COL_MONTANTE,,,UNAVAILABLE,True,missing_value,not_a_text_check,"[""GUDANG-7""]",,[],,[],False,False
IMB,66,b8b4653d34b6fd05acef6420c2892cb5317d93b8c971b9bf6d51336b2a8e57d3,56E,SOUS_SOL,,,UNAVAILABLE,True,missing_value,not_a_text_check,"[""GUDANG-7""]",,[],,[],False,False
IMB,66,b8b4653d34b6fd05acef6420c2892cb5317d93b8c971b9bf6d51336b2a8e57d3,56E,SOUS_SOL_COMMUN,,,UNAVAILABLE,True,missing_value,not_a_text_check,"[""GUDANG-7""]",,[],,[],False,False
IMB,66,b8b4653d34b6fd05acef6420c2892cb5317d93b8c971b9bf6d51336b2a8e57d3,56E,BPE_CODE,,,UNAVAILABLE,True,missing_value,not_a_text_check,"[""GUDANG-7""]",,[],,[],False,False
IMB,66,b8b4653d34b6fd05acef6420c2892cb5317d93b8c971b9bf6d51336b2a8e57d3,56E,X,12543830.670114016,12543830.670114016,DWG_DERIVED:GEODATA+direct-CRS-transform,False,exact,not_a_text_check,"[""GUDANG-7""]",,[],,[],False,False
IMB,66,b8b4653d34b6fd05acef6420c2892cb5317d93b8c971b9bf6d51336b2a8e57d3,56E,Y,-821986.1541160009,-821986.1541160009,DWG_DERIVED:GEODATA+direct-CRS-transform,False,exact,not_a_text_check,"[""GUDANG-7""]",,[],,[],False,False
IMB,66,b8b4653d34b6fd05acef6420c2892cb5317d93b8c971b9bf6d51336b2a8e57d3,56E,display_label,GUDANG-7,GUDANG-7,DWG_DIRECT:text|RULE:AI-IMB-LABEL-001,False,exact,exact,"[""GUDANG-7""]",,[],,[],False,False
IMB,67,1ed55ec7bf3f46160f40123855984ef538d6b6e54d154774ebc5d7a08f05e956,5DB,CODE,NN-73,NN-73,DWG_DIRECT:text|RULE:AI-IMB-CODE-001,False,exact,exact,"[""NN-73""]",,[],,[],False,False
IMB,67,1ed55ec7bf3f46160f40123855984ef538d6b6e54d154774ebc5d7a08f05e956,5DB,REF_PLAQUE,,,UNAVAILABLE,True,missing_value,not_a_text_check,"[""NN-73""]",,[],,[],False,False
IMB,67,1ed55ec7bf3f46160f40123855984ef538d6b6e54d154774ebc5d7a08f05e956,5DB,REGION,,,UNAVAILABLE,True,missing_value,not_a_text_check,"[""NN-73""]",,[],,[],False,False
IMB,67,1ed55ec7bf3f46160f40123855984ef538d6b6e54d154774ebc5d7a08f05e956,5DB,PROVINCE,,,UNAVAILABLE,True,missing_value,not_a_text_check,"[""NN-73""]",,[],,[],False,False
IMB,67,1ed55ec7bf3f46160f40123855984ef538d6b6e54d154774ebc5d7a08f05e956,5DB,VILLE,,,UNAVAILABLE,True,missing_value,not_a_text_check,"[""NN-73""]",,[],,[],False,False
IMB,67,1ed55ec7bf3f46160f40123855984ef538d6b6e54d154774ebc5d7a08f05e956,5DB,COMMUNE,,,UNAVAILABLE,True,missing_value,not_a_text_check,"[""NN-73""]",,[],,[],False,False
IMB,67,1ed55ec7bf3f46160f40123855984ef538d6b6e54d154774ebc5d7a08f05e956,5DB,CODE_POSTAL,,,UNAVAILABLE,True,missing_value,not_a_text_check,"[""NN-73""]",,[],,[],False,False
IMB,67,1ed55ec7bf3f46160f40123855984ef538d6b6e54d154774ebc5d7a08f05e956,5DB,NUMERO_VOIE,,,UNAVAILABLE,True,missing_value,not_a_text_check,"[""NN-73""]",,[],,[],False,False
IMB,67,1ed55ec7bf3f46160f40123855984ef538d6b6e54d154774ebc5d7a08f05e956,5DB,TYPE_VOIE,,,UNAVAILABLE,True,missing_value,not_a_text_check,"[""NN-73""]",,[],,[],False,False
IMB,67,1ed55ec7bf3f46160f40123855984ef538d6b6e54d154774ebc5d7a08f05e956,5DB,TYPE_BATIMENT,,,UNAVAILABLE,True,missing_value,not_a_text_check,"[""NN-73""]",,[],,[],False,False
IMB,67,1ed55ec7bf3f46160f40123855984ef538d6b6e54d154774ebc5d7a08f05e956,5DB,TYPE_CLIENT,,,UNAVAILABLE,True,missing_value,not_a_text_check,"[""NN-73""]",,[],,[],False,False
IMB,67,1ed55ec7bf3f46160f40123855984ef538d6b6e54d154774ebc5d7a08f05e956,5DB,NB_LOC_RES,,,UNAVAILABLE,True,missing_value,not_a_text_check,"[""NN-73""]",,[],,[],False,False
IMB,67,1ed55ec7bf3f46160f40123855984ef538d6b6e54d154774ebc5d7a08f05e956,5DB,NB_LOC_PRO,,,UNAVAILABLE,True,missing_value,not_a_text_check,"[""NN-73""]",,[],,[],False,False
IMB,67,1ed55ec7bf3f46160f40123855984ef538d6b6e54d154774ebc5d7a08f05e956,5DB,NB_LOC_TOT,,,UNAVAILABLE,True,missing_value,not_a_text_check,"[""NN-73""]",,[],,[],False,False
IMB,67,1ed55ec7bf3f46160f40123855984ef538d6b6e54d154774ebc5d7a08f05e956,5DB,RACCORDEMENT,,,UNAVAILABLE,True,missing_value,not_a_text_check,"[""NN-73""]",,[],,[],False,False
IMB,67,1ed55ec7bf3f46160f40123855984ef538d6b6e54d154774ebc5d7a08f05e956,5DB,STATUT,,,UNAVAILABLE,True,missing_value,not_a_text_check,"[""NN-73""]",,[],,[],False,False
IMB,67,1ed55ec7bf3f46160f40123855984ef538d6b6e54d154774ebc5d7a08f05e956,5DB,NB_ETAGE,,,UNAVAILABLE,True,missing_value,not_a_text_check,"[""NN-73""]",,[],,[],False,False
IMB,67,1ed55ec7bf3f46160f40123855984ef538d6b6e54d154774ebc5d7a08f05e956,5DB,COL_MONTANTE,,,UNAVAILABLE,True,missing_value,not_a_text_check,"[""NN-73""]",,[],,[],False,False
IMB,67,1ed55ec7bf3f46160f40123855984ef538d6b6e54d154774ebc5d7a08f05e956,5DB,SOUS_SOL,,,UNAVAILABLE,True,missing_value,not_a_text_check,"[""NN-73""]",,[],,[],False,False
IMB,67,1ed55ec7bf3f46160f40123855984ef538d6b6e54d154774ebc5d7a08f05e956,5DB,SOUS_SOL_COMMUN,,,UNAVAILABLE,True,missing_value,not_a_text_check,"[""NN-73""]",,[],,[],False,False
IMB,67,1ed55ec7bf3f46160f40123855984ef538d6b6e54d154774ebc5d7a08f05e956,5DB,BPE_CODE,,,UNAVAILABLE,True,missing_value,not_a_text_check,"[""NN-73""]",,[],,[],False,False
IMB,67,1ed55ec7bf3f46160f40123855984ef538d6b6e54d154774ebc5d7a08f05e956,5DB,X,12543709.13362407,12543709.13362407,DWG_DERIVED:GEODATA+direct-CRS-transform,False,exact,not_a_text_check,"[""NN-73""]",,[],,[],False,False
IMB,67,1ed55ec7bf3f46160f40123855984ef538d6b6e54d154774ebc5d7a08f05e956,5DB,Y,-821501.252226557,-821501.252226557,DWG_DERIVED:GEODATA+direct-CRS-transform,False,exact,not_a_text_check,"[""NN-73""]",,[],,[],False,False
IMB,67,1ed55ec7bf3f46160f40123855984ef538d6b6e54d154774ebc5d7a08f05e956,5DB,display_label,NN-73,NN-73,DWG_DIRECT:text|RULE:AI-IMB-LABEL-001,False,exact,exact,"[""NN-73""]",,[],,[],False,False
IMB,68,4d92e31a7ea1b64b30a79040b56b2739b4dda748fa0a893619b7f3f88743e685,58E,CODE,GUDANG-39,GUDANG-39,DWG_DIRECT:text|RULE:AI-IMB-CODE-001,False,exact,exact,"[""GUDANG-39""]",,[],,[],False,False
IMB,68,4d92e31a7ea1b64b30a79040b56b2739b4dda748fa0a893619b7f3f88743e685,58E,REF_PLAQUE,,,UNAVAILABLE,True,missing_value,not_a_text_check,"[""GUDANG-39""]",,[],,[],False,False
IMB,68,4d92e31a7ea1b64b30a79040b56b2739b4dda748fa0a893619b7f3f88743e685,58E,REGION,,,UNAVAILABLE,True,missing_value,not_a_text_check,"[""GUDANG-39""]",,[],,[],False,False
IMB,68,4d92e31a7ea1b64b30a79040b56b2739b4dda748fa0a893619b7f3f88743e685,58E,PROVINCE,,,UNAVAILABLE,True,missing_value,not_a_text_check,"[""GUDANG-39""]",,[],,[],False,False
IMB,68,4d92e31a7ea1b64b30a79040b56b2739b4dda748fa0a893619b7f3f88743e685,58E,VILLE,,,UNAVAILABLE,True,missing_value,not_a_text_check,"[""GUDANG-39""]",,[],,[],False,False
IMB,68,4d92e31a7ea1b64b30a79040b56b2739b4dda748fa0a893619b7f3f88743e685,58E,COMMUNE,,,UNAVAILABLE,True,missing_value,not_a_text_check,"[""GUDANG-39""]",,[],,[],False,False
IMB,68,4d92e31a7ea1b64b30a79040b56b2739b4dda748fa0a893619b7f3f88743e685,58E,CODE_POSTAL,,,UNAVAILABLE,True,missing_value,not_a_text_check,"[""GUDANG-39""]",,[],,[],False,False
IMB,68,4d92e31a7ea1b64b30a79040b56b2739b4dda748fa0a893619b7f3f88743e685,58E,NUMERO_VOIE,,,UNAVAILABLE,True,missing_value,not_a_text_check,"[""GUDANG-39""]",,[],,[],False,False
IMB,68,4d92e31a7ea1b64b30a79040b56b2739b4dda748fa0a893619b7f3f88743e685,58E,TYPE_VOIE,,,UNAVAILABLE,True,missing_value,not_a_text_check,"[""GUDANG-39""]",,[],,[],False,False
IMB,68,4d92e31a7ea1b64b30a79040b56b2739b4dda748fa0a893619b7f3f88743e685,58E,TYPE_BATIMENT,,,UNAVAILABLE,True,missing_value,not_a_text_check,"[""GUDANG-39""]",,[],,[],False,False
IMB,68,4d92e31a7ea1b64b30a79040b56b2739b4dda748fa0a893619b7f3f88743e685,58E,TYPE_CLIENT,,,UNAVAILABLE,True,missing_value,not_a_text_check,"[""GUDANG-39""]",,[],,[],False,False
IMB,68,4d92e31a7ea1b64b30a79040b56b2739b4dda748fa0a893619b7f3f88743e685,58E,NB_LOC_RES,,,UNAVAILABLE,True,missing_value,not_a_text_check,"[""GUDANG-39""]",,[],,[],False,False
IMB,68,4d92e31a7ea1b64b30a79040b56b2739b4dda748fa0a893619b7f3f88743e685,58E,NB_LOC_PRO,,,UNAVAILABLE,True,missing_value,not_a_text_check,"[""GUDANG-39""]",,[],,[],False,False
IMB,68,4d92e31a7ea1b64b30a79040b56b2739b4dda748fa0a893619b7f3f88743e685,58E,NB_LOC_TOT,,,UNAVAILABLE,True,missing_value,not_a_text_check,"[""GUDANG-39""]",,[],,[],False,False
IMB,68,4d92e31a7ea1b64b30a79040b56b2739b4dda748fa0a893619b7f3f88743e685,58E,RACCORDEMENT,,,UNAVAILABLE,True,missing_value,not_a_text_check,"[""GUDANG-39""]",,[],,[],False,False
IMB,68,4d92e31a7ea1b64b30a79040b56b2739b4dda748fa0a893619b7f3f88743e685,58E,STATUT,,,UNAVAILABLE,True,missing_value,not_a_text_check,"[""GUDANG-39""]",,[],,[],False,False
IMB,68,4d92e31a7ea1b64b30a79040b56b2739b4dda748fa0a893619b7f3f88743e685,58E,NB_ETAGE,,,UNAVAILABLE,True,missing_value,not_a_text_check,"[""GUDANG-39""]",,[],,[],False,False
IMB,68,4d92e31a7ea1b64b30a79040b56b2739b4dda748fa0a893619b7f3f88743e685,58E,COL_MONTANTE,,,UNAVAILABLE,True,missing_value,not_a_text_check,"[""GUDANG-39""]",,[],,[],False,False
IMB,68,4d92e31a7ea1b64b30a79040b56b2739b4dda748fa0a893619b7f3f88743e685,58E,SOUS_SOL,,,UNAVAILABLE,True,missing_value,not_a_text_check,"[""GUDANG-39""]",,[],,[],False,False
IMB,68,4d92e31a7ea1b64b30a79040b56b2739b4dda748fa0a893619b7f3f88743e685,58E,SOUS_SOL_COMMUN,,,UNAVAILABLE,True,missing_value,not_a_text_check,"[""GUDANG-39""]",,[],,[],False,False
IMB,68,4d92e31a7ea1b64b30a79040b56b2739b4dda748fa0a893619b7f3f88743e685,58E,BPE_CODE,,,UNAVAILABLE,True,missing_value,not_a_text_check,"[""GUDANG-39""]",,[],,[],False,False
IMB,68,4d92e31a7ea1b64b30a79040b56b2739b4dda748fa0a893619b7f3f88743e685,58E,X,12543985.489381952,12543985.489381952,DWG_DERIVED:GEODATA+direct-CRS-transform,False,exact,not_a_text_check,"[""GUDANG-39""]",,[],,[],False,False
IMB,68,4d92e31a7ea1b64b30a79040b56b2739b4dda748fa0a893619b7f3f88743e685,58E,Y,-821577.4517319024,-821577.4517319024,DWG_DERIVED:GEODATA+direct-CRS-transform,False,exact,not_a_text_check,"[""GUDANG-39""]",,[],,[],False,False
IMB,68,4d92e31a7ea1b64b30a79040b56b2739b4dda748fa0a893619b7f3f88743e685,58E,display_label,GUDANG-39,GUDANG-39,DWG_DIRECT:text|RULE:AI-IMB-LABEL-001,False,exact,exact,"[""GUDANG-39""]",,[],,[],False,False
IMB,69,384fa3dba361108816e8caf3dce38ebc689c49ac61c7e202e07466824937a17c,593,CODE,NN-4,NN-4,DWG_DIRECT:text|RULE:AI-IMB-CODE-001,False,exact,exact,"[""NN-4""]",,[],,[],False,False
IMB,69,384fa3dba361108816e8caf3dce38ebc689c49ac61c7e202e07466824937a17c,593,REF_PLAQUE,,,UNAVAILABLE,True,missing_value,not_a_text_check,"[""NN-4""]",,[],,[],False,False
IMB,69,384fa3dba361108816e8caf3dce38ebc689c49ac61c7e202e07466824937a17c,593,REGION,,,UNAVAILABLE,True,missing_value,not_a_text_check,"[""NN-4""]",,[],,[],False,False
IMB,69,384fa3dba361108816e8caf3dce38ebc689c49ac61c7e202e07466824937a17c,593,PROVINCE,,,UNAVAILABLE,True,missing_value,not_a_text_check,"[""NN-4""]",,[],,[],False,False
IMB,69,384fa3dba361108816e8caf3dce38ebc689c49ac61c7e202e07466824937a17c,593,VILLE,,,UNAVAILABLE,True,missing_value,not_a_text_check,"[""NN-4""]",,[],,[],False,False
IMB,69,384fa3dba361108816e8caf3dce38ebc689c49ac61c7e202e07466824937a17c,593,COMMUNE,,,UNAVAILABLE,True,missing_value,not_a_text_check,"[""NN-4""]",,[],,[],False,False
IMB,69,384fa3dba361108816e8caf3dce38ebc689c49ac61c7e202e07466824937a17c,593,CODE_POSTAL,,,UNAVAILABLE,True,missing_value,not_a_text_check,"[""NN-4""]",,[],,[],False,False
IMB,69,384fa3dba361108816e8caf3dce38ebc689c49ac61c7e202e07466824937a17c,593,NUMERO_VOIE,,,UNAVAILABLE,True,missing_value,not_a_text_check,"[""NN-4""]",,[],,[],False,False
IMB,69,384fa3dba361108816e8caf3dce38ebc689c49ac61c7e202e07466824937a17c,593,TYPE_VOIE,,,UNAVAILABLE,True,missing_value,not_a_text_check,"[""NN-4""]",,[],,[],False,False
IMB,69,384fa3dba361108816e8caf3dce38ebc689c49ac61c7e202e07466824937a17c,593,TYPE_BATIMENT,,,UNAVAILABLE,True,missing_value,not_a_text_check,"[""NN-4""]",,[],,[],False,False
IMB,69,384fa3dba361108816e8caf3dce38ebc689c49ac61c7e202e07466824937a17c,593,TYPE_CLIENT,,,UNAVAILABLE,True,missing_value,not_a_text_check,"[""NN-4""]",,[],,[],False,False
IMB,69,384fa3dba361108816e8caf3dce38ebc689c49ac61c7e202e07466824937a17c,593,NB_LOC_RES,,,UNAVAILABLE,True,missing_value,not_a_text_check,"[""NN-4""]",,[],,[],False,False
IMB,69,384fa3dba361108816e8caf3dce38ebc689c49ac61c7e202e07466824937a17c,593,NB_LOC_PRO,,,UNAVAILABLE,True,missing_value,not_a_text_check,"[""NN-4""]",,[],,[],False,False
IMB,69,384fa3dba361108816e8caf3dce38ebc689c49ac61c7e202e07466824937a17c,593,NB_LOC_TOT,,,UNAVAILABLE,True,missing_value,not_a_text_check,"[""NN-4""]",,[],,[],False,False
IMB,69,384fa3dba361108816e8caf3dce38ebc689c49ac61c7e202e07466824937a17c,593,RACCORDEMENT,,,UNAVAILABLE,True,missing_value,not_a_text_check,"[""NN-4""]",,[],,[],False,False
IMB,69,384fa3dba361108816e8caf3dce38ebc689c49ac61c7e202e07466824937a17c,593,STATUT,,,UNAVAILABLE,True,missing_value,not_a_text_check,"[""NN-4""]",,[],,[],False,False
IMB,69,384fa3dba361108816e8caf3dce38ebc689c49ac61c7e202e07466824937a17c,593,NB_ETAGE,,,UNAVAILABLE,True,missing_value,not_a_text_check,"[""NN-4""]",,[],,[],False,False
IMB,69,384fa3dba361108816e8caf3dce38ebc689c49ac61c7e202e07466824937a17c,593,COL_MONTANTE,,,UNAVAILABLE,True,missing_value,not_a_text_check,"[""NN-4""]",,[],,[],False,False
IMB,69,384fa3dba361108816e8caf3dce38ebc689c49ac61c7e202e07466824937a17c,593,SOUS_SOL,,,UNAVAILABLE,True,missing_value,not_a_text_check,"[""NN-4""]",,[],,[],False,False
IMB,69,384fa3dba361108816e8caf3dce38ebc689c49ac61c7e202e07466824937a17c,593,SOUS_SOL_COMMUN,,,UNAVAILABLE,True,missing_value,not_a_text_check,"[""NN-4""]",,[],,[],False,False
IMB,69,384fa3dba361108816e8caf3dce38ebc689c49ac61c7e202e07466824937a17c,593,BPE_CODE,,,UNAVAILABLE,True,missing_value,not_a_text_check,"[""NN-4""]",,[],,[],False,False
IMB,69,384fa3dba361108816e8caf3dce38ebc689c49ac61c7e202e07466824937a17c,593,X,12543598.742562093,12543598.742562093,DWG_DERIVED:GEODATA+direct-CRS-transform,False,exact,not_a_text_check,"[""NN-4""]",,[],,[],False,False
IMB,69,384fa3dba361108816e8caf3dce38ebc689c49ac61c7e202e07466824937a17c,593,Y,-821577.7181411666,-821577.7181411666,DWG_DERIVED:GEODATA+direct-CRS-transform,False,exact,not_a_text_check,"[""NN-4""]",,[],,[],False,False
IMB,69,384fa3dba361108816e8caf3dce38ebc689c49ac61c7e202e07466824937a17c,593,display_label,NN-4,NN-4,DWG_DIRECT:text|RULE:AI-IMB-LABEL-001,False,exact,exact,"[""NN-4""]",,[],,[],False,False
IMB,70,933b31ba7ad8affc3e28a98e7fa852286826601cedea67a03762d3e8df4c91d9,5E0,CODE,NN-78,NN-78,DWG_DIRECT:text|RULE:AI-IMB-CODE-001,False,exact,exact,"[""NN-78""]",,[],,[],False,False
IMB,70,933b31ba7ad8affc3e28a98e7fa852286826601cedea67a03762d3e8df4c91d9,5E0,REF_PLAQUE,,,UNAVAILABLE,True,missing_value,not_a_text_check,"[""NN-78""]",,[],,[],False,False
IMB,70,933b31ba7ad8affc3e28a98e7fa852286826601cedea67a03762d3e8df4c91d9,5E0,REGION,,,UNAVAILABLE,True,missing_value,not_a_text_check,"[""NN-78""]",,[],,[],False,False
IMB,70,933b31ba7ad8affc3e28a98e7fa852286826601cedea67a03762d3e8df4c91d9,5E0,PROVINCE,,,UNAVAILABLE,True,missing_value,not_a_text_check,"[""NN-78""]",,[],,[],False,False
IMB,70,933b31ba7ad8affc3e28a98e7fa852286826601cedea67a03762d3e8df4c91d9,5E0,VILLE,,,UNAVAILABLE,True,missing_value,not_a_text_check,"[""NN-78""]",,[],,[],False,False
IMB,70,933b31ba7ad8affc3e28a98e7fa852286826601cedea67a03762d3e8df4c91d9,5E0,COMMUNE,,,UNAVAILABLE,True,missing_value,not_a_text_check,"[""NN-78""]",,[],,[],False,False
IMB,70,933b31ba7ad8affc3e28a98e7fa852286826601cedea67a03762d3e8df4c91d9,5E0,CODE_POSTAL,,,UNAVAILABLE,True,missing_value,not_a_text_check,"[""NN-78""]",,[],,[],False,False
IMB,70,933b31ba7ad8affc3e28a98e7fa852286826601cedea67a03762d3e8df4c91d9,5E0,NUMERO_VOIE,,,UNAVAILABLE,True,missing_value,not_a_text_check,"[""NN-78""]",,[],,[],False,False
IMB,70,933b31ba7ad8affc3e28a98e7fa852286826601cedea67a03762d3e8df4c91d9,5E0,TYPE_VOIE,,,UNAVAILABLE,True,missing_value,not_a_text_check,"[""NN-78""]",,[],,[],False,False
IMB,70,933b31ba7ad8affc3e28a98e7fa852286826601cedea67a03762d3e8df4c91d9,5E0,TYPE_BATIMENT,,,UNAVAILABLE,True,missing_value,not_a_text_check,"[""NN-78""]",,[],,[],False,False
IMB,70,933b31ba7ad8affc3e28a98e7fa852286826601cedea67a03762d3e8df4c91d9,5E0,TYPE_CLIENT,,,UNAVAILABLE,True,missing_value,not_a_text_check,"[""NN-78""]",,[],,[],False,False
IMB,70,933b31ba7ad8affc3e28a98e7fa852286826601cedea67a03762d3e8df4c91d9,5E0,NB_LOC_RES,,,UNAVAILABLE,True,missing_value,not_a_text_check,"[""NN-78""]",,[],,[],False,False
IMB,70,933b31ba7ad8affc3e28a98e7fa852286826601cedea67a03762d3e8df4c91d9,5E0,NB_LOC_PRO,,,UNAVAILABLE,True,missing_value,not_a_text_check,"[""NN-78""]",,[],,[],False,False
IMB,70,933b31ba7ad8affc3e28a98e7fa852286826601cedea67a03762d3e8df4c91d9,5E0,NB_LOC_TOT,,,UNAVAILABLE,True,missing_value,not_a_text_check,"[""NN-78""]",,[],,[],False,False
IMB,70,933b31ba7ad8affc3e28a98e7fa852286826601cedea67a03762d3e8df4c91d9,5E0,RACCORDEMENT,,,UNAVAILABLE,True,missing_value,not_a_text_check,"[""NN-78""]",,[],,[],False,False
IMB,70,933b31ba7ad8affc3e28a98e7fa852286826601cedea67a03762d3e8df4c91d9,5E0,STATUT,,,UNAVAILABLE,True,missing_value,not_a_text_check,"[""NN-78""]",,[],,[],False,False
IMB,70,933b31ba7ad8affc3e28a98e7fa852286826601cedea67a03762d3e8df4c91d9,5E0,NB_ETAGE,,,UNAVAILABLE,True,missing_value,not_a_text_check,"[""NN-78""]",,[],,[],False,False
IMB,70,933b31ba7ad8affc3e28a98e7fa852286826601cedea67a03762d3e8df4c91d9,5E0,COL_MONTANTE,,,UNAVAILABLE,True,missing_value,not_a_text_check,"[""NN-78""]",,[],,[],False,False
IMB,70,933b31ba7ad8affc3e28a98e7fa852286826601cedea67a03762d3e8df4c91d9,5E0,SOUS_SOL,,,UNAVAILABLE,True,missing_value,not_a_text_check,"[""NN-78""]",,[],,[],False,False
IMB,70,933b31ba7ad8affc3e28a98e7fa852286826601cedea67a03762d3e8df4c91d9,5E0,SOUS_SOL_COMMUN,,,UNAVAILABLE,True,missing_value,not_a_text_check,"[""NN-78""]",,[],,[],False,False
IMB,70,933b31ba7ad8affc3e28a98e7fa852286826601cedea67a03762d3e8df4c91d9,5E0,BPE_CODE,,,UNAVAILABLE,True,missing_value,not_a_text_check,"[""NN-78""]",,[],,[],False,False
IMB,70,933b31ba7ad8affc3e28a98e7fa852286826601cedea67a03762d3e8df4c91d9,5E0,X,12543740.27642448,12543740.27642448,DWG_DERIVED:GEODATA+direct-CRS-transform,False,exact,not_a_text_check,"[""NN-78""]",,[],,[],False,False
IMB,70,933b31ba7ad8affc3e28a98e7fa852286826601cedea67a03762d3e8df4c91d9,5E0,Y,-821503.0889241099,-821503.0889241099,DWG_DERIVED:GEODATA+direct-CRS-transform,False,exact,not_a_text_check,"[""NN-78""]",,[],,[],False,False
IMB,70,933b31ba7ad8affc3e28a98e7fa852286826601cedea67a03762d3e8df4c91d9,5E0,display_label,NN-78,NN-78,DWG_DIRECT:text|RULE:AI-IMB-LABEL-001,False,exact,exact,"[""NN-78""]",,[],,[],False,False
IMB,71,f53897d827ab4aeae73a310c4814af45061af72e5490073a34976205effbf0b8,601,CODE,NN-111,NN-111,DWG_DIRECT:text|RULE:AI-IMB-CODE-001,False,exact,exact,"[""NN-111""]",,[],,[],False,False
IMB,71,f53897d827ab4aeae73a310c4814af45061af72e5490073a34976205effbf0b8,601,REF_PLAQUE,,,UNAVAILABLE,True,missing_value,not_a_text_check,"[""NN-111""]",,[],,[],False,False
IMB,71,f53897d827ab4aeae73a310c4814af45061af72e5490073a34976205effbf0b8,601,REGION,,,UNAVAILABLE,True,missing_value,not_a_text_check,"[""NN-111""]",,[],,[],False,False
IMB,71,f53897d827ab4aeae73a310c4814af45061af72e5490073a34976205effbf0b8,601,PROVINCE,,,UNAVAILABLE,True,missing_value,not_a_text_check,"[""NN-111""]",,[],,[],False,False
IMB,71,f53897d827ab4aeae73a310c4814af45061af72e5490073a34976205effbf0b8,601,VILLE,,,UNAVAILABLE,True,missing_value,not_a_text_check,"[""NN-111""]",,[],,[],False,False
IMB,71,f53897d827ab4aeae73a310c4814af45061af72e5490073a34976205effbf0b8,601,COMMUNE,,,UNAVAILABLE,True,missing_value,not_a_text_check,"[""NN-111""]",,[],,[],False,False
IMB,71,f53897d827ab4aeae73a310c4814af45061af72e5490073a34976205effbf0b8,601,CODE_POSTAL,,,UNAVAILABLE,True,missing_value,not_a_text_check,"[""NN-111""]",,[],,[],False,False
IMB,71,f53897d827ab4aeae73a310c4814af45061af72e5490073a34976205effbf0b8,601,NUMERO_VOIE,,,UNAVAILABLE,True,missing_value,not_a_text_check,"[""NN-111""]",,[],,[],False,False
IMB,71,f53897d827ab4aeae73a310c4814af45061af72e5490073a34976205effbf0b8,601,TYPE_VOIE,,,UNAVAILABLE,True,missing_value,not_a_text_check,"[""NN-111""]",,[],,[],False,False
IMB,71,f53897d827ab4aeae73a310c4814af45061af72e5490073a34976205effbf0b8,601,TYPE_BATIMENT,,,UNAVAILABLE,True,missing_value,not_a_text_check,"[""NN-111""]",,[],,[],False,False
IMB,71,f53897d827ab4aeae73a310c4814af45061af72e5490073a34976205effbf0b8,601,TYPE_CLIENT,,,UNAVAILABLE,True,missing_value,not_a_text_check,"[""NN-111""]",,[],,[],False,False
IMB,71,f53897d827ab4aeae73a310c4814af45061af72e5490073a34976205effbf0b8,601,NB_LOC_RES,,,UNAVAILABLE,True,missing_value,not_a_text_check,"[""NN-111""]",,[],,[],False,False
IMB,71,f53897d827ab4aeae73a310c4814af45061af72e5490073a34976205effbf0b8,601,NB_LOC_PRO,,,UNAVAILABLE,True,missing_value,not_a_text_check,"[""NN-111""]",,[],,[],False,False
IMB,71,f53897d827ab4aeae73a310c4814af45061af72e5490073a34976205effbf0b8,601,NB_LOC_TOT,,,UNAVAILABLE,True,missing_value,not_a_text_check,"[""NN-111""]",,[],,[],False,False
IMB,71,f53897d827ab4aeae73a310c4814af45061af72e5490073a34976205effbf0b8,601,RACCORDEMENT,,,UNAVAILABLE,True,missing_value,not_a_text_check,"[""NN-111""]",,[],,[],False,False
IMB,71,f53897d827ab4aeae73a310c4814af45061af72e5490073a34976205effbf0b8,601,STATUT,,,UNAVAILABLE,True,missing_value,not_a_text_check,"[""NN-111""]",,[],,[],False,False
IMB,71,f53897d827ab4aeae73a310c4814af45061af72e5490073a34976205effbf0b8,601,NB_ETAGE,,,UNAVAILABLE,True,missing_value,not_a_text_check,"[""NN-111""]",,[],,[],False,False
IMB,71,f53897d827ab4aeae73a310c4814af45061af72e5490073a34976205effbf0b8,601,COL_MONTANTE,,,UNAVAILABLE,True,missing_value,not_a_text_check,"[""NN-111""]",,[],,[],False,False
IMB,71,f53897d827ab4aeae73a310c4814af45061af72e5490073a34976205effbf0b8,601,SOUS_SOL,,,UNAVAILABLE,True,missing_value,not_a_text_check,"[""NN-111""]",,[],,[],False,False
IMB,71,f53897d827ab4aeae73a310c4814af45061af72e5490073a34976205effbf0b8,601,SOUS_SOL_COMMUN,,,UNAVAILABLE,True,missing_value,not_a_text_check,"[""NN-111""]",,[],,[],False,False
IMB,71,f53897d827ab4aeae73a310c4814af45061af72e5490073a34976205effbf0b8,601,BPE_CODE,,,UNAVAILABLE,True,missing_value,not_a_text_check,"[""NN-111""]",,[],,[],False,False
IMB,71,f53897d827ab4aeae73a310c4814af45061af72e5490073a34976205effbf0b8,601,X,12543726.520445667,12543726.520445667,DWG_DERIVED:GEODATA+direct-CRS-transform,False,exact,not_a_text_check,"[""NN-111""]",,[],,[],False,False
IMB,71,f53897d827ab4aeae73a310c4814af45061af72e5490073a34976205effbf0b8,601,Y,-821483.9915615959,-821483.9915615959,DWG_DERIVED:GEODATA+direct-CRS-transform,False,exact,not_a_text_check,"[""NN-111""]",,[],,[],False,False
IMB,71,f53897d827ab4aeae73a310c4814af45061af72e5490073a34976205effbf0b8,601,display_label,NN-111,NN-111,DWG_DIRECT:text|RULE:AI-IMB-LABEL-001,False,exact,exact,"[""NN-111""]",,[],,[],False,False
IMB,72,0f734a90e0b2950b0c631962c865b6acd73719e9b6b781ba441a13a1868d1038,5A3,CODE,NN-20,NN-20,DWG_DIRECT:text|RULE:AI-IMB-CODE-001,False,exact,exact,"[""NN-20""]",,[],,[],False,False
IMB,72,0f734a90e0b2950b0c631962c865b6acd73719e9b6b781ba441a13a1868d1038,5A3,REF_PLAQUE,,,UNAVAILABLE,True,missing_value,not_a_text_check,"[""NN-20""]",,[],,[],False,False
IMB,72,0f734a90e0b2950b0c631962c865b6acd73719e9b6b781ba441a13a1868d1038,5A3,REGION,,,UNAVAILABLE,True,missing_value,not_a_text_check,"[""NN-20""]",,[],,[],False,False
IMB,72,0f734a90e0b2950b0c631962c865b6acd73719e9b6b781ba441a13a1868d1038,5A3,PROVINCE,,,UNAVAILABLE,True,missing_value,not_a_text_check,"[""NN-20""]",,[],,[],False,False
IMB,72,0f734a90e0b2950b0c631962c865b6acd73719e9b6b781ba441a13a1868d1038,5A3,VILLE,,,UNAVAILABLE,True,missing_value,not_a_text_check,"[""NN-20""]",,[],,[],False,False
IMB,72,0f734a90e0b2950b0c631962c865b6acd73719e9b6b781ba441a13a1868d1038,5A3,COMMUNE,,,UNAVAILABLE,True,missing_value,not_a_text_check,"[""NN-20""]",,[],,[],False,False
IMB,72,0f734a90e0b2950b0c631962c865b6acd73719e9b6b781ba441a13a1868d1038,5A3,CODE_POSTAL,,,UNAVAILABLE,True,missing_value,not_a_text_check,"[""NN-20""]",,[],,[],False,False
IMB,72,0f734a90e0b2950b0c631962c865b6acd73719e9b6b781ba441a13a1868d1038,5A3,NUMERO_VOIE,,,UNAVAILABLE,True,missing_value,not_a_text_check,"[""NN-20""]",,[],,[],False,False
IMB,72,0f734a90e0b2950b0c631962c865b6acd73719e9b6b781ba441a13a1868d1038,5A3,TYPE_VOIE,,,UNAVAILABLE,True,missing_value,not_a_text_check,"[""NN-20""]",,[],,[],False,False
IMB,72,0f734a90e0b2950b0c631962c865b6acd73719e9b6b781ba441a13a1868d1038,5A3,TYPE_BATIMENT,,,UNAVAILABLE,True,missing_value,not_a_text_check,"[""NN-20""]",,[],,[],False,False
IMB,72,0f734a90e0b2950b0c631962c865b6acd73719e9b6b781ba441a13a1868d1038,5A3,TYPE_CLIENT,,,UNAVAILABLE,True,missing_value,not_a_text_check,"[""NN-20""]",,[],,[],False,False
IMB,72,0f734a90e0b2950b0c631962c865b6acd73719e9b6b781ba441a13a1868d1038,5A3,NB_LOC_RES,,,UNAVAILABLE,True,missing_value,not_a_text_check,"[""NN-20""]",,[],,[],False,False
IMB,72,0f734a90e0b2950b0c631962c865b6acd73719e9b6b781ba441a13a1868d1038,5A3,NB_LOC_PRO,,,UNAVAILABLE,True,missing_value,not_a_text_check,"[""NN-20""]",,[],,[],False,False
IMB,72,0f734a90e0b2950b0c631962c865b6acd73719e9b6b781ba441a13a1868d1038,5A3,NB_LOC_TOT,,,UNAVAILABLE,True,missing_value,not_a_text_check,"[""NN-20""]",,[],,[],False,False
IMB,72,0f734a90e0b2950b0c631962c865b6acd73719e9b6b781ba441a13a1868d1038,5A3,RACCORDEMENT,,,UNAVAILABLE,True,missing_value,not_a_text_check,"[""NN-20""]",,[],,[],False,False
IMB,72,0f734a90e0b2950b0c631962c865b6acd73719e9b6b781ba441a13a1868d1038,5A3,STATUT,,,UNAVAILABLE,True,missing_value,not_a_text_check,"[""NN-20""]",,[],,[],False,False
IMB,72,0f734a90e0b2950b0c631962c865b6acd73719e9b6b781ba441a13a1868d1038,5A3,NB_ETAGE,,,UNAVAILABLE,True,missing_value,not_a_text_check,"[""NN-20""]",,[],,[],False,False
IMB,72,0f734a90e0b2950b0c631962c865b6acd73719e9b6b781ba441a13a1868d1038,5A3,COL_MONTANTE,,,UNAVAILABLE,True,missing_value,not_a_text_check,"[""NN-20""]",,[],,[],False,False
IMB,72,0f734a90e0b2950b0c631962c865b6acd73719e9b6b781ba441a13a1868d1038,5A3,SOUS_SOL,,,UNAVAILABLE,True,missing_value,not_a_text_check,"[""NN-20""]",,[],,[],False,False
IMB,72,0f734a90e0b2950b0c631962c865b6acd73719e9b6b781ba441a13a1868d1038,5A3,SOUS_SOL_COMMUN,,,UNAVAILABLE,True,missing_value,not_a_text_check,"[""NN-20""]",,[],,[],False,False
IMB,72,0f734a90e0b2950b0c631962c865b6acd73719e9b6b781ba441a13a1868d1038,5A3,BPE_CODE,,,UNAVAILABLE,True,missing_value,not_a_text_check,"[""NN-20""]",,[],,[],False,False
IMB,72,0f734a90e0b2950b0c631962c865b6acd73719e9b6b781ba441a13a1868d1038,5A3,X,12543700.777831856,12543700.777831856,DWG_DERIVED:GEODATA+direct-CRS-transform,False,exact,not_a_text_check,"[""NN-20""]",,[],,[],False,False
IMB,72,0f734a90e0b2950b0c631962c865b6acd73719e9b6b781ba441a13a1868d1038,5A3,Y,-821603.4847559182,-821603.4847559182,DWG_DERIVED:GEODATA+direct-CRS-transform,False,exact,not_a_text_check,"[""NN-20""]",,[],,[],False,False
IMB,72,0f734a90e0b2950b0c631962c865b6acd73719e9b6b781ba441a13a1868d1038,5A3,display_label,NN-20,NN-20,DWG_DIRECT:text|RULE:AI-IMB-LABEL-001,False,exact,exact,"[""NN-20""]",,[],,[],False,False
IMB,73,9a92536936fc1b991fbfdbd9f827e64889bbb18247a9b3afe97a66accc0675a6,5B9,CODE,NN-42,NN-42,DWG_DIRECT:text|RULE:AI-IMB-CODE-001,False,exact,exact,"[""NN-42""]",,[],,[],False,False
IMB,73,9a92536936fc1b991fbfdbd9f827e64889bbb18247a9b3afe97a66accc0675a6,5B9,REF_PLAQUE,,,UNAVAILABLE,True,missing_value,not_a_text_check,"[""NN-42""]",,[],,[],False,False
IMB,73,9a92536936fc1b991fbfdbd9f827e64889bbb18247a9b3afe97a66accc0675a6,5B9,REGION,,,UNAVAILABLE,True,missing_value,not_a_text_check,"[""NN-42""]",,[],,[],False,False
IMB,73,9a92536936fc1b991fbfdbd9f827e64889bbb18247a9b3afe97a66accc0675a6,5B9,PROVINCE,,,UNAVAILABLE,True,missing_value,not_a_text_check,"[""NN-42""]",,[],,[],False,False
IMB,73,9a92536936fc1b991fbfdbd9f827e64889bbb18247a9b3afe97a66accc0675a6,5B9,VILLE,,,UNAVAILABLE,True,missing_value,not_a_text_check,"[""NN-42""]",,[],,[],False,False
IMB,73,9a92536936fc1b991fbfdbd9f827e64889bbb18247a9b3afe97a66accc0675a6,5B9,COMMUNE,,,UNAVAILABLE,True,missing_value,not_a_text_check,"[""NN-42""]",,[],,[],False,False
IMB,73,9a92536936fc1b991fbfdbd9f827e64889bbb18247a9b3afe97a66accc0675a6,5B9,CODE_POSTAL,,,UNAVAILABLE,True,missing_value,not_a_text_check,"[""NN-42""]",,[],,[],False,False
IMB,73,9a92536936fc1b991fbfdbd9f827e64889bbb18247a9b3afe97a66accc0675a6,5B9,NUMERO_VOIE,,,UNAVAILABLE,True,missing_value,not_a_text_check,"[""NN-42""]",,[],,[],False,False
IMB,73,9a92536936fc1b991fbfdbd9f827e64889bbb18247a9b3afe97a66accc0675a6,5B9,TYPE_VOIE,,,UNAVAILABLE,True,missing_value,not_a_text_check,"[""NN-42""]",,[],,[],False,False
IMB,73,9a92536936fc1b991fbfdbd9f827e64889bbb18247a9b3afe97a66accc0675a6,5B9,TYPE_BATIMENT,,,UNAVAILABLE,True,missing_value,not_a_text_check,"[""NN-42""]",,[],,[],False,False
IMB,73,9a92536936fc1b991fbfdbd9f827e64889bbb18247a9b3afe97a66accc0675a6,5B9,TYPE_CLIENT,,,UNAVAILABLE,True,missing_value,not_a_text_check,"[""NN-42""]",,[],,[],False,False
IMB,73,9a92536936fc1b991fbfdbd9f827e64889bbb18247a9b3afe97a66accc0675a6,5B9,NB_LOC_RES,,,UNAVAILABLE,True,missing_value,not_a_text_check,"[""NN-42""]",,[],,[],False,False
IMB,73,9a92536936fc1b991fbfdbd9f827e64889bbb18247a9b3afe97a66accc0675a6,5B9,NB_LOC_PRO,,,UNAVAILABLE,True,missing_value,not_a_text_check,"[""NN-42""]",,[],,[],False,False
IMB,73,9a92536936fc1b991fbfdbd9f827e64889bbb18247a9b3afe97a66accc0675a6,5B9,NB_LOC_TOT,,,UNAVAILABLE,True,missing_value,not_a_text_check,"[""NN-42""]",,[],,[],False,False
IMB,73,9a92536936fc1b991fbfdbd9f827e64889bbb18247a9b3afe97a66accc0675a6,5B9,RACCORDEMENT,,,UNAVAILABLE,True,missing_value,not_a_text_check,"[""NN-42""]",,[],,[],False,False
IMB,73,9a92536936fc1b991fbfdbd9f827e64889bbb18247a9b3afe97a66accc0675a6,5B9,STATUT,,,UNAVAILABLE,True,missing_value,not_a_text_check,"[""NN-42""]",,[],,[],False,False
IMB,73,9a92536936fc1b991fbfdbd9f827e64889bbb18247a9b3afe97a66accc0675a6,5B9,NB_ETAGE,,,UNAVAILABLE,True,missing_value,not_a_text_check,"[""NN-42""]",,[],,[],False,False
IMB,73,9a92536936fc1b991fbfdbd9f827e64889bbb18247a9b3afe97a66accc0675a6,5B9,COL_MONTANTE,,,UNAVAILABLE,True,missing_value,not_a_text_check,"[""NN-42""]",,[],,[],False,False
IMB,73,9a92536936fc1b991fbfdbd9f827e64889bbb18247a9b3afe97a66accc0675a6,5B9,SOUS_SOL,,,UNAVAILABLE,True,missing_value,not_a_text_check,"[""NN-42""]",,[],,[],False,False
IMB,73,9a92536936fc1b991fbfdbd9f827e64889bbb18247a9b3afe97a66accc0675a6,5B9,SOUS_SOL_COMMUN,,,UNAVAILABLE,True,missing_value,not_a_text_check,"[""NN-42""]",,[],,[],False,False
IMB,73,9a92536936fc1b991fbfdbd9f827e64889bbb18247a9b3afe97a66accc0675a6,5B9,BPE_CODE,,,UNAVAILABLE,True,missing_value,not_a_text_check,"[""NN-42""]",,[],,[],False,False
IMB,73,9a92536936fc1b991fbfdbd9f827e64889bbb18247a9b3afe97a66accc0675a6,5B9,X,12543809.437964078,12543809.437964078,DWG_DERIVED:GEODATA+direct-CRS-transform,False,exact,not_a_text_check,"[""NN-42""]",,[],,[],False,False
IMB,73,9a92536936fc1b991fbfdbd9f827e64889bbb18247a9b3afe97a66accc0675a6,5B9,Y,-821496.0829561148,-821496.0829561148,DWG_DERIVED:GEODATA+direct-CRS-transform,False,exact,not_a_text_check,"[""NN-42""]",,[],,[],False,False
IMB,73,9a92536936fc1b991fbfdbd9f827e64889bbb18247a9b3afe97a66accc0675a6,5B9,display_label,NN-42,NN-42,DWG_DIRECT:text|RULE:AI-IMB-LABEL-001,False,exact,exact,"[""NN-42""]",,[],,[],False,False
IMB,74,46abd764d915df6e4c6b9a2be432b75e82f58f3fee3dbfd86b260fb062950483,5EE,CODE,NN-92,NN-92,DWG_DIRECT:text|RULE:AI-IMB-CODE-001,False,exact,exact,"[""NN-92""]",,[],,[],False,False
IMB,74,46abd764d915df6e4c6b9a2be432b75e82f58f3fee3dbfd86b260fb062950483,5EE,REF_PLAQUE,,,UNAVAILABLE,True,missing_value,not_a_text_check,"[""NN-92""]",,[],,[],False,False
IMB,74,46abd764d915df6e4c6b9a2be432b75e82f58f3fee3dbfd86b260fb062950483,5EE,REGION,,,UNAVAILABLE,True,missing_value,not_a_text_check,"[""NN-92""]",,[],,[],False,False
IMB,74,46abd764d915df6e4c6b9a2be432b75e82f58f3fee3dbfd86b260fb062950483,5EE,PROVINCE,,,UNAVAILABLE,True,missing_value,not_a_text_check,"[""NN-92""]",,[],,[],False,False
IMB,74,46abd764d915df6e4c6b9a2be432b75e82f58f3fee3dbfd86b260fb062950483,5EE,VILLE,,,UNAVAILABLE,True,missing_value,not_a_text_check,"[""NN-92""]",,[],,[],False,False
IMB,74,46abd764d915df6e4c6b9a2be432b75e82f58f3fee3dbfd86b260fb062950483,5EE,COMMUNE,,,UNAVAILABLE,True,missing_value,not_a_text_check,"[""NN-92""]",,[],,[],False,False
IMB,74,46abd764d915df6e4c6b9a2be432b75e82f58f3fee3dbfd86b260fb062950483,5EE,CODE_POSTAL,,,UNAVAILABLE,True,missing_value,not_a_text_check,"[""NN-92""]",,[],,[],False,False
IMB,74,46abd764d915df6e4c6b9a2be432b75e82f58f3fee3dbfd86b260fb062950483,5EE,NUMERO_VOIE,,,UNAVAILABLE,True,missing_value,not_a_text_check,"[""NN-92""]",,[],,[],False,False
IMB,74,46abd764d915df6e4c6b9a2be432b75e82f58f3fee3dbfd86b260fb062950483,5EE,TYPE_VOIE,,,UNAVAILABLE,True,missing_value,not_a_text_check,"[""NN-92""]",,[],,[],False,False
IMB,74,46abd764d915df6e4c6b9a2be432b75e82f58f3fee3dbfd86b260fb062950483,5EE,TYPE_BATIMENT,,,UNAVAILABLE,True,missing_value,not_a_text_check,"[""NN-92""]",,[],,[],False,False
IMB,74,46abd764d915df6e4c6b9a2be432b75e82f58f3fee3dbfd86b260fb062950483,5EE,TYPE_CLIENT,,,UNAVAILABLE,True,missing_value,not_a_text_check,"[""NN-92""]",,[],,[],False,False
IMB,74,46abd764d915df6e4c6b9a2be432b75e82f58f3fee3dbfd86b260fb062950483,5EE,NB_LOC_RES,,,UNAVAILABLE,True,missing_value,not_a_text_check,"[""NN-92""]",,[],,[],False,False
IMB,74,46abd764d915df6e4c6b9a2be432b75e82f58f3fee3dbfd86b260fb062950483,5EE,NB_LOC_PRO,,,UNAVAILABLE,True,missing_value,not_a_text_check,"[""NN-92""]",,[],,[],False,False
IMB,74,46abd764d915df6e4c6b9a2be432b75e82f58f3fee3dbfd86b260fb062950483,5EE,NB_LOC_TOT,,,UNAVAILABLE,True,missing_value,not_a_text_check,"[""NN-92""]",,[],,[],False,False
IMB,74,46abd764d915df6e4c6b9a2be432b75e82f58f3fee3dbfd86b260fb062950483,5EE,RACCORDEMENT,,,UNAVAILABLE,True,missing_value,not_a_text_check,"[""NN-92""]",,[],,[],False,False
IMB,74,46abd764d915df6e4c6b9a2be432b75e82f58f3fee3dbfd86b260fb062950483,5EE,STATUT,,,UNAVAILABLE,True,missing_value,not_a_text_check,"[""NN-92""]",,[],,[],False,False
IMB,74,46abd764d915df6e4c6b9a2be432b75e82f58f3fee3dbfd86b260fb062950483,5EE,NB_ETAGE,,,UNAVAILABLE,True,missing_value,not_a_text_check,"[""NN-92""]",,[],,[],False,False
IMB,74,46abd764d915df6e4c6b9a2be432b75e82f58f3fee3dbfd86b260fb062950483,5EE,COL_MONTANTE,,,UNAVAILABLE,True,missing_value,not_a_text_check,"[""NN-92""]",,[],,[],False,False
IMB,74,46abd764d915df6e4c6b9a2be432b75e82f58f3fee3dbfd86b260fb062950483,5EE,SOUS_SOL,,,UNAVAILABLE,True,missing_value,not_a_text_check,"[""NN-92""]",,[],,[],False,False
IMB,74,46abd764d915df6e4c6b9a2be432b75e82f58f3fee3dbfd86b260fb062950483,5EE,SOUS_SOL_COMMUN,,,UNAVAILABLE,True,missing_value,not_a_text_check,"[""NN-92""]",,[],,[],False,False
IMB,74,46abd764d915df6e4c6b9a2be432b75e82f58f3fee3dbfd86b260fb062950483,5EE,BPE_CODE,,,UNAVAILABLE,True,missing_value,not_a_text_check,"[""NN-92""]",,[],,[],False,False
IMB,74,46abd764d915df6e4c6b9a2be432b75e82f58f3fee3dbfd86b260fb062950483,5EE,X,12543695.12969031,12543695.12969031,DWG_DERIVED:GEODATA+direct-CRS-transform,False,exact,not_a_text_check,"[""NN-92""]",,[],,[],False,False
IMB,74,46abd764d915df6e4c6b9a2be432b75e82f58f3fee3dbfd86b260fb062950483,5EE,Y,-821531.1256904793,-821531.1256904793,DWG_DERIVED:GEODATA+direct-CRS-transform,False,exact,not_a_text_check,"[""NN-92""]",,[],,[],False,False
IMB,74,46abd764d915df6e4c6b9a2be432b75e82f58f3fee3dbfd86b260fb062950483,5EE,display_label,NN-92,NN-92,DWG_DIRECT:text|RULE:AI-IMB-LABEL-001,False,exact,exact,"[""NN-92""]",,[],,[],False,False
IMB,75,6d8feb4c52678fd2efb4c290c3176b0bc38d8c982cb91fb87768890cdafa3409,58C,CODE,GUDANG-37,GUDANG-37,DWG_DIRECT:text|RULE:AI-IMB-CODE-001,False,exact,exact,"[""GUDANG-37""]",,[],,[],False,False
IMB,75,6d8feb4c52678fd2efb4c290c3176b0bc38d8c982cb91fb87768890cdafa3409,58C,REF_PLAQUE,,,UNAVAILABLE,True,missing_value,not_a_text_check,"[""GUDANG-37""]",,[],,[],False,False
IMB,75,6d8feb4c52678fd2efb4c290c3176b0bc38d8c982cb91fb87768890cdafa3409,58C,REGION,,,UNAVAILABLE,True,missing_value,not_a_text_check,"[""GUDANG-37""]",,[],,[],False,False
IMB,75,6d8feb4c52678fd2efb4c290c3176b0bc38d8c982cb91fb87768890cdafa3409,58C,PROVINCE,,,UNAVAILABLE,True,missing_value,not_a_text_check,"[""GUDANG-37""]",,[],,[],False,False
IMB,75,6d8feb4c52678fd2efb4c290c3176b0bc38d8c982cb91fb87768890cdafa3409,58C,VILLE,,,UNAVAILABLE,True,missing_value,not_a_text_check,"[""GUDANG-37""]",,[],,[],False,False
IMB,75,6d8feb4c52678fd2efb4c290c3176b0bc38d8c982cb91fb87768890cdafa3409,58C,COMMUNE,,,UNAVAILABLE,True,missing_value,not_a_text_check,"[""GUDANG-37""]",,[],,[],False,False
IMB,75,6d8feb4c52678fd2efb4c290c3176b0bc38d8c982cb91fb87768890cdafa3409,58C,CODE_POSTAL,,,UNAVAILABLE,True,missing_value,not_a_text_check,"[""GUDANG-37""]",,[],,[],False,False
IMB,75,6d8feb4c52678fd2efb4c290c3176b0bc38d8c982cb91fb87768890cdafa3409,58C,NUMERO_VOIE,,,UNAVAILABLE,True,missing_value,not_a_text_check,"[""GUDANG-37""]",,[],,[],False,False
IMB,75,6d8feb4c52678fd2efb4c290c3176b0bc38d8c982cb91fb87768890cdafa3409,58C,TYPE_VOIE,,,UNAVAILABLE,True,missing_value,not_a_text_check,"[""GUDANG-37""]",,[],,[],False,False
IMB,75,6d8feb4c52678fd2efb4c290c3176b0bc38d8c982cb91fb87768890cdafa3409,58C,TYPE_BATIMENT,,,UNAVAILABLE,True,missing_value,not_a_text_check,"[""GUDANG-37""]",,[],,[],False,False
IMB,75,6d8feb4c52678fd2efb4c290c3176b0bc38d8c982cb91fb87768890cdafa3409,58C,TYPE_CLIENT,,,UNAVAILABLE,True,missing_value,not_a_text_check,"[""GUDANG-37""]",,[],,[],False,False
IMB,75,6d8feb4c52678fd2efb4c290c3176b0bc38d8c982cb91fb87768890cdafa3409,58C,NB_LOC_RES,,,UNAVAILABLE,True,missing_value,not_a_text_check,"[""GUDANG-37""]",,[],,[],False,False
IMB,75,6d8feb4c52678fd2efb4c290c3176b0bc38d8c982cb91fb87768890cdafa3409,58C,NB_LOC_PRO,,,UNAVAILABLE,True,missing_value,not_a_text_check,"[""GUDANG-37""]",,[],,[],False,False
IMB,75,6d8feb4c52678fd2efb4c290c3176b0bc38d8c982cb91fb87768890cdafa3409,58C,NB_LOC_TOT,,,UNAVAILABLE,True,missing_value,not_a_text_check,"[""GUDANG-37""]",,[],,[],False,False
IMB,75,6d8feb4c52678fd2efb4c290c3176b0bc38d8c982cb91fb87768890cdafa3409,58C,RACCORDEMENT,,,UNAVAILABLE,True,missing_value,not_a_text_check,"[""GUDANG-37""]",,[],,[],False,False
IMB,75,6d8feb4c52678fd2efb4c290c3176b0bc38d8c982cb91fb87768890cdafa3409,58C,STATUT,,,UNAVAILABLE,True,missing_value,not_a_text_check,"[""GUDANG-37""]",,[],,[],False,False
IMB,75,6d8feb4c52678fd2efb4c290c3176b0bc38d8c982cb91fb87768890cdafa3409,58C,NB_ETAGE,,,UNAVAILABLE,True,missing_value,not_a_text_check,"[""GUDANG-37""]",,[],,[],False,False
IMB,75,6d8feb4c52678fd2efb4c290c3176b0bc38d8c982cb91fb87768890cdafa3409,58C,COL_MONTANTE,,,UNAVAILABLE,True,missing_value,not_a_text_check,"[""GUDANG-37""]",,[],,[],False,False
IMB,75,6d8feb4c52678fd2efb4c290c3176b0bc38d8c982cb91fb87768890cdafa3409,58C,SOUS_SOL,,,UNAVAILABLE,True,missing_value,not_a_text_check,"[""GUDANG-37""]",,[],,[],False,False
IMB,75,6d8feb4c52678fd2efb4c290c3176b0bc38d8c982cb91fb87768890cdafa3409,58C,SOUS_SOL_COMMUN,,,UNAVAILABLE,True,missing_value,not_a_text_check,"[""GUDANG-37""]",,[],,[],False,False
IMB,75,6d8feb4c52678fd2efb4c290c3176b0bc38d8c982cb91fb87768890cdafa3409,58C,BPE_CODE,,,UNAVAILABLE,True,missing_value,not_a_text_check,"[""GUDANG-37""]",,[],,[],False,False
IMB,75,6d8feb4c52678fd2efb4c290c3176b0bc38d8c982cb91fb87768890cdafa3409,58C,X,12543868.577329054,12543868.577329054,DWG_DERIVED:GEODATA+direct-CRS-transform,False,exact,not_a_text_check,"[""GUDANG-37""]",,[],,[],False,False
IMB,75,6d8feb4c52678fd2efb4c290c3176b0bc38d8c982cb91fb87768890cdafa3409,58C,Y,-821582.6224309022,-821582.6224309022,DWG_DERIVED:GEODATA+direct-CRS-transform,False,exact,not_a_text_check,"[""GUDANG-37""]",,[],,[],False,False
IMB,75,6d8feb4c52678fd2efb4c290c3176b0bc38d8c982cb91fb87768890cdafa3409,58C,display_label,GUDANG-37,GUDANG-37,DWG_DIRECT:text|RULE:AI-IMB-LABEL-001,False,exact,exact,"[""GUDANG-37""]",,[],,[],False,False
IMB,76,bc622a31de23da5750b68dac401982a79b3886301f08439fa1e45969eeceb444,5B8,CODE,NN-41,NN-41,DWG_DIRECT:text|RULE:AI-IMB-CODE-001,False,exact,exact,"[""NN-41""]",,[],,[],False,False
IMB,76,bc622a31de23da5750b68dac401982a79b3886301f08439fa1e45969eeceb444,5B8,REF_PLAQUE,,,UNAVAILABLE,True,missing_value,not_a_text_check,"[""NN-41""]",,[],,[],False,False
IMB,76,bc622a31de23da5750b68dac401982a79b3886301f08439fa1e45969eeceb444,5B8,REGION,,,UNAVAILABLE,True,missing_value,not_a_text_check,"[""NN-41""]",,[],,[],False,False
IMB,76,bc622a31de23da5750b68dac401982a79b3886301f08439fa1e45969eeceb444,5B8,PROVINCE,,,UNAVAILABLE,True,missing_value,not_a_text_check,"[""NN-41""]",,[],,[],False,False
IMB,76,bc622a31de23da5750b68dac401982a79b3886301f08439fa1e45969eeceb444,5B8,VILLE,,,UNAVAILABLE,True,missing_value,not_a_text_check,"[""NN-41""]",,[],,[],False,False
IMB,76,bc622a31de23da5750b68dac401982a79b3886301f08439fa1e45969eeceb444,5B8,COMMUNE,,,UNAVAILABLE,True,missing_value,not_a_text_check,"[""NN-41""]",,[],,[],False,False
IMB,76,bc622a31de23da5750b68dac401982a79b3886301f08439fa1e45969eeceb444,5B8,CODE_POSTAL,,,UNAVAILABLE,True,missing_value,not_a_text_check,"[""NN-41""]",,[],,[],False,False
IMB,76,bc622a31de23da5750b68dac401982a79b3886301f08439fa1e45969eeceb444,5B8,NUMERO_VOIE,,,UNAVAILABLE,True,missing_value,not_a_text_check,"[""NN-41""]",,[],,[],False,False
IMB,76,bc622a31de23da5750b68dac401982a79b3886301f08439fa1e45969eeceb444,5B8,TYPE_VOIE,,,UNAVAILABLE,True,missing_value,not_a_text_check,"[""NN-41""]",,[],,[],False,False
IMB,76,bc622a31de23da5750b68dac401982a79b3886301f08439fa1e45969eeceb444,5B8,TYPE_BATIMENT,,,UNAVAILABLE,True,missing_value,not_a_text_check,"[""NN-41""]",,[],,[],False,False
IMB,76,bc622a31de23da5750b68dac401982a79b3886301f08439fa1e45969eeceb444,5B8,TYPE_CLIENT,,,UNAVAILABLE,True,missing_value,not_a_text_check,"[""NN-41""]",,[],,[],False,False
IMB,76,bc622a31de23da5750b68dac401982a79b3886301f08439fa1e45969eeceb444,5B8,NB_LOC_RES,,,UNAVAILABLE,True,missing_value,not_a_text_check,"[""NN-41""]",,[],,[],False,False
IMB,76,bc622a31de23da5750b68dac401982a79b3886301f08439fa1e45969eeceb444,5B8,NB_LOC_PRO,,,UNAVAILABLE,True,missing_value,not_a_text_check,"[""NN-41""]",,[],,[],False,False
IMB,76,bc622a31de23da5750b68dac401982a79b3886301f08439fa1e45969eeceb444,5B8,NB_LOC_TOT,,,UNAVAILABLE,True,missing_value,not_a_text_check,"[""NN-41""]",,[],,[],False,False
IMB,76,bc622a31de23da5750b68dac401982a79b3886301f08439fa1e45969eeceb444,5B8,RACCORDEMENT,,,UNAVAILABLE,True,missing_value,not_a_text_check,"[""NN-41""]",,[],,[],False,False
IMB,76,bc622a31de23da5750b68dac401982a79b3886301f08439fa1e45969eeceb444,5B8,STATUT,,,UNAVAILABLE,True,missing_value,not_a_text_check,"[""NN-41""]",,[],,[],False,False
IMB,76,bc622a31de23da5750b68dac401982a79b3886301f08439fa1e45969eeceb444,5B8,NB_ETAGE,,,UNAVAILABLE,True,missing_value,not_a_text_check,"[""NN-41""]",,[],,[],False,False
IMB,76,bc622a31de23da5750b68dac401982a79b3886301f08439fa1e45969eeceb444,5B8,COL_MONTANTE,,,UNAVAILABLE,True,missing_value,not_a_text_check,"[""NN-41""]",,[],,[],False,False
IMB,76,bc622a31de23da5750b68dac401982a79b3886301f08439fa1e45969eeceb444,5B8,SOUS_SOL,,,UNAVAILABLE,True,missing_value,not_a_text_check,"[""NN-41""]",,[],,[],False,False
IMB,76,bc622a31de23da5750b68dac401982a79b3886301f08439fa1e45969eeceb444,5B8,SOUS_SOL_COMMUN,,,UNAVAILABLE,True,missing_value,not_a_text_check,"[""NN-41""]",,[],,[],False,False
IMB,76,bc622a31de23da5750b68dac401982a79b3886301f08439fa1e45969eeceb444,5B8,BPE_CODE,,,UNAVAILABLE,True,missing_value,not_a_text_check,"[""NN-41""]",,[],,[],False,False
IMB,76,bc622a31de23da5750b68dac401982a79b3886301f08439fa1e45969eeceb444,5B8,X,12543793.584372502,12543793.584372502,DWG_DERIVED:GEODATA+direct-CRS-transform,False,exact,not_a_text_check,"[""NN-41""]",,[],,[],False,False
IMB,76,bc622a31de23da5750b68dac401982a79b3886301f08439fa1e45969eeceb444,5B8,Y,-821489.9175761461,-821489.9175761461,DWG_DERIVED:GEODATA+direct-CRS-transform,False,exact,not_a_text_check,"[""NN-41""]",,[],,[],False,False
IMB,76,bc622a31de23da5750b68dac401982a79b3886301f08439fa1e45969eeceb444,5B8,display_label,NN-41,NN-41,DWG_DIRECT:text|RULE:AI-IMB-LABEL-001,False,exact,exact,"[""NN-41""]",,[],,[],False,False
IMB,77,d70c4bf9b34af056f808c2b04d992eefaeff829614ea9efb2ce24b44612b2b22,56A,CODE,GUDANG-3,GUDANG-3,DWG_DIRECT:text|RULE:AI-IMB-CODE-001,False,exact,exact,"[""GUDANG-3""]",,[],,[],False,False
IMB,77,d70c4bf9b34af056f808c2b04d992eefaeff829614ea9efb2ce24b44612b2b22,56A,REF_PLAQUE,,,UNAVAILABLE,True,missing_value,not_a_text_check,"[""GUDANG-3""]",,[],,[],False,False
IMB,77,d70c4bf9b34af056f808c2b04d992eefaeff829614ea9efb2ce24b44612b2b22,56A,REGION,,,UNAVAILABLE,True,missing_value,not_a_text_check,"[""GUDANG-3""]",,[],,[],False,False
IMB,77,d70c4bf9b34af056f808c2b04d992eefaeff829614ea9efb2ce24b44612b2b22,56A,PROVINCE,,,UNAVAILABLE,True,missing_value,not_a_text_check,"[""GUDANG-3""]",,[],,[],False,False
IMB,77,d70c4bf9b34af056f808c2b04d992eefaeff829614ea9efb2ce24b44612b2b22,56A,VILLE,,,UNAVAILABLE,True,missing_value,not_a_text_check,"[""GUDANG-3""]",,[],,[],False,False
IMB,77,d70c4bf9b34af056f808c2b04d992eefaeff829614ea9efb2ce24b44612b2b22,56A,COMMUNE,,,UNAVAILABLE,True,missing_value,not_a_text_check,"[""GUDANG-3""]",,[],,[],False,False
IMB,77,d70c4bf9b34af056f808c2b04d992eefaeff829614ea9efb2ce24b44612b2b22,56A,CODE_POSTAL,,,UNAVAILABLE,True,missing_value,not_a_text_check,"[""GUDANG-3""]",,[],,[],False,False
IMB,77,d70c4bf9b34af056f808c2b04d992eefaeff829614ea9efb2ce24b44612b2b22,56A,NUMERO_VOIE,,,UNAVAILABLE,True,missing_value,not_a_text_check,"[""GUDANG-3""]",,[],,[],False,False
IMB,77,d70c4bf9b34af056f808c2b04d992eefaeff829614ea9efb2ce24b44612b2b22,56A,TYPE_VOIE,,,UNAVAILABLE,True,missing_value,not_a_text_check,"[""GUDANG-3""]",,[],,[],False,False
IMB,77,d70c4bf9b34af056f808c2b04d992eefaeff829614ea9efb2ce24b44612b2b22,56A,TYPE_BATIMENT,,,UNAVAILABLE,True,missing_value,not_a_text_check,"[""GUDANG-3""]",,[],,[],False,False
IMB,77,d70c4bf9b34af056f808c2b04d992eefaeff829614ea9efb2ce24b44612b2b22,56A,TYPE_CLIENT,,,UNAVAILABLE,True,missing_value,not_a_text_check,"[""GUDANG-3""]",,[],,[],False,False
IMB,77,d70c4bf9b34af056f808c2b04d992eefaeff829614ea9efb2ce24b44612b2b22,56A,NB_LOC_RES,,,UNAVAILABLE,True,missing_value,not_a_text_check,"[""GUDANG-3""]",,[],,[],False,False
IMB,77,d70c4bf9b34af056f808c2b04d992eefaeff829614ea9efb2ce24b44612b2b22,56A,NB_LOC_PRO,,,UNAVAILABLE,True,missing_value,not_a_text_check,"[""GUDANG-3""]",,[],,[],False,False
IMB,77,d70c4bf9b34af056f808c2b04d992eefaeff829614ea9efb2ce24b44612b2b22,56A,NB_LOC_TOT,,,UNAVAILABLE,True,missing_value,not_a_text_check,"[""GUDANG-3""]",,[],,[],False,False
IMB,77,d70c4bf9b34af056f808c2b04d992eefaeff829614ea9efb2ce24b44612b2b22,56A,RACCORDEMENT,,,UNAVAILABLE,True,missing_value,not_a_text_check,"[""GUDANG-3""]",,[],,[],False,False
IMB,77,d70c4bf9b34af056f808c2b04d992eefaeff829614ea9efb2ce24b44612b2b22,56A,STATUT,,,UNAVAILABLE,True,missing_value,not_a_text_check,"[""GUDANG-3""]",,[],,[],False,False
IMB,77,d70c4bf9b34af056f808c2b04d992eefaeff829614ea9efb2ce24b44612b2b22,56A,NB_ETAGE,,,UNAVAILABLE,True,missing_value,not_a_text_check,"[""GUDANG-3""]",,[],,[],False,False
IMB,77,d70c4bf9b34af056f808c2b04d992eefaeff829614ea9efb2ce24b44612b2b22,56A,COL_MONTANTE,,,UNAVAILABLE,True,missing_value,not_a_text_check,"[""GUDANG-3""]",,[],,[],False,False
IMB,77,d70c4bf9b34af056f808c2b04d992eefaeff829614ea9efb2ce24b44612b2b22,56A,SOUS_SOL,,,UNAVAILABLE,True,missing_value,not_a_text_check,"[""GUDANG-3""]",,[],,[],False,False
IMB,77,d70c4bf9b34af056f808c2b04d992eefaeff829614ea9efb2ce24b44612b2b22,56A,SOUS_SOL_COMMUN,,,UNAVAILABLE,True,missing_value,not_a_text_check,"[""GUDANG-3""]",,[],,[],False,False
IMB,77,d70c4bf9b34af056f808c2b04d992eefaeff829614ea9efb2ce24b44612b2b22,56A,BPE_CODE,,,UNAVAILABLE,True,missing_value,not_a_text_check,"[""GUDANG-3""]",,[],,[],False,False
IMB,77,d70c4bf9b34af056f808c2b04d992eefaeff829614ea9efb2ce24b44612b2b22,56A,X,12543631.109054115,12543631.109054115,DWG_DERIVED:GEODATA+direct-CRS-transform,False,exact,not_a_text_check,"[""GUDANG-3""]",,[],,[],False,False
IMB,77,d70c4bf9b34af056f808c2b04d992eefaeff829614ea9efb2ce24b44612b2b22,56A,Y,-821903.110671906,-821903.110671906,DWG_DERIVED:GEODATA+direct-CRS-transform,False,exact,not_a_text_check,"[""GUDANG-3""]",,[],,[],False,False
IMB,77,d70c4bf9b34af056f808c2b04d992eefaeff829614ea9efb2ce24b44612b2b22,56A,display_label,GUDANG-3,GUDANG-3,DWG_DIRECT:text|RULE:AI-IMB-LABEL-001,False,exact,exact,"[""GUDANG-3""]",,[],,[],False,False
IMB,78,d14ee52926d72492a3cb9de20664b373d323f1b199084b170f7daf1158f2ab43,59F,CODE,NN-16,NN-16,DWG_DIRECT:text|RULE:AI-IMB-CODE-001,False,exact,exact,"[""NN-16""]",,[],,[],False,False
IMB,78,d14ee52926d72492a3cb9de20664b373d323f1b199084b170f7daf1158f2ab43,59F,REF_PLAQUE,,,UNAVAILABLE,True,missing_value,not_a_text_check,"[""NN-16""]",,[],,[],False,False
IMB,78,d14ee52926d72492a3cb9de20664b373d323f1b199084b170f7daf1158f2ab43,59F,REGION,,,UNAVAILABLE,True,missing_value,not_a_text_check,"[""NN-16""]",,[],,[],False,False
IMB,78,d14ee52926d72492a3cb9de20664b373d323f1b199084b170f7daf1158f2ab43,59F,PROVINCE,,,UNAVAILABLE,True,missing_value,not_a_text_check,"[""NN-16""]",,[],,[],False,False
IMB,78,d14ee52926d72492a3cb9de20664b373d323f1b199084b170f7daf1158f2ab43,59F,VILLE,,,UNAVAILABLE,True,missing_value,not_a_text_check,"[""NN-16""]",,[],,[],False,False
IMB,78,d14ee52926d72492a3cb9de20664b373d323f1b199084b170f7daf1158f2ab43,59F,COMMUNE,,,UNAVAILABLE,True,missing_value,not_a_text_check,"[""NN-16""]",,[],,[],False,False
IMB,78,d14ee52926d72492a3cb9de20664b373d323f1b199084b170f7daf1158f2ab43,59F,CODE_POSTAL,,,UNAVAILABLE,True,missing_value,not_a_text_check,"[""NN-16""]",,[],,[],False,False
IMB,78,d14ee52926d72492a3cb9de20664b373d323f1b199084b170f7daf1158f2ab43,59F,NUMERO_VOIE,,,UNAVAILABLE,True,missing_value,not_a_text_check,"[""NN-16""]",,[],,[],False,False
IMB,78,d14ee52926d72492a3cb9de20664b373d323f1b199084b170f7daf1158f2ab43,59F,TYPE_VOIE,,,UNAVAILABLE,True,missing_value,not_a_text_check,"[""NN-16""]",,[],,[],False,False
IMB,78,d14ee52926d72492a3cb9de20664b373d323f1b199084b170f7daf1158f2ab43,59F,TYPE_BATIMENT,,,UNAVAILABLE,True,missing_value,not_a_text_check,"[""NN-16""]",,[],,[],False,False
IMB,78,d14ee52926d72492a3cb9de20664b373d323f1b199084b170f7daf1158f2ab43,59F,TYPE_CLIENT,,,UNAVAILABLE,True,missing_value,not_a_text_check,"[""NN-16""]",,[],,[],False,False
IMB,78,d14ee52926d72492a3cb9de20664b373d323f1b199084b170f7daf1158f2ab43,59F,NB_LOC_RES,,,UNAVAILABLE,True,missing_value,not_a_text_check,"[""NN-16""]",,[],,[],False,False
IMB,78,d14ee52926d72492a3cb9de20664b373d323f1b199084b170f7daf1158f2ab43,59F,NB_LOC_PRO,,,UNAVAILABLE,True,missing_value,not_a_text_check,"[""NN-16""]",,[],,[],False,False
IMB,78,d14ee52926d72492a3cb9de20664b373d323f1b199084b170f7daf1158f2ab43,59F,NB_LOC_TOT,,,UNAVAILABLE,True,missing_value,not_a_text_check,"[""NN-16""]",,[],,[],False,False
IMB,78,d14ee52926d72492a3cb9de20664b373d323f1b199084b170f7daf1158f2ab43,59F,RACCORDEMENT,,,UNAVAILABLE,True,missing_value,not_a_text_check,"[""NN-16""]",,[],,[],False,False
IMB,78,d14ee52926d72492a3cb9de20664b373d323f1b199084b170f7daf1158f2ab43,59F,STATUT,,,UNAVAILABLE,True,missing_value,not_a_text_check,"[""NN-16""]",,[],,[],False,False
IMB,78,d14ee52926d72492a3cb9de20664b373d323f1b199084b170f7daf1158f2ab43,59F,NB_ETAGE,,,UNAVAILABLE,True,missing_value,not_a_text_check,"[""NN-16""]",,[],,[],False,False
IMB,78,d14ee52926d72492a3cb9de20664b373d323f1b199084b170f7daf1158f2ab43,59F,COL_MONTANTE,,,UNAVAILABLE,True,missing_value,not_a_text_check,"[""NN-16""]",,[],,[],False,False
IMB,78,d14ee52926d72492a3cb9de20664b373d323f1b199084b170f7daf1158f2ab43,59F,SOUS_SOL,,,UNAVAILABLE,True,missing_value,not_a_text_check,"[""NN-16""]",,[],,[],False,False
IMB,78,d14ee52926d72492a3cb9de20664b373d323f1b199084b170f7daf1158f2ab43,59F,SOUS_SOL_COMMUN,,,UNAVAILABLE,True,missing_value,not_a_text_check,"[""NN-16""]",,[],,[],False,False
IMB,78,d14ee52926d72492a3cb9de20664b373d323f1b199084b170f7daf1158f2ab43,59F,BPE_CODE,,,UNAVAILABLE,True,missing_value,not_a_text_check,"[""NN-16""]",,[],,[],False,False
IMB,78,d14ee52926d72492a3cb9de20664b373d323f1b199084b170f7daf1158f2ab43,59F,X,12543603.776737943,12543603.776737943,DWG_DERIVED:GEODATA+direct-CRS-transform,False,exact,not_a_text_check,"[""NN-16""]",,[],,[],False,False
IMB,78,d14ee52926d72492a3cb9de20664b373d323f1b199084b170f7daf1158f2ab43,59F,Y,-821497.7567529762,-821497.7567529762,DWG_DERIVED:GEODATA+direct-CRS-transform,False,exact,not_a_text_check,"[""NN-16""]",,[],,[],False,False
IMB,78,d14ee52926d72492a3cb9de20664b373d323f1b199084b170f7daf1158f2ab43,59F,display_label,NN-16,NN-16,DWG_DIRECT:text|RULE:AI-IMB-LABEL-001,False,exact,exact,"[""NN-16""]",,[],,[],False,False
IMB,79,0104120f714a324bda6d291fa9544bed3952c462077e2755f61be37084d792f3,588,CODE,GUDANG-33,GUDANG-33,DWG_DIRECT:text|RULE:AI-IMB-CODE-001,False,exact,exact,"[""GUDANG-33""]",,[],,[],False,False
IMB,79,0104120f714a324bda6d291fa9544bed3952c462077e2755f61be37084d792f3,588,REF_PLAQUE,,,UNAVAILABLE,True,missing_value,not_a_text_check,"[""GUDANG-33""]",,[],,[],False,False
IMB,79,0104120f714a324bda6d291fa9544bed3952c462077e2755f61be37084d792f3,588,REGION,,,UNAVAILABLE,True,missing_value,not_a_text_check,"[""GUDANG-33""]",,[],,[],False,False
IMB,79,0104120f714a324bda6d291fa9544bed3952c462077e2755f61be37084d792f3,588,PROVINCE,,,UNAVAILABLE,True,missing_value,not_a_text_check,"[""GUDANG-33""]",,[],,[],False,False
IMB,79,0104120f714a324bda6d291fa9544bed3952c462077e2755f61be37084d792f3,588,VILLE,,,UNAVAILABLE,True,missing_value,not_a_text_check,"[""GUDANG-33""]",,[],,[],False,False
IMB,79,0104120f714a324bda6d291fa9544bed3952c462077e2755f61be37084d792f3,588,COMMUNE,,,UNAVAILABLE,True,missing_value,not_a_text_check,"[""GUDANG-33""]",,[],,[],False,False
IMB,79,0104120f714a324bda6d291fa9544bed3952c462077e2755f61be37084d792f3,588,CODE_POSTAL,,,UNAVAILABLE,True,missing_value,not_a_text_check,"[""GUDANG-33""]",,[],,[],False,False
IMB,79,0104120f714a324bda6d291fa9544bed3952c462077e2755f61be37084d792f3,588,NUMERO_VOIE,,,UNAVAILABLE,True,missing_value,not_a_text_check,"[""GUDANG-33""]",,[],,[],False,False
IMB,79,0104120f714a324bda6d291fa9544bed3952c462077e2755f61be37084d792f3,588,TYPE_VOIE,,,UNAVAILABLE,True,missing_value,not_a_text_check,"[""GUDANG-33""]",,[],,[],False,False
IMB,79,0104120f714a324bda6d291fa9544bed3952c462077e2755f61be37084d792f3,588,TYPE_BATIMENT,,,UNAVAILABLE,True,missing_value,not_a_text_check,"[""GUDANG-33""]",,[],,[],False,False
IMB,79,0104120f714a324bda6d291fa9544bed3952c462077e2755f61be37084d792f3,588,TYPE_CLIENT,,,UNAVAILABLE,True,missing_value,not_a_text_check,"[""GUDANG-33""]",,[],,[],False,False
IMB,79,0104120f714a324bda6d291fa9544bed3952c462077e2755f61be37084d792f3,588,NB_LOC_RES,,,UNAVAILABLE,True,missing_value,not_a_text_check,"[""GUDANG-33""]",,[],,[],False,False
IMB,79,0104120f714a324bda6d291fa9544bed3952c462077e2755f61be37084d792f3,588,NB_LOC_PRO,,,UNAVAILABLE,True,missing_value,not_a_text_check,"[""GUDANG-33""]",,[],,[],False,False
IMB,79,0104120f714a324bda6d291fa9544bed3952c462077e2755f61be37084d792f3,588,NB_LOC_TOT,,,UNAVAILABLE,True,missing_value,not_a_text_check,"[""GUDANG-33""]",,[],,[],False,False
IMB,79,0104120f714a324bda6d291fa9544bed3952c462077e2755f61be37084d792f3,588,RACCORDEMENT,,,UNAVAILABLE,True,missing_value,not_a_text_check,"[""GUDANG-33""]",,[],,[],False,False
IMB,79,0104120f714a324bda6d291fa9544bed3952c462077e2755f61be37084d792f3,588,STATUT,,,UNAVAILABLE,True,missing_value,not_a_text_check,"[""GUDANG-33""]",,[],,[],False,False
IMB,79,0104120f714a324bda6d291fa9544bed3952c462077e2755f61be37084d792f3,588,NB_ETAGE,,,UNAVAILABLE,True,missing_value,not_a_text_check,"[""GUDANG-33""]",,[],,[],False,False
IMB,79,0104120f714a324bda6d291fa9544bed3952c462077e2755f61be37084d792f3,588,COL_MONTANTE,,,UNAVAILABLE,True,missing_value,not_a_text_check,"[""GUDANG-33""]",,[],,[],False,False
IMB,79,0104120f714a324bda6d291fa9544bed3952c462077e2755f61be37084d792f3,588,SOUS_SOL,,,UNAVAILABLE,True,missing_value,not_a_text_check,"[""GUDANG-33""]",,[],,[],False,False
IMB,79,0104120f714a324bda6d291fa9544bed3952c462077e2755f61be37084d792f3,588,SOUS_SOL_COMMUN,,,UNAVAILABLE,True,missing_value,not_a_text_check,"[""GUDANG-33""]",,[],,[],False,False
IMB,79,0104120f714a324bda6d291fa9544bed3952c462077e2755f61be37084d792f3,588,BPE_CODE,,,UNAVAILABLE,True,missing_value,not_a_text_check,"[""GUDANG-33""]",,[],,[],False,False
IMB,79,0104120f714a324bda6d291fa9544bed3952c462077e2755f61be37084d792f3,588,X,12543692.598604474,12543692.598604474,DWG_DERIVED:GEODATA+direct-CRS-transform,False,exact,not_a_text_check,"[""GUDANG-33""]",,[],,[],False,False
IMB,79,0104120f714a324bda6d291fa9544bed3952c462077e2755f61be37084d792f3,588,Y,-821651.2082124308,-821651.2082124308,DWG_DERIVED:GEODATA+direct-CRS-transform,False,exact,not_a_text_check,"[""GUDANG-33""]",,[],,[],False,False
IMB,79,0104120f714a324bda6d291fa9544bed3952c462077e2755f61be37084d792f3,588,display_label,GUDANG-33,GUDANG-33,DWG_DIRECT:text|RULE:AI-IMB-LABEL-001,False,exact,exact,"[""GUDANG-33""]",,[],,[],False,False
IMB,80,1f7e9c2e9aa9208497eb604901280d1dfe7c4bcb39fe4a25c51a51264f0fcb8d,579,CODE,GUDANG-18,GUDANG-18,DWG_DIRECT:text|RULE:AI-IMB-CODE-001,False,exact,exact,"[""GUDANG-18""]",,[],,[],False,False
IMB,80,1f7e9c2e9aa9208497eb604901280d1dfe7c4bcb39fe4a25c51a51264f0fcb8d,579,REF_PLAQUE,,,UNAVAILABLE,True,missing_value,not_a_text_check,"[""GUDANG-18""]",,[],,[],False,False
IMB,80,1f7e9c2e9aa9208497eb604901280d1dfe7c4bcb39fe4a25c51a51264f0fcb8d,579,REGION,,,UNAVAILABLE,True,missing_value,not_a_text_check,"[""GUDANG-18""]",,[],,[],False,False
IMB,80,1f7e9c2e9aa9208497eb604901280d1dfe7c4bcb39fe4a25c51a51264f0fcb8d,579,PROVINCE,,,UNAVAILABLE,True,missing_value,not_a_text_check,"[""GUDANG-18""]",,[],,[],False,False
IMB,80,1f7e9c2e9aa9208497eb604901280d1dfe7c4bcb39fe4a25c51a51264f0fcb8d,579,VILLE,,,UNAVAILABLE,True,missing_value,not_a_text_check,"[""GUDANG-18""]",,[],,[],False,False
IMB,80,1f7e9c2e9aa9208497eb604901280d1dfe7c4bcb39fe4a25c51a51264f0fcb8d,579,COMMUNE,,,UNAVAILABLE,True,missing_value,not_a_text_check,"[""GUDANG-18""]",,[],,[],False,False
IMB,80,1f7e9c2e9aa9208497eb604901280d1dfe7c4bcb39fe4a25c51a51264f0fcb8d,579,CODE_POSTAL,,,UNAVAILABLE,True,missing_value,not_a_text_check,"[""GUDANG-18""]",,[],,[],False,False
IMB,80,1f7e9c2e9aa9208497eb604901280d1dfe7c4bcb39fe4a25c51a51264f0fcb8d,579,NUMERO_VOIE,,,UNAVAILABLE,True,missing_value,not_a_text_check,"[""GUDANG-18""]",,[],,[],False,False
IMB,80,1f7e9c2e9aa9208497eb604901280d1dfe7c4bcb39fe4a25c51a51264f0fcb8d,579,TYPE_VOIE,,,UNAVAILABLE,True,missing_value,not_a_text_check,"[""GUDANG-18""]",,[],,[],False,False
IMB,80,1f7e9c2e9aa9208497eb604901280d1dfe7c4bcb39fe4a25c51a51264f0fcb8d,579,TYPE_BATIMENT,,,UNAVAILABLE,True,missing_value,not_a_text_check,"[""GUDANG-18""]",,[],,[],False,False
IMB,80,1f7e9c2e9aa9208497eb604901280d1dfe7c4bcb39fe4a25c51a51264f0fcb8d,579,TYPE_CLIENT,,,UNAVAILABLE,True,missing_value,not_a_text_check,"[""GUDANG-18""]",,[],,[],False,False
IMB,80,1f7e9c2e9aa9208497eb604901280d1dfe7c4bcb39fe4a25c51a51264f0fcb8d,579,NB_LOC_RES,,,UNAVAILABLE,True,missing_value,not_a_text_check,"[""GUDANG-18""]",,[],,[],False,False
IMB,80,1f7e9c2e9aa9208497eb604901280d1dfe7c4bcb39fe4a25c51a51264f0fcb8d,579,NB_LOC_PRO,,,UNAVAILABLE,True,missing_value,not_a_text_check,"[""GUDANG-18""]",,[],,[],False,False
IMB,80,1f7e9c2e9aa9208497eb604901280d1dfe7c4bcb39fe4a25c51a51264f0fcb8d,579,NB_LOC_TOT,,,UNAVAILABLE,True,missing_value,not_a_text_check,"[""GUDANG-18""]",,[],,[],False,False
IMB,80,1f7e9c2e9aa9208497eb604901280d1dfe7c4bcb39fe4a25c51a51264f0fcb8d,579,RACCORDEMENT,,,UNAVAILABLE,True,missing_value,not_a_text_check,"[""GUDANG-18""]",,[],,[],False,False
IMB,80,1f7e9c2e9aa9208497eb604901280d1dfe7c4bcb39fe4a25c51a51264f0fcb8d,579,STATUT,,,UNAVAILABLE,True,missing_value,not_a_text_check,"[""GUDANG-18""]",,[],,[],False,False
IMB,80,1f7e9c2e9aa9208497eb604901280d1dfe7c4bcb39fe4a25c51a51264f0fcb8d,579,NB_ETAGE,,,UNAVAILABLE,True,missing_value,not_a_text_check,"[""GUDANG-18""]",,[],,[],False,False
IMB,80,1f7e9c2e9aa9208497eb604901280d1dfe7c4bcb39fe4a25c51a51264f0fcb8d,579,COL_MONTANTE,,,UNAVAILABLE,True,missing_value,not_a_text_check,"[""GUDANG-18""]",,[],,[],False,False
IMB,80,1f7e9c2e9aa9208497eb604901280d1dfe7c4bcb39fe4a25c51a51264f0fcb8d,579,SOUS_SOL,,,UNAVAILABLE,True,missing_value,not_a_text_check,"[""GUDANG-18""]",,[],,[],False,False
IMB,80,1f7e9c2e9aa9208497eb604901280d1dfe7c4bcb39fe4a25c51a51264f0fcb8d,579,SOUS_SOL_COMMUN,,,UNAVAILABLE,True,missing_value,not_a_text_check,"[""GUDANG-18""]",,[],,[],False,False
IMB,80,1f7e9c2e9aa9208497eb604901280d1dfe7c4bcb39fe4a25c51a51264f0fcb8d,579,BPE_CODE,,,UNAVAILABLE,True,missing_value,not_a_text_check,"[""GUDANG-18""]",,[],,[],False,False
IMB,80,1f7e9c2e9aa9208497eb604901280d1dfe7c4bcb39fe4a25c51a51264f0fcb8d,579,X,12543853.27453543,12543853.27453543,DWG_DERIVED:GEODATA+direct-CRS-transform,False,exact,not_a_text_check,"[""GUDANG-18""]",,[],,[],False,False
IMB,80,1f7e9c2e9aa9208497eb604901280d1dfe7c4bcb39fe4a25c51a51264f0fcb8d,579,Y,-821808.8931722767,-821808.8931722767,DWG_DERIVED:GEODATA+direct-CRS-transform,False,exact,not_a_text_check,"[""GUDANG-18""]",,[],,[],False,False
IMB,80,1f7e9c2e9aa9208497eb604901280d1dfe7c4bcb39fe4a25c51a51264f0fcb8d,579,display_label,GUDANG-18,GUDANG-18,DWG_DIRECT:text|RULE:AI-IMB-LABEL-001,False,exact,exact,"[""GUDANG-18""]",,[],,[],False,False
IMB,81,d2fe2bb95f3d773f6925f965300c076bd458db17d3a0357eb1754cf28e1e4444,59A,CODE,NN-11,NN-11,DWG_DIRECT:text|RULE:AI-IMB-CODE-001,False,exact,exact,"[""NN-11""]",,[],,[],False,False
IMB,81,d2fe2bb95f3d773f6925f965300c076bd458db17d3a0357eb1754cf28e1e4444,59A,REF_PLAQUE,,,UNAVAILABLE,True,missing_value,not_a_text_check,"[""NN-11""]",,[],,[],False,False
IMB,81,d2fe2bb95f3d773f6925f965300c076bd458db17d3a0357eb1754cf28e1e4444,59A,REGION,,,UNAVAILABLE,True,missing_value,not_a_text_check,"[""NN-11""]",,[],,[],False,False
IMB,81,d2fe2bb95f3d773f6925f965300c076bd458db17d3a0357eb1754cf28e1e4444,59A,PROVINCE,,,UNAVAILABLE,True,missing_value,not_a_text_check,"[""NN-11""]",,[],,[],False,False
IMB,81,d2fe2bb95f3d773f6925f965300c076bd458db17d3a0357eb1754cf28e1e4444,59A,VILLE,,,UNAVAILABLE,True,missing_value,not_a_text_check,"[""NN-11""]",,[],,[],False,False
IMB,81,d2fe2bb95f3d773f6925f965300c076bd458db17d3a0357eb1754cf28e1e4444,59A,COMMUNE,,,UNAVAILABLE,True,missing_value,not_a_text_check,"[""NN-11""]",,[],,[],False,False
IMB,81,d2fe2bb95f3d773f6925f965300c076bd458db17d3a0357eb1754cf28e1e4444,59A,CODE_POSTAL,,,UNAVAILABLE,True,missing_value,not_a_text_check,"[""NN-11""]",,[],,[],False,False
IMB,81,d2fe2bb95f3d773f6925f965300c076bd458db17d3a0357eb1754cf28e1e4444,59A,NUMERO_VOIE,,,UNAVAILABLE,True,missing_value,not_a_text_check,"[""NN-11""]",,[],,[],False,False
IMB,81,d2fe2bb95f3d773f6925f965300c076bd458db17d3a0357eb1754cf28e1e4444,59A,TYPE_VOIE,,,UNAVAILABLE,True,missing_value,not_a_text_check,"[""NN-11""]",,[],,[],False,False
IMB,81,d2fe2bb95f3d773f6925f965300c076bd458db17d3a0357eb1754cf28e1e4444,59A,TYPE_BATIMENT,,,UNAVAILABLE,True,missing_value,not_a_text_check,"[""NN-11""]",,[],,[],False,False
IMB,81,d2fe2bb95f3d773f6925f965300c076bd458db17d3a0357eb1754cf28e1e4444,59A,TYPE_CLIENT,,,UNAVAILABLE,True,missing_value,not_a_text_check,"[""NN-11""]",,[],,[],False,False
IMB,81,d2fe2bb95f3d773f6925f965300c076bd458db17d3a0357eb1754cf28e1e4444,59A,NB_LOC_RES,,,UNAVAILABLE,True,missing_value,not_a_text_check,"[""NN-11""]",,[],,[],False,False
IMB,81,d2fe2bb95f3d773f6925f965300c076bd458db17d3a0357eb1754cf28e1e4444,59A,NB_LOC_PRO,,,UNAVAILABLE,True,missing_value,not_a_text_check,"[""NN-11""]",,[],,[],False,False
IMB,81,d2fe2bb95f3d773f6925f965300c076bd458db17d3a0357eb1754cf28e1e4444,59A,NB_LOC_TOT,,,UNAVAILABLE,True,missing_value,not_a_text_check,"[""NN-11""]",,[],,[],False,False
IMB,81,d2fe2bb95f3d773f6925f965300c076bd458db17d3a0357eb1754cf28e1e4444,59A,RACCORDEMENT,,,UNAVAILABLE,True,missing_value,not_a_text_check,"[""NN-11""]",,[],,[],False,False
IMB,81,d2fe2bb95f3d773f6925f965300c076bd458db17d3a0357eb1754cf28e1e4444,59A,STATUT,,,UNAVAILABLE,True,missing_value,not_a_text_check,"[""NN-11""]",,[],,[],False,False
IMB,81,d2fe2bb95f3d773f6925f965300c076bd458db17d3a0357eb1754cf28e1e4444,59A,NB_ETAGE,,,UNAVAILABLE,True,missing_value,not_a_text_check,"[""NN-11""]",,[],,[],False,False
IMB,81,d2fe2bb95f3d773f6925f965300c076bd458db17d3a0357eb1754cf28e1e4444,59A,COL_MONTANTE,,,UNAVAILABLE,True,missing_value,not_a_text_check,"[""NN-11""]",,[],,[],False,False
IMB,81,d2fe2bb95f3d773f6925f965300c076bd458db17d3a0357eb1754cf28e1e4444,59A,SOUS_SOL,,,UNAVAILABLE,True,missing_value,not_a_text_check,"[""NN-11""]",,[],,[],False,False
IMB,81,d2fe2bb95f3d773f6925f965300c076bd458db17d3a0357eb1754cf28e1e4444,59A,SOUS_SOL_COMMUN,,,UNAVAILABLE,True,missing_value,not_a_text_check,"[""NN-11""]",,[],,[],False,False
IMB,81,d2fe2bb95f3d773f6925f965300c076bd458db17d3a0357eb1754cf28e1e4444,59A,BPE_CODE,,,UNAVAILABLE,True,missing_value,not_a_text_check,"[""NN-11""]",,[],,[],False,False
IMB,81,d2fe2bb95f3d773f6925f965300c076bd458db17d3a0357eb1754cf28e1e4444,59A,X,12543603.819296412,12543603.819296412,DWG_DERIVED:GEODATA+direct-CRS-transform,False,exact,not_a_text_check,"[""NN-11""]",,[],,[],False,False
IMB,81,d2fe2bb95f3d773f6925f965300c076bd458db17d3a0357eb1754cf28e1e4444,59A,Y,-821530.6972512484,-821530.6972512484,DWG_DERIVED:GEODATA+direct-CRS-transform,False,exact,not_a_text_check,"[""NN-11""]",,[],,[],False,False
IMB,81,d2fe2bb95f3d773f6925f965300c076bd458db17d3a0357eb1754cf28e1e4444,59A,display_label,NN-11,NN-11,DWG_DIRECT:text|RULE:AI-IMB-LABEL-001,False,exact,exact,"[""NN-11""]",,[],,[],False,False
IMB,82,fe1dfdc6e805034d52301a785569ded3faeed0c9ce35f9d648cfde1ba4f58b8c,57D,CODE,GUDANG-22,GUDANG-22,DWG_DIRECT:text|RULE:AI-IMB-CODE-001,False,exact,exact,"[""GUDANG-22""]",,[],,[],False,False
IMB,82,fe1dfdc6e805034d52301a785569ded3faeed0c9ce35f9d648cfde1ba4f58b8c,57D,REF_PLAQUE,,,UNAVAILABLE,True,missing_value,not_a_text_check,"[""GUDANG-22""]",,[],,[],False,False
IMB,82,fe1dfdc6e805034d52301a785569ded3faeed0c9ce35f9d648cfde1ba4f58b8c,57D,REGION,,,UNAVAILABLE,True,missing_value,not_a_text_check,"[""GUDANG-22""]",,[],,[],False,False
IMB,82,fe1dfdc6e805034d52301a785569ded3faeed0c9ce35f9d648cfde1ba4f58b8c,57D,PROVINCE,,,UNAVAILABLE,True,missing_value,not_a_text_check,"[""GUDANG-22""]",,[],,[],False,False
IMB,82,fe1dfdc6e805034d52301a785569ded3faeed0c9ce35f9d648cfde1ba4f58b8c,57D,VILLE,,,UNAVAILABLE,True,missing_value,not_a_text_check,"[""GUDANG-22""]",,[],,[],False,False
IMB,82,fe1dfdc6e805034d52301a785569ded3faeed0c9ce35f9d648cfde1ba4f58b8c,57D,COMMUNE,,,UNAVAILABLE,True,missing_value,not_a_text_check,"[""GUDANG-22""]",,[],,[],False,False
IMB,82,fe1dfdc6e805034d52301a785569ded3faeed0c9ce35f9d648cfde1ba4f58b8c,57D,CODE_POSTAL,,,UNAVAILABLE,True,missing_value,not_a_text_check,"[""GUDANG-22""]",,[],,[],False,False
IMB,82,fe1dfdc6e805034d52301a785569ded3faeed0c9ce35f9d648cfde1ba4f58b8c,57D,NUMERO_VOIE,,,UNAVAILABLE,True,missing_value,not_a_text_check,"[""GUDANG-22""]",,[],,[],False,False
IMB,82,fe1dfdc6e805034d52301a785569ded3faeed0c9ce35f9d648cfde1ba4f58b8c,57D,TYPE_VOIE,,,UNAVAILABLE,True,missing_value,not_a_text_check,"[""GUDANG-22""]",,[],,[],False,False
IMB,82,fe1dfdc6e805034d52301a785569ded3faeed0c9ce35f9d648cfde1ba4f58b8c,57D,TYPE_BATIMENT,,,UNAVAILABLE,True,missing_value,not_a_text_check,"[""GUDANG-22""]",,[],,[],False,False
IMB,82,fe1dfdc6e805034d52301a785569ded3faeed0c9ce35f9d648cfde1ba4f58b8c,57D,TYPE_CLIENT,,,UNAVAILABLE,True,missing_value,not_a_text_check,"[""GUDANG-22""]",,[],,[],False,False
IMB,82,fe1dfdc6e805034d52301a785569ded3faeed0c9ce35f9d648cfde1ba4f58b8c,57D,NB_LOC_RES,,,UNAVAILABLE,True,missing_value,not_a_text_check,"[""GUDANG-22""]",,[],,[],False,False
IMB,82,fe1dfdc6e805034d52301a785569ded3faeed0c9ce35f9d648cfde1ba4f58b8c,57D,NB_LOC_PRO,,,UNAVAILABLE,True,missing_value,not_a_text_check,"[""GUDANG-22""]",,[],,[],False,False
IMB,82,fe1dfdc6e805034d52301a785569ded3faeed0c9ce35f9d648cfde1ba4f58b8c,57D,NB_LOC_TOT,,,UNAVAILABLE,True,missing_value,not_a_text_check,"[""GUDANG-22""]",,[],,[],False,False
IMB,82,fe1dfdc6e805034d52301a785569ded3faeed0c9ce35f9d648cfde1ba4f58b8c,57D,RACCORDEMENT,,,UNAVAILABLE,True,missing_value,not_a_text_check,"[""GUDANG-22""]",,[],,[],False,False
IMB,82,fe1dfdc6e805034d52301a785569ded3faeed0c9ce35f9d648cfde1ba4f58b8c,57D,STATUT,,,UNAVAILABLE,True,missing_value,not_a_text_check,"[""GUDANG-22""]",,[],,[],False,False
IMB,82,fe1dfdc6e805034d52301a785569ded3faeed0c9ce35f9d648cfde1ba4f58b8c,57D,NB_ETAGE,,,UNAVAILABLE,True,missing_value,not_a_text_check,"[""GUDANG-22""]",,[],,[],False,False
IMB,82,fe1dfdc6e805034d52301a785569ded3faeed0c9ce35f9d648cfde1ba4f58b8c,57D,COL_MONTANTE,,,UNAVAILABLE,True,missing_value,not_a_text_check,"[""GUDANG-22""]",,[],,[],False,False
IMB,82,fe1dfdc6e805034d52301a785569ded3faeed0c9ce35f9d648cfde1ba4f58b8c,57D,SOUS_SOL,,,UNAVAILABLE,True,missing_value,not_a_text_check,"[""GUDANG-22""]",,[],,[],False,False
IMB,82,fe1dfdc6e805034d52301a785569ded3faeed0c9ce35f9d648cfde1ba4f58b8c,57D,SOUS_SOL_COMMUN,,,UNAVAILABLE,True,missing_value,not_a_text_check,"[""GUDANG-22""]",,[],,[],False,False
IMB,82,fe1dfdc6e805034d52301a785569ded3faeed0c9ce35f9d648cfde1ba4f58b8c,57D,BPE_CODE,,,UNAVAILABLE,True,missing_value,not_a_text_check,"[""GUDANG-22""]",,[],,[],False,False
IMB,82,fe1dfdc6e805034d52301a785569ded3faeed0c9ce35f9d648cfde1ba4f58b8c,57D,X,12543875.722764395,12543875.722764395,DWG_DERIVED:GEODATA+direct-CRS-transform,False,exact,not_a_text_check,"[""GUDANG-22""]",,[],,[],False,False
IMB,82,fe1dfdc6e805034d52301a785569ded3faeed0c9ce35f9d648cfde1ba4f58b8c,57D,Y,-821697.1985042645,-821697.1985042645,DWG_DERIVED:GEODATA+direct-CRS-transform,False,exact,not_a_text_check,"[""GUDANG-22""]",,[],,[],False,False
IMB,82,fe1dfdc6e805034d52301a785569ded3faeed0c9ce35f9d648cfde1ba4f58b8c,57D,display_label,GUDANG-22,GUDANG-22,DWG_DIRECT:text|RULE:AI-IMB-LABEL-001,False,exact,exact,"[""GUDANG-22""]",,[],,[],False,False
IMB,83,f8006ce642200f33f39a272fdabc562682b7b3d2d630fd6d5d3389126f8b6e98,5BA,CODE,NN-43,NN-43,DWG_DIRECT:text|RULE:AI-IMB-CODE-001,False,exact,exact,"[""NN-43""]",,[],,[],False,False
IMB,83,f8006ce642200f33f39a272fdabc562682b7b3d2d630fd6d5d3389126f8b6e98,5BA,REF_PLAQUE,,,UNAVAILABLE,True,missing_value,not_a_text_check,"[""NN-43""]",,[],,[],False,False
IMB,83,f8006ce642200f33f39a272fdabc562682b7b3d2d630fd6d5d3389126f8b6e98,5BA,REGION,,,UNAVAILABLE,True,missing_value,not_a_text_check,"[""NN-43""]",,[],,[],False,False
IMB,83,f8006ce642200f33f39a272fdabc562682b7b3d2d630fd6d5d3389126f8b6e98,5BA,PROVINCE,,,UNAVAILABLE,True,missing_value,not_a_text_check,"[""NN-43""]",,[],,[],False,False
IMB,83,f8006ce642200f33f39a272fdabc562682b7b3d2d630fd6d5d3389126f8b6e98,5BA,VILLE,,,UNAVAILABLE,True,missing_value,not_a_text_check,"[""NN-43""]",,[],,[],False,False
IMB,83,f8006ce642200f33f39a272fdabc562682b7b3d2d630fd6d5d3389126f8b6e98,5BA,COMMUNE,,,UNAVAILABLE,True,missing_value,not_a_text_check,"[""NN-43""]",,[],,[],False,False
IMB,83,f8006ce642200f33f39a272fdabc562682b7b3d2d630fd6d5d3389126f8b6e98,5BA,CODE_POSTAL,,,UNAVAILABLE,True,missing_value,not_a_text_check,"[""NN-43""]",,[],,[],False,False
IMB,83,f8006ce642200f33f39a272fdabc562682b7b3d2d630fd6d5d3389126f8b6e98,5BA,NUMERO_VOIE,,,UNAVAILABLE,True,missing_value,not_a_text_check,"[""NN-43""]",,[],,[],False,False
IMB,83,f8006ce642200f33f39a272fdabc562682b7b3d2d630fd6d5d3389126f8b6e98,5BA,TYPE_VOIE,,,UNAVAILABLE,True,missing_value,not_a_text_check,"[""NN-43""]",,[],,[],False,False
IMB,83,f8006ce642200f33f39a272fdabc562682b7b3d2d630fd6d5d3389126f8b6e98,5BA,TYPE_BATIMENT,,,UNAVAILABLE,True,missing_value,not_a_text_check,"[""NN-43""]",,[],,[],False,False
IMB,83,f8006ce642200f33f39a272fdabc562682b7b3d2d630fd6d5d3389126f8b6e98,5BA,TYPE_CLIENT,,,UNAVAILABLE,True,missing_value,not_a_text_check,"[""NN-43""]",,[],,[],False,False
IMB,83,f8006ce642200f33f39a272fdabc562682b7b3d2d630fd6d5d3389126f8b6e98,5BA,NB_LOC_RES,,,UNAVAILABLE,True,missing_value,not_a_text_check,"[""NN-43""]",,[],,[],False,False
IMB,83,f8006ce642200f33f39a272fdabc562682b7b3d2d630fd6d5d3389126f8b6e98,5BA,NB_LOC_PRO,,,UNAVAILABLE,True,missing_value,not_a_text_check,"[""NN-43""]",,[],,[],False,False
IMB,83,f8006ce642200f33f39a272fdabc562682b7b3d2d630fd6d5d3389126f8b6e98,5BA,NB_LOC_TOT,,,UNAVAILABLE,True,missing_value,not_a_text_check,"[""NN-43""]",,[],,[],False,False
IMB,83,f8006ce642200f33f39a272fdabc562682b7b3d2d630fd6d5d3389126f8b6e98,5BA,RACCORDEMENT,,,UNAVAILABLE,True,missing_value,not_a_text_check,"[""NN-43""]",,[],,[],False,False
IMB,83,f8006ce642200f33f39a272fdabc562682b7b3d2d630fd6d5d3389126f8b6e98,5BA,STATUT,,,UNAVAILABLE,True,missing_value,not_a_text_check,"[""NN-43""]",,[],,[],False,False
IMB,83,f8006ce642200f33f39a272fdabc562682b7b3d2d630fd6d5d3389126f8b6e98,5BA,NB_ETAGE,,,UNAVAILABLE,True,missing_value,not_a_text_check,"[""NN-43""]",,[],,[],False,False
IMB,83,f8006ce642200f33f39a272fdabc562682b7b3d2d630fd6d5d3389126f8b6e98,5BA,COL_MONTANTE,,,UNAVAILABLE,True,missing_value,not_a_text_check,"[""NN-43""]",,[],,[],False,False
IMB,83,f8006ce642200f33f39a272fdabc562682b7b3d2d630fd6d5d3389126f8b6e98,5BA,SOUS_SOL,,,UNAVAILABLE,True,missing_value,not_a_text_check,"[""NN-43""]",,[],,[],False,False
IMB,83,f8006ce642200f33f39a272fdabc562682b7b3d2d630fd6d5d3389126f8b6e98,5BA,SOUS_SOL_COMMUN,,,UNAVAILABLE,True,missing_value,not_a_text_check,"[""NN-43""]",,[],,[],False,False
IMB,83,f8006ce642200f33f39a272fdabc562682b7b3d2d630fd6d5d3389126f8b6e98,5BA,BPE_CODE,,,UNAVAILABLE,True,missing_value,not_a_text_check,"[""NN-43""]",,[],,[],False,False
IMB,83,f8006ce642200f33f39a272fdabc562682b7b3d2d630fd6d5d3389126f8b6e98,5BA,X,12543603.04056502,12543603.04056502,DWG_DERIVED:GEODATA+direct-CRS-transform,False,exact,not_a_text_check,"[""NN-43""]",,[],,[],False,False
IMB,83,f8006ce642200f33f39a272fdabc562682b7b3d2d630fd6d5d3389126f8b6e98,5BA,Y,-821604.083922153,-821604.083922153,DWG_DERIVED:GEODATA+direct-CRS-transform,False,exact,not_a_text_check,"[""NN-43""]",,[],,[],False,False
IMB,83,f8006ce642200f33f39a272fdabc562682b7b3d2d630fd6d5d3389126f8b6e98,5BA,display_label,NN-43,NN-43,DWG_DIRECT:text|RULE:AI-IMB-LABEL-001,False,exact,exact,"[""NN-43""]",,[],,[],False,False
IMB,84,1b86facccd1fcc0216e8b5747b5fcb0e7814471021f1dea0e22c06f23c86621d,5DC,CODE,NN-74,NN-74,DWG_DIRECT:text|RULE:AI-IMB-CODE-001,False,exact,exact,"[""NN-74""]",,[],,[],False,False
IMB,84,1b86facccd1fcc0216e8b5747b5fcb0e7814471021f1dea0e22c06f23c86621d,5DC,REF_PLAQUE,,,UNAVAILABLE,True,missing_value,not_a_text_check,"[""NN-74""]",,[],,[],False,False
IMB,84,1b86facccd1fcc0216e8b5747b5fcb0e7814471021f1dea0e22c06f23c86621d,5DC,REGION,,,UNAVAILABLE,True,missing_value,not_a_text_check,"[""NN-74""]",,[],,[],False,False
IMB,84,1b86facccd1fcc0216e8b5747b5fcb0e7814471021f1dea0e22c06f23c86621d,5DC,PROVINCE,,,UNAVAILABLE,True,missing_value,not_a_text_check,"[""NN-74""]",,[],,[],False,False
IMB,84,1b86facccd1fcc0216e8b5747b5fcb0e7814471021f1dea0e22c06f23c86621d,5DC,VILLE,,,UNAVAILABLE,True,missing_value,not_a_text_check,"[""NN-74""]",,[],,[],False,False
IMB,84,1b86facccd1fcc0216e8b5747b5fcb0e7814471021f1dea0e22c06f23c86621d,5DC,COMMUNE,,,UNAVAILABLE,True,missing_value,not_a_text_check,"[""NN-74""]",,[],,[],False,False
IMB,84,1b86facccd1fcc0216e8b5747b5fcb0e7814471021f1dea0e22c06f23c86621d,5DC,CODE_POSTAL,,,UNAVAILABLE,True,missing_value,not_a_text_check,"[""NN-74""]",,[],,[],False,False
IMB,84,1b86facccd1fcc0216e8b5747b5fcb0e7814471021f1dea0e22c06f23c86621d,5DC,NUMERO_VOIE,,,UNAVAILABLE,True,missing_value,not_a_text_check,"[""NN-74""]",,[],,[],False,False
IMB,84,1b86facccd1fcc0216e8b5747b5fcb0e7814471021f1dea0e22c06f23c86621d,5DC,TYPE_VOIE,,,UNAVAILABLE,True,missing_value,not_a_text_check,"[""NN-74""]",,[],,[],False,False
IMB,84,1b86facccd1fcc0216e8b5747b5fcb0e7814471021f1dea0e22c06f23c86621d,5DC,TYPE_BATIMENT,,,UNAVAILABLE,True,missing_value,not_a_text_check,"[""NN-74""]",,[],,[],False,False
IMB,84,1b86facccd1fcc0216e8b5747b5fcb0e7814471021f1dea0e22c06f23c86621d,5DC,TYPE_CLIENT,,,UNAVAILABLE,True,missing_value,not_a_text_check,"[""NN-74""]",,[],,[],False,False
IMB,84,1b86facccd1fcc0216e8b5747b5fcb0e7814471021f1dea0e22c06f23c86621d,5DC,NB_LOC_RES,,,UNAVAILABLE,True,missing_value,not_a_text_check,"[""NN-74""]",,[],,[],False,False
IMB,84,1b86facccd1fcc0216e8b5747b5fcb0e7814471021f1dea0e22c06f23c86621d,5DC,NB_LOC_PRO,,,UNAVAILABLE,True,missing_value,not_a_text_check,"[""NN-74""]",,[],,[],False,False
IMB,84,1b86facccd1fcc0216e8b5747b5fcb0e7814471021f1dea0e22c06f23c86621d,5DC,NB_LOC_TOT,,,UNAVAILABLE,True,missing_value,not_a_text_check,"[""NN-74""]",,[],,[],False,False
IMB,84,1b86facccd1fcc0216e8b5747b5fcb0e7814471021f1dea0e22c06f23c86621d,5DC,RACCORDEMENT,,,UNAVAILABLE,True,missing_value,not_a_text_check,"[""NN-74""]",,[],,[],False,False
IMB,84,1b86facccd1fcc0216e8b5747b5fcb0e7814471021f1dea0e22c06f23c86621d,5DC,STATUT,,,UNAVAILABLE,True,missing_value,not_a_text_check,"[""NN-74""]",,[],,[],False,False
IMB,84,1b86facccd1fcc0216e8b5747b5fcb0e7814471021f1dea0e22c06f23c86621d,5DC,NB_ETAGE,,,UNAVAILABLE,True,missing_value,not_a_text_check,"[""NN-74""]",,[],,[],False,False
IMB,84,1b86facccd1fcc0216e8b5747b5fcb0e7814471021f1dea0e22c06f23c86621d,5DC,COL_MONTANTE,,,UNAVAILABLE,True,missing_value,not_a_text_check,"[""NN-74""]",,[],,[],False,False
IMB,84,1b86facccd1fcc0216e8b5747b5fcb0e7814471021f1dea0e22c06f23c86621d,5DC,SOUS_SOL,,,UNAVAILABLE,True,missing_value,not_a_text_check,"[""NN-74""]",,[],,[],False,False
IMB,84,1b86facccd1fcc0216e8b5747b5fcb0e7814471021f1dea0e22c06f23c86621d,5DC,SOUS_SOL_COMMUN,,,UNAVAILABLE,True,missing_value,not_a_text_check,"[""NN-74""]",,[],,[],False,False
IMB,84,1b86facccd1fcc0216e8b5747b5fcb0e7814471021f1dea0e22c06f23c86621d,5DC,BPE_CODE,,,UNAVAILABLE,True,missing_value,not_a_text_check,"[""NN-74""]",,[],,[],False,False
IMB,84,1b86facccd1fcc0216e8b5747b5fcb0e7814471021f1dea0e22c06f23c86621d,5DC,X,12543713.502503203,12543713.502503203,DWG_DERIVED:GEODATA+direct-CRS-transform,False,exact,not_a_text_check,"[""NN-74""]",,[],,[],False,False
IMB,84,1b86facccd1fcc0216e8b5747b5fcb0e7814471021f1dea0e22c06f23c86621d,5DC,Y,-821501.7237828751,-821501.7237828751,DWG_DERIVED:GEODATA+direct-CRS-transform,False,exact,not_a_text_check,"[""NN-74""]",,[],,[],False,False
IMB,84,1b86facccd1fcc0216e8b5747b5fcb0e7814471021f1dea0e22c06f23c86621d,5DC,display_label,NN-74,NN-74,DWG_DIRECT:text|RULE:AI-IMB-LABEL-001,False,exact,exact,"[""NN-74""]",,[],,[],False,False
IMB,85,1eff0a4c931b3033b64130a9fbc50dbf07ddcaad86d58c6c3a166ab0360b583d,5B6,CODE,NN-39,NN-39,DWG_DIRECT:text|RULE:AI-IMB-CODE-001,False,exact,exact,"[""NN-39""]",,[],,[],False,False
IMB,85,1eff0a4c931b3033b64130a9fbc50dbf07ddcaad86d58c6c3a166ab0360b583d,5B6,REF_PLAQUE,,,UNAVAILABLE,True,missing_value,not_a_text_check,"[""NN-39""]",,[],,[],False,False
IMB,85,1eff0a4c931b3033b64130a9fbc50dbf07ddcaad86d58c6c3a166ab0360b583d,5B6,REGION,,,UNAVAILABLE,True,missing_value,not_a_text_check,"[""NN-39""]",,[],,[],False,False
IMB,85,1eff0a4c931b3033b64130a9fbc50dbf07ddcaad86d58c6c3a166ab0360b583d,5B6,PROVINCE,,,UNAVAILABLE,True,missing_value,not_a_text_check,"[""NN-39""]",,[],,[],False,False
IMB,85,1eff0a4c931b3033b64130a9fbc50dbf07ddcaad86d58c6c3a166ab0360b583d,5B6,VILLE,,,UNAVAILABLE,True,missing_value,not_a_text_check,"[""NN-39""]",,[],,[],False,False
IMB,85,1eff0a4c931b3033b64130a9fbc50dbf07ddcaad86d58c6c3a166ab0360b583d,5B6,COMMUNE,,,UNAVAILABLE,True,missing_value,not_a_text_check,"[""NN-39""]",,[],,[],False,False
IMB,85,1eff0a4c931b3033b64130a9fbc50dbf07ddcaad86d58c6c3a166ab0360b583d,5B6,CODE_POSTAL,,,UNAVAILABLE,True,missing_value,not_a_text_check,"[""NN-39""]",,[],,[],False,False
IMB,85,1eff0a4c931b3033b64130a9fbc50dbf07ddcaad86d58c6c3a166ab0360b583d,5B6,NUMERO_VOIE,,,UNAVAILABLE,True,missing_value,not_a_text_check,"[""NN-39""]",,[],,[],False,False
IMB,85,1eff0a4c931b3033b64130a9fbc50dbf07ddcaad86d58c6c3a166ab0360b583d,5B6,TYPE_VOIE,,,UNAVAILABLE,True,missing_value,not_a_text_check,"[""NN-39""]",,[],,[],False,False
IMB,85,1eff0a4c931b3033b64130a9fbc50dbf07ddcaad86d58c6c3a166ab0360b583d,5B6,TYPE_BATIMENT,,,UNAVAILABLE,True,missing_value,not_a_text_check,"[""NN-39""]",,[],,[],False,False
IMB,85,1eff0a4c931b3033b64130a9fbc50dbf07ddcaad86d58c6c3a166ab0360b583d,5B6,TYPE_CLIENT,,,UNAVAILABLE,True,missing_value,not_a_text_check,"[""NN-39""]",,[],,[],False,False
IMB,85,1eff0a4c931b3033b64130a9fbc50dbf07ddcaad86d58c6c3a166ab0360b583d,5B6,NB_LOC_RES,,,UNAVAILABLE,True,missing_value,not_a_text_check,"[""NN-39""]",,[],,[],False,False
IMB,85,1eff0a4c931b3033b64130a9fbc50dbf07ddcaad86d58c6c3a166ab0360b583d,5B6,NB_LOC_PRO,,,UNAVAILABLE,True,missing_value,not_a_text_check,"[""NN-39""]",,[],,[],False,False
IMB,85,1eff0a4c931b3033b64130a9fbc50dbf07ddcaad86d58c6c3a166ab0360b583d,5B6,NB_LOC_TOT,,,UNAVAILABLE,True,missing_value,not_a_text_check,"[""NN-39""]",,[],,[],False,False
IMB,85,1eff0a4c931b3033b64130a9fbc50dbf07ddcaad86d58c6c3a166ab0360b583d,5B6,RACCORDEMENT,,,UNAVAILABLE,True,missing_value,not_a_text_check,"[""NN-39""]",,[],,[],False,False
IMB,85,1eff0a4c931b3033b64130a9fbc50dbf07ddcaad86d58c6c3a166ab0360b583d,5B6,STATUT,,,UNAVAILABLE,True,missing_value,not_a_text_check,"[""NN-39""]",,[],,[],False,False
IMB,85,1eff0a4c931b3033b64130a9fbc50dbf07ddcaad86d58c6c3a166ab0360b583d,5B6,NB_ETAGE,,,UNAVAILABLE,True,missing_value,not_a_text_check,"[""NN-39""]",,[],,[],False,False
IMB,85,1eff0a4c931b3033b64130a9fbc50dbf07ddcaad86d58c6c3a166ab0360b583d,5B6,COL_MONTANTE,,,UNAVAILABLE,True,missing_value,not_a_text_check,"[""NN-39""]",,[],,[],False,False
IMB,85,1eff0a4c931b3033b64130a9fbc50dbf07ddcaad86d58c6c3a166ab0360b583d,5B6,SOUS_SOL,,,UNAVAILABLE,True,missing_value,not_a_text_check,"[""NN-39""]",,[],,[],False,False
IMB,85,1eff0a4c931b3033b64130a9fbc50dbf07ddcaad86d58c6c3a166ab0360b583d,5B6,SOUS_SOL_COMMUN,,,UNAVAILABLE,True,missing_value,not_a_text_check,"[""NN-39""]",,[],,[],False,False
IMB,85,1eff0a4c931b3033b64130a9fbc50dbf07ddcaad86d58c6c3a166ab0360b583d,5B6,BPE_CODE,,,UNAVAILABLE,True,missing_value,not_a_text_check,"[""NN-39""]",,[],,[],False,False
IMB,85,1eff0a4c931b3033b64130a9fbc50dbf07ddcaad86d58c6c3a166ab0360b583d,5B6,X,12543787.996981647,12543787.996981647,DWG_DERIVED:GEODATA+direct-CRS-transform,False,exact,not_a_text_check,"[""NN-39""]",,[],,[],False,False
IMB,85,1eff0a4c931b3033b64130a9fbc50dbf07ddcaad86d58c6c3a166ab0360b583d,5B6,Y,-821516.9603764222,-821516.9603764222,DWG_DERIVED:GEODATA+direct-CRS-transform,False,exact,not_a_text_check,"[""NN-39""]",,[],,[],False,False
IMB,85,1eff0a4c931b3033b64130a9fbc50dbf07ddcaad86d58c6c3a166ab0360b583d,5B6,display_label,NN-39,NN-39,DWG_DIRECT:text|RULE:AI-IMB-LABEL-001,False,exact,exact,"[""NN-39""]",,[],,[],False,False
IMB,86,4afe671fa09e0e1936e9b44050c60a8e7e817015ba8660a9a58c5e8bb1501a9b,597,CODE,NN-8,NN-8,DWG_DIRECT:text|RULE:AI-IMB-CODE-001,False,exact,exact,"[""NN-8""]",,[],,[],False,False
IMB,86,4afe671fa09e0e1936e9b44050c60a8e7e817015ba8660a9a58c5e8bb1501a9b,597,REF_PLAQUE,,,UNAVAILABLE,True,missing_value,not_a_text_check,"[""NN-8""]",,[],,[],False,False
IMB,86,4afe671fa09e0e1936e9b44050c60a8e7e817015ba8660a9a58c5e8bb1501a9b,597,REGION,,,UNAVAILABLE,True,missing_value,not_a_text_check,"[""NN-8""]",,[],,[],False,False
IMB,86,4afe671fa09e0e1936e9b44050c60a8e7e817015ba8660a9a58c5e8bb1501a9b,597,PROVINCE,,,UNAVAILABLE,True,missing_value,not_a_text_check,"[""NN-8""]",,[],,[],False,False
IMB,86,4afe671fa09e0e1936e9b44050c60a8e7e817015ba8660a9a58c5e8bb1501a9b,597,VILLE,,,UNAVAILABLE,True,missing_value,not_a_text_check,"[""NN-8""]",,[],,[],False,False
IMB,86,4afe671fa09e0e1936e9b44050c60a8e7e817015ba8660a9a58c5e8bb1501a9b,597,COMMUNE,,,UNAVAILABLE,True,missing_value,not_a_text_check,"[""NN-8""]",,[],,[],False,False
IMB,86,4afe671fa09e0e1936e9b44050c60a8e7e817015ba8660a9a58c5e8bb1501a9b,597,CODE_POSTAL,,,UNAVAILABLE,True,missing_value,not_a_text_check,"[""NN-8""]",,[],,[],False,False
IMB,86,4afe671fa09e0e1936e9b44050c60a8e7e817015ba8660a9a58c5e8bb1501a9b,597,NUMERO_VOIE,,,UNAVAILABLE,True,missing_value,not_a_text_check,"[""NN-8""]",,[],,[],False,False
IMB,86,4afe671fa09e0e1936e9b44050c60a8e7e817015ba8660a9a58c5e8bb1501a9b,597,TYPE_VOIE,,,UNAVAILABLE,True,missing_value,not_a_text_check,"[""NN-8""]",,[],,[],False,False
IMB,86,4afe671fa09e0e1936e9b44050c60a8e7e817015ba8660a9a58c5e8bb1501a9b,597,TYPE_BATIMENT,,,UNAVAILABLE,True,missing_value,not_a_text_check,"[""NN-8""]",,[],,[],False,False
IMB,86,4afe671fa09e0e1936e9b44050c60a8e7e817015ba8660a9a58c5e8bb1501a9b,597,TYPE_CLIENT,,,UNAVAILABLE,True,missing_value,not_a_text_check,"[""NN-8""]",,[],,[],False,False
IMB,86,4afe671fa09e0e1936e9b44050c60a8e7e817015ba8660a9a58c5e8bb1501a9b,597,NB_LOC_RES,,,UNAVAILABLE,True,missing_value,not_a_text_check,"[""NN-8""]",,[],,[],False,False
IMB,86,4afe671fa09e0e1936e9b44050c60a8e7e817015ba8660a9a58c5e8bb1501a9b,597,NB_LOC_PRO,,,UNAVAILABLE,True,missing_value,not_a_text_check,"[""NN-8""]",,[],,[],False,False
IMB,86,4afe671fa09e0e1936e9b44050c60a8e7e817015ba8660a9a58c5e8bb1501a9b,597,NB_LOC_TOT,,,UNAVAILABLE,True,missing_value,not_a_text_check,"[""NN-8""]",,[],,[],False,False
IMB,86,4afe671fa09e0e1936e9b44050c60a8e7e817015ba8660a9a58c5e8bb1501a9b,597,RACCORDEMENT,,,UNAVAILABLE,True,missing_value,not_a_text_check,"[""NN-8""]",,[],,[],False,False
IMB,86,4afe671fa09e0e1936e9b44050c60a8e7e817015ba8660a9a58c5e8bb1501a9b,597,STATUT,,,UNAVAILABLE,True,missing_value,not_a_text_check,"[""NN-8""]",,[],,[],False,False
IMB,86,4afe671fa09e0e1936e9b44050c60a8e7e817015ba8660a9a58c5e8bb1501a9b,597,NB_ETAGE,,,UNAVAILABLE,True,missing_value,not_a_text_check,"[""NN-8""]",,[],,[],False,False
IMB,86,4afe671fa09e0e1936e9b44050c60a8e7e817015ba8660a9a58c5e8bb1501a9b,597,COL_MONTANTE,,,UNAVAILABLE,True,missing_value,not_a_text_check,"[""NN-8""]",,[],,[],False,False
IMB,86,4afe671fa09e0e1936e9b44050c60a8e7e817015ba8660a9a58c5e8bb1501a9b,597,SOUS_SOL,,,UNAVAILABLE,True,missing_value,not_a_text_check,"[""NN-8""]",,[],,[],False,False
IMB,86,4afe671fa09e0e1936e9b44050c60a8e7e817015ba8660a9a58c5e8bb1501a9b,597,SOUS_SOL_COMMUN,,,UNAVAILABLE,True,missing_value,not_a_text_check,"[""NN-8""]",,[],,[],False,False
IMB,86,4afe671fa09e0e1936e9b44050c60a8e7e817015ba8660a9a58c5e8bb1501a9b,597,BPE_CODE,,,UNAVAILABLE,True,missing_value,not_a_text_check,"[""NN-8""]",,[],,[],False,False
IMB,86,4afe671fa09e0e1936e9b44050c60a8e7e817015ba8660a9a58c5e8bb1501a9b,597,X,12543602.499930412,12543602.499930412,DWG_DERIVED:GEODATA+direct-CRS-transform,False,exact,not_a_text_check,"[""NN-8""]",,[],,[],False,False
IMB,86,4afe671fa09e0e1936e9b44050c60a8e7e817015ba8660a9a58c5e8bb1501a9b,597,Y,-821547.7813238951,-821547.7813238951,DWG_DERIVED:GEODATA+direct-CRS-transform,False,exact,not_a_text_check,"[""NN-8""]",,[],,[],False,False
IMB,86,4afe671fa09e0e1936e9b44050c60a8e7e817015ba8660a9a58c5e8bb1501a9b,597,display_label,NN-8,NN-8,DWG_DIRECT:text|RULE:AI-IMB-LABEL-001,False,exact,exact,"[""NN-8""]",,[],,[],False,False
IMB,87,b1fcfdfe6d0e1646519438ed980b77ea24bef5868d831221c1a34a21c2003353,57F,CODE,GUDANG-24,GUDANG-24,DWG_DIRECT:text|RULE:AI-IMB-CODE-001,False,exact,exact,"[""GUDANG-24""]",,[],,[],False,False
IMB,87,b1fcfdfe6d0e1646519438ed980b77ea24bef5868d831221c1a34a21c2003353,57F,REF_PLAQUE,,,UNAVAILABLE,True,missing_value,not_a_text_check,"[""GUDANG-24""]",,[],,[],False,False
IMB,87,b1fcfdfe6d0e1646519438ed980b77ea24bef5868d831221c1a34a21c2003353,57F,REGION,,,UNAVAILABLE,True,missing_value,not_a_text_check,"[""GUDANG-24""]",,[],,[],False,False
IMB,87,b1fcfdfe6d0e1646519438ed980b77ea24bef5868d831221c1a34a21c2003353,57F,PROVINCE,,,UNAVAILABLE,True,missing_value,not_a_text_check,"[""GUDANG-24""]",,[],,[],False,False
IMB,87,b1fcfdfe6d0e1646519438ed980b77ea24bef5868d831221c1a34a21c2003353,57F,VILLE,,,UNAVAILABLE,True,missing_value,not_a_text_check,"[""GUDANG-24""]",,[],,[],False,False
IMB,87,b1fcfdfe6d0e1646519438ed980b77ea24bef5868d831221c1a34a21c2003353,57F,COMMUNE,,,UNAVAILABLE,True,missing_value,not_a_text_check,"[""GUDANG-24""]",,[],,[],False,False
IMB,87,b1fcfdfe6d0e1646519438ed980b77ea24bef5868d831221c1a34a21c2003353,57F,CODE_POSTAL,,,UNAVAILABLE,True,missing_value,not_a_text_check,"[""GUDANG-24""]",,[],,[],False,False
IMB,87,b1fcfdfe6d0e1646519438ed980b77ea24bef5868d831221c1a34a21c2003353,57F,NUMERO_VOIE,,,UNAVAILABLE,True,missing_value,not_a_text_check,"[""GUDANG-24""]",,[],,[],False,False
IMB,87,b1fcfdfe6d0e1646519438ed980b77ea24bef5868d831221c1a34a21c2003353,57F,TYPE_VOIE,,,UNAVAILABLE,True,missing_value,not_a_text_check,"[""GUDANG-24""]",,[],,[],False,False
IMB,87,b1fcfdfe6d0e1646519438ed980b77ea24bef5868d831221c1a34a21c2003353,57F,TYPE_BATIMENT,,,UNAVAILABLE,True,missing_value,not_a_text_check,"[""GUDANG-24""]",,[],,[],False,False
IMB,87,b1fcfdfe6d0e1646519438ed980b77ea24bef5868d831221c1a34a21c2003353,57F,TYPE_CLIENT,,,UNAVAILABLE,True,missing_value,not_a_text_check,"[""GUDANG-24""]",,[],,[],False,False
IMB,87,b1fcfdfe6d0e1646519438ed980b77ea24bef5868d831221c1a34a21c2003353,57F,NB_LOC_RES,,,UNAVAILABLE,True,missing_value,not_a_text_check,"[""GUDANG-24""]",,[],,[],False,False
IMB,87,b1fcfdfe6d0e1646519438ed980b77ea24bef5868d831221c1a34a21c2003353,57F,NB_LOC_PRO,,,UNAVAILABLE,True,missing_value,not_a_text_check,"[""GUDANG-24""]",,[],,[],False,False
IMB,87,b1fcfdfe6d0e1646519438ed980b77ea24bef5868d831221c1a34a21c2003353,57F,NB_LOC_TOT,,,UNAVAILABLE,True,missing_value,not_a_text_check,"[""GUDANG-24""]",,[],,[],False,False
IMB,87,b1fcfdfe6d0e1646519438ed980b77ea24bef5868d831221c1a34a21c2003353,57F,RACCORDEMENT,,,UNAVAILABLE,True,missing_value,not_a_text_check,"[""GUDANG-24""]",,[],,[],False,False
IMB,87,b1fcfdfe6d0e1646519438ed980b77ea24bef5868d831221c1a34a21c2003353,57F,STATUT,,,UNAVAILABLE,True,missing_value,not_a_text_check,"[""GUDANG-24""]",,[],,[],False,False
IMB,87,b1fcfdfe6d0e1646519438ed980b77ea24bef5868d831221c1a34a21c2003353,57F,NB_ETAGE,,,UNAVAILABLE,True,missing_value,not_a_text_check,"[""GUDANG-24""]",,[],,[],False,False
IMB,87,b1fcfdfe6d0e1646519438ed980b77ea24bef5868d831221c1a34a21c2003353,57F,COL_MONTANTE,,,UNAVAILABLE,True,missing_value,not_a_text_check,"[""GUDANG-24""]",,[],,[],False,False
IMB,87,b1fcfdfe6d0e1646519438ed980b77ea24bef5868d831221c1a34a21c2003353,57F,SOUS_SOL,,,UNAVAILABLE,True,missing_value,not_a_text_check,"[""GUDANG-24""]",,[],,[],False,False
IMB,87,b1fcfdfe6d0e1646519438ed980b77ea24bef5868d831221c1a34a21c2003353,57F,SOUS_SOL_COMMUN,,,UNAVAILABLE,True,missing_value,not_a_text_check,"[""GUDANG-24""]",,[],,[],False,False
IMB,87,b1fcfdfe6d0e1646519438ed980b77ea24bef5868d831221c1a34a21c2003353,57F,BPE_CODE,,,UNAVAILABLE,True,missing_value,not_a_text_check,"[""GUDANG-24""]",,[],,[],False,False
IMB,87,b1fcfdfe6d0e1646519438ed980b77ea24bef5868d831221c1a34a21c2003353,57F,X,12543885.229922222,12543885.229922222,DWG_DERIVED:GEODATA+direct-CRS-transform,False,exact,not_a_text_check,"[""GUDANG-24""]",,[],,[],False,False
IMB,87,b1fcfdfe6d0e1646519438ed980b77ea24bef5868d831221c1a34a21c2003353,57F,Y,-821637.6660526067,-821637.6660526067,DWG_DERIVED:GEODATA+direct-CRS-transform,False,exact,not_a_text_check,"[""GUDANG-24""]",,[],,[],False,False
IMB,87,b1fcfdfe6d0e1646519438ed980b77ea24bef5868d831221c1a34a21c2003353,57F,display_label,GUDANG-24,GUDANG-24,DWG_DIRECT:text|RULE:AI-IMB-LABEL-001,False,exact,exact,"[""GUDANG-24""]",,[],,[],False,False
IMB,88,da44163723da32b815dc3b2f0f895e70c93544d5eb5a4d14171f195c7f0dc8a4,56D,CODE,GUDANG-6,GUDANG-6,DWG_DIRECT:text|RULE:AI-IMB-CODE-001,False,exact,exact,"[""GUDANG-6""]",,[],,[],False,False
IMB,88,da44163723da32b815dc3b2f0f895e70c93544d5eb5a4d14171f195c7f0dc8a4,56D,REF_PLAQUE,,,UNAVAILABLE,True,missing_value,not_a_text_check,"[""GUDANG-6""]",,[],,[],False,False
IMB,88,da44163723da32b815dc3b2f0f895e70c93544d5eb5a4d14171f195c7f0dc8a4,56D,REGION,,,UNAVAILABLE,True,missing_value,not_a_text_check,"[""GUDANG-6""]",,[],,[],False,False
IMB,88,da44163723da32b815dc3b2f0f895e70c93544d5eb5a4d14171f195c7f0dc8a4,56D,PROVINCE,,,UNAVAILABLE,True,missing_value,not_a_text_check,"[""GUDANG-6""]",,[],,[],False,False
IMB,88,da44163723da32b815dc3b2f0f895e70c93544d5eb5a4d14171f195c7f0dc8a4,56D,VILLE,,,UNAVAILABLE,True,missing_value,not_a_text_check,"[""GUDANG-6""]",,[],,[],False,False
IMB,88,da44163723da32b815dc3b2f0f895e70c93544d5eb5a4d14171f195c7f0dc8a4,56D,COMMUNE,,,UNAVAILABLE,True,missing_value,not_a_text_check,"[""GUDANG-6""]",,[],,[],False,False
IMB,88,da44163723da32b815dc3b2f0f895e70c93544d5eb5a4d14171f195c7f0dc8a4,56D,CODE_POSTAL,,,UNAVAILABLE,True,missing_value,not_a_text_check,"[""GUDANG-6""]",,[],,[],False,False
IMB,88,da44163723da32b815dc3b2f0f895e70c93544d5eb5a4d14171f195c7f0dc8a4,56D,NUMERO_VOIE,,,UNAVAILABLE,True,missing_value,not_a_text_check,"[""GUDANG-6""]",,[],,[],False,False
IMB,88,da44163723da32b815dc3b2f0f895e70c93544d5eb5a4d14171f195c7f0dc8a4,56D,TYPE_VOIE,,,UNAVAILABLE,True,missing_value,not_a_text_check,"[""GUDANG-6""]",,[],,[],False,False
IMB,88,da44163723da32b815dc3b2f0f895e70c93544d5eb5a4d14171f195c7f0dc8a4,56D,TYPE_BATIMENT,,,UNAVAILABLE,True,missing_value,not_a_text_check,"[""GUDANG-6""]",,[],,[],False,False
IMB,88,da44163723da32b815dc3b2f0f895e70c93544d5eb5a4d14171f195c7f0dc8a4,56D,TYPE_CLIENT,,,UNAVAILABLE,True,missing_value,not_a_text_check,"[""GUDANG-6""]",,[],,[],False,False
IMB,88,da44163723da32b815dc3b2f0f895e70c93544d5eb5a4d14171f195c7f0dc8a4,56D,NB_LOC_RES,,,UNAVAILABLE,True,missing_value,not_a_text_check,"[""GUDANG-6""]",,[],,[],False,False
IMB,88,da44163723da32b815dc3b2f0f895e70c93544d5eb5a4d14171f195c7f0dc8a4,56D,NB_LOC_PRO,,,UNAVAILABLE,True,missing_value,not_a_text_check,"[""GUDANG-6""]",,[],,[],False,False
IMB,88,da44163723da32b815dc3b2f0f895e70c93544d5eb5a4d14171f195c7f0dc8a4,56D,NB_LOC_TOT,,,UNAVAILABLE,True,missing_value,not_a_text_check,"[""GUDANG-6""]",,[],,[],False,False
IMB,88,da44163723da32b815dc3b2f0f895e70c93544d5eb5a4d14171f195c7f0dc8a4,56D,RACCORDEMENT,,,UNAVAILABLE,True,missing_value,not_a_text_check,"[""GUDANG-6""]",,[],,[],False,False
IMB,88,da44163723da32b815dc3b2f0f895e70c93544d5eb5a4d14171f195c7f0dc8a4,56D,STATUT,,,UNAVAILABLE,True,missing_value,not_a_text_check,"[""GUDANG-6""]",,[],,[],False,False
IMB,88,da44163723da32b815dc3b2f0f895e70c93544d5eb5a4d14171f195c7f0dc8a4,56D,NB_ETAGE,,,UNAVAILABLE,True,missing_value,not_a_text_check,"[""GUDANG-6""]",,[],,[],False,False
IMB,88,da44163723da32b815dc3b2f0f895e70c93544d5eb5a4d14171f195c7f0dc8a4,56D,COL_MONTANTE,,,UNAVAILABLE,True,missing_value,not_a_text_check,"[""GUDANG-6""]",,[],,[],False,False
IMB,88,da44163723da32b815dc3b2f0f895e70c93544d5eb5a4d14171f195c7f0dc8a4,56D,SOUS_SOL,,,UNAVAILABLE,True,missing_value,not_a_text_check,"[""GUDANG-6""]",,[],,[],False,False
IMB,88,da44163723da32b815dc3b2f0f895e70c93544d5eb5a4d14171f195c7f0dc8a4,56D,SOUS_SOL_COMMUN,,,UNAVAILABLE,True,missing_value,not_a_text_check,"[""GUDANG-6""]",,[],,[],False,False
IMB,88,da44163723da32b815dc3b2f0f895e70c93544d5eb5a4d14171f195c7f0dc8a4,56D,BPE_CODE,,,UNAVAILABLE,True,missing_value,not_a_text_check,"[""GUDANG-6""]",,[],,[],False,False
IMB,88,da44163723da32b815dc3b2f0f895e70c93544d5eb5a4d14171f195c7f0dc8a4,56D,X,12543760.302467424,12543760.302467424,DWG_DERIVED:GEODATA+direct-CRS-transform,False,exact,not_a_text_check,"[""GUDANG-6""]",,[],,[],False,False
IMB,88,da44163723da32b815dc3b2f0f895e70c93544d5eb5a4d14171f195c7f0dc8a4,56D,Y,-821956.8311821187,-821956.8311821187,DWG_DERIVED:GEODATA+direct-CRS-transform,False,exact,not_a_text_check,"[""GUDANG-6""]",,[],,[],False,False
IMB,88,da44163723da32b815dc3b2f0f895e70c93544d5eb5a4d14171f195c7f0dc8a4,56D,display_label,GUDANG-6,GUDANG-6,DWG_DIRECT:text|RULE:AI-IMB-LABEL-001,False,exact,exact,"[""GUDANG-6""]",,[],,[],False,False
IMB,89,bcec4148352601611c8a7af286fac183aaf129deb52f6063ec4605202dae9da1,606,CODE,NN-116,NN-116,DWG_DIRECT:text|RULE:AI-IMB-CODE-001,False,exact,exact,"[""NN-116""]",,[],,[],False,False
IMB,89,bcec4148352601611c8a7af286fac183aaf129deb52f6063ec4605202dae9da1,606,REF_PLAQUE,,,UNAVAILABLE,True,missing_value,not_a_text_check,"[""NN-116""]",,[],,[],False,False
IMB,89,bcec4148352601611c8a7af286fac183aaf129deb52f6063ec4605202dae9da1,606,REGION,,,UNAVAILABLE,True,missing_value,not_a_text_check,"[""NN-116""]",,[],,[],False,False
IMB,89,bcec4148352601611c8a7af286fac183aaf129deb52f6063ec4605202dae9da1,606,PROVINCE,,,UNAVAILABLE,True,missing_value,not_a_text_check,"[""NN-116""]",,[],,[],False,False
IMB,89,bcec4148352601611c8a7af286fac183aaf129deb52f6063ec4605202dae9da1,606,VILLE,,,UNAVAILABLE,True,missing_value,not_a_text_check,"[""NN-116""]",,[],,[],False,False
IMB,89,bcec4148352601611c8a7af286fac183aaf129deb52f6063ec4605202dae9da1,606,COMMUNE,,,UNAVAILABLE,True,missing_value,not_a_text_check,"[""NN-116""]",,[],,[],False,False
IMB,89,bcec4148352601611c8a7af286fac183aaf129deb52f6063ec4605202dae9da1,606,CODE_POSTAL,,,UNAVAILABLE,True,missing_value,not_a_text_check,"[""NN-116""]",,[],,[],False,False
IMB,89,bcec4148352601611c8a7af286fac183aaf129deb52f6063ec4605202dae9da1,606,NUMERO_VOIE,,,UNAVAILABLE,True,missing_value,not_a_text_check,"[""NN-116""]",,[],,[],False,False
IMB,89,bcec4148352601611c8a7af286fac183aaf129deb52f6063ec4605202dae9da1,606,TYPE_VOIE,,,UNAVAILABLE,True,missing_value,not_a_text_check,"[""NN-116""]",,[],,[],False,False
IMB,89,bcec4148352601611c8a7af286fac183aaf129deb52f6063ec4605202dae9da1,606,TYPE_BATIMENT,,,UNAVAILABLE,True,missing_value,not_a_text_check,"[""NN-116""]",,[],,[],False,False
IMB,89,bcec4148352601611c8a7af286fac183aaf129deb52f6063ec4605202dae9da1,606,TYPE_CLIENT,,,UNAVAILABLE,True,missing_value,not_a_text_check,"[""NN-116""]",,[],,[],False,False
IMB,89,bcec4148352601611c8a7af286fac183aaf129deb52f6063ec4605202dae9da1,606,NB_LOC_RES,,,UNAVAILABLE,True,missing_value,not_a_text_check,"[""NN-116""]",,[],,[],False,False
IMB,89,bcec4148352601611c8a7af286fac183aaf129deb52f6063ec4605202dae9da1,606,NB_LOC_PRO,,,UNAVAILABLE,True,missing_value,not_a_text_check,"[""NN-116""]",,[],,[],False,False
IMB,89,bcec4148352601611c8a7af286fac183aaf129deb52f6063ec4605202dae9da1,606,NB_LOC_TOT,,,UNAVAILABLE,True,missing_value,not_a_text_check,"[""NN-116""]",,[],,[],False,False
IMB,89,bcec4148352601611c8a7af286fac183aaf129deb52f6063ec4605202dae9da1,606,RACCORDEMENT,,,UNAVAILABLE,True,missing_value,not_a_text_check,"[""NN-116""]",,[],,[],False,False
IMB,89,bcec4148352601611c8a7af286fac183aaf129deb52f6063ec4605202dae9da1,606,STATUT,,,UNAVAILABLE,True,missing_value,not_a_text_check,"[""NN-116""]",,[],,[],False,False
IMB,89,bcec4148352601611c8a7af286fac183aaf129deb52f6063ec4605202dae9da1,606,NB_ETAGE,,,UNAVAILABLE,True,missing_value,not_a_text_check,"[""NN-116""]",,[],,[],False,False
IMB,89,bcec4148352601611c8a7af286fac183aaf129deb52f6063ec4605202dae9da1,606,COL_MONTANTE,,,UNAVAILABLE,True,missing_value,not_a_text_check,"[""NN-116""]",,[],,[],False,False
IMB,89,bcec4148352601611c8a7af286fac183aaf129deb52f6063ec4605202dae9da1,606,SOUS_SOL,,,UNAVAILABLE,True,missing_value,not_a_text_check,"[""NN-116""]",,[],,[],False,False
IMB,89,bcec4148352601611c8a7af286fac183aaf129deb52f6063ec4605202dae9da1,606,SOUS_SOL_COMMUN,,,UNAVAILABLE,True,missing_value,not_a_text_check,"[""NN-116""]",,[],,[],False,False
IMB,89,bcec4148352601611c8a7af286fac183aaf129deb52f6063ec4605202dae9da1,606,BPE_CODE,,,UNAVAILABLE,True,missing_value,not_a_text_check,"[""NN-116""]",,[],,[],False,False
IMB,89,bcec4148352601611c8a7af286fac183aaf129deb52f6063ec4605202dae9da1,606,X,12543759.170028953,12543759.170028953,DWG_DERIVED:GEODATA+direct-CRS-transform,False,exact,not_a_text_check,"[""NN-116""]",,[],,[],False,False
IMB,89,bcec4148352601611c8a7af286fac183aaf129deb52f6063ec4605202dae9da1,606,Y,-821485.7078581958,-821485.7078581958,DWG_DERIVED:GEODATA+direct-CRS-transform,False,exact,not_a_text_check,"[""NN-116""]",,[],,[],False,False
IMB,89,bcec4148352601611c8a7af286fac183aaf129deb52f6063ec4605202dae9da1,606,display_label,NN-116,NN-116,DWG_DIRECT:text|RULE:AI-IMB-LABEL-001,False,exact,exact,"[""NN-116""]",,[],,[],False,False
IMB,90,b04e43ca5759e65e14b54d03e3e6e1bf538e6f1887386fda5b277fc3fbc28a4e,5E7,CODE,NN-85,NN-85,DWG_DIRECT:text|RULE:AI-IMB-CODE-001,False,exact,exact,"[""NN-85""]",,[],,[],False,False
IMB,90,b04e43ca5759e65e14b54d03e3e6e1bf538e6f1887386fda5b277fc3fbc28a4e,5E7,REF_PLAQUE,,,UNAVAILABLE,True,missing_value,not_a_text_check,"[""NN-85""]",,[],,[],False,False
IMB,90,b04e43ca5759e65e14b54d03e3e6e1bf538e6f1887386fda5b277fc3fbc28a4e,5E7,REGION,,,UNAVAILABLE,True,missing_value,not_a_text_check,"[""NN-85""]",,[],,[],False,False
IMB,90,b04e43ca5759e65e14b54d03e3e6e1bf538e6f1887386fda5b277fc3fbc28a4e,5E7,PROVINCE,,,UNAVAILABLE,True,missing_value,not_a_text_check,"[""NN-85""]",,[],,[],False,False
IMB,90,b04e43ca5759e65e14b54d03e3e6e1bf538e6f1887386fda5b277fc3fbc28a4e,5E7,VILLE,,,UNAVAILABLE,True,missing_value,not_a_text_check,"[""NN-85""]",,[],,[],False,False
IMB,90,b04e43ca5759e65e14b54d03e3e6e1bf538e6f1887386fda5b277fc3fbc28a4e,5E7,COMMUNE,,,UNAVAILABLE,True,missing_value,not_a_text_check,"[""NN-85""]",,[],,[],False,False
IMB,90,b04e43ca5759e65e14b54d03e3e6e1bf538e6f1887386fda5b277fc3fbc28a4e,5E7,CODE_POSTAL,,,UNAVAILABLE,True,missing_value,not_a_text_check,"[""NN-85""]",,[],,[],False,False
IMB,90,b04e43ca5759e65e14b54d03e3e6e1bf538e6f1887386fda5b277fc3fbc28a4e,5E7,NUMERO_VOIE,,,UNAVAILABLE,True,missing_value,not_a_text_check,"[""NN-85""]",,[],,[],False,False
IMB,90,b04e43ca5759e65e14b54d03e3e6e1bf538e6f1887386fda5b277fc3fbc28a4e,5E7,TYPE_VOIE,,,UNAVAILABLE,True,missing_value,not_a_text_check,"[""NN-85""]",,[],,[],False,False
IMB,90,b04e43ca5759e65e14b54d03e3e6e1bf538e6f1887386fda5b277fc3fbc28a4e,5E7,TYPE_BATIMENT,,,UNAVAILABLE,True,missing_value,not_a_text_check,"[""NN-85""]",,[],,[],False,False
IMB,90,b04e43ca5759e65e14b54d03e3e6e1bf538e6f1887386fda5b277fc3fbc28a4e,5E7,TYPE_CLIENT,,,UNAVAILABLE,True,missing_value,not_a_text_check,"[""NN-85""]",,[],,[],False,False
IMB,90,b04e43ca5759e65e14b54d03e3e6e1bf538e6f1887386fda5b277fc3fbc28a4e,5E7,NB_LOC_RES,,,UNAVAILABLE,True,missing_value,not_a_text_check,"[""NN-85""]",,[],,[],False,False
IMB,90,b04e43ca5759e65e14b54d03e3e6e1bf538e6f1887386fda5b277fc3fbc28a4e,5E7,NB_LOC_PRO,,,UNAVAILABLE,True,missing_value,not_a_text_check,"[""NN-85""]",,[],,[],False,False
IMB,90,b04e43ca5759e65e14b54d03e3e6e1bf538e6f1887386fda5b277fc3fbc28a4e,5E7,NB_LOC_TOT,,,UNAVAILABLE,True,missing_value,not_a_text_check,"[""NN-85""]",,[],,[],False,False
IMB,90,b04e43ca5759e65e14b54d03e3e6e1bf538e6f1887386fda5b277fc3fbc28a4e,5E7,RACCORDEMENT,,,UNAVAILABLE,True,missing_value,not_a_text_check,"[""NN-85""]",,[],,[],False,False
IMB,90,b04e43ca5759e65e14b54d03e3e6e1bf538e6f1887386fda5b277fc3fbc28a4e,5E7,STATUT,,,UNAVAILABLE,True,missing_value,not_a_text_check,"[""NN-85""]",,[],,[],False,False
IMB,90,b04e43ca5759e65e14b54d03e3e6e1bf538e6f1887386fda5b277fc3fbc28a4e,5E7,NB_ETAGE,,,UNAVAILABLE,True,missing_value,not_a_text_check,"[""NN-85""]",,[],,[],False,False
IMB,90,b04e43ca5759e65e14b54d03e3e6e1bf538e6f1887386fda5b277fc3fbc28a4e,5E7,COL_MONTANTE,,,UNAVAILABLE,True,missing_value,not_a_text_check,"[""NN-85""]",,[],,[],False,False
IMB,90,b04e43ca5759e65e14b54d03e3e6e1bf538e6f1887386fda5b277fc3fbc28a4e,5E7,SOUS_SOL,,,UNAVAILABLE,True,missing_value,not_a_text_check,"[""NN-85""]",,[],,[],False,False
IMB,90,b04e43ca5759e65e14b54d03e3e6e1bf538e6f1887386fda5b277fc3fbc28a4e,5E7,SOUS_SOL_COMMUN,,,UNAVAILABLE,True,missing_value,not_a_text_check,"[""NN-85""]",,[],,[],False,False
IMB,90,b04e43ca5759e65e14b54d03e3e6e1bf538e6f1887386fda5b277fc3fbc28a4e,5E7,BPE_CODE,,,UNAVAILABLE,True,missing_value,not_a_text_check,"[""NN-85""]",,[],,[],False,False
IMB,90,b04e43ca5759e65e14b54d03e3e6e1bf538e6f1887386fda5b277fc3fbc28a4e,5E7,X,12543750.602887271,12543750.602887271,DWG_DERIVED:GEODATA+direct-CRS-transform,False,exact,not_a_text_check,"[""NN-85""]",,[],,[],False,False
IMB,90,b04e43ca5759e65e14b54d03e3e6e1bf538e6f1887386fda5b277fc3fbc28a4e,5E7,Y,-821535.0808985861,-821535.0808985861,DWG_DERIVED:GEODATA+direct-CRS-transform,False,exact,not_a_text_check,"[""NN-85""]",,[],,[],False,False
IMB,90,b04e43ca5759e65e14b54d03e3e6e1bf538e6f1887386fda5b277fc3fbc28a4e,5E7,display_label,NN-85,NN-85,DWG_DIRECT:text|RULE:AI-IMB-LABEL-001,False,exact,exact,"[""NN-85""]",,[],,[],False,False
IMB,91,6e2f5dcba0693888d2d1986a3a20f71487b922006a354c60a4b4312580751f8b,5BF,CODE,NN-48,NN-48,DWG_DIRECT:text|RULE:AI-IMB-CODE-001,False,exact,exact,"[""NN-48""]",,[],,[],False,False
IMB,91,6e2f5dcba0693888d2d1986a3a20f71487b922006a354c60a4b4312580751f8b,5BF,REF_PLAQUE,,,UNAVAILABLE,True,missing_value,not_a_text_check,"[""NN-48""]",,[],,[],False,False
IMB,91,6e2f5dcba0693888d2d1986a3a20f71487b922006a354c60a4b4312580751f8b,5BF,REGION,,,UNAVAILABLE,True,missing_value,not_a_text_check,"[""NN-48""]",,[],,[],False,False
IMB,91,6e2f5dcba0693888d2d1986a3a20f71487b922006a354c60a4b4312580751f8b,5BF,PROVINCE,,,UNAVAILABLE,True,missing_value,not_a_text_check,"[""NN-48""]",,[],,[],False,False
IMB,91,6e2f5dcba0693888d2d1986a3a20f71487b922006a354c60a4b4312580751f8b,5BF,VILLE,,,UNAVAILABLE,True,missing_value,not_a_text_check,"[""NN-48""]",,[],,[],False,False
IMB,91,6e2f5dcba0693888d2d1986a3a20f71487b922006a354c60a4b4312580751f8b,5BF,COMMUNE,,,UNAVAILABLE,True,missing_value,not_a_text_check,"[""NN-48""]",,[],,[],False,False
IMB,91,6e2f5dcba0693888d2d1986a3a20f71487b922006a354c60a4b4312580751f8b,5BF,CODE_POSTAL,,,UNAVAILABLE,True,missing_value,not_a_text_check,"[""NN-48""]",,[],,[],False,False
IMB,91,6e2f5dcba0693888d2d1986a3a20f71487b922006a354c60a4b4312580751f8b,5BF,NUMERO_VOIE,,,UNAVAILABLE,True,missing_value,not_a_text_check,"[""NN-48""]",,[],,[],False,False
IMB,91,6e2f5dcba0693888d2d1986a3a20f71487b922006a354c60a4b4312580751f8b,5BF,TYPE_VOIE,,,UNAVAILABLE,True,missing_value,not_a_text_check,"[""NN-48""]",,[],,[],False,False
IMB,91,6e2f5dcba0693888d2d1986a3a20f71487b922006a354c60a4b4312580751f8b,5BF,TYPE_BATIMENT,,,UNAVAILABLE,True,missing_value,not_a_text_check,"[""NN-48""]",,[],,[],False,False
IMB,91,6e2f5dcba0693888d2d1986a3a20f71487b922006a354c60a4b4312580751f8b,5BF,TYPE_CLIENT,,,UNAVAILABLE,True,missing_value,not_a_text_check,"[""NN-48""]",,[],,[],False,False
IMB,91,6e2f5dcba0693888d2d1986a3a20f71487b922006a354c60a4b4312580751f8b,5BF,NB_LOC_RES,,,UNAVAILABLE,True,missing_value,not_a_text_check,"[""NN-48""]",,[],,[],False,False
IMB,91,6e2f5dcba0693888d2d1986a3a20f71487b922006a354c60a4b4312580751f8b,5BF,NB_LOC_PRO,,,UNAVAILABLE,True,missing_value,not_a_text_check,"[""NN-48""]",,[],,[],False,False
IMB,91,6e2f5dcba0693888d2d1986a3a20f71487b922006a354c60a4b4312580751f8b,5BF,NB_LOC_TOT,,,UNAVAILABLE,True,missing_value,not_a_text_check,"[""NN-48""]",,[],,[],False,False
IMB,91,6e2f5dcba0693888d2d1986a3a20f71487b922006a354c60a4b4312580751f8b,5BF,RACCORDEMENT,,,UNAVAILABLE,True,missing_value,not_a_text_check,"[""NN-48""]",,[],,[],False,False
IMB,91,6e2f5dcba0693888d2d1986a3a20f71487b922006a354c60a4b4312580751f8b,5BF,STATUT,,,UNAVAILABLE,True,missing_value,not_a_text_check,"[""NN-48""]",,[],,[],False,False
IMB,91,6e2f5dcba0693888d2d1986a3a20f71487b922006a354c60a4b4312580751f8b,5BF,NB_ETAGE,,,UNAVAILABLE,True,missing_value,not_a_text_check,"[""NN-48""]",,[],,[],False,False
IMB,91,6e2f5dcba0693888d2d1986a3a20f71487b922006a354c60a4b4312580751f8b,5BF,COL_MONTANTE,,,UNAVAILABLE,True,missing_value,not_a_text_check,"[""NN-48""]",,[],,[],False,False
IMB,91,6e2f5dcba0693888d2d1986a3a20f71487b922006a354c60a4b4312580751f8b,5BF,SOUS_SOL,,,UNAVAILABLE,True,missing_value,not_a_text_check,"[""NN-48""]",,[],,[],False,False
IMB,91,6e2f5dcba0693888d2d1986a3a20f71487b922006a354c60a4b4312580751f8b,5BF,SOUS_SOL_COMMUN,,,UNAVAILABLE,True,missing_value,not_a_text_check,"[""NN-48""]",,[],,[],False,False
IMB,91,6e2f5dcba0693888d2d1986a3a20f71487b922006a354c60a4b4312580751f8b,5BF,BPE_CODE,,,UNAVAILABLE,True,missing_value,not_a_text_check,"[""NN-48""]",,[],,[],False,False
IMB,91,6e2f5dcba0693888d2d1986a3a20f71487b922006a354c60a4b4312580751f8b,5BF,X,12543649.936419062,12543649.936419062,DWG_DERIVED:GEODATA+direct-CRS-transform,False,exact,not_a_text_check,"[""NN-48""]",,[],,[],False,False
IMB,91,6e2f5dcba0693888d2d1986a3a20f71487b922006a354c60a4b4312580751f8b,5BF,Y,-821613.9541836465,-821613.9541836465,DWG_DERIVED:GEODATA+direct-CRS-transform,False,exact,not_a_text_check,"[""NN-48""]",,[],,[],False,False
IMB,91,6e2f5dcba0693888d2d1986a3a20f71487b922006a354c60a4b4312580751f8b,5BF,display_label,NN-48,NN-48,DWG_DIRECT:text|RULE:AI-IMB-LABEL-001,False,exact,exact,"[""NN-48""]",,[],,[],False,False
IMB,92,64b0037359451fd057be76130de65703bebdcb572f8189db40a1fb38d041c79a,5EB,CODE,NN-89,NN-89,DWG_DIRECT:text|RULE:AI-IMB-CODE-001,False,exact,exact,"[""NN-89""]",,[],,[],False,False
IMB,92,64b0037359451fd057be76130de65703bebdcb572f8189db40a1fb38d041c79a,5EB,REF_PLAQUE,,,UNAVAILABLE,True,missing_value,not_a_text_check,"[""NN-89""]",,[],,[],False,False
IMB,92,64b0037359451fd057be76130de65703bebdcb572f8189db40a1fb38d041c79a,5EB,REGION,,,UNAVAILABLE,True,missing_value,not_a_text_check,"[""NN-89""]",,[],,[],False,False
IMB,92,64b0037359451fd057be76130de65703bebdcb572f8189db40a1fb38d041c79a,5EB,PROVINCE,,,UNAVAILABLE,True,missing_value,not_a_text_check,"[""NN-89""]",,[],,[],False,False
IMB,92,64b0037359451fd057be76130de65703bebdcb572f8189db40a1fb38d041c79a,5EB,VILLE,,,UNAVAILABLE,True,missing_value,not_a_text_check,"[""NN-89""]",,[],,[],False,False
IMB,92,64b0037359451fd057be76130de65703bebdcb572f8189db40a1fb38d041c79a,5EB,COMMUNE,,,UNAVAILABLE,True,missing_value,not_a_text_check,"[""NN-89""]",,[],,[],False,False
IMB,92,64b0037359451fd057be76130de65703bebdcb572f8189db40a1fb38d041c79a,5EB,CODE_POSTAL,,,UNAVAILABLE,True,missing_value,not_a_text_check,"[""NN-89""]",,[],,[],False,False
IMB,92,64b0037359451fd057be76130de65703bebdcb572f8189db40a1fb38d041c79a,5EB,NUMERO_VOIE,,,UNAVAILABLE,True,missing_value,not_a_text_check,"[""NN-89""]",,[],,[],False,False
IMB,92,64b0037359451fd057be76130de65703bebdcb572f8189db40a1fb38d041c79a,5EB,TYPE_VOIE,,,UNAVAILABLE,True,missing_value,not_a_text_check,"[""NN-89""]",,[],,[],False,False
IMB,92,64b0037359451fd057be76130de65703bebdcb572f8189db40a1fb38d041c79a,5EB,TYPE_BATIMENT,,,UNAVAILABLE,True,missing_value,not_a_text_check,"[""NN-89""]",,[],,[],False,False
IMB,92,64b0037359451fd057be76130de65703bebdcb572f8189db40a1fb38d041c79a,5EB,TYPE_CLIENT,,,UNAVAILABLE,True,missing_value,not_a_text_check,"[""NN-89""]",,[],,[],False,False
IMB,92,64b0037359451fd057be76130de65703bebdcb572f8189db40a1fb38d041c79a,5EB,NB_LOC_RES,,,UNAVAILABLE,True,missing_value,not_a_text_check,"[""NN-89""]",,[],,[],False,False
IMB,92,64b0037359451fd057be76130de65703bebdcb572f8189db40a1fb38d041c79a,5EB,NB_LOC_PRO,,,UNAVAILABLE,True,missing_value,not_a_text_check,"[""NN-89""]",,[],,[],False,False
IMB,92,64b0037359451fd057be76130de65703bebdcb572f8189db40a1fb38d041c79a,5EB,NB_LOC_TOT,,,UNAVAILABLE,True,missing_value,not_a_text_check,"[""NN-89""]",,[],,[],False,False
IMB,92,64b0037359451fd057be76130de65703bebdcb572f8189db40a1fb38d041c79a,5EB,RACCORDEMENT,,,UNAVAILABLE,True,missing_value,not_a_text_check,"[""NN-89""]",,[],,[],False,False
IMB,92,64b0037359451fd057be76130de65703bebdcb572f8189db40a1fb38d041c79a,5EB,STATUT,,,UNAVAILABLE,True,missing_value,not_a_text_check,"[""NN-89""]",,[],,[],False,False
IMB,92,64b0037359451fd057be76130de65703bebdcb572f8189db40a1fb38d041c79a,5EB,NB_ETAGE,,,UNAVAILABLE,True,missing_value,not_a_text_check,"[""NN-89""]",,[],,[],False,False
IMB,92,64b0037359451fd057be76130de65703bebdcb572f8189db40a1fb38d041c79a,5EB,COL_MONTANTE,,,UNAVAILABLE,True,missing_value,not_a_text_check,"[""NN-89""]",,[],,[],False,False
IMB,92,64b0037359451fd057be76130de65703bebdcb572f8189db40a1fb38d041c79a,5EB,SOUS_SOL,,,UNAVAILABLE,True,missing_value,not_a_text_check,"[""NN-89""]",,[],,[],False,False
IMB,92,64b0037359451fd057be76130de65703bebdcb572f8189db40a1fb38d041c79a,5EB,SOUS_SOL_COMMUN,,,UNAVAILABLE,True,missing_value,not_a_text_check,"[""NN-89""]",,[],,[],False,False
IMB,92,64b0037359451fd057be76130de65703bebdcb572f8189db40a1fb38d041c79a,5EB,BPE_CODE,,,UNAVAILABLE,True,missing_value,not_a_text_check,"[""NN-89""]",,[],,[],False,False
IMB,92,64b0037359451fd057be76130de65703bebdcb572f8189db40a1fb38d041c79a,5EB,X,12543711.271027626,12543711.271027626,DWG_DERIVED:GEODATA+direct-CRS-transform,False,exact,not_a_text_check,"[""NN-89""]",,[],,[],False,False
IMB,92,64b0037359451fd057be76130de65703bebdcb572f8189db40a1fb38d041c79a,5EB,Y,-821533.3224328143,-821533.3224328143,DWG_DERIVED:GEODATA+direct-CRS-transform,False,exact,not_a_text_check,"[""NN-89""]",,[],,[],False,False
IMB,92,64b0037359451fd057be76130de65703bebdcb572f8189db40a1fb38d041c79a,5EB,display_label,NN-89,NN-89,DWG_DIRECT:text|RULE:AI-IMB-LABEL-001,False,exact,exact,"[""NN-89""]",,[],,[],False,False
IMB,93,f5d7804d894653ee4ee319b2115208d1eb6e1d8dba14d8d36e983cd86def212f,604,CODE,NN-114,NN-114,DWG_DIRECT:text|RULE:AI-IMB-CODE-001,False,exact,exact,"[""NN-114""]",,[],,[],False,False
IMB,93,f5d7804d894653ee4ee319b2115208d1eb6e1d8dba14d8d36e983cd86def212f,604,REF_PLAQUE,,,UNAVAILABLE,True,missing_value,not_a_text_check,"[""NN-114""]",,[],,[],False,False
IMB,93,f5d7804d894653ee4ee319b2115208d1eb6e1d8dba14d8d36e983cd86def212f,604,REGION,,,UNAVAILABLE,True,missing_value,not_a_text_check,"[""NN-114""]",,[],,[],False,False
IMB,93,f5d7804d894653ee4ee319b2115208d1eb6e1d8dba14d8d36e983cd86def212f,604,PROVINCE,,,UNAVAILABLE,True,missing_value,not_a_text_check,"[""NN-114""]",,[],,[],False,False
IMB,93,f5d7804d894653ee4ee319b2115208d1eb6e1d8dba14d8d36e983cd86def212f,604,VILLE,,,UNAVAILABLE,True,missing_value,not_a_text_check,"[""NN-114""]",,[],,[],False,False
IMB,93,f5d7804d894653ee4ee319b2115208d1eb6e1d8dba14d8d36e983cd86def212f,604,COMMUNE,,,UNAVAILABLE,True,missing_value,not_a_text_check,"[""NN-114""]",,[],,[],False,False
IMB,93,f5d7804d894653ee4ee319b2115208d1eb6e1d8dba14d8d36e983cd86def212f,604,CODE_POSTAL,,,UNAVAILABLE,True,missing_value,not_a_text_check,"[""NN-114""]",,[],,[],False,False
IMB,93,f5d7804d894653ee4ee319b2115208d1eb6e1d8dba14d8d36e983cd86def212f,604,NUMERO_VOIE,,,UNAVAILABLE,True,missing_value,not_a_text_check,"[""NN-114""]",,[],,[],False,False
IMB,93,f5d7804d894653ee4ee319b2115208d1eb6e1d8dba14d8d36e983cd86def212f,604,TYPE_VOIE,,,UNAVAILABLE,True,missing_value,not_a_text_check,"[""NN-114""]",,[],,[],False,False
IMB,93,f5d7804d894653ee4ee319b2115208d1eb6e1d8dba14d8d36e983cd86def212f,604,TYPE_BATIMENT,,,UNAVAILABLE,True,missing_value,not_a_text_check,"[""NN-114""]",,[],,[],False,False
IMB,93,f5d7804d894653ee4ee319b2115208d1eb6e1d8dba14d8d36e983cd86def212f,604,TYPE_CLIENT,,,UNAVAILABLE,True,missing_value,not_a_text_check,"[""NN-114""]",,[],,[],False,False
IMB,93,f5d7804d894653ee4ee319b2115208d1eb6e1d8dba14d8d36e983cd86def212f,604,NB_LOC_RES,,,UNAVAILABLE,True,missing_value,not_a_text_check,"[""NN-114""]",,[],,[],False,False
IMB,93,f5d7804d894653ee4ee319b2115208d1eb6e1d8dba14d8d36e983cd86def212f,604,NB_LOC_PRO,,,UNAVAILABLE,True,missing_value,not_a_text_check,"[""NN-114""]",,[],,[],False,False
IMB,93,f5d7804d894653ee4ee319b2115208d1eb6e1d8dba14d8d36e983cd86def212f,604,NB_LOC_TOT,,,UNAVAILABLE,True,missing_value,not_a_text_check,"[""NN-114""]",,[],,[],False,False
IMB,93,f5d7804d894653ee4ee319b2115208d1eb6e1d8dba14d8d36e983cd86def212f,604,RACCORDEMENT,,,UNAVAILABLE,True,missing_value,not_a_text_check,"[""NN-114""]",,[],,[],False,False
IMB,93,f5d7804d894653ee4ee319b2115208d1eb6e1d8dba14d8d36e983cd86def212f,604,STATUT,,,UNAVAILABLE,True,missing_value,not_a_text_check,"[""NN-114""]",,[],,[],False,False
IMB,93,f5d7804d894653ee4ee319b2115208d1eb6e1d8dba14d8d36e983cd86def212f,604,NB_ETAGE,,,UNAVAILABLE,True,missing_value,not_a_text_check,"[""NN-114""]",,[],,[],False,False
IMB,93,f5d7804d894653ee4ee319b2115208d1eb6e1d8dba14d8d36e983cd86def212f,604,COL_MONTANTE,,,UNAVAILABLE,True,missing_value,not_a_text_check,"[""NN-114""]",,[],,[],False,False
IMB,93,f5d7804d894653ee4ee319b2115208d1eb6e1d8dba14d8d36e983cd86def212f,604,SOUS_SOL,,,UNAVAILABLE,True,missing_value,not_a_text_check,"[""NN-114""]",,[],,[],False,False
IMB,93,f5d7804d894653ee4ee319b2115208d1eb6e1d8dba14d8d36e983cd86def212f,604,SOUS_SOL_COMMUN,,,UNAVAILABLE,True,missing_value,not_a_text_check,"[""NN-114""]",,[],,[],False,False
IMB,93,f5d7804d894653ee4ee319b2115208d1eb6e1d8dba14d8d36e983cd86def212f,604,BPE_CODE,,,UNAVAILABLE,True,missing_value,not_a_text_check,"[""NN-114""]",,[],,[],False,False
IMB,93,f5d7804d894653ee4ee319b2115208d1eb6e1d8dba14d8d36e983cd86def212f,604,X,12543746.146165265,12543746.146165265,DWG_DERIVED:GEODATA+direct-CRS-transform,False,exact,not_a_text_check,"[""NN-114""]",,[],,[],False,False
IMB,93,f5d7804d894653ee4ee319b2115208d1eb6e1d8dba14d8d36e983cd86def212f,604,Y,-821483.351102651,-821483.351102651,DWG_DERIVED:GEODATA+direct-CRS-transform,False,exact,not_a_text_check,"[""NN-114""]",,[],,[],False,False
IMB,93,f5d7804d894653ee4ee319b2115208d1eb6e1d8dba14d8d36e983cd86def212f,604,display_label,NN-114,NN-114,DWG_DIRECT:text|RULE:AI-IMB-LABEL-001,False,exact,exact,"[""NN-114""]",,[],,[],False,False
IMB,94,77b4cd84f6bfefd4947fe81b19c4034c1cac2b5d920ee81eb28c2e4ea11c2a93,5CD,CODE,NN-60,NN-60,DWG_DIRECT:text|RULE:AI-IMB-CODE-001,False,exact,exact,"[""NN-60""]",,[],,[],False,False
IMB,94,77b4cd84f6bfefd4947fe81b19c4034c1cac2b5d920ee81eb28c2e4ea11c2a93,5CD,REF_PLAQUE,,,UNAVAILABLE,True,missing_value,not_a_text_check,"[""NN-60""]",,[],,[],False,False
IMB,94,77b4cd84f6bfefd4947fe81b19c4034c1cac2b5d920ee81eb28c2e4ea11c2a93,5CD,REGION,,,UNAVAILABLE,True,missing_value,not_a_text_check,"[""NN-60""]",,[],,[],False,False
IMB,94,77b4cd84f6bfefd4947fe81b19c4034c1cac2b5d920ee81eb28c2e4ea11c2a93,5CD,PROVINCE,,,UNAVAILABLE,True,missing_value,not_a_text_check,"[""NN-60""]",,[],,[],False,False
IMB,94,77b4cd84f6bfefd4947fe81b19c4034c1cac2b5d920ee81eb28c2e4ea11c2a93,5CD,VILLE,,,UNAVAILABLE,True,missing_value,not_a_text_check,"[""NN-60""]",,[],,[],False,False
IMB,94,77b4cd84f6bfefd4947fe81b19c4034c1cac2b5d920ee81eb28c2e4ea11c2a93,5CD,COMMUNE,,,UNAVAILABLE,True,missing_value,not_a_text_check,"[""NN-60""]",,[],,[],False,False
IMB,94,77b4cd84f6bfefd4947fe81b19c4034c1cac2b5d920ee81eb28c2e4ea11c2a93,5CD,CODE_POSTAL,,,UNAVAILABLE,True,missing_value,not_a_text_check,"[""NN-60""]",,[],,[],False,False
IMB,94,77b4cd84f6bfefd4947fe81b19c4034c1cac2b5d920ee81eb28c2e4ea11c2a93,5CD,NUMERO_VOIE,,,UNAVAILABLE,True,missing_value,not_a_text_check,"[""NN-60""]",,[],,[],False,False
IMB,94,77b4cd84f6bfefd4947fe81b19c4034c1cac2b5d920ee81eb28c2e4ea11c2a93,5CD,TYPE_VOIE,,,UNAVAILABLE,True,missing_value,not_a_text_check,"[""NN-60""]",,[],,[],False,False
IMB,94,77b4cd84f6bfefd4947fe81b19c4034c1cac2b5d920ee81eb28c2e4ea11c2a93,5CD,TYPE_BATIMENT,,,UNAVAILABLE,True,missing_value,not_a_text_check,"[""NN-60""]",,[],,[],False,False
IMB,94,77b4cd84f6bfefd4947fe81b19c4034c1cac2b5d920ee81eb28c2e4ea11c2a93,5CD,TYPE_CLIENT,,,UNAVAILABLE,True,missing_value,not_a_text_check,"[""NN-60""]",,[],,[],False,False
IMB,94,77b4cd84f6bfefd4947fe81b19c4034c1cac2b5d920ee81eb28c2e4ea11c2a93,5CD,NB_LOC_RES,,,UNAVAILABLE,True,missing_value,not_a_text_check,"[""NN-60""]",,[],,[],False,False
IMB,94,77b4cd84f6bfefd4947fe81b19c4034c1cac2b5d920ee81eb28c2e4ea11c2a93,5CD,NB_LOC_PRO,,,UNAVAILABLE,True,missing_value,not_a_text_check,"[""NN-60""]",,[],,[],False,False
IMB,94,77b4cd84f6bfefd4947fe81b19c4034c1cac2b5d920ee81eb28c2e4ea11c2a93,5CD,NB_LOC_TOT,,,UNAVAILABLE,True,missing_value,not_a_text_check,"[""NN-60""]",,[],,[],False,False
IMB,94,77b4cd84f6bfefd4947fe81b19c4034c1cac2b5d920ee81eb28c2e4ea11c2a93,5CD,RACCORDEMENT,,,UNAVAILABLE,True,missing_value,not_a_text_check,"[""NN-60""]",,[],,[],False,False
IMB,94,77b4cd84f6bfefd4947fe81b19c4034c1cac2b5d920ee81eb28c2e4ea11c2a93,5CD,STATUT,,,UNAVAILABLE,True,missing_value,not_a_text_check,"[""NN-60""]",,[],,[],False,False
IMB,94,77b4cd84f6bfefd4947fe81b19c4034c1cac2b5d920ee81eb28c2e4ea11c2a93,5CD,NB_ETAGE,,,UNAVAILABLE,True,missing_value,not_a_text_check,"[""NN-60""]",,[],,[],False,False
IMB,94,77b4cd84f6bfefd4947fe81b19c4034c1cac2b5d920ee81eb28c2e4ea11c2a93,5CD,COL_MONTANTE,,,UNAVAILABLE,True,missing_value,not_a_text_check,"[""NN-60""]",,[],,[],False,False
IMB,94,77b4cd84f6bfefd4947fe81b19c4034c1cac2b5d920ee81eb28c2e4ea11c2a93,5CD,SOUS_SOL,,,UNAVAILABLE,True,missing_value,not_a_text_check,"[""NN-60""]",,[],,[],False,False
IMB,94,77b4cd84f6bfefd4947fe81b19c4034c1cac2b5d920ee81eb28c2e4ea11c2a93,5CD,SOUS_SOL_COMMUN,,,UNAVAILABLE,True,missing_value,not_a_text_check,"[""NN-60""]",,[],,[],False,False
IMB,94,77b4cd84f6bfefd4947fe81b19c4034c1cac2b5d920ee81eb28c2e4ea11c2a93,5CD,BPE_CODE,,,UNAVAILABLE,True,missing_value,not_a_text_check,"[""NN-60""]",,[],,[],False,False
IMB,94,77b4cd84f6bfefd4947fe81b19c4034c1cac2b5d920ee81eb28c2e4ea11c2a93,5CD,X,12543756.894105613,12543756.894105613,DWG_DERIVED:GEODATA+direct-CRS-transform,False,exact,not_a_text_check,"[""NN-60""]",,[],,[],False,False
IMB,94,77b4cd84f6bfefd4947fe81b19c4034c1cac2b5d920ee81eb28c2e4ea11c2a93,5CD,Y,-821637.523744968,-821637.523744968,DWG_DERIVED:GEODATA+direct-CRS-transform,False,exact,not_a_text_check,"[""NN-60""]",,[],,[],False,False
IMB,94,77b4cd84f6bfefd4947fe81b19c4034c1cac2b5d920ee81eb28c2e4ea11c2a93,5CD,display_label,NN-60,NN-60,DWG_DIRECT:text|RULE:AI-IMB-LABEL-001,False,exact,exact,"[""NN-60""]",,[],,[],False,False
IMB,95,ff505cb2bf40bfa895849f7a836267039b782a239ba8f2d4ac8e6f3c03a29dfd,58D,CODE,GUDANG-38,GUDANG-38,DWG_DIRECT:text|RULE:AI-IMB-CODE-001,False,exact,exact,"[""GUDANG-38""]",,[],,[],False,False
IMB,95,ff505cb2bf40bfa895849f7a836267039b782a239ba8f2d4ac8e6f3c03a29dfd,58D,REF_PLAQUE,,,UNAVAILABLE,True,missing_value,not_a_text_check,"[""GUDANG-38""]",,[],,[],False,False
IMB,95,ff505cb2bf40bfa895849f7a836267039b782a239ba8f2d4ac8e6f3c03a29dfd,58D,REGION,,,UNAVAILABLE,True,missing_value,not_a_text_check,"[""GUDANG-38""]",,[],,[],False,False
IMB,95,ff505cb2bf40bfa895849f7a836267039b782a239ba8f2d4ac8e6f3c03a29dfd,58D,PROVINCE,,,UNAVAILABLE,True,missing_value,not_a_text_check,"[""GUDANG-38""]",,[],,[],False,False
IMB,95,ff505cb2bf40bfa895849f7a836267039b782a239ba8f2d4ac8e6f3c03a29dfd,58D,VILLE,,,UNAVAILABLE,True,missing_value,not_a_text_check,"[""GUDANG-38""]",,[],,[],False,False
IMB,95,ff505cb2bf40bfa895849f7a836267039b782a239ba8f2d4ac8e6f3c03a29dfd,58D,COMMUNE,,,UNAVAILABLE,True,missing_value,not_a_text_check,"[""GUDANG-38""]",,[],,[],False,False
IMB,95,ff505cb2bf40bfa895849f7a836267039b782a239ba8f2d4ac8e6f3c03a29dfd,58D,CODE_POSTAL,,,UNAVAILABLE,True,missing_value,not_a_text_check,"[""GUDANG-38""]",,[],,[],False,False
IMB,95,ff505cb2bf40bfa895849f7a836267039b782a239ba8f2d4ac8e6f3c03a29dfd,58D,NUMERO_VOIE,,,UNAVAILABLE,True,missing_value,not_a_text_check,"[""GUDANG-38""]",,[],,[],False,False
IMB,95,ff505cb2bf40bfa895849f7a836267039b782a239ba8f2d4ac8e6f3c03a29dfd,58D,TYPE_VOIE,,,UNAVAILABLE,True,missing_value,not_a_text_check,"[""GUDANG-38""]",,[],,[],False,False
IMB,95,ff505cb2bf40bfa895849f7a836267039b782a239ba8f2d4ac8e6f3c03a29dfd,58D,TYPE_BATIMENT,,,UNAVAILABLE,True,missing_value,not_a_text_check,"[""GUDANG-38""]",,[],,[],False,False
IMB,95,ff505cb2bf40bfa895849f7a836267039b782a239ba8f2d4ac8e6f3c03a29dfd,58D,TYPE_CLIENT,,,UNAVAILABLE,True,missing_value,not_a_text_check,"[""GUDANG-38""]",,[],,[],False,False
IMB,95,ff505cb2bf40bfa895849f7a836267039b782a239ba8f2d4ac8e6f3c03a29dfd,58D,NB_LOC_RES,,,UNAVAILABLE,True,missing_value,not_a_text_check,"[""GUDANG-38""]",,[],,[],False,False
IMB,95,ff505cb2bf40bfa895849f7a836267039b782a239ba8f2d4ac8e6f3c03a29dfd,58D,NB_LOC_PRO,,,UNAVAILABLE,True,missing_value,not_a_text_check,"[""GUDANG-38""]",,[],,[],False,False
IMB,95,ff505cb2bf40bfa895849f7a836267039b782a239ba8f2d4ac8e6f3c03a29dfd,58D,NB_LOC_TOT,,,UNAVAILABLE,True,missing_value,not_a_text_check,"[""GUDANG-38""]",,[],,[],False,False
IMB,95,ff505cb2bf40bfa895849f7a836267039b782a239ba8f2d4ac8e6f3c03a29dfd,58D,RACCORDEMENT,,,UNAVAILABLE,True,missing_value,not_a_text_check,"[""GUDANG-38""]",,[],,[],False,False
IMB,95,ff505cb2bf40bfa895849f7a836267039b782a239ba8f2d4ac8e6f3c03a29dfd,58D,STATUT,,,UNAVAILABLE,True,missing_value,not_a_text_check,"[""GUDANG-38""]",,[],,[],False,False
IMB,95,ff505cb2bf40bfa895849f7a836267039b782a239ba8f2d4ac8e6f3c03a29dfd,58D,NB_ETAGE,,,UNAVAILABLE,True,missing_value,not_a_text_check,"[""GUDANG-38""]",,[],,[],False,False
IMB,95,ff505cb2bf40bfa895849f7a836267039b782a239ba8f2d4ac8e6f3c03a29dfd,58D,COL_MONTANTE,,,UNAVAILABLE,True,missing_value,not_a_text_check,"[""GUDANG-38""]",,[],,[],False,False
IMB,95,ff505cb2bf40bfa895849f7a836267039b782a239ba8f2d4ac8e6f3c03a29dfd,58D,SOUS_SOL,,,UNAVAILABLE,True,missing_value,not_a_text_check,"[""GUDANG-38""]",,[],,[],False,False
IMB,95,ff505cb2bf40bfa895849f7a836267039b782a239ba8f2d4ac8e6f3c03a29dfd,58D,SOUS_SOL_COMMUN,,,UNAVAILABLE,True,missing_value,not_a_text_check,"[""GUDANG-38""]",,[],,[],False,False
IMB,95,ff505cb2bf40bfa895849f7a836267039b782a239ba8f2d4ac8e6f3c03a29dfd,58D,BPE_CODE,,,UNAVAILABLE,True,missing_value,not_a_text_check,"[""GUDANG-38""]",,[],,[],False,False
IMB,95,ff505cb2bf40bfa895849f7a836267039b782a239ba8f2d4ac8e6f3c03a29dfd,58D,X,12544008.803900992,12544008.803900992,DWG_DERIVED:GEODATA+direct-CRS-transform,False,exact,not_a_text_check,"[""GUDANG-38""]",,[],,[],False,False
IMB,95,ff505cb2bf40bfa895849f7a836267039b782a239ba8f2d4ac8e6f3c03a29dfd,58D,Y,-821568.438582462,-821568.438582462,DWG_DERIVED:GEODATA+direct-CRS-transform,False,exact,not_a_text_check,"[""GUDANG-38""]",,[],,[],False,False
IMB,95,ff505cb2bf40bfa895849f7a836267039b782a239ba8f2d4ac8e6f3c03a29dfd,58D,display_label,GUDANG-38,GUDANG-38,DWG_DIRECT:text|RULE:AI-IMB-LABEL-001,False,exact,exact,"[""GUDANG-38""]",,[],,[],False,False
IMB,96,5dc750c1ca8755fb64c86d43233dfcffc76adc7a1068bfb8da21f21708b0301f,56C,CODE,GUDANG-5,GUDANG-5,DWG_DIRECT:text|RULE:AI-IMB-CODE-001,False,exact,exact,"[""GUDANG-5""]",,[],,[],False,False
IMB,96,5dc750c1ca8755fb64c86d43233dfcffc76adc7a1068bfb8da21f21708b0301f,56C,REF_PLAQUE,,,UNAVAILABLE,True,missing_value,not_a_text_check,"[""GUDANG-5""]",,[],,[],False,False
IMB,96,5dc750c1ca8755fb64c86d43233dfcffc76adc7a1068bfb8da21f21708b0301f,56C,REGION,,,UNAVAILABLE,True,missing_value,not_a_text_check,"[""GUDANG-5""]",,[],,[],False,False
IMB,96,5dc750c1ca8755fb64c86d43233dfcffc76adc7a1068bfb8da21f21708b0301f,56C,PROVINCE,,,UNAVAILABLE,True,missing_value,not_a_text_check,"[""GUDANG-5""]",,[],,[],False,False
IMB,96,5dc750c1ca8755fb64c86d43233dfcffc76adc7a1068bfb8da21f21708b0301f,56C,VILLE,,,UNAVAILABLE,True,missing_value,not_a_text_check,"[""GUDANG-5""]",,[],,[],False,False
IMB,96,5dc750c1ca8755fb64c86d43233dfcffc76adc7a1068bfb8da21f21708b0301f,56C,COMMUNE,,,UNAVAILABLE,True,missing_value,not_a_text_check,"[""GUDANG-5""]",,[],,[],False,False
IMB,96,5dc750c1ca8755fb64c86d43233dfcffc76adc7a1068bfb8da21f21708b0301f,56C,CODE_POSTAL,,,UNAVAILABLE,True,missing_value,not_a_text_check,"[""GUDANG-5""]",,[],,[],False,False
IMB,96,5dc750c1ca8755fb64c86d43233dfcffc76adc7a1068bfb8da21f21708b0301f,56C,NUMERO_VOIE,,,UNAVAILABLE,True,missing_value,not_a_text_check,"[""GUDANG-5""]",,[],,[],False,False
IMB,96,5dc750c1ca8755fb64c86d43233dfcffc76adc7a1068bfb8da21f21708b0301f,56C,TYPE_VOIE,,,UNAVAILABLE,True,missing_value,not_a_text_check,"[""GUDANG-5""]",,[],,[],False,False
IMB,96,5dc750c1ca8755fb64c86d43233dfcffc76adc7a1068bfb8da21f21708b0301f,56C,TYPE_BATIMENT,,,UNAVAILABLE,True,missing_value,not_a_text_check,"[""GUDANG-5""]",,[],,[],False,False
IMB,96,5dc750c1ca8755fb64c86d43233dfcffc76adc7a1068bfb8da21f21708b0301f,56C,TYPE_CLIENT,,,UNAVAILABLE,True,missing_value,not_a_text_check,"[""GUDANG-5""]",,[],,[],False,False
IMB,96,5dc750c1ca8755fb64c86d43233dfcffc76adc7a1068bfb8da21f21708b0301f,56C,NB_LOC_RES,,,UNAVAILABLE,True,missing_value,not_a_text_check,"[""GUDANG-5""]",,[],,[],False,False
IMB,96,5dc750c1ca8755fb64c86d43233dfcffc76adc7a1068bfb8da21f21708b0301f,56C,NB_LOC_PRO,,,UNAVAILABLE,True,missing_value,not_a_text_check,"[""GUDANG-5""]",,[],,[],False,False
IMB,96,5dc750c1ca8755fb64c86d43233dfcffc76adc7a1068bfb8da21f21708b0301f,56C,NB_LOC_TOT,,,UNAVAILABLE,True,missing_value,not_a_text_check,"[""GUDANG-5""]",,[],,[],False,False
IMB,96,5dc750c1ca8755fb64c86d43233dfcffc76adc7a1068bfb8da21f21708b0301f,56C,RACCORDEMENT,,,UNAVAILABLE,True,missing_value,not_a_text_check,"[""GUDANG-5""]",,[],,[],False,False
IMB,96,5dc750c1ca8755fb64c86d43233dfcffc76adc7a1068bfb8da21f21708b0301f,56C,STATUT,,,UNAVAILABLE,True,missing_value,not_a_text_check,"[""GUDANG-5""]",,[],,[],False,False
IMB,96,5dc750c1ca8755fb64c86d43233dfcffc76adc7a1068bfb8da21f21708b0301f,56C,NB_ETAGE,,,UNAVAILABLE,True,missing_value,not_a_text_check,"[""GUDANG-5""]",,[],,[],False,False
IMB,96,5dc750c1ca8755fb64c86d43233dfcffc76adc7a1068bfb8da21f21708b0301f,56C,COL_MONTANTE,,,UNAVAILABLE,True,missing_value,not_a_text_check,"[""GUDANG-5""]",,[],,[],False,False
IMB,96,5dc750c1ca8755fb64c86d43233dfcffc76adc7a1068bfb8da21f21708b0301f,56C,SOUS_SOL,,,UNAVAILABLE,True,missing_value,not_a_text_check,"[""GUDANG-5""]",,[],,[],False,False
IMB,96,5dc750c1ca8755fb64c86d43233dfcffc76adc7a1068bfb8da21f21708b0301f,56C,SOUS_SOL_COMMUN,,,UNAVAILABLE,True,missing_value,not_a_text_check,"[""GUDANG-5""]",,[],,[],False,False
IMB,96,5dc750c1ca8755fb64c86d43233dfcffc76adc7a1068bfb8da21f21708b0301f,56C,BPE_CODE,,,UNAVAILABLE,True,missing_value,not_a_text_check,"[""GUDANG-5""]",,[],,[],False,False
IMB,96,5dc750c1ca8755fb64c86d43233dfcffc76adc7a1068bfb8da21f21708b0301f,56C,X,12543757.467531793,12543757.467531793,DWG_DERIVED:GEODATA+direct-CRS-transform,False,exact,not_a_text_check,"[""GUDANG-5""]",,[],,[],False,False
IMB,96,5dc750c1ca8755fb64c86d43233dfcffc76adc7a1068bfb8da21f21708b0301f,56C,Y,-821978.8507611216,-821978.8507611216,DWG_DERIVED:GEODATA+direct-CRS-transform,False,exact,not_a_text_check,"[""GUDANG-5""]",,[],,[],False,False
IMB,96,5dc750c1ca8755fb64c86d43233dfcffc76adc7a1068bfb8da21f21708b0301f,56C,display_label,GUDANG-5,GUDANG-5,DWG_DIRECT:text|RULE:AI-IMB-LABEL-001,False,exact,exact,"[""GUDANG-5""]",,[],,[],False,False
IMB,97,3894ca6577a60932655f32d9abaf615c83349615296aaf017d427a5e2e71a3f6,5E9,CODE,NN-87,NN-87,DWG_DIRECT:text|RULE:AI-IMB-CODE-001,False,exact,exact,"[""NN-87""]",,[],,[],False,False
IMB,97,3894ca6577a60932655f32d9abaf615c83349615296aaf017d427a5e2e71a3f6,5E9,REF_PLAQUE,,,UNAVAILABLE,True,missing_value,not_a_text_check,"[""NN-87""]",,[],,[],False,False
IMB,97,3894ca6577a60932655f32d9abaf615c83349615296aaf017d427a5e2e71a3f6,5E9,REGION,,,UNAVAILABLE,True,missing_value,not_a_text_check,"[""NN-87""]",,[],,[],False,False
IMB,97,3894ca6577a60932655f32d9abaf615c83349615296aaf017d427a5e2e71a3f6,5E9,PROVINCE,,,UNAVAILABLE,True,missing_value,not_a_text_check,"[""NN-87""]",,[],,[],False,False
IMB,97,3894ca6577a60932655f32d9abaf615c83349615296aaf017d427a5e2e71a3f6,5E9,VILLE,,,UNAVAILABLE,True,missing_value,not_a_text_check,"[""NN-87""]",,[],,[],False,False
IMB,97,3894ca6577a60932655f32d9abaf615c83349615296aaf017d427a5e2e71a3f6,5E9,COMMUNE,,,UNAVAILABLE,True,missing_value,not_a_text_check,"[""NN-87""]",,[],,[],False,False
IMB,97,3894ca6577a60932655f32d9abaf615c83349615296aaf017d427a5e2e71a3f6,5E9,CODE_POSTAL,,,UNAVAILABLE,True,missing_value,not_a_text_check,"[""NN-87""]",,[],,[],False,False
IMB,97,3894ca6577a60932655f32d9abaf615c83349615296aaf017d427a5e2e71a3f6,5E9,NUMERO_VOIE,,,UNAVAILABLE,True,missing_value,not_a_text_check,"[""NN-87""]",,[],,[],False,False
IMB,97,3894ca6577a60932655f32d9abaf615c83349615296aaf017d427a5e2e71a3f6,5E9,TYPE_VOIE,,,UNAVAILABLE,True,missing_value,not_a_text_check,"[""NN-87""]",,[],,[],False,False
IMB,97,3894ca6577a60932655f32d9abaf615c83349615296aaf017d427a5e2e71a3f6,5E9,TYPE_BATIMENT,,,UNAVAILABLE,True,missing_value,not_a_text_check,"[""NN-87""]",,[],,[],False,False
IMB,97,3894ca6577a60932655f32d9abaf615c83349615296aaf017d427a5e2e71a3f6,5E9,TYPE_CLIENT,,,UNAVAILABLE,True,missing_value,not_a_text_check,"[""NN-87""]",,[],,[],False,False
IMB,97,3894ca6577a60932655f32d9abaf615c83349615296aaf017d427a5e2e71a3f6,5E9,NB_LOC_RES,,,UNAVAILABLE,True,missing_value,not_a_text_check,"[""NN-87""]",,[],,[],False,False
IMB,97,3894ca6577a60932655f32d9abaf615c83349615296aaf017d427a5e2e71a3f6,5E9,NB_LOC_PRO,,,UNAVAILABLE,True,missing_value,not_a_text_check,"[""NN-87""]",,[],,[],False,False
IMB,97,3894ca6577a60932655f32d9abaf615c83349615296aaf017d427a5e2e71a3f6,5E9,NB_LOC_TOT,,,UNAVAILABLE,True,missing_value,not_a_text_check,"[""NN-87""]",,[],,[],False,False
IMB,97,3894ca6577a60932655f32d9abaf615c83349615296aaf017d427a5e2e71a3f6,5E9,RACCORDEMENT,,,UNAVAILABLE,True,missing_value,not_a_text_check,"[""NN-87""]",,[],,[],False,False
IMB,97,3894ca6577a60932655f32d9abaf615c83349615296aaf017d427a5e2e71a3f6,5E9,STATUT,,,UNAVAILABLE,True,missing_value,not_a_text_check,"[""NN-87""]",,[],,[],False,False
IMB,97,3894ca6577a60932655f32d9abaf615c83349615296aaf017d427a5e2e71a3f6,5E9,NB_ETAGE,,,UNAVAILABLE,True,missing_value,not_a_text_check,"[""NN-87""]",,[],,[],False,False
IMB,97,3894ca6577a60932655f32d9abaf615c83349615296aaf017d427a5e2e71a3f6,5E9,COL_MONTANTE,,,UNAVAILABLE,True,missing_value,not_a_text_check,"[""NN-87""]",,[],,[],False,False
IMB,97,3894ca6577a60932655f32d9abaf615c83349615296aaf017d427a5e2e71a3f6,5E9,SOUS_SOL,,,UNAVAILABLE,True,missing_value,not_a_text_check,"[""NN-87""]",,[],,[],False,False
IMB,97,3894ca6577a60932655f32d9abaf615c83349615296aaf017d427a5e2e71a3f6,5E9,SOUS_SOL_COMMUN,,,UNAVAILABLE,True,missing_value,not_a_text_check,"[""NN-87""]",,[],,[],False,False
IMB,97,3894ca6577a60932655f32d9abaf615c83349615296aaf017d427a5e2e71a3f6,5E9,BPE_CODE,,,UNAVAILABLE,True,missing_value,not_a_text_check,"[""NN-87""]",,[],,[],False,False
IMB,97,3894ca6577a60932655f32d9abaf615c83349615296aaf017d427a5e2e71a3f6,5E9,X,12543739.167199964,12543739.167199964,DWG_DERIVED:GEODATA+direct-CRS-transform,False,exact,not_a_text_check,"[""NN-87""]",,[],,[],False,False
IMB,97,3894ca6577a60932655f32d9abaf615c83349615296aaf017d427a5e2e71a3f6,5E9,Y,-821534.4891866236,-821534.4891866236,DWG_DERIVED:GEODATA+direct-CRS-transform,False,exact,not_a_text_check,"[""NN-87""]",,[],,[],False,False
IMB,97,3894ca6577a60932655f32d9abaf615c83349615296aaf017d427a5e2e71a3f6,5E9,display_label,NN-87,NN-87,DWG_DIRECT:text|RULE:AI-IMB-LABEL-001,False,exact,exact,"[""NN-87""]",,[],,[],False,False
IMB,98,72f41dd60e4003fa2829fd46d6cb1b4af269907a221b767f79db8e42e96ff215,5C3,CODE,NN-52,NN-52,DWG_DIRECT:text|RULE:AI-IMB-CODE-001,False,exact,exact,"[""NN-52""]",,[],,[],False,False
IMB,98,72f41dd60e4003fa2829fd46d6cb1b4af269907a221b767f79db8e42e96ff215,5C3,REF_PLAQUE,,,UNAVAILABLE,True,missing_value,not_a_text_check,"[""NN-52""]",,[],,[],False,False
IMB,98,72f41dd60e4003fa2829fd46d6cb1b4af269907a221b767f79db8e42e96ff215,5C3,REGION,,,UNAVAILABLE,True,missing_value,not_a_text_check,"[""NN-52""]",,[],,[],False,False
IMB,98,72f41dd60e4003fa2829fd46d6cb1b4af269907a221b767f79db8e42e96ff215,5C3,PROVINCE,,,UNAVAILABLE,True,missing_value,not_a_text_check,"[""NN-52""]",,[],,[],False,False
IMB,98,72f41dd60e4003fa2829fd46d6cb1b4af269907a221b767f79db8e42e96ff215,5C3,VILLE,,,UNAVAILABLE,True,missing_value,not_a_text_check,"[""NN-52""]",,[],,[],False,False
IMB,98,72f41dd60e4003fa2829fd46d6cb1b4af269907a221b767f79db8e42e96ff215,5C3,COMMUNE,,,UNAVAILABLE,True,missing_value,not_a_text_check,"[""NN-52""]",,[],,[],False,False
IMB,98,72f41dd60e4003fa2829fd46d6cb1b4af269907a221b767f79db8e42e96ff215,5C3,CODE_POSTAL,,,UNAVAILABLE,True,missing_value,not_a_text_check,"[""NN-52""]",,[],,[],False,False
IMB,98,72f41dd60e4003fa2829fd46d6cb1b4af269907a221b767f79db8e42e96ff215,5C3,NUMERO_VOIE,,,UNAVAILABLE,True,missing_value,not_a_text_check,"[""NN-52""]",,[],,[],False,False
IMB,98,72f41dd60e4003fa2829fd46d6cb1b4af269907a221b767f79db8e42e96ff215,5C3,TYPE_VOIE,,,UNAVAILABLE,True,missing_value,not_a_text_check,"[""NN-52""]",,[],,[],False,False
IMB,98,72f41dd60e4003fa2829fd46d6cb1b4af269907a221b767f79db8e42e96ff215,5C3,TYPE_BATIMENT,,,UNAVAILABLE,True,missing_value,not_a_text_check,"[""NN-52""]",,[],,[],False,False
IMB,98,72f41dd60e4003fa2829fd46d6cb1b4af269907a221b767f79db8e42e96ff215,5C3,TYPE_CLIENT,,,UNAVAILABLE,True,missing_value,not_a_text_check,"[""NN-52""]",,[],,[],False,False
IMB,98,72f41dd60e4003fa2829fd46d6cb1b4af269907a221b767f79db8e42e96ff215,5C3,NB_LOC_RES,,,UNAVAILABLE,True,missing_value,not_a_text_check,"[""NN-52""]",,[],,[],False,False
IMB,98,72f41dd60e4003fa2829fd46d6cb1b4af269907a221b767f79db8e42e96ff215,5C3,NB_LOC_PRO,,,UNAVAILABLE,True,missing_value,not_a_text_check,"[""NN-52""]",,[],,[],False,False
IMB,98,72f41dd60e4003fa2829fd46d6cb1b4af269907a221b767f79db8e42e96ff215,5C3,NB_LOC_TOT,,,UNAVAILABLE,True,missing_value,not_a_text_check,"[""NN-52""]",,[],,[],False,False
IMB,98,72f41dd60e4003fa2829fd46d6cb1b4af269907a221b767f79db8e42e96ff215,5C3,RACCORDEMENT,,,UNAVAILABLE,True,missing_value,not_a_text_check,"[""NN-52""]",,[],,[],False,False
IMB,98,72f41dd60e4003fa2829fd46d6cb1b4af269907a221b767f79db8e42e96ff215,5C3,STATUT,,,UNAVAILABLE,True,missing_value,not_a_text_check,"[""NN-52""]",,[],,[],False,False
IMB,98,72f41dd60e4003fa2829fd46d6cb1b4af269907a221b767f79db8e42e96ff215,5C3,NB_ETAGE,,,UNAVAILABLE,True,missing_value,not_a_text_check,"[""NN-52""]",,[],,[],False,False
IMB,98,72f41dd60e4003fa2829fd46d6cb1b4af269907a221b767f79db8e42e96ff215,5C3,COL_MONTANTE,,,UNAVAILABLE,True,missing_value,not_a_text_check,"[""NN-52""]",,[],,[],False,False
IMB,98,72f41dd60e4003fa2829fd46d6cb1b4af269907a221b767f79db8e42e96ff215,5C3,SOUS_SOL,,,UNAVAILABLE,True,missing_value,not_a_text_check,"[""NN-52""]",,[],,[],False,False
IMB,98,72f41dd60e4003fa2829fd46d6cb1b4af269907a221b767f79db8e42e96ff215,5C3,SOUS_SOL_COMMUN,,,UNAVAILABLE,True,missing_value,not_a_text_check,"[""NN-52""]",,[],,[],False,False
IMB,98,72f41dd60e4003fa2829fd46d6cb1b4af269907a221b767f79db8e42e96ff215,5C3,BPE_CODE,,,UNAVAILABLE,True,missing_value,not_a_text_check,"[""NN-52""]",,[],,[],False,False
IMB,98,72f41dd60e4003fa2829fd46d6cb1b4af269907a221b767f79db8e42e96ff215,5C3,X,12543685.752654461,12543685.752654461,DWG_DERIVED:GEODATA+direct-CRS-transform,False,exact,not_a_text_check,"[""NN-52""]",,[],,[],False,False
IMB,98,72f41dd60e4003fa2829fd46d6cb1b4af269907a221b767f79db8e42e96ff215,5C3,Y,-821621.568244799,-821621.568244799,DWG_DERIVED:GEODATA+direct-CRS-transform,False,exact,not_a_text_check,"[""NN-52""]",,[],,[],False,False
IMB,98,72f41dd60e4003fa2829fd46d6cb1b4af269907a221b767f79db8e42e96ff215,5C3,display_label,NN-52,NN-52,DWG_DIRECT:text|RULE:AI-IMB-LABEL-001,False,exact,exact,"[""NN-52""]",,[],,[],False,False
IMB,99,f7b17664ffd71b641a51871304ecc512a27a7211fa2be189fd084b2462a9693f,56F,CODE,GUDANG-8,GUDANG-8,DWG_DIRECT:text|RULE:AI-IMB-CODE-001,False,exact,exact,"[""GUDANG-8""]",,[],,[],False,False
IMB,99,f7b17664ffd71b641a51871304ecc512a27a7211fa2be189fd084b2462a9693f,56F,REF_PLAQUE,,,UNAVAILABLE,True,missing_value,not_a_text_check,"[""GUDANG-8""]",,[],,[],False,False
IMB,99,f7b17664ffd71b641a51871304ecc512a27a7211fa2be189fd084b2462a9693f,56F,REGION,,,UNAVAILABLE,True,missing_value,not_a_text_check,"[""GUDANG-8""]",,[],,[],False,False
IMB,99,f7b17664ffd71b641a51871304ecc512a27a7211fa2be189fd084b2462a9693f,56F,PROVINCE,,,UNAVAILABLE,True,missing_value,not_a_text_check,"[""GUDANG-8""]",,[],,[],False,False
IMB,99,f7b17664ffd71b641a51871304ecc512a27a7211fa2be189fd084b2462a9693f,56F,VILLE,,,UNAVAILABLE,True,missing_value,not_a_text_check,"[""GUDANG-8""]",,[],,[],False,False
IMB,99,f7b17664ffd71b641a51871304ecc512a27a7211fa2be189fd084b2462a9693f,56F,COMMUNE,,,UNAVAILABLE,True,missing_value,not_a_text_check,"[""GUDANG-8""]",,[],,[],False,False
IMB,99,f7b17664ffd71b641a51871304ecc512a27a7211fa2be189fd084b2462a9693f,56F,CODE_POSTAL,,,UNAVAILABLE,True,missing_value,not_a_text_check,"[""GUDANG-8""]",,[],,[],False,False
IMB,99,f7b17664ffd71b641a51871304ecc512a27a7211fa2be189fd084b2462a9693f,56F,NUMERO_VOIE,,,UNAVAILABLE,True,missing_value,not_a_text_check,"[""GUDANG-8""]",,[],,[],False,False
IMB,99,f7b17664ffd71b641a51871304ecc512a27a7211fa2be189fd084b2462a9693f,56F,TYPE_VOIE,,,UNAVAILABLE,True,missing_value,not_a_text_check,"[""GUDANG-8""]",,[],,[],False,False
IMB,99,f7b17664ffd71b641a51871304ecc512a27a7211fa2be189fd084b2462a9693f,56F,TYPE_BATIMENT,,,UNAVAILABLE,True,missing_value,not_a_text_check,"[""GUDANG-8""]",,[],,[],False,False
IMB,99,f7b17664ffd71b641a51871304ecc512a27a7211fa2be189fd084b2462a9693f,56F,TYPE_CLIENT,,,UNAVAILABLE,True,missing_value,not_a_text_check,"[""GUDANG-8""]",,[],,[],False,False
IMB,99,f7b17664ffd71b641a51871304ecc512a27a7211fa2be189fd084b2462a9693f,56F,NB_LOC_RES,,,UNAVAILABLE,True,missing_value,not_a_text_check,"[""GUDANG-8""]",,[],,[],False,False
IMB,99,f7b17664ffd71b641a51871304ecc512a27a7211fa2be189fd084b2462a9693f,56F,NB_LOC_PRO,,,UNAVAILABLE,True,missing_value,not_a_text_check,"[""GUDANG-8""]",,[],,[],False,False
IMB,99,f7b17664ffd71b641a51871304ecc512a27a7211fa2be189fd084b2462a9693f,56F,NB_LOC_TOT,,,UNAVAILABLE,True,missing_value,not_a_text_check,"[""GUDANG-8""]",,[],,[],False,False
IMB,99,f7b17664ffd71b641a51871304ecc512a27a7211fa2be189fd084b2462a9693f,56F,RACCORDEMENT,,,UNAVAILABLE,True,missing_value,not_a_text_check,"[""GUDANG-8""]",,[],,[],False,False
IMB,99,f7b17664ffd71b641a51871304ecc512a27a7211fa2be189fd084b2462a9693f,56F,STATUT,,,UNAVAILABLE,True,missing_value,not_a_text_check,"[""GUDANG-8""]",,[],,[],False,False
IMB,99,f7b17664ffd71b641a51871304ecc512a27a7211fa2be189fd084b2462a9693f,56F,NB_ETAGE,,,UNAVAILABLE,True,missing_value,not_a_text_check,"[""GUDANG-8""]",,[],,[],False,False
IMB,99,f7b17664ffd71b641a51871304ecc512a27a7211fa2be189fd084b2462a9693f,56F,COL_MONTANTE,,,UNAVAILABLE,True,missing_value,not_a_text_check,"[""GUDANG-8""]",,[],,[],False,False
IMB,99,f7b17664ffd71b641a51871304ecc512a27a7211fa2be189fd084b2462a9693f,56F,SOUS_SOL,,,UNAVAILABLE,True,missing_value,not_a_text_check,"[""GUDANG-8""]",,[],,[],False,False
IMB,99,f7b17664ffd71b641a51871304ecc512a27a7211fa2be189fd084b2462a9693f,56F,SOUS_SOL_COMMUN,,,UNAVAILABLE,True,missing_value,not_a_text_check,"[""GUDANG-8""]",,[],,[],False,False
IMB,99,f7b17664ffd71b641a51871304ecc512a27a7211fa2be189fd084b2462a9693f,56F,BPE_CODE,,,UNAVAILABLE,True,missing_value,not_a_text_check,"[""GUDANG-8""]",,[],,[],False,False
IMB,99,f7b17664ffd71b641a51871304ecc512a27a7211fa2be189fd084b2462a9693f,56F,X,12543831.31982966,12543831.31982966,DWG_DERIVED:GEODATA+direct-CRS-transform,False,exact,not_a_text_check,"[""GUDANG-8""]",,[],,[],False,False
IMB,99,f7b17664ffd71b641a51871304ecc512a27a7211fa2be189fd084b2462a9693f,56F,Y,-821964.8764483386,-821964.8764483386,DWG_DERIVED:GEODATA+direct-CRS-transform,False,exact,not_a_text_check,"[""GUDANG-8""]",,[],,[],False,False
IMB,99,f7b17664ffd71b641a51871304ecc512a27a7211fa2be189fd084b2462a9693f,56F,display_label,GUDANG-8,GUDANG-8,DWG_DIRECT:text|RULE:AI-IMB-LABEL-001,False,exact,exact,"[""GUDANG-8""]",,[],,[],False,False
IMB,100,6c9f4d5c6d5da88e5c05c9ca5cd7910c267fceb4387465cbc3d1f1a71f38222f,607,CODE,NN-117,NN-117,DWG_DIRECT:text|RULE:AI-IMB-CODE-001,False,exact,exact,"[""NN-117""]",,[],,[],False,False
IMB,100,6c9f4d5c6d5da88e5c05c9ca5cd7910c267fceb4387465cbc3d1f1a71f38222f,607,REF_PLAQUE,,,UNAVAILABLE,True,missing_value,not_a_text_check,"[""NN-117""]",,[],,[],False,False
IMB,100,6c9f4d5c6d5da88e5c05c9ca5cd7910c267fceb4387465cbc3d1f1a71f38222f,607,REGION,,,UNAVAILABLE,True,missing_value,not_a_text_check,"[""NN-117""]",,[],,[],False,False
IMB,100,6c9f4d5c6d5da88e5c05c9ca5cd7910c267fceb4387465cbc3d1f1a71f38222f,607,PROVINCE,,,UNAVAILABLE,True,missing_value,not_a_text_check,"[""NN-117""]",,[],,[],False,False
IMB,100,6c9f4d5c6d5da88e5c05c9ca5cd7910c267fceb4387465cbc3d1f1a71f38222f,607,VILLE,,,UNAVAILABLE,True,missing_value,not_a_text_check,"[""NN-117""]",,[],,[],False,False
IMB,100,6c9f4d5c6d5da88e5c05c9ca5cd7910c267fceb4387465cbc3d1f1a71f38222f,607,COMMUNE,,,UNAVAILABLE,True,missing_value,not_a_text_check,"[""NN-117""]",,[],,[],False,False
IMB,100,6c9f4d5c6d5da88e5c05c9ca5cd7910c267fceb4387465cbc3d1f1a71f38222f,607,CODE_POSTAL,,,UNAVAILABLE,True,missing_value,not_a_text_check,"[""NN-117""]",,[],,[],False,False
IMB,100,6c9f4d5c6d5da88e5c05c9ca5cd7910c267fceb4387465cbc3d1f1a71f38222f,607,NUMERO_VOIE,,,UNAVAILABLE,True,missing_value,not_a_text_check,"[""NN-117""]",,[],,[],False,False
IMB,100,6c9f4d5c6d5da88e5c05c9ca5cd7910c267fceb4387465cbc3d1f1a71f38222f,607,TYPE_VOIE,,,UNAVAILABLE,True,missing_value,not_a_text_check,"[""NN-117""]",,[],,[],False,False
IMB,100,6c9f4d5c6d5da88e5c05c9ca5cd7910c267fceb4387465cbc3d1f1a71f38222f,607,TYPE_BATIMENT,,,UNAVAILABLE,True,missing_value,not_a_text_check,"[""NN-117""]",,[],,[],False,False
IMB,100,6c9f4d5c6d5da88e5c05c9ca5cd7910c267fceb4387465cbc3d1f1a71f38222f,607,TYPE_CLIENT,,,UNAVAILABLE,True,missing_value,not_a_text_check,"[""NN-117""]",,[],,[],False,False
IMB,100,6c9f4d5c6d5da88e5c05c9ca5cd7910c267fceb4387465cbc3d1f1a71f38222f,607,NB_LOC_RES,,,UNAVAILABLE,True,missing_value,not_a_text_check,"[""NN-117""]",,[],,[],False,False
IMB,100,6c9f4d5c6d5da88e5c05c9ca5cd7910c267fceb4387465cbc3d1f1a71f38222f,607,NB_LOC_PRO,,,UNAVAILABLE,True,missing_value,not_a_text_check,"[""NN-117""]",,[],,[],False,False
IMB,100,6c9f4d5c6d5da88e5c05c9ca5cd7910c267fceb4387465cbc3d1f1a71f38222f,607,NB_LOC_TOT,,,UNAVAILABLE,True,missing_value,not_a_text_check,"[""NN-117""]",,[],,[],False,False
IMB,100,6c9f4d5c6d5da88e5c05c9ca5cd7910c267fceb4387465cbc3d1f1a71f38222f,607,RACCORDEMENT,,,UNAVAILABLE,True,missing_value,not_a_text_check,"[""NN-117""]",,[],,[],False,False
IMB,100,6c9f4d5c6d5da88e5c05c9ca5cd7910c267fceb4387465cbc3d1f1a71f38222f,607,STATUT,,,UNAVAILABLE,True,missing_value,not_a_text_check,"[""NN-117""]",,[],,[],False,False
IMB,100,6c9f4d5c6d5da88e5c05c9ca5cd7910c267fceb4387465cbc3d1f1a71f38222f,607,NB_ETAGE,,,UNAVAILABLE,True,missing_value,not_a_text_check,"[""NN-117""]",,[],,[],False,False
IMB,100,6c9f4d5c6d5da88e5c05c9ca5cd7910c267fceb4387465cbc3d1f1a71f38222f,607,COL_MONTANTE,,,UNAVAILABLE,True,missing_value,not_a_text_check,"[""NN-117""]",,[],,[],False,False
IMB,100,6c9f4d5c6d5da88e5c05c9ca5cd7910c267fceb4387465cbc3d1f1a71f38222f,607,SOUS_SOL,,,UNAVAILABLE,True,missing_value,not_a_text_check,"[""NN-117""]",,[],,[],False,False
IMB,100,6c9f4d5c6d5da88e5c05c9ca5cd7910c267fceb4387465cbc3d1f1a71f38222f,607,SOUS_SOL_COMMUN,,,UNAVAILABLE,True,missing_value,not_a_text_check,"[""NN-117""]",,[],,[],False,False
IMB,100,6c9f4d5c6d5da88e5c05c9ca5cd7910c267fceb4387465cbc3d1f1a71f38222f,607,BPE_CODE,,,UNAVAILABLE,True,missing_value,not_a_text_check,"[""NN-117""]",,[],,[],False,False
IMB,100,6c9f4d5c6d5da88e5c05c9ca5cd7910c267fceb4387465cbc3d1f1a71f38222f,607,X,12543794.82783358,12543794.82783358,DWG_DERIVED:GEODATA+direct-CRS-transform,False,exact,not_a_text_check,"[""NN-117""]",,[],,[],False,False
IMB,100,6c9f4d5c6d5da88e5c05c9ca5cd7910c267fceb4387465cbc3d1f1a71f38222f,607,Y,-821482.1537225829,-821482.1537225829,DWG_DERIVED:GEODATA+direct-CRS-transform,False,exact,not_a_text_check,"[""NN-117""]",,[],,[],False,False
IMB,100,6c9f4d5c6d5da88e5c05c9ca5cd7910c267fceb4387465cbc3d1f1a71f38222f,607,display_label,NN-117,NN-117,DWG_DIRECT:text|RULE:AI-IMB-LABEL-001,False,exact,exact,"[""NN-117""]",,[],,[],False,False
IMB,101,dc49c9c26f53bb46533cf4fe24cbd9dc3428fd5a77833585f2c1ed6c7a5dc292,57A,CODE,GUDANG-19,GUDANG-19,DWG_DIRECT:text|RULE:AI-IMB-CODE-001,False,exact,exact,"[""GUDANG-19""]",,[],,[],False,False
IMB,101,dc49c9c26f53bb46533cf4fe24cbd9dc3428fd5a77833585f2c1ed6c7a5dc292,57A,REF_PLAQUE,,,UNAVAILABLE,True,missing_value,not_a_text_check,"[""GUDANG-19""]",,[],,[],False,False
IMB,101,dc49c9c26f53bb46533cf4fe24cbd9dc3428fd5a77833585f2c1ed6c7a5dc292,57A,REGION,,,UNAVAILABLE,True,missing_value,not_a_text_check,"[""GUDANG-19""]",,[],,[],False,False
IMB,101,dc49c9c26f53bb46533cf4fe24cbd9dc3428fd5a77833585f2c1ed6c7a5dc292,57A,PROVINCE,,,UNAVAILABLE,True,missing_value,not_a_text_check,"[""GUDANG-19""]",,[],,[],False,False
IMB,101,dc49c9c26f53bb46533cf4fe24cbd9dc3428fd5a77833585f2c1ed6c7a5dc292,57A,VILLE,,,UNAVAILABLE,True,missing_value,not_a_text_check,"[""GUDANG-19""]",,[],,[],False,False
IMB,101,dc49c9c26f53bb46533cf4fe24cbd9dc3428fd5a77833585f2c1ed6c7a5dc292,57A,COMMUNE,,,UNAVAILABLE,True,missing_value,not_a_text_check,"[""GUDANG-19""]",,[],,[],False,False
IMB,101,dc49c9c26f53bb46533cf4fe24cbd9dc3428fd5a77833585f2c1ed6c7a5dc292,57A,CODE_POSTAL,,,UNAVAILABLE,True,missing_value,not_a_text_check,"[""GUDANG-19""]",,[],,[],False,False
IMB,101,dc49c9c26f53bb46533cf4fe24cbd9dc3428fd5a77833585f2c1ed6c7a5dc292,57A,NUMERO_VOIE,,,UNAVAILABLE,True,missing_value,not_a_text_check,"[""GUDANG-19""]",,[],,[],False,False
IMB,101,dc49c9c26f53bb46533cf4fe24cbd9dc3428fd5a77833585f2c1ed6c7a5dc292,57A,TYPE_VOIE,,,UNAVAILABLE,True,missing_value,not_a_text_check,"[""GUDANG-19""]",,[],,[],False,False
IMB,101,dc49c9c26f53bb46533cf4fe24cbd9dc3428fd5a77833585f2c1ed6c7a5dc292,57A,TYPE_BATIMENT,,,UNAVAILABLE,True,missing_value,not_a_text_check,"[""GUDANG-19""]",,[],,[],False,False
IMB,101,dc49c9c26f53bb46533cf4fe24cbd9dc3428fd5a77833585f2c1ed6c7a5dc292,57A,TYPE_CLIENT,,,UNAVAILABLE,True,missing_value,not_a_text_check,"[""GUDANG-19""]",,[],,[],False,False
IMB,101,dc49c9c26f53bb46533cf4fe24cbd9dc3428fd5a77833585f2c1ed6c7a5dc292,57A,NB_LOC_RES,,,UNAVAILABLE,True,missing_value,not_a_text_check,"[""GUDANG-19""]",,[],,[],False,False
IMB,101,dc49c9c26f53bb46533cf4fe24cbd9dc3428fd5a77833585f2c1ed6c7a5dc292,57A,NB_LOC_PRO,,,UNAVAILABLE,True,missing_value,not_a_text_check,"[""GUDANG-19""]",,[],,[],False,False
IMB,101,dc49c9c26f53bb46533cf4fe24cbd9dc3428fd5a77833585f2c1ed6c7a5dc292,57A,NB_LOC_TOT,,,UNAVAILABLE,True,missing_value,not_a_text_check,"[""GUDANG-19""]",,[],,[],False,False
IMB,101,dc49c9c26f53bb46533cf4fe24cbd9dc3428fd5a77833585f2c1ed6c7a5dc292,57A,RACCORDEMENT,,,UNAVAILABLE,True,missing_value,not_a_text_check,"[""GUDANG-19""]",,[],,[],False,False
IMB,101,dc49c9c26f53bb46533cf4fe24cbd9dc3428fd5a77833585f2c1ed6c7a5dc292,57A,STATUT,,,UNAVAILABLE,True,missing_value,not_a_text_check,"[""GUDANG-19""]",,[],,[],False,False
IMB,101,dc49c9c26f53bb46533cf4fe24cbd9dc3428fd5a77833585f2c1ed6c7a5dc292,57A,NB_ETAGE,,,UNAVAILABLE,True,missing_value,not_a_text_check,"[""GUDANG-19""]",,[],,[],False,False
IMB,101,dc49c9c26f53bb46533cf4fe24cbd9dc3428fd5a77833585f2c1ed6c7a5dc292,57A,COL_MONTANTE,,,UNAVAILABLE,True,missing_value,not_a_text_check,"[""GUDANG-19""]",,[],,[],False,False
IMB,101,dc49c9c26f53bb46533cf4fe24cbd9dc3428fd5a77833585f2c1ed6c7a5dc292,57A,SOUS_SOL,,,UNAVAILABLE,True,missing_value,not_a_text_check,"[""GUDANG-19""]",,[],,[],False,False
IMB,101,dc49c9c26f53bb46533cf4fe24cbd9dc3428fd5a77833585f2c1ed6c7a5dc292,57A,SOUS_SOL_COMMUN,,,UNAVAILABLE,True,missing_value,not_a_text_check,"[""GUDANG-19""]",,[],,[],False,False
IMB,101,dc49c9c26f53bb46533cf4fe24cbd9dc3428fd5a77833585f2c1ed6c7a5dc292,57A,BPE_CODE,,,UNAVAILABLE,True,missing_value,not_a_text_check,"[""GUDANG-19""]",,[],,[],False,False
IMB,101,dc49c9c26f53bb46533cf4fe24cbd9dc3428fd5a77833585f2c1ed6c7a5dc292,57A,X,12543858.279061584,12543858.279061584,DWG_DERIVED:GEODATA+direct-CRS-transform,False,exact,not_a_text_check,"[""GUDANG-19""]",,[],,[],False,False
IMB,101,dc49c9c26f53bb46533cf4fe24cbd9dc3428fd5a77833585f2c1ed6c7a5dc292,57A,Y,-821781.9746141683,-821781.9746141683,DWG_DERIVED:GEODATA+direct-CRS-transform,False,exact,not_a_text_check,"[""GUDANG-19""]",,[],,[],False,False
IMB,101,dc49c9c26f53bb46533cf4fe24cbd9dc3428fd5a77833585f2c1ed6c7a5dc292,57A,display_label,GUDANG-19,GUDANG-19,DWG_DIRECT:text|RULE:AI-IMB-LABEL-001,False,exact,exact,"[""GUDANG-19""]",,[],,[],False,False
IMB,102,1793fd0893f0bf74d7bf6b523ca45164b7f82bdca13ccb67b0a398072be00815,577,CODE,GUDANG-16,GUDANG-16,DWG_DIRECT:text|RULE:AI-IMB-CODE-001,False,exact,exact,"[""GUDANG-16""]",,[],,[],False,False
IMB,102,1793fd0893f0bf74d7bf6b523ca45164b7f82bdca13ccb67b0a398072be00815,577,REF_PLAQUE,,,UNAVAILABLE,True,missing_value,not_a_text_check,"[""GUDANG-16""]",,[],,[],False,False
IMB,102,1793fd0893f0bf74d7bf6b523ca45164b7f82bdca13ccb67b0a398072be00815,577,REGION,,,UNAVAILABLE,True,missing_value,not_a_text_check,"[""GUDANG-16""]",,[],,[],False,False
IMB,102,1793fd0893f0bf74d7bf6b523ca45164b7f82bdca13ccb67b0a398072be00815,577,PROVINCE,,,UNAVAILABLE,True,missing_value,not_a_text_check,"[""GUDANG-16""]",,[],,[],False,False
IMB,102,1793fd0893f0bf74d7bf6b523ca45164b7f82bdca13ccb67b0a398072be00815,577,VILLE,,,UNAVAILABLE,True,missing_value,not_a_text_check,"[""GUDANG-16""]",,[],,[],False,False
IMB,102,1793fd0893f0bf74d7bf6b523ca45164b7f82bdca13ccb67b0a398072be00815,577,COMMUNE,,,UNAVAILABLE,True,missing_value,not_a_text_check,"[""GUDANG-16""]",,[],,[],False,False
IMB,102,1793fd0893f0bf74d7bf6b523ca45164b7f82bdca13ccb67b0a398072be00815,577,CODE_POSTAL,,,UNAVAILABLE,True,missing_value,not_a_text_check,"[""GUDANG-16""]",,[],,[],False,False
IMB,102,1793fd0893f0bf74d7bf6b523ca45164b7f82bdca13ccb67b0a398072be00815,577,NUMERO_VOIE,,,UNAVAILABLE,True,missing_value,not_a_text_check,"[""GUDANG-16""]",,[],,[],False,False
IMB,102,1793fd0893f0bf74d7bf6b523ca45164b7f82bdca13ccb67b0a398072be00815,577,TYPE_VOIE,,,UNAVAILABLE,True,missing_value,not_a_text_check,"[""GUDANG-16""]",,[],,[],False,False
IMB,102,1793fd0893f0bf74d7bf6b523ca45164b7f82bdca13ccb67b0a398072be00815,577,TYPE_BATIMENT,,,UNAVAILABLE,True,missing_value,not_a_text_check,"[""GUDANG-16""]",,[],,[],False,False
IMB,102,1793fd0893f0bf74d7bf6b523ca45164b7f82bdca13ccb67b0a398072be00815,577,TYPE_CLIENT,,,UNAVAILABLE,True,missing_value,not_a_text_check,"[""GUDANG-16""]",,[],,[],False,False
IMB,102,1793fd0893f0bf74d7bf6b523ca45164b7f82bdca13ccb67b0a398072be00815,577,NB_LOC_RES,,,UNAVAILABLE,True,missing_value,not_a_text_check,"[""GUDANG-16""]",,[],,[],False,False
IMB,102,1793fd0893f0bf74d7bf6b523ca45164b7f82bdca13ccb67b0a398072be00815,577,NB_LOC_PRO,,,UNAVAILABLE,True,missing_value,not_a_text_check,"[""GUDANG-16""]",,[],,[],False,False
IMB,102,1793fd0893f0bf74d7bf6b523ca45164b7f82bdca13ccb67b0a398072be00815,577,NB_LOC_TOT,,,UNAVAILABLE,True,missing_value,not_a_text_check,"[""GUDANG-16""]",,[],,[],False,False
IMB,102,1793fd0893f0bf74d7bf6b523ca45164b7f82bdca13ccb67b0a398072be00815,577,RACCORDEMENT,,,UNAVAILABLE,True,missing_value,not_a_text_check,"[""GUDANG-16""]",,[],,[],False,False
IMB,102,1793fd0893f0bf74d7bf6b523ca45164b7f82bdca13ccb67b0a398072be00815,577,STATUT,,,UNAVAILABLE,True,missing_value,not_a_text_check,"[""GUDANG-16""]",,[],,[],False,False
IMB,102,1793fd0893f0bf74d7bf6b523ca45164b7f82bdca13ccb67b0a398072be00815,577,NB_ETAGE,,,UNAVAILABLE,True,missing_value,not_a_text_check,"[""GUDANG-16""]",,[],,[],False,False
IMB,102,1793fd0893f0bf74d7bf6b523ca45164b7f82bdca13ccb67b0a398072be00815,577,COL_MONTANTE,,,UNAVAILABLE,True,missing_value,not_a_text_check,"[""GUDANG-16""]",,[],,[],False,False
IMB,102,1793fd0893f0bf74d7bf6b523ca45164b7f82bdca13ccb67b0a398072be00815,577,SOUS_SOL,,,UNAVAILABLE,True,missing_value,not_a_text_check,"[""GUDANG-16""]",,[],,[],False,False
IMB,102,1793fd0893f0bf74d7bf6b523ca45164b7f82bdca13ccb67b0a398072be00815,577,SOUS_SOL_COMMUN,,,UNAVAILABLE,True,missing_value,not_a_text_check,"[""GUDANG-16""]",,[],,[],False,False
IMB,102,1793fd0893f0bf74d7bf6b523ca45164b7f82bdca13ccb67b0a398072be00815,577,BPE_CODE,,,UNAVAILABLE,True,missing_value,not_a_text_check,"[""GUDANG-16""]",,[],,[],False,False
IMB,102,1793fd0893f0bf74d7bf6b523ca45164b7f82bdca13ccb67b0a398072be00815,577,X,12543846.919483988,12543846.919483988,DWG_DERIVED:GEODATA+direct-CRS-transform,False,exact,not_a_text_check,"[""GUDANG-16""]",,[],,[],False,False
IMB,102,1793fd0893f0bf74d7bf6b523ca45164b7f82bdca13ccb67b0a398072be00815,577,Y,-821868.443188201,-821868.443188201,DWG_DERIVED:GEODATA+direct-CRS-transform,False,exact,not_a_text_check,"[""GUDANG-16""]",,[],,[],False,False
IMB,102,1793fd0893f0bf74d7bf6b523ca45164b7f82bdca13ccb67b0a398072be00815,577,display_label,GUDANG-16,GUDANG-16,DWG_DIRECT:text|RULE:AI-IMB-LABEL-001,False,exact,exact,"[""GUDANG-16""]",,[],,[],False,False
IMB,103,489e620c213dd67906d5ab6031a3865adb5ed6efa5cfc963a068120c9e16e0d6,5D1,CODE,NN-64,NN-64,DWG_DIRECT:text|RULE:AI-IMB-CODE-001,False,exact,exact,"[""NN-64""]",,[],,[],False,False
IMB,103,489e620c213dd67906d5ab6031a3865adb5ed6efa5cfc963a068120c9e16e0d6,5D1,REF_PLAQUE,,,UNAVAILABLE,True,missing_value,not_a_text_check,"[""NN-64""]",,[],,[],False,False
IMB,103,489e620c213dd67906d5ab6031a3865adb5ed6efa5cfc963a068120c9e16e0d6,5D1,REGION,,,UNAVAILABLE,True,missing_value,not_a_text_check,"[""NN-64""]",,[],,[],False,False
IMB,103,489e620c213dd67906d5ab6031a3865adb5ed6efa5cfc963a068120c9e16e0d6,5D1,PROVINCE,,,UNAVAILABLE,True,missing_value,not_a_text_check,"[""NN-64""]",,[],,[],False,False
IMB,103,489e620c213dd67906d5ab6031a3865adb5ed6efa5cfc963a068120c9e16e0d6,5D1,VILLE,,,UNAVAILABLE,True,missing_value,not_a_text_check,"[""NN-64""]",,[],,[],False,False
IMB,103,489e620c213dd67906d5ab6031a3865adb5ed6efa5cfc963a068120c9e16e0d6,5D1,COMMUNE,,,UNAVAILABLE,True,missing_value,not_a_text_check,"[""NN-64""]",,[],,[],False,False
IMB,103,489e620c213dd67906d5ab6031a3865adb5ed6efa5cfc963a068120c9e16e0d6,5D1,CODE_POSTAL,,,UNAVAILABLE,True,missing_value,not_a_text_check,"[""NN-64""]",,[],,[],False,False
IMB,103,489e620c213dd67906d5ab6031a3865adb5ed6efa5cfc963a068120c9e16e0d6,5D1,NUMERO_VOIE,,,UNAVAILABLE,True,missing_value,not_a_text_check,"[""NN-64""]",,[],,[],False,False
IMB,103,489e620c213dd67906d5ab6031a3865adb5ed6efa5cfc963a068120c9e16e0d6,5D1,TYPE_VOIE,,,UNAVAILABLE,True,missing_value,not_a_text_check,"[""NN-64""]",,[],,[],False,False
IMB,103,489e620c213dd67906d5ab6031a3865adb5ed6efa5cfc963a068120c9e16e0d6,5D1,TYPE_BATIMENT,,,UNAVAILABLE,True,missing_value,not_a_text_check,"[""NN-64""]",,[],,[],False,False
IMB,103,489e620c213dd67906d5ab6031a3865adb5ed6efa5cfc963a068120c9e16e0d6,5D1,TYPE_CLIENT,,,UNAVAILABLE,True,missing_value,not_a_text_check,"[""NN-64""]",,[],,[],False,False
IMB,103,489e620c213dd67906d5ab6031a3865adb5ed6efa5cfc963a068120c9e16e0d6,5D1,NB_LOC_RES,,,UNAVAILABLE,True,missing_value,not_a_text_check,"[""NN-64""]",,[],,[],False,False
IMB,103,489e620c213dd67906d5ab6031a3865adb5ed6efa5cfc963a068120c9e16e0d6,5D1,NB_LOC_PRO,,,UNAVAILABLE,True,missing_value,not_a_text_check,"[""NN-64""]",,[],,[],False,False
IMB,103,489e620c213dd67906d5ab6031a3865adb5ed6efa5cfc963a068120c9e16e0d6,5D1,NB_LOC_TOT,,,UNAVAILABLE,True,missing_value,not_a_text_check,"[""NN-64""]",,[],,[],False,False
IMB,103,489e620c213dd67906d5ab6031a3865adb5ed6efa5cfc963a068120c9e16e0d6,5D1,RACCORDEMENT,,,UNAVAILABLE,True,missing_value,not_a_text_check,"[""NN-64""]",,[],,[],False,False
IMB,103,489e620c213dd67906d5ab6031a3865adb5ed6efa5cfc963a068120c9e16e0d6,5D1,STATUT,,,UNAVAILABLE,True,missing_value,not_a_text_check,"[""NN-64""]",,[],,[],False,False
IMB,103,489e620c213dd67906d5ab6031a3865adb5ed6efa5cfc963a068120c9e16e0d6,5D1,NB_ETAGE,,,UNAVAILABLE,True,missing_value,not_a_text_check,"[""NN-64""]",,[],,[],False,False
IMB,103,489e620c213dd67906d5ab6031a3865adb5ed6efa5cfc963a068120c9e16e0d6,5D1,COL_MONTANTE,,,UNAVAILABLE,True,missing_value,not_a_text_check,"[""NN-64""]",,[],,[],False,False
IMB,103,489e620c213dd67906d5ab6031a3865adb5ed6efa5cfc963a068120c9e16e0d6,5D1,SOUS_SOL,,,UNAVAILABLE,True,missing_value,not_a_text_check,"[""NN-64""]",,[],,[],False,False
IMB,103,489e620c213dd67906d5ab6031a3865adb5ed6efa5cfc963a068120c9e16e0d6,5D1,SOUS_SOL_COMMUN,,,UNAVAILABLE,True,missing_value,not_a_text_check,"[""NN-64""]",,[],,[],False,False
IMB,103,489e620c213dd67906d5ab6031a3865adb5ed6efa5cfc963a068120c9e16e0d6,5D1,BPE_CODE,,,UNAVAILABLE,True,missing_value,not_a_text_check,"[""NN-64""]",,[],,[],False,False
IMB,103,489e620c213dd67906d5ab6031a3865adb5ed6efa5cfc963a068120c9e16e0d6,5D1,X,12543788.892952848,12543788.892952848,DWG_DERIVED:GEODATA+direct-CRS-transform,False,exact,not_a_text_check,"[""NN-64""]",,[],,[],False,False
IMB,103,489e620c213dd67906d5ab6031a3865adb5ed6efa5cfc963a068120c9e16e0d6,5D1,Y,-821642.6157365626,-821642.6157365626,DWG_DERIVED:GEODATA+direct-CRS-transform,False,exact,not_a_text_check,"[""NN-64""]",,[],,[],False,False
IMB,103,489e620c213dd67906d5ab6031a3865adb5ed6efa5cfc963a068120c9e16e0d6,5D1,display_label,NN-64,NN-64,DWG_DIRECT:text|RULE:AI-IMB-LABEL-001,False,exact,exact,"[""NN-64""]",,[],,[],False,False
IMB,104,f38ca6336a95b092777cc820e34bcef8042bb93b2020c503a386fc0102e20258,5F9,CODE,NN-103,NN-103,DWG_DIRECT:text|RULE:AI-IMB-CODE-001,False,exact,exact,"[""NN-103""]",,[],,[],False,False
IMB,104,f38ca6336a95b092777cc820e34bcef8042bb93b2020c503a386fc0102e20258,5F9,REF_PLAQUE,,,UNAVAILABLE,True,missing_value,not_a_text_check,"[""NN-103""]",,[],,[],False,False
IMB,104,f38ca6336a95b092777cc820e34bcef8042bb93b2020c503a386fc0102e20258,5F9,REGION,,,UNAVAILABLE,True,missing_value,not_a_text_check,"[""NN-103""]",,[],,[],False,False
IMB,104,f38ca6336a95b092777cc820e34bcef8042bb93b2020c503a386fc0102e20258,5F9,PROVINCE,,,UNAVAILABLE,True,missing_value,not_a_text_check,"[""NN-103""]",,[],,[],False,False
IMB,104,f38ca6336a95b092777cc820e34bcef8042bb93b2020c503a386fc0102e20258,5F9,VILLE,,,UNAVAILABLE,True,missing_value,not_a_text_check,"[""NN-103""]",,[],,[],False,False
IMB,104,f38ca6336a95b092777cc820e34bcef8042bb93b2020c503a386fc0102e20258,5F9,COMMUNE,,,UNAVAILABLE,True,missing_value,not_a_text_check,"[""NN-103""]",,[],,[],False,False
IMB,104,f38ca6336a95b092777cc820e34bcef8042bb93b2020c503a386fc0102e20258,5F9,CODE_POSTAL,,,UNAVAILABLE,True,missing_value,not_a_text_check,"[""NN-103""]",,[],,[],False,False
IMB,104,f38ca6336a95b092777cc820e34bcef8042bb93b2020c503a386fc0102e20258,5F9,NUMERO_VOIE,,,UNAVAILABLE,True,missing_value,not_a_text_check,"[""NN-103""]",,[],,[],False,False
IMB,104,f38ca6336a95b092777cc820e34bcef8042bb93b2020c503a386fc0102e20258,5F9,TYPE_VOIE,,,UNAVAILABLE,True,missing_value,not_a_text_check,"[""NN-103""]",,[],,[],False,False
IMB,104,f38ca6336a95b092777cc820e34bcef8042bb93b2020c503a386fc0102e20258,5F9,TYPE_BATIMENT,,,UNAVAILABLE,True,missing_value,not_a_text_check,"[""NN-103""]",,[],,[],False,False
IMB,104,f38ca6336a95b092777cc820e34bcef8042bb93b2020c503a386fc0102e20258,5F9,TYPE_CLIENT,,,UNAVAILABLE,True,missing_value,not_a_text_check,"[""NN-103""]",,[],,[],False,False
IMB,104,f38ca6336a95b092777cc820e34bcef8042bb93b2020c503a386fc0102e20258,5F9,NB_LOC_RES,,,UNAVAILABLE,True,missing_value,not_a_text_check,"[""NN-103""]",,[],,[],False,False
IMB,104,f38ca6336a95b092777cc820e34bcef8042bb93b2020c503a386fc0102e20258,5F9,NB_LOC_PRO,,,UNAVAILABLE,True,missing_value,not_a_text_check,"[""NN-103""]",,[],,[],False,False
IMB,104,f38ca6336a95b092777cc820e34bcef8042bb93b2020c503a386fc0102e20258,5F9,NB_LOC_TOT,,,UNAVAILABLE,True,missing_value,not_a_text_check,"[""NN-103""]",,[],,[],False,False
IMB,104,f38ca6336a95b092777cc820e34bcef8042bb93b2020c503a386fc0102e20258,5F9,RACCORDEMENT,,,UNAVAILABLE,True,missing_value,not_a_text_check,"[""NN-103""]",,[],,[],False,False
IMB,104,f38ca6336a95b092777cc820e34bcef8042bb93b2020c503a386fc0102e20258,5F9,STATUT,,,UNAVAILABLE,True,missing_value,not_a_text_check,"[""NN-103""]",,[],,[],False,False
IMB,104,f38ca6336a95b092777cc820e34bcef8042bb93b2020c503a386fc0102e20258,5F9,NB_ETAGE,,,UNAVAILABLE,True,missing_value,not_a_text_check,"[""NN-103""]",,[],,[],False,False
IMB,104,f38ca6336a95b092777cc820e34bcef8042bb93b2020c503a386fc0102e20258,5F9,COL_MONTANTE,,,UNAVAILABLE,True,missing_value,not_a_text_check,"[""NN-103""]",,[],,[],False,False
IMB,104,f38ca6336a95b092777cc820e34bcef8042bb93b2020c503a386fc0102e20258,5F9,SOUS_SOL,,,UNAVAILABLE,True,missing_value,not_a_text_check,"[""NN-103""]",,[],,[],False,False
IMB,104,f38ca6336a95b092777cc820e34bcef8042bb93b2020c503a386fc0102e20258,5F9,SOUS_SOL_COMMUN,,,UNAVAILABLE,True,missing_value,not_a_text_check,"[""NN-103""]",,[],,[],False,False
IMB,104,f38ca6336a95b092777cc820e34bcef8042bb93b2020c503a386fc0102e20258,5F9,BPE_CODE,,,UNAVAILABLE,True,missing_value,not_a_text_check,"[""NN-103""]",,[],,[],False,False
IMB,104,f38ca6336a95b092777cc820e34bcef8042bb93b2020c503a386fc0102e20258,5F9,X,12543628.444828682,12543628.444828682,DWG_DERIVED:GEODATA+direct-CRS-transform,False,exact,not_a_text_check,"[""NN-103""]",,[],,[],False,False
IMB,104,f38ca6336a95b092777cc820e34bcef8042bb93b2020c503a386fc0102e20258,5F9,Y,-821477.8508650251,-821477.8508650251,DWG_DERIVED:GEODATA+direct-CRS-transform,False,exact,not_a_text_check,"[""NN-103""]",,[],,[],False,False
IMB,104,f38ca6336a95b092777cc820e34bcef8042bb93b2020c503a386fc0102e20258,5F9,display_label,NN-103,NN-103,DWG_DIRECT:text|RULE:AI-IMB-LABEL-001,False,exact,exact,"[""NN-103""]",,[],,[],False,False
IMB,105,b3f9f62b5aaf1bd93719549f4bddd56aed36ff85fd13e75b193c800fe081d78f,5C0,CODE,NN-49,NN-49,DWG_DIRECT:text|RULE:AI-IMB-CODE-001,False,exact,exact,"[""NN-49""]",,[],,[],False,False
IMB,105,b3f9f62b5aaf1bd93719549f4bddd56aed36ff85fd13e75b193c800fe081d78f,5C0,REF_PLAQUE,,,UNAVAILABLE,True,missing_value,not_a_text_check,"[""NN-49""]",,[],,[],False,False
IMB,105,b3f9f62b5aaf1bd93719549f4bddd56aed36ff85fd13e75b193c800fe081d78f,5C0,REGION,,,UNAVAILABLE,True,missing_value,not_a_text_check,"[""NN-49""]",,[],,[],False,False
IMB,105,b3f9f62b5aaf1bd93719549f4bddd56aed36ff85fd13e75b193c800fe081d78f,5C0,PROVINCE,,,UNAVAILABLE,True,missing_value,not_a_text_check,"[""NN-49""]",,[],,[],False,False
IMB,105,b3f9f62b5aaf1bd93719549f4bddd56aed36ff85fd13e75b193c800fe081d78f,5C0,VILLE,,,UNAVAILABLE,True,missing_value,not_a_text_check,"[""NN-49""]",,[],,[],False,False
IMB,105,b3f9f62b5aaf1bd93719549f4bddd56aed36ff85fd13e75b193c800fe081d78f,5C0,COMMUNE,,,UNAVAILABLE,True,missing_value,not_a_text_check,"[""NN-49""]",,[],,[],False,False
IMB,105,b3f9f62b5aaf1bd93719549f4bddd56aed36ff85fd13e75b193c800fe081d78f,5C0,CODE_POSTAL,,,UNAVAILABLE,True,missing_value,not_a_text_check,"[""NN-49""]",,[],,[],False,False
IMB,105,b3f9f62b5aaf1bd93719549f4bddd56aed36ff85fd13e75b193c800fe081d78f,5C0,NUMERO_VOIE,,,UNAVAILABLE,True,missing_value,not_a_text_check,"[""NN-49""]",,[],,[],False,False
IMB,105,b3f9f62b5aaf1bd93719549f4bddd56aed36ff85fd13e75b193c800fe081d78f,5C0,TYPE_VOIE,,,UNAVAILABLE,True,missing_value,not_a_text_check,"[""NN-49""]",,[],,[],False,False
IMB,105,b3f9f62b5aaf1bd93719549f4bddd56aed36ff85fd13e75b193c800fe081d78f,5C0,TYPE_BATIMENT,,,UNAVAILABLE,True,missing_value,not_a_text_check,"[""NN-49""]",,[],,[],False,False
IMB,105,b3f9f62b5aaf1bd93719549f4bddd56aed36ff85fd13e75b193c800fe081d78f,5C0,TYPE_CLIENT,,,UNAVAILABLE,True,missing_value,not_a_text_check,"[""NN-49""]",,[],,[],False,False
IMB,105,b3f9f62b5aaf1bd93719549f4bddd56aed36ff85fd13e75b193c800fe081d78f,5C0,NB_LOC_RES,,,UNAVAILABLE,True,missing_value,not_a_text_check,"[""NN-49""]",,[],,[],False,False
IMB,105,b3f9f62b5aaf1bd93719549f4bddd56aed36ff85fd13e75b193c800fe081d78f,5C0,NB_LOC_PRO,,,UNAVAILABLE,True,missing_value,not_a_text_check,"[""NN-49""]",,[],,[],False,False
IMB,105,b3f9f62b5aaf1bd93719549f4bddd56aed36ff85fd13e75b193c800fe081d78f,5C0,NB_LOC_TOT,,,UNAVAILABLE,True,missing_value,not_a_text_check,"[""NN-49""]",,[],,[],False,False
IMB,105,b3f9f62b5aaf1bd93719549f4bddd56aed36ff85fd13e75b193c800fe081d78f,5C0,RACCORDEMENT,,,UNAVAILABLE,True,missing_value,not_a_text_check,"[""NN-49""]",,[],,[],False,False
IMB,105,b3f9f62b5aaf1bd93719549f4bddd56aed36ff85fd13e75b193c800fe081d78f,5C0,STATUT,,,UNAVAILABLE,True,missing_value,not_a_text_check,"[""NN-49""]",,[],,[],False,False
IMB,105,b3f9f62b5aaf1bd93719549f4bddd56aed36ff85fd13e75b193c800fe081d78f,5C0,NB_ETAGE,,,UNAVAILABLE,True,missing_value,not_a_text_check,"[""NN-49""]",,[],,[],False,False
IMB,105,b3f9f62b5aaf1bd93719549f4bddd56aed36ff85fd13e75b193c800fe081d78f,5C0,COL_MONTANTE,,,UNAVAILABLE,True,missing_value,not_a_text_check,"[""NN-49""]",,[],,[],False,False
IMB,105,b3f9f62b5aaf1bd93719549f4bddd56aed36ff85fd13e75b193c800fe081d78f,5C0,SOUS_SOL,,,UNAVAILABLE,True,missing_value,not_a_text_check,"[""NN-49""]",,[],,[],False,False
IMB,105,b3f9f62b5aaf1bd93719549f4bddd56aed36ff85fd13e75b193c800fe081d78f,5C0,SOUS_SOL_COMMUN,,,UNAVAILABLE,True,missing_value,not_a_text_check,"[""NN-49""]",,[],,[],False,False
IMB,105,b3f9f62b5aaf1bd93719549f4bddd56aed36ff85fd13e75b193c800fe081d78f,5C0,BPE_CODE,,,UNAVAILABLE,True,missing_value,not_a_text_check,"[""NN-49""]",,[],,[],False,False
IMB,105,b3f9f62b5aaf1bd93719549f4bddd56aed36ff85fd13e75b193c800fe081d78f,5C0,X,12543659.021807766,12543659.021807766,DWG_DERIVED:GEODATA+direct-CRS-transform,False,exact,not_a_text_check,"[""NN-49""]",,[],,[],False,False
IMB,105,b3f9f62b5aaf1bd93719549f4bddd56aed36ff85fd13e75b193c800fe081d78f,5C0,Y,-821615.855578082,-821615.855578082,DWG_DERIVED:GEODATA+direct-CRS-transform,False,exact,not_a_text_check,"[""NN-49""]",,[],,[],False,False
IMB,105,b3f9f62b5aaf1bd93719549f4bddd56aed36ff85fd13e75b193c800fe081d78f,5C0,display_label,NN-49,NN-49,DWG_DIRECT:text|RULE:AI-IMB-LABEL-001,False,exact,exact,"[""NN-49""]",,[],,[],False,False
IMB,106,ce3c6c02b5295f92bdd3487e4a9cd6826fdf3aff69756334d3544ff2f470c141,57B,CODE,GUDANG-20,GUDANG-20,DWG_DIRECT:text|RULE:AI-IMB-CODE-001,False,exact,exact,"[""GUDANG-20""]",,[],,[],False,False
IMB,106,ce3c6c02b5295f92bdd3487e4a9cd6826fdf3aff69756334d3544ff2f470c141,57B,REF_PLAQUE,,,UNAVAILABLE,True,missing_value,not_a_text_check,"[""GUDANG-20""]",,[],,[],False,False
IMB,106,ce3c6c02b5295f92bdd3487e4a9cd6826fdf3aff69756334d3544ff2f470c141,57B,REGION,,,UNAVAILABLE,True,missing_value,not_a_text_check,"[""GUDANG-20""]",,[],,[],False,False
IMB,106,ce3c6c02b5295f92bdd3487e4a9cd6826fdf3aff69756334d3544ff2f470c141,57B,PROVINCE,,,UNAVAILABLE,True,missing_value,not_a_text_check,"[""GUDANG-20""]",,[],,[],False,False
IMB,106,ce3c6c02b5295f92bdd3487e4a9cd6826fdf3aff69756334d3544ff2f470c141,57B,VILLE,,,UNAVAILABLE,True,missing_value,not_a_text_check,"[""GUDANG-20""]",,[],,[],False,False
IMB,106,ce3c6c02b5295f92bdd3487e4a9cd6826fdf3aff69756334d3544ff2f470c141,57B,COMMUNE,,,UNAVAILABLE,True,missing_value,not_a_text_check,"[""GUDANG-20""]",,[],,[],False,False
IMB,106,ce3c6c02b5295f92bdd3487e4a9cd6826fdf3aff69756334d3544ff2f470c141,57B,CODE_POSTAL,,,UNAVAILABLE,True,missing_value,not_a_text_check,"[""GUDANG-20""]",,[],,[],False,False
IMB,106,ce3c6c02b5295f92bdd3487e4a9cd6826fdf3aff69756334d3544ff2f470c141,57B,NUMERO_VOIE,,,UNAVAILABLE,True,missing_value,not_a_text_check,"[""GUDANG-20""]",,[],,[],False,False
IMB,106,ce3c6c02b5295f92bdd3487e4a9cd6826fdf3aff69756334d3544ff2f470c141,57B,TYPE_VOIE,,,UNAVAILABLE,True,missing_value,not_a_text_check,"[""GUDANG-20""]",,[],,[],False,False
IMB,106,ce3c6c02b5295f92bdd3487e4a9cd6826fdf3aff69756334d3544ff2f470c141,57B,TYPE_BATIMENT,,,UNAVAILABLE,True,missing_value,not_a_text_check,"[""GUDANG-20""]",,[],,[],False,False
IMB,106,ce3c6c02b5295f92bdd3487e4a9cd6826fdf3aff69756334d3544ff2f470c141,57B,TYPE_CLIENT,,,UNAVAILABLE,True,missing_value,not_a_text_check,"[""GUDANG-20""]",,[],,[],False,False
IMB,106,ce3c6c02b5295f92bdd3487e4a9cd6826fdf3aff69756334d3544ff2f470c141,57B,NB_LOC_RES,,,UNAVAILABLE,True,missing_value,not_a_text_check,"[""GUDANG-20""]",,[],,[],False,False
IMB,106,ce3c6c02b5295f92bdd3487e4a9cd6826fdf3aff69756334d3544ff2f470c141,57B,NB_LOC_PRO,,,UNAVAILABLE,True,missing_value,not_a_text_check,"[""GUDANG-20""]",,[],,[],False,False
IMB,106,ce3c6c02b5295f92bdd3487e4a9cd6826fdf3aff69756334d3544ff2f470c141,57B,NB_LOC_TOT,,,UNAVAILABLE,True,missing_value,not_a_text_check,"[""GUDANG-20""]",,[],,[],False,False
IMB,106,ce3c6c02b5295f92bdd3487e4a9cd6826fdf3aff69756334d3544ff2f470c141,57B,RACCORDEMENT,,,UNAVAILABLE,True,missing_value,not_a_text_check,"[""GUDANG-20""]",,[],,[],False,False
IMB,106,ce3c6c02b5295f92bdd3487e4a9cd6826fdf3aff69756334d3544ff2f470c141,57B,STATUT,,,UNAVAILABLE,True,missing_value,not_a_text_check,"[""GUDANG-20""]",,[],,[],False,False
IMB,106,ce3c6c02b5295f92bdd3487e4a9cd6826fdf3aff69756334d3544ff2f470c141,57B,NB_ETAGE,,,UNAVAILABLE,True,missing_value,not_a_text_check,"[""GUDANG-20""]",,[],,[],False,False
IMB,106,ce3c6c02b5295f92bdd3487e4a9cd6826fdf3aff69756334d3544ff2f470c141,57B,COL_MONTANTE,,,UNAVAILABLE,True,missing_value,not_a_text_check,"[""GUDANG-20""]",,[],,[],False,False
IMB,106,ce3c6c02b5295f92bdd3487e4a9cd6826fdf3aff69756334d3544ff2f470c141,57B,SOUS_SOL,,,UNAVAILABLE,True,missing_value,not_a_text_check,"[""GUDANG-20""]",,[],,[],False,False
IMB,106,ce3c6c02b5295f92bdd3487e4a9cd6826fdf3aff69756334d3544ff2f470c141,57B,SOUS_SOL_COMMUN,,,UNAVAILABLE,True,missing_value,not_a_text_check,"[""GUDANG-20""]",,[],,[],False,False
IMB,106,ce3c6c02b5295f92bdd3487e4a9cd6826fdf3aff69756334d3544ff2f470c141,57B,BPE_CODE,,,UNAVAILABLE,True,missing_value,not_a_text_check,"[""GUDANG-20""]",,[],,[],False,False
IMB,106,ce3c6c02b5295f92bdd3487e4a9cd6826fdf3aff69756334d3544ff2f470c141,57B,X,12543862.53324152,12543862.53324152,DWG_DERIVED:GEODATA+direct-CRS-transform,False,exact,not_a_text_check,"[""GUDANG-20""]",,[],,[],False,False
IMB,106,ce3c6c02b5295f92bdd3487e4a9cd6826fdf3aff69756334d3544ff2f470c141,57B,Y,-821749.4344627175,-821749.4344627175,DWG_DERIVED:GEODATA+direct-CRS-transform,False,exact,not_a_text_check,"[""GUDANG-20""]",,[],,[],False,False
IMB,106,ce3c6c02b5295f92bdd3487e4a9cd6826fdf3aff69756334d3544ff2f470c141,57B,display_label,GUDANG-20,GUDANG-20,DWG_DIRECT:text|RULE:AI-IMB-LABEL-001,False,exact,exact,"[""GUDANG-20""]",,[],,[],False,False
IMB,107,7fb09cbf977824bd2065b636320b1a6a818ffabb3c1bf4dff553f234829b0f40,5AE,CODE,NN-31,NN-31,DWG_DIRECT:text|RULE:AI-IMB-CODE-001,False,exact,exact,"[""NN-31""]",,[],,[],False,False
IMB,107,7fb09cbf977824bd2065b636320b1a6a818ffabb3c1bf4dff553f234829b0f40,5AE,REF_PLAQUE,,,UNAVAILABLE,True,missing_value,not_a_text_check,"[""NN-31""]",,[],,[],False,False
IMB,107,7fb09cbf977824bd2065b636320b1a6a818ffabb3c1bf4dff553f234829b0f40,5AE,REGION,,,UNAVAILABLE,True,missing_value,not_a_text_check,"[""NN-31""]",,[],,[],False,False
IMB,107,7fb09cbf977824bd2065b636320b1a6a818ffabb3c1bf4dff553f234829b0f40,5AE,PROVINCE,,,UNAVAILABLE,True,missing_value,not_a_text_check,"[""NN-31""]",,[],,[],False,False
IMB,107,7fb09cbf977824bd2065b636320b1a6a818ffabb3c1bf4dff553f234829b0f40,5AE,VILLE,,,UNAVAILABLE,True,missing_value,not_a_text_check,"[""NN-31""]",,[],,[],False,False
IMB,107,7fb09cbf977824bd2065b636320b1a6a818ffabb3c1bf4dff553f234829b0f40,5AE,COMMUNE,,,UNAVAILABLE,True,missing_value,not_a_text_check,"[""NN-31""]",,[],,[],False,False
IMB,107,7fb09cbf977824bd2065b636320b1a6a818ffabb3c1bf4dff553f234829b0f40,5AE,CODE_POSTAL,,,UNAVAILABLE,True,missing_value,not_a_text_check,"[""NN-31""]",,[],,[],False,False
IMB,107,7fb09cbf977824bd2065b636320b1a6a818ffabb3c1bf4dff553f234829b0f40,5AE,NUMERO_VOIE,,,UNAVAILABLE,True,missing_value,not_a_text_check,"[""NN-31""]",,[],,[],False,False
IMB,107,7fb09cbf977824bd2065b636320b1a6a818ffabb3c1bf4dff553f234829b0f40,5AE,TYPE_VOIE,,,UNAVAILABLE,True,missing_value,not_a_text_check,"[""NN-31""]",,[],,[],False,False
IMB,107,7fb09cbf977824bd2065b636320b1a6a818ffabb3c1bf4dff553f234829b0f40,5AE,TYPE_BATIMENT,,,UNAVAILABLE,True,missing_value,not_a_text_check,"[""NN-31""]",,[],,[],False,False
IMB,107,7fb09cbf977824bd2065b636320b1a6a818ffabb3c1bf4dff553f234829b0f40,5AE,TYPE_CLIENT,,,UNAVAILABLE,True,missing_value,not_a_text_check,"[""NN-31""]",,[],,[],False,False
IMB,107,7fb09cbf977824bd2065b636320b1a6a818ffabb3c1bf4dff553f234829b0f40,5AE,NB_LOC_RES,,,UNAVAILABLE,True,missing_value,not_a_text_check,"[""NN-31""]",,[],,[],False,False
IMB,107,7fb09cbf977824bd2065b636320b1a6a818ffabb3c1bf4dff553f234829b0f40,5AE,NB_LOC_PRO,,,UNAVAILABLE,True,missing_value,not_a_text_check,"[""NN-31""]",,[],,[],False,False
IMB,107,7fb09cbf977824bd2065b636320b1a6a818ffabb3c1bf4dff553f234829b0f40,5AE,NB_LOC_TOT,,,UNAVAILABLE,True,missing_value,not_a_text_check,"[""NN-31""]",,[],,[],False,False
IMB,107,7fb09cbf977824bd2065b636320b1a6a818ffabb3c1bf4dff553f234829b0f40,5AE,RACCORDEMENT,,,UNAVAILABLE,True,missing_value,not_a_text_check,"[""NN-31""]",,[],,[],False,False
IMB,107,7fb09cbf977824bd2065b636320b1a6a818ffabb3c1bf4dff553f234829b0f40,5AE,STATUT,,,UNAVAILABLE,True,missing_value,not_a_text_check,"[""NN-31""]",,[],,[],False,False
IMB,107,7fb09cbf977824bd2065b636320b1a6a818ffabb3c1bf4dff553f234829b0f40,5AE,NB_ETAGE,,,UNAVAILABLE,True,missing_value,not_a_text_check,"[""NN-31""]",,[],,[],False,False
IMB,107,7fb09cbf977824bd2065b636320b1a6a818ffabb3c1bf4dff553f234829b0f40,5AE,COL_MONTANTE,,,UNAVAILABLE,True,missing_value,not_a_text_check,"[""NN-31""]",,[],,[],False,False
IMB,107,7fb09cbf977824bd2065b636320b1a6a818ffabb3c1bf4dff553f234829b0f40,5AE,SOUS_SOL,,,UNAVAILABLE,True,missing_value,not_a_text_check,"[""NN-31""]",,[],,[],False,False
IMB,107,7fb09cbf977824bd2065b636320b1a6a818ffabb3c1bf4dff553f234829b0f40,5AE,SOUS_SOL_COMMUN,,,UNAVAILABLE,True,missing_value,not_a_text_check,"[""NN-31""]",,[],,[],False,False
IMB,107,7fb09cbf977824bd2065b636320b1a6a818ffabb3c1bf4dff553f234829b0f40,5AE,BPE_CODE,,,UNAVAILABLE,True,missing_value,not_a_text_check,"[""NN-31""]",,[],,[],False,False
IMB,107,7fb09cbf977824bd2065b636320b1a6a818ffabb3c1bf4dff553f234829b0f40,5AE,X,12543699.63100143,12543699.63100143,DWG_DERIVED:GEODATA+direct-CRS-transform,False,exact,not_a_text_check,"[""NN-31""]",,[],,[],False,False
IMB,107,7fb09cbf977824bd2065b636320b1a6a818ffabb3c1bf4dff553f234829b0f40,5AE,Y,-821554.9998560384,-821554.9998560384,DWG_DERIVED:GEODATA+direct-CRS-transform,False,exact,not_a_text_check,"[""NN-31""]",,[],,[],False,False
IMB,107,7fb09cbf977824bd2065b636320b1a6a818ffabb3c1bf4dff553f234829b0f40,5AE,display_label,NN-31,NN-31,DWG_DIRECT:text|RULE:AI-IMB-LABEL-001,False,exact,exact,"[""NN-31""]",,[],,[],False,False
IMB,108,e43a25c18271cddeb810d5d39f82848faf092d4c038c549638d9d70582e852f4,58A,CODE,GUDANG-35,GUDANG-35,DWG_DIRECT:text|RULE:AI-IMB-CODE-001,False,exact,exact,"[""GUDANG-35""]",,[],,[],False,False
IMB,108,e43a25c18271cddeb810d5d39f82848faf092d4c038c549638d9d70582e852f4,58A,REF_PLAQUE,,,UNAVAILABLE,True,missing_value,not_a_text_check,"[""GUDANG-35""]",,[],,[],False,False
IMB,108,e43a25c18271cddeb810d5d39f82848faf092d4c038c549638d9d70582e852f4,58A,REGION,,,UNAVAILABLE,True,missing_value,not_a_text_check,"[""GUDANG-35""]",,[],,[],False,False
IMB,108,e43a25c18271cddeb810d5d39f82848faf092d4c038c549638d9d70582e852f4,58A,PROVINCE,,,UNAVAILABLE,True,missing_value,not_a_text_check,"[""GUDANG-35""]",,[],,[],False,False
IMB,108,e43a25c18271cddeb810d5d39f82848faf092d4c038c549638d9d70582e852f4,58A,VILLE,,,UNAVAILABLE,True,missing_value,not_a_text_check,"[""GUDANG-35""]",,[],,[],False,False
IMB,108,e43a25c18271cddeb810d5d39f82848faf092d4c038c549638d9d70582e852f4,58A,COMMUNE,,,UNAVAILABLE,True,missing_value,not_a_text_check,"[""GUDANG-35""]",,[],,[],False,False
IMB,108,e43a25c18271cddeb810d5d39f82848faf092d4c038c549638d9d70582e852f4,58A,CODE_POSTAL,,,UNAVAILABLE,True,missing_value,not_a_text_check,"[""GUDANG-35""]",,[],,[],False,False
IMB,108,e43a25c18271cddeb810d5d39f82848faf092d4c038c549638d9d70582e852f4,58A,NUMERO_VOIE,,,UNAVAILABLE,True,missing_value,not_a_text_check,"[""GUDANG-35""]",,[],,[],False,False
IMB,108,e43a25c18271cddeb810d5d39f82848faf092d4c038c549638d9d70582e852f4,58A,TYPE_VOIE,,,UNAVAILABLE,True,missing_value,not_a_text_check,"[""GUDANG-35""]",,[],,[],False,False
IMB,108,e43a25c18271cddeb810d5d39f82848faf092d4c038c549638d9d70582e852f4,58A,TYPE_BATIMENT,,,UNAVAILABLE,True,missing_value,not_a_text_check,"[""GUDANG-35""]",,[],,[],False,False
IMB,108,e43a25c18271cddeb810d5d39f82848faf092d4c038c549638d9d70582e852f4,58A,TYPE_CLIENT,,,UNAVAILABLE,True,missing_value,not_a_text_check,"[""GUDANG-35""]",,[],,[],False,False
IMB,108,e43a25c18271cddeb810d5d39f82848faf092d4c038c549638d9d70582e852f4,58A,NB_LOC_RES,,,UNAVAILABLE,True,missing_value,not_a_text_check,"[""GUDANG-35""]",,[],,[],False,False
IMB,108,e43a25c18271cddeb810d5d39f82848faf092d4c038c549638d9d70582e852f4,58A,NB_LOC_PRO,,,UNAVAILABLE,True,missing_value,not_a_text_check,"[""GUDANG-35""]",,[],,[],False,False
IMB,108,e43a25c18271cddeb810d5d39f82848faf092d4c038c549638d9d70582e852f4,58A,NB_LOC_TOT,,,UNAVAILABLE,True,missing_value,not_a_text_check,"[""GUDANG-35""]",,[],,[],False,False
IMB,108,e43a25c18271cddeb810d5d39f82848faf092d4c038c549638d9d70582e852f4,58A,RACCORDEMENT,,,UNAVAILABLE,True,missing_value,not_a_text_check,"[""GUDANG-35""]",,[],,[],False,False
IMB,108,e43a25c18271cddeb810d5d39f82848faf092d4c038c549638d9d70582e852f4,58A,STATUT,,,UNAVAILABLE,True,missing_value,not_a_text_check,"[""GUDANG-35""]",,[],,[],False,False
IMB,108,e43a25c18271cddeb810d5d39f82848faf092d4c038c549638d9d70582e852f4,58A,NB_ETAGE,,,UNAVAILABLE,True,missing_value,not_a_text_check,"[""GUDANG-35""]",,[],,[],False,False
IMB,108,e43a25c18271cddeb810d5d39f82848faf092d4c038c549638d9d70582e852f4,58A,COL_MONTANTE,,,UNAVAILABLE,True,missing_value,not_a_text_check,"[""GUDANG-35""]",,[],,[],False,False
IMB,108,e43a25c18271cddeb810d5d39f82848faf092d4c038c549638d9d70582e852f4,58A,SOUS_SOL,,,UNAVAILABLE,True,missing_value,not_a_text_check,"[""GUDANG-35""]",,[],,[],False,False
IMB,108,e43a25c18271cddeb810d5d39f82848faf092d4c038c549638d9d70582e852f4,58A,SOUS_SOL_COMMUN,,,UNAVAILABLE,True,missing_value,not_a_text_check,"[""GUDANG-35""]",,[],,[],False,False
IMB,108,e43a25c18271cddeb810d5d39f82848faf092d4c038c549638d9d70582e852f4,58A,BPE_CODE,,,UNAVAILABLE,True,missing_value,not_a_text_check,"[""GUDANG-35""]",,[],,[],False,False
IMB,108,e43a25c18271cddeb810d5d39f82848faf092d4c038c549638d9d70582e852f4,58A,X,12543741.536384387,12543741.536384387,DWG_DERIVED:GEODATA+direct-CRS-transform,False,exact,not_a_text_check,"[""GUDANG-35""]",,[],,[],False,False
IMB,108,e43a25c18271cddeb810d5d39f82848faf092d4c038c549638d9d70582e852f4,58A,Y,-821656.9027494033,-821656.9027494033,DWG_DERIVED:GEODATA+direct-CRS-transform,False,exact,not_a_text_check,"[""GUDANG-35""]",,[],,[],False,False
IMB,108,e43a25c18271cddeb810d5d39f82848faf092d4c038c549638d9d70582e852f4,58A,display_label,GUDANG-35,GUDANG-35,DWG_DIRECT:text|RULE:AI-IMB-LABEL-001,False,exact,exact,"[""GUDANG-35""]",,[],,[],False,False
IMB,109,f25d5333b28e9405fc8cd10ae1457b898d4fc1fb4b6d01f41c93f870a453c168,585,CODE,GUDANG-30,GUDANG-30,DWG_DIRECT:text|RULE:AI-IMB-CODE-001,False,exact,exact,"[""GUDANG-30""]",,[],,[],False,False
IMB,109,f25d5333b28e9405fc8cd10ae1457b898d4fc1fb4b6d01f41c93f870a453c168,585,REF_PLAQUE,,,UNAVAILABLE,True,missing_value,not_a_text_check,"[""GUDANG-30""]",,[],,[],False,False
IMB,109,f25d5333b28e9405fc8cd10ae1457b898d4fc1fb4b6d01f41c93f870a453c168,585,REGION,,,UNAVAILABLE,True,missing_value,not_a_text_check,"[""GUDANG-30""]",,[],,[],False,False
IMB,109,f25d5333b28e9405fc8cd10ae1457b898d4fc1fb4b6d01f41c93f870a453c168,585,PROVINCE,,,UNAVAILABLE,True,missing_value,not_a_text_check,"[""GUDANG-30""]",,[],,[],False,False
IMB,109,f25d5333b28e9405fc8cd10ae1457b898d4fc1fb4b6d01f41c93f870a453c168,585,VILLE,,,UNAVAILABLE,True,missing_value,not_a_text_check,"[""GUDANG-30""]",,[],,[],False,False
IMB,109,f25d5333b28e9405fc8cd10ae1457b898d4fc1fb4b6d01f41c93f870a453c168,585,COMMUNE,,,UNAVAILABLE,True,missing_value,not_a_text_check,"[""GUDANG-30""]",,[],,[],False,False
IMB,109,f25d5333b28e9405fc8cd10ae1457b898d4fc1fb4b6d01f41c93f870a453c168,585,CODE_POSTAL,,,UNAVAILABLE,True,missing_value,not_a_text_check,"[""GUDANG-30""]",,[],,[],False,False
IMB,109,f25d5333b28e9405fc8cd10ae1457b898d4fc1fb4b6d01f41c93f870a453c168,585,NUMERO_VOIE,,,UNAVAILABLE,True,missing_value,not_a_text_check,"[""GUDANG-30""]",,[],,[],False,False
IMB,109,f25d5333b28e9405fc8cd10ae1457b898d4fc1fb4b6d01f41c93f870a453c168,585,TYPE_VOIE,,,UNAVAILABLE,True,missing_value,not_a_text_check,"[""GUDANG-30""]",,[],,[],False,False
IMB,109,f25d5333b28e9405fc8cd10ae1457b898d4fc1fb4b6d01f41c93f870a453c168,585,TYPE_BATIMENT,,,UNAVAILABLE,True,missing_value,not_a_text_check,"[""GUDANG-30""]",,[],,[],False,False
IMB,109,f25d5333b28e9405fc8cd10ae1457b898d4fc1fb4b6d01f41c93f870a453c168,585,TYPE_CLIENT,,,UNAVAILABLE,True,missing_value,not_a_text_check,"[""GUDANG-30""]",,[],,[],False,False
IMB,109,f25d5333b28e9405fc8cd10ae1457b898d4fc1fb4b6d01f41c93f870a453c168,585,NB_LOC_RES,,,UNAVAILABLE,True,missing_value,not_a_text_check,"[""GUDANG-30""]",,[],,[],False,False
IMB,109,f25d5333b28e9405fc8cd10ae1457b898d4fc1fb4b6d01f41c93f870a453c168,585,NB_LOC_PRO,,,UNAVAILABLE,True,missing_value,not_a_text_check,"[""GUDANG-30""]",,[],,[],False,False
IMB,109,f25d5333b28e9405fc8cd10ae1457b898d4fc1fb4b6d01f41c93f870a453c168,585,NB_LOC_TOT,,,UNAVAILABLE,True,missing_value,not_a_text_check,"[""GUDANG-30""]",,[],,[],False,False
IMB,109,f25d5333b28e9405fc8cd10ae1457b898d4fc1fb4b6d01f41c93f870a453c168,585,RACCORDEMENT,,,UNAVAILABLE,True,missing_value,not_a_text_check,"[""GUDANG-30""]",,[],,[],False,False
IMB,109,f25d5333b28e9405fc8cd10ae1457b898d4fc1fb4b6d01f41c93f870a453c168,585,STATUT,,,UNAVAILABLE,True,missing_value,not_a_text_check,"[""GUDANG-30""]",,[],,[],False,False
IMB,109,f25d5333b28e9405fc8cd10ae1457b898d4fc1fb4b6d01f41c93f870a453c168,585,NB_ETAGE,,,UNAVAILABLE,True,missing_value,not_a_text_check,"[""GUDANG-30""]",,[],,[],False,False
IMB,109,f25d5333b28e9405fc8cd10ae1457b898d4fc1fb4b6d01f41c93f870a453c168,585,COL_MONTANTE,,,UNAVAILABLE,True,missing_value,not_a_text_check,"[""GUDANG-30""]",,[],,[],False,False
IMB,109,f25d5333b28e9405fc8cd10ae1457b898d4fc1fb4b6d01f41c93f870a453c168,585,SOUS_SOL,,,UNAVAILABLE,True,missing_value,not_a_text_check,"[""GUDANG-30""]",,[],,[],False,False
IMB,109,f25d5333b28e9405fc8cd10ae1457b898d4fc1fb4b6d01f41c93f870a453c168,585,SOUS_SOL_COMMUN,,,UNAVAILABLE,True,missing_value,not_a_text_check,"[""GUDANG-30""]",,[],,[],False,False
IMB,109,f25d5333b28e9405fc8cd10ae1457b898d4fc1fb4b6d01f41c93f870a453c168,585,BPE_CODE,,,UNAVAILABLE,True,missing_value,not_a_text_check,"[""GUDANG-30""]",,[],,[],False,False
IMB,109,f25d5333b28e9405fc8cd10ae1457b898d4fc1fb4b6d01f41c93f870a453c168,585,X,12543636.546226565,12543636.546226565,DWG_DERIVED:GEODATA+direct-CRS-transform,False,exact,not_a_text_check,"[""GUDANG-30""]",,[],,[],False,False
IMB,109,f25d5333b28e9405fc8cd10ae1457b898d4fc1fb4b6d01f41c93f870a453c168,585,Y,-821635.1733930358,-821635.1733930358,DWG_DERIVED:GEODATA+direct-CRS-transform,False,exact,not_a_text_check,"[""GUDANG-30""]",,[],,[],False,False
IMB,109,f25d5333b28e9405fc8cd10ae1457b898d4fc1fb4b6d01f41c93f870a453c168,585,display_label,GUDANG-30,GUDANG-30,DWG_DIRECT:text|RULE:AI-IMB-LABEL-001,False,exact,exact,"[""GUDANG-30""]",,[],,[],False,False
IMB,110,6e4cf982299665fecd15509c34d9200cf863ad1be7f413896c4be19fe6b18980,5FF,CODE,NN-109,NN-109,DWG_DIRECT:text|RULE:AI-IMB-CODE-001,False,exact,exact,"[""NN-109""]",,[],,[],False,False
IMB,110,6e4cf982299665fecd15509c34d9200cf863ad1be7f413896c4be19fe6b18980,5FF,REF_PLAQUE,,,UNAVAILABLE,True,missing_value,not_a_text_check,"[""NN-109""]",,[],,[],False,False
IMB,110,6e4cf982299665fecd15509c34d9200cf863ad1be7f413896c4be19fe6b18980,5FF,REGION,,,UNAVAILABLE,True,missing_value,not_a_text_check,"[""NN-109""]",,[],,[],False,False
IMB,110,6e4cf982299665fecd15509c34d9200cf863ad1be7f413896c4be19fe6b18980,5FF,PROVINCE,,,UNAVAILABLE,True,missing_value,not_a_text_check,"[""NN-109""]",,[],,[],False,False
IMB,110,6e4cf982299665fecd15509c34d9200cf863ad1be7f413896c4be19fe6b18980,5FF,VILLE,,,UNAVAILABLE,True,missing_value,not_a_text_check,"[""NN-109""]",,[],,[],False,False
IMB,110,6e4cf982299665fecd15509c34d9200cf863ad1be7f413896c4be19fe6b18980,5FF,COMMUNE,,,UNAVAILABLE,True,missing_value,not_a_text_check,"[""NN-109""]",,[],,[],False,False
IMB,110,6e4cf982299665fecd15509c34d9200cf863ad1be7f413896c4be19fe6b18980,5FF,CODE_POSTAL,,,UNAVAILABLE,True,missing_value,not_a_text_check,"[""NN-109""]",,[],,[],False,False
IMB,110,6e4cf982299665fecd15509c34d9200cf863ad1be7f413896c4be19fe6b18980,5FF,NUMERO_VOIE,,,UNAVAILABLE,True,missing_value,not_a_text_check,"[""NN-109""]",,[],,[],False,False
IMB,110,6e4cf982299665fecd15509c34d9200cf863ad1be7f413896c4be19fe6b18980,5FF,TYPE_VOIE,,,UNAVAILABLE,True,missing_value,not_a_text_check,"[""NN-109""]",,[],,[],False,False
IMB,110,6e4cf982299665fecd15509c34d9200cf863ad1be7f413896c4be19fe6b18980,5FF,TYPE_BATIMENT,,,UNAVAILABLE,True,missing_value,not_a_text_check,"[""NN-109""]",,[],,[],False,False
IMB,110,6e4cf982299665fecd15509c34d9200cf863ad1be7f413896c4be19fe6b18980,5FF,TYPE_CLIENT,,,UNAVAILABLE,True,missing_value,not_a_text_check,"[""NN-109""]",,[],,[],False,False
IMB,110,6e4cf982299665fecd15509c34d9200cf863ad1be7f413896c4be19fe6b18980,5FF,NB_LOC_RES,,,UNAVAILABLE,True,missing_value,not_a_text_check,"[""NN-109""]",,[],,[],False,False
IMB,110,6e4cf982299665fecd15509c34d9200cf863ad1be7f413896c4be19fe6b18980,5FF,NB_LOC_PRO,,,UNAVAILABLE,True,missing_value,not_a_text_check,"[""NN-109""]",,[],,[],False,False
IMB,110,6e4cf982299665fecd15509c34d9200cf863ad1be7f413896c4be19fe6b18980,5FF,NB_LOC_TOT,,,UNAVAILABLE,True,missing_value,not_a_text_check,"[""NN-109""]",,[],,[],False,False
IMB,110,6e4cf982299665fecd15509c34d9200cf863ad1be7f413896c4be19fe6b18980,5FF,RACCORDEMENT,,,UNAVAILABLE,True,missing_value,not_a_text_check,"[""NN-109""]",,[],,[],False,False
IMB,110,6e4cf982299665fecd15509c34d9200cf863ad1be7f413896c4be19fe6b18980,5FF,STATUT,,,UNAVAILABLE,True,missing_value,not_a_text_check,"[""NN-109""]",,[],,[],False,False
IMB,110,6e4cf982299665fecd15509c34d9200cf863ad1be7f413896c4be19fe6b18980,5FF,NB_ETAGE,,,UNAVAILABLE,True,missing_value,not_a_text_check,"[""NN-109""]",,[],,[],False,False
IMB,110,6e4cf982299665fecd15509c34d9200cf863ad1be7f413896c4be19fe6b18980,5FF,COL_MONTANTE,,,UNAVAILABLE,True,missing_value,not_a_text_check,"[""NN-109""]",,[],,[],False,False
IMB,110,6e4cf982299665fecd15509c34d9200cf863ad1be7f413896c4be19fe6b18980,5FF,SOUS_SOL,,,UNAVAILABLE,True,missing_value,not_a_text_check,"[""NN-109""]",,[],,[],False,False
IMB,110,6e4cf982299665fecd15509c34d9200cf863ad1be7f413896c4be19fe6b18980,5FF,SOUS_SOL_COMMUN,,,UNAVAILABLE,True,missing_value,not_a_text_check,"[""NN-109""]",,[],,[],False,False
IMB,110,6e4cf982299665fecd15509c34d9200cf863ad1be7f413896c4be19fe6b18980,5FF,BPE_CODE,,,UNAVAILABLE,True,missing_value,not_a_text_check,"[""NN-109""]",,[],,[],False,False
IMB,110,6e4cf982299665fecd15509c34d9200cf863ad1be7f413896c4be19fe6b18980,5FF,X,12543716.009672698,12543716.009672698,DWG_DERIVED:GEODATA+direct-CRS-transform,False,exact,not_a_text_check,"[""NN-109""]",,[],,[],False,False
IMB,110,6e4cf982299665fecd15509c34d9200cf863ad1be7f413896c4be19fe6b18980,5FF,Y,-821482.0467736404,-821482.0467736404,DWG_DERIVED:GEODATA+direct-CRS-transform,False,exact,not_a_text_check,"[""NN-109""]",,[],,[],False,False
IMB,110,6e4cf982299665fecd15509c34d9200cf863ad1be7f413896c4be19fe6b18980,5FF,display_label,NN-109,NN-109,DWG_DIRECT:text|RULE:AI-IMB-LABEL-001,False,exact,exact,"[""NN-109""]",,[],,[],False,False
IMB,111,a81e2a252c181e3ca2a68a58474f1d8af7da9bb313f642f0ecf58f60d13fd09b,5AC,CODE,NN-29,NN-29,DWG_DIRECT:text|RULE:AI-IMB-CODE-001,False,exact,exact,"[""NN-29""]",,[],,[],False,False
IMB,111,a81e2a252c181e3ca2a68a58474f1d8af7da9bb313f642f0ecf58f60d13fd09b,5AC,REF_PLAQUE,,,UNAVAILABLE,True,missing_value,not_a_text_check,"[""NN-29""]",,[],,[],False,False
IMB,111,a81e2a252c181e3ca2a68a58474f1d8af7da9bb313f642f0ecf58f60d13fd09b,5AC,REGION,,,UNAVAILABLE,True,missing_value,not_a_text_check,"[""NN-29""]",,[],,[],False,False
IMB,111,a81e2a252c181e3ca2a68a58474f1d8af7da9bb313f642f0ecf58f60d13fd09b,5AC,PROVINCE,,,UNAVAILABLE,True,missing_value,not_a_text_check,"[""NN-29""]",,[],,[],False,False
IMB,111,a81e2a252c181e3ca2a68a58474f1d8af7da9bb313f642f0ecf58f60d13fd09b,5AC,VILLE,,,UNAVAILABLE,True,missing_value,not_a_text_check,"[""NN-29""]",,[],,[],False,False
IMB,111,a81e2a252c181e3ca2a68a58474f1d8af7da9bb313f642f0ecf58f60d13fd09b,5AC,COMMUNE,,,UNAVAILABLE,True,missing_value,not_a_text_check,"[""NN-29""]",,[],,[],False,False
IMB,111,a81e2a252c181e3ca2a68a58474f1d8af7da9bb313f642f0ecf58f60d13fd09b,5AC,CODE_POSTAL,,,UNAVAILABLE,True,missing_value,not_a_text_check,"[""NN-29""]",,[],,[],False,False
IMB,111,a81e2a252c181e3ca2a68a58474f1d8af7da9bb313f642f0ecf58f60d13fd09b,5AC,NUMERO_VOIE,,,UNAVAILABLE,True,missing_value,not_a_text_check,"[""NN-29""]",,[],,[],False,False
IMB,111,a81e2a252c181e3ca2a68a58474f1d8af7da9bb313f642f0ecf58f60d13fd09b,5AC,TYPE_VOIE,,,UNAVAILABLE,True,missing_value,not_a_text_check,"[""NN-29""]",,[],,[],False,False
IMB,111,a81e2a252c181e3ca2a68a58474f1d8af7da9bb313f642f0ecf58f60d13fd09b,5AC,TYPE_BATIMENT,,,UNAVAILABLE,True,missing_value,not_a_text_check,"[""NN-29""]",,[],,[],False,False
IMB,111,a81e2a252c181e3ca2a68a58474f1d8af7da9bb313f642f0ecf58f60d13fd09b,5AC,TYPE_CLIENT,,,UNAVAILABLE,True,missing_value,not_a_text_check,"[""NN-29""]",,[],,[],False,False
IMB,111,a81e2a252c181e3ca2a68a58474f1d8af7da9bb313f642f0ecf58f60d13fd09b,5AC,NB_LOC_RES,,,UNAVAILABLE,True,missing_value,not_a_text_check,"[""NN-29""]",,[],,[],False,False
IMB,111,a81e2a252c181e3ca2a68a58474f1d8af7da9bb313f642f0ecf58f60d13fd09b,5AC,NB_LOC_PRO,,,UNAVAILABLE,True,missing_value,not_a_text_check,"[""NN-29""]",,[],,[],False,False
IMB,111,a81e2a252c181e3ca2a68a58474f1d8af7da9bb313f642f0ecf58f60d13fd09b,5AC,NB_LOC_TOT,,,UNAVAILABLE,True,missing_value,not_a_text_check,"[""NN-29""]",,[],,[],False,False
IMB,111,a81e2a252c181e3ca2a68a58474f1d8af7da9bb313f642f0ecf58f60d13fd09b,5AC,RACCORDEMENT,,,UNAVAILABLE,True,missing_value,not_a_text_check,"[""NN-29""]",,[],,[],False,False
IMB,111,a81e2a252c181e3ca2a68a58474f1d8af7da9bb313f642f0ecf58f60d13fd09b,5AC,STATUT,,,UNAVAILABLE,True,missing_value,not_a_text_check,"[""NN-29""]",,[],,[],False,False
IMB,111,a81e2a252c181e3ca2a68a58474f1d8af7da9bb313f642f0ecf58f60d13fd09b,5AC,NB_ETAGE,,,UNAVAILABLE,True,missing_value,not_a_text_check,"[""NN-29""]",,[],,[],False,False
IMB,111,a81e2a252c181e3ca2a68a58474f1d8af7da9bb313f642f0ecf58f60d13fd09b,5AC,COL_MONTANTE,,,UNAVAILABLE,True,missing_value,not_a_text_check,"[""NN-29""]",,[],,[],False,False
IMB,111,a81e2a252c181e3ca2a68a58474f1d8af7da9bb313f642f0ecf58f60d13fd09b,5AC,SOUS_SOL,,,UNAVAILABLE,True,missing_value,not_a_text_check,"[""NN-29""]",,[],,[],False,False
IMB,111,a81e2a252c181e3ca2a68a58474f1d8af7da9bb313f642f0ecf58f60d13fd09b,5AC,SOUS_SOL_COMMUN,,,UNAVAILABLE,True,missing_value,not_a_text_check,"[""NN-29""]",,[],,[],False,False
IMB,111,a81e2a252c181e3ca2a68a58474f1d8af7da9bb313f642f0ecf58f60d13fd09b,5AC,BPE_CODE,,,UNAVAILABLE,True,missing_value,not_a_text_check,"[""NN-29""]",,[],,[],False,False
IMB,111,a81e2a252c181e3ca2a68a58474f1d8af7da9bb313f642f0ecf58f60d13fd09b,5AC,X,12543723.901394244,12543723.901394244,DWG_DERIVED:GEODATA+direct-CRS-transform,False,exact,not_a_text_check,"[""NN-29""]",,[],,[],False,False
IMB,111,a81e2a252c181e3ca2a68a58474f1d8af7da9bb313f642f0ecf58f60d13fd09b,5AC,Y,-821555.313591791,-821555.313591791,DWG_DERIVED:GEODATA+direct-CRS-transform,False,exact,not_a_text_check,"[""NN-29""]",,[],,[],False,False
IMB,111,a81e2a252c181e3ca2a68a58474f1d8af7da9bb313f642f0ecf58f60d13fd09b,5AC,display_label,NN-29,NN-29,DWG_DIRECT:text|RULE:AI-IMB-LABEL-001,False,exact,exact,"[""NN-29""]",,[],,[],False,False
IMB,112,2d515ec6595240747368d0308d1cae860cd1a764efc40e4d31da187b4b4a3fd9,569,CODE,GUDANG-2,GUDANG-2,DWG_DIRECT:text|RULE:AI-IMB-CODE-001,False,exact,exact,"[""GUDANG-2""]",,[],,[],False,False
IMB,112,2d515ec6595240747368d0308d1cae860cd1a764efc40e4d31da187b4b4a3fd9,569,REF_PLAQUE,,,UNAVAILABLE,True,missing_value,not_a_text_check,"[""GUDANG-2""]",,[],,[],False,False
IMB,112,2d515ec6595240747368d0308d1cae860cd1a764efc40e4d31da187b4b4a3fd9,569,REGION,,,UNAVAILABLE,True,missing_value,not_a_text_check,"[""GUDANG-2""]",,[],,[],False,False
IMB,112,2d515ec6595240747368d0308d1cae860cd1a764efc40e4d31da187b4b4a3fd9,569,PROVINCE,,,UNAVAILABLE,True,missing_value,not_a_text_check,"[""GUDANG-2""]",,[],,[],False,False
IMB,112,2d515ec6595240747368d0308d1cae860cd1a764efc40e4d31da187b4b4a3fd9,569,VILLE,,,UNAVAILABLE,True,missing_value,not_a_text_check,"[""GUDANG-2""]",,[],,[],False,False
IMB,112,2d515ec6595240747368d0308d1cae860cd1a764efc40e4d31da187b4b4a3fd9,569,COMMUNE,,,UNAVAILABLE,True,missing_value,not_a_text_check,"[""GUDANG-2""]",,[],,[],False,False
IMB,112,2d515ec6595240747368d0308d1cae860cd1a764efc40e4d31da187b4b4a3fd9,569,CODE_POSTAL,,,UNAVAILABLE,True,missing_value,not_a_text_check,"[""GUDANG-2""]",,[],,[],False,False
IMB,112,2d515ec6595240747368d0308d1cae860cd1a764efc40e4d31da187b4b4a3fd9,569,NUMERO_VOIE,,,UNAVAILABLE,True,missing_value,not_a_text_check,"[""GUDANG-2""]",,[],,[],False,False
IMB,112,2d515ec6595240747368d0308d1cae860cd1a764efc40e4d31da187b4b4a3fd9,569,TYPE_VOIE,,,UNAVAILABLE,True,missing_value,not_a_text_check,"[""GUDANG-2""]",,[],,[],False,False
IMB,112,2d515ec6595240747368d0308d1cae860cd1a764efc40e4d31da187b4b4a3fd9,569,TYPE_BATIMENT,,,UNAVAILABLE,True,missing_value,not_a_text_check,"[""GUDANG-2""]",,[],,[],False,False
IMB,112,2d515ec6595240747368d0308d1cae860cd1a764efc40e4d31da187b4b4a3fd9,569,TYPE_CLIENT,,,UNAVAILABLE,True,missing_value,not_a_text_check,"[""GUDANG-2""]",,[],,[],False,False
IMB,112,2d515ec6595240747368d0308d1cae860cd1a764efc40e4d31da187b4b4a3fd9,569,NB_LOC_RES,,,UNAVAILABLE,True,missing_value,not_a_text_check,"[""GUDANG-2""]",,[],,[],False,False
IMB,112,2d515ec6595240747368d0308d1cae860cd1a764efc40e4d31da187b4b4a3fd9,569,NB_LOC_PRO,,,UNAVAILABLE,True,missing_value,not_a_text_check,"[""GUDANG-2""]",,[],,[],False,False
IMB,112,2d515ec6595240747368d0308d1cae860cd1a764efc40e4d31da187b4b4a3fd9,569,NB_LOC_TOT,,,UNAVAILABLE,True,missing_value,not_a_text_check,"[""GUDANG-2""]",,[],,[],False,False
IMB,112,2d515ec6595240747368d0308d1cae860cd1a764efc40e4d31da187b4b4a3fd9,569,RACCORDEMENT,,,UNAVAILABLE,True,missing_value,not_a_text_check,"[""GUDANG-2""]",,[],,[],False,False
IMB,112,2d515ec6595240747368d0308d1cae860cd1a764efc40e4d31da187b4b4a3fd9,569,STATUT,,,UNAVAILABLE,True,missing_value,not_a_text_check,"[""GUDANG-2""]",,[],,[],False,False
IMB,112,2d515ec6595240747368d0308d1cae860cd1a764efc40e4d31da187b4b4a3fd9,569,NB_ETAGE,,,UNAVAILABLE,True,missing_value,not_a_text_check,"[""GUDANG-2""]",,[],,[],False,False
IMB,112,2d515ec6595240747368d0308d1cae860cd1a764efc40e4d31da187b4b4a3fd9,569,COL_MONTANTE,,,UNAVAILABLE,True,missing_value,not_a_text_check,"[""GUDANG-2""]",,[],,[],False,False
IMB,112,2d515ec6595240747368d0308d1cae860cd1a764efc40e4d31da187b4b4a3fd9,569,SOUS_SOL,,,UNAVAILABLE,True,missing_value,not_a_text_check,"[""GUDANG-2""]",,[],,[],False,False
IMB,112,2d515ec6595240747368d0308d1cae860cd1a764efc40e4d31da187b4b4a3fd9,569,SOUS_SOL_COMMUN,,,UNAVAILABLE,True,missing_value,not_a_text_check,"[""GUDANG-2""]",,[],,[],False,False
IMB,112,2d515ec6595240747368d0308d1cae860cd1a764efc40e4d31da187b4b4a3fd9,569,BPE_CODE,,,UNAVAILABLE,True,missing_value,not_a_text_check,"[""GUDANG-2""]",,[],,[],False,False
IMB,112,2d515ec6595240747368d0308d1cae860cd1a764efc40e4d31da187b4b4a3fd9,569,X,12543627.09429776,12543627.09429776,DWG_DERIVED:GEODATA+direct-CRS-transform,False,exact,not_a_text_check,"[""GUDANG-2""]",,[],,[],False,False
IMB,112,2d515ec6595240747368d0308d1cae860cd1a764efc40e4d31da187b4b4a3fd9,569,Y,-821926.6534418097,-821926.6534418097,DWG_DERIVED:GEODATA+direct-CRS-transform,False,exact,not_a_text_check,"[""GUDANG-2""]",,[],,[],False,False
IMB,112,2d515ec6595240747368d0308d1cae860cd1a764efc40e4d31da187b4b4a3fd9,569,display_label,GUDANG-2,GUDANG-2,DWG_DIRECT:text|RULE:AI-IMB-LABEL-001,False,exact,exact,"[""GUDANG-2""]",,[],,[],False,False
IMB,113,39a0643374cb84c46e5d837160ad18fac52f77be601c34520cd46b0653862ede,5D2,CODE,NN-65,NN-65,DWG_DIRECT:text|RULE:AI-IMB-CODE-001,False,exact,exact,"[""NN-65""]",,[],,[],False,False
IMB,113,39a0643374cb84c46e5d837160ad18fac52f77be601c34520cd46b0653862ede,5D2,REF_PLAQUE,,,UNAVAILABLE,True,missing_value,not_a_text_check,"[""NN-65""]",,[],,[],False,False
IMB,113,39a0643374cb84c46e5d837160ad18fac52f77be601c34520cd46b0653862ede,5D2,REGION,,,UNAVAILABLE,True,missing_value,not_a_text_check,"[""NN-65""]",,[],,[],False,False
IMB,113,39a0643374cb84c46e5d837160ad18fac52f77be601c34520cd46b0653862ede,5D2,PROVINCE,,,UNAVAILABLE,True,missing_value,not_a_text_check,"[""NN-65""]",,[],,[],False,False
IMB,113,39a0643374cb84c46e5d837160ad18fac52f77be601c34520cd46b0653862ede,5D2,VILLE,,,UNAVAILABLE,True,missing_value,not_a_text_check,"[""NN-65""]",,[],,[],False,False
IMB,113,39a0643374cb84c46e5d837160ad18fac52f77be601c34520cd46b0653862ede,5D2,COMMUNE,,,UNAVAILABLE,True,missing_value,not_a_text_check,"[""NN-65""]",,[],,[],False,False
IMB,113,39a0643374cb84c46e5d837160ad18fac52f77be601c34520cd46b0653862ede,5D2,CODE_POSTAL,,,UNAVAILABLE,True,missing_value,not_a_text_check,"[""NN-65""]",,[],,[],False,False
IMB,113,39a0643374cb84c46e5d837160ad18fac52f77be601c34520cd46b0653862ede,5D2,NUMERO_VOIE,,,UNAVAILABLE,True,missing_value,not_a_text_check,"[""NN-65""]",,[],,[],False,False
IMB,113,39a0643374cb84c46e5d837160ad18fac52f77be601c34520cd46b0653862ede,5D2,TYPE_VOIE,,,UNAVAILABLE,True,missing_value,not_a_text_check,"[""NN-65""]",,[],,[],False,False
IMB,113,39a0643374cb84c46e5d837160ad18fac52f77be601c34520cd46b0653862ede,5D2,TYPE_BATIMENT,,,UNAVAILABLE,True,missing_value,not_a_text_check,"[""NN-65""]",,[],,[],False,False
IMB,113,39a0643374cb84c46e5d837160ad18fac52f77be601c34520cd46b0653862ede,5D2,TYPE_CLIENT,,,UNAVAILABLE,True,missing_value,not_a_text_check,"[""NN-65""]",,[],,[],False,False
IMB,113,39a0643374cb84c46e5d837160ad18fac52f77be601c34520cd46b0653862ede,5D2,NB_LOC_RES,,,UNAVAILABLE,True,missing_value,not_a_text_check,"[""NN-65""]",,[],,[],False,False
IMB,113,39a0643374cb84c46e5d837160ad18fac52f77be601c34520cd46b0653862ede,5D2,NB_LOC_PRO,,,UNAVAILABLE,True,missing_value,not_a_text_check,"[""NN-65""]",,[],,[],False,False
IMB,113,39a0643374cb84c46e5d837160ad18fac52f77be601c34520cd46b0653862ede,5D2,NB_LOC_TOT,,,UNAVAILABLE,True,missing_value,not_a_text_check,"[""NN-65""]",,[],,[],False,False
IMB,113,39a0643374cb84c46e5d837160ad18fac52f77be601c34520cd46b0653862ede,5D2,RACCORDEMENT,,,UNAVAILABLE,True,missing_value,not_a_text_check,"[""NN-65""]",,[],,[],False,False
IMB,113,39a0643374cb84c46e5d837160ad18fac52f77be601c34520cd46b0653862ede,5D2,STATUT,,,UNAVAILABLE,True,missing_value,not_a_text_check,"[""NN-65""]",,[],,[],False,False
IMB,113,39a0643374cb84c46e5d837160ad18fac52f77be601c34520cd46b0653862ede,5D2,NB_ETAGE,,,UNAVAILABLE,True,missing_value,not_a_text_check,"[""NN-65""]",,[],,[],False,False
IMB,113,39a0643374cb84c46e5d837160ad18fac52f77be601c34520cd46b0653862ede,5D2,COL_MONTANTE,,,UNAVAILABLE,True,missing_value,not_a_text_check,"[""NN-65""]",,[],,[],False,False
IMB,113,39a0643374cb84c46e5d837160ad18fac52f77be601c34520cd46b0653862ede,5D2,SOUS_SOL,,,UNAVAILABLE,True,missing_value,not_a_text_check,"[""NN-65""]",,[],,[],False,False
IMB,113,39a0643374cb84c46e5d837160ad18fac52f77be601c34520cd46b0653862ede,5D2,SOUS_SOL_COMMUN,,,UNAVAILABLE,True,missing_value,not_a_text_check,"[""NN-65""]",,[],,[],False,False
IMB,113,39a0643374cb84c46e5d837160ad18fac52f77be601c34520cd46b0653862ede,5D2,BPE_CODE,,,UNAVAILABLE,True,missing_value,not_a_text_check,"[""NN-65""]",,[],,[],False,False
IMB,113,39a0643374cb84c46e5d837160ad18fac52f77be601c34520cd46b0653862ede,5D2,X,12543795.912861582,12543795.912861582,DWG_DERIVED:GEODATA+direct-CRS-transform,False,exact,not_a_text_check,"[""NN-65""]",,[],,[],False,False
IMB,113,39a0643374cb84c46e5d837160ad18fac52f77be601c34520cd46b0653862ede,5D2,Y,-821640.3587704425,-821640.3587704425,DWG_DERIVED:GEODATA+direct-CRS-transform,False,exact,not_a_text_check,"[""NN-65""]",,[],,[],False,False
IMB,113,39a0643374cb84c46e5d837160ad18fac52f77be601c34520cd46b0653862ede,5D2,display_label,NN-65,NN-65,DWG_DIRECT:text|RULE:AI-IMB-LABEL-001,False,exact,exact,"[""NN-65""]",,[],,[],False,False
IMB,114,17c91412fb3359b817ec1de532e81bd74a1e18b401724d7ee39f8525f470383b,5EA,CODE,NN-88,NN-88,DWG_DIRECT:text|RULE:AI-IMB-CODE-001,False,exact,exact,"[""NN-88""]",,[],,[],False,False
IMB,114,17c91412fb3359b817ec1de532e81bd74a1e18b401724d7ee39f8525f470383b,5EA,REF_PLAQUE,,,UNAVAILABLE,True,missing_value,not_a_text_check,"[""NN-88""]",,[],,[],False,False
IMB,114,17c91412fb3359b817ec1de532e81bd74a1e18b401724d7ee39f8525f470383b,5EA,REGION,,,UNAVAILABLE,True,missing_value,not_a_text_check,"[""NN-88""]",,[],,[],False,False
IMB,114,17c91412fb3359b817ec1de532e81bd74a1e18b401724d7ee39f8525f470383b,5EA,PROVINCE,,,UNAVAILABLE,True,missing_value,not_a_text_check,"[""NN-88""]",,[],,[],False,False
IMB,114,17c91412fb3359b817ec1de532e81bd74a1e18b401724d7ee39f8525f470383b,5EA,VILLE,,,UNAVAILABLE,True,missing_value,not_a_text_check,"[""NN-88""]",,[],,[],False,False
IMB,114,17c91412fb3359b817ec1de532e81bd74a1e18b401724d7ee39f8525f470383b,5EA,COMMUNE,,,UNAVAILABLE,True,missing_value,not_a_text_check,"[""NN-88""]",,[],,[],False,False
IMB,114,17c91412fb3359b817ec1de532e81bd74a1e18b401724d7ee39f8525f470383b,5EA,CODE_POSTAL,,,UNAVAILABLE,True,missing_value,not_a_text_check,"[""NN-88""]",,[],,[],False,False
IMB,114,17c91412fb3359b817ec1de532e81bd74a1e18b401724d7ee39f8525f470383b,5EA,NUMERO_VOIE,,,UNAVAILABLE,True,missing_value,not_a_text_check,"[""NN-88""]",,[],,[],False,False
IMB,114,17c91412fb3359b817ec1de532e81bd74a1e18b401724d7ee39f8525f470383b,5EA,TYPE_VOIE,,,UNAVAILABLE,True,missing_value,not_a_text_check,"[""NN-88""]",,[],,[],False,False
IMB,114,17c91412fb3359b817ec1de532e81bd74a1e18b401724d7ee39f8525f470383b,5EA,TYPE_BATIMENT,,,UNAVAILABLE,True,missing_value,not_a_text_check,"[""NN-88""]",,[],,[],False,False
IMB,114,17c91412fb3359b817ec1de532e81bd74a1e18b401724d7ee39f8525f470383b,5EA,TYPE_CLIENT,,,UNAVAILABLE,True,missing_value,not_a_text_check,"[""NN-88""]",,[],,[],False,False
IMB,114,17c91412fb3359b817ec1de532e81bd74a1e18b401724d7ee39f8525f470383b,5EA,NB_LOC_RES,,,UNAVAILABLE,True,missing_value,not_a_text_check,"[""NN-88""]",,[],,[],False,False
IMB,114,17c91412fb3359b817ec1de532e81bd74a1e18b401724d7ee39f8525f470383b,5EA,NB_LOC_PRO,,,UNAVAILABLE,True,missing_value,not_a_text_check,"[""NN-88""]",,[],,[],False,False
IMB,114,17c91412fb3359b817ec1de532e81bd74a1e18b401724d7ee39f8525f470383b,5EA,NB_LOC_TOT,,,UNAVAILABLE,True,missing_value,not_a_text_check,"[""NN-88""]",,[],,[],False,False
IMB,114,17c91412fb3359b817ec1de532e81bd74a1e18b401724d7ee39f8525f470383b,5EA,RACCORDEMENT,,,UNAVAILABLE,True,missing_value,not_a_text_check,"[""NN-88""]",,[],,[],False,False
IMB,114,17c91412fb3359b817ec1de532e81bd74a1e18b401724d7ee39f8525f470383b,5EA,STATUT,,,UNAVAILABLE,True,missing_value,not_a_text_check,"[""NN-88""]",,[],,[],False,False
IMB,114,17c91412fb3359b817ec1de532e81bd74a1e18b401724d7ee39f8525f470383b,5EA,NB_ETAGE,,,UNAVAILABLE,True,missing_value,not_a_text_check,"[""NN-88""]",,[],,[],False,False
IMB,114,17c91412fb3359b817ec1de532e81bd74a1e18b401724d7ee39f8525f470383b,5EA,COL_MONTANTE,,,UNAVAILABLE,True,missing_value,not_a_text_check,"[""NN-88""]",,[],,[],False,False
IMB,114,17c91412fb3359b817ec1de532e81bd74a1e18b401724d7ee39f8525f470383b,5EA,SOUS_SOL,,,UNAVAILABLE,True,missing_value,not_a_text_check,"[""NN-88""]",,[],,[],False,False
IMB,114,17c91412fb3359b817ec1de532e81bd74a1e18b401724d7ee39f8525f470383b,5EA,SOUS_SOL_COMMUN,,,UNAVAILABLE,True,missing_value,not_a_text_check,"[""NN-88""]",,[],,[],False,False
IMB,114,17c91412fb3359b817ec1de532e81bd74a1e18b401724d7ee39f8525f470383b,5EA,BPE_CODE,,,UNAVAILABLE,True,missing_value,not_a_text_check,"[""NN-88""]",,[],,[],False,False
IMB,114,17c91412fb3359b817ec1de532e81bd74a1e18b401724d7ee39f8525f470383b,5EA,X,12543730.010745423,12543730.010745423,DWG_DERIVED:GEODATA+direct-CRS-transform,False,exact,not_a_text_check,"[""NN-88""]",,[],,[],False,False
IMB,114,17c91412fb3359b817ec1de532e81bd74a1e18b401724d7ee39f8525f470383b,5EA,Y,-821532.6874704608,-821532.6874704608,DWG_DERIVED:GEODATA+direct-CRS-transform,False,exact,not_a_text_check,"[""NN-88""]",,[],,[],False,False
IMB,114,17c91412fb3359b817ec1de532e81bd74a1e18b401724d7ee39f8525f470383b,5EA,display_label,NN-88,NN-88,DWG_DIRECT:text|RULE:AI-IMB-LABEL-001,False,exact,exact,"[""NN-88""]",,[],,[],False,False
IMB,115,9bde71925373745d408e706c3cbf72a5ff234fd5819dd90ebf45fe9c452d4291,574,CODE,GUDANG-13,GUDANG-13,DWG_DIRECT:text|RULE:AI-IMB-CODE-001,False,exact,exact,"[""GUDANG-13""]",,[],,[],False,False
IMB,115,9bde71925373745d408e706c3cbf72a5ff234fd5819dd90ebf45fe9c452d4291,574,REF_PLAQUE,,,UNAVAILABLE,True,missing_value,not_a_text_check,"[""GUDANG-13""]",,[],,[],False,False
IMB,115,9bde71925373745d408e706c3cbf72a5ff234fd5819dd90ebf45fe9c452d4291,574,REGION,,,UNAVAILABLE,True,missing_value,not_a_text_check,"[""GUDANG-13""]",,[],,[],False,False
IMB,115,9bde71925373745d408e706c3cbf72a5ff234fd5819dd90ebf45fe9c452d4291,574,PROVINCE,,,UNAVAILABLE,True,missing_value,not_a_text_check,"[""GUDANG-13""]",,[],,[],False,False
IMB,115,9bde71925373745d408e706c3cbf72a5ff234fd5819dd90ebf45fe9c452d4291,574,VILLE,,,UNAVAILABLE,True,missing_value,not_a_text_check,"[""GUDANG-13""]",,[],,[],False,False
IMB,115,9bde71925373745d408e706c3cbf72a5ff234fd5819dd90ebf45fe9c452d4291,574,COMMUNE,,,UNAVAILABLE,True,missing_value,not_a_text_check,"[""GUDANG-13""]",,[],,[],False,False
IMB,115,9bde71925373745d408e706c3cbf72a5ff234fd5819dd90ebf45fe9c452d4291,574,CODE_POSTAL,,,UNAVAILABLE,True,missing_value,not_a_text_check,"[""GUDANG-13""]",,[],,[],False,False
IMB,115,9bde71925373745d408e706c3cbf72a5ff234fd5819dd90ebf45fe9c452d4291,574,NUMERO_VOIE,,,UNAVAILABLE,True,missing_value,not_a_text_check,"[""GUDANG-13""]",,[],,[],False,False
IMB,115,9bde71925373745d408e706c3cbf72a5ff234fd5819dd90ebf45fe9c452d4291,574,TYPE_VOIE,,,UNAVAILABLE,True,missing_value,not_a_text_check,"[""GUDANG-13""]",,[],,[],False,False
IMB,115,9bde71925373745d408e706c3cbf72a5ff234fd5819dd90ebf45fe9c452d4291,574,TYPE_BATIMENT,,,UNAVAILABLE,True,missing_value,not_a_text_check,"[""GUDANG-13""]",,[],,[],False,False
IMB,115,9bde71925373745d408e706c3cbf72a5ff234fd5819dd90ebf45fe9c452d4291,574,TYPE_CLIENT,,,UNAVAILABLE,True,missing_value,not_a_text_check,"[""GUDANG-13""]",,[],,[],False,False
IMB,115,9bde71925373745d408e706c3cbf72a5ff234fd5819dd90ebf45fe9c452d4291,574,NB_LOC_RES,,,UNAVAILABLE,True,missing_value,not_a_text_check,"[""GUDANG-13""]",,[],,[],False,False
IMB,115,9bde71925373745d408e706c3cbf72a5ff234fd5819dd90ebf45fe9c452d4291,574,NB_LOC_PRO,,,UNAVAILABLE,True,missing_value,not_a_text_check,"[""GUDANG-13""]",,[],,[],False,False
IMB,115,9bde71925373745d408e706c3cbf72a5ff234fd5819dd90ebf45fe9c452d4291,574,NB_LOC_TOT,,,UNAVAILABLE,True,missing_value,not_a_text_check,"[""GUDANG-13""]",,[],,[],False,False
IMB,115,9bde71925373745d408e706c3cbf72a5ff234fd5819dd90ebf45fe9c452d4291,574,RACCORDEMENT,,,UNAVAILABLE,True,missing_value,not_a_text_check,"[""GUDANG-13""]",,[],,[],False,False
IMB,115,9bde71925373745d408e706c3cbf72a5ff234fd5819dd90ebf45fe9c452d4291,574,STATUT,,,UNAVAILABLE,True,missing_value,not_a_text_check,"[""GUDANG-13""]",,[],,[],False,False
IMB,115,9bde71925373745d408e706c3cbf72a5ff234fd5819dd90ebf45fe9c452d4291,574,NB_ETAGE,,,UNAVAILABLE,True,missing_value,not_a_text_check,"[""GUDANG-13""]",,[],,[],False,False
IMB,115,9bde71925373745d408e706c3cbf72a5ff234fd5819dd90ebf45fe9c452d4291,574,COL_MONTANTE,,,UNAVAILABLE,True,missing_value,not_a_text_check,"[""GUDANG-13""]",,[],,[],False,False
IMB,115,9bde71925373745d408e706c3cbf72a5ff234fd5819dd90ebf45fe9c452d4291,574,SOUS_SOL,,,UNAVAILABLE,True,missing_value,not_a_text_check,"[""GUDANG-13""]",,[],,[],False,False
IMB,115,9bde71925373745d408e706c3cbf72a5ff234fd5819dd90ebf45fe9c452d4291,574,SOUS_SOL_COMMUN,,,UNAVAILABLE,True,missing_value,not_a_text_check,"[""GUDANG-13""]",,[],,[],False,False
IMB,115,9bde71925373745d408e706c3cbf72a5ff234fd5819dd90ebf45fe9c452d4291,574,BPE_CODE,,,UNAVAILABLE,True,missing_value,not_a_text_check,"[""GUDANG-13""]",,[],,[],False,False
IMB,115,9bde71925373745d408e706c3cbf72a5ff234fd5819dd90ebf45fe9c452d4291,574,X,12543839.248717565,12543839.248717565,DWG_DERIVED:GEODATA+direct-CRS-transform,False,exact,not_a_text_check,"[""GUDANG-13""]",,[],,[],False,False
IMB,115,9bde71925373745d408e706c3cbf72a5ff234fd5819dd90ebf45fe9c452d4291,574,Y,-821897.1667280729,-821897.1667280729,DWG_DERIVED:GEODATA+direct-CRS-transform,False,exact,not_a_text_check,"[""GUDANG-13""]",,[],,[],False,False
IMB,115,9bde71925373745d408e706c3cbf72a5ff234fd5819dd90ebf45fe9c452d4291,574,display_label,GUDANG-13,GUDANG-13,DWG_DIRECT:text|RULE:AI-IMB-LABEL-001,False,exact,exact,"[""GUDANG-13""]",,[],,[],False,False
IMB,116,6eb33afae73d48b1cfbf126ad84893cf5ca91e2f51ad24571eb55115e7fccaf8,5E2,CODE,NN-80,NN-80,DWG_DIRECT:text|RULE:AI-IMB-CODE-001,False,exact,exact,"[""NN-80""]",,[],,[],False,False
IMB,116,6eb33afae73d48b1cfbf126ad84893cf5ca91e2f51ad24571eb55115e7fccaf8,5E2,REF_PLAQUE,,,UNAVAILABLE,True,missing_value,not_a_text_check,"[""NN-80""]",,[],,[],False,False
IMB,116,6eb33afae73d48b1cfbf126ad84893cf5ca91e2f51ad24571eb55115e7fccaf8,5E2,REGION,,,UNAVAILABLE,True,missing_value,not_a_text_check,"[""NN-80""]",,[],,[],False,False
IMB,116,6eb33afae73d48b1cfbf126ad84893cf5ca91e2f51ad24571eb55115e7fccaf8,5E2,PROVINCE,,,UNAVAILABLE,True,missing_value,not_a_text_check,"[""NN-80""]",,[],,[],False,False
IMB,116,6eb33afae73d48b1cfbf126ad84893cf5ca91e2f51ad24571eb55115e7fccaf8,5E2,VILLE,,,UNAVAILABLE,True,missing_value,not_a_text_check,"[""NN-80""]",,[],,[],False,False
IMB,116,6eb33afae73d48b1cfbf126ad84893cf5ca91e2f51ad24571eb55115e7fccaf8,5E2,COMMUNE,,,UNAVAILABLE,True,missing_value,not_a_text_check,"[""NN-80""]",,[],,[],False,False
IMB,116,6eb33afae73d48b1cfbf126ad84893cf5ca91e2f51ad24571eb55115e7fccaf8,5E2,CODE_POSTAL,,,UNAVAILABLE,True,missing_value,not_a_text_check,"[""NN-80""]",,[],,[],False,False
IMB,116,6eb33afae73d48b1cfbf126ad84893cf5ca91e2f51ad24571eb55115e7fccaf8,5E2,NUMERO_VOIE,,,UNAVAILABLE,True,missing_value,not_a_text_check,"[""NN-80""]",,[],,[],False,False
IMB,116,6eb33afae73d48b1cfbf126ad84893cf5ca91e2f51ad24571eb55115e7fccaf8,5E2,TYPE_VOIE,,,UNAVAILABLE,True,missing_value,not_a_text_check,"[""NN-80""]",,[],,[],False,False
IMB,116,6eb33afae73d48b1cfbf126ad84893cf5ca91e2f51ad24571eb55115e7fccaf8,5E2,TYPE_BATIMENT,,,UNAVAILABLE,True,missing_value,not_a_text_check,"[""NN-80""]",,[],,[],False,False
IMB,116,6eb33afae73d48b1cfbf126ad84893cf5ca91e2f51ad24571eb55115e7fccaf8,5E2,TYPE_CLIENT,,,UNAVAILABLE,True,missing_value,not_a_text_check,"[""NN-80""]",,[],,[],False,False
IMB,116,6eb33afae73d48b1cfbf126ad84893cf5ca91e2f51ad24571eb55115e7fccaf8,5E2,NB_LOC_RES,,,UNAVAILABLE,True,missing_value,not_a_text_check,"[""NN-80""]",,[],,[],False,False
IMB,116,6eb33afae73d48b1cfbf126ad84893cf5ca91e2f51ad24571eb55115e7fccaf8,5E2,NB_LOC_PRO,,,UNAVAILABLE,True,missing_value,not_a_text_check,"[""NN-80""]",,[],,[],False,False
IMB,116,6eb33afae73d48b1cfbf126ad84893cf5ca91e2f51ad24571eb55115e7fccaf8,5E2,NB_LOC_TOT,,,UNAVAILABLE,True,missing_value,not_a_text_check,"[""NN-80""]",,[],,[],False,False
IMB,116,6eb33afae73d48b1cfbf126ad84893cf5ca91e2f51ad24571eb55115e7fccaf8,5E2,RACCORDEMENT,,,UNAVAILABLE,True,missing_value,not_a_text_check,"[""NN-80""]",,[],,[],False,False
IMB,116,6eb33afae73d48b1cfbf126ad84893cf5ca91e2f51ad24571eb55115e7fccaf8,5E2,STATUT,,,UNAVAILABLE,True,missing_value,not_a_text_check,"[""NN-80""]",,[],,[],False,False
IMB,116,6eb33afae73d48b1cfbf126ad84893cf5ca91e2f51ad24571eb55115e7fccaf8,5E2,NB_ETAGE,,,UNAVAILABLE,True,missing_value,not_a_text_check,"[""NN-80""]",,[],,[],False,False
IMB,116,6eb33afae73d48b1cfbf126ad84893cf5ca91e2f51ad24571eb55115e7fccaf8,5E2,COL_MONTANTE,,,UNAVAILABLE,True,missing_value,not_a_text_check,"[""NN-80""]",,[],,[],False,False
IMB,116,6eb33afae73d48b1cfbf126ad84893cf5ca91e2f51ad24571eb55115e7fccaf8,5E2,SOUS_SOL,,,UNAVAILABLE,True,missing_value,not_a_text_check,"[""NN-80""]",,[],,[],False,False
IMB,116,6eb33afae73d48b1cfbf126ad84893cf5ca91e2f51ad24571eb55115e7fccaf8,5E2,SOUS_SOL_COMMUN,,,UNAVAILABLE,True,missing_value,not_a_text_check,"[""NN-80""]",,[],,[],False,False
IMB,116,6eb33afae73d48b1cfbf126ad84893cf5ca91e2f51ad24571eb55115e7fccaf8,5E2,BPE_CODE,,,UNAVAILABLE,True,missing_value,not_a_text_check,"[""NN-80""]",,[],,[],False,False
IMB,116,6eb33afae73d48b1cfbf126ad84893cf5ca91e2f51ad24571eb55115e7fccaf8,5E2,X,12543640.488724671,12543640.488724671,DWG_DERIVED:GEODATA+direct-CRS-transform,False,exact,not_a_text_check,"[""NN-80""]",,[],,[],False,False
IMB,116,6eb33afae73d48b1cfbf126ad84893cf5ca91e2f51ad24571eb55115e7fccaf8,5E2,Y,-821489.9547180403,-821489.9547180403,DWG_DERIVED:GEODATA+direct-CRS-transform,False,exact,not_a_text_check,"[""NN-80""]",,[],,[],False,False
IMB,116,6eb33afae73d48b1cfbf126ad84893cf5ca91e2f51ad24571eb55115e7fccaf8,5E2,display_label,NN-80,NN-80,DWG_DIRECT:text|RULE:AI-IMB-LABEL-001,False,exact,exact,"[""NN-80""]",,[],,[],False,False
IMB,117,da989e05ca74bd9c8b4fc3658df53ae8259b45dc47dc2d5edcb55e26eeb54eda,60F,CODE,NN-125,NN-125,DWG_DIRECT:text|RULE:AI-IMB-CODE-001,False,exact,exact,"[""NN-125""]",,[],,[],False,False
IMB,117,da989e05ca74bd9c8b4fc3658df53ae8259b45dc47dc2d5edcb55e26eeb54eda,60F,REF_PLAQUE,,,UNAVAILABLE,True,missing_value,not_a_text_check,"[""NN-125""]",,[],,[],False,False
IMB,117,da989e05ca74bd9c8b4fc3658df53ae8259b45dc47dc2d5edcb55e26eeb54eda,60F,REGION,,,UNAVAILABLE,True,missing_value,not_a_text_check,"[""NN-125""]",,[],,[],False,False
IMB,117,da989e05ca74bd9c8b4fc3658df53ae8259b45dc47dc2d5edcb55e26eeb54eda,60F,PROVINCE,,,UNAVAILABLE,True,missing_value,not_a_text_check,"[""NN-125""]",,[],,[],False,False
IMB,117,da989e05ca74bd9c8b4fc3658df53ae8259b45dc47dc2d5edcb55e26eeb54eda,60F,VILLE,,,UNAVAILABLE,True,missing_value,not_a_text_check,"[""NN-125""]",,[],,[],False,False
IMB,117,da989e05ca74bd9c8b4fc3658df53ae8259b45dc47dc2d5edcb55e26eeb54eda,60F,COMMUNE,,,UNAVAILABLE,True,missing_value,not_a_text_check,"[""NN-125""]",,[],,[],False,False
IMB,117,da989e05ca74bd9c8b4fc3658df53ae8259b45dc47dc2d5edcb55e26eeb54eda,60F,CODE_POSTAL,,,UNAVAILABLE,True,missing_value,not_a_text_check,"[""NN-125""]",,[],,[],False,False
IMB,117,da989e05ca74bd9c8b4fc3658df53ae8259b45dc47dc2d5edcb55e26eeb54eda,60F,NUMERO_VOIE,,,UNAVAILABLE,True,missing_value,not_a_text_check,"[""NN-125""]",,[],,[],False,False
IMB,117,da989e05ca74bd9c8b4fc3658df53ae8259b45dc47dc2d5edcb55e26eeb54eda,60F,TYPE_VOIE,,,UNAVAILABLE,True,missing_value,not_a_text_check,"[""NN-125""]",,[],,[],False,False
IMB,117,da989e05ca74bd9c8b4fc3658df53ae8259b45dc47dc2d5edcb55e26eeb54eda,60F,TYPE_BATIMENT,,,UNAVAILABLE,True,missing_value,not_a_text_check,"[""NN-125""]",,[],,[],False,False
IMB,117,da989e05ca74bd9c8b4fc3658df53ae8259b45dc47dc2d5edcb55e26eeb54eda,60F,TYPE_CLIENT,,,UNAVAILABLE,True,missing_value,not_a_text_check,"[""NN-125""]",,[],,[],False,False
IMB,117,da989e05ca74bd9c8b4fc3658df53ae8259b45dc47dc2d5edcb55e26eeb54eda,60F,NB_LOC_RES,,,UNAVAILABLE,True,missing_value,not_a_text_check,"[""NN-125""]",,[],,[],False,False
IMB,117,da989e05ca74bd9c8b4fc3658df53ae8259b45dc47dc2d5edcb55e26eeb54eda,60F,NB_LOC_PRO,,,UNAVAILABLE,True,missing_value,not_a_text_check,"[""NN-125""]",,[],,[],False,False
IMB,117,da989e05ca74bd9c8b4fc3658df53ae8259b45dc47dc2d5edcb55e26eeb54eda,60F,NB_LOC_TOT,,,UNAVAILABLE,True,missing_value,not_a_text_check,"[""NN-125""]",,[],,[],False,False
IMB,117,da989e05ca74bd9c8b4fc3658df53ae8259b45dc47dc2d5edcb55e26eeb54eda,60F,RACCORDEMENT,,,UNAVAILABLE,True,missing_value,not_a_text_check,"[""NN-125""]",,[],,[],False,False
IMB,117,da989e05ca74bd9c8b4fc3658df53ae8259b45dc47dc2d5edcb55e26eeb54eda,60F,STATUT,,,UNAVAILABLE,True,missing_value,not_a_text_check,"[""NN-125""]",,[],,[],False,False
IMB,117,da989e05ca74bd9c8b4fc3658df53ae8259b45dc47dc2d5edcb55e26eeb54eda,60F,NB_ETAGE,,,UNAVAILABLE,True,missing_value,not_a_text_check,"[""NN-125""]",,[],,[],False,False
IMB,117,da989e05ca74bd9c8b4fc3658df53ae8259b45dc47dc2d5edcb55e26eeb54eda,60F,COL_MONTANTE,,,UNAVAILABLE,True,missing_value,not_a_text_check,"[""NN-125""]",,[],,[],False,False
IMB,117,da989e05ca74bd9c8b4fc3658df53ae8259b45dc47dc2d5edcb55e26eeb54eda,60F,SOUS_SOL,,,UNAVAILABLE,True,missing_value,not_a_text_check,"[""NN-125""]",,[],,[],False,False
IMB,117,da989e05ca74bd9c8b4fc3658df53ae8259b45dc47dc2d5edcb55e26eeb54eda,60F,SOUS_SOL_COMMUN,,,UNAVAILABLE,True,missing_value,not_a_text_check,"[""NN-125""]",,[],,[],False,False
IMB,117,da989e05ca74bd9c8b4fc3658df53ae8259b45dc47dc2d5edcb55e26eeb54eda,60F,BPE_CODE,,,UNAVAILABLE,True,missing_value,not_a_text_check,"[""NN-125""]",,[],,[],False,False
IMB,117,da989e05ca74bd9c8b4fc3658df53ae8259b45dc47dc2d5edcb55e26eeb54eda,60F,X,12543847.802420747,12543847.802420747,DWG_DERIVED:GEODATA+direct-CRS-transform,False,exact,not_a_text_check,"[""NN-125""]",,[],,[],False,False
IMB,117,da989e05ca74bd9c8b4fc3658df53ae8259b45dc47dc2d5edcb55e26eeb54eda,60F,Y,-821486.7185508419,-821486.7185508419,DWG_DERIVED:GEODATA+direct-CRS-transform,False,exact,not_a_text_check,"[""NN-125""]",,[],,[],False,False
IMB,117,da989e05ca74bd9c8b4fc3658df53ae8259b45dc47dc2d5edcb55e26eeb54eda,60F,display_label,NN-125,NN-125,DWG_DIRECT:text|RULE:AI-IMB-LABEL-001,False,exact,exact,"[""NN-125""]",,[],,[],False,False
IMB,118,75d3f31ac5f9623b9fbbb6fa0851ec7d192f9cb1e009148232679b2b7056eea8,578,CODE,GUDANG-17,GUDANG-17,DWG_DIRECT:text|RULE:AI-IMB-CODE-001,False,exact,exact,"[""GUDANG-17""]",,[],,[],False,False
IMB,118,75d3f31ac5f9623b9fbbb6fa0851ec7d192f9cb1e009148232679b2b7056eea8,578,REF_PLAQUE,,,UNAVAILABLE,True,missing_value,not_a_text_check,"[""GUDANG-17""]",,[],,[],False,False
IMB,118,75d3f31ac5f9623b9fbbb6fa0851ec7d192f9cb1e009148232679b2b7056eea8,578,REGION,,,UNAVAILABLE,True,missing_value,not_a_text_check,"[""GUDANG-17""]",,[],,[],False,False
IMB,118,75d3f31ac5f9623b9fbbb6fa0851ec7d192f9cb1e009148232679b2b7056eea8,578,PROVINCE,,,UNAVAILABLE,True,missing_value,not_a_text_check,"[""GUDANG-17""]",,[],,[],False,False
IMB,118,75d3f31ac5f9623b9fbbb6fa0851ec7d192f9cb1e009148232679b2b7056eea8,578,VILLE,,,UNAVAILABLE,True,missing_value,not_a_text_check,"[""GUDANG-17""]",,[],,[],False,False
IMB,118,75d3f31ac5f9623b9fbbb6fa0851ec7d192f9cb1e009148232679b2b7056eea8,578,COMMUNE,,,UNAVAILABLE,True,missing_value,not_a_text_check,"[""GUDANG-17""]",,[],,[],False,False
IMB,118,75d3f31ac5f9623b9fbbb6fa0851ec7d192f9cb1e009148232679b2b7056eea8,578,CODE_POSTAL,,,UNAVAILABLE,True,missing_value,not_a_text_check,"[""GUDANG-17""]",,[],,[],False,False
IMB,118,75d3f31ac5f9623b9fbbb6fa0851ec7d192f9cb1e009148232679b2b7056eea8,578,NUMERO_VOIE,,,UNAVAILABLE,True,missing_value,not_a_text_check,"[""GUDANG-17""]",,[],,[],False,False
IMB,118,75d3f31ac5f9623b9fbbb6fa0851ec7d192f9cb1e009148232679b2b7056eea8,578,TYPE_VOIE,,,UNAVAILABLE,True,missing_value,not_a_text_check,"[""GUDANG-17""]",,[],,[],False,False
IMB,118,75d3f31ac5f9623b9fbbb6fa0851ec7d192f9cb1e009148232679b2b7056eea8,578,TYPE_BATIMENT,,,UNAVAILABLE,True,missing_value,not_a_text_check,"[""GUDANG-17""]",,[],,[],False,False
IMB,118,75d3f31ac5f9623b9fbbb6fa0851ec7d192f9cb1e009148232679b2b7056eea8,578,TYPE_CLIENT,,,UNAVAILABLE,True,missing_value,not_a_text_check,"[""GUDANG-17""]",,[],,[],False,False
IMB,118,75d3f31ac5f9623b9fbbb6fa0851ec7d192f9cb1e009148232679b2b7056eea8,578,NB_LOC_RES,,,UNAVAILABLE,True,missing_value,not_a_text_check,"[""GUDANG-17""]",,[],,[],False,False
IMB,118,75d3f31ac5f9623b9fbbb6fa0851ec7d192f9cb1e009148232679b2b7056eea8,578,NB_LOC_PRO,,,UNAVAILABLE,True,missing_value,not_a_text_check,"[""GUDANG-17""]",,[],,[],False,False
IMB,118,75d3f31ac5f9623b9fbbb6fa0851ec7d192f9cb1e009148232679b2b7056eea8,578,NB_LOC_TOT,,,UNAVAILABLE,True,missing_value,not_a_text_check,"[""GUDANG-17""]",,[],,[],False,False
IMB,118,75d3f31ac5f9623b9fbbb6fa0851ec7d192f9cb1e009148232679b2b7056eea8,578,RACCORDEMENT,,,UNAVAILABLE,True,missing_value,not_a_text_check,"[""GUDANG-17""]",,[],,[],False,False
IMB,118,75d3f31ac5f9623b9fbbb6fa0851ec7d192f9cb1e009148232679b2b7056eea8,578,STATUT,,,UNAVAILABLE,True,missing_value,not_a_text_check,"[""GUDANG-17""]",,[],,[],False,False
IMB,118,75d3f31ac5f9623b9fbbb6fa0851ec7d192f9cb1e009148232679b2b7056eea8,578,NB_ETAGE,,,UNAVAILABLE,True,missing_value,not_a_text_check,"[""GUDANG-17""]",,[],,[],False,False
IMB,118,75d3f31ac5f9623b9fbbb6fa0851ec7d192f9cb1e009148232679b2b7056eea8,578,COL_MONTANTE,,,UNAVAILABLE,True,missing_value,not_a_text_check,"[""GUDANG-17""]",,[],,[],False,False
IMB,118,75d3f31ac5f9623b9fbbb6fa0851ec7d192f9cb1e009148232679b2b7056eea8,578,SOUS_SOL,,,UNAVAILABLE,True,missing_value,not_a_text_check,"[""GUDANG-17""]",,[],,[],False,False
IMB,118,75d3f31ac5f9623b9fbbb6fa0851ec7d192f9cb1e009148232679b2b7056eea8,578,SOUS_SOL_COMMUN,,,UNAVAILABLE,True,missing_value,not_a_text_check,"[""GUDANG-17""]",,[],,[],False,False
IMB,118,75d3f31ac5f9623b9fbbb6fa0851ec7d192f9cb1e009148232679b2b7056eea8,578,BPE_CODE,,,UNAVAILABLE,True,missing_value,not_a_text_check,"[""GUDANG-17""]",,[],,[],False,False
IMB,118,75d3f31ac5f9623b9fbbb6fa0851ec7d192f9cb1e009148232679b2b7056eea8,578,X,12543851.679081187,12543851.679081187,DWG_DERIVED:GEODATA+direct-CRS-transform,False,exact,not_a_text_check,"[""GUDANG-17""]",,[],,[],False,False
IMB,118,75d3f31ac5f9623b9fbbb6fa0851ec7d192f9cb1e009148232679b2b7056eea8,578,Y,-821841.0364428519,-821841.0364428519,DWG_DERIVED:GEODATA+direct-CRS-transform,False,exact,not_a_text_check,"[""GUDANG-17""]",,[],,[],False,False
IMB,118,75d3f31ac5f9623b9fbbb6fa0851ec7d192f9cb1e009148232679b2b7056eea8,578,display_label,GUDANG-17,GUDANG-17,DWG_DIRECT:text|RULE:AI-IMB-LABEL-001,False,exact,exact,"[""GUDANG-17""]",,[],,[],False,False
IMB,119,0b1505aa95b100c2145d3eb22f32a3a58522ee704a5b6d92c4ec6e6c40efcbed,59E,CODE,NN-15,NN-15,DWG_DIRECT:text|RULE:AI-IMB-CODE-001,False,exact,exact,"[""NN-15""]",,[],,[],False,False
IMB,119,0b1505aa95b100c2145d3eb22f32a3a58522ee704a5b6d92c4ec6e6c40efcbed,59E,REF_PLAQUE,,,UNAVAILABLE,True,missing_value,not_a_text_check,"[""NN-15""]",,[],,[],False,False
IMB,119,0b1505aa95b100c2145d3eb22f32a3a58522ee704a5b6d92c4ec6e6c40efcbed,59E,REGION,,,UNAVAILABLE,True,missing_value,not_a_text_check,"[""NN-15""]",,[],,[],False,False
IMB,119,0b1505aa95b100c2145d3eb22f32a3a58522ee704a5b6d92c4ec6e6c40efcbed,59E,PROVINCE,,,UNAVAILABLE,True,missing_value,not_a_text_check,"[""NN-15""]",,[],,[],False,False
IMB,119,0b1505aa95b100c2145d3eb22f32a3a58522ee704a5b6d92c4ec6e6c40efcbed,59E,VILLE,,,UNAVAILABLE,True,missing_value,not_a_text_check,"[""NN-15""]",,[],,[],False,False
IMB,119,0b1505aa95b100c2145d3eb22f32a3a58522ee704a5b6d92c4ec6e6c40efcbed,59E,COMMUNE,,,UNAVAILABLE,True,missing_value,not_a_text_check,"[""NN-15""]",,[],,[],False,False
IMB,119,0b1505aa95b100c2145d3eb22f32a3a58522ee704a5b6d92c4ec6e6c40efcbed,59E,CODE_POSTAL,,,UNAVAILABLE,True,missing_value,not_a_text_check,"[""NN-15""]",,[],,[],False,False
IMB,119,0b1505aa95b100c2145d3eb22f32a3a58522ee704a5b6d92c4ec6e6c40efcbed,59E,NUMERO_VOIE,,,UNAVAILABLE,True,missing_value,not_a_text_check,"[""NN-15""]",,[],,[],False,False
IMB,119,0b1505aa95b100c2145d3eb22f32a3a58522ee704a5b6d92c4ec6e6c40efcbed,59E,TYPE_VOIE,,,UNAVAILABLE,True,missing_value,not_a_text_check,"[""NN-15""]",,[],,[],False,False
IMB,119,0b1505aa95b100c2145d3eb22f32a3a58522ee704a5b6d92c4ec6e6c40efcbed,59E,TYPE_BATIMENT,,,UNAVAILABLE,True,missing_value,not_a_text_check,"[""NN-15""]",,[],,[],False,False
IMB,119,0b1505aa95b100c2145d3eb22f32a3a58522ee704a5b6d92c4ec6e6c40efcbed,59E,TYPE_CLIENT,,,UNAVAILABLE,True,missing_value,not_a_text_check,"[""NN-15""]",,[],,[],False,False
IMB,119,0b1505aa95b100c2145d3eb22f32a3a58522ee704a5b6d92c4ec6e6c40efcbed,59E,NB_LOC_RES,,,UNAVAILABLE,True,missing_value,not_a_text_check,"[""NN-15""]",,[],,[],False,False
IMB,119,0b1505aa95b100c2145d3eb22f32a3a58522ee704a5b6d92c4ec6e6c40efcbed,59E,NB_LOC_PRO,,,UNAVAILABLE,True,missing_value,not_a_text_check,"[""NN-15""]",,[],,[],False,False
IMB,119,0b1505aa95b100c2145d3eb22f32a3a58522ee704a5b6d92c4ec6e6c40efcbed,59E,NB_LOC_TOT,,,UNAVAILABLE,True,missing_value,not_a_text_check,"[""NN-15""]",,[],,[],False,False
IMB,119,0b1505aa95b100c2145d3eb22f32a3a58522ee704a5b6d92c4ec6e6c40efcbed,59E,RACCORDEMENT,,,UNAVAILABLE,True,missing_value,not_a_text_check,"[""NN-15""]",,[],,[],False,False
IMB,119,0b1505aa95b100c2145d3eb22f32a3a58522ee704a5b6d92c4ec6e6c40efcbed,59E,STATUT,,,UNAVAILABLE,True,missing_value,not_a_text_check,"[""NN-15""]",,[],,[],False,False
IMB,119,0b1505aa95b100c2145d3eb22f32a3a58522ee704a5b6d92c4ec6e6c40efcbed,59E,NB_ETAGE,,,UNAVAILABLE,True,missing_value,not_a_text_check,"[""NN-15""]",,[],,[],False,False
IMB,119,0b1505aa95b100c2145d3eb22f32a3a58522ee704a5b6d92c4ec6e6c40efcbed,59E,COL_MONTANTE,,,UNAVAILABLE,True,missing_value,not_a_text_check,"[""NN-15""]",,[],,[],False,False
IMB,119,0b1505aa95b100c2145d3eb22f32a3a58522ee704a5b6d92c4ec6e6c40efcbed,59E,SOUS_SOL,,,UNAVAILABLE,True,missing_value,not_a_text_check,"[""NN-15""]",,[],,[],False,False
IMB,119,0b1505aa95b100c2145d3eb22f32a3a58522ee704a5b6d92c4ec6e6c40efcbed,59E,SOUS_SOL_COMMUN,,,UNAVAILABLE,True,missing_value,not_a_text_check,"[""NN-15""]",,[],,[],False,False
IMB,119,0b1505aa95b100c2145d3eb22f32a3a58522ee704a5b6d92c4ec6e6c40efcbed,59E,BPE_CODE,,,UNAVAILABLE,True,missing_value,not_a_text_check,"[""NN-15""]",,[],,[],False,False
IMB,119,0b1505aa95b100c2145d3eb22f32a3a58522ee704a5b6d92c4ec6e6c40efcbed,59E,X,12543602.678180622,12543602.678180622,DWG_DERIVED:GEODATA+direct-CRS-transform,False,exact,not_a_text_check,"[""NN-15""]",,[],,[],False,False
IMB,119,0b1505aa95b100c2145d3eb22f32a3a58522ee704a5b6d92c4ec6e6c40efcbed,59E,Y,-821503.2876804564,-821503.2876804564,DWG_DERIVED:GEODATA+direct-CRS-transform,False,exact,not_a_text_check,"[""NN-15""]",,[],,[],False,False
IMB,119,0b1505aa95b100c2145d3eb22f32a3a58522ee704a5b6d92c4ec6e6c40efcbed,59E,display_label,NN-15,NN-15,DWG_DIRECT:text|RULE:AI-IMB-LABEL-001,False,exact,exact,"[""NN-15""]",,[],,[],False,False
IMB,120,1e3a5be16ee16dc9de859a111ed19cb9ace8cdd1009c53c52afdee38fb9f44b0,57C,CODE,GUDANG-21,GUDANG-21,DWG_DIRECT:text|RULE:AI-IMB-CODE-001,False,exact,exact,"[""GUDANG-21""]",,[],,[],False,False
IMB,120,1e3a5be16ee16dc9de859a111ed19cb9ace8cdd1009c53c52afdee38fb9f44b0,57C,REF_PLAQUE,,,UNAVAILABLE,True,missing_value,not_a_text_check,"[""GUDANG-21""]",,[],,[],False,False
IMB,120,1e3a5be16ee16dc9de859a111ed19cb9ace8cdd1009c53c52afdee38fb9f44b0,57C,REGION,,,UNAVAILABLE,True,missing_value,not_a_text_check,"[""GUDANG-21""]",,[],,[],False,False
IMB,120,1e3a5be16ee16dc9de859a111ed19cb9ace8cdd1009c53c52afdee38fb9f44b0,57C,PROVINCE,,,UNAVAILABLE,True,missing_value,not_a_text_check,"[""GUDANG-21""]",,[],,[],False,False
IMB,120,1e3a5be16ee16dc9de859a111ed19cb9ace8cdd1009c53c52afdee38fb9f44b0,57C,VILLE,,,UNAVAILABLE,True,missing_value,not_a_text_check,"[""GUDANG-21""]",,[],,[],False,False
IMB,120,1e3a5be16ee16dc9de859a111ed19cb9ace8cdd1009c53c52afdee38fb9f44b0,57C,COMMUNE,,,UNAVAILABLE,True,missing_value,not_a_text_check,"[""GUDANG-21""]",,[],,[],False,False
IMB,120,1e3a5be16ee16dc9de859a111ed19cb9ace8cdd1009c53c52afdee38fb9f44b0,57C,CODE_POSTAL,,,UNAVAILABLE,True,missing_value,not_a_text_check,"[""GUDANG-21""]",,[],,[],False,False
IMB,120,1e3a5be16ee16dc9de859a111ed19cb9ace8cdd1009c53c52afdee38fb9f44b0,57C,NUMERO_VOIE,,,UNAVAILABLE,True,missing_value,not_a_text_check,"[""GUDANG-21""]",,[],,[],False,False
IMB,120,1e3a5be16ee16dc9de859a111ed19cb9ace8cdd1009c53c52afdee38fb9f44b0,57C,TYPE_VOIE,,,UNAVAILABLE,True,missing_value,not_a_text_check,"[""GUDANG-21""]",,[],,[],False,False
IMB,120,1e3a5be16ee16dc9de859a111ed19cb9ace8cdd1009c53c52afdee38fb9f44b0,57C,TYPE_BATIMENT,,,UNAVAILABLE,True,missing_value,not_a_text_check,"[""GUDANG-21""]",,[],,[],False,False
IMB,120,1e3a5be16ee16dc9de859a111ed19cb9ace8cdd1009c53c52afdee38fb9f44b0,57C,TYPE_CLIENT,,,UNAVAILABLE,True,missing_value,not_a_text_check,"[""GUDANG-21""]",,[],,[],False,False
IMB,120,1e3a5be16ee16dc9de859a111ed19cb9ace8cdd1009c53c52afdee38fb9f44b0,57C,NB_LOC_RES,,,UNAVAILABLE,True,missing_value,not_a_text_check,"[""GUDANG-21""]",,[],,[],False,False
IMB,120,1e3a5be16ee16dc9de859a111ed19cb9ace8cdd1009c53c52afdee38fb9f44b0,57C,NB_LOC_PRO,,,UNAVAILABLE,True,missing_value,not_a_text_check,"[""GUDANG-21""]",,[],,[],False,False
IMB,120,1e3a5be16ee16dc9de859a111ed19cb9ace8cdd1009c53c52afdee38fb9f44b0,57C,NB_LOC_TOT,,,UNAVAILABLE,True,missing_value,not_a_text_check,"[""GUDANG-21""]",,[],,[],False,False
IMB,120,1e3a5be16ee16dc9de859a111ed19cb9ace8cdd1009c53c52afdee38fb9f44b0,57C,RACCORDEMENT,,,UNAVAILABLE,True,missing_value,not_a_text_check,"[""GUDANG-21""]",,[],,[],False,False
IMB,120,1e3a5be16ee16dc9de859a111ed19cb9ace8cdd1009c53c52afdee38fb9f44b0,57C,STATUT,,,UNAVAILABLE,True,missing_value,not_a_text_check,"[""GUDANG-21""]",,[],,[],False,False
IMB,120,1e3a5be16ee16dc9de859a111ed19cb9ace8cdd1009c53c52afdee38fb9f44b0,57C,NB_ETAGE,,,UNAVAILABLE,True,missing_value,not_a_text_check,"[""GUDANG-21""]",,[],,[],False,False
IMB,120,1e3a5be16ee16dc9de859a111ed19cb9ace8cdd1009c53c52afdee38fb9f44b0,57C,COL_MONTANTE,,,UNAVAILABLE,True,missing_value,not_a_text_check,"[""GUDANG-21""]",,[],,[],False,False
IMB,120,1e3a5be16ee16dc9de859a111ed19cb9ace8cdd1009c53c52afdee38fb9f44b0,57C,SOUS_SOL,,,UNAVAILABLE,True,missing_value,not_a_text_check,"[""GUDANG-21""]",,[],,[],False,False
IMB,120,1e3a5be16ee16dc9de859a111ed19cb9ace8cdd1009c53c52afdee38fb9f44b0,57C,SOUS_SOL_COMMUN,,,UNAVAILABLE,True,missing_value,not_a_text_check,"[""GUDANG-21""]",,[],,[],False,False
IMB,120,1e3a5be16ee16dc9de859a111ed19cb9ace8cdd1009c53c52afdee38fb9f44b0,57C,BPE_CODE,,,UNAVAILABLE,True,missing_value,not_a_text_check,"[""GUDANG-21""]",,[],,[],False,False
IMB,120,1e3a5be16ee16dc9de859a111ed19cb9ace8cdd1009c53c52afdee38fb9f44b0,57C,X,12543869.750410592,12543869.750410592,DWG_DERIVED:GEODATA+direct-CRS-transform,False,exact,not_a_text_check,"[""GUDANG-21""]",,[],,[],False,False
IMB,120,1e3a5be16ee16dc9de859a111ed19cb9ace8cdd1009c53c52afdee38fb9f44b0,57C,Y,-821725.3433890315,-821725.3433890315,DWG_DERIVED:GEODATA+direct-CRS-transform,False,exact,not_a_text_check,"[""GUDANG-21""]",,[],,[],False,False
IMB,120,1e3a5be16ee16dc9de859a111ed19cb9ace8cdd1009c53c52afdee38fb9f44b0,57C,display_label,GUDANG-21,GUDANG-21,DWG_DIRECT:text|RULE:AI-IMB-LABEL-001,False,exact,exact,"[""GUDANG-21""]",,[],,[],False,False
IMB,121,5508501edd7a3206c8c16c9defb0aacf2572b01938b71b6a945541baeee45053,5D3,CODE,NN-66,NN-66,DWG_DIRECT:text|RULE:AI-IMB-CODE-001,False,exact,exact,"[""NN-66""]",,[],,[],False,False
IMB,121,5508501edd7a3206c8c16c9defb0aacf2572b01938b71b6a945541baeee45053,5D3,REF_PLAQUE,,,UNAVAILABLE,True,missing_value,not_a_text_check,"[""NN-66""]",,[],,[],False,False
IMB,121,5508501edd7a3206c8c16c9defb0aacf2572b01938b71b6a945541baeee45053,5D3,REGION,,,UNAVAILABLE,True,missing_value,not_a_text_check,"[""NN-66""]",,[],,[],False,False
IMB,121,5508501edd7a3206c8c16c9defb0aacf2572b01938b71b6a945541baeee45053,5D3,PROVINCE,,,UNAVAILABLE,True,missing_value,not_a_text_check,"[""NN-66""]",,[],,[],False,False
IMB,121,5508501edd7a3206c8c16c9defb0aacf2572b01938b71b6a945541baeee45053,5D3,VILLE,,,UNAVAILABLE,True,missing_value,not_a_text_check,"[""NN-66""]",,[],,[],False,False
IMB,121,5508501edd7a3206c8c16c9defb0aacf2572b01938b71b6a945541baeee45053,5D3,COMMUNE,,,UNAVAILABLE,True,missing_value,not_a_text_check,"[""NN-66""]",,[],,[],False,False
IMB,121,5508501edd7a3206c8c16c9defb0aacf2572b01938b71b6a945541baeee45053,5D3,CODE_POSTAL,,,UNAVAILABLE,True,missing_value,not_a_text_check,"[""NN-66""]",,[],,[],False,False
IMB,121,5508501edd7a3206c8c16c9defb0aacf2572b01938b71b6a945541baeee45053,5D3,NUMERO_VOIE,,,UNAVAILABLE,True,missing_value,not_a_text_check,"[""NN-66""]",,[],,[],False,False
IMB,121,5508501edd7a3206c8c16c9defb0aacf2572b01938b71b6a945541baeee45053,5D3,TYPE_VOIE,,,UNAVAILABLE,True,missing_value,not_a_text_check,"[""NN-66""]",,[],,[],False,False
IMB,121,5508501edd7a3206c8c16c9defb0aacf2572b01938b71b6a945541baeee45053,5D3,TYPE_BATIMENT,,,UNAVAILABLE,True,missing_value,not_a_text_check,"[""NN-66""]",,[],,[],False,False
IMB,121,5508501edd7a3206c8c16c9defb0aacf2572b01938b71b6a945541baeee45053,5D3,TYPE_CLIENT,,,UNAVAILABLE,True,missing_value,not_a_text_check,"[""NN-66""]",,[],,[],False,False
IMB,121,5508501edd7a3206c8c16c9defb0aacf2572b01938b71b6a945541baeee45053,5D3,NB_LOC_RES,,,UNAVAILABLE,True,missing_value,not_a_text_check,"[""NN-66""]",,[],,[],False,False
IMB,121,5508501edd7a3206c8c16c9defb0aacf2572b01938b71b6a945541baeee45053,5D3,NB_LOC_PRO,,,UNAVAILABLE,True,missing_value,not_a_text_check,"[""NN-66""]",,[],,[],False,False
IMB,121,5508501edd7a3206c8c16c9defb0aacf2572b01938b71b6a945541baeee45053,5D3,NB_LOC_TOT,,,UNAVAILABLE,True,missing_value,not_a_text_check,"[""NN-66""]",,[],,[],False,False
IMB,121,5508501edd7a3206c8c16c9defb0aacf2572b01938b71b6a945541baeee45053,5D3,RACCORDEMENT,,,UNAVAILABLE,True,missing_value,not_a_text_check,"[""NN-66""]",,[],,[],False,False
IMB,121,5508501edd7a3206c8c16c9defb0aacf2572b01938b71b6a945541baeee45053,5D3,STATUT,,,UNAVAILABLE,True,missing_value,not_a_text_check,"[""NN-66""]",,[],,[],False,False
IMB,121,5508501edd7a3206c8c16c9defb0aacf2572b01938b71b6a945541baeee45053,5D3,NB_ETAGE,,,UNAVAILABLE,True,missing_value,not_a_text_check,"[""NN-66""]",,[],,[],False,False
IMB,121,5508501edd7a3206c8c16c9defb0aacf2572b01938b71b6a945541baeee45053,5D3,COL_MONTANTE,,,UNAVAILABLE,True,missing_value,not_a_text_check,"[""NN-66""]",,[],,[],False,False
IMB,121,5508501edd7a3206c8c16c9defb0aacf2572b01938b71b6a945541baeee45053,5D3,SOUS_SOL,,,UNAVAILABLE,True,missing_value,not_a_text_check,"[""NN-66""]",,[],,[],False,False
IMB,121,5508501edd7a3206c8c16c9defb0aacf2572b01938b71b6a945541baeee45053,5D3,SOUS_SOL_COMMUN,,,UNAVAILABLE,True,missing_value,not_a_text_check,"[""NN-66""]",,[],,[],False,False
IMB,121,5508501edd7a3206c8c16c9defb0aacf2572b01938b71b6a945541baeee45053,5D3,BPE_CODE,,,UNAVAILABLE,True,missing_value,not_a_text_check,"[""NN-66""]",,[],,[],False,False
IMB,121,5508501edd7a3206c8c16c9defb0aacf2572b01938b71b6a945541baeee45053,5D3,X,12543805.203546857,12543805.203546857,DWG_DERIVED:GEODATA+direct-CRS-transform,False,exact,not_a_text_check,"[""NN-66""]",,[],,[],False,False
IMB,121,5508501edd7a3206c8c16c9defb0aacf2572b01938b71b6a945541baeee45053,5D3,Y,-821638.720007874,-821638.720007874,DWG_DERIVED:GEODATA+direct-CRS-transform,False,exact,not_a_text_check,"[""NN-66""]",,[],,[],False,False
IMB,121,5508501edd7a3206c8c16c9defb0aacf2572b01938b71b6a945541baeee45053,5D3,display_label,NN-66,NN-66,DWG_DIRECT:text|RULE:AI-IMB-LABEL-001,False,exact,exact,"[""NN-66""]",,[],,[],False,False
IMB,122,63714a297b98d4cec9c6a6277c31e9ef8e25349cf0dd16da58deccf307f7d7a0,587,CODE,GUDANG-32,GUDANG-32,DWG_DIRECT:text|RULE:AI-IMB-CODE-001,False,exact,exact,"[""GUDANG-32""]",,[],,[],False,False
IMB,122,63714a297b98d4cec9c6a6277c31e9ef8e25349cf0dd16da58deccf307f7d7a0,587,REF_PLAQUE,,,UNAVAILABLE,True,missing_value,not_a_text_check,"[""GUDANG-32""]",,[],,[],False,False
IMB,122,63714a297b98d4cec9c6a6277c31e9ef8e25349cf0dd16da58deccf307f7d7a0,587,REGION,,,UNAVAILABLE,True,missing_value,not_a_text_check,"[""GUDANG-32""]",,[],,[],False,False
IMB,122,63714a297b98d4cec9c6a6277c31e9ef8e25349cf0dd16da58deccf307f7d7a0,587,PROVINCE,,,UNAVAILABLE,True,missing_value,not_a_text_check,"[""GUDANG-32""]",,[],,[],False,False
IMB,122,63714a297b98d4cec9c6a6277c31e9ef8e25349cf0dd16da58deccf307f7d7a0,587,VILLE,,,UNAVAILABLE,True,missing_value,not_a_text_check,"[""GUDANG-32""]",,[],,[],False,False
IMB,122,63714a297b98d4cec9c6a6277c31e9ef8e25349cf0dd16da58deccf307f7d7a0,587,COMMUNE,,,UNAVAILABLE,True,missing_value,not_a_text_check,"[""GUDANG-32""]",,[],,[],False,False
IMB,122,63714a297b98d4cec9c6a6277c31e9ef8e25349cf0dd16da58deccf307f7d7a0,587,CODE_POSTAL,,,UNAVAILABLE,True,missing_value,not_a_text_check,"[""GUDANG-32""]",,[],,[],False,False
IMB,122,63714a297b98d4cec9c6a6277c31e9ef8e25349cf0dd16da58deccf307f7d7a0,587,NUMERO_VOIE,,,UNAVAILABLE,True,missing_value,not_a_text_check,"[""GUDANG-32""]",,[],,[],False,False
IMB,122,63714a297b98d4cec9c6a6277c31e9ef8e25349cf0dd16da58deccf307f7d7a0,587,TYPE_VOIE,,,UNAVAILABLE,True,missing_value,not_a_text_check,"[""GUDANG-32""]",,[],,[],False,False
IMB,122,63714a297b98d4cec9c6a6277c31e9ef8e25349cf0dd16da58deccf307f7d7a0,587,TYPE_BATIMENT,,,UNAVAILABLE,True,missing_value,not_a_text_check,"[""GUDANG-32""]",,[],,[],False,False
IMB,122,63714a297b98d4cec9c6a6277c31e9ef8e25349cf0dd16da58deccf307f7d7a0,587,TYPE_CLIENT,,,UNAVAILABLE,True,missing_value,not_a_text_check,"[""GUDANG-32""]",,[],,[],False,False
IMB,122,63714a297b98d4cec9c6a6277c31e9ef8e25349cf0dd16da58deccf307f7d7a0,587,NB_LOC_RES,,,UNAVAILABLE,True,missing_value,not_a_text_check,"[""GUDANG-32""]",,[],,[],False,False
IMB,122,63714a297b98d4cec9c6a6277c31e9ef8e25349cf0dd16da58deccf307f7d7a0,587,NB_LOC_PRO,,,UNAVAILABLE,True,missing_value,not_a_text_check,"[""GUDANG-32""]",,[],,[],False,False
IMB,122,63714a297b98d4cec9c6a6277c31e9ef8e25349cf0dd16da58deccf307f7d7a0,587,NB_LOC_TOT,,,UNAVAILABLE,True,missing_value,not_a_text_check,"[""GUDANG-32""]",,[],,[],False,False
IMB,122,63714a297b98d4cec9c6a6277c31e9ef8e25349cf0dd16da58deccf307f7d7a0,587,RACCORDEMENT,,,UNAVAILABLE,True,missing_value,not_a_text_check,"[""GUDANG-32""]",,[],,[],False,False
IMB,122,63714a297b98d4cec9c6a6277c31e9ef8e25349cf0dd16da58deccf307f7d7a0,587,STATUT,,,UNAVAILABLE,True,missing_value,not_a_text_check,"[""GUDANG-32""]",,[],,[],False,False
IMB,122,63714a297b98d4cec9c6a6277c31e9ef8e25349cf0dd16da58deccf307f7d7a0,587,NB_ETAGE,,,UNAVAILABLE,True,missing_value,not_a_text_check,"[""GUDANG-32""]",,[],,[],False,False
IMB,122,63714a297b98d4cec9c6a6277c31e9ef8e25349cf0dd16da58deccf307f7d7a0,587,COL_MONTANTE,,,UNAVAILABLE,True,missing_value,not_a_text_check,"[""GUDANG-32""]",,[],,[],False,False
IMB,122,63714a297b98d4cec9c6a6277c31e9ef8e25349cf0dd16da58deccf307f7d7a0,587,SOUS_SOL,,,UNAVAILABLE,True,missing_value,not_a_text_check,"[""GUDANG-32""]",,[],,[],False,False
IMB,122,63714a297b98d4cec9c6a6277c31e9ef8e25349cf0dd16da58deccf307f7d7a0,587,SOUS_SOL_COMMUN,,,UNAVAILABLE,True,missing_value,not_a_text_check,"[""GUDANG-32""]",,[],,[],False,False
IMB,122,63714a297b98d4cec9c6a6277c31e9ef8e25349cf0dd16da58deccf307f7d7a0,587,BPE_CODE,,,UNAVAILABLE,True,missing_value,not_a_text_check,"[""GUDANG-32""]",,[],,[],False,False
IMB,122,63714a297b98d4cec9c6a6277c31e9ef8e25349cf0dd16da58deccf307f7d7a0,587,X,12543667.046592902,12543667.046592902,DWG_DERIVED:GEODATA+direct-CRS-transform,False,exact,not_a_text_check,"[""GUDANG-32""]",,[],,[],False,False
IMB,122,63714a297b98d4cec9c6a6277c31e9ef8e25349cf0dd16da58deccf307f7d7a0,587,Y,-821646.6629529045,-821646.6629529045,DWG_DERIVED:GEODATA+direct-CRS-transform,False,exact,not_a_text_check,"[""GUDANG-32""]",,[],,[],False,False
IMB,122,63714a297b98d4cec9c6a6277c31e9ef8e25349cf0dd16da58deccf307f7d7a0,587,display_label,GUDANG-32,GUDANG-32,DWG_DIRECT:text|RULE:AI-IMB-LABEL-001,False,exact,exact,"[""GUDANG-32""]",,[],,[],False,False
IMB,123,1e6147ee55ac06de20111cf4d1e8977b508d2a1d19d56bfa63fbfb03f36ede2a,5CE,CODE,NN-61,NN-61,DWG_DIRECT:text|RULE:AI-IMB-CODE-001,False,exact,exact,"[""NN-61""]",,[],,[],False,False
IMB,123,1e6147ee55ac06de20111cf4d1e8977b508d2a1d19d56bfa63fbfb03f36ede2a,5CE,REF_PLAQUE,,,UNAVAILABLE,True,missing_value,not_a_text_check,"[""NN-61""]",,[],,[],False,False
IMB,123,1e6147ee55ac06de20111cf4d1e8977b508d2a1d19d56bfa63fbfb03f36ede2a,5CE,REGION,,,UNAVAILABLE,True,missing_value,not_a_text_check,"[""NN-61""]",,[],,[],False,False
IMB,123,1e6147ee55ac06de20111cf4d1e8977b508d2a1d19d56bfa63fbfb03f36ede2a,5CE,PROVINCE,,,UNAVAILABLE,True,missing_value,not_a_text_check,"[""NN-61""]",,[],,[],False,False
IMB,123,1e6147ee55ac06de20111cf4d1e8977b508d2a1d19d56bfa63fbfb03f36ede2a,5CE,VILLE,,,UNAVAILABLE,True,missing_value,not_a_text_check,"[""NN-61""]",,[],,[],False,False
IMB,123,1e6147ee55ac06de20111cf4d1e8977b508d2a1d19d56bfa63fbfb03f36ede2a,5CE,COMMUNE,,,UNAVAILABLE,True,missing_value,not_a_text_check,"[""NN-61""]",,[],,[],False,False
IMB,123,1e6147ee55ac06de20111cf4d1e8977b508d2a1d19d56bfa63fbfb03f36ede2a,5CE,CODE_POSTAL,,,UNAVAILABLE,True,missing_value,not_a_text_check,"[""NN-61""]",,[],,[],False,False
IMB,123,1e6147ee55ac06de20111cf4d1e8977b508d2a1d19d56bfa63fbfb03f36ede2a,5CE,NUMERO_VOIE,,,UNAVAILABLE,True,missing_value,not_a_text_check,"[""NN-61""]",,[],,[],False,False
IMB,123,1e6147ee55ac06de20111cf4d1e8977b508d2a1d19d56bfa63fbfb03f36ede2a,5CE,TYPE_VOIE,,,UNAVAILABLE,True,missing_value,not_a_text_check,"[""NN-61""]",,[],,[],False,False
IMB,123,1e6147ee55ac06de20111cf4d1e8977b508d2a1d19d56bfa63fbfb03f36ede2a,5CE,TYPE_BATIMENT,,,UNAVAILABLE,True,missing_value,not_a_text_check,"[""NN-61""]",,[],,[],False,False
IMB,123,1e6147ee55ac06de20111cf4d1e8977b508d2a1d19d56bfa63fbfb03f36ede2a,5CE,TYPE_CLIENT,,,UNAVAILABLE,True,missing_value,not_a_text_check,"[""NN-61""]",,[],,[],False,False
IMB,123,1e6147ee55ac06de20111cf4d1e8977b508d2a1d19d56bfa63fbfb03f36ede2a,5CE,NB_LOC_RES,,,UNAVAILABLE,True,missing_value,not_a_text_check,"[""NN-61""]",,[],,[],False,False
IMB,123,1e6147ee55ac06de20111cf4d1e8977b508d2a1d19d56bfa63fbfb03f36ede2a,5CE,NB_LOC_PRO,,,UNAVAILABLE,True,missing_value,not_a_text_check,"[""NN-61""]",,[],,[],False,False
IMB,123,1e6147ee55ac06de20111cf4d1e8977b508d2a1d19d56bfa63fbfb03f36ede2a,5CE,NB_LOC_TOT,,,UNAVAILABLE,True,missing_value,not_a_text_check,"[""NN-61""]",,[],,[],False,False
IMB,123,1e6147ee55ac06de20111cf4d1e8977b508d2a1d19d56bfa63fbfb03f36ede2a,5CE,RACCORDEMENT,,,UNAVAILABLE,True,missing_value,not_a_text_check,"[""NN-61""]",,[],,[],False,False
IMB,123,1e6147ee55ac06de20111cf4d1e8977b508d2a1d19d56bfa63fbfb03f36ede2a,5CE,STATUT,,,UNAVAILABLE,True,missing_value,not_a_text_check,"[""NN-61""]",,[],,[],False,False
IMB,123,1e6147ee55ac06de20111cf4d1e8977b508d2a1d19d56bfa63fbfb03f36ede2a,5CE,NB_ETAGE,,,UNAVAILABLE,True,missing_value,not_a_text_check,"[""NN-61""]",,[],,[],False,False
IMB,123,1e6147ee55ac06de20111cf4d1e8977b508d2a1d19d56bfa63fbfb03f36ede2a,5CE,COL_MONTANTE,,,UNAVAILABLE,True,missing_value,not_a_text_check,"[""NN-61""]",,[],,[],False,False
IMB,123,1e6147ee55ac06de20111cf4d1e8977b508d2a1d19d56bfa63fbfb03f36ede2a,5CE,SOUS_SOL,,,UNAVAILABLE,True,missing_value,not_a_text_check,"[""NN-61""]",,[],,[],False,False
IMB,123,1e6147ee55ac06de20111cf4d1e8977b508d2a1d19d56bfa63fbfb03f36ede2a,5CE,SOUS_SOL_COMMUN,,,UNAVAILABLE,True,missing_value,not_a_text_check,"[""NN-61""]",,[],,[],False,False
IMB,123,1e6147ee55ac06de20111cf4d1e8977b508d2a1d19d56bfa63fbfb03f36ede2a,5CE,BPE_CODE,,,UNAVAILABLE,True,missing_value,not_a_text_check,"[""NN-61""]",,[],,[],False,False
IMB,123,1e6147ee55ac06de20111cf4d1e8977b508d2a1d19d56bfa63fbfb03f36ede2a,5CE,X,12543765.601567717,12543765.601567717,DWG_DERIVED:GEODATA+direct-CRS-transform,False,exact,not_a_text_check,"[""NN-61""]",,[],,[],False,False
IMB,123,1e6147ee55ac06de20111cf4d1e8977b508d2a1d19d56bfa63fbfb03f36ede2a,5CE,Y,-821639.0478091019,-821639.0478091019,DWG_DERIVED:GEODATA+direct-CRS-transform,False,exact,not_a_text_check,"[""NN-61""]",,[],,[],False,False
IMB,123,1e6147ee55ac06de20111cf4d1e8977b508d2a1d19d56bfa63fbfb03f36ede2a,5CE,display_label,NN-61,NN-61,DWG_DIRECT:text|RULE:AI-IMB-LABEL-001,False,exact,exact,"[""NN-61""]",,[],,[],False,False
IMB,124,d545d2592a52e2d1abdd9a56260b9d9fc264f5a74a5dc03c2eae24b42e1d9294,5F0,CODE,NN-94,NN-94,DWG_DIRECT:text|RULE:AI-IMB-CODE-001,False,exact,exact,"[""NN-94""]",,[],,[],False,False
IMB,124,d545d2592a52e2d1abdd9a56260b9d9fc264f5a74a5dc03c2eae24b42e1d9294,5F0,REF_PLAQUE,,,UNAVAILABLE,True,missing_value,not_a_text_check,"[""NN-94""]",,[],,[],False,False
IMB,124,d545d2592a52e2d1abdd9a56260b9d9fc264f5a74a5dc03c2eae24b42e1d9294,5F0,REGION,,,UNAVAILABLE,True,missing_value,not_a_text_check,"[""NN-94""]",,[],,[],False,False
IMB,124,d545d2592a52e2d1abdd9a56260b9d9fc264f5a74a5dc03c2eae24b42e1d9294,5F0,PROVINCE,,,UNAVAILABLE,True,missing_value,not_a_text_check,"[""NN-94""]",,[],,[],False,False
IMB,124,d545d2592a52e2d1abdd9a56260b9d9fc264f5a74a5dc03c2eae24b42e1d9294,5F0,VILLE,,,UNAVAILABLE,True,missing_value,not_a_text_check,"[""NN-94""]",,[],,[],False,False
IMB,124,d545d2592a52e2d1abdd9a56260b9d9fc264f5a74a5dc03c2eae24b42e1d9294,5F0,COMMUNE,,,UNAVAILABLE,True,missing_value,not_a_text_check,"[""NN-94""]",,[],,[],False,False
IMB,124,d545d2592a52e2d1abdd9a56260b9d9fc264f5a74a5dc03c2eae24b42e1d9294,5F0,CODE_POSTAL,,,UNAVAILABLE,True,missing_value,not_a_text_check,"[""NN-94""]",,[],,[],False,False
IMB,124,d545d2592a52e2d1abdd9a56260b9d9fc264f5a74a5dc03c2eae24b42e1d9294,5F0,NUMERO_VOIE,,,UNAVAILABLE,True,missing_value,not_a_text_check,"[""NN-94""]",,[],,[],False,False
IMB,124,d545d2592a52e2d1abdd9a56260b9d9fc264f5a74a5dc03c2eae24b42e1d9294,5F0,TYPE_VOIE,,,UNAVAILABLE,True,missing_value,not_a_text_check,"[""NN-94""]",,[],,[],False,False
IMB,124,d545d2592a52e2d1abdd9a56260b9d9fc264f5a74a5dc03c2eae24b42e1d9294,5F0,TYPE_BATIMENT,,,UNAVAILABLE,True,missing_value,not_a_text_check,"[""NN-94""]",,[],,[],False,False
IMB,124,d545d2592a52e2d1abdd9a56260b9d9fc264f5a74a5dc03c2eae24b42e1d9294,5F0,TYPE_CLIENT,,,UNAVAILABLE,True,missing_value,not_a_text_check,"[""NN-94""]",,[],,[],False,False
IMB,124,d545d2592a52e2d1abdd9a56260b9d9fc264f5a74a5dc03c2eae24b42e1d9294,5F0,NB_LOC_RES,,,UNAVAILABLE,True,missing_value,not_a_text_check,"[""NN-94""]",,[],,[],False,False
IMB,124,d545d2592a52e2d1abdd9a56260b9d9fc264f5a74a5dc03c2eae24b42e1d9294,5F0,NB_LOC_PRO,,,UNAVAILABLE,True,missing_value,not_a_text_check,"[""NN-94""]",,[],,[],False,False
IMB,124,d545d2592a52e2d1abdd9a56260b9d9fc264f5a74a5dc03c2eae24b42e1d9294,5F0,NB_LOC_TOT,,,UNAVAILABLE,True,missing_value,not_a_text_check,"[""NN-94""]",,[],,[],False,False
IMB,124,d545d2592a52e2d1abdd9a56260b9d9fc264f5a74a5dc03c2eae24b42e1d9294,5F0,RACCORDEMENT,,,UNAVAILABLE,True,missing_value,not_a_text_check,"[""NN-94""]",,[],,[],False,False
IMB,124,d545d2592a52e2d1abdd9a56260b9d9fc264f5a74a5dc03c2eae24b42e1d9294,5F0,STATUT,,,UNAVAILABLE,True,missing_value,not_a_text_check,"[""NN-94""]",,[],,[],False,False
IMB,124,d545d2592a52e2d1abdd9a56260b9d9fc264f5a74a5dc03c2eae24b42e1d9294,5F0,NB_ETAGE,,,UNAVAILABLE,True,missing_value,not_a_text_check,"[""NN-94""]",,[],,[],False,False
IMB,124,d545d2592a52e2d1abdd9a56260b9d9fc264f5a74a5dc03c2eae24b42e1d9294,5F0,COL_MONTANTE,,,UNAVAILABLE,True,missing_value,not_a_text_check,"[""NN-94""]",,[],,[],False,False
IMB,124,d545d2592a52e2d1abdd9a56260b9d9fc264f5a74a5dc03c2eae24b42e1d9294,5F0,SOUS_SOL,,,UNAVAILABLE,True,missing_value,not_a_text_check,"[""NN-94""]",,[],,[],False,False
IMB,124,d545d2592a52e2d1abdd9a56260b9d9fc264f5a74a5dc03c2eae24b42e1d9294,5F0,SOUS_SOL_COMMUN,,,UNAVAILABLE,True,missing_value,not_a_text_check,"[""NN-94""]",,[],,[],False,False
IMB,124,d545d2592a52e2d1abdd9a56260b9d9fc264f5a74a5dc03c2eae24b42e1d9294,5F0,BPE_CODE,,,UNAVAILABLE,True,missing_value,not_a_text_check,"[""NN-94""]",,[],,[],False,False
IMB,124,d545d2592a52e2d1abdd9a56260b9d9fc264f5a74a5dc03c2eae24b42e1d9294,5F0,X,12543680.468999645,12543680.468999645,DWG_DERIVED:GEODATA+direct-CRS-transform,False,exact,not_a_text_check,"[""NN-94""]",,[],,[],False,False
IMB,124,d545d2592a52e2d1abdd9a56260b9d9fc264f5a74a5dc03c2eae24b42e1d9294,5F0,Y,-821530.9695233749,-821530.9695233749,DWG_DERIVED:GEODATA+direct-CRS-transform,False,exact,not_a_text_check,"[""NN-94""]",,[],,[],False,False
IMB,124,d545d2592a52e2d1abdd9a56260b9d9fc264f5a74a5dc03c2eae24b42e1d9294,5F0,display_label,NN-94,NN-94,DWG_DIRECT:text|RULE:AI-IMB-LABEL-001,False,exact,exact,"[""NN-94""]",,[],,[],False,False
IMB,125,a32e7b017dfd5710f39b516155b900e28a91f940468a8dfe20e6742f8da27150,5B4,CODE,NN-37,NN-37,DWG_DIRECT:text|RULE:AI-IMB-CODE-001,False,exact,exact,"[""NN-37""]",,[],,[],False,False
IMB,125,a32e7b017dfd5710f39b516155b900e28a91f940468a8dfe20e6742f8da27150,5B4,REF_PLAQUE,,,UNAVAILABLE,True,missing_value,not_a_text_check,"[""NN-37""]",,[],,[],False,False
IMB,125,a32e7b017dfd5710f39b516155b900e28a91f940468a8dfe20e6742f8da27150,5B4,REGION,,,UNAVAILABLE,True,missing_value,not_a_text_check,"[""NN-37""]",,[],,[],False,False
IMB,125,a32e7b017dfd5710f39b516155b900e28a91f940468a8dfe20e6742f8da27150,5B4,PROVINCE,,,UNAVAILABLE,True,missing_value,not_a_text_check,"[""NN-37""]",,[],,[],False,False
IMB,125,a32e7b017dfd5710f39b516155b900e28a91f940468a8dfe20e6742f8da27150,5B4,VILLE,,,UNAVAILABLE,True,missing_value,not_a_text_check,"[""NN-37""]",,[],,[],False,False
IMB,125,a32e7b017dfd5710f39b516155b900e28a91f940468a8dfe20e6742f8da27150,5B4,COMMUNE,,,UNAVAILABLE,True,missing_value,not_a_text_check,"[""NN-37""]",,[],,[],False,False
IMB,125,a32e7b017dfd5710f39b516155b900e28a91f940468a8dfe20e6742f8da27150,5B4,CODE_POSTAL,,,UNAVAILABLE,True,missing_value,not_a_text_check,"[""NN-37""]",,[],,[],False,False
IMB,125,a32e7b017dfd5710f39b516155b900e28a91f940468a8dfe20e6742f8da27150,5B4,NUMERO_VOIE,,,UNAVAILABLE,True,missing_value,not_a_text_check,"[""NN-37""]",,[],,[],False,False
IMB,125,a32e7b017dfd5710f39b516155b900e28a91f940468a8dfe20e6742f8da27150,5B4,TYPE_VOIE,,,UNAVAILABLE,True,missing_value,not_a_text_check,"[""NN-37""]",,[],,[],False,False
IMB,125,a32e7b017dfd5710f39b516155b900e28a91f940468a8dfe20e6742f8da27150,5B4,TYPE_BATIMENT,,,UNAVAILABLE,True,missing_value,not_a_text_check,"[""NN-37""]",,[],,[],False,False
IMB,125,a32e7b017dfd5710f39b516155b900e28a91f940468a8dfe20e6742f8da27150,5B4,TYPE_CLIENT,,,UNAVAILABLE,True,missing_value,not_a_text_check,"[""NN-37""]",,[],,[],False,False
IMB,125,a32e7b017dfd5710f39b516155b900e28a91f940468a8dfe20e6742f8da27150,5B4,NB_LOC_RES,,,UNAVAILABLE,True,missing_value,not_a_text_check,"[""NN-37""]",,[],,[],False,False
IMB,125,a32e7b017dfd5710f39b516155b900e28a91f940468a8dfe20e6742f8da27150,5B4,NB_LOC_PRO,,,UNAVAILABLE,True,missing_value,not_a_text_check,"[""NN-37""]",,[],,[],False,False
IMB,125,a32e7b017dfd5710f39b516155b900e28a91f940468a8dfe20e6742f8da27150,5B4,NB_LOC_TOT,,,UNAVAILABLE,True,missing_value,not_a_text_check,"[""NN-37""]",,[],,[],False,False
IMB,125,a32e7b017dfd5710f39b516155b900e28a91f940468a8dfe20e6742f8da27150,5B4,RACCORDEMENT,,,UNAVAILABLE,True,missing_value,not_a_text_check,"[""NN-37""]",,[],,[],False,False
IMB,125,a32e7b017dfd5710f39b516155b900e28a91f940468a8dfe20e6742f8da27150,5B4,STATUT,,,UNAVAILABLE,True,missing_value,not_a_text_check,"[""NN-37""]",,[],,[],False,False
IMB,125,a32e7b017dfd5710f39b516155b900e28a91f940468a8dfe20e6742f8da27150,5B4,NB_ETAGE,,,UNAVAILABLE,True,missing_value,not_a_text_check,"[""NN-37""]",,[],,[],False,False
IMB,125,a32e7b017dfd5710f39b516155b900e28a91f940468a8dfe20e6742f8da27150,5B4,COL_MONTANTE,,,UNAVAILABLE,True,missing_value,not_a_text_check,"[""NN-37""]",,[],,[],False,False
IMB,125,a32e7b017dfd5710f39b516155b900e28a91f940468a8dfe20e6742f8da27150,5B4,SOUS_SOL,,,UNAVAILABLE,True,missing_value,not_a_text_check,"[""NN-37""]",,[],,[],False,False
IMB,125,a32e7b017dfd5710f39b516155b900e28a91f940468a8dfe20e6742f8da27150,5B4,SOUS_SOL_COMMUN,,,UNAVAILABLE,True,missing_value,not_a_text_check,"[""NN-37""]",,[],,[],False,False
IMB,125,a32e7b017dfd5710f39b516155b900e28a91f940468a8dfe20e6742f8da27150,5B4,BPE_CODE,,,UNAVAILABLE,True,missing_value,not_a_text_check,"[""NN-37""]",,[],,[],False,False
IMB,125,a32e7b017dfd5710f39b516155b900e28a91f940468a8dfe20e6742f8da27150,5B4,X,12543807.543936288,12543807.543936288,DWG_DERIVED:GEODATA+direct-CRS-transform,False,exact,not_a_text_check,"[""NN-37""]",,[],,[],False,False
IMB,125,a32e7b017dfd5710f39b516155b900e28a91f940468a8dfe20e6742f8da27150,5B4,Y,-821509.289688503,-821509.289688503,DWG_DERIVED:GEODATA+direct-CRS-transform,False,exact,not_a_text_check,"[""NN-37""]",,[],,[],False,False
IMB,125,a32e7b017dfd5710f39b516155b900e28a91f940468a8dfe20e6742f8da27150,5B4,display_label,NN-37,NN-37,DWG_DIRECT:text|RULE:AI-IMB-LABEL-001,False,exact,exact,"[""NN-37""]",,[],,[],False,False
IMB,126,1ad832481542e8fbcdb3a7b26f1e6192bdc148bc49239a578c28fffdf3bb06cc,5F6,CODE,NN-100,NN-100,DWG_DIRECT:text|RULE:AI-IMB-CODE-001,False,exact,exact,"[""NN-100""]",,[],,[],False,False
IMB,126,1ad832481542e8fbcdb3a7b26f1e6192bdc148bc49239a578c28fffdf3bb06cc,5F6,REF_PLAQUE,,,UNAVAILABLE,True,missing_value,not_a_text_check,"[""NN-100""]",,[],,[],False,False
IMB,126,1ad832481542e8fbcdb3a7b26f1e6192bdc148bc49239a578c28fffdf3bb06cc,5F6,REGION,,,UNAVAILABLE,True,missing_value,not_a_text_check,"[""NN-100""]",,[],,[],False,False
IMB,126,1ad832481542e8fbcdb3a7b26f1e6192bdc148bc49239a578c28fffdf3bb06cc,5F6,PROVINCE,,,UNAVAILABLE,True,missing_value,not_a_text_check,"[""NN-100""]",,[],,[],False,False
IMB,126,1ad832481542e8fbcdb3a7b26f1e6192bdc148bc49239a578c28fffdf3bb06cc,5F6,VILLE,,,UNAVAILABLE,True,missing_value,not_a_text_check,"[""NN-100""]",,[],,[],False,False
IMB,126,1ad832481542e8fbcdb3a7b26f1e6192bdc148bc49239a578c28fffdf3bb06cc,5F6,COMMUNE,,,UNAVAILABLE,True,missing_value,not_a_text_check,"[""NN-100""]",,[],,[],False,False
IMB,126,1ad832481542e8fbcdb3a7b26f1e6192bdc148bc49239a578c28fffdf3bb06cc,5F6,CODE_POSTAL,,,UNAVAILABLE,True,missing_value,not_a_text_check,"[""NN-100""]",,[],,[],False,False
IMB,126,1ad832481542e8fbcdb3a7b26f1e6192bdc148bc49239a578c28fffdf3bb06cc,5F6,NUMERO_VOIE,,,UNAVAILABLE,True,missing_value,not_a_text_check,"[""NN-100""]",,[],,[],False,False
IMB,126,1ad832481542e8fbcdb3a7b26f1e6192bdc148bc49239a578c28fffdf3bb06cc,5F6,TYPE_VOIE,,,UNAVAILABLE,True,missing_value,not_a_text_check,"[""NN-100""]",,[],,[],False,False
IMB,126,1ad832481542e8fbcdb3a7b26f1e6192bdc148bc49239a578c28fffdf3bb06cc,5F6,TYPE_BATIMENT,,,UNAVAILABLE,True,missing_value,not_a_text_check,"[""NN-100""]",,[],,[],False,False
IMB,126,1ad832481542e8fbcdb3a7b26f1e6192bdc148bc49239a578c28fffdf3bb06cc,5F6,TYPE_CLIENT,,,UNAVAILABLE,True,missing_value,not_a_text_check,"[""NN-100""]",,[],,[],False,False
IMB,126,1ad832481542e8fbcdb3a7b26f1e6192bdc148bc49239a578c28fffdf3bb06cc,5F6,NB_LOC_RES,,,UNAVAILABLE,True,missing_value,not_a_text_check,"[""NN-100""]",,[],,[],False,False
IMB,126,1ad832481542e8fbcdb3a7b26f1e6192bdc148bc49239a578c28fffdf3bb06cc,5F6,NB_LOC_PRO,,,UNAVAILABLE,True,missing_value,not_a_text_check,"[""NN-100""]",,[],,[],False,False
IMB,126,1ad832481542e8fbcdb3a7b26f1e6192bdc148bc49239a578c28fffdf3bb06cc,5F6,NB_LOC_TOT,,,UNAVAILABLE,True,missing_value,not_a_text_check,"[""NN-100""]",,[],,[],False,False
IMB,126,1ad832481542e8fbcdb3a7b26f1e6192bdc148bc49239a578c28fffdf3bb06cc,5F6,RACCORDEMENT,,,UNAVAILABLE,True,missing_value,not_a_text_check,"[""NN-100""]",,[],,[],False,False
IMB,126,1ad832481542e8fbcdb3a7b26f1e6192bdc148bc49239a578c28fffdf3bb06cc,5F6,STATUT,,,UNAVAILABLE,True,missing_value,not_a_text_check,"[""NN-100""]",,[],,[],False,False
IMB,126,1ad832481542e8fbcdb3a7b26f1e6192bdc148bc49239a578c28fffdf3bb06cc,5F6,NB_ETAGE,,,UNAVAILABLE,True,missing_value,not_a_text_check,"[""NN-100""]",,[],,[],False,False
IMB,126,1ad832481542e8fbcdb3a7b26f1e6192bdc148bc49239a578c28fffdf3bb06cc,5F6,COL_MONTANTE,,,UNAVAILABLE,True,missing_value,not_a_text_check,"[""NN-100""]",,[],,[],False,False
IMB,126,1ad832481542e8fbcdb3a7b26f1e6192bdc148bc49239a578c28fffdf3bb06cc,5F6,SOUS_SOL,,,UNAVAILABLE,True,missing_value,not_a_text_check,"[""NN-100""]",,[],,[],False,False
IMB,126,1ad832481542e8fbcdb3a7b26f1e6192bdc148bc49239a578c28fffdf3bb06cc,5F6,SOUS_SOL_COMMUN,,,UNAVAILABLE,True,missing_value,not_a_text_check,"[""NN-100""]",,[],,[],False,False
IMB,126,1ad832481542e8fbcdb3a7b26f1e6192bdc148bc49239a578c28fffdf3bb06cc,5F6,BPE_CODE,,,UNAVAILABLE,True,missing_value,not_a_text_check,"[""NN-100""]",,[],,[],False,False
IMB,126,1ad832481542e8fbcdb3a7b26f1e6192bdc148bc49239a578c28fffdf3bb06cc,5F6,X,12543616.735643879,12543616.735643879,DWG_DERIVED:GEODATA+direct-CRS-transform,False,exact,not_a_text_check,"[""NN-100""]",,[],,[],False,False
IMB,126,1ad832481542e8fbcdb3a7b26f1e6192bdc148bc49239a578c28fffdf3bb06cc,5F6,Y,-821488.4394781254,-821488.4394781254,DWG_DERIVED:GEODATA+direct-CRS-transform,False,exact,not_a_text_check,"[""NN-100""]",,[],,[],False,False
IMB,126,1ad832481542e8fbcdb3a7b26f1e6192bdc148bc49239a578c28fffdf3bb06cc,5F6,display_label,NN-100,NN-100,DWG_DIRECT:text|RULE:AI-IMB-LABEL-001,False,exact,exact,"[""NN-100""]",,[],,[],False,False
IMB,127,deaccda1f7b4362c83d6acdcc9ba5137d61597e7b2d864193baaea0b451200b9,5E3,CODE,NN-81,NN-81,DWG_DIRECT:text|RULE:AI-IMB-CODE-001,False,exact,exact,"[""NN-81""]",,[],,[],False,False
IMB,127,deaccda1f7b4362c83d6acdcc9ba5137d61597e7b2d864193baaea0b451200b9,5E3,REF_PLAQUE,,,UNAVAILABLE,True,missing_value,not_a_text_check,"[""NN-81""]",,[],,[],False,False
IMB,127,deaccda1f7b4362c83d6acdcc9ba5137d61597e7b2d864193baaea0b451200b9,5E3,REGION,,,UNAVAILABLE,True,missing_value,not_a_text_check,"[""NN-81""]",,[],,[],False,False
IMB,127,deaccda1f7b4362c83d6acdcc9ba5137d61597e7b2d864193baaea0b451200b9,5E3,PROVINCE,,,UNAVAILABLE,True,missing_value,not_a_text_check,"[""NN-81""]",,[],,[],False,False
IMB,127,deaccda1f7b4362c83d6acdcc9ba5137d61597e7b2d864193baaea0b451200b9,5E3,VILLE,,,UNAVAILABLE,True,missing_value,not_a_text_check,"[""NN-81""]",,[],,[],False,False
IMB,127,deaccda1f7b4362c83d6acdcc9ba5137d61597e7b2d864193baaea0b451200b9,5E3,COMMUNE,,,UNAVAILABLE,True,missing_value,not_a_text_check,"[""NN-81""]",,[],,[],False,False
IMB,127,deaccda1f7b4362c83d6acdcc9ba5137d61597e7b2d864193baaea0b451200b9,5E3,CODE_POSTAL,,,UNAVAILABLE,True,missing_value,not_a_text_check,"[""NN-81""]",,[],,[],False,False
IMB,127,deaccda1f7b4362c83d6acdcc9ba5137d61597e7b2d864193baaea0b451200b9,5E3,NUMERO_VOIE,,,UNAVAILABLE,True,missing_value,not_a_text_check,"[""NN-81""]",,[],,[],False,False
IMB,127,deaccda1f7b4362c83d6acdcc9ba5137d61597e7b2d864193baaea0b451200b9,5E3,TYPE_VOIE,,,UNAVAILABLE,True,missing_value,not_a_text_check,"[""NN-81""]",,[],,[],False,False
IMB,127,deaccda1f7b4362c83d6acdcc9ba5137d61597e7b2d864193baaea0b451200b9,5E3,TYPE_BATIMENT,,,UNAVAILABLE,True,missing_value,not_a_text_check,"[""NN-81""]",,[],,[],False,False
IMB,127,deaccda1f7b4362c83d6acdcc9ba5137d61597e7b2d864193baaea0b451200b9,5E3,TYPE_CLIENT,,,UNAVAILABLE,True,missing_value,not_a_text_check,"[""NN-81""]",,[],,[],False,False
IMB,127,deaccda1f7b4362c83d6acdcc9ba5137d61597e7b2d864193baaea0b451200b9,5E3,NB_LOC_RES,,,UNAVAILABLE,True,missing_value,not_a_text_check,"[""NN-81""]",,[],,[],False,False
IMB,127,deaccda1f7b4362c83d6acdcc9ba5137d61597e7b2d864193baaea0b451200b9,5E3,NB_LOC_PRO,,,UNAVAILABLE,True,missing_value,not_a_text_check,"[""NN-81""]",,[],,[],False,False
IMB,127,deaccda1f7b4362c83d6acdcc9ba5137d61597e7b2d864193baaea0b451200b9,5E3,NB_LOC_TOT,,,UNAVAILABLE,True,missing_value,not_a_text_check,"[""NN-81""]",,[],,[],False,False
IMB,127,deaccda1f7b4362c83d6acdcc9ba5137d61597e7b2d864193baaea0b451200b9,5E3,RACCORDEMENT,,,UNAVAILABLE,True,missing_value,not_a_text_check,"[""NN-81""]",,[],,[],False,False
IMB,127,deaccda1f7b4362c83d6acdcc9ba5137d61597e7b2d864193baaea0b451200b9,5E3,STATUT,,,UNAVAILABLE,True,missing_value,not_a_text_check,"[""NN-81""]",,[],,[],False,False
IMB,127,deaccda1f7b4362c83d6acdcc9ba5137d61597e7b2d864193baaea0b451200b9,5E3,NB_ETAGE,,,UNAVAILABLE,True,missing_value,not_a_text_check,"[""NN-81""]",,[],,[],False,False
IMB,127,deaccda1f7b4362c83d6acdcc9ba5137d61597e7b2d864193baaea0b451200b9,5E3,COL_MONTANTE,,,UNAVAILABLE,True,missing_value,not_a_text_check,"[""NN-81""]",,[],,[],False,False
IMB,127,deaccda1f7b4362c83d6acdcc9ba5137d61597e7b2d864193baaea0b451200b9,5E3,SOUS_SOL,,,UNAVAILABLE,True,missing_value,not_a_text_check,"[""NN-81""]",,[],,[],False,False
IMB,127,deaccda1f7b4362c83d6acdcc9ba5137d61597e7b2d864193baaea0b451200b9,5E3,SOUS_SOL_COMMUN,,,UNAVAILABLE,True,missing_value,not_a_text_check,"[""NN-81""]",,[],,[],False,False
IMB,127,deaccda1f7b4362c83d6acdcc9ba5137d61597e7b2d864193baaea0b451200b9,5E3,BPE_CODE,,,UNAVAILABLE,True,missing_value,not_a_text_check,"[""NN-81""]",,[],,[],False,False
IMB,127,deaccda1f7b4362c83d6acdcc9ba5137d61597e7b2d864193baaea0b451200b9,5E3,X,12543635.47925534,12543635.47925534,DWG_DERIVED:GEODATA+direct-CRS-transform,False,exact,not_a_text_check,"[""NN-81""]",,[],,[],False,False
IMB,127,deaccda1f7b4362c83d6acdcc9ba5137d61597e7b2d864193baaea0b451200b9,5E3,Y,-821488.2960735635,-821488.2960735635,DWG_DERIVED:GEODATA+direct-CRS-transform,False,exact,not_a_text_check,"[""NN-81""]",,[],,[],False,False
IMB,127,deaccda1f7b4362c83d6acdcc9ba5137d61597e7b2d864193baaea0b451200b9,5E3,display_label,NN-81,NN-81,DWG_DIRECT:text|RULE:AI-IMB-LABEL-001,False,exact,exact,"[""NN-81""]",,[],,[],False,False
IMB,128,d72ce7bfc5226d4728db5d527c972d2b551938eb34d288021bb81236bb812806,5FC,CODE,NN-106,NN-106,DWG_DIRECT:text|RULE:AI-IMB-CODE-001,False,exact,exact,"[""NN-106""]",,[],,[],False,False
IMB,128,d72ce7bfc5226d4728db5d527c972d2b551938eb34d288021bb81236bb812806,5FC,REF_PLAQUE,,,UNAVAILABLE,True,missing_value,not_a_text_check,"[""NN-106""]",,[],,[],False,False
IMB,128,d72ce7bfc5226d4728db5d527c972d2b551938eb34d288021bb81236bb812806,5FC,REGION,,,UNAVAILABLE,True,missing_value,not_a_text_check,"[""NN-106""]",,[],,[],False,False
IMB,128,d72ce7bfc5226d4728db5d527c972d2b551938eb34d288021bb81236bb812806,5FC,PROVINCE,,,UNAVAILABLE,True,missing_value,not_a_text_check,"[""NN-106""]",,[],,[],False,False
IMB,128,d72ce7bfc5226d4728db5d527c972d2b551938eb34d288021bb81236bb812806,5FC,VILLE,,,UNAVAILABLE,True,missing_value,not_a_text_check,"[""NN-106""]",,[],,[],False,False
IMB,128,d72ce7bfc5226d4728db5d527c972d2b551938eb34d288021bb81236bb812806,5FC,COMMUNE,,,UNAVAILABLE,True,missing_value,not_a_text_check,"[""NN-106""]",,[],,[],False,False
IMB,128,d72ce7bfc5226d4728db5d527c972d2b551938eb34d288021bb81236bb812806,5FC,CODE_POSTAL,,,UNAVAILABLE,True,missing_value,not_a_text_check,"[""NN-106""]",,[],,[],False,False
IMB,128,d72ce7bfc5226d4728db5d527c972d2b551938eb34d288021bb81236bb812806,5FC,NUMERO_VOIE,,,UNAVAILABLE,True,missing_value,not_a_text_check,"[""NN-106""]",,[],,[],False,False
IMB,128,d72ce7bfc5226d4728db5d527c972d2b551938eb34d288021bb81236bb812806,5FC,TYPE_VOIE,,,UNAVAILABLE,True,missing_value,not_a_text_check,"[""NN-106""]",,[],,[],False,False
IMB,128,d72ce7bfc5226d4728db5d527c972d2b551938eb34d288021bb81236bb812806,5FC,TYPE_BATIMENT,,,UNAVAILABLE,True,missing_value,not_a_text_check,"[""NN-106""]",,[],,[],False,False
IMB,128,d72ce7bfc5226d4728db5d527c972d2b551938eb34d288021bb81236bb812806,5FC,TYPE_CLIENT,,,UNAVAILABLE,True,missing_value,not_a_text_check,"[""NN-106""]",,[],,[],False,False
IMB,128,d72ce7bfc5226d4728db5d527c972d2b551938eb34d288021bb81236bb812806,5FC,NB_LOC_RES,,,UNAVAILABLE,True,missing_value,not_a_text_check,"[""NN-106""]",,[],,[],False,False
IMB,128,d72ce7bfc5226d4728db5d527c972d2b551938eb34d288021bb81236bb812806,5FC,NB_LOC_PRO,,,UNAVAILABLE,True,missing_value,not_a_text_check,"[""NN-106""]",,[],,[],False,False
IMB,128,d72ce7bfc5226d4728db5d527c972d2b551938eb34d288021bb81236bb812806,5FC,NB_LOC_TOT,,,UNAVAILABLE,True,missing_value,not_a_text_check,"[""NN-106""]",,[],,[],False,False
IMB,128,d72ce7bfc5226d4728db5d527c972d2b551938eb34d288021bb81236bb812806,5FC,RACCORDEMENT,,,UNAVAILABLE,True,missing_value,not_a_text_check,"[""NN-106""]",,[],,[],False,False
IMB,128,d72ce7bfc5226d4728db5d527c972d2b551938eb34d288021bb81236bb812806,5FC,STATUT,,,UNAVAILABLE,True,missing_value,not_a_text_check,"[""NN-106""]",,[],,[],False,False
IMB,128,d72ce7bfc5226d4728db5d527c972d2b551938eb34d288021bb81236bb812806,5FC,NB_ETAGE,,,UNAVAILABLE,True,missing_value,not_a_text_check,"[""NN-106""]",,[],,[],False,False
IMB,128,d72ce7bfc5226d4728db5d527c972d2b551938eb34d288021bb81236bb812806,5FC,COL_MONTANTE,,,UNAVAILABLE,True,missing_value,not_a_text_check,"[""NN-106""]",,[],,[],False,False
IMB,128,d72ce7bfc5226d4728db5d527c972d2b551938eb34d288021bb81236bb812806,5FC,SOUS_SOL,,,UNAVAILABLE,True,missing_value,not_a_text_check,"[""NN-106""]",,[],,[],False,False
IMB,128,d72ce7bfc5226d4728db5d527c972d2b551938eb34d288021bb81236bb812806,5FC,SOUS_SOL_COMMUN,,,UNAVAILABLE,True,missing_value,not_a_text_check,"[""NN-106""]",,[],,[],False,False
IMB,128,d72ce7bfc5226d4728db5d527c972d2b551938eb34d288021bb81236bb812806,5FC,BPE_CODE,,,UNAVAILABLE,True,missing_value,not_a_text_check,"[""NN-106""]",,[],,[],False,False
IMB,128,d72ce7bfc5226d4728db5d527c972d2b551938eb34d288021bb81236bb812806,5FC,X,12543669.554140957,12543669.554140957,DWG_DERIVED:GEODATA+direct-CRS-transform,False,exact,not_a_text_check,"[""NN-106""]",,[],,[],False,False
IMB,128,d72ce7bfc5226d4728db5d527c972d2b551938eb34d288021bb81236bb812806,5FC,Y,-821494.6068987495,-821494.6068987495,DWG_DERIVED:GEODATA+direct-CRS-transform,False,exact,not_a_text_check,"[""NN-106""]",,[],,[],False,False
IMB,128,d72ce7bfc5226d4728db5d527c972d2b551938eb34d288021bb81236bb812806,5FC,display_label,NN-106,NN-106,DWG_DIRECT:text|RULE:AI-IMB-LABEL-001,False,exact,exact,"[""NN-106""]",,[],,[],False,False
IMB,129,ef950d8bcdbf5022e2e3f461fadd37dc0f048041bfe8b7842153b431af0ba0e3,60A,CODE,NN-120,NN-120,DWG_DIRECT:text|RULE:AI-IMB-CODE-001,False,exact,exact,"[""NN-120""]",,[],,[],False,False
IMB,129,ef950d8bcdbf5022e2e3f461fadd37dc0f048041bfe8b7842153b431af0ba0e3,60A,REF_PLAQUE,,,UNAVAILABLE,True,missing_value,not_a_text_check,"[""NN-120""]",,[],,[],False,False
IMB,129,ef950d8bcdbf5022e2e3f461fadd37dc0f048041bfe8b7842153b431af0ba0e3,60A,REGION,,,UNAVAILABLE,True,missing_value,not_a_text_check,"[""NN-120""]",,[],,[],False,False
IMB,129,ef950d8bcdbf5022e2e3f461fadd37dc0f048041bfe8b7842153b431af0ba0e3,60A,PROVINCE,,,UNAVAILABLE,True,missing_value,not_a_text_check,"[""NN-120""]",,[],,[],False,False
IMB,129,ef950d8bcdbf5022e2e3f461fadd37dc0f048041bfe8b7842153b431af0ba0e3,60A,VILLE,,,UNAVAILABLE,True,missing_value,not_a_text_check,"[""NN-120""]",,[],,[],False,False
IMB,129,ef950d8bcdbf5022e2e3f461fadd37dc0f048041bfe8b7842153b431af0ba0e3,60A,COMMUNE,,,UNAVAILABLE,True,missing_value,not_a_text_check,"[""NN-120""]",,[],,[],False,False
IMB,129,ef950d8bcdbf5022e2e3f461fadd37dc0f048041bfe8b7842153b431af0ba0e3,60A,CODE_POSTAL,,,UNAVAILABLE,True,missing_value,not_a_text_check,"[""NN-120""]",,[],,[],False,False
IMB,129,ef950d8bcdbf5022e2e3f461fadd37dc0f048041bfe8b7842153b431af0ba0e3,60A,NUMERO_VOIE,,,UNAVAILABLE,True,missing_value,not_a_text_check,"[""NN-120""]",,[],,[],False,False
IMB,129,ef950d8bcdbf5022e2e3f461fadd37dc0f048041bfe8b7842153b431af0ba0e3,60A,TYPE_VOIE,,,UNAVAILABLE,True,missing_value,not_a_text_check,"[""NN-120""]",,[],,[],False,False
IMB,129,ef950d8bcdbf5022e2e3f461fadd37dc0f048041bfe8b7842153b431af0ba0e3,60A,TYPE_BATIMENT,,,UNAVAILABLE,True,missing_value,not_a_text_check,"[""NN-120""]",,[],,[],False,False
IMB,129,ef950d8bcdbf5022e2e3f461fadd37dc0f048041bfe8b7842153b431af0ba0e3,60A,TYPE_CLIENT,,,UNAVAILABLE,True,missing_value,not_a_text_check,"[""NN-120""]",,[],,[],False,False
IMB,129,ef950d8bcdbf5022e2e3f461fadd37dc0f048041bfe8b7842153b431af0ba0e3,60A,NB_LOC_RES,,,UNAVAILABLE,True,missing_value,not_a_text_check,"[""NN-120""]",,[],,[],False,False
IMB,129,ef950d8bcdbf5022e2e3f461fadd37dc0f048041bfe8b7842153b431af0ba0e3,60A,NB_LOC_PRO,,,UNAVAILABLE,True,missing_value,not_a_text_check,"[""NN-120""]",,[],,[],False,False
IMB,129,ef950d8bcdbf5022e2e3f461fadd37dc0f048041bfe8b7842153b431af0ba0e3,60A,NB_LOC_TOT,,,UNAVAILABLE,True,missing_value,not_a_text_check,"[""NN-120""]",,[],,[],False,False
IMB,129,ef950d8bcdbf5022e2e3f461fadd37dc0f048041bfe8b7842153b431af0ba0e3,60A,RACCORDEMENT,,,UNAVAILABLE,True,missing_value,not_a_text_check,"[""NN-120""]",,[],,[],False,False
IMB,129,ef950d8bcdbf5022e2e3f461fadd37dc0f048041bfe8b7842153b431af0ba0e3,60A,STATUT,,,UNAVAILABLE,True,missing_value,not_a_text_check,"[""NN-120""]",,[],,[],False,False
IMB,129,ef950d8bcdbf5022e2e3f461fadd37dc0f048041bfe8b7842153b431af0ba0e3,60A,NB_ETAGE,,,UNAVAILABLE,True,missing_value,not_a_text_check,"[""NN-120""]",,[],,[],False,False
IMB,129,ef950d8bcdbf5022e2e3f461fadd37dc0f048041bfe8b7842153b431af0ba0e3,60A,COL_MONTANTE,,,UNAVAILABLE,True,missing_value,not_a_text_check,"[""NN-120""]",,[],,[],False,False
IMB,129,ef950d8bcdbf5022e2e3f461fadd37dc0f048041bfe8b7842153b431af0ba0e3,60A,SOUS_SOL,,,UNAVAILABLE,True,missing_value,not_a_text_check,"[""NN-120""]",,[],,[],False,False
IMB,129,ef950d8bcdbf5022e2e3f461fadd37dc0f048041bfe8b7842153b431af0ba0e3,60A,SOUS_SOL_COMMUN,,,UNAVAILABLE,True,missing_value,not_a_text_check,"[""NN-120""]",,[],,[],False,False
IMB,129,ef950d8bcdbf5022e2e3f461fadd37dc0f048041bfe8b7842153b431af0ba0e3,60A,BPE_CODE,,,UNAVAILABLE,True,missing_value,not_a_text_check,"[""NN-120""]",,[],,[],False,False
IMB,129,ef950d8bcdbf5022e2e3f461fadd37dc0f048041bfe8b7842153b431af0ba0e3,60A,X,12543818.191609971,12543818.191609971,DWG_DERIVED:GEODATA+direct-CRS-transform,False,exact,not_a_text_check,"[""NN-120""]",,[],,[],False,False
IMB,129,ef950d8bcdbf5022e2e3f461fadd37dc0f048041bfe8b7842153b431af0ba0e3,60A,Y,-821484.8414956491,-821484.8414956491,DWG_DERIVED:GEODATA+direct-CRS-transform,False,exact,not_a_text_check,"[""NN-120""]",,[],,[],False,False
IMB,129,ef950d8bcdbf5022e2e3f461fadd37dc0f048041bfe8b7842153b431af0ba0e3,60A,display_label,NN-120,NN-120,DWG_DIRECT:text|RULE:AI-IMB-LABEL-001,False,exact,exact,"[""NN-120""]",,[],,[],False,False
IMB,130,3d802cb66e23f2e239209e12896f3a83b1b7e349d56fde14c35947668d2a45ff,5DE,CODE,NN-76,NN-76,DWG_DIRECT:text|RULE:AI-IMB-CODE-001,False,exact,exact,"[""NN-76""]",,[],,[],False,False
IMB,130,3d802cb66e23f2e239209e12896f3a83b1b7e349d56fde14c35947668d2a45ff,5DE,REF_PLAQUE,,,UNAVAILABLE,True,missing_value,not_a_text_check,"[""NN-76""]",,[],,[],False,False
IMB,130,3d802cb66e23f2e239209e12896f3a83b1b7e349d56fde14c35947668d2a45ff,5DE,REGION,,,UNAVAILABLE,True,missing_value,not_a_text_check,"[""NN-76""]",,[],,[],False,False
IMB,130,3d802cb66e23f2e239209e12896f3a83b1b7e349d56fde14c35947668d2a45ff,5DE,PROVINCE,,,UNAVAILABLE,True,missing_value,not_a_text_check,"[""NN-76""]",,[],,[],False,False
IMB,130,3d802cb66e23f2e239209e12896f3a83b1b7e349d56fde14c35947668d2a45ff,5DE,VILLE,,,UNAVAILABLE,True,missing_value,not_a_text_check,"[""NN-76""]",,[],,[],False,False
IMB,130,3d802cb66e23f2e239209e12896f3a83b1b7e349d56fde14c35947668d2a45ff,5DE,COMMUNE,,,UNAVAILABLE,True,missing_value,not_a_text_check,"[""NN-76""]",,[],,[],False,False
IMB,130,3d802cb66e23f2e239209e12896f3a83b1b7e349d56fde14c35947668d2a45ff,5DE,CODE_POSTAL,,,UNAVAILABLE,True,missing_value,not_a_text_check,"[""NN-76""]",,[],,[],False,False
IMB,130,3d802cb66e23f2e239209e12896f3a83b1b7e349d56fde14c35947668d2a45ff,5DE,NUMERO_VOIE,,,UNAVAILABLE,True,missing_value,not_a_text_check,"[""NN-76""]",,[],,[],False,False
IMB,130,3d802cb66e23f2e239209e12896f3a83b1b7e349d56fde14c35947668d2a45ff,5DE,TYPE_VOIE,,,UNAVAILABLE,True,missing_value,not_a_text_check,"[""NN-76""]",,[],,[],False,False
IMB,130,3d802cb66e23f2e239209e12896f3a83b1b7e349d56fde14c35947668d2a45ff,5DE,TYPE_BATIMENT,,,UNAVAILABLE,True,missing_value,not_a_text_check,"[""NN-76""]",,[],,[],False,False
IMB,130,3d802cb66e23f2e239209e12896f3a83b1b7e349d56fde14c35947668d2a45ff,5DE,TYPE_CLIENT,,,UNAVAILABLE,True,missing_value,not_a_text_check,"[""NN-76""]",,[],,[],False,False
IMB,130,3d802cb66e23f2e239209e12896f3a83b1b7e349d56fde14c35947668d2a45ff,5DE,NB_LOC_RES,,,UNAVAILABLE,True,missing_value,not_a_text_check,"[""NN-76""]",,[],,[],False,False
IMB,130,3d802cb66e23f2e239209e12896f3a83b1b7e349d56fde14c35947668d2a45ff,5DE,NB_LOC_PRO,,,UNAVAILABLE,True,missing_value,not_a_text_check,"[""NN-76""]",,[],,[],False,False
IMB,130,3d802cb66e23f2e239209e12896f3a83b1b7e349d56fde14c35947668d2a45ff,5DE,NB_LOC_TOT,,,UNAVAILABLE,True,missing_value,not_a_text_check,"[""NN-76""]",,[],,[],False,False
IMB,130,3d802cb66e23f2e239209e12896f3a83b1b7e349d56fde14c35947668d2a45ff,5DE,RACCORDEMENT,,,UNAVAILABLE,True,missing_value,not_a_text_check,"[""NN-76""]",,[],,[],False,False
IMB,130,3d802cb66e23f2e239209e12896f3a83b1b7e349d56fde14c35947668d2a45ff,5DE,STATUT,,,UNAVAILABLE,True,missing_value,not_a_text_check,"[""NN-76""]",,[],,[],False,False
IMB,130,3d802cb66e23f2e239209e12896f3a83b1b7e349d56fde14c35947668d2a45ff,5DE,NB_ETAGE,,,UNAVAILABLE,True,missing_value,not_a_text_check,"[""NN-76""]",,[],,[],False,False
IMB,130,3d802cb66e23f2e239209e12896f3a83b1b7e349d56fde14c35947668d2a45ff,5DE,COL_MONTANTE,,,UNAVAILABLE,True,missing_value,not_a_text_check,"[""NN-76""]",,[],,[],False,False
IMB,130,3d802cb66e23f2e239209e12896f3a83b1b7e349d56fde14c35947668d2a45ff,5DE,SOUS_SOL,,,UNAVAILABLE,True,missing_value,not_a_text_check,"[""NN-76""]",,[],,[],False,False
IMB,130,3d802cb66e23f2e239209e12896f3a83b1b7e349d56fde14c35947668d2a45ff,5DE,SOUS_SOL_COMMUN,,,UNAVAILABLE,True,missing_value,not_a_text_check,"[""NN-76""]",,[],,[],False,False
IMB,130,3d802cb66e23f2e239209e12896f3a83b1b7e349d56fde14c35947668d2a45ff,5DE,BPE_CODE,,,UNAVAILABLE,True,missing_value,not_a_text_check,"[""NN-76""]",,[],,[],False,False
IMB,130,3d802cb66e23f2e239209e12896f3a83b1b7e349d56fde14c35947668d2a45ff,5DE,X,12543723.418153409,12543723.418153409,DWG_DERIVED:GEODATA+direct-CRS-transform,False,exact,not_a_text_check,"[""NN-76""]",,[],,[],False,False
IMB,130,3d802cb66e23f2e239209e12896f3a83b1b7e349d56fde14c35947668d2a45ff,5DE,Y,-821502.5229793136,-821502.5229793136,DWG_DERIVED:GEODATA+direct-CRS-transform,False,exact,not_a_text_check,"[""NN-76""]",,[],,[],False,False
IMB,130,3d802cb66e23f2e239209e12896f3a83b1b7e349d56fde14c35947668d2a45ff,5DE,display_label,NN-76,NN-76,DWG_DIRECT:text|RULE:AI-IMB-LABEL-001,False,exact,exact,"[""NN-76""]",,[],,[],False,False
IMB,131,2ec09345f0209deb55de319e96d3cadbc1a0f1a07f58680e3b93ae425f4a33f6,5F8,CODE,NN-102,NN-102,DWG_DIRECT:text|RULE:AI-IMB-CODE-001,False,exact,exact,"[""NN-102""]",,[],,[],False,False
IMB,131,2ec09345f0209deb55de319e96d3cadbc1a0f1a07f58680e3b93ae425f4a33f6,5F8,REF_PLAQUE,,,UNAVAILABLE,True,missing_value,not_a_text_check,"[""NN-102""]",,[],,[],False,False
IMB,131,2ec09345f0209deb55de319e96d3cadbc1a0f1a07f58680e3b93ae425f4a33f6,5F8,REGION,,,UNAVAILABLE,True,missing_value,not_a_text_check,"[""NN-102""]",,[],,[],False,False
IMB,131,2ec09345f0209deb55de319e96d3cadbc1a0f1a07f58680e3b93ae425f4a33f6,5F8,PROVINCE,,,UNAVAILABLE,True,missing_value,not_a_text_check,"[""NN-102""]",,[],,[],False,False
IMB,131,2ec09345f0209deb55de319e96d3cadbc1a0f1a07f58680e3b93ae425f4a33f6,5F8,VILLE,,,UNAVAILABLE,True,missing_value,not_a_text_check,"[""NN-102""]",,[],,[],False,False
IMB,131,2ec09345f0209deb55de319e96d3cadbc1a0f1a07f58680e3b93ae425f4a33f6,5F8,COMMUNE,,,UNAVAILABLE,True,missing_value,not_a_text_check,"[""NN-102""]",,[],,[],False,False
IMB,131,2ec09345f0209deb55de319e96d3cadbc1a0f1a07f58680e3b93ae425f4a33f6,5F8,CODE_POSTAL,,,UNAVAILABLE,True,missing_value,not_a_text_check,"[""NN-102""]",,[],,[],False,False
IMB,131,2ec09345f0209deb55de319e96d3cadbc1a0f1a07f58680e3b93ae425f4a33f6,5F8,NUMERO_VOIE,,,UNAVAILABLE,True,missing_value,not_a_text_check,"[""NN-102""]",,[],,[],False,False
IMB,131,2ec09345f0209deb55de319e96d3cadbc1a0f1a07f58680e3b93ae425f4a33f6,5F8,TYPE_VOIE,,,UNAVAILABLE,True,missing_value,not_a_text_check,"[""NN-102""]",,[],,[],False,False
IMB,131,2ec09345f0209deb55de319e96d3cadbc1a0f1a07f58680e3b93ae425f4a33f6,5F8,TYPE_BATIMENT,,,UNAVAILABLE,True,missing_value,not_a_text_check,"[""NN-102""]",,[],,[],False,False
IMB,131,2ec09345f0209deb55de319e96d3cadbc1a0f1a07f58680e3b93ae425f4a33f6,5F8,TYPE_CLIENT,,,UNAVAILABLE,True,missing_value,not_a_text_check,"[""NN-102""]",,[],,[],False,False
IMB,131,2ec09345f0209deb55de319e96d3cadbc1a0f1a07f58680e3b93ae425f4a33f6,5F8,NB_LOC_RES,,,UNAVAILABLE,True,missing_value,not_a_text_check,"[""NN-102""]",,[],,[],False,False
IMB,131,2ec09345f0209deb55de319e96d3cadbc1a0f1a07f58680e3b93ae425f4a33f6,5F8,NB_LOC_PRO,,,UNAVAILABLE,True,missing_value,not_a_text_check,"[""NN-102""]",,[],,[],False,False
IMB,131,2ec09345f0209deb55de319e96d3cadbc1a0f1a07f58680e3b93ae425f4a33f6,5F8,NB_LOC_TOT,,,UNAVAILABLE,True,missing_value,not_a_text_check,"[""NN-102""]",,[],,[],False,False
IMB,131,2ec09345f0209deb55de319e96d3cadbc1a0f1a07f58680e3b93ae425f4a33f6,5F8,RACCORDEMENT,,,UNAVAILABLE,True,missing_value,not_a_text_check,"[""NN-102""]",,[],,[],False,False
IMB,131,2ec09345f0209deb55de319e96d3cadbc1a0f1a07f58680e3b93ae425f4a33f6,5F8,STATUT,,,UNAVAILABLE,True,missing_value,not_a_text_check,"[""NN-102""]",,[],,[],False,False
IMB,131,2ec09345f0209deb55de319e96d3cadbc1a0f1a07f58680e3b93ae425f4a33f6,5F8,NB_ETAGE,,,UNAVAILABLE,True,missing_value,not_a_text_check,"[""NN-102""]",,[],,[],False,False
IMB,131,2ec09345f0209deb55de319e96d3cadbc1a0f1a07f58680e3b93ae425f4a33f6,5F8,COL_MONTANTE,,,UNAVAILABLE,True,missing_value,not_a_text_check,"[""NN-102""]",,[],,[],False,False
IMB,131,2ec09345f0209deb55de319e96d3cadbc1a0f1a07f58680e3b93ae425f4a33f6,5F8,SOUS_SOL,,,UNAVAILABLE,True,missing_value,not_a_text_check,"[""NN-102""]",,[],,[],False,False
IMB,131,2ec09345f0209deb55de319e96d3cadbc1a0f1a07f58680e3b93ae425f4a33f6,5F8,SOUS_SOL_COMMUN,,,UNAVAILABLE,True,missing_value,not_a_text_check,"[""NN-102""]",,[],,[],False,False
IMB,131,2ec09345f0209deb55de319e96d3cadbc1a0f1a07f58680e3b93ae425f4a33f6,5F8,BPE_CODE,,,UNAVAILABLE,True,missing_value,not_a_text_check,"[""NN-102""]",,[],,[],False,False
IMB,131,2ec09345f0209deb55de319e96d3cadbc1a0f1a07f58680e3b93ae425f4a33f6,5F8,X,12543622.748800611,12543622.748800611,DWG_DERIVED:GEODATA+direct-CRS-transform,False,exact,not_a_text_check,"[""NN-102""]",,[],,[],False,False
IMB,131,2ec09345f0209deb55de319e96d3cadbc1a0f1a07f58680e3b93ae425f4a33f6,5F8,Y,-821478.5093249122,-821478.5093249122,DWG_DERIVED:GEODATA+direct-CRS-transform,False,exact,not_a_text_check,"[""NN-102""]",,[],,[],False,False
IMB,131,2ec09345f0209deb55de319e96d3cadbc1a0f1a07f58680e3b93ae425f4a33f6,5F8,display_label,NN-102,NN-102,DWG_DIRECT:text|RULE:AI-IMB-LABEL-001,False,exact,exact,"[""NN-102""]",,[],,[],False,False
IMB,132,a3ab2ab7fd0a6aea6c6e82edefb6b17e3830ee39c87443a28ed45de145c06ab2,5D9,CODE,NN-71,NN-71,DWG_DIRECT:text|RULE:AI-IMB-CODE-001,False,exact,exact,"[""NN-71""]",,[],,[],False,False
IMB,132,a3ab2ab7fd0a6aea6c6e82edefb6b17e3830ee39c87443a28ed45de145c06ab2,5D9,REF_PLAQUE,,,UNAVAILABLE,True,missing_value,not_a_text_check,"[""NN-71""]",,[],,[],False,False
IMB,132,a3ab2ab7fd0a6aea6c6e82edefb6b17e3830ee39c87443a28ed45de145c06ab2,5D9,REGION,,,UNAVAILABLE,True,missing_value,not_a_text_check,"[""NN-71""]",,[],,[],False,False
IMB,132,a3ab2ab7fd0a6aea6c6e82edefb6b17e3830ee39c87443a28ed45de145c06ab2,5D9,PROVINCE,,,UNAVAILABLE,True,missing_value,not_a_text_check,"[""NN-71""]",,[],,[],False,False
IMB,132,a3ab2ab7fd0a6aea6c6e82edefb6b17e3830ee39c87443a28ed45de145c06ab2,5D9,VILLE,,,UNAVAILABLE,True,missing_value,not_a_text_check,"[""NN-71""]",,[],,[],False,False
IMB,132,a3ab2ab7fd0a6aea6c6e82edefb6b17e3830ee39c87443a28ed45de145c06ab2,5D9,COMMUNE,,,UNAVAILABLE,True,missing_value,not_a_text_check,"[""NN-71""]",,[],,[],False,False
IMB,132,a3ab2ab7fd0a6aea6c6e82edefb6b17e3830ee39c87443a28ed45de145c06ab2,5D9,CODE_POSTAL,,,UNAVAILABLE,True,missing_value,not_a_text_check,"[""NN-71""]",,[],,[],False,False
IMB,132,a3ab2ab7fd0a6aea6c6e82edefb6b17e3830ee39c87443a28ed45de145c06ab2,5D9,NUMERO_VOIE,,,UNAVAILABLE,True,missing_value,not_a_text_check,"[""NN-71""]",,[],,[],False,False
IMB,132,a3ab2ab7fd0a6aea6c6e82edefb6b17e3830ee39c87443a28ed45de145c06ab2,5D9,TYPE_VOIE,,,UNAVAILABLE,True,missing_value,not_a_text_check,"[""NN-71""]",,[],,[],False,False
IMB,132,a3ab2ab7fd0a6aea6c6e82edefb6b17e3830ee39c87443a28ed45de145c06ab2,5D9,TYPE_BATIMENT,,,UNAVAILABLE,True,missing_value,not_a_text_check,"[""NN-71""]",,[],,[],False,False
IMB,132,a3ab2ab7fd0a6aea6c6e82edefb6b17e3830ee39c87443a28ed45de145c06ab2,5D9,TYPE_CLIENT,,,UNAVAILABLE,True,missing_value,not_a_text_check,"[""NN-71""]",,[],,[],False,False
IMB,132,a3ab2ab7fd0a6aea6c6e82edefb6b17e3830ee39c87443a28ed45de145c06ab2,5D9,NB_LOC_RES,,,UNAVAILABLE,True,missing_value,not_a_text_check,"[""NN-71""]",,[],,[],False,False
IMB,132,a3ab2ab7fd0a6aea6c6e82edefb6b17e3830ee39c87443a28ed45de145c06ab2,5D9,NB_LOC_PRO,,,UNAVAILABLE,True,missing_value,not_a_text_check,"[""NN-71""]",,[],,[],False,False
IMB,132,a3ab2ab7fd0a6aea6c6e82edefb6b17e3830ee39c87443a28ed45de145c06ab2,5D9,NB_LOC_TOT,,,UNAVAILABLE,True,missing_value,not_a_text_check,"[""NN-71""]",,[],,[],False,False
IMB,132,a3ab2ab7fd0a6aea6c6e82edefb6b17e3830ee39c87443a28ed45de145c06ab2,5D9,RACCORDEMENT,,,UNAVAILABLE,True,missing_value,not_a_text_check,"[""NN-71""]",,[],,[],False,False
IMB,132,a3ab2ab7fd0a6aea6c6e82edefb6b17e3830ee39c87443a28ed45de145c06ab2,5D9,STATUT,,,UNAVAILABLE,True,missing_value,not_a_text_check,"[""NN-71""]",,[],,[],False,False
IMB,132,a3ab2ab7fd0a6aea6c6e82edefb6b17e3830ee39c87443a28ed45de145c06ab2,5D9,NB_ETAGE,,,UNAVAILABLE,True,missing_value,not_a_text_check,"[""NN-71""]",,[],,[],False,False
IMB,132,a3ab2ab7fd0a6aea6c6e82edefb6b17e3830ee39c87443a28ed45de145c06ab2,5D9,COL_MONTANTE,,,UNAVAILABLE,True,missing_value,not_a_text_check,"[""NN-71""]",,[],,[],False,False
IMB,132,a3ab2ab7fd0a6aea6c6e82edefb6b17e3830ee39c87443a28ed45de145c06ab2,5D9,SOUS_SOL,,,UNAVAILABLE,True,missing_value,not_a_text_check,"[""NN-71""]",,[],,[],False,False
IMB,132,a3ab2ab7fd0a6aea6c6e82edefb6b17e3830ee39c87443a28ed45de145c06ab2,5D9,SOUS_SOL_COMMUN,,,UNAVAILABLE,True,missing_value,not_a_text_check,"[""NN-71""]",,[],,[],False,False
IMB,132,a3ab2ab7fd0a6aea6c6e82edefb6b17e3830ee39c87443a28ed45de145c06ab2,5D9,BPE_CODE,,,UNAVAILABLE,True,missing_value,not_a_text_check,"[""NN-71""]",,[],,[],False,False
IMB,132,a3ab2ab7fd0a6aea6c6e82edefb6b17e3830ee39c87443a28ed45de145c06ab2,5D9,X,12543632.377108028,12543632.377108028,DWG_DERIVED:GEODATA+direct-CRS-transform,False,exact,not_a_text_check,"[""NN-71""]",,[],,[],False,False
IMB,132,a3ab2ab7fd0a6aea6c6e82edefb6b17e3830ee39c87443a28ed45de145c06ab2,5D9,Y,-821577.1520269597,-821577.1520269597,DWG_DERIVED:GEODATA+direct-CRS-transform,False,exact,not_a_text_check,"[""NN-71""]",,[],,[],False,False
IMB,132,a3ab2ab7fd0a6aea6c6e82edefb6b17e3830ee39c87443a28ed45de145c06ab2,5D9,display_label,NN-71,NN-71,DWG_DIRECT:text|RULE:AI-IMB-LABEL-001,False,exact,exact,"[""NN-71""]",,[],,[],False,False
IMB,133,2324a999ceac354d606032f092198d1dd06ed9c25c1b67939c1915422111a09c,5F5,CODE,NN-99,NN-99,DWG_DIRECT:text|RULE:AI-IMB-CODE-001,False,exact,exact,"[""NN-99""]",,[],,[],False,False
IMB,133,2324a999ceac354d606032f092198d1dd06ed9c25c1b67939c1915422111a09c,5F5,REF_PLAQUE,,,UNAVAILABLE,True,missing_value,not_a_text_check,"[""NN-99""]",,[],,[],False,False
IMB,133,2324a999ceac354d606032f092198d1dd06ed9c25c1b67939c1915422111a09c,5F5,REGION,,,UNAVAILABLE,True,missing_value,not_a_text_check,"[""NN-99""]",,[],,[],False,False
IMB,133,2324a999ceac354d606032f092198d1dd06ed9c25c1b67939c1915422111a09c,5F5,PROVINCE,,,UNAVAILABLE,True,missing_value,not_a_text_check,"[""NN-99""]",,[],,[],False,False
IMB,133,2324a999ceac354d606032f092198d1dd06ed9c25c1b67939c1915422111a09c,5F5,VILLE,,,UNAVAILABLE,True,missing_value,not_a_text_check,"[""NN-99""]",,[],,[],False,False
IMB,133,2324a999ceac354d606032f092198d1dd06ed9c25c1b67939c1915422111a09c,5F5,COMMUNE,,,UNAVAILABLE,True,missing_value,not_a_text_check,"[""NN-99""]",,[],,[],False,False
IMB,133,2324a999ceac354d606032f092198d1dd06ed9c25c1b67939c1915422111a09c,5F5,CODE_POSTAL,,,UNAVAILABLE,True,missing_value,not_a_text_check,"[""NN-99""]",,[],,[],False,False
IMB,133,2324a999ceac354d606032f092198d1dd06ed9c25c1b67939c1915422111a09c,5F5,NUMERO_VOIE,,,UNAVAILABLE,True,missing_value,not_a_text_check,"[""NN-99""]",,[],,[],False,False
IMB,133,2324a999ceac354d606032f092198d1dd06ed9c25c1b67939c1915422111a09c,5F5,TYPE_VOIE,,,UNAVAILABLE,True,missing_value,not_a_text_check,"[""NN-99""]",,[],,[],False,False
IMB,133,2324a999ceac354d606032f092198d1dd06ed9c25c1b67939c1915422111a09c,5F5,TYPE_BATIMENT,,,UNAVAILABLE,True,missing_value,not_a_text_check,"[""NN-99""]",,[],,[],False,False
IMB,133,2324a999ceac354d606032f092198d1dd06ed9c25c1b67939c1915422111a09c,5F5,TYPE_CLIENT,,,UNAVAILABLE,True,missing_value,not_a_text_check,"[""NN-99""]",,[],,[],False,False
IMB,133,2324a999ceac354d606032f092198d1dd06ed9c25c1b67939c1915422111a09c,5F5,NB_LOC_RES,,,UNAVAILABLE,True,missing_value,not_a_text_check,"[""NN-99""]",,[],,[],False,False
IMB,133,2324a999ceac354d606032f092198d1dd06ed9c25c1b67939c1915422111a09c,5F5,NB_LOC_PRO,,,UNAVAILABLE,True,missing_value,not_a_text_check,"[""NN-99""]",,[],,[],False,False
IMB,133,2324a999ceac354d606032f092198d1dd06ed9c25c1b67939c1915422111a09c,5F5,NB_LOC_TOT,,,UNAVAILABLE,True,missing_value,not_a_text_check,"[""NN-99""]",,[],,[],False,False
IMB,133,2324a999ceac354d606032f092198d1dd06ed9c25c1b67939c1915422111a09c,5F5,RACCORDEMENT,,,UNAVAILABLE,True,missing_value,not_a_text_check,"[""NN-99""]",,[],,[],False,False
IMB,133,2324a999ceac354d606032f092198d1dd06ed9c25c1b67939c1915422111a09c,5F5,STATUT,,,UNAVAILABLE,True,missing_value,not_a_text_check,"[""NN-99""]",,[],,[],False,False
IMB,133,2324a999ceac354d606032f092198d1dd06ed9c25c1b67939c1915422111a09c,5F5,NB_ETAGE,,,UNAVAILABLE,True,missing_value,not_a_text_check,"[""NN-99""]",,[],,[],False,False
IMB,133,2324a999ceac354d606032f092198d1dd06ed9c25c1b67939c1915422111a09c,5F5,COL_MONTANTE,,,UNAVAILABLE,True,missing_value,not_a_text_check,"[""NN-99""]",,[],,[],False,False
IMB,133,2324a999ceac354d606032f092198d1dd06ed9c25c1b67939c1915422111a09c,5F5,SOUS_SOL,,,UNAVAILABLE,True,missing_value,not_a_text_check,"[""NN-99""]",,[],,[],False,False
IMB,133,2324a999ceac354d606032f092198d1dd06ed9c25c1b67939c1915422111a09c,5F5,SOUS_SOL_COMMUN,,,UNAVAILABLE,True,missing_value,not_a_text_check,"[""NN-99""]",,[],,[],False,False
IMB,133,2324a999ceac354d606032f092198d1dd06ed9c25c1b67939c1915422111a09c,5F5,BPE_CODE,,,UNAVAILABLE,True,missing_value,not_a_text_check,"[""NN-99""]",,[],,[],False,False
IMB,133,2324a999ceac354d606032f092198d1dd06ed9c25c1b67939c1915422111a09c,5F5,X,12543627.527096707,12543627.527096707,DWG_DERIVED:GEODATA+direct-CRS-transform,False,exact,not_a_text_check,"[""NN-99""]",,[],,[],False,False
IMB,133,2324a999ceac354d606032f092198d1dd06ed9c25c1b67939c1915422111a09c,5F5,Y,-821508.058688661,-821508.058688661,DWG_DERIVED:GEODATA+direct-CRS-transform,False,exact,not_a_text_check,"[""NN-99""]",,[],,[],False,False
IMB,133,2324a999ceac354d606032f092198d1dd06ed9c25c1b67939c1915422111a09c,5F5,display_label,NN-99,NN-99,DWG_DIRECT:text|RULE:AI-IMB-LABEL-001,False,exact,exact,"[""NN-99""]",,[],,[],False,False
IMB,134,9d449c1c1c8094afa21afbd5ebc05d174812e4c1bad26cebbddd8c25bb395007,5E1,CODE,NN-79,NN-79,DWG_DIRECT:text|RULE:AI-IMB-CODE-001,False,exact,exact,"[""NN-79""]",,[],,[],False,False
IMB,134,9d449c1c1c8094afa21afbd5ebc05d174812e4c1bad26cebbddd8c25bb395007,5E1,REF_PLAQUE,,,UNAVAILABLE,True,missing_value,not_a_text_check,"[""NN-79""]",,[],,[],False,False
IMB,134,9d449c1c1c8094afa21afbd5ebc05d174812e4c1bad26cebbddd8c25bb395007,5E1,REGION,,,UNAVAILABLE,True,missing_value,not_a_text_check,"[""NN-79""]",,[],,[],False,False
IMB,134,9d449c1c1c8094afa21afbd5ebc05d174812e4c1bad26cebbddd8c25bb395007,5E1,PROVINCE,,,UNAVAILABLE,True,missing_value,not_a_text_check,"[""NN-79""]",,[],,[],False,False
IMB,134,9d449c1c1c8094afa21afbd5ebc05d174812e4c1bad26cebbddd8c25bb395007,5E1,VILLE,,,UNAVAILABLE,True,missing_value,not_a_text_check,"[""NN-79""]",,[],,[],False,False
IMB,134,9d449c1c1c8094afa21afbd5ebc05d174812e4c1bad26cebbddd8c25bb395007,5E1,COMMUNE,,,UNAVAILABLE,True,missing_value,not_a_text_check,"[""NN-79""]",,[],,[],False,False
IMB,134,9d449c1c1c8094afa21afbd5ebc05d174812e4c1bad26cebbddd8c25bb395007,5E1,CODE_POSTAL,,,UNAVAILABLE,True,missing_value,not_a_text_check,"[""NN-79""]",,[],,[],False,False
IMB,134,9d449c1c1c8094afa21afbd5ebc05d174812e4c1bad26cebbddd8c25bb395007,5E1,NUMERO_VOIE,,,UNAVAILABLE,True,missing_value,not_a_text_check,"[""NN-79""]",,[],,[],False,False
IMB,134,9d449c1c1c8094afa21afbd5ebc05d174812e4c1bad26cebbddd8c25bb395007,5E1,TYPE_VOIE,,,UNAVAILABLE,True,missing_value,not_a_text_check,"[""NN-79""]",,[],,[],False,False
IMB,134,9d449c1c1c8094afa21afbd5ebc05d174812e4c1bad26cebbddd8c25bb395007,5E1,TYPE_BATIMENT,,,UNAVAILABLE,True,missing_value,not_a_text_check,"[""NN-79""]",,[],,[],False,False
IMB,134,9d449c1c1c8094afa21afbd5ebc05d174812e4c1bad26cebbddd8c25bb395007,5E1,TYPE_CLIENT,,,UNAVAILABLE,True,missing_value,not_a_text_check,"[""NN-79""]",,[],,[],False,False
IMB,134,9d449c1c1c8094afa21afbd5ebc05d174812e4c1bad26cebbddd8c25bb395007,5E1,NB_LOC_RES,,,UNAVAILABLE,True,missing_value,not_a_text_check,"[""NN-79""]",,[],,[],False,False
IMB,134,9d449c1c1c8094afa21afbd5ebc05d174812e4c1bad26cebbddd8c25bb395007,5E1,NB_LOC_PRO,,,UNAVAILABLE,True,missing_value,not_a_text_check,"[""NN-79""]",,[],,[],False,False
IMB,134,9d449c1c1c8094afa21afbd5ebc05d174812e4c1bad26cebbddd8c25bb395007,5E1,NB_LOC_TOT,,,UNAVAILABLE,True,missing_value,not_a_text_check,"[""NN-79""]",,[],,[],False,False
IMB,134,9d449c1c1c8094afa21afbd5ebc05d174812e4c1bad26cebbddd8c25bb395007,5E1,RACCORDEMENT,,,UNAVAILABLE,True,missing_value,not_a_text_check,"[""NN-79""]",,[],,[],False,False
IMB,134,9d449c1c1c8094afa21afbd5ebc05d174812e4c1bad26cebbddd8c25bb395007,5E1,STATUT,,,UNAVAILABLE,True,missing_value,not_a_text_check,"[""NN-79""]",,[],,[],False,False
IMB,134,9d449c1c1c8094afa21afbd5ebc05d174812e4c1bad26cebbddd8c25bb395007,5E1,NB_ETAGE,,,UNAVAILABLE,True,missing_value,not_a_text_check,"[""NN-79""]",,[],,[],False,False
IMB,134,9d449c1c1c8094afa21afbd5ebc05d174812e4c1bad26cebbddd8c25bb395007,5E1,COL_MONTANTE,,,UNAVAILABLE,True,missing_value,not_a_text_check,"[""NN-79""]",,[],,[],False,False
IMB,134,9d449c1c1c8094afa21afbd5ebc05d174812e4c1bad26cebbddd8c25bb395007,5E1,SOUS_SOL,,,UNAVAILABLE,True,missing_value,not_a_text_check,"[""NN-79""]",,[],,[],False,False
IMB,134,9d449c1c1c8094afa21afbd5ebc05d174812e4c1bad26cebbddd8c25bb395007,5E1,SOUS_SOL_COMMUN,,,UNAVAILABLE,True,missing_value,not_a_text_check,"[""NN-79""]",,[],,[],False,False
IMB,134,9d449c1c1c8094afa21afbd5ebc05d174812e4c1bad26cebbddd8c25bb395007,5E1,BPE_CODE,,,UNAVAILABLE,True,missing_value,not_a_text_check,"[""NN-79""]",,[],,[],False,False
IMB,134,9d449c1c1c8094afa21afbd5ebc05d174812e4c1bad26cebbddd8c25bb395007,5E1,X,12543749.293284515,12543749.293284515,DWG_DERIVED:GEODATA+direct-CRS-transform,False,exact,not_a_text_check,"[""NN-79""]",,[],,[],False,False
IMB,134,9d449c1c1c8094afa21afbd5ebc05d174812e4c1bad26cebbddd8c25bb395007,5E1,Y,-821504.5190755106,-821504.5190755106,DWG_DERIVED:GEODATA+direct-CRS-transform,False,exact,not_a_text_check,"[""NN-79""]",,[],,[],False,False
IMB,134,9d449c1c1c8094afa21afbd5ebc05d174812e4c1bad26cebbddd8c25bb395007,5E1,display_label,NN-79,NN-79,DWG_DIRECT:text|RULE:AI-IMB-LABEL-001,False,exact,exact,"[""NN-79""]",,[],,[],False,False
IMB,135,eb38f051036a7b4892ba504a9e23e8e89e88973b689e98463934e2fc5aa255a9,5AF,CODE,NN-32,NN-32,DWG_DIRECT:text|RULE:AI-IMB-CODE-001,False,exact,exact,"[""NN-32""]",,[],,[],False,False
IMB,135,eb38f051036a7b4892ba504a9e23e8e89e88973b689e98463934e2fc5aa255a9,5AF,REF_PLAQUE,,,UNAVAILABLE,True,missing_value,not_a_text_check,"[""NN-32""]",,[],,[],False,False
IMB,135,eb38f051036a7b4892ba504a9e23e8e89e88973b689e98463934e2fc5aa255a9,5AF,REGION,,,UNAVAILABLE,True,missing_value,not_a_text_check,"[""NN-32""]",,[],,[],False,False
IMB,135,eb38f051036a7b4892ba504a9e23e8e89e88973b689e98463934e2fc5aa255a9,5AF,PROVINCE,,,UNAVAILABLE,True,missing_value,not_a_text_check,"[""NN-32""]",,[],,[],False,False
IMB,135,eb38f051036a7b4892ba504a9e23e8e89e88973b689e98463934e2fc5aa255a9,5AF,VILLE,,,UNAVAILABLE,True,missing_value,not_a_text_check,"[""NN-32""]",,[],,[],False,False
IMB,135,eb38f051036a7b4892ba504a9e23e8e89e88973b689e98463934e2fc5aa255a9,5AF,COMMUNE,,,UNAVAILABLE,True,missing_value,not_a_text_check,"[""NN-32""]",,[],,[],False,False
IMB,135,eb38f051036a7b4892ba504a9e23e8e89e88973b689e98463934e2fc5aa255a9,5AF,CODE_POSTAL,,,UNAVAILABLE,True,missing_value,not_a_text_check,"[""NN-32""]",,[],,[],False,False
IMB,135,eb38f051036a7b4892ba504a9e23e8e89e88973b689e98463934e2fc5aa255a9,5AF,NUMERO_VOIE,,,UNAVAILABLE,True,missing_value,not_a_text_check,"[""NN-32""]",,[],,[],False,False
IMB,135,eb38f051036a7b4892ba504a9e23e8e89e88973b689e98463934e2fc5aa255a9,5AF,TYPE_VOIE,,,UNAVAILABLE,True,missing_value,not_a_text_check,"[""NN-32""]",,[],,[],False,False
IMB,135,eb38f051036a7b4892ba504a9e23e8e89e88973b689e98463934e2fc5aa255a9,5AF,TYPE_BATIMENT,,,UNAVAILABLE,True,missing_value,not_a_text_check,"[""NN-32""]",,[],,[],False,False
IMB,135,eb38f051036a7b4892ba504a9e23e8e89e88973b689e98463934e2fc5aa255a9,5AF,TYPE_CLIENT,,,UNAVAILABLE,True,missing_value,not_a_text_check,"[""NN-32""]",,[],,[],False,False
IMB,135,eb38f051036a7b4892ba504a9e23e8e89e88973b689e98463934e2fc5aa255a9,5AF,NB_LOC_RES,,,UNAVAILABLE,True,missing_value,not_a_text_check,"[""NN-32""]",,[],,[],False,False
IMB,135,eb38f051036a7b4892ba504a9e23e8e89e88973b689e98463934e2fc5aa255a9,5AF,NB_LOC_PRO,,,UNAVAILABLE,True,missing_value,not_a_text_check,"[""NN-32""]",,[],,[],False,False
IMB,135,eb38f051036a7b4892ba504a9e23e8e89e88973b689e98463934e2fc5aa255a9,5AF,NB_LOC_TOT,,,UNAVAILABLE,True,missing_value,not_a_text_check,"[""NN-32""]",,[],,[],False,False
IMB,135,eb38f051036a7b4892ba504a9e23e8e89e88973b689e98463934e2fc5aa255a9,5AF,RACCORDEMENT,,,UNAVAILABLE,True,missing_value,not_a_text_check,"[""NN-32""]",,[],,[],False,False
IMB,135,eb38f051036a7b4892ba504a9e23e8e89e88973b689e98463934e2fc5aa255a9,5AF,STATUT,,,UNAVAILABLE,True,missing_value,not_a_text_check,"[""NN-32""]",,[],,[],False,False
IMB,135,eb38f051036a7b4892ba504a9e23e8e89e88973b689e98463934e2fc5aa255a9,5AF,NB_ETAGE,,,UNAVAILABLE,True,missing_value,not_a_text_check,"[""NN-32""]",,[],,[],False,False
IMB,135,eb38f051036a7b4892ba504a9e23e8e89e88973b689e98463934e2fc5aa255a9,5AF,COL_MONTANTE,,,UNAVAILABLE,True,missing_value,not_a_text_check,"[""NN-32""]",,[],,[],False,False
IMB,135,eb38f051036a7b4892ba504a9e23e8e89e88973b689e98463934e2fc5aa255a9,5AF,SOUS_SOL,,,UNAVAILABLE,True,missing_value,not_a_text_check,"[""NN-32""]",,[],,[],False,False
IMB,135,eb38f051036a7b4892ba504a9e23e8e89e88973b689e98463934e2fc5aa255a9,5AF,SOUS_SOL_COMMUN,,,UNAVAILABLE,True,missing_value,not_a_text_check,"[""NN-32""]",,[],,[],False,False
IMB,135,eb38f051036a7b4892ba504a9e23e8e89e88973b689e98463934e2fc5aa255a9,5AF,BPE_CODE,,,UNAVAILABLE,True,missing_value,not_a_text_check,"[""NN-32""]",,[],,[],False,False
IMB,135,eb38f051036a7b4892ba504a9e23e8e89e88973b689e98463934e2fc5aa255a9,5AF,X,12543697.465207009,12543697.465207009,DWG_DERIVED:GEODATA+direct-CRS-transform,False,exact,not_a_text_check,"[""NN-32""]",,[],,[],False,False
IMB,135,eb38f051036a7b4892ba504a9e23e8e89e88973b689e98463934e2fc5aa255a9,5AF,Y,-821559.4633492414,-821559.4633492414,DWG_DERIVED:GEODATA+direct-CRS-transform,False,exact,not_a_text_check,"[""NN-32""]",,[],,[],False,False
IMB,135,eb38f051036a7b4892ba504a9e23e8e89e88973b689e98463934e2fc5aa255a9,5AF,display_label,NN-32,NN-32,DWG_DIRECT:text|RULE:AI-IMB-LABEL-001,False,exact,exact,"[""NN-32""]",,[],,[],False,False
IMB,136,d8b6b4d6f759e4e1cc2b3087c128c6ea8d448ddfaf972f115dfd13b68c6f4cc6,5A4,CODE,NN-21,NN-21,DWG_DIRECT:text|RULE:AI-IMB-CODE-001,False,exact,exact,"[""NN-21""]",,[],,[],False,False
IMB,136,d8b6b4d6f759e4e1cc2b3087c128c6ea8d448ddfaf972f115dfd13b68c6f4cc6,5A4,REF_PLAQUE,,,UNAVAILABLE,True,missing_value,not_a_text_check,"[""NN-21""]",,[],,[],False,False
IMB,136,d8b6b4d6f759e4e1cc2b3087c128c6ea8d448ddfaf972f115dfd13b68c6f4cc6,5A4,REGION,,,UNAVAILABLE,True,missing_value,not_a_text_check,"[""NN-21""]",,[],,[],False,False
IMB,136,d8b6b4d6f759e4e1cc2b3087c128c6ea8d448ddfaf972f115dfd13b68c6f4cc6,5A4,PROVINCE,,,UNAVAILABLE,True,missing_value,not_a_text_check,"[""NN-21""]",,[],,[],False,False
IMB,136,d8b6b4d6f759e4e1cc2b3087c128c6ea8d448ddfaf972f115dfd13b68c6f4cc6,5A4,VILLE,,,UNAVAILABLE,True,missing_value,not_a_text_check,"[""NN-21""]",,[],,[],False,False
IMB,136,d8b6b4d6f759e4e1cc2b3087c128c6ea8d448ddfaf972f115dfd13b68c6f4cc6,5A4,COMMUNE,,,UNAVAILABLE,True,missing_value,not_a_text_check,"[""NN-21""]",,[],,[],False,False
IMB,136,d8b6b4d6f759e4e1cc2b3087c128c6ea8d448ddfaf972f115dfd13b68c6f4cc6,5A4,CODE_POSTAL,,,UNAVAILABLE,True,missing_value,not_a_text_check,"[""NN-21""]",,[],,[],False,False
IMB,136,d8b6b4d6f759e4e1cc2b3087c128c6ea8d448ddfaf972f115dfd13b68c6f4cc6,5A4,NUMERO_VOIE,,,UNAVAILABLE,True,missing_value,not_a_text_check,"[""NN-21""]",,[],,[],False,False
IMB,136,d8b6b4d6f759e4e1cc2b3087c128c6ea8d448ddfaf972f115dfd13b68c6f4cc6,5A4,TYPE_VOIE,,,UNAVAILABLE,True,missing_value,not_a_text_check,"[""NN-21""]",,[],,[],False,False
IMB,136,d8b6b4d6f759e4e1cc2b3087c128c6ea8d448ddfaf972f115dfd13b68c6f4cc6,5A4,TYPE_BATIMENT,,,UNAVAILABLE,True,missing_value,not_a_text_check,"[""NN-21""]",,[],,[],False,False
IMB,136,d8b6b4d6f759e4e1cc2b3087c128c6ea8d448ddfaf972f115dfd13b68c6f4cc6,5A4,TYPE_CLIENT,,,UNAVAILABLE,True,missing_value,not_a_text_check,"[""NN-21""]",,[],,[],False,False
IMB,136,d8b6b4d6f759e4e1cc2b3087c128c6ea8d448ddfaf972f115dfd13b68c6f4cc6,5A4,NB_LOC_RES,,,UNAVAILABLE,True,missing_value,not_a_text_check,"[""NN-21""]",,[],,[],False,False
IMB,136,d8b6b4d6f759e4e1cc2b3087c128c6ea8d448ddfaf972f115dfd13b68c6f4cc6,5A4,NB_LOC_PRO,,,UNAVAILABLE,True,missing_value,not_a_text_check,"[""NN-21""]",,[],,[],False,False
IMB,136,d8b6b4d6f759e4e1cc2b3087c128c6ea8d448ddfaf972f115dfd13b68c6f4cc6,5A4,NB_LOC_TOT,,,UNAVAILABLE,True,missing_value,not_a_text_check,"[""NN-21""]",,[],,[],False,False
IMB,136,d8b6b4d6f759e4e1cc2b3087c128c6ea8d448ddfaf972f115dfd13b68c6f4cc6,5A4,RACCORDEMENT,,,UNAVAILABLE,True,missing_value,not_a_text_check,"[""NN-21""]",,[],,[],False,False
IMB,136,d8b6b4d6f759e4e1cc2b3087c128c6ea8d448ddfaf972f115dfd13b68c6f4cc6,5A4,STATUT,,,UNAVAILABLE,True,missing_value,not_a_text_check,"[""NN-21""]",,[],,[],False,False
IMB,136,d8b6b4d6f759e4e1cc2b3087c128c6ea8d448ddfaf972f115dfd13b68c6f4cc6,5A4,NB_ETAGE,,,UNAVAILABLE,True,missing_value,not_a_text_check,"[""NN-21""]",,[],,[],False,False
IMB,136,d8b6b4d6f759e4e1cc2b3087c128c6ea8d448ddfaf972f115dfd13b68c6f4cc6,5A4,COL_MONTANTE,,,UNAVAILABLE,True,missing_value,not_a_text_check,"[""NN-21""]",,[],,[],False,False
IMB,136,d8b6b4d6f759e4e1cc2b3087c128c6ea8d448ddfaf972f115dfd13b68c6f4cc6,5A4,SOUS_SOL,,,UNAVAILABLE,True,missing_value,not_a_text_check,"[""NN-21""]",,[],,[],False,False
IMB,136,d8b6b4d6f759e4e1cc2b3087c128c6ea8d448ddfaf972f115dfd13b68c6f4cc6,5A4,SOUS_SOL_COMMUN,,,UNAVAILABLE,True,missing_value,not_a_text_check,"[""NN-21""]",,[],,[],False,False
IMB,136,d8b6b4d6f759e4e1cc2b3087c128c6ea8d448ddfaf972f115dfd13b68c6f4cc6,5A4,BPE_CODE,,,UNAVAILABLE,True,missing_value,not_a_text_check,"[""NN-21""]",,[],,[],False,False
IMB,136,d8b6b4d6f759e4e1cc2b3087c128c6ea8d448ddfaf972f115dfd13b68c6f4cc6,5A4,X,12543718.22942024,12543718.22942024,DWG_DERIVED:GEODATA+direct-CRS-transform,False,exact,not_a_text_check,"[""NN-21""]",,[],,[],False,False
IMB,136,d8b6b4d6f759e4e1cc2b3087c128c6ea8d448ddfaf972f115dfd13b68c6f4cc6,5A4,Y,-821601.2878754872,-821601.2878754872,DWG_DERIVED:GEODATA+direct-CRS-transform,False,exact,not_a_text_check,"[""NN-21""]",,[],,[],False,False
IMB,136,d8b6b4d6f759e4e1cc2b3087c128c6ea8d448ddfaf972f115dfd13b68c6f4cc6,5A4,display_label,NN-21,NN-21,DWG_DIRECT:text|RULE:AI-IMB-LABEL-001,False,exact,exact,"[""NN-21""]",,[],,[],False,False
IMB,137,71e84ec70c7f92240db1e5bb639cd5a7b8a7c82450555596fb49d2fd6270f7e7,582,CODE,GUDANG-27,GUDANG-27,DWG_DIRECT:text|RULE:AI-IMB-CODE-001,False,exact,exact,"[""GUDANG-27""]",,[],,[],False,False
IMB,137,71e84ec70c7f92240db1e5bb639cd5a7b8a7c82450555596fb49d2fd6270f7e7,582,REF_PLAQUE,,,UNAVAILABLE,True,missing_value,not_a_text_check,"[""GUDANG-27""]",,[],,[],False,False
IMB,137,71e84ec70c7f92240db1e5bb639cd5a7b8a7c82450555596fb49d2fd6270f7e7,582,REGION,,,UNAVAILABLE,True,missing_value,not_a_text_check,"[""GUDANG-27""]",,[],,[],False,False
IMB,137,71e84ec70c7f92240db1e5bb639cd5a7b8a7c82450555596fb49d2fd6270f7e7,582,PROVINCE,,,UNAVAILABLE,True,missing_value,not_a_text_check,"[""GUDANG-27""]",,[],,[],False,False
IMB,137,71e84ec70c7f92240db1e5bb639cd5a7b8a7c82450555596fb49d2fd6270f7e7,582,VILLE,,,UNAVAILABLE,True,missing_value,not_a_text_check,"[""GUDANG-27""]",,[],,[],False,False
IMB,137,71e84ec70c7f92240db1e5bb639cd5a7b8a7c82450555596fb49d2fd6270f7e7,582,COMMUNE,,,UNAVAILABLE,True,missing_value,not_a_text_check,"[""GUDANG-27""]",,[],,[],False,False
IMB,137,71e84ec70c7f92240db1e5bb639cd5a7b8a7c82450555596fb49d2fd6270f7e7,582,CODE_POSTAL,,,UNAVAILABLE,True,missing_value,not_a_text_check,"[""GUDANG-27""]",,[],,[],False,False
IMB,137,71e84ec70c7f92240db1e5bb639cd5a7b8a7c82450555596fb49d2fd6270f7e7,582,NUMERO_VOIE,,,UNAVAILABLE,True,missing_value,not_a_text_check,"[""GUDANG-27""]",,[],,[],False,False
IMB,137,71e84ec70c7f92240db1e5bb639cd5a7b8a7c82450555596fb49d2fd6270f7e7,582,TYPE_VOIE,,,UNAVAILABLE,True,missing_value,not_a_text_check,"[""GUDANG-27""]",,[],,[],False,False
IMB,137,71e84ec70c7f92240db1e5bb639cd5a7b8a7c82450555596fb49d2fd6270f7e7,582,TYPE_BATIMENT,,,UNAVAILABLE,True,missing_value,not_a_text_check,"[""GUDANG-27""]",,[],,[],False,False
IMB,137,71e84ec70c7f92240db1e5bb639cd5a7b8a7c82450555596fb49d2fd6270f7e7,582,TYPE_CLIENT,,,UNAVAILABLE,True,missing_value,not_a_text_check,"[""GUDANG-27""]",,[],,[],False,False
IMB,137,71e84ec70c7f92240db1e5bb639cd5a7b8a7c82450555596fb49d2fd6270f7e7,582,NB_LOC_RES,,,UNAVAILABLE,True,missing_value,not_a_text_check,"[""GUDANG-27""]",,[],,[],False,False
IMB,137,71e84ec70c7f92240db1e5bb639cd5a7b8a7c82450555596fb49d2fd6270f7e7,582,NB_LOC_PRO,,,UNAVAILABLE,True,missing_value,not_a_text_check,"[""GUDANG-27""]",,[],,[],False,False
IMB,137,71e84ec70c7f92240db1e5bb639cd5a7b8a7c82450555596fb49d2fd6270f7e7,582,NB_LOC_TOT,,,UNAVAILABLE,True,missing_value,not_a_text_check,"[""GUDANG-27""]",,[],,[],False,False
IMB,137,71e84ec70c7f92240db1e5bb639cd5a7b8a7c82450555596fb49d2fd6270f7e7,582,RACCORDEMENT,,,UNAVAILABLE,True,missing_value,not_a_text_check,"[""GUDANG-27""]",,[],,[],False,False
IMB,137,71e84ec70c7f92240db1e5bb639cd5a7b8a7c82450555596fb49d2fd6270f7e7,582,STATUT,,,UNAVAILABLE,True,missing_value,not_a_text_check,"[""GUDANG-27""]",,[],,[],False,False
IMB,137,71e84ec70c7f92240db1e5bb639cd5a7b8a7c82450555596fb49d2fd6270f7e7,582,NB_ETAGE,,,UNAVAILABLE,True,missing_value,not_a_text_check,"[""GUDANG-27""]",,[],,[],False,False
IMB,137,71e84ec70c7f92240db1e5bb639cd5a7b8a7c82450555596fb49d2fd6270f7e7,582,COL_MONTANTE,,,UNAVAILABLE,True,missing_value,not_a_text_check,"[""GUDANG-27""]",,[],,[],False,False
IMB,137,71e84ec70c7f92240db1e5bb639cd5a7b8a7c82450555596fb49d2fd6270f7e7,582,SOUS_SOL,,,UNAVAILABLE,True,missing_value,not_a_text_check,"[""GUDANG-27""]",,[],,[],False,False
IMB,137,71e84ec70c7f92240db1e5bb639cd5a7b8a7c82450555596fb49d2fd6270f7e7,582,SOUS_SOL_COMMUN,,,UNAVAILABLE,True,missing_value,not_a_text_check,"[""GUDANG-27""]",,[],,[],False,False
IMB,137,71e84ec70c7f92240db1e5bb639cd5a7b8a7c82450555596fb49d2fd6270f7e7,582,BPE_CODE,,,UNAVAILABLE,True,missing_value,not_a_text_check,"[""GUDANG-27""]",,[],,[],False,False
IMB,137,71e84ec70c7f92240db1e5bb639cd5a7b8a7c82450555596fb49d2fd6270f7e7,582,X,12543653.746090217,12543653.746090217,DWG_DERIVED:GEODATA+direct-CRS-transform,False,exact,not_a_text_check,"[""GUDANG-27""]",,[],,[],False,False
IMB,137,71e84ec70c7f92240db1e5bb639cd5a7b8a7c82450555596fb49d2fd6270f7e7,582,Y,-821759.5141366653,-821759.5141366653,DWG_DERIVED:GEODATA+direct-CRS-transform,False,exact,not_a_text_check,"[""GUDANG-27""]",,[],,[],False,False
IMB,137,71e84ec70c7f92240db1e5bb639cd5a7b8a7c82450555596fb49d2fd6270f7e7,582,display_label,GUDANG-27,GUDANG-27,DWG_DIRECT:text|RULE:AI-IMB-LABEL-001,False,exact,exact,"[""GUDANG-27""]",,[],,[],False,False
IMB,138,c7e6ad39442499d7bb8754c0685710269a9e09e93dbcb99ec81a8d1c035dcb15,591,CODE,NN-2,NN-2,DWG_DIRECT:text|RULE:AI-IMB-CODE-001,False,exact,exact,"[""NN-2""]",,[],,[],False,False
IMB,138,c7e6ad39442499d7bb8754c0685710269a9e09e93dbcb99ec81a8d1c035dcb15,591,REF_PLAQUE,,,UNAVAILABLE,True,missing_value,not_a_text_check,"[""NN-2""]",,[],,[],False,False
IMB,138,c7e6ad39442499d7bb8754c0685710269a9e09e93dbcb99ec81a8d1c035dcb15,591,REGION,,,UNAVAILABLE,True,missing_value,not_a_text_check,"[""NN-2""]",,[],,[],False,False
IMB,138,c7e6ad39442499d7bb8754c0685710269a9e09e93dbcb99ec81a8d1c035dcb15,591,PROVINCE,,,UNAVAILABLE,True,missing_value,not_a_text_check,"[""NN-2""]",,[],,[],False,False
IMB,138,c7e6ad39442499d7bb8754c0685710269a9e09e93dbcb99ec81a8d1c035dcb15,591,VILLE,,,UNAVAILABLE,True,missing_value,not_a_text_check,"[""NN-2""]",,[],,[],False,False
IMB,138,c7e6ad39442499d7bb8754c0685710269a9e09e93dbcb99ec81a8d1c035dcb15,591,COMMUNE,,,UNAVAILABLE,True,missing_value,not_a_text_check,"[""NN-2""]",,[],,[],False,False
IMB,138,c7e6ad39442499d7bb8754c0685710269a9e09e93dbcb99ec81a8d1c035dcb15,591,CODE_POSTAL,,,UNAVAILABLE,True,missing_value,not_a_text_check,"[""NN-2""]",,[],,[],False,False
IMB,138,c7e6ad39442499d7bb8754c0685710269a9e09e93dbcb99ec81a8d1c035dcb15,591,NUMERO_VOIE,,,UNAVAILABLE,True,missing_value,not_a_text_check,"[""NN-2""]",,[],,[],False,False
IMB,138,c7e6ad39442499d7bb8754c0685710269a9e09e93dbcb99ec81a8d1c035dcb15,591,TYPE_VOIE,,,UNAVAILABLE,True,missing_value,not_a_text_check,"[""NN-2""]",,[],,[],False,False
IMB,138,c7e6ad39442499d7bb8754c0685710269a9e09e93dbcb99ec81a8d1c035dcb15,591,TYPE_BATIMENT,,,UNAVAILABLE,True,missing_value,not_a_text_check,"[""NN-2""]",,[],,[],False,False
IMB,138,c7e6ad39442499d7bb8754c0685710269a9e09e93dbcb99ec81a8d1c035dcb15,591,TYPE_CLIENT,,,UNAVAILABLE,True,missing_value,not_a_text_check,"[""NN-2""]",,[],,[],False,False
IMB,138,c7e6ad39442499d7bb8754c0685710269a9e09e93dbcb99ec81a8d1c035dcb15,591,NB_LOC_RES,,,UNAVAILABLE,True,missing_value,not_a_text_check,"[""NN-2""]",,[],,[],False,False
IMB,138,c7e6ad39442499d7bb8754c0685710269a9e09e93dbcb99ec81a8d1c035dcb15,591,NB_LOC_PRO,,,UNAVAILABLE,True,missing_value,not_a_text_check,"[""NN-2""]",,[],,[],False,False
IMB,138,c7e6ad39442499d7bb8754c0685710269a9e09e93dbcb99ec81a8d1c035dcb15,591,NB_LOC_TOT,,,UNAVAILABLE,True,missing_value,not_a_text_check,"[""NN-2""]",,[],,[],False,False
IMB,138,c7e6ad39442499d7bb8754c0685710269a9e09e93dbcb99ec81a8d1c035dcb15,591,RACCORDEMENT,,,UNAVAILABLE,True,missing_value,not_a_text_check,"[""NN-2""]",,[],,[],False,False
IMB,138,c7e6ad39442499d7bb8754c0685710269a9e09e93dbcb99ec81a8d1c035dcb15,591,STATUT,,,UNAVAILABLE,True,missing_value,not_a_text_check,"[""NN-2""]",,[],,[],False,False
IMB,138,c7e6ad39442499d7bb8754c0685710269a9e09e93dbcb99ec81a8d1c035dcb15,591,NB_ETAGE,,,UNAVAILABLE,True,missing_value,not_a_text_check,"[""NN-2""]",,[],,[],False,False
IMB,138,c7e6ad39442499d7bb8754c0685710269a9e09e93dbcb99ec81a8d1c035dcb15,591,COL_MONTANTE,,,UNAVAILABLE,True,missing_value,not_a_text_check,"[""NN-2""]",,[],,[],False,False
IMB,138,c7e6ad39442499d7bb8754c0685710269a9e09e93dbcb99ec81a8d1c035dcb15,591,SOUS_SOL,,,UNAVAILABLE,True,missing_value,not_a_text_check,"[""NN-2""]",,[],,[],False,False
IMB,138,c7e6ad39442499d7bb8754c0685710269a9e09e93dbcb99ec81a8d1c035dcb15,591,SOUS_SOL_COMMUN,,,UNAVAILABLE,True,missing_value,not_a_text_check,"[""NN-2""]",,[],,[],False,False
IMB,138,c7e6ad39442499d7bb8754c0685710269a9e09e93dbcb99ec81a8d1c035dcb15,591,BPE_CODE,,,UNAVAILABLE,True,missing_value,not_a_text_check,"[""NN-2""]",,[],,[],False,False
IMB,138,c7e6ad39442499d7bb8754c0685710269a9e09e93dbcb99ec81a8d1c035dcb15,591,X,12543602.039313046,12543602.039313046,DWG_DERIVED:GEODATA+direct-CRS-transform,False,exact,not_a_text_check,"[""NN-2""]",,[],,[],False,False
IMB,138,c7e6ad39442499d7bb8754c0685710269a9e09e93dbcb99ec81a8d1c035dcb15,591,Y,-821613.2688906833,-821613.2688906833,DWG_DERIVED:GEODATA+direct-CRS-transform,False,exact,not_a_text_check,"[""NN-2""]",,[],,[],False,False
IMB,138,c7e6ad39442499d7bb8754c0685710269a9e09e93dbcb99ec81a8d1c035dcb15,591,display_label,NN-2,NN-2,DWG_DIRECT:text|RULE:AI-IMB-LABEL-001,False,exact,exact,"[""NN-2""]",,[],,[],False,False
IMB,139,7f28222f9c1cc4d59da54edd34056e1e4b6979ce216a90a93e91609a5aebe46a,571,CODE,GUDANG-10,GUDANG-10,DWG_DIRECT:text|RULE:AI-IMB-CODE-001,False,exact,exact,"[""GUDANG-10""]",,[],,[],False,False
IMB,139,7f28222f9c1cc4d59da54edd34056e1e4b6979ce216a90a93e91609a5aebe46a,571,REF_PLAQUE,,,UNAVAILABLE,True,missing_value,not_a_text_check,"[""GUDANG-10""]",,[],,[],False,False
IMB,139,7f28222f9c1cc4d59da54edd34056e1e4b6979ce216a90a93e91609a5aebe46a,571,REGION,,,UNAVAILABLE,True,missing_value,not_a_text_check,"[""GUDANG-10""]",,[],,[],False,False
IMB,139,7f28222f9c1cc4d59da54edd34056e1e4b6979ce216a90a93e91609a5aebe46a,571,PROVINCE,,,UNAVAILABLE,True,missing_value,not_a_text_check,"[""GUDANG-10""]",,[],,[],False,False
IMB,139,7f28222f9c1cc4d59da54edd34056e1e4b6979ce216a90a93e91609a5aebe46a,571,VILLE,,,UNAVAILABLE,True,missing_value,not_a_text_check,"[""GUDANG-10""]",,[],,[],False,False
IMB,139,7f28222f9c1cc4d59da54edd34056e1e4b6979ce216a90a93e91609a5aebe46a,571,COMMUNE,,,UNAVAILABLE,True,missing_value,not_a_text_check,"[""GUDANG-10""]",,[],,[],False,False
IMB,139,7f28222f9c1cc4d59da54edd34056e1e4b6979ce216a90a93e91609a5aebe46a,571,CODE_POSTAL,,,UNAVAILABLE,True,missing_value,not_a_text_check,"[""GUDANG-10""]",,[],,[],False,False
IMB,139,7f28222f9c1cc4d59da54edd34056e1e4b6979ce216a90a93e91609a5aebe46a,571,NUMERO_VOIE,,,UNAVAILABLE,True,missing_value,not_a_text_check,"[""GUDANG-10""]",,[],,[],False,False
IMB,139,7f28222f9c1cc4d59da54edd34056e1e4b6979ce216a90a93e91609a5aebe46a,571,TYPE_VOIE,,,UNAVAILABLE,True,missing_value,not_a_text_check,"[""GUDANG-10""]",,[],,[],False,False
IMB,139,7f28222f9c1cc4d59da54edd34056e1e4b6979ce216a90a93e91609a5aebe46a,571,TYPE_BATIMENT,,,UNAVAILABLE,True,missing_value,not_a_text_check,"[""GUDANG-10""]",,[],,[],False,False
IMB,139,7f28222f9c1cc4d59da54edd34056e1e4b6979ce216a90a93e91609a5aebe46a,571,TYPE_CLIENT,,,UNAVAILABLE,True,missing_value,not_a_text_check,"[""GUDANG-10""]",,[],,[],False,False
IMB,139,7f28222f9c1cc4d59da54edd34056e1e4b6979ce216a90a93e91609a5aebe46a,571,NB_LOC_RES,,,UNAVAILABLE,True,missing_value,not_a_text_check,"[""GUDANG-10""]",,[],,[],False,False
IMB,139,7f28222f9c1cc4d59da54edd34056e1e4b6979ce216a90a93e91609a5aebe46a,571,NB_LOC_PRO,,,UNAVAILABLE,True,missing_value,not_a_text_check,"[""GUDANG-10""]",,[],,[],False,False
IMB,139,7f28222f9c1cc4d59da54edd34056e1e4b6979ce216a90a93e91609a5aebe46a,571,NB_LOC_TOT,,,UNAVAILABLE,True,missing_value,not_a_text_check,"[""GUDANG-10""]",,[],,[],False,False
IMB,139,7f28222f9c1cc4d59da54edd34056e1e4b6979ce216a90a93e91609a5aebe46a,571,RACCORDEMENT,,,UNAVAILABLE,True,missing_value,not_a_text_check,"[""GUDANG-10""]",,[],,[],False,False
IMB,139,7f28222f9c1cc4d59da54edd34056e1e4b6979ce216a90a93e91609a5aebe46a,571,STATUT,,,UNAVAILABLE,True,missing_value,not_a_text_check,"[""GUDANG-10""]",,[],,[],False,False
IMB,139,7f28222f9c1cc4d59da54edd34056e1e4b6979ce216a90a93e91609a5aebe46a,571,NB_ETAGE,,,UNAVAILABLE,True,missing_value,not_a_text_check,"[""GUDANG-10""]",,[],,[],False,False
IMB,139,7f28222f9c1cc4d59da54edd34056e1e4b6979ce216a90a93e91609a5aebe46a,571,COL_MONTANTE,,,UNAVAILABLE,True,missing_value,not_a_text_check,"[""GUDANG-10""]",,[],,[],False,False
IMB,139,7f28222f9c1cc4d59da54edd34056e1e4b6979ce216a90a93e91609a5aebe46a,571,SOUS_SOL,,,UNAVAILABLE,True,missing_value,not_a_text_check,"[""GUDANG-10""]",,[],,[],False,False
IMB,139,7f28222f9c1cc4d59da54edd34056e1e4b6979ce216a90a93e91609a5aebe46a,571,SOUS_SOL_COMMUN,,,UNAVAILABLE,True,missing_value,not_a_text_check,"[""GUDANG-10""]",,[],,[],False,False
IMB,139,7f28222f9c1cc4d59da54edd34056e1e4b6979ce216a90a93e91609a5aebe46a,571,BPE_CODE,,,UNAVAILABLE,True,missing_value,not_a_text_check,"[""GUDANG-10""]",,[],,[],False,False
IMB,139,7f28222f9c1cc4d59da54edd34056e1e4b6979ce216a90a93e91609a5aebe46a,571,X,12543763.04891601,12543763.04891601,DWG_DERIVED:GEODATA+direct-CRS-transform,False,exact,not_a_text_check,"[""GUDANG-10""]",,[],,[],False,False
IMB,139,7f28222f9c1cc4d59da54edd34056e1e4b6979ce216a90a93e91609a5aebe46a,571,Y,-821935.6839209319,-821935.6839209319,DWG_DERIVED:GEODATA+direct-CRS-transform,False,exact,not_a_text_check,"[""GUDANG-10""]",,[],,[],False,False
IMB,139,7f28222f9c1cc4d59da54edd34056e1e4b6979ce216a90a93e91609a5aebe46a,571,display_label,GUDANG-10,GUDANG-10,DWG_DIRECT:text|RULE:AI-IMB-LABEL-001,False,exact,exact,"[""GUDANG-10""]",,[],,[],False,False
IMB,140,eccb5571cfb6ed31771ff311d81e5ae19d9cf020d983f19be661a2e4dbbe76a0,5F2,CODE,NN-96,NN-96,DWG_DIRECT:text|RULE:AI-IMB-CODE-001,False,exact,exact,"[""NN-96""]",,[],,[],False,False
IMB,140,eccb5571cfb6ed31771ff311d81e5ae19d9cf020d983f19be661a2e4dbbe76a0,5F2,REF_PLAQUE,,,UNAVAILABLE,True,missing_value,not_a_text_check,"[""NN-96""]",,[],,[],False,False
IMB,140,eccb5571cfb6ed31771ff311d81e5ae19d9cf020d983f19be661a2e4dbbe76a0,5F2,REGION,,,UNAVAILABLE,True,missing_value,not_a_text_check,"[""NN-96""]",,[],,[],False,False
IMB,140,eccb5571cfb6ed31771ff311d81e5ae19d9cf020d983f19be661a2e4dbbe76a0,5F2,PROVINCE,,,UNAVAILABLE,True,missing_value,not_a_text_check,"[""NN-96""]",,[],,[],False,False
IMB,140,eccb5571cfb6ed31771ff311d81e5ae19d9cf020d983f19be661a2e4dbbe76a0,5F2,VILLE,,,UNAVAILABLE,True,missing_value,not_a_text_check,"[""NN-96""]",,[],,[],False,False
IMB,140,eccb5571cfb6ed31771ff311d81e5ae19d9cf020d983f19be661a2e4dbbe76a0,5F2,COMMUNE,,,UNAVAILABLE,True,missing_value,not_a_text_check,"[""NN-96""]",,[],,[],False,False
IMB,140,eccb5571cfb6ed31771ff311d81e5ae19d9cf020d983f19be661a2e4dbbe76a0,5F2,CODE_POSTAL,,,UNAVAILABLE,True,missing_value,not_a_text_check,"[""NN-96""]",,[],,[],False,False
IMB,140,eccb5571cfb6ed31771ff311d81e5ae19d9cf020d983f19be661a2e4dbbe76a0,5F2,NUMERO_VOIE,,,UNAVAILABLE,True,missing_value,not_a_text_check,"[""NN-96""]",,[],,[],False,False
IMB,140,eccb5571cfb6ed31771ff311d81e5ae19d9cf020d983f19be661a2e4dbbe76a0,5F2,TYPE_VOIE,,,UNAVAILABLE,True,missing_value,not_a_text_check,"[""NN-96""]",,[],,[],False,False
IMB,140,eccb5571cfb6ed31771ff311d81e5ae19d9cf020d983f19be661a2e4dbbe76a0,5F2,TYPE_BATIMENT,,,UNAVAILABLE,True,missing_value,not_a_text_check,"[""NN-96""]",,[],,[],False,False
IMB,140,eccb5571cfb6ed31771ff311d81e5ae19d9cf020d983f19be661a2e4dbbe76a0,5F2,TYPE_CLIENT,,,UNAVAILABLE,True,missing_value,not_a_text_check,"[""NN-96""]",,[],,[],False,False
IMB,140,eccb5571cfb6ed31771ff311d81e5ae19d9cf020d983f19be661a2e4dbbe76a0,5F2,NB_LOC_RES,,,UNAVAILABLE,True,missing_value,not_a_text_check,"[""NN-96""]",,[],,[],False,False
IMB,140,eccb5571cfb6ed31771ff311d81e5ae19d9cf020d983f19be661a2e4dbbe76a0,5F2,NB_LOC_PRO,,,UNAVAILABLE,True,missing_value,not_a_text_check,"[""NN-96""]",,[],,[],False,False
IMB,140,eccb5571cfb6ed31771ff311d81e5ae19d9cf020d983f19be661a2e4dbbe76a0,5F2,NB_LOC_TOT,,,UNAVAILABLE,True,missing_value,not_a_text_check,"[""NN-96""]",,[],,[],False,False
IMB,140,eccb5571cfb6ed31771ff311d81e5ae19d9cf020d983f19be661a2e4dbbe76a0,5F2,RACCORDEMENT,,,UNAVAILABLE,True,missing_value,not_a_text_check,"[""NN-96""]",,[],,[],False,False
IMB,140,eccb5571cfb6ed31771ff311d81e5ae19d9cf020d983f19be661a2e4dbbe76a0,5F2,STATUT,,,UNAVAILABLE,True,missing_value,not_a_text_check,"[""NN-96""]",,[],,[],False,False
IMB,140,eccb5571cfb6ed31771ff311d81e5ae19d9cf020d983f19be661a2e4dbbe76a0,5F2,NB_ETAGE,,,UNAVAILABLE,True,missing_value,not_a_text_check,"[""NN-96""]",,[],,[],False,False
IMB,140,eccb5571cfb6ed31771ff311d81e5ae19d9cf020d983f19be661a2e4dbbe76a0,5F2,COL_MONTANTE,,,UNAVAILABLE,True,missing_value,not_a_text_check,"[""NN-96""]",,[],,[],False,False
IMB,140,eccb5571cfb6ed31771ff311d81e5ae19d9cf020d983f19be661a2e4dbbe76a0,5F2,SOUS_SOL,,,UNAVAILABLE,True,missing_value,not_a_text_check,"[""NN-96""]",,[],,[],False,False
IMB,140,eccb5571cfb6ed31771ff311d81e5ae19d9cf020d983f19be661a2e4dbbe76a0,5F2,SOUS_SOL_COMMUN,,,UNAVAILABLE,True,missing_value,not_a_text_check,"[""NN-96""]",,[],,[],False,False
IMB,140,eccb5571cfb6ed31771ff311d81e5ae19d9cf020d983f19be661a2e4dbbe76a0,5F2,BPE_CODE,,,UNAVAILABLE,True,missing_value,not_a_text_check,"[""NN-96""]",,[],,[],False,False
IMB,140,eccb5571cfb6ed31771ff311d81e5ae19d9cf020d983f19be661a2e4dbbe76a0,5F2,X,12543653.594224753,12543653.594224753,DWG_DERIVED:GEODATA+direct-CRS-transform,False,exact,not_a_text_check,"[""NN-96""]",,[],,[],False,False
IMB,140,eccb5571cfb6ed31771ff311d81e5ae19d9cf020d983f19be661a2e4dbbe76a0,5F2,Y,-821518.9758395649,-821518.9758395649,DWG_DERIVED:GEODATA+direct-CRS-transform,False,exact,not_a_text_check,"[""NN-96""]",,[],,[],False,False
IMB,140,eccb5571cfb6ed31771ff311d81e5ae19d9cf020d983f19be661a2e4dbbe76a0,5F2,display_label,NN-96,NN-96,DWG_DIRECT:text|RULE:AI-IMB-LABEL-001,False,exact,exact,"[""NN-96""]",,[],,[],False,False
IMB,141,a35e840487d955d3b61c4808e144f2e42e213e61783a54d82ac1f116f526d2ec,4BD,CODE,GUDANG-1,GUDANG-1,DWG_DIRECT:text|RULE:AI-IMB-CODE-001,False,exact,exact,"[""GUDANG-1""]",,[],,[],False,False
IMB,141,a35e840487d955d3b61c4808e144f2e42e213e61783a54d82ac1f116f526d2ec,4BD,REF_PLAQUE,,,UNAVAILABLE,True,missing_value,not_a_text_check,"[""GUDANG-1""]",,[],,[],False,False
IMB,141,a35e840487d955d3b61c4808e144f2e42e213e61783a54d82ac1f116f526d2ec,4BD,REGION,,,UNAVAILABLE,True,missing_value,not_a_text_check,"[""GUDANG-1""]",,[],,[],False,False
IMB,141,a35e840487d955d3b61c4808e144f2e42e213e61783a54d82ac1f116f526d2ec,4BD,PROVINCE,,,UNAVAILABLE,True,missing_value,not_a_text_check,"[""GUDANG-1""]",,[],,[],False,False
IMB,141,a35e840487d955d3b61c4808e144f2e42e213e61783a54d82ac1f116f526d2ec,4BD,VILLE,,,UNAVAILABLE,True,missing_value,not_a_text_check,"[""GUDANG-1""]",,[],,[],False,False
IMB,141,a35e840487d955d3b61c4808e144f2e42e213e61783a54d82ac1f116f526d2ec,4BD,COMMUNE,,,UNAVAILABLE,True,missing_value,not_a_text_check,"[""GUDANG-1""]",,[],,[],False,False
IMB,141,a35e840487d955d3b61c4808e144f2e42e213e61783a54d82ac1f116f526d2ec,4BD,CODE_POSTAL,,,UNAVAILABLE,True,missing_value,not_a_text_check,"[""GUDANG-1""]",,[],,[],False,False
IMB,141,a35e840487d955d3b61c4808e144f2e42e213e61783a54d82ac1f116f526d2ec,4BD,NUMERO_VOIE,,,UNAVAILABLE,True,missing_value,not_a_text_check,"[""GUDANG-1""]",,[],,[],False,False
IMB,141,a35e840487d955d3b61c4808e144f2e42e213e61783a54d82ac1f116f526d2ec,4BD,TYPE_VOIE,,,UNAVAILABLE,True,missing_value,not_a_text_check,"[""GUDANG-1""]",,[],,[],False,False
IMB,141,a35e840487d955d3b61c4808e144f2e42e213e61783a54d82ac1f116f526d2ec,4BD,TYPE_BATIMENT,,,UNAVAILABLE,True,missing_value,not_a_text_check,"[""GUDANG-1""]",,[],,[],False,False
IMB,141,a35e840487d955d3b61c4808e144f2e42e213e61783a54d82ac1f116f526d2ec,4BD,TYPE_CLIENT,,,UNAVAILABLE,True,missing_value,not_a_text_check,"[""GUDANG-1""]",,[],,[],False,False
IMB,141,a35e840487d955d3b61c4808e144f2e42e213e61783a54d82ac1f116f526d2ec,4BD,NB_LOC_RES,,,UNAVAILABLE,True,missing_value,not_a_text_check,"[""GUDANG-1""]",,[],,[],False,False
IMB,141,a35e840487d955d3b61c4808e144f2e42e213e61783a54d82ac1f116f526d2ec,4BD,NB_LOC_PRO,,,UNAVAILABLE,True,missing_value,not_a_text_check,"[""GUDANG-1""]",,[],,[],False,False
IMB,141,a35e840487d955d3b61c4808e144f2e42e213e61783a54d82ac1f116f526d2ec,4BD,NB_LOC_TOT,,,UNAVAILABLE,True,missing_value,not_a_text_check,"[""GUDANG-1""]",,[],,[],False,False
IMB,141,a35e840487d955d3b61c4808e144f2e42e213e61783a54d82ac1f116f526d2ec,4BD,RACCORDEMENT,,,UNAVAILABLE,True,missing_value,not_a_text_check,"[""GUDANG-1""]",,[],,[],False,False
IMB,141,a35e840487d955d3b61c4808e144f2e42e213e61783a54d82ac1f116f526d2ec,4BD,STATUT,,,UNAVAILABLE,True,missing_value,not_a_text_check,"[""GUDANG-1""]",,[],,[],False,False
IMB,141,a35e840487d955d3b61c4808e144f2e42e213e61783a54d82ac1f116f526d2ec,4BD,NB_ETAGE,,,UNAVAILABLE,True,missing_value,not_a_text_check,"[""GUDANG-1""]",,[],,[],False,False
IMB,141,a35e840487d955d3b61c4808e144f2e42e213e61783a54d82ac1f116f526d2ec,4BD,COL_MONTANTE,,,UNAVAILABLE,True,missing_value,not_a_text_check,"[""GUDANG-1""]",,[],,[],False,False
IMB,141,a35e840487d955d3b61c4808e144f2e42e213e61783a54d82ac1f116f526d2ec,4BD,SOUS_SOL,,,UNAVAILABLE,True,missing_value,not_a_text_check,"[""GUDANG-1""]",,[],,[],False,False
IMB,141,a35e840487d955d3b61c4808e144f2e42e213e61783a54d82ac1f116f526d2ec,4BD,SOUS_SOL_COMMUN,,,UNAVAILABLE,True,missing_value,not_a_text_check,"[""GUDANG-1""]",,[],,[],False,False
IMB,141,a35e840487d955d3b61c4808e144f2e42e213e61783a54d82ac1f116f526d2ec,4BD,BPE_CODE,,,UNAVAILABLE,True,missing_value,not_a_text_check,"[""GUDANG-1""]",,[],,[],False,False
IMB,141,a35e840487d955d3b61c4808e144f2e42e213e61783a54d82ac1f116f526d2ec,4BD,X,12543621.91209321,12543621.91209321,DWG_DERIVED:GEODATA+direct-CRS-transform,False,exact,not_a_text_check,"[""GUDANG-1""]",,[],,[],False,False
IMB,141,a35e840487d955d3b61c4808e144f2e42e213e61783a54d82ac1f116f526d2ec,4BD,Y,-821951.8893025687,-821951.8893025687,DWG_DERIVED:GEODATA+direct-CRS-transform,False,exact,not_a_text_check,"[""GUDANG-1""]",,[],,[],False,False
IMB,141,a35e840487d955d3b61c4808e144f2e42e213e61783a54d82ac1f116f526d2ec,4BD,display_label,GUDANG-1,GUDANG-1,DWG_DIRECT:text|RULE:AI-IMB-LABEL-001,False,exact,exact,"[""GUDANG-1""]",,[],,[],False,False
IMB,142,edd0309eb9677b3788245a5f8f3f029107b183578df28ae47133229ceb2a3def,5D8,CODE,NN-70,NN-70,DWG_DIRECT:text|RULE:AI-IMB-CODE-001,False,exact,exact,"[""NN-70""]",,[],,[],False,False
IMB,142,edd0309eb9677b3788245a5f8f3f029107b183578df28ae47133229ceb2a3def,5D8,REF_PLAQUE,,,UNAVAILABLE,True,missing_value,not_a_text_check,"[""NN-70""]",,[],,[],False,False
IMB,142,edd0309eb9677b3788245a5f8f3f029107b183578df28ae47133229ceb2a3def,5D8,REGION,,,UNAVAILABLE,True,missing_value,not_a_text_check,"[""NN-70""]",,[],,[],False,False
IMB,142,edd0309eb9677b3788245a5f8f3f029107b183578df28ae47133229ceb2a3def,5D8,PROVINCE,,,UNAVAILABLE,True,missing_value,not_a_text_check,"[""NN-70""]",,[],,[],False,False
IMB,142,edd0309eb9677b3788245a5f8f3f029107b183578df28ae47133229ceb2a3def,5D8,VILLE,,,UNAVAILABLE,True,missing_value,not_a_text_check,"[""NN-70""]",,[],,[],False,False
IMB,142,edd0309eb9677b3788245a5f8f3f029107b183578df28ae47133229ceb2a3def,5D8,COMMUNE,,,UNAVAILABLE,True,missing_value,not_a_text_check,"[""NN-70""]",,[],,[],False,False
IMB,142,edd0309eb9677b3788245a5f8f3f029107b183578df28ae47133229ceb2a3def,5D8,CODE_POSTAL,,,UNAVAILABLE,True,missing_value,not_a_text_check,"[""NN-70""]",,[],,[],False,False
IMB,142,edd0309eb9677b3788245a5f8f3f029107b183578df28ae47133229ceb2a3def,5D8,NUMERO_VOIE,,,UNAVAILABLE,True,missing_value,not_a_text_check,"[""NN-70""]",,[],,[],False,False
IMB,142,edd0309eb9677b3788245a5f8f3f029107b183578df28ae47133229ceb2a3def,5D8,TYPE_VOIE,,,UNAVAILABLE,True,missing_value,not_a_text_check,"[""NN-70""]",,[],,[],False,False
IMB,142,edd0309eb9677b3788245a5f8f3f029107b183578df28ae47133229ceb2a3def,5D8,TYPE_BATIMENT,,,UNAVAILABLE,True,missing_value,not_a_text_check,"[""NN-70""]",,[],,[],False,False
IMB,142,edd0309eb9677b3788245a5f8f3f029107b183578df28ae47133229ceb2a3def,5D8,TYPE_CLIENT,,,UNAVAILABLE,True,missing_value,not_a_text_check,"[""NN-70""]",,[],,[],False,False
IMB,142,edd0309eb9677b3788245a5f8f3f029107b183578df28ae47133229ceb2a3def,5D8,NB_LOC_RES,,,UNAVAILABLE,True,missing_value,not_a_text_check,"[""NN-70""]",,[],,[],False,False
IMB,142,edd0309eb9677b3788245a5f8f3f029107b183578df28ae47133229ceb2a3def,5D8,NB_LOC_PRO,,,UNAVAILABLE,True,missing_value,not_a_text_check,"[""NN-70""]",,[],,[],False,False
IMB,142,edd0309eb9677b3788245a5f8f3f029107b183578df28ae47133229ceb2a3def,5D8,NB_LOC_TOT,,,UNAVAILABLE,True,missing_value,not_a_text_check,"[""NN-70""]",,[],,[],False,False
IMB,142,edd0309eb9677b3788245a5f8f3f029107b183578df28ae47133229ceb2a3def,5D8,RACCORDEMENT,,,UNAVAILABLE,True,missing_value,not_a_text_check,"[""NN-70""]",,[],,[],False,False
IMB,142,edd0309eb9677b3788245a5f8f3f029107b183578df28ae47133229ceb2a3def,5D8,STATUT,,,UNAVAILABLE,True,missing_value,not_a_text_check,"[""NN-70""]",,[],,[],False,False
IMB,142,edd0309eb9677b3788245a5f8f3f029107b183578df28ae47133229ceb2a3def,5D8,NB_ETAGE,,,UNAVAILABLE,True,missing_value,not_a_text_check,"[""NN-70""]",,[],,[],False,False
IMB,142,edd0309eb9677b3788245a5f8f3f029107b183578df28ae47133229ceb2a3def,5D8,COL_MONTANTE,,,UNAVAILABLE,True,missing_value,not_a_text_check,"[""NN-70""]",,[],,[],False,False
IMB,142,edd0309eb9677b3788245a5f8f3f029107b183578df28ae47133229ceb2a3def,5D8,SOUS_SOL,,,UNAVAILABLE,True,missing_value,not_a_text_check,"[""NN-70""]",,[],,[],False,False
IMB,142,edd0309eb9677b3788245a5f8f3f029107b183578df28ae47133229ceb2a3def,5D8,SOUS_SOL_COMMUN,,,UNAVAILABLE,True,missing_value,not_a_text_check,"[""NN-70""]",,[],,[],False,False
IMB,142,edd0309eb9677b3788245a5f8f3f029107b183578df28ae47133229ceb2a3def,5D8,BPE_CODE,,,UNAVAILABLE,True,missing_value,not_a_text_check,"[""NN-70""]",,[],,[],False,False
IMB,142,edd0309eb9677b3788245a5f8f3f029107b183578df28ae47133229ceb2a3def,5D8,X,12543625.891302392,12543625.891302392,DWG_DERIVED:GEODATA+direct-CRS-transform,False,exact,not_a_text_check,"[""NN-70""]",,[],,[],False,False
IMB,142,edd0309eb9677b3788245a5f8f3f029107b183578df28ae47133229ceb2a3def,5D8,Y,-821574.9584095392,-821574.9584095392,DWG_DERIVED:GEODATA+direct-CRS-transform,False,exact,not_a_text_check,"[""NN-70""]",,[],,[],False,False
IMB,142,edd0309eb9677b3788245a5f8f3f029107b183578df28ae47133229ceb2a3def,5D8,display_label,NN-70,NN-70,DWG_DIRECT:text|RULE:AI-IMB-LABEL-001,False,exact,exact,"[""NN-70""]",,[],,[],False,False
IMB,143,f06018defa7fbed72d959924d4dbd23576da2ee8c9945e1c243b2ff7ceb2be23,5D5,CODE,NN-68,NN-68,DWG_DIRECT:text|RULE:AI-IMB-CODE-001,False,exact,exact,"[""NN-68""]",,[],,[],False,False
IMB,143,f06018defa7fbed72d959924d4dbd23576da2ee8c9945e1c243b2ff7ceb2be23,5D5,REF_PLAQUE,,,UNAVAILABLE,True,missing_value,not_a_text_check,"[""NN-68""]",,[],,[],False,False
IMB,143,f06018defa7fbed72d959924d4dbd23576da2ee8c9945e1c243b2ff7ceb2be23,5D5,REGION,,,UNAVAILABLE,True,missing_value,not_a_text_check,"[""NN-68""]",,[],,[],False,False
IMB,143,f06018defa7fbed72d959924d4dbd23576da2ee8c9945e1c243b2ff7ceb2be23,5D5,PROVINCE,,,UNAVAILABLE,True,missing_value,not_a_text_check,"[""NN-68""]",,[],,[],False,False
IMB,143,f06018defa7fbed72d959924d4dbd23576da2ee8c9945e1c243b2ff7ceb2be23,5D5,VILLE,,,UNAVAILABLE,True,missing_value,not_a_text_check,"[""NN-68""]",,[],,[],False,False
IMB,143,f06018defa7fbed72d959924d4dbd23576da2ee8c9945e1c243b2ff7ceb2be23,5D5,COMMUNE,,,UNAVAILABLE,True,missing_value,not_a_text_check,"[""NN-68""]",,[],,[],False,False
IMB,143,f06018defa7fbed72d959924d4dbd23576da2ee8c9945e1c243b2ff7ceb2be23,5D5,CODE_POSTAL,,,UNAVAILABLE,True,missing_value,not_a_text_check,"[""NN-68""]",,[],,[],False,False
IMB,143,f06018defa7fbed72d959924d4dbd23576da2ee8c9945e1c243b2ff7ceb2be23,5D5,NUMERO_VOIE,,,UNAVAILABLE,True,missing_value,not_a_text_check,"[""NN-68""]",,[],,[],False,False
IMB,143,f06018defa7fbed72d959924d4dbd23576da2ee8c9945e1c243b2ff7ceb2be23,5D5,TYPE_VOIE,,,UNAVAILABLE,True,missing_value,not_a_text_check,"[""NN-68""]",,[],,[],False,False
IMB,143,f06018defa7fbed72d959924d4dbd23576da2ee8c9945e1c243b2ff7ceb2be23,5D5,TYPE_BATIMENT,,,UNAVAILABLE,True,missing_value,not_a_text_check,"[""NN-68""]",,[],,[],False,False
IMB,143,f06018defa7fbed72d959924d4dbd23576da2ee8c9945e1c243b2ff7ceb2be23,5D5,TYPE_CLIENT,,,UNAVAILABLE,True,missing_value,not_a_text_check,"[""NN-68""]",,[],,[],False,False
IMB,143,f06018defa7fbed72d959924d4dbd23576da2ee8c9945e1c243b2ff7ceb2be23,5D5,NB_LOC_RES,,,UNAVAILABLE,True,missing_value,not_a_text_check,"[""NN-68""]",,[],,[],False,False
IMB,143,f06018defa7fbed72d959924d4dbd23576da2ee8c9945e1c243b2ff7ceb2be23,5D5,NB_LOC_PRO,,,UNAVAILABLE,True,missing_value,not_a_text_check,"[""NN-68""]",,[],,[],False,False
IMB,143,f06018defa7fbed72d959924d4dbd23576da2ee8c9945e1c243b2ff7ceb2be23,5D5,NB_LOC_TOT,,,UNAVAILABLE,True,missing_value,not_a_text_check,"[""NN-68""]",,[],,[],False,False
IMB,143,f06018defa7fbed72d959924d4dbd23576da2ee8c9945e1c243b2ff7ceb2be23,5D5,RACCORDEMENT,,,UNAVAILABLE,True,missing_value,not_a_text_check,"[""NN-68""]",,[],,[],False,False
IMB,143,f06018defa7fbed72d959924d4dbd23576da2ee8c9945e1c243b2ff7ceb2be23,5D5,STATUT,,,UNAVAILABLE,True,missing_value,not_a_text_check,"[""NN-68""]",,[],,[],False,False
IMB,143,f06018defa7fbed72d959924d4dbd23576da2ee8c9945e1c243b2ff7ceb2be23,5D5,NB_ETAGE,,,UNAVAILABLE,True,missing_value,not_a_text_check,"[""NN-68""]",,[],,[],False,False
IMB,143,f06018defa7fbed72d959924d4dbd23576da2ee8c9945e1c243b2ff7ceb2be23,5D5,COL_MONTANTE,,,UNAVAILABLE,True,missing_value,not_a_text_check,"[""NN-68""]",,[],,[],False,False
IMB,143,f06018defa7fbed72d959924d4dbd23576da2ee8c9945e1c243b2ff7ceb2be23,5D5,SOUS_SOL,,,UNAVAILABLE,True,missing_value,not_a_text_check,"[""NN-68""]",,[],,[],False,False
IMB,143,f06018defa7fbed72d959924d4dbd23576da2ee8c9945e1c243b2ff7ceb2be23,5D5,SOUS_SOL_COMMUN,,,UNAVAILABLE,True,missing_value,not_a_text_check,"[""NN-68""]",,[],,[],False,False
IMB,143,f06018defa7fbed72d959924d4dbd23576da2ee8c9945e1c243b2ff7ceb2be23,5D5,BPE_CODE,,,UNAVAILABLE,True,missing_value,not_a_text_check,"[""NN-68""]",,[],,[],False,False
IMB,143,f06018defa7fbed72d959924d4dbd23576da2ee8c9945e1c243b2ff7ceb2be23,5D5,X,12543822.461015526,12543822.461015526,DWG_DERIVED:GEODATA+direct-CRS-transform,False,exact,not_a_text_check,"[""NN-68""]",,[],,[],False,False
IMB,143,f06018defa7fbed72d959924d4dbd23576da2ee8c9945e1c243b2ff7ceb2be23,5D5,Y,-821633.2259833001,-821633.2259833001,DWG_DERIVED:GEODATA+direct-CRS-transform,False,exact,not_a_text_check,"[""NN-68""]",,[],,[],False,False
IMB,143,f06018defa7fbed72d959924d4dbd23576da2ee8c9945e1c243b2ff7ceb2be23,5D5,display_label,NN-68,NN-68,DWG_DIRECT:text|RULE:AI-IMB-LABEL-001,False,exact,exact,"[""NN-68""]",,[],,[],False,False
IMB,144,a42b2e0aff13a470a6bc2b7f039170ff1af02a14fa2f5b2203ca0c3c566fc03c,590,CODE,GUDANG SHOPE,GUDANG SHOPE,DWG_DIRECT:text|RULE:AI-IMB-CODE-001,False,exact,exact,"[""GUDANG SHOPE""]",,[],,[],False,False
IMB,144,a42b2e0aff13a470a6bc2b7f039170ff1af02a14fa2f5b2203ca0c3c566fc03c,590,REF_PLAQUE,,,UNAVAILABLE,True,missing_value,not_a_text_check,"[""GUDANG SHOPE""]",,[],,[],False,False
IMB,144,a42b2e0aff13a470a6bc2b7f039170ff1af02a14fa2f5b2203ca0c3c566fc03c,590,REGION,,,UNAVAILABLE,True,missing_value,not_a_text_check,"[""GUDANG SHOPE""]",,[],,[],False,False
IMB,144,a42b2e0aff13a470a6bc2b7f039170ff1af02a14fa2f5b2203ca0c3c566fc03c,590,PROVINCE,,,UNAVAILABLE,True,missing_value,not_a_text_check,"[""GUDANG SHOPE""]",,[],,[],False,False
IMB,144,a42b2e0aff13a470a6bc2b7f039170ff1af02a14fa2f5b2203ca0c3c566fc03c,590,VILLE,,,UNAVAILABLE,True,missing_value,not_a_text_check,"[""GUDANG SHOPE""]",,[],,[],False,False
IMB,144,a42b2e0aff13a470a6bc2b7f039170ff1af02a14fa2f5b2203ca0c3c566fc03c,590,COMMUNE,,,UNAVAILABLE,True,missing_value,not_a_text_check,"[""GUDANG SHOPE""]",,[],,[],False,False
IMB,144,a42b2e0aff13a470a6bc2b7f039170ff1af02a14fa2f5b2203ca0c3c566fc03c,590,CODE_POSTAL,,,UNAVAILABLE,True,missing_value,not_a_text_check,"[""GUDANG SHOPE""]",,[],,[],False,False
IMB,144,a42b2e0aff13a470a6bc2b7f039170ff1af02a14fa2f5b2203ca0c3c566fc03c,590,NUMERO_VOIE,,,UNAVAILABLE,True,missing_value,not_a_text_check,"[""GUDANG SHOPE""]",,[],,[],False,False
IMB,144,a42b2e0aff13a470a6bc2b7f039170ff1af02a14fa2f5b2203ca0c3c566fc03c,590,TYPE_VOIE,,,UNAVAILABLE,True,missing_value,not_a_text_check,"[""GUDANG SHOPE""]",,[],,[],False,False
IMB,144,a42b2e0aff13a470a6bc2b7f039170ff1af02a14fa2f5b2203ca0c3c566fc03c,590,TYPE_BATIMENT,,,UNAVAILABLE,True,missing_value,not_a_text_check,"[""GUDANG SHOPE""]",,[],,[],False,False
IMB,144,a42b2e0aff13a470a6bc2b7f039170ff1af02a14fa2f5b2203ca0c3c566fc03c,590,TYPE_CLIENT,,,UNAVAILABLE,True,missing_value,not_a_text_check,"[""GUDANG SHOPE""]",,[],,[],False,False
IMB,144,a42b2e0aff13a470a6bc2b7f039170ff1af02a14fa2f5b2203ca0c3c566fc03c,590,NB_LOC_RES,,,UNAVAILABLE,True,missing_value,not_a_text_check,"[""GUDANG SHOPE""]",,[],,[],False,False
IMB,144,a42b2e0aff13a470a6bc2b7f039170ff1af02a14fa2f5b2203ca0c3c566fc03c,590,NB_LOC_PRO,,,UNAVAILABLE,True,missing_value,not_a_text_check,"[""GUDANG SHOPE""]",,[],,[],False,False
IMB,144,a42b2e0aff13a470a6bc2b7f039170ff1af02a14fa2f5b2203ca0c3c566fc03c,590,NB_LOC_TOT,,,UNAVAILABLE,True,missing_value,not_a_text_check,"[""GUDANG SHOPE""]",,[],,[],False,False
IMB,144,a42b2e0aff13a470a6bc2b7f039170ff1af02a14fa2f5b2203ca0c3c566fc03c,590,RACCORDEMENT,,,UNAVAILABLE,True,missing_value,not_a_text_check,"[""GUDANG SHOPE""]",,[],,[],False,False
IMB,144,a42b2e0aff13a470a6bc2b7f039170ff1af02a14fa2f5b2203ca0c3c566fc03c,590,STATUT,,,UNAVAILABLE,True,missing_value,not_a_text_check,"[""GUDANG SHOPE""]",,[],,[],False,False
IMB,144,a42b2e0aff13a470a6bc2b7f039170ff1af02a14fa2f5b2203ca0c3c566fc03c,590,NB_ETAGE,,,UNAVAILABLE,True,missing_value,not_a_text_check,"[""GUDANG SHOPE""]",,[],,[],False,False
IMB,144,a42b2e0aff13a470a6bc2b7f039170ff1af02a14fa2f5b2203ca0c3c566fc03c,590,COL_MONTANTE,,,UNAVAILABLE,True,missing_value,not_a_text_check,"[""GUDANG SHOPE""]",,[],,[],False,False
IMB,144,a42b2e0aff13a470a6bc2b7f039170ff1af02a14fa2f5b2203ca0c3c566fc03c,590,SOUS_SOL,,,UNAVAILABLE,True,missing_value,not_a_text_check,"[""GUDANG SHOPE""]",,[],,[],False,False
IMB,144,a42b2e0aff13a470a6bc2b7f039170ff1af02a14fa2f5b2203ca0c3c566fc03c,590,SOUS_SOL_COMMUN,,,UNAVAILABLE,True,missing_value,not_a_text_check,"[""GUDANG SHOPE""]",,[],,[],False,False
IMB,144,a42b2e0aff13a470a6bc2b7f039170ff1af02a14fa2f5b2203ca0c3c566fc03c,590,BPE_CODE,,,UNAVAILABLE,True,missing_value,not_a_text_check,"[""GUDANG SHOPE""]",,[],,[],False,False
IMB,144,a42b2e0aff13a470a6bc2b7f039170ff1af02a14fa2f5b2203ca0c3c566fc03c,590,X,12543930.82561065,12543930.82561065,DWG_DERIVED:GEODATA+direct-CRS-transform,False,exact,not_a_text_check,"[""GUDANG SHOPE""]",,[],,[],False,False
IMB,144,a42b2e0aff13a470a6bc2b7f039170ff1af02a14fa2f5b2203ca0c3c566fc03c,590,Y,-821531.3432164423,-821531.3432164423,DWG_DERIVED:GEODATA+direct-CRS-transform,False,exact,not_a_text_check,"[""GUDANG SHOPE""]",,[],,[],False,False
IMB,144,a42b2e0aff13a470a6bc2b7f039170ff1af02a14fa2f5b2203ca0c3c566fc03c,590,display_label,GUDANG SHOPE,GUDANG SHOPE,DWG_DIRECT:text|RULE:AI-IMB-LABEL-001,False,exact,exact,"[""GUDANG SHOPE""]",,[],,[],False,False
IMB,145,d13e95ebebdae04e090fd5c6395e885c43c951691729d8a6f63e4e76bef1af20,5AB,CODE,NN-28,NN-28,DWG_DIRECT:text|RULE:AI-IMB-CODE-001,False,exact,exact,"[""NN-28""]",,[],,[],False,False
IMB,145,d13e95ebebdae04e090fd5c6395e885c43c951691729d8a6f63e4e76bef1af20,5AB,REF_PLAQUE,,,UNAVAILABLE,True,missing_value,not_a_text_check,"[""NN-28""]",,[],,[],False,False
IMB,145,d13e95ebebdae04e090fd5c6395e885c43c951691729d8a6f63e4e76bef1af20,5AB,REGION,,,UNAVAILABLE,True,missing_value,not_a_text_check,"[""NN-28""]",,[],,[],False,False
IMB,145,d13e95ebebdae04e090fd5c6395e885c43c951691729d8a6f63e4e76bef1af20,5AB,PROVINCE,,,UNAVAILABLE,True,missing_value,not_a_text_check,"[""NN-28""]",,[],,[],False,False
IMB,145,d13e95ebebdae04e090fd5c6395e885c43c951691729d8a6f63e4e76bef1af20,5AB,VILLE,,,UNAVAILABLE,True,missing_value,not_a_text_check,"[""NN-28""]",,[],,[],False,False
IMB,145,d13e95ebebdae04e090fd5c6395e885c43c951691729d8a6f63e4e76bef1af20,5AB,COMMUNE,,,UNAVAILABLE,True,missing_value,not_a_text_check,"[""NN-28""]",,[],,[],False,False
IMB,145,d13e95ebebdae04e090fd5c6395e885c43c951691729d8a6f63e4e76bef1af20,5AB,CODE_POSTAL,,,UNAVAILABLE,True,missing_value,not_a_text_check,"[""NN-28""]",,[],,[],False,False
IMB,145,d13e95ebebdae04e090fd5c6395e885c43c951691729d8a6f63e4e76bef1af20,5AB,NUMERO_VOIE,,,UNAVAILABLE,True,missing_value,not_a_text_check,"[""NN-28""]",,[],,[],False,False
IMB,145,d13e95ebebdae04e090fd5c6395e885c43c951691729d8a6f63e4e76bef1af20,5AB,TYPE_VOIE,,,UNAVAILABLE,True,missing_value,not_a_text_check,"[""NN-28""]",,[],,[],False,False
IMB,145,d13e95ebebdae04e090fd5c6395e885c43c951691729d8a6f63e4e76bef1af20,5AB,TYPE_BATIMENT,,,UNAVAILABLE,True,missing_value,not_a_text_check,"[""NN-28""]",,[],,[],False,False
IMB,145,d13e95ebebdae04e090fd5c6395e885c43c951691729d8a6f63e4e76bef1af20,5AB,TYPE_CLIENT,,,UNAVAILABLE,True,missing_value,not_a_text_check,"[""NN-28""]",,[],,[],False,False
IMB,145,d13e95ebebdae04e090fd5c6395e885c43c951691729d8a6f63e4e76bef1af20,5AB,NB_LOC_RES,,,UNAVAILABLE,True,missing_value,not_a_text_check,"[""NN-28""]",,[],,[],False,False
IMB,145,d13e95ebebdae04e090fd5c6395e885c43c951691729d8a6f63e4e76bef1af20,5AB,NB_LOC_PRO,,,UNAVAILABLE,True,missing_value,not_a_text_check,"[""NN-28""]",,[],,[],False,False
IMB,145,d13e95ebebdae04e090fd5c6395e885c43c951691729d8a6f63e4e76bef1af20,5AB,NB_LOC_TOT,,,UNAVAILABLE,True,missing_value,not_a_text_check,"[""NN-28""]",,[],,[],False,False
IMB,145,d13e95ebebdae04e090fd5c6395e885c43c951691729d8a6f63e4e76bef1af20,5AB,RACCORDEMENT,,,UNAVAILABLE,True,missing_value,not_a_text_check,"[""NN-28""]",,[],,[],False,False
IMB,145,d13e95ebebdae04e090fd5c6395e885c43c951691729d8a6f63e4e76bef1af20,5AB,STATUT,,,UNAVAILABLE,True,missing_value,not_a_text_check,"[""NN-28""]",,[],,[],False,False
IMB,145,d13e95ebebdae04e090fd5c6395e885c43c951691729d8a6f63e4e76bef1af20,5AB,NB_ETAGE,,,UNAVAILABLE,True,missing_value,not_a_text_check,"[""NN-28""]",,[],,[],False,False
IMB,145,d13e95ebebdae04e090fd5c6395e885c43c951691729d8a6f63e4e76bef1af20,5AB,COL_MONTANTE,,,UNAVAILABLE,True,missing_value,not_a_text_check,"[""NN-28""]",,[],,[],False,False
IMB,145,d13e95ebebdae04e090fd5c6395e885c43c951691729d8a6f63e4e76bef1af20,5AB,SOUS_SOL,,,UNAVAILABLE,True,missing_value,not_a_text_check,"[""NN-28""]",,[],,[],False,False
IMB,145,d13e95ebebdae04e090fd5c6395e885c43c951691729d8a6f63e4e76bef1af20,5AB,SOUS_SOL_COMMUN,,,UNAVAILABLE,True,missing_value,not_a_text_check,"[""NN-28""]",,[],,[],False,False
IMB,145,d13e95ebebdae04e090fd5c6395e885c43c951691729d8a6f63e4e76bef1af20,5AB,BPE_CODE,,,UNAVAILABLE,True,missing_value,not_a_text_check,"[""NN-28""]",,[],,[],False,False
IMB,145,d13e95ebebdae04e090fd5c6395e885c43c951691729d8a6f63e4e76bef1af20,5AB,X,12543723.151391404,12543723.151391404,DWG_DERIVED:GEODATA+direct-CRS-transform,False,exact,not_a_text_check,"[""NN-28""]",,[],,[],False,False
IMB,145,d13e95ebebdae04e090fd5c6395e885c43c951691729d8a6f63e4e76bef1af20,5AB,Y,-821560.7402617178,-821560.7402617178,DWG_DERIVED:GEODATA+direct-CRS-transform,False,exact,not_a_text_check,"[""NN-28""]",,[],,[],False,False
IMB,145,d13e95ebebdae04e090fd5c6395e885c43c951691729d8a6f63e4e76bef1af20,5AB,display_label,NN-28,NN-28,DWG_DIRECT:text|RULE:AI-IMB-LABEL-001,False,exact,exact,"[""NN-28""]",,[],,[],False,False
IMB,146,9f754d1648cb16356f9d488c5c561907c3a533409cfa554fff1297f2b6cf4728,5E5,CODE,NN-83,NN-83,DWG_DIRECT:text|RULE:AI-IMB-CODE-001,False,exact,exact,"[""NN-83""]",,[],,[],False,False
IMB,146,9f754d1648cb16356f9d488c5c561907c3a533409cfa554fff1297f2b6cf4728,5E5,REF_PLAQUE,,,UNAVAILABLE,True,missing_value,not_a_text_check,"[""NN-83""]",,[],,[],False,False
IMB,146,9f754d1648cb16356f9d488c5c561907c3a533409cfa554fff1297f2b6cf4728,5E5,REGION,,,UNAVAILABLE,True,missing_value,not_a_text_check,"[""NN-83""]",,[],,[],False,False
IMB,146,9f754d1648cb16356f9d488c5c561907c3a533409cfa554fff1297f2b6cf4728,5E5,PROVINCE,,,UNAVAILABLE,True,missing_value,not_a_text_check,"[""NN-83""]",,[],,[],False,False
IMB,146,9f754d1648cb16356f9d488c5c561907c3a533409cfa554fff1297f2b6cf4728,5E5,VILLE,,,UNAVAILABLE,True,missing_value,not_a_text_check,"[""NN-83""]",,[],,[],False,False
IMB,146,9f754d1648cb16356f9d488c5c561907c3a533409cfa554fff1297f2b6cf4728,5E5,COMMUNE,,,UNAVAILABLE,True,missing_value,not_a_text_check,"[""NN-83""]",,[],,[],False,False
IMB,146,9f754d1648cb16356f9d488c5c561907c3a533409cfa554fff1297f2b6cf4728,5E5,CODE_POSTAL,,,UNAVAILABLE,True,missing_value,not_a_text_check,"[""NN-83""]",,[],,[],False,False
IMB,146,9f754d1648cb16356f9d488c5c561907c3a533409cfa554fff1297f2b6cf4728,5E5,NUMERO_VOIE,,,UNAVAILABLE,True,missing_value,not_a_text_check,"[""NN-83""]",,[],,[],False,False
IMB,146,9f754d1648cb16356f9d488c5c561907c3a533409cfa554fff1297f2b6cf4728,5E5,TYPE_VOIE,,,UNAVAILABLE,True,missing_value,not_a_text_check,"[""NN-83""]",,[],,[],False,False
IMB,146,9f754d1648cb16356f9d488c5c561907c3a533409cfa554fff1297f2b6cf4728,5E5,TYPE_BATIMENT,,,UNAVAILABLE,True,missing_value,not_a_text_check,"[""NN-83""]",,[],,[],False,False
IMB,146,9f754d1648cb16356f9d488c5c561907c3a533409cfa554fff1297f2b6cf4728,5E5,TYPE_CLIENT,,,UNAVAILABLE,True,missing_value,not_a_text_check,"[""NN-83""]",,[],,[],False,False
IMB,146,9f754d1648cb16356f9d488c5c561907c3a533409cfa554fff1297f2b6cf4728,5E5,NB_LOC_RES,,,UNAVAILABLE,True,missing_value,not_a_text_check,"[""NN-83""]",,[],,[],False,False
IMB,146,9f754d1648cb16356f9d488c5c561907c3a533409cfa554fff1297f2b6cf4728,5E5,NB_LOC_PRO,,,UNAVAILABLE,True,missing_value,not_a_text_check,"[""NN-83""]",,[],,[],False,False
IMB,146,9f754d1648cb16356f9d488c5c561907c3a533409cfa554fff1297f2b6cf4728,5E5,NB_LOC_TOT,,,UNAVAILABLE,True,missing_value,not_a_text_check,"[""NN-83""]",,[],,[],False,False
IMB,146,9f754d1648cb16356f9d488c5c561907c3a533409cfa554fff1297f2b6cf4728,5E5,RACCORDEMENT,,,UNAVAILABLE,True,missing_value,not_a_text_check,"[""NN-83""]",,[],,[],False,False
IMB,146,9f754d1648cb16356f9d488c5c561907c3a533409cfa554fff1297f2b6cf4728,5E5,STATUT,,,UNAVAILABLE,True,missing_value,not_a_text_check,"[""NN-83""]",,[],,[],False,False
IMB,146,9f754d1648cb16356f9d488c5c561907c3a533409cfa554fff1297f2b6cf4728,5E5,NB_ETAGE,,,UNAVAILABLE,True,missing_value,not_a_text_check,"[""NN-83""]",,[],,[],False,False
IMB,146,9f754d1648cb16356f9d488c5c561907c3a533409cfa554fff1297f2b6cf4728,5E5,COL_MONTANTE,,,UNAVAILABLE,True,missing_value,not_a_text_check,"[""NN-83""]",,[],,[],False,False
IMB,146,9f754d1648cb16356f9d488c5c561907c3a533409cfa554fff1297f2b6cf4728,5E5,SOUS_SOL,,,UNAVAILABLE,True,missing_value,not_a_text_check,"[""NN-83""]",,[],,[],False,False
IMB,146,9f754d1648cb16356f9d488c5c561907c3a533409cfa554fff1297f2b6cf4728,5E5,SOUS_SOL_COMMUN,,,UNAVAILABLE,True,missing_value,not_a_text_check,"[""NN-83""]",,[],,[],False,False
IMB,146,9f754d1648cb16356f9d488c5c561907c3a533409cfa554fff1297f2b6cf4728,5E5,BPE_CODE,,,UNAVAILABLE,True,missing_value,not_a_text_check,"[""NN-83""]",,[],,[],False,False
IMB,146,9f754d1648cb16356f9d488c5c561907c3a533409cfa554fff1297f2b6cf4728,5E5,X,12543769.900664851,12543769.900664851,DWG_DERIVED:GEODATA+direct-CRS-transform,False,exact,not_a_text_check,"[""NN-83""]",,[],,[],False,False
IMB,146,9f754d1648cb16356f9d488c5c561907c3a533409cfa554fff1297f2b6cf4728,5E5,Y,-821537.2656687186,-821537.2656687186,DWG_DERIVED:GEODATA+direct-CRS-transform,False,exact,not_a_text_check,"[""NN-83""]",,[],,[],False,False
IMB,146,9f754d1648cb16356f9d488c5c561907c3a533409cfa554fff1297f2b6cf4728,5E5,display_label,NN-83,NN-83,DWG_DIRECT:text|RULE:AI-IMB-LABEL-001,False,exact,exact,"[""NN-83""]",,[],,[],False,False
IMB,147,cb8314c1a16963d70da39cf891fef52a9c9ac71c2c6b80f20b160ee077c84f93,5FD,CODE,NN-107,NN-107,DWG_DIRECT:text|RULE:AI-IMB-CODE-001,False,exact,exact,"[""NN-107""]",,[],,[],False,False
IMB,147,cb8314c1a16963d70da39cf891fef52a9c9ac71c2c6b80f20b160ee077c84f93,5FD,REF_PLAQUE,,,UNAVAILABLE,True,missing_value,not_a_text_check,"[""NN-107""]",,[],,[],False,False
IMB,147,cb8314c1a16963d70da39cf891fef52a9c9ac71c2c6b80f20b160ee077c84f93,5FD,REGION,,,UNAVAILABLE,True,missing_value,not_a_text_check,"[""NN-107""]",,[],,[],False,False
IMB,147,cb8314c1a16963d70da39cf891fef52a9c9ac71c2c6b80f20b160ee077c84f93,5FD,PROVINCE,,,UNAVAILABLE,True,missing_value,not_a_text_check,"[""NN-107""]",,[],,[],False,False
IMB,147,cb8314c1a16963d70da39cf891fef52a9c9ac71c2c6b80f20b160ee077c84f93,5FD,VILLE,,,UNAVAILABLE,True,missing_value,not_a_text_check,"[""NN-107""]",,[],,[],False,False
IMB,147,cb8314c1a16963d70da39cf891fef52a9c9ac71c2c6b80f20b160ee077c84f93,5FD,COMMUNE,,,UNAVAILABLE,True,missing_value,not_a_text_check,"[""NN-107""]",,[],,[],False,False
IMB,147,cb8314c1a16963d70da39cf891fef52a9c9ac71c2c6b80f20b160ee077c84f93,5FD,CODE_POSTAL,,,UNAVAILABLE,True,missing_value,not_a_text_check,"[""NN-107""]",,[],,[],False,False
IMB,147,cb8314c1a16963d70da39cf891fef52a9c9ac71c2c6b80f20b160ee077c84f93,5FD,NUMERO_VOIE,,,UNAVAILABLE,True,missing_value,not_a_text_check,"[""NN-107""]",,[],,[],False,False
IMB,147,cb8314c1a16963d70da39cf891fef52a9c9ac71c2c6b80f20b160ee077c84f93,5FD,TYPE_VOIE,,,UNAVAILABLE,True,missing_value,not_a_text_check,"[""NN-107""]",,[],,[],False,False
IMB,147,cb8314c1a16963d70da39cf891fef52a9c9ac71c2c6b80f20b160ee077c84f93,5FD,TYPE_BATIMENT,,,UNAVAILABLE,True,missing_value,not_a_text_check,"[""NN-107""]",,[],,[],False,False
IMB,147,cb8314c1a16963d70da39cf891fef52a9c9ac71c2c6b80f20b160ee077c84f93,5FD,TYPE_CLIENT,,,UNAVAILABLE,True,missing_value,not_a_text_check,"[""NN-107""]",,[],,[],False,False
IMB,147,cb8314c1a16963d70da39cf891fef52a9c9ac71c2c6b80f20b160ee077c84f93,5FD,NB_LOC_RES,,,UNAVAILABLE,True,missing_value,not_a_text_check,"[""NN-107""]",,[],,[],False,False
IMB,147,cb8314c1a16963d70da39cf891fef52a9c9ac71c2c6b80f20b160ee077c84f93,5FD,NB_LOC_PRO,,,UNAVAILABLE,True,missing_value,not_a_text_check,"[""NN-107""]",,[],,[],False,False
IMB,147,cb8314c1a16963d70da39cf891fef52a9c9ac71c2c6b80f20b160ee077c84f93,5FD,NB_LOC_TOT,,,UNAVAILABLE,True,missing_value,not_a_text_check,"[""NN-107""]",,[],,[],False,False
IMB,147,cb8314c1a16963d70da39cf891fef52a9c9ac71c2c6b80f20b160ee077c84f93,5FD,RACCORDEMENT,,,UNAVAILABLE,True,missing_value,not_a_text_check,"[""NN-107""]",,[],,[],False,False
IMB,147,cb8314c1a16963d70da39cf891fef52a9c9ac71c2c6b80f20b160ee077c84f93,5FD,STATUT,,,UNAVAILABLE,True,missing_value,not_a_text_check,"[""NN-107""]",,[],,[],False,False
IMB,147,cb8314c1a16963d70da39cf891fef52a9c9ac71c2c6b80f20b160ee077c84f93,5FD,NB_ETAGE,,,UNAVAILABLE,True,missing_value,not_a_text_check,"[""NN-107""]",,[],,[],False,False
IMB,147,cb8314c1a16963d70da39cf891fef52a9c9ac71c2c6b80f20b160ee077c84f93,5FD,COL_MONTANTE,,,UNAVAILABLE,True,missing_value,not_a_text_check,"[""NN-107""]",,[],,[],False,False
IMB,147,cb8314c1a16963d70da39cf891fef52a9c9ac71c2c6b80f20b160ee077c84f93,5FD,SOUS_SOL,,,UNAVAILABLE,True,missing_value,not_a_text_check,"[""NN-107""]",,[],,[],False,False
IMB,147,cb8314c1a16963d70da39cf891fef52a9c9ac71c2c6b80f20b160ee077c84f93,5FD,SOUS_SOL_COMMUN,,,UNAVAILABLE,True,missing_value,not_a_text_check,"[""NN-107""]",,[],,[],False,False
IMB,147,cb8314c1a16963d70da39cf891fef52a9c9ac71c2c6b80f20b160ee077c84f93,5FD,BPE_CODE,,,UNAVAILABLE,True,missing_value,not_a_text_check,"[""NN-107""]",,[],,[],False,False
IMB,147,cb8314c1a16963d70da39cf891fef52a9c9ac71c2c6b80f20b160ee077c84f93,5FD,X,12543689.694799012,12543689.694799012,DWG_DERIVED:GEODATA+direct-CRS-transform,False,exact,not_a_text_check,"[""NN-107""]",,[],,[],False,False
IMB,147,cb8314c1a16963d70da39cf891fef52a9c9ac71c2c6b80f20b160ee077c84f93,5FD,Y,-821499.9797152758,-821499.9797152758,DWG_DERIVED:GEODATA+direct-CRS-transform,False,exact,not_a_text_check,"[""NN-107""]",,[],,[],False,False
IMB,147,cb8314c1a16963d70da39cf891fef52a9c9ac71c2c6b80f20b160ee077c84f93,5FD,display_label,NN-107,NN-107,DWG_DIRECT:text|RULE:AI-IMB-LABEL-001,False,exact,exact,"[""NN-107""]",,[],,[],False,False
IMB,148,7540f9ba9dabb40612e56f930b23737fd1b3b56d39b051cfe30a93384f6724d5,586,CODE,GUDANG-31,GUDANG-31,DWG_DIRECT:text|RULE:AI-IMB-CODE-001,False,exact,exact,"[""GUDANG-31""]",,[],,[],False,False
IMB,148,7540f9ba9dabb40612e56f930b23737fd1b3b56d39b051cfe30a93384f6724d5,586,REF_PLAQUE,,,UNAVAILABLE,True,missing_value,not_a_text_check,"[""GUDANG-31""]",,[],,[],False,False
IMB,148,7540f9ba9dabb40612e56f930b23737fd1b3b56d39b051cfe30a93384f6724d5,586,REGION,,,UNAVAILABLE,True,missing_value,not_a_text_check,"[""GUDANG-31""]",,[],,[],False,False
IMB,148,7540f9ba9dabb40612e56f930b23737fd1b3b56d39b051cfe30a93384f6724d5,586,PROVINCE,,,UNAVAILABLE,True,missing_value,not_a_text_check,"[""GUDANG-31""]",,[],,[],False,False
IMB,148,7540f9ba9dabb40612e56f930b23737fd1b3b56d39b051cfe30a93384f6724d5,586,VILLE,,,UNAVAILABLE,True,missing_value,not_a_text_check,"[""GUDANG-31""]",,[],,[],False,False
IMB,148,7540f9ba9dabb40612e56f930b23737fd1b3b56d39b051cfe30a93384f6724d5,586,COMMUNE,,,UNAVAILABLE,True,missing_value,not_a_text_check,"[""GUDANG-31""]",,[],,[],False,False
IMB,148,7540f9ba9dabb40612e56f930b23737fd1b3b56d39b051cfe30a93384f6724d5,586,CODE_POSTAL,,,UNAVAILABLE,True,missing_value,not_a_text_check,"[""GUDANG-31""]",,[],,[],False,False
IMB,148,7540f9ba9dabb40612e56f930b23737fd1b3b56d39b051cfe30a93384f6724d5,586,NUMERO_VOIE,,,UNAVAILABLE,True,missing_value,not_a_text_check,"[""GUDANG-31""]",,[],,[],False,False
IMB,148,7540f9ba9dabb40612e56f930b23737fd1b3b56d39b051cfe30a93384f6724d5,586,TYPE_VOIE,,,UNAVAILABLE,True,missing_value,not_a_text_check,"[""GUDANG-31""]",,[],,[],False,False
IMB,148,7540f9ba9dabb40612e56f930b23737fd1b3b56d39b051cfe30a93384f6724d5,586,TYPE_BATIMENT,,,UNAVAILABLE,True,missing_value,not_a_text_check,"[""GUDANG-31""]",,[],,[],False,False
IMB,148,7540f9ba9dabb40612e56f930b23737fd1b3b56d39b051cfe30a93384f6724d5,586,TYPE_CLIENT,,,UNAVAILABLE,True,missing_value,not_a_text_check,"[""GUDANG-31""]",,[],,[],False,False
IMB,148,7540f9ba9dabb40612e56f930b23737fd1b3b56d39b051cfe30a93384f6724d5,586,NB_LOC_RES,,,UNAVAILABLE,True,missing_value,not_a_text_check,"[""GUDANG-31""]",,[],,[],False,False
IMB,148,7540f9ba9dabb40612e56f930b23737fd1b3b56d39b051cfe30a93384f6724d5,586,NB_LOC_PRO,,,UNAVAILABLE,True,missing_value,not_a_text_check,"[""GUDANG-31""]",,[],,[],False,False
IMB,148,7540f9ba9dabb40612e56f930b23737fd1b3b56d39b051cfe30a93384f6724d5,586,NB_LOC_TOT,,,UNAVAILABLE,True,missing_value,not_a_text_check,"[""GUDANG-31""]",,[],,[],False,False
IMB,148,7540f9ba9dabb40612e56f930b23737fd1b3b56d39b051cfe30a93384f6724d5,586,RACCORDEMENT,,,UNAVAILABLE,True,missing_value,not_a_text_check,"[""GUDANG-31""]",,[],,[],False,False
IMB,148,7540f9ba9dabb40612e56f930b23737fd1b3b56d39b051cfe30a93384f6724d5,586,STATUT,,,UNAVAILABLE,True,missing_value,not_a_text_check,"[""GUDANG-31""]",,[],,[],False,False
IMB,148,7540f9ba9dabb40612e56f930b23737fd1b3b56d39b051cfe30a93384f6724d5,586,NB_ETAGE,,,UNAVAILABLE,True,missing_value,not_a_text_check,"[""GUDANG-31""]",,[],,[],False,False
IMB,148,7540f9ba9dabb40612e56f930b23737fd1b3b56d39b051cfe30a93384f6724d5,586,COL_MONTANTE,,,UNAVAILABLE,True,missing_value,not_a_text_check,"[""GUDANG-31""]",,[],,[],False,False
IMB,148,7540f9ba9dabb40612e56f930b23737fd1b3b56d39b051cfe30a93384f6724d5,586,SOUS_SOL,,,UNAVAILABLE,True,missing_value,not_a_text_check,"[""GUDANG-31""]",,[],,[],False,False
IMB,148,7540f9ba9dabb40612e56f930b23737fd1b3b56d39b051cfe30a93384f6724d5,586,SOUS_SOL_COMMUN,,,UNAVAILABLE,True,missing_value,not_a_text_check,"[""GUDANG-31""]",,[],,[],False,False
IMB,148,7540f9ba9dabb40612e56f930b23737fd1b3b56d39b051cfe30a93384f6724d5,586,BPE_CODE,,,UNAVAILABLE,True,missing_value,not_a_text_check,"[""GUDANG-31""]",,[],,[],False,False
IMB,148,7540f9ba9dabb40612e56f930b23737fd1b3b56d39b051cfe30a93384f6724d5,586,X,12543649.788323252,12543649.788323252,DWG_DERIVED:GEODATA+direct-CRS-transform,False,exact,not_a_text_check,"[""GUDANG-31""]",,[],,[],False,False
IMB,148,7540f9ba9dabb40612e56f930b23737fd1b3b56d39b051cfe30a93384f6724d5,586,Y,-821638.6821399516,-821638.6821399516,DWG_DERIVED:GEODATA+direct-CRS-transform,False,exact,not_a_text_check,"[""GUDANG-31""]",,[],,[],False,False
IMB,148,7540f9ba9dabb40612e56f930b23737fd1b3b56d39b051cfe30a93384f6724d5,586,display_label,GUDANG-31,GUDANG-31,DWG_DIRECT:text|RULE:AI-IMB-LABEL-001,False,exact,exact,"[""GUDANG-31""]",,[],,[],False,False
IMB,149,475daa261dac388e82755cab108c677edbc55667aaf9d51cf1ff209f7fc46a4c,59B,CODE,NN-12,NN-12,DWG_DIRECT:text|RULE:AI-IMB-CODE-001,False,exact,exact,"[""NN-12""]",,[],,[],False,False
IMB,149,475daa261dac388e82755cab108c677edbc55667aaf9d51cf1ff209f7fc46a4c,59B,REF_PLAQUE,,,UNAVAILABLE,True,missing_value,not_a_text_check,"[""NN-12""]",,[],,[],False,False
IMB,149,475daa261dac388e82755cab108c677edbc55667aaf9d51cf1ff209f7fc46a4c,59B,REGION,,,UNAVAILABLE,True,missing_value,not_a_text_check,"[""NN-12""]",,[],,[],False,False
IMB,149,475daa261dac388e82755cab108c677edbc55667aaf9d51cf1ff209f7fc46a4c,59B,PROVINCE,,,UNAVAILABLE,True,missing_value,not_a_text_check,"[""NN-12""]",,[],,[],False,False
IMB,149,475daa261dac388e82755cab108c677edbc55667aaf9d51cf1ff209f7fc46a4c,59B,VILLE,,,UNAVAILABLE,True,missing_value,not_a_text_check,"[""NN-12""]",,[],,[],False,False
IMB,149,475daa261dac388e82755cab108c677edbc55667aaf9d51cf1ff209f7fc46a4c,59B,COMMUNE,,,UNAVAILABLE,True,missing_value,not_a_text_check,"[""NN-12""]",,[],,[],False,False
IMB,149,475daa261dac388e82755cab108c677edbc55667aaf9d51cf1ff209f7fc46a4c,59B,CODE_POSTAL,,,UNAVAILABLE,True,missing_value,not_a_text_check,"[""NN-12""]",,[],,[],False,False
IMB,149,475daa261dac388e82755cab108c677edbc55667aaf9d51cf1ff209f7fc46a4c,59B,NUMERO_VOIE,,,UNAVAILABLE,True,missing_value,not_a_text_check,"[""NN-12""]",,[],,[],False,False
IMB,149,475daa261dac388e82755cab108c677edbc55667aaf9d51cf1ff209f7fc46a4c,59B,TYPE_VOIE,,,UNAVAILABLE,True,missing_value,not_a_text_check,"[""NN-12""]",,[],,[],False,False
IMB,149,475daa261dac388e82755cab108c677edbc55667aaf9d51cf1ff209f7fc46a4c,59B,TYPE_BATIMENT,,,UNAVAILABLE,True,missing_value,not_a_text_check,"[""NN-12""]",,[],,[],False,False
IMB,149,475daa261dac388e82755cab108c677edbc55667aaf9d51cf1ff209f7fc46a4c,59B,TYPE_CLIENT,,,UNAVAILABLE,True,missing_value,not_a_text_check,"[""NN-12""]",,[],,[],False,False
IMB,149,475daa261dac388e82755cab108c677edbc55667aaf9d51cf1ff209f7fc46a4c,59B,NB_LOC_RES,,,UNAVAILABLE,True,missing_value,not_a_text_check,"[""NN-12""]",,[],,[],False,False
IMB,149,475daa261dac388e82755cab108c677edbc55667aaf9d51cf1ff209f7fc46a4c,59B,NB_LOC_PRO,,,UNAVAILABLE,True,missing_value,not_a_text_check,"[""NN-12""]",,[],,[],False,False
IMB,149,475daa261dac388e82755cab108c677edbc55667aaf9d51cf1ff209f7fc46a4c,59B,NB_LOC_TOT,,,UNAVAILABLE,True,missing_value,not_a_text_check,"[""NN-12""]",,[],,[],False,False
IMB,149,475daa261dac388e82755cab108c677edbc55667aaf9d51cf1ff209f7fc46a4c,59B,RACCORDEMENT,,,UNAVAILABLE,True,missing_value,not_a_text_check,"[""NN-12""]",,[],,[],False,False
IMB,149,475daa261dac388e82755cab108c677edbc55667aaf9d51cf1ff209f7fc46a4c,59B,STATUT,,,UNAVAILABLE,True,missing_value,not_a_text_check,"[""NN-12""]",,[],,[],False,False
IMB,149,475daa261dac388e82755cab108c677edbc55667aaf9d51cf1ff209f7fc46a4c,59B,NB_ETAGE,,,UNAVAILABLE,True,missing_value,not_a_text_check,"[""NN-12""]",,[],,[],False,False
IMB,149,475daa261dac388e82755cab108c677edbc55667aaf9d51cf1ff209f7fc46a4c,59B,COL_MONTANTE,,,UNAVAILABLE,True,missing_value,not_a_text_check,"[""NN-12""]",,[],,[],False,False
IMB,149,475daa261dac388e82755cab108c677edbc55667aaf9d51cf1ff209f7fc46a4c,59B,SOUS_SOL,,,UNAVAILABLE,True,missing_value,not_a_text_check,"[""NN-12""]",,[],,[],False,False
IMB,149,475daa261dac388e82755cab108c677edbc55667aaf9d51cf1ff209f7fc46a4c,59B,SOUS_SOL_COMMUN,,,UNAVAILABLE,True,missing_value,not_a_text_check,"[""NN-12""]",,[],,[],False,False
IMB,149,475daa261dac388e82755cab108c677edbc55667aaf9d51cf1ff209f7fc46a4c,59B,BPE_CODE,,,UNAVAILABLE,True,missing_value,not_a_text_check,"[""NN-12""]",,[],,[],False,False
IMB,149,475daa261dac388e82755cab108c677edbc55667aaf9d51cf1ff209f7fc46a4c,59B,X,12543605.7028815,12543605.7028815,DWG_DERIVED:GEODATA+direct-CRS-transform,False,exact,not_a_text_check,"[""NN-12""]",,[],,[],False,False
IMB,149,475daa261dac388e82755cab108c677edbc55667aaf9d51cf1ff209f7fc46a4c,59B,Y,-821523.1461157317,-821523.1461157317,DWG_DERIVED:GEODATA+direct-CRS-transform,False,exact,not_a_text_check,"[""NN-12""]",,[],,[],False,False
IMB,149,475daa261dac388e82755cab108c677edbc55667aaf9d51cf1ff209f7fc46a4c,59B,display_label,NN-12,NN-12,DWG_DIRECT:text|RULE:AI-IMB-LABEL-001,False,exact,exact,"[""NN-12""]",,[],,[],False,False
IMB,150,9d159a638a97e3a95b2b8ef18a149b96d9e011d34b91bec5c6486c8ff6b8970a,5F1,CODE,NN-95,NN-95,DWG_DIRECT:text|RULE:AI-IMB-CODE-001,False,exact,exact,"[""NN-95""]",,[],,[],False,False
IMB,150,9d159a638a97e3a95b2b8ef18a149b96d9e011d34b91bec5c6486c8ff6b8970a,5F1,REF_PLAQUE,,,UNAVAILABLE,True,missing_value,not_a_text_check,"[""NN-95""]",,[],,[],False,False
IMB,150,9d159a638a97e3a95b2b8ef18a149b96d9e011d34b91bec5c6486c8ff6b8970a,5F1,REGION,,,UNAVAILABLE,True,missing_value,not_a_text_check,"[""NN-95""]",,[],,[],False,False
IMB,150,9d159a638a97e3a95b2b8ef18a149b96d9e011d34b91bec5c6486c8ff6b8970a,5F1,PROVINCE,,,UNAVAILABLE,True,missing_value,not_a_text_check,"[""NN-95""]",,[],,[],False,False
IMB,150,9d159a638a97e3a95b2b8ef18a149b96d9e011d34b91bec5c6486c8ff6b8970a,5F1,VILLE,,,UNAVAILABLE,True,missing_value,not_a_text_check,"[""NN-95""]",,[],,[],False,False
IMB,150,9d159a638a97e3a95b2b8ef18a149b96d9e011d34b91bec5c6486c8ff6b8970a,5F1,COMMUNE,,,UNAVAILABLE,True,missing_value,not_a_text_check,"[""NN-95""]",,[],,[],False,False
IMB,150,9d159a638a97e3a95b2b8ef18a149b96d9e011d34b91bec5c6486c8ff6b8970a,5F1,CODE_POSTAL,,,UNAVAILABLE,True,missing_value,not_a_text_check,"[""NN-95""]",,[],,[],False,False
IMB,150,9d159a638a97e3a95b2b8ef18a149b96d9e011d34b91bec5c6486c8ff6b8970a,5F1,NUMERO_VOIE,,,UNAVAILABLE,True,missing_value,not_a_text_check,"[""NN-95""]",,[],,[],False,False
IMB,150,9d159a638a97e3a95b2b8ef18a149b96d9e011d34b91bec5c6486c8ff6b8970a,5F1,TYPE_VOIE,,,UNAVAILABLE,True,missing_value,not_a_text_check,"[""NN-95""]",,[],,[],False,False
IMB,150,9d159a638a97e3a95b2b8ef18a149b96d9e011d34b91bec5c6486c8ff6b8970a,5F1,TYPE_BATIMENT,,,UNAVAILABLE,True,missing_value,not_a_text_check,"[""NN-95""]",,[],,[],False,False
IMB,150,9d159a638a97e3a95b2b8ef18a149b96d9e011d34b91bec5c6486c8ff6b8970a,5F1,TYPE_CLIENT,,,UNAVAILABLE,True,missing_value,not_a_text_check,"[""NN-95""]",,[],,[],False,False
IMB,150,9d159a638a97e3a95b2b8ef18a149b96d9e011d34b91bec5c6486c8ff6b8970a,5F1,NB_LOC_RES,,,UNAVAILABLE,True,missing_value,not_a_text_check,"[""NN-95""]",,[],,[],False,False
IMB,150,9d159a638a97e3a95b2b8ef18a149b96d9e011d34b91bec5c6486c8ff6b8970a,5F1,NB_LOC_PRO,,,UNAVAILABLE,True,missing_value,not_a_text_check,"[""NN-95""]",,[],,[],False,False
IMB,150,9d159a638a97e3a95b2b8ef18a149b96d9e011d34b91bec5c6486c8ff6b8970a,5F1,NB_LOC_TOT,,,UNAVAILABLE,True,missing_value,not_a_text_check,"[""NN-95""]",,[],,[],False,False
IMB,150,9d159a638a97e3a95b2b8ef18a149b96d9e011d34b91bec5c6486c8ff6b8970a,5F1,RACCORDEMENT,,,UNAVAILABLE,True,missing_value,not_a_text_check,"[""NN-95""]",,[],,[],False,False
IMB,150,9d159a638a97e3a95b2b8ef18a149b96d9e011d34b91bec5c6486c8ff6b8970a,5F1,STATUT,,,UNAVAILABLE,True,missing_value,not_a_text_check,"[""NN-95""]",,[],,[],False,False
IMB,150,9d159a638a97e3a95b2b8ef18a149b96d9e011d34b91bec5c6486c8ff6b8970a,5F1,NB_ETAGE,,,UNAVAILABLE,True,missing_value,not_a_text_check,"[""NN-95""]",,[],,[],False,False
IMB,150,9d159a638a97e3a95b2b8ef18a149b96d9e011d34b91bec5c6486c8ff6b8970a,5F1,COL_MONTANTE,,,UNAVAILABLE,True,missing_value,not_a_text_check,"[""NN-95""]",,[],,[],False,False
IMB,150,9d159a638a97e3a95b2b8ef18a149b96d9e011d34b91bec5c6486c8ff6b8970a,5F1,SOUS_SOL,,,UNAVAILABLE,True,missing_value,not_a_text_check,"[""NN-95""]",,[],,[],False,False
IMB,150,9d159a638a97e3a95b2b8ef18a149b96d9e011d34b91bec5c6486c8ff6b8970a,5F1,SOUS_SOL_COMMUN,,,UNAVAILABLE,True,missing_value,not_a_text_check,"[""NN-95""]",,[],,[],False,False
IMB,150,9d159a638a97e3a95b2b8ef18a149b96d9e011d34b91bec5c6486c8ff6b8970a,5F1,BPE_CODE,,,UNAVAILABLE,True,missing_value,not_a_text_check,"[""NN-95""]",,[],,[],False,False
IMB,150,9d159a638a97e3a95b2b8ef18a149b96d9e011d34b91bec5c6486c8ff6b8970a,5F1,X,12543670.826237334,12543670.826237334,DWG_DERIVED:GEODATA+direct-CRS-transform,False,exact,not_a_text_check,"[""NN-95""]",,[],,[],False,False
IMB,150,9d159a638a97e3a95b2b8ef18a149b96d9e011d34b91bec5c6486c8ff6b8970a,5F1,Y,-821530.2876699896,-821530.2876699896,DWG_DERIVED:GEODATA+direct-CRS-transform,False,exact,not_a_text_check,"[""NN-95""]",,[],,[],False,False
IMB,150,9d159a638a97e3a95b2b8ef18a149b96d9e011d34b91bec5c6486c8ff6b8970a,5F1,display_label,NN-95,NN-95,DWG_DIRECT:text|RULE:AI-IMB-LABEL-001,False,exact,exact,"[""NN-95""]",,[],,[],False,False
IMB,151,c5f343e2774318d5ed75035642f0940859537b43dbbb48078fb38f38d0aa5f0f,584,CODE,GUDANG-29,GUDANG-29,DWG_DIRECT:text|RULE:AI-IMB-CODE-001,False,exact,exact,"[""GUDANG-29""]",,[],,[],False,False
IMB,151,c5f343e2774318d5ed75035642f0940859537b43dbbb48078fb38f38d0aa5f0f,584,REF_PLAQUE,,,UNAVAILABLE,True,missing_value,not_a_text_check,"[""GUDANG-29""]",,[],,[],False,False
IMB,151,c5f343e2774318d5ed75035642f0940859537b43dbbb48078fb38f38d0aa5f0f,584,REGION,,,UNAVAILABLE,True,missing_value,not_a_text_check,"[""GUDANG-29""]",,[],,[],False,False
IMB,151,c5f343e2774318d5ed75035642f0940859537b43dbbb48078fb38f38d0aa5f0f,584,PROVINCE,,,UNAVAILABLE,True,missing_value,not_a_text_check,"[""GUDANG-29""]",,[],,[],False,False
IMB,151,c5f343e2774318d5ed75035642f0940859537b43dbbb48078fb38f38d0aa5f0f,584,VILLE,,,UNAVAILABLE,True,missing_value,not_a_text_check,"[""GUDANG-29""]",,[],,[],False,False
IMB,151,c5f343e2774318d5ed75035642f0940859537b43dbbb48078fb38f38d0aa5f0f,584,COMMUNE,,,UNAVAILABLE,True,missing_value,not_a_text_check,"[""GUDANG-29""]",,[],,[],False,False
IMB,151,c5f343e2774318d5ed75035642f0940859537b43dbbb48078fb38f38d0aa5f0f,584,CODE_POSTAL,,,UNAVAILABLE,True,missing_value,not_a_text_check,"[""GUDANG-29""]",,[],,[],False,False
IMB,151,c5f343e2774318d5ed75035642f0940859537b43dbbb48078fb38f38d0aa5f0f,584,NUMERO_VOIE,,,UNAVAILABLE,True,missing_value,not_a_text_check,"[""GUDANG-29""]",,[],,[],False,False
IMB,151,c5f343e2774318d5ed75035642f0940859537b43dbbb48078fb38f38d0aa5f0f,584,TYPE_VOIE,,,UNAVAILABLE,True,missing_value,not_a_text_check,"[""GUDANG-29""]",,[],,[],False,False
IMB,151,c5f343e2774318d5ed75035642f0940859537b43dbbb48078fb38f38d0aa5f0f,584,TYPE_BATIMENT,,,UNAVAILABLE,True,missing_value,not_a_text_check,"[""GUDANG-29""]",,[],,[],False,False
IMB,151,c5f343e2774318d5ed75035642f0940859537b43dbbb48078fb38f38d0aa5f0f,584,TYPE_CLIENT,,,UNAVAILABLE,True,missing_value,not_a_text_check,"[""GUDANG-29""]",,[],,[],False,False
IMB,151,c5f343e2774318d5ed75035642f0940859537b43dbbb48078fb38f38d0aa5f0f,584,NB_LOC_RES,,,UNAVAILABLE,True,missing_value,not_a_text_check,"[""GUDANG-29""]",,[],,[],False,False
IMB,151,c5f343e2774318d5ed75035642f0940859537b43dbbb48078fb38f38d0aa5f0f,584,NB_LOC_PRO,,,UNAVAILABLE,True,missing_value,not_a_text_check,"[""GUDANG-29""]",,[],,[],False,False
IMB,151,c5f343e2774318d5ed75035642f0940859537b43dbbb48078fb38f38d0aa5f0f,584,NB_LOC_TOT,,,UNAVAILABLE,True,missing_value,not_a_text_check,"[""GUDANG-29""]",,[],,[],False,False
IMB,151,c5f343e2774318d5ed75035642f0940859537b43dbbb48078fb38f38d0aa5f0f,584,RACCORDEMENT,,,UNAVAILABLE,True,missing_value,not_a_text_check,"[""GUDANG-29""]",,[],,[],False,False
IMB,151,c5f343e2774318d5ed75035642f0940859537b43dbbb48078fb38f38d0aa5f0f,584,STATUT,,,UNAVAILABLE,True,missing_value,not_a_text_check,"[""GUDANG-29""]",,[],,[],False,False
IMB,151,c5f343e2774318d5ed75035642f0940859537b43dbbb48078fb38f38d0aa5f0f,584,NB_ETAGE,,,UNAVAILABLE,True,missing_value,not_a_text_check,"[""GUDANG-29""]",,[],,[],False,False
IMB,151,c5f343e2774318d5ed75035642f0940859537b43dbbb48078fb38f38d0aa5f0f,584,COL_MONTANTE,,,UNAVAILABLE,True,missing_value,not_a_text_check,"[""GUDANG-29""]",,[],,[],False,False
IMB,151,c5f343e2774318d5ed75035642f0940859537b43dbbb48078fb38f38d0aa5f0f,584,SOUS_SOL,,,UNAVAILABLE,True,missing_value,not_a_text_check,"[""GUDANG-29""]",,[],,[],False,False
IMB,151,c5f343e2774318d5ed75035642f0940859537b43dbbb48078fb38f38d0aa5f0f,584,SOUS_SOL_COMMUN,,,UNAVAILABLE,True,missing_value,not_a_text_check,"[""GUDANG-29""]",,[],,[],False,False
IMB,151,c5f343e2774318d5ed75035642f0940859537b43dbbb48078fb38f38d0aa5f0f,584,BPE_CODE,,,UNAVAILABLE,True,missing_value,not_a_text_check,"[""GUDANG-29""]",,[],,[],False,False
IMB,151,c5f343e2774318d5ed75035642f0940859537b43dbbb48078fb38f38d0aa5f0f,584,X,12543666.24614033,12543666.24614033,DWG_DERIVED:GEODATA+direct-CRS-transform,False,exact,not_a_text_check,"[""GUDANG-29""]",,[],,[],False,False
IMB,151,c5f343e2774318d5ed75035642f0940859537b43dbbb48078fb38f38d0aa5f0f,584,Y,-821711.639991366,-821711.639991366,DWG_DERIVED:GEODATA+direct-CRS-transform,False,exact,not_a_text_check,"[""GUDANG-29""]",,[],,[],False,False
IMB,151,c5f343e2774318d5ed75035642f0940859537b43dbbb48078fb38f38d0aa5f0f,584,display_label,GUDANG-29,GUDANG-29,DWG_DIRECT:text|RULE:AI-IMB-LABEL-001,False,exact,exact,"[""GUDANG-29""]",,[],,[],False,False
IMB,152,b9333f58d653e045849a52adcc8d4ae41a7918a452710bc8e91820bb058fc65c,603,CODE,NN-113,NN-113,DWG_DIRECT:text|RULE:AI-IMB-CODE-001,False,exact,exact,"[""NN-113""]",,[],,[],False,False
IMB,152,b9333f58d653e045849a52adcc8d4ae41a7918a452710bc8e91820bb058fc65c,603,REF_PLAQUE,,,UNAVAILABLE,True,missing_value,not_a_text_check,"[""NN-113""]",,[],,[],False,False
IMB,152,b9333f58d653e045849a52adcc8d4ae41a7918a452710bc8e91820bb058fc65c,603,REGION,,,UNAVAILABLE,True,missing_value,not_a_text_check,"[""NN-113""]",,[],,[],False,False
IMB,152,b9333f58d653e045849a52adcc8d4ae41a7918a452710bc8e91820bb058fc65c,603,PROVINCE,,,UNAVAILABLE,True,missing_value,not_a_text_check,"[""NN-113""]",,[],,[],False,False
IMB,152,b9333f58d653e045849a52adcc8d4ae41a7918a452710bc8e91820bb058fc65c,603,VILLE,,,UNAVAILABLE,True,missing_value,not_a_text_check,"[""NN-113""]",,[],,[],False,False
IMB,152,b9333f58d653e045849a52adcc8d4ae41a7918a452710bc8e91820bb058fc65c,603,COMMUNE,,,UNAVAILABLE,True,missing_value,not_a_text_check,"[""NN-113""]",,[],,[],False,False
IMB,152,b9333f58d653e045849a52adcc8d4ae41a7918a452710bc8e91820bb058fc65c,603,CODE_POSTAL,,,UNAVAILABLE,True,missing_value,not_a_text_check,"[""NN-113""]",,[],,[],False,False
IMB,152,b9333f58d653e045849a52adcc8d4ae41a7918a452710bc8e91820bb058fc65c,603,NUMERO_VOIE,,,UNAVAILABLE,True,missing_value,not_a_text_check,"[""NN-113""]",,[],,[],False,False
IMB,152,b9333f58d653e045849a52adcc8d4ae41a7918a452710bc8e91820bb058fc65c,603,TYPE_VOIE,,,UNAVAILABLE,True,missing_value,not_a_text_check,"[""NN-113""]",,[],,[],False,False
IMB,152,b9333f58d653e045849a52adcc8d4ae41a7918a452710bc8e91820bb058fc65c,603,TYPE_BATIMENT,,,UNAVAILABLE,True,missing_value,not_a_text_check,"[""NN-113""]",,[],,[],False,False
IMB,152,b9333f58d653e045849a52adcc8d4ae41a7918a452710bc8e91820bb058fc65c,603,TYPE_CLIENT,,,UNAVAILABLE,True,missing_value,not_a_text_check,"[""NN-113""]",,[],,[],False,False
IMB,152,b9333f58d653e045849a52adcc8d4ae41a7918a452710bc8e91820bb058fc65c,603,NB_LOC_RES,,,UNAVAILABLE,True,missing_value,not_a_text_check,"[""NN-113""]",,[],,[],False,False
IMB,152,b9333f58d653e045849a52adcc8d4ae41a7918a452710bc8e91820bb058fc65c,603,NB_LOC_PRO,,,UNAVAILABLE,True,missing_value,not_a_text_check,"[""NN-113""]",,[],,[],False,False
IMB,152,b9333f58d653e045849a52adcc8d4ae41a7918a452710bc8e91820bb058fc65c,603,NB_LOC_TOT,,,UNAVAILABLE,True,missing_value,not_a_text_check,"[""NN-113""]",,[],,[],False,False
IMB,152,b9333f58d653e045849a52adcc8d4ae41a7918a452710bc8e91820bb058fc65c,603,RACCORDEMENT,,,UNAVAILABLE,True,missing_value,not_a_text_check,"[""NN-113""]",,[],,[],False,False
IMB,152,b9333f58d653e045849a52adcc8d4ae41a7918a452710bc8e91820bb058fc65c,603,STATUT,,,UNAVAILABLE,True,missing_value,not_a_text_check,"[""NN-113""]",,[],,[],False,False
IMB,152,b9333f58d653e045849a52adcc8d4ae41a7918a452710bc8e91820bb058fc65c,603,NB_ETAGE,,,UNAVAILABLE,True,missing_value,not_a_text_check,"[""NN-113""]",,[],,[],False,False
IMB,152,b9333f58d653e045849a52adcc8d4ae41a7918a452710bc8e91820bb058fc65c,603,COL_MONTANTE,,,UNAVAILABLE,True,missing_value,not_a_text_check,"[""NN-113""]",,[],,[],False,False
IMB,152,b9333f58d653e045849a52adcc8d4ae41a7918a452710bc8e91820bb058fc65c,603,SOUS_SOL,,,UNAVAILABLE,True,missing_value,not_a_text_check,"[""NN-113""]",,[],,[],False,False
IMB,152,b9333f58d653e045849a52adcc8d4ae41a7918a452710bc8e91820bb058fc65c,603,SOUS_SOL_COMMUN,,,UNAVAILABLE,True,missing_value,not_a_text_check,"[""NN-113""]",,[],,[],False,False
IMB,152,b9333f58d653e045849a52adcc8d4ae41a7918a452710bc8e91820bb058fc65c,603,BPE_CODE,,,UNAVAILABLE,True,missing_value,not_a_text_check,"[""NN-113""]",,[],,[],False,False
IMB,152,b9333f58d653e045849a52adcc8d4ae41a7918a452710bc8e91820bb058fc65c,603,X,12543741.574427752,12543741.574427752,DWG_DERIVED:GEODATA+direct-CRS-transform,False,exact,not_a_text_check,"[""NN-113""]",,[],,[],False,False
IMB,152,b9333f58d653e045849a52adcc8d4ae41a7918a452710bc8e91820bb058fc65c,603,Y,-821483.6514835327,-821483.6514835327,DWG_DERIVED:GEODATA+direct-CRS-transform,False,exact,not_a_text_check,"[""NN-113""]",,[],,[],False,False
IMB,152,b9333f58d653e045849a52adcc8d4ae41a7918a452710bc8e91820bb058fc65c,603,display_label,NN-113,NN-113,DWG_DIRECT:text|RULE:AI-IMB-LABEL-001,False,exact,exact,"[""NN-113""]",,[],,[],False,False
IMB,153,204d277e4e90b368336b4ca4e450755adf28e8e8b674d729c6466ad31e0efe9d,600,CODE,NN-110,NN-110,DWG_DIRECT:text|RULE:AI-IMB-CODE-001,False,exact,exact,"[""NN-110""]",,[],,[],False,False
IMB,153,204d277e4e90b368336b4ca4e450755adf28e8e8b674d729c6466ad31e0efe9d,600,REF_PLAQUE,,,UNAVAILABLE,True,missing_value,not_a_text_check,"[""NN-110""]",,[],,[],False,False
IMB,153,204d277e4e90b368336b4ca4e450755adf28e8e8b674d729c6466ad31e0efe9d,600,REGION,,,UNAVAILABLE,True,missing_value,not_a_text_check,"[""NN-110""]",,[],,[],False,False
IMB,153,204d277e4e90b368336b4ca4e450755adf28e8e8b674d729c6466ad31e0efe9d,600,PROVINCE,,,UNAVAILABLE,True,missing_value,not_a_text_check,"[""NN-110""]",,[],,[],False,False
IMB,153,204d277e4e90b368336b4ca4e450755adf28e8e8b674d729c6466ad31e0efe9d,600,VILLE,,,UNAVAILABLE,True,missing_value,not_a_text_check,"[""NN-110""]",,[],,[],False,False
IMB,153,204d277e4e90b368336b4ca4e450755adf28e8e8b674d729c6466ad31e0efe9d,600,COMMUNE,,,UNAVAILABLE,True,missing_value,not_a_text_check,"[""NN-110""]",,[],,[],False,False
IMB,153,204d277e4e90b368336b4ca4e450755adf28e8e8b674d729c6466ad31e0efe9d,600,CODE_POSTAL,,,UNAVAILABLE,True,missing_value,not_a_text_check,"[""NN-110""]",,[],,[],False,False
IMB,153,204d277e4e90b368336b4ca4e450755adf28e8e8b674d729c6466ad31e0efe9d,600,NUMERO_VOIE,,,UNAVAILABLE,True,missing_value,not_a_text_check,"[""NN-110""]",,[],,[],False,False
IMB,153,204d277e4e90b368336b4ca4e450755adf28e8e8b674d729c6466ad31e0efe9d,600,TYPE_VOIE,,,UNAVAILABLE,True,missing_value,not_a_text_check,"[""NN-110""]",,[],,[],False,False
IMB,153,204d277e4e90b368336b4ca4e450755adf28e8e8b674d729c6466ad31e0efe9d,600,TYPE_BATIMENT,,,UNAVAILABLE,True,missing_value,not_a_text_check,"[""NN-110""]",,[],,[],False,False
IMB,153,204d277e4e90b368336b4ca4e450755adf28e8e8b674d729c6466ad31e0efe9d,600,TYPE_CLIENT,,,UNAVAILABLE,True,missing_value,not_a_text_check,"[""NN-110""]",,[],,[],False,False
IMB,153,204d277e4e90b368336b4ca4e450755adf28e8e8b674d729c6466ad31e0efe9d,600,NB_LOC_RES,,,UNAVAILABLE,True,missing_value,not_a_text_check,"[""NN-110""]",,[],,[],False,False
IMB,153,204d277e4e90b368336b4ca4e450755adf28e8e8b674d729c6466ad31e0efe9d,600,NB_LOC_PRO,,,UNAVAILABLE,True,missing_value,not_a_text_check,"[""NN-110""]",,[],,[],False,False
IMB,153,204d277e4e90b368336b4ca4e450755adf28e8e8b674d729c6466ad31e0efe9d,600,NB_LOC_TOT,,,UNAVAILABLE,True,missing_value,not_a_text_check,"[""NN-110""]",,[],,[],False,False
IMB,153,204d277e4e90b368336b4ca4e450755adf28e8e8b674d729c6466ad31e0efe9d,600,RACCORDEMENT,,,UNAVAILABLE,True,missing_value,not_a_text_check,"[""NN-110""]",,[],,[],False,False
IMB,153,204d277e4e90b368336b4ca4e450755adf28e8e8b674d729c6466ad31e0efe9d,600,STATUT,,,UNAVAILABLE,True,missing_value,not_a_text_check,"[""NN-110""]",,[],,[],False,False
IMB,153,204d277e4e90b368336b4ca4e450755adf28e8e8b674d729c6466ad31e0efe9d,600,NB_ETAGE,,,UNAVAILABLE,True,missing_value,not_a_text_check,"[""NN-110""]",,[],,[],False,False
IMB,153,204d277e4e90b368336b4ca4e450755adf28e8e8b674d729c6466ad31e0efe9d,600,COL_MONTANTE,,,UNAVAILABLE,True,missing_value,not_a_text_check,"[""NN-110""]",,[],,[],False,False
IMB,153,204d277e4e90b368336b4ca4e450755adf28e8e8b674d729c6466ad31e0efe9d,600,SOUS_SOL,,,UNAVAILABLE,True,missing_value,not_a_text_check,"[""NN-110""]",,[],,[],False,False
IMB,153,204d277e4e90b368336b4ca4e450755adf28e8e8b674d729c6466ad31e0efe9d,600,SOUS_SOL_COMMUN,,,UNAVAILABLE,True,missing_value,not_a_text_check,"[""NN-110""]",,[],,[],False,False
IMB,153,204d277e4e90b368336b4ca4e450755adf28e8e8b674d729c6466ad31e0efe9d,600,BPE_CODE,,,UNAVAILABLE,True,missing_value,not_a_text_check,"[""NN-110""]",,[],,[],False,False
IMB,153,204d277e4e90b368336b4ca4e450755adf28e8e8b674d729c6466ad31e0efe9d,600,X,12543720.588016065,12543720.588016065,DWG_DERIVED:GEODATA+direct-CRS-transform,False,exact,not_a_text_check,"[""NN-110""]",,[],,[],False,False
IMB,153,204d277e4e90b368336b4ca4e450755adf28e8e8b674d729c6466ad31e0efe9d,600,Y,-821483.5155464369,-821483.5155464369,DWG_DERIVED:GEODATA+direct-CRS-transform,False,exact,not_a_text_check,"[""NN-110""]",,[],,[],False,False
IMB,153,204d277e4e90b368336b4ca4e450755adf28e8e8b674d729c6466ad31e0efe9d,600,display_label,NN-110,NN-110,DWG_DIRECT:text|RULE:AI-IMB-LABEL-001,False,exact,exact,"[""NN-110""]",,[],,[],False,False
IMB,154,b733e21ae5ff217c6adbccb8512f6b3682b6e56a64e064601a4a33bbf54f8b30,5B5,CODE,NN-38,NN-38,DWG_DIRECT:text|RULE:AI-IMB-CODE-001,False,exact,exact,"[""NN-38""]",,[],,[],False,False
IMB,154,b733e21ae5ff217c6adbccb8512f6b3682b6e56a64e064601a4a33bbf54f8b30,5B5,REF_PLAQUE,,,UNAVAILABLE,True,missing_value,not_a_text_check,"[""NN-38""]",,[],,[],False,False
IMB,154,b733e21ae5ff217c6adbccb8512f6b3682b6e56a64e064601a4a33bbf54f8b30,5B5,REGION,,,UNAVAILABLE,True,missing_value,not_a_text_check,"[""NN-38""]",,[],,[],False,False
IMB,154,b733e21ae5ff217c6adbccb8512f6b3682b6e56a64e064601a4a33bbf54f8b30,5B5,PROVINCE,,,UNAVAILABLE,True,missing_value,not_a_text_check,"[""NN-38""]",,[],,[],False,False
IMB,154,b733e21ae5ff217c6adbccb8512f6b3682b6e56a64e064601a4a33bbf54f8b30,5B5,VILLE,,,UNAVAILABLE,True,missing_value,not_a_text_check,"[""NN-38""]",,[],,[],False,False
IMB,154,b733e21ae5ff217c6adbccb8512f6b3682b6e56a64e064601a4a33bbf54f8b30,5B5,COMMUNE,,,UNAVAILABLE,True,missing_value,not_a_text_check,"[""NN-38""]",,[],,[],False,False
IMB,154,b733e21ae5ff217c6adbccb8512f6b3682b6e56a64e064601a4a33bbf54f8b30,5B5,CODE_POSTAL,,,UNAVAILABLE,True,missing_value,not_a_text_check,"[""NN-38""]",,[],,[],False,False
IMB,154,b733e21ae5ff217c6adbccb8512f6b3682b6e56a64e064601a4a33bbf54f8b30,5B5,NUMERO_VOIE,,,UNAVAILABLE,True,missing_value,not_a_text_check,"[""NN-38""]",,[],,[],False,False
IMB,154,b733e21ae5ff217c6adbccb8512f6b3682b6e56a64e064601a4a33bbf54f8b30,5B5,TYPE_VOIE,,,UNAVAILABLE,True,missing_value,not_a_text_check,"[""NN-38""]",,[],,[],False,False
IMB,154,b733e21ae5ff217c6adbccb8512f6b3682b6e56a64e064601a4a33bbf54f8b30,5B5,TYPE_BATIMENT,,,UNAVAILABLE,True,missing_value,not_a_text_check,"[""NN-38""]",,[],,[],False,False
IMB,154,b733e21ae5ff217c6adbccb8512f6b3682b6e56a64e064601a4a33bbf54f8b30,5B5,TYPE_CLIENT,,,UNAVAILABLE,True,missing_value,not_a_text_check,"[""NN-38""]",,[],,[],False,False
IMB,154,b733e21ae5ff217c6adbccb8512f6b3682b6e56a64e064601a4a33bbf54f8b30,5B5,NB_LOC_RES,,,UNAVAILABLE,True,missing_value,not_a_text_check,"[""NN-38""]",,[],,[],False,False
IMB,154,b733e21ae5ff217c6adbccb8512f6b3682b6e56a64e064601a4a33bbf54f8b30,5B5,NB_LOC_PRO,,,UNAVAILABLE,True,missing_value,not_a_text_check,"[""NN-38""]",,[],,[],False,False
IMB,154,b733e21ae5ff217c6adbccb8512f6b3682b6e56a64e064601a4a33bbf54f8b30,5B5,NB_LOC_TOT,,,UNAVAILABLE,True,missing_value,not_a_text_check,"[""NN-38""]",,[],,[],False,False
IMB,154,b733e21ae5ff217c6adbccb8512f6b3682b6e56a64e064601a4a33bbf54f8b30,5B5,RACCORDEMENT,,,UNAVAILABLE,True,missing_value,not_a_text_check,"[""NN-38""]",,[],,[],False,False
IMB,154,b733e21ae5ff217c6adbccb8512f6b3682b6e56a64e064601a4a33bbf54f8b30,5B5,STATUT,,,UNAVAILABLE,True,missing_value,not_a_text_check,"[""NN-38""]",,[],,[],False,False
IMB,154,b733e21ae5ff217c6adbccb8512f6b3682b6e56a64e064601a4a33bbf54f8b30,5B5,NB_ETAGE,,,UNAVAILABLE,True,missing_value,not_a_text_check,"[""NN-38""]",,[],,[],False,False
IMB,154,b733e21ae5ff217c6adbccb8512f6b3682b6e56a64e064601a4a33bbf54f8b30,5B5,COL_MONTANTE,,,UNAVAILABLE,True,missing_value,not_a_text_check,"[""NN-38""]",,[],,[],False,False
IMB,154,b733e21ae5ff217c6adbccb8512f6b3682b6e56a64e064601a4a33bbf54f8b30,5B5,SOUS_SOL,,,UNAVAILABLE,True,missing_value,not_a_text_check,"[""NN-38""]",,[],,[],False,False
IMB,154,b733e21ae5ff217c6adbccb8512f6b3682b6e56a64e064601a4a33bbf54f8b30,5B5,SOUS_SOL_COMMUN,,,UNAVAILABLE,True,missing_value,not_a_text_check,"[""NN-38""]",,[],,[],False,False
IMB,154,b733e21ae5ff217c6adbccb8512f6b3682b6e56a64e064601a4a33bbf54f8b30,5B5,BPE_CODE,,,UNAVAILABLE,True,missing_value,not_a_text_check,"[""NN-38""]",,[],,[],False,False
IMB,154,b733e21ae5ff217c6adbccb8512f6b3682b6e56a64e064601a4a33bbf54f8b30,5B5,X,12543808.173191395,12543808.173191395,DWG_DERIVED:GEODATA+direct-CRS-transform,False,exact,not_a_text_check,"[""NN-38""]",,[],,[],False,False
IMB,154,b733e21ae5ff217c6adbccb8512f6b3682b6e56a64e064601a4a33bbf54f8b30,5B5,Y,-821503.8642945578,-821503.8642945578,DWG_DERIVED:GEODATA+direct-CRS-transform,False,exact,not_a_text_check,"[""NN-38""]",,[],,[],False,False
IMB,154,b733e21ae5ff217c6adbccb8512f6b3682b6e56a64e064601a4a33bbf54f8b30,5B5,display_label,NN-38,NN-38,DWG_DIRECT:text|RULE:AI-IMB-LABEL-001,False,exact,exact,"[""NN-38""]",,[],,[],False,False
IMB,155,1df664db6e841b76653ef93be7b3c38dae6824dc73f21df9b71a0cb493558044,581,CODE,GUDANG-26,GUDANG-26,DWG_DIRECT:text|RULE:AI-IMB-CODE-001,False,exact,exact,"[""GUDANG-26""]",,[],,[],False,False
IMB,155,1df664db6e841b76653ef93be7b3c38dae6824dc73f21df9b71a0cb493558044,581,REF_PLAQUE,,,UNAVAILABLE,True,missing_value,not_a_text_check,"[""GUDANG-26""]",,[],,[],False,False
IMB,155,1df664db6e841b76653ef93be7b3c38dae6824dc73f21df9b71a0cb493558044,581,REGION,,,UNAVAILABLE,True,missing_value,not_a_text_check,"[""GUDANG-26""]",,[],,[],False,False
IMB,155,1df664db6e841b76653ef93be7b3c38dae6824dc73f21df9b71a0cb493558044,581,PROVINCE,,,UNAVAILABLE,True,missing_value,not_a_text_check,"[""GUDANG-26""]",,[],,[],False,False
IMB,155,1df664db6e841b76653ef93be7b3c38dae6824dc73f21df9b71a0cb493558044,581,VILLE,,,UNAVAILABLE,True,missing_value,not_a_text_check,"[""GUDANG-26""]",,[],,[],False,False
IMB,155,1df664db6e841b76653ef93be7b3c38dae6824dc73f21df9b71a0cb493558044,581,COMMUNE,,,UNAVAILABLE,True,missing_value,not_a_text_check,"[""GUDANG-26""]",,[],,[],False,False
IMB,155,1df664db6e841b76653ef93be7b3c38dae6824dc73f21df9b71a0cb493558044,581,CODE_POSTAL,,,UNAVAILABLE,True,missing_value,not_a_text_check,"[""GUDANG-26""]",,[],,[],False,False
IMB,155,1df664db6e841b76653ef93be7b3c38dae6824dc73f21df9b71a0cb493558044,581,NUMERO_VOIE,,,UNAVAILABLE,True,missing_value,not_a_text_check,"[""GUDANG-26""]",,[],,[],False,False
IMB,155,1df664db6e841b76653ef93be7b3c38dae6824dc73f21df9b71a0cb493558044,581,TYPE_VOIE,,,UNAVAILABLE,True,missing_value,not_a_text_check,"[""GUDANG-26""]",,[],,[],False,False
IMB,155,1df664db6e841b76653ef93be7b3c38dae6824dc73f21df9b71a0cb493558044,581,TYPE_BATIMENT,,,UNAVAILABLE,True,missing_value,not_a_text_check,"[""GUDANG-26""]",,[],,[],False,False
IMB,155,1df664db6e841b76653ef93be7b3c38dae6824dc73f21df9b71a0cb493558044,581,TYPE_CLIENT,,,UNAVAILABLE,True,missing_value,not_a_text_check,"[""GUDANG-26""]",,[],,[],False,False
IMB,155,1df664db6e841b76653ef93be7b3c38dae6824dc73f21df9b71a0cb493558044,581,NB_LOC_RES,,,UNAVAILABLE,True,missing_value,not_a_text_check,"[""GUDANG-26""]",,[],,[],False,False
IMB,155,1df664db6e841b76653ef93be7b3c38dae6824dc73f21df9b71a0cb493558044,581,NB_LOC_PRO,,,UNAVAILABLE,True,missing_value,not_a_text_check,"[""GUDANG-26""]",,[],,[],False,False
IMB,155,1df664db6e841b76653ef93be7b3c38dae6824dc73f21df9b71a0cb493558044,581,NB_LOC_TOT,,,UNAVAILABLE,True,missing_value,not_a_text_check,"[""GUDANG-26""]",,[],,[],False,False
IMB,155,1df664db6e841b76653ef93be7b3c38dae6824dc73f21df9b71a0cb493558044,581,RACCORDEMENT,,,UNAVAILABLE,True,missing_value,not_a_text_check,"[""GUDANG-26""]",,[],,[],False,False
IMB,155,1df664db6e841b76653ef93be7b3c38dae6824dc73f21df9b71a0cb493558044,581,STATUT,,,UNAVAILABLE,True,missing_value,not_a_text_check,"[""GUDANG-26""]",,[],,[],False,False
IMB,155,1df664db6e841b76653ef93be7b3c38dae6824dc73f21df9b71a0cb493558044,581,NB_ETAGE,,,UNAVAILABLE,True,missing_value,not_a_text_check,"[""GUDANG-26""]",,[],,[],False,False
IMB,155,1df664db6e841b76653ef93be7b3c38dae6824dc73f21df9b71a0cb493558044,581,COL_MONTANTE,,,UNAVAILABLE,True,missing_value,not_a_text_check,"[""GUDANG-26""]",,[],,[],False,False
IMB,155,1df664db6e841b76653ef93be7b3c38dae6824dc73f21df9b71a0cb493558044,581,SOUS_SOL,,,UNAVAILABLE,True,missing_value,not_a_text_check,"[""GUDANG-26""]",,[],,[],False,False
IMB,155,1df664db6e841b76653ef93be7b3c38dae6824dc73f21df9b71a0cb493558044,581,SOUS_SOL_COMMUN,,,UNAVAILABLE,True,missing_value,not_a_text_check,"[""GUDANG-26""]",,[],,[],False,False
IMB,155,1df664db6e841b76653ef93be7b3c38dae6824dc73f21df9b71a0cb493558044,581,BPE_CODE,,,UNAVAILABLE,True,missing_value,not_a_text_check,"[""GUDANG-26""]",,[],,[],False,False
IMB,155,1df664db6e841b76653ef93be7b3c38dae6824dc73f21df9b71a0cb493558044,581,X,12543818.287594154,12543818.287594154,DWG_DERIVED:GEODATA+direct-CRS-transform,False,exact,not_a_text_check,"[""GUDANG-26""]",,[],,[],False,False
IMB,155,1df664db6e841b76653ef93be7b3c38dae6824dc73f21df9b71a0cb493558044,581,Y,-821721.5219495501,-821721.5219495501,DWG_DERIVED:GEODATA+direct-CRS-transform,False,exact,not_a_text_check,"[""GUDANG-26""]",,[],,[],False,False
IMB,155,1df664db6e841b76653ef93be7b3c38dae6824dc73f21df9b71a0cb493558044,581,display_label,GUDANG-26,GUDANG-26,DWG_DIRECT:text|RULE:AI-IMB-LABEL-001,False,exact,exact,"[""GUDANG-26""]",,[],,[],False,False
IMB,156,8f1976eebcf0cd8cf2858096ecf15e75c8d83228a094fc821c39914f52c046c0,59C,CODE,NN-13,NN-13,DWG_DIRECT:text|RULE:AI-IMB-CODE-001,False,exact,exact,"[""NN-13""]",,[],,[],False,False
IMB,156,8f1976eebcf0cd8cf2858096ecf15e75c8d83228a094fc821c39914f52c046c0,59C,REF_PLAQUE,,,UNAVAILABLE,True,missing_value,not_a_text_check,"[""NN-13""]",,[],,[],False,False
IMB,156,8f1976eebcf0cd8cf2858096ecf15e75c8d83228a094fc821c39914f52c046c0,59C,REGION,,,UNAVAILABLE,True,missing_value,not_a_text_check,"[""NN-13""]",,[],,[],False,False
IMB,156,8f1976eebcf0cd8cf2858096ecf15e75c8d83228a094fc821c39914f52c046c0,59C,PROVINCE,,,UNAVAILABLE,True,missing_value,not_a_text_check,"[""NN-13""]",,[],,[],False,False
IMB,156,8f1976eebcf0cd8cf2858096ecf15e75c8d83228a094fc821c39914f52c046c0,59C,VILLE,,,UNAVAILABLE,True,missing_value,not_a_text_check,"[""NN-13""]",,[],,[],False,False
IMB,156,8f1976eebcf0cd8cf2858096ecf15e75c8d83228a094fc821c39914f52c046c0,59C,COMMUNE,,,UNAVAILABLE,True,missing_value,not_a_text_check,"[""NN-13""]",,[],,[],False,False
IMB,156,8f1976eebcf0cd8cf2858096ecf15e75c8d83228a094fc821c39914f52c046c0,59C,CODE_POSTAL,,,UNAVAILABLE,True,missing_value,not_a_text_check,"[""NN-13""]",,[],,[],False,False
IMB,156,8f1976eebcf0cd8cf2858096ecf15e75c8d83228a094fc821c39914f52c046c0,59C,NUMERO_VOIE,,,UNAVAILABLE,True,missing_value,not_a_text_check,"[""NN-13""]",,[],,[],False,False
IMB,156,8f1976eebcf0cd8cf2858096ecf15e75c8d83228a094fc821c39914f52c046c0,59C,TYPE_VOIE,,,UNAVAILABLE,True,missing_value,not_a_text_check,"[""NN-13""]",,[],,[],False,False
IMB,156,8f1976eebcf0cd8cf2858096ecf15e75c8d83228a094fc821c39914f52c046c0,59C,TYPE_BATIMENT,,,UNAVAILABLE,True,missing_value,not_a_text_check,"[""NN-13""]",,[],,[],False,False
IMB,156,8f1976eebcf0cd8cf2858096ecf15e75c8d83228a094fc821c39914f52c046c0,59C,TYPE_CLIENT,,,UNAVAILABLE,True,missing_value,not_a_text_check,"[""NN-13""]",,[],,[],False,False
IMB,156,8f1976eebcf0cd8cf2858096ecf15e75c8d83228a094fc821c39914f52c046c0,59C,NB_LOC_RES,,,UNAVAILABLE,True,missing_value,not_a_text_check,"[""NN-13""]",,[],,[],False,False
IMB,156,8f1976eebcf0cd8cf2858096ecf15e75c8d83228a094fc821c39914f52c046c0,59C,NB_LOC_PRO,,,UNAVAILABLE,True,missing_value,not_a_text_check,"[""NN-13""]",,[],,[],False,False
IMB,156,8f1976eebcf0cd8cf2858096ecf15e75c8d83228a094fc821c39914f52c046c0,59C,NB_LOC_TOT,,,UNAVAILABLE,True,missing_value,not_a_text_check,"[""NN-13""]",,[],,[],False,False
IMB,156,8f1976eebcf0cd8cf2858096ecf15e75c8d83228a094fc821c39914f52c046c0,59C,RACCORDEMENT,,,UNAVAILABLE,True,missing_value,not_a_text_check,"[""NN-13""]",,[],,[],False,False
IMB,156,8f1976eebcf0cd8cf2858096ecf15e75c8d83228a094fc821c39914f52c046c0,59C,STATUT,,,UNAVAILABLE,True,missing_value,not_a_text_check,"[""NN-13""]",,[],,[],False,False
IMB,156,8f1976eebcf0cd8cf2858096ecf15e75c8d83228a094fc821c39914f52c046c0,59C,NB_ETAGE,,,UNAVAILABLE,True,missing_value,not_a_text_check,"[""NN-13""]",,[],,[],False,False
IMB,156,8f1976eebcf0cd8cf2858096ecf15e75c8d83228a094fc821c39914f52c046c0,59C,COL_MONTANTE,,,UNAVAILABLE,True,missing_value,not_a_text_check,"[""NN-13""]",,[],,[],False,False
IMB,156,8f1976eebcf0cd8cf2858096ecf15e75c8d83228a094fc821c39914f52c046c0,59C,SOUS_SOL,,,UNAVAILABLE,True,missing_value,not_a_text_check,"[""NN-13""]",,[],,[],False,False
IMB,156,8f1976eebcf0cd8cf2858096ecf15e75c8d83228a094fc821c39914f52c046c0,59C,SOUS_SOL_COMMUN,,,UNAVAILABLE,True,missing_value,not_a_text_check,"[""NN-13""]",,[],,[],False,False
IMB,156,8f1976eebcf0cd8cf2858096ecf15e75c8d83228a094fc821c39914f52c046c0,59C,BPE_CODE,,,UNAVAILABLE,True,missing_value,not_a_text_check,"[""NN-13""]",,[],,[],False,False
IMB,156,8f1976eebcf0cd8cf2858096ecf15e75c8d83228a094fc821c39914f52c046c0,59C,X,12543606.288504694,12543606.288504694,DWG_DERIVED:GEODATA+direct-CRS-transform,False,exact,not_a_text_check,"[""NN-13""]",,[],,[],False,False
IMB,156,8f1976eebcf0cd8cf2858096ecf15e75c8d83228a094fc821c39914f52c046c0,59C,Y,-821516.4913019281,-821516.4913019281,DWG_DERIVED:GEODATA+direct-CRS-transform,False,exact,not_a_text_check,"[""NN-13""]",,[],,[],False,False
IMB,156,8f1976eebcf0cd8cf2858096ecf15e75c8d83228a094fc821c39914f52c046c0,59C,display_label,NN-13,NN-13,DWG_DIRECT:text|RULE:AI-IMB-LABEL-001,False,exact,exact,"[""NN-13""]",,[],,[],False,False
IMB,157,3d376b498d368f228ab08ae351fd0dad74b81978a0eb1f77188002afa9dfc71d,5F3,CODE,NN-97,NN-97,DWG_DIRECT:text|RULE:AI-IMB-CODE-001,False,exact,exact,"[""NN-97""]",,[],,[],False,False
IMB,157,3d376b498d368f228ab08ae351fd0dad74b81978a0eb1f77188002afa9dfc71d,5F3,REF_PLAQUE,,,UNAVAILABLE,True,missing_value,not_a_text_check,"[""NN-97""]",,[],,[],False,False
IMB,157,3d376b498d368f228ab08ae351fd0dad74b81978a0eb1f77188002afa9dfc71d,5F3,REGION,,,UNAVAILABLE,True,missing_value,not_a_text_check,"[""NN-97""]",,[],,[],False,False
IMB,157,3d376b498d368f228ab08ae351fd0dad74b81978a0eb1f77188002afa9dfc71d,5F3,PROVINCE,,,UNAVAILABLE,True,missing_value,not_a_text_check,"[""NN-97""]",,[],,[],False,False
IMB,157,3d376b498d368f228ab08ae351fd0dad74b81978a0eb1f77188002afa9dfc71d,5F3,VILLE,,,UNAVAILABLE,True,missing_value,not_a_text_check,"[""NN-97""]",,[],,[],False,False
IMB,157,3d376b498d368f228ab08ae351fd0dad74b81978a0eb1f77188002afa9dfc71d,5F3,COMMUNE,,,UNAVAILABLE,True,missing_value,not_a_text_check,"[""NN-97""]",,[],,[],False,False
IMB,157,3d376b498d368f228ab08ae351fd0dad74b81978a0eb1f77188002afa9dfc71d,5F3,CODE_POSTAL,,,UNAVAILABLE,True,missing_value,not_a_text_check,"[""NN-97""]",,[],,[],False,False
IMB,157,3d376b498d368f228ab08ae351fd0dad74b81978a0eb1f77188002afa9dfc71d,5F3,NUMERO_VOIE,,,UNAVAILABLE,True,missing_value,not_a_text_check,"[""NN-97""]",,[],,[],False,False
IMB,157,3d376b498d368f228ab08ae351fd0dad74b81978a0eb1f77188002afa9dfc71d,5F3,TYPE_VOIE,,,UNAVAILABLE,True,missing_value,not_a_text_check,"[""NN-97""]",,[],,[],False,False
IMB,157,3d376b498d368f228ab08ae351fd0dad74b81978a0eb1f77188002afa9dfc71d,5F3,TYPE_BATIMENT,,,UNAVAILABLE,True,missing_value,not_a_text_check,"[""NN-97""]",,[],,[],False,False
IMB,157,3d376b498d368f228ab08ae351fd0dad74b81978a0eb1f77188002afa9dfc71d,5F3,TYPE_CLIENT,,,UNAVAILABLE,True,missing_value,not_a_text_check,"[""NN-97""]",,[],,[],False,False
IMB,157,3d376b498d368f228ab08ae351fd0dad74b81978a0eb1f77188002afa9dfc71d,5F3,NB_LOC_RES,,,UNAVAILABLE,True,missing_value,not_a_text_check,"[""NN-97""]",,[],,[],False,False
IMB,157,3d376b498d368f228ab08ae351fd0dad74b81978a0eb1f77188002afa9dfc71d,5F3,NB_LOC_PRO,,,UNAVAILABLE,True,missing_value,not_a_text_check,"[""NN-97""]",,[],,[],False,False
IMB,157,3d376b498d368f228ab08ae351fd0dad74b81978a0eb1f77188002afa9dfc71d,5F3,NB_LOC_TOT,,,UNAVAILABLE,True,missing_value,not_a_text_check,"[""NN-97""]",,[],,[],False,False
IMB,157,3d376b498d368f228ab08ae351fd0dad74b81978a0eb1f77188002afa9dfc71d,5F3,RACCORDEMENT,,,UNAVAILABLE,True,missing_value,not_a_text_check,"[""NN-97""]",,[],,[],False,False
IMB,157,3d376b498d368f228ab08ae351fd0dad74b81978a0eb1f77188002afa9dfc71d,5F3,STATUT,,,UNAVAILABLE,True,missing_value,not_a_text_check,"[""NN-97""]",,[],,[],False,False
IMB,157,3d376b498d368f228ab08ae351fd0dad74b81978a0eb1f77188002afa9dfc71d,5F3,NB_ETAGE,,,UNAVAILABLE,True,missing_value,not_a_text_check,"[""NN-97""]",,[],,[],False,False
IMB,157,3d376b498d368f228ab08ae351fd0dad74b81978a0eb1f77188002afa9dfc71d,5F3,COL_MONTANTE,,,UNAVAILABLE,True,missing_value,not_a_text_check,"[""NN-97""]",,[],,[],False,False
IMB,157,3d376b498d368f228ab08ae351fd0dad74b81978a0eb1f77188002afa9dfc71d,5F3,SOUS_SOL,,,UNAVAILABLE,True,missing_value,not_a_text_check,"[""NN-97""]",,[],,[],False,False
IMB,157,3d376b498d368f228ab08ae351fd0dad74b81978a0eb1f77188002afa9dfc71d,5F3,SOUS_SOL_COMMUN,,,UNAVAILABLE,True,missing_value,not_a_text_check,"[""NN-97""]",,[],,[],False,False
IMB,157,3d376b498d368f228ab08ae351fd0dad74b81978a0eb1f77188002afa9dfc71d,5F3,BPE_CODE,,,UNAVAILABLE,True,missing_value,not_a_text_check,"[""NN-97""]",,[],,[],False,False
IMB,157,3d376b498d368f228ab08ae351fd0dad74b81978a0eb1f77188002afa9dfc71d,5F3,X,12543641.425958388,12543641.425958388,DWG_DERIVED:GEODATA+direct-CRS-transform,False,exact,not_a_text_check,"[""NN-97""]",,[],,[],False,False
IMB,157,3d376b498d368f228ab08ae351fd0dad74b81978a0eb1f77188002afa9dfc71d,5F3,Y,-821510.8284099761,-821510.8284099761,DWG_DERIVED:GEODATA+direct-CRS-transform,False,exact,not_a_text_check,"[""NN-97""]",,[],,[],False,False
IMB,157,3d376b498d368f228ab08ae351fd0dad74b81978a0eb1f77188002afa9dfc71d,5F3,display_label,NN-97,NN-97,DWG_DIRECT:text|RULE:AI-IMB-LABEL-001,False,exact,exact,"[""NN-97""]",,[],,[],False,False
IMB,158,739cf998c2196b1a2bd8c448ed71383311bcb0b3ccfe751823af65a3b3414f97,5A5,CODE,NN-22,NN-22,DWG_DIRECT:text|RULE:AI-IMB-CODE-001,False,exact,exact,"[""NN-22""]",,[],,[],False,False
IMB,158,739cf998c2196b1a2bd8c448ed71383311bcb0b3ccfe751823af65a3b3414f97,5A5,REF_PLAQUE,,,UNAVAILABLE,True,missing_value,not_a_text_check,"[""NN-22""]",,[],,[],False,False
IMB,158,739cf998c2196b1a2bd8c448ed71383311bcb0b3ccfe751823af65a3b3414f97,5A5,REGION,,,UNAVAILABLE,True,missing_value,not_a_text_check,"[""NN-22""]",,[],,[],False,False
IMB,158,739cf998c2196b1a2bd8c448ed71383311bcb0b3ccfe751823af65a3b3414f97,5A5,PROVINCE,,,UNAVAILABLE,True,missing_value,not_a_text_check,"[""NN-22""]",,[],,[],False,False
IMB,158,739cf998c2196b1a2bd8c448ed71383311bcb0b3ccfe751823af65a3b3414f97,5A5,VILLE,,,UNAVAILABLE,True,missing_value,not_a_text_check,"[""NN-22""]",,[],,[],False,False
IMB,158,739cf998c2196b1a2bd8c448ed71383311bcb0b3ccfe751823af65a3b3414f97,5A5,COMMUNE,,,UNAVAILABLE,True,missing_value,not_a_text_check,"[""NN-22""]",,[],,[],False,False
IMB,158,739cf998c2196b1a2bd8c448ed71383311bcb0b3ccfe751823af65a3b3414f97,5A5,CODE_POSTAL,,,UNAVAILABLE,True,missing_value,not_a_text_check,"[""NN-22""]",,[],,[],False,False
IMB,158,739cf998c2196b1a2bd8c448ed71383311bcb0b3ccfe751823af65a3b3414f97,5A5,NUMERO_VOIE,,,UNAVAILABLE,True,missing_value,not_a_text_check,"[""NN-22""]",,[],,[],False,False
IMB,158,739cf998c2196b1a2bd8c448ed71383311bcb0b3ccfe751823af65a3b3414f97,5A5,TYPE_VOIE,,,UNAVAILABLE,True,missing_value,not_a_text_check,"[""NN-22""]",,[],,[],False,False
IMB,158,739cf998c2196b1a2bd8c448ed71383311bcb0b3ccfe751823af65a3b3414f97,5A5,TYPE_BATIMENT,,,UNAVAILABLE,True,missing_value,not_a_text_check,"[""NN-22""]",,[],,[],False,False
IMB,158,739cf998c2196b1a2bd8c448ed71383311bcb0b3ccfe751823af65a3b3414f97,5A5,TYPE_CLIENT,,,UNAVAILABLE,True,missing_value,not_a_text_check,"[""NN-22""]",,[],,[],False,False
IMB,158,739cf998c2196b1a2bd8c448ed71383311bcb0b3ccfe751823af65a3b3414f97,5A5,NB_LOC_RES,,,UNAVAILABLE,True,missing_value,not_a_text_check,"[""NN-22""]",,[],,[],False,False
IMB,158,739cf998c2196b1a2bd8c448ed71383311bcb0b3ccfe751823af65a3b3414f97,5A5,NB_LOC_PRO,,,UNAVAILABLE,True,missing_value,not_a_text_check,"[""NN-22""]",,[],,[],False,False
IMB,158,739cf998c2196b1a2bd8c448ed71383311bcb0b3ccfe751823af65a3b3414f97,5A5,NB_LOC_TOT,,,UNAVAILABLE,True,missing_value,not_a_text_check,"[""NN-22""]",,[],,[],False,False
IMB,158,739cf998c2196b1a2bd8c448ed71383311bcb0b3ccfe751823af65a3b3414f97,5A5,RACCORDEMENT,,,UNAVAILABLE,True,missing_value,not_a_text_check,"[""NN-22""]",,[],,[],False,False
IMB,158,739cf998c2196b1a2bd8c448ed71383311bcb0b3ccfe751823af65a3b3414f97,5A5,STATUT,,,UNAVAILABLE,True,missing_value,not_a_text_check,"[""NN-22""]",,[],,[],False,False
IMB,158,739cf998c2196b1a2bd8c448ed71383311bcb0b3ccfe751823af65a3b3414f97,5A5,NB_ETAGE,,,UNAVAILABLE,True,missing_value,not_a_text_check,"[""NN-22""]",,[],,[],False,False
IMB,158,739cf998c2196b1a2bd8c448ed71383311bcb0b3ccfe751823af65a3b3414f97,5A5,COL_MONTANTE,,,UNAVAILABLE,True,missing_value,not_a_text_check,"[""NN-22""]",,[],,[],False,False
IMB,158,739cf998c2196b1a2bd8c448ed71383311bcb0b3ccfe751823af65a3b3414f97,5A5,SOUS_SOL,,,UNAVAILABLE,True,missing_value,not_a_text_check,"[""NN-22""]",,[],,[],False,False
IMB,158,739cf998c2196b1a2bd8c448ed71383311bcb0b3ccfe751823af65a3b3414f97,5A5,SOUS_SOL_COMMUN,,,UNAVAILABLE,True,missing_value,not_a_text_check,"[""NN-22""]",,[],,[],False,False
IMB,158,739cf998c2196b1a2bd8c448ed71383311bcb0b3ccfe751823af65a3b3414f97,5A5,BPE_CODE,,,UNAVAILABLE,True,missing_value,not_a_text_check,"[""NN-22""]",,[],,[],False,False
IMB,158,739cf998c2196b1a2bd8c448ed71383311bcb0b3ccfe751823af65a3b3414f97,5A5,X,12543718.72484111,12543718.72484111,DWG_DERIVED:GEODATA+direct-CRS-transform,False,exact,not_a_text_check,"[""NN-22""]",,[],,[],False,False
IMB,158,739cf998c2196b1a2bd8c448ed71383311bcb0b3ccfe751823af65a3b3414f97,5A5,Y,-821596.4432904181,-821596.4432904181,DWG_DERIVED:GEODATA+direct-CRS-transform,False,exact,not_a_text_check,"[""NN-22""]",,[],,[],False,False
IMB,158,739cf998c2196b1a2bd8c448ed71383311bcb0b3ccfe751823af65a3b3414f97,5A5,display_label,NN-22,NN-22,DWG_DIRECT:text|RULE:AI-IMB-LABEL-001,False,exact,exact,"[""NN-22""]",,[],,[],False,False
IMB,159,79a40c5e4470b79f16de6b0145bce4e5e34182f5a550ae1e185bdd9cc3351347,573,CODE,GUDANG-12,GUDANG-12,DWG_DIRECT:text|RULE:AI-IMB-CODE-001,False,exact,exact,"[""GUDANG-12""]",,[],,[],False,False
IMB,159,79a40c5e4470b79f16de6b0145bce4e5e34182f5a550ae1e185bdd9cc3351347,573,REF_PLAQUE,,,UNAVAILABLE,True,missing_value,not_a_text_check,"[""GUDANG-12""]",,[],,[],False,False
IMB,159,79a40c5e4470b79f16de6b0145bce4e5e34182f5a550ae1e185bdd9cc3351347,573,REGION,,,UNAVAILABLE,True,missing_value,not_a_text_check,"[""GUDANG-12""]",,[],,[],False,False
IMB,159,79a40c5e4470b79f16de6b0145bce4e5e34182f5a550ae1e185bdd9cc3351347,573,PROVINCE,,,UNAVAILABLE,True,missing_value,not_a_text_check,"[""GUDANG-12""]",,[],,[],False,False
IMB,159,79a40c5e4470b79f16de6b0145bce4e5e34182f5a550ae1e185bdd9cc3351347,573,VILLE,,,UNAVAILABLE,True,missing_value,not_a_text_check,"[""GUDANG-12""]",,[],,[],False,False
IMB,159,79a40c5e4470b79f16de6b0145bce4e5e34182f5a550ae1e185bdd9cc3351347,573,COMMUNE,,,UNAVAILABLE,True,missing_value,not_a_text_check,"[""GUDANG-12""]",,[],,[],False,False
IMB,159,79a40c5e4470b79f16de6b0145bce4e5e34182f5a550ae1e185bdd9cc3351347,573,CODE_POSTAL,,,UNAVAILABLE,True,missing_value,not_a_text_check,"[""GUDANG-12""]",,[],,[],False,False
IMB,159,79a40c5e4470b79f16de6b0145bce4e5e34182f5a550ae1e185bdd9cc3351347,573,NUMERO_VOIE,,,UNAVAILABLE,True,missing_value,not_a_text_check,"[""GUDANG-12""]",,[],,[],False,False
IMB,159,79a40c5e4470b79f16de6b0145bce4e5e34182f5a550ae1e185bdd9cc3351347,573,TYPE_VOIE,,,UNAVAILABLE,True,missing_value,not_a_text_check,"[""GUDANG-12""]",,[],,[],False,False
IMB,159,79a40c5e4470b79f16de6b0145bce4e5e34182f5a550ae1e185bdd9cc3351347,573,TYPE_BATIMENT,,,UNAVAILABLE,True,missing_value,not_a_text_check,"[""GUDANG-12""]",,[],,[],False,False
IMB,159,79a40c5e4470b79f16de6b0145bce4e5e34182f5a550ae1e185bdd9cc3351347,573,TYPE_CLIENT,,,UNAVAILABLE,True,missing_value,not_a_text_check,"[""GUDANG-12""]",,[],,[],False,False
IMB,159,79a40c5e4470b79f16de6b0145bce4e5e34182f5a550ae1e185bdd9cc3351347,573,NB_LOC_RES,,,UNAVAILABLE,True,missing_value,not_a_text_check,"[""GUDANG-12""]",,[],,[],False,False
IMB,159,79a40c5e4470b79f16de6b0145bce4e5e34182f5a550ae1e185bdd9cc3351347,573,NB_LOC_PRO,,,UNAVAILABLE,True,missing_value,not_a_text_check,"[""GUDANG-12""]",,[],,[],False,False
IMB,159,79a40c5e4470b79f16de6b0145bce4e5e34182f5a550ae1e185bdd9cc3351347,573,NB_LOC_TOT,,,UNAVAILABLE,True,missing_value,not_a_text_check,"[""GUDANG-12""]",,[],,[],False,False
IMB,159,79a40c5e4470b79f16de6b0145bce4e5e34182f5a550ae1e185bdd9cc3351347,573,RACCORDEMENT,,,UNAVAILABLE,True,missing_value,not_a_text_check,"[""GUDANG-12""]",,[],,[],False,False
IMB,159,79a40c5e4470b79f16de6b0145bce4e5e34182f5a550ae1e185bdd9cc3351347,573,STATUT,,,UNAVAILABLE,True,missing_value,not_a_text_check,"[""GUDANG-12""]",,[],,[],False,False
IMB,159,79a40c5e4470b79f16de6b0145bce4e5e34182f5a550ae1e185bdd9cc3351347,573,NB_ETAGE,,,UNAVAILABLE,True,missing_value,not_a_text_check,"[""GUDANG-12""]",,[],,[],False,False
IMB,159,79a40c5e4470b79f16de6b0145bce4e5e34182f5a550ae1e185bdd9cc3351347,573,COL_MONTANTE,,,UNAVAILABLE,True,missing_value,not_a_text_check,"[""GUDANG-12""]",,[],,[],False,False
IMB,159,79a40c5e4470b79f16de6b0145bce4e5e34182f5a550ae1e185bdd9cc3351347,573,SOUS_SOL,,,UNAVAILABLE,True,missing_value,not_a_text_check,"[""GUDANG-12""]",,[],,[],False,False
IMB,159,79a40c5e4470b79f16de6b0145bce4e5e34182f5a550ae1e185bdd9cc3351347,573,SOUS_SOL_COMMUN,,,UNAVAILABLE,True,missing_value,not_a_text_check,"[""GUDANG-12""]",,[],,[],False,False
IMB,159,79a40c5e4470b79f16de6b0145bce4e5e34182f5a550ae1e185bdd9cc3351347,573,BPE_CODE,,,UNAVAILABLE,True,missing_value,not_a_text_check,"[""GUDANG-12""]",,[],,[],False,False
IMB,159,79a40c5e4470b79f16de6b0145bce4e5e34182f5a550ae1e185bdd9cc3351347,573,X,12543840.556635398,12543840.556635398,DWG_DERIVED:GEODATA+direct-CRS-transform,False,exact,not_a_text_check,"[""GUDANG-12""]",,[],,[],False,False
IMB,159,79a40c5e4470b79f16de6b0145bce4e5e34182f5a550ae1e185bdd9cc3351347,573,Y,-821921.8605373171,-821921.8605373171,DWG_DERIVED:GEODATA+direct-CRS-transform,False,exact,not_a_text_check,"[""GUDANG-12""]",,[],,[],False,False
IMB,159,79a40c5e4470b79f16de6b0145bce4e5e34182f5a550ae1e185bdd9cc3351347,573,display_label,GUDANG-12,GUDANG-12,DWG_DIRECT:text|RULE:AI-IMB-LABEL-001,False,exact,exact,"[""GUDANG-12""]",,[],,[],False,False
IMB,160,b574d305991003feebed4e470ed5cf184bd73335519a990ea52a7829de120a55,570,CODE,GUDANG-9,GUDANG-9,DWG_DIRECT:text|RULE:AI-IMB-CODE-001,False,exact,exact,"[""GUDANG-9""]",,[],,[],False,False
IMB,160,b574d305991003feebed4e470ed5cf184bd73335519a990ea52a7829de120a55,570,REF_PLAQUE,,,UNAVAILABLE,True,missing_value,not_a_text_check,"[""GUDANG-9""]",,[],,[],False,False
IMB,160,b574d305991003feebed4e470ed5cf184bd73335519a990ea52a7829de120a55,570,REGION,,,UNAVAILABLE,True,missing_value,not_a_text_check,"[""GUDANG-9""]",,[],,[],False,False
IMB,160,b574d305991003feebed4e470ed5cf184bd73335519a990ea52a7829de120a55,570,PROVINCE,,,UNAVAILABLE,True,missing_value,not_a_text_check,"[""GUDANG-9""]",,[],,[],False,False
IMB,160,b574d305991003feebed4e470ed5cf184bd73335519a990ea52a7829de120a55,570,VILLE,,,UNAVAILABLE,True,missing_value,not_a_text_check,"[""GUDANG-9""]",,[],,[],False,False
IMB,160,b574d305991003feebed4e470ed5cf184bd73335519a990ea52a7829de120a55,570,COMMUNE,,,UNAVAILABLE,True,missing_value,not_a_text_check,"[""GUDANG-9""]",,[],,[],False,False
IMB,160,b574d305991003feebed4e470ed5cf184bd73335519a990ea52a7829de120a55,570,CODE_POSTAL,,,UNAVAILABLE,True,missing_value,not_a_text_check,"[""GUDANG-9""]",,[],,[],False,False
IMB,160,b574d305991003feebed4e470ed5cf184bd73335519a990ea52a7829de120a55,570,NUMERO_VOIE,,,UNAVAILABLE,True,missing_value,not_a_text_check,"[""GUDANG-9""]",,[],,[],False,False
IMB,160,b574d305991003feebed4e470ed5cf184bd73335519a990ea52a7829de120a55,570,TYPE_VOIE,,,UNAVAILABLE,True,missing_value,not_a_text_check,"[""GUDANG-9""]",,[],,[],False,False
IMB,160,b574d305991003feebed4e470ed5cf184bd73335519a990ea52a7829de120a55,570,TYPE_BATIMENT,,,UNAVAILABLE,True,missing_value,not_a_text_check,"[""GUDANG-9""]",,[],,[],False,False
IMB,160,b574d305991003feebed4e470ed5cf184bd73335519a990ea52a7829de120a55,570,TYPE_CLIENT,,,UNAVAILABLE,True,missing_value,not_a_text_check,"[""GUDANG-9""]",,[],,[],False,False
IMB,160,b574d305991003feebed4e470ed5cf184bd73335519a990ea52a7829de120a55,570,NB_LOC_RES,,,UNAVAILABLE,True,missing_value,not_a_text_check,"[""GUDANG-9""]",,[],,[],False,False
IMB,160,b574d305991003feebed4e470ed5cf184bd73335519a990ea52a7829de120a55,570,NB_LOC_PRO,,,UNAVAILABLE,True,missing_value,not_a_text_check,"[""GUDANG-9""]",,[],,[],False,False
IMB,160,b574d305991003feebed4e470ed5cf184bd73335519a990ea52a7829de120a55,570,NB_LOC_TOT,,,UNAVAILABLE,True,missing_value,not_a_text_check,"[""GUDANG-9""]",,[],,[],False,False
IMB,160,b574d305991003feebed4e470ed5cf184bd73335519a990ea52a7829de120a55,570,RACCORDEMENT,,,UNAVAILABLE,True,missing_value,not_a_text_check,"[""GUDANG-9""]",,[],,[],False,False
IMB,160,b574d305991003feebed4e470ed5cf184bd73335519a990ea52a7829de120a55,570,STATUT,,,UNAVAILABLE,True,missing_value,not_a_text_check,"[""GUDANG-9""]",,[],,[],False,False
IMB,160,b574d305991003feebed4e470ed5cf184bd73335519a990ea52a7829de120a55,570,NB_ETAGE,,,UNAVAILABLE,True,missing_value,not_a_text_check,"[""GUDANG-9""]",,[],,[],False,False
IMB,160,b574d305991003feebed4e470ed5cf184bd73335519a990ea52a7829de120a55,570,COL_MONTANTE,,,UNAVAILABLE,True,missing_value,not_a_text_check,"[""GUDANG-9""]",,[],,[],False,False
IMB,160,b574d305991003feebed4e470ed5cf184bd73335519a990ea52a7829de120a55,570,SOUS_SOL,,,UNAVAILABLE,True,missing_value,not_a_text_check,"[""GUDANG-9""]",,[],,[],False,False
IMB,160,b574d305991003feebed4e470ed5cf184bd73335519a990ea52a7829de120a55,570,SOUS_SOL_COMMUN,,,UNAVAILABLE,True,missing_value,not_a_text_check,"[""GUDANG-9""]",,[],,[],False,False
IMB,160,b574d305991003feebed4e470ed5cf184bd73335519a990ea52a7829de120a55,570,BPE_CODE,,,UNAVAILABLE,True,missing_value,not_a_text_check,"[""GUDANG-9""]",,[],,[],False,False
IMB,160,b574d305991003feebed4e470ed5cf184bd73335519a990ea52a7829de120a55,570,X,12543834.162051527,12543834.162051527,DWG_DERIVED:GEODATA+direct-CRS-transform,False,exact,not_a_text_check,"[""GUDANG-9""]",,[],,[],False,False
IMB,160,b574d305991003feebed4e470ed5cf184bd73335519a990ea52a7829de120a55,570,Y,-821944.8131885022,-821944.8131885022,DWG_DERIVED:GEODATA+direct-CRS-transform,False,exact,not_a_text_check,"[""GUDANG-9""]",,[],,[],False,False
IMB,160,b574d305991003feebed4e470ed5cf184bd73335519a990ea52a7829de120a55,570,display_label,GUDANG-9,GUDANG-9,DWG_DIRECT:text|RULE:AI-IMB-LABEL-001,False,exact,exact,"[""GUDANG-9""]",,[],,[],False,False
IMB,161,54963a75d1c36cc4185ebb59f24d5bb27e0af287acd20286e0532307507bc20d,5DA,CODE,NN-72,NN-72,DWG_DIRECT:text|RULE:AI-IMB-CODE-001,False,exact,exact,"[""NN-72""]",,[],,[],False,False
IMB,161,54963a75d1c36cc4185ebb59f24d5bb27e0af287acd20286e0532307507bc20d,5DA,REF_PLAQUE,,,UNAVAILABLE,True,missing_value,not_a_text_check,"[""NN-72""]",,[],,[],False,False
IMB,161,54963a75d1c36cc4185ebb59f24d5bb27e0af287acd20286e0532307507bc20d,5DA,REGION,,,UNAVAILABLE,True,missing_value,not_a_text_check,"[""NN-72""]",,[],,[],False,False
IMB,161,54963a75d1c36cc4185ebb59f24d5bb27e0af287acd20286e0532307507bc20d,5DA,PROVINCE,,,UNAVAILABLE,True,missing_value,not_a_text_check,"[""NN-72""]",,[],,[],False,False
IMB,161,54963a75d1c36cc4185ebb59f24d5bb27e0af287acd20286e0532307507bc20d,5DA,VILLE,,,UNAVAILABLE,True,missing_value,not_a_text_check,"[""NN-72""]",,[],,[],False,False
IMB,161,54963a75d1c36cc4185ebb59f24d5bb27e0af287acd20286e0532307507bc20d,5DA,COMMUNE,,,UNAVAILABLE,True,missing_value,not_a_text_check,"[""NN-72""]",,[],,[],False,False
IMB,161,54963a75d1c36cc4185ebb59f24d5bb27e0af287acd20286e0532307507bc20d,5DA,CODE_POSTAL,,,UNAVAILABLE,True,missing_value,not_a_text_check,"[""NN-72""]",,[],,[],False,False
IMB,161,54963a75d1c36cc4185ebb59f24d5bb27e0af287acd20286e0532307507bc20d,5DA,NUMERO_VOIE,,,UNAVAILABLE,True,missing_value,not_a_text_check,"[""NN-72""]",,[],,[],False,False
IMB,161,54963a75d1c36cc4185ebb59f24d5bb27e0af287acd20286e0532307507bc20d,5DA,TYPE_VOIE,,,UNAVAILABLE,True,missing_value,not_a_text_check,"[""NN-72""]",,[],,[],False,False
IMB,161,54963a75d1c36cc4185ebb59f24d5bb27e0af287acd20286e0532307507bc20d,5DA,TYPE_BATIMENT,,,UNAVAILABLE,True,missing_value,not_a_text_check,"[""NN-72""]",,[],,[],False,False
IMB,161,54963a75d1c36cc4185ebb59f24d5bb27e0af287acd20286e0532307507bc20d,5DA,TYPE_CLIENT,,,UNAVAILABLE,True,missing_value,not_a_text_check,"[""NN-72""]",,[],,[],False,False
IMB,161,54963a75d1c36cc4185ebb59f24d5bb27e0af287acd20286e0532307507bc20d,5DA,NB_LOC_RES,,,UNAVAILABLE,True,missing_value,not_a_text_check,"[""NN-72""]",,[],,[],False,False
IMB,161,54963a75d1c36cc4185ebb59f24d5bb27e0af287acd20286e0532307507bc20d,5DA,NB_LOC_PRO,,,UNAVAILABLE,True,missing_value,not_a_text_check,"[""NN-72""]",,[],,[],False,False
IMB,161,54963a75d1c36cc4185ebb59f24d5bb27e0af287acd20286e0532307507bc20d,5DA,NB_LOC_TOT,,,UNAVAILABLE,True,missing_value,not_a_text_check,"[""NN-72""]",,[],,[],False,False
IMB,161,54963a75d1c36cc4185ebb59f24d5bb27e0af287acd20286e0532307507bc20d,5DA,RACCORDEMENT,,,UNAVAILABLE,True,missing_value,not_a_text_check,"[""NN-72""]",,[],,[],False,False
IMB,161,54963a75d1c36cc4185ebb59f24d5bb27e0af287acd20286e0532307507bc20d,5DA,STATUT,,,UNAVAILABLE,True,missing_value,not_a_text_check,"[""NN-72""]",,[],,[],False,False
IMB,161,54963a75d1c36cc4185ebb59f24d5bb27e0af287acd20286e0532307507bc20d,5DA,NB_ETAGE,,,UNAVAILABLE,True,missing_value,not_a_text_check,"[""NN-72""]",,[],,[],False,False
IMB,161,54963a75d1c36cc4185ebb59f24d5bb27e0af287acd20286e0532307507bc20d,5DA,COL_MONTANTE,,,UNAVAILABLE,True,missing_value,not_a_text_check,"[""NN-72""]",,[],,[],False,False
IMB,161,54963a75d1c36cc4185ebb59f24d5bb27e0af287acd20286e0532307507bc20d,5DA,SOUS_SOL,,,UNAVAILABLE,True,missing_value,not_a_text_check,"[""NN-72""]",,[],,[],False,False
IMB,161,54963a75d1c36cc4185ebb59f24d5bb27e0af287acd20286e0532307507bc20d,5DA,SOUS_SOL_COMMUN,,,UNAVAILABLE,True,missing_value,not_a_text_check,"[""NN-72""]",,[],,[],False,False
IMB,161,54963a75d1c36cc4185ebb59f24d5bb27e0af287acd20286e0532307507bc20d,5DA,BPE_CODE,,,UNAVAILABLE,True,missing_value,not_a_text_check,"[""NN-72""]",,[],,[],False,False
IMB,161,54963a75d1c36cc4185ebb59f24d5bb27e0af287acd20286e0532307507bc20d,5DA,X,12543705.042016882,12543705.042016882,DWG_DERIVED:GEODATA+direct-CRS-transform,False,exact,not_a_text_check,"[""NN-72""]",,[],,[],False,False
IMB,161,54963a75d1c36cc4185ebb59f24d5bb27e0af287acd20286e0532307507bc20d,5DA,Y,-821500.7796199733,-821500.7796199733,DWG_DERIVED:GEODATA+direct-CRS-transform,False,exact,not_a_text_check,"[""NN-72""]",,[],,[],False,False
IMB,161,54963a75d1c36cc4185ebb59f24d5bb27e0af287acd20286e0532307507bc20d,5DA,display_label,NN-72,NN-72,DWG_DIRECT:text|RULE:AI-IMB-LABEL-001,False,exact,exact,"[""NN-72""]",,[],,[],False,False
IMB,162,122c590280725bb6c1d5ac544c9f2346dc210768246eba4f67ec830f8aee6894,5ED,CODE,NN-91,NN-91,DWG_DIRECT:text|RULE:AI-IMB-CODE-001,False,exact,exact,"[""NN-91""]",,[],,[],False,False
IMB,162,122c590280725bb6c1d5ac544c9f2346dc210768246eba4f67ec830f8aee6894,5ED,REF_PLAQUE,,,UNAVAILABLE,True,missing_value,not_a_text_check,"[""NN-91""]",,[],,[],False,False
IMB,162,122c590280725bb6c1d5ac544c9f2346dc210768246eba4f67ec830f8aee6894,5ED,REGION,,,UNAVAILABLE,True,missing_value,not_a_text_check,"[""NN-91""]",,[],,[],False,False
IMB,162,122c590280725bb6c1d5ac544c9f2346dc210768246eba4f67ec830f8aee6894,5ED,PROVINCE,,,UNAVAILABLE,True,missing_value,not_a_text_check,"[""NN-91""]",,[],,[],False,False
IMB,162,122c590280725bb6c1d5ac544c9f2346dc210768246eba4f67ec830f8aee6894,5ED,VILLE,,,UNAVAILABLE,True,missing_value,not_a_text_check,"[""NN-91""]",,[],,[],False,False
IMB,162,122c590280725bb6c1d5ac544c9f2346dc210768246eba4f67ec830f8aee6894,5ED,COMMUNE,,,UNAVAILABLE,True,missing_value,not_a_text_check,"[""NN-91""]",,[],,[],False,False
IMB,162,122c590280725bb6c1d5ac544c9f2346dc210768246eba4f67ec830f8aee6894,5ED,CODE_POSTAL,,,UNAVAILABLE,True,missing_value,not_a_text_check,"[""NN-91""]",,[],,[],False,False
IMB,162,122c590280725bb6c1d5ac544c9f2346dc210768246eba4f67ec830f8aee6894,5ED,NUMERO_VOIE,,,UNAVAILABLE,True,missing_value,not_a_text_check,"[""NN-91""]",,[],,[],False,False
IMB,162,122c590280725bb6c1d5ac544c9f2346dc210768246eba4f67ec830f8aee6894,5ED,TYPE_VOIE,,,UNAVAILABLE,True,missing_value,not_a_text_check,"[""NN-91""]",,[],,[],False,False
IMB,162,122c590280725bb6c1d5ac544c9f2346dc210768246eba4f67ec830f8aee6894,5ED,TYPE_BATIMENT,,,UNAVAILABLE,True,missing_value,not_a_text_check,"[""NN-91""]",,[],,[],False,False
IMB,162,122c590280725bb6c1d5ac544c9f2346dc210768246eba4f67ec830f8aee6894,5ED,TYPE_CLIENT,,,UNAVAILABLE,True,missing_value,not_a_text_check,"[""NN-91""]",,[],,[],False,False
IMB,162,122c590280725bb6c1d5ac544c9f2346dc210768246eba4f67ec830f8aee6894,5ED,NB_LOC_RES,,,UNAVAILABLE,True,missing_value,not_a_text_check,"[""NN-91""]",,[],,[],False,False
IMB,162,122c590280725bb6c1d5ac544c9f2346dc210768246eba4f67ec830f8aee6894,5ED,NB_LOC_PRO,,,UNAVAILABLE,True,missing_value,not_a_text_check,"[""NN-91""]",,[],,[],False,False
IMB,162,122c590280725bb6c1d5ac544c9f2346dc210768246eba4f67ec830f8aee6894,5ED,NB_LOC_TOT,,,UNAVAILABLE,True,missing_value,not_a_text_check,"[""NN-91""]",,[],,[],False,False
IMB,162,122c590280725bb6c1d5ac544c9f2346dc210768246eba4f67ec830f8aee6894,5ED,RACCORDEMENT,,,UNAVAILABLE,True,missing_value,not_a_text_check,"[""NN-91""]",,[],,[],False,False
IMB,162,122c590280725bb6c1d5ac544c9f2346dc210768246eba4f67ec830f8aee6894,5ED,STATUT,,,UNAVAILABLE,True,missing_value,not_a_text_check,"[""NN-91""]",,[],,[],False,False
IMB,162,122c590280725bb6c1d5ac544c9f2346dc210768246eba4f67ec830f8aee6894,5ED,NB_ETAGE,,,UNAVAILABLE,True,missing_value,not_a_text_check,"[""NN-91""]",,[],,[],False,False
IMB,162,122c590280725bb6c1d5ac544c9f2346dc210768246eba4f67ec830f8aee6894,5ED,COL_MONTANTE,,,UNAVAILABLE,True,missing_value,not_a_text_check,"[""NN-91""]",,[],,[],False,False
IMB,162,122c590280725bb6c1d5ac544c9f2346dc210768246eba4f67ec830f8aee6894,5ED,SOUS_SOL,,,UNAVAILABLE,True,missing_value,not_a_text_check,"[""NN-91""]",,[],,[],False,False
IMB,162,122c590280725bb6c1d5ac544c9f2346dc210768246eba4f67ec830f8aee6894,5ED,SOUS_SOL_COMMUN,,,UNAVAILABLE,True,missing_value,not_a_text_check,"[""NN-91""]",,[],,[],False,False
IMB,162,122c590280725bb6c1d5ac544c9f2346dc210768246eba4f67ec830f8aee6894,5ED,BPE_CODE,,,UNAVAILABLE,True,missing_value,not_a_text_check,"[""NN-91""]",,[],,[],False,False
IMB,162,122c590280725bb6c1d5ac544c9f2346dc210768246eba4f67ec830f8aee6894,5ED,X,12543700.460562173,12543700.460562173,DWG_DERIVED:GEODATA+direct-CRS-transform,False,exact,not_a_text_check,"[""NN-91""]",,[],,[],False,False
IMB,162,122c590280725bb6c1d5ac544c9f2346dc210768246eba4f67ec830f8aee6894,5ED,Y,-821531.105505692,-821531.105505692,DWG_DERIVED:GEODATA+direct-CRS-transform,False,exact,not_a_text_check,"[""NN-91""]",,[],,[],False,False
IMB,162,122c590280725bb6c1d5ac544c9f2346dc210768246eba4f67ec830f8aee6894,5ED,display_label,NN-91,NN-91,DWG_DIRECT:text|RULE:AI-IMB-LABEL-001,False,exact,exact,"[""NN-91""]",,[],,[],False,False
IMB,163,98e04bea343646a31338711e7c2849bbbbdb55725998bf25151af928a764f832,5C2,CODE,NN-51,NN-51,DWG_DIRECT:text|RULE:AI-IMB-CODE-001,False,exact,exact,"[""NN-51""]",,[],,[],False,False
IMB,163,98e04bea343646a31338711e7c2849bbbbdb55725998bf25151af928a764f832,5C2,REF_PLAQUE,,,UNAVAILABLE,True,missing_value,not_a_text_check,"[""NN-51""]",,[],,[],False,False
IMB,163,98e04bea343646a31338711e7c2849bbbbdb55725998bf25151af928a764f832,5C2,REGION,,,UNAVAILABLE,True,missing_value,not_a_text_check,"[""NN-51""]",,[],,[],False,False
IMB,163,98e04bea343646a31338711e7c2849bbbbdb55725998bf25151af928a764f832,5C2,PROVINCE,,,UNAVAILABLE,True,missing_value,not_a_text_check,"[""NN-51""]",,[],,[],False,False
IMB,163,98e04bea343646a31338711e7c2849bbbbdb55725998bf25151af928a764f832,5C2,VILLE,,,UNAVAILABLE,True,missing_value,not_a_text_check,"[""NN-51""]",,[],,[],False,False
IMB,163,98e04bea343646a31338711e7c2849bbbbdb55725998bf25151af928a764f832,5C2,COMMUNE,,,UNAVAILABLE,True,missing_value,not_a_text_check,"[""NN-51""]",,[],,[],False,False
IMB,163,98e04bea343646a31338711e7c2849bbbbdb55725998bf25151af928a764f832,5C2,CODE_POSTAL,,,UNAVAILABLE,True,missing_value,not_a_text_check,"[""NN-51""]",,[],,[],False,False
IMB,163,98e04bea343646a31338711e7c2849bbbbdb55725998bf25151af928a764f832,5C2,NUMERO_VOIE,,,UNAVAILABLE,True,missing_value,not_a_text_check,"[""NN-51""]",,[],,[],False,False
IMB,163,98e04bea343646a31338711e7c2849bbbbdb55725998bf25151af928a764f832,5C2,TYPE_VOIE,,,UNAVAILABLE,True,missing_value,not_a_text_check,"[""NN-51""]",,[],,[],False,False
IMB,163,98e04bea343646a31338711e7c2849bbbbdb55725998bf25151af928a764f832,5C2,TYPE_BATIMENT,,,UNAVAILABLE,True,missing_value,not_a_text_check,"[""NN-51""]",,[],,[],False,False
IMB,163,98e04bea343646a31338711e7c2849bbbbdb55725998bf25151af928a764f832,5C2,TYPE_CLIENT,,,UNAVAILABLE,True,missing_value,not_a_text_check,"[""NN-51""]",,[],,[],False,False
IMB,163,98e04bea343646a31338711e7c2849bbbbdb55725998bf25151af928a764f832,5C2,NB_LOC_RES,,,UNAVAILABLE,True,missing_value,not_a_text_check,"[""NN-51""]",,[],,[],False,False
IMB,163,98e04bea343646a31338711e7c2849bbbbdb55725998bf25151af928a764f832,5C2,NB_LOC_PRO,,,UNAVAILABLE,True,missing_value,not_a_text_check,"[""NN-51""]",,[],,[],False,False
IMB,163,98e04bea343646a31338711e7c2849bbbbdb55725998bf25151af928a764f832,5C2,NB_LOC_TOT,,,UNAVAILABLE,True,missing_value,not_a_text_check,"[""NN-51""]",,[],,[],False,False
IMB,163,98e04bea343646a31338711e7c2849bbbbdb55725998bf25151af928a764f832,5C2,RACCORDEMENT,,,UNAVAILABLE,True,missing_value,not_a_text_check,"[""NN-51""]",,[],,[],False,False
IMB,163,98e04bea343646a31338711e7c2849bbbbdb55725998bf25151af928a764f832,5C2,STATUT,,,UNAVAILABLE,True,missing_value,not_a_text_check,"[""NN-51""]",,[],,[],False,False
IMB,163,98e04bea343646a31338711e7c2849bbbbdb55725998bf25151af928a764f832,5C2,NB_ETAGE,,,UNAVAILABLE,True,missing_value,not_a_text_check,"[""NN-51""]",,[],,[],False,False
IMB,163,98e04bea343646a31338711e7c2849bbbbdb55725998bf25151af928a764f832,5C2,COL_MONTANTE,,,UNAVAILABLE,True,missing_value,not_a_text_check,"[""NN-51""]",,[],,[],False,False
IMB,163,98e04bea343646a31338711e7c2849bbbbdb55725998bf25151af928a764f832,5C2,SOUS_SOL,,,UNAVAILABLE,True,missing_value,not_a_text_check,"[""NN-51""]",,[],,[],False,False
IMB,163,98e04bea343646a31338711e7c2849bbbbdb55725998bf25151af928a764f832,5C2,SOUS_SOL_COMMUN,,,UNAVAILABLE,True,missing_value,not_a_text_check,"[""NN-51""]",,[],,[],False,False
IMB,163,98e04bea343646a31338711e7c2849bbbbdb55725998bf25151af928a764f832,5C2,BPE_CODE,,,UNAVAILABLE,True,missing_value,not_a_text_check,"[""NN-51""]",,[],,[],False,False
IMB,163,98e04bea343646a31338711e7c2849bbbbdb55725998bf25151af928a764f832,5C2,X,12543674.363672389,12543674.363672389,DWG_DERIVED:GEODATA+direct-CRS-transform,False,exact,not_a_text_check,"[""NN-51""]",,[],,[],False,False
IMB,163,98e04bea343646a31338711e7c2849bbbbdb55725998bf25151af928a764f832,5C2,Y,-821618.9601738312,-821618.9601738312,DWG_DERIVED:GEODATA+direct-CRS-transform,False,exact,not_a_text_check,"[""NN-51""]",,[],,[],False,False
IMB,163,98e04bea343646a31338711e7c2849bbbbdb55725998bf25151af928a764f832,5C2,display_label,NN-51,NN-51,DWG_DIRECT:text|RULE:AI-IMB-LABEL-001,False,exact,exact,"[""NN-51""]",,[],,[],False,False
IMB,164,99595a86a42454272755b876107282c9683e60331e4f871cdf53d7f5ecb57cde,56B,CODE,GUDANG-4,GUDANG-4,DWG_DIRECT:text|RULE:AI-IMB-CODE-001,False,exact,exact,"[""GUDANG-4""]",,[],,[],False,False
IMB,164,99595a86a42454272755b876107282c9683e60331e4f871cdf53d7f5ecb57cde,56B,REF_PLAQUE,,,UNAVAILABLE,True,missing_value,not_a_text_check,"[""GUDANG-4""]",,[],,[],False,False
IMB,164,99595a86a42454272755b876107282c9683e60331e4f871cdf53d7f5ecb57cde,56B,REGION,,,UNAVAILABLE,True,missing_value,not_a_text_check,"[""GUDANG-4""]",,[],,[],False,False
IMB,164,99595a86a42454272755b876107282c9683e60331e4f871cdf53d7f5ecb57cde,56B,PROVINCE,,,UNAVAILABLE,True,missing_value,not_a_text_check,"[""GUDANG-4""]",,[],,[],False,False
IMB,164,99595a86a42454272755b876107282c9683e60331e4f871cdf53d7f5ecb57cde,56B,VILLE,,,UNAVAILABLE,True,missing_value,not_a_text_check,"[""GUDANG-4""]",,[],,[],False,False
IMB,164,99595a86a42454272755b876107282c9683e60331e4f871cdf53d7f5ecb57cde,56B,COMMUNE,,,UNAVAILABLE,True,missing_value,not_a_text_check,"[""GUDANG-4""]",,[],,[],False,False
IMB,164,99595a86a42454272755b876107282c9683e60331e4f871cdf53d7f5ecb57cde,56B,CODE_POSTAL,,,UNAVAILABLE,True,missing_value,not_a_text_check,"[""GUDANG-4""]",,[],,[],False,False
IMB,164,99595a86a42454272755b876107282c9683e60331e4f871cdf53d7f5ecb57cde,56B,NUMERO_VOIE,,,UNAVAILABLE,True,missing_value,not_a_text_check,"[""GUDANG-4""]",,[],,[],False,False
IMB,164,99595a86a42454272755b876107282c9683e60331e4f871cdf53d7f5ecb57cde,56B,TYPE_VOIE,,,UNAVAILABLE,True,missing_value,not_a_text_check,"[""GUDANG-4""]",,[],,[],False,False
IMB,164,99595a86a42454272755b876107282c9683e60331e4f871cdf53d7f5ecb57cde,56B,TYPE_BATIMENT,,,UNAVAILABLE,True,missing_value,not_a_text_check,"[""GUDANG-4""]",,[],,[],False,False
IMB,164,99595a86a42454272755b876107282c9683e60331e4f871cdf53d7f5ecb57cde,56B,TYPE_CLIENT,,,UNAVAILABLE,True,missing_value,not_a_text_check,"[""GUDANG-4""]",,[],,[],False,False
IMB,164,99595a86a42454272755b876107282c9683e60331e4f871cdf53d7f5ecb57cde,56B,NB_LOC_RES,,,UNAVAILABLE,True,missing_value,not_a_text_check,"[""GUDANG-4""]",,[],,[],False,False
IMB,164,99595a86a42454272755b876107282c9683e60331e4f871cdf53d7f5ecb57cde,56B,NB_LOC_PRO,,,UNAVAILABLE,True,missing_value,not_a_text_check,"[""GUDANG-4""]",,[],,[],False,False
IMB,164,99595a86a42454272755b876107282c9683e60331e4f871cdf53d7f5ecb57cde,56B,NB_LOC_TOT,,,UNAVAILABLE,True,missing_value,not_a_text_check,"[""GUDANG-4""]",,[],,[],False,False
IMB,164,99595a86a42454272755b876107282c9683e60331e4f871cdf53d7f5ecb57cde,56B,RACCORDEMENT,,,UNAVAILABLE,True,missing_value,not_a_text_check,"[""GUDANG-4""]",,[],,[],False,False
IMB,164,99595a86a42454272755b876107282c9683e60331e4f871cdf53d7f5ecb57cde,56B,STATUT,,,UNAVAILABLE,True,missing_value,not_a_text_check,"[""GUDANG-4""]",,[],,[],False,False
IMB,164,99595a86a42454272755b876107282c9683e60331e4f871cdf53d7f5ecb57cde,56B,NB_ETAGE,,,UNAVAILABLE,True,missing_value,not_a_text_check,"[""GUDANG-4""]",,[],,[],False,False
IMB,164,99595a86a42454272755b876107282c9683e60331e4f871cdf53d7f5ecb57cde,56B,COL_MONTANTE,,,UNAVAILABLE,True,missing_value,not_a_text_check,"[""GUDANG-4""]",,[],,[],False,False
IMB,164,99595a86a42454272755b876107282c9683e60331e4f871cdf53d7f5ecb57cde,56B,SOUS_SOL,,,UNAVAILABLE,True,missing_value,not_a_text_check,"[""GUDANG-4""]",,[],,[],False,False
IMB,164,99595a86a42454272755b876107282c9683e60331e4f871cdf53d7f5ecb57cde,56B,SOUS_SOL_COMMUN,,,UNAVAILABLE,True,missing_value,not_a_text_check,"[""GUDANG-4""]",,[],,[],False,False
IMB,164,99595a86a42454272755b876107282c9683e60331e4f871cdf53d7f5ecb57cde,56B,BPE_CODE,,,UNAVAILABLE,True,missing_value,not_a_text_check,"[""GUDANG-4""]",,[],,[],False,False
IMB,164,99595a86a42454272755b876107282c9683e60331e4f871cdf53d7f5ecb57cde,56B,X,12543634.513047524,12543634.513047524,DWG_DERIVED:GEODATA+direct-CRS-transform,False,exact,not_a_text_check,"[""GUDANG-4""]",,[],,[],False,False
IMB,164,99595a86a42454272755b876107282c9683e60331e4f871cdf53d7f5ecb57cde,56B,Y,-821881.1429770618,-821881.1429770618,DWG_DERIVED:GEODATA+direct-CRS-transform,False,exact,not_a_text_check,"[""GUDANG-4""]",,[],,[],False,False
IMB,164,99595a86a42454272755b876107282c9683e60331e4f871cdf53d7f5ecb57cde,56B,display_label,GUDANG-4,GUDANG-4,DWG_DIRECT:text|RULE:AI-IMB-LABEL-001,False,exact,exact,"[""GUDANG-4""]",,[],,[],False,False
IMB,165,17729da018953a4ebe3c0484f94cebbaa97a65c0f02f4e1022e3742ff22b3fc1,5C8,CODE,NN-56,NN-56,DWG_DIRECT:text|RULE:AI-IMB-CODE-001,False,exact,exact,"[""NN-56""]",,[],,[],False,False
IMB,165,17729da018953a4ebe3c0484f94cebbaa97a65c0f02f4e1022e3742ff22b3fc1,5C8,REF_PLAQUE,,,UNAVAILABLE,True,missing_value,not_a_text_check,"[""NN-56""]",,[],,[],False,False
IMB,165,17729da018953a4ebe3c0484f94cebbaa97a65c0f02f4e1022e3742ff22b3fc1,5C8,REGION,,,UNAVAILABLE,True,missing_value,not_a_text_check,"[""NN-56""]",,[],,[],False,False
IMB,165,17729da018953a4ebe3c0484f94cebbaa97a65c0f02f4e1022e3742ff22b3fc1,5C8,PROVINCE,,,UNAVAILABLE,True,missing_value,not_a_text_check,"[""NN-56""]",,[],,[],False,False
IMB,165,17729da018953a4ebe3c0484f94cebbaa97a65c0f02f4e1022e3742ff22b3fc1,5C8,VILLE,,,UNAVAILABLE,True,missing_value,not_a_text_check,"[""NN-56""]",,[],,[],False,False
IMB,165,17729da018953a4ebe3c0484f94cebbaa97a65c0f02f4e1022e3742ff22b3fc1,5C8,COMMUNE,,,UNAVAILABLE,True,missing_value,not_a_text_check,"[""NN-56""]",,[],,[],False,False
IMB,165,17729da018953a4ebe3c0484f94cebbaa97a65c0f02f4e1022e3742ff22b3fc1,5C8,CODE_POSTAL,,,UNAVAILABLE,True,missing_value,not_a_text_check,"[""NN-56""]",,[],,[],False,False
IMB,165,17729da018953a4ebe3c0484f94cebbaa97a65c0f02f4e1022e3742ff22b3fc1,5C8,NUMERO_VOIE,,,UNAVAILABLE,True,missing_value,not_a_text_check,"[""NN-56""]",,[],,[],False,False
IMB,165,17729da018953a4ebe3c0484f94cebbaa97a65c0f02f4e1022e3742ff22b3fc1,5C8,TYPE_VOIE,,,UNAVAILABLE,True,missing_value,not_a_text_check,"[""NN-56""]",,[],,[],False,False
IMB,165,17729da018953a4ebe3c0484f94cebbaa97a65c0f02f4e1022e3742ff22b3fc1,5C8,TYPE_BATIMENT,,,UNAVAILABLE,True,missing_value,not_a_text_check,"[""NN-56""]",,[],,[],False,False
IMB,165,17729da018953a4ebe3c0484f94cebbaa97a65c0f02f4e1022e3742ff22b3fc1,5C8,TYPE_CLIENT,,,UNAVAILABLE,True,missing_value,not_a_text_check,"[""NN-56""]",,[],,[],False,False
IMB,165,17729da018953a4ebe3c0484f94cebbaa97a65c0f02f4e1022e3742ff22b3fc1,5C8,NB_LOC_RES,,,UNAVAILABLE,True,missing_value,not_a_text_check,"[""NN-56""]",,[],,[],False,False
IMB,165,17729da018953a4ebe3c0484f94cebbaa97a65c0f02f4e1022e3742ff22b3fc1,5C8,NB_LOC_PRO,,,UNAVAILABLE,True,missing_value,not_a_text_check,"[""NN-56""]",,[],,[],False,False
IMB,165,17729da018953a4ebe3c0484f94cebbaa97a65c0f02f4e1022e3742ff22b3fc1,5C8,NB_LOC_TOT,,,UNAVAILABLE,True,missing_value,not_a_text_check,"[""NN-56""]",,[],,[],False,False
IMB,165,17729da018953a4ebe3c0484f94cebbaa97a65c0f02f4e1022e3742ff22b3fc1,5C8,RACCORDEMENT,,,UNAVAILABLE,True,missing_value,not_a_text_check,"[""NN-56""]",,[],,[],False,False
IMB,165,17729da018953a4ebe3c0484f94cebbaa97a65c0f02f4e1022e3742ff22b3fc1,5C8,STATUT,,,UNAVAILABLE,True,missing_value,not_a_text_check,"[""NN-56""]",,[],,[],False,False
IMB,165,17729da018953a4ebe3c0484f94cebbaa97a65c0f02f4e1022e3742ff22b3fc1,5C8,NB_ETAGE,,,UNAVAILABLE,True,missing_value,not_a_text_check,"[""NN-56""]",,[],,[],False,False
IMB,165,17729da018953a4ebe3c0484f94cebbaa97a65c0f02f4e1022e3742ff22b3fc1,5C8,COL_MONTANTE,,,UNAVAILABLE,True,missing_value,not_a_text_check,"[""NN-56""]",,[],,[],False,False
IMB,165,17729da018953a4ebe3c0484f94cebbaa97a65c0f02f4e1022e3742ff22b3fc1,5C8,SOUS_SOL,,,UNAVAILABLE,True,missing_value,not_a_text_check,"[""NN-56""]",,[],,[],False,False
IMB,165,17729da018953a4ebe3c0484f94cebbaa97a65c0f02f4e1022e3742ff22b3fc1,5C8,SOUS_SOL_COMMUN,,,UNAVAILABLE,True,missing_value,not_a_text_check,"[""NN-56""]",,[],,[],False,False
IMB,165,17729da018953a4ebe3c0484f94cebbaa97a65c0f02f4e1022e3742ff22b3fc1,5C8,BPE_CODE,,,UNAVAILABLE,True,missing_value,not_a_text_check,"[""NN-56""]",,[],,[],False,False
IMB,165,17729da018953a4ebe3c0484f94cebbaa97a65c0f02f4e1022e3742ff22b3fc1,5C8,X,12543717.632486088,12543717.632486088,DWG_DERIVED:GEODATA+direct-CRS-transform,False,exact,not_a_text_check,"[""NN-56""]",,[],,[],False,False
IMB,165,17729da018953a4ebe3c0484f94cebbaa97a65c0f02f4e1022e3742ff22b3fc1,5C8,Y,-821628.399469704,-821628.399469704,DWG_DERIVED:GEODATA+direct-CRS-transform,False,exact,not_a_text_check,"[""NN-56""]",,[],,[],False,False
IMB,165,17729da018953a4ebe3c0484f94cebbaa97a65c0f02f4e1022e3742ff22b3fc1,5C8,display_label,NN-56,NN-56,DWG_DIRECT:text|RULE:AI-IMB-LABEL-001,False,exact,exact,"[""NN-56""]",,[],,[],False,False
IMB,166,b88a607079eeebf1329bc6c2e3c3c15c6c4d9361ba2be7bd958bb4f25c1db546,58B,CODE,GUDANG-36,GUDANG-36,DWG_DIRECT:text|RULE:AI-IMB-CODE-001,False,exact,exact,"[""GUDANG-36""]",,[],,[],False,False
IMB,166,b88a607079eeebf1329bc6c2e3c3c15c6c4d9361ba2be7bd958bb4f25c1db546,58B,REF_PLAQUE,,,UNAVAILABLE,True,missing_value,not_a_text_check,"[""GUDANG-36""]",,[],,[],False,False
IMB,166,b88a607079eeebf1329bc6c2e3c3c15c6c4d9361ba2be7bd958bb4f25c1db546,58B,REGION,,,UNAVAILABLE,True,missing_value,not_a_text_check,"[""GUDANG-36""]",,[],,[],False,False
IMB,166,b88a607079eeebf1329bc6c2e3c3c15c6c4d9361ba2be7bd958bb4f25c1db546,58B,PROVINCE,,,UNAVAILABLE,True,missing_value,not_a_text_check,"[""GUDANG-36""]",,[],,[],False,False
IMB,166,b88a607079eeebf1329bc6c2e3c3c15c6c4d9361ba2be7bd958bb4f25c1db546,58B,VILLE,,,UNAVAILABLE,True,missing_value,not_a_text_check,"[""GUDANG-36""]",,[],,[],False,False
IMB,166,b88a607079eeebf1329bc6c2e3c3c15c6c4d9361ba2be7bd958bb4f25c1db546,58B,COMMUNE,,,UNAVAILABLE,True,missing_value,not_a_text_check,"[""GUDANG-36""]",,[],,[],False,False
IMB,166,b88a607079eeebf1329bc6c2e3c3c15c6c4d9361ba2be7bd958bb4f25c1db546,58B,CODE_POSTAL,,,UNAVAILABLE,True,missing_value,not_a_text_check,"[""GUDANG-36""]",,[],,[],False,False
IMB,166,b88a607079eeebf1329bc6c2e3c3c15c6c4d9361ba2be7bd958bb4f25c1db546,58B,NUMERO_VOIE,,,UNAVAILABLE,True,missing_value,not_a_text_check,"[""GUDANG-36""]",,[],,[],False,False
IMB,166,b88a607079eeebf1329bc6c2e3c3c15c6c4d9361ba2be7bd958bb4f25c1db546,58B,TYPE_VOIE,,,UNAVAILABLE,True,missing_value,not_a_text_check,"[""GUDANG-36""]",,[],,[],False,False
IMB,166,b88a607079eeebf1329bc6c2e3c3c15c6c4d9361ba2be7bd958bb4f25c1db546,58B,TYPE_BATIMENT,,,UNAVAILABLE,True,missing_value,not_a_text_check,"[""GUDANG-36""]",,[],,[],False,False
IMB,166,b88a607079eeebf1329bc6c2e3c3c15c6c4d9361ba2be7bd958bb4f25c1db546,58B,TYPE_CLIENT,,,UNAVAILABLE,True,missing_value,not_a_text_check,"[""GUDANG-36""]",,[],,[],False,False
IMB,166,b88a607079eeebf1329bc6c2e3c3c15c6c4d9361ba2be7bd958bb4f25c1db546,58B,NB_LOC_RES,,,UNAVAILABLE,True,missing_value,not_a_text_check,"[""GUDANG-36""]",,[],,[],False,False
IMB,166,b88a607079eeebf1329bc6c2e3c3c15c6c4d9361ba2be7bd958bb4f25c1db546,58B,NB_LOC_PRO,,,UNAVAILABLE,True,missing_value,not_a_text_check,"[""GUDANG-36""]",,[],,[],False,False
IMB,166,b88a607079eeebf1329bc6c2e3c3c15c6c4d9361ba2be7bd958bb4f25c1db546,58B,NB_LOC_TOT,,,UNAVAILABLE,True,missing_value,not_a_text_check,"[""GUDANG-36""]",,[],,[],False,False
IMB,166,b88a607079eeebf1329bc6c2e3c3c15c6c4d9361ba2be7bd958bb4f25c1db546,58B,RACCORDEMENT,,,UNAVAILABLE,True,missing_value,not_a_text_check,"[""GUDANG-36""]",,[],,[],False,False
IMB,166,b88a607079eeebf1329bc6c2e3c3c15c6c4d9361ba2be7bd958bb4f25c1db546,58B,STATUT,,,UNAVAILABLE,True,missing_value,not_a_text_check,"[""GUDANG-36""]",,[],,[],False,False
IMB,166,b88a607079eeebf1329bc6c2e3c3c15c6c4d9361ba2be7bd958bb4f25c1db546,58B,NB_ETAGE,,,UNAVAILABLE,True,missing_value,not_a_text_check,"[""GUDANG-36""]",,[],,[],False,False
IMB,166,b88a607079eeebf1329bc6c2e3c3c15c6c4d9361ba2be7bd958bb4f25c1db546,58B,COL_MONTANTE,,,UNAVAILABLE,True,missing_value,not_a_text_check,"[""GUDANG-36""]",,[],,[],False,False
IMB,166,b88a607079eeebf1329bc6c2e3c3c15c6c4d9361ba2be7bd958bb4f25c1db546,58B,SOUS_SOL,,,UNAVAILABLE,True,missing_value,not_a_text_check,"[""GUDANG-36""]",,[],,[],False,False
IMB,166,b88a607079eeebf1329bc6c2e3c3c15c6c4d9361ba2be7bd958bb4f25c1db546,58B,SOUS_SOL_COMMUN,,,UNAVAILABLE,True,missing_value,not_a_text_check,"[""GUDANG-36""]",,[],,[],False,False
IMB,166,b88a607079eeebf1329bc6c2e3c3c15c6c4d9361ba2be7bd958bb4f25c1db546,58B,BPE_CODE,,,UNAVAILABLE,True,missing_value,not_a_text_check,"[""GUDANG-36""]",,[],,[],False,False
IMB,166,b88a607079eeebf1329bc6c2e3c3c15c6c4d9361ba2be7bd958bb4f25c1db546,58B,X,12543774.179365316,12543774.179365316,DWG_DERIVED:GEODATA+direct-CRS-transform,False,exact,not_a_text_check,"[""GUDANG-36""]",,[],,[],False,False
IMB,166,b88a607079eeebf1329bc6c2e3c3c15c6c4d9361ba2be7bd958bb4f25c1db546,58B,Y,-821651.534603189,-821651.534603189,DWG_DERIVED:GEODATA+direct-CRS-transform,False,exact,not_a_text_check,"[""GUDANG-36""]",,[],,[],False,False
IMB,166,b88a607079eeebf1329bc6c2e3c3c15c6c4d9361ba2be7bd958bb4f25c1db546,58B,display_label,GUDANG-36,GUDANG-36,DWG_DIRECT:text|RULE:AI-IMB-LABEL-001,False,exact,exact,"[""GUDANG-36""]",,[],,[],False,False
IMB,167,031f406a869c06831f405e74416611b0e726c6ff3141b85781ac92558336fe87,5BB,CODE,NN-44,NN-44,DWG_DIRECT:text|RULE:AI-IMB-CODE-001,False,exact,exact,"[""NN-44""]",,[],,[],False,False
IMB,167,031f406a869c06831f405e74416611b0e726c6ff3141b85781ac92558336fe87,5BB,REF_PLAQUE,,,UNAVAILABLE,True,missing_value,not_a_text_check,"[""NN-44""]",,[],,[],False,False
IMB,167,031f406a869c06831f405e74416611b0e726c6ff3141b85781ac92558336fe87,5BB,REGION,,,UNAVAILABLE,True,missing_value,not_a_text_check,"[""NN-44""]",,[],,[],False,False
IMB,167,031f406a869c06831f405e74416611b0e726c6ff3141b85781ac92558336fe87,5BB,PROVINCE,,,UNAVAILABLE,True,missing_value,not_a_text_check,"[""NN-44""]",,[],,[],False,False
IMB,167,031f406a869c06831f405e74416611b0e726c6ff3141b85781ac92558336fe87,5BB,VILLE,,,UNAVAILABLE,True,missing_value,not_a_text_check,"[""NN-44""]",,[],,[],False,False
IMB,167,031f406a869c06831f405e74416611b0e726c6ff3141b85781ac92558336fe87,5BB,COMMUNE,,,UNAVAILABLE,True,missing_value,not_a_text_check,"[""NN-44""]",,[],,[],False,False
IMB,167,031f406a869c06831f405e74416611b0e726c6ff3141b85781ac92558336fe87,5BB,CODE_POSTAL,,,UNAVAILABLE,True,missing_value,not_a_text_check,"[""NN-44""]",,[],,[],False,False
IMB,167,031f406a869c06831f405e74416611b0e726c6ff3141b85781ac92558336fe87,5BB,NUMERO_VOIE,,,UNAVAILABLE,True,missing_value,not_a_text_check,"[""NN-44""]",,[],,[],False,False
IMB,167,031f406a869c06831f405e74416611b0e726c6ff3141b85781ac92558336fe87,5BB,TYPE_VOIE,,,UNAVAILABLE,True,missing_value,not_a_text_check,"[""NN-44""]",,[],,[],False,False
IMB,167,031f406a869c06831f405e74416611b0e726c6ff3141b85781ac92558336fe87,5BB,TYPE_BATIMENT,,,UNAVAILABLE,True,missing_value,not_a_text_check,"[""NN-44""]",,[],,[],False,False
IMB,167,031f406a869c06831f405e74416611b0e726c6ff3141b85781ac92558336fe87,5BB,TYPE_CLIENT,,,UNAVAILABLE,True,missing_value,not_a_text_check,"[""NN-44""]",,[],,[],False,False
IMB,167,031f406a869c06831f405e74416611b0e726c6ff3141b85781ac92558336fe87,5BB,NB_LOC_RES,,,UNAVAILABLE,True,missing_value,not_a_text_check,"[""NN-44""]",,[],,[],False,False
IMB,167,031f406a869c06831f405e74416611b0e726c6ff3141b85781ac92558336fe87,5BB,NB_LOC_PRO,,,UNAVAILABLE,True,missing_value,not_a_text_check,"[""NN-44""]",,[],,[],False,False
IMB,167,031f406a869c06831f405e74416611b0e726c6ff3141b85781ac92558336fe87,5BB,NB_LOC_TOT,,,UNAVAILABLE,True,missing_value,not_a_text_check,"[""NN-44""]",,[],,[],False,False
IMB,167,031f406a869c06831f405e74416611b0e726c6ff3141b85781ac92558336fe87,5BB,RACCORDEMENT,,,UNAVAILABLE,True,missing_value,not_a_text_check,"[""NN-44""]",,[],,[],False,False
IMB,167,031f406a869c06831f405e74416611b0e726c6ff3141b85781ac92558336fe87,5BB,STATUT,,,UNAVAILABLE,True,missing_value,not_a_text_check,"[""NN-44""]",,[],,[],False,False
IMB,167,031f406a869c06831f405e74416611b0e726c6ff3141b85781ac92558336fe87,5BB,NB_ETAGE,,,UNAVAILABLE,True,missing_value,not_a_text_check,"[""NN-44""]",,[],,[],False,False
IMB,167,031f406a869c06831f405e74416611b0e726c6ff3141b85781ac92558336fe87,5BB,COL_MONTANTE,,,UNAVAILABLE,True,missing_value,not_a_text_check,"[""NN-44""]",,[],,[],False,False
IMB,167,031f406a869c06831f405e74416611b0e726c6ff3141b85781ac92558336fe87,5BB,SOUS_SOL,,,UNAVAILABLE,True,missing_value,not_a_text_check,"[""NN-44""]",,[],,[],False,False
IMB,167,031f406a869c06831f405e74416611b0e726c6ff3141b85781ac92558336fe87,5BB,SOUS_SOL_COMMUN,,,UNAVAILABLE,True,missing_value,not_a_text_check,"[""NN-44""]",,[],,[],False,False
IMB,167,031f406a869c06831f405e74416611b0e726c6ff3141b85781ac92558336fe87,5BB,BPE_CODE,,,UNAVAILABLE,True,missing_value,not_a_text_check,"[""NN-44""]",,[],,[],False,False
IMB,167,031f406a869c06831f405e74416611b0e726c6ff3141b85781ac92558336fe87,5BB,X,12543615.975316891,12543615.975316891,DWG_DERIVED:GEODATA+direct-CRS-transform,False,exact,not_a_text_check,"[""NN-44""]",,[],,[],False,False
IMB,167,031f406a869c06831f405e74416611b0e726c6ff3141b85781ac92558336fe87,5BB,Y,-821607.1927259868,-821607.1927259868,DWG_DERIVED:GEODATA+direct-CRS-transform,False,exact,not_a_text_check,"[""NN-44""]",,[],,[],False,False
IMB,167,031f406a869c06831f405e74416611b0e726c6ff3141b85781ac92558336fe87,5BB,display_label,NN-44,NN-44,DWG_DIRECT:text|RULE:AI-IMB-LABEL-001,False,exact,exact,"[""NN-44""]",,[],,[],False,False
INFRASTRUCTURE,1,bf99bc60271d61364e0e9a040571145514890d5e236e9b8f021289b2a974fbc4,133D,CODE,INFRA-CAD-133D,INFRA-CAD-133D,DWG_DERIVED:cable-collection-member,False,exact,no_exact_match_requires_relation_or_derivation,"[""""]",,[],,[],False,False
INFRASTRUCTURE,1,bf99bc60271d61364e0e9a040571145514890d5e236e9b8f021289b2a974fbc4,133D,REF_PLAQUE,,,UNAVAILABLE,True,missing_value,not_a_text_check,"[""""]",,[],,[],False,False
INFRASTRUCTURE,1,bf99bc60271d61364e0e9a040571145514890d5e236e9b8f021289b2a974fbc4,133D,TYPE,,,UNAVAILABLE,True,missing_value,not_a_text_check,"[""""]",,[],,[],False,False
INFRASTRUCTURE,1,bf99bc60271d61364e0e9a040571145514890d5e236e9b8f021289b2a974fbc4,133D,TYPE_LOG,,,UNAVAILABLE,True,missing_value,not_a_text_check,"[""""]",,[],,[],False,False
INFRASTRUCTURE,1,bf99bc60271d61364e0e9a040571145514890d5e236e9b8f021289b2a974fbc4,133D,STATUT,,,UNAVAILABLE,True,missing_value,not_a_text_check,"[""""]",,[],,[],False,False
INFRASTRUCTURE,1,bf99bc60271d61364e0e9a040571145514890d5e236e9b8f021289b2a974fbc4,133D,PROPRIETAIRE,,,UNAVAILABLE,True,missing_value,not_a_text_check,"[""""]",,[],,[],False,False
INFRASTRUCTURE,1,bf99bc60271d61364e0e9a040571145514890d5e236e9b8f021289b2a974fbc4,133D,GESTIONNAIRE,,,UNAVAILABLE,True,missing_value,not_a_text_check,"[""""]",,[],,[],False,False
INFRASTRUCTURE,1,bf99bc60271d61364e0e9a040571145514890d5e236e9b8f021289b2a974fbc4,133D,LONGUEUR,194.94703688820957,194.94703688820957,DWG_DERIVED:GEODATA+EPSG3857-geometry-length,False,exact,not_a_text_check,"[""""]",,[],,[],False,False
INFRASTRUCTURE,1,bf99bc60271d61364e0e9a040571145514890d5e236e9b8f021289b2a974fbc4,133D,display_label,,,UNAVAILABLE,True,missing_value,not_a_text_check,"[""""]",,[],,[],False,False
INFRASTRUCTURE,1,bf99bc60271d61364e0e9a040571145514890d5e236e9b8f021289b2a974fbc4,133D,delivery_grid_length_m,194.94703688820957,194.94703688820957,DWG_DERIVED:GEODATA+EPSG3857-geometry-length,False,exact,not_a_text_check,"[""""]",,[],,[],False,False
INFRASTRUCTURE,1,bf99bc60271d61364e0e9a040571145514890d5e236e9b8f021289b2a974fbc4,133D,geodesic_length_m,193.34869512297794,193.34869512297794,DWG_DERIVED:GEODATA+WGS84-geodesic,False,exact,not_a_text_check,"[""""]",,[],,[],False,False
INFRASTRUCTURE,2,d13eb9c5d51032633d096405d5a97abed3130f089b35834ffd5e2adf994908a3,13D4,CODE,INFRA-CAD-13D4,INFRA-CAD-13D4,DWG_DERIVED:cable-collection-member,False,exact,no_exact_match_requires_relation_or_derivation,"[""""]",,[],,[],False,False
INFRASTRUCTURE,2,d13eb9c5d51032633d096405d5a97abed3130f089b35834ffd5e2adf994908a3,13D4,REF_PLAQUE,,,UNAVAILABLE,True,missing_value,not_a_text_check,"[""""]",,[],,[],False,False
INFRASTRUCTURE,2,d13eb9c5d51032633d096405d5a97abed3130f089b35834ffd5e2adf994908a3,13D4,TYPE,,,UNAVAILABLE,True,missing_value,not_a_text_check,"[""""]",,[],,[],False,False
INFRASTRUCTURE,2,d13eb9c5d51032633d096405d5a97abed3130f089b35834ffd5e2adf994908a3,13D4,TYPE_LOG,,,UNAVAILABLE,True,missing_value,not_a_text_check,"[""""]",,[],,[],False,False
INFRASTRUCTURE,2,d13eb9c5d51032633d096405d5a97abed3130f089b35834ffd5e2adf994908a3,13D4,STATUT,,,UNAVAILABLE,True,missing_value,not_a_text_check,"[""""]",,[],,[],False,False
INFRASTRUCTURE,2,d13eb9c5d51032633d096405d5a97abed3130f089b35834ffd5e2adf994908a3,13D4,PROPRIETAIRE,,,UNAVAILABLE,True,missing_value,not_a_text_check,"[""""]",,[],,[],False,False
INFRASTRUCTURE,2,d13eb9c5d51032633d096405d5a97abed3130f089b35834ffd5e2adf994908a3,13D4,GESTIONNAIRE,,,UNAVAILABLE,True,missing_value,not_a_text_check,"[""""]",,[],,[],False,False
INFRASTRUCTURE,2,d13eb9c5d51032633d096405d5a97abed3130f089b35834ffd5e2adf994908a3,13D4,LONGUEUR,46.01874642417025,46.01874642417025,DWG_DERIVED:GEODATA+EPSG3857-geometry-length,False,exact,not_a_text_check,"[""""]",,[],,[],False,False
INFRASTRUCTURE,2,d13eb9c5d51032633d096405d5a97abed3130f089b35834ffd5e2adf994908a3,13D4,display_label,,,UNAVAILABLE,True,missing_value,not_a_text_check,"[""""]",,[],,[],False,False
INFRASTRUCTURE,2,d13eb9c5d51032633d096405d5a97abed3130f089b35834ffd5e2adf994908a3,13D4,delivery_grid_length_m,46.01874642417025,46.01874642417025,DWG_DERIVED:GEODATA+EPSG3857-geometry-length,False,exact,not_a_text_check,"[""""]",,[],,[],False,False
INFRASTRUCTURE,2,d13eb9c5d51032633d096405d5a97abed3130f089b35834ffd5e2adf994908a3,13D4,geodesic_length_m,45.640427331741066,45.640427331741066,DWG_DERIVED:GEODATA+WGS84-geodesic,False,exact,not_a_text_check,"[""""]",,[],,[],False,False
INFRASTRUCTURE,3,dbecab69c0232bf881db794af4908d38d3cd6999089b36db3a4b849c490d8758,13DA,CODE,INFRA-CAD-13DA,INFRA-CAD-13DA,DWG_DERIVED:cable-collection-member,False,exact,no_exact_match_requires_relation_or_derivation,"[""""]",,[],,[],False,False
INFRASTRUCTURE,3,dbecab69c0232bf881db794af4908d38d3cd6999089b36db3a4b849c490d8758,13DA,REF_PLAQUE,,,UNAVAILABLE,True,missing_value,not_a_text_check,"[""""]",,[],,[],False,False
INFRASTRUCTURE,3,dbecab69c0232bf881db794af4908d38d3cd6999089b36db3a4b849c490d8758,13DA,TYPE,,,UNAVAILABLE,True,missing_value,not_a_text_check,"[""""]",,[],,[],False,False
INFRASTRUCTURE,3,dbecab69c0232bf881db794af4908d38d3cd6999089b36db3a4b849c490d8758,13DA,TYPE_LOG,,,UNAVAILABLE,True,missing_value,not_a_text_check,"[""""]",,[],,[],False,False
INFRASTRUCTURE,3,dbecab69c0232bf881db794af4908d38d3cd6999089b36db3a4b849c490d8758,13DA,STATUT,,,UNAVAILABLE,True,missing_value,not_a_text_check,"[""""]",,[],,[],False,False
INFRASTRUCTURE,3,dbecab69c0232bf881db794af4908d38d3cd6999089b36db3a4b849c490d8758,13DA,PROPRIETAIRE,,,UNAVAILABLE,True,missing_value,not_a_text_check,"[""""]",,[],,[],False,False
INFRASTRUCTURE,3,dbecab69c0232bf881db794af4908d38d3cd6999089b36db3a4b849c490d8758,13DA,GESTIONNAIRE,,,UNAVAILABLE,True,missing_value,not_a_text_check,"[""""]",,[],,[],False,False
INFRASTRUCTURE,3,dbecab69c0232bf881db794af4908d38d3cd6999089b36db3a4b849c490d8758,13DA,LONGUEUR,22.81408935527378,22.81408935527378,DWG_DERIVED:GEODATA+EPSG3857-geometry-length,False,exact,not_a_text_check,"[""""]",,[],,[],False,False
INFRASTRUCTURE,3,dbecab69c0232bf881db794af4908d38d3cd6999089b36db3a4b849c490d8758,13DA,display_label,,,UNAVAILABLE,True,missing_value,not_a_text_check,"[""""]",,[],,[],False,False
INFRASTRUCTURE,3,dbecab69c0232bf881db794af4908d38d3cd6999089b36db3a4b849c490d8758,13DA,delivery_grid_length_m,22.81408935527378,22.81408935527378,DWG_DERIVED:GEODATA+EPSG3857-geometry-length,False,exact,not_a_text_check,"[""""]",,[],,[],False,False
INFRASTRUCTURE,3,dbecab69c0232bf881db794af4908d38d3cd6999089b36db3a4b849c490d8758,13DA,geodesic_length_m,22.620222903897183,22.620222903897183,DWG_DERIVED:GEODATA+WGS84-geodesic,False,exact,not_a_text_check,"[""""]",,[],,[],False,False
INFRASTRUCTURE,4,777b615ee08c5c1f278038c9cd7fab8c8de65f3c7b4f5217a64dde97e1af4544,13DB,CODE,INFRA-CAD-13DB,INFRA-CAD-13DB,DWG_DERIVED:cable-collection-member,False,exact,no_exact_match_requires_relation_or_derivation,"[""""]",,[],,[],False,False
INFRASTRUCTURE,4,777b615ee08c5c1f278038c9cd7fab8c8de65f3c7b4f5217a64dde97e1af4544,13DB,REF_PLAQUE,,,UNAVAILABLE,True,missing_value,not_a_text_check,"[""""]",,[],,[],False,False
INFRASTRUCTURE,4,777b615ee08c5c1f278038c9cd7fab8c8de65f3c7b4f5217a64dde97e1af4544,13DB,TYPE,,,UNAVAILABLE,True,missing_value,not_a_text_check,"[""""]",,[],,[],False,False
INFRASTRUCTURE,4,777b615ee08c5c1f278038c9cd7fab8c8de65f3c7b4f5217a64dde97e1af4544,13DB,TYPE_LOG,,,UNAVAILABLE,True,missing_value,not_a_text_check,"[""""]",,[],,[],False,False
INFRASTRUCTURE,4,777b615ee08c5c1f278038c9cd7fab8c8de65f3c7b4f5217a64dde97e1af4544,13DB,STATUT,,,UNAVAILABLE,True,missing_value,not_a_text_check,"[""""]",,[],,[],False,False
INFRASTRUCTURE,4,777b615ee08c5c1f278038c9cd7fab8c8de65f3c7b4f5217a64dde97e1af4544,13DB,PROPRIETAIRE,,,UNAVAILABLE,True,missing_value,not_a_text_check,"[""""]",,[],,[],False,False
INFRASTRUCTURE,4,777b615ee08c5c1f278038c9cd7fab8c8de65f3c7b4f5217a64dde97e1af4544,13DB,GESTIONNAIRE,,,UNAVAILABLE,True,missing_value,not_a_text_check,"[""""]",,[],,[],False,False
INFRASTRUCTURE,4,777b615ee08c5c1f278038c9cd7fab8c8de65f3c7b4f5217a64dde97e1af4544,13DB,LONGUEUR,41.98136408593653,41.98136408593653,DWG_DERIVED:GEODATA+EPSG3857-geometry-length,False,exact,not_a_text_check,"[""""]",,[],,[],False,False
INFRASTRUCTURE,4,777b615ee08c5c1f278038c9cd7fab8c8de65f3c7b4f5217a64dde97e1af4544,13DB,display_label,,,UNAVAILABLE,True,missing_value,not_a_text_check,"[""""]",,[],,[],False,False
INFRASTRUCTURE,4,777b615ee08c5c1f278038c9cd7fab8c8de65f3c7b4f5217a64dde97e1af4544,13DB,delivery_grid_length_m,41.98136408593653,41.98136408593653,DWG_DERIVED:GEODATA+EPSG3857-geometry-length,False,exact,not_a_text_check,"[""""]",,[],,[],False,False
INFRASTRUCTURE,4,777b615ee08c5c1f278038c9cd7fab8c8de65f3c7b4f5217a64dde97e1af4544,13DB,geodesic_length_m,41.36804988327206,41.36804988327206,DWG_DERIVED:GEODATA+WGS84-geodesic,False,exact,not_a_text_check,"[""""]",,[],,[],False,False
INFRASTRUCTURE,5,1f2b838bb3d2f64c499a594d08e9ac43b335df4c5f0d19e0f6d2bf142b646859,13D6,CODE,INFRA-CAD-13D6,INFRA-CAD-13D6,DWG_DERIVED:cable-collection-member,False,exact,no_exact_match_requires_relation_or_derivation,"[""""]",,[],,[],False,False
INFRASTRUCTURE,5,1f2b838bb3d2f64c499a594d08e9ac43b335df4c5f0d19e0f6d2bf142b646859,13D6,REF_PLAQUE,,,UNAVAILABLE,True,missing_value,not_a_text_check,"[""""]",,[],,[],False,False
INFRASTRUCTURE,5,1f2b838bb3d2f64c499a594d08e9ac43b335df4c5f0d19e0f6d2bf142b646859,13D6,TYPE,,,UNAVAILABLE,True,missing_value,not_a_text_check,"[""""]",,[],,[],False,False
INFRASTRUCTURE,5,1f2b838bb3d2f64c499a594d08e9ac43b335df4c5f0d19e0f6d2bf142b646859,13D6,TYPE_LOG,,,UNAVAILABLE,True,missing_value,not_a_text_check,"[""""]",,[],,[],False,False
INFRASTRUCTURE,5,1f2b838bb3d2f64c499a594d08e9ac43b335df4c5f0d19e0f6d2bf142b646859,13D6,STATUT,,,UNAVAILABLE,True,missing_value,not_a_text_check,"[""""]",,[],,[],False,False
INFRASTRUCTURE,5,1f2b838bb3d2f64c499a594d08e9ac43b335df4c5f0d19e0f6d2bf142b646859,13D6,PROPRIETAIRE,,,UNAVAILABLE,True,missing_value,not_a_text_check,"[""""]",,[],,[],False,False
INFRASTRUCTURE,5,1f2b838bb3d2f64c499a594d08e9ac43b335df4c5f0d19e0f6d2bf142b646859,13D6,GESTIONNAIRE,,,UNAVAILABLE,True,missing_value,not_a_text_check,"[""""]",,[],,[],False,False
INFRASTRUCTURE,5,1f2b838bb3d2f64c499a594d08e9ac43b335df4c5f0d19e0f6d2bf142b646859,13D6,LONGUEUR,23.32284094629103,23.32284094629103,DWG_DERIVED:GEODATA+EPSG3857-geometry-length,False,exact,not_a_text_check,"[""""]",,[],,[],False,False
INFRASTRUCTURE,5,1f2b838bb3d2f64c499a594d08e9ac43b335df4c5f0d19e0f6d2bf142b646859,13D6,display_label,,,UNAVAILABLE,True,missing_value,not_a_text_check,"[""""]",,[],,[],False,False
INFRASTRUCTURE,5,1f2b838bb3d2f64c499a594d08e9ac43b335df4c5f0d19e0f6d2bf142b646859,13D6,delivery_grid_length_m,23.32284094629103,23.32284094629103,DWG_DERIVED:GEODATA+EPSG3857-geometry-length,False,exact,not_a_text_check,"[""""]",,[],,[],False,False
INFRASTRUCTURE,5,1f2b838bb3d2f64c499a594d08e9ac43b335df4c5f0d19e0f6d2bf142b646859,13D6,geodesic_length_m,22.987144672060666,22.987144672060666,DWG_DERIVED:GEODATA+WGS84-geodesic,False,exact,not_a_text_check,"[""""]",,[],,[],False,False
INFRASTRUCTURE,6,71a07320987f2afba470581eca3ca0a83bf776bb48dcbb49f365f2ac6792e6a0,13D9,CODE,INFRA-CAD-13D9,INFRA-CAD-13D9,DWG_DERIVED:cable-collection-member,False,exact,no_exact_match_requires_relation_or_derivation,"[""""]",,[],,[],False,False
INFRASTRUCTURE,6,71a07320987f2afba470581eca3ca0a83bf776bb48dcbb49f365f2ac6792e6a0,13D9,REF_PLAQUE,,,UNAVAILABLE,True,missing_value,not_a_text_check,"[""""]",,[],,[],False,False
INFRASTRUCTURE,6,71a07320987f2afba470581eca3ca0a83bf776bb48dcbb49f365f2ac6792e6a0,13D9,TYPE,,,UNAVAILABLE,True,missing_value,not_a_text_check,"[""""]",,[],,[],False,False
INFRASTRUCTURE,6,71a07320987f2afba470581eca3ca0a83bf776bb48dcbb49f365f2ac6792e6a0,13D9,TYPE_LOG,,,UNAVAILABLE,True,missing_value,not_a_text_check,"[""""]",,[],,[],False,False
INFRASTRUCTURE,6,71a07320987f2afba470581eca3ca0a83bf776bb48dcbb49f365f2ac6792e6a0,13D9,STATUT,,,UNAVAILABLE,True,missing_value,not_a_text_check,"[""""]",,[],,[],False,False
INFRASTRUCTURE,6,71a07320987f2afba470581eca3ca0a83bf776bb48dcbb49f365f2ac6792e6a0,13D9,PROPRIETAIRE,,,UNAVAILABLE,True,missing_value,not_a_text_check,"[""""]",,[],,[],False,False
INFRASTRUCTURE,6,71a07320987f2afba470581eca3ca0a83bf776bb48dcbb49f365f2ac6792e6a0,13D9,GESTIONNAIRE,,,UNAVAILABLE,True,missing_value,not_a_text_check,"[""""]",,[],,[],False,False
INFRASTRUCTURE,6,71a07320987f2afba470581eca3ca0a83bf776bb48dcbb49f365f2ac6792e6a0,13D9,LONGUEUR,35.52197102494423,35.52197102494423,DWG_DERIVED:GEODATA+EPSG3857-geometry-length,False,exact,not_a_text_check,"[""""]",,[],,[],False,False
INFRASTRUCTURE,6,71a07320987f2afba470581eca3ca0a83bf776bb48dcbb49f365f2ac6792e6a0,13D9,display_label,,,UNAVAILABLE,True,missing_value,not_a_text_check,"[""""]",,[],,[],False,False
INFRASTRUCTURE,6,71a07320987f2afba470581eca3ca0a83bf776bb48dcbb49f365f2ac6792e6a0,13D9,delivery_grid_length_m,35.52197102494423,35.52197102494423,DWG_DERIVED:GEODATA+EPSG3857-geometry-length,False,exact,not_a_text_check,"[""""]",,[],,[],False,False
INFRASTRUCTURE,6,71a07320987f2afba470581eca3ca0a83bf776bb48dcbb49f365f2ac6792e6a0,13D9,geodesic_length_m,35.00743618691207,35.00743618691207,DWG_DERIVED:GEODATA+WGS84-geodesic,False,exact,not_a_text_check,"[""""]",,[],,[],False,False
INFRASTRUCTURE,7,be78fc2c3dfddda61de071646d8daf45e01bea360560e62c6b581f257325af38,13D7,CODE,INFRA-CAD-13D7,INFRA-CAD-13D7,DWG_DERIVED:cable-collection-member,False,exact,no_exact_match_requires_relation_or_derivation,"[""""]",,[],,[],False,False
INFRASTRUCTURE,7,be78fc2c3dfddda61de071646d8daf45e01bea360560e62c6b581f257325af38,13D7,REF_PLAQUE,,,UNAVAILABLE,True,missing_value,not_a_text_check,"[""""]",,[],,[],False,False
INFRASTRUCTURE,7,be78fc2c3dfddda61de071646d8daf45e01bea360560e62c6b581f257325af38,13D7,TYPE,,,UNAVAILABLE,True,missing_value,not_a_text_check,"[""""]",,[],,[],False,False
INFRASTRUCTURE,7,be78fc2c3dfddda61de071646d8daf45e01bea360560e62c6b581f257325af38,13D7,TYPE_LOG,,,UNAVAILABLE,True,missing_value,not_a_text_check,"[""""]",,[],,[],False,False
INFRASTRUCTURE,7,be78fc2c3dfddda61de071646d8daf45e01bea360560e62c6b581f257325af38,13D7,STATUT,,,UNAVAILABLE,True,missing_value,not_a_text_check,"[""""]",,[],,[],False,False
INFRASTRUCTURE,7,be78fc2c3dfddda61de071646d8daf45e01bea360560e62c6b581f257325af38,13D7,PROPRIETAIRE,,,UNAVAILABLE,True,missing_value,not_a_text_check,"[""""]",,[],,[],False,False
INFRASTRUCTURE,7,be78fc2c3dfddda61de071646d8daf45e01bea360560e62c6b581f257325af38,13D7,GESTIONNAIRE,,,UNAVAILABLE,True,missing_value,not_a_text_check,"[""""]",,[],,[],False,False
INFRASTRUCTURE,7,be78fc2c3dfddda61de071646d8daf45e01bea360560e62c6b581f257325af38,13D7,LONGUEUR,34.81755352634771,34.81755352634771,DWG_DERIVED:GEODATA+EPSG3857-geometry-length,False,exact,not_a_text_check,"[""""]",,[],,[],False,False
INFRASTRUCTURE,7,be78fc2c3dfddda61de071646d8daf45e01bea360560e62c6b581f257325af38,13D7,display_label,,,UNAVAILABLE,True,missing_value,not_a_text_check,"[""""]",,[],,[],False,False
INFRASTRUCTURE,7,be78fc2c3dfddda61de071646d8daf45e01bea360560e62c6b581f257325af38,13D7,delivery_grid_length_m,34.81755352634771,34.81755352634771,DWG_DERIVED:GEODATA+EPSG3857-geometry-length,False,exact,not_a_text_check,"[""""]",,[],,[],False,False
INFRASTRUCTURE,7,be78fc2c3dfddda61de071646d8daf45e01bea360560e62c6b581f257325af38,13D7,geodesic_length_m,34.52462431729472,34.52462431729472,DWG_DERIVED:GEODATA+WGS84-geodesic,False,exact,not_a_text_check,"[""""]",,[],,[],False,False
INFRASTRUCTURE,8,be4e130f6781b75f2783337ca3b85ca1ec0e0d555bc74ba66c79bce05606ac17,133B,CODE,INFRA-CAD-133B,INFRA-CAD-133B,DWG_DERIVED:cable-collection-member,False,exact,no_exact_match_requires_relation_or_derivation,"[""""]",,[],,[],False,False
INFRASTRUCTURE,8,be4e130f6781b75f2783337ca3b85ca1ec0e0d555bc74ba66c79bce05606ac17,133B,REF_PLAQUE,,,UNAVAILABLE,True,missing_value,not_a_text_check,"[""""]",,[],,[],False,False
INFRASTRUCTURE,8,be4e130f6781b75f2783337ca3b85ca1ec0e0d555bc74ba66c79bce05606ac17,133B,TYPE,,,UNAVAILABLE,True,missing_value,not_a_text_check,"[""""]",,[],,[],False,False
INFRASTRUCTURE,8,be4e130f6781b75f2783337ca3b85ca1ec0e0d555bc74ba66c79bce05606ac17,133B,TYPE_LOG,,,UNAVAILABLE,True,missing_value,not_a_text_check,"[""""]",,[],,[],False,False
INFRASTRUCTURE,8,be4e130f6781b75f2783337ca3b85ca1ec0e0d555bc74ba66c79bce05606ac17,133B,STATUT,,,UNAVAILABLE,True,missing_value,not_a_text_check,"[""""]",,[],,[],False,False
INFRASTRUCTURE,8,be4e130f6781b75f2783337ca3b85ca1ec0e0d555bc74ba66c79bce05606ac17,133B,PROPRIETAIRE,,,UNAVAILABLE,True,missing_value,not_a_text_check,"[""""]",,[],,[],False,False
INFRASTRUCTURE,8,be4e130f6781b75f2783337ca3b85ca1ec0e0d555bc74ba66c79bce05606ac17,133B,GESTIONNAIRE,,,UNAVAILABLE,True,missing_value,not_a_text_check,"[""""]",,[],,[],False,False
INFRASTRUCTURE,8,be4e130f6781b75f2783337ca3b85ca1ec0e0d555bc74ba66c79bce05606ac17,133B,LONGUEUR,534.2610835670193,534.2610835670193,DWG_DERIVED:GEODATA+EPSG3857-geometry-length,False,exact,not_a_text_check,"[""""]",,[],,[],False,False
INFRASTRUCTURE,8,be4e130f6781b75f2783337ca3b85ca1ec0e0d555bc74ba66c79bce05606ac17,133B,display_label,,,UNAVAILABLE,True,missing_value,not_a_text_check,"[""""]",,[],,[],False,False
INFRASTRUCTURE,8,be4e130f6781b75f2783337ca3b85ca1ec0e0d555bc74ba66c79bce05606ac17,133B,delivery_grid_length_m,534.2610835670193,534.2610835670193,DWG_DERIVED:GEODATA+EPSG3857-geometry-length,False,exact,not_a_text_check,"[""""]",,[],,[],False,False
INFRASTRUCTURE,8,be4e130f6781b75f2783337ca3b85ca1ec0e0d555bc74ba66c79bce05606ac17,133B,geodesic_length_m,528.8328925423556,528.8328925423556,DWG_DERIVED:GEODATA+WGS84-geodesic,False,exact,not_a_text_check,"[""""]",,[],,[],False,False
INFRASTRUCTURE,9,82ad9506ee0f0da3112702174a68ad8a8e28a659eeb57a6fd52591e02a6928ca,133C,CODE,INFRA-CAD-133C,INFRA-CAD-133C,DWG_DERIVED:cable-collection-member,False,exact,no_exact_match_requires_relation_or_derivation,"[""""]",,[],,[],False,False
INFRASTRUCTURE,9,82ad9506ee0f0da3112702174a68ad8a8e28a659eeb57a6fd52591e02a6928ca,133C,REF_PLAQUE,,,UNAVAILABLE,True,missing_value,not_a_text_check,"[""""]",,[],,[],False,False
INFRASTRUCTURE,9,82ad9506ee0f0da3112702174a68ad8a8e28a659eeb57a6fd52591e02a6928ca,133C,TYPE,,,UNAVAILABLE,True,missing_value,not_a_text_check,"[""""]",,[],,[],False,False
INFRASTRUCTURE,9,82ad9506ee0f0da3112702174a68ad8a8e28a659eeb57a6fd52591e02a6928ca,133C,TYPE_LOG,,,UNAVAILABLE,True,missing_value,not_a_text_check,"[""""]",,[],,[],False,False
INFRASTRUCTURE,9,82ad9506ee0f0da3112702174a68ad8a8e28a659eeb57a6fd52591e02a6928ca,133C,STATUT,,,UNAVAILABLE,True,missing_value,not_a_text_check,"[""""]",,[],,[],False,False
INFRASTRUCTURE,9,82ad9506ee0f0da3112702174a68ad8a8e28a659eeb57a6fd52591e02a6928ca,133C,PROPRIETAIRE,,,UNAVAILABLE,True,missing_value,not_a_text_check,"[""""]",,[],,[],False,False
INFRASTRUCTURE,9,82ad9506ee0f0da3112702174a68ad8a8e28a659eeb57a6fd52591e02a6928ca,133C,GESTIONNAIRE,,,UNAVAILABLE,True,missing_value,not_a_text_check,"[""""]",,[],,[],False,False
INFRASTRUCTURE,9,82ad9506ee0f0da3112702174a68ad8a8e28a659eeb57a6fd52591e02a6928ca,133C,LONGUEUR,155.95774078867777,155.95774078867777,DWG_DERIVED:GEODATA+EPSG3857-geometry-length,False,exact,not_a_text_check,"[""""]",,[],,[],False,False
INFRASTRUCTURE,9,82ad9506ee0f0da3112702174a68ad8a8e28a659eeb57a6fd52591e02a6928ca,133C,display_label,,,UNAVAILABLE,True,missing_value,not_a_text_check,"[""""]",,[],,[],False,False
INFRASTRUCTURE,9,82ad9506ee0f0da3112702174a68ad8a8e28a659eeb57a6fd52591e02a6928ca,133C,delivery_grid_length_m,155.95774078867777,155.95774078867777,DWG_DERIVED:GEODATA+EPSG3857-geometry-length,False,exact,not_a_text_check,"[""""]",,[],,[],False,False
INFRASTRUCTURE,9,82ad9506ee0f0da3112702174a68ad8a8e28a659eeb57a6fd52591e02a6928ca,133C,geodesic_length_m,154.04343112026584,154.04343112026584,DWG_DERIVED:GEODATA+WGS84-geodesic,False,exact,not_a_text_check,"[""""]",,[],,[],False,False
CABLE,1,1f2b838bb3d2f64c499a594d08e9ac43b335df4c5f0d19e0f6d2bf142b646859,13D6,CODE,CABLE-CAD-13D6,CABLE-CAD-13D6,DWG_DERIVED:stable-handle-id,False,exact,no_exact_match_requires_relation_or_derivation,"[""""]",,[],,[],False,False
CABLE,1,1f2b838bb3d2f64c499a594d08e9ac43b335df4c5f0d19e0f6d2bf142b646859,13D6,delivery_grid_length_m,23.32284094629103,23.32284094629103,DWG_DERIVED:GEODATA+EPSG3857-geometry-length,False,exact,not_a_text_check,"[""""]",,[],,[],False,False
CABLE,1,1f2b838bb3d2f64c499a594d08e9ac43b335df4c5f0d19e0f6d2bf142b646859,13D6,geodesic_length_m,22.987144672060666,22.987144672060666,DWG_DERIVED:GEODATA+WGS84-geodesic,False,exact,not_a_text_check,"[""""]",,[],,[],False,False
CABLE,1,1f2b838bb3d2f64c499a594d08e9ac43b335df4c5f0d19e0f6d2bf142b646859,13D6,LONGUEUR,23.32284094629103,23.32284094629103,DWG_DERIVED:GEODATA+EPSG3857-geometry-length,False,exact,not_a_text_check,"[""""]",,[],,[],False,False
CABLE,1,1f2b838bb3d2f64c499a594d08e9ac43b335df4c5f0d19e0f6d2bf142b646859,13D6,display_label,,,UNAVAILABLE,True,missing_value,not_a_text_check,"[""""]",,[],,[],False,False
CABLE,1,1f2b838bb3d2f64c499a594d08e9ac43b335df4c5f0d19e0f6d2bf142b646859,13D6,source_cad_length_m,22.987743920227057,22.987743920227057,DWG_DIRECT:AutoCAD-curve-distance,False,exact,not_a_text_check,"[""""]",,[],,[],False,False
CABLE,1,1f2b838bb3d2f64c499a594d08e9ac43b335df4c5f0d19e0f6d2bf142b646859,13D6,dimension_length_m,,,DWG_DIRECT:SPAN-CABLE-measurements,True,missing_value,not_a_text_check,"[""""]",,[],,[],False,False
CABLE,1,1f2b838bb3d2f64c499a594d08e9ac43b335df4c5f0d19e0f6d2bf142b646859,13D6,source_segment_sum_m,,22.987743920227057,DWG_DERIVED:source-segment-native-curve-length-sum,True,missing_value,not_a_text_check,"[""""]",,[],,[],False,False
CABLE,1,1f2b838bb3d2f64c499a594d08e9ac43b335df4c5f0d19e0f6d2bf142b646859,13D6,source_native_length_delta_m,,0.0,DWG_DERIVED:AutoCAD-minus-segment-sum,True,missing_value,not_a_text_check,"[""""]",,[],,[],False,False
CABLE,2,82ad9506ee0f0da3112702174a68ad8a8e28a659eeb57a6fd52591e02a6928ca,133C,CODE,CABLE-CAD-133C,CABLE-CAD-133C,DWG_DERIVED:stable-handle-id,False,exact,no_exact_match_requires_relation_or_derivation,"[""""]",,[],,[],False,False
CABLE,2,82ad9506ee0f0da3112702174a68ad8a8e28a659eeb57a6fd52591e02a6928ca,133C,delivery_grid_length_m,31.834834640667314,155.95774078867777,DWG_DERIVED:GEODATA+EPSG3857-geometry-length,False,segment_derived_value,not_a_text_check,"[""""]",,[],,[],False,False
CABLE,2,82ad9506ee0f0da3112702174a68ad8a8e28a659eeb57a6fd52591e02a6928ca,133C,geodesic_length_m,31.573662061824123,154.04343112026584,DWG_DERIVED:GEODATA+WGS84-geodesic,False,segment_derived_value,not_a_text_check,"[""""]",,[],,[],False,False
CABLE,2,82ad9506ee0f0da3112702174a68ad8a8e28a659eeb57a6fd52591e02a6928ca,133C,LONGUEUR,31.834834640667314,155.95774078867777,DWG_DERIVED:GEODATA+EPSG3857-geometry-length,False,segment_derived_value,not_a_text_check,"[""""]",,[],,[],False,False
CABLE,2,82ad9506ee0f0da3112702174a68ad8a8e28a659eeb57a6fd52591e02a6928ca,133C,display_label,,,UNAVAILABLE,True,missing_value,not_a_text_check,"[""""]",,[],,[],False,False
CABLE,2,82ad9506ee0f0da3112702174a68ad8a8e28a659eeb57a6fd52591e02a6928ca,133C,source_cad_length_m,31.57449444277827,154.04746733662785,DWG_DIRECT:AutoCAD-curve-distance,False,segment_derived_value,not_a_text_check,"[""""]",,[],,[],False,False
CABLE,2,82ad9506ee0f0da3112702174a68ad8a8e28a659eeb57a6fd52591e02a6928ca,133C,dimension_length_m,,,DWG_DIRECT:SPAN-CABLE-measurements,True,missing_value,not_a_text_check,"[""""]",,[],,[],False,False
CABLE,2,82ad9506ee0f0da3112702174a68ad8a8e28a659eeb57a6fd52591e02a6928ca,133C,source_segment_sum_m,,154.04746733662785,DWG_DERIVED:source-segment-native-curve-length-sum,True,missing_value,not_a_text_check,"[""""]",,[],,[],False,False
CABLE,2,82ad9506ee0f0da3112702174a68ad8a8e28a659eeb57a6fd52591e02a6928ca,133C,source_native_length_delta_m,,0.0,DWG_DERIVED:AutoCAD-minus-segment-sum,True,missing_value,not_a_text_check,"[""""]",,[],,[],False,False
CABLE,3,82ad9506ee0f0da3112702174a68ad8a8e28a659eeb57a6fd52591e02a6928ca,133C,CODE,CABLE-CAD-133C,CABLE-CAD-133C,DWG_DERIVED:stable-handle-id,False,exact,no_exact_match_requires_relation_or_derivation,"[""""]",,[],,[],False,False
CABLE,3,82ad9506ee0f0da3112702174a68ad8a8e28a659eeb57a6fd52591e02a6928ca,133C,delivery_grid_length_m,24.399615583622495,155.95774078867777,DWG_DERIVED:GEODATA+EPSG3857-geometry-length,False,segment_derived_value,not_a_text_check,"[""""]",,[],,[],False,False
CABLE,3,82ad9506ee0f0da3112702174a68ad8a8e28a659eeb57a6fd52591e02a6928ca,133C,geodesic_length_m,24.19421821050371,154.04343112026584,DWG_DERIVED:GEODATA+WGS84-geodesic,False,segment_derived_value,not_a_text_check,"[""""]",,[],,[],False,False
CABLE,3,82ad9506ee0f0da3112702174a68ad8a8e28a659eeb57a6fd52591e02a6928ca,133C,LONGUEUR,24.399615583622495,155.95774078867777,DWG_DERIVED:GEODATA+EPSG3857-geometry-length,False,segment_derived_value,not_a_text_check,"[""""]",,[],,[],False,False
CABLE,3,82ad9506ee0f0da3112702174a68ad8a8e28a659eeb57a6fd52591e02a6928ca,133C,display_label,,,UNAVAILABLE,True,missing_value,not_a_text_check,"[""""]",,[],,[],False,False
CABLE,3,82ad9506ee0f0da3112702174a68ad8a8e28a659eeb57a6fd52591e02a6928ca,133C,source_cad_length_m,24.194852972509903,154.04746733662785,DWG_DIRECT:AutoCAD-curve-distance,False,segment_derived_value,not_a_text_check,"[""""]",,[],,[],False,False
CABLE,3,82ad9506ee0f0da3112702174a68ad8a8e28a659eeb57a6fd52591e02a6928ca,133C,dimension_length_m,,,DWG_DIRECT:SPAN-CABLE-measurements,True,missing_value,not_a_text_check,"[""""]",,[],,[],False,False
CABLE,3,82ad9506ee0f0da3112702174a68ad8a8e28a659eeb57a6fd52591e02a6928ca,133C,source_segment_sum_m,,154.04746733662785,DWG_DERIVED:source-segment-native-curve-length-sum,True,missing_value,not_a_text_check,"[""""]",,[],,[],False,False
CABLE,3,82ad9506ee0f0da3112702174a68ad8a8e28a659eeb57a6fd52591e02a6928ca,133C,source_native_length_delta_m,,0.0,DWG_DERIVED:AutoCAD-minus-segment-sum,True,missing_value,not_a_text_check,"[""""]",,[],,[],False,False
CABLE,4,82ad9506ee0f0da3112702174a68ad8a8e28a659eeb57a6fd52591e02a6928ca,133C,CODE,CABLE-CAD-133C,CABLE-CAD-133C,DWG_DERIVED:stable-handle-id,False,exact,no_exact_match_requires_relation_or_derivation,"[""""]",,[],,[],False,False
CABLE,4,82ad9506ee0f0da3112702174a68ad8a8e28a659eeb57a6fd52591e02a6928ca,133C,delivery_grid_length_m,35.77585552286926,155.95774078867777,DWG_DERIVED:GEODATA+EPSG3857-geometry-length,False,segment_derived_value,not_a_text_check,"[""""]",,[],,[],False,False
CABLE,4,82ad9506ee0f0da3112702174a68ad8a8e28a659eeb57a6fd52591e02a6928ca,133C,geodesic_length_m,35.25634308100187,154.04343112026584,DWG_DERIVED:GEODATA+WGS84-geodesic,False,segment_derived_value,not_a_text_check,"[""""]",,[],,[],False,False
CABLE,4,82ad9506ee0f0da3112702174a68ad8a8e28a659eeb57a6fd52591e02a6928ca,133C,LONGUEUR,35.77585552286926,155.95774078867777,DWG_DERIVED:GEODATA+EPSG3857-geometry-length,False,segment_derived_value,not_a_text_check,"[""""]",,[],,[],False,False
CABLE,4,82ad9506ee0f0da3112702174a68ad8a8e28a659eeb57a6fd52591e02a6928ca,133C,display_label,,,UNAVAILABLE,True,missing_value,not_a_text_check,"[""""]",,[],,[],False,False
CABLE,4,82ad9506ee0f0da3112702174a68ad8a8e28a659eeb57a6fd52591e02a6928ca,133C,source_cad_length_m,35.257265640851,154.04746733662785,DWG_DIRECT:AutoCAD-curve-distance,False,segment_derived_value,not_a_text_check,"[""""]",,[],,[],False,False
CABLE,4,82ad9506ee0f0da3112702174a68ad8a8e28a659eeb57a6fd52591e02a6928ca,133C,dimension_length_m,,,DWG_DIRECT:SPAN-CABLE-measurements,True,missing_value,not_a_text_check,"[""""]",,[],,[],False,False
CABLE,4,82ad9506ee0f0da3112702174a68ad8a8e28a659eeb57a6fd52591e02a6928ca,133C,source_segment_sum_m,,154.04746733662785,DWG_DERIVED:source-segment-native-curve-length-sum,True,missing_value,not_a_text_check,"[""""]",,[],,[],False,False
CABLE,4,82ad9506ee0f0da3112702174a68ad8a8e28a659eeb57a6fd52591e02a6928ca,133C,source_native_length_delta_m,,0.0,DWG_DERIVED:AutoCAD-minus-segment-sum,True,missing_value,not_a_text_check,"[""""]",,[],,[],False,False
CABLE,5,82ad9506ee0f0da3112702174a68ad8a8e28a659eeb57a6fd52591e02a6928ca,133C,CODE,CABLE-CAD-133C,CABLE-CAD-133C,DWG_DERIVED:stable-handle-id,False,exact,no_exact_match_requires_relation_or_derivation,"[""""]",,[],,[],False,False
CABLE,5,82ad9506ee0f0da3112702174a68ad8a8e28a659eeb57a6fd52591e02a6928ca,133C,delivery_grid_length_m,19.280151671651527,155.95774078867777,DWG_DERIVED:GEODATA+EPSG3857-geometry-length,False,segment_derived_value,not_a_text_check,"[""""]",,[],,[],False,False
CABLE,5,82ad9506ee0f0da3112702174a68ad8a8e28a659eeb57a6fd52591e02a6928ca,133C,geodesic_length_m,19.00006359389759,154.04343112026584,DWG_DERIVED:GEODATA+WGS84-geodesic,False,segment_derived_value,not_a_text_check,"[""""]",,[],,[],False,False
CABLE,5,82ad9506ee0f0da3112702174a68ad8a8e28a659eeb57a6fd52591e02a6928ca,133C,LONGUEUR,19.280151671651527,155.95774078867777,DWG_DERIVED:GEODATA+EPSG3857-geometry-length,False,segment_derived_value,not_a_text_check,"[""""]",,[],,[],False,False
CABLE,5,82ad9506ee0f0da3112702174a68ad8a8e28a659eeb57a6fd52591e02a6928ca,133C,display_label,,,UNAVAILABLE,True,missing_value,not_a_text_check,"[""""]",,[],,[],False,False
CABLE,5,82ad9506ee0f0da3112702174a68ad8a8e28a659eeb57a6fd52591e02a6928ca,133C,source_cad_length_m,19.00056035522166,154.04746733662785,DWG_DIRECT:AutoCAD-curve-distance,False,segment_derived_value,not_a_text_check,"[""""]",,[],,[],False,False
CABLE,5,82ad9506ee0f0da3112702174a68ad8a8e28a659eeb57a6fd52591e02a6928ca,133C,dimension_length_m,,,DWG_DIRECT:SPAN-CABLE-measurements,True,missing_value,not_a_text_check,"[""""]",,[],,[],False,False
CABLE,5,82ad9506ee0f0da3112702174a68ad8a8e28a659eeb57a6fd52591e02a6928ca,133C,source_segment_sum_m,,154.04746733662785,DWG_DERIVED:source-segment-native-curve-length-sum,True,missing_value,not_a_text_check,"[""""]",,[],,[],False,False
CABLE,5,82ad9506ee0f0da3112702174a68ad8a8e28a659eeb57a6fd52591e02a6928ca,133C,source_native_length_delta_m,,0.0,DWG_DERIVED:AutoCAD-minus-segment-sum,True,missing_value,not_a_text_check,"[""""]",,[],,[],False,False
CABLE,6,82ad9506ee0f0da3112702174a68ad8a8e28a659eeb57a6fd52591e02a6928ca,133C,CODE,CABLE-CAD-133C,CABLE-CAD-133C,DWG_DERIVED:stable-handle-id,False,exact,no_exact_match_requires_relation_or_derivation,"[""""]",,[],,[],False,False
CABLE,6,82ad9506ee0f0da3112702174a68ad8a8e28a659eeb57a6fd52591e02a6928ca,133C,delivery_grid_length_m,44.66728336986718,155.95774078867777,DWG_DERIVED:GEODATA+EPSG3857-geometry-length,False,segment_derived_value,not_a_text_check,"[""""]",,[],,[],False,False
CABLE,6,82ad9506ee0f0da3112702174a68ad8a8e28a659eeb57a6fd52591e02a6928ca,133C,geodesic_length_m,44.019144173038526,154.04343112026584,DWG_DERIVED:GEODATA+WGS84-geodesic,False,segment_derived_value,not_a_text_check,"[""""]",,[],,[],False,False
CABLE,6,82ad9506ee0f0da3112702174a68ad8a8e28a659eeb57a6fd52591e02a6928ca,133C,LONGUEUR,44.66728336986718,155.95774078867777,DWG_DERIVED:GEODATA+EPSG3857-geometry-length,False,segment_derived_value,not_a_text_check,"[""""]",,[],,[],False,False
CABLE,6,82ad9506ee0f0da3112702174a68ad8a8e28a659eeb57a6fd52591e02a6928ca,133C,display_label,,,UNAVAILABLE,True,missing_value,not_a_text_check,"[""""]",,[],,[],False,False
CABLE,6,82ad9506ee0f0da3112702174a68ad8a8e28a659eeb57a6fd52591e02a6928ca,133C,source_cad_length_m,44.020293925267,154.04746733662785,DWG_DIRECT:AutoCAD-curve-distance,False,segment_derived_value,not_a_text_check,"[""""]",,[],,[],False,False
CABLE,6,82ad9506ee0f0da3112702174a68ad8a8e28a659eeb57a6fd52591e02a6928ca,133C,dimension_length_m,,,DWG_DIRECT:SPAN-CABLE-measurements,True,missing_value,not_a_text_check,"[""""]",,[],,[],False,False
CABLE,6,82ad9506ee0f0da3112702174a68ad8a8e28a659eeb57a6fd52591e02a6928ca,133C,source_segment_sum_m,,154.04746733662785,DWG_DERIVED:source-segment-native-curve-length-sum,True,missing_value,not_a_text_check,"[""""]",,[],,[],False,False
CABLE,6,82ad9506ee0f0da3112702174a68ad8a8e28a659eeb57a6fd52591e02a6928ca,133C,source_native_length_delta_m,,0.0,DWG_DERIVED:AutoCAD-minus-segment-sum,True,missing_value,not_a_text_check,"[""""]",,[],,[],False,False
CABLE,7,71a07320987f2afba470581eca3ca0a83bf776bb48dcbb49f365f2ac6792e6a0,13D9,CODE,CABLE-CAD-13D9,CABLE-CAD-13D9,DWG_DERIVED:stable-handle-id,False,exact,no_exact_match_requires_relation_or_derivation,"[""""]",,[],,[],False,False
CABLE,7,71a07320987f2afba470581eca3ca0a83bf776bb48dcbb49f365f2ac6792e6a0,13D9,delivery_grid_length_m,35.52197102494423,35.52197102494423,DWG_DERIVED:GEODATA+EPSG3857-geometry-length,False,exact,not_a_text_check,"[""""]",,[],,[],False,False
CABLE,7,71a07320987f2afba470581eca3ca0a83bf776bb48dcbb49f365f2ac6792e6a0,13D9,geodesic_length_m,35.00743618691207,35.00743618691207,DWG_DERIVED:GEODATA+WGS84-geodesic,False,exact,not_a_text_check,"[""""]",,[],,[],False,False
CABLE,7,71a07320987f2afba470581eca3ca0a83bf776bb48dcbb49f365f2ac6792e6a0,13D9,LONGUEUR,35.52197102494423,35.52197102494423,DWG_DERIVED:GEODATA+EPSG3857-geometry-length,False,exact,not_a_text_check,"[""""]",,[],,[],False,False
CABLE,7,71a07320987f2afba470581eca3ca0a83bf776bb48dcbb49f365f2ac6792e6a0,13D9,display_label,,,UNAVAILABLE,True,missing_value,not_a_text_check,"[""""]",,[],,[],False,False
CABLE,7,71a07320987f2afba470581eca3ca0a83bf776bb48dcbb49f365f2ac6792e6a0,13D9,source_cad_length_m,35.008352348794624,35.008352348794624,DWG_DIRECT:AutoCAD-curve-distance,False,exact,not_a_text_check,"[""""]",,[],,[],False,False
CABLE,7,71a07320987f2afba470581eca3ca0a83bf776bb48dcbb49f365f2ac6792e6a0,13D9,dimension_length_m,,,DWG_DIRECT:SPAN-CABLE-measurements,True,missing_value,not_a_text_check,"[""""]",,[],,[],False,False
CABLE,7,71a07320987f2afba470581eca3ca0a83bf776bb48dcbb49f365f2ac6792e6a0,13D9,source_segment_sum_m,,35.008352348794624,DWG_DERIVED:source-segment-native-curve-length-sum,True,missing_value,not_a_text_check,"[""""]",,[],,[],False,False
CABLE,7,71a07320987f2afba470581eca3ca0a83bf776bb48dcbb49f365f2ac6792e6a0,13D9,source_native_length_delta_m,,0.0,DWG_DERIVED:AutoCAD-minus-segment-sum,True,missing_value,not_a_text_check,"[""""]",,[],,[],False,False
CABLE,8,d13eb9c5d51032633d096405d5a97abed3130f089b35834ffd5e2adf994908a3,13D4,CODE,CABLE-CAD-13D4,CABLE-CAD-13D4,DWG_DERIVED:stable-handle-id,False,exact,no_exact_match_requires_relation_or_derivation,"[""""]",,[],,[],False,False
CABLE,8,d13eb9c5d51032633d096405d5a97abed3130f089b35834ffd5e2adf994908a3,13D4,delivery_grid_length_m,46.01874642417025,46.01874642417025,DWG_DERIVED:GEODATA+EPSG3857-geometry-length,False,exact,not_a_text_check,"[""""]",,[],,[],False,False
CABLE,8,d13eb9c5d51032633d096405d5a97abed3130f089b35834ffd5e2adf994908a3,13D4,geodesic_length_m,45.640427331741066,45.640427331741066,DWG_DERIVED:GEODATA+WGS84-geodesic,False,exact,not_a_text_check,"[""""]",,[],,[],False,False
CABLE,8,d13eb9c5d51032633d096405d5a97abed3130f089b35834ffd5e2adf994908a3,13D4,LONGUEUR,46.01874642417025,46.01874642417025,DWG_DERIVED:GEODATA+EPSG3857-geometry-length,False,exact,not_a_text_check,"[""""]",,[],,[],False,False
CABLE,8,d13eb9c5d51032633d096405d5a97abed3130f089b35834ffd5e2adf994908a3,13D4,display_label,,,UNAVAILABLE,True,missing_value,not_a_text_check,"[""""]",,[],,[],False,False
CABLE,8,d13eb9c5d51032633d096405d5a97abed3130f089b35834ffd5e2adf994908a3,13D4,source_cad_length_m,45.641650637490116,45.641650637490116,DWG_DIRECT:AutoCAD-curve-distance,False,exact,not_a_text_check,"[""""]",,[],,[],False,False
CABLE,8,d13eb9c5d51032633d096405d5a97abed3130f089b35834ffd5e2adf994908a3,13D4,dimension_length_m,,,DWG_DIRECT:SPAN-CABLE-measurements,True,missing_value,not_a_text_check,"[""""]",,[],,[],False,False
CABLE,8,d13eb9c5d51032633d096405d5a97abed3130f089b35834ffd5e2adf994908a3,13D4,source_segment_sum_m,,45.641650637490116,DWG_DERIVED:source-segment-native-curve-length-sum,True,missing_value,not_a_text_check,"[""""]",,[],,[],False,False
CABLE,8,d13eb9c5d51032633d096405d5a97abed3130f089b35834ffd5e2adf994908a3,13D4,source_native_length_delta_m,,0.0,DWG_DERIVED:AutoCAD-minus-segment-sum,True,missing_value,not_a_text_check,"[""""]",,[],,[],False,False
CABLE,9,dbecab69c0232bf881db794af4908d38d3cd6999089b36db3a4b849c490d8758,13DA,CODE,CABLE-CAD-13DA,CABLE-CAD-13DA,DWG_DERIVED:stable-handle-id,False,exact,no_exact_match_requires_relation_or_derivation,"[""""]",,[],,[],False,False
CABLE,9,dbecab69c0232bf881db794af4908d38d3cd6999089b36db3a4b849c490d8758,13DA,delivery_grid_length_m,22.81408935527378,22.81408935527378,DWG_DERIVED:GEODATA+EPSG3857-geometry-length,False,exact,not_a_text_check,"[""""]",,[],,[],False,False
CABLE,9,dbecab69c0232bf881db794af4908d38d3cd6999089b36db3a4b849c490d8758,13DA,geodesic_length_m,22.620222903897183,22.620222903897183,DWG_DERIVED:GEODATA+WGS84-geodesic,False,exact,not_a_text_check,"[""""]",,[],,[],False,False
CABLE,9,dbecab69c0232bf881db794af4908d38d3cd6999089b36db3a4b849c490d8758,13DA,LONGUEUR,22.81408935527378,22.81408935527378,DWG_DERIVED:GEODATA+EPSG3857-geometry-length,False,exact,not_a_text_check,"[""""]",,[],,[],False,False
CABLE,9,dbecab69c0232bf881db794af4908d38d3cd6999089b36db3a4b849c490d8758,13DA,display_label,,,UNAVAILABLE,True,missing_value,not_a_text_check,"[""""]",,[],,[],False,False
CABLE,9,dbecab69c0232bf881db794af4908d38d3cd6999089b36db3a4b849c490d8758,13DA,source_cad_length_m,22.620815909081987,22.620815909081987,DWG_DIRECT:AutoCAD-curve-distance,False,exact,not_a_text_check,"[""""]",,[],,[],False,False
CABLE,9,dbecab69c0232bf881db794af4908d38d3cd6999089b36db3a4b849c490d8758,13DA,dimension_length_m,,,DWG_DIRECT:SPAN-CABLE-measurements,True,missing_value,not_a_text_check,"[""""]",,[],,[],False,False
CABLE,9,dbecab69c0232bf881db794af4908d38d3cd6999089b36db3a4b849c490d8758,13DA,source_segment_sum_m,,22.620815909081987,DWG_DERIVED:source-segment-native-curve-length-sum,True,missing_value,not_a_text_check,"[""""]",,[],,[],False,False
CABLE,9,dbecab69c0232bf881db794af4908d38d3cd6999089b36db3a4b849c490d8758,13DA,source_native_length_delta_m,,0.0,DWG_DERIVED:AutoCAD-minus-segment-sum,True,missing_value,not_a_text_check,"[""""]",,[],,[],False,False
CABLE,10,be78fc2c3dfddda61de071646d8daf45e01bea360560e62c6b581f257325af38,13D7,CODE,CABLE-CAD-13D7,CABLE-CAD-13D7,DWG_DERIVED:stable-handle-id,False,exact,no_exact_match_requires_relation_or_derivation,"[""""]",,[],,[],False,False
CABLE,10,be78fc2c3dfddda61de071646d8daf45e01bea360560e62c6b581f257325af38,13D7,delivery_grid_length_m,34.81755352634771,34.81755352634771,DWG_DERIVED:GEODATA+EPSG3857-geometry-length,False,exact,not_a_text_check,"[""""]",,[],,[],False,False
CABLE,10,be78fc2c3dfddda61de071646d8daf45e01bea360560e62c6b581f257325af38,13D7,geodesic_length_m,34.52462431729472,34.52462431729472,DWG_DERIVED:GEODATA+WGS84-geodesic,False,exact,not_a_text_check,"[""""]",,[],,[],False,False
CABLE,10,be78fc2c3dfddda61de071646d8daf45e01bea360560e62c6b581f257325af38,13D7,LONGUEUR,34.81755352634771,34.81755352634771,DWG_DERIVED:GEODATA+EPSG3857-geometry-length,False,exact,not_a_text_check,"[""""]",,[],,[],False,False
CABLE,10,be78fc2c3dfddda61de071646d8daf45e01bea360560e62c6b581f257325af38,13D7,display_label,,,UNAVAILABLE,True,missing_value,not_a_text_check,"[""""]",,[],,[],False,False
CABLE,10,be78fc2c3dfddda61de071646d8daf45e01bea360560e62c6b581f257325af38,13D7,source_cad_length_m,34.52555804424647,34.52555804424647,DWG_DIRECT:AutoCAD-curve-distance,False,exact,not_a_text_check,"[""""]",,[],,[],False,False
CABLE,10,be78fc2c3dfddda61de071646d8daf45e01bea360560e62c6b581f257325af38,13D7,dimension_length_m,,,DWG_DIRECT:SPAN-CABLE-measurements,True,missing_value,not_a_text_check,"[""""]",,[],,[],False,False
CABLE,10,be78fc2c3dfddda61de071646d8daf45e01bea360560e62c6b581f257325af38,13D7,source_segment_sum_m,,34.52555804424647,DWG_DERIVED:source-segment-native-curve-length-sum,True,missing_value,not_a_text_check,"[""""]",,[],,[],False,False
CABLE,10,be78fc2c3dfddda61de071646d8daf45e01bea360560e62c6b581f257325af38,13D7,source_native_length_delta_m,,0.0,DWG_DERIVED:AutoCAD-minus-segment-sum,True,missing_value,not_a_text_check,"[""""]",,[],,[],False,False
CABLE,11,777b615ee08c5c1f278038c9cd7fab8c8de65f3c7b4f5217a64dde97e1af4544,13DB,CODE,CABLE-CAD-13DB,CABLE-CAD-13DB,DWG_DERIVED:stable-handle-id,False,exact,no_exact_match_requires_relation_or_derivation,"[""""]",,[],,[],False,False
CABLE,11,777b615ee08c5c1f278038c9cd7fab8c8de65f3c7b4f5217a64dde97e1af4544,13DB,delivery_grid_length_m,41.98136408593653,41.98136408593653,DWG_DERIVED:GEODATA+EPSG3857-geometry-length,False,exact,not_a_text_check,"[""""]",,[],,[],False,False
CABLE,11,777b615ee08c5c1f278038c9cd7fab8c8de65f3c7b4f5217a64dde97e1af4544,13DB,geodesic_length_m,41.36804988327206,41.36804988327206,DWG_DERIVED:GEODATA+WGS84-geodesic,False,exact,not_a_text_check,"[""""]",,[],,[],False,False
CABLE,11,777b615ee08c5c1f278038c9cd7fab8c8de65f3c7b4f5217a64dde97e1af4544,13DB,LONGUEUR,41.98136408593653,41.98136408593653,DWG_DERIVED:GEODATA+EPSG3857-geometry-length,False,exact,not_a_text_check,"[""""]",,[],,[],False,False
CABLE,11,777b615ee08c5c1f278038c9cd7fab8c8de65f3c7b4f5217a64dde97e1af4544,13DB,display_label,,,UNAVAILABLE,True,missing_value,not_a_text_check,"[""""]",,[],,[],False,False
CABLE,11,777b615ee08c5c1f278038c9cd7fab8c8de65f3c7b4f5217a64dde97e1af4544,13DB,source_cad_length_m,41.36916948958887,41.36916948958887,DWG_DIRECT:AutoCAD-curve-distance,False,exact,not_a_text_check,"[""""]",,[],,[],False,False
CABLE,11,777b615ee08c5c1f278038c9cd7fab8c8de65f3c7b4f5217a64dde97e1af4544,13DB,dimension_length_m,,,DWG_DIRECT:SPAN-CABLE-measurements,True,missing_value,not_a_text_check,"[""""]",,[],,[],False,False
CABLE,11,777b615ee08c5c1f278038c9cd7fab8c8de65f3c7b4f5217a64dde97e1af4544,13DB,source_segment_sum_m,,41.36916948958887,DWG_DERIVED:source-segment-native-curve-length-sum,True,missing_value,not_a_text_check,"[""""]",,[],,[],False,False
CABLE,11,777b615ee08c5c1f278038c9cd7fab8c8de65f3c7b4f5217a64dde97e1af4544,13DB,source_native_length_delta_m,,0.0,DWG_DERIVED:AutoCAD-minus-segment-sum,True,missing_value,not_a_text_check,"[""""]",,[],,[],False,False
CABLE,12,be4e130f6781b75f2783337ca3b85ca1ec0e0d555bc74ba66c79bce05606ac17,133B,CODE,CABLE-CAD-133B,CABLE-CAD-133B,DWG_DERIVED:stable-handle-id,False,exact,no_exact_match_requires_relation_or_derivation,"[""""]",,[],,[],False,False
CABLE,12,be4e130f6781b75f2783337ca3b85ca1ec0e0d555bc74ba66c79bce05606ac17,133B,delivery_grid_length_m,23.94061430440875,534.2610835670193,DWG_DERIVED:GEODATA+EPSG3857-geometry-length,False,segment_derived_value,not_a_text_check,"[""""]",,[],,[],False,False
CABLE,12,be4e130f6781b75f2783337ca3b85ca1ec0e0d555bc74ba66c79bce05606ac17,133B,geodesic_length_m,23.588779568309363,528.8328925423556,DWG_DERIVED:GEODATA+WGS84-geodesic,False,segment_derived_value,not_a_text_check,"[""""]",,[],,[],False,False
CABLE,12,be4e130f6781b75f2783337ca3b85ca1ec0e0d555bc74ba66c79bce05606ac17,133B,LONGUEUR,23.94061430440875,534.2610835670193,DWG_DERIVED:GEODATA+EPSG3857-geometry-length,False,segment_derived_value,not_a_text_check,"[""""]",,[],,[],False,False
CABLE,12,be4e130f6781b75f2783337ca3b85ca1ec0e0d555bc74ba66c79bce05606ac17,133B,display_label,,,UNAVAILABLE,True,missing_value,not_a_text_check,"[""""]",,[],,[],False,False
CABLE,12,be4e130f6781b75f2783337ca3b85ca1ec0e0d555bc74ba66c79bce05606ac17,133B,source_cad_length_m,23.58940307869204,528.8469087210623,DWG_DIRECT:AutoCAD-curve-distance,False,segment_derived_value,not_a_text_check,"[""""]",,[],,[],False,False
CABLE,12,be4e130f6781b75f2783337ca3b85ca1ec0e0d555bc74ba66c79bce05606ac17,133B,dimension_length_m,,,DWG_DIRECT:SPAN-CABLE-measurements,True,missing_value,not_a_text_check,"[""""]",,[],,[],False,False
CABLE,12,be4e130f6781b75f2783337ca3b85ca1ec0e0d555bc74ba66c79bce05606ac17,133B,source_segment_sum_m,,528.8469087210623,DWG_DERIVED:source-segment-native-curve-length-sum,True,missing_value,not_a_text_check,"[""""]",,[],,[],False,False
CABLE,12,be4e130f6781b75f2783337ca3b85ca1ec0e0d555bc74ba66c79bce05606ac17,133B,source_native_length_delta_m,,0.0,DWG_DERIVED:AutoCAD-minus-segment-sum,True,missing_value,not_a_text_check,"[""""]",,[],,[],False,False
CABLE,13,be4e130f6781b75f2783337ca3b85ca1ec0e0d555bc74ba66c79bce05606ac17,133B,CODE,CABLE-CAD-133B,CABLE-CAD-133B,DWG_DERIVED:stable-handle-id,False,exact,no_exact_match_requires_relation_or_derivation,"[""""]",,[],,[],False,False
CABLE,13,be4e130f6781b75f2783337ca3b85ca1ec0e0d555bc74ba66c79bce05606ac17,133B,delivery_grid_length_m,23.970968255714467,534.2610835670193,DWG_DERIVED:GEODATA+EPSG3857-geometry-length,False,segment_derived_value,not_a_text_check,"[""""]",,[],,[],False,False
CABLE,13,be4e130f6781b75f2783337ca3b85ca1ec0e0d555bc74ba66c79bce05606ac17,133B,geodesic_length_m,23.618253431922955,528.8328925423556,DWG_DERIVED:GEODATA+WGS84-geodesic,False,segment_derived_value,not_a_text_check,"[""""]",,[],,[],False,False
CABLE,13,be4e130f6781b75f2783337ca3b85ca1ec0e0d555bc74ba66c79bce05606ac17,133B,LONGUEUR,23.970968255714467,534.2610835670193,DWG_DERIVED:GEODATA+EPSG3857-geometry-length,False,segment_derived_value,not_a_text_check,"[""""]",,[],,[],False,False
CABLE,13,be4e130f6781b75f2783337ca3b85ca1ec0e0d555bc74ba66c79bce05606ac17,133B,display_label,,,UNAVAILABLE,True,missing_value,not_a_text_check,"[""""]",,[],,[],False,False
CABLE,13,be4e130f6781b75f2783337ca3b85ca1ec0e0d555bc74ba66c79bce05606ac17,133B,source_cad_length_m,23.618877637075073,528.8469087210623,DWG_DIRECT:AutoCAD-curve-distance,False,segment_derived_value,not_a_text_check,"[""""]",,[],,[],False,False
CABLE,13,be4e130f6781b75f2783337ca3b85ca1ec0e0d555bc74ba66c79bce05606ac17,133B,dimension_length_m,,,DWG_DIRECT:SPAN-CABLE-measurements,True,missing_value,not_a_text_check,"[""""]",,[],,[],False,False
CABLE,13,be4e130f6781b75f2783337ca3b85ca1ec0e0d555bc74ba66c79bce05606ac17,133B,source_segment_sum_m,,528.8469087210623,DWG_DERIVED:source-segment-native-curve-length-sum,True,missing_value,not_a_text_check,"[""""]",,[],,[],False,False
CABLE,13,be4e130f6781b75f2783337ca3b85ca1ec0e0d555bc74ba66c79bce05606ac17,133B,source_native_length_delta_m,,0.0,DWG_DERIVED:AutoCAD-minus-segment-sum,True,missing_value,not_a_text_check,"[""""]",,[],,[],False,False
CABLE,14,be4e130f6781b75f2783337ca3b85ca1ec0e0d555bc74ba66c79bce05606ac17,133B,CODE,CABLE-CAD-133B,CABLE-CAD-133B,DWG_DERIVED:stable-handle-id,False,exact,no_exact_match_requires_relation_or_derivation,"[""""]",,[],,[],False,False
CABLE,14,be4e130f6781b75f2783337ca3b85ca1ec0e0d555bc74ba66c79bce05606ac17,133B,delivery_grid_length_m,16.83187671979332,534.2610835670193,DWG_DERIVED:GEODATA+EPSG3857-geometry-length,False,segment_derived_value,not_a_text_check,"[""""]",,[],,[],False,False
CABLE,14,be4e130f6781b75f2783337ca3b85ca1ec0e0d555bc74ba66c79bce05606ac17,133B,geodesic_length_m,16.684938450802534,528.8328925423556,DWG_DERIVED:GEODATA+WGS84-geodesic,False,segment_derived_value,not_a_text_check,"[""""]",,[],,[],False,False
CABLE,14,be4e130f6781b75f2783337ca3b85ca1ec0e0d555bc74ba66c79bce05606ac17,133B,LONGUEUR,16.83187671979332,534.2610835670193,DWG_DERIVED:GEODATA+EPSG3857-geometry-length,False,segment_derived_value,not_a_text_check,"[""""]",,[],,[],False,False
CABLE,14,be4e130f6781b75f2783337ca3b85ca1ec0e0d555bc74ba66c79bce05606ac17,133B,display_label,,,UNAVAILABLE,True,missing_value,not_a_text_check,"[""""]",,[],,[],False,False
CABLE,14,be4e130f6781b75f2783337ca3b85ca1ec0e0d555bc74ba66c79bce05606ac17,133B,source_cad_length_m,16.685380017062393,528.8469087210623,DWG_DIRECT:AutoCAD-curve-distance,False,segment_derived_value,not_a_text_check,"[""""]",,[],,[],False,False
CABLE,14,be4e130f6781b75f2783337ca3b85ca1ec0e0d555bc74ba66c79bce05606ac17,133B,dimension_length_m,,,DWG_DIRECT:SPAN-CABLE-measurements,True,missing_value,not_a_text_check,"[""""]",,[],,[],False,False
CABLE,14,be4e130f6781b75f2783337ca3b85ca1ec0e0d555bc74ba66c79bce05606ac17,133B,source_segment_sum_m,,528.8469087210623,DWG_DERIVED:source-segment-native-curve-length-sum,True,missing_value,not_a_text_check,"[""""]",,[],,[],False,False
CABLE,14,be4e130f6781b75f2783337ca3b85ca1ec0e0d555bc74ba66c79bce05606ac17,133B,source_native_length_delta_m,,0.0,DWG_DERIVED:AutoCAD-minus-segment-sum,True,missing_value,not_a_text_check,"[""""]",,[],,[],False,False
CABLE,15,be4e130f6781b75f2783337ca3b85ca1ec0e0d555bc74ba66c79bce05606ac17,133B,CODE,CABLE-CAD-133B,CABLE-CAD-133B,DWG_DERIVED:stable-handle-id,False,exact,no_exact_match_requires_relation_or_derivation,"[""""]",,[],,[],False,False
CABLE,15,be4e130f6781b75f2783337ca3b85ca1ec0e0d555bc74ba66c79bce05606ac17,133B,delivery_grid_length_m,43.375263417345565,534.2610835670193,DWG_DERIVED:GEODATA+EPSG3857-geometry-length,False,segment_derived_value,not_a_text_check,"[""""]",,[],,[],False,False
CABLE,15,be4e130f6781b75f2783337ca3b85ca1ec0e0d555bc74ba66c79bce05606ac17,133B,geodesic_length_m,43.018159830196986,528.8328925423556,DWG_DERIVED:GEODATA+WGS84-geodesic,False,segment_derived_value,not_a_text_check,"[""""]",,[],,[],False,False
CABLE,15,be4e130f6781b75f2783337ca3b85ca1ec0e0d555bc74ba66c79bce05606ac17,133B,LONGUEUR,43.375263417345565,534.2610835670193,DWG_DERIVED:GEODATA+EPSG3857-geometry-length,False,segment_derived_value,not_a_text_check,"[""""]",,[],,[],False,False
CABLE,15,be4e130f6781b75f2783337ca3b85ca1ec0e0d555bc74ba66c79bce05606ac17,133B,display_label,,,UNAVAILABLE,True,missing_value,not_a_text_check,"[""""]",,[],,[],False,False
CABLE,15,be4e130f6781b75f2783337ca3b85ca1ec0e0d555bc74ba66c79bce05606ac17,133B,source_cad_length_m,43.019304118300084,528.8469087210623,DWG_DIRECT:AutoCAD-curve-distance,False,segment_derived_value,not_a_text_check,"[""""]",,[],,[],False,False
CABLE,15,be4e130f6781b75f2783337ca3b85ca1ec0e0d555bc74ba66c79bce05606ac17,133B,dimension_length_m,,,DWG_DIRECT:SPAN-CABLE-measurements,True,missing_value,not_a_text_check,"[""""]",,[],,[],False,False
CABLE,15,be4e130f6781b75f2783337ca3b85ca1ec0e0d555bc74ba66c79bce05606ac17,133B,source_segment_sum_m,,528.8469087210623,DWG_DERIVED:source-segment-native-curve-length-sum,True,missing_value,not_a_text_check,"[""""]",,[],,[],False,False
CABLE,15,be4e130f6781b75f2783337ca3b85ca1ec0e0d555bc74ba66c79bce05606ac17,133B,source_native_length_delta_m,,0.0,DWG_DERIVED:AutoCAD-minus-segment-sum,True,missing_value,not_a_text_check,"[""""]",,[],,[],False,False
CABLE,16,be4e130f6781b75f2783337ca3b85ca1ec0e0d555bc74ba66c79bce05606ac17,133B,CODE,CABLE-CAD-133B,CABLE-CAD-133B,DWG_DERIVED:stable-handle-id,False,exact,no_exact_match_requires_relation_or_derivation,"[""""]",,[],,[],False,False
CABLE,16,be4e130f6781b75f2783337ca3b85ca1ec0e0d555bc74ba66c79bce05606ac17,133B,delivery_grid_length_m,26.18001110844162,534.2610835670193,DWG_DERIVED:GEODATA+EPSG3857-geometry-length,False,segment_derived_value,not_a_text_check,"[""""]",,[],,[],False,False
CABLE,16,be4e130f6781b75f2783337ca3b85ca1ec0e0d555bc74ba66c79bce05606ac17,133B,geodesic_length_m,25.79666789350258,528.8328925423556,DWG_DERIVED:GEODATA+WGS84-geodesic,False,segment_derived_value,not_a_text_check,"[""""]",,[],,[],False,False
CABLE,16,be4e130f6781b75f2783337ca3b85ca1ec0e0d555bc74ba66c79bce05606ac17,133B,LONGUEUR,26.18001110844162,534.2610835670193,DWG_DERIVED:GEODATA+EPSG3857-geometry-length,False,segment_derived_value,not_a_text_check,"[""""]",,[],,[],False,False
CABLE,16,be4e130f6781b75f2783337ca3b85ca1ec0e0d555bc74ba66c79bce05606ac17,133B,display_label,,,UNAVAILABLE,True,missing_value,not_a_text_check,"[""""]",,[],,[],False,False
CABLE,16,be4e130f6781b75f2783337ca3b85ca1ec0e0d555bc74ba66c79bce05606ac17,133B,source_cad_length_m,25.797356459673285,528.8469087210623,DWG_DIRECT:AutoCAD-curve-distance,False,segment_derived_value,not_a_text_check,"[""""]",,[],,[],False,False
CABLE,16,be4e130f6781b75f2783337ca3b85ca1ec0e0d555bc74ba66c79bce05606ac17,133B,dimension_length_m,,,DWG_DIRECT:SPAN-CABLE-measurements,True,missing_value,not_a_text_check,"[""""]",,[],,[],False,False
CABLE,16,be4e130f6781b75f2783337ca3b85ca1ec0e0d555bc74ba66c79bce05606ac17,133B,source_segment_sum_m,,528.8469087210623,DWG_DERIVED:source-segment-native-curve-length-sum,True,missing_value,not_a_text_check,"[""""]",,[],,[],False,False
CABLE,16,be4e130f6781b75f2783337ca3b85ca1ec0e0d555bc74ba66c79bce05606ac17,133B,source_native_length_delta_m,,0.0,DWG_DERIVED:AutoCAD-minus-segment-sum,True,missing_value,not_a_text_check,"[""""]",,[],,[],False,False
CABLE,17,be4e130f6781b75f2783337ca3b85ca1ec0e0d555bc74ba66c79bce05606ac17,133B,CODE,CABLE-CAD-133B,CABLE-CAD-133B,DWG_DERIVED:stable-handle-id,False,exact,no_exact_match_requires_relation_or_derivation,"[""""]",,[],,[],False,False
CABLE,17,be4e130f6781b75f2783337ca3b85ca1ec0e0d555bc74ba66c79bce05606ac17,133B,delivery_grid_length_m,26.147063201839465,534.2610835670193,DWG_DERIVED:GEODATA+EPSG3857-geometry-length,False,segment_derived_value,not_a_text_check,"[""""]",,[],,[],False,False
CABLE,17,be4e130f6781b75f2783337ca3b85ca1ec0e0d555bc74ba66c79bce05606ac17,133B,geodesic_length_m,25.76618224312213,528.8328925423556,DWG_DERIVED:GEODATA+WGS84-geodesic,False,segment_derived_value,not_a_text_check,"[""""]",,[],,[],False,False
CABLE,17,be4e130f6781b75f2783337ca3b85ca1ec0e0d555bc74ba66c79bce05606ac17,133B,LONGUEUR,26.147063201839465,534.2610835670193,DWG_DERIVED:GEODATA+EPSG3857-geometry-length,False,segment_derived_value,not_a_text_check,"[""""]",,[],,[],False,False
CABLE,17,be4e130f6781b75f2783337ca3b85ca1ec0e0d555bc74ba66c79bce05606ac17,133B,display_label,,,UNAVAILABLE,True,missing_value,not_a_text_check,"[""""]",,[],,[],False,False
CABLE,17,be4e130f6781b75f2783337ca3b85ca1ec0e0d555bc74ba66c79bce05606ac17,133B,source_cad_length_m,25.766869588611822,528.8469087210623,DWG_DIRECT:AutoCAD-curve-distance,False,segment_derived_value,not_a_text_check,"[""""]",,[],,[],False,False
CABLE,17,be4e130f6781b75f2783337ca3b85ca1ec0e0d555bc74ba66c79bce05606ac17,133B,dimension_length_m,,,DWG_DIRECT:SPAN-CABLE-measurements,True,missing_value,not_a_text_check,"[""""]",,[],,[],False,False
CABLE,17,be4e130f6781b75f2783337ca3b85ca1ec0e0d555bc74ba66c79bce05606ac17,133B,source_segment_sum_m,,528.8469087210623,DWG_DERIVED:source-segment-native-curve-length-sum,True,missing_value,not_a_text_check,"[""""]",,[],,[],False,False
CABLE,17,be4e130f6781b75f2783337ca3b85ca1ec0e0d555bc74ba66c79bce05606ac17,133B,source_native_length_delta_m,,0.0,DWG_DERIVED:AutoCAD-minus-segment-sum,True,missing_value,not_a_text_check,"[""""]",,[],,[],False,False
CABLE,18,be4e130f6781b75f2783337ca3b85ca1ec0e0d555bc74ba66c79bce05606ac17,133B,CODE,CABLE-CAD-133B,CABLE-CAD-133B,DWG_DERIVED:stable-handle-id,False,exact,no_exact_match_requires_relation_or_derivation,"[""""]",,[],,[],False,False
CABLE,18,be4e130f6781b75f2783337ca3b85ca1ec0e0d555bc74ba66c79bce05606ac17,133B,delivery_grid_length_m,39.79648626868885,534.2610835670193,DWG_DERIVED:GEODATA+EPSG3857-geometry-length,False,segment_derived_value,not_a_text_check,"[""""]",,[],,[],False,False
CABLE,18,be4e130f6781b75f2783337ca3b85ca1ec0e0d555bc74ba66c79bce05606ac17,133B,geodesic_length_m,39.21138028295505,528.8328925423556,DWG_DERIVED:GEODATA+WGS84-geodesic,False,segment_derived_value,not_a_text_check,"[""""]",,[],,[],False,False
CABLE,18,be4e130f6781b75f2783337ca3b85ca1ec0e0d555bc74ba66c79bce05606ac17,133B,LONGUEUR,39.79648626868885,534.2610835670193,DWG_DERIVED:GEODATA+EPSG3857-geometry-length,False,segment_derived_value,not_a_text_check,"[""""]",,[],,[],False,False
CABLE,18,be4e130f6781b75f2783337ca3b85ca1ec0e0d555bc74ba66c79bce05606ac17,133B,display_label,,,UNAVAILABLE,True,missing_value,not_a_text_check,"[""""]",,[],,[],False,False
CABLE,18,be4e130f6781b75f2783337ca3b85ca1ec0e0d555bc74ba66c79bce05606ac17,133B,source_cad_length_m,39.21242576063366,528.8469087210623,DWG_DIRECT:AutoCAD-curve-distance,False,segment_derived_value,not_a_text_check,"[""""]",,[],,[],False,False
CABLE,18,be4e130f6781b75f2783337ca3b85ca1ec0e0d555bc74ba66c79bce05606ac17,133B,dimension_length_m,,,DWG_DIRECT:SPAN-CABLE-measurements,True,missing_value,not_a_text_check,"[""""]",,[],,[],False,False
CABLE,18,be4e130f6781b75f2783337ca3b85ca1ec0e0d555bc74ba66c79bce05606ac17,133B,source_segment_sum_m,,528.8469087210623,DWG_DERIVED:source-segment-native-curve-length-sum,True,missing_value,not_a_text_check,"[""""]",,[],,[],False,False
CABLE,18,be4e130f6781b75f2783337ca3b85ca1ec0e0d555bc74ba66c79bce05606ac17,133B,source_native_length_delta_m,,0.0,DWG_DERIVED:AutoCAD-minus-segment-sum,True,missing_value,not_a_text_check,"[""""]",,[],,[],False,False
CABLE,19,be4e130f6781b75f2783337ca3b85ca1ec0e0d555bc74ba66c79bce05606ac17,133B,CODE,CABLE-CAD-133B,CABLE-CAD-133B,DWG_DERIVED:stable-handle-id,False,exact,no_exact_match_requires_relation_or_derivation,"[""""]",,[],,[],False,False
CABLE,19,be4e130f6781b75f2783337ca3b85ca1ec0e0d555bc74ba66c79bce05606ac17,133B,delivery_grid_length_m,39.369797730240755,534.2610835670193,DWG_DERIVED:GEODATA+EPSG3857-geometry-length,False,segment_derived_value,not_a_text_check,"[""""]",,[],,[],False,False
CABLE,19,be4e130f6781b75f2783337ca3b85ca1ec0e0d555bc74ba66c79bce05606ac17,133B,geodesic_length_m,39.03660149695508,528.8328925423556,DWG_DERIVED:GEODATA+WGS84-geodesic,False,segment_derived_value,not_a_text_check,"[""""]",,[],,[],False,False
CABLE,19,be4e130f6781b75f2783337ca3b85ca1ec0e0d555bc74ba66c79bce05606ac17,133B,LONGUEUR,39.369797730240755,534.2610835670193,DWG_DERIVED:GEODATA+EPSG3857-geometry-length,False,segment_derived_value,not_a_text_check,"[""""]",,[],,[],False,False
CABLE,19,be4e130f6781b75f2783337ca3b85ca1ec0e0d555bc74ba66c79bce05606ac17,133B,display_label,,,UNAVAILABLE,True,missing_value,not_a_text_check,"[""""]",,[],,[],False,False
CABLE,19,be4e130f6781b75f2783337ca3b85ca1ec0e0d555bc74ba66c79bce05606ac17,133B,source_cad_length_m,39.0376387111284,528.8469087210623,DWG_DIRECT:AutoCAD-curve-distance,False,segment_derived_value,not_a_text_check,"[""""]",,[],,[],False,False
CABLE,19,be4e130f6781b75f2783337ca3b85ca1ec0e0d555bc74ba66c79bce05606ac17,133B,dimension_length_m,,,DWG_DIRECT:SPAN-CABLE-measurements,True,missing_value,not_a_text_check,"[""""]",,[],,[],False,False
CABLE,19,be4e130f6781b75f2783337ca3b85ca1ec0e0d555bc74ba66c79bce05606ac17,133B,source_segment_sum_m,,528.8469087210623,DWG_DERIVED:source-segment-native-curve-length-sum,True,missing_value,not_a_text_check,"[""""]",,[],,[],False,False
CABLE,19,be4e130f6781b75f2783337ca3b85ca1ec0e0d555bc74ba66c79bce05606ac17,133B,source_native_length_delta_m,,0.0,DWG_DERIVED:AutoCAD-minus-segment-sum,True,missing_value,not_a_text_check,"[""""]",,[],,[],False,False
CABLE,20,be4e130f6781b75f2783337ca3b85ca1ec0e0d555bc74ba66c79bce05606ac17,133B,CODE,CABLE-CAD-133B,CABLE-CAD-133B,DWG_DERIVED:stable-handle-id,False,exact,no_exact_match_requires_relation_or_derivation,"[""""]",,[],,[],False,False
CABLE,20,be4e130f6781b75f2783337ca3b85ca1ec0e0d555bc74ba66c79bce05606ac17,133B,delivery_grid_length_m,41.037498247859666,534.2610835670193,DWG_DERIVED:GEODATA+EPSG3857-geometry-length,False,segment_derived_value,not_a_text_check,"[""""]",,[],,[],False,False
CABLE,20,be4e130f6781b75f2783337ca3b85ca1ec0e0d555bc74ba66c79bce05606ac17,133B,geodesic_length_m,40.69031787931591,528.8328925423556,DWG_DERIVED:GEODATA+WGS84-geodesic,False,segment_derived_value,not_a_text_check,"[""""]",,[],,[],False,False
CABLE,20,be4e130f6781b75f2783337ca3b85ca1ec0e0d555bc74ba66c79bce05606ac17,133B,LONGUEUR,41.037498247859666,534.2610835670193,DWG_DERIVED:GEODATA+EPSG3857-geometry-length,False,segment_derived_value,not_a_text_check,"[""""]",,[],,[],False,False
CABLE,20,be4e130f6781b75f2783337ca3b85ca1ec0e0d555bc74ba66c79bce05606ac17,133B,display_label,,,UNAVAILABLE,True,missing_value,not_a_text_check,"[""""]",,[],,[],False,False
CABLE,20,be4e130f6781b75f2783337ca3b85ca1ec0e0d555bc74ba66c79bce05606ac17,133B,source_cad_length_m,40.69139174535435,528.8469087210623,DWG_DIRECT:AutoCAD-curve-distance,False,segment_derived_value,not_a_text_check,"[""""]",,[],,[],False,False
CABLE,20,be4e130f6781b75f2783337ca3b85ca1ec0e0d555bc74ba66c79bce05606ac17,133B,dimension_length_m,,,DWG_DIRECT:SPAN-CABLE-measurements,True,missing_value,not_a_text_check,"[""""]",,[],,[],False,False
CABLE,20,be4e130f6781b75f2783337ca3b85ca1ec0e0d555bc74ba66c79bce05606ac17,133B,source_segment_sum_m,,528.8469087210623,DWG_DERIVED:source-segment-native-curve-length-sum,True,missing_value,not_a_text_check,"[""""]",,[],,[],False,False
CABLE,20,be4e130f6781b75f2783337ca3b85ca1ec0e0d555bc74ba66c79bce05606ac17,133B,source_native_length_delta_m,,0.0,DWG_DERIVED:AutoCAD-minus-segment-sum,True,missing_value,not_a_text_check,"[""""]",,[],,[],False,False
CABLE,21,be4e130f6781b75f2783337ca3b85ca1ec0e0d555bc74ba66c79bce05606ac17,133B,CODE,CABLE-CAD-133B,CABLE-CAD-133B,DWG_DERIVED:stable-handle-id,False,exact,no_exact_match_requires_relation_or_derivation,"[""""]",,[],,[],False,False
CABLE,21,be4e130f6781b75f2783337ca3b85ca1ec0e0d555bc74ba66c79bce05606ac17,133B,delivery_grid_length_m,47.83012514641346,534.2610835670193,DWG_DERIVED:GEODATA+EPSG3857-geometry-length,False,segment_derived_value,not_a_text_check,"[""""]",,[],,[],False,False
CABLE,21,be4e130f6781b75f2783337ca3b85ca1ec0e0d555bc74ba66c79bce05606ac17,133B,geodesic_length_m,47.42473136498069,528.8328925423556,DWG_DERIVED:GEODATA+WGS84-geodesic,False,segment_derived_value,not_a_text_check,"[""""]",,[],,[],False,False
CABLE,21,be4e130f6781b75f2783337ca3b85ca1ec0e0d555bc74ba66c79bce05606ac17,133B,LONGUEUR,47.83012514641346,534.2610835670193,DWG_DERIVED:GEODATA+EPSG3857-geometry-length,False,segment_derived_value,not_a_text_check,"[""""]",,[],,[],False,False
CABLE,21,be4e130f6781b75f2783337ca3b85ca1ec0e0d555bc74ba66c79bce05606ac17,133B,display_label,,,UNAVAILABLE,True,missing_value,not_a_text_check,"[""""]",,[],,[],False,False
CABLE,21,be4e130f6781b75f2783337ca3b85ca1ec0e0d555bc74ba66c79bce05606ac17,133B,source_cad_length_m,47.42597357721966,528.8469087210623,DWG_DIRECT:AutoCAD-curve-distance,False,segment_derived_value,not_a_text_check,"[""""]",,[],,[],False,False
CABLE,21,be4e130f6781b75f2783337ca3b85ca1ec0e0d555bc74ba66c79bce05606ac17,133B,dimension_length_m,,,DWG_DIRECT:SPAN-CABLE-measurements,True,missing_value,not_a_text_check,"[""""]",,[],,[],False,False
CABLE,21,be4e130f6781b75f2783337ca3b85ca1ec0e0d555bc74ba66c79bce05606ac17,133B,source_segment_sum_m,,528.8469087210623,DWG_DERIVED:source-segment-native-curve-length-sum,True,missing_value,not_a_text_check,"[""""]",,[],,[],False,False
CABLE,21,be4e130f6781b75f2783337ca3b85ca1ec0e0d555bc74ba66c79bce05606ac17,133B,source_native_length_delta_m,,0.0,DWG_DERIVED:AutoCAD-minus-segment-sum,True,missing_value,not_a_text_check,"[""""]",,[],,[],False,False
CABLE,22,be4e130f6781b75f2783337ca3b85ca1ec0e0d555bc74ba66c79bce05606ac17,133B,CODE,CABLE-CAD-133B,CABLE-CAD-133B,DWG_DERIVED:stable-handle-id,False,exact,no_exact_match_requires_relation_or_derivation,"[""""]",,[],,[],False,False
CABLE,22,be4e130f6781b75f2783337ca3b85ca1ec0e0d555bc74ba66c79bce05606ac17,133B,delivery_grid_length_m,6.537560792726499,534.2610835670193,DWG_DERIVED:GEODATA+EPSG3857-geometry-length,False,segment_derived_value,not_a_text_check,"[""""]",,[],,[],False,False
CABLE,22,be4e130f6781b75f2783337ca3b85ca1ec0e0d555bc74ba66c79bce05606ac17,133B,geodesic_length_m,6.443125110586325,528.8328925423556,DWG_DERIVED:GEODATA+WGS84-geodesic,False,segment_derived_value,not_a_text_check,"[""""]",,[],,[],False,False
CABLE,22,be4e130f6781b75f2783337ca3b85ca1ec0e0d555bc74ba66c79bce05606ac17,133B,LONGUEUR,6.537560792726499,534.2610835670193,DWG_DERIVED:GEODATA+EPSG3857-geometry-length,False,segment_derived_value,not_a_text_check,"[""""]",,[],,[],False,False
CABLE,22,be4e130f6781b75f2783337ca3b85ca1ec0e0d555bc74ba66c79bce05606ac17,133B,display_label,,,UNAVAILABLE,True,missing_value,not_a_text_check,"[""""]",,[],,[],False,False
CABLE,22,be4e130f6781b75f2783337ca3b85ca1ec0e0d555bc74ba66c79bce05606ac17,133B,source_cad_length_m,6.443293171467542,528.8469087210623,DWG_DIRECT:AutoCAD-curve-distance,False,segment_derived_value,not_a_text_check,"[""""]",,[],,[],False,False
CABLE,22,be4e130f6781b75f2783337ca3b85ca1ec0e0d555bc74ba66c79bce05606ac17,133B,dimension_length_m,,,DWG_DIRECT:SPAN-CABLE-measurements,True,missing_value,not_a_text_check,"[""""]",,[],,[],False,False
CABLE,22,be4e130f6781b75f2783337ca3b85ca1ec0e0d555bc74ba66c79bce05606ac17,133B,source_segment_sum_m,,528.8469087210623,DWG_DERIVED:source-segment-native-curve-length-sum,True,missing_value,not_a_text_check,"[""""]",,[],,[],False,False
CABLE,22,be4e130f6781b75f2783337ca3b85ca1ec0e0d555bc74ba66c79bce05606ac17,133B,source_native_length_delta_m,,0.0,DWG_DERIVED:AutoCAD-minus-segment-sum,True,missing_value,not_a_text_check,"[""""]",,[],,[],False,False
CABLE,23,be4e130f6781b75f2783337ca3b85ca1ec0e0d555bc74ba66c79bce05606ac17,133B,CODE,CABLE-CAD-133B,CABLE-CAD-133B,DWG_DERIVED:stable-handle-id,False,exact,no_exact_match_requires_relation_or_derivation,"[""""]",,[],,[],False,False
CABLE,23,be4e130f6781b75f2783337ca3b85ca1ec0e0d555bc74ba66c79bce05606ac17,133B,delivery_grid_length_m,37.25127480587312,534.2610835670193,DWG_DERIVED:GEODATA+EPSG3857-geometry-length,False,segment_derived_value,not_a_text_check,"[""""]",,[],,[],False,False
CABLE,23,be4e130f6781b75f2783337ca3b85ca1ec0e0d555bc74ba66c79bce05606ac17,133B,geodesic_length_m,36.93438772815542,528.8328925423556,DWG_DERIVED:GEODATA+WGS84-geodesic,False,segment_derived_value,not_a_text_check,"[""""]",,[],,[],False,False
CABLE,23,be4e130f6781b75f2783337ca3b85ca1ec0e0d555bc74ba66c79bce05606ac17,133B,LONGUEUR,37.25127480587312,534.2610835670193,DWG_DERIVED:GEODATA+EPSG3857-geometry-length,False,segment_derived_value,not_a_text_check,"[""""]",,[],,[],False,False
CABLE,23,be4e130f6781b75f2783337ca3b85ca1ec0e0d555bc74ba66c79bce05606ac17,133B,display_label,,,UNAVAILABLE,True,missing_value,not_a_text_check,"[""""]",,[],,[],False,False
CABLE,23,be4e130f6781b75f2783337ca3b85ca1ec0e0d555bc74ba66c79bce05606ac17,133B,source_cad_length_m,36.93535405717615,528.8469087210623,DWG_DIRECT:AutoCAD-curve-distance,False,segment_derived_value,not_a_text_check,"[""""]",,[],,[],False,False
CABLE,23,be4e130f6781b75f2783337ca3b85ca1ec0e0d555bc74ba66c79bce05606ac17,133B,dimension_length_m,,,DWG_DIRECT:SPAN-CABLE-measurements,True,missing_value,not_a_text_check,"[""""]",,[],,[],False,False
CABLE,23,be4e130f6781b75f2783337ca3b85ca1ec0e0d555bc74ba66c79bce05606ac17,133B,source_segment_sum_m,,528.8469087210623,DWG_DERIVED:source-segment-native-curve-length-sum,True,missing_value,not_a_text_check,"[""""]",,[],,[],False,False
CABLE,23,be4e130f6781b75f2783337ca3b85ca1ec0e0d555bc74ba66c79bce05606ac17,133B,source_native_length_delta_m,,0.0,DWG_DERIVED:AutoCAD-minus-segment-sum,True,missing_value,not_a_text_check,"[""""]",,[],,[],False,False
CABLE,24,be4e130f6781b75f2783337ca3b85ca1ec0e0d555bc74ba66c79bce05606ac17,133B,CODE,CABLE-CAD-133B,CABLE-CAD-133B,DWG_DERIVED:stable-handle-id,False,exact,no_exact_match_requires_relation_or_derivation,"[""""]",,[],,[],False,False
CABLE,24,be4e130f6781b75f2783337ca3b85ca1ec0e0d555bc74ba66c79bce05606ac17,133B,delivery_grid_length_m,43.743278242766635,534.2610835670193,DWG_DERIVED:GEODATA+EPSG3857-geometry-length,False,segment_derived_value,not_a_text_check,"[""""]",,[],,[],False,False
CABLE,24,be4e130f6781b75f2783337ca3b85ca1ec0e0d555bc74ba66c79bce05606ac17,133B,geodesic_length_m,43.37246494585101,528.8328925423556,DWG_DERIVED:GEODATA+WGS84-geodesic,False,segment_derived_value,not_a_text_check,"[""""]",,[],,[],False,False
CABLE,24,be4e130f6781b75f2783337ca3b85ca1ec0e0d555bc74ba66c79bce05606ac17,133B,LONGUEUR,43.743278242766635,534.2610835670193,DWG_DERIVED:GEODATA+EPSG3857-geometry-length,False,segment_derived_value,not_a_text_check,"[""""]",,[],,[],False,False
CABLE,24,be4e130f6781b75f2783337ca3b85ca1ec0e0d555bc74ba66c79bce05606ac17,133B,display_label,,,UNAVAILABLE,True,missing_value,not_a_text_check,"[""""]",,[],,[],False,False
CABLE,24,be4e130f6781b75f2783337ca3b85ca1ec0e0d555bc74ba66c79bce05606ac17,133B,source_cad_length_m,43.373607525170954,528.8469087210623,DWG_DIRECT:AutoCAD-curve-distance,False,segment_derived_value,not_a_text_check,"[""""]",,[],,[],False,False
CABLE,24,be4e130f6781b75f2783337ca3b85ca1ec0e0d555bc74ba66c79bce05606ac17,133B,dimension_length_m,,,DWG_DIRECT:SPAN-CABLE-measurements,True,missing_value,not_a_text_check,"[""""]",,[],,[],False,False
CABLE,24,be4e130f6781b75f2783337ca3b85ca1ec0e0d555bc74ba66c79bce05606ac17,133B,source_segment_sum_m,,528.8469087210623,DWG_DERIVED:source-segment-native-curve-length-sum,True,missing_value,not_a_text_check,"[""""]",,[],,[],False,False
CABLE,24,be4e130f6781b75f2783337ca3b85ca1ec0e0d555bc74ba66c79bce05606ac17,133B,source_native_length_delta_m,,0.0,DWG_DERIVED:AutoCAD-minus-segment-sum,True,missing_value,not_a_text_check,"[""""]",,[],,[],False,False
CABLE,25,be4e130f6781b75f2783337ca3b85ca1ec0e0d555bc74ba66c79bce05606ac17,133B,CODE,CABLE-CAD-133B,CABLE-CAD-133B,DWG_DERIVED:stable-handle-id,False,exact,no_exact_match_requires_relation_or_derivation,"[""""]",,[],,[],False,False
CABLE,25,be4e130f6781b75f2783337ca3b85ca1ec0e0d555bc74ba66c79bce05606ac17,133B,delivery_grid_length_m,50.744254638983875,534.2610835670193,DWG_DERIVED:GEODATA+EPSG3857-geometry-length,False,segment_derived_value,not_a_text_check,"[""""]",,[],,[],False,False
CABLE,25,be4e130f6781b75f2783337ca3b85ca1ec0e0d555bc74ba66c79bce05606ac17,133B,geodesic_length_m,50.31499536172029,528.8328925423556,DWG_DERIVED:GEODATA+WGS84-geodesic,False,segment_derived_value,not_a_text_check,"[""""]",,[],,[],False,False
CABLE,25,be4e130f6781b75f2783337ca3b85ca1ec0e0d555bc74ba66c79bce05606ac17,133B,LONGUEUR,50.744254638983875,534.2610835670193,DWG_DERIVED:GEODATA+EPSG3857-geometry-length,False,segment_derived_value,not_a_text_check,"[""""]",,[],,[],False,False
CABLE,25,be4e130f6781b75f2783337ca3b85ca1ec0e0d555bc74ba66c79bce05606ac17,133B,display_label,,,UNAVAILABLE,True,missing_value,not_a_text_check,"[""""]",,[],,[],False,False
CABLE,25,be4e130f6781b75f2783337ca3b85ca1ec0e0d555bc74ba66c79bce05606ac17,133B,source_cad_length_m,50.31633141974145,528.8469087210623,DWG_DIRECT:AutoCAD-curve-distance,False,segment_derived_value,not_a_text_check,"[""""]",,[],,[],False,False
CABLE,25,be4e130f6781b75f2783337ca3b85ca1ec0e0d555bc74ba66c79bce05606ac17,133B,dimension_length_m,,,DWG_DIRECT:SPAN-CABLE-measurements,True,missing_value,not_a_text_check,"[""""]",,[],,[],False,False
CABLE,25,be4e130f6781b75f2783337ca3b85ca1ec0e0d555bc74ba66c79bce05606ac17,133B,source_segment_sum_m,,528.8469087210623,DWG_DERIVED:source-segment-native-curve-length-sum,True,missing_value,not_a_text_check,"[""""]",,[],,[],False,False
CABLE,25,be4e130f6781b75f2783337ca3b85ca1ec0e0d555bc74ba66c79bce05606ac17,133B,source_native_length_delta_m,,0.0,DWG_DERIVED:AutoCAD-minus-segment-sum,True,missing_value,not_a_text_check,"[""""]",,[],,[],False,False
CABLE,26,be4e130f6781b75f2783337ca3b85ca1ec0e0d555bc74ba66c79bce05606ac17,133B,CODE,CABLE-CAD-133B,CABLE-CAD-133B,DWG_DERIVED:stable-handle-id,False,exact,no_exact_match_requires_relation_or_derivation,"[""""]",,[],,[],False,False
CABLE,26,be4e130f6781b75f2783337ca3b85ca1ec0e0d555bc74ba66c79bce05606ac17,133B,delivery_grid_length_m,37.392550615099346,534.2610835670193,DWG_DERIVED:GEODATA+EPSG3857-geometry-length,False,segment_derived_value,not_a_text_check,"[""""]",,[],,[],False,False
CABLE,26,be4e130f6781b75f2783337ca3b85ca1ec0e0d555bc74ba66c79bce05606ac17,133B,geodesic_length_m,37.07367857099224,528.8328925423556,DWG_DERIVED:GEODATA+WGS84-geodesic,False,segment_derived_value,not_a_text_check,"[""""]",,[],,[],False,False
CABLE,26,be4e130f6781b75f2783337ca3b85ca1ec0e0d555bc74ba66c79bce05606ac17,133B,LONGUEUR,37.392550615099346,534.2610835670193,DWG_DERIVED:GEODATA+EPSG3857-geometry-length,False,segment_derived_value,not_a_text_check,"[""""]",,[],,[],False,False
CABLE,26,be4e130f6781b75f2783337ca3b85ca1ec0e0d555bc74ba66c79bce05606ac17,133B,display_label,,,UNAVAILABLE,True,missing_value,not_a_text_check,"[""""]",,[],,[],False,False
CABLE,26,be4e130f6781b75f2783337ca3b85ca1ec0e0d555bc74ba66c79bce05606ac17,133B,source_cad_length_m,37.07467028609392,528.8469087210623,DWG_DIRECT:AutoCAD-curve-distance,False,segment_derived_value,not_a_text_check,"[""""]",,[],,[],False,False
CABLE,26,be4e130f6781b75f2783337ca3b85ca1ec0e0d555bc74ba66c79bce05606ac17,133B,dimension_length_m,,,DWG_DIRECT:SPAN-CABLE-measurements,True,missing_value,not_a_text_check,"[""""]",,[],,[],False,False
CABLE,26,be4e130f6781b75f2783337ca3b85ca1ec0e0d555bc74ba66c79bce05606ac17,133B,source_segment_sum_m,,528.8469087210623,DWG_DERIVED:source-segment-native-curve-length-sum,True,missing_value,not_a_text_check,"[""""]",,[],,[],False,False
CABLE,26,be4e130f6781b75f2783337ca3b85ca1ec0e0d555bc74ba66c79bce05606ac17,133B,source_native_length_delta_m,,0.0,DWG_DERIVED:AutoCAD-minus-segment-sum,True,missing_value,not_a_text_check,"[""""]",,[],,[],False,False
CABLE,27,be4e130f6781b75f2783337ca3b85ca1ec0e0d555bc74ba66c79bce05606ac17,133B,CODE,CABLE-CAD-133B,CABLE-CAD-133B,DWG_DERIVED:stable-handle-id,False,exact,no_exact_match_requires_relation_or_derivation,"[""""]",,[],,[],False,False
CABLE,27,be4e130f6781b75f2783337ca3b85ca1ec0e0d555bc74ba66c79bce05606ac17,133B,delivery_grid_length_m,30.112460070823907,534.2610835670193,DWG_DERIVED:GEODATA+EPSG3857-geometry-length,False,segment_derived_value,not_a_text_check,"[""""]",,[],,[],False,False
CABLE,27,be4e130f6781b75f2783337ca3b85ca1ec0e0d555bc74ba66c79bce05606ac17,133B,geodesic_length_m,29.858228382987058,528.8328925423556,DWG_DERIVED:GEODATA+WGS84-geodesic,False,segment_derived_value,not_a_text_check,"[""""]",,[],,[],False,False
CABLE,27,be4e130f6781b75f2783337ca3b85ca1ec0e0d555bc74ba66c79bce05606ac17,133B,LONGUEUR,30.112460070823907,534.2610835670193,DWG_DERIVED:GEODATA+EPSG3857-geometry-length,False,segment_derived_value,not_a_text_check,"[""""]",,[],,[],False,False
CABLE,27,be4e130f6781b75f2783337ca3b85ca1ec0e0d555bc74ba66c79bce05606ac17,133B,display_label,,,UNAVAILABLE,True,missing_value,not_a_text_check,"[""""]",,[],,[],False,False
CABLE,27,be4e130f6781b75f2783337ca3b85ca1ec0e0d555bc74ba66c79bce05606ac17,133B,source_cad_length_m,29.859031567661518,528.8469087210623,DWG_DIRECT:AutoCAD-curve-distance,False,segment_derived_value,not_a_text_check,"[""""]",,[],,[],False,False
CABLE,27,be4e130f6781b75f2783337ca3b85ca1ec0e0d555bc74ba66c79bce05606ac17,133B,dimension_length_m,,,DWG_DIRECT:SPAN-CABLE-measurements,True,missing_value,not_a_text_check,"[""""]",,[],,[],False,False
CABLE,27,be4e130f6781b75f2783337ca3b85ca1ec0e0d555bc74ba66c79bce05606ac17,133B,source_segment_sum_m,,528.8469087210623,DWG_DERIVED:source-segment-native-curve-length-sum,True,missing_value,not_a_text_check,"[""""]",,[],,[],False,False
CABLE,27,be4e130f6781b75f2783337ca3b85ca1ec0e0d555bc74ba66c79bce05606ac17,133B,source_native_length_delta_m,,0.0,DWG_DERIVED:AutoCAD-minus-segment-sum,True,missing_value,not_a_text_check,"[""""]",,[],,[],False,False
CABLE,28,bf99bc60271d61364e0e9a040571145514890d5e236e9b8f021289b2a974fbc4,133D,CODE,CABLE-CAD-133D,CABLE-CAD-133D,DWG_DERIVED:stable-handle-id,False,exact,no_exact_match_requires_relation_or_derivation,"[""""]",,[],,[],False,False
CABLE,28,bf99bc60271d61364e0e9a040571145514890d5e236e9b8f021289b2a974fbc4,133D,delivery_grid_length_m,43.59011810247125,194.94703688820957,DWG_DERIVED:GEODATA+EPSG3857-geometry-length,False,segment_derived_value,not_a_text_check,"[""""]",,[],,[],False,False
CABLE,28,bf99bc60271d61364e0e9a040571145514890d5e236e9b8f021289b2a974fbc4,133D,geodesic_length_m,43.23308214024013,193.34869512297794,DWG_DERIVED:GEODATA+WGS84-geodesic,False,segment_derived_value,not_a_text_check,"[""""]",,[],,[],False,False
CABLE,28,bf99bc60271d61364e0e9a040571145514890d5e236e9b8f021289b2a974fbc4,133D,LONGUEUR,43.59011810247125,194.94703688820957,DWG_DERIVED:GEODATA+EPSG3857-geometry-length,False,segment_derived_value,not_a_text_check,"[""""]",,[],,[],False,False
CABLE,28,bf99bc60271d61364e0e9a040571145514890d5e236e9b8f021289b2a974fbc4,133D,display_label,,,UNAVAILABLE,True,missing_value,not_a_text_check,"[""""]",,[],,[],False,False
CABLE,28,bf99bc60271d61364e0e9a040571145514890d5e236e9b8f021289b2a974fbc4,133D,source_cad_length_m,43.23422932370056,193.3538922079238,DWG_DIRECT:AutoCAD-curve-distance,False,segment_derived_value,not_a_text_check,"[""""]",,[],,[],False,False
CABLE,28,bf99bc60271d61364e0e9a040571145514890d5e236e9b8f021289b2a974fbc4,133D,dimension_length_m,,,DWG_DIRECT:SPAN-CABLE-measurements,True,missing_value,not_a_text_check,"[""""]",,[],,[],False,False
CABLE,28,bf99bc60271d61364e0e9a040571145514890d5e236e9b8f021289b2a974fbc4,133D,source_segment_sum_m,,193.35389220792376,DWG_DERIVED:source-segment-native-curve-length-sum,True,missing_value,not_a_text_check,"[""""]",,[],,[],False,False
CABLE,28,bf99bc60271d61364e0e9a040571145514890d5e236e9b8f021289b2a974fbc4,133D,source_native_length_delta_m,,2.842170943040401e-14,DWG_DERIVED:AutoCAD-minus-segment-sum,True,missing_value,not_a_text_check,"[""""]",,[],,[],False,False
CABLE,29,bf99bc60271d61364e0e9a040571145514890d5e236e9b8f021289b2a974fbc4,133D,CODE,CABLE-CAD-133D,CABLE-CAD-133D,DWG_DERIVED:stable-handle-id,False,exact,no_exact_match_requires_relation_or_derivation,"[""""]",,[],,[],False,False
CABLE,29,bf99bc60271d61364e0e9a040571145514890d5e236e9b8f021289b2a974fbc4,133D,delivery_grid_length_m,34.51671547984256,194.94703688820957,DWG_DERIVED:GEODATA+EPSG3857-geometry-length,False,segment_derived_value,not_a_text_check,"[""""]",,[],,[],False,False
CABLE,29,bf99bc60271d61364e0e9a040571145514890d5e236e9b8f021289b2a974fbc4,133D,geodesic_length_m,34.23346000952517,193.34869512297794,DWG_DERIVED:GEODATA+WGS84-geodesic,False,segment_derived_value,not_a_text_check,"[""""]",,[],,[],False,False
CABLE,29,bf99bc60271d61364e0e9a040571145514890d5e236e9b8f021289b2a974fbc4,133D,LONGUEUR,34.51671547984256,194.94703688820957,DWG_DERIVED:GEODATA+EPSG3857-geometry-length,False,segment_derived_value,not_a_text_check,"[""""]",,[],,[],False,False
CABLE,29,bf99bc60271d61364e0e9a040571145514890d5e236e9b8f021289b2a974fbc4,133D,display_label,,,UNAVAILABLE,True,missing_value,not_a_text_check,"[""""]",,[],,[],False,False
CABLE,29,bf99bc60271d61364e0e9a040571145514890d5e236e9b8f021289b2a974fbc4,133D,source_cad_length_m,34.2343744765888,193.3538922079238,DWG_DIRECT:AutoCAD-curve-distance,False,segment_derived_value,not_a_text_check,"[""""]",,[],,[],False,False
CABLE,29,bf99bc60271d61364e0e9a040571145514890d5e236e9b8f021289b2a974fbc4,133D,dimension_length_m,,,DWG_DIRECT:SPAN-CABLE-measurements,True,missing_value,not_a_text_check,"[""""]",,[],,[],False,False
CABLE,29,bf99bc60271d61364e0e9a040571145514890d5e236e9b8f021289b2a974fbc4,133D,source_segment_sum_m,,193.35389220792376,DWG_DERIVED:source-segment-native-curve-length-sum,True,missing_value,not_a_text_check,"[""""]",,[],,[],False,False
CABLE,29,bf99bc60271d61364e0e9a040571145514890d5e236e9b8f021289b2a974fbc4,133D,source_native_length_delta_m,,2.842170943040401e-14,DWG_DERIVED:AutoCAD-minus-segment-sum,True,missing_value,not_a_text_check,"[""""]",,[],,[],False,False
CABLE,30,bf99bc60271d61364e0e9a040571145514890d5e236e9b8f021289b2a974fbc4,133D,CODE,CABLE-CAD-133D,CABLE-CAD-133D,DWG_DERIVED:stable-handle-id,False,exact,no_exact_match_requires_relation_or_derivation,"[""""]",,[],,[],False,False
CABLE,30,bf99bc60271d61364e0e9a040571145514890d5e236e9b8f021289b2a974fbc4,133D,delivery_grid_length_m,33.71663757558219,194.94703688820957,DWG_DERIVED:GEODATA+EPSG3857-geometry-length,False,segment_derived_value,not_a_text_check,"[""""]",,[],,[],False,False
CABLE,30,bf99bc60271d61364e0e9a040571145514890d5e236e9b8f021289b2a974fbc4,133D,geodesic_length_m,33.44000467052392,193.34869512297794,DWG_DERIVED:GEODATA+WGS84-geodesic,False,segment_derived_value,not_a_text_check,"[""""]",,[],,[],False,False
CABLE,30,bf99bc60271d61364e0e9a040571145514890d5e236e9b8f021289b2a974fbc4,133D,LONGUEUR,33.71663757558219,194.94703688820957,DWG_DERIVED:GEODATA+EPSG3857-geometry-length,False,segment_derived_value,not_a_text_check,"[""""]",,[],,[],False,False
CABLE,30,bf99bc60271d61364e0e9a040571145514890d5e236e9b8f021289b2a974fbc4,133D,display_label,,,UNAVAILABLE,True,missing_value,not_a_text_check,"[""""]",,[],,[],False,False
CABLE,30,bf99bc60271d61364e0e9a040571145514890d5e236e9b8f021289b2a974fbc4,133D,source_cad_length_m,33.44090313196794,193.3538922079238,DWG_DIRECT:AutoCAD-curve-distance,False,segment_derived_value,not_a_text_check,"[""""]",,[],,[],False,False
CABLE,30,bf99bc60271d61364e0e9a040571145514890d5e236e9b8f021289b2a974fbc4,133D,dimension_length_m,,,DWG_DIRECT:SPAN-CABLE-measurements,True,missing_value,not_a_text_check,"[""""]",,[],,[],False,False
CABLE,30,bf99bc60271d61364e0e9a040571145514890d5e236e9b8f021289b2a974fbc4,133D,source_segment_sum_m,,193.35389220792376,DWG_DERIVED:source-segment-native-curve-length-sum,True,missing_value,not_a_text_check,"[""""]",,[],,[],False,False
CABLE,30,bf99bc60271d61364e0e9a040571145514890d5e236e9b8f021289b2a974fbc4,133D,source_native_length_delta_m,,2.842170943040401e-14,DWG_DERIVED:AutoCAD-minus-segment-sum,True,missing_value,not_a_text_check,"[""""]",,[],,[],False,False
CABLE,31,bf99bc60271d61364e0e9a040571145514890d5e236e9b8f021289b2a974fbc4,133D,CODE,CABLE-CAD-133D,CABLE-CAD-133D,DWG_DERIVED:stable-handle-id,False,exact,no_exact_match_requires_relation_or_derivation,"[""""]",,[],,[],False,False
CABLE,31,bf99bc60271d61364e0e9a040571145514890d5e236e9b8f021289b2a974fbc4,133D,delivery_grid_length_m,28.855874852666922,194.94703688820957,DWG_DERIVED:GEODATA+EPSG3857-geometry-length,False,segment_derived_value,not_a_text_check,"[""""]",,[],,[],False,False
CABLE,31,bf99bc60271d61364e0e9a040571145514890d5e236e9b8f021289b2a974fbc4,133D,geodesic_length_m,28.618923452436515,193.34869512297794,DWG_DERIVED:GEODATA+WGS84-geodesic,False,segment_derived_value,not_a_text_check,"[""""]",,[],,[],False,False
CABLE,31,bf99bc60271d61364e0e9a040571145514890d5e236e9b8f021289b2a974fbc4,133D,LONGUEUR,28.855874852666922,194.94703688820957,DWG_DERIVED:GEODATA+EPSG3857-geometry-length,False,segment_derived_value,not_a_text_check,"[""""]",,[],,[],False,False
CABLE,31,bf99bc60271d61364e0e9a040571145514890d5e236e9b8f021289b2a974fbc4,133D,display_label,,,UNAVAILABLE,True,missing_value,not_a_text_check,"[""""]",,[],,[],False,False
CABLE,31,bf99bc60271d61364e0e9a040571145514890d5e236e9b8f021289b2a974fbc4,133D,source_cad_length_m,28.619696458376144,193.3538922079238,DWG_DIRECT:AutoCAD-curve-distance,False,segment_derived_value,not_a_text_check,"[""""]",,[],,[],False,False
CABLE,31,bf99bc60271d61364e0e9a040571145514890d5e236e9b8f021289b2a974fbc4,133D,dimension_length_m,,,DWG_DIRECT:SPAN-CABLE-measurements,True,missing_value,not_a_text_check,"[""""]",,[],,[],False,False
CABLE,31,bf99bc60271d61364e0e9a040571145514890d5e236e9b8f021289b2a974fbc4,133D,source_segment_sum_m,,193.35389220792376,DWG_DERIVED:source-segment-native-curve-length-sum,True,missing_value,not_a_text_check,"[""""]",,[],,[],False,False
CABLE,31,bf99bc60271d61364e0e9a040571145514890d5e236e9b8f021289b2a974fbc4,133D,source_native_length_delta_m,,2.842170943040401e-14,DWG_DERIVED:AutoCAD-minus-segment-sum,True,missing_value,not_a_text_check,"[""""]",,[],,[],False,False
CABLE,32,bf99bc60271d61364e0e9a040571145514890d5e236e9b8f021289b2a974fbc4,133D,CODE,CABLE-CAD-133D,CABLE-CAD-133D,DWG_DERIVED:stable-handle-id,False,exact,no_exact_match_requires_relation_or_derivation,"[""""]",,[],,[],False,False
CABLE,32,bf99bc60271d61364e0e9a040571145514890d5e236e9b8f021289b2a974fbc4,133D,delivery_grid_length_m,24.01116263811529,194.94703688820957,DWG_DERIVED:GEODATA+EPSG3857-geometry-length,False,segment_derived_value,not_a_text_check,"[""""]",,[],,[],False,False
CABLE,32,bf99bc60271d61364e0e9a040571145514890d5e236e9b8f021289b2a974fbc4,133D,geodesic_length_m,23.814523901238893,193.34869512297794,DWG_DERIVED:GEODATA+WGS84-geodesic,False,segment_derived_value,not_a_text_check,"[""""]",,[],,[],False,False
CABLE,32,bf99bc60271d61364e0e9a040571145514890d5e236e9b8f021289b2a974fbc4,133D,LONGUEUR,24.01116263811529,194.94703688820957,DWG_DERIVED:GEODATA+EPSG3857-geometry-length,False,segment_derived_value,not_a_text_check,"[""""]",,[],,[],False,False
CABLE,32,bf99bc60271d61364e0e9a040571145514890d5e236e9b8f021289b2a974fbc4,133D,display_label,,,UNAVAILABLE,True,missing_value,not_a_text_check,"[""""]",,[],,[],False,False
CABLE,32,bf99bc60271d61364e0e9a040571145514890d5e236e9b8f021289b2a974fbc4,133D,source_cad_length_m,23.81517000453032,193.3538922079238,DWG_DIRECT:AutoCAD-curve-distance,False,segment_derived_value,not_a_text_check,"[""""]",,[],,[],False,False
CABLE,32,bf99bc60271d61364e0e9a040571145514890d5e236e9b8f021289b2a974fbc4,133D,dimension_length_m,,,DWG_DIRECT:SPAN-CABLE-measurements,True,missing_value,not_a_text_check,"[""""]",,[],,[],False,False
CABLE,32,bf99bc60271d61364e0e9a040571145514890d5e236e9b8f021289b2a974fbc4,133D,source_segment_sum_m,,193.35389220792376,DWG_DERIVED:source-segment-native-curve-length-sum,True,missing_value,not_a_text_check,"[""""]",,[],,[],False,False
CABLE,32,bf99bc60271d61364e0e9a040571145514890d5e236e9b8f021289b2a974fbc4,133D,source_native_length_delta_m,,2.842170943040401e-14,DWG_DERIVED:AutoCAD-minus-segment-sum,True,missing_value,not_a_text_check,"[""""]",,[],,[],False,False
CABLE,33,bf99bc60271d61364e0e9a040571145514890d5e236e9b8f021289b2a974fbc4,133D,CODE,CABLE-CAD-133D,CABLE-CAD-133D,DWG_DERIVED:stable-handle-id,False,exact,no_exact_match_requires_relation_or_derivation,"[""""]",,[],,[],False,False
CABLE,33,bf99bc60271d61364e0e9a040571145514890d5e236e9b8f021289b2a974fbc4,133D,delivery_grid_length_m,30.25652823953135,194.94703688820957,DWG_DERIVED:GEODATA+EPSG3857-geometry-length,False,segment_derived_value,not_a_text_check,"[""""]",,[],,[],False,False
CABLE,33,bf99bc60271d61364e0e9a040571145514890d5e236e9b8f021289b2a974fbc4,133D,geodesic_length_m,30.00870094901333,193.34869512297794,DWG_DERIVED:GEODATA+WGS84-geodesic,False,segment_derived_value,not_a_text_check,"[""""]",,[],,[],False,False
CABLE,33,bf99bc60271d61364e0e9a040571145514890d5e236e9b8f021289b2a974fbc4,133D,LONGUEUR,30.25652823953135,194.94703688820957,DWG_DERIVED:GEODATA+EPSG3857-geometry-length,False,segment_derived_value,not_a_text_check,"[""""]",,[],,[],False,False
CABLE,33,bf99bc60271d61364e0e9a040571145514890d5e236e9b8f021289b2a974fbc4,133D,display_label,,,UNAVAILABLE,True,missing_value,not_a_text_check,"[""""]",,[],,[],False,False
CABLE,33,bf99bc60271d61364e0e9a040571145514890d5e236e9b8f021289b2a974fbc4,133D,source_cad_length_m,30.00951881276,193.3538922079238,DWG_DIRECT:AutoCAD-curve-distance,False,segment_derived_value,not_a_text_check,"[""""]",,[],,[],False,False
CABLE,33,bf99bc60271d61364e0e9a040571145514890d5e236e9b8f021289b2a974fbc4,133D,dimension_length_m,,,DWG_DIRECT:SPAN-CABLE-measurements,True,missing_value,not_a_text_check,"[""""]",,[],,[],False,False
CABLE,33,bf99bc60271d61364e0e9a040571145514890d5e236e9b8f021289b2a974fbc4,133D,source_segment_sum_m,,193.35389220792376,DWG_DERIVED:source-segment-native-curve-length-sum,True,missing_value,not_a_text_check,"[""""]",,[],,[],False,False
CABLE,33,bf99bc60271d61364e0e9a040571145514890d5e236e9b8f021289b2a974fbc4,133D,source_native_length_delta_m,,2.842170943040401e-14,DWG_DERIVED:AutoCAD-minus-segment-sum,True,missing_value,not_a_text_check,"[""""]",,[],,[],False,False
ZPM,1,29309a32cc5ded2a41bc5872b7ae7a7676c7ddb187556f7aa9be2493982b9471,1330,CODE,ZPM-CAD-1330,ZPM-CAD-1330,DWG_DERIVED:stable-handle-id,False,exact,no_exact_match_requires_relation_or_derivation,"[""""]",,[],,[],False,False
ZPM,1,29309a32cc5ded2a41bc5872b7ae7a7676c7ddb187556f7aa9be2493982b9471,1330,REF_PLAQUE,,,UNAVAILABLE,True,missing_value,not_a_text_check,"[""""]",,[],,[],False,False
ZPM,1,29309a32cc5ded2a41bc5872b7ae7a7676c7ddb187556f7aa9be2493982b9471,1330,REF_NRO,,,UNAVAILABLE,True,missing_value,not_a_text_check,"[""""]",,[],,[],False,False
ZPM,1,29309a32cc5ded2a41bc5872b7ae7a7676c7ddb187556f7aa9be2493982b9471,1330,REF_SRO,,,UNAVAILABLE,True,missing_value,not_a_text_check,"[""""]",,[],,[],False,False
ZPM,1,29309a32cc5ded2a41bc5872b7ae7a7676c7ddb187556f7aa9be2493982b9471,1330,STATUT,,,UNAVAILABLE,True,missing_value,not_a_text_check,"[""""]",,[],,[],False,False
ZPM,1,29309a32cc5ded2a41bc5872b7ae7a7676c7ddb187556f7aa9be2493982b9471,1330,NB_PRISES,,,UNAVAILABLE,True,missing_value,not_a_text_check,"[""""]",,[],,[],False,False
ZPM,1,29309a32cc5ded2a41bc5872b7ae7a7676c7ddb187556f7aa9be2493982b9471,1330,display_label,,,UNAVAILABLE,True,missing_value,not_a_text_check,"[""""]",,[],,[],False,False
ZPM,2,f33db595754abe7519a3dad7dc49de3e387d9d1fe4b72e06e264055f7c368134,132F,CODE,ZPM-CAD-132F,ZPM-CAD-132F,DWG_DERIVED:stable-handle-id,False,exact,no_exact_match_requires_relation_or_derivation,"[""""]",,[],,[],False,False
ZPM,2,f33db595754abe7519a3dad7dc49de3e387d9d1fe4b72e06e264055f7c368134,132F,REF_PLAQUE,,,UNAVAILABLE,True,missing_value,not_a_text_check,"[""""]",,[],,[],False,False
ZPM,2,f33db595754abe7519a3dad7dc49de3e387d9d1fe4b72e06e264055f7c368134,132F,REF_NRO,,,UNAVAILABLE,True,missing_value,not_a_text_check,"[""""]",,[],,[],False,False
ZPM,2,f33db595754abe7519a3dad7dc49de3e387d9d1fe4b72e06e264055f7c368134,132F,REF_SRO,,,UNAVAILABLE,True,missing_value,not_a_text_check,"[""""]",,[],,[],False,False
ZPM,2,f33db595754abe7519a3dad7dc49de3e387d9d1fe4b72e06e264055f7c368134,132F,STATUT,,,UNAVAILABLE,True,missing_value,not_a_text_check,"[""""]",,[],,[],False,False
ZPM,2,f33db595754abe7519a3dad7dc49de3e387d9d1fe4b72e06e264055f7c368134,132F,NB_PRISES,,,UNAVAILABLE,True,missing_value,not_a_text_check,"[""""]",,[],,[],False,False
ZPM,2,f33db595754abe7519a3dad7dc49de3e387d9d1fe4b72e06e264055f7c368134,132F,display_label,,,UNAVAILABLE,True,missing_value,not_a_text_check,"[""""]",,[],,[],False,False
ZPM,3,e825595b4ae81aad1b0b439ef5dd02e6d2f73f618554ad3d60e6aa5257657d8e,1327,CODE,ZPM-CAD-1327,ZPM-CAD-1327,DWG_DERIVED:stable-handle-id,False,exact,no_exact_match_requires_relation_or_derivation,"[""""]",,[],,[],False,False
ZPM,3,e825595b4ae81aad1b0b439ef5dd02e6d2f73f618554ad3d60e6aa5257657d8e,1327,REF_PLAQUE,,,UNAVAILABLE,True,missing_value,not_a_text_check,"[""""]",,[],,[],False,False
ZPM,3,e825595b4ae81aad1b0b439ef5dd02e6d2f73f618554ad3d60e6aa5257657d8e,1327,REF_NRO,,,UNAVAILABLE,True,missing_value,not_a_text_check,"[""""]",,[],,[],False,False
ZPM,3,e825595b4ae81aad1b0b439ef5dd02e6d2f73f618554ad3d60e6aa5257657d8e,1327,REF_SRO,,,UNAVAILABLE,True,missing_value,not_a_text_check,"[""""]",,[],,[],False,False
ZPM,3,e825595b4ae81aad1b0b439ef5dd02e6d2f73f618554ad3d60e6aa5257657d8e,1327,STATUT,,,UNAVAILABLE,True,missing_value,not_a_text_check,"[""""]",,[],,[],False,False
ZPM,3,e825595b4ae81aad1b0b439ef5dd02e6d2f73f618554ad3d60e6aa5257657d8e,1327,NB_PRISES,,,UNAVAILABLE,True,missing_value,not_a_text_check,"[""""]",,[],,[],False,False
ZPM,3,e825595b4ae81aad1b0b439ef5dd02e6d2f73f618554ad3d60e6aa5257657d8e,1327,display_label,,,UNAVAILABLE,True,missing_value,not_a_text_check,"[""""]",,[],,[],False,False
ZPM,4,c13be2bfc92649ecf5a715e6ade9933935dcf6b5c8eb88d5c1b9ba4e9a60859d,1331,CODE,ZPM-CAD-1331,ZPM-CAD-1331,DWG_DERIVED:stable-handle-id,False,exact,no_exact_match_requires_relation_or_derivation,"[""""]",,[],,[],False,False
ZPM,4,c13be2bfc92649ecf5a715e6ade9933935dcf6b5c8eb88d5c1b9ba4e9a60859d,1331,REF_PLAQUE,,,UNAVAILABLE,True,missing_value,not_a_text_check,"[""""]",,[],,[],False,False
ZPM,4,c13be2bfc92649ecf5a715e6ade9933935dcf6b5c8eb88d5c1b9ba4e9a60859d,1331,REF_NRO,,,UNAVAILABLE,True,missing_value,not_a_text_check,"[""""]",,[],,[],False,False
ZPM,4,c13be2bfc92649ecf5a715e6ade9933935dcf6b5c8eb88d5c1b9ba4e9a60859d,1331,REF_SRO,,,UNAVAILABLE,True,missing_value,not_a_text_check,"[""""]",,[],,[],False,False
ZPM,4,c13be2bfc92649ecf5a715e6ade9933935dcf6b5c8eb88d5c1b9ba4e9a60859d,1331,STATUT,,,UNAVAILABLE,True,missing_value,not_a_text_check,"[""""]",,[],,[],False,False
ZPM,4,c13be2bfc92649ecf5a715e6ade9933935dcf6b5c8eb88d5c1b9ba4e9a60859d,1331,NB_PRISES,,,UNAVAILABLE,True,missing_value,not_a_text_check,"[""""]",,[],,[],False,False
ZPM,4,c13be2bfc92649ecf5a715e6ade9933935dcf6b5c8eb88d5c1b9ba4e9a60859d,1331,display_label,,,UNAVAILABLE,True,missing_value,not_a_text_check,"[""""]",,[],,[],False,False
ZPM,5,020c3e402b51392f325cfb18b85664220d900c991385a275383f6f18774e8b4c,1332,CODE,ZPM-CAD-1332,ZPM-CAD-1332,DWG_DERIVED:stable-handle-id,False,exact,no_exact_match_requires_relation_or_derivation,"[""""]",,[],,[],False,False
ZPM,5,020c3e402b51392f325cfb18b85664220d900c991385a275383f6f18774e8b4c,1332,REF_PLAQUE,,,UNAVAILABLE,True,missing_value,not_a_text_check,"[""""]",,[],,[],False,False
ZPM,5,020c3e402b51392f325cfb18b85664220d900c991385a275383f6f18774e8b4c,1332,REF_NRO,,,UNAVAILABLE,True,missing_value,not_a_text_check,"[""""]",,[],,[],False,False
ZPM,5,020c3e402b51392f325cfb18b85664220d900c991385a275383f6f18774e8b4c,1332,REF_SRO,,,UNAVAILABLE,True,missing_value,not_a_text_check,"[""""]",,[],,[],False,False
ZPM,5,020c3e402b51392f325cfb18b85664220d900c991385a275383f6f18774e8b4c,1332,STATUT,,,UNAVAILABLE,True,missing_value,not_a_text_check,"[""""]",,[],,[],False,False
ZPM,5,020c3e402b51392f325cfb18b85664220d900c991385a275383f6f18774e8b4c,1332,NB_PRISES,,,UNAVAILABLE,True,missing_value,not_a_text_check,"[""""]",,[],,[],False,False
ZPM,5,020c3e402b51392f325cfb18b85664220d900c991385a275383f6f18774e8b4c,1332,display_label,,,UNAVAILABLE,True,missing_value,not_a_text_check,"[""""]",,[],,[],False,False
ZPM,6,4150ebcbb7ef723c6de67e4fab4ec3b5a099866c8a14232fdc2d211fc307e6eb,132E,CODE,ZPM-CAD-132E,ZPM-CAD-132E,DWG_DERIVED:stable-handle-id,False,exact,no_exact_match_requires_relation_or_derivation,"[""""]",,[],,[],False,False
ZPM,6,4150ebcbb7ef723c6de67e4fab4ec3b5a099866c8a14232fdc2d211fc307e6eb,132E,REF_PLAQUE,,,UNAVAILABLE,True,missing_value,not_a_text_check,"[""""]",,[],,[],False,False
ZPM,6,4150ebcbb7ef723c6de67e4fab4ec3b5a099866c8a14232fdc2d211fc307e6eb,132E,REF_NRO,,,UNAVAILABLE,True,missing_value,not_a_text_check,"[""""]",,[],,[],False,False
ZPM,6,4150ebcbb7ef723c6de67e4fab4ec3b5a099866c8a14232fdc2d211fc307e6eb,132E,REF_SRO,,,UNAVAILABLE,True,missing_value,not_a_text_check,"[""""]",,[],,[],False,False
ZPM,6,4150ebcbb7ef723c6de67e4fab4ec3b5a099866c8a14232fdc2d211fc307e6eb,132E,STATUT,,,UNAVAILABLE,True,missing_value,not_a_text_check,"[""""]",,[],,[],False,False
ZPM,6,4150ebcbb7ef723c6de67e4fab4ec3b5a099866c8a14232fdc2d211fc307e6eb,132E,NB_PRISES,,,UNAVAILABLE,True,missing_value,not_a_text_check,"[""""]",,[],,[],False,False
ZPM,6,4150ebcbb7ef723c6de67e4fab4ec3b5a099866c8a14232fdc2d211fc307e6eb,132E,display_label,,,UNAVAILABLE,True,missing_value,not_a_text_check,"[""""]",,[],,[],False,False
ZPM,7,8759877f80d0d5869fb22f7fe777bee6ae4d673d7c2f4c71c249019a514dd99c,1326,CODE,ZPM-CAD-1326,ZPM-CAD-1326,DWG_DERIVED:stable-handle-id,False,exact,no_exact_match_requires_relation_or_derivation,"[""""]",,[],,[],False,False
ZPM,7,8759877f80d0d5869fb22f7fe777bee6ae4d673d7c2f4c71c249019a514dd99c,1326,REF_PLAQUE,,,UNAVAILABLE,True,missing_value,not_a_text_check,"[""""]",,[],,[],False,False
ZPM,7,8759877f80d0d5869fb22f7fe777bee6ae4d673d7c2f4c71c249019a514dd99c,1326,REF_NRO,,,UNAVAILABLE,True,missing_value,not_a_text_check,"[""""]",,[],,[],False,False
ZPM,7,8759877f80d0d5869fb22f7fe777bee6ae4d673d7c2f4c71c249019a514dd99c,1326,REF_SRO,,,UNAVAILABLE,True,missing_value,not_a_text_check,"[""""]",,[],,[],False,False
ZPM,7,8759877f80d0d5869fb22f7fe777bee6ae4d673d7c2f4c71c249019a514dd99c,1326,STATUT,,,UNAVAILABLE,True,missing_value,not_a_text_check,"[""""]",,[],,[],False,False
ZPM,7,8759877f80d0d5869fb22f7fe777bee6ae4d673d7c2f4c71c249019a514dd99c,1326,NB_PRISES,,,UNAVAILABLE,True,missing_value,not_a_text_check,"[""""]",,[],,[],False,False
ZPM,7,8759877f80d0d5869fb22f7fe777bee6ae4d673d7c2f4c71c249019a514dd99c,1326,display_label,,,UNAVAILABLE,True,missing_value,not_a_text_check,"[""""]",,[],,[],False,False
ZPM,8,d8b859128e1f54e1dd775cf29d4b16189d784a8b01ecc448abb8323ed32cd435,1333,CODE,ZPM-CAD-1333,ZPM-CAD-1333,DWG_DERIVED:stable-handle-id,False,exact,no_exact_match_requires_relation_or_derivation,"[""""]",,[],,[],False,False
ZPM,8,d8b859128e1f54e1dd775cf29d4b16189d784a8b01ecc448abb8323ed32cd435,1333,REF_PLAQUE,,,UNAVAILABLE,True,missing_value,not_a_text_check,"[""""]",,[],,[],False,False
ZPM,8,d8b859128e1f54e1dd775cf29d4b16189d784a8b01ecc448abb8323ed32cd435,1333,REF_NRO,,,UNAVAILABLE,True,missing_value,not_a_text_check,"[""""]",,[],,[],False,False
ZPM,8,d8b859128e1f54e1dd775cf29d4b16189d784a8b01ecc448abb8323ed32cd435,1333,REF_SRO,,,UNAVAILABLE,True,missing_value,not_a_text_check,"[""""]",,[],,[],False,False
ZPM,8,d8b859128e1f54e1dd775cf29d4b16189d784a8b01ecc448abb8323ed32cd435,1333,STATUT,,,UNAVAILABLE,True,missing_value,not_a_text_check,"[""""]",,[],,[],False,False
ZPM,8,d8b859128e1f54e1dd775cf29d4b16189d784a8b01ecc448abb8323ed32cd435,1333,NB_PRISES,,,UNAVAILABLE,True,missing_value,not_a_text_check,"[""""]",,[],,[],False,False
ZPM,8,d8b859128e1f54e1dd775cf29d4b16189d784a8b01ecc448abb8323ed32cd435,1333,display_label,,,UNAVAILABLE,True,missing_value,not_a_text_check,"[""""]",,[],,[],False,False
ZPM,9,8cb1b244475a0d73c6fb5fcc90b06141ecce2a7b0b8ccb11d53eb429ef45a35f,1325,CODE,ZPM-CAD-1325,ZPM-CAD-1325,DWG_DERIVED:stable-handle-id,False,exact,no_exact_match_requires_relation_or_derivation,"[""""]",,[],,[],False,False
ZPM,9,8cb1b244475a0d73c6fb5fcc90b06141ecce2a7b0b8ccb11d53eb429ef45a35f,1325,REF_PLAQUE,,,UNAVAILABLE,True,missing_value,not_a_text_check,"[""""]",,[],,[],False,False
ZPM,9,8cb1b244475a0d73c6fb5fcc90b06141ecce2a7b0b8ccb11d53eb429ef45a35f,1325,REF_NRO,,,UNAVAILABLE,True,missing_value,not_a_text_check,"[""""]",,[],,[],False,False
ZPM,9,8cb1b244475a0d73c6fb5fcc90b06141ecce2a7b0b8ccb11d53eb429ef45a35f,1325,REF_SRO,,,UNAVAILABLE,True,missing_value,not_a_text_check,"[""""]",,[],,[],False,False
ZPM,9,8cb1b244475a0d73c6fb5fcc90b06141ecce2a7b0b8ccb11d53eb429ef45a35f,1325,STATUT,,,UNAVAILABLE,True,missing_value,not_a_text_check,"[""""]",,[],,[],False,False
ZPM,9,8cb1b244475a0d73c6fb5fcc90b06141ecce2a7b0b8ccb11d53eb429ef45a35f,1325,NB_PRISES,,,UNAVAILABLE,True,missing_value,not_a_text_check,"[""""]",,[],,[],False,False
ZPM,9,8cb1b244475a0d73c6fb5fcc90b06141ecce2a7b0b8ccb11d53eb429ef45a35f,1325,display_label,,,UNAVAILABLE,True,missing_value,not_a_text_check,"[""""]",,[],,[],False,False
ZNRO,1,0c0e2bec1b064c4d744ef1e256d393b010faa79d4298ce2ba8811e51764d48d7,ZPM-COMPONENT-2,CODE,ZNRO-CAD-ZPM-COMPONENT-2,ZNRO-CAD-ZPM-COMPONENT-2,DWG_DERIVED:znro-parent-zone,False,exact,no_exact_match_requires_relation_or_derivation,"[""""]",,[],,[],False,False
ZNRO,1,0c0e2bec1b064c4d744ef1e256d393b010faa79d4298ce2ba8811e51764d48d7,ZPM-COMPONENT-2,REF_PLAQUE,,,UNAVAILABLE,True,missing_value,not_a_text_check,"[""""]",,[],,[],False,False
ZNRO,1,0c0e2bec1b064c4d744ef1e256d393b010faa79d4298ce2ba8811e51764d48d7,ZPM-COMPONENT-2,REF_NRO,,,UNAVAILABLE,True,missing_value,not_a_text_check,"[""""]",,[],,[],False,False
ZNRO,1,0c0e2bec1b064c4d744ef1e256d393b010faa79d4298ce2ba8811e51764d48d7,ZPM-COMPONENT-2,STATUT,,,UNAVAILABLE,True,missing_value,not_a_text_check,"[""""]",,[],,[],False,False
ZNRO,1,0c0e2bec1b064c4d744ef1e256d393b010faa79d4298ce2ba8811e51764d48d7,ZPM-COMPONENT-2,NB_PRISES,,,UNAVAILABLE,True,missing_value,not_a_text_check,"[""""]",,[],,[],False,False
ZNRO,1,0c0e2bec1b064c4d744ef1e256d393b010faa79d4298ce2ba8811e51764d48d7,ZPM-COMPONENT-2,display_label,,,UNAVAILABLE,True,missing_value,not_a_text_check,"[""""]",,[],,[],False,False
ZNRO,2,0dc8c855a1009e532bf4ca70c809a758731e400dfbd62c49b8684cf18129b67f,ZPM-COMPONENT-1,CODE,ZNRO-CAD-ZPM-COMPONENT-1,ZNRO-CAD-ZPM-COMPONENT-1,DWG_DERIVED:znro-parent-zone,False,exact,no_exact_match_requires_relation_or_derivation,"[""""]",,[],,[],False,False
ZNRO,2,0dc8c855a1009e532bf4ca70c809a758731e400dfbd62c49b8684cf18129b67f,ZPM-COMPONENT-1,REF_PLAQUE,,,UNAVAILABLE,True,missing_value,not_a_text_check,"[""""]",,[],,[],False,False
ZNRO,2,0dc8c855a1009e532bf4ca70c809a758731e400dfbd62c49b8684cf18129b67f,ZPM-COMPONENT-1,REF_NRO,,,UNAVAILABLE,True,missing_value,not_a_text_check,"[""""]",,[],,[],False,False
ZNRO,2,0dc8c855a1009e532bf4ca70c809a758731e400dfbd62c49b8684cf18129b67f,ZPM-COMPONENT-1,STATUT,,,UNAVAILABLE,True,missing_value,not_a_text_check,"[""""]",,[],,[],False,False
ZNRO,2,0dc8c855a1009e532bf4ca70c809a758731e400dfbd62c49b8684cf18129b67f,ZPM-COMPONENT-1,NB_PRISES,,,UNAVAILABLE,True,missing_value,not_a_text_check,"[""""]",,[],,[],False,False
ZNRO,2,0dc8c855a1009e532bf4ca70c809a758731e400dfbd62c49b8684cf18129b67f,ZPM-COMPONENT-1,display_label,,,UNAVAILABLE,True,missing_value,not_a_text_check,"[""""]",,[],,[],False,False
