layer,source_entity_key,source_handle,delivery_count,source_in_independent_plan,source_type,operations,hausdorff_native_m,delivery_union_length_native_m,source_curve_length_native_m,length_difference_native_m,status,distance_basis,point_anchor_displacement_m
BOITE,0651260f55b157ffb39ea76108c178bd0e75a432edd5c1733e7d0abd056b4185,4D1D4,1,True,INSERT,collocate_with_support|identity,12.094885684009306,,,,explicit_derived_displacement,source_Point_to_delivery_Point,12.094885684009306
BOITE,129e581d0092befe1661f63271c4ab5f8829292b3b38c0b655a3cb9fc65bd006,4D1FC,1,True,INSERT,collocate_with_support|identity,11.966373017006363,,,,explicit_derived_displacement,source_Point_to_delivery_Point,11.966373017006363
BOITE,1edc347a0bd0c342f2e2b2f04c2a9893cafbe938419c1c0b6c3f4bee0889ab16,4D1CC,1,True,INSERT,collocate_with_support|identity,11.997756841853395,,,,explicit_derived_displacement,source_Point_to_delivery_Point,11.997756841853395
BOITE,2285157e369c759a9efc16999c0d27e62668ad5ab4a19046efbeb373a24cf93f,4D1DC,1,True,INSERT,collocate_with_support|identity,12.08298328392036,,,,explicit_derived_displacement,source_Point_to_delivery_Point,12.08298328392036
BOITE,268226bff3fb8600150a51a92f4dda526188628db91dce1c828570481f48e71f,4D1F8,1,True,INSERT,collocate_with_support|identity,12.085153346761572,,,,explicit_derived_displacement,source_Point_to_delivery_Point,12.085153346761572
BOITE,2881e0383b098c545d993ee8516ae5f3374ed287cbe99265b4b513f09e3bfc84,4D20C,1,True,INSERT,collocate_with_support|identity,12.08515334631818,,,,explicit_derived_displacement,source_Point_to_delivery_Point,12.08515334631818
BOITE,2e474c3235f98a2914943ffc3306831d38a91a8aff68d4c4da0b51269ad60e13,4D1E0,1,True,INSERT,collocate_with_support|identity,12.085153346423922,,,,explicit_derived_displacement,source_Point_to_delivery_Point,12.085153346423922
BOITE,39426cc5917ecac228d100ba35b10c8eb6044eebbf7bba8b5b171b2afa4cb89e,4D1C8,1,True,INSERT,collocate_with_support|identity,12.020647427998577,,,,explicit_derived_displacement,source_Point_to_delivery_Point,12.020647427998577
BOITE,46c13da920a6b9dd2c4c21faab8f90aa1384ca5b9e990f11e8f333bb96d5d70f,4D1C4,1,True,INSERT,collocate_with_support|identity,12.03550511714516,,,,explicit_derived_displacement,source_Point_to_delivery_Point,12.03550511714516
BOITE,54b42b06e220dd88066522fbdc4945bd3e7ec248477e93f266029b4ccf1f1862,4D200,1,True,INSERT,collocate_with_support|identity,12.085153346219574,,,,explicit_derived_displacement,source_Point_to_delivery_Point,12.085153346219574
BOITE,6a1d1a9883bf6b19cedd6bcf9628aff7f7bba886d8917329a6d33b06eeba3985,4D1C0,1,True,INSERT,collocate_with_support|identity,11.72576916191118,,,,explicit_derived_displacement,source_Point_to_delivery_Point,11.72576916191118
BOITE,77b35680ffc7bedce8668205c8c4dc76caf37e878f5bf17545406ca38354995c,4D218,1,True,INSERT,identity,2.4014966060315314e-10,,,,within_numeric_and_curve_sampling_tolerance,source_Point_to_delivery_Point,2.4014966060315314e-10
BOITE,7d12a0068c52d1794c443a628b754785246e4a15f3cec905394717be334d401f,4D1F0,1,True,INSERT,collocate_with_support|identity,12.08515334673143,,,,explicit_derived_displacement,source_Point_to_delivery_Point,12.08515334673143
BOITE,80715a1bb71f51ebc7b97e94425a7df1d6757752c903ce23e2cf6cd9b73c4094,4D1D8,1,True,INSERT,collocate_with_support|identity,12.085153346359535,,,,explicit_derived_displacement,source_Point_to_delivery_Point,12.085153346359535
BOITE,8579237fa602eb55f12a94561c5a2b6d68a06d0a1b71e4fe84b698f977a8da95,4D1E4,1,True,INSERT,collocate_with_support|identity,12.085153346799862,,,,explicit_derived_displacement,source_Point_to_delivery_Point,12.085153346799862
BOITE,88297f30da5afc3bfc32422a7ef639d836de53fb944fc50c220830338ea02ef2,4D1E8,1,True,INSERT,collocate_with_support|identity,12.005211616777835,,,,explicit_derived_displacement,source_Point_to_delivery_Point,12.005211616777835
BOITE,8d851e52fe14f3ce683e010cb6bf1caed27d7ae4ca5088c0280e4a06cd3a9b9d,4D1EC,1,True,INSERT,collocate_with_support|identity,11.961807707430168,,,,explicit_derived_displacement,source_Point_to_delivery_Point,11.961807707430168
BOITE,924eda10a238b3b1a7691340128016256765dcb9d27750003e8a4a05cf0cbf1f,4D214,1,True,INSERT,collocate_with_support|identity,12.085153346394758,,,,explicit_derived_displacement,source_Point_to_delivery_Point,12.085153346394758
BOITE,97388c49ea574e15d66efac983847a70e1b42cc2db6a0c4a6316861c9db93ab3,4D1B8,1,True,INSERT,collocate_with_support|identity,12.089572802347606,,,,explicit_derived_displacement,source_Point_to_delivery_Point,12.089572802347606
BOITE,acc04212f048f60bd967874b3fb8355dbf98c8bc32f33cec1af2b3f346fa3961,4D208,1,True,INSERT,collocate_with_support|identity,12.08515334632092,,,,explicit_derived_displacement,source_Point_to_delivery_Point,12.08515334632092
BOITE,c458e50b004239ec8cf2fca94414938a55df486851702484b73087c86a2ccdf4,4D210,1,True,INSERT,collocate_with_support|identity,12.184453073601567,,,,explicit_derived_displacement,source_Point_to_delivery_Point,12.184453073601567
BOITE,d16e906f8c99f7f4f87cf7df1d2c218997b2a9de9b2240e9c3fc7cf3cfd12f41,4D225,1,True,INSERT,collocate_with_support|identity,12.085153346408747,,,,explicit_derived_displacement,source_Point_to_delivery_Point,12.085153346408747
BOITE,e8d4204eed7b830e9ed4c8953ddb73cd7c4a02a1f7a55fb6e33514e9f7f3ad22,4D1D0,1,True,INSERT,collocate_with_support|identity,12.085153346368633,,,,explicit_derived_displacement,source_Point_to_delivery_Point,12.085153346368633
BOITE,ed9a89342d778d7743af4f96b74d382b948ddf93fe745e4d1711333a49901080,4D1BC,1,True,INSERT,collocate_with_support|identity,11.918293703842739,,,,explicit_derived_displacement,source_Point_to_delivery_Point,11.918293703842739
BOITE,ef7d3b8fcf5e0c6366638fa0fac00a07ede34e5f98f7e4f1c2a2f3693da80cb8,4D1F4,1,True,INSERT,collocate_with_support|identity,12.085153346320423,,,,explicit_derived_displacement,source_Point_to_delivery_Point,12.085153346320423
BOITE,f470b5bf380d9ab155e3d2d857f6eaf1bea834164e9f23016a33f12827733dad,4D204,1,True,INSERT,collocate_with_support|identity,12.085153346392428,,,,explicit_derived_displacement,source_Point_to_delivery_Point,12.085153346392428
CABLE,01bdb777ec3eadbedc6305c9e2250934abcfe7581031fbb4b1efe410c06bdcb2,4D17B,48,True,LWPOLYLINE,identity|segment_occurrence,7.574474784448702e-10,1904.6732374455955,1904.673237446183,-5.875335773453116e-10,within_numeric_and_curve_sampling_tolerance,source_LineString_to_delivery_MultiLineString,
CABLE,178a9f03a8940d57872f7066ed1f9184c2ac98d8b53dc3f1d19785b27ed2e96c,4DA14,1,True,LWPOLYLINE,identity|segment_occurrence,8.42113638903126e-10,44.35796724451211,44.35796724440892,1.0319212151443935e-10,within_numeric_and_curve_sampling_tolerance,source_LineString_to_delivery_LineString,
CABLE,222ab2b9fb1304b9de7299557d69d2b5458a9a488b4f2297da650e8db0c76e94,4DA15,1,True,LWPOLYLINE,identity|segment_occurrence,8.296118583228544e-10,42.735777983316325,42.73577798302031,2.9601210371765774e-10,within_numeric_and_curve_sampling_tolerance,source_LineString_to_delivery_LineString,
CABLE,232d65fef066ae0a09812c10303a751dfa9da1259ea7c28fa88ab04285a5a141,4D9D1,1,True,LWPOLYLINE,identity|segment_occurrence,9.023930395006966e-10,48.132179078077996,48.13217907807753,4.689582056016661e-13,within_numeric_and_curve_sampling_tolerance,source_LineString_to_delivery_LineString,
CABLE,35469a5bef08ad4dd30a19af1eb6650fdb6fb06b630bfef04e0a6734c1e2203e,4D9EC,2,True,LWPOLYLINE,identity|segment_occurrence,3.959593581458845e-10,83.00853534627448,83.00853534634138,-6.689049314445583e-11,within_numeric_and_curve_sampling_tolerance,source_LineString_to_delivery_MultiLineString,
CABLE,4f96937e12c937768ba8304931d50fe3ef81e67bc0f2b3862d94943f1638603a,4D9F7,1,True,LWPOLYLINE,identity|segment_occurrence,7.588658328025647e-10,30.86275402366903,30.86275402504583,-1.3768008955139521e-09,within_numeric_and_curve_sampling_tolerance,source_LineString_to_delivery_LineString,
CABLE,58fc5d822e45aac359fb7809bbb4a8614e3126184a0b989313d4ad0594da20fc,4DA10,1,True,LWPOLYLINE,identity|segment_occurrence,8.483533351162048e-10,33.27652959818439,33.27652959766663,5.177582806936698e-10,within_numeric_and_curve_sampling_tolerance,source_LineString_to_delivery_LineString,
CABLE,627180c618ff5857790e26f46f1389c2cfc8791964ae4cc993ca7519fbe2e82f,4D9F0,1,True,LWPOLYLINE,bridge_cable_endpoint_to_pole|identity|segment_occurrence,0.6200978405504429,56.33613751412329,55.728794391283465,0.6073431228398221,explicit_derived_displacement,source_LineString_to_delivery_LineString,
CABLE,63096167f95e6980cda30582ae8832cf8c0082cfa25c8c903c8f8745e37308ff,4D9F5,1,True,LWPOLYLINE,identity|segment_occurrence,8.258874204054265e-10,40.08559136209621,40.08559136091095,1.1852563375214231e-09,within_numeric_and_curve_sampling_tolerance,source_LineString_to_delivery_LineString,
CABLE,9cff6c995d9cee0d327c5fdbaea4ebc376f1ef0b45e623a8cea1f1d270745976,4D9D0,2,True,LWPOLYLINE,identity|segment_occurrence,8.922861505549046e-10,87.82297977161724,87.82297977153712,8.01207988843089e-11,within_numeric_and_curve_sampling_tolerance,source_LineString_to_delivery_MultiLineString,
CABLE,ae6f639f41abfca754e53050cb1af24436742ee1b097d86c36007fad9e646b4b,4DA12,1,True,LWPOLYLINE,identity|segment_occurrence,7.359605051221992e-10,48.56355522342616,48.56355522346917,-4.3016257222916465e-11,within_numeric_and_curve_sampling_tolerance,source_LineString_to_delivery_LineString,
CABLE,be451527260a715eec619adad88c17cf8777177bb86ab07fe15362b8b4a207b3,4D17D,36,True,LWPOLYLINE,identity|segment_occurrence,7.891229351722539e-10,1471.202255025329,1471.2022550253757,-4.6838977141305804e-11,within_numeric_and_curve_sampling_tolerance,source_LineString_to_delivery_MultiLineString,
CABLE,c1c49f1927ac2554e1ec59dd78ab37abbfd95b1f4987cd57eb12758a04c67fbd,4D9EB,1,True,LWPOLYLINE,identity|segment_occurrence,3.531475524111804e-10,55.61324509985138,55.61324509992636,-7.497646947740577e-11,within_numeric_and_curve_sampling_tolerance,source_LineString_to_delivery_LineString,
CABLE,cf6010efe3ccb0f165fa1d135e96f21fdfb51fc924a0325c4ffaefd9f18eb0f8,4DA17,2,True,LWPOLYLINE,identity|segment_occurrence,4.0032646752178875e-10,103.41410517909631,103.41410517909068,5.6274984672199935e-12,within_numeric_and_curve_sampling_tolerance,source_LineString_to_delivery_MultiLineString,
CABLE,d1e7b6e2be228d8b5d18074adfb11d1fcf3bd22e19aca911a30742fe14301c40,4DA16,2,True,LWPOLYLINE,identity|segment_occurrence,6.191408145097319e-10,64.30159026929687,64.30159026873129,5.655778068103245e-10,within_numeric_and_curve_sampling_tolerance,source_LineString_to_delivery_MultiLineString,
CABLE,d6e00e55ee91879f017340e6107698baf897ef4c4cbc36b523ececcc00b6fd41,4DA11,1,True,LWPOLYLINE,identity|segment_occurrence,3.7471181713044643e-10,50.456284213414655,50.45628421295671,4.5794479319738457e-10,within_numeric_and_curve_sampling_tolerance,source_LineString_to_delivery_LineString,
CABLE,e7a622e9fcb6ac819a6df4ee51a105cf43870cb1768151ca927929a6978d595a,4D17C,16,True,LWPOLYLINE,identity|segment_occurrence,8.42113638903126e-10,576.9290428597686,576.9290428578839,1.8847003957489505e-09,within_numeric_and_curve_sampling_tolerance,source_LineString_to_delivery_MultiLineString,
IMB,00519db0d61955e209116a3e0fb39b1881d70afab910cdd4236f312735b5de16,4CAA5,1,True,TEXT,identity,7.063865953334202e-10,,,,within_numeric_and_curve_sampling_tolerance,source_Point_to_delivery_Point,7.063865953334202e-10
IMB,029c3b5b4271e2bf3ec8dc112a670e9d88bf138367867f34af670ccafca27ceb,4CAC3,1,True,TEXT,identity,8.008843233003871e-10,,,,within_numeric_and_curve_sampling_tolerance,source_Point_to_delivery_Point,8.008843233003871e-10
IMB,02a99205fa39bc48d5caa18a3ee733540f4a513ee7b93cd9b9d7fa32ead936b9,4CA96,1,True,TEXT,identity,5.537381392915397e-10,,,,within_numeric_and_curve_sampling_tolerance,source_Point_to_delivery_Point,5.537381392915397e-10
IMB,045a4c8a25f510cc174d5830f384cabd38efc21202cc384a76b03efbfd11d81a,4C9EE,1,True,TEXT,identity,8.009009775765502e-10,,,,within_numeric_and_curve_sampling_tolerance,source_Point_to_delivery_Point,8.009009775765502e-10
IMB,051c248669f9b475f3de689d26733b14d6786a49b7315a7340c883a6bcb575c6,4CAB7,1,True,TEXT,identity,6.772702691783823e-10,,,,within_numeric_and_curve_sampling_tolerance,source_Point_to_delivery_Point,6.772702691783823e-10
IMB,051e5af0a719727ad43657c65b5871913a2555b15b1759f3bfaa415aae78132e,4C9CD,1,True,TEXT,identity,4.702008444517866e-10,,,,within_numeric_and_curve_sampling_tolerance,source_Point_to_delivery_Point,4.702008444517866e-10
IMB,055d35e7e2f1482cd040a255e415dcbf00d2ba902b86b350c8c4c6300becd41d,4CA47,1,True,TEXT,identity,2.5757854989654396e-10,,,,within_numeric_and_curve_sampling_tolerance,source_Point_to_delivery_Point,2.5757854989654396e-10
IMB,0738cbe03543633624a44317203ae2c4fd66f7a474b61bea0eda8f618a76e08d,4CAB5,1,True,TEXT,identity,9.458744898438454e-11,,,,within_numeric_and_curve_sampling_tolerance,source_Point_to_delivery_Point,9.458744898438454e-11
IMB,0765f8e30e3af8e6319ef2a7e8b584daae620904b6f6c342feb9451e7b13e8bd,4CA49,1,True,TEXT,identity,4.774630633039737e-10,,,,within_numeric_and_curve_sampling_tolerance,source_Point_to_delivery_Point,4.774630633039737e-10
IMB,0779a8f10350e2ce272ca6edf079d630e16dfc54c5a0ac9b0b43bebda0755347,4C9A7,1,True,TEXT,identity,3.7194691809910444e-10,,,,within_numeric_and_curve_sampling_tolerance,source_Point_to_delivery_Point,3.7194691809910444e-10
IMB,07b22e6d772e95fa7a8b54ef9c832cca4c4dbfe2a3216619bdbe78aef2b1785c,4CA7F,1,True,TEXT,identity,7.863591597167252e-10,,,,within_numeric_and_curve_sampling_tolerance,source_Point_to_delivery_Point,7.863591597167252e-10
IMB,07dcdebe4374b0f090733ad17b2d6008012f098df76e48b6b33fba5df75b9d7b,4C9DB,1,True,TEXT,identity,5.270427629095766e-10,,,,within_numeric_and_curve_sampling_tolerance,source_Point_to_delivery_Point,5.270427629095766e-10
IMB,08ff21e826fb799cb2831db7c0e682e3192805a312d0069a6499022b13cfe17c,4C9EC,1,True,TEXT,identity,5.682704559808665e-10,,,,within_numeric_and_curve_sampling_tolerance,source_Point_to_delivery_Point,5.682704559808665e-10
IMB,0932da0ba5b5914e351c509e05764b6f515ce8e99ce7ce90ea8828cf82473d8d,4CA3D,1,True,TEXT,identity,2.527020840616352e-10,,,,within_numeric_and_curve_sampling_tolerance,source_Point_to_delivery_Point,2.527020840616352e-10
IMB,097ae4f874892bc593c68a547f2dfc1825fd235dddff2f9b0af97c015e68be9f,4C9CB,1,True,TEXT,identity,8.605032372821277e-10,,,,within_numeric_and_curve_sampling_tolerance,source_Point_to_delivery_Point,8.605032372821277e-10
IMB,0baa3c9a40a1f06161906ad59cb665ee48efdfc1225b144eb657df34b831d799,4CA1A,1,True,TEXT,identity,5.428395908699831e-10,,,,within_numeric_and_curve_sampling_tolerance,source_Point_to_delivery_Point,5.428395908699831e-10
IMB,0c4dadc51e56e7de7ce2d297c3770f4d2815a16329b2fb63a213fb2e09dd8f83,4CAED,1,True,TEXT,identity,4.5479123188866844e-10,,,,within_numeric_and_curve_sampling_tolerance,source_Point_to_delivery_Point,4.5479123188866844e-10
IMB,0d442b31cb168de2d9a10d526795e0fe9b3fcb1ba7b92a9597bafa39b9851960,4CA35,1,True,TEXT,identity,8.87666945412786e-10,,,,within_numeric_and_curve_sampling_tolerance,source_Point_to_delivery_Point,8.87666945412786e-10
IMB,0e332d96b0ee7da4d4dae4ff6755439c8b51b80907cebbb0582477752b6566c4,4C9AB,1,True,TEXT,identity,3.6499672262979783e-10,,,,within_numeric_and_curve_sampling_tolerance,source_Point_to_delivery_Point,3.6499672262979783e-10
IMB,0ee2c372cb58337012619e2af734357f653f8b0ab6c764f5f0675eed4032ec2c,4C995,1,True,TEXT,identity,2.346425826049686e-10,,,,within_numeric_and_curve_sampling_tolerance,source_Point_to_delivery_Point,2.346425826049686e-10
IMB,0eef5abea555282d350d6f390e68cb0fde078ec9aea7cea69be67ce41c3c85d5,4CA21,1,True,TEXT,identity,5.101478933053471e-10,,,,within_numeric_and_curve_sampling_tolerance,source_Point_to_delivery_Point,5.101478933053471e-10
IMB,0ef77c806aaff0911be6320761e6a45f5362f24286b6685245bdff6b8ff8116c,4CA44,1,True,TEXT,identity,6.083758196265197e-10,,,,within_numeric_and_curve_sampling_tolerance,source_Point_to_delivery_Point,6.083758196265197e-10
IMB,0f65f106bf566f131123138a9122c74ed4b7f8dabbd0fe6df198ef3fee50f5e7,4CA6E,1,True,TEXT,identity,1.3071514651351036e-10,,,,within_numeric_and_curve_sampling_tolerance,source_Point_to_delivery_Point,1.3071514651351036e-10
IMB,10e63bad7eb880ad3d6f2a55d6724b1c0033fc8915beda0458024687260bf524,4CA33,1,True,TEXT,identity,2.527020840616352e-10,,,,within_numeric_and_curve_sampling_tolerance,source_Point_to_delivery_Point,2.527020840616352e-10
IMB,1113850d37900c4e6fc33519b6346ea561eaec497737bf76422a5657efb67013,4C99A,1,True,TEXT,identity,3.0922853297566696e-10,,,,within_numeric_and_curve_sampling_tolerance,source_Point_to_delivery_Point,3.0922853297566696e-10
IMB,1121d68ba75897c7366976a082be85dedae5063b07f33fd114e50ef9dc6b341a,4C98E,1,True,TEXT,identity,4.1208867714345116e-10,,,,within_numeric_and_curve_sampling_tolerance,source_Point_to_delivery_Point,4.1208867714345116e-10
IMB,11576f7717b94aa3094866b4f9ad137552112ee64900e09b79060dac2a21f782,4CA78,1,True,TEXT,identity,5.675246939063072e-10,,,,within_numeric_and_curve_sampling_tolerance,source_Point_to_delivery_Point,5.675246939063072e-10
IMB,11c443602339fd775634b49af70d81f27c164633ba6650bab552eb4a853b65cf,4CA36,1,True,TEXT,identity,9.203439287865708e-11,,,,within_numeric_and_curve_sampling_tolerance,source_Point_to_delivery_Point,9.203439287865708e-11
IMB,122d0b74236fc0ee32b8325940ed3202767c3c79fb20891c70d477510e39aee5,4CAA9,1,True,TEXT,identity,8.895435898303578e-10,,,,within_numeric_and_curve_sampling_tolerance,source_Point_to_delivery_Point,8.895435898303578e-10
IMB,154bf051dbd87452507ca3d58e7bf75742cb8023b65d842ccd8dc2c7e8445c87,4CABF,1,True,TEXT,identity,4.5479123188866844e-10,,,,within_numeric_and_curve_sampling_tolerance,source_Point_to_delivery_Point,4.5479123188866844e-10
IMB,15f1d8d651543d889b95c7bd50fef52618b6661903d13b6e3e22cdd61bb3bf69,4CA23,1,True,TEXT,identity,3.828011231370592e-10,,,,within_numeric_and_curve_sampling_tolerance,source_Point_to_delivery_Point,3.828011231370592e-10
IMB,1631dfff28812c7cc4ca0f9f3ba7c5a3ee61bc8d363b32beb35b4953006866f4,4CACE,1,True,TEXT,identity,5.27092787561555e-10,,,,within_numeric_and_curve_sampling_tolerance,source_Point_to_delivery_Point,5.27092787561555e-10
IMB,189fe3463a3d381d2e570628ea8f727b577780764b1cc1aa8cd9a61855258475,4CA24,1,True,TEXT,identity,5.246767651208195e-11,,,,within_numeric_and_curve_sampling_tolerance,source_Point_to_delivery_Point,5.246767651208195e-11
IMB,18b74822b1e2156067fe43803d34e819fbbf882f3b75a4c0e41b8a3a95de4d1a,4CA2B,1,True,TEXT,identity,6.155285510226488e-10,,,,within_numeric_and_curve_sampling_tolerance,source_Point_to_delivery_Point,6.155285510226488e-10
IMB,1c38a1a8c68d07548299e5a940cf4e77c9a51f0b5289598d2741f4d2457f8c7a,4C9C9,1,True,TEXT,identity,5.234772137606059e-10,,,,within_numeric_and_curve_sampling_tolerance,source_Point_to_delivery_Point,5.234772137606059e-10
IMB,1eca0cfcc16b013de2221223b0383a403ed7f762ade3e119abef5fa23c961fb7,4CAEB,1,True,TEXT,identity,1.1999816708318134e-10,,,,within_numeric_and_curve_sampling_tolerance,source_Point_to_delivery_Point,1.1999816708318134e-10
IMB,22bc5868964a039e62c27e6898b7645239cb04598fd1f7d7be47092db9302a11,4C9F1,1,True,TEXT,identity,7.275957614183426e-11,,,,within_numeric_and_curve_sampling_tolerance,source_Point_to_delivery_Point,7.275957614183426e-11
IMB,235037390d0e3f50d96d6c482a31f4f23139884553af87d4b265b4aba7f6905c,4C9D1,1,True,TEXT,identity,4.3807065881236834e-11,,,,within_numeric_and_curve_sampling_tolerance,source_Point_to_delivery_Point,4.3807065881236834e-11
IMB,23bef9b4501aea15d02bbe9bda1e35697ce9535a93afdf22b47e6076304b8b35,4CA4C,1,True,TEXT,identity,5.55980478959261e-10,,,,within_numeric_and_curve_sampling_tolerance,source_Point_to_delivery_Point,5.55980478959261e-10
IMB,24855f06964eb17e3108577115b19407e2d149c40dbead240060f6abca9725b7,4CA79,1,True,TEXT,identity,4.0745362639427185e-10,,,,within_numeric_and_curve_sampling_tolerance,source_Point_to_delivery_Point,4.0745362639427185e-10
IMB,24f6804219b22b94f8c00ab0d6ed316746fb0594032c04031289998cd0e30145,4CA62,1,True,TEXT,identity,5.537144245200843e-10,,,,within_numeric_and_curve_sampling_tolerance,source_Point_to_delivery_Point,5.537144245200843e-10
IMB,261377ec4aa4941b8a17174a2429dd7360a9cf71c6d43d1bc9e5cf498e231145,4CA5F,1,True,TEXT,identity,6.881936729753925e-10,,,,within_numeric_and_curve_sampling_tolerance,source_Point_to_delivery_Point,6.881936729753925e-10
IMB,2627e2be58495f93d44762536c3b8700e70f9bf2c835bcd63dc1d0bb003e9cf2,4C9A2,1,True,TEXT,identity,8.99037352851798e-10,,,,within_numeric_and_curve_sampling_tolerance,source_Point_to_delivery_Point,8.99037352851798e-10
IMB,264130bc7dfd59bda697fa2c1b01bd92e57ef166aa81e388186cca0f59079a29,4CA71,1,True,TEXT,identity,7.099841228084385e-10,,,,within_numeric_and_curve_sampling_tolerance,source_Point_to_delivery_Point,7.099841228084385e-10
IMB,278611e5564488b3e13a04bc841af53009fe377e8e726ce163a816a053e9adcd,4CAA6,1,True,TEXT,identity,2.924898761883637e-10,,,,within_numeric_and_curve_sampling_tolerance,source_Point_to_delivery_Point,2.924898761883637e-10
IMB,296e8274ecf5f4b8eb96d42a7653252c52525131099a70326c8ee8164e2b8226,4C996,1,True,TEXT,identity,3.6743614091921893e-10,,,,within_numeric_and_curve_sampling_tolerance,source_Point_to_delivery_Point,3.6743614091921893e-10
IMB,2a8186e63f5da4eba99ddf33db03aa12c894d2eb01f4dd6b5785a6288ef20921,4CA2C,1,True,TEXT,identity,6.082610880024065e-10,,,,within_numeric_and_curve_sampling_tolerance,source_Point_to_delivery_Point,6.082610880024065e-10
IMB,2af18c9a0d4f1bc9f7aa31f9fe0e893f0283d0a870058496db6cb27a37e942ae,4CAF3,1,True,TEXT,identity,1.7710701743060308e-10,,,,within_numeric_and_curve_sampling_tolerance,source_Point_to_delivery_Point,1.7710701743060308e-10
IMB,2b0a4bab8e84a51b4e26a6777b0fa9bae135b5759bdb4d46e95dbea29db14642,4CA53,1,True,TEXT,identity,2.1827872842550278e-10,,,,within_numeric_and_curve_sampling_tolerance,source_Point_to_delivery_Point,2.1827872842550278e-10
IMB,2b52cfb4cab3d4b2a13423cd8e6ebf0b64ad251a1efd1446ea65ac9afb552d8e,4CA4D,1,True,TEXT,identity,3.288905002238396e-10,,,,within_numeric_and_curve_sampling_tolerance,source_Point_to_delivery_Point,3.288905002238396e-10
IMB,2ba0ca3b6111e916437bb113ce57118a1698339d4d96eca7c609b70576d22511,4C9E0,1,True,TEXT,identity,3.359179620639345e-10,,,,within_numeric_and_curve_sampling_tolerance,source_Point_to_delivery_Point,3.359179620639345e-10
IMB,2d17a7e6d78ab184d348088712deaac57c9810052736a791b61bc93232bf0958,4C9B6,1,True,TEXT,identity,9.16770772171666e-10,,,,within_numeric_and_curve_sampling_tolerance,source_Point_to_delivery_Point,9.16770772171666e-10
IMB,2ec72b2a3f7cf52aea66b1a59ab0c5bb1a627cb0d5e279072bf58dd18bb2ee5b,4CA84,1,True,TEXT,identity,4.837280761740014e-10,,,,within_numeric_and_curve_sampling_tolerance,source_Point_to_delivery_Point,4.837280761740014e-10
IMB,2f3f6b9f2edae2b62e16b7404ddc9666c9bebc4a8c7f575917cd717d95d10098,4C9BE,1,True,TEXT,identity,6.854628125911963e-11,,,,within_numeric_and_curve_sampling_tolerance,source_Point_to_delivery_Point,6.854628125911963e-11
IMB,2fa228d8814d4cf1c1c46e5cb23fd39b0ad82e03f9b478998eb63cf540590214,4CA6C,1,True,TEXT,identity,7.972487583469456e-10,,,,within_numeric_and_curve_sampling_tolerance,source_Point_to_delivery_Point,7.972487583469456e-10
IMB,30e1a93846b97baa1fae9b55b8ba97bc0450f413892aae3ff6d42267beec5cf6,4C9D6,1,True,TEXT,identity,2.6721234490706166e-10,,,,within_numeric_and_curve_sampling_tolerance,source_Point_to_delivery_Point,2.6721234490706166e-10
IMB,32b07847c7d9ffe2a69c635fe5f3fbfebb73763e1e6c8b97fedc32f655dcaf31,4C9C4,1,True,TEXT,identity,6.803021889138843e-10,,,,within_numeric_and_curve_sampling_tolerance,source_Point_to_delivery_Point,6.803021889138843e-10
IMB,34dea7d1d401441771e61a505c2367104f767c8d717afcd577669abec1170ade,4CA10,1,True,TEXT,identity,9.040944608282919e-10,,,,within_numeric_and_curve_sampling_tolerance,source_Point_to_delivery_Point,9.040944608282919e-10
IMB,364b515e8e5c381d91552cbd223a03f271bce6e073106a73446ee32f1657ac43,4CA25,1,True,TEXT,identity,7.836446176420583e-11,,,,within_numeric_and_curve_sampling_tolerance,source_Point_to_delivery_Point,7.836446176420583e-11
IMB,365148153c3f4934ad75fafc6004d74e68a8f6526af82fc825b48e07286ffac6,4C9B5,1,True,TEXT,identity,5.682704559808665e-10,,,,within_numeric_and_curve_sampling_tolerance,source_Point_to_delivery_Point,5.682704559808665e-10
IMB,3a54cdee1e2521acde3e9911daa39a5d9353b0f3d2eb1f73f3ad5e937cc9451c,4CABE,1,True,TEXT,identity,2.96713150619242e-10,,,,within_numeric_and_curve_sampling_tolerance,source_Point_to_delivery_Point,2.96713150619242e-10
IMB,3ab4a0efb370d0b725465cc86e3df31e83e942847b3961f77793d5cd5becb984,4C9AD,1,True,TEXT,identity,6.293703336268663e-10,,,,within_numeric_and_curve_sampling_tolerance,source_Point_to_delivery_Point,6.293703336268663e-10
IMB,3bb9c573cc4d3ea2e9758ab32b3ab234865c8fcef06e2a6db3b6c3dfbd3762a4,4C9B2,1,True,TEXT,identity,4.2239738328407983e-10,,,,within_numeric_and_curve_sampling_tolerance,source_Point_to_delivery_Point,4.2239738328407983e-10
IMB,3c8aca7ed2f82a712492290adb1bb378ea236fea18466b25876d31163e70b43f,4CAEE,1,True,TEXT,identity,2.3283064365386963e-10,,,,within_numeric_and_curve_sampling_tolerance,source_Point_to_delivery_Point,2.3283064365386963e-10
IMB,3cd64b6236e843bd4a32d62a2ddbf973d52ec2c576242ef457c5c793d537a28a,4CA7D,1,True,TEXT,identity,3.069302076980895e-10,,,,within_numeric_and_curve_sampling_tolerance,source_Point_to_delivery_Point,3.069302076980895e-10
IMB,3dc81d571684a54aaf0e29cb0cfc6b2cdc3ab0c2c4330316fb3780cad17310f6,4C9CC,1,True,TEXT,identity,8.932034438384936e-10,,,,within_numeric_and_curve_sampling_tolerance,source_Point_to_delivery_Point,8.932034438384936e-10
IMB,3de091f25f06024b0b167b3bfeaefb897df205d6deae545b5ef1c1e3089765e8,4CA1F,1,True,TEXT,identity,2.435272904575622e-10,,,,within_numeric_and_curve_sampling_tolerance,source_Point_to_delivery_Point,2.435272904575622e-10
IMB,3fa28b0e5e8fe5ad00d06352126d3aa4e57fb1b1d2d06ed6638fae1d033595e4,4CA5E,1,True,TEXT,identity,5.529727786779404e-10,,,,within_numeric_and_curve_sampling_tolerance,source_Point_to_delivery_Point,5.529727786779404e-10
IMB,4022bf042322813812fc7ac3d90506410b0b2c3b6db24936bd13b230d27051da,4C998,1,True,TEXT,identity,1.8392548797304238e-10,,,,within_numeric_and_curve_sampling_tolerance,source_Point_to_delivery_Point,1.8392548797304238e-10
IMB,40468c37858c912d41e95c5c261ff280dfc9a927524d00d59096ac2d503fa9a2,4CAB9,1,True,TEXT,identity,9.026734915096313e-10,,,,within_numeric_and_curve_sampling_tolerance,source_Point_to_delivery_Point,9.026734915096313e-10
IMB,40c8f714a23c8b416683037b48461dcf999c766ca5902bbf1ecbd8f4d667a458,4CA2E,1,True,TEXT,identity,8.133547606643791e-10,,,,within_numeric_and_curve_sampling_tolerance,source_Point_to_delivery_Point,8.133547606643791e-10
IMB,426e4dcee93da2627d99b615160dff175fde45dd844d2b5f14f94bfcb3d0074a,4CAE0,1,True,TEXT,identity,8.372254418182049e-10,,,,within_numeric_and_curve_sampling_tolerance,source_Point_to_delivery_Point,8.372254418182049e-10
IMB,42fe97d67ba186271bd8138413f5057de874d8fc492d5ec2345085a244e18e8f,4CA0F,1,True,TEXT,identity,6.139030287953574e-10,,,,within_numeric_and_curve_sampling_tolerance,source_Point_to_delivery_Point,6.139030287953574e-10
IMB,43378a7146661bbc22115bd137439ec409e4175e0c562b0ca66f68e8ee17024a,4D160,1,True,TEXT,identity,4.174025832682178e-11,,,,within_numeric_and_curve_sampling_tolerance,source_Point_to_delivery_Point,4.174025832682178e-11
IMB,44480626c1511e5240566c8ce7ee7d6f26cb03584a53e4cb8f6926c84603a6c3,4CAE5,1,True,TEXT,identity,1.049353530241639e-10,,,,within_numeric_and_curve_sampling_tolerance,source_Point_to_delivery_Point,1.049353530241639e-10
IMB,4481ad329b5f539b575148a35a0e03046414e679847ce8a03a894b011b579502,4CA15,1,True,TEXT,identity,5.101221520963731e-10,,,,within_numeric_and_curve_sampling_tolerance,source_Point_to_delivery_Point,5.101221520963731e-10
IMB,449f5b24d589493a3b69054e386e06af62e1447e3dfafda3ac7c20d2631647a3,4CAD0,1,True,TEXT,identity,6.046053723706348e-10,,,,within_numeric_and_curve_sampling_tolerance,source_Point_to_delivery_Point,6.046053723706348e-10
IMB,458b75174d5ff46e134ca86720a1039423e429ecf79a9a3d9bbf5e5bc7ca0d0c,4CA6A,1,True,TEXT,identity,7.427004402280334e-10,,,,within_numeric_and_curve_sampling_tolerance,source_Point_to_delivery_Point,7.427004402280334e-10
IMB,45f036dc014a5484c79113fb268d83eaf83d516f98ec1b2e19b53ff8c92722c4,4C9C2,1,True,TEXT,identity,2.510209495978226e-10,,,,within_numeric_and_curve_sampling_tolerance,source_Point_to_delivery_Point,2.510209495978226e-10
IMB,483b156d4e525f7cdce94878b1e23919eb436b8a190cc28ed91f0e5283bc62ab,4CAD1,1,True,TEXT,identity,9.883094387983597e-11,,,,within_numeric_and_curve_sampling_tolerance,source_Point_to_delivery_Point,9.883094387983597e-11
IMB,489a1995289714c43c3baca2358fc3280bd1c87ea90558b0e0d55f2dffddbe78,4CAC1,1,True,TEXT,identity,5.682704559808665e-10,,,,within_numeric_and_curve_sampling_tolerance,source_Point_to_delivery_Point,5.682704559808665e-10
IMB,48a7964f86adb5188b55a0a6322b632f6fd6ed16ff2513fec4748aee2a4b5105,4C9E2,1,True,TEXT,identity,3.5041905537145806e-10,,,,within_numeric_and_curve_sampling_tolerance,source_Point_to_delivery_Point,3.5041905537145806e-10
IMB,4941f5af67530a38955b1a6838835fc4512b392a1b4a9fc41f84851f61fd6297,4CADA,1,True,TEXT,identity,1.9133194188190306e-10,,,,within_numeric_and_curve_sampling_tolerance,source_Point_to_delivery_Point,1.9133194188190306e-10
IMB,4986cb08befc72ad08bc45e36b1834be9f66947a95221466cac99732751a6ddb,4CA69,1,True,TEXT,identity,8.40861299279423e-10,,,,within_numeric_and_curve_sampling_tolerance,source_Point_to_delivery_Point,8.40861299279423e-10
IMB,4b1977926745d9827b3d5d91d0e4998ec3c8e03b38c3bde45134cc30f1616f38,4CA65,1,True,TEXT,identity,9.007327152420541e-11,,,,within_numeric_and_curve_sampling_tolerance,source_Point_to_delivery_Point,9.007327152420541e-11
IMB,4b8a30c46f9aa2fd14f865746d8a778a7129a1264ebacb710f31a4100d45f716,4C9EB,1,True,TEXT,identity,7.734449036604673e-10,,,,within_numeric_and_curve_sampling_tolerance,source_Point_to_delivery_Point,7.734449036604673e-10
IMB,4c0f99106ad5746ccf93eaeb72a501c519a7552ff17fb68a656818d477ab53d6,4CA86,1,True,TEXT,identity,1.3096723705530167e-10,,,,within_numeric_and_curve_sampling_tolerance,source_Point_to_delivery_Point,1.3096723705530167e-10
IMB,4c4645a10ae9f781c90bbe08b0c88087641320e106b69255823082db07ace624,4CA8B,1,True,TEXT,identity,7.734449036604673e-10,,,,within_numeric_and_curve_sampling_tolerance,source_Point_to_delivery_Point,7.734449036604673e-10
IMB,4c687dbb4823ffadaa3e15e23e1d7520645df2888125a6fbc60177aae08b60ed,4CA63,1,True,TEXT,identity,1.855374764492606e-10,,,,within_numeric_and_curve_sampling_tolerance,source_Point_to_delivery_Point,1.855374764492606e-10
IMB,4d19116e542ea648760c4e78a18499f20a4632db9377bee07f9f9e1fa38a859e,4C9C3,1,True,TEXT,identity,6.736748570015413e-10,,,,within_numeric_and_curve_sampling_tolerance,source_Point_to_delivery_Point,6.736748570015413e-10
IMB,4d2d2d41b31ee401ea401c6da6cd5358147a89f1926d74257623d1cc23ab06a0,4CA32,1,True,TEXT,identity,2.0736479200422764e-10,,,,within_numeric_and_curve_sampling_tolerance,source_Point_to_delivery_Point,2.0736479200422764e-10
IMB,4d5ffd1ac96bc677824e230b4a07e14743990fcbd8b70ba60292d1d09671312f,4CAF0,1,True,TEXT,identity,3.2530967652797737e-10,,,,within_numeric_and_curve_sampling_tolerance,source_Point_to_delivery_Point,3.2530967652797737e-10
IMB,4d7a1d1646f8096e9460ec4dcc5532a5ea2c788610e72cd3136b456e01f2380a,4CA6F,1,True,TEXT,identity,8.445127243494445e-10,,,,within_numeric_and_curve_sampling_tolerance,source_Point_to_delivery_Point,8.445127243494445e-10
IMB,4d9a8ceed2d9acc405ce1b45c6868ad7aa1668d24d56cdf878912883d9302f1a,4C9A5,1,True,TEXT,identity,2.2381701878143975e-10,,,,within_numeric_and_curve_sampling_tolerance,source_Point_to_delivery_Point,2.2381701878143975e-10
IMB,4dcd80dc6f0844671e4ddb5e5dfeabbfb85a9ab4f0a32fcae4da96ebb8d880a5,4CA5C,1,True,TEXT,identity,1.591173912211455e-10,,,,within_numeric_and_curve_sampling_tolerance,source_Point_to_delivery_Point,1.591173912211455e-10
IMB,4e034237a3481b4df4c5cdf9c44d330595b99ccbc9d0cd542830160a7606aacd,4CAC7,1,True,TEXT,identity,8.517843969470863e-10,,,,within_numeric_and_curve_sampling_tolerance,source_Point_to_delivery_Point,8.517843969470863e-10
IMB,4e50a8399743918958f4c62634786f05db1aff75407a020578396f33b13967ab,4CA70,1,True,TEXT,identity,5.27092787561555e-10,,,,within_numeric_and_curve_sampling_tolerance,source_Point_to_delivery_Point,5.27092787561555e-10
IMB,4f188c12ceeb598a6b4479155eca6cf8a86d428c92df1599e1b252e165739b0e,4CA08,1,True,TEXT,identity,6.300220526397459e-10,,,,within_numeric_and_curve_sampling_tolerance,source_Point_to_delivery_Point,6.300220526397459e-10
IMB,4f40fa188f4c2a6a7a895e407b23818436b1c8d428dee1c9e9d718b86d1fe0fc,4C99D,1,True,TEXT,identity,9.563218939007625e-11,,,,within_numeric_and_curve_sampling_tolerance,source_Point_to_delivery_Point,9.563218939007625e-11
IMB,50b79b35df89a49701e566a38c43c5f2d2386609bfeb07dd722d503d4a77af52,4CA4E,1,True,TEXT,identity,4.365811409664089e-11,,,,within_numeric_and_curve_sampling_tolerance,source_Point_to_delivery_Point,4.365811409664089e-11
IMB,50e05cba7679643d54eaf8d4f26baef45e971b5669ff8bcf0917e5067a8906ab,4C99B,1,True,TEXT,identity,2.74348364479503e-10,,,,within_numeric_and_curve_sampling_tolerance,source_Point_to_delivery_Point,2.74348364479503e-10
IMB,52ede59e0217d18e7bc221957284cceaf6786b080b4b3368c1b04069da376c72,4C9D5,1,True,TEXT,identity,1.1277825984545288e-10,,,,within_numeric_and_curve_sampling_tolerance,source_Point_to_delivery_Point,1.1277825984545288e-10
IMB,5335a2778d0104541d58037f84128606488787259177406f9e8f4d1bedf5d312,4CAE7,1,True,TEXT,identity,3.7950267141086886e-10,,,,within_numeric_and_curve_sampling_tolerance,source_Point_to_delivery_Point,3.7950267141086886e-10
IMB,534002faf45792b64cdea6ec53ca32dc143a087b482b0b12bd548d459db7749c,4CA74,1,True,TEXT,identity,9.203439287865708e-11,,,,within_numeric_and_curve_sampling_tolerance,source_Point_to_delivery_Point,9.203439287865708e-11
IMB,538a0d2a80da6e4515c21aab2181e996772acbff0c217b377fd64380afd2892c,4C9F3,1,True,TEXT,identity,2.5403450447545537e-10,,,,within_numeric_and_curve_sampling_tolerance,source_Point_to_delivery_Point,2.5403450447545537e-10
IMB,53d1d8a2ff55f7b819ea79d25cd28607986db0966dc59dce9c6a4a038e7ee078,4CA43,1,True,TEXT,identity,6.257323548197746e-10,,,,within_numeric_and_curve_sampling_tolerance,source_Point_to_delivery_Point,6.257323548197746e-10
IMB,549623688f4ec794c14a1169ae8a887ce06a85800ab8a6491f09b90f3039ec96,4CA66,1,True,TEXT,identity,5.791703393670154e-10,,,,within_numeric_and_curve_sampling_tolerance,source_Point_to_delivery_Point,5.791703393670154e-10
IMB,55609389f82144e0dfaad6dc846519e85d6aa78a8a07bc08b21583e90fc6bd2f,4D162,1,True,TEXT,identity,1.8040636124223714e-10,,,,within_numeric_and_curve_sampling_tolerance,source_Point_to_delivery_Point,1.8040636124223714e-10
IMB,5613c71ace0b4adaaa9104019ab28ccce11d1bb83f95366380f2487f494cf802,4CAE2,1,True,TEXT,identity,5.560279001523391e-10,,,,within_numeric_and_curve_sampling_tolerance,source_Point_to_delivery_Point,5.560279001523391e-10
IMB,56418b863eb1c120618aeb5fc32817ca1aa0b7b945db0e3a50e9268aad821a57,4C9D2,1,True,TEXT,identity,7.536414947430669e-10,,,,within_numeric_and_curve_sampling_tolerance,source_Point_to_delivery_Point,7.536414947430669e-10
IMB,567d68ce0fe60681519f176490b108988cd296a3d9acc1e23dee33a05b96b620,4C9DD,1,True,TEXT,identity,3.6842506673338833e-10,,,,within_numeric_and_curve_sampling_tolerance,source_Point_to_delivery_Point,3.6842506673338833e-10
IMB,56d313e4bccbfe455e433dcf33b98238892d105e4ce5ee39e33c2208320a7662,4CA4F,1,True,TEXT,identity,2.8167955401704177e-10,,,,within_numeric_and_curve_sampling_tolerance,source_Point_to_delivery_Point,2.8167955401704177e-10
IMB,578404091c3c1b048ff5ffa83a17a9d54fa9348b1f18ced140794de5cc4c0304,4C9A4,1,True,TEXT,identity,6.554826179958885e-10,,,,within_numeric_and_curve_sampling_tolerance,source_Point_to_delivery_Point,6.554826179958885e-10
IMB,5807f0075e6d2c123d6af0c051297acb2e4eb3ed8d3972a9138392c33ada1a8d,4CAD2,1,True,TEXT,identity,3.6842506673338833e-10,,,,within_numeric_and_curve_sampling_tolerance,source_Point_to_delivery_Point,3.6842506673338833e-10
IMB,58249dc662f7efb3e55366142b68272d574cdc0c439186816f49295e93d481f6,4CAD4,1,True,TEXT,identity,6.50130484960557e-10,,,,within_numeric_and_curve_sampling_tolerance,source_Point_to_delivery_Point,6.50130484960557e-10
IMB,582ebabadbd13a2b453bfadd8c6eb43a89d426be82063c61deac5a2c4ae326a0,4C9E7,1,True,TEXT,identity,8.731150321257924e-10,,,,within_numeric_and_curve_sampling_tolerance,source_Point_to_delivery_Point,8.731150321257924e-10
IMB,58bb56b7dde70e65a81ea28137a6c835ef89bc68301b4a7dcc918f1a957e882e,4CA6D,1,True,TEXT,identity,2.0579515874459977e-10,,,,within_numeric_and_curve_sampling_tolerance,source_Point_to_delivery_Point,2.0579515874459977e-10
IMB,58d1a09cab3d6fa5873fa1eb25304f83ecf9cbf8ea8864273a96c7cc17ca472a,4CA8D,1,True,TEXT,identity,5.053519965255156e-10,,,,within_numeric_and_curve_sampling_tolerance,source_Point_to_delivery_Point,5.053519965255156e-10
IMB,590b9a21cce48ecce1aaaea7c9673dbcd65594530f61783e50fe981ef43c4280,4CA02,1,True,TEXT,identity,5.877510555647332e-11,,,,within_numeric_and_curve_sampling_tolerance,source_Point_to_delivery_Point,5.877510555647332e-11
IMB,5a913e29ca37507c55f35616683e03d643af4de758d0c39ab51e5b5774b08b69,4CA9A,1,True,TEXT,identity,3.346940502524376e-10,,,,within_numeric_and_curve_sampling_tolerance,source_Point_to_delivery_Point,3.346940502524376e-10
IMB,5b071e0e03b1db02f7e14c915585037107387ae8ed489d1ca615f7a4561f991e,4CA56,1,True,TEXT,identity,3.941891054905928e-10,,,,within_numeric_and_curve_sampling_tolerance,source_Point_to_delivery_Point,3.941891054905928e-10
IMB,5b8c611f4ccb800c5edfb9b4ea349319e33eee92ec024201649048fe12f1ef17,4CA2A,1,True,TEXT,identity,8.118075784497219e-10,,,,within_numeric_and_curve_sampling_tolerance,source_Point_to_delivery_Point,8.118075784497219e-10
IMB,5c055d80f8ebcef2f4ab875424c5346b08790153c6d2763ac35e7205b34796de,4CA7A,1,True,TEXT,identity,7.952125720111187e-10,,,,within_numeric_and_curve_sampling_tolerance,source_Point_to_delivery_Point,7.952125720111187e-10
IMB,5d5755e99d1eac1c9899522a33d9fd53ed2f3da9bc474317d31b54a375a82ebc,4CA80,1,True,TEXT,identity,7.879563124548227e-10,,,,within_numeric_and_curve_sampling_tolerance,source_Point_to_delivery_Point,7.879563124548227e-10
IMB,5e7aacda649b2b5c101f8b1d27b95f1dfee85de3913474394b48912b134987c5,4CA01,1,True,TEXT,identity,4.2200578663730405e-10,,,,within_numeric_and_curve_sampling_tolerance,source_Point_to_delivery_Point,4.2200578663730405e-10
IMB,5eb5e1c127f8dc406a2f5db3d8f1233a9ab8ca8d700c11915229b1348e6884ca,4CA55,1,True,TEXT,identity,6.402844315351066e-10,,,,within_numeric_and_curve_sampling_tolerance,source_Point_to_delivery_Point,6.402844315351066e-10
IMB,5f2f6a96c07987096e78773ea7a0506372ceaa560acd51ef0772ef5046fe2e54,4CAAE,1,True,TEXT,identity,4.5207673585338894e-10,,,,within_numeric_and_curve_sampling_tolerance,source_Point_to_delivery_Point,4.5207673585338894e-10
IMB,5f39ff4bf6b00c853fca321df1f3b6f7bd9de1da37c3bbe209c07ef8c8b45902,4CA27,1,True,TEXT,identity,1.1647215137477994e-10,,,,within_numeric_and_curve_sampling_tolerance,source_Point_to_delivery_Point,1.1647215137477994e-10
IMB,60a44f619653590d0dd20a31ac79b43685e0892a8836e5efc40f9c07e4e03fc5,4CA8F,1,True,TEXT,identity,5.270427629095766e-10,,,,within_numeric_and_curve_sampling_tolerance,source_Point_to_delivery_Point,5.270427629095766e-10
IMB,61b08b87e9c84b7476ec80c66411679aa235c882e9cf02a9bcc748b6f534c2b6,4CA92,1,True,TEXT,identity,7.572417330725459e-10,,,,within_numeric_and_curve_sampling_tolerance,source_Point_to_delivery_Point,7.572417330725459e-10
IMB,61c5cddf4deea3aee3036bdc7e6606e5571de0ddb928ae1e04fd21a2a1e38c31,4CACC,1,True,TEXT,identity,7.354478067008387e-10,,,,within_numeric_and_curve_sampling_tolerance,source_Point_to_delivery_Point,7.354478067008387e-10
IMB,6221466c8a080a259733ddfe14653d5771b169d953b09faa18dee3d7d21496f5,4C9EF,1,True,TEXT,identity,4.302669386953499e-10,,,,within_numeric_and_curve_sampling_tolerance,source_Point_to_delivery_Point,4.302669386953499e-10
IMB,62b78d713fecbbf011ef1d4d6ab4995b57b16f5795cc192c52075d4ae37783f1,4CAAA,1,True,TEXT,identity,3.2150380423842496e-10,,,,within_numeric_and_curve_sampling_tolerance,source_Point_to_delivery_Point,3.2150380423842496e-10
IMB,64826c64b39932a99b96508071f38cc8fa6fd602437139e6bf13663d90560581,4CA30,1,True,TEXT,identity,7.717834263393703e-10,,,,within_numeric_and_curve_sampling_tolerance,source_Point_to_delivery_Point,7.717834263393703e-10
IMB,673fce965ea753b0d2e0c15afbb05303e3ebae0713539b18a66807c7fd908b49,4C9AA,1,True,TEXT,identity,1.914005615685296e-10,,,,within_numeric_and_curve_sampling_tolerance,source_Point_to_delivery_Point,1.914005615685296e-10
IMB,6757e100005fb6e84bac0b2dbddc9e065b3bff49d212f76a7e0bb19dd1c5a1c1,4C99E,1,True,TEXT,identity,1.235306761107469e-10,,,,within_numeric_and_curve_sampling_tolerance,source_Point_to_delivery_Point,1.235306761107469e-10
IMB,683cafc53994d51d945c830097356c76fbae6d8ae5c6f245d693d533b636bfa9,4CACD,1,True,TEXT,identity,1.7462298274040222e-10,,,,within_numeric_and_curve_sampling_tolerance,source_Point_to_delivery_Point,1.7462298274040222e-10
IMB,689529a061a459136885cc450f70f7e5958dc453d157a5e71242fd05aec1b272,4CA93,1,True,TEXT,identity,2.490359419881575e-10,,,,within_numeric_and_curve_sampling_tolerance,source_Point_to_delivery_Point,2.490359419881575e-10
IMB,697ec23c4d47e8b15fd31e19107ce1768ed5e37e1e402c58c59ae1aec74928f5,4CAC4,1,True,TEXT,identity,8.297833365407009e-10,,,,within_numeric_and_curve_sampling_tolerance,source_Point_to_delivery_Point,8.297833365407009e-10
IMB,6985f8fa1c117c2ce644f98e97d4eacfd111549313a2b94f122715aa5cc90a23,4C9FF,1,True,TEXT,identity,6.054974211330843e-11,,,,within_numeric_and_curve_sampling_tolerance,source_Point_to_delivery_Point,6.054974211330843e-11
IMB,69b563016aae72006ff25867d5dad84d1ce367b8cba1aa71c13e518742abcabc,4CA9B,1,True,TEXT,identity,3.7834979593753815e-10,,,,within_numeric_and_curve_sampling_tolerance,source_Point_to_delivery_Point,3.7834979593753815e-10
IMB,6a1dc5af36c5dfc99e3ae37e6fc51e119aade26ae865a10b96f695b93416374f,4C9ED,1,True,TEXT,identity,8.076312951743603e-10,,,,within_numeric_and_curve_sampling_tolerance,source_Point_to_delivery_Point,8.076312951743603e-10
IMB,6a45ca0c78724deac118c8ddb5ae17dc2294a683101fab5462057c0bc8d8ff9c,4CA9D,1,True,TEXT,identity,6.409453794344223e-10,,,,within_numeric_and_curve_sampling_tolerance,source_Point_to_delivery_Point,6.409453794344223e-10
IMB,6a93e83d0e0d5bd8f30112ffc777e02c30db4a1a82bb1b0bc691f561d4b37c9f,4CABA,1,True,TEXT,identity,4.1159031748919956e-11,,,,within_numeric_and_curve_sampling_tolerance,source_Point_to_delivery_Point,4.1159031748919956e-11
IMB,6b0b84961210010ffee49e745f6285223ff4f106d3f6f891578133b746bdfa53,4C9CF,1,True,TEXT,identity,5.210700251017697e-10,,,,within_numeric_and_curve_sampling_tolerance,source_Point_to_delivery_Point,5.210700251017697e-10
IMB,6b3b4ca511b4cbfbab4914987c3d564921e9e939719ea4b502634fb3c1d0f5c8,4CAE3,1,True,TEXT,identity,1.058155166630628e-10,,,,within_numeric_and_curve_sampling_tolerance,source_Point_to_delivery_Point,1.058155166630628e-10
IMB,6c54786634db8b5ddb5f58c48f498f0ba742dc704fa9ceccba613425523318a2,4C9D4,1,True,TEXT,identity,2.4542247305170405e-10,,,,within_numeric_and_curve_sampling_tolerance,source_Point_to_delivery_Point,2.4542247305170405e-10
IMB,6c93bcbf595cf40307e8a4a559f4d5343e76a1e4ad04e2d5852c6e353fb119a3,4D161,1,True,TEXT,identity,5.644411243022845e-10,,,,within_numeric_and_curve_sampling_tolerance,source_Point_to_delivery_Point,5.644411243022845e-10
IMB,6ce9b5ce693e9ca463df0bed9ad63e61c41bb52f7677a355537e1e82df6daf40,4CAE4,1,True,TEXT,identity,3.4320623424925013e-10,,,,within_numeric_and_curve_sampling_tolerance,source_Point_to_delivery_Point,3.4320623424925013e-10
IMB,6cf0ee77f1f23f9b3d17813c7f19f41bebc6aeca578aadd22a205da671d88420,4CA98,1,True,TEXT,identity,8.512871623197489e-10,,,,within_numeric_and_curve_sampling_tolerance,source_Point_to_delivery_Point,8.512871623197489e-10
IMB,6f0870f706cf1e15039e68d4494b0d3e8ae6f4383279b245f72e7f365daf6eaf,4C9AF,1,True,TEXT,identity,6.803021889138843e-10,,,,within_numeric_and_curve_sampling_tolerance,source_Point_to_delivery_Point,6.803021889138843e-10
IMB,6f76bfbccc8ae981a875ecc3e26df8a320a1cbb47b4630b7c5d4d961e4468011,4CA41,1,True,TEXT,identity,8.845228755506037e-10,,,,within_numeric_and_curve_sampling_tolerance,source_Point_to_delivery_Point,8.845228755506037e-10
IMB,6fedcd8f3f7af3f64b22a470c87ca0a2b3da5ac49330cc42997e5929fa9bfd7d,4CA67,1,True,TEXT,identity,7.972487583469456e-10,,,,within_numeric_and_curve_sampling_tolerance,source_Point_to_delivery_Point,7.972487583469456e-10
IMB,71d591bd67493b60817f500ff2cff2ef99a3af66ba9b76bd2e6df2a6fe7fd708,4CA76,1,True,TEXT,identity,6.009716364150251e-10,,,,within_numeric_and_curve_sampling_tolerance,source_Point_to_delivery_Point,6.009716364150251e-10
IMB,71fd353060c727c3e7bc02b58c41946110ca663518994f16e56182797711c852,4CAB3,1,True,TEXT,identity,3.8668849448249534e-10,,,,within_numeric_and_curve_sampling_tolerance,source_Point_to_delivery_Point,3.8668849448249534e-10
IMB,722d7d02e82ecd15d8abe74735801afbaf7f71c25c913a269b58d3b87dfc5ff0,4CA09,1,True,TEXT,identity,8.554202605731931e-10,,,,within_numeric_and_curve_sampling_tolerance,source_Point_to_delivery_Point,8.554202605731931e-10
IMB,7400559bfb9619061d8f218026a40b18448d6f2b70d34ad8e8b8563faf03bfbe,4CA5D,1,True,TEXT,identity,6.948541009592626e-10,,,,within_numeric_and_curve_sampling_tolerance,source_Point_to_delivery_Point,6.948541009592626e-10
IMB,74a1e2ce04ac522aa848cd646db8ffac2eb2ce011e623d8fd72af036d6519f65,4CA46,1,True,TEXT,identity,1.7703168939037188e-10,,,,within_numeric_and_curve_sampling_tolerance,source_Point_to_delivery_Point,1.7703168939037188e-10
IMB,754bb447fb9ae7f8196f917ece3417364bcfba16c1f8d3468c1f8aae284a45a9,4C9E6,1,True,TEXT,identity,4.764504556187407e-10,,,,within_numeric_and_curve_sampling_tolerance,source_Point_to_delivery_Point,4.764504556187407e-10
IMB,75de8dbbb28c84f3412de1aa79e16cdfc1bbc781d0f6a4c00add9cd3aeb733d3,4C9DA,1,True,TEXT,identity,2.490359419881575e-10,,,,within_numeric_and_curve_sampling_tolerance,source_Point_to_delivery_Point,2.490359419881575e-10
IMB,7704425f4c0e23a9106d78e037079ec206b14442badb28602ac98f263ba0c9a5,4CA81,1,True,TEXT,identity,6.118515340357922e-10,,,,within_numeric_and_curve_sampling_tolerance,source_Point_to_delivery_Point,6.118515340357922e-10
IMB,77445101c2a9103fc795552c590f066ac98bd2ecdbc051db10c059f30a407335,4CC23,1,True,TEXT,identity,2.788936251597362e-10,,,,within_numeric_and_curve_sampling_tolerance,source_Point_to_delivery_Point,2.788936251597362e-10
IMB,782b9703edcefbbc14dffc96e9b46ec17fdf8dde7cac45e09d12ec1568206949,4CA4B,1,True,TEXT,identity,2.6721234490706166e-10,,,,within_numeric_and_curve_sampling_tolerance,source_Point_to_delivery_Point,2.6721234490706166e-10
IMB,78bb0f7562bc96319fdd80e6a2c8d5fcf2cb3e84d2af29fc1fb467ddac1aca3d,4CAA7,1,True,TEXT,identity,5.55980478959261e-10,,,,within_numeric_and_curve_sampling_tolerance,source_Point_to_delivery_Point,5.55980478959261e-10
IMB,79148d20ef68d64dad18cd3291aa7b2d909514c2c14a826e0d1d494aa29bc9c0,4CA52,1,True,TEXT,identity,2.3109086338835772e-10,,,,within_numeric_and_curve_sampling_tolerance,source_Point_to_delivery_Point,2.3109086338835772e-10
IMB,79358773662a1d947686f2809e31a0fbc50384f9add087b5e259840dc17f1904,4C9AE,1,True,TEXT,identity,6.610418720131222e-10,,,,within_numeric_and_curve_sampling_tolerance,source_Point_to_delivery_Point,6.610418720131222e-10
IMB,7a9d619b9480f5576e612d774bfedf054cadc8e7e65b19ba8eb689f861016208,4CA42,1,True,TEXT,identity,2.8887017879031653e-10,,,,within_numeric_and_curve_sampling_tolerance,source_Point_to_delivery_Point,2.8887017879031653e-10
IMB,7bd61ac1024c8cbc307fa9c28cbf9f2b02d950c079fefb5b5e301294b59dde74,4CA57,1,True,TEXT,identity,2.65572842255895e-10,,,,within_numeric_and_curve_sampling_tolerance,source_Point_to_delivery_Point,2.65572842255895e-10
IMB,7c0221a5cb2e30d124895fec375111ac0344e51dd3ef4a845afc5f908cc53e00,4CA82,1,True,TEXT,identity,7.819671273874062e-11,,,,within_numeric_and_curve_sampling_tolerance,source_Point_to_delivery_Point,7.819671273874062e-11
IMB,7c0ba5b155c5e010f02bc5546fd333397303eba1f423d78b05a885896a825861,4CAD6,1,True,TEXT,identity,3.069729880332159e-10,,,,within_numeric_and_curve_sampling_tolerance,source_Point_to_delivery_Point,3.069729880332159e-10
IMB,7cdc2fd0bf5b8ad782929e4d596e25d100d64e7376d0183c906e808fa1f36d50,4C9FB,1,True,TEXT,identity,4.1159031748919956e-11,,,,within_numeric_and_curve_sampling_tolerance,source_Point_to_delivery_Point,4.1159031748919956e-11
IMB,7da07d3a265e88932ffd964f4b317492e234d87d8df148f7cbdee9b3d8aabe6f,4C9BA,1,True,TEXT,identity,8.175340573595979e-11,,,,within_numeric_and_curve_sampling_tolerance,source_Point_to_delivery_Point,8.175340573595979e-11
IMB,7f33fa0366c7fb98b9b1e0f2f3c5f5627d5376d726175b208332da1294b597b2,4CA73,1,True,TEXT,identity,5.247021864185459e-10,,,,within_numeric_and_curve_sampling_tolerance,source_Point_to_delivery_Point,5.247021864185459e-10
IMB,7f350269c23b6d45fdb9828797e4fbb5e9b9fe70727d74f48dc88a9f4021fb21,4CAB6,1,True,TEXT,identity,5.39182525830159e-10,,,,within_numeric_and_curve_sampling_tolerance,source_Point_to_delivery_Point,5.39182525830159e-10
IMB,802083dcda8e5cfcd101f06b2add19bf947ad9839b83de8caa6a48af259d2670,4CA03,1,True,TEXT,identity,8.206122275209953e-10,,,,within_numeric_and_curve_sampling_tolerance,source_Point_to_delivery_Point,8.206122275209953e-10
IMB,803b353791eb896ff209b3379f9882fdb68be928e94d6f1bdc6afdb7af29da9d,4C9B9,1,True,TEXT,identity,8.786529653668992e-10,,,,within_numeric_and_curve_sampling_tolerance,source_Point_to_delivery_Point,8.786529653668992e-10
IMB,80c7210c51d4218ebdcef1fc2d4550cd4cc85ac9b6ea55b41d8fa3d86a7df822,4CAF2,1,True,TEXT,identity,6.501710392189883e-10,,,,within_numeric_and_curve_sampling_tolerance,source_Point_to_delivery_Point,6.501710392189883e-10
IMB,81d4c984b30d347b35a8a4d3d658799e4f3b88cd3afa7a0a1962308548e8dfe6,4C9B1,1,True,TEXT,identity,5.955801593220278e-11,,,,within_numeric_and_curve_sampling_tolerance,source_Point_to_delivery_Point,5.955801593220278e-11
IMB,81f437fba4270e0237ffb1f491ba98e120afb83935d75628929dbcb61654cb5c,4CAB0,1,True,TEXT,identity,5.610041706299303e-10,,,,within_numeric_and_curve_sampling_tolerance,source_Point_to_delivery_Point,5.610041706299303e-10
IMB,82e7b0fdbecd84d692709ac7943f9398de542abd3b6aaa0a3bf592221888fe60,4CABB,1,True,TEXT,identity,2.1876372714648357e-10,,,,within_numeric_and_curve_sampling_tolerance,source_Point_to_delivery_Point,2.1876372714648357e-10
IMB,83cc8fa7b6dc9c8dd2a7522eb23552e2b29cc5e15b90d0ce5e468919b2723294,4C9DE,1,True,TEXT,identity,6.693881005048752e-10,,,,within_numeric_and_curve_sampling_tolerance,source_Point_to_delivery_Point,6.693881005048752e-10
IMB,842ce507f6b2fd293f7c51d3c4186d69d7175a64da68c43c8daa6ad42f873de1,4CAA3,1,True,TEXT,identity,7.930795103207966e-10,,,,within_numeric_and_curve_sampling_tolerance,source_Point_to_delivery_Point,7.930795103207966e-10
IMB,845ff23da8fd2945e626d8e694b0b9a167a1309296a3db33369619405aae16cb,4CA5B,1,True,TEXT,identity,8.569042659719185e-10,,,,within_numeric_and_curve_sampling_tolerance,source_Point_to_delivery_Point,8.569042659719185e-10
IMB,85166b7391f0ba91e363275b45e6fe254764a7b3eb1703b3809e685ae35635fb,4CAD3,1,True,TEXT,identity,7.879563124548227e-10,,,,within_numeric_and_curve_sampling_tolerance,source_Point_to_delivery_Point,7.879563124548227e-10
IMB,855ba4068792c121dbcf87438fe5f1725f95c6279012993f039e478a4e2fd0fd,4C9E9,1,True,TEXT,identity,2.852977025325845e-10,,,,within_numeric_and_curve_sampling_tolerance,source_Point_to_delivery_Point,2.852977025325845e-10
IMB,85991b20142ff78f53e9c2cd0e9f27287d785e9da2cf3bb14f7e24c29e8b7c99,4C9B3,1,True,TEXT,identity,6.507814330688532e-11,,,,within_numeric_and_curve_sampling_tolerance,source_Point_to_delivery_Point,6.507814330688532e-11
IMB,867694d21916c6e0863c02d259e3b24462e11fbfadcc8c9e9309c86041f9a1bc,4C9FA,1,True,TEXT,identity,2.2919266484677792e-10,,,,within_numeric_and_curve_sampling_tolerance,source_Point_to_delivery_Point,2.2919266484677792e-10
IMB,869c26d3215f2a0953c1ec81ff0543e2cf4865bb2d47ec5c1692953cdf511dde,4CABC,1,True,TEXT,identity,5.319667475668894e-10,,,,within_numeric_and_curve_sampling_tolerance,source_Point_to_delivery_Point,5.319667475668894e-10
IMB,876cb5b4ff1cff05fb48d180beb4c0b9a0788b7cf7c0626dc440cb038b2b0f1a,4CAC9,1,True,TEXT,identity,1.5554220827785283e-10,,,,within_numeric_and_curve_sampling_tolerance,source_Point_to_delivery_Point,1.5554220827785283e-10
IMB,87f0800c501d3c0cccbe2a8c032ba05a10c98721647ce423006b5bdff881995d,4CA39,1,True,TEXT,identity,1.8406878575731415e-10,,,,within_numeric_and_curve_sampling_tolerance,source_Point_to_delivery_Point,1.8406878575731415e-10
IMB,882aaec4e186fcbd43cb844ef284c975f3b5e4602c384ca1e8a015c25be9a593,4CBD5,1,True,TEXT,identity,1.9384829343344486e-10,,,,within_numeric_and_curve_sampling_tolerance,source_Point_to_delivery_Point,1.9384829343344486e-10
IMB,8966fb46cb31ec3ea287619479d4d8c6e59dc064c2787fc8093277f83c37ba43,4CA1C,1,True,TEXT,identity,8.112694014330538e-10,,,,within_numeric_and_curve_sampling_tolerance,source_Point_to_delivery_Point,8.112694014330538e-10
IMB,89f7d691154d7a02a40822bdd804ad576ba645d8dacb44e374084299a46d6295,4C9C1,1,True,TEXT,identity,1.8195577489443672e-11,,,,within_numeric_and_curve_sampling_tolerance,source_Point_to_delivery_Point,1.8195577489443672e-11
IMB,8b25bbe8d2a985a262de61007bb602d49256d506509e7083a7b717ddfdf90f78,4CA7E,1,True,TEXT,identity,2.7801395007616955e-10,,,,within_numeric_and_curve_sampling_tolerance,source_Point_to_delivery_Point,2.7801395007616955e-10
IMB,8c3501be0f1aa9d52f2d2e76ad22dd7cc133473e12ad9ce8fe8454ac56a8ff03,4C9C8,1,True,TEXT,identity,6.591170288445369e-10,,,,within_numeric_and_curve_sampling_tolerance,source_Point_to_delivery_Point,6.591170288445369e-10
IMB,8d6069a2db4cfc5c1a7241e6522ff4862e571167c3c8e4a42800cfb365d2ca55,4CA58,1,True,TEXT,identity,2.1464123134175915e-10,,,,within_numeric_and_curve_sampling_tolerance,source_Point_to_delivery_Point,2.1464123134175915e-10
IMB,8dc17522fec7c1783e2f73526b0738f3ab01ff2f54dd356ac68fae5b6e0f335c,4C9A3,1,True,TEXT,identity,7.021300570314283e-10,,,,within_numeric_and_curve_sampling_tolerance,source_Point_to_delivery_Point,7.021300570314283e-10
IMB,8e6913d93556547378f39a34ae278c42f54cf460bba2e3bf391f2a42209c8035,4CA45,1,True,TEXT,identity,3.504945847322443e-10,,,,within_numeric_and_curve_sampling_tolerance,source_Point_to_delivery_Point,3.504945847322443e-10
IMB,8f95ef570ed03c33e2243dcad68e1496fbe663d136e030c49d8d9829775cbe80,4CA0B,1,True,TEXT,identity,5.791476659868839e-10,,,,within_numeric_and_curve_sampling_tolerance,source_Point_to_delivery_Point,5.791476659868839e-10
IMB,902b8339a0f9a229f08d0f3ae22704bf6f1f8c3881746122ffa4c9df1cede809,4CAD7,1,True,TEXT,identity,3.5406337878074377e-10,,,,within_numeric_and_curve_sampling_tolerance,source_Point_to_delivery_Point,3.5406337878074377e-10
IMB,903bf9d6e12e473df7852381ec3b65b4906ddeb569c42f868190d80f6794cd86,4CA83,1,True,TEXT,identity,1.626953582672133e-10,,,,within_numeric_and_curve_sampling_tolerance,source_Point_to_delivery_Point,1.626953582672133e-10
IMB,9108a6a9f63f8f822d496a61e4666b485381220ad91898483df20a622b81c7f6,4CADD,1,True,TEXT,identity,8.314673237309283e-10,,,,within_numeric_and_curve_sampling_tolerance,source_Point_to_delivery_Point,8.314673237309283e-10
IMB,922e169b20084b564ac9e8d124b61c47c0ce40c764a7b2e4234dbc9531dfc4b8,4CA05,1,True,TEXT,identity,4.802269825611469e-11,,,,within_numeric_and_curve_sampling_tolerance,source_Point_to_delivery_Point,4.802269825611469e-11
IMB,936242d128eebd5be7bc77f179f9c98bd44072c7705d9e91b35b91c176647d26,4CAC5,1,True,TEXT,identity,8.460158629895091e-10,,,,within_numeric_and_curve_sampling_tolerance,source_Point_to_delivery_Point,8.460158629895091e-10
IMB,93b9ab6bb570206ddcff2a7c93962d71714a79e804e068a5e30d71f6d8959ffd,4CA51,1,True,TEXT,identity,1.667751423237155e-10,,,,within_numeric_and_curve_sampling_tolerance,source_Point_to_delivery_Point,1.667751423237155e-10
IMB,94ce9dd26e1d551f2d3672d4da66a212adbccb8445afde0483c488e844869b89,4CA2F,1,True,TEXT,identity,1.709850039333105e-10,,,,within_numeric_and_curve_sampling_tolerance,source_Point_to_delivery_Point,1.709850039333105e-10
IMB,954c49823627ac46020f956618dbfdc33c207798d9cedf21e008482cce743291,4CC24,1,True,TEXT,identity,2.7801395007616955e-10,,,,within_numeric_and_curve_sampling_tolerance,source_Point_to_delivery_Point,2.7801395007616955e-10
IMB,967e4380b06ea37c57d713a9ce3e243975d79c89acba1cf04fb96a7bc95697cc,4C9C7,1,True,TEXT,identity,7.603377066711962e-10,,,,within_numeric_and_curve_sampling_tolerance,source_Point_to_delivery_Point,7.603377066711962e-10
IMB,971d5dc4a2a6b6dc33ad971a2dcd5d3c6d6aa37b8ee0783eaafdf8ca1481a7dc,4C9F4,1,True,TEXT,identity,4.447570907345199e-10,,,,within_numeric_and_curve_sampling_tolerance,source_Point_to_delivery_Point,4.447570907345199e-10
IMB,97575acacdfd1ab82bdf918804ed67e8eca630b433a9fa8f4a50f80700741696,4C9F0,1,True,TEXT,identity,3.0559055814920027e-10,,,,within_numeric_and_curve_sampling_tolerance,source_Point_to_delivery_Point,3.0559055814920027e-10
IMB,989cacf3adad2485d2cf7cb9f48d1f967a77e1b9dbb961da92b701840c20e851,4CAD5,1,True,TEXT,identity,3.6842506673338833e-10,,,,within_numeric_and_curve_sampling_tolerance,source_Point_to_delivery_Point,3.6842506673338833e-10
IMB,98ef93b35bef12cf6198fbfceab1817bdf81587478fb86d1629e1cdcf22799ad,4CA61,1,True,TEXT,identity,6.610019847100028e-10,,,,within_numeric_and_curve_sampling_tolerance,source_Point_to_delivery_Point,6.610019847100028e-10
IMB,9952ad046cc149aef1bca56db090256d960fe49cf7226699eb7f5c43b7abe937,4CA9C,1,True,TEXT,identity,3.722134151737166e-10,,,,within_numeric_and_curve_sampling_tolerance,source_Point_to_delivery_Point,3.722134151737166e-10
IMB,99bbcb3b836f77c61beaf0345c92c934caf38369ac14bc4069429c12e78e6159,4C994,1,True,TEXT,identity,3.069729880332159e-10,,,,within_numeric_and_curve_sampling_tolerance,source_Point_to_delivery_Point,3.069729880332159e-10
IMB,99ff457936b6376d9c37d7de3098afc3b37b142c80a293c0998334be527452c2,4C9C5,1,True,TEXT,identity,5.719036908854213e-10,,,,within_numeric_and_curve_sampling_tolerance,source_Point_to_delivery_Point,5.719036908854213e-10
IMB,9a3c6c89111676f0b0a0c71cefc881a0d4a7a8bc70679a3cd16ad433467bb46a,4C9E1,1,True,TEXT,identity,5.054041681232704e-10,,,,within_numeric_and_curve_sampling_tolerance,source_Point_to_delivery_Point,5.054041681232704e-10
IMB,9a51fba3f1f9a2b7bfa4b619982250375d4d6d3ee06c2fd327912c390e31890c,4CC1F,1,True,TEXT,identity,8.24786842622753e-11,,,,within_numeric_and_curve_sampling_tolerance,source_Point_to_delivery_Point,8.24786842622753e-11
IMB,9babab78960177d6633b6801ba437e76bb9f030c0b94c3e612e506aa0b774c97,4CAA8,1,True,TEXT,identity,3.6842506673338833e-10,,,,within_numeric_and_curve_sampling_tolerance,source_Point_to_delivery_Point,3.6842506673338833e-10
IMB,9bbb389924c282c18e55666c72eaa730e84df264660ed64b81cde82f12c8127c,4CAC2,1,True,TEXT,identity,1.0593954196200529e-10,,,,within_numeric_and_curve_sampling_tolerance,source_Point_to_delivery_Point,1.0593954196200529e-10
IMB,9ca81eb4fe8ea01eff5a538c811872e99788b43db534282857b6b0125c5c45a2,4CC22,1,True,TEXT,identity,7.757218083342951e-10,,,,within_numeric_and_curve_sampling_tolerance,source_Point_to_delivery_Point,7.757218083342951e-10
IMB,9cead9b32c96a6eb40653cd16fdcd603571690ca74d1e552793893706fb0752e,4CA19,1,True,TEXT,identity,3.2146231437763377e-10,,,,within_numeric_and_curve_sampling_tolerance,source_Point_to_delivery_Point,3.2146231437763377e-10
IMB,9d6ce6de5bf1f257dc6f18e66117046ff504e38ae52e7bcc37ecfc04f1f78306,4C9A6,1,True,TEXT,identity,2.743962246041785e-10,,,,within_numeric_and_curve_sampling_tolerance,source_Point_to_delivery_Point,2.743962246041785e-10
IMB,9da87e552fedf4a9235575e027f30ff7b81fd359b636e42a7b68fbf81e416e9b,4CA94,1,True,TEXT,identity,4.302979376072152e-10,,,,within_numeric_and_curve_sampling_tolerance,source_Point_to_delivery_Point,4.302979376072152e-10
IMB,9f972640540c022123bc25a6e8e6fb1ddb236865327bcc772d572bd4c037b71c,4C9BB,1,True,TEXT,identity,1.891754445393147e-10,,,,within_numeric_and_curve_sampling_tolerance,source_Point_to_delivery_Point,1.891754445393147e-10
IMB,a04941e6d7b5e2cf3fdac1bc87ed9436611ff6700fd440c4483b424ebe195089,4CA37,1,True,TEXT,identity,8.590716686459075e-10,,,,within_numeric_and_curve_sampling_tolerance,source_Point_to_delivery_Point,8.590716686459075e-10
IMB,a07190e7a2cd5c145b0ecedf1569aad3bb81520a564d73c45ee388da944bc461,4CAB8,1,True,TEXT,identity,8.314673237309283e-10,,,,within_numeric_and_curve_sampling_tolerance,source_Point_to_delivery_Point,8.314673237309283e-10
IMB,a0b53f3e37bfcf37d63badafd7b3d976eddc72d59cf440b417c5fb0131f4e2cd,4CA07,1,True,TEXT,identity,9.036551890584976e-11,,,,within_numeric_and_curve_sampling_tolerance,source_Point_to_delivery_Point,9.036551890584976e-11
IMB,a0ddd26be7bd8175a3224514106caeeb288183bf818081ca7941db170ad3a04b,4CBD8,1,True,TEXT,identity,7.871981379094012e-10,,,,within_numeric_and_curve_sampling_tolerance,source_Point_to_delivery_Point,7.871981379094012e-10
IMB,a0e628a4dd524952931c5b38c04183c4af883a8cf6650f6ddb4055df6731d6e0,4CAE6,1,True,TEXT,identity,7.734449036604673e-10,,,,within_numeric_and_curve_sampling_tolerance,source_Point_to_delivery_Point,7.734449036604673e-10
IMB,a45a5730fd78881a9a78eca557768bf5141b10c53c90483ab527929fdf640240,4CAB2,1,True,TEXT,identity,2.9103830456733704e-11,,,,within_numeric_and_curve_sampling_tolerance,source_Point_to_delivery_Point,2.9103830456733704e-11
IMB,a4712e0d7ea1abd545f659e9dfd8a1093d7b08826994b76cd5f64b74d96bc925,4C99F,1,True,TEXT,identity,4.2303946232263697e-10,,,,within_numeric_and_curve_sampling_tolerance,source_Point_to_delivery_Point,4.2303946232263697e-10
IMB,a4d47e1276a83641f5cd777d9bcce59e7719523ffb0439aa8f5e7751c4849973,4CA0C,1,True,TEXT,identity,8.36735125631094e-11,,,,within_numeric_and_curve_sampling_tolerance,source_Point_to_delivery_Point,8.36735125631094e-11
IMB,a57ec433838fdd7413671e9521f59a757632bcd8e6cd8da6a31cc3a1e9da26e2,4CA9E,1,True,TEXT,identity,2.968019988383623e-10,,,,within_numeric_and_curve_sampling_tolerance,source_Point_to_delivery_Point,2.968019988383623e-10
IMB,a620a6160f0b1a517b2a700cb29ad16b01815a18065af7f190a87077b6c91c6a,4C9AC,1,True,TEXT,identity,3.146588797414546e-10,,,,within_numeric_and_curve_sampling_tolerance,source_Point_to_delivery_Point,3.146588797414546e-10
IMB,a65cd3b41e0f312ec26c238b89f2c4ea8fa880546a7ae77367b09549367534b0,4C991,1,True,TEXT,identity,7.530616130679846e-10,,,,within_numeric_and_curve_sampling_tolerance,source_Point_to_delivery_Point,7.530616130679846e-10
IMB,a66c54133b42667cdce2bd40bb908572ef2e4d3018fbac7c60887c19d7d43141,4C561,1,True,TEXT,identity,4.957880777175569e-10,,,,within_numeric_and_curve_sampling_tolerance,source_Point_to_delivery_Point,4.957880777175569e-10
IMB,a93b71169f4ca28f2f8479a13af5832930e465dd02658dc38c740316f9b1ff4e,4CA3E,1,True,TEXT,identity,3.7194691809910444e-10,,,,within_numeric_and_curve_sampling_tolerance,source_Point_to_delivery_Point,3.7194691809910444e-10
IMB,a96ed021a4cf07e65a4b6e55239961839efd0b3e06c2b214362142b27106bf36,4CADB,1,True,TEXT,identity,5.198112320537859e-10,,,,within_numeric_and_curve_sampling_tolerance,source_Point_to_delivery_Point,5.198112320537859e-10
IMB,aaa5d8dc1be838f138ced5b92a9db437640b8b8c4c9f5e4af885a0e96e959871,4C9F9,1,True,TEXT,identity,3.9031656804793665e-10,,,,within_numeric_and_curve_sampling_tolerance,source_Point_to_delivery_Point,3.9031656804793665e-10
IMB,abe5d68618a752fb65975f90308d1b4ec5e61e1af4b48809204d79b1ea25c77a,4CACB,1,True,TEXT,identity,7.130438461899757e-10,,,,within_numeric_and_curve_sampling_tolerance,source_Point_to_delivery_Point,7.130438461899757e-10
IMB,ac515e87f3e090ffd657f099c4d69022441e2d5766756eabd158310f5e1c931d,4CA8A,1,True,TEXT,identity,1.8421253336669417e-10,,,,within_numeric_and_curve_sampling_tolerance,source_Point_to_delivery_Point,1.8421253336669417e-10
IMB,ac9ce61eb52460a719dfc5ec15b0cb6ad44d8d3cc9dd2fcf919df7077233f226,4CA26,1,True,TEXT,identity,3.178394466548735e-10,,,,within_numeric_and_curve_sampling_tolerance,source_Point_to_delivery_Point,3.178394466548735e-10
IMB,ad49a2fec5e0a8eb63e6383fbffd7510673ee161cf278c30b423082ed8eda9e6,4CA28,1,True,TEXT,identity,9.604539651222938e-11,,,,within_numeric_and_curve_sampling_tolerance,source_Point_to_delivery_Point,9.604539651222938e-11
IMB,adb8c2a646cf940dc3eadf169755972923d1cbfde89d16bedc68f4f3edf606f3,4CA7C,1,True,TEXT,identity,1.8406878575731415e-10,,,,within_numeric_and_curve_sampling_tolerance,source_Point_to_delivery_Point,1.8406878575731415e-10
IMB,adf97b34af374e812ff6423cb95d7151891af88938413462b2d605fced4a2b54,4CAA2,1,True,TEXT,identity,8.954307905752145e-10,,,,within_numeric_and_curve_sampling_tolerance,source_Point_to_delivery_Point,8.954307905752145e-10
IMB,ae631bfa74fea085da6b13912cd011972358451145b57653c2fc1dbf6ea9db81,4CADE,1,True,TEXT,identity,8.968043210272302e-10,,,,within_numeric_and_curve_sampling_tolerance,source_Point_to_delivery_Point,8.968043210272302e-10
IMB,aefce89bf57d73c1324d79bdceed7b97faa4e3785a10a7acc4f57b199f1a789d,4C9F2,1,True,TEXT,identity,3.6496017721902036e-10,,,,within_numeric_and_curve_sampling_tolerance,source_Point_to_delivery_Point,3.6496017721902036e-10
IMB,b1307e4b67be8e041af8fd7006bd4588b5e4a2fea02d52148cce31529a865424,4C9FE,1,True,TEXT,identity,3.6137081296104247e-10,,,,within_numeric_and_curve_sampling_tolerance,source_Point_to_delivery_Point,3.6137081296104247e-10
IMB,b227959cbc1ec8687ebb7ef28c47690f5c3ba9b5dfcbc0df417d8bd651703202,4CABD,1,True,TEXT,identity,5.464483420067222e-10,,,,within_numeric_and_curve_sampling_tolerance,source_Point_to_delivery_Point,5.464483420067222e-10
IMB,b2289c025dfbcd2d9830b717b328f352f824d3b5302dc6948a42a1375ed46c2e,4CA59,1,True,TEXT,identity,5.501052220224779e-10,,,,within_numeric_and_curve_sampling_tolerance,source_Point_to_delivery_Point,5.501052220224779e-10
IMB,b2c82d9918b617e5ea026ef8a7e49a89575a5ebaa495f74c42d701c1a534275b,4C9E8,1,True,TEXT,identity,6.409248914138748e-10,,,,within_numeric_and_curve_sampling_tolerance,source_Point_to_delivery_Point,6.409248914138748e-10
IMB,b323af28f78dc5e245ee78a6838c2785dbb32f6ffcbc4e128fdc954af51adb80,4CA4A,1,True,TEXT,identity,5.646609044261812e-10,,,,within_numeric_and_curve_sampling_tolerance,source_Point_to_delivery_Point,5.646609044261812e-10
IMB,b33c64a30d238dd8f44be812c2475d43700e3a187e4f9e319d3f027ec02d8f0c,4C997,1,True,TEXT,identity,8.149072527885437e-10,,,,within_numeric_and_curve_sampling_tolerance,source_Point_to_delivery_Point,8.149072527885437e-10
IMB,b3492cf0efb12fce273268ef65052e57cef7c1c0759bae41292daae11082f86f,4C999,1,True,TEXT,identity,1.5903484273760425e-10,,,,within_numeric_and_curve_sampling_tolerance,source_Point_to_delivery_Point,1.5903484273760425e-10
IMB,b5459cccd0e84df539d192a313b7b8ae1fa196d091f3e1558687f70de8fb87e1,4CC21,1,True,TEXT,identity,1.3242442745250662e-10,,,,within_numeric_and_curve_sampling_tolerance,source_Point_to_delivery_Point,1.3242442745250662e-10
IMB,b5e54043a779a76a0374b2848b12efe0b0f353e1e875409ec8c022f48e5715e5,4C9E4,1,True,TEXT,identity,9.317772109982395e-11,,,,within_numeric_and_curve_sampling_tolerance,source_Point_to_delivery_Point,9.317772109982395e-11
IMB,b88c5811333d92785bad0517616ca4712de88ada4d86f4e5023a2ca0828bef28,4CA54,1,True,TEXT,identity,6.507814330688532e-11,,,,within_numeric_and_curve_sampling_tolerance,source_Point_to_delivery_Point,6.507814330688532e-11
IMB,b8ebe258057f983413dc9fe2af8d39fb40bcc5d715ac8b74b36650bf3b4d05e8,4CA95,1,True,TEXT,identity,1.382431946694851e-10,,,,within_numeric_and_curve_sampling_tolerance,source_Point_to_delivery_Point,1.382431946694851e-10
IMB,babd3584525a79b7bdc5cb0b32a801813e5b06f0369eabe99e201e61be9968c7,4C9E5,1,True,TEXT,identity,8.226981611839116e-10,,,,within_numeric_and_curve_sampling_tolerance,source_Point_to_delivery_Point,8.226981611839116e-10
IMB,bad8bec9a568f50ada5f1263d96da6938479cf90dafd8a6398565964e7594cf6,4CA85,1,True,TEXT,identity,7.081641365769303e-10,,,,within_numeric_and_curve_sampling_tolerance,source_Point_to_delivery_Point,7.081641365769303e-10
IMB,bae7bea8986ccc9dc46d9c248a4b8ac3177646c14299cd5706ab6f4b9a140e10,4C9B7,1,True,TEXT,identity,4.956472851519535e-10,,,,within_numeric_and_curve_sampling_tolerance,source_Point_to_delivery_Point,4.956472851519535e-10
IMB,bbba085c2fe16696b4bcc3d44804e9028a65dabfbe3ebd657d594adb0ef82cb9,4CADC,1,True,TEXT,identity,5.955801593220278e-11,,,,within_numeric_and_curve_sampling_tolerance,source_Point_to_delivery_Point,5.955801593220278e-11
IMB,bc70303bb50e7eddeb4307216ae8e03f815a849f981a8cc42a1043993cb1f4fd,4CA3A,1,True,TEXT,identity,6.402842700481415e-10,,,,within_numeric_and_curve_sampling_tolerance,source_Point_to_delivery_Point,6.402842700481415e-10
IMB,bce00e7bdfb86afaebbfa144595c11b942a1d4ddc642f312cc1755c14b41f500,4CA22,1,True,TEXT,identity,6.875779945403337e-10,,,,within_numeric_and_curve_sampling_tolerance,source_Point_to_delivery_Point,6.875779945403337e-10
IMB,bdde747b6d6a760a1c75490586948f29818c23a9eb387e23526aa48d4cb18f75,4CA60,1,True,TEXT,identity,8.117749718174353e-10,,,,within_numeric_and_curve_sampling_tolerance,source_Point_to_delivery_Point,8.117749718174353e-10
IMB,be6aa08d326754479575d74cbe34a65d39cb9c880a04c94e3007b6012279b2cf,4C9FD,1,True,TEXT,identity,2.1827872842550278e-10,,,,within_numeric_and_curve_sampling_tolerance,source_Point_to_delivery_Point,2.1827872842550278e-10
IMB,bede7ab00f236cd41d7bc2c0cf86235c101028aba87088c4b70e293495743716,4CA68,1,True,TEXT,identity,4.5839999145203295e-10,,,,within_numeric_and_curve_sampling_tolerance,source_Point_to_delivery_Point,4.5839999145203295e-10
IMB,c03d85fc4ba13e6e87719b7149a13d5f6bd2b2bbf506ada4bec5bb6010fe7571,4C9CA,1,True,TEXT,identity,5.820943724320258e-11,,,,within_numeric_and_curve_sampling_tolerance,source_Point_to_delivery_Point,5.820943724320258e-11
IMB,c06edd2ac6fa0ac04a1a907f19909b58da5a362491e33438241f362dd6a9b374,4C993,1,True,TEXT,identity,1.5318507241914086e-10,,,,within_numeric_and_curve_sampling_tolerance,source_Point_to_delivery_Point,1.5318507241914086e-10
IMB,c18524d233811912fabb2d042888b5c2f189973e05cde232e2c62c5d0f2cd923,4CADF,1,True,TEXT,identity,4.883571584519766e-10,,,,within_numeric_and_curve_sampling_tolerance,source_Point_to_delivery_Point,4.883571584519766e-10
IMB,c1d5c866628f0e99c22470183cd54c1992a6967e17aaf9fad4b2eb4cb3570539,4C9B0,1,True,TEXT,identity,9.189160183659029e-11,,,,within_numeric_and_curve_sampling_tolerance,source_Point_to_delivery_Point,9.189160183659029e-11
IMB,c1fc1ecb23dcf176a40d7626a53aa38ddfe92d787e34bcf96d97075ef25c9d44,4CAEF,1,True,TEXT,identity,8.731149137020111e-11,,,,within_numeric_and_curve_sampling_tolerance,source_Point_to_delivery_Point,8.731149137020111e-11
IMB,c2ba7247dba3559ff37c3408dd225e9e534e0c3b65c4db06e76f1d097aaac44d,4C98D,1,True,TEXT,identity,4.838511813431978e-10,,,,within_numeric_and_curve_sampling_tolerance,source_Point_to_delivery_Point,4.838511813431978e-10
IMB,c2d49ba8b91452ca608971f05389d5e019377fb1e99503fa17d5aa0ea4ea12e8,4CA50,1,True,TEXT,identity,3.76061487190032e-10,,,,within_numeric_and_curve_sampling_tolerance,source_Point_to_delivery_Point,3.76061487190032e-10
IMB,c361d968889a10a0458cfcce0f13697ff9c796d5231d1461daa8c96f2a59ca89,4CA6B,1,True,TEXT,identity,3.7834979593753815e-10,,,,within_numeric_and_curve_sampling_tolerance,source_Point_to_delivery_Point,3.7834979593753815e-10
IMB,c366957cd5187932328a0d784f8a348d63b9c59d532cb26028e781957bc449bf,4CA0E,1,True,TEXT,identity,2.8050208531496514e-10,,,,within_numeric_and_curve_sampling_tolerance,source_Point_to_delivery_Point,2.8050208531496514e-10
IMB,c3b5529276e5b7bc6ce41d0d2aee69da7498810b871836eed989324e3dec4eb0,4CA7B,1,True,TEXT,identity,6.21658091063548e-11,,,,within_numeric_and_curve_sampling_tolerance,source_Point_to_delivery_Point,6.21658091063548e-11
IMB,c4da352607f7c70f244b9d311f87e8a1158a66872df6388069a06b8db9a5c6af,4C98B,1,True,TEXT,identity,3.0339555922929073e-10,,,,within_numeric_and_curve_sampling_tolerance,source_Point_to_delivery_Point,3.0339555922929073e-10
IMB,c60323523d6bdec1045a051ce29c3abf1847b185713851fd8624d3bc83dc2c67,4CA90,1,True,TEXT,identity,4.692851652099372e-10,,,,within_numeric_and_curve_sampling_tolerance,source_Point_to_delivery_Point,4.692851652099372e-10
IMB,c6b917d773d97942686a4a7d990bd73f6f43d5a884e0cd40bc9280d90852ffb6,4CA11,1,True,TEXT,identity,8.330971468240023e-10,,,,within_numeric_and_curve_sampling_tolerance,source_Point_to_delivery_Point,8.330971468240023e-10
IMB,c81a71f82aa7eed066cc0fa0ccc1009126367d29a7921fa90e4a2529f1856c6b,4C9D8,1,True,TEXT,identity,3.2874962647717413e-10,,,,within_numeric_and_curve_sampling_tolerance,source_Point_to_delivery_Point,3.2874962647717413e-10
IMB,c852065b02d8daf714beb1e1866504049bda428c23134fcb0205cdb5400aae5f,4CA31,1,True,TEXT,identity,8.496452578501679e-10,,,,within_numeric_and_curve_sampling_tolerance,source_Point_to_delivery_Point,8.496452578501679e-10
IMB,c893b5cb8e12eec3df32dbf88e3e41849134aa620a490203c65c582c638f48ad,4CA89,1,True,TEXT,identity,7.13637554740954e-10,,,,within_numeric_and_curve_sampling_tolerance,source_Point_to_delivery_Point,7.13637554740954e-10
IMB,c8fe5dd95cdb84eafeacfc3846b1b6a6363b445285da847e5c25d90fe9fd0b61,4C9C6,1,True,TEXT,identity,2.505983880734788e-10,,,,within_numeric_and_curve_sampling_tolerance,source_Point_to_delivery_Point,2.505983880734788e-10
IMB,ca370b21cc6afe1e4851629dccc0ace22db3e1a5772698758e96536a848c034b,4C9EA,1,True,TEXT,identity,1.058155166630628e-10,,,,within_numeric_and_curve_sampling_tolerance,source_Point_to_delivery_Point,1.058155166630628e-10
IMB,ca789f754002d887ba34fbc16c894139e9b3ff10b7a5e46762cd51fc45c15e02,4CA17,1,True,TEXT,identity,4.911273494885171e-10,,,,within_numeric_and_curve_sampling_tolerance,source_Point_to_delivery_Point,4.911273494885171e-10
IMB,ca8e58dd62ec983b89e0238e745cbf98243374702eb25b18aeed37b9b792596d,4CA8E,1,True,TEXT,identity,3.940120101711436e-10,,,,within_numeric_and_curve_sampling_tolerance,source_Point_to_delivery_Point,3.940120101711436e-10
IMB,ca9f0da5506ef73dc659f16e01e386fc9dc207cf9c6770dc0a71edfc28eba6bc,4CA1B,1,True,TEXT,identity,2.3469942084778214e-10,,,,within_numeric_and_curve_sampling_tolerance,source_Point_to_delivery_Point,2.3469942084778214e-10
IMB,cb032ec7491119a5abc3803070fdaa5ed3bfd6bdfbcfa0d64b78f97db010700b,4C992,1,True,TEXT,identity,7.482356033303968e-11,,,,within_numeric_and_curve_sampling_tolerance,source_Point_to_delivery_Point,7.482356033303968e-11
IMB,cbd3e8026a9a7b187c23454be20943ef05e1215d7dfa236b5da26edf927a24fe,4C9A1,1,True,TEXT,identity,4.1109160520136356e-10,,,,within_numeric_and_curve_sampling_tolerance,source_Point_to_delivery_Point,4.1109160520136356e-10
IMB,cca99c03d04e9b714189c08ad854e48a382df973edf167d1afe74257bd8b9aa3,4CAEA,1,True,TEXT,identity,7.427004402280334e-10,,,,within_numeric_and_curve_sampling_tolerance,source_Point_to_delivery_Point,7.427004402280334e-10
IMB,cd07a4874846ebd5adfd18b682577bf7004e2d43c70c19613af33dde1e84fc1e,4CA2D,1,True,TEXT,identity,7.63989083516728e-11,,,,within_numeric_and_curve_sampling_tolerance,source_Point_to_delivery_Point,7.63989083516728e-11
IMB,cdf1545fbc0d3739000e2e0d3fb6700a4abd7d3c6e2a011373cd43a705037fa8,4CACA,1,True,TEXT,identity,7.427181207560262e-10,,,,within_numeric_and_curve_sampling_tolerance,source_Point_to_delivery_Point,7.427181207560262e-10
IMB,ce48d494ae8c1907fdc1dc934316e22fdd57379ba528b82e445569f36ba99f85,4C9BF,1,True,TEXT,identity,7.836446176420583e-11,,,,within_numeric_and_curve_sampling_tolerance,source_Point_to_delivery_Point,7.836446176420583e-11
IMB,cf1230b4ae2d0a5098bb73d028e4ff33a66a9effd820e8d1d136ec9c9e5489cc,4C9E3,1,True,TEXT,identity,8.605032372821277e-10,,,,within_numeric_and_curve_sampling_tolerance,source_Point_to_delivery_Point,8.605032372821277e-10
IMB,cf2585225a7b2c24b1168274670b1479ce4cb6b16ea499e096f7fd881bd794b8,4CAA4,1,True,TEXT,identity,5.2216798964776816e-11,,,,within_numeric_and_curve_sampling_tolerance,source_Point_to_delivery_Point,5.2216798964776816e-11
IMB,cf9df6ceb737860fd6cb25f7eecc78e186231ad8bcd63d12fd484b56a49dcf69,4CC20,1,True,TEXT,identity,1.0289757937229989e-10,,,,within_numeric_and_curve_sampling_tolerance,source_Point_to_delivery_Point,1.0289757937229989e-10
IMB,cf9f530120045378f9d96d5bee2affbc69b862994f047358d4ce535093ce4fb8,4CA99,1,True,TEXT,identity,4.665698955615924e-10,,,,within_numeric_and_curve_sampling_tolerance,source_Point_to_delivery_Point,4.665698955615924e-10
IMB,d00fe7649ff3addc4149dc329803689a20fae831faa7824440f2d81bb7023a68,4CA72,1,True,TEXT,identity,9.063241337897047e-10,,,,within_numeric_and_curve_sampling_tolerance,source_Point_to_delivery_Point,9.063241337897047e-10
IMB,d0ec478f42b05bdf08173b8a4c72a5d6c28cbb99760b6f9560fa9fdce3f85ed4,4CAF1,1,True,TEXT,identity,1.7695749790263354e-10,,,,within_numeric_and_curve_sampling_tolerance,source_Point_to_delivery_Point,1.7695749790263354e-10
IMB,d14030e3a72c3a26cec0c5da78c7c8b45965dd5e1b8aad131cd2612ac000a4b5,4CA34,1,True,TEXT,identity,4.1159031748919954e-10,,,,within_numeric_and_curve_sampling_tolerance,source_Point_to_delivery_Point,4.1159031748919954e-10
IMB,d1b2046d4b1a8c6f9b13ffd7443b628d9e97360cea878d62b7280bc06fd279d5,4CAA0,1,True,TEXT,identity,5.384208634495735e-10,,,,within_numeric_and_curve_sampling_tolerance,source_Point_to_delivery_Point,5.384208634495735e-10
IMB,d20882421d79b4798692caff42e82c50b4a9b89bb4400200b99bd4b2e10ce4cc,4CAE8,1,True,TEXT,identity,7.951794149250144e-10,,,,within_numeric_and_curve_sampling_tolerance,source_Point_to_delivery_Point,7.951794149250144e-10
IMB,d20d4e400a81b6ae612e0a8fbda92b132df121f3e8c4b8f92bea892859f27685,4CA64,1,True,TEXT,identity,2.510209495978226e-10,,,,within_numeric_and_curve_sampling_tolerance,source_Point_to_delivery_Point,2.510209495978226e-10
IMB,d2d737b0fdbe7d3c6305644ef9f27fd84a43b2b5091d230f74c7ad8c2c589847,4CAD9,1,True,TEXT,identity,1.382431946694851e-10,,,,within_numeric_and_curve_sampling_tolerance,source_Point_to_delivery_Point,1.382431946694851e-10
IMB,d3352fe00a766afd4097f7829387dd3e0dc32d42836fcd04ed55b67f953a3f64,4CAE1,1,True,TEXT,identity,4.511096012866483e-10,,,,within_numeric_and_curve_sampling_tolerance,source_Point_to_delivery_Point,4.511096012866483e-10
IMB,d3429d9af1ffcea6c444c9332c10f527aa4e7eab200d7f1507d6c764ba3a49c8,4CA77,1,True,TEXT,identity,3.2146231437763377e-10,,,,within_numeric_and_curve_sampling_tolerance,source_Point_to_delivery_Point,3.2146231437763377e-10
IMB,d3c36faccfd782929968b8ecd032fd345d5e7ebc337a2034d8492a018d4c81dc,4CA0A,1,True,TEXT,identity,4.702008444517866e-10,,,,within_numeric_and_curve_sampling_tolerance,source_Point_to_delivery_Point,4.702008444517866e-10
IMB,d4dd04b8097d793e4b79b80b607b55a42d33d7500243046c01515d03491ca555,4CA20,1,True,TEXT,identity,6.487604913851446e-11,,,,within_numeric_and_curve_sampling_tolerance,source_Point_to_delivery_Point,6.487604913851446e-11
IMB,d68c0fb5ee89dac3bdcffcc5aa109366c44d46a0d7ddcb8204d5db42fe3bc1c2,4CAC0,1,True,TEXT,identity,6.84558966100395e-10,,,,within_numeric_and_curve_sampling_tolerance,source_Point_to_delivery_Point,6.84558966100395e-10
IMB,d7b857d77be2959eda1ee6483c5b44b4cb418076b5247d02fce91d7c1a3f9dc0,4C9A9,1,True,TEXT,identity,8.840289670850457e-10,,,,within_numeric_and_curve_sampling_tolerance,source_Point_to_delivery_Point,8.840289670850457e-10
IMB,d7e76d3ebc4ca803d201500840aa6ab4b61acf94e6b8610d0c35bb424369a4a1,4C9CE,1,True,TEXT,identity,3.0701643597175015e-10,,,,within_numeric_and_curve_sampling_tolerance,source_Point_to_delivery_Point,3.0701643597175015e-10
IMB,d809e66710a9bd40e003afe5e8fd14ec7f45f274cf5f57c1e1ca46a4f57ce4cf,4CAB1,1,True,TEXT,identity,6.191408145097319e-10,,,,within_numeric_and_curve_sampling_tolerance,source_Point_to_delivery_Point,6.191408145097319e-10
IMB,d81268c6ff47a66715d19867fe72749a5b9b22a4433253277b90712a7c0c71f3,4CAA1,1,True,TEXT,identity,2.2021043624294626e-10,,,,within_numeric_and_curve_sampling_tolerance,source_Point_to_delivery_Point,2.2021043624294626e-10
IMB,d86ebd96a28bac68d8810dfaab19a42148e4d6b346171926ed2ac809ad81fd73,4C9A8,1,True,TEXT,identity,1.1647215137477994e-10,,,,within_numeric_and_curve_sampling_tolerance,source_Point_to_delivery_Point,1.1647215137477994e-10
IMB,d91d17db7c808fa89b8d7f6bc9d18c890113c54d324986d48f97cf78a18e5b38,4CA91,1,True,TEXT,identity,8.299856751350078e-10,,,,within_numeric_and_curve_sampling_tolerance,source_Point_to_delivery_Point,8.299856751350078e-10
IMB,da0fd1d11aff58630d246cfaab33c14cbed352b85d26632a30b30ffcc915fdc8,4C98F,1,True,TEXT,identity,1.3322234804300253e-10,,,,within_numeric_and_curve_sampling_tolerance,source_Point_to_delivery_Point,1.3322234804300253e-10
IMB,dadc33d08a75fcc4041d91c14355a4e7f4bef68bc938642b14cf6161251f55ff,4C990,1,True,TEXT,identity,4.584575061303655e-10,,,,within_numeric_and_curve_sampling_tolerance,source_Point_to_delivery_Point,4.584575061303655e-10
IMB,dc1f5f3b6918f2aa36ed30bd376be21f70502458cf4320c74529c6a77b578e07,4CA0D,1,True,TEXT,identity,5.210444265941285e-10,,,,within_numeric_and_curve_sampling_tolerance,source_Point_to_delivery_Point,5.210444265941285e-10
IMB,dc5dc8967ede506c87e5861b09c6104f7042213be807ffc983402cac3d1e03f4,4CAAF,1,True,TEXT,identity,1.7703168939037188e-10,,,,within_numeric_and_curve_sampling_tolerance,source_Point_to_delivery_Point,1.7703168939037188e-10
IMB,dc5fa5588697947455183135fd3c523b5ef2af3ae7ec6712f9e044dc9ec7b81c,4C9FC,1,True,TEXT,identity,7.480184776498657e-10,,,,within_numeric_and_curve_sampling_tolerance,source_Point_to_delivery_Point,7.480184776498657e-10
IMB,dd1dbcd0656f4b874dbb6d56e0287463014c4adbaba90a03e1a5bab6b3e7b9c3,4CA3C,1,True,TEXT,identity,1.8917489796876907e-10,,,,within_numeric_and_curve_sampling_tolerance,source_Point_to_delivery_Point,1.8917489796876907e-10
IMB,ddd562d664806d49c78632947c2a4e5eb26839d1af8b8a80ce7bca64819473d9,4D163,1,True,TEXT,identity,2.4011349128057345e-10,,,,within_numeric_and_curve_sampling_tolerance,source_Point_to_delivery_Point,2.4011349128057345e-10
IMB,de39bb45d1dbc3b589128bb848d097de80b05f42444624115f71e709ae524ef5,4C9F5,1,True,TEXT,identity,7.139482720338565e-10,,,,within_numeric_and_curve_sampling_tolerance,source_Point_to_delivery_Point,7.139482720338565e-10
IMB,de4083022d9bcdc76ca62231e016d3aa0ddf091553634d8292b51608ca137a5a,4CA3B,1,True,TEXT,identity,1.1658661424290736e-10,,,,within_numeric_and_curve_sampling_tolerance,source_Point_to_delivery_Point,1.1658661424290736e-10
IMB,de7770c6cc078c498ffb948224dbbe84c11d9189fa75ababeb73fac618462462,4CA04,1,True,TEXT,identity,6.227747952621908e-10,,,,within_numeric_and_curve_sampling_tolerance,source_Point_to_delivery_Point,6.227747952621908e-10
IMB,df5a24172bf4a1077471d6bce56df5a964e18378df4e1fc0b183a4c68b1a2245,4C9B8,1,True,TEXT,identity,2.6822577756913164e-10,,,,within_numeric_and_curve_sampling_tolerance,source_Point_to_delivery_Point,2.6822577756913164e-10
IMB,df67d8ca9830eb15268a451a5dd29f705780cfe5b183e279beca24cc32092e6b,4C9A0,1,True,TEXT,identity,6.638844100320228e-11,,,,within_numeric_and_curve_sampling_tolerance,source_Point_to_delivery_Point,6.638844100320228e-11
IMB,e025f91444d492f3bcf80d882042522fa8c5784b3fd1c0c34f01d518427c3252,4CA87,1,True,TEXT,identity,7.153788685824881e-10,,,,within_numeric_and_curve_sampling_tolerance,source_Point_to_delivery_Point,7.153788685824881e-10
IMB,e0525649319b000a2979bc6a682560955130e9ba447ac7c238287d4ee6158eb4,4CA1D,1,True,TEXT,identity,5.451267627750477e-10,,,,within_numeric_and_curve_sampling_tolerance,source_Point_to_delivery_Point,5.451267627750477e-10
IMB,e1185aa5f13d3d1cf4b84ff23d8dd5e7e51e0b88a8dd3d1a750301b41eca10c9,4C9D9,1,True,TEXT,identity,8.87666945412786e-10,,,,within_numeric_and_curve_sampling_tolerance,source_Point_to_delivery_Point,8.87666945412786e-10
IMB,e398a029ee7b5bbc788bec97c09520e497216ed5d3ce8861a826781bde5a757b,4CA75,1,True,TEXT,identity,8.605032372821277e-10,,,,within_numeric_and_curve_sampling_tolerance,source_Point_to_delivery_Point,8.605032372821277e-10
IMB,e3ac7ab3ec030c3a86cb0bef9428942f744530c7d7fcdad4e085cb4287286a17,4CAAB,1,True,TEXT,identity,4.810943284193211e-10,,,,within_numeric_and_curve_sampling_tolerance,source_Point_to_delivery_Point,4.810943284193211e-10
IMB,e3ed33ae4e13666b50f415cc66ec6393707e0bfad944a8881846fcca5dc174cf,4C98C,1,True,TEXT,identity,7.153788685824881e-10,,,,within_numeric_and_curve_sampling_tolerance,source_Point_to_delivery_Point,7.153788685824881e-10
IMB,e3f9c5b7174e5168485ee4fa39a734e16976bda1b2861bfa1ce6229917728acb,4C9DF,1,True,TEXT,identity,8.008679268917381e-10,,,,within_numeric_and_curve_sampling_tolerance,source_Point_to_delivery_Point,8.008679268917381e-10
IMB,e5c36c5c121ff4e822c665742a1092edf0778e44c3312509fcf6c21ac7583134,4CAD8,1,True,TEXT,identity,3.828011231370592e-10,,,,within_numeric_and_curve_sampling_tolerance,source_Point_to_delivery_Point,3.828011231370592e-10
IMB,e6ae659b49952af6a33f0680c4ca1b696bb474c3fc207993344b3e2442f4a362,4C9C0,1,True,TEXT,identity,8.117911479276221e-10,,,,within_numeric_and_curve_sampling_tolerance,source_Point_to_delivery_Point,8.117911479276221e-10
IMB,e6f37a057843c3a9910517ef1e8909639cf61503f69f900747f4ac812d30f2eb,4CA3F,1,True,TEXT,identity,8.04536489094962e-10,,,,within_numeric_and_curve_sampling_tolerance,source_Point_to_delivery_Point,8.04536489094962e-10
IMB,e6f53dec6272082823b775767d94eb19d85a63e8321d868ed536b145e69b1645,4CAC8,1,True,TEXT,identity,7.716001305097382e-10,,,,within_numeric_and_curve_sampling_tolerance,source_Point_to_delivery_Point,7.716001305097382e-10
IMB,e717424dc486a882b9afa514cad05f8cc0cadde7a45aecb99589cb4f31b34755,4C9B4,1,True,TEXT,identity,4.2663736291031594e-10,,,,within_numeric_and_curve_sampling_tolerance,source_Point_to_delivery_Point,4.2663736291031594e-10
IMB,ea06fed7711bbffb52850ffd670bdd288f7903d51a1a9d0c7e2642717256725a,4CA5A,1,True,TEXT,identity,7.009130540997893e-10,,,,within_numeric_and_curve_sampling_tolerance,source_Point_to_delivery_Point,7.009130540997893e-10
IMB,ea620ef9747853018f7f2f58012fed44efc61bd35b17f706c3fd6ac02b72467e,4CAAD,1,True,TEXT,identity,1.2010926974250547e-10,,,,within_numeric_and_curve_sampling_tolerance,source_Point_to_delivery_Point,1.2010926974250547e-10
IMB,eaafa2d1af02927eb2ef2603ad8757533660155909d9b118b5a481e7810d5cb8,4CA9F,1,True,TEXT,identity,1.0593954196200529e-10,,,,within_numeric_and_curve_sampling_tolerance,source_Point_to_delivery_Point,1.0593954196200529e-10
IMB,eace2f0188941c80611f137150f1bc4b57dd037f7ed3bffcab4d5052f137767c,4C9DC,1,True,TEXT,identity,1.1283692118969456e-10,,,,within_numeric_and_curve_sampling_tolerance,source_Point_to_delivery_Point,1.1283692118969456e-10
IMB,eb0ba51c98ef1691d4e3f43b7171703cdb3157b0e4f1dc4c3b7f324d320ce12b,4CA00,1,True,TEXT,identity,7.318126917397185e-10,,,,within_numeric_and_curve_sampling_tolerance,source_Point_to_delivery_Point,7.318126917397185e-10
IMB,eb4fdaecf2f98cc029c3c19b21dd858886cccd33cedd4061b78b975f37529c53,4C9BD,1,True,TEXT,identity,7.153788685824881e-10,,,,within_numeric_and_curve_sampling_tolerance,source_Point_to_delivery_Point,7.153788685824881e-10
IMB,eb5aa9cfa8199070b3e1bbae08f987e04b092b07f86f68a98198e534c12b24cf,4CAEC,1,True,TEXT,identity,9.094948154597588e-10,,,,within_numeric_and_curve_sampling_tolerance,source_Point_to_delivery_Point,9.094948154597588e-10
IMB,ec26b7c8f8fa9472963ff9e3735cb63d012fe05235f59ac945cef1ef0d11d519,4CA40,1,True,TEXT,identity,8.045199100771174e-10,,,,within_numeric_and_curve_sampling_tolerance,source_Point_to_delivery_Point,8.045199100771174e-10
IMB,ee0023e730dc6cc6a82df7a640af1750cee5aa62fa8f45f47db1b8c6fd73f3a0,4CA8C,1,True,TEXT,identity,3.35996751169398e-10,,,,within_numeric_and_curve_sampling_tolerance,source_Point_to_delivery_Point,3.35996751169398e-10
IMB,ef9b4eb783d7766a2d9fb8667c1b42606f8613c6be9ec320e7bd647aac8079ec,4CACF,1,True,TEXT,identity,8.242090939155561e-10,,,,within_numeric_and_curve_sampling_tolerance,source_Point_to_delivery_Point,8.242090939155561e-10
IMB,efe527291cf40e8df44e418f8078b7f68e192250de3fa221bc55e9e22e7a5725,4CA48,1,True,TEXT,identity,5.994172128898091e-10,,,,within_numeric_and_curve_sampling_tolerance,source_Point_to_delivery_Point,5.994172128898091e-10
IMB,f0543a18d320e2e68f4766e004d3653fc1c084dd21b10c9cb2e7a0a5745d0f54,4CA88,1,True,TEXT,identity,3.39640260127312e-10,,,,within_numeric_and_curve_sampling_tolerance,source_Point_to_delivery_Point,3.39640260127312e-10
IMB,f143962e147f52ddc7601bb2c885aed6436143f017019bed11ef994ac1b2c8e3,4CAC6,1,True,TEXT,identity,7.008754358967391e-10,,,,within_numeric_and_curve_sampling_tolerance,source_Point_to_delivery_Point,7.008754358967391e-10
IMB,f384327ea70af2734f31a6ba91c73a21ab11872eb97d56cacb28fbc7173feeba,4C9D7,1,True,TEXT,identity,2.955857780762017e-11,,,,within_numeric_and_curve_sampling_tolerance,source_Point_to_delivery_Point,2.955857780762017e-11
IMB,f3b14641edd78c2c919db67da83d0e35d0e6fd6dc0f1fa2737fed208a693c1db,4CA18,1,True,TEXT,identity,5.791703393670154e-10,,,,within_numeric_and_curve_sampling_tolerance,source_Point_to_delivery_Point,5.791703393670154e-10
IMB,f49aa6696c6f0e629e91774e9a15a25ecc57203dcc877a5c05093d1eca06823b,4CA1E,1,True,TEXT,identity,8.408769158505471e-10,,,,within_numeric_and_curve_sampling_tolerance,source_Point_to_delivery_Point,8.408769158505471e-10
IMB,f4b11945994afa7a59e6828b6d8df0bb1e498dd4d7f8caf644066f3f16af5918,4C9BC,1,True,TEXT,identity,2.2381701878143975e-10,,,,within_numeric_and_curve_sampling_tolerance,source_Point_to_delivery_Point,2.2381701878143975e-10
IMB,f4b7c53edbec937f8c3c8cf76635f53e581f680a4200f345c698cea1414a631f,4CA97,1,True,TEXT,identity,4.656615093522912e-10,,,,within_numeric_and_curve_sampling_tolerance,source_Point_to_delivery_Point,4.656615093522912e-10
IMB,f6027dd46d1721fbab00f24ff1a271a50f23a4e575a6950f9744f74e010b80e6,4CA12,1,True,TEXT,identity,2.968019988383623e-10,,,,within_numeric_and_curve_sampling_tolerance,source_Point_to_delivery_Point,2.968019988383623e-10
IMB,f614d595294e7bd5ebf62860485f2314b4fbd4b7d6cf1b74cae176cf422dbadc,4CAAC,1,True,TEXT,identity,8.731267560006302e-11,,,,within_numeric_and_curve_sampling_tolerance,source_Point_to_delivery_Point,8.731267560006302e-11
IMB,f6b25e14a5f2b7bef5453907b27dbcf05189a857138bead20133bc23dad778f4,4CAE9,1,True,TEXT,identity,9.331397911231848e-10,,,,within_numeric_and_curve_sampling_tolerance,source_Point_to_delivery_Point,9.331397911231848e-10
IMB,f83cb5724360aec1cdb561c98c09c757d40741dd5b86a70cf2278673340c26db,4CA16,1,True,TEXT,identity,3.576523590376557e-10,,,,within_numeric_and_curve_sampling_tolerance,source_Point_to_delivery_Point,3.576523590376557e-10
IMB,fa27b3bb6fa64b118bdb726348c0e9d2530f48288294c4ef1d85e7fea0c8c8d0,4CA38,1,True,TEXT,identity,6.827876633587387e-10,,,,within_numeric_and_curve_sampling_tolerance,source_Point_to_delivery_Point,6.827876633587387e-10
IMB,fa30558c8330970780547b2033b70ce7d38c10268aeebad2b78910c08efc67f4,4C9D0,1,True,TEXT,identity,4.002035058636793e-11,,,,within_numeric_and_curve_sampling_tolerance,source_Point_to_delivery_Point,4.002035058636793e-11
IMB,fbff635a5f02a5bd798d63c0f08530b55ec1fa5a4ddef00a0220d32991903540,4CA14,1,True,TEXT,identity,1.4313565665782418e-10,,,,within_numeric_and_curve_sampling_tolerance,source_Point_to_delivery_Point,1.4313565665782418e-10
IMB,fc1157a16053539fabdd75d2d500ff9f11295b9e7eb6e3dde0ebf6155d64d475,4C99C,1,True,TEXT,identity,4.847532106229079e-10,,,,within_numeric_and_curve_sampling_tolerance,source_Point_to_delivery_Point,4.847532106229079e-10
IMB,fd08dd0237b252e4801057d09e876d677fdd430c69ff3710bb0564d4fac73b93,4CA13,1,True,TEXT,identity,4.5207673585338894e-10,,,,within_numeric_and_curve_sampling_tolerance,source_Point_to_delivery_Point,4.5207673585338894e-10
IMB,fdde568ea0d2257660c33fd57b8f891c9e124e468287e1aa2dcca8b34eec934a,4CA29,1,True,TEXT,identity,9.16770772171666e-10,,,,within_numeric_and_curve_sampling_tolerance,source_Point_to_delivery_Point,9.16770772171666e-10
IMB,ff96c2a55f7e821efc515341b86c3fcedb52f95f5d985982719b6225a9dd6ec1,4C9D3,1,True,TEXT,identity,6.682898744778576e-10,,,,within_numeric_and_curve_sampling_tolerance,source_Point_to_delivery_Point,6.682898744778576e-10
INFRASTRUCTURE,01bdb777ec3eadbedc6305c9e2250934abcfe7581031fbb4b1efe410c06bdcb2,4D17B,1,True,LWPOLYLINE,identity,7.574474784448702e-10,1904.6732374455955,1904.673237446183,-5.875335773453116e-10,within_numeric_and_curve_sampling_tolerance,source_LineString_to_delivery_LineString,
INFRASTRUCTURE,178a9f03a8940d57872f7066ed1f9184c2ac98d8b53dc3f1d19785b27ed2e96c,4DA14,1,True,LWPOLYLINE,identity,8.42113638903126e-10,44.35796724451211,44.35796724440892,1.0319212151443935e-10,within_numeric_and_curve_sampling_tolerance,source_LineString_to_delivery_LineString,
INFRASTRUCTURE,222ab2b9fb1304b9de7299557d69d2b5458a9a488b4f2297da650e8db0c76e94,4DA15,1,True,LWPOLYLINE,identity,8.296118583228544e-10,42.735777983316325,42.73577798302031,2.9601210371765774e-10,within_numeric_and_curve_sampling_tolerance,source_LineString_to_delivery_LineString,
INFRASTRUCTURE,232d65fef066ae0a09812c10303a751dfa9da1259ea7c28fa88ab04285a5a141,4D9D1,1,True,LWPOLYLINE,identity,9.023930395006966e-10,48.132179078077996,48.13217907807753,4.689582056016661e-13,within_numeric_and_curve_sampling_tolerance,source_LineString_to_delivery_LineString,
INFRASTRUCTURE,35469a5bef08ad4dd30a19af1eb6650fdb6fb06b630bfef04e0a6734c1e2203e,4D9EC,1,True,LWPOLYLINE,identity,3.959593581458845e-10,83.00853534627448,83.00853534634138,-6.689049314445583e-11,within_numeric_and_curve_sampling_tolerance,source_LineString_to_delivery_LineString,
INFRASTRUCTURE,4f96937e12c937768ba8304931d50fe3ef81e67bc0f2b3862d94943f1638603a,4D9F7,1,True,LWPOLYLINE,identity,7.588658328025647e-10,30.86275402366903,30.86275402504583,-1.3768008955139521e-09,within_numeric_and_curve_sampling_tolerance,source_LineString_to_delivery_LineString,
INFRASTRUCTURE,58fc5d822e45aac359fb7809bbb4a8614e3126184a0b989313d4ad0594da20fc,4DA10,1,True,LWPOLYLINE,identity,8.483533351162048e-10,33.27652959818439,33.27652959766663,5.177582806936698e-10,within_numeric_and_curve_sampling_tolerance,source_LineString_to_delivery_LineString,
INFRASTRUCTURE,627180c618ff5857790e26f46f1389c2cfc8791964ae4cc993ca7519fbe2e82f,4D9F0,1,True,LWPOLYLINE,bridge_cable_endpoint_to_pole|identity,0.6200978405504429,56.33613751412329,55.728794391283465,0.6073431228398221,explicit_derived_displacement,source_LineString_to_delivery_LineString,
INFRASTRUCTURE,63096167f95e6980cda30582ae8832cf8c0082cfa25c8c903c8f8745e37308ff,4D9F5,1,True,LWPOLYLINE,identity,8.258874204054265e-10,40.08559136209621,40.08559136091095,1.1852563375214231e-09,within_numeric_and_curve_sampling_tolerance,source_LineString_to_delivery_LineString,
INFRASTRUCTURE,9cff6c995d9cee0d327c5fdbaea4ebc376f1ef0b45e623a8cea1f1d270745976,4D9D0,1,True,LWPOLYLINE,identity,8.922861505549046e-10,87.82297977161724,87.82297977153712,8.01207988843089e-11,within_numeric_and_curve_sampling_tolerance,source_LineString_to_delivery_LineString,
INFRASTRUCTURE,ae6f639f41abfca754e53050cb1af24436742ee1b097d86c36007fad9e646b4b,4DA12,1,True,LWPOLYLINE,identity,7.359605051221992e-10,48.56355522342616,48.56355522346917,-4.3016257222916465e-11,within_numeric_and_curve_sampling_tolerance,source_LineString_to_delivery_LineString,
INFRASTRUCTURE,be451527260a715eec619adad88c17cf8777177bb86ab07fe15362b8b4a207b3,4D17D,1,True,LWPOLYLINE,identity,7.891229351722539e-10,1471.202255025329,1471.2022550253757,-4.6838977141305804e-11,within_numeric_and_curve_sampling_tolerance,source_LineString_to_delivery_LineString,
INFRASTRUCTURE,c1c49f1927ac2554e1ec59dd78ab37abbfd95b1f4987cd57eb12758a04c67fbd,4D9EB,1,True,LWPOLYLINE,identity,3.531475524111804e-10,55.61324509985138,55.61324509992636,-7.497646947740577e-11,within_numeric_and_curve_sampling_tolerance,source_LineString_to_delivery_LineString,
INFRASTRUCTURE,cf6010efe3ccb0f165fa1d135e96f21fdfb51fc924a0325c4ffaefd9f18eb0f8,4DA17,1,True,LWPOLYLINE,identity,4.0032646752178875e-10,103.41410517909631,103.41410517909068,5.6274984672199935e-12,within_numeric_and_curve_sampling_tolerance,source_LineString_to_delivery_LineString,
INFRASTRUCTURE,d1e7b6e2be228d8b5d18074adfb11d1fcf3bd22e19aca911a30742fe14301c40,4DA16,1,True,LWPOLYLINE,identity,6.191408145097319e-10,64.30159026929687,64.30159026873129,5.655778068103245e-10,within_numeric_and_curve_sampling_tolerance,source_LineString_to_delivery_LineString,
INFRASTRUCTURE,d6e00e55ee91879f017340e6107698baf897ef4c4cbc36b523ececcc00b6fd41,4DA11,1,True,LWPOLYLINE,identity,3.7471181713044643e-10,50.456284213414655,50.45628421295671,4.5794479319738457e-10,within_numeric_and_curve_sampling_tolerance,source_LineString_to_delivery_LineString,
INFRASTRUCTURE,e7a622e9fcb6ac819a6df4ee51a105cf43870cb1768151ca927929a6978d595a,4D17C,1,True,LWPOLYLINE,identity,8.42113638903126e-10,576.9290428597686,576.9290428578839,1.8847003957489505e-09,within_numeric_and_curve_sampling_tolerance,source_LineString_to_delivery_LineString,
PTECH,00faf1ef7bd06b21d619ba95fafbaecd72e4b53c18444cf2e8a1464b46e5f2ba,4CDAD,1,True,INSERT,identity,7.904321339281797e-10,,,,within_numeric_and_curve_sampling_tolerance,source_Point_to_delivery_Point,7.904321339281797e-10
PTECH,03664260abbf3aeadc84b3ae586db243a74ca6b19dc1142dc540af643e3c16c2,4D0B5,1,True,INSERT,identity,6.077509076245437e-10,,,,within_numeric_and_curve_sampling_tolerance,source_Point_to_delivery_Point,6.077509076245437e-10
PTECH,056dd8228494ff29665ee38db9572434cc73d4af200810d53656d8d36caf7b13,4CFBD,1,True,INSERT,identity,7.615898144816427e-11,,,,within_numeric_and_curve_sampling_tolerance,source_Point_to_delivery_Point,7.615898144816427e-11
PTECH,058a9ccedc5f0c14977ca1cc6ef3da29888d40d11a7c5da22e5c16f2863dfb44,4CE75,1,True,INSERT,identity,5.501790852000674e-10,,,,within_numeric_and_curve_sampling_tolerance,source_Point_to_delivery_Point,5.501790852000674e-10
PTECH,05aaea4c66c55854977f8280e15da8d9e01897f84f7e44714af6664a38df0926,4D015,1,True,INSERT,identity,5.895321926496297e-10,,,,within_numeric_and_curve_sampling_tolerance,source_Point_to_delivery_Point,5.895321926496297e-10
PTECH,0a50f7d396d3015e88e969554339a84cea711e762dad231b298515b1d8ca396a,4CDF5,1,True,INSERT,identity,3.319655661471188e-11,,,,within_numeric_and_curve_sampling_tolerance,source_Point_to_delivery_Point,3.319655661471188e-11
PTECH,0b24d7f29787d8705f35c40f7cc225218386538b6bf15441e3f6d7058f07017e,4D05D,1,True,INSERT,identity,5.319416734399926e-10,,,,within_numeric_and_curve_sampling_tolerance,source_Point_to_delivery_Point,5.319416734399926e-10
PTECH,0cd5e29dad41beae266fdf3cbaa2b0a4b245544d6cf2c88a7a184d2be14015c0,4D045,1,True,INSERT,identity,3.10594770977208e-10,,,,within_numeric_and_curve_sampling_tolerance,source_Point_to_delivery_Point,3.10594770977208e-10
PTECH,0da39c2c0c1df962312b05ba79d7be3ea4df6beddda76e95ea133809e2a67bd4,4D0DD,1,True,INSERT,identity,8.151148063419691e-11,,,,within_numeric_and_curve_sampling_tolerance,source_Point_to_delivery_Point,8.151148063419691e-11
PTECH,0fbaf619b1f8aeb6d79855060d88695b511acd8e47ce3f9c663087a5bbd65072,4D0F5,1,True,INSERT,identity,6.08950172279309e-10,,,,within_numeric_and_curve_sampling_tolerance,source_Point_to_delivery_Point,6.08950172279309e-10
PTECH,10482e33944382f787b41fc25d83418cfe90e3ab0bbabf12d395b8fec7580e87,4CF8D,1,True,INSERT,identity,6.417708084685712e-10,,,,within_numeric_and_curve_sampling_tolerance,source_Point_to_delivery_Point,6.417708084685712e-10
PTECH,10c51158710003bb79b5878ea0bcd4381bb833f68505be119084e4466f1de896,4D180,1,True,INSERT,identity,7.203831039210986e-10,,,,within_numeric_and_curve_sampling_tolerance,source_Point_to_delivery_Point,7.203831039210986e-10
PTECH,10d19c2d578a9c2c02b4f8dd63bb3c99ce7f507b61569154336b727259a41d7d,4CF45,1,True,INSERT,identity,2.9578020607548847e-10,,,,within_numeric_and_curve_sampling_tolerance,source_Point_to_delivery_Point,2.9578020607548847e-10
PTECH,135950bf6bb43781eb54fe4480b1b194b948c0009b21893bafbcf9bf4adf4364,4CDCD,1,True,INSERT,identity,2.1846812432094e-10,,,,within_numeric_and_curve_sampling_tolerance,source_Point_to_delivery_Point,2.1846812432094e-10
PTECH,14b5e24d0e332103faf87ddfa5f45e85e97c9ae7defc8345b7fafabc548dae7c,4CFB5,1,True,INSERT,identity,6.641741907538694e-10,,,,within_numeric_and_curve_sampling_tolerance,source_Point_to_delivery_Point,6.641741907538694e-10
PTECH,16862d1fc40a5245e2bd3795512247e58cc047b5eb1143056e12392f85c4d8b1,4CF9D,1,True,INSERT,identity,7.715110126406545e-10,,,,within_numeric_and_curve_sampling_tolerance,source_Point_to_delivery_Point,7.715110126406545e-10
PTECH,1acb21efc8c7b4625f92834c96cf4615915687449fcb44c145d87b9dd7739b45,4CF05,1,True,INSERT,identity,5.676385515133368e-10,,,,within_numeric_and_curve_sampling_tolerance,source_Point_to_delivery_Point,5.676385515133368e-10
PTECH,1d840fef5cc33373c5d3b1349be95a8a1722f210ca5aebcf9418d38be7c26132,4CDB5,1,True,INSERT,identity,2.910738295359853e-11,,,,within_numeric_and_curve_sampling_tolerance,source_Point_to_delivery_Point,2.910738295359853e-11
PTECH,1e540679670a35c6e42651d7e4f375dfc1c5a02fa0533aeffc706ee9e94e0e4d,4D0A5,1,True,INSERT,identity,4.6282826204671454e-10,,,,within_numeric_and_curve_sampling_tolerance,source_Point_to_delivery_Point,4.6282826204671454e-10
PTECH,1e811b6706553ef013307643759aea6f36aa82c6d1c5a595180ec1edb900b40e,4D0BD,1,True,INSERT,identity,7.463533190305448e-10,,,,within_numeric_and_curve_sampling_tolerance,source_Point_to_delivery_Point,7.463533190305448e-10
PTECH,2101208061d379ac0d3ffea40610b84d19ca905d1e4e90d4b98a01f571adf61d,4CFF5,1,True,INSERT,identity,4.765057915947674e-10,,,,within_numeric_and_curve_sampling_tolerance,source_Point_to_delivery_Point,4.765057915947674e-10
PTECH,24e2986dd77d066e41c0414ad6a7e50f3d513f24f5e6f13d746607df37b49df3,4D005,1,True,INSERT,identity,1.2183240827794822e-10,,,,within_numeric_and_curve_sampling_tolerance,source_Point_to_delivery_Point,1.2183240827794822e-10
PTECH,25cdf4647500d8d8b7c80e8250e95472f2ccac2671afb871e385d8d1b052e5ae,4CE2D,1,True,INSERT,identity,5.215014386534659e-10,,,,within_numeric_and_curve_sampling_tolerance,source_Point_to_delivery_Point,5.215014386534659e-10
PTECH,2925518518b7395f4b5377cfc7e712abd785320d24cb48f428ae544715521f77,4D075,1,True,INSERT,identity,5.989961727214367e-10,,,,within_numeric_and_curve_sampling_tolerance,source_Point_to_delivery_Point,5.989961727214367e-10
PTECH,2993b488d7054eb69ab0ca5b3caf7ed39d718090997c758b96574aa0e26b8260,4D09D,1,True,INSERT,identity,1.1812232038249364e-10,,,,within_numeric_and_curve_sampling_tolerance,source_Point_to_delivery_Point,1.1812232038249364e-10
PTECH,2bc1f091707623836c03a63966efa022e4c8c51a49959353fd91f5c114466654,4CE05,1,True,INSERT,identity,3.4864652272727537e-10,,,,within_numeric_and_curve_sampling_tolerance,source_Point_to_delivery_Point,3.4864652272727537e-10
PTECH,2c06743c718214e5c7e5b750943e9663534b5357c87e9751bca7a918e9414721,4CEAD,1,True,INSERT,identity,7.870151476812293e-10,,,,within_numeric_and_curve_sampling_tolerance,source_Point_to_delivery_Point,7.870151476812293e-10
PTECH,2f5b062df05bd4677b4d5876b5298dbbe1b28f4456fa64351c26ff4b8f071892,4CEED,1,True,INSERT,identity,1.3961928631309427e-10,,,,within_numeric_and_curve_sampling_tolerance,source_Point_to_delivery_Point,1.3961928631309427e-10
PTECH,325e5c900cd7e281b026115865b8486264af092ec2949e1c6e2d36118d19b522,4D133,1,True,INSERT,identity,3.6575061150796983e-10,,,,within_numeric_and_curve_sampling_tolerance,source_Point_to_delivery_Point,3.6575061150796983e-10
PTECH,3347475760c972163baf931d2ac5e110384f49d411d7a2483d42c52cf6599ee7,4CEDD,1,True,INSERT,identity,8.382020064872896e-10,,,,within_numeric_and_curve_sampling_tolerance,source_Point_to_delivery_Point,8.382020064872896e-10
PTECH,34f109935747d96f0ad66f1613b30f9fb378d94285dc4d81cd35253ce52205cf,4D0AD,1,True,INSERT,identity,9.771990476082798e-11,,,,within_numeric_and_curve_sampling_tolerance,source_Point_to_delivery_Point,9.771990476082798e-11
PTECH,35acc1429d55e6009385ab8d976b863b4310c4f57f03865e891dc8371c37a34c,4CDDD,1,True,INSERT,identity,8.088349921590266e-10,,,,within_numeric_and_curve_sampling_tolerance,source_Point_to_delivery_Point,8.088349921590266e-10
PTECH,35dca2841bf4e134999cbf5dcba3068e93d91f5e0e99acbbb00d218ab1b90cf0,4CF7D,1,True,INSERT,identity,4.537749709316836e-10,,,,within_numeric_and_curve_sampling_tolerance,source_Point_to_delivery_Point,4.537749709316836e-10
PTECH,36dfd9717f6116ac7619eb869c6bf8fc016688db8a1659ba13aba257f8737741,4CECD,1,True,INSERT,identity,3.2076680319859476e-10,,,,within_numeric_and_curve_sampling_tolerance,source_Point_to_delivery_Point,3.2076680319859476e-10
PTECH,4601aa54c2a703be69cb0ee659870fb3686872a1a3f9f70a4ffafe70f70e80be,4CDFD,1,True,INSERT,identity,3.53113587300522e-10,,,,within_numeric_and_curve_sampling_tolerance,source_Point_to_delivery_Point,3.53113587300522e-10
PTECH,472a7352171f172c7ec6a614a5d95351c2b1999f7c0089290114883d13e55910,4CE5D,1,True,INSERT,identity,6.500183511964e-11,,,,within_numeric_and_curve_sampling_tolerance,source_Point_to_delivery_Point,6.500183511964e-11
PTECH,47b12f210bab8b837ca3ca8e499aa98a8f62e7b14a3fb865c35fa739b565e463,4CDBD,1,True,INSERT,identity,7.276099721342827e-11,,,,within_numeric_and_curve_sampling_tolerance,source_Point_to_delivery_Point,7.276099721342827e-11
PTECH,499a5824ca551393069c6db8e3df01fce8e6fe94fa82a849adbf39b4b8e3900b,4CDE5,1,True,INSERT,identity,6.986531167469623e-10,,,,within_numeric_and_curve_sampling_tolerance,source_Point_to_delivery_Point,6.986531167469623e-10
PTECH,4beed44e1e446d623d4cbd15b00030292d97b3cf25bfd641432335277689d73d,4CEBD,1,True,INSERT,identity,2.004935636064832e-10,,,,within_numeric_and_curve_sampling_tolerance,source_Point_to_delivery_Point,2.004935636064832e-10
PTECH,4db70d49612438b951a44bb479ba6de8b9c6ab586af59fa68bb51795c02afddc,4CFD5,1,True,INSERT,identity,4.293778332055219e-10,,,,within_numeric_and_curve_sampling_tolerance,source_Point_to_delivery_Point,4.293778332055219e-10
PTECH,4f9047cd685926ff6328346644964de784f4a45568a75998624c856f32a9941e,4D0ED,1,True,INSERT,identity,3.8672245183023367e-10,,,,within_numeric_and_curve_sampling_tolerance,source_Point_to_delivery_Point,3.8672245183023367e-10
PTECH,4fb0bb322b38a717bc455a0b6399a845805aa54d25d894b4b06ec554703f7740,4D154,1,True,INSERT,identity,8.483533351162048e-10,,,,within_numeric_and_curve_sampling_tolerance,source_Point_to_delivery_Point,8.483533351162048e-10
PTECH,507143d6a277403c2fe563ad4988f766c4ac1c0e070bd27739c2d84b18837653,4CFE5,1,True,INSERT,identity,4.5112793749140594e-10,,,,within_numeric_and_curve_sampling_tolerance,source_Point_to_delivery_Point,4.5112793749140594e-10
PTECH,519fccca7d15c845e917acc57bc097edf9a81b3cd4d41c2d7f99adddaf0d1ad7,4D065,1,True,INSERT,identity,7.603723830795436e-10,,,,within_numeric_and_curve_sampling_tolerance,source_Point_to_delivery_Point,7.603723830795436e-10
PTECH,52b35319ed6b9bb01a6cbff13df542b8eb64a51a595bfe6a53da47ac3920ee42,4CED5,1,True,INSERT,identity,3.9191096547723234e-10,,,,within_numeric_and_curve_sampling_tolerance,source_Point_to_delivery_Point,3.9191096547723234e-10
PTECH,545b6d055dd4e03378a884607ef87f9eac32b25632cd1eef25ad1c40f3886f5e,4D04D,1,True,INSERT,identity,7.423383841057628e-10,,,,within_numeric_and_curve_sampling_tolerance,source_Point_to_delivery_Point,7.423383841057628e-10
PTECH,5869c96a0a359e5936abb5853b1aded4983e5e37395e54cd75a677dc15410b53,4D0FD,1,True,INSERT,identity,3.8857063497603934e-10,,,,within_numeric_and_curve_sampling_tolerance,source_Point_to_delivery_Point,3.8857063497603934e-10
PTECH,59389e5715a4dfe673bb599b320f5cbf86ac3d632440f54f71b808aa6abd44cc,4CE95,1,True,INSERT,identity,4.2933568975391487e-10,,,,within_numeric_and_curve_sampling_tolerance,source_Point_to_delivery_Point,4.2933568975391487e-10
PTECH,5db49da8d50c28c5100eeef7513c7e32d83e313215e60fc75df367e29ee3a2df,4CE8D,1,True,INSERT,identity,8.309118906800588e-10,,,,within_numeric_and_curve_sampling_tolerance,source_Point_to_delivery_Point,8.309118906800588e-10
PTECH,6922b819cb2c574c4925e41fbf5d4fae593dbc146ff8b32517c614ecf955ed62,4CEC5,1,True,INSERT,identity,8.122556596123506e-10,,,,within_numeric_and_curve_sampling_tolerance,source_Point_to_delivery_Point,8.122556596123506e-10
PTECH,6c47921eb3f09d86a9c542812d0fcc93f85c313fecd244158093d78d6f6bfaca,4D11B,1,True,INSERT,identity,7.802214945962958e-10,,,,within_numeric_and_curve_sampling_tolerance,source_Point_to_delivery_Point,7.802214945962958e-10
PTECH,74dc9646e2e7ccd27e44aff7bdd37aae1fa6af9f094c63ca004e0bcfb4e5b3b9,4CEB5,1,True,INSERT,identity,3.4561546599000114e-10,,,,within_numeric_and_curve_sampling_tolerance,source_Point_to_delivery_Point,3.4561546599000114e-10
PTECH,7a77d73788bed0d6ecf88f2bdd37741c324ff91176aaecf44f6cc1f2eada48a4,4CF4D,1,True,INSERT,identity,5.968059603593393e-10,,,,within_numeric_and_curve_sampling_tolerance,source_Point_to_delivery_Point,5.968059603593393e-10
PTECH,7e69d3805318f95fac6b3a2ab0a1dcdf25cd06bbe75e95c430a1b24adb7133e3,4CDC5,1,True,INSERT,identity,4.067383956680332e-11,,,,within_numeric_and_curve_sampling_tolerance,source_Point_to_delivery_Point,4.067383956680332e-11
PTECH,81128fb4fd393b9ef2b8491a5cb8ce68e352fbf1928291598b70cd65cab42600,4CFAD,1,True,INSERT,identity,6.591170288445369e-11,,,,within_numeric_and_curve_sampling_tolerance,source_Point_to_delivery_Point,6.591170288445369e-11
PTECH,8303fc91a452d4ae041cdd69553e77de43853b64f3edcfbd4075b1498658a42b,4CE7D,1,True,INSERT,identity,6.36650351472307e-10,,,,within_numeric_and_curve_sampling_tolerance,source_Point_to_delivery_Point,6.36650351472307e-10
PTECH,87d721ed1cef9f189a71c4c758e64fcddb73d2a401056ea614bf23dc00ff6a9f,4D085,1,True,INSERT,identity,1.4567325845737272e-10,,,,within_numeric_and_curve_sampling_tolerance,source_Point_to_delivery_Point,1.4567325845737272e-10
PTECH,8947a9aa95b278b892843b1b4bf76062727cc3dfb98a7acd3bccdfe468820857,4CE1D,1,True,INSERT,identity,8.62294991649561e-10,,,,within_numeric_and_curve_sampling_tolerance,source_Point_to_delivery_Point,8.62294991649561e-10
PTECH,8a8c5817c64ffcc36a17b4bbc50173bb32d91ed7008be20799151cb4693aa7c0,4D02D,1,True,INSERT,identity,6.158938030067498e-10,,,,within_numeric_and_curve_sampling_tolerance,source_Point_to_delivery_Point,6.158938030067498e-10
PTECH,8ae38bcd80e7ef7be41ced1f92461afd8bce4f8e736c76bb12bc46760eead195,4CE0D,1,True,INSERT,identity,7.982577797634846e-10,,,,within_numeric_and_curve_sampling_tolerance,source_Point_to_delivery_Point,7.982577797634846e-10
PTECH,8f969d4a798ca234f400b2b65cf746090c7083459e5c0d22989d9d162365a913,4D172,1,True,INSERT,identity,2.6174650758836214e-11,,,,within_numeric_and_curve_sampling_tolerance,source_Point_to_delivery_Point,2.6174650758836214e-11
PTECH,916196a680980449bc9aa59ebf51688159801fd7bf6d7f7b2e0ca2a9a06cc34b,4CE55,1,True,INSERT,identity,8.922861505549046e-10,,,,within_numeric_and_curve_sampling_tolerance,source_Point_to_delivery_Point,8.922861505549046e-10
PTECH,92f23bc0a4e9025014d21eb15fce57c8ab8934a6406d98e44415e93fb6d24903,4D0D5,1,True,INSERT,identity,1.9366899002061348e-10,,,,within_numeric_and_curve_sampling_tolerance,source_Point_to_delivery_Point,1.9366899002061348e-10
PTECH,94c4b037e2674a03e863e50ebc2ea772dcf16e2491936afeb4fc9219c8f9c8a3,4CDED,1,True,INSERT,identity,7.096275220883032e-10,,,,within_numeric_and_curve_sampling_tolerance,source_Point_to_delivery_Point,7.096275220883032e-10
PTECH,95168d62417e0ec94cb606e10d64db5675e7e3b1c60dc09b6239960070b7f3f5,4CE4D,1,True,INSERT,identity,3.721092289272797e-10,,,,within_numeric_and_curve_sampling_tolerance,source_Point_to_delivery_Point,3.721092289272797e-10
PTECH,95b1cd5b5285a0e642b5342344f36d9781507ac2403fe2614868ba9caba871c2,4CEFD,1,True,INSERT,identity,8.258874204054265e-10,,,,within_numeric_and_curve_sampling_tolerance,source_Point_to_delivery_Point,8.258874204054265e-10
PTECH,970a8d93d12b5b3917fc0188152e7f093933a46fcfa7211d53e115a78db1602f,4CF95,1,True,INSERT,identity,7.931087137366336e-10,,,,within_numeric_and_curve_sampling_tolerance,source_Point_to_delivery_Point,7.931087137366336e-10
PTECH,983361d01fd2cddb915460152739ca5c96e5f31b9c11a8d09753095a699c1186,4CE15,1,True,INSERT,identity,1.85631077012679e-10,,,,within_numeric_and_curve_sampling_tolerance,source_Point_to_delivery_Point,1.85631077012679e-10
PTECH,9a50b190189226dafff15dacf34fcbcd0fac7e3d157806892fe6c1930455274e,4D08D,1,True,INSERT,identity,2.8742335002030714e-10,,,,within_numeric_and_curve_sampling_tolerance,source_Point_to_delivery_Point,2.8742335002030714e-10
PTECH,9d03f13a3ecfa898ed80c0caf268386dec48e25e5a7579ff405efc6b37d127db,4CF0D,1,True,INSERT,identity,3.433026269584248e-10,,,,within_numeric_and_curve_sampling_tolerance,source_Point_to_delivery_Point,3.433026269584248e-10
PTECH,9d6a93cb81698773c08045d138cb16ae85b1a427ceedfc44547c47b73bb2224e,4CE35,1,True,INSERT,identity,2.2593988385907144e-10,,,,within_numeric_and_curve_sampling_tolerance,source_Point_to_delivery_Point,2.2593988385907144e-10
PTECH,9f95a7b5145b207979197ceee329b4ed8af112c9ff4b1cfbaa42a2c609cbe686,4CFC5,1,True,INSERT,identity,7.787399344869098e-10,,,,within_numeric_and_curve_sampling_tolerance,source_Point_to_delivery_Point,7.787399344869098e-10
PTECH,a04c3a3707367293567f36b6dd9db2829bfbc006c4ae1e10d2e690b25fd68829,4CE3D,1,True,INSERT,identity,4.226423444870725e-10,,,,within_numeric_and_curve_sampling_tolerance,source_Point_to_delivery_Point,4.226423444870725e-10
PTECH,a19be05728d51eeff443b0170f2d9d10377eaa00fd2897c73632d3daa3575936,4CF5D,1,True,INSERT,identity,8.742748148178457e-10,,,,within_numeric_and_curve_sampling_tolerance,source_Point_to_delivery_Point,8.742748148178457e-10
PTECH,a419ad2d416ff9136b5f974ecba4e274589cac865709112dd3a94e311f754a6e,4CE45,1,True,INSERT,identity,5.789791053168436e-10,,,,within_numeric_and_curve_sampling_tolerance,source_Point_to_delivery_Point,5.789791053168436e-10
PTECH,a5d9126206f5b9afa8af53f0bd074006c631322443db7320006061167990645f,4CF85,1,True,INSERT,identity,4.4634604980012044e-10,,,,within_numeric_and_curve_sampling_tolerance,source_Point_to_delivery_Point,4.4634604980012044e-10
PTECH,a696e1a83f99797fd3a1c32bd3933b3f25b8fd0bc46448ce13eb1285bb3e41b0,4CF75,1,True,INSERT,identity,3.30560976097081e-10,,,,within_numeric_and_curve_sampling_tolerance,source_Point_to_delivery_Point,3.30560976097081e-10
PTECH,a7b50008e188489edc02626aba918eb65e419bee2eed1ffea1d9968f77063151,4CF65,1,True,INSERT,identity,7.433516968646816e-10,,,,within_numeric_and_curve_sampling_tolerance,source_Point_to_delivery_Point,7.433516968646816e-10
PTECH,ab40ba9a770b0b18665c522f3eedb9641cce5df0f30886368f31558bbae50434,4CE25,1,True,INSERT,identity,9.023930395006966e-10,,,,within_numeric_and_curve_sampling_tolerance,source_Point_to_delivery_Point,9.023930395006966e-10
PTECH,b1ec2df739df4b60fcde37a3790d75a180bb0e5ea6fc633a8229a17fe5d48ed0,4CF15,1,True,INSERT,identity,7.421545033984585e-10,,,,within_numeric_and_curve_sampling_tolerance,source_Point_to_delivery_Point,7.421545033984585e-10
PTECH,b36620cbb36986155b20155a0481b50eba3971c80e9079c91b9ec4198e0dbd7e,4D0C5,1,True,INSERT,identity,1.2985087449178353e-10,,,,within_numeric_and_curve_sampling_tolerance,source_Point_to_delivery_Point,1.2985087449178353e-10
PTECH,b47370fffdb7745dedda29f2d21d48eedcb0011f24e451e91bf66021075a5a0d,4D025,1,True,INSERT,identity,6.004215106622374e-11,,,,within_numeric_and_curve_sampling_tolerance,source_Point_to_delivery_Point,6.004215106622374e-11
PTECH,b804af804a282b4aecf586e8e4ee62fa046b38ec44bcb0fe8e5622baa05fac06,4CF6D,1,True,INSERT,identity,5.457089475250436e-10,,,,within_numeric_and_curve_sampling_tolerance,source_Point_to_delivery_Point,5.457089475250436e-10
PTECH,bcbc56a7f9073dd4f1e03fb63260ab447d764e304010aa062e153f85fe1c9bf7,4CF3D,1,True,INSERT,identity,2.4507802561368177e-10,,,,within_numeric_and_curve_sampling_tolerance,source_Point_to_delivery_Point,2.4507802561368177e-10
PTECH,bcdfb7e89046751b42e85e62007114c8e90276ad7883f880ed641e928e560e26,4CE9D,1,True,INSERT,identity,1.2780908706620665e-10,,,,within_numeric_and_curve_sampling_tolerance,source_Point_to_delivery_Point,1.2780908706620665e-10
PTECH,bd0d2618fd9519ffc27d18e80e6f20baf35f821e6eb9f7f1597d0f63b050e719,4CF55,1,True,INSERT,identity,3.288750950968828e-10,,,,within_numeric_and_curve_sampling_tolerance,source_Point_to_delivery_Point,3.288750950968828e-10
PTECH,bf3bd8d044a207bc07c69ea31230c171a7799fd85a1de9677039f1af6c23d672,4CF35,1,True,INSERT,identity,3.492507024002521e-10,,,,within_numeric_and_curve_sampling_tolerance,source_Point_to_delivery_Point,3.492507024002521e-10
PTECH,bff7ed9a3ca52544bbcf298f27ff52cba9b02f690291e8f66efa34d6a15ee912,4CFA5,1,True,INSERT,identity,7.133919271705271e-10,,,,within_numeric_and_curve_sampling_tolerance,source_Point_to_delivery_Point,7.133919271705271e-10
PTECH,c072e32f6ef157d827dbc81439843965579020bfb8f99cea8db9ae665f75c8df,4CF2D,1,True,INSERT,identity,2.8376562636221493e-10,,,,within_numeric_and_curve_sampling_tolerance,source_Point_to_delivery_Point,2.8376562636221493e-10
PTECH,c551249b4cc6114fcd2cdf8a34caad5b12f1fd88a5353718b51f1b2bf602190e,4CE6D,1,True,INSERT,identity,5.44118079873275e-10,,,,within_numeric_and_curve_sampling_tolerance,source_Point_to_delivery_Point,5.44118079873275e-10
PTECH,c5ba82552b0449cdc1c5954f08845d0f0c9bc2d7e289f6759bb7629536533818,4CF1D,1,True,INSERT,identity,5.68017123234444e-10,,,,within_numeric_and_curve_sampling_tolerance,source_Point_to_delivery_Point,5.68017123234444e-10
PTECH,c6588fa26bdc453c98fda51842aa1bddc77ee16d1fb5fbcb9e542b71aaea277f,4D06D,1,True,INSERT,identity,1.310177547956781e-10,,,,within_numeric_and_curve_sampling_tolerance,source_Point_to_delivery_Point,1.310177547956781e-10
PTECH,c7b5ef66482f06a769c9e861f36cd73bd9497a9f4574bcca7d23694aa2dfc7ee,4CFFD,1,True,INSERT,identity,8.382837877865997e-10,,,,within_numeric_and_curve_sampling_tolerance,source_Point_to_delivery_Point,8.382837877865997e-10
PTECH,c9d5fe3f7b235ad26ce5a02cbc2fb565b2ee57984b71849af14d05341adc3e8f,4D00D,1,True,INSERT,identity,5.107816902337567e-10,,,,within_numeric_and_curve_sampling_tolerance,source_Point_to_delivery_Point,5.107816902337567e-10
PTECH,cbbf5f82882f4cb684a3a6d66f7b3821302e25951aa6579d8f68881412f82445,4D12B,1,True,INSERT,identity,7.359605051221992e-10,,,,within_numeric_and_curve_sampling_tolerance,source_Point_to_delivery_Point,7.359605051221992e-10
PTECH,cdb34abbeaa7e637bda4d9c2f4c703a3cd248edac4bbf72165c029fcbceba193,4D07D,1,True,INSERT,identity,3.6831728232421644e-10,,,,within_numeric_and_curve_sampling_tolerance,source_Point_to_delivery_Point,3.6831728232421644e-10
PTECH,d3fefdc1b0b7ed02a3fa11bce6942e42835f80ae4f9b72ab6e7739d375efabe0,4CEA5,1,True,INSERT,identity,9.064647891195102e-10,,,,within_numeric_and_curve_sampling_tolerance,source_Point_to_delivery_Point,9.064647891195102e-10
PTECH,d7ac1d92c2590ee628f80707094e85c818bb0351e7c54bc61d8b7f2d05272779,4D035,1,True,INSERT,identity,3.6745386887098607e-10,,,,within_numeric_and_curve_sampling_tolerance,source_Point_to_delivery_Point,3.6745386887098607e-10
PTECH,d9015f6478c7d5566ef071fbd73eecdaa291d8471919bdf7472ca882f7bafd22,4D0E5,1,True,INSERT,identity,2.950353711340052e-10,,,,within_numeric_and_curve_sampling_tolerance,source_Point_to_delivery_Point,2.950353711340052e-10
PTECH,dfe76a65177d91a4da52a1a2ec4899cb89563895dd56938b8bb46fe1110de633,4CFCD,1,True,INSERT,identity,6.130427768944804e-10,,,,within_numeric_and_curve_sampling_tolerance,source_Point_to_delivery_Point,6.130427768944804e-10
PTECH,e0567dc421c3f3fd96d666c6cbe5088d53c1c548ec0d10a453dc0197a954a9fd,4CE85,1,True,INSERT,identity,4.213474088791737e-11,,,,within_numeric_and_curve_sampling_tolerance,source_Point_to_delivery_Point,4.213474088791737e-11
PTECH,e16808046f2a727b043a8c85bdbb03cabac0cf9a481ead16e9964dfec2f7342d,4D095,1,True,INSERT,identity,5.497865381326013e-10,,,,within_numeric_and_curve_sampling_tolerance,source_Point_to_delivery_Point,5.497865381326013e-10
PTECH,e2358f0a13f9bdd16fd98c51b04dd658a58a142273a105dc70ee2f07766b707b,4CE65,1,True,INSERT,identity,4.4067083152771415e-10,,,,within_numeric_and_curve_sampling_tolerance,source_Point_to_delivery_Point,4.4067083152771415e-10
PTECH,e668e8f24fe190466c1693d743a0e8add60765d0654a60e0f2aded155ed9c077,4CFDD,1,True,INSERT,identity,9.16776185813955e-10,,,,within_numeric_and_curve_sampling_tolerance,source_Point_to_delivery_Point,9.16776185813955e-10
PTECH,ef2f60e9a01d4d94043e5506f70586e3ee2833c12abe475b5c4f8f9b36f57038,4D03D,1,True,INSERT,identity,5.182478061771665e-10,,,,within_numeric_and_curve_sampling_tolerance,source_Point_to_delivery_Point,5.182478061771665e-10
PTECH,f066036c13b4e34cf18b7758d33812516f4efaa4946b29cfc55a5ded4ce21971,4D055,1,True,INSERT,identity,5.73429016620261e-10,,,,within_numeric_and_curve_sampling_tolerance,source_Point_to_delivery_Point,5.73429016620261e-10
PTECH,f309a9b7d7a445907050c25d7de8e0e099637ef123872ea90cccc42559c66905,4D105,1,True,INSERT,identity,9.611427095386102e-11,,,,within_numeric_and_curve_sampling_tolerance,source_Point_to_delivery_Point,9.611427095386102e-11
PTECH,f33e2004c70d39ffe45f6d2bb1a39e1529844066de502e2ead912728869685ce,4D01D,1,True,INSERT,identity,8.588521045620951e-10,,,,within_numeric_and_curve_sampling_tolerance,source_Point_to_delivery_Point,8.588521045620951e-10
PTECH,fa11cc21fa3739310d516c54a5478e4f4bb564c83a3b4e924a60aa42bc811ed5,4CFED,1,True,INSERT,identity,1.0938162725049848e-10,,,,within_numeric_and_curve_sampling_tolerance,source_Point_to_delivery_Point,1.0938162725049848e-10
PTECH,fafdbc53396d318b1fba96bc7bd9ed5609b07e5453f80c76db3851c7b4fdc190,4D0CD,1,True,INSERT,identity,4.796892682534716e-10,,,,within_numeric_and_curve_sampling_tolerance,source_Point_to_delivery_Point,4.796892682534716e-10
PTECH,fbf04ef4fc16b8faf85f51d75b6dc2592f0271221e55a1833967806ccaa62897,4CEE5,1,True,INSERT,identity,6.806972422738186e-10,,,,within_numeric_and_curve_sampling_tolerance,source_Point_to_delivery_Point,6.806972422738186e-10
PTECH,fe42675c28db78198346508bc4923fd27a2a5ad013f205cdea4210e063cd10ba,4CF25,1,True,INSERT,identity,5.166027980052099e-10,,,,within_numeric_and_curve_sampling_tolerance,source_Point_to_delivery_Point,5.166027980052099e-10
SITE,f912e69776ee982d6d6bccc0792a5f78c32d18151e7600bfbf4fa771bd2881d2,4D9B7,1,True,INSERT,identity,5.347830779874089e-10,,,,within_numeric_and_curve_sampling_tolerance,source_Point_to_delivery_Point,5.347830779874089e-10
ZNRO,151023bcdbbaa43f785ce1beb0c33df28cbddace349796ea5dda9b1a24627701,ZPM-COMPONENT-2,1,False,,conservative_znro_component,,,,,derived_without_direct_source,no_complete_source_geometry,
ZNRO,21445da1fd1cc3122b3f05396a2cbe87a9d2ac688a1c2fede848f5bea86c4936,ZPM-COMPONENT-1,1,False,,conservative_znro_component,,,,,derived_without_direct_source,no_complete_source_geometry,
ZNRO,444e76b2943337572cda6b430f67b24c28cdb45ece8836a51894b569196bef37,ZPM-COMPONENT-4,1,False,,conservative_znro_component,,,,,derived_without_direct_source,no_complete_source_geometry,
ZNRO,909f14b2eaeeeee0df5e41faaebdb362b463ddebf0dd9ea0a62ba0d19b6574b4,ZPM-COMPONENT-3,1,False,,conservative_znro_component,,,,,derived_without_direct_source,no_complete_source_geometry,
ZPM,0cb0e0a15d936b78458d4317664652708b3ec30cb4c0e600de567477e25032f1,4CC09,1,True,LWPOLYLINE,identity,7.794640209273285e-10,,,,within_numeric_and_curve_sampling_tolerance,source_Polygon_to_delivery_Polygon,
ZPM,137d6d70b6ba47391ee47c45f8ca69554a3031a218749d601d98f3e3380970c3,4CC05,1,True,LWPOLYLINE,identity,7.881527280176414e-10,,,,within_numeric_and_curve_sampling_tolerance,source_Polygon_to_delivery_Polygon,
ZPM,150d763a3dc81790dda363ff8e8bd26e9484dc36e688da58f36909dfff1bcfd1,4CC0E,1,True,LWPOLYLINE,identity,7.979627875967851e-10,,,,within_numeric_and_curve_sampling_tolerance,source_Polygon_to_delivery_Polygon,
ZPM,20d6dbe94c992f418858735a013e8178804a286eae5a4c36ddfac86eaaaf7acb,4CC0D,1,True,LWPOLYLINE,identity,8.768775382001443e-10,,,,within_numeric_and_curve_sampling_tolerance,source_Polygon_to_delivery_Polygon,
ZPM,20f0b18690aef0a59a832b7cb627825c2e116cff46ee493129267649954506e9,4CC00,1,True,LWPOLYLINE,identity,9.322414969585625e-10,,,,within_numeric_and_curve_sampling_tolerance,source_Polygon_to_delivery_Polygon,
ZPM,21073fb13383c0a859f69b04a5d104cfc786b3e33f2b6027e2295a87b319283e,4CC03,1,True,LWPOLYLINE,identity,9.097352313157209e-10,,,,within_numeric_and_curve_sampling_tolerance,source_Polygon_to_delivery_Polygon,
ZPM,25710d5436a4b554e642e215f341ecaa421cfdbb7bff7c761de7335d4d12b3de,4D166,1,True,LWPOLYLINE,identity,8.777722972403328e-10,,,,within_numeric_and_curve_sampling_tolerance,source_Polygon_to_delivery_Polygon,
ZPM,4aef4ff4932189887c89824c49c4466a287759cc1aff9613abd4c75b1c8fc996,4CC02,1,True,LWPOLYLINE,identity,5.32935957809386e-10,,,,within_numeric_and_curve_sampling_tolerance,source_Polygon_to_delivery_Polygon,
ZPM,536c300f2cff114180a10460dcfef62ea69f0a8e407d0ae1bc9594e93c876161,4CC12,1,True,LWPOLYLINE,identity,8.762942513606242e-10,,,,within_numeric_and_curve_sampling_tolerance,source_Polygon_to_delivery_Polygon,
ZPM,5b6a6d33ed6c5bc5baac7ae83f7f3fab0d254b35c8f1c94e01efd79d4b04a550,4CBFC,1,True,LWPOLYLINE,identity,9.130257815191695e-10,,,,within_numeric_and_curve_sampling_tolerance,source_Polygon_to_delivery_Polygon,
ZPM,5dc0f9e4570fd3517715654e26bc58810a67eb6c9e5b3f00f9a25c38fbf5dad0,4CBFF,1,True,LWPOLYLINE,identity,8.684032632639616e-10,,,,within_numeric_and_curve_sampling_tolerance,source_Polygon_to_delivery_Polygon,
ZPM,69f6d1a6478e4b40291b0a702373524385200c5c7994a50a706fcc92ef9edcaf,4CBFB,1,True,LWPOLYLINE,identity,7.424709728349941e-10,,,,within_numeric_and_curve_sampling_tolerance,source_Polygon_to_delivery_Polygon,
ZPM,7bfad99c3aa63b08819831fc5119c3053bc33d9826cbeca088b269cd47f18b59,4CBFE,1,True,LWPOLYLINE,identity,9.256565240934291e-10,,,,within_numeric_and_curve_sampling_tolerance,source_Polygon_to_delivery_Polygon,
ZPM,8105ef74a6334b1a4719383589e705cea48ee990f71957b95c2f7bdfd832dfec,4CC11,1,True,LWPOLYLINE,identity,4.1457897146301433e-10,,,,within_numeric_and_curve_sampling_tolerance,source_Polygon_to_delivery_Polygon,
ZPM,9f90d1a374caccedd22c49d270e5821d46263255b598b55e89cae1bf4b901b8c,4CC04,1,True,LWPOLYLINE,identity,9.204905295162715e-10,,,,within_numeric_and_curve_sampling_tolerance,source_Polygon_to_delivery_Polygon,
ZPM,a17bf6bb2be2704602e8b52135e0c9b0298d0a2476207ab059a320f1db1f40af,4CC0F,1,True,LWPOLYLINE,identity,9.04278456838268e-10,,,,within_numeric_and_curve_sampling_tolerance,source_Polygon_to_delivery_Polygon,
ZPM,a30e8a33a7757c9809c4bd172f72fab6c06a01d46892f3ebac3ba1dcbb4f85dc,4CC01,1,True,LWPOLYLINE,identity,8.608534307560259e-10,,,,within_numeric_and_curve_sampling_tolerance,source_Polygon_to_delivery_Polygon,
ZPM,a8f9023a83d6b5707f889f7a1300fb5e348d4d5ed94973408e013e5f647e2e06,4CBFD,1,True,LWPOLYLINE,identity,8.222682196167237e-10,,,,within_numeric_and_curve_sampling_tolerance,source_Polygon_to_delivery_Polygon,
ZPM,aa70d5f4ee9230f45270cb0b3fb0309aa72190e1c1b907a8e9f46d59544d72da,4CC06,1,True,LWPOLYLINE,identity,9.218674368219612e-10,,,,within_numeric_and_curve_sampling_tolerance,source_Polygon_to_delivery_Polygon,
ZPM,bf25c229ca6e9bb5dcb13c3ab6618ad694709a00d1e08728e9955a698f13f934,4CC0C,1,True,LWPOLYLINE,identity,7.849441168540927e-10,,,,within_numeric_and_curve_sampling_tolerance,source_Polygon_to_delivery_Polygon,
ZPM,d73dbc57f2d327da35ed836ec57edf30d976993fa73ad6e2a12985c7a0630152,4CC0A,1,True,LWPOLYLINE,identity,7.27870831570007e-10,,,,within_numeric_and_curve_sampling_tolerance,source_Polygon_to_delivery_Polygon,
ZPM,e91d45923a8872f210585df334d73205f2aa69294d643f60a97cf228bb763301,4CC10,1,True,LWPOLYLINE,identity,7.952796621211673e-10,,,,within_numeric_and_curve_sampling_tolerance,source_Polygon_to_delivery_Polygon,
ZPM,ed40511d60185fa5ff816428fd8e02004c4de4c87f8379d9b2cebfed8f9a6141,4CC08,1,True,LWPOLYLINE,identity,8.72395074022316e-10,,,,within_numeric_and_curve_sampling_tolerance,source_Polygon_to_delivery_Polygon,
ZPM,f7e5c762c1ff28b6c77aa4f3b426941961940685bc2d00066b1e5822ccd7bcb4,4CC07,1,True,LWPOLYLINE,identity,8.585900950147928e-10,,,,within_numeric_and_curve_sampling_tolerance,source_Polygon_to_delivery_Polygon,
ZPM,fa7a4ccd9a9897a8652ddfa64991f9bb3df9994df8b6d77648e4308eff514c1e,4CBFA,1,True,LWPOLYLINE,identity,8.731519795612918e-10,,,,within_numeric_and_curve_sampling_tolerance,source_Polygon_to_delivery_Polygon,
ZPM,fea153d3d8d177a2840696321ff027b3e28068713a46a8293d63a7a95afcff9f,4CC0B,1,True,LWPOLYLINE,identity,9.107345211746535e-10,,,,within_numeric_and_curve_sampling_tolerance,source_Polygon_to_delivery_Polygon,
