entity_key,source_handle,dwg_type,source_layer,text,canonical_disposition,delivery_feature_count,delivery_layers,meaning,definition_entity_key,definition_retained_in_canonical_ledger,instance_parent_keys,all_instance_parents_retained_in_canonical_ledger,instance_parent_dispositions
0096004635076042248e7ddb90f629dd51283346932e81248b75ee2671a04066,192453,MTEXT,JALAN,JL. TGK. FAKINAH,annotation,0,{},not_delivered_not_automatically_missing,,False,,False,
013e7ee1dcba2719d43c622d9768edb89af3f9ea0065e2cd70c63b6639af8cf2,1CD53A,DIMENSION,DIMENSI,,annotation,0,{},not_delivered_not_automatically_missing,,False,,False,
02315d4aab544309dc1d179fc1871deade66d2d659455c0ce37dbe44898cabed,13992B,INSERT,LARGE TEE RADIUS,,graphic_only,0,{},not_delivered_not_automatically_missing,,False,,False,
028b3714575929f3b9c735633d08b66b8b6011fcb3994363161993643ca2fdff,1BABBD,TEXT,FDT,KLDYA.012,annotation,0,{},not_delivered_not_automatically_missing,,False,,False,
02c34b322a6b2cfb01512d2652deac355e29b3fb4dab778e2b3a3993a0f928a6,1C9D5D,INSERT,EXT POLE,,mapped,1,"{""PTECH"": 1}",delivered,,False,,False,
03e2fa9f0230bd731186619aede197c01de1117f9be06db6b91465a2e8d7d6ed,1CD628,DIMENSION,DIMENSI,,annotation,0,{},not_delivered_not_automatically_missing,,False,,False,
05c779dcfe15da4419c59340cd0692659aa42696e43d0cfb38758c04f149cb6b,1AEA9F,TEXT,POLE ID,MR.IJY.KLDYA.P012,annotation,0,{},not_delivered_not_automatically_missing,,False,,False,
07956808ffb1737fea5b5074e20854d3de1e0378809256c343db78c698ab25f1,170A9D,MLINE,Garis Jalan,,graphic_only,0,{},not_delivered_not_automatically_missing,,False,,False,
07df6ae04a47c1b3d2f088e83234ef1d18afd80e941bada3fb56399443f8a071,1BA66A,TEXT,FDT,KLDYA.011,annotation,0,{},not_delivered_not_automatically_missing,,False,,False,
07ff30ab5535ce691a22bd2353cc921610226c2d45bbd2f0aa54938643c93876,170AA6,MLINE,Garis Jalan,,graphic_only,0,{},not_delivered_not_automatically_missing,,False,,False,
0b72fdecb8ac0f7f056853251826f3b6ab3f93814feea635a25c90931f17b0ff,13996B,TEXT,0,HH PIT 80x80x130 cm,annotation,0,{},not_delivered_not_automatically_missing,,False,,False,
0f134e2a2531e5052e1a0b6d1e057040e450bace839d80a942f2486472b0a6f5,170B66,MLINE,Garis Jalan,,graphic_only,0,{},not_delivered_not_automatically_missing,,False,,False,
10d5deec89657e8846c3bccdc50c1e66850ed46ff9966bde8aa306a5759e2fdc,1AEA10,INSERT,NEW POLE 7m(4 inches),,mapped,1,"{""PTECH"": 1}",delivered,,False,,False,
10e7f2017393b37cfaa9285f71da74116ca11d70d8c0254b2a8ceae7c61a4428,1418C6,LWPOLYLINE,BATAS,,graphic_only,0,{},not_delivered_not_automatically_missing,,False,,False,
11566a6a3a7ce09f23f551aa20262f5535b3bf17bd0fea08eea4867ce4867535,1CD5C6,DIMENSION,DIMENSI,,annotation,0,{},not_delivered_not_automatically_missing,,False,,False,
1163797ff78bee39d5e476dca8578ea670d3543a8aa925827a90fe5e2b3bb803,170AA5,MLINE,Garis Jalan,,graphic_only,0,{},not_delivered_not_automatically_missing,,False,,False,
14bced9ffecfc2144ab040bff5a2882557f7e3cfb65764331fce05320e593413,1CBD8B,MTEXT,EXT FM POLE,{\fArial|b1|i0|c0|p34;SLACK - 3},annotation,0,{},not_delivered_not_automatically_missing,,False,,False,
150041e4e74af333104c2f935828ce8053eabecb04869a944ee3739986825be1,1CD556,DIMENSION,DIMENSI,,annotation,0,{},not_delivered_not_automatically_missing,,False,,False,
15e44996eaceda97a1cbba7ddf041d5e31dabc9603a87af0179eee05c8f2d271,1C1157,INSERT,FDT-Info,,graphic_only,0,{},not_delivered_not_automatically_missing,,False,,False,
1b0971ee9b9f421828fedcd5dc5667fb8315600cce275b81607419dedfbba115,1CD51E,DIMENSION,DIMENSI,,annotation,0,{},not_delivered_not_automatically_missing,,False,,False,
1c53d34e2291a4063fe44233f37280bdd6b674495d256e7e54545f939ab4f734,1AEAB0,INSERT,NEW POLE 7m(4 inches),,mapped,1,"{""PTECH"": 1}",delivered,,False,,False,
1f597848a1f7ea178ce2ef0ed6d7b2b9a33f490e5f866d55c7c2c7db5dcda316,1CB36E,MTEXT,a,\pxi0.0035;{\fSimSun|b0|i0|c134|p34;\C7;T\fSimSun|b0|i0|c0|p34;1:01\fSimSun|b0|i0|c134|p34;/\fSimSun|b0|i0|c0|p34;24\fSimSun|b0|i0|c134|p34;c\fSimSun|b0|i0|c0|p34; (\H0.91457x;SF-\H1.09341x;KLDYA.011 & KLDYA.012\H0.99996x;) ~ Splitter 1 FDT \H1.00004x;KLDYA.011 & KLDYA.012 \H0.99989x;T1-T4:02-24/24c idle core \P(\H1.00011x;KLDYA.011 & KLDYA.012\H0.99985x;)},annotation,0,{},not_delivered_not_automatically_missing,,False,,False,
1f7cdf5e050176d5467d159bf505f34bb4ef6e7f6e27e34f394b8eac954b08e9,1B3E06,INSERT,NEW POLE 7m(4 inches),,mapped,1,"{""PTECH"": 1}",delivered,,False,,False,
20be56a76a1cbd84b637dab3d50c661aecd3aae109e8990fb69733b1dcd906ed,139956,TEXT,0,288 CORE,annotation,0,{},not_delivered_not_automatically_missing,,False,,False,
22ac5b967276e0399244abcec658a7f9af66f9e1a8752d28fb50d7c8dfb891c2,170AA8,MLINE,Garis Jalan,,graphic_only,0,{},not_delivered_not_automatically_missing,,False,,False,
248ffed95dad0b5668e6d7ab13998fc736ef2a8169bdd72844a19371b9506041,176D9A,LINE,Basic Map,,graphic_only,0,{},not_delivered_not_automatically_missing,,False,,False,
26a4434249ee2ef5623da3b0f976c2f5cd211436eea72e824e6d89c254245064,1AEAB7,TEXT,POLE ID,MR.IJY.KLDYA.P009,annotation,0,{},not_delivered_not_automatically_missing,,False,,False,
26afafd56ae22b8dd9d07b8446b99206899d0a2da26635bdac77024e390053c2,1CB369,MTEXT,a,\pxt18;{\fSimSun|b0|i0|c134|p34;\C7;Distance from \fSimSun|b0|i0|c0|p34;Closure\fSimSun|b0|i0|c134|p34;:\fSimSun|b0|i0|c0|p34; 1433 \fSimSun|b0|i0|c134|p34;m },annotation,0,{},not_delivered_not_automatically_missing,,False,,False,
2985ce2b314056e2a37b3207573c3757079801551706ef936561b996c284ab6c,139955,TEXT,0,144 CORE,annotation,0,{},not_delivered_not_automatically_missing,,False,,False,
29d3e925e6e9b02311eda37c7d666b9e176aec4db6b1fa2b10c4678525494581,139974,INSERT,HH PIT 20x20x30 cm,,graphic_only,0,{},not_delivered_not_automatically_missing,,False,,False,
2c9abf0c5ca0bb91451c7a46e1537abef14bbcc60b4b855e7c2170e7d6a0ea06,1CF081,INSERT,FIBER SPARE COIL,,graphic_only,0,{},not_delivered_not_automatically_missing,,False,,False,
2ca25ec76db11550ba58b4b7ebe22a830da99e09ba155a98d8d65ccbc86b7298,1B0564,INSERT,NEW POLE 7m(4 inches),,mapped,1,"{""PTECH"": 1}",delivered,,False,,False,
2fb5b53c502c357571569946d2b5aafbc3c347049598ffe35d9a26c6fbf3c818,1A80E7,LWPOLYLINE,BATAS DESA,,graphic_only,0,{},not_delivered_not_automatically_missing,,False,,False,
30f4b90ed23cb38924cbc05d42082b52b78426ddf5f9c23534de8c392f27e6e8,1B6BA0,TEXT,FAT,C03,annotation,0,{},not_delivered_not_automatically_missing,,False,,False,
3421292c46018f745fb75c9065ea12920f487ee6bf04323513dc5e6805f4ea4b,139954,TEXT,0,96 CORE,annotation,0,{},not_delivered_not_automatically_missing,,False,,False,
34bece9e4ec82a16d7aae7b016f03265d582d91fe7590f85461e336878edb06b,170A81,MLINE,Garis Jalan,,graphic_only,0,{},not_delivered_not_automatically_missing,,False,,False,
36a7a6e0df68a4a78c66130b02039509fb6707c3bea7be30a020014914743d11,1B0523,TEXT,POLE ID,EXT.MR.KLDYA.P137,annotation,0,{},not_delivered_not_automatically_missing,,False,,False,
3727f65bb01b6b52aceb629199172c440ef452b36c95f98cd0f3cd220e5266c6,1CC308,INSERT,TEXT INFO,,graphic_only,0,{},not_delivered_not_automatically_missing,,False,,False,
396754a822ba1360d9dd4f1896c87433f1e1c825a402f5a653c499fb941b4bfc,170AA1,MLINE,Garis Jalan,,graphic_only,0,{},not_delivered_not_automatically_missing,,False,,False,
396e6d8fe7216b3e4f4cde3860072ed449a21a7c51ef326a4c6bce67b3f4b7e8,170A82,MLINE,Garis Jalan,,graphic_only,0,{},not_delivered_not_automatically_missing,,False,,False,
39d085755b86f1ca0b7ef410829598c42a1e37e603e119497d7045f74531875e,1B056C,INSERT,NEW POLE 7m(4 inches),,mapped,1,"{""PTECH"": 1}",delivered,,False,,False,
3a1781b1d7404cdc819b8d56e6d0810e18cc07ffa0a076983fd19c972d6b1ac6,1399BB,TEXT,0,NEW POLE 7m 4',annotation,0,{},not_delivered_not_automatically_missing,,False,,False,
3a414929229b430e4149563d5db0ac09fdb92a08061bbf2c16ace7f648835155,1AC878,INSERT,EXT POLE,,mapped,1,"{""PTECH"": 1}",delivered,,False,,False,
3aedf01d9d8a35ee2afe658368df7dce1241d6644e28bbfa2c247342a349a611,1AEA90,INSERT,NEW POLE 7m(4 inches),,mapped,1,"{""PTECH"": 1}",delivered,,False,,False,
3be6d89f0d40ea3ee06b9882e77048daf5af18f26642db5b51eeecab17506085,1CD5D4,DIMENSION,DIMENSI,,annotation,0,{},not_delivered_not_automatically_missing,,False,,False,
3c292a13bb3a3c8df45f51743835f3f6097072bd4fd60a54a3e4b7f1d4f5829a,170A92,MLINE,Garis Jalan,,graphic_only,0,{},not_delivered_not_automatically_missing,,False,,False,
4065ba08153da89a875f4dac29c81fa6df10bfc913051e09089d7521840286a5,1A80E3,LWPOLYLINE,BATAS DESA,,graphic_only,0,{},not_delivered_not_automatically_missing,,False,,False,
4333a3348707c268587797386021de907e27b978e9276018af2a7e316244753a,1399B3,TEXT,0,NEW POLE 9m 4',annotation,0,{},not_delivered_not_automatically_missing,,False,,False,
46483314020655f06b524a8134823158c4f466b59e219a0e8b2fc449f5f7d89b,139973,TEXT,0,HH PIT 40x40x60 cm,annotation,0,{},not_delivered_not_automatically_missing,,False,,False,
46eeab93276f3506e93d30832711ca6525012ca6dd927a5d9adf1d4fe587b070,1399AA,LINE,Basic Map,,graphic_only,0,{},not_delivered_not_automatically_missing,,False,,False,
49ba044d8e79bf2759ae29064516c4cae895a2f4bdd935aa6ed74da13df5e2cf,13994E,LWPOLYLINE,FO 288 CORE,,graphic_only,0,{},not_delivered_not_automatically_missing,,False,,False,
49e8a31c02f3b59c9c168779e31ecc6127ad7ace6718c28ab5cd17a37ef97e78,170AD0,MLINE,Garis Jalan,,graphic_only,0,{},not_delivered_not_automatically_missing,,False,,False,
4cb89f40269ce17a44fed4986d2e4ec02a101fcd045dc1e95990e2ab09f8982d,1CB380,INSERT,FIBER OPTIC CLOSURE,,graphic_only,0,{},not_delivered_not_automatically_missing,,False,,False,
4db88506577210a6fe6df9dc321fbfc88344628b5aba9132f166dcf40a53fdbe,1CB366,LWPOLYLINE,FDT-Info,,graphic_only,0,{},not_delivered_not_automatically_missing,,False,,False,
4e0c68ccf3a42ce5e8e86d9ebe3e9f66c2d9ddb8c8b5ba7524f9854d54be294a,1399A7,LWPOLYLINE,BATAS,,graphic_only,0,{},not_delivered_not_automatically_missing,,False,,False,
4e7549bf2d5f1a42d1afe9e63c0b7f3fcd490c41937ddbbd6c146d857c00e955,13994B,LWPOLYLINE,FO 72 CORE,,graphic_only,0,{},not_delivered_not_automatically_missing,,False,,False,
4ef1659af63cfe46e2e280b6c42d7188b751ff2548b5b7f54c4771b9d4d83753,1AE9FF,TEXT,POLE ID,MR.IJY.KLDYA.P004,annotation,0,{},not_delivered_not_automatically_missing,,False,,False,
502f7425fc6b5b3a9328843d83dfeb59547726c91d0803cefca09c7a48d1a69f,1CF080,INSERT,FIBER SPARE COIL,,graphic_only,0,{},not_delivered_not_automatically_missing,,False,,False,
5030bbe9c6cf79b9fca57b23ab44776db3ce8fb02d18f1cd43e6eb57431c03f7,139967,TEXT,0,UG FDT,annotation,0,{},not_delivered_not_automatically_missing,,False,,False,
529ebd77d7e73a5715841393862c93230866c154c01ebc8431132b09211b2913,1B0573,TEXT,POLE ID,MR.IJY.KLDYA.P015,annotation,0,{},not_delivered_not_automatically_missing,,False,,False,
52bde3f67c4424a9ede746f436fb66b6e7c41432070e960756109085345c8258,1399A8,TEXT,Service Core,AE CLUSTER,annotation,0,{},not_delivered_not_automatically_missing,,False,,False,
53727cc71f819f38d9f98622426457c301ff78a33202c7867c334b93e98b2049,13998C,TEXT,0,NEW POLE 7m 5',annotation,0,{},not_delivered_not_automatically_missing,,False,,False,
53b3567769e4382029a4f9484223a1e9610b9fb0cf84e58a35f461c808b4cd08,1AE9F0,INSERT,NEW POLE 7m(4 inches),,mapped,1,"{""PTECH"": 1}",delivered,,False,,False,
5571996410d9e2390f38f1f76a8abba2af4684e7be720e18a7740093cc10b116,1399A6,TEXT,0,36 CORE,annotation,0,{},not_delivered_not_automatically_missing,,False,,False,
55ad4e793256c612d5e93ba81c3d8f6ad51759592b65e6449adada5c508aaff3,1CD510,DIMENSION,DIMENSI,,annotation,0,{},not_delivered_not_automatically_missing,,False,,False,
5641f500da2693ffba44820138591eb59850082c7e93d54686aa3eaeccf3c451,1CD644,DIMENSION,DIMENSI,,annotation,0,{},not_delivered_not_automatically_missing,,False,,False,
58d4ba13357cf516af9509aeb501c510bc181e435ef846ad2274795b9eb7d78a,1A80E6,LWPOLYLINE,BATAS DESA,,graphic_only,0,{},not_delivered_not_automatically_missing,,False,,False,
58f137ad7edb629adfb306ddf7c85e97aaceb980e63416cc7d9cd8cbc8a4513c,1CF082,INSERT,FIBER SPARE COIL,,graphic_only,0,{},not_delivered_not_automatically_missing,,False,,False,
597fe5ec1015029e58b5bae42e9530bf72264ac54131525b19704d87839027f2,13993F,INSERT,FDT,,graphic_only,0,{},not_delivered_not_automatically_missing,,False,,False,
59d4021b2dfee175b79438154bf0da2fb5d3834e8b53e6d910839f6c2e79d8d1,1399A4,TEXT,0,EXISTING FM POLE,annotation,0,{},not_delivered_not_automatically_missing,,False,,False,
5c1322ace916ed3e1576b88aac59793d516569ff0ebfdf2ca1cf171d2b9a904c,1C985D,MLINE,Garis Jalan,,graphic_only,0,{},not_delivered_not_automatically_missing,,False,,False,
5c21608ca930581573c253e974caa297ac9e6c7865ca325aca53a1d1d9917ecc,1CB367,MTEXT,a,\pxi0.0035;{\fSimSun|b0|i0|c0|p2;\C7;Splice Configuration :},annotation,0,{},not_delivered_not_automatically_missing,,False,,False,
5c5b67bc9e3e77b7eea10c8b40a6f8ac402d48ace161eabaaf5141ac839ff71e,1CD572,DIMENSION,DIMENSI,,annotation,0,{},not_delivered_not_automatically_missing,,False,,False,
5caae9ad4f1f979c11199abc43160d03040dd635e4c0ba0698e2e224874e20aa,1AE9F8,INSERT,NEW POLE 7m(4 inches),,mapped,1,"{""PTECH"": 1}",delivered,,False,,False,
5d71e581e7f8354f230c8ab4055aca6d77cc9df8264070c1a8983baed9da5fb7,1AEA17,TEXT,POLE ID,MR.IJY.KLDYA.P007,annotation,0,{},not_delivered_not_automatically_missing,,False,,False,
5d87ad88ff55e5f8ba21e84183899154fb305292bc2801461f17f20dcbc93ca1,1AEA00,INSERT,NEW POLE 7m(4 inches),,mapped,1,"{""PTECH"": 1}",delivered,,False,,False,
5dbff0aa3ab580046fc44b11609edf906d3017f1fe49e086df599b453a38052f,1C984F,INSERT,EXT POLE,,mapped,1,"{""PTECH"": 1}",delivered,,False,,False,
5e3d8f88f4b6ed032718d4da34ab42ecf605298632e66492e5172232acce1ed6,170AA3,MLINE,Garis Jalan,,graphic_only,0,{},not_delivered_not_automatically_missing,,False,,False,
5f24da57372a82e7c8c9eb9de0d1fd1fb2b430961714d48dc03e5dc67f5e5c07,13994F,LWPOLYLINE,DROP DUCT,,graphic_only,0,{},not_delivered_not_automatically_missing,,False,,False,
5f8bcca7b4af71312c651a1b71fc7671dfa02bf49be875b342427f115c6a5d63,13999D,INSERT,EXT FM POLE,,graphic_only,0,{},not_delivered_not_automatically_missing,,False,,False,
61648b6c54460de3174765c9795e7b6828d5baeac36310c4f2b49265beb2626e,1AEA8F,TEXT,POLE ID,MR.IJY.KLDYA.P010,annotation,0,{},not_delivered_not_automatically_missing,,False,,False,
6200e7b4039cf00647c5e0fae336ff2e2a7a73a5cae0091a38c4da3e5352bc44,1AEAA7,TEXT,POLE ID,MR.IJY.KLDYA.P013,annotation,0,{},not_delivered_not_automatically_missing,,False,,False,
628a42c9c993479f9d9a72d2d21e0644e029af8a1a2aa33bdfe70bd85a6441ac,139933,INSERT,FAT,,graphic_only,0,{},not_delivered_not_automatically_missing,,False,,False,
628cf5cfe0b1297963aeac54ef7d95364555c9fb52dfe4373e6236ef10b531a4,1C9D8C,TEXT,POLE ID,EXT. MR.KSRA.P006,annotation,0,{},not_delivered_not_automatically_missing,,False,,False,
63b64a9b5e7f46ff29a544bfa740f01e3277d538b3cf73e7ef340abffdfad874,1C985F,MLINE,Garis Jalan,,graphic_only,0,{},not_delivered_not_automatically_missing,,False,,False,
64997a1219cc5cfd92791346e28288f2c8407ddd59794f17f52e068f93ae8154,1AEAA8,INSERT,NEW POLE 7m(4 inches),,mapped,1,"{""PTECH"": 1}",delivered,,False,,False,
652fb67fc3bfd1e2d624c2c5ddfae24f7a66c2743bf680c61f9f3d4aef8238b0,1C985E,MLINE,Garis Jalan,,graphic_only,0,{},not_delivered_not_automatically_missing,,False,,False,
65cb3d26ab1a64133ba6d95a2600559651d7db99b02ed429e36247952e0d557c,1CB36B,MTEXT,a,{\fSimSun|b0|i0|c0|p34;\C7;FDT\fSimSun|b0|i0|c134|p34; ID\fSimSun|b0|i0|c0|p34;	KLDYA.011 & KLDYA.012},annotation,0,{},not_delivered_not_automatically_missing,,False,,False,
660899928965caa433eba48baf187d474a8feab047b86997317e675a5a301188,1BA661,INSERT,FDT,,mapped,1,"{""SITE"": 1}",delivered,,False,,False,
694202bf1f5eaf1c59d4bd23b827652ad16575fc1e0a71e59b5069a0ee19ccf5,1CD580,DIMENSION,DIMENSI,,annotation,0,{},not_delivered_not_automatically_missing,,False,,False,
69c1e2ab3df6af0a16c19c9de8fb21b0ca25cebe9072ef3a300fe8414c43c9b2,1CD60C,DIMENSION,DIMENSI,,annotation,0,{},not_delivered_not_automatically_missing,,False,,False,
6b69a9a0ee74cea5dfd25f57adca2ff2db62f2314edcba521df5d7a5be5380bf,13994C,LWPOLYLINE,FO 96 CORE,,graphic_only,0,{},not_delivered_not_automatically_missing,,False,,False,
6c6b467659ec63860746cfd1d32d930666474810f5c5030a7b6972b3779d6d71,1AC87F,TEXT,POLE ID,EXT.MR.KLDYA.P001,annotation,0,{},not_delivered_not_automatically_missing,,False,,False,
6d3591e29a9e9033f59ca8401666a07ab45ab905d85d3095b625c291a01d0c2f,1AEA98,INSERT,NEW POLE 7m(4 inches),,mapped,1,"{""PTECH"": 1}",delivered,,False,,False,
6d5c7566c967435b86221001b9cd9c28257cb8731febfeba5a6e345f8fa60b30,13999C,TEXT,0,EXISTING POLE,annotation,0,{},not_delivered_not_automatically_missing,,False,,False,
6e3b145805d7ca30f19d5df65addf540970526bf4d279c91fa4010d636aa8d9f,13995B,TEXT,0,FAT AREA,annotation,0,{},not_delivered_not_automatically_missing,,False,,False,
6ee71f6be5f570b459e794be55c1d313b409d7a09b1cf24a0b782ed4e3d78a0c,139949,LWPOLYLINE,FO 24 CORE,,graphic_only,0,{},not_delivered_not_automatically_missing,,False,,False,
72f9f87eac4e6e5dd5db0f1a4c8d79a635bdcdebcfa75c611f760ce8312cf18c,1CD61A,DIMENSION,DIMENSI,,annotation,0,{},not_delivered_not_automatically_missing,,False,,False,
731e3c8b07068fa71da03ce900582c2c212619f046d119ef69db9332e3a08e9b,1CD58E,DIMENSION,DIMENSI,,annotation,0,{},not_delivered_not_automatically_missing,,False,,False,
7379957745805dc15bdc0fee78faa1041534704d596147cf8248a01060b8d05a,139968,TEXT,0,AE FDT,annotation,0,{},not_delivered_not_automatically_missing,,False,,False,
73a9feaabd7fcc27f03204c11a9780514160f0f2e0b0a76b4c1e6bbfeff44a5e,1399AB,TEXT,Service Core,LEGEND,annotation,0,{},not_delivered_not_automatically_missing,,False,,False,
760600fa8cda04cd6503a7f63b6dbf85880a772e2857c027f462e70b8f89615a,170A93,MLINE,Garis Jalan,,graphic_only,0,{},not_delivered_not_automatically_missing,,False,,False,
78f719e04319c5332a6e14029518af223cfe8194eca7f8361128a9cdd324aa46,1AEAA0,INSERT,NEW POLE 7m(4 inches),,mapped,1,"{""PTECH"": 1}",delivered,,False,,False,
7c11b20ed9f6ab8a029f9f8b4268088e67e6620e5699b976f51b985bc6efdc81,1BE2FB,LWPOLYLINE,FDT-Info,,graphic_only,0,{},not_delivered_not_automatically_missing,,False,,False,
7d653a212aa1f17d39a6443f46b5147dc40a4ce17857f2ab7f50bf7fbc70a908,1AEA97,TEXT,POLE ID,MR.IJY.KLDYA.P011,annotation,0,{},not_delivered_not_automatically_missing,,False,,False,
7dead1ccabaf132f74573be5416c782bedaa8056e9eb151c36c576948a5a760b,1C9D6D,INSERT,EXT POLE,,mapped,1,"{""PTECH"": 1}",delivered,,False,,False,
7e08725f9f89bbae923a8c092fd83166b2353874d936c93a1b339c3f3dbe46de,1CBD8C,MTEXT,EXT FM POLE,{\fArial|b1|i0|c0|p34;SLACK - 4 EXT},annotation,0,{},not_delivered_not_automatically_missing,,False,,False,
7e433acc64f9d5fda4d7ad31c1416412e98e0e5b9ea6bc8eaf5f1157891b1974,139995,INSERT,EXT POLE,,graphic_only,0,{},not_delivered_not_automatically_missing,,False,,False,
7f526e4b2e14af760776a7095319106138b52facd38924ada0646994b18ee1f6,1C984E,TEXT,POLE ID,MR.IJY.KLDYA.P001,annotation,0,{},not_delivered_not_automatically_missing,,False,,False,
811df3ce385562ae1d2d726663b24e593fb78c2c6a741e636360f017ec4a54c3,1C9D75,INSERT,EXT POLE,,mapped,1,"{""PTECH"": 1}",delivered,,False,,False,
816c7313ff422ae0ee93300a32f888baea12b411c2b19875944e505d30b64200,170A94,MLINE,Garis Jalan,,graphic_only,0,{},not_delivered_not_automatically_missing,,False,,False,
84b0887d8e284a268b65bbf39a2a3c1eaddec7cb2f52de2339a6622d4154955b,13995C,INSERT,CLOSURE,,graphic_only,0,{},not_delivered_not_automatically_missing,,False,,False,
84bd5c02377a2d50be4e91974299bcb26b79ac0bbb4572eef96bbd54114f8012,1A80E2,LWPOLYLINE,BATAS DESA,,graphic_only,0,{},not_delivered_not_automatically_missing,,False,,False,
853888456b13628ef8662a734d838ac18e106704431601db370c2d86bc789078,13994A,LWPOLYLINE,FO 48 CORE,,graphic_only,0,{},not_delivered_not_automatically_missing,,False,,False,
86bba0c605c884e65173ab2e5137f7abf46ed528dc0f64fc087cfecb5a34840a,170A83,MLINE,Garis Jalan,,graphic_only,0,{},not_delivered_not_automatically_missing,,False,,False,
87f88e1b6eba05f8014db842193f6f6f9a3800fa7f90e8df50ce609b79e3316d,1CD5F0,DIMENSION,DIMENSI,,annotation,0,{},not_delivered_not_automatically_missing,,False,,False,
881b1c9ccbe262cbcf1bee520b92ec1e500ffd8093dc01972d9b7f82e07a5904,1C9D7C,TEXT,POLE ID,EXT. MR.KSRA.P004,annotation,0,{},not_delivered_not_automatically_missing,,False,,False,
891219b44519865ba5a5a4327187368fd2636883a58eb983119aed37978fe918,1C9847,INSERT,NEW POLE 7m(4 inches),,mapped,1,"{""PTECH"": 1}",delivered,,False,,False,
894fe3ffb8fb9cf7c6a190b317c98cda57ff8810ba2f64d8623d3624b647d0a7,1CD5FE,DIMENSION,DIMENSI,,annotation,0,{},not_delivered_not_automatically_missing,,False,,False,
89c4f49215dfd37f44c919cea8e03c81ab525179e8841178c166b422871fa203,186A03,LWPOLYLINE,BATAS DESA,,graphic_only,0,{},not_delivered_not_automatically_missing,,False,,False,
8a0d4da592d16db2cea30aa2b5c201ed9fd7c733ebed4e29e742c1d428fd08cb,1B056B,TEXT,POLE ID,MR.IJY.KLDYA.P016,annotation,0,{},not_delivered_not_automatically_missing,,False,,False,
8a351ef8afe99c4a61fd822686a8c9b4e653f7661cdfc62ff70fd26cad431434,1CD59C,DIMENSION,DIMENSI,,annotation,0,{},not_delivered_not_automatically_missing,,False,,False,
8a6a2abf1360a9419980814647131bf66c81b377513b48900aaae944d36139a6,139994,TEXT,0,NEW POLE 7m 3',annotation,0,{},not_delivered_not_automatically_missing,,False,,False,
8a6e22bae826755d04af5c8a5ee5065994d29f57c9a2078dc5a1e0f683b5a653,1AEA0F,TEXT,POLE ID,MR.IJY.KLDYA.P006,annotation,0,{},not_delivered_not_automatically_missing,,False,,False,
8aa0e654f23fc9b969a1743fbd9a8aeee8a81723549ce724d71660b14acdbdf0,1C9856,TEXT,POLE ID,EXT. MR.KSRA.P008,annotation,0,{},not_delivered_not_automatically_missing,,False,,False,
8b4c76fd443aa15b94d37250c76f0afd97cd3b2275b416e848c43d9d4ca9a3c2,139952,TEXT,0,48 CORE,annotation,0,{},not_delivered_not_automatically_missing,,False,,False,
8e3b13f8bd81aa569b58b035d0c0992d295f8ce60de827a786b4a41c85bf854e,1AEABF,TEXT,POLE ID,MR.IJY.KLDYA.P008,annotation,0,{},not_delivered_not_automatically_missing,,False,,False,
8e729f56a135248bb3d838ff5330779b15df587b03dc352417bd1a7f7b803d3c,1CD636,DIMENSION,DIMENSI,,annotation,0,{},not_delivered_not_automatically_missing,,False,,False,
8e9ae83dd633c62fcdf9932b868fd2cb0b1d9e8a81a707fcf0862d23d514f796,1CB37D,MTEXT,POLE ID,IJY - KLDYA - 48C,annotation,0,{},not_delivered_not_automatically_missing,,False,,False,
8f0330ff308c105c7d26c878c40482c679bd0cc9c5342bfbc4a46960623ce6a4,1B15D2,LWPOLYLINE,FO 24 CORE LINE C - FDT 1,,mapped,26,"{""CABLE"": 25, ""INFRASTRUCTURE"": 1}",delivered,,False,,False,
90b49775c7dee9181d0d28d5ef6ab0d8b6103f4e8d4c047110bb96e7ba5b5043,1AEA08,INSERT,NEW POLE 7m(4 inches),,mapped,1,"{""PTECH"": 1}",delivered,,False,,False,
93dd681f854fb3a44d63e6f10e08ba91b1ed59247eb6e4b551eb6049a585d215,1C9D65,INSERT,EXT POLE,,mapped,1,"{""PTECH"": 1}",delivered,,False,,False,
942dadb4bff9adebe990d7b747f4d36a51533b6bd9ab89f7c2cb7d0f37194544,13997C,INSERT,PEDESTAL,,graphic_only,0,{},not_delivered_not_automatically_missing,,False,,False,
94737d016330c18e1690575bcdc476a51d6036d3bbd4b790170779cfcc86624f,1B3E0D,TEXT,POLE ID,MR.IJY.KLDYA.P002,annotation,0,{},not_delivered_not_automatically_missing,,False,,False,
95d0646492dc043b3d9bd8cf59bb6a83e6a845dcd9c9c0d6f4b7dbae84c63ab0,1CD5B8,DIMENSION,DIMENSI,,annotation,0,{},not_delivered_not_automatically_missing,,False,,False,
96178dc9d539f3a14f645e5533dae73b23b5a99b5033cd56e59ad3719c3fc72e,139985,INSERT,NEW POLE 7m(5 inches),,graphic_only,0,{},not_delivered_not_automatically_missing,,False,,False,
9630a2deb797fc6d2df9c3bea292cebf999507d5288321853518537d61e83f9a,1C9861,MLINE,Garis Jalan,,graphic_only,0,{},not_delivered_not_automatically_missing,,False,,False,
964c2b449d09f56177620e5caf41e0af5cd056a0032dff3fa1044669602f6e38,170A9C,MLINE,Garis Jalan,,graphic_only,0,{},not_delivered_not_automatically_missing,,False,,False,
9b0304da565bf31a17ac4657c71bbb4e05563e10410a4e6a016e251d65bd8626,170A80,MLINE,Garis Jalan,,graphic_only,0,{},not_delivered_not_automatically_missing,,False,,False,
9d348882080dfb038695bbf299fbd61c75fe1a91c88af47ab77ee52fe83361f0,1CB381,MTEXT,EXT FM POLE,{\fArial|b1|i0|c0|p34;SLACK - 1 EXT},annotation,0,{},not_delivered_not_automatically_missing,,False,,False,
9fa13de3d82e8fe5147b7110cb2484783d894a2aca57adb4804c5bde5dbe8b06,139965,TEXT,0,CLOSURE,annotation,0,{},not_delivered_not_automatically_missing,,False,,False,
a03d907dadbfecb737a6217b19eb0ea8ace5164f5c8c079c534726af195c9c06,1399B4,INSERT,NEW POLE 7m(4 inches),,graphic_only,0,{},not_delivered_not_automatically_missing,,False,,False,
a10d3bf8587cf3782fef4c7fc72a452146610fec8e93e1b39e3c91d353e0d624,1399A5,LWPOLYLINE,FO 36 CORE,,graphic_only,0,{},not_delivered_not_automatically_missing,,False,,False,
a195166e0066b1d2144ebd43a88a976866d8ad20c4fbf09f6501139f8f74cae5,13997B,TEXT,0,HH PIT 20x20x30 cm,annotation,0,{},not_delivered_not_automatically_missing,,False,,False,
a344cb2199d230797cab1ff6779e4a850c47d83c3b9e60282fb26fddaa59fa45,1C9D8D,INSERT,EXT POLE,,mapped,1,"{""PTECH"": 1}",delivered,,False,,False,
a5d6a1b0e444a7a676fda111bb7d9e7f9151ceb0785900a217b4b4c755b388d4,192452,MTEXT,JALAN,JL. TGK. FAKINAH,annotation,0,{},not_delivered_not_automatically_missing,,False,,False,
a60d21e1401bf5f72fc421f9d68312a45f3335f773e6b8d468ffe708ff6bfc08,139936,INSERT,FDT,,graphic_only,0,{},not_delivered_not_automatically_missing,,False,,False,
a76eb8343777d09fffb35274508d9a1ffbe596dc65c8bdfbeda58469a909bae5,1CD52C,DIMENSION,DIMENSI,,annotation,0,{},not_delivered_not_automatically_missing,,False,,False,
a7d3346afb1f11df7ffc69d629fa245e90df228f2ab8cf6f9ab0be65528db97c,1CB36C,MTEXT,a,"{\fSimSun|b0|i0|c134|p34;\C7;Coordinate :\C0; \fSimSun|b0|i0|c0|p34;\C7;5.468081°, 95.368299°}",annotation,0,{},not_delivered_not_automatically_missing,,False,,False,
a840d1e4b6af9eeaf2e25a744fd2d9f06bd0550c11ba502c1d2920c8d1078806,170A84,MLINE,Garis Jalan,,graphic_only,0,{},not_delivered_not_automatically_missing,,False,,False,
a89f67086f66f565586bb292f3bd5a16b7a7f39394d5a5dc400958d24c2b9f2e,170AA4,MLINE,Garis Jalan,,graphic_only,0,{},not_delivered_not_automatically_missing,,False,,False,
a951e90c3ce5da49de706b38fd881cce929e3d8885524e1d903b2d3010e8cfcb,1399AC,INSERT,NEW POLE 9m(4 inches),,graphic_only,0,{},not_delivered_not_automatically_missing,,False,,False,
ab57efdbc3456af8ecd8eb83d04623af23077081b87f3a07c9d301cb455b8cd3,1C9D85,INSERT,EXT POLE,,mapped,1,"{""PTECH"": 1}",delivered,,False,,False,
ac53cd012c2c1c3e5f592c4b1ffa663647e0c32447ef0bf55306021736c2e8c7,1A80E5,LWPOLYLINE,BATAS DESA,,graphic_only,0,{},not_delivered_not_automatically_missing,,False,,False,
acb5099f5233193660597699c97bb1e20c150f80dab017b687a8d47bd7bf63ad,1AEA07,TEXT,POLE ID,MR.IJY.KLDYA.P005,annotation,0,{},not_delivered_not_automatically_missing,,False,,False,
ad623feccda2f1a94ff9a991980331b6ab13a5bc13950f52f6931dd2dca06635,13996A,TEXT,0,LARGE TEE RADIUS,annotation,0,{},not_delivered_not_automatically_missing,,False,,False,
ada090ebad6743b77fe4b1dfc1abc1da8c3075b0cd31779dcf95e3546cec87ff,1AEA88,INSERT,NEW POLE 7m(4 inches),,mapped,1,"{""PTECH"": 1}",delivered,,False,,False,
adb13c2b5bf981daf722bd613cbb8a2d65c51cd998199d898b8e4b39350c1447,139969,TEXT,0,FAT,annotation,0,{},not_delivered_not_automatically_missing,,False,,False,
b4ec618e2f20c5b0d5d9fe563ae5dbbc42444f502a2d43f7bdaccaeacd50d84b,1C9D7D,INSERT,EXT POLE,,mapped,1,"{""PTECH"": 1}",delivered,,False,,False,
b4f431656f82aa5e5e39b6d119f73561246c9b2240128f0bbbeb15de04c049b1,1399C0,LWPOLYLINE,BATAS,,graphic_only,0,{},not_delivered_not_automatically_missing,,False,,False,
b51aa83da27aa6055ba4a6843a6abfdf4f99eed2b75650de87059c404794241d,1CD564,DIMENSION,DIMENSI,,annotation,0,{},not_delivered_not_automatically_missing,,False,,False,
b64b56ff340b0b4efc96ea240d6eeb92daedf1bcbc73e13679865063f19505a0,1BABB4,INSERT,FDT,,mapped,1,"{""SITE"": 1}",delivered,,False,,False,
ba7165062477f77bc63174e86eab4a0c072a7f8aec1295b69dbe0ecd6c2f9712,1CD4F4,DIMENSION,DIMENSI,,annotation,0,{},not_delivered_not_automatically_missing,,False,,False,
be8f4e59658c4e5b2417b519f956c50b117b1376323a5bec621798a5d63cf40f,139984,TEXT,0,NEW POLE 9m 5',annotation,0,{},not_delivered_not_automatically_missing,,False,,False,
bf5c6021a7795f698d33bf9a561e9075401d7a06035f84a4417b4027e8ff18a1,186A04,LWPOLYLINE,BATAS DESA,,graphic_only,0,{},not_delivered_not_automatically_missing,,False,,False,
c0fc7562e57b4274de785c66028f92e96401e8dc959f41e99ce541f523f432f9,1CBD8A,MTEXT,EXT FM POLE,{\fArial|b1|i0|c0|p34;SLACK - 2 EXT},annotation,0,{},not_delivered_not_automatically_missing,,False,,False,
c20c4b4d893daa070ec61ebebb25fb6f9503ec89cd9667729dcc0a1f58cf2ab1,139950,TEXT,0,12 CORE,annotation,0,{},not_delivered_not_automatically_missing,,False,,False,
c29c09e6661e9984ed67b1474d54816d5a62eb91cc3f576fe67b6458ea0b9a89,1CD5AA,DIMENSION,DIMENSI,,annotation,0,{},not_delivered_not_automatically_missing,,False,,False,
c82b8dc3d7dddf266af0b2da0e0fb9af6c77e0a456f6c1b485d05e4e9c72d290,1B051C,INSERT,EXT POLE,,mapped,1,"{""PTECH"": 1}",delivered,,False,,False,
c87f1311cd4be36aab9d905b5d0b064270a2f5abd75d95230aa9fff27e312d51,139966,TEXT,0,SPARE CABLE,annotation,0,{},not_delivered_not_automatically_missing,,False,,False,
c88c34464dad4dee75fa5e837ea689814c766d23b15379590e847c9b0f722a20,1CD5E2,DIMENSION,DIMENSI,,annotation,0,{},not_delivered_not_automatically_missing,,False,,False,
ca5ca642b97a5027ae0e238b4a1a5dabe407eb0e9549ee144e5822255fd227fd,170A85,MLINE,Garis Jalan,,graphic_only,0,{},not_delivered_not_automatically_missing,,False,,False,
ca9048622267bf783fdb5e13605f635598df10c9e7c10496f588a0bc72f92dc8,1456EE,LWPOLYLINE,BATAS,,graphic_only,0,{},not_delivered_not_automatically_missing,,False,,False,
cac44cb131e425744b37a7d4f4442c7aa54b47513da81445e4610e16c802bfc2,186A01,LWPOLYLINE,BATAS DESA,,graphic_only,0,{},not_delivered_not_automatically_missing,,False,,False,
cb39a86325ecf1b0499aed8e32f975f907b2675bc1f429f1e816f855c0df2258,139948,LWPOLYLINE,FO 12 CORE,,graphic_only,0,{},not_delivered_not_automatically_missing,,False,,False,
cc4314f878940f5247e60e85a5700d17e59c7ab6d15527598585e8666b7d5a27,1399BF,LWPOLYLINE,BATAS,,graphic_only,0,{},not_delivered_not_automatically_missing,,False,,False,
cc598f4024c50be1a773bf5045679e7f6b889dc02114ede5e20b16fc84cdbb64,1AEAB8,INSERT,NEW POLE 7m(4 inches),,mapped,1,"{""PTECH"": 1}",delivered,,False,,False,
cfa25d74d7810595da27933e241009c151bfb7d33f0870ead8e842097c854e69,139959,TEXT,0,DROP DUCT,annotation,0,{},not_delivered_not_automatically_missing,,False,,False,
d623ede8bca98d31596102c97a94e851f696602656011f93c9828b99ef02df58,13996C,INSERT,HH PIT 40x40x60 cm,,graphic_only,0,{},not_delivered_not_automatically_missing,,False,,False,
d89d154a4272d92a6f2444b8d5207aa572e35b21fe2dd526895f6fdedf3068f9,1CC2AA,INSERT,TEXT INFO,,graphic_only,0,{},not_delivered_not_automatically_missing,,False,,False,
d971d32c573b70e424f647424919d9611d97e017fa3c85566a3a56b315196a41,1CD548,DIMENSION,DIMENSI,,annotation,0,{},not_delivered_not_automatically_missing,,False,,False,
de843b77d176a3fc8d846b0808572281aad9bb924599711910b62f0a6afebff4,139953,TEXT,0,72 CORE,annotation,0,{},not_delivered_not_automatically_missing,,False,,False,
deeeaa02acc239f484f07f4865ec35e1fec94c28b5cd228fc9ba3cbc2a53d749,1399BC,LWPOLYLINE,BATAS,,graphic_only,0,{},not_delivered_not_automatically_missing,,False,,False,
df6995025d1a412db9ad3ac9a4c90b247d7076e255d4c35153561695684055cf,186A02,LWPOLYLINE,BATAS DESA,,graphic_only,0,{},not_delivered_not_automatically_missing,,False,,False,
e15f1e780a877c433ce622d5553c8dfd0bcb54d7178266bd9faef075d5e5e373,1399BE,LWPOLYLINE,BATAS,,graphic_only,0,{},not_delivered_not_automatically_missing,,False,,False,
e31c7e7146d75b4b37a4b4de135f72b49a119292af803ece478034889afe0534,170AEC,MLINE,Garis Jalan,,graphic_only,0,{},not_delivered_not_automatically_missing,,False,,False,
e3723d8850641f3ee3834a612c21f92480e2ad06ae703950a7922d79941482e5,1C9860,MLINE,Garis Jalan,,graphic_only,0,{},not_delivered_not_automatically_missing,,False,,False,
e6eb80bf4e90c970d916e5c40b51f8e1448c1d6436b283d714ccdd5c70ecf780,139951,TEXT,0,24 CORE,annotation,0,{},not_delivered_not_automatically_missing,,False,,False,
e72e3f38d0b1d72f6ba87362b3415a00ec7d5e8730c6be119f5c44d288317d60,1CC358,LWPOLYLINE,FDT-Info,,graphic_only,0,{},not_delivered_not_automatically_missing,,False,,False,
e7d67f841e308b3c15f4576be64f5433f8cf884d1fbbb90458b2fd83068c5646,1C1669,INSERT,FDT-Info,,graphic_only,0,{},not_delivered_not_automatically_missing,,False,,False,
e8910c959487abbce71821817496b14a20a58c1bd52765e55bfab8aaa9f63750,1C9D94,TEXT,POLE ID,EXT. MR.KSRA.P005,annotation,0,{},not_delivered_not_automatically_missing,,False,,False,
eb9c7379270bd8b6da53f1175448fbb7eda4dcaa8ca25f1fad3684b59c6b0264,1BED06,LWPOLYLINE,FDT-Info,,graphic_only,0,{},not_delivered_not_automatically_missing,,False,,False,
ebbfb1aecf3c06457873d7e0f9efeab24109d3e425501d72b1fc7bd72ac4d772,1CB35D,INSERT,TEXT INFO,,graphic_only,0,{},not_delivered_not_automatically_missing,,False,,False,
ec15def199992f8235c1bfbe7c847b8ea55ccde6e5c0141f6eabf5be44350aa8,170A9B,MLINE,Garis Jalan,,graphic_only,0,{},not_delivered_not_automatically_missing,,False,,False,
ed3cc142f28e9a05f9ce7c996cf36961fc5ae89bb66bbaead173de2c0d7b95d8,13995A,TEXT,0,SLING WIRE,annotation,0,{},not_delivered_not_automatically_missing,,False,,False,
ed6139d22aeb27d097ce9c5c72fe59332b29b233f993145872558f541d3d02ef,170AE1,MLINE,Garis Jalan,,graphic_only,0,{},not_delivered_not_automatically_missing,,False,,False,
ee9969ed57e2662202c606e7882415909b3df46c86f4242d4fabcd3a2380cb32,1A80E4,LWPOLYLINE,BATAS DESA,,graphic_only,0,{},not_delivered_not_automatically_missing,,False,,False,
f05d18af0064e4911385abb3af86ba054fc73f3619bad3ce34b5682992e46ac3,13992C,INSERT,NEW POLE 9m(5 inches),,graphic_only,0,{},not_delivered_not_automatically_missing,,False,,False,
f1158a3cfe9720d583cf43e819c73f497e2536b11155e8208c2dabdf71051747,1AE9F7,TEXT,POLE ID,MR.IJY.KLDYA.P003,annotation,0,{},not_delivered_not_automatically_missing,,False,,False,
f1c6f86ee1e8370d2952c0547660c515954b2c210a1d5d3719ef21da3c3df8f5,1C9D74,TEXT,POLE ID,EXT. MR.KSRA.P003,annotation,0,{},not_delivered_not_automatically_missing,,False,,False,
f2b350289828df415eb22105ae6e5b00272438b47a37ea84b9f39c4e6b988e0a,1AEAAF,TEXT,POLE ID,MR.IJY.KLDYA.P014,annotation,0,{},not_delivered_not_automatically_missing,,False,,False,
f3454d43be29355802788113fb081e5428203b448a6ba8564d7d63cccbe9d010,188377,LWPOLYLINE,BATAS DESA,,graphic_only,0,{},not_delivered_not_automatically_missing,,False,,False,
f3b1a263872baa7c8f78f043120105c02b84b62010725c9f17e6d0a297e4572a,170AA2,MLINE,Garis Jalan,,graphic_only,0,{},not_delivered_not_automatically_missing,,False,,False,
f44e3d50fac1a8a6a8083c233b54a0a518cec42aa1af2e465830b2b86aac2d05,13998D,INSERT,NEW POLE HC,,graphic_only,0,{},not_delivered_not_automatically_missing,,False,,False,
f7f5a7a5b3013317ddab40d45c8318330f0ea678cbe4e5093643756cf4983bdd,1CD502,DIMENSION,DIMENSI,,annotation,0,{},not_delivered_not_automatically_missing,,False,,False,
f8541305aa0c1ecbc23c57be8591cbba434d3d373f3398947e014cc1da7fa39f,13994D,LWPOLYLINE,FO 144 CORE,,graphic_only,0,{},not_delivered_not_automatically_missing,,False,,False,
f9b132f799a1dfd0431bf68553e8557c6ed9c843bb21a7a4fff347d76493e771,1C9D64,TEXT,POLE ID,EXT. MR.KSRA.P001,annotation,0,{},not_delivered_not_automatically_missing,,False,,False,
fa710a457d599996681d62eb87669fdd6fc687dba35bd88f743153d9214cde69,139983,TEXT,0,UG Pedestal,annotation,0,{},not_delivered_not_automatically_missing,,False,,False,
fda550f26769625316c89b854f9fe2454666bd767c47acf216aa757acd41b8e2,1CB37F,INSERT,FIBER SPARE COIL,,graphic_only,0,{},not_delivered_not_automatically_missing,,False,,False,
fda6c2a7823361b0ecd9850961ad4ff605696bf5538b77f3ddc9716d3e80be52,1C9D6C,TEXT,POLE ID,EXT. MR.KSRA.P002,annotation,0,{},not_delivered_not_automatically_missing,,False,,False,
fdfde13c8ac9b8397f8216201a8cca25730999e7005d17e118327dfea334a81f,186A00,LWPOLYLINE,BATAS DESA,,graphic_only,0,{},not_delivered_not_automatically_missing,,False,,False,
fed10fdd19124ae298e1b921b8465babed086f7c4660fb5bfe3467dd76d90478,139924,INSERT,HH PIT 80x80x130 cm,,graphic_only,0,{},not_delivered_not_automatically_missing,,False,,False,
ffe459f4aba4fd2fb81bd3e3523e4ae18301791300994715592e03245a25b2cb,1C9D84,TEXT,POLE ID,EXT. MR.KSRA.P007,annotation,0,{},not_delivered_not_automatically_missing,,False,,False,
plan:00a35961631a71c4f488c118f7c08b7546abe04e45441618ec0d3cf35977194a,139924/A2A9,TEXT,0,40,annotation,0,{},not_delivered_not_automatically_missing,fc2d471fdc95fa2e80c099665eb782da795d5bbfe5514fc06fafe2d0b3f26c4d,True,fed10fdd19124ae298e1b921b8465babed086f7c4660fb5bfe3467dd76d90478,True,graphic_only
plan:00bbbe6bc6ae508377f036e8d40e4ec92c87659e08bf4290621e2c83b76ebb6b,1AEAA8/29462,TEXT,0,NP9,annotation,0,{},not_delivered_not_automatically_missing,84894ff720fad08142b4b5794738d9f03a678c033f0cf0d6c83cb7cf83b64ff1,True,64997a1219cc5cfd92791346e28288f2c8407ddd59794f17f52e068f93ae8154,True,mapped
plan:00ca7fff279bd8387eb1a5320004839a7c0542cf9421773b84dec100d7a3c4dc,1B051C/2942F,TEXT,0,NP9,annotation,0,{},not_delivered_not_automatically_missing,a34c248a4b649cd2ae9afae0a16b8407e58b643dbc1d1aa3b2a43448a87ac13c,True,c82b8dc3d7dddf266af0b2da0e0fb9af6c77e0a456f6c1b485d05e4e9c72d290,True,mapped
plan:00d71dea5d9cb9d2a2b40c1011961c604bc018d5bb4b1ec551303812df6d9c13,1C9D85/29434,TEXT,0,FM,annotation,0,{},not_delivered_not_automatically_missing,9aab4291b190201ea0402e960d730e49f5bbc4da4d85368ff5180c7ce150706f,True,ab57efdbc3456af8ecd8eb83d04623af23077081b87f3a07c9d301cb455b8cd3,True,mapped
plan:0133f574b240d72910ecd0b6e6ca8f0d85038e38acfe2d05cfdbb14c1d8a6c68,1C9D65/29434,TEXT,0,FM,annotation,0,{},not_delivered_not_automatically_missing,9aab4291b190201ea0402e960d730e49f5bbc4da4d85368ff5180c7ce150706f,True,93dd681f854fb3a44d63e6f10e08ba91b1ed59247eb6e4b551eb6049a585d215,True,mapped
plan:017510c1fd5d4eb04aa59e2651fd9b28e6595d8589041de74ab5d9bc82ca84b6,1CB35D/1CB339,ATTDEF,0,XXX,annotation,0,{},not_delivered_not_automatically_missing,3fbf3985f0aedbb3d21aa2689585c2bfa9567d2b866d1cf0ffc9fcf71d24614e,True,ebbfb1aecf3c06457873d7e0f9efeab24109d3e425501d72b1fc7bd72ac4d772,True,graphic_only
plan:020d20f9ff1b1386b0baef5c5bc948b26785247176969e36a10c7562a2e9ca7b,1C9D7D/2942F,TEXT,0,NP9,annotation,0,{},not_delivered_not_automatically_missing,a34c248a4b649cd2ae9afae0a16b8407e58b643dbc1d1aa3b2a43448a87ac13c,True,b4ec618e2f20c5b0d5d9fe563ae5dbbc42444f502a2d43f7bdaccaeacd50d84b,True,mapped
plan:022b2aff9d0d8e73b0fabc24dab9139deb7af234ef40071aac7246b7f37e75bf,1AEAB8/2945B,CIRCLE,0,,graphic_only,0,{},not_delivered_not_automatically_missing,4605561d11f325859d5c89bb2da0871aef73d20a9800276272ca2720cb768575,True,cc598f4024c50be1a773bf5045679e7f6b889dc02114ede5e20b16fc84cdbb64,True,mapped
plan:024b5ec5a006cddc4704afa771492b7af1ef3c00c115fa6c1b70578c2a2c6656,13995C/A268,LWPOLYLINE,0,,graphic_only,0,{},not_delivered_not_automatically_missing,efea1dd9a0fe96efeba83cf861426c39ce90a6e0e6401a1726d821e680ef057b,True,84b0887d8e284a268b65bbf39a2a3c1eaddec7cb2f52de2339a6622d4154955b,True,graphic_only
plan:02bc9c823c261d79555a6592e656b64c7571d3a73ae42865b118085bb8baebf7,13995C/A26D,LWPOLYLINE,0,,graphic_only,0,{},not_delivered_not_automatically_missing,ca8f119272f22741019669682f5ecf8c61abe2caf340abf414ddf9de2b77c9df,True,84b0887d8e284a268b65bbf39a2a3c1eaddec7cb2f52de2339a6622d4154955b,True,graphic_only
plan:02fa87a9e4e89cba9eaaff75e6b012fde98d3675634c315f6639f62572ac393c,1BA661/3E884,LWPOLYLINE,0,,graphic_only,0,{},not_delivered_not_automatically_missing,eae582e0da95f4581922e110f342805963d13530be6a5de94ec1c78a5a2acc09,True,660899928965caa433eba48baf187d474a8feab047b86997317e675a5a301188,True,mapped
plan:034141743ca53c347ca916c1432c4b710f14bd86fbd718e22284d29dcac9d3a5,13998D/A7A0,TEXT,0,5',annotation,0,{},not_delivered_not_automatically_missing,c9aa938156f66b0de59f359a4ac9ffc25e4dbcbf178b750531c52bf9c1b30fdb,True,f44e3d50fac1a8a6a8083c233b54a0a518cec42aa1af2e465830b2b86aac2d05,True,graphic_only
plan:03efa2d6caa2c146fe5acf58d191ce17932de842a545f8df1e4bb9ff5cf9c30d,1C1157/14371,LWPOLYLINE,FDT-Info,,graphic_only,0,{},not_delivered_not_automatically_missing,b27675be3931939476be0bf4933af6291c5b2454ad0df4b35dde3fd6ff3a14da,True,15e44996eaceda97a1cbba7ddf041d5e31dabc9603a87af0179eee05c8f2d271,True,graphic_only
plan:048791433b30a500db936a4349ae456cfa58ab89ac161711305cbc8d6e0ec90d,1AEA98/2945E,LWPOLYLINE,0,,graphic_only,0,{},not_delivered_not_automatically_missing,a50919ba67b3d95ae34559a59cccb10ea42f185d160f49992d14a7ca55d9b640,True,6d3591e29a9e9033f59ca8401666a07ab45ab905d85d3095b625c291a01d0c2f,True,mapped
plan:05cfd8854714326a5691ae1e61a7caacae79bcbc63c4401914ba3617f6d2959d,13996C/A294,LWPOLYLINE,0,,graphic_only,0,{},not_delivered_not_automatically_missing,7aaf7d00a3e1b2687957d11c3c7c0758e59419dc89bfaec3f05068a87313b7cd,True,d623ede8bca98d31596102c97a94e851f696602656011f93c9828b99ef02df58,True,graphic_only
plan:0621219457ffa6f2316f13bcb319b339989c9dc607fbe96495876e6d16493738,1CB380/15AA69,LINE,CLOSURE,,graphic_only,0,{},not_delivered_not_automatically_missing,317be4eded5a791c74e8f278d02f3eb0476a368ed9311e30f46223015bf21edf,True,4cb89f40269ce17a44fed4986d2e4ec02a101fcd045dc1e95990e2ab09f8982d,True,graphic_only
plan:06b85caaecdca23e130d7db934dcddd3cab4a185b5b355cc0e92dccb7982e197,1AEA00/2945D,LWPOLYLINE,0,,graphic_only,0,{},not_delivered_not_automatically_missing,99b0795cb1b7f362ebdc3e9f47f2ef37ea65f3b3df71aad6339af4b1e5417c6a,True,5d87ad88ff55e5f8ba21e84183899154fb305292bc2801461f17f20dcbc93ca1,True,mapped
plan:07a2a9c0296916bcbace470789074e7873be4360dcd61b538f86bb54c4b94c1b,13998D/A79C,CIRCLE,0,,graphic_only,0,{},not_delivered_not_automatically_missing,ea281705a4c6c36d24d8f38e119f1137bc287281691540dfba121f3c761169fb,True,f44e3d50fac1a8a6a8083c233b54a0a518cec42aa1af2e465830b2b86aac2d05,True,graphic_only
plan:084855cd12bd7bf10cbcb20d2af471c7ac21a894e0ccca9f15cb3cbfc1a3d5cc,1AEAB0/2945F,TEXT,0,5',annotation,0,{},not_delivered_not_automatically_missing,04d52eb8301f35e0cec1ad5a3cb51b4f5e9bec90c9b605ffea41bd9258c5fa26,True,1c53d34e2291a4063fe44233f37280bdd6b674495d256e7e54545f939ab4f734,True,mapped
plan:08864aeb78442c2106034ccd118e605300bc4d6730bd55af382182026b6324b8,139924/A2A3,LINE,0,,graphic_only,0,{},not_delivered_not_automatically_missing,431c5cf83e339db95b76bed2de5a3de8fa362bf8d0fd53a5d5c37bb2740e5d44,True,fed10fdd19124ae298e1b921b8465babed086f7c4660fb5bfe3467dd76d90478,True,graphic_only
plan:08b2b015068f2ec4036879a6fa830a260a82b8693f13cb73d80591bca61e4c27,1AEA88/2945F,TEXT,0,5',annotation,0,{},not_delivered_not_automatically_missing,04d52eb8301f35e0cec1ad5a3cb51b4f5e9bec90c9b605ffea41bd9258c5fa26,True,ada090ebad6743b77fe4b1dfc1abc1da8c3075b0cd31779dcf95e3546cec87ff,True,mapped
plan:0985e2e224c5a2fa8b30d8bb5cffbff3a47e79fcdd0f1f0d384ba79274dab126,1CC2AA/1CB33D,WIPEOUT,0,,graphic_only,0,{},not_delivered_not_automatically_missing,3a2d5f688dd5cd9d0e5b186156ccafcc2b401269e3266ac03517b16b40c503f1,True,d89d154a4272d92a6f2444b8d5207aa572e35b21fe2dd526895f6fdedf3068f9,True,graphic_only
plan:0987b43fad6cd7f925a805311affc6745596fe682d9af9ed9ac579e36087ed96,1AEA00/29461,TEXT,0,FM,annotation,0,{},not_delivered_not_automatically_missing,174426606c3f9fceb5236519aabec1cb116307e98d4a518da5beb5cd9fbf5a19,True,5d87ad88ff55e5f8ba21e84183899154fb305292bc2801461f17f20dcbc93ca1,True,mapped
plan:0a3a53c86b75843e4d363680294a79337d60b8cdd90041f18b88fecf61d95360,1C9D6D/29431,LWPOLYLINE,0,,graphic_only,0,{},not_delivered_not_automatically_missing,4de48158bf57d26f83917dd5faeded95c50541e62ce86f60f80d77c97f711141,True,7dead1ccabaf132f74573be5416c782bedaa8056e9eb151c36c576948a5a760b,True,mapped
plan:0a6b2d7478634dc2d863b5e7a8c4ec03c4de1492835f5e8dcc374c18f91ffce7,1AEA00/29462,TEXT,0,NP9,annotation,0,{},not_delivered_not_automatically_missing,84894ff720fad08142b4b5794738d9f03a678c033f0cf0d6c83cb7cf83b64ff1,True,5d87ad88ff55e5f8ba21e84183899154fb305292bc2801461f17f20dcbc93ca1,True,mapped
plan:0ac206af52d4349d9d812356528e1b9301a6d54a49b264491beb94557ba2be22,1CB380/15AA4C,LINE,CLOSURE,,graphic_only,0,{},not_delivered_not_automatically_missing,0975a0a1e0d6195f5625bc9d32b006ca7e343c611dd69cd1bfe818954015ce6b,True,4cb89f40269ce17a44fed4986d2e4ec02a101fcd045dc1e95990e2ab09f8982d,True,graphic_only
plan:0ade4c046a06eaea9f681c62e34f5b4752af9b219a19202bba320a54bd8225e1,1C1669/1436F,LINE,FDT-Info,,graphic_only,0,{},not_delivered_not_automatically_missing,5beea4a35d69875f60b0fe41ffbe493def9a9bce38897e4da79d44d2a95c330a,True,e7d67f841e308b3c15f4576be64f5433f8cf884d1fbbb90458b2fd83068c5646,True,graphic_only
plan:0ae34a557f93b5bc260f142b16e23bb2fe0fa4d6f35b033576a6985c7e334dc9,1AC878/29435,TEXT,0,NP9,annotation,0,{},not_delivered_not_automatically_missing,20dc07a255b78278011d800be163aef04477b2a3f090e319b0541cc2d022a31f,True,3a414929229b430e4149563d5db0ac09fdb92a08061bbf2c16ace7f648835155,True,mapped
plan:0b0329c765bcbed7ee5736db0827ee170432277acdfd2fd8124434cae748d4e0,1C9847/29460,TEXT,0,3',annotation,0,{},not_delivered_not_automatically_missing,ec3b41c69b6ab55d01d156889f033c378036bf6506735d741076b4ee7212f411,True,891219b44519865ba5a5a4327187368fd2636883a58eb983119aed37978fe918,True,mapped
plan:0b1bf8d2fbd323715cd29a1fdc20cfcf743d28bf864c6838ddf46c830c198ac4,1CF081/15A960,ELLIPSE,COIL,,graphic_only,0,{},not_delivered_not_automatically_missing,d2c26483e13e2394a204ae4a5224fb09c21797d69ce202999d0d188dd4763bab,True,2c9abf0c5ca0bb91451c7a46e1537abef14bbcc60b4b855e7c2170e7d6a0ea06,True,graphic_only
plan:0b616f45c7612067e4be6cdba4522fc1b546c8057775722a989a45b97ffa5cdf,1399B4/2945E,LWPOLYLINE,0,,graphic_only,0,{},not_delivered_not_automatically_missing,a50919ba67b3d95ae34559a59cccb10ea42f185d160f49992d14a7ca55d9b640,True,a03d907dadbfecb737a6217b19eb0ea8ace5164f5c8c079c534726af195c9c06,True,graphic_only
plan:0bd836840a1e5630873e27f336ae6e173a44144f326a5ee38ddbf6a62c63852d,1CB380/15AA96,LINE,CLOSURE,,graphic_only,0,{},not_delivered_not_automatically_missing,a509a10d11dbb92d3bceb0f9ea634e13f522aad065a5dbbbfeed2a59066adc2d,True,4cb89f40269ce17a44fed4986d2e4ec02a101fcd045dc1e95990e2ab09f8982d,True,graphic_only
plan:0bfa44271db7867c75ec6f721d095853642e3ff7e4900a872f73cdb20401d072,1AEA98/2945A,TEXT,0,NP7,annotation,0,{},not_delivered_not_automatically_missing,07c03427faeced9510b9b2358fdd62db08ae16fb581770cb6b0bf8f8aa9e83f3,True,6d3591e29a9e9033f59ca8401666a07ab45ab905d85d3095b625c291a01d0c2f,True,mapped
plan:0c3c7117590916aa860283a1f91ffbbff62c8206c9e063017dbffc83029f245a,1CB380/15AA76,LINE,CLOSURE,,graphic_only,0,{},not_delivered_not_automatically_missing,294f747ced78114edd9750c221734383aded2e9f7d9618a2e3858f8542a6a766,True,4cb89f40269ce17a44fed4986d2e4ec02a101fcd045dc1e95990e2ab09f8982d,True,graphic_only
plan:0c825d0c8d674eb7952c2ec597607cc5ed45c95612c932404d60c49afe7b19e4,139995/2942F,TEXT,0,NP9,annotation,0,{},not_delivered_not_automatically_missing,a34c248a4b649cd2ae9afae0a16b8407e58b643dbc1d1aa3b2a43448a87ac13c,True,7e433acc64f9d5fda4d7ad31c1416412e98e0e5b9ea6bc8eaf5f1157891b1974,True,graphic_only
plan:0dd474913c9c69a38ca5f629104d149826784074f2527078759377422b865bbc,1CB380/15AA88,LINE,CLOSURE,,graphic_only,0,{},not_delivered_not_automatically_missing,794a06bc02c05bd54621c29c9f74762417936eb069129f0a55e7fa70963f704a,True,4cb89f40269ce17a44fed4986d2e4ec02a101fcd045dc1e95990e2ab09f8982d,True,graphic_only
plan:0de35c8f01bedf8c6a008c9d9164af31c03a5f2e803de6d9663279e0878ef402,1AEA88/2945D,LWPOLYLINE,0,,graphic_only,0,{},not_delivered_not_automatically_missing,99b0795cb1b7f362ebdc3e9f47f2ef37ea65f3b3df71aad6339af4b1e5417c6a,True,ada090ebad6743b77fe4b1dfc1abc1da8c3075b0cd31779dcf95e3546cec87ff,True,mapped
plan:0e766812143479e53be10a02834634affa13cab87e6091228285a0c2ab12f271,1CC2AA/1CB33E,WIPEOUT,0,,graphic_only,0,{},not_delivered_not_automatically_missing,cb0b705a232353749d08af60cb2e6e8966f545ceb57fb13e46197c478f875445,True,d89d154a4272d92a6f2444b8d5207aa572e35b21fe2dd526895f6fdedf3068f9,True,graphic_only
plan:0ef4fb2ba1459356667a4c29062968781ee9a35fa9b91a85d074065fd2588d11,139936/3E888,ATTDEF,0,XX,annotation,0,{},not_delivered_not_automatically_missing,a5623ae8357a4528463b4d1c0334b9ea2007d9a57f6be3ea50e166dcb63df213,True,a60d21e1401bf5f72fc421f9d68312a45f3335f773e6b8d468ffe708ff6bfc08,True,graphic_only
plan:0f96d9273acf9685620f6730731ac74c6a24c8256e77d5931b18dbef11de1294,1AEAA8/2945B,CIRCLE,0,,graphic_only,0,{},not_delivered_not_automatically_missing,4605561d11f325859d5c89bb2da0871aef73d20a9800276272ca2720cb768575,True,64997a1219cc5cfd92791346e28288f2c8407ddd59794f17f52e068f93ae8154,True,mapped
plan:0fd75d7caa7869e6e3e5f8184dc354094706a71833e1dfeec1800c3302fdd50c,1CB380/15AA1D,LINE,CLOSURE,,graphic_only,0,{},not_delivered_not_automatically_missing,c9deab8d118961a2ad74943747c02fa37e838cc1a44a9007bacf467d00418a37,True,4cb89f40269ce17a44fed4986d2e4ec02a101fcd045dc1e95990e2ab09f8982d,True,graphic_only
plan:0feb5ebfa8be87615a66f387130223f01ae0222d84391a86565cc90e452ffeb5,1CB380/15AA9A,LINE,CLOSURE,,graphic_only,0,{},not_delivered_not_automatically_missing,11a9c33ae737bb7e34065b84ba2e017fd584baab701516028dbbec8908b3f571,True,4cb89f40269ce17a44fed4986d2e4ec02a101fcd045dc1e95990e2ab09f8982d,True,graphic_only
plan:10571002d47ba65a0a884d41813981738bc507d9ba7d1f8b57e47d34a0df79b4,1C9D5D/29434,TEXT,0,FM,annotation,0,{},not_delivered_not_automatically_missing,9aab4291b190201ea0402e960d730e49f5bbc4da4d85368ff5180c7ce150706f,True,02c34b322a6b2cfb01512d2652deac355e29b3fb4dab778e2b3a3993a0f928a6,True,mapped
plan:107d880c9b8eb976a80405655b68d8a56231e66f6cc5d2acc8699c63efc0cb40,1399AC/A77B,TEXT,0,NP9,annotation,0,{},not_delivered_not_automatically_missing,db01c27008cd08a24ad904d2ab467fcadef98d47797aef5c4098ac6e1cc24be4,True,a951e90c3ce5da49de706b38fd881cce929e3d8885524e1d903b2d3010e8cfcb,True,graphic_only
plan:10b40294d94639209e7554e0ba2c05e27a3771d1e9da86a8ae7555497488dfab,1399B4/2945A,TEXT,0,NP7,annotation,0,{},not_delivered_not_automatically_missing,07c03427faeced9510b9b2358fdd62db08ae16fb581770cb6b0bf8f8aa9e83f3,True,a03d907dadbfecb737a6217b19eb0ea8ace5164f5c8c079c534726af195c9c06,True,graphic_only
plan:10f95deffd2ebb59ee9e977c8184c92629aa23a69aaf0a4edb8ba9c9270d47ac,1CB35D/1CB333,LINE,0,,graphic_only,0,{},not_delivered_not_automatically_missing,f641eefc75bbd02c83ecc79a2c9d90d06a39f4770ab3120d012c262a8846ebae,True,ebbfb1aecf3c06457873d7e0f9efeab24109d3e425501d72b1fc7bd72ac4d772,True,graphic_only
plan:10f974f5f3d082c6d0f2fca669cf8aacb26cecece7e2b5f2e8303294f5c07ead,1C9D6D/29434,TEXT,0,FM,annotation,0,{},not_delivered_not_automatically_missing,9aab4291b190201ea0402e960d730e49f5bbc4da4d85368ff5180c7ce150706f,True,7dead1ccabaf132f74573be5416c782bedaa8056e9eb151c36c576948a5a760b,True,mapped
plan:118108a0559887d6d8e1c2a2b0d4eeb75f7e532ae6c79a6754377d01aa6a4dab,1CC2AA/1CB335,ATTDEF,0,XXX,annotation,0,{},not_delivered_not_automatically_missing,cb27d7cfda6edf816b1c0406a2c379b24558ff0cc6072ff499d5c82362ccd50a,True,d89d154a4272d92a6f2444b8d5207aa572e35b21fe2dd526895f6fdedf3068f9,True,graphic_only
plan:11af2920948febfe0010be4c7d31740037f571480a5d84a29d66f2e6dee4b881,1AEA90/29461,TEXT,0,FM,annotation,0,{},not_delivered_not_automatically_missing,174426606c3f9fceb5236519aabec1cb116307e98d4a518da5beb5cd9fbf5a19,True,3aedf01d9d8a35ee2afe658368df7dce1241d6644e28bbfa2c247342a349a611,True,mapped
plan:11b342c67cd09be3e68798456df988f3d7c5c11c19f377c1fc7aeb71fa8cb01c,1CB380/15AA55,LINE,CLOSURE,,graphic_only,0,{},not_delivered_not_automatically_missing,d811a187ccda71bb318abe0c6bb307f63f1c3255c52561a5c6116b00d33cf7a2,True,4cb89f40269ce17a44fed4986d2e4ec02a101fcd045dc1e95990e2ab09f8982d,True,graphic_only
plan:11c7665fde3a3769e720bd9b3ccd28cc1e5a25fac4adae0ef8c22f8eea4b7ff1,1CB380/15AA9B,LINE,CLOSURE,,graphic_only,0,{},not_delivered_not_automatically_missing,201424b12cc53f071aa5a8399d68eb794679309f6f7ac019df756d9c65267e88,True,4cb89f40269ce17a44fed4986d2e4ec02a101fcd045dc1e95990e2ab09f8982d,True,graphic_only
plan:11ca09ca181dc00996397b763c78a92b174fadf86943894c690ad3df06391f33,139924/A2A2,LINE,0,,graphic_only,0,{},not_delivered_not_automatically_missing,e66b97bdeec4b5f2cffa990851f53e1c089a6d9e6e8de33ca647c393e33420d6,True,fed10fdd19124ae298e1b921b8465babed086f7c4660fb5bfe3467dd76d90478,True,graphic_only
plan:1225ded00a31f03f52169ebae2b8a2284e5f37c3456caf437271e79d326fd6ce,13993F/1398E4,ATTDEF,0,XX,annotation,0,{},not_delivered_not_automatically_missing,3e186819d88a9e04d91ec01c264b921f2d98cc10790753a3cb54ea6ed7237f58,True,597fe5ec1015029e58b5bae42e9530bf72264ac54131525b19704d87839027f2,True,graphic_only
plan:12a419d5b775bf741243576ed4ce571d6bb0b57bead1e8c30ca9105f910cf0ad,1CB380/15AA21,LINE,CLOSURE,,graphic_only,0,{},not_delivered_not_automatically_missing,6db5e324f67c82a7a6a297b487d2ec8b4d913e79ea16dca4c5c0d08a9a07629c,True,4cb89f40269ce17a44fed4986d2e4ec02a101fcd045dc1e95990e2ab09f8982d,True,graphic_only
plan:130b21fb0ef62c223853aef36cbdff49ceb11e5cb99f5c625e48e9832b3e47f8,1399B4/2945F,TEXT,0,5',annotation,0,{},not_delivered_not_automatically_missing,04d52eb8301f35e0cec1ad5a3cb51b4f5e9bec90c9b605ffea41bd9258c5fa26,True,a03d907dadbfecb737a6217b19eb0ea8ace5164f5c8c079c534726af195c9c06,True,graphic_only
plan:13300cfb1965fbc8bd111b6d37cf4fbf981e1ffa49a984a11576ffed070a8362,1AEA10/2945C,TEXT,0,NP9,annotation,0,{},not_delivered_not_automatically_missing,47f68d9c28875dd58c9d13c5fa0d324473a34adbb2996561f872d6dc296b37b5,True,10d5deec89657e8846c3bccdc50c1e66850ed46ff9966bde8aa306a5759e2fdc,True,mapped
plan:136da4d652e9b7f411c67b4080a091d83b0d845fa647e1a6b231d847a73424d7,139974/A2B2,TEXT,0,HH,annotation,0,{},not_delivered_not_automatically_missing,e5fdf3c55a3c488d58bfb8b6229637fda0c4e9d519eb919d82a781f88944d710,True,29d3e925e6e9b02311eda37c7d666b9e176aec4db6b1fa2b10c4678525494581,True,graphic_only
plan:13c6e4ad3d31e48c5c0049c6d341a657b9df4136794c84ac42b4c8d8c74a32f4,1BA661/3E889,HATCH,0,,graphic_only,0,{},not_delivered_not_automatically_missing,0e327c55e27bd9fa28041254f02e175a2404316cc8c4bebc0bdd22ac5075f939,True,660899928965caa433eba48baf187d474a8feab047b86997317e675a5a301188,True,mapped
plan:1434491bf267478d587f207073224ce03898aaae0338c580846cd05dfdec0bb3,1CB380/15AA86,LINE,CLOSURE,,graphic_only,0,{},not_delivered_not_automatically_missing,269ed522d8e4f47db51e84a665e5cc0845a8e9270d73769d30463f08ba1e9287,True,4cb89f40269ce17a44fed4986d2e4ec02a101fcd045dc1e95990e2ab09f8982d,True,graphic_only
plan:14a4c9d51e1668645f67b3ea3f466d97dbff564d37dd80da42bfee567b9182ab,1CB380/15AA54,LINE,CLOSURE,,graphic_only,0,{},not_delivered_not_automatically_missing,8b786a6622bb9a5f9c17eed8300f8d8548858795b0d73719d0c0f51d806e530f,True,4cb89f40269ce17a44fed4986d2e4ec02a101fcd045dc1e95990e2ab09f8982d,True,graphic_only
plan:15d1fe9f158b4b2010ad5d1c78757951bf720c825a68e8b0825aa7c4dddeb424,1B051C/29436,TEXT,0,4',annotation,0,{},not_delivered_not_automatically_missing,d3638ef3348b6cb2dc7c918f5f5ce84b83e0bb48a38fa6a58e4de9552cbb37c6,True,c82b8dc3d7dddf266af0b2da0e0fb9af6c77e0a456f6c1b485d05e4e9c72d290,True,mapped
plan:16436c5bc77f0f023a3a5d65f380977c9c76ed8ad418d4f076758859121399cc,1CC308/1CB33A,ATTDEF,0,XXX,annotation,0,{},not_delivered_not_automatically_missing,cc4e620a93328e6df5bba3727d0b3f88018e3af1e48d11de6ee78b49b8221999,True,3727f65bb01b6b52aceb629199172c440ef452b36c95f98cd0f3cd220e5266c6,True,graphic_only
plan:164a0fd4bde40abf12a43073af0411ec5bcb7efd279ef291705e32f3021b0c55,1AE9F8/2945E,LWPOLYLINE,0,,graphic_only,0,{},not_delivered_not_automatically_missing,a50919ba67b3d95ae34559a59cccb10ea42f185d160f49992d14a7ca55d9b640,True,5caae9ad4f1f979c11199abc43160d03040dd635e4c0ba0698e2e224874e20aa,True,mapped
plan:1665c4159a949ce816a419bcb13eb728362f1e5e2f74d80aebd2925823a7ea02,1AEA90/2945E,LWPOLYLINE,0,,graphic_only,0,{},not_delivered_not_automatically_missing,a50919ba67b3d95ae34559a59cccb10ea42f185d160f49992d14a7ca55d9b640,True,3aedf01d9d8a35ee2afe658368df7dce1241d6644e28bbfa2c247342a349a611,True,mapped
plan:16b5923c017f4d1d8df31f041e0e9cc4ce44f05015b066059c6d046efb7eab05,1AEAA8/2945F,TEXT,0,5',annotation,0,{},not_delivered_not_automatically_missing,04d52eb8301f35e0cec1ad5a3cb51b4f5e9bec90c9b605ffea41bd9258c5fa26,True,64997a1219cc5cfd92791346e28288f2c8407ddd59794f17f52e068f93ae8154,True,mapped
plan:16c6beb5d7505d659fcc6bf755b571eeb1110949bb5e9d71fa37beb75f0a1377,1AEA98/2945C,TEXT,0,NP9,annotation,0,{},not_delivered_not_automatically_missing,47f68d9c28875dd58c9d13c5fa0d324473a34adbb2996561f872d6dc296b37b5,True,6d3591e29a9e9033f59ca8401666a07ab45ab905d85d3095b625c291a01d0c2f,True,mapped
plan:16cb5b4f66567a540dd88521c910282e8af22251e32726850741af85435e0004,1CB380/15AA61,LINE,CLOSURE,,graphic_only,0,{},not_delivered_not_automatically_missing,34ef73d490ffa0a11029a8b075f4fd766f2dd68d8f1edb2861bdff8f17ff521a,True,4cb89f40269ce17a44fed4986d2e4ec02a101fcd045dc1e95990e2ab09f8982d,True,graphic_only
plan:173e9c8765f24ee602938be748a64a63ff3219798b40cf66468e8591ff973c15,1CB380/15AA0B,LINE,CLOSURE,,graphic_only,0,{},not_delivered_not_automatically_missing,5614039c0a4ed0f1298c8191005c43fc2b922ce11ee8cf13023715e3b69fb952,True,4cb89f40269ce17a44fed4986d2e4ec02a101fcd045dc1e95990e2ab09f8982d,True,graphic_only
plan:17671409772d8fb7d4012f9a2ba6008098921ed91e7d330b5af3e07babf2794c,13998D/A79F,LWPOLYLINE,0,,graphic_only,0,{},not_delivered_not_automatically_missing,7ffd5645ec93085cfcfb776db6da50c5cbeec8301d72e7f1e8bfbb82e21ba7e0,True,f44e3d50fac1a8a6a8083c233b54a0a518cec42aa1af2e465830b2b86aac2d05,True,graphic_only
plan:17d834810ec0bea11ad7ed0fc31404e54642c0c128b206ab68910f569beec3a4,13999D/9262,LWPOLYLINE,0,,graphic_only,0,{},not_delivered_not_automatically_missing,76614476c5f6cc8303d6aaacbdaa924f33b034aea6c11e37b8d23ad440dd7748,True,5f8bcca7b4af71312c651a1b71fc7671dfa02bf49be875b342427f115c6a5d63,True,graphic_only
plan:18362c3bbf2f526a503ecdbb156716600cf6782bc93f5ce02f991b9fd3a270b0,1B0564/2945F,TEXT,0,5',annotation,0,{},not_delivered_not_automatically_missing,04d52eb8301f35e0cec1ad5a3cb51b4f5e9bec90c9b605ffea41bd9258c5fa26,True,2ca25ec76db11550ba58b4b7ebe22a830da99e09ba155a98d8d65ccbc86b7298,True,mapped
plan:1857b20d099b0a9bec1b6da36aaf4f2095ecbd6a450882a9a6140e0e66c3dcca,1AE9F0/2945A,TEXT,0,NP7,annotation,0,{},not_delivered_not_automatically_missing,07c03427faeced9510b9b2358fdd62db08ae16fb581770cb6b0bf8f8aa9e83f3,True,53b3567769e4382029a4f9484223a1e9610b9fb0cf84e58a35f461c808b4cd08,True,mapped
plan:1864d80430bfff1fb9275d9ef06faaef31b440b2cfe3950cb3dba77f6527818f,1CB380/15AA66,LINE,CLOSURE,,graphic_only,0,{},not_delivered_not_automatically_missing,bab8a5e4550c9ab94e7c44d483457baf95c94c18bb127924fa9ac6d319b4fc0f,True,4cb89f40269ce17a44fed4986d2e4ec02a101fcd045dc1e95990e2ab09f8982d,True,graphic_only
plan:18a5cdd79a85eb682c4398461709f4a26b6e02208f396b9a1cd1c7ebf48435f8,1CC308/1CB336,ATTDEF,0,XXX,annotation,0,{},not_delivered_not_automatically_missing,535beb375b16f3a56ccbb81847b606e9df0344e5a10eb61a0eb30f07dd634a19,True,3727f65bb01b6b52aceb629199172c440ef452b36c95f98cd0f3cd220e5266c6,True,graphic_only
plan:196f33383cc3271a76867d240104c8cc738b05611b1545cbb734f61c44be368c,1C9847/2945C,TEXT,0,NP9,annotation,0,{},not_delivered_not_automatically_missing,47f68d9c28875dd58c9d13c5fa0d324473a34adbb2996561f872d6dc296b37b5,True,891219b44519865ba5a5a4327187368fd2636883a58eb983119aed37978fe918,True,mapped
plan:1973b653f54b3d0e2e5335f4c5afdfc0aeefb3897c05bf0642a1869a6149ae9a,1CB380/15AA1A,LINE,CLOSURE,,graphic_only,0,{},not_delivered_not_automatically_missing,3f606e3ad08b81ff84c3a6685e0ab55dd9d629127e1a696b9b93f19354a6713c,True,4cb89f40269ce17a44fed4986d2e4ec02a101fcd045dc1e95990e2ab09f8982d,True,graphic_only
plan:19764088129e4f70d353536a84ce66472e25237afc6bcb9e0449a8fe8c58c2f9,1B051C/29432,TEXT,0,5',annotation,0,{},not_delivered_not_automatically_missing,2cce10f1d40375e00adb075afd695f3d432a5597b6049938dbac9b1e6681cca5,True,c82b8dc3d7dddf266af0b2da0e0fb9af6c77e0a456f6c1b485d05e4e9c72d290,True,mapped
plan:19cdfe11c693e3389d5733c1cb10f1d2cd82930c653690e150eead39b33b5b3f,1AEAB8/29461,TEXT,0,FM,annotation,0,{},not_delivered_not_automatically_missing,174426606c3f9fceb5236519aabec1cb116307e98d4a518da5beb5cd9fbf5a19,True,cc598f4024c50be1a773bf5045679e7f6b889dc02114ede5e20b16fc84cdbb64,True,mapped
plan:19f179336220fe5d96b71f557aca326f052de36039aa2c39c69d1b8ffef09e81,1CC2AA/1CB32B,LINE,0,,graphic_only,0,{},not_delivered_not_automatically_missing,2de4631d3df6c6f9efc862093b56879d18477fee942d2bca9b3498be462877e1,True,d89d154a4272d92a6f2444b8d5207aa572e35b21fe2dd526895f6fdedf3068f9,True,graphic_only
plan:1a3537a6eb1b91a7317535a6cd9b8d2afd6e4eee68395333e00f62ed143878bf,1C984F/29432,TEXT,0,5',annotation,0,{},not_delivered_not_automatically_missing,2cce10f1d40375e00adb075afd695f3d432a5597b6049938dbac9b1e6681cca5,True,5dbff0aa3ab580046fc44b11609edf906d3017f1fe49e086df599b453a38052f,True,mapped
plan:1a55d950b1e6ccac9114817c7d7cdb3a8ad287ddbe3b167e4248b3b61c57cbc2,1CB380/15AA84,LINE,CLOSURE,,graphic_only,0,{},not_delivered_not_automatically_missing,8b9535bdc94ff308a82cdb20ddf148a8a0e1c710d097fc91a33f6a0a3c717f38,True,4cb89f40269ce17a44fed4986d2e4ec02a101fcd045dc1e95990e2ab09f8982d,True,graphic_only
plan:1a7b5fe11edee7ea96576544223a955a136ee39d21a3a28290ce3e3213f3e1ed,1BABB4/3E888,ATTDEF,0,XX,annotation,0,{},not_delivered_not_automatically_missing,a5623ae8357a4528463b4d1c0334b9ea2007d9a57f6be3ea50e166dcb63df213,True,b64b56ff340b0b4efc96ea240d6eeb92daedf1bcbc73e13679865063f19505a0,True,mapped
plan:1adda6c4eb43a1778e995c81bb4041ec43774aa0b81eb595dbd901883409c726,13996C/A290,LINE,0,,graphic_only,0,{},not_delivered_not_automatically_missing,a6aa97842141158bdff97236b6ae0511def2373985191d33e8684e2e14821b0b,True,d623ede8bca98d31596102c97a94e851f696602656011f93c9828b99ef02df58,True,graphic_only
plan:1b3656eadced7c2b61f06718f23db19697ca1d3d2f91a41cb8427f96a452a814,13992C/A7BF,TEXT,0,NP9,annotation,0,{},not_delivered_not_automatically_missing,c2e3360e92e5c62596637ed1593a4b81bfe1edef2188267852eb9af401444c30,True,f05d18af0064e4911385abb3af86ba054fc73f3619bad3ce34b5682992e46ac3,True,graphic_only
plan:1b39ff58e587dfb9910b397cfd8ee8e5972010a25a402b3049737d92cf0ad7bc,1C1669/1436C,TEXT,FDT-Info,Power @1490 nm,annotation,0,{},not_delivered_not_automatically_missing,e2f85b2e4d052008c0459e0fca7e6512bb99b560ba9a9287702bf3733ac28dcb,True,e7d67f841e308b3c15f4576be64f5433f8cf884d1fbbb90458b2fd83068c5646,True,graphic_only
plan:1b6e5dc3db3b43a28307cf33d2532945c9c61a1294358f04bf020f0620b4a3a0,1C9847/29461,TEXT,0,FM,annotation,0,{},not_delivered_not_automatically_missing,174426606c3f9fceb5236519aabec1cb116307e98d4a518da5beb5cd9fbf5a19,True,891219b44519865ba5a5a4327187368fd2636883a58eb983119aed37978fe918,True,mapped
plan:1c189cd5aadc1c6a8f19a027788bb862a3ac05aabe13df99ed3b2a81f4ffda39,13997C/A2C9,TEXT,0,SH,annotation,0,{},not_delivered_not_automatically_missing,cee0dcd9e4cc37b337f0159a129c8244b1194b94bb2f17548697ba3dc87f1162,True,942dadb4bff9adebe990d7b747f4d36a51533b6bd9ab89f7c2cb7d0f37194544,True,graphic_only
plan:1c61fa2d5c686cf92f04f6a28c4329ae99d060298af82eee2899ed628c64c5d9,1C9D7D/29430,LWPOLYLINE,0,,graphic_only,0,{},not_delivered_not_automatically_missing,e4ca8266ad0fd60f3c666c30fe7569773027aa54446ad5c6082ad90afad1d754,True,b4ec618e2f20c5b0d5d9fe563ae5dbbc42444f502a2d43f7bdaccaeacd50d84b,True,mapped
plan:1c9189f7c8ecc58ae5acc7b638c08cd9c64b27b869dcb045199a3eb1258967f8,1CB380/15AA51,LINE,CLOSURE,,graphic_only,0,{},not_delivered_not_automatically_missing,a4d99a6dd9f696fdfd1638c7e92d2f2c70679d17cd4b0348f35042f9df3c73d7,True,4cb89f40269ce17a44fed4986d2e4ec02a101fcd045dc1e95990e2ab09f8982d,True,graphic_only
plan:1ca558294d31f6dbf41dbf508dd394aac0ba0591d28efa2ee24f43a88602d560,139985/A78E,LWPOLYLINE,0,,graphic_only,0,{},not_delivered_not_automatically_missing,4b21db6be43baf6b1f562cb90078ca013a5a997503ad5c91e4b91360859c3f69,True,96178dc9d539f3a14f645e5533dae73b23b5a99b5033cd56e59ad3719c3fc72e,True,graphic_only
plan:1cd7975e03d2c40bd00b041519aa9fccdbdfa78c1ae1bc3cec6754439c4b39c5,1C9D75/29434,TEXT,0,FM,annotation,0,{},not_delivered_not_automatically_missing,9aab4291b190201ea0402e960d730e49f5bbc4da4d85368ff5180c7ce150706f,True,811df3ce385562ae1d2d726663b24e593fb78c2c6a741e636360f017ec4a54c3,True,mapped
plan:1d376ea767fb7964dd0b4d3c9ef0dd08ca341219579c8bdcafe6ea51419813fc,13992B/A2EA,LINE,LARGE TEE RADIUS,,graphic_only,0,{},not_delivered_not_automatically_missing,13d15a46a172ce5f7950fb5f5aaf807ad0037db315983d0a9c6a17fae26804ea,True,02315d4aab544309dc1d179fc1871deade66d2d659455c0ce37dbe44898cabed,True,graphic_only
plan:1d672aa8feee6926d5179107ab852043297db1c6867ed5d25509f0ec1e51e927,13997C/A2C6,LINE,0,,graphic_only,0,{},not_delivered_not_automatically_missing,75502c0c7b8abc775208de912bb292c338548058a90902ba390bbf342aa02312,True,942dadb4bff9adebe990d7b747f4d36a51533b6bd9ab89f7c2cb7d0f37194544,True,graphic_only
plan:1d99560e5811be64229a064c1aaaf8c40f51f168afd4bbf2c8900ff5c7483898,1CB380/15AA89,LINE,CLOSURE,,graphic_only,0,{},not_delivered_not_automatically_missing,f6f68b2bf5b9a2f846b9ccdf3f9406cb6db31d213a62d5e6a4b2e846ca834fe5,True,4cb89f40269ce17a44fed4986d2e4ec02a101fcd045dc1e95990e2ab09f8982d,True,graphic_only
plan:1dca2d188fd3007c75057d8b9b35169a92f91a59ef2fd6fdf09c276dbcd3577e,1AE9F8/2945D,LWPOLYLINE,0,,graphic_only,0,{},not_delivered_not_automatically_missing,99b0795cb1b7f362ebdc3e9f47f2ef37ea65f3b3df71aad6339af4b1e5417c6a,True,5caae9ad4f1f979c11199abc43160d03040dd635e4c0ba0698e2e224874e20aa,True,mapped
plan:1e90ec341e48796402228350c153b5ebd49b57e0c9910ead411f64cdb47fd231,13997C/A2C5,LINE,0,,graphic_only,0,{},not_delivered_not_automatically_missing,26efbcd984906710da09804b5ee9db2f66d2fefcaa7fcff7daaf1586f375296c,True,942dadb4bff9adebe990d7b747f4d36a51533b6bd9ab89f7c2cb7d0f37194544,True,graphic_only
plan:1eb0f6f7d9dd93c5c22ebabe2b8f45cfaab546e755c16d8d79df02cd8c558729,13997C/A2C7,LINE,0,,graphic_only,0,{},not_delivered_not_automatically_missing,8aa528165c0daebc73beb86576526864b53238526e4ed7568cfba4e7e7c4f1e4,True,942dadb4bff9adebe990d7b747f4d36a51533b6bd9ab89f7c2cb7d0f37194544,True,graphic_only
plan:20f9817af30a4dd1ad9773760ece74b865a4d537d841df6a8943d499c67e1bf1,139995/29435,TEXT,0,NP9,annotation,0,{},not_delivered_not_automatically_missing,20dc07a255b78278011d800be163aef04477b2a3f090e319b0541cc2d022a31f,True,7e433acc64f9d5fda4d7ad31c1416412e98e0e5b9ea6bc8eaf5f1157891b1974,True,graphic_only
plan:210c80672ca865de188c40412c09efbaded868b0a2383c2e191b2536d94f2263,1C9D75/29430,LWPOLYLINE,0,,graphic_only,0,{},not_delivered_not_automatically_missing,e4ca8266ad0fd60f3c666c30fe7569773027aa54446ad5c6082ad90afad1d754,True,811df3ce385562ae1d2d726663b24e593fb78c2c6a741e636360f017ec4a54c3,True,mapped
plan:214da70df47cf66e87da5c078938818e5513c4137647ddbbdb8292698f3d7418,1C1669/14376,ATTDEF,FDT-Info,,annotation,0,{},not_delivered_not_automatically_missing,921e888f84a727cbcc8956b767d51d28f8eeb772e37db20e56b07f8b75c5b5f4,True,e7d67f841e308b3c15f4576be64f5433f8cf884d1fbbb90458b2fd83068c5646,True,graphic_only
plan:214f6643d43b99540378892434403cbf5f93e4e957b434f32b1b38549b575867,13993F/1398E2,HATCH,0,,graphic_only,0,{},not_delivered_not_automatically_missing,b8155ddc056b097cd25817c12c7da77fe96716997c96caf13c55793728d7a1ce,True,597fe5ec1015029e58b5bae42e9530bf72264ac54131525b19704d87839027f2,True,graphic_only
plan:21991515556ab5985b19656e2ead89d50f40123642271e6bfc60b4a4b622611f,139936/3E88A,LWPOLYLINE,0,,graphic_only,0,{},not_delivered_not_automatically_missing,7fcd556af4e9e3554cfd8a2f788f9dca58bfcf05794621aaba91653a77ca6cad,True,a60d21e1401bf5f72fc421f9d68312a45f3335f773e6b8d468ffe708ff6bfc08,True,graphic_only
plan:221fe2b9d3b1a67d304de2b078b745dc3738f6ce1474dd1b8a46ac62b588397a,1CC2AA/1CB329,LWPOLYLINE,0,,graphic_only,0,{},not_delivered_not_automatically_missing,b56d08472002e27734490e7e295d829f54b9f664a433539a8bcc356831562b19,True,d89d154a4272d92a6f2444b8d5207aa572e35b21fe2dd526895f6fdedf3068f9,True,graphic_only
plan:2270dafb95051119c0d8e92e2c4eef7e2dfefb8578310f03ce4809a915f7b359,1AE9F8/29461,TEXT,0,FM,annotation,0,{},not_delivered_not_automatically_missing,174426606c3f9fceb5236519aabec1cb116307e98d4a518da5beb5cd9fbf5a19,True,5caae9ad4f1f979c11199abc43160d03040dd635e4c0ba0698e2e224874e20aa,True,mapped
plan:2296d35a3352496ef22cfcea90ba10a85413141d713291e4c1441d61dd82481b,1CB380/15AA4F,LINE,CLOSURE,,graphic_only,0,{},not_delivered_not_automatically_missing,d9abd9e523db8d7092f50f968d3b6f8c306f19d920cf80966bfdb8399cb09fd9,True,4cb89f40269ce17a44fed4986d2e4ec02a101fcd045dc1e95990e2ab09f8982d,True,graphic_only
plan:229f56eafb54da43d1af2a8e55ebe3b506691a1ed524416d2d44f114f3a12a93,1CB380/15AA20,LINE,CLOSURE,,graphic_only,0,{},not_delivered_not_automatically_missing,c68752143eab4c07aac1d583d31a3ccfc0d7a79c892f971617fddebd0fc4494b,True,4cb89f40269ce17a44fed4986d2e4ec02a101fcd045dc1e95990e2ab09f8982d,True,graphic_only
plan:22beb738acf21bff0b88be05009df7393e7b71d67bb2fa9ce76c44e1f912d31e,1AEA88/29461,TEXT,0,FM,annotation,0,{},not_delivered_not_automatically_missing,174426606c3f9fceb5236519aabec1cb116307e98d4a518da5beb5cd9fbf5a19,True,ada090ebad6743b77fe4b1dfc1abc1da8c3075b0cd31779dcf95e3546cec87ff,True,mapped
plan:22d09fe85ca3ba41177ba01ec685a6e1b12f0ec4af329bad102a11742a999c3d,1CC308/1CB33F,WIPEOUT,0,,graphic_only,0,{},not_delivered_not_automatically_missing,a28e4a42be6ba75a616a8973747389546f5a2e50d10d60bb1cfb76adbb815b80,True,3727f65bb01b6b52aceb629199172c440ef452b36c95f98cd0f3cd220e5266c6,True,graphic_only
plan:234abd8c256e9a57c391cfad3f957016c41a6ec1fb6408b4e686898d988b2111,139974/A2B1,LINE,0,,graphic_only,0,{},not_delivered_not_automatically_missing,6c5c746e0c1d1082bdcdce1f6600609830388c86653931b83c1b66f7ab6fe6e7,True,29d3e925e6e9b02311eda37c7d666b9e176aec4db6b1fa2b10c4678525494581,True,graphic_only
plan:237272e2d62eb88c5b33bb05435a7cd2b0174feb068f40693503d3396fe70e5f,1CB380/15AA64,LINE,CLOSURE,,graphic_only,0,{},not_delivered_not_automatically_missing,8b5d5bc12573dcc540eac98a80bf80794f209e759d0006c03541c4c5eea4d817,True,4cb89f40269ce17a44fed4986d2e4ec02a101fcd045dc1e95990e2ab09f8982d,True,graphic_only
plan:23a1d50e0738bc4a448c356d2d58ff4b9605d443897b144d27579ec29dbb4eb2,1C9D85/29431,LWPOLYLINE,0,,graphic_only,0,{},not_delivered_not_automatically_missing,4de48158bf57d26f83917dd5faeded95c50541e62ce86f60f80d77c97f711141,True,ab57efdbc3456af8ecd8eb83d04623af23077081b87f3a07c9d301cb455b8cd3,True,mapped
plan:23d5020563642340ef2a408540c5c38173e0b80f1f930dff0cdea6ebc60c9d31,1C984F/29430,LWPOLYLINE,0,,graphic_only,0,{},not_delivered_not_automatically_missing,e4ca8266ad0fd60f3c666c30fe7569773027aa54446ad5c6082ad90afad1d754,True,5dbff0aa3ab580046fc44b11609edf906d3017f1fe49e086df599b453a38052f,True,mapped
plan:244d7c96cb3dbd66474389d81582b1dc392dd533c2177b3c551047781fc0b082,1AEAB8/29463,TEXT,0,4',annotation,0,{},not_delivered_not_automatically_missing,372e06ad91acd18e4e7189980b4d3559a12d41dc4b2e944122c1fb5f2047c205,True,cc598f4024c50be1a773bf5045679e7f6b889dc02114ede5e20b16fc84cdbb64,True,mapped
plan:24a961d16d3fc5a335cba30ca59d779a64e77bf8b66fca7a3722b6409cc8eb07,1AE9F8/29462,TEXT,0,NP9,annotation,0,{},not_delivered_not_automatically_missing,84894ff720fad08142b4b5794738d9f03a678c033f0cf0d6c83cb7cf83b64ff1,True,5caae9ad4f1f979c11199abc43160d03040dd635e4c0ba0698e2e224874e20aa,True,mapped
plan:2500370644eace9a0e51b1ef681fe974e4b7231668c48f34f95c44fd3f507820,1C9D5D/29433,TEXT,0,3',annotation,0,{},not_delivered_not_automatically_missing,791575fe96d3f375c3193aa080f21753a6c411c54c2a6055b9aabb3f470862e2,True,02c34b322a6b2cfb01512d2652deac355e29b3fb4dab778e2b3a3993a0f928a6,True,mapped
plan:25d5c1de4301bb8fe3f1b4513ec08a3fa509dd73846f8f76b869ffa3efb2879d,13995C/A267,LWPOLYLINE,0,,graphic_only,0,{},not_delivered_not_automatically_missing,02724845403286783651a0a0c7259b84e29920a7d1eea51d21b0b409ef8d3098,True,84b0887d8e284a268b65bbf39a2a3c1eaddec7cb2f52de2339a6622d4154955b,True,graphic_only
plan:25f3e976ea5c97cdd7229968760f0fcf88c2961b4273bbfe2055b5365b4d2962,1CB380/15AA36,LINE,CLOSURE,,graphic_only,0,{},not_delivered_not_automatically_missing,566b4c55c7747bdb9cf412ef963319a6aa2715e19b18a3bfe56c3affe379f2c9,True,4cb89f40269ce17a44fed4986d2e4ec02a101fcd045dc1e95990e2ab09f8982d,True,graphic_only
plan:263493cbe6b49d071cc088453164551f9155124977829297b5c200c84d00894e,13997C/A2C4,TEXT,0,HH,annotation,0,{},not_delivered_not_automatically_missing,92cb2bf39a02a3762832107379b0baf62d8674a41b1b7f6fb577bac6fe65d468,True,942dadb4bff9adebe990d7b747f4d36a51533b6bd9ab89f7c2cb7d0f37194544,True,graphic_only
plan:2681036e9766d86dd9572786007c1a3706ab1f287fd23cdc77ee400cbf685519,1C9D85/2942F,TEXT,0,NP9,annotation,0,{},not_delivered_not_automatically_missing,a34c248a4b649cd2ae9afae0a16b8407e58b643dbc1d1aa3b2a43448a87ac13c,True,ab57efdbc3456af8ecd8eb83d04623af23077081b87f3a07c9d301cb455b8cd3,True,mapped
plan:26a6864e004855f00363507fc36eed7ccf1af84a5967e92fe56776b3b355afc6,139936/3E884,LWPOLYLINE,0,,graphic_only,0,{},not_delivered_not_automatically_missing,eae582e0da95f4581922e110f342805963d13530be6a5de94ec1c78a5a2acc09,True,a60d21e1401bf5f72fc421f9d68312a45f3335f773e6b8d468ffe708ff6bfc08,True,graphic_only
plan:26ae0ca08f7e76e6ab87ca1313836754422bd9e7079ead98b85bbc39a994e4e0,1C1157/1436D,TEXT,FDT-Info,:,absent_from_canonical_evidence,0,{},expanded_instance_with_definition_and_parents_in_ledger,016ae209690ca32bc4cca92c5a11a15d3a652d5aa203a94dcc1d807ac5e5c2a4,True,15e44996eaceda97a1cbba7ddf041d5e31dabc9603a87af0179eee05c8f2d271,True,graphic_only
plan:26d057d0a8f628d2bf714da838ef13ead6432615c86c19780af4958287854b23,1C1157/14372,LWPOLYLINE,FDT-Info,,graphic_only,0,{},not_delivered_not_automatically_missing,831f3123c393fabf9790258f016b84f78c7a7dd732e3261680d19910f2acf564,True,15e44996eaceda97a1cbba7ddf041d5e31dabc9603a87af0179eee05c8f2d271,True,graphic_only
plan:28a380e98a7d3a9f7bbc404dc2f216ec3bd75390b75102c6c3af0c7da0a6a789,1CB380/15AA7B,LINE,CLOSURE,,graphic_only,0,{},not_delivered_not_automatically_missing,382b397f3c8da121f297fd75ef3063b59ef989638a1a967c819dbdab4fb13507,True,4cb89f40269ce17a44fed4986d2e4ec02a101fcd045dc1e95990e2ab09f8982d,True,graphic_only
plan:28ce2a21bc99992467563a6b193c4a92932bf63080bf41d8c797cf7cdd37d344,139924/A29E,LINE,0,,graphic_only,0,{},not_delivered_not_automatically_missing,141872dbffc5ab7c757e17c2201fdd48075427b9719390f007c8b22227451bb8,True,fed10fdd19124ae298e1b921b8465babed086f7c4660fb5bfe3467dd76d90478,True,graphic_only
plan:28f388f58128e878fea83daca604d582c6d2b10da578925e3767e89d958e3761,1AEA10/29460,TEXT,0,3',annotation,0,{},not_delivered_not_automatically_missing,ec3b41c69b6ab55d01d156889f033c378036bf6506735d741076b4ee7212f411,True,10d5deec89657e8846c3bccdc50c1e66850ed46ff9966bde8aa306a5759e2fdc,True,mapped
plan:29557ec24fac14912eb385e1f5fc5dbe0ae6b148d9508c2f16ddbbe8a5f13e3f,1C9D8D/29430,LWPOLYLINE,0,,graphic_only,0,{},not_delivered_not_automatically_missing,e4ca8266ad0fd60f3c666c30fe7569773027aa54446ad5c6082ad90afad1d754,True,a344cb2199d230797cab1ff6779e4a850c47d83c3b9e60282fb26fddaa59fa45,True,mapped
plan:29716879e524e2444a7bb232db3261252ae9b83f60dc43ce7b0b7cc52003b5a2,1B3E06/2945F,TEXT,0,5',annotation,0,{},not_delivered_not_automatically_missing,04d52eb8301f35e0cec1ad5a3cb51b4f5e9bec90c9b605ffea41bd9258c5fa26,True,1f7cdf5e050176d5467d159bf505f34bb4ef6e7f6e27e34f394b8eac954b08e9,True,mapped
plan:2a1309a0083d705e882adc7afd77dfdc218bb7a1dd80baac89611934985afb89,13999D/9265,TEXT,0,FM,annotation,0,{},not_delivered_not_automatically_missing,5aabd29209987886c80fc5a9e269a8e6fd6b8d8a5259c01312ad2637f82f1006,True,5f8bcca7b4af71312c651a1b71fc7671dfa02bf49be875b342427f115c6a5d63,True,graphic_only
plan:2a792cd82d14fb1c1b94ba15fe7207e90f326f91147cb23971ad75b3e1d4f6b9,1B056C/2945C,TEXT,0,NP9,annotation,0,{},not_delivered_not_automatically_missing,47f68d9c28875dd58c9d13c5fa0d324473a34adbb2996561f872d6dc296b37b5,True,39d085755b86f1ca0b7ef410829598c42a1e37e603e119497d7045f74531875e,True,mapped
plan:2ab07ad3d24f77a4457542c55ed9e4a07359d9c49c1908f4086e82c156a28b0a,1AC878/29432,TEXT,0,5',annotation,0,{},not_delivered_not_automatically_missing,2cce10f1d40375e00adb075afd695f3d432a5597b6049938dbac9b1e6681cca5,True,3a414929229b430e4149563d5db0ac09fdb92a08061bbf2c16ace7f648835155,True,mapped
plan:2b890c289dc22686cb5819c5ed41298831d52cc4a875884f5fc7a2595fb64b57,1CC2AA/1CB32E,TEXT,0,:,annotation,0,{},not_delivered_not_automatically_missing,c977101097263c9fbc460f5835b2161f2310bc587e2025d598f217c04f5a219a,True,d89d154a4272d92a6f2444b8d5207aa572e35b21fe2dd526895f6fdedf3068f9,True,graphic_only
plan:2bb183df7d8ad35ae1c9914075dbcefc8acc84bec14876983fa08932cc5cdf24,1C1669/14372,LWPOLYLINE,FDT-Info,,graphic_only,0,{},not_delivered_not_automatically_missing,831f3123c393fabf9790258f016b84f78c7a7dd732e3261680d19910f2acf564,True,e7d67f841e308b3c15f4576be64f5433f8cf884d1fbbb90458b2fd83068c5646,True,graphic_only
plan:2c135ebe1322905cfd04e1cc4c25391d7950d0ed681f881e6528c7fe1d1d1d40,139924/A2A0,TEXT,0,HH,annotation,0,{},not_delivered_not_automatically_missing,d467d2b614890e928498fd3ea9f663948317fad862c47554f1d7d40ff6babced,True,fed10fdd19124ae298e1b921b8465babed086f7c4660fb5bfe3467dd76d90478,True,graphic_only
plan:2c79ea4bda465e8688ea684f37c7fd48d76d7c98241c8f879ac97c51cff53d52,1C9D65/29432,TEXT,0,5',annotation,0,{},not_delivered_not_automatically_missing,2cce10f1d40375e00adb075afd695f3d432a5597b6049938dbac9b1e6681cca5,True,93dd681f854fb3a44d63e6f10e08ba91b1ed59247eb6e4b551eb6049a585d215,True,mapped
plan:2c9a2266a40ed1f6f222084350318c4d7c6361ce819f07c9bc15a5fc85a8616d,1C1157/14367,LINE,FDT-Info,,graphic_only,0,{},not_delivered_not_automatically_missing,37e7c7a167c6415b74f52b8dcd3d6fa3b74b59a33c714f3447072150fbc46218,True,15e44996eaceda97a1cbba7ddf041d5e31dabc9603a87af0179eee05c8f2d271,True,graphic_only
plan:2caf99d993ebdcbcb9f9e0c7997d337d2fad6c1aea82bd6a9b3c469ac74fb719,1C1669/1436B,LINE,FDT-Info,,graphic_only,0,{},not_delivered_not_automatically_missing,148590016b033ab5e72cbfd6a30dc463232e1958b16a72e5fee49bdf3f3c559b,True,e7d67f841e308b3c15f4576be64f5433f8cf884d1fbbb90458b2fd83068c5646,True,graphic_only
plan:2cbcc39809d753baba6394ed6e423113bd396de87fe7ad12aaa1e39ee481fd4d,13992C/A7C3,TEXT,0,3',annotation,0,{},not_delivered_not_automatically_missing,b92cf615b8b196cb73e1215ceb9f74f5b432dc1335ad9f04771ee5600044ff1d,True,f05d18af0064e4911385abb3af86ba054fc73f3619bad3ce34b5682992e46ac3,True,graphic_only
plan:2cf7d7d182c5c78af87ca6144ee1084224f397d776888e07f65b99a2d8a09199,1AC878/2942F,TEXT,0,NP9,annotation,0,{},not_delivered_not_automatically_missing,a34c248a4b649cd2ae9afae0a16b8407e58b643dbc1d1aa3b2a43448a87ac13c,True,3a414929229b430e4149563d5db0ac09fdb92a08061bbf2c16ace7f648835155,True,mapped
plan:2d3d03302e543ea535a19a00f22c0d51338734a2691ef07e81c43afaea771534,1AEA98/2945D,LWPOLYLINE,0,,graphic_only,0,{},not_delivered_not_automatically_missing,99b0795cb1b7f362ebdc3e9f47f2ef37ea65f3b3df71aad6339af4b1e5417c6a,True,6d3591e29a9e9033f59ca8401666a07ab45ab905d85d3095b625c291a01d0c2f,True,mapped
plan:2d646d971c9fa4d6317b531ec4943babda12204cc79b998546486b35dbf04345,1CB380/15AA0C,LINE,CLOSURE,,graphic_only,0,{},not_delivered_not_automatically_missing,9dc9dbe0414f65adeea4ddb337a5046bcaddf51d26440ddc8b1a78cc319b6b85,True,4cb89f40269ce17a44fed4986d2e4ec02a101fcd045dc1e95990e2ab09f8982d,True,graphic_only
plan:2d651fb7dc8615fcb3df692d1f5137914b9d327d7f8df44ea6c408eed7702e4d,1CB380/15AA7F,LINE,CLOSURE,,graphic_only,0,{},not_delivered_not_automatically_missing,2383e45e0e9d5f27269b73e82787735355fe8369624cd8ef26d54c90483d99d3,True,4cb89f40269ce17a44fed4986d2e4ec02a101fcd045dc1e95990e2ab09f8982d,True,graphic_only
plan:2e02ede3e8ef1b2d07ec04be727d0109d44e6e12d21edb867aad8620b15e0fec,13993F/1398E1,LWPOLYLINE,0,,graphic_only,0,{},not_delivered_not_automatically_missing,c809c49f030ecff374e5be49cdbe1bc5859e2b82cf289908839b06f9ea0edc4f,True,597fe5ec1015029e58b5bae42e9530bf72264ac54131525b19704d87839027f2,True,graphic_only
plan:2e78624a6d6543da60448c362036a0b61865b76091315c12950d7071d60ee6d3,1C9D85/2942D,TEXT,0,NP7,annotation,0,{},not_delivered_not_automatically_missing,14eccd3bb23da38d82d8f7fdaf541e4cf8b8ee2b76a2bd31e00b1e61e9d8d96e,True,ab57efdbc3456af8ecd8eb83d04623af23077081b87f3a07c9d301cb455b8cd3,True,mapped
plan:2eb0e7e4548d6d8becedf201293941d0853d3b471db2e9913b1324696eb2d3f0,1399B4/29461,TEXT,0,FM,annotation,0,{},not_delivered_not_automatically_missing,174426606c3f9fceb5236519aabec1cb116307e98d4a518da5beb5cd9fbf5a19,True,a03d907dadbfecb737a6217b19eb0ea8ace5164f5c8c079c534726af195c9c06,True,graphic_only
plan:2f3464a8a101753b18089d69a77064dca4407191c58c24556bb60db5cbd4abf9,1CF082/15A960,ELLIPSE,COIL,,graphic_only,0,{},not_delivered_not_automatically_missing,d2c26483e13e2394a204ae4a5224fb09c21797d69ce202999d0d188dd4763bab,True,58f137ad7edb629adfb306ddf7c85e97aaceb980e63416cc7d9cd8cbc8a4513c,True,graphic_only
plan:2f3db3778d8487fa4b11b82ea15daec5719e6f294456bb043391d942ceeb16a4,1AEA88/2945B,CIRCLE,0,,graphic_only,0,{},not_delivered_not_automatically_missing,4605561d11f325859d5c89bb2da0871aef73d20a9800276272ca2720cb768575,True,ada090ebad6743b77fe4b1dfc1abc1da8c3075b0cd31779dcf95e3546cec87ff,True,mapped
plan:301498304b0f9ac93498e3b11c7d8270a7df47e54b8f1904e959bf281d1ee2ff,1CB35D/1CB335,ATTDEF,0,XXX,annotation,0,{},not_delivered_not_automatically_missing,cb27d7cfda6edf816b1c0406a2c379b24558ff0cc6072ff499d5c82362ccd50a,True,ebbfb1aecf3c06457873d7e0f9efeab24109d3e425501d72b1fc7bd72ac4d772,True,graphic_only
plan:306425b64b9fa872364075e14c63884c77e0f53c7fe2c57de696d0d6ff616a71,1AE9F8/2945C,TEXT,0,NP9,annotation,0,{},not_delivered_not_automatically_missing,47f68d9c28875dd58c9d13c5fa0d324473a34adbb2996561f872d6dc296b37b5,True,5caae9ad4f1f979c11199abc43160d03040dd635e4c0ba0698e2e224874e20aa,True,mapped
plan:307f5c326ece278fed9b108134040b0d7e23564b38d261a2230a59956d10b26b,1B3E06/29463,TEXT,0,4',annotation,0,{},not_delivered_not_automatically_missing,372e06ad91acd18e4e7189980b4d3559a12d41dc4b2e944122c1fb5f2047c205,True,1f7cdf5e050176d5467d159bf505f34bb4ef6e7f6e27e34f394b8eac954b08e9,True,mapped
plan:31318578bc1dbabb93dbcb842f097177fdfd4b842688d77b8d5be38ece67d1e3,13995C/A26B,HATCH,0,,graphic_only,0,{},not_delivered_not_automatically_missing,f9c79a82a1e1eb2b4b2e0118c1d4d67e5b4642cfb1e919b1240dcb9a392b8f6b,True,84b0887d8e284a268b65bbf39a2a3c1eaddec7cb2f52de2339a6622d4154955b,True,graphic_only
plan:318cc2444b085bd2cd96616545fb993a632a507c138e2288014168178eeb6124,1C9847/2945A,TEXT,0,NP7,annotation,0,{},not_delivered_not_automatically_missing,07c03427faeced9510b9b2358fdd62db08ae16fb581770cb6b0bf8f8aa9e83f3,True,891219b44519865ba5a5a4327187368fd2636883a58eb983119aed37978fe918,True,mapped
plan:31e8b5368e6239fc7745dc91648c4b4d5e7e3bd229de63cc5e0ea059a93e9828,139924/A2A6,LWPOLYLINE,0,,graphic_only,0,{},not_delivered_not_automatically_missing,984cda05efd92edc0e3b6b69dc3351dec6bcb8a48026bc494455bbdf15b4540f,True,fed10fdd19124ae298e1b921b8465babed086f7c4660fb5bfe3467dd76d90478,True,graphic_only
plan:321d4cc5003894fd307750920cbd163f11c8f20fa20feecbe0371d779ae86a00,1AEA08/2945B,CIRCLE,0,,graphic_only,0,{},not_delivered_not_automatically_missing,4605561d11f325859d5c89bb2da0871aef73d20a9800276272ca2720cb768575,True,90b49775c7dee9181d0d28d5ef6ab0d8b6103f4e8d4c047110bb96e7ba5b5043,True,mapped
plan:325d57d48545c0d45db0962bcadd51b3327426d7b91862b7527cc7e6fde98a5d,1AE9F8/2945A,TEXT,0,NP7,annotation,0,{},not_delivered_not_automatically_missing,07c03427faeced9510b9b2358fdd62db08ae16fb581770cb6b0bf8f8aa9e83f3,True,5caae9ad4f1f979c11199abc43160d03040dd635e4c0ba0698e2e224874e20aa,True,mapped
plan:327f5c17d6929ab07b4cdd8a1c55a7c3f5ed833ef039833a0f7cc5fa279945a3,1C9D8D/2942E,CIRCLE,0,,graphic_only,0,{},not_delivered_not_automatically_missing,e4601f012256728268a62ea3d3ac95731190308da71beffa5ed6b4f676602bcd,True,a344cb2199d230797cab1ff6779e4a850c47d83c3b9e60282fb26fddaa59fa45,True,mapped
plan:32b15e1d03fb94f287a863027184cac1445ce3e01c8b673bfeae26a0d4a7f72f,1CC2AA/1CB33C,TEXT,0,COORDINAT :,annotation,0,{},not_delivered_not_automatically_missing,28836732cf87cd02d1e05fba16cb8618032005500ccad7aa6d92267ae8632413,True,d89d154a4272d92a6f2444b8d5207aa572e35b21fe2dd526895f6fdedf3068f9,True,graphic_only
plan:33087360d01be018df2ceb3bca6dd13c6587bad92f9506252fa07914a5d76175,1C9D65/2942D,TEXT,0,NP7,annotation,0,{},not_delivered_not_automatically_missing,14eccd3bb23da38d82d8f7fdaf541e4cf8b8ee2b76a2bd31e00b1e61e9d8d96e,True,93dd681f854fb3a44d63e6f10e08ba91b1ed59247eb6e4b551eb6049a585d215,True,mapped
plan:334609a6552d2bc9ee664dc2bb1d882c061a2054f4079444c782ebe3c36fcd19,1CB380/15AA38,LINE,CLOSURE,,graphic_only,0,{},not_delivered_not_automatically_missing,18436a269777437adcd65b32140ddb4c43f13f2a1329a45163f463df3f126581,True,4cb89f40269ce17a44fed4986d2e4ec02a101fcd045dc1e95990e2ab09f8982d,True,graphic_only
plan:34993f9c778844657709a48ff2377b7da8b66d75447db3dd5bb4b4f5daad6088,1CC2AA/1CB33B,LWPOLYLINE,0,,graphic_only,0,{},not_delivered_not_automatically_missing,72214e34b93cd0263e3a359f1bd327960c353b3513c3fc03ae83bda47fbda21d,True,d89d154a4272d92a6f2444b8d5207aa572e35b21fe2dd526895f6fdedf3068f9,True,graphic_only
plan:3662023aa09e1ee1a01fff1927c5cb99c6cdab6f031920f0df9921321d175f7c,1CB380/15AA4A,LINE,CLOSURE,,graphic_only,0,{},not_delivered_not_automatically_missing,059150543f89a1ee967b7f3c06a925ca0948ae4617594112738b2e45a1416864,True,4cb89f40269ce17a44fed4986d2e4ec02a101fcd045dc1e95990e2ab09f8982d,True,graphic_only
plan:369c49d48acbff7a6df05a1eca16a2c2479328668f137797cc8be5e7d90fc943,1C1157/14373,LWPOLYLINE,FDT-Info,,graphic_only,0,{},not_delivered_not_automatically_missing,5b932dcd564796fb52996fbba0e8e4bebcf67da983389a915a0f8b228a665df7,True,15e44996eaceda97a1cbba7ddf041d5e31dabc9603a87af0179eee05c8f2d271,True,graphic_only
plan:36be9b545ae6bf3fbd84a995f5a4ba45c73cfa73583ab965e17de405a53f1176,1B056C/29461,TEXT,0,FM,annotation,0,{},not_delivered_not_automatically_missing,174426606c3f9fceb5236519aabec1cb116307e98d4a518da5beb5cd9fbf5a19,True,39d085755b86f1ca0b7ef410829598c42a1e37e603e119497d7045f74531875e,True,mapped
plan:36c8da8eb64b6969450cc746cc3d75a043039ad5eaf54d109a984f198a49fb4e,1CB35D/1CB33A,ATTDEF,0,XXX,annotation,0,{},not_delivered_not_automatically_missing,cc4e620a93328e6df5bba3727d0b3f88018e3af1e48d11de6ee78b49b8221999,True,ebbfb1aecf3c06457873d7e0f9efeab24109d3e425501d72b1fc7bd72ac4d772,True,graphic_only
plan:375330868da45caf089bb48d149b4171444e07c616dbb3f2c828a4e0defa9b4d,1B3E06/2945A,TEXT,0,NP7,annotation,0,{},not_delivered_not_automatically_missing,07c03427faeced9510b9b2358fdd62db08ae16fb581770cb6b0bf8f8aa9e83f3,True,1f7cdf5e050176d5467d159bf505f34bb4ef6e7f6e27e34f394b8eac954b08e9,True,mapped
plan:3753b1102893f3bd8db4aadcb05f288ed4a1e0fbc2ab7fba5512eeada6dbc987,1AEA08/2945A,TEXT,0,NP7,annotation,0,{},not_delivered_not_automatically_missing,07c03427faeced9510b9b2358fdd62db08ae16fb581770cb6b0bf8f8aa9e83f3,True,90b49775c7dee9181d0d28d5ef6ab0d8b6103f4e8d4c047110bb96e7ba5b5043,True,mapped
plan:3763824fad884f1b928a13c8935f5ca65f7247dec14e5b126ee0b42330282c06,1C1157/1436C,TEXT,FDT-Info,Power @1490 nm,absent_from_canonical_evidence,0,{},expanded_instance_with_definition_and_parents_in_ledger,e2f85b2e4d052008c0459e0fca7e6512bb99b560ba9a9287702bf3733ac28dcb,True,15e44996eaceda97a1cbba7ddf041d5e31dabc9603a87af0179eee05c8f2d271,True,graphic_only
plan:37add0bab1fee7b933270e6b7b14f362fc5f851eeecf854d3e8a507bfc6e87e8,1AEAA0/2945A,TEXT,0,NP7,annotation,0,{},not_delivered_not_automatically_missing,07c03427faeced9510b9b2358fdd62db08ae16fb581770cb6b0bf8f8aa9e83f3,True,78f719e04319c5332a6e14029518af223cfe8194eca7f8361128a9cdd324aa46,True,mapped
plan:38b9f5d7d17146b5b195b15106383dd07e023785b39eb188b420bd35f9bdaabc,1AEAB8/2945C,TEXT,0,NP9,annotation,0,{},not_delivered_not_automatically_missing,47f68d9c28875dd58c9d13c5fa0d324473a34adbb2996561f872d6dc296b37b5,True,cc598f4024c50be1a773bf5045679e7f6b889dc02114ede5e20b16fc84cdbb64,True,mapped
plan:38db225241f7a464de8d97b9649e91e3bcdcde690f779df04950152704496c1e,1AE9F8/29463,TEXT,0,4',annotation,0,{},not_delivered_not_automatically_missing,372e06ad91acd18e4e7189980b4d3559a12d41dc4b2e944122c1fb5f2047c205,True,5caae9ad4f1f979c11199abc43160d03040dd635e4c0ba0698e2e224874e20aa,True,mapped
plan:395e7ceb4f51fadef347d9cb63104473664edfb3f5a605fd38536cc098f54400,1C1157/14378,ATTDEF,FDT-Info,XXX.XXX.XXXX,annotation,0,{},not_delivered_not_automatically_missing,19f0004312116c1b1098c157e40ec232c4d5e1f1b4d9267674835b38e7061516,True,15e44996eaceda97a1cbba7ddf041d5e31dabc9603a87af0179eee05c8f2d271,True,graphic_only
plan:396922e4e874cdb8f7c802a92aebc84ee4733522e01744732cd152a9908d8114,1C9D6D/29436,TEXT,0,4',annotation,0,{},not_delivered_not_automatically_missing,d3638ef3348b6cb2dc7c918f5f5ce84b83e0bb48a38fa6a58e4de9552cbb37c6,True,7dead1ccabaf132f74573be5416c782bedaa8056e9eb151c36c576948a5a760b,True,mapped
plan:3a882759927a12de567a8a57fcdb294750e7e5b0e3c64534a2ed5b64596bfed7,1CB380/15AA4B,LINE,CLOSURE,,graphic_only,0,{},not_delivered_not_automatically_missing,641c69fa4fc4ce379ad16ac9be6b9e6b38c5e9323ef34124bfb4e070346018e0,True,4cb89f40269ce17a44fed4986d2e4ec02a101fcd045dc1e95990e2ab09f8982d,True,graphic_only
plan:3c9051a330ac4b5fa43b5bfc5407b3de80433182ce1d2c2aa1c52c4a7c48a064,1CC2AA/1CB334,ATTDEF,0,XXX,annotation,0,{},not_delivered_not_automatically_missing,b367b87551bd1e8dbc83b2beb4fb14b126730d65f688e6d399894bc00bd868a3,True,d89d154a4272d92a6f2444b8d5207aa572e35b21fe2dd526895f6fdedf3068f9,True,graphic_only
plan:3ca4860a6e882d6d3b4e1c704554bdc5e38d251723ed7bab39c248d801877f71,13992B/A2EC,CIRCLE,LARGE TEE RADIUS,,graphic_only,0,{},not_delivered_not_automatically_missing,522a9f4483324f0959a9d47ef553fa7a81c22e65b6f943e7184d6117325f4717,True,02315d4aab544309dc1d179fc1871deade66d2d659455c0ce37dbe44898cabed,True,graphic_only
plan:3cd5cade873f03b06b4f867acf1bf68dffbc0a5a1263f45f58bc12d3bfe1aebd,1C9D85/2942E,CIRCLE,0,,graphic_only,0,{},not_delivered_not_automatically_missing,e4601f012256728268a62ea3d3ac95731190308da71beffa5ed6b4f676602bcd,True,ab57efdbc3456af8ecd8eb83d04623af23077081b87f3a07c9d301cb455b8cd3,True,mapped
plan:3d2507a8ec9fcedc905e9edf54905f44da6a0d0e2820774914ecb93a44e903d1,13997C/A2C8,LINE,0,,graphic_only,0,{},not_delivered_not_automatically_missing,0e0bcaf0500cc1ff1191338ea1184fd9ac684eaa8ed819acb3375a1f173ab1b5,True,942dadb4bff9adebe990d7b747f4d36a51533b6bd9ab89f7c2cb7d0f37194544,True,graphic_only
plan:3d4ece0a5c50ea774bd65f3c07d41e9767d37d2ffe6490280060ff77275f7f18,1CB380/15AA7C,LINE,CLOSURE,,graphic_only,0,{},not_delivered_not_automatically_missing,07151202f0a005e7f86b84566d5d11e5549bc753f75100ee2e3c882c75e75217,True,4cb89f40269ce17a44fed4986d2e4ec02a101fcd045dc1e95990e2ab09f8982d,True,graphic_only
plan:3d73a6987fdd785bc39250a76d861f1527ad84dea880db9a4db541ded12d7c18,1C9D85/29432,TEXT,0,5',annotation,0,{},not_delivered_not_automatically_missing,2cce10f1d40375e00adb075afd695f3d432a5597b6049938dbac9b1e6681cca5,True,ab57efdbc3456af8ecd8eb83d04623af23077081b87f3a07c9d301cb455b8cd3,True,mapped
plan:3d80137432ae5f58823042247e89b29b3ba515c009de38c44ebd16d89051b972,1AEA00/29463,TEXT,0,4',annotation,0,{},not_delivered_not_automatically_missing,372e06ad91acd18e4e7189980b4d3559a12d41dc4b2e944122c1fb5f2047c205,True,5d87ad88ff55e5f8ba21e84183899154fb305292bc2801461f17f20dcbc93ca1,True,mapped
plan:3dace08b8d96c3b0c1a11da73076fa1658cc67550c04e753ef85e6959228c162,1C9D7D/29434,TEXT,0,FM,annotation,0,{},not_delivered_not_automatically_missing,9aab4291b190201ea0402e960d730e49f5bbc4da4d85368ff5180c7ce150706f,True,b4ec618e2f20c5b0d5d9fe563ae5dbbc42444f502a2d43f7bdaccaeacd50d84b,True,mapped
plan:3eba584e4ba8e65dbb6cf920e251d1835fb5f054d06a6657ea08076ee8a2d89e,139995/29436,TEXT,0,4',annotation,0,{},not_delivered_not_automatically_missing,d3638ef3348b6cb2dc7c918f5f5ce84b83e0bb48a38fa6a58e4de9552cbb37c6,True,7e433acc64f9d5fda4d7ad31c1416412e98e0e5b9ea6bc8eaf5f1157891b1974,True,graphic_only
plan:3ec48adc345b5b3c72f4f8ed5d17f1bb8524404920ebce072be5524fec7a9ab1,1C9D7D/29431,LWPOLYLINE,0,,graphic_only,0,{},not_delivered_not_automatically_missing,4de48158bf57d26f83917dd5faeded95c50541e62ce86f60f80d77c97f711141,True,b4ec618e2f20c5b0d5d9fe563ae5dbbc42444f502a2d43f7bdaccaeacd50d84b,True,mapped
plan:3ee0eef3de3a2181bfbbfefa66eb836f28bce34bd658961d91da381176fc1083,1399B4/29460,TEXT,0,3',annotation,0,{},not_delivered_not_automatically_missing,ec3b41c69b6ab55d01d156889f033c378036bf6506735d741076b4ee7212f411,True,a03d907dadbfecb737a6217b19eb0ea8ace5164f5c8c079c534726af195c9c06,True,graphic_only
plan:3efaaaf5a5718faa9ab97621e329f045e8f7986a3856cadff70ac1dd9747cf2d,139936/3E889,HATCH,0,,graphic_only,0,{},not_delivered_not_automatically_missing,0e327c55e27bd9fa28041254f02e175a2404316cc8c4bebc0bdd22ac5075f939,True,a60d21e1401bf5f72fc421f9d68312a45f3335f773e6b8d468ffe708ff6bfc08,True,graphic_only
plan:3f1ad57d34a9457f2c01d05c902c325f26082a3cf3aa301a0300ae0b1a0ed027,1C9D5D/29430,LWPOLYLINE,0,,graphic_only,0,{},not_delivered_not_automatically_missing,e4ca8266ad0fd60f3c666c30fe7569773027aa54446ad5c6082ad90afad1d754,True,02c34b322a6b2cfb01512d2652deac355e29b3fb4dab778e2b3a3993a0f928a6,True,mapped
plan:3f210b8bcbbf42da8a5bec10699265b61bac89e250883a53bcb71477b2db6b2d,1CB380/15AA2B,LINE,CLOSURE,,graphic_only,0,{},not_delivered_not_automatically_missing,1e265c5a2da81355e60b6fc6b738df6054b7c4e2b73a5dc255c37957615d1cba,True,4cb89f40269ce17a44fed4986d2e4ec02a101fcd045dc1e95990e2ab09f8982d,True,graphic_only
plan:3f8ba0fa181ba0dcd0fb37e230bb6ea8b726da183002857ec511a39f9e6c6512,139933/14274,LWPOLYLINE,0,,graphic_only,0,{},not_delivered_not_automatically_missing,71ccc1ca8721b3f8ff3aeefc081a31a824e134efa14d02ca5aa5e5542b74a292,True,628a42c9c993479f9d9a72d2d21e0644e029af8a1a2aa33bdfe70bd85a6441ac,True,graphic_only
plan:3ff4142a798b49870cc1f928fbb1d887858876bad2e27b308a7ca96eb51162bc,1CB380/15AA2A,LINE,CLOSURE,,graphic_only,0,{},not_delivered_not_automatically_missing,d7fdf2877d529da1f9801a903ecf53bccf5b45519ee8322c595dcbbc1727effc,True,4cb89f40269ce17a44fed4986d2e4ec02a101fcd045dc1e95990e2ab09f8982d,True,graphic_only
plan:40a45a39eb72d5418d7bd60f1ca78e0ef3f2190170d024c579f36dc2d85de524,1CB380/15AA3A,LINE,CLOSURE,,graphic_only,0,{},not_delivered_not_automatically_missing,e342c0db07216752a80551b40d93aa9d57d4af38e298908f184f78ac32b16baf,True,4cb89f40269ce17a44fed4986d2e4ec02a101fcd045dc1e95990e2ab09f8982d,True,graphic_only
plan:40a6e265bb0a352f897a0534ae981c15b9b7d02c27f4efdfa465cd36421899bd,1C9847/29462,TEXT,0,NP9,annotation,0,{},not_delivered_not_automatically_missing,84894ff720fad08142b4b5794738d9f03a678c033f0cf0d6c83cb7cf83b64ff1,True,891219b44519865ba5a5a4327187368fd2636883a58eb983119aed37978fe918,True,mapped
plan:40fb29e386e8f6b0bfa7dd1ce05c12c58ee6003fd24733cfdfe9a7a011f62466,1AEAA0/29460,TEXT,0,3',annotation,0,{},not_delivered_not_automatically_missing,ec3b41c69b6ab55d01d156889f033c378036bf6506735d741076b4ee7212f411,True,78f719e04319c5332a6e14029518af223cfe8194eca7f8361128a9cdd324aa46,True,mapped
plan:4116eaa70e661e4c9f225cbf035b9b2ca8382df06f1bf75c9b3d2c096ff89c06,1CC308/1CB337,ATTDEF,0,XXX,annotation,0,{},not_delivered_not_automatically_missing,e7fde9507fef0e58fd88cff16f30700d650899df1ac5d6c2fd5e351b2606da31,True,3727f65bb01b6b52aceb629199172c440ef452b36c95f98cd0f3cd220e5266c6,True,graphic_only
plan:41c68e02a307492cc634a5fb07842f55ba2e8e7cec341e4349a97dbbb1a8ac61,1B0564/29461,TEXT,0,FM,annotation,0,{},not_delivered_not_automatically_missing,174426606c3f9fceb5236519aabec1cb116307e98d4a518da5beb5cd9fbf5a19,True,2ca25ec76db11550ba58b4b7ebe22a830da99e09ba155a98d8d65ccbc86b7298,True,mapped
plan:422f02595bfb8ca39be9fadc978ebc6d372686977c2c4a82d22777b513765a90,139985/A78B,CIRCLE,0,,graphic_only,0,{},not_delivered_not_automatically_missing,85ba7738023935255366153e0e09ff0dc9ac0762c65eb4b188a87c1a388d41d6,True,96178dc9d539f3a14f645e5533dae73b23b5a99b5033cd56e59ad3719c3fc72e,True,graphic_only
plan:4284ce7eb28961e35521573cf48600499eb50b167323fba6487eae2e7df6cfbf,13997C/A2C1,LINE,0,,graphic_only,0,{},not_delivered_not_automatically_missing,a26045c09fe46ed1ee5549ba0d7c90c4cc364fd883348aadff9d4f4f4fe1987d,True,942dadb4bff9adebe990d7b747f4d36a51533b6bd9ab89f7c2cb7d0f37194544,True,graphic_only
plan:42a811f97100b5ccbf2cf7c70f84a508b95aee601ccdc53fe7abba01e29d7f8a,1AEAB8/2945E,LWPOLYLINE,0,,graphic_only,0,{},not_delivered_not_automatically_missing,a50919ba67b3d95ae34559a59cccb10ea42f185d160f49992d14a7ca55d9b640,True,cc598f4024c50be1a773bf5045679e7f6b889dc02114ede5e20b16fc84cdbb64,True,mapped
plan:42c03332579bc5db50d8ee079ab70f53d435d575bd04dc5199616201b280b732,1CB380/15AA77,LINE,CLOSURE,,graphic_only,0,{},not_delivered_not_automatically_missing,5884d949c6b8513b9ea90109dd4a27aa948a08262e2fb90b98d53f18138e66a0,True,4cb89f40269ce17a44fed4986d2e4ec02a101fcd045dc1e95990e2ab09f8982d,True,graphic_only
plan:42c4508d2a565d9b5c5e36a2c24221ed4e79391cdea7320481f68ae9fded4c26,1C9D75/2942F,TEXT,0,NP9,annotation,0,{},not_delivered_not_automatically_missing,a34c248a4b649cd2ae9afae0a16b8407e58b643dbc1d1aa3b2a43448a87ac13c,True,811df3ce385562ae1d2d726663b24e593fb78c2c6a741e636360f017ec4a54c3,True,mapped
plan:44777fad672d0b897b37363536786e14596c3f7ab30196b269c84e805ed6fad8,1AEAB0/29463,TEXT,0,4',annotation,0,{},not_delivered_not_automatically_missing,372e06ad91acd18e4e7189980b4d3559a12d41dc4b2e944122c1fb5f2047c205,True,1c53d34e2291a4063fe44233f37280bdd6b674495d256e7e54545f939ab4f734,True,mapped
plan:447c623436e864a45b34948033653cce01bfc94e4675bfbca288f9f823fb0423,1AE9F0/29460,TEXT,0,3',annotation,0,{},not_delivered_not_automatically_missing,ec3b41c69b6ab55d01d156889f033c378036bf6506735d741076b4ee7212f411,True,53b3567769e4382029a4f9484223a1e9610b9fb0cf84e58a35f461c808b4cd08,True,mapped
plan:44b534c92fa86a781606cd1d60fc5a82f099e54fcdcc6b8eb69d109f50dd9ca0,1AEA90/29460,TEXT,0,3',annotation,0,{},not_delivered_not_automatically_missing,ec3b41c69b6ab55d01d156889f033c378036bf6506735d741076b4ee7212f411,True,3aedf01d9d8a35ee2afe658368df7dce1241d6644e28bbfa2c247342a349a611,True,mapped
plan:44c053d5160ceadd673bad49696ba37b5f956d171f707c1b5fc1df02d8dcc554,1CC308/1CB32B,LINE,0,,graphic_only,0,{},not_delivered_not_automatically_missing,2de4631d3df6c6f9efc862093b56879d18477fee942d2bca9b3498be462877e1,True,3727f65bb01b6b52aceb629199172c440ef452b36c95f98cd0f3cd220e5266c6,True,graphic_only
plan:45120e6a6d4f4f648e20357251b5990e268e7cbe2d4950373ec962648158780b,1CB35D/1CB330,LWPOLYLINE,0,,graphic_only,0,{},not_delivered_not_automatically_missing,c5e2a43086fb9bcb8d12ce547f851732a7dc07a3e276fe6b2d8186e6deddb534,True,ebbfb1aecf3c06457873d7e0f9efeab24109d3e425501d72b1fc7bd72ac4d772,True,graphic_only
plan:458f80ee4a6c5daccb49e4d4337af8998c8037a6558f0ca2fd24d8c6943145c6,1CB380/15AA5F,LINE,CLOSURE,,graphic_only,0,{},not_delivered_not_automatically_missing,2ba4bebb370669a4871b6ef7cfcc4e274d772153e5ca9f06c81e1614a7eb77b7,True,4cb89f40269ce17a44fed4986d2e4ec02a101fcd045dc1e95990e2ab09f8982d,True,graphic_only
plan:4630ce9f77b99ba96d0faed1dba832e5d25d8cf7f9f4f8f496c4b452ae1aec0a,1AEAA8/2945C,TEXT,0,NP9,annotation,0,{},not_delivered_not_automatically_missing,47f68d9c28875dd58c9d13c5fa0d324473a34adbb2996561f872d6dc296b37b5,True,64997a1219cc5cfd92791346e28288f2c8407ddd59794f17f52e068f93ae8154,True,mapped
plan:465841734c747b5543bbfd508a93f4f14c4f9650c334ce9c129cc72cd142968f,1AEAA0/29461,TEXT,0,FM,annotation,0,{},not_delivered_not_automatically_missing,174426606c3f9fceb5236519aabec1cb116307e98d4a518da5beb5cd9fbf5a19,True,78f719e04319c5332a6e14029518af223cfe8194eca7f8361128a9cdd324aa46,True,mapped
plan:47148533652449ee01f41c55c9f49c823bbc0494035e3e883818cb603e444a66,1AEA90/2945F,TEXT,0,5',annotation,0,{},not_delivered_not_automatically_missing,04d52eb8301f35e0cec1ad5a3cb51b4f5e9bec90c9b605ffea41bd9258c5fa26,True,3aedf01d9d8a35ee2afe658368df7dce1241d6644e28bbfa2c247342a349a611,True,mapped
plan:482d1a4fa1a7e8d6ba459623aca8c5a31dbc3edf9ca992a95c846568a05aa6c2,1CB380/15AA34,LINE,CLOSURE,,graphic_only,0,{},not_delivered_not_automatically_missing,2833a84f84ac95d3f472dbdd0831c9b4e2fecfece9dea476fc01fb9ea52ee3b5,True,4cb89f40269ce17a44fed4986d2e4ec02a101fcd045dc1e95990e2ab09f8982d,True,graphic_only
plan:4851b6bdbba66c22f004755603fe18d62a55fe6864508d14ba47da50c06f5ecc,1CB37F/15A95F,ELLIPSE,COIL,,graphic_only,0,{},not_delivered_not_automatically_missing,6acc48300ec149e5b260407aa803cd2f2a3dba4d4252bd8afa81f7ef247ebbb2,True,fda550f26769625316c89b854f9fe2454666bd767c47acf216aa757acd41b8e2,True,graphic_only
plan:4869dd8aae55a474e9a12b3cb67768a25ef203a3eec3c82202493685b3856775,1AEAB0/29461,TEXT,0,FM,annotation,0,{},not_delivered_not_automatically_missing,174426606c3f9fceb5236519aabec1cb116307e98d4a518da5beb5cd9fbf5a19,True,1c53d34e2291a4063fe44233f37280bdd6b674495d256e7e54545f939ab4f734,True,mapped
plan:490a989ef3d0fac91074c4cd1fbbaddd0437d78e36cc23294f348611cec64c75,13992C/A7C6,TEXT,0,4',annotation,0,{},not_delivered_not_automatically_missing,646c9339573d23d2504cf0ca8cafec81a5df3378e934d6d87ea8b45407cb3711,True,f05d18af0064e4911385abb3af86ba054fc73f3619bad3ce34b5682992e46ac3,True,graphic_only
plan:494bff00f993ba2dfbe769117d5173c64b93539fc4220fa545cf282856ec886b,1CB380/15AA43,LINE,CLOSURE,,graphic_only,0,{},not_delivered_not_automatically_missing,3edf188bb8e9f133d3d5511b3c5f0af0defb88fd35943998a55b2151b1afc206,True,4cb89f40269ce17a44fed4986d2e4ec02a101fcd045dc1e95990e2ab09f8982d,True,graphic_only
plan:4956e474dba04dc5b431ff1be6e8c25aa675e29887f9249bff209dd966388e99,1C9D75/2942E,CIRCLE,0,,graphic_only,0,{},not_delivered_not_automatically_missing,e4601f012256728268a62ea3d3ac95731190308da71beffa5ed6b4f676602bcd,True,811df3ce385562ae1d2d726663b24e593fb78c2c6a741e636360f017ec4a54c3,True,mapped
plan:49661025cf1b821f41b2e9cede3ae4e2cbe1313070013b582babc2177cfd322d,1AEA90/2945C,TEXT,0,NP9,annotation,0,{},not_delivered_not_automatically_missing,47f68d9c28875dd58c9d13c5fa0d324473a34adbb2996561f872d6dc296b37b5,True,3aedf01d9d8a35ee2afe658368df7dce1241d6644e28bbfa2c247342a349a611,True,mapped
plan:498dfa679141f229703342eca0da4137921d20498fbf76ee5cae8d2869f69b5e,1CB380/15AA95,LINE,CLOSURE,,graphic_only,0,{},not_delivered_not_automatically_missing,a591b1c6fc8157783fcb9f1f75d79c09e416dfd9ce6a858d7011862da6d93408,True,4cb89f40269ce17a44fed4986d2e4ec02a101fcd045dc1e95990e2ab09f8982d,True,graphic_only
plan:49ece001b2510239dbab773ea2dc44fa441aef721335ceb1abafe058ceccbed9,1CB380/15AA47,LINE,CLOSURE,,graphic_only,0,{},not_delivered_not_automatically_missing,6f972201d757d98ebd962d59a04172ca2cd2e6d286748db3d10dbef8a43ee45e,True,4cb89f40269ce17a44fed4986d2e4ec02a101fcd045dc1e95990e2ab09f8982d,True,graphic_only
plan:4a0e91561fc87c658eccd7e9c3a56fba21c4963ba50b787436a5a7a776f67d4e,1CC2AA/1CB331,TEXT,0,MARKING CABLE,annotation,0,{},not_delivered_not_automatically_missing,20dd9775e63c6c6fe9942e8b3ce246cadbdbbd4f8354b5ed28a7d41551f52fc7,True,d89d154a4272d92a6f2444b8d5207aa572e35b21fe2dd526895f6fdedf3068f9,True,graphic_only
plan:4a5bb8fe62f34fecc764b68156db110613f79822844554e6b56380f0e847d08b,1AEAA8/2945E,LWPOLYLINE,0,,graphic_only,0,{},not_delivered_not_automatically_missing,a50919ba67b3d95ae34559a59cccb10ea42f185d160f49992d14a7ca55d9b640,True,64997a1219cc5cfd92791346e28288f2c8407ddd59794f17f52e068f93ae8154,True,mapped
plan:4a95dccf887759c1bad0a2c5bb09af1f13bf84a76f9737fab82ccfe15604391f,1C9847/2945F,TEXT,0,5',annotation,0,{},not_delivered_not_automatically_missing,04d52eb8301f35e0cec1ad5a3cb51b4f5e9bec90c9b605ffea41bd9258c5fa26,True,891219b44519865ba5a5a4327187368fd2636883a58eb983119aed37978fe918,True,mapped
plan:4aacc40c95cfad40d42788d2a7e7abe6180bca50f2368eb1616c1a0b0ea9db5b,1AEA90/2945A,TEXT,0,NP7,annotation,0,{},not_delivered_not_automatically_missing,07c03427faeced9510b9b2358fdd62db08ae16fb581770cb6b0bf8f8aa9e83f3,True,3aedf01d9d8a35ee2afe658368df7dce1241d6644e28bbfa2c247342a349a611,True,mapped
plan:4b48e14e0e61dcf8476863531fc298b29022074d171de03639c9f4fae0bf5ac5,1B0564/2945E,LWPOLYLINE,0,,graphic_only,0,{},not_delivered_not_automatically_missing,a50919ba67b3d95ae34559a59cccb10ea42f185d160f49992d14a7ca55d9b640,True,2ca25ec76db11550ba58b4b7ebe22a830da99e09ba155a98d8d65ccbc86b7298,True,mapped
plan:4ba2b57b6a0e26d64743c077a3d25ce88ada77d36e2663fa5a70d635700169f1,1CB380/15AA45,LINE,CLOSURE,,graphic_only,0,{},not_delivered_not_automatically_missing,88774c4d09ca55ef17c64ae612c2cc1d74ec67136ba21fcd9e4c0c9e9e6766c3,True,4cb89f40269ce17a44fed4986d2e4ec02a101fcd045dc1e95990e2ab09f8982d,True,graphic_only
plan:4be46f837f3f81c90e3f7c43b247c17957ab1b05f9a2f1a3bb57dac631309532,1C9D7D/2942D,TEXT,0,NP7,annotation,0,{},not_delivered_not_automatically_missing,14eccd3bb23da38d82d8f7fdaf541e4cf8b8ee2b76a2bd31e00b1e61e9d8d96e,True,b4ec618e2f20c5b0d5d9fe563ae5dbbc42444f502a2d43f7bdaccaeacd50d84b,True,mapped
plan:4cb690337b784240036b733941f9575525467b13b2edeeec9496e3a966566fb8,1CB380/15AA3E,LINE,CLOSURE,,graphic_only,0,{},not_delivered_not_automatically_missing,c98af394f232fa6adf2eed821f849e151c3b71e093f62d3dc88291c7c101d7b1,True,4cb89f40269ce17a44fed4986d2e4ec02a101fcd045dc1e95990e2ab09f8982d,True,graphic_only
plan:4d3c46724473b1feeeb8b2d115e8fd645439594638f845d59c0845d0a648648b,139933/14273,HATCH,0,,graphic_only,0,{},not_delivered_not_automatically_missing,97a8d53b04dc2c5f209800f42774127b8eae54805b2c7c508679f1435385f1fc,True,628a42c9c993479f9d9a72d2d21e0644e029af8a1a2aa33bdfe70bd85a6441ac,True,graphic_only
plan:4eb1276ade6fa84b9d2aaee5269341b4cb2875ddf620478f7bddf82d98aead92,1C984F/29431,LWPOLYLINE,0,,graphic_only,0,{},not_delivered_not_automatically_missing,4de48158bf57d26f83917dd5faeded95c50541e62ce86f60f80d77c97f711141,True,5dbff0aa3ab580046fc44b11609edf906d3017f1fe49e086df599b453a38052f,True,mapped
plan:4ebc72abfdb69090bcd5de101597d78f1b51f72c112cfc1f8f76be0b2e9973ec,1C9D8D/29433,TEXT,0,3',annotation,0,{},not_delivered_not_automatically_missing,791575fe96d3f375c3193aa080f21753a6c411c54c2a6055b9aabb3f470862e2,True,a344cb2199d230797cab1ff6779e4a850c47d83c3b9e60282fb26fddaa59fa45,True,mapped
plan:4ec4c1430409bbb469a183a1f7753bf0a7d1de6ec3de5e99bdc96b9599336cdb,1C9D8D/29436,TEXT,0,4',annotation,0,{},not_delivered_not_automatically_missing,d3638ef3348b6cb2dc7c918f5f5ce84b83e0bb48a38fa6a58e4de9552cbb37c6,True,a344cb2199d230797cab1ff6779e4a850c47d83c3b9e60282fb26fddaa59fa45,True,mapped
plan:4f2aad96cc77291f7020a5efddb3c438e6f3970f30545bb6bcdbd443c071756d,1CC308/1CB327,LWPOLYLINE,0,,graphic_only,0,{},not_delivered_not_automatically_missing,8e28e7e28f261aad6f8b4ecb02141432c97d18c4b4468ab29f90b8d05e78bc32,True,3727f65bb01b6b52aceb629199172c440ef452b36c95f98cd0f3cd220e5266c6,True,graphic_only
plan:4f485c17924cdd4ba4b063f4c302eb733eafbc448c0fd0bee4c936c26530c365,139995/29431,LWPOLYLINE,0,,graphic_only,0,{},not_delivered_not_automatically_missing,4de48158bf57d26f83917dd5faeded95c50541e62ce86f60f80d77c97f711141,True,7e433acc64f9d5fda4d7ad31c1416412e98e0e5b9ea6bc8eaf5f1157891b1974,True,graphic_only
plan:4f85dc93eca754042f45dccefd48172b41c120b111c3a45cf280f36b11fb40ee,139924/A2A1,LINE,0,,graphic_only,0,{},not_delivered_not_automatically_missing,12f7caf57413b8c5236ba87582c9748bdc417ae8116400c9e835a9b2451d0ac8,True,fed10fdd19124ae298e1b921b8465babed086f7c4660fb5bfe3467dd76d90478,True,graphic_only
plan:4fca51e3b3195ca2d5aa2509aac9cd40ee33d8acf9ebeaf6c10e9e9deed9d11b,1CB380/15AA14,LINE,CLOSURE,,graphic_only,0,{},not_delivered_not_automatically_missing,96c3313e62f2e73ae7c99e853121a8ecda81f836a3abc4bcfafde383637f416e,True,4cb89f40269ce17a44fed4986d2e4ec02a101fcd045dc1e95990e2ab09f8982d,True,graphic_only
plan:5007aa6d8aebc78674fd2e657d5ee48aeea62861320c5fee2d8c38e215a5cde1,1CB380/15AA7E,LINE,CLOSURE,,graphic_only,0,{},not_delivered_not_automatically_missing,7e9672ee2b4567ec5f3815a39a3d416d08ce55ea1aaab8952c0780677046e542,True,4cb89f40269ce17a44fed4986d2e4ec02a101fcd045dc1e95990e2ab09f8982d,True,graphic_only
plan:502721aa563b0e874c5d6e16c7e6a4eb808e566fe475dfa2fdba10cdec219026,1CB35D/1CB32F,TEXT,0,M,annotation,0,{},not_delivered_not_automatically_missing,80dfe7cdf43e2726773e10a496468b8f193685dfc0f6f221bdfd8266a1333f7c,True,ebbfb1aecf3c06457873d7e0f9efeab24109d3e425501d72b1fc7bd72ac4d772,True,graphic_only
plan:505ec92ac5c8fc01a8f9beff55885cf30e631c09ed5f88853fcd3e8fd81bdf9c,1CC308/1CB32C,LINE,0,,absent_from_canonical_evidence,0,{},expanded_instance_with_definition_and_parents_in_ledger,d6b2f9fe7c4676d423931ef21460a180f042b3d3ebb6b5dac530653dac3420b9,True,3727f65bb01b6b52aceb629199172c440ef452b36c95f98cd0f3cd220e5266c6,True,graphic_only
plan:50ba803c9292ab91b36f90b09ec944239739bf082c4eca509e0c46ad98dc6b60,1CB380/15AA50,LINE,CLOSURE,,graphic_only,0,{},not_delivered_not_automatically_missing,b47c36ee2db7c26a8e4c0fe4ca24be1b2b1ce361876859071409d70bc89f2bfb,True,4cb89f40269ce17a44fed4986d2e4ec02a101fcd045dc1e95990e2ab09f8982d,True,graphic_only
plan:50ee67c20e0e05b19bb9a88d70f90357f9745bb68e9ffd0a4430b07245630da3,1CB380/15AA87,LINE,CLOSURE,,graphic_only,0,{},not_delivered_not_automatically_missing,eee3e403f87bb58447d629ab76bf0519a0e7f4a9e9a43c12f348b7c1add6b4ff,True,4cb89f40269ce17a44fed4986d2e4ec02a101fcd045dc1e95990e2ab09f8982d,True,graphic_only
plan:513c50e51a29717837da2367d684cf76556c4ced8832f6666f17b87ed9ff3210,1C984F/2942D,TEXT,0,NP7,annotation,0,{},not_delivered_not_automatically_missing,14eccd3bb23da38d82d8f7fdaf541e4cf8b8ee2b76a2bd31e00b1e61e9d8d96e,True,5dbff0aa3ab580046fc44b11609edf906d3017f1fe49e086df599b453a38052f,True,mapped
plan:520bd5ef2e86cbf79cfe4969526b62f9b7bd4882795640f0b9565fbc22dcf799,139985/A78C,TEXT,0,NP9,annotation,0,{},not_delivered_not_automatically_missing,641a93e118c4435a7191d3347f907dc5e9a4695ced85aaf03c71800ce38c503b,True,96178dc9d539f3a14f645e5533dae73b23b5a99b5033cd56e59ad3719c3fc72e,True,graphic_only
plan:5215c0e498baa1213585680c43921dd72973184185441535e0747ee4eb836301,1C9D8D/29432,TEXT,0,5',annotation,0,{},not_delivered_not_automatically_missing,2cce10f1d40375e00adb075afd695f3d432a5597b6049938dbac9b1e6681cca5,True,a344cb2199d230797cab1ff6779e4a850c47d83c3b9e60282fb26fddaa59fa45,True,mapped
plan:52410121f52242af79beaf0a1dd24836ec5261b4a7611f0fe75a713c39786182,1AE9F8/2945B,CIRCLE,0,,graphic_only,0,{},not_delivered_not_automatically_missing,4605561d11f325859d5c89bb2da0871aef73d20a9800276272ca2720cb768575,True,5caae9ad4f1f979c11199abc43160d03040dd635e4c0ba0698e2e224874e20aa,True,mapped
plan:5260c607783188b7044f08a9989edb27b784ae0f391e84cf76b3e428cd24d93f,13992C/A7C5,TEXT,0,NP9,annotation,0,{},not_delivered_not_automatically_missing,52ad80a0a1164cd00f233589916a22817565e7c7448f03452f3797f0d058d606,True,f05d18af0064e4911385abb3af86ba054fc73f3619bad3ce34b5682992e46ac3,True,graphic_only
plan:5276d025c909d862036e34bd4b26ca88754ae784efa5617e445a46a4c1e02d8f,1CB380/15AA27,LINE,CLOSURE,,graphic_only,0,{},not_delivered_not_automatically_missing,f49cbf0f689a8010193d34b0b948498a6164720ceba681cec8a15b7d9d6deec4,True,4cb89f40269ce17a44fed4986d2e4ec02a101fcd045dc1e95990e2ab09f8982d,True,graphic_only
plan:5288e30b3eeb0b7d203be837f4cef22039833163a6b6185dad90955713a2da66,1C984F/29435,TEXT,0,NP9,annotation,0,{},not_delivered_not_automatically_missing,20dc07a255b78278011d800be163aef04477b2a3f090e319b0541cc2d022a31f,True,5dbff0aa3ab580046fc44b11609edf906d3017f1fe49e086df599b453a38052f,True,mapped
plan:52ac85abb22f3c324da1336cafb77693da6faec1f4408a273545c08701455272,1CB380/15AA8B,LINE,CLOSURE,,graphic_only,0,{},not_delivered_not_automatically_missing,7542522a3ede3b82f5dcaaf2b2907e86aec381f8ed7c2890eceedca2db30d0df,True,4cb89f40269ce17a44fed4986d2e4ec02a101fcd045dc1e95990e2ab09f8982d,True,graphic_only
plan:52e46aef3ce0c423a6a508ae45ae6903b4c1e6551f1c64cd33d18cc354328825,1B3E06/29462,TEXT,0,NP9,annotation,0,{},not_delivered_not_automatically_missing,84894ff720fad08142b4b5794738d9f03a678c033f0cf0d6c83cb7cf83b64ff1,True,1f7cdf5e050176d5467d159bf505f34bb4ef6e7f6e27e34f394b8eac954b08e9,True,mapped
plan:533b8c35e11d43addfd4d7fcfa83bf842c84ca217b8d939c808366eaf4e498d2,13995C/A26C,LWPOLYLINE,0,,graphic_only,0,{},not_delivered_not_automatically_missing,94f577caa6063e37d3add7afd8da5ba184b1334c343799d31efa0426f62e97db,True,84b0887d8e284a268b65bbf39a2a3c1eaddec7cb2f52de2339a6622d4154955b,True,graphic_only
plan:53692ffa1bd5c0fee814b45bf7f0379a1d956fe65ec38bb04f7f15453d7a007b,1C9D7D/2942E,CIRCLE,0,,graphic_only,0,{},not_delivered_not_automatically_missing,e4601f012256728268a62ea3d3ac95731190308da71beffa5ed6b4f676602bcd,True,b4ec618e2f20c5b0d5d9fe563ae5dbbc42444f502a2d43f7bdaccaeacd50d84b,True,mapped
plan:53998abeabc0e58443aa7b706a38e8b11858d9529fabd5b5eda5c9d111792924,1CC308/1CB328,LWPOLYLINE,0,,graphic_only,0,{},not_delivered_not_automatically_missing,bdb4eefd4528389a9d927491c90ffd47e6130f8af828e33fc08ab3f744528459,True,3727f65bb01b6b52aceb629199172c440ef452b36c95f98cd0f3cd220e5266c6,True,graphic_only
plan:53c0400b9bdce4faf1df49f7749fee195dc69ba4d3f73f3d2413464e27736283,1AE9F0/29462,TEXT,0,NP9,annotation,0,{},not_delivered_not_automatically_missing,84894ff720fad08142b4b5794738d9f03a678c033f0cf0d6c83cb7cf83b64ff1,True,53b3567769e4382029a4f9484223a1e9610b9fb0cf84e58a35f461c808b4cd08,True,mapped
plan:549c9d16b0483b7e735bb530610ad10937c8dd03123f418f3c6ad95bf9cb1a52,1CB380/15AA44,LINE,CLOSURE,,graphic_only,0,{},not_delivered_not_automatically_missing,e9f6a932b593396081de4140406b7af0e05b06113892241cb539f04b7df579dd,True,4cb89f40269ce17a44fed4986d2e4ec02a101fcd045dc1e95990e2ab09f8982d,True,graphic_only
plan:54a6de1f231b9bdb1dd83cb849eb181b5b857bd4d64f0c8d1483a9c3efa022c8,1399B4/29463,TEXT,0,4',annotation,0,{},not_delivered_not_automatically_missing,372e06ad91acd18e4e7189980b4d3559a12d41dc4b2e944122c1fb5f2047c205,True,a03d907dadbfecb737a6217b19eb0ea8ace5164f5c8c079c534726af195c9c06,True,graphic_only
plan:54bca734d43363cfe879f61c38c5248b4687b171bb598a0e3ab23a9bea897d30,1C9D7D/29435,TEXT,0,NP9,annotation,0,{},not_delivered_not_automatically_missing,20dc07a255b78278011d800be163aef04477b2a3f090e319b0541cc2d022a31f,True,b4ec618e2f20c5b0d5d9fe563ae5dbbc42444f502a2d43f7bdaccaeacd50d84b,True,mapped
plan:552141b9125d752b76b87f3f1e1641768138731f0d9e46bf8fbdf3e4911036fd,13992C/A7C0,LWPOLYLINE,0,,graphic_only,0,{},not_delivered_not_automatically_missing,3edc1edb04b468a44db3eee60a9cf317f8c3ea71fd1a1a8fb2dcbe3dd0c42a51,True,f05d18af0064e4911385abb3af86ba054fc73f3619bad3ce34b5682992e46ac3,True,graphic_only
plan:55df2c5d61884758c6c4c04d1f927212e084b34094c6c9e7bf49525ca84c8699,1CC2AA/1CB330,LWPOLYLINE,0,,graphic_only,0,{},not_delivered_not_automatically_missing,c5e2a43086fb9bcb8d12ce547f851732a7dc07a3e276fe6b2d8186e6deddb534,True,d89d154a4272d92a6f2444b8d5207aa572e35b21fe2dd526895f6fdedf3068f9,True,graphic_only
plan:55e9c4fb31191ab835ac0334ad5a30fe66fd277e2efd96fea14c9ceec5899ad7,1C9847/2945E,LWPOLYLINE,0,,graphic_only,0,{},not_delivered_not_automatically_missing,a50919ba67b3d95ae34559a59cccb10ea42f185d160f49992d14a7ca55d9b640,True,891219b44519865ba5a5a4327187368fd2636883a58eb983119aed37978fe918,True,mapped
plan:5601affd2fba3877da61ee7920e0765422b56f40d9fbc408f30f50411110f25f,1CB380/15AA5E,LINE,CLOSURE,,graphic_only,0,{},not_delivered_not_automatically_missing,737cc39f6eec8ea788aae5434e1b509dbaee33b28f6b37edb7fe40e946cc27e5,True,4cb89f40269ce17a44fed4986d2e4ec02a101fcd045dc1e95990e2ab09f8982d,True,graphic_only
plan:56394abf7df7350169fac93296399146658a9e7b17ccb8606a702dec5a062ffd,1CB380/15AA94,LINE,CLOSURE,,graphic_only,0,{},not_delivered_not_automatically_missing,694899b1c4c8e95d1ef77eb4f364a58d98f2966d701fd3c8818c80355f92f097,True,4cb89f40269ce17a44fed4986d2e4ec02a101fcd045dc1e95990e2ab09f8982d,True,graphic_only
plan:56b70c36f69af7f17c1d74161419bcd9d9c1f894b792b14ebb7546bc5c846559,13992C/A7C2,TEXT,0,5',annotation,0,{},not_delivered_not_automatically_missing,9cb53ac5ec366e0413e829535757209710c211c76532aeb5413f22ba9b5b195e,True,f05d18af0064e4911385abb3af86ba054fc73f3619bad3ce34b5682992e46ac3,True,graphic_only
plan:57564a2ca618a6fcc39d4e0d1604e72444181faac14a2a70f895caa2fcb0a058,139924/A2A5,TEXT,0,SH,annotation,0,{},not_delivered_not_automatically_missing,c90c79469d85cb0e39b6f478fe4e564a5fa79a138d5780e793b6b0bf20042cbf,True,fed10fdd19124ae298e1b921b8465babed086f7c4660fb5bfe3467dd76d90478,True,graphic_only
plan:5774e7e341fb466e0ddb68bda3a4d733c9a86a06383892fa0ad13e8eba31a08c,1C984F/29433,TEXT,0,3',annotation,0,{},not_delivered_not_automatically_missing,791575fe96d3f375c3193aa080f21753a6c411c54c2a6055b9aabb3f470862e2,True,5dbff0aa3ab580046fc44b11609edf906d3017f1fe49e086df599b453a38052f,True,mapped
plan:577d33e9fab07a0e24f35ce4be0d00eff050133eabb94a5cdb5733c3e8567aed,1C1157/14369,LINE,FDT-Info,,graphic_only,0,{},not_delivered_not_automatically_missing,d61c203b09d6f84db72342d38de709c59cdf4e7a3350c41b0200aeebfc5125bd,True,15e44996eaceda97a1cbba7ddf041d5e31dabc9603a87af0179eee05c8f2d271,True,graphic_only
plan:5859bb0a2dc409f1879224238fd854933c3f51f7a32997119207e3c4bbd99bb1,1C9D6D/29430,LWPOLYLINE,0,,graphic_only,0,{},not_delivered_not_automatically_missing,e4ca8266ad0fd60f3c666c30fe7569773027aa54446ad5c6082ad90afad1d754,True,7dead1ccabaf132f74573be5416c782bedaa8056e9eb151c36c576948a5a760b,True,mapped
plan:589c9cc58849cc9de3372be22e9618a9864ee433ac2a66d3e1fce2c121d083d4,1AEA88/2945C,TEXT,0,NP9,annotation,0,{},not_delivered_not_automatically_missing,47f68d9c28875dd58c9d13c5fa0d324473a34adbb2996561f872d6dc296b37b5,True,ada090ebad6743b77fe4b1dfc1abc1da8c3075b0cd31779dcf95e3546cec87ff,True,mapped
plan:58af2becd845554bfdecdf5ee7a420b8762c9452b3b52fc56aa413f420a00dec,1AEA10/29461,TEXT,0,FM,annotation,0,{},not_delivered_not_automatically_missing,174426606c3f9fceb5236519aabec1cb116307e98d4a518da5beb5cd9fbf5a19,True,10d5deec89657e8846c3bccdc50c1e66850ed46ff9966bde8aa306a5759e2fdc,True,mapped
plan:592cc0273de181a23d522fd9a8f0e64d39ba9133bd9d8206507ef02e2ac90c94,1AEA98/29462,TEXT,0,NP9,annotation,0,{},not_delivered_not_automatically_missing,84894ff720fad08142b4b5794738d9f03a678c033f0cf0d6c83cb7cf83b64ff1,True,6d3591e29a9e9033f59ca8401666a07ab45ab905d85d3095b625c291a01d0c2f,True,mapped
plan:597f12bdd122a34a63dc286343a8433d18d22778eb800d01e408f0dbd178db84,1AEAB8/29462,TEXT,0,NP9,annotation,0,{},not_delivered_not_automatically_missing,84894ff720fad08142b4b5794738d9f03a678c033f0cf0d6c83cb7cf83b64ff1,True,cc598f4024c50be1a773bf5045679e7f6b889dc02114ede5e20b16fc84cdbb64,True,mapped
plan:599e7a7a97cc62048c3ab166a7a4eb98c933fc83eb33bec95062601b75eee457,1399B4/29462,TEXT,0,NP9,annotation,0,{},not_delivered_not_automatically_missing,84894ff720fad08142b4b5794738d9f03a678c033f0cf0d6c83cb7cf83b64ff1,True,a03d907dadbfecb737a6217b19eb0ea8ace5164f5c8c079c534726af195c9c06,True,graphic_only
plan:59e010c4a95d95c88f3dac2a143e1b3eb8dc1eed6fc791d30467909d399a8238,1CB380/15AA13,LINE,CLOSURE,,graphic_only,0,{},not_delivered_not_automatically_missing,2b6fb77ec58765634753a45edafededf2a35c5370bd173a4939647a05fe861d3,True,4cb89f40269ce17a44fed4986d2e4ec02a101fcd045dc1e95990e2ab09f8982d,True,graphic_only
plan:5a262aafc2d6c797489823b3953d564e52ecc0cbadb0b2bee661c4f787e707a9,1C1669/14377,ATTDEF,FDT-Info,XXX+Xm,annotation,0,{},not_delivered_not_automatically_missing,0e65bbf041ee08c926de67173b8773a858304fd3d4f91026668200883871c4d9,True,e7d67f841e308b3c15f4576be64f5433f8cf884d1fbbb90458b2fd83068c5646,True,graphic_only
plan:5b318f4a71406e67c7e69445c1e612145f746bae8ea935abac5be1e5a5690730,1B056C/29462,TEXT,0,NP9,annotation,0,{},not_delivered_not_automatically_missing,84894ff720fad08142b4b5794738d9f03a678c033f0cf0d6c83cb7cf83b64ff1,True,39d085755b86f1ca0b7ef410829598c42a1e37e603e119497d7045f74531875e,True,mapped
plan:5bacd5e06a61aa9c8a34e1f8096084bf8b2751b6c0eb9729ec0946ead26dd1bf,1B056C/2945E,LWPOLYLINE,0,,graphic_only,0,{},not_delivered_not_automatically_missing,a50919ba67b3d95ae34559a59cccb10ea42f185d160f49992d14a7ca55d9b640,True,39d085755b86f1ca0b7ef410829598c42a1e37e603e119497d7045f74531875e,True,mapped
plan:5bc869c2d0fabe3b311e965ccba3df2d640ca2485b99a84311976807d255aff8,1CF082/15A95F,ELLIPSE,COIL,,graphic_only,0,{},not_delivered_not_automatically_missing,6acc48300ec149e5b260407aa803cd2f2a3dba4d4252bd8afa81f7ef247ebbb2,True,58f137ad7edb629adfb306ddf7c85e97aaceb980e63416cc7d9cd8cbc8a4513c,True,graphic_only
plan:5cbf125bcba7f40c3a3db5ecfa63960cff97aa89c8f930005351952ac77672ee,1C9D8D/2942D,TEXT,0,NP7,annotation,0,{},not_delivered_not_automatically_missing,14eccd3bb23da38d82d8f7fdaf541e4cf8b8ee2b76a2bd31e00b1e61e9d8d96e,True,a344cb2199d230797cab1ff6779e4a850c47d83c3b9e60282fb26fddaa59fa45,True,mapped
plan:5d33beecda8b266bd71a05d8c13dab0c34fe0f209e474ed4c137f25777b6ffa6,1C1669/14366,WIPEOUT,FDT-Info,,graphic_only,0,{},not_delivered_not_automatically_missing,ad1d21537b90fd27b048c9e8e89aeaca77ddd1e84ce099a590adf10676d1cd46,True,e7d67f841e308b3c15f4576be64f5433f8cf884d1fbbb90458b2fd83068c5646,True,graphic_only
plan:5e689adfcf31b5bf525075f9de7c9952ccacb08f9d54ed048ceb8f2ab7d0c3af,1CB35D/1CB336,ATTDEF,0,XXX,annotation,0,{},not_delivered_not_automatically_missing,535beb375b16f3a56ccbb81847b606e9df0344e5a10eb61a0eb30f07dd634a19,True,ebbfb1aecf3c06457873d7e0f9efeab24109d3e425501d72b1fc7bd72ac4d772,True,graphic_only
plan:5f018e17e1c259119328443106444104b08f091206fa11a27e461bdd5adda549,1AEA98/29460,TEXT,0,3',annotation,0,{},not_delivered_not_automatically_missing,ec3b41c69b6ab55d01d156889f033c378036bf6506735d741076b4ee7212f411,True,6d3591e29a9e9033f59ca8401666a07ab45ab905d85d3095b625c291a01d0c2f,True,mapped
plan:5f1f3474e5f7bff9b8792f7c50cd88700cf01aca4e2e7875a0db41c54d60b36d,1CB380/15AA68,LINE,CLOSURE,,graphic_only,0,{},not_delivered_not_automatically_missing,203e76334648f57c2c15569dc6f3b12df86ae0e423ab1514e0e6c8b4cc6a5904,True,4cb89f40269ce17a44fed4986d2e4ec02a101fcd045dc1e95990e2ab09f8982d,True,graphic_only
plan:5f711fe0f546c12543cdc5b97c3ee3840e7318e005379f3361bf35d3add58d00,1CC308/1CB32D,TEXT,0,SLACK CABLE,annotation,0,{},not_delivered_not_automatically_missing,8002d53d1d0d5dfc0d298543a8fee1ffb8d539e0195ac7c292511a25896a01ca,True,3727f65bb01b6b52aceb629199172c440ef452b36c95f98cd0f3cd220e5266c6,True,graphic_only
plan:5f908e2d582fa8aa54536483d32c4cf4f4224bf7547537d01965f0a0b39c979a,1CC308/1CB331,TEXT,0,MARKING CABLE,absent_from_canonical_evidence,0,{},expanded_instance_with_definition_and_parents_in_ledger,20dd9775e63c6c6fe9942e8b3ce246cadbdbbd4f8354b5ed28a7d41551f52fc7,True,3727f65bb01b6b52aceb629199172c440ef452b36c95f98cd0f3cd220e5266c6,True,graphic_only
plan:60025f851a12355be604053c0c1bb881423c7ef20308101f6485ec418b516d73,1B056C/2945D,LWPOLYLINE,0,,graphic_only,0,{},not_delivered_not_automatically_missing,99b0795cb1b7f362ebdc3e9f47f2ef37ea65f3b3df71aad6339af4b1e5417c6a,True,39d085755b86f1ca0b7ef410829598c42a1e37e603e119497d7045f74531875e,True,mapped
plan:611f56b5d0cb78b72edd7a46b090c9d012eda6e46e84dbe63791f40c81221488,139985/A792,TEXT,0,NP9,annotation,0,{},not_delivered_not_automatically_missing,c428261e3de4b9b281c8f494f65c3ba944f1bdff6989948605918009877b9e9e,True,96178dc9d539f3a14f645e5533dae73b23b5a99b5033cd56e59ad3719c3fc72e,True,graphic_only
plan:61b794d6f8e22725327a4449cb5af9744c18c20556ba360a4cb3285b56b50df9,1CB380/15AA39,LINE,CLOSURE,,graphic_only,0,{},not_delivered_not_automatically_missing,2e3311a22b6a215d0c2224d29df05f23a85fb877e308e855cbc33d8aec49eae9,True,4cb89f40269ce17a44fed4986d2e4ec02a101fcd045dc1e95990e2ab09f8982d,True,graphic_only
plan:62093fb310643f399e769539962c2e0d0724e3bbdfcde621f649a74e37c43b34,1C9D5D/2942E,CIRCLE,0,,graphic_only,0,{},not_delivered_not_automatically_missing,e4601f012256728268a62ea3d3ac95731190308da71beffa5ed6b4f676602bcd,True,02c34b322a6b2cfb01512d2652deac355e29b3fb4dab778e2b3a3993a0f928a6,True,mapped
plan:62cd30c1bba1271130a51498539c1cac29f1d8cdd5377e261a5090aa66063631,1BA661/3E88A,LWPOLYLINE,0,,graphic_only,0,{},not_delivered_not_automatically_missing,7fcd556af4e9e3554cfd8a2f788f9dca58bfcf05794621aaba91653a77ca6cad,True,660899928965caa433eba48baf187d474a8feab047b86997317e675a5a301188,True,mapped
plan:62d48e97a615be08dc589245f58c5c252a14018f2ff0852940c3373e1d6d1aa2,1CB380/15AA37,LINE,CLOSURE,,graphic_only,0,{},not_delivered_not_automatically_missing,700b33cde04daf8703ebb164b94524f0eeceaf76d0da524c8ebeddc169ade50f,True,4cb89f40269ce17a44fed4986d2e4ec02a101fcd045dc1e95990e2ab09f8982d,True,graphic_only
plan:62ffee7f4fbf4bf008651e193d54a843e8ecaa8c2fb4fa400f6c5f99aec7ce5b,1CB380/15AA28,LINE,CLOSURE,,graphic_only,0,{},not_delivered_not_automatically_missing,68e3da26a5776e514ae56848e5e74a4c293556dbf570fa6abe535aaec44d6a01,True,4cb89f40269ce17a44fed4986d2e4ec02a101fcd045dc1e95990e2ab09f8982d,True,graphic_only
plan:6404c942349eda4f79ac3571edaab7a4ec5acab469dd9d5515842bd02896bf74,1B056C/2945F,TEXT,0,5',annotation,0,{},not_delivered_not_automatically_missing,04d52eb8301f35e0cec1ad5a3cb51b4f5e9bec90c9b605ffea41bd9258c5fa26,True,39d085755b86f1ca0b7ef410829598c42a1e37e603e119497d7045f74531875e,True,mapped
plan:6406eb1dfee79699c38ef1c0cfc8884ccdc4ff30ab01ff77fb3f29dc96dfcc5e,1CB380/15AA0F,LINE,CLOSURE,,graphic_only,0,{},not_delivered_not_automatically_missing,1295f7267cdb65f67b38914796b0e4f2a14293624c8e1b31b42bd593400f1874,True,4cb89f40269ce17a44fed4986d2e4ec02a101fcd045dc1e95990e2ab09f8982d,True,graphic_only
plan:6431b727e90d7027f7e952c9424389706416c87130b2791d636e7f34d6f1456a,1CB380/15AA31,LINE,CLOSURE,,graphic_only,0,{},not_delivered_not_automatically_missing,9689c548ba2ec15c08b2237dfd3f81b48b9015e97aa1a5990ce9168c2b3dd915,True,4cb89f40269ce17a44fed4986d2e4ec02a101fcd045dc1e95990e2ab09f8982d,True,graphic_only
plan:645c7e7d5a46552328b85656a4e5245626c402ea9bab42336530b232004aa45e,1C9D8D/29431,LWPOLYLINE,0,,graphic_only,0,{},not_delivered_not_automatically_missing,4de48158bf57d26f83917dd5faeded95c50541e62ce86f60f80d77c97f711141,True,a344cb2199d230797cab1ff6779e4a850c47d83c3b9e60282fb26fddaa59fa45,True,mapped
plan:64aa42f86f74f043421d29077aa37c6aab43b1dc0f4c29f7bfe1346d90fa528d,1CB380/15AA6F,LINE,CLOSURE,,graphic_only,0,{},not_delivered_not_automatically_missing,37f0e3e93ae3ccd26a733a7920e516e9f3f7f6656a6d9ab3e7dd1e335244f237,True,4cb89f40269ce17a44fed4986d2e4ec02a101fcd045dc1e95990e2ab09f8982d,True,graphic_only
plan:64ba6cd603741abfce2df83699f79441e26cf86ff3b72264aab031fbc9ede2ee,139933/14272,LWPOLYLINE,0,,graphic_only,0,{},not_delivered_not_automatically_missing,72938af1e322c195c610fac9fb7bcf6c7c69cca3f91e481f1f5bbf14471bf236,True,628a42c9c993479f9d9a72d2d21e0644e029af8a1a2aa33bdfe70bd85a6441ac,True,graphic_only
plan:64bf0c7b52c7deaa3bdc5124a9fd7cb307e473b5e73c0ed468c02905d0f1763a,1CB380/15AA78,LINE,CLOSURE,,graphic_only,0,{},not_delivered_not_automatically_missing,6475b7bac8bb7997850bfc98cbf0c2d3b3b8bf80f60a34344f185bac458305a6,True,4cb89f40269ce17a44fed4986d2e4ec02a101fcd045dc1e95990e2ab09f8982d,True,graphic_only
plan:64cfc7bfe0a011c5666279372ee46ae99e5d86246f898928ce960101a6b9d5d0,1CB380/15AA16,LINE,CLOSURE,,graphic_only,0,{},not_delivered_not_automatically_missing,69f8ce180df9897b6fbda87132f98f738386415b80026ffa361b8d0f865e72f5,True,4cb89f40269ce17a44fed4986d2e4ec02a101fcd045dc1e95990e2ab09f8982d,True,graphic_only
plan:65373e107343785062c3c1d32ba3a4d300fc99784c517341cbd7c5e82da67020,1CB380/15AA09,LINE,CLOSURE,,graphic_only,0,{},not_delivered_not_automatically_missing,20eb50ed93b06af46dbbeb812b842534f5b072335dd9077ce741ab9ec7444f17,True,4cb89f40269ce17a44fed4986d2e4ec02a101fcd045dc1e95990e2ab09f8982d,True,graphic_only
plan:653f84a6ba4eb495de423bda0889c98a1304a258910f3ae40fc803151e5f4f96,13996C/A28D,LINE,0,,graphic_only,0,{},not_delivered_not_automatically_missing,96ae5efcc3b16edfb7c60a554d2eccfb3a1863187515357c7e9b74c462a37466,True,d623ede8bca98d31596102c97a94e851f696602656011f93c9828b99ef02df58,True,graphic_only
plan:67f4200ecee127361ab0682f50d993f0e24f9665e257abd6795c9d1c3e5bd15c,1C984F/29434,TEXT,0,FM,annotation,0,{},not_delivered_not_automatically_missing,9aab4291b190201ea0402e960d730e49f5bbc4da4d85368ff5180c7ce150706f,True,5dbff0aa3ab580046fc44b11609edf906d3017f1fe49e086df599b453a38052f,True,mapped
plan:68017c969e56103ad1d393008e418e3fbff15132028716198e786c14c454c400,1CC308/1CB338,ATTDEF,0,XXX,annotation,0,{},not_delivered_not_automatically_missing,763aa677454956150ad625b07e55d57dacddc32a3bfe07d748b87b2851359f5f,True,3727f65bb01b6b52aceb629199172c440ef452b36c95f98cd0f3cd220e5266c6,True,graphic_only
plan:6868f05e873b60d22476310ae165a44b020ebf87b11ad3dedefd3568b3ad8356,1CB380/15AA62,LINE,CLOSURE,,graphic_only,0,{},not_delivered_not_automatically_missing,6fbc2b3ae07f039097808fc06d7dfb49f57487548970faf5247af653b9f87740,True,4cb89f40269ce17a44fed4986d2e4ec02a101fcd045dc1e95990e2ab09f8982d,True,graphic_only
plan:6954cb707a170c29d11158b8ddb24c6736d25586f78c08f7167f3ac50eb0dbe2,1CB380/15AA67,LINE,CLOSURE,,graphic_only,0,{},not_delivered_not_automatically_missing,04cd12c5b665ad86f7c867f0854cc7824afc4c7f7dfa2b3cbfb0e03ccd633ab1,True,4cb89f40269ce17a44fed4986d2e4ec02a101fcd045dc1e95990e2ab09f8982d,True,graphic_only
plan:6958d195c6a6532cf353d821022e06b72d898797515db2fd039a36395b5decfc,13996C/A28A,LINE,0,,graphic_only,0,{},not_delivered_not_automatically_missing,99d839a17205aa48665ffc1598bd58bb3756f67eeeff435321e0c68bdf9b50dd,True,d623ede8bca98d31596102c97a94e851f696602656011f93c9828b99ef02df58,True,graphic_only
plan:698454fe694a4709f4d294ea274f7d278fd4f6b80e10b12168b00e779add8909,1CC308/1CB335,ATTDEF,0,XXX,annotation,0,{},not_delivered_not_automatically_missing,cb27d7cfda6edf816b1c0406a2c379b24558ff0cc6072ff499d5c82362ccd50a,True,3727f65bb01b6b52aceb629199172c440ef452b36c95f98cd0f3cd220e5266c6,True,graphic_only
plan:6a2fd29b3d8648f78059316b50cdd86e48709f9a590e9bc78a4c97b299ae9a10,139924/A29D,LINE,0,,graphic_only,0,{},not_delivered_not_automatically_missing,7ca84f9b06e04b2ec6e620a84b2ce9d11fa4e431915e7ab3d599227ecbc9372b,True,fed10fdd19124ae298e1b921b8465babed086f7c4660fb5bfe3467dd76d90478,True,graphic_only
plan:6a3093f1920fd5280dae872bbb2d08f612106941ba8589a31c4ff3f1411a90ad,1399B4/2945D,LWPOLYLINE,0,,graphic_only,0,{},not_delivered_not_automatically_missing,99b0795cb1b7f362ebdc3e9f47f2ef37ea65f3b3df71aad6339af4b1e5417c6a,True,a03d907dadbfecb737a6217b19eb0ea8ace5164f5c8c079c534726af195c9c06,True,graphic_only
plan:6a6bf7be976a9399c14f523a1c6bf32ee8bd21d3b999b2273e772f53942639d9,1AEA88/29462,TEXT,0,NP9,annotation,0,{},not_delivered_not_automatically_missing,84894ff720fad08142b4b5794738d9f03a678c033f0cf0d6c83cb7cf83b64ff1,True,ada090ebad6743b77fe4b1dfc1abc1da8c3075b0cd31779dcf95e3546cec87ff,True,mapped
plan:6a79ec1d90de31c7656f3b88255655827acdeea68e9815a7c475e1c7e555304d,139995/29433,TEXT,0,3',annotation,0,{},not_delivered_not_automatically_missing,791575fe96d3f375c3193aa080f21753a6c411c54c2a6055b9aabb3f470862e2,True,7e433acc64f9d5fda4d7ad31c1416412e98e0e5b9ea6bc8eaf5f1157891b1974,True,graphic_only
plan:6ac69130195c95fc49b9c96843123d47c833ba921b0dc13011642bf71a314840,1CB380/15AA15,LINE,CLOSURE,,graphic_only,0,{},not_delivered_not_automatically_missing,ea4bf535a7a35c867bc35eecde8ceeda50dbc3678a4c077a231ceeec33219aef,True,4cb89f40269ce17a44fed4986d2e4ec02a101fcd045dc1e95990e2ab09f8982d,True,graphic_only
plan:6aef1171e36bc55cf370d69f4498badc55480820880c5fc58fd838863b4a3170,1B0564/2945D,LWPOLYLINE,0,,graphic_only,0,{},not_delivered_not_automatically_missing,99b0795cb1b7f362ebdc3e9f47f2ef37ea65f3b3df71aad6339af4b1e5417c6a,True,2ca25ec76db11550ba58b4b7ebe22a830da99e09ba155a98d8d65ccbc86b7298,True,mapped
plan:6b0eca8a78bc693d52f3837e90ec703d44f377ac0c02162799668e7a99f611e5,1C9D5D/29431,LWPOLYLINE,0,,graphic_only,0,{},not_delivered_not_automatically_missing,4de48158bf57d26f83917dd5faeded95c50541e62ce86f60f80d77c97f711141,True,02c34b322a6b2cfb01512d2652deac355e29b3fb4dab778e2b3a3993a0f928a6,True,mapped
plan:6b2f4501260b2f57b6e2f4ded49d3e1b12c6daf5b735dece6a48f43022eeacb7,1CB380/15AA93,LINE,CLOSURE,,graphic_only,0,{},not_delivered_not_automatically_missing,eb8a9562655a3c3019396a8389f530856f3c1bef18e892f34bd95b9282773288,True,4cb89f40269ce17a44fed4986d2e4ec02a101fcd045dc1e95990e2ab09f8982d,True,graphic_only
plan:6cab45ebfc3c506b51c794538a76da34187bb1baa8f93fae3196db91405d0879,1CB380/15AA99,LINE,CLOSURE,,graphic_only,0,{},not_delivered_not_automatically_missing,bcd0ddf16b3ed508a7e9869a8ba98df42bbfca667f88aad45dafd1f8450ac10c,True,4cb89f40269ce17a44fed4986d2e4ec02a101fcd045dc1e95990e2ab09f8982d,True,graphic_only
plan:6d78b5caf96f7cbf5cc2f476545bcceecca359fe7e91766e26db3d558658868e,1CB380/15AA8D,LINE,CLOSURE,,graphic_only,0,{},not_delivered_not_automatically_missing,b59d272a4be54abb2d7c83ee2c5b7cbf5bd855b2d60d6b0e17aa155612b1aaa8,True,4cb89f40269ce17a44fed4986d2e4ec02a101fcd045dc1e95990e2ab09f8982d,True,graphic_only
plan:6d7efa8127658f738948bf4981d045431043e5cb4d14400814726591aa47b279,1C1669/14370,LWPOLYLINE,FDT-Info,,graphic_only,0,{},not_delivered_not_automatically_missing,01416b7b84e0461a24514aa47e47932e2af5519069669ecbd9e10e97400f4867,True,e7d67f841e308b3c15f4576be64f5433f8cf884d1fbbb90458b2fd83068c5646,True,graphic_only
plan:6e3f685c5c2be83310cb6338efcf189bf5325065c6819461b9ef6b9149fceb35,1B051C/2942D,TEXT,0,NP7,annotation,0,{},not_delivered_not_automatically_missing,14eccd3bb23da38d82d8f7fdaf541e4cf8b8ee2b76a2bd31e00b1e61e9d8d96e,True,c82b8dc3d7dddf266af0b2da0e0fb9af6c77e0a456f6c1b485d05e4e9c72d290,True,mapped
plan:6ed561a8f3d51f34a446105708e161e7abab089446461e1bd998c85e27426e40,1C1157/1436B,LINE,FDT-Info,,graphic_only,0,{},not_delivered_not_automatically_missing,148590016b033ab5e72cbfd6a30dc463232e1958b16a72e5fee49bdf3f3c559b,True,15e44996eaceda97a1cbba7ddf041d5e31dabc9603a87af0179eee05c8f2d271,True,graphic_only
plan:6f12adba154fde241df086c8a9aba846eaac1263d33a6e11b8d0d43c248bb383,13995C/A26A,LWPOLYLINE,0,,graphic_only,0,{},not_delivered_not_automatically_missing,28e7c01504230e794fff663201e8646c3cb8100c6744a3ba1d7cf2fa278a2520,True,84b0887d8e284a268b65bbf39a2a3c1eaddec7cb2f52de2339a6622d4154955b,True,graphic_only
plan:6f46e88a718bc775f01323960b0361e5ff1c7439ba4ead2682a074865441d76f,1B051C/29435,TEXT,0,NP9,annotation,0,{},not_delivered_not_automatically_missing,20dc07a255b78278011d800be163aef04477b2a3f090e319b0541cc2d022a31f,True,c82b8dc3d7dddf266af0b2da0e0fb9af6c77e0a456f6c1b485d05e4e9c72d290,True,mapped
plan:6f7621fb67bc8e843a3661c40299d505d956c506a2662e20b9e222c1defab5c9,1AEA08/2945D,LWPOLYLINE,0,,graphic_only,0,{},not_delivered_not_automatically_missing,99b0795cb1b7f362ebdc3e9f47f2ef37ea65f3b3df71aad6339af4b1e5417c6a,True,90b49775c7dee9181d0d28d5ef6ab0d8b6103f4e8d4c047110bb96e7ba5b5043,True,mapped
plan:6fc61036206c26e1a3d800aa2b2dc77874ab5d9327a70fc1c6a83785515c41be,13995C/A266,LWPOLYLINE,0,,graphic_only,0,{},not_delivered_not_automatically_missing,a422f99e51973b866b160b266bb3fbd15c48319353715f097eaa28ac03abf139,True,84b0887d8e284a268b65bbf39a2a3c1eaddec7cb2f52de2339a6622d4154955b,True,graphic_only
plan:6ff2a6683110c3514bb951ddda72e7183dd1101bd0c158be4d6d860f81396967,1CC308/1CB33C,TEXT,0,COORDINAT :,annotation,0,{},not_delivered_not_automatically_missing,28836732cf87cd02d1e05fba16cb8618032005500ccad7aa6d92267ae8632413,True,3727f65bb01b6b52aceb629199172c440ef452b36c95f98cd0f3cd220e5266c6,True,graphic_only
plan:7035fed27582b98b1f8b14ee3a0ff318621a2018a1ee46bcc3dec9236fdcd103,1CB380/15AA4D,LINE,CLOSURE,,graphic_only,0,{},not_delivered_not_automatically_missing,0b5d975e3f2c5befb530411d24a0e871e0034a6dbcff8d51c4f1bfda7c86ec0f,True,4cb89f40269ce17a44fed4986d2e4ec02a101fcd045dc1e95990e2ab09f8982d,True,graphic_only
plan:71010faebc10e1e277a6f2c8ec560745abf931bdffbacaf543641e63733272a6,1C9D8D/29434,TEXT,0,FM,annotation,0,{},not_delivered_not_automatically_missing,9aab4291b190201ea0402e960d730e49f5bbc4da4d85368ff5180c7ce150706f,True,a344cb2199d230797cab1ff6779e4a850c47d83c3b9e60282fb26fddaa59fa45,True,mapped
plan:717b086a40600de7136d089286b69db771205b1d409171486097c7a78cfa458f,1AEA88/29460,TEXT,0,3',annotation,0,{},not_delivered_not_automatically_missing,ec3b41c69b6ab55d01d156889f033c378036bf6506735d741076b4ee7212f411,True,ada090ebad6743b77fe4b1dfc1abc1da8c3075b0cd31779dcf95e3546cec87ff,True,mapped
plan:717c87753934c952444be8dfa32711c031c688bb20ab1cb5fda6bd0406a72f03,1B0564/2945B,CIRCLE,0,,graphic_only,0,{},not_delivered_not_automatically_missing,4605561d11f325859d5c89bb2da0871aef73d20a9800276272ca2720cb768575,True,2ca25ec76db11550ba58b4b7ebe22a830da99e09ba155a98d8d65ccbc86b7298,True,mapped
plan:718337027dda06c5ce886bd175ff50e6d386ed9ed3a40e1f2d75b08f5a32dc2c,1C9D65/2942F,TEXT,0,NP9,annotation,0,{},not_delivered_not_automatically_missing,a34c248a4b649cd2ae9afae0a16b8407e58b643dbc1d1aa3b2a43448a87ac13c,True,93dd681f854fb3a44d63e6f10e08ba91b1ed59247eb6e4b551eb6049a585d215,True,mapped
plan:7195414ff94097407545a59a9be552dbde05eca0e2f74e39fe81f2d3fd8a30ad,1B056C/2945A,TEXT,0,NP7,annotation,0,{},not_delivered_not_automatically_missing,07c03427faeced9510b9b2358fdd62db08ae16fb581770cb6b0bf8f8aa9e83f3,True,39d085755b86f1ca0b7ef410829598c42a1e37e603e119497d7045f74531875e,True,mapped
plan:71b6f3560ff7af29d3359eea4b57266c57455f54b4afe86a73d6fc2124a03871,139974/A2B8,LWPOLYLINE,0,,graphic_only,0,{},not_delivered_not_automatically_missing,0ef782f15a64f7cb338458de3546950c0879e8e59d8686dc6e677d89a4f7e830,True,29d3e925e6e9b02311eda37c7d666b9e176aec4db6b1fa2b10c4678525494581,True,graphic_only
plan:723a41dd2d549c2db3aeada6651da1bcafc2d3b786e268e0cad7de38a302614d,1C9D8D/29435,TEXT,0,NP9,annotation,0,{},not_delivered_not_automatically_missing,20dc07a255b78278011d800be163aef04477b2a3f090e319b0541cc2d022a31f,True,a344cb2199d230797cab1ff6779e4a850c47d83c3b9e60282fb26fddaa59fa45,True,mapped
plan:723b4f1accbd3f7c74f231eab7633efb23a66da303d991a416e0ea0e5cda6cc0,1CB380/15AA75,LINE,CLOSURE,,graphic_only,0,{},not_delivered_not_automatically_missing,63248b75a3e8816431041d7f3171c4a3716d5d41910669986b1563aeaab92375,True,4cb89f40269ce17a44fed4986d2e4ec02a101fcd045dc1e95990e2ab09f8982d,True,graphic_only
plan:72435c53e047fdddc1c3b4ec94d8f9a1124b79c533cd3544ee5c4049174560bd,13993F/1398E3,CIRCLE,0,,graphic_only,0,{},not_delivered_not_automatically_missing,cc4eb6a4ab633c37261ebff5d7b755bcb7d4fd3ca19931f8fa17bf4bfc647915,True,597fe5ec1015029e58b5bae42e9530bf72264ac54131525b19704d87839027f2,True,graphic_only
plan:725ea70bdfe6e66bb5aebf14c5792c7636cf91cf4284a30ddc282c851e993111,1AEAA0/2945C,TEXT,0,NP9,annotation,0,{},not_delivered_not_automatically_missing,47f68d9c28875dd58c9d13c5fa0d324473a34adbb2996561f872d6dc296b37b5,True,78f719e04319c5332a6e14029518af223cfe8194eca7f8361128a9cdd324aa46,True,mapped
plan:732a26fecacc1cfe3b50ed8fa971c945121162eb4df6a73e77b671f8824cb7d4,1AEA00/2945E,LWPOLYLINE,0,,graphic_only,0,{},not_delivered_not_automatically_missing,a50919ba67b3d95ae34559a59cccb10ea42f185d160f49992d14a7ca55d9b640,True,5d87ad88ff55e5f8ba21e84183899154fb305292bc2801461f17f20dcbc93ca1,True,mapped
plan:7412546f14c8ce4500c387e8a1c06d4812bc3cfeb83b45db0a98ede9d8f7cde8,13992C/A7BD,TEXT,0,NP7,annotation,0,{},not_delivered_not_automatically_missing,813688a0a540669742e941cd23b995303d9f6832dd429c634514fbd7d785b8b6,True,f05d18af0064e4911385abb3af86ba054fc73f3619bad3ce34b5682992e46ac3,True,graphic_only
plan:74168c742b7517eb1f927cd5d250fa4fb929456fa472e8ebe285e78c6692838c,1C9D65/29433,TEXT,0,3',annotation,0,{},not_delivered_not_automatically_missing,791575fe96d3f375c3193aa080f21753a6c411c54c2a6055b9aabb3f470862e2,True,93dd681f854fb3a44d63e6f10e08ba91b1ed59247eb6e4b551eb6049a585d215,True,mapped
plan:745a63d04f8673de1e2425e3386e08bc13331db1d7ac4b42ccc40f47eb77ddc6,1AEA10/2945E,LWPOLYLINE,0,,graphic_only,0,{},not_delivered_not_automatically_missing,a50919ba67b3d95ae34559a59cccb10ea42f185d160f49992d14a7ca55d9b640,True,10d5deec89657e8846c3bccdc50c1e66850ed46ff9966bde8aa306a5759e2fdc,True,mapped
plan:7484c153cb8ea79ed29c4ddc18d6f15708e11ebe8913b6b6b5908036a8d50ad6,13996C/A296,TEXT,0,80,annotation,0,{},not_delivered_not_automatically_missing,ae8de6aa270eb7a6d61c5fea7dfa58d58fb308c26244a6a4b36599511929aaf2,True,d623ede8bca98d31596102c97a94e851f696602656011f93c9828b99ef02df58,True,graphic_only
plan:74a897939652582768e3081bf3d5cf3063e0e7feb44d8ebd5d2fcbfa146e8226,1AEAA0/2945B,CIRCLE,0,,graphic_only,0,{},not_delivered_not_automatically_missing,4605561d11f325859d5c89bb2da0871aef73d20a9800276272ca2720cb768575,True,78f719e04319c5332a6e14029518af223cfe8194eca7f8361128a9cdd324aa46,True,mapped
plan:74fecf5cb898b96c182abc123ae90d9204b9e9cd415e82b9de07020b874e974e,1B0564/29463,TEXT,0,4',annotation,0,{},not_delivered_not_automatically_missing,372e06ad91acd18e4e7189980b4d3559a12d41dc4b2e944122c1fb5f2047c205,True,2ca25ec76db11550ba58b4b7ebe22a830da99e09ba155a98d8d65ccbc86b7298,True,mapped
plan:75072e14ddc710486d07cc77cec3facabd0553e8e18f7e56ec5383e5f60ac75a,1C9D65/29430,LWPOLYLINE,0,,graphic_only,0,{},not_delivered_not_automatically_missing,e4ca8266ad0fd60f3c666c30fe7569773027aa54446ad5c6082ad90afad1d754,True,93dd681f854fb3a44d63e6f10e08ba91b1ed59247eb6e4b551eb6049a585d215,True,mapped
plan:752c53596533264314d82c44857ecbc394cf0f9367cc8c4a6a642a9010bc47fa,1CC308/1CB332,TEXT,0,:,absent_from_canonical_evidence,0,{},expanded_instance_with_definition_and_parents_in_ledger,2142b01e0ee159ec1e7181c75ad5be3cada37f9ba1fd951ee282ac4904efa182,True,3727f65bb01b6b52aceb629199172c440ef452b36c95f98cd0f3cd220e5266c6,True,graphic_only
plan:76b254d4fb608271a8c633f9a1de3a8c82bd7a09fd61317a861ed1a812552fee,139974/A2B9,LWPOLYLINE,0,,graphic_only,0,{},not_delivered_not_automatically_missing,fa679944eb456dfa18175ceff594ac3b479c1a925db318d9e041cd3fc3e2db96,True,29d3e925e6e9b02311eda37c7d666b9e176aec4db6b1fa2b10c4678525494581,True,graphic_only
plan:76d0d81a16c2ec24fce93ade8ca93733c895065aa540b063bcc0b3d088db5619,1C1157/1436E,TEXT,FDT-Info,:,annotation,0,{},not_delivered_not_automatically_missing,2cced316ecaa93fdc725884e8a07161dcb41b49c1b266fe8d6bda7f978b5d9bb,True,15e44996eaceda97a1cbba7ddf041d5e31dabc9603a87af0179eee05c8f2d271,True,graphic_only
plan:771381b4432227268afe930ea78e96d03fe877383428c1660f21956dbfc8826e,1CF080/15A960,ELLIPSE,COIL,,graphic_only,0,{},not_delivered_not_automatically_missing,d2c26483e13e2394a204ae4a5224fb09c21797d69ce202999d0d188dd4763bab,True,502f7425fc6b5b3a9328843d83dfeb59547726c91d0803cefca09c7a48d1a69f,True,graphic_only
plan:77c7069641a21d50cd0dbc8deafa611f75646b14b56b6b76f16a21d3e077cc54,1CB380/15AA5A,LINE,CLOSURE,,graphic_only,0,{},not_delivered_not_automatically_missing,6d680789393957d4aa0c4f262a2f2f46ad63aaa747ff58cc4df48a0206c024fd,True,4cb89f40269ce17a44fed4986d2e4ec02a101fcd045dc1e95990e2ab09f8982d,True,graphic_only
plan:77e273b4c6c0b739f455034d567eafeb095663314a55aea09af8874a2f52b1ff,1CC308/1CB334,ATTDEF,0,XXX,annotation,0,{},not_delivered_not_automatically_missing,b367b87551bd1e8dbc83b2beb4fb14b126730d65f688e6d399894bc00bd868a3,True,3727f65bb01b6b52aceb629199172c440ef452b36c95f98cd0f3cd220e5266c6,True,graphic_only
plan:77f5220b0813d58e01f3f10904ab3f7194db00cf61ac6ea2ef7250b6511a7fc1,13995C/A26E,LWPOLYLINE,0,,graphic_only,0,{},not_delivered_not_automatically_missing,223b7450049fd6f8bf4c25a2d5f6da9cc96fd69fafe9c2d87bc046252071826e,True,84b0887d8e284a268b65bbf39a2a3c1eaddec7cb2f52de2339a6622d4154955b,True,graphic_only
plan:77f858a4ef2d5bb9cb4125544c70a0178a7dc300a2aa6a0d9ef045805472a909,1CB380/15AA1C,LINE,CLOSURE,,graphic_only,0,{},not_delivered_not_automatically_missing,cfa91fb5ebcce422847dc770bbe89ac452b5970c70c8dea14be0590ec5a023d5,True,4cb89f40269ce17a44fed4986d2e4ec02a101fcd045dc1e95990e2ab09f8982d,True,graphic_only
plan:78149c0432d34f5b97853a772a0c6c8c5b0b31dd7664c4f83e7c600bc428b522,1CB380/15AA57,LINE,CLOSURE,,graphic_only,0,{},not_delivered_not_automatically_missing,288ef3d64ca2448a302ed64b9c93422e91641836cb355dbec2458b0fc6cf9d64,True,4cb89f40269ce17a44fed4986d2e4ec02a101fcd045dc1e95990e2ab09f8982d,True,graphic_only
plan:781ba4ff2c2fd8c3942eb7e2c89132918ff1635a5e7c851e78f2e68709e3fc56,1C9847/29463,TEXT,0,4',annotation,0,{},not_delivered_not_automatically_missing,372e06ad91acd18e4e7189980b4d3559a12d41dc4b2e944122c1fb5f2047c205,True,891219b44519865ba5a5a4327187368fd2636883a58eb983119aed37978fe918,True,mapped
plan:7927504d84aeee6bd4ce69f088cdac1c8d2162b5050b9d87d40524d97e675098,1AEA08/29462,TEXT,0,NP9,annotation,0,{},not_delivered_not_automatically_missing,84894ff720fad08142b4b5794738d9f03a678c033f0cf0d6c83cb7cf83b64ff1,True,90b49775c7dee9181d0d28d5ef6ab0d8b6103f4e8d4c047110bb96e7ba5b5043,True,mapped
plan:7ac993d513026dfd95c55985bc81bfb9e66fc4f0ef0efe2037ff5b3f18f60ab2,1AEA08/29460,TEXT,0,3',annotation,0,{},not_delivered_not_automatically_missing,ec3b41c69b6ab55d01d156889f033c378036bf6506735d741076b4ee7212f411,True,90b49775c7dee9181d0d28d5ef6ab0d8b6103f4e8d4c047110bb96e7ba5b5043,True,mapped
plan:7b45e207c034a80f59566a0165409c0a43d71046309a183c62fc656529c57ad2,13992C/A7C4,TEXT,0,FM,annotation,0,{},not_delivered_not_automatically_missing,90b35c3a227329268a1c289f2d60babb04440e1a888c6a9101456f6c5d424e73,True,f05d18af0064e4911385abb3af86ba054fc73f3619bad3ce34b5682992e46ac3,True,graphic_only
plan:7b5b93ea6828d259b884d4f68c85812d148a777a09f21d93b61cc4cf9d9bfd89,139974/A2BB,TEXT,0,40,annotation,0,{},not_delivered_not_automatically_missing,0edcf0d09a755301fb8b9f20aabdb3f77a0c548a099bd2d3accdd21052867731,True,29d3e925e6e9b02311eda37c7d666b9e176aec4db6b1fa2b10c4678525494581,True,graphic_only
plan:7bfc331d6f98815d8b3cc01765d039ecdb3a8dc341e4b364d54514e003081286,1CB35D/1CB32B,LINE,0,,graphic_only,0,{},not_delivered_not_automatically_missing,2de4631d3df6c6f9efc862093b56879d18477fee942d2bca9b3498be462877e1,True,ebbfb1aecf3c06457873d7e0f9efeab24109d3e425501d72b1fc7bd72ac4d772,True,graphic_only
plan:7c22b5c2c4cbe3f62ec18055fa8028cba71f4d47e74f66328cda991d3db8744a,1CC2AA/1CB32D,TEXT,0,SLACK CABLE,annotation,0,{},not_delivered_not_automatically_missing,8002d53d1d0d5dfc0d298543a8fee1ffb8d539e0195ac7c292511a25896a01ca,True,d89d154a4272d92a6f2444b8d5207aa572e35b21fe2dd526895f6fdedf3068f9,True,graphic_only
plan:7c407b5bf0607759e68ddaf7c099f43893403337477b4cbf9647f96b610b8e72,1CB380/15AA92,LINE,CLOSURE,,graphic_only,0,{},not_delivered_not_automatically_missing,f6f749a6691028cdf23dd82f7a3c9d8e0d9405a0d052624cf7f72a63944fcc9c,True,4cb89f40269ce17a44fed4986d2e4ec02a101fcd045dc1e95990e2ab09f8982d,True,graphic_only
plan:7c8a3b92ca68176f62b9b7f1b474c5e1b7af8b8afe030985699e0ac174b55b9d,1CB380/15AA82,LINE,CLOSURE,,graphic_only,0,{},not_delivered_not_automatically_missing,d009ab543db74d18391d8db582a6854a3503ab3327dd08703b53847b658f1759,True,4cb89f40269ce17a44fed4986d2e4ec02a101fcd045dc1e95990e2ab09f8982d,True,graphic_only
plan:7c973c79184af5a04b7798d6b34068000f17ed3711e02c08af6bef63aef16dca,1C9D5D/2942F,TEXT,0,NP9,annotation,0,{},not_delivered_not_automatically_missing,a34c248a4b649cd2ae9afae0a16b8407e58b643dbc1d1aa3b2a43448a87ac13c,True,02c34b322a6b2cfb01512d2652deac355e29b3fb4dab778e2b3a3993a0f928a6,True,mapped
plan:7c973f8bfe2b6328ac951e850dd41231ff2960c68d3837cc7122eded0dbee32f,1C9D5D/29436,TEXT,0,4',annotation,0,{},not_delivered_not_automatically_missing,d3638ef3348b6cb2dc7c918f5f5ce84b83e0bb48a38fa6a58e4de9552cbb37c6,True,02c34b322a6b2cfb01512d2652deac355e29b3fb4dab778e2b3a3993a0f928a6,True,mapped
plan:7c98c0861a3961d9bd6bb11928aaa9740cca780b17b9f6df0f6e59ab1ea02b33,1BABB4/3E887,CIRCLE,0,,graphic_only,0,{},not_delivered_not_automatically_missing,54f8962bcd66168abb0545b269944f6f995ee08b1df4f7124f29d52940607f4f,True,b64b56ff340b0b4efc96ea240d6eeb92daedf1bcbc73e13679865063f19505a0,True,mapped
plan:7ca7cf389cc625d6443cf9e03c23a65c1fe8e28e8bf176b904eb7cdc3d6697f3,1CC2AA/1CB33F,WIPEOUT,0,,graphic_only,0,{},not_delivered_not_automatically_missing,a28e4a42be6ba75a616a8973747389546f5a2e50d10d60bb1cfb76adbb815b80,True,d89d154a4272d92a6f2444b8d5207aa572e35b21fe2dd526895f6fdedf3068f9,True,graphic_only
plan:7cafb924f99c5a11ba005dd347815f80d5451e4eb1ddc4677f71f5dd12d7bf59,1C1669/14375,ATTDEF,FDT-Info,Distance to FDT,annotation,0,{},not_delivered_not_automatically_missing,60810590a98b38f3a9c953e9f050aa51bd888d8ab32140e1bda77447b65d9a18,True,e7d67f841e308b3c15f4576be64f5433f8cf884d1fbbb90458b2fd83068c5646,True,graphic_only
plan:7ce4ba233da625625a7319cd39f2c300e8521cbca8a90eee28f31a0e576b2996,1CB35D/1CB338,ATTDEF,0,XXX,annotation,0,{},not_delivered_not_automatically_missing,763aa677454956150ad625b07e55d57dacddc32a3bfe07d748b87b2851359f5f,True,ebbfb1aecf3c06457873d7e0f9efeab24109d3e425501d72b1fc7bd72ac4d772,True,graphic_only
plan:7d6027e5021726a2d0bdcf6c335506095ded84d94bfba23e7dec6f56b0fc3fea,1C9D7D/29433,TEXT,0,3',annotation,0,{},not_delivered_not_automatically_missing,791575fe96d3f375c3193aa080f21753a6c411c54c2a6055b9aabb3f470862e2,True,b4ec618e2f20c5b0d5d9fe563ae5dbbc42444f502a2d43f7bdaccaeacd50d84b,True,mapped
plan:7ea9df19bfbe5a307ad6c69ebaf7d4e9c37d694ad9e4d1aedf57601d9c81265a,1B056C/29463,TEXT,0,4',annotation,0,{},not_delivered_not_automatically_missing,372e06ad91acd18e4e7189980b4d3559a12d41dc4b2e944122c1fb5f2047c205,True,39d085755b86f1ca0b7ef410829598c42a1e37e603e119497d7045f74531875e,True,mapped
plan:7f4dd907af4901fbfa865167c890a7dda2844aa8616104539a5b2095e3d78c6a,1CC308/1CB329,LWPOLYLINE,0,,graphic_only,0,{},not_delivered_not_automatically_missing,b56d08472002e27734490e7e295d829f54b9f664a433539a8bcc356831562b19,True,3727f65bb01b6b52aceb629199172c440ef452b36c95f98cd0f3cd220e5266c6,True,graphic_only
plan:7f5924bd98cb22ba00236ff781a08e8d6e5b9860cad01d4f94ac80afd89f4210,1AE9F0/2945D,LWPOLYLINE,0,,graphic_only,0,{},not_delivered_not_automatically_missing,99b0795cb1b7f362ebdc3e9f47f2ef37ea65f3b3df71aad6339af4b1e5417c6a,True,53b3567769e4382029a4f9484223a1e9610b9fb0cf84e58a35f461c808b4cd08,True,mapped
plan:7f709b6d69e2b2bdf2bb9c457e4fcedb0843af322026e44948b8f858502ef8ef,1AEA08/29463,TEXT,0,4',annotation,0,{},not_delivered_not_automatically_missing,372e06ad91acd18e4e7189980b4d3559a12d41dc4b2e944122c1fb5f2047c205,True,90b49775c7dee9181d0d28d5ef6ab0d8b6103f4e8d4c047110bb96e7ba5b5043,True,mapped
plan:7ff8675685d97625cd118ae56dd0eb1e5ce9541e5f68c7ca2d2623a7c6e837c1,1CB380/15AA79,LINE,CLOSURE,,graphic_only,0,{},not_delivered_not_automatically_missing,733e4688dd06fa1be07fb0ce241f0b1e04c24b76d80d5d24b8b25616a36e8a97,True,4cb89f40269ce17a44fed4986d2e4ec02a101fcd045dc1e95990e2ab09f8982d,True,graphic_only
plan:80034a96ed90481976f5e6e26702e66db887894ea031c88b256222a627808a35,1B0564/29462,TEXT,0,NP9,annotation,0,{},not_delivered_not_automatically_missing,84894ff720fad08142b4b5794738d9f03a678c033f0cf0d6c83cb7cf83b64ff1,True,2ca25ec76db11550ba58b4b7ebe22a830da99e09ba155a98d8d65ccbc86b7298,True,mapped
plan:80134ccae514a99b26cfa17a5f238a75be46de2c461317681d6700231c839a79,13997C/A2CC,TEXT,0,80,annotation,0,{},not_delivered_not_automatically_missing,8b749ae516895f0b85e30c23cabf763a2960d68c661e54557186fef1d12afd41,True,942dadb4bff9adebe990d7b747f4d36a51533b6bd9ab89f7c2cb7d0f37194544,True,graphic_only
plan:802389bb48307990608ada483ae9ac010ab41f90da263ccb8fca55f6b88484db,1CC2AA/1CB327,LWPOLYLINE,0,,graphic_only,0,{},not_delivered_not_automatically_missing,8e28e7e28f261aad6f8b4ecb02141432c97d18c4b4468ab29f90b8d05e78bc32,True,d89d154a4272d92a6f2444b8d5207aa572e35b21fe2dd526895f6fdedf3068f9,True,graphic_only
plan:80ec8a6f94df9a48af922a2c8a8104f98e15e2089f5306d036e6005820965cdb,1C9D6D/29435,TEXT,0,NP9,annotation,0,{},not_delivered_not_automatically_missing,20dc07a255b78278011d800be163aef04477b2a3f090e319b0541cc2d022a31f,True,7dead1ccabaf132f74573be5416c782bedaa8056e9eb151c36c576948a5a760b,True,mapped
plan:8120bde79e91e6a7faaae9f1577666e588c0f8eb5da2e0e53b7938bbe8368184,1CB35D/1CB337,ATTDEF,0,XXX,annotation,0,{},not_delivered_not_automatically_missing,e7fde9507fef0e58fd88cff16f30700d650899df1ac5d6c2fd5e351b2606da31,True,ebbfb1aecf3c06457873d7e0f9efeab24109d3e425501d72b1fc7bd72ac4d772,True,graphic_only
plan:816072f292543f4bd72062efdae80f1d031e608f8111dba0851d72bcfa935e29,1CB380/15AA4E,LINE,CLOSURE,,graphic_only,0,{},not_delivered_not_automatically_missing,907644bc4e3e1552b1cc91f225c0e6c498a68cf9dd2d0c8e65ee5d10b4e1172d,True,4cb89f40269ce17a44fed4986d2e4ec02a101fcd045dc1e95990e2ab09f8982d,True,graphic_only
plan:81a4f3981fe8f961dcd9d93021957d65b7a8a2769a2c297e418219b07c0432ca,1CB380/15AA33,LINE,CLOSURE,,graphic_only,0,{},not_delivered_not_automatically_missing,b1bd789c38040d80644eaa50f62b8da849dab361bb583844b9633a63e0421be5,True,4cb89f40269ce17a44fed4986d2e4ec02a101fcd045dc1e95990e2ab09f8982d,True,graphic_only
plan:81e7aec38781dd1cefa36777752c0ed8c126e9e9c9d5c7833903e6ad2b485135,1AEA08/29461,TEXT,0,FM,annotation,0,{},not_delivered_not_automatically_missing,174426606c3f9fceb5236519aabec1cb116307e98d4a518da5beb5cd9fbf5a19,True,90b49775c7dee9181d0d28d5ef6ab0d8b6103f4e8d4c047110bb96e7ba5b5043,True,mapped
plan:82933126853083fda9d0117d2bfe3f6982bc7300326fcc340986066dee647887,1CC308/1CB339,ATTDEF,0,XXX,annotation,0,{},not_delivered_not_automatically_missing,3fbf3985f0aedbb3d21aa2689585c2bfa9567d2b866d1cf0ffc9fcf71d24614e,True,3727f65bb01b6b52aceb629199172c440ef452b36c95f98cd0f3cd220e5266c6,True,graphic_only
plan:82f0d4d90bd27cf6a25cbf9fbe8b19506e1c1ef90da6d92467be3588a94b3304,1AEA08/2945C,TEXT,0,NP9,annotation,0,{},not_delivered_not_automatically_missing,47f68d9c28875dd58c9d13c5fa0d324473a34adbb2996561f872d6dc296b37b5,True,90b49775c7dee9181d0d28d5ef6ab0d8b6103f4e8d4c047110bb96e7ba5b5043,True,mapped
plan:83e1eaa6092172888e8071e0101580fc58e9cb70b4f778e96ab96383ce8acda9,1CB380/15AA5C,LINE,CLOSURE,,graphic_only,0,{},not_delivered_not_automatically_missing,b488f3f019ecc4a00c51627412b36b2da1ebbe101b1c98a7cf8e1ebeccc342dc,True,4cb89f40269ce17a44fed4986d2e4ec02a101fcd045dc1e95990e2ab09f8982d,True,graphic_only
plan:844a29036388643d3f22cc90503aeb65a6d29f814bd13f62a16f27763180a43a,1AEA00/2945F,TEXT,0,5',annotation,0,{},not_delivered_not_automatically_missing,04d52eb8301f35e0cec1ad5a3cb51b4f5e9bec90c9b605ffea41bd9258c5fa26,True,5d87ad88ff55e5f8ba21e84183899154fb305292bc2801461f17f20dcbc93ca1,True,mapped
plan:84ee3e066b42151583616b4f0fd589386caa81c6a7b2b95cac994ec28cddd286,1C9847/2945B,CIRCLE,0,,graphic_only,0,{},not_delivered_not_automatically_missing,4605561d11f325859d5c89bb2da0871aef73d20a9800276272ca2720cb768575,True,891219b44519865ba5a5a4327187368fd2636883a58eb983119aed37978fe918,True,mapped
plan:8520b5a1fc9700fd43a04ad21fd3ead4552b721a962f26f9f41a7b50397d0960,1AEA98/29461,TEXT,0,FM,annotation,0,{},not_delivered_not_automatically_missing,174426606c3f9fceb5236519aabec1cb116307e98d4a518da5beb5cd9fbf5a19,True,6d3591e29a9e9033f59ca8401666a07ab45ab905d85d3095b625c291a01d0c2f,True,mapped
plan:8575d9a363db902a8316d53cc5cdd77af7b9325e9fa9eaf76fefb8d2a504254d,1B051C/29431,LWPOLYLINE,0,,graphic_only,0,{},not_delivered_not_automatically_missing,4de48158bf57d26f83917dd5faeded95c50541e62ce86f60f80d77c97f711141,True,c82b8dc3d7dddf266af0b2da0e0fb9af6c77e0a456f6c1b485d05e4e9c72d290,True,mapped
plan:85cdd08f88a846ecd998251f273e5d865b7df5df18408400c71629d39c45d48f,139995/29432,TEXT,0,5',annotation,0,{},not_delivered_not_automatically_missing,2cce10f1d40375e00adb075afd695f3d432a5597b6049938dbac9b1e6681cca5,True,7e433acc64f9d5fda4d7ad31c1416412e98e0e5b9ea6bc8eaf5f1157891b1974,True,graphic_only
plan:85e0ee9aa944a44c865bb5d8afe2b79ac050c3337c47bc43d22e0566f060698b,1CB35D/1CB332,TEXT,0,:,annotation,0,{},not_delivered_not_automatically_missing,2142b01e0ee159ec1e7181c75ad5be3cada37f9ba1fd951ee282ac4904efa182,True,ebbfb1aecf3c06457873d7e0f9efeab24109d3e425501d72b1fc7bd72ac4d772,True,graphic_only
plan:861ed8796e72903693c59a96f6b27860b28415f332c17400ab5c3a33544e7930,1C1157/14376,ATTDEF,FDT-Info,,annotation,0,{},not_delivered_not_automatically_missing,921e888f84a727cbcc8956b767d51d28f8eeb772e37db20e56b07f8b75c5b5f4,True,15e44996eaceda97a1cbba7ddf041d5e31dabc9603a87af0179eee05c8f2d271,True,graphic_only
plan:86b5d57a91afb21fb9b22ee30ebd0c6d40ced43a4f876aa4ef209e99d8822eb0,1AE9F0/2945F,TEXT,0,5',annotation,0,{},not_delivered_not_automatically_missing,04d52eb8301f35e0cec1ad5a3cb51b4f5e9bec90c9b605ffea41bd9258c5fa26,True,53b3567769e4382029a4f9484223a1e9610b9fb0cf84e58a35f461c808b4cd08,True,mapped
plan:86d1e13ba0d91e3b52889b4ace3e41effe373672ae2a4e2fdae7c2c624af414c,1AEA10/29463,TEXT,0,4',annotation,0,{},not_delivered_not_automatically_missing,372e06ad91acd18e4e7189980b4d3559a12d41dc4b2e944122c1fb5f2047c205,True,10d5deec89657e8846c3bccdc50c1e66850ed46ff9966bde8aa306a5759e2fdc,True,mapped
plan:889ad150f2e4fd6b632eeec533ecb4c5cde74d8bdb68989d8857ce261f323189,1C1669/1436A,LINE,FDT-Info,,graphic_only,0,{},not_delivered_not_automatically_missing,0312b84ff50e29c09c96f26c8e2479ffe2752383afd892cf1273a89020f94d16,True,e7d67f841e308b3c15f4576be64f5433f8cf884d1fbbb90458b2fd83068c5646,True,graphic_only
plan:896687f7631e6a85938ffc288034d16a1ac847125dd61886a1ff7f207f875b33,1CB380/15AA5B,LINE,CLOSURE,,graphic_only,0,{},not_delivered_not_automatically_missing,8e73618a1b6c3f00cbfda53ac3c7d91cc75f867afc0be7002a496ccc08cede7e,True,4cb89f40269ce17a44fed4986d2e4ec02a101fcd045dc1e95990e2ab09f8982d,True,graphic_only
plan:89944b1f141179edd5280c7cc22b0b060d110d12ad685449fa3a27126b496126,1C1157/14370,LWPOLYLINE,FDT-Info,,graphic_only,0,{},not_delivered_not_automatically_missing,01416b7b84e0461a24514aa47e47932e2af5519069669ecbd9e10e97400f4867,True,15e44996eaceda97a1cbba7ddf041d5e31dabc9603a87af0179eee05c8f2d271,True,graphic_only
plan:89bf43acf8ca31b0ed7d0df0001304592732634cfd436627740b32480894f861,1C9D5D/29432,TEXT,0,5',annotation,0,{},not_delivered_not_automatically_missing,2cce10f1d40375e00adb075afd695f3d432a5597b6049938dbac9b1e6681cca5,True,02c34b322a6b2cfb01512d2652deac355e29b3fb4dab778e2b3a3993a0f928a6,True,mapped
plan:89e57786f29ed0524f51db5474fee04ce1aa7dd8c3efb83c438818af18d8bbc5,1C1669/14373,LWPOLYLINE,FDT-Info,,graphic_only,0,{},not_delivered_not_automatically_missing,5b932dcd564796fb52996fbba0e8e4bebcf67da983389a915a0f8b228a665df7,True,e7d67f841e308b3c15f4576be64f5433f8cf884d1fbbb90458b2fd83068c5646,True,graphic_only
plan:8a37aa7a1f27e0c8c7dcb526bca720a41865baf7292f939ed770588d19fcd00c,1CB380/15AA8A,LINE,CLOSURE,,graphic_only,0,{},not_delivered_not_automatically_missing,271e2a60822dbddc9c92dbbb86c3b2785c56bc16426b52ec700ead36c57c5672,True,4cb89f40269ce17a44fed4986d2e4ec02a101fcd045dc1e95990e2ab09f8982d,True,graphic_only
plan:8a6da7329a9fa3b6b28bbed95a4a3dca6584ebf2b19c6c567699fa804dac8afd,1C9D75/29436,TEXT,0,4',annotation,0,{},not_delivered_not_automatically_missing,d3638ef3348b6cb2dc7c918f5f5ce84b83e0bb48a38fa6a58e4de9552cbb37c6,True,811df3ce385562ae1d2d726663b24e593fb78c2c6a741e636360f017ec4a54c3,True,mapped
plan:8a9f5e65bb1ef856fe75558654baa5258efc9da6ca13c3efde530212256b6df2,1C9D75/29431,LWPOLYLINE,0,,graphic_only,0,{},not_delivered_not_automatically_missing,4de48158bf57d26f83917dd5faeded95c50541e62ce86f60f80d77c97f711141,True,811df3ce385562ae1d2d726663b24e593fb78c2c6a741e636360f017ec4a54c3,True,mapped
plan:8b38bd7739b56b695776be90d5e6c1fa4aea660e7b093162bfb3da4d29c2b484,1C9D65/29435,TEXT,0,NP9,annotation,0,{},not_delivered_not_automatically_missing,20dc07a255b78278011d800be163aef04477b2a3f090e319b0541cc2d022a31f,True,93dd681f854fb3a44d63e6f10e08ba91b1ed59247eb6e4b551eb6049a585d215,True,mapped
plan:8be6bfb0158f61055a4069b39e15ba57ded45557da0d4b80606a849122a2fa68,1CB35D/1CB33B,LWPOLYLINE,0,,graphic_only,0,{},not_delivered_not_automatically_missing,72214e34b93cd0263e3a359f1bd327960c353b3513c3fc03ae83bda47fbda21d,True,ebbfb1aecf3c06457873d7e0f9efeab24109d3e425501d72b1fc7bd72ac4d772,True,graphic_only
plan:8c30ce50557f391e5fd2441bc009b25f0fef1b08cb74749824f1183f0b651571,1CB380/15AA8F,LINE,CLOSURE,,graphic_only,0,{},not_delivered_not_automatically_missing,18b53ec26536f760359968e5fb300bbf408633a26dc56ac2734d91ae453d8b90,True,4cb89f40269ce17a44fed4986d2e4ec02a101fcd045dc1e95990e2ab09f8982d,True,graphic_only
plan:8cb22d21a48d5e79df1b9d0e13158589a9d9f5ca917d6108368640e8e05813b9,139995/29434,TEXT,0,FM,annotation,0,{},not_delivered_not_automatically_missing,9aab4291b190201ea0402e960d730e49f5bbc4da4d85368ff5180c7ce150706f,True,7e433acc64f9d5fda4d7ad31c1416412e98e0e5b9ea6bc8eaf5f1157891b1974,True,graphic_only
plan:8d595fe24fb5739f0664be27545ef13673cf22263b9ca18491122f23279ed9b9,1CB380/15AA81,LINE,CLOSURE,,graphic_only,0,{},not_delivered_not_automatically_missing,e9af1869cecedd98b4265e80bd83a01dbae85f8694d21d6169f0350b9dbf7fd2,True,4cb89f40269ce17a44fed4986d2e4ec02a101fcd045dc1e95990e2ab09f8982d,True,graphic_only
plan:8d7969c9010d01b4c067140b6a08cf9d46d2471d38c433ff1b61237cb999067e,1CB380/15AA22,LINE,CLOSURE,,graphic_only,0,{},not_delivered_not_automatically_missing,ed41abf998fe07d66dddd5b0ee9f4fc8aa100ebe9988fdb08fb7a5203a2ad114,True,4cb89f40269ce17a44fed4986d2e4ec02a101fcd045dc1e95990e2ab09f8982d,True,graphic_only
plan:8da1711b44e449f929285b8a7c0237e980466309ce2a393ea65724e0b4e00855,1CB380/15AA3B,LINE,CLOSURE,,graphic_only,0,{},not_delivered_not_automatically_missing,0811629c5e182c11d7b01c0aa8e38d90a137fe90af74d445d9ba038dea47026b,True,4cb89f40269ce17a44fed4986d2e4ec02a101fcd045dc1e95990e2ab09f8982d,True,graphic_only
plan:8da4fd96210add13e03828d90e3db8c509e9f74f455dc496343bba7381388456,1AEAA0/2945D,LWPOLYLINE,0,,graphic_only,0,{},not_delivered_not_automatically_missing,99b0795cb1b7f362ebdc3e9f47f2ef37ea65f3b3df71aad6339af4b1e5417c6a,True,78f719e04319c5332a6e14029518af223cfe8194eca7f8361128a9cdd324aa46,True,mapped
plan:8db3017f5bc7e302d2569a855c6d00d125c9fab0b5dec88db5a29c8f1ab70413,1CB380/15AA35,LINE,CLOSURE,,graphic_only,0,{},not_delivered_not_automatically_missing,b3683f847e85a7bc63d50af7f118a1a7d2e90d39669c3e9363396ef6c398cdd0,True,4cb89f40269ce17a44fed4986d2e4ec02a101fcd045dc1e95990e2ab09f8982d,True,graphic_only
plan:8e7035f1effbb73ca12b79aa020b9be65294f1f08e00f333d7aabfe2fc8f97fd,1CB380/15AA85,LINE,CLOSURE,,graphic_only,0,{},not_delivered_not_automatically_missing,fd3d4b9791d5f52aab9d128eb156657d981f07a864965ce6cd5f1940a7f42424,True,4cb89f40269ce17a44fed4986d2e4ec02a101fcd045dc1e95990e2ab09f8982d,True,graphic_only
plan:8e7a5dfb03cda022dc8ef16ce56e715f6b88693ebab8f359638f6c0b68b00515,1C1669/14367,LINE,FDT-Info,,graphic_only,0,{},not_delivered_not_automatically_missing,37e7c7a167c6415b74f52b8dcd3d6fa3b74b59a33c714f3447072150fbc46218,True,e7d67f841e308b3c15f4576be64f5433f8cf884d1fbbb90458b2fd83068c5646,True,graphic_only
plan:8e876095de5fb9fcbf16a0c32456657fc27764af9341080126bc18f7f4af531a,1C984F/2942F,TEXT,0,NP9,annotation,0,{},not_delivered_not_automatically_missing,a34c248a4b649cd2ae9afae0a16b8407e58b643dbc1d1aa3b2a43448a87ac13c,True,5dbff0aa3ab580046fc44b11609edf906d3017f1fe49e086df599b453a38052f,True,mapped
plan:8ecbf03a8e922be3eb562d4e0838371a24e33a59255f70167744ad8784333b7e,1CB380/15AA41,LINE,CLOSURE,,graphic_only,0,{},not_delivered_not_automatically_missing,e68975c6c585414f12a83d81dfbad3dbb18bd4da5869442e681aada217f05607,True,4cb89f40269ce17a44fed4986d2e4ec02a101fcd045dc1e95990e2ab09f8982d,True,graphic_only
plan:8eeb6eacb265c1e789e5b5083eded5794e7501e95f9628b2f7960d3029ef41e6,1AEAB0/2945C,TEXT,0,NP9,annotation,0,{},not_delivered_not_automatically_missing,47f68d9c28875dd58c9d13c5fa0d324473a34adbb2996561f872d6dc296b37b5,True,1c53d34e2291a4063fe44233f37280bdd6b674495d256e7e54545f939ab4f734,True,mapped
plan:8f04778203f7f35eb83b7ffb9c919bc8c540ed8d9a21ce729e558481969b3800,1CB380/15AA80,LINE,CLOSURE,,graphic_only,0,{},not_delivered_not_automatically_missing,127ef378b6f3360a7cd96ed00cf5e96ad3a68f62b1e56e6a7aa1894dea78af42,True,4cb89f40269ce17a44fed4986d2e4ec02a101fcd045dc1e95990e2ab09f8982d,True,graphic_only
plan:8f3e4be732bdfc2fc33d21e7ad4dfd578498d56e33377c0b6ba5cc60f4cb7aea,139974/A2B3,LINE,0,,graphic_only,0,{},not_delivered_not_automatically_missing,79b93e88023950d0898297517989f81ec60061aaba3a12983154d2e768cfade7,True,29d3e925e6e9b02311eda37c7d666b9e176aec4db6b1fa2b10c4678525494581,True,graphic_only
plan:8f75c5cee9c060c4a9f63cc83a02135d385902bd9120cf0cc2fed9df88c43324,1CB380/15AA0A,LINE,CLOSURE,,graphic_only,0,{},not_delivered_not_automatically_missing,dcab2f9ab7ebe0ce9172e88b9f54979460f538181fad5f4a455d904b758a8c6c,True,4cb89f40269ce17a44fed4986d2e4ec02a101fcd045dc1e95990e2ab09f8982d,True,graphic_only
plan:8fdec7450d29ad7c37b42d23e360c675d932bb227aa584b57a0b23928a16b661,13996C/A293,TEXT,0,SH,annotation,0,{},not_delivered_not_automatically_missing,1dd8f8ac75d4d84d8c2b98da4506eaf77fa7e0d1d96e4d4bdc38cc09ab3c5e40,True,d623ede8bca98d31596102c97a94e851f696602656011f93c9828b99ef02df58,True,graphic_only
plan:9029497b1ffad52be740aeeeb36514877c26a1168ca5de0c9a979d4392e8cf0e,1C1157/14375,ATTDEF,FDT-Info,Distance to FDT,annotation,0,{},not_delivered_not_automatically_missing,60810590a98b38f3a9c953e9f050aa51bd888d8ab32140e1bda77447b65d9a18,True,15e44996eaceda97a1cbba7ddf041d5e31dabc9603a87af0179eee05c8f2d271,True,graphic_only
plan:90e709ff2808ce10b458afae8ccf8b08f01a920cf8cd1684e6b62ad4eaa23bcb,1399AC/A780,TEXT,0,FM,annotation,0,{},not_delivered_not_automatically_missing,089e730e2fb542e935d41f5a0897ffd2d95517003095b37535398c7946c1c118,True,a951e90c3ce5da49de706b38fd881cce929e3d8885524e1d903b2d3010e8cfcb,True,graphic_only
plan:90ece2e31d2ceb56d3f12bfb43bab73a2f18073e98ac0bf100f4e479bfea0164,1CC308/1CB33E,WIPEOUT,0,,graphic_only,0,{},not_delivered_not_automatically_missing,cb0b705a232353749d08af60cb2e6e8966f545ceb57fb13e46197c478f875445,True,3727f65bb01b6b52aceb629199172c440ef452b36c95f98cd0f3cd220e5266c6,True,graphic_only
plan:90ee3d5a7aab365490423e98f566284a8be50b965ecd06276f35983e5fcde931,1BA661/3E886,HATCH,0,,graphic_only,0,{},not_delivered_not_automatically_missing,3ec290efc17e185bcf8c110657805dda32078ec88803d4352d38ac8af6ccb39a,True,660899928965caa433eba48baf187d474a8feab047b86997317e675a5a301188,True,mapped
plan:916af539a760630c43a9bea74615e55f83af97f68d47b82d95a6a9d3c86913b4,1AC878/29430,LWPOLYLINE,0,,graphic_only,0,{},not_delivered_not_automatically_missing,e4ca8266ad0fd60f3c666c30fe7569773027aa54446ad5c6082ad90afad1d754,True,3a414929229b430e4149563d5db0ac09fdb92a08061bbf2c16ace7f648835155,True,mapped
plan:91f765dcc86b2bd5d44c6241afbc5a0eafdc178a0535bd117a27daee9f627546,1C9D7D/29432,TEXT,0,5',annotation,0,{},not_delivered_not_automatically_missing,2cce10f1d40375e00adb075afd695f3d432a5597b6049938dbac9b1e6681cca5,True,b4ec618e2f20c5b0d5d9fe563ae5dbbc42444f502a2d43f7bdaccaeacd50d84b,True,mapped
plan:920fcb00dc67be6ec7d24798720bd45cd1fd88eaa8c7f1e7bafe465b232fab1c,1CB380/15AA49,LINE,CLOSURE,,graphic_only,0,{},not_delivered_not_automatically_missing,dc803bad4f2826ca0b848c63b9d8ba0b2adfc791f6cec81740b4499bbd776935,True,4cb89f40269ce17a44fed4986d2e4ec02a101fcd045dc1e95990e2ab09f8982d,True,graphic_only
plan:9291a06ff607409724eb5a9a1c5eaaf3d637d8f306e9494bd9648a5eccc3ce18,1CB380/15AA91,LINE,CLOSURE,,graphic_only,0,{},not_delivered_not_automatically_missing,9228fb869d2668085cd3b4186c139b9c8ac9b7e01647ba75d233816605011735,True,4cb89f40269ce17a44fed4986d2e4ec02a101fcd045dc1e95990e2ab09f8982d,True,graphic_only
plan:92b33d26315275313977bebf7e7db8c39b1f7190162fee6b5f2efac8667d2e90,13998D/A79B,TEXT,0,NP7,annotation,0,{},not_delivered_not_automatically_missing,6697bac924943cd76ec5d67eaf561448f101310adb4adad9eb29fa0b765be8c8,True,f44e3d50fac1a8a6a8083c233b54a0a518cec42aa1af2e465830b2b86aac2d05,True,graphic_only
plan:931cd2930b4bc2461b267d7d10b9cde1840914e99917d057e2a0a81f03025655,1CB35D/1CB33D,WIPEOUT,0,,graphic_only,0,{},not_delivered_not_automatically_missing,3a2d5f688dd5cd9d0e5b186156ccafcc2b401269e3266ac03517b16b40c503f1,True,ebbfb1aecf3c06457873d7e0f9efeab24109d3e425501d72b1fc7bd72ac4d772,True,graphic_only
plan:93978f524df1a9dcf7608d4e21e1df8e256e42057c81bb25cb9bcfccc069a9e2,1C9D5D/29435,TEXT,0,NP9,annotation,0,{},not_delivered_not_automatically_missing,20dc07a255b78278011d800be163aef04477b2a3f090e319b0541cc2d022a31f,True,02c34b322a6b2cfb01512d2652deac355e29b3fb4dab778e2b3a3993a0f928a6,True,mapped
plan:939ec8bdcd28f496e5660ae741540850a014d0be151832efd1c639927a003567,1399B4/2945C,TEXT,0,NP9,annotation,0,{},not_delivered_not_automatically_missing,47f68d9c28875dd58c9d13c5fa0d324473a34adbb2996561f872d6dc296b37b5,True,a03d907dadbfecb737a6217b19eb0ea8ace5164f5c8c079c534726af195c9c06,True,graphic_only
plan:94319e45e84b375d2bba87988d82adb724eed3c6c683853dc6dc8a1df201037c,13999D/9260,TEXT,0,NP9,annotation,0,{},not_delivered_not_automatically_missing,4c2e202daf74d18d33e20de0f08cdf15cf94d9e2e6409370cfaaaf167d33c3b6,True,5f8bcca7b4af71312c651a1b71fc7671dfa02bf49be875b342427f115c6a5d63,True,graphic_only
plan:94c0cb8c1921839900e1e174484590a245eb5d84558886491c631484864b5185,139974/A2AF,LINE,0,,graphic_only,0,{},not_delivered_not_automatically_missing,0bc55422caf27c2046aedcb2ffb0fd1b518c4b6ee20536156a7ca62d3bfddab7,True,29d3e925e6e9b02311eda37c7d666b9e176aec4db6b1fa2b10c4678525494581,True,graphic_only
plan:94c2464165478e245b0640a6abd7affeba7ce1a51f33af843cc32d3c36614f93,1CB35D/1CB33C,TEXT,0,COORDINAT :,annotation,0,{},not_delivered_not_automatically_missing,28836732cf87cd02d1e05fba16cb8618032005500ccad7aa6d92267ae8632413,True,ebbfb1aecf3c06457873d7e0f9efeab24109d3e425501d72b1fc7bd72ac4d772,True,graphic_only
plan:94ca6662f99bf3f77f1f582d5d540227ee32639eb9dd794501b373437cea7400,1CB380/15AA29,LINE,CLOSURE,,graphic_only,0,{},not_delivered_not_automatically_missing,b90591e49f58cb2fc6b19a3fd4923706cbe3748dbc1ba9216544de8db97bbccf,True,4cb89f40269ce17a44fed4986d2e4ec02a101fcd045dc1e95990e2ab09f8982d,True,graphic_only
plan:94d3a94c2e8288fe3813b5e2d512aef23f1aca9987f253f9e01e9499cb1b4940,1C1157/14368,LINE,FDT-Info,,absent_from_canonical_evidence,0,{},expanded_instance_with_definition_and_parents_in_ledger,127b4ac4b16dcfdd5c8eef291448f5b83b6cb625e7100e6e36feddfb6f31b8a4,True,15e44996eaceda97a1cbba7ddf041d5e31dabc9603a87af0179eee05c8f2d271,True,graphic_only
plan:954588d2ff6c8f75ffb089ece0390fc5ca124a7b86ced647845f8df270aa4dab,1399AC/A77C,LWPOLYLINE,0,,graphic_only,0,{},not_delivered_not_automatically_missing,f5e9562707445e98ff5d46d24f5b0af53c912cc5be5fb2e2dd4c2f9373b808f8,True,a951e90c3ce5da49de706b38fd881cce929e3d8885524e1d903b2d3010e8cfcb,True,graphic_only
plan:967889264989e2ab608b21adf79df45f902e5b9c0be629475f4232595b8c3dbb,1AEAA0/2945E,LWPOLYLINE,0,,graphic_only,0,{},not_delivered_not_automatically_missing,a50919ba67b3d95ae34559a59cccb10ea42f185d160f49992d14a7ca55d9b640,True,78f719e04319c5332a6e14029518af223cfe8194eca7f8361128a9cdd324aa46,True,mapped
plan:96a66a93c96814c8a0e64f0862ae82c7d2cc7758a01b9f01659b849ee758ccf9,1AEA90/2945D,LWPOLYLINE,0,,graphic_only,0,{},not_delivered_not_automatically_missing,99b0795cb1b7f362ebdc3e9f47f2ef37ea65f3b3df71aad6339af4b1e5417c6a,True,3aedf01d9d8a35ee2afe658368df7dce1241d6644e28bbfa2c247342a349a611,True,mapped
plan:96f2daabae43ae2d23316b6d67ed9955fb8c43597f3a9f6e53b89840d3eb8473,139933/14275,ATTDEF,0,XXX,annotation,0,{},not_delivered_not_automatically_missing,f36c8f248892b79690da4b2ea93356e0b101d0d55a93c289ad16df96fbcad2a4,True,628a42c9c993479f9d9a72d2d21e0644e029af8a1a2aa33bdfe70bd85a6441ac,True,graphic_only
plan:977438b6aee2708a08ff8130aed80613b5919e1110c6394439c03d38036e4dda,13999D/9263,TEXT,0,5',annotation,0,{},not_delivered_not_automatically_missing,5d99005382d65051531fb2eb288c8e29d58a4b2157210c9efd3703a2598a98df,True,5f8bcca7b4af71312c651a1b71fc7671dfa02bf49be875b342427f115c6a5d63,True,graphic_only
plan:97a6f24d81c7300cc2fa3a62f1c1d58f767899f9cb809f7719d3321c154999cc,1AEA90/2945B,CIRCLE,0,,graphic_only,0,{},not_delivered_not_automatically_missing,4605561d11f325859d5c89bb2da0871aef73d20a9800276272ca2720cb768575,True,3aedf01d9d8a35ee2afe658368df7dce1241d6644e28bbfa2c247342a349a611,True,mapped
plan:97cc534bf25fd1e4272141c80e7dbc3dfa97be1cad2d9c0c40d0d3b9a40383ed,1AEAB8/2945D,LWPOLYLINE,0,,graphic_only,0,{},not_delivered_not_automatically_missing,99b0795cb1b7f362ebdc3e9f47f2ef37ea65f3b3df71aad6339af4b1e5417c6a,True,cc598f4024c50be1a773bf5045679e7f6b889dc02114ede5e20b16fc84cdbb64,True,mapped
plan:98285380d940dbf2584adf7e118abc25c6bedae77f5e4601a7b342e61791f1e3,1AEAB8/2945F,TEXT,0,5',annotation,0,{},not_delivered_not_automatically_missing,04d52eb8301f35e0cec1ad5a3cb51b4f5e9bec90c9b605ffea41bd9258c5fa26,True,cc598f4024c50be1a773bf5045679e7f6b889dc02114ede5e20b16fc84cdbb64,True,mapped
plan:9845b6a07d8c9fa7f9dd20f8370bef893a121b692e36dac2a6e43fbd7b88565d,1CB35D/1CB329,LWPOLYLINE,0,,graphic_only,0,{},not_delivered_not_automatically_missing,b56d08472002e27734490e7e295d829f54b9f664a433539a8bcc356831562b19,True,ebbfb1aecf3c06457873d7e0f9efeab24109d3e425501d72b1fc7bd72ac4d772,True,graphic_only
plan:98881b22699c9528a3d442c6bf1215ec9ed51ea5bcde9c46a5cc7865d3e64b1a,1CB380/15AA65,LINE,CLOSURE,,graphic_only,0,{},not_delivered_not_automatically_missing,07b7bc9e793d454153d2c205dffb2f840a2b77fcc59ca38147b33901c58a707b,True,4cb89f40269ce17a44fed4986d2e4ec02a101fcd045dc1e95990e2ab09f8982d,True,graphic_only
plan:9890af97ca40147bd5d9a1ec1c9b2b0a4a30e59e9dd56d87a3d642a7ffec0a7a,1C9D6D/29433,TEXT,0,3',annotation,0,{},not_delivered_not_automatically_missing,791575fe96d3f375c3193aa080f21753a6c411c54c2a6055b9aabb3f470862e2,True,7dead1ccabaf132f74573be5416c782bedaa8056e9eb151c36c576948a5a760b,True,mapped
plan:9967e86f249ee23c084ee2489dcbbc3934ebb7fa62347450a5f1730738f26fb9,13999D/9267,TEXT,0,4',annotation,0,{},not_delivered_not_automatically_missing,53f3556e129ecd73c1aea9b53bd743a6a8d7998d375a812df3ae7d1b371c8a92,True,5f8bcca7b4af71312c651a1b71fc7671dfa02bf49be875b342427f115c6a5d63,True,graphic_only
plan:996a84eca20cbc47791215a3c38022833e30e81f015378b4de1700cc50215dcb,1AEA00/29460,TEXT,0,3',annotation,0,{},not_delivered_not_automatically_missing,ec3b41c69b6ab55d01d156889f033c378036bf6506735d741076b4ee7212f411,True,5d87ad88ff55e5f8ba21e84183899154fb305292bc2801461f17f20dcbc93ca1,True,mapped
plan:99e8df33823fc52e98ac2ae2723758c8883bf0ae51f28e8dfed4a733d0fd1e70,139995/2942E,CIRCLE,0,,graphic_only,0,{},not_delivered_not_automatically_missing,e4601f012256728268a62ea3d3ac95731190308da71beffa5ed6b4f676602bcd,True,7e433acc64f9d5fda4d7ad31c1416412e98e0e5b9ea6bc8eaf5f1157891b1974,True,graphic_only
plan:9a2d4aab27ba11d206b74a3ccfe64fa6f588c972456cc72d09571ee052b3f1a0,1CB380/15AA19,LINE,CLOSURE,,graphic_only,0,{},not_delivered_not_automatically_missing,7bc2fb05925f5a10e2cef3287146c5e947707c92ca49a079fbb51bacee2fdc7d,True,4cb89f40269ce17a44fed4986d2e4ec02a101fcd045dc1e95990e2ab09f8982d,True,graphic_only
plan:9a4207e0981ad432b703fe21c81df81015d08aa9bf9ec2579cf48dc0a29b36a6,1CC2AA/1CB33A,ATTDEF,0,XXX,annotation,0,{},not_delivered_not_automatically_missing,cc4e620a93328e6df5bba3727d0b3f88018e3af1e48d11de6ee78b49b8221999,True,d89d154a4272d92a6f2444b8d5207aa572e35b21fe2dd526895f6fdedf3068f9,True,graphic_only
plan:9a5301020effcc5a7961fa45a44d4d474232118e7a3bb5ad1cc65b749db46d0d,1CC2AA/1CB333,LINE,0,,graphic_only,0,{},not_delivered_not_automatically_missing,f641eefc75bbd02c83ecc79a2c9d90d06a39f4770ab3120d012c262a8846ebae,True,d89d154a4272d92a6f2444b8d5207aa572e35b21fe2dd526895f6fdedf3068f9,True,graphic_only
plan:9ad4a3d070f55edde4931a63c8c7561c332c0d1b6baeab4e94b216087d2b0fd1,1B051C/29433,TEXT,0,3',annotation,0,{},not_delivered_not_automatically_missing,791575fe96d3f375c3193aa080f21753a6c411c54c2a6055b9aabb3f470862e2,True,c82b8dc3d7dddf266af0b2da0e0fb9af6c77e0a456f6c1b485d05e4e9c72d290,True,mapped
plan:9b4a6fec607b33d1c1028e3e72cd2478f8371d3b8c9b221cb7f911c935ef9f49,1C9D65/29431,LWPOLYLINE,0,,graphic_only,0,{},not_delivered_not_automatically_missing,4de48158bf57d26f83917dd5faeded95c50541e62ce86f60f80d77c97f711141,True,93dd681f854fb3a44d63e6f10e08ba91b1ed59247eb6e4b551eb6049a585d215,True,mapped
plan:9b5f278cb5e46edfdc3d27811aad0dc7f9c6101cd72879ff8deb86895ae8b7e1,13992B/A2EB,HATCH,LARGE TEE RADIUS,,graphic_only,0,{},not_delivered_not_automatically_missing,08d2cb5cf48d31bce156bfa0492e65d60c5cad3a03871767e2b090b6549c8bbe,True,02315d4aab544309dc1d179fc1871deade66d2d659455c0ce37dbe44898cabed,True,graphic_only
plan:9b9fa3bc3f04760a2c559b709713475d932599c6a2a11a15fade65a92520d7ae,1CB380/15AA58,LINE,CLOSURE,,graphic_only,0,{},not_delivered_not_automatically_missing,e2920c79b4427a32c889c952225c5883112dfab46c9f2446bbc25db805c50692,True,4cb89f40269ce17a44fed4986d2e4ec02a101fcd045dc1e95990e2ab09f8982d,True,graphic_only
plan:9bd023e4d1105b64988b714ad96c2b92cdf4d39f8affe8d51e3795fc270d0bb8,1AEA90/29462,TEXT,0,NP9,annotation,0,{},not_delivered_not_automatically_missing,84894ff720fad08142b4b5794738d9f03a678c033f0cf0d6c83cb7cf83b64ff1,True,3aedf01d9d8a35ee2afe658368df7dce1241d6644e28bbfa2c247342a349a611,True,mapped
plan:9ca981d7202752c055948a26de41c2eebd2eca2edcea1315a9471b9ec2cb2c11,1CB380/15AA25,LINE,CLOSURE,,graphic_only,0,{},not_delivered_not_automatically_missing,f7d014707fd64ee543fdb75e625c466d67ba0bb149d3591c9a3e3739b64c676e,True,4cb89f40269ce17a44fed4986d2e4ec02a101fcd045dc1e95990e2ab09f8982d,True,graphic_only
plan:9cdbc0bbce37f2664e26adcf130e814d06a83cebaa7fea8662bc1783275c9f26,13996C/A28C,LINE,0,,graphic_only,0,{},not_delivered_not_automatically_missing,1e820f301869dd756753edabc86013d6bde2232dfb0d0dc6369d22134de5e118,True,d623ede8bca98d31596102c97a94e851f696602656011f93c9828b99ef02df58,True,graphic_only
plan:9cef844357fb6af2f886bba530f30d5b5b5ce5cb8770b0ff167931e613c8c86b,139924/A29F,LINE,0,,graphic_only,0,{},not_delivered_not_automatically_missing,773fa98829ea694d4c754c1c6fabeacd716dffb2e6dc4fc6177bbc83f0ff7110,True,fed10fdd19124ae298e1b921b8465babed086f7c4660fb5bfe3467dd76d90478,True,graphic_only
plan:9d44d6f5be971f511869dd7971eb5f2aa69479b3e3952057dc0ac2d288fbb2ea,1AEAA8/2945A,TEXT,0,NP7,annotation,0,{},not_delivered_not_automatically_missing,07c03427faeced9510b9b2358fdd62db08ae16fb581770cb6b0bf8f8aa9e83f3,True,64997a1219cc5cfd92791346e28288f2c8407ddd59794f17f52e068f93ae8154,True,mapped
plan:9e437f6df7da5b326eeaefa63267358f48e002dda48bdba2f4cb09ccf2446076,1C9D85/29430,LWPOLYLINE,0,,graphic_only,0,{},not_delivered_not_automatically_missing,e4ca8266ad0fd60f3c666c30fe7569773027aa54446ad5c6082ad90afad1d754,True,ab57efdbc3456af8ecd8eb83d04623af23077081b87f3a07c9d301cb455b8cd3,True,mapped
plan:9e45f382273580a8f165c250ef61ccb951e15dceb879a96b8b8c7396374c0fb8,1CB380/15AA56,LINE,CLOSURE,,graphic_only,0,{},not_delivered_not_automatically_missing,c3b79a605f9efa5d4171545757c45acdc2d97a03f788e6da7eccbbae5a196cd6,True,4cb89f40269ce17a44fed4986d2e4ec02a101fcd045dc1e95990e2ab09f8982d,True,graphic_only
plan:9ea3c8703f0146e023872e1333e99012d179775a0b6a482e52fcecf4a4d157c9,1AEA00/2945A,TEXT,0,NP7,annotation,0,{},not_delivered_not_automatically_missing,07c03427faeced9510b9b2358fdd62db08ae16fb581770cb6b0bf8f8aa9e83f3,True,5d87ad88ff55e5f8ba21e84183899154fb305292bc2801461f17f20dcbc93ca1,True,mapped
plan:9eb149d9f743c5313dffab66cae15ebafd283dcad3d0bc38af40a88276b0e983,1CC308/1CB32A,LWPOLYLINE,0,,graphic_only,0,{},not_delivered_not_automatically_missing,23e810ea0daba84f466ccb319241de8b3cd6d51549ab5c02805084e4b7f6b7fe,True,3727f65bb01b6b52aceb629199172c440ef452b36c95f98cd0f3cd220e5266c6,True,graphic_only
plan:9ed9d04509051bf2de3c6786f742abe2f172cbfd25ae449bfa47680abd2c85b8,1C1669/14374,ATTDEF,FDT-Info,XXX.XXX.XXXX,annotation,0,{},not_delivered_not_automatically_missing,cd5af684d67eb712c8e33ba73a6ae8976bb68d630580999bc5b51ca3c8d257d7,True,e7d67f841e308b3c15f4576be64f5433f8cf884d1fbbb90458b2fd83068c5646,True,graphic_only
plan:9ef417e5dab86031ea2f7f0d50d70a904340edf4a41be846a90303db38914d14,1CC2AA/1CB32F,TEXT,0,M,annotation,0,{},not_delivered_not_automatically_missing,80dfe7cdf43e2726773e10a496468b8f193685dfc0f6f221bdfd8266a1333f7c,True,d89d154a4272d92a6f2444b8d5207aa572e35b21fe2dd526895f6fdedf3068f9,True,graphic_only
plan:9f1c8242306f28649555859e3e6579b56740cb01917c3a8208233c6c244c8292,1CB35D/1CB33F,WIPEOUT,0,,graphic_only,0,{},not_delivered_not_automatically_missing,a28e4a42be6ba75a616a8973747389546f5a2e50d10d60bb1cfb76adbb815b80,True,ebbfb1aecf3c06457873d7e0f9efeab24109d3e425501d72b1fc7bd72ac4d772,True,graphic_only
plan:9fe9f80774dde6f5d93bdeacb88a79243dc70d91c3aaae1fb31bd1840a1817c8,1C1669/1436D,TEXT,FDT-Info,:,annotation,0,{},not_delivered_not_automatically_missing,016ae209690ca32bc4cca92c5a11a15d3a652d5aa203a94dcc1d807ac5e5c2a4,True,e7d67f841e308b3c15f4576be64f5433f8cf884d1fbbb90458b2fd83068c5646,True,graphic_only
plan:9ffe47aa4867beaa8998df26e1ade7925db77289fef78d4aa517d2036e18f11e,1C9D6D/2942F,TEXT,0,NP9,annotation,0,{},not_delivered_not_automatically_missing,a34c248a4b649cd2ae9afae0a16b8407e58b643dbc1d1aa3b2a43448a87ac13c,True,7dead1ccabaf132f74573be5416c782bedaa8056e9eb151c36c576948a5a760b,True,mapped
plan:a0199b7a24e70728b51159b18ed4d8938f06fbcc2436ca14eb6b577e09d5a3b8,1CB380/15AA10,LINE,CLOSURE,,graphic_only,0,{},not_delivered_not_automatically_missing,29395f372b51746454d6f1222e24eeaf02407d24651e6f0818d2d8cecf3f4006,True,4cb89f40269ce17a44fed4986d2e4ec02a101fcd045dc1e95990e2ab09f8982d,True,graphic_only
plan:a037d851eb1eeb36b6e9194fe15053915e488f9588cc3cb14503166c198db6c5,1AE9F0/2945C,TEXT,0,NP9,annotation,0,{},not_delivered_not_automatically_missing,47f68d9c28875dd58c9d13c5fa0d324473a34adbb2996561f872d6dc296b37b5,True,53b3567769e4382029a4f9484223a1e9610b9fb0cf84e58a35f461c808b4cd08,True,mapped
plan:a0bc5d827f082d6d339bd62e52ed1fa2af2d585d089a8a854b2c3dfe46530376,13996C/A295,LWPOLYLINE,0,,graphic_only,0,{},not_delivered_not_automatically_missing,3959a87491b72893a20ff24f50256f50f3ab443b7ec5fcb8d4f0b526169a5467,True,d623ede8bca98d31596102c97a94e851f696602656011f93c9828b99ef02df58,True,graphic_only
plan:a112290b8a7f1da6f7120b43989e1f10043f5312073b0d9f4049613c99d2d754,1CB380/15AA6B,LINE,CLOSURE,,graphic_only,0,{},not_delivered_not_automatically_missing,2570371d2e895f0a8874c8e5f2408a04257f022d956a34fb35b7666691cfc008,True,4cb89f40269ce17a44fed4986d2e4ec02a101fcd045dc1e95990e2ab09f8982d,True,graphic_only
plan:a12c7dbeae090010629c689089b2511fe3d85636cf7ba99e7b6dfca9172d0786,13997C/A2CA,LWPOLYLINE,0,,graphic_only,0,{},not_delivered_not_automatically_missing,45fc56de7d6396bd24573ec4205e98b5ff6669d31f3e5dbc49dcb51a2f129e3c,True,942dadb4bff9adebe990d7b747f4d36a51533b6bd9ab89f7c2cb7d0f37194544,True,graphic_only
plan:a18037ae69a9a07b69d33344396273dc820a91985fc40f6d872c3c5b9e89c6a9,139924/A2A4,LINE,0,,graphic_only,0,{},not_delivered_not_automatically_missing,9148489ed5f37798619764eb8c620a19bf6f0a2bb386e1c0183177b3cfea0701,True,fed10fdd19124ae298e1b921b8465babed086f7c4660fb5bfe3467dd76d90478,True,graphic_only
plan:a1c850b18d7fd11714dfcdec317d098241c2f2a541c579303df126a21f260472,1CB380/15AA74,LINE,CLOSURE,,graphic_only,0,{},not_delivered_not_automatically_missing,4458fd35ec98ebdb3c8bd9409f75f2e3ae1b2c2702b2e3079b5f8a6b5e33130f,True,4cb89f40269ce17a44fed4986d2e4ec02a101fcd045dc1e95990e2ab09f8982d,True,graphic_only
plan:a24130f04dbc134c7a70eaaa796a4b523033dac38b2c80f64d25e2029b8a4891,1CB380/15AA12,LINE,CLOSURE,,graphic_only,0,{},not_delivered_not_automatically_missing,05f9751539629587064944d38689316c79c7808a883723f626f642a92e9e778a,True,4cb89f40269ce17a44fed4986d2e4ec02a101fcd045dc1e95990e2ab09f8982d,True,graphic_only
plan:a2a890df8098897710ce2eb70648d59d43f32001727c3f4f8219b3be0ea76d0a,1AEAB8/2945A,TEXT,0,NP7,annotation,0,{},not_delivered_not_automatically_missing,07c03427faeced9510b9b2358fdd62db08ae16fb581770cb6b0bf8f8aa9e83f3,True,cc598f4024c50be1a773bf5045679e7f6b889dc02114ede5e20b16fc84cdbb64,True,mapped
plan:a3826fe06489f5024eadfddc7bb17b2754993824ebb1f5b6cc2c84b22a2d9023,1AEA98/2945B,CIRCLE,0,,graphic_only,0,{},not_delivered_not_automatically_missing,4605561d11f325859d5c89bb2da0871aef73d20a9800276272ca2720cb768575,True,6d3591e29a9e9033f59ca8401666a07ab45ab905d85d3095b625c291a01d0c2f,True,mapped
plan:a39e7e420557806c8f7faaf9d7dea5c14fdf4be3a7b8af1fcd1078a3b0f9a791,1B051C/29434,TEXT,0,FM,annotation,0,{},not_delivered_not_automatically_missing,9aab4291b190201ea0402e960d730e49f5bbc4da4d85368ff5180c7ce150706f,True,c82b8dc3d7dddf266af0b2da0e0fb9af6c77e0a456f6c1b485d05e4e9c72d290,True,mapped
plan:a4108e48ecf94fd1e4d16cbbb8ab9010818656188518fd2a8c950239fb3178eb,1AEA08/2945E,LWPOLYLINE,0,,graphic_only,0,{},not_delivered_not_automatically_missing,a50919ba67b3d95ae34559a59cccb10ea42f185d160f49992d14a7ca55d9b640,True,90b49775c7dee9181d0d28d5ef6ab0d8b6103f4e8d4c047110bb96e7ba5b5043,True,mapped
plan:a48df9decaaecd8a3a9cf73f57466c0a179b5fd2a2eec8b98b5db1631b291b67,1AEA88/2945E,LWPOLYLINE,0,,graphic_only,0,{},not_delivered_not_automatically_missing,a50919ba67b3d95ae34559a59cccb10ea42f185d160f49992d14a7ca55d9b640,True,ada090ebad6743b77fe4b1dfc1abc1da8c3075b0cd31779dcf95e3546cec87ff,True,mapped
plan:a5697eb877e59a5c0f8ba4f9b6d1cff3d75760dc9facfc3af34bf78c554e0113,1AE9F0/29463,TEXT,0,4',annotation,0,{},not_delivered_not_automatically_missing,372e06ad91acd18e4e7189980b4d3559a12d41dc4b2e944122c1fb5f2047c205,True,53b3567769e4382029a4f9484223a1e9610b9fb0cf84e58a35f461c808b4cd08,True,mapped
plan:a5e247fc4e929f496cde034c14ceee08673e1dfd63017a454b01d96666d6c71b,1CC308/1CB32E,TEXT,0,:,annotation,0,{},not_delivered_not_automatically_missing,c977101097263c9fbc460f5835b2161f2310bc587e2025d598f217c04f5a219a,True,3727f65bb01b6b52aceb629199172c440ef452b36c95f98cd0f3cd220e5266c6,True,graphic_only
plan:a5e4ef70512cf3074564e39a5d3ce2caf6a3448cff025b7322c169b22e7c040e,1CB37F/15A960,ELLIPSE,COIL,,graphic_only,0,{},not_delivered_not_automatically_missing,d2c26483e13e2394a204ae4a5224fb09c21797d69ce202999d0d188dd4763bab,True,fda550f26769625316c89b854f9fe2454666bd767c47acf216aa757acd41b8e2,True,graphic_only
plan:a5ebe44d50ff30dfef3d0cbe08f4f77ce0d23e5ddbd41a8caa4ec6b973b2385d,1B3E06/2945B,CIRCLE,0,,graphic_only,0,{},not_delivered_not_automatically_missing,4605561d11f325859d5c89bb2da0871aef73d20a9800276272ca2720cb768575,True,1f7cdf5e050176d5467d159bf505f34bb4ef6e7f6e27e34f394b8eac954b08e9,True,mapped
plan:a62a11c18dbca680ca7facd2d8671929245c48520c3a67f0ccc6a653c64e9563,1AC878/2942E,CIRCLE,0,,graphic_only,0,{},not_delivered_not_automatically_missing,e4601f012256728268a62ea3d3ac95731190308da71beffa5ed6b4f676602bcd,True,3a414929229b430e4149563d5db0ac09fdb92a08061bbf2c16ace7f648835155,True,mapped
plan:a6464e89697d9eb3c531189ee44304663e48bb872dc1fea136a4b655f9351e06,1B3E06/29460,TEXT,0,3',annotation,0,{},not_delivered_not_automatically_missing,ec3b41c69b6ab55d01d156889f033c378036bf6506735d741076b4ee7212f411,True,1f7cdf5e050176d5467d159bf505f34bb4ef6e7f6e27e34f394b8eac954b08e9,True,mapped
plan:a6599320a073c811b7ad9c8a8724ba2e0500529082ecbc54e906c387cbac8295,1AEAB0/2945B,CIRCLE,0,,graphic_only,0,{},not_delivered_not_automatically_missing,4605561d11f325859d5c89bb2da0871aef73d20a9800276272ca2720cb768575,True,1c53d34e2291a4063fe44233f37280bdd6b674495d256e7e54545f939ab4f734,True,mapped
plan:a6acf65a1b0a6912a1580d28918dfea5d3a9d8cec7eb5aa75ea5b97e049adeec,1AEAB0/2945A,TEXT,0,NP7,annotation,0,{},not_delivered_not_automatically_missing,07c03427faeced9510b9b2358fdd62db08ae16fb581770cb6b0bf8f8aa9e83f3,True,1c53d34e2291a4063fe44233f37280bdd6b674495d256e7e54545f939ab4f734,True,mapped
plan:a7c1c8e1f372c0290fbbf28c226a9a3e4ec17af081a21021c0b8b78458a1ba78,13997C/A2CB,LWPOLYLINE,0,,graphic_only,0,{},not_delivered_not_automatically_missing,9e979e09f6e16c484a3f2df1140663aafd47ee37c01dc6dd87d6708a3a855c1a,True,942dadb4bff9adebe990d7b747f4d36a51533b6bd9ab89f7c2cb7d0f37194544,True,graphic_only
plan:a87c45ec6c19aff7f07f9b7facd199be1aeb0f4184ca3f51a067e36cefadd6eb,139936/3E885,LWPOLYLINE,0,,graphic_only,0,{},not_delivered_not_automatically_missing,2e5682bc9dc26c284a11ffae3caa06593221b1646ba92ad83584529a5b293a23,True,a60d21e1401bf5f72fc421f9d68312a45f3335f773e6b8d468ffe708ff6bfc08,True,graphic_only
plan:a91aab230cf4853cafe692da2360f66ed8e598a788e4ec8058e3ee6a1c91488b,1CB380/15AA24,LINE,CLOSURE,,graphic_only,0,{},not_delivered_not_automatically_missing,41a1453c1065c41494d2fd10cb179a36d12b1b8484b9c2a7a181f3f02a826512,True,4cb89f40269ce17a44fed4986d2e4ec02a101fcd045dc1e95990e2ab09f8982d,True,graphic_only
plan:a96457ad9b6a74291b373549ff0c6a36758d7f09d50fb8a931c9e18e1d43c7db,13992C/A7C1,LWPOLYLINE,0,,graphic_only,0,{},not_delivered_not_automatically_missing,42d5abd7fd765afade7c7e207d29740cffeab283805f5e9da8898b926243d8da,True,f05d18af0064e4911385abb3af86ba054fc73f3619bad3ce34b5682992e46ac3,True,graphic_only
plan:ab69f2f254949f8da6f7cd089a30faabeecd8194362dc09d5583c88573af694c,1CB380/15AA6A,LINE,CLOSURE,,graphic_only,0,{},not_delivered_not_automatically_missing,ddb3703fbf2ec60c72920273f26a541bf42834e3bbbf9188ac01da977e7683c4,True,4cb89f40269ce17a44fed4986d2e4ec02a101fcd045dc1e95990e2ab09f8982d,True,graphic_only
plan:abc08466c48d89ec1d8dc1edaf3dfe6b4e79b66ddae0f9e7db5a8bba4c4b1652,139995/29430,LWPOLYLINE,0,,graphic_only,0,{},not_delivered_not_automatically_missing,e4ca8266ad0fd60f3c666c30fe7569773027aa54446ad5c6082ad90afad1d754,True,7e433acc64f9d5fda4d7ad31c1416412e98e0e5b9ea6bc8eaf5f1157891b1974,True,graphic_only
plan:abdefe5303720dbb986f281986e7f6772a3ee408fd991360d6664c6e90751a08,1CB380/15AA6E,LINE,CLOSURE,,graphic_only,0,{},not_delivered_not_automatically_missing,6b32018e9beac3e32453d31a2ae2993527f91b4358a28237bd993673ae7a01ab,True,4cb89f40269ce17a44fed4986d2e4ec02a101fcd045dc1e95990e2ab09f8982d,True,graphic_only
plan:ac2d8941b6ffc4b32573ba955df8698db4211988065bffddc948a0b513978e5b,1B3E06/2945D,LWPOLYLINE,0,,graphic_only,0,{},not_delivered_not_automatically_missing,99b0795cb1b7f362ebdc3e9f47f2ef37ea65f3b3df71aad6339af4b1e5417c6a,True,1f7cdf5e050176d5467d159bf505f34bb4ef6e7f6e27e34f394b8eac954b08e9,True,mapped
plan:ac63a858d58567c68c1b0c9629a80c53c06db3b0da42cb0ad14c3eb5e7125f1f,1C1157/14377,ATTDEF,FDT-Info,XXX+Xm,annotation,0,{},not_delivered_not_automatically_missing,0e65bbf041ee08c926de67173b8773a858304fd3d4f91026668200883871c4d9,True,15e44996eaceda97a1cbba7ddf041d5e31dabc9603a87af0179eee05c8f2d271,True,graphic_only
plan:ad067a8f226857579e3d31998f0684d2502bb7a8556a69310dee4fe170f42030,1399AC/A77A,CIRCLE,0,,graphic_only,0,{},not_delivered_not_automatically_missing,c1395aada9bce3a6b668b19712fc11f26c568652f360c347ada13ce860c6f70a,True,a951e90c3ce5da49de706b38fd881cce929e3d8885524e1d903b2d3010e8cfcb,True,graphic_only
plan:ad2fda5bd81cebab79f9fcc3be2cd0ef504f1077da75dcea0cfef0c18944d033,13999D/925E,TEXT,0,NP7,annotation,0,{},not_delivered_not_automatically_missing,e3f14981e10ba40a39fc4717d8632cfec6613687443d92482442aac46c4bfac8,True,5f8bcca7b4af71312c651a1b71fc7671dfa02bf49be875b342427f115c6a5d63,True,graphic_only
plan:ad4419290d09a471869341fa0a698ff59e3d9fa5f6bf905667a0d0d19664ef96,1AEA10/2945D,LWPOLYLINE,0,,graphic_only,0,{},not_delivered_not_automatically_missing,99b0795cb1b7f362ebdc3e9f47f2ef37ea65f3b3df71aad6339af4b1e5417c6a,True,10d5deec89657e8846c3bccdc50c1e66850ed46ff9966bde8aa306a5759e2fdc,True,mapped
plan:ad9541bc1dad94b5656f9d6e16976a0d8a977bbf119fbe73258785835f504eb0,1AE9F8/2945F,TEXT,0,5',annotation,0,{},not_delivered_not_automatically_missing,04d52eb8301f35e0cec1ad5a3cb51b4f5e9bec90c9b605ffea41bd9258c5fa26,True,5caae9ad4f1f979c11199abc43160d03040dd635e4c0ba0698e2e224874e20aa,True,mapped
plan:add3860ad725bf58045eecaf4cf885119e389279041492f4668b1a0777b5d0ce,139974/A2B0,LINE,0,,graphic_only,0,{},not_delivered_not_automatically_missing,28049ec80e6e60ea47d62c874dfd633522a26187e28501c037f2207dd7cf0d55,True,29d3e925e6e9b02311eda37c7d666b9e176aec4db6b1fa2b10c4678525494581,True,graphic_only
plan:ae16dfa90cfdcdea76e10e1def80b1e8aef3fdec48d88b7ccacd4cba59e9aa7d,139924/A2A8,TEXT,0,80,annotation,0,{},not_delivered_not_automatically_missing,51f4337d989b39964f1fdf8e3cf58f14c35faa67c0d2ecbbbdb7fab52ede3332,True,fed10fdd19124ae298e1b921b8465babed086f7c4660fb5bfe3467dd76d90478,True,graphic_only
plan:ae2e32f249829090c3b1d600d680626df12862575397679f7843752890cecedf,1AEA88/2945A,TEXT,0,NP7,annotation,0,{},not_delivered_not_automatically_missing,07c03427faeced9510b9b2358fdd62db08ae16fb581770cb6b0bf8f8aa9e83f3,True,ada090ebad6743b77fe4b1dfc1abc1da8c3075b0cd31779dcf95e3546cec87ff,True,mapped
plan:ae4ab4e89f8285f3009aa1181d16ad60ec708af12c350c2ed21ed1c4f9a66df8,139933/14271,LWPOLYLINE,0,,graphic_only,0,{},not_delivered_not_automatically_missing,227b58c94c852185aadaa30d3b2df671dcaef9a4834da65adad771869b53ecfc,True,628a42c9c993479f9d9a72d2d21e0644e029af8a1a2aa33bdfe70bd85a6441ac,True,graphic_only
plan:aeba76df5ee1258b6164066d8e7316fdb8c15241a9e2e6f94ac8049d5ae2b0a2,139985/A78A,TEXT,0,NP7,annotation,0,{},not_delivered_not_automatically_missing,07f9d10519d69de62e9b129586c88397a463aae7695209c5fa2ec3344b1f0b5e,True,96178dc9d539f3a14f645e5533dae73b23b5a99b5033cd56e59ad3719c3fc72e,True,graphic_only
plan:aefef1201989f98bf6e2f845fcd0170daab6d8e07077d0eafb3e19d6d67d452a,1AE9F0/2945E,LWPOLYLINE,0,,graphic_only,0,{},not_delivered_not_automatically_missing,a50919ba67b3d95ae34559a59cccb10ea42f185d160f49992d14a7ca55d9b640,True,53b3567769e4382029a4f9484223a1e9610b9fb0cf84e58a35f461c808b4cd08,True,mapped
plan:af298f3fa78e76916778e705691ad8022d7c11d0af756448cf56802f4c2d9675,1AEA10/2945F,TEXT,0,5',annotation,0,{},not_delivered_not_automatically_missing,04d52eb8301f35e0cec1ad5a3cb51b4f5e9bec90c9b605ffea41bd9258c5fa26,True,10d5deec89657e8846c3bccdc50c1e66850ed46ff9966bde8aa306a5759e2fdc,True,mapped
plan:af4b33896d00a607439d90d22ace46c278cc8acfe64c170390c893599624445d,1AEAA8/29463,TEXT,0,4',annotation,0,{},not_delivered_not_automatically_missing,372e06ad91acd18e4e7189980b4d3559a12d41dc4b2e944122c1fb5f2047c205,True,64997a1219cc5cfd92791346e28288f2c8407ddd59794f17f52e068f93ae8154,True,mapped
plan:af99d907b8a00c12ff40595f7b1f17ccd01272ae2bcba7b995f12e9ba6acb940,13993F/1398E5,HATCH,0,,graphic_only,0,{},not_delivered_not_automatically_missing,802c0e5ca2c6745c5f5d8012279c356028a1e6bce10db802f2e9e9ecdb2625dc,True,597fe5ec1015029e58b5bae42e9530bf72264ac54131525b19704d87839027f2,True,graphic_only
plan:b03c5a927deba37685fe1934b204f6cd6bc1de3ee7817f079b0f1145d7923db4,13995C/A264,LWPOLYLINE,0,,graphic_only,0,{},not_delivered_not_automatically_missing,cecd64d08ec57e65f1dc77a706cdfc6ba64408da030133b4de8c7d0a622b11ef,True,84b0887d8e284a268b65bbf39a2a3c1eaddec7cb2f52de2339a6622d4154955b,True,graphic_only
plan:b03da0c577748c8cd482e4270a7387f25501e29f51ea17eb6f69e90fd51febb8,1AEA10/29462,TEXT,0,NP9,annotation,0,{},not_delivered_not_automatically_missing,84894ff720fad08142b4b5794738d9f03a678c033f0cf0d6c83cb7cf83b64ff1,True,10d5deec89657e8846c3bccdc50c1e66850ed46ff9966bde8aa306a5759e2fdc,True,mapped
plan:b0628c677a68a632c344e48b0ca56d676c311adea2601e33b300e86237019a00,1CB380/15AA59,LINE,CLOSURE,,graphic_only,0,{},not_delivered_not_automatically_missing,9007868496766c5dddc40649a5f3afc07adedcb558bea04b6350941095824056,True,4cb89f40269ce17a44fed4986d2e4ec02a101fcd045dc1e95990e2ab09f8982d,True,graphic_only
plan:b0c9a75a2eca868f24a87d85149578a6a930c49b91e6735d7afdf7f0cffc9065,1CC308/1CB32F,TEXT,0,M,annotation,0,{},not_delivered_not_automatically_missing,80dfe7cdf43e2726773e10a496468b8f193685dfc0f6f221bdfd8266a1333f7c,True,3727f65bb01b6b52aceb629199172c440ef452b36c95f98cd0f3cd220e5266c6,True,graphic_only
plan:b1e63b213a2e321983ef7ac27683745bc53845dd3ae5492074cf660e679bff05,1B3E06/2945E,LWPOLYLINE,0,,graphic_only,0,{},not_delivered_not_automatically_missing,a50919ba67b3d95ae34559a59cccb10ea42f185d160f49992d14a7ca55d9b640,True,1f7cdf5e050176d5467d159bf505f34bb4ef6e7f6e27e34f394b8eac954b08e9,True,mapped
plan:b21c77ae1f2d240b34b0a63fe1d7937d2b252e72d1fabbdc19b572da548adfe0,1CB35D/1CB32A,LWPOLYLINE,0,,graphic_only,0,{},not_delivered_not_automatically_missing,23e810ea0daba84f466ccb319241de8b3cd6d51549ab5c02805084e4b7f6b7fe,True,ebbfb1aecf3c06457873d7e0f9efeab24109d3e425501d72b1fc7bd72ac4d772,True,graphic_only
plan:b23b41fc217be9ed439861ae002a39ace93d81bda5efc7b078ef56b5b08a6c06,139995/2942D,TEXT,0,NP7,annotation,0,{},not_delivered_not_automatically_missing,14eccd3bb23da38d82d8f7fdaf541e4cf8b8ee2b76a2bd31e00b1e61e9d8d96e,True,7e433acc64f9d5fda4d7ad31c1416412e98e0e5b9ea6bc8eaf5f1157891b1974,True,graphic_only
plan:b2f377e46f8b7428ea68e72e17be07e9b6a684359046a80ae57afdbb632ec209,1CB380/15AA06,LWPOLYLINE,CLOSURE,,mapped,1,"{""BOITE"": 1}",delivered,582660969a42f4382c7f80e3479456ad4979080f4b636f49cb3dc2ba9a961206,True,4cb89f40269ce17a44fed4986d2e4ec02a101fcd045dc1e95990e2ab09f8982d,True,graphic_only
plan:b326ef133ae4b1ada44abc785d140205ddb362d29d6af98dfb9fa9ea1d103f56,1CB380/15AA07,LWPOLYLINE,CLOSURE,,mapped,1,"{""BOITE"": 1}",delivered,f0fb2afa0a65046cafd9a9aeaea6679c5a7dbda03e0b25b76e25312ea9f2ea1a,True,4cb89f40269ce17a44fed4986d2e4ec02a101fcd045dc1e95990e2ab09f8982d,True,graphic_only
plan:b4118ca81a5edacf5e34d1477753cfc1275737dfdf3c08e75aa730889ab2366e,1CB380/15AA5D,LINE,CLOSURE,,graphic_only,0,{},not_delivered_not_automatically_missing,6767c82254f5f9456c4f3a860c8edf611d1fdc11b6d96025a44a9d83f5dd0b3d,True,4cb89f40269ce17a44fed4986d2e4ec02a101fcd045dc1e95990e2ab09f8982d,True,graphic_only
plan:b44d06bc47ac84b5c3a0d577e4f95a80569fd0206732941aae170464adc9be8c,1C9D75/29433,TEXT,0,3',annotation,0,{},not_delivered_not_automatically_missing,791575fe96d3f375c3193aa080f21753a6c411c54c2a6055b9aabb3f470862e2,True,811df3ce385562ae1d2d726663b24e593fb78c2c6a741e636360f017ec4a54c3,True,mapped
plan:b4aaa9593dc60d2f1d25b01fbcedc359debd0a16f016826d9f322d16daee1cdd,1AEAA0/29463,TEXT,0,4',annotation,0,{},not_delivered_not_automatically_missing,372e06ad91acd18e4e7189980b4d3559a12d41dc4b2e944122c1fb5f2047c205,True,78f719e04319c5332a6e14029518af223cfe8194eca7f8361128a9cdd324aa46,True,mapped
plan:b5065484d28a279ddee15241cecde118459c9fd616573159f79e79d043c824a0,1CB380/15AA53,LINE,CLOSURE,,graphic_only,0,{},not_delivered_not_automatically_missing,7baf7a43f6a04b4fd5f073b0311f87af484b331c358038887434bebc9bcc4208,True,4cb89f40269ce17a44fed4986d2e4ec02a101fcd045dc1e95990e2ab09f8982d,True,graphic_only
plan:b519dbf170623a7a972c5ee5f6f6d92cab9d5552af1726f8301effe61a013ec5,1CB380/15AA0D,LINE,CLOSURE,,graphic_only,0,{},not_delivered_not_automatically_missing,bd49c4c88d05db44a697de45b5d6b5663877e83e0031347e651c44487a45d5f5,True,4cb89f40269ce17a44fed4986d2e4ec02a101fcd045dc1e95990e2ab09f8982d,True,graphic_only
plan:b53816b6527f7b4187439d26462adb7df5977bbf05f9bc2c08df7be7c5649c6f,1C1669/14371,LWPOLYLINE,FDT-Info,,graphic_only,0,{},not_delivered_not_automatically_missing,b27675be3931939476be0bf4933af6291c5b2454ad0df4b35dde3fd6ff3a14da,True,e7d67f841e308b3c15f4576be64f5433f8cf884d1fbbb90458b2fd83068c5646,True,graphic_only
plan:b59416e58d65634290ea3a8c08e1ac2c46b9bdccb7c2472107255a897c682f62,1C9D85/29436,TEXT,0,4',annotation,0,{},not_delivered_not_automatically_missing,d3638ef3348b6cb2dc7c918f5f5ce84b83e0bb48a38fa6a58e4de9552cbb37c6,True,ab57efdbc3456af8ecd8eb83d04623af23077081b87f3a07c9d301cb455b8cd3,True,mapped
plan:b596a56cef40c9a8a748ffb3970f618c5de7bf80409318555c045aa5eeff62c3,1C9847/2945D,LWPOLYLINE,0,,graphic_only,0,{},not_delivered_not_automatically_missing,99b0795cb1b7f362ebdc3e9f47f2ef37ea65f3b3df71aad6339af4b1e5417c6a,True,891219b44519865ba5a5a4327187368fd2636883a58eb983119aed37978fe918,True,mapped
plan:b67acc2cbab98fddd184a3d051c9ba74f3468d3f1c183d11269815378ab26d95,1AEAA0/2945F,TEXT,0,5',annotation,0,{},not_delivered_not_automatically_missing,04d52eb8301f35e0cec1ad5a3cb51b4f5e9bec90c9b605ffea41bd9258c5fa26,True,78f719e04319c5332a6e14029518af223cfe8194eca7f8361128a9cdd324aa46,True,mapped
plan:b6a79938f881b15b74d4e550496c984f4ec27c667f451735bd033d5951437be0,1CB35D/1CB32C,LINE,0,,graphic_only,0,{},not_delivered_not_automatically_missing,d6b2f9fe7c4676d423931ef21460a180f042b3d3ebb6b5dac530653dac3420b9,True,ebbfb1aecf3c06457873d7e0f9efeab24109d3e425501d72b1fc7bd72ac4d772,True,graphic_only
plan:b757b3d9251e90f425c315359e9d9d1843f88e6d19f54e39b1009cd5ddec01df,1B051C/29430,LWPOLYLINE,0,,graphic_only,0,{},not_delivered_not_automatically_missing,e4ca8266ad0fd60f3c666c30fe7569773027aa54446ad5c6082ad90afad1d754,True,c82b8dc3d7dddf266af0b2da0e0fb9af6c77e0a456f6c1b485d05e4e9c72d290,True,mapped
plan:b765f499c6931590a4ad7e2dc6a60f59b12d24b3863cc78380b70b12be36f519,1C1157/1436A,LINE,FDT-Info,,graphic_only,0,{},not_delivered_not_automatically_missing,0312b84ff50e29c09c96f26c8e2479ffe2752383afd892cf1273a89020f94d16,True,15e44996eaceda97a1cbba7ddf041d5e31dabc9603a87af0179eee05c8f2d271,True,graphic_only
plan:b7677a1c723cb8f52ef99b931992cace670a4e18d8b88e8e9b298d0a6964a9ec,1AE9F8/29460,TEXT,0,3',annotation,0,{},not_delivered_not_automatically_missing,ec3b41c69b6ab55d01d156889f033c378036bf6506735d741076b4ee7212f411,True,5caae9ad4f1f979c11199abc43160d03040dd635e4c0ba0698e2e224874e20aa,True,mapped
plan:b7b6b55ca14d438a3d17a4e60bd1707204bf957c6cd70ada578b45caf3fd6dc4,1C9D7D/29436,TEXT,0,4',annotation,0,{},not_delivered_not_automatically_missing,d3638ef3348b6cb2dc7c918f5f5ce84b83e0bb48a38fa6a58e4de9552cbb37c6,True,b4ec618e2f20c5b0d5d9fe563ae5dbbc42444f502a2d43f7bdaccaeacd50d84b,True,mapped
plan:b80e01d28d865283be476952c424947bdab293a12c00c6ed1add1f5c7f90b3a2,1CB380/15AA23,LINE,CLOSURE,,graphic_only,0,{},not_delivered_not_automatically_missing,6bbb6bbda0e88e91910d3486e691e831a1e8d54a4fdf1b72956a34d8341d0aca,True,4cb89f40269ce17a44fed4986d2e4ec02a101fcd045dc1e95990e2ab09f8982d,True,graphic_only
plan:b9e4fc50fd4dd8a668a438f4b5b6ea9f52584e7a10383571c7c3ad7296b193db,1C984F/2942E,CIRCLE,0,,graphic_only,0,{},not_delivered_not_automatically_missing,e4601f012256728268a62ea3d3ac95731190308da71beffa5ed6b4f676602bcd,True,5dbff0aa3ab580046fc44b11609edf906d3017f1fe49e086df599b453a38052f,True,mapped
plan:b9f1d2d3ba4f67dd84c6e82ba02a13672dffd93f62e35b32accbb4a10582e173,1CB35D/1CB334,ATTDEF,0,XXX,annotation,0,{},not_delivered_not_automatically_missing,b367b87551bd1e8dbc83b2beb4fb14b126730d65f688e6d399894bc00bd868a3,True,ebbfb1aecf3c06457873d7e0f9efeab24109d3e425501d72b1fc7bd72ac4d772,True,graphic_only
plan:baf174f01592fa688c1b930b5ffc30463f7b2070f67a93668edc3c53ae0705a2,1CF080/15A95F,ELLIPSE,COIL,,graphic_only,0,{},not_delivered_not_automatically_missing,6acc48300ec149e5b260407aa803cd2f2a3dba4d4252bd8afa81f7ef247ebbb2,True,502f7425fc6b5b3a9328843d83dfeb59547726c91d0803cefca09c7a48d1a69f,True,graphic_only
plan:bb0ab6167b36654451fb3f5c8b20aae6582f7c20b8a87b3335a60a8d9bf71f68,1AEA10/2945B,CIRCLE,0,,graphic_only,0,{},not_delivered_not_automatically_missing,4605561d11f325859d5c89bb2da0871aef73d20a9800276272ca2720cb768575,True,10d5deec89657e8846c3bccdc50c1e66850ed46ff9966bde8aa306a5759e2fdc,True,mapped
plan:bb3da6d3abe5c04c49b363fd5f317609cf0f0778aec2d54550b9270b5d6ec08c,1AEA00/2945B,CIRCLE,0,,graphic_only,0,{},not_delivered_not_automatically_missing,4605561d11f325859d5c89bb2da0871aef73d20a9800276272ca2720cb768575,True,5d87ad88ff55e5f8ba21e84183899154fb305292bc2801461f17f20dcbc93ca1,True,mapped
plan:bbccfb0d7d35b0e9fce213da7860d61571dd04e07b49b11d07bc7c6f9f69db9c,1BABB4/3E886,HATCH,0,,graphic_only,0,{},not_delivered_not_automatically_missing,3ec290efc17e185bcf8c110657805dda32078ec88803d4352d38ac8af6ccb39a,True,b64b56ff340b0b4efc96ea240d6eeb92daedf1bcbc73e13679865063f19505a0,True,mapped
plan:bc105d159458669e2ef60b30c33e9a4328e8236a9c76a4356aec9be5dfd84b94,1CB380/15AA7A,LINE,CLOSURE,,graphic_only,0,{},not_delivered_not_automatically_missing,b9402ed3eece94ed04e539fbe1d8580fdee9a69a1e5946f189db77df33250109,True,4cb89f40269ce17a44fed4986d2e4ec02a101fcd045dc1e95990e2ab09f8982d,True,graphic_only
plan:bdc5518eb0f47fc0ca50b28ebddee484a80f2f0dc6419320672256f2696d9593,1C1669/14369,LINE,FDT-Info,,graphic_only,0,{},not_delivered_not_automatically_missing,d61c203b09d6f84db72342d38de709c59cdf4e7a3350c41b0200aeebfc5125bd,True,e7d67f841e308b3c15f4576be64f5433f8cf884d1fbbb90458b2fd83068c5646,True,graphic_only
plan:bdea55b759fdfa834ab23876ed8726573d45105cf993d8db0004abd5c24d9277,1CC2AA/1CB32C,LINE,0,,graphic_only,0,{},not_delivered_not_automatically_missing,d6b2f9fe7c4676d423931ef21460a180f042b3d3ebb6b5dac530653dac3420b9,True,d89d154a4272d92a6f2444b8d5207aa572e35b21fe2dd526895f6fdedf3068f9,True,graphic_only
plan:bf2a6751759553fd1460cd0c640c723804a71bf493bb9326689adba558340563,1C9D6D/29432,TEXT,0,5',annotation,0,{},not_delivered_not_automatically_missing,2cce10f1d40375e00adb075afd695f3d432a5597b6049938dbac9b1e6681cca5,True,7dead1ccabaf132f74573be5416c782bedaa8056e9eb151c36c576948a5a760b,True,mapped
plan:bf358cd4c47cae13df091abed7664ffad75ab486b1a8866663d4a83328f73119,1C1157/14366,WIPEOUT,FDT-Info,,graphic_only,0,{},not_delivered_not_automatically_missing,ad1d21537b90fd27b048c9e8e89aeaca77ddd1e84ce099a590adf10676d1cd46,True,15e44996eaceda97a1cbba7ddf041d5e31dabc9603a87af0179eee05c8f2d271,True,graphic_only
plan:c0034454d2ccea99a94532f39d337120dec15cfcdf5f0106097df8a77a15224d,1CC308/1CB326,LWPOLYLINE,0,,graphic_only,0,{},not_delivered_not_automatically_missing,26bbdfa41fa8bc1f7ab3171f0bb8563efd25eb085ef0e22a4d6687be48e3aeab,True,3727f65bb01b6b52aceb629199172c440ef452b36c95f98cd0f3cd220e5266c6,True,graphic_only
plan:c01fbefcb15c1440a035e43369dd04c4e1022d669b5b518ba3a96f7f31b6702f,1C9D6D/2942D,TEXT,0,NP7,annotation,0,{},not_delivered_not_automatically_missing,14eccd3bb23da38d82d8f7fdaf541e4cf8b8ee2b76a2bd31e00b1e61e9d8d96e,True,7dead1ccabaf132f74573be5416c782bedaa8056e9eb151c36c576948a5a760b,True,mapped
plan:c07e8cc7be05d74ee41aeee47278d7dd7ed61a5d4269c39fb50f3603aa905d55,13998D/A7A4,TEXT,0,4',annotation,0,{},not_delivered_not_automatically_missing,afd545df619fd0d1d7ba0cdb64adcf676c21864719f229db2315d7b1a66ac14c,True,f44e3d50fac1a8a6a8083c233b54a0a518cec42aa1af2e465830b2b86aac2d05,True,graphic_only
plan:c139411b63183092c927e98b07d07b991e6984d99c419e38f56ee9379b3a6078,1CB380/15AA97,LINE,CLOSURE,,graphic_only,0,{},not_delivered_not_automatically_missing,eafeb1c86ec94c3c48f84680f8b993a262622fca1f5b33037595d7ec3458aab5,True,4cb89f40269ce17a44fed4986d2e4ec02a101fcd045dc1e95990e2ab09f8982d,True,graphic_only
plan:c167135f850f59028e3e06d755a226bbd56c7ef41ecd2b67056eee1feb0701ef,1CC2AA/1CB32A,LWPOLYLINE,0,,graphic_only,0,{},not_delivered_not_automatically_missing,23e810ea0daba84f466ccb319241de8b3cd6d51549ab5c02805084e4b7f6b7fe,True,d89d154a4272d92a6f2444b8d5207aa572e35b21fe2dd526895f6fdedf3068f9,True,graphic_only
plan:c1a73bcf21df4d5355ea012d90920a50326c00d634e8af2d1c8f50eafbbeabe6,139985/A791,TEXT,0,FM,annotation,0,{},not_delivered_not_automatically_missing,6a7dbbfa9c1b28ba453da901b670b553ebff029ad80612bdb48161bdf231ddc8,True,96178dc9d539f3a14f645e5533dae73b23b5a99b5033cd56e59ad3719c3fc72e,True,graphic_only
plan:c2543213587968cbfcc33510868bb697adcd07ca15e50a091c4cec443188aa2e,1C9D8D/2942F,TEXT,0,NP9,annotation,0,{},not_delivered_not_automatically_missing,a34c248a4b649cd2ae9afae0a16b8407e58b643dbc1d1aa3b2a43448a87ac13c,True,a344cb2199d230797cab1ff6779e4a850c47d83c3b9e60282fb26fddaa59fa45,True,mapped
plan:c2bf9f67b68e7c9024abde8cee4baa7f82ff937ba04e1c4f87874d56b5af2b58,1B056C/2945B,CIRCLE,0,,graphic_only,0,{},not_delivered_not_automatically_missing,4605561d11f325859d5c89bb2da0871aef73d20a9800276272ca2720cb768575,True,39d085755b86f1ca0b7ef410829598c42a1e37e603e119497d7045f74531875e,True,mapped
plan:c3c88ffdc77fedc26873f69755213650e6bd5be1758c333e1dbddfb42ac7c49a,1CC308/1CB333,LINE,0,,graphic_only,0,{},not_delivered_not_automatically_missing,f641eefc75bbd02c83ecc79a2c9d90d06a39f4770ab3120d012c262a8846ebae,True,3727f65bb01b6b52aceb629199172c440ef452b36c95f98cd0f3cd220e5266c6,True,graphic_only
plan:c42e7b02ae12c78a50e25cfc9d191ba5c10acbe0bdbfafe140219d19c20c9a20,1CB380/15AA3F,LINE,CLOSURE,,graphic_only,0,{},not_delivered_not_automatically_missing,74fafc2770629237501ce1c932bb21de129a1197f92144c3665459dfe9dd28fb,True,4cb89f40269ce17a44fed4986d2e4ec02a101fcd045dc1e95990e2ab09f8982d,True,graphic_only
plan:c47ab334e12f980a5469d9115fc1f1df1d9430e25423d93d377ef8076061eacb,1AEAA8/29460,TEXT,0,3',annotation,0,{},not_delivered_not_automatically_missing,ec3b41c69b6ab55d01d156889f033c378036bf6506735d741076b4ee7212f411,True,64997a1219cc5cfd92791346e28288f2c8407ddd59794f17f52e068f93ae8154,True,mapped
plan:c4894794c8472dceb118bfc7f984184f9f4e5961137c7d4ec33366391f743393,139924/A2A7,LWPOLYLINE,0,,graphic_only,0,{},not_delivered_not_automatically_missing,96240020ee31e5c943e45ee80baf4d229a72915c80c0514c4e341eccb62bc2cc,True,fed10fdd19124ae298e1b921b8465babed086f7c4660fb5bfe3467dd76d90478,True,graphic_only
plan:c4b5ffd26a15046f69428e1c50843fafafddbcd337c976a7d25376e107d5c7cc,1399AC/A779,TEXT,0,NP7,annotation,0,{},not_delivered_not_automatically_missing,0c1f008aa0b93de1c1c06fc3cbfacc85e79a6915125991ad0b7b116b31fbc6f3,True,a951e90c3ce5da49de706b38fd881cce929e3d8885524e1d903b2d3010e8cfcb,True,graphic_only
plan:c4d8defe5f8e267234494edb702b14549a6805be774bd6e940b1a373362e1fb7,1B0564/29460,TEXT,0,3',annotation,0,{},not_delivered_not_automatically_missing,ec3b41c69b6ab55d01d156889f033c378036bf6506735d741076b4ee7212f411,True,2ca25ec76db11550ba58b4b7ebe22a830da99e09ba155a98d8d65ccbc86b7298,True,mapped
plan:c50e05a0118a9f194786e34a0ce0f244f7069740b7271c481e80860470b801c2,1CB380/15AA8E,LINE,CLOSURE,,graphic_only,0,{},not_delivered_not_automatically_missing,da1f8328aac708d910f0b2bafa32eee7886e4e5d5118c2558ed53e67633a347c,True,4cb89f40269ce17a44fed4986d2e4ec02a101fcd045dc1e95990e2ab09f8982d,True,graphic_only
plan:c5e17d15f74ac8bb2a4c5c5c16c2cc579c50a73e433e74846dde544f70792b79,1AEA90/29463,TEXT,0,4',annotation,0,{},not_delivered_not_automatically_missing,372e06ad91acd18e4e7189980b4d3559a12d41dc4b2e944122c1fb5f2047c205,True,3aedf01d9d8a35ee2afe658368df7dce1241d6644e28bbfa2c247342a349a611,True,mapped
plan:c63fa3fc34413bda035534cb22af24aaa335255373ea4e658b11c4f3feeb726d,1CB380/15AA6C,LINE,CLOSURE,,graphic_only,0,{},not_delivered_not_automatically_missing,ef3cc4c625f78c6b4954b169ecfb33872d84306e7d969a874c0c09e69df32d32,True,4cb89f40269ce17a44fed4986d2e4ec02a101fcd045dc1e95990e2ab09f8982d,True,graphic_only
plan:c6a14a5e77e19aebb3405f9542a6adbd268994e8af5e406bf6c4215401e5d350,13993F/1398E6,LWPOLYLINE,0,,graphic_only,0,{},not_delivered_not_automatically_missing,51cd5eb03d58aa6a3a38b6d7511a25cd3b61292107d24995c3f9c83282c448d8,True,597fe5ec1015029e58b5bae42e9530bf72264ac54131525b19704d87839027f2,True,graphic_only
plan:c6d27ff0e9b2add144d40c25c297aa675a263f541b22c9efdfd63901ccc6350b,1C9D65/29436,TEXT,0,4',annotation,0,{},not_delivered_not_automatically_missing,d3638ef3348b6cb2dc7c918f5f5ce84b83e0bb48a38fa6a58e4de9552cbb37c6,True,93dd681f854fb3a44d63e6f10e08ba91b1ed59247eb6e4b551eb6049a585d215,True,mapped
plan:c6df77d898b670a7c1c55c017fa881d1f054f6672d8b3539308d020dab02f005,1CB380/15AA90,LINE,CLOSURE,,graphic_only,0,{},not_delivered_not_automatically_missing,aaea353e9c98b3b8e007343240b80dbff1098471330c9634eb732538720b20bd,True,4cb89f40269ce17a44fed4986d2e4ec02a101fcd045dc1e95990e2ab09f8982d,True,graphic_only
plan:c6ef504ad2f6b782fc076b682c08865d51ea81e38ab21c8147860b4b30b11340,1CB35D/1CB33E,WIPEOUT,0,,graphic_only,0,{},not_delivered_not_automatically_missing,cb0b705a232353749d08af60cb2e6e8966f545ceb57fb13e46197c478f875445,True,ebbfb1aecf3c06457873d7e0f9efeab24109d3e425501d72b1fc7bd72ac4d772,True,graphic_only
plan:c70390482af78f28834a80c831bb28d5b4ecf46aefd22fc20195121c7664811a,13993F/1398E0,LWPOLYLINE,0,,graphic_only,0,{},not_delivered_not_automatically_missing,8438c155d596ea0f590c5173ffe8947a3eaf24a00a8ae0a88659142fb459244c,True,597fe5ec1015029e58b5bae42e9530bf72264ac54131525b19704d87839027f2,True,graphic_only
plan:c7db191d36852ce7d7d1a9a185b5e1a54590f074775c16a8a2bcabf04de591b3,1C9D65/2942E,CIRCLE,0,,graphic_only,0,{},not_delivered_not_automatically_missing,e4601f012256728268a62ea3d3ac95731190308da71beffa5ed6b4f676602bcd,True,93dd681f854fb3a44d63e6f10e08ba91b1ed59247eb6e4b551eb6049a585d215,True,mapped
plan:c8cef4c811fefe87e6d22294bc59a3c6d4a6a4255212ae860603e1dcc12900e2,1CB380/15AA72,LINE,CLOSURE,,graphic_only,0,{},not_delivered_not_automatically_missing,5871e9fa40edfd59f3b9e7448b7a0bd53d9cfcd4db576d7968b24fa82d6d9d16,True,4cb89f40269ce17a44fed4986d2e4ec02a101fcd045dc1e95990e2ab09f8982d,True,graphic_only
plan:c8de0558110f34c3834694516d0dd7c6094411baee07c7ffab03fb8a918a7cee,1CC2AA/1CB339,ATTDEF,0,XXX,annotation,0,{},not_delivered_not_automatically_missing,3fbf3985f0aedbb3d21aa2689585c2bfa9567d2b866d1cf0ffc9fcf71d24614e,True,d89d154a4272d92a6f2444b8d5207aa572e35b21fe2dd526895f6fdedf3068f9,True,graphic_only
plan:c8e88cdef3373870c91a98fc4eac045ae8b872b5140c081e236d780dd76271ab,1CB380/15AA30,LINE,CLOSURE,,graphic_only,0,{},not_delivered_not_automatically_missing,f49c9e4f7131b36cda5c5c1ef7f7d8595da17382a5c717a558da7d297b0cadde,True,4cb89f40269ce17a44fed4986d2e4ec02a101fcd045dc1e95990e2ab09f8982d,True,graphic_only
plan:c8fe177c108d81af7f6ebbb0d468a59aef9b06e5ab67dc8e61dba762bf78b241,1CB35D/1CB326,LWPOLYLINE,0,,graphic_only,0,{},not_delivered_not_automatically_missing,26bbdfa41fa8bc1f7ab3171f0bb8563efd25eb085ef0e22a4d6687be48e3aeab,True,ebbfb1aecf3c06457873d7e0f9efeab24109d3e425501d72b1fc7bd72ac4d772,True,graphic_only
plan:c931ecdcabd0665283a2e1f245ead3f998337326255c1db00ec9343b314da264,1399AC/A77D,LWPOLYLINE,0,,graphic_only,0,{},not_delivered_not_automatically_missing,36db7d833885d6bf203f4e64e6ccc80f8977a696427d0b9ace77c0eda6a386ad,True,a951e90c3ce5da49de706b38fd881cce929e3d8885524e1d903b2d3010e8cfcb,True,graphic_only
plan:ca801982cb7543b2790ac5640129eaef3921b42c788a05bb8199d6129ef1e385,1AC878/29436,TEXT,0,4',annotation,0,{},not_delivered_not_automatically_missing,d3638ef3348b6cb2dc7c918f5f5ce84b83e0bb48a38fa6a58e4de9552cbb37c6,True,3a414929229b430e4149563d5db0ac09fdb92a08061bbf2c16ace7f648835155,True,mapped
plan:cbe178ed384933e11d66653b79de0f0149f8e5c93ebeff7aa631a7985f424a7c,13996C/A28F,LINE,0,,graphic_only,0,{},not_delivered_not_automatically_missing,f51934fc2ef3980d476c23bc4d52cc1723ea4820b7f790d5f7566aee32485b5e,True,d623ede8bca98d31596102c97a94e851f696602656011f93c9828b99ef02df58,True,graphic_only
plan:cde15d6f8eeae9ee3487fc64737c961f99048a38a8744ff83169c630a3f7da3c,1CB380/15AA11,LINE,CLOSURE,,graphic_only,0,{},not_delivered_not_automatically_missing,93eccd35874fa02f77beed59272c272f48576efdf6542dbb910954ee36385d4e,True,4cb89f40269ce17a44fed4986d2e4ec02a101fcd045dc1e95990e2ab09f8982d,True,graphic_only
plan:cdf066467b5cceddafd87dd0101edb514ac613a3c2ddf643a0f8955abfe827f7,1BA661/3E888,ATTDEF,0,XX,annotation,0,{},not_delivered_not_automatically_missing,a5623ae8357a4528463b4d1c0334b9ea2007d9a57f6be3ea50e166dcb63df213,True,660899928965caa433eba48baf187d474a8feab047b86997317e675a5a301188,True,mapped
plan:ce893c8cfe28e7ef7ffbee0dfff5492dbb74bd03019c879d8a4540fb686be02d,1CB380/15AA60,LINE,CLOSURE,,graphic_only,0,{},not_delivered_not_automatically_missing,cd76ce9aefca1d7022916105c7a4c11c19277af597e7f32fb7e05a8ccc016979,True,4cb89f40269ce17a44fed4986d2e4ec02a101fcd045dc1e95990e2ab09f8982d,True,graphic_only
plan:cf425dbbf2e97558e538ccc2e6ad7e421cd4031b74a80b7cc89d22a2d2b5ad39,1CB380/15AA71,LINE,CLOSURE,,graphic_only,0,{},not_delivered_not_automatically_missing,3f48704694fad90423165f0a5af2145b467774e6cec01fc4d2fd5e4564c8347f,True,4cb89f40269ce17a44fed4986d2e4ec02a101fcd045dc1e95990e2ab09f8982d,True,graphic_only
plan:cf4a11a817f13776339dda4ce835c6bf0c7129f757b54c988d913e06449b7aa1,13997C/A2C0,LINE,0,,graphic_only,0,{},not_delivered_not_automatically_missing,23c2ccb23fe0d883fe0f54c4ccc374afcfe12e997ea9857ba527c68069b61d1f,True,942dadb4bff9adebe990d7b747f4d36a51533b6bd9ab89f7c2cb7d0f37194544,True,graphic_only
plan:cfa7b12f9128170db889ae7b1e03f45fd723d5d708c0ae8e637a6e6e4c04bab6,1399AC/A782,TEXT,0,4',annotation,0,{},not_delivered_not_automatically_missing,13006bfc6aee2ab39ca6e6d662c138fa2247c40ae9043bf30aa277dce9e13654,True,a951e90c3ce5da49de706b38fd881cce929e3d8885524e1d903b2d3010e8cfcb,True,graphic_only
plan:d05722209db179fa7602f082c238f6dbb8da0bba32bf4c3b689e124e9de32761,1C9D85/29433,TEXT,0,3',annotation,0,{},not_delivered_not_automatically_missing,791575fe96d3f375c3193aa080f21753a6c411c54c2a6055b9aabb3f470862e2,True,ab57efdbc3456af8ecd8eb83d04623af23077081b87f3a07c9d301cb455b8cd3,True,mapped
plan:d0919f90c11deaf58aa2571b93fc205e2e07415d8e325d0a4daf3cfa09735ded,139974/A2B4,LINE,0,,graphic_only,0,{},not_delivered_not_automatically_missing,9a840b7ddbdaf30b9b63b00345fb4990c05d82f962cbb04fff50ba0d46fc140d,True,29d3e925e6e9b02311eda37c7d666b9e176aec4db6b1fa2b10c4678525494581,True,graphic_only
plan:d09c6f1495f5d2fc172c0ab4ba22d909585f575b960a0727b63942285259f2a2,1B051C/2942E,CIRCLE,0,,graphic_only,0,{},not_delivered_not_automatically_missing,e4601f012256728268a62ea3d3ac95731190308da71beffa5ed6b4f676602bcd,True,c82b8dc3d7dddf266af0b2da0e0fb9af6c77e0a456f6c1b485d05e4e9c72d290,True,mapped
plan:d09ceb49dd435ecd6e0e3c4feeaa22f20d5a91852ece2ad14b6acfe8fdc43505,1CB380/15AA08,LINE,CLOSURE,,graphic_only,0,{},not_delivered_not_automatically_missing,1315ddc56834c2f8b1dd39aecba06e2e66b73f41d51b9454c8643536c1dd1c8f,True,4cb89f40269ce17a44fed4986d2e4ec02a101fcd045dc1e95990e2ab09f8982d,True,graphic_only
plan:d0a4806fc6bf2d2125d49763db43b96d4f818a7f8c8ce48962a8151c778e154a,1AC878/29431,LWPOLYLINE,0,,graphic_only,0,{},not_delivered_not_automatically_missing,4de48158bf57d26f83917dd5faeded95c50541e62ce86f60f80d77c97f711141,True,3a414929229b430e4149563d5db0ac09fdb92a08061bbf2c16ace7f648835155,True,mapped
plan:d1a941c3967740c72b8c99b08e6f222da55c863170fa3709e6a089d75adab10e,1AEA98/29463,TEXT,0,4',annotation,0,{},not_delivered_not_automatically_missing,372e06ad91acd18e4e7189980b4d3559a12d41dc4b2e944122c1fb5f2047c205,True,6d3591e29a9e9033f59ca8401666a07ab45ab905d85d3095b625c291a01d0c2f,True,mapped
plan:d1e1d1ec32bdda28ff493e58c35af405fec26c6790d163174419d7ce8d0491c9,1AE9F0/2945B,CIRCLE,0,,graphic_only,0,{},not_delivered_not_automatically_missing,4605561d11f325859d5c89bb2da0871aef73d20a9800276272ca2720cb768575,True,53b3567769e4382029a4f9484223a1e9610b9fb0cf84e58a35f461c808b4cd08,True,mapped
plan:d2214e511421f8b137c44fd1cf09188b0d0c10784f6aee7ce4a5d652345d6e50,1B0564/2945A,TEXT,0,NP7,annotation,0,{},not_delivered_not_automatically_missing,07c03427faeced9510b9b2358fdd62db08ae16fb581770cb6b0bf8f8aa9e83f3,True,2ca25ec76db11550ba58b4b7ebe22a830da99e09ba155a98d8d65ccbc86b7298,True,mapped
plan:d2b9fb06db4abd7a67d73afa379c0036b9c5a74a39c005eece7fe5d11bd686ad,1BABB4/3E88A,LWPOLYLINE,0,,graphic_only,0,{},not_delivered_not_automatically_missing,7fcd556af4e9e3554cfd8a2f788f9dca58bfcf05794621aaba91653a77ca6cad,True,b64b56ff340b0b4efc96ea240d6eeb92daedf1bcbc73e13679865063f19505a0,True,mapped
plan:d32c76841835e88b945712b9c1f56debf0ecef5e91163dfe39cce89e24bd8053,1CB380/15AA1E,LINE,CLOSURE,,graphic_only,0,{},not_delivered_not_automatically_missing,4fb7b771d0762672be2a1e724d7acf242f2f48ba54be5da194d25622513678bf,True,4cb89f40269ce17a44fed4986d2e4ec02a101fcd045dc1e95990e2ab09f8982d,True,graphic_only
plan:d34e47cfdec79c0ad3cfafc8376aa4dcc3d123053692b6dec351a328dfbb7795,139974/A2AE,LINE,0,,graphic_only,0,{},not_delivered_not_automatically_missing,4837f797dfb0224fd1e9b4d4711be3d3c6aea71c9f38b7d23cfbc8f8675de4e3,True,29d3e925e6e9b02311eda37c7d666b9e176aec4db6b1fa2b10c4678525494581,True,graphic_only
plan:d3f5fe270c00321e64ec8e9bdde01171451c5f154393608aef888f5e71a494eb,1B3E06/2945C,TEXT,0,NP9,annotation,0,{},not_delivered_not_automatically_missing,47f68d9c28875dd58c9d13c5fa0d324473a34adbb2996561f872d6dc296b37b5,True,1f7cdf5e050176d5467d159bf505f34bb4ef6e7f6e27e34f394b8eac954b08e9,True,mapped
plan:d40cd007ad40552eb33615733a0f6cd37cd0e98bf6e51ca1a2bfd93e9f00d2a1,1BABB4/3E885,LWPOLYLINE,0,,graphic_only,0,{},not_delivered_not_automatically_missing,2e5682bc9dc26c284a11ffae3caa06593221b1646ba92ad83584529a5b293a23,True,b64b56ff340b0b4efc96ea240d6eeb92daedf1bcbc73e13679865063f19505a0,True,mapped
plan:d41611675f7b58c8319c6e49708aac45b0a689fc2e8d313dcb1d5b326262e41a,1AEAB0/29462,TEXT,0,NP9,annotation,0,{},not_delivered_not_automatically_missing,84894ff720fad08142b4b5794738d9f03a678c033f0cf0d6c83cb7cf83b64ff1,True,1c53d34e2291a4063fe44233f37280bdd6b674495d256e7e54545f939ab4f734,True,mapped
plan:d4257a638ed28ad3afd106632da56b7c2f0b515310e989863d14fa8548090345,1C9D75/29435,TEXT,0,NP9,annotation,0,{},not_delivered_not_automatically_missing,20dc07a255b78278011d800be163aef04477b2a3f090e319b0541cc2d022a31f,True,811df3ce385562ae1d2d726663b24e593fb78c2c6a741e636360f017ec4a54c3,True,mapped
plan:d457c2399916c8ff1b4e714a5a2b4a0cdd7ce5b6690f11ee52e3fce6d4b8b168,1BA661/3E887,CIRCLE,0,,graphic_only,0,{},not_delivered_not_automatically_missing,54f8962bcd66168abb0545b269944f6f995ee08b1df4f7124f29d52940607f4f,True,660899928965caa433eba48baf187d474a8feab047b86997317e675a5a301188,True,mapped
plan:d4623840d0768a59125ecea3b1b2584ffb4c297a87b6b05daa457054d4f7fcd3,139985/A78D,LWPOLYLINE,0,,graphic_only,0,{},not_delivered_not_automatically_missing,28941c82bb0a84114d8b03e2f58e7350f88ac4e641650d6a115500ce33b0effe,True,96178dc9d539f3a14f645e5533dae73b23b5a99b5033cd56e59ad3719c3fc72e,True,graphic_only
plan:d46c3ea4dcad2dd90dda20e0f223b865ed0a57bec1c5f1ee4b2213244752c80e,1CC2AA/1CB338,ATTDEF,0,XXX,annotation,0,{},not_delivered_not_automatically_missing,763aa677454956150ad625b07e55d57dacddc32a3bfe07d748b87b2851359f5f,True,d89d154a4272d92a6f2444b8d5207aa572e35b21fe2dd526895f6fdedf3068f9,True,graphic_only
plan:d48799d9a10402112f6e2b414330223ae02202658a1cfacae59ab74834f119e4,13997C/A2CD,TEXT,0,40,annotation,0,{},not_delivered_not_automatically_missing,ad90386276ffe0d84374caf436835f7253f75c42864f17aa3fedf90a68d6ac4d,True,942dadb4bff9adebe990d7b747f4d36a51533b6bd9ab89f7c2cb7d0f37194544,True,graphic_only
plan:d5039f8d3019fe4510a94c5eb459661ede12f7458e1bca5f392d575241851319,1CC308/1CB33D,WIPEOUT,0,,graphic_only,0,{},not_delivered_not_automatically_missing,3a2d5f688dd5cd9d0e5b186156ccafcc2b401269e3266ac03517b16b40c503f1,True,3727f65bb01b6b52aceb629199172c440ef452b36c95f98cd0f3cd220e5266c6,True,graphic_only
plan:d52bbf3607c72330ef0e6c0815232c1729d7ee11ab1443f6db230cf4230da606,13998D/A79E,LWPOLYLINE,0,,graphic_only,0,{},not_delivered_not_automatically_missing,18584474ade0d571c166e626aed5afc0e0cb1fc589e18d9e9b1a218e75064e1a,True,f44e3d50fac1a8a6a8083c233b54a0a518cec42aa1af2e465830b2b86aac2d05,True,graphic_only
plan:d556e24d8ae8c7f7320d69fcc1a4c49b3b393dd88e59d7982a6152e264d92552,1AEA88/29463,TEXT,0,4',annotation,0,{},not_delivered_not_automatically_missing,372e06ad91acd18e4e7189980b4d3559a12d41dc4b2e944122c1fb5f2047c205,True,ada090ebad6743b77fe4b1dfc1abc1da8c3075b0cd31779dcf95e3546cec87ff,True,mapped
plan:d5c39f5fce3337b1974fd648946611e8928c098fbeb0fd4168855640ff21cdf0,1AEAA8/2945D,LWPOLYLINE,0,,graphic_only,0,{},not_delivered_not_automatically_missing,99b0795cb1b7f362ebdc3e9f47f2ef37ea65f3b3df71aad6339af4b1e5417c6a,True,64997a1219cc5cfd92791346e28288f2c8407ddd59794f17f52e068f93ae8154,True,mapped
plan:d5e9da156735dfddeacf9611c4bac21d4690dd6f6a03201a639756f6387f31d1,1AC878/2942D,TEXT,0,NP7,annotation,0,{},not_delivered_not_automatically_missing,14eccd3bb23da38d82d8f7fdaf541e4cf8b8ee2b76a2bd31e00b1e61e9d8d96e,True,3a414929229b430e4149563d5db0ac09fdb92a08061bbf2c16ace7f648835155,True,mapped
plan:d608ab2599109409f366cb2b40b90df8dca15040e14ad218ee20a1f954a5c665,13998D/A7A1,TEXT,0,3',annotation,0,{},not_delivered_not_automatically_missing,28ce5578a120c30b70375dcf789d0bafd663e5d36488034ae5d19745061203c9,True,f44e3d50fac1a8a6a8083c233b54a0a518cec42aa1af2e465830b2b86aac2d05,True,graphic_only
plan:d655fe5e003bd9a0a96f1cbc5a975146cfaff7feec9c62a10e58c5ac89d7190d,1AEAA0/29462,TEXT,0,NP9,annotation,0,{},not_delivered_not_automatically_missing,84894ff720fad08142b4b5794738d9f03a678c033f0cf0d6c83cb7cf83b64ff1,True,78f719e04319c5332a6e14029518af223cfe8194eca7f8361128a9cdd324aa46,True,mapped
plan:d763bf248bbcd98d1c6134c0c1ea584f3f4d93f468ffe3348efc446cb31d1cd4,1CB380/15AA2F,LINE,CLOSURE,,graphic_only,0,{},not_delivered_not_automatically_missing,46880863446fc900c0c203b0c44969b064dd9a2f2ded052767e452e791146d69,True,4cb89f40269ce17a44fed4986d2e4ec02a101fcd045dc1e95990e2ab09f8982d,True,graphic_only
plan:d7adef60e8fa6dadd3ccc4c54a4fe36a4dac69f0b6aa61a54ad2edbc8786b9c7,1CB380/15AA18,LINE,CLOSURE,,graphic_only,0,{},not_delivered_not_automatically_missing,0fa5ac849bf6c08fa6d00892de317899a328f05328bcbe7d6dd2e877a8ef630d,True,4cb89f40269ce17a44fed4986d2e4ec02a101fcd045dc1e95990e2ab09f8982d,True,graphic_only
plan:d7c005207afebe04733a16eda85413951f8f97d302b27430fefeebda2e452395,1CB380/15AA48,LINE,CLOSURE,,graphic_only,0,{},not_delivered_not_automatically_missing,302cebc9de56f207c372ffe9e5cc41f4db683082cbf8b58834fab696f4f6d00c,True,4cb89f40269ce17a44fed4986d2e4ec02a101fcd045dc1e95990e2ab09f8982d,True,graphic_only
plan:d850ce07aacdf9ac67a5a78077a9655aea51e7216dc02521dd72d84ff41fb2c9,1CB380/15AA63,LINE,CLOSURE,,graphic_only,0,{},not_delivered_not_automatically_missing,ef96a4ad211caa38e9fcd55860584329628d9bec53b5d774c83c9213e48e65b9,True,4cb89f40269ce17a44fed4986d2e4ec02a101fcd045dc1e95990e2ab09f8982d,True,graphic_only
plan:d900ad3a50019ad3c7128938008c95c64e1d34e274f2aaff31e0cd762eec5a91,1BABB4/3E889,HATCH,0,,graphic_only,0,{},not_delivered_not_automatically_missing,0e327c55e27bd9fa28041254f02e175a2404316cc8c4bebc0bdd22ac5075f939,True,b64b56ff340b0b4efc96ea240d6eeb92daedf1bcbc73e13679865063f19505a0,True,mapped
plan:d9154dbe94abc5897cc101fc82059b4a8b9a49a71fbb6970f7f4e1180fb10b7f,1C1157/1436F,LINE,FDT-Info,,graphic_only,0,{},not_delivered_not_automatically_missing,5beea4a35d69875f60b0fe41ffbe493def9a9bce38897e4da79d44d2a95c330a,True,15e44996eaceda97a1cbba7ddf041d5e31dabc9603a87af0179eee05c8f2d271,True,graphic_only
plan:d940235448c0e1f2562215220cdad18cb37bd05b7c8c1ad2ea0953872d6b3ab2,1CB35D/1CB32D,TEXT,0,SLACK CABLE,annotation,0,{},not_delivered_not_automatically_missing,8002d53d1d0d5dfc0d298543a8fee1ffb8d539e0195ac7c292511a25896a01ca,True,ebbfb1aecf3c06457873d7e0f9efeab24109d3e425501d72b1fc7bd72ac4d772,True,graphic_only
plan:d9547ad5c3053e0b55507efe111b4eeb6726cebfc9ddcae042a27c012c84c239,13996C/A297,TEXT,0,40,annotation,0,{},not_delivered_not_automatically_missing,1d43fc05a68b3371bab267b8d2403f1becdeb2077cac3ed7075fda122310d861,True,d623ede8bca98d31596102c97a94e851f696602656011f93c9828b99ef02df58,True,graphic_only
plan:d9881658550d6c43578a41efe3161b832f58d58c4a59300e00a642bbb22871ae,139974/A2B6,LINE,0,,graphic_only,0,{},not_delivered_not_automatically_missing,54bfa75bf67a91708c2044568acd8c77418087f0fe7543ef0b76f44d53554b30,True,29d3e925e6e9b02311eda37c7d666b9e176aec4db6b1fa2b10c4678525494581,True,graphic_only
plan:da0d2c75c9cb2a2fc495f4fcfcf5226da40b8e02f6e27700e55bc0c4c849562f,139985/A793,TEXT,0,4',annotation,0,{},not_delivered_not_automatically_missing,96226bbfa8d9c5b0cfd37b792b0ec6b2dfbbe09d9bac6f6abaf55509016b3ad3,True,96178dc9d539f3a14f645e5533dae73b23b5a99b5033cd56e59ad3719c3fc72e,True,graphic_only
plan:da542dc90c61f1ef110c03cd515961d1458de1ad54463e18d990fcaa94dc86c6,13995C/A26F,ATTDEF,0,144,annotation,0,{},not_delivered_not_automatically_missing,34516bb5f9e4fa4055b91bc79698bf4fc0ecf5b0064da5e82e7f5af9815e416d,True,84b0887d8e284a268b65bbf39a2a3c1eaddec7cb2f52de2339a6622d4154955b,True,graphic_only
plan:dab0f02e92c2b0026661b83ff14fcbf2a0f4df41596e3bfabf40f577d0e97d70,13999D/9261,LWPOLYLINE,0,,graphic_only,0,{},not_delivered_not_automatically_missing,1769d140e11275afb3d5e38f0a01511f82fc6ba2b07f716cb2fa0b34e390a4ed,True,5f8bcca7b4af71312c651a1b71fc7671dfa02bf49be875b342427f115c6a5d63,True,graphic_only
plan:db8f12843662361f32e39dcbe764f45dda965d3923624be4733d303b3f2d99e0,1CB35D/1CB331,TEXT,0,MARKING CABLE,annotation,0,{},not_delivered_not_automatically_missing,20dd9775e63c6c6fe9942e8b3ce246cadbdbbd4f8354b5ed28a7d41551f52fc7,True,ebbfb1aecf3c06457873d7e0f9efeab24109d3e425501d72b1fc7bd72ac4d772,True,graphic_only
plan:dc0e492fddbfe2bfe8f0ac23ab328477b90e4154b7cecd06c85cc042cf0ee563,1CC2AA/1CB328,LWPOLYLINE,0,,graphic_only,0,{},not_delivered_not_automatically_missing,bdb4eefd4528389a9d927491c90ffd47e6130f8af828e33fc08ab3f744528459,True,d89d154a4272d92a6f2444b8d5207aa572e35b21fe2dd526895f6fdedf3068f9,True,graphic_only
plan:dc204b926517d0ef3a26952bf5a986f81726b41671f8fb7a6f00a82a8c113e53,1CB380/15AA46,LINE,CLOSURE,,graphic_only,0,{},not_delivered_not_automatically_missing,a9344591a7d1c46b378de0afe9bbec7494307b51973eca7d695216267d6156e5,True,4cb89f40269ce17a44fed4986d2e4ec02a101fcd045dc1e95990e2ab09f8982d,True,graphic_only
plan:dcd36e48ed7a174ea9bc5aa4189c766f6ad798a18161200f7a42cb604b296aaa,1C9D5D/2942D,TEXT,0,NP7,annotation,0,{},not_delivered_not_automatically_missing,14eccd3bb23da38d82d8f7fdaf541e4cf8b8ee2b76a2bd31e00b1e61e9d8d96e,True,02c34b322a6b2cfb01512d2652deac355e29b3fb4dab778e2b3a3993a0f928a6,True,mapped
plan:dcd63b5cf84c292ddcb681f1c10e216699470bb3f432d75a2f90d76bf89cf0d7,139974/A2B5,LINE,0,,graphic_only,0,{},not_delivered_not_automatically_missing,da92e9208121873534f5250155a5010f9faf3297c9bd6033481aa3d2c3fb06ec,True,29d3e925e6e9b02311eda37c7d666b9e176aec4db6b1fa2b10c4678525494581,True,graphic_only
plan:dd26caa271b802942d473b6fb0389b641bb4e35b6515467bf6742d53ebd14ad9,1CB380/15AA0E,LINE,CLOSURE,,graphic_only,0,{},not_delivered_not_automatically_missing,a5df9f69746edabd8a0a5c18e216bac2b9bde13283cf67af86fbab9cae02c934,True,4cb89f40269ce17a44fed4986d2e4ec02a101fcd045dc1e95990e2ab09f8982d,True,graphic_only
plan:ddaf9af09e658483d47036d231c59a59c1d09a76bfcdba1a9560293e86641bac,1CB380/15AA3C,LINE,CLOSURE,,graphic_only,0,{},not_delivered_not_automatically_missing,9fe4f7d081fc3800a605554a4e141b3fd0b58bbc287edca7424d2d62b25eac1f,True,4cb89f40269ce17a44fed4986d2e4ec02a101fcd045dc1e95990e2ab09f8982d,True,graphic_only
plan:ddb14f3fc1c3d7f4c53c803e236d8fb724e19560febb24ac871a5c8cc953222c,139974/A2BA,TEXT,0,80,annotation,0,{},not_delivered_not_automatically_missing,ab8fd4eebe0d8e2ea2d1be744dbdca462aeaf80cd77fd1539dc7ed74cadf0ca2,True,29d3e925e6e9b02311eda37c7d666b9e176aec4db6b1fa2b10c4678525494581,True,graphic_only
plan:de84ec1286ce1b4387ec34119cc0e0d2c07835e21e196c3f14ff3f8d3e098534,1C1669/14378,ATTDEF,FDT-Info,XXX.XXX.XXXX,annotation,0,{},not_delivered_not_automatically_missing,19f0004312116c1b1098c157e40ec232c4d5e1f1b4d9267674835b38e7061516,True,e7d67f841e308b3c15f4576be64f5433f8cf884d1fbbb90458b2fd83068c5646,True,graphic_only
plan:deb0ff6ed56727d223dbb210bed2e8b9fe100ef045ec376b1809a1aba6dac7c7,1AEAB8/29460,TEXT,0,3',annotation,0,{},not_delivered_not_automatically_missing,ec3b41c69b6ab55d01d156889f033c378036bf6506735d741076b4ee7212f411,True,cc598f4024c50be1a773bf5045679e7f6b889dc02114ede5e20b16fc84cdbb64,True,mapped
plan:ded9a8530ea265a3a007a473794c0d3863b6783596672b35372667def9f620f7,1CB380/15AA42,LINE,CLOSURE,,graphic_only,0,{},not_delivered_not_automatically_missing,9fa06826a67b16f2511283c198ef92c30bb98c52bd83ad62539a84379d0a8bc7,True,4cb89f40269ce17a44fed4986d2e4ec02a101fcd045dc1e95990e2ab09f8982d,True,graphic_only
plan:df8113b22f0aaad73148ec0d67ec79b0585431ff6ceda6cc3d007c5aefeb9f8b,139936/3E887,CIRCLE,0,,graphic_only,0,{},not_delivered_not_automatically_missing,54f8962bcd66168abb0545b269944f6f995ee08b1df4f7124f29d52940607f4f,True,a60d21e1401bf5f72fc421f9d68312a45f3335f773e6b8d468ffe708ff6bfc08,True,graphic_only
plan:dfcf6dec1d01fa4d8a94062ba618d2ca4286a92103f2eacf2746e74551c112ca,1AC878/29434,TEXT,0,FM,annotation,0,{},not_delivered_not_automatically_missing,9aab4291b190201ea0402e960d730e49f5bbc4da4d85368ff5180c7ce150706f,True,3a414929229b430e4149563d5db0ac09fdb92a08061bbf2c16ace7f648835155,True,mapped
plan:e01cf87759a3e9f0a4c72eac587560a928813ee690a931625e851d91a321d44d,13998D/A79D,TEXT,0,NP9,annotation,0,{},not_delivered_not_automatically_missing,0377fa36619ea723e4ca6655119f1d905b8f5763daeb23200af75e4dd0476b27,True,f44e3d50fac1a8a6a8083c233b54a0a518cec42aa1af2e465830b2b86aac2d05,True,graphic_only
plan:e0bded1c8c0ff184d318b953ccb58a02ee13f27b1aadb37fafba4e52574e767f,139985/A78F,TEXT,0,5',annotation,0,{},not_delivered_not_automatically_missing,3d65917c8f74a30a59c27399e29d229ce88b3d7a6cb47b81c0fae5c2e40b687d,True,96178dc9d539f3a14f645e5533dae73b23b5a99b5033cd56e59ad3719c3fc72e,True,graphic_only
plan:e0bfc40b7824b1c5f35b470742d45ca786bb1c65de57d950027a9edfd39691c2,13995C/A269,CIRCLE,0,,graphic_only,0,{},not_delivered_not_automatically_missing,c38185d33acdbdd8567ba9b27a8f1166f4eb7c4ad6e59bd34c28d2c5d942a8e5,True,84b0887d8e284a268b65bbf39a2a3c1eaddec7cb2f52de2339a6622d4154955b,True,graphic_only
plan:e1422c3b5c6a309ec7c896fac29effc18db65b190374ac16c7c26de2d5c3a2ce,1CB380/15AA52,LINE,CLOSURE,,graphic_only,0,{},not_delivered_not_automatically_missing,761c7a4302c8b4c8bc1e9ff4634f3f4c60f6aa292370cc0d0423fb2dd813bed7,True,4cb89f40269ce17a44fed4986d2e4ec02a101fcd045dc1e95990e2ab09f8982d,True,graphic_only
plan:e1743299bb4474f7bfcf30104cce8778e67dd83401833dc4c3e7d54f74f585f4,139974/A2B7,TEXT,0,SH,annotation,0,{},not_delivered_not_automatically_missing,2235e0beefa26426991508e0c05bfcf2844601cba1913e8ae91ba733671585cd,True,29d3e925e6e9b02311eda37c7d666b9e176aec4db6b1fa2b10c4678525494581,True,graphic_only
plan:e19756e2e4b427f5ae072fb61ad9413217035d5252b9cef48e276838c07525df,13997C/A2C2,LINE,0,,graphic_only,0,{},not_delivered_not_automatically_missing,841b614cc07a134aa1ed7e3fabc1bcd7f7680488a1841ff02e89f5a110401e4a,True,942dadb4bff9adebe990d7b747f4d36a51533b6bd9ab89f7c2cb7d0f37194544,True,graphic_only
plan:e199cc35ef52917249367ad25e0a14549be7a5d824379b82b55642cdc2c2e383,1CB35D/1CB328,LWPOLYLINE,0,,graphic_only,0,{},not_delivered_not_automatically_missing,bdb4eefd4528389a9d927491c90ffd47e6130f8af828e33fc08ab3f744528459,True,ebbfb1aecf3c06457873d7e0f9efeab24109d3e425501d72b1fc7bd72ac4d772,True,graphic_only
plan:e1ec6a6fc583f309732f08bfce23592ed20307491773626e2337db8b2df5f644,1C9D75/29432,TEXT,0,5',annotation,0,{},not_delivered_not_automatically_missing,2cce10f1d40375e00adb075afd695f3d432a5597b6049938dbac9b1e6681cca5,True,811df3ce385562ae1d2d726663b24e593fb78c2c6a741e636360f017ec4a54c3,True,mapped
plan:e223e9375f9d64b907cd1c11811a172b3d9b7c1af8be776ef090fdfd8c4e8026,13999D/925F,CIRCLE,0,,graphic_only,0,{},not_delivered_not_automatically_missing,7ccc355f476eb0617d2029888e0d7fb685d836d56ab0fec23981b2fb099fee35,True,5f8bcca7b4af71312c651a1b71fc7671dfa02bf49be875b342427f115c6a5d63,True,graphic_only
plan:e2e9ea531f4955926ac8b4dc45482861c1c6e4cdee40278c7f3705e52a370b45,1CC308/1CB33B,LWPOLYLINE,0,,graphic_only,0,{},not_delivered_not_automatically_missing,72214e34b93cd0263e3a359f1bd327960c353b3513c3fc03ae83bda47fbda21d,True,3727f65bb01b6b52aceb629199172c440ef452b36c95f98cd0f3cd220e5266c6,True,graphic_only
plan:e3131c1aa636e3fc46c2da519b2e32543d2102f6f559785409d897e6d012f63e,13996C/A291,LINE,0,,graphic_only,0,{},not_delivered_not_automatically_missing,624aac8abdba6eb7e5f440a24ea6375e9c2cb1c88794ff3eb12820076de985a2,True,d623ede8bca98d31596102c97a94e851f696602656011f93c9828b99ef02df58,True,graphic_only
plan:e56183a0ce140869323956be87428e1d09ee90399580e250e8bc4cb2ee544fcb,13996C/A28E,TEXT,0,HH,annotation,0,{},not_delivered_not_automatically_missing,848b77e76ad3b052c64444b0dcb1967655064ac5e8bfbb9c4789d52b275a96d3,True,d623ede8bca98d31596102c97a94e851f696602656011f93c9828b99ef02df58,True,graphic_only
plan:e5e844c3e509d966e62ea390bef063776e3284e11e7231c44a8be444c4f82c8a,1CB380/15AA1F,LINE,CLOSURE,,graphic_only,0,{},not_delivered_not_automatically_missing,c3ef5a3e79d28822f4329748e94e59f419ae44322d7691015d732fb69eaff5cb,True,4cb89f40269ce17a44fed4986d2e4ec02a101fcd045dc1e95990e2ab09f8982d,True,graphic_only
plan:e5fa60e7d91a369bb649c7a7a7e72d7c16eda24de4bd70dd3178746bb8bdc4c6,1C1669/14368,LINE,FDT-Info,,graphic_only,0,{},not_delivered_not_automatically_missing,127b4ac4b16dcfdd5c8eef291448f5b83b6cb625e7100e6e36feddfb6f31b8a4,True,e7d67f841e308b3c15f4576be64f5433f8cf884d1fbbb90458b2fd83068c5646,True,graphic_only
plan:e6015e532952e46484a57d9432b680ab64fa0dfb7f98635936f05c273f8e55a8,1399AC/A77F,TEXT,0,3',annotation,0,{},not_delivered_not_automatically_missing,dbebbcbe69c2673b7615d77fb8b0f321ab22448aee487485973785f2362b04c7,True,a951e90c3ce5da49de706b38fd881cce929e3d8885524e1d903b2d3010e8cfcb,True,graphic_only
plan:e635cb5b162f686203eb34a4973391a36685fc5b2be58ce910d21461d21b7418,1CB35D/1CB327,LWPOLYLINE,0,,graphic_only,0,{},not_delivered_not_automatically_missing,8e28e7e28f261aad6f8b4ecb02141432c97d18c4b4468ab29f90b8d05e78bc32,True,ebbfb1aecf3c06457873d7e0f9efeab24109d3e425501d72b1fc7bd72ac4d772,True,graphic_only
plan:e7334036340d43910c126ed3349ff124a195c7d0597af6e0412f50e8dd289389,139924/A29C,LINE,0,,graphic_only,0,{},not_delivered_not_automatically_missing,56724f28a99c4d882b7db8a8dfd5d997d4c585b5846ea91cbb8e38e82e886435,True,fed10fdd19124ae298e1b921b8465babed086f7c4660fb5bfe3467dd76d90478,True,graphic_only
plan:e7b7e67ee1438151fbd47e46009b38632b188884b8a3356763c39281965dd28e,1AEA08/2945F,TEXT,0,5',annotation,0,{},not_delivered_not_automatically_missing,04d52eb8301f35e0cec1ad5a3cb51b4f5e9bec90c9b605ffea41bd9258c5fa26,True,90b49775c7dee9181d0d28d5ef6ab0d8b6103f4e8d4c047110bb96e7ba5b5043,True,mapped
plan:e84ba030a4162da4864375bcdbc5e4e87b092f91703715334f9c2e03d03ffc4f,1C9D85/29435,TEXT,0,NP9,annotation,0,{},not_delivered_not_automatically_missing,20dc07a255b78278011d800be163aef04477b2a3f090e319b0541cc2d022a31f,True,ab57efdbc3456af8ecd8eb83d04623af23077081b87f3a07c9d301cb455b8cd3,True,mapped
plan:e8e61c8ea32a17643557b49985eb20dc3c2d97209bcd18c552270f0ff29c0a85,1CB380/15AA70,LINE,CLOSURE,,graphic_only,0,{},not_delivered_not_automatically_missing,cb8a1d8c67b4a3196688d9bad1c2803d742ce8a85a99157584f26de5d27d9526,True,4cb89f40269ce17a44fed4986d2e4ec02a101fcd045dc1e95990e2ab09f8982d,True,graphic_only
plan:e969a743dfaa41d21dc6750bae222bea554f3ca9a5d4c583e4fbe7fb3ca64bd1,1B3E06/29461,TEXT,0,FM,annotation,0,{},not_delivered_not_automatically_missing,174426606c3f9fceb5236519aabec1cb116307e98d4a518da5beb5cd9fbf5a19,True,1f7cdf5e050176d5467d159bf505f34bb4ef6e7f6e27e34f394b8eac954b08e9,True,mapped
plan:e97826247c0fda3dff856656d3e37809014d6221a73c2d46636edf5e9f57dd91,1C9D6D/2942E,CIRCLE,0,,graphic_only,0,{},not_delivered_not_automatically_missing,e4601f012256728268a62ea3d3ac95731190308da71beffa5ed6b4f676602bcd,True,7dead1ccabaf132f74573be5416c782bedaa8056e9eb151c36c576948a5a760b,True,mapped
plan:ea03c4d83acce537a58337bffeebc9e8fae7e5cfd0ecf433c92791666ae13f3d,1CC2AA/1CB337,ATTDEF,0,XXX,annotation,0,{},not_delivered_not_automatically_missing,e7fde9507fef0e58fd88cff16f30700d650899df1ac5d6c2fd5e351b2606da31,True,d89d154a4272d92a6f2444b8d5207aa572e35b21fe2dd526895f6fdedf3068f9,True,graphic_only
plan:ea0945f7faa77737ffb0402765f8782534658f63063ec57918cd51ea09396ff3,1CB380/15AA2C,LINE,CLOSURE,,graphic_only,0,{},not_delivered_not_automatically_missing,3986f6c7570ec19715c1906b2620af1e8480c9bebbab35414490c9a418f73f11,True,4cb89f40269ce17a44fed4986d2e4ec02a101fcd045dc1e95990e2ab09f8982d,True,graphic_only
plan:ea907b58056fba9d7b5f5c8981c5c6def450d6f61ad765a460bf32f28c210e13,1C9D75/2942D,TEXT,0,NP7,annotation,0,{},not_delivered_not_automatically_missing,14eccd3bb23da38d82d8f7fdaf541e4cf8b8ee2b76a2bd31e00b1e61e9d8d96e,True,811df3ce385562ae1d2d726663b24e593fb78c2c6a741e636360f017ec4a54c3,True,mapped
plan:ea94aa913d9652ed8422d85748c3f1c3f06ce237595ddd1527a08b36755662c2,1CF081/15A95F,ELLIPSE,COIL,,graphic_only,0,{},not_delivered_not_automatically_missing,6acc48300ec149e5b260407aa803cd2f2a3dba4d4252bd8afa81f7ef247ebbb2,True,2c9abf0c5ca0bb91451c7a46e1537abef14bbcc60b4b855e7c2170e7d6a0ea06,True,graphic_only
plan:eb04478e5e71ae96d2d7d030e16933dc00dd062a6d2f36adbab464e493377e86,1AC878/29433,TEXT,0,3',annotation,0,{},not_delivered_not_automatically_missing,791575fe96d3f375c3193aa080f21753a6c411c54c2a6055b9aabb3f470862e2,True,3a414929229b430e4149563d5db0ac09fdb92a08061bbf2c16ace7f648835155,True,mapped
plan:eb90f87fea0d599d09ebc81e83f8828bcd2b209ee9fc10bbdd63e588f8bfd242,13997C/A2C3,LINE,0,,graphic_only,0,{},not_delivered_not_automatically_missing,26812e1df92f8c213979ef7f0e1a5f6706be8698702aa3353ed432bdbbf2f7fa,True,942dadb4bff9adebe990d7b747f4d36a51533b6bd9ab89f7c2cb7d0f37194544,True,graphic_only
plan:ec3a5b3fdfe1fdfd51b28faca44bed8d37f2dd9f537b3ee368e79c274c22b724,13996C/A28B,LINE,0,,graphic_only,0,{},not_delivered_not_automatically_missing,0ecceaf48f0236c0fe48085770d5d0acad3a4314e313898c952b1e81f169a786,True,d623ede8bca98d31596102c97a94e851f696602656011f93c9828b99ef02df58,True,graphic_only
plan:ec5c1e8e081b15481dd2e07fb15a9093f5e576cb9f4caa0cbf51e55a1955739a,1B0564/2945C,TEXT,0,NP9,annotation,0,{},not_delivered_not_automatically_missing,47f68d9c28875dd58c9d13c5fa0d324473a34adbb2996561f872d6dc296b37b5,True,2ca25ec76db11550ba58b4b7ebe22a830da99e09ba155a98d8d65ccbc86b7298,True,mapped
plan:ecfd50a13591529596af23f4ff41ad85223b71ffea21b8377cdbb04c45093333,1AEA00/2945C,TEXT,0,NP9,annotation,0,{},not_delivered_not_automatically_missing,47f68d9c28875dd58c9d13c5fa0d324473a34adbb2996561f872d6dc296b37b5,True,5d87ad88ff55e5f8ba21e84183899154fb305292bc2801461f17f20dcbc93ca1,True,mapped
plan:ed94b72a37ab7d0f93097addd1662a0a361fa99331e83e50e72fe4cf7aba93c0,1CB380/15AA7D,LINE,CLOSURE,,graphic_only,0,{},not_delivered_not_automatically_missing,2844d119c8fd336a74b77b489dd2a823f14dcf44dd5ba39f7e9ba91db8214481,True,4cb89f40269ce17a44fed4986d2e4ec02a101fcd045dc1e95990e2ab09f8982d,True,graphic_only
plan:ee6e215a375ebee135339aceecb3fd7121af9abf91de5359c1f6380aff18ba57,1CB380/15AA2E,LINE,CLOSURE,,graphic_only,0,{},not_delivered_not_automatically_missing,7963a1e35d750d8cc0c690c3aab1ca2e6c6c9ad3e010e52ad833484421e8cac2,True,4cb89f40269ce17a44fed4986d2e4ec02a101fcd045dc1e95990e2ab09f8982d,True,graphic_only
plan:eea8c3a5e3da6b8e1096714ab0d27303bdd50da23478603d1213d9f6afea6527,1CB380/15AA83,LINE,CLOSURE,,graphic_only,0,{},not_delivered_not_automatically_missing,501af90e00cfed0791061bc8271bbc307a571d012cd6d1dca89f7e2bc28efa0e,True,4cb89f40269ce17a44fed4986d2e4ec02a101fcd045dc1e95990e2ab09f8982d,True,graphic_only
plan:eed1fcb84e6e03c6e1b9c63a1e4cd68a5b12047e382fdd2b5057c86e5498dd0b,1B056C/29460,TEXT,0,3',annotation,0,{},not_delivered_not_automatically_missing,ec3b41c69b6ab55d01d156889f033c378036bf6506735d741076b4ee7212f411,True,39d085755b86f1ca0b7ef410829598c42a1e37e603e119497d7045f74531875e,True,mapped
plan:ef6c504fd96d998e40a7edaa79ab0846b5b52171a59b41c51d6b15b65cf83443,139936/3E886,HATCH,0,,graphic_only,0,{},not_delivered_not_automatically_missing,3ec290efc17e185bcf8c110657805dda32078ec88803d4352d38ac8af6ccb39a,True,a60d21e1401bf5f72fc421f9d68312a45f3335f773e6b8d468ffe708ff6bfc08,True,graphic_only
plan:f000c6c7a0a52663c70f2553c2813f1dae8f95c4bea0e4f46f04ec862c8f7bcf,1CB35D/1CB32E,TEXT,0,:,annotation,0,{},not_delivered_not_automatically_missing,c977101097263c9fbc460f5835b2161f2310bc587e2025d598f217c04f5a219a,True,ebbfb1aecf3c06457873d7e0f9efeab24109d3e425501d72b1fc7bd72ac4d772,True,graphic_only
plan:f00e9b17428b8bf3ecf29fc21df1598bedca465a8165522ec6b7ed66c02be0cc,1C984F/29436,TEXT,0,4',annotation,0,{},not_delivered_not_automatically_missing,d3638ef3348b6cb2dc7c918f5f5ce84b83e0bb48a38fa6a58e4de9552cbb37c6,True,5dbff0aa3ab580046fc44b11609edf906d3017f1fe49e086df599b453a38052f,True,mapped
plan:f0297d67f591eae3318bae586c18255c8d63e72f3d3cb95804502a1cfc99057f,1CB380/15AA05,LWPOLYLINE,CLOSURE,,graphic_only,0,{},not_delivered_not_automatically_missing,06c20488718d9224a9f06b80d685da83a04668183c73fc44a75a3de9b881726e,True,4cb89f40269ce17a44fed4986d2e4ec02a101fcd045dc1e95990e2ab09f8982d,True,graphic_only
plan:f0dc9aacd190020c0082fe53cef3b6fbda32bc488439b9196a0c781357ca9fb0,1BABB4/3E884,LWPOLYLINE,0,,graphic_only,0,{},not_delivered_not_automatically_missing,eae582e0da95f4581922e110f342805963d13530be6a5de94ec1c78a5a2acc09,True,b64b56ff340b0b4efc96ea240d6eeb92daedf1bcbc73e13679865063f19505a0,True,mapped
plan:f0e54a5579ac8f16286c4a3dd58162a88df63873bbcda496e9cdd1aa144e6149,1CC2AA/1CB332,TEXT,0,:,annotation,0,{},not_delivered_not_automatically_missing,2142b01e0ee159ec1e7181c75ad5be3cada37f9ba1fd951ee282ac4904efa182,True,d89d154a4272d92a6f2444b8d5207aa572e35b21fe2dd526895f6fdedf3068f9,True,graphic_only
plan:f164a20769f18bf18a8235c701f0ff6e517be394e04e1ccfb2a0e759a41a05ec,1CB380/15AA3D,LINE,CLOSURE,,graphic_only,0,{},not_delivered_not_automatically_missing,73719805a24da312046e02a7957ca0fc559728fa0b421ec99c9cd3900048ea52,True,4cb89f40269ce17a44fed4986d2e4ec02a101fcd045dc1e95990e2ab09f8982d,True,graphic_only
plan:f26b1472fb7b4a40fbf14f17dfa99101d9de30f4e628d26e02c5c8c56d33e24b,1CB380/15AA73,LINE,CLOSURE,,graphic_only,0,{},not_delivered_not_automatically_missing,4ca37baa511fd5fd9ff5478402a6abf24e1f6d8c6000145ecdd99f74cd7e9a15,True,4cb89f40269ce17a44fed4986d2e4ec02a101fcd045dc1e95990e2ab09f8982d,True,graphic_only
plan:f2e3439d038aa196a0f6385207ca964f9bed64ce8b4d0db772fa889f67e4bb51,13998D/A7A3,TEXT,0,NP9,annotation,0,{},not_delivered_not_automatically_missing,ec28bb5893317e672fcf948cacbfbb2942ae3bdf5c732322a8801171dc9765b6,True,f44e3d50fac1a8a6a8083c233b54a0a518cec42aa1af2e465830b2b86aac2d05,True,graphic_only
plan:f399204a2afb8c0bec31a8d9eb3ddde17eedc1788b20e6ba2935c8a0add45c75,1CB380/15AA17,LINE,CLOSURE,,graphic_only,0,{},not_delivered_not_automatically_missing,4bdfffbd540d9640abef8643b3fdc3de2011c3907e08ca22c5021af06227ca43,True,4cb89f40269ce17a44fed4986d2e4ec02a101fcd045dc1e95990e2ab09f8982d,True,graphic_only
plan:f3abaf97be743e11eba187de9fd39208ed53e0ff9d1a1e7409ee53a8ccc5b43e,1CC2AA/1CB336,ATTDEF,0,XXX,annotation,0,{},not_delivered_not_automatically_missing,535beb375b16f3a56ccbb81847b606e9df0344e5a10eb61a0eb30f07dd634a19,True,d89d154a4272d92a6f2444b8d5207aa572e35b21fe2dd526895f6fdedf3068f9,True,graphic_only
plan:f3c41a6197b089d38a456f93d833f7ba93f319e8fedaad18b6f97879bbfecbc1,13998D/A7A2,TEXT,0,FM,annotation,0,{},not_delivered_not_automatically_missing,4145a41b64cf5a82c259246d9178f7f7815bd033b53dfd26f9a971170a2b23f3,True,f44e3d50fac1a8a6a8083c233b54a0a518cec42aa1af2e465830b2b86aac2d05,True,graphic_only
plan:f40a5203a429eb079097316a1ab86461297b2303ca77d9ed0adddf250ce59d6e,1C1157/14374,ATTDEF,FDT-Info,XXX.XXX.XXXX,annotation,0,{},not_delivered_not_automatically_missing,cd5af684d67eb712c8e33ba73a6ae8976bb68d630580999bc5b51ca3c8d257d7,True,15e44996eaceda97a1cbba7ddf041d5e31dabc9603a87af0179eee05c8f2d271,True,graphic_only
plan:f40fbadef03c8b27942199df3576fab39fd3a0d6d71074c4684501aa9b478a18,1CB380/15AA32,LINE,CLOSURE,,graphic_only,0,{},not_delivered_not_automatically_missing,380c54ef3d7d2c43f67bdbcdf0c369c9a809b78bcdafcb3fd306eb53398dee3b,True,4cb89f40269ce17a44fed4986d2e4ec02a101fcd045dc1e95990e2ab09f8982d,True,graphic_only
plan:f44108df3a0064d256b081bd072ed25b5595763d3c18be1588d052f513cad8b1,1AEAB0/29460,TEXT,0,3',annotation,0,{},not_delivered_not_automatically_missing,ec3b41c69b6ab55d01d156889f033c378036bf6506735d741076b4ee7212f411,True,1c53d34e2291a4063fe44233f37280bdd6b674495d256e7e54545f939ab4f734,True,mapped
plan:f4994a31101f11aba5d380fb426cef948646faea887d76ce863783ab2a8f7525,13996C/A292,LINE,0,,graphic_only,0,{},not_delivered_not_automatically_missing,d29036fafb3235dc48349ad5bedfc6501b80d4efbffc79f8876a094b1a1408dc,True,d623ede8bca98d31596102c97a94e851f696602656011f93c9828b99ef02df58,True,graphic_only
plan:f4abe8e6dae6a2eafca39501b950f160d08a4e72cc22de37338c5cfb8af693a6,1CB380/15AA2D,LINE,CLOSURE,,graphic_only,0,{},not_delivered_not_automatically_missing,955c327b9e010a12bd5c508fbf0e34b1272d71059cc16a26305e2c3328c5aa35,True,4cb89f40269ce17a44fed4986d2e4ec02a101fcd045dc1e95990e2ab09f8982d,True,graphic_only
plan:f4b25a0f604673cbf6d7bcf796bf78e964156ddba7e7b5762ff9e711226cc811,1AE9F0/29461,TEXT,0,FM,annotation,0,{},not_delivered_not_automatically_missing,174426606c3f9fceb5236519aabec1cb116307e98d4a518da5beb5cd9fbf5a19,True,53b3567769e4382029a4f9484223a1e9610b9fb0cf84e58a35f461c808b4cd08,True,mapped
plan:f4db89a4d7d5b0246c8862e223856e820c8abb1718fa33c3b57263501d1616e4,13999D/9264,TEXT,0,3',annotation,0,{},not_delivered_not_automatically_missing,725f30c9eee50a97c21dc6cf2b2929c307999f765a95c6e348edc6440bae620b,True,5f8bcca7b4af71312c651a1b71fc7671dfa02bf49be875b342427f115c6a5d63,True,graphic_only
plan:f59a6692fe9794bb5be21b54272d4a0787a2c3e5f58b6315d6f60f176ff93d4a,1AEAB0/2945D,LWPOLYLINE,0,,graphic_only,0,{},not_delivered_not_automatically_missing,99b0795cb1b7f362ebdc3e9f47f2ef37ea65f3b3df71aad6339af4b1e5417c6a,True,1c53d34e2291a4063fe44233f37280bdd6b674495d256e7e54545f939ab4f734,True,mapped
plan:f5ecc5d0a1a6f28c03733106204a259e2841c66b280e5351b1096ad8cb13e7e3,1CB380/15AA6D,LINE,CLOSURE,,graphic_only,0,{},not_delivered_not_automatically_missing,5ff192a58a6ebbf60c93cd738594b89ba21d3aebab9f5a8f8b6af87b97f6c821,True,4cb89f40269ce17a44fed4986d2e4ec02a101fcd045dc1e95990e2ab09f8982d,True,graphic_only
plan:f7a5a42ce4fc2b7475c2727aa5fa265db4b008478e24ad5068fd99ff45c2f9bb,1AEAB0/2945E,LWPOLYLINE,0,,graphic_only,0,{},not_delivered_not_automatically_missing,a50919ba67b3d95ae34559a59cccb10ea42f185d160f49992d14a7ca55d9b640,True,1c53d34e2291a4063fe44233f37280bdd6b674495d256e7e54545f939ab4f734,True,mapped
plan:f7cd940ce99248ed148966fcebf9b5b798548ff7d15d298672545e92c29e203b,1399AC/A781,TEXT,0,NP9,annotation,0,{},not_delivered_not_automatically_missing,ee186cef127f7121442421016c4aeb69dd391c4464c40d7b9cb6cf09146e8f95,True,a951e90c3ce5da49de706b38fd881cce929e3d8885524e1d903b2d3010e8cfcb,True,graphic_only
plan:f81f7298ccb83d6f29517fde8ee59930de54a7a3a258fc05812e8d30044d5a78,1CC2AA/1CB326,LWPOLYLINE,0,,absent_from_canonical_evidence,0,{},expanded_instance_with_definition_and_parents_in_ledger,26bbdfa41fa8bc1f7ab3171f0bb8563efd25eb085ef0e22a4d6687be48e3aeab,True,d89d154a4272d92a6f2444b8d5207aa572e35b21fe2dd526895f6fdedf3068f9,True,graphic_only
plan:f87040599a7b45adfea0ea654c7ffdfd14a578336b0cf27c743eed06e3a85e6d,1399B4/2945B,CIRCLE,0,,graphic_only,0,{},not_delivered_not_automatically_missing,4605561d11f325859d5c89bb2da0871aef73d20a9800276272ca2720cb768575,True,a03d907dadbfecb737a6217b19eb0ea8ace5164f5c8c079c534726af195c9c06,True,graphic_only
plan:f8ebf880405795b457e73087668130b181e3499fbba89591b6732699009808f4,13995C/A265,HATCH,0,,graphic_only,0,{},not_delivered_not_automatically_missing,add3eb4f3686ac384ced556a72fc4d591386e42d89cd57b11f68c27479deb37d,True,84b0887d8e284a268b65bbf39a2a3c1eaddec7cb2f52de2339a6622d4154955b,True,graphic_only
plan:f914df5b670d8a2b3f3d209482196f0a2ced7893afc178ec2a1616c5388cb4aa,1CB380/15AA98,LINE,CLOSURE,,graphic_only,0,{},not_delivered_not_automatically_missing,17b26ed60691cf50d4def1a7215585ceb5c432e69e94b29d94dac0e2ec51ae83,True,4cb89f40269ce17a44fed4986d2e4ec02a101fcd045dc1e95990e2ab09f8982d,True,graphic_only
plan:f94555752f0776fe4be968054516ff2b6ef03d1af583ce667a1c0f26280433c7,1CB380/15AA8C,LINE,CLOSURE,,graphic_only,0,{},not_delivered_not_automatically_missing,18a3eb55f7d89acb5fede8d7f08504d9a5c9d344d0844d4cf34933e8c04ebaa1,True,4cb89f40269ce17a44fed4986d2e4ec02a101fcd045dc1e95990e2ab09f8982d,True,graphic_only
plan:fa4031db9610250e008b2d36b55fccfd59e703e7231c4a50b3e59596e83e0e2e,13992C/A7BE,CIRCLE,0,,graphic_only,0,{},not_delivered_not_automatically_missing,fae0b968932e44674978abdaae085e38610fe32c10447f4406391849a645e7ff,True,f05d18af0064e4911385abb3af86ba054fc73f3619bad3ce34b5682992e46ac3,True,graphic_only
plan:fa80003ae72780fc299397bffe1f5b79f40169e6105f3621f1c961fa4867a840,1AEA98/2945F,TEXT,0,5',annotation,0,{},not_delivered_not_automatically_missing,04d52eb8301f35e0cec1ad5a3cb51b4f5e9bec90c9b605ffea41bd9258c5fa26,True,6d3591e29a9e9033f59ca8401666a07ab45ab905d85d3095b625c291a01d0c2f,True,mapped
plan:fb051b34f82d916ea6bc221654ae45cf9a7957f1dc3f425f321dee3f3bebe872,1CB380/15AA40,LINE,CLOSURE,,graphic_only,0,{},not_delivered_not_automatically_missing,d12f7949c111ec3257d143bb417e915c76008b497a57368e3ad504b41b19fad2,True,4cb89f40269ce17a44fed4986d2e4ec02a101fcd045dc1e95990e2ab09f8982d,True,graphic_only
plan:fb930c316afe08afc6ee7bf83e305b54cff380eb44f615ed98a4698cb8fe4c4b,1CB380/15AA1B,LINE,CLOSURE,,graphic_only,0,{},not_delivered_not_automatically_missing,13262fa5a3c51ad3baec55d450d60c6d8bcbc7a8c4eb8ce43c85baf9fe5dac35,True,4cb89f40269ce17a44fed4986d2e4ec02a101fcd045dc1e95990e2ab09f8982d,True,graphic_only
plan:fbd89a314280cd4e0ecf699d2ba1f6cd169537c9fed76d0004e554d65d9c9aff,1AEAA8/29461,TEXT,0,FM,annotation,0,{},not_delivered_not_automatically_missing,174426606c3f9fceb5236519aabec1cb116307e98d4a518da5beb5cd9fbf5a19,True,64997a1219cc5cfd92791346e28288f2c8407ddd59794f17f52e068f93ae8154,True,mapped
plan:fc461683ad09680d1df646d87d76353e2ae2249e6cf404085879efb65517efef,1399AC/A77E,TEXT,0,5',annotation,0,{},not_delivered_not_automatically_missing,a9acae522bce48087d47669591b1bbe172a314361e5f36e4f6125ba32be3c596,True,a951e90c3ce5da49de706b38fd881cce929e3d8885524e1d903b2d3010e8cfcb,True,graphic_only
plan:fd6438a2b43cddd6ac8640e84db58a7354d53489a8653730b094627def5cab18,1CC308/1CB330,LWPOLYLINE,0,,absent_from_canonical_evidence,0,{},expanded_instance_with_definition_and_parents_in_ledger,c5e2a43086fb9bcb8d12ce547f851732a7dc07a3e276fe6b2d8186e6deddb534,True,3727f65bb01b6b52aceb629199172c440ef452b36c95f98cd0f3cd220e5266c6,True,graphic_only
plan:fdcb24aa3c45f3e4d05c76651d2091c1dc53bb51b6814287e9d939b10cfae56a,1AEA10/2945A,TEXT,0,NP7,annotation,0,{},not_delivered_not_automatically_missing,07c03427faeced9510b9b2358fdd62db08ae16fb581770cb6b0bf8f8aa9e83f3,True,10d5deec89657e8846c3bccdc50c1e66850ed46ff9966bde8aa306a5759e2fdc,True,mapped
plan:fdf9ee7317422ec6d63324efde07efe9f82f3b78d240cd6d5bb84dd5cc096d22,139985/A790,TEXT,0,3',annotation,0,{},not_delivered_not_automatically_missing,5c233dbe8a20707433b61fd6ae905f6689361673171ff6d0cb71b03c65eeae6d,True,96178dc9d539f3a14f645e5533dae73b23b5a99b5033cd56e59ad3719c3fc72e,True,graphic_only
plan:ff399a0e3571e93d7d75c30b900afa33e0d62026cee81449cfa7c4ab119ecb08,13999D/9266,TEXT,0,NP9,annotation,0,{},not_delivered_not_automatically_missing,68279bfa6f401e3d72dd2347bbbf0ecc4320b2df7dd1a589dcde928ef6fe5916,True,5f8bcca7b4af71312c651a1b71fc7671dfa02bf49be875b342427f115c6a5d63,True,graphic_only
plan:ff47fba06d805919d4df3180959741113c203c231d3149337ed2ea5650d2dfcb,1BA661/3E885,LWPOLYLINE,0,,graphic_only,0,{},not_delivered_not_automatically_missing,2e5682bc9dc26c284a11ffae3caa06593221b1646ba92ad83584529a5b293a23,True,660899928965caa433eba48baf187d474a8feab047b86997317e675a5a301188,True,mapped
plan:ffa9eb927f993b36a1e49022c30050fd5edf59bf7261d1070d42aca3ec653543,1CB380/15AA26,LINE,CLOSURE,,graphic_only,0,{},not_delivered_not_automatically_missing,e1354d2be9fb8c50597799ebe5d49e22719fb97e30d6a2feb94b7d2ddc13d21e,True,4cb89f40269ce17a44fed4986d2e4ec02a101fcd045dc1e95990e2ab09f8982d,True,graphic_only
plan:ffe50343317cfc4b8a75688cf7b409177e952449ef6b1701851ce606b0390551,1C1669/1436E,TEXT,FDT-Info,:,annotation,0,{},not_delivered_not_automatically_missing,2cced316ecaa93fdc725884e8a07161dcb41b49c1b266fe8d6bda7f978b5d9bb,True,e7d67f841e308b3c15f4576be64f5433f8cf884d1fbbb90458b2fd83068c5646,True,graphic_only
