fid,CODE,REF_PLAQUE,REGION,PROVINCE,VILLE,COMMUNE,CODE_POSTAL,NUMERO_VOIE,TYPE_VOIE,TYPE_BATIMENT,TYPE_CLIENT,NB_LOC_RES,NB_LOC_PRO,NB_LOC_TOT,RACCORDEMENT,STATUT,NB_ETAGE,COL_MONTANTE,SOUS_SOL,SOUS_SOL_COMMUN,BPE_CODE,X,Y,display_label,label_provenance,source_entity_key,source_handle,source_layer,geometry_role,style_aci,style_truecolor,style_linetype,style_lineweight,style_rotation,style_rotation_deg,style_qgis_rotation_deg,style_render_key,lineage_json,source_cad_length_m,dimension_length_m,source_segment_sum_m,source_native_length_delta_m,delivery_grid_length_m,geodesic_length_m
1,NN-287,,,,,,,,,,,,,,,,,,,,,761741.5360166647,605107.5910457919,NN-287,DWG_DIRECT:text|RULE:AI-IMB-LABEL-001,7008bf0cd481e3504d14814f5675f2a5f0d610c1dcb1c6c5a1662a707b67d62f,17096F,Home Number,SOURCE_HOME_LABEL,6,,BYLAYER,-1,0.0,0.0,0.0,ACI:6|LT:BYLAYER|LW:-1|ROT_QGIS:0.000000000,"[{""operation"":""identity"",""source_entity_key"":""7008bf0cd481e3504d14814f5675f2a5f0d610c1dcb1c6c5a1662a707b67d62f"",""max_displacement_m"":0.0}]",,,,,,
2,NN-397,,,,,,,,,,,,,,,,,,,,,761977.2344755627,604667.8634216068,NN-397,DWG_DIRECT:text|RULE:AI-IMB-LABEL-001,9e7fc1e11bbef8b9af0d11e19add196ab0ce3f8f03ea20959cb9e2e52dd18dfc,170A4B,Home Number,SOURCE_HOME_LABEL,6,,BYLAYER,-1,1.215823391865199,69.66154898715634,290.3384510103467,ACI:6|LT:BYLAYER|LW:-1|ROT_QGIS:290.338451010,"[{""operation"":""identity"",""source_entity_key"":""9e7fc1e11bbef8b9af0d11e19add196ab0ce3f8f03ea20959cb9e2e52dd18dfc"",""max_displacement_m"":0.0}]",,,,,,
3,NN-392,,,,,,,,,,,,,,,,,,,,,761965.3561412595,604724.5056589685,NN-392,DWG_DIRECT:text|RULE:AI-IMB-LABEL-001,84786a5e3b90a5ce2bfa4bb588f743891bb29bff9e2aee837e5e01f304ef118a,170A41,Home Number,SOURCE_HOME_LABEL,6,,BYLAYER,-1,0.0,0.0,0.0,ACI:6|LT:BYLAYER|LW:-1|ROT_QGIS:0.000000000,"[{""operation"":""identity"",""source_entity_key"":""84786a5e3b90a5ce2bfa4bb588f743891bb29bff9e2aee837e5e01f304ef118a"",""max_displacement_m"":0.0}]",,,,,,
4,NN-429,,,,,,,,,,,,,,,,,,,,,762305.3621373771,605504.2259999363,NN-429,DWG_DIRECT:text|RULE:AI-IMB-LABEL-001,1a0883448e6073839a821c0bada54c36d078846a019fd5203b1c8fcc47f8e7e9,188D79,Home Number,SOURCE_HOME_LABEL,6,,BYLAYER,-1,0.0,0.0,0.0,ACI:6|LT:BYLAYER|LW:-1|ROT_QGIS:0.000000000,"[{""operation"":""identity"",""source_entity_key"":""1a0883448e6073839a821c0bada54c36d078846a019fd5203b1c8fcc47f8e7e9"",""max_displacement_m"":0.0}]",,,,,,
5,NN-476,,,,,,,,,,,,,,,,,,,,,762355.6021201563,605790.1555881198,NN-476,DWG_DIRECT:text|RULE:AI-IMB-LABEL-001,fedc75da3a25a8a17632040584f2f92509b2143b8e22f31a22d2693523af64eb,188D95,Home Number,SOURCE_HOME_LABEL,6,,BYLAYER,-1,0.0,0.0,0.0,ACI:6|LT:BYLAYER|LW:-1|ROT_QGIS:0.000000000,"[{""operation"":""identity"",""source_entity_key"":""fedc75da3a25a8a17632040584f2f92509b2143b8e22f31a22d2693523af64eb"",""max_displacement_m"":0.0}]",,,,,,
6,NN-106,,,,,,,,,,,,,,,,,,,,,762132.065804311,605202.8508572096,NN-106,DWG_DIRECT:text|RULE:AI-IMB-LABEL-001,f649e11d51067ebdd7fac68b36d235c408ce16171234541c94466be29782e816,170805,Home Number,SOURCE_HOME_LABEL,6,,BYLAYER,-1,0.0,0.0,0.0,ACI:6|LT:BYLAYER|LW:-1|ROT_QGIS:0.000000000,"[{""operation"":""identity"",""source_entity_key"":""f649e11d51067ebdd7fac68b36d235c408ce16171234541c94466be29782e816"",""max_displacement_m"":0.0}]",,,,,,
7,NN-473,,,,,,,,,,,,,,,,,,,,,762257.4377611778,605950.5492176607,NN-473,DWG_DIRECT:text|RULE:AI-IMB-LABEL-001,5b3e7b4da059c2bc71e5227a0204c8a9c4d4a862955cbb7181af29a49cdd6c79,188DDB,Home Number,SOURCE_HOME_LABEL,6,,BYLAYER,-1,0.0,0.0,0.0,ACI:6|LT:BYLAYER|LW:-1|ROT_QGIS:0.000000000,"[{""operation"":""identity"",""source_entity_key"":""5b3e7b4da059c2bc71e5227a0204c8a9c4d4a862955cbb7181af29a49cdd6c79"",""max_displacement_m"":0.0}]",,,,,,
8,NN-62,,,,,,,,,,,,,,,,,,,,,762298.1139804537,605081.0230924664,NN-62,DWG_DIRECT:text|RULE:AI-IMB-LABEL-001,305e3329801c71e476ad11306673535ea02e6cf6102d78c962e0f1b52924fa81,1707AD,Home Number,SOURCE_HOME_LABEL,6,,BYLAYER,-1,0.0,0.0,0.0,ACI:6|LT:BYLAYER|LW:-1|ROT_QGIS:0.000000000,"[{""operation"":""identity"",""source_entity_key"":""305e3329801c71e476ad11306673535ea02e6cf6102d78c962e0f1b52924fa81"",""max_displacement_m"":0.0}]",,,,,,
9,14,,,,,,,,,,,,,,,,,,,,,762199.5082920828,605448.4472002347,14,DWG_DIRECT:text|RULE:AI-IMB-LABEL-001,30949144b9d06d4a6f8946862694ecce059f29a86c98706cf5f9c29e211116e8,170705,Home Number,SOURCE_HOME_LABEL,6,,BYLAYER,-1,0.0,0.0,0.0,ACI:6|LT:BYLAYER|LW:-1|ROT_QGIS:0.000000000,"[{""operation"":""identity"",""source_entity_key"":""30949144b9d06d4a6f8946862694ecce059f29a86c98706cf5f9c29e211116e8"",""max_displacement_m"":0.0}]",,,,,,
10,NN-316,,,,,,,,,,,,,,,,,,,,,761685.00182756,605044.5229979147,NN-316,DWG_DIRECT:text|RULE:AI-IMB-LABEL-001,6eb58d6faf3f77814be240bdb7fa174e45ecf74dcc4d5726a0716550b17423fc,1709A9,Home Number,SOURCE_HOME_LABEL,6,,BYLAYER,-1,0.0,0.0,0.0,ACI:6|LT:BYLAYER|LW:-1|ROT_QGIS:0.000000000,"[{""operation"":""identity"",""source_entity_key"":""6eb58d6faf3f77814be240bdb7fa174e45ecf74dcc4d5726a0716550b17423fc"",""max_displacement_m"":0.0}]",,,,,,
11,NN-447,,,,,,,,,,,,,,,,,,,,,762347.5013077912,605755.7852293694,NN-447,DWG_DIRECT:text|RULE:AI-IMB-LABEL-001,e970b8fc0fd153a73abeef86a5aa06ed8f72a756e2e43fb54b4302a1b9da7508,188D91,Home Number,SOURCE_HOME_LABEL,6,,BYLAYER,-1,0.0,0.0,0.0,ACI:6|LT:BYLAYER|LW:-1|ROT_QGIS:0.000000000,"[{""operation"":""identity"",""source_entity_key"":""e970b8fc0fd153a73abeef86a5aa06ed8f72a756e2e43fb54b4302a1b9da7508"",""max_displacement_m"":0.0}]",,,,,,
12,NN-281,,,,,,,,,,,,,,,,,,,,,761767.698716983,605147.0093409474,NN-281,DWG_DIRECT:text|RULE:AI-IMB-LABEL-001,66ef132dc13e888afc98d328c8c13fba6b5a3dca634cf8b7af3b58b2c05f4b6a,170963,Home Number,SOURCE_HOME_LABEL,6,,BYLAYER,-1,0.0,0.0,0.0,ACI:6|LT:BYLAYER|LW:-1|ROT_QGIS:0.000000000,"[{""operation"":""identity"",""source_entity_key"":""66ef132dc13e888afc98d328c8c13fba6b5a3dca634cf8b7af3b58b2c05f4b6a"",""max_displacement_m"":0.0}]",,,,,,
13,NN-246,,,,,,,,,,,,,,,,,,,,,761412.2421288491,605310.0132121103,NN-246,DWG_DIRECT:text|RULE:AI-IMB-LABEL-001,09d68acbcd0aa4ae9da306d5906f657215bb3b4826c5b9300a2f7f1a6c518b1e,17091D,Home Number,SOURCE_HOME_LABEL,6,,BYLAYER,-1,0.0,0.0,0.0,ACI:6|LT:BYLAYER|LW:-1|ROT_QGIS:0.000000000,"[{""operation"":""identity"",""source_entity_key"":""09d68acbcd0aa4ae9da306d5906f657215bb3b4826c5b9300a2f7f1a6c518b1e"",""max_displacement_m"":0.0}]",,,,,,
14,NN-415,,,,,,,,,,,,,,,,,,,,,762257.588558816,604879.9310442307,NN-415,DWG_DIRECT:text|RULE:AI-IMB-LABEL-001,30f6424587ff988d301c4c5c1c7d2b2349c8c8f9ca88c6660d5e25d3eb1c4575,170A6F,Home Number,SOURCE_HOME_LABEL,6,,BYLAYER,-1,4.71238898038469,270.0,90.0,ACI:6|LT:BYLAYER|LW:-1|ROT_QGIS:90.000000000,"[{""operation"":""identity"",""source_entity_key"":""30f6424587ff988d301c4c5c1c7d2b2349c8c8f9ca88c6660d5e25d3eb1c4575"",""max_displacement_m"":0.0}]",,,,,,
15,NN-466,,,,,,,,,,,,,,,,,,,,,762287.6143351287,605855.0334277555,NN-466,DWG_DIRECT:text|RULE:AI-IMB-LABEL-001,fe6e2250dcb171f8c067b547b43eac9b75fdab662b9beb34cd1f071cf97a1cef,188DB7,Home Number,SOURCE_HOME_LABEL,6,,BYLAYER,-1,0.0,0.0,0.0,ACI:6|LT:BYLAYER|LW:-1|ROT_QGIS:0.000000000,"[{""operation"":""identity"",""source_entity_key"":""fe6e2250dcb171f8c067b547b43eac9b75fdab662b9beb34cd1f071cf97a1cef"",""max_displacement_m"":0.0}]",,,,,,
16,NN-259,,,,,,,,,,,,,,,,,,,,,761315.9682577256,605393.0651368926,NN-259,DWG_DIRECT:text|RULE:AI-IMB-LABEL-001,59e811c86f63a18c5f91e37490551887ae9d13fb56dcf0e3e9e1279f81253df8,170937,Home Number,SOURCE_HOME_LABEL,6,,BYLAYER,-1,0.0,0.0,0.0,ACI:6|LT:BYLAYER|LW:-1|ROT_QGIS:0.000000000,"[{""operation"":""identity"",""source_entity_key"":""59e811c86f63a18c5f91e37490551887ae9d13fb56dcf0e3e9e1279f81253df8"",""max_displacement_m"":0.0}]",,,,,,
17,NN-411,,,,,,,,,,,,,,,,,,,,,762238.8235569778,604879.4727090228,NN-411,DWG_DIRECT:text|RULE:AI-IMB-LABEL-001,b43f17a362fe754981a0d138a43e6dbf56f538aadc6c296880d652cd6d56d998,170A67,Home Number,SOURCE_HOME_LABEL,6,,BYLAYER,-1,4.71238898038469,270.0,90.0,ACI:6|LT:BYLAYER|LW:-1|ROT_QGIS:90.000000000,"[{""operation"":""identity"",""source_entity_key"":""b43f17a362fe754981a0d138a43e6dbf56f538aadc6c296880d652cd6d56d998"",""max_displacement_m"":0.0}]",,,,,,
18,NN-91,,,,,,,,,,,,,,,,,,,,,762097.4190666367,605078.8688627522,NN-91,DWG_DIRECT:text|RULE:AI-IMB-LABEL-001,a1a14878b381b30bdea6627f2fd011cdfdb17491f752b59a8c3326962131313c,1707E7,Home Number,SOURCE_HOME_LABEL,6,,BYLAYER,-1,0.0,0.0,0.0,ACI:6|LT:BYLAYER|LW:-1|ROT_QGIS:0.000000000,"[{""operation"":""identity"",""source_entity_key"":""a1a14878b381b30bdea6627f2fd011cdfdb17491f752b59a8c3326962131313c"",""max_displacement_m"":0.0}]",,,,,,
19,NN-313,,,,,,,,,,,,,,,,,,,,,761686.7706696817,605008.8543318412,NN-313,DWG_DIRECT:text|RULE:AI-IMB-LABEL-001,dd3630a1340cdb09ef618ef1d1c133d1a38a64d12f3742e15e65f5dfd66a21f8,1709A3,Home Number,SOURCE_HOME_LABEL,6,,BYLAYER,-1,0.0,0.0,0.0,ACI:6|LT:BYLAYER|LW:-1|ROT_QGIS:0.000000000,"[{""operation"":""identity"",""source_entity_key"":""dd3630a1340cdb09ef618ef1d1c133d1a38a64d12f3742e15e65f5dfd66a21f8"",""max_displacement_m"":0.0}]",,,,,,
20,NN-185,,,,,,,,,,,,,,,,,,,,,762026.3724526423,605526.455907364,NN-185,DWG_DIRECT:text|RULE:AI-IMB-LABEL-001,3b8cf4d925e636201e85e6dd811a66f690fdd63f09e7a7a0e8f3b0976ba5e59b,1708A3,Home Number,SOURCE_HOME_LABEL,6,,BYLAYER,-1,0.0,0.0,0.0,ACI:6|LT:BYLAYER|LW:-1|ROT_QGIS:0.000000000,"[{""operation"":""identity"",""source_entity_key"":""3b8cf4d925e636201e85e6dd811a66f690fdd63f09e7a7a0e8f3b0976ba5e59b"",""max_displacement_m"":0.0}]",,,,,,
21,NN-405,,,,,,,,,,,,,,,,,,,,,762193.9251144595,604880.0169758722,NN-405,DWG_DIRECT:text|RULE:AI-IMB-LABEL-001,b2e558b49f30c86384c84676786970904279ce300ec8a18e3ff9c3c0990355d4,170A5B,Home Number,SOURCE_HOME_LABEL,6,,BYLAYER,-1,4.71238898038469,270.0,90.0,ACI:6|LT:BYLAYER|LW:-1|ROT_QGIS:90.000000000,"[{""operation"":""identity"",""source_entity_key"":""b2e558b49f30c86384c84676786970904279ce300ec8a18e3ff9c3c0990355d4"",""max_displacement_m"":0.0}]",,,,,,
22,NN-67,,,,,,,,,,,,,,,,,,,,,762383.0676887672,605040.1991418633,NN-67,DWG_DIRECT:text|RULE:AI-IMB-LABEL-001,0569ecd013d8d8266f471a98cb20ed02dd79e8225c3dc4c830a6d0c003e3b99a,1707B7,Home Number,SOURCE_HOME_LABEL,6,,BYLAYER,-1,0.0,0.0,0.0,ACI:6|LT:BYLAYER|LW:-1|ROT_QGIS:0.000000000,"[{""operation"":""identity"",""source_entity_key"":""0569ecd013d8d8266f471a98cb20ed02dd79e8225c3dc4c830a6d0c003e3b99a"",""max_displacement_m"":0.0}]",,,,,,
23,NN-153,,,,,,,,,,,,,,,,,,,,,762197.9688047052,605554.8125636778,NN-153,DWG_DIRECT:text|RULE:AI-IMB-LABEL-001,4e3e5aa11c9a1b5d546b4a986e40750114166e6c260e355baf1c585ce3bdf669,170863,Home Number,SOURCE_HOME_LABEL,6,,BYLAYER,-1,0.0,0.0,0.0,ACI:6|LT:BYLAYER|LW:-1|ROT_QGIS:0.000000000,"[{""operation"":""identity"",""source_entity_key"":""4e3e5aa11c9a1b5d546b4a986e40750114166e6c260e355baf1c585ce3bdf669"",""max_displacement_m"":0.0}]",,,,,,
24,NN-459,,,,,,,,,,,,,,,,,,,,,762296.196024747,605809.5410465797,NN-459,DWG_DIRECT:text|RULE:AI-IMB-LABEL-001,5ff7fcd1a440a10538094e748f9203d814ea43d324ac277da1425cbfd0cdce53,188DBF,Home Number,SOURCE_HOME_LABEL,6,,BYLAYER,-1,0.0,0.0,0.0,ACI:6|LT:BYLAYER|LW:-1|ROT_QGIS:0.000000000,"[{""operation"":""identity"",""source_entity_key"":""5ff7fcd1a440a10538094e748f9203d814ea43d324ac277da1425cbfd0cdce53"",""max_displacement_m"":0.0}]",,,,,,
25,NN-154,,,,,,,,,,,,,,,,,,,,,762194.8502342446,605524.3457005079,NN-154,DWG_DIRECT:text|RULE:AI-IMB-LABEL-001,aec54b5e3810ab5fc5572e5f1245aaf6c1e70bc1cf3d8edff3917737f3fc1d07,170865,Home Number,SOURCE_HOME_LABEL,6,,BYLAYER,-1,0.0,0.0,0.0,ACI:6|LT:BYLAYER|LW:-1|ROT_QGIS:0.000000000,"[{""operation"":""identity"",""source_entity_key"":""aec54b5e3810ab5fc5572e5f1245aaf6c1e70bc1cf3d8edff3917737f3fc1d07"",""max_displacement_m"":0.0}]",,,,,,
26,NN-183,,,,,,,,,,,,,,,,,,,,,762064.2180995235,605531.5604909731,NN-183,DWG_DIRECT:text|RULE:AI-IMB-LABEL-001,2a95e12b8f488275242aaffa67e2ef49566ea0d9550d805aee597f692a5754ea,17089F,Home Number,SOURCE_HOME_LABEL,6,,BYLAYER,-1,0.0,0.0,0.0,ACI:6|LT:BYLAYER|LW:-1|ROT_QGIS:0.000000000,"[{""operation"":""identity"",""source_entity_key"":""2a95e12b8f488275242aaffa67e2ef49566ea0d9550d805aee597f692a5754ea"",""max_displacement_m"":0.0}]",,,,,,
27,NN-346,,,,,,,,,,,,,,,,,,,,,762098.9542116442,604901.7554112326,NN-346,DWG_DIRECT:text|RULE:AI-IMB-LABEL-001,6303250309a37a1cb76b586f60760e3d405f7b510dc312202d97157db55a2452,1709E5,Home Number,SOURCE_HOME_LABEL,6,,BYLAYER,-1,0.0,0.0,0.0,ACI:6|LT:BYLAYER|LW:-1|ROT_QGIS:0.000000000,"[{""operation"":""identity"",""source_entity_key"":""6303250309a37a1cb76b586f60760e3d405f7b510dc312202d97157db55a2452"",""max_displacement_m"":0.0}]",,,,,,
28,NN-100,,,,,,,,,,,,,,,,,,,,,762142.4874215234,605173.5747530658,NN-100,DWG_DIRECT:text|RULE:AI-IMB-LABEL-001,0ba5e973071393559ca5cc9c06ac10a3388d5f292096f4076a3ca2a9cb48badb,1707F9,Home Number,SOURCE_HOME_LABEL,6,,BYLAYER,-1,0.0,0.0,0.0,ACI:6|LT:BYLAYER|LW:-1|ROT_QGIS:0.000000000,"[{""operation"":""identity"",""source_entity_key"":""0ba5e973071393559ca5cc9c06ac10a3388d5f292096f4076a3ca2a9cb48badb"",""max_displacement_m"":0.0}]",,,,,,
29,NN-295,,,,,,,,,,,,,,,,,,,,,761739.3362976891,604957.1283748666,NN-295,DWG_DIRECT:text|RULE:AI-IMB-LABEL-001,ff70573304ccff7df4e544f95e9589088fded98680ff2c15b3559099289131e8,17097F,Home Number,SOURCE_HOME_LABEL,6,,BYLAYER,-1,0.0,0.0,0.0,ACI:6|LT:BYLAYER|LW:-1|ROT_QGIS:0.000000000,"[{""operation"":""identity"",""source_entity_key"":""ff70573304ccff7df4e544f95e9589088fded98680ff2c15b3559099289131e8"",""max_displacement_m"":0.0}]",,,,,,
30,NN-110,,,,,,,,,,,,,,,,,,,,,762104.6619470458,605207.4484765375,NN-110,DWG_DIRECT:text|RULE:AI-IMB-LABEL-001,0ffb2d65993c60ebeb64b80db5b9369b0d9d1e18214d0c07e729b20b8c1f5153,17080D,Home Number,SOURCE_HOME_LABEL,6,,BYLAYER,-1,0.0,0.0,0.0,ACI:6|LT:BYLAYER|LW:-1|ROT_QGIS:0.000000000,"[{""operation"":""identity"",""source_entity_key"":""0ffb2d65993c60ebeb64b80db5b9369b0d9d1e18214d0c07e729b20b8c1f5153"",""max_displacement_m"":0.0}]",,,,,,
31,NN-336,,,,,,,,,,,,,,,,,,,,,761918.9404014123,604948.2987938551,NN-336,DWG_DIRECT:text|RULE:AI-IMB-LABEL-001,e13ec2e16ff2de3c36c10964bb177a5261c929c447d0cb3b0fd749d1c5699d2c,1709D1,Home Number,SOURCE_HOME_LABEL,6,,BYLAYER,-1,0.0,0.0,0.0,ACI:6|LT:BYLAYER|LW:-1|ROT_QGIS:0.000000000,"[{""operation"":""identity"",""source_entity_key"":""e13ec2e16ff2de3c36c10964bb177a5261c929c447d0cb3b0fd749d1c5699d2c"",""max_displacement_m"":0.0}]",,,,,,
32,1,,,,,,,,,,,,,,,,,,,,,761668.3839782815,604940.5250385122,1,DWG_DIRECT:text|RULE:AI-IMB-LABEL-001,f9a5788e525faf18dbcec98807c970cb32cbbcdeb9ccc37c019ca340eb923afb,1706E3,Home Number,SOURCE_HOME_LABEL,6,,BYLAYER,-1,0.0,0.0,0.0,ACI:6|LT:BYLAYER|LW:-1|ROT_QGIS:0.000000000,"[{""operation"":""identity"",""source_entity_key"":""f9a5788e525faf18dbcec98807c970cb32cbbcdeb9ccc37c019ca340eb923afb"",""max_displacement_m"":0.0}]",,,,,,
33,NN-342,,,,,,,,,,,,,,,,,,,,,762006.5419049002,604912.4561620061,NN-342,DWG_DIRECT:text|RULE:AI-IMB-LABEL-001,44f0ce412cfe6918a24478d49e9632bbc8b268001e6828a6d21538c790e7dcf4,1709DD,Home Number,SOURCE_HOME_LABEL,6,,BYLAYER,-1,0.0,0.0,0.0,ACI:6|LT:BYLAYER|LW:-1|ROT_QGIS:0.000000000,"[{""operation"":""identity"",""source_entity_key"":""44f0ce412cfe6918a24478d49e9632bbc8b268001e6828a6d21538c790e7dcf4"",""max_displacement_m"":0.0}]",,,,,,
34,NN-269,,,,,,,,,,,,,,,,,,,,,761550.2860524484,605010.7509298491,NN-269,DWG_DIRECT:text|RULE:AI-IMB-LABEL-001,06b9c39d11b02d2f7cf1c8b373285a0b81faca775c3fad6e9c096e89305ad3b6,17094B,Home Number,SOURCE_HOME_LABEL,6,,BYLAYER,-1,0.0,0.0,0.0,ACI:6|LT:BYLAYER|LW:-1|ROT_QGIS:0.000000000,"[{""operation"":""identity"",""source_entity_key"":""06b9c39d11b02d2f7cf1c8b373285a0b81faca775c3fad6e9c096e89305ad3b6"",""max_displacement_m"":0.0}]",,,,,,
35,NN-179,,,,,,,,,,,,,,,,,,,,,762074.4672137578,605576.7220890385,NN-179,DWG_DIRECT:text|RULE:AI-IMB-LABEL-001,934a42d61d0ef0a3f5f0c2e8cd5b765ec356812011e55afece3e7b6fd80ff5c6,170897,Home Number,SOURCE_HOME_LABEL,6,,BYLAYER,-1,0.0,0.0,0.0,ACI:6|LT:BYLAYER|LW:-1|ROT_QGIS:0.000000000,"[{""operation"":""identity"",""source_entity_key"":""934a42d61d0ef0a3f5f0c2e8cd5b765ec356812011e55afece3e7b6fd80ff5c6"",""max_displacement_m"":0.0}]",,,,,,
36,14,,,,,,,,,,,,,,,,,,,,,762161.6793001249,605538.0580697785,14,DWG_DIRECT:text|RULE:AI-IMB-LABEL-001,d5570a285207aadf19acc8207c22bf7a9970cb59672ab65d028ccafd3ef149ec,170707,Home Number,SOURCE_HOME_LABEL,6,,BYLAYER,-1,0.0,0.0,0.0,ACI:6|LT:BYLAYER|LW:-1|ROT_QGIS:0.000000000,"[{""operation"":""identity"",""source_entity_key"":""d5570a285207aadf19acc8207c22bf7a9970cb59672ab65d028ccafd3ef149ec"",""max_displacement_m"":0.0}]",,,,,,
37,NN-206,,,,,,,,,,,,,,,,,,,,,761260.1157342582,605415.0653780587,NN-206,DWG_DIRECT:text|RULE:AI-IMB-LABEL-001,d86f2cd8b11d4a4d29f1755de8ce335bde50dfd85a8f0dbf021d6393013a1308,1708CD,Home Number,SOURCE_HOME_LABEL,6,,BYLAYER,-1,0.0,0.0,0.0,ACI:6|LT:BYLAYER|LW:-1|ROT_QGIS:0.000000000,"[{""operation"":""identity"",""source_entity_key"":""d86f2cd8b11d4a4d29f1755de8ce335bde50dfd85a8f0dbf021d6393013a1308"",""max_displacement_m"":0.0}]",,,,,,
38,NN-222,,,,,,,,,,,,,,,,,,,,,761454.3216277538,605183.5102290766,NN-222,DWG_DIRECT:text|RULE:AI-IMB-LABEL-001,729aacf99643e61b0cbb2d3c2968cb1bab3440080599d853a09750ec31c6f3dc,1708ED,Home Number,SOURCE_HOME_LABEL,6,,BYLAYER,-1,1.1687906747155585,66.96677279544936,293.0332272017765,ACI:6|LT:BYLAYER|LW:-1|ROT_QGIS:293.033227202,"[{""operation"":""identity"",""source_entity_key"":""729aacf99643e61b0cbb2d3c2968cb1bab3440080599d853a09750ec31c6f3dc"",""max_displacement_m"":0.0}]",,,,,,
39,NN-471,,,,,,,,,,,,,,,,,,,,,762223.1086433384,605937.4081035999,NN-471,DWG_DIRECT:text|RULE:AI-IMB-LABEL-001,b97d4bbe12e91e90a27f63e5a26ccd51618fa557ca4479c1af87d7ffda2b3c5c,188DD7,Home Number,SOURCE_HOME_LABEL,6,,BYLAYER,-1,0.0,0.0,0.0,ACI:6|LT:BYLAYER|LW:-1|ROT_QGIS:0.000000000,"[{""operation"":""identity"",""source_entity_key"":""b97d4bbe12e91e90a27f63e5a26ccd51618fa557ca4479c1af87d7ffda2b3c5c"",""max_displacement_m"":0.0}]",,,,,,
40,NN-145,,,,,,,,,,,,,,,,,,,,,762249.4807768494,605565.0808219309,NN-145,DWG_DIRECT:text|RULE:AI-IMB-LABEL-001,e37780d4f8fb8028666db4e621ad0a744c797a2811cea8684d5637a1203f2229,170853,Home Number,SOURCE_HOME_LABEL,6,,BYLAYER,-1,0.0,0.0,0.0,ACI:6|LT:BYLAYER|LW:-1|ROT_QGIS:0.000000000,"[{""operation"":""identity"",""source_entity_key"":""e37780d4f8fb8028666db4e621ad0a744c797a2811cea8684d5637a1203f2229"",""max_displacement_m"":0.0}]",,,,,,
41,NN-84,,,,,,,,,,,,,,,,,,,,,762135.9761605578,605064.2648946857,NN-84,DWG_DIRECT:text|RULE:AI-IMB-LABEL-001,c5d6b136c8b803fb6fe8a27fcdf50ee86e27fcbe17bc7fe07fbcf3defb2955da,1707D9,Home Number,SOURCE_HOME_LABEL,6,,BYLAYER,-1,0.0,0.0,0.0,ACI:6|LT:BYLAYER|LW:-1|ROT_QGIS:0.000000000,"[{""operation"":""identity"",""source_entity_key"":""c5d6b136c8b803fb6fe8a27fcdf50ee86e27fcbe17bc7fe07fbcf3defb2955da"",""max_displacement_m"":0.0}]",,,,,,
42,NN-341,,,,,,,,,,,,,,,,,,,,,761998.7645211447,604893.3470051173,NN-341,DWG_DIRECT:text|RULE:AI-IMB-LABEL-001,379105ac4d59e607979d245a201438be969b54d41fc68140eb7cf68acb5e00d5,1709DB,Home Number,SOURCE_HOME_LABEL,6,,BYLAYER,-1,0.0,0.0,0.0,ACI:6|LT:BYLAYER|LW:-1|ROT_QGIS:0.000000000,"[{""operation"":""identity"",""source_entity_key"":""379105ac4d59e607979d245a201438be969b54d41fc68140eb7cf68acb5e00d5"",""max_displacement_m"":0.0}]",,,,,,
43,NN-448,,,,,,,,,,,,,,,,,,,,,762305.762768375,605686.552269792,NN-448,DWG_DIRECT:text|RULE:AI-IMB-LABEL-001,868a15a5e7468235f972033f4eeb27dffd3dc89c578669b9bfc331635eafd9a9,188DA1,Home Number,SOURCE_HOME_LABEL,6,,BYLAYER,-1,0.0,0.0,0.0,ACI:6|LT:BYLAYER|LW:-1|ROT_QGIS:0.000000000,"[{""operation"":""identity"",""source_entity_key"":""868a15a5e7468235f972033f4eeb27dffd3dc89c578669b9bfc331635eafd9a9"",""max_displacement_m"":0.0}]",,,,,,
44,NN-131,,,,,,,,,,,,,,,,,,,,,762049.7941255011,605489.3112399072,NN-131,DWG_DIRECT:text|RULE:AI-IMB-LABEL-001,afa572ac7a6bc3f4dd517f6cd95a04330558e592cf941340483f0f62d59037ad,170837,Home Number,SOURCE_HOME_LABEL,6,,BYLAYER,-1,0.0,0.0,0.0,ACI:6|LT:BYLAYER|LW:-1|ROT_QGIS:0.000000000,"[{""operation"":""identity"",""source_entity_key"":""afa572ac7a6bc3f4dd517f6cd95a04330558e592cf941340483f0f62d59037ad"",""max_displacement_m"":0.0}]",,,,,,
45,NN-434,,,,,,,,,,,,,,,,,,,,,762342.1660510955,605666.5581245804,NN-434,DWG_DIRECT:text|RULE:AI-IMB-LABEL-001,5a5dcd69d7b6f80e837b6109beea70bc2f2b13ce52ee22d65c98e97bd7be46d5,188D87,Home Number,SOURCE_HOME_LABEL,6,,BYLAYER,-1,0.0,0.0,0.0,ACI:6|LT:BYLAYER|LW:-1|ROT_QGIS:0.000000000,"[{""operation"":""identity"",""source_entity_key"":""5a5dcd69d7b6f80e837b6109beea70bc2f2b13ce52ee22d65c98e97bd7be46d5"",""max_displacement_m"":0.0}]",,,,,,
46,NN-242,,,,,,,,,,,,,,,,,,,,,761439.8378000669,605291.4116964998,NN-242,DWG_DIRECT:text|RULE:AI-IMB-LABEL-001,c5724c9177dc25fb59b9483456268aad99e5c69e810ac0fac3421567a3565ade,170915,Home Number,SOURCE_HOME_LABEL,6,,BYLAYER,-1,0.0,0.0,0.0,ACI:6|LT:BYLAYER|LW:-1|ROT_QGIS:0.000000000,"[{""operation"":""identity"",""source_entity_key"":""c5724c9177dc25fb59b9483456268aad99e5c69e810ac0fac3421567a3565ade"",""max_displacement_m"":0.0}]",,,,,,
47,NN-39,,,,,,,,,,,,,,,,,,,,,762379.8365184232,604902.4798946555,NN-39,DWG_DIRECT:text|RULE:AI-IMB-LABEL-001,054e0fedb4659d9efd7714ced7fb20b2e4120c7d2079e3b0640e797b0e3370b2,17077F,Home Number,SOURCE_HOME_LABEL,6,,BYLAYER,-1,0.0,0.0,0.0,ACI:6|LT:BYLAYER|LW:-1|ROT_QGIS:0.000000000,"[{""operation"":""identity"",""source_entity_key"":""054e0fedb4659d9efd7714ced7fb20b2e4120c7d2079e3b0640e797b0e3370b2"",""max_displacement_m"":0.0}]",,,,,,
48,NN-90,,,,,,,,,,,,,,,,,,,,,762114.0493858253,605074.4678134089,NN-90,DWG_DIRECT:text|RULE:AI-IMB-LABEL-001,6bd808d0189caad9c69434591b533813fef555e8526b499d37b275a2873037b0,1707E5,Home Number,SOURCE_HOME_LABEL,6,,BYLAYER,-1,0.0,0.0,0.0,ACI:6|LT:BYLAYER|LW:-1|ROT_QGIS:0.000000000,"[{""operation"":""identity"",""source_entity_key"":""6bd808d0189caad9c69434591b533813fef555e8526b499d37b275a2873037b0"",""max_displacement_m"":0.0}]",,,,,,
49,NN-119,,,,,,,,,,,,,,,,,,,,,762046.3784301727,605298.8661506381,NN-119,DWG_DIRECT:text|RULE:AI-IMB-LABEL-001,a21c3f49ce0ca513e0a310c8c115feedbc8d2232ac23acf0e3711f2b3742b18e,17081F,Home Number,SOURCE_HOME_LABEL,6,,BYLAYER,-1,0.0,0.0,0.0,ACI:6|LT:BYLAYER|LW:-1|ROT_QGIS:0.000000000,"[{""operation"":""identity"",""source_entity_key"":""a21c3f49ce0ca513e0a310c8c115feedbc8d2232ac23acf0e3711f2b3742b18e"",""max_displacement_m"":0.0}]",,,,,,
50,34,,,,,,,,,,,,,,,,,,,,,762111.307116756,605623.1834765744,34,DWG_DIRECT:text|RULE:AI-IMB-LABEL-001,efbc3fb5e596c0547a5c66951038ce52e0ead28dfa9143ea979e74805c1abd36,17072F,Home Number,SOURCE_HOME_LABEL,6,,BYLAYER,-1,0.0,0.0,0.0,ACI:6|LT:BYLAYER|LW:-1|ROT_QGIS:0.000000000,"[{""operation"":""identity"",""source_entity_key"":""efbc3fb5e596c0547a5c66951038ce52e0ead28dfa9143ea979e74805c1abd36"",""max_displacement_m"":0.0}]",,,,,,
51,NN-274,,,,,,,,,,,,,,,,,,,,,761821.0151247015,605133.5649759249,NN-274,DWG_DIRECT:text|RULE:AI-IMB-LABEL-001,3fac8c9102f69ed555c150282dd90694e61d3165bcfe0b4b641ad88286317c20,170955,Home Number,SOURCE_HOME_LABEL,6,,BYLAYER,-1,0.0,0.0,0.0,ACI:6|LT:BYLAYER|LW:-1|ROT_QGIS:0.000000000,"[{""operation"":""identity"",""source_entity_key"":""3fac8c9102f69ed555c150282dd90694e61d3165bcfe0b4b641ad88286317c20"",""max_displacement_m"":0.0}]",,,,,,
52,NN-276,,,,,,,,,,,,,,,,,,,,,761788.0849801538,605141.7687359515,NN-276,DWG_DIRECT:text|RULE:AI-IMB-LABEL-001,8683db395ded9d99c6310483f8388475c4c8a7f48a2c624cdaee8efda47b2e3f,170959,Home Number,SOURCE_HOME_LABEL,6,,BYLAYER,-1,0.0,0.0,0.0,ACI:6|LT:BYLAYER|LW:-1|ROT_QGIS:0.000000000,"[{""operation"":""identity"",""source_entity_key"":""8683db395ded9d99c6310483f8388475c4c8a7f48a2c624cdaee8efda47b2e3f"",""max_displacement_m"":0.0}]",,,,,,
53,NN-227,,,,,,,,,,,,,,,,,,,,,761383.8623917619,605232.83115945,NN-227,DWG_DIRECT:text|RULE:AI-IMB-LABEL-001,ac2bb63aacd3ab68286cf2deb17cd87c59fe03efed0a71ae6a75fea46bc8490e,1708F7,Home Number,SOURCE_HOME_LABEL,6,,BYLAYER,-1,0.0,0.0,0.0,ACI:6|LT:BYLAYER|LW:-1|ROT_QGIS:0.000000000,"[{""operation"":""identity"",""source_entity_key"":""ac2bb63aacd3ab68286cf2deb17cd87c59fe03efed0a71ae6a75fea46bc8490e"",""max_displacement_m"":0.0}]",,,,,,
54,2,,,,,,,,,,,,,,,,,,,,,762139.5495981594,605537.8465176296,2,DWG_DIRECT:text|RULE:AI-IMB-LABEL-001,bbed7f8669cf677088cd4872f0d9c6fbdf39c318655d7e9dfde94547ddbf3397,1706E7,Home Number,SOURCE_HOME_LABEL,6,,BYLAYER,-1,0.0,0.0,0.0,ACI:6|LT:BYLAYER|LW:-1|ROT_QGIS:0.000000000,"[{""operation"":""identity"",""source_entity_key"":""bbed7f8669cf677088cd4872f0d9c6fbdf39c318655d7e9dfde94547ddbf3397"",""max_displacement_m"":0.0}]",,,,,,
55,NN-168,,,,,,,,,,,,,,,,,,,,,762121.7369274974,605660.8088544111,NN-168,DWG_DIRECT:text|RULE:AI-IMB-LABEL-001,7fe783b90c3fea8c12ed5a32890e40d53a7262b94ac672a7d63a77bb0b8d7d21,170881,Home Number,SOURCE_HOME_LABEL,6,,BYLAYER,-1,0.0,0.0,0.0,ACI:6|LT:BYLAYER|LW:-1|ROT_QGIS:0.000000000,"[{""operation"":""identity"",""source_entity_key"":""7fe783b90c3fea8c12ed5a32890e40d53a7262b94ac672a7d63a77bb0b8d7d21"",""max_displacement_m"":0.0}]",,,,,,
56,NN-367,,,,,,,,,,,,,,,,,,,,,761774.8817931522,604873.3718936695,NN-367,DWG_DIRECT:text|RULE:AI-IMB-LABEL-001,4c8e450f560ff043cb6b6ebf36066cb83e263350ea1086f488422b719597a25f,170A0F,Home Number,SOURCE_HOME_LABEL,6,,BYLAYER,-1,0.0,0.0,0.0,ACI:6|LT:BYLAYER|LW:-1|ROT_QGIS:0.000000000,"[{""operation"":""identity"",""source_entity_key"":""4c8e450f560ff043cb6b6ebf36066cb83e263350ea1086f488422b719597a25f"",""max_displacement_m"":0.0}]",,,,,,
57,NN-428,,,,,,,,,,,,,,,,,,,,,762276.8523027888,605468.7790978694,NN-428,DWG_DIRECT:text|RULE:AI-IMB-LABEL-001,fdd67af2f8993321d460fdfa4477045037e1a943bc5f0d3bfa06a25ab73ec616,188D83,Home Number,SOURCE_HOME_LABEL,6,,BYLAYER,-1,0.0,0.0,0.0,ACI:6|LT:BYLAYER|LW:-1|ROT_QGIS:0.000000000,"[{""operation"":""identity"",""source_entity_key"":""fdd67af2f8993321d460fdfa4477045037e1a943bc5f0d3bfa06a25ab73ec616"",""max_displacement_m"":0.0}]",,,,,,
58,NN-384,,,,,,,,,,,,,,,,,,,,,761984.506837563,604844.5800099316,NN-384,DWG_DIRECT:text|RULE:AI-IMB-LABEL-001,8211f23b3cdb9089531683f3e96fbff34ce132a8f5961dbfbd7a5429828764e8,170A31,Home Number,SOURCE_HOME_LABEL,6,,BYLAYER,-1,0.0,0.0,0.0,ACI:6|LT:BYLAYER|LW:-1|ROT_QGIS:0.000000000,"[{""operation"":""identity"",""source_entity_key"":""8211f23b3cdb9089531683f3e96fbff34ce132a8f5961dbfbd7a5429828764e8"",""max_displacement_m"":0.0}]",,,,,,
59,NN-7,,,,,,,,,,,,,,,,,,,,,761958.754400838,605748.1894929637,NN-7,DWG_DIRECT:text|RULE:AI-IMB-LABEL-001,6c4d607f8f9fd0530878dc885c775566cf12cdac812bff8bf9ee45402a6e0192,17073F,Home Number,SOURCE_HOME_LABEL,6,,BYLAYER,-1,0.0,0.0,0.0,ACI:6|LT:BYLAYER|LW:-1|ROT_QGIS:0.000000000,"[{""operation"":""identity"",""source_entity_key"":""6c4d607f8f9fd0530878dc885c775566cf12cdac812bff8bf9ee45402a6e0192"",""max_displacement_m"":0.0}]",,,,,,
60,NN-149,,,,,,,,,,,,,,,,,,,,,762214.207136153,605535.8275707476,NN-149,DWG_DIRECT:text|RULE:AI-IMB-LABEL-001,217f0d89c900a0e7bf1fd2cfff2f5d3ae7604e5d4211e89218e36cce05ee9e47,17085B,Home Number,SOURCE_HOME_LABEL,6,,BYLAYER,-1,0.0,0.0,0.0,ACI:6|LT:BYLAYER|LW:-1|ROT_QGIS:0.000000000,"[{""operation"":""identity"",""source_entity_key"":""217f0d89c900a0e7bf1fd2cfff2f5d3ae7604e5d4211e89218e36cce05ee9e47"",""max_displacement_m"":0.0}]",,,,,,
61,NN-46,,,,,,,,,,,,,,,,,,,,,762345.3462375969,604980.6894368547,NN-46,DWG_DIRECT:text|RULE:AI-IMB-LABEL-001,0f098aa6743f2e59acc013fc4f432c40526e18f898d4e4959f18b8ec30902e09,17078D,Home Number,SOURCE_HOME_LABEL,6,,BYLAYER,-1,0.0,0.0,0.0,ACI:6|LT:BYLAYER|LW:-1|ROT_QGIS:0.000000000,"[{""operation"":""identity"",""source_entity_key"":""0f098aa6743f2e59acc013fc4f432c40526e18f898d4e4959f18b8ec30902e09"",""max_displacement_m"":0.0}]",,,,,,
62,6,,,,,,,,,,,,,,,,,,,,,761468.802203682,605145.1751052944,6,DWG_DIRECT:text|RULE:AI-IMB-LABEL-001,2082f3a8a04813a7e7dd29dbd6fd060ba62afb89ec9cef31669067dc95ac6e4e,1706F3,Home Number,SOURCE_HOME_LABEL,6,,BYLAYER,-1,0.0,0.0,0.0,ACI:6|LT:BYLAYER|LW:-1|ROT_QGIS:0.000000000,"[{""operation"":""identity"",""source_entity_key"":""2082f3a8a04813a7e7dd29dbd6fd060ba62afb89ec9cef31669067dc95ac6e4e"",""max_displacement_m"":0.0}]",,,,,,
63,NN-360,,,,,,,,,,,,,,,,,,,,,761669.0857346525,604956.8675923462,NN-360,DWG_DIRECT:text|RULE:AI-IMB-LABEL-001,b4cb346960e58e88668a3033692f362d05b6bc3c67fe9cc95935a0a9a321bc69,170A01,Home Number,SOURCE_HOME_LABEL,6,,BYLAYER,-1,1.283572491566835,73.54328646587109,286.45671353161066,ACI:6|LT:BYLAYER|LW:-1|ROT_QGIS:286.456713532,"[{""operation"":""identity"",""source_entity_key"":""b4cb346960e58e88668a3033692f362d05b6bc3c67fe9cc95935a0a9a321bc69"",""max_displacement_m"":0.0}]",,,,,,
64,NN-54,,,,,,,,,,,,,,,,,,,,,762284.6473176054,604995.3133789103,NN-54,DWG_DIRECT:text|RULE:AI-IMB-LABEL-001,b800f84c1d858d5dcd95f7cbe36ba302d8571e090f68b0459bf703cfe130ca92,17079D,Home Number,SOURCE_HOME_LABEL,6,,BYLAYER,-1,0.0,0.0,0.0,ACI:6|LT:BYLAYER|LW:-1|ROT_QGIS:0.000000000,"[{""operation"":""identity"",""source_entity_key"":""b800f84c1d858d5dcd95f7cbe36ba302d8571e090f68b0459bf703cfe130ca92"",""max_displacement_m"":0.0}]",,,,,,
65,NN-135,,,,,,,,,,,,,,,,,,,,,762067.7128911626,605474.2911848875,NN-135,DWG_DIRECT:text|RULE:AI-IMB-LABEL-001,bfcf349db0343ea7df092af9c15391146252dd5e79a53a0e6158428b3f913b6f,17083F,Home Number,SOURCE_HOME_LABEL,6,,BYLAYER,-1,0.0,0.0,0.0,ACI:6|LT:BYLAYER|LW:-1|ROT_QGIS:0.000000000,"[{""operation"":""identity"",""source_entity_key"":""bfcf349db0343ea7df092af9c15391146252dd5e79a53a0e6158428b3f913b6f"",""max_displacement_m"":0.0}]",,,,,,
66,NN-75,,,,,,,,,,,,,,,,,,,,,762253.7434825746,605053.4422825166,NN-75,DWG_DIRECT:text|RULE:AI-IMB-LABEL-001,73e33d1988c74eef607390e93b5e2dc6bc6727e35efc46439464437f8e00f6cb,1707C7,Home Number,SOURCE_HOME_LABEL,6,,BYLAYER,-1,0.0,0.0,0.0,ACI:6|LT:BYLAYER|LW:-1|ROT_QGIS:0.000000000,"[{""operation"":""identity"",""source_entity_key"":""73e33d1988c74eef607390e93b5e2dc6bc6727e35efc46439464437f8e00f6cb"",""max_displacement_m"":0.0}]",,,,,,
67,NN-343,,,,,,,,,,,,,,,,,,,,,762016.5053184936,604926.1836210693,NN-343,DWG_DIRECT:text|RULE:AI-IMB-LABEL-001,e474bc16f6a52b83021c8fad1bcf65dcc8c50ee4f25570c6ce5332928b696d24,1709DF,Home Number,SOURCE_HOME_LABEL,6,,BYLAYER,-1,0.0,0.0,0.0,ACI:6|LT:BYLAYER|LW:-1|ROT_QGIS:0.000000000,"[{""operation"":""identity"",""source_entity_key"":""e474bc16f6a52b83021c8fad1bcf65dcc8c50ee4f25570c6ce5332928b696d24"",""max_displacement_m"":0.0}]",,,,,,
68,31,,,,,,,,,,,,,,,,,,,,,762156.6324215566,605597.3111257359,31,DWG_DIRECT:text|RULE:AI-IMB-LABEL-001,537a8a05a61030a9a22073f059258987c52b69732ef2c006a79e55913a6a004e,170729,Home Number,SOURCE_HOME_LABEL,6,,BYLAYER,-1,0.0,0.0,0.0,ACI:6|LT:BYLAYER|LW:-1|ROT_QGIS:0.000000000,"[{""operation"":""identity"",""source_entity_key"":""537a8a05a61030a9a22073f059258987c52b69732ef2c006a79e55913a6a004e"",""max_displacement_m"":0.0}]",,,,,,
69,NN-232,,,,,,,,,,,,,,,,,,,,,761468.0932626772,605221.6111280895,NN-232,DWG_DIRECT:text|RULE:AI-IMB-LABEL-001,29a58158796c842e3e91ef8ddff9dbc4eb848b3c71e430325a312ba145b1713c,170901,Home Number,SOURCE_HOME_LABEL,6,,BYLAYER,-1,1.1311925293027842,64.81255774577824,295.18744225535374,ACI:6|LT:BYLAYER|LW:-1|ROT_QGIS:295.187442255,"[{""operation"":""identity"",""source_entity_key"":""29a58158796c842e3e91ef8ddff9dbc4eb848b3c71e430325a312ba145b1713c"",""max_displacement_m"":0.0}]",,,,,,
70,NN-317,,,,,,,,,,,,,,,,,,,,,761734.8619827924,605065.0758974327,NN-317,DWG_DIRECT:text|RULE:AI-IMB-LABEL-001,9975bb30e7738cf3a6d1abdf37c7fcc8b266de471939c08368432f446635e384,1709AB,Home Number,SOURCE_HOME_LABEL,6,,BYLAYER,-1,0.0,0.0,0.0,ACI:6|LT:BYLAYER|LW:-1|ROT_QGIS:0.000000000,"[{""operation"":""identity"",""source_entity_key"":""9975bb30e7738cf3a6d1abdf37c7fcc8b266de471939c08368432f446635e384"",""max_displacement_m"":0.0}]",,,,,,
71,NN-210,,,,,,,,,,,,,,,,,,,,,762018.7516393157,604683.894729967,NN-210,DWG_DIRECT:text|RULE:AI-IMB-LABEL-001,3a1f8bba52eb03b2822680772636d140683407a9c3c9276abea981561ff32218,1708D5,Home Number,SOURCE_HOME_LABEL,6,,BYLAYER,-1,0.0,0.0,0.0,ACI:6|LT:BYLAYER|LW:-1|ROT_QGIS:0.000000000,"[{""operation"":""identity"",""source_entity_key"":""3a1f8bba52eb03b2822680772636d140683407a9c3c9276abea981561ff32218"",""max_displacement_m"":0.0}]",,,,,,
72,NN-65,,,,,,,,,,,,,,,,,,,,,762412.1418601839,605039.4334580059,NN-65,DWG_DIRECT:text|RULE:AI-IMB-LABEL-001,11ebd214551c0c0e51764842c0d1fe5b515f7e4edb558bd03a6a067fd183b166,1707B3,Home Number,SOURCE_HOME_LABEL,6,,BYLAYER,-1,0.0,0.0,0.0,ACI:6|LT:BYLAYER|LW:-1|ROT_QGIS:0.000000000,"[{""operation"":""identity"",""source_entity_key"":""11ebd214551c0c0e51764842c0d1fe5b515f7e4edb558bd03a6a067fd183b166"",""max_displacement_m"":0.0}]",,,,,,
73,NN-40,,,,,,,,,,,,,,,,,,,,,762393.9826631281,604904.476315565,NN-40,DWG_DIRECT:text|RULE:AI-IMB-LABEL-001,c535e2d2a75bb56513a57185b43d6d6db54d11e97453a89a9c94090db9a45b96,170781,Home Number,SOURCE_HOME_LABEL,6,,BYLAYER,-1,0.0,0.0,0.0,ACI:6|LT:BYLAYER|LW:-1|ROT_QGIS:0.000000000,"[{""operation"":""identity"",""source_entity_key"":""c535e2d2a75bb56513a57185b43d6d6db54d11e97453a89a9c94090db9a45b96"",""max_displacement_m"":0.0}]",,,,,,
74,NN-217,,,,,,,,,,,,,,,,,,,,,761514.4864727185,605124.3343325817,NN-217,DWG_DIRECT:text|RULE:AI-IMB-LABEL-001,592106ea18df51a927d6c9805d5a97d9de5311027dd7b9027dc26c6d05f26d9c,1708E3,Home Number,SOURCE_HOME_LABEL,6,,BYLAYER,-1,0.0,0.0,0.0,ACI:6|LT:BYLAYER|LW:-1|ROT_QGIS:0.000000000,"[{""operation"":""identity"",""source_entity_key"":""592106ea18df51a927d6c9805d5a97d9de5311027dd7b9027dc26c6d05f26d9c"",""max_displacement_m"":0.0}]",,,,,,
75,NN-88,,,,,,,,,,,,,,,,,,,,,762101.6033217699,605098.7151451719,NN-88,DWG_DIRECT:text|RULE:AI-IMB-LABEL-001,3eef358dd4d2b7683c72b4a9f046a7396329d594874e1dd985866e19afe34e82,1707E1,Home Number,SOURCE_HOME_LABEL,6,,BYLAYER,-1,0.0,0.0,0.0,ACI:6|LT:BYLAYER|LW:-1|ROT_QGIS:0.000000000,"[{""operation"":""identity"",""source_entity_key"":""3eef358dd4d2b7683c72b4a9f046a7396329d594874e1dd985866e19afe34e82"",""max_displacement_m"":0.0}]",,,,,,
76,2,,,,,,,,,,,,,,,,,,,,,761967.6335277841,605668.5338982989,2,DWG_DIRECT:text|RULE:AI-IMB-LABEL-001,195ceae922192ed3cb4dea783ebc83739ac81fe9e1bac3b3ad3e6a43c9a97e18,1706E5,Home Number,SOURCE_HOME_LABEL,6,,BYLAYER,-1,0.0,0.0,0.0,ACI:6|LT:BYLAYER|LW:-1|ROT_QGIS:0.000000000,"[{""operation"":""identity"",""source_entity_key"":""195ceae922192ed3cb4dea783ebc83739ac81fe9e1bac3b3ad3e6a43c9a97e18"",""max_displacement_m"":0.0}]",,,,,,
77,NN-136,,,,,,,,,,,,,,,,,,,,,762066.3296062432,605459.447285919,NN-136,DWG_DIRECT:text|RULE:AI-IMB-LABEL-001,45ce976a09f7f1177f4287fb12f32d45cb31d6657e015941185986833a9aef46,170841,Home Number,SOURCE_HOME_LABEL,6,,BYLAYER,-1,0.0,0.0,0.0,ACI:6|LT:BYLAYER|LW:-1|ROT_QGIS:0.000000000,"[{""operation"":""identity"",""source_entity_key"":""45ce976a09f7f1177f4287fb12f32d45cb31d6657e015941185986833a9aef46"",""max_displacement_m"":0.0}]",,,,,,
78,NN-296,,,,,,,,,,,,,,,,,,,,,761748.1948718892,604946.6737630019,NN-296,DWG_DIRECT:text|RULE:AI-IMB-LABEL-001,66687ca7426a80b1edec0998bc42c622fc3d80fd36a7f1a270143d5fcd3fe705,170981,Home Number,SOURCE_HOME_LABEL,6,,BYLAYER,-1,0.0,0.0,0.0,ACI:6|LT:BYLAYER|LW:-1|ROT_QGIS:0.000000000,"[{""operation"":""identity"",""source_entity_key"":""66687ca7426a80b1edec0998bc42c622fc3d80fd36a7f1a270143d5fcd3fe705"",""max_displacement_m"":0.0}]",,,,,,
79,NN-387,,,,,,,,,,,,,,,,,,,,,761978.299370252,604798.6439188682,NN-387,DWG_DIRECT:text|RULE:AI-IMB-LABEL-001,7f7dcc3fbfa465f2f7f34599f8dbce28d04cf65abe09d27aa7b9c75ade9cb2dc,170A37,Home Number,SOURCE_HOME_LABEL,6,,BYLAYER,-1,0.0,0.0,0.0,ACI:6|LT:BYLAYER|LW:-1|ROT_QGIS:0.000000000,"[{""operation"":""identity"",""source_entity_key"":""7f7dcc3fbfa465f2f7f34599f8dbce28d04cf65abe09d27aa7b9c75ade9cb2dc"",""max_displacement_m"":0.0}]",,,,,,
80,NN-453,,,,,,,,,,,,,,,,,,,,,762248.2038995826,605724.1809014921,NN-453,DWG_DIRECT:text|RULE:AI-IMB-LABEL-001,50756098692a7ee3f46a86d74942482ca3c83e1c030ed91f9f4b39abcbcbf6a6,188DAF,Home Number,SOURCE_HOME_LABEL,6,,BYLAYER,-1,0.0,0.0,0.0,ACI:6|LT:BYLAYER|LW:-1|ROT_QGIS:0.000000000,"[{""operation"":""identity"",""source_entity_key"":""50756098692a7ee3f46a86d74942482ca3c83e1c030ed91f9f4b39abcbcbf6a6"",""max_displacement_m"":0.0}]",,,,,,
81,36,,,,,,,,,,,,,,,,,,,,,762111.7618675132,605638.6807079675,36,DWG_DIRECT:text|RULE:AI-IMB-LABEL-001,1041f16b8dc9f7c8b142f4060d3fb7cb9345769c8a725fc28348a37aa844861d,170731,Home Number,SOURCE_HOME_LABEL,6,,BYLAYER,-1,0.0,0.0,0.0,ACI:6|LT:BYLAYER|LW:-1|ROT_QGIS:0.000000000,"[{""operation"":""identity"",""source_entity_key"":""1041f16b8dc9f7c8b142f4060d3fb7cb9345769c8a725fc28348a37aa844861d"",""max_displacement_m"":0.0}]",,,,,,
82,NN-340,,,,,,,,,,,,,,,,,,,,,761974.7993462591,604890.1848716224,NN-340,DWG_DIRECT:text|RULE:AI-IMB-LABEL-001,97a3f9fb44decb1c172bf27ca302dbfeb9915753eb7bb796943365b6e0ae6c14,1709D9,Home Number,SOURCE_HOME_LABEL,6,,BYLAYER,-1,0.0,0.0,0.0,ACI:6|LT:BYLAYER|LW:-1|ROT_QGIS:0.000000000,"[{""operation"":""identity"",""source_entity_key"":""97a3f9fb44decb1c172bf27ca302dbfeb9915753eb7bb796943365b6e0ae6c14"",""max_displacement_m"":0.0}]",,,,,,
83,NN-339,,,,,,,,,,,,,,,,,,,,,761858.0080287243,604900.673509286,NN-339,DWG_DIRECT:text|RULE:AI-IMB-LABEL-001,ccf09d813b2152eac23c23f309c6abc01360065d9ff220a17fa1ea3a38d332db,1709D7,Home Number,SOURCE_HOME_LABEL,6,,BYLAYER,-1,0.0,0.0,0.0,ACI:6|LT:BYLAYER|LW:-1|ROT_QGIS:0.000000000,"[{""operation"":""identity"",""source_entity_key"":""ccf09d813b2152eac23c23f309c6abc01360065d9ff220a17fa1ea3a38d332db"",""max_displacement_m"":0.0}]",,,,,,
84,NN-228,,,,,,,,,,,,,,,,,,,,,761469.9990614976,605201.2288227002,NN-228,DWG_DIRECT:text|RULE:AI-IMB-LABEL-001,6a6d141ab4a870ce15c74a3468e4542a36c8a515cd5696557abc11f0428b7393,1708F9,Home Number,SOURCE_HOME_LABEL,6,,BYLAYER,-1,0.0,0.0,0.0,ACI:6|LT:BYLAYER|LW:-1|ROT_QGIS:0.000000000,"[{""operation"":""identity"",""source_entity_key"":""6a6d141ab4a870ce15c74a3468e4542a36c8a515cd5696557abc11f0428b7393"",""max_displacement_m"":0.0}]",,,,,,
85,NN-329,,,,,,,,,,,,,,,,,,,,,761931.9727309262,604887.8532685714,NN-329,DWG_DIRECT:text|RULE:AI-IMB-LABEL-001,a14c719178ecfcc06706ce126d6dc21ebb24bb46d7358956d67ac302b5e04477,1709C3,Home Number,SOURCE_HOME_LABEL,6,,BYLAYER,-1,0.0,0.0,0.0,ACI:6|LT:BYLAYER|LW:-1|ROT_QGIS:0.000000000,"[{""operation"":""identity"",""source_entity_key"":""a14c719178ecfcc06706ce126d6dc21ebb24bb46d7358956d67ac302b5e04477"",""max_displacement_m"":0.0}]",,,,,,
86,NN-353,,,,,,,,,,,,,,,,,,,,,761982.6666735894,604913.1017216475,NN-353,DWG_DIRECT:text|RULE:AI-IMB-LABEL-001,89bf22abc196b799b05a5b6e40d2eb96417c013bd7b3743aacd23f251affd705,1709F3,Home Number,SOURCE_HOME_LABEL,6,,BYLAYER,-1,0.0,0.0,0.0,ACI:6|LT:BYLAYER|LW:-1|ROT_QGIS:0.000000000,"[{""operation"":""identity"",""source_entity_key"":""89bf22abc196b799b05a5b6e40d2eb96417c013bd7b3743aacd23f251affd705"",""max_displacement_m"":0.0}]",,,,,,
87,NN-5,,,,,,,,,,,,,,,,,,,,,761934.1255047579,605754.2214543818,NN-5,DWG_DIRECT:text|RULE:AI-IMB-LABEL-001,d29b3b49550fc89e84c6141b48a12af234740881e2106b85c98236065846ffc9,17073B,Home Number,SOURCE_HOME_LABEL,6,,BYLAYER,-1,0.0,0.0,0.0,ACI:6|LT:BYLAYER|LW:-1|ROT_QGIS:0.000000000,"[{""operation"":""identity"",""source_entity_key"":""d29b3b49550fc89e84c6141b48a12af234740881e2106b85c98236065846ffc9"",""max_displacement_m"":0.0}]",,,,,,
88,NN-48,,,,,,,,,,,,,,,,,,,,,762318.8896996578,605014.7084376708,NN-48,DWG_DIRECT:text|RULE:AI-IMB-LABEL-001,73f03096f4a59991253b29f28fa7a9f0cb354a852bbebc685c79f8b9f574d2a6,170791,Home Number,SOURCE_HOME_LABEL,6,,BYLAYER,-1,0.0,0.0,0.0,ACI:6|LT:BYLAYER|LW:-1|ROT_QGIS:0.000000000,"[{""operation"":""identity"",""source_entity_key"":""73f03096f4a59991253b29f28fa7a9f0cb354a852bbebc685c79f8b9f574d2a6"",""max_displacement_m"":0.0}]",,,,,,
89,NN-462,,,,,,,,,,,,,,,,,,,,,762239.6141369535,605806.1444708,NN-462,DWG_DIRECT:text|RULE:AI-IMB-LABEL-001,bce01cae082faa2be7ed7bf36680de0bc6eb9ef1d518471d324d4a5adebd1228,188DC3,Home Number,SOURCE_HOME_LABEL,6,,BYLAYER,-1,0.0,0.0,0.0,ACI:6|LT:BYLAYER|LW:-1|ROT_QGIS:0.000000000,"[{""operation"":""identity"",""source_entity_key"":""bce01cae082faa2be7ed7bf36680de0bc6eb9ef1d518471d324d4a5adebd1228"",""max_displacement_m"":0.0}]",,,,,,
90,NN-286,,,,,,,,,,,,,,,,,,,,,761723.563138137,605111.3174601491,NN-286,DWG_DIRECT:text|RULE:AI-IMB-LABEL-001,611ea8c07a3549547fccc96120a94ebeb20fa6905162b9b2bbf0b33d47849d3c,17096D,Home Number,SOURCE_HOME_LABEL,6,,BYLAYER,-1,0.0,0.0,0.0,ACI:6|LT:BYLAYER|LW:-1|ROT_QGIS:0.000000000,"[{""operation"":""identity"",""source_entity_key"":""611ea8c07a3549547fccc96120a94ebeb20fa6905162b9b2bbf0b33d47849d3c"",""max_displacement_m"":0.0}]",,,,,,
91,NN-235,,,,,,,,,,,,,,,,,,,,,761428.8799698569,605239.2094045081,NN-235,DWG_DIRECT:text|RULE:AI-IMB-LABEL-001,ab8c5fb7c2cef0df9bc7c62ae2613132251da3d2a681e0b13658f9af3a2a7300,170907,Home Number,SOURCE_HOME_LABEL,6,,BYLAYER,-1,0.0,0.0,0.0,ACI:6|LT:BYLAYER|LW:-1|ROT_QGIS:0.000000000,"[{""operation"":""identity"",""source_entity_key"":""ab8c5fb7c2cef0df9bc7c62ae2613132251da3d2a681e0b13658f9af3a2a7300"",""max_displacement_m"":0.0}]",,,,,,
92,NN-176,,,,,,,,,,,,,,,,,,,,,762089.8124283004,605605.4453621834,NN-176,DWG_DIRECT:text|RULE:AI-IMB-LABEL-001,cb71403508e6b1a064776260298012fae3c9b268e9ad045bfac9d049ac39d2b7,170891,Home Number,SOURCE_HOME_LABEL,6,,BYLAYER,-1,0.0,0.0,0.0,ACI:6|LT:BYLAYER|LW:-1|ROT_QGIS:0.000000000,"[{""operation"":""identity"",""source_entity_key"":""cb71403508e6b1a064776260298012fae3c9b268e9ad045bfac9d049ac39d2b7"",""max_displacement_m"":0.0}]",,,,,,
93,NN-96,,,,,,,,,,,,,,,,,,,,,762264.7146243327,605090.1722459112,NN-96,DWG_DIRECT:text|RULE:AI-IMB-LABEL-001,6f4948db3342d79d26d09dee162c907886c61149c6dc08e923e14605584201d9,1707F1,Home Number,SOURCE_HOME_LABEL,6,,BYLAYER,-1,0.0,0.0,0.0,ACI:6|LT:BYLAYER|LW:-1|ROT_QGIS:0.000000000,"[{""operation"":""identity"",""source_entity_key"":""6f4948db3342d79d26d09dee162c907886c61149c6dc08e923e14605584201d9"",""max_displacement_m"":0.0}]",,,,,,
94,NN-314,,,,,,,,,,,,,,,,,,,,,761693.2990973803,605020.2228144,NN-314,DWG_DIRECT:text|RULE:AI-IMB-LABEL-001,2d7766630b79ea9dcd2aaab773bcb094c8e95dbb3826287b73bd83928199d4d0,1709A5,Home Number,SOURCE_HOME_LABEL,6,,BYLAYER,-1,0.0,0.0,0.0,ACI:6|LT:BYLAYER|LW:-1|ROT_QGIS:0.000000000,"[{""operation"":""identity"",""source_entity_key"":""2d7766630b79ea9dcd2aaab773bcb094c8e95dbb3826287b73bd83928199d4d0"",""max_displacement_m"":0.0}]",,,,,,
95,NN-280,,,,,,,,,,,,,,,,,,,,,761760.9531712749,605134.7483731565,NN-280,DWG_DIRECT:text|RULE:AI-IMB-LABEL-001,b21a82e688cc91071a438d8beff01fe2fa835694154c4172170f8331b8e953f9,170961,Home Number,SOURCE_HOME_LABEL,6,,BYLAYER,-1,0.0,0.0,0.0,ACI:6|LT:BYLAYER|LW:-1|ROT_QGIS:0.000000000,"[{""operation"":""identity"",""source_entity_key"":""b21a82e688cc91071a438d8beff01fe2fa835694154c4172170f8331b8e953f9"",""max_displacement_m"":0.0}]",,,,,,
96,2,,,,,,,,,,,,,,,,,,,,,762064.7417929495,604846.7813754671,2,DWG_DIRECT:text|RULE:AI-IMB-LABEL-001,1111d9f915887c9e959b1ef5283e6210eff73575e512b74d72c6d05c4f7265ba,1706EB,Home Number,SOURCE_HOME_LABEL,6,,BYLAYER,-1,0.0,0.0,0.0,ACI:6|LT:BYLAYER|LW:-1|ROT_QGIS:0.000000000,"[{""operation"":""identity"",""source_entity_key"":""1111d9f915887c9e959b1ef5283e6210eff73575e512b74d72c6d05c4f7265ba"",""max_displacement_m"":0.0}]",,,,,,
97,NN-347,,,,,,,,,,,,,,,,,,,,,762101.9474587876,604919.2095709448,NN-347,DWG_DIRECT:text|RULE:AI-IMB-LABEL-001,66f0da75a2ae3d520448687d39148429c3fc6ee4ba184b8d105372c07ad0cfb3,1709E7,Home Number,SOURCE_HOME_LABEL,6,,BYLAYER,-1,0.0,0.0,0.0,ACI:6|LT:BYLAYER|LW:-1|ROT_QGIS:0.000000000,"[{""operation"":""identity"",""source_entity_key"":""66f0da75a2ae3d520448687d39148429c3fc6ee4ba184b8d105372c07ad0cfb3"",""max_displacement_m"":0.0}]",,,,,,
98,9,,,,,,,,,,,,,,,,,,,,,762172.7149159467,605487.8518990547,9,DWG_DIRECT:text|RULE:AI-IMB-LABEL-001,7c9fe1145914e9b8bb0ca12ea0795fafc8e100df8e7f27c3551652d9e680d1b7,1706FB,Home Number,SOURCE_HOME_LABEL,6,,BYLAYER,-1,0.0,0.0,0.0,ACI:6|LT:BYLAYER|LW:-1|ROT_QGIS:0.000000000,"[{""operation"":""identity"",""source_entity_key"":""7c9fe1145914e9b8bb0ca12ea0795fafc8e100df8e7f27c3551652d9e680d1b7"",""max_displacement_m"":0.0}]",,,,,,
99,NN-267,,,,,,,,,,,,,,,,,,,,,761578.1026343826,605032.706806852,NN-267,DWG_DIRECT:text|RULE:AI-IMB-LABEL-001,adef56d01623be9426352a1c9c77041f50797bdf75bfbe64856ce5066e88dbd0,170947,Home Number,SOURCE_HOME_LABEL,6,,BYLAYER,-1,0.0,0.0,0.0,ACI:6|LT:BYLAYER|LW:-1|ROT_QGIS:0.000000000,"[{""operation"":""identity"",""source_entity_key"":""adef56d01623be9426352a1c9c77041f50797bdf75bfbe64856ce5066e88dbd0"",""max_displacement_m"":0.0}]",,,,,,
100,NN-112,,,,,,,,,,,,,,,,,,,,,762107.7843931988,605236.2028093464,NN-112,DWG_DIRECT:text|RULE:AI-IMB-LABEL-001,d80bdfdb4e8bbeb1ee9d1a1a112e424a91c3bf495cce27b23eccc144ece09b06,170811,Home Number,SOURCE_HOME_LABEL,6,,BYLAYER,-1,0.0,0.0,0.0,ACI:6|LT:BYLAYER|LW:-1|ROT_QGIS:0.000000000,"[{""operation"":""identity"",""source_entity_key"":""d80bdfdb4e8bbeb1ee9d1a1a112e424a91c3bf495cce27b23eccc144ece09b06"",""max_displacement_m"":0.0}]",,,,,,
101,NN-385,,,,,,,,,,,,,,,,,,,,,762009.586393772,604832.6842350778,NN-385,DWG_DIRECT:text|RULE:AI-IMB-LABEL-001,e5e759a53bcb473959b308739d8cadc817c593d308098e5b7ad306d9b4fce356,170A33,Home Number,SOURCE_HOME_LABEL,6,,BYLAYER,-1,0.0,0.0,0.0,ACI:6|LT:BYLAYER|LW:-1|ROT_QGIS:0.000000000,"[{""operation"":""identity"",""source_entity_key"":""e5e759a53bcb473959b308739d8cadc817c593d308098e5b7ad306d9b4fce356"",""max_displacement_m"":0.0}]",,,,,,
102,NN-311,,,,,,,,,,,,,,,,,,,,,761703.1624246883,605000.8650976858,NN-311,DWG_DIRECT:text|RULE:AI-IMB-LABEL-001,f0bbecde5ac8f5f02be916926ec382e060fa19427bac61b663a4963924d01abf,17099F,Home Number,SOURCE_HOME_LABEL,6,,BYLAYER,-1,0.0,0.0,0.0,ACI:6|LT:BYLAYER|LW:-1|ROT_QGIS:0.000000000,"[{""operation"":""identity"",""source_entity_key"":""f0bbecde5ac8f5f02be916926ec382e060fa19427bac61b663a4963924d01abf"",""max_displacement_m"":0.0}]",,,,,,
103,26,,,,,,,,,,,,,,,,,,,,,762207.4705213188,605595.4432925833,26,DWG_DIRECT:text|RULE:AI-IMB-LABEL-001,d0f6cdcc97b7f5e18dc80b86c42a766e20b5a4dc1da75dd46b26cc9f297337b1,17071F,Home Number,SOURCE_HOME_LABEL,6,,BYLAYER,-1,0.0,0.0,0.0,ACI:6|LT:BYLAYER|LW:-1|ROT_QGIS:0.000000000,"[{""operation"":""identity"",""source_entity_key"":""d0f6cdcc97b7f5e18dc80b86c42a766e20b5a4dc1da75dd46b26cc9f297337b1"",""max_displacement_m"":0.0}]",,,,,,
104,NN-123,,,,,,,,,,,,,,,,,,,,,762136.5232326351,605337.0810035843,NN-123,DWG_DIRECT:text|RULE:AI-IMB-LABEL-001,3709abd30605379ce050e2f1e8fb73eb6746009efcda8a00fa2e1e17131b679a,170827,Home Number,SOURCE_HOME_LABEL,6,,BYLAYER,-1,0.0,0.0,0.0,ACI:6|LT:BYLAYER|LW:-1|ROT_QGIS:0.000000000,"[{""operation"":""identity"",""source_entity_key"":""3709abd30605379ce050e2f1e8fb73eb6746009efcda8a00fa2e1e17131b679a"",""max_displacement_m"":0.0}]",,,,,,
105,NN-456,,,,,,,,,,,,,,,,,,,,,762221.785994209,605807.1323067277,NN-456,DWG_DIRECT:text|RULE:AI-IMB-LABEL-001,a65c2f11e587b93311cd34140847852f9e9953275d775b9789e46d4de2b8b764,188DC5,Home Number,SOURCE_HOME_LABEL,6,,BYLAYER,-1,0.0,0.0,0.0,ACI:6|LT:BYLAYER|LW:-1|ROT_QGIS:0.000000000,"[{""operation"":""identity"",""source_entity_key"":""a65c2f11e587b93311cd34140847852f9e9953275d775b9789e46d4de2b8b764"",""max_displacement_m"":0.0}]",,,,,,
106,NN-297,,,,,,,,,,,,,,,,,,,,,761764.8106963844,604947.7350454816,NN-297,DWG_DIRECT:text|RULE:AI-IMB-LABEL-001,d2da7af1a3a254f06c8e3ab167add0f1a982e01834df4a9fa9bfccca6853a7a6,170983,Home Number,SOURCE_HOME_LABEL,6,,BYLAYER,-1,0.0,0.0,0.0,ACI:6|LT:BYLAYER|LW:-1|ROT_QGIS:0.000000000,"[{""operation"":""identity"",""source_entity_key"":""d2da7af1a3a254f06c8e3ab167add0f1a982e01834df4a9fa9bfccca6853a7a6"",""max_displacement_m"":0.0}]",,,,,,
107,NN-439,,,,,,,,,,,,,,,,,,,,,762351.9551804456,605725.797182631,NN-439,DWG_DIRECT:text|RULE:AI-IMB-LABEL-001,e7bd71c5e51692fb877952290fa1983b49b0750a99a134f0fdf2821a929e0657,188D8D,Home Number,SOURCE_HOME_LABEL,6,,BYLAYER,-1,1.3733408302223895,78.68663340473546,281.3133665964673,ACI:6|LT:BYLAYER|LW:-1|ROT_QGIS:281.313366596,"[{""operation"":""identity"",""source_entity_key"":""e7bd71c5e51692fb877952290fa1983b49b0750a99a134f0fdf2821a929e0657"",""max_displacement_m"":0.0}]",,,,,,
108,18,,,,,,,,,,,,,,,,,,,,,762362.6967818008,605840.9553464367,18,DWG_DIRECT:text|RULE:AI-IMB-LABEL-001,6456375115bb735615966cebfb95de773ecde79c43809ad3d5b275c2bca0f15a,188D97,Home Number,SOURCE_HOME_LABEL,6,,BYLAYER,-1,0.0,0.0,0.0,ACI:6|LT:BYLAYER|LW:-1|ROT_QGIS:0.000000000,"[{""operation"":""identity"",""source_entity_key"":""6456375115bb735615966cebfb95de773ecde79c43809ad3d5b275c2bca0f15a"",""max_displacement_m"":0.0}]",,,,,,
109,NN-452,,,,,,,,,,,,,,,,,,,,,762294.7003094704,605713.9033297824,NN-452,DWG_DIRECT:text|RULE:AI-IMB-LABEL-001,5460e930423f6d6f95023ef931e4b22101563a80ea80e8ce7c55a8e9141fcd46,188DB5,Home Number,SOURCE_HOME_LABEL,6,,BYLAYER,-1,0.0,0.0,0.0,ACI:6|LT:BYLAYER|LW:-1|ROT_QGIS:0.000000000,"[{""operation"":""identity"",""source_entity_key"":""5460e930423f6d6f95023ef931e4b22101563a80ea80e8ce7c55a8e9141fcd46"",""max_displacement_m"":0.0}]",,,,,,
110,NN-148,,,,,,,,,,,,,,,,,,,,,762213.9154470768,605546.1764920889,NN-148,DWG_DIRECT:text|RULE:AI-IMB-LABEL-001,2c5a26a326c3475bbc3a452795f75ab9f09a55064c231f87039f726f213450c4,170859,Home Number,SOURCE_HOME_LABEL,6,,BYLAYER,-1,0.0,0.0,0.0,ACI:6|LT:BYLAYER|LW:-1|ROT_QGIS:0.000000000,"[{""operation"":""identity"",""source_entity_key"":""2c5a26a326c3475bbc3a452795f75ab9f09a55064c231f87039f726f213450c4"",""max_displacement_m"":0.0}]",,,,,,
111,NN-213,,,,,,,,,,,,,,,,,,,,,762006.5291639154,604817.0605582283,NN-213,DWG_DIRECT:text|RULE:AI-IMB-LABEL-001,f3415c49dc1f8c53b9bcbb2d45db517564cd005d0ce728110e0d0bfe533c63e5,1708DB,Home Number,SOURCE_HOME_LABEL,6,,BYLAYER,-1,0.0,0.0,0.0,ACI:6|LT:BYLAYER|LW:-1|ROT_QGIS:0.000000000,"[{""operation"":""identity"",""source_entity_key"":""f3415c49dc1f8c53b9bcbb2d45db517564cd005d0ce728110e0d0bfe533c63e5"",""max_displacement_m"":0.0}]",,,,,,
112,5,,,,,,,,,,,,,,,,,,,,,761987.0651854657,604830.4664927564,5,DWG_DIRECT:text|RULE:AI-IMB-LABEL-001,faf69ef5082f80cb09eb15e38cf2020352aec1bbb93dc8a1bcd3103437413c93,1706F1,Home Number,SOURCE_HOME_LABEL,6,,BYLAYER,-1,0.0,0.0,0.0,ACI:6|LT:BYLAYER|LW:-1|ROT_QGIS:0.000000000,"[{""operation"":""identity"",""source_entity_key"":""faf69ef5082f80cb09eb15e38cf2020352aec1bbb93dc8a1bcd3103437413c93"",""max_displacement_m"":0.0}]",,,,,,
113,NN-319,,,,,,,,,,,,,,,,,,,,,761640.6620813981,605052.8374046832,NN-319,DWG_DIRECT:text|RULE:AI-IMB-LABEL-001,42ca4a5de2db0c26a3afe10153df63be04aa6ab2f03ef9f15018f5a42d6a15ab,1709AF,Home Number,SOURCE_HOME_LABEL,6,,BYLAYER,-1,0.0,0.0,0.0,ACI:6|LT:BYLAYER|LW:-1|ROT_QGIS:0.000000000,"[{""operation"":""identity"",""source_entity_key"":""42ca4a5de2db0c26a3afe10153df63be04aa6ab2f03ef9f15018f5a42d6a15ab"",""max_displacement_m"":0.0}]",,,,,,
114,16,,,,,,,,,,,,,,,,,,,,,761995.0124622246,604692.1315532005,16,DWG_DIRECT:text|RULE:AI-IMB-LABEL-001,88d2e383c506ebe5fcd2923d160fbbdc7567399ae5f3940f37610e6748029ac3,170713,Home Number,SOURCE_HOME_LABEL,6,,BYLAYER,-1,0.0,0.0,0.0,ACI:6|LT:BYLAYER|LW:-1|ROT_QGIS:0.000000000,"[{""operation"":""identity"",""source_entity_key"":""88d2e383c506ebe5fcd2923d160fbbdc7567399ae5f3940f37610e6748029ac3"",""max_displacement_m"":0.0}]",,,,,,
115,NN-194,,,,,,,,,,,,,,,,,,,,,762325.8356209547,604821.1187754212,NN-194,DWG_DIRECT:text|RULE:AI-IMB-LABEL-001,9f9202ae5308179d244bef1cfac83641e6d63fb82df0df5ac6f2afc9dbc408c9,1708B5,Home Number,SOURCE_HOME_LABEL,6,,BYLAYER,-1,0.0,0.0,0.0,ACI:6|LT:BYLAYER|LW:-1|ROT_QGIS:0.000000000,"[{""operation"":""identity"",""source_entity_key"":""9f9202ae5308179d244bef1cfac83641e6d63fb82df0df5ac6f2afc9dbc408c9"",""max_displacement_m"":0.0}]",,,,,,
116,6,,,,,,,,,,,,,,,,,,,,,762159.019960178,605519.4485927899,6,DWG_DIRECT:text|RULE:AI-IMB-LABEL-001,fded521286db55f66042527ff29b51690ea7af5e185b917fb2b4af5ebfbf13a4,1706F5,Home Number,SOURCE_HOME_LABEL,6,,BYLAYER,-1,0.0,0.0,0.0,ACI:6|LT:BYLAYER|LW:-1|ROT_QGIS:0.000000000,"[{""operation"":""identity"",""source_entity_key"":""fded521286db55f66042527ff29b51690ea7af5e185b917fb2b4af5ebfbf13a4"",""max_displacement_m"":0.0}]",,,,,,
117,NN-273,,,,,,,,,,,,,,,,,,,,,761833.5972169732,605129.2724803339,NN-273,DWG_DIRECT:text|RULE:AI-IMB-LABEL-001,efab6ce64ed331f51e3562c3ef7dda5efa513d91fd9d7929b0fab697582b70a0,170953,Home Number,SOURCE_HOME_LABEL,6,,BYLAYER,-1,0.0,0.0,0.0,ACI:6|LT:BYLAYER|LW:-1|ROT_QGIS:0.000000000,"[{""operation"":""identity"",""source_entity_key"":""efab6ce64ed331f51e3562c3ef7dda5efa513d91fd9d7929b0fab697582b70a0"",""max_displacement_m"":0.0}]",,,,,,
118,NN-152,,,,,,,,,,,,,,,,,,,,,762174.1433779527,605602.1089262398,NN-152,DWG_DIRECT:text|RULE:AI-IMB-LABEL-001,75c603a3394465d4cdedb1a9857fee6d12cbc2ebb4bcec068a03f89c29edf47b,170861,Home Number,SOURCE_HOME_LABEL,6,,BYLAYER,-1,0.0,0.0,0.0,ACI:6|LT:BYLAYER|LW:-1|ROT_QGIS:0.000000000,"[{""operation"":""identity"",""source_entity_key"":""75c603a3394465d4cdedb1a9857fee6d12cbc2ebb4bcec068a03f89c29edf47b"",""max_displacement_m"":0.0}]",,,,,,
119,NN-469,,,,,,,,,,,,,,,,,,,,,762229.4392643053,605854.2254101085,NN-469,DWG_DIRECT:text|RULE:AI-IMB-LABEL-001,849c458a55bb27424f5b7c0ffa5d210cfe218c98bcad4a05c136141c6ce8e8d4,188DD3,Home Number,SOURCE_HOME_LABEL,6,,BYLAYER,-1,0.0,0.0,0.0,ACI:6|LT:BYLAYER|LW:-1|ROT_QGIS:0.000000000,"[{""operation"":""identity"",""source_entity_key"":""849c458a55bb27424f5b7c0ffa5d210cfe218c98bcad4a05c136141c6ce8e8d4"",""max_displacement_m"":0.0}]",,,,,,
120,NN-468,,,,,,,,,,,,,,,,,,,,,762258.0802599844,605860.1152875636,NN-468,DWG_DIRECT:text|RULE:AI-IMB-LABEL-001,6c2c1395227ba8f4a17f8a7e5ab6157bb556821ffaac31b36fcd81aed1d08aa6,188DD1,Home Number,SOURCE_HOME_LABEL,6,,BYLAYER,-1,0.0,0.0,0.0,ACI:6|LT:BYLAYER|LW:-1|ROT_QGIS:0.000000000,"[{""operation"":""identity"",""source_entity_key"":""6c2c1395227ba8f4a17f8a7e5ab6157bb556821ffaac31b36fcd81aed1d08aa6"",""max_displacement_m"":0.0}]",,,,,,
121,NN-398,,,,,,,,,,,,,,,,,,,,,762081.2258074797,604846.4108224412,NN-398,DWG_DIRECT:text|RULE:AI-IMB-LABEL-001,edffa5cf7c08c0674c59c402a770e921b44510968ba1913b93f44a8b898268c9,170A4D,Home Number,SOURCE_HOME_LABEL,6,,BYLAYER,-1,0.0,0.0,0.0,ACI:6|LT:BYLAYER|LW:-1|ROT_QGIS:0.000000000,"[{""operation"":""identity"",""source_entity_key"":""edffa5cf7c08c0674c59c402a770e921b44510968ba1913b93f44a8b898268c9"",""max_displacement_m"":0.0}]",,,,,,
122,NN-472,,,,,,,,,,,,,,,,,,,,,762231.1707232484,605962.6314527501,NN-472,DWG_DIRECT:text|RULE:AI-IMB-LABEL-001,d0d896230ecec51f9b24c0632d48ccc4b3f61c7f49ba09bf1a863242078f3221,188DD9,Home Number,SOURCE_HOME_LABEL,6,,BYLAYER,-1,0.0,0.0,0.0,ACI:6|LT:BYLAYER|LW:-1|ROT_QGIS:0.000000000,"[{""operation"":""identity"",""source_entity_key"":""d0d896230ecec51f9b24c0632d48ccc4b3f61c7f49ba09bf1a863242078f3221"",""max_displacement_m"":0.0}]",,,,,,
123,NN-8,,,,,,,,,,,,,,,,,,,,,761974.2757580299,605745.9787468864,NN-8,DWG_DIRECT:text|RULE:AI-IMB-LABEL-001,57c00cbb009f18b77ac4ebe96b83d7377d61bc052ee4ad0e509393c0f63b2e21,170741,Home Number,SOURCE_HOME_LABEL,6,,BYLAYER,-1,0.0,0.0,0.0,ACI:6|LT:BYLAYER|LW:-1|ROT_QGIS:0.000000000,"[{""operation"":""identity"",""source_entity_key"":""57c00cbb009f18b77ac4ebe96b83d7377d61bc052ee4ad0e509393c0f63b2e21"",""max_displacement_m"":0.0}]",,,,,,
124,NN-19,,,,,,,,,,,,,,,,,,,,,761657.262055024,605244.7674494155,NN-19,DWG_DIRECT:text|RULE:AI-IMB-LABEL-001,87280f6982ea203ff91442a09ba324533a2fdf256e785b2472e10773354bac94,170757,Home Number,SOURCE_HOME_LABEL,6,,BYLAYER,-1,0.0,0.0,0.0,ACI:6|LT:BYLAYER|LW:-1|ROT_QGIS:0.000000000,"[{""operation"":""identity"",""source_entity_key"":""87280f6982ea203ff91442a09ba324533a2fdf256e785b2472e10773354bac94"",""max_displacement_m"":0.0}]",,,,,,
125,NN-231,,,,,,,,,,,,,,,,,,,,,761514.2512434347,605196.0719105118,NN-231,DWG_DIRECT:text|RULE:AI-IMB-LABEL-001,24c61111ad577c594814d6142295a1e53567051edc6b8075c6f871d2de0394ec,1708FF,Home Number,SOURCE_HOME_LABEL,6,,BYLAYER,-1,0.0,0.0,0.0,ACI:6|LT:BYLAYER|LW:-1|ROT_QGIS:0.000000000,"[{""operation"":""identity"",""source_entity_key"":""24c61111ad577c594814d6142295a1e53567051edc6b8075c6f871d2de0394ec"",""max_displacement_m"":0.0}]",,,,,,
126,NN-9,,,,,,,,,,,,,,,,,,,,,761986.4708940943,605744.1219407135,NN-9,DWG_DIRECT:text|RULE:AI-IMB-LABEL-001,91a7d21d83860b599d8367bf0304faa4f3fe8ca58164ad905e82a9cac4c17432,170743,Home Number,SOURCE_HOME_LABEL,6,,BYLAYER,-1,0.0,0.0,0.0,ACI:6|LT:BYLAYER|LW:-1|ROT_QGIS:0.000000000,"[{""operation"":""identity"",""source_entity_key"":""91a7d21d83860b599d8367bf0304faa4f3fe8ca58164ad905e82a9cac4c17432"",""max_displacement_m"":0.0}]",,,,,,
127,NN-390,,,,,,,,,,,,,,,,,,,,,762004.0416610216,604754.9699399222,NN-390,DWG_DIRECT:text|RULE:AI-IMB-LABEL-001,2cef9a075ce837eeac8179d96183130d1fee047123729bcc6bb09711a1c65204,170A3D,Home Number,SOURCE_HOME_LABEL,6,,BYLAYER,-1,0.0,0.0,0.0,ACI:6|LT:BYLAYER|LW:-1|ROT_QGIS:0.000000000,"[{""operation"":""identity"",""source_entity_key"":""2cef9a075ce837eeac8179d96183130d1fee047123729bcc6bb09711a1c65204"",""max_displacement_m"":0.0}]",,,,,,
128,NN-344,,,,,,,,,,,,,,,,,,,,,762036.6564816182,604920.6164582336,NN-344,DWG_DIRECT:text|RULE:AI-IMB-LABEL-001,3c624db6ee74af7a350c2396cc61d12184a55af86c802699fc47e71295fa8346,1709E1,Home Number,SOURCE_HOME_LABEL,6,,BYLAYER,-1,0.0,0.0,0.0,ACI:6|LT:BYLAYER|LW:-1|ROT_QGIS:0.000000000,"[{""operation"":""identity"",""source_entity_key"":""3c624db6ee74af7a350c2396cc61d12184a55af86c802699fc47e71295fa8346"",""max_displacement_m"":0.0}]",,,,,,
129,34,,,,,,,,,,,,,,,,,,,,,762109.7054584345,605604.6505456769,34,DWG_DIRECT:text|RULE:AI-IMB-LABEL-001,a8e62575c01c9953bd885da7c15ce07afd0cb441329ec29683cba8d1f8c8b73d,17072D,Home Number,SOURCE_HOME_LABEL,6,,BYLAYER,-1,0.0,0.0,0.0,ACI:6|LT:BYLAYER|LW:-1|ROT_QGIS:0.000000000,"[{""operation"":""identity"",""source_entity_key"":""a8e62575c01c9953bd885da7c15ce07afd0cb441329ec29683cba8d1f8c8b73d"",""max_displacement_m"":0.0}]",,,,,,
130,NN-122,,,,,,,,,,,,,,,,,,,,,762135.6715003434,605321.0849160932,NN-122,DWG_DIRECT:text|RULE:AI-IMB-LABEL-001,7f17175707c39047b85d1937cc8cf3e73d1268306dd394ae3dc71f775f5b8877,170825,Home Number,SOURCE_HOME_LABEL,6,,BYLAYER,-1,0.0,0.0,0.0,ACI:6|LT:BYLAYER|LW:-1|ROT_QGIS:0.000000000,"[{""operation"":""identity"",""source_entity_key"":""7f17175707c39047b85d1937cc8cf3e73d1268306dd394ae3dc71f775f5b8877"",""max_displacement_m"":0.0}]",,,,,,
131,NN-109,,,,,,,,,,,,,,,,,,,,,762141.7714624376,605236.498448291,NN-109,DWG_DIRECT:text|RULE:AI-IMB-LABEL-001,2aad5bec6ed3fab2ac59438e85fd6938d1c20a06b16447c98f7e4ce58f0e9115,17080B,Home Number,SOURCE_HOME_LABEL,6,,BYLAYER,-1,0.0,0.0,0.0,ACI:6|LT:BYLAYER|LW:-1|ROT_QGIS:0.000000000,"[{""operation"":""identity"",""source_entity_key"":""2aad5bec6ed3fab2ac59438e85fd6938d1c20a06b16447c98f7e4ce58f0e9115"",""max_displacement_m"":0.0}]",,,,,,
132,NN-170,,,,,,,,,,,,,,,,,,,,,762088.4740408071,605687.3569011173,NN-170,DWG_DIRECT:text|RULE:AI-IMB-LABEL-001,71a4e8c1b4b3f456b56a97db855401aa9700da407efe0259d8c52b3f0e1ae0e9,170885,Home Number,SOURCE_HOME_LABEL,6,,BYLAYER,-1,0.0,0.0,0.0,ACI:6|LT:BYLAYER|LW:-1|ROT_QGIS:0.000000000,"[{""operation"":""identity"",""source_entity_key"":""71a4e8c1b4b3f456b56a97db855401aa9700da407efe0259d8c52b3f0e1ae0e9"",""max_displacement_m"":0.0}]",,,,,,
133,NN-199,,,,,,,,,,,,,,,,,,,,,761256.1309651857,605464.1639351678,NN-199,DWG_DIRECT:text|RULE:AI-IMB-LABEL-001,c1cfa763d80f93244c16a1b6ae9a3d3e213f21acf3d30d91994800817c635351,1708BF,Home Number,SOURCE_HOME_LABEL,6,,BYLAYER,-1,0.0,0.0,0.0,ACI:6|LT:BYLAYER|LW:-1|ROT_QGIS:0.000000000,"[{""operation"":""identity"",""source_entity_key"":""c1cfa763d80f93244c16a1b6ae9a3d3e213f21acf3d30d91994800817c635351"",""max_displacement_m"":0.0}]",,,,,,
134,NN-357,,,,,,,,,,,,,,,,,,,,,761653.2754163863,604937.2885062875,NN-357,DWG_DIRECT:text|RULE:AI-IMB-LABEL-001,b27f57ccb362c83f04ab57c072d325160a9e60fb9ee6d68eec8771e61652297c,1709FB,Home Number,SOURCE_HOME_LABEL,6,,BYLAYER,-1,1.2434743854021937,71.24583421616964,288.7541657867795,ACI:6|LT:BYLAYER|LW:-1|ROT_QGIS:288.754165787,"[{""operation"":""identity"",""source_entity_key"":""b27f57ccb362c83f04ab57c072d325160a9e60fb9ee6d68eec8771e61652297c"",""max_displacement_m"":0.0}]",,,,,,
135,NN-117,,,,,,,,,,,,,,,,,,,,,762106.2588298445,605317.8402411122,NN-117,DWG_DIRECT:text|RULE:AI-IMB-LABEL-001,fd7154ad2fe85a6273c978b54c82662151cc6b9c230419e7c3406c76a0a7265a,17081B,Home Number,SOURCE_HOME_LABEL,6,,BYLAYER,-1,0.0,0.0,0.0,ACI:6|LT:BYLAYER|LW:-1|ROT_QGIS:0.000000000,"[{""operation"":""identity"",""source_entity_key"":""fd7154ad2fe85a6273c978b54c82662151cc6b9c230419e7c3406c76a0a7265a"",""max_displacement_m"":0.0}]",,,,,,
136,NN-218,,,,,,,,,,,,,,,,,,,,,761483.7974202856,605163.3307292773,NN-218,DWG_DIRECT:text|RULE:AI-IMB-LABEL-001,8853bf4c10dfd6db2dc812069a1ef6737ad3467cdfb4b7177ae2de1a36223bf1,1708E5,Home Number,SOURCE_HOME_LABEL,6,,BYLAYER,-1,0.0,0.0,0.0,ACI:6|LT:BYLAYER|LW:-1|ROT_QGIS:0.000000000,"[{""operation"":""identity"",""source_entity_key"":""8853bf4c10dfd6db2dc812069a1ef6737ad3467cdfb4b7177ae2de1a36223bf1"",""max_displacement_m"":0.0}]",,,,,,
137,NN-192,,,,,,,,,,,,,,,,,,,,,762361.3127433917,604857.1178429179,NN-192,DWG_DIRECT:text|RULE:AI-IMB-LABEL-001,448b8a1de2ce7408254e272476e9648e4523223816d6cb038da5d59cfb4aa60d,1708B1,Home Number,SOURCE_HOME_LABEL,6,,BYLAYER,-1,0.0,0.0,0.0,ACI:6|LT:BYLAYER|LW:-1|ROT_QGIS:0.000000000,"[{""operation"":""identity"",""source_entity_key"":""448b8a1de2ce7408254e272476e9648e4523223816d6cb038da5d59cfb4aa60d"",""max_displacement_m"":0.0}]",,,,,,
138,NN-82,,,,,,,,,,,,,,,,,,,,,762203.9459585372,605122.0609315148,NN-82,DWG_DIRECT:text|RULE:AI-IMB-LABEL-001,c6ff19644be44b573b26a5bae51624d4ec06a236d7012fcfe3d9d04403634d53,1707D5,Home Number,SOURCE_HOME_LABEL,6,,BYLAYER,-1,0.0,0.0,0.0,ACI:6|LT:BYLAYER|LW:-1|ROT_QGIS:0.000000000,"[{""operation"":""identity"",""source_entity_key"":""c6ff19644be44b573b26a5bae51624d4ec06a236d7012fcfe3d9d04403634d53"",""max_displacement_m"":0.0}]",,,,,,
139,NN-320,,,,,,,,,,,,,,,,,,,,,761658.801088985,605046.8181641505,NN-320,DWG_DIRECT:text|RULE:AI-IMB-LABEL-001,9d6cfc1900ff2591c34635bb8aa4e887f7185c8ca0d7d3f5d442dc8b7599e359,1709B1,Home Number,SOURCE_HOME_LABEL,6,,BYLAYER,-1,0.0,0.0,0.0,ACI:6|LT:BYLAYER|LW:-1|ROT_QGIS:0.000000000,"[{""operation"":""identity"",""source_entity_key"":""9d6cfc1900ff2591c34635bb8aa4e887f7185c8ca0d7d3f5d442dc8b7599e359"",""max_displacement_m"":0.0}]",,,,,,
140,NN-157,,,,,,,,,,,,,,,,,,,,,762191.6456279579,605529.9901970575,NN-157,DWG_DIRECT:text|RULE:AI-IMB-LABEL-001,568eb4ca3ff41970ba5687ddb04003fde98efb32c7eb6b47f80c6a6faa0cf26d,17086B,Home Number,SOURCE_HOME_LABEL,6,,BYLAYER,-1,1.5707963267948966,90.0,270.0,ACI:6|LT:BYLAYER|LW:-1|ROT_QGIS:270.000000000,"[{""operation"":""identity"",""source_entity_key"":""568eb4ca3ff41970ba5687ddb04003fde98efb32c7eb6b47f80c6a6faa0cf26d"",""max_displacement_m"":0.0}]",,,,,,
141,NN-225,,,,,,,,,,,,,,,,,,,,,761408.706876883,605228.7498324531,NN-225,DWG_DIRECT:text|RULE:AI-IMB-LABEL-001,152cb01e4c43bc95d74216967edb0e187d7d312884a3af8b2113e6da0db405c8,1708F3,Home Number,SOURCE_HOME_LABEL,6,,BYLAYER,-1,0.0,0.0,0.0,ACI:6|LT:BYLAYER|LW:-1|ROT_QGIS:0.000000000,"[{""operation"":""identity"",""source_entity_key"":""152cb01e4c43bc95d74216967edb0e187d7d312884a3af8b2113e6da0db405c8"",""max_displacement_m"":0.0}]",,,,,,
142,NN-257,,,,,,,,,,,,,,,,,,,,,761334.6236334629,605423.9572847112,NN-257,DWG_DIRECT:text|RULE:AI-IMB-LABEL-001,6dcd96e50b3b492223c54d7e51f96a32ec82d5e0bd017bba3e3674d4852b021d,170933,Home Number,SOURCE_HOME_LABEL,6,,BYLAYER,-1,0.0,0.0,0.0,ACI:6|LT:BYLAYER|LW:-1|ROT_QGIS:0.000000000,"[{""operation"":""identity"",""source_entity_key"":""6dcd96e50b3b492223c54d7e51f96a32ec82d5e0bd017bba3e3674d4852b021d"",""max_displacement_m"":0.0}]",,,,,,
143,NN-72,,,,,,,,,,,,,,,,,,,,,762358.7354562547,605039.1919075315,NN-72,DWG_DIRECT:text|RULE:AI-IMB-LABEL-001,b29f453af411d93424f4f27d3b28a68826352a982e8d72858aac0cb0b9a52cf0,1707C1,Home Number,SOURCE_HOME_LABEL,6,,BYLAYER,-1,0.0,0.0,0.0,ACI:6|LT:BYLAYER|LW:-1|ROT_QGIS:0.000000000,"[{""operation"":""identity"",""source_entity_key"":""b29f453af411d93424f4f27d3b28a68826352a982e8d72858aac0cb0b9a52cf0"",""max_displacement_m"":0.0}]",,,,,,
144,NN-243,,,,,,,,,,,,,,,,,,,,,761420.1090025748,605272.2078135096,NN-243,DWG_DIRECT:text|RULE:AI-IMB-LABEL-001,116872f8fd92023d3e90ead0be80aa8f14f80d0e3874b3f4ae2dfae9ae87b801,170917,Home Number,SOURCE_HOME_LABEL,6,,BYLAYER,-1,1.5707963267948966,90.0,270.0,ACI:6|LT:BYLAYER|LW:-1|ROT_QGIS:270.000000000,"[{""operation"":""identity"",""source_entity_key"":""116872f8fd92023d3e90ead0be80aa8f14f80d0e3874b3f4ae2dfae9ae87b801"",""max_displacement_m"":0.0}]",,,,,,
145,NN-284,,,,,,,,,,,,,,,,,,,,,761738.2000174692,605192.7789338464,NN-284,DWG_DIRECT:text|RULE:AI-IMB-LABEL-001,202a7eefeeb200c3f054e197575fe2281b8b08bcfe78ff3eac2d5395b79dd5a6,170969,Home Number,SOURCE_HOME_LABEL,6,,BYLAYER,-1,0.0,0.0,0.0,ACI:6|LT:BYLAYER|LW:-1|ROT_QGIS:0.000000000,"[{""operation"":""identity"",""source_entity_key"":""202a7eefeeb200c3f054e197575fe2281b8b08bcfe78ff3eac2d5395b79dd5a6"",""max_displacement_m"":0.0}]",,,,,,
146,NN-18,,,,,,,,,,,,,,,,,,,,,761976.9705657726,605663.4086895955,NN-18,DWG_DIRECT:text|RULE:AI-IMB-LABEL-001,7fef5486c2df613939eedbf3bc5d55053712db4f2938547822eca4b8a0a24090,170755,Home Number,SOURCE_HOME_LABEL,6,,BYLAYER,-1,0.0,0.0,0.0,ACI:6|LT:BYLAYER|LW:-1|ROT_QGIS:0.000000000,"[{""operation"":""identity"",""source_entity_key"":""7fef5486c2df613939eedbf3bc5d55053712db4f2938547822eca4b8a0a24090"",""max_displacement_m"":0.0}]",,,,,,
147,NN-395,,,,,,,,,,,,,,,,,,,,,761984.5395951044,604664.0706205198,NN-395,DWG_DIRECT:text|RULE:AI-IMB-LABEL-001,73241d4b253a8e307317f45dd22673eefb1c286acd5d8cd9ff73f55a47c03de9,170A47,Home Number,SOURCE_HOME_LABEL,6,,BYLAYER,-1,0.0,0.0,0.0,ACI:6|LT:BYLAYER|LW:-1|ROT_QGIS:0.000000000,"[{""operation"":""identity"",""source_entity_key"":""73241d4b253a8e307317f45dd22673eefb1c286acd5d8cd9ff73f55a47c03de9"",""max_displacement_m"":0.0}]",,,,,,
148,NN-59,,,,,,,,,,,,,,,,,,,,,762294.2650234014,605050.732338523,NN-59,DWG_DIRECT:text|RULE:AI-IMB-LABEL-001,c31a81be91d6f3fd3797f8d6927be3ec469a6e0523c8afc5e64d074bc5986ead,1707A7,Home Number,SOURCE_HOME_LABEL,6,,BYLAYER,-1,0.0,0.0,0.0,ACI:6|LT:BYLAYER|LW:-1|ROT_QGIS:0.000000000,"[{""operation"":""identity"",""source_entity_key"":""c31a81be91d6f3fd3797f8d6927be3ec469a6e0523c8afc5e64d074bc5986ead"",""max_displacement_m"":0.0}]",,,,,,
149,NN-58,,,,,,,,,,,,,,,,,,,,,762277.0292657954,605022.4675294155,NN-58,DWG_DIRECT:text|RULE:AI-IMB-LABEL-001,c1a47b54ba1fae3eee24542c052d59dd732d5a6314139222e6207040c25ed8bf,1707A5,Home Number,SOURCE_HOME_LABEL,6,,BYLAYER,-1,0.0,0.0,0.0,ACI:6|LT:BYLAYER|LW:-1|ROT_QGIS:0.000000000,"[{""operation"":""identity"",""source_entity_key"":""c1a47b54ba1fae3eee24542c052d59dd732d5a6314139222e6207040c25ed8bf"",""max_displacement_m"":0.0}]",,,,,,
150,NN-388,,,,,,,,,,,,,,,,,,,,,762006.3927823963,604775.8413135031,NN-388,DWG_DIRECT:text|RULE:AI-IMB-LABEL-001,17aa61ab2c9906fd512dd7c33783cb75782eb0757a98a8af1d38a61c40657bb4,170A39,Home Number,SOURCE_HOME_LABEL,6,,BYLAYER,-1,0.0,0.0,0.0,ACI:6|LT:BYLAYER|LW:-1|ROT_QGIS:0.000000000,"[{""operation"":""identity"",""source_entity_key"":""17aa61ab2c9906fd512dd7c33783cb75782eb0757a98a8af1d38a61c40657bb4"",""max_displacement_m"":0.0}]",,,,,,
151,NN-278,,,,,,,,,,,,,,,,,,,,,761795.8598590189,605110.9164744396,NN-278,DWG_DIRECT:text|RULE:AI-IMB-LABEL-001,7780c9e9695424871ff0932f4acb112850eb7b42a6b309a9563aedd0153145fb,17095D,Home Number,SOURCE_HOME_LABEL,6,,BYLAYER,-1,0.0,0.0,0.0,ACI:6|LT:BYLAYER|LW:-1|ROT_QGIS:0.000000000,"[{""operation"":""identity"",""source_entity_key"":""7780c9e9695424871ff0932f4acb112850eb7b42a6b309a9563aedd0153145fb"",""max_displacement_m"":0.0}]",,,,,,
152,NN-55,,,,,,,,,,,,,,,,,,,,,762299.0919024021,604989.1510824509,NN-55,DWG_DIRECT:text|RULE:AI-IMB-LABEL-001,46886e5c73303b9336c12ae0edd9299fd2b37dbebcb1e3963aec3d885fbaf912,17079F,Home Number,SOURCE_HOME_LABEL,6,,BYLAYER,-1,0.0,0.0,0.0,ACI:6|LT:BYLAYER|LW:-1|ROT_QGIS:0.000000000,"[{""operation"":""identity"",""source_entity_key"":""46886e5c73303b9336c12ae0edd9299fd2b37dbebcb1e3963aec3d885fbaf912"",""max_displacement_m"":0.0}]",,,,,,
153,NN-363,,,,,,,,,,,,,,,,,,,,,761742.1924903388,604887.1933905144,NN-363,DWG_DIRECT:text|RULE:AI-IMB-LABEL-001,6a10749ddc7cd51b3ca2b279df986aa7add06ea8470e1447180d660e2e243e5a,170A07,Home Number,SOURCE_HOME_LABEL,6,,BYLAYER,-1,1.2087983534011226,69.25904393224769,290.74095606452585,ACI:6|LT:BYLAYER|LW:-1|ROT_QGIS:290.740956065,"[{""operation"":""identity"",""source_entity_key"":""6a10749ddc7cd51b3ca2b279df986aa7add06ea8470e1447180d660e2e243e5a"",""max_displacement_m"":0.0}]",,,,,,
154,12,,,,,,,,,,,,,,,,,,,,,762175.5180579968,605460.7786591119,12,DWG_DIRECT:text|RULE:AI-IMB-LABEL-001,7319ac727a9c212b867b45560fda6374e95640cd46fe8abeeee5b3d6068dc7bb,1706FF,Home Number,SOURCE_HOME_LABEL,6,,BYLAYER,-1,0.0,0.0,0.0,ACI:6|LT:BYLAYER|LW:-1|ROT_QGIS:0.000000000,"[{""operation"":""identity"",""source_entity_key"":""7319ac727a9c212b867b45560fda6374e95640cd46fe8abeeee5b3d6068dc7bb"",""max_displacement_m"":0.0}]",,,,,,
155,NN-47,,,,,,,,,,,,,,,,,,,,,762332.8094605131,604997.1213703108,NN-47,DWG_DIRECT:text|RULE:AI-IMB-LABEL-001,e09f3fb05f84ae752ef63ba53616dd75e923a80b19da30f451d5d4aed20408b8,17078F,Home Number,SOURCE_HOME_LABEL,6,,BYLAYER,-1,0.0,0.0,0.0,ACI:6|LT:BYLAYER|LW:-1|ROT_QGIS:0.000000000,"[{""operation"":""identity"",""source_entity_key"":""e09f3fb05f84ae752ef63ba53616dd75e923a80b19da30f451d5d4aed20408b8"",""max_displacement_m"":0.0}]",,,,,,
156,NN-171,,,,,,,,,,,,,,,,,,,,,762015.4194646435,605697.5381704633,NN-171,DWG_DIRECT:text|RULE:AI-IMB-LABEL-001,2fbb4ca956729aa3ad41a19741eca29549fe3edb1411445820c58aee14339f1a,170887,Home Number,SOURCE_HOME_LABEL,6,,BYLAYER,-1,0.0,0.0,0.0,ACI:6|LT:BYLAYER|LW:-1|ROT_QGIS:0.000000000,"[{""operation"":""identity"",""source_entity_key"":""2fbb4ca956729aa3ad41a19741eca29549fe3edb1411445820c58aee14339f1a"",""max_displacement_m"":0.0}]",,,,,,
157,NN-92,,,,,,,,,,,,,,,,,,,,,762156.444847573,605110.5072767547,NN-92,DWG_DIRECT:text|RULE:AI-IMB-LABEL-001,4cf160e073ae2cee5229edc73244b8123b0b40e4246ea569dd4501cc207f2710,1707E9,Home Number,SOURCE_HOME_LABEL,6,,BYLAYER,-1,0.0,0.0,0.0,ACI:6|LT:BYLAYER|LW:-1|ROT_QGIS:0.000000000,"[{""operation"":""identity"",""source_entity_key"":""4cf160e073ae2cee5229edc73244b8123b0b40e4246ea569dd4501cc207f2710"",""max_displacement_m"":0.0}]",,,,,,
158,NN-292,,,,,,,,,,,,,,,,,,,,,761733.7830595068,605042.3160022333,NN-292,DWG_DIRECT:text|RULE:AI-IMB-LABEL-001,bdaf1711067cad64f89c77f920256eba756b6a5936a308021271b25a26b5f66a,170979,Home Number,SOURCE_HOME_LABEL,6,,BYLAYER,-1,0.0,0.0,0.0,ACI:6|LT:BYLAYER|LW:-1|ROT_QGIS:0.000000000,"[{""operation"":""identity"",""source_entity_key"":""bdaf1711067cad64f89c77f920256eba756b6a5936a308021271b25a26b5f66a"",""max_displacement_m"":0.0}]",,,,,,
159,20,,,,,,,,,,,,,,,,,,,,,761742.9912412253,604998.9550990999,20,DWG_DIRECT:text|RULE:AI-IMB-LABEL-001,7a4a7b09f30682286b4bb219a6b99c57a4279e08c5ede65e520c8ffe0543558c,170715,Home Number,SOURCE_HOME_LABEL,6,,BYLAYER,-1,0.0,0.0,0.0,ACI:6|LT:BYLAYER|LW:-1|ROT_QGIS:0.000000000,"[{""operation"":""identity"",""source_entity_key"":""7a4a7b09f30682286b4bb219a6b99c57a4279e08c5ede65e520c8ffe0543558c"",""max_displacement_m"":0.0}]",,,,,,
160,NN-44,,,,,,,,,,,,,,,,,,,,,762380.7200318164,604976.9165004978,NN-44,DWG_DIRECT:text|RULE:AI-IMB-LABEL-001,3294f49f2e5cd11b050c8066385fdc3f66f4bdf68462585761f8613ef19f9c77,170789,Home Number,SOURCE_HOME_LABEL,6,,BYLAYER,-1,0.0,0.0,0.0,ACI:6|LT:BYLAYER|LW:-1|ROT_QGIS:0.000000000,"[{""operation"":""identity"",""source_entity_key"":""3294f49f2e5cd11b050c8066385fdc3f66f4bdf68462585761f8613ef19f9c77"",""max_displacement_m"":0.0}]",,,,,,
161,44,,,,,,,,,,,,,,,,,,,,,761677.2326761939,605177.2750247428,44,DWG_DIRECT:text|RULE:AI-IMB-LABEL-001,3feb8ea8ca0a53237236b915189092e5ee99e2f8ee76ce22c94ad4a58d3b36ce,1706DF,Home Number,SOURCE_HOME_LABEL,6,,BYLAYER,-1,0.0,0.0,0.0,ACI:6|LT:BYLAYER|LW:-1|ROT_QGIS:0.000000000,"[{""operation"":""identity"",""source_entity_key"":""3feb8ea8ca0a53237236b915189092e5ee99e2f8ee76ce22c94ad4a58d3b36ce"",""max_displacement_m"":0.0}]",,,,,,
162,NN-99,,,,,,,,,,,,,,,,,,,,,762128.1593504474,605179.7406826703,NN-99,DWG_DIRECT:text|RULE:AI-IMB-LABEL-001,a7ad223070a18c03fa5e20d0f09477bceaf72a9c00857fdd4ed70864b229f910,1707F7,Home Number,SOURCE_HOME_LABEL,6,,BYLAYER,-1,0.0,0.0,0.0,ACI:6|LT:BYLAYER|LW:-1|ROT_QGIS:0.000000000,"[{""operation"":""identity"",""source_entity_key"":""a7ad223070a18c03fa5e20d0f09477bceaf72a9c00857fdd4ed70864b229f910"",""max_displacement_m"":0.0}]",,,,,,
163,NN-458,,,,,,,,,,,,,,,,,,,,,762284.6890742268,605812.3990321081,NN-458,DWG_DIRECT:text|RULE:AI-IMB-LABEL-001,902cdb7af1a508862d7419da807dc93db568a16c9fe12fcddba82fcee45dbf76,188DC1,Home Number,SOURCE_HOME_LABEL,6,,BYLAYER,-1,0.0,0.0,0.0,ACI:6|LT:BYLAYER|LW:-1|ROT_QGIS:0.000000000,"[{""operation"":""identity"",""source_entity_key"":""902cdb7af1a508862d7419da807dc93db568a16c9fe12fcddba82fcee45dbf76"",""max_displacement_m"":0.0}]",,,,,,
164,27,,,,,,,,,,,,,,,,,,,,,761607.3838944593,605147.4036750086,27,DWG_DIRECT:text|RULE:AI-IMB-LABEL-001,ff003e2ce7b2a0f8acd846a3bc4a657254d27c83266496e7641235bd4d264482,170721,Home Number,SOURCE_HOME_LABEL,6,,BYLAYER,-1,0.0,0.0,0.0,ACI:6|LT:BYLAYER|LW:-1|ROT_QGIS:0.000000000,"[{""operation"":""identity"",""source_entity_key"":""ff003e2ce7b2a0f8acd846a3bc4a657254d27c83266496e7641235bd4d264482"",""max_displacement_m"":0.0}]",,,,,,
165,NN-266,,,,,,,,,,,,,,,,,,,,,761606.1380024165,605205.0119527742,NN-266,DWG_DIRECT:text|RULE:AI-IMB-LABEL-001,f9a379f3799df6116e82f03ba659f10e82641e046982ac203bcc751754160bf9,170945,Home Number,SOURCE_HOME_LABEL,6,,BYLAYER,-1,0.0,0.0,0.0,ACI:6|LT:BYLAYER|LW:-1|ROT_QGIS:0.000000000,"[{""operation"":""identity"",""source_entity_key"":""f9a379f3799df6116e82f03ba659f10e82641e046982ac203bcc751754160bf9"",""max_displacement_m"":0.0}]",,,,,,
166,NN-60,,,,,,,,,,,,,,,,,,,,,762280.4613446879,605056.7041694133,NN-60,DWG_DIRECT:text|RULE:AI-IMB-LABEL-001,624ee76d2896fbd277a423805c06fbd1411d7fc93acefdf928c5dce1bed3f002,1707A9,Home Number,SOURCE_HOME_LABEL,6,,BYLAYER,-1,0.0,0.0,0.0,ACI:6|LT:BYLAYER|LW:-1|ROT_QGIS:0.000000000,"[{""operation"":""identity"",""source_entity_key"":""624ee76d2896fbd277a423805c06fbd1411d7fc93acefdf928c5dce1bed3f002"",""max_displacement_m"":0.0}]",,,,,,
167,NN-413,,,,,,,,,,,,,,,,,,,,,762264.484758588,604879.5245440414,NN-413,DWG_DIRECT:text|RULE:AI-IMB-LABEL-001,470f1131bb5140aa04076366ac824fc6c2ebbbe3ac9f6fd12976b404ab74ba03,170A6B,Home Number,SOURCE_HOME_LABEL,6,,BYLAYER,-1,4.71238898038469,270.0,90.0,ACI:6|LT:BYLAYER|LW:-1|ROT_QGIS:90.000000000,"[{""operation"":""identity"",""source_entity_key"":""470f1131bb5140aa04076366ac824fc6c2ebbbe3ac9f6fd12976b404ab74ba03"",""max_displacement_m"":0.0}]",,,,,,
168,NN-198,,,,,,,,,,,,,,,,,,,,,761262.0074252154,605451.5882461476,NN-198,DWG_DIRECT:text|RULE:AI-IMB-LABEL-001,5ffb6f04665bf7d13db1d09777dab40d22b8e4d0d4ad60aa3d5fed13a1ce6d59,1708BD,Home Number,SOURCE_HOME_LABEL,6,,BYLAYER,-1,0.0,0.0,0.0,ACI:6|LT:BYLAYER|LW:-1|ROT_QGIS:0.000000000,"[{""operation"":""identity"",""source_entity_key"":""5ffb6f04665bf7d13db1d09777dab40d22b8e4d0d4ad60aa3d5fed13a1ce6d59"",""max_displacement_m"":0.0}]",,,,,,
169,16,,,,,,,,,,,,,,,,,,,,,762133.0078029671,605569.6039578931,16,DWG_DIRECT:text|RULE:AI-IMB-LABEL-001,d8c623ced1222a79417f1cfa85539ec261fa9825499db4c2e4bc95392ec08191,170711,Home Number,SOURCE_HOME_LABEL,6,,BYLAYER,-1,0.0,0.0,0.0,ACI:6|LT:BYLAYER|LW:-1|ROT_QGIS:0.000000000,"[{""operation"":""identity"",""source_entity_key"":""d8c623ced1222a79417f1cfa85539ec261fa9825499db4c2e4bc95392ec08191"",""max_displacement_m"":0.0}]",,,,,,
170,NN-322,,,,,,,,,,,,,,,,,,,,,761658.8774161558,605075.0436976685,NN-322,DWG_DIRECT:text|RULE:AI-IMB-LABEL-001,d8e1564ebf63e2f28dd701ee4f93cee010b033f05525dff13d8dd16ace0a582e,1709B5,Home Number,SOURCE_HOME_LABEL,6,,BYLAYER,-1,0.0,0.0,0.0,ACI:6|LT:BYLAYER|LW:-1|ROT_QGIS:0.000000000,"[{""operation"":""identity"",""source_entity_key"":""d8e1564ebf63e2f28dd701ee4f93cee010b033f05525dff13d8dd16ace0a582e"",""max_displacement_m"":0.0}]",,,,,,
171,NN-11,,,,,,,,,,,,,,,,,,,,,762007.0084804036,605735.8029753781,NN-11,DWG_DIRECT:text|RULE:AI-IMB-LABEL-001,03d77b57c6d4c2f1cc4d7c0ef6b8045d409d1fe2f227b40353121a2a93764894,170747,Home Number,SOURCE_HOME_LABEL,6,,BYLAYER,-1,0.0,0.0,0.0,ACI:6|LT:BYLAYER|LW:-1|ROT_QGIS:0.000000000,"[{""operation"":""identity"",""source_entity_key"":""03d77b57c6d4c2f1cc4d7c0ef6b8045d409d1fe2f227b40353121a2a93764894"",""max_displacement_m"":0.0}]",,,,,,
172,NN-249,,,,,,,,,,,,,,,,,,,,,761379.0365157599,605331.3373631726,NN-249,DWG_DIRECT:text|RULE:AI-IMB-LABEL-001,fa6579feb848a23167ae8bab908476816091e9ab6e15b3e25a8235d697b751a9,170923,Home Number,SOURCE_HOME_LABEL,6,,BYLAYER,-1,0.0,0.0,0.0,ACI:6|LT:BYLAYER|LW:-1|ROT_QGIS:0.000000000,"[{""operation"":""identity"",""source_entity_key"":""fa6579feb848a23167ae8bab908476816091e9ab6e15b3e25a8235d697b751a9"",""max_displacement_m"":0.0}]",,,,,,
173,NN-81,,,,,,,,,,,,,,,,,,,,,762187.719915403,605126.3851974962,NN-81,DWG_DIRECT:text|RULE:AI-IMB-LABEL-001,2028ecad467b5908d09af8e3c78af22fd27f1c241b8e388ba29dd43b7ae0ae2b,1707D3,Home Number,SOURCE_HOME_LABEL,6,,BYLAYER,-1,0.0,0.0,0.0,ACI:6|LT:BYLAYER|LW:-1|ROT_QGIS:0.000000000,"[{""operation"":""identity"",""source_entity_key"":""2028ecad467b5908d09af8e3c78af22fd27f1c241b8e388ba29dd43b7ae0ae2b"",""max_displacement_m"":0.0}]",,,,,,
174,NN-156,,,,,,,,,,,,,,,,,,,,,762179.8726849827,605554.344815607,NN-156,DWG_DIRECT:text|RULE:AI-IMB-LABEL-001,3a2790af06fcd8b4d6452d4323c629127b1d5358a6c2180d29a89ebe1a2d0d62,170869,Home Number,SOURCE_HOME_LABEL,6,,BYLAYER,-1,0.0,0.0,0.0,ACI:6|LT:BYLAYER|LW:-1|ROT_QGIS:0.000000000,"[{""operation"":""identity"",""source_entity_key"":""3a2790af06fcd8b4d6452d4323c629127b1d5358a6c2180d29a89ebe1a2d0d62"",""max_displacement_m"":0.0}]",,,,,,
175,NN-3,,,,,,,,,,,,,,,,,,,,,761904.7596938291,605756.6865713818,NN-3,DWG_DIRECT:text|RULE:AI-IMB-LABEL-001,246420220bbfd2595c285e83d35834e6d0550f8ea7134d0c633fd5464405f4ed,170737,Home Number,SOURCE_HOME_LABEL,6,,BYLAYER,-1,0.0,0.0,0.0,ACI:6|LT:BYLAYER|LW:-1|ROT_QGIS:0.000000000,"[{""operation"":""identity"",""source_entity_key"":""246420220bbfd2595c285e83d35834e6d0550f8ea7134d0c633fd5464405f4ed"",""max_displacement_m"":0.0}]",,,,,,
176,NN-248,,,,,,,,,,,,,,,,,,,,,761381.9683153178,605315.4563306004,NN-248,DWG_DIRECT:text|RULE:AI-IMB-LABEL-001,fc3e593d59e42d074d10a9281ec559b2bd36795896eab125b5bf314318233b5a,170921,Home Number,SOURCE_HOME_LABEL,6,,BYLAYER,-1,0.0,0.0,0.0,ACI:6|LT:BYLAYER|LW:-1|ROT_QGIS:0.000000000,"[{""operation"":""identity"",""source_entity_key"":""fc3e593d59e42d074d10a9281ec559b2bd36795896eab125b5bf314318233b5a"",""max_displacement_m"":0.0}]",,,,,,
177,NN-354,,,,,,,,,,,,,,,,,,,,,761979.9409301712,604904.5070028544,NN-354,DWG_DIRECT:text|RULE:AI-IMB-LABEL-001,a17aee0561a9d1fb8220961c8f2e98a9cafdf812b032a3d8adf14171d59db18d,1709F5,Home Number,SOURCE_HOME_LABEL,6,,BYLAYER,-1,0.0,0.0,0.0,ACI:6|LT:BYLAYER|LW:-1|ROT_QGIS:0.000000000,"[{""operation"":""identity"",""source_entity_key"":""a17aee0561a9d1fb8220961c8f2e98a9cafdf812b032a3d8adf14171d59db18d"",""max_displacement_m"":0.0}]",,,,,,
178,NN-406,,,,,,,,,,,,,,,,,,,,,762187.9456398024,604879.6261786035,NN-406,DWG_DIRECT:text|RULE:AI-IMB-LABEL-001,4d621363c83e5677fad1ba21f0670079d5ac461773a426adc5978011ebeaf968,170A5D,Home Number,SOURCE_HOME_LABEL,6,,BYLAYER,-1,4.71238898038469,270.0,90.0,ACI:6|LT:BYLAYER|LW:-1|ROT_QGIS:90.000000000,"[{""operation"":""identity"",""source_entity_key"":""4d621363c83e5677fad1ba21f0670079d5ac461773a426adc5978011ebeaf968"",""max_displacement_m"":0.0}]",,,,,,
179,NN-164,,,,,,,,,,,,,,,,,,,,,762136.1141551973,605597.5159987033,NN-164,DWG_DIRECT:text|RULE:AI-IMB-LABEL-001,769b04b5236c6f7078ef999b04a7612c15a73d349357703c11a87250838de447,170879,Home Number,SOURCE_HOME_LABEL,6,,BYLAYER,-1,0.0,0.0,0.0,ACI:6|LT:BYLAYER|LW:-1|ROT_QGIS:0.000000000,"[{""operation"":""identity"",""source_entity_key"":""769b04b5236c6f7078ef999b04a7612c15a73d349357703c11a87250838de447"",""max_displacement_m"":0.0}]",,,,,,
180,NN-87,,,,,,,,,,,,,,,,,,,,,762121.7361627385,605093.5918633859,NN-87,DWG_DIRECT:text|RULE:AI-IMB-LABEL-001,2d1bae5efc6c9f88fae071e644ae308bc75cbf31a957f287af5cf4041911e8ba,1707DF,Home Number,SOURCE_HOME_LABEL,6,,BYLAYER,-1,0.0,0.0,0.0,ACI:6|LT:BYLAYER|LW:-1|ROT_QGIS:0.000000000,"[{""operation"":""identity"",""source_entity_key"":""2d1bae5efc6c9f88fae071e644ae308bc75cbf31a957f287af5cf4041911e8ba"",""max_displacement_m"":0.0}]",,,,,,
181,NN-440,,,,,,,,,,,,,,,,,,,,,762331.662697839,605706.9139476095,NN-440,DWG_DIRECT:text|RULE:AI-IMB-LABEL-001,a201e06aacd80f2aea8a4b94b370f49019833fd6d97d5170cdcaef5322aef625,188DA9,Home Number,SOURCE_HOME_LABEL,6,,BYLAYER,-1,0.0,0.0,0.0,ACI:6|LT:BYLAYER|LW:-1|ROT_QGIS:0.000000000,"[{""operation"":""identity"",""source_entity_key"":""a201e06aacd80f2aea8a4b94b370f49019833fd6d97d5170cdcaef5322aef625"",""max_displacement_m"":0.0}]",,,,,,
182,NN-132,,,,,,,,,,,,,,,,,,,,,762049.4203406604,605478.4068376556,NN-132,DWG_DIRECT:text|RULE:AI-IMB-LABEL-001,dc7efe300a9c30244270ac15f212494f71266e8c3cbc09f632b1c6a65bcfcd36,170839,Home Number,SOURCE_HOME_LABEL,6,,BYLAYER,-1,0.0,0.0,0.0,ACI:6|LT:BYLAYER|LW:-1|ROT_QGIS:0.000000000,"[{""operation"":""identity"",""source_entity_key"":""dc7efe300a9c30244270ac15f212494f71266e8c3cbc09f632b1c6a65bcfcd36"",""max_displacement_m"":0.0}]",,,,,,
183,NN-254,,,,,,,,,,,,,,,,,,,,,761413.5214706012,605332.9255226346,NN-254,DWG_DIRECT:text|RULE:AI-IMB-LABEL-001,2b6505867b6747849d77280c2ca57135a6efc35bdf5b120112756ed3d79dac46,17092D,Home Number,SOURCE_HOME_LABEL,6,,BYLAYER,-1,0.0,0.0,0.0,ACI:6|LT:BYLAYER|LW:-1|ROT_QGIS:0.000000000,"[{""operation"":""identity"",""source_entity_key"":""2b6505867b6747849d77280c2ca57135a6efc35bdf5b120112756ed3d79dac46"",""max_displacement_m"":0.0}]",,,,,,
184,NN-155,,,,,,,,,,,,,,,,,,,,,762195.0847506028,605535.8158549765,NN-155,DWG_DIRECT:text|RULE:AI-IMB-LABEL-001,3828973fa91210f5dcb788618b30a064906d3e643cc1049c2ae602b6d83e9b03,170867,Home Number,SOURCE_HOME_LABEL,6,,BYLAYER,-1,0.0,0.0,0.0,ACI:6|LT:BYLAYER|LW:-1|ROT_QGIS:0.000000000,"[{""operation"":""identity"",""source_entity_key"":""3828973fa91210f5dcb788618b30a064906d3e643cc1049c2ae602b6d83e9b03"",""max_displacement_m"":0.0}]",,,,,,
185,NN-436,,,,,,,,,,,,,,,,,,,,,762324.6235225793,605657.9130493857,NN-436,DWG_DIRECT:text|RULE:AI-IMB-LABEL-001,9df6f34086e092f9c541ae7850fddc0e5151ad0372fbc5e0c2a52959f33f5b01,188D81,Home Number,SOURCE_HOME_LABEL,6,,BYLAYER,-1,0.0,0.0,0.0,ACI:6|LT:BYLAYER|LW:-1|ROT_QGIS:0.000000000,"[{""operation"":""identity"",""source_entity_key"":""9df6f34086e092f9c541ae7850fddc0e5151ad0372fbc5e0c2a52959f33f5b01"",""max_displacement_m"":0.0}]",,,,,,
186,NN-63,,,,,,,,,,,,,,,,,,,,,762445.498256003,605006.8231531241,NN-63,DWG_DIRECT:text|RULE:AI-IMB-LABEL-001,8bc5d847f578e4846f827a4a05d2a4906b84644aaaa88d609f9feec42bd5602d,1707AF,Home Number,SOURCE_HOME_LABEL,6,,BYLAYER,-1,0.0,0.0,0.0,ACI:6|LT:BYLAYER|LW:-1|ROT_QGIS:0.000000000,"[{""operation"":""identity"",""source_entity_key"":""8bc5d847f578e4846f827a4a05d2a4906b84644aaaa88d609f9feec42bd5602d"",""max_displacement_m"":0.0}]",,,,,,
187,NN-12,,,,,,,,,,,,,,,,,,,,,762020.1623712844,605740.1954305981,NN-12,DWG_DIRECT:text|RULE:AI-IMB-LABEL-001,ae3c11bfb8d177dfde1d709beabbb966766a1b745f7066da20f64ecd51082faf,170749,Home Number,SOURCE_HOME_LABEL,6,,BYLAYER,-1,0.0,0.0,0.0,ACI:6|LT:BYLAYER|LW:-1|ROT_QGIS:0.000000000,"[{""operation"":""identity"",""source_entity_key"":""ae3c11bfb8d177dfde1d709beabbb966766a1b745f7066da20f64ecd51082faf"",""max_displacement_m"":0.0}]",,,,,,
188,NN-41,,,,,,,,,,,,,,,,,,,,,762384.5819006896,604925.1226190241,NN-41,DWG_DIRECT:text|RULE:AI-IMB-LABEL-001,364aed1ab3c76247fb15c9219fa56b39d83acb74b4bf3efcdfb34905830f95be,170783,Home Number,SOURCE_HOME_LABEL,6,,BYLAYER,-1,0.0,0.0,0.0,ACI:6|LT:BYLAYER|LW:-1|ROT_QGIS:0.000000000,"[{""operation"":""identity"",""source_entity_key"":""364aed1ab3c76247fb15c9219fa56b39d83acb74b4bf3efcdfb34905830f95be"",""max_displacement_m"":0.0}]",,,,,,
189,NN-282,,,,,,,,,,,,,,,,,,,,,761770.5038039417,605155.8391237705,NN-282,DWG_DIRECT:text|RULE:AI-IMB-LABEL-001,0f23d2adf01e0710c7d98a37907fc085e9582e84eb2e5ae3fe7cd55208a7ad11,170965,Home Number,SOURCE_HOME_LABEL,6,,BYLAYER,-1,0.0,0.0,0.0,ACI:6|LT:BYLAYER|LW:-1|ROT_QGIS:0.000000000,"[{""operation"":""identity"",""source_entity_key"":""0f23d2adf01e0710c7d98a37907fc085e9582e84eb2e5ae3fe7cd55208a7ad11"",""max_displacement_m"":0.0}]",,,,,,
190,NN-431,,,,,,,,,,,,,,,,,,,,,762296.9153403797,605572.3236575493,NN-431,DWG_DIRECT:text|RULE:AI-IMB-LABEL-001,e379d7c90bd94c2f2f158afa798facefaf9544938fc610804843b73fbc6fa366,188D7B,Home Number,SOURCE_HOME_LABEL,6,,BYLAYER,-1,0.0,0.0,0.0,ACI:6|LT:BYLAYER|LW:-1|ROT_QGIS:0.000000000,"[{""operation"":""identity"",""source_entity_key"":""e379d7c90bd94c2f2f158afa798facefaf9544938fc610804843b73fbc6fa366"",""max_displacement_m"":0.0}]",,,,,,
191,NN-374,,,,,,,,,,,,,,,,,,,,,761891.2963393676,604796.2479868801,NN-374,DWG_DIRECT:text|RULE:AI-IMB-LABEL-001,f94e2d4cbb2b49d430dff3952f3e5eaade3a9481441e50f808df68249abd7730,170A1D,Home Number,SOURCE_HOME_LABEL,6,,BYLAYER,-1,0.0,0.0,0.0,ACI:6|LT:BYLAYER|LW:-1|ROT_QGIS:0.000000000,"[{""operation"":""identity"",""source_entity_key"":""f94e2d4cbb2b49d430dff3952f3e5eaade3a9481441e50f808df68249abd7730"",""max_displacement_m"":0.0}]",,,,,,
192,NN-324,,,,,,,,,,,,,,,,,,,,,761677.0042617914,605144.7362575968,NN-324,DWG_DIRECT:text|RULE:AI-IMB-LABEL-001,e460447ef5cc8ce326f768f6ea6062739a53b73b4095b773bf3150d53f80f2b5,1709B9,Home Number,SOURCE_HOME_LABEL,6,,BYLAYER,-1,0.0,0.0,0.0,ACI:6|LT:BYLAYER|LW:-1|ROT_QGIS:0.000000000,"[{""operation"":""identity"",""source_entity_key"":""e460447ef5cc8ce326f768f6ea6062739a53b73b4095b773bf3150d53f80f2b5"",""max_displacement_m"":0.0}]",,,,,,
193,NN-414,,,,,,,,,,,,,,,,,,,,,762251.736599253,604879.0348805538,NN-414,DWG_DIRECT:text|RULE:AI-IMB-LABEL-001,cdff95b62d4d9342b750c7f03ea8632d2af646a01b40473a3e184339044a436f,170A6D,Home Number,SOURCE_HOME_LABEL,6,,BYLAYER,-1,4.71238898038469,270.0,90.0,ACI:6|LT:BYLAYER|LW:-1|ROT_QGIS:90.000000000,"[{""operation"":""identity"",""source_entity_key"":""cdff95b62d4d9342b750c7f03ea8632d2af646a01b40473a3e184339044a436f"",""max_displacement_m"":0.0}]",,,,,,
194,NN-332,,,,,,,,,,,,,,,,,,,,,761901.5526082278,604890.3441234148,NN-332,DWG_DIRECT:text|RULE:AI-IMB-LABEL-001,4657ad1f1289598c69b0c11607972029ab09922277c2662210392c416daa9cd5,1709C9,Home Number,SOURCE_HOME_LABEL,6,,BYLAYER,-1,0.0,0.0,0.0,ACI:6|LT:BYLAYER|LW:-1|ROT_QGIS:0.000000000,"[{""operation"":""identity"",""source_entity_key"":""4657ad1f1289598c69b0c11607972029ab09922277c2662210392c416daa9cd5"",""max_displacement_m"":0.0}]",,,,,,
195,NN-23,,,,,,,,,,,,,,,,,,,,,761651.9835876112,605179.0079772931,NN-23,DWG_DIRECT:text|RULE:AI-IMB-LABEL-001,8d4a8cd0b90d538f76b2550c089acf7acc35e73deda7d060469a800da3df7c43,17075F,Home Number,SOURCE_HOME_LABEL,6,,BYLAYER,-1,0.0,0.0,0.0,ACI:6|LT:BYLAYER|LW:-1|ROT_QGIS:0.000000000,"[{""operation"":""identity"",""source_entity_key"":""8d4a8cd0b90d538f76b2550c089acf7acc35e73deda7d060469a800da3df7c43"",""max_displacement_m"":0.0}]",,,,,,
196,NN-43,,,,,,,,,,,,,,,,,,,,,762382.0285133393,604991.7524284581,NN-43,DWG_DIRECT:text|RULE:AI-IMB-LABEL-001,23c045580e97c30848750132a12b90d26c4de940fc812c1ec2db787902334b8c,170787,Home Number,SOURCE_HOME_LABEL,6,,BYLAYER,-1,0.0,0.0,0.0,ACI:6|LT:BYLAYER|LW:-1|ROT_QGIS:0.000000000,"[{""operation"":""identity"",""source_entity_key"":""23c045580e97c30848750132a12b90d26c4de940fc812c1ec2db787902334b8c"",""max_displacement_m"":0.0}]",,,,,,
197,NN-310,,,,,,,,,,,,,,,,,,,,,761637.1542350865,605011.0016078106,NN-310,DWG_DIRECT:text|RULE:AI-IMB-LABEL-001,60aefa340e89a5643f8ea846d2196eb5f3552e7bfebdafe8e425a695b6104916,17099D,Home Number,SOURCE_HOME_LABEL,6,,BYLAYER,-1,0.0,0.0,0.0,ACI:6|LT:BYLAYER|LW:-1|ROT_QGIS:0.000000000,"[{""operation"":""identity"",""source_entity_key"":""60aefa340e89a5643f8ea846d2196eb5f3552e7bfebdafe8e425a695b6104916"",""max_displacement_m"":0.0}]",,,,,,
198,NN-76,,,,,,,,,,,,,,,,,,,,,762197.2570015641,605073.5558556059,NN-76,DWG_DIRECT:text|RULE:AI-IMB-LABEL-001,682af8a1d68ab4a38b57b9624250970739cc1b68e5f105cab36311d3544238e4,1707C9,Home Number,SOURCE_HOME_LABEL,6,,BYLAYER,-1,0.0,0.0,0.0,ACI:6|LT:BYLAYER|LW:-1|ROT_QGIS:0.000000000,"[{""operation"":""identity"",""source_entity_key"":""682af8a1d68ab4a38b57b9624250970739cc1b68e5f105cab36311d3544238e4"",""max_displacement_m"":0.0}]",,,,,,
199,NN-223,,,,,,,,,,,,,,,,,,,,,761438.7999038782,605193.6357845183,NN-223,DWG_DIRECT:text|RULE:AI-IMB-LABEL-001,d3451ae97bdd3b0e163400de76a73907620c509a951b4fab668d3eceda778024,1708EF,Home Number,SOURCE_HOME_LABEL,6,,BYLAYER,-1,0.0,0.0,0.0,ACI:6|LT:BYLAYER|LW:-1|ROT_QGIS:0.000000000,"[{""operation"":""identity"",""source_entity_key"":""d3451ae97bdd3b0e163400de76a73907620c509a951b4fab668d3eceda778024"",""max_displacement_m"":0.0}]",,,,,,
200,NN-377,,,,,,,,,,,,,,,,,,,,,761929.4607427462,604831.1707529507,NN-377,DWG_DIRECT:text|RULE:AI-IMB-LABEL-001,24a66b0a7d674c574ff8365ef8211d6442822d8278ef4b3cb4f08fb864ed1967,170A23,Home Number,SOURCE_HOME_LABEL,6,,BYLAYER,-1,0.0,0.0,0.0,ACI:6|LT:BYLAYER|LW:-1|ROT_QGIS:0.000000000,"[{""operation"":""identity"",""source_entity_key"":""24a66b0a7d674c574ff8365ef8211d6442822d8278ef4b3cb4f08fb864ed1967"",""max_displacement_m"":0.0}]",,,,,,
201,NN-105,,,,,,,,,,,,,,,,,,,,,762151.8962569754,605188.993974562,NN-105,DWG_DIRECT:text|RULE:AI-IMB-LABEL-001,cb9ace2e98cb473d589315074841b65a2adb5af13cc790348b26c9e3247749c6,170803,Home Number,SOURCE_HOME_LABEL,6,,BYLAYER,-1,0.0,0.0,0.0,ACI:6|LT:BYLAYER|LW:-1|ROT_QGIS:0.000000000,"[{""operation"":""identity"",""source_entity_key"":""cb9ace2e98cb473d589315074841b65a2adb5af13cc790348b26c9e3247749c6"",""max_displacement_m"":0.0}]",,,,,,
202,NN-104,,,,,,,,,,,,,,,,,,,,,762166.1410497512,605188.4836338938,NN-104,DWG_DIRECT:text|RULE:AI-IMB-LABEL-001,9cdff87980ea09235159e0d40838c756325c863f81f49cb77bed7ce0365bfb04,170801,Home Number,SOURCE_HOME_LABEL,6,,BYLAYER,-1,0.0,0.0,0.0,ACI:6|LT:BYLAYER|LW:-1|ROT_QGIS:0.000000000,"[{""operation"":""identity"",""source_entity_key"":""9cdff87980ea09235159e0d40838c756325c863f81f49cb77bed7ce0365bfb04"",""max_displacement_m"":0.0}]",,,,,,
203,NN-255,,,,,,,,,,,,,,,,,,,,,761342.420375062,605405.180616769,NN-255,DWG_DIRECT:text|RULE:AI-IMB-LABEL-001,4ced9e1b157683f2be09e0637ba938d06f9cf4cee49c38101a592689c54965f3,17092F,Home Number,SOURCE_HOME_LABEL,6,,BYLAYER,-1,0.0,0.0,0.0,ACI:6|LT:BYLAYER|LW:-1|ROT_QGIS:0.000000000,"[{""operation"":""identity"",""source_entity_key"":""4ced9e1b157683f2be09e0637ba938d06f9cf4cee49c38101a592689c54965f3"",""max_displacement_m"":0.0}]",,,,,,
204,NN-463,,,,,,,,,,,,,,,,,,,,,762307.0200613498,605805.7847091453,NN-463,DWG_DIRECT:text|RULE:AI-IMB-LABEL-001,776f4865d4e9b35c09294e0771df3d9b4c2e803bf94d0a9bb1c40807a8420436,188DBD,Home Number,SOURCE_HOME_LABEL,6,,BYLAYER,-1,0.0,0.0,0.0,ACI:6|LT:BYLAYER|LW:-1|ROT_QGIS:0.000000000,"[{""operation"":""identity"",""source_entity_key"":""776f4865d4e9b35c09294e0771df3d9b4c2e803bf94d0a9bb1c40807a8420436"",""max_displacement_m"":0.0}]",,,,,,
205,NN-275,,,,,,,,,,,,,,,,,,,,,761804.7314082452,605138.6411450225,NN-275,DWG_DIRECT:text|RULE:AI-IMB-LABEL-001,b7c9b51138f92de1c2c76ae8f07b6109eaf87cf006f3c741a8f6e46c6ac58aef,170957,Home Number,SOURCE_HOME_LABEL,6,,BYLAYER,-1,0.0,0.0,0.0,ACI:6|LT:BYLAYER|LW:-1|ROT_QGIS:0.000000000,"[{""operation"":""identity"",""source_entity_key"":""b7c9b51138f92de1c2c76ae8f07b6109eaf87cf006f3c741a8f6e46c6ac58aef"",""max_displacement_m"":0.0}]",,,,,,
206,NN-371,,,,,,,,,,,,,,,,,,,,,761885.6941607619,604833.2352458155,NN-371,DWG_DIRECT:text|RULE:AI-IMB-LABEL-001,875a261d90c87021e1f777232032c5b4a7fc42a7b144829be7cfb0da0446af2f,170A17,Home Number,SOURCE_HOME_LABEL,6,,BYLAYER,-1,0.0,0.0,0.0,ACI:6|LT:BYLAYER|LW:-1|ROT_QGIS:0.000000000,"[{""operation"":""identity"",""source_entity_key"":""875a261d90c87021e1f777232032c5b4a7fc42a7b144829be7cfb0da0446af2f"",""max_displacement_m"":0.0}]",,,,,,
207,NN-173,,,,,,,,,,,,,,,,,,,,,762052.123038605,605610.4956478436,NN-173,DWG_DIRECT:text|RULE:AI-IMB-LABEL-001,71a29793c78dc794275cfc925d157f9c98d686eadcf8c25e6e88813b23d293cd,17088B,Home Number,SOURCE_HOME_LABEL,6,,BYLAYER,-1,0.0,0.0,0.0,ACI:6|LT:BYLAYER|LW:-1|ROT_QGIS:0.000000000,"[{""operation"":""identity"",""source_entity_key"":""71a29793c78dc794275cfc925d157f9c98d686eadcf8c25e6e88813b23d293cd"",""max_displacement_m"":0.0}]",,,,,,
208,NN-300,,,,,,,,,,,,,,,,,,,,,761734.912175628,604988.624895371,NN-300,DWG_DIRECT:text|RULE:AI-IMB-LABEL-001,264b12e4fdd5df688eff6e5c11351c2a1544b6c34093e46776e5f8707e228989,170989,Home Number,SOURCE_HOME_LABEL,6,,BYLAYER,-1,5.864208732159258,335.9944105364889,24.005589465611337,ACI:6|LT:BYLAYER|LW:-1|ROT_QGIS:24.005589466,"[{""operation"":""identity"",""source_entity_key"":""264b12e4fdd5df688eff6e5c11351c2a1544b6c34093e46776e5f8707e228989"",""max_displacement_m"":0.0}]",,,,,,
209,NN-298,,,,,,,,,,,,,,,,,,,,,761750.9576253109,604979.4592539032,NN-298,DWG_DIRECT:text|RULE:AI-IMB-LABEL-001,be3451609ac8a4fc4ec70b78664483bb12ea87ab3f899329f589075120500c24,170985,Home Number,SOURCE_HOME_LABEL,6,,BYLAYER,-1,0.0,0.0,0.0,ACI:6|LT:BYLAYER|LW:-1|ROT_QGIS:0.000000000,"[{""operation"":""identity"",""source_entity_key"":""be3451609ac8a4fc4ec70b78664483bb12ea87ab3f899329f589075120500c24"",""max_displacement_m"":0.0}]",,,,,,
210,NN-103,,,,,,,,,,,,,,,,,,,,,762175.4357812755,605181.0769693331,NN-103,DWG_DIRECT:text|RULE:AI-IMB-LABEL-001,8e2208ef00008110288a962e47f95179ff3aeff1fcd5c6e49ecab4280bec75bf,1707FF,Home Number,SOURCE_HOME_LABEL,6,,BYLAYER,-1,0.0,0.0,0.0,ACI:6|LT:BYLAYER|LW:-1|ROT_QGIS:0.000000000,"[{""operation"":""identity"",""source_entity_key"":""8e2208ef00008110288a962e47f95179ff3aeff1fcd5c6e49ecab4280bec75bf"",""max_displacement_m"":0.0}]",,,,,,
211,NN-229,,,,,,,,,,,,,,,,,,,,,761485.1259261633,605213.1037294664,NN-229,DWG_DIRECT:text|RULE:AI-IMB-LABEL-001,1a34921b70b0f6115d9e9860801fa2d8510662b96be974c8dcba51b830275945,1708FB,Home Number,SOURCE_HOME_LABEL,6,,BYLAYER,-1,0.0,0.0,0.0,ACI:6|LT:BYLAYER|LW:-1|ROT_QGIS:0.000000000,"[{""operation"":""identity"",""source_entity_key"":""1a34921b70b0f6115d9e9860801fa2d8510662b96be974c8dcba51b830275945"",""max_displacement_m"":0.0}]",,,,,,
212,NN-101,,,,,,,,,,,,,,,,,,,,,762159.8937480162,605157.6232888366,NN-101,DWG_DIRECT:text|RULE:AI-IMB-LABEL-001,c78bf56f4a5d9b824f9f122234714fa6386941343407e91e722b3b3306e518b5,1707FB,Home Number,SOURCE_HOME_LABEL,6,,BYLAYER,-1,0.0,0.0,0.0,ACI:6|LT:BYLAYER|LW:-1|ROT_QGIS:0.000000000,"[{""operation"":""identity"",""source_entity_key"":""c78bf56f4a5d9b824f9f122234714fa6386941343407e91e722b3b3306e518b5"",""max_displacement_m"":0.0}]",,,,,,
213,NN-6,,,,,,,,,,,,,,,,,,,,,761945.7325991605,605750.7205554949,NN-6,DWG_DIRECT:text|RULE:AI-IMB-LABEL-001,66504f9aa90eba7d85e724a937a74b471ca5e070f570c7fa8a59feead918d74a,17073D,Home Number,SOURCE_HOME_LABEL,6,,BYLAYER,-1,0.0,0.0,0.0,ACI:6|LT:BYLAYER|LW:-1|ROT_QGIS:0.000000000,"[{""operation"":""identity"",""source_entity_key"":""66504f9aa90eba7d85e724a937a74b471ca5e070f570c7fa8a59feead918d74a"",""max_displacement_m"":0.0}]",,,,,,
214,NN-238,,,,,,,,,,,,,,,,,,,,,761423.9328502738,605221.6605142899,NN-238,DWG_DIRECT:text|RULE:AI-IMB-LABEL-001,db17f95b5ddae040406b7c4d2589a2f8396a5217074834f918169b553bfe41e0,17090D,Home Number,SOURCE_HOME_LABEL,6,,BYLAYER,-1,0.0,0.0,0.0,ACI:6|LT:BYLAYER|LW:-1|ROT_QGIS:0.000000000,"[{""operation"":""identity"",""source_entity_key"":""db17f95b5ddae040406b7c4d2589a2f8396a5217074834f918169b553bfe41e0"",""max_displacement_m"":0.0}]",,,,,,
215,NN-321,,,,,,,,,,,,,,,,,,,,,761671.2094880126,605043.7559501707,NN-321,DWG_DIRECT:text|RULE:AI-IMB-LABEL-001,7769230fec65a67b880082b177d7175008cad3dcef133134fccd4311d9918bd6,1709B3,Home Number,SOURCE_HOME_LABEL,6,,BYLAYER,-1,0.0,0.0,0.0,ACI:6|LT:BYLAYER|LW:-1|ROT_QGIS:0.000000000,"[{""operation"":""identity"",""source_entity_key"":""7769230fec65a67b880082b177d7175008cad3dcef133134fccd4311d9918bd6"",""max_displacement_m"":0.0}]",,,,,,
216,NN-241,,,,,,,,,,,,,,,,,,,,,761444.0536464034,605272.2418642035,NN-241,DWG_DIRECT:text|RULE:AI-IMB-LABEL-001,d235cd389e0553890abe9c96589c6b61e56e087080d03deeb9c17da84565debb,170913,Home Number,SOURCE_HOME_LABEL,6,,BYLAYER,-1,0.0,0.0,0.0,ACI:6|LT:BYLAYER|LW:-1|ROT_QGIS:0.000000000,"[{""operation"":""identity"",""source_entity_key"":""d235cd389e0553890abe9c96589c6b61e56e087080d03deeb9c17da84565debb"",""max_displacement_m"":0.0}]",,,,,,
217,NN-375,,,,,,,,,,,,,,,,,,,,,761908.6842352903,604842.567266806,NN-375,DWG_DIRECT:text|RULE:AI-IMB-LABEL-001,89d32afb0d00ace93fb768cd0530cf1f9d4a9e21c009ab5192c26a230f69e4d1,170A1F,Home Number,SOURCE_HOME_LABEL,6,,BYLAYER,-1,1.4254712993599883,81.67348927035685,278.32651072377433,ACI:6|LT:BYLAYER|LW:-1|ROT_QGIS:278.326510724,"[{""operation"":""identity"",""source_entity_key"":""89d32afb0d00ace93fb768cd0530cf1f9d4a9e21c009ab5192c26a230f69e4d1"",""max_displacement_m"":0.0}]",,,,,,
218,NN-289,,,,,,,,,,,,,,,,,,,,,761709.64330893,604982.6514868477,NN-289,DWG_DIRECT:text|RULE:AI-IMB-LABEL-001,4407a3ceb9580a5cbea0afebfab5965ea77b61507018443f550546c6dcd90a1d,170973,Home Number,SOURCE_HOME_LABEL,6,,BYLAYER,-1,0.0,0.0,0.0,ACI:6|LT:BYLAYER|LW:-1|ROT_QGIS:0.000000000,"[{""operation"":""identity"",""source_entity_key"":""4407a3ceb9580a5cbea0afebfab5965ea77b61507018443f550546c6dcd90a1d"",""max_displacement_m"":0.0}]",,,,,,
219,NN-299,,,,,,,,,,,,,,,,,,,,,761731.4254200368,604980.4294993838,NN-299,DWG_DIRECT:text|RULE:AI-IMB-LABEL-001,b97ad25345e9c820f7dc41bdf4ce588834a659a325bb42121ed13499b4d8a345,170987,Home Number,SOURCE_HOME_LABEL,6,,BYLAYER,-1,5.864208732159258,335.9944105364889,24.005589462897767,ACI:6|LT:BYLAYER|LW:-1|ROT_QGIS:24.005589463,"[{""operation"":""identity"",""source_entity_key"":""b97ad25345e9c820f7dc41bdf4ce588834a659a325bb42121ed13499b4d8a345"",""max_displacement_m"":0.0}]",,,,,,
220,NN-361,,,,,,,,,,,,,,,,,,,,,761663.6584704403,604958.8625810292,NN-361,DWG_DIRECT:text|RULE:AI-IMB-LABEL-001,2453f473a1cec53ec74dded4afe821e11b99165ce5462b9d9602928c396a0150,170A03,Home Number,SOURCE_HOME_LABEL,6,,BYLAYER,-1,1.283572491566835,73.54328646587109,286.45671353800753,ACI:6|LT:BYLAYER|LW:-1|ROT_QGIS:286.456713538,"[{""operation"":""identity"",""source_entity_key"":""2453f473a1cec53ec74dded4afe821e11b99165ce5462b9d9602928c396a0150"",""max_displacement_m"":0.0}]",,,,,,
221,NN-66,,,,,,,,,,,,,,,,,,,,,762382.4468750189,605051.1850874207,NN-66,DWG_DIRECT:text|RULE:AI-IMB-LABEL-001,47bac04ed935ae3c520b413714e19be962b07f7031d8426429f73a659016793c,1707B5,Home Number,SOURCE_HOME_LABEL,6,,BYLAYER,-1,0.0,0.0,0.0,ACI:6|LT:BYLAYER|LW:-1|ROT_QGIS:0.000000000,"[{""operation"":""identity"",""source_entity_key"":""47bac04ed935ae3c520b413714e19be962b07f7031d8426429f73a659016793c"",""max_displacement_m"":0.0}]",,,,,,
222,NN-42,,,,,,,,,,,,,,,,,,,,,762383.6707678479,605006.555852872,NN-42,DWG_DIRECT:text|RULE:AI-IMB-LABEL-001,f694af7556a557a48b7ee16727ab3f766a5f66fd2eaf243f39219a37b6c204aa,170785,Home Number,SOURCE_HOME_LABEL,6,,BYLAYER,-1,0.0,0.0,0.0,ACI:6|LT:BYLAYER|LW:-1|ROT_QGIS:0.000000000,"[{""operation"":""identity"",""source_entity_key"":""f694af7556a557a48b7ee16727ab3f766a5f66fd2eaf243f39219a37b6c204aa"",""max_displacement_m"":0.0}]",,,,,,
223,NN-268,,,,,,,,,,,,,,,,,,,,,761576.7176209404,605009.3498830873,NN-268,DWG_DIRECT:text|RULE:AI-IMB-LABEL-001,e2a2e89b3e212eec4e8c855bb84e0c19ed4d975f22fa24acab81c21d6e37a619,170949,Home Number,SOURCE_HOME_LABEL,6,,BYLAYER,-1,0.0,0.0,0.0,ACI:6|LT:BYLAYER|LW:-1|ROT_QGIS:0.000000000,"[{""operation"":""identity"",""source_entity_key"":""e2a2e89b3e212eec4e8c855bb84e0c19ed4d975f22fa24acab81c21d6e37a619"",""max_displacement_m"":0.0}]",,,,,,
224,NN-10,,,,,,,,,,,,,,,,,,,,,761995.9215050522,605739.120614226,NN-10,DWG_DIRECT:text|RULE:AI-IMB-LABEL-001,11e5ed52cc08d5addbad706db73f23f31743bbd2c679d7abf0694803a69215c2,170745,Home Number,SOURCE_HOME_LABEL,6,,BYLAYER,-1,0.0,0.0,0.0,ACI:6|LT:BYLAYER|LW:-1|ROT_QGIS:0.000000000,"[{""operation"":""identity"",""source_entity_key"":""11e5ed52cc08d5addbad706db73f23f31743bbd2c679d7abf0694803a69215c2"",""max_displacement_m"":0.0}]",,,,,,
225,NN-253,,,,,,,,,,,,,,,,,,,,,761380.823135983,605362.3987622295,NN-253,DWG_DIRECT:text|RULE:AI-IMB-LABEL-001,732225c0c689d72856d50537ab78e0eb941d3c8d256c6fb39aa3359a0e2b4eb2,17092B,Home Number,SOURCE_HOME_LABEL,6,,BYLAYER,-1,0.0,0.0,0.0,ACI:6|LT:BYLAYER|LW:-1|ROT_QGIS:0.000000000,"[{""operation"":""identity"",""source_entity_key"":""732225c0c689d72856d50537ab78e0eb941d3c8d256c6fb39aa3359a0e2b4eb2"",""max_displacement_m"":0.0}]",,,,,,
226,NN-115,,,,,,,,,,,,,,,,,,,,,762056.7948191458,605244.6722123725,NN-115,DWG_DIRECT:text|RULE:AI-IMB-LABEL-001,8fc7c81eafcfe2be7be9749f7bdeab57d9e2d504fb39a538b5117adba19970cd,170817,Home Number,SOURCE_HOME_LABEL,6,,BYLAYER,-1,0.0,0.0,0.0,ACI:6|LT:BYLAYER|LW:-1|ROT_QGIS:0.000000000,"[{""operation"":""identity"",""source_entity_key"":""8fc7c81eafcfe2be7be9749f7bdeab57d9e2d504fb39a538b5117adba19970cd"",""max_displacement_m"":0.0}]",,,,,,
227,NN-396,,,,,,,,,,,,,,,,,,,,,761969.2799491577,604670.3667896069,NN-396,DWG_DIRECT:text|RULE:AI-IMB-LABEL-001,57a5b13196a809350f8af8715f2f5f9e02b225dd8ba1f07b40c75da63a4c647e,170A49,Home Number,SOURCE_HOME_LABEL,6,,BYLAYER,-1,1.215823391865199,69.66154898715634,290.338451012665,ACI:6|LT:BYLAYER|LW:-1|ROT_QGIS:290.338451013,"[{""operation"":""identity"",""source_entity_key"":""57a5b13196a809350f8af8715f2f5f9e02b225dd8ba1f07b40c75da63a4c647e"",""max_displacement_m"":0.0}]",,,,,,
228,NN-305,,,,,,,,,,,,,,,,,,,,,761679.7670089358,604997.2531514,NN-305,DWG_DIRECT:text|RULE:AI-IMB-LABEL-001,9c2c977de104da7d12253e9807232575d055ec4b55d878361b652e3d467a5d84,170993,Home Number,SOURCE_HOME_LABEL,6,,BYLAYER,-1,0.0,0.0,0.0,ACI:6|LT:BYLAYER|LW:-1|ROT_QGIS:0.000000000,"[{""operation"":""identity"",""source_entity_key"":""9c2c977de104da7d12253e9807232575d055ec4b55d878361b652e3d467a5d84"",""max_displacement_m"":0.0}]",,,,,,
229,NN-216,,,,,,,,,,,,,,,,,,,,,761452.1737575299,605133.003486493,NN-216,DWG_DIRECT:text|RULE:AI-IMB-LABEL-001,96aa57736700f96619142a5d2abbeed36b4cc5c34f5011e9ff4b8ad4da1c2730,1708E1,Home Number,SOURCE_HOME_LABEL,6,,BYLAYER,-1,0.0,0.0,0.0,ACI:6|LT:BYLAYER|LW:-1|ROT_QGIS:0.000000000,"[{""operation"":""identity"",""source_entity_key"":""96aa57736700f96619142a5d2abbeed36b4cc5c34f5011e9ff4b8ad4da1c2730"",""max_displacement_m"":0.0}]",,,,,,
230,NN-118,,,,,,,,,,,,,,,,,,,,,762061.8558112121,605288.9479114035,NN-118,DWG_DIRECT:text|RULE:AI-IMB-LABEL-001,57824b87b2084606db15b6a4a8fb20b0e514068423c3117ac7c0f451c76b794e,17081D,Home Number,SOURCE_HOME_LABEL,6,,BYLAYER,-1,0.0,0.0,0.0,ACI:6|LT:BYLAYER|LW:-1|ROT_QGIS:0.000000000,"[{""operation"":""identity"",""source_entity_key"":""57824b87b2084606db15b6a4a8fb20b0e514068423c3117ac7c0f451c76b794e"",""max_displacement_m"":0.0}]",,,,,,
231,NN-364,,,,,,,,,,,,,,,,,,,,,761737.0805474573,604888.5342543938,NN-364,DWG_DIRECT:text|RULE:AI-IMB-LABEL-001,1330b2fa5b5b67cc4307d16a210c5106d6f4556afabdf9a8a559bbab30903be5,170A09,Home Number,SOURCE_HOME_LABEL,6,,BYLAYER,-1,1.2087983534011226,69.25904393224769,290.74095606688803,ACI:6|LT:BYLAYER|LW:-1|ROT_QGIS:290.740956067,"[{""operation"":""identity"",""source_entity_key"":""1330b2fa5b5b67cc4307d16a210c5106d6f4556afabdf9a8a559bbab30903be5"",""max_displacement_m"":0.0}]",,,,,,
232,NN-233,,,,,,,,,,,,,,,,,,,,,761455.5912417413,605226.9926238135,NN-233,DWG_DIRECT:text|RULE:AI-IMB-LABEL-001,dc19981c92642ed1a2fdf2c81d02686fd97d6949f048ef8acf96f291f870b26d,170903,Home Number,SOURCE_HOME_LABEL,6,,BYLAYER,-1,0.0,0.0,0.0,ACI:6|LT:BYLAYER|LW:-1|ROT_QGIS:0.000000000,"[{""operation"":""identity"",""source_entity_key"":""dc19981c92642ed1a2fdf2c81d02686fd97d6949f048ef8acf96f291f870b26d"",""max_displacement_m"":0.0}]",,,,,,
233,NN-382,,,,,,,,,,,,,,,,,,,,,761984.9944165586,604871.5401843174,NN-382,DWG_DIRECT:text|RULE:AI-IMB-LABEL-001,d3258bd7bb5b4c3d096bd8f8ef46c76b9fcb023c3c46008a3e8b99b1362e6e38,170A2D,Home Number,SOURCE_HOME_LABEL,6,,BYLAYER,-1,4.71238898038469,270.0,90.0,ACI:6|LT:BYLAYER|LW:-1|ROT_QGIS:90.000000000,"[{""operation"":""identity"",""source_entity_key"":""d3258bd7bb5b4c3d096bd8f8ef46c76b9fcb023c3c46008a3e8b99b1362e6e38"",""max_displacement_m"":0.0}]",,,,,,
234,NN-189,,,,,,,,,,,,,,,,,,,,,762022.9753984049,605583.6119747269,NN-189,DWG_DIRECT:text|RULE:AI-IMB-LABEL-001,2b3f93ad6442e10ab755e8f59936f27de15dee535de5d3ce2596c5a91117fdc9,1708AB,Home Number,SOURCE_HOME_LABEL,6,,BYLAYER,-1,4.71238898038469,270.0,90.0,ACI:6|LT:BYLAYER|LW:-1|ROT_QGIS:90.000000000,"[{""operation"":""identity"",""source_entity_key"":""2b3f93ad6442e10ab755e8f59936f27de15dee535de5d3ce2596c5a91117fdc9"",""max_displacement_m"":0.0}]",,,,,,
235,NN-412,,,,,,,,,,,,,,,,,,,,,762270.6732083596,604880.0946911902,NN-412,DWG_DIRECT:text|RULE:AI-IMB-LABEL-001,2681dfd98d241130abba8a0dc79c99982638dba5408ba261dd43d424ffad85c8,170A69,Home Number,SOURCE_HOME_LABEL,6,,BYLAYER,-1,4.71238898038469,270.0,90.0,ACI:6|LT:BYLAYER|LW:-1|ROT_QGIS:90.000000000,"[{""operation"":""identity"",""source_entity_key"":""2681dfd98d241130abba8a0dc79c99982638dba5408ba261dd43d424ffad85c8"",""max_displacement_m"":0.0}]",,,,,,
236,NN-102,,,,,,,,,,,,,,,,,,,,,762186.8677499467,605173.8452438889,NN-102,DWG_DIRECT:text|RULE:AI-IMB-LABEL-001,80d334cd7d69228884af8e473505f88bf389121dbe6646575dbbc1018d1644d8,1707FD,Home Number,SOURCE_HOME_LABEL,6,,BYLAYER,-1,0.0,0.0,0.0,ACI:6|LT:BYLAYER|LW:-1|ROT_QGIS:0.000000000,"[{""operation"":""identity"",""source_entity_key"":""80d334cd7d69228884af8e473505f88bf389121dbe6646575dbbc1018d1644d8"",""max_displacement_m"":0.0}]",,,,,,
237,NN-203,,,,,,,,,,,,,,,,,,,,,761297.3165874082,605395.2747169198,NN-203,DWG_DIRECT:text|RULE:AI-IMB-LABEL-001,fc7ff3787a513c672b2f864c2a6a41a32fc0d6739ead5eda564b0018f17da1de,1708C7,Home Number,SOURCE_HOME_LABEL,6,,BYLAYER,-1,0.0,0.0,0.0,ACI:6|LT:BYLAYER|LW:-1|ROT_QGIS:0.000000000,"[{""operation"":""identity"",""source_entity_key"":""fc7ff3787a513c672b2f864c2a6a41a32fc0d6739ead5eda564b0018f17da1de"",""max_displacement_m"":0.0}]",,,,,,
238,NN-464,,,,,,,,,,,,,,,,,,,,,762340.6348167573,605801.6785941521,NN-464,DWG_DIRECT:text|RULE:AI-IMB-LABEL-001,f11aef46454e6ee9bc6ded7341a3ef03fa8e3061b17e5fcec850cce52d61e5ff,188DBB,Home Number,SOURCE_HOME_LABEL,6,,BYLAYER,-1,0.0,0.0,0.0,ACI:6|LT:BYLAYER|LW:-1|ROT_QGIS:0.000000000,"[{""operation"":""identity"",""source_entity_key"":""f11aef46454e6ee9bc6ded7341a3ef03fa8e3061b17e5fcec850cce52d61e5ff"",""max_displacement_m"":0.0}]",,,,,,
239,NN-386,,,,,,,,,,,,,,,,,,,,,762010.1359612793,604847.0741637358,NN-386,DWG_DIRECT:text|RULE:AI-IMB-LABEL-001,3911c3af0133e8ab1032bed52133ea015a421aab8e4a049684756f721267c819,170A35,Home Number,SOURCE_HOME_LABEL,6,,BYLAYER,-1,0.0,0.0,0.0,ACI:6|LT:BYLAYER|LW:-1|ROT_QGIS:0.000000000,"[{""operation"":""identity"",""source_entity_key"":""3911c3af0133e8ab1032bed52133ea015a421aab8e4a049684756f721267c819"",""max_displacement_m"":0.0}]",,,,,,
240,NN-426,,,,,,,,,,,,,,,,,,,,,762301.1959796305,605466.3062710639,NN-426,DWG_DIRECT:text|RULE:AI-IMB-LABEL-001,d46fc299499f986d43a6c9bedbd688bfa58ea9b7e690500d638a163b28f7d551,188D77,Home Number,SOURCE_HOME_LABEL,6,,BYLAYER,-1,0.0,0.0,0.0,ACI:6|LT:BYLAYER|LW:-1|ROT_QGIS:0.000000000,"[{""operation"":""identity"",""source_entity_key"":""d46fc299499f986d43a6c9bedbd688bfa58ea9b7e690500d638a163b28f7d551"",""max_displacement_m"":0.0}]",,,,,,
241,NN-111,,,,,,,,,,,,,,,,,,,,,762114.3954025075,605252.7312775601,NN-111,DWG_DIRECT:text|RULE:AI-IMB-LABEL-001,198b695e9e020e6b1e4251515b75a7cb85202e0a78b5e11adc89557655dee747,17080F,Home Number,SOURCE_HOME_LABEL,6,,BYLAYER,-1,0.0,0.0,0.0,ACI:6|LT:BYLAYER|LW:-1|ROT_QGIS:0.000000000,"[{""operation"":""identity"",""source_entity_key"":""198b695e9e020e6b1e4251515b75a7cb85202e0a78b5e11adc89557655dee747"",""max_displacement_m"":0.0}]",,,,,,
242,33,,,,,,,,,,,,,,,,,,,,,762128.230139543,605619.4646203769,33,DWG_DIRECT:text|RULE:AI-IMB-LABEL-001,a9b2200e5ebef420b5a882dd66d50e72d30436a178f1a95d59b5459426eb669b,17072B,Home Number,SOURCE_HOME_LABEL,6,,BYLAYER,-1,0.0,0.0,0.0,ACI:6|LT:BYLAYER|LW:-1|ROT_QGIS:0.000000000,"[{""operation"":""identity"",""source_entity_key"":""a9b2200e5ebef420b5a882dd66d50e72d30436a178f1a95d59b5459426eb669b"",""max_displacement_m"":0.0}]",,,,,,
243,NN-64,,,,,,,,,,,,,,,,,,,,,762427.8053858358,605039.0817353068,NN-64,DWG_DIRECT:text|RULE:AI-IMB-LABEL-001,1c5b5d65ff49ed9ff4f1d7dc11f378369b6fa1b46c37e78617f89d3bd72344f8,1707B1,Home Number,SOURCE_HOME_LABEL,6,,BYLAYER,-1,0.0,0.0,0.0,ACI:6|LT:BYLAYER|LW:-1|ROT_QGIS:0.000000000,"[{""operation"":""identity"",""source_entity_key"":""1c5b5d65ff49ed9ff4f1d7dc11f378369b6fa1b46c37e78617f89d3bd72344f8"",""max_displacement_m"":0.0}]",,,,,,
244,NN-391,,,,,,,,,,,,,,,,,,,,,761981.7892087179,604722.9788873234,NN-391,DWG_DIRECT:text|RULE:AI-IMB-LABEL-001,03c5e893ade9120b1f12424da2286f98eaf89e2a71c08a7c7cc7e3083f92fc23,170A3F,Home Number,SOURCE_HOME_LABEL,6,,BYLAYER,-1,0.0,0.0,0.0,ACI:6|LT:BYLAYER|LW:-1|ROT_QGIS:0.000000000,"[{""operation"":""identity"",""source_entity_key"":""03c5e893ade9120b1f12424da2286f98eaf89e2a71c08a7c7cc7e3083f92fc23"",""max_displacement_m"":0.0}]",,,,,,
245,11,,,,,,,,,,,,,,,,,,,,,762031.9366024004,604755.3004221977,11,DWG_DIRECT:text|RULE:AI-IMB-LABEL-001,11f5cf8eeb1de0337022bd6842cbaf75e13d0e2d0ced9005c8d3528ddae58020,1706FD,Home Number,SOURCE_HOME_LABEL,6,,BYLAYER,-1,0.0,0.0,0.0,ACI:6|LT:BYLAYER|LW:-1|ROT_QGIS:0.000000000,"[{""operation"":""identity"",""source_entity_key"":""11f5cf8eeb1de0337022bd6842cbaf75e13d0e2d0ced9005c8d3528ddae58020"",""max_displacement_m"":0.0}]",,,,,,
246,NN-303,,,,,,,,,,,,,,,,,,,,,761678.7396450476,604980.1632482215,NN-303,DWG_DIRECT:text|RULE:AI-IMB-LABEL-001,6f9665c32f01dc3d4cfbecb6d86a5402b08e858bf658ad05acd1b5f025c811bd,17098F,Home Number,SOURCE_HOME_LABEL,6,,BYLAYER,-1,0.0,0.0,0.0,ACI:6|LT:BYLAYER|LW:-1|ROT_QGIS:0.000000000,"[{""operation"":""identity"",""source_entity_key"":""6f9665c32f01dc3d4cfbecb6d86a5402b08e858bf658ad05acd1b5f025c811bd"",""max_displacement_m"":0.0}]",,,,,,
247,13,,,,,,,,,,,,,,,,,,,,,762165.9985092932,605553.6806685342,13,DWG_DIRECT:text|RULE:AI-IMB-LABEL-001,e0c7a820bf423d7b2dd0948edfdfb66530f573151f378bdadf96122cd5d1beb3,170703,Home Number,SOURCE_HOME_LABEL,6,,BYLAYER,-1,0.0,0.0,0.0,ACI:6|LT:BYLAYER|LW:-1|ROT_QGIS:0.000000000,"[{""operation"":""identity"",""source_entity_key"":""e0c7a820bf423d7b2dd0948edfdfb66530f573151f378bdadf96122cd5d1beb3"",""max_displacement_m"":0.0}]",,,,,,
248,NN-129,,,,,,,,,,,,,,,,,,,,,762114.752644445,605382.2343261433,NN-129,DWG_DIRECT:text|RULE:AI-IMB-LABEL-001,960db2391d56bd0b36359ed1b067357975287127b74cdcc4e65134ba9d4ac6b3,170833,Home Number,SOURCE_HOME_LABEL,6,,BYLAYER,-1,0.0,0.0,0.0,ACI:6|LT:BYLAYER|LW:-1|ROT_QGIS:0.000000000,"[{""operation"":""identity"",""source_entity_key"":""960db2391d56bd0b36359ed1b067357975287127b74cdcc4e65134ba9d4ac6b3"",""max_displacement_m"":0.0}]",,,,,,
249,4,,,,,,,,,,,,,,,,,,,,,762235.941933676,605552.4016200245,4,DWG_DIRECT:text|RULE:AI-IMB-LABEL-001,f4b2d8036382b50db0bfcfd12cf7ae068b350a584583a601dd45a49a22e1a72e,1706ED,Home Number,SOURCE_HOME_LABEL,6,,BYLAYER,-1,0.0,0.0,0.0,ACI:6|LT:BYLAYER|LW:-1|ROT_QGIS:0.000000000,"[{""operation"":""identity"",""source_entity_key"":""f4b2d8036382b50db0bfcfd12cf7ae068b350a584583a601dd45a49a22e1a72e"",""max_displacement_m"":0.0}]",,,,,,
250,NN-433,,,,,,,,,,,,,,,,,,,,,762275.9159103745,605564.4183899894,NN-433,DWG_DIRECT:text|RULE:AI-IMB-LABEL-001,f30e6850850da31647db323436fcf7682a9dddfabda9e6d693fde6bff7d089ad,1897D4,Home Number,SOURCE_HOME_LABEL,6,,BYLAYER,-1,0.0,0.0,0.0,ACI:6|LT:BYLAYER|LW:-1|ROT_QGIS:0.000000000,"[{""operation"":""identity"",""source_entity_key"":""f30e6850850da31647db323436fcf7682a9dddfabda9e6d693fde6bff7d089ad"",""max_displacement_m"":0.0}]",,,,,,
251,NN-435,,,,,,,,,,,,,,,,,,,,,762341.408039795,605656.0994328754,NN-435,DWG_DIRECT:text|RULE:AI-IMB-LABEL-001,86977134b66cd8a9eb129c21bbcc26bf7c6d6b53283cf134545805a02d5320d7,188D7F,Home Number,SOURCE_HOME_LABEL,6,,BYLAYER,-1,0.0,0.0,0.0,ACI:6|LT:BYLAYER|LW:-1|ROT_QGIS:0.000000000,"[{""operation"":""identity"",""source_entity_key"":""86977134b66cd8a9eb129c21bbcc26bf7c6d6b53283cf134545805a02d5320d7"",""max_displacement_m"":0.0}]",,,,,,
252,NN-437,,,,,,,,,,,,,,,,,,,,,762348.8916688977,605702.7324980983,NN-437,DWG_DIRECT:text|RULE:AI-IMB-LABEL-001,e8996814bafb249ae96995cba59897e8430d475a4220ab15c8d673a1952d6578,188D89,Home Number,SOURCE_HOME_LABEL,6,,BYLAYER,-1,0.0,0.0,0.0,ACI:6|LT:BYLAYER|LW:-1|ROT_QGIS:0.000000000,"[{""operation"":""identity"",""source_entity_key"":""e8996814bafb249ae96995cba59897e8430d475a4220ab15c8d673a1952d6578"",""max_displacement_m"":0.0}]",,,,,,
253,NN-146,,,,,,,,,,,,,,,,,,,,,762217.1911091519,605566.3816552276,NN-146,DWG_DIRECT:text|RULE:AI-IMB-LABEL-001,8c6934380f29f41d042c363a70b434229514159331284bcb2146868eaa307b34,170855,Home Number,SOURCE_HOME_LABEL,6,,BYLAYER,-1,0.0,0.0,0.0,ACI:6|LT:BYLAYER|LW:-1|ROT_QGIS:0.000000000,"[{""operation"":""identity"",""source_entity_key"":""8c6934380f29f41d042c363a70b434229514159331284bcb2146868eaa307b34"",""max_displacement_m"":0.0}]",,,,,,
254,NN-373,,,,,,,,,,,,,,,,,,,,,761897.5380881702,604808.9772658366,NN-373,DWG_DIRECT:text|RULE:AI-IMB-LABEL-001,54aac235998c260432f6641567c17c403c0baac4c193f4d239155664af685fc0,170A1B,Home Number,SOURCE_HOME_LABEL,6,,BYLAYER,-1,0.0,0.0,0.0,ACI:6|LT:BYLAYER|LW:-1|ROT_QGIS:0.000000000,"[{""operation"":""identity"",""source_entity_key"":""54aac235998c260432f6641567c17c403c0baac4c193f4d239155664af685fc0"",""max_displacement_m"":0.0}]",,,,,,
255,NN-49,,,,,,,,,,,,,,,,,,,,,762332.0076548862,605014.1228991488,NN-49,DWG_DIRECT:text|RULE:AI-IMB-LABEL-001,d68f4868c4307fe9fc56b759acdb4916446ad0e814a379a1c9b3c4223a7a1fb0,170793,Home Number,SOURCE_HOME_LABEL,6,,BYLAYER,-1,0.0,0.0,0.0,ACI:6|LT:BYLAYER|LW:-1|ROT_QGIS:0.000000000,"[{""operation"":""identity"",""source_entity_key"":""d68f4868c4307fe9fc56b759acdb4916446ad0e814a379a1c9b3c4223a7a1fb0"",""max_displacement_m"":0.0}]",,,,,,
256,15,,,,,,,,,,,,,,,,,,,,,762149.7785485621,605570.4199915421,15,DWG_DIRECT:text|RULE:AI-IMB-LABEL-001,6c805e4523400a7d3789d14e513f2e4a527afa1e808e15af257e7872d64132cc,17070B,Home Number,SOURCE_HOME_LABEL,6,,BYLAYER,-1,0.0,0.0,0.0,ACI:6|LT:BYLAYER|LW:-1|ROT_QGIS:0.000000000,"[{""operation"":""identity"",""source_entity_key"":""6c805e4523400a7d3789d14e513f2e4a527afa1e808e15af257e7872d64132cc"",""max_displacement_m"":0.0}]",,,,,,
257,NN-201,,,,,,,,,,,,,,,,,,,,,761271.438944244,605349.8255019203,NN-201,DWG_DIRECT:text|RULE:AI-IMB-LABEL-001,6b72fd7acd7b9dad0676fd9dc085fea49207831a3a22ace19c371073ec6584c3,1708C3,Home Number,SOURCE_HOME_LABEL,6,,BYLAYER,-1,0.0,0.0,0.0,ACI:6|LT:BYLAYER|LW:-1|ROT_QGIS:0.000000000,"[{""operation"":""identity"",""source_entity_key"":""6b72fd7acd7b9dad0676fd9dc085fea49207831a3a22ace19c371073ec6584c3"",""max_displacement_m"":0.0}]",,,,,,
258,NN-291,,,,,,,,,,,,,,,,,,,,,761727.3513546749,605028.8363200775,NN-291,DWG_DIRECT:text|RULE:AI-IMB-LABEL-001,a65dc7abc7aa32d2b932877101cb922859d0a8a8e9921b86007fcdd4b3a644cf,170977,Home Number,SOURCE_HOME_LABEL,6,,BYLAYER,-1,0.0,0.0,0.0,ACI:6|LT:BYLAYER|LW:-1|ROT_QGIS:0.000000000,"[{""operation"":""identity"",""source_entity_key"":""a65dc7abc7aa32d2b932877101cb922859d0a8a8e9921b86007fcdd4b3a644cf"",""max_displacement_m"":0.0}]",,,,,,
259,NN-200,,,,,,,,,,,,,,,,,,,,,761253.7021867547,605362.8268949522,NN-200,DWG_DIRECT:text|RULE:AI-IMB-LABEL-001,ad88144777da16be0ccb7230b26b93e7b112d9430a43b6276124955e4b619bff,1708C1,Home Number,SOURCE_HOME_LABEL,6,,BYLAYER,-1,0.0,0.0,0.0,ACI:6|LT:BYLAYER|LW:-1|ROT_QGIS:0.000000000,"[{""operation"":""identity"",""source_entity_key"":""ad88144777da16be0ccb7230b26b93e7b112d9430a43b6276124955e4b619bff"",""max_displacement_m"":0.0}]",,,,,,
260,NN-308,,,,,,,,,,,,,,,,,,,,,761666.0837688888,604998.2831121094,NN-308,DWG_DIRECT:text|RULE:AI-IMB-LABEL-001,42f02d86befdf2bb2327061ece6eb167980ebd83992b87e5cb94f05792530796,170999,Home Number,SOURCE_HOME_LABEL,6,,BYLAYER,-1,1.0302316998822676,59.0279283238424,300.9720716750277,ACI:6|LT:BYLAYER|LW:-1|ROT_QGIS:300.972071675,"[{""operation"":""identity"",""source_entity_key"":""42f02d86befdf2bb2327061ece6eb167980ebd83992b87e5cb94f05792530796"",""max_displacement_m"":0.0}]",,,,,,
261,NN-442,,,,,,,,,,,,,,,,,,,,,762343.0864572985,605725.2902742915,NN-442,DWG_DIRECT:text|RULE:AI-IMB-LABEL-001,feab40b609c0c00049d37ab766cf8aed12576af7b628baa4d1b1ccff6531f736,188D8B,Home Number,SOURCE_HOME_LABEL,6,,BYLAYER,-1,1.3733408302223895,78.68663340473546,281.3133665964673,ACI:6|LT:BYLAYER|LW:-1|ROT_QGIS:281.313366596,"[{""operation"":""identity"",""source_entity_key"":""feab40b609c0c00049d37ab766cf8aed12576af7b628baa4d1b1ccff6531f736"",""max_displacement_m"":0.0}]",,,,,,
262,NN-191,,,,,,,,,,,,,,,,,,,,,762438.9179848556,604834.4090927246,NN-191,DWG_DIRECT:text|RULE:AI-IMB-LABEL-001,d3168a31f4ca7b09c8b99c32cac8fd4b426cd3ecf7939fad1e436045939ff77e,1708AF,Home Number,SOURCE_HOME_LABEL,6,,BYLAYER,-1,0.0,0.0,0.0,ACI:6|LT:BYLAYER|LW:-1|ROT_QGIS:0.000000000,"[{""operation"":""identity"",""source_entity_key"":""d3168a31f4ca7b09c8b99c32cac8fd4b426cd3ecf7939fad1e436045939ff77e"",""max_displacement_m"":0.0}]",,,,,,
263,NN-125,,,,,,,,,,,,,,,,,,,,,762120.3624134159,605361.6624595039,NN-125,DWG_DIRECT:text|RULE:AI-IMB-LABEL-001,bfa26662cff02d76367534e0d94d06384e49ebde4cc648e35a81b34b4da74acd,17082B,Home Number,SOURCE_HOME_LABEL,6,,BYLAYER,-1,0.0,0.0,0.0,ACI:6|LT:BYLAYER|LW:-1|ROT_QGIS:0.000000000,"[{""operation"":""identity"",""source_entity_key"":""bfa26662cff02d76367534e0d94d06384e49ebde4cc648e35a81b34b4da74acd"",""max_displacement_m"":0.0}]",,,,,,
264,NN-211,,,,,,,,,,,,,,,,,,,,,761975.4496358898,604745.086369952,NN-211,DWG_DIRECT:text|RULE:AI-IMB-LABEL-001,9b0ae85d55a20f8ba85e0bfa6b75149f9375b27ffcd769e38cff86b42bf0d724,1708D7,Home Number,SOURCE_HOME_LABEL,6,,BYLAYER,-1,0.0,0.0,0.0,ACI:6|LT:BYLAYER|LW:-1|ROT_QGIS:0.000000000,"[{""operation"":""identity"",""source_entity_key"":""9b0ae85d55a20f8ba85e0bfa6b75149f9375b27ffcd769e38cff86b42bf0d724"",""max_displacement_m"":0.0}]",,,,,,
265,22,,,,,,,,,,,,,,,,,,,,,761950.5718963201,604841.5694908714,22,DWG_DIRECT:text|RULE:AI-IMB-LABEL-001,ffd7f9237d107fa7b3336d19366d5e50d2384b98ad7b9f1f87df773581e9fde9,170719,Home Number,SOURCE_HOME_LABEL,6,,BYLAYER,-1,0.0,0.0,0.0,ACI:6|LT:BYLAYER|LW:-1|ROT_QGIS:0.000000000,"[{""operation"":""identity"",""source_entity_key"":""ffd7f9237d107fa7b3336d19366d5e50d2384b98ad7b9f1f87df773581e9fde9"",""max_displacement_m"":0.0}]",,,,,,
266,NN-151,,,,,,,,,,,,,,,,,,,,,762183.1894503754,605642.4149930818,NN-151,DWG_DIRECT:text|RULE:AI-IMB-LABEL-001,ce5e9e64254ad6e95ccea45aa384a0a5557341aecf60712fa2a9f0b126b2e559,17085F,Home Number,SOURCE_HOME_LABEL,6,,BYLAYER,-1,0.0,0.0,0.0,ACI:6|LT:BYLAYER|LW:-1|ROT_QGIS:0.000000000,"[{""operation"":""identity"",""source_entity_key"":""ce5e9e64254ad6e95ccea45aa384a0a5557341aecf60712fa2a9f0b126b2e559"",""max_displacement_m"":0.0}]",,,,,,
267,NN-467,,,,,,,,,,,,,,,,,,,,,762301.319623629,605853.6310550956,NN-467,DWG_DIRECT:text|RULE:AI-IMB-LABEL-001,01fe96d090c5ed920b356625c6a875d77f5529665d48322f8891fd26ea71ef6e,188DB9,Home Number,SOURCE_HOME_LABEL,6,,BYLAYER,-1,0.0,0.0,0.0,ACI:6|LT:BYLAYER|LW:-1|ROT_QGIS:0.000000000,"[{""operation"":""identity"",""source_entity_key"":""01fe96d090c5ed920b356625c6a875d77f5529665d48322f8891fd26ea71ef6e"",""max_displacement_m"":0.0}]",,,,,,
268,NN-143,,,,,,,,,,,,,,,,,,,,,762141.0868976726,605465.231034918,NN-143,DWG_DIRECT:text|RULE:AI-IMB-LABEL-001,fba4286902209227b72315d3c6d267a6d23640ed0b1828b298b74955d462f9d2,17084F,Home Number,SOURCE_HOME_LABEL,6,,BYLAYER,-1,0.0,0.0,0.0,ACI:6|LT:BYLAYER|LW:-1|ROT_QGIS:0.000000000,"[{""operation"":""identity"",""source_entity_key"":""fba4286902209227b72315d3c6d267a6d23640ed0b1828b298b74955d462f9d2"",""max_displacement_m"":0.0}]",,,,,,
269,NN-71,,,,,,,,,,,,,,,,,,,,,762344.654511573,605042.4287275767,NN-71,DWG_DIRECT:text|RULE:AI-IMB-LABEL-001,58f82df0a7d2707e2846505db5cc10b0c6bb90bc15c124ad4764d5973b0eee96,1707BF,Home Number,SOURCE_HOME_LABEL,6,,BYLAYER,-1,0.0,0.0,0.0,ACI:6|LT:BYLAYER|LW:-1|ROT_QGIS:0.000000000,"[{""operation"":""identity"",""source_entity_key"":""58f82df0a7d2707e2846505db5cc10b0c6bb90bc15c124ad4764d5973b0eee96"",""max_displacement_m"":0.0}]",,,,,,
270,NN-126,,,,,,,,,,,,,,,,,,,,,762117.4666759637,605350.6493597631,NN-126,DWG_DIRECT:text|RULE:AI-IMB-LABEL-001,02860cef1635fa1384242559e816ecf9e75cee34946aeff7f78e525ca32724c5,17082D,Home Number,SOURCE_HOME_LABEL,6,,BYLAYER,-1,0.0,0.0,0.0,ACI:6|LT:BYLAYER|LW:-1|ROT_QGIS:0.000000000,"[{""operation"":""identity"",""source_entity_key"":""02860cef1635fa1384242559e816ecf9e75cee34946aeff7f78e525ca32724c5"",""max_displacement_m"":0.0}]",,,,,,
271,NN-187,,,,,,,,,,,,,,,,,,,,,762072.7304198995,605555.1370830267,NN-187,DWG_DIRECT:text|RULE:AI-IMB-LABEL-001,ae1648f7bd92865caafb544514ffec7fdf9fcc8a25275c8edadc9764ba7bad6d,1708A7,Home Number,SOURCE_HOME_LABEL,6,,BYLAYER,-1,0.0,0.0,0.0,ACI:6|LT:BYLAYER|LW:-1|ROT_QGIS:0.000000000,"[{""operation"":""identity"",""source_entity_key"":""ae1648f7bd92865caafb544514ffec7fdf9fcc8a25275c8edadc9764ba7bad6d"",""max_displacement_m"":0.0}]",,,,,,
272,NN-262,,,,,,,,,,,,,,,,,,,,,761300.256377818,605416.2090286692,NN-262,DWG_DIRECT:text|RULE:AI-IMB-LABEL-001,019da45260bca7b05afa6c3fbc43e974dea9eed7f55ab4357cbd3e1b692380dc,17093D,Home Number,SOURCE_HOME_LABEL,6,,BYLAYER,-1,0.0,0.0,0.0,ACI:6|LT:BYLAYER|LW:-1|ROT_QGIS:0.000000000,"[{""operation"":""identity"",""source_entity_key"":""019da45260bca7b05afa6c3fbc43e974dea9eed7f55ab4357cbd3e1b692380dc"",""max_displacement_m"":0.0}]",,,,,,
273,NN-161,,,,,,,,,,,,,,,,,,,,,762121.5881001968,605527.8258014407,NN-161,DWG_DIRECT:text|RULE:AI-IMB-LABEL-001,b792b3acb2ed48e9f3e99d784237a261efc942f263c178bcdd3fb8140caa8b7c,170873,Home Number,SOURCE_HOME_LABEL,6,,BYLAYER,-1,0.0,0.0,0.0,ACI:6|LT:BYLAYER|LW:-1|ROT_QGIS:0.000000000,"[{""operation"":""identity"",""source_entity_key"":""b792b3acb2ed48e9f3e99d784237a261efc942f263c178bcdd3fb8140caa8b7c"",""max_displacement_m"":0.0}]",,,,,,
274,NN-379,,,,,,,,,,,,,,,,,,,,,761960.9564876705,604846.1510367928,NN-379,DWG_DIRECT:text|RULE:AI-IMB-LABEL-001,dd338141914664191aaf72727818e85277b8f7f7f4bb2d492cecc6c213e73efd,170A27,Home Number,SOURCE_HOME_LABEL,6,,BYLAYER,-1,4.71238898038469,270.0,90.0,ACI:6|LT:BYLAYER|LW:-1|ROT_QGIS:90.000000000,"[{""operation"":""identity"",""source_entity_key"":""dd338141914664191aaf72727818e85277b8f7f7f4bb2d492cecc6c213e73efd"",""max_displacement_m"":0.0}]",,,,,,
275,NN-454,,,,,,,,,,,,,,,,,,,,,762247.4958123681,605757.3220703594,NN-454,DWG_DIRECT:text|RULE:AI-IMB-LABEL-001,ffd03e9cec76dbe1e6c5e6f30ff76c310bb604de99a2bed2117968602ec168bb,188DB3,Home Number,SOURCE_HOME_LABEL,6,,BYLAYER,-1,0.0,0.0,0.0,ACI:6|LT:BYLAYER|LW:-1|ROT_QGIS:0.000000000,"[{""operation"":""identity"",""source_entity_key"":""ffd03e9cec76dbe1e6c5e6f30ff76c310bb604de99a2bed2117968602ec168bb"",""max_displacement_m"":0.0}]",,,,,,
276,NN-331,,,,,,,,,,,,,,,,,,,,,761914.7732965926,604888.5601661219,NN-331,DWG_DIRECT:text|RULE:AI-IMB-LABEL-001,66ed40c0a70021b9d81975657738840c06a18051b03ed4b6cdbbe0886ff20276,1709C7,Home Number,SOURCE_HOME_LABEL,6,,BYLAYER,-1,0.0,0.0,0.0,ACI:6|LT:BYLAYER|LW:-1|ROT_QGIS:0.000000000,"[{""operation"":""identity"",""source_entity_key"":""66ed40c0a70021b9d81975657738840c06a18051b03ed4b6cdbbe0886ff20276"",""max_displacement_m"":0.0}]",,,,,,
277,NN-68,,,,,,,,,,,,,,,,,,,,,762380.052315884,605027.7473762317,NN-68,DWG_DIRECT:text|RULE:AI-IMB-LABEL-001,e30cf7b6e91f710c945fd089a05571f26d339f6e90b16995332e21d5a66bda67,1707B9,Home Number,SOURCE_HOME_LABEL,6,,BYLAYER,-1,0.0,0.0,0.0,ACI:6|LT:BYLAYER|LW:-1|ROT_QGIS:0.000000000,"[{""operation"":""identity"",""source_entity_key"":""e30cf7b6e91f710c945fd089a05571f26d339f6e90b16995332e21d5a66bda67"",""max_displacement_m"":0.0}]",,,,,,
278,NN-326,,,,,,,,,,,,,,,,,,,,,761629.5916093256,605142.3034755827,NN-326,DWG_DIRECT:text|RULE:AI-IMB-LABEL-001,b5cff789543ff0760d05e777532fb04a2dac32f50fbbdd588ec3b8eef83c053b,1709BD,Home Number,SOURCE_HOME_LABEL,6,,BYLAYER,-1,0.0,0.0,0.0,ACI:6|LT:BYLAYER|LW:-1|ROT_QGIS:0.000000000,"[{""operation"":""identity"",""source_entity_key"":""b5cff789543ff0760d05e777532fb04a2dac32f50fbbdd588ec3b8eef83c053b"",""max_displacement_m"":0.0}]",,,,,,
279,NN-309,,,,,,,,,,,,,,,,,,,,,761652.0361693361,605003.4627284474,NN-309,DWG_DIRECT:text|RULE:AI-IMB-LABEL-001,412dfc1c5e6a78a8d97d810450d69387354b6e8e46afaaedf525b5fe5fe1e1c0,17099B,Home Number,SOURCE_HOME_LABEL,6,,BYLAYER,-1,1.0302316998822676,59.0279283238424,300.9720716750277,ACI:6|LT:BYLAYER|LW:-1|ROT_QGIS:300.972071675,"[{""operation"":""identity"",""source_entity_key"":""412dfc1c5e6a78a8d97d810450d69387354b6e8e46afaaedf525b5fe5fe1e1c0"",""max_displacement_m"":0.0}]",,,,,,
280,NN-423,,,,,,,,,,,,,,,,,,,,,762226.6089869831,605953.0958327237,NN-423,DWG_DIRECT:text|RULE:AI-IMB-LABEL-001,4888277ccd4e4562543d9b064aef7c19329c60798656c811887a1affcd62778e,188DC9,Home Number,SOURCE_HOME_LABEL,6,,BYLAYER,-1,0.0,0.0,0.0,ACI:6|LT:BYLAYER|LW:-1|ROT_QGIS:0.000000000,"[{""operation"":""identity"",""source_entity_key"":""4888277ccd4e4562543d9b064aef7c19329c60798656c811887a1affcd62778e"",""max_displacement_m"":0.0}]",,,,,,
281,NN-359,,,,,,,,,,,,,,,,,,,,,761675.5468371569,604954.9598357542,NN-359,DWG_DIRECT:text|RULE:AI-IMB-LABEL-001,fcb44011587ee5d1752bddb19366d152d9415da2ffa8d7c23de42f9ebcefc67d,1709FF,Home Number,SOURCE_HOME_LABEL,6,,BYLAYER,-1,1.283572491566835,73.54328646587109,286.45671352972107,ACI:6|LT:BYLAYER|LW:-1|ROT_QGIS:286.456713530,"[{""operation"":""identity"",""source_entity_key"":""fcb44011587ee5d1752bddb19366d152d9415da2ffa8d7c23de42f9ebcefc67d"",""max_displacement_m"":0.0}]",,,,,,
282,NN-93,,,,,,,,,,,,,,,,,,,,,762126.446304053,605121.524504352,NN-93,DWG_DIRECT:text|RULE:AI-IMB-LABEL-001,c024fce4e2990e2205f292d4080ebd5b1b028da6a72ecc4dcef8c3b17d41a2d2,1707EB,Home Number,SOURCE_HOME_LABEL,6,,BYLAYER,-1,0.0,0.0,0.0,ACI:6|LT:BYLAYER|LW:-1|ROT_QGIS:0.000000000,"[{""operation"":""identity"",""source_entity_key"":""c024fce4e2990e2205f292d4080ebd5b1b028da6a72ecc4dcef8c3b17d41a2d2"",""max_displacement_m"":0.0}]",,,,,,
283,NN-108,,,,,,,,,,,,,,,,,,,,,762149.5308303336,605250.0741499043,NN-108,DWG_DIRECT:text|RULE:AI-IMB-LABEL-001,73cfaa3c168a52602c1b22bf4fb294bb48f89514be69cf018b26ddfbd0d6f156,170809,Home Number,SOURCE_HOME_LABEL,6,,BYLAYER,-1,0.0,0.0,0.0,ACI:6|LT:BYLAYER|LW:-1|ROT_QGIS:0.000000000,"[{""operation"":""identity"",""source_entity_key"":""73cfaa3c168a52602c1b22bf4fb294bb48f89514be69cf018b26ddfbd0d6f156"",""max_displacement_m"":0.0}]",,,,,,
284,NN-307,,,,,,,,,,,,,,,,,,,,,761659.8091817419,605001.6240732117,NN-307,DWG_DIRECT:text|RULE:AI-IMB-LABEL-001,2ed44ec659f013ffc0f1f0d09e6ca30e7b81763a20ad50f08464c74f8284e33a,170997,Home Number,SOURCE_HOME_LABEL,6,,BYLAYER,-1,1.0302316998822676,59.0279283238424,300.9720716750277,ACI:6|LT:BYLAYER|LW:-1|ROT_QGIS:300.972071675,"[{""operation"":""identity"",""source_entity_key"":""2ed44ec659f013ffc0f1f0d09e6ca30e7b81763a20ad50f08464c74f8284e33a"",""max_displacement_m"":0.0}]",,,,,,
285,NN-264,,,,,,,,,,,,,,,,,,,,,761342.1189280066,605446.6078476429,NN-264,DWG_DIRECT:text|RULE:AI-IMB-LABEL-001,bd6fb493298b75cb717408ae425c669f74813f7f44248e929c254926a4ffc09d,170941,Home Number,SOURCE_HOME_LABEL,6,,BYLAYER,-1,0.0,0.0,0.0,ACI:6|LT:BYLAYER|LW:-1|ROT_QGIS:0.000000000,"[{""operation"":""identity"",""source_entity_key"":""bd6fb493298b75cb717408ae425c669f74813f7f44248e929c254926a4ffc09d"",""max_displacement_m"":0.0}]",,,,,,
286,7,,,,,,,,,,,,,,,,,,,,,762148.0089387584,605493.73739487,7,DWG_DIRECT:text|RULE:AI-IMB-LABEL-001,e588182a4d798865e39672fe6b8c1def302456b7b29c9bed0617bcc014258264,1706F7,Home Number,SOURCE_HOME_LABEL,6,,BYLAYER,-1,0.0,0.0,0.0,ACI:6|LT:BYLAYER|LW:-1|ROT_QGIS:0.000000000,"[{""operation"":""identity"",""source_entity_key"":""e588182a4d798865e39672fe6b8c1def302456b7b29c9bed0617bcc014258264"",""max_displacement_m"":0.0}]",,,,,,
287,NN-20,,,,,,,,,,,,,,,,,,,,,761676.2466986,605243.1265541251,NN-20,DWG_DIRECT:text|RULE:AI-IMB-LABEL-001,0330fd19fe1fd31a60279e9c17b91981aeb32467c616f55d6359b7c36de18ff6,170759,Home Number,SOURCE_HOME_LABEL,6,,BYLAYER,-1,0.0,0.0,0.0,ACI:6|LT:BYLAYER|LW:-1|ROT_QGIS:0.000000000,"[{""operation"":""identity"",""source_entity_key"":""0330fd19fe1fd31a60279e9c17b91981aeb32467c616f55d6359b7c36de18ff6"",""max_displacement_m"":0.0}]",,,,,,
288,NN-79,,,,,,,,,,,,,,,,,,,,,762196.4301304126,605103.0263639247,NN-79,DWG_DIRECT:text|RULE:AI-IMB-LABEL-001,7e7902865bc3ff6241b419708b945296826ba325bf94a67c7f498370dddd145e,1707CF,Home Number,SOURCE_HOME_LABEL,6,,BYLAYER,-1,0.0,0.0,0.0,ACI:6|LT:BYLAYER|LW:-1|ROT_QGIS:0.000000000,"[{""operation"":""identity"",""source_entity_key"":""7e7902865bc3ff6241b419708b945296826ba325bf94a67c7f498370dddd145e"",""max_displacement_m"":0.0}]",,,,,,
289,NN-378,,,,,,,,,,,,,,,,,,,,,761933.3624867835,604868.6438442954,NN-378,DWG_DIRECT:text|RULE:AI-IMB-LABEL-001,233bb3a51f021192d4926c4b4a43d6ca563ca0490da32db11a25af324cccf88b,170A25,Home Number,SOURCE_HOME_LABEL,6,,BYLAYER,-1,0.0,0.0,0.0,ACI:6|LT:BYLAYER|LW:-1|ROT_QGIS:0.000000000,"[{""operation"":""identity"",""source_entity_key"":""233bb3a51f021192d4926c4b4a43d6ca563ca0490da32db11a25af324cccf88b"",""max_displacement_m"":0.0}]",,,,,,
290,NN-77,,,,,,,,,,,,,,,,,,,,,762228.8107500856,605100.5622218484,NN-77,DWG_DIRECT:text|RULE:AI-IMB-LABEL-001,ebbd77856563528f1ca2ebef250548e47a9136618cbcee1aba4be150d532b42c,1707CB,Home Number,SOURCE_HOME_LABEL,6,,BYLAYER,-1,0.0,0.0,0.0,ACI:6|LT:BYLAYER|LW:-1|ROT_QGIS:0.000000000,"[{""operation"":""identity"",""source_entity_key"":""ebbd77856563528f1ca2ebef250548e47a9136618cbcee1aba4be150d532b42c"",""max_displacement_m"":0.0}]",,,,,,
291,NN-85,,,,,,,,,,,,,,,,,,,,,762138.4397906335,605076.6612175772,NN-85,DWG_DIRECT:text|RULE:AI-IMB-LABEL-001,47ecccf46e767502ad8a47dc202fbbf5fee75275ff8f1d36275c15cf598352dc,1707DB,Home Number,SOURCE_HOME_LABEL,6,,BYLAYER,-1,0.0,0.0,0.0,ACI:6|LT:BYLAYER|LW:-1|ROT_QGIS:0.000000000,"[{""operation"":""identity"",""source_entity_key"":""47ecccf46e767502ad8a47dc202fbbf5fee75275ff8f1d36275c15cf598352dc"",""max_displacement_m"":0.0}]",,,,,,
292,NN-163,,,,,,,,,,,,,,,,,,,,,762155.0023732433,605614.3466136185,NN-163,DWG_DIRECT:text|RULE:AI-IMB-LABEL-001,a031ef085424f8b9f6a9cf05f628ae2f9cd7ba636621d1078ea3e3b5953e6f13,170877,Home Number,SOURCE_HOME_LABEL,6,,BYLAYER,-1,0.0,0.0,0.0,ACI:6|LT:BYLAYER|LW:-1|ROT_QGIS:0.000000000,"[{""operation"":""identity"",""source_entity_key"":""a031ef085424f8b9f6a9cf05f628ae2f9cd7ba636621d1078ea3e3b5953e6f13"",""max_displacement_m"":0.0}]",,,,,,
293,NN-130,,,,,,,,,,,,,,,,,,,,,762089.732338727,605362.0923438807,NN-130,DWG_DIRECT:text|RULE:AI-IMB-LABEL-001,4d187d270da3f2c9265d407022772535bda3a070a369543b819665f56180a483,170835,Home Number,SOURCE_HOME_LABEL,6,,BYLAYER,-1,0.0,0.0,0.0,ACI:6|LT:BYLAYER|LW:-1|ROT_QGIS:0.000000000,"[{""operation"":""identity"",""source_entity_key"":""4d187d270da3f2c9265d407022772535bda3a070a369543b819665f56180a483"",""max_displacement_m"":0.0}]",,,,,,
294,NN-376,,,,,,,,,,,,,,,,,,,,,761914.7277847503,604833.0012606733,NN-376,DWG_DIRECT:text|RULE:AI-IMB-LABEL-001,2b603742c593d43aff9fce9f7999b1bfa160614fa0eae3f58afe4588361a2899,170A21,Home Number,SOURCE_HOME_LABEL,6,,BYLAYER,-1,0.0,0.0,0.0,ACI:6|LT:BYLAYER|LW:-1|ROT_QGIS:0.000000000,"[{""operation"":""identity"",""source_entity_key"":""2b603742c593d43aff9fce9f7999b1bfa160614fa0eae3f58afe4588361a2899"",""max_displacement_m"":0.0}]",,,,,,
295,NN-325,,,,,,,,,,,,,,,,,,,,,761644.866843148,605139.3838475528,NN-325,DWG_DIRECT:text|RULE:AI-IMB-LABEL-001,ec68f761e8200d5faccc2330e0cc067a36791f48b755195f3a76f03684aa349b,1709BB,Home Number,SOURCE_HOME_LABEL,6,,BYLAYER,-1,0.0,0.0,0.0,ACI:6|LT:BYLAYER|LW:-1|ROT_QGIS:0.000000000,"[{""operation"":""identity"",""source_entity_key"":""ec68f761e8200d5faccc2330e0cc067a36791f48b755195f3a76f03684aa349b"",""max_displacement_m"":0.0}]",,,,,,
296,NN-245,,,,,,,,,,,,,,,,,,,,,761411.6420406739,605293.5875705215,NN-245,DWG_DIRECT:text|RULE:AI-IMB-LABEL-001,c922a35b487b51da5f56eb4883fd44b3abdc12d0b4df3da6b8a5609aa2c7dd6a,17091B,Home Number,SOURCE_HOME_LABEL,6,,BYLAYER,-1,0.0,0.0,0.0,ACI:6|LT:BYLAYER|LW:-1|ROT_QGIS:0.000000000,"[{""operation"":""identity"",""source_entity_key"":""c922a35b487b51da5f56eb4883fd44b3abdc12d0b4df3da6b8a5609aa2c7dd6a"",""max_displacement_m"":0.0}]",,,,,,
297,NN-461,,,,,,,,,,,,,,,,,,,,,762230.7280224847,605831.3412219591,NN-461,DWG_DIRECT:text|RULE:AI-IMB-LABEL-001,d13793fd99af4e107846cce57c574d0ccd713b089f885dbedb1060017389c84e,188DCF,Home Number,SOURCE_HOME_LABEL,6,,BYLAYER,-1,0.0,0.0,0.0,ACI:6|LT:BYLAYER|LW:-1|ROT_QGIS:0.000000000,"[{""operation"":""identity"",""source_entity_key"":""d13793fd99af4e107846cce57c574d0ccd713b089f885dbedb1060017389c84e"",""max_displacement_m"":0.0}]",,,,,,
298,NN-114,,,,,,,,,,,,,,,,,,,,,762163.7496853248,605208.4001086126,NN-114,DWG_DIRECT:text|RULE:AI-IMB-LABEL-001,b73352b1d424aced15e1c68bad248b8fcdd4cf0394234f79727b43f7f93748a6,170815,Home Number,SOURCE_HOME_LABEL,6,,BYLAYER,-1,0.0,0.0,0.0,ACI:6|LT:BYLAYER|LW:-1|ROT_QGIS:0.000000000,"[{""operation"":""identity"",""source_entity_key"":""b73352b1d424aced15e1c68bad248b8fcdd4cf0394234f79727b43f7f93748a6"",""max_displacement_m"":0.0}]",,,,,,
299,5,,,,,,,,,,,,,,,,,,,,,761948.7851053406,605679.5949838953,5,DWG_DIRECT:text|RULE:AI-IMB-LABEL-001,e9da21d1c60aa188501295e2e8534165c2024fee8863b2c489934d9ec00ef1b6,1706EF,Home Number,SOURCE_HOME_LABEL,6,,BYLAYER,-1,0.0,0.0,0.0,ACI:6|LT:BYLAYER|LW:-1|ROT_QGIS:0.000000000,"[{""operation"":""identity"",""source_entity_key"":""e9da21d1c60aa188501295e2e8534165c2024fee8863b2c489934d9ec00ef1b6"",""max_displacement_m"":0.0}]",,,,,,
300,NN-369,,,,,,,,,,,,,,,,,,,,,761837.9360720931,604850.6145014721,NN-369,DWG_DIRECT:text|RULE:AI-IMB-LABEL-001,191a00d76f23b768b61e3b38ada3c9bae41323b2102b07d8976b8c64d28571fb,170A13,Home Number,SOURCE_HOME_LABEL,6,,BYLAYER,-1,1.1923804319456233,68.31836632447029,291.6816336747013,ACI:6|LT:BYLAYER|LW:-1|ROT_QGIS:291.681633675,"[{""operation"":""identity"",""source_entity_key"":""191a00d76f23b768b61e3b38ada3c9bae41323b2102b07d8976b8c64d28571fb"",""max_displacement_m"":0.0}]",,,,,,
301,NN-13,,,,,,,,,,,,,,,,,,,,,761998.3271431384,605719.9571611487,NN-13,DWG_DIRECT:text|RULE:AI-IMB-LABEL-001,6e5d971ca6995803b23ea377ed6955a09341b62631a1626ec0a3163bde4d884d,17074B,Home Number,SOURCE_HOME_LABEL,6,,BYLAYER,-1,5.816267681494626,333.2475906679826,26.75240933049425,ACI:6|LT:BYLAYER|LW:-1|ROT_QGIS:26.752409330,"[{""operation"":""identity"",""source_entity_key"":""6e5d971ca6995803b23ea377ed6955a09341b62631a1626ec0a3163bde4d884d"",""max_displacement_m"":0.0}]",,,,,,
302,NN-186,,,,,,,,,,,,,,,,,,,,,762027.3501945355,605534.9104299386,NN-186,DWG_DIRECT:text|RULE:AI-IMB-LABEL-001,30f1ad9d97234a69301810d5fcf8922a5e067550445e7d759196a219a72dbbe0,1708A5,Home Number,SOURCE_HOME_LABEL,6,,BYLAYER,-1,0.0,0.0,0.0,ACI:6|LT:BYLAYER|LW:-1|ROT_QGIS:0.000000000,"[{""operation"":""identity"",""source_entity_key"":""30f1ad9d97234a69301810d5fcf8922a5e067550445e7d759196a219a72dbbe0"",""max_displacement_m"":0.0}]",,,,,,
303,NN-137,,,,,,,,,,,,,,,,,,,,,762117.7133781215,605443.0842516742,NN-137,DWG_DIRECT:text|RULE:AI-IMB-LABEL-001,5c5ab3d8c300c09962a60d896246832eba061f3e79ad8282a2fedfe3382879d7,170843,Home Number,SOURCE_HOME_LABEL,6,,BYLAYER,-1,0.0,0.0,0.0,ACI:6|LT:BYLAYER|LW:-1|ROT_QGIS:0.000000000,"[{""operation"":""identity"",""source_entity_key"":""5c5ab3d8c300c09962a60d896246832eba061f3e79ad8282a2fedfe3382879d7"",""max_displacement_m"":0.0}]",,,,,,
304,NN-370,,,,,,,,,,,,,,,,,,,,,761869.6654032702,604837.6591782537,NN-370,DWG_DIRECT:text|RULE:AI-IMB-LABEL-001,cda632ff62ded4307c1666edce344ba6a0b6548616feadb5180fe2c1a35f1dd7,170A15,Home Number,SOURCE_HOME_LABEL,6,,BYLAYER,-1,0.0,0.0,0.0,ACI:6|LT:BYLAYER|LW:-1|ROT_QGIS:0.000000000,"[{""operation"":""identity"",""source_entity_key"":""cda632ff62ded4307c1666edce344ba6a0b6548616feadb5180fe2c1a35f1dd7"",""max_displacement_m"":0.0}]",,,,,,
305,NN-380,,,,,,,,,,,,,,,,,,,,,761967.1260736154,604845.060788454,NN-380,DWG_DIRECT:text|RULE:AI-IMB-LABEL-001,5fa75df1f5b7d7f61e158f754383d6eecf4df1a0769cd1b70db0cfdc329527f6,170A29,Home Number,SOURCE_HOME_LABEL,6,,BYLAYER,-1,4.71238898038469,270.0,90.0,ACI:6|LT:BYLAYER|LW:-1|ROT_QGIS:90.000000000,"[{""operation"":""identity"",""source_entity_key"":""5fa75df1f5b7d7f61e158f754383d6eecf4df1a0769cd1b70db0cfdc329527f6"",""max_displacement_m"":0.0}]",,,,,,
306,NN-432,,,,,,,,,,,,,,,,,,,,,762275.0541277239,605605.4623994919,NN-432,DWG_DIRECT:text|RULE:AI-IMB-LABEL-001,e585e964a9407b1625cd50bc9cc90842bd8caa2a2bbd7a10fea6f5883bc5cbe5,1897E0,Home Number,SOURCE_HOME_LABEL,6,,BYLAYER,-1,0.0,0.0,0.0,ACI:6|LT:BYLAYER|LW:-1|ROT_QGIS:0.000000000,"[{""operation"":""identity"",""source_entity_key"":""e585e964a9407b1625cd50bc9cc90842bd8caa2a2bbd7a10fea6f5883bc5cbe5"",""max_displacement_m"":0.0}]",,,,,,
307,NN-61,,,,,,,,,,,,,,,,,,,,,762291.4356442355,605069.8457121224,NN-61,DWG_DIRECT:text|RULE:AI-IMB-LABEL-001,f813115767fce13e7c8084eac5181255dc9b598cf698d118060230eb05b4540c,1707AB,Home Number,SOURCE_HOME_LABEL,6,,BYLAYER,-1,0.0,0.0,0.0,ACI:6|LT:BYLAYER|LW:-1|ROT_QGIS:0.000000000,"[{""operation"":""identity"",""source_entity_key"":""f813115767fce13e7c8084eac5181255dc9b598cf698d118060230eb05b4540c"",""max_displacement_m"":0.0}]",,,,,,
308,NN-455,,,,,,,,,,,,,,,,,,,,,762245.9404696389,605788.1692448958,NN-455,DWG_DIRECT:text|RULE:AI-IMB-LABEL-001,3808aa2c7b5bffd266b0591d8192cbd4ddc1776c0a7b11799d1954007f1f46e4,188DC7,Home Number,SOURCE_HOME_LABEL,6,,BYLAYER,-1,0.0,0.0,0.0,ACI:6|LT:BYLAYER|LW:-1|ROT_QGIS:0.000000000,"[{""operation"":""identity"",""source_entity_key"":""3808aa2c7b5bffd266b0591d8192cbd4ddc1776c0a7b11799d1954007f1f46e4"",""max_displacement_m"":0.0}]",,,,,,
309,NN-393,,,,,,,,,,,,,,,,,,,,,761922.8315562179,604734.3014575323,NN-393,DWG_DIRECT:text|RULE:AI-IMB-LABEL-001,a96b96e6d9da70434d3016b66e39317bfa59d12dfb8f9ce9d18d66da540c2e42,170A43,Home Number,SOURCE_HOME_LABEL,6,,BYLAYER,-1,0.0,0.0,0.0,ACI:6|LT:BYLAYER|LW:-1|ROT_QGIS:0.000000000,"[{""operation"":""identity"",""source_entity_key"":""a96b96e6d9da70434d3016b66e39317bfa59d12dfb8f9ce9d18d66da540c2e42"",""max_displacement_m"":0.0}]",,,,,,
310,NN-169,,,,,,,,,,,,,,,,,,,,,762087.5118745744,605660.7627067362,NN-169,DWG_DIRECT:text|RULE:AI-IMB-LABEL-001,f9ff3030ad08697ee9dea829f795fb6300d19d2c736f9059cc705a4906a8f17f,170883,Home Number,SOURCE_HOME_LABEL,6,,BYLAYER,-1,0.0,0.0,0.0,ACI:6|LT:BYLAYER|LW:-1|ROT_QGIS:0.000000000,"[{""operation"":""identity"",""source_entity_key"":""f9ff3030ad08697ee9dea829f795fb6300d19d2c736f9059cc705a4906a8f17f"",""max_displacement_m"":0.0}]",,,,,,
311,NN-69,,,,,,,,,,,,,,,,,,,,,762318.3532964311,605052.3853868749,NN-69,DWG_DIRECT:text|RULE:AI-IMB-LABEL-001,a582567908b932d8166cb2a90717d6e84aae4a7254a72489b3520d3794ed826f,1707BB,Home Number,SOURCE_HOME_LABEL,6,,BYLAYER,-1,0.0,0.0,0.0,ACI:6|LT:BYLAYER|LW:-1|ROT_QGIS:0.000000000,"[{""operation"":""identity"",""source_entity_key"":""a582567908b932d8166cb2a90717d6e84aae4a7254a72489b3520d3794ed826f"",""max_displacement_m"":0.0}]",,,,,,
312,NN-14,,,,,,,,,,,,,,,,,,,,,761992.0242254133,605712.5740603559,NN-14,DWG_DIRECT:text|RULE:AI-IMB-LABEL-001,48e6e1fe6ea3f97dca7f2bac80a630aa5da5e9531f723d5d7f581f3e9e989250,17074D,Home Number,SOURCE_HOME_LABEL,6,,BYLAYER,-1,5.816267681494626,333.2475906679826,26.752409333496704,ACI:6|LT:BYLAYER|LW:-1|ROT_QGIS:26.752409333,"[{""operation"":""identity"",""source_entity_key"":""48e6e1fe6ea3f97dca7f2bac80a630aa5da5e9531f723d5d7f581f3e9e989250"",""max_displacement_m"":0.0}]",,,,,,
313,NN-355,,,,,,,,,,,,,,,,,,,,,761639.7056190276,604941.1850809567,NN-355,DWG_DIRECT:text|RULE:AI-IMB-LABEL-001,447e0045cac80e8274d19653f461dac3a4ab1a710453e25938647d958ac8f4aa,1709F7,Home Number,SOURCE_HOME_LABEL,6,,BYLAYER,-1,1.2434743854021937,71.24583421616964,288.754165778319,ACI:6|LT:BYLAYER|LW:-1|ROT_QGIS:288.754165778,"[{""operation"":""identity"",""source_entity_key"":""447e0045cac80e8274d19653f461dac3a4ab1a710453e25938647d958ac8f4aa"",""max_displacement_m"":0.0}]",,,,,,
314,NN-470,,,,,,,,,,,,,,,,,,,,,762228.7744853498,605880.7735659803,NN-470,DWG_DIRECT:text|RULE:AI-IMB-LABEL-001,c7046a2da1e1eb652c60c7b44896d8553180e3589c2969a8c4c24f0778538ac4,188DD5,Home Number,SOURCE_HOME_LABEL,6,,BYLAYER,-1,0.0,0.0,0.0,ACI:6|LT:BYLAYER|LW:-1|ROT_QGIS:0.000000000,"[{""operation"":""identity"",""source_entity_key"":""c7046a2da1e1eb652c60c7b44896d8553180e3589c2969a8c4c24f0778538ac4"",""max_displacement_m"":0.0}]",,,,,,
315,NN-293,,,,,,,,,,,,,,,,,,,,,761745.9815423111,605014.658896829,NN-293,DWG_DIRECT:text|RULE:AI-IMB-LABEL-001,0bfdbb200a9e63735f1d65d22a2d6624fac3094938caaf368ecd96d95005282c,17097B,Home Number,SOURCE_HOME_LABEL,6,,BYLAYER,-1,0.0,0.0,0.0,ACI:6|LT:BYLAYER|LW:-1|ROT_QGIS:0.000000000,"[{""operation"":""identity"",""source_entity_key"":""0bfdbb200a9e63735f1d65d22a2d6624fac3094938caaf368ecd96d95005282c"",""max_displacement_m"":0.0}]",,,,,,
316,NN-480,,,,,,,,,,,,,,,,,,,,,762123.3128205191,605271.0257885744,NN-480,DWG_DIRECT:text|RULE:AI-IMB-LABEL-001,783dd37897b6d087aebca68ab82e1f141148ed756e13d274c0ac1b5855bbf3fa,1A0F67,Home Number,SOURCE_HOME_LABEL,6,,BYLAYER,-1,0.0,0.0,0.0,ACI:6|LT:BYLAYER|LW:-1|ROT_QGIS:0.000000000,"[{""operation"":""identity"",""source_entity_key"":""783dd37897b6d087aebca68ab82e1f141148ed756e13d274c0ac1b5855bbf3fa"",""max_displacement_m"":0.0}]",,,,,,
317,NN-182,,,,,,,,,,,,,,,,,,,,,761930.658633935,605658.5700167809,NN-182,DWG_DIRECT:text|RULE:AI-IMB-LABEL-001,1b4067a5c4f2e47c4e6a73e5d95c56fd67cc0f7ea42a658f494ad5492ccef7bd,17089D,Home Number,SOURCE_HOME_LABEL,6,,BYLAYER,-1,0.0,0.0,0.0,ACI:6|LT:BYLAYER|LW:-1|ROT_QGIS:0.000000000,"[{""operation"":""identity"",""source_entity_key"":""1b4067a5c4f2e47c4e6a73e5d95c56fd67cc0f7ea42a658f494ad5492ccef7bd"",""max_displacement_m"":0.0}]",,,,,,
318,NN-283,,,,,,,,,,,,,,,,,,,,,761729.3336341709,605168.4383811292,NN-283,DWG_DIRECT:text|RULE:AI-IMB-LABEL-001,80da92b478ed912aecb3fc7bea40d21e6c9af9b33ee30214f374eeb3a2ffde99,170967,Home Number,SOURCE_HOME_LABEL,6,,BYLAYER,-1,0.0,0.0,0.0,ACI:6|LT:BYLAYER|LW:-1|ROT_QGIS:0.000000000,"[{""operation"":""identity"",""source_entity_key"":""80da92b478ed912aecb3fc7bea40d21e6c9af9b33ee30214f374eeb3a2ffde99"",""max_displacement_m"":0.0}]",,,,,,
319,NN-261,,,,,,,,,,,,,,,,,,,,,761297.8120511463,605448.502099079,NN-261,DWG_DIRECT:text|RULE:AI-IMB-LABEL-001,80d9d3ad2ba5035d58a4f2652604be758849940a405cce59dea396f383c91d10,17093B,Home Number,SOURCE_HOME_LABEL,6,,BYLAYER,-1,0.0,0.0,0.0,ACI:6|LT:BYLAYER|LW:-1|ROT_QGIS:0.000000000,"[{""operation"":""identity"",""source_entity_key"":""80d9d3ad2ba5035d58a4f2652604be758849940a405cce59dea396f383c91d10"",""max_displacement_m"":0.0}]",,,,,,
320,NN-352,,,,,,,,,,,,,,,,,,,,,761987.6804902317,604922.8611270213,NN-352,DWG_DIRECT:text|RULE:AI-IMB-LABEL-001,5dae906537d681b165bff45b667de6dd97bcd43beb5872a649c503f21c9691ce,1709F1,Home Number,SOURCE_HOME_LABEL,6,,BYLAYER,-1,0.0,0.0,0.0,ACI:6|LT:BYLAYER|LW:-1|ROT_QGIS:0.000000000,"[{""operation"":""identity"",""source_entity_key"":""5dae906537d681b165bff45b667de6dd97bcd43beb5872a649c503f21c9691ce"",""max_displacement_m"":0.0}]",,,,,,
321,NN-86,,,,,,,,,,,,,,,,,,,,,762145.090118982,605089.9381678154,NN-86,DWG_DIRECT:text|RULE:AI-IMB-LABEL-001,4d2d562f707899feb537e90e33a593faa1a11e47111f10ebead87f6a2852536e,1707DD,Home Number,SOURCE_HOME_LABEL,6,,BYLAYER,-1,0.0,0.0,0.0,ACI:6|LT:BYLAYER|LW:-1|ROT_QGIS:0.000000000,"[{""operation"":""identity"",""source_entity_key"":""4d2d562f707899feb537e90e33a593faa1a11e47111f10ebead87f6a2852536e"",""max_displacement_m"":0.0}]",,,,,,
322,NN-70,,,,,,,,,,,,,,,,,,,,,762338.0011388303,605058.984580534,NN-70,DWG_DIRECT:text|RULE:AI-IMB-LABEL-001,af2b53df538b9d6c4a8867345cbbf56866cbe93f4c6d7d23fc30ec160c97972b,1707BD,Home Number,SOURCE_HOME_LABEL,6,,BYLAYER,-1,0.0,0.0,0.0,ACI:6|LT:BYLAYER|LW:-1|ROT_QGIS:0.000000000,"[{""operation"":""identity"",""source_entity_key"":""af2b53df538b9d6c4a8867345cbbf56866cbe93f4c6d7d23fc30ec160c97972b"",""max_displacement_m"":0.0}]",,,,,,
323,NN-368,,,,,,,,,,,,,,,,,,,,,761845.6608885659,604845.9907461773,NN-368,DWG_DIRECT:text|RULE:AI-IMB-LABEL-001,eb352218119303ccfb478895ed4857bffd239eff4e8944f23125ede68acb1a0b,170A11,Home Number,SOURCE_HOME_LABEL,6,,BYLAYER,-1,1.1923804319456233,68.31836632447029,291.6816336747013,ACI:6|LT:BYLAYER|LW:-1|ROT_QGIS:291.681633675,"[{""operation"":""identity"",""source_entity_key"":""eb352218119303ccfb478895ed4857bffd239eff4e8944f23125ede68acb1a0b"",""max_displacement_m"":0.0}]",,,,,,
324,13,,,,,,,,,,,,,,,,,,,,,762188.4211094568,605453.3300417076,13,DWG_DIRECT:text|RULE:AI-IMB-LABEL-001,67c083587ccf4065c3660ebbc1737d0d85ce283890d8457b60465bc2a1fb79f0,170701,Home Number,SOURCE_HOME_LABEL,6,,BYLAYER,-1,0.0,0.0,0.0,ACI:6|LT:BYLAYER|LW:-1|ROT_QGIS:0.000000000,"[{""operation"":""identity"",""source_entity_key"":""67c083587ccf4065c3660ebbc1737d0d85ce283890d8457b60465bc2a1fb79f0"",""max_displacement_m"":0.0}]",,,,,,
325,NN-95,,,,,,,,,,,,,,,,,,,,,762332.1819030708,604984.6521354379,NN-95,DWG_DIRECT:text|RULE:AI-IMB-LABEL-001,eb71fc13346531a9f7afb8b769cb9dd412fee1dd98cf689f69b8500d6756021d,1707EF,Home Number,SOURCE_HOME_LABEL,6,,BYLAYER,-1,0.0,0.0,0.0,ACI:6|LT:BYLAYER|LW:-1|ROT_QGIS:0.000000000,"[{""operation"":""identity"",""source_entity_key"":""eb71fc13346531a9f7afb8b769cb9dd412fee1dd98cf689f69b8500d6756021d"",""max_displacement_m"":0.0}]",,,,,,
326,NN-107,,,,,,,,,,,,,,,,,,,,,762127.9331774338,605191.5446647847,NN-107,DWG_DIRECT:text|RULE:AI-IMB-LABEL-001,a4b070dc49cf4ac5e2d4172907aaac3db80d2c6334eb2f728f7657bdd02e8548,170807,Home Number,SOURCE_HOME_LABEL,6,,BYLAYER,-1,0.0,0.0,0.0,ACI:6|LT:BYLAYER|LW:-1|ROT_QGIS:0.000000000,"[{""operation"":""identity"",""source_entity_key"":""a4b070dc49cf4ac5e2d4172907aaac3db80d2c6334eb2f728f7657bdd02e8548"",""max_displacement_m"":0.0}]",,,,,,
327,NN-345,,,,,,,,,,,,,,,,,,,,,762067.504613664,604919.5517206871,NN-345,DWG_DIRECT:text|RULE:AI-IMB-LABEL-001,e6d51ef0989b142ad6ff06f473bfc2c98246a583bafeabbb5e676c818d2787dd,1709E3,Home Number,SOURCE_HOME_LABEL,6,,BYLAYER,-1,0.0,0.0,0.0,ACI:6|LT:BYLAYER|LW:-1|ROT_QGIS:0.000000000,"[{""operation"":""identity"",""source_entity_key"":""e6d51ef0989b142ad6ff06f473bfc2c98246a583bafeabbb5e676c818d2787dd"",""max_displacement_m"":0.0}]",,,,,,
328,8,,,,,,,,,,,,,,,,,,,,,762160.5611885245,605491.5430856176,8,DWG_DIRECT:text|RULE:AI-IMB-LABEL-001,4568955cf79f6fef02bd3b905faa7aeeb12dcbd36bb35289fde85d00e565f4c0,1706F9,Home Number,SOURCE_HOME_LABEL,6,,BYLAYER,-1,0.0,0.0,0.0,ACI:6|LT:BYLAYER|LW:-1|ROT_QGIS:0.000000000,"[{""operation"":""identity"",""source_entity_key"":""4568955cf79f6fef02bd3b905faa7aeeb12dcbd36bb35289fde85d00e565f4c0"",""max_displacement_m"":0.0}]",,,,,,
329,NN-294,,,,,,,,,,,,,,,,,,,,,761722.3718172739,604963.2662706188,NN-294,DWG_DIRECT:text|RULE:AI-IMB-LABEL-001,117208adf80159b5441fa04572fdaab630115c877646d8846ff5c0969a04b48b,17097D,Home Number,SOURCE_HOME_LABEL,6,,BYLAYER,-1,0.0,0.0,0.0,ACI:6|LT:BYLAYER|LW:-1|ROT_QGIS:0.000000000,"[{""operation"":""identity"",""source_entity_key"":""117208adf80159b5441fa04572fdaab630115c877646d8846ff5c0969a04b48b"",""max_displacement_m"":0.0}]",,,,,,
330,NN-288,,,,,,,,,,,,,,,,,,,,,761713.8082811009,605203.8394721654,NN-288,DWG_DIRECT:text|RULE:AI-IMB-LABEL-001,f53a077a0ec2a18042c22996e39dd1d62d4eacd14b9c1610ea85e7bb44ae5e74,170971,Home Number,SOURCE_HOME_LABEL,6,,BYLAYER,-1,0.0,0.0,0.0,ACI:6|LT:BYLAYER|LW:-1|ROT_QGIS:0.000000000,"[{""operation"":""identity"",""source_entity_key"":""f53a077a0ec2a18042c22996e39dd1d62d4eacd14b9c1610ea85e7bb44ae5e74"",""max_displacement_m"":0.0}]",,,,,,
331,NN-334,,,,,,,,,,,,,,,,,,,,,761919.4574433136,604907.2815029564,NN-334,DWG_DIRECT:text|RULE:AI-IMB-LABEL-001,78838a47609fed50a3815bb5be57c7e815501d3012d967951ce5fe33c5a28889,1709CD,Home Number,SOURCE_HOME_LABEL,6,,BYLAYER,-1,0.0,0.0,0.0,ACI:6|LT:BYLAYER|LW:-1|ROT_QGIS:0.000000000,"[{""operation"":""identity"",""source_entity_key"":""78838a47609fed50a3815bb5be57c7e815501d3012d967951ce5fe33c5a28889"",""max_displacement_m"":0.0}]",,,,,,
332,NN-120,,,,,,,,,,,,,,,,,,,,,762033.5131720533,605303.6220120179,NN-120,DWG_DIRECT:text|RULE:AI-IMB-LABEL-001,3f61e8358c7d92cd04848655e739e42b6b0527806c9bb92ca5b6f2a35275d0e7,170821,Home Number,SOURCE_HOME_LABEL,6,,BYLAYER,-1,0.0,0.0,0.0,ACI:6|LT:BYLAYER|LW:-1|ROT_QGIS:0.000000000,"[{""operation"":""identity"",""source_entity_key"":""3f61e8358c7d92cd04848655e739e42b6b0527806c9bb92ca5b6f2a35275d0e7"",""max_displacement_m"":0.0}]",,,,,,
333,NN-184,,,,,,,,,,,,,,,,,,,,,762045.5968801007,605528.6239679616,NN-184,DWG_DIRECT:text|RULE:AI-IMB-LABEL-001,10b5248b47a10af2e01a5ec16e772f23e9c558d6a6870f4682194f4839c65168,1708A1,Home Number,SOURCE_HOME_LABEL,6,,BYLAYER,-1,0.0,0.0,0.0,ACI:6|LT:BYLAYER|LW:-1|ROT_QGIS:0.000000000,"[{""operation"":""identity"",""source_entity_key"":""10b5248b47a10af2e01a5ec16e772f23e9c558d6a6870f4682194f4839c65168"",""max_displacement_m"":0.0}]",,,,,,
334,43,,,,,,,,,,,,,,,,,,,,,761686.2313902361,605169.7013311322,43,DWG_DIRECT:text|RULE:AI-IMB-LABEL-001,40f00d844f8dfe24570474360742af42b19954611104dc1be9946f3c81b6d4b6,1706E1,Home Number,SOURCE_HOME_LABEL,6,,BYLAYER,-1,0.0,0.0,0.0,ACI:6|LT:BYLAYER|LW:-1|ROT_QGIS:0.000000000,"[{""operation"":""identity"",""source_entity_key"":""40f00d844f8dfe24570474360742af42b19954611104dc1be9946f3c81b6d4b6"",""max_displacement_m"":0.0}]",,,,,,
335,NN-399,,,,,,,,,,,,,,,,,,,,,762099.7963515137,604850.9591111107,NN-399,DWG_DIRECT:text|RULE:AI-IMB-LABEL-001,bfe73d3f00e2dc7f7ea9477d0bfb4b4c2fa33406dd0e900f6ed90a1acdf5c362,170A4F,Home Number,SOURCE_HOME_LABEL,6,,BYLAYER,-1,0.0,0.0,0.0,ACI:6|LT:BYLAYER|LW:-1|ROT_QGIS:0.000000000,"[{""operation"":""identity"",""source_entity_key"":""bfe73d3f00e2dc7f7ea9477d0bfb4b4c2fa33406dd0e900f6ed90a1acdf5c362"",""max_displacement_m"":0.0}]",,,,,,
336,NN-450,,,,,,,,,,,,,,,,,,,,,762290.7984632569,605689.1236570933,NN-450,DWG_DIRECT:text|RULE:AI-IMB-LABEL-001,27b437190e7b8267245212bc163aa67b12e655cfb73b54699b318219c3e89910,188DA3,Home Number,SOURCE_HOME_LABEL,6,,BYLAYER,-1,0.0,0.0,0.0,ACI:6|LT:BYLAYER|LW:-1|ROT_QGIS:0.000000000,"[{""operation"":""identity"",""source_entity_key"":""27b437190e7b8267245212bc163aa67b12e655cfb73b54699b318219c3e89910"",""max_displacement_m"":0.0}]",,,,,,
337,NN-190,,,,,,,,,,,,,,,,,,,,,762332.4594978273,605039.7225339875,NN-190,DWG_DIRECT:text|RULE:AI-IMB-LABEL-001,0de36b31e86f921d802f0f443b382fa5d4ca213c67093555a9a5d8f6eab7f011,1708AD,Home Number,SOURCE_HOME_LABEL,6,,BYLAYER,-1,0.0,0.0,0.0,ACI:6|LT:BYLAYER|LW:-1|ROT_QGIS:0.000000000,"[{""operation"":""identity"",""source_entity_key"":""0de36b31e86f921d802f0f443b382fa5d4ca213c67093555a9a5d8f6eab7f011"",""max_displacement_m"":0.0}]",,,,,,
338,NN-236,,,,,,,,,,,,,,,,,,,,,761442.1843127437,605234.7855606833,NN-236,DWG_DIRECT:text|RULE:AI-IMB-LABEL-001,0c95641675eb190011cae05cbe4d16ed12a411f5af5be8cb40493d788cbee42c,170909,Home Number,SOURCE_HOME_LABEL,6,,BYLAYER,-1,0.0,0.0,0.0,ACI:6|LT:BYLAYER|LW:-1|ROT_QGIS:0.000000000,"[{""operation"":""identity"",""source_entity_key"":""0c95641675eb190011cae05cbe4d16ed12a411f5af5be8cb40493d788cbee42c"",""max_displacement_m"":0.0}]",,,,,,
339,NN-78,,,,,,,,,,,,,,,,,,,,,762214.9717519545,605101.9586844879,NN-78,DWG_DIRECT:text|RULE:AI-IMB-LABEL-001,aa6b59cccf62aebb447e7e7a15544b5517a9a851d47601c82e8754e18a90e9ca,1707CD,Home Number,SOURCE_HOME_LABEL,6,,BYLAYER,-1,0.0,0.0,0.0,ACI:6|LT:BYLAYER|LW:-1|ROT_QGIS:0.000000000,"[{""operation"":""identity"",""source_entity_key"":""aa6b59cccf62aebb447e7e7a15544b5517a9a851d47601c82e8754e18a90e9ca"",""max_displacement_m"":0.0}]",,,,,,
340,NN-251,,,,,,,,,,,,,,,,,,,,,761378.9360977341,605349.8382598733,NN-251,DWG_DIRECT:text|RULE:AI-IMB-LABEL-001,8b2ffd609dac86d22690530383ed5b58804186a4584d19a68e51a5cfd1226f87,170927,Home Number,SOURCE_HOME_LABEL,6,,BYLAYER,-1,0.0,0.0,0.0,ACI:6|LT:BYLAYER|LW:-1|ROT_QGIS:0.000000000,"[{""operation"":""identity"",""source_entity_key"":""8b2ffd609dac86d22690530383ed5b58804186a4584d19a68e51a5cfd1226f87"",""max_displacement_m"":0.0}]",,,,,,
341,NN-477,,,,,,,,,,,,,,,,,,,,,762275.5319204971,605589.6207380072,NN-477,DWG_DIRECT:text|RULE:AI-IMB-LABEL-001,8c7ee8e77fde41d26c7e00aa3214fd6bdad715a956b7b00579393add32fd8dbe,1897DF,Home Number,SOURCE_HOME_LABEL,6,,BYLAYER,-1,0.0,0.0,0.0,ACI:6|LT:BYLAYER|LW:-1|ROT_QGIS:0.000000000,"[{""operation"":""identity"",""source_entity_key"":""8c7ee8e77fde41d26c7e00aa3214fd6bdad715a956b7b00579393add32fd8dbe"",""max_displacement_m"":0.0}]",,,,,,
342,NN-73,,,,,,,,,,,,,,,,,,,,,762227.1708866487,605071.9187024006,NN-73,DWG_DIRECT:text|RULE:AI-IMB-LABEL-001,1bcc0dee7fd4896d33a3d59189727919a093410a6ce66516483da307dcd74085,1707C3,Home Number,SOURCE_HOME_LABEL,6,,BYLAYER,-1,0.0,0.0,0.0,ACI:6|LT:BYLAYER|LW:-1|ROT_QGIS:0.000000000,"[{""operation"":""identity"",""source_entity_key"":""1bcc0dee7fd4896d33a3d59189727919a093410a6ce66516483da307dcd74085"",""max_displacement_m"":0.0}]",,,,,,
343,16,,,,,,,,,,,,,,,,,,,,,762113.231528471,605482.7332895958,16,DWG_DIRECT:text|RULE:AI-IMB-LABEL-001,b4e4ef6daf73b7ea51df7a1269e7628fe37307a65ed34e0f32831e30519633c0,17070F,Home Number,SOURCE_HOME_LABEL,6,,BYLAYER,-1,0.0,0.0,0.0,ACI:6|LT:BYLAYER|LW:-1|ROT_QGIS:0.000000000,"[{""operation"":""identity"",""source_entity_key"":""b4e4ef6daf73b7ea51df7a1269e7628fe37307a65ed34e0f32831e30519633c0"",""max_displacement_m"":0.0}]",,,,,,
344,NN-372,,,,,,,,,,,,,,,,,,,,,761898.9979899465,604834.3431574457,NN-372,DWG_DIRECT:text|RULE:AI-IMB-LABEL-001,4de5c05c5aeb78d86b2039945f5a7eebf92e31c5f546783b50b50125ca661e07,170A19,Home Number,SOURCE_HOME_LABEL,6,,BYLAYER,-1,0.0,0.0,0.0,ACI:6|LT:BYLAYER|LW:-1|ROT_QGIS:0.000000000,"[{""operation"":""identity"",""source_entity_key"":""4de5c05c5aeb78d86b2039945f5a7eebf92e31c5f546783b50b50125ca661e07"",""max_displacement_m"":0.0}]",,,,,,
345,NN-50,,,,,,,,,,,,,,,,,,,,,762340.8208220343,605012.4476715928,NN-50,DWG_DIRECT:text|RULE:AI-IMB-LABEL-001,5cf801617a34c2ac0df4a02b845f7fc26e6c09ed6721d98b97da643161f9a9de,170795,Home Number,SOURCE_HOME_LABEL,6,,BYLAYER,-1,0.0,0.0,0.0,ACI:6|LT:BYLAYER|LW:-1|ROT_QGIS:0.000000000,"[{""operation"":""identity"",""source_entity_key"":""5cf801617a34c2ac0df4a02b845f7fc26e6c09ed6721d98b97da643161f9a9de"",""max_displacement_m"":0.0}]",,,,,,
346,NN-474,,,,,,,,,,,,,,,,,,,,,762363.8770204063,605850.4051374716,NN-474,DWG_DIRECT:text|RULE:AI-IMB-LABEL-001,79be682f4c272f58e96b1f43dba3055d2440174b9e06d7b2576787dd8cc120ab,188D99,Home Number,SOURCE_HOME_LABEL,6,,BYLAYER,-1,0.0,0.0,0.0,ACI:6|LT:BYLAYER|LW:-1|ROT_QGIS:0.000000000,"[{""operation"":""identity"",""source_entity_key"":""79be682f4c272f58e96b1f43dba3055d2440174b9e06d7b2576787dd8cc120ab"",""max_displacement_m"":0.0}]",,,,,,
347,NN-83,,,,,,,,,,,,,,,,,,,,,762133.034501516,605053.7652513849,NN-83,DWG_DIRECT:text|RULE:AI-IMB-LABEL-001,e64496cb5074a821d0e744843cdddbc6050b925b34f71dfd5c3d2de5db8621d9,1707D7,Home Number,SOURCE_HOME_LABEL,6,,BYLAYER,-1,0.0,0.0,0.0,ACI:6|LT:BYLAYER|LW:-1|ROT_QGIS:0.000000000,"[{""operation"":""identity"",""source_entity_key"":""e64496cb5074a821d0e744843cdddbc6050b925b34f71dfd5c3d2de5db8621d9"",""max_displacement_m"":0.0}]",,,,,,
348,NN-427,,,,,,,,,,,,,,,,,,,,,762277.8250161315,605487.3304698401,NN-427,DWG_DIRECT:text|RULE:AI-IMB-LABEL-001,422c1d1d97d3bd419af0a389938580651973b7c7bd401cbba0d49fb53916b30c,188D85,Home Number,SOURCE_HOME_LABEL,6,,BYLAYER,-1,0.0,0.0,0.0,ACI:6|LT:BYLAYER|LW:-1|ROT_QGIS:0.000000000,"[{""operation"":""identity"",""source_entity_key"":""422c1d1d97d3bd419af0a389938580651973b7c7bd401cbba0d49fb53916b30c"",""max_displacement_m"":0.0}]",,,,,,
349,NN-410,,,,,,,,,,,,,,,,,,,,,762245.310800219,604879.5388070482,NN-410,DWG_DIRECT:text|RULE:AI-IMB-LABEL-001,7ed843312586544d81815651872ea95af77986bcdd1b8225e0c9436a3576c9d8,170A65,Home Number,SOURCE_HOME_LABEL,6,,BYLAYER,-1,4.71238898038469,270.0,90.0,ACI:6|LT:BYLAYER|LW:-1|ROT_QGIS:90.000000000,"[{""operation"":""identity"",""source_entity_key"":""7ed843312586544d81815651872ea95af77986bcdd1b8225e0c9436a3576c9d8"",""max_displacement_m"":0.0}]",,,,,,
350,NN-52,,,,,,,,,,,,,,,,,,,,,762357.1622552087,604997.388896225,NN-52,DWG_DIRECT:text|RULE:AI-IMB-LABEL-001,3dc1b6ccb1b47466b710579a2d8ffaa9713e414206c4f1d60578e05b341bad82,170799,Home Number,SOURCE_HOME_LABEL,6,,BYLAYER,-1,0.0,0.0,0.0,ACI:6|LT:BYLAYER|LW:-1|ROT_QGIS:0.000000000,"[{""operation"":""identity"",""source_entity_key"":""3dc1b6ccb1b47466b710579a2d8ffaa9713e414206c4f1d60578e05b341bad82"",""max_displacement_m"":0.0}]",,,,,,
351,NN-425,,,,,,,,,,,,,,,,,,,,,762311.9186677212,605209.0491737284,NN-425,DWG_DIRECT:text|RULE:AI-IMB-LABEL-001,ed11d2ec22e7d878f4cbc46fb00872054797542fc0e7ebe36108b057407244c0,191F4F,Home Number,SOURCE_HOME_LABEL,6,,BYLAYER,-1,0.0,0.0,0.0,ACI:6|LT:BYLAYER|LW:-1|ROT_QGIS:0.000000000,"[{""operation"":""identity"",""source_entity_key"":""ed11d2ec22e7d878f4cbc46fb00872054797542fc0e7ebe36108b057407244c0"",""max_displacement_m"":0.0}]",,,,,,
352,NN-226,,,,,,,,,,,,,,,,,,,,,761386.0996051317,605214.0655666529,NN-226,DWG_DIRECT:text|RULE:AI-IMB-LABEL-001,5fe3c3535ae6c3136b7d11ba29f43d77edaa22b2173653d2d5bf37d354425158,1708F5,Home Number,SOURCE_HOME_LABEL,6,,BYLAYER,-1,0.0,0.0,0.0,ACI:6|LT:BYLAYER|LW:-1|ROT_QGIS:0.000000000,"[{""operation"":""identity"",""source_entity_key"":""5fe3c3535ae6c3136b7d11ba29f43d77edaa22b2173653d2d5bf37d354425158"",""max_displacement_m"":0.0}]",,,,,,
353,NN-53,,,,,,,,,,,,,,,,,,,,,762402.1101707716,605006.0931621512,NN-53,DWG_DIRECT:text|RULE:AI-IMB-LABEL-001,c993d7f8d600c1848e4c0481149c7842d7ab1031cf0631bccc5047c7ed38e74a,17079B,Home Number,SOURCE_HOME_LABEL,6,,BYLAYER,-1,0.0,0.0,0.0,ACI:6|LT:BYLAYER|LW:-1|ROT_QGIS:0.000000000,"[{""operation"":""identity"",""source_entity_key"":""c993d7f8d600c1848e4c0481149c7842d7ab1031cf0631bccc5047c7ed38e74a"",""max_displacement_m"":0.0}]",,,,,,
354,NN-175,,,,,,,,,,,,,,,,,,,,,762072.1844704209,605607.1791245819,NN-175,DWG_DIRECT:text|RULE:AI-IMB-LABEL-001,73e87635083e4b9eb8b282cde203fdca70b82759d27f295ecf3191299d6decf1,17088F,Home Number,SOURCE_HOME_LABEL,6,,BYLAYER,-1,0.0,0.0,0.0,ACI:6|LT:BYLAYER|LW:-1|ROT_QGIS:0.000000000,"[{""operation"":""identity"",""source_entity_key"":""73e87635083e4b9eb8b282cde203fdca70b82759d27f295ecf3191299d6decf1"",""max_displacement_m"":0.0}]",,,,,,
355,NN-362,,,,,,,,,,,,,,,,,,,,,761748.0704482762,604884.3203812524,NN-362,DWG_DIRECT:text|RULE:AI-IMB-LABEL-001,429106208f086235ca9f082e9700455066e9536f5d7d61a937ef5dd211097d00,170A05,Home Number,SOURCE_HOME_LABEL,6,,BYLAYER,-1,1.2087983534011226,69.25904393224769,290.7409560707637,ACI:6|LT:BYLAYER|LW:-1|ROT_QGIS:290.740956071,"[{""operation"":""identity"",""source_entity_key"":""429106208f086235ca9f082e9700455066e9536f5d7d61a937ef5dd211097d00"",""max_displacement_m"":0.0}]",,,,,,
356,NN-250,,,,,,,,,,,,,,,,,,,,,761398.6633594481,605329.9606703919,NN-250,DWG_DIRECT:text|RULE:AI-IMB-LABEL-001,6dd95b48c7d4d2b0ea00ede2177de84c8d19b8f0abab8ccb6e77c555c1168752,170925,Home Number,SOURCE_HOME_LABEL,6,,BYLAYER,-1,0.0,0.0,0.0,ACI:6|LT:BYLAYER|LW:-1|ROT_QGIS:0.000000000,"[{""operation"":""identity"",""source_entity_key"":""6dd95b48c7d4d2b0ea00ede2177de84c8d19b8f0abab8ccb6e77c555c1168752"",""max_displacement_m"":0.0}]",,,,,,
357,NN-1,,,,,,,,,,,,,,,,,,,,,761480.9987943985,605133.0067581509,NN-1,DWG_DIRECT:text|RULE:AI-IMB-LABEL-001,50d5285f1aea5f4cdc4a4671953ac0e5ee4c64b343dd464e21f68259121aaeeb,170733,Home Number,SOURCE_HOME_LABEL,6,,BYLAYER,-1,0.0,0.0,0.0,ACI:6|LT:BYLAYER|LW:-1|ROT_QGIS:0.000000000,"[{""operation"":""identity"",""source_entity_key"":""50d5285f1aea5f4cdc4a4671953ac0e5ee4c64b343dd464e21f68259121aaeeb"",""max_displacement_m"":0.0}]",,,,,,
358,NN-207,,,,,,,,,,,,,,,,,,,,,761256.0124404648,605435.743278259,NN-207,DWG_DIRECT:text|RULE:AI-IMB-LABEL-001,6c5592e704e5908aaeded8ee292c7f5afd82b85e0f709c64780a1b2cd9e7ff9b,1708CF,Home Number,SOURCE_HOME_LABEL,6,,BYLAYER,-1,0.0,0.0,0.0,ACI:6|LT:BYLAYER|LW:-1|ROT_QGIS:0.000000000,"[{""operation"":""identity"",""source_entity_key"":""6c5592e704e5908aaeded8ee292c7f5afd82b85e0f709c64780a1b2cd9e7ff9b"",""max_displacement_m"":0.0}]",,,,,,
359,NN-181,,,,,,,,,,,,,,,,,,,,,761959.6240813965,605648.4005059365,NN-181,DWG_DIRECT:text|RULE:AI-IMB-LABEL-001,9d1413e5561e255efb46f5bf5ccc629707a3511fc650e2c7b38af8e4b90cf8eb,17089B,Home Number,SOURCE_HOME_LABEL,6,,BYLAYER,-1,0.0,0.0,0.0,ACI:6|LT:BYLAYER|LW:-1|ROT_QGIS:0.000000000,"[{""operation"":""identity"",""source_entity_key"":""9d1413e5561e255efb46f5bf5ccc629707a3511fc650e2c7b38af8e4b90cf8eb"",""max_displacement_m"":0.0}]",,,,,,
360,NN-197,,,,,,,,,,,,,,,,,,,,,761257.0120965643,605478.1590880399,NN-197,DWG_DIRECT:text|RULE:AI-IMB-LABEL-001,a4fcd53a0c61ef9d6c7617113f4d10d2ee1b1df19f697537dc9025b89d4acde1,1708BB,Home Number,SOURCE_HOME_LABEL,6,,BYLAYER,-1,0.0,0.0,0.0,ACI:6|LT:BYLAYER|LW:-1|ROT_QGIS:0.000000000,"[{""operation"":""identity"",""source_entity_key"":""a4fcd53a0c61ef9d6c7617113f4d10d2ee1b1df19f697537dc9025b89d4acde1"",""max_displacement_m"":0.0}]",,,,,,
361,NN-193,,,,,,,,,,,,,,,,,,,,,762349.2130152363,604856.1607295704,NN-193,DWG_DIRECT:text|RULE:AI-IMB-LABEL-001,71b826ea71561b45c2b82835c15be4d406ef31ffd3deccea38878cc19f845aac,1708B3,Home Number,SOURCE_HOME_LABEL,6,,BYLAYER,-1,0.0,0.0,0.0,ACI:6|LT:BYLAYER|LW:-1|ROT_QGIS:0.000000000,"[{""operation"":""identity"",""source_entity_key"":""71b826ea71561b45c2b82835c15be4d406ef31ffd3deccea38878cc19f845aac"",""max_displacement_m"":0.0}]",,,,,,
362,NN-277,,,,,,,,,,,,,,,,,,,,,761811.3746360488,605165.1290608319,NN-277,DWG_DIRECT:text|RULE:AI-IMB-LABEL-001,5c7098bce3f388415ff1d7c626ae47aa466d6b28bf94925bcda961d677a6d5cb,17095B,Home Number,SOURCE_HOME_LABEL,6,,BYLAYER,-1,0.0,0.0,0.0,ACI:6|LT:BYLAYER|LW:-1|ROT_QGIS:0.000000000,"[{""operation"":""identity"",""source_entity_key"":""5c7098bce3f388415ff1d7c626ae47aa466d6b28bf94925bcda961d677a6d5cb"",""max_displacement_m"":0.0}]",,,,,,
363,NN-202,,,,,,,,,,,,,,,,,,,,,761273.9318333989,605364.071006565,NN-202,DWG_DIRECT:text|RULE:AI-IMB-LABEL-001,3e1bfbc7c36981449bd3c6c6195728197a7ba3133ad6aa9e4b12b2c08f8653d5,1708C5,Home Number,SOURCE_HOME_LABEL,6,,BYLAYER,-1,0.0,0.0,0.0,ACI:6|LT:BYLAYER|LW:-1|ROT_QGIS:0.000000000,"[{""operation"":""identity"",""source_entity_key"":""3e1bfbc7c36981449bd3c6c6195728197a7ba3133ad6aa9e4b12b2c08f8653d5"",""max_displacement_m"":0.0}]",,,,,,
364,NN-180,,,,,,,,,,,,,,,,,,,,,761993.6779540528,605659.0046475801,NN-180,DWG_DIRECT:text|RULE:AI-IMB-LABEL-001,967539092f5a4dc5e0c1fbfb4450c05daa9cabdb1c6c9ea07df1ff1156fb85ab,170899,Home Number,SOURCE_HOME_LABEL,6,,BYLAYER,-1,0.0,0.0,0.0,ACI:6|LT:BYLAYER|LW:-1|ROT_QGIS:0.000000000,"[{""operation"":""identity"",""source_entity_key"":""967539092f5a4dc5e0c1fbfb4450c05daa9cabdb1c6c9ea07df1ff1156fb85ab"",""max_displacement_m"":0.0}]",,,,,,
365,NN-252,,,,,,,,,,,,,,,,,,,,,761333.0456180295,605375.9679907516,NN-252,DWG_DIRECT:text|RULE:AI-IMB-LABEL-001,e8bcf31ad5e0f96a75394ce155ad34df17f5f8d082b819361aecdbfff9bcdac9,170929,Home Number,SOURCE_HOME_LABEL,6,,BYLAYER,-1,0.0,0.0,0.0,ACI:6|LT:BYLAYER|LW:-1|ROT_QGIS:0.000000000,"[{""operation"":""identity"",""source_entity_key"":""e8bcf31ad5e0f96a75394ce155ad34df17f5f8d082b819361aecdbfff9bcdac9"",""max_displacement_m"":0.0}]",,,,,,
366,NN-45,,,,,,,,,,,,,,,,,,,,,762357.9672586919,604978.2238651272,NN-45,DWG_DIRECT:text|RULE:AI-IMB-LABEL-001,e978693039da39a2c9bdfd014c6471277abe35032224a2fe0d223062bf865417,17078B,Home Number,SOURCE_HOME_LABEL,6,,BYLAYER,-1,0.0,0.0,0.0,ACI:6|LT:BYLAYER|LW:-1|ROT_QGIS:0.000000000,"[{""operation"":""identity"",""source_entity_key"":""e978693039da39a2c9bdfd014c6471277abe35032224a2fe0d223062bf865417"",""max_displacement_m"":0.0}]",,,,,,
367,NN-443,,,,,,,,,,,,,,,,,,,,,762334.6996206874,605725.9729331094,NN-443,DWG_DIRECT:text|RULE:AI-IMB-LABEL-001,e3ebfeea52c37f7cdadd173c4079d0f27b68a44fbd1711d3c47fc205f420f912,188DAB,Home Number,SOURCE_HOME_LABEL,6,,BYLAYER,-1,1.3733408302223895,78.68663340473546,281.3133665977758,ACI:6|LT:BYLAYER|LW:-1|ROT_QGIS:281.313366598,"[{""operation"":""identity"",""source_entity_key"":""e3ebfeea52c37f7cdadd173c4079d0f27b68a44fbd1711d3c47fc205f420f912"",""max_displacement_m"":0.0}]",,,,,,
368,NN-133,,,,,,,,,,,,,,,,,,,,,762033.1208305506,605477.8474396184,NN-133,DWG_DIRECT:text|RULE:AI-IMB-LABEL-001,0f4ec774de2bbf4fa5a7c2d6b9edb2682c01ef030cc0f1f3225ebb833ad608b6,17083B,Home Number,SOURCE_HOME_LABEL,6,,BYLAYER,-1,0.0,0.0,0.0,ACI:6|LT:BYLAYER|LW:-1|ROT_QGIS:0.000000000,"[{""operation"":""identity"",""source_entity_key"":""0f4ec774de2bbf4fa5a7c2d6b9edb2682c01ef030cc0f1f3225ebb833ad608b6"",""max_displacement_m"":0.0}]",,,,,,
369,NN-330,,,,,,,,,,,,,,,,,,,,,761936.3067939267,604903.6759290512,NN-330,DWG_DIRECT:text|RULE:AI-IMB-LABEL-001,c5cee5263f100b1b7164f60f6333a9b8ce655a5d6f25c4aa0b6467f15e5ce41d,1709C5,Home Number,SOURCE_HOME_LABEL,6,,BYLAYER,-1,0.0,0.0,0.0,ACI:6|LT:BYLAYER|LW:-1|ROT_QGIS:0.000000000,"[{""operation"":""identity"",""source_entity_key"":""c5cee5263f100b1b7164f60f6333a9b8ce655a5d6f25c4aa0b6467f15e5ce41d"",""max_displacement_m"":0.0}]",,,,,,
370,NN-424,,,,,,,,,,,,,,,,,,,,,762311.2717447754,605197.8716578847,NN-424,DWG_DIRECT:text|RULE:AI-IMB-LABEL-001,037554b27ef13736ade28d9ccaa911d0667d57ec94d19d3fc69e37a596b55536,191F4E,Home Number,SOURCE_HOME_LABEL,6,,BYLAYER,-1,0.0,0.0,0.0,ACI:6|LT:BYLAYER|LW:-1|ROT_QGIS:0.000000000,"[{""operation"":""identity"",""source_entity_key"":""037554b27ef13736ade28d9ccaa911d0667d57ec94d19d3fc69e37a596b55536"",""max_displacement_m"":0.0}]",,,,,,
371,NN-220,,,,,,,,,,,,,,,,,,,,,761488.7535805902,605183.899257986,NN-220,DWG_DIRECT:text|RULE:AI-IMB-LABEL-001,37c47b550ba11085173f3b28b976d44b30b36bd5f16178627f7a2712b8c2ca16,1708E9,Home Number,SOURCE_HOME_LABEL,6,,BYLAYER,-1,0.0,0.0,0.0,ACI:6|LT:BYLAYER|LW:-1|ROT_QGIS:0.000000000,"[{""operation"":""identity"",""source_entity_key"":""37c47b550ba11085173f3b28b976d44b30b36bd5f16178627f7a2712b8c2ca16"",""max_displacement_m"":0.0}]",,,,,,
372,NN-239,,,,,,,,,,,,,,,,,,,,,761430.1297140054,605270.3620561793,NN-239,DWG_DIRECT:text|RULE:AI-IMB-LABEL-001,a18e61c6eb9943ddd42ae04c66b31d11fd387279025fe194b5ab866f97ffede7,17090F,Home Number,SOURCE_HOME_LABEL,6,,BYLAYER,-1,1.5707963267948966,90.0,270.0,ACI:6|LT:BYLAYER|LW:-1|ROT_QGIS:270.000000000,"[{""operation"":""identity"",""source_entity_key"":""a18e61c6eb9943ddd42ae04c66b31d11fd387279025fe194b5ab866f97ffede7"",""max_displacement_m"":0.0}]",,,,,,
373,NN-2,,,,,,,,,,,,,,,,,,,,,761914.4073658742,605757.0347112323,NN-2,DWG_DIRECT:text|RULE:AI-IMB-LABEL-001,fba8f75f4b9fe64430df2d1272534888465cc7935cf6310f9ee72e80ad02e647,170735,Home Number,SOURCE_HOME_LABEL,6,,BYLAYER,-1,0.0,0.0,0.0,ACI:6|LT:BYLAYER|LW:-1|ROT_QGIS:0.000000000,"[{""operation"":""identity"",""source_entity_key"":""fba8f75f4b9fe64430df2d1272534888465cc7935cf6310f9ee72e80ad02e647"",""max_displacement_m"":0.0}]",,,,,,
374,NN-215,,,,,,,,,,,,,,,,,,,,,761497.3524519864,605129.9899156655,NN-215,DWG_DIRECT:text|RULE:AI-IMB-LABEL-001,445ce882c70b3d7784a129d3affb1616b4bdbd42c5ea8938cc8bb35875e44123,1708DF,Home Number,SOURCE_HOME_LABEL,6,,BYLAYER,-1,0.0,0.0,0.0,ACI:6|LT:BYLAYER|LW:-1|ROT_QGIS:0.000000000,"[{""operation"":""identity"",""source_entity_key"":""445ce882c70b3d7784a129d3affb1616b4bdbd42c5ea8938cc8bb35875e44123"",""max_displacement_m"":0.0}]",,,,,,
375,NN-147,,,,,,,,,,,,,,,,,,,,,762215.995234537,605557.0267624015,NN-147,DWG_DIRECT:text|RULE:AI-IMB-LABEL-001,8c34cb9f192db28233e636beb26f0d93c4ae4cd678948a90931fd5c29b1bd651,170857,Home Number,SOURCE_HOME_LABEL,6,,BYLAYER,-1,0.0,0.0,0.0,ACI:6|LT:BYLAYER|LW:-1|ROT_QGIS:0.000000000,"[{""operation"":""identity"",""source_entity_key"":""8c34cb9f192db28233e636beb26f0d93c4ae4cd678948a90931fd5c29b1bd651"",""max_displacement_m"":0.0}]",,,,,,
376,2,,,,,,,,,,,,,,,,,,,,,761477.8436988671,605220.5644824656,2,DWG_DIRECT:text|RULE:AI-IMB-LABEL-001,1abd97329940de237d2c7aff72ddd99ebf36611a48a6e0b4141f9a4067249006,1706E9,Home Number,SOURCE_HOME_LABEL,6,,BYLAYER,-1,0.0,0.0,0.0,ACI:6|LT:BYLAYER|LW:-1|ROT_QGIS:0.000000000,"[{""operation"":""identity"",""source_entity_key"":""1abd97329940de237d2c7aff72ddd99ebf36611a48a6e0b4141f9a4067249006"",""max_displacement_m"":0.0}]",,,,,,
377,NN-430,,,,,,,,,,,,,,,,,,,,,762332.2349722784,605610.7729485903,NN-430,DWG_DIRECT:text|RULE:AI-IMB-LABEL-001,e7e2707883b34ae09b1a226ae68a10b4eb5436d4865fd10864566da044a454a7,188D7D,Home Number,SOURCE_HOME_LABEL,6,,BYLAYER,-1,0.0,0.0,0.0,ACI:6|LT:BYLAYER|LW:-1|ROT_QGIS:0.000000000,"[{""operation"":""identity"",""source_entity_key"":""e7e2707883b34ae09b1a226ae68a10b4eb5436d4865fd10864566da044a454a7"",""max_displacement_m"":0.0}]",,,,,,
378,NN-338,,,,,,,,,,,,,,,,,,,,,761888.2428053713,604891.9577307655,NN-338,DWG_DIRECT:text|RULE:AI-IMB-LABEL-001,dc12fdec287e61e08d2a30f61c71590e35d0ffbc2830b3052ece076cb8cf8baf,1709D5,Home Number,SOURCE_HOME_LABEL,6,,BYLAYER,-1,0.0,0.0,0.0,ACI:6|LT:BYLAYER|LW:-1|ROT_QGIS:0.000000000,"[{""operation"":""identity"",""source_entity_key"":""dc12fdec287e61e08d2a30f61c71590e35d0ffbc2830b3052ece076cb8cf8baf"",""max_displacement_m"":0.0}]",,,,,,
379,NN-121,,,,,,,,,,,,,,,,,,,,,762132.7232612958,605300.4769148328,NN-121,DWG_DIRECT:text|RULE:AI-IMB-LABEL-001,b8cdd1577a3e91c8053aa5baf4085d97c81ca949c20e896c49bff363a2fb773f,170823,Home Number,SOURCE_HOME_LABEL,6,,BYLAYER,-1,0.0,0.0,0.0,ACI:6|LT:BYLAYER|LW:-1|ROT_QGIS:0.000000000,"[{""operation"":""identity"",""source_entity_key"":""b8cdd1577a3e91c8053aa5baf4085d97c81ca949c20e896c49bff363a2fb773f"",""max_displacement_m"":0.0}]",,,,,,
380,NN-22,,,,,,,,,,,,,,,,,,,,,761656.4641593129,605192.729571553,NN-22,DWG_DIRECT:text|RULE:AI-IMB-LABEL-001,b237b7742c775c7cfdf18db2c153d110fdee2c9705d7640e344bad7d3da9019f,17075D,Home Number,SOURCE_HOME_LABEL,6,,BYLAYER,-1,0.0,0.0,0.0,ACI:6|LT:BYLAYER|LW:-1|ROT_QGIS:0.000000000,"[{""operation"":""identity"",""source_entity_key"":""b237b7742c775c7cfdf18db2c153d110fdee2c9705d7640e344bad7d3da9019f"",""max_displacement_m"":0.0}]",,,,,,
381,NN-348,,,,,,,,,,,,,,,,,,,,,762150.2867413161,604911.0396501598,NN-348,DWG_DIRECT:text|RULE:AI-IMB-LABEL-001,c828f3df93e8137cfa4d0501e434ef5669b543e740f8624b24d479bcb5ae09e3,1709E9,Home Number,SOURCE_HOME_LABEL,6,,BYLAYER,-1,0.0,0.0,0.0,ACI:6|LT:BYLAYER|LW:-1|ROT_QGIS:0.000000000,"[{""operation"":""identity"",""source_entity_key"":""c828f3df93e8137cfa4d0501e434ef5669b543e740f8624b24d479bcb5ae09e3"",""max_displacement_m"":0.0}]",,,,,,
382,NN-247,,,,,,,,,,,,,,,,,,,,,761352.3724362225,605332.1331958204,NN-247,DWG_DIRECT:text|RULE:AI-IMB-LABEL-001,82d85252c87de855756c0a302b2a931127e73ffff8b637a01a021189e02df9f1,17091F,Home Number,SOURCE_HOME_LABEL,6,,BYLAYER,-1,0.0,0.0,0.0,ACI:6|LT:BYLAYER|LW:-1|ROT_QGIS:0.000000000,"[{""operation"":""identity"",""source_entity_key"":""82d85252c87de855756c0a302b2a931127e73ffff8b637a01a021189e02df9f1"",""max_displacement_m"":0.0}]",,,,,,
383,NN-358,,,,,,,,,,,,,,,,,,,,,761646.4709722094,604939.5936136779,NN-358,DWG_DIRECT:text|RULE:AI-IMB-LABEL-001,1deaf73dafa91fb02d025abf12c269d697a4dc0eefd3e64f0be7264841617713,1709FD,Home Number,SOURCE_HOME_LABEL,6,,BYLAYER,-1,1.2434743854021937,71.24583421616964,288.754165784635,ACI:6|LT:BYLAYER|LW:-1|ROT_QGIS:288.754165785,"[{""operation"":""identity"",""source_entity_key"":""1deaf73dafa91fb02d025abf12c269d697a4dc0eefd3e64f0be7264841617713"",""max_displacement_m"":0.0}]",,,,,,
384,NN-56,,,,,,,,,,,,,,,,,,,,,762289.1947432709,605008.229075812,NN-56,DWG_DIRECT:text|RULE:AI-IMB-LABEL-001,f8196081a6aa06eee7f95fe8e9ca61cb5a82405ed0ea8dfc5f27f2ccc48346b1,1707A1,Home Number,SOURCE_HOME_LABEL,6,,BYLAYER,-1,0.0,0.0,0.0,ACI:6|LT:BYLAYER|LW:-1|ROT_QGIS:0.000000000,"[{""operation"":""identity"",""source_entity_key"":""f8196081a6aa06eee7f95fe8e9ca61cb5a82405ed0ea8dfc5f27f2ccc48346b1"",""max_displacement_m"":0.0}]",,,,,,
385,NN-449,,,,,,,,,,,,,,,,,,,,,762324.2893444961,605687.3864597959,NN-449,DWG_DIRECT:text|RULE:AI-IMB-LABEL-001,c20de2175ae1c129a87a34f36eb90ee41be1eb75be8b7907941904f5ab692261,188D9F,Home Number,SOURCE_HOME_LABEL,6,,BYLAYER,-1,0.0,0.0,0.0,ACI:6|LT:BYLAYER|LW:-1|ROT_QGIS:0.000000000,"[{""operation"":""identity"",""source_entity_key"":""c20de2175ae1c129a87a34f36eb90ee41be1eb75be8b7907941904f5ab692261"",""max_displacement_m"":0.0}]",,,,,,
386,NN-479,,,,,,,,,,,,,,,,,,,,,762053.0030111418,605157.1117961296,NN-479,DWG_DIRECT:text|RULE:AI-IMB-LABEL-001,8275779168f5d657899a61a2c402e450d741a33b1a2f2cbad81376eb64994fb0,1A0F63,Home Number,SOURCE_HOME_LABEL,6,,BYLAYER,-1,0.0,0.0,0.0,ACI:6|LT:BYLAYER|LW:-1|ROT_QGIS:0.000000000,"[{""operation"":""identity"",""source_entity_key"":""8275779168f5d657899a61a2c402e450d741a33b1a2f2cbad81376eb64994fb0"",""max_displacement_m"":0.0}]",,,,,,
387,NN-356,,,,,,,,,,,,,,,,,,,,,761659.691516564,604936.525812292,NN-356,DWG_DIRECT:text|RULE:AI-IMB-LABEL-001,fbb8c4b6ee6985a2233dd8a1df03d68069f07b66054ec5b378f9711aa0758a88,1709F9,Home Number,SOURCE_HOME_LABEL,6,,BYLAYER,-1,1.2434743854021937,71.24583421616964,288.7541657867795,ACI:6|LT:BYLAYER|LW:-1|ROT_QGIS:288.754165787,"[{""operation"":""identity"",""source_entity_key"":""fbb8c4b6ee6985a2233dd8a1df03d68069f07b66054ec5b378f9711aa0758a88"",""max_displacement_m"":0.0}]",,,,,,
388,25,,,,,,,,,,,,,,,,,,,,,762102.0163084097,605386.6580411673,25,DWG_DIRECT:text|RULE:AI-IMB-LABEL-001,906f08ca96ea9dcffedaef8a314a3975ee61697106896a4acf1d2d4efec25a73,17071D,Home Number,SOURCE_HOME_LABEL,6,,BYLAYER,-1,0.0,0.0,0.0,ACI:6|LT:BYLAYER|LW:-1|ROT_QGIS:0.000000000,"[{""operation"":""identity"",""source_entity_key"":""906f08ca96ea9dcffedaef8a314a3975ee61697106896a4acf1d2d4efec25a73"",""max_displacement_m"":0.0}]",,,,,,
389,NN-57,,,,,,,,,,,,,,,,,,,,,762291.4420230527,605021.3629868516,NN-57,DWG_DIRECT:text|RULE:AI-IMB-LABEL-001,9d35cb6b08f9c9cb52f9ddd85a5880e1709802e4dfdeab3c086045d36fb8f395,1707A3,Home Number,SOURCE_HOME_LABEL,6,,BYLAYER,-1,0.0,0.0,0.0,ACI:6|LT:BYLAYER|LW:-1|ROT_QGIS:0.000000000,"[{""operation"":""identity"",""source_entity_key"":""9d35cb6b08f9c9cb52f9ddd85a5880e1709802e4dfdeab3c086045d36fb8f395"",""max_displacement_m"":0.0}]",,,,,,
390,NN-17,,,,,,,,,,,,,,,,,,,,,761912.0995798764,605695.4696191171,NN-17,DWG_DIRECT:text|RULE:AI-IMB-LABEL-001,0d8efd3cfae31a582c85f357d321ee849eae3f0dbd1c016b034a1498f1f861bc,170753,Home Number,SOURCE_HOME_LABEL,6,,BYLAYER,-1,0.0,0.0,0.0,ACI:6|LT:BYLAYER|LW:-1|ROT_QGIS:0.000000000,"[{""operation"":""identity"",""source_entity_key"":""0d8efd3cfae31a582c85f357d321ee849eae3f0dbd1c016b034a1498f1f861bc"",""max_displacement_m"":0.0}]",,,,,,
391,NN-116,,,,,,,,,,,,,,,,,,,,,762060.8220976698,605223.5648348338,NN-116,DWG_DIRECT:text|RULE:AI-IMB-LABEL-001,d7acafc09ade950852c66eddd45ddd3066dfac381029494ec76e313fd209d15f,170819,Home Number,SOURCE_HOME_LABEL,6,,BYLAYER,-1,0.0,0.0,0.0,ACI:6|LT:BYLAYER|LW:-1|ROT_QGIS:0.000000000,"[{""operation"":""identity"",""source_entity_key"":""d7acafc09ade950852c66eddd45ddd3066dfac381029494ec76e313fd209d15f"",""max_displacement_m"":0.0}]",,,,,,
392,NN-260,,,,,,,,,,,,,,,,,,,,,761323.6444321795,605467.0070619897,NN-260,DWG_DIRECT:text|RULE:AI-IMB-LABEL-001,80a342940c74a45873e62d04953db9b926687b71b3faf642af5cdbb3d15683dc,170939,Home Number,SOURCE_HOME_LABEL,6,,BYLAYER,-1,0.0,0.0,0.0,ACI:6|LT:BYLAYER|LW:-1|ROT_QGIS:0.000000000,"[{""operation"":""identity"",""source_entity_key"":""80a342940c74a45873e62d04953db9b926687b71b3faf642af5cdbb3d15683dc"",""max_displacement_m"":0.0}]",,,,,,
393,NN-258,,,,,,,,,,,,,,,,,,,,,761321.6121426303,605430.5053251497,NN-258,DWG_DIRECT:text|RULE:AI-IMB-LABEL-001,96eba94171bb307ac20506001d12a20bde93361e96245810db88fef4e1a3bf4b,170935,Home Number,SOURCE_HOME_LABEL,6,,BYLAYER,-1,0.0,0.0,0.0,ACI:6|LT:BYLAYER|LW:-1|ROT_QGIS:0.000000000,"[{""operation"":""identity"",""source_entity_key"":""96eba94171bb307ac20506001d12a20bde93361e96245810db88fef4e1a3bf4b"",""max_displacement_m"":0.0}]",,,,,,
394,NN-150,,,,,,,,,,,,,,,,,,,,,762190.4156454965,605599.4665316489,NN-150,DWG_DIRECT:text|RULE:AI-IMB-LABEL-001,36aad2dca3e18f2727a3927562f1870c2de5db21e2c11fdf758f95d83a117813,17085D,Home Number,SOURCE_HOME_LABEL,6,,BYLAYER,-1,0.0,0.0,0.0,ACI:6|LT:BYLAYER|LW:-1|ROT_QGIS:0.000000000,"[{""operation"":""identity"",""source_entity_key"":""36aad2dca3e18f2727a3927562f1870c2de5db21e2c11fdf758f95d83a117813"",""max_displacement_m"":0.0}]",,,,,,
395,15,,,,,,,,,,,,,,,,,,,,,761981.8075819262,604691.4633960549,15,DWG_DIRECT:text|RULE:AI-IMB-LABEL-001,12e303b8547cfd105c85e6c7c3c85e1e0d08110df3acbb7d0953b13110b56d83,17070D,Home Number,SOURCE_HOME_LABEL,6,,BYLAYER,-1,0.0,0.0,0.0,ACI:6|LT:BYLAYER|LW:-1|ROT_QGIS:0.000000000,"[{""operation"":""identity"",""source_entity_key"":""12e303b8547cfd105c85e6c7c3c85e1e0d08110df3acbb7d0953b13110b56d83"",""max_displacement_m"":0.0}]",,,,,,
396,NN-302,,,,,,,,,,,,,,,,,,,,,761695.6303862669,604988.5625482812,NN-302,DWG_DIRECT:text|RULE:AI-IMB-LABEL-001,3cacc8dc8ed194921d75285fc7ccbbbc3254dcd6057dde31d1a1ec10b8dff4ba,17098D,Home Number,SOURCE_HOME_LABEL,6,,BYLAYER,-1,0.0,0.0,0.0,ACI:6|LT:BYLAYER|LW:-1|ROT_QGIS:0.000000000,"[{""operation"":""identity"",""source_entity_key"":""3cacc8dc8ed194921d75285fc7ccbbbc3254dcd6057dde31d1a1ec10b8dff4ba"",""max_displacement_m"":0.0}]",,,,,,
397,NN-51,,,,,,,,,,,,,,,,,,,,,762358.9316825389,605013.2171409259,NN-51,DWG_DIRECT:text|RULE:AI-IMB-LABEL-001,1b3d70002ce97c794a063b8f79ebcbe0bd5d7d51bc20dcecb5a5025336cb4fb5,170797,Home Number,SOURCE_HOME_LABEL,6,,BYLAYER,-1,0.0,0.0,0.0,ACI:6|LT:BYLAYER|LW:-1|ROT_QGIS:0.000000000,"[{""operation"":""identity"",""source_entity_key"":""1b3d70002ce97c794a063b8f79ebcbe0bd5d7d51bc20dcecb5a5025336cb4fb5"",""max_displacement_m"":0.0}]",,,,,,
398,NN-304,,,,,,,,,,,,,,,,,,,,,761668.4534545423,604984.6087538989,NN-304,DWG_DIRECT:text|RULE:AI-IMB-LABEL-001,db8c4d236d3e078b9de602c0a47db1a5a87f5977a96f121ca2f0591b30c1b55e,170991,Home Number,SOURCE_HOME_LABEL,6,,BYLAYER,-1,0.0,0.0,0.0,ACI:6|LT:BYLAYER|LW:-1|ROT_QGIS:0.000000000,"[{""operation"":""identity"",""source_entity_key"":""db8c4d236d3e078b9de602c0a47db1a5a87f5977a96f121ca2f0591b30c1b55e"",""max_displacement_m"":0.0}]",,,,,,
399,NN-478,,,,,,,,,,,,,,,,,,,,,762309.1604758033,605672.0627383094,NN-478,DWG_DIRECT:text|RULE:AI-IMB-LABEL-001,73fdb947331799ba145fc0f8098e313cf13c606c852eb5978fc2f3d902a5b694,188D9D,Home Number,SOURCE_HOME_LABEL,6,,BYLAYER,-1,0.0,0.0,0.0,ACI:6|LT:BYLAYER|LW:-1|ROT_QGIS:0.000000000,"[{""operation"":""identity"",""source_entity_key"":""73fdb947331799ba145fc0f8098e313cf13c606c852eb5978fc2f3d902a5b694"",""max_displacement_m"":0.0}]",,,,,,
400,29,,,,,,,,,,,,,,,,,,,,,762047.3858366413,605511.3264340481,29,DWG_DIRECT:text|RULE:AI-IMB-LABEL-001,c60aaca96c843b034995b73db4906b60744f0d13efb01401634eba31c6c75500,170723,Home Number,SOURCE_HOME_LABEL,6,,BYLAYER,-1,0.0,0.0,0.0,ACI:6|LT:BYLAYER|LW:-1|ROT_QGIS:0.000000000,"[{""operation"":""identity"",""source_entity_key"":""c60aaca96c843b034995b73db4906b60744f0d13efb01401634eba31c6c75500"",""max_displacement_m"":0.0}]",,,,,,
401,NN-394,,,,,,,,,,,,,,,,,,,,,761983.4679240802,604705.2226144309,NN-394,DWG_DIRECT:text|RULE:AI-IMB-LABEL-001,ac48f391325b064c1cbe03d86258a1fee4262067ea67746dffb7d0ba98af6515,170A45,Home Number,SOURCE_HOME_LABEL,6,,BYLAYER,-1,0.0,0.0,0.0,ACI:6|LT:BYLAYER|LW:-1|ROT_QGIS:0.000000000,"[{""operation"":""identity"",""source_entity_key"":""ac48f391325b064c1cbe03d86258a1fee4262067ea67746dffb7d0ba98af6515"",""max_displacement_m"":0.0}]",,,,,,
402,NN-290,,,,,,,,,,,,,,,,,,,,,761721.7752239958,605008.1847571498,NN-290,DWG_DIRECT:text|RULE:AI-IMB-LABEL-001,1e6fff4acdad69228b0acd052b6c99daadad189de7f4743bae1a64d034bc7621,170975,Home Number,SOURCE_HOME_LABEL,6,,BYLAYER,-1,0.0,0.0,0.0,ACI:6|LT:BYLAYER|LW:-1|ROT_QGIS:0.000000000,"[{""operation"":""identity"",""source_entity_key"":""1e6fff4acdad69228b0acd052b6c99daadad189de7f4743bae1a64d034bc7621"",""max_displacement_m"":0.0}]",,,,,,
403,NN-460,,,,,,,,,,,,,,,,,,,,,762247.7753952777,605830.5801282717,NN-460,DWG_DIRECT:text|RULE:AI-IMB-LABEL-001,ef33e931441054cfc07d04bd9e8c5394d80158f2fb068f553ac6a492c2dfd28c,188DCD,Home Number,SOURCE_HOME_LABEL,6,,BYLAYER,-1,0.0,0.0,0.0,ACI:6|LT:BYLAYER|LW:-1|ROT_QGIS:0.000000000,"[{""operation"":""identity"",""source_entity_key"":""ef33e931441054cfc07d04bd9e8c5394d80158f2fb068f553ac6a492c2dfd28c"",""max_displacement_m"":0.0}]",,,,,,
404,NN-444,,,,,,,,,,,,,,,,,,,,,762299.1471182058,605735.5152861503,NN-444,DWG_DIRECT:text|RULE:AI-IMB-LABEL-001,e3583e74162a6129cf02ccf1d11c9385385b8b22d0bacef86d245c409ab762d9,188DAD,Home Number,SOURCE_HOME_LABEL,6,,BYLAYER,-1,0.0,0.0,0.0,ACI:6|LT:BYLAYER|LW:-1|ROT_QGIS:0.000000000,"[{""operation"":""identity"",""source_entity_key"":""e3583e74162a6129cf02ccf1d11c9385385b8b22d0bacef86d245c409ab762d9"",""max_displacement_m"":0.0}]",,,,,,
405,NN-475,,,,,,,,,,,,,,,,,,,,,762362.594994037,605857.5528129073,NN-475,DWG_DIRECT:text|RULE:AI-IMB-LABEL-001,9412df76dbffb016e7b738c88d1d8cc7172f61c1f6a8e13db91392d0c06fe024,188D9B,Home Number,SOURCE_HOME_LABEL,6,,BYLAYER,-1,0.0,0.0,0.0,ACI:6|LT:BYLAYER|LW:-1|ROT_QGIS:0.000000000,"[{""operation"":""identity"",""source_entity_key"":""9412df76dbffb016e7b738c88d1d8cc7172f61c1f6a8e13db91392d0c06fe024"",""max_displacement_m"":0.0}]",,,,,,
406,NN-465,,,,,,,,,,,,,,,,,,,,,762348.6585946638,605776.4621175939,NN-465,DWG_DIRECT:text|RULE:AI-IMB-LABEL-001,e743cf1084828c6fc97eaea148087ab7a71ba795b869952e8977fba59fbb67f4,188D93,Home Number,SOURCE_HOME_LABEL,6,,BYLAYER,-1,0.0,0.0,0.0,ACI:6|LT:BYLAYER|LW:-1|ROT_QGIS:0.000000000,"[{""operation"":""identity"",""source_entity_key"":""e743cf1084828c6fc97eaea148087ab7a71ba795b869952e8977fba59fbb67f4"",""max_displacement_m"":0.0}]",,,,,,
407,NN-21,,,,,,,,,,,,,,,,,,,,,761673.7095915279,605212.9856566733,NN-21,DWG_DIRECT:text|RULE:AI-IMB-LABEL-001,95fcae3772f1ec07d66a498797084ebab3791edf4b11ad86375a6fc088989de7,17075B,Home Number,SOURCE_HOME_LABEL,6,,BYLAYER,-1,0.0,0.0,0.0,ACI:6|LT:BYLAYER|LW:-1|ROT_QGIS:0.000000000,"[{""operation"":""identity"",""source_entity_key"":""95fcae3772f1ec07d66a498797084ebab3791edf4b11ad86375a6fc088989de7"",""max_displacement_m"":0.0}]",,,,,,
408,NN-263,,,,,,,,,,,,,,,,,,,,,761284.7352876988,605416.2072791964,NN-263,DWG_DIRECT:text|RULE:AI-IMB-LABEL-001,a44864c1c4332536ff5bbead1332f08e35269e92250a37d1f9560ee1689419d3,17093F,Home Number,SOURCE_HOME_LABEL,6,,BYLAYER,-1,0.0,0.0,0.0,ACI:6|LT:BYLAYER|LW:-1|ROT_QGIS:0.000000000,"[{""operation"":""identity"",""source_entity_key"":""a44864c1c4332536ff5bbead1332f08e35269e92250a37d1f9560ee1689419d3"",""max_displacement_m"":0.0}]",,,,,,
409,NN-438,,,,,,,,,,,,,,,,,,,,,762360.1563152305,605724.2349803039,NN-438,DWG_DIRECT:text|RULE:AI-IMB-LABEL-001,67610784700d453ac70bf0b0d06270914d89e3c45e7c4fe1741fd89da13ad06a,188D8F,Home Number,SOURCE_HOME_LABEL,6,,BYLAYER,-1,1.3733408302223895,78.68663340473546,281.3133665977758,ACI:6|LT:BYLAYER|LW:-1|ROT_QGIS:281.313366598,"[{""operation"":""identity"",""source_entity_key"":""67610784700d453ac70bf0b0d06270914d89e3c45e7c4fe1741fd89da13ad06a"",""max_displacement_m"":0.0}]",,,,,,
410,NN-219,,,,,,,,,,,,,,,,,,,,,761470.2147100011,605175.8744829618,NN-219,DWG_DIRECT:text|RULE:AI-IMB-LABEL-001,70ea3928c36911ca1292bc3f871471ca349689cf67981447a5cf5721a6ec623a,1708E7,Home Number,SOURCE_HOME_LABEL,6,,BYLAYER,-1,1.1687906747155585,66.96677279544936,293.0332272017765,ACI:6|LT:BYLAYER|LW:-1|ROT_QGIS:293.033227202,"[{""operation"":""identity"",""source_entity_key"":""70ea3928c36911ca1292bc3f871471ca349689cf67981447a5cf5721a6ec623a"",""max_displacement_m"":0.0}]",,,,,,
411,NN-445,,,,,,,,,,,,,,,,,,,,,762270.076391164,605719.6009301544,NN-445,DWG_DIRECT:text|RULE:AI-IMB-LABEL-001,784539069db842c07da1064cf6c0c7064360676a6c5526de901d31a44c5da655,188DB1,Home Number,SOURCE_HOME_LABEL,6,,BYLAYER,-1,0.0,0.0,0.0,ACI:6|LT:BYLAYER|LW:-1|ROT_QGIS:0.000000000,"[{""operation"":""identity"",""source_entity_key"":""784539069db842c07da1064cf6c0c7064360676a6c5526de901d31a44c5da655"",""max_displacement_m"":0.0}]",,,,,,
412,NN-451,,,,,,,,,,,,,,,,,,,,,762294.6814490615,605700.6594408256,NN-451,DWG_DIRECT:text|RULE:AI-IMB-LABEL-001,f261e4696716dd930caef5eb962c5df062f4cb271ac76d33ac767cbd4ef18e33,188DA5,Home Number,SOURCE_HOME_LABEL,6,,BYLAYER,-1,0.0,0.0,0.0,ACI:6|LT:BYLAYER|LW:-1|ROT_QGIS:0.000000000,"[{""operation"":""identity"",""source_entity_key"":""f261e4696716dd930caef5eb962c5df062f4cb271ac76d33ac767cbd4ef18e33"",""max_displacement_m"":0.0}]",,,,,,
413,NN-74,,,,,,,,,,,,,,,,,,,,,762237.9150781542,605068.685869581,NN-74,DWG_DIRECT:text|RULE:AI-IMB-LABEL-001,bebb853d02d3979218958bcf44d295fe8472e8e396cc880b3f6ca5331869b9b0,1707C5,Home Number,SOURCE_HOME_LABEL,6,,BYLAYER,-1,0.0,0.0,0.0,ACI:6|LT:BYLAYER|LW:-1|ROT_QGIS:0.000000000,"[{""operation"":""identity"",""source_entity_key"":""bebb853d02d3979218958bcf44d295fe8472e8e396cc880b3f6ca5331869b9b0"",""max_displacement_m"":0.0}]",,,,,,
414,NN-98,,,,,,,,,,,,,,,,,,,,,762089.6507029982,605141.9295075112,NN-98,DWG_DIRECT:text|RULE:AI-IMB-LABEL-001,722631ec621cefbd0596a06edb65b2388d670996f32df81536057de8add711fd,1707F5,Home Number,SOURCE_HOME_LABEL,6,,BYLAYER,-1,0.0,0.0,0.0,ACI:6|LT:BYLAYER|LW:-1|ROT_QGIS:0.000000000,"[{""operation"":""identity"",""source_entity_key"":""722631ec621cefbd0596a06edb65b2388d670996f32df81536057de8add711fd"",""max_displacement_m"":0.0}]",,,,,,
415,NN-312,,,,,,,,,,,,,,,,,,,,,761709.0193494849,605014.2488025698,NN-312,DWG_DIRECT:text|RULE:AI-IMB-LABEL-001,98738688f59d57571d2d05717985154d1c0e72bbd98a794d5378c546eb9a2832,1709A1,Home Number,SOURCE_HOME_LABEL,6,,BYLAYER,-1,0.0,0.0,0.0,ACI:6|LT:BYLAYER|LW:-1|ROT_QGIS:0.000000000,"[{""operation"":""identity"",""source_entity_key"":""98738688f59d57571d2d05717985154d1c0e72bbd98a794d5378c546eb9a2832"",""max_displacement_m"":0.0}]",,,,,,
416,NN-209,,,,,,,,,,,,,,,,,,,,,762076.6335511258,604706.4131899499,NN-209,DWG_DIRECT:text|RULE:AI-IMB-LABEL-001,c1bb0285f068d89b8cf087f0a9cc888aa003690a6a381fe86a8f592fe84583e3,1708D3,Home Number,SOURCE_HOME_LABEL,6,,BYLAYER,-1,0.0,0.0,0.0,ACI:6|LT:BYLAYER|LW:-1|ROT_QGIS:0.000000000,"[{""operation"":""identity"",""source_entity_key"":""c1bb0285f068d89b8cf087f0a9cc888aa003690a6a381fe86a8f592fe84583e3"",""max_displacement_m"":0.0}]",,,,,,
417,24,,,,,,,,,,,,,,,,,,,,,762010.882071016,605578.9254818688,24,DWG_DIRECT:text|RULE:AI-IMB-LABEL-001,b2570925d2e0fa2f3b1fb7a8d42d3ef7646f3abfad61e36ab5f0b610c23ee370,17071B,Home Number,SOURCE_HOME_LABEL,6,,BYLAYER,-1,0.0,0.0,0.0,ACI:6|LT:BYLAYER|LW:-1|ROT_QGIS:0.000000000,"[{""operation"":""identity"",""source_entity_key"":""b2570925d2e0fa2f3b1fb7a8d42d3ef7646f3abfad61e36ab5f0b610c23ee370"",""max_displacement_m"":0.0}]",,,,,,
418,NN-441,,,,,,,,,,,,,,,,,,,,,762307.7731525507,605700.8635695188,NN-441,DWG_DIRECT:text|RULE:AI-IMB-LABEL-001,811527649c99b29cf5c08ce3eff98555da675d89b0e369feaa04181ab8884708,188DA7,Home Number,SOURCE_HOME_LABEL,6,,BYLAYER,-1,0.0,0.0,0.0,ACI:6|LT:BYLAYER|LW:-1|ROT_QGIS:0.000000000,"[{""operation"":""identity"",""source_entity_key"":""811527649c99b29cf5c08ce3eff98555da675d89b0e369feaa04181ab8884708"",""max_displacement_m"":0.0}]",,,,,,
419,NN-128,,,,,,,,,,,,,,,,,,,,,762102.6621026263,605356.6401012581,NN-128,DWG_DIRECT:text|RULE:AI-IMB-LABEL-001,bc80a9970fea5fca891af56c7cc39914a8b66b07a9e2cb8d7d129080baeb7225,170831,Home Number,SOURCE_HOME_LABEL,6,,BYLAYER,-1,0.0,0.0,0.0,ACI:6|LT:BYLAYER|LW:-1|ROT_QGIS:0.000000000,"[{""operation"":""identity"",""source_entity_key"":""bc80a9970fea5fca891af56c7cc39914a8b66b07a9e2cb8d7d129080baeb7225"",""max_displacement_m"":0.0}]",,,,,,
420,NN-16,,,,,,,,,,,,,,,,,,,,,761934.1669500981,605709.8359020887,NN-16,DWG_DIRECT:text|RULE:AI-IMB-LABEL-001,6fb4512f43df9a5fd1b180a4c739d5830da61874cf32c6394514e73f33998568,170751,Home Number,SOURCE_HOME_LABEL,6,,BYLAYER,-1,0.0,0.0,0.0,ACI:6|LT:BYLAYER|LW:-1|ROT_QGIS:0.000000000,"[{""operation"":""identity"",""source_entity_key"":""6fb4512f43df9a5fd1b180a4c739d5830da61874cf32c6394514e73f33998568"",""max_displacement_m"":0.0}]",,,,,,
421,NN-113,,,,,,,,,,,,,,,,,,,,,762068.3273428321,605202.5613907054,NN-113,DWG_DIRECT:text|RULE:AI-IMB-LABEL-001,002da974e6c9bc635a1fc373e1c65d4f61cae168e52adca715e20a79f80cdda2,170813,Home Number,SOURCE_HOME_LABEL,6,,BYLAYER,-1,0.0,0.0,0.0,ACI:6|LT:BYLAYER|LW:-1|ROT_QGIS:0.000000000,"[{""operation"":""identity"",""source_entity_key"":""002da974e6c9bc635a1fc373e1c65d4f61cae168e52adca715e20a79f80cdda2"",""max_displacement_m"":0.0}]",,,,,,
422,NN-4,,,,,,,,,,,,,,,,,,,,,761913.0904606624,605739.7338831034,NN-4,DWG_DIRECT:text|RULE:AI-IMB-LABEL-001,a2b1827e36e01268016f4b828b754be606f944546a5c781065ff32dc2b68d386,170739,Home Number,SOURCE_HOME_LABEL,6,,BYLAYER,-1,0.0,0.0,0.0,ACI:6|LT:BYLAYER|LW:-1|ROT_QGIS:0.000000000,"[{""operation"":""identity"",""source_entity_key"":""a2b1827e36e01268016f4b828b754be606f944546a5c781065ff32dc2b68d386"",""max_displacement_m"":0.0}]",,,,,,
423,NN-279,,,,,,,,,,,,,,,,,,,,,761742.5148542998,605139.0020493182,NN-279,DWG_DIRECT:text|RULE:AI-IMB-LABEL-001,95e1c5ab0492f0c5c311a111e5c0cfd1cc5fed996587329d7415f892f1e1a378,17095F,Home Number,SOURCE_HOME_LABEL,6,,BYLAYER,-1,0.0,0.0,0.0,ACI:6|LT:BYLAYER|LW:-1|ROT_QGIS:0.000000000,"[{""operation"":""identity"",""source_entity_key"":""95e1c5ab0492f0c5c311a111e5c0cfd1cc5fed996587329d7415f892f1e1a378"",""max_displacement_m"":0.0}]",,,,,,
