layer,delivery_fid,source_entity_key,source_handle,field_name,delivery_value,recorded_value,provenance,missing_value,recorded_comparison,direct_source_text_match,source_texts,selected_annotation_keys,verified_selected_annotation_texts,heuristic_number_label_keys,verified_heuristic_number_texts,replacement_character_in_delivery,replacement_character_in_source_text
BOITE,1,dac3cc0cf40b1af33111747b77e627b2b14fa87e692b2b238b5ffa77f0b30e10,762C,CODE,BOITE-CAD-762C,BOITE-CAD-762C,DWG_DERIVED:stable-handle-id,False,exact,no_exact_match_requires_relation_or_derivation,"[""COORDINAT=1.290709°124.875240°\nID=Slack Cable 24C.01\nIDENTITY=Cable From EMR-29619-48C-01\nIDENTITY2=BTS-UPLINK_FWA_OLT_TOMOHON_TO_EMR- 29619_FO_24C\nMARKING=XXX\nPLACE=MR.UP.TMH.EMR-46478.P005\nSLACK=20"", ""1.290709°124.875240°"", ""Slack Cable 24C.01"", ""Cable From EMR-29619-48C-01"", ""BTS-UPLINK_FWA_OLT_TOMOHON_TO_EMR- 29619_FO_24C"", ""XXX"", ""MR.UP.TMH.EMR-46478.P005"", ""20""]",,[],,[],False,False
BOITE,1,dac3cc0cf40b1af33111747b77e627b2b14fa87e692b2b238b5ffa77f0b30e10,762C,CODE_PTC,,,UNAVAILABLE,True,missing_value,not_a_text_check,"[""COORDINAT=1.290709°124.875240°\nID=Slack Cable 24C.01\nIDENTITY=Cable From EMR-29619-48C-01\nIDENTITY2=BTS-UPLINK_FWA_OLT_TOMOHON_TO_EMR- 29619_FO_24C\nMARKING=XXX\nPLACE=MR.UP.TMH.EMR-46478.P005\nSLACK=20"", ""1.290709°124.875240°"", ""Slack Cable 24C.01"", ""Cable From EMR-29619-48C-01"", ""BTS-UPLINK_FWA_OLT_TOMOHON_TO_EMR- 29619_FO_24C"", ""XXX"", ""MR.UP.TMH.EMR-46478.P005"", ""20""]",,[],,[],False,False
BOITE,1,dac3cc0cf40b1af33111747b77e627b2b14fa87e692b2b238b5ffa77f0b30e10,762C,REF_PLAQUE,,,UNAVAILABLE,True,missing_value,not_a_text_check,"[""COORDINAT=1.290709°124.875240°\nID=Slack Cable 24C.01\nIDENTITY=Cable From EMR-29619-48C-01\nIDENTITY2=BTS-UPLINK_FWA_OLT_TOMOHON_TO_EMR- 29619_FO_24C\nMARKING=XXX\nPLACE=MR.UP.TMH.EMR-46478.P005\nSLACK=20"", ""1.290709°124.875240°"", ""Slack Cable 24C.01"", ""Cable From EMR-29619-48C-01"", ""BTS-UPLINK_FWA_OLT_TOMOHON_TO_EMR- 29619_FO_24C"", ""XXX"", ""MR.UP.TMH.EMR-46478.P005"", ""20""]",,[],,[],False,False
BOITE,1,dac3cc0cf40b1af33111747b77e627b2b14fa87e692b2b238b5ffa77f0b30e10,762C,REF_PM,,,UNAVAILABLE,True,missing_value,not_a_text_check,"[""COORDINAT=1.290709°124.875240°\nID=Slack Cable 24C.01\nIDENTITY=Cable From EMR-29619-48C-01\nIDENTITY2=BTS-UPLINK_FWA_OLT_TOMOHON_TO_EMR- 29619_FO_24C\nMARKING=XXX\nPLACE=MR.UP.TMH.EMR-46478.P005\nSLACK=20"", ""1.290709°124.875240°"", ""Slack Cable 24C.01"", ""Cable From EMR-29619-48C-01"", ""BTS-UPLINK_FWA_OLT_TOMOHON_TO_EMR- 29619_FO_24C"", ""XXX"", ""MR.UP.TMH.EMR-46478.P005"", ""20""]",,[],,[],False,False
BOITE,1,dac3cc0cf40b1af33111747b77e627b2b14fa87e692b2b238b5ffa77f0b30e10,762C,TYPE,,,UNAVAILABLE,True,missing_value,not_a_text_check,"[""COORDINAT=1.290709°124.875240°\nID=Slack Cable 24C.01\nIDENTITY=Cable From EMR-29619-48C-01\nIDENTITY2=BTS-UPLINK_FWA_OLT_TOMOHON_TO_EMR- 29619_FO_24C\nMARKING=XXX\nPLACE=MR.UP.TMH.EMR-46478.P005\nSLACK=20"", ""1.290709°124.875240°"", ""Slack Cable 24C.01"", ""Cable From EMR-29619-48C-01"", ""BTS-UPLINK_FWA_OLT_TOMOHON_TO_EMR- 29619_FO_24C"", ""XXX"", ""MR.UP.TMH.EMR-46478.P005"", ""20""]",,[],,[],False,False
BOITE,1,dac3cc0cf40b1af33111747b77e627b2b14fa87e692b2b238b5ffa77f0b30e10,762C,MODE_POSE,,,UNAVAILABLE,True,missing_value,not_a_text_check,"[""COORDINAT=1.290709°124.875240°\nID=Slack Cable 24C.01\nIDENTITY=Cable From EMR-29619-48C-01\nIDENTITY2=BTS-UPLINK_FWA_OLT_TOMOHON_TO_EMR- 29619_FO_24C\nMARKING=XXX\nPLACE=MR.UP.TMH.EMR-46478.P005\nSLACK=20"", ""1.290709°124.875240°"", ""Slack Cable 24C.01"", ""Cable From EMR-29619-48C-01"", ""BTS-UPLINK_FWA_OLT_TOMOHON_TO_EMR- 29619_FO_24C"", ""XXX"", ""MR.UP.TMH.EMR-46478.P005"", ""20""]",,[],,[],False,False
BOITE,1,dac3cc0cf40b1af33111747b77e627b2b14fa87e692b2b238b5ffa77f0b30e10,762C,CAPACITE,,,UNAVAILABLE,True,missing_value,not_a_text_check,"[""COORDINAT=1.290709°124.875240°\nID=Slack Cable 24C.01\nIDENTITY=Cable From EMR-29619-48C-01\nIDENTITY2=BTS-UPLINK_FWA_OLT_TOMOHON_TO_EMR- 29619_FO_24C\nMARKING=XXX\nPLACE=MR.UP.TMH.EMR-46478.P005\nSLACK=20"", ""1.290709°124.875240°"", ""Slack Cable 24C.01"", ""Cable From EMR-29619-48C-01"", ""BTS-UPLINK_FWA_OLT_TOMOHON_TO_EMR- 29619_FO_24C"", ""XXX"", ""MR.UP.TMH.EMR-46478.P005"", ""20""]",,[],,[],False,False
BOITE,1,dac3cc0cf40b1af33111747b77e627b2b14fa87e692b2b238b5ffa77f0b30e10,762C,NB_FIBRE_UTIL,,,UNAVAILABLE,True,missing_value,not_a_text_check,"[""COORDINAT=1.290709°124.875240°\nID=Slack Cable 24C.01\nIDENTITY=Cable From EMR-29619-48C-01\nIDENTITY2=BTS-UPLINK_FWA_OLT_TOMOHON_TO_EMR- 29619_FO_24C\nMARKING=XXX\nPLACE=MR.UP.TMH.EMR-46478.P005\nSLACK=20"", ""1.290709°124.875240°"", ""Slack Cable 24C.01"", ""Cable From EMR-29619-48C-01"", ""BTS-UPLINK_FWA_OLT_TOMOHON_TO_EMR- 29619_FO_24C"", ""XXX"", ""MR.UP.TMH.EMR-46478.P005"", ""20""]",,[],,[],False,False
BOITE,1,dac3cc0cf40b1af33111747b77e627b2b14fa87e692b2b238b5ffa77f0b30e10,762C,FABRIQUANT,,,UNAVAILABLE,True,missing_value,not_a_text_check,"[""COORDINAT=1.290709°124.875240°\nID=Slack Cable 24C.01\nIDENTITY=Cable From EMR-29619-48C-01\nIDENTITY2=BTS-UPLINK_FWA_OLT_TOMOHON_TO_EMR- 29619_FO_24C\nMARKING=XXX\nPLACE=MR.UP.TMH.EMR-46478.P005\nSLACK=20"", ""1.290709°124.875240°"", ""Slack Cable 24C.01"", ""Cable From EMR-29619-48C-01"", ""BTS-UPLINK_FWA_OLT_TOMOHON_TO_EMR- 29619_FO_24C"", ""XXX"", ""MR.UP.TMH.EMR-46478.P005"", ""20""]",,[],,[],False,False
BOITE,1,dac3cc0cf40b1af33111747b77e627b2b14fa87e692b2b238b5ffa77f0b30e10,762C,REF_BPE,,,UNAVAILABLE,True,missing_value,not_a_text_check,"[""COORDINAT=1.290709°124.875240°\nID=Slack Cable 24C.01\nIDENTITY=Cable From EMR-29619-48C-01\nIDENTITY2=BTS-UPLINK_FWA_OLT_TOMOHON_TO_EMR- 29619_FO_24C\nMARKING=XXX\nPLACE=MR.UP.TMH.EMR-46478.P005\nSLACK=20"", ""1.290709°124.875240°"", ""Slack Cable 24C.01"", ""Cable From EMR-29619-48C-01"", ""BTS-UPLINK_FWA_OLT_TOMOHON_TO_EMR- 29619_FO_24C"", ""XXX"", ""MR.UP.TMH.EMR-46478.P005"", ""20""]",,[],,[],False,False
BOITE,1,dac3cc0cf40b1af33111747b77e627b2b14fa87e692b2b238b5ffa77f0b30e10,762C,NB_CASSETTES_MAX,,,UNAVAILABLE,True,missing_value,not_a_text_check,"[""COORDINAT=1.290709°124.875240°\nID=Slack Cable 24C.01\nIDENTITY=Cable From EMR-29619-48C-01\nIDENTITY2=BTS-UPLINK_FWA_OLT_TOMOHON_TO_EMR- 29619_FO_24C\nMARKING=XXX\nPLACE=MR.UP.TMH.EMR-46478.P005\nSLACK=20"", ""1.290709°124.875240°"", ""Slack Cable 24C.01"", ""Cable From EMR-29619-48C-01"", ""BTS-UPLINK_FWA_OLT_TOMOHON_TO_EMR- 29619_FO_24C"", ""XXX"", ""MR.UP.TMH.EMR-46478.P005"", ""20""]",,[],,[],False,False
BOITE,1,dac3cc0cf40b1af33111747b77e627b2b14fa87e692b2b238b5ffa77f0b30e10,762C,CABLE_AMONT,,,UNAVAILABLE,True,missing_value,not_a_text_check,"[""COORDINAT=1.290709°124.875240°\nID=Slack Cable 24C.01\nIDENTITY=Cable From EMR-29619-48C-01\nIDENTITY2=BTS-UPLINK_FWA_OLT_TOMOHON_TO_EMR- 29619_FO_24C\nMARKING=XXX\nPLACE=MR.UP.TMH.EMR-46478.P005\nSLACK=20"", ""1.290709°124.875240°"", ""Slack Cable 24C.01"", ""Cable From EMR-29619-48C-01"", ""BTS-UPLINK_FWA_OLT_TOMOHON_TO_EMR- 29619_FO_24C"", ""XXX"", ""MR.UP.TMH.EMR-46478.P005"", ""20""]",,[],,[],False,False
BOITE,1,dac3cc0cf40b1af33111747b77e627b2b14fa87e692b2b238b5ffa77f0b30e10,762C,STATUT,,,UNAVAILABLE,True,missing_value,not_a_text_check,"[""COORDINAT=1.290709°124.875240°\nID=Slack Cable 24C.01\nIDENTITY=Cable From EMR-29619-48C-01\nIDENTITY2=BTS-UPLINK_FWA_OLT_TOMOHON_TO_EMR- 29619_FO_24C\nMARKING=XXX\nPLACE=MR.UP.TMH.EMR-46478.P005\nSLACK=20"", ""1.290709°124.875240°"", ""Slack Cable 24C.01"", ""Cable From EMR-29619-48C-01"", ""BTS-UPLINK_FWA_OLT_TOMOHON_TO_EMR- 29619_FO_24C"", ""XXX"", ""MR.UP.TMH.EMR-46478.P005"", ""20""]",,[],,[],False,False
BOITE,1,dac3cc0cf40b1af33111747b77e627b2b14fa87e692b2b238b5ffa77f0b30e10,762C,PROPRIETAIRE,,,UNAVAILABLE,True,missing_value,not_a_text_check,"[""COORDINAT=1.290709°124.875240°\nID=Slack Cable 24C.01\nIDENTITY=Cable From EMR-29619-48C-01\nIDENTITY2=BTS-UPLINK_FWA_OLT_TOMOHON_TO_EMR- 29619_FO_24C\nMARKING=XXX\nPLACE=MR.UP.TMH.EMR-46478.P005\nSLACK=20"", ""1.290709°124.875240°"", ""Slack Cable 24C.01"", ""Cable From EMR-29619-48C-01"", ""BTS-UPLINK_FWA_OLT_TOMOHON_TO_EMR- 29619_FO_24C"", ""XXX"", ""MR.UP.TMH.EMR-46478.P005"", ""20""]",,[],,[],False,False
BOITE,1,dac3cc0cf40b1af33111747b77e627b2b14fa87e692b2b238b5ffa77f0b30e10,762C,GESTIONNAIRE,,,UNAVAILABLE,True,missing_value,not_a_text_check,"[""COORDINAT=1.290709°124.875240°\nID=Slack Cable 24C.01\nIDENTITY=Cable From EMR-29619-48C-01\nIDENTITY2=BTS-UPLINK_FWA_OLT_TOMOHON_TO_EMR- 29619_FO_24C\nMARKING=XXX\nPLACE=MR.UP.TMH.EMR-46478.P005\nSLACK=20"", ""1.290709°124.875240°"", ""Slack Cable 24C.01"", ""Cable From EMR-29619-48C-01"", ""BTS-UPLINK_FWA_OLT_TOMOHON_TO_EMR- 29619_FO_24C"", ""XXX"", ""MR.UP.TMH.EMR-46478.P005"", ""20""]",,[],,[],False,False
BOITE,1,dac3cc0cf40b1af33111747b77e627b2b14fa87e692b2b238b5ffa77f0b30e10,762C,VILLE,,,UNAVAILABLE,True,missing_value,not_a_text_check,"[""COORDINAT=1.290709°124.875240°\nID=Slack Cable 24C.01\nIDENTITY=Cable From EMR-29619-48C-01\nIDENTITY2=BTS-UPLINK_FWA_OLT_TOMOHON_TO_EMR- 29619_FO_24C\nMARKING=XXX\nPLACE=MR.UP.TMH.EMR-46478.P005\nSLACK=20"", ""1.290709°124.875240°"", ""Slack Cable 24C.01"", ""Cable From EMR-29619-48C-01"", ""BTS-UPLINK_FWA_OLT_TOMOHON_TO_EMR- 29619_FO_24C"", ""XXX"", ""MR.UP.TMH.EMR-46478.P005"", ""20""]",,[],,[],False,False
BOITE,1,dac3cc0cf40b1af33111747b77e627b2b14fa87e692b2b238b5ffa77f0b30e10,762C,X,13896483.98902274,13896483.98902274,DWG_DERIVED:GEODATA+direct-CRS-transform,False,exact,not_a_text_check,"[""COORDINAT=1.290709°124.875240°\nID=Slack Cable 24C.01\nIDENTITY=Cable From EMR-29619-48C-01\nIDENTITY2=BTS-UPLINK_FWA_OLT_TOMOHON_TO_EMR- 29619_FO_24C\nMARKING=XXX\nPLACE=MR.UP.TMH.EMR-46478.P005\nSLACK=20"", ""1.290709°124.875240°"", ""Slack Cable 24C.01"", ""Cable From EMR-29619-48C-01"", ""BTS-UPLINK_FWA_OLT_TOMOHON_TO_EMR- 29619_FO_24C"", ""XXX"", ""MR.UP.TMH.EMR-46478.P005"", ""20""]",,[],,[],False,False
BOITE,1,dac3cc0cf40b1af33111747b77e627b2b14fa87e692b2b238b5ffa77f0b30e10,762C,Y,145566.6158118551,145566.6158118551,DWG_DERIVED:GEODATA+direct-CRS-transform,False,exact,not_a_text_check,"[""COORDINAT=1.290709°124.875240°\nID=Slack Cable 24C.01\nIDENTITY=Cable From EMR-29619-48C-01\nIDENTITY2=BTS-UPLINK_FWA_OLT_TOMOHON_TO_EMR- 29619_FO_24C\nMARKING=XXX\nPLACE=MR.UP.TMH.EMR-46478.P005\nSLACK=20"", ""1.290709°124.875240°"", ""Slack Cable 24C.01"", ""Cable From EMR-29619-48C-01"", ""BTS-UPLINK_FWA_OLT_TOMOHON_TO_EMR- 29619_FO_24C"", ""XXX"", ""MR.UP.TMH.EMR-46478.P005"", ""20""]",,[],,[],False,False
BOITE,1,dac3cc0cf40b1af33111747b77e627b2b14fa87e692b2b238b5ffa77f0b30e10,762C,display_label,,,UNAVAILABLE,True,missing_value,not_a_text_check,"[""COORDINAT=1.290709°124.875240°\nID=Slack Cable 24C.01\nIDENTITY=Cable From EMR-29619-48C-01\nIDENTITY2=BTS-UPLINK_FWA_OLT_TOMOHON_TO_EMR- 29619_FO_24C\nMARKING=XXX\nPLACE=MR.UP.TMH.EMR-46478.P005\nSLACK=20"", ""1.290709°124.875240°"", ""Slack Cable 24C.01"", ""Cable From EMR-29619-48C-01"", ""BTS-UPLINK_FWA_OLT_TOMOHON_TO_EMR- 29619_FO_24C"", ""XXX"", ""MR.UP.TMH.EMR-46478.P005"", ""20""]",,[],,[],False,False
BOITE,2,ae1b5a0bba86b4979ee365c19fa39c065d430fa70c5053a8dce20966ff6b9cdd,762E,CODE,BOITE-CAD-762E,BOITE-CAD-762E,DWG_DERIVED:stable-handle-id,False,exact,no_exact_match_requires_relation_or_derivation,"[""COORDINAT=1.290709°124.875240°\nID=Slack Cable 24C.01\nIDENTITY=Cable From EMR-29619-48C-01\nIDENTITY2=BTS-UPLINK_FWA_OLT_TOMOHON_TO_EMR- 29619_FO_24C\nMARKING=XXX\nPLACE=MR.UP.TMH.EMR-46478.P005\nSLACK=20"", ""1.290709°124.875240°"", ""Slack Cable 24C.01"", ""Cable From EMR-29619-48C-01"", ""BTS-UPLINK_FWA_OLT_TOMOHON_TO_EMR- 29619_FO_24C"", ""XXX"", ""MR.UP.TMH.EMR-46478.P005"", ""20""]",,[],,[],False,False
BOITE,2,ae1b5a0bba86b4979ee365c19fa39c065d430fa70c5053a8dce20966ff6b9cdd,762E,CODE_PTC,,,UNAVAILABLE,True,missing_value,not_a_text_check,"[""COORDINAT=1.290709°124.875240°\nID=Slack Cable 24C.01\nIDENTITY=Cable From EMR-29619-48C-01\nIDENTITY2=BTS-UPLINK_FWA_OLT_TOMOHON_TO_EMR- 29619_FO_24C\nMARKING=XXX\nPLACE=MR.UP.TMH.EMR-46478.P005\nSLACK=20"", ""1.290709°124.875240°"", ""Slack Cable 24C.01"", ""Cable From EMR-29619-48C-01"", ""BTS-UPLINK_FWA_OLT_TOMOHON_TO_EMR- 29619_FO_24C"", ""XXX"", ""MR.UP.TMH.EMR-46478.P005"", ""20""]",,[],,[],False,False
BOITE,2,ae1b5a0bba86b4979ee365c19fa39c065d430fa70c5053a8dce20966ff6b9cdd,762E,REF_PLAQUE,,,UNAVAILABLE,True,missing_value,not_a_text_check,"[""COORDINAT=1.290709°124.875240°\nID=Slack Cable 24C.01\nIDENTITY=Cable From EMR-29619-48C-01\nIDENTITY2=BTS-UPLINK_FWA_OLT_TOMOHON_TO_EMR- 29619_FO_24C\nMARKING=XXX\nPLACE=MR.UP.TMH.EMR-46478.P005\nSLACK=20"", ""1.290709°124.875240°"", ""Slack Cable 24C.01"", ""Cable From EMR-29619-48C-01"", ""BTS-UPLINK_FWA_OLT_TOMOHON_TO_EMR- 29619_FO_24C"", ""XXX"", ""MR.UP.TMH.EMR-46478.P005"", ""20""]",,[],,[],False,False
BOITE,2,ae1b5a0bba86b4979ee365c19fa39c065d430fa70c5053a8dce20966ff6b9cdd,762E,REF_PM,,,UNAVAILABLE,True,missing_value,not_a_text_check,"[""COORDINAT=1.290709°124.875240°\nID=Slack Cable 24C.01\nIDENTITY=Cable From EMR-29619-48C-01\nIDENTITY2=BTS-UPLINK_FWA_OLT_TOMOHON_TO_EMR- 29619_FO_24C\nMARKING=XXX\nPLACE=MR.UP.TMH.EMR-46478.P005\nSLACK=20"", ""1.290709°124.875240°"", ""Slack Cable 24C.01"", ""Cable From EMR-29619-48C-01"", ""BTS-UPLINK_FWA_OLT_TOMOHON_TO_EMR- 29619_FO_24C"", ""XXX"", ""MR.UP.TMH.EMR-46478.P005"", ""20""]",,[],,[],False,False
BOITE,2,ae1b5a0bba86b4979ee365c19fa39c065d430fa70c5053a8dce20966ff6b9cdd,762E,TYPE,,,UNAVAILABLE,True,missing_value,not_a_text_check,"[""COORDINAT=1.290709°124.875240°\nID=Slack Cable 24C.01\nIDENTITY=Cable From EMR-29619-48C-01\nIDENTITY2=BTS-UPLINK_FWA_OLT_TOMOHON_TO_EMR- 29619_FO_24C\nMARKING=XXX\nPLACE=MR.UP.TMH.EMR-46478.P005\nSLACK=20"", ""1.290709°124.875240°"", ""Slack Cable 24C.01"", ""Cable From EMR-29619-48C-01"", ""BTS-UPLINK_FWA_OLT_TOMOHON_TO_EMR- 29619_FO_24C"", ""XXX"", ""MR.UP.TMH.EMR-46478.P005"", ""20""]",,[],,[],False,False
BOITE,2,ae1b5a0bba86b4979ee365c19fa39c065d430fa70c5053a8dce20966ff6b9cdd,762E,MODE_POSE,,,UNAVAILABLE,True,missing_value,not_a_text_check,"[""COORDINAT=1.290709°124.875240°\nID=Slack Cable 24C.01\nIDENTITY=Cable From EMR-29619-48C-01\nIDENTITY2=BTS-UPLINK_FWA_OLT_TOMOHON_TO_EMR- 29619_FO_24C\nMARKING=XXX\nPLACE=MR.UP.TMH.EMR-46478.P005\nSLACK=20"", ""1.290709°124.875240°"", ""Slack Cable 24C.01"", ""Cable From EMR-29619-48C-01"", ""BTS-UPLINK_FWA_OLT_TOMOHON_TO_EMR- 29619_FO_24C"", ""XXX"", ""MR.UP.TMH.EMR-46478.P005"", ""20""]",,[],,[],False,False
BOITE,2,ae1b5a0bba86b4979ee365c19fa39c065d430fa70c5053a8dce20966ff6b9cdd,762E,CAPACITE,,,UNAVAILABLE,True,missing_value,not_a_text_check,"[""COORDINAT=1.290709°124.875240°\nID=Slack Cable 24C.01\nIDENTITY=Cable From EMR-29619-48C-01\nIDENTITY2=BTS-UPLINK_FWA_OLT_TOMOHON_TO_EMR- 29619_FO_24C\nMARKING=XXX\nPLACE=MR.UP.TMH.EMR-46478.P005\nSLACK=20"", ""1.290709°124.875240°"", ""Slack Cable 24C.01"", ""Cable From EMR-29619-48C-01"", ""BTS-UPLINK_FWA_OLT_TOMOHON_TO_EMR- 29619_FO_24C"", ""XXX"", ""MR.UP.TMH.EMR-46478.P005"", ""20""]",,[],,[],False,False
BOITE,2,ae1b5a0bba86b4979ee365c19fa39c065d430fa70c5053a8dce20966ff6b9cdd,762E,NB_FIBRE_UTIL,,,UNAVAILABLE,True,missing_value,not_a_text_check,"[""COORDINAT=1.290709°124.875240°\nID=Slack Cable 24C.01\nIDENTITY=Cable From EMR-29619-48C-01\nIDENTITY2=BTS-UPLINK_FWA_OLT_TOMOHON_TO_EMR- 29619_FO_24C\nMARKING=XXX\nPLACE=MR.UP.TMH.EMR-46478.P005\nSLACK=20"", ""1.290709°124.875240°"", ""Slack Cable 24C.01"", ""Cable From EMR-29619-48C-01"", ""BTS-UPLINK_FWA_OLT_TOMOHON_TO_EMR- 29619_FO_24C"", ""XXX"", ""MR.UP.TMH.EMR-46478.P005"", ""20""]",,[],,[],False,False
BOITE,2,ae1b5a0bba86b4979ee365c19fa39c065d430fa70c5053a8dce20966ff6b9cdd,762E,FABRIQUANT,,,UNAVAILABLE,True,missing_value,not_a_text_check,"[""COORDINAT=1.290709°124.875240°\nID=Slack Cable 24C.01\nIDENTITY=Cable From EMR-29619-48C-01\nIDENTITY2=BTS-UPLINK_FWA_OLT_TOMOHON_TO_EMR- 29619_FO_24C\nMARKING=XXX\nPLACE=MR.UP.TMH.EMR-46478.P005\nSLACK=20"", ""1.290709°124.875240°"", ""Slack Cable 24C.01"", ""Cable From EMR-29619-48C-01"", ""BTS-UPLINK_FWA_OLT_TOMOHON_TO_EMR- 29619_FO_24C"", ""XXX"", ""MR.UP.TMH.EMR-46478.P005"", ""20""]",,[],,[],False,False
BOITE,2,ae1b5a0bba86b4979ee365c19fa39c065d430fa70c5053a8dce20966ff6b9cdd,762E,REF_BPE,,,UNAVAILABLE,True,missing_value,not_a_text_check,"[""COORDINAT=1.290709°124.875240°\nID=Slack Cable 24C.01\nIDENTITY=Cable From EMR-29619-48C-01\nIDENTITY2=BTS-UPLINK_FWA_OLT_TOMOHON_TO_EMR- 29619_FO_24C\nMARKING=XXX\nPLACE=MR.UP.TMH.EMR-46478.P005\nSLACK=20"", ""1.290709°124.875240°"", ""Slack Cable 24C.01"", ""Cable From EMR-29619-48C-01"", ""BTS-UPLINK_FWA_OLT_TOMOHON_TO_EMR- 29619_FO_24C"", ""XXX"", ""MR.UP.TMH.EMR-46478.P005"", ""20""]",,[],,[],False,False
BOITE,2,ae1b5a0bba86b4979ee365c19fa39c065d430fa70c5053a8dce20966ff6b9cdd,762E,NB_CASSETTES_MAX,,,UNAVAILABLE,True,missing_value,not_a_text_check,"[""COORDINAT=1.290709°124.875240°\nID=Slack Cable 24C.01\nIDENTITY=Cable From EMR-29619-48C-01\nIDENTITY2=BTS-UPLINK_FWA_OLT_TOMOHON_TO_EMR- 29619_FO_24C\nMARKING=XXX\nPLACE=MR.UP.TMH.EMR-46478.P005\nSLACK=20"", ""1.290709°124.875240°"", ""Slack Cable 24C.01"", ""Cable From EMR-29619-48C-01"", ""BTS-UPLINK_FWA_OLT_TOMOHON_TO_EMR- 29619_FO_24C"", ""XXX"", ""MR.UP.TMH.EMR-46478.P005"", ""20""]",,[],,[],False,False
BOITE,2,ae1b5a0bba86b4979ee365c19fa39c065d430fa70c5053a8dce20966ff6b9cdd,762E,CABLE_AMONT,,,UNAVAILABLE,True,missing_value,not_a_text_check,"[""COORDINAT=1.290709°124.875240°\nID=Slack Cable 24C.01\nIDENTITY=Cable From EMR-29619-48C-01\nIDENTITY2=BTS-UPLINK_FWA_OLT_TOMOHON_TO_EMR- 29619_FO_24C\nMARKING=XXX\nPLACE=MR.UP.TMH.EMR-46478.P005\nSLACK=20"", ""1.290709°124.875240°"", ""Slack Cable 24C.01"", ""Cable From EMR-29619-48C-01"", ""BTS-UPLINK_FWA_OLT_TOMOHON_TO_EMR- 29619_FO_24C"", ""XXX"", ""MR.UP.TMH.EMR-46478.P005"", ""20""]",,[],,[],False,False
BOITE,2,ae1b5a0bba86b4979ee365c19fa39c065d430fa70c5053a8dce20966ff6b9cdd,762E,STATUT,,,UNAVAILABLE,True,missing_value,not_a_text_check,"[""COORDINAT=1.290709°124.875240°\nID=Slack Cable 24C.01\nIDENTITY=Cable From EMR-29619-48C-01\nIDENTITY2=BTS-UPLINK_FWA_OLT_TOMOHON_TO_EMR- 29619_FO_24C\nMARKING=XXX\nPLACE=MR.UP.TMH.EMR-46478.P005\nSLACK=20"", ""1.290709°124.875240°"", ""Slack Cable 24C.01"", ""Cable From EMR-29619-48C-01"", ""BTS-UPLINK_FWA_OLT_TOMOHON_TO_EMR- 29619_FO_24C"", ""XXX"", ""MR.UP.TMH.EMR-46478.P005"", ""20""]",,[],,[],False,False
BOITE,2,ae1b5a0bba86b4979ee365c19fa39c065d430fa70c5053a8dce20966ff6b9cdd,762E,PROPRIETAIRE,,,UNAVAILABLE,True,missing_value,not_a_text_check,"[""COORDINAT=1.290709°124.875240°\nID=Slack Cable 24C.01\nIDENTITY=Cable From EMR-29619-48C-01\nIDENTITY2=BTS-UPLINK_FWA_OLT_TOMOHON_TO_EMR- 29619_FO_24C\nMARKING=XXX\nPLACE=MR.UP.TMH.EMR-46478.P005\nSLACK=20"", ""1.290709°124.875240°"", ""Slack Cable 24C.01"", ""Cable From EMR-29619-48C-01"", ""BTS-UPLINK_FWA_OLT_TOMOHON_TO_EMR- 29619_FO_24C"", ""XXX"", ""MR.UP.TMH.EMR-46478.P005"", ""20""]",,[],,[],False,False
BOITE,2,ae1b5a0bba86b4979ee365c19fa39c065d430fa70c5053a8dce20966ff6b9cdd,762E,GESTIONNAIRE,,,UNAVAILABLE,True,missing_value,not_a_text_check,"[""COORDINAT=1.290709°124.875240°\nID=Slack Cable 24C.01\nIDENTITY=Cable From EMR-29619-48C-01\nIDENTITY2=BTS-UPLINK_FWA_OLT_TOMOHON_TO_EMR- 29619_FO_24C\nMARKING=XXX\nPLACE=MR.UP.TMH.EMR-46478.P005\nSLACK=20"", ""1.290709°124.875240°"", ""Slack Cable 24C.01"", ""Cable From EMR-29619-48C-01"", ""BTS-UPLINK_FWA_OLT_TOMOHON_TO_EMR- 29619_FO_24C"", ""XXX"", ""MR.UP.TMH.EMR-46478.P005"", ""20""]",,[],,[],False,False
BOITE,2,ae1b5a0bba86b4979ee365c19fa39c065d430fa70c5053a8dce20966ff6b9cdd,762E,VILLE,,,UNAVAILABLE,True,missing_value,not_a_text_check,"[""COORDINAT=1.290709°124.875240°\nID=Slack Cable 24C.01\nIDENTITY=Cable From EMR-29619-48C-01\nIDENTITY2=BTS-UPLINK_FWA_OLT_TOMOHON_TO_EMR- 29619_FO_24C\nMARKING=XXX\nPLACE=MR.UP.TMH.EMR-46478.P005\nSLACK=20"", ""1.290709°124.875240°"", ""Slack Cable 24C.01"", ""Cable From EMR-29619-48C-01"", ""BTS-UPLINK_FWA_OLT_TOMOHON_TO_EMR- 29619_FO_24C"", ""XXX"", ""MR.UP.TMH.EMR-46478.P005"", ""20""]",,[],,[],False,False
BOITE,2,ae1b5a0bba86b4979ee365c19fa39c065d430fa70c5053a8dce20966ff6b9cdd,762E,X,13896421.69706254,13896421.69706254,DWG_DERIVED:GEODATA+direct-CRS-transform,False,exact,not_a_text_check,"[""COORDINAT=1.290709°124.875240°\nID=Slack Cable 24C.01\nIDENTITY=Cable From EMR-29619-48C-01\nIDENTITY2=BTS-UPLINK_FWA_OLT_TOMOHON_TO_EMR- 29619_FO_24C\nMARKING=XXX\nPLACE=MR.UP.TMH.EMR-46478.P005\nSLACK=20"", ""1.290709°124.875240°"", ""Slack Cable 24C.01"", ""Cable From EMR-29619-48C-01"", ""BTS-UPLINK_FWA_OLT_TOMOHON_TO_EMR- 29619_FO_24C"", ""XXX"", ""MR.UP.TMH.EMR-46478.P005"", ""20""]",,[],,[],False,False
BOITE,2,ae1b5a0bba86b4979ee365c19fa39c065d430fa70c5053a8dce20966ff6b9cdd,762E,Y,145573.9328243993,145573.9328243993,DWG_DERIVED:GEODATA+direct-CRS-transform,False,exact,not_a_text_check,"[""COORDINAT=1.290709°124.875240°\nID=Slack Cable 24C.01\nIDENTITY=Cable From EMR-29619-48C-01\nIDENTITY2=BTS-UPLINK_FWA_OLT_TOMOHON_TO_EMR- 29619_FO_24C\nMARKING=XXX\nPLACE=MR.UP.TMH.EMR-46478.P005\nSLACK=20"", ""1.290709°124.875240°"", ""Slack Cable 24C.01"", ""Cable From EMR-29619-48C-01"", ""BTS-UPLINK_FWA_OLT_TOMOHON_TO_EMR- 29619_FO_24C"", ""XXX"", ""MR.UP.TMH.EMR-46478.P005"", ""20""]",,[],,[],False,False
BOITE,2,ae1b5a0bba86b4979ee365c19fa39c065d430fa70c5053a8dce20966ff6b9cdd,762E,display_label,,,UNAVAILABLE,True,missing_value,not_a_text_check,"[""COORDINAT=1.290709°124.875240°\nID=Slack Cable 24C.01\nIDENTITY=Cable From EMR-29619-48C-01\nIDENTITY2=BTS-UPLINK_FWA_OLT_TOMOHON_TO_EMR- 29619_FO_24C\nMARKING=XXX\nPLACE=MR.UP.TMH.EMR-46478.P005\nSLACK=20"", ""1.290709°124.875240°"", ""Slack Cable 24C.01"", ""Cable From EMR-29619-48C-01"", ""BTS-UPLINK_FWA_OLT_TOMOHON_TO_EMR- 29619_FO_24C"", ""XXX"", ""MR.UP.TMH.EMR-46478.P005"", ""20""]",,[],,[],False,False
BOITE,3,a8bccaf2d2cc09dc57110867d3dc0cfcf115aa55ec6138a1f352c679c375afe7,762F,CODE,BOITE-CAD-762F,BOITE-CAD-762F,DWG_DERIVED:stable-handle-id,False,exact,no_exact_match_requires_relation_or_derivation,"[""COORDINAT=1.290709°124.875240°\nID=Slack Cable 24C.01\nIDENTITY=Cable From EMR-29619-48C-01\nIDENTITY2=BTS-UPLINK_FWA_OLT_TOMOHON_TO_EMR- 29619_FO_24C\nMARKING=XXX\nPLACE=MR.UP.TMH.EMR-46478.P005\nSLACK=20"", ""1.290709°124.875240°"", ""Slack Cable 24C.01"", ""Cable From EMR-29619-48C-01"", ""BTS-UPLINK_FWA_OLT_TOMOHON_TO_EMR- 29619_FO_24C"", ""XXX"", ""MR.UP.TMH.EMR-46478.P005"", ""20""]",,[],,[],False,False
BOITE,3,a8bccaf2d2cc09dc57110867d3dc0cfcf115aa55ec6138a1f352c679c375afe7,762F,CODE_PTC,,,UNAVAILABLE,True,missing_value,not_a_text_check,"[""COORDINAT=1.290709°124.875240°\nID=Slack Cable 24C.01\nIDENTITY=Cable From EMR-29619-48C-01\nIDENTITY2=BTS-UPLINK_FWA_OLT_TOMOHON_TO_EMR- 29619_FO_24C\nMARKING=XXX\nPLACE=MR.UP.TMH.EMR-46478.P005\nSLACK=20"", ""1.290709°124.875240°"", ""Slack Cable 24C.01"", ""Cable From EMR-29619-48C-01"", ""BTS-UPLINK_FWA_OLT_TOMOHON_TO_EMR- 29619_FO_24C"", ""XXX"", ""MR.UP.TMH.EMR-46478.P005"", ""20""]",,[],,[],False,False
BOITE,3,a8bccaf2d2cc09dc57110867d3dc0cfcf115aa55ec6138a1f352c679c375afe7,762F,REF_PLAQUE,,,UNAVAILABLE,True,missing_value,not_a_text_check,"[""COORDINAT=1.290709°124.875240°\nID=Slack Cable 24C.01\nIDENTITY=Cable From EMR-29619-48C-01\nIDENTITY2=BTS-UPLINK_FWA_OLT_TOMOHON_TO_EMR- 29619_FO_24C\nMARKING=XXX\nPLACE=MR.UP.TMH.EMR-46478.P005\nSLACK=20"", ""1.290709°124.875240°"", ""Slack Cable 24C.01"", ""Cable From EMR-29619-48C-01"", ""BTS-UPLINK_FWA_OLT_TOMOHON_TO_EMR- 29619_FO_24C"", ""XXX"", ""MR.UP.TMH.EMR-46478.P005"", ""20""]",,[],,[],False,False
BOITE,3,a8bccaf2d2cc09dc57110867d3dc0cfcf115aa55ec6138a1f352c679c375afe7,762F,REF_PM,,,UNAVAILABLE,True,missing_value,not_a_text_check,"[""COORDINAT=1.290709°124.875240°\nID=Slack Cable 24C.01\nIDENTITY=Cable From EMR-29619-48C-01\nIDENTITY2=BTS-UPLINK_FWA_OLT_TOMOHON_TO_EMR- 29619_FO_24C\nMARKING=XXX\nPLACE=MR.UP.TMH.EMR-46478.P005\nSLACK=20"", ""1.290709°124.875240°"", ""Slack Cable 24C.01"", ""Cable From EMR-29619-48C-01"", ""BTS-UPLINK_FWA_OLT_TOMOHON_TO_EMR- 29619_FO_24C"", ""XXX"", ""MR.UP.TMH.EMR-46478.P005"", ""20""]",,[],,[],False,False
BOITE,3,a8bccaf2d2cc09dc57110867d3dc0cfcf115aa55ec6138a1f352c679c375afe7,762F,TYPE,,,UNAVAILABLE,True,missing_value,not_a_text_check,"[""COORDINAT=1.290709°124.875240°\nID=Slack Cable 24C.01\nIDENTITY=Cable From EMR-29619-48C-01\nIDENTITY2=BTS-UPLINK_FWA_OLT_TOMOHON_TO_EMR- 29619_FO_24C\nMARKING=XXX\nPLACE=MR.UP.TMH.EMR-46478.P005\nSLACK=20"", ""1.290709°124.875240°"", ""Slack Cable 24C.01"", ""Cable From EMR-29619-48C-01"", ""BTS-UPLINK_FWA_OLT_TOMOHON_TO_EMR- 29619_FO_24C"", ""XXX"", ""MR.UP.TMH.EMR-46478.P005"", ""20""]",,[],,[],False,False
BOITE,3,a8bccaf2d2cc09dc57110867d3dc0cfcf115aa55ec6138a1f352c679c375afe7,762F,MODE_POSE,,,UNAVAILABLE,True,missing_value,not_a_text_check,"[""COORDINAT=1.290709°124.875240°\nID=Slack Cable 24C.01\nIDENTITY=Cable From EMR-29619-48C-01\nIDENTITY2=BTS-UPLINK_FWA_OLT_TOMOHON_TO_EMR- 29619_FO_24C\nMARKING=XXX\nPLACE=MR.UP.TMH.EMR-46478.P005\nSLACK=20"", ""1.290709°124.875240°"", ""Slack Cable 24C.01"", ""Cable From EMR-29619-48C-01"", ""BTS-UPLINK_FWA_OLT_TOMOHON_TO_EMR- 29619_FO_24C"", ""XXX"", ""MR.UP.TMH.EMR-46478.P005"", ""20""]",,[],,[],False,False
BOITE,3,a8bccaf2d2cc09dc57110867d3dc0cfcf115aa55ec6138a1f352c679c375afe7,762F,CAPACITE,,,UNAVAILABLE,True,missing_value,not_a_text_check,"[""COORDINAT=1.290709°124.875240°\nID=Slack Cable 24C.01\nIDENTITY=Cable From EMR-29619-48C-01\nIDENTITY2=BTS-UPLINK_FWA_OLT_TOMOHON_TO_EMR- 29619_FO_24C\nMARKING=XXX\nPLACE=MR.UP.TMH.EMR-46478.P005\nSLACK=20"", ""1.290709°124.875240°"", ""Slack Cable 24C.01"", ""Cable From EMR-29619-48C-01"", ""BTS-UPLINK_FWA_OLT_TOMOHON_TO_EMR- 29619_FO_24C"", ""XXX"", ""MR.UP.TMH.EMR-46478.P005"", ""20""]",,[],,[],False,False
BOITE,3,a8bccaf2d2cc09dc57110867d3dc0cfcf115aa55ec6138a1f352c679c375afe7,762F,NB_FIBRE_UTIL,,,UNAVAILABLE,True,missing_value,not_a_text_check,"[""COORDINAT=1.290709°124.875240°\nID=Slack Cable 24C.01\nIDENTITY=Cable From EMR-29619-48C-01\nIDENTITY2=BTS-UPLINK_FWA_OLT_TOMOHON_TO_EMR- 29619_FO_24C\nMARKING=XXX\nPLACE=MR.UP.TMH.EMR-46478.P005\nSLACK=20"", ""1.290709°124.875240°"", ""Slack Cable 24C.01"", ""Cable From EMR-29619-48C-01"", ""BTS-UPLINK_FWA_OLT_TOMOHON_TO_EMR- 29619_FO_24C"", ""XXX"", ""MR.UP.TMH.EMR-46478.P005"", ""20""]",,[],,[],False,False
BOITE,3,a8bccaf2d2cc09dc57110867d3dc0cfcf115aa55ec6138a1f352c679c375afe7,762F,FABRIQUANT,,,UNAVAILABLE,True,missing_value,not_a_text_check,"[""COORDINAT=1.290709°124.875240°\nID=Slack Cable 24C.01\nIDENTITY=Cable From EMR-29619-48C-01\nIDENTITY2=BTS-UPLINK_FWA_OLT_TOMOHON_TO_EMR- 29619_FO_24C\nMARKING=XXX\nPLACE=MR.UP.TMH.EMR-46478.P005\nSLACK=20"", ""1.290709°124.875240°"", ""Slack Cable 24C.01"", ""Cable From EMR-29619-48C-01"", ""BTS-UPLINK_FWA_OLT_TOMOHON_TO_EMR- 29619_FO_24C"", ""XXX"", ""MR.UP.TMH.EMR-46478.P005"", ""20""]",,[],,[],False,False
BOITE,3,a8bccaf2d2cc09dc57110867d3dc0cfcf115aa55ec6138a1f352c679c375afe7,762F,REF_BPE,,,UNAVAILABLE,True,missing_value,not_a_text_check,"[""COORDINAT=1.290709°124.875240°\nID=Slack Cable 24C.01\nIDENTITY=Cable From EMR-29619-48C-01\nIDENTITY2=BTS-UPLINK_FWA_OLT_TOMOHON_TO_EMR- 29619_FO_24C\nMARKING=XXX\nPLACE=MR.UP.TMH.EMR-46478.P005\nSLACK=20"", ""1.290709°124.875240°"", ""Slack Cable 24C.01"", ""Cable From EMR-29619-48C-01"", ""BTS-UPLINK_FWA_OLT_TOMOHON_TO_EMR- 29619_FO_24C"", ""XXX"", ""MR.UP.TMH.EMR-46478.P005"", ""20""]",,[],,[],False,False
BOITE,3,a8bccaf2d2cc09dc57110867d3dc0cfcf115aa55ec6138a1f352c679c375afe7,762F,NB_CASSETTES_MAX,,,UNAVAILABLE,True,missing_value,not_a_text_check,"[""COORDINAT=1.290709°124.875240°\nID=Slack Cable 24C.01\nIDENTITY=Cable From EMR-29619-48C-01\nIDENTITY2=BTS-UPLINK_FWA_OLT_TOMOHON_TO_EMR- 29619_FO_24C\nMARKING=XXX\nPLACE=MR.UP.TMH.EMR-46478.P005\nSLACK=20"", ""1.290709°124.875240°"", ""Slack Cable 24C.01"", ""Cable From EMR-29619-48C-01"", ""BTS-UPLINK_FWA_OLT_TOMOHON_TO_EMR- 29619_FO_24C"", ""XXX"", ""MR.UP.TMH.EMR-46478.P005"", ""20""]",,[],,[],False,False
BOITE,3,a8bccaf2d2cc09dc57110867d3dc0cfcf115aa55ec6138a1f352c679c375afe7,762F,CABLE_AMONT,,,UNAVAILABLE,True,missing_value,not_a_text_check,"[""COORDINAT=1.290709°124.875240°\nID=Slack Cable 24C.01\nIDENTITY=Cable From EMR-29619-48C-01\nIDENTITY2=BTS-UPLINK_FWA_OLT_TOMOHON_TO_EMR- 29619_FO_24C\nMARKING=XXX\nPLACE=MR.UP.TMH.EMR-46478.P005\nSLACK=20"", ""1.290709°124.875240°"", ""Slack Cable 24C.01"", ""Cable From EMR-29619-48C-01"", ""BTS-UPLINK_FWA_OLT_TOMOHON_TO_EMR- 29619_FO_24C"", ""XXX"", ""MR.UP.TMH.EMR-46478.P005"", ""20""]",,[],,[],False,False
BOITE,3,a8bccaf2d2cc09dc57110867d3dc0cfcf115aa55ec6138a1f352c679c375afe7,762F,STATUT,,,UNAVAILABLE,True,missing_value,not_a_text_check,"[""COORDINAT=1.290709°124.875240°\nID=Slack Cable 24C.01\nIDENTITY=Cable From EMR-29619-48C-01\nIDENTITY2=BTS-UPLINK_FWA_OLT_TOMOHON_TO_EMR- 29619_FO_24C\nMARKING=XXX\nPLACE=MR.UP.TMH.EMR-46478.P005\nSLACK=20"", ""1.290709°124.875240°"", ""Slack Cable 24C.01"", ""Cable From EMR-29619-48C-01"", ""BTS-UPLINK_FWA_OLT_TOMOHON_TO_EMR- 29619_FO_24C"", ""XXX"", ""MR.UP.TMH.EMR-46478.P005"", ""20""]",,[],,[],False,False
BOITE,3,a8bccaf2d2cc09dc57110867d3dc0cfcf115aa55ec6138a1f352c679c375afe7,762F,PROPRIETAIRE,,,UNAVAILABLE,True,missing_value,not_a_text_check,"[""COORDINAT=1.290709°124.875240°\nID=Slack Cable 24C.01\nIDENTITY=Cable From EMR-29619-48C-01\nIDENTITY2=BTS-UPLINK_FWA_OLT_TOMOHON_TO_EMR- 29619_FO_24C\nMARKING=XXX\nPLACE=MR.UP.TMH.EMR-46478.P005\nSLACK=20"", ""1.290709°124.875240°"", ""Slack Cable 24C.01"", ""Cable From EMR-29619-48C-01"", ""BTS-UPLINK_FWA_OLT_TOMOHON_TO_EMR- 29619_FO_24C"", ""XXX"", ""MR.UP.TMH.EMR-46478.P005"", ""20""]",,[],,[],False,False
BOITE,3,a8bccaf2d2cc09dc57110867d3dc0cfcf115aa55ec6138a1f352c679c375afe7,762F,GESTIONNAIRE,,,UNAVAILABLE,True,missing_value,not_a_text_check,"[""COORDINAT=1.290709°124.875240°\nID=Slack Cable 24C.01\nIDENTITY=Cable From EMR-29619-48C-01\nIDENTITY2=BTS-UPLINK_FWA_OLT_TOMOHON_TO_EMR- 29619_FO_24C\nMARKING=XXX\nPLACE=MR.UP.TMH.EMR-46478.P005\nSLACK=20"", ""1.290709°124.875240°"", ""Slack Cable 24C.01"", ""Cable From EMR-29619-48C-01"", ""BTS-UPLINK_FWA_OLT_TOMOHON_TO_EMR- 29619_FO_24C"", ""XXX"", ""MR.UP.TMH.EMR-46478.P005"", ""20""]",,[],,[],False,False
BOITE,3,a8bccaf2d2cc09dc57110867d3dc0cfcf115aa55ec6138a1f352c679c375afe7,762F,VILLE,,,UNAVAILABLE,True,missing_value,not_a_text_check,"[""COORDINAT=1.290709°124.875240°\nID=Slack Cable 24C.01\nIDENTITY=Cable From EMR-29619-48C-01\nIDENTITY2=BTS-UPLINK_FWA_OLT_TOMOHON_TO_EMR- 29619_FO_24C\nMARKING=XXX\nPLACE=MR.UP.TMH.EMR-46478.P005\nSLACK=20"", ""1.290709°124.875240°"", ""Slack Cable 24C.01"", ""Cable From EMR-29619-48C-01"", ""BTS-UPLINK_FWA_OLT_TOMOHON_TO_EMR- 29619_FO_24C"", ""XXX"", ""MR.UP.TMH.EMR-46478.P005"", ""20""]",,[],,[],False,False
BOITE,3,a8bccaf2d2cc09dc57110867d3dc0cfcf115aa55ec6138a1f352c679c375afe7,762F,X,13896412.4485157,13896412.4485157,DWG_DERIVED:GEODATA+direct-CRS-transform,False,exact,not_a_text_check,"[""COORDINAT=1.290709°124.875240°\nID=Slack Cable 24C.01\nIDENTITY=Cable From EMR-29619-48C-01\nIDENTITY2=BTS-UPLINK_FWA_OLT_TOMOHON_TO_EMR- 29619_FO_24C\nMARKING=XXX\nPLACE=MR.UP.TMH.EMR-46478.P005\nSLACK=20"", ""1.290709°124.875240°"", ""Slack Cable 24C.01"", ""Cable From EMR-29619-48C-01"", ""BTS-UPLINK_FWA_OLT_TOMOHON_TO_EMR- 29619_FO_24C"", ""XXX"", ""MR.UP.TMH.EMR-46478.P005"", ""20""]",,[],,[],False,False
BOITE,3,a8bccaf2d2cc09dc57110867d3dc0cfcf115aa55ec6138a1f352c679c375afe7,762F,Y,145586.83412949,145586.83412949,DWG_DERIVED:GEODATA+direct-CRS-transform,False,exact,not_a_text_check,"[""COORDINAT=1.290709°124.875240°\nID=Slack Cable 24C.01\nIDENTITY=Cable From EMR-29619-48C-01\nIDENTITY2=BTS-UPLINK_FWA_OLT_TOMOHON_TO_EMR- 29619_FO_24C\nMARKING=XXX\nPLACE=MR.UP.TMH.EMR-46478.P005\nSLACK=20"", ""1.290709°124.875240°"", ""Slack Cable 24C.01"", ""Cable From EMR-29619-48C-01"", ""BTS-UPLINK_FWA_OLT_TOMOHON_TO_EMR- 29619_FO_24C"", ""XXX"", ""MR.UP.TMH.EMR-46478.P005"", ""20""]",,[],,[],False,False
BOITE,3,a8bccaf2d2cc09dc57110867d3dc0cfcf115aa55ec6138a1f352c679c375afe7,762F,display_label,,,UNAVAILABLE,True,missing_value,not_a_text_check,"[""COORDINAT=1.290709°124.875240°\nID=Slack Cable 24C.01\nIDENTITY=Cable From EMR-29619-48C-01\nIDENTITY2=BTS-UPLINK_FWA_OLT_TOMOHON_TO_EMR- 29619_FO_24C\nMARKING=XXX\nPLACE=MR.UP.TMH.EMR-46478.P005\nSLACK=20"", ""1.290709°124.875240°"", ""Slack Cable 24C.01"", ""Cable From EMR-29619-48C-01"", ""BTS-UPLINK_FWA_OLT_TOMOHON_TO_EMR- 29619_FO_24C"", ""XXX"", ""MR.UP.TMH.EMR-46478.P005"", ""20""]",,[],,[],False,False
BOITE,4,4e4c5688d21b269ec0c5340804be140c7928099de6b56b2a6b25dd16d5ae4bb3,7631,CODE,BOITE-CAD-7631,BOITE-CAD-7631,DWG_DERIVED:stable-handle-id,False,exact,no_exact_match_requires_relation_or_derivation,"[""COORDINAT=1.290709°124.875240°\nID=Slack Cable 24C.01\nIDENTITY=Cable From EMR-29619-48C-01\nIDENTITY2=BTS-UPLINK_FWA_OLT_TOMOHON_TO_EMR- 29619_FO_24C\nMARKING=XXX\nPLACE=MR.UP.TMH.EMR-46478.P005\nSLACK=20"", ""1.290709°124.875240°"", ""Slack Cable 24C.01"", ""Cable From EMR-29619-48C-01"", ""BTS-UPLINK_FWA_OLT_TOMOHON_TO_EMR- 29619_FO_24C"", ""XXX"", ""MR.UP.TMH.EMR-46478.P005"", ""20""]",,[],,[],False,False
BOITE,4,4e4c5688d21b269ec0c5340804be140c7928099de6b56b2a6b25dd16d5ae4bb3,7631,CODE_PTC,,,UNAVAILABLE,True,missing_value,not_a_text_check,"[""COORDINAT=1.290709°124.875240°\nID=Slack Cable 24C.01\nIDENTITY=Cable From EMR-29619-48C-01\nIDENTITY2=BTS-UPLINK_FWA_OLT_TOMOHON_TO_EMR- 29619_FO_24C\nMARKING=XXX\nPLACE=MR.UP.TMH.EMR-46478.P005\nSLACK=20"", ""1.290709°124.875240°"", ""Slack Cable 24C.01"", ""Cable From EMR-29619-48C-01"", ""BTS-UPLINK_FWA_OLT_TOMOHON_TO_EMR- 29619_FO_24C"", ""XXX"", ""MR.UP.TMH.EMR-46478.P005"", ""20""]",,[],,[],False,False
BOITE,4,4e4c5688d21b269ec0c5340804be140c7928099de6b56b2a6b25dd16d5ae4bb3,7631,REF_PLAQUE,,,UNAVAILABLE,True,missing_value,not_a_text_check,"[""COORDINAT=1.290709°124.875240°\nID=Slack Cable 24C.01\nIDENTITY=Cable From EMR-29619-48C-01\nIDENTITY2=BTS-UPLINK_FWA_OLT_TOMOHON_TO_EMR- 29619_FO_24C\nMARKING=XXX\nPLACE=MR.UP.TMH.EMR-46478.P005\nSLACK=20"", ""1.290709°124.875240°"", ""Slack Cable 24C.01"", ""Cable From EMR-29619-48C-01"", ""BTS-UPLINK_FWA_OLT_TOMOHON_TO_EMR- 29619_FO_24C"", ""XXX"", ""MR.UP.TMH.EMR-46478.P005"", ""20""]",,[],,[],False,False
BOITE,4,4e4c5688d21b269ec0c5340804be140c7928099de6b56b2a6b25dd16d5ae4bb3,7631,REF_PM,,,UNAVAILABLE,True,missing_value,not_a_text_check,"[""COORDINAT=1.290709°124.875240°\nID=Slack Cable 24C.01\nIDENTITY=Cable From EMR-29619-48C-01\nIDENTITY2=BTS-UPLINK_FWA_OLT_TOMOHON_TO_EMR- 29619_FO_24C\nMARKING=XXX\nPLACE=MR.UP.TMH.EMR-46478.P005\nSLACK=20"", ""1.290709°124.875240°"", ""Slack Cable 24C.01"", ""Cable From EMR-29619-48C-01"", ""BTS-UPLINK_FWA_OLT_TOMOHON_TO_EMR- 29619_FO_24C"", ""XXX"", ""MR.UP.TMH.EMR-46478.P005"", ""20""]",,[],,[],False,False
BOITE,4,4e4c5688d21b269ec0c5340804be140c7928099de6b56b2a6b25dd16d5ae4bb3,7631,TYPE,,,UNAVAILABLE,True,missing_value,not_a_text_check,"[""COORDINAT=1.290709°124.875240°\nID=Slack Cable 24C.01\nIDENTITY=Cable From EMR-29619-48C-01\nIDENTITY2=BTS-UPLINK_FWA_OLT_TOMOHON_TO_EMR- 29619_FO_24C\nMARKING=XXX\nPLACE=MR.UP.TMH.EMR-46478.P005\nSLACK=20"", ""1.290709°124.875240°"", ""Slack Cable 24C.01"", ""Cable From EMR-29619-48C-01"", ""BTS-UPLINK_FWA_OLT_TOMOHON_TO_EMR- 29619_FO_24C"", ""XXX"", ""MR.UP.TMH.EMR-46478.P005"", ""20""]",,[],,[],False,False
BOITE,4,4e4c5688d21b269ec0c5340804be140c7928099de6b56b2a6b25dd16d5ae4bb3,7631,MODE_POSE,,,UNAVAILABLE,True,missing_value,not_a_text_check,"[""COORDINAT=1.290709°124.875240°\nID=Slack Cable 24C.01\nIDENTITY=Cable From EMR-29619-48C-01\nIDENTITY2=BTS-UPLINK_FWA_OLT_TOMOHON_TO_EMR- 29619_FO_24C\nMARKING=XXX\nPLACE=MR.UP.TMH.EMR-46478.P005\nSLACK=20"", ""1.290709°124.875240°"", ""Slack Cable 24C.01"", ""Cable From EMR-29619-48C-01"", ""BTS-UPLINK_FWA_OLT_TOMOHON_TO_EMR- 29619_FO_24C"", ""XXX"", ""MR.UP.TMH.EMR-46478.P005"", ""20""]",,[],,[],False,False
BOITE,4,4e4c5688d21b269ec0c5340804be140c7928099de6b56b2a6b25dd16d5ae4bb3,7631,CAPACITE,,,UNAVAILABLE,True,missing_value,not_a_text_check,"[""COORDINAT=1.290709°124.875240°\nID=Slack Cable 24C.01\nIDENTITY=Cable From EMR-29619-48C-01\nIDENTITY2=BTS-UPLINK_FWA_OLT_TOMOHON_TO_EMR- 29619_FO_24C\nMARKING=XXX\nPLACE=MR.UP.TMH.EMR-46478.P005\nSLACK=20"", ""1.290709°124.875240°"", ""Slack Cable 24C.01"", ""Cable From EMR-29619-48C-01"", ""BTS-UPLINK_FWA_OLT_TOMOHON_TO_EMR- 29619_FO_24C"", ""XXX"", ""MR.UP.TMH.EMR-46478.P005"", ""20""]",,[],,[],False,False
BOITE,4,4e4c5688d21b269ec0c5340804be140c7928099de6b56b2a6b25dd16d5ae4bb3,7631,NB_FIBRE_UTIL,,,UNAVAILABLE,True,missing_value,not_a_text_check,"[""COORDINAT=1.290709°124.875240°\nID=Slack Cable 24C.01\nIDENTITY=Cable From EMR-29619-48C-01\nIDENTITY2=BTS-UPLINK_FWA_OLT_TOMOHON_TO_EMR- 29619_FO_24C\nMARKING=XXX\nPLACE=MR.UP.TMH.EMR-46478.P005\nSLACK=20"", ""1.290709°124.875240°"", ""Slack Cable 24C.01"", ""Cable From EMR-29619-48C-01"", ""BTS-UPLINK_FWA_OLT_TOMOHON_TO_EMR- 29619_FO_24C"", ""XXX"", ""MR.UP.TMH.EMR-46478.P005"", ""20""]",,[],,[],False,False
BOITE,4,4e4c5688d21b269ec0c5340804be140c7928099de6b56b2a6b25dd16d5ae4bb3,7631,FABRIQUANT,,,UNAVAILABLE,True,missing_value,not_a_text_check,"[""COORDINAT=1.290709°124.875240°\nID=Slack Cable 24C.01\nIDENTITY=Cable From EMR-29619-48C-01\nIDENTITY2=BTS-UPLINK_FWA_OLT_TOMOHON_TO_EMR- 29619_FO_24C\nMARKING=XXX\nPLACE=MR.UP.TMH.EMR-46478.P005\nSLACK=20"", ""1.290709°124.875240°"", ""Slack Cable 24C.01"", ""Cable From EMR-29619-48C-01"", ""BTS-UPLINK_FWA_OLT_TOMOHON_TO_EMR- 29619_FO_24C"", ""XXX"", ""MR.UP.TMH.EMR-46478.P005"", ""20""]",,[],,[],False,False
BOITE,4,4e4c5688d21b269ec0c5340804be140c7928099de6b56b2a6b25dd16d5ae4bb3,7631,REF_BPE,,,UNAVAILABLE,True,missing_value,not_a_text_check,"[""COORDINAT=1.290709°124.875240°\nID=Slack Cable 24C.01\nIDENTITY=Cable From EMR-29619-48C-01\nIDENTITY2=BTS-UPLINK_FWA_OLT_TOMOHON_TO_EMR- 29619_FO_24C\nMARKING=XXX\nPLACE=MR.UP.TMH.EMR-46478.P005\nSLACK=20"", ""1.290709°124.875240°"", ""Slack Cable 24C.01"", ""Cable From EMR-29619-48C-01"", ""BTS-UPLINK_FWA_OLT_TOMOHON_TO_EMR- 29619_FO_24C"", ""XXX"", ""MR.UP.TMH.EMR-46478.P005"", ""20""]",,[],,[],False,False
BOITE,4,4e4c5688d21b269ec0c5340804be140c7928099de6b56b2a6b25dd16d5ae4bb3,7631,NB_CASSETTES_MAX,,,UNAVAILABLE,True,missing_value,not_a_text_check,"[""COORDINAT=1.290709°124.875240°\nID=Slack Cable 24C.01\nIDENTITY=Cable From EMR-29619-48C-01\nIDENTITY2=BTS-UPLINK_FWA_OLT_TOMOHON_TO_EMR- 29619_FO_24C\nMARKING=XXX\nPLACE=MR.UP.TMH.EMR-46478.P005\nSLACK=20"", ""1.290709°124.875240°"", ""Slack Cable 24C.01"", ""Cable From EMR-29619-48C-01"", ""BTS-UPLINK_FWA_OLT_TOMOHON_TO_EMR- 29619_FO_24C"", ""XXX"", ""MR.UP.TMH.EMR-46478.P005"", ""20""]",,[],,[],False,False
BOITE,4,4e4c5688d21b269ec0c5340804be140c7928099de6b56b2a6b25dd16d5ae4bb3,7631,CABLE_AMONT,,,UNAVAILABLE,True,missing_value,not_a_text_check,"[""COORDINAT=1.290709°124.875240°\nID=Slack Cable 24C.01\nIDENTITY=Cable From EMR-29619-48C-01\nIDENTITY2=BTS-UPLINK_FWA_OLT_TOMOHON_TO_EMR- 29619_FO_24C\nMARKING=XXX\nPLACE=MR.UP.TMH.EMR-46478.P005\nSLACK=20"", ""1.290709°124.875240°"", ""Slack Cable 24C.01"", ""Cable From EMR-29619-48C-01"", ""BTS-UPLINK_FWA_OLT_TOMOHON_TO_EMR- 29619_FO_24C"", ""XXX"", ""MR.UP.TMH.EMR-46478.P005"", ""20""]",,[],,[],False,False
BOITE,4,4e4c5688d21b269ec0c5340804be140c7928099de6b56b2a6b25dd16d5ae4bb3,7631,STATUT,,,UNAVAILABLE,True,missing_value,not_a_text_check,"[""COORDINAT=1.290709°124.875240°\nID=Slack Cable 24C.01\nIDENTITY=Cable From EMR-29619-48C-01\nIDENTITY2=BTS-UPLINK_FWA_OLT_TOMOHON_TO_EMR- 29619_FO_24C\nMARKING=XXX\nPLACE=MR.UP.TMH.EMR-46478.P005\nSLACK=20"", ""1.290709°124.875240°"", ""Slack Cable 24C.01"", ""Cable From EMR-29619-48C-01"", ""BTS-UPLINK_FWA_OLT_TOMOHON_TO_EMR- 29619_FO_24C"", ""XXX"", ""MR.UP.TMH.EMR-46478.P005"", ""20""]",,[],,[],False,False
BOITE,4,4e4c5688d21b269ec0c5340804be140c7928099de6b56b2a6b25dd16d5ae4bb3,7631,PROPRIETAIRE,,,UNAVAILABLE,True,missing_value,not_a_text_check,"[""COORDINAT=1.290709°124.875240°\nID=Slack Cable 24C.01\nIDENTITY=Cable From EMR-29619-48C-01\nIDENTITY2=BTS-UPLINK_FWA_OLT_TOMOHON_TO_EMR- 29619_FO_24C\nMARKING=XXX\nPLACE=MR.UP.TMH.EMR-46478.P005\nSLACK=20"", ""1.290709°124.875240°"", ""Slack Cable 24C.01"", ""Cable From EMR-29619-48C-01"", ""BTS-UPLINK_FWA_OLT_TOMOHON_TO_EMR- 29619_FO_24C"", ""XXX"", ""MR.UP.TMH.EMR-46478.P005"", ""20""]",,[],,[],False,False
BOITE,4,4e4c5688d21b269ec0c5340804be140c7928099de6b56b2a6b25dd16d5ae4bb3,7631,GESTIONNAIRE,,,UNAVAILABLE,True,missing_value,not_a_text_check,"[""COORDINAT=1.290709°124.875240°\nID=Slack Cable 24C.01\nIDENTITY=Cable From EMR-29619-48C-01\nIDENTITY2=BTS-UPLINK_FWA_OLT_TOMOHON_TO_EMR- 29619_FO_24C\nMARKING=XXX\nPLACE=MR.UP.TMH.EMR-46478.P005\nSLACK=20"", ""1.290709°124.875240°"", ""Slack Cable 24C.01"", ""Cable From EMR-29619-48C-01"", ""BTS-UPLINK_FWA_OLT_TOMOHON_TO_EMR- 29619_FO_24C"", ""XXX"", ""MR.UP.TMH.EMR-46478.P005"", ""20""]",,[],,[],False,False
BOITE,4,4e4c5688d21b269ec0c5340804be140c7928099de6b56b2a6b25dd16d5ae4bb3,7631,VILLE,,,UNAVAILABLE,True,missing_value,not_a_text_check,"[""COORDINAT=1.290709°124.875240°\nID=Slack Cable 24C.01\nIDENTITY=Cable From EMR-29619-48C-01\nIDENTITY2=BTS-UPLINK_FWA_OLT_TOMOHON_TO_EMR- 29619_FO_24C\nMARKING=XXX\nPLACE=MR.UP.TMH.EMR-46478.P005\nSLACK=20"", ""1.290709°124.875240°"", ""Slack Cable 24C.01"", ""Cable From EMR-29619-48C-01"", ""BTS-UPLINK_FWA_OLT_TOMOHON_TO_EMR- 29619_FO_24C"", ""XXX"", ""MR.UP.TMH.EMR-46478.P005"", ""20""]",,[],,[],False,False
BOITE,4,4e4c5688d21b269ec0c5340804be140c7928099de6b56b2a6b25dd16d5ae4bb3,7631,X,13896404.30111766,13896404.30111766,DWG_DERIVED:GEODATA+direct-CRS-transform,False,exact,not_a_text_check,"[""COORDINAT=1.290709°124.875240°\nID=Slack Cable 24C.01\nIDENTITY=Cable From EMR-29619-48C-01\nIDENTITY2=BTS-UPLINK_FWA_OLT_TOMOHON_TO_EMR- 29619_FO_24C\nMARKING=XXX\nPLACE=MR.UP.TMH.EMR-46478.P005\nSLACK=20"", ""1.290709°124.875240°"", ""Slack Cable 24C.01"", ""Cable From EMR-29619-48C-01"", ""BTS-UPLINK_FWA_OLT_TOMOHON_TO_EMR- 29619_FO_24C"", ""XXX"", ""MR.UP.TMH.EMR-46478.P005"", ""20""]",,[],,[],False,False
BOITE,4,4e4c5688d21b269ec0c5340804be140c7928099de6b56b2a6b25dd16d5ae4bb3,7631,Y,145616.3681006432,145616.3681006432,DWG_DERIVED:GEODATA+direct-CRS-transform,False,exact,not_a_text_check,"[""COORDINAT=1.290709°124.875240°\nID=Slack Cable 24C.01\nIDENTITY=Cable From EMR-29619-48C-01\nIDENTITY2=BTS-UPLINK_FWA_OLT_TOMOHON_TO_EMR- 29619_FO_24C\nMARKING=XXX\nPLACE=MR.UP.TMH.EMR-46478.P005\nSLACK=20"", ""1.290709°124.875240°"", ""Slack Cable 24C.01"", ""Cable From EMR-29619-48C-01"", ""BTS-UPLINK_FWA_OLT_TOMOHON_TO_EMR- 29619_FO_24C"", ""XXX"", ""MR.UP.TMH.EMR-46478.P005"", ""20""]",,[],,[],False,False
BOITE,4,4e4c5688d21b269ec0c5340804be140c7928099de6b56b2a6b25dd16d5ae4bb3,7631,display_label,,,UNAVAILABLE,True,missing_value,not_a_text_check,"[""COORDINAT=1.290709°124.875240°\nID=Slack Cable 24C.01\nIDENTITY=Cable From EMR-29619-48C-01\nIDENTITY2=BTS-UPLINK_FWA_OLT_TOMOHON_TO_EMR- 29619_FO_24C\nMARKING=XXX\nPLACE=MR.UP.TMH.EMR-46478.P005\nSLACK=20"", ""1.290709°124.875240°"", ""Slack Cable 24C.01"", ""Cable From EMR-29619-48C-01"", ""BTS-UPLINK_FWA_OLT_TOMOHON_TO_EMR- 29619_FO_24C"", ""XXX"", ""MR.UP.TMH.EMR-46478.P005"", ""20""]",,[],,[],False,False
BOITE,5,5af611e631f0d65e6eee60662e86d298c3dbd55be2385f28012656b4d79c80a2,7630,CODE,BOITE-CAD-7630,BOITE-CAD-7630,DWG_DERIVED:stable-handle-id,False,exact,no_exact_match_requires_relation_or_derivation,"[""COORDINAT=1.290709°124.875240°\nID=Slack Cable 24C.01\nIDENTITY=Cable From EMR-29619-48C-01\nIDENTITY2=BTS-UPLINK_FWA_OLT_TOMOHON_TO_EMR- 29619_FO_24C\nMARKING=XXX\nPLACE=MR.UP.TMH.EMR-46478.P005\nSLACK=20"", ""1.290709°124.875240°"", ""Slack Cable 24C.01"", ""Cable From EMR-29619-48C-01"", ""BTS-UPLINK_FWA_OLT_TOMOHON_TO_EMR- 29619_FO_24C"", ""XXX"", ""MR.UP.TMH.EMR-46478.P005"", ""20""]",,[],,[],False,False
BOITE,5,5af611e631f0d65e6eee60662e86d298c3dbd55be2385f28012656b4d79c80a2,7630,CODE_PTC,,,UNAVAILABLE,True,missing_value,not_a_text_check,"[""COORDINAT=1.290709°124.875240°\nID=Slack Cable 24C.01\nIDENTITY=Cable From EMR-29619-48C-01\nIDENTITY2=BTS-UPLINK_FWA_OLT_TOMOHON_TO_EMR- 29619_FO_24C\nMARKING=XXX\nPLACE=MR.UP.TMH.EMR-46478.P005\nSLACK=20"", ""1.290709°124.875240°"", ""Slack Cable 24C.01"", ""Cable From EMR-29619-48C-01"", ""BTS-UPLINK_FWA_OLT_TOMOHON_TO_EMR- 29619_FO_24C"", ""XXX"", ""MR.UP.TMH.EMR-46478.P005"", ""20""]",,[],,[],False,False
BOITE,5,5af611e631f0d65e6eee60662e86d298c3dbd55be2385f28012656b4d79c80a2,7630,REF_PLAQUE,,,UNAVAILABLE,True,missing_value,not_a_text_check,"[""COORDINAT=1.290709°124.875240°\nID=Slack Cable 24C.01\nIDENTITY=Cable From EMR-29619-48C-01\nIDENTITY2=BTS-UPLINK_FWA_OLT_TOMOHON_TO_EMR- 29619_FO_24C\nMARKING=XXX\nPLACE=MR.UP.TMH.EMR-46478.P005\nSLACK=20"", ""1.290709°124.875240°"", ""Slack Cable 24C.01"", ""Cable From EMR-29619-48C-01"", ""BTS-UPLINK_FWA_OLT_TOMOHON_TO_EMR- 29619_FO_24C"", ""XXX"", ""MR.UP.TMH.EMR-46478.P005"", ""20""]",,[],,[],False,False
BOITE,5,5af611e631f0d65e6eee60662e86d298c3dbd55be2385f28012656b4d79c80a2,7630,REF_PM,,,UNAVAILABLE,True,missing_value,not_a_text_check,"[""COORDINAT=1.290709°124.875240°\nID=Slack Cable 24C.01\nIDENTITY=Cable From EMR-29619-48C-01\nIDENTITY2=BTS-UPLINK_FWA_OLT_TOMOHON_TO_EMR- 29619_FO_24C\nMARKING=XXX\nPLACE=MR.UP.TMH.EMR-46478.P005\nSLACK=20"", ""1.290709°124.875240°"", ""Slack Cable 24C.01"", ""Cable From EMR-29619-48C-01"", ""BTS-UPLINK_FWA_OLT_TOMOHON_TO_EMR- 29619_FO_24C"", ""XXX"", ""MR.UP.TMH.EMR-46478.P005"", ""20""]",,[],,[],False,False
BOITE,5,5af611e631f0d65e6eee60662e86d298c3dbd55be2385f28012656b4d79c80a2,7630,TYPE,,,UNAVAILABLE,True,missing_value,not_a_text_check,"[""COORDINAT=1.290709°124.875240°\nID=Slack Cable 24C.01\nIDENTITY=Cable From EMR-29619-48C-01\nIDENTITY2=BTS-UPLINK_FWA_OLT_TOMOHON_TO_EMR- 29619_FO_24C\nMARKING=XXX\nPLACE=MR.UP.TMH.EMR-46478.P005\nSLACK=20"", ""1.290709°124.875240°"", ""Slack Cable 24C.01"", ""Cable From EMR-29619-48C-01"", ""BTS-UPLINK_FWA_OLT_TOMOHON_TO_EMR- 29619_FO_24C"", ""XXX"", ""MR.UP.TMH.EMR-46478.P005"", ""20""]",,[],,[],False,False
BOITE,5,5af611e631f0d65e6eee60662e86d298c3dbd55be2385f28012656b4d79c80a2,7630,MODE_POSE,,,UNAVAILABLE,True,missing_value,not_a_text_check,"[""COORDINAT=1.290709°124.875240°\nID=Slack Cable 24C.01\nIDENTITY=Cable From EMR-29619-48C-01\nIDENTITY2=BTS-UPLINK_FWA_OLT_TOMOHON_TO_EMR- 29619_FO_24C\nMARKING=XXX\nPLACE=MR.UP.TMH.EMR-46478.P005\nSLACK=20"", ""1.290709°124.875240°"", ""Slack Cable 24C.01"", ""Cable From EMR-29619-48C-01"", ""BTS-UPLINK_FWA_OLT_TOMOHON_TO_EMR- 29619_FO_24C"", ""XXX"", ""MR.UP.TMH.EMR-46478.P005"", ""20""]",,[],,[],False,False
BOITE,5,5af611e631f0d65e6eee60662e86d298c3dbd55be2385f28012656b4d79c80a2,7630,CAPACITE,,,UNAVAILABLE,True,missing_value,not_a_text_check,"[""COORDINAT=1.290709°124.875240°\nID=Slack Cable 24C.01\nIDENTITY=Cable From EMR-29619-48C-01\nIDENTITY2=BTS-UPLINK_FWA_OLT_TOMOHON_TO_EMR- 29619_FO_24C\nMARKING=XXX\nPLACE=MR.UP.TMH.EMR-46478.P005\nSLACK=20"", ""1.290709°124.875240°"", ""Slack Cable 24C.01"", ""Cable From EMR-29619-48C-01"", ""BTS-UPLINK_FWA_OLT_TOMOHON_TO_EMR- 29619_FO_24C"", ""XXX"", ""MR.UP.TMH.EMR-46478.P005"", ""20""]",,[],,[],False,False
BOITE,5,5af611e631f0d65e6eee60662e86d298c3dbd55be2385f28012656b4d79c80a2,7630,NB_FIBRE_UTIL,,,UNAVAILABLE,True,missing_value,not_a_text_check,"[""COORDINAT=1.290709°124.875240°\nID=Slack Cable 24C.01\nIDENTITY=Cable From EMR-29619-48C-01\nIDENTITY2=BTS-UPLINK_FWA_OLT_TOMOHON_TO_EMR- 29619_FO_24C\nMARKING=XXX\nPLACE=MR.UP.TMH.EMR-46478.P005\nSLACK=20"", ""1.290709°124.875240°"", ""Slack Cable 24C.01"", ""Cable From EMR-29619-48C-01"", ""BTS-UPLINK_FWA_OLT_TOMOHON_TO_EMR- 29619_FO_24C"", ""XXX"", ""MR.UP.TMH.EMR-46478.P005"", ""20""]",,[],,[],False,False
BOITE,5,5af611e631f0d65e6eee60662e86d298c3dbd55be2385f28012656b4d79c80a2,7630,FABRIQUANT,,,UNAVAILABLE,True,missing_value,not_a_text_check,"[""COORDINAT=1.290709°124.875240°\nID=Slack Cable 24C.01\nIDENTITY=Cable From EMR-29619-48C-01\nIDENTITY2=BTS-UPLINK_FWA_OLT_TOMOHON_TO_EMR- 29619_FO_24C\nMARKING=XXX\nPLACE=MR.UP.TMH.EMR-46478.P005\nSLACK=20"", ""1.290709°124.875240°"", ""Slack Cable 24C.01"", ""Cable From EMR-29619-48C-01"", ""BTS-UPLINK_FWA_OLT_TOMOHON_TO_EMR- 29619_FO_24C"", ""XXX"", ""MR.UP.TMH.EMR-46478.P005"", ""20""]",,[],,[],False,False
BOITE,5,5af611e631f0d65e6eee60662e86d298c3dbd55be2385f28012656b4d79c80a2,7630,REF_BPE,,,UNAVAILABLE,True,missing_value,not_a_text_check,"[""COORDINAT=1.290709°124.875240°\nID=Slack Cable 24C.01\nIDENTITY=Cable From EMR-29619-48C-01\nIDENTITY2=BTS-UPLINK_FWA_OLT_TOMOHON_TO_EMR- 29619_FO_24C\nMARKING=XXX\nPLACE=MR.UP.TMH.EMR-46478.P005\nSLACK=20"", ""1.290709°124.875240°"", ""Slack Cable 24C.01"", ""Cable From EMR-29619-48C-01"", ""BTS-UPLINK_FWA_OLT_TOMOHON_TO_EMR- 29619_FO_24C"", ""XXX"", ""MR.UP.TMH.EMR-46478.P005"", ""20""]",,[],,[],False,False
BOITE,5,5af611e631f0d65e6eee60662e86d298c3dbd55be2385f28012656b4d79c80a2,7630,NB_CASSETTES_MAX,,,UNAVAILABLE,True,missing_value,not_a_text_check,"[""COORDINAT=1.290709°124.875240°\nID=Slack Cable 24C.01\nIDENTITY=Cable From EMR-29619-48C-01\nIDENTITY2=BTS-UPLINK_FWA_OLT_TOMOHON_TO_EMR- 29619_FO_24C\nMARKING=XXX\nPLACE=MR.UP.TMH.EMR-46478.P005\nSLACK=20"", ""1.290709°124.875240°"", ""Slack Cable 24C.01"", ""Cable From EMR-29619-48C-01"", ""BTS-UPLINK_FWA_OLT_TOMOHON_TO_EMR- 29619_FO_24C"", ""XXX"", ""MR.UP.TMH.EMR-46478.P005"", ""20""]",,[],,[],False,False
BOITE,5,5af611e631f0d65e6eee60662e86d298c3dbd55be2385f28012656b4d79c80a2,7630,CABLE_AMONT,,,UNAVAILABLE,True,missing_value,not_a_text_check,"[""COORDINAT=1.290709°124.875240°\nID=Slack Cable 24C.01\nIDENTITY=Cable From EMR-29619-48C-01\nIDENTITY2=BTS-UPLINK_FWA_OLT_TOMOHON_TO_EMR- 29619_FO_24C\nMARKING=XXX\nPLACE=MR.UP.TMH.EMR-46478.P005\nSLACK=20"", ""1.290709°124.875240°"", ""Slack Cable 24C.01"", ""Cable From EMR-29619-48C-01"", ""BTS-UPLINK_FWA_OLT_TOMOHON_TO_EMR- 29619_FO_24C"", ""XXX"", ""MR.UP.TMH.EMR-46478.P005"", ""20""]",,[],,[],False,False
BOITE,5,5af611e631f0d65e6eee60662e86d298c3dbd55be2385f28012656b4d79c80a2,7630,STATUT,,,UNAVAILABLE,True,missing_value,not_a_text_check,"[""COORDINAT=1.290709°124.875240°\nID=Slack Cable 24C.01\nIDENTITY=Cable From EMR-29619-48C-01\nIDENTITY2=BTS-UPLINK_FWA_OLT_TOMOHON_TO_EMR- 29619_FO_24C\nMARKING=XXX\nPLACE=MR.UP.TMH.EMR-46478.P005\nSLACK=20"", ""1.290709°124.875240°"", ""Slack Cable 24C.01"", ""Cable From EMR-29619-48C-01"", ""BTS-UPLINK_FWA_OLT_TOMOHON_TO_EMR- 29619_FO_24C"", ""XXX"", ""MR.UP.TMH.EMR-46478.P005"", ""20""]",,[],,[],False,False
BOITE,5,5af611e631f0d65e6eee60662e86d298c3dbd55be2385f28012656b4d79c80a2,7630,PROPRIETAIRE,,,UNAVAILABLE,True,missing_value,not_a_text_check,"[""COORDINAT=1.290709°124.875240°\nID=Slack Cable 24C.01\nIDENTITY=Cable From EMR-29619-48C-01\nIDENTITY2=BTS-UPLINK_FWA_OLT_TOMOHON_TO_EMR- 29619_FO_24C\nMARKING=XXX\nPLACE=MR.UP.TMH.EMR-46478.P005\nSLACK=20"", ""1.290709°124.875240°"", ""Slack Cable 24C.01"", ""Cable From EMR-29619-48C-01"", ""BTS-UPLINK_FWA_OLT_TOMOHON_TO_EMR- 29619_FO_24C"", ""XXX"", ""MR.UP.TMH.EMR-46478.P005"", ""20""]",,[],,[],False,False
BOITE,5,5af611e631f0d65e6eee60662e86d298c3dbd55be2385f28012656b4d79c80a2,7630,GESTIONNAIRE,,,UNAVAILABLE,True,missing_value,not_a_text_check,"[""COORDINAT=1.290709°124.875240°\nID=Slack Cable 24C.01\nIDENTITY=Cable From EMR-29619-48C-01\nIDENTITY2=BTS-UPLINK_FWA_OLT_TOMOHON_TO_EMR- 29619_FO_24C\nMARKING=XXX\nPLACE=MR.UP.TMH.EMR-46478.P005\nSLACK=20"", ""1.290709°124.875240°"", ""Slack Cable 24C.01"", ""Cable From EMR-29619-48C-01"", ""BTS-UPLINK_FWA_OLT_TOMOHON_TO_EMR- 29619_FO_24C"", ""XXX"", ""MR.UP.TMH.EMR-46478.P005"", ""20""]",,[],,[],False,False
BOITE,5,5af611e631f0d65e6eee60662e86d298c3dbd55be2385f28012656b4d79c80a2,7630,VILLE,,,UNAVAILABLE,True,missing_value,not_a_text_check,"[""COORDINAT=1.290709°124.875240°\nID=Slack Cable 24C.01\nIDENTITY=Cable From EMR-29619-48C-01\nIDENTITY2=BTS-UPLINK_FWA_OLT_TOMOHON_TO_EMR- 29619_FO_24C\nMARKING=XXX\nPLACE=MR.UP.TMH.EMR-46478.P005\nSLACK=20"", ""1.290709°124.875240°"", ""Slack Cable 24C.01"", ""Cable From EMR-29619-48C-01"", ""BTS-UPLINK_FWA_OLT_TOMOHON_TO_EMR- 29619_FO_24C"", ""XXX"", ""MR.UP.TMH.EMR-46478.P005"", ""20""]",,[],,[],False,False
BOITE,5,5af611e631f0d65e6eee60662e86d298c3dbd55be2385f28012656b4d79c80a2,7630,X,13896418.77381794,13896418.77381794,DWG_DERIVED:GEODATA+direct-CRS-transform,False,exact,not_a_text_check,"[""COORDINAT=1.290709°124.875240°\nID=Slack Cable 24C.01\nIDENTITY=Cable From EMR-29619-48C-01\nIDENTITY2=BTS-UPLINK_FWA_OLT_TOMOHON_TO_EMR- 29619_FO_24C\nMARKING=XXX\nPLACE=MR.UP.TMH.EMR-46478.P005\nSLACK=20"", ""1.290709°124.875240°"", ""Slack Cable 24C.01"", ""Cable From EMR-29619-48C-01"", ""BTS-UPLINK_FWA_OLT_TOMOHON_TO_EMR- 29619_FO_24C"", ""XXX"", ""MR.UP.TMH.EMR-46478.P005"", ""20""]",,[],,[],False,False
BOITE,5,5af611e631f0d65e6eee60662e86d298c3dbd55be2385f28012656b4d79c80a2,7630,Y,145611.2629356061,145611.2629356061,DWG_DERIVED:GEODATA+direct-CRS-transform,False,exact,not_a_text_check,"[""COORDINAT=1.290709°124.875240°\nID=Slack Cable 24C.01\nIDENTITY=Cable From EMR-29619-48C-01\nIDENTITY2=BTS-UPLINK_FWA_OLT_TOMOHON_TO_EMR- 29619_FO_24C\nMARKING=XXX\nPLACE=MR.UP.TMH.EMR-46478.P005\nSLACK=20"", ""1.290709°124.875240°"", ""Slack Cable 24C.01"", ""Cable From EMR-29619-48C-01"", ""BTS-UPLINK_FWA_OLT_TOMOHON_TO_EMR- 29619_FO_24C"", ""XXX"", ""MR.UP.TMH.EMR-46478.P005"", ""20""]",,[],,[],False,False
BOITE,5,5af611e631f0d65e6eee60662e86d298c3dbd55be2385f28012656b4d79c80a2,7630,display_label,,,UNAVAILABLE,True,missing_value,not_a_text_check,"[""COORDINAT=1.290709°124.875240°\nID=Slack Cable 24C.01\nIDENTITY=Cable From EMR-29619-48C-01\nIDENTITY2=BTS-UPLINK_FWA_OLT_TOMOHON_TO_EMR- 29619_FO_24C\nMARKING=XXX\nPLACE=MR.UP.TMH.EMR-46478.P005\nSLACK=20"", ""1.290709°124.875240°"", ""Slack Cable 24C.01"", ""Cable From EMR-29619-48C-01"", ""BTS-UPLINK_FWA_OLT_TOMOHON_TO_EMR- 29619_FO_24C"", ""XXX"", ""MR.UP.TMH.EMR-46478.P005"", ""20""]",,[],,[],False,False
BOITE,6,18ae96989440f075f72cc3ef0dd9028b4ca85b0fd39cd321740d1748c34435c0,762D,CODE,BOITE-CAD-762D,BOITE-CAD-762D,DWG_DERIVED:stable-handle-id,False,exact,no_exact_match_requires_relation_or_derivation,"[""COORDINAT=1.290709°124.875240°\nID=Slack Cable 24C.01\nIDENTITY=Cable From EMR-29619-48C-01\nIDENTITY2=BTS-UPLINK_FWA_OLT_TOMOHON_TO_EMR- 29619_FO_24C\nMARKING=XXX\nPLACE=MR.UP.TMH.EMR-46478.P005\nSLACK=20"", ""1.290709°124.875240°"", ""Slack Cable 24C.01"", ""Cable From EMR-29619-48C-01"", ""BTS-UPLINK_FWA_OLT_TOMOHON_TO_EMR- 29619_FO_24C"", ""XXX"", ""MR.UP.TMH.EMR-46478.P005"", ""20""]",,[],,[],False,False
BOITE,6,18ae96989440f075f72cc3ef0dd9028b4ca85b0fd39cd321740d1748c34435c0,762D,CODE_PTC,,,UNAVAILABLE,True,missing_value,not_a_text_check,"[""COORDINAT=1.290709°124.875240°\nID=Slack Cable 24C.01\nIDENTITY=Cable From EMR-29619-48C-01\nIDENTITY2=BTS-UPLINK_FWA_OLT_TOMOHON_TO_EMR- 29619_FO_24C\nMARKING=XXX\nPLACE=MR.UP.TMH.EMR-46478.P005\nSLACK=20"", ""1.290709°124.875240°"", ""Slack Cable 24C.01"", ""Cable From EMR-29619-48C-01"", ""BTS-UPLINK_FWA_OLT_TOMOHON_TO_EMR- 29619_FO_24C"", ""XXX"", ""MR.UP.TMH.EMR-46478.P005"", ""20""]",,[],,[],False,False
BOITE,6,18ae96989440f075f72cc3ef0dd9028b4ca85b0fd39cd321740d1748c34435c0,762D,REF_PLAQUE,,,UNAVAILABLE,True,missing_value,not_a_text_check,"[""COORDINAT=1.290709°124.875240°\nID=Slack Cable 24C.01\nIDENTITY=Cable From EMR-29619-48C-01\nIDENTITY2=BTS-UPLINK_FWA_OLT_TOMOHON_TO_EMR- 29619_FO_24C\nMARKING=XXX\nPLACE=MR.UP.TMH.EMR-46478.P005\nSLACK=20"", ""1.290709°124.875240°"", ""Slack Cable 24C.01"", ""Cable From EMR-29619-48C-01"", ""BTS-UPLINK_FWA_OLT_TOMOHON_TO_EMR- 29619_FO_24C"", ""XXX"", ""MR.UP.TMH.EMR-46478.P005"", ""20""]",,[],,[],False,False
BOITE,6,18ae96989440f075f72cc3ef0dd9028b4ca85b0fd39cd321740d1748c34435c0,762D,REF_PM,,,UNAVAILABLE,True,missing_value,not_a_text_check,"[""COORDINAT=1.290709°124.875240°\nID=Slack Cable 24C.01\nIDENTITY=Cable From EMR-29619-48C-01\nIDENTITY2=BTS-UPLINK_FWA_OLT_TOMOHON_TO_EMR- 29619_FO_24C\nMARKING=XXX\nPLACE=MR.UP.TMH.EMR-46478.P005\nSLACK=20"", ""1.290709°124.875240°"", ""Slack Cable 24C.01"", ""Cable From EMR-29619-48C-01"", ""BTS-UPLINK_FWA_OLT_TOMOHON_TO_EMR- 29619_FO_24C"", ""XXX"", ""MR.UP.TMH.EMR-46478.P005"", ""20""]",,[],,[],False,False
BOITE,6,18ae96989440f075f72cc3ef0dd9028b4ca85b0fd39cd321740d1748c34435c0,762D,TYPE,,,UNAVAILABLE,True,missing_value,not_a_text_check,"[""COORDINAT=1.290709°124.875240°\nID=Slack Cable 24C.01\nIDENTITY=Cable From EMR-29619-48C-01\nIDENTITY2=BTS-UPLINK_FWA_OLT_TOMOHON_TO_EMR- 29619_FO_24C\nMARKING=XXX\nPLACE=MR.UP.TMH.EMR-46478.P005\nSLACK=20"", ""1.290709°124.875240°"", ""Slack Cable 24C.01"", ""Cable From EMR-29619-48C-01"", ""BTS-UPLINK_FWA_OLT_TOMOHON_TO_EMR- 29619_FO_24C"", ""XXX"", ""MR.UP.TMH.EMR-46478.P005"", ""20""]",,[],,[],False,False
BOITE,6,18ae96989440f075f72cc3ef0dd9028b4ca85b0fd39cd321740d1748c34435c0,762D,MODE_POSE,,,UNAVAILABLE,True,missing_value,not_a_text_check,"[""COORDINAT=1.290709°124.875240°\nID=Slack Cable 24C.01\nIDENTITY=Cable From EMR-29619-48C-01\nIDENTITY2=BTS-UPLINK_FWA_OLT_TOMOHON_TO_EMR- 29619_FO_24C\nMARKING=XXX\nPLACE=MR.UP.TMH.EMR-46478.P005\nSLACK=20"", ""1.290709°124.875240°"", ""Slack Cable 24C.01"", ""Cable From EMR-29619-48C-01"", ""BTS-UPLINK_FWA_OLT_TOMOHON_TO_EMR- 29619_FO_24C"", ""XXX"", ""MR.UP.TMH.EMR-46478.P005"", ""20""]",,[],,[],False,False
BOITE,6,18ae96989440f075f72cc3ef0dd9028b4ca85b0fd39cd321740d1748c34435c0,762D,CAPACITE,,,UNAVAILABLE,True,missing_value,not_a_text_check,"[""COORDINAT=1.290709°124.875240°\nID=Slack Cable 24C.01\nIDENTITY=Cable From EMR-29619-48C-01\nIDENTITY2=BTS-UPLINK_FWA_OLT_TOMOHON_TO_EMR- 29619_FO_24C\nMARKING=XXX\nPLACE=MR.UP.TMH.EMR-46478.P005\nSLACK=20"", ""1.290709°124.875240°"", ""Slack Cable 24C.01"", ""Cable From EMR-29619-48C-01"", ""BTS-UPLINK_FWA_OLT_TOMOHON_TO_EMR- 29619_FO_24C"", ""XXX"", ""MR.UP.TMH.EMR-46478.P005"", ""20""]",,[],,[],False,False
BOITE,6,18ae96989440f075f72cc3ef0dd9028b4ca85b0fd39cd321740d1748c34435c0,762D,NB_FIBRE_UTIL,,,UNAVAILABLE,True,missing_value,not_a_text_check,"[""COORDINAT=1.290709°124.875240°\nID=Slack Cable 24C.01\nIDENTITY=Cable From EMR-29619-48C-01\nIDENTITY2=BTS-UPLINK_FWA_OLT_TOMOHON_TO_EMR- 29619_FO_24C\nMARKING=XXX\nPLACE=MR.UP.TMH.EMR-46478.P005\nSLACK=20"", ""1.290709°124.875240°"", ""Slack Cable 24C.01"", ""Cable From EMR-29619-48C-01"", ""BTS-UPLINK_FWA_OLT_TOMOHON_TO_EMR- 29619_FO_24C"", ""XXX"", ""MR.UP.TMH.EMR-46478.P005"", ""20""]",,[],,[],False,False
BOITE,6,18ae96989440f075f72cc3ef0dd9028b4ca85b0fd39cd321740d1748c34435c0,762D,FABRIQUANT,,,UNAVAILABLE,True,missing_value,not_a_text_check,"[""COORDINAT=1.290709°124.875240°\nID=Slack Cable 24C.01\nIDENTITY=Cable From EMR-29619-48C-01\nIDENTITY2=BTS-UPLINK_FWA_OLT_TOMOHON_TO_EMR- 29619_FO_24C\nMARKING=XXX\nPLACE=MR.UP.TMH.EMR-46478.P005\nSLACK=20"", ""1.290709°124.875240°"", ""Slack Cable 24C.01"", ""Cable From EMR-29619-48C-01"", ""BTS-UPLINK_FWA_OLT_TOMOHON_TO_EMR- 29619_FO_24C"", ""XXX"", ""MR.UP.TMH.EMR-46478.P005"", ""20""]",,[],,[],False,False
BOITE,6,18ae96989440f075f72cc3ef0dd9028b4ca85b0fd39cd321740d1748c34435c0,762D,REF_BPE,,,UNAVAILABLE,True,missing_value,not_a_text_check,"[""COORDINAT=1.290709°124.875240°\nID=Slack Cable 24C.01\nIDENTITY=Cable From EMR-29619-48C-01\nIDENTITY2=BTS-UPLINK_FWA_OLT_TOMOHON_TO_EMR- 29619_FO_24C\nMARKING=XXX\nPLACE=MR.UP.TMH.EMR-46478.P005\nSLACK=20"", ""1.290709°124.875240°"", ""Slack Cable 24C.01"", ""Cable From EMR-29619-48C-01"", ""BTS-UPLINK_FWA_OLT_TOMOHON_TO_EMR- 29619_FO_24C"", ""XXX"", ""MR.UP.TMH.EMR-46478.P005"", ""20""]",,[],,[],False,False
BOITE,6,18ae96989440f075f72cc3ef0dd9028b4ca85b0fd39cd321740d1748c34435c0,762D,NB_CASSETTES_MAX,,,UNAVAILABLE,True,missing_value,not_a_text_check,"[""COORDINAT=1.290709°124.875240°\nID=Slack Cable 24C.01\nIDENTITY=Cable From EMR-29619-48C-01\nIDENTITY2=BTS-UPLINK_FWA_OLT_TOMOHON_TO_EMR- 29619_FO_24C\nMARKING=XXX\nPLACE=MR.UP.TMH.EMR-46478.P005\nSLACK=20"", ""1.290709°124.875240°"", ""Slack Cable 24C.01"", ""Cable From EMR-29619-48C-01"", ""BTS-UPLINK_FWA_OLT_TOMOHON_TO_EMR- 29619_FO_24C"", ""XXX"", ""MR.UP.TMH.EMR-46478.P005"", ""20""]",,[],,[],False,False
BOITE,6,18ae96989440f075f72cc3ef0dd9028b4ca85b0fd39cd321740d1748c34435c0,762D,CABLE_AMONT,,,UNAVAILABLE,True,missing_value,not_a_text_check,"[""COORDINAT=1.290709°124.875240°\nID=Slack Cable 24C.01\nIDENTITY=Cable From EMR-29619-48C-01\nIDENTITY2=BTS-UPLINK_FWA_OLT_TOMOHON_TO_EMR- 29619_FO_24C\nMARKING=XXX\nPLACE=MR.UP.TMH.EMR-46478.P005\nSLACK=20"", ""1.290709°124.875240°"", ""Slack Cable 24C.01"", ""Cable From EMR-29619-48C-01"", ""BTS-UPLINK_FWA_OLT_TOMOHON_TO_EMR- 29619_FO_24C"", ""XXX"", ""MR.UP.TMH.EMR-46478.P005"", ""20""]",,[],,[],False,False
BOITE,6,18ae96989440f075f72cc3ef0dd9028b4ca85b0fd39cd321740d1748c34435c0,762D,STATUT,,,UNAVAILABLE,True,missing_value,not_a_text_check,"[""COORDINAT=1.290709°124.875240°\nID=Slack Cable 24C.01\nIDENTITY=Cable From EMR-29619-48C-01\nIDENTITY2=BTS-UPLINK_FWA_OLT_TOMOHON_TO_EMR- 29619_FO_24C\nMARKING=XXX\nPLACE=MR.UP.TMH.EMR-46478.P005\nSLACK=20"", ""1.290709°124.875240°"", ""Slack Cable 24C.01"", ""Cable From EMR-29619-48C-01"", ""BTS-UPLINK_FWA_OLT_TOMOHON_TO_EMR- 29619_FO_24C"", ""XXX"", ""MR.UP.TMH.EMR-46478.P005"", ""20""]",,[],,[],False,False
BOITE,6,18ae96989440f075f72cc3ef0dd9028b4ca85b0fd39cd321740d1748c34435c0,762D,PROPRIETAIRE,,,UNAVAILABLE,True,missing_value,not_a_text_check,"[""COORDINAT=1.290709°124.875240°\nID=Slack Cable 24C.01\nIDENTITY=Cable From EMR-29619-48C-01\nIDENTITY2=BTS-UPLINK_FWA_OLT_TOMOHON_TO_EMR- 29619_FO_24C\nMARKING=XXX\nPLACE=MR.UP.TMH.EMR-46478.P005\nSLACK=20"", ""1.290709°124.875240°"", ""Slack Cable 24C.01"", ""Cable From EMR-29619-48C-01"", ""BTS-UPLINK_FWA_OLT_TOMOHON_TO_EMR- 29619_FO_24C"", ""XXX"", ""MR.UP.TMH.EMR-46478.P005"", ""20""]",,[],,[],False,False
BOITE,6,18ae96989440f075f72cc3ef0dd9028b4ca85b0fd39cd321740d1748c34435c0,762D,GESTIONNAIRE,,,UNAVAILABLE,True,missing_value,not_a_text_check,"[""COORDINAT=1.290709°124.875240°\nID=Slack Cable 24C.01\nIDENTITY=Cable From EMR-29619-48C-01\nIDENTITY2=BTS-UPLINK_FWA_OLT_TOMOHON_TO_EMR- 29619_FO_24C\nMARKING=XXX\nPLACE=MR.UP.TMH.EMR-46478.P005\nSLACK=20"", ""1.290709°124.875240°"", ""Slack Cable 24C.01"", ""Cable From EMR-29619-48C-01"", ""BTS-UPLINK_FWA_OLT_TOMOHON_TO_EMR- 29619_FO_24C"", ""XXX"", ""MR.UP.TMH.EMR-46478.P005"", ""20""]",,[],,[],False,False
BOITE,6,18ae96989440f075f72cc3ef0dd9028b4ca85b0fd39cd321740d1748c34435c0,762D,VILLE,,,UNAVAILABLE,True,missing_value,not_a_text_check,"[""COORDINAT=1.290709°124.875240°\nID=Slack Cable 24C.01\nIDENTITY=Cable From EMR-29619-48C-01\nIDENTITY2=BTS-UPLINK_FWA_OLT_TOMOHON_TO_EMR- 29619_FO_24C\nMARKING=XXX\nPLACE=MR.UP.TMH.EMR-46478.P005\nSLACK=20"", ""1.290709°124.875240°"", ""Slack Cable 24C.01"", ""Cable From EMR-29619-48C-01"", ""BTS-UPLINK_FWA_OLT_TOMOHON_TO_EMR- 29619_FO_24C"", ""XXX"", ""MR.UP.TMH.EMR-46478.P005"", ""20""]",,[],,[],False,False
BOITE,6,18ae96989440f075f72cc3ef0dd9028b4ca85b0fd39cd321740d1748c34435c0,762D,X,13896467.96664949,13896467.96664949,DWG_DERIVED:GEODATA+direct-CRS-transform,False,exact,not_a_text_check,"[""COORDINAT=1.290709°124.875240°\nID=Slack Cable 24C.01\nIDENTITY=Cable From EMR-29619-48C-01\nIDENTITY2=BTS-UPLINK_FWA_OLT_TOMOHON_TO_EMR- 29619_FO_24C\nMARKING=XXX\nPLACE=MR.UP.TMH.EMR-46478.P005\nSLACK=20"", ""1.290709°124.875240°"", ""Slack Cable 24C.01"", ""Cable From EMR-29619-48C-01"", ""BTS-UPLINK_FWA_OLT_TOMOHON_TO_EMR- 29619_FO_24C"", ""XXX"", ""MR.UP.TMH.EMR-46478.P005"", ""20""]",,[],,[],False,False
BOITE,6,18ae96989440f075f72cc3ef0dd9028b4ca85b0fd39cd321740d1748c34435c0,762D,Y,145545.1357341772,145545.1357341772,DWG_DERIVED:GEODATA+direct-CRS-transform,False,exact,not_a_text_check,"[""COORDINAT=1.290709°124.875240°\nID=Slack Cable 24C.01\nIDENTITY=Cable From EMR-29619-48C-01\nIDENTITY2=BTS-UPLINK_FWA_OLT_TOMOHON_TO_EMR- 29619_FO_24C\nMARKING=XXX\nPLACE=MR.UP.TMH.EMR-46478.P005\nSLACK=20"", ""1.290709°124.875240°"", ""Slack Cable 24C.01"", ""Cable From EMR-29619-48C-01"", ""BTS-UPLINK_FWA_OLT_TOMOHON_TO_EMR- 29619_FO_24C"", ""XXX"", ""MR.UP.TMH.EMR-46478.P005"", ""20""]",,[],,[],False,False
BOITE,6,18ae96989440f075f72cc3ef0dd9028b4ca85b0fd39cd321740d1748c34435c0,762D,display_label,,,UNAVAILABLE,True,missing_value,not_a_text_check,"[""COORDINAT=1.290709°124.875240°\nID=Slack Cable 24C.01\nIDENTITY=Cable From EMR-29619-48C-01\nIDENTITY2=BTS-UPLINK_FWA_OLT_TOMOHON_TO_EMR- 29619_FO_24C\nMARKING=XXX\nPLACE=MR.UP.TMH.EMR-46478.P005\nSLACK=20"", ""1.290709°124.875240°"", ""Slack Cable 24C.01"", ""Cable From EMR-29619-48C-01"", ""BTS-UPLINK_FWA_OLT_TOMOHON_TO_EMR- 29619_FO_24C"", ""XXX"", ""MR.UP.TMH.EMR-46478.P005"", ""20""]",,[],,[],False,False
PTECH,1,a0b13d6a5a41d55f1837a3b280793f52ee7821af59eb802d95a7a74eb9e55cd2,75C1,CODE,MR.UP.TMH.S01.P002,MR.UP.TMH.S01.P002,DWG_DERIVED:pole-label-semantic|RULE:AI-ANNOTATION-ASSIGN-001,False,exact,verified_selected_annotation,"[""COORDINAT=1.290709°124.875240°\nID=Slack Cable 24C.01\nIDENTITY=Cable From EMR-29619-48C-01\nIDENTITY2=BTS-UPLINK_FWA_OLT_TOMOHON_TO_EMR- 29619_FO_24C\nMARKING=XXX\nPLACE=MR.UP.TMH.EMR-46478.P005\nSLACK=20"", ""1.290709°124.875240°"", ""Slack Cable 24C.01"", ""Cable From EMR-29619-48C-01"", ""BTS-UPLINK_FWA_OLT_TOMOHON_TO_EMR- 29619_FO_24C"", ""XXX"", ""MR.UP.TMH.EMR-46478.P005"", ""20""]",94ddcd421999dd2f0f54b00bd7ee543ce219de26b7bd13938e86af07b7963c91,"[""MR.UP.TMH.S01.P002""]",,[],False,False
PTECH,1,a0b13d6a5a41d55f1837a3b280793f52ee7821af59eb802d95a7a74eb9e55cd2,75C1,REF_PLAQUE,,,UNAVAILABLE,True,missing_value,not_a_text_check,"[""COORDINAT=1.290709°124.875240°\nID=Slack Cable 24C.01\nIDENTITY=Cable From EMR-29619-48C-01\nIDENTITY2=BTS-UPLINK_FWA_OLT_TOMOHON_TO_EMR- 29619_FO_24C\nMARKING=XXX\nPLACE=MR.UP.TMH.EMR-46478.P005\nSLACK=20"", ""1.290709°124.875240°"", ""Slack Cable 24C.01"", ""Cable From EMR-29619-48C-01"", ""BTS-UPLINK_FWA_OLT_TOMOHON_TO_EMR- 29619_FO_24C"", ""XXX"", ""MR.UP.TMH.EMR-46478.P005"", ""20""]",94ddcd421999dd2f0f54b00bd7ee543ce219de26b7bd13938e86af07b7963c91,"[""MR.UP.TMH.S01.P002""]",,[],False,False
PTECH,1,a0b13d6a5a41d55f1837a3b280793f52ee7821af59eb802d95a7a74eb9e55cd2,75C1,TYPE,,,UNAVAILABLE,True,missing_value,not_a_text_check,"[""COORDINAT=1.290709°124.875240°\nID=Slack Cable 24C.01\nIDENTITY=Cable From EMR-29619-48C-01\nIDENTITY2=BTS-UPLINK_FWA_OLT_TOMOHON_TO_EMR- 29619_FO_24C\nMARKING=XXX\nPLACE=MR.UP.TMH.EMR-46478.P005\nSLACK=20"", ""1.290709°124.875240°"", ""Slack Cable 24C.01"", ""Cable From EMR-29619-48C-01"", ""BTS-UPLINK_FWA_OLT_TOMOHON_TO_EMR- 29619_FO_24C"", ""XXX"", ""MR.UP.TMH.EMR-46478.P005"", ""20""]",94ddcd421999dd2f0f54b00bd7ee543ce219de26b7bd13938e86af07b7963c91,"[""MR.UP.TMH.S01.P002""]",,[],False,False
PTECH,1,a0b13d6a5a41d55f1837a3b280793f52ee7821af59eb802d95a7a74eb9e55cd2,75C1,NATURE,,,UNAVAILABLE,True,missing_value,not_a_text_check,"[""COORDINAT=1.290709°124.875240°\nID=Slack Cable 24C.01\nIDENTITY=Cable From EMR-29619-48C-01\nIDENTITY2=BTS-UPLINK_FWA_OLT_TOMOHON_TO_EMR- 29619_FO_24C\nMARKING=XXX\nPLACE=MR.UP.TMH.EMR-46478.P005\nSLACK=20"", ""1.290709°124.875240°"", ""Slack Cable 24C.01"", ""Cable From EMR-29619-48C-01"", ""BTS-UPLINK_FWA_OLT_TOMOHON_TO_EMR- 29619_FO_24C"", ""XXX"", ""MR.UP.TMH.EMR-46478.P005"", ""20""]",94ddcd421999dd2f0f54b00bd7ee543ce219de26b7bd13938e86af07b7963c91,"[""MR.UP.TMH.S01.P002""]",,[],False,False
PTECH,1,a0b13d6a5a41d55f1837a3b280793f52ee7821af59eb802d95a7a74eb9e55cd2,75C1,EFFORT_APPUI,,,UNAVAILABLE,True,missing_value,not_a_text_check,"[""COORDINAT=1.290709°124.875240°\nID=Slack Cable 24C.01\nIDENTITY=Cable From EMR-29619-48C-01\nIDENTITY2=BTS-UPLINK_FWA_OLT_TOMOHON_TO_EMR- 29619_FO_24C\nMARKING=XXX\nPLACE=MR.UP.TMH.EMR-46478.P005\nSLACK=20"", ""1.290709°124.875240°"", ""Slack Cable 24C.01"", ""Cable From EMR-29619-48C-01"", ""BTS-UPLINK_FWA_OLT_TOMOHON_TO_EMR- 29619_FO_24C"", ""XXX"", ""MR.UP.TMH.EMR-46478.P005"", ""20""]",94ddcd421999dd2f0f54b00bd7ee543ce219de26b7bd13938e86af07b7963c91,"[""MR.UP.TMH.S01.P002""]",,[],False,False
PTECH,1,a0b13d6a5a41d55f1837a3b280793f52ee7821af59eb802d95a7a74eb9e55cd2,75C1,STATUT,,,UNAVAILABLE,True,missing_value,not_a_text_check,"[""COORDINAT=1.290709°124.875240°\nID=Slack Cable 24C.01\nIDENTITY=Cable From EMR-29619-48C-01\nIDENTITY2=BTS-UPLINK_FWA_OLT_TOMOHON_TO_EMR- 29619_FO_24C\nMARKING=XXX\nPLACE=MR.UP.TMH.EMR-46478.P005\nSLACK=20"", ""1.290709°124.875240°"", ""Slack Cable 24C.01"", ""Cable From EMR-29619-48C-01"", ""BTS-UPLINK_FWA_OLT_TOMOHON_TO_EMR- 29619_FO_24C"", ""XXX"", ""MR.UP.TMH.EMR-46478.P005"", ""20""]",94ddcd421999dd2f0f54b00bd7ee543ce219de26b7bd13938e86af07b7963c91,"[""MR.UP.TMH.S01.P002""]",,[],False,False
PTECH,1,a0b13d6a5a41d55f1837a3b280793f52ee7821af59eb802d95a7a74eb9e55cd2,75C1,PROPRIETAIRE,,,UNAVAILABLE,True,missing_value,not_a_text_check,"[""COORDINAT=1.290709°124.875240°\nID=Slack Cable 24C.01\nIDENTITY=Cable From EMR-29619-48C-01\nIDENTITY2=BTS-UPLINK_FWA_OLT_TOMOHON_TO_EMR- 29619_FO_24C\nMARKING=XXX\nPLACE=MR.UP.TMH.EMR-46478.P005\nSLACK=20"", ""1.290709°124.875240°"", ""Slack Cable 24C.01"", ""Cable From EMR-29619-48C-01"", ""BTS-UPLINK_FWA_OLT_TOMOHON_TO_EMR- 29619_FO_24C"", ""XXX"", ""MR.UP.TMH.EMR-46478.P005"", ""20""]",94ddcd421999dd2f0f54b00bd7ee543ce219de26b7bd13938e86af07b7963c91,"[""MR.UP.TMH.S01.P002""]",,[],False,False
PTECH,1,a0b13d6a5a41d55f1837a3b280793f52ee7821af59eb802d95a7a74eb9e55cd2,75C1,GESTIONNAIRE,,,UNAVAILABLE,True,missing_value,not_a_text_check,"[""COORDINAT=1.290709°124.875240°\nID=Slack Cable 24C.01\nIDENTITY=Cable From EMR-29619-48C-01\nIDENTITY2=BTS-UPLINK_FWA_OLT_TOMOHON_TO_EMR- 29619_FO_24C\nMARKING=XXX\nPLACE=MR.UP.TMH.EMR-46478.P005\nSLACK=20"", ""1.290709°124.875240°"", ""Slack Cable 24C.01"", ""Cable From EMR-29619-48C-01"", ""BTS-UPLINK_FWA_OLT_TOMOHON_TO_EMR- 29619_FO_24C"", ""XXX"", ""MR.UP.TMH.EMR-46478.P005"", ""20""]",94ddcd421999dd2f0f54b00bd7ee543ce219de26b7bd13938e86af07b7963c91,"[""MR.UP.TMH.S01.P002""]",,[],False,False
PTECH,1,a0b13d6a5a41d55f1837a3b280793f52ee7821af59eb802d95a7a74eb9e55cd2,75C1,VILLE,,,UNAVAILABLE,True,missing_value,not_a_text_check,"[""COORDINAT=1.290709°124.875240°\nID=Slack Cable 24C.01\nIDENTITY=Cable From EMR-29619-48C-01\nIDENTITY2=BTS-UPLINK_FWA_OLT_TOMOHON_TO_EMR- 29619_FO_24C\nMARKING=XXX\nPLACE=MR.UP.TMH.EMR-46478.P005\nSLACK=20"", ""1.290709°124.875240°"", ""Slack Cable 24C.01"", ""Cable From EMR-29619-48C-01"", ""BTS-UPLINK_FWA_OLT_TOMOHON_TO_EMR- 29619_FO_24C"", ""XXX"", ""MR.UP.TMH.EMR-46478.P005"", ""20""]",94ddcd421999dd2f0f54b00bd7ee543ce219de26b7bd13938e86af07b7963c91,"[""MR.UP.TMH.S01.P002""]",,[],False,False
PTECH,1,a0b13d6a5a41d55f1837a3b280793f52ee7821af59eb802d95a7a74eb9e55cd2,75C1,X,13896421.69706254,13896421.69706254,DWG_DERIVED:GEODATA+direct-CRS-transform,False,exact,not_a_text_check,"[""COORDINAT=1.290709°124.875240°\nID=Slack Cable 24C.01\nIDENTITY=Cable From EMR-29619-48C-01\nIDENTITY2=BTS-UPLINK_FWA_OLT_TOMOHON_TO_EMR- 29619_FO_24C\nMARKING=XXX\nPLACE=MR.UP.TMH.EMR-46478.P005\nSLACK=20"", ""1.290709°124.875240°"", ""Slack Cable 24C.01"", ""Cable From EMR-29619-48C-01"", ""BTS-UPLINK_FWA_OLT_TOMOHON_TO_EMR- 29619_FO_24C"", ""XXX"", ""MR.UP.TMH.EMR-46478.P005"", ""20""]",94ddcd421999dd2f0f54b00bd7ee543ce219de26b7bd13938e86af07b7963c91,"[""MR.UP.TMH.S01.P002""]",,[],False,False
PTECH,1,a0b13d6a5a41d55f1837a3b280793f52ee7821af59eb802d95a7a74eb9e55cd2,75C1,Y,145573.9328243993,145573.9328243993,DWG_DERIVED:GEODATA+direct-CRS-transform,False,exact,not_a_text_check,"[""COORDINAT=1.290709°124.875240°\nID=Slack Cable 24C.01\nIDENTITY=Cable From EMR-29619-48C-01\nIDENTITY2=BTS-UPLINK_FWA_OLT_TOMOHON_TO_EMR- 29619_FO_24C\nMARKING=XXX\nPLACE=MR.UP.TMH.EMR-46478.P005\nSLACK=20"", ""1.290709°124.875240°"", ""Slack Cable 24C.01"", ""Cable From EMR-29619-48C-01"", ""BTS-UPLINK_FWA_OLT_TOMOHON_TO_EMR- 29619_FO_24C"", ""XXX"", ""MR.UP.TMH.EMR-46478.P005"", ""20""]",94ddcd421999dd2f0f54b00bd7ee543ce219de26b7bd13938e86af07b7963c91,"[""MR.UP.TMH.S01.P002""]",,[],False,False
PTECH,1,a0b13d6a5a41d55f1837a3b280793f52ee7821af59eb802d95a7a74eb9e55cd2,75C1,display_label,MR.UP.TMH.S01.P002,MR.UP.TMH.S01.P002,DWG_DERIVED:pole-label-semantic|RULE:AI-ANNOTATION-ASSIGN-001,False,exact,verified_selected_annotation,"[""COORDINAT=1.290709°124.875240°\nID=Slack Cable 24C.01\nIDENTITY=Cable From EMR-29619-48C-01\nIDENTITY2=BTS-UPLINK_FWA_OLT_TOMOHON_TO_EMR- 29619_FO_24C\nMARKING=XXX\nPLACE=MR.UP.TMH.EMR-46478.P005\nSLACK=20"", ""1.290709°124.875240°"", ""Slack Cable 24C.01"", ""Cable From EMR-29619-48C-01"", ""BTS-UPLINK_FWA_OLT_TOMOHON_TO_EMR- 29619_FO_24C"", ""XXX"", ""MR.UP.TMH.EMR-46478.P005"", ""20""]",94ddcd421999dd2f0f54b00bd7ee543ce219de26b7bd13938e86af07b7963c91,"[""MR.UP.TMH.S01.P002""]",,[],False,False
PTECH,2,39914d9dc5bc72f20f1b4f52528a99886afa4be3023e202b949ad3f841d1347a,75C9,CODE,MR.UP.TMH.S01.P003,MR.UP.TMH.S01.P003,DWG_DERIVED:pole-label-semantic|RULE:AI-ANNOTATION-ASSIGN-001,False,exact,verified_selected_annotation,"[""COORDINAT=1.290709°124.875240°\nID=Slack Cable 24C.01\nIDENTITY=Cable From EMR-29619-48C-01\nIDENTITY2=BTS-UPLINK_FWA_OLT_TOMOHON_TO_EMR- 29619_FO_24C\nMARKING=XXX\nPLACE=MR.UP.TMH.EMR-46478.P005\nSLACK=20"", ""1.290709°124.875240°"", ""Slack Cable 24C.01"", ""Cable From EMR-29619-48C-01"", ""BTS-UPLINK_FWA_OLT_TOMOHON_TO_EMR- 29619_FO_24C"", ""XXX"", ""MR.UP.TMH.EMR-46478.P005"", ""20""]",3ffb440878e17fb264cb363336f0b5e16ee841a8a3f066543bc93ab27ed35f1d,"[""MR.UP.TMH.S01.P003""]",,[],False,False
PTECH,2,39914d9dc5bc72f20f1b4f52528a99886afa4be3023e202b949ad3f841d1347a,75C9,REF_PLAQUE,,,UNAVAILABLE,True,missing_value,not_a_text_check,"[""COORDINAT=1.290709°124.875240°\nID=Slack Cable 24C.01\nIDENTITY=Cable From EMR-29619-48C-01\nIDENTITY2=BTS-UPLINK_FWA_OLT_TOMOHON_TO_EMR- 29619_FO_24C\nMARKING=XXX\nPLACE=MR.UP.TMH.EMR-46478.P005\nSLACK=20"", ""1.290709°124.875240°"", ""Slack Cable 24C.01"", ""Cable From EMR-29619-48C-01"", ""BTS-UPLINK_FWA_OLT_TOMOHON_TO_EMR- 29619_FO_24C"", ""XXX"", ""MR.UP.TMH.EMR-46478.P005"", ""20""]",3ffb440878e17fb264cb363336f0b5e16ee841a8a3f066543bc93ab27ed35f1d,"[""MR.UP.TMH.S01.P003""]",,[],False,False
PTECH,2,39914d9dc5bc72f20f1b4f52528a99886afa4be3023e202b949ad3f841d1347a,75C9,TYPE,,,UNAVAILABLE,True,missing_value,not_a_text_check,"[""COORDINAT=1.290709°124.875240°\nID=Slack Cable 24C.01\nIDENTITY=Cable From EMR-29619-48C-01\nIDENTITY2=BTS-UPLINK_FWA_OLT_TOMOHON_TO_EMR- 29619_FO_24C\nMARKING=XXX\nPLACE=MR.UP.TMH.EMR-46478.P005\nSLACK=20"", ""1.290709°124.875240°"", ""Slack Cable 24C.01"", ""Cable From EMR-29619-48C-01"", ""BTS-UPLINK_FWA_OLT_TOMOHON_TO_EMR- 29619_FO_24C"", ""XXX"", ""MR.UP.TMH.EMR-46478.P005"", ""20""]",3ffb440878e17fb264cb363336f0b5e16ee841a8a3f066543bc93ab27ed35f1d,"[""MR.UP.TMH.S01.P003""]",,[],False,False
PTECH,2,39914d9dc5bc72f20f1b4f52528a99886afa4be3023e202b949ad3f841d1347a,75C9,NATURE,,,UNAVAILABLE,True,missing_value,not_a_text_check,"[""COORDINAT=1.290709°124.875240°\nID=Slack Cable 24C.01\nIDENTITY=Cable From EMR-29619-48C-01\nIDENTITY2=BTS-UPLINK_FWA_OLT_TOMOHON_TO_EMR- 29619_FO_24C\nMARKING=XXX\nPLACE=MR.UP.TMH.EMR-46478.P005\nSLACK=20"", ""1.290709°124.875240°"", ""Slack Cable 24C.01"", ""Cable From EMR-29619-48C-01"", ""BTS-UPLINK_FWA_OLT_TOMOHON_TO_EMR- 29619_FO_24C"", ""XXX"", ""MR.UP.TMH.EMR-46478.P005"", ""20""]",3ffb440878e17fb264cb363336f0b5e16ee841a8a3f066543bc93ab27ed35f1d,"[""MR.UP.TMH.S01.P003""]",,[],False,False
PTECH,2,39914d9dc5bc72f20f1b4f52528a99886afa4be3023e202b949ad3f841d1347a,75C9,EFFORT_APPUI,,,UNAVAILABLE,True,missing_value,not_a_text_check,"[""COORDINAT=1.290709°124.875240°\nID=Slack Cable 24C.01\nIDENTITY=Cable From EMR-29619-48C-01\nIDENTITY2=BTS-UPLINK_FWA_OLT_TOMOHON_TO_EMR- 29619_FO_24C\nMARKING=XXX\nPLACE=MR.UP.TMH.EMR-46478.P005\nSLACK=20"", ""1.290709°124.875240°"", ""Slack Cable 24C.01"", ""Cable From EMR-29619-48C-01"", ""BTS-UPLINK_FWA_OLT_TOMOHON_TO_EMR- 29619_FO_24C"", ""XXX"", ""MR.UP.TMH.EMR-46478.P005"", ""20""]",3ffb440878e17fb264cb363336f0b5e16ee841a8a3f066543bc93ab27ed35f1d,"[""MR.UP.TMH.S01.P003""]",,[],False,False
PTECH,2,39914d9dc5bc72f20f1b4f52528a99886afa4be3023e202b949ad3f841d1347a,75C9,STATUT,,,UNAVAILABLE,True,missing_value,not_a_text_check,"[""COORDINAT=1.290709°124.875240°\nID=Slack Cable 24C.01\nIDENTITY=Cable From EMR-29619-48C-01\nIDENTITY2=BTS-UPLINK_FWA_OLT_TOMOHON_TO_EMR- 29619_FO_24C\nMARKING=XXX\nPLACE=MR.UP.TMH.EMR-46478.P005\nSLACK=20"", ""1.290709°124.875240°"", ""Slack Cable 24C.01"", ""Cable From EMR-29619-48C-01"", ""BTS-UPLINK_FWA_OLT_TOMOHON_TO_EMR- 29619_FO_24C"", ""XXX"", ""MR.UP.TMH.EMR-46478.P005"", ""20""]",3ffb440878e17fb264cb363336f0b5e16ee841a8a3f066543bc93ab27ed35f1d,"[""MR.UP.TMH.S01.P003""]",,[],False,False
PTECH,2,39914d9dc5bc72f20f1b4f52528a99886afa4be3023e202b949ad3f841d1347a,75C9,PROPRIETAIRE,,,UNAVAILABLE,True,missing_value,not_a_text_check,"[""COORDINAT=1.290709°124.875240°\nID=Slack Cable 24C.01\nIDENTITY=Cable From EMR-29619-48C-01\nIDENTITY2=BTS-UPLINK_FWA_OLT_TOMOHON_TO_EMR- 29619_FO_24C\nMARKING=XXX\nPLACE=MR.UP.TMH.EMR-46478.P005\nSLACK=20"", ""1.290709°124.875240°"", ""Slack Cable 24C.01"", ""Cable From EMR-29619-48C-01"", ""BTS-UPLINK_FWA_OLT_TOMOHON_TO_EMR- 29619_FO_24C"", ""XXX"", ""MR.UP.TMH.EMR-46478.P005"", ""20""]",3ffb440878e17fb264cb363336f0b5e16ee841a8a3f066543bc93ab27ed35f1d,"[""MR.UP.TMH.S01.P003""]",,[],False,False
PTECH,2,39914d9dc5bc72f20f1b4f52528a99886afa4be3023e202b949ad3f841d1347a,75C9,GESTIONNAIRE,,,UNAVAILABLE,True,missing_value,not_a_text_check,"[""COORDINAT=1.290709°124.875240°\nID=Slack Cable 24C.01\nIDENTITY=Cable From EMR-29619-48C-01\nIDENTITY2=BTS-UPLINK_FWA_OLT_TOMOHON_TO_EMR- 29619_FO_24C\nMARKING=XXX\nPLACE=MR.UP.TMH.EMR-46478.P005\nSLACK=20"", ""1.290709°124.875240°"", ""Slack Cable 24C.01"", ""Cable From EMR-29619-48C-01"", ""BTS-UPLINK_FWA_OLT_TOMOHON_TO_EMR- 29619_FO_24C"", ""XXX"", ""MR.UP.TMH.EMR-46478.P005"", ""20""]",3ffb440878e17fb264cb363336f0b5e16ee841a8a3f066543bc93ab27ed35f1d,"[""MR.UP.TMH.S01.P003""]",,[],False,False
PTECH,2,39914d9dc5bc72f20f1b4f52528a99886afa4be3023e202b949ad3f841d1347a,75C9,VILLE,,,UNAVAILABLE,True,missing_value,not_a_text_check,"[""COORDINAT=1.290709°124.875240°\nID=Slack Cable 24C.01\nIDENTITY=Cable From EMR-29619-48C-01\nIDENTITY2=BTS-UPLINK_FWA_OLT_TOMOHON_TO_EMR- 29619_FO_24C\nMARKING=XXX\nPLACE=MR.UP.TMH.EMR-46478.P005\nSLACK=20"", ""1.290709°124.875240°"", ""Slack Cable 24C.01"", ""Cable From EMR-29619-48C-01"", ""BTS-UPLINK_FWA_OLT_TOMOHON_TO_EMR- 29619_FO_24C"", ""XXX"", ""MR.UP.TMH.EMR-46478.P005"", ""20""]",3ffb440878e17fb264cb363336f0b5e16ee841a8a3f066543bc93ab27ed35f1d,"[""MR.UP.TMH.S01.P003""]",,[],False,False
PTECH,2,39914d9dc5bc72f20f1b4f52528a99886afa4be3023e202b949ad3f841d1347a,75C9,X,13896412.4485157,13896412.4485157,DWG_DERIVED:GEODATA+direct-CRS-transform,False,exact,not_a_text_check,"[""COORDINAT=1.290709°124.875240°\nID=Slack Cable 24C.01\nIDENTITY=Cable From EMR-29619-48C-01\nIDENTITY2=BTS-UPLINK_FWA_OLT_TOMOHON_TO_EMR- 29619_FO_24C\nMARKING=XXX\nPLACE=MR.UP.TMH.EMR-46478.P005\nSLACK=20"", ""1.290709°124.875240°"", ""Slack Cable 24C.01"", ""Cable From EMR-29619-48C-01"", ""BTS-UPLINK_FWA_OLT_TOMOHON_TO_EMR- 29619_FO_24C"", ""XXX"", ""MR.UP.TMH.EMR-46478.P005"", ""20""]",3ffb440878e17fb264cb363336f0b5e16ee841a8a3f066543bc93ab27ed35f1d,"[""MR.UP.TMH.S01.P003""]",,[],False,False
PTECH,2,39914d9dc5bc72f20f1b4f52528a99886afa4be3023e202b949ad3f841d1347a,75C9,Y,145586.83412949,145586.83412949,DWG_DERIVED:GEODATA+direct-CRS-transform,False,exact,not_a_text_check,"[""COORDINAT=1.290709°124.875240°\nID=Slack Cable 24C.01\nIDENTITY=Cable From EMR-29619-48C-01\nIDENTITY2=BTS-UPLINK_FWA_OLT_TOMOHON_TO_EMR- 29619_FO_24C\nMARKING=XXX\nPLACE=MR.UP.TMH.EMR-46478.P005\nSLACK=20"", ""1.290709°124.875240°"", ""Slack Cable 24C.01"", ""Cable From EMR-29619-48C-01"", ""BTS-UPLINK_FWA_OLT_TOMOHON_TO_EMR- 29619_FO_24C"", ""XXX"", ""MR.UP.TMH.EMR-46478.P005"", ""20""]",3ffb440878e17fb264cb363336f0b5e16ee841a8a3f066543bc93ab27ed35f1d,"[""MR.UP.TMH.S01.P003""]",,[],False,False
PTECH,2,39914d9dc5bc72f20f1b4f52528a99886afa4be3023e202b949ad3f841d1347a,75C9,display_label,MR.UP.TMH.S01.P003,MR.UP.TMH.S01.P003,DWG_DERIVED:pole-label-semantic|RULE:AI-ANNOTATION-ASSIGN-001,False,exact,verified_selected_annotation,"[""COORDINAT=1.290709°124.875240°\nID=Slack Cable 24C.01\nIDENTITY=Cable From EMR-29619-48C-01\nIDENTITY2=BTS-UPLINK_FWA_OLT_TOMOHON_TO_EMR- 29619_FO_24C\nMARKING=XXX\nPLACE=MR.UP.TMH.EMR-46478.P005\nSLACK=20"", ""1.290709°124.875240°"", ""Slack Cable 24C.01"", ""Cable From EMR-29619-48C-01"", ""BTS-UPLINK_FWA_OLT_TOMOHON_TO_EMR- 29619_FO_24C"", ""XXX"", ""MR.UP.TMH.EMR-46478.P005"", ""20""]",3ffb440878e17fb264cb363336f0b5e16ee841a8a3f066543bc93ab27ed35f1d,"[""MR.UP.TMH.S01.P003""]",,[],False,False
PTECH,3,b5a24b38427982ca3b842c6e65e4c9994423325eae1884cbb5103f396bc61616,75AB,CODE,MR.UP.TMH.S01.P001,MR.UP.TMH.S01.P001,DWG_DERIVED:pole-label-semantic|RULE:AI-ANNOTATION-ASSIGN-001,False,exact,verified_selected_annotation,"[""COORDINAT=1.290709°124.875240°\nID=Slack Cable 24C.01\nIDENTITY=Cable From EMR-29619-48C-01\nIDENTITY2=BTS-UPLINK_FWA_OLT_TOMOHON_TO_EMR- 29619_FO_24C\nMARKING=XXX\nPLACE=MR.UP.TMH.EMR-46478.P005\nSLACK=20"", ""1.290709°124.875240°"", ""Slack Cable 24C.01"", ""Cable From EMR-29619-48C-01"", ""BTS-UPLINK_FWA_OLT_TOMOHON_TO_EMR- 29619_FO_24C"", ""XXX"", ""MR.UP.TMH.EMR-46478.P005"", ""20""]",e4cfaad97977f1fe17580eb55c442fd194c30459d4825cb5e1b3b022b9d0ae74,"[""MR.UP.TMH.S01.P001""]",,[],False,False
PTECH,3,b5a24b38427982ca3b842c6e65e4c9994423325eae1884cbb5103f396bc61616,75AB,REF_PLAQUE,,,UNAVAILABLE,True,missing_value,not_a_text_check,"[""COORDINAT=1.290709°124.875240°\nID=Slack Cable 24C.01\nIDENTITY=Cable From EMR-29619-48C-01\nIDENTITY2=BTS-UPLINK_FWA_OLT_TOMOHON_TO_EMR- 29619_FO_24C\nMARKING=XXX\nPLACE=MR.UP.TMH.EMR-46478.P005\nSLACK=20"", ""1.290709°124.875240°"", ""Slack Cable 24C.01"", ""Cable From EMR-29619-48C-01"", ""BTS-UPLINK_FWA_OLT_TOMOHON_TO_EMR- 29619_FO_24C"", ""XXX"", ""MR.UP.TMH.EMR-46478.P005"", ""20""]",e4cfaad97977f1fe17580eb55c442fd194c30459d4825cb5e1b3b022b9d0ae74,"[""MR.UP.TMH.S01.P001""]",,[],False,False
PTECH,3,b5a24b38427982ca3b842c6e65e4c9994423325eae1884cbb5103f396bc61616,75AB,TYPE,,,UNAVAILABLE,True,missing_value,not_a_text_check,"[""COORDINAT=1.290709°124.875240°\nID=Slack Cable 24C.01\nIDENTITY=Cable From EMR-29619-48C-01\nIDENTITY2=BTS-UPLINK_FWA_OLT_TOMOHON_TO_EMR- 29619_FO_24C\nMARKING=XXX\nPLACE=MR.UP.TMH.EMR-46478.P005\nSLACK=20"", ""1.290709°124.875240°"", ""Slack Cable 24C.01"", ""Cable From EMR-29619-48C-01"", ""BTS-UPLINK_FWA_OLT_TOMOHON_TO_EMR- 29619_FO_24C"", ""XXX"", ""MR.UP.TMH.EMR-46478.P005"", ""20""]",e4cfaad97977f1fe17580eb55c442fd194c30459d4825cb5e1b3b022b9d0ae74,"[""MR.UP.TMH.S01.P001""]",,[],False,False
PTECH,3,b5a24b38427982ca3b842c6e65e4c9994423325eae1884cbb5103f396bc61616,75AB,NATURE,,,UNAVAILABLE,True,missing_value,not_a_text_check,"[""COORDINAT=1.290709°124.875240°\nID=Slack Cable 24C.01\nIDENTITY=Cable From EMR-29619-48C-01\nIDENTITY2=BTS-UPLINK_FWA_OLT_TOMOHON_TO_EMR- 29619_FO_24C\nMARKING=XXX\nPLACE=MR.UP.TMH.EMR-46478.P005\nSLACK=20"", ""1.290709°124.875240°"", ""Slack Cable 24C.01"", ""Cable From EMR-29619-48C-01"", ""BTS-UPLINK_FWA_OLT_TOMOHON_TO_EMR- 29619_FO_24C"", ""XXX"", ""MR.UP.TMH.EMR-46478.P005"", ""20""]",e4cfaad97977f1fe17580eb55c442fd194c30459d4825cb5e1b3b022b9d0ae74,"[""MR.UP.TMH.S01.P001""]",,[],False,False
PTECH,3,b5a24b38427982ca3b842c6e65e4c9994423325eae1884cbb5103f396bc61616,75AB,EFFORT_APPUI,,,UNAVAILABLE,True,missing_value,not_a_text_check,"[""COORDINAT=1.290709°124.875240°\nID=Slack Cable 24C.01\nIDENTITY=Cable From EMR-29619-48C-01\nIDENTITY2=BTS-UPLINK_FWA_OLT_TOMOHON_TO_EMR- 29619_FO_24C\nMARKING=XXX\nPLACE=MR.UP.TMH.EMR-46478.P005\nSLACK=20"", ""1.290709°124.875240°"", ""Slack Cable 24C.01"", ""Cable From EMR-29619-48C-01"", ""BTS-UPLINK_FWA_OLT_TOMOHON_TO_EMR- 29619_FO_24C"", ""XXX"", ""MR.UP.TMH.EMR-46478.P005"", ""20""]",e4cfaad97977f1fe17580eb55c442fd194c30459d4825cb5e1b3b022b9d0ae74,"[""MR.UP.TMH.S01.P001""]",,[],False,False
PTECH,3,b5a24b38427982ca3b842c6e65e4c9994423325eae1884cbb5103f396bc61616,75AB,STATUT,,,UNAVAILABLE,True,missing_value,not_a_text_check,"[""COORDINAT=1.290709°124.875240°\nID=Slack Cable 24C.01\nIDENTITY=Cable From EMR-29619-48C-01\nIDENTITY2=BTS-UPLINK_FWA_OLT_TOMOHON_TO_EMR- 29619_FO_24C\nMARKING=XXX\nPLACE=MR.UP.TMH.EMR-46478.P005\nSLACK=20"", ""1.290709°124.875240°"", ""Slack Cable 24C.01"", ""Cable From EMR-29619-48C-01"", ""BTS-UPLINK_FWA_OLT_TOMOHON_TO_EMR- 29619_FO_24C"", ""XXX"", ""MR.UP.TMH.EMR-46478.P005"", ""20""]",e4cfaad97977f1fe17580eb55c442fd194c30459d4825cb5e1b3b022b9d0ae74,"[""MR.UP.TMH.S01.P001""]",,[],False,False
PTECH,3,b5a24b38427982ca3b842c6e65e4c9994423325eae1884cbb5103f396bc61616,75AB,PROPRIETAIRE,,,UNAVAILABLE,True,missing_value,not_a_text_check,"[""COORDINAT=1.290709°124.875240°\nID=Slack Cable 24C.01\nIDENTITY=Cable From EMR-29619-48C-01\nIDENTITY2=BTS-UPLINK_FWA_OLT_TOMOHON_TO_EMR- 29619_FO_24C\nMARKING=XXX\nPLACE=MR.UP.TMH.EMR-46478.P005\nSLACK=20"", ""1.290709°124.875240°"", ""Slack Cable 24C.01"", ""Cable From EMR-29619-48C-01"", ""BTS-UPLINK_FWA_OLT_TOMOHON_TO_EMR- 29619_FO_24C"", ""XXX"", ""MR.UP.TMH.EMR-46478.P005"", ""20""]",e4cfaad97977f1fe17580eb55c442fd194c30459d4825cb5e1b3b022b9d0ae74,"[""MR.UP.TMH.S01.P001""]",,[],False,False
PTECH,3,b5a24b38427982ca3b842c6e65e4c9994423325eae1884cbb5103f396bc61616,75AB,GESTIONNAIRE,,,UNAVAILABLE,True,missing_value,not_a_text_check,"[""COORDINAT=1.290709°124.875240°\nID=Slack Cable 24C.01\nIDENTITY=Cable From EMR-29619-48C-01\nIDENTITY2=BTS-UPLINK_FWA_OLT_TOMOHON_TO_EMR- 29619_FO_24C\nMARKING=XXX\nPLACE=MR.UP.TMH.EMR-46478.P005\nSLACK=20"", ""1.290709°124.875240°"", ""Slack Cable 24C.01"", ""Cable From EMR-29619-48C-01"", ""BTS-UPLINK_FWA_OLT_TOMOHON_TO_EMR- 29619_FO_24C"", ""XXX"", ""MR.UP.TMH.EMR-46478.P005"", ""20""]",e4cfaad97977f1fe17580eb55c442fd194c30459d4825cb5e1b3b022b9d0ae74,"[""MR.UP.TMH.S01.P001""]",,[],False,False
PTECH,3,b5a24b38427982ca3b842c6e65e4c9994423325eae1884cbb5103f396bc61616,75AB,VILLE,,,UNAVAILABLE,True,missing_value,not_a_text_check,"[""COORDINAT=1.290709°124.875240°\nID=Slack Cable 24C.01\nIDENTITY=Cable From EMR-29619-48C-01\nIDENTITY2=BTS-UPLINK_FWA_OLT_TOMOHON_TO_EMR- 29619_FO_24C\nMARKING=XXX\nPLACE=MR.UP.TMH.EMR-46478.P005\nSLACK=20"", ""1.290709°124.875240°"", ""Slack Cable 24C.01"", ""Cable From EMR-29619-48C-01"", ""BTS-UPLINK_FWA_OLT_TOMOHON_TO_EMR- 29619_FO_24C"", ""XXX"", ""MR.UP.TMH.EMR-46478.P005"", ""20""]",e4cfaad97977f1fe17580eb55c442fd194c30459d4825cb5e1b3b022b9d0ae74,"[""MR.UP.TMH.S01.P001""]",,[],False,False
PTECH,3,b5a24b38427982ca3b842c6e65e4c9994423325eae1884cbb5103f396bc61616,75AB,X,13896467.96664949,13896467.96664949,DWG_DERIVED:GEODATA+direct-CRS-transform,False,exact,not_a_text_check,"[""COORDINAT=1.290709°124.875240°\nID=Slack Cable 24C.01\nIDENTITY=Cable From EMR-29619-48C-01\nIDENTITY2=BTS-UPLINK_FWA_OLT_TOMOHON_TO_EMR- 29619_FO_24C\nMARKING=XXX\nPLACE=MR.UP.TMH.EMR-46478.P005\nSLACK=20"", ""1.290709°124.875240°"", ""Slack Cable 24C.01"", ""Cable From EMR-29619-48C-01"", ""BTS-UPLINK_FWA_OLT_TOMOHON_TO_EMR- 29619_FO_24C"", ""XXX"", ""MR.UP.TMH.EMR-46478.P005"", ""20""]",e4cfaad97977f1fe17580eb55c442fd194c30459d4825cb5e1b3b022b9d0ae74,"[""MR.UP.TMH.S01.P001""]",,[],False,False
PTECH,3,b5a24b38427982ca3b842c6e65e4c9994423325eae1884cbb5103f396bc61616,75AB,Y,145545.1357341772,145545.1357341772,DWG_DERIVED:GEODATA+direct-CRS-transform,False,exact,not_a_text_check,"[""COORDINAT=1.290709°124.875240°\nID=Slack Cable 24C.01\nIDENTITY=Cable From EMR-29619-48C-01\nIDENTITY2=BTS-UPLINK_FWA_OLT_TOMOHON_TO_EMR- 29619_FO_24C\nMARKING=XXX\nPLACE=MR.UP.TMH.EMR-46478.P005\nSLACK=20"", ""1.290709°124.875240°"", ""Slack Cable 24C.01"", ""Cable From EMR-29619-48C-01"", ""BTS-UPLINK_FWA_OLT_TOMOHON_TO_EMR- 29619_FO_24C"", ""XXX"", ""MR.UP.TMH.EMR-46478.P005"", ""20""]",e4cfaad97977f1fe17580eb55c442fd194c30459d4825cb5e1b3b022b9d0ae74,"[""MR.UP.TMH.S01.P001""]",,[],False,False
PTECH,3,b5a24b38427982ca3b842c6e65e4c9994423325eae1884cbb5103f396bc61616,75AB,display_label,MR.UP.TMH.S01.P001,MR.UP.TMH.S01.P001,DWG_DERIVED:pole-label-semantic|RULE:AI-ANNOTATION-ASSIGN-001,False,exact,verified_selected_annotation,"[""COORDINAT=1.290709°124.875240°\nID=Slack Cable 24C.01\nIDENTITY=Cable From EMR-29619-48C-01\nIDENTITY2=BTS-UPLINK_FWA_OLT_TOMOHON_TO_EMR- 29619_FO_24C\nMARKING=XXX\nPLACE=MR.UP.TMH.EMR-46478.P005\nSLACK=20"", ""1.290709°124.875240°"", ""Slack Cable 24C.01"", ""Cable From EMR-29619-48C-01"", ""BTS-UPLINK_FWA_OLT_TOMOHON_TO_EMR- 29619_FO_24C"", ""XXX"", ""MR.UP.TMH.EMR-46478.P005"", ""20""]",e4cfaad97977f1fe17580eb55c442fd194c30459d4825cb5e1b3b022b9d0ae74,"[""MR.UP.TMH.S01.P001""]",,[],False,False
PTECH,4,7346262146d489a3256c4214f25df966e81f8475fd7ce726aed637b167dee8be,75D9,CODE,MR.UP.TMH.S01.P005,MR.UP.TMH.S01.P005,DWG_DERIVED:pole-label-semantic|RULE:AI-ANNOTATION-ASSIGN-001,False,exact,verified_selected_annotation,"[""COORDINAT=1.290709°124.875240°\nID=Slack Cable 24C.01\nIDENTITY=Cable From EMR-29619-48C-01\nIDENTITY2=BTS-UPLINK_FWA_OLT_TOMOHON_TO_EMR- 29619_FO_24C\nMARKING=XXX\nPLACE=MR.UP.TMH.EMR-46478.P005\nSLACK=20"", ""1.290709°124.875240°"", ""Slack Cable 24C.01"", ""Cable From EMR-29619-48C-01"", ""BTS-UPLINK_FWA_OLT_TOMOHON_TO_EMR- 29619_FO_24C"", ""XXX"", ""MR.UP.TMH.EMR-46478.P005"", ""20""]",4ad0aff82f8bfd3c15cb1ce88f5e3c3a77e318bd9e3af61e69e56f4709fe119c,"[""MR.UP.TMH.S01.P005""]",,[],False,False
PTECH,4,7346262146d489a3256c4214f25df966e81f8475fd7ce726aed637b167dee8be,75D9,REF_PLAQUE,,,UNAVAILABLE,True,missing_value,not_a_text_check,"[""COORDINAT=1.290709°124.875240°\nID=Slack Cable 24C.01\nIDENTITY=Cable From EMR-29619-48C-01\nIDENTITY2=BTS-UPLINK_FWA_OLT_TOMOHON_TO_EMR- 29619_FO_24C\nMARKING=XXX\nPLACE=MR.UP.TMH.EMR-46478.P005\nSLACK=20"", ""1.290709°124.875240°"", ""Slack Cable 24C.01"", ""Cable From EMR-29619-48C-01"", ""BTS-UPLINK_FWA_OLT_TOMOHON_TO_EMR- 29619_FO_24C"", ""XXX"", ""MR.UP.TMH.EMR-46478.P005"", ""20""]",4ad0aff82f8bfd3c15cb1ce88f5e3c3a77e318bd9e3af61e69e56f4709fe119c,"[""MR.UP.TMH.S01.P005""]",,[],False,False
PTECH,4,7346262146d489a3256c4214f25df966e81f8475fd7ce726aed637b167dee8be,75D9,TYPE,,,UNAVAILABLE,True,missing_value,not_a_text_check,"[""COORDINAT=1.290709°124.875240°\nID=Slack Cable 24C.01\nIDENTITY=Cable From EMR-29619-48C-01\nIDENTITY2=BTS-UPLINK_FWA_OLT_TOMOHON_TO_EMR- 29619_FO_24C\nMARKING=XXX\nPLACE=MR.UP.TMH.EMR-46478.P005\nSLACK=20"", ""1.290709°124.875240°"", ""Slack Cable 24C.01"", ""Cable From EMR-29619-48C-01"", ""BTS-UPLINK_FWA_OLT_TOMOHON_TO_EMR- 29619_FO_24C"", ""XXX"", ""MR.UP.TMH.EMR-46478.P005"", ""20""]",4ad0aff82f8bfd3c15cb1ce88f5e3c3a77e318bd9e3af61e69e56f4709fe119c,"[""MR.UP.TMH.S01.P005""]",,[],False,False
PTECH,4,7346262146d489a3256c4214f25df966e81f8475fd7ce726aed637b167dee8be,75D9,NATURE,,,UNAVAILABLE,True,missing_value,not_a_text_check,"[""COORDINAT=1.290709°124.875240°\nID=Slack Cable 24C.01\nIDENTITY=Cable From EMR-29619-48C-01\nIDENTITY2=BTS-UPLINK_FWA_OLT_TOMOHON_TO_EMR- 29619_FO_24C\nMARKING=XXX\nPLACE=MR.UP.TMH.EMR-46478.P005\nSLACK=20"", ""1.290709°124.875240°"", ""Slack Cable 24C.01"", ""Cable From EMR-29619-48C-01"", ""BTS-UPLINK_FWA_OLT_TOMOHON_TO_EMR- 29619_FO_24C"", ""XXX"", ""MR.UP.TMH.EMR-46478.P005"", ""20""]",4ad0aff82f8bfd3c15cb1ce88f5e3c3a77e318bd9e3af61e69e56f4709fe119c,"[""MR.UP.TMH.S01.P005""]",,[],False,False
PTECH,4,7346262146d489a3256c4214f25df966e81f8475fd7ce726aed637b167dee8be,75D9,EFFORT_APPUI,,,UNAVAILABLE,True,missing_value,not_a_text_check,"[""COORDINAT=1.290709°124.875240°\nID=Slack Cable 24C.01\nIDENTITY=Cable From EMR-29619-48C-01\nIDENTITY2=BTS-UPLINK_FWA_OLT_TOMOHON_TO_EMR- 29619_FO_24C\nMARKING=XXX\nPLACE=MR.UP.TMH.EMR-46478.P005\nSLACK=20"", ""1.290709°124.875240°"", ""Slack Cable 24C.01"", ""Cable From EMR-29619-48C-01"", ""BTS-UPLINK_FWA_OLT_TOMOHON_TO_EMR- 29619_FO_24C"", ""XXX"", ""MR.UP.TMH.EMR-46478.P005"", ""20""]",4ad0aff82f8bfd3c15cb1ce88f5e3c3a77e318bd9e3af61e69e56f4709fe119c,"[""MR.UP.TMH.S01.P005""]",,[],False,False
PTECH,4,7346262146d489a3256c4214f25df966e81f8475fd7ce726aed637b167dee8be,75D9,STATUT,,,UNAVAILABLE,True,missing_value,not_a_text_check,"[""COORDINAT=1.290709°124.875240°\nID=Slack Cable 24C.01\nIDENTITY=Cable From EMR-29619-48C-01\nIDENTITY2=BTS-UPLINK_FWA_OLT_TOMOHON_TO_EMR- 29619_FO_24C\nMARKING=XXX\nPLACE=MR.UP.TMH.EMR-46478.P005\nSLACK=20"", ""1.290709°124.875240°"", ""Slack Cable 24C.01"", ""Cable From EMR-29619-48C-01"", ""BTS-UPLINK_FWA_OLT_TOMOHON_TO_EMR- 29619_FO_24C"", ""XXX"", ""MR.UP.TMH.EMR-46478.P005"", ""20""]",4ad0aff82f8bfd3c15cb1ce88f5e3c3a77e318bd9e3af61e69e56f4709fe119c,"[""MR.UP.TMH.S01.P005""]",,[],False,False
PTECH,4,7346262146d489a3256c4214f25df966e81f8475fd7ce726aed637b167dee8be,75D9,PROPRIETAIRE,,,UNAVAILABLE,True,missing_value,not_a_text_check,"[""COORDINAT=1.290709°124.875240°\nID=Slack Cable 24C.01\nIDENTITY=Cable From EMR-29619-48C-01\nIDENTITY2=BTS-UPLINK_FWA_OLT_TOMOHON_TO_EMR- 29619_FO_24C\nMARKING=XXX\nPLACE=MR.UP.TMH.EMR-46478.P005\nSLACK=20"", ""1.290709°124.875240°"", ""Slack Cable 24C.01"", ""Cable From EMR-29619-48C-01"", ""BTS-UPLINK_FWA_OLT_TOMOHON_TO_EMR- 29619_FO_24C"", ""XXX"", ""MR.UP.TMH.EMR-46478.P005"", ""20""]",4ad0aff82f8bfd3c15cb1ce88f5e3c3a77e318bd9e3af61e69e56f4709fe119c,"[""MR.UP.TMH.S01.P005""]",,[],False,False
PTECH,4,7346262146d489a3256c4214f25df966e81f8475fd7ce726aed637b167dee8be,75D9,GESTIONNAIRE,,,UNAVAILABLE,True,missing_value,not_a_text_check,"[""COORDINAT=1.290709°124.875240°\nID=Slack Cable 24C.01\nIDENTITY=Cable From EMR-29619-48C-01\nIDENTITY2=BTS-UPLINK_FWA_OLT_TOMOHON_TO_EMR- 29619_FO_24C\nMARKING=XXX\nPLACE=MR.UP.TMH.EMR-46478.P005\nSLACK=20"", ""1.290709°124.875240°"", ""Slack Cable 24C.01"", ""Cable From EMR-29619-48C-01"", ""BTS-UPLINK_FWA_OLT_TOMOHON_TO_EMR- 29619_FO_24C"", ""XXX"", ""MR.UP.TMH.EMR-46478.P005"", ""20""]",4ad0aff82f8bfd3c15cb1ce88f5e3c3a77e318bd9e3af61e69e56f4709fe119c,"[""MR.UP.TMH.S01.P005""]",,[],False,False
PTECH,4,7346262146d489a3256c4214f25df966e81f8475fd7ce726aed637b167dee8be,75D9,VILLE,,,UNAVAILABLE,True,missing_value,not_a_text_check,"[""COORDINAT=1.290709°124.875240°\nID=Slack Cable 24C.01\nIDENTITY=Cable From EMR-29619-48C-01\nIDENTITY2=BTS-UPLINK_FWA_OLT_TOMOHON_TO_EMR- 29619_FO_24C\nMARKING=XXX\nPLACE=MR.UP.TMH.EMR-46478.P005\nSLACK=20"", ""1.290709°124.875240°"", ""Slack Cable 24C.01"", ""Cable From EMR-29619-48C-01"", ""BTS-UPLINK_FWA_OLT_TOMOHON_TO_EMR- 29619_FO_24C"", ""XXX"", ""MR.UP.TMH.EMR-46478.P005"", ""20""]",4ad0aff82f8bfd3c15cb1ce88f5e3c3a77e318bd9e3af61e69e56f4709fe119c,"[""MR.UP.TMH.S01.P005""]",,[],False,False
PTECH,4,7346262146d489a3256c4214f25df966e81f8475fd7ce726aed637b167dee8be,75D9,X,13896404.30111766,13896404.30111766,DWG_DERIVED:GEODATA+direct-CRS-transform,False,exact,not_a_text_check,"[""COORDINAT=1.290709°124.875240°\nID=Slack Cable 24C.01\nIDENTITY=Cable From EMR-29619-48C-01\nIDENTITY2=BTS-UPLINK_FWA_OLT_TOMOHON_TO_EMR- 29619_FO_24C\nMARKING=XXX\nPLACE=MR.UP.TMH.EMR-46478.P005\nSLACK=20"", ""1.290709°124.875240°"", ""Slack Cable 24C.01"", ""Cable From EMR-29619-48C-01"", ""BTS-UPLINK_FWA_OLT_TOMOHON_TO_EMR- 29619_FO_24C"", ""XXX"", ""MR.UP.TMH.EMR-46478.P005"", ""20""]",4ad0aff82f8bfd3c15cb1ce88f5e3c3a77e318bd9e3af61e69e56f4709fe119c,"[""MR.UP.TMH.S01.P005""]",,[],False,False
PTECH,4,7346262146d489a3256c4214f25df966e81f8475fd7ce726aed637b167dee8be,75D9,Y,145616.3681006432,145616.3681006432,DWG_DERIVED:GEODATA+direct-CRS-transform,False,exact,not_a_text_check,"[""COORDINAT=1.290709°124.875240°\nID=Slack Cable 24C.01\nIDENTITY=Cable From EMR-29619-48C-01\nIDENTITY2=BTS-UPLINK_FWA_OLT_TOMOHON_TO_EMR- 29619_FO_24C\nMARKING=XXX\nPLACE=MR.UP.TMH.EMR-46478.P005\nSLACK=20"", ""1.290709°124.875240°"", ""Slack Cable 24C.01"", ""Cable From EMR-29619-48C-01"", ""BTS-UPLINK_FWA_OLT_TOMOHON_TO_EMR- 29619_FO_24C"", ""XXX"", ""MR.UP.TMH.EMR-46478.P005"", ""20""]",4ad0aff82f8bfd3c15cb1ce88f5e3c3a77e318bd9e3af61e69e56f4709fe119c,"[""MR.UP.TMH.S01.P005""]",,[],False,False
PTECH,4,7346262146d489a3256c4214f25df966e81f8475fd7ce726aed637b167dee8be,75D9,display_label,MR.UP.TMH.S01.P005,MR.UP.TMH.S01.P005,DWG_DERIVED:pole-label-semantic|RULE:AI-ANNOTATION-ASSIGN-001,False,exact,verified_selected_annotation,"[""COORDINAT=1.290709°124.875240°\nID=Slack Cable 24C.01\nIDENTITY=Cable From EMR-29619-48C-01\nIDENTITY2=BTS-UPLINK_FWA_OLT_TOMOHON_TO_EMR- 29619_FO_24C\nMARKING=XXX\nPLACE=MR.UP.TMH.EMR-46478.P005\nSLACK=20"", ""1.290709°124.875240°"", ""Slack Cable 24C.01"", ""Cable From EMR-29619-48C-01"", ""BTS-UPLINK_FWA_OLT_TOMOHON_TO_EMR- 29619_FO_24C"", ""XXX"", ""MR.UP.TMH.EMR-46478.P005"", ""20""]",4ad0aff82f8bfd3c15cb1ce88f5e3c3a77e318bd9e3af61e69e56f4709fe119c,"[""MR.UP.TMH.S01.P005""]",,[],False,False
PTECH,5,a5e6c1382ab6fa1d1f07cdaa64fe23e8d7c2856c56f9b9675affd205a2bc8060,75A2,CODE,PTECH-CAD-75A2,PTECH-CAD-75A2,DWG_DERIVED:stable-handle-id,False,exact,no_exact_match_requires_relation_or_derivation,"[""COORDINAT=1.290709°124.875240°\nID=Slack Cable 24C.01\nIDENTITY=Cable From EMR-29619-48C-01\nIDENTITY2=BTS-UPLINK_FWA_OLT_TOMOHON_TO_EMR- 29619_FO_24C\nMARKING=XXX\nPLACE=MR.UP.TMH.EMR-46478.P005\nSLACK=20"", ""1.290709°124.875240°"", ""Slack Cable 24C.01"", ""Cable From EMR-29619-48C-01"", ""BTS-UPLINK_FWA_OLT_TOMOHON_TO_EMR- 29619_FO_24C"", ""XXX"", ""MR.UP.TMH.EMR-46478.P005"", ""20""]",,[],,[],False,False
PTECH,5,a5e6c1382ab6fa1d1f07cdaa64fe23e8d7c2856c56f9b9675affd205a2bc8060,75A2,REF_PLAQUE,,,UNAVAILABLE,True,missing_value,not_a_text_check,"[""COORDINAT=1.290709°124.875240°\nID=Slack Cable 24C.01\nIDENTITY=Cable From EMR-29619-48C-01\nIDENTITY2=BTS-UPLINK_FWA_OLT_TOMOHON_TO_EMR- 29619_FO_24C\nMARKING=XXX\nPLACE=MR.UP.TMH.EMR-46478.P005\nSLACK=20"", ""1.290709°124.875240°"", ""Slack Cable 24C.01"", ""Cable From EMR-29619-48C-01"", ""BTS-UPLINK_FWA_OLT_TOMOHON_TO_EMR- 29619_FO_24C"", ""XXX"", ""MR.UP.TMH.EMR-46478.P005"", ""20""]",,[],,[],False,False
PTECH,5,a5e6c1382ab6fa1d1f07cdaa64fe23e8d7c2856c56f9b9675affd205a2bc8060,75A2,TYPE,,,UNAVAILABLE,True,missing_value,not_a_text_check,"[""COORDINAT=1.290709°124.875240°\nID=Slack Cable 24C.01\nIDENTITY=Cable From EMR-29619-48C-01\nIDENTITY2=BTS-UPLINK_FWA_OLT_TOMOHON_TO_EMR- 29619_FO_24C\nMARKING=XXX\nPLACE=MR.UP.TMH.EMR-46478.P005\nSLACK=20"", ""1.290709°124.875240°"", ""Slack Cable 24C.01"", ""Cable From EMR-29619-48C-01"", ""BTS-UPLINK_FWA_OLT_TOMOHON_TO_EMR- 29619_FO_24C"", ""XXX"", ""MR.UP.TMH.EMR-46478.P005"", ""20""]",,[],,[],False,False
PTECH,5,a5e6c1382ab6fa1d1f07cdaa64fe23e8d7c2856c56f9b9675affd205a2bc8060,75A2,NATURE,,,UNAVAILABLE,True,missing_value,not_a_text_check,"[""COORDINAT=1.290709°124.875240°\nID=Slack Cable 24C.01\nIDENTITY=Cable From EMR-29619-48C-01\nIDENTITY2=BTS-UPLINK_FWA_OLT_TOMOHON_TO_EMR- 29619_FO_24C\nMARKING=XXX\nPLACE=MR.UP.TMH.EMR-46478.P005\nSLACK=20"", ""1.290709°124.875240°"", ""Slack Cable 24C.01"", ""Cable From EMR-29619-48C-01"", ""BTS-UPLINK_FWA_OLT_TOMOHON_TO_EMR- 29619_FO_24C"", ""XXX"", ""MR.UP.TMH.EMR-46478.P005"", ""20""]",,[],,[],False,False
PTECH,5,a5e6c1382ab6fa1d1f07cdaa64fe23e8d7c2856c56f9b9675affd205a2bc8060,75A2,EFFORT_APPUI,,,UNAVAILABLE,True,missing_value,not_a_text_check,"[""COORDINAT=1.290709°124.875240°\nID=Slack Cable 24C.01\nIDENTITY=Cable From EMR-29619-48C-01\nIDENTITY2=BTS-UPLINK_FWA_OLT_TOMOHON_TO_EMR- 29619_FO_24C\nMARKING=XXX\nPLACE=MR.UP.TMH.EMR-46478.P005\nSLACK=20"", ""1.290709°124.875240°"", ""Slack Cable 24C.01"", ""Cable From EMR-29619-48C-01"", ""BTS-UPLINK_FWA_OLT_TOMOHON_TO_EMR- 29619_FO_24C"", ""XXX"", ""MR.UP.TMH.EMR-46478.P005"", ""20""]",,[],,[],False,False
PTECH,5,a5e6c1382ab6fa1d1f07cdaa64fe23e8d7c2856c56f9b9675affd205a2bc8060,75A2,STATUT,,,UNAVAILABLE,True,missing_value,not_a_text_check,"[""COORDINAT=1.290709°124.875240°\nID=Slack Cable 24C.01\nIDENTITY=Cable From EMR-29619-48C-01\nIDENTITY2=BTS-UPLINK_FWA_OLT_TOMOHON_TO_EMR- 29619_FO_24C\nMARKING=XXX\nPLACE=MR.UP.TMH.EMR-46478.P005\nSLACK=20"", ""1.290709°124.875240°"", ""Slack Cable 24C.01"", ""Cable From EMR-29619-48C-01"", ""BTS-UPLINK_FWA_OLT_TOMOHON_TO_EMR- 29619_FO_24C"", ""XXX"", ""MR.UP.TMH.EMR-46478.P005"", ""20""]",,[],,[],False,False
PTECH,5,a5e6c1382ab6fa1d1f07cdaa64fe23e8d7c2856c56f9b9675affd205a2bc8060,75A2,PROPRIETAIRE,,,UNAVAILABLE,True,missing_value,not_a_text_check,"[""COORDINAT=1.290709°124.875240°\nID=Slack Cable 24C.01\nIDENTITY=Cable From EMR-29619-48C-01\nIDENTITY2=BTS-UPLINK_FWA_OLT_TOMOHON_TO_EMR- 29619_FO_24C\nMARKING=XXX\nPLACE=MR.UP.TMH.EMR-46478.P005\nSLACK=20"", ""1.290709°124.875240°"", ""Slack Cable 24C.01"", ""Cable From EMR-29619-48C-01"", ""BTS-UPLINK_FWA_OLT_TOMOHON_TO_EMR- 29619_FO_24C"", ""XXX"", ""MR.UP.TMH.EMR-46478.P005"", ""20""]",,[],,[],False,False
PTECH,5,a5e6c1382ab6fa1d1f07cdaa64fe23e8d7c2856c56f9b9675affd205a2bc8060,75A2,GESTIONNAIRE,,,UNAVAILABLE,True,missing_value,not_a_text_check,"[""COORDINAT=1.290709°124.875240°\nID=Slack Cable 24C.01\nIDENTITY=Cable From EMR-29619-48C-01\nIDENTITY2=BTS-UPLINK_FWA_OLT_TOMOHON_TO_EMR- 29619_FO_24C\nMARKING=XXX\nPLACE=MR.UP.TMH.EMR-46478.P005\nSLACK=20"", ""1.290709°124.875240°"", ""Slack Cable 24C.01"", ""Cable From EMR-29619-48C-01"", ""BTS-UPLINK_FWA_OLT_TOMOHON_TO_EMR- 29619_FO_24C"", ""XXX"", ""MR.UP.TMH.EMR-46478.P005"", ""20""]",,[],,[],False,False
PTECH,5,a5e6c1382ab6fa1d1f07cdaa64fe23e8d7c2856c56f9b9675affd205a2bc8060,75A2,VILLE,,,UNAVAILABLE,True,missing_value,not_a_text_check,"[""COORDINAT=1.290709°124.875240°\nID=Slack Cable 24C.01\nIDENTITY=Cable From EMR-29619-48C-01\nIDENTITY2=BTS-UPLINK_FWA_OLT_TOMOHON_TO_EMR- 29619_FO_24C\nMARKING=XXX\nPLACE=MR.UP.TMH.EMR-46478.P005\nSLACK=20"", ""1.290709°124.875240°"", ""Slack Cable 24C.01"", ""Cable From EMR-29619-48C-01"", ""BTS-UPLINK_FWA_OLT_TOMOHON_TO_EMR- 29619_FO_24C"", ""XXX"", ""MR.UP.TMH.EMR-46478.P005"", ""20""]",,[],,[],False,False
PTECH,5,a5e6c1382ab6fa1d1f07cdaa64fe23e8d7c2856c56f9b9675affd205a2bc8060,75A2,X,13896483.98902274,13896483.98902274,DWG_DERIVED:GEODATA+direct-CRS-transform,False,exact,not_a_text_check,"[""COORDINAT=1.290709°124.875240°\nID=Slack Cable 24C.01\nIDENTITY=Cable From EMR-29619-48C-01\nIDENTITY2=BTS-UPLINK_FWA_OLT_TOMOHON_TO_EMR- 29619_FO_24C\nMARKING=XXX\nPLACE=MR.UP.TMH.EMR-46478.P005\nSLACK=20"", ""1.290709°124.875240°"", ""Slack Cable 24C.01"", ""Cable From EMR-29619-48C-01"", ""BTS-UPLINK_FWA_OLT_TOMOHON_TO_EMR- 29619_FO_24C"", ""XXX"", ""MR.UP.TMH.EMR-46478.P005"", ""20""]",,[],,[],False,False
PTECH,5,a5e6c1382ab6fa1d1f07cdaa64fe23e8d7c2856c56f9b9675affd205a2bc8060,75A2,Y,145566.6158118551,145566.6158118551,DWG_DERIVED:GEODATA+direct-CRS-transform,False,exact,not_a_text_check,"[""COORDINAT=1.290709°124.875240°\nID=Slack Cable 24C.01\nIDENTITY=Cable From EMR-29619-48C-01\nIDENTITY2=BTS-UPLINK_FWA_OLT_TOMOHON_TO_EMR- 29619_FO_24C\nMARKING=XXX\nPLACE=MR.UP.TMH.EMR-46478.P005\nSLACK=20"", ""1.290709°124.875240°"", ""Slack Cable 24C.01"", ""Cable From EMR-29619-48C-01"", ""BTS-UPLINK_FWA_OLT_TOMOHON_TO_EMR- 29619_FO_24C"", ""XXX"", ""MR.UP.TMH.EMR-46478.P005"", ""20""]",,[],,[],False,False
PTECH,5,a5e6c1382ab6fa1d1f07cdaa64fe23e8d7c2856c56f9b9675affd205a2bc8060,75A2,display_label,,,UNAVAILABLE,True,missing_value,not_a_text_check,"[""COORDINAT=1.290709°124.875240°\nID=Slack Cable 24C.01\nIDENTITY=Cable From EMR-29619-48C-01\nIDENTITY2=BTS-UPLINK_FWA_OLT_TOMOHON_TO_EMR- 29619_FO_24C\nMARKING=XXX\nPLACE=MR.UP.TMH.EMR-46478.P005\nSLACK=20"", ""1.290709°124.875240°"", ""Slack Cable 24C.01"", ""Cable From EMR-29619-48C-01"", ""BTS-UPLINK_FWA_OLT_TOMOHON_TO_EMR- 29619_FO_24C"", ""XXX"", ""MR.UP.TMH.EMR-46478.P005"", ""20""]",,[],,[],False,False
PTECH,6,defa749e8cc276f74f28adce07c8fb650880f2d3632fc9f3b2699ca3d6d6dc22,75D1,CODE,MR.UP.TMH.S01.P004,MR.UP.TMH.S01.P004,DWG_DERIVED:pole-label-semantic|RULE:AI-ANNOTATION-ASSIGN-001,False,exact,verified_selected_annotation,"[""COORDINAT=1.290709°124.875240°\nID=Slack Cable 24C.01\nIDENTITY=Cable From EMR-29619-48C-01\nIDENTITY2=BTS-UPLINK_FWA_OLT_TOMOHON_TO_EMR- 29619_FO_24C\nMARKING=XXX\nPLACE=MR.UP.TMH.EMR-46478.P005\nSLACK=20"", ""1.290709°124.875240°"", ""Slack Cable 24C.01"", ""Cable From EMR-29619-48C-01"", ""BTS-UPLINK_FWA_OLT_TOMOHON_TO_EMR- 29619_FO_24C"", ""XXX"", ""MR.UP.TMH.EMR-46478.P005"", ""20""]",5f15326b2f864ccf8ee4b13fda29192cf8c7ba93a6d11a4475b4a65b63dc62e3,"[""MR.UP.TMH.S01.P004""]",,[],False,False
PTECH,6,defa749e8cc276f74f28adce07c8fb650880f2d3632fc9f3b2699ca3d6d6dc22,75D1,REF_PLAQUE,,,UNAVAILABLE,True,missing_value,not_a_text_check,"[""COORDINAT=1.290709°124.875240°\nID=Slack Cable 24C.01\nIDENTITY=Cable From EMR-29619-48C-01\nIDENTITY2=BTS-UPLINK_FWA_OLT_TOMOHON_TO_EMR- 29619_FO_24C\nMARKING=XXX\nPLACE=MR.UP.TMH.EMR-46478.P005\nSLACK=20"", ""1.290709°124.875240°"", ""Slack Cable 24C.01"", ""Cable From EMR-29619-48C-01"", ""BTS-UPLINK_FWA_OLT_TOMOHON_TO_EMR- 29619_FO_24C"", ""XXX"", ""MR.UP.TMH.EMR-46478.P005"", ""20""]",5f15326b2f864ccf8ee4b13fda29192cf8c7ba93a6d11a4475b4a65b63dc62e3,"[""MR.UP.TMH.S01.P004""]",,[],False,False
PTECH,6,defa749e8cc276f74f28adce07c8fb650880f2d3632fc9f3b2699ca3d6d6dc22,75D1,TYPE,,,UNAVAILABLE,True,missing_value,not_a_text_check,"[""COORDINAT=1.290709°124.875240°\nID=Slack Cable 24C.01\nIDENTITY=Cable From EMR-29619-48C-01\nIDENTITY2=BTS-UPLINK_FWA_OLT_TOMOHON_TO_EMR- 29619_FO_24C\nMARKING=XXX\nPLACE=MR.UP.TMH.EMR-46478.P005\nSLACK=20"", ""1.290709°124.875240°"", ""Slack Cable 24C.01"", ""Cable From EMR-29619-48C-01"", ""BTS-UPLINK_FWA_OLT_TOMOHON_TO_EMR- 29619_FO_24C"", ""XXX"", ""MR.UP.TMH.EMR-46478.P005"", ""20""]",5f15326b2f864ccf8ee4b13fda29192cf8c7ba93a6d11a4475b4a65b63dc62e3,"[""MR.UP.TMH.S01.P004""]",,[],False,False
PTECH,6,defa749e8cc276f74f28adce07c8fb650880f2d3632fc9f3b2699ca3d6d6dc22,75D1,NATURE,,,UNAVAILABLE,True,missing_value,not_a_text_check,"[""COORDINAT=1.290709°124.875240°\nID=Slack Cable 24C.01\nIDENTITY=Cable From EMR-29619-48C-01\nIDENTITY2=BTS-UPLINK_FWA_OLT_TOMOHON_TO_EMR- 29619_FO_24C\nMARKING=XXX\nPLACE=MR.UP.TMH.EMR-46478.P005\nSLACK=20"", ""1.290709°124.875240°"", ""Slack Cable 24C.01"", ""Cable From EMR-29619-48C-01"", ""BTS-UPLINK_FWA_OLT_TOMOHON_TO_EMR- 29619_FO_24C"", ""XXX"", ""MR.UP.TMH.EMR-46478.P005"", ""20""]",5f15326b2f864ccf8ee4b13fda29192cf8c7ba93a6d11a4475b4a65b63dc62e3,"[""MR.UP.TMH.S01.P004""]",,[],False,False
PTECH,6,defa749e8cc276f74f28adce07c8fb650880f2d3632fc9f3b2699ca3d6d6dc22,75D1,EFFORT_APPUI,,,UNAVAILABLE,True,missing_value,not_a_text_check,"[""COORDINAT=1.290709°124.875240°\nID=Slack Cable 24C.01\nIDENTITY=Cable From EMR-29619-48C-01\nIDENTITY2=BTS-UPLINK_FWA_OLT_TOMOHON_TO_EMR- 29619_FO_24C\nMARKING=XXX\nPLACE=MR.UP.TMH.EMR-46478.P005\nSLACK=20"", ""1.290709°124.875240°"", ""Slack Cable 24C.01"", ""Cable From EMR-29619-48C-01"", ""BTS-UPLINK_FWA_OLT_TOMOHON_TO_EMR- 29619_FO_24C"", ""XXX"", ""MR.UP.TMH.EMR-46478.P005"", ""20""]",5f15326b2f864ccf8ee4b13fda29192cf8c7ba93a6d11a4475b4a65b63dc62e3,"[""MR.UP.TMH.S01.P004""]",,[],False,False
PTECH,6,defa749e8cc276f74f28adce07c8fb650880f2d3632fc9f3b2699ca3d6d6dc22,75D1,STATUT,,,UNAVAILABLE,True,missing_value,not_a_text_check,"[""COORDINAT=1.290709°124.875240°\nID=Slack Cable 24C.01\nIDENTITY=Cable From EMR-29619-48C-01\nIDENTITY2=BTS-UPLINK_FWA_OLT_TOMOHON_TO_EMR- 29619_FO_24C\nMARKING=XXX\nPLACE=MR.UP.TMH.EMR-46478.P005\nSLACK=20"", ""1.290709°124.875240°"", ""Slack Cable 24C.01"", ""Cable From EMR-29619-48C-01"", ""BTS-UPLINK_FWA_OLT_TOMOHON_TO_EMR- 29619_FO_24C"", ""XXX"", ""MR.UP.TMH.EMR-46478.P005"", ""20""]",5f15326b2f864ccf8ee4b13fda29192cf8c7ba93a6d11a4475b4a65b63dc62e3,"[""MR.UP.TMH.S01.P004""]",,[],False,False
PTECH,6,defa749e8cc276f74f28adce07c8fb650880f2d3632fc9f3b2699ca3d6d6dc22,75D1,PROPRIETAIRE,,,UNAVAILABLE,True,missing_value,not_a_text_check,"[""COORDINAT=1.290709°124.875240°\nID=Slack Cable 24C.01\nIDENTITY=Cable From EMR-29619-48C-01\nIDENTITY2=BTS-UPLINK_FWA_OLT_TOMOHON_TO_EMR- 29619_FO_24C\nMARKING=XXX\nPLACE=MR.UP.TMH.EMR-46478.P005\nSLACK=20"", ""1.290709°124.875240°"", ""Slack Cable 24C.01"", ""Cable From EMR-29619-48C-01"", ""BTS-UPLINK_FWA_OLT_TOMOHON_TO_EMR- 29619_FO_24C"", ""XXX"", ""MR.UP.TMH.EMR-46478.P005"", ""20""]",5f15326b2f864ccf8ee4b13fda29192cf8c7ba93a6d11a4475b4a65b63dc62e3,"[""MR.UP.TMH.S01.P004""]",,[],False,False
PTECH,6,defa749e8cc276f74f28adce07c8fb650880f2d3632fc9f3b2699ca3d6d6dc22,75D1,GESTIONNAIRE,,,UNAVAILABLE,True,missing_value,not_a_text_check,"[""COORDINAT=1.290709°124.875240°\nID=Slack Cable 24C.01\nIDENTITY=Cable From EMR-29619-48C-01\nIDENTITY2=BTS-UPLINK_FWA_OLT_TOMOHON_TO_EMR- 29619_FO_24C\nMARKING=XXX\nPLACE=MR.UP.TMH.EMR-46478.P005\nSLACK=20"", ""1.290709°124.875240°"", ""Slack Cable 24C.01"", ""Cable From EMR-29619-48C-01"", ""BTS-UPLINK_FWA_OLT_TOMOHON_TO_EMR- 29619_FO_24C"", ""XXX"", ""MR.UP.TMH.EMR-46478.P005"", ""20""]",5f15326b2f864ccf8ee4b13fda29192cf8c7ba93a6d11a4475b4a65b63dc62e3,"[""MR.UP.TMH.S01.P004""]",,[],False,False
PTECH,6,defa749e8cc276f74f28adce07c8fb650880f2d3632fc9f3b2699ca3d6d6dc22,75D1,VILLE,,,UNAVAILABLE,True,missing_value,not_a_text_check,"[""COORDINAT=1.290709°124.875240°\nID=Slack Cable 24C.01\nIDENTITY=Cable From EMR-29619-48C-01\nIDENTITY2=BTS-UPLINK_FWA_OLT_TOMOHON_TO_EMR- 29619_FO_24C\nMARKING=XXX\nPLACE=MR.UP.TMH.EMR-46478.P005\nSLACK=20"", ""1.290709°124.875240°"", ""Slack Cable 24C.01"", ""Cable From EMR-29619-48C-01"", ""BTS-UPLINK_FWA_OLT_TOMOHON_TO_EMR- 29619_FO_24C"", ""XXX"", ""MR.UP.TMH.EMR-46478.P005"", ""20""]",5f15326b2f864ccf8ee4b13fda29192cf8c7ba93a6d11a4475b4a65b63dc62e3,"[""MR.UP.TMH.S01.P004""]",,[],False,False
PTECH,6,defa749e8cc276f74f28adce07c8fb650880f2d3632fc9f3b2699ca3d6d6dc22,75D1,X,13896418.77381794,13896418.77381794,DWG_DERIVED:GEODATA+direct-CRS-transform,False,exact,not_a_text_check,"[""COORDINAT=1.290709°124.875240°\nID=Slack Cable 24C.01\nIDENTITY=Cable From EMR-29619-48C-01\nIDENTITY2=BTS-UPLINK_FWA_OLT_TOMOHON_TO_EMR- 29619_FO_24C\nMARKING=XXX\nPLACE=MR.UP.TMH.EMR-46478.P005\nSLACK=20"", ""1.290709°124.875240°"", ""Slack Cable 24C.01"", ""Cable From EMR-29619-48C-01"", ""BTS-UPLINK_FWA_OLT_TOMOHON_TO_EMR- 29619_FO_24C"", ""XXX"", ""MR.UP.TMH.EMR-46478.P005"", ""20""]",5f15326b2f864ccf8ee4b13fda29192cf8c7ba93a6d11a4475b4a65b63dc62e3,"[""MR.UP.TMH.S01.P004""]",,[],False,False
PTECH,6,defa749e8cc276f74f28adce07c8fb650880f2d3632fc9f3b2699ca3d6d6dc22,75D1,Y,145611.2629356061,145611.2629356061,DWG_DERIVED:GEODATA+direct-CRS-transform,False,exact,not_a_text_check,"[""COORDINAT=1.290709°124.875240°\nID=Slack Cable 24C.01\nIDENTITY=Cable From EMR-29619-48C-01\nIDENTITY2=BTS-UPLINK_FWA_OLT_TOMOHON_TO_EMR- 29619_FO_24C\nMARKING=XXX\nPLACE=MR.UP.TMH.EMR-46478.P005\nSLACK=20"", ""1.290709°124.875240°"", ""Slack Cable 24C.01"", ""Cable From EMR-29619-48C-01"", ""BTS-UPLINK_FWA_OLT_TOMOHON_TO_EMR- 29619_FO_24C"", ""XXX"", ""MR.UP.TMH.EMR-46478.P005"", ""20""]",5f15326b2f864ccf8ee4b13fda29192cf8c7ba93a6d11a4475b4a65b63dc62e3,"[""MR.UP.TMH.S01.P004""]",,[],False,False
PTECH,6,defa749e8cc276f74f28adce07c8fb650880f2d3632fc9f3b2699ca3d6d6dc22,75D1,display_label,MR.UP.TMH.S01.P004,MR.UP.TMH.S01.P004,DWG_DERIVED:pole-label-semantic|RULE:AI-ANNOTATION-ASSIGN-001,False,exact,verified_selected_annotation,"[""COORDINAT=1.290709°124.875240°\nID=Slack Cable 24C.01\nIDENTITY=Cable From EMR-29619-48C-01\nIDENTITY2=BTS-UPLINK_FWA_OLT_TOMOHON_TO_EMR- 29619_FO_24C\nMARKING=XXX\nPLACE=MR.UP.TMH.EMR-46478.P005\nSLACK=20"", ""1.290709°124.875240°"", ""Slack Cable 24C.01"", ""Cable From EMR-29619-48C-01"", ""BTS-UPLINK_FWA_OLT_TOMOHON_TO_EMR- 29619_FO_24C"", ""XXX"", ""MR.UP.TMH.EMR-46478.P005"", ""20""]",5f15326b2f864ccf8ee4b13fda29192cf8c7ba93a6d11a4475b4a65b63dc62e3,"[""MR.UP.TMH.S01.P004""]",,[],False,False
EMR,1,6512022b9d571fdc2a51ada345a107b173a091ec417e88ae7475bd19d92d7531,75E3,CODE,EMR-28560,EMR-28560,DWG_DIRECT:emr-label,False,exact,exact,"[""EMR-28560""]",,[],,[],False,False
EMR,1,6512022b9d571fdc2a51ada345a107b173a091ec417e88ae7475bd19d92d7531,75E3,TYPE,EMR,EMR,DWG_DERIVED:emr-symbol-class,False,exact,not_a_text_check,"[""EMR-28560""]",,[],,[],False,False
EMR,1,6512022b9d571fdc2a51ada345a107b173a091ec417e88ae7475bd19d92d7531,75E3,STATUT,DEPLOYE,DEPLOYE,DWG_DERIVED:reviewed-domain-default,False,exact,not_a_text_check,"[""EMR-28560""]",,[],,[],False,False
EMR,1,6512022b9d571fdc2a51ada345a107b173a091ec417e88ae7475bd19d92d7531,75E3,X,13896390.22071091,13896390.22071091,DWG_DERIVED:GEODATA+direct-CRS-transform,False,exact,not_a_text_check,"[""EMR-28560""]",,[],,[],False,False
EMR,1,6512022b9d571fdc2a51ada345a107b173a091ec417e88ae7475bd19d92d7531,75E3,Y,145624.5252547829,145624.5252547829,DWG_DERIVED:GEODATA+direct-CRS-transform,False,exact,not_a_text_check,"[""EMR-28560""]",,[],,[],False,False
EMR,1,6512022b9d571fdc2a51ada345a107b173a091ec417e88ae7475bd19d92d7531,75E3,display_label,EMR-28560,EMR-28560,DWG_DIRECT:emr-label,False,exact,exact,"[""EMR-28560""]",,[],,[],False,False
INFRASTRUCTURE,1,72e145510cb55126b66d5e342cf1efee976cd0add2cafbdd25d03daff7b1dba7,75E1,CODE,INFRA-CAD-75E1,INFRA-CAD-75E1,DWG_DERIVED:cable-collection-member,False,exact,no_exact_match_requires_relation_or_derivation,"[""""]",,[],,[],False,False
INFRASTRUCTURE,1,72e145510cb55126b66d5e342cf1efee976cd0add2cafbdd25d03daff7b1dba7,75E1,REF_PLAQUE,,,UNAVAILABLE,True,missing_value,not_a_text_check,"[""""]",,[],,[],False,False
INFRASTRUCTURE,1,72e145510cb55126b66d5e342cf1efee976cd0add2cafbdd25d03daff7b1dba7,75E1,TYPE,,,UNAVAILABLE,True,missing_value,not_a_text_check,"[""""]",,[],,[],False,False
INFRASTRUCTURE,1,72e145510cb55126b66d5e342cf1efee976cd0add2cafbdd25d03daff7b1dba7,75E1,TYPE_LOG,,,UNAVAILABLE,True,missing_value,not_a_text_check,"[""""]",,[],,[],False,False
INFRASTRUCTURE,1,72e145510cb55126b66d5e342cf1efee976cd0add2cafbdd25d03daff7b1dba7,75E1,STATUT,,,UNAVAILABLE,True,missing_value,not_a_text_check,"[""""]",,[],,[],False,False
INFRASTRUCTURE,1,72e145510cb55126b66d5e342cf1efee976cd0add2cafbdd25d03daff7b1dba7,75E1,PROPRIETAIRE,,,UNAVAILABLE,True,missing_value,not_a_text_check,"[""""]",,[],,[],False,False
INFRASTRUCTURE,1,72e145510cb55126b66d5e342cf1efee976cd0add2cafbdd25d03daff7b1dba7,75E1,GESTIONNAIRE,,,UNAVAILABLE,True,missing_value,not_a_text_check,"[""""]",,[],,[],False,False
INFRASTRUCTURE,1,72e145510cb55126b66d5e342cf1efee976cd0add2cafbdd25d03daff7b1dba7,75E1,LONGUEUR,153.85023404528496,153.85023404528496,DWG_DERIVED:GEODATA+EPSG3857-geometry-length,False,exact,not_a_text_check,"[""""]",,[],,[],False,False
INFRASTRUCTURE,1,72e145510cb55126b66d5e342cf1efee976cd0add2cafbdd25d03daff7b1dba7,75E1,display_label,,,UNAVAILABLE,True,missing_value,not_a_text_check,"[""""]",,[],,[],False,False
INFRASTRUCTURE,1,72e145510cb55126b66d5e342cf1efee976cd0add2cafbdd25d03daff7b1dba7,75E1,delivery_grid_length_m,153.85023404528496,153.85023404528496,DWG_DERIVED:GEODATA+EPSG3857-geometry-length,False,exact,not_a_text_check,"[""""]",,[],,[],False,False
INFRASTRUCTURE,1,72e145510cb55126b66d5e342cf1efee976cd0add2cafbdd25d03daff7b1dba7,75E1,geodesic_length_m,153.32762005988184,153.32762005988184,DWG_DERIVED:GEODATA+WGS84-geodesic,False,exact,not_a_text_check,"[""""]",,[],,[],False,False
CABLE,1,72e145510cb55126b66d5e342cf1efee976cd0add2cafbdd25d03daff7b1dba7,75E1,CODE,CABLE-CAD-75E1,CABLE-CAD-75E1,DWG_DERIVED:stable-handle-id,False,exact,no_exact_match_requires_relation_or_derivation,"[""""]",,[],,[],False,False
CABLE,1,72e145510cb55126b66d5e342cf1efee976cd0add2cafbdd25d03daff7b1dba7,75E1,delivery_grid_length_m,26.62359820480894,153.85023404528496,DWG_DERIVED:GEODATA+EPSG3857-geometry-length,False,segment_derived_value,not_a_text_check,"[""""]",,[],,[],False,False
CABLE,1,72e145510cb55126b66d5e342cf1efee976cd0add2cafbdd25d03daff7b1dba7,75E1,geodesic_length_m,26.502263761675817,153.32762005988184,DWG_DERIVED:GEODATA+WGS84-geodesic,False,segment_derived_value,not_a_text_check,"[""""]",,[],,[],False,False
CABLE,1,72e145510cb55126b66d5e342cf1efee976cd0add2cafbdd25d03daff7b1dba7,75E1,LONGUEUR,26.62359820480894,153.85023404528496,DWG_DERIVED:GEODATA+EPSG3857-geometry-length,False,segment_derived_value,not_a_text_check,"[""""]",,[],,[],False,False
CABLE,1,72e145510cb55126b66d5e342cf1efee976cd0add2cafbdd25d03daff7b1dba7,75E1,display_label,,,UNAVAILABLE,True,missing_value,not_a_text_check,"[""""]",,[],,[],False,False
CABLE,1,72e145510cb55126b66d5e342cf1efee976cd0add2cafbdd25d03daff7b1dba7,75E1,source_cad_length_m,26.62359820480894,146.4864097928136,DWG_DIRECT:AutoCAD-curve-distance,False,segment_derived_value,not_a_text_check,"[""""]",,[],,[],False,False
CABLE,1,72e145510cb55126b66d5e342cf1efee976cd0add2cafbdd25d03daff7b1dba7,75E1,dimension_length_m,,,DWG_DIRECT:SPAN-CABLE-measurements,True,missing_value,not_a_text_check,"[""""]",,[],,[],False,False
CABLE,1,72e145510cb55126b66d5e342cf1efee976cd0add2cafbdd25d03daff7b1dba7,75E1,source_segment_sum_m,,153.85023404528496,DWG_DERIVED:source-segment-native-curve-length-sum,True,missing_value,not_a_text_check,"[""""]",,[],,[],False,False
CABLE,1,72e145510cb55126b66d5e342cf1efee976cd0add2cafbdd25d03daff7b1dba7,75E1,source_native_length_delta_m,,-7.363824252471375,DWG_DERIVED:AutoCAD-minus-segment-sum,True,missing_value,not_a_text_check,"[""""]",,[],,[],False,False
CABLE,2,72e145510cb55126b66d5e342cf1efee976cd0add2cafbdd25d03daff7b1dba7,75E1,CODE,CABLE-CAD-75E1,CABLE-CAD-75E1,DWG_DERIVED:stable-handle-id,False,exact,no_exact_match_requires_relation_or_derivation,"[""""]",,[],,[],False,False
CABLE,2,72e145510cb55126b66d5e342cf1efee976cd0add2cafbdd25d03daff7b1dba7,75E1,delivery_grid_length_m,54.49905578687536,153.85023404528496,DWG_DERIVED:GEODATA+EPSG3857-geometry-length,False,segment_derived_value,not_a_text_check,"[""""]",,[],,[],False,False
CABLE,2,72e145510cb55126b66d5e342cf1efee976cd0add2cafbdd25d03daff7b1dba7,75E1,geodesic_length_m,54.383422933802194,153.32762005988184,DWG_DERIVED:GEODATA+WGS84-geodesic,False,segment_derived_value,not_a_text_check,"[""""]",,[],,[],False,False
CABLE,2,72e145510cb55126b66d5e342cf1efee976cd0add2cafbdd25d03daff7b1dba7,75E1,LONGUEUR,54.49905578687536,153.85023404528496,DWG_DERIVED:GEODATA+EPSG3857-geometry-length,False,segment_derived_value,not_a_text_check,"[""""]",,[],,[],False,False
CABLE,2,72e145510cb55126b66d5e342cf1efee976cd0add2cafbdd25d03daff7b1dba7,75E1,display_label,,,UNAVAILABLE,True,missing_value,not_a_text_check,"[""""]",,[],,[],False,False
CABLE,2,72e145510cb55126b66d5e342cf1efee976cd0add2cafbdd25d03daff7b1dba7,75E1,source_cad_length_m,54.49905578687536,146.4864097928136,DWG_DIRECT:AutoCAD-curve-distance,False,segment_derived_value,not_a_text_check,"[""""]",,[],,[],False,False
CABLE,2,72e145510cb55126b66d5e342cf1efee976cd0add2cafbdd25d03daff7b1dba7,75E1,dimension_length_m,,,DWG_DIRECT:SPAN-CABLE-measurements,True,missing_value,not_a_text_check,"[""""]",,[],,[],False,False
CABLE,2,72e145510cb55126b66d5e342cf1efee976cd0add2cafbdd25d03daff7b1dba7,75E1,source_segment_sum_m,,153.85023404528496,DWG_DERIVED:source-segment-native-curve-length-sum,True,missing_value,not_a_text_check,"[""""]",,[],,[],False,False
CABLE,2,72e145510cb55126b66d5e342cf1efee976cd0add2cafbdd25d03daff7b1dba7,75E1,source_native_length_delta_m,,-7.363824252471375,DWG_DERIVED:AutoCAD-minus-segment-sum,True,missing_value,not_a_text_check,"[""""]",,[],,[],False,False
CABLE,3,72e145510cb55126b66d5e342cf1efee976cd0add2cafbdd25d03daff7b1dba7,75E1,CODE,CABLE-CAD-75E1,CABLE-CAD-75E1,DWG_DERIVED:stable-handle-id,False,exact,no_exact_match_requires_relation_or_derivation,"[""""]",,[],,[],False,False
CABLE,3,72e145510cb55126b66d5e342cf1efee976cd0add2cafbdd25d03daff7b1dba7,75E1,delivery_grid_length_m,15.873855603046499,153.85023404528496,DWG_DERIVED:GEODATA+EPSG3857-geometry-length,False,segment_derived_value,not_a_text_check,"[""""]",,[],,[],False,False
CABLE,3,72e145510cb55126b66d5e342cf1efee976cd0add2cafbdd25d03daff7b1dba7,75E1,geodesic_length_m,15.799690447340991,153.32762005988184,DWG_DERIVED:GEODATA+WGS84-geodesic,False,segment_derived_value,not_a_text_check,"[""""]",,[],,[],False,False
CABLE,3,72e145510cb55126b66d5e342cf1efee976cd0add2cafbdd25d03daff7b1dba7,75E1,LONGUEUR,15.873855603046499,153.85023404528496,DWG_DERIVED:GEODATA+EPSG3857-geometry-length,False,segment_derived_value,not_a_text_check,"[""""]",,[],,[],False,False
CABLE,3,72e145510cb55126b66d5e342cf1efee976cd0add2cafbdd25d03daff7b1dba7,75E1,display_label,,,UNAVAILABLE,True,missing_value,not_a_text_check,"[""""]",,[],,[],False,False
CABLE,3,72e145510cb55126b66d5e342cf1efee976cd0add2cafbdd25d03daff7b1dba7,75E1,source_cad_length_m,15.873855603046499,146.4864097928136,DWG_DIRECT:AutoCAD-curve-distance,False,segment_derived_value,not_a_text_check,"[""""]",,[],,[],False,False
CABLE,3,72e145510cb55126b66d5e342cf1efee976cd0add2cafbdd25d03daff7b1dba7,75E1,dimension_length_m,,,DWG_DIRECT:SPAN-CABLE-measurements,True,missing_value,not_a_text_check,"[""""]",,[],,[],False,False
CABLE,3,72e145510cb55126b66d5e342cf1efee976cd0add2cafbdd25d03daff7b1dba7,75E1,source_segment_sum_m,,153.85023404528496,DWG_DERIVED:source-segment-native-curve-length-sum,True,missing_value,not_a_text_check,"[""""]",,[],,[],False,False
CABLE,3,72e145510cb55126b66d5e342cf1efee976cd0add2cafbdd25d03daff7b1dba7,75E1,source_native_length_delta_m,,-7.363824252471375,DWG_DERIVED:AutoCAD-minus-segment-sum,True,missing_value,not_a_text_check,"[""""]",,[],,[],False,False
CABLE,4,72e145510cb55126b66d5e342cf1efee976cd0add2cafbdd25d03daff7b1dba7,75E1,CODE,CABLE-CAD-75E1,CABLE-CAD-75E1,DWG_DERIVED:stable-handle-id,False,exact,no_exact_match_requires_relation_or_derivation,"[""""]",,[],,[],False,False
CABLE,4,72e145510cb55126b66d5e342cf1efee976cd0add2cafbdd25d03daff7b1dba7,75E1,delivery_grid_length_m,25.234421266980053,153.85023404528496,DWG_DERIVED:GEODATA+EPSG3857-geometry-length,False,segment_derived_value,not_a_text_check,"[""""]",,[],,[],False,False
CABLE,4,72e145510cb55126b66d5e342cf1efee976cd0add2cafbdd25d03daff7b1dba7,75E1,geodesic_length_m,25.06973325927665,153.32762005988184,DWG_DERIVED:GEODATA+WGS84-geodesic,False,segment_derived_value,not_a_text_check,"[""""]",,[],,[],False,False
CABLE,4,72e145510cb55126b66d5e342cf1efee976cd0add2cafbdd25d03daff7b1dba7,75E1,LONGUEUR,25.234421266980053,153.85023404528496,DWG_DERIVED:GEODATA+EPSG3857-geometry-length,False,segment_derived_value,not_a_text_check,"[""""]",,[],,[],False,False
CABLE,4,72e145510cb55126b66d5e342cf1efee976cd0add2cafbdd25d03daff7b1dba7,75E1,display_label,,,UNAVAILABLE,True,missing_value,not_a_text_check,"[""""]",,[],,[],False,False
CABLE,4,72e145510cb55126b66d5e342cf1efee976cd0add2cafbdd25d03daff7b1dba7,75E1,source_cad_length_m,25.234421266980053,146.4864097928136,DWG_DIRECT:AutoCAD-curve-distance,False,segment_derived_value,not_a_text_check,"[""""]",,[],,[],False,False
CABLE,4,72e145510cb55126b66d5e342cf1efee976cd0add2cafbdd25d03daff7b1dba7,75E1,dimension_length_m,,,DWG_DIRECT:SPAN-CABLE-measurements,True,missing_value,not_a_text_check,"[""""]",,[],,[],False,False
CABLE,4,72e145510cb55126b66d5e342cf1efee976cd0add2cafbdd25d03daff7b1dba7,75E1,source_segment_sum_m,,153.85023404528496,DWG_DERIVED:source-segment-native-curve-length-sum,True,missing_value,not_a_text_check,"[""""]",,[],,[],False,False
CABLE,4,72e145510cb55126b66d5e342cf1efee976cd0add2cafbdd25d03daff7b1dba7,75E1,source_native_length_delta_m,,-7.363824252471375,DWG_DERIVED:AutoCAD-minus-segment-sum,True,missing_value,not_a_text_check,"[""""]",,[],,[],False,False
CABLE,5,72e145510cb55126b66d5e342cf1efee976cd0add2cafbdd25d03daff7b1dba7,75E1,CODE,CABLE-CAD-75E1,CABLE-CAD-75E1,DWG_DERIVED:stable-handle-id,False,exact,no_exact_match_requires_relation_or_derivation,"[""""]",,[],,[],False,False
CABLE,5,72e145510cb55126b66d5e342cf1efee976cd0add2cafbdd25d03daff7b1dba7,75E1,delivery_grid_length_m,15.346718327632598,153.85023404528496,DWG_DERIVED:GEODATA+EPSG3857-geometry-length,False,segment_derived_value,not_a_text_check,"[""""]",,[],,[],False,False
CABLE,5,72e145510cb55126b66d5e342cf1efee976cd0add2cafbdd25d03daff7b1dba7,75E1,geodesic_length_m,15.331420332288507,153.32762005988184,DWG_DERIVED:GEODATA+WGS84-geodesic,False,segment_derived_value,not_a_text_check,"[""""]",,[],,[],False,False
CABLE,5,72e145510cb55126b66d5e342cf1efee976cd0add2cafbdd25d03daff7b1dba7,75E1,LONGUEUR,15.346718327632598,153.85023404528496,DWG_DERIVED:GEODATA+EPSG3857-geometry-length,False,segment_derived_value,not_a_text_check,"[""""]",,[],,[],False,False
CABLE,5,72e145510cb55126b66d5e342cf1efee976cd0add2cafbdd25d03daff7b1dba7,75E1,display_label,,,UNAVAILABLE,True,missing_value,not_a_text_check,"[""""]",,[],,[],False,False
CABLE,5,72e145510cb55126b66d5e342cf1efee976cd0add2cafbdd25d03daff7b1dba7,75E1,source_cad_length_m,15.346718327632598,146.4864097928136,DWG_DIRECT:AutoCAD-curve-distance,False,segment_derived_value,not_a_text_check,"[""""]",,[],,[],False,False
CABLE,5,72e145510cb55126b66d5e342cf1efee976cd0add2cafbdd25d03daff7b1dba7,75E1,dimension_length_m,,,DWG_DIRECT:SPAN-CABLE-measurements,True,missing_value,not_a_text_check,"[""""]",,[],,[],False,False
CABLE,5,72e145510cb55126b66d5e342cf1efee976cd0add2cafbdd25d03daff7b1dba7,75E1,source_segment_sum_m,,153.85023404528496,DWG_DERIVED:source-segment-native-curve-length-sum,True,missing_value,not_a_text_check,"[""""]",,[],,[],False,False
CABLE,5,72e145510cb55126b66d5e342cf1efee976cd0add2cafbdd25d03daff7b1dba7,75E1,source_native_length_delta_m,,-7.363824252471375,DWG_DERIVED:AutoCAD-minus-segment-sum,True,missing_value,not_a_text_check,"[""""]",,[],,[],False,False
CABLE,6,72e145510cb55126b66d5e342cf1efee976cd0add2cafbdd25d03daff7b1dba7,75E1,CODE,CABLE-CAD-75E1,CABLE-CAD-75E1,DWG_DERIVED:stable-handle-id,False,exact,no_exact_match_requires_relation_or_derivation,"[""""]",,[],,[],False,False
CABLE,6,72e145510cb55126b66d5e342cf1efee976cd0add2cafbdd25d03daff7b1dba7,75E1,delivery_grid_length_m,16.272584855941503,153.85023404528496,DWG_DERIVED:GEODATA+EPSG3857-geometry-length,False,segment_derived_value,not_a_text_check,"[""""]",,[],,[],False,False
CABLE,6,72e145510cb55126b66d5e342cf1efee976cd0add2cafbdd25d03daff7b1dba7,75E1,geodesic_length_m,16.241089325497693,153.32762005988184,DWG_DERIVED:GEODATA+WGS84-geodesic,False,segment_derived_value,not_a_text_check,"[""""]",,[],,[],False,False
CABLE,6,72e145510cb55126b66d5e342cf1efee976cd0add2cafbdd25d03daff7b1dba7,75E1,LONGUEUR,16.272584855941503,153.85023404528496,DWG_DERIVED:GEODATA+EPSG3857-geometry-length,False,segment_derived_value,not_a_text_check,"[""""]",,[],,[],False,False
CABLE,6,72e145510cb55126b66d5e342cf1efee976cd0add2cafbdd25d03daff7b1dba7,75E1,display_label,,,UNAVAILABLE,True,missing_value,not_a_text_check,"[""""]",,[],,[],False,False
CABLE,6,72e145510cb55126b66d5e342cf1efee976cd0add2cafbdd25d03daff7b1dba7,75E1,source_cad_length_m,16.272584855941503,146.4864097928136,DWG_DIRECT:AutoCAD-curve-distance,False,segment_derived_value,not_a_text_check,"[""""]",,[],,[],False,False
CABLE,6,72e145510cb55126b66d5e342cf1efee976cd0add2cafbdd25d03daff7b1dba7,75E1,dimension_length_m,,,DWG_DIRECT:SPAN-CABLE-measurements,True,missing_value,not_a_text_check,"[""""]",,[],,[],False,False
CABLE,6,72e145510cb55126b66d5e342cf1efee976cd0add2cafbdd25d03daff7b1dba7,75E1,source_segment_sum_m,,153.85023404528496,DWG_DERIVED:source-segment-native-curve-length-sum,True,missing_value,not_a_text_check,"[""""]",,[],,[],False,False
CABLE,6,72e145510cb55126b66d5e342cf1efee976cd0add2cafbdd25d03daff7b1dba7,75E1,source_native_length_delta_m,,-7.363824252471375,DWG_DERIVED:AutoCAD-minus-segment-sum,True,missing_value,not_a_text_check,"[""""]",,[],,[],False,False
