{"type": "FeatureCollection", "properties": {"note": "EPSG:4326; cable_prior_anchor=\u7c97\u951a\u5148\u9a8c(\u03b8=0)\u4f4d\u7f6e\uff1bcable_recovered=\u626b\u63cf\u6700\u4f18\u5047\u8bbe\uff08\u65e0\u72ec\u7acb\u771f\u503c\uff09"}, "features": [{"type": "Feature", "properties": {"layer": "osm_road", "stroke": "#999999"}, "geometry": {"type": "LineString", "coordinates": [[112.66236950477963, -7.366103981245124], [112.6629752, -7.3658637], [112.66327019999999, -7.365745599999999], [112.66539439999998, -7.364891599999998], [112.66602609999998, -7.364642800000001], [112.66611710000001, -7.3646095], [112.66677399999999, -7.3643431], [112.6670373, -7.364237400000002], [112.66756980000001, -7.364020899999999], [112.66880499999999, -7.363496200000001], [112.67021449999999, -7.3628376], [112.67038349999999, -7.362765999999999], [112.6707174, -7.362618500000001], [112.670854, -7.362553], [112.6709511, -7.3625062], [112.671789, -7.362153199999999]]}}, {"type": "Feature", "properties": {"layer": "osm_road", "stroke": "#999999"}, "geometry": {"type": "LineString", "coordinates": [[112.70189537728089, -7.3684009625628395], [112.7013917, -7.3691665], [112.7006794, -7.370349600000001], [112.70003559999999, -7.371566899999999], [112.69948629999999, -7.372741600000001], [112.6990572, -7.373814100000001], [112.6986022, -7.375099400000001], [112.6981903, -7.3764954000000005], [112.69805065162072, -7.377094393293547]]}}, {"type": "Feature", "properties": {"layer": "osm_road", "stroke": "#999999"}, "geometry": {"type": "LineString", "coordinates": [[112.69796090229013, -7.377094393293547], [112.69800099999999, -7.376901500000001], [112.69824129999999, -7.376016299999998], [112.69855029999998, -7.374969300000001], [112.69882499999999, -7.374169200000001], [112.6993142, -7.372926400000001], [112.6997262, -7.372007100000001], [112.7002412, -7.370960100000002], [112.7006446, -7.370219500000001], [112.7011081, -7.3694705], [112.70152869999998, -7.368798000000002], [112.70189537728089, -7.368262075627842]]}}, {"type": "Feature", "properties": {"layer": "osm_road", "stroke": "#999999"}, "geometry": {"type": "LineString", "coordinates": [[112.6914968, -7.344488499999998], [112.6917264, -7.3452159]]}}, {"type": "Feature", "properties": {"layer": "osm_road", "stroke": "#999999"}, "geometry": {"type": "LineString", "coordinates": [[112.6949842, -7.3430083], [112.695352, -7.343687100000001]]}}, {"type": "Feature", "properties": {"layer": "osm_road", "stroke": "#999999"}, "geometry": {"type": "LineString", "coordinates": [[112.6914968, -7.344488499999998], [112.691398, -7.344252599999998]]}}, {"type": "Feature", "properties": {"layer": "osm_road", "stroke": "#999999"}, "geometry": {"type": "LineString", "coordinates": [[112.6949842, -7.3430083], [112.69479299999999, -7.342665499999999], [112.69473609999999, -7.342569699999999]]}}, {"type": "Feature", "properties": {"layer": "osm_road", "stroke": "#999999"}, "geometry": {"type": "LineString", "coordinates": [[112.69766239999998, -7.3450928], [112.69784479999998, -7.345212600000001], [112.69791859999998, -7.345254300000001], [112.6980731, -7.345300900000001], [112.6987757, -7.345423], [112.69903979999998, -7.3454573], [112.69993449999998, -7.345585599999999], [112.70012499999999, -7.345610000000001]]}}, {"type": "Feature", "properties": {"layer": "osm_road", "stroke": "#999999"}, "geometry": {"type": "LineString", "coordinates": [[112.691398, -7.344252599999998], [112.69085459999998, -7.344492899999999], [112.6906526, -7.3445843], [112.69019729999998, -7.344777099999998], [112.6898239, -7.344921700000001], [112.68953289999999, -7.3450343], [112.6891407, -7.3451713], [112.6885291, -7.345357500000002], [112.68842379999998, -7.345388699999996], [112.68781229999999, -7.345568299999998], [112.6875018, -7.345639899999999], [112.68739299999999, -7.345671000000002], [112.6868408, -7.3458591], [112.68661579999998, -7.3459388], [112.68577289999999, -7.3462371], [112.685075, -7.346476499999998], [112.68477269999998, -7.3465636], [112.68339589999998, -7.3470277], [112.6831654, -7.3471159], [112.6826645, -7.347328700000001], [112.68215019999998, -7.347563399999999], [112.6809016, -7.348106800000003], [112.6797187, -7.348758499999998], [112.6794109, -7.3489594], [112.67893219999999, -7.3492373], [112.67881619999999, -7.349304499999999], [112.67848319999999, -7.349487100000001], [112.678214, -7.3496197], [112.67800609999999, -7.349699599999998], [112.67777139999998, -7.3497553999999985], [112.6774851, -7.349803], [112.677239, -7.3498458999999965], [112.6769306, -7.3498831000000004], [112.67648459999998, -7.349941699999998], [112.6762798, -7.349974599999998], [112.67602069999998, -7.3500201], [112.6753551, -7.350095300000001], [112.67513219999998, -7.350103899999998], [112.67409409999999, -7.3501365], [112.67376560000001, -7.350149099999999], [112.67342899999998, -7.3501571], [112.6733726, -7.350158399999998], [112.673146, -7.3501558000000005], [112.67238829999998, -7.350166399999998], [112.67199929999998, -7.350184999999999], [112.67136769999999, -7.350202300000001], [112.6706019, -7.350225599999998], [112.6705617, -7.3502288999999985], [112.67046379999998, -7.3502316], [112.6702774, -7.3502382], [112.67003529999998, -7.350252199999999], [112.6699769, -7.350252199999999], [112.66987699999999, -7.350256199999999], [112.6693386, -7.350271499999998], [112.66851109999999, -7.350255499999999], [112.6683171, -7.350249200000001], [112.6677735, -7.350264799999999], [112.6673797, -7.3502904000000004], [112.6671022, -7.3503283], [112.6666498, -7.350416200000001], [112.66605449999999, -7.350550700000001], [112.6650315, -7.350813399999998], [112.6649294, -7.350836199999999], [112.6645527, -7.350901900000001]]}}, {"type": "Feature", "properties": {"layer": "osm_road", "stroke": "#999999"}, "geometry": {"type": "LineString", "coordinates": [[112.6955602, -7.344303900000001], [112.69527149999999, -7.344335299999999], [112.6951532, -7.344360900000001], [112.69497279999999, -7.3443905], [112.69444639999999, -7.344490900000001], [112.69422159999999, -7.344537500000001], [112.6940355, -7.3445761], [112.6933867, -7.344701999999998], [112.69285759999998, -7.3448687999999995], [112.69259319999999, -7.3449521], [112.69238840000001, -7.345035399999999], [112.69223429999998, -7.3450981], [112.6921172, -7.345149800000001], [112.6917498, -7.3453119]]}}, {"type": "Feature", "properties": {"layer": "osm_road", "stroke": "#999999"}, "geometry": {"type": "LineString", "coordinates": [[112.6916096, -7.3547711], [112.6915943, -7.354535], [112.6915792, -7.354421000000001], [112.691552, -7.354078599999999], [112.69151729999999, -7.353583299999997], [112.6914935, -7.3530394999999995], [112.69149229999998, -7.352892399999999], [112.69148839999998, -7.3526564], [112.6914908, -7.352458100000001], [112.6914908, -7.352411299999998], [112.69149549999999, -7.3523119], [112.691499, -7.352197], [112.6915166, -7.3520229], [112.6915221, -7.351947699999998], [112.69154029999999, -7.351642700000001], [112.69154429999999, -7.351538099999997], [112.6915404, -7.351222899999998], [112.6915314, -7.350930700000002], [112.6915285, -7.3508381], [112.69153089999999, -7.3507688], [112.6915184, -7.3505503], [112.6915115, -7.3503422], [112.69150929999999, -7.350274899999998], [112.6915081, -7.350227600000001], [112.69150590000001, -7.350136899999999]]}}, {"type": "Feature", "properties": {"layer": "osm_road", "stroke": "#999999"}, "geometry": {"type": "LineString", "coordinates": [[112.70189537728089, -7.3447262545784024], [112.70188719999999, -7.344736999999997], [112.7017957, -7.344916900000001], [112.701759, -7.345028600000002], [112.70173199999999, -7.3450775], [112.7016896, -7.345120299999999], [112.70114819999999, -7.345403299999999]]}}, {"type": "Feature", "properties": {"layer": "osm_road", "stroke": "#999999"}, "geometry": {"type": "LineString", "coordinates": [[112.6810853, -7.358933500000001], [112.68108060000002, -7.3590247]]}}, {"type": "Feature", "properties": {"layer": "osm_road", "stroke": "#999999"}, "geometry": {"type": "LineString", "coordinates": [[112.7017055, -7.3398089], [112.70168869999999, -7.3398342], [112.70166880000001, -7.339941200000001], [112.7016686, -7.339976499999999], [112.7016579, -7.340015099999998], [112.701632, -7.340066800000001], [112.701521, -7.340147900000001], [112.701451, -7.340173100000001], [112.7013734, -7.3402299], [112.70130279999998, -7.3402947]]}}, {"type": "Feature", "properties": {"layer": "osm_road", "stroke": "#999999"}, "geometry": {"type": "LineString", "coordinates": [[112.6998341, -7.344222500000001], [112.69999569999999, -7.344292899999998], [112.70008689999999, -7.3443254], [112.7001646, -7.344343200000001], [112.7002362, -7.3443346], [112.70030539999999, -7.344336599999997], [112.700367, -7.344357099999999], [112.70042649999999, -7.344397899999999], [112.7005287, -7.3444464], [112.70062699999998, -7.3444948], [112.7006745, -7.344512000000001], [112.70080449999999, -7.344559200000001], [112.70095959999999, -7.344642899999999], [112.70110949999999, -7.344732900000002], [112.7011446, -7.3447453], [112.70117860000002, -7.344739699999999]]}}, {"type": "Feature", "properties": {"layer": "osm_road", "stroke": "#999999"}, "geometry": {"type": "LineString", "coordinates": [[112.69903979999998, -7.3454573], [112.69922969999999, -7.3451454], [112.6993332, -7.344984000000001], [112.6995405, -7.344660799999999], [112.69980349999999, -7.344259699999999], [112.69981790000001, -7.344242200000001], [112.6998341, -7.344222500000001], [112.69989549999998, -7.344132899999999], [112.70015609999999, -7.3437121], [112.7001774, -7.3436639999999995], [112.7002202, -7.343577799999999], [112.70025070000001, -7.343485099999998], [112.7003007, -7.343345099999999], [112.7003866, -7.342909500000002], [112.7004115, -7.3428141], [112.7004652, -7.342518099999999], [112.7005058, -7.342326899999999], [112.700479, -7.3422989], [112.7004593, -7.3422830999999995], [112.7004523, -7.342177900000001], [112.70046329999998, -7.3418766], [112.70050319999999, -7.341696400000002], [112.7005686, -7.341575], [112.70059609999998, -7.3415026999999995]]}}, {"type": "Feature", "properties": {"layer": "osm_road", "stroke": "#999999"}, "geometry": {"type": "LineString", "coordinates": [[112.7001774, -7.3436639999999995], [112.69937879999999, -7.343285599999998]]}}, {"type": "Feature", "properties": {"layer": "osm_road", "stroke": "#999999"}, "geometry": {"type": "LineString", "coordinates": [[112.70189537728089, -7.339205539021362], [112.7015398, -7.339369999999999], [112.70148969999998, -7.3393988000000006], [112.70128369999999, -7.339508300000001], [112.7012019, -7.339549600000001], [112.70100069999998, -7.3396626000000005], [112.7008948, -7.339723799999999], [112.7006909, -7.3398435], [112.7005862, -7.339895099999999], [112.7004938, -7.339940599999999], [112.7001605, -7.3401331], [112.70008209999999, -7.3401853], [112.6998953, -7.340350399999999], [112.6998232, -7.3404140999999985], [112.699606, -7.340640199999999], [112.69938199999999, -7.340884999999999], [112.69927469999999, -7.340982099999999], [112.69903729999999, -7.341249399999998], [112.6987852, -7.341526100000001], [112.69865039999999, -7.3416761], [112.6985488, -7.3417489], [112.69819349999999, -7.3420665], [112.69806809999999, -7.3421595], [112.69770109999999, -7.3424583000000005], [112.69709659999998, -7.3428885], [112.69679329999998, -7.343110999999999], [112.696565, -7.343236600000001], [112.69624509999998, -7.343565800000001], [112.6958451, -7.3440288], [112.69553089999998, -7.3442275]]}}, {"type": "Feature", "properties": {"layer": "osm_road", "stroke": "#999999"}, "geometry": {"type": "LineString", "coordinates": [[112.70189537728089, -7.339869169552974], [112.70187109999999, -7.339860899999998], [112.70173299999999, -7.3398076], [112.7017055, -7.3398089]]}}, {"type": "Feature", "properties": {"layer": "osm_road", "stroke": "#999999"}, "geometry": {"type": "LineString", "coordinates": [[112.698764, -7.342376699999998], [112.69877519999999, -7.342379399999998], [112.6987852, -7.342385999999999], [112.69879059999998, -7.342398700000001], [112.6987926, -7.342416100000001], [112.698778, -7.3424818], [112.6986724, -7.3428944000000005], [112.6985492, -7.3432374], [112.698429, -7.3435524]]}}, {"type": "Feature", "properties": {"layer": "osm_road", "stroke": "#999999"}, "geometry": {"type": "LineString", "coordinates": [[112.69865039999999, -7.3416761], [112.69893369999998, -7.341809900000001], [112.69966029999999, -7.3420434000000006], [112.7002385, -7.342206799999999], [112.7004593, -7.3422830999999995]]}}, {"type": "Feature", "properties": {"layer": "osm_road", "stroke": "#999999"}, "geometry": {"type": "LineString", "coordinates": [[112.7015014, -7.340412700000002], [112.70145429999998, -7.340681700000001], [112.70141109999999, -7.340959499999999], [112.70137830000002, -7.341123200000002], [112.70128349999999, -7.341391200000001], [112.7011509, -7.3417885]]}}, {"type": "Feature", "properties": {"layer": "osm_road", "stroke": "#999999"}, "geometry": {"type": "LineString", "coordinates": [[112.70189537728089, -7.342089680222081], [112.70187109999999, -7.3420887000000015], [112.7017471, -7.3420838]]}}, {"type": "Feature", "properties": {"layer": "osm_road", "stroke": "#999999"}, "geometry": {"type": "LineString", "coordinates": [[112.7017471, -7.3420838], [112.7016927, -7.3420661], [112.7016306, -7.342027499999999], [112.7011509, -7.3417885], [112.70072349999998, -7.3415525], [112.70059609999998, -7.3415026999999995]]}}, {"type": "Feature", "properties": {"layer": "osm_road", "stroke": "#999999"}, "geometry": {"type": "LineString", "coordinates": [[112.70189537728089, -7.340548124651807], [112.70163439999999, -7.340452500000001], [112.7015014, -7.340412700000002], [112.70130279999998, -7.3402947]]}}, {"type": "Feature", "properties": {"layer": "osm_road", "stroke": "#999999"}, "geometry": {"type": "LineString", "coordinates": [[112.70189537728089, -7.3427033076899795], [112.70168169999998, -7.3426459999999985], [112.70122209999998, -7.3425119], [112.70085919999998, -7.342408599999998], [112.70063999999999, -7.342360700000002], [112.7005058, -7.342326899999999]]}}, {"type": "Feature", "properties": {"layer": "osm_road", "stroke": "#999999"}, "geometry": {"type": "LineString", "coordinates": [[112.69980349999999, -7.344259699999999], [112.6994903, -7.3440914], [112.6991567, -7.343932299999999], [112.69893220000002, -7.3438297], [112.69864569999999, -7.3436781999999985], [112.698429, -7.3435524], [112.69828229999999, -7.343478699999999], [112.69824349999999, -7.343462400000001], [112.6981831, -7.3434428], [112.6980688, -7.343410000000002], [112.6978719, -7.343381600000001], [112.6977834, -7.343373600000002], [112.69765470000002, -7.3433625000000005], [112.6974548, -7.3433457], [112.6972753, -7.343316200000001], [112.6971772, -7.343285999999998], [112.69707499999998, -7.3432516], [112.6969016, -7.343186099999999], [112.69679329999998, -7.343110999999999]]}}, {"type": "Feature", "properties": {"layer": "osm_road", "stroke": "#999999"}, "geometry": {"type": "LineString", "coordinates": [[112.7017303, -7.343400199999998], [112.7016125, -7.343670799999998], [112.70153469999998, -7.3439124], [112.70146199999999, -7.3441295], [112.7013835, -7.344347499999999], [112.70132009999999, -7.344536399999999], [112.7012066, -7.344715699999999], [112.70117860000002, -7.344739699999999]]}}, {"type": "Feature", "properties": {"layer": "osm_road", "stroke": "#999999"}, "geometry": {"type": "LineString", "coordinates": [[112.70173479999998, -7.345894499999998], [112.7017613, -7.345663199999999], [112.70176389999999, -7.3455070000000005], [112.70177059999999, -7.345299599999999]]}}, {"type": "Feature", "properties": {"layer": "osm_road", "stroke": "#999999"}, "geometry": {"type": "LineString", "coordinates": [[112.70189537728089, -7.345681698041016], [112.7017613, -7.345663199999999]]}}, {"type": "Feature", "properties": {"layer": "osm_road", "stroke": "#999999"}, "geometry": {"type": "LineString", "coordinates": [[112.70189537728089, -7.369329176223981], [112.70186969999999, -7.3693687], [112.701695, -7.3696367], [112.70153509999999, -7.369881999999997], [112.70136140000001, -7.370148400000001], [112.7012397, -7.3703258], [112.7012095, -7.3703884], [112.7011155, -7.370662600000001], [112.7010517, -7.3708681999999985], [112.7010447, -7.3709196]]}}, {"type": "Feature", "properties": {"layer": "osm_road", "stroke": "#999999"}, "geometry": {"type": "LineString", "coordinates": [[112.70065269999999, -7.3727757], [112.70010979999999, -7.372676200000001]]}}, {"type": "Feature", "properties": {"layer": "osm_road", "stroke": "#999999"}, "geometry": {"type": "LineString", "coordinates": [[112.70070709999999, -7.3724834999999995], [112.70024339999999, -7.3723909]]}}, {"type": "Feature", "properties": {"layer": "osm_road", "stroke": "#999999"}, "geometry": {"type": "LineString", "coordinates": [[112.70189537728089, -7.3756250978315805], [112.7018875, -7.3756238]]}}, {"type": "Feature", "properties": {"layer": "osm_road", "stroke": "#999999"}, "geometry": {"type": "LineString", "coordinates": [[112.70189537728089, -7.370286667631937], [112.70136140000001, -7.370148400000001]]}}, {"type": "Feature", "properties": {"layer": "osm_road", "stroke": "#999999"}, "geometry": {"type": "LineString", "coordinates": [[112.70071009999998, -7.3721584], [112.70038399999999, -7.372090699999999]]}}, {"type": "Feature", "properties": {"layer": "osm_road", "stroke": "#999999"}, "geometry": {"type": "LineString", "coordinates": [[112.70189537728089, -7.370892071847499], [112.7011155, -7.370662600000001]]}}, {"type": "Feature", "properties": {"layer": "osm_road", "stroke": "#999999"}, "geometry": {"type": "LineString", "coordinates": [[112.70189537728089, -7.371015073276578], [112.70185930000001, -7.371147499999999], [112.70185170000002, -7.371159399999998], [112.7018409, -7.371169]]}}, {"type": "Feature", "properties": {"layer": "osm_road", "stroke": "#999999"}, "geometry": {"type": "LineString", "coordinates": [[112.70189537728089, -7.37649047964489], [112.7018918, -7.376489799999998]]}}, {"type": "Feature", "properties": {"layer": "osm_road", "stroke": "#999999"}, "geometry": {"type": "LineString", "coordinates": [[112.6999836, -7.3729454], [112.70057969999999, -7.373073400000002], [112.70066420000002, -7.373091499999999]]}}, {"type": "Feature", "properties": {"layer": "osm_road", "stroke": "#999999"}, "geometry": {"type": "LineString", "coordinates": [[112.7016145, -7.3722248], [112.70151839999998, -7.372297099999999], [112.7014993, -7.372313600000001], [112.7014862, -7.372330499999999], [112.7013824, -7.372501099999998]]}}, {"type": "Feature", "properties": {"layer": "osm_road", "stroke": "#999999"}, "geometry": {"type": "LineString", "coordinates": [[112.70189537728089, -7.374290045763515], [112.70068409999999, -7.3740712], [112.70061179999999, -7.3740687], [112.70055909999999, -7.374073700000002]]}}, {"type": "Feature", "properties": {"layer": "osm_road", "stroke": "#999999"}, "geometry": {"type": "LineString", "coordinates": [[112.70068990000001, -7.373275799999998], [112.7006712, -7.3733512], [112.70062019999999, -7.373642400000001], [112.7006192, -7.3736542999999966], [112.70055909999999, -7.374073700000002]]}}, {"type": "Feature", "properties": {"layer": "osm_road", "stroke": "#999999"}, "geometry": {"type": "LineString", "coordinates": [[112.70105019999998, -7.371033199999999], [112.70098979999999, -7.371379299999999], [112.7009913, -7.371469899999998], [112.70098529999999, -7.3715072], [112.70072129999998, -7.372094399999998]]}}, {"type": "Feature", "properties": {"layer": "osm_road", "stroke": "#999999"}, "geometry": {"type": "LineString", "coordinates": [[112.7010447, -7.3709196], [112.70104549999999, -7.370966799999998], [112.70105019999998, -7.371033199999999], [112.70116419999998, -7.3710224], [112.70123339999999, -7.371025800000003], [112.7018038, -7.3711663], [112.7018211, -7.371170299999999], [112.7018409, -7.371169]]}}, {"type": "Feature", "properties": {"layer": "osm_road", "stroke": "#999999"}, "geometry": {"type": "LineString", "coordinates": [[112.70189537728089, -7.3705873041077234], [112.7012358, -7.370396], [112.7012095, -7.3703884]]}}, {"type": "Feature", "properties": {"layer": "osm_road", "stroke": "#999999"}, "geometry": {"type": "LineString", "coordinates": [[112.70189537728089, -7.372360328847945], [112.7016145, -7.3722248], [112.7015217, -7.372162500000001]]}}, {"type": "Feature", "properties": {"layer": "osm_road", "stroke": "#999999"}, "geometry": {"type": "LineString", "coordinates": [[112.69995250000001, -7.373011899999998], [112.6999836, -7.3729454], [112.70010979999999, -7.372676200000001], [112.70024339999999, -7.3723909], [112.70038399999999, -7.372090699999999], [112.70070049999998, -7.371415], [112.70070939999998, -7.371400099999999], [112.7007251, -7.3713882]]}}, {"type": "Feature", "properties": {"layer": "osm_road", "stroke": "#999999"}, "geometry": {"type": "LineString", "coordinates": [[112.70055909999999, -7.374073700000002], [112.70049389999998, -7.374100900000001], [112.7004381, -7.374116300000001], [112.7003792, -7.374124599999999], [112.700104, -7.374150600000002], [112.6999186, -7.374154399999999], [112.69971009999999, -7.374162100000001], [112.6993176, -7.374152500000002]]}}, {"type": "Feature", "properties": {"layer": "osm_road", "stroke": "#999999"}, "geometry": {"type": "LineString", "coordinates": [[112.70057969999999, -7.373073400000002], [112.70065269999999, -7.3727757], [112.70070709999999, -7.3724834999999995], [112.70072209999998, -7.372311099999999], [112.7007177, -7.3722375], [112.70071009999998, -7.3721584], [112.70072129999998, -7.372094399999998]]}}, {"type": "Feature", "properties": {"layer": "osm_road", "stroke": "#999999"}, "geometry": {"type": "LineString", "coordinates": [[112.70098979999999, -7.371379299999999], [112.70074749999999, -7.371383600000001], [112.7007251, -7.3713882]]}}, {"type": "Feature", "properties": {"layer": "osm_road", "stroke": "#999999"}, "geometry": {"type": "LineString", "coordinates": [[112.6907468, -7.3764795], [112.690549, -7.3768409], [112.6904244, -7.377077700000002], [112.69041562008886, -7.377094393293547]]}}, {"type": "Feature", "properties": {"layer": "osm_road", "stroke": "#999999"}, "geometry": {"type": "LineString", "coordinates": [[112.68583879999998, -7.375901200000001], [112.68579509999999, -7.3760159], [112.6857569, -7.3761344], [112.68564869999999, -7.376397999999999], [112.6855366, -7.3766765], [112.6854443, -7.376938700000001], [112.68537806286092, -7.377094393293547]]}}, {"type": "Feature", "properties": {"layer": "osm_road", "stroke": "#999999"}, "geometry": {"type": "LineString", "coordinates": [[112.68982079999999, -7.376191900000001], [112.68972659999999, -7.376481], [112.6896226, -7.3767473], [112.6895301, -7.3769838000000005], [112.68949106924111, -7.377094393293547]]}}, {"type": "Feature", "properties": {"layer": "osm_road", "stroke": "#999999"}, "geometry": {"type": "LineString", "coordinates": [[112.69415260774079, -7.377094393293547], [112.69385129999999, -7.377007999999998], [112.69358369999999, -7.376930199999999], [112.6934963, -7.3769047], [112.69330740000001, -7.376841]]}}, {"type": "Feature", "properties": {"layer": "osm_road", "stroke": "#999999"}, "geometry": {"type": "LineString", "coordinates": [[112.68979107125107, -7.377094393293547], [112.6895301, -7.3769838000000005]]}}, {"type": "Feature", "properties": {"layer": "osm_road", "stroke": "#999999"}, "geometry": {"type": "LineString", "coordinates": [[112.68847049999998, -7.375875799999998], [112.68823209999998, -7.3765597000000005], [112.68815219999999, -7.3767877]]}}, {"type": "Feature", "properties": {"layer": "osm_road", "stroke": "#999999"}, "geometry": {"type": "LineString", "coordinates": [[112.68955259999998, -7.376136000000002], [112.68919543142589, -7.377094393293547]]}}, {"type": "Feature", "properties": {"layer": "osm_road", "stroke": "#999999"}, "geometry": {"type": "LineString", "coordinates": [[112.69653899999999, -7.375638999999999], [112.6962646, -7.3763296]]}}, {"type": "Feature", "properties": {"layer": "osm_road", "stroke": "#999999"}, "geometry": {"type": "LineString", "coordinates": [[112.6866442, -7.375630199999999], [112.68621169999999, -7.375456600000002]]}}, {"type": "Feature", "properties": {"layer": "osm_road", "stroke": "#999999"}, "geometry": {"type": "LineString", "coordinates": [[112.6968289, -7.375743700000001], [112.696543, -7.376456099999998]]}}, {"type": "Feature", "properties": {"layer": "osm_road", "stroke": "#999999"}, "geometry": {"type": "LineString", "coordinates": [[112.6972243, -7.375562999999999], [112.6963454, -7.375185799999998]]}}, {"type": "Feature", "properties": {"layer": "osm_road", "stroke": "#999999"}, "geometry": {"type": "LineString", "coordinates": [[112.68777479999999, -7.3769332], [112.68682059999999, -7.3765694], [112.6857569, -7.3761344]]}}, {"type": "Feature", "properties": {"layer": "osm_road", "stroke": "#999999"}, "geometry": {"type": "LineString", "coordinates": [[112.6975592, -7.3746998999999995], [112.6966752, -7.374318400000001]]}}, {"type": "Feature", "properties": {"layer": "osm_road", "stroke": "#999999"}, "geometry": {"type": "LineString", "coordinates": [[112.6974594, -7.3749571000000005], [112.69657370000002, -7.374600999999999]]}}, {"type": "Feature", "properties": {"layer": "osm_road", "stroke": "#999999"}, "geometry": {"type": "LineString", "coordinates": [[112.6930972, -7.3767848], [112.69303660509337, -7.377094393293547]]}}, {"type": "Feature", "properties": {"layer": "osm_road", "stroke": "#999999"}, "geometry": {"type": "LineString", "coordinates": [[112.6877259, -7.3763138], [112.6859793, -7.375671700000001]]}}, {"type": "Feature", "properties": {"layer": "osm_road", "stroke": "#999999"}, "geometry": {"type": "LineString", "coordinates": [[112.6858125, -7.375856999999999], [112.6858395, -7.3758144], [112.68587089999998, -7.375779100000002], [112.6859793, -7.375671700000001], [112.68605339999999, -7.3755703], [112.68609999999998, -7.375521100000001], [112.68614869999999, -7.375481500000001], [112.68621169999999, -7.375456600000002], [112.6865699, -7.3753596], [112.68669059999999, -7.375345799999999], [112.6868313, -7.375353799999999], [112.68715719999999, -7.3753781], [112.6874462, -7.3753994], [112.68768559999998, -7.3754134], [112.6880057, -7.3754495]]}}, {"type": "Feature", "properties": {"layer": "osm_road", "stroke": "#999999"}, "geometry": {"type": "LineString", "coordinates": [[112.6953052, -7.3753224], [112.6952428, -7.375619899999999], [112.69516899999999, -7.375919499999998]]}}, {"type": "Feature", "properties": {"layer": "osm_road", "stroke": "#999999"}, "geometry": {"type": "LineString", "coordinates": [[112.69544690000001, -7.3747328], [112.69538069999999, -7.3749996], [112.6953052, -7.3753224]]}}, {"type": "Feature", "properties": {"layer": "osm_road", "stroke": "#999999"}, "geometry": {"type": "LineString", "coordinates": [[112.69607519999998, -7.375831099999999], [112.6952428, -7.375619899999999], [112.69433309999998, -7.375425399999998]]}}, {"type": "Feature", "properties": {"layer": "osm_road", "stroke": "#999999"}, "geometry": {"type": "LineString", "coordinates": [[112.69085290000001, -7.3751543], [112.6908578, -7.375162200000001], [112.69086699999998, -7.375168], [112.692194, -7.375312600000002], [112.6933366, -7.375424], [112.693348, -7.375420699999999], [112.69335269999999, -7.3754134], [112.69335609999999, -7.375400699999999]]}}, {"type": "Feature", "properties": {"layer": "osm_road", "stroke": "#999999"}, "geometry": {"type": "LineString", "coordinates": [[112.69734079999999, -7.375262599999998], [112.6964517, -7.374910700000002], [112.69637859999999, -7.374897499999999]]}}, {"type": "Feature", "properties": {"layer": "osm_road", "stroke": "#999999"}, "geometry": {"type": "LineString", "coordinates": [[112.6886443, -7.376980600000002], [112.68815219999999, -7.3767877], [112.687886, -7.376679299999998]]}}, {"type": "Feature", "properties": {"layer": "osm_road", "stroke": "#999999"}, "geometry": {"type": "LineString", "coordinates": [[112.68748037548752, -7.377094393293547], [112.6872466, -7.377011000000001], [112.6867262, -7.376816], [112.68564869999999, -7.376397999999999]]}}, {"type": "Feature", "properties": {"layer": "osm_road", "stroke": "#999999"}, "geometry": {"type": "LineString", "coordinates": [[112.69225029999998, -7.374689300000002], [112.6922237, -7.375035400000001], [112.692194, -7.375312600000002]]}}, {"type": "Feature", "properties": {"layer": "osm_road", "stroke": "#999999"}, "geometry": {"type": "LineString", "coordinates": [[112.6976574, -7.3744387], [112.69738109999999, -7.374328899999997], [112.69675099999999, -7.374107500000001]]}}, {"type": "Feature", "properties": {"layer": "osm_road", "stroke": "#999999"}, "geometry": {"type": "LineString", "coordinates": [[112.69777109999998, -7.3741537], [112.69692279999998, -7.373811399999998], [112.69690769999998, -7.3738105], [112.69689209999999, -7.373813499999999], [112.6968778, -7.373822800000001], [112.6968669, -7.373838300000002], [112.69675099999999, -7.374107500000001]]}}, {"type": "Feature", "properties": {"layer": "osm_road", "stroke": "#999999"}, "geometry": {"type": "LineString", "coordinates": [[112.69342019999999, -7.375151000000002], [112.6922237, -7.375035400000001], [112.69098479999998, -7.374865899999998]]}}, {"type": "Feature", "properties": {"layer": "osm_road", "stroke": "#999999"}, "geometry": {"type": "LineString", "coordinates": [[112.6963454, -7.375185799999998], [112.69538069999999, -7.3749996], [112.69448449999999, -7.3747739]]}}, {"type": "Feature", "properties": {"layer": "osm_road", "stroke": "#999999"}, "geometry": {"type": "LineString", "coordinates": [[112.69402969999999, -7.3745701], [112.6935875, -7.3745481], [112.6932658, -7.3745345], [112.69123289999999, -7.3743318]]}}, {"type": "Feature", "properties": {"layer": "osm_road", "stroke": "#999999"}, "geometry": {"type": "LineString", "coordinates": [[112.69085290000001, -7.3751543], [112.69085069999998, -7.375142900000001], [112.69098479999998, -7.374865899999998], [112.6911128, -7.374582099999998]]}}, {"type": "Feature", "properties": {"layer": "osm_road", "stroke": "#999999"}, "geometry": {"type": "LineString", "coordinates": [[112.69348709999998, -7.374834399999999], [112.69342019999999, -7.375151000000002], [112.69335609999999, -7.375400699999999]]}}, {"type": "Feature", "properties": {"layer": "osm_road", "stroke": "#999999"}, "geometry": {"type": "LineString", "coordinates": [[112.69637859999999, -7.374897499999999], [112.69544690000001, -7.3747328], [112.6949175, -7.374591299999998], [112.69459429999999, -7.3745096], [112.6945825, -7.3745114], [112.69457599999998, -7.374514399999998]]}}, {"type": "Feature", "properties": {"layer": "osm_road", "stroke": "#999999"}, "geometry": {"type": "LineString", "coordinates": [[112.6882145, -7.375802700000002], [112.687886, -7.376679299999998], [112.68777479999999, -7.3769332], [112.68771671848751, -7.377094393293547]]}}, {"type": "Feature", "properties": {"layer": "osm_road", "stroke": "#999999"}, "geometry": {"type": "LineString", "coordinates": [[112.69374409999999, -7.3748776], [112.69348709999998, -7.374834399999999], [112.69225029999998, -7.374689300000002], [112.69201299999999, -7.374664899999998], [112.6911805, -7.3745681], [112.6911496, -7.3745661], [112.6911302, -7.3745701], [112.6911128, -7.374582099999998]]}}, {"type": "Feature", "properties": {"layer": "osm_road", "stroke": "#999999"}, "geometry": {"type": "LineString", "coordinates": [[112.68792460000002, -7.3757397], [112.6878138, -7.376060400000001], [112.6877259, -7.3763138], [112.68761889999999, -7.376576400000001]]}}, {"type": "Feature", "properties": {"layer": "osm_road", "stroke": "#999999"}, "geometry": {"type": "LineString", "coordinates": [[112.69442780000001, -7.37305], [112.69422879999999, -7.3738014], [112.69402969999999, -7.3745701], [112.69394549999998, -7.374909800000001], [112.69392319999999, -7.374998299999999], [112.69373789999999, -7.375663200000001], [112.69370879999998, -7.3757405999999985], [112.69364780000001, -7.375905900000001], [112.69353810000001, -7.376211999999998], [112.6934617, -7.3764388], [112.69330740000001, -7.376841]]}}, {"type": "Feature", "properties": {"layer": "osm_road", "stroke": "#999999"}, "geometry": {"type": "LineString", "coordinates": [[112.68664336799732, -7.377094393293547], [112.6866213, -7.377086299999998]]}}, {"type": "Feature", "properties": {"layer": "osm_road", "stroke": "#999999"}, "geometry": {"type": "LineString", "coordinates": [[112.68584558751765, -7.377094393293547], [112.6854443, -7.376938700000001]]}}, {"type": "Feature", "properties": {"layer": "osm_road", "stroke": "#999999"}, "geometry": {"type": "LineString", "coordinates": [[112.69457599999998, -7.374514399999998], [112.6945697, -7.374521799999999], [112.69448449999999, -7.3747739], [112.6943996, -7.3751120000000014], [112.69433309999998, -7.375425399999998], [112.69427579999999, -7.3756428], [112.694265, -7.3757019999999995], [112.6942731, -7.375718599999999], [112.6942857, -7.375729199999999]]}}, {"type": "Feature", "properties": {"layer": "osm_road", "stroke": "#999999"}, "geometry": {"type": "LineString", "coordinates": [[112.6866213, -7.377086299999998], [112.68661801418439, -7.377094393293547]]}}, {"type": "Feature", "properties": {"layer": "osm_road", "stroke": "#999999"}, "geometry": {"type": "LineString", "coordinates": [[112.69711420000002, -7.375846700000002], [112.6968289, -7.375743700000001], [112.69653899999999, -7.375638999999999], [112.6962127, -7.375526799999999], [112.69615279999998, -7.375512699999999], [112.6953052, -7.3753224], [112.6943996, -7.3751120000000014], [112.6941595, -7.375053399999998]]}}, {"type": "Feature", "properties": {"layer": "osm_road", "stroke": "#999999"}, "geometry": {"type": "LineString", "coordinates": [[112.69675099999999, -7.374107500000001], [112.6966752, -7.374318400000001], [112.69657370000002, -7.374600999999999], [112.6964517, -7.374910700000002], [112.6963454, -7.375185799999998], [112.6962127, -7.375526799999999], [112.6961379, -7.375692699999999], [112.69607519999998, -7.375831099999999], [112.6959666, -7.376107500000002]]}}, {"type": "Feature", "properties": {"layer": "osm_road", "stroke": "#999999"}, "geometry": {"type": "LineString", "coordinates": [[112.68899969999998, -7.376038], [112.68872449999999, -7.3767459], [112.6886443, -7.376980600000002], [112.6885995842411, -7.377094393293547]]}}, {"type": "Feature", "properties": {"layer": "osm_road", "stroke": "#999999"}, "geometry": {"type": "LineString", "coordinates": [[112.69778989999999, -7.374105299999998], [112.69777109999998, -7.3741537], [112.6976574, -7.3744387], [112.6975592, -7.3746998999999995], [112.6974594, -7.3749571000000005], [112.69734079999999, -7.375262599999998], [112.6972243, -7.375562999999999], [112.69711420000002, -7.375846700000002], [112.6968969, -7.3764468], [112.69687539999998, -7.3764851999999985]]}}, {"type": "Feature", "properties": {"layer": "osm_road", "stroke": "#999999"}, "geometry": {"type": "LineString", "coordinates": [[112.6942857, -7.375729199999999], [112.69516899999999, -7.375919499999998], [112.6959666, -7.376107500000002], [112.69618289999998, -7.376274299999997], [112.6962646, -7.3763296], [112.6963377, -7.3763695999999985], [112.6964342, -7.376415100000001], [112.696543, -7.376456099999998], [112.6966126, -7.376478700000002], [112.6966854, -7.3764964], [112.6967454, -7.376502600000001], [112.696842, -7.376495999999999], [112.69687539999998, -7.3764851999999985]]}}, {"type": "Feature", "properties": {"layer": "osm_road", "stroke": "#999999"}, "geometry": {"type": "LineString", "coordinates": [[112.69572572411683, -7.377094393293547], [112.69574519999999, -7.377041400000001], [112.69578649999998, -7.3767114000000005], [112.6958766, -7.3763444], [112.69591299999999, -7.3762378]]}}, {"type": "Feature", "properties": {"layer": "osm_road", "stroke": "#999999"}, "geometry": {"type": "LineString", "coordinates": [[112.69800150000002, -7.3694174], [112.69764389999999, -7.3693809], [112.6973767, -7.369353599999998], [112.6971418, -7.369333100000001], [112.696851, -7.369299999999999], [112.6966258, -7.3692769999999985], [112.696595, -7.3692738], [112.69633749999998, -7.369247599999998], [112.695765, -7.369189099999998], [112.6954901, -7.3691611], [112.695271, -7.369138699999999]]}}, {"type": "Feature", "properties": {"layer": "osm_road", "stroke": "#999999"}, "geometry": {"type": "LineString", "coordinates": [[112.70088069999998, -7.363170099999998], [112.70090229999998, -7.363417300000002], [112.7009338, -7.363735900000001], [112.70096739999998, -7.364074699999999], [112.7010005, -7.364408699999999], [112.701034, -7.364747199999998], [112.7010596, -7.3650052], [112.701091, -7.3653227999999995], [112.70110129999999, -7.365438200000001], [112.70111439999998, -7.3655586], [112.70112030000001, -7.3656423], [112.70112409999999, -7.3656964], [112.70112699999999, -7.365738699999999]]}}, {"type": "Feature", "properties": {"layer": "osm_road", "stroke": "#999999"}, "geometry": {"type": "LineString", "coordinates": [[112.688802, -7.3625174], [112.6887665, -7.362545299999998], [112.68874, -7.362567300000002], [112.6887175, -7.3626045], [112.68871229999999, -7.3626502], [112.68871689999999, -7.3628499], [112.68872159999998, -7.362968899999999], [112.6887352, -7.363179499999999], [112.6887577, -7.3633049], [112.6887919, -7.363389299999999], [112.68883720000001, -7.363466999999999], [112.68885519999999, -7.363603999999999], [112.6888677, -7.3638368], [112.6888603, -7.363888700000002], [112.68885699999998, -7.363946499999999], [112.68883279999999, -7.363969300000001]]}}, {"type": "Feature", "properties": {"layer": "osm_road", "stroke": "#999999"}, "geometry": {"type": "LineString", "coordinates": [[112.70054859999999, -7.366950099999999], [112.70054749999998, -7.3669591000000025], [112.7005462, -7.366967599999996], [112.700526, -7.3671127], [112.70051519999998, -7.367137299999999], [112.70049909999999, -7.3671632], [112.70046899999998, -7.3672031], [112.7004447, -7.367226399999999], [112.7003996, -7.367248899999999], [112.7002719, -7.367290100000001], [112.7000689, -7.367335199999999], [112.69995029999998, -7.367358900000001], [112.6997717, -7.367373800000002], [112.69972319999998, -7.367379999999999], [112.69947179999998, -7.367370699999999], [112.69926789999998, -7.3673591], [112.69919669999999, -7.3673565]]}}, {"type": "Feature", "properties": {"layer": "osm_road", "stroke": "#999999"}, "geometry": {"type": "LineString", "coordinates": [[112.6950676, -7.369975099999999], [112.6945696, -7.3699721], [112.69417789999999, -7.369986100000001], [112.6933906, -7.370119899999998], [112.6933524, -7.3701442], [112.6933169, -7.370161799999999], [112.69328299999998, -7.370168400000002], [112.6932465, -7.370168400000002], [112.69300979999998, -7.3701404], [112.69268339999999, -7.3701163], [112.6923587, -7.370091499999999], [112.692042, -7.370060399999999], [112.6920373, -7.370056999999999]]}}, {"type": "Feature", "properties": {"layer": "osm_road", "stroke": "#999999"}, "geometry": {"type": "LineString", "coordinates": [[112.6978721, -7.3701222999999985], [112.69785269999998, -7.3701257], [112.69758559999998, -7.370130999999997], [112.69730579999998, -7.3701209], [112.69705799999998, -7.3701118999999995], [112.69677889999998, -7.3701018000000005], [112.6965148, -7.370092199999997], [112.6962458, -7.3700825], [112.6957331, -7.370062099999999], [112.6956997, -7.3700581], [112.6956771, -7.370056899999996]]}}, {"type": "Feature", "properties": {"layer": "osm_road", "stroke": "#999999"}, "geometry": {"type": "LineString", "coordinates": [[112.70183949999999, -7.3636754], [112.70185379999998, -7.363799899999999], [112.70185859999998, -7.363841699999998], [112.70186839999998, -7.3640203], [112.7018718, -7.3640927], [112.7018838, -7.364344099999999], [112.70188759999999, -7.3644248999999995], [112.70189537728089, -7.364587967923003]]}}, {"type": "Feature", "properties": {"layer": "osm_road", "stroke": "#999999"}, "geometry": {"type": "LineString", "coordinates": [[112.6981226, -7.368240100000002], [112.69809259999998, -7.3685316], [112.6980882, -7.368574999999998], [112.69806149999998, -7.3688339], [112.698049, -7.368955499999999], [112.6980342, -7.369099300000001], [112.69801419999999, -7.3692939], [112.69800150000002, -7.3694174], [112.6979772, -7.3696532999999995], [112.69794589999998, -7.369957499999998], [112.69788579999998, -7.370112699999998], [112.6978721, -7.3701222999999985]]}}, {"type": "Feature", "properties": {"layer": "osm_road", "stroke": "#999999"}, "geometry": {"type": "LineString", "coordinates": [[112.67757187463592, -7.377094393293547], [112.6775354, -7.377089200000001], [112.677408, -7.3770742999999985], [112.67733749999998, -7.377074800000003], [112.67714893548343, -7.377094393293547]]}}, {"type": "Feature", "properties": {"layer": "osm_road", "stroke": "#999999"}, "geometry": {"type": "LineString", "coordinates": [[112.68803179999999, -7.364095500000001], [112.68787669999999, -7.364297800000002], [112.68775129999999, -7.364536400000001], [112.68768979999999, -7.3646327], [112.6875143, -7.364961999999999], [112.68746589999999, -7.3650685000000005], [112.68741729999999, -7.3652239999999995], [112.68736169999998, -7.3654229], [112.68724369999998, -7.3658085999999985], [112.687195, -7.3660188], [112.68714709999999, -7.3662847], [112.68711689999999, -7.366547600000002], [112.6870723, -7.3670367], [112.68699089999998, -7.367427899999998], [112.68692179999998, -7.367644599999999], [112.68676080000002, -7.3680778999999985], [112.68670539999998, -7.368324099999999], [112.6867178, -7.3691768999999985], [112.6867193, -7.369289799999997]]}}, {"type": "Feature", "properties": {"layer": "osm_road", "stroke": "#999999"}, "geometry": {"type": "LineString", "coordinates": [[112.686693, -7.363769200000001], [112.68673529999998, -7.3637762], [112.6868492, -7.363795099999999], [112.68738719999999, -7.363915299999999], [112.687589, -7.3639499], [112.68781159999999, -7.3639745], [112.6879109, -7.364000400000002], [112.6879598, -7.3640343], [112.68803179999999, -7.364095500000001]]}}, {"type": "Feature", "properties": {"layer": "osm_road", "stroke": "#999999"}, "geometry": {"type": "LineString", "coordinates": [[112.70189537728089, -7.357561990037142], [112.7016149, -7.357658699999999], [112.70150769999998, -7.357698600000001], [112.7014258, -7.357775799999999], [112.7012998, -7.3579088], [112.701159, -7.3580551], [112.70097120000001, -7.3581881], [112.70088269999998, -7.3582679], [112.7007928, -7.358314400000001], [112.7006158, -7.358351699999999], [112.70042399999998, -7.3583463999999985], [112.70017729999998, -7.3583503], [112.7000284, -7.358403599999999], [112.6998916, -7.3584967], [112.69971189999998, -7.358639], [112.6994303, -7.358774600000001], [112.69913929999998, -7.358955500000002], [112.69901449999999, -7.359004699999999], [112.6985467, -7.359164699999998]]}}, {"type": "Feature", "properties": {"layer": "osm_road", "stroke": "#999999"}, "geometry": {"type": "LineString", "coordinates": [[112.7004467, -7.3542619], [112.700446, -7.354276499999999], [112.7001325, -7.3548], [112.7000043, -7.3550211999999995], [112.6998755, -7.355136899999999], [112.69971169999998, -7.355216], [112.69955009999998, -7.3552542999999995], [112.6991766, -7.355257199999998], [112.6989864, -7.355256599999998], [112.69885759999998, -7.355269899999999], [112.69871279999998, -7.355296499999998], [112.6982741, -7.355425099999998], [112.6976236, -7.355621599999999], [112.6974548, -7.355663599999998], [112.69727239999999, -7.355679600000001], [112.69702549999998, -7.355679399999999], [112.6969826, -7.355674500000001]]}}, {"type": "Feature", "properties": {"layer": "osm_road", "stroke": "#999999"}, "geometry": {"type": "LineString", "coordinates": [[112.67670229999999, -7.372403900000002], [112.676657, -7.372403499999998], [112.6766151, -7.3724131999999996], [112.6765906, -7.372430500000001], [112.67657749999998, -7.372462099999998], [112.6765671, -7.372518899999998], [112.67650979999999, -7.372797899999997], [112.67647059999999, -7.3731005], [112.676374, -7.3742149999999995], [112.6763579, -7.3744079], [112.67634049999998, -7.374640599999999], [112.67630829999999, -7.375046299999998], [112.6762493, -7.375634099999999], [112.67623189999999, -7.3763138], [112.6762225, -7.3766636000000005], [112.67620668858586, -7.377094393293547]]}}, {"type": "Feature", "properties": {"layer": "osm_road", "stroke": "#999999"}, "geometry": {"type": "LineString", "coordinates": [[112.6926077, -7.364517700000001], [112.6922861, -7.3644759], [112.69220129999998, -7.364456200000003], [112.6920091, -7.364350700000002], [112.69191839999999, -7.364286999999998], [112.69150539999998, -7.364093900000003], [112.6910613, -7.364067200000003], [112.69095299999998, -7.3640803], [112.690587, -7.364124800000002], [112.69052599999999, -7.364167299999999], [112.69044689999998, -7.3642318], [112.6904195, -7.364286699999998], [112.69040969999999, -7.364382300000001], [112.690406, -7.364414700000001], [112.69040059999999, -7.364448299999999]]}}, {"type": "Feature", "properties": {"layer": "osm_road", "stroke": "#999999"}, "geometry": {"type": "LineString", "coordinates": [[112.6978151, -7.3614324999999985], [112.69787519999998, -7.361646400000001], [112.69789329999999, -7.361762000000001], [112.6978914, -7.361815099999999], [112.6978592, -7.3619661], [112.6978471, -7.362004700000001], [112.6978391, -7.3620418999999995], [112.6978365, -7.362077800000001]]}}, {"type": "Feature", "properties": {"layer": "osm_road", "stroke": "#999999"}, "geometry": {"type": "LineString", "coordinates": [[112.69303299999999, -7.3623299], [112.6929011, -7.362558599999999], [112.6928274, -7.362657699999998], [112.6927871, -7.362701600000001], [112.6927167, -7.362752199999998], [112.69264, -7.3627858999999996], [112.6924959, -7.3628113999999965], [112.6921666, -7.362869300000001], [112.69196909999998, -7.362904000000002], [112.6919148, -7.362906800000001], [112.69173869999999, -7.362917700000002], [112.6911796, -7.3629523], [112.6909837, -7.3629589], [112.690759, -7.362936], [112.6902984, -7.362840999999999], [112.69008879999998, -7.3628406], [112.68999079999999, -7.362835399999999], [112.68967079999999, -7.362782800000001], [112.68931609999998, -7.3626602000000005]]}}, {"type": "Feature", "properties": {"layer": "osm_road", "stroke": "#999999"}, "geometry": {"type": "LineString", "coordinates": [[112.69486769999999, -7.3672272], [112.69403589999999, -7.367118999999999]]}}, {"type": "Feature", "properties": {"layer": "osm_road", "stroke": "#999999"}, "geometry": {"type": "LineString", "coordinates": [[112.6973767, -7.369353599999998], [112.69730579999998, -7.3701209]]}}, {"type": "Feature", "properties": {"layer": "osm_road", "stroke": "#999999"}, "geometry": {"type": "LineString", "coordinates": [[112.69844099999999, -7.3652062], [112.6983004, -7.365224700000001], [112.69810529999998, -7.365230699999999], [112.6980282, -7.3652294], [112.6979772, -7.365221999999998], [112.6979331, -7.3652052999999995]]}}, {"type": "Feature", "properties": {"layer": "osm_road", "stroke": "#999999"}, "geometry": {"type": "LineString", "coordinates": [[112.6936822, -7.366811300000001], [112.6923992, -7.366660800000001]]}}, {"type": "Feature", "properties": {"layer": "osm_road", "stroke": "#999999"}, "geometry": {"type": "LineString", "coordinates": [[112.6980958, -7.3627012999999994], [112.6992466, -7.3625312], [112.69934679999999, -7.362510999999999], [112.69950179999998, -7.3624746000000005], [112.699551, -7.3624621999999995], [112.6998401, -7.362399299999998]]}}, {"type": "Feature", "properties": {"layer": "osm_road", "stroke": "#999999"}, "geometry": {"type": "LineString", "coordinates": [[112.69905599999998, -7.3690687000000015], [112.698049, -7.368955499999999]]}}, {"type": "Feature", "properties": {"layer": "osm_road", "stroke": "#999999"}, "geometry": {"type": "LineString", "coordinates": [[112.70189537728089, -7.364969572429525], [112.70108059999998, -7.3650043], [112.7010596, -7.3650052]]}}, {"type": "Feature", "properties": {"layer": "osm_road", "stroke": "#999999"}, "geometry": {"type": "LineString", "coordinates": [[112.6762493, -7.375634099999999], [112.67678439999999, -7.375635100000002], [112.67680589999999, -7.375630800000001], [112.6768209, -7.375620800000002], [112.67682519999998, -7.3756103999999985], [112.67682659999998, -7.3756029000000005]]}}, {"type": "Feature", "properties": {"layer": "osm_road", "stroke": "#999999"}, "geometry": {"type": "LineString", "coordinates": [[112.696595, -7.3692738], [112.6965148, -7.370092199999997]]}}, {"type": "Feature", "properties": {"layer": "osm_road", "stroke": "#999999"}, "geometry": {"type": "LineString", "coordinates": [[112.69906309999999, -7.3654681], [112.6991009, -7.365694499999999]]}}, {"type": "Feature", "properties": {"layer": "osm_road", "stroke": "#999999"}, "geometry": {"type": "LineString", "coordinates": [[112.6980342, -7.369099300000001], [112.69716989999999, -7.369042300000001]]}}, {"type": "Feature", "properties": {"layer": "osm_road", "stroke": "#999999"}, "geometry": {"type": "LineString", "coordinates": [[112.6987879, -7.369721300000002], [112.69799949999998, -7.3696556], [112.6979772, -7.3696532999999995]]}}, {"type": "Feature", "properties": {"layer": "osm_road", "stroke": "#999999"}, "geometry": {"type": "LineString", "coordinates": [[112.6930883, -7.3694276], [112.69300979999998, -7.3701404]]}}, {"type": "Feature", "properties": {"layer": "osm_road", "stroke": "#999999"}, "geometry": {"type": "LineString", "coordinates": [[112.70188759999999, -7.3644248999999995], [112.70189537728089, -7.364426540985386]]}}, {"type": "Feature", "properties": {"layer": "osm_road", "stroke": "#999999"}, "geometry": {"type": "LineString", "coordinates": [[112.68352959999999, -7.376736699999998], [112.68315399999999, -7.376712], [112.6828736, -7.3767124], [112.6826471, -7.376707299999998], [112.682506, -7.376699699999999]]}}, {"type": "Feature", "properties": {"layer": "osm_road", "stroke": "#999999"}, "geometry": {"type": "LineString", "coordinates": [[112.696851, -7.369299999999999], [112.69677889999998, -7.3701018000000005]]}}, {"type": "Feature", "properties": {"layer": "osm_road", "stroke": "#999999"}, "geometry": {"type": "LineString", "coordinates": [[112.6934371, -7.366027899999999], [112.6924728, -7.3659352]]}}, {"type": "Feature", "properties": {"layer": "osm_road", "stroke": "#999999"}, "geometry": {"type": "LineString", "coordinates": [[112.68756869999999, -7.369314199999997], [112.6867193, -7.369289799999997]]}}, {"type": "Feature", "properties": {"layer": "osm_road", "stroke": "#999999"}, "geometry": {"type": "LineString", "coordinates": [[112.69196909999998, -7.362904000000002], [112.6919389, -7.363655900000001], [112.69191839999999, -7.364286999999998]]}}, {"type": "Feature", "properties": {"layer": "osm_road", "stroke": "#999999"}, "geometry": {"type": "LineString", "coordinates": [[112.69929279999998, -7.3616163], [112.6992895, -7.361631599999999], [112.69928849999998, -7.3616486], [112.69929279999998, -7.361668500000001], [112.69943699999999, -7.3621861999999965], [112.6992412, -7.3622248], [112.6980999, -7.362355800000001], [112.69807709999999, -7.362364099999999], [112.698056, -7.362378700000001], [112.69804089999998, -7.362403]]}}, {"type": "Feature", "properties": {"layer": "osm_road", "stroke": "#999999"}, "geometry": {"type": "LineString", "coordinates": [[112.6934724, -7.365710199999998], [112.69250210000001, -7.365645399999999]]}}, {"type": "Feature", "properties": {"layer": "osm_road", "stroke": "#999999"}, "geometry": {"type": "LineString", "coordinates": [[112.6950058, -7.365705199999999], [112.6941889, -7.3656505999999995]]}}, {"type": "Feature", "properties": {"layer": "osm_road", "stroke": "#999999"}, "geometry": {"type": "LineString", "coordinates": [[112.6990292, -7.3693968000000005], [112.69881139999998, -7.369373200000002], [112.69801419999999, -7.3692939]]}}, {"type": "Feature", "properties": {"layer": "osm_road", "stroke": "#999999"}, "geometry": {"type": "LineString", "coordinates": [[112.70189537728089, -7.364681039964404], [112.7010659, -7.364744800000001], [112.701034, -7.364747199999998]]}}, {"type": "Feature", "properties": {"layer": "osm_road", "stroke": "#999999"}, "geometry": {"type": "LineString", "coordinates": [[112.69967709999999, -7.365097699999998], [112.6985134, -7.365191299999998]]}}, {"type": "Feature", "properties": {"layer": "osm_road", "stroke": "#999999"}, "geometry": {"type": "LineString", "coordinates": [[112.700477, -7.369099099999999], [112.70044059999998, -7.369117499999998], [112.70040709999999, -7.369133800000002], [112.69976889999998, -7.369045300000001]]}}, {"type": "Feature", "properties": {"layer": "osm_road", "stroke": "#999999"}, "geometry": {"type": "LineString", "coordinates": [[112.6947449, -7.3613696], [112.693877, -7.3614441999999976], [112.6931781, -7.361487300000002], [112.69316560000001, -7.3614843], [112.6931563, -7.361474], [112.69315119999999, -7.361449399999998], [112.6931412, -7.3612359]]}}, {"type": "Feature", "properties": {"layer": "osm_road", "stroke": "#999999"}, "geometry": {"type": "LineString", "coordinates": [[112.694966, -7.366085699999998], [112.69415319999999, -7.365993799999998]]}}, {"type": "Feature", "properties": {"layer": "osm_road", "stroke": "#999999"}, "geometry": {"type": "LineString", "coordinates": [[112.69966239999998, -7.3539112], [112.6994898, -7.354585599999999]]}}, {"type": "Feature", "properties": {"layer": "osm_road", "stroke": "#999999"}, "geometry": {"type": "LineString", "coordinates": [[112.7018838, -7.364344099999999], [112.7010262, -7.364407399999997], [112.7010005, -7.364408699999999]]}}, {"type": "Feature", "properties": {"layer": "osm_road", "stroke": "#999999"}, "geometry": {"type": "LineString", "coordinates": [[112.6938005, -7.365611800000002], [112.6941889, -7.3656505999999995]]}}, {"type": "Feature", "properties": {"layer": "osm_road", "stroke": "#999999"}, "geometry": {"type": "LineString", "coordinates": [[112.69630829999998, -7.369519800000002], [112.6957394, -7.3694469]]}}, {"type": "Feature", "properties": {"layer": "osm_road", "stroke": "#999999"}, "geometry": {"type": "LineString", "coordinates": [[112.69665599999999, -7.368992], [112.6957933, -7.3689052]]}}, {"type": "Feature", "properties": {"layer": "osm_road", "stroke": "#999999"}, "geometry": {"type": "LineString", "coordinates": [[112.6995802, -7.3628344], [112.69930809999998, -7.362867399999997], [112.6981884, -7.363007099999999]]}}, {"type": "Feature", "properties": {"layer": "osm_road", "stroke": "#999999"}, "geometry": {"type": "LineString", "coordinates": [[112.6807535, -7.371513800000002], [112.67873439999998, -7.371453900000001]]}}, {"type": "Feature", "properties": {"layer": "osm_road", "stroke": "#999999"}, "geometry": {"type": "LineString", "coordinates": [[112.67687419999999, -7.3745104999999995], [112.6768407, -7.3749611999999996], [112.67683029999999, -7.375436200000001], [112.67682869999999, -7.3755057], [112.67682659999998, -7.3756029000000005]]}}, {"type": "Feature", "properties": {"layer": "osm_road", "stroke": "#999999"}, "geometry": {"type": "LineString", "coordinates": [[112.69899079999999, -7.363866599999999], [112.6983644, -7.363916700000001]]}}, {"type": "Feature", "properties": {"layer": "osm_road", "stroke": "#999999"}, "geometry": {"type": "LineString", "coordinates": [[112.70176709999998, -7.3675312], [112.70082599999999, -7.3673993], [112.70078869999999, -7.3673888]]}}, {"type": "Feature", "properties": {"layer": "osm_road", "stroke": "#999999"}, "geometry": {"type": "LineString", "coordinates": [[112.6968298, -7.366804799999998], [112.6960215, -7.366221700000002]]}}, {"type": "Feature", "properties": {"layer": "osm_road", "stroke": "#999999"}, "geometry": {"type": "LineString", "coordinates": [[112.69324609999998, -7.364655399999999], [112.69323979999999, -7.3647357]]}}, {"type": "Feature", "properties": {"layer": "osm_road", "stroke": "#999999"}, "geometry": {"type": "LineString", "coordinates": [[112.68389219999999, -7.369033899999999], [112.68387969999999, -7.3679875]]}}, {"type": "Feature", "properties": {"layer": "osm_road", "stroke": "#999999"}, "geometry": {"type": "LineString", "coordinates": [[112.69220129999998, -7.364456200000003], [112.69040969999999, -7.364382300000001]]}}, {"type": "Feature", "properties": {"layer": "osm_road", "stroke": "#999999"}, "geometry": {"type": "LineString", "coordinates": [[112.6928461, -7.365343699999999], [112.69289809999998, -7.3646889]]}}, {"type": "Feature", "properties": {"layer": "osm_road", "stroke": "#999999"}, "geometry": {"type": "LineString", "coordinates": [[112.70189537728089, -7.363671669556576], [112.70183949999999, -7.3636754], [112.7009776, -7.363733000000001], [112.7009338, -7.363735900000001]]}}, {"type": "Feature", "properties": {"layer": "osm_road", "stroke": "#999999"}, "geometry": {"type": "LineString", "coordinates": [[112.70189537728089, -7.363345958961743], [112.7009312, -7.3634152], [112.70090229999998, -7.363417300000002]]}}, {"type": "Feature", "properties": {"layer": "osm_road", "stroke": "#999999"}, "geometry": {"type": "LineString", "coordinates": [[112.69669609999998, -7.357591399999999], [112.69664709999999, -7.357725800000002], [112.6965611, -7.357961799999998], [112.6961217, -7.359167100000001]]}}, {"type": "Feature", "properties": {"layer": "osm_road", "stroke": "#999999"}, "geometry": {"type": "LineString", "coordinates": [[112.69764389999999, -7.3693809], [112.69758559999998, -7.370130999999997]]}}, {"type": "Feature", "properties": {"layer": "osm_road", "stroke": "#999999"}, "geometry": {"type": "LineString", "coordinates": [[112.7018549, -7.3670779], [112.70089099999998, -7.3669923], [112.7008418, -7.366990000000001]]}}, {"type": "Feature", "properties": {"layer": "osm_road", "stroke": "#999999"}, "geometry": {"type": "LineString", "coordinates": [[112.6952296, -7.3607886], [112.69471879999999, -7.360876500000001]]}}, {"type": "Feature", "properties": {"layer": "osm_road", "stroke": "#999999"}, "geometry": {"type": "LineString", "coordinates": [[112.6989621, -7.363619999999998], [112.69833409999998, -7.3636739]]}}, {"type": "Feature", "properties": {"layer": "osm_road", "stroke": "#999999"}, "geometry": {"type": "LineString", "coordinates": [[112.70186839999998, -7.3640203], [112.70101559999999, -7.364071799999999], [112.70096739999998, -7.364074699999999]]}}, {"type": "Feature", "properties": {"layer": "osm_road", "stroke": "#999999"}, "geometry": {"type": "LineString", "coordinates": [[112.6837818, -7.363991799999999], [112.68376729999999, -7.364253000000001], [112.68369909999998, -7.365483399999998], [112.6835935, -7.3671221], [112.68356379999999, -7.3676164]]}}, {"type": "Feature", "properties": {"layer": "osm_road", "stroke": "#999999"}, "geometry": {"type": "LineString", "coordinates": [[112.69367279999999, -7.3592478], [112.6936756, -7.360612299999998]]}}, {"type": "Feature", "properties": {"layer": "osm_road", "stroke": "#999999"}, "geometry": {"type": "LineString", "coordinates": [[112.69275609999998, -7.369394099999999], [112.69268339999999, -7.3701163]]}}, {"type": "Feature", "properties": {"layer": "osm_road", "stroke": "#999999"}, "geometry": {"type": "LineString", "coordinates": [[112.69811469999999, -7.363109399999998], [112.6972995, -7.363179799999999]]}}, {"type": "Feature", "properties": {"layer": "osm_road", "stroke": "#999999"}, "geometry": {"type": "LineString", "coordinates": [[112.69909309999998, -7.368675500000001], [112.6980882, -7.368574999999998]]}}, {"type": "Feature", "properties": {"layer": "osm_road", "stroke": "#999999"}, "geometry": {"type": "LineString", "coordinates": [[112.69302639999998, -7.369038700000003], [112.69213329999998, -7.3689614]]}}, {"type": "Feature", "properties": {"layer": "osm_road", "stroke": "#999999"}, "geometry": {"type": "LineString", "coordinates": [[112.69989929999998, -7.364444599999999], [112.69843390000001, -7.364554999999999]]}}, {"type": "Feature", "properties": {"layer": "osm_road", "stroke": "#999999"}, "geometry": {"type": "LineString", "coordinates": [[112.69489929999999, -7.3668357], [112.6940755, -7.3667389000000005]]}}, {"type": "Feature", "properties": {"layer": "osm_road", "stroke": "#999999"}, "geometry": {"type": "LineString", "coordinates": [[112.68341079999999, -7.360506400000001], [112.68338669999999, -7.360911999999998], [112.6833491, -7.3611202], [112.68331219999999, -7.361223899999998], [112.6832566, -7.361305100000003], [112.68320019999999, -7.3613795], [112.68316809999999, -7.361463999999999], [112.68314119999998, -7.3616661999999975], [112.6831245, -7.3617333], [112.68309759999998, -7.361787200000001], [112.68306749999999, -7.361845100000002], [112.6830413, -7.3619169], [112.68298099999998, -7.362367099999998], [112.68280109999999, -7.363594800000002]]}}, {"type": "Feature", "properties": {"layer": "osm_road", "stroke": "#999999"}, "geometry": {"type": "LineString", "coordinates": [[112.6971418, -7.369333100000001], [112.69705799999998, -7.3701118999999995]]}}, {"type": "Feature", "properties": {"layer": "osm_road", "stroke": "#999999"}, "geometry": {"type": "LineString", "coordinates": [[112.6924242, -7.3693621], [112.6923587, -7.370091499999999]]}}, {"type": "Feature", "properties": {"layer": "osm_road", "stroke": "#999999"}, "geometry": {"type": "LineString", "coordinates": [[112.6936447, -7.367190799999999], [112.6923598, -7.3670499000000005]]}}, {"type": "Feature", "properties": {"layer": "osm_road", "stroke": "#999999"}, "geometry": {"type": "LineString", "coordinates": [[112.69695639999999, -7.368424], [112.69698360000001, -7.368115199999999]]}}, {"type": "Feature", "properties": {"layer": "osm_road", "stroke": "#999999"}, "geometry": {"type": "LineString", "coordinates": [[112.69946979999999, -7.3632613000000005], [112.6995376, -7.364108300000002]]}}, {"type": "Feature", "properties": {"layer": "osm_road", "stroke": "#999999"}, "geometry": {"type": "LineString", "coordinates": [[112.69921359999998, -7.3633014999999995], [112.6992999, -7.364121300000001]]}}, {"type": "Feature", "properties": {"layer": "osm_road", "stroke": "#999999"}, "geometry": {"type": "LineString", "coordinates": [[112.7015731, -7.368208399999999], [112.70155489999999, -7.3682524], [112.70140869999999, -7.3684548], [112.701281, -7.368609699999998], [112.7012066, -7.3686947], [112.7008505, -7.3689042], [112.7008016, -7.368936799999999], [112.70048639999999, -7.3691437], [112.700456, -7.369162799999999], [112.7004215, -7.369186], [112.7003516, -7.3692341], [112.7002712, -7.369275300000002], [112.70017929999999, -7.369295899999998], [112.6998561, -7.3693545], [112.6997568, -7.369401699999998], [112.69961799999999, -7.369488099999997], [112.6994068, -7.3696112], [112.6993605, -7.3696245000000005], [112.6991875, -7.369618099999999], [112.69894879999998, -7.3696104999999985], [112.69882879999999, -7.3696903], [112.6987879, -7.369721300000002], [112.69866119999999, -7.369811999999999], [112.6985478, -7.369912699999998], [112.698457, -7.369975899999999], [112.69840769999999, -7.369996900000001], [112.69828569999999, -7.369994899999999], [112.6979581, -7.3699583], [112.69794589999998, -7.369957499999998]]}}, {"type": "Feature", "properties": {"layer": "osm_road", "stroke": "#999999"}, "geometry": {"type": "LineString", "coordinates": [[112.68723159999999, -7.368367600000001], [112.68707939999999, -7.368350299999999], [112.6869607, -7.368335700000001], [112.68670539999998, -7.368324099999999], [112.68651189999999, -7.3683549], [112.6863099, -7.368415400000001], [112.685741, -7.368640899999997], [112.6852253, -7.368835900000001], [112.6850268, -7.368902900000003], [112.684768, -7.3689668], [112.68451519999999, -7.368992], [112.6842443, -7.369007999999999], [112.6840404, -7.369017300000002], [112.68389219999999, -7.369033899999999], [112.68379769999999, -7.369061200000001], [112.6836006, -7.369135000000002], [112.683323, -7.369276700000002], [112.68311239999998, -7.369351099999999], [112.68294069999999, -7.369393], [112.68264229999998, -7.369419000000001], [112.68226819999998, -7.369390400000001], [112.6819879, -7.369372399999998], [112.68166999999998, -7.3693244999999985], [112.68103840000002, -7.369210200000003], [112.680569, -7.369089100000002], [112.6804027, -7.369046599999999], [112.68018409999999, -7.369009300000001], [112.67999769999999, -7.369006699999998], [112.67976439999998, -7.3690193], [112.6795576, -7.369020000000002], [112.67882669999999, -7.368994600000001]]}}, {"type": "Feature", "properties": {"layer": "osm_road", "stroke": "#999999"}, "geometry": {"type": "LineString", "coordinates": [[112.70189537728089, -7.36583641293223], [112.7018743, -7.365833], [112.70112699999999, -7.365738699999999], [112.7010331, -7.365726], [112.7008108, -7.365710399999997], [112.7003528, -7.365714399999996], [112.7002336, -7.365718400000001], [112.70006529999999, -7.365742699999999], [112.69991609999998, -7.3657847], [112.6997544, -7.365813799999999], [112.69959659999999, -7.3658181], [112.69925519999998, -7.3658091], [112.6992125, -7.365811800000001], [112.69900659999999, -7.365753100000001], [112.69893809999999, -7.365734199999999], [112.69867340000002, -7.365661], [112.6985587, -7.365606799999998], [112.69851569999999, -7.365564499999999], [112.69849820000002, -7.365530599999998], [112.6984823, -7.3654876], [112.69844099999999, -7.3652062], [112.6983775, -7.364741399999999], [112.69824509999998, -7.3636207], [112.6982335, -7.363574900000001], [112.69814489999999, -7.3632242], [112.69811469999999, -7.363109399999998], [112.69802089999999, -7.3627006], [112.69790149999999, -7.362360500000002], [112.69788229999999, -7.362288699999999], [112.6978365, -7.362077800000001]]}}, {"type": "Feature", "properties": {"layer": "osm_road", "stroke": "#999999"}, "geometry": {"type": "LineString", "coordinates": [[112.6956069, -7.365473799999998], [112.6956225, -7.365370099999999], [112.6956604, -7.3650679000000006], [112.69562419999998, -7.364551499999999], [112.69561239999999, -7.3643398], [112.6956017, -7.364146399999998], [112.69557879999999, -7.3638990999999985], [112.6955526, -7.3635342999999995], [112.6955251, -7.363258900000001], [112.69550560000002, -7.363063899999999], [112.695444, -7.362446399999999], [112.6954433, -7.362371299999999], [112.6954331, -7.361675600000001], [112.69541499999998, -7.361389500000001], [112.6954026, -7.3612426000000015], [112.6953778, -7.3611165000000005], [112.69532529999998, -7.360988599999999], [112.6952296, -7.3607886], [112.69504239999999, -7.360375599999999], [112.6948234, -7.359911899999999], [112.69477529999999, -7.359806100000001], [112.69451399999998, -7.359185199999999], [112.6944282, -7.358992599999998], [112.6941304, -7.3583629], [112.6940876, -7.358271500000001], [112.69391369999998, -7.357903099999998], [112.69363139999999, -7.357305399999997], [112.6935953, -7.3572431], [112.69343889999999, -7.3569415], [112.69340899999999, -7.3568850999999995]]}}, {"type": "Feature", "properties": {"layer": "osm_road", "stroke": "#999999"}, "geometry": {"type": "LineString", "coordinates": [[112.69301489999998, -7.360934799999999], [112.69302789999999, -7.3609421], [112.69303369999999, -7.360948800000001], [112.69303389999999, -7.3609626], [112.6930261, -7.361272799999998], [112.693048, -7.361596999999996], [112.693047, -7.361601399999999], [112.69304389999999, -7.361604799999999], [112.69304029999999, -7.3616060999999995]]}}, {"type": "Feature", "properties": {"layer": "osm_road", "stroke": "#999999"}, "geometry": {"type": "LineString", "coordinates": [[112.6905728, -7.3609232], [112.69177339999999, -7.360947000000001]]}}, {"type": "Feature", "properties": {"layer": "osm_road", "stroke": "#999999"}, "geometry": {"type": "LineString", "coordinates": [[112.690607, -7.361629200000001], [112.6917791, -7.361636700000001], [112.69177939999999, -7.361636700000001], [112.691838, -7.3616371], [112.69189549999999, -7.361637400000001]]}}, {"type": "Feature", "properties": {"layer": "osm_road", "stroke": "#999999"}, "geometry": {"type": "LineString", "coordinates": [[112.6997075, -7.365387100000001], [112.69906309999999, -7.3654681], [112.6986304, -7.3654932]]}}, {"type": "Feature", "properties": {"layer": "osm_road", "stroke": "#999999"}, "geometry": {"type": "LineString", "coordinates": [[112.69471879999999, -7.360876500000001], [112.69471089999999, -7.3608838], [112.6947076, -7.360890799999999], [112.6947052, -7.3609073999999985], [112.6947449, -7.3613696], [112.69479079999999, -7.3620601], [112.69479879999999, -7.362431000000001]]}}, {"type": "Feature", "properties": {"layer": "osm_road", "stroke": "#999999"}, "geometry": {"type": "LineString", "coordinates": [[112.6948549, -7.369223099999999], [112.6946463, -7.369185899999999], [112.69347340000002, -7.369096899999997]]}}, {"type": "Feature", "properties": {"layer": "osm_road", "stroke": "#999999"}, "geometry": {"type": "LineString", "coordinates": [[112.6947216, -7.368413199999999], [112.69356719999999, -7.368317800000001], [112.692222, -7.3681707]]}}, {"type": "Feature", "properties": {"layer": "osm_road", "stroke": "#999999"}, "geometry": {"type": "LineString", "coordinates": [[112.69719820000002, -7.3687499], [112.69716989999999, -7.369042300000001], [112.6971418, -7.369333100000001]]}}, {"type": "Feature", "properties": {"layer": "osm_road", "stroke": "#999999"}, "geometry": {"type": "LineString", "coordinates": [[112.69633749999998, -7.369247599999998], [112.69630829999998, -7.369519800000002], [112.6962808, -7.369776400000001], [112.6962458, -7.3700825]]}}, {"type": "Feature", "properties": {"layer": "osm_road", "stroke": "#999999"}, "geometry": {"type": "LineString", "coordinates": [[112.69668679999998, -7.3687001], [112.69665599999999, -7.368992], [112.6966258, -7.3692769999999985]]}}, {"type": "Feature", "properties": {"layer": "osm_road", "stroke": "#999999"}, "geometry": {"type": "LineString", "coordinates": [[112.6887577, -7.3633049], [112.68864679999999, -7.3633053], [112.68853679999998, -7.363313799999999], [112.6884993, -7.3633168], [112.68844459999998, -7.363328599999999], [112.68829679999999, -7.3633717], [112.6882542, -7.3633857], [112.68820819999999, -7.363409]]}}, {"type": "Feature", "properties": {"layer": "osm_road", "stroke": "#999999"}, "geometry": {"type": "LineString", "coordinates": [[112.69328539999998, -7.359275799999998], [112.6932841, -7.3603860999999995], [112.6932996, -7.360795999999999]]}}, {"type": "Feature", "properties": {"layer": "osm_road", "stroke": "#999999"}, "geometry": {"type": "LineString", "coordinates": [[112.68166999999998, -7.3693244999999985], [112.6814493, -7.370187100000001], [112.6813159, -7.370638999999998]]}}, {"type": "Feature", "properties": {"layer": "osm_road", "stroke": "#999999"}, "geometry": {"type": "LineString", "coordinates": [[112.70189537728089, -7.3640962146257465], [112.7018718, -7.3640927]]}}, {"type": "Feature", "properties": {"layer": "osm_road", "stroke": "#999999"}, "geometry": {"type": "LineString", "coordinates": [[112.70054549999999, -7.3687664], [112.70046449999998, -7.368757499999999], [112.69980349999999, -7.3687027], [112.69950869999998, -7.368670199999999]]}}, {"type": "Feature", "properties": {"layer": "osm_road", "stroke": "#999999"}, "geometry": {"type": "LineString", "coordinates": [[112.67993106960772, -7.377094393293547], [112.67995879999998, -7.376871000000002], [112.6799762, -7.3768524], [112.6800044, -7.3768458], [112.6805485, -7.376921599999999], [112.68056749999998, -7.3769226], [112.6805878, -7.376914899999999], [112.6806106, -7.3768970000000005], [112.680623, -7.376889], [112.6806347, -7.376888300000001], [112.68083719999998, -7.3769269], [112.68085059999999, -7.3769312], [112.68085779999998, -7.376942899999999], [112.6808607, -7.3769628], [112.6808365, -7.377076500000001]]}}, {"type": "Feature", "properties": {"layer": "osm_road", "stroke": "#999999"}, "geometry": {"type": "LineString", "coordinates": [[112.6924351, -7.366306399999998], [112.69339559999999, -7.3664026], [112.6937193, -7.366435]]}}, {"type": "Feature", "properties": {"layer": "osm_road", "stroke": "#999999"}, "geometry": {"type": "LineString", "coordinates": [[112.69681689999999, -7.366957600000001], [112.6968298, -7.366804799999998], [112.6968593, -7.366455300000001]]}}, {"type": "Feature", "properties": {"layer": "osm_road", "stroke": "#999999"}, "geometry": {"type": "LineString", "coordinates": [[112.69809259999998, -7.3685316], [112.69695639999999, -7.368424], [112.6958515, -7.3683193000000005]]}}, {"type": "Feature", "properties": {"layer": "osm_road", "stroke": "#999999"}, "geometry": {"type": "LineString", "coordinates": [[112.693056, -7.368669800000001], [112.69302639999998, -7.369038700000003], [112.69299080000002, -7.3694182]]}}, {"type": "Feature", "properties": {"layer": "osm_road", "stroke": "#999999"}, "geometry": {"type": "LineString", "coordinates": [[112.68064039999999, -7.3759165999999965], [112.68060789999998, -7.376187399999999], [112.6806119, -7.376201400000002], [112.68064139999998, -7.376214], [112.6812342, -7.3762951999999995]]}}, {"type": "Feature", "properties": {"layer": "osm_road", "stroke": "#999999"}, "geometry": {"type": "LineString", "coordinates": [[112.69919669999999, -7.3673565], [112.69916929999998, -7.3673579], [112.6991433, -7.367366100000001], [112.69912519999998, -7.3673839999999995], [112.69911309999999, -7.3674040000000005], [112.699099, -7.3675762], [112.69910839999999, -7.3676075], [112.69912049999999, -7.367627399999997], [112.6991332, -7.367636699999999]]}}, {"type": "Feature", "properties": {"layer": "osm_road", "stroke": "#999999"}, "geometry": {"type": "LineString", "coordinates": [[112.6971068, -7.3669923], [112.6971558, -7.366675800000001], [112.69715379999998, -7.366643199999998], [112.69714449999998, -7.366603099999997], [112.69713359999999, -7.3665840000000005], [112.6970934, -7.366556100000002], [112.69704879999999, -7.3665384]]}}, {"type": "Feature", "properties": {"layer": "osm_road", "stroke": "#999999"}, "geometry": {"type": "LineString", "coordinates": [[112.6962106, -7.363503899999998], [112.69620320000001, -7.363457899999999], [112.6959396, -7.363497999999999], [112.6955526, -7.3635342999999995]]}}, {"type": "Feature", "properties": {"layer": "osm_road", "stroke": "#999999"}, "geometry": {"type": "LineString", "coordinates": [[112.6930261, -7.361272799999998], [112.69184079999998, -7.361290699999999]]}}, {"type": "Feature", "properties": {"layer": "osm_road", "stroke": "#999999"}, "geometry": {"type": "LineString", "coordinates": [[112.6999379, -7.364786199999997], [112.69964769999999, -7.364818500000001], [112.6984786, -7.3649203]]}}, {"type": "Feature", "properties": {"layer": "osm_road", "stroke": "#999999"}, "geometry": {"type": "LineString", "coordinates": [[112.69799659999998, -7.3677621], [112.6969956, -7.367660400000002], [112.6958816, -7.367534900000002]]}}, {"type": "Feature", "properties": {"layer": "osm_road", "stroke": "#999999"}, "geometry": {"type": "LineString", "coordinates": [[112.69980349999999, -7.3687027], [112.69976889999998, -7.369045300000001], [112.6997568, -7.369401699999998]]}}, {"type": "Feature", "properties": {"layer": "osm_road", "stroke": "#999999"}, "geometry": {"type": "LineString", "coordinates": [[112.6960634, -7.3658268], [112.6960215, -7.366221700000002], [112.69597399999999, -7.3668901]]}}, {"type": "Feature", "properties": {"layer": "osm_road", "stroke": "#999999"}, "geometry": {"type": "LineString", "coordinates": [[112.6973514, -7.3595516], [112.6966219, -7.359327300000001], [112.6963449, -7.3592422000000015], [112.6961217, -7.359167100000001], [112.6957314, -7.3590321]]}}, {"type": "Feature", "properties": {"layer": "osm_road", "stroke": "#999999"}, "geometry": {"type": "LineString", "coordinates": [[112.6970147, -7.367351199999998], [112.6969956, -7.367660400000002], [112.6969661, -7.367995800000001]]}}, {"type": "Feature", "properties": {"layer": "osm_road", "stroke": "#999999"}, "geometry": {"type": "LineString", "coordinates": [[112.68883279999999, -7.363969300000001], [112.6883743, -7.3640605], [112.68803179999999, -7.364095500000001]]}}, {"type": "Feature", "properties": {"layer": "osm_road", "stroke": "#999999"}, "geometry": {"type": "LineString", "coordinates": [[112.6957857, -7.3678967], [112.6958424, -7.367900699999998], [112.6969661, -7.367995800000001], [112.6978868, -7.368098799999999], [112.6982047, -7.3681344000000015], [112.69840969999998, -7.368155200000001], [112.6991395, -7.368238899999998], [112.69925329999998, -7.368259200000001], [112.6992774, -7.368265200000001], [112.69931699999998, -7.3682758], [112.6993544, -7.368283099999999]]}}, {"type": "Feature", "properties": {"layer": "osm_road", "stroke": "#999999"}, "geometry": {"type": "LineString", "coordinates": [[112.69964769999999, -7.364818500000001], [112.69967709999999, -7.365097699999998], [112.6997075, -7.365387100000001], [112.6997416, -7.3657115]]}}, {"type": "Feature", "properties": {"layer": "osm_road", "stroke": "#999999"}, "geometry": {"type": "LineString", "coordinates": [[112.69704879999999, -7.3665384], [112.6968593, -7.366455300000001], [112.6960634, -7.3658268], [112.69564609999999, -7.3655703], [112.69555999999999, -7.3655507]]}}, {"type": "Feature", "properties": {"layer": "osm_road", "stroke": "#999999"}, "geometry": {"type": "LineString", "coordinates": [[112.7007231, -7.3524289000000005], [112.7007037, -7.352443499999998], [112.70068870000001, -7.352445899999999], [112.7006738, -7.352443499999998], [112.70045539999998, -7.3523285], [112.70032709999998, -7.352249299999999], [112.69989369999999, -7.3519355], [112.6994511, -7.351613899999999], [112.6993669, -7.351548899999999], [112.69933839999999, -7.3515267999999985]]}}, {"type": "Feature", "properties": {"layer": "osm_road", "stroke": "#999999"}, "geometry": {"type": "LineString", "coordinates": [[112.6787237, -7.372373900000001], [112.6781312, -7.372403000000001], [112.67729689999999, -7.372403000000001], [112.67670229999999, -7.372403900000002]]}}, {"type": "Feature", "properties": {"layer": "osm_road", "stroke": "#999999"}, "geometry": {"type": "LineString", "coordinates": [[112.69656299999998, -7.360257699999998], [112.69610199999998, -7.360154999999998], [112.6953888, -7.360003199999999], [112.6951178, -7.359960599999999], [112.6948234, -7.359911899999999]]}}, {"type": "Feature", "properties": {"layer": "osm_road", "stroke": "#999999"}, "geometry": {"type": "LineString", "coordinates": [[112.70189537728089, -7.349599446784099], [112.70183019999999, -7.349597399999999], [112.70166979999999, -7.349548100000001], [112.70145969999999, -7.349478400000001], [112.70140459999999, -7.34946], [112.7012877, -7.3494229], [112.70114349999999, -7.349377], [112.7011275, -7.3493823], [112.7011147, -7.3493983], [112.7010845, -7.349474799999999], [112.701047, -7.349582399999998]]}}, {"type": "Feature", "properties": {"layer": "osm_road", "stroke": "#999999"}, "geometry": {"type": "LineString", "coordinates": [[112.69468420000001, -7.368796899999999], [112.69351939999999, -7.368714600000001], [112.693056, -7.368669800000001], [112.6921796, -7.3685814]]}}, {"type": "Feature", "properties": {"layer": "osm_road", "stroke": "#999999"}, "geometry": {"type": "LineString", "coordinates": [[112.6986304, -7.3654932], [112.6986038, -7.365485700000001], [112.698578, -7.3654724], [112.6985609, -7.365453800000001], [112.69855219999998, -7.365428899999997], [112.6985134, -7.365191299999998], [112.6984786, -7.3649203]]}}, {"type": "Feature", "properties": {"layer": "osm_road", "stroke": "#999999"}, "geometry": {"type": "LineString", "coordinates": [[112.70003989999998, -7.365667600000002], [112.6997416, -7.3657115], [112.6996065, -7.3657192], [112.6991678, -7.365731800000001], [112.69913759999999, -7.365727499999997], [112.6991138, -7.3657175], [112.6991009, -7.365694499999999]]}}, {"type": "Feature", "properties": {"layer": "osm_road", "stroke": "#999999"}, "geometry": {"type": "LineString", "coordinates": [[112.6989297, -7.363341499999999], [112.6989621, -7.363619999999998], [112.69899079999999, -7.363866599999999], [112.6990222, -7.3641365]]}}, {"type": "Feature", "properties": {"layer": "osm_road", "stroke": "#999999"}, "geometry": {"type": "LineString", "coordinates": [[112.6953863, -7.366520800000001], [112.69494179999998, -7.366478999999999], [112.6941107, -7.3664005999999995], [112.6937262, -7.3663644]]}}, {"type": "Feature", "properties": {"layer": "osm_road", "stroke": "#999999"}, "geometry": {"type": "LineString", "coordinates": [[112.6902754, -7.360415599999998], [112.69055519999999, -7.3604352], [112.69062649999998, -7.360436900000002], [112.69075069999998, -7.3604389], [112.6916307, -7.360463499999999], [112.691702, -7.3604682000000015]]}}, {"type": "Feature", "properties": {"layer": "osm_road", "stroke": "#999999"}, "geometry": {"type": "LineString", "coordinates": [[112.69657829999998, -7.361409500000001], [112.6965853, -7.3611449], [112.69656469999998, -7.361096999999998], [112.69654539999999, -7.361034400000001], [112.69654289999998, -7.360882799999999], [112.69656770000002, -7.360491699999999], [112.6965704, -7.360378], [112.6965717, -7.360318900000003], [112.6965717, -7.360288300000001], [112.69656299999998, -7.360257699999998]]}}, {"type": "Feature", "properties": {"layer": "osm_road", "stroke": "#999999"}, "geometry": {"type": "LineString", "coordinates": [[112.70088069999998, -7.363170099999998], [112.700882, -7.3631455], [112.70088840000001, -7.3631266], [112.7008968, -7.363110599999998], [112.7009089, -7.363096600000001], [112.7009296, -7.363084], [112.70189537728089, -7.363044700823138]]}}, {"type": "Feature", "properties": {"layer": "osm_road", "stroke": "#999999"}, "geometry": {"type": "LineString", "coordinates": [[112.6825002, -7.3767369999999985], [112.6823325, -7.3767314], [112.6822058, -7.376734699999999], [112.68208979999999, -7.3767412], [112.68196409999999, -7.376770299999999], [112.6816902, -7.376845699999996], [112.6815896, -7.3768777], [112.68151599999999, -7.376891599999997], [112.68117679999999, -7.3769286]]}}, {"type": "Feature", "properties": {"layer": "osm_road", "stroke": "#999999"}, "geometry": {"type": "LineString", "coordinates": [[112.6958066, -7.358305099999999], [112.69578159999999, -7.358719699999999], [112.6957314, -7.3590321], [112.69547439999998, -7.3597427], [112.6953888, -7.360003199999999]]}}, {"type": "Feature", "properties": {"layer": "osm_road", "stroke": "#999999"}, "geometry": {"type": "LineString", "coordinates": [[112.68340590702104, -7.377094393293547], [112.68350669999998, -7.3769981], [112.68417459999999, -7.376494], [112.6841866, -7.3764707], [112.6841779, -7.376218]]}}, {"type": "Feature", "properties": {"layer": "osm_road", "stroke": "#999999"}, "geometry": {"type": "LineString", "coordinates": [[112.7008418, -7.366990000000001], [112.70078869999999, -7.3673888], [112.70073259999998, -7.367748800000001], [112.70066380000002, -7.368101299999998]]}}, {"type": "Feature", "properties": {"layer": "osm_road", "stroke": "#999999"}, "geometry": {"type": "LineString", "coordinates": [[112.69806149999998, -7.3688339], [112.69719820000002, -7.3687499], [112.6969299, -7.3687236999999985], [112.69668679999998, -7.3687001], [112.69582199999999, -7.368615899999998]]}}, {"type": "Feature", "properties": {"layer": "osm_road", "stroke": "#999999"}, "geometry": {"type": "LineString", "coordinates": [[112.69831579999999, -7.363321999999998], [112.6982981, -7.363299499999998], [112.69828099999998, -7.3632676], [112.69826619999999, -7.363241000000002], [112.6981884, -7.363007099999999], [112.6980958, -7.3627012999999994], [112.6980469, -7.362493499999997], [112.69804089999998, -7.362445300000002], [112.69804089999998, -7.362403]]}}, {"type": "Feature", "properties": {"layer": "osm_road", "stroke": "#999999"}, "geometry": {"type": "LineString", "coordinates": [[112.67955378008116, -7.377094393293547], [112.679126, -7.3770359999999995], [112.6786938, -7.376972800000002], [112.67867969999999, -7.376965800000001], [112.6786715, -7.376955499999999], [112.67866809999998, -7.376940500000001], [112.6786787, -7.376855299999996], [112.6786819, -7.376812], [112.6786792, -7.3768042000000005], [112.6786752, -7.3767986], [112.6786666, -7.376795200000001]]}}, {"type": "Feature", "properties": {"layer": "osm_road", "stroke": "#999999"}, "geometry": {"type": "LineString", "coordinates": [[112.69805199999999, -7.367429299999999], [112.6978439, -7.367413100000002], [112.6972044, -7.367352199999998], [112.6970147, -7.367351199999998], [112.69592369999998, -7.367225800000001]]}}, {"type": "Feature", "properties": {"layer": "osm_road", "stroke": "#999999"}, "geometry": {"type": "LineString", "coordinates": [[112.6954331, -7.361675600000001], [112.69623339999998, -7.3616199999999985], [112.69657339999999, -7.3615958], [112.69665129999998, -7.361590199999998], [112.6967499, -7.361583199999997], [112.6972305, -7.3615489], [112.6977278, -7.361459799999997], [112.6978151, -7.3614324999999985]]}}, {"type": "Feature", "properties": {"layer": "osm_road", "stroke": "#999999"}, "geometry": {"type": "LineString", "coordinates": [[112.69509719999999, -7.367948600000001], [112.6947707, -7.36791], [112.69362130000002, -7.3677917], [112.69229359999999, -7.367654899999999], [112.6922859, -7.367714199999999]]}}, {"type": "Feature", "properties": {"layer": "osm_road", "stroke": "#999999"}, "geometry": {"type": "LineString", "coordinates": [[112.68262, -7.375123000000002], [112.68260009999999, -7.3756295], [112.6825726, -7.375918799999999], [112.68254889999999, -7.376230100000001], [112.682531, -7.376471999999999], [112.682506, -7.376699699999999], [112.6825002, -7.3767369999999985], [112.68247999999998, -7.376865600000002], [112.68245859999999, -7.377093199999998], [112.68245838211632, -7.377094393293547]]}}, {"type": "Feature", "properties": {"layer": "osm_road", "stroke": "#999999"}, "geometry": {"type": "LineString", "coordinates": [[112.6869586, -7.358416299999999], [112.6869619, -7.3585633], [112.68691399999999, -7.359647700000002]]}}, {"type": "Feature", "properties": {"layer": "osm_road", "stroke": "#999999"}, "geometry": {"type": "LineString", "coordinates": [[112.6972044, -7.367352199999998], [112.6971068, -7.3669923], [112.69681689999999, -7.366957600000001], [112.69597399999999, -7.3668901], [112.695772, -7.3668525], [112.69552999999999, -7.3668075]]}}, {"type": "Feature", "properties": {"layer": "osm_road", "stroke": "#999999"}, "geometry": {"type": "LineString", "coordinates": [[112.70183019999999, -7.349597399999999], [112.7017886, -7.349828600000001], [112.70175579999999, -7.350040700000003], [112.7017061, -7.3502728], [112.70169339999998, -7.350339000000001], [112.7016733, -7.3504144999999985], [112.70167809999998, -7.350477299999999], [112.7016797, -7.3505693999999995]]}}, {"type": "Feature", "properties": {"layer": "osm_road", "stroke": "#999999"}, "geometry": {"type": "LineString", "coordinates": [[112.69557879999999, -7.3638990999999985], [112.6949022, -7.363904199999999], [112.6948079, -7.363901399999999], [112.6946747, -7.363895300000001], [112.69438699999999, -7.363896000000001], [112.69402869999999, -7.3638633], [112.693659, -7.363780999999999], [112.69343289999999, -7.363744399999998], [112.6933068, -7.363728399999999]]}}, {"type": "Feature", "properties": {"layer": "osm_road", "stroke": "#999999"}, "geometry": {"type": "LineString", "coordinates": [[112.6938177, -7.365436999999999], [112.6935061, -7.365407099999998], [112.6931893, -7.365376599999999], [112.6928461, -7.365343699999999], [112.69253569999998, -7.3653139]]}}, {"type": "Feature", "properties": {"layer": "osm_road", "stroke": "#999999"}, "geometry": {"type": "LineString", "coordinates": [[112.7015731, -7.368208399999999], [112.7013134, -7.368169999999999], [112.70096739999998, -7.368133900000001], [112.70066380000002, -7.368101299999998], [112.7005846, -7.3680925], [112.7005141, -7.3680862000000005], [112.6996984, -7.368001199999999], [112.6995767, -7.367992699999999]]}}, {"type": "Feature", "properties": {"layer": "osm_road", "stroke": "#999999"}, "geometry": {"type": "LineString", "coordinates": [[112.68091789999998, -7.370578199999999], [112.680919, -7.370605799999999], [112.6808289, -7.371277600000001], [112.68078789999998, -7.371483499999999], [112.6807799, -7.3714975], [112.6807725, -7.371509100000001], [112.6807535, -7.371513800000002]]}}, {"type": "Feature", "properties": {"layer": "osm_road", "stroke": "#999999"}, "geometry": {"type": "LineString", "coordinates": [[112.69960069999999, -7.367705000000001], [112.6995767, -7.367992699999999], [112.69953809999998, -7.3683152], [112.69953489999999, -7.368346300000002], [112.69950869999998, -7.368670199999999], [112.6994068, -7.3696112]]}}, {"type": "Feature", "properties": {"layer": "osm_road", "stroke": "#999999"}, "geometry": {"type": "LineString", "coordinates": [[112.6935613, -7.364732800000001], [112.6935061, -7.365407099999998], [112.6934724, -7.365710199999998], [112.6934371, -7.366027899999999], [112.69339559999999, -7.3664026]]}}, {"type": "Feature", "properties": {"layer": "osm_road", "stroke": "#999999"}, "geometry": {"type": "LineString", "coordinates": [[112.69177939999999, -7.361636700000001], [112.6917748, -7.361273399999998], [112.69177339999999, -7.360947000000001], [112.6917599, -7.360603399999997]]}}, {"type": "Feature", "properties": {"layer": "osm_road", "stroke": "#999999"}, "geometry": {"type": "LineString", "coordinates": [[112.6981824, -7.366502500000003], [112.69819649999998, -7.3666751], [112.69820249999998, -7.367207099999998], [112.69821730000001, -7.367235100000001], [112.6982313, -7.3672509999999996], [112.6982494, -7.367257700000001], [112.699274, -7.367182500000001], [112.6992948, -7.367175199999997], [112.69931359999998, -7.367158600000001], [112.69932229999999, -7.367131999999996], [112.6993391, -7.366993000000002], [112.6993498, -7.3669767], [112.69936260000001, -7.366964399999998], [112.69938199999999, -7.3669557999999995], [112.7005524, -7.366839799999999], [112.7015774, -7.366951099999999], [112.701621, -7.366949099999999], [112.70163839999998, -7.366943799999999], [112.70165449999999, -7.366932499999998], [112.70175040000001, -7.3667975000000006]]}}, {"type": "Feature", "properties": {"layer": "osm_road", "stroke": "#999999"}, "geometry": {"type": "LineString", "coordinates": [[112.69597399999999, -7.3668901], [112.69592369999998, -7.367225800000001], [112.6958816, -7.367534900000002], [112.69585520000001, -7.3677895], [112.6958424, -7.367900699999998]]}}, {"type": "Feature", "properties": {"layer": "osm_road", "stroke": "#999999"}, "geometry": {"type": "LineString", "coordinates": [[112.701713, -7.367888800000001], [112.70076379999999, -7.367757300000001], [112.70073259999998, -7.367748800000001], [112.7006458, -7.3677408], [112.7003953, -7.367732400000002], [112.6997042, -7.367720199999999], [112.69967419999999, -7.3677142999999985], [112.69960069999999, -7.367705000000001], [112.69921219999999, -7.3676507], [112.6991332, -7.367636699999999]]}}, {"type": "Feature", "properties": {"layer": "osm_road", "stroke": "#999999"}, "geometry": {"type": "LineString", "coordinates": [[112.69985970000002, -7.364094800000001], [112.6995376, -7.364108300000002], [112.6992999, -7.364121300000001], [112.6990222, -7.3641365], [112.6983953, -7.3641643000000006]]}}, {"type": "Feature", "properties": {"layer": "osm_road", "stroke": "#999999"}, "geometry": {"type": "LineString", "coordinates": [[112.69062649999998, -7.360436900000002], [112.6905957, -7.3605618], [112.6905728, -7.3609232], [112.6905448, -7.361214600000001]]}}, {"type": "Feature", "properties": {"layer": "osm_road", "stroke": "#999999"}, "geometry": {"type": "LineString", "coordinates": [[112.6898097, -7.357703699999999], [112.6898539, -7.3577981], [112.6901324, -7.358361699999998], [112.69015619999999, -7.3584147999999985], [112.69024219999999, -7.358606399999999], [112.69026719999998, -7.358698199999998], [112.6903027, -7.358851799999999], [112.6903281, -7.358977699999999], [112.69033019999999, -7.358988100000002]]}}, {"type": "Feature", "properties": {"layer": "osm_road", "stroke": "#999999"}, "geometry": {"type": "LineString", "coordinates": [[112.69362130000002, -7.3677917], [112.69356719999999, -7.368317800000001], [112.69351939999999, -7.368714600000001], [112.69347340000002, -7.369096899999997], [112.69344389999999, -7.369461699999999], [112.69341259999999, -7.3698484], [112.6933906, -7.370119899999998]]}}, {"type": "Feature", "properties": {"layer": "osm_road", "stroke": "#999999"}, "geometry": {"type": "LineString", "coordinates": [[112.70048639999999, -7.3691437], [112.700477, -7.369099099999999], [112.70054549999999, -7.3687664], [112.7006096, -7.3684209], [112.7006276, -7.3683263000000006], [112.70064659999998, -7.3682149]]}}, {"type": "Feature", "properties": {"layer": "osm_road", "stroke": "#999999"}, "geometry": {"type": "LineString", "coordinates": [[112.69934779999998, -7.368347], [112.69933139999999, -7.368346599999999], [112.69927269999998, -7.368345], [112.6992197, -7.368343299999999], [112.69912479999999, -7.368336899999999], [112.6981226, -7.368240100000002], [112.6978763, -7.368212899999997], [112.69698360000001, -7.368115199999999], [112.6958828, -7.368004900000002], [112.69577659999999, -7.367991499999998]]}}, {"type": "Feature", "properties": {"layer": "osm_road", "stroke": "#999999"}, "geometry": {"type": "LineString", "coordinates": [[112.6868544, -7.3750881], [112.6862271, -7.375096799999999], [112.68554179999998, -7.375104800000001], [112.6842082, -7.375113600000001], [112.68262, -7.375123000000002]]}}, {"type": "Feature", "properties": {"layer": "osm_road", "stroke": "#999999"}, "geometry": {"type": "LineString", "coordinates": [[112.69231579999999, -7.3674846], [112.6936016, -7.3676276000000005], [112.69397879999998, -7.3676667], [112.6948162, -7.367753600000001], [112.6950872, -7.3677869]]}}, {"type": "Feature", "properties": {"layer": "osm_road", "stroke": "#999999"}, "geometry": {"type": "LineString", "coordinates": [[112.6812342, -7.3762951999999995], [112.68117679999999, -7.3769286], [112.68113747960452, -7.377094393293547]]}}, {"type": "Feature", "properties": {"layer": "osm_road", "stroke": "#999999"}, "geometry": {"type": "LineString", "coordinates": [[112.68999079999999, -7.362835399999999], [112.6899495, -7.3633216], [112.6898966, -7.3636], [112.6898527, -7.363826099999998], [112.6898365, -7.3641146000000015], [112.68983679999998, -7.3644295999999985], [112.6898414, -7.364454899999998]]}}, {"type": "Feature", "properties": {"layer": "osm_road", "stroke": "#999999"}, "geometry": {"type": "LineString", "coordinates": [[112.6947707, -7.36791], [112.6947216, -7.368413199999999], [112.69468420000001, -7.368796899999999], [112.6946463, -7.369185899999999], [112.6946079, -7.369579299999998], [112.6945696, -7.3699721]]}}, {"type": "Feature", "properties": {"layer": "osm_road", "stroke": "#999999"}, "geometry": {"type": "LineString", "coordinates": [[112.68575179999999, -7.3638634], [112.6857101, -7.364944900000001], [112.68569959999999, -7.365217300000002], [112.68564369999999, -7.365914300000001], [112.6855794, -7.3670488999999995], [112.68554179999998, -7.367180500000001], [112.6854868, -7.367264299999999], [112.68539829999999, -7.367341499999998], [112.6852977, -7.3673867], [112.68518639999999, -7.3674492], [112.68508719999998, -7.3675702], [112.68499999999999, -7.367640700000001], [112.6848914, -7.367665999999999], [112.68356379999999, -7.3676164]]}}, {"type": "Feature", "properties": {"layer": "osm_road", "stroke": "#999999"}, "geometry": {"type": "LineString", "coordinates": [[112.6984786, -7.3649203], [112.69843390000001, -7.364554999999999], [112.6983953, -7.3641643000000006], [112.6983644, -7.363916700000001], [112.69833409999998, -7.3636739], [112.6983145, -7.363497699999999]]}}, {"type": "Feature", "properties": {"layer": "osm_road", "stroke": "#999999"}, "geometry": {"type": "LineString", "coordinates": [[112.6997664, -7.363269700000001], [112.69985970000002, -7.364094800000001], [112.69989929999998, -7.364444599999999], [112.6999379, -7.364786199999997], [112.70003989999998, -7.365667600000002], [112.70006529999999, -7.365742699999999]]}}, {"type": "Feature", "properties": {"layer": "osm_road", "stroke": "#999999"}, "geometry": {"type": "LineString", "coordinates": [[112.6997664, -7.363269700000001], [112.6997592, -7.3632611], [112.699748, -7.3632513999999984], [112.6997344, -7.3632431], [112.69971749999999, -7.363239600000001], [112.69946979999999, -7.3632613000000005], [112.69921359999998, -7.3633014999999995], [112.6989297, -7.363341499999999], [112.69836709999998, -7.3634238000000005], [112.6983433, -7.363438500000001], [112.69832689999998, -7.3634554], [112.6983185, -7.363470700000001], [112.6983145, -7.363497699999999]]}}, {"type": "Feature", "properties": {"layer": "osm_road", "stroke": "#999999"}, "geometry": {"type": "LineString", "coordinates": [[112.68118859999998, -7.371835599999999], [112.6807058, -7.3723756], [112.6805435, -7.3725219], [112.68041879999998, -7.3725631], [112.68027389999999, -7.3725858], [112.67995609999998, -7.372596400000002], [112.6794532, -7.372597700000001], [112.67909109999998, -7.372557800000001], [112.67885639999999, -7.3725073], [112.67872659999999, -7.3724362]]}}, {"type": "Feature", "properties": {"layer": "osm_road", "stroke": "#999999"}, "geometry": {"type": "LineString", "coordinates": [[112.680569, -7.369089100000002], [112.6807136, -7.3681266999999995], [112.6807438, -7.3679259], [112.68079259999999, -7.3676260000000005], [112.68085699999999, -7.367259499999999], [112.68087989999998, -7.367138899999998], [112.68129049999999, -7.3671938]]}}, {"type": "Feature", "properties": {"layer": "osm_road", "stroke": "#999999"}, "geometry": {"type": "LineString", "coordinates": [[112.70189537728089, -7.350428668260943], [112.70167809999998, -7.350477299999999], [112.70120599999998, -7.3506100000000005], [112.70104649999999, -7.350639699999999], [112.70094550000002, -7.3506537], [112.7008979, -7.350662200000001], [112.7008767, -7.3506732999999995], [112.7008659, -7.350691100000001], [112.7008433, -7.350734300000001]]}}, {"type": "Feature", "properties": {"layer": "osm_road", "stroke": "#999999"}, "geometry": {"type": "LineString", "coordinates": [[112.69912479999999, -7.368336899999999], [112.6991212, -7.3683982], [112.69909309999998, -7.368675500000001], [112.69905599999998, -7.3690687000000015], [112.6990292, -7.3693968000000005], [112.69894879999998, -7.3696104999999985]]}}, {"type": "Feature", "properties": {"layer": "osm_road", "stroke": "#999999"}, "geometry": {"type": "LineString", "coordinates": [[112.6920373, -7.370056999999999], [112.69203579999999, -7.370052399999998], [112.6920353, -7.370047599999998], [112.69204549999999, -7.3699523000000005], [112.69209509999999, -7.369335800000001], [112.69213329999998, -7.3689614], [112.6921796, -7.3685814], [112.692222, -7.3681707], [112.6922859, -7.367714199999999]]}}, {"type": "Feature", "properties": {"layer": "osm_road", "stroke": "#999999"}, "geometry": {"type": "LineString", "coordinates": [[112.69451399999998, -7.359185199999999], [112.69367279999999, -7.3592478], [112.69328539999998, -7.359275799999998], [112.6930976, -7.359286100000001], [112.6927516, -7.359280400000001], [112.69249410000002, -7.3592761], [112.6921005, -7.359276300000001], [112.69177429999999, -7.3592764], [112.6914735, -7.359276599999999], [112.69120999999998, -7.3592767], [112.6904422, -7.359292], [112.69039609999999, -7.3592897000000015]]}}, {"type": "Feature", "properties": {"layer": "osm_road", "stroke": "#999999"}, "geometry": {"type": "LineString", "coordinates": [[112.69792289999998, -7.366177699999998], [112.6979231, -7.366155899999997], [112.6979189, -7.3661384], [112.69790749999999, -7.366123199999999], [112.6978914, -7.3661125], [112.69781149999999, -7.366076599999999], [112.69766899999999, -7.3659975], [112.69742729999999, -7.365874999999999], [112.69700119999999, -7.365544500000001], [112.6968627, -7.365468800000001], [112.69658039999999, -7.365394300000001], [112.6962529, -7.365300799999998], [112.6961388, -7.3652560000000005], [112.695876, -7.3651545], [112.6956604, -7.3650679000000006]]}}, {"type": "Feature", "properties": {"layer": "osm_road", "stroke": "#999999"}, "geometry": {"type": "LineString", "coordinates": [[112.6958828, -7.368004900000002], [112.6958515, -7.3683193000000005], [112.69582199999999, -7.368615899999998], [112.6957933, -7.3689052], [112.695765, -7.369189099999998], [112.6957394, -7.3694469], [112.6957105, -7.369738199999998], [112.6956845, -7.3699989], [112.69568209999998, -7.3700231999999986], [112.6956771, -7.370056899999996]]}}, {"type": "Feature", "properties": {"layer": "osm_road", "stroke": "#999999"}, "geometry": {"type": "LineString", "coordinates": [[112.69015309999999, -7.360543099999998], [112.6900576, -7.361561799999998], [112.69004889999998, -7.361654599999999], [112.69002109999998, -7.361702799999997], [112.6900023, -7.361723999999998], [112.6899802, -7.361752599999998], [112.6899561, -7.361773899999998], [112.68992389999998, -7.3617899], [112.6898421, -7.3618018], [112.68977499999998, -7.3617945], [112.6896697, -7.361789199999998], [112.6896067, -7.361793200000001], [112.6895705, -7.361799200000001], [112.6895356, -7.361828399999999], [112.68931609999998, -7.3626602000000005]]}}, {"type": "Feature", "properties": {"layer": "osm_road", "stroke": "#999999"}, "geometry": {"type": "LineString", "coordinates": [[112.6979665, -7.353088299999998], [112.6982572, -7.353259899999999], [112.698634, -7.3535064000000006], [112.698859, -7.353664499999998], [112.69894079999999, -7.353715099999999], [112.69911349999998, -7.353782100000001], [112.69927189999999, -7.353822099999997], [112.6993731, -7.353833400000001], [112.69943779999998, -7.353848600000002], [112.6994756, -7.353858099999997], [112.69966239999998, -7.3539112], [112.7003359, -7.354206399999998], [112.700359, -7.354216500000001]]}}, {"type": "Feature", "properties": {"layer": "osm_road", "stroke": "#999999"}, "geometry": {"type": "LineString", "coordinates": [[112.6956225, -7.365370099999999], [112.69507819999998, -7.3651676], [112.69426889999998, -7.3648839], [112.69388549999998, -7.3647495], [112.69377409999998, -7.364715799999999], [112.6936828, -7.3646949], [112.69356549999999, -7.3646814], [112.69344259999998, -7.364671399999999], [112.69324609999998, -7.364655399999999], [112.692903, -7.364627499999999], [112.69260679999998, -7.3646034999999985]]}}, {"type": "Feature", "properties": {"layer": "osm_road", "stroke": "#999999"}, "geometry": {"type": "LineString", "coordinates": [[112.69507179999998, -7.365214700000001], [112.69505790000001, -7.3653181000000005], [112.6950058, -7.365705199999999], [112.694966, -7.366085699999998], [112.69494179999998, -7.366478999999999], [112.69489929999999, -7.3668357], [112.69486769999999, -7.3672272], [112.6948162, -7.367753600000001]]}}, {"type": "Feature", "properties": {"layer": "osm_road", "stroke": "#999999"}, "geometry": {"type": "LineString", "coordinates": [[112.6946079, -7.369579299999998], [112.69344389999999, -7.369461699999999], [112.6930883, -7.3694276], [112.69299080000002, -7.3694182], [112.69275609999998, -7.369394099999999], [112.6924242, -7.3693621], [112.69209509999999, -7.369335800000001]]}}, {"type": "Feature", "properties": {"layer": "osm_road", "stroke": "#999999"}, "geometry": {"type": "LineString", "coordinates": [[112.69426359999999, -7.364934700000001], [112.69423349999998, -7.3652234], [112.6941889, -7.3656505999999995], [112.69415319999999, -7.365993799999998], [112.6941107, -7.3664005999999995], [112.6940755, -7.3667389000000005], [112.69403589999999, -7.367118999999999], [112.69397879999998, -7.3676667]]}}, {"type": "Feature", "properties": {"layer": "osm_road", "stroke": "#999999"}, "geometry": {"type": "LineString", "coordinates": [[112.69970599999999, -7.354667000000001], [112.6994898, -7.354585599999999], [112.6990856, -7.354461500000001], [112.6982877, -7.3542608], [112.6977727, -7.354167999999998], [112.6976453, -7.354134700000003], [112.69757219999998, -7.3541247], [112.69752459999998, -7.354124099999998], [112.69726210000002, -7.3541252], [112.69718929999999, -7.354118699999998], [112.69713359999999, -7.3540995], [112.69707529999998, -7.354053600000001]]}}, {"type": "Feature", "properties": {"layer": "osm_road", "stroke": "#999999"}, "geometry": {"type": "LineString", "coordinates": [[112.6938815, -7.3647904], [112.6938177, -7.365436999999999], [112.6938005, -7.365611800000002], [112.6937262, -7.3663644], [112.6937193, -7.366435], [112.6936822, -7.366811300000001], [112.6936447, -7.367190799999999], [112.6936016, -7.3676276000000005]]}}, {"type": "Feature", "properties": {"layer": "osm_road", "stroke": "#999999"}, "geometry": {"type": "LineString", "coordinates": [[112.70189537728089, -7.360072664001788], [112.70148889999999, -7.3601885], [112.7011724, -7.360278899999999], [112.7005528, -7.3604665], [112.70020139999998, -7.360564900000001], [112.70007669999998, -7.360607500000001], [112.6999614, -7.360652699999999], [112.6998058, -7.360695199999998], [112.69953399999999, -7.360739999999998], [112.6994582, -7.3607697], [112.69917819999999, -7.360892], [112.69899810000001, -7.360997200000001], [112.69890269999999, -7.3610633000000005], [112.6987445, -7.361129399999999], [112.6986746, -7.361147100000001], [112.69858169999999, -7.3611767], [112.69830859999999, -7.361263599999999], [112.6979329, -7.361387799999998], [112.6978151, -7.3614324999999985]]}}, {"type": "Feature", "properties": {"layer": "osm_road", "stroke": "#999999"}, "geometry": {"type": "LineString", "coordinates": [[112.69260429999999, -7.3646283], [112.69253569999998, -7.3653139], [112.69250210000001, -7.365645399999999], [112.6924728, -7.3659352], [112.6924351, -7.366306399999998], [112.6923992, -7.366660800000001], [112.6923598, -7.3670499000000005], [112.69231579999999, -7.3674846]]}}, {"type": "Feature", "properties": {"layer": "osm_road", "stroke": "#999999"}, "geometry": {"type": "LineString", "coordinates": [[112.6813159, -7.370638999999998], [112.6810268, -7.3705891999999995], [112.68091789999998, -7.370578199999999], [112.68039369999998, -7.370474200000001], [112.68025160000002, -7.370438600000001], [112.67979239999998, -7.370308099999999], [112.6793968, -7.370211099999999], [112.6787639, -7.3701245], [112.6787234, -7.370118800000002]]}}, {"type": "Feature", "properties": {"layer": "osm_road", "stroke": "#999999"}, "geometry": {"type": "LineString", "coordinates": [[112.69340899999999, -7.3568850999999995], [112.6933457, -7.356917900000001], [112.69283659999999, -7.3571776], [112.6926497, -7.3572969], [112.6925222, -7.357394699999999], [112.6924901, -7.357419300000001], [112.69212920000001, -7.3577383], [112.6918854, -7.357917699999999], [112.6918613, -7.3579349], [112.6915007, -7.358191200000001], [112.6914765, -7.358208600000001], [112.69139559999999, -7.358266799999998], [112.69091800000001, -7.358636100000001], [112.69056179999998, -7.358962400000001], [112.69041279999999, -7.359058600000002], [112.69034959999999, -7.359092599999998]]}}, {"type": "Feature", "properties": {"layer": "osm_road", "stroke": "#999999"}, "geometry": {"type": "LineString", "coordinates": [[112.70189537728089, -7.359104880779908], [112.70156619999999, -7.359247599999998], [112.7008668, -7.3595924], [112.70005789999999, -7.3599775], [112.70001769999999, -7.3599943], [112.6997435, -7.360096000000001], [112.6989435, -7.3604297], [112.6988369, -7.360466700000001], [112.6981487, -7.360706], [112.6976926, -7.360866800000001], [112.6976453, -7.3608841], [112.69761069999998, -7.360900400000001], [112.6975903, -7.360932000000001], [112.6975923, -7.360967199999999], [112.6976024, -7.360997200000001], [112.6978151, -7.3614324999999985]]}}, {"type": "Feature", "properties": {"layer": "osm_road", "stroke": "#999999"}, "geometry": {"type": "LineString", "coordinates": [[112.69303299999999, -7.3623299], [112.6928811, -7.362294399999999], [112.6926572, -7.362294099999998], [112.6924063, -7.362336499999998], [112.6923841, -7.362340499999999], [112.6923439, -7.362346200000001], [112.6922996, -7.3623528], [112.6922433, -7.3623611], [112.69221920000001, -7.362366399999999], [112.69216079999998, -7.362393700000001], [112.69204819999999, -7.362425600000001], [112.69199649999999, -7.3624329], [112.6919335, -7.362440900000003], [112.69186879999998, -7.3624499], [112.69184870000001, -7.3624576], [112.6918386, -7.362467199999998], [112.6918353, -7.362482199999998], [112.69183359999998, -7.3625891999999995], [112.69182759999998, -7.362624499999999], [112.6918001, -7.362638399999998], [112.6917696, -7.362643799999998], [112.691734, -7.362648100000001], [112.6917126, -7.362661999999999], [112.69170919999999, -7.362673700000001], [112.6917095, -7.362692600000001], [112.69171289999998, -7.362711900000001], [112.69173869999999, -7.362917700000002]]}}, {"type": "Feature", "properties": {"layer": "osm_road", "stroke": "#999999"}, "geometry": {"type": "LineString", "coordinates": [[112.6959122, -7.3490402], [112.69591929999999, -7.3490917], [112.695924, -7.349117], [112.695934, -7.349144199999998], [112.6960024, -7.349277899999998], [112.6960628, -7.349396300000001], [112.69608879999998, -7.3494801], [112.69608359999998, -7.349650800000001], [112.69607849999998, -7.3497317], [112.69604619999998, -7.349916699999999], [112.69600009999999, -7.350153], [112.69589499999998, -7.3507524], [112.6958482, -7.350974400000001], [112.6957967, -7.3511351000000005], [112.69573020000001, -7.3512837000000015], [112.6956913, -7.3513608], [112.69566849999998, -7.3514007], [112.6956336, -7.351434599999998], [112.695556, -7.3514992]]}}, {"type": "Feature", "properties": {"layer": "osm_road", "stroke": "#999999"}, "geometry": {"type": "LineString", "coordinates": [[112.6945447, -7.348897399999998], [112.6945396, -7.348989100000001], [112.6945114, -7.349409700000001], [112.69447859999998, -7.349692900000001], [112.6944402, -7.3499853], [112.69443969999999, -7.3500755999999985], [112.69445979999999, -7.3502956], [112.6945062, -7.350485899999999], [112.69451639999998, -7.350527900000001], [112.69452759999999, -7.3505739], [112.6945568, -7.350764300000002], [112.6945668, -7.350804900000001], [112.6945809, -7.3508474], [112.69462119999999, -7.350990400000001], [112.69463139999999, -7.351109299999998], [112.69462699999998, -7.351433299999999], [112.69462759999999, -7.3515492], [112.69461710000002, -7.351736400000001], [112.69460309999998, -7.3519216], [112.69460599999998, -7.3519676], [112.6946037, -7.3519821]]}}, {"type": "Feature", "properties": {"layer": "osm_road", "stroke": "#999999"}, "geometry": {"type": "LineString", "coordinates": [[112.6952918, -7.353110200000001], [112.6952675, -7.3530992], [112.6948322, -7.3529871], [112.69408909999999, -7.352787299999998], [112.69390359999998, -7.352754800000002], [112.6937748, -7.352740099999998], [112.69366209999998, -7.352734699999998], [112.6934963, -7.3527218], [112.69339669999998, -7.352694900000001], [112.6931752, -7.352630800000001], [112.6930064, -7.352563199999997], [112.6928046, -7.352475399999999], [112.6927637, -7.3524528], [112.6926378, -7.352397500000002], [112.69243749999998, -7.352307799999999], [112.69211489999999, -7.352198099999999], [112.6920167, -7.352163600000001], [112.6918761, -7.352119700000001], [112.69156469999999, -7.3520365], [112.6915166, -7.3520229]]}}, {"type": "Feature", "properties": {"layer": "osm_road", "stroke": "#999999"}, "geometry": {"type": "LineString", "coordinates": [[112.69462699999998, -7.351433299999999], [112.6943693, -7.351362100000003], [112.6940526, -7.3512557], [112.6938829, -7.351199599999999], [112.69377139999999, -7.3511635], [112.69369969999998, -7.3511417], [112.69365279999998, -7.3511317], [112.6935636, -7.3511211], [112.69325379999998, -7.351097], [112.6930735, -7.3510823], [112.69277299999999, -7.351042300000002], [112.6926812, -7.351041600000003], [112.69252629999998, -7.3510503], [112.6923969, -7.3510822000000005], [112.69229899999999, -7.351114099999998], [112.69213249999999, -7.351164299999998]]}}, {"type": "Feature", "properties": {"layer": "osm_road", "stroke": "#999999"}, "geometry": {"type": "LineString", "coordinates": [[112.68109189999998, -7.3572351], [112.6810797, -7.357244], [112.6810464, -7.357268499999999], [112.68093419999998, -7.3573514999999965], [112.68085769999999, -7.357405699999999], [112.68063109999999, -7.357503200000002], [112.68037530000001, -7.3575419], [112.68028359999998, -7.357567799999998], [112.68011839999998, -7.357609899999998], [112.6800237, -7.3576201999999995], [112.6796503, -7.3576609], [112.6795621, -7.357670499999997], [112.6793144, -7.3576999999999995], [112.6792694, -7.3577053], [112.6791044, -7.357724800000001], [112.6788075, -7.357762499999998], [112.6784705, -7.3578027]]}}, {"type": "Feature", "properties": {"layer": "osm_road", "stroke": "#999999"}, "geometry": {"type": "LineString", "coordinates": [[112.6745475, -7.3658574], [112.6744387, -7.365991899999998], [112.6742882, -7.366187900000002], [112.67426319999998, -7.366220499999999], [112.67417439999998, -7.366342300000001], [112.67412659999998, -7.366408], [112.67403890000001, -7.366538899999999], [112.67395909999999, -7.3666582], [112.67376859999999, -7.3669112], [112.6737092, -7.3669824], [112.6736489, -7.3670395000000015], [112.67353939999998, -7.367148300000001], [112.6733887, -7.3672479], [112.6733212, -7.367290299999998], [112.67334329999998, -7.367344699999999], [112.67336860000002, -7.367370699999999], [112.6733968, -7.3673839999999995], [112.67347719999998, -7.367412399999999]]}}, {"type": "Feature", "properties": {"layer": "osm_road", "stroke": "#999999"}, "geometry": {"type": "LineString", "coordinates": [[112.6783488, -7.358490899999998], [112.6780239, -7.358718], [112.67798830000001, -7.358739999999999], [112.6778347, -7.358843899999999], [112.6778042, -7.3588713], [112.677756, -7.358936299999999], [112.6776829, -7.3590327], [112.6775783, -7.359136399999998], [112.6774618, -7.359221000000001], [112.6766136, -7.359755699999997], [112.67656579999999, -7.359788200000002], [112.6765286, -7.359822099999999], [112.6765224, -7.3598352], [112.6765054, -7.3598706], [112.676494, -7.359914500000001], [112.67648869999998, -7.359962999999999], [112.67649229999999, -7.360065699999999], [112.67652089999999, -7.3602137999999995], [112.67653469999999, -7.360288899999999]]}}, {"type": "Feature", "properties": {"layer": "osm_road", "stroke": "#999999"}, "geometry": {"type": "LineString", "coordinates": [[112.6868186, -7.3577705], [112.6865974, -7.357771699999999], [112.6865008, -7.357777699999999], [112.6864331, -7.357780300000001], [112.68637529999998, -7.357776999999999], [112.68632239999998, -7.357767700000001], [112.68625799999998, -7.357754399999999], [112.6862245, -7.3577504000000005], [112.68617149999999, -7.357743800000001], [112.6860997, -7.357735800000001], [112.68590539999998, -7.3577053], [112.68578889999999, -7.357656099999998], [112.6856457, -7.357606600000001], [112.6854295, -7.357500899999999], [112.6853039, -7.357479300000001], [112.685175, -7.357506299999999], [112.68503000000001, -7.3576039], [112.68492959999999, -7.357753200000001], [112.6848914, -7.357819299999999], [112.68486789999999, -7.357853599999999], [112.6848445, -7.357866499999999], [112.68462139999998, -7.357896699999999], [112.6844019, -7.357894800000001], [112.6843111, -7.357884699999998], [112.6839732, -7.357866799999997], [112.6832713, -7.357847799999998], [112.68324589999999, -7.3578469], [112.6818159, -7.357837799999999]]}}, {"type": "Feature", "properties": {"layer": "osm_road", "stroke": "#999999"}, "geometry": {"type": "LineString", "coordinates": [[112.66612449999998, -7.3715735], [112.6661625, -7.371561], [112.66618159999999, -7.371537699999999], [112.66631000000001, -7.3713045], [112.66667209999999, -7.370645099999998], [112.6667803, -7.370439500000001], [112.6670455, -7.369989999999998], [112.66739049999998, -7.3695508], [112.66743179999999, -7.369502499999999], [112.6676964, -7.3691893], [112.66790019999999, -7.3689288999999984], [112.66801959999998, -7.3687439999999995], [112.6680605, -7.368687500000001], [112.66828259999998, -7.3682639], [112.6684467, -7.367999799999998]]}}, {"type": "Feature", "properties": {"layer": "osm_road", "stroke": "#999999"}, "geometry": {"type": "LineString", "coordinates": [[112.67430599999999, -7.3660154], [112.67420979999999, -7.3661322], [112.6741995, -7.3661482], [112.67408879999999, -7.3662823999999985], [112.6740545, -7.366326], [112.67395069999999, -7.3664793], [112.67383449999998, -7.366650700000002], [112.6736789, -7.366850999999999], [112.67353759999999, -7.3670033], [112.67347659999999, -7.367060799999998], [112.6734276, -7.367097399999998], [112.67337399999998, -7.367131999999996], [112.6732794, -7.367181000000001], [112.67298259999998, -7.367318000000001], [112.6728291, -7.3673941], [112.6725445, -7.367542700000003], [112.67253749999999, -7.367546399999998], [112.6721978, -7.3676992], [112.6719414, -7.367814600000001], [112.6718203, -7.367864799999999], [112.67178409999998, -7.367874100000001], [112.6717371, -7.3678801000000025], [112.67152690000002, -7.367893699999999], [112.67126299999998, -7.367911699999999], [112.6711645, -7.367931299999999], [112.67110410000001, -7.367950600000001], [112.67102499999999, -7.3679812], [112.6708943, -7.368046399999998], [112.67074610000002, -7.368134800000001], [112.6707125, -7.368156099999999], [112.67066290000001, -7.368181999999999], [112.6705628, -7.368212899999997], [112.67050529999999, -7.368230600000001], [112.670453, -7.3682459], [112.67036049999999, -7.3682672], [112.67013589999999, -7.368315699999999], [112.6700655, -7.368341], [112.67000710000002, -7.3683636], [112.66994409999998, -7.368395500000001], [112.6698931, -7.368430099999998], [112.6696994, -7.368576700000001], [112.6696312, -7.368626300000001], [112.66948389999999, -7.3687214999999995], [112.6693763, -7.368758400000001], [112.66927589999999, -7.3687754], [112.6688893, -7.368787999999999], [112.66857889999999, -7.3687881], [112.6682411, -7.368747300000001], [112.6680605, -7.368687500000001]]}}, {"type": "Feature", "properties": {"layer": "osm_road", "stroke": "#999999"}, "geometry": {"type": "LineString", "coordinates": [[112.6668524, -7.367328999999998], [112.6672825, -7.367174300000002], [112.66766489999999, -7.3670367], [112.66800029999999, -7.366939399999998], [112.66830929999999, -7.3668487], [112.66835959999999, -7.366826099999999], [112.66841989999999, -7.3667927], [112.6685185, -7.366728299999999], [112.6688324, -7.366572599999998], [112.6691706, -7.366422300000003], [112.6694025, -7.3663086], [112.66952979999999, -7.3662461], [112.6699701, -7.3660086], [112.67029369999999, -7.365824299999999], [112.67054499999999, -7.365667199999998], [112.67087809999998, -7.365472199999998], [112.6711813, -7.3652872], [112.67122750000001, -7.365265300000001], [112.67126709999998, -7.365252600000001], [112.6719858, -7.3651109], [112.6720157, -7.3651058], [112.67252109999998, -7.365018799999998], [112.6730247, -7.3649365000000016]]}}, {"type": "Feature", "properties": {"layer": "osm_road", "stroke": "#999999"}, "geometry": {"type": "LineString", "coordinates": [[112.67839069999998, -7.361604600000001], [112.6783919, -7.361629099999998], [112.6783847, -7.3616465], [112.67836589999999, -7.361661199999999], [112.6782797, -7.361725299999999], [112.6781356, -7.3618597], [112.6778606, -7.362099100000001], [112.67740520000001, -7.362442200000002], [112.6769628, -7.362809999999998], [112.6768642, -7.362889799999996], [112.6767376, -7.363011300000001], [112.6766235, -7.363142500000001], [112.67657919999999, -7.3632024000000005], [112.6765175, -7.3632864], [112.67643169999998, -7.363433099999999], [112.67636929999999, -7.363528200000002], [112.67634319999999, -7.3635562], [112.67630959999998, -7.363582799999999], [112.6760307, -7.3637690000000005], [112.6759636, -7.3638169], [112.67589789999998, -7.3638741], [112.6758416, -7.3639445], [112.67569429999999, -7.3641969], [112.6755721, -7.3644393], [112.6755414, -7.3645002], [112.675485, -7.3646171], [112.67525979999999, -7.3649941], [112.67521710000001, -7.365056599999998], [112.6750651, -7.3652041000000015], [112.67490029999999, -7.3654135], [112.6748331, -7.3654927], [112.6745475, -7.3658574]]}}, {"type": "Feature", "properties": {"layer": "osm_road", "stroke": "#999999"}, "geometry": {"type": "LineString", "coordinates": [[112.6653684, -7.372602699999998], [112.6653931, -7.372405599999999], [112.66540679999999, -7.372164999999998], [112.66545739999998, -7.3719048], [112.6655131, -7.371701399999999], [112.665583, -7.3715072], [112.66561909999999, -7.371439499999997], [112.66570659999998, -7.371315699999999], [112.66593449999999, -7.371036000000003], [112.66615459999998, -7.3707563999999985], [112.6663238, -7.3705189], [112.6663786, -7.3704078], [112.66652009999999, -7.370055599999999], [112.66664579999998, -7.369660200000003], [112.66673039999999, -7.369473300000001], [112.6668943, -7.369162100000001], [112.66707449999998, -7.368888500000001], [112.6673196, -7.368691200000001], [112.66754149999998, -7.368454699999999], [112.6677735, -7.368280500000001], [112.66780839999998, -7.3682519], [112.66784259999999, -7.3682292999999985], [112.6678801, -7.368208599999998], [112.66836699999999, -7.3680278], [112.6684467, -7.367999799999998]]}}, {"type": "Feature", "properties": {"layer": "osm_road", "stroke": "#999999"}, "geometry": {"type": "LineString", "coordinates": [[112.6876275, -7.354339099999999], [112.68771769999998, -7.354736299999998]]}}, {"type": "Feature", "properties": {"layer": "osm_road", "stroke": "#999999"}, "geometry": {"type": "LineString", "coordinates": [[112.66561909999999, -7.371439499999997], [112.66608509999999, -7.3715696], [112.66610989999998, -7.3715736], [112.66612449999998, -7.3715735]]}}, {"type": "Feature", "properties": {"layer": "osm_road", "stroke": "#999999"}, "geometry": {"type": "LineString", "coordinates": [[112.69581439999999, -7.351697500000002], [112.6957158, -7.351791799999996]]}}, {"type": "Feature", "properties": {"layer": "osm_road", "stroke": "#999999"}, "geometry": {"type": "LineString", "coordinates": [[112.6716581, -7.365945000000001], [112.67116369999998, -7.3659875999999995]]}}, {"type": "Feature", "properties": {"layer": "osm_road", "stroke": "#999999"}, "geometry": {"type": "LineString", "coordinates": [[112.6946037, -7.3519821], [112.6945775, -7.352009200000001], [112.694555, -7.3520305], [112.6945353, -7.3520684]]}}, {"type": "Feature", "properties": {"layer": "osm_road", "stroke": "#999999"}, "geometry": {"type": "LineString", "coordinates": [[112.67542189999999, -7.3669334], [112.67523560000001, -7.3672151], [112.67487129999999, -7.3677791]]}}, {"type": "Feature", "properties": {"layer": "osm_road", "stroke": "#999999"}, "geometry": {"type": "LineString", "coordinates": [[112.67609809999999, -7.367326799999999], [112.67570019999998, -7.3680491]]}}, {"type": "Feature", "properties": {"layer": "osm_road", "stroke": "#999999"}, "geometry": {"type": "LineString", "coordinates": [[112.6723641, -7.3612771], [112.6723548, -7.361227200000002], [112.6723346, -7.361186], [112.67230779999998, -7.361148799999998], [112.67224679999998, -7.361134799999999], [112.67211329999999, -7.361196000000001], [112.6720503, -7.361229900000001], [112.6719202, -7.361267200000003]]}}, {"type": "Feature", "properties": {"layer": "osm_road", "stroke": "#999999"}, "geometry": {"type": "LineString", "coordinates": [[112.6716893, -7.366178100000001], [112.6711974, -7.366217700000001]]}}, {"type": "Feature", "properties": {"layer": "osm_road", "stroke": "#999999"}, "geometry": {"type": "LineString", "coordinates": [[112.67365249999999, -7.3613684], [112.67363989999998, -7.3607511], [112.67363509999998, -7.360503799999998], [112.673613, -7.3597839999999985], [112.6736126, -7.359724400000001], [112.6736237, -7.3594846], [112.6736252, -7.3594553], [112.6736289, -7.359380799999999], [112.67363089999999, -7.359315799999998]]}}, {"type": "Feature", "properties": {"layer": "osm_road", "stroke": "#999999"}, "geometry": {"type": "LineString", "coordinates": [[112.6713193, -7.367192500000001], [112.670508, -7.367322199999999], [112.6704926, -7.367319499999999], [112.67048049999998, -7.3673115000000005], [112.6704722, -7.367293700000001]]}}, {"type": "Feature", "properties": {"layer": "osm_road", "stroke": "#999999"}, "geometry": {"type": "LineString", "coordinates": [[112.6878809, -7.354291699999998], [112.68791749999998, -7.3544461], [112.6879493, -7.3546022]]}}, {"type": "Feature", "properties": {"layer": "osm_road", "stroke": "#999999"}, "geometry": {"type": "LineString", "coordinates": [[112.6764009, -7.3674909], [112.676043, -7.3681410000000005]]}}, {"type": "Feature", "properties": {"layer": "osm_road", "stroke": "#999999"}, "geometry": {"type": "LineString", "coordinates": [[112.6746393, -7.3664737], [112.67381519999999, -7.367500399999999]]}}, {"type": "Feature", "properties": {"layer": "osm_road", "stroke": "#999999"}, "geometry": {"type": "LineString", "coordinates": [[112.67496759999999, -7.366666000000002], [112.67422719999999, -7.367610000000002]]}}, {"type": "Feature", "properties": {"layer": "osm_road", "stroke": "#999999"}, "geometry": {"type": "LineString", "coordinates": [[112.67727369999999, -7.3634236], [112.67726449999999, -7.363430500000001], [112.6772055, -7.363625599999999], [112.67718929999998, -7.363679099999999], [112.6770644, -7.363933799999997], [112.6769293, -7.364209600000001], [112.67681079999998, -7.3644794000000005], [112.67668369999998, -7.364727200000001], [112.6765349, -7.365002700000001], [112.6763921, -7.3653327]]}}, {"type": "Feature", "properties": {"layer": "osm_road", "stroke": "#999999"}, "geometry": {"type": "LineString", "coordinates": [[112.69918019999999, -7.348189900000001], [112.6990275, -7.3483354000000025], [112.6988536, -7.348541700000001], [112.69867989999999, -7.348723299999999], [112.69856730000001, -7.348816999999999], [112.6983859, -7.3489567000000005], [112.6983433, -7.348986000000002], [112.6982883, -7.3490199], [112.69824009999999, -7.349050499999998], [112.69810499999998, -7.349122799999999], [112.697966, -7.349196799999998], [112.6978108, -7.3492752], [112.697663, -7.349354199999998], [112.6975322, -7.349432499999999], [112.69735370000001, -7.3495503], [112.69715569999998, -7.3497179], [112.69705449999998, -7.349848599999998], [112.6969789, -7.3499766], [112.696935, -7.3500644], [112.6969016, -7.350120099999998], [112.6968627, -7.350178499999999], [112.69683930000001, -7.350221], [112.6968259, -7.3502602], [112.69681379999999, -7.3502873]]}}, {"type": "Feature", "properties": {"layer": "osm_road", "stroke": "#999999"}, "geometry": {"type": "LineString", "coordinates": [[112.6684467, -7.367999799999998], [112.6685835, -7.367977199999999], [112.6686747, -7.367967300000001], [112.6687592, -7.367965200000002], [112.66889039999998, -7.367957099999996], [112.669002, -7.367950000000001], [112.6690844, -7.367945999999998], [112.6691978, -7.367934699999999], [112.6692749, -7.367919999999999], [112.66946199999998, -7.3678655], [112.6695927, -7.367828900000002], [112.6696973, -7.3678009], [112.66977179999999, -7.367789699999999], [112.6698877, -7.367773099999999], [112.6700554, -7.367755100000001], [112.67023379999999, -7.3677510999999996], [112.6703023, -7.367753399999999], [112.670333, -7.3677544], [112.6704443, -7.367767100000001], [112.67053149999998, -7.367767100000001], [112.6706086, -7.367765100000001], [112.6707011, -7.367749799999997], [112.67081449999999, -7.367723799999999], [112.67142720000001, -7.367504399999999], [112.6717282, -7.3674015], [112.671893, -7.367339600000002], [112.672513, -7.367125999999996], [112.6727678, -7.3670488999999995], [112.67283349999998, -7.3670209], [112.6728898, -7.366993000000002], [112.67306019999998, -7.366885299999998], [112.67338149999999, -7.366584500000001], [112.67377229999998, -7.3660593], [112.67381919999998, -7.3659915], [112.673882, -7.365891800000001], [112.67397569999999, -7.3657249], [112.67408879999999, -7.3655233], [112.6741684, -7.3653816], [112.67433729999999, -7.3650911], [112.6744142, -7.364959], [112.67451259999999, -7.364803800000001], [112.6746091, -7.3646747], [112.67470699999998, -7.364539100000001], [112.6750061, -7.3641999], [112.67547339999999, -7.3636991], [112.6759356, -7.3632741], [112.67597049999999, -7.363244100000003], [112.6761326, -7.363054700000002], [112.6761668, -7.363010200000001], [112.6761916, -7.362967599999998], [112.6763688, -7.3625518], [112.67645379999999, -7.362381100000003], [112.6764773, -7.362350499999999], [112.67650749999999, -7.362329200000002], [112.6765426, -7.362318200000002], [112.6765673, -7.362319500000001], [112.6767827, -7.362366399999999], [112.67682579999999, -7.3623718999999985], [112.6768521, -7.362369899999998], [112.67686919999998, -7.362362400000001]]}}, {"type": "Feature", "properties": {"layer": "osm_road", "stroke": "#999999"}, "geometry": {"type": "LineString", "coordinates": [[112.6875315, -7.3560807000000015], [112.6875307, -7.356432700000001], [112.68754059999999, -7.356681400000001], [112.68754539999999, -7.356760299999999]]}}, {"type": "Feature", "properties": {"layer": "osm_road", "stroke": "#999999"}, "geometry": {"type": "LineString", "coordinates": [[112.68782589999999, -7.357506399999998], [112.68782029999998, -7.357277], [112.68782319999998, -7.357102000000001], [112.6878389, -7.3569471]]}}, {"type": "Feature", "properties": {"layer": "osm_road", "stroke": "#999999"}, "geometry": {"type": "LineString", "coordinates": [[112.6893561, -7.3517024], [112.68935920000001, -7.3517246], [112.68936529999999, -7.3517525], [112.68937, -7.351776499999999], [112.68945839999999, -7.352325500000001], [112.6895781, -7.353069200000001]]}}, {"type": "Feature", "properties": {"layer": "osm_road", "stroke": "#999999"}, "geometry": {"type": "LineString", "coordinates": [[112.6712215, -7.3663982], [112.6708746, -7.366442699999998], [112.67053059999999, -7.3664942], [112.67037480000002, -7.366531999999997]]}}, {"type": "Feature", "properties": {"layer": "osm_road", "stroke": "#999999"}, "geometry": {"type": "LineString", "coordinates": [[112.68754539999999, -7.356760299999999], [112.6871132, -7.356789599999999], [112.6870227, -7.356793399999998], [112.6864642, -7.356845699999999]]}}, {"type": "Feature", "properties": {"layer": "osm_road", "stroke": "#999999"}, "geometry": {"type": "LineString", "coordinates": [[112.6887095, -7.3576162], [112.6886895, -7.357540300000001], [112.6886655, -7.357432899999998], [112.68865889999998, -7.357393199999998], [112.68853849999999, -7.356743699999997], [112.6885353, -7.356716399999998], [112.6885324, -7.356686200000001], [112.68853060000002, -7.3566571]]}}, {"type": "Feature", "properties": {"layer": "osm_road", "stroke": "#999999"}, "geometry": {"type": "LineString", "coordinates": [[112.68196019999999, -7.355724799999998], [112.68144889999999, -7.355839999999998], [112.6809164, -7.3559917]]}}, {"type": "Feature", "properties": {"layer": "osm_road", "stroke": "#999999"}, "geometry": {"type": "LineString", "coordinates": [[112.67129289999998, -7.366949], [112.6705041, -7.367044900000002], [112.67043939999999, -7.367060400000001]]}}, {"type": "Feature", "properties": {"layer": "osm_road", "stroke": "#999999"}, "geometry": {"type": "LineString", "coordinates": [[112.68862289999998, -7.352033000000002], [112.68880329999999, -7.3531994], [112.68898959999999, -7.3545803]]}}, {"type": "Feature", "properties": {"layer": "osm_road", "stroke": "#999999"}, "geometry": {"type": "LineString", "coordinates": [[112.67208990000002, -7.365575799999999], [112.6718248, -7.365623899999999], [112.67162149999999, -7.365670500000002], [112.67134179999998, -7.365743899999998]]}}, {"type": "Feature", "properties": {"layer": "osm_road", "stroke": "#999999"}, "geometry": {"type": "LineString", "coordinates": [[112.68899049999999, -7.351853600000001], [112.6891647, -7.353138700000001], [112.68944, -7.354526399999999]]}}, {"type": "Feature", "properties": {"layer": "osm_road", "stroke": "#999999"}, "geometry": {"type": "LineString", "coordinates": [[112.68188059999999, -7.356798699999999], [112.6823131, -7.3567532], [112.6824744, -7.356713900000001], [112.68254819999999, -7.356695900000001], [112.6827227, -7.356652300000001], [112.68284739999999, -7.356621200000002], [112.68298989999998, -7.356585699999999], [112.6830621, -7.356574700000002], [112.68327399999998, -7.3565423], [112.68362969999998, -7.3565441], [112.68383530000001, -7.3565347999999995], [112.6840219, -7.3565220999999985], [112.6842286, -7.3564894], [112.68433409999999, -7.356474299999999], [112.68451139999999, -7.3564561999999984], [112.68462279999999, -7.356442399999999], [112.6848824, -7.356418], [112.6849693, -7.3564107], [112.6851405, -7.356391099999999], [112.6855924, -7.356336500000002], [112.6857933, -7.356290100000001], [112.6859099, -7.356256800000001], [112.6862225, -7.356158599999998], [112.6863573, -7.356138799999998], [112.68652290000001, -7.356126299999998], [112.6868858, -7.356101400000001], [112.68708969999999, -7.356106999999996], [112.68713619999998, -7.3561082], [112.68730979999998, -7.3561019], [112.6875315, -7.3560807000000015], [112.6878204, -7.3559661], [112.68786659999999, -7.355944300000001]]}}, {"type": "Feature", "properties": {"layer": "osm_road", "stroke": "#999999"}, "geometry": {"type": "LineString", "coordinates": [[112.6895781, -7.353069200000001], [112.6891647, -7.353138700000001], [112.68880329999999, -7.3531994], [112.6884536, -7.353258200000001]]}}, {"type": "Feature", "properties": {"layer": "osm_road", "stroke": "#999999"}, "geometry": {"type": "LineString", "coordinates": [[112.67408879999999, -7.3655233], [112.67382319999999, -7.365403599999998], [112.6735973, -7.365295899999999], [112.673553, -7.365286599999998], [112.6734973, -7.365283899999998], [112.67330029999998, -7.365289199999998], [112.67316749999999, -7.365286500000001], [112.6727576, -7.365319099999998], [112.67262619999998, -7.365333900000001], [112.67215169999999, -7.3654206]]}}, {"type": "Feature", "properties": {"layer": "osm_road", "stroke": "#999999"}, "geometry": {"type": "LineString", "coordinates": [[112.67162149999999, -7.365670500000002], [112.6716581, -7.365945000000001], [112.6716893, -7.366178100000001], [112.6717198, -7.366406399999997], [112.6717515, -7.3666439]]}}, {"type": "Feature", "properties": {"layer": "osm_road", "stroke": "#999999"}, "geometry": {"type": "LineString", "coordinates": [[112.6885587, -7.355682800000002], [112.6884848, -7.3552719], [112.6884768, -7.3552187], [112.6884739, -7.355173500000001], [112.6884779, -7.355055599999998], [112.6884936, -7.3548469999999995], [112.6885056, -7.354731199999998], [112.68853689999999, -7.354376999999999], [112.6885354, -7.354188300000001], [112.6878809, -7.354291699999998], [112.6876275, -7.354339099999999], [112.68745369999999, -7.3543702999999985]]}}, {"type": "Feature", "properties": {"layer": "osm_road", "stroke": "#999999"}, "geometry": {"type": "LineString", "coordinates": [[112.67220739999999, -7.3666017], [112.6717515, -7.3666439], [112.6712585, -7.3666789999999995], [112.67041419999998, -7.3667766]]}}, {"type": "Feature", "properties": {"layer": "osm_road", "stroke": "#999999"}, "geometry": {"type": "LineString", "coordinates": [[112.6928046, -7.352475399999999], [112.69271619999999, -7.3527366], [112.6926633, -7.352874300000001], [112.6925937, -7.353011099999999], [112.69256369999998, -7.3530801000000015], [112.69247079999998, -7.353283], [112.69237539999999, -7.353498899999998], [112.6923452, -7.3535680999999995], [112.69233789999998, -7.3535873], [112.6923329, -7.3536155999999995], [112.69232359999998, -7.3537012], [112.69232379999998, -7.353715699999999], [112.69233419999999, -7.353727699999999], [112.69234500000002, -7.353732299999998], [112.69267579999999, -7.353744300000001], [112.6927315, -7.353733700000001], [112.69277709999999, -7.3537191], [112.6928253, -7.3537078], [112.69290719999998, -7.3537057999999975], [112.6929682, -7.3537057999999975]]}}, {"type": "Feature", "properties": {"layer": "osm_road", "stroke": "#999999"}, "geometry": {"type": "LineString", "coordinates": [[112.68962280000001, -7.351517799999999], [112.68959529999998, -7.351547400000001], [112.6895735, -7.351569]]}}, {"type": "Feature", "properties": {"layer": "osm_road", "stroke": "#999999"}, "geometry": {"type": "LineString", "coordinates": [[112.67849969999999, -7.359677099999998], [112.67843929999998, -7.359176299999999], [112.6784299, -7.3590859], [112.6783991, -7.358725399999999], [112.6783488, -7.358490899999998], [112.67837309999999, -7.358103700000002], [112.6783964, -7.357838300000001], [112.6784705, -7.3578027]]}}, {"type": "Feature", "properties": {"layer": "osm_road", "stroke": "#999999"}, "geometry": {"type": "LineString", "coordinates": [[112.6902987, -7.3552389], [112.6903871, -7.3556146], [112.6904069, -7.355691899999999], [112.69043349999998, -7.355795999999999], [112.69046439999998, -7.355879100000001], [112.6905358, -7.3560974]]}}, {"type": "Feature", "properties": {"layer": "osm_road", "stroke": "#999999"}, "geometry": {"type": "LineString", "coordinates": [[112.66879670000002, -7.363364599999999], [112.6687859, -7.362566], [112.6687942, -7.362374], [112.66887729999999, -7.362039900000001]]}}, {"type": "Feature", "properties": {"layer": "osm_road", "stroke": "#999999"}, "geometry": {"type": "LineString", "coordinates": [[112.69213249999999, -7.351164299999998], [112.6920571, -7.351070100000001], [112.69191259999998, -7.350966800000001], [112.6918819, -7.350951199999997], [112.69184629999998, -7.3509365], [112.69172029999999, -7.350913000000001], [112.6916763, -7.3509138]]}}, {"type": "Feature", "properties": {"layer": "osm_road", "stroke": "#999999"}, "geometry": {"type": "LineString", "coordinates": [[112.6910263, -7.355861099999999], [112.6908582, -7.355979499999998], [112.69082079999998, -7.3559953], [112.6907639, -7.356017999999998], [112.6905358, -7.3560974], [112.69002029999999, -7.3562731]]}}, {"type": "Feature", "properties": {"layer": "osm_road", "stroke": "#999999"}, "geometry": {"type": "LineString", "coordinates": [[112.677002, -7.366308799999999], [112.67713979999999, -7.3656562999999995], [112.6771428, -7.365615100000001], [112.6771384, -7.365580499999999], [112.67711429999999, -7.365544600000002], [112.6763921, -7.3653327], [112.67628489999998, -7.365309699999999], [112.6757947, -7.3652014], [112.6757047, -7.3651795], [112.67532899999999, -7.365087999999998], [112.67521710000001, -7.365056599999998]]}}, {"type": "Feature", "properties": {"layer": "osm_road", "stroke": "#999999"}, "geometry": {"type": "LineString", "coordinates": [[112.6930829, -7.3497386], [112.69266770000002, -7.3499509], [112.6925982, -7.3499856999999995], [112.69173229999998, -7.3504052], [112.69172499999999, -7.3504115], [112.6917201, -7.3504203000000015], [112.69171739999999, -7.350429499999999], [112.69171719999999, -7.3504640000000006], [112.6917159, -7.350517399999999], [112.69170709999999, -7.3507460999999985]]}}, {"type": "Feature", "properties": {"layer": "osm_road", "stroke": "#999999"}, "geometry": {"type": "LineString", "coordinates": [[112.67230650000002, -7.366356400000002], [112.67219309999999, -7.3659503], [112.67208990000002, -7.365575799999999], [112.6720798, -7.365520599999996], [112.67207509999999, -7.3654807], [112.6720711, -7.365438200000001], [112.67210059999998, -7.365432199999999], [112.67215169999999, -7.3654206]]}}, {"type": "Feature", "properties": {"layer": "osm_road", "stroke": "#999999"}, "geometry": {"type": "LineString", "coordinates": [[112.68899049999999, -7.351853600000001], [112.68862289999998, -7.352033000000002], [112.68828639999998, -7.3521627999999986], [112.6882702, -7.352181800000002]]}}, {"type": "Feature", "properties": {"layer": "osm_road", "stroke": "#999999"}, "geometry": {"type": "LineString", "coordinates": [[112.6849693, -7.3564107], [112.68493909999998, -7.3567959], [112.6849058, -7.3571022], [112.6849217, -7.3573594], [112.6849209, -7.357378399999999], [112.6849145, -7.357388900000003], [112.6849036, -7.3573939], [112.68487359999999, -7.3573984], [112.6846796, -7.3574404], [112.6846709, -7.357443700000002], [112.68466430000001, -7.3574464], [112.6846433, -7.357659800000001], [112.68462139999998, -7.357896699999999]]}}, {"type": "Feature", "properties": {"layer": "osm_road", "stroke": "#999999"}, "geometry": {"type": "LineString", "coordinates": [[112.6886411, -7.354577000000001], [112.68861159999999, -7.354569599999998], [112.6886009, -7.354557700000001], [112.68859219999999, -7.3545377], [112.6885734, -7.3543981], [112.68856999999998, -7.354021000000002], [112.68856199999999, -7.3539598], [112.6884536, -7.353258200000001], [112.68826629999998, -7.352206699999998], [112.6882702, -7.352181800000002]]}}, {"type": "Feature", "properties": {"layer": "osm_road", "stroke": "#999999"}, "geometry": {"type": "LineString", "coordinates": [[112.6868186, -7.3577705], [112.68689959999999, -7.357748499999999], [112.6871042, -7.357702500000001], [112.68756349999998, -7.357605500000001], [112.68767039999999, -7.357569], [112.68773989999998, -7.3575393], [112.68782589999999, -7.357506399999998]]}}, {"type": "Feature", "properties": {"layer": "osm_road", "stroke": "#999999"}, "geometry": {"type": "LineString", "coordinates": [[112.6790455, -7.366845400000002], [112.6787374, -7.366750699999996], [112.6772647, -7.3663775], [112.67711509999998, -7.366338899999998], [112.677002, -7.366308799999999], [112.6766315, -7.366212300000001], [112.67647059999999, -7.3661617], [112.6760696, -7.365995499999999], [112.67603629999999, -7.3659791], [112.6755534, -7.365741800000001], [112.67526889999999, -7.365613], [112.67490029999999, -7.3654135]]}}, {"type": "Feature", "properties": {"layer": "osm_road", "stroke": "#999999"}, "geometry": {"type": "LineString", "coordinates": [[112.6702944, -7.3660323], [112.67033229999998, -7.3662684], [112.67037480000002, -7.366531999999997], [112.67041419999998, -7.3667766], [112.67043939999999, -7.367060400000001], [112.6704559, -7.3671775], [112.6704722, -7.367293700000001]]}}, {"type": "Feature", "properties": {"layer": "osm_road", "stroke": "#999999"}, "geometry": {"type": "LineString", "coordinates": [[112.6897838, -7.3543704000000005], [112.6897864, -7.3544047], [112.68977169999998, -7.354428], [112.68974479999999, -7.354445300000001], [112.68968849999999, -7.354458600000001], [112.68944, -7.354526399999999], [112.68898959999999, -7.3545803], [112.6886411, -7.354577000000001]]}}, {"type": "Feature", "properties": {"layer": "osm_road", "stroke": "#999999"}, "geometry": {"type": "LineString", "coordinates": [[112.6933385, -7.3503083], [112.69289849999998, -7.350404999999999], [112.69281739999998, -7.350432699999999], [112.692218, -7.350680100000002], [112.69214409999998, -7.350697099999999], [112.69209239999999, -7.3507051], [112.69197439999999, -7.3507204], [112.69170709999999, -7.3507460999999985], [112.69163979999999, -7.350750300000002], [112.69153089999999, -7.3507688]]}}, {"type": "Feature", "properties": {"layer": "osm_road", "stroke": "#999999"}, "geometry": {"type": "LineString", "coordinates": [[112.67323899999998, -7.361632199999999], [112.6732506, -7.3624827999999995], [112.67325459999999, -7.362887200000001], [112.67323239999999, -7.3631412], [112.67319199999999, -7.363813400000001], [112.6731882, -7.363877099999999], [112.67317770000001, -7.3640513000000025], [112.6731596, -7.3642018999999985], [112.6731446, -7.3642478], [112.6731214, -7.3642939], [112.6730964, -7.364371500000002], [112.67308759999999, -7.3644772], [112.6730836, -7.3645477], [112.67308699999998, -7.364637499999998], [112.67309579999998, -7.364853000000001], [112.673091, -7.3648889], [112.67307219999998, -7.3649181], [112.67305409999999, -7.364926099999999], [112.6730247, -7.3649365000000016]]}}, {"type": "Feature", "properties": {"layer": "osm_road", "stroke": "#999999"}, "geometry": {"type": "LineString", "coordinates": [[112.6958029, -7.351689899999999], [112.69581439999999, -7.351697500000002], [112.6959227, -7.351804099999999], [112.6960624, -7.351918099999998], [112.69628339999998, -7.3521461], [112.69647449999998, -7.352374299999997], [112.6966515, -7.352580500000001], [112.6968078, -7.3527993]]}}, {"type": "Feature", "properties": {"layer": "osm_road", "stroke": "#999999"}, "geometry": {"type": "LineString", "coordinates": [[112.6793346, -7.359517500000001], [112.6793412, -7.3596743999999985], [112.67934660000002, -7.359766199999999], [112.6793566, -7.359881899999999], [112.6793519, -7.3601418999999995], [112.67933719999999, -7.3602615999999985], [112.6793084, -7.360447799999999], [112.6792728, -7.360605500000001]]}}, {"type": "Feature", "properties": {"layer": "osm_road", "stroke": "#999999"}, "geometry": {"type": "LineString", "coordinates": [[112.6899807, -7.358597100000001], [112.68993569999999, -7.3585957], [112.68948299999998, -7.3585602], [112.688977, -7.358557200000001], [112.6889381, -7.3585612], [112.68890470000001, -7.358579700000001], [112.68883829999999, -7.3587088], [112.6888001, -7.358726800000003], [112.68875249999999, -7.358736800000001], [112.68868610000001, -7.358742799999999], [112.6884091, -7.358754700000001]]}}, {"type": "Feature", "properties": {"layer": "osm_road", "stroke": "#999999"}, "geometry": {"type": "LineString", "coordinates": [[112.6819244, -7.355027100000002], [112.68191929999999, -7.354973700000001], [112.68191749999998, -7.354909500000001], [112.68191829999999, -7.354888], [112.68191649999999, -7.3544903], [112.681912, -7.3542684], [112.68191929999999, -7.353997899999999], [112.6819242, -7.3538648], [112.68195599999999, -7.353308699999999], [112.6819779, -7.3527267], [112.68199569999999, -7.3522557], [112.68200259999999, -7.3521923000000005], [112.6820094, -7.3521625], [112.68202439999999, -7.3521349], [112.68205849999998, -7.3520914]]}}, {"type": "Feature", "properties": {"layer": "osm_road", "stroke": "#999999"}, "geometry": {"type": "LineString", "coordinates": [[112.6861024, -7.355639700000001], [112.6858353, -7.355639199999999], [112.68541729999998, -7.3555912], [112.6853354, -7.355568499999998], [112.6852069, -7.355555599999999]]}}, {"type": "Feature", "properties": {"layer": "osm_road", "stroke": "#999999"}, "geometry": {"type": "LineString", "coordinates": [[112.6941496, -7.350522500000001], [112.694138, -7.3505438], [112.6941286, -7.350557499999998], [112.6941101, -7.3505707000000005], [112.6938432, -7.3506393], [112.6934381, -7.350744700000002], [112.69317259999998, -7.350814499999999], [112.69276119999999, -7.350918699999999], [112.692368, -7.351024299999998], [112.6923439, -7.351019000000002], [112.6923285, -7.351005699999998], [112.6923104, -7.3509811], [112.692218, -7.350680100000002]]}}, {"type": "Feature", "properties": {"layer": "osm_road", "stroke": "#999999"}, "geometry": {"type": "LineString", "coordinates": [[112.67894059999999, -7.367778], [112.6781335, -7.367652700000001], [112.67808119999998, -7.3676314000000005], [112.67804239999998, -7.367596799999999], [112.6779887, -7.367498399999996], [112.67790959999999, -7.367376000000001], [112.6777982, -7.367283600000002], [112.67767089999998, -7.367205799999999], [112.67749109999998, -7.3671223], [112.6774486, -7.3671042999999985], [112.6772135, -7.3670289], [112.67707989999998, -7.366989099999999], [112.67706689999999, -7.366985200000001]]}}, {"type": "Feature", "properties": {"layer": "osm_road", "stroke": "#999999"}, "geometry": {"type": "LineString", "coordinates": [[112.67677879999998, -7.367717200000001], [112.6767015, -7.3676709], [112.6764009, -7.3674909], [112.6762685, -7.3674190999999984], [112.67609809999999, -7.367326799999999], [112.6758857, -7.367213499999999], [112.67567859999998, -7.367093], [112.67546799999998, -7.3669620999999985], [112.67542189999999, -7.3669334], [112.6752834, -7.366869899999999], [112.6751683, -7.366790300000001], [112.6750824, -7.3667414], [112.67496759999999, -7.366666000000002], [112.67469339999998, -7.366507199999998], [112.6746393, -7.3664737], [112.67426319999998, -7.366220499999999]]}}, {"type": "Feature", "properties": {"layer": "osm_road", "stroke": "#999999"}, "geometry": {"type": "LineString", "coordinates": [[112.686867, -7.3533187], [112.6868433, -7.353336699999998], [112.68682790000001, -7.3533566], [112.6868217, -7.3533788], [112.68686509999999, -7.3536584000000005], [112.6868787, -7.353745100000001], [112.6868896, -7.3539505], [112.68690969999999, -7.354215200000001], [112.6869285, -7.354328199999999], [112.68694449999998, -7.3544309], [112.68697249999998, -7.3546099], [112.68697719999999, -7.354654], [112.68702049999999, -7.354937400000001], [112.687028, -7.3549868], [112.68703779999998, -7.3550904], [112.687133, -7.3555419]]}}, {"type": "Feature", "properties": {"layer": "osm_road", "stroke": "#999999"}, "geometry": {"type": "LineString", "coordinates": [[112.6783501, -7.360474500000001], [112.67837429999999, -7.360518299999998], [112.67838539999998, -7.360578500000001], [112.67837159999999, -7.360800300000002], [112.6783159, -7.360905400000002], [112.6782416, -7.3610103], [112.6781181, -7.361182], [112.678041, -7.3612825], [112.67788479999999, -7.3614567], [112.6776423, -7.3616859], [112.67728189999998, -7.361999399999998], [112.6770218, -7.362232100000001], [112.67695739999999, -7.3622879999999995], [112.67686919999998, -7.362362400000001]]}}, {"type": "Feature", "properties": {"layer": "osm_road", "stroke": "#999999"}, "geometry": {"type": "LineString", "coordinates": [[112.67347719999998, -7.367412399999999], [112.67381519999999, -7.367500399999999], [112.6740778, -7.3675702], [112.67422719999999, -7.367610000000002], [112.6745252, -7.367697699999999], [112.6746033, -7.3677144000000006], [112.67487129999999, -7.3677791], [112.67510909999999, -7.367840400000001], [112.67545279999999, -7.367972300000001], [112.67550709999999, -7.3679841], [112.67556769999999, -7.367997199999998], [112.67570019999998, -7.3680491], [112.67590249999999, -7.3681175], [112.676043, -7.3681410000000005]]}}, {"type": "Feature", "properties": {"layer": "osm_road", "stroke": "#999999"}, "geometry": {"type": "LineString", "coordinates": [[112.679586, -7.360493099999999], [112.6795414, -7.360527], [112.67947059999999, -7.360564199999998], [112.6793928, -7.360586799999999], [112.6792728, -7.360605500000001], [112.6792205, -7.360611099999998], [112.67913969999998, -7.360614399999999], [112.6790785, -7.3606161000000006], [112.67899389999998, -7.360610099999998], [112.67885569999999, -7.3605835], [112.67862509999999, -7.360518299999998], [112.6784641, -7.3604844], [112.6783501, -7.360474500000001]]}}, {"type": "Feature", "properties": {"layer": "osm_road", "stroke": "#999999"}, "geometry": {"type": "LineString", "coordinates": [[112.6915285, -7.3508381], [112.691302, -7.3509587], [112.6910831, -7.3510884], [112.6908239, -7.3512421], [112.69056659999998, -7.351367299999999], [112.69043599999999, -7.3513935], [112.69013369999999, -7.351431600000001], [112.6897864, -7.3514713], [112.6896477, -7.351468599999999], [112.689604, -7.3514506], [112.68955179999999, -7.351438599999998]]}}, {"type": "Feature", "properties": {"layer": "osm_road", "stroke": "#999999"}, "geometry": {"type": "LineString", "coordinates": [[112.671153, -7.365678500000001], [112.67114929999998, -7.365780999999999], [112.67116369999998, -7.3659875999999995], [112.67119189999998, -7.366168], [112.6711974, -7.366217700000001], [112.6712215, -7.3663982], [112.6712335, -7.3664614], [112.6712585, -7.3666789999999995], [112.67129289999998, -7.366949], [112.6713193, -7.367192500000001], [112.67133589999999, -7.367234900000001], [112.67142720000001, -7.367504399999999]]}}, {"type": "Feature", "properties": {"layer": "osm_road", "stroke": "#999999"}, "geometry": {"type": "LineString", "coordinates": [[112.6808145, -7.360040699999999], [112.6806461, -7.3600121], [112.6804966, -7.360010899999996], [112.6803045, -7.360060600000001], [112.68015059999999, -7.360136600000001], [112.6800238, -7.360193099999999], [112.67982739999998, -7.360282899999999], [112.679704, -7.360366699999999], [112.679586, -7.360493099999999]]}}, {"type": "Feature", "properties": {"layer": "osm_road", "stroke": "#999999"}, "geometry": {"type": "LineString", "coordinates": [[112.680938, -7.356913], [112.6807307, -7.356964299999996], [112.68054319999999, -7.3570262], [112.68021740000002, -7.357041700000001], [112.6802101, -7.357045], [112.68020819999998, -7.3570495000000005], [112.68022569999998, -7.357226399999999], [112.68028359999998, -7.357567799999998]]}}, {"type": "Feature", "properties": {"layer": "osm_road", "stroke": "#999999"}, "geometry": {"type": "LineString", "coordinates": [[112.6868769, -7.353109199999999], [112.686897, -7.353179799999997], [112.686899, -7.353215299999999], [112.686895, -7.353246500000001], [112.68688820000001, -7.353274499999999], [112.68688149999998, -7.353293399999999], [112.686867, -7.3533187]]}}, {"type": "Feature", "properties": {"layer": "osm_road", "stroke": "#999999"}, "geometry": {"type": "LineString", "coordinates": [[112.6810797, -7.357244], [112.6810746, -7.357164900000001], [112.68106239999999, -7.357101700000001], [112.68100689999999, -7.3570037], [112.680938, -7.356913], [112.68083169999998, -7.3568175], [112.68071479999999, -7.3567416]]}}, {"type": "Feature", "properties": {"layer": "osm_road", "stroke": "#999999"}, "geometry": {"type": "LineString", "coordinates": [[112.66411219999999, -7.376920199999998], [112.66405347426321, -7.377094393293547]]}}, {"type": "Feature", "properties": {"layer": "osm_road", "stroke": "#999999"}, "geometry": {"type": "LineString", "coordinates": [[112.66498519999999, -7.3651482], [112.66496369999999, -7.365286500000001], [112.6648208, -7.366224000000001], [112.66475179999999, -7.366627099999998], [112.66464809999998, -7.367232499999998], [112.66443199999999, -7.368084099999999], [112.664278, -7.3686504], [112.66411959999999, -7.3691971], [112.6640748, -7.3693518000000005], [112.66404249999998, -7.3694633], [112.66393079999999, -7.369853399999999], [112.66390599999998, -7.369940000000001], [112.6638731, -7.3700315000000005], [112.6637421, -7.370395099999998], [112.6637377, -7.3704225], [112.66366019999998, -7.3709043], [112.66365330000001, -7.370961099999998], [112.66361809999998, -7.371251999999999], [112.66353039999998, -7.3719762], [112.66351279999999, -7.372202699999999], [112.6634436, -7.372483300000001], [112.6633432, -7.372858700000002], [112.66329609999998, -7.373153500000001], [112.6632692, -7.373321899999998], [112.6632458, -7.373468399999998], [112.66315509999998, -7.373825100000001], [112.66310339999998, -7.3739525], [112.6630184, -7.374159399999998], [112.6628227, -7.3748902], [112.66245799999999, -7.375658799999999], [112.66236950477963, -7.375866835236779]]}}, {"type": "Feature", "properties": {"layer": "osm_road", "stroke": "#999999"}, "geometry": {"type": "LineString", "coordinates": [[112.6658224, -7.376604999999999], [112.6652475, -7.3764463], [112.6651619, -7.376409199999999], [112.6649685, -7.376354400000001], [112.66432549999999, -7.3762658], [112.66428529999999, -7.376272500000001], [112.66427589999999, -7.376284500000002], [112.66426519999999, -7.376308499999999], [112.66409749999998, -7.3768697]]}}, {"type": "Feature", "properties": {"layer": "osm_road", "stroke": "#999999"}, "geometry": {"type": "LineString", "coordinates": [[112.66681359999998, -7.3644158], [112.66687159999998, -7.3667133], [112.6668682, -7.366821399999998], [112.6668524, -7.367328999999998]]}}, {"type": "Feature", "properties": {"layer": "osm_road", "stroke": "#999999"}, "geometry": {"type": "LineString", "coordinates": [[112.69635110000002, -7.3410513], [112.69634439999999, -7.3410465], [112.69620569999998, -7.340948700000002], [112.69576579999999, -7.340650799999999], [112.69536909999998, -7.340380699999999], [112.69524119999998, -7.3403030000000005], [112.695217, -7.340290399999999], [112.69516129999998, -7.340257000000001], [112.6948487, -7.340081999999998], [112.6946959, -7.3399923], [112.69412729999999, -7.339710299999998], [112.6935747, -7.3394390000000005], [112.6929981, -7.3391649999999995], [112.69262489999998, -7.3389789], [112.69226149999999, -7.338799400000001], [112.6916691, -7.338525299999998], [112.69156449999998, -7.3384797], [112.69080939999999, -7.338140100000001], [112.69035799999999, -7.3379240999999995], [112.69029198187373, -7.337893960279279]]}}, {"type": "Feature", "properties": {"layer": "osm_road", "stroke": "#999999"}, "geometry": {"type": "LineString", "coordinates": [[112.6635098, -7.3480846999999985], [112.6633187, -7.3480637], [112.66285299999998, -7.348014000000001], [112.66258560000001, -7.348001999999999], [112.66254039999998, -7.347995699999997], [112.66236950477963, -7.347955946928866]]}}, {"type": "Feature", "properties": {"layer": "osm_road", "stroke": "#999999"}, "geometry": {"type": "LineString", "coordinates": [[112.6951532, -7.344360900000001], [112.6951736, -7.344767599999999], [112.6951736, -7.3448047999999995], [112.69516689999999, -7.3448354], [112.69510530000001, -7.345083900000001], [112.6950593, -7.345224400000002], [112.69497169999998, -7.345491000000001], [112.6949121, -7.345686500000001], [112.69484819999998, -7.3459056], [112.6948293, -7.346018100000001], [112.69478129999999, -7.3462439999999996], [112.6947556, -7.346387300000002], [112.6947282, -7.3465233]]}}, {"type": "Feature", "properties": {"layer": "osm_road", "stroke": "#999999"}, "geometry": {"type": "LineString", "coordinates": [[112.67980369999998, -7.3451246], [112.67978129999999, -7.345265500000001], [112.67960879999998, -7.3463584], [112.67957789999998, -7.3464728], [112.67954039999998, -7.346569900000001], [112.6794679, -7.3466683], [112.67939689999999, -7.346749399999998], [112.67930299999999, -7.3468279], [112.67919299999998, -7.346897100000001], [112.67904819999998, -7.3469902], [112.67886439999998, -7.347147099999999], [112.67876819999998, -7.347239600000001], [112.67870249999999, -7.3473091], [112.6786489, -7.3473792], [112.6785962, -7.347452999999996], [112.6785573, -7.347517899999998], [112.6785212, -7.347573600000001]]}}, {"type": "Feature", "properties": {"layer": "osm_road", "stroke": "#999999"}, "geometry": {"type": "LineString", "coordinates": [[112.69199109999998, -7.343404399999999], [112.6920229, -7.343301799999999], [112.6920609, -7.3431475], [112.692081, -7.3430411], [112.6920918, -7.3429120999999995], [112.692081, -7.342735199999999], [112.692069, -7.342599499999999], [112.69202739999999, -7.342439899999999], [112.691963, -7.342278900000001], [112.6918001, -7.3419596999999985], [112.6917176, -7.341833400000001], [112.69158479999999, -7.341672400000001], [112.6915392, -7.341635799999999], [112.69148889999998, -7.341603900000001], [112.6914373, -7.3415792999999985], [112.69114829999998, -7.341484600000001], [112.69048529999999, -7.3413415]]}}, {"type": "Feature", "properties": {"layer": "osm_road", "stroke": "#999999"}, "geometry": {"type": "LineString", "coordinates": [[112.68892840000001, -7.337913199999998], [112.68889817601409, -7.337893960279279]]}}, {"type": "Feature", "properties": {"layer": "osm_road", "stroke": "#999999"}, "geometry": {"type": "LineString", "coordinates": [[112.69002560757643, -7.337893960279279], [112.6895727, -7.3388023]]}}, {"type": "Feature", "properties": {"layer": "osm_road", "stroke": "#999999"}, "geometry": {"type": "LineString", "coordinates": [[112.69157389999998, -7.3467255], [112.69267269999999, -7.346930799999999], [112.69284410000002, -7.346979499999999], [112.69290449999998, -7.346991500000002], [112.6929393, -7.346988799999998], [112.69297510000001, -7.3469822], [112.69303319999999, -7.346966200000001], [112.69312179999999, -7.346938300000001]]}}, {"type": "Feature", "properties": {"layer": "osm_road", "stroke": "#999999"}, "geometry": {"type": "LineString", "coordinates": [[112.6807544, -7.349784099999998], [112.68082529999998, -7.350105000000001]]}}, {"type": "Feature", "properties": {"layer": "osm_road", "stroke": "#999999"}, "geometry": {"type": "LineString", "coordinates": [[112.69035799999999, -7.3379240999999995], [112.68987280000002, -7.338974899999999]]}}, {"type": "Feature", "properties": {"layer": "osm_road", "stroke": "#999999"}, "geometry": {"type": "LineString", "coordinates": [[112.69478129999999, -7.3462439999999996], [112.69529029999998, -7.3463331], [112.69571099999999, -7.346404899999999]]}}, {"type": "Feature", "properties": {"layer": "osm_road", "stroke": "#999999"}, "geometry": {"type": "LineString", "coordinates": [[112.6916691, -7.338525299999998], [112.6911694, -7.339685999999999], [112.6911546, -7.3397204999999985]]}}, {"type": "Feature", "properties": {"layer": "osm_road", "stroke": "#999999"}, "geometry": {"type": "LineString", "coordinates": [[112.6845465, -7.349661199999998], [112.6843342, -7.349992600000001], [112.68419059999998, -7.350220899999997]]}}, {"type": "Feature", "properties": {"layer": "osm_road", "stroke": "#999999"}, "geometry": {"type": "LineString", "coordinates": [[112.69080939999999, -7.338140100000001], [112.69031739999998, -7.339155099999999], [112.6902935, -7.339204400000001]]}}, {"type": "Feature", "properties": {"layer": "osm_road", "stroke": "#999999"}, "geometry": {"type": "LineString", "coordinates": [[112.6933685, -7.346562599999999], [112.69324039999998, -7.3465145000000005], [112.6927891, -7.346345099999999], [112.69222769999999, -7.3461142], [112.6918946, -7.3459979], [112.6916871, -7.345958000000001], [112.6916527, -7.3459525999999995]]}}, {"type": "Feature", "properties": {"layer": "osm_road", "stroke": "#999999"}, "geometry": {"type": "LineString", "coordinates": [[112.68395129999999, -7.3507623], [112.68368399999999, -7.3507699], [112.6834395, -7.3507723], [112.68333700000001, -7.350746299999999], [112.6831923, -7.3507088000000005], [112.6831654, -7.350688500000002], [112.68315669999998, -7.350666500000001], [112.68316059999998, -7.350572700000001], [112.68316609999998, -7.350404599999998], [112.6830835, -7.3503897999999985], [112.6830098, -7.350376499999998], [112.68292319999999, -7.350368600000002], [112.68279759999999, -7.3503503]]}}, {"type": "Feature", "properties": {"layer": "osm_road", "stroke": "#999999"}, "geometry": {"type": "LineString", "coordinates": [[112.66606810000002, -7.345545300000001], [112.6660386, -7.3452794999999975], [112.66599919999999, -7.344964399999999], [112.66598309999999, -7.3447515999999995], [112.66594619999998, -7.344065900000001], [112.66594209999998, -7.3439877], [112.66594209999998, -7.343616599999997], [112.66595569999998, -7.343500500000001], [112.66607349999998, -7.342494599999999], [112.66612719999999, -7.3420354], [112.66615890000001, -7.341778599999998], [112.66619309999999, -7.341473000000001], [112.66620409999999, -7.3413788], [112.6662058, -7.340567100000002], [112.6661922, -7.340117399999996], [112.6661456, -7.339747099999999], [112.6660287, -7.3390095], [112.6657753, -7.3380678], [112.66573157317104, -7.337893960279279]]}}, {"type": "Feature", "properties": {"layer": "osm_road", "stroke": "#999999"}, "geometry": {"type": "LineString", "coordinates": [[112.68966168630926, -7.337893960279279], [112.6893061, -7.338640600000001], [112.68914669999998, -7.3390038]]}}, {"type": "Feature", "properties": {"layer": "osm_road", "stroke": "#999999"}, "geometry": {"type": "LineString", "coordinates": [[112.6915207, -7.3491572], [112.6914029, -7.3491403], [112.6913461, -7.349132499999998], [112.6911728, -7.3491005000000005], [112.69100099999999, -7.349061299999998], [112.69083099999999, -7.349014999999999], [112.69066299999999, -7.348961799999997], [112.6903405, -7.348837099999999], [112.69002939999999, -7.348686499999998]]}}, {"type": "Feature", "properties": {"layer": "osm_road", "stroke": "#999999"}, "geometry": {"type": "LineString", "coordinates": [[112.69422159999999, -7.344537500000001], [112.69419379999998, -7.344659799999999], [112.6941286, -7.3449299], [112.6940817, -7.3450589], [112.6940456, -7.345155700000001], [112.6939322, -7.3453256], [112.69375189999998, -7.345606000000001], [112.6937024, -7.345681300000002], [112.69357309999998, -7.3459571000000015], [112.69354019999999, -7.3460578], [112.6934804, -7.3462521]]}}, {"type": "Feature", "properties": {"layer": "osm_road", "stroke": "#999999"}, "geometry": {"type": "LineString", "coordinates": [[112.6947282, -7.3465233], [112.69439949999999, -7.346434900000002], [112.69434879999999, -7.3464212999999985], [112.69431109999998, -7.3464100000000006], [112.69399689999999, -7.3463159000000005], [112.6939365, -7.346297800000001], [112.6938171, -7.346275900000001], [112.69371450000001, -7.346261299999998], [112.6934804, -7.3462521]]}}, {"type": "Feature", "properties": {"layer": "osm_road", "stroke": "#999999"}, "geometry": {"type": "LineString", "coordinates": [[112.68104169999998, -7.3429484999999985], [112.68085059999999, -7.343988100000001], [112.68063299999999, -7.345256899999998]]}}, {"type": "Feature", "properties": {"layer": "osm_road", "stroke": "#999999"}, "geometry": {"type": "LineString", "coordinates": [[112.6799816, -7.3426081], [112.67995879999998, -7.342762400000002], [112.67989639999999, -7.343229299999999], [112.6798696, -7.343369000000001], [112.6798455, -7.343455400000002], [112.67981799999998, -7.343519300000002], [112.67978849999999, -7.343563800000002], [112.6797576, -7.343628299999997], [112.6796997, -7.343890499999999], [112.67957789999998, -7.344848700000001], [112.6795591, -7.345032199999998], [112.6795689, -7.3450722]]}}, {"type": "Feature", "properties": {"layer": "osm_road", "stroke": "#999999"}, "geometry": {"type": "LineString", "coordinates": [[112.6756201, -7.3435937], [112.67573919999998, -7.3439993], [112.67600889999999, -7.3450703000000015], [112.6760441, -7.345178600000001], [112.67606559999999, -7.345308900000001], [112.6760831, -7.345808799999997], [112.67600939999998, -7.346187599999999], [112.6758663, -7.346667900000001]]}}, {"type": "Feature", "properties": {"layer": "osm_road", "stroke": "#999999"}, "geometry": {"type": "LineString", "coordinates": [[112.6787269, -7.348644500000001], [112.6785621, -7.348668699999998], [112.67851169999999, -7.3486841], [112.6783958, -7.348757799999999], [112.67832739999999, -7.3488136], [112.67821099999999, -7.348922899999999], [112.6781858, -7.3489353999999985], [112.6781571, -7.348933999999998], [112.67788950000002, -7.348815]]}}, {"type": "Feature", "properties": {"layer": "osm_road", "stroke": "#999999"}, "geometry": {"type": "LineString", "coordinates": [[112.67187330000002, -7.343664899999999], [112.673437, -7.3439748], [112.67350669999999, -7.344006800000001], [112.67352149999999, -7.3440207], [112.67352949999999, -7.3440772], [112.673319, -7.345114699999998], [112.67331089999999, -7.3451453], [112.67327069999999, -7.345173199999997], [112.6732362, -7.345177900000001], [112.6731956, -7.3451706], [112.67248210000001, -7.3450003], [112.67216289999999, -7.344955099999999], [112.672006, -7.344949799999998], [112.67188799999998, -7.3449817], [112.67177139999998, -7.3450469], [112.67156359999998, -7.3451561000000005], [112.6714227, -7.345183899999999], [112.6712456, -7.345213199999999], [112.67083739999998, -7.345245399999999], [112.6699126, -7.345277], [112.66765849999999, -7.345279200000001], [112.6661092, -7.345278299999999]]}}, {"type": "Feature", "properties": {"layer": "osm_road", "stroke": "#999999"}, "geometry": {"type": "LineString", "coordinates": [[112.69114829999998, -7.341484600000001], [112.6910339, -7.341786300000001], [112.69092209999998, -7.342117299999999], [112.69081969999999, -7.342635399999997], [112.690821, -7.3426798], [112.69082979999999, -7.3427092], [112.6908569, -7.3427399], [112.69096519999998, -7.342804300000001], [112.6911288, -7.342881500000001], [112.69125419999999, -7.342974600000001]]}}, {"type": "Feature", "properties": {"layer": "osm_road", "stroke": "#999999"}, "geometry": {"type": "LineString", "coordinates": [[112.68980939999999, -7.346222], [112.68995439999999, -7.346690999999999], [112.6899697, -7.3467522], [112.68996369999999, -7.346809300000001], [112.68995539999999, -7.346867799999998], [112.689919, -7.347030700000002], [112.6899085, -7.3470966], [112.6899105, -7.3471345], [112.6899165, -7.347171100000001], [112.6899376, -7.347233899999999], [112.6899945, -7.347501200000001], [112.69005349999999, -7.347795199999999], [112.6900881, -7.347986400000001], [112.6900821, -7.348240899999998], [112.69003369999999, -7.34866], [112.69002939999999, -7.348686499999998], [112.6899688, -7.3489081], [112.68991469999999, -7.349081000000001], [112.68982399999999, -7.3492806], [112.68970189999999, -7.3494508000000005], [112.68953249999998, -7.349662799999997], [112.68937469999999, -7.349833899999998], [112.6892216, -7.349967799999998], [112.68894779999998, -7.350156799999998], [112.6888708, -7.35021], [112.6886719, -7.350308699999999], [112.68846990000002, -7.3503786], [112.6881609, -7.350457900000001], [112.6878047, -7.350498899999999], [112.6872271, -7.350601299999999], [112.6863374, -7.350767399999999], [112.6859641, -7.3508187], [112.6858562, -7.350831000000001], [112.68549919999998, -7.350872699999998], [112.6852767, -7.350906500000001], [112.68482129999998, -7.350982400000001], [112.6843388, -7.351065599999997], [112.6839802, -7.351134499999999], [112.6836473, -7.351198400000001], [112.68338259999999, -7.351211900000001], [112.68316599999999, -7.351205900000002], [112.6829844, -7.351188800000001], [112.6828904, -7.3511826000000005], [112.6825726, -7.351177700000003], [112.68250449999998, -7.351181599999999], [112.68244959999998, -7.3511866999999995], [112.68235709999999, -7.351195699999999], [112.6821091, -7.3512290999999985], [112.6812041, -7.351391999999999], [112.68073529999998, -7.351442], [112.6803588, -7.351505799999999], [112.6797728, -7.3516417], [112.6796634, -7.351670299999999], [112.6790455, -7.351831699999999], [112.6784946, -7.3519417], [112.6783771, -7.3519651999999995], [112.67793259999999, -7.3520382], [112.67746499999998, -7.3521030000000005], [112.677345, -7.3521256], [112.6772021, -7.3521649], [112.6768863, -7.352238700000001], [112.6765403, -7.352337800000001], [112.67628819999999, -7.3524182], [112.675918, -7.352534], [112.67559279999999, -7.3526251], [112.6753843, -7.352677599999999], [112.6752951, -7.352692600000001], [112.67522639999999, -7.352704899999999], [112.6750641, -7.3527228], [112.6750141, -7.352723200000002], [112.67493799999998, -7.3527218], [112.67400929999998, -7.352701200000001], [112.6733163, -7.352696899999998], [112.67289449999998, -7.352699500000003], [112.67257839999999, -7.352697599999998], [112.67228499999999, -7.3526956000000006], [112.6717281, -7.352678600000002], [112.67139109999998, -7.352682299999998], [112.671141, -7.352679600000001], [112.6709419, -7.3526875999999985], [112.670617, -7.3526956000000006], [112.6702928, -7.352703499999999], [112.66960209999999, -7.352721499999999], [112.6689842, -7.3527290999999995], [112.66861639999999, -7.352738799999999], [112.66822779999998, -7.3527561], [112.66801159999999, -7.352768099999999], [112.6678476, -7.352778999999998], [112.6675809, -7.352796200000003], [112.6672883, -7.3528161999999995]]}}, {"type": "Feature", "properties": {"layer": "osm_road", "stroke": "#999999"}, "geometry": {"type": "LineString", "coordinates": [[112.6917176, -7.341833400000001], [112.69161859999998, -7.3419246], [112.6915275, -7.3420655], [112.69144419999999, -7.342176699999998], [112.6914107, -7.3422604], [112.69139249999999, -7.342352299999998], [112.6913947, -7.342576399999999], [112.6913705, -7.342777800000001], [112.6913142, -7.3428949], [112.69125419999999, -7.342974600000001]]}}, {"type": "Feature", "properties": {"layer": "osm_road", "stroke": "#999999"}, "geometry": {"type": "LineString", "coordinates": [[112.6774851, -7.349803], [112.6774801, -7.349731500000002], [112.6774741, -7.349519299999998], [112.6774791, -7.349455500000001], [112.6775012, -7.349346699999998], [112.6775448, -7.349189999999999], [112.67759039999999, -7.349055799999999]]}}, {"type": "Feature", "properties": {"layer": "osm_road", "stroke": "#999999"}, "geometry": {"type": "LineString", "coordinates": [[112.6814026, -7.3504058], [112.68118629999998, -7.350421299999999], [112.6808696, -7.3504708], [112.6807208, -7.350502699999999], [112.6800916, -7.3506266], [112.68005089999998, -7.3506279999999995]]}}, {"type": "Feature", "properties": {"layer": "osm_road", "stroke": "#999999"}, "geometry": {"type": "LineString", "coordinates": [[112.6677376, -7.347084000000001], [112.6675992, -7.3470564000000005], [112.66678509999998, -7.346963500000001], [112.66667250000002, -7.346939599999996], [112.6665843, -7.3469104000000005], [112.6664284, -7.346862500000001], [112.66626439999999, -7.346836199999997], [112.6661012, -7.3468146]]}}, {"type": "Feature", "properties": {"layer": "osm_road", "stroke": "#999999"}, "geometry": {"type": "LineString", "coordinates": [[112.68751659999998, -7.3492106999999995], [112.68750319999998, -7.349196499999998], [112.6874847, -7.3491898], [112.68745789999998, -7.349188499999999], [112.6874227, -7.3491898], [112.6873808, -7.349201099999999], [112.68734359999999, -7.3492184], [112.68730130000002, -7.349245999999998], [112.68725169999999, -7.349277700000001], [112.68720749999999, -7.349291199999999], [112.68707119999999, -7.349290000000002], [112.6869914, -7.3492782], [112.6868256, -7.3492599], [112.68668569999998, -7.349244499999998], [112.68644769999999, -7.349204799999999], [112.6862106, -7.349183399999998]]}}, {"type": "Feature", "properties": {"layer": "osm_road", "stroke": "#999999"}, "geometry": {"type": "LineString", "coordinates": [[112.68894069557702, -7.337893960279279], [112.68892840000001, -7.337913199999998], [112.68870629999999, -7.338279799999999]]}}, {"type": "Feature", "properties": {"layer": "osm_road", "stroke": "#999999"}, "geometry": {"type": "LineString", "coordinates": [[112.6785212, -7.347573600000001], [112.67847359999999, -7.347547799999998], [112.67830509999999, -7.347474600000002], [112.67815349999998, -7.347415599999999], [112.6780916, -7.347373899999999], [112.67773199999999, -7.347131500000001], [112.677406, -7.346988100000001], [112.6767485, -7.346851399999999], [112.6758663, -7.346667900000001]]}}, {"type": "Feature", "properties": {"layer": "osm_road", "stroke": "#999999"}, "geometry": {"type": "LineString", "coordinates": [[112.66980719999998, -7.347521900000001], [112.66973289999999, -7.347513599999998], [112.66922609999999, -7.3474572], [112.6684459, -7.347403800000001], [112.6681031, -7.347385900000001], [112.66766879999999, -7.3473611]]}}, {"type": "Feature", "properties": {"layer": "osm_road", "stroke": "#999999"}, "geometry": {"type": "LineString", "coordinates": [[112.6821408, -7.3473467], [112.6821314, -7.3466417], [112.68214809999999, -7.346175499999999], [112.6821877, -7.3458057], [112.6821897, -7.345707300000001], [112.6821756, -7.3456428], [112.6821293, -7.3455644], [112.6821052, -7.3455529], [112.68205559999998, -7.3455358], [112.68063299999999, -7.345256899999998]]}}, {"type": "Feature", "properties": {"layer": "osm_road", "stroke": "#999999"}, "geometry": {"type": "LineString", "coordinates": [[112.6666562, -7.3490216], [112.66692409999999, -7.348929900000001], [112.6671952, -7.3488514], [112.66741950000001, -7.3488107000000005], [112.66784519999999, -7.348783800000001], [112.6681155, -7.3487858], [112.668217, -7.3487934]]}}, {"type": "Feature", "properties": {"layer": "osm_road", "stroke": "#999999"}, "geometry": {"type": "LineString", "coordinates": [[112.68191579999998, -7.3491031], [112.68185709999999, -7.3491286], [112.68165899999998, -7.349228999999999], [112.6815795, -7.349275700000001], [112.68144879999998, -7.349352399999998], [112.68127009999999, -7.3494512], [112.68109799999999, -7.3495437], [112.68092249999998, -7.349667400000002], [112.6807544, -7.349784099999998], [112.68061899999998, -7.349890500000001], [112.6804325, -7.350024800000001], [112.6800798, -7.3502602999999995], [112.6798935, -7.350392500000001], [112.67985279999999, -7.350418999999999], [112.6798129, -7.350441099999999], [112.67966409999998, -7.3505303], [112.6794777, -7.3506086999999996], [112.67932479999999, -7.350681899999998], [112.67898410000001, -7.350824199999998], [112.6785912, -7.350935899999997], [112.67803189999998, -7.351096900000001], [112.6775639, -7.3512339], [112.6772732, -7.351297000000001], [112.6770372, -7.351351600000001], [112.67680850000002, -7.3513755], [112.6766007, -7.351397399999999], [112.6765168, -7.351407699999999], [112.67643499999998, -7.351422000000002], [112.67626569999999, -7.351453299999998], [112.6760733, -7.351488500000002], [112.67581539999999, -7.351545399999999], [112.67567499999998, -7.351575299999998], [112.6755197, -7.351611200000001], [112.6750453, -7.3517063], [112.67491759999999, -7.351729300000001], [112.67452529999998, -7.351747200000001], [112.67412970000001, -7.351747200000001], [112.67330089999999, -7.351739899999998], [112.6725995, -7.3517525], [112.672109, -7.351785100000001], [112.6717707, -7.3518097], [112.671476, -7.3518357], [112.6711997, -7.3518643], [112.67106409999998, -7.351874399999999], [112.67090299999998, -7.351878200000001], [112.67078399999998, -7.351871900000002], [112.67071859999999, -7.351863899999999], [112.6706106, -7.3518456], [112.67046809999998, -7.351810700000001], [112.67032130000001, -7.351779799999998], [112.67022539999999, -7.351762800000001], [112.67010169999999, -7.351745199999997], [112.66985019999998, -7.351715000000001], [112.6697325, -7.3517003], [112.66965109999998, -7.351687400000001], [112.66946229999999, -7.351651799999999], [112.669004, -7.3515164], [112.6688145, -7.351477499999999], [112.6687002, -7.3514499], [112.6686174, -7.351437600000001], [112.66833379999998, -7.351416], [112.6678848, -7.351405400000001], [112.6678157, -7.351403000000001], [112.66767959999999, -7.351398699999998], [112.6675931, -7.3514026999999995], [112.6674926, -7.351426200000002], [112.6672951, -7.351481900000001], [112.6670389, -7.351605], [112.6668347, -7.3517213], [112.6666178, -7.3518257999999985], [112.66644009999999, -7.351881400000002], [112.6662042, -7.351920300000001]]}}, {"type": "Feature", "properties": {"layer": "osm_road", "stroke": "#999999"}, "geometry": {"type": "LineString", "coordinates": [[112.6915678, -7.346865099999998], [112.6910207, -7.346847100000001], [112.6909223, -7.3468399], [112.69085259999999, -7.346829200000001], [112.69078279999998, -7.346805299999998], [112.69069299999998, -7.346767999999999], [112.6906048, -7.3467377], [112.69046239999999, -7.346715299999998], [112.69036599999998, -7.3467141], [112.6900043, -7.346750100000002], [112.6899697, -7.3467522]]}}, {"type": "Feature", "properties": {"layer": "osm_road", "stroke": "#999999"}, "geometry": {"type": "LineString", "coordinates": [[112.69674939999999, -7.3459753], [112.6966381, -7.34597], [112.6966039, -7.3459622000000016], [112.6965442, -7.345948700000002], [112.69647719999999, -7.345949999999999], [112.69643159999998, -7.345952700000001], [112.69637720000001, -7.345972699999997], [112.69635919999999, -7.3459793], [112.6962996, -7.3460018], [112.6961037, -7.3460811]]}}, {"type": "Feature", "properties": {"layer": "osm_road", "stroke": "#999999"}, "geometry": {"type": "LineString", "coordinates": [[112.6862106, -7.349183399999998], [112.6862115, -7.3492733], [112.6862229, -7.3495873], [112.68622519999998, -7.349647500000001], [112.6862272, -7.349673000000003], [112.68622739999999, -7.3497281999999995], [112.68624789999998, -7.349957499999999], [112.6862912, -7.3503899], [112.68632, -7.3506339], [112.6863272, -7.350670000000001]]}}, {"type": "Feature", "properties": {"layer": "osm_road", "stroke": "#999999"}, "geometry": {"type": "LineString", "coordinates": [[112.69775219999998, -7.346806400000001], [112.69768089999998, -7.346852899999999], [112.6975823, -7.346910300000001], [112.6973087, -7.3470347999999985], [112.69703639999999, -7.3471683], [112.69679859999998, -7.347300500000001], [112.6964531, -7.347572699999999], [112.69623589999999, -7.347713199999999], [112.69604149999999, -7.3478399], [112.69576569999998, -7.3480027], [112.69542309999999, -7.348185299999996], [112.69470959999998, -7.348541099999999], [112.69457189999999, -7.348615100000001], [112.69445569999999, -7.348681700000001], [112.69238789999999, -7.3497015], [112.69207130000001, -7.349861100000001], [112.69150590000001, -7.350136899999999]]}}, {"type": "Feature", "properties": {"layer": "osm_road", "stroke": "#999999"}, "geometry": {"type": "LineString", "coordinates": [[112.69671319999999, -7.3454353], [112.69665819999999, -7.345403399999999], [112.69652679999999, -7.345359499999998], [112.69645039999999, -7.3453314999999995], [112.6964113, -7.345320000000001], [112.696014, -7.345317900000003], [112.695733, -7.3453034], [112.6957181, -7.3452717000000005], [112.69569259999999, -7.345247699999999], [112.6953087, -7.345153399999999], [112.69510530000001, -7.345083900000001], [112.6948512, -7.3450454], [112.6947368, -7.345024299999999], [112.69462510000001, -7.345004300000001]]}}, {"type": "Feature", "properties": {"layer": "osm_road", "stroke": "#999999"}, "geometry": {"type": "LineString", "coordinates": [[112.66579729999998, -7.3481912], [112.66587249999999, -7.3488709], [112.66588389999998, -7.3490784], [112.6658985, -7.349258200000001], [112.66592, -7.349375300000002], [112.6659733, -7.349515300000001], [112.666018, -7.3496384], [112.66604259999998, -7.349903699999998], [112.6660535, -7.350475000000001], [112.66605449999999, -7.350550700000001]]}}, {"type": "Feature", "properties": {"layer": "osm_road", "stroke": "#999999"}, "geometry": {"type": "LineString", "coordinates": [[112.68104169999998, -7.3429484999999985], [112.68081619999998, -7.3428933999999995], [112.68051329999999, -7.342835499999999], [112.680476, -7.342817], [112.68044289999999, -7.3427924], [112.68034229999999, -7.342704], [112.68029609999999, -7.3426747], [112.6802479, -7.342653999999998], [112.68015529999998, -7.342634099999998], [112.6800672, -7.3426190999999985], [112.6799816, -7.3426081]]}}, {"type": "Feature", "properties": {"layer": "osm_road", "stroke": "#999999"}, "geometry": {"type": "LineString", "coordinates": [[112.66988069999998, -7.346803900000002], [112.66937639999999, -7.346629000000002], [112.66895279999999, -7.346505900000001], [112.66856409999998, -7.346434800000001], [112.6681363, -7.346372999999999], [112.6679648, -7.346350999999999]]}}, {"type": "Feature", "properties": {"layer": "osm_road", "stroke": "#999999"}, "geometry": {"type": "LineString", "coordinates": [[112.69497169999998, -7.345491000000001], [112.69450639999998, -7.345451899999998], [112.69443569999999, -7.3454502], [112.6943475, -7.3454566], [112.6942429, -7.345464499999999], [112.6942177, -7.345464499999999], [112.6941846, -7.345463000000001], [112.69415069999998, -7.3454587], [112.6941181, -7.345446999999998], [112.6939322, -7.3453256]]}}, {"type": "Feature", "properties": {"layer": "osm_road", "stroke": "#999999"}, "geometry": {"type": "LineString", "coordinates": [[112.66308519999998, -7.350886600000001], [112.66314929999999, -7.3504091], [112.66319149999998, -7.350161], [112.6632033, -7.350090899999999], [112.6632133, -7.350031300000002], [112.6632307, -7.3498342], [112.663249, -7.3493385], [112.66325279999998, -7.349306800000002], [112.66327369999999, -7.349170699999999], [112.66330459999999, -7.3490138], [112.6633339, -7.3486777], [112.66340009999999, -7.3485032000000015], [112.66344339999999, -7.3483481999999976], [112.66347629999999, -7.348209799999999], [112.6635098, -7.3480846999999985]]}}, {"type": "Feature", "properties": {"layer": "osm_road", "stroke": "#999999"}, "geometry": {"type": "LineString", "coordinates": [[112.6848009, -7.350853300000001], [112.68481159999999, -7.350800899999999], [112.6848632, -7.3505827], [112.6848558, -7.3505648], [112.68481759999999, -7.350530899999999], [112.684725, -7.350501799999999], [112.68444559999999, -7.350396399999999], [112.68435719999998, -7.350346899999998], [112.68419059999998, -7.350220899999997], [112.68403039999998, -7.350045000000001], [112.68398339999999, -7.349974900000001], [112.68395359999998, -7.3499213], [112.68391299999999, -7.349821299999998], [112.68380059999998, -7.3495925999999985], [112.68379, -7.349574499999999], [112.6837714, -7.349554099999999], [112.6837008, -7.349477400000001]]}}, {"type": "Feature", "properties": {"layer": "osm_road", "stroke": "#999999"}, "geometry": {"type": "LineString", "coordinates": [[112.6676553, -7.347866400000002], [112.6662597, -7.348144100000001]]}}, {"type": "Feature", "properties": {"layer": "osm_road", "stroke": "#999999"}, "geometry": {"type": "LineString", "coordinates": [[112.663249, -7.3493385], [112.66236950477963, -7.3494003285795815]]}}, {"type": "Feature", "properties": {"layer": "osm_road", "stroke": "#999999"}, "geometry": {"type": "LineString", "coordinates": [[112.67862449999998, -7.348188800000001], [112.6782692, -7.3481746], [112.67802629999998, -7.348161], [112.6772338, -7.348104799999999], [112.67717669999999, -7.348101599999998], [112.67691309999998, -7.3480925], [112.6766409, -7.3480916], [112.67643579999998, -7.3481454], [112.67622759999999, -7.348155], [112.67586439999998, -7.3481434], [112.6754611, -7.348103100000001]]}}, {"type": "Feature", "properties": {"layer": "osm_road", "stroke": "#999999"}, "geometry": {"type": "LineString", "coordinates": [[112.6848009, -7.350853300000001], [112.68429869999999, -7.350944599999999], [112.68395939999999, -7.3510033], [112.68363619999998, -7.3510592], [112.6833744, -7.351069600000001], [112.68330349999998, -7.351078899999999], [112.68321149999998, -7.351076], [112.6829775, -7.351042699999998], [112.68274830000001, -7.351030899999999], [112.6826231, -7.3510266999999985], [112.682563, -7.3510273], [112.68244119999999, -7.351025799999999], [112.68210330000001, -7.3510523]]}}, {"type": "Feature", "properties": {"layer": "osm_road", "stroke": "#999999"}, "geometry": {"type": "LineString", "coordinates": [[112.6758663, -7.346667900000001], [112.67577049999998, -7.346953099999999], [112.6755653, -7.3475966999999995], [112.6754611, -7.348103100000001], [112.67544869999999, -7.348498499999999], [112.6754512, -7.348584], [112.6754433, -7.3488341], [112.6754337, -7.349001199999998]]}}, {"type": "Feature", "properties": {"layer": "osm_road", "stroke": "#999999"}, "geometry": {"type": "LineString", "coordinates": [[112.6632133, -7.350031300000002], [112.66236950477963, -7.350086317062535]]}}, {"type": "Feature", "properties": {"layer": "osm_road", "stroke": "#999999"}, "geometry": {"type": "LineString", "coordinates": [[112.6906526, -7.3445843], [112.69048379999998, -7.3441318], [112.6904598, -7.343985299999998], [112.69045469999999, -7.343837400000001], [112.69047169999999, -7.3437035], [112.69049339999998, -7.343597300000001], [112.69052940000002, -7.343505300000001], [112.69058369999999, -7.3434304], [112.69068229999999, -7.343337700000001], [112.69078239999999, -7.343273599999998], [112.69099939999998, -7.343162100000001], [112.69106579999999, -7.343118199999999], [112.69114439999998, -7.343065300000003], [112.69125419999999, -7.342974600000001]]}}, {"type": "Feature", "properties": {"layer": "osm_road", "stroke": "#999999"}, "geometry": {"type": "LineString", "coordinates": [[112.6964011, -7.338261400000001], [112.6962545, -7.338096799999997], [112.69610603945577, -7.337893960279279]]}}, {"type": "Feature", "properties": {"layer": "osm_road", "stroke": "#999999"}, "geometry": {"type": "LineString", "coordinates": [[112.69226149999999, -7.338799400000001], [112.6924321, -7.338390199999998], [112.6926317679275, -7.337893960279279]]}}, {"type": "Feature", "properties": {"layer": "osm_road", "stroke": "#999999"}, "geometry": {"type": "LineString", "coordinates": [[112.67802629999998, -7.348161], [112.6779565, -7.348647499999999], [112.67791899999999, -7.3487592], [112.67788950000002, -7.348815], [112.6778197, -7.348908200000001], [112.6777289, -7.349014899999999], [112.67769599999998, -7.3490285], [112.67766609999998, -7.349039799999999], [112.67762359999999, -7.3490502000000015], [112.67759039999999, -7.349055799999999], [112.67728009999999, -7.348943699999999], [112.6767361, -7.3487592], [112.6766181, -7.3487485], [112.6764639, -7.348764499999998], [112.6764223, -7.348771199999999], [112.6763593, -7.348780500000001], [112.67633069999998, -7.3488071999999995], [112.6763177, -7.3488589], [112.67636189999999, -7.349045200000002], [112.67637129999999, -7.349135599999999], [112.67636329999999, -7.349175500000001], [112.6763445, -7.349196799999998], [112.6762922, -7.349236699999999], [112.67621170000001, -7.349264600000001], [112.67610309999999, -7.349288599999999], [112.67599719999998, -7.349300500000001], [112.67585899999999, -7.3492899], [112.67562429999998, -7.349258], [112.6754259, -7.349239300000001]]}}, {"type": "Feature", "properties": {"layer": "osm_road", "stroke": "#999999"}, "geometry": {"type": "LineString", "coordinates": [[112.69124399999998, -7.35711], [112.6909477, -7.357238599999998]]}}, {"type": "Feature", "properties": {"layer": "osm_road", "stroke": "#999999"}, "geometry": {"type": "LineString", "coordinates": [[112.69094539999999, -7.3571109], [112.6911985, -7.3570018]]}}, {"type": "Feature", "properties": {"layer": "osm_road", "stroke": "#999999"}, "geometry": {"type": "LineString", "coordinates": [[112.68189769999998, -7.3726172], [112.6820041, -7.372523700000002], [112.68205739999999, -7.3724768], [112.6827386, -7.371877600000001], [112.6831226, -7.371539800000001], [112.6836894, -7.371056499999999], [112.6838654, -7.3708993], [112.6840198, -7.3707748], [112.6841328, -7.370657599999999], [112.6841676, -7.370706599999998], [112.68420149999999, -7.370786599999998], [112.6842181, -7.370895299999996], [112.6842181, -7.371102900000001], [112.68419939999998, -7.371441900000001], [112.6841524, -7.372250599999998], [112.68414449999999, -7.3723715], [112.68410679999998, -7.372946199999999], [112.684139, -7.3730313], [112.6841913, -7.373081799999999], [112.68431739999998, -7.3731377], [112.68416049999999, -7.373216199999999], [112.68403079999999, -7.373272899999998], [112.683937, -7.373299200000003], [112.68381309999998, -7.3733099], [112.6823283, -7.373219100000002], [112.68197819999999, -7.3731608], [112.68190239999998, -7.373143499999999]]}}, {"type": "Feature", "properties": {"layer": "osm_road", "stroke": "#999999"}, "geometry": {"type": "LineString", "coordinates": [[112.68144719999998, -7.372880799999999], [112.6817352, -7.3727094], [112.68182569999999, -7.372647000000001], [112.68189769999998, -7.3726172], [112.6819738, -7.372622400000001], [112.68202859999998, -7.372645200000001], [112.682064, -7.3727049], [112.682057, -7.3728664], [112.6820428, -7.372983899999998], [112.6820233, -7.373043599999999], [112.6819915, -7.373082199999998], [112.68190239999998, -7.373143499999999], [112.68170089999998, -7.373119899999999], [112.6814405, -7.373085499999999], [112.6814327, -7.3729794], [112.68144719999998, -7.372880799999999]]}}, {"type": "Feature", "properties": {"layer": "osm_road", "stroke": "#999999"}, "geometry": {"type": "LineString", "coordinates": [[112.6820428, -7.372983899999998], [112.6821367, -7.3730416], [112.68223390000001, -7.373109399999998], [112.6823457, -7.373151799999998], [112.6824721, -7.373169899999998], [112.68322839999999, -7.3732029], [112.6836771, -7.3732338], [112.6837943, -7.3732321], [112.68389429999999, -7.373195599999999]]}}, {"type": "Feature", "properties": {"layer": "osm_road", "stroke": "#999999"}, "geometry": {"type": "LineString", "coordinates": [[112.6841328, -7.370657599999999], [112.6842208, -7.3705774], [112.6842798, -7.3705375], [112.6843777, -7.370522899999999], [112.6845601, -7.3705216], [112.6857155, -7.370595999999998], [112.68583599999998, -7.3706036], [112.68735529999998, -7.370699099999999], [112.6873647, -7.3706995], [112.68737139999999, -7.370703899999999], [112.68737389999998, -7.3707111], [112.68730819999999, -7.371675200000001], [112.6872562, -7.3724378999999995], [112.68721549999998, -7.3730353], [112.6872088, -7.373055199999998], [112.68716529999999, -7.373123100000001]]}}, {"type": "Feature", "properties": {"layer": "osm_road", "stroke": "#999999"}, "geometry": {"type": "LineString", "coordinates": [[112.6871437, -7.372730800000001], [112.6871562, -7.3725847], [112.6871614, -7.3724305999999995], [112.68720869999999, -7.3716674], [112.6872816, -7.370815500000001], [112.68727749999998, -7.370809200000001], [112.68726979999998, -7.370803499999999], [112.6872574, -7.370801499999999], [112.6858317, -7.370720299999999], [112.6857047, -7.370709400000002], [112.68451589999998, -7.370634599999998], [112.68439779999999, -7.370641300000001], [112.6843388, -7.370661199999999], [112.68432259999999, -7.370672199999998], [112.68428389999998, -7.370698499999999], [112.68420149999999, -7.370786599999998]]}}, {"type": "Feature", "properties": {"layer": "osm_road", "stroke": "#999999"}, "geometry": {"type": "LineString", "coordinates": [[112.6854322, -7.358738300000001], [112.6854011, -7.358697799999999], [112.6853912, -7.358655499999998], [112.68540539999998, -7.358618100000003]]}}, {"type": "Feature", "properties": {"layer": "osm_road", "stroke": "#999999"}, "geometry": {"type": "LineString", "coordinates": [[112.68530250000002, -7.3586378], [112.6853334, -7.358670699999999], [112.6853403, -7.3587084], [112.6853302, -7.358757599999999]]}}, {"type": "Feature", "properties": {"layer": "osm_road", "stroke": "#999999"}, "geometry": {"type": "LineString", "coordinates": [[112.70189537728089, -7.338018226862663], [112.7017582, -7.338141300000001], [112.70167259999998, -7.3382061], [112.70156949999999, -7.338261799999997], [112.7014862, -7.338301900000002], [112.70139639999998, -7.338336599999997], [112.7012864, -7.3383696999999986], [112.7011657, -7.3383857], [112.70082139999998, -7.3384278], [112.7005283, -7.3384756], [112.7003355, -7.338507], [112.69970059999999, -7.3385965], [112.6996329, -7.338606000000001], [112.69957699999999, -7.3386162], [112.6994738, -7.338629700000001], [112.69928159999999, -7.338658799999999], [112.69918229999999, -7.338682799999997], [112.6990817, -7.3387149], [112.6990063, -7.338738900000002], [112.6988657, -7.338802000000002], [112.6987967, -7.3388482], [112.6987195, -7.338904099999999], [112.69816359999999, -7.3393971], [112.69805959999998, -7.339488], [112.69796509999999, -7.3395755000000005], [112.6977955, -7.3397251], [112.69719169999999, -7.3403097], [112.69690299999999, -7.3405638], [112.69635110000002, -7.3410513], [112.69598689999998, -7.3413893], [112.69581989999999, -7.341545699999998], [112.6956345, -7.3417178000000005], [112.69552029999998, -7.341823799999998], [112.69527499999998, -7.3420736]]}}, {"type": "Feature", "properties": {"layer": "osm_road", "stroke": "#999999"}, "geometry": {"type": "LineString", "coordinates": [[112.6809122, -7.360154900000001], [112.68090700000002, -7.3601798999999986], [112.68076209999998, -7.360877700000002], [112.68072459999999, -7.3610583], [112.6805567, -7.361885599999998], [112.6804319, -7.3625005], [112.6803613, -7.3628487], [112.6802744, -7.363254099999999], [112.68024439999999, -7.363393899999998], [112.6800755, -7.363846100000001], [112.67989519999999, -7.364310699999998], [112.67981799999998, -7.3645098], [112.6796508, -7.365009800000001], [112.67963959999999, -7.365043200000001], [112.6793754, -7.365794599999998], [112.6791427, -7.366518199999999], [112.67907629999999, -7.3667177], [112.6790455, -7.366845400000002], [112.6790093, -7.3671299999999995], [112.6789704, -7.3674771], [112.67894059999999, -7.367778], [112.67885649999998, -7.368666500000001], [112.67882669999999, -7.368994600000001], [112.6787234, -7.370118800000002], [112.6787201, -7.3701702], [112.6787115, -7.370304800000003], [112.67868479999998, -7.3706394], [112.6786787, -7.370705900000003], [112.6786727, -7.3708195000000005], [112.6786698, -7.3710881], [112.67868129999998, -7.3714546], [112.6787237, -7.372373900000001], [112.67872659999999, -7.3724362], [112.67873149999998, -7.372540499999999], [112.67877589999999, -7.372799899999999], [112.67876919999999, -7.3730034], [112.67876219999998, -7.373154799999998], [112.6787518, -7.3733784999999985], [112.67871589999999, -7.3744294], [112.6787116, -7.374670499999999], [112.67866999999998, -7.375296299999998], [112.67862979999998, -7.3759507], [112.6786056, -7.3762865], [112.6785976, -7.3763976], [112.67855339999998, -7.3767886], [112.67851100430796, -7.377094393293547]]}}, {"type": "Feature", "properties": {"layer": "osm_road", "stroke": "#999999"}, "geometry": {"type": "LineString", "coordinates": [[112.70189537728089, -7.350619618386216], [112.70144329999998, -7.3507071], [112.7007667, -7.3508448], [112.7005896, -7.350882899999999], [112.70036640000001, -7.350931], [112.70026049999998, -7.350954500000001], [112.70015049999999, -7.350986399999999], [112.69998889999998, -7.351044300000001], [112.6998561, -7.3511081], [112.69973470000001, -7.351184600000002], [112.69959859999999, -7.3512797], [112.69948659999999, -7.3513747999999985], [112.69933839999999, -7.3515267999999985], [112.6979665, -7.353088299999998], [112.6973557, -7.353796500000001], [112.69722819999998, -7.353914599999999], [112.69707529999998, -7.354053600000001], [112.6969653, -7.3541367], [112.69685399999999, -7.354219199999999], [112.69669639999998, -7.354316899999996], [112.69652550000002, -7.354410700000002], [112.69635779999999, -7.354491200000002], [112.696099, -7.3545849], [112.6951837, -7.354871599999999], [112.6950362, -7.354919400000001], [112.69490949999998, -7.354963399999998], [112.69481089999998, -7.3550165000000005], [112.6946788, -7.3550983], [112.6942851, -7.3553484000000005], [112.6940294, -7.3555176], [112.69388139999998, -7.355603599999998], [112.6937819, -7.355648799999999], [112.69368699999998, -7.355694199999997], [112.69336309999998, -7.3558284999999985], [112.6929018, -7.356005899999999]]}}, {"type": "Feature", "properties": {"layer": "osm_road", "stroke": "#999999"}, "geometry": {"type": "LineString", "coordinates": [[112.6911985, -7.3570018], [112.6911253, -7.3568279]]}}, {"type": "Feature", "properties": {"layer": "osm_road", "stroke": "#999999"}, "geometry": {"type": "LineString", "coordinates": [[112.68108060000002, -7.3590247], [112.6808098, -7.3590862], [112.6806677, -7.359126899999998], [112.67957969999999, -7.3594476], [112.6793346, -7.359517500000001], [112.6790558, -7.3596007000000006], [112.67851039999998, -7.3597562], [112.6778036, -7.359979], [112.6766529, -7.360338499999999], [112.6761185, -7.360511], [112.6755801, -7.360711200000001], [112.67510069999999, -7.3608872], [112.67454099999999, -7.361104400000003], [112.6743261, -7.361188699999999], [112.6739781, -7.3613275], [112.6738761, -7.361367999999999], [112.6737724, -7.36141], [112.6734427, -7.3615438], [112.67323899999998, -7.361632199999999], [112.67299389999998, -7.361734700000001], [112.67282899999998, -7.3617994], [112.6722088, -7.362070200000001], [112.6718776, -7.362231500000001], [112.67150059999999, -7.362403700000001], [112.67118679999999, -7.3625489], [112.6709252, -7.36266], [112.6707775, -7.362726699999998], [112.6705685, -7.3628179000000005], [112.66927509999998, -7.363380500000001], [112.6686958, -7.3636414], [112.66765860000001, -7.364078600000001], [112.66734009999999, -7.3642037], [112.66681359999998, -7.3644158], [112.66633789999999, -7.364608599999999], [112.6658632, -7.364796499999998], [112.6655395, -7.364923799999998], [112.66498519999999, -7.3651482], [112.66236950477963, -7.366190348484965]]}}, {"type": "Feature", "properties": {"layer": "osm_road", "stroke": "#999999"}, "geometry": {"type": "LineString", "coordinates": [[112.6911985, -7.3570018], [112.69124399999998, -7.35711]]}}, {"type": "Feature", "properties": {"layer": "osm_road", "stroke": "#999999"}, "geometry": {"type": "LineString", "coordinates": [[112.69286689999998, -7.355938899999999], [112.692945, -7.3559046], [112.6932693, -7.3557812999999985], [112.6933765, -7.355743400000001], [112.6935851, -7.3556536], [112.69369709999998, -7.355602400000001], [112.6939508, -7.355469599999999], [112.69426439999998, -7.3552719], [112.6944568, -7.355148900000001], [112.6946788, -7.3549986], [112.6947995, -7.354930800000001], [112.6949302, -7.354868199999998], [112.69514279999999, -7.354794400000001], [112.69528519999999, -7.354749399999999], [112.69569259999999, -7.354620800000001], [112.6960395, -7.3545105], [112.69621899999999, -7.354452599999999], [112.69636249999999, -7.3543914], [112.69648789999998, -7.354330899999999], [112.69663409999998, -7.354247799999999], [112.69681649999998, -7.3541367], [112.69700019999999, -7.353996400000001], [112.697086, -7.3539259], [112.69719739999998, -7.3538241], [112.69730659999999, -7.3537117], [112.6973529, -7.3536599], [112.6981378, -7.3527625], [112.69827219999999, -7.352607399999998], [112.6989016, -7.351888699999999], [112.6990588, -7.3517092], [112.69917159999999, -7.3515804000000005], [112.6992753, -7.3514687999999975], [112.69942219999999, -7.3513156], [112.69951139999999, -7.351232499999998], [112.69955029999998, -7.351201900000002], [112.69968909999999, -7.3511021], [112.69984469999999, -7.351006999999999], [112.69997279999998, -7.350944499999998], [112.7001297, -7.3508847], [112.70028189999998, -7.3508414], [112.7004797, -7.3508021999999995], [112.7008433, -7.350734300000001], [112.7016797, -7.3505693999999995], [112.70189537728089, -7.350526865443199]]}}, {"type": "Feature", "properties": {"layer": "osm_road", "stroke": "#999999"}, "geometry": {"type": "LineString", "coordinates": [[112.67980369999998, -7.3451246], [112.6796074, -7.345096100000002], [112.6795689, -7.3450722]]}}, {"type": "Feature", "properties": {"layer": "osm_road", "stroke": "#999999"}, "geometry": {"type": "LineString", "coordinates": [[112.68021559999998, -7.342222699999999], [112.67987060000002, -7.342166200000001], [112.67948729999999, -7.3420933999999995], [112.6790535, -7.342027599999998], [112.6785379, -7.341931099999998], [112.67842590000001, -7.341909199999999], [112.6781563, -7.341886600000001], [112.67812479999999, -7.341902499999999], [112.67810869999998, -7.3419270999999995], [112.67804769999998, -7.342396], [112.6780155, -7.3426454], [112.67798999999998, -7.342837600000001], [112.67794619999998, -7.3431436], [112.6779087, -7.343377799999999], [112.6778846, -7.3435254], [112.6778551, -7.3437129], [112.6775676, -7.3459261], [112.67757229999998, -7.345971999999999], [112.67760379999999, -7.345987299999999], [112.67777349999999, -7.345991299999998], [112.67823749999998, -7.345983299999999], [112.6782791, -7.345995900000001], [112.67830719999999, -7.346043100000001]]}}, {"type": "Feature", "properties": {"layer": "osm_road", "stroke": "#999999"}, "geometry": {"type": "LineString", "coordinates": [[112.6806068, -7.3406058000000005], [112.6805826, -7.3407361999999985], [112.6805558, -7.3408612], [112.68053699999999, -7.3409437], [112.6805272, -7.341034700000001], [112.68049950000001, -7.3410847], [112.6804646, -7.341222999999998], [112.6804512, -7.3413587], [112.68042909999998, -7.3414737], [112.68041139999998, -7.341556], [112.68040559999999, -7.341614099999999], [112.68040829999998, -7.341701800000001], [112.68041070000001, -7.341764899999998]]}}, {"type": "Feature", "properties": {"layer": "osm_road", "stroke": "#999999"}, "geometry": {"type": "LineString", "coordinates": [[112.67991749999999, -7.3407361999999985], [112.68009449999998, -7.340802700000001], [112.68023929999998, -7.3408931], [112.68030909999999, -7.340964999999999], [112.6804029, -7.3410208], [112.68045389999999, -7.341034100000001], [112.6805272, -7.341034700000001], [112.680588, -7.341034100000001], [112.6806846, -7.340962299999999], [112.68070069999999, -7.340909100000001], [112.68072479999998, -7.340855899999999], [112.68081599999998, -7.340789400000002], [112.6809152, -7.3407841], [112.6810896, -7.340810699999998], [112.6811759, -7.3408446000000005]]}}, {"type": "Feature", "properties": {"layer": "osm_road", "stroke": "#999999"}, "geometry": {"type": "LineString", "coordinates": [[112.6778939, -7.341211699999999], [112.67791139999999, -7.341191], [112.67793690000002, -7.341163099999998], [112.67799049999999, -7.3411339], [112.67799319999999, -7.3410913], [112.678024, -7.341051399999998], [112.67805489999999, -7.3409969], [112.6780777, -7.340938300000001], [112.67806830000002, -7.340889099999998], [112.67810579999998, -7.340850500000001], [112.67814469999999, -7.3408066], [112.67816219999999, -7.340772099999999], [112.6781769, -7.340738799999999], [112.6782373, -7.3407308], [112.6783725, -7.3407122], [112.6785227, -7.3408851], [112.67857489999999, -7.340910199999998], [112.6786112, -7.340927700000001], [112.67865679999998, -7.340933], [112.67876139999998, -7.340948999999999], [112.67882039999999, -7.340919699999999], [112.67887139999999, -7.340911700000001], [112.6790189, -7.3409543], [112.67910199999999, -7.340956900000001], [112.6791771, -7.340943599999999], [112.6792442, -7.340906400000001], [112.67930049999998, -7.3408612], [112.67938369999999, -7.340834600000001], [112.6794561, -7.3408532], [112.67949099999998, -7.340866500000001], [112.6795419, -7.3408213], [112.67960629999999, -7.3407681], [112.6796492, -7.340752099999999], [112.6797297, -7.3407149], [112.6797753, -7.3406929000000005], [112.67982889999999, -7.340682300000001], [112.67991749999999, -7.3407361999999985]]}}, {"type": "Feature", "properties": {"layer": "osm_road", "stroke": "#999999"}, "geometry": {"type": "LineString", "coordinates": [[112.68041070000001, -7.341764899999998], [112.68048249999998, -7.341753599999999], [112.6806148, -7.341745700000001], [112.68077219999999, -7.341719], [112.68085669999999, -7.341725600000001], [112.68089619999999, -7.341747599999999], [112.68092369999998, -7.341749600000001], [112.68094849999999, -7.3417389], [112.68096349999999, -7.341705800000001], [112.68097129999998, -7.341663100000001], [112.6809854, -7.3416179], [112.6810203, -7.341594599999999], [112.68107059999998, -7.341591900000001], [112.6811034, -7.341597299999999], [112.6811349, -7.341612600000001], [112.68116179999998, -7.3416146], [112.6811893, -7.3416032], [112.6812255, -7.341574699999998], [112.68132669999999, -7.341507499999999], [112.681382, -7.3414584], [112.6814343, -7.3414091], [112.6815748, -7.3413186], [112.68160159999998, -7.341275999999999], [112.68161239999999, -7.341228199999999], [112.6816311, -7.3411883], [112.68167139999998, -7.341145699999999], [112.68171699999999, -7.341119100000001], [112.68171699999999, -7.341071199999998], [112.68170089999998, -7.3410153], [112.6817197, -7.340956799999997], [112.68171699999999, -7.340906300000001], [112.68170889999999, -7.340863699999999], [112.6816821, -7.340791900000001], [112.68165529999999, -7.340754600000001], [112.6816365, -7.3407041], [112.68158019999998, -7.340688099999999], [112.6815426, -7.3406801], [112.68149699999998, -7.340698799999999], [112.6814193, -7.340733400000001], [112.68135489999999, -7.340749300000001], [112.6813066, -7.3407785999999975], [112.6812395, -7.340805200000001], [112.6811759, -7.3408446000000005]]}}, {"type": "Feature", "properties": {"layer": "osm_road", "stroke": "#999999"}, "geometry": {"type": "LineString", "coordinates": [[112.68104169999998, -7.3429484999999985], [112.68105509999998, -7.342725500000002], [112.68107319999999, -7.342600800000001], [112.6810974, -7.3424558], [112.68112489999999, -7.342303599999997]]}}, {"type": "Feature", "properties": {"layer": "osm_road", "stroke": "#999999"}, "geometry": {"type": "LineString", "coordinates": [[112.67842590000001, -7.341909199999999], [112.67845789999998, -7.341784299999998], [112.67848469999998, -7.341650599999999], [112.6785041, -7.3414936], [112.67852629999999, -7.341338699999999], [112.6784693, -7.341236899999998], [112.6784974, -7.3411385], [112.6785296, -7.341062699999998], [112.6785658, -7.340960299999998], [112.67857489999999, -7.340910199999998]]}}, {"type": "Feature", "properties": {"layer": "osm_road", "stroke": "#999999"}, "geometry": {"type": "LineString", "coordinates": [[112.69177179999998, -7.3400179], [112.6917863, -7.3399817], [112.69226149999999, -7.338799400000001]]}}, {"type": "Feature", "properties": {"layer": "osm_road", "stroke": "#999999"}, "geometry": {"type": "LineString", "coordinates": [[112.6911546, -7.3397204999999985], [112.6913644, -7.339841699999998], [112.69177179999998, -7.3400179], [112.6929618, -7.340607800000001], [112.6931099, -7.340697300000001], [112.69325249999999, -7.340801500000001], [112.69347079999999, -7.340984800000003], [112.6937489, -7.341246399999999], [112.69409469999998, -7.341676699999998], [112.6943759, -7.342086000000001], [112.69473609999999, -7.342569699999999]]}}, {"type": "Feature", "properties": {"layer": "osm_road", "stroke": "#999999"}, "geometry": {"type": "LineString", "coordinates": [[112.66765849999999, -7.345279200000001], [112.6676423, -7.3437052000000005], [112.67058309999999, -7.3436702], [112.6706824, -7.3436463000000005], [112.67072529999999, -7.343611700000001], [112.670728, -7.3435479], [112.67069999999998, -7.3420745]]}}, {"type": "Feature", "properties": {"layer": "osm_road", "stroke": "#999999"}, "geometry": {"type": "LineString", "coordinates": [[112.68477269999998, -7.3465636], [112.6847271, -7.3461618999999985], [112.68470699999999, -7.3460156], [112.6847029, -7.345858699999999], [112.68470759999998, -7.345753199999997], [112.6847371, -7.345614799999999], [112.68468080000001, -7.345568000000002], [112.68464859999999, -7.345553], [112.6846211, -7.345541], [112.68447429999999, -7.345503099999998], [112.68443669999999, -7.3454792000000015], [112.6844277, -7.3454536], [112.68442939999998, -7.345414], [112.6845078, -7.345036200000001], [112.6845179, -7.344994399999999], [112.6845273, -7.344956400000002], [112.68476059999999, -7.343832900000001], [112.6849015, -7.3432358]]}}, {"type": "Feature", "properties": {"layer": "osm_road", "stroke": "#999999"}, "geometry": {"type": "LineString", "coordinates": [[112.6845179, -7.344994399999999], [112.68409410000001, -7.344899700000002]]}}, {"type": "Feature", "properties": {"layer": "osm_road", "stroke": "#999999"}, "geometry": {"type": "LineString", "coordinates": [[112.6858724, -7.345320000000001], [112.68593029999998, -7.345316499999998], [112.68607369999998, -7.345307000000002], [112.6864092, -7.345289], [112.68652149999998, -7.3442542]]}}, {"type": "Feature", "properties": {"layer": "osm_road", "stroke": "#999999"}, "geometry": {"type": "LineString", "coordinates": [[112.6858724, -7.345320000000001], [112.68579659999999, -7.345307899999998], [112.68579259999998, -7.345195900000002], [112.68589320000001, -7.344385900000001], [112.68588379999998, -7.344361199999999], [112.685855, -7.344347599999997], [112.68570270000001, -7.344342300000001]]}}, {"type": "Feature", "properties": {"layer": "osm_road", "stroke": "#999999"}, "geometry": {"type": "LineString", "coordinates": [[112.68679149999998, -7.3436859], [112.6872308, -7.3437173], [112.68768599999999, -7.3437584000000005]]}}, {"type": "Feature", "properties": {"layer": "osm_road", "stroke": "#999999"}, "geometry": {"type": "LineString", "coordinates": [[112.68680289999999, -7.3431736], [112.6872809, -7.343229799999998], [112.6877256, -7.343261399999999]]}}, {"type": "Feature", "properties": {"layer": "osm_road", "stroke": "#999999"}, "geometry": {"type": "LineString", "coordinates": [[112.6911546, -7.3397204999999985], [112.6906492, -7.339426300000003], [112.6902935, -7.339204400000001], [112.68987280000002, -7.338974899999999], [112.6895727, -7.3388023], [112.6893061, -7.338640600000001], [112.68904069999999, -7.3384836], [112.68870629999999, -7.338279799999999], [112.68836279999998, -7.338049199999999], [112.68812605616654, -7.337893960279279]]}}, {"type": "Feature", "properties": {"layer": "osm_road", "stroke": "#999999"}, "geometry": {"type": "LineString", "coordinates": [[112.6900148, -7.341281700000001], [112.69023749999998, -7.340765199999999]]}}, {"type": "Feature", "properties": {"layer": "osm_road", "stroke": "#999999"}, "geometry": {"type": "LineString", "coordinates": [[112.69819139999998, -7.338051500000001], [112.6974646, -7.3388843]]}}, {"type": "Feature", "properties": {"layer": "osm_road", "stroke": "#999999"}, "geometry": {"type": "LineString", "coordinates": [[112.6987183, -7.338354999999996], [112.69869879999999, -7.3383242000000015], [112.69868459999999, -7.338301900000002], [112.6986754, -7.3382646], [112.6986938, -7.338214100000002], [112.69894824302254, -7.337893960279279]]}}, {"type": "Feature", "properties": {"layer": "osm_road", "stroke": "#999999"}, "geometry": {"type": "LineString", "coordinates": [[112.6990063, -7.338738900000002], [112.69895759999999, -7.3386683999999995], [112.6988068, -7.338453400000001], [112.6987183, -7.338354999999996]]}}, {"type": "Feature", "properties": {"layer": "osm_road", "stroke": "#999999"}, "geometry": {"type": "LineString", "coordinates": [[112.70082139999998, -7.3384278], [112.7008532, -7.338197200000001], [112.70091759999998, -7.337956700000002], [112.70093640916498, -7.337893960279279]]}}, {"type": "Feature", "properties": {"layer": "osm_road", "stroke": "#999999"}, "geometry": {"type": "LineString", "coordinates": [[112.6699769, -7.350252199999999], [112.66996619999999, -7.350229599999998], [112.6699018, -7.350037399999999], [112.6698274, -7.349770699999999], [112.6697791, -7.349633699999999], [112.66975159999998, -7.349514400000001], [112.66974289999999, -7.349487399999999], [112.6697047, -7.3493704], [112.66968459999998, -7.349297600000001], [112.6697014, -7.3491499], [112.66970459999999, -7.349054799999999], [112.66970549999999, -7.3488933], [112.66968649999998, -7.348677800000002], [112.6696839, -7.348598899999999], [112.669688, -7.348499499999998], [112.6696942, -7.3482888], [112.66970539999998, -7.348095499999999], [112.6697263, -7.3479417], [112.66973959999999, -7.347861999999999], [112.6697945, -7.347583399999998], [112.66980719999998, -7.347521900000001], [112.66996629999998, -7.346968900000001]]}}, {"type": "Feature", "properties": {"layer": "osm_road", "stroke": "#999999"}, "geometry": {"type": "LineString", "coordinates": [[112.66968459999998, -7.349297600000001], [112.66958329999999, -7.349309200000001], [112.6694251, -7.349337799999999], [112.6693775, -7.349324499999998], [112.669297, -7.349285899999999], [112.66912, -7.349179500000001], [112.668943, -7.349113], [112.6687231, -7.3490438000000005], [112.6685493, -7.349002899999999]]}}, {"type": "Feature", "properties": {"layer": "osm_road", "stroke": "#999999"}, "geometry": {"type": "LineString", "coordinates": [[112.6683171, -7.350249200000001], [112.6683247, -7.3502007], [112.6683496, -7.349937699999999], [112.66836229999998, -7.349727200000002], [112.6683856, -7.349564900000001], [112.66840389999999, -7.349485100000001], [112.66845079999999, -7.349289599999996], [112.66853, -7.3490847], [112.6685493, -7.349002899999999], [112.66848959999999, -7.348961399999999], [112.6684682, -7.3489175], [112.6684595, -7.348863599999996], [112.66846279999999, -7.348768500000003], [112.6684856, -7.3486633999999995], [112.66855869999999, -7.348529100000001]]}}, {"type": "Feature", "properties": {"layer": "osm_road", "stroke": "#999999"}, "geometry": {"type": "LineString", "coordinates": [[112.69869879999999, -7.3383242000000015], [112.6986853, -7.338333200000001], [112.6986659, -7.3383401], [112.69862059999998, -7.3383222], [112.69856079999998, -7.3382692999999986], [112.69840259999998, -7.338093000000001], [112.6983137, -7.3380179000000005], [112.6982466, -7.337954300000002], [112.69816960400075, -7.337893960279279]]}}, {"type": "Feature", "properties": {"layer": "osm_road", "stroke": "#999999"}, "geometry": {"type": "LineString", "coordinates": [[112.69581989999999, -7.341545699999998], [112.6957496, -7.3414812], [112.69558329999998, -7.3413416], [112.6953272, -7.341140699999999]]}}, {"type": "Feature", "properties": {"layer": "osm_road", "stroke": "#999999"}, "geometry": {"type": "LineString", "coordinates": [[112.69527499999998, -7.3420736], [112.6950033, -7.3419814], [112.69496639999998, -7.341962699999998], [112.69459429999999, -7.3416934]]}}, {"type": "Feature", "properties": {"layer": "osm_road", "stroke": "#999999"}, "geometry": {"type": "LineString", "coordinates": [[112.695217, -7.340290399999999], [112.6950556, -7.340591200000001], [112.69504020000001, -7.3406047], [112.6950181, -7.340619299999998]]}}, {"type": "Feature", "properties": {"layer": "osm_road", "stroke": "#999999"}, "geometry": {"type": "LineString", "coordinates": [[112.69792849999999, -7.341113999999998], [112.69809439999999, -7.340948999999999], [112.6983492, -7.3406776], [112.6987726, -7.3402558]]}}, {"type": "Feature", "properties": {"layer": "osm_road", "stroke": "#999999"}, "geometry": {"type": "LineString", "coordinates": [[112.69524119999998, -7.3403030000000005], [112.69525129999998, -7.3402886], [112.69546219999998, -7.339987599999999], [112.69550789999998, -7.3399339], [112.6958898, -7.339419199999999]]}}, {"type": "Feature", "properties": {"layer": "osm_road", "stroke": "#999999"}, "geometry": {"type": "LineString", "coordinates": [[112.685075, -7.346476499999998], [112.6850778, -7.346343400000001], [112.68510729999998, -7.346024200000001], [112.685165, -7.345679699999998], [112.68519849999998, -7.345588199999998], [112.6852508, -7.3455307], [112.68530109999999, -7.345496500000002], [112.68532849999998, -7.3454575], [112.6853567, -7.3453648], [112.68571869999998, -7.343143999999999]]}}, {"type": "Feature", "properties": {"layer": "osm_road", "stroke": "#999999"}, "geometry": {"type": "LineString", "coordinates": [[112.69552029999998, -7.341823799999998], [112.6956316, -7.341974699999999], [112.69583750000001, -7.3422547]]}}, {"type": "Feature", "properties": {"layer": "osm_road", "stroke": "#999999"}, "geometry": {"type": "LineString", "coordinates": [[112.69796509999999, -7.3395755000000005], [112.69799759999998, -7.339608199999999], [112.6981566, -7.3397793999999985]]}}, {"type": "Feature", "properties": {"layer": "osm_road", "stroke": "#999999"}, "geometry": {"type": "LineString", "coordinates": [[112.6948487, -7.340081999999998], [112.69481859999999, -7.340130800000001], [112.69473579999999, -7.340300399999999]]}}, {"type": "Feature", "properties": {"layer": "osm_road", "stroke": "#999999"}, "geometry": {"type": "LineString", "coordinates": [[112.6895138, -7.344968999999999], [112.68940009999999, -7.344579999999999], [112.68934449999999, -7.3443007], [112.68932689999998, -7.3442178], [112.68929490000001, -7.3440533], [112.68926809999999, -7.343917599999998], [112.68925070000002, -7.343859000000001], [112.68922649999999, -7.343815899999999], [112.689193, -7.343766], [112.6890931, -7.3436509]]}}, {"type": "Feature", "properties": {"layer": "osm_road", "stroke": "#999999"}, "geometry": {"type": "LineString", "coordinates": [[112.68851239999998, -7.345247100000001], [112.6885083, -7.344652900000001], [112.68851839999999, -7.344450299999998], [112.68852039999999, -7.344397800000001], [112.6885291, -7.344363899999999], [112.68854119999999, -7.3443419], [112.68856159999999, -7.3443293], [112.68858809999999, -7.344321300000001], [112.68896900000001, -7.344265799999999], [112.6890663, -7.3442532], [112.68932689999998, -7.3442178]]}}, {"type": "Feature", "properties": {"layer": "osm_road", "stroke": "#999999"}, "geometry": {"type": "LineString", "coordinates": [[112.6941537, -7.342987899999999], [112.69399159999999, -7.342673399999998], [112.6939889, -7.342670999999998], [112.6939849, -7.3426693], [112.6939795, -7.342668800000001], [112.6939752, -7.3426699], [112.69388679999999, -7.342713200000001]]}}, {"type": "Feature", "properties": {"layer": "osm_road", "stroke": "#999999"}, "geometry": {"type": "LineString", "coordinates": [[112.68904069999999, -7.3384836], [112.6888677, -7.338775499999999]]}}, {"type": "Feature", "properties": {"layer": "osm_road", "stroke": "#999999"}, "geometry": {"type": "LineString", "coordinates": [[112.68870629999999, -7.338279799999999], [112.6884165, -7.3387155]]}}, {"type": "Feature", "properties": {"layer": "osm_road", "stroke": "#999999"}, "geometry": {"type": "LineString", "coordinates": [[112.68836279999998, -7.338049199999999], [112.6881777, -7.338346799999999]]}}, {"type": "Feature", "properties": {"layer": "osm_road", "stroke": "#999999"}, "geometry": {"type": "LineString", "coordinates": [[112.66588389999998, -7.3490784], [112.6654351, -7.3490752000000015], [112.6650462, -7.3491019]]}}, {"type": "Feature", "properties": {"layer": "osm_road", "stroke": "#999999"}, "geometry": {"type": "LineString", "coordinates": [[112.66615469999999, -7.3472457], [112.6657056, -7.3472491], [112.6656208, -7.3472494], [112.665252, -7.347256]]}}, {"type": "Feature", "properties": {"layer": "osm_road", "stroke": "#999999"}, "geometry": {"type": "LineString", "coordinates": [[112.6662597, -7.348144100000001], [112.66579729999998, -7.3481912], [112.66575889999999, -7.348193900000001], [112.6646798, -7.348161999999999]]}}, {"type": "Feature", "properties": {"layer": "osm_road", "stroke": "#999999"}, "geometry": {"type": "LineString", "coordinates": [[112.66575889999999, -7.348193900000001], [112.6657056, -7.3472491]]}}, {"type": "Feature", "properties": {"layer": "osm_road", "stroke": "#999999"}, "geometry": {"type": "LineString", "coordinates": [[112.6677735, -7.350264799999999], [112.6677815, -7.350215299999999], [112.66782849999998, -7.349939299999998], [112.6678795, -7.3496507], [112.66792409999998, -7.3494389], [112.66793579999998, -7.349328899999999], [112.6679439, -7.3491426], [112.66792369999999, -7.3490216], [112.6678795, -7.3488646], [112.66784519999999, -7.348783800000001], [112.6678137, -7.348649499999998], [112.6676553, -7.347866400000002], [112.66766879999999, -7.3473611], [112.6677055, -7.347199300000001], [112.6677376, -7.347084000000001], [112.66778089999998, -7.3470653], [112.66781639999999, -7.347040699999999], [112.66783719999998, -7.347001099999999], [112.66785030000001, -7.346960600000001], [112.66789319999998, -7.346814400000001], [112.6679648, -7.346350999999999]]}}, {"type": "Feature", "properties": {"layer": "osm_road", "stroke": "#999999"}, "geometry": {"type": "LineString", "coordinates": [[112.66681729999999, -7.349450200000001], [112.66700449999999, -7.3494128], [112.6670265, -7.3494095999999995], [112.66706339999999, -7.349406300000001], [112.6671378, -7.3494149], [112.66726389999998, -7.349427600000001], [112.6673504, -7.349432900000002], [112.6675844, -7.3494425], [112.6677407, -7.3494415], [112.66792409999998, -7.3494389]]}}, {"type": "Feature", "properties": {"layer": "osm_road", "stroke": "#999999"}, "geometry": {"type": "LineString", "coordinates": [[112.66937639999999, -7.346629000000002], [112.66930389999999, -7.347104400000003], [112.66922609999999, -7.3474572]]}}, {"type": "Feature", "properties": {"layer": "osm_road", "stroke": "#999999"}, "geometry": {"type": "LineString", "coordinates": [[112.6780916, -7.347373899999999], [112.67830719999999, -7.346043100000001]]}}, {"type": "Feature", "properties": {"layer": "osm_road", "stroke": "#999999"}, "geometry": {"type": "LineString", "coordinates": [[112.69816359999999, -7.3393971], [112.6974646, -7.3388843], [112.69690749999998, -7.338527600000003], [112.6964011, -7.338261400000001]]}}, {"type": "Feature", "properties": {"layer": "osm_road", "stroke": "#999999"}, "geometry": {"type": "LineString", "coordinates": [[112.6751683, -7.366790300000001], [112.6753332, -7.3665036000000015], [112.6753816, -7.3664417], [112.67542379999999, -7.366376499999999], [112.67545069999998, -7.3663413], [112.6754775, -7.3663219999999985], [112.6755042, -7.366312099999999]]}}, {"type": "Feature", "properties": {"layer": "osm_road", "stroke": "#999999"}, "geometry": {"type": "LineString", "coordinates": [[112.6768213, -7.367683899999999], [112.6768285, -7.367667399999999], [112.67691619999998, -7.3674296], [112.67698359999999, -7.367247399999999], [112.67706689999999, -7.366985200000001]]}}, {"type": "Feature", "properties": {"layer": "osm_road", "stroke": "#999999"}, "geometry": {"type": "LineString", "coordinates": [[112.69208809999999, -7.343599099999999], [112.69216119999999, -7.343634300000002], [112.69242189999999, -7.343774000000001]]}}, {"type": "Feature", "properties": {"layer": "osm_road", "stroke": "#999999"}, "geometry": {"type": "LineString", "coordinates": [[112.69199109999998, -7.343404399999999], [112.69198619999999, -7.343458099999999], [112.69198679999998, -7.343481400000001], [112.6919922, -7.343512299999999], [112.69199789999999, -7.3435336], [112.69200509999999, -7.343549699999996], [112.692018, -7.343561500000002], [112.6920371, -7.343574500000001], [112.69208809999999, -7.343599099999999]]}}, {"type": "Feature", "properties": {"layer": "osm_road", "stroke": "#999999"}, "geometry": {"type": "LineString", "coordinates": [[112.69048529999999, -7.3413415], [112.69053629999999, -7.341207899999998], [112.69060879999999, -7.341050000000001], [112.69074019999998, -7.340741500000001]]}}, {"type": "Feature", "properties": {"layer": "osm_road", "stroke": "#999999"}, "geometry": {"type": "LineString", "coordinates": [[112.66236950477963, -7.350830626405202], [112.6624056, -7.350834599999999], [112.66257089999999, -7.350850799999999], [112.662864, -7.3508765], [112.66308519999998, -7.350886600000001], [112.6637758, -7.350927], [112.66425859999998, -7.3509288], [112.6645527, -7.350901900000001]]}}, {"type": "Feature", "properties": {"layer": "osm_road", "stroke": "#999999"}, "geometry": {"type": "LineString", "coordinates": [[112.69307649999999, -7.349682600000001], [112.69307209999998, -7.3496976], [112.6930731, -7.349714199999999], [112.6930829, -7.3497386], [112.6931429, -7.3498515999999965], [112.69325659999998, -7.3500658], [112.6933385, -7.3503083], [112.6934381, -7.350744700000002]]}}, {"type": "Feature", "properties": {"layer": "osm_road", "stroke": "#999999"}, "geometry": {"type": "LineString", "coordinates": [[112.6657723, -7.338716900000002], [112.66466769999998, -7.3383430999999995], [112.6640855, -7.3381821999999985], [112.66343759999998, -7.338035500000002], [112.66284229999998, -7.3379255], [112.66261634800865, -7.337893960279279]]}}, {"type": "Feature", "properties": {"layer": "osm_road", "stroke": "#999999"}, "geometry": {"type": "LineString", "coordinates": [[112.70189537728089, -7.3745331918064325], [112.70188719999999, -7.374555499999999], [112.7018677, -7.3747150999999995], [112.70185629999999, -7.374898699999999], [112.7018721, -7.3752651], [112.7018875, -7.3756238]]}}, {"type": "Feature", "properties": {"layer": "osm_road", "stroke": "#999999"}, "geometry": {"type": "LineString", "coordinates": [[112.7018875, -7.3756238], [112.70189537728089, -7.375791254806898]]}}, {"type": "Feature", "properties": {"layer": "osm_road", "stroke": "#999999"}, "geometry": {"type": "LineString", "coordinates": [[112.70189537728089, -7.376465360820589], [112.7018918, -7.376489799999998], [112.7018464, -7.376780600000002], [112.7017984131681, -7.377094393293547]]}}, {"type": "Feature", "properties": {"layer": "osm_road", "stroke": "#999999"}, "geometry": {"type": "LineString", "coordinates": [[112.70189537728089, -7.366803435531929], [112.70188449999999, -7.366881299999997], [112.7018549, -7.3670779], [112.70176709999998, -7.3675312], [112.701713, -7.367888800000001], [112.7016948, -7.3679782], [112.70167059999999, -7.368059400000001], [112.70164499999998, -7.368124699999998], [112.7015731, -7.368208399999999]]}}, {"type": "Feature", "properties": {"layer": "osm_road", "stroke": "#999999"}, "geometry": {"type": "LineString", "coordinates": [[112.6978365, -7.362077800000001], [112.69778139999998, -7.362098399999999], [112.69768589999998, -7.362142199999998], [112.69748799999999, -7.3622011], [112.69722419999998, -7.362312600000001], [112.6971947, -7.362328500000001], [112.6971772, -7.3623531], [112.69717049999998, -7.362385699999999], [112.69717989999998, -7.362493499999997], [112.69722419999998, -7.362738899999999], [112.69723559999998, -7.3628466], [112.697247, -7.362954299999998], [112.6972995, -7.363179799999999], [112.69730599999998, -7.363353399999998], [112.6973613, -7.3636902000000015], [112.6973918, -7.3638767], [112.6974063, -7.363935399999998], [112.69754869999998, -7.3645111], [112.69757070000001, -7.364568399999998], [112.69767339999999, -7.3649381000000025], [112.6977056, -7.365032300000001], [112.69772, -7.3650535], [112.69775049999998, -7.3650881], [112.69785059999998, -7.365151999999998], [112.6978872, -7.3651788], [112.6979331, -7.3652052999999995]]}}, {"type": "Feature", "properties": {"layer": "osm_road", "stroke": "#999999"}, "geometry": {"type": "LineString", "coordinates": [[112.67414660000001, -7.3410496], [112.67381919999998, -7.3411071], [112.67346519999998, -7.341157599999998], [112.67291290000001, -7.341189], [112.67236279999999, -7.3411763], [112.67202480000002, -7.341147000000001], [112.6716757, -7.3410897], [112.6713838, -7.341019300000001], [112.671003, -7.3409073], [112.67050399999998, -7.340727999999999], [112.66951289999999, -7.340286399999999], [112.66852519999999, -7.339820800000001], [112.6676394, -7.3394365], [112.66697689999998, -7.3391638], [112.6662379, -7.338889600000001]]}}, {"type": "Feature", "properties": {"layer": "osm_road", "stroke": "#999999"}, "geometry": {"type": "LineString", "coordinates": [[112.692898, -7.343566200000001], [112.6929308, -7.3434289], [112.69294709999998, -7.3433169], [112.69291669999998, -7.3426957999999996], [112.6928907, -7.3424194], [112.69284299999998, -7.3422271], [112.69275049999999, -7.342008899999999], [112.6926585, -7.341874599999999], [112.69256289999998, -7.3417436999999985], [112.6923614, -7.341559], [112.69222, -7.3414654], [112.6899891, -7.340241399999999], [112.6893666, -7.3398564]]}}, {"type": "Feature", "properties": {"layer": "osm_road", "stroke": "#999999"}, "geometry": {"type": "LineString", "coordinates": [[112.70189537728089, -7.343242412886339], [112.6995327, -7.3431276], [112.69837469999999, -7.3430078], [112.69724969999999, -7.3428349000000015], [112.6961515, -7.342587399999999], [112.69477589999998, -7.3421996999999966], [112.69367019999999, -7.341835500000001]]}}, {"type": "Feature", "properties": {"layer": "osm_road", "stroke": "#999999"}, "geometry": {"type": "LineString", "coordinates": [[112.6836885, -7.338757499999998], [112.68429189999999, -7.3386955999999985], [112.68472089999999, -7.338666299999998], [112.6851153, -7.338669000000001], [112.6855425, -7.3386863], [112.68595750000001, -7.338723599999998], [112.6863452, -7.3387623], [112.68696629999998, -7.3388789], [112.6872993, -7.3389589], [112.6877335, -7.339082], [112.6883202, -7.339289799999999], [112.68899009999998, -7.339576299999999], [112.68922629999999, -7.3396887]]}}, {"type": "Feature", "properties": {"layer": "osm_road", "stroke": "#999999"}, "geometry": {"type": "LineString", "coordinates": [[112.66622480000001, -7.338779599999999], [112.66696079999998, -7.339056099999998], [112.66769569999998, -7.339356700000001], [112.668483, -7.339705199999999], [112.67005019999999, -7.3404356], [112.67055629999999, -7.340656200000001], [112.67105259999998, -7.3408291], [112.6713838, -7.340926200000001], [112.6716879, -7.340999299999998], [112.67204089999998, -7.341060599999999], [112.672352, -7.341088499999999], [112.6729891, -7.3411002000000005]]}}, {"type": "Feature", "properties": {"layer": "osm_road", "stroke": "#999999"}, "geometry": {"type": "LineString", "coordinates": [[112.6893666, -7.3398564], [112.68896369999999, -7.3396639], [112.68836300000001, -7.339404300000002], [112.6880279, -7.339272500000002], [112.68744049999998, -7.339088400000001], [112.68696199999998, -7.3389742], [112.6863407, -7.3388534], [112.6859696, -7.338812699999999], [112.68556839999998, -7.338774599999998], [112.68517569999999, -7.338759500000001], [112.684771, -7.3387579999999994], [112.6842959, -7.338777999999998], [112.6836978, -7.338843099999998]]}}, {"type": "Feature", "properties": {"layer": "osm_road", "stroke": "#999999"}, "geometry": {"type": "LineString", "coordinates": [[112.68922629999999, -7.3396887], [112.68970749999998, -7.339857], [112.6908502, -7.3403025], [112.69264369999999, -7.341035099999998], [112.6927253, -7.341094200000001], [112.6927974, -7.3411728], [112.69284999999999, -7.3412682]]}}, {"type": "Feature", "properties": {"layer": "osm_road", "stroke": "#999999"}, "geometry": {"type": "LineString", "coordinates": [[112.69368659999999, -7.341730199999998], [112.69479979999998, -7.3420655], [112.69624609999998, -7.342460599999999], [112.69730459999998, -7.342697999999999], [112.69837489999999, -7.3428724], [112.69953569999998, -7.3429843], [112.70189537728089, -7.34309115936203]]}}, {"type": "Feature", "properties": {"layer": "osm_road", "stroke": "#999999"}, "geometry": {"type": "LineString", "coordinates": [[112.66574219999998, -7.3386011], [112.66622480000001, -7.338779599999999]]}}, {"type": "Feature", "properties": {"layer": "osm_road", "stroke": "#999999"}, "geometry": {"type": "LineString", "coordinates": [[112.6662379, -7.338889600000001], [112.6657723, -7.338716900000002]]}}, {"type": "Feature", "properties": {"layer": "osm_road", "stroke": "#999999"}, "geometry": {"type": "LineString", "coordinates": [[112.7005524, -7.366839799999999], [112.70055309999998, -7.366858]]}}, {"type": "Feature", "properties": {"layer": "osm_road", "stroke": "#999999"}, "geometry": {"type": "LineString", "coordinates": [[112.7018617, -7.366717], [112.70189537728089, -7.366691347384071]]}}, {"type": "Feature", "properties": {"layer": "osm_road", "stroke": "#999999"}, "geometry": {"type": "LineString", "coordinates": [[112.70175040000001, -7.3667975000000006], [112.7018617, -7.366717]]}}, {"type": "Feature", "properties": {"layer": "osm_road", "stroke": "#999999"}, "geometry": {"type": "LineString", "coordinates": [[112.68789033474965, -7.337893960279279], [112.68785839999998, -7.3379261], [112.68771899999999, -7.338092399999999], [112.6876614, -7.3381495999999995], [112.68757959999999, -7.3382067000000015], [112.68750309999999, -7.3382294], [112.6874226, -7.3382187], [112.6872992, -7.338172200000002], [112.6869821, -7.3379813], [112.68687079999998, -7.3379254000000005], [112.6867915646342, -7.337893960279279]]}}, {"type": "Feature", "properties": {"layer": "osm_road", "stroke": "#999999"}, "geometry": {"type": "LineString", "coordinates": [[112.68668717855911, -7.337893960279279], [112.6866253, -7.337921399999999], [112.6865101, -7.338049199999999], [112.68643459999998, -7.3381898], [112.6863304, -7.3384163], [112.6862879, -7.338475899999999], [112.6861936, -7.338496099999999], [112.68578049999999, -7.338408300000001], [112.6855874, -7.3383817], [112.6853245, -7.3384562], [112.68505629999999, -7.338461500000001], [112.684257, -7.338408300000001], [112.6836401, -7.338429600000001], [112.68266379999999, -7.3386955999999985], [112.68216760000001, -7.3387701000000005], [112.68158549999998, -7.338785999999997], [112.6812261, -7.338812699999999], [112.68076479999999, -7.338812699999999], [112.68034099999998, -7.338823299999998], [112.67897599999999, -7.338926299999998]]}}, {"type": "Feature", "properties": {"layer": "osm_road", "stroke": "#999999"}, "geometry": {"type": "LineString", "coordinates": [[112.69367019999999, -7.341835500000001], [112.69279499999999, -7.341480799999997], [112.6893666, -7.3398564]]}}, {"type": "Feature", "properties": {"layer": "osm_road", "stroke": "#999999"}, "geometry": {"type": "LineString", "coordinates": [[112.68922629999999, -7.3396887], [112.69087999999999, -7.3404758], [112.69282139999999, -7.341397300000001], [112.69311949999998, -7.341517600000001], [112.69368659999999, -7.341730199999998]]}}, {"type": "Feature", "properties": {"layer": "osm_road", "stroke": "#999999"}, "geometry": {"type": "LineString", "coordinates": [[112.6813004, -7.3571466999999995], [112.6811866, -7.357186499999999], [112.68109189999998, -7.3572351]]}}, {"type": "Feature", "properties": {"layer": "osm_road", "stroke": "#999999"}, "geometry": {"type": "LineString", "coordinates": [[112.68183989999999, -7.357089199999999], [112.6814265, -7.3571232], [112.6813004, -7.3571466999999995]]}}, {"type": "Feature", "properties": {"layer": "osm_road", "stroke": "#999999"}, "geometry": {"type": "LineString", "coordinates": [[112.68174779999998, -7.35877], [112.68176819999998, -7.358548100000001]]}}, {"type": "Feature", "properties": {"layer": "osm_road", "stroke": "#999999"}, "geometry": {"type": "LineString", "coordinates": [[112.68173669999999, -7.3588822999999985], [112.68174779999998, -7.35877]]}}, {"type": "Feature", "properties": {"layer": "osm_road", "stroke": "#999999"}, "geometry": {"type": "LineString", "coordinates": [[112.69383378384664, -7.377094393293547], [112.69385129999999, -7.377007999999998]]}}, {"type": "Feature", "properties": {"layer": "osm_road", "stroke": "#999999"}, "geometry": {"type": "LineString", "coordinates": [[112.68842919999999, -7.345162600000001], [112.68850869999999, -7.344222399999999], [112.6885271, -7.343884400000002], [112.6885727, -7.343385599999999], [112.68858609999998, -7.342929400000002], [112.6885781, -7.342894099999999], [112.6885633, -7.342869499999999], [112.6885291, -7.3428462], [112.68848949999999, -7.3428323], [112.6884513, -7.3428236], [112.68752929999998, -7.3427285], [112.6872959, -7.342716499999997], [112.68729489999998, -7.342803300000002], [112.6872809, -7.343229799999998], [112.6872308, -7.3437173], [112.68720479999999, -7.3440267], [112.68719139999999, -7.344188999999999], [112.68719, -7.3442315], [112.68719609999998, -7.344258100000001], [112.68720479999999, -7.344287399999998], [112.68750789999999, -7.345040199999999], [112.6875146, -7.3452184], [112.68749980000001, -7.345444600000002], [112.68749309999998, -7.345557600000001]]}}, {"type": "Feature", "properties": {"layer": "osm_road", "stroke": "#999999"}, "geometry": {"type": "LineString", "coordinates": [[112.6911253, -7.3568279], [112.69104589999999, -7.356635600000001]]}}, {"type": "Feature", "properties": {"layer": "osm_road", "stroke": "#999999"}, "geometry": {"type": "LineString", "coordinates": [[112.6968078, -7.3527993], [112.6969707, -7.3530607]]}}, {"type": "Feature", "properties": {"layer": "osm_road", "stroke": "#999999"}, "geometry": {"type": "LineString", "coordinates": [[112.6969707, -7.3530607], [112.6970941, -7.353246099999996], [112.6973529, -7.3536599]]}}, {"type": "Feature", "properties": {"layer": "osm_road", "stroke": "#999999"}, "geometry": {"type": "LineString", "coordinates": [[112.6995735, -7.377009099999999], [112.69953109999999, -7.376996199999998], [112.69895019999998, -7.376831100000003]]}}, {"type": "Feature", "properties": {"layer": "osm_road", "stroke": "#999999"}, "geometry": {"type": "LineString", "coordinates": [[112.6996745, -7.3766865], [112.699625, -7.376672399999999], [112.6990494, -7.3764907]]}}, {"type": "Feature", "properties": {"layer": "osm_road", "stroke": "#999999"}, "geometry": {"type": "LineString", "coordinates": [[112.69976609999999, -7.376391599999998], [112.6997166, -7.3763751000000015], [112.6991433, -7.3761820999999985]]}}, {"type": "Feature", "properties": {"layer": "osm_road", "stroke": "#999999"}, "geometry": {"type": "LineString", "coordinates": [[112.69986229999999, -7.3760819], [112.69981569999999, -7.376066000000002], [112.6992452, -7.375894799999999]]}}, {"type": "Feature", "properties": {"layer": "osm_road", "stroke": "#999999"}, "geometry": {"type": "LineString", "coordinates": [[112.69995319999998, -7.375789199999998], [112.6999025, -7.375770900000002], [112.69932299999999, -7.375586299999999]]}}, {"type": "Feature", "properties": {"layer": "osm_road", "stroke": "#999999"}, "geometry": {"type": "LineString", "coordinates": [[112.70004719999999, -7.3754868], [112.70000239999999, -7.375472700000001], [112.6994249, -7.375285699999999]]}}, {"type": "Feature", "properties": {"layer": "osm_road", "stroke": "#999999"}, "geometry": {"type": "LineString", "coordinates": [[112.70013, -7.375160599999999], [112.6995161, -7.3749611999999996]]}}, {"type": "Feature", "properties": {"layer": "osm_road", "stroke": "#999999"}, "geometry": {"type": "LineString", "coordinates": [[112.70004719999999, -7.3754868], [112.700038, -7.375513399999998], [112.69995319999998, -7.375789199999998], [112.69986229999999, -7.3760819], [112.69976609999999, -7.376391599999998], [112.6996745, -7.3766865], [112.6995735, -7.377009099999999], [112.69954765115266, -7.377094393293547]]}}, {"type": "Feature", "properties": {"layer": "osm_road", "stroke": "#999999"}, "geometry": {"type": "LineString", "coordinates": [[112.70015487585351, -7.377094393293547], [112.7005098, -7.375865599999998], [112.7006279, -7.375478200000001], [112.7006263, -7.3754659999999985], [112.7006195, -7.375453300000001]]}}, {"type": "Feature", "properties": {"layer": "osm_road", "stroke": "#999999"}, "geometry": {"type": "LineString", "coordinates": [[112.66236950477963, -7.354108965219965], [112.66246439999999, -7.354045099999998], [112.66273619999998, -7.3538486999999995], [112.66306569999999, -7.3536335999999975], [112.6631152, -7.353601299999999], [112.66351679999998, -7.3533952], [112.6636201, -7.3533559], [112.66381339999998, -7.353333300000001], [112.66395459999998, -7.3533133], [112.6642968, -7.353265599999999], [112.66533369999999, -7.353121000000001], [112.66575329999999, -7.3530639], [112.6663218, -7.3529859], [112.66660499999999, -7.3529259], [112.6668837, -7.3528669], [112.6672883, -7.3528161999999995]]}}, {"type": "Feature", "properties": {"layer": "osm_road", "stroke": "#999999"}, "geometry": {"type": "LineString", "coordinates": [[112.69145850000001, -7.376629900000001], [112.69140009999998, -7.376719100000001]]}}, {"type": "Feature", "properties": {"layer": "osm_road", "stroke": "#999999"}, "geometry": {"type": "LineString", "coordinates": [[112.69135829999999, -7.376789999999999], [112.69130079999998, -7.3769969999999985], [112.69126921432432, -7.377094393293547]]}}, {"type": "Feature", "properties": {"layer": "osm_road", "stroke": "#999999"}, "geometry": {"type": "LineString", "coordinates": [[112.6869255, -7.376315199999999], [112.68583879999998, -7.375901200000001], [112.68580079999998, -7.375875299999999], [112.6857911, -7.3758688]]}}, {"type": "Feature", "properties": {"layer": "osm_road", "stroke": "#999999"}, "geometry": {"type": "LineString", "coordinates": [[112.69173474973769, -7.337893960279279], [112.6918121, -7.337943799999998], [112.69201129999999, -7.338001299999999], [112.6920542, -7.3379826999999995], [112.69208639999998, -7.337937400000002], [112.69210829995173, -7.337893960279279]]}}, {"type": "Feature", "properties": {"layer": "osm_road", "stroke": "#999999"}, "geometry": {"type": "LineString", "coordinates": [[112.69755646411645, -7.337893960279279], [112.6973388, -7.338179500000001]]}}, {"type": "Feature", "properties": {"layer": "osm_road", "stroke": "#999999"}, "geometry": {"type": "LineString", "coordinates": [[112.70032609999998, -7.3384269], [112.70031069999999, -7.338168899999999], [112.70032721645897, -7.337893960279279]]}}, {"type": "Feature", "properties": {"layer": "osm_road", "stroke": "#999999"}, "geometry": {"type": "LineString", "coordinates": [[112.70096699999999, -7.340758799999998], [112.70042539999999, -7.340557800000002]]}}, {"type": "Feature", "properties": {"layer": "osm_road", "stroke": "#999999"}, "geometry": {"type": "LineString", "coordinates": [[112.70111869999998, -7.340526399999997], [112.7009001, -7.340366199999999], [112.70069489999999, -7.3402612000000005], [112.70054339999999, -7.340184000000001]]}}, {"type": "Feature", "properties": {"layer": "osm_road", "stroke": "#999999"}, "geometry": {"type": "LineString", "coordinates": [[112.7006909, -7.3398435], [112.7007902, -7.3399645], [112.7008948, -7.340058999999999], [112.7009685, -7.3401081999999995], [112.70104359999999, -7.3401508], [112.70110260000001, -7.3401893], [112.70126429999999, -7.340316600000002]]}}, {"type": "Feature", "properties": {"layer": "osm_road", "stroke": "#999999"}, "geometry": {"type": "LineString", "coordinates": [[112.7008948, -7.339723799999999], [112.7010128, -7.3398342], [112.7011361, -7.3399273], [112.70121399999998, -7.3399699], [112.7012649, -7.3400084], [112.701451, -7.340173100000001]]}}, {"type": "Feature", "properties": {"layer": "osm_road", "stroke": "#999999"}, "geometry": {"type": "LineString", "coordinates": [[112.6995993, -7.3411151000000014], [112.69948659999999, -7.3414543]]}}, {"type": "Feature", "properties": {"layer": "osm_road", "stroke": "#999999"}, "geometry": {"type": "LineString", "coordinates": [[112.69927469999999, -7.340982099999999], [112.6994464, -7.341060599999999], [112.6995993, -7.3411151000000014]]}}, {"type": "Feature", "properties": {"layer": "osm_road", "stroke": "#999999"}, "geometry": {"type": "LineString", "coordinates": [[112.699606, -7.340640199999999], [112.7000847, -7.3407892], [112.700707, -7.3410286], [112.7008017, -7.341080999999999]]}}, {"type": "Feature", "properties": {"layer": "osm_road", "stroke": "#999999"}, "geometry": {"type": "LineString", "coordinates": [[112.69792849999999, -7.341113999999998], [112.69766339999998, -7.341362499999998], [112.6975688, -7.341500800000002], [112.69751949999998, -7.3415926], [112.69746149999999, -7.341680700000001], [112.6973613, -7.3418314], [112.69736429999999, -7.3418493], [112.69742629999999, -7.341944799999998]]}}, {"type": "Feature", "properties": {"layer": "osm_road", "stroke": "#999999"}, "geometry": {"type": "LineString", "coordinates": [[112.699724, -7.339351399999998], [112.69946649999999, -7.339487000000002], [112.69945309999999, -7.3395017], [112.6994544, -7.3395283000000004], [112.69949729999999, -7.3395961000000005], [112.69950809999999, -7.339619999999998], [112.6995, -7.3396467], [112.69948249999999, -7.3396639], [112.6991983, -7.339912700000003], [112.69889929999998, -7.3402544999999995], [112.6988791, -7.3402672], [112.698857, -7.340268499999999], [112.69880939999999, -7.340249200000001], [112.69878959999998, -7.340249200000001], [112.6987726, -7.3402558]]}}, {"type": "Feature", "properties": {"layer": "osm_road", "stroke": "#999999"}, "geometry": {"type": "LineString", "coordinates": [[112.6990817, -7.3387149], [112.6991554, -7.3388074], [112.69918079999998, -7.3388499], [112.69934450000001, -7.339374]]}}, {"type": "Feature", "properties": {"layer": "osm_road", "stroke": "#999999"}, "geometry": {"type": "LineString", "coordinates": [[112.6996329, -7.338606000000001], [112.6996383, -7.338805599999998], [112.69964079999998, -7.339026800000001], [112.69964089999999, -7.3390414]]}}, {"type": "Feature", "properties": {"layer": "osm_road", "stroke": "#999999"}, "geometry": {"type": "LineString", "coordinates": [[112.69964089999999, -7.3390414], [112.6996268, -7.339054100000001], [112.69945380000001, -7.339088699999998], [112.699433, -7.3390821]]}}, {"type": "Feature", "properties": {"layer": "osm_road", "stroke": "#999999"}, "geometry": {"type": "LineString", "coordinates": [[112.699433, -7.3390821], [112.69942089999999, -7.339062099999998], [112.699351, -7.3388598], [112.69928159999999, -7.338658799999999]]}}, {"type": "Feature", "properties": {"layer": "osm_road", "stroke": "#999999"}, "geometry": {"type": "LineString", "coordinates": [[112.69785779999998, -7.339798999999998], [112.6983078, -7.3403051], [112.69831389999999, -7.3403355]]}}, {"type": "Feature", "properties": {"layer": "osm_road", "stroke": "#999999"}, "geometry": {"type": "LineString", "coordinates": [[112.69918229999999, -7.338682799999997], [112.6991552, -7.338589499999999]]}}, {"type": "Feature", "properties": {"layer": "osm_road", "stroke": "#999999"}, "geometry": {"type": "LineString", "coordinates": [[112.69962909999998, -7.3385416], [112.6996288, -7.338456999999999], [112.699669, -7.3383046], [112.69967499999998, -7.3382780000000025], [112.69968909999999, -7.338250000000001], [112.69983929999998, -7.3380345]]}}, {"type": "Feature", "properties": {"layer": "osm_road", "stroke": "#999999"}, "geometry": {"type": "LineString", "coordinates": [[112.69883859999999, -7.3389518], [112.69888389999998, -7.339121800000001], [112.6989046, -7.339237], [112.69893689999999, -7.339432900000001]]}}, {"type": "Feature", "properties": {"layer": "osm_road", "stroke": "#999999"}, "geometry": {"type": "LineString", "coordinates": [[112.69893689999999, -7.339432900000001], [112.6989623, -7.339573500000001], [112.69896359999998, -7.339633400000001], [112.69895079999999, -7.3396729999999994], [112.69870679999998, -7.339924299999996]]}}, {"type": "Feature", "properties": {"layer": "osm_road", "stroke": "#999999"}, "geometry": {"type": "LineString", "coordinates": [[112.7012019, -7.339549600000001], [112.70123139999998, -7.3395755000000005], [112.70145929999998, -7.339781000000002], [112.70166880000001, -7.339941200000001]]}}, {"type": "Feature", "properties": {"layer": "osm_road", "stroke": "#999999"}, "geometry": {"type": "LineString", "coordinates": [[112.7008948, -7.345769100000001], [112.7006656, -7.345916800000002], [112.7003866, -7.346090499999999], [112.70012149999998, -7.3462283], [112.69946499999999, -7.346558700000002], [112.698903, -7.346869099999999], [112.6983904, -7.347137200000001], [112.69778, -7.347435800000002], [112.6976275, -7.347512000000001]]}}, {"type": "Feature", "properties": {"layer": "osm_road", "stroke": "#999999"}, "geometry": {"type": "LineString", "coordinates": [[112.7009967, -7.3460122000000005], [112.7009005, -7.345964000000001], [112.7008616, -7.345927699999999], [112.7008948, -7.345769100000001], [112.70090479999999, -7.3457465], [112.70091549999998, -7.345726]]}}, {"type": "Feature", "properties": {"layer": "osm_road", "stroke": "#999999"}, "geometry": {"type": "LineString", "coordinates": [[112.6840468, -7.3479632000000015], [112.68416849999998, -7.348860299999998]]}}, {"type": "Feature", "properties": {"layer": "osm_road", "stroke": "#999999"}, "geometry": {"type": "LineString", "coordinates": [[112.6858724, -7.345320000000001], [112.68578519999998, -7.3461249]]}}, {"type": "Feature", "properties": {"layer": "osm_road", "stroke": "#999999"}, "geometry": {"type": "LineString", "coordinates": [[112.68191579999998, -7.3491031], [112.68192810000001, -7.349246400000001], [112.6819718, -7.349650299999999], [112.6820943, -7.350380099999998], [112.68209849999998, -7.350697300000001], [112.68210330000001, -7.3510523]]}}, {"type": "Feature", "properties": {"layer": "osm_road", "stroke": "#999999"}, "geometry": {"type": "LineString", "coordinates": [[112.6854766, -7.3488463], [112.6855234, -7.348883200000001], [112.68554009999998, -7.3489032000000005], [112.68555289999999, -7.348936100000003], [112.6855955, -7.349288599999999], [112.68565979999998, -7.349353700000001], [112.6857215, -7.349391600000001], [112.68578719999998, -7.3494295]]}}, {"type": "Feature", "properties": {"layer": "osm_road", "stroke": "#999999"}, "geometry": {"type": "LineString", "coordinates": [[112.68565239999998, -7.347773599999999], [112.6854766, -7.3488463], [112.68546669999999, -7.3489035000000005], [112.685458, -7.349067100000001], [112.685468, -7.3491742], [112.6854881, -7.3492878999999975], [112.685523, -7.349497399999999], [112.6855559, -7.3497021999999985]]}}, {"type": "Feature", "properties": {"layer": "osm_road", "stroke": "#999999"}, "geometry": {"type": "LineString", "coordinates": [[112.6827543, -7.349107299999998], [112.68276469999999, -7.349376], [112.6827603, -7.3494531], [112.68276239999999, -7.349485199999999], [112.6827717, -7.3495113], [112.68279589999999, -7.349551599999998], [112.6828595, -7.349638299999998], [112.6828673, -7.349655000000003], [112.68287269999999, -7.3496759], [112.68287199999999, -7.349735800000003], [112.68287089999998, -7.349806700000001], [112.68283609999999, -7.350039399999997], [112.68277139999998, -7.350217999999999], [112.68276339999998, -7.350274200000002], [112.6827567, -7.350317799999998], [112.6827532, -7.350345199999998], [112.68279759999999, -7.3503503]]}}, {"type": "Feature", "properties": {"layer": "osm_road", "stroke": "#999999"}, "geometry": {"type": "LineString", "coordinates": [[112.68252129999999, -7.348774399999996], [112.6826192, -7.348924500000001], [112.6827543, -7.349107299999998], [112.6829246, -7.349135599999999], [112.6830195, -7.3491599], [112.6834457, -7.3492878999999975], [112.68348189999999, -7.3493032], [112.6835174, -7.349322499999999], [112.683558, -7.349356099999999], [112.6836479, -7.349428799999999], [112.6837008, -7.349477400000001]]}}, {"type": "Feature", "properties": {"layer": "osm_road", "stroke": "#999999"}, "geometry": {"type": "LineString", "coordinates": [[112.69004379999998, -7.346121100000001], [112.69008549999998, -7.3462041], [112.6901204, -7.346254599999999], [112.6901713, -7.346326400000001], [112.69024909999999, -7.346431499999999], [112.6902927, -7.346491299999999], [112.69032279999999, -7.346565900000001], [112.69036599999998, -7.3467141]]}}, {"type": "Feature", "properties": {"layer": "osm_road", "stroke": "#999999"}, "geometry": {"type": "LineString", "coordinates": [[112.6894455, -7.3463731], [112.68962409999999, -7.346960900000001]]}}, {"type": "Feature", "properties": {"layer": "osm_road", "stroke": "#999999"}, "geometry": {"type": "LineString", "coordinates": [[112.6899376, -7.347233899999999], [112.69018999999999, -7.347249599999999], [112.69051469999998, -7.347267500000001]]}}, {"type": "Feature", "properties": {"layer": "osm_road", "stroke": "#999999"}, "geometry": {"type": "LineString", "coordinates": [[112.68868859999999, -7.3483103], [112.6887443, -7.347625900000001]]}}, {"type": "Feature", "properties": {"layer": "osm_road", "stroke": "#999999"}, "geometry": {"type": "LineString", "coordinates": [[112.6888413, -7.3486212], [112.6886559, -7.348614199999999], [112.68804829999999, -7.348579600000001]]}}, {"type": "Feature", "properties": {"layer": "osm_road", "stroke": "#999999"}, "geometry": {"type": "LineString", "coordinates": [[112.6889502, -7.3484891999999995], [112.68893129999998, -7.348499499999998], [112.6889087, -7.348519099999998], [112.68888789999998, -7.3485424], [112.6888664, -7.348577000000001], [112.6888413, -7.3486212]]}}, {"type": "Feature", "properties": {"layer": "osm_road", "stroke": "#999999"}, "geometry": {"type": "LineString", "coordinates": [[112.6895021, -7.348606199999998], [112.68901120000001, -7.3485085], [112.6889502, -7.3484891999999995], [112.68896329999998, -7.3484233], [112.68896969999999, -7.3483472], [112.68896300000002, -7.348335199999998], [112.6889536, -7.3483236], [112.68894049999999, -7.3483173], [112.68892169999998, -7.348312300000001], [112.6887556, -7.3483101], [112.68868859999999, -7.3483103], [112.6883782, -7.348288299999998], [112.68802679999999, -7.3482816999999985], [112.6879598, -7.3482856000000005], [112.68786449999999, -7.348296300000001]]}}, {"type": "Feature", "properties": {"layer": "osm_road", "stroke": "#999999"}, "geometry": {"type": "LineString", "coordinates": [[112.68724799999998, -7.347226299999999], [112.6872611, -7.347375899999999], [112.6872665, -7.347479599999999], [112.6872423, -7.3476326], [112.6871968, -7.347818799999999], [112.6871136, -7.3480776], [112.68704989999999, -7.348396399999999], [112.68703850000001, -7.3484397], [112.6870334, -7.348484200000001]]}}, {"type": "Feature", "properties": {"layer": "osm_road", "stroke": "#999999"}, "geometry": {"type": "LineString", "coordinates": [[112.6866432, -7.3475229], [112.6866432, -7.348468599999999], [112.6866388, -7.3484883000000005], [112.68663109999999, -7.348499499999998], [112.68662260000002, -7.3485083], [112.68660779999999, -7.348514400000001], [112.6865924, -7.348516899999998], [112.68627999999998, -7.348522599999999]]}}, {"type": "Feature", "properties": {"layer": "osm_road", "stroke": "#999999"}, "geometry": {"type": "LineString", "coordinates": [[112.6947282, -7.3465233], [112.69469719999998, -7.346858600000002]]}}, {"type": "Feature", "properties": {"layer": "osm_road", "stroke": "#999999"}, "geometry": {"type": "LineString", "coordinates": [[112.69469719999998, -7.346858600000002], [112.69428979999999, -7.3468165999999995], [112.69394789999998, -7.3467857000000025], [112.69380739999998, -7.3467653], [112.6935871, -7.346733400000001], [112.69353749999999, -7.3467255], [112.69352139999998, -7.3467281], [112.69350599999999, -7.3467315], [112.69349590000002, -7.346740099999999], [112.6934785, -7.3468086]]}}, {"type": "Feature", "properties": {"layer": "osm_road", "stroke": "#999999"}, "geometry": {"type": "LineString", "coordinates": [[112.6953466, -7.347131199999999], [112.69608959999998, -7.347256099999999], [112.69611240000002, -7.3472136], [112.69616329999998, -7.347152500000001], [112.69629739999999, -7.347053999999998]]}}, {"type": "Feature", "properties": {"layer": "osm_road", "stroke": "#999999"}, "geometry": {"type": "LineString", "coordinates": [[112.69608959999998, -7.347256099999999], [112.6960815, -7.347289400000001], [112.6960105, -7.347672499999999], [112.69600639999999, -7.347729700000001], [112.6960199, -7.347789500000001], [112.69604149999999, -7.3478399]]}}, {"type": "Feature", "properties": {"layer": "osm_road", "stroke": "#999999"}, "geometry": {"type": "LineString", "coordinates": [[112.69629739999999, -7.347053999999998], [112.69633369999998, -7.3470220999999984], [112.69635649999998, -7.3469822], [112.6963618, -7.3468598], [112.6963551, -7.346710800000002], [112.6963068, -7.3464269], [112.6962841, -7.346426499999998], [112.6962646, -7.3464196], [112.69623979999999, -7.346392900000001], [112.69619279999999, -7.346293199999998], [112.6961037, -7.3460811]]}}, {"type": "Feature", "properties": {"layer": "osm_road", "stroke": "#999999"}, "geometry": {"type": "LineString", "coordinates": [[112.69427239999999, -7.3475229], [112.6943971, -7.3479252], [112.69458419999998, -7.348416700000001], [112.69458789999999, -7.3484313000000006], [112.6945889, -7.348440599999998], [112.6945909, -7.348454300000001], [112.6945902, -7.348466899999999], [112.69458619999999, -7.348474500000001], [112.69457309999999, -7.348486200000001], [112.6945213, -7.348521999999999]]}}, {"type": "Feature", "properties": {"layer": "osm_road", "stroke": "#999999"}, "geometry": {"type": "LineString", "coordinates": [[112.6943928, -7.3474447], [112.69452649999998, -7.347895300000001], [112.6945956, -7.3481334], [112.69469349999999, -7.348470599999999], [112.69470959999998, -7.348541099999999]]}}, {"type": "Feature", "properties": {"layer": "osm_road", "stroke": "#999999"}, "geometry": {"type": "LineString", "coordinates": [[112.69469719999998, -7.346858600000002], [112.69467909999999, -7.3469979], [112.6946613, -7.34707], [112.69464859999998, -7.347093900000001], [112.6946335, -7.3471183], [112.69450059999998, -7.347298600000002], [112.6943928, -7.3474447], [112.69427239999999, -7.3475229], [112.6941316, -7.347603000000001], [112.6940481, -7.3476501999999995], [112.6945213, -7.348521999999999], [112.69457189999999, -7.348615100000001]]}}, {"type": "Feature", "properties": {"layer": "osm_road", "stroke": "#999999"}, "geometry": {"type": "LineString", "coordinates": [[112.69307649999999, -7.349682600000001], [112.69308949999999, -7.349671300000001], [112.693104, -7.349662000000002], [112.6936408, -7.349379000000001], [112.69371589999999, -7.3493338], [112.6937937, -7.349275299999998], [112.6938969, -7.3492061], [112.6941597, -7.3490704], [112.6945447, -7.348897399999998]]}}, {"type": "Feature", "properties": {"layer": "osm_road", "stroke": "#999999"}, "geometry": {"type": "LineString", "coordinates": [[112.69100379999999, -7.347392800000001], [112.69098939999999, -7.3472475]]}}, {"type": "Feature", "properties": {"layer": "osm_road", "stroke": "#999999"}, "geometry": {"type": "LineString", "coordinates": [[112.69100379999999, -7.347392800000001], [112.6910132, -7.347439699999999], [112.69101099999999, -7.347486600000001], [112.6910051, -7.347517699999999], [112.69098169999998, -7.347547499999999], [112.69096559999998, -7.347562800000001], [112.6909186, -7.347594700000001], [112.69088279999998, -7.347606699999998], [112.6907584, -7.347634299999998]]}}, {"type": "Feature", "properties": {"layer": "osm_road", "stroke": "#999999"}, "geometry": {"type": "LineString", "coordinates": [[112.69956099999999, -7.347979100000001], [112.69972859999999, -7.348234400000002], [112.6999171, -7.3484971], [112.7002121, -7.3488020999999994], [112.7002772, -7.348868600000001], [112.70029159999999, -7.348868299999999], [112.700316, -7.348854700000001], [112.7003366, -7.348839699999999], [112.70047439999999, -7.348711899999999], [112.70061979999998, -7.3485720999999975]]}}, {"type": "Feature", "properties": {"layer": "osm_road", "stroke": "#999999"}, "geometry": {"type": "LineString", "coordinates": [[112.69733539999999, -7.349146200000001], [112.6972993, -7.3491808], [112.69726109999999, -7.3491867000000015], [112.69719059999998, -7.3491742], [112.6970439, -7.349107]]}}, {"type": "Feature", "properties": {"layer": "osm_road", "stroke": "#999999"}, "geometry": {"type": "LineString", "coordinates": [[112.69808409999999, -7.347503300000001], [112.6980785, -7.3481952]]}}, {"type": "Feature", "properties": {"layer": "osm_road", "stroke": "#999999"}, "geometry": {"type": "LineString", "coordinates": [[112.69772639999998, -7.3458757], [112.69788, -7.345896800000001], [112.6983923, -7.3459233999999975]]}}, {"type": "Feature", "properties": {"layer": "osm_road", "stroke": "#999999"}, "geometry": {"type": "LineString", "coordinates": [[112.69679859999998, -7.347300500000001], [112.6967903, -7.3472767999999995]]}}, {"type": "Feature", "properties": {"layer": "osm_road", "stroke": "#999999"}, "geometry": {"type": "LineString", "coordinates": [[112.6963068, -7.3464269], [112.696329, -7.346423499999997], [112.69638389999999, -7.346426799999999], [112.69648089999998, -7.3464361], [112.69668369999998, -7.346455499999999], [112.6970253, -7.346557999999999], [112.69724829999998, -7.346617], [112.69731339999998, -7.346625700000001], [112.69732739999999, -7.3465552], [112.69768339999999, -7.346518000000001]]}}, {"type": "Feature", "properties": {"layer": "osm_road", "stroke": "#999999"}, "geometry": {"type": "LineString", "coordinates": [[112.7008616, -7.345927699999999], [112.70068150000002, -7.346068399999999], [112.70064059999999, -7.346115299999997], [112.7006001, -7.346179500000001], [112.7005541, -7.3462752]]}}, {"type": "Feature", "properties": {"layer": "osm_road", "stroke": "#999999"}, "geometry": {"type": "LineString", "coordinates": [[112.6994351, -7.346804600000001], [112.69982590000001, -7.346926399999998], [112.7002873, -7.347077900000001]]}}, {"type": "Feature", "properties": {"layer": "osm_road", "stroke": "#999999"}, "geometry": {"type": "LineString", "coordinates": [[112.69946499999999, -7.346558700000002], [112.6994351, -7.346804600000001], [112.6993941, -7.347052699999999], [112.6993646, -7.347341300000002], [112.6993324, -7.347603299999999], [112.6992922, -7.347737699999999], [112.6992425, -7.34786], [112.6991902, -7.348002399999999], [112.69917010000002, -7.348060899999997], [112.69916069999998, -7.348074200000002], [112.6991259, -7.3481174000000005], [112.6990695, -7.3481673], [112.69897099999999, -7.348272399999998], [112.69882909999998, -7.348442300000001], [112.69859609999999, -7.348674099999998], [112.6985041, -7.3487492], [112.69833799999999, -7.3488847]]}}, {"type": "Feature", "properties": {"layer": "osm_road", "stroke": "#999999"}, "geometry": {"type": "LineString", "coordinates": [[112.69902449999998, -7.347454999999998], [112.69903870000002, -7.3474278], [112.69903870000002, -7.347365199999997], [112.69892669999999, -7.3469466], [112.698903, -7.346869099999999]]}}, {"type": "Feature", "properties": {"layer": "osm_road", "stroke": "#999999"}, "geometry": {"type": "LineString", "coordinates": [[112.69778, -7.347435800000002], [112.69781829999998, -7.3475435], [112.6978411, -7.347554100000001], [112.69786249999999, -7.347554100000001], [112.6980383, -7.347510299999999], [112.69808409999999, -7.347503300000001], [112.6981697, -7.3474663], [112.69823540000002, -7.347451700000002], [112.6984861, -7.347445099999999], [112.6989891, -7.347472999999999], [112.69902449999998, -7.347454999999998]]}}, {"type": "Feature", "properties": {"layer": "osm_road", "stroke": "#999999"}, "geometry": {"type": "LineString", "coordinates": [[112.69767749999998, -7.347971800000002], [112.6976815, -7.348243100000001], [112.69767079999998, -7.348479899999999], [112.69763449999999, -7.348569000000001], [112.69758619999999, -7.348650200000001], [112.69733539999999, -7.349146200000001]]}}, {"type": "Feature", "properties": {"layer": "osm_road", "stroke": "#999999"}, "geometry": {"type": "LineString", "coordinates": [[112.69732929999999, -7.348512999999999], [112.69758619999999, -7.348650200000001]]}}, {"type": "Feature", "properties": {"layer": "osm_road", "stroke": "#999999"}, "geometry": {"type": "LineString", "coordinates": [[112.69741859999999, -7.3479333], [112.69737969999998, -7.3483682], [112.69732929999999, -7.348512999999999], [112.69727779999998, -7.348600900000001], [112.6970439, -7.349107], [112.69697609999999, -7.3492021], [112.6969505, -7.349239300000001], [112.69691439999998, -7.3492487], [112.6968205, -7.349251399999998], [112.69660049999999, -7.3492101], [112.69657909999998, -7.3491941], [112.69657909999998, -7.349172899999999], [112.69665419999998, -7.3486155]]}}, {"type": "Feature", "properties": {"layer": "osm_road", "stroke": "#999999"}, "geometry": {"type": "LineString", "coordinates": [[112.70012499999999, -7.345610000000001], [112.7000401, -7.345658000000001], [112.6985753, -7.346386699999999], [112.69793049999998, -7.346715299999998], [112.69786499999998, -7.346748599999998], [112.69775219999998, -7.346806400000001]]}}, {"type": "Feature", "properties": {"layer": "osm_road", "stroke": "#999999"}, "geometry": {"type": "LineString", "coordinates": [[112.69775219999998, -7.346806400000001], [112.6977327, -7.3467285], [112.69768339999999, -7.346518000000001], [112.69766339999998, -7.346249199999999], [112.69764639999998, -7.3459707], [112.6976473, -7.3459174], [112.6976591, -7.345862600000001], [112.69784479999998, -7.345212600000001]]}}, {"type": "Feature", "properties": {"layer": "osm_road", "stroke": "#999999"}, "geometry": {"type": "LineString", "coordinates": [[112.70105099999999, -7.3482623], [112.701055, -7.3482877], [112.70105099999999, -7.3483095999999986], [112.7010148, -7.348383800000001], [112.7008773, -7.348665399999996], [112.70086270000002, -7.3486945], [112.70073779999998, -7.348957399999998], [112.70065069999998, -7.3491503], [112.70053289999998, -7.349367599999998]]}}, {"type": "Feature", "properties": {"layer": "osm_road", "stroke": "#999999"}, "geometry": {"type": "LineString", "coordinates": [[112.70177530000001, -7.346434099999998], [112.70189537728089, -7.346431359792891]]}}, {"type": "Feature", "properties": {"layer": "osm_road", "stroke": "#999999"}, "geometry": {"type": "LineString", "coordinates": [[112.6635826, -7.3767473], [112.6640573, -7.3768418], [112.66409749999998, -7.3768697], [112.66411129999999, -7.3768933], [112.66411219999999, -7.376920199999998]]}}, {"type": "Feature", "properties": {"layer": "osm_road", "stroke": "#999999"}, "geometry": {"type": "LineString", "coordinates": [[112.66346719999999, -7.376696800000001], [112.6635437, -7.376728699999999]]}}, {"type": "Feature", "properties": {"layer": "osm_road", "stroke": "#999999"}, "geometry": {"type": "LineString", "coordinates": [[112.6633627, -7.376627099999999], [112.66346719999999, -7.376696800000001]]}}, {"type": "Feature", "properties": {"layer": "osm_road", "stroke": "#999999"}, "geometry": {"type": "LineString", "coordinates": [[112.6783501, -7.360474500000001], [112.67790219999999, -7.360256299999998], [112.6778593, -7.360217100000001], [112.6778331, -7.3601765], [112.6778197, -7.360097399999998], [112.6778036, -7.359979]]}}, {"type": "Feature", "properties": {"layer": "osm_road", "stroke": "#999999"}, "geometry": {"type": "LineString", "coordinates": [[112.6634364, -7.350115899999999], [112.6632033, -7.350090899999999]]}}, {"type": "Feature", "properties": {"layer": "osm_road", "stroke": "#999999"}, "geometry": {"type": "LineString", "coordinates": [[112.66236950477963, -7.351057658493014], [112.6624056, -7.350834599999999]]}}, {"type": "Feature", "properties": {"layer": "osm_road", "stroke": "#999999"}, "geometry": {"type": "LineString", "coordinates": [[112.66236950477963, -7.349291091003665], [112.6630461, -7.349234], [112.6631467, -7.349225999999999], [112.66318019999999, -7.349187499999999], [112.66318960000001, -7.3491369], [112.6632017, -7.348971999999998], [112.66321909999999, -7.348700699999999]]}}, {"type": "Feature", "properties": {"layer": "osm_road", "stroke": "#999999"}, "geometry": {"type": "LineString", "coordinates": [[112.66236950477963, -7.3533447127422775], [112.66245049999999, -7.353395300000001]]}}, {"type": "Feature", "properties": {"layer": "osm_road", "stroke": "#999999"}, "geometry": {"type": "LineString", "coordinates": [[112.66264109999999, -7.352385000000001], [112.6627256, -7.3523704], [112.6628959, -7.352359700000001], [112.6630086, -7.3523584], [112.6631628, -7.352381000000001], [112.66370859999999, -7.35253]]}}, {"type": "Feature", "properties": {"layer": "osm_road", "stroke": "#999999"}, "geometry": {"type": "LineString", "coordinates": [[112.6635826, -7.353151100000001], [112.6634994, -7.353108599999999], [112.66340489999999, -7.3530812999999995], [112.66326809999998, -7.353064700000002], [112.6631856, -7.3530633000000005], [112.6629549, -7.353028700000001], [112.6628986, -7.352994199999999]]}}, {"type": "Feature", "properties": {"layer": "osm_road", "stroke": "#999999"}, "geometry": {"type": "LineString", "coordinates": [[112.66244259999999, -7.354014299999999], [112.6623756, -7.353899899999998]]}}, {"type": "Feature", "properties": {"layer": "osm_road", "stroke": "#999999"}, "geometry": {"type": "LineString", "coordinates": [[112.66246439999999, -7.354045099999998], [112.66244259999999, -7.354014299999999]]}}, {"type": "Feature", "properties": {"layer": "osm_road", "stroke": "#999999"}, "geometry": {"type": "LineString", "coordinates": [[112.66236950477963, -7.35387657940349], [112.66240509999999, -7.353850699999999], [112.66303539999998, -7.353456999999998], [112.66329019999999, -7.3532761], [112.6635083, -7.353164800000001], [112.6635826, -7.353151100000001], [112.66374349999998, -7.353137800000001], [112.6642809, -7.3530735000000025], [112.6644543, -7.353052699999999], [112.6646551, -7.353026099999997], [112.66498129999998, -7.352982199999999], [112.6653166, -7.352938300000001], [112.66573719999998, -7.3528775], [112.666128, -7.3528266], [112.66628550000001, -7.352792499999998]]}}, {"type": "Feature", "properties": {"layer": "osm_road", "stroke": "#999999"}, "geometry": {"type": "LineString", "coordinates": [[112.6625368, -7.3482578], [112.66258560000001, -7.348001999999999]]}}, {"type": "Feature", "properties": {"layer": "osm_road", "stroke": "#999999"}, "geometry": {"type": "LineString", "coordinates": [[112.6625969, -7.347606], [112.66254039999998, -7.347995699999997]]}}, {"type": "Feature", "properties": {"layer": "osm_road", "stroke": "#999999"}, "geometry": {"type": "LineString", "coordinates": [[112.66236950477963, -7.352762023838936], [112.66243789999999, -7.352544100000001]]}}, {"type": "Feature", "properties": {"layer": "osm_road", "stroke": "#999999"}, "geometry": {"type": "LineString", "coordinates": [[112.66236950477963, -7.352530042484459], [112.66243789999999, -7.352544100000001], [112.66260319999999, -7.352578]]}}, {"type": "Feature", "properties": {"layer": "osm_road", "stroke": "#999999"}, "geometry": {"type": "LineString", "coordinates": [[112.66236950477963, -7.353853390834141], [112.66245049999999, -7.353395300000001], [112.6625204, -7.352999499999999], [112.66260319999999, -7.352578], [112.66264109999999, -7.352385000000001], [112.6626599, -7.3519727], [112.6626585, -7.3517817999999995]]}}, {"type": "Feature", "properties": {"layer": "osm_road", "stroke": "#999999"}, "geometry": {"type": "LineString", "coordinates": [[112.66236950477963, -7.3519833226370155], [112.6624641, -7.3518982], [112.6625647, -7.351827699999998], [112.6626585, -7.3517817999999995], [112.66286099999999, -7.351741200000001], [112.66299719999999, -7.3517308], [112.6631762, -7.3517093], [112.66359329999999, -7.351704000000001], [112.66373009999998, -7.351719899999999], [112.66421019999999, -7.351783799999998], [112.6643136, -7.351801899999999], [112.6647681, -7.3518555999999995], [112.6651758, -7.3519195], [112.6655915, -7.3519177], [112.66581549999998, -7.351924800000001], [112.66609409999998, -7.351921099999999], [112.6662042, -7.351920300000001]]}}, {"type": "Feature", "properties": {"layer": "osm_road", "stroke": "#999999"}, "geometry": {"type": "LineString", "coordinates": [[112.6794371, -7.3490224999999985], [112.6795216, -7.3491848], [112.67954169999999, -7.3492007999999975], [112.67956989999999, -7.3491981], [112.6796972, -7.349135599999999]]}}, {"type": "Feature", "properties": {"layer": "osm_road", "stroke": "#999999"}, "geometry": {"type": "LineString", "coordinates": [[112.67932479999999, -7.350681899999998], [112.67942099999999, -7.3511226999999995], [112.6794197, -7.351159299999999], [112.679412, -7.351184900000001], [112.67935589999999, -7.351210500000002], [112.679261, -7.351278600000001]]}}, {"type": "Feature", "properties": {"layer": "osm_road", "stroke": "#999999"}, "geometry": {"type": "LineString", "coordinates": [[112.6812043, -7.349549899999999], [112.68105179999999, -7.349621099999999], [112.6810488, -7.349633699999999], [112.6811184, -7.349845999999999]]}}, {"type": "Feature", "properties": {"layer": "osm_road", "stroke": "#999999"}, "geometry": {"type": "LineString", "coordinates": [[112.67602069999998, -7.3500201], [112.67605079999998, -7.3502275], [112.67606759999998, -7.350336199999999], [112.6760753, -7.350454500000001]]}}, {"type": "Feature", "properties": {"layer": "osm_road", "stroke": "#999999"}, "geometry": {"type": "LineString", "coordinates": [[112.67881619999999, -7.349304499999999], [112.678847, -7.3493737]]}}, {"type": "Feature", "properties": {"layer": "osm_road", "stroke": "#999999"}, "geometry": {"type": "LineString", "coordinates": [[112.67648459999998, -7.349941699999998], [112.6765121, -7.3493111]]}}, {"type": "Feature", "properties": {"layer": "osm_road", "stroke": "#999999"}, "geometry": {"type": "LineString", "coordinates": [[112.66395889999998, -7.342821100000003], [112.66396899999998, -7.3427458], [112.66397419999998, -7.342689900000001]]}}, {"type": "Feature", "properties": {"layer": "osm_road", "stroke": "#999999"}, "geometry": {"type": "LineString", "coordinates": [[112.66465539999999, -7.3429120999999995], [112.66395889999998, -7.342821100000003], [112.66307159999998, -7.342676600000001]]}}, {"type": "Feature", "properties": {"layer": "osm_road", "stroke": "#999999"}, "geometry": {"type": "LineString", "coordinates": [[112.66301319999998, -7.342620800000002], [112.66307969999998, -7.3426135], [112.66318289999998, -7.342623399999999], [112.66361609999998, -7.3426966], [112.66396899999998, -7.3427458], [112.66468629999999, -7.342853499999998], [112.6647292, -7.342873499999998], [112.66476009999998, -7.342924100000003]]}}, {"type": "Feature", "properties": {"layer": "osm_road", "stroke": "#999999"}, "geometry": {"type": "LineString", "coordinates": [[112.66307159999998, -7.342676600000001], [112.66301319999998, -7.342620800000002]]}}, {"type": "Feature", "properties": {"layer": "osm_road", "stroke": "#999999"}, "geometry": {"type": "LineString", "coordinates": [[112.6636255, -7.346952900000002], [112.6634437, -7.347047100000001], [112.66317489999999, -7.3471857], [112.66310249999998, -7.347234899999998], [112.6630757, -7.347252900000002], [112.66304549999998, -7.3472538]]}}, {"type": "Feature", "properties": {"layer": "osm_road", "stroke": "#999999"}, "geometry": {"type": "LineString", "coordinates": [[112.662971, -7.346615099999998], [112.66252309999999, -7.346548600000001]]}}, {"type": "Feature", "properties": {"layer": "osm_road", "stroke": "#999999"}, "geometry": {"type": "LineString", "coordinates": [[112.66252309999999, -7.346548600000001], [112.6624198, -7.346529899999998], [112.66238629999998, -7.346513999999998], [112.66236950477963, -7.346499579861632]]}}, {"type": "Feature", "properties": {"layer": "osm_road", "stroke": "#999999"}, "geometry": {"type": "LineString", "coordinates": [[112.66304549999998, -7.3472538], [112.66291129999999, -7.3472278], [112.66253649999999, -7.347187000000003]]}}, {"type": "Feature", "properties": {"layer": "osm_road", "stroke": "#999999"}, "geometry": {"type": "LineString", "coordinates": [[112.66348599999999, -7.3400962], [112.66349740000001, -7.340983999999998]]}}, {"type": "Feature", "properties": {"layer": "osm_road", "stroke": "#999999"}, "geometry": {"type": "LineString", "coordinates": [[112.66349740000001, -7.340983999999998], [112.6634927, -7.341317199999998], [112.6634867, -7.3413545], [112.66346189999999, -7.341369099999997], [112.66311719999999, -7.341351899999999], [112.6630796, -7.3413532], [112.66286409999998, -7.341351899999999], [112.6626478, -7.341325899999998], [112.66236950477963, -7.341285638928094]]}}, {"type": "Feature", "properties": {"layer": "osm_road", "stroke": "#999999"}, "geometry": {"type": "LineString", "coordinates": [[112.66236950477963, -7.342133185513287], [112.6629925, -7.342212399999999]]}}, {"type": "Feature", "properties": {"layer": "osm_road", "stroke": "#999999"}, "geometry": {"type": "LineString", "coordinates": [[112.66236950477963, -7.34138459268702], [112.66304979999998, -7.3414879], [112.66306589999999, -7.341498499999998], [112.66307329999998, -7.341510500000003], [112.66302469999998, -7.341829399999998], [112.6629925, -7.342212399999999], [112.66302059999998, -7.3422404], [112.6630246, -7.342294899999999], [112.66301319999998, -7.342620800000002]]}}, {"type": "Feature", "properties": {"layer": "osm_road", "stroke": "#999999"}, "geometry": {"type": "LineString", "coordinates": [[112.66236950477963, -7.341740595754654], [112.66302469999998, -7.341829399999998]]}}, {"type": "Feature", "properties": {"layer": "osm_road", "stroke": "#999999"}, "geometry": {"type": "LineString", "coordinates": [[112.66513019999998, -7.340291800000001], [112.66506309999998, -7.3402997], [112.6648942, -7.3403051], [112.6647788, -7.3403051], [112.66469839999999, -7.340342299999999], [112.6645964, -7.3404273999999985], [112.66455079999999, -7.340565800000001], [112.66452399999999, -7.341076500000001], [112.66451869999999, -7.341206899999999], [112.66453209999999, -7.341355799999999], [112.66459109999998, -7.341443599999999], [112.6646876, -7.3414716]]}}, {"type": "Feature", "properties": {"layer": "osm_road", "stroke": "#999999"}, "geometry": {"type": "LineString", "coordinates": [[112.66417389999998, -7.345243700000001], [112.66469389999999, -7.345280000000002]]}}, {"type": "Feature", "properties": {"layer": "osm_road", "stroke": "#999999"}, "geometry": {"type": "LineString", "coordinates": [[112.66701989999999, -7.3442728], [112.6671097, -7.343690199999998], [112.6671083, -7.3436551]]}}, {"type": "Feature", "properties": {"layer": "osm_road", "stroke": "#999999"}, "geometry": {"type": "LineString", "coordinates": [[112.66781779999998, -7.3429573], [112.66784189999998, -7.343021099999998], [112.66782049999999, -7.343191399999999], [112.6677695, -7.343388299999998], [112.6676423, -7.3437052000000005]]}}, {"type": "Feature", "properties": {"layer": "osm_road", "stroke": "#999999"}, "geometry": {"type": "LineString", "coordinates": [[112.6647346, -7.342697300000001], [112.664738, -7.3425609]]}}, {"type": "Feature", "properties": {"layer": "osm_road", "stroke": "#999999"}, "geometry": {"type": "LineString", "coordinates": [[112.66427319999998, -7.342651400000001], [112.6645256, -7.342689499999997], [112.6647098, -7.342712599999998], [112.6647245, -7.342707200000001], [112.6647346, -7.342697300000001]]}}, {"type": "Feature", "properties": {"layer": "osm_road", "stroke": "#999999"}, "geometry": {"type": "LineString", "coordinates": [[112.6642679, -7.342477100000001], [112.66425779999999, -7.3426248], [112.6642615, -7.342642400000001], [112.66427319999998, -7.342651400000001]]}}, {"type": "Feature", "properties": {"layer": "osm_road", "stroke": "#999999"}, "geometry": {"type": "LineString", "coordinates": [[112.664738, -7.3425609], [112.6647302, -7.342549300000001], [112.6647198, -7.342544999999999], [112.6645463, -7.342517799999999], [112.6642679, -7.342477100000001]]}}, {"type": "Feature", "properties": {"layer": "osm_road", "stroke": "#999999"}, "geometry": {"type": "LineString", "coordinates": [[112.6642679, -7.342477100000001], [112.6640399, -7.342459199999999], [112.6640184, -7.342463799999998], [112.66400029999998, -7.342482500000002], [112.66397419999998, -7.342689900000001]]}}, {"type": "Feature", "properties": {"layer": "osm_road", "stroke": "#999999"}, "geometry": {"type": "LineString", "coordinates": [[112.66776279999999, -7.341547399999998], [112.66770240000001, -7.3419145], [112.66767699999998, -7.3419544], [112.66764069999999, -7.341964999999999], [112.66735240000001, -7.341923800000001]]}}, {"type": "Feature", "properties": {"layer": "osm_road", "stroke": "#999999"}, "geometry": {"type": "LineString", "coordinates": [[112.66366569999998, -7.345174600000002], [112.6636409, -7.345172600000002], [112.6636256, -7.345177099999999], [112.66361409999999, -7.345188500000001], [112.66360799999998, -7.3452052], [112.66355709999999, -7.3457705], [112.6635588, -7.345794399999997], [112.66356749999998, -7.345811999999998], [112.6635973, -7.345822299999999], [112.6638371, -7.345844700000002], [112.66455219999999, -7.3459115], [112.6645817, -7.345908100000002], [112.66461319999999, -7.345898199999998], [112.66463399999999, -7.3458649]]}}, {"type": "Feature", "properties": {"layer": "osm_road", "stroke": "#999999"}, "geometry": {"type": "LineString", "coordinates": [[112.665252, -7.347256], [112.66523129999999, -7.3472452], [112.665216, -7.347234899999998], [112.6652093, -7.347223099999999], [112.6652026, -7.347195], [112.66519859999998, -7.346904999999999]]}}, {"type": "Feature", "properties": {"layer": "osm_road", "stroke": "#999999"}, "geometry": {"type": "LineString", "coordinates": [[112.6653756, -7.342397299999999], [112.665385, -7.3423129000000005], [112.66541649999999, -7.342303599999997], [112.66584369999998, -7.342337500000001], [112.6659241, -7.342332099999999], [112.6659429, -7.342309499999997], [112.6659805, -7.341980999999999], [112.66600989999999, -7.3417788999999996]]}}, {"type": "Feature", "properties": {"layer": "osm_road", "stroke": "#999999"}, "geometry": {"type": "LineString", "coordinates": [[112.6657285, -7.341404600000001], [112.6661199, -7.341459599999999], [112.66619309999999, -7.341473000000001]]}}, {"type": "Feature", "properties": {"layer": "osm_road", "stroke": "#999999"}, "geometry": {"type": "LineString", "coordinates": [[112.66577659999999, -7.341129699999998], [112.6657285, -7.341404600000001], [112.6656988, -7.3415740000000005]]}}, {"type": "Feature", "properties": {"layer": "osm_road", "stroke": "#999999"}, "geometry": {"type": "LineString", "coordinates": [[112.66647669999999, -7.345524399999999], [112.66606810000002, -7.345545300000001]]}}, {"type": "Feature", "properties": {"layer": "osm_road", "stroke": "#999999"}, "geometry": {"type": "LineString", "coordinates": [[112.6657645, -7.345875500000001], [112.666097, -7.345874299999999]]}}, {"type": "Feature", "properties": {"layer": "osm_road", "stroke": "#999999"}, "geometry": {"type": "LineString", "coordinates": [[112.66683069999999, -7.3450136], [112.6668388, -7.3448061000000004], [112.66682400000002, -7.3447543], [112.6668039, -7.344736999999997], [112.66677709999999, -7.344736999999997], [112.66663219999998, -7.344723700000002]]}}, {"type": "Feature", "properties": {"layer": "osm_road", "stroke": "#999999"}, "geometry": {"type": "LineString", "coordinates": [[112.66663219999998, -7.344723700000002], [112.6666819, -7.3442808], [112.6667564, -7.3436078999999985]]}}, {"type": "Feature", "properties": {"layer": "osm_road", "stroke": "#999999"}, "geometry": {"type": "LineString", "coordinates": [[112.6671083, -7.3436551], [112.6670828, -7.3436423], [112.66690849999999, -7.343632999999998]]}}, {"type": "Feature", "properties": {"layer": "osm_road", "stroke": "#999999"}, "geometry": {"type": "LineString", "coordinates": [[112.66730279999999, -7.340845100000001], [112.6672441, -7.3415018000000005]]}}, {"type": "Feature", "properties": {"layer": "osm_road", "stroke": "#999999"}, "geometry": {"type": "LineString", "coordinates": [[112.66713669999999, -7.341490099999999], [112.6670933, -7.3418676]]}}, {"type": "Feature", "properties": {"layer": "osm_road", "stroke": "#999999"}, "geometry": {"type": "LineString", "coordinates": [[112.6673752, -7.3415181], [112.6672441, -7.3415018000000005], [112.66713669999999, -7.341490099999999], [112.66625939999999, -7.3413824], [112.66620409999999, -7.3413788]]}}, {"type": "Feature", "properties": {"layer": "osm_road", "stroke": "#999999"}, "geometry": {"type": "LineString", "coordinates": [[112.66735240000001, -7.341923800000001], [112.6670933, -7.3418676], [112.66621519999998, -7.3417828]]}}, {"type": "Feature", "properties": {"layer": "osm_road", "stroke": "#999999"}, "geometry": {"type": "LineString", "coordinates": [[112.6652804, -7.3423906], [112.6653756, -7.342397299999999], [112.66607349999998, -7.342494599999999]]}}, {"type": "Feature", "properties": {"layer": "osm_road", "stroke": "#999999"}, "geometry": {"type": "LineString", "coordinates": [[112.66476139999999, -7.344879300000001], [112.6648484, -7.343688800000002], [112.6648593, -7.3435399000000015], [112.6648968, -7.343276499999997]]}}, {"type": "Feature", "properties": {"layer": "osm_road", "stroke": "#999999"}, "geometry": {"type": "LineString", "coordinates": [[112.6646796, -7.347119199999998], [112.66469299999999, -7.3463384000000005], [112.66470639999999, -7.3461627999999966], [112.6648258, -7.345709299999999], [112.66484589999999, -7.345547], [112.66485639999999, -7.345328200000001]]}}, {"type": "Feature", "properties": {"layer": "osm_road", "stroke": "#999999"}, "geometry": {"type": "LineString", "coordinates": [[112.6647024, -7.3451067], [112.6647084, -7.3450748], [112.66471649999998, -7.345061499999999], [112.6647299, -7.345054200000001], [112.6647721, -7.345051599999998], [112.6647823, -7.345054], [112.6647912, -7.3450595], [112.66479860000001, -7.3450668000000015], [112.6648037, -7.345076799999998], [112.664799, -7.345240399999999], [112.66480569999999, -7.345253699999999], [112.66485639999999, -7.345328200000001], [112.66504820000002, -7.345295799999999], [112.66511539999999, -7.345306299999999], [112.665839, -7.3454512], [112.6658611, -7.3454665], [112.66587849999999, -7.345540400000002], [112.66590939999999, -7.3455563], [112.66598379999999, -7.345551000000001]]}}, {"type": "Feature", "properties": {"layer": "osm_road", "stroke": "#999999"}, "geometry": {"type": "LineString", "coordinates": [[112.6633988, -7.345954], [112.66370059999998, -7.345971299999999], [112.66381189999998, -7.3459753], [112.66379849999998, -7.3460791], [112.66373009999998, -7.3468252], [112.66369519999999, -7.346899699999998], [112.6636255, -7.346952900000002]]}}, {"type": "Feature", "properties": {"layer": "osm_road", "stroke": "#999999"}, "geometry": {"type": "LineString", "coordinates": [[112.66463399999999, -7.3458649], [112.66469389999999, -7.345280000000002], [112.6647024, -7.3451067]]}}, {"type": "Feature", "properties": {"layer": "osm_road", "stroke": "#999999"}, "geometry": {"type": "LineString", "coordinates": [[112.6648777, -7.343226799999998], [112.6648968, -7.343276499999997], [112.66492099999999, -7.343313800000001], [112.6649532, -7.3433350000000015], [112.6650401, -7.343349100000002], [112.66594209999998, -7.343616599999997]]}}, {"type": "Feature", "properties": {"layer": "osm_road", "stroke": "#999999"}, "geometry": {"type": "LineString", "coordinates": [[112.66476009999998, -7.342924100000003], [112.66470639999999, -7.342920699999998], [112.66465539999999, -7.3429120999999995]]}}, {"type": "Feature", "properties": {"layer": "osm_road", "stroke": "#999999"}, "geometry": {"type": "LineString", "coordinates": [[112.6843342, -7.349992600000001], [112.6842047, -7.3498831000000004], [112.68410549999999, -7.3497553999999985], [112.68402500000002, -7.3496343999999985]]}}, {"type": "Feature", "properties": {"layer": "osm_road", "stroke": "#999999"}, "geometry": {"type": "LineString", "coordinates": [[112.6807208, -7.350502699999999], [112.68067759999998, -7.350169099999998], [112.680658, -7.350065999999998], [112.6806407, -7.349978900000001], [112.68061899999998, -7.349890500000001]]}}, {"type": "Feature", "properties": {"layer": "osm_road", "stroke": "#999999"}, "geometry": {"type": "LineString", "coordinates": [[112.6813468, -7.350698399999998], [112.68086809999998, -7.350750300000002], [112.68036719999999, -7.3508394]]}}, {"type": "Feature", "properties": {"layer": "osm_road", "stroke": "#999999"}, "geometry": {"type": "LineString", "coordinates": [[112.68549919999998, -7.350872699999998], [112.6854962, -7.351231799999999]]}}, {"type": "Feature", "properties": {"layer": "osm_road", "stroke": "#999999"}, "geometry": {"type": "LineString", "coordinates": [[112.6820943, -7.350380099999998], [112.68184439999999, -7.350392799999999], [112.6817609, -7.350392500000001], [112.6815359, -7.3503992], [112.6814026, -7.3504058]]}}, {"type": "Feature", "properties": {"layer": "osm_road", "stroke": "#999999"}, "geometry": {"type": "LineString", "coordinates": [[112.6852763, -7.3508744], [112.6852767, -7.350906500000001]]}}, {"type": "Feature", "properties": {"layer": "osm_road", "stroke": "#999999"}, "geometry": {"type": "LineString", "coordinates": [[112.6852833, -7.350771599999999], [112.685282, -7.3507964999999995]]}}, {"type": "Feature", "properties": {"layer": "osm_road", "stroke": "#999999"}, "geometry": {"type": "LineString", "coordinates": [[112.6824473, -7.351142799999999], [112.68244959999998, -7.3511866999999995]]}}, {"type": "Feature", "properties": {"layer": "osm_road", "stroke": "#999999"}, "geometry": {"type": "LineString", "coordinates": [[112.6824429, -7.351057900000001], [112.6824473, -7.351142799999999]]}}, {"type": "Feature", "properties": {"layer": "osm_road", "stroke": "#999999"}, "geometry": {"type": "LineString", "coordinates": [[112.6812023, -7.351344], [112.6812041, -7.351391999999999]]}}, {"type": "Feature", "properties": {"layer": "osm_road", "stroke": "#999999"}, "geometry": {"type": "LineString", "coordinates": [[112.681199, -7.351257399999998], [112.6812023, -7.351344]]}}, {"type": "Feature", "properties": {"layer": "osm_road", "stroke": "#999999"}, "geometry": {"type": "LineString", "coordinates": [[112.6853929, -7.3498555], [112.6853157, -7.3504489], [112.6852833, -7.350771599999999]]}}, {"type": "Feature", "properties": {"layer": "osm_road", "stroke": "#999999"}, "geometry": {"type": "LineString", "coordinates": [[112.6853929, -7.3498555], [112.6853081, -7.349857799999999], [112.68518639999999, -7.349851499999999], [112.6849822, -7.349800599999998], [112.684719, -7.3497221999999995], [112.6845465, -7.349661199999998], [112.68432009999998, -7.349482799999998]]}}, {"type": "Feature", "properties": {"layer": "osm_road", "stroke": "#999999"}, "geometry": {"type": "LineString", "coordinates": [[112.68287089999998, -7.349806700000001], [112.68245589999998, -7.349749699999997], [112.68236949999998, -7.349736199999999]]}}, {"type": "Feature", "properties": {"layer": "osm_road", "stroke": "#999999"}, "geometry": {"type": "LineString", "coordinates": [[112.68092249999998, -7.349667400000002], [112.6810062, -7.349985499999999]]}}, {"type": "Feature", "properties": {"layer": "osm_road", "stroke": "#999999"}, "geometry": {"type": "LineString", "coordinates": [[112.6813468, -7.350698399999998], [112.68155669999999, -7.3506735], [112.6816818, -7.350664900000001], [112.68172639999999, -7.3506642], [112.68174479999999, -7.3506689000000005], [112.6817565, -7.3506832000000015], [112.68176589999999, -7.350712400000003], [112.68177399999999, -7.350723099999998], [112.6817891, -7.350724700000001], [112.68209849999998, -7.350697300000001]]}}, {"type": "Feature", "properties": {"layer": "osm_road", "stroke": "#999999"}, "geometry": {"type": "LineString", "coordinates": [[112.6815795, -7.349275700000001], [112.6815708, -7.3493371], [112.68155199999998, -7.349375000000001], [112.68149699999998, -7.3494256], [112.6812399, -7.3495368999999995], [112.6812043, -7.349549899999999], [112.68121669999998, -7.349586500000002], [112.68131459999998, -7.349884399999998], [112.6813254, -7.3498951], [112.68134949999998, -7.349900399999999], [112.68160159999998, -7.349815300000002]]}}, {"type": "Feature", "properties": {"layer": "osm_road", "stroke": "#999999"}, "geometry": {"type": "LineString", "coordinates": [[112.68244119999999, -7.351025799999999], [112.6824429, -7.351057900000001]]}}, {"type": "Feature", "properties": {"layer": "osm_road", "stroke": "#999999"}, "geometry": {"type": "LineString", "coordinates": [[112.685282, -7.3507964999999995], [112.6852763, -7.3508744]]}}, {"type": "Feature", "properties": {"layer": "osm_road", "stroke": "#999999"}, "geometry": {"type": "LineString", "coordinates": [[112.68119750000001, -7.351217099999999], [112.681199, -7.351257399999998]]}}, {"type": "Feature", "properties": {"layer": "osm_road", "stroke": "#999999"}, "geometry": {"type": "LineString", "coordinates": [[112.6859539, -7.350712], [112.6859614, -7.350782200000002]]}}, {"type": "Feature", "properties": {"layer": "osm_road", "stroke": "#999999"}, "geometry": {"type": "LineString", "coordinates": [[112.6859517, -7.3506857000000005], [112.6859539, -7.350712]]}}, {"type": "Feature", "properties": {"layer": "osm_road", "stroke": "#999999"}, "geometry": {"type": "LineString", "coordinates": [[112.68480509999999, -7.3508801], [112.68481079999998, -7.350942099999999]]}}, {"type": "Feature", "properties": {"layer": "osm_road", "stroke": "#999999"}, "geometry": {"type": "LineString", "coordinates": [[112.6848009, -7.350853300000001], [112.68480509999999, -7.3508801]]}}, {"type": "Feature", "properties": {"layer": "osm_road", "stroke": "#999999"}, "geometry": {"type": "LineString", "coordinates": [[112.6839714, -7.351088199999999], [112.6839802, -7.351134499999999]]}}, {"type": "Feature", "properties": {"layer": "osm_road", "stroke": "#999999"}, "geometry": {"type": "LineString", "coordinates": [[112.683966, -7.351041600000003], [112.6839714, -7.351088199999999]]}}, {"type": "Feature", "properties": {"layer": "osm_road", "stroke": "#999999"}, "geometry": {"type": "LineString", "coordinates": [[112.68395939999999, -7.3510033], [112.683966, -7.351041600000003]]}}, {"type": "Feature", "properties": {"layer": "osm_road", "stroke": "#999999"}, "geometry": {"type": "LineString", "coordinates": [[112.6859873, -7.351215900000002], [112.68600199999999, -7.351214700000001]]}}, {"type": "Feature", "properties": {"layer": "osm_road", "stroke": "#999999"}, "geometry": {"type": "LineString", "coordinates": [[112.68593749999998, -7.3512181], [112.6859873, -7.351215900000002]]}}, {"type": "Feature", "properties": {"layer": "osm_road", "stroke": "#999999"}, "geometry": {"type": "LineString", "coordinates": [[112.6859184, -7.3512168], [112.68593749999998, -7.3512181]]}}, {"type": "Feature", "properties": {"layer": "osm_road", "stroke": "#999999"}, "geometry": {"type": "LineString", "coordinates": [[112.6859641, -7.3508187], [112.6859965, -7.351174299999999], [112.68600199999999, -7.351214700000001], [112.6860095, -7.351264400000002], [112.68601689999998, -7.3512897], [112.68602969999999, -7.3513176], [112.6860454, -7.351340800000001], [112.68623179999999, -7.351443299999999], [112.68632969999999, -7.3514918], [112.68644969999998, -7.351533099999999], [112.686568, -7.3515555]]}}, {"type": "Feature", "properties": {"layer": "osm_road", "stroke": "#999999"}, "geometry": {"type": "LineString", "coordinates": [[112.68482129999998, -7.350982400000001], [112.6849973, -7.3511241], [112.68511269999999, -7.351243800000001], [112.68524409999999, -7.351368799999999], [112.6853406, -7.3514352999999995], [112.6853848, -7.3514569], [112.68553909999999, -7.351472599999999], [112.68586369999998, -7.351493799999998], [112.68596619999998, -7.3514872]]}}, {"type": "Feature", "properties": {"layer": "osm_road", "stroke": "#999999"}, "geometry": {"type": "LineString", "coordinates": [[112.68338259999999, -7.351211900000001], [112.68340669999999, -7.351366100000001], [112.68347649999998, -7.351507100000002], [112.6835238, -7.351562499999999], [112.6835838, -7.3516056], [112.6838252, -7.351717299999998], [112.68440879999999, -7.3519304], [112.68487259999999, -7.3521876], [112.68492449999998, -7.352220399999998], [112.68507869999999, -7.352317799999998], [112.68518329999999, -7.352381799999998]]}}, {"type": "Feature", "properties": {"layer": "osm_road", "stroke": "#999999"}, "geometry": {"type": "LineString", "coordinates": [[112.6826231, -7.3510266999999985], [112.68264309999999, -7.350814499999999], [112.6826614, -7.350780899999999], [112.6826939, -7.3507773000000025], [112.6829636, -7.3508588999999995], [112.68315669999998, -7.350938699999999], [112.6832408, -7.3509615], [112.68326659999998, -7.350974099999998], [112.6832834, -7.350995700000001], [112.68330349999998, -7.351078899999999]]}}, {"type": "Feature", "properties": {"layer": "osm_road", "stroke": "#999999"}, "geometry": {"type": "LineString", "coordinates": [[112.68444559999999, -7.350396399999999], [112.6845762, -7.3501079], [112.684719, -7.3497221999999995]]}}, {"type": "Feature", "properties": {"layer": "osm_road", "stroke": "#999999"}, "geometry": {"type": "LineString", "coordinates": [[112.6859024, -7.350693899999999], [112.685894, -7.3506200999999995], [112.6858825, -7.350429199999997], [112.6858757, -7.350133800000001], [112.68589320000001, -7.3501028999999996], [112.68593039999999, -7.3500896], [112.68600719999999, -7.350090899999999]]}}, {"type": "Feature", "properties": {"layer": "osm_road", "stroke": "#999999"}, "geometry": {"type": "LineString", "coordinates": [[112.6855559, -7.3497021999999985], [112.68559039999998, -7.3497042000000015], [112.685863, -7.349720200000001], [112.68622739999999, -7.3497281999999995]]}}, {"type": "Feature", "properties": {"layer": "osm_road", "stroke": "#999999"}, "geometry": {"type": "LineString", "coordinates": [[112.68141999999999, -7.351179100000001], [112.68137899999999, -7.3508847], [112.6813468, -7.350698399999998]]}}, {"type": "Feature", "properties": {"layer": "osm_road", "stroke": "#999999"}, "geometry": {"type": "LineString", "coordinates": [[112.68210330000001, -7.3510523], [112.6818136, -7.3511147], [112.68141999999999, -7.351179100000001], [112.68134949999998, -7.351190599999999], [112.68119750000001, -7.351217099999999], [112.6807702, -7.351272999999999], [112.6804, -7.3513209], [112.6801559, -7.351371499999999], [112.6796301, -7.351481100000001], [112.6795203, -7.3515151]]}}, {"type": "Feature", "properties": {"layer": "osm_road", "stroke": "#999999"}, "geometry": {"type": "LineString", "coordinates": [[112.68210859999999, -7.351206500000002], [112.6821091, -7.3512290999999985]]}}, {"type": "Feature", "properties": {"layer": "osm_road", "stroke": "#999999"}, "geometry": {"type": "LineString", "coordinates": [[112.6821061, -7.351092600000001], [112.68210859999999, -7.351206500000002]]}}, {"type": "Feature", "properties": {"layer": "osm_road", "stroke": "#999999"}, "geometry": {"type": "LineString", "coordinates": [[112.687481, -7.3496743], [112.68749079999999, -7.3495552], [112.6875219, -7.349254600000001], [112.6875219, -7.349228700000001], [112.68751659999998, -7.3492106999999995]]}}, {"type": "Feature", "properties": {"layer": "osm_road", "stroke": "#999999"}, "geometry": {"type": "LineString", "coordinates": [[112.6862272, -7.349673000000003], [112.68639879999999, -7.349682900000001], [112.68641, -7.3496815999999985], [112.68642019999999, -7.3496783], [112.68642639999999, -7.349673300000001], [112.6864296, -7.349665599999999], [112.6864484, -7.349533300000001]]}}, {"type": "Feature", "properties": {"layer": "osm_road", "stroke": "#999999"}, "geometry": {"type": "LineString", "coordinates": [[112.6894399, -7.351293000000001], [112.68944159999998, -7.351278399999998], [112.6894426, -7.351148999999999], [112.6894463, -7.351140700000001], [112.6894574, -7.351136000000001], [112.68965209999999, -7.351105499999998]]}}, {"type": "Feature", "properties": {"layer": "osm_road", "stroke": "#999999"}, "geometry": {"type": "LineString", "coordinates": [[112.6890528, -7.349750099999998], [112.68898839999999, -7.3496663], [112.68876249999998, -7.349834599999999], [112.68870609999999, -7.3498362], [112.68867259999999, -7.3498218999999985]]}}, {"type": "Feature", "properties": {"layer": "osm_road", "stroke": "#999999"}, "geometry": {"type": "LineString", "coordinates": [[112.68785959999998, -7.350694399999999], [112.6878047, -7.350498899999999]]}}, {"type": "Feature", "properties": {"layer": "osm_road", "stroke": "#999999"}, "geometry": {"type": "LineString", "coordinates": [[112.6878679, -7.350767600000001], [112.68785959999998, -7.350694399999999]]}}, {"type": "Feature", "properties": {"layer": "osm_road", "stroke": "#999999"}, "geometry": {"type": "LineString", "coordinates": [[112.68790890000001, -7.3510802], [112.6878801, -7.3509026], [112.6878679, -7.350767600000001]]}}, {"type": "Feature", "properties": {"layer": "osm_road", "stroke": "#999999"}, "geometry": {"type": "LineString", "coordinates": [[112.68779279999998, -7.350463700000001], [112.6877769, -7.350394599999999]]}}, {"type": "Feature", "properties": {"layer": "osm_road", "stroke": "#999999"}, "geometry": {"type": "LineString", "coordinates": [[112.6878047, -7.350498899999999], [112.68779279999998, -7.350463700000001]]}}, {"type": "Feature", "properties": {"layer": "osm_road", "stroke": "#999999"}, "geometry": {"type": "LineString", "coordinates": [[112.687056, -7.349507899999999], [112.6872145, -7.3495232], [112.68722759999999, -7.3495271], [112.687236, -7.349533500000001], [112.6872407, -7.349540799999998], [112.6872428, -7.3495501], [112.68724429999999, -7.3496287], [112.687294, -7.350050700000001], [112.6873027, -7.3501498000000005]]}}, {"type": "Feature", "properties": {"layer": "osm_road", "stroke": "#999999"}, "geometry": {"type": "LineString", "coordinates": [[112.68777039999999, -7.350384499999998], [112.68776449999999, -7.3503674], [112.6876943, -7.349934000000001], [112.68768389999998, -7.3498492], [112.68767249999999, -7.349772000000001], [112.68765469999998, -7.3496902], [112.68762689999998, -7.3496188], [112.6876031, -7.3495855], [112.68757529999999, -7.349564600000003], [112.6875498, -7.3495582], [112.68749079999999, -7.3495552]]}}, {"type": "Feature", "properties": {"layer": "osm_road", "stroke": "#999999"}, "geometry": {"type": "LineString", "coordinates": [[112.68942679999999, -7.350183000000001], [112.68926339999999, -7.350312800000001]]}}, {"type": "Feature", "properties": {"layer": "osm_road", "stroke": "#999999"}, "geometry": {"type": "LineString", "coordinates": [[112.6889735, -7.350183000000001], [112.68900319999999, -7.350220899999997], [112.6892935, -7.350044], [112.6894646, -7.349901699999998]]}}, {"type": "Feature", "properties": {"layer": "osm_road", "stroke": "#999999"}, "geometry": {"type": "LineString", "coordinates": [[112.6896664, -7.350103899999998], [112.68953059999998, -7.350178399999998], [112.68947589999999, -7.350194], [112.68945049999999, -7.3501937999999996], [112.68943669999999, -7.350188999999999], [112.68942679999999, -7.350183000000001], [112.6893804, -7.3501515], [112.6892935, -7.350044], [112.68924519999999, -7.349995000000002], [112.68922849999998, -7.3499754]]}}, {"type": "Feature", "properties": {"layer": "osm_road", "stroke": "#999999"}, "geometry": {"type": "LineString", "coordinates": [[112.68970189999999, -7.3494508000000005], [112.68976489999999, -7.3494575], [112.6900144, -7.3494893999999995], [112.6902895, -7.349515999999999], [112.69030519999998, -7.349514199999999], [112.6903256, -7.34951], [112.69033730000001, -7.349503900000001], [112.690351, -7.3494961], [112.6904261, -7.349416299999999], [112.690481, -7.3493172], [112.69066299999999, -7.348961799999997]]}}, {"type": "Feature", "properties": {"layer": "osm_road", "stroke": "#999999"}, "geometry": {"type": "LineString", "coordinates": [[112.68913339999999, -7.3513701], [112.68912519999999, -7.350461700000002]]}}, {"type": "Feature", "properties": {"layer": "osm_road", "stroke": "#999999"}, "geometry": {"type": "LineString", "coordinates": [[112.68721810000001, -7.350567000000001], [112.6872271, -7.350601299999999]]}}, {"type": "Feature", "properties": {"layer": "osm_road", "stroke": "#999999"}, "geometry": {"type": "LineString", "coordinates": [[112.6871967, -7.350480899999998], [112.68721810000001, -7.350567000000001]]}}, {"type": "Feature", "properties": {"layer": "osm_road", "stroke": "#999999"}, "geometry": {"type": "LineString", "coordinates": [[112.68719320000001, -7.350464800000001], [112.6871967, -7.350480899999998]]}}, {"type": "Feature", "properties": {"layer": "osm_road", "stroke": "#999999"}, "geometry": {"type": "LineString", "coordinates": [[112.6868256, -7.3492599], [112.6867661, -7.3497045], [112.6867659, -7.3497132], [112.68676859999998, -7.349718899999997], [112.6867743, -7.3497227], [112.68678269999998, -7.349724699999999], [112.68706209999999, -7.3497509999999995]]}}, {"type": "Feature", "properties": {"layer": "osm_road", "stroke": "#999999"}, "geometry": {"type": "LineString", "coordinates": [[112.68707119999999, -7.349290000000002], [112.687056, -7.349507899999999], [112.68706209999999, -7.3497509999999995], [112.6870894, -7.350122499999999], [112.68719320000001, -7.350464800000001]]}}, {"type": "Feature", "properties": {"layer": "osm_road", "stroke": "#999999"}, "geometry": {"type": "LineString", "coordinates": [[112.6892154, -7.3499609], [112.6891487, -7.349880400000001]]}}, {"type": "Feature", "properties": {"layer": "osm_road", "stroke": "#999999"}, "geometry": {"type": "LineString", "coordinates": [[112.6892216, -7.349967799999998], [112.6892154, -7.3499609]]}}, {"type": "Feature", "properties": {"layer": "osm_road", "stroke": "#999999"}, "geometry": {"type": "LineString", "coordinates": [[112.68898839999999, -7.3496663], [112.6891524, -7.349548600000001], [112.68916079999998, -7.349537599999999], [112.6891651, -7.349521300000003], [112.6891611, -7.349504999999998], [112.6891568, -7.349493100000001], [112.68907159999999, -7.349368400000001]]}}, {"type": "Feature", "properties": {"layer": "osm_road", "stroke": "#999999"}, "geometry": {"type": "LineString", "coordinates": [[112.68842850000001, -7.3495425999999995], [112.68867999999999, -7.349307200000001]]}}, {"type": "Feature", "properties": {"layer": "osm_road", "stroke": "#999999"}, "geometry": {"type": "LineString", "coordinates": [[112.68867259999999, -7.3498218999999985], [112.6886512, -7.3497993], [112.6886304, -7.349773999999999], [112.68842850000001, -7.3495425999999995], [112.6883927, -7.349500399999998], [112.68834770000001, -7.349432499999999], [112.6883212, -7.3493717], [112.6882938, -7.349291900000001]]}}, {"type": "Feature", "properties": {"layer": "osm_road", "stroke": "#999999"}, "geometry": {"type": "LineString", "coordinates": [[112.6863348, -7.3507468], [112.6863374, -7.350767399999999]]}}, {"type": "Feature", "properties": {"layer": "osm_road", "stroke": "#999999"}, "geometry": {"type": "LineString", "coordinates": [[112.6863272, -7.350670000000001], [112.6863348, -7.3507468]]}}, {"type": "Feature", "properties": {"layer": "osm_road", "stroke": "#999999"}, "geometry": {"type": "LineString", "coordinates": [[112.68814689999999, -7.3503593], [112.6881449, -7.350343999999998]]}}, {"type": "Feature", "properties": {"layer": "osm_road", "stroke": "#999999"}, "geometry": {"type": "LineString", "coordinates": [[112.6881536, -7.3504085], [112.68814689999999, -7.3503593]]}}, {"type": "Feature", "properties": {"layer": "osm_road", "stroke": "#999999"}, "geometry": {"type": "LineString", "coordinates": [[112.6881609, -7.350457900000001], [112.6881536, -7.3504085]]}}, {"type": "Feature", "properties": {"layer": "osm_road", "stroke": "#999999"}, "geometry": {"type": "LineString", "coordinates": [[112.68843119999998, -7.3502941], [112.68842179999999, -7.350274799999998]]}}, {"type": "Feature", "properties": {"layer": "osm_road", "stroke": "#999999"}, "geometry": {"type": "LineString", "coordinates": [[112.68845469999998, -7.3503493], [112.68843119999998, -7.3502941]]}}, {"type": "Feature", "properties": {"layer": "osm_road", "stroke": "#999999"}, "geometry": {"type": "LineString", "coordinates": [[112.68846990000002, -7.3503786], [112.68845469999998, -7.3503493]]}}, {"type": "Feature", "properties": {"layer": "osm_road", "stroke": "#999999"}, "geometry": {"type": "LineString", "coordinates": [[112.68880469999999, -7.350137800000001], [112.68879199999999, -7.350119199999998]]}}, {"type": "Feature", "properties": {"layer": "osm_road", "stroke": "#999999"}, "geometry": {"type": "LineString", "coordinates": [[112.68884429999999, -7.3501877], [112.68880469999999, -7.350137800000001]]}}, {"type": "Feature", "properties": {"layer": "osm_road", "stroke": "#999999"}, "geometry": {"type": "LineString", "coordinates": [[112.6888708, -7.35021], [112.68884429999999, -7.3501877]]}}, {"type": "Feature", "properties": {"layer": "osm_road", "stroke": "#999999"}, "geometry": {"type": "LineString", "coordinates": [[112.6642968, -7.353265599999999], [112.66429470000001, -7.3532296000000015]]}}, {"type": "Feature", "properties": {"layer": "osm_road", "stroke": "#999999"}, "geometry": {"type": "LineString", "coordinates": [[112.664575, -7.349679600000001], [112.664583, -7.349536000000001]]}}, {"type": "Feature", "properties": {"layer": "osm_road", "stroke": "#999999"}, "geometry": {"type": "LineString", "coordinates": [[112.6694251, -7.349337799999999], [112.6693738, -7.3496853], [112.669356, -7.349936299999999], [112.66934059999998, -7.350244199999999], [112.6693386, -7.350271499999998]]}}, {"type": "Feature", "properties": {"layer": "osm_road", "stroke": "#999999"}, "geometry": {"type": "LineString", "coordinates": [[112.6663825, -7.3489594], [112.6664111, -7.348946099999999], [112.66648449999998, -7.348911], [112.66652029999999, -7.3488942]]}}, {"type": "Feature", "properties": {"layer": "osm_road", "stroke": "#999999"}, "geometry": {"type": "LineString", "coordinates": [[112.669004, -7.3515164], [112.66899379999998, -7.3516325999999985], [112.6689865, -7.351760499999999]]}}, {"type": "Feature", "properties": {"layer": "osm_road", "stroke": "#999999"}, "geometry": {"type": "LineString", "coordinates": [[112.67503459999999, -7.3534128], [112.67461719999999, -7.353413800000001], [112.674122, -7.3534088], [112.6735047, -7.3534052], [112.6728134, -7.353401200000001], [112.6724714, -7.353391899999999], [112.672179, -7.353383799999999], [112.6718384, -7.3533633], [112.67161879999999, -7.353360299999999], [112.6713891, -7.353350000000002], [112.67125, -7.353355599999999], [112.67108129999998, -7.3533506], [112.67078089999998, -7.353323400000001], [112.6706425, -7.353306699999998], [112.6705134, -7.353290100000001], [112.6703122, -7.3532768000000015], [112.67011169999999, -7.353274800000002], [112.66976099999998, -7.353278099999999], [112.66890669999998, -7.3532797], [112.66867539999998, -7.353285499999999], [112.66852329999999, -7.353225400000001], [112.66851459999998, -7.353200599999998], [112.668525, -7.3531556], [112.6685567, -7.353052699999999], [112.6685815, -7.352971599999999], [112.6685996, -7.352883099999999], [112.66861639999999, -7.352738799999999]]}}, {"type": "Feature", "properties": {"layer": "osm_road", "stroke": "#999999"}, "geometry": {"type": "LineString", "coordinates": [[112.66777419999998, -7.353259899999999], [112.6678908, -7.353235500000002], [112.66790519999999, -7.3532239], [112.66790639999999, -7.3532012999999985], [112.6678999, -7.3531550999999995], [112.6678476, -7.352778999999998]]}}, {"type": "Feature", "properties": {"layer": "osm_road", "stroke": "#999999"}, "geometry": {"type": "LineString", "coordinates": [[112.6666202, -7.3534743], [112.6666041, -7.3529862]]}}, {"type": "Feature", "properties": {"layer": "osm_road", "stroke": "#999999"}, "geometry": {"type": "LineString", "coordinates": [[112.66396169999999, -7.3533625], [112.6639889, -7.3535515], [112.66400029999998, -7.353576100000001], [112.6640264, -7.353587400000001], [112.6640734, -7.353587400000001]]}}, {"type": "Feature", "properties": {"layer": "osm_road", "stroke": "#999999"}, "geometry": {"type": "LineString", "coordinates": [[112.66378499999999, -7.353792199999998], [112.66381339999998, -7.353333300000001]]}}, {"type": "Feature", "properties": {"layer": "osm_road", "stroke": "#999999"}, "geometry": {"type": "LineString", "coordinates": [[112.66405529999999, -7.349331199999999], [112.6635792, -7.349331099999998], [112.663249, -7.3493385]]}}, {"type": "Feature", "properties": {"layer": "osm_road", "stroke": "#999999"}, "geometry": {"type": "LineString", "coordinates": [[112.6684459, -7.347403800000001], [112.6684193, -7.3478946], [112.66841859999998, -7.348054199999999]]}}, {"type": "Feature", "properties": {"layer": "osm_road", "stroke": "#999999"}, "geometry": {"type": "LineString", "coordinates": [[112.66455619999999, -7.3482857], [112.6646085, -7.347724400000001], [112.66453209999999, -7.3476126], [112.6645032, -7.347591399999998], [112.66444629999998, -7.347556099999999], [112.66436169999999, -7.347532200000001], [112.664235, -7.347516200000001]]}}, {"type": "Feature", "properties": {"layer": "osm_road", "stroke": "#999999"}, "geometry": {"type": "LineString", "coordinates": [[112.6681705, -7.349193799999998], [112.66813069999999, -7.349412900000001], [112.66812939999998, -7.349455500000001], [112.66813429999999, -7.349481400000001], [112.6681465, -7.349504299999999], [112.66819239999998, -7.349527300000001], [112.6683856, -7.349564900000001]]}}, {"type": "Feature", "properties": {"layer": "osm_road", "stroke": "#999999"}, "geometry": {"type": "LineString", "coordinates": [[112.6642933, -7.350288800000003], [112.66425859999998, -7.3509288]]}}, {"type": "Feature", "properties": {"layer": "osm_road", "stroke": "#999999"}, "geometry": {"type": "LineString", "coordinates": [[112.66581549999998, -7.351924800000001], [112.66578469999999, -7.3520033], [112.66578869999998, -7.352079099999999], [112.66580749999999, -7.3521202999999975], [112.6658718, -7.352128199999998], [112.66592279999999, -7.3521216], [112.6660234, -7.352092400000001], [112.6660623, -7.352046499999998], [112.6660857, -7.352000599999998], [112.66609409999998, -7.351921099999999]]}}, {"type": "Feature", "properties": {"layer": "osm_road", "stroke": "#999999"}, "geometry": {"type": "LineString", "coordinates": [[112.6646551, -7.353026099999997], [112.6646796, -7.352592499999999]]}}, {"type": "Feature", "properties": {"layer": "osm_road", "stroke": "#999999"}, "geometry": {"type": "LineString", "coordinates": [[112.6695989, -7.352550999999999], [112.66960159999998, -7.352685300000001]]}}, {"type": "Feature", "properties": {"layer": "osm_road", "stroke": "#999999"}, "geometry": {"type": "LineString", "coordinates": [[112.66960159999998, -7.352685300000001], [112.66960209999999, -7.352721499999999]]}}, {"type": "Feature", "properties": {"layer": "osm_road", "stroke": "#999999"}, "geometry": {"type": "LineString", "coordinates": [[112.6695981, -7.352531300000001], [112.6695989, -7.352550999999999]]}}, {"type": "Feature", "properties": {"layer": "osm_road", "stroke": "#999999"}, "geometry": {"type": "LineString", "coordinates": [[112.66898559999998, -7.3525624], [112.6689847, -7.352704000000001]]}}, {"type": "Feature", "properties": {"layer": "osm_road", "stroke": "#999999"}, "geometry": {"type": "LineString", "coordinates": [[112.6689847, -7.352704000000001], [112.6689842, -7.3527290999999995]]}}, {"type": "Feature", "properties": {"layer": "osm_road", "stroke": "#999999"}, "geometry": {"type": "LineString", "coordinates": [[112.66898539999998, -7.352542400000001], [112.66898559999998, -7.3525624]]}}, {"type": "Feature", "properties": {"layer": "osm_road", "stroke": "#999999"}, "geometry": {"type": "LineString", "coordinates": [[112.6682279, -7.3525923], [112.6682297, -7.352722899999999]]}}, {"type": "Feature", "properties": {"layer": "osm_road", "stroke": "#999999"}, "geometry": {"type": "LineString", "coordinates": [[112.6682297, -7.352722899999999], [112.66822779999998, -7.3527561]]}}, {"type": "Feature", "properties": {"layer": "osm_road", "stroke": "#999999"}, "geometry": {"type": "LineString", "coordinates": [[112.66822779999998, -7.3525735], [112.6682279, -7.3525923]]}}, {"type": "Feature", "properties": {"layer": "osm_road", "stroke": "#999999"}, "geometry": {"type": "LineString", "coordinates": [[112.66757519999999, -7.3526501], [112.6675785, -7.352776500000002]]}}, {"type": "Feature", "properties": {"layer": "osm_road", "stroke": "#999999"}, "geometry": {"type": "LineString", "coordinates": [[112.6675785, -7.352776500000002], [112.6675809, -7.352796200000003]]}}, {"type": "Feature", "properties": {"layer": "osm_road", "stroke": "#999999"}, "geometry": {"type": "LineString", "coordinates": [[112.667575, -7.3526264], [112.66757519999999, -7.3526501]]}}, {"type": "Feature", "properties": {"layer": "osm_road", "stroke": "#999999"}, "geometry": {"type": "LineString", "coordinates": [[112.66574119999999, -7.352918799999999], [112.665752, -7.3530451]]}}, {"type": "Feature", "properties": {"layer": "osm_road", "stroke": "#999999"}, "geometry": {"type": "LineString", "coordinates": [[112.665752, -7.3530451], [112.66575329999999, -7.3530639]]}}, {"type": "Feature", "properties": {"layer": "osm_road", "stroke": "#999999"}, "geometry": {"type": "LineString", "coordinates": [[112.66573719999998, -7.3528775], [112.66574119999999, -7.352918799999999]]}}, {"type": "Feature", "properties": {"layer": "osm_road", "stroke": "#999999"}, "geometry": {"type": "LineString", "coordinates": [[112.6663104, -7.352936999999998], [112.6663218, -7.3529859]]}}, {"type": "Feature", "properties": {"layer": "osm_road", "stroke": "#999999"}, "geometry": {"type": "LineString", "coordinates": [[112.6662882, -7.352807300000001], [112.6663104, -7.352936999999998]]}}, {"type": "Feature", "properties": {"layer": "osm_road", "stroke": "#999999"}, "geometry": {"type": "LineString", "coordinates": [[112.665322, -7.352974200000002], [112.6653327, -7.3531005999999985]]}}, {"type": "Feature", "properties": {"layer": "osm_road", "stroke": "#999999"}, "geometry": {"type": "LineString", "coordinates": [[112.6653327, -7.3531005999999985], [112.66533369999999, -7.353121000000001]]}}, {"type": "Feature", "properties": {"layer": "osm_road", "stroke": "#999999"}, "geometry": {"type": "LineString", "coordinates": [[112.6653166, -7.352938300000001], [112.665322, -7.352974200000002]]}}, {"type": "Feature", "properties": {"layer": "osm_road", "stroke": "#999999"}, "geometry": {"type": "LineString", "coordinates": [[112.664284, -7.353099899999999], [112.66429470000001, -7.3532296000000015]]}}, {"type": "Feature", "properties": {"layer": "osm_road", "stroke": "#999999"}, "geometry": {"type": "LineString", "coordinates": [[112.6642809, -7.3530735000000025], [112.664284, -7.353099899999999]]}}, {"type": "Feature", "properties": {"layer": "osm_road", "stroke": "#999999"}, "geometry": {"type": "LineString", "coordinates": [[112.66360539999998, -7.353309399999999], [112.6636201, -7.3533559]]}}, {"type": "Feature", "properties": {"layer": "osm_road", "stroke": "#999999"}, "geometry": {"type": "LineString", "coordinates": [[112.66358729999999, -7.353190399999999], [112.66360539999998, -7.353309399999999]]}}, {"type": "Feature", "properties": {"layer": "osm_road", "stroke": "#999999"}, "geometry": {"type": "LineString", "coordinates": [[112.6635826, -7.353151100000001], [112.66358729999999, -7.353190399999999]]}}, {"type": "Feature", "properties": {"layer": "osm_road", "stroke": "#999999"}, "geometry": {"type": "LineString", "coordinates": [[112.6662042, -7.351920300000001], [112.66628550000001, -7.352792499999998]]}}, {"type": "Feature", "properties": {"layer": "osm_road", "stroke": "#999999"}, "geometry": {"type": "LineString", "coordinates": [[112.6666282, -7.3497634], [112.6666456, -7.3498166], [112.6666765, -7.349828600000001], [112.6667275, -7.349829900000002], [112.66683269999999, -7.3497993]]}}, {"type": "Feature", "properties": {"layer": "osm_road", "stroke": "#999999"}, "geometry": {"type": "LineString", "coordinates": [[112.66455619999999, -7.3482857], [112.66459379999999, -7.349014599999999], [112.664583, -7.349536000000001], [112.66484049999998, -7.349602499999999], [112.6648653, -7.3496197], [112.6648807, -7.349650299999999], [112.6649103, -7.350325999999998], [112.66493169999998, -7.350758300000002]]}}, {"type": "Feature", "properties": {"layer": "osm_road", "stroke": "#999999"}, "geometry": {"type": "LineString", "coordinates": [[112.6684193, -7.3478946], [112.66835089999998, -7.3478866999999966], [112.6679391, -7.3478654], [112.66777549999999, -7.347863400000001], [112.6676553, -7.347866400000002]]}}, {"type": "Feature", "properties": {"layer": "osm_road", "stroke": "#999999"}, "geometry": {"type": "LineString", "coordinates": [[112.6952138, -7.3514645], [112.6950717, -7.351423400000001], [112.6949175, -7.3513848], [112.69490269999999, -7.3513828], [112.69489209999999, -7.351387399999998]]}}, {"type": "Feature", "properties": {"layer": "osm_road", "stroke": "#999999"}, "geometry": {"type": "LineString", "coordinates": [[112.69372719999998, -7.347131100000003], [112.6939344, -7.347171100000001], [112.69406589999998, -7.3472162999999995], [112.69410339999999, -7.347232199999998]]}}, {"type": "Feature", "properties": {"layer": "osm_road", "stroke": "#999999"}, "geometry": {"type": "LineString", "coordinates": [[112.6927634, -7.347681699999999], [112.6930243, -7.347781699999998], [112.6931861, -7.347835900000002]]}}, {"type": "Feature", "properties": {"layer": "osm_road", "stroke": "#999999"}, "geometry": {"type": "LineString", "coordinates": [[112.6937386, -7.347628600000001], [112.69331079999999, -7.347526199999999], [112.6931848, -7.347487599999997], [112.6930667, -7.3474384], [112.69294199999999, -7.347395900000002], [112.69285099999999, -7.347368499999998]]}}, {"type": "Feature", "properties": {"layer": "osm_road", "stroke": "#999999"}, "geometry": {"type": "LineString", "coordinates": [[112.69263249999999, -7.348319899999998], [112.6925993, -7.3483422]]}}, {"type": "Feature", "properties": {"layer": "osm_road", "stroke": "#999999"}, "geometry": {"type": "LineString", "coordinates": [[112.6928819, -7.3481885999999985], [112.692828, -7.348099500000002], [112.69281459999999, -7.348075500000001], [112.69278649999998, -7.348035600000001], [112.69274889999998, -7.347997], [112.6926876, -7.3479297]]}}, {"type": "Feature", "properties": {"layer": "osm_road", "stroke": "#999999"}, "geometry": {"type": "LineString", "coordinates": [[112.6937386, -7.347628600000001], [112.69371579999999, -7.3475409], [112.6937038, -7.347326000000002], [112.69372719999998, -7.347131100000003], [112.69338389999999, -7.3470553], [112.69332089999999, -7.347040699999999], [112.6932599, -7.347019399999999], [112.69319419999998, -7.346991500000002], [112.69312179999999, -7.346938300000001]]}}, {"type": "Feature", "properties": {"layer": "osm_road", "stroke": "#999999"}, "geometry": {"type": "LineString", "coordinates": [[112.69447859999998, -7.349692900000001], [112.69439200000001, -7.3496757], [112.69437369999999, -7.3496703], [112.6943596, -7.3496477], [112.6943583, -7.349431499999999], [112.6943454, -7.349416500000001], [112.69432519999998, -7.349412600000003], [112.69412160000002, -7.349392]]}}, {"type": "Feature", "properties": {"layer": "osm_road", "stroke": "#999999"}, "geometry": {"type": "LineString", "coordinates": [[112.69207130000001, -7.349861100000001], [112.69198309999999, -7.3497075]]}}, {"type": "Feature", "properties": {"layer": "osm_road", "stroke": "#999999"}, "geometry": {"type": "LineString", "coordinates": [[112.6937493, -7.3497834], [112.6936501, -7.3495971]]}}, {"type": "Feature", "properties": {"layer": "osm_road", "stroke": "#999999"}, "geometry": {"type": "LineString", "coordinates": [[112.69462119999999, -7.350990400000001], [112.6944635, -7.3509778], [112.6944424, -7.3509747999999995], [112.69442399999998, -7.350967099999999], [112.6944072, -7.350957099999998], [112.69438699999999, -7.350948499999999], [112.69436359999999, -7.350937799999999], [112.694025, -7.350856699999999]]}}, {"type": "Feature", "properties": {"layer": "osm_road", "stroke": "#999999"}, "geometry": {"type": "LineString", "coordinates": [[112.69608359999998, -7.349650800000001], [112.69617549999998, -7.3496636], [112.69625049999999, -7.3496782000000005], [112.69629609999998, -7.349700900000002], [112.6965362, -7.349871099999999], [112.6966381, -7.349927], [112.6967561, -7.349977499999998], [112.6968728, -7.350034700000001], [112.69688259999998, -7.350039999999998]]}}, {"type": "Feature", "properties": {"layer": "osm_road", "stroke": "#999999"}, "geometry": {"type": "LineString", "coordinates": [[112.6952138, -7.3514645], [112.6952621, -7.351366100000001], [112.6952795, -7.3513449], [112.69531039999998, -7.3513209], [112.6953762, -7.3512822999999985], [112.6953922, -7.3512664], [112.6954164, -7.351239799999999], [112.69547799999998, -7.351097500000001], [112.69559339999999, -7.3508501]]}}, {"type": "Feature", "properties": {"layer": "osm_road", "stroke": "#999999"}, "geometry": {"type": "LineString", "coordinates": [[112.69600009999999, -7.350153], [112.69623579999998, -7.350190399999996], [112.6964544, -7.350222299999999], [112.6965473, -7.350233399999999], [112.6965853, -7.350237999999999], [112.69663480000001, -7.350251600000001], [112.69668300000001, -7.350258500000001], [112.69672509999998, -7.3502569], [112.69674039999998, -7.350257300000001]]}}, {"type": "Feature", "properties": {"layer": "osm_road", "stroke": "#999999"}, "geometry": {"type": "LineString", "coordinates": [[112.6949368, -7.3497384], [112.69447859999998, -7.349692900000001]]}}, {"type": "Feature", "properties": {"layer": "osm_road", "stroke": "#999999"}, "geometry": {"type": "LineString", "coordinates": [[112.6915184, -7.3505503], [112.69162369999998, -7.350529499999999], [112.6917159, -7.350517399999999]]}}, {"type": "Feature", "properties": {"layer": "osm_road", "stroke": "#999999"}, "geometry": {"type": "LineString", "coordinates": [[112.69429049999998, -7.3505600000000015], [112.6943314, -7.3505547999999985], [112.69451639999998, -7.350527900000001]]}}, {"type": "Feature", "properties": {"layer": "osm_road", "stroke": "#999999"}, "geometry": {"type": "LineString", "coordinates": [[112.69445979999999, -7.3502956], [112.69494289999999, -7.350435100000001], [112.6951767, -7.350502600000002], [112.69542869999998, -7.350566700000001], [112.69570419999998, -7.3506735999999995], [112.6957959, -7.3507117], [112.69589499999998, -7.3507524]]}}, {"type": "Feature", "properties": {"layer": "osm_road", "stroke": "#999999"}, "geometry": {"type": "LineString", "coordinates": [[112.6944402, -7.3499853], [112.69523799999999, -7.350169099999998], [112.6957428, -7.350304499999999]]}}, {"type": "Feature", "properties": {"layer": "osm_road", "stroke": "#999999"}, "geometry": {"type": "LineString", "coordinates": [[112.6949368, -7.3497384], [112.69493029999998, -7.349807299999999], [112.6949339, -7.349823600000001], [112.694943, -7.349833899999998], [112.69580259999998, -7.350046700000001], [112.69582809999999, -7.350057299999999], [112.69583609999998, -7.3500706], [112.6958455, -7.350087899999999], [112.6958576, -7.3500971999999996], [112.6958871, -7.3501106], [112.69600009999999, -7.350153]]}}, {"type": "Feature", "properties": {"layer": "osm_road", "stroke": "#999999"}, "geometry": {"type": "LineString", "coordinates": [[112.6925982, -7.3499856999999995], [112.69281739999998, -7.350432699999999]]}}, {"type": "Feature", "properties": {"layer": "osm_road", "stroke": "#999999"}, "geometry": {"type": "LineString", "coordinates": [[112.69153459999998, -7.348198300000002], [112.6917484, -7.348200500000001], [112.6920998, -7.3482298]]}}, {"type": "Feature", "properties": {"layer": "osm_road", "stroke": "#999999"}, "geometry": {"type": "LineString", "coordinates": [[112.6923318, -7.349589100000002], [112.6924786, -7.3494981], [112.69273609999999, -7.349372400000001]]}}, {"type": "Feature", "properties": {"layer": "osm_road", "stroke": "#999999"}, "geometry": {"type": "LineString", "coordinates": [[112.69238789999999, -7.3497015], [112.69233989999998, -7.349609100000001], [112.6923318, -7.349589100000002], [112.6923097, -7.349570499999996], [112.6922027, -7.3494864], [112.69218899999998, -7.3494685], [112.69218029999999, -7.349447799999998], [112.6921796, -7.349426199999999], [112.69218629999999, -7.349407299999998], [112.692417, -7.348957399999998], [112.6925099, -7.348776099999999], [112.6926201, -7.3484852], [112.69262689999998, -7.348441300000002], [112.69263089999998, -7.348394699999998], [112.69263089999998, -7.3483602], [112.69263249999999, -7.348319899999998]]}}, {"type": "Feature", "properties": {"layer": "osm_road", "stroke": "#999999"}, "geometry": {"type": "LineString", "coordinates": [[112.69953149999999, -7.3498366], [112.69933639999999, -7.349906999999997], [112.69916339999999, -7.3499523], [112.69907619999998, -7.349976199999999], [112.69899039999999, -7.349986200000002], [112.6989079, -7.349999499999999], [112.69880469999998, -7.350038099999996], [112.6985719, -7.350133800000001]]}}, {"type": "Feature", "properties": {"layer": "osm_road", "stroke": "#999999"}, "geometry": {"type": "LineString", "coordinates": [[112.69604619999998, -7.349916699999999], [112.69619819999998, -7.349941599999999], [112.69638059999998, -7.3499642000000005]]}}, {"type": "Feature", "properties": {"layer": "osm_road", "stroke": "#999999"}, "geometry": {"type": "LineString", "coordinates": [[112.69677309999999, -7.3503642], [112.69684859999998, -7.350401199999999], [112.6970116, -7.3505215], [112.69743610000002, -7.350874000000003]]}}, {"type": "Feature", "properties": {"layer": "osm_road", "stroke": "#999999"}, "geometry": {"type": "LineString", "coordinates": [[112.69810499999998, -7.349122799999999], [112.69820850000002, -7.3492087999999995], [112.6984607, -7.349405599999997]]}}, {"type": "Feature", "properties": {"layer": "osm_road", "stroke": "#999999"}, "geometry": {"type": "LineString", "coordinates": [[112.6966381, -7.350103199999999], [112.6965853, -7.350237999999999]]}}, {"type": "Feature", "properties": {"layer": "osm_road", "stroke": "#999999"}, "geometry": {"type": "LineString", "coordinates": [[112.6982226, -7.349027500000001], [112.69824009999999, -7.349050499999998]]}}, {"type": "Feature", "properties": {"layer": "osm_road", "stroke": "#999999"}, "geometry": {"type": "LineString", "coordinates": [[112.69819239999998, -7.348985], [112.6982226, -7.349027500000001]]}}, {"type": "Feature", "properties": {"layer": "osm_road", "stroke": "#999999"}, "geometry": {"type": "LineString", "coordinates": [[112.69818849999999, -7.348980600000002], [112.69819239999998, -7.348985]]}}, {"type": "Feature", "properties": {"layer": "osm_road", "stroke": "#999999"}, "geometry": {"type": "LineString", "coordinates": [[112.6989032, -7.349465499999999], [112.6988683, -7.3495134], [112.6988268, -7.349559899999998]]}}, {"type": "Feature", "properties": {"layer": "osm_road", "stroke": "#999999"}, "geometry": {"type": "LineString", "coordinates": [[112.6982226, -7.350323700000001], [112.69825279999999, -7.3503004], [112.6983205, -7.3502569], [112.69838389999998, -7.3502156], [112.6984426, -7.350187000000001], [112.6984965, -7.350169399999999], [112.6985719, -7.350133800000001]]}}, {"type": "Feature", "properties": {"layer": "osm_road", "stroke": "#999999"}, "geometry": {"type": "LineString", "coordinates": [[112.69678190000002, -7.350273399999998], [112.69681379999999, -7.3502873]]}}, {"type": "Feature", "properties": {"layer": "osm_road", "stroke": "#999999"}, "geometry": {"type": "LineString", "coordinates": [[112.69674039999998, -7.350257300000001], [112.69678190000002, -7.350273399999998]]}}, {"type": "Feature", "properties": {"layer": "osm_road", "stroke": "#999999"}, "geometry": {"type": "LineString", "coordinates": [[112.69953149999999, -7.3498366], [112.69972549999999, -7.349783299999999], [112.69981179999999, -7.3497435], [112.6999076, -7.349701200000001], [112.7001677, -7.349547400000001], [112.7003885, -7.349444099999998], [112.70053289999998, -7.349367599999998], [112.7007848, -7.349235300000001]]}}, {"type": "Feature", "properties": {"layer": "osm_road", "stroke": "#999999"}, "geometry": {"type": "LineString", "coordinates": [[112.6976503, -7.349338700000001], [112.697663, -7.349354199999998]]}}, {"type": "Feature", "properties": {"layer": "osm_road", "stroke": "#999999"}, "geometry": {"type": "LineString", "coordinates": [[112.6976135, -7.349281799999996], [112.6976191, -7.349289400000001]]}}, {"type": "Feature", "properties": {"layer": "osm_road", "stroke": "#999999"}, "geometry": {"type": "LineString", "coordinates": [[112.6976191, -7.349289400000001], [112.6976503, -7.349338700000001]]}}, {"type": "Feature", "properties": {"layer": "osm_road", "stroke": "#999999"}, "geometry": {"type": "LineString", "coordinates": [[112.69795579999999, -7.3491782], [112.697966, -7.349196799999998]]}}, {"type": "Feature", "properties": {"layer": "osm_road", "stroke": "#999999"}, "geometry": {"type": "LineString", "coordinates": [[112.6979278, -7.3491320999999985], [112.69795579999999, -7.3491782]]}}, {"type": "Feature", "properties": {"layer": "osm_road", "stroke": "#999999"}, "geometry": {"type": "LineString", "coordinates": [[112.6979236, -7.349126299999999], [112.6979278, -7.3491320999999985]]}}, {"type": "Feature", "properties": {"layer": "osm_road", "stroke": "#999999"}, "geometry": {"type": "LineString", "coordinates": [[112.6969206, -7.350061300000002], [112.696935, -7.3500644]]}}, {"type": "Feature", "properties": {"layer": "osm_road", "stroke": "#999999"}, "geometry": {"type": "LineString", "coordinates": [[112.69688259999998, -7.350039999999998], [112.6969206, -7.350061300000002]]}}, {"type": "Feature", "properties": {"layer": "osm_road", "stroke": "#999999"}, "geometry": {"type": "LineString", "coordinates": [[112.6974247, -7.349404899999999], [112.6971933, -7.349574499999999], [112.6969982, -7.349764699999997], [112.6968728, -7.350034700000001], [112.69672509999998, -7.3502569]]}}, {"type": "Feature", "properties": {"layer": "osm_road", "stroke": "#999999"}, "geometry": {"type": "LineString", "coordinates": [[112.6985519, -7.3487994], [112.69856730000001, -7.348816999999999]]}}, {"type": "Feature", "properties": {"layer": "osm_road", "stroke": "#999999"}, "geometry": {"type": "LineString", "coordinates": [[112.69851209999999, -7.348756500000003], [112.6985519, -7.3487994]]}}, {"type": "Feature", "properties": {"layer": "osm_road", "stroke": "#999999"}, "geometry": {"type": "LineString", "coordinates": [[112.6985041, -7.3487492], [112.69851209999999, -7.348756500000003]]}}, {"type": "Feature", "properties": {"layer": "osm_road", "stroke": "#999999"}, "geometry": {"type": "LineString", "coordinates": [[112.69837819999998, -7.3489358], [112.6983859, -7.3489567000000005]]}}, {"type": "Feature", "properties": {"layer": "osm_road", "stroke": "#999999"}, "geometry": {"type": "LineString", "coordinates": [[112.698345, -7.3488922], [112.69837819999998, -7.3489358]]}}, {"type": "Feature", "properties": {"layer": "osm_road", "stroke": "#999999"}, "geometry": {"type": "LineString", "coordinates": [[112.69833799999999, -7.3488847], [112.698345, -7.3488922]]}}, {"type": "Feature", "properties": {"layer": "osm_road", "stroke": "#999999"}, "geometry": {"type": "LineString", "coordinates": [[112.6990829, -7.351557699999997], [112.6990494, -7.3515364000000005], [112.6989864, -7.351496499999997], [112.6983105, -7.350908600000001]]}}, {"type": "Feature", "properties": {"layer": "osm_road", "stroke": "#999999"}, "geometry": {"type": "LineString", "coordinates": [[112.69908839999998, -7.3490883], [112.69937129999998, -7.349375000000001], [112.6995832, -7.349619800000001], [112.69972549999999, -7.349783299999999]]}}, {"type": "Feature", "properties": {"layer": "osm_road", "stroke": "#999999"}, "geometry": {"type": "LineString", "coordinates": [[112.6991406, -7.3489898], [112.698981, -7.348918800000001], [112.6987825, -7.3488204]]}}, {"type": "Feature", "properties": {"layer": "osm_road", "stroke": "#999999"}, "geometry": {"type": "LineString", "coordinates": [[112.69901179999998, -7.349256700000001], [112.6990508, -7.3491569], [112.69908839999998, -7.3490883], [112.6991406, -7.3489898], [112.69918219999998, -7.348957], [112.6991995, -7.348948299999998], [112.69921539999999, -7.348950699999999]]}}, {"type": "Feature", "properties": {"layer": "osm_road", "stroke": "#999999"}, "geometry": {"type": "LineString", "coordinates": [[112.6964223, -7.350845], [112.6964571, -7.3508966000000004], [112.69648789999998, -7.350928499999998], [112.6966622, -7.351088199999999]]}}, {"type": "Feature", "properties": {"layer": "osm_road", "stroke": "#999999"}, "geometry": {"type": "LineString", "coordinates": [[112.69750019999998, -7.3501142999999995], [112.697715, -7.3502542]]}}, {"type": "Feature", "properties": {"layer": "osm_road", "stroke": "#999999"}, "geometry": {"type": "LineString", "coordinates": [[112.6965473, -7.350233399999999], [112.6964664, -7.3503699], [112.6963169, -7.350598000000001], [112.6962948, -7.350624000000002], [112.696282, -7.350615900000001], [112.6961111, -7.350500300000001]]}}, {"type": "Feature", "properties": {"layer": "osm_road", "stroke": "#999999"}, "geometry": {"type": "LineString", "coordinates": [[112.69984469999999, -7.351006999999999], [112.69947319999999, -7.350643900000001], [112.699453, -7.3506160000000005], [112.6994528, -7.350591699999999], [112.6994692, -7.350566700000001], [112.69954569999999, -7.3504111000000005]]}}, {"type": "Feature", "properties": {"layer": "osm_road", "stroke": "#999999"}, "geometry": {"type": "LineString", "coordinates": [[112.7002229, -7.350696499999999], [112.70022149999998, -7.3504377], [112.7002175, -7.3501451]]}}, {"type": "Feature", "properties": {"layer": "osm_road", "stroke": "#999999"}, "geometry": {"type": "LineString", "coordinates": [[112.70028189999998, -7.3508414], [112.7002231, -7.3507396], [112.70019869999999, -7.350704399999999]]}}, {"type": "Feature", "properties": {"layer": "osm_road", "stroke": "#999999"}, "geometry": {"type": "LineString", "coordinates": [[112.69947449999998, -7.351143999999998], [112.6993284, -7.351004400000001], [112.6988737, -7.350482999999998]]}}, {"type": "Feature", "properties": {"layer": "osm_road", "stroke": "#999999"}, "geometry": {"type": "LineString", "coordinates": [[112.69772169999999, -7.350661199999998], [112.69776200000001, -7.3507038], [112.6977982, -7.350741], [112.69759299999998, -7.351129400000002], [112.6974937, -7.351346199999999], [112.6974012, -7.3517306], [112.6972832, -7.352291900000001], [112.69723619999999, -7.352427600000001], [112.6971397, -7.3525446], [112.69692509999999, -7.352713499999999], [112.69686609999998, -7.352726800000001], [112.69681509999998, -7.3527069], [112.6966515, -7.352580500000001]]}}, {"type": "Feature", "properties": {"layer": "osm_road", "stroke": "#999999"}, "geometry": {"type": "LineString", "coordinates": [[112.6999076, -7.349701200000001], [112.6995885, -7.349344399999999], [112.69921539999999, -7.348950699999999]]}}, {"type": "Feature", "properties": {"layer": "osm_road", "stroke": "#999999"}, "geometry": {"type": "LineString", "coordinates": [[112.7001677, -7.349547400000001], [112.7000875, -7.349377], [112.70007639999999, -7.349351100000001], [112.7000727, -7.3493271], [112.70007369999999, -7.349305199999998], [112.70008139999999, -7.3492852], [112.70021619999999, -7.348995000000001], [112.7002772, -7.348868600000001]]}}, {"type": "Feature", "properties": {"layer": "osm_road", "stroke": "#999999"}, "geometry": {"type": "LineString", "coordinates": [[112.6982883, -7.3490199], [112.6984714, -7.349158200000001], [112.6986887, -7.349309800000001], [112.6989032, -7.349465499999999], [112.69895019999998, -7.3493604], [112.69901179999998, -7.349256700000001], [112.6992787, -7.349554599999998], [112.69953149999999, -7.3498366]]}}, {"type": "Feature", "properties": {"layer": "osm_road", "stroke": "#999999"}, "geometry": {"type": "LineString", "coordinates": [[112.69807899999999, -7.3496993], [112.6982454, -7.349873099999999], [112.698407, -7.350016799999999], [112.6985719, -7.350133800000001]]}}, {"type": "Feature", "properties": {"layer": "osm_road", "stroke": "#999999"}, "geometry": {"type": "LineString", "coordinates": [[112.6969016, -7.350120099999998], [112.69719069999998, -7.350295400000001], [112.6972858, -7.3502196], [112.69750019999998, -7.3501142999999995], [112.6977311, -7.349976199999999], [112.69777509999999, -7.349947099999999], [112.69784369999999, -7.3499031], [112.69807899999999, -7.3496993], [112.6980147, -7.3496164]]}}, {"type": "Feature", "properties": {"layer": "osm_road", "stroke": "#999999"}, "geometry": {"type": "LineString", "coordinates": [[112.66987699999999, -7.350256199999999], [112.669874, -7.350331299999998]]}}, {"type": "Feature", "properties": {"layer": "osm_road", "stroke": "#999999"}, "geometry": {"type": "LineString", "coordinates": [[112.67062689999999, -7.3524992000000005], [112.6706252, -7.3525209]]}}, {"type": "Feature", "properties": {"layer": "osm_road", "stroke": "#999999"}, "geometry": {"type": "LineString", "coordinates": [[112.67061990000002, -7.3526587], [112.670617, -7.3526956000000006]]}}, {"type": "Feature", "properties": {"layer": "osm_road", "stroke": "#999999"}, "geometry": {"type": "LineString", "coordinates": [[112.6706252, -7.3525209], [112.67061990000002, -7.3526587]]}}, {"type": "Feature", "properties": {"layer": "osm_road", "stroke": "#999999"}, "geometry": {"type": "LineString", "coordinates": [[112.674874, -7.3487991], [112.67494439999999, -7.3488204], [112.6749558, -7.348830300000002], [112.67496249999999, -7.348841599999999], [112.67496920000002, -7.348864300000002], [112.674982, -7.3488762], [112.6754337, -7.349001199999998]]}}, {"type": "Feature", "properties": {"layer": "osm_road", "stroke": "#999999"}, "geometry": {"type": "LineString", "coordinates": [[112.6743047, -7.349603799999998], [112.67379099999998, -7.349594499999998]]}}, {"type": "Feature", "properties": {"layer": "osm_road", "stroke": "#999999"}, "geometry": {"type": "LineString", "coordinates": [[112.6727611, -7.3497354999999995], [112.67296729999998, -7.3497368000000005], [112.67300379999999, -7.3497368000000005]]}}, {"type": "Feature", "properties": {"layer": "osm_road", "stroke": "#999999"}, "geometry": {"type": "LineString", "coordinates": [[112.67314199999998, -7.348463900000001], [112.67315129999999, -7.349113], [112.67315269999999, -7.349570499999996], [112.6731285, -7.349615799999999], [112.67307219999998, -7.3496849], [112.67300379999999, -7.3497368000000005], [112.67303969999999, -7.349777699999998], [112.67310039999998, -7.349864799999996], [112.67313390000001, -7.349976299999998]]}}, {"type": "Feature", "properties": {"layer": "osm_road", "stroke": "#999999"}, "geometry": {"type": "LineString", "coordinates": [[112.67212469999998, -7.3496231], [112.6721529, -7.3498509000000025], [112.6721502, -7.349871099999999], [112.67214349999999, -7.349888100000001], [112.67211329999999, -7.3499057], [112.6720369, -7.349933599999998], [112.67201679999998, -7.349941999999999], [112.6720111, -7.349953900000001], [112.67200670000001, -7.349976499999999], [112.6720047, -7.350040700000003], [112.6720027, -7.350065299999999]]}}, {"type": "Feature", "properties": {"layer": "osm_road", "stroke": "#999999"}, "geometry": {"type": "LineString", "coordinates": [[112.67136769999999, -7.350202300000001], [112.6713663, -7.3503127]]}}, {"type": "Feature", "properties": {"layer": "osm_road", "stroke": "#999999"}, "geometry": {"type": "LineString", "coordinates": [[112.6759368, -7.353139499999999], [112.6759147, -7.353165699999999], [112.6758812, -7.3531817], [112.67562429999998, -7.3531884], [112.67559149999998, -7.3531737], [112.6755788, -7.353135199999998], [112.67561359999999, -7.352773399999999], [112.67562839999998, -7.352736100000001], [112.67564979999999, -7.352719499999998], [112.67592329999998, -7.3527047]]}}, {"type": "Feature", "properties": {"layer": "osm_road", "stroke": "#999999"}, "geometry": {"type": "LineString", "coordinates": [[112.67458669999999, -7.3559003999999995], [112.67459409999998, -7.355858], [112.67473739999998, -7.355031199999999], [112.67475119999999, -7.3549679], [112.67481259999998, -7.3546537999999995], [112.67483579999998, -7.354521900000002], [112.6748706, -7.354324299999999]]}}, {"type": "Feature", "properties": {"layer": "osm_road", "stroke": "#999999"}, "geometry": {"type": "LineString", "coordinates": [[112.6702881, -7.3525288999999985], [112.67029339999999, -7.352667300000003]]}}, {"type": "Feature", "properties": {"layer": "osm_road", "stroke": "#999999"}, "geometry": {"type": "LineString", "coordinates": [[112.67029339999999, -7.352667300000003], [112.6702928, -7.352703499999999]]}}, {"type": "Feature", "properties": {"layer": "osm_road", "stroke": "#999999"}, "geometry": {"type": "LineString", "coordinates": [[112.6702871, -7.352505599999998], [112.6702881, -7.3525288999999985]]}}, {"type": "Feature", "properties": {"layer": "osm_road", "stroke": "#999999"}, "geometry": {"type": "LineString", "coordinates": [[112.6711457, -7.352651699999999], [112.6711602, -7.352519599999999]]}}, {"type": "Feature", "properties": {"layer": "osm_road", "stroke": "#999999"}, "geometry": {"type": "LineString", "coordinates": [[112.6711602, -7.352519599999999], [112.67116120000001, -7.352500900000001]]}}, {"type": "Feature", "properties": {"layer": "osm_road", "stroke": "#999999"}, "geometry": {"type": "LineString", "coordinates": [[112.671141, -7.352679600000001], [112.6711457, -7.352651699999999]]}}, {"type": "Feature", "properties": {"layer": "osm_road", "stroke": "#999999"}, "geometry": {"type": "LineString", "coordinates": [[112.6740187, -7.352539299999999], [112.67401159999999, -7.3526726]]}}, {"type": "Feature", "properties": {"layer": "osm_road", "stroke": "#999999"}, "geometry": {"type": "LineString", "coordinates": [[112.67401159999999, -7.3526726], [112.67400929999998, -7.352701200000001]]}}, {"type": "Feature", "properties": {"layer": "osm_road", "stroke": "#999999"}, "geometry": {"type": "LineString", "coordinates": [[112.6740197, -7.352514], [112.6740187, -7.352539299999999]]}}, {"type": "Feature", "properties": {"layer": "osm_road", "stroke": "#999999"}, "geometry": {"type": "LineString", "coordinates": [[112.67257799999999, -7.3526617000000005], [112.67257839999999, -7.352697599999998]]}}, {"type": "Feature", "properties": {"layer": "osm_road", "stroke": "#999999"}, "geometry": {"type": "LineString", "coordinates": [[112.6725746, -7.352527300000001], [112.67257799999999, -7.3526617000000005]]}}, {"type": "Feature", "properties": {"layer": "osm_road", "stroke": "#999999"}, "geometry": {"type": "LineString", "coordinates": [[112.6725737, -7.3525136999999985], [112.6725746, -7.352527300000001]]}}, {"type": "Feature", "properties": {"layer": "osm_road", "stroke": "#999999"}, "geometry": {"type": "LineString", "coordinates": [[112.67289739999998, -7.3526649], [112.67289449999998, -7.352699500000003]]}}, {"type": "Feature", "properties": {"layer": "osm_road", "stroke": "#999999"}, "geometry": {"type": "LineString", "coordinates": [[112.6729088, -7.352540599999998], [112.67289739999998, -7.3526649]]}}, {"type": "Feature", "properties": {"layer": "osm_road", "stroke": "#999999"}, "geometry": {"type": "LineString", "coordinates": [[112.6729131, -7.3525132], [112.6729088, -7.352540599999998]]}}, {"type": "Feature", "properties": {"layer": "osm_road", "stroke": "#999999"}, "geometry": {"type": "LineString", "coordinates": [[112.67174089999999, -7.3525251], [112.6717421, -7.3525008]]}}, {"type": "Feature", "properties": {"layer": "osm_road", "stroke": "#999999"}, "geometry": {"type": "LineString", "coordinates": [[112.6717295, -7.352651399999997], [112.67174089999999, -7.3525251]]}}, {"type": "Feature", "properties": {"layer": "osm_road", "stroke": "#999999"}, "geometry": {"type": "LineString", "coordinates": [[112.6717281, -7.352678600000002], [112.6717295, -7.352651399999997]]}}, {"type": "Feature", "properties": {"layer": "osm_road", "stroke": "#999999"}, "geometry": {"type": "LineString", "coordinates": [[112.6753843, -7.352677599999999], [112.6754045, -7.3529117]]}}, {"type": "Feature", "properties": {"layer": "osm_road", "stroke": "#999999"}, "geometry": {"type": "LineString", "coordinates": [[112.67047659999999, -7.3574654], [112.670619, -7.356794299999998], [112.6707327, -7.3563716], [112.6708657, -7.355781200000001], [112.67101359999998, -7.355061799999999], [112.6711571, -7.354441299999999], [112.67118389999999, -7.354332199999998], [112.6712067, -7.354193899999999], [112.6713891, -7.353350000000002]]}}, {"type": "Feature", "properties": {"layer": "osm_road", "stroke": "#999999"}, "geometry": {"type": "LineString", "coordinates": [[112.6756961, -7.353434799999998], [112.6756582, -7.353734399999999], [112.67560679999998, -7.354053700000001]]}}, {"type": "Feature", "properties": {"layer": "osm_road", "stroke": "#999999"}, "geometry": {"type": "LineString", "coordinates": [[112.6763634, -7.3541253], [112.67628, -7.3541145], [112.6760902, -7.354092400000002], [112.67590729999999, -7.354076800000001], [112.67560679999998, -7.354053700000001], [112.6752696, -7.3540177]]}}, {"type": "Feature", "properties": {"layer": "osm_road", "stroke": "#999999"}, "geometry": {"type": "LineString", "coordinates": [[112.67639729999999, -7.354453600000002], [112.67633919999999, -7.354448700000001], [112.6758617, -7.354412000000001], [112.6752207, -7.354353499999998]]}}, {"type": "Feature", "properties": {"layer": "osm_road", "stroke": "#999999"}, "geometry": {"type": "LineString", "coordinates": [[112.67515229999998, -7.354704600000001], [112.6751619, -7.354655300000001], [112.6752207, -7.354353499999998], [112.6752696, -7.3540177], [112.67535909999998, -7.353480200000001]]}}, {"type": "Feature", "properties": {"layer": "osm_road", "stroke": "#999999"}, "geometry": {"type": "LineString", "coordinates": [[112.6766865, -7.354851599999998], [112.6768141, -7.353452500000001], [112.6768141, -7.353427100000001], [112.67680869999998, -7.353414399999999], [112.6767985, -7.353402900000002], [112.67678569999998, -7.3533954999999995], [112.67676830000002, -7.353392500000001], [112.67647229999999, -7.353397199999998], [112.6761376, -7.353413099999998], [112.67585099999998, -7.3534228], [112.6756961, -7.353434799999998], [112.6753767, -7.353464500000001], [112.67537209999999, -7.353466499999999], [112.67536749999998, -7.353469400000001], [112.67536359999998, -7.3534731], [112.67535909999998, -7.353480200000001]]}}, {"type": "Feature", "properties": {"layer": "osm_road", "stroke": "#999999"}, "geometry": {"type": "LineString", "coordinates": [[112.67430269999998, -7.3542157999999995], [112.67428909999998, -7.3542229], [112.6742759, -7.354227300000001], [112.67425969999998, -7.354230399999999]]}}, {"type": "Feature", "properties": {"layer": "osm_road", "stroke": "#999999"}, "geometry": {"type": "LineString", "coordinates": [[112.6743384, -7.354047900000001], [112.6746097, -7.354082599999998]]}}, {"type": "Feature", "properties": {"layer": "osm_road", "stroke": "#999999"}, "geometry": {"type": "LineString", "coordinates": [[112.67468830000001, -7.353480400000001], [112.6746097, -7.354082599999998], [112.67458559999999, -7.354269600000001]]}}, {"type": "Feature", "properties": {"layer": "osm_road", "stroke": "#999999"}, "geometry": {"type": "LineString", "coordinates": [[112.6744154, -7.3534842000000005], [112.6743384, -7.354047900000001], [112.6743321, -7.354219199999999]]}}, {"type": "Feature", "properties": {"layer": "osm_road", "stroke": "#999999"}, "geometry": {"type": "LineString", "coordinates": [[112.67410549999998, -7.353474899999998], [112.67425209999999, -7.353482], [112.6744154, -7.3534842000000005], [112.67468830000001, -7.353480400000001], [112.6750206, -7.3534795]]}}, {"type": "Feature", "properties": {"layer": "osm_road", "stroke": "#999999"}, "geometry": {"type": "LineString", "coordinates": [[112.6750206, -7.3534795], [112.6748706, -7.354324299999999]]}}, {"type": "Feature", "properties": {"layer": "osm_road", "stroke": "#999999"}, "geometry": {"type": "LineString", "coordinates": [[112.67430269999998, -7.3542157999999995], [112.6743321, -7.354219199999999], [112.67458559999999, -7.354269600000001], [112.6748706, -7.354324299999999]]}}, {"type": "Feature", "properties": {"layer": "osm_road", "stroke": "#999999"}, "geometry": {"type": "LineString", "coordinates": [[112.67425969999998, -7.354230399999999], [112.67399609999998, -7.354211000000001]]}}, {"type": "Feature", "properties": {"layer": "osm_road", "stroke": "#999999"}, "geometry": {"type": "LineString", "coordinates": [[112.67401560000002, -7.3541289999999995], [112.67426609999998, -7.3541779], [112.67428289999998, -7.354185700000002], [112.674293, -7.3541966], [112.67430269999998, -7.3542157999999995]]}}, {"type": "Feature", "properties": {"layer": "osm_road", "stroke": "#999999"}, "geometry": {"type": "LineString", "coordinates": [[112.6740983, -7.3534959], [112.67410549999998, -7.353474899999998]]}}, {"type": "Feature", "properties": {"layer": "osm_road", "stroke": "#999999"}, "geometry": {"type": "LineString", "coordinates": [[112.6740983, -7.3534959], [112.6741159, -7.353536699999999], [112.6741159, -7.353591699999999], [112.6740923, -7.3537265], [112.67404659999998, -7.353989299999999], [112.67401560000002, -7.3541289999999995], [112.67399609999998, -7.354211000000001], [112.6739377, -7.354469]]}}, {"type": "Feature", "properties": {"layer": "osm_road", "stroke": "#999999"}, "geometry": {"type": "LineString", "coordinates": [[112.6738651, -7.354487399999999], [112.67390609999998, -7.354209500000001], [112.67394629999998, -7.353967100000003], [112.67402779999999, -7.353540199999999], [112.67403869999998, -7.353524600000001], [112.67405459999999, -7.353510700000002], [112.6740983, -7.3534959]]}}, {"type": "Feature", "properties": {"layer": "osm_road", "stroke": "#999999"}, "geometry": {"type": "LineString", "coordinates": [[112.67228499999999, -7.3526956000000006], [112.672179, -7.353383799999999]]}}, {"type": "Feature", "properties": {"layer": "osm_road", "stroke": "#999999"}, "geometry": {"type": "LineString", "coordinates": [[112.6709419, -7.3526875999999985], [112.67084459999998, -7.353080000000001], [112.67078089999998, -7.353323400000001]]}}, {"type": "Feature", "properties": {"layer": "osm_road", "stroke": "#999999"}, "geometry": {"type": "LineString", "coordinates": [[112.6750641, -7.3527228], [112.67503459999999, -7.3534128]]}}, {"type": "Feature", "properties": {"layer": "osm_road", "stroke": "#999999"}, "geometry": {"type": "LineString", "coordinates": [[112.6749377, -7.352686899999999], [112.67493799999998, -7.3527218]]}}, {"type": "Feature", "properties": {"layer": "osm_road", "stroke": "#999999"}, "geometry": {"type": "LineString", "coordinates": [[112.674936, -7.352555300000001], [112.6749377, -7.352686899999999]]}}, {"type": "Feature", "properties": {"layer": "osm_road", "stroke": "#999999"}, "geometry": {"type": "LineString", "coordinates": [[112.67491759999999, -7.351729300000001], [112.674935, -7.352521999999999], [112.674936, -7.352555300000001]]}}, {"type": "Feature", "properties": {"layer": "osm_road", "stroke": "#999999"}, "geometry": {"type": "LineString", "coordinates": [[112.67510599999999, -7.3509339], [112.6751831, -7.3508773], [112.67520990000001, -7.350855399999999], [112.6752368, -7.350836100000001], [112.67529129999998, -7.350799300000002], [112.6753032, -7.350791100000001], [112.6753124, -7.3507837], [112.67531809999998, -7.350774699999999], [112.67533969999998, -7.3505151999999985], [112.67535109999999, -7.350334699999998], [112.6753548, -7.350197000000002]]}}, {"type": "Feature", "properties": {"layer": "osm_road", "stroke": "#999999"}, "geometry": {"type": "LineString", "coordinates": [[112.67395479999999, -7.351043399999999], [112.67396669999998, -7.351047900000001], [112.6741103, -7.351051599999999], [112.67412629999998, -7.3510466]]}}, {"type": "Feature", "properties": {"layer": "osm_road", "stroke": "#999999"}, "geometry": {"type": "LineString", "coordinates": [[112.67396069999998, -7.350773299999999], [112.67395869999999, -7.350780299999999], [112.67393960000001, -7.351019199999999], [112.6739419, -7.3510286], [112.6739468, -7.351035999999999], [112.67395479999999, -7.351043399999999]]}}, {"type": "Feature", "properties": {"layer": "osm_road", "stroke": "#999999"}, "geometry": {"type": "LineString", "coordinates": [[112.67414849999999, -7.350760300000002], [112.6740432, -7.350761000000003], [112.67397219999998, -7.350763499999999], [112.6739681, -7.350765500000001], [112.6739637, -7.350769099999999], [112.67396069999998, -7.350773299999999]]}}, {"type": "Feature", "properties": {"layer": "osm_road", "stroke": "#999999"}, "geometry": {"type": "LineString", "coordinates": [[112.67412629999998, -7.3510466], [112.6741387, -7.351038600000001], [112.67414609999999, -7.351028], [112.67414849999999, -7.350760300000002], [112.67412970000001, -7.350603300000001], [112.67410520000001, -7.350506600000003], [112.67409209999998, -7.350460699999999], [112.6740864, -7.3504228], [112.67409079999999, -7.35032]]}}, {"type": "Feature", "properties": {"layer": "osm_road", "stroke": "#999999"}, "geometry": {"type": "LineString", "coordinates": [[112.6737668, -7.3499873000000004], [112.6737662, -7.3500753], [112.67376560000001, -7.350149099999999]]}}, {"type": "Feature", "properties": {"layer": "osm_road", "stroke": "#999999"}, "geometry": {"type": "LineString", "coordinates": [[112.6734334, -7.350013], [112.6737668, -7.3499873000000004], [112.67386619999999, -7.349977499999998]]}}, {"type": "Feature", "properties": {"layer": "osm_road", "stroke": "#999999"}, "geometry": {"type": "LineString", "coordinates": [[112.67343089999999, -7.3499682], [112.6734334, -7.350013], [112.67342899999998, -7.3501571]]}}, {"type": "Feature", "properties": {"layer": "osm_road", "stroke": "#999999"}, "geometry": {"type": "LineString", "coordinates": [[112.6737853, -7.349436400000001], [112.67379099999998, -7.349594499999998], [112.67344639999999, -7.3496636], [112.6734102, -7.3496849], [112.67339939999998, -7.3497221999999995], [112.67343089999999, -7.3499682]]}}, {"type": "Feature", "properties": {"layer": "osm_road", "stroke": "#999999"}, "geometry": {"type": "LineString", "coordinates": [[112.6737789, -7.3491545999999985], [112.673779, -7.349166099999998]]}}, {"type": "Feature", "properties": {"layer": "osm_road", "stroke": "#999999"}, "geometry": {"type": "LineString", "coordinates": [[112.67286569999999, -7.347268700000001], [112.67287039999998, -7.3473433], [112.6728791, -7.347405800000001], [112.6729086, -7.347444799999998], [112.67292799999998, -7.3474789], [112.67293540000001, -7.347991799999999], [112.67293669999998, -7.3480508], [112.67293409999999, -7.3480941], [112.6734182, -7.3480409], [112.6734511, -7.3480409], [112.67347719999998, -7.3480508], [112.67349369999998, -7.348066199999999], [112.6735014, -7.3480941], [112.6735362, -7.3488363], [112.6735498, -7.3488729999999975], [112.67359259999999, -7.348886900000001], [112.6737455, -7.3488842], [112.67377489999998, -7.348901999999999], [112.67378839999999, -7.348942700000001], [112.6737789, -7.3491545999999985]]}}, {"type": "Feature", "properties": {"layer": "osm_road", "stroke": "#999999"}, "geometry": {"type": "LineString", "coordinates": [[112.67149819999999, -7.347460999999999], [112.67221389999999, -7.347434400000002]]}}, {"type": "Feature", "properties": {"layer": "osm_road", "stroke": "#999999"}, "geometry": {"type": "LineString", "coordinates": [[112.67221389999999, -7.347434400000002], [112.67222439999999, -7.348147699999999]]}}, {"type": "Feature", "properties": {"layer": "osm_road", "stroke": "#999999"}, "geometry": {"type": "LineString", "coordinates": [[112.6721683, -7.346522], [112.67155409999998, -7.346533899999999], [112.6715139, -7.346548600000001], [112.67149779999998, -7.346569900000001], [112.6715031, -7.346601800000001], [112.67149819999999, -7.347460999999999], [112.67148169999999, -7.3481261], [112.67150039999999, -7.348168599999999], [112.67155949999999, -7.348173899999998], [112.67222439999999, -7.348147699999999], [112.67293409999999, -7.3480941]]}}, {"type": "Feature", "properties": {"layer": "osm_road", "stroke": "#999999"}, "geometry": {"type": "LineString", "coordinates": [[112.6699354, -7.3497886999999995], [112.67003859999998, -7.349785699999999], [112.67030819999998, -7.349778], [112.6704604, -7.349766100000001]]}}, {"type": "Feature", "properties": {"layer": "osm_road", "stroke": "#999999"}, "geometry": {"type": "LineString", "coordinates": [[112.67083739999998, -7.345245399999999], [112.6708574, -7.3463305], [112.6708507, -7.347524900000002], [112.6708755, -7.347945299999998], [112.67087950000001, -7.348083600000002], [112.67088619999998, -7.348146000000002], [112.67087409999999, -7.348198], [112.67086479999999, -7.3482417999999985], [112.6708628, -7.348259099999997], [112.6708674, -7.348332999999999], [112.6708628, -7.348545799999997], [112.67086069999999, -7.348571700000002], [112.67084399999999, -7.348585000000001], [112.6708198, -7.3485957], [112.67069109999998, -7.3485912]]}}, {"type": "Feature", "properties": {"layer": "osm_road", "stroke": "#999999"}, "geometry": {"type": "LineString", "coordinates": [[112.7007231, -7.3524289000000005], [112.7007768, -7.352475399999999], [112.70085189999999, -7.352515300000003], [112.70109460000002, -7.3526537], [112.7011295, -7.352686899999999], [112.7011563, -7.352720199999999], [112.7011657, -7.352758700000001], [112.70116429999999, -7.352802599999999], [112.7010128, -7.3531445], [112.70085189999999, -7.353476999999999], [112.70068959999999, -7.3537191], [112.7003359, -7.354206399999998]]}}, {"type": "Feature", "properties": {"layer": "osm_road", "stroke": "#999999"}, "geometry": {"type": "LineString", "coordinates": [[112.70189537728089, -7.350864830918806], [112.7018396, -7.350879999999999], [112.70181139999998, -7.350897299999998], [112.70179799999998, -7.350931799999999], [112.70179399999999, -7.3511553], [112.70177989999999, -7.351201900000002], [112.7017343, -7.3512483999999985], [112.7016746, -7.3512923], [112.7015747, -7.351330199999998], [112.7014258, -7.351424699999998], [112.7013896, -7.351453899999998], [112.7013481, -7.351507100000002], [112.7012032, -7.351692000000001], [112.70117039999998, -7.3517333], [112.7011489, -7.351784500000001], [112.7011442, -7.351842300000002], [112.7013025, -7.352898399999998], [112.70131049999999, -7.352995499999999], [112.7013058, -7.353095899999998], [112.7012797, -7.353155799999999], [112.70123809999998, -7.353234199999999], [112.7011724, -7.353361299999999], [112.70113209999998, -7.353488999999999], [112.70110929999998, -7.353608699999998], [112.7011281, -7.354042300000001], [112.70117909999999, -7.3541367], [112.7013172, -7.354318899999999], [112.70135340000002, -7.3543375], [112.70189537728089, -7.354351944934509]]}}, {"type": "Feature", "properties": {"layer": "osm_road", "stroke": "#999999"}, "geometry": {"type": "LineString", "coordinates": [[112.7017061, -7.3502728], [112.701452, -7.350211699999999]]}}, {"type": "Feature", "properties": {"layer": "osm_road", "stroke": "#999999"}, "geometry": {"type": "LineString", "coordinates": [[112.67402109999999, -7.3569146000000005], [112.67421999999999, -7.356828699999999], [112.67422429999999, -7.356828000000001], [112.67422899999998, -7.3568281], [112.67423209999998, -7.356828499999998], [112.6742367, -7.356829899999999], [112.6742866, -7.3568946]]}}, {"type": "Feature", "properties": {"layer": "osm_road", "stroke": "#999999"}, "geometry": {"type": "LineString", "coordinates": [[112.6716624, -7.3601412], [112.67167049999999, -7.360224999999999]]}}, {"type": "Feature", "properties": {"layer": "osm_road", "stroke": "#999999"}, "geometry": {"type": "LineString", "coordinates": [[112.67520089999998, -7.359053300000001], [112.6755039, -7.3592122]]}}, {"type": "Feature", "properties": {"layer": "osm_road", "stroke": "#999999"}, "geometry": {"type": "LineString", "coordinates": [[112.67469510000001, -7.359781800000001], [112.6750555, -7.359765900000001]]}}, {"type": "Feature", "properties": {"layer": "osm_road", "stroke": "#999999"}, "geometry": {"type": "LineString", "coordinates": [[112.67602000000001, -7.3593412], [112.67568419999999, -7.359240499999999], [112.6755039, -7.3592122]]}}, {"type": "Feature", "properties": {"layer": "osm_road", "stroke": "#999999"}, "geometry": {"type": "LineString", "coordinates": [[112.6755039, -7.3592122], [112.6753316, -7.359378500000001], [112.67523059999999, -7.359486], [112.6750555, -7.359765900000001], [112.6750463, -7.3599363], [112.6750328, -7.360479299999999], [112.6750396, -7.3606567]]}}, {"type": "Feature", "properties": {"layer": "osm_road", "stroke": "#999999"}, "geometry": {"type": "LineString", "coordinates": [[112.67394259999999, -7.3601353], [112.67403919999998, -7.3601233], [112.6740915, -7.360100699999998], [112.6741438, -7.360066100000001], [112.6742081, -7.3600475], [112.6742899, -7.3600541999999995], [112.6743543, -7.360079399999997], [112.67438379999999, -7.360134000000002], [112.674412, -7.360975900000001]]}}, {"type": "Feature", "properties": {"layer": "osm_road", "stroke": "#999999"}, "geometry": {"type": "LineString", "coordinates": [[112.67405299999999, -7.3593446], [112.673876, -7.359432999999999], [112.67385259999999, -7.3594496000000005], [112.6738387, -7.3594667], [112.67383070000001, -7.3594838], [112.67382470000001, -7.3595092], [112.67383699999999, -7.3597160000000015], [112.6738206, -7.3597549], [112.6737877, -7.359773599999998], [112.67366699999998, -7.359782800000002]]}}, {"type": "Feature", "properties": {"layer": "osm_road", "stroke": "#999999"}, "geometry": {"type": "LineString", "coordinates": [[112.6714739, -7.360311499999999], [112.67167049999999, -7.360224999999999], [112.6719548, -7.360099900000002], [112.67310709999998, -7.3595609], [112.67363089999999, -7.359315799999998]]}}, {"type": "Feature", "properties": {"layer": "osm_road", "stroke": "#999999"}, "geometry": {"type": "LineString", "coordinates": [[112.67534389999999, -7.3583475000000025], [112.67534389999999, -7.358355599999997], [112.67534259999998, -7.3583629], [112.6753382, -7.358369700000001], [112.67503889999999, -7.358543899999999], [112.6746163, -7.358779500000001]]}}, {"type": "Feature", "properties": {"layer": "osm_road", "stroke": "#999999"}, "geometry": {"type": "LineString", "coordinates": [[112.6722729, -7.3585023], [112.67227459999998, -7.3584057], [112.6723042, -7.3579603]]}}, {"type": "Feature", "properties": {"layer": "osm_road", "stroke": "#999999"}, "geometry": {"type": "LineString", "coordinates": [[112.67164039999999, -7.358190400000001], [112.6716446, -7.357993699999998]]}}, {"type": "Feature", "properties": {"layer": "osm_road", "stroke": "#999999"}, "geometry": {"type": "LineString", "coordinates": [[112.6742016, -7.3584334999999985], [112.67458569999998, -7.358423199999999]]}}, {"type": "Feature", "properties": {"layer": "osm_road", "stroke": "#999999"}, "geometry": {"type": "LineString", "coordinates": [[112.6721358, -7.3575513], [112.6721848, -7.3579677]]}}, {"type": "Feature", "properties": {"layer": "osm_road", "stroke": "#999999"}, "geometry": {"type": "LineString", "coordinates": [[112.6724241, -7.357504999999998], [112.672474, -7.357946700000001]]}}, {"type": "Feature", "properties": {"layer": "osm_road", "stroke": "#999999"}, "geometry": {"type": "LineString", "coordinates": [[112.6707083, -7.359982999999998], [112.6707598, -7.358944599999999]]}}, {"type": "Feature", "properties": {"layer": "osm_road", "stroke": "#999999"}, "geometry": {"type": "LineString", "coordinates": [[112.67530119999999, -7.356041000000001], [112.675331, -7.3560346999999995], [112.6753491, -7.356035900000001], [112.67536149999998, -7.356040700000001], [112.67537389999998, -7.356046699999999], [112.67548819999999, -7.3562814], [112.67563169999998, -7.356585999999999], [112.6757698, -7.3568679999999995], [112.6759133, -7.357158599999998], [112.67609499999999, -7.3575294], [112.67621999999999, -7.357699599999998], [112.67622509999998, -7.3577029000000005], [112.67623049999999, -7.3577043999999985], [112.67623639999998, -7.357704799999998], [112.6762438, -7.357704299999999]]}}, {"type": "Feature", "properties": {"layer": "osm_road", "stroke": "#999999"}, "geometry": {"type": "LineString", "coordinates": [[112.67530119999999, -7.356041000000001], [112.6744251, -7.3565101], [112.67442, -7.3565158], [112.67441769999999, -7.356520199999999], [112.67441599999998, -7.3565272], [112.674417, -7.3565361000000005]]}}, {"type": "Feature", "properties": {"layer": "osm_road", "stroke": "#999999"}, "geometry": {"type": "LineString", "coordinates": [[112.67548819999999, -7.3562814], [112.67453749999999, -7.356766200000001]]}}, {"type": "Feature", "properties": {"layer": "osm_road", "stroke": "#999999"}, "geometry": {"type": "LineString", "coordinates": [[112.67563169999998, -7.356585999999999], [112.67468349999999, -7.3570566]]}}, {"type": "Feature", "properties": {"layer": "osm_road", "stroke": "#999999"}, "geometry": {"type": "LineString", "coordinates": [[112.6757698, -7.3568679999999995], [112.6748378, -7.357348300000002]]}}, {"type": "Feature", "properties": {"layer": "osm_road", "stroke": "#999999"}, "geometry": {"type": "LineString", "coordinates": [[112.6769386, -7.356637300000003], [112.6759133, -7.357158599999998], [112.6749881, -7.357637300000001]]}}, {"type": "Feature", "properties": {"layer": "osm_road", "stroke": "#999999"}, "geometry": {"type": "LineString", "coordinates": [[112.67609499999999, -7.3575294], [112.6751827, -7.3579901]]}}, {"type": "Feature", "properties": {"layer": "osm_road", "stroke": "#999999"}, "geometry": {"type": "LineString", "coordinates": [[112.67458359999999, -7.358311800000001], [112.6751827, -7.3579901]]}}, {"type": "Feature", "properties": {"layer": "osm_road", "stroke": "#999999"}, "geometry": {"type": "LineString", "coordinates": [[112.6745454, -7.357853299999999], [112.6749881, -7.357637300000001]]}}, {"type": "Feature", "properties": {"layer": "osm_road", "stroke": "#999999"}, "geometry": {"type": "LineString", "coordinates": [[112.6746163, -7.358779500000001], [112.6746055, -7.358779500000001], [112.67459469999999, -7.358776400000003], [112.6745851, -7.358770099999999], [112.674581, -7.3587628999999986], [112.67457740000002, -7.3587454], [112.67458569999998, -7.358423199999999], [112.67458359999999, -7.358311800000001], [112.6745454, -7.357853299999999], [112.67451439999999, -7.3576338], [112.67449919999999, -7.357525699999998]]}}, {"type": "Feature", "properties": {"layer": "osm_road", "stroke": "#999999"}, "geometry": {"type": "LineString", "coordinates": [[112.6748378, -7.357348300000002], [112.67449919999999, -7.357525699999998], [112.67437909999998, -7.3575882], [112.67422589999998, -7.357665699999998], [112.6741307, -7.3577018999999995], [112.6740449, -7.357726199999999], [112.673952, -7.357751499999999], [112.67382559999999, -7.357779099999999], [112.6735869, -7.357827]]}}, {"type": "Feature", "properties": {"layer": "osm_road", "stroke": "#999999"}, "geometry": {"type": "LineString", "coordinates": [[112.6735714, -7.357611800000001], [112.67468349999999, -7.3570566]]}}, {"type": "Feature", "properties": {"layer": "osm_road", "stroke": "#999999"}, "geometry": {"type": "LineString", "coordinates": [[112.67453749999999, -7.356766200000001], [112.6742866, -7.3568946], [112.67353149999998, -7.357283]]}}, {"type": "Feature", "properties": {"layer": "osm_road", "stroke": "#999999"}, "geometry": {"type": "LineString", "coordinates": [[112.674417, -7.3565361000000005], [112.67453749999999, -7.356766200000001], [112.67468349999999, -7.3570566], [112.6748378, -7.357348300000002], [112.6749881, -7.357637300000001], [112.6751827, -7.3579901], [112.67534389999999, -7.3583475000000025]]}}, {"type": "Feature", "properties": {"layer": "osm_road", "stroke": "#999999"}, "geometry": {"type": "LineString", "coordinates": [[112.6736023, -7.358348399999997], [112.67351679999999, -7.358251299999999], [112.67344709999999, -7.358162800000001], [112.67342219999999, -7.358120199999998], [112.673381, -7.3580264999999985], [112.67334319999999, -7.357860200000001]]}}, {"type": "Feature", "properties": {"layer": "osm_road", "stroke": "#999999"}, "geometry": {"type": "LineString", "coordinates": [[112.6732434, -7.3573524], [112.67334319999999, -7.357860200000001]]}}, {"type": "Feature", "properties": {"layer": "osm_road", "stroke": "#999999"}, "geometry": {"type": "LineString", "coordinates": [[112.6729726, -7.357416099999998], [112.6730354, -7.357893299999999]]}}, {"type": "Feature", "properties": {"layer": "osm_road", "stroke": "#999999"}, "geometry": {"type": "LineString", "coordinates": [[112.67268959999998, -7.357464500000002], [112.6727493, -7.3579195]]}}, {"type": "Feature", "properties": {"layer": "osm_road", "stroke": "#999999"}, "geometry": {"type": "LineString", "coordinates": [[112.6725723, -7.358881899999999], [112.6725785, -7.358569100000001], [112.67258069999998, -7.3579361]]}}, {"type": "Feature", "properties": {"layer": "osm_road", "stroke": "#999999"}, "geometry": {"type": "LineString", "coordinates": [[112.671385, -7.357710399999998], [112.6713866, -7.3579982]]}}, {"type": "Feature", "properties": {"layer": "osm_road", "stroke": "#999999"}, "geometry": {"type": "LineString", "coordinates": [[112.67184939999999, -7.3576105], [112.67189889999999, -7.3579854]]}}, {"type": "Feature", "properties": {"layer": "osm_road", "stroke": "#999999"}, "geometry": {"type": "LineString", "coordinates": [[112.67199689999998, -7.359621399999999], [112.6719941, -7.3592875], [112.67199569999998, -7.3591802999999985], [112.6719997, -7.358717200000002], [112.67201259999999, -7.357983699999999]]}}, {"type": "Feature", "properties": {"layer": "osm_road", "stroke": "#999999"}, "geometry": {"type": "LineString", "coordinates": [[112.6713002, -7.359113899999998], [112.67135459999999, -7.3579985]]}}, {"type": "Feature", "properties": {"layer": "osm_road", "stroke": "#999999"}, "geometry": {"type": "LineString", "coordinates": [[112.6708076, -7.358001199999999], [112.6707856, -7.3583557], [112.67077389999999, -7.358705800000001], [112.6707598, -7.358944599999999]]}}, {"type": "Feature", "properties": {"layer": "osm_road", "stroke": "#999999"}, "geometry": {"type": "LineString", "coordinates": [[112.67048789999998, -7.3589335999999985], [112.6707598, -7.358944599999999], [112.67103239999999, -7.358950600000001]]}}, {"type": "Feature", "properties": {"layer": "osm_road", "stroke": "#999999"}, "geometry": {"type": "LineString", "coordinates": [[112.67116389999998, -7.360453800000001], [112.6710993, -7.360188900000001], [112.6710207, -7.3599941], [112.67100290000002, -7.3599265], [112.6709983, -7.359871700000001], [112.6709983, -7.3596798], [112.67103239999999, -7.358950600000001], [112.6710768, -7.357999899999999]]}}, {"type": "Feature", "properties": {"layer": "osm_road", "stroke": "#999999"}, "geometry": {"type": "LineString", "coordinates": [[112.6704209, -7.360043499999999], [112.6704275, -7.359984900000001], [112.670453, -7.359414400000001], [112.67048789999998, -7.3589335999999985], [112.67052709999999, -7.3580025]]}}, {"type": "Feature", "properties": {"layer": "osm_road", "stroke": "#999999"}, "geometry": {"type": "LineString", "coordinates": [[112.6706014, -7.3549796999999995], [112.67101359999998, -7.355061799999999]]}}, {"type": "Feature", "properties": {"layer": "osm_road", "stroke": "#999999"}, "geometry": {"type": "LineString", "coordinates": [[112.67068479999999, -7.3557465], [112.6708657, -7.355781200000001]]}}, {"type": "Feature", "properties": {"layer": "osm_road", "stroke": "#999999"}, "geometry": {"type": "LineString", "coordinates": [[112.67043279999999, -7.3576725000000005], [112.67047659999999, -7.3574654]]}}, {"type": "Feature", "properties": {"layer": "osm_road", "stroke": "#999999"}, "geometry": {"type": "LineString", "coordinates": [[112.67042489999999, -7.357712600000002], [112.67043279999999, -7.3576725000000005]]}}, {"type": "Feature", "properties": {"layer": "osm_road", "stroke": "#999999"}, "geometry": {"type": "LineString", "coordinates": [[112.67400089999998, -7.356006799999999], [112.674292, -7.356038]]}}, {"type": "Feature", "properties": {"layer": "osm_road", "stroke": "#999999"}, "geometry": {"type": "LineString", "coordinates": [[112.67446459999998, -7.354926600000001], [112.67445989999999, -7.354991500000001], [112.6743929, -7.355393], [112.674292, -7.356038], [112.67429229999999, -7.356053599999999], [112.67429259999999, -7.356072599999999]]}}, {"type": "Feature", "properties": {"layer": "osm_road", "stroke": "#999999"}, "geometry": {"type": "LineString", "coordinates": [[112.6738765, -7.354837999999999], [112.67418779999998, -7.354886699999999], [112.67446459999998, -7.354926600000001], [112.67475119999999, -7.3549679]]}}, {"type": "Feature", "properties": {"layer": "osm_road", "stroke": "#999999"}, "geometry": {"type": "LineString", "coordinates": [[112.67473739999998, -7.355031199999999], [112.67445989999999, -7.354991500000001], [112.67417859999999, -7.3549547], [112.6738675, -7.3549080999999985]]}}, {"type": "Feature", "properties": {"layer": "osm_road", "stroke": "#999999"}, "geometry": {"type": "LineString", "coordinates": [[112.67353149999998, -7.357283], [112.6732434, -7.3573524], [112.6729726, -7.357416099999998], [112.6729169, -7.357429199999999], [112.67268959999998, -7.357464500000002], [112.67250460000001, -7.357493199999997], [112.6724241, -7.357504999999998], [112.6722017, -7.3575377], [112.6721358, -7.3575513], [112.67184939999999, -7.3576105], [112.671537, -7.357675100000002], [112.671385, -7.357710399999998], [112.6712215, -7.357725199999996], [112.6711387, -7.357731199999998], [112.67107720000001, -7.3577357], [112.67099349999998, -7.357741800000001], [112.6705945, -7.3577309], [112.6705432, -7.3577272], [112.67042489999999, -7.357712600000002], [112.67040269999998, -7.357995899999998]]}}, {"type": "Feature", "properties": {"layer": "osm_road", "stroke": "#999999"}, "geometry": {"type": "LineString", "coordinates": [[112.67020479999998, -7.3580018], [112.67040269999998, -7.357995899999998], [112.67052709999999, -7.3580025], [112.67059439999998, -7.358002300000001], [112.6708076, -7.358001199999999], [112.6710768, -7.357999899999999], [112.67113919999998, -7.357999599999999], [112.67135459999999, -7.3579985], [112.6713866, -7.3579982], [112.67158459999999, -7.357994799999999], [112.6716446, -7.357993699999998], [112.67171639999998, -7.357996699999997], [112.67189889999999, -7.3579854], [112.67201259999999, -7.357983699999999], [112.6721848, -7.3579677], [112.6723042, -7.3579603], [112.67238959999999, -7.357954999999996], [112.672474, -7.357946700000001], [112.67258069999998, -7.3579361], [112.6727493, -7.3579195], [112.67289729999999, -7.357904899999999], [112.6730354, -7.357893299999999], [112.67334319999999, -7.357860200000001], [112.6735869, -7.357827]]}}, {"type": "Feature", "properties": {"layer": "osm_road", "stroke": "#999999"}, "geometry": {"type": "LineString", "coordinates": [[112.67290289999998, -7.3600748000000005], [112.67290729999999, -7.3600169000000015], [112.6729234, -7.359974299999999], [112.67295419999999, -7.359945099999998], [112.6733317, -7.359771899999999], [112.6733983, -7.3597697], [112.6734647, -7.3598051]]}}, {"type": "Feature", "properties": {"layer": "osm_road", "stroke": "#999999"}, "geometry": {"type": "LineString", "coordinates": [[112.67348270000001, -7.3570196999999995], [112.67346199999999, -7.356957500000001]]}}, {"type": "Feature", "properties": {"layer": "osm_road", "stroke": "#999999"}, "geometry": {"type": "LineString", "coordinates": [[112.6735224, -7.357232], [112.673487, -7.357068499999998]]}}, {"type": "Feature", "properties": {"layer": "osm_road", "stroke": "#999999"}, "geometry": {"type": "LineString", "coordinates": [[112.67363089999999, -7.359315799999998], [112.6736023, -7.358348399999997], [112.6735869, -7.357827], [112.6735778, -7.357708599999999], [112.6735714, -7.357611800000001], [112.67353149999998, -7.357283], [112.6735224, -7.357232]]}}, {"type": "Feature", "properties": {"layer": "osm_road", "stroke": "#999999"}, "geometry": {"type": "LineString", "coordinates": [[112.67564359999999, -7.355085699999998], [112.6756032, -7.355344299999998], [112.6755624, -7.3555983000000005], [112.67554439999999, -7.355678400000001], [112.67552829999998, -7.355766400000001]]}}, {"type": "Feature", "properties": {"layer": "osm_road", "stroke": "#999999"}, "geometry": {"type": "LineString", "coordinates": [[112.67359749999999, -7.3567925], [112.67366969999999, -7.3567314999999995], [112.67371589999999, -7.356702200000003], [112.67374409999998, -7.3566801], [112.673778, -7.356653199999999], [112.6738351, -7.356596799999999], [112.67387419999999, -7.3565468], [112.67391009999999, -7.356500600000003], [112.6739376, -7.3564467], [112.6739441, -7.356401799999999], [112.67400089999998, -7.356006799999999], [112.67417859999999, -7.3549547], [112.67418779999998, -7.354886699999999]]}}, {"type": "Feature", "properties": {"layer": "osm_road", "stroke": "#999999"}, "geometry": {"type": "LineString", "coordinates": [[112.67524930000002, -7.3557258], [112.67526019999998, -7.355674300000001], [112.67536029999998, -7.355056500000002]]}}, {"type": "Feature", "properties": {"layer": "osm_road", "stroke": "#999999"}, "geometry": {"type": "LineString", "coordinates": [[112.67564359999999, -7.355085699999998], [112.67536029999998, -7.355056500000002], [112.6750901, -7.355031500000001]]}}, {"type": "Feature", "properties": {"layer": "osm_road", "stroke": "#999999"}, "geometry": {"type": "LineString", "coordinates": [[112.6749638, -7.3557473999999985], [112.67497259999999, -7.355696900000001], [112.6750901, -7.355031500000001], [112.67514469999999, -7.3547447], [112.67515229999998, -7.354704600000001]]}}, {"type": "Feature", "properties": {"layer": "osm_road", "stroke": "#999999"}, "geometry": {"type": "LineString", "coordinates": [[112.67568009999998, -7.354759499999999], [112.67536769999998, -7.354726800000001], [112.67515229999998, -7.354704600000001], [112.67481259999998, -7.3546537999999995], [112.6739528, -7.354518099999999]]}}, {"type": "Feature", "properties": {"layer": "osm_road", "stroke": "#999999"}, "geometry": {"type": "LineString", "coordinates": [[112.67350789999999, -7.3567354], [112.6735483, -7.356742099999999], [112.6735815, -7.356765900000001], [112.67359749999999, -7.3567925], [112.67360319999999, -7.3568289], [112.67359349999998, -7.356864399999999], [112.6735702, -7.356892899999999], [112.67353709999999, -7.3569096], [112.67349280000002, -7.356910200000001], [112.67345369999998, -7.3568896], [112.6734271, -7.3568457999999985], [112.67342939999999, -7.356794699999999], [112.67345969999998, -7.356753399999998], [112.67350789999999, -7.3567354]]}}, {"type": "Feature", "properties": {"layer": "osm_road", "stroke": "#999999"}, "geometry": {"type": "LineString", "coordinates": [[112.67393709999999, -7.354541000000002], [112.6738765, -7.354837999999999], [112.6738675, -7.3549080999999985], [112.6738066, -7.3552849], [112.67369029999999, -7.356003500000003], [112.6735815, -7.356765900000001]]}}, {"type": "Feature", "properties": {"layer": "osm_road", "stroke": "#999999"}, "geometry": {"type": "LineString", "coordinates": [[112.67350789999999, -7.3567354], [112.6736097, -7.355989200000001], [112.67372799999998, -7.355275899999998], [112.67382519999998, -7.354703], [112.67386179999998, -7.354508500000002]]}}, {"type": "Feature", "properties": {"layer": "osm_road", "stroke": "#999999"}, "geometry": {"type": "LineString", "coordinates": [[112.6738704, -7.3545316000000005], [112.67386179999998, -7.354508500000002], [112.6738651, -7.354487399999999], [112.67388339999998, -7.354465700000001], [112.6739111, -7.3544587], [112.6739377, -7.354469], [112.67395269999999, -7.354491299999999], [112.6739528, -7.354518099999999], [112.67394669999999, -7.354530699999999], [112.67393709999999, -7.354541000000002], [112.67391419999998, -7.354550500000001], [112.67388959999998, -7.354547099999998], [112.6738704, -7.3545316000000005]]}}, {"type": "Feature", "properties": {"layer": "osm_road", "stroke": "#999999"}, "geometry": {"type": "LineString", "coordinates": [[112.6767855, -7.353006499999999], [112.6767804, -7.353009], [112.676773, -7.3530109999999995], [112.6765054, -7.353001899999998]]}}, {"type": "Feature", "properties": {"layer": "osm_road", "stroke": "#999999"}, "geometry": {"type": "LineString", "coordinates": [[112.67679240000001, -7.352832599999999], [112.6767934, -7.3528880999999995], [112.67679109999999, -7.353000800000001], [112.6767855, -7.353006499999999]]}}, {"type": "Feature", "properties": {"layer": "osm_road", "stroke": "#999999"}, "geometry": {"type": "LineString", "coordinates": [[112.6784946, -7.3519417], [112.67847829999998, -7.352239800000001], [112.67847779999998, -7.352366400000001], [112.67847689999999, -7.352565899999998], [112.67847479999999, -7.3526009]]}}, {"type": "Feature", "properties": {"layer": "osm_road", "stroke": "#999999"}, "geometry": {"type": "LineString", "coordinates": [[112.6768863, -7.352238700000001], [112.6768829, -7.352698399999999], [112.6768817, -7.352752699999999], [112.67688219999998, -7.352775799999999], [112.67687589999998, -7.3529122000000005], [112.6768776, -7.3529609], [112.6768877, -7.3529782]]}}, {"type": "Feature", "properties": {"layer": "osm_road", "stroke": "#999999"}, "geometry": {"type": "LineString", "coordinates": [[112.67581539999999, -7.351545399999999], [112.67585730000002, -7.3518142000000015]]}}, {"type": "Feature", "properties": {"layer": "osm_road", "stroke": "#999999"}, "geometry": {"type": "LineString", "coordinates": [[112.6767726, -7.35486], [112.67673999999998, -7.3551617999999985], [112.6766288, -7.3562548], [112.6766204, -7.356298899999999]]}}, {"type": "Feature", "properties": {"layer": "osm_road", "stroke": "#999999"}, "geometry": {"type": "LineString", "coordinates": [[112.676548, -7.3562871], [112.67666140000001, -7.35518], [112.6766865, -7.354851599999998]]}}, {"type": "Feature", "properties": {"layer": "osm_road", "stroke": "#999999"}, "geometry": {"type": "LineString", "coordinates": [[112.6763634, -7.3541253], [112.6764244, -7.3541265000000005]]}}, {"type": "Feature", "properties": {"layer": "osm_road", "stroke": "#999999"}, "geometry": {"type": "LineString", "coordinates": [[112.6763037, -7.354817899999997], [112.67633919999999, -7.354448700000001], [112.6763495, -7.354286299999998], [112.6763634, -7.3541253], [112.6764002, -7.354092499999998]]}}, {"type": "Feature", "properties": {"layer": "osm_road", "stroke": "#999999"}, "geometry": {"type": "LineString", "coordinates": [[112.6764002, -7.354092499999998], [112.6764244, -7.3541265000000005], [112.67639729999999, -7.354453600000002], [112.67639029999998, -7.354575199999998], [112.6763692, -7.3548234]]}}, {"type": "Feature", "properties": {"layer": "osm_road", "stroke": "#999999"}, "geometry": {"type": "LineString", "coordinates": [[112.67673999999998, -7.3551617999999985], [112.6767811, -7.355167599999999], [112.67705329999998, -7.3552063000000025]]}}, {"type": "Feature", "properties": {"layer": "osm_road", "stroke": "#999999"}, "geometry": {"type": "LineString", "coordinates": [[112.67959829999998, -7.352489900000001], [112.6798564, -7.3524572], [112.679883, -7.352466100000003]]}}, {"type": "Feature", "properties": {"layer": "osm_road", "stroke": "#999999"}, "geometry": {"type": "LineString", "coordinates": [[112.6795302, -7.3554329], [112.67954639999999, -7.3558069999999995]]}}, {"type": "Feature", "properties": {"layer": "osm_road", "stroke": "#999999"}, "geometry": {"type": "LineString", "coordinates": [[112.6801153, -7.3551227], [112.68001399999999, -7.355135399999997], [112.67980889999998, -7.355125100000001]]}}, {"type": "Feature", "properties": {"layer": "osm_road", "stroke": "#999999"}, "geometry": {"type": "LineString", "coordinates": [[112.679065, -7.353074000000001], [112.67869039999998, -7.3530696]]}}, {"type": "Feature", "properties": {"layer": "osm_road", "stroke": "#999999"}, "geometry": {"type": "LineString", "coordinates": [[112.67847829999998, -7.352239800000001], [112.67822639999999, -7.352252200000001]]}}, {"type": "Feature", "properties": {"layer": "osm_road", "stroke": "#999999"}, "geometry": {"type": "LineString", "coordinates": [[112.6770372, -7.351351600000001], [112.6770683, -7.3515407]]}}, {"type": "Feature", "properties": {"layer": "osm_road", "stroke": "#999999"}, "geometry": {"type": "LineString", "coordinates": [[112.68038, -7.354480699999996], [112.68050659999999, -7.3544770999999995], [112.6808141, -7.3544735], [112.6810589, -7.354470299999999], [112.68116959999999, -7.354468799999999]]}}, {"type": "Feature", "properties": {"layer": "osm_road", "stroke": "#999999"}, "geometry": {"type": "LineString", "coordinates": [[112.68048189999999, -7.3555611], [112.68050659999999, -7.3544770999999995]]}}, {"type": "Feature", "properties": {"layer": "osm_road", "stroke": "#999999"}, "geometry": {"type": "LineString", "coordinates": [[112.6800934, -7.355690299999998], [112.68024779999999, -7.3556822], [112.6803464, -7.355670900000002], [112.68045069999998, -7.3556507], [112.6805826, -7.355618], [112.6808194, -7.355530199999999], [112.68092269999998, -7.355478100000003], [112.68153879999998, -7.3552151], [112.6819244, -7.355027100000002]]}}, {"type": "Feature", "properties": {"layer": "osm_road", "stroke": "#999999"}, "geometry": {"type": "LineString", "coordinates": [[112.6798935, -7.350392500000001], [112.6799826, -7.350590599999999], [112.6800178, -7.350625299999997], [112.68005089999998, -7.3506279999999995]]}}, {"type": "Feature", "properties": {"layer": "osm_road", "stroke": "#999999"}, "geometry": {"type": "LineString", "coordinates": [[112.6767889, -7.3525801], [112.67679160000002, -7.352583799999999], [112.67679329999999, -7.352589199999999], [112.67679240000001, -7.352832599999999]]}}, {"type": "Feature", "properties": {"layer": "osm_road", "stroke": "#999999"}, "geometry": {"type": "LineString", "coordinates": [[112.6773366, -7.3520813999999985], [112.677345, -7.3521256]]}}, {"type": "Feature", "properties": {"layer": "osm_road", "stroke": "#999999"}, "geometry": {"type": "LineString", "coordinates": [[112.6773205, -7.351996099999998], [112.6773366, -7.3520813999999985]]}}, {"type": "Feature", "properties": {"layer": "osm_road", "stroke": "#999999"}, "geometry": {"type": "LineString", "coordinates": [[112.6773001, -7.351952399999999], [112.6773205, -7.351996099999998]]}}, {"type": "Feature", "properties": {"layer": "osm_road", "stroke": "#999999"}, "geometry": {"type": "LineString", "coordinates": [[112.6779183, -7.351962899999999], [112.67793259999999, -7.3520382]]}}, {"type": "Feature", "properties": {"layer": "osm_road", "stroke": "#999999"}, "geometry": {"type": "LineString", "coordinates": [[112.6779068, -7.3518916], [112.6779183, -7.351962899999999]]}}, {"type": "Feature", "properties": {"layer": "osm_road", "stroke": "#999999"}, "geometry": {"type": "LineString", "coordinates": [[112.67789349999998, -7.3518224000000005], [112.6779068, -7.3518916]]}}, {"type": "Feature", "properties": {"layer": "osm_road", "stroke": "#999999"}, "geometry": {"type": "LineString", "coordinates": [[112.6796351, -7.3515092], [112.67965299999999, -7.351610899999999]]}}, {"type": "Feature", "properties": {"layer": "osm_road", "stroke": "#999999"}, "geometry": {"type": "LineString", "coordinates": [[112.67965299999999, -7.351610899999999], [112.6796634, -7.351670299999999]]}}, {"type": "Feature", "properties": {"layer": "osm_road", "stroke": "#999999"}, "geometry": {"type": "LineString", "coordinates": [[112.6796301, -7.351481100000001], [112.6796351, -7.3515092]]}}, {"type": "Feature", "properties": {"layer": "osm_road", "stroke": "#999999"}, "geometry": {"type": "LineString", "coordinates": [[112.67979899999999, -7.355446299999999], [112.6797872, -7.355718800000001]]}}, {"type": "Feature", "properties": {"layer": "osm_road", "stroke": "#999999"}, "geometry": {"type": "LineString", "coordinates": [[112.6795603, -7.354487500000002], [112.67980479999999, -7.354499]]}}, {"type": "Feature", "properties": {"layer": "osm_road", "stroke": "#999999"}, "geometry": {"type": "LineString", "coordinates": [[112.6772021, -7.3521649], [112.6771844, -7.3526967], [112.67719829999999, -7.352797999999999]]}}, {"type": "Feature", "properties": {"layer": "osm_road", "stroke": "#999999"}, "geometry": {"type": "LineString", "coordinates": [[112.67592069999999, -7.352579199999998], [112.67592059999998, -7.3526191999999995], [112.67592329999998, -7.3527047], [112.6759368, -7.353139499999999]]}}, {"type": "Feature", "properties": {"layer": "osm_road", "stroke": "#999999"}, "geometry": {"type": "LineString", "coordinates": [[112.67878059999998, -7.351678099999999], [112.6786891, -7.351219799999996]]}}, {"type": "Feature", "properties": {"layer": "osm_road", "stroke": "#999999"}, "geometry": {"type": "LineString", "coordinates": [[112.68210330000001, -7.3510523], [112.6821061, -7.351092600000001]]}}, {"type": "Feature", "properties": {"layer": "osm_road", "stroke": "#999999"}, "geometry": {"type": "LineString", "coordinates": [[112.6792586, -7.3554134], [112.67926919999998, -7.3559456999999995], [112.67926709999999, -7.3559715]]}}, {"type": "Feature", "properties": {"layer": "osm_road", "stroke": "#999999"}, "geometry": {"type": "LineString", "coordinates": [[112.6789965, -7.3550789000000005], [112.67980889999998, -7.355125100000001]]}}, {"type": "Feature", "properties": {"layer": "osm_road", "stroke": "#999999"}, "geometry": {"type": "LineString", "coordinates": [[112.67900689999999, -7.3547528], [112.6793097, -7.3547573], [112.6798079, -7.354780900000001]]}}, {"type": "Feature", "properties": {"layer": "osm_road", "stroke": "#999999"}, "geometry": {"type": "LineString", "coordinates": [[112.68170599999999, -7.353858700000001], [112.68170599999999, -7.353993499999998], [112.6816915, -7.354060199999999], [112.6816767, -7.354098800000001], [112.6816425, -7.3541281], [112.68159689999999, -7.3541333999999985], [112.6810793, -7.3541214], [112.6802175, -7.354102300000001], [112.6801284, -7.3541021]]}}, {"type": "Feature", "properties": {"layer": "osm_road", "stroke": "#999999"}, "geometry": {"type": "LineString", "coordinates": [[112.68014439999999, -7.3533582999999965], [112.68050139999998, -7.3533582999999965], [112.6808627, -7.353364999999997], [112.6811139, -7.3533696000000015], [112.68126389999999, -7.3533678], [112.6815554, -7.353364400000002]]}}, {"type": "Feature", "properties": {"layer": "osm_road", "stroke": "#999999"}, "geometry": {"type": "LineString", "coordinates": [[112.68050969999999, -7.352482499999998], [112.68050139999998, -7.3533582999999965]]}}, {"type": "Feature", "properties": {"layer": "osm_road", "stroke": "#999999"}, "geometry": {"type": "LineString", "coordinates": [[112.6789865, -7.3553938], [112.6792586, -7.3554134], [112.6795302, -7.3554329], [112.6797263, -7.355446999999996], [112.67979899999999, -7.355446299999999], [112.67980889999998, -7.355125100000001], [112.6798087, -7.3550624000000004], [112.6798079, -7.354780900000001], [112.67980479999999, -7.354499], [112.6798396, -7.3536669], [112.67994069999999, -7.353679999999999], [112.6801261, -7.353703899999999], [112.68014439999999, -7.3533582999999965], [112.6801157, -7.3526404], [112.6801498, -7.352567099999998], [112.6801951, -7.352540899999998], [112.68050969999999, -7.352482499999998], [112.6809022, -7.3524096], [112.68126929999998, -7.352362], [112.68157829999998, -7.352321900000001]]}}, {"type": "Feature", "properties": {"layer": "osm_road", "stroke": "#999999"}, "geometry": {"type": "LineString", "coordinates": [[112.679883, -7.352466100000003], [112.67988910000001, -7.352492699999998], [112.6798396, -7.3536669], [112.6795825, -7.353655599999999], [112.6795603, -7.354487500000002], [112.6793088, -7.3544741], [112.6793097, -7.3547573]]}}, {"type": "Feature", "properties": {"layer": "osm_road", "stroke": "#999999"}, "geometry": {"type": "LineString", "coordinates": [[112.67934820000002, -7.352521999999999], [112.6793294, -7.353643000000001], [112.6793088, -7.3544741]]}}, {"type": "Feature", "properties": {"layer": "osm_road", "stroke": "#999999"}, "geometry": {"type": "LineString", "coordinates": [[112.6765484, -7.352410299999999], [112.676559, -7.352555599999999], [112.67677969999998, -7.352574500000003], [112.6767835, -7.352576000000002], [112.67678569999998, -7.3525773], [112.6767889, -7.3525801]]}}, {"type": "Feature", "properties": {"layer": "osm_road", "stroke": "#999999"}, "geometry": {"type": "LineString", "coordinates": [[112.67712559999998, -7.354539499999998], [112.6768138, -7.354526499999999]]}}, {"type": "Feature", "properties": {"layer": "osm_road", "stroke": "#999999"}, "geometry": {"type": "LineString", "coordinates": [[112.67838699999999, -7.355892399999999], [112.6784084, -7.355380800000001], [112.6784142, -7.355372499999998], [112.6784214, -7.355369499999998], [112.6784311, -7.355368799999999], [112.67844019999998, -7.3553698], [112.6784541, -7.355371], [112.67846309999999, -7.355374599999998], [112.67846959999999, -7.3553828]]}}, {"type": "Feature", "properties": {"layer": "osm_road", "stroke": "#999999"}, "geometry": {"type": "LineString", "coordinates": [[112.67738150000001, -7.355799600000001], [112.67743349999999, -7.355908999999999], [112.67744700000002, -7.3559291], [112.67744889999999, -7.3559782], [112.67746270000002, -7.356176499999999]]}}, {"type": "Feature", "properties": {"layer": "osm_road", "stroke": "#999999"}, "geometry": {"type": "LineString", "coordinates": [[112.6772769, -7.355791599999998], [112.67724919999999, -7.356127900000001]]}}, {"type": "Feature", "properties": {"layer": "osm_road", "stroke": "#999999"}, "geometry": {"type": "LineString", "coordinates": [[112.67699239999999, -7.355769800000001], [112.6772769, -7.355791599999998], [112.67738150000001, -7.355799600000001], [112.6774966, -7.355808400000002], [112.67754289999999, -7.355812], [112.6776856, -7.355822899999998], [112.67805429999999, -7.3558582]]}}, {"type": "Feature", "properties": {"layer": "osm_road", "stroke": "#999999"}, "geometry": {"type": "LineString", "coordinates": [[112.67702119999998, -7.355479500000001], [112.6780795, -7.355574700000002]]}}, {"type": "Feature", "properties": {"layer": "osm_road", "stroke": "#999999"}, "geometry": {"type": "LineString", "coordinates": [[112.67696539999999, -7.3563067], [112.6769641, -7.356240200000003], [112.67699239999999, -7.355769800000001], [112.67702119999998, -7.355479500000001], [112.67704569999998, -7.3552332], [112.67705329999998, -7.3552063000000025], [112.67809449999999, -7.3553058], [112.6780882, -7.355394600000001], [112.6780795, -7.355574700000002], [112.67805429999999, -7.3558582]]}}, {"type": "Feature", "properties": {"layer": "osm_road", "stroke": "#999999"}, "geometry": {"type": "LineString", "coordinates": [[112.6762664, -7.355907300000001], [112.6758486, -7.3558904], [112.6758066, -7.3558871], [112.67577909999999, -7.355881599999998], [112.67574739999999, -7.355871100000001], [112.67552829999998, -7.355766400000001]]}}, {"type": "Feature", "properties": {"layer": "osm_road", "stroke": "#999999"}, "geometry": {"type": "LineString", "coordinates": [[112.67629739999998, -7.3556453], [112.6755624, -7.3555983000000005]]}}, {"type": "Feature", "properties": {"layer": "osm_road", "stroke": "#999999"}, "geometry": {"type": "LineString", "coordinates": [[112.67632669999999, -7.3553977], [112.6756032, -7.355344299999998]]}}, {"type": "Feature", "properties": {"layer": "osm_road", "stroke": "#999999"}, "geometry": {"type": "LineString", "coordinates": [[112.67634319999999, -7.3551484], [112.67632669999999, -7.3553977], [112.67629739999998, -7.3556453], [112.6762664, -7.355907300000001], [112.676264, -7.356075899999999], [112.6762603, -7.356168100000001]]}}, {"type": "Feature", "properties": {"layer": "osm_road", "stroke": "#999999"}, "geometry": {"type": "LineString", "coordinates": [[112.67666140000001, -7.35518], [112.6766342, -7.355174200000002], [112.67634319999999, -7.3551484], [112.67564359999999, -7.355085699999998]]}}, {"type": "Feature", "properties": {"layer": "osm_road", "stroke": "#999999"}, "geometry": {"type": "LineString", "coordinates": [[112.67909869999998, -7.3525746000000005], [112.67912729999999, -7.352561899999999], [112.67934820000002, -7.352521999999999], [112.6794788, -7.352509100000001], [112.67959829999998, -7.352489900000001]]}}, {"type": "Feature", "properties": {"layer": "osm_road", "stroke": "#999999"}, "geometry": {"type": "LineString", "coordinates": [[112.67959829999998, -7.352489900000001], [112.6796015, -7.3526609], [112.6795825, -7.353655599999999], [112.6793294, -7.353643000000001], [112.6790363, -7.3536035]]}}, {"type": "Feature", "properties": {"layer": "osm_road", "stroke": "#999999"}, "geometry": {"type": "LineString", "coordinates": [[112.67897249999999, -7.3561863999999995], [112.6789865, -7.3553938], [112.6789965, -7.3550789000000005], [112.67900689999999, -7.3547528], [112.67900869999998, -7.3546822], [112.67901529999999, -7.354425900000001], [112.67902299999999, -7.354123700000002], [112.6790295, -7.353870299999998], [112.6790363, -7.3536035], [112.67905520000001, -7.353315899999999], [112.679065, -7.353074000000001], [112.67908429999999, -7.352597399999999], [112.67909869999998, -7.3525746000000005]]}}, {"type": "Feature", "properties": {"layer": "osm_road", "stroke": "#999999"}, "geometry": {"type": "LineString", "coordinates": [[112.6739376, -7.3564467], [112.6740576, -7.356314399999997], [112.6741873, -7.3561700000000005], [112.67424149999998, -7.356118500000001], [112.67429259999999, -7.356072599999999], [112.67437109999999, -7.3560217], [112.67458669999999, -7.3559003999999995], [112.67474789999999, -7.3558349], [112.6749638, -7.3557473999999985], [112.67505319999998, -7.355731999999999], [112.6751166, -7.3557225], [112.6751757, -7.3557198], [112.67524930000002, -7.3557258], [112.6753363, -7.3557517], [112.67551530000001, -7.355816699999999], [112.67579669999999, -7.355939599999998], [112.67594890000001, -7.356016799999998], [112.6762603, -7.356168100000001], [112.67648159999999, -7.356265499999997], [112.676548, -7.3562871], [112.6766204, -7.356298899999999], [112.67676999999999, -7.3563073999999995], [112.6768461, -7.3563064], [112.67696539999999, -7.3563067], [112.677268, -7.3562503], [112.67746270000002, -7.356176499999999], [112.67752389999998, -7.356154600000001], [112.67780249999998, -7.355992799999998], [112.67794439999999, -7.355946199999999], [112.67816399999998, -7.355941999999998], [112.6783814, -7.3559757999999995], [112.67841919999998, -7.3559868], [112.6786085, -7.356101700000001], [112.6787893, -7.356184999999999], [112.6788299, -7.3561884], [112.67897249999999, -7.3561863999999995], [112.67905089999998, -7.3561491], [112.67910649999999, -7.3561172], [112.67915819999999, -7.356069300000001], [112.67926709999999, -7.3559715], [112.67954639999999, -7.3558069999999995], [112.6796825, -7.355751399999999], [112.6797872, -7.355718800000001], [112.6800934, -7.355690299999998], [112.68011010000001, -7.355403900000001], [112.6801153, -7.3551227], [112.68013369999998, -7.3544641], [112.6801284, -7.3541021]]}}, {"type": "Feature", "properties": {"layer": "osm_road", "stroke": "#999999"}, "geometry": {"type": "LineString", "coordinates": [[112.67809449999999, -7.3553058], [112.67809689999999, -7.355170200000001], [112.6781005, -7.3549669999999985], [112.6784408, -7.355008300000001], [112.67850819999998, -7.355014499999999]]}}, {"type": "Feature", "properties": {"layer": "osm_road", "stroke": "#999999"}, "geometry": {"type": "LineString", "coordinates": [[112.67712559999998, -7.354539499999998], [112.67716479999999, -7.3545489], [112.6775655, -7.354582699999998], [112.6781172, -7.354647699999998], [112.67900869999998, -7.3546822]]}}, {"type": "Feature", "properties": {"layer": "osm_road", "stroke": "#999999"}, "geometry": {"type": "LineString", "coordinates": [[112.67820259999999, -7.353013], [112.67869039999998, -7.3530696]]}}, {"type": "Feature", "properties": {"layer": "osm_road", "stroke": "#999999"}, "geometry": {"type": "LineString", "coordinates": [[112.6781899, -7.3532569], [112.67905520000001, -7.353315899999999]]}}, {"type": "Feature", "properties": {"layer": "osm_road", "stroke": "#999999"}, "geometry": {"type": "LineString", "coordinates": [[112.6771887, -7.3539965], [112.6781471, -7.354075699999998]]}}, {"type": "Feature", "properties": {"layer": "osm_road", "stroke": "#999999"}, "geometry": {"type": "LineString", "coordinates": [[112.6781471, -7.354075699999998], [112.67902299999999, -7.354123700000002]]}}, {"type": "Feature", "properties": {"layer": "osm_road", "stroke": "#999999"}, "geometry": {"type": "LineString", "coordinates": [[112.67722339999999, -7.353708999999999], [112.67771679999998, -7.353746500000001], [112.6781615, -7.353801100000001], [112.6790295, -7.353870299999998]]}}, {"type": "Feature", "properties": {"layer": "osm_road", "stroke": "#999999"}, "geometry": {"type": "LineString", "coordinates": [[112.6779266, -7.352784599999998], [112.67789119999999, -7.3534939]]}}, {"type": "Feature", "properties": {"layer": "osm_road", "stroke": "#999999"}, "geometry": {"type": "LineString", "coordinates": [[112.6776576, -7.352828099999998], [112.6776203, -7.353467799999998]]}}, {"type": "Feature", "properties": {"layer": "osm_road", "stroke": "#999999"}, "geometry": {"type": "LineString", "coordinates": [[112.6775295, -7.353459100000001], [112.67756709999999, -7.3528427]]}}, {"type": "Feature", "properties": {"layer": "osm_road", "stroke": "#999999"}, "geometry": {"type": "LineString", "coordinates": [[112.67729039999999, -7.352887399999998], [112.67724379999999, -7.353431500000001], [112.67722339999999, -7.353708999999999], [112.6771887, -7.3539965], [112.67715529999998, -7.354273299999999]]}}, {"type": "Feature", "properties": {"layer": "osm_road", "stroke": "#999999"}, "geometry": {"type": "LineString", "coordinates": [[112.678217, -7.352737600000001], [112.6779266, -7.352784599999998], [112.6776576, -7.352828099999998], [112.67760309999998, -7.3528379], [112.67756709999999, -7.3528427], [112.67729039999999, -7.352887399999998], [112.6770137, -7.352925], [112.67698709999999, -7.352936499999999], [112.67697, -7.352974], [112.67696539999999, -7.3530289], [112.67693369999999, -7.3534071]]}}, {"type": "Feature", "properties": {"layer": "osm_road", "stroke": "#999999"}, "geometry": {"type": "LineString", "coordinates": [[112.6767726, -7.35486], [112.6768138, -7.354526499999999], [112.6769285, -7.3534427], [112.67693369999999, -7.3534071], [112.6771459, -7.3534220999999995], [112.67724379999999, -7.353431500000001], [112.6775295, -7.353459100000001], [112.6776203, -7.353467799999998], [112.67789119999999, -7.3534939], [112.6781761, -7.353521399999999], [112.6790363, -7.3536035]]}}, {"type": "Feature", "properties": {"layer": "osm_road", "stroke": "#999999"}, "geometry": {"type": "LineString", "coordinates": [[112.67901529999999, -7.354425900000001], [112.6781317, -7.3543701], [112.67715529999998, -7.354273299999999], [112.67712559999998, -7.354539499999998]]}}, {"type": "Feature", "properties": {"layer": "osm_road", "stroke": "#999999"}, "geometry": {"type": "LineString", "coordinates": [[112.6761118, -7.353765899999999], [112.6756582, -7.353734399999999]]}}, {"type": "Feature", "properties": {"layer": "osm_road", "stroke": "#999999"}, "geometry": {"type": "LineString", "coordinates": [[112.6761376, -7.353413099999998], [112.6761118, -7.353765899999999], [112.6760902, -7.354092400000002]]}}, {"type": "Feature", "properties": {"layer": "osm_road", "stroke": "#999999"}, "geometry": {"type": "LineString", "coordinates": [[112.67647229999999, -7.353397199999998], [112.6764002, -7.354092499999998]]}}, {"type": "Feature", "properties": {"layer": "osm_road", "stroke": "#999999"}, "geometry": {"type": "LineString", "coordinates": [[112.678217, -7.352737600000001], [112.67820259999999, -7.353013], [112.6781899, -7.3532569], [112.6781761, -7.353521399999999], [112.6781615, -7.353801100000001], [112.6781471, -7.354075699999998], [112.6781317, -7.3543701], [112.6781172, -7.354647699999998], [112.6781005, -7.3549669999999985], [112.677972, -7.3549669999999985], [112.67697, -7.354877000000003], [112.6767726, -7.35486], [112.6766865, -7.354851599999998], [112.6763692, -7.3548234], [112.6763037, -7.354817899999997], [112.67605279999998, -7.354798399999999], [112.67568009999998, -7.354759499999999]]}}, {"type": "Feature", "properties": {"layer": "osm_road", "stroke": "#999999"}, "geometry": {"type": "LineString", "coordinates": [[112.67847479999999, -7.3526009], [112.67844739999998, -7.352617800000001], [112.67829339999999, -7.3526459], [112.67822129999999, -7.352655600000003], [112.67726649999999, -7.352810599999999], [112.6772176, -7.352811899999999], [112.67719829999999, -7.352797999999999]]}}, {"type": "Feature", "properties": {"layer": "osm_road", "stroke": "#999999"}, "geometry": {"type": "LineString", "coordinates": [[112.66322419138399, -7.377094393293547], [112.6632835, -7.3770413], [112.6633304, -7.376986799999999], [112.6633921, -7.376928199999999], [112.6635826, -7.3767473]]}}, {"type": "Feature", "properties": {"layer": "osm_road", "stroke": "#999999"}, "geometry": {"type": "LineString", "coordinates": [[112.684159, -7.356025199999999], [112.68410059999998, -7.356128700000001], [112.68402569999999, -7.356171399999999]]}}, {"type": "Feature", "properties": {"layer": "osm_road", "stroke": "#999999"}, "geometry": {"type": "LineString", "coordinates": [[112.68406289999999, -7.3560438999999995], [112.6840647, -7.3559527]]}}, {"type": "Feature", "properties": {"layer": "osm_road", "stroke": "#999999"}, "geometry": {"type": "LineString", "coordinates": [[112.68167739999998, -7.353762899999999], [112.68170559999999, -7.353799500000001], [112.68170599999999, -7.353858700000001]]}}, {"type": "Feature", "properties": {"layer": "osm_road", "stroke": "#999999"}, "geometry": {"type": "LineString", "coordinates": [[112.6853119, -7.351847099999999], [112.68507869999999, -7.352317799999998]]}}, {"type": "Feature", "properties": {"layer": "osm_road", "stroke": "#999999"}, "geometry": {"type": "LineString", "coordinates": [[112.6860924, -7.352040200000001], [112.68608839999999, -7.3522596]]}}, {"type": "Feature", "properties": {"layer": "osm_road", "stroke": "#999999"}, "geometry": {"type": "LineString", "coordinates": [[112.6809022, -7.3524096], [112.6808627, -7.353364999999997]]}}, {"type": "Feature", "properties": {"layer": "osm_road", "stroke": "#999999"}, "geometry": {"type": "LineString", "coordinates": [[112.6811139, -7.3533696000000015], [112.6810744, -7.3537308]]}}, {"type": "Feature", "properties": {"layer": "osm_road", "stroke": "#999999"}, "geometry": {"type": "LineString", "coordinates": [[112.68157829999998, -7.352321900000001], [112.6815554, -7.353364400000002]]}}, {"type": "Feature", "properties": {"layer": "osm_road", "stroke": "#999999"}, "geometry": {"type": "LineString", "coordinates": [[112.68126929999998, -7.352362], [112.68126389999999, -7.3533678]]}}, {"type": "Feature", "properties": {"layer": "osm_road", "stroke": "#999999"}, "geometry": {"type": "LineString", "coordinates": [[112.6866574, -7.352561499999999], [112.68605239999998, -7.3527691000000015]]}}, {"type": "Feature", "properties": {"layer": "osm_road", "stroke": "#999999"}, "geometry": {"type": "LineString", "coordinates": [[112.68669639999999, -7.352537900000001], [112.6866574, -7.352561499999999]]}}, {"type": "Feature", "properties": {"layer": "osm_road", "stroke": "#999999"}, "geometry": {"type": "LineString", "coordinates": [[112.68401909999999, -7.3562287999999985], [112.6834846, -7.3562699999999985]]}}, {"type": "Feature", "properties": {"layer": "osm_road", "stroke": "#999999"}, "geometry": {"type": "LineString", "coordinates": [[112.68461209999998, -7.355736199999999], [112.684229, -7.355710499999998]]}}, {"type": "Feature", "properties": {"layer": "osm_road", "stroke": "#999999"}, "geometry": {"type": "LineString", "coordinates": [[112.6841552, -7.3547585], [112.683547, -7.354760399999999]]}}, {"type": "Feature", "properties": {"layer": "osm_road", "stroke": "#999999"}, "geometry": {"type": "LineString", "coordinates": [[112.6841308, -7.355418600000003], [112.6841266, -7.3553989], [112.68410719999999, -7.3551395], [112.68410759999999, -7.355081699999999], [112.684139, -7.3549274], [112.68416520000001, -7.354789799999998], [112.6841648, -7.354776100000001], [112.6841552, -7.3547585]]}}, {"type": "Feature", "properties": {"layer": "osm_road", "stroke": "#999999"}, "geometry": {"type": "LineString", "coordinates": [[112.68493449999998, -7.3555567], [112.68478339999999, -7.3555549], [112.68476509999999, -7.3555545], [112.68463169999998, -7.355552499999998]]}}, {"type": "Feature", "properties": {"layer": "osm_road", "stroke": "#999999"}, "geometry": {"type": "LineString", "coordinates": [[112.6840219, -7.3565220999999985], [112.68401909999999, -7.3562287999999985], [112.68402569999999, -7.356171399999999], [112.6840229, -7.3561166], [112.68403839999999, -7.356069300000001], [112.68406289999999, -7.3560438999999995], [112.68410679999998, -7.356022700000001], [112.684159, -7.356025199999999], [112.6845369, -7.3560432], [112.68458859999998, -7.356028499999998], [112.6846015, -7.355995799999999], [112.68461209999998, -7.355736199999999], [112.68463169999998, -7.355552499999998], [112.68464229999998, -7.3554537], [112.6846476, -7.3551626], [112.68467400000002, -7.353968300000001], [112.6846779, -7.3539207], [112.6847063, -7.3538879999999995], [112.684778, -7.353842], [112.68489509999999, -7.353780099999999], [112.68507049999998, -7.353703999999999]]}}, {"type": "Feature", "properties": {"layer": "osm_road", "stroke": "#999999"}, "geometry": {"type": "LineString", "coordinates": [[112.6852069, -7.355555599999999], [112.6851276, -7.354710299999999], [112.6850759, -7.3539204], [112.68507049999998, -7.353703999999999]]}}, {"type": "Feature", "properties": {"layer": "osm_road", "stroke": "#999999"}, "geometry": {"type": "LineString", "coordinates": [[112.6847576, -7.352575100000001], [112.68478079999998, -7.352543500000001], [112.68492449999998, -7.352220399999998]]}}, {"type": "Feature", "properties": {"layer": "osm_road", "stroke": "#999999"}, "geometry": {"type": "LineString", "coordinates": [[112.6832503, -7.351998799999998], [112.68327659999999, -7.3520075], [112.68334349999999, -7.352065199999998], [112.68354279999998, -7.3523023], [112.68359319999999, -7.352338399999997], [112.6836858, -7.3523741], [112.6840291, -7.352428400000002], [112.6844545, -7.352499], [112.6847318, -7.352571200000001], [112.6847576, -7.352575100000001]]}}, {"type": "Feature", "properties": {"layer": "osm_road", "stroke": "#999999"}, "geometry": {"type": "LineString", "coordinates": [[112.6853848, -7.3514569], [112.6852507, -7.351816600000001]]}}, {"type": "Feature", "properties": {"layer": "osm_road", "stroke": "#999999"}, "geometry": {"type": "LineString", "coordinates": [[112.683733, -7.351397599999999], [112.6838645, -7.3514243], [112.6838917, -7.351430299999999], [112.68392679999998, -7.3514417], [112.68406059999998, -7.351479599999998], [112.6845403, -7.351589999999998], [112.685015, -7.351718600000002], [112.6852507, -7.351816600000001], [112.6853119, -7.351847099999999], [112.6854741, -7.3519156]]}}, {"type": "Feature", "properties": {"layer": "osm_road", "stroke": "#999999"}, "geometry": {"type": "LineString", "coordinates": [[112.68312349999998, -7.354436500000002], [112.6832503, -7.351998799999998]]}}, {"type": "Feature", "properties": {"layer": "osm_road", "stroke": "#999999"}, "geometry": {"type": "LineString", "coordinates": [[112.6832503, -7.351998799999998], [112.6832194, -7.351991099999999], [112.68293099999998, -7.351974199999996], [112.68262339999998, -7.351996299999999], [112.68207299999999, -7.3520373]]}}, {"type": "Feature", "properties": {"layer": "osm_road", "stroke": "#999999"}, "geometry": {"type": "LineString", "coordinates": [[112.68235709999999, -7.351195699999999], [112.6823611, -7.3513326]]}}, {"type": "Feature", "properties": {"layer": "osm_road", "stroke": "#999999"}, "geometry": {"type": "LineString", "coordinates": [[112.68207299999999, -7.3520373], [112.68129049999999, -7.352168199999999], [112.6812339, -7.352167499999999]]}}, {"type": "Feature", "properties": {"layer": "osm_road", "stroke": "#999999"}, "geometry": {"type": "LineString", "coordinates": [[112.6812339, -7.352167499999999], [112.6812101, -7.352133599999999], [112.6811991, -7.351935600000001], [112.68117599999998, -7.351624999999999]]}}, {"type": "Feature", "properties": {"layer": "osm_road", "stroke": "#999999"}, "geometry": {"type": "LineString", "coordinates": [[112.68048189999999, -7.3555611], [112.68049319999999, -7.3555812000000005], [112.68051329999999, -7.3555812000000005], [112.6805744, -7.355561900000001], [112.6808189, -7.355415999999999], [112.68115539999998, -7.355245899999999], [112.681535, -7.355068999999999]]}}, {"type": "Feature", "properties": {"layer": "osm_road", "stroke": "#999999"}, "geometry": {"type": "LineString", "coordinates": [[112.681535, -7.355068999999999], [112.6816655, -7.3550169], [112.68176259999998, -7.354975999999998], [112.68183699999999, -7.3549427], [112.68191749999998, -7.354909500000001]]}}, {"type": "Feature", "properties": {"layer": "osm_road", "stroke": "#999999"}, "geometry": {"type": "LineString", "coordinates": [[112.6808141, -7.3544735], [112.6808189, -7.355415999999999], [112.6808194, -7.355530199999999]]}}, {"type": "Feature", "properties": {"layer": "osm_road", "stroke": "#999999"}, "geometry": {"type": "LineString", "coordinates": [[112.6801261, -7.353703899999999], [112.68019299999999, -7.3537110000000006], [112.6810744, -7.3537308], [112.6816399, -7.3537483], [112.68167739999998, -7.353762899999999]]}}, {"type": "Feature", "properties": {"layer": "osm_road", "stroke": "#999999"}, "geometry": {"type": "LineString", "coordinates": [[112.68170599999999, -7.353858700000001], [112.68181840000001, -7.3538664], [112.6819242, -7.3538648]]}}, {"type": "Feature", "properties": {"layer": "osm_road", "stroke": "#999999"}, "geometry": {"type": "LineString", "coordinates": [[112.6810793, -7.3541214], [112.6810589, -7.354470299999999]]}}, {"type": "Feature", "properties": {"layer": "osm_road", "stroke": "#999999"}, "geometry": {"type": "LineString", "coordinates": [[112.68191929999999, -7.353997899999999], [112.68170599999999, -7.353993499999998]]}}, {"type": "Feature", "properties": {"layer": "osm_road", "stroke": "#999999"}, "geometry": {"type": "LineString", "coordinates": [[112.6890414, -7.3549358], [112.68898959999999, -7.3545803]]}}, {"type": "Feature", "properties": {"layer": "osm_road", "stroke": "#999999"}, "geometry": {"type": "LineString", "coordinates": [[112.686867, -7.3533187], [112.68692989999998, -7.3533279999999985], [112.6870389, -7.353317500000002], [112.687182, -7.3532886999999985], [112.6874019, -7.353234199999999], [112.687481, -7.353222299999998], [112.6875811, -7.353220200000002], [112.68767249999999, -7.3532112], [112.6882384, -7.353118], [112.6883739, -7.3531054000000005]]}}, {"type": "Feature", "properties": {"layer": "osm_road", "stroke": "#999999"}, "geometry": {"type": "LineString", "coordinates": [[112.68703779999998, -7.3550904], [112.68711789999999, -7.3550823], [112.68724919999998, -7.3550698]]}}, {"type": "Feature", "properties": {"layer": "osm_road", "stroke": "#999999"}, "geometry": {"type": "LineString", "coordinates": [[112.6901907, -7.355175699999998], [112.69007930000001, -7.3547393]]}}, {"type": "Feature", "properties": {"layer": "osm_road", "stroke": "#999999"}, "geometry": {"type": "LineString", "coordinates": [[112.68749589999999, -7.3515250000000005], [112.6874608, -7.351408499999998], [112.68744239999998, -7.3513209], [112.6874166, -7.3511857]]}}, {"type": "Feature", "properties": {"layer": "osm_road", "stroke": "#999999"}, "geometry": {"type": "LineString", "coordinates": [[112.6881857, -7.351876400000001], [112.68819279999998, -7.351903200000001]]}}, {"type": "Feature", "properties": {"layer": "osm_road", "stroke": "#999999"}, "geometry": {"type": "LineString", "coordinates": [[112.6914262, -7.3523996], [112.6908049, -7.352265100000001], [112.69071859999998, -7.352277699999999], [112.69057869999999, -7.3523121]]}}, {"type": "Feature", "properties": {"layer": "osm_road", "stroke": "#999999"}, "geometry": {"type": "LineString", "coordinates": [[112.68962819999999, -7.3553607], [112.6896116, -7.355279200000001]]}}, {"type": "Feature", "properties": {"layer": "osm_road", "stroke": "#999999"}, "geometry": {"type": "LineString", "coordinates": [[112.68649969999998, -7.3546591999999995], [112.68650369999999, -7.3546458], [112.68650139999998, -7.354629499999999], [112.6864747, -7.354474300000001], [112.6864108, -7.354103399999998], [112.6863947, -7.3540475999999995], [112.68630639999999, -7.353741799999999], [112.68629299999999, -7.353688799999999], [112.68620569999999, -7.3533187], [112.6862052, -7.353306500000001]]}}, {"type": "Feature", "properties": {"layer": "osm_road", "stroke": "#999999"}, "geometry": {"type": "LineString", "coordinates": [[112.6878469, -7.354022], [112.6875786, -7.354085800000001], [112.6872794, -7.354166300000001]]}}, {"type": "Feature", "properties": {"layer": "osm_road", "stroke": "#999999"}, "geometry": {"type": "LineString", "coordinates": [[112.6874919, -7.353629500000001], [112.68777769999998, -7.3535956]]}}, {"type": "Feature", "properties": {"layer": "osm_road", "stroke": "#999999"}, "geometry": {"type": "LineString", "coordinates": [[112.6875786, -7.354085800000001], [112.68753609999999, -7.3538504]]}}, {"type": "Feature", "properties": {"layer": "osm_road", "stroke": "#999999"}, "geometry": {"type": "LineString", "coordinates": [[112.68847049999998, -7.353670399999999], [112.68753609999999, -7.3538504], [112.6874137, -7.353872299999999]]}}, {"type": "Feature", "properties": {"layer": "osm_road", "stroke": "#999999"}, "geometry": {"type": "LineString", "coordinates": [[112.68686509999999, -7.3536584000000005], [112.68658869999999, -7.353669199999999]]}}, {"type": "Feature", "properties": {"layer": "osm_road", "stroke": "#999999"}, "geometry": {"type": "LineString", "coordinates": [[112.68697719999999, -7.354654], [112.6865754, -7.3546884000000015]]}}, {"type": "Feature", "properties": {"layer": "osm_road", "stroke": "#999999"}, "geometry": {"type": "LineString", "coordinates": [[112.6883023, -7.3520601], [112.6882147, -7.352107799999999], [112.6879215, -7.352240100000002], [112.687194, -7.3525912]]}}, {"type": "Feature", "properties": {"layer": "osm_road", "stroke": "#999999"}, "geometry": {"type": "LineString", "coordinates": [[112.6861677, -7.352093199999996], [112.68618629999999, -7.352055499999999]]}}, {"type": "Feature", "properties": {"layer": "osm_road", "stroke": "#999999"}, "geometry": {"type": "LineString", "coordinates": [[112.6861592, -7.3521124], [112.6861677, -7.352093199999996]]}}, {"type": "Feature", "properties": {"layer": "osm_road", "stroke": "#999999"}, "geometry": {"type": "LineString", "coordinates": [[112.68618629999999, -7.352055499999999], [112.68622179999998, -7.3519545000000015], [112.6862367, -7.351940600000002], [112.68626189999999, -7.351939899999999], [112.68644389999999, -7.351987300000001]]}}, {"type": "Feature", "properties": {"layer": "osm_road", "stroke": "#999999"}, "geometry": {"type": "LineString", "coordinates": [[112.6866334, -7.351560399999999], [112.6866782, -7.351562499999999], [112.68715369999998, -7.351546000000001], [112.68749589999999, -7.3515250000000005], [112.68800099999999, -7.351494499999999], [112.68810609999998, -7.351483700000002], [112.6883304, -7.351456499999999], [112.68866319999998, -7.351414]]}}, {"type": "Feature", "properties": {"layer": "osm_road", "stroke": "#999999"}, "geometry": {"type": "LineString", "coordinates": [[112.686568, -7.3515555], [112.6866334, -7.351560399999999]]}}, {"type": "Feature", "properties": {"layer": "osm_road", "stroke": "#999999"}, "geometry": {"type": "LineString", "coordinates": [[112.6882147, -7.352107799999999], [112.6883739, -7.3531054000000005], [112.68847049999998, -7.353670399999999], [112.6885354, -7.354188300000001]]}}, {"type": "Feature", "properties": {"layer": "osm_road", "stroke": "#999999"}, "geometry": {"type": "LineString", "coordinates": [[112.6881857, -7.351876400000001], [112.68816479999998, -7.3517971000000015], [112.68810609999998, -7.351483700000002]]}}, {"type": "Feature", "properties": {"layer": "osm_road", "stroke": "#999999"}, "geometry": {"type": "LineString", "coordinates": [[112.6866899, -7.352161699999997], [112.68693529999999, -7.352175500000001], [112.6872749, -7.3521566], [112.687619, -7.3521208], [112.6877137, -7.352095], [112.6877942, -7.352065], [112.6881857, -7.351876400000001]]}}, {"type": "Feature", "properties": {"layer": "osm_road", "stroke": "#999999"}, "geometry": {"type": "LineString", "coordinates": [[112.6866903, -7.352187900000001], [112.6866933, -7.352228599999998]]}}, {"type": "Feature", "properties": {"layer": "osm_road", "stroke": "#999999"}, "geometry": {"type": "LineString", "coordinates": [[112.6866782, -7.351562499999999], [112.68669570000002, -7.3518291], [112.6866936, -7.352080100000001], [112.6866899, -7.352161699999997], [112.6866903, -7.352187900000001]]}}, {"type": "Feature", "properties": {"layer": "osm_road", "stroke": "#999999"}, "geometry": {"type": "LineString", "coordinates": [[112.69489209999999, -7.351387399999998], [112.69488259999999, -7.351399100000001], [112.69487659999999, -7.351413400000002], [112.6948714, -7.351563000000001], [112.6948571, -7.351931400000001]]}}, {"type": "Feature", "properties": {"layer": "osm_road", "stroke": "#999999"}, "geometry": {"type": "LineString", "coordinates": [[112.696099, -7.3545849], [112.6961037, -7.354630799999999], [112.69611499999999, -7.354771899999999], [112.69613649999998, -7.3550211999999995], [112.69613839999998, -7.355071400000001]]}}, {"type": "Feature", "properties": {"layer": "osm_road", "stroke": "#999999"}, "geometry": {"type": "LineString", "coordinates": [[112.69629929999999, -7.3525423], [112.6963793, -7.3524728], [112.69643289999999, -7.3524242]]}}, {"type": "Feature", "properties": {"layer": "osm_road", "stroke": "#999999"}, "geometry": {"type": "LineString", "coordinates": [[112.69151729999999, -7.353583299999997], [112.69124139999998, -7.3535921], [112.69122959999999, -7.3535910000000015], [112.6912227, -7.353582699999999], [112.69120799999999, -7.353540800000001], [112.6911999, -7.353532500000001], [112.69118699999999, -7.3535295000000005], [112.6909489, -7.3535209]]}}, {"type": "Feature", "properties": {"layer": "osm_road", "stroke": "#999999"}, "geometry": {"type": "LineString", "coordinates": [[112.69156649999998, -7.352667600000001], [112.69212799999998, -7.352788000000001], [112.69218029999999, -7.352782699999999], [112.6922433, -7.352753400000002], [112.69229289999998, -7.352698900000001], [112.6924137, -7.3524212]]}}, {"type": "Feature", "properties": {"layer": "osm_road", "stroke": "#999999"}, "geometry": {"type": "LineString", "coordinates": [[112.69247079999998, -7.353283], [112.69198010000001, -7.3530592], [112.69185639999999, -7.3529775], [112.6917826, -7.3529496], [112.6917095, -7.352930999999997], [112.6915433, -7.352899699999998]]}}, {"type": "Feature", "properties": {"layer": "osm_road", "stroke": "#999999"}, "geometry": {"type": "LineString", "coordinates": [[112.6914346, -7.352185500000001], [112.6912184, -7.352143], [112.6909557, -7.3520914]]}}, {"type": "Feature", "properties": {"layer": "osm_road", "stroke": "#999999"}, "geometry": {"type": "LineString", "coordinates": [[112.6938829, -7.351199599999999], [112.69376779999999, -7.351533399999999], [112.6937507, -7.351586899999999], [112.69372929999999, -7.351636499999999], [112.6937001, -7.351711599999999], [112.69369709999998, -7.3517299000000005], [112.69370179999999, -7.3517432], [112.69370559999999, -7.351752900000001], [112.69371339999998, -7.3517645]]}}, {"type": "Feature", "properties": {"layer": "osm_road", "stroke": "#999999"}, "geometry": {"type": "LineString", "coordinates": [[112.69438339999999, -7.353401000000001], [112.69461759999999, -7.353393400000001], [112.69503420000001, -7.353368599999998], [112.69512199999998, -7.3533566], [112.6952085, -7.353329999999997], [112.6952494, -7.3533001], [112.69526650000002, -7.353288600000001], [112.69527250000002, -7.3532696999999985], [112.6952997, -7.353133800000001], [112.6952918, -7.353110200000001]]}}, {"type": "Feature", "properties": {"layer": "osm_road", "stroke": "#999999"}, "geometry": {"type": "LineString", "coordinates": [[112.6936341, -7.354537900000001], [112.69364740000002, -7.354504500000002], [112.6936535, -7.354477900000001], [112.6936507, -7.354448900000001], [112.69364479999999, -7.3543602], [112.6936535, -7.354331600000001], [112.69367190000001, -7.3543056], [112.69378689999999, -7.354225800000001]]}}, {"type": "Feature", "properties": {"layer": "osm_road", "stroke": "#999999"}, "geometry": {"type": "LineString", "coordinates": [[112.6933718, -7.354828999999999], [112.6930395, -7.3545339]]}}, {"type": "Feature", "properties": {"layer": "osm_road", "stroke": "#999999"}, "geometry": {"type": "LineString", "coordinates": [[112.6932679, -7.355736800000001], [112.6932889, -7.3550761], [112.69331349999999, -7.3549574], [112.69333899999998, -7.354894800000001], [112.6933718, -7.354828999999999], [112.6935176, -7.354668999999999], [112.693602, -7.3545757], [112.6936341, -7.354537900000001]]}}, {"type": "Feature", "properties": {"layer": "osm_road", "stroke": "#999999"}, "geometry": {"type": "LineString", "coordinates": [[112.6963736, -7.3546636], [112.69645819999998, -7.354633], [112.69656770000002, -7.354608900000001], [112.69678889999999, -7.354570000000001]]}}, {"type": "Feature", "properties": {"layer": "osm_road", "stroke": "#999999"}, "geometry": {"type": "LineString", "coordinates": [[112.69635779999999, -7.354491200000002], [112.6963736, -7.3546636], [112.69638329999998, -7.354743199999998], [112.69639919999999, -7.354878500000001], [112.69645839999998, -7.355438799999999], [112.69645569999999, -7.355521300000001]]}}, {"type": "Feature", "properties": {"layer": "osm_road", "stroke": "#999999"}, "geometry": {"type": "LineString", "coordinates": [[112.6969653, -7.3541367], [112.6969667, -7.354171299999998], [112.69698280000001, -7.354867100000001]]}}, {"type": "Feature", "properties": {"layer": "osm_road", "stroke": "#999999"}, "geometry": {"type": "LineString", "coordinates": [[112.69647449999998, -7.352374299999997], [112.6969667, -7.3517439], [112.69697439999999, -7.351714]]}}, {"type": "Feature", "properties": {"layer": "osm_road", "stroke": "#999999"}, "geometry": {"type": "LineString", "coordinates": [[112.6970759, -7.3512790999999975], [112.6970699, -7.3513036000000005], [112.69683839999999, -7.351531199999999]]}}, {"type": "Feature", "properties": {"layer": "osm_road", "stroke": "#999999"}, "geometry": {"type": "LineString", "coordinates": [[112.69697439999999, -7.351714], [112.6969667, -7.351692000000001], [112.69683839999999, -7.351531199999999], [112.6967065, -7.351374100000001], [112.6967034, -7.3513599], [112.6967186, -7.351338200000001], [112.6968969, -7.351156], [112.6969183, -7.3511417], [112.69693449999998, -7.351138700000001], [112.6970619, -7.351257099999998], [112.6970759, -7.3512790999999975]]}}, {"type": "Feature", "properties": {"layer": "osm_road", "stroke": "#999999"}, "geometry": {"type": "LineString", "coordinates": [[112.6915792, -7.354421000000001], [112.69150169999999, -7.354426699999998]]}}, {"type": "Feature", "properties": {"layer": "osm_road", "stroke": "#999999"}, "geometry": {"type": "LineString", "coordinates": [[112.69730659999999, -7.3537117], [112.6972604, -7.353652600000001]]}}, {"type": "Feature", "properties": {"layer": "osm_road", "stroke": "#999999"}, "geometry": {"type": "LineString", "coordinates": [[112.69514279999999, -7.354794400000001], [112.6951106, -7.3546754]]}}, {"type": "Feature", "properties": {"layer": "osm_road", "stroke": "#999999"}, "geometry": {"type": "LineString", "coordinates": [[112.69620489999998, -7.354369499999998], [112.6961875, -7.3542689999999995], [112.69619, -7.354242600000001], [112.6962034, -7.354219700000002], [112.6962291, -7.3542032], [112.6967702, -7.353974400000001], [112.6967853, -7.353962499999998], [112.69679329999998, -7.353939800000001], [112.6967943, -7.353911900000001], [112.69666949999998, -7.3535645999999995]]}}, {"type": "Feature", "properties": {"layer": "osm_road", "stroke": "#999999"}, "geometry": {"type": "LineString", "coordinates": [[112.6956452, -7.3544655000000025], [112.69590879999998, -7.354393899999998], [112.69593599999999, -7.3543914], [112.6959619, -7.3543964000000015], [112.6959971, -7.3544386]]}}, {"type": "Feature", "properties": {"layer": "osm_road", "stroke": "#999999"}, "geometry": {"type": "LineString", "coordinates": [[112.6956671, -7.3545476999999995], [112.6956452, -7.3544655000000025], [112.69562419999998, -7.3543841000000025], [112.69549129999999, -7.353856999999998]]}}, {"type": "Feature", "properties": {"layer": "osm_road", "stroke": "#999999"}, "geometry": {"type": "LineString", "coordinates": [[112.69485179999998, -7.354689999999999], [112.6949302, -7.354868199999998]]}}, {"type": "Feature", "properties": {"layer": "osm_road", "stroke": "#999999"}, "geometry": {"type": "LineString", "coordinates": [[112.69485179999998, -7.354689999999999], [112.69477369999998, -7.354454999999999]]}}, {"type": "Feature", "properties": {"layer": "osm_road", "stroke": "#999999"}, "geometry": {"type": "LineString", "coordinates": [[112.6946388, -7.354768800000001], [112.69485179999998, -7.354689999999999]]}}, {"type": "Feature", "properties": {"layer": "osm_road", "stroke": "#999999"}, "geometry": {"type": "LineString", "coordinates": [[112.6946788, -7.3549986], [112.6946388, -7.354768800000001]]}}, {"type": "Feature", "properties": {"layer": "osm_road", "stroke": "#999999"}, "geometry": {"type": "LineString", "coordinates": [[112.6939508, -7.355469599999999], [112.69391689999999, -7.3550575], [112.69388810000001, -7.354613800000002]]}}, {"type": "Feature", "properties": {"layer": "osm_road", "stroke": "#999999"}, "geometry": {"type": "LineString", "coordinates": [[112.6915943, -7.354535], [112.6916854, -7.3545091000000005]]}}, {"type": "Feature", "properties": {"layer": "osm_road", "stroke": "#999999"}, "geometry": {"type": "LineString", "coordinates": [[112.691552, -7.354078599999999], [112.69147079999999, -7.354087500000001]]}}, {"type": "Feature", "properties": {"layer": "osm_road", "stroke": "#999999"}, "geometry": {"type": "LineString", "coordinates": [[112.6926378, -7.352397500000002], [112.6924584, -7.352783799999999], [112.6924271, -7.3528465]]}}, {"type": "Feature", "properties": {"layer": "osm_road", "stroke": "#999999"}, "geometry": {"type": "LineString", "coordinates": [[112.6931049, -7.353142600000001], [112.6928461, -7.353087600000001], [112.6925937, -7.353011099999999]]}}, {"type": "Feature", "properties": {"layer": "osm_road", "stroke": "#999999"}, "geometry": {"type": "LineString", "coordinates": [[112.69481379999999, -7.3531088], [112.6948807, -7.353118699999998], [112.6950818, -7.353156300000001]]}}, {"type": "Feature", "properties": {"layer": "osm_road", "stroke": "#999999"}, "geometry": {"type": "LineString", "coordinates": [[112.6948322, -7.3529871], [112.69481379999999, -7.3531088], [112.69469349999999, -7.353133800000001], [112.69464459999999, -7.353147099999998], [112.6945956, -7.353163699999999], [112.6945223, -7.353202900000001]]}}, {"type": "Feature", "properties": {"layer": "osm_road", "stroke": "#999999"}, "geometry": {"type": "LineString", "coordinates": [[112.6934592, -7.3531656], [112.6938214, -7.353160800000001]]}}, {"type": "Feature", "properties": {"layer": "osm_road", "stroke": "#999999"}, "geometry": {"type": "LineString", "coordinates": [[112.6929682, -7.3537057999999975], [112.69299829999999, -7.353692500000001], [112.6930158, -7.3536798], [112.69302579999999, -7.353659199999999], [112.6930325, -7.3536339], [112.6931049, -7.353142600000001], [112.69316509999999, -7.352756999999998], [112.6931752, -7.352630800000001]]}}, {"type": "Feature", "properties": {"layer": "osm_road", "stroke": "#999999"}, "geometry": {"type": "LineString", "coordinates": [[112.6934963, -7.3527218], [112.6934592, -7.3531656], [112.6934559, -7.3533465]]}}, {"type": "Feature", "properties": {"layer": "osm_road", "stroke": "#999999"}, "geometry": {"type": "LineString", "coordinates": [[112.69462759999999, -7.3515492], [112.6947702, -7.3515543999999995], [112.6948714, -7.351563000000001]]}}, {"type": "Feature", "properties": {"layer": "osm_road", "stroke": "#999999"}, "geometry": {"type": "LineString", "coordinates": [[112.6957619, -7.351664099999999], [112.6958029, -7.351689899999999]]}}, {"type": "Feature", "properties": {"layer": "osm_road", "stroke": "#999999"}, "geometry": {"type": "LineString", "coordinates": [[112.695556, -7.3514992], [112.6957619, -7.351664099999999]]}}, {"type": "Feature", "properties": {"layer": "osm_road", "stroke": "#999999"}, "geometry": {"type": "LineString", "coordinates": [[112.69558699999999, -7.352223000000001], [112.69531249999999, -7.352036400000002]]}}, {"type": "Feature", "properties": {"layer": "osm_road", "stroke": "#999999"}, "geometry": {"type": "LineString", "coordinates": [[112.69535819999999, -7.3524759], [112.6951037, -7.3522807], [112.69493079999998, -7.352166899999999]]}}, {"type": "Feature", "properties": {"layer": "osm_road", "stroke": "#999999"}, "geometry": {"type": "LineString", "coordinates": [[112.694421, -7.3522633], [112.6945399, -7.3523358000000005], [112.6945728, -7.3523603999999985], [112.69461569999999, -7.352399], [112.6946794, -7.3524635], [112.69470159999999, -7.352480099999999], [112.6947552, -7.352515300000003], [112.6948297, -7.352543599999999], [112.69489329999999, -7.352561899999999], [112.6949403, -7.352579199999998], [112.69497649999998, -7.352585799999998], [112.6950229, -7.3525827999999995], [112.6950793, -7.352590500000001], [112.69519799999999, -7.352649099999999]]}}, {"type": "Feature", "properties": {"layer": "osm_road", "stroke": "#999999"}, "geometry": {"type": "LineString", "coordinates": [[112.6959227, -7.351804099999999], [112.69558699999999, -7.352223000000001], [112.69535819999999, -7.3524759], [112.69526489999998, -7.352579000000001], [112.69519799999999, -7.352649099999999], [112.6951388, -7.352718799999999]]}}, {"type": "Feature", "properties": {"layer": "osm_road", "stroke": "#999999"}, "geometry": {"type": "LineString", "coordinates": [[112.6959227, -7.351804099999999], [112.69626759999998, -7.351411699999997]]}}, {"type": "Feature", "properties": {"layer": "osm_road", "stroke": "#999999"}, "geometry": {"type": "LineString", "coordinates": [[112.69379479999999, -7.352134099999999], [112.6938593, -7.352165499999998], [112.6938955, -7.3521802], [112.6939331, -7.3521881], [112.69401070000002, -7.352196300000001]]}}, {"type": "Feature", "properties": {"layer": "osm_road", "stroke": "#999999"}, "geometry": {"type": "LineString", "coordinates": [[112.6938304, -7.3520333], [112.6940283, -7.352040099999999], [112.69422, -7.352030799999999], [112.69437989999999, -7.3520319]]}}, {"type": "Feature", "properties": {"layer": "osm_road", "stroke": "#999999"}, "geometry": {"type": "LineString", "coordinates": [[112.69460309999998, -7.3519216], [112.69450039999998, -7.351900200000001], [112.69439579999998, -7.351892199999998], [112.69430929999999, -7.351896199999999], [112.6941557, -7.351918099999998], [112.69403699999998, -7.351933399999999], [112.69401729999998, -7.351933799999997], [112.69398099999998, -7.351929400000002], [112.69394179999999, -7.3519291], [112.693872, -7.3519104]]}}, {"type": "Feature", "properties": {"layer": "osm_road", "stroke": "#999999"}, "geometry": {"type": "LineString", "coordinates": [[112.69260339999998, -7.351841399999998], [112.69268, -7.351692000000001]]}}, {"type": "Feature", "properties": {"layer": "osm_road", "stroke": "#999999"}, "geometry": {"type": "LineString", "coordinates": [[112.69371339999998, -7.3517645], [112.69372489999999, -7.351770000000002], [112.6939064, -7.351807599999999]]}}, {"type": "Feature", "properties": {"layer": "osm_road", "stroke": "#999999"}, "geometry": {"type": "LineString", "coordinates": [[112.69149549999999, -7.3523119], [112.69186279999998, -7.352429299999998], [112.6918772, -7.352456800000001], [112.6918732, -7.3524834], [112.69186379999998, -7.352543299999999], [112.69184899999999, -7.3525606], [112.69182889999999, -7.3525645], [112.6914908, -7.352458100000001]]}}, {"type": "Feature", "properties": {"layer": "osm_road", "stroke": "#999999"}, "geometry": {"type": "LineString", "coordinates": [[112.6917007, -7.351641299999999], [112.69170939999998, -7.3515089], [112.6917169, -7.351457199999998]]}}, {"type": "Feature", "properties": {"layer": "osm_road", "stroke": "#999999"}, "geometry": {"type": "LineString", "coordinates": [[112.69154029999999, -7.351642700000001], [112.6917007, -7.351641299999999], [112.69170769999998, -7.3517919], [112.6917336, -7.351819699999999], [112.6917667, -7.3518249], [112.6919017, -7.351827500000001]]}}, {"type": "Feature", "properties": {"layer": "osm_road", "stroke": "#999999"}, "geometry": {"type": "LineString", "coordinates": [[112.69141449999998, -7.353042499999999], [112.6911864, -7.352978399999998], [112.69091779999998, -7.352915699999996], [112.6904991, -7.352824]]}}, {"type": "Feature", "properties": {"layer": "osm_road", "stroke": "#999999"}, "geometry": {"type": "LineString", "coordinates": [[112.69293359999999, -7.3520351], [112.6929401, -7.3520234]]}}, {"type": "Feature", "properties": {"layer": "osm_road", "stroke": "#999999"}, "geometry": {"type": "LineString", "coordinates": [[112.6929055, -7.352088799999999], [112.69293359999999, -7.3520351]]}}, {"type": "Feature", "properties": {"layer": "osm_road", "stroke": "#999999"}, "geometry": {"type": "LineString", "coordinates": [[112.6927637, -7.3524528], [112.69286789999998, -7.352164700000001], [112.6929055, -7.352088799999999]]}}, {"type": "Feature", "properties": {"layer": "osm_road", "stroke": "#999999"}, "geometry": {"type": "LineString", "coordinates": [[112.6938304, -7.3520333], [112.69379479999999, -7.352134099999999], [112.693746, -7.3522314], [112.69371519999999, -7.35225], [112.6936857, -7.352254600000001], [112.69364949999999, -7.3522467], [112.69315499999999, -7.352112899999999], [112.6929401, -7.3520234], [112.6927683, -7.3519309], [112.69260339999998, -7.351841399999998], [112.69242839999998, -7.351692000000001], [112.69239619999999, -7.351654799999999], [112.6921699, -7.351277099999997], [112.69215410000001, -7.351251400000001], [112.69214269999999, -7.3512154999999995], [112.69213249999999, -7.351164299999998]]}}, {"type": "Feature", "properties": {"layer": "osm_road", "stroke": "#999999"}, "geometry": {"type": "LineString", "coordinates": [[112.694555, -7.3520305], [112.69437989999999, -7.3520319], [112.69427639999999, -7.352095], [112.6942309, -7.352127699999996], [112.6942013, -7.352161499999999], [112.6941688, -7.3522091]]}}, {"type": "Feature", "properties": {"layer": "osm_road", "stroke": "#999999"}, "geometry": {"type": "LineString", "coordinates": [[112.69154429999999, -7.351538099999997], [112.69146139999998, -7.351533699999999]]}}, {"type": "Feature", "properties": {"layer": "osm_road", "stroke": "#999999"}, "geometry": {"type": "LineString", "coordinates": [[112.6909579, -7.351909599999998], [112.6914622, -7.3520138]]}}, {"type": "Feature", "properties": {"layer": "osm_road", "stroke": "#999999"}, "geometry": {"type": "LineString", "coordinates": [[112.66291129999999, -7.3472278], [112.66295219999999, -7.3469782000000015], [112.6629482, -7.346945599999998], [112.66293209999999, -7.346914299999999], [112.66254719999999, -7.346809300000001], [112.66252739999999, -7.346787300000002], [112.6625217, -7.3467627], [112.6625204, -7.346681599999998], [112.66252309999999, -7.346548600000001]]}}, {"type": "Feature", "properties": {"layer": "osm_road", "stroke": "#999999"}, "geometry": {"type": "LineString", "coordinates": [[112.66417389999998, -7.345243700000001], [112.66366569999998, -7.345174600000002]]}}, {"type": "Feature", "properties": {"layer": "osm_road", "stroke": "#999999"}, "geometry": {"type": "LineString", "coordinates": [[112.6645256, -7.342689499999997], [112.6645463, -7.342517799999999]]}}, {"type": "Feature", "properties": {"layer": "osm_road", "stroke": "#999999"}, "geometry": {"type": "LineString", "coordinates": [[112.6694941, -7.363046800000001], [112.67002979999998, -7.362790500000001], [112.6701493, -7.362729500000003], [112.67016469999999, -7.362726899999998], [112.67018009999998, -7.362730200000001], [112.6702016, -7.362760800000001]]}}, {"type": "Feature", "properties": {"layer": "osm_road", "stroke": "#999999"}, "geometry": {"type": "LineString", "coordinates": [[112.6697463, -7.3649567000000005], [112.66942669999999, -7.364972300000001]]}}, {"type": "Feature", "properties": {"layer": "osm_road", "stroke": "#999999"}, "geometry": {"type": "LineString", "coordinates": [[112.66601269999998, -7.3640348999999965], [112.66601269999998, -7.3642357999999986], [112.66602209999999, -7.364380799999999], [112.6660287, -7.364548400000001]]}}, {"type": "Feature", "properties": {"layer": "osm_road", "stroke": "#999999"}, "geometry": {"type": "LineString", "coordinates": [[112.66597509999998, -7.3650896999999995], [112.6658951, -7.3648754]]}}, {"type": "Feature", "properties": {"layer": "osm_road", "stroke": "#999999"}, "geometry": {"type": "LineString", "coordinates": [[112.6669361, -7.3664318], [112.6668549, -7.364735900000001], [112.66686420000002, -7.3646813], [112.66688029999999, -7.364653400000001], [112.66697319999999, -7.364620200000001], [112.6671003, -7.364588899999999], [112.66720149999999, -7.3645278], [112.6672733, -7.3644885], [112.6673497, -7.364406099999999], [112.6673598, -7.364381499999999], [112.66735779999999, -7.364287699999999]]}}, {"type": "Feature", "properties": {"layer": "osm_road", "stroke": "#999999"}, "geometry": {"type": "LineString", "coordinates": [[112.6645554, -7.366187499999999], [112.66473319999999, -7.366190999999999]]}}, {"type": "Feature", "properties": {"layer": "osm_road", "stroke": "#999999"}, "geometry": {"type": "LineString", "coordinates": [[112.6630267, -7.366205100000001], [112.6635343, -7.366014099999999], [112.6642692, -7.365746700000001], [112.66432419999998, -7.3657228], [112.6643738, -7.365716199999998], [112.6644141, -7.365744099999996], [112.66452499999998, -7.3660968], [112.6645554, -7.366187499999999], [112.6646394, -7.366411800000001]]}}, {"type": "Feature", "properties": {"layer": "osm_road", "stroke": "#999999"}, "geometry": {"type": "LineString", "coordinates": [[112.66706939999999, -7.3600728], [112.66693259999998, -7.3617327], [112.66684139999998, -7.362880499999998], [112.66683659999998, -7.3629864], [112.666833, -7.363046599999998], [112.666828, -7.363099999999998]]}}, {"type": "Feature", "properties": {"layer": "osm_road", "stroke": "#999999"}, "geometry": {"type": "LineString", "coordinates": [[112.666828, -7.363099999999998], [112.6667824, -7.364101399999999], [112.66677399999999, -7.3643431]]}}, {"type": "Feature", "properties": {"layer": "osm_road", "stroke": "#999999"}, "geometry": {"type": "LineString", "coordinates": [[112.66796529999999, -7.362834], [112.66790089999999, -7.363069400000002], [112.6678754, -7.363094599999999], [112.6678352, -7.3631093000000005], [112.6676365, -7.3631207000000005]]}}, {"type": "Feature", "properties": {"layer": "osm_road", "stroke": "#999999"}, "geometry": {"type": "LineString", "coordinates": [[112.667689, -7.362730200000001], [112.6676365, -7.3631207000000005], [112.66757769999998, -7.363812899999998]]}}, {"type": "Feature", "properties": {"layer": "osm_road", "stroke": "#999999"}, "geometry": {"type": "LineString", "coordinates": [[112.66536619999998, -7.364440599999999], [112.66537159999999, -7.364653500000001], [112.6653841, -7.3648058]]}}, {"type": "Feature", "properties": {"layer": "osm_road", "stroke": "#999999"}, "geometry": {"type": "LineString", "coordinates": [[112.66615210000002, -7.365943599999999], [112.6661548, -7.3658771000000005], [112.66613600000001, -7.365749399999998], [112.66611319999998, -7.365714799999999], [112.6660717, -7.3656882], [112.6659912, -7.3656723], [112.66568739999998, -7.3656397], [112.6656583, -7.3656226999999985], [112.6656425, -7.3656008], [112.6656334, -7.365575499999999], [112.6655915, -7.3651482], [112.66556259999999, -7.364993300000001]]}}, {"type": "Feature", "properties": {"layer": "osm_road", "stroke": "#999999"}, "geometry": {"type": "LineString", "coordinates": [[112.6680189, -7.365374300000001], [112.66795989999999, -7.365337099999999], [112.6679304, -7.365327799999998], [112.66786069999999, -7.3653185]]}}, {"type": "Feature", "properties": {"layer": "osm_road", "stroke": "#999999"}, "geometry": {"type": "LineString", "coordinates": [[112.66767019999999, -7.364169300000001], [112.6676917, -7.364397999999999], [112.6677185, -7.364571000000001], [112.66772389999998, -7.364706699999999], [112.66772659999998, -7.3652972], [112.66786069999999, -7.3653185]]}}, {"type": "Feature", "properties": {"layer": "osm_road", "stroke": "#999999"}, "geometry": {"type": "LineString", "coordinates": [[112.66957859999998, -7.363564099999997], [112.66930509999999, -7.363593399999999]]}}, {"type": "Feature", "properties": {"layer": "osm_road", "stroke": "#999999"}, "geometry": {"type": "LineString", "coordinates": [[112.6698214, -7.3641160999999995], [112.6697731, -7.3640096999999995], [112.6697141, -7.363972499999999], [112.66962019999998, -7.363953899999999], [112.66930849999999, -7.363959100000001]]}}, {"type": "Feature", "properties": {"layer": "osm_road", "stroke": "#999999"}, "geometry": {"type": "LineString", "coordinates": [[112.66938569999999, -7.3652391], [112.66945210000002, -7.3652266], [112.66954479999998, -7.3652274], [112.66961129999999, -7.3652615], [112.66961859999999, -7.365351600000001], [112.6695816, -7.365414799999999], [112.6694025, -7.3654437]]}}, {"type": "Feature", "properties": {"layer": "osm_road", "stroke": "#999999"}, "geometry": {"type": "LineString", "coordinates": [[112.6693415, -7.3644411], [112.6694493, -7.3644486], [112.6694747, -7.3644566000000005], [112.66948679999999, -7.364470599999999], [112.66949289999998, -7.3644965000000004], [112.6695089, -7.364753199999997]]}}, {"type": "Feature", "properties": {"layer": "osm_road", "stroke": "#999999"}, "geometry": {"type": "LineString", "coordinates": [[112.66899789999998, -7.365935600000003], [112.66896079999998, -7.365650400000001]]}}, {"type": "Feature", "properties": {"layer": "osm_road", "stroke": "#999999"}, "geometry": {"type": "LineString", "coordinates": [[112.668783, -7.365265199999999], [112.66882360000001, -7.3656416999999985], [112.66883299999999, -7.3656562999999995], [112.66885579999999, -7.365661599999999], [112.66896079999998, -7.365650400000001], [112.6693741, -7.365578500000001], [112.66939159999998, -7.365570499999999], [112.66940299999999, -7.3655632], [112.669413, -7.365543299999997]]}}, {"type": "Feature", "properties": {"layer": "osm_road", "stroke": "#999999"}, "geometry": {"type": "LineString", "coordinates": [[112.669413, -7.365543299999997], [112.6694025, -7.3654437], [112.66938569999999, -7.3652391], [112.66936629999998, -7.364977500000002], [112.6693415, -7.3644411], [112.66931179999999, -7.364156], [112.66930849999999, -7.363959100000001], [112.66930509999999, -7.363593399999999], [112.669301, -7.363506999999999], [112.66927509999998, -7.363380500000001]]}}, {"type": "Feature", "properties": {"layer": "osm_road", "stroke": "#999999"}, "geometry": {"type": "LineString", "coordinates": [[112.6628227, -7.3748902], [112.6625901, -7.3749159], [112.66239859999999, -7.374932999999999], [112.66236950477963, -7.374936728138375]]}}, {"type": "Feature", "properties": {"layer": "osm_road", "stroke": "#999999"}, "geometry": {"type": "LineString", "coordinates": [[112.67564449999999, -7.365532600000001], [112.6755534, -7.365741800000001]]}}, {"type": "Feature", "properties": {"layer": "osm_road", "stroke": "#999999"}, "geometry": {"type": "LineString", "coordinates": [[112.675328, -7.359878599999999], [112.67540309999998, -7.3605835]]}}, {"type": "Feature", "properties": {"layer": "osm_road", "stroke": "#999999"}, "geometry": {"type": "LineString", "coordinates": [[112.6757008, -7.3601446], [112.67567329999999, -7.360207799999999], [112.67566259999998, -7.360241699999998], [112.67567929999998, -7.360482399999997]]}}, {"type": "Feature", "properties": {"layer": "osm_road", "stroke": "#999999"}, "geometry": {"type": "LineString", "coordinates": [[112.67586709999999, -7.361219299999998], [112.67607499999998, -7.3607232], [112.676146, -7.3605934999999985]]}}, {"type": "Feature", "properties": {"layer": "osm_road", "stroke": "#999999"}, "geometry": {"type": "LineString", "coordinates": [[112.6728389, -7.3626238000000015], [112.67302529999999, -7.362625099999999]]}}, {"type": "Feature", "properties": {"layer": "osm_road", "stroke": "#999999"}, "geometry": {"type": "LineString", "coordinates": [[112.6728389, -7.3626238000000015], [112.67280400000001, -7.3626571], [112.67278630000001, -7.3627237], [112.6727678, -7.362994899999999]]}}, {"type": "Feature", "properties": {"layer": "osm_road", "stroke": "#999999"}, "geometry": {"type": "LineString", "coordinates": [[112.67056029999999, -7.363255599999999], [112.6705685, -7.3628179000000005]]}}, {"type": "Feature", "properties": {"layer": "osm_road", "stroke": "#999999"}, "geometry": {"type": "LineString", "coordinates": [[112.67523539999999, -7.364975300000001], [112.67525979999999, -7.3649941]]}}, {"type": "Feature", "properties": {"layer": "osm_road", "stroke": "#999999"}, "geometry": {"type": "LineString", "coordinates": [[112.67517909999998, -7.364934099999999], [112.67523539999999, -7.364975300000001]]}}, {"type": "Feature", "properties": {"layer": "osm_road", "stroke": "#999999"}, "geometry": {"type": "LineString", "coordinates": [[112.6751611, -7.3649178], [112.67517909999998, -7.364934099999999]]}}, {"type": "Feature", "properties": {"layer": "osm_road", "stroke": "#999999"}, "geometry": {"type": "LineString", "coordinates": [[112.6734638, -7.360756399999998], [112.673551, -7.360753800000001]]}}, {"type": "Feature", "properties": {"layer": "osm_road", "stroke": "#999999"}, "geometry": {"type": "LineString", "coordinates": [[112.67172569999998, -7.3615092], [112.67177939999999, -7.3620625]]}}, {"type": "Feature", "properties": {"layer": "osm_road", "stroke": "#999999"}, "geometry": {"type": "LineString", "coordinates": [[112.672427, -7.361884500000001], [112.67242039999998, -7.3618045]]}}, {"type": "Feature", "properties": {"layer": "osm_road", "stroke": "#999999"}, "geometry": {"type": "LineString", "coordinates": [[112.670508, -7.360652699999999], [112.67047309999998, -7.360437900000001]]}}, {"type": "Feature", "properties": {"layer": "osm_road", "stroke": "#999999"}, "geometry": {"type": "LineString", "coordinates": [[112.66862239999999, -7.361642199999999], [112.6692246, -7.361663499999997], [112.6692688, -7.361661500000002], [112.66931439999999, -7.361651500000001], [112.66979589999998, -7.3613696], [112.67058819999998, -7.3609626], [112.67059749999999, -7.360947900000001], [112.6705955, -7.3609295999999995], [112.670508, -7.360652699999999]]}}, {"type": "Feature", "properties": {"layer": "osm_road", "stroke": "#999999"}, "geometry": {"type": "LineString", "coordinates": [[112.670508, -7.360652699999999], [112.67074409999998, -7.360599500000001], [112.6710016, -7.360518299999998], [112.67116389999998, -7.360453800000001], [112.6714739, -7.360311499999999]]}}, {"type": "Feature", "properties": {"layer": "osm_road", "stroke": "#999999"}, "geometry": {"type": "LineString", "coordinates": [[112.67433779999999, -7.362231800000001], [112.6746185, -7.362337899999999]]}}, {"type": "Feature", "properties": {"layer": "osm_road", "stroke": "#999999"}, "geometry": {"type": "LineString", "coordinates": [[112.67534939999999, -7.361966800000001], [112.6744999, -7.361693900000001]]}}, {"type": "Feature", "properties": {"layer": "osm_road", "stroke": "#999999"}, "geometry": {"type": "LineString", "coordinates": [[112.67530919999999, -7.362363799999999], [112.6748465, -7.362201499999999], [112.67438589999999, -7.362032000000001]]}}, {"type": "Feature", "properties": {"layer": "osm_road", "stroke": "#999999"}, "geometry": {"type": "LineString", "coordinates": [[112.67455209999999, -7.361187700000001], [112.6745662, -7.3612804999999994], [112.67456549999999, -7.3613795], [112.67456079999998, -7.3614281], [112.6745488, -7.3615039000000015], [112.67452059999998, -7.361631599999999], [112.6744999, -7.361693900000001], [112.67438589999999, -7.362032000000001], [112.67433779999999, -7.362231800000001], [112.67428189999998, -7.362369799999998], [112.67428189999998, -7.362408300000002], [112.67428789999998, -7.3624356], [112.6743194, -7.362493499999997]]}}, {"type": "Feature", "properties": {"layer": "osm_road", "stroke": "#999999"}, "geometry": {"type": "LineString", "coordinates": [[112.6750328, -7.360479299999999], [112.6748639, -7.360507700000002], [112.6748385, -7.360531599999999], [112.67482099999998, -7.3605689000000005], [112.67481709999998, -7.360658800000002]]}}, {"type": "Feature", "properties": {"layer": "osm_road", "stroke": "#999999"}, "geometry": {"type": "LineString", "coordinates": [[112.67312589999999, -7.360761699999999], [112.6734638, -7.360756399999998], [112.67346399999998, -7.360507700000002], [112.6734647, -7.3598051]]}}, {"type": "Feature", "properties": {"layer": "osm_road", "stroke": "#999999"}, "geometry": {"type": "LineString", "coordinates": [[112.67270209999998, -7.3601019999999995], [112.67273159999999, -7.360550299999999], [112.67271279999999, -7.360576900000002], [112.67268999999999, -7.360600800000002], [112.67255320000001, -7.360713900000001], [112.67253849999999, -7.3607418], [112.6725318, -7.3607711], [112.67255189999999, -7.361182]]}}, {"type": "Feature", "properties": {"layer": "osm_road", "stroke": "#999999"}, "geometry": {"type": "LineString", "coordinates": [[112.6727329, -7.361112899999999], [112.67255189999999, -7.361182], [112.6726176, -7.361712099999999]]}}, {"type": "Feature", "properties": {"layer": "osm_road", "stroke": "#999999"}, "geometry": {"type": "LineString", "coordinates": [[112.6725237, -7.3616088999999985], [112.672527, -7.361744000000001]]}}, {"type": "Feature", "properties": {"layer": "osm_road", "stroke": "#999999"}, "geometry": {"type": "LineString", "coordinates": [[112.6722367, -7.361014399999998], [112.67224679999998, -7.361134799999999]]}}, {"type": "Feature", "properties": {"layer": "osm_road", "stroke": "#999999"}, "geometry": {"type": "LineString", "coordinates": [[112.6709211, -7.362041199999998], [112.67094789999999, -7.3624416]]}}, {"type": "Feature", "properties": {"layer": "osm_road", "stroke": "#999999"}, "geometry": {"type": "LineString", "coordinates": [[112.6705134, -7.362041199999998], [112.67042349999998, -7.362058500000001], [112.6704021, -7.3620825], [112.6703873, -7.3621171000000025], [112.67038189999998, -7.3626611]]}}, {"type": "Feature", "properties": {"layer": "osm_road", "stroke": "#999999"}, "geometry": {"type": "LineString", "coordinates": [[112.6720798, -7.363264899999999], [112.6720114, -7.3632503], [112.67196309999999, -7.3632197], [112.671941, -7.363199100000001], [112.67191079999999, -7.363137200000001], [112.67189469999998, -7.363063299999999], [112.67187599999998, -7.362294299999998]]}}, {"type": "Feature", "properties": {"layer": "osm_road", "stroke": "#999999"}, "geometry": {"type": "LineString", "coordinates": [[112.67230779999998, -7.3629643], [112.67220709999998, -7.362562599999999], [112.672179, -7.3624801], [112.6722035, -7.362123400000001]]}}, {"type": "Feature", "properties": {"layer": "osm_road", "stroke": "#999999"}, "geometry": {"type": "LineString", "coordinates": [[112.67286299999999, -7.3623099], [112.67285260000001, -7.361904599999998]]}}, {"type": "Feature", "properties": {"layer": "osm_road", "stroke": "#999999"}, "geometry": {"type": "LineString", "coordinates": [[112.6735148, -7.362911099999999], [112.67325459999999, -7.362887200000001]]}}, {"type": "Feature", "properties": {"layer": "osm_road", "stroke": "#999999"}, "geometry": {"type": "LineString", "coordinates": [[112.6741277, -7.366068599999998], [112.673882, -7.365891800000001]]}}, {"type": "Feature", "properties": {"layer": "osm_road", "stroke": "#999999"}, "geometry": {"type": "LineString", "coordinates": [[112.67574909999999, -7.3647412], [112.675485, -7.3646171]]}}, {"type": "Feature", "properties": {"layer": "osm_road", "stroke": "#999999"}, "geometry": {"type": "LineString", "coordinates": [[112.67487729999999, -7.365398300000001], [112.67481299999999, -7.365363699999999]]}}, {"type": "Feature", "properties": {"layer": "osm_road", "stroke": "#999999"}, "geometry": {"type": "LineString", "coordinates": [[112.67490029999999, -7.3654135], [112.67487729999999, -7.365398300000001]]}}, {"type": "Feature", "properties": {"layer": "osm_road", "stroke": "#999999"}, "geometry": {"type": "LineString", "coordinates": [[112.67481299999999, -7.365363699999999], [112.67479749999998, -7.365353699999997], [112.67433729999999, -7.3650911]]}}, {"type": "Feature", "properties": {"layer": "osm_road", "stroke": "#999999"}, "geometry": {"type": "LineString", "coordinates": [[112.67430599999999, -7.3660154], [112.67437459999998, -7.365938499999999], [112.67450849999999, -7.3657840000000006], [112.6745407, -7.3657433999999995], [112.6745669, -7.365708800000001], [112.67479749999998, -7.365353699999997], [112.6750805, -7.3650259], [112.67512079999999, -7.364975300000001], [112.6751611, -7.3649178], [112.67539699999999, -7.364541699999998], [112.67545, -7.364459899999999], [112.6754715, -7.364420700000001], [112.6754864, -7.364389799999999], [112.6755606, -7.3642357999999986], [112.675735, -7.363939899999999], [112.67577789999999, -7.363883999999999], [112.6758235, -7.3638408], [112.67588649999999, -7.363787599999998], [112.6760039, -7.363705099999998], [112.67612259999999, -7.363625299999999], [112.676201, -7.3635489], [112.67628689999998, -7.3634678000000005], [112.6767059, -7.362885800000001], [112.6767536, -7.3628373], [112.6767824, -7.362814699999999], [112.67702039999999, -7.3626210999999975]]}}, {"type": "Feature", "properties": {"layer": "osm_road", "stroke": "#999999"}, "geometry": {"type": "LineString", "coordinates": [[112.67114929999998, -7.365780999999999], [112.67134179999998, -7.365743899999998]]}}, {"type": "Feature", "properties": {"layer": "osm_road", "stroke": "#999999"}, "geometry": {"type": "LineString", "coordinates": [[112.67302529999999, -7.362625099999999], [112.6730669, -7.362586599999998], [112.67307899999999, -7.362526699999998], [112.67307489999999, -7.3620758], [112.6730239, -7.3618058]]}}, {"type": "Feature", "properties": {"layer": "osm_road", "stroke": "#999999"}, "geometry": {"type": "LineString", "coordinates": [[112.6743261, -7.361188699999999], [112.6743811, -7.361304400000002], [112.6744536, -7.361269100000001]]}}, {"type": "Feature", "properties": {"layer": "osm_road", "stroke": "#999999"}, "geometry": {"type": "LineString", "coordinates": [[112.67417190000002, -7.3616382], [112.6741344, -7.361607699999999], [112.6740915, -7.3615691], [112.6740324, -7.361521200000002], [112.6739909, -7.361409500000001]]}}, {"type": "Feature", "properties": {"layer": "osm_road", "stroke": "#999999"}, "geometry": {"type": "LineString", "coordinates": [[112.6741317, -7.362573300000001], [112.67388219999998, -7.3624827999999995], [112.6738447, -7.362426999999999], [112.6738313, -7.362379099999998], [112.6738749, -7.3614504]]}}, {"type": "Feature", "properties": {"layer": "osm_road", "stroke": "#999999"}, "geometry": {"type": "LineString", "coordinates": [[112.6734558, -7.362150299999996], [112.6734454, -7.361628299999998]]}}, {"type": "Feature", "properties": {"layer": "osm_road", "stroke": "#999999"}, "geometry": {"type": "LineString", "coordinates": [[112.67402440000001, -7.3643795], [112.6737186, -7.364281], [112.67362139999999, -7.364259799999999], [112.67351879999998, -7.364240500000001], [112.6731596, -7.3642018999999985]]}}, {"type": "Feature", "properties": {"layer": "osm_road", "stroke": "#999999"}, "geometry": {"type": "LineString", "coordinates": [[112.6743168, -7.363972499999999], [112.67406199999999, -7.363908599999999], [112.6738608, -7.3638701], [112.67372799999998, -7.363854100000002], [112.67346109999998, -7.363831499999998], [112.67319199999999, -7.363813400000001]]}}, {"type": "Feature", "properties": {"layer": "osm_road", "stroke": "#999999"}, "geometry": {"type": "LineString", "coordinates": [[112.6731882, -7.363877099999999], [112.6727155, -7.3638767], [112.6721817, -7.3638874]]}}, {"type": "Feature", "properties": {"layer": "osm_road", "stroke": "#999999"}, "geometry": {"type": "LineString", "coordinates": [[112.6733029, -7.365517999999998], [112.67330029999998, -7.365289199999998]]}}, {"type": "Feature", "properties": {"layer": "osm_road", "stroke": "#999999"}, "geometry": {"type": "LineString", "coordinates": [[112.67280669999998, -7.3658851], [112.6727959, -7.3656802], [112.67278519999999, -7.365517999999998], [112.6727576, -7.365319099999998]]}}, {"type": "Feature", "properties": {"layer": "osm_road", "stroke": "#999999"}, "geometry": {"type": "LineString", "coordinates": [[112.67036659999998, -7.363600100000001], [112.6704172, -7.363603299999999], [112.67046139999998, -7.3636063], [112.6705241, -7.363609799999999]]}}, {"type": "Feature", "properties": {"layer": "osm_road", "stroke": "#999999"}, "geometry": {"type": "LineString", "coordinates": [[112.67036659999998, -7.363600100000001], [112.6701365, -7.363597400000001], [112.6701131, -7.363610699999999], [112.670097, -7.363634000000001], [112.67008889999998, -7.3636626000000005], [112.6700789, -7.364094800000001], [112.6700882, -7.3641587], [112.6701044, -7.364184699999997], [112.6701372, -7.364199199999996], [112.67018089999999, -7.3641988000000005], [112.6703779, -7.364198600000001], [112.67051039999998, -7.3641856000000026]]}}, {"type": "Feature", "properties": {"layer": "osm_road", "stroke": "#999999"}, "geometry": {"type": "LineString", "coordinates": [[112.670728, -7.364949400000001], [112.6706273, -7.364431300000001], [112.6707508, -7.3644353]]}}, {"type": "Feature", "properties": {"layer": "osm_road", "stroke": "#999999"}, "geometry": {"type": "LineString", "coordinates": [[112.67038269999999, -7.365047200000002], [112.6703954, -7.3650578], [112.67041479999999, -7.3650644], [112.67070519999999, -7.3650059], [112.6707193, -7.364990599999999], [112.6707246, -7.3649767], [112.670728, -7.364949400000001]]}}, {"type": "Feature", "properties": {"layer": "osm_road", "stroke": "#999999"}, "geometry": {"type": "LineString", "coordinates": [[112.67081039999998, -7.3636147], [112.6705241, -7.363609799999999], [112.67051039999998, -7.3641856000000026], [112.6704866, -7.364414], [112.6706273, -7.364431300000001]]}}, {"type": "Feature", "properties": {"layer": "osm_road", "stroke": "#999999"}, "geometry": {"type": "LineString", "coordinates": [[112.6704866, -7.364414], [112.67030349999999, -7.364477900000001], [112.67029080000002, -7.364490500000001], [112.6702753, -7.3645158], [112.67027470000001, -7.364545099999999], [112.67038269999999, -7.365047200000002]]}}, {"type": "Feature", "properties": {"layer": "osm_road", "stroke": "#999999"}, "geometry": {"type": "LineString", "coordinates": [[112.67081039999998, -7.3636147], [112.67082789999999, -7.363625999999998], [112.6708346, -7.363643299999998], [112.6707508, -7.3644353]]}}, {"type": "Feature", "properties": {"layer": "osm_road", "stroke": "#999999"}, "geometry": {"type": "LineString", "coordinates": [[112.6707508, -7.3644353], [112.67144410000002, -7.3643462], [112.67148169999999, -7.364317], [112.67150039999999, -7.3642837], [112.67152729999998, -7.364174500000001]]}}, {"type": "Feature", "properties": {"layer": "osm_road", "stroke": "#999999"}, "geometry": {"type": "LineString", "coordinates": [[112.6711706, -7.364138699999999], [112.67119459999999, -7.3635203], [112.67118679999999, -7.3625489]]}}, {"type": "Feature", "properties": {"layer": "osm_road", "stroke": "#999999"}, "geometry": {"type": "LineString", "coordinates": [[112.6715036, -7.3625015], [112.67153259999999, -7.3631292], [112.67152839999999, -7.3640217]]}}, {"type": "Feature", "properties": {"layer": "osm_road", "stroke": "#999999"}, "geometry": {"type": "LineString", "coordinates": [[112.662676, -7.371739900000001], [112.66339859999998, -7.3719446], [112.66353039999998, -7.3719762]]}}, {"type": "Feature", "properties": {"layer": "osm_road", "stroke": "#999999"}, "geometry": {"type": "LineString", "coordinates": [[112.66245799999999, -7.375658799999999], [112.66268269999999, -7.375739199999999], [112.6627269, -7.375733899999998], [112.6627699, -7.375708699999999], [112.66299779999999, -7.375256400000001]]}}, {"type": "Feature", "properties": {"layer": "osm_road", "stroke": "#999999"}, "geometry": {"type": "LineString", "coordinates": [[112.66236950477963, -7.373579325917051], [112.66315509999998, -7.373825100000001]]}}, {"type": "Feature", "properties": {"layer": "osm_road", "stroke": "#999999"}, "geometry": {"type": "LineString", "coordinates": [[112.66284499999999, -7.369407000000001], [112.6628206, -7.369526099999998], [112.6627061, -7.370084300000001], [112.6625848, -7.370675799999999], [112.66250579999999, -7.371150700000001], [112.66236950477963, -7.37187768315484]]}}, {"type": "Feature", "properties": {"layer": "osm_road", "stroke": "#999999"}, "geometry": {"type": "LineString", "coordinates": [[112.666164, -7.372448999999998], [112.6662173, -7.3724694999999985], [112.66625079999999, -7.372480699999998]]}}, {"type": "Feature", "properties": {"layer": "osm_road", "stroke": "#999999"}, "geometry": {"type": "LineString", "coordinates": [[112.66628679999998, -7.372502500000001], [112.66625079999999, -7.372480699999998]]}}, {"type": "Feature", "properties": {"layer": "osm_road", "stroke": "#999999"}, "geometry": {"type": "LineString", "coordinates": [[112.66540679999999, -7.372164999999998], [112.6656968, -7.372226], [112.6658846, -7.372299900000002], [112.666164, -7.372448999999998]]}}, {"type": "Feature", "properties": {"layer": "osm_road", "stroke": "#999999"}, "geometry": {"type": "LineString", "coordinates": [[112.66421150000001, -7.375261800000001], [112.66447719999998, -7.374560899999997]]}}, {"type": "Feature", "properties": {"layer": "osm_road", "stroke": "#999999"}, "geometry": {"type": "LineString", "coordinates": [[112.66307289999999, -7.375490499999999], [112.6640707, -7.375882999999996]]}}, {"type": "Feature", "properties": {"layer": "osm_road", "stroke": "#999999"}, "geometry": {"type": "LineString", "coordinates": [[112.6668441, -7.375482499999999], [112.6670024, -7.375511800000001], [112.66723569999999, -7.375618200000001], [112.66740739999999, -7.3756528], [112.6677319, -7.375607499999998], [112.66795189999999, -7.3756661], [112.6680323, -7.3757139], [112.66832739999998, -7.375724599999996], [112.66861169999999, -7.3756687], [112.6687753, -7.3757512], [112.66906230000001, -7.375833600000001], [112.66918299999999, -7.3757778], [112.66942709999998, -7.3757193], [112.66981869999998, -7.375708599999999], [112.6699367, -7.375737900000002], [112.67019689999998, -7.3757671], [112.6704839, -7.375761799999999], [112.6706448, -7.375727200000001]]}}, {"type": "Feature", "properties": {"layer": "osm_road", "stroke": "#999999"}, "geometry": {"type": "LineString", "coordinates": [[112.6653931, -7.372405599999999], [112.66554559999999, -7.372420099999998]]}}, {"type": "Feature", "properties": {"layer": "osm_road", "stroke": "#999999"}, "geometry": {"type": "LineString", "coordinates": [[112.66621039999998, -7.3737914], [112.66699379999999, -7.373853700000001]]}}, {"type": "Feature", "properties": {"layer": "osm_road", "stroke": "#999999"}, "geometry": {"type": "LineString", "coordinates": [[112.6662038, -7.374263199999999], [112.6669538, -7.374313300000001]]}}, {"type": "Feature", "properties": {"layer": "osm_road", "stroke": "#999999"}, "geometry": {"type": "LineString", "coordinates": [[112.66927589999999, -7.3687754], [112.66931439999999, -7.368803199999999], [112.6693138, -7.3688304], [112.66930509999999, -7.368857000000001], [112.6692923, -7.368875700000002], [112.6688788, -7.369285], [112.6684788, -7.3697403], [112.66811819999998, -7.3701545], [112.66784049999998, -7.3704462], [112.66741009999998, -7.3709311999999985], [112.66684259999998, -7.371551], [112.66654369999999, -7.3720428], [112.6664488, -7.372197399999997], [112.6664434, -7.3722049999999975], [112.66644129999999, -7.3722122], [112.66644189999998, -7.372219499999999], [112.66644909999998, -7.372228999999998]]}}, {"type": "Feature", "properties": {"layer": "osm_road", "stroke": "#999999"}, "geometry": {"type": "LineString", "coordinates": [[112.66651, -7.3722645], [112.66644909999998, -7.372228999999998]]}}, {"type": "Feature", "properties": {"layer": "osm_road", "stroke": "#999999"}, "geometry": {"type": "LineString", "coordinates": [[112.6635826, -7.3767473], [112.6637167, -7.3765678], [112.66408149999998, -7.376093], [112.6641341, -7.376020399999999], [112.66417579999998, -7.375963], [112.66424, -7.3758676], [112.66431209999999, -7.3757750999999985], [112.66448649999998, -7.375554299999998], [112.6646139, -7.375392099999998], [112.66472519999999, -7.375229799999999], [112.6647815, -7.3750809], [112.66484699999998, -7.3748607], [112.66505109999999, -7.3741552], [112.66507049999998, -7.374055599999999], [112.665094, -7.3739344], [112.66510609999999, -7.373835900000001], [112.66521589999999, -7.3736713], [112.6654093, -7.373427799999999], [112.665517, -7.3732934], [112.6657645, -7.3729954], [112.6658792, -7.372869699999998], [112.6659657, -7.372801199999999], [112.6661226, -7.372681599999997], [112.66629569999999, -7.372505599999998], [112.66648699999999, -7.372309099999997], [112.66652499999998, -7.372265899999999], [112.66658009999999, -7.372164299999999], [112.66669399999999, -7.371953600000001]]}}, {"type": "Feature", "properties": {"layer": "osm_road", "stroke": "#999999"}, "geometry": {"type": "LineString", "coordinates": [[112.6659295, -7.3764747], [112.6659, -7.3759507]]}}, {"type": "Feature", "properties": {"layer": "osm_road", "stroke": "#999999"}, "geometry": {"type": "LineString", "coordinates": [[112.66703719999998, -7.3733545000000005], [112.6670958, -7.3728845], [112.6671928, -7.3721068999999995], [112.66738849999999, -7.371364399999999]]}}, {"type": "Feature", "properties": {"layer": "osm_road", "stroke": "#999999"}, "geometry": {"type": "LineString", "coordinates": [[112.66560956747905, -7.377094393293547], [112.6657659, -7.376746], [112.6658224, -7.376604999999999], [112.66590109999999, -7.376510099999998], [112.6659295, -7.3764747], [112.6661389, -7.3764396], [112.66645179999999, -7.376409999999999], [112.6665893, -7.3763816], [112.66662349999999, -7.376361699999997], [112.6666403, -7.376336400000001], [112.6668441, -7.375482499999999], [112.6669538, -7.374313300000001], [112.66699379999999, -7.373853700000001], [112.66703719999998, -7.3733545000000005]]}}, {"type": "Feature", "properties": {"layer": "osm_road", "stroke": "#999999"}, "geometry": {"type": "LineString", "coordinates": [[112.6648283, -7.374854100000002], [112.66484699999998, -7.3748607], [112.66544259999999, -7.374871099999999], [112.6659978, -7.374881600000001], [112.6661119, -7.3748827], [112.666129, -7.374879699999998], [112.6661414, -7.374871700000001], [112.66614809999999, -7.374850100000001], [112.6662038, -7.374263199999999], [112.66621039999998, -7.3737914], [112.6662457, -7.373332299999999]]}}, {"type": "Feature", "properties": {"layer": "osm_road", "stroke": "#999999"}, "geometry": {"type": "LineString", "coordinates": [[112.66550390000002, -7.373288100000001], [112.665517, -7.3732934], [112.6662457, -7.373332299999999], [112.6664269, -7.373327499999997], [112.66703719999998, -7.3733545000000005]]}}, {"type": "Feature", "properties": {"layer": "osm_road", "stroke": "#999999"}, "geometry": {"type": "LineString", "coordinates": [[112.66543039999999, -7.3732677], [112.66550390000002, -7.373288100000001]]}}, {"type": "Feature", "properties": {"layer": "osm_road", "stroke": "#999999"}, "geometry": {"type": "LineString", "coordinates": [[112.66519299999999, -7.373187899999998], [112.6652254, -7.3732003], [112.66543039999999, -7.3732677]]}}, {"type": "Feature", "properties": {"layer": "osm_road", "stroke": "#999999"}, "geometry": {"type": "LineString", "coordinates": [[112.66414440000001, -7.374467499999999], [112.66447719999998, -7.374560899999997], [112.66459839999999, -7.374591599999998], [112.6646145, -7.3745894000000005], [112.66463799999998, -7.3745793]]}}, {"type": "Feature", "properties": {"layer": "osm_road", "stroke": "#999999"}, "geometry": {"type": "LineString", "coordinates": [[112.66421150000001, -7.375261800000001], [112.66419679999998, -7.375287], [112.6641646, -7.375299], [112.66413640000002, -7.375296299999998], [112.66393389999999, -7.375208500000001], [112.66391779999998, -7.3751899000000005], [112.66391509999998, -7.375160599999999], [112.66414440000001, -7.374467499999999], [112.66430839999998, -7.3738608999999995], [112.6645976, -7.3728104], [112.66471449999999, -7.3723997999999975], [112.66495779999998, -7.3715451], [112.66496379999998, -7.371519499999998], [112.6649605, -7.371499799999999], [112.66495109999998, -7.3714852], [112.66492699999999, -7.3714719], [112.66457769999998, -7.3713675]]}}, {"type": "Feature", "properties": {"layer": "osm_road", "stroke": "#999999"}, "geometry": {"type": "LineString", "coordinates": [[112.6774885, -7.356927199999999], [112.67764759999999, -7.3572115]]}}, {"type": "Feature", "properties": {"layer": "osm_road", "stroke": "#999999"}, "geometry": {"type": "LineString", "coordinates": [[112.67764759999999, -7.3572115], [112.67764799999999, -7.357216], [112.67764659999999, -7.357219100000002], [112.677642, -7.357223299999998], [112.6775917, -7.3572464], [112.6774548, -7.357328399999998], [112.67744809999999, -7.357330499999996], [112.6774412, -7.3573307], [112.67743619999999, -7.357328900000001]]}}, {"type": "Feature", "properties": {"layer": "osm_road", "stroke": "#999999"}, "geometry": {"type": "LineString", "coordinates": [[112.67918869999998, -7.356991], [112.6793204, -7.356986999999999], [112.67952189999998, -7.356961399999999]]}}, {"type": "Feature", "properties": {"layer": "osm_road", "stroke": "#999999"}, "geometry": {"type": "LineString", "coordinates": [[112.6795263, -7.356502899999998], [112.67953629999998, -7.356766500000001]]}}, {"type": "Feature", "properties": {"layer": "osm_road", "stroke": "#999999"}, "geometry": {"type": "LineString", "coordinates": [[112.67563169999998, -7.356585999999999], [112.67605079999998, -7.3563779]]}}, {"type": "Feature", "properties": {"layer": "osm_road", "stroke": "#999999"}, "geometry": {"type": "LineString", "coordinates": [[112.6795621, -7.357670499999997], [112.6795216, -7.357408699999999], [112.6795017, -7.3571653]]}}, {"type": "Feature", "properties": {"layer": "osm_road", "stroke": "#999999"}, "geometry": {"type": "LineString", "coordinates": [[112.6805516, -7.356659800000001], [112.68054319999999, -7.3570262]]}}, {"type": "Feature", "properties": {"layer": "osm_road", "stroke": "#999999"}, "geometry": {"type": "LineString", "coordinates": [[112.67998849999998, -7.356274399999999], [112.67999099999999, -7.356733], [112.67998559999998, -7.357084099999999], [112.67998289999998, -7.357149299999999], [112.6800007, -7.357408699999999], [112.6800064, -7.357512099999998], [112.6800237, -7.3576201999999995]]}}, {"type": "Feature", "properties": {"layer": "osm_road", "stroke": "#999999"}, "geometry": {"type": "LineString", "coordinates": [[112.679732, -7.356398800000001], [112.67981359999999, -7.357141599999999], [112.67983139999998, -7.357294299999999]]}}, {"type": "Feature", "properties": {"layer": "osm_road", "stroke": "#999999"}, "geometry": {"type": "LineString", "coordinates": [[112.68007679999998, -7.356231599999998], [112.6801214, -7.356234200000001], [112.6801603, -7.356251800000002], [112.68023239999998, -7.3563073999999995], [112.6805516, -7.356659800000001], [112.68071479999999, -7.3567416]]}}, {"type": "Feature", "properties": {"layer": "osm_road", "stroke": "#999999"}, "geometry": {"type": "LineString", "coordinates": [[112.67918869999998, -7.356991], [112.6791756, -7.356726299999999], [112.6792051, -7.3566544999999985], [112.6795263, -7.356502899999998], [112.679732, -7.356398800000001], [112.67998849999998, -7.356274399999999], [112.68007679999998, -7.356231599999998]]}}, {"type": "Feature", "properties": {"layer": "osm_road", "stroke": "#999999"}, "geometry": {"type": "LineString", "coordinates": [[112.67889930000001, -7.3571533], [112.67897739999998, -7.357098799999998], [112.67904149999998, -7.3570552000000005], [112.6791005, -7.3570136], [112.6791347, -7.356999000000001], [112.67918869999998, -7.356991]]}}, {"type": "Feature", "properties": {"layer": "osm_road", "stroke": "#999999"}, "geometry": {"type": "LineString", "coordinates": [[112.6783964, -7.357838300000001], [112.67820839999999, -7.3578451], [112.67820109999998, -7.357845200000001], [112.678193, -7.3578438], [112.67819019999999, -7.3578411], [112.67819989999998, -7.357753200000001], [112.67821940000002, -7.357676], [112.6782288, -7.3576341], [112.6782583, -7.3575603], [112.678261, -7.357459199999999], [112.6782382, -7.357312300000001], [112.678206, -7.357202499999998]]}}, {"type": "Feature", "properties": {"layer": "osm_road", "stroke": "#999999"}, "geometry": {"type": "LineString", "coordinates": [[112.6772672, -7.356494900000003], [112.6774885, -7.356927199999999], [112.6775649, -7.356894500000001]]}}, {"type": "Feature", "properties": {"layer": "osm_road", "stroke": "#999999"}, "geometry": {"type": "LineString", "coordinates": [[112.67752900000002, -7.3563846999999996], [112.6777544, -7.356835399999999]]}}, {"type": "Feature", "properties": {"layer": "osm_road", "stroke": "#999999"}, "geometry": {"type": "LineString", "coordinates": [[112.67778759999999, -7.356276], [112.67803639999998, -7.3567837]]}}, {"type": "Feature", "properties": {"layer": "osm_road", "stroke": "#999999"}, "geometry": {"type": "LineString", "coordinates": [[112.6783213, -7.3566677999999985], [112.6780861, -7.356175999999999], [112.6780826, -7.3561670999999995], [112.67807759999998, -7.356163699999998], [112.67807099999999, -7.356164299999999]]}}, {"type": "Feature", "properties": {"layer": "osm_road", "stroke": "#999999"}, "geometry": {"type": "LineString", "coordinates": [[112.6775649, -7.356894500000001], [112.6777544, -7.356835399999999], [112.67803639999998, -7.3567837], [112.6783052, -7.356734300000003], [112.67831829999999, -7.3567243000000015], [112.67832159999999, -7.3567041], [112.6783213, -7.3566677999999985]]}}, {"type": "Feature", "properties": {"layer": "osm_road", "stroke": "#999999"}, "geometry": {"type": "LineString", "coordinates": [[112.6773277, -7.357149299999999], [112.6762438, -7.357704299999999]]}}, {"type": "Feature", "properties": {"layer": "osm_road", "stroke": "#999999"}, "geometry": {"type": "LineString", "coordinates": [[112.67719009999999, -7.356898600000002], [112.6766101, -7.3571955], [112.67649569999999, -7.357267999999999], [112.67646049999999, -7.3572999], [112.67643519999999, -7.357328399999998], [112.6764129, -7.357351100000001], [112.676364, -7.357387699999999], [112.67609499999999, -7.3575294]]}}, {"type": "Feature", "properties": {"layer": "osm_road", "stroke": "#999999"}, "geometry": {"type": "LineString", "coordinates": [[112.67706379999998, -7.3565618], [112.67719009999999, -7.356898600000002], [112.6773277, -7.357149299999999], [112.67742279999999, -7.357312899999999], [112.67743619999999, -7.357328900000001]]}}, {"type": "Feature", "properties": {"layer": "osm_road", "stroke": "#999999"}, "geometry": {"type": "LineString", "coordinates": [[112.67807099999999, -7.356164299999999], [112.67778759999999, -7.356276], [112.67752900000002, -7.3563846999999996], [112.6772672, -7.356494900000003], [112.67706379999998, -7.3565618], [112.6769386, -7.356637300000003], [112.6766375, -7.3565957], [112.6764746, -7.356568199999999], [112.6764404, -7.3565651], [112.67641319999998, -7.356564999999999], [112.676368, -7.356582700000002], [112.6757698, -7.3568679999999995]]}}, {"type": "Feature", "properties": {"layer": "osm_road", "stroke": "#999999"}, "geometry": {"type": "LineString", "coordinates": [[112.66871759999998, -7.363814099999998], [112.668719, -7.363969799999996], [112.6687069, -7.364351500000001]]}}, {"type": "Feature", "properties": {"layer": "osm_road", "stroke": "#999999"}, "geometry": {"type": "LineString", "coordinates": [[112.6628206, -7.369526099999998], [112.66393079999999, -7.369853399999999]]}}, {"type": "Feature", "properties": {"layer": "osm_road", "stroke": "#999999"}, "geometry": {"type": "LineString", "coordinates": [[112.6627061, -7.370084300000001], [112.6637377, -7.3704225], [112.66397069999998, -7.370465799999999], [112.6641598, -7.370493699999998], [112.6644349, -7.370535599999999], [112.66465659999999, -7.370572500000001]]}}, {"type": "Feature", "properties": {"layer": "osm_road", "stroke": "#999999"}, "geometry": {"type": "LineString", "coordinates": [[112.66236950477963, -7.370056419114505], [112.66249360000002, -7.370050700000001]]}}, {"type": "Feature", "properties": {"layer": "osm_road", "stroke": "#999999"}, "geometry": {"type": "LineString", "coordinates": [[112.66236950477963, -7.3677024314707085], [112.6628557, -7.367717899999997], [112.66290659999999, -7.3677364999999995], [112.66294549999999, -7.367781000000001], [112.66296829999999, -7.367846899999998], [112.66295759999998, -7.368635599999999], [112.66294149999999, -7.368731299999999], [112.662912, -7.368813799999998], [112.6628691, -7.3688842999999995], [112.6627672, -7.368901600000002], [112.66273499999998, -7.368901600000002]]}}, {"type": "Feature", "properties": {"layer": "osm_road", "stroke": "#999999"}, "geometry": {"type": "LineString", "coordinates": [[112.66433359999999, -7.3661857], [112.66370729999998, -7.366423700000001], [112.66319069999999, -7.366626899999999]]}}, {"type": "Feature", "properties": {"layer": "osm_road", "stroke": "#999999"}, "geometry": {"type": "LineString", "coordinates": [[112.66357989999999, -7.3671034], [112.66338879999999, -7.367170800000001]]}}, {"type": "Feature", "properties": {"layer": "osm_road", "stroke": "#999999"}, "geometry": {"type": "LineString", "coordinates": [[112.66313799999999, -7.367247699999999], [112.66338879999999, -7.367170800000001]]}}, {"type": "Feature", "properties": {"layer": "osm_road", "stroke": "#999999"}, "geometry": {"type": "LineString", "coordinates": [[112.6634833, -7.367379999999999], [112.66338879999999, -7.367170800000001], [112.66319069999999, -7.366626899999999], [112.6630267, -7.366205100000001], [112.66301569999999, -7.366176699999999], [112.66296599999998, -7.366074799999999]]}}, {"type": "Feature", "properties": {"layer": "osm_road", "stroke": "#999999"}, "geometry": {"type": "LineString", "coordinates": [[112.66247959999998, -7.367128200000001], [112.66237020000001, -7.366786899999999], [112.66236950477963, -7.366786553752994]]}}, {"type": "Feature", "properties": {"layer": "osm_road", "stroke": "#999999"}, "geometry": {"type": "LineString", "coordinates": [[112.66263039999998, -7.3671034], [112.66247959999998, -7.367128200000001], [112.66236950477963, -7.367153895136663]]}}, {"type": "Feature", "properties": {"layer": "osm_road", "stroke": "#999999"}, "geometry": {"type": "LineString", "coordinates": [[112.66301569999999, -7.366176699999999], [112.6629111, -7.366220799999999], [112.6628557, -7.366244200000002], [112.66236950477963, -7.366437573100345]]}}, {"type": "Feature", "properties": {"layer": "osm_road", "stroke": "#999999"}, "geometry": {"type": "LineString", "coordinates": [[112.66306759999999, -7.3674864], [112.663026, -7.367370699999999], [112.6630119, -7.3673500999999995], [112.66298849999998, -7.367344799999999], [112.6629402, -7.367360100000001], [112.66258339999999, -7.367515699999999], [112.66254589999998, -7.367512999999997], [112.6625137, -7.367490399999999], [112.66236950477963, -7.367171742845521]]}}, {"type": "Feature", "properties": {"layer": "osm_road", "stroke": "#999999"}, "geometry": {"type": "LineString", "coordinates": [[112.66273499999998, -7.368901600000002], [112.66236950477963, -7.368914459214903]]}}, {"type": "Feature", "properties": {"layer": "osm_road", "stroke": "#999999"}, "geometry": {"type": "LineString", "coordinates": [[112.66263839999999, -7.369343099999998], [112.66265179999999, -7.3692953], [112.66266049999999, -7.369127599999997]]}}, {"type": "Feature", "properties": {"layer": "osm_road", "stroke": "#999999"}, "geometry": {"type": "LineString", "coordinates": [[112.66240499999999, -7.369518799999998], [112.66236950477963, -7.369515673898215]]}}, {"type": "Feature", "properties": {"layer": "osm_road", "stroke": "#999999"}, "geometry": {"type": "LineString", "coordinates": [[112.6624211, -7.369933699999998], [112.66236950477963, -7.369934658628432]]}}, {"type": "Feature", "properties": {"layer": "osm_road", "stroke": "#999999"}, "geometry": {"type": "LineString", "coordinates": [[112.66275379999999, -7.3691304], [112.66266049999999, -7.369127599999997], [112.66236950477963, -7.369119084815768]]}}, {"type": "Feature", "properties": {"layer": "osm_road", "stroke": "#999999"}, "geometry": {"type": "LineString", "coordinates": [[112.6647232, -7.374816999999999], [112.6648283, -7.374854100000002]]}}, {"type": "Feature", "properties": {"layer": "osm_road", "stroke": "#999999"}, "geometry": {"type": "LineString", "coordinates": [[112.66469999999998, -7.374808799999999], [112.6647232, -7.374816999999999]]}}, {"type": "Feature", "properties": {"layer": "osm_road", "stroke": "#999999"}, "geometry": {"type": "LineString", "coordinates": [[112.66889039999998, -7.367957099999996], [112.6688813, -7.368257899999996]]}}, {"type": "Feature", "properties": {"layer": "osm_road", "stroke": "#999999"}, "geometry": {"type": "LineString", "coordinates": [[112.66857889999999, -7.3687881], [112.66866399999999, -7.3683483], [112.66866399999999, -7.368321699999999], [112.66867199999999, -7.3681981], [112.6686764, -7.368071799999999], [112.6686747, -7.367967300000001]]}}, {"type": "Feature", "properties": {"layer": "osm_road", "stroke": "#999999"}, "geometry": {"type": "LineString", "coordinates": [[112.66433359999999, -7.3661857], [112.66441139999999, -7.366148399999998], [112.66452499999998, -7.3660968]]}}, {"type": "Feature", "properties": {"layer": "osm_road", "stroke": "#999999"}, "geometry": {"type": "LineString", "coordinates": [[112.6663761, -7.366863999999998], [112.66645919999999, -7.366818799999999], [112.666537, -7.366814799999999], [112.6668682, -7.366821399999998]]}}, {"type": "Feature", "properties": {"layer": "osm_road", "stroke": "#999999"}, "geometry": {"type": "LineString", "coordinates": [[112.66536169999999, -7.3701621], [112.66541659999999, -7.3699580000000005]]}}, {"type": "Feature", "properties": {"layer": "osm_road", "stroke": "#999999"}, "geometry": {"type": "LineString", "coordinates": [[112.66564599999998, -7.368909399999998], [112.6658856, -7.368985500000001]]}}, {"type": "Feature", "properties": {"layer": "osm_road", "stroke": "#999999"}, "geometry": {"type": "LineString", "coordinates": [[112.6651114, -7.3692115000000005], [112.66509869999999, -7.369196199999998], [112.6650953, -7.3691689], [112.66512079999998, -7.3690785000000005], [112.6651396, -7.3690632], [112.66516369999998, -7.3690638]]}}, {"type": "Feature", "properties": {"layer": "osm_road", "stroke": "#999999"}, "geometry": {"type": "LineString", "coordinates": [[112.6655745, -7.3691551], [112.66554730000001, -7.369272300000001], [112.66552449999999, -7.369285], [112.66548559999998, -7.369282000000001], [112.6651114, -7.3692115000000005]]}}, {"type": "Feature", "properties": {"layer": "osm_road", "stroke": "#999999"}, "geometry": {"type": "LineString", "coordinates": [[112.66516369999998, -7.3690638], [112.6655745, -7.3691551], [112.66561840000001, -7.369164899999999]]}}, {"type": "Feature", "properties": {"layer": "osm_road", "stroke": "#999999"}, "geometry": {"type": "LineString", "coordinates": [[112.6653844, -7.368680800000002], [112.6656899, -7.368768300000001], [112.6659241, -7.368843100000001]]}}, {"type": "Feature", "properties": {"layer": "osm_road", "stroke": "#999999"}, "geometry": {"type": "LineString", "coordinates": [[112.66526569999999, -7.3689881], [112.66524619999998, -7.3689688], [112.6652368, -7.3689521], [112.6652402, -7.368922900000002], [112.66533739999998, -7.368698099999999], [112.6653589, -7.368682100000001], [112.6653844, -7.368680800000002]]}}, {"type": "Feature", "properties": {"layer": "osm_road", "stroke": "#999999"}, "geometry": {"type": "LineString", "coordinates": [[112.6656899, -7.368768300000001], [112.66564599999998, -7.368909399999998], [112.66560089999999, -7.369054499999998], [112.6655858, -7.369059200000001], [112.66556879999999, -7.369058500000001], [112.66526569999999, -7.3689881]]}}, {"type": "Feature", "properties": {"layer": "osm_road", "stroke": "#999999"}, "geometry": {"type": "LineString", "coordinates": [[112.6645589, -7.370042699999998], [112.66423629999998, -7.3700141000000015], [112.66418, -7.3700088], [112.6641633, -7.3700120999999985], [112.6641425, -7.370020199999998], [112.664124, -7.370062999999999], [112.6641036, -7.370074699999999], [112.66407469999999, -7.370080000000001], [112.6638731, -7.3700315000000005]]}}, {"type": "Feature", "properties": {"layer": "osm_road", "stroke": "#999999"}, "geometry": {"type": "LineString", "coordinates": [[112.6651034, -7.368317700000001], [112.66448520000002, -7.368101799999999]]}}, {"type": "Feature", "properties": {"layer": "osm_road", "stroke": "#999999"}, "geometry": {"type": "LineString", "coordinates": [[112.66728799999999, -7.366700400000002], [112.6672825, -7.367174300000002]]}}, {"type": "Feature", "properties": {"layer": "osm_road", "stroke": "#999999"}, "geometry": {"type": "LineString", "coordinates": [[112.6676532, -7.3668354], [112.66766489999999, -7.3670367]]}}, {"type": "Feature", "properties": {"layer": "osm_road", "stroke": "#999999"}, "geometry": {"type": "LineString", "coordinates": [[112.6684374, -7.366099199999998], [112.6684447, -7.366259500000003], [112.66844209999998, -7.3662828], [112.66843269999998, -7.366306699999999], [112.66839579999998, -7.366358600000002], [112.6683904, -7.3663772], [112.6683877, -7.366399800000001], [112.66841989999999, -7.3667927]]}}, {"type": "Feature", "properties": {"layer": "osm_road", "stroke": "#999999"}, "geometry": {"type": "LineString", "coordinates": [[112.66463799999998, -7.3745793], [112.6648874, -7.373695], [112.6650846, -7.373014000000001], [112.6651838, -7.372690799999999], [112.6652341, -7.372428900000001], [112.6652266, -7.372320099999998], [112.6652477, -7.372116799999999], [112.66525809999999, -7.3719432000000005], [112.66530499999999, -7.371784800000001], [112.6654124, -7.371469400000001], [112.66548789999999, -7.371269800000002], [112.66552039999999, -7.371205], [112.6655654, -7.371138800000001], [112.6656291, -7.371074899999998], [112.66590069999998, -7.370782899999998], [112.66601999999999, -7.370661899999998], [112.66610109999999, -7.3705834], [112.6662305, -7.370397200000002], [112.66630769999999, -7.3702342], [112.66662559999999, -7.369276299999999], [112.66667709999999, -7.3691309999999985], [112.66668250000001, -7.3690792], [112.6666543, -7.3690353], [112.66663489999999, -7.3690266], [112.66602070000002, -7.3688617]]}}, {"type": "Feature", "properties": {"layer": "osm_road", "stroke": "#999999"}, "geometry": {"type": "LineString", "coordinates": [[112.6668524, -7.367328999999998], [112.6668521, -7.367495099999998], [112.6668513, -7.3678733], [112.6668495, -7.3687499999999995], [112.66685219999998, -7.368827099999998], [112.6668435, -7.369015300000001], [112.6668495, -7.369043200000001], [112.6668943, -7.369162100000001]]}}, {"type": "Feature", "properties": {"layer": "osm_road", "stroke": "#999999"}, "geometry": {"type": "LineString", "coordinates": [[112.6665223, -7.3683163999999985], [112.66639889999999, -7.3683776000000005], [112.6663184, -7.368409499999997], [112.66613629999999, -7.368418099999999]]}}, {"type": "Feature", "properties": {"layer": "osm_road", "stroke": "#999999"}, "geometry": {"type": "LineString", "coordinates": [[112.66642029999998, -7.368718], [112.66640029999999, -7.3687912], [112.66638819999999, -7.3688072], [112.666364, -7.368811100000002], [112.66604299999999, -7.368752799999998]]}}, {"type": "Feature", "properties": {"layer": "osm_road", "stroke": "#999999"}, "geometry": {"type": "LineString", "coordinates": [[112.6648566, -7.370115900000003], [112.6649036, -7.370067999999998], [112.66493699999998, -7.3700653], [112.66536169999999, -7.3701621], [112.66552499999999, -7.370201500000001]]}}, {"type": "Feature", "properties": {"layer": "osm_road", "stroke": "#999999"}, "geometry": {"type": "LineString", "coordinates": [[112.6648271, -7.369521400000001], [112.66477619999999, -7.369780700000001], [112.66477949999998, -7.369801400000001], [112.664799, -7.369817999999999], [112.6651838, -7.369903099999998], [112.66541659999999, -7.3699580000000005], [112.6655842, -7.370009999999998]]}}, {"type": "Feature", "properties": {"layer": "osm_road", "stroke": "#999999"}, "geometry": {"type": "LineString", "coordinates": [[112.66536619999998, -7.370737], [112.66552499999999, -7.370201500000001], [112.6655842, -7.370009999999998], [112.66577659999999, -7.369388399999999], [112.6658191, -7.3692299], [112.6658856, -7.368985500000001], [112.6659241, -7.368843100000001], [112.66602070000002, -7.3688617], [112.66604299999999, -7.368752799999998], [112.66613629999999, -7.368418099999999], [112.66615210000002, -7.3682206], [112.6661226, -7.3677046], [112.66611719999999, -7.367401299999999], [112.6661092, -7.366768200000002], [112.6661253, -7.366366499999999], [112.66615210000002, -7.365943599999999]]}}, {"type": "Feature", "properties": {"layer": "osm_road", "stroke": "#999999"}, "geometry": {"type": "LineString", "coordinates": [[112.6884779, -7.355055599999998], [112.68805569999999, -7.355059099999998]]}}, {"type": "Feature", "properties": {"layer": "osm_road", "stroke": "#999999"}, "geometry": {"type": "LineString", "coordinates": [[112.6904069, -7.355691899999999], [112.6903375, -7.3557047], [112.69019899999999, -7.355729099999998], [112.69020599999999, -7.355801799999997]]}}, {"type": "Feature", "properties": {"layer": "osm_road", "stroke": "#999999"}, "geometry": {"type": "LineString", "coordinates": [[112.68638599999998, -7.3569488], [112.6864108, -7.3569471], [112.6864306, -7.3569425000000015], [112.6864457, -7.3569328], [112.6864595, -7.356914499999999], [112.6864638, -7.3568946], [112.6864642, -7.356845699999999]]}}, {"type": "Feature", "properties": {"layer": "osm_road", "stroke": "#999999"}, "geometry": {"type": "LineString", "coordinates": [[112.68625529999998, -7.356943099999999], [112.68638599999998, -7.3569488]]}}, {"type": "Feature", "properties": {"layer": "osm_road", "stroke": "#999999"}, "geometry": {"type": "LineString", "coordinates": [[112.6870227, -7.356793399999998], [112.6870667, -7.3572716], [112.6871042, -7.357702500000001]]}}, {"type": "Feature", "properties": {"layer": "osm_road", "stroke": "#999999"}, "geometry": {"type": "LineString", "coordinates": [[112.68786659999999, -7.355944300000001], [112.687937, -7.355912400000001]]}}, {"type": "Feature", "properties": {"layer": "osm_road", "stroke": "#999999"}, "geometry": {"type": "LineString", "coordinates": [[112.687937, -7.355912400000001], [112.68824409999999, -7.355829300000001], [112.6885081, -7.3557129], [112.6885587, -7.355682800000002], [112.68859449999998, -7.355723500000001], [112.68860919999999, -7.355732199999999], [112.6886276, -7.355734199999998], [112.6886498, -7.3557298], [112.68866389999998, -7.355723899999998], [112.68891059999999, -7.355574600000002], [112.68898839999999, -7.355544], [112.68962819999999, -7.3553607], [112.6897529, -7.355323600000002], [112.69004419999999, -7.355223200000002], [112.6901907, -7.355175699999998], [112.69023029999998, -7.3551712], [112.6902521, -7.3551745], [112.6902658, -7.355180499999999], [112.69027719999998, -7.355190199999998], [112.6902856, -7.3552031], [112.6902987, -7.3552389]]}}, {"type": "Feature", "properties": {"layer": "osm_road", "stroke": "#999999"}, "geometry": {"type": "LineString", "coordinates": [[112.68785319999999, -7.357503099999999], [112.68788269999999, -7.3575004999999996]]}}, {"type": "Feature", "properties": {"layer": "osm_road", "stroke": "#999999"}, "geometry": {"type": "LineString", "coordinates": [[112.68782589999999, -7.357506399999998], [112.68785319999999, -7.357503099999999]]}}, {"type": "Feature", "properties": {"layer": "osm_road", "stroke": "#999999"}, "geometry": {"type": "LineString", "coordinates": [[112.68754539999999, -7.356760299999999], [112.68779289999999, -7.3567356]]}}, {"type": "Feature", "properties": {"layer": "osm_road", "stroke": "#999999"}, "geometry": {"type": "LineString", "coordinates": [[112.6878204, -7.3559661], [112.68783779999998, -7.356018099999998], [112.6878457, -7.3560719], [112.68784049999998, -7.356258799999999], [112.68783039999998, -7.3566758000000005], [112.68782909999999, -7.3566964], [112.68781429999999, -7.356723000000001], [112.68779289999999, -7.3567356]]}}, {"type": "Feature", "properties": {"layer": "osm_road", "stroke": "#999999"}, "geometry": {"type": "LineString", "coordinates": [[112.68590539999998, -7.3577053], [112.68594149999998, -7.357463199999999], [112.6859502, -7.3573694000000005], [112.68595959999999, -7.357242399999999], [112.68595959999999, -7.357170599999999], [112.6859576, -7.356933800000003]]}}, {"type": "Feature", "properties": {"layer": "osm_road", "stroke": "#999999"}, "geometry": {"type": "LineString", "coordinates": [[112.68658989999999, -7.355138299999999], [112.6862579, -7.3551222], [112.68610709999999, -7.355111000000001]]}}, {"type": "Feature", "properties": {"layer": "osm_road", "stroke": "#999999"}, "geometry": {"type": "LineString", "coordinates": [[112.6863573, -7.356138799999998], [112.68636660000001, -7.356465]]}}, {"type": "Feature", "properties": {"layer": "osm_road", "stroke": "#999999"}, "geometry": {"type": "LineString", "coordinates": [[112.68578889999999, -7.357656099999998], [112.6858234, -7.357449899999999], [112.6858541, -7.3572416], [112.68585829999999, -7.3572131], [112.6858429, -7.356756899999997], [112.68583149999999, -7.356639900000002], [112.6857933, -7.356290100000001]]}}, {"type": "Feature", "properties": {"layer": "osm_road", "stroke": "#999999"}, "geometry": {"type": "LineString", "coordinates": [[112.68788269999999, -7.3575004999999996], [112.688106, -7.357480500000003], [112.6884084, -7.357448599999998], [112.6886655, -7.357432899999998]]}}, {"type": "Feature", "properties": {"layer": "osm_road", "stroke": "#999999"}, "geometry": {"type": "LineString", "coordinates": [[112.68865889999998, -7.357393199999998], [112.68884629999998, -7.3573488000000005], [112.6890662, -7.357300899999999]]}}, {"type": "Feature", "properties": {"layer": "osm_road", "stroke": "#999999"}, "geometry": {"type": "LineString", "coordinates": [[112.68896929999998, -7.3565381], [112.68901789999998, -7.356755599999996], [112.68907959999999, -7.357143999999998]]}}, {"type": "Feature", "properties": {"layer": "osm_road", "stroke": "#999999"}, "geometry": {"type": "LineString", "coordinates": [[112.68853060000002, -7.3566571], [112.68852949999999, -7.356647200000001], [112.68848419999999, -7.356324000000001], [112.68847479999998, -7.356256199999999], [112.6884413, -7.356053300000001]]}}, {"type": "Feature", "properties": {"layer": "osm_road", "stroke": "#999999"}, "geometry": {"type": "LineString", "coordinates": [[112.68853060000002, -7.3566571], [112.6884198, -7.356673099999999], [112.68799799999998, -7.356714300000001]]}}, {"type": "Feature", "properties": {"layer": "osm_road", "stroke": "#999999"}, "geometry": {"type": "LineString", "coordinates": [[112.68996349999999, -7.356468000000002], [112.6899751, -7.356545999999999], [112.6900127, -7.356645399999999], [112.6900354, -7.356698500000002], [112.69010749999998, -7.356887699999998]]}}, {"type": "Feature", "properties": {"layer": "osm_road", "stroke": "#999999"}, "geometry": {"type": "LineString", "coordinates": [[112.6860997, -7.357735800000001], [112.68608229999998, -7.357319499999999]]}}, {"type": "Feature", "properties": {"layer": "osm_road", "stroke": "#999999"}, "geometry": {"type": "LineString", "coordinates": [[112.68625799999998, -7.357754399999999], [112.68625529999998, -7.3575749], [112.68625529999998, -7.356943099999999], [112.68625529999998, -7.3568913]]}}, {"type": "Feature", "properties": {"layer": "osm_road", "stroke": "#999999"}, "geometry": {"type": "LineString", "coordinates": [[112.6875307, -7.356432700000001], [112.6871732, -7.3564962000000005], [112.687013, -7.356519500000001], [112.68682119999998, -7.356562100000001], [112.68648329999999, -7.356653800000002], [112.6864598, -7.356673099999999], [112.6864564, -7.3566964], [112.6864642, -7.356845699999999]]}}, {"type": "Feature", "properties": {"layer": "osm_road", "stroke": "#999999"}, "geometry": {"type": "LineString", "coordinates": [[112.68660289999998, -7.355518999999998], [112.68658989999999, -7.355138299999999], [112.686594, -7.355006599999997]]}}, {"type": "Feature", "properties": {"layer": "osm_road", "stroke": "#999999"}, "geometry": {"type": "LineString", "coordinates": [[112.687133, -7.3555419], [112.68660289999998, -7.355518999999998], [112.6862556, -7.3555087], [112.6862301, -7.3555123], [112.68620629999998, -7.355520599999998]]}}, {"type": "Feature", "properties": {"layer": "osm_road", "stroke": "#999999"}, "geometry": {"type": "LineString", "coordinates": [[112.693689, -7.355543900000001], [112.69367019999999, -7.355401599999999], [112.69368369999998, -7.355355000000001], [112.69370779999998, -7.3553058]]}}, {"type": "Feature", "properties": {"layer": "osm_road", "stroke": "#999999"}, "geometry": {"type": "LineString", "coordinates": [[112.69335779999999, -7.355681599999998], [112.6933484, -7.355640299999999], [112.6933498, -7.355612399999999], [112.6933612, -7.355594399999998], [112.69337459999998, -7.355583099999998], [112.69351329999999, -7.355527300000002]]}}, {"type": "Feature", "properties": {"layer": "osm_road", "stroke": "#999999"}, "geometry": {"type": "LineString", "coordinates": [[112.6933765, -7.355743400000001], [112.69335779999999, -7.355681599999998]]}}, {"type": "Feature", "properties": {"layer": "osm_road", "stroke": "#999999"}, "geometry": {"type": "LineString", "coordinates": [[112.69339, -7.3568539999999985], [112.69335259999998, -7.3567961]]}}, {"type": "Feature", "properties": {"layer": "osm_road", "stroke": "#999999"}, "geometry": {"type": "LineString", "coordinates": [[112.69335259999998, -7.3567961], [112.69319379999999, -7.356518000000001], [112.6929018, -7.356005899999999]]}}, {"type": "Feature", "properties": {"layer": "osm_road", "stroke": "#999999"}, "geometry": {"type": "LineString", "coordinates": [[112.69340899999999, -7.3568850999999995], [112.69339, -7.3568539999999985]]}}, {"type": "Feature", "properties": {"layer": "osm_road", "stroke": "#999999"}, "geometry": {"type": "LineString", "coordinates": [[112.6912147, -7.355901700000001], [112.69107119999998, -7.356090599999997]]}}, {"type": "Feature", "properties": {"layer": "osm_road", "stroke": "#999999"}, "geometry": {"type": "LineString", "coordinates": [[112.6911651, -7.355669100000001], [112.6912571, -7.3557830000000015], [112.69126179999999, -7.355794], [112.6912645, -7.3558061], [112.69126009999998, -7.355821899999996], [112.6912501, -7.355838000000001], [112.6912147, -7.355901700000001]]}}, {"type": "Feature", "properties": {"layer": "osm_road", "stroke": "#999999"}, "geometry": {"type": "LineString", "coordinates": [[112.69107119999998, -7.356090599999997], [112.69105039999998, -7.356143799999999], [112.691053, -7.356169699999997], [112.6910584, -7.3561923], [112.69110809999998, -7.3562748000000004], [112.691204, -7.356388500000001]]}}, {"type": "Feature", "properties": {"layer": "osm_road", "stroke": "#999999"}, "geometry": {"type": "LineString", "coordinates": [[112.6909507, -7.356293199999998], [112.6908716, -7.3563576999999984]]}}, {"type": "Feature", "properties": {"layer": "osm_road", "stroke": "#999999"}, "geometry": {"type": "LineString", "coordinates": [[112.692945, -7.3559046], [112.6929112, -7.3558485]]}}, {"type": "Feature", "properties": {"layer": "osm_road", "stroke": "#999999"}, "geometry": {"type": "LineString", "coordinates": [[112.69557319999998, -7.3557144999999995], [112.6955572, -7.355497399999998], [112.69553839999999, -7.355292500000001]]}}, {"type": "Feature", "properties": {"layer": "osm_road", "stroke": "#999999"}, "geometry": {"type": "LineString", "coordinates": [[112.6943677, -7.3571347], [112.69410339999999, -7.357229099999999]]}}, {"type": "Feature", "properties": {"layer": "osm_road", "stroke": "#999999"}, "geometry": {"type": "LineString", "coordinates": [[112.69186480000002, -7.357891799999997], [112.6918396, -7.357854200000001]]}}, {"type": "Feature", "properties": {"layer": "osm_road", "stroke": "#999999"}, "geometry": {"type": "LineString", "coordinates": [[112.6918854, -7.357917699999999], [112.69186480000002, -7.357891799999997]]}}, {"type": "Feature", "properties": {"layer": "osm_road", "stroke": "#999999"}, "geometry": {"type": "LineString", "coordinates": [[112.6918396, -7.357854200000001], [112.6918199, -7.3578110000000025], [112.6918121, -7.3577827], [112.6917189, -7.357310299999998]]}}, {"type": "Feature", "properties": {"layer": "osm_road", "stroke": "#999999"}, "geometry": {"type": "LineString", "coordinates": [[112.69137339999999, -7.3577018], [112.6915312, -7.357656099999998]]}}, {"type": "Feature", "properties": {"layer": "osm_road", "stroke": "#999999"}, "geometry": {"type": "LineString", "coordinates": [[112.69149359999999, -7.358168100000003], [112.6915007, -7.358191200000001]]}}, {"type": "Feature", "properties": {"layer": "osm_road", "stroke": "#999999"}, "geometry": {"type": "LineString", "coordinates": [[112.6914802, -7.358141500000002], [112.69149359999999, -7.358168100000003]]}}, {"type": "Feature", "properties": {"layer": "osm_road", "stroke": "#999999"}, "geometry": {"type": "LineString", "coordinates": [[112.69124399999998, -7.35711], [112.6913448, -7.357549599999999], [112.69137339999999, -7.3577018], [112.69139169999998, -7.357786399999998], [112.6914802, -7.358141500000002]]}}, {"type": "Feature", "properties": {"layer": "osm_road", "stroke": "#999999"}, "geometry": {"type": "LineString", "coordinates": [[112.6920851, -7.3566445], [112.69213069999999, -7.356787499999999]]}}, {"type": "Feature", "properties": {"layer": "osm_road", "stroke": "#999999"}, "geometry": {"type": "LineString", "coordinates": [[112.6919459, -7.3567639], [112.6919925, -7.3568859]]}}, {"type": "Feature", "properties": {"layer": "osm_road", "stroke": "#999999"}, "geometry": {"type": "LineString", "coordinates": [[112.69308819999999, -7.3565814], [112.6931742, -7.356529700000001]]}}, {"type": "Feature", "properties": {"layer": "osm_road", "stroke": "#999999"}, "geometry": {"type": "LineString", "coordinates": [[112.69276759999998, -7.356398500000001], [112.69276559999999, -7.356377199999999], [112.6927737, -7.3563659], [112.6927918, -7.3563533]]}}, {"type": "Feature", "properties": {"layer": "osm_road", "stroke": "#999999"}, "geometry": {"type": "LineString", "coordinates": [[112.6928951, -7.356299399999999], [112.69291379999999, -7.356294099999998], [112.6929279, -7.356296699999999], [112.6929386, -7.356309399999998], [112.69308819999999, -7.3565814]]}}, {"type": "Feature", "properties": {"layer": "osm_road", "stroke": "#999999"}, "geometry": {"type": "LineString", "coordinates": [[112.6928836, -7.356655199999998], [112.69276759999998, -7.356398500000001]]}}, {"type": "Feature", "properties": {"layer": "osm_road", "stroke": "#999999"}, "geometry": {"type": "LineString", "coordinates": [[112.69308819999999, -7.3565814], [112.6929567, -7.3566618], [112.6929313, -7.356673099999999], [112.69291109999999, -7.3566737999999985], [112.6928836, -7.356655199999998]]}}, {"type": "Feature", "properties": {"layer": "osm_road", "stroke": "#999999"}, "geometry": {"type": "LineString", "coordinates": [[112.6926586, -7.3561536], [112.6927918, -7.3563533]]}}, {"type": "Feature", "properties": {"layer": "osm_road", "stroke": "#999999"}, "geometry": {"type": "LineString", "coordinates": [[112.69512269999998, -7.356001499999999], [112.69513689999998, -7.356039299999999]]}}, {"type": "Feature", "properties": {"layer": "osm_road", "stroke": "#999999"}, "geometry": {"type": "LineString", "coordinates": [[112.69510519999999, -7.355969499999998], [112.69512269999998, -7.356001499999999]]}}, {"type": "Feature", "properties": {"layer": "osm_road", "stroke": "#999999"}, "geometry": {"type": "LineString", "coordinates": [[112.6950929, -7.355939599999998], [112.69510519999999, -7.355969499999998]]}}, {"type": "Feature", "properties": {"layer": "osm_road", "stroke": "#999999"}, "geometry": {"type": "LineString", "coordinates": [[112.69533989999998, -7.355891100000001], [112.69535599999999, -7.3559216]]}}, {"type": "Feature", "properties": {"layer": "osm_road", "stroke": "#999999"}, "geometry": {"type": "LineString", "coordinates": [[112.69532649999998, -7.355861800000002], [112.69533989999998, -7.355891100000001]]}}, {"type": "Feature", "properties": {"layer": "osm_road", "stroke": "#999999"}, "geometry": {"type": "LineString", "coordinates": [[112.69531510000002, -7.355840400000001], [112.69532649999998, -7.355861800000002]]}}, {"type": "Feature", "properties": {"layer": "osm_road", "stroke": "#999999"}, "geometry": {"type": "LineString", "coordinates": [[112.6959669, -7.355557199999999], [112.69597429999999, -7.3555951]]}}, {"type": "Feature", "properties": {"layer": "osm_road", "stroke": "#999999"}, "geometry": {"type": "LineString", "coordinates": [[112.69597429999999, -7.3555951], [112.6959796, -7.355635000000002]]}}, {"type": "Feature", "properties": {"layer": "osm_road", "stroke": "#999999"}, "geometry": {"type": "LineString", "coordinates": [[112.6959649, -7.3555351999999985], [112.6959669, -7.355557199999999]]}}, {"type": "Feature", "properties": {"layer": "osm_road", "stroke": "#999999"}, "geometry": {"type": "LineString", "coordinates": [[112.6956557, -7.3557733999999995], [112.69569059999999, -7.355814599999999], [112.69572349999999, -7.355833899999999], [112.69575599999999, -7.355845200000001], [112.69578850000002, -7.355851499999997], [112.695812, -7.3558598], [112.69582609999999, -7.3558810999999995], [112.69585219999999, -7.355934300000001], [112.6958643, -7.355967499999998], [112.69587899999999, -7.356016100000001]]}}, {"type": "Feature", "properties": {"layer": "osm_road", "stroke": "#999999"}, "geometry": {"type": "LineString", "coordinates": [[112.6959649, -7.3550904], [112.69596789999999, -7.355278900000001], [112.6959649, -7.355486699999998], [112.6959649, -7.3555351999999985], [112.6956919, -7.355660899999998], [112.69557319999998, -7.3557144999999995], [112.6954271, -7.355792600000001], [112.69531510000002, -7.355840400000001], [112.69513069999999, -7.355919], [112.6950929, -7.355939599999998], [112.6949309, -7.356028099999999]]}}, {"type": "Feature", "properties": {"layer": "osm_road", "stroke": "#999999"}, "geometry": {"type": "LineString", "coordinates": [[112.69107989999999, -7.355712799999998], [112.6909951, -7.355664900000002], [112.69095679999998, -7.355551599999998]]}}, {"type": "Feature", "properties": {"layer": "osm_road", "stroke": "#999999"}, "geometry": {"type": "LineString", "coordinates": [[112.6964536, -7.355614299999998], [112.69644499999998, -7.3557155000000005], [112.69641820000001, -7.3558206], [112.69638469999998, -7.355923000000001], [112.69634039999998, -7.356042699999998]]}}, {"type": "Feature", "properties": {"layer": "osm_road", "stroke": "#999999"}, "geometry": {"type": "LineString", "coordinates": [[112.6935953, -7.3572431], [112.6932934, -7.357378100000001], [112.69314449999999, -7.357435300000001]]}}, {"type": "Feature", "properties": {"layer": "osm_road", "stroke": "#999999"}, "geometry": {"type": "LineString", "coordinates": [[112.6941674, -7.356536599999999], [112.6943677, -7.3571347], [112.69441989999999, -7.3572929]]}}, {"type": "Feature", "properties": {"layer": "osm_road", "stroke": "#999999"}, "geometry": {"type": "LineString", "coordinates": [[112.6936615, -7.356780000000001], [112.69382180000001, -7.357146599999998]]}}, {"type": "Feature", "properties": {"layer": "osm_road", "stroke": "#999999"}, "geometry": {"type": "LineString", "coordinates": [[112.69388139999998, -7.355603599999998], [112.6939344, -7.3557913], [112.6939546, -7.355885699999999], [112.6939606, -7.355928600000001], [112.69395729999998, -7.355944300000001], [112.69394889999998, -7.355958599999998], [112.6938904, -7.355976200000001]]}}, {"type": "Feature", "properties": {"layer": "osm_road", "stroke": "#999999"}, "geometry": {"type": "LineString", "coordinates": [[112.6942979, -7.355440200000003], [112.6943462, -7.355811899999999], [112.69433949999998, -7.355831199999998], [112.6943294, -7.355854500000001], [112.69430929999999, -7.3558704]]}}, {"type": "Feature", "properties": {"layer": "osm_road", "stroke": "#999999"}, "geometry": {"type": "LineString", "coordinates": [[112.69430929999999, -7.3558704], [112.69423079999999, -7.3558917], [112.6941665, -7.355895099999999], [112.6941336, -7.355877099999998], [112.69410479999999, -7.355851800000003], [112.69404979999999, -7.355609100000001]]}}, {"type": "Feature", "properties": {"layer": "osm_road", "stroke": "#999999"}, "geometry": {"type": "LineString", "coordinates": [[112.69645569999999, -7.355574499999998], [112.6964536, -7.355614299999998]]}}, {"type": "Feature", "properties": {"layer": "osm_road", "stroke": "#999999"}, "geometry": {"type": "LineString", "coordinates": [[112.69645569999999, -7.355521300000001], [112.69645569999999, -7.355574499999998]]}}, {"type": "Feature", "properties": {"layer": "osm_road", "stroke": "#999999"}, "geometry": {"type": "LineString", "coordinates": [[112.69613839999998, -7.355071400000001], [112.6959649, -7.3550904], [112.6955867, -7.355069099999999]]}}, {"type": "Feature", "properties": {"layer": "osm_road", "stroke": "#999999"}, "geometry": {"type": "LineString", "coordinates": [[112.69094109999999, -7.3561012], [112.6908582, -7.355979499999998], [112.69082979999999, -7.355928300000002]]}}, {"type": "Feature", "properties": {"layer": "osm_road", "stroke": "#999999"}, "geometry": {"type": "LineString", "coordinates": [[112.67376859999999, -7.3669112], [112.6737446, -7.366894800000001]]}}, {"type": "Feature", "properties": {"layer": "osm_road", "stroke": "#999999"}, "geometry": {"type": "LineString", "coordinates": [[112.67370539999999, -7.366867500000001], [112.6736789, -7.366850999999999]]}}, {"type": "Feature", "properties": {"layer": "osm_road", "stroke": "#999999"}, "geometry": {"type": "LineString", "coordinates": [[112.6737446, -7.366894800000001], [112.67370539999999, -7.366867500000001]]}}, {"type": "Feature", "properties": {"layer": "osm_road", "stroke": "#999999"}, "geometry": {"type": "LineString", "coordinates": [[112.6744387, -7.365991899999998], [112.674425, -7.365979699999998]]}}, {"type": "Feature", "properties": {"layer": "osm_road", "stroke": "#999999"}, "geometry": {"type": "LineString", "coordinates": [[112.6743887, -7.365948799999997], [112.67437459999998, -7.365938499999999]]}}, {"type": "Feature", "properties": {"layer": "osm_road", "stroke": "#999999"}, "geometry": {"type": "LineString", "coordinates": [[112.674425, -7.365979699999998], [112.6743887, -7.365948799999997]]}}, {"type": "Feature", "properties": {"layer": "osm_road", "stroke": "#999999"}, "geometry": {"type": "LineString", "coordinates": [[112.6742882, -7.366187900000002], [112.67426569999999, -7.366172999999999]]}}, {"type": "Feature", "properties": {"layer": "osm_road", "stroke": "#999999"}, "geometry": {"type": "LineString", "coordinates": [[112.6742264, -7.3661458], [112.67420979999999, -7.3661322]]}}, {"type": "Feature", "properties": {"layer": "osm_road", "stroke": "#999999"}, "geometry": {"type": "LineString", "coordinates": [[112.67426569999999, -7.366172999999999], [112.6742264, -7.3661458]]}}, {"type": "Feature", "properties": {"layer": "osm_road", "stroke": "#999999"}, "geometry": {"type": "LineString", "coordinates": [[112.67417439999998, -7.366342300000001], [112.6741486, -7.3663242]]}}, {"type": "Feature", "properties": {"layer": "osm_road", "stroke": "#999999"}, "geometry": {"type": "LineString", "coordinates": [[112.67410929999998, -7.3662969], [112.67408879999999, -7.3662823999999985]]}}, {"type": "Feature", "properties": {"layer": "osm_road", "stroke": "#999999"}, "geometry": {"type": "LineString", "coordinates": [[112.6741486, -7.3663242], [112.67410929999998, -7.3662969]]}}, {"type": "Feature", "properties": {"layer": "osm_road", "stroke": "#999999"}, "geometry": {"type": "LineString", "coordinates": [[112.6725826, -7.367628099999999], [112.67258869999999, -7.3676434]]}}, {"type": "Feature", "properties": {"layer": "osm_road", "stroke": "#999999"}, "geometry": {"type": "LineString", "coordinates": [[112.6725517, -7.367556899999999], [112.6725826, -7.367628099999999]]}}, {"type": "Feature", "properties": {"layer": "osm_road", "stroke": "#999999"}, "geometry": {"type": "LineString", "coordinates": [[112.6725445, -7.367542700000003], [112.6725517, -7.367556899999999]]}}, {"type": "Feature", "properties": {"layer": "osm_road", "stroke": "#999999"}, "geometry": {"type": "LineString", "coordinates": [[112.6722036, -7.367710299999998], [112.6721978, -7.3676992]]}}, {"type": "Feature", "properties": {"layer": "osm_road", "stroke": "#999999"}, "geometry": {"type": "LineString", "coordinates": [[112.67223039999999, -7.367770099999998], [112.6722036, -7.367710299999998]]}}, {"type": "Feature", "properties": {"layer": "osm_road", "stroke": "#999999"}, "geometry": {"type": "LineString", "coordinates": [[112.67223849999999, -7.367788400000001], [112.67223039999999, -7.367770099999998]]}}, {"type": "Feature", "properties": {"layer": "osm_road", "stroke": "#999999"}, "geometry": {"type": "LineString", "coordinates": [[112.6739706, -7.366492900000001], [112.67395069999999, -7.3664793]]}}, {"type": "Feature", "properties": {"layer": "osm_road", "stroke": "#999999"}, "geometry": {"type": "LineString", "coordinates": [[112.6740099, -7.3665201], [112.6739706, -7.366492900000001]]}}, {"type": "Feature", "properties": {"layer": "osm_road", "stroke": "#999999"}, "geometry": {"type": "LineString", "coordinates": [[112.67403890000001, -7.366538899999999], [112.6740099, -7.3665201]]}}, {"type": "Feature", "properties": {"layer": "osm_road", "stroke": "#999999"}, "geometry": {"type": "LineString", "coordinates": [[112.67510909999999, -7.367840400000001], [112.6755241, -7.367142000000001], [112.6755311, -7.3671376], [112.67554319999999, -7.3671386], [112.6756223, -7.3671861]]}}, {"type": "Feature", "properties": {"layer": "osm_road", "stroke": "#999999"}, "geometry": {"type": "LineString", "coordinates": [[112.6719195, -7.366017399999999], [112.6718248, -7.365623899999999]]}}, {"type": "Feature", "properties": {"layer": "osm_road", "stroke": "#999999"}, "geometry": {"type": "LineString", "coordinates": [[112.6712335, -7.3664614], [112.6717198, -7.366406399999997]]}}, {"type": "Feature", "properties": {"layer": "osm_road", "stroke": "#999999"}, "geometry": {"type": "LineString", "coordinates": [[112.67196699999998, -7.3668157], [112.671747, -7.366863900000001], [112.67129289999998, -7.366949]]}}, {"type": "Feature", "properties": {"layer": "osm_road", "stroke": "#999999"}, "geometry": {"type": "LineString", "coordinates": [[112.67490129999999, -7.3661839], [112.67469339999998, -7.366507199999998]]}}, {"type": "Feature", "properties": {"layer": "osm_road", "stroke": "#999999"}, "geometry": {"type": "LineString", "coordinates": [[112.67142720000001, -7.367504399999999], [112.67152690000002, -7.367893699999999]]}}, {"type": "Feature", "properties": {"layer": "osm_road", "stroke": "#999999"}, "geometry": {"type": "LineString", "coordinates": [[112.67178919999999, -7.3679992], [112.671935, -7.3679193], [112.67223849999999, -7.367788400000001], [112.67258869999999, -7.3676434], [112.6727103, -7.367586900000001], [112.6730488, -7.367417299999999], [112.6732922, -7.367304099999998], [112.6733212, -7.367290299999998]]}}, {"type": "Feature", "properties": {"layer": "osm_road", "stroke": "#999999"}, "geometry": {"type": "LineString", "coordinates": [[112.67340619999999, -7.369573799999999], [112.6733116, -7.3674578], [112.6733156, -7.367427200000001], [112.67332029999999, -7.367404599999999], [112.67334329999998, -7.367344699999999]]}}, {"type": "Feature", "properties": {"layer": "osm_road", "stroke": "#999999"}, "geometry": {"type": "LineString", "coordinates": [[112.6746033, -7.3677144000000006], [112.6752834, -7.366869899999999]]}}, {"type": "Feature", "properties": {"layer": "osm_road", "stroke": "#999999"}, "geometry": {"type": "LineString", "coordinates": [[112.6753388, -7.367655499999998], [112.6756223, -7.3671861], [112.67567859999998, -7.367093]]}}, {"type": "Feature", "properties": {"layer": "osm_road", "stroke": "#999999"}, "geometry": {"type": "LineString", "coordinates": [[112.6753652, -7.3695946], [112.67550709999999, -7.3679841]]}}, {"type": "Feature", "properties": {"layer": "osm_road", "stroke": "#999999"}, "geometry": {"type": "LineString", "coordinates": [[112.6748655, -7.369581100000001], [112.67487129999999, -7.3677791]]}}, {"type": "Feature", "properties": {"layer": "osm_road", "stroke": "#999999"}, "geometry": {"type": "LineString", "coordinates": [[112.67458149999999, -7.369581100000001], [112.6745252, -7.367697699999999]]}}, {"type": "Feature", "properties": {"layer": "osm_road", "stroke": "#999999"}, "geometry": {"type": "LineString", "coordinates": [[112.67415689999999, -7.369581100000001], [112.6740778, -7.3675702]]}}, {"type": "Feature", "properties": {"layer": "osm_road", "stroke": "#999999"}, "geometry": {"type": "LineString", "coordinates": [[112.6729903, -7.365937799999999], [112.67338149999999, -7.366584500000001]]}}, {"type": "Feature", "properties": {"layer": "osm_road", "stroke": "#999999"}, "geometry": {"type": "LineString", "coordinates": [[112.672757, -7.3661791], [112.67306019999998, -7.366885299999998]]}}, {"type": "Feature", "properties": {"layer": "osm_road", "stroke": "#999999"}, "geometry": {"type": "LineString", "coordinates": [[112.671747, -7.366863900000001], [112.671893, -7.367339600000002]]}}, {"type": "Feature", "properties": {"layer": "osm_road", "stroke": "#999999"}, "geometry": {"type": "LineString", "coordinates": [[112.67033229999998, -7.3662684], [112.6711419, -7.366173799999999], [112.67119189999998, -7.366168]]}}, {"type": "Feature", "properties": {"layer": "osm_road", "stroke": "#999999"}, "geometry": {"type": "LineString", "coordinates": [[112.69617939999999, -7.3555599], [112.6961815, -7.355612999999999]]}}, {"type": "Feature", "properties": {"layer": "osm_road", "stroke": "#999999"}, "geometry": {"type": "LineString", "coordinates": [[112.6961781, -7.3555293], [112.69617939999999, -7.3555599]]}}, {"type": "Feature", "properties": {"layer": "osm_road", "stroke": "#999999"}, "geometry": {"type": "LineString", "coordinates": [[112.6988096, -7.3574035], [112.6985418, -7.357475899999998], [112.69841769999998, -7.357525699999998]]}}, {"type": "Feature", "properties": {"layer": "osm_road", "stroke": "#999999"}, "geometry": {"type": "LineString", "coordinates": [[112.6992184, -7.357064200000003], [112.69940609999999, -7.356646500000002], [112.69945039999999, -7.356532199999999], [112.6994839, -7.356412399999999], [112.69951879999999, -7.356268800000002]]}}, {"type": "Feature", "properties": {"layer": "osm_road", "stroke": "#999999"}, "geometry": {"type": "LineString", "coordinates": [[112.70095239999999, -7.356916499999999], [112.70043339999998, -7.3569471], [112.70032609999998, -7.3569511], [112.70024029999999, -7.356980399999999], [112.70016790000001, -7.3570296], [112.70008209999999, -7.357069499999998], [112.6999319, -7.3571001], [112.69977229999999, -7.3570934], [112.69946249999998, -7.357068199999999], [112.6992184, -7.357064200000003], [112.6990105, -7.3571107], [112.69889249999999, -7.3571653]]}}, {"type": "Feature", "properties": {"layer": "osm_road", "stroke": "#999999"}, "geometry": {"type": "LineString", "coordinates": [[112.7012998, -7.3579088], [112.7012388, -7.3573047], [112.701226, -7.357178600000001], [112.7011979, -7.3570894], [112.7011415, -7.357020300000001], [112.70105440000002, -7.3569511], [112.70095239999999, -7.356916499999999]]}}, {"type": "Feature", "properties": {"layer": "osm_road", "stroke": "#999999"}, "geometry": {"type": "LineString", "coordinates": [[112.69889249999999, -7.3571653], [112.6988362, -7.3572783], [112.6988096, -7.3574035], [112.69896089999999, -7.3577053], [112.69907890000002, -7.3584686999999995], [112.69910029999998, -7.358617699999998], [112.6991271, -7.358811899999998], [112.69913929999998, -7.358955500000002]]}}, {"type": "Feature", "properties": {"layer": "osm_road", "stroke": "#999999"}, "geometry": {"type": "LineString", "coordinates": [[112.6982461, -7.355317799999998], [112.69824209999999, -7.3550385]]}}, {"type": "Feature", "properties": {"layer": "osm_road", "stroke": "#999999"}, "geometry": {"type": "LineString", "coordinates": [[112.69825809999999, -7.355363100000001], [112.6982461, -7.355317799999998]]}}, {"type": "Feature", "properties": {"layer": "osm_road", "stroke": "#999999"}, "geometry": {"type": "LineString", "coordinates": [[112.6982741, -7.355425099999998], [112.69825809999999, -7.355363100000001]]}}, {"type": "Feature", "properties": {"layer": "osm_road", "stroke": "#999999"}, "geometry": {"type": "LineString", "coordinates": [[112.6969707, -7.356127799999999], [112.6969826, -7.355674500000001]]}}, {"type": "Feature", "properties": {"layer": "osm_road", "stroke": "#999999"}, "geometry": {"type": "LineString", "coordinates": [[112.6969908, -7.355574499999998], [112.69698280000001, -7.354867100000001]]}}, {"type": "Feature", "properties": {"layer": "osm_road", "stroke": "#999999"}, "geometry": {"type": "LineString", "coordinates": [[112.69698949999999, -7.3556104], [112.6969908, -7.355574499999998]]}}, {"type": "Feature", "properties": {"layer": "osm_road", "stroke": "#999999"}, "geometry": {"type": "LineString", "coordinates": [[112.67641959999999, -7.359503500000001], [112.6765224, -7.3598352]]}}, {"type": "Feature", "properties": {"layer": "osm_road", "stroke": "#999999"}, "geometry": {"type": "LineString", "coordinates": [[112.67957969999999, -7.3594476], [112.6795967, -7.3595201]]}}, {"type": "Feature", "properties": {"layer": "osm_road", "stroke": "#999999"}, "geometry": {"type": "LineString", "coordinates": [[112.6790455, -7.359716299999998], [112.6790558, -7.3596007000000006]]}}, {"type": "Feature", "properties": {"layer": "osm_road", "stroke": "#999999"}, "geometry": {"type": "LineString", "coordinates": [[112.6781833, -7.359600400000001], [112.67803699999999, -7.359136399999998]]}}, {"type": "Feature", "properties": {"layer": "osm_road", "stroke": "#999999"}, "geometry": {"type": "LineString", "coordinates": [[112.67827169999998, -7.3596624], [112.67824550000002, -7.359595900000001], [112.67822069999998, -7.3595873], [112.6781833, -7.359600400000001], [112.6776722, -7.3597908]]}}, {"type": "Feature", "properties": {"layer": "osm_road", "stroke": "#999999"}, "geometry": {"type": "LineString", "coordinates": [[112.67794579999999, -7.3582266999999995], [112.67794459999999, -7.3582244], [112.67794099999999, -7.3582232], [112.67793749999998, -7.3582235], [112.67777219999999, -7.358238499999999], [112.6777678, -7.358239600000001], [112.67776339999999, -7.358242599999999]]}}, {"type": "Feature", "properties": {"layer": "osm_road", "stroke": "#999999"}, "geometry": {"type": "LineString", "coordinates": [[112.6778042, -7.3588713], [112.6777661, -7.358417499999999], [112.67775269999998, -7.358298500000001], [112.67775329999999, -7.358276000000001], [112.67776339999999, -7.358242599999999]]}}, {"type": "Feature", "properties": {"layer": "osm_road", "stroke": "#999999"}, "geometry": {"type": "LineString", "coordinates": [[112.67798830000001, -7.358739999999999], [112.67794679999999, -7.358232100000001], [112.6779465, -7.358229700000001], [112.67794579999999, -7.3582266999999995]]}}, {"type": "Feature", "properties": {"layer": "osm_road", "stroke": "#999999"}, "geometry": {"type": "LineString", "coordinates": [[112.6796503, -7.3576609], [112.67966379999999, -7.3578409]]}}, {"type": "Feature", "properties": {"layer": "osm_road", "stroke": "#999999"}, "geometry": {"type": "LineString", "coordinates": [[112.67934860000001, -7.357992599999999], [112.6793144, -7.3576999999999995]]}}, {"type": "Feature", "properties": {"layer": "osm_road", "stroke": "#999999"}, "geometry": {"type": "LineString", "coordinates": [[112.68034369999998, -7.357811700000002], [112.68015689999999, -7.357835899999999], [112.68015259999999, -7.3578388], [112.6801479, -7.357843599999998]]}}, {"type": "Feature", "properties": {"layer": "osm_road", "stroke": "#999999"}, "geometry": {"type": "LineString", "coordinates": [[112.6801479, -7.357843599999998], [112.68015059999999, -7.357971300000002], [112.6801667, -7.358170800000001], [112.6801801, -7.3582798999999985], [112.6801881, -7.358308499999999], [112.68020819999998, -7.358331699999998], [112.6802733, -7.3583430000000005], [112.680282, -7.358349400000002], [112.680287, -7.358361], [112.6802998, -7.3584757], [112.6803108, -7.3585618]]}}, {"type": "Feature", "properties": {"layer": "osm_road", "stroke": "#999999"}, "geometry": {"type": "LineString", "coordinates": [[112.68037530000001, -7.3575419], [112.68035709999998, -7.357750500000002], [112.68034369999998, -7.357811700000002], [112.68035909999999, -7.358075699999998], [112.68038589999999, -7.3582326], [112.68039969999998, -7.358287200000002], [112.68041070000001, -7.358345999999999]]}}, {"type": "Feature", "properties": {"layer": "osm_road", "stroke": "#999999"}, "geometry": {"type": "LineString", "coordinates": [[112.68028410000001, -7.359157400000001], [112.6802713, -7.3590992]]}}, {"type": "Feature", "properties": {"layer": "osm_road", "stroke": "#999999"}, "geometry": {"type": "LineString", "coordinates": [[112.67876119999998, -7.359059299999999], [112.6786499, -7.359091200000002]]}}, {"type": "Feature", "properties": {"layer": "osm_road", "stroke": "#999999"}, "geometry": {"type": "LineString", "coordinates": [[112.67924659999998, -7.358931599999998], [112.67941829999998, -7.358873100000001]]}}, {"type": "Feature", "properties": {"layer": "osm_road", "stroke": "#999999"}, "geometry": {"type": "LineString", "coordinates": [[112.67895969999998, -7.3584102], [112.6790747, -7.3589839999999995]]}}, {"type": "Feature", "properties": {"layer": "osm_road", "stroke": "#999999"}, "geometry": {"type": "LineString", "coordinates": [[112.67853579999999, -7.358786600000003], [112.67862979999998, -7.358901000000002], [112.67867670000001, -7.358960800000001], [112.67876119999998, -7.359059299999999], [112.6788121, -7.359048599999999], [112.6790747, -7.3589839999999995], [112.67924659999998, -7.358931599999998], [112.67932209999998, -7.359309000000001], [112.6793325, -7.3593611999999995]]}}, {"type": "Feature", "properties": {"layer": "osm_road", "stroke": "#999999"}, "geometry": {"type": "LineString", "coordinates": [[112.68052339999998, -7.3581734], [112.6805279, -7.3581769999999995], [112.6805343, -7.358178099999999], [112.6807655, -7.358140299999998]]}}, {"type": "Feature", "properties": {"layer": "osm_road", "stroke": "#999999"}, "geometry": {"type": "LineString", "coordinates": [[112.68049279999998, -7.35797], [112.68052339999998, -7.3581734]]}}, {"type": "Feature", "properties": {"layer": "osm_road", "stroke": "#999999"}, "geometry": {"type": "LineString", "coordinates": [[112.68070849999998, -7.357899500000002], [112.680497, -7.357964799999997], [112.6804941, -7.357965899999999], [112.68049279999998, -7.35797]]}}, {"type": "Feature", "properties": {"layer": "osm_road", "stroke": "#999999"}, "geometry": {"type": "LineString", "coordinates": [[112.6807849, -7.3582626], [112.6807655, -7.358140299999998], [112.68074869999998, -7.358021800000001], [112.68071899999998, -7.357912399999999], [112.680714, -7.3579045999999995], [112.68070849999998, -7.357899500000002]]}}, {"type": "Feature", "properties": {"layer": "osm_road", "stroke": "#999999"}, "geometry": {"type": "LineString", "coordinates": [[112.67666229999999, -7.360248999999997], [112.67663349999998, -7.3601699], [112.67655370000001, -7.359934400000001], [112.6765224, -7.3598352]]}}, {"type": "Feature", "properties": {"layer": "osm_road", "stroke": "#999999"}, "geometry": {"type": "LineString", "coordinates": [[112.67608699999998, -7.359775499999999], [112.67610649999999, -7.3597908], [112.67627079999998, -7.360207099999999], [112.67633599999999, -7.3603555999999974]]}}, {"type": "Feature", "properties": {"layer": "osm_road", "stroke": "#999999"}, "geometry": {"type": "LineString", "coordinates": [[112.6759349, -7.35984], [112.67593009999999, -7.359816099999997], [112.67593749999999, -7.359798099999999], [112.67603610000002, -7.359762199999998], [112.6760548, -7.359763500000001], [112.67608699999998, -7.359775499999999]]}}, {"type": "Feature", "properties": {"layer": "osm_road", "stroke": "#999999"}, "geometry": {"type": "LineString", "coordinates": [[112.6760953, -7.360439599999999], [112.6760562, -7.360273599999999], [112.6759349, -7.35984]]}}, {"type": "Feature", "properties": {"layer": "osm_road", "stroke": "#999999"}, "geometry": {"type": "LineString", "coordinates": [[112.69814, -7.362271499999999], [112.69811069999999, -7.362091699999998]]}}, {"type": "Feature", "properties": {"layer": "osm_road", "stroke": "#999999"}, "geometry": {"type": "LineString", "coordinates": [[112.69623339999998, -7.3616199999999985], [112.6962921, -7.361953500000002], [112.69632699999998, -7.362153], [112.696335, -7.362190199999998]]}}, {"type": "Feature", "properties": {"layer": "osm_road", "stroke": "#999999"}, "geometry": {"type": "LineString", "coordinates": [[112.6981487, -7.360706], [112.69809179999999, -7.360422600000001], [112.69804629999999, -7.360201800000001], [112.69801739999998, -7.3600475]]}}, {"type": "Feature", "properties": {"layer": "osm_road", "stroke": "#999999"}, "geometry": {"type": "LineString", "coordinates": [[112.6992466, -7.3625312], [112.69930809999998, -7.362867399999997]]}}, {"type": "Feature", "properties": {"layer": "osm_road", "stroke": "#999999"}, "geometry": {"type": "LineString", "coordinates": [[112.6974582, -7.360473099999998], [112.6971531, -7.360418599999999], [112.697035, -7.360398599999999]]}}, {"type": "Feature", "properties": {"layer": "osm_road", "stroke": "#999999"}, "geometry": {"type": "LineString", "coordinates": [[112.69665129999998, -7.361590199999998], [112.69664619999999, -7.361756600000001], [112.6966502, -7.362133000000001], [112.69666759999998, -7.362528000000001]]}}, {"type": "Feature", "properties": {"layer": "osm_road", "stroke": "#999999"}, "geometry": {"type": "LineString", "coordinates": [[112.69774849999999, -7.359961700000001], [112.69781089999998, -7.359922499999999], [112.6978552, -7.359903899999998], [112.6979155, -7.359901899999998], [112.69794499999999, -7.3599138], [112.6979645, -7.3599418], [112.69799929999999, -7.360018899999999], [112.69801739999998, -7.3600475], [112.69805359999998, -7.360056800000001], [112.698116, -7.360052799999999], [112.69839899999998, -7.359967700000001]]}}, {"type": "Feature", "properties": {"layer": "osm_road", "stroke": "#999999"}, "geometry": {"type": "LineString", "coordinates": [[112.6987445, -7.361129399999999], [112.6988161, -7.3618604]]}}, {"type": "Feature", "properties": {"layer": "osm_road", "stroke": "#999999"}, "geometry": {"type": "LineString", "coordinates": [[112.69858169999999, -7.3611767], [112.69862560000001, -7.361527799999998], [112.698639, -7.361828399999999], [112.69864709999999, -7.3620625], [112.69866399999998, -7.362206499999999]]}}, {"type": "Feature", "properties": {"layer": "osm_road", "stroke": "#999999"}, "geometry": {"type": "LineString", "coordinates": [[112.69788229999999, -7.362288699999999], [112.69814, -7.362271499999999], [112.6985344, -7.362219500000001], [112.69866399999998, -7.362206499999999], [112.69898969999998, -7.3621915000000016], [112.69901349999999, -7.362182200000003], [112.69903939999999, -7.362164900000001], [112.69905609999999, -7.3621403], [112.6990615, -7.362079800000001]]}}, {"type": "Feature", "properties": {"layer": "osm_road", "stroke": "#999999"}, "geometry": {"type": "LineString", "coordinates": [[112.69890269999999, -7.3610633000000005], [112.6990106, -7.361241899999998], [112.69904539999999, -7.361384199999998], [112.6990575, -7.3615623999999995], [112.6990494, -7.3618364], [112.69905249999998, -7.361949500000001], [112.6990615, -7.362079800000001]]}}, {"type": "Feature", "properties": {"layer": "osm_road", "stroke": "#999999"}, "geometry": {"type": "LineString", "coordinates": [[112.69956299999998, -7.361543099999999], [112.69954959999998, -7.361536799999999], [112.69953319999999, -7.3615352], [112.6995148, -7.361538200000001], [112.69932229999999, -7.361588999999997], [112.6993109, -7.361595999999999], [112.6993019, -7.361603299999998], [112.69929279999998, -7.3616163]]}}, {"type": "Feature", "properties": {"layer": "osm_road", "stroke": "#999999"}, "geometry": {"type": "LineString", "coordinates": [[112.69965529999999, -7.3631495], [112.6999593, -7.3630848], [112.69996849999998, -7.363075999999999], [112.69997589999998, -7.363065299999998], [112.699983, -7.363042400000002], [112.6999842, -7.3630271], [112.6998401, -7.362399299999998], [112.69957909999998, -7.361570400000001], [112.6995711, -7.3615525], [112.69956299999998, -7.361543099999999]]}}, {"type": "Feature", "properties": {"layer": "osm_road", "stroke": "#999999"}, "geometry": {"type": "LineString", "coordinates": [[112.69965529999999, -7.3631495], [112.69960459999999, -7.363159799999999], [112.6983893, -7.3633424000000005], [112.69836379999998, -7.363340000000001], [112.69833729999999, -7.3633353999999995], [112.69831579999999, -7.363321999999998]]}}, {"type": "Feature", "properties": {"layer": "osm_road", "stroke": "#999999"}, "geometry": {"type": "LineString", "coordinates": [[112.69943699999999, -7.3621861999999965], [112.69950179999998, -7.3624746000000005], [112.6995802, -7.3628344], [112.69964889999999, -7.363125199999999], [112.69965529999999, -7.3631495]]}}, {"type": "Feature", "properties": {"layer": "osm_road", "stroke": "#999999"}, "geometry": {"type": "LineString", "coordinates": [[112.6995181, -7.361427399999999], [112.6995148, -7.361457400000002], [112.699504, -7.361481299999999], [112.69948459999999, -7.361495300000002], [112.6994598, -7.3615039000000015], [112.69928009999998, -7.361518499999998]]}}, {"type": "Feature", "properties": {"layer": "osm_road", "stroke": "#999999"}, "geometry": {"type": "LineString", "coordinates": [[112.69917819999999, -7.360892], [112.69919959999999, -7.361038399999999], [112.69921439999999, -7.361448699999999], [112.6992238, -7.361478599999998], [112.69923419999999, -7.3614966], [112.69925459999999, -7.361510600000001], [112.69928009999998, -7.361518499999998]]}}, {"type": "Feature", "properties": {"layer": "osm_road", "stroke": "#999999"}, "geometry": {"type": "LineString", "coordinates": [[112.6994582, -7.3607697], [112.6995181, -7.361427399999999]]}}, {"type": "Feature", "properties": {"layer": "osm_road", "stroke": "#999999"}, "geometry": {"type": "LineString", "coordinates": [[112.69953399999999, -7.360739999999998], [112.69984869999999, -7.361924199999999], [112.69995719999999, -7.362320900000002], [112.7001269, -7.3630947]]}}, {"type": "Feature", "properties": {"layer": "osm_road", "stroke": "#999999"}, "geometry": {"type": "LineString", "coordinates": [[112.6999614, -7.360652699999999], [112.70033419999999, -7.362317899999998], [112.70049249999998, -7.363044000000001]]}}, {"type": "Feature", "properties": {"layer": "osm_road", "stroke": "#999999"}, "geometry": {"type": "LineString", "coordinates": [[112.70001769999999, -7.3599943], [112.70013239999999, -7.3604579], [112.70013199999998, -7.360470800000002], [112.700129, -7.360481799999999], [112.70011899999999, -7.360502399999998], [112.70007669999998, -7.360607500000001]]}}, {"type": "Feature", "properties": {"layer": "osm_road", "stroke": "#999999"}, "geometry": {"type": "LineString", "coordinates": [[112.6988369, -7.360466700000001], [112.6986793, -7.360022199999999], [112.69852369999998, -7.359548699999998]]}}, {"type": "Feature", "properties": {"layer": "osm_road", "stroke": "#999999"}, "geometry": {"type": "LineString", "coordinates": [[112.6975903, -7.360932000000001], [112.6974582, -7.3606048], [112.6974501, -7.3605689000000005], [112.69744949999999, -7.360521000000001], [112.6974582, -7.360473099999998], [112.69748099999998, -7.3604053], [112.6975373, -7.360288200000001], [112.6976144, -7.360079399999997], [112.6976466, -7.3600283], [112.6976848, -7.359997], [112.69774849999999, -7.359961700000001]]}}, {"type": "Feature", "properties": {"layer": "osm_road", "stroke": "#999999"}, "geometry": {"type": "LineString", "coordinates": [[112.6967499, -7.361583199999997], [112.6967454, -7.361168700000003]]}}, {"type": "Feature", "properties": {"layer": "osm_road", "stroke": "#999999"}, "geometry": {"type": "LineString", "coordinates": [[112.6972305, -7.3615489], [112.69716649999998, -7.3609985]]}}, {"type": "Feature", "properties": {"layer": "osm_road", "stroke": "#999999"}, "geometry": {"type": "LineString", "coordinates": [[112.68034909999999, -7.3635309], [112.68021729999998, -7.363868400000001], [112.6799658, -7.364536799999997]]}}, {"type": "Feature", "properties": {"layer": "osm_road", "stroke": "#999999"}, "geometry": {"type": "LineString", "coordinates": [[112.6775837, -7.3635309], [112.67730039999998, -7.3634275], [112.67728870000002, -7.363423400000001], [112.67727369999999, -7.3634236]]}}, {"type": "Feature", "properties": {"layer": "osm_road", "stroke": "#999999"}, "geometry": {"type": "LineString", "coordinates": [[112.6765349, -7.365002700000001], [112.67689699999998, -7.365158899999999]]}}, {"type": "Feature", "properties": {"layer": "osm_road", "stroke": "#999999"}, "geometry": {"type": "LineString", "coordinates": [[112.67668369999998, -7.364727200000001], [112.67703379999999, -7.364900800000001]]}}, {"type": "Feature", "properties": {"layer": "osm_road", "stroke": "#999999"}, "geometry": {"type": "LineString", "coordinates": [[112.67681079999998, -7.3644794000000005], [112.6771626, -7.364637499999998]]}}, {"type": "Feature", "properties": {"layer": "osm_road", "stroke": "#999999"}, "geometry": {"type": "LineString", "coordinates": [[112.6769293, -7.364209600000001], [112.6772457, -7.364355500000001]]}}, {"type": "Feature", "properties": {"layer": "osm_road", "stroke": "#999999"}, "geometry": {"type": "LineString", "coordinates": [[112.6770644, -7.363933799999997], [112.67737719999998, -7.3640736]]}}, {"type": "Feature", "properties": {"layer": "osm_road", "stroke": "#999999"}, "geometry": {"type": "LineString", "coordinates": [[112.67718929999998, -7.363679099999999], [112.6774871, -7.363807500000002]]}}, {"type": "Feature", "properties": {"layer": "osm_road", "stroke": "#999999"}, "geometry": {"type": "LineString", "coordinates": [[112.68011509999998, -7.364559699999998], [112.6811779, -7.3647384], [112.68127439999999, -7.364754500000001], [112.682295, -7.364898199999999], [112.6823379, -7.364868900000001]]}}, {"type": "Feature", "properties": {"layer": "osm_road", "stroke": "#999999"}, "geometry": {"type": "LineString", "coordinates": [[112.6803574, -7.3638952], [112.6823218, -7.364213200000001], [112.68238889999999, -7.364242499999998], [112.68241969999998, -7.364302299999999], [112.68242099999999, -7.3643675], [112.682362, -7.364809100000001], [112.6823379, -7.364868900000001]]}}, {"type": "Feature", "properties": {"layer": "osm_road", "stroke": "#999999"}, "geometry": {"type": "LineString", "coordinates": [[112.6803613, -7.3628487], [112.6801613, -7.362827299999998]]}}, {"type": "Feature", "properties": {"layer": "osm_road", "stroke": "#999999"}, "geometry": {"type": "LineString", "coordinates": [[112.678792, -7.364753199999997], [112.67891269999998, -7.364331600000001], [112.6789315, -7.3641587], [112.67893689999998, -7.3640895], [112.6789221, -7.3639964], [112.67881349999999, -7.3638581], [112.67875849999999, -7.363807599999998], [112.6785828, -7.3637077999999985], [112.6785379, -7.363673199999998], [112.67850439999998, -7.363629999999998], [112.67846949999999, -7.3635429000000014], [112.6784551, -7.363510000000001], [112.6784239, -7.363481700000001], [112.6783357, -7.363432800000001], [112.67827169999998, -7.363406499999996], [112.678104, -7.3633552999999985]]}}, {"type": "Feature", "properties": {"layer": "osm_road", "stroke": "#999999"}, "geometry": {"type": "LineString", "coordinates": [[112.67963959999999, -7.365043200000001], [112.678792, -7.364753199999997], [112.67832669999999, -7.3646561]]}}, {"type": "Feature", "properties": {"layer": "osm_road", "stroke": "#999999"}, "geometry": {"type": "LineString", "coordinates": [[112.6768642, -7.362889799999996], [112.67704989999999, -7.362944399999997], [112.67735969999998, -7.3630181]]}}, {"type": "Feature", "properties": {"layer": "osm_road", "stroke": "#999999"}, "geometry": {"type": "LineString", "coordinates": [[112.6950362, -7.362424099999998], [112.6950353, -7.362445300000002], [112.69502069999999, -7.362772800000003]]}}, {"type": "Feature", "properties": {"layer": "osm_road", "stroke": "#999999"}, "geometry": {"type": "LineString", "coordinates": [[112.6933068, -7.363728399999999], [112.69337029999998, -7.363181699999999], [112.69338119999999, -7.363040099999999], [112.69339669999998, -7.3628074], [112.6934272, -7.362414200000001]]}}, {"type": "Feature", "properties": {"layer": "osm_road", "stroke": "#999999"}, "geometry": {"type": "LineString", "coordinates": [[112.69343289999999, -7.363744399999998], [112.6935067, -7.363130599999997]]}}, {"type": "Feature", "properties": {"layer": "osm_road", "stroke": "#999999"}, "geometry": {"type": "LineString", "coordinates": [[112.6934423, -7.364601699999999], [112.6934424, -7.364630799999999], [112.69344259999998, -7.364671399999999]]}}, {"type": "Feature", "properties": {"layer": "osm_road", "stroke": "#999999"}, "geometry": {"type": "LineString", "coordinates": [[112.6934423, -7.364601699999999], [112.69262790000002, -7.364519699999998], [112.6926077, -7.364517700000001]]}}, {"type": "Feature", "properties": {"layer": "osm_road", "stroke": "#999999"}, "geometry": {"type": "LineString", "coordinates": [[112.6954433, -7.362371299999999], [112.69548070000002, -7.362371], [112.6957342, -7.3623677999999995], [112.69600919999999, -7.3623571000000005]]}}, {"type": "Feature", "properties": {"layer": "osm_road", "stroke": "#999999"}, "geometry": {"type": "LineString", "coordinates": [[112.6961245, -7.362896899999999], [112.69643430000002, -7.362887200000001]]}}, {"type": "Feature", "properties": {"layer": "osm_road", "stroke": "#999999"}, "geometry": {"type": "LineString", "coordinates": [[112.6935716, -7.364416099999998], [112.69356549999999, -7.3646814]]}}, {"type": "Feature", "properties": {"layer": "osm_road", "stroke": "#999999"}, "geometry": {"type": "LineString", "coordinates": [[112.69620320000001, -7.363457899999999], [112.6961887, -7.363346800000001], [112.6961558, -7.3631352], [112.6961303, -7.362971], [112.6961245, -7.362896899999999], [112.6961017, -7.362605199999999]]}}, {"type": "Feature", "properties": {"layer": "osm_road", "stroke": "#999999"}, "geometry": {"type": "LineString", "coordinates": [[112.69304399999999, -7.363118600000001], [112.6929259, -7.363092]]}}, {"type": "Feature", "properties": {"layer": "osm_road", "stroke": "#999999"}, "geometry": {"type": "LineString", "coordinates": [[112.6909837, -7.3629589], [112.69095449999999, -7.363626699999998], [112.69095299999998, -7.3640803]]}}, {"type": "Feature", "properties": {"layer": "osm_road", "stroke": "#999999"}, "geometry": {"type": "LineString", "coordinates": [[112.69562419999998, -7.364551499999999], [112.6958455, -7.3645471], [112.69596759999999, -7.364548400000001], [112.6961996, -7.364541699999998], [112.69639, -7.364516499999998], [112.69652679999999, -7.3644819], [112.69682719999999, -7.3644154], [112.69687849999998, -7.364402100000001], [112.69689459999998, -7.364390800000001], [112.6969036, -7.3643781], [112.69691099999999, -7.364349500000001], [112.6968353, -7.364005099999999]]}}, {"type": "Feature", "properties": {"layer": "osm_road", "stroke": "#999999"}, "geometry": {"type": "LineString", "coordinates": [[112.6962613, -7.364396799999997], [112.69630149999999, -7.3643943], [112.6963317, -7.364374800000003], [112.69633839999999, -7.364217899999998]]}}, {"type": "Feature", "properties": {"layer": "osm_road", "stroke": "#999999"}, "geometry": {"type": "LineString", "coordinates": [[112.6957378, -7.3641484], [112.6957292, -7.3643017], [112.69572549999998, -7.364350799999999], [112.6962613, -7.364396799999997]]}}, {"type": "Feature", "properties": {"layer": "osm_road", "stroke": "#999999"}, "geometry": {"type": "LineString", "coordinates": [[112.6956651, -7.3641447000000015], [112.6957378, -7.3641484], [112.69633839999999, -7.364217899999998], [112.6963766, -7.3642212], [112.69674669999999, -7.364240500000001]]}}, {"type": "Feature", "properties": {"layer": "osm_road", "stroke": "#999999"}, "geometry": {"type": "LineString", "coordinates": [[112.69337029999998, -7.363181699999999], [112.69304399999999, -7.363118600000001], [112.69295479999998, -7.363669300000001]]}}, {"type": "Feature", "properties": {"layer": "osm_road", "stroke": "#999999"}, "geometry": {"type": "LineString", "coordinates": [[112.6955251, -7.363258900000001], [112.6950843, -7.363246400000002], [112.6950682, -7.363250100000001], [112.69505539999999, -7.3632579], [112.69504859999999, -7.3632651], [112.6950422, -7.363278199999998], [112.695037, -7.3633791], [112.69502879999999, -7.363392599999998], [112.6950147, -7.3634019], [112.69498649999998, -7.3634092], [112.6949564, -7.3634119], [112.69462479999999, -7.363422799999998], [112.6946181, -7.363418799999998]]}}, {"type": "Feature", "properties": {"layer": "osm_road", "stroke": "#999999"}, "geometry": {"type": "LineString", "coordinates": [[112.6948079, -7.363901399999999], [112.6947404, -7.3644925]]}}, {"type": "Feature", "properties": {"layer": "osm_road", "stroke": "#999999"}, "geometry": {"type": "LineString", "coordinates": [[112.69342409999999, -7.364215199999998], [112.6934436, -7.3642232000000005], [112.6934503, -7.3642395], [112.693453, -7.3642498], [112.6934526, -7.364263799999998], [112.6934423, -7.364601699999999]]}}, {"type": "Feature", "properties": {"layer": "osm_road", "stroke": "#999999"}, "geometry": {"type": "LineString", "coordinates": [[112.69262489999998, -7.364152200000001], [112.6926077, -7.364517700000001]]}}, {"type": "Feature", "properties": {"layer": "osm_road", "stroke": "#999999"}, "geometry": {"type": "LineString", "coordinates": [[112.6922861, -7.3644759], [112.69234749999998, -7.3642034], [112.69236339999999, -7.364161600000001], [112.692396, -7.3641365], [112.69243549999999, -7.364130899999999], [112.69262489999998, -7.364152200000001], [112.69342409999999, -7.364215199999998]]}}, {"type": "Feature", "properties": {"layer": "osm_road", "stroke": "#999999"}, "geometry": {"type": "LineString", "coordinates": [[112.69247439999998, -7.365230999999999], [112.6916116, -7.365132499999999]]}}, {"type": "Feature", "properties": {"layer": "osm_road", "stroke": "#999999"}, "geometry": {"type": "LineString", "coordinates": [[112.6925087, -7.364920699999999], [112.69164359999999, -7.3648329]]}}, {"type": "Feature", "properties": {"layer": "osm_road", "stroke": "#999999"}, "geometry": {"type": "LineString", "coordinates": [[112.6925415, -7.364623599999999], [112.691719, -7.364538499999999], [112.69169599999998, -7.364540299999999], [112.69168099999999, -7.3645507], [112.69167129999998, -7.364574399999999], [112.69164359999999, -7.3648329], [112.6916116, -7.365132499999999], [112.6915775, -7.365451199999999], [112.6915384, -7.3658158999999985], [112.69152549999998, -7.365936499999999], [112.6914859, -7.3663069], [112.6914484, -7.366656999999998], [112.6914124, -7.366992899999998], [112.6913695, -7.3673942]]}}, {"type": "Feature", "properties": {"layer": "osm_road", "stroke": "#999999"}, "geometry": {"type": "LineString", "coordinates": [[112.6961388, -7.3652560000000005], [112.6961989, -7.364917400000002], [112.69622229999999, -7.364826300000001]]}}, {"type": "Feature", "properties": {"layer": "osm_road", "stroke": "#999999"}, "geometry": {"type": "LineString", "coordinates": [[112.6965295, -7.362701000000003], [112.6965724, -7.362794100000001], [112.69659929999999, -7.362864899999998], [112.6966033, -7.3629023999999985]]}}, {"type": "Feature", "properties": {"layer": "osm_road", "stroke": "#999999"}, "geometry": {"type": "LineString", "coordinates": [[112.697247, -7.362954299999998], [112.6968607, -7.362968300000001], [112.69685769999998, -7.362970299999999], [112.69685740000001, -7.362973599999998], [112.69686599999999, -7.3630493], [112.69686509999998, -7.363052099999998], [112.69686199999998, -7.363053199999999], [112.6966267, -7.363080100000001], [112.6966033, -7.3629023999999985]]}}, {"type": "Feature", "properties": {"layer": "osm_road", "stroke": "#999999"}, "geometry": {"type": "LineString", "coordinates": [[112.69665959999999, -7.363263499999999], [112.69665679999999, -7.3632788], [112.69665079999999, -7.363288199999998], [112.69664289999999, -7.3632957], [112.69663259999999, -7.3633001], [112.6965114, -7.363311799999999], [112.6961887, -7.363346800000001]]}}, {"type": "Feature", "properties": {"layer": "osm_road", "stroke": "#999999"}, "geometry": {"type": "LineString", "coordinates": [[112.7007285, -7.3652387], [112.7003744, -7.365270600000001]]}}, {"type": "Feature", "properties": {"layer": "osm_road", "stroke": "#999999"}, "geometry": {"type": "LineString", "coordinates": [[112.7007966, -7.3648369], [112.70032879999998, -7.3649035]]}}, {"type": "Feature", "properties": {"layer": "osm_road", "stroke": "#999999"}, "geometry": {"type": "LineString", "coordinates": [[112.7007679, -7.364523200000001], [112.70031, -7.3645657]]}}, {"type": "Feature", "properties": {"layer": "osm_road", "stroke": "#999999"}, "geometry": {"type": "LineString", "coordinates": [[112.7007365, -7.36418], [112.70030739999999, -7.364225199999999]]}}, {"type": "Feature", "properties": {"layer": "osm_road", "stroke": "#999999"}, "geometry": {"type": "LineString", "coordinates": [[112.7007032, -7.3638273000000005], [112.70021619999999, -7.3638686999999985]]}}, {"type": "Feature", "properties": {"layer": "osm_road", "stroke": "#999999"}, "geometry": {"type": "LineString", "coordinates": [[112.7006704, -7.363481], [112.7001759, -7.363522899999999]]}}, {"type": "Feature", "properties": {"layer": "osm_road", "stroke": "#999999"}, "geometry": {"type": "LineString", "coordinates": [[112.7008108, -7.365710399999997], [112.7007285, -7.3652387], [112.7007509, -7.3652137], [112.7007908, -7.365153199999999], [112.70081229999998, -7.365103], [112.70081699999999, -7.3650604], [112.7007966, -7.3648369], [112.7007679, -7.364523200000001], [112.7007365, -7.36418], [112.7007032, -7.3638273000000005], [112.7006704, -7.363481], [112.70064939999999, -7.363171500000001], [112.7006333, -7.3631495], [112.70060779999999, -7.363134199999999], [112.700582, -7.3631289], [112.70016249999999, -7.3631851]]}}, {"type": "Feature", "properties": {"layer": "osm_road", "stroke": "#999999"}, "geometry": {"type": "LineString", "coordinates": [[112.7002336, -7.365718400000001], [112.6999721, -7.363201]]}}, {"type": "Feature", "properties": {"layer": "osm_road", "stroke": "#999999"}, "geometry": {"type": "LineString", "coordinates": [[112.6973613, -7.3636902000000015], [112.697664, -7.3636333], [112.69778869999999, -7.3636147], [112.6980007, -7.363598699999998], [112.6982335, -7.363574900000001]]}}, {"type": "Feature", "properties": {"layer": "osm_road", "stroke": "#999999"}, "geometry": {"type": "LineString", "coordinates": [[112.69754869999998, -7.3645111], [112.69735229999999, -7.3645603]]}}, {"type": "Feature", "properties": {"layer": "osm_road", "stroke": "#999999"}, "geometry": {"type": "LineString", "coordinates": [[112.69722419999998, -7.362738899999999], [112.6969787, -7.362794100000001], [112.696679, -7.3628466], [112.69659929999999, -7.362864899999998]]}}, {"type": "Feature", "properties": {"layer": "osm_road", "stroke": "#999999"}, "geometry": {"type": "LineString", "coordinates": [[112.67990649999999, -7.364781099999998], [112.6799658, -7.364536799999997]]}}, {"type": "Feature", "properties": {"layer": "osm_road", "stroke": "#999999"}, "geometry": {"type": "LineString", "coordinates": [[112.6818296, -7.360334800000003], [112.6818219, -7.360370100000001]]}}, {"type": "Feature", "properties": {"layer": "osm_road", "stroke": "#999999"}, "geometry": {"type": "LineString", "coordinates": [[112.6818363, -7.360298899999998], [112.6818296, -7.360334800000003]]}}, {"type": "Feature", "properties": {"layer": "osm_road", "stroke": "#999999"}, "geometry": {"type": "LineString", "coordinates": [[112.68184319999999, -7.360274199999999], [112.6818363, -7.360298899999998]]}}, {"type": "Feature", "properties": {"layer": "osm_road", "stroke": "#999999"}, "geometry": {"type": "LineString", "coordinates": [[112.6868787, -7.3598183], [112.6868769, -7.360031500000001], [112.6868462, -7.3602843999999985], [112.686741, -7.361262400000001], [112.6866588, -7.361938900000001]]}}, {"type": "Feature", "properties": {"layer": "osm_road", "stroke": "#999999"}, "geometry": {"type": "LineString", "coordinates": [[112.68137099999998, -7.360500999999998], [112.6813985, -7.360477800000001], [112.6814575, -7.360468499999999], [112.68153119999998, -7.3604665], [112.68193419999999, -7.3605356]]}}, {"type": "Feature", "properties": {"layer": "osm_road", "stroke": "#999999"}, "geometry": {"type": "LineString", "coordinates": [[112.68120949999998, -7.361011400000001], [112.68137099999998, -7.360500999999998]]}}, {"type": "Feature", "properties": {"layer": "osm_road", "stroke": "#999999"}, "geometry": {"type": "LineString", "coordinates": [[112.6820121, -7.360317499999998], [112.68184319999999, -7.360274199999999], [112.68137959999999, -7.360171800000001]]}}, {"type": "Feature", "properties": {"layer": "osm_road", "stroke": "#999999"}, "geometry": {"type": "LineString", "coordinates": [[112.68522509999998, -7.3604173], [112.68497719999999, -7.362210200000002]]}}, {"type": "Feature", "properties": {"layer": "osm_road", "stroke": "#999999"}, "geometry": {"type": "LineString", "coordinates": [[112.6852575, -7.360207099999999], [112.68525209999999, -7.3602524], [112.68522509999998, -7.3604173], [112.68512209999999, -7.3604252], [112.68477209999999, -7.360462400000002], [112.6845092, -7.3604904], [112.6842414, -7.3605297], [112.6841283, -7.360546300000001]]}}, {"type": "Feature", "properties": {"layer": "osm_road", "stroke": "#999999"}, "geometry": {"type": "LineString", "coordinates": [[112.6868787, -7.3598183], [112.6852575, -7.360207099999999], [112.683907, -7.3603521], [112.68377529999998, -7.3603711], [112.68341340000002, -7.3604372], [112.68303789999999, -7.360507700000002], [112.68295619999999, -7.3605263], [112.6828355, -7.360551599999998], [112.6827188, -7.3605609], [112.6825686, -7.3605410000000004], [112.6818219, -7.360370100000001]]}}, {"type": "Feature", "properties": {"layer": "osm_road", "stroke": "#999999"}, "geometry": {"type": "LineString", "coordinates": [[112.6807834, -7.361067599999998], [112.68110409999998, -7.3611222000000005], [112.6811388, -7.3611176], [112.68116609999998, -7.361100300000001], [112.68120949999998, -7.361011400000001]]}}, {"type": "Feature", "properties": {"layer": "osm_road", "stroke": "#999999"}, "geometry": {"type": "LineString", "coordinates": [[112.6969801, -7.3631824], [112.69664809999999, -7.363204399999998], [112.69665959999999, -7.363263499999999]]}}, {"type": "Feature", "properties": {"layer": "osm_road", "stroke": "#999999"}, "geometry": {"type": "LineString", "coordinates": [[112.69674669999999, -7.364240500000001], [112.6967783, -7.364227200000002], [112.69679839999999, -7.364175000000001], [112.696787, -7.3639825], [112.69672389999998, -7.3638568000000015], [112.69669609999998, -7.363657600000001], [112.6966753, -7.3636084], [112.69658509999998, -7.363593399999999], [112.69634039999998, -7.3636054], [112.69628239999999, -7.363638600000001], [112.6962753, -7.363872100000002], [112.69630049999999, -7.363895300000001], [112.6963525, -7.363911000000001], [112.696386, -7.3639552]]}}, {"type": "Feature", "properties": {"layer": "osm_road", "stroke": "#999999"}, "geometry": {"type": "LineString", "coordinates": [[112.68120949999998, -7.361011400000001], [112.6823439, -7.361224600000001], [112.68238079999999, -7.3612199], [112.68242640000001, -7.361197300000001], [112.6824606, -7.361134199999999], [112.68252429999998, -7.360812300000002]]}}, {"type": "Feature", "properties": {"layer": "osm_road", "stroke": "#999999"}, "geometry": {"type": "LineString", "coordinates": [[112.68087989999998, -7.367138899999998], [112.68086689999998, -7.367135599999998], [112.6807871, -7.367116899999998], [112.6805003, -7.3670575], [112.68047649999998, -7.367142000000001], [112.6804694, -7.3671978], [112.68044499999999, -7.367744499999998]]}}, {"type": "Feature", "properties": {"layer": "osm_road", "stroke": "#999999"}, "geometry": {"type": "LineString", "coordinates": [[112.6760696, -7.365995499999999], [112.67620499999998, -7.365738799999998], [112.6763921, -7.3653327]]}}, {"type": "Feature", "properties": {"layer": "osm_road", "stroke": "#999999"}, "geometry": {"type": "LineString", "coordinates": [[112.6791427, -7.366518199999999], [112.67943980000001, -7.366595299999999], [112.6800956, -7.366671100000002], [112.68043019999999, -7.366698400000002], [112.6804701, -7.366701999999999], [112.68049959999999, -7.366716300000001], [112.6805073, -7.366737600000001], [112.6805073, -7.3668773], [112.6805003, -7.3670575]]}}, {"type": "Feature", "properties": {"layer": "osm_road", "stroke": "#999999"}, "geometry": {"type": "LineString", "coordinates": [[112.6811242, -7.365415900000001], [112.68111479999999, -7.366043300000002], [112.68112320000002, -7.3660593], [112.6811437, -7.366069899999999], [112.6811866, -7.366081300000001], [112.68230439999999, -7.366260100000001]]}}, {"type": "Feature", "properties": {"layer": "osm_road", "stroke": "#999999"}, "geometry": {"type": "LineString", "coordinates": [[112.6811779, -7.3647384], [112.68112149999999, -7.365351100000001], [112.6811242, -7.365415900000001], [112.6817277, -7.3655045999999995], [112.6823097, -7.365589800000001]]}}, {"type": "Feature", "properties": {"layer": "osm_road", "stroke": "#999999"}, "geometry": {"type": "LineString", "coordinates": [[112.6807871, -7.367116899999998], [112.68079629999998, -7.367049299999998], [112.68081069999998, -7.366969299999999], [112.6808189, -7.3669154]]}}, {"type": "Feature", "properties": {"layer": "osm_road", "stroke": "#999999"}, "geometry": {"type": "LineString", "coordinates": [[112.6896226, -7.3767473], [112.69041089999999, -7.3770720999999995], [112.6904244, -7.377077700000002]]}}, {"type": "Feature", "properties": {"layer": "osm_road", "stroke": "#999999"}, "geometry": {"type": "LineString", "coordinates": [[112.68972659999999, -7.376481], [112.69053189999998, -7.376833399999996], [112.690549, -7.3768409]]}}, {"type": "Feature", "properties": {"layer": "osm_road", "stroke": "#999999"}, "geometry": {"type": "LineString", "coordinates": [[112.6916176, -7.3764540999999975], [112.69162249999998, -7.376381200000001], [112.6916244, -7.3763423999999995], [112.69162149999998, -7.3763299], [112.6916036, -7.376317800000002], [112.6915775, -7.3763029], [112.6914943, -7.376244599999999], [112.69143369999999, -7.3762074], [112.6913629, -7.376166799999998], [112.69129669999998, -7.3761284], [112.6912703, -7.376100299999997], [112.6912644, -7.3760617], [112.6912877, -7.375950099999999], [112.6912931, -7.375900099999998], [112.6912886, -7.375884000000003], [112.6912703, -7.375870199999999], [112.6911712, -7.375843599999999], [112.69113489999998, -7.375822300000002], [112.69110669999999, -7.375792399999999], [112.69109099999999, -7.3757601]]}}, {"type": "Feature", "properties": {"layer": "osm_road", "stroke": "#999999"}, "geometry": {"type": "LineString", "coordinates": [[112.69454378514503, -7.377094393293547], [112.6945493, -7.377067899999998], [112.69455000000002, -7.377043499999999], [112.69454529999999, -7.37701], [112.69454959999999, -7.376985900000001], [112.69457549999998, -7.3768777], [112.69458579999998, -7.376834099999999], [112.694607, -7.3766589], [112.6946117, -7.3766327], [112.69461769999998, -7.376601699999999], [112.6947178, -7.376171999999998], [112.6947237, -7.376133600000002], [112.694721, -7.376112300000001], [112.6947076, -7.376096999999999], [112.6946902, -7.376085000000001], [112.694601, -7.3760651], [112.69441989999999, -7.3760278]]}}, {"type": "Feature", "properties": {"layer": "osm_road", "stroke": "#999999"}, "geometry": {"type": "LineString", "coordinates": [[112.69419231886748, -7.377094393293547], [112.69423309999999, -7.376935300000001], [112.6942493, -7.376872999999999], [112.694255, -7.376834499999999], [112.69425429999998, -7.376815200000001], [112.69424619999998, -7.376777900000001], [112.69423949999998, -7.376746399999999], [112.69423949999998, -7.3767100999999995], [112.69424219999999, -7.3766897999999985], [112.69427710000001, -7.376574800000002], [112.69437879999998, -7.3761733], [112.69441989999999, -7.3760278]]}}, {"type": "Feature", "properties": {"layer": "osm_road", "stroke": "#999999"}, "geometry": {"type": "LineString", "coordinates": [[112.6930667, -7.375808499999998], [112.69298979999999, -7.376024700000002], [112.69294709999998, -7.3761456], [112.692944, -7.376158500000002], [112.69294299999999, -7.3761702], [112.69295069999998, -7.3761781000000015], [112.6930811, -7.376220400000001], [112.6931814, -7.3762486], [112.69319219999998, -7.3762466999999985], [112.69320149999999, -7.3762373000000006], [112.69325039999998, -7.3761226], [112.6932786, -7.376045100000001], [112.69332129999998, -7.3759217999999995], [112.69334349999998, -7.375846800000001]]}}, {"type": "Feature", "properties": {"layer": "osm_road", "stroke": "#999999"}, "geometry": {"type": "LineString", "coordinates": [[112.6927852, -7.375773599999999], [112.6927191, -7.376017199999999]]}}, {"type": "Feature", "properties": {"layer": "osm_road", "stroke": "#999999"}, "geometry": {"type": "LineString", "coordinates": [[112.6922303, -7.3765729], [112.69242309999998, -7.375976999999998], [112.69248469999998, -7.3757811], [112.69249869999999, -7.375770199999999], [112.6925196, -7.375761799999999], [112.69264, -7.375762999999999], [112.6927852, -7.375773599999999], [112.69300749999998, -7.3758001], [112.6930667, -7.375808499999998], [112.69334349999998, -7.375846800000001], [112.69356679999999, -7.3758869], [112.69364780000001, -7.375905900000001]]}}, {"type": "Feature", "properties": {"layer": "osm_road", "stroke": "#999999"}, "geometry": {"type": "LineString", "coordinates": [[112.69253389999999, -7.376645899999999], [112.69247909999999, -7.376920899999999], [112.69244773800284, -7.377094393293547]]}}, {"type": "Feature", "properties": {"layer": "osm_road", "stroke": "#999999"}, "geometry": {"type": "LineString", "coordinates": [[112.6919013, -7.376501100000002], [112.6918696, -7.3767168000000005], [112.6918611, -7.3768524], [112.69187360000001, -7.377002999999999], [112.69189125407308, -7.377094393293547]]}}, {"type": "Feature", "properties": {"layer": "osm_road", "stroke": "#999999"}, "geometry": {"type": "LineString", "coordinates": [[112.6969299, -7.3687236999999985], [112.69695639999999, -7.368424]]}}, {"type": "Feature", "properties": {"layer": "osm_road", "stroke": "#999999"}, "geometry": {"type": "LineString", "coordinates": [[112.69953489999999, -7.368346300000002], [112.69940239999998, -7.3683473]]}}, {"type": "Feature", "properties": {"layer": "osm_road", "stroke": "#999999"}, "geometry": {"type": "LineString", "coordinates": [[112.69330740000001, -7.376841], [112.6930972, -7.3767848], [112.69273989999999, -7.376691200000001], [112.69253389999999, -7.376645899999999], [112.69237099999998, -7.3766067], [112.6922303, -7.3765729], [112.6919013, -7.376501100000002], [112.69171479999999, -7.376468300000001], [112.6916176, -7.3764540999999975], [112.69159819999999, -7.376454799999999], [112.6915701, -7.376458700000001], [112.6915513, -7.376469400000002], [112.6915332, -7.376488], [112.69145850000001, -7.376629900000001]]}}, {"type": "Feature", "properties": {"layer": "osm_road", "stroke": "#999999"}, "geometry": {"type": "LineString", "coordinates": [[112.6951485, -7.370022800000001], [112.69499929999999, -7.3707769], [112.6948874, -7.3712368], [112.69481419999998, -7.371537699999999], [112.69474809999998, -7.371796600000001], [112.6945712, -7.3724889], [112.6944838, -7.372831], [112.69442780000001, -7.37305]]}}, {"type": "Feature", "properties": {"layer": "osm_road", "stroke": "#999999"}, "geometry": {"type": "LineString", "coordinates": [[112.6953783, -7.3679832], [112.695271, -7.369138699999999], [112.69519149999999, -7.369828], [112.69518829999998, -7.3698755], [112.6951856, -7.369902999999999], [112.6951734, -7.369976999999998]]}}, {"type": "Feature", "properties": {"layer": "osm_road", "stroke": "#999999"}, "geometry": {"type": "LineString", "coordinates": [[112.69530079999998, -7.3678298], [112.69544429999999, -7.366526299999997], [112.69555999999999, -7.3655507], [112.6956069, -7.365473799999998]]}}, {"type": "Feature", "properties": {"layer": "osm_road", "stroke": "#999999"}, "geometry": {"type": "LineString", "coordinates": [[112.6956069, -7.365473799999998], [112.69564609999999, -7.3655703], [112.69552999999999, -7.3668075], [112.69538479999999, -7.367835300000001]]}}, {"type": "Feature", "properties": {"layer": "osm_road", "stroke": "#999999"}, "geometry": {"type": "LineString", "coordinates": [[112.6952605, -7.367945999999998], [112.6952527, -7.3679228000000005], [112.6952517, -7.367898400000001], [112.69525769999998, -7.367874700000002], [112.6952702, -7.367853700000001], [112.69528819999998, -7.367837], [112.69530079999998, -7.3678298], [112.6953289, -7.367822], [112.69535799999998, -7.367823900000003], [112.69538479999999, -7.367835300000001], [112.69540719999999, -7.367856099999999], [112.69541979999998, -7.3678799999999995], [112.69542429999998, -7.3679066], [112.6954203, -7.367933300000001], [112.69540799999999, -7.3679574], [112.69539469999998, -7.367971999999999], [112.6953783, -7.3679832], [112.6953544, -7.367991599999999], [112.69532899999999, -7.367992699999999], [112.6953044, -7.367986499999997], [112.69528269999999, -7.367973500000001], [112.69527459999999, -7.367966000000001], [112.6952605, -7.367945999999998]]}}, {"type": "Feature", "properties": {"layer": "osm_road", "stroke": "#999999"}, "geometry": {"type": "LineString", "coordinates": [[112.6951202, -7.3699754], [112.6951118, -7.3699019], [112.6951108, -7.369879499999999], [112.6951105, -7.369826099999998], [112.6951537, -7.369273699999998], [112.69528269999999, -7.367973500000001]]}}, {"type": "Feature", "properties": {"layer": "osm_road", "stroke": "#999999"}, "geometry": {"type": "LineString", "coordinates": [[112.69260679999998, -7.3646034999999985], [112.6926077, -7.364517700000001]]}}, {"type": "Feature", "properties": {"layer": "osm_road", "stroke": "#999999"}, "geometry": {"type": "LineString", "coordinates": [[112.69231579999999, -7.3674846], [112.69222629999999, -7.3674746], [112.6913695, -7.3673942]]}}, {"type": "Feature", "properties": {"layer": "osm_road", "stroke": "#999999"}, "geometry": {"type": "LineString", "coordinates": [[112.69222629999999, -7.3674746], [112.69226929999999, -7.3670857], [112.69230609999998, -7.366753299999999], [112.6923439, -7.3664108], [112.6923861, -7.366029299999999], [112.6924014, -7.365891199999999], [112.6924411, -7.365532199999999], [112.69247439999998, -7.365230999999999], [112.6925087, -7.364920699999999], [112.6925415, -7.364623599999999], [112.69258389999999, -7.3646106]]}}, {"type": "Feature", "properties": {"layer": "osm_road", "stroke": "#999999"}, "geometry": {"type": "LineString", "coordinates": [[112.6923861, -7.366029299999999], [112.69152549999998, -7.365936499999999]]}}, {"type": "Feature", "properties": {"layer": "osm_road", "stroke": "#999999"}, "geometry": {"type": "LineString", "coordinates": [[112.69423349999998, -7.3652234], [112.69505790000001, -7.3653181000000005]]}}, {"type": "Feature", "properties": {"layer": "osm_road", "stroke": "#999999"}, "geometry": {"type": "LineString", "coordinates": [[112.6914124, -7.366992899999998], [112.69226929999999, -7.3670857]]}}, {"type": "Feature", "properties": {"layer": "osm_road", "stroke": "#999999"}, "geometry": {"type": "LineString", "coordinates": [[112.6914484, -7.366656999999998], [112.69230609999998, -7.366753299999999]]}}, {"type": "Feature", "properties": {"layer": "osm_road", "stroke": "#999999"}, "geometry": {"type": "LineString", "coordinates": [[112.6914859, -7.3663069], [112.6923439, -7.3664108]]}}, {"type": "Feature", "properties": {"layer": "osm_road", "stroke": "#999999"}, "geometry": {"type": "LineString", "coordinates": [[112.6915384, -7.3658158999999985], [112.6924014, -7.365891199999999]]}}, {"type": "Feature", "properties": {"layer": "osm_road", "stroke": "#999999"}, "geometry": {"type": "LineString", "coordinates": [[112.6915775, -7.365451199999999], [112.6924411, -7.365532199999999]]}}, {"type": "Feature", "properties": {"layer": "osm_road", "stroke": "#999999"}, "geometry": {"type": "LineString", "coordinates": [[112.69893809999999, -7.365734199999999], [112.6988741, -7.365957200000001], [112.69886470000002, -7.365967500000001], [112.69882479999998, -7.365992799999999], [112.6988167, -7.3660018], [112.69864979999998, -7.366547399999998]]}}, {"type": "Feature", "properties": {"layer": "osm_road", "stroke": "#999999"}, "geometry": {"type": "LineString", "coordinates": [[112.6978439, -7.367413100000002], [112.69784379999999, -7.366972999999999]]}}, {"type": "Feature", "properties": {"layer": "osm_road", "stroke": "#999999"}, "geometry": {"type": "LineString", "coordinates": [[112.6992125, -7.365811800000001], [112.69916209999998, -7.366371899999999]]}}, {"type": "Feature", "properties": {"layer": "osm_road", "stroke": "#999999"}, "geometry": {"type": "LineString", "coordinates": [[112.69792289999998, -7.366177699999998], [112.6979055, -7.3663988], [112.69791230000001, -7.366410600000001], [112.6979232, -7.3664201999999985], [112.69794229999998, -7.3664261], [112.69804959999999, -7.366432399999998], [112.69810429999998, -7.3664407], [112.69814219999999, -7.366454700000003], [112.6981656, -7.366474299999999], [112.6981824, -7.366502500000003]]}}, {"type": "Feature", "properties": {"layer": "osm_road", "stroke": "#999999"}, "geometry": {"type": "LineString", "coordinates": [[112.69714449999998, -7.366603099999997], [112.69732609999998, -7.366567400000001], [112.6976788, -7.3665873]]}}, {"type": "Feature", "properties": {"layer": "osm_road", "stroke": "#999999"}, "geometry": {"type": "LineString", "coordinates": [[112.69766899999999, -7.3659975], [112.6977056, -7.3656457]]}}, {"type": "Feature", "properties": {"layer": "osm_road", "stroke": "#999999"}, "geometry": {"type": "LineString", "coordinates": [[112.69781149999999, -7.366076599999999], [112.69784239999998, -7.3652359999999994], [112.69785059999998, -7.365151999999998]]}}, {"type": "Feature", "properties": {"layer": "osm_road", "stroke": "#999999"}, "geometry": {"type": "LineString", "coordinates": [[112.70109439999999, -7.376465399999998], [112.70104599999999, -7.3769526999999995], [112.70102509090434, -7.377094393293547]]}}, {"type": "Feature", "properties": {"layer": "osm_road", "stroke": "#999999"}, "geometry": {"type": "LineString", "coordinates": [[112.70095939999999, -7.376408899999999], [112.70109439999999, -7.376465399999998], [112.7011737, -7.376474300000001], [112.7013313, -7.376493000000001], [112.7013803, -7.3764937], [112.70142349999999, -7.376489300000001], [112.7016435, -7.3764508], [112.70189537728089, -7.37641763777888]]}}, {"type": "Feature", "properties": {"layer": "osm_road", "stroke": "#999999"}, "geometry": {"type": "LineString", "coordinates": [[112.67749109999998, -7.3671223], [112.67729329999999, -7.3676061000000015], [112.6771566, -7.3678968], [112.6771502, -7.3679041], [112.6771405, -7.367908099999998], [112.67712499999999, -7.367900699999998], [112.6768285, -7.367667399999999]]}}, {"type": "Feature", "properties": {"layer": "osm_road", "stroke": "#999999"}, "geometry": {"type": "LineString", "coordinates": [[112.676043, -7.3681410000000005], [112.6763231, -7.368169399999999], [112.67637, -7.368175399999998], [112.67640079999998, -7.368190699999999], [112.67642699999999, -7.368218], [112.6764391, -7.3682386], [112.67643839999998, -7.3682632]]}}, {"type": "Feature", "properties": {"layer": "osm_road", "stroke": "#999999"}, "geometry": {"type": "LineString", "coordinates": [[112.67643839999998, -7.3682632], [112.67628819999999, -7.3685638]]}}, {"type": "Feature", "properties": {"layer": "osm_road", "stroke": "#999999"}, "geometry": {"type": "LineString", "coordinates": [[112.67976439999998, -7.3690193], [112.6798207, -7.368380199999999]]}}, {"type": "Feature", "properties": {"layer": "osm_road", "stroke": "#999999"}, "geometry": {"type": "LineString", "coordinates": [[112.67690309999999, -7.368554499999999], [112.67690309999999, -7.368966099999999], [112.67689669999999, -7.369533700000002], [112.6769081, -7.369555299999999], [112.6769306, -7.369568600000001], [112.67696039999998, -7.3695739], [112.6771706, -7.369574600000001]]}}, {"type": "Feature", "properties": {"layer": "osm_road", "stroke": "#999999"}, "geometry": {"type": "LineString", "coordinates": [[112.67750650000002, -7.368541500000001], [112.6775463, -7.369527400000001], [112.6775837, -7.3700028]]}}, {"type": "Feature", "properties": {"layer": "osm_road", "stroke": "#999999"}, "geometry": {"type": "LineString", "coordinates": [[112.67702849999999, -7.368204], [112.67696479999998, -7.368230600000001], [112.67691779999998, -7.3682672], [112.67690170000002, -7.368308400000001], [112.67690309999999, -7.368554499999999]]}}, {"type": "Feature", "properties": {"layer": "osm_road", "stroke": "#999999"}, "geometry": {"type": "LineString", "coordinates": [[112.67628819999999, -7.3685638], [112.67622109999999, -7.3687952], [112.6761326, -7.369199499999999]]}}, {"type": "Feature", "properties": {"layer": "osm_road", "stroke": "#999999"}, "geometry": {"type": "LineString", "coordinates": [[112.67885649999998, -7.368666500000001], [112.67850029999998, -7.3686336], [112.67804569999998, -7.3685909999999994], [112.67750650000002, -7.368541500000001], [112.67740339999999, -7.368541200000001], [112.67690309999999, -7.368554499999999], [112.6765805, -7.3685744], [112.67628819999999, -7.3685638]]}}, {"type": "Feature", "properties": {"layer": "osm_road", "stroke": "#999999"}, "geometry": {"type": "LineString", "coordinates": [[112.69341259999999, -7.3698484], [112.69417789999999, -7.369986100000001]]}}, {"type": "Feature", "properties": {"layer": "osm_road", "stroke": "#999999"}, "geometry": {"type": "LineString", "coordinates": [[112.6957105, -7.369738199999998], [112.6962808, -7.369776400000001]]}}, {"type": "Feature", "properties": {"layer": "osm_road", "stroke": "#999999"}, "geometry": {"type": "LineString", "coordinates": [[112.6900338, -7.3699723], [112.6900208, -7.369950599999999], [112.69005059999999, -7.369662900000001], [112.6900822, -7.369335500000001], [112.69012199999999, -7.368966999999999], [112.69014999999999, -7.368610699999999]]}}, {"type": "Feature", "properties": {"layer": "osm_road", "stroke": "#999999"}, "geometry": {"type": "LineString", "coordinates": [[112.6908826, -7.3700389], [112.6908739, -7.3700432], [112.6900338, -7.3699723]]}}, {"type": "Feature", "properties": {"layer": "osm_road", "stroke": "#999999"}, "geometry": {"type": "LineString", "coordinates": [[112.6909626, -7.369410299999998], [112.6900822, -7.369335500000001]]}}, {"type": "Feature", "properties": {"layer": "osm_road", "stroke": "#999999"}, "geometry": {"type": "LineString", "coordinates": [[112.6909223, -7.369738199999998], [112.69005059999999, -7.369662900000001]]}}, {"type": "Feature", "properties": {"layer": "osm_road", "stroke": "#999999"}, "geometry": {"type": "LineString", "coordinates": [[112.6910283, -7.368718], [112.69014999999999, -7.368610699999999]]}}, {"type": "Feature", "properties": {"layer": "osm_road", "stroke": "#999999"}, "geometry": {"type": "LineString", "coordinates": [[112.69012199999999, -7.368966999999999], [112.69099139999999, -7.3690619]]}}, {"type": "Feature", "properties": {"layer": "osm_road", "stroke": "#999999"}, "geometry": {"type": "LineString", "coordinates": [[112.69114369999998, -7.367481599999998], [112.69112069999998, -7.367598099999999], [112.69109989999998, -7.367893999999998], [112.69109389999998, -7.3679787999999995], [112.69107289999998, -7.3682175], [112.6910621, -7.368340699999998], [112.69104309999999, -7.3685531], [112.6910283, -7.368718], [112.6910135, -7.368855499999999], [112.69099139999999, -7.3690619], [112.6909816, -7.369180899999996], [112.6909626, -7.369410299999998], [112.69095119999999, -7.369502699999998], [112.6909223, -7.369738199999998], [112.6909134, -7.3698144999999995], [112.690889, -7.3700236], [112.6908866, -7.3700319], [112.6908826, -7.3700389]]}}, {"type": "Feature", "properties": {"layer": "osm_road", "stroke": "#999999"}, "geometry": {"type": "LineString", "coordinates": [[112.69881139999998, -7.369373200000002], [112.698815, -7.369438000000001], [112.69882579999998, -7.3696331], [112.69882879999999, -7.3696903]]}}, {"type": "Feature", "properties": {"layer": "osm_road", "stroke": "#999999"}, "geometry": {"type": "LineString", "coordinates": [[112.6997042, -7.367720199999999], [112.6996984, -7.368001199999999]]}}, {"type": "Feature", "properties": {"layer": "osm_road", "stroke": "#999999"}, "geometry": {"type": "LineString", "coordinates": [[112.69995029999998, -7.367358900000001], [112.7001626, -7.3673946], [112.70042379999998, -7.3674239]]}}, {"type": "Feature", "properties": {"layer": "osm_road", "stroke": "#999999"}, "geometry": {"type": "LineString", "coordinates": [[112.7004447, -7.367226399999999], [112.70042379999998, -7.3674239], [112.7003953, -7.367732400000002]]}}, {"type": "Feature", "properties": {"layer": "osm_road", "stroke": "#999999"}, "geometry": {"type": "LineString", "coordinates": [[112.69972319999998, -7.367379999999999], [112.6997042, -7.367720199999999]]}}, {"type": "Feature", "properties": {"layer": "osm_road", "stroke": "#999999"}, "geometry": {"type": "LineString", "coordinates": [[112.70066380000002, -7.368101299999998], [112.70064659999998, -7.3682149]]}}, {"type": "Feature", "properties": {"layer": "osm_road", "stroke": "#999999"}, "geometry": {"type": "LineString", "coordinates": [[112.70096739999998, -7.368133900000001], [112.7008505, -7.3689042]]}}, {"type": "Feature", "properties": {"layer": "osm_road", "stroke": "#999999"}, "geometry": {"type": "LineString", "coordinates": [[112.701695, -7.3696367], [112.7017395, -7.369647099999998], [112.70189537728089, -7.369683461784813]]}}, {"type": "Feature", "properties": {"layer": "osm_road", "stroke": "#999999"}, "geometry": {"type": "LineString", "coordinates": [[112.70153509999999, -7.369881999999997], [112.7015669, -7.3698896], [112.70189537728089, -7.369968250804946]]}}, {"type": "Feature", "properties": {"layer": "osm_road", "stroke": "#999999"}, "geometry": {"type": "LineString", "coordinates": [[112.7013134, -7.368169999999999], [112.701281, -7.368609699999998]]}}, {"type": "Feature", "properties": {"layer": "osm_road", "stroke": "#999999"}, "geometry": {"type": "LineString", "coordinates": [[112.68190199999998, -7.371468499999998], [112.6824814, -7.371495099999999], [112.68249879999999, -7.371302299999998], [112.68248809999999, -7.371263700000001], [112.682476, -7.3712331], [112.6824452, -7.371209200000002], [112.68200129999998, -7.371207799999999]]}}, {"type": "Feature", "properties": {"layer": "osm_road", "stroke": "#999999"}, "geometry": {"type": "LineString", "coordinates": [[112.6831226, -7.371539800000001], [112.6830541, -7.371455199999998], [112.68300039999998, -7.3714033999999975], [112.682928, -7.371460600000001], [112.68279919999999, -7.371491100000001], [112.68267049999999, -7.371491100000001], [112.6824814, -7.371495099999999], [112.6824613, -7.3717172], [112.68243579999998, -7.3717505], [112.68239559999999, -7.371767800000001], [112.681599, -7.371721199999999]]}}, {"type": "Feature", "properties": {"layer": "osm_road", "stroke": "#999999"}, "geometry": {"type": "LineString", "coordinates": [[112.68205739999999, -7.3724768], [112.68197579999999, -7.372363599999998], [112.68190739999999, -7.372330400000001], [112.6815909, -7.372301099999998], [112.68144469999999, -7.372302500000001], [112.68140450000001, -7.372285199999999], [112.68138039999998, -7.3722719], [112.6813763, -7.3720684], [112.6813857, -7.372016500000001], [112.68142059999998, -7.371999199999998], [112.6819664, -7.3720365], [112.6820281, -7.372041799999999], [112.68209519999999, -7.372035099999999], [112.68235669999999, -7.3718596], [112.68242509999999, -7.371830299999999], [112.68251899999998, -7.371830299999999], [112.6827386, -7.371877600000001]]}}, {"type": "Feature", "properties": {"layer": "osm_road", "stroke": "#999999"}, "geometry": {"type": "LineString", "coordinates": [[112.684113, -7.3714384000000015], [112.68419939999998, -7.371441900000001]]}}, {"type": "Feature", "properties": {"layer": "osm_road", "stroke": "#999999"}, "geometry": {"type": "LineString", "coordinates": [[112.68467409999998, -7.371478800000001], [112.6846624, -7.371616400000001], [112.68462039999999, -7.372122900000001]]}}, {"type": "Feature", "properties": {"layer": "osm_road", "stroke": "#999999"}, "geometry": {"type": "LineString", "coordinates": [[112.68419939999998, -7.371441900000001], [112.68467409999998, -7.371478800000001], [112.6853272, -7.3715057999999996], [112.6856324, -7.371537799999999], [112.68576829999999, -7.371545799999999], [112.687013, -7.371652099999997], [112.68720869999999, -7.3716674], [112.68730819999999, -7.371675200000001]]}}, {"type": "Feature", "properties": {"layer": "osm_road", "stroke": "#999999"}, "geometry": {"type": "LineString", "coordinates": [[112.6846019, -7.3722725], [112.68460709999998, -7.3722144], [112.68462039999999, -7.372122900000001]]}}, {"type": "Feature", "properties": {"layer": "osm_road", "stroke": "#999999"}, "geometry": {"type": "LineString", "coordinates": [[112.68407509999999, -7.372245199999998], [112.6841524, -7.372250599999998], [112.6846019, -7.3722725], [112.68504559999998, -7.372295799999999], [112.6855794, -7.372335699999998], [112.6856999, -7.3723456], [112.68664959999998, -7.3723969], [112.6871614, -7.3724305999999995], [112.6872562, -7.3724378999999995]]}}, {"type": "Feature", "properties": {"layer": "osm_road", "stroke": "#999999"}, "geometry": {"type": "LineString", "coordinates": [[112.68583599999998, -7.3706036], [112.6858317, -7.370720299999999], [112.6858207, -7.370905999999997], [112.68579659999999, -7.3712185], [112.68576829999999, -7.371545799999999], [112.68575639999999, -7.371660099999998], [112.6857322, -7.371995200000001], [112.6856999, -7.3723456], [112.6856974, -7.3723728999999985], [112.6856625, -7.372838500000002], [112.68565039999999, -7.3730094], [112.6856397, -7.373201500000001]]}}, {"type": "Feature", "properties": {"layer": "osm_road", "stroke": "#999999"}, "geometry": {"type": "LineString", "coordinates": [[112.68552079999999, -7.3731929], [112.68553589999999, -7.3730064], [112.6855794, -7.372335699999998], [112.6855911, -7.3721589000000005], [112.68561969999999, -7.3717294], [112.6856324, -7.371537799999999], [112.685641, -7.371425999999999], [112.68568929999999, -7.3709045999999985], [112.6857047, -7.370709400000002], [112.6857155, -7.370595999999998]]}}, {"type": "Feature", "properties": {"layer": "osm_road", "stroke": "#999999"}, "geometry": {"type": "LineString", "coordinates": [[112.6946211, -7.372849399999998], [112.69628669999999, -7.373038], [112.69673999999999, -7.373101800000001]]}}, {"type": "Feature", "properties": {"layer": "osm_road", "stroke": "#999999"}, "geometry": {"type": "LineString", "coordinates": [[112.69474809999998, -7.371796600000001], [112.695592, -7.371840899999998], [112.6963618, -7.3718968], [112.6970699, -7.371920699999999]]}}, {"type": "Feature", "properties": {"layer": "osm_road", "stroke": "#999999"}, "geometry": {"type": "LineString", "coordinates": [[112.694977, -7.371247499999999], [112.69664879999999, -7.371316900000001], [112.69737300000001, -7.371335500000001]]}}, {"type": "Feature", "properties": {"layer": "osm_road", "stroke": "#999999"}, "geometry": {"type": "LineString", "coordinates": [[112.70145269999999, -7.3732375], [112.70168599999998, -7.373322600000001], [112.70189537728089, -7.373396760264645]]}}, {"type": "Feature", "properties": {"layer": "osm_road", "stroke": "#999999"}, "geometry": {"type": "LineString", "coordinates": [[112.70182680000002, -7.3717172], [112.70189537728089, -7.371724232951979]]}}, {"type": "Feature", "properties": {"layer": "osm_road", "stroke": "#999999"}, "geometry": {"type": "LineString", "coordinates": [[112.7010074, -7.372476700000003], [112.70124610000002, -7.3725751], [112.7012961, -7.372585400000001], [112.70132259999998, -7.372582100000001], [112.7013417, -7.372568099999999], [112.7013824, -7.372501099999998]]}}, {"type": "Feature", "properties": {"layer": "osm_road", "stroke": "#999999"}, "geometry": {"type": "LineString", "coordinates": [[112.7006712, -7.3733512], [112.70117639999998, -7.373474200000002]]}}, {"type": "Feature", "properties": {"layer": "osm_road", "stroke": "#999999"}, "geometry": {"type": "LineString", "coordinates": [[112.67868479999998, -7.3706394], [112.67876249999999, -7.3706432], [112.6791326, -7.370631400000001], [112.67956449999998, -7.3706665]]}}, {"type": "Feature", "properties": {"layer": "osm_road", "stroke": "#999999"}, "geometry": {"type": "LineString", "coordinates": [[112.6786787, -7.370705900000003], [112.6786083, -7.370693799999997], [112.67770439999998, -7.370580099999999]]}}, {"type": "Feature", "properties": {"layer": "osm_road", "stroke": "#999999"}, "geometry": {"type": "LineString", "coordinates": [[112.6775463, -7.369527400000001], [112.67733289999998, -7.369562600000001], [112.6771706, -7.369574600000001]]}}, {"type": "Feature", "properties": {"layer": "osm_road", "stroke": "#999999"}, "geometry": {"type": "LineString", "coordinates": [[112.6942106, -7.375873099999996], [112.69420399999998, -7.375820299999999], [112.69419729999998, -7.375808400000002], [112.6941597, -7.375785799999999], [112.6941356, -7.375773799999999], [112.69399749999998, -7.375727200000001], [112.69379229999998, -7.3756767], [112.69373789999999, -7.375663200000001]]}}, {"type": "Feature", "properties": {"layer": "osm_road", "stroke": "#999999"}, "geometry": {"type": "LineString", "coordinates": [[112.6932397, -7.375674000000001], [112.69351199999998, -7.375708599999999], [112.69370879999998, -7.3757405999999985]]}}, {"type": "Feature", "properties": {"layer": "osm_road", "stroke": "#999999"}, "geometry": {"type": "LineString", "coordinates": [[112.68420149999999, -7.370786599999998], [112.68408619999998, -7.3708821], [112.6829119, -7.371852799999997], [112.68222519999999, -7.372452599999999], [112.682129, -7.372559500000002], [112.682064, -7.3727049]]}}, {"type": "Feature", "properties": {"layer": "osm_road", "stroke": "#999999"}, "geometry": {"type": "LineString", "coordinates": [[112.6814405, -7.373085499999999], [112.68105469999999, -7.373049800000003], [112.6804321, -7.373040800000001], [112.68016889999998, -7.373036600000001]]}}, {"type": "Feature", "properties": {"layer": "osm_road", "stroke": "#999999"}, "geometry": {"type": "LineString", "coordinates": [[112.680171, -7.372856100000001], [112.6804376, -7.3728668], [112.68062410000002, -7.372875100000001], [112.6810715, -7.372895100000001], [112.68144719999998, -7.372880799999999]]}}, {"type": "Feature", "properties": {"layer": "osm_road", "stroke": "#999999"}, "geometry": {"type": "LineString", "coordinates": [[112.68389429999999, -7.373195599999999], [112.68398859999999, -7.3731175], [112.68402949999998, -7.373033600000003], [112.68406439999998, -7.372475699999998], [112.68406949999999, -7.3723661], [112.68407509999999, -7.372245199999998], [112.684113, -7.3714384000000015], [112.6841176, -7.370989700000001], [112.68408619999998, -7.3708821], [112.6840198, -7.3707748]]}}, {"type": "Feature", "properties": {"layer": "osm_road", "stroke": "#999999"}, "geometry": {"type": "LineString", "coordinates": [[112.6847747, -7.376977400000001], [112.684836, -7.3770017], [112.68487119999999, -7.377015600000001], [112.68507085855776, -7.377094393293547]]}}, {"type": "Feature", "properties": {"layer": "osm_road", "stroke": "#999999"}, "geometry": {"type": "LineString", "coordinates": [[112.69083819999999, -7.3761602], [112.6908455, -7.376180799999999], [112.69084319999999, -7.376197400000001], [112.69080299999999, -7.376309799999998], [112.6907468, -7.3764795]]}}, {"type": "Feature", "properties": {"layer": "osm_road", "stroke": "#999999"}, "geometry": {"type": "LineString", "coordinates": [[112.68988689999999, -7.375886799999999], [112.6903336, -7.376003900000001], [112.6908227, -7.3761505000000005], [112.69083819999999, -7.3761602]]}}, {"type": "Feature", "properties": {"layer": "osm_road", "stroke": "#999999"}, "geometry": {"type": "LineString", "coordinates": [[112.68982079999999, -7.376191900000001], [112.68988689999999, -7.375886799999999]]}}, {"type": "Feature", "properties": {"layer": "osm_road", "stroke": "#999999"}, "geometry": {"type": "LineString", "coordinates": [[112.6890542, -7.3757538], [112.6892661, -7.375779100000002], [112.68936729999999, -7.375796400000002], [112.68988689999999, -7.375886799999999]]}}, {"type": "Feature", "properties": {"layer": "osm_road", "stroke": "#999999"}, "geometry": {"type": "LineString", "coordinates": [[112.68899969999998, -7.376038], [112.6890542, -7.3757538]]}}, {"type": "Feature", "properties": {"layer": "osm_road", "stroke": "#999999"}, "geometry": {"type": "LineString", "coordinates": [[112.6880057, -7.3754495], [112.6889093, -7.3757231999999995], [112.6890542, -7.3757538]]}}, {"type": "Feature", "properties": {"layer": "osm_road", "stroke": "#999999"}, "geometry": {"type": "LineString", "coordinates": [[112.688897, -7.3770804], [112.6892768, -7.3760954]]}}, {"type": "Feature", "properties": {"layer": "osm_road", "stroke": "#999999"}, "geometry": {"type": "LineString", "coordinates": [[112.6889327591361, -7.377094393293547], [112.688897, -7.3770804], [112.6886443, -7.376980600000002]]}}, {"type": "Feature", "properties": {"layer": "osm_road", "stroke": "#999999"}, "geometry": {"type": "LineString", "coordinates": [[112.6884815, -7.376650999999999], [112.68823209999998, -7.3765597000000005]]}}, {"type": "Feature", "properties": {"layer": "osm_road", "stroke": "#999999"}, "geometry": {"type": "LineString", "coordinates": [[112.68872449999999, -7.3767459], [112.6884815, -7.376650999999999]]}}, {"type": "Feature", "properties": {"layer": "osm_road", "stroke": "#999999"}, "geometry": {"type": "LineString", "coordinates": [[112.6884815, -7.376650999999999], [112.6887361, -7.3759596]]}}, {"type": "Feature", "properties": {"layer": "osm_road", "stroke": "#999999"}, "geometry": {"type": "LineString", "coordinates": [[112.6866213, -7.377086299999998], [112.68667769999999, -7.376933600000003], [112.6867262, -7.376816]]}}, {"type": "Feature", "properties": {"layer": "osm_road", "stroke": "#999999"}, "geometry": {"type": "LineString", "coordinates": [[112.6867262, -7.376816], [112.68682059999999, -7.3765694]]}}, {"type": "Feature", "properties": {"layer": "osm_road", "stroke": "#999999"}, "geometry": {"type": "LineString", "coordinates": [[112.6869255, -7.376315199999999], [112.68682059999999, -7.3765694]]}}, {"type": "Feature", "properties": {"layer": "osm_road", "stroke": "#999999"}, "geometry": {"type": "LineString", "coordinates": [[112.69074019999998, -7.340741500000001], [112.690932, -7.340291800000001]]}}, {"type": "Feature", "properties": {"layer": "osm_road", "stroke": "#999999"}, "geometry": {"type": "LineString", "coordinates": [[112.690932, -7.340291800000001], [112.69101379999998, -7.340156099999997], [112.69108089999999, -7.340052499999996], [112.69120819999999, -7.3398716], [112.6912361, -7.339844799999999], [112.69127099999999, -7.339828899999999], [112.6913644, -7.339841699999998]]}}, {"type": "Feature", "properties": {"layer": "osm_road", "stroke": "#999999"}, "geometry": {"type": "LineString", "coordinates": [[112.69284999999999, -7.3412682], [112.69290209999998, -7.341385299999996], [112.69293279999998, -7.3415436000000005], [112.6929469, -7.341721100000001]]}}, {"type": "Feature", "properties": {"layer": "osm_road", "stroke": "#999999"}, "geometry": {"type": "LineString", "coordinates": [[112.6929469, -7.341721100000001], [112.69295409999998, -7.3418114], [112.69296749999998, -7.3419664], [112.69297619999999, -7.342123300000001], [112.69299369999999, -7.342486400000003], [112.693012, -7.3427818999999985], [112.69302829999998, -7.343062000000001], [112.6930517, -7.343283199999998]]}}, {"type": "Feature", "properties": {"layer": "osm_road", "stroke": "#999999"}, "geometry": {"type": "LineString", "coordinates": [[112.68339639999999, -7.3388892], [112.68244549999999, -7.3391029], [112.6804134, -7.3395575000000015], [112.679794, -7.3396941], [112.6794184, -7.339776999999997], [112.67659799999998, -7.3404181], [112.6756458, -7.340665599999999], [112.67478079999998, -7.3408916], [112.67414660000001, -7.3410496]]}}, {"type": "Feature", "properties": {"layer": "osm_road", "stroke": "#999999"}, "geometry": {"type": "LineString", "coordinates": [[112.6836978, -7.338843099999998], [112.68339639999999, -7.3388892]]}}, {"type": "Feature", "properties": {"layer": "osm_road", "stroke": "#999999"}, "geometry": {"type": "LineString", "coordinates": [[112.68339229999998, -7.338803800000002], [112.6836885, -7.338757499999998]]}}, {"type": "Feature", "properties": {"layer": "osm_road", "stroke": "#999999"}, "geometry": {"type": "LineString", "coordinates": [[112.6729891, -7.3411002000000005], [112.67347590000001, -7.3410672], [112.6738085, -7.341019300000001], [112.67410389999999, -7.340966099999999], [112.67477409999998, -7.340805200000001], [112.67558949999999, -7.3405924], [112.6765591, -7.340338300000002], [112.6772042, -7.340180000000001], [112.67779709999999, -7.3400506000000005], [112.6793852, -7.3396695], [112.68093879999999, -7.3393469], [112.68242569999998, -7.339007699999999], [112.68339229999998, -7.338803800000002]]}}, {"type": "Feature", "properties": {"layer": "osm_road", "stroke": "#999999"}, "geometry": {"type": "LineString", "coordinates": [[112.67850819999998, -7.355014499999999], [112.6785613, -7.355018500000001], [112.6789965, -7.3550789000000005]]}}, {"type": "Feature", "properties": {"layer": "osm_road", "stroke": "#999999"}, "geometry": {"type": "LineString", "coordinates": [[112.70185379999998, -7.363799899999999], [112.70189537728089, -7.363795247996626]]}}, {"type": "Feature", "properties": {"layer": "osm_road", "stroke": "#999999"}, "geometry": {"type": "LineString", "coordinates": [[112.70112030000001, -7.3656423], [112.7011466, -7.365640899999998], [112.70189537728089, -7.365601424631683]]}}, {"type": "Feature", "properties": {"layer": "osm_road", "stroke": "#999999"}, "geometry": {"type": "LineString", "coordinates": [[112.6961558, -7.3631352], [112.6966267, -7.363080100000001]]}}, {"type": "Feature", "properties": {"layer": "osm_road", "stroke": "#999999"}, "geometry": {"type": "LineString", "coordinates": [[112.6972966, -7.3652638999999995], [112.69730729999999, -7.3651695], [112.6973175, -7.3650557999999995]]}}, {"type": "Feature", "properties": {"layer": "osm_road", "stroke": "#999999"}, "geometry": {"type": "LineString", "coordinates": [[112.69721479999998, -7.3650299], [112.6973175, -7.3650557999999995], [112.69737300000001, -7.365063099999997], [112.6976627, -7.3650884], [112.69775049999998, -7.3650881]]}}, {"type": "Feature", "properties": {"layer": "osm_road", "stroke": "#999999"}, "geometry": {"type": "LineString", "coordinates": [[112.69295479999998, -7.363669300000001], [112.69292059999998, -7.363764999999999], [112.69289239999999, -7.3638049], [112.69286089999999, -7.363825499999998], [112.69282809999999, -7.363847499999999]]}}, {"type": "Feature", "properties": {"layer": "osm_road", "stroke": "#999999"}, "geometry": {"type": "LineString", "coordinates": [[112.6933068, -7.363728399999999], [112.69295479999998, -7.363669300000001]]}}, {"type": "Feature", "properties": {"layer": "osm_road", "stroke": "#999999"}, "geometry": {"type": "LineString", "coordinates": [[112.6937185, -7.3633552999999985], [112.693659, -7.363780999999999]]}}, {"type": "Feature", "properties": {"layer": "osm_road", "stroke": "#999999"}, "geometry": {"type": "LineString", "coordinates": [[112.7006195, -7.375453300000001], [112.7006091, -7.3754438], [112.70059670000002, -7.375439199999999], [112.70013439999998, -7.375306799999998], [112.70008769999998, -7.375289500000001]]}}, {"type": "Feature", "properties": {"layer": "osm_road", "stroke": "#999999"}, "geometry": {"type": "LineString", "coordinates": [[112.7003275, -7.373596600000001], [112.7006192, -7.3736542999999966]]}}, {"type": "Feature", "properties": {"layer": "osm_road", "stroke": "#999999"}, "geometry": {"type": "LineString", "coordinates": [[112.7009819, -7.3748214999999995], [112.70140369999999, -7.374841499999999], [112.70164110000002, -7.374871400000001], [112.70177779999999, -7.374893299999999], [112.70185629999999, -7.374898699999999]]}}, {"type": "Feature", "properties": {"layer": "osm_road", "stroke": "#999999"}, "geometry": {"type": "LineString", "coordinates": [[112.69958179999999, -7.374535600000001], [112.69973470000001, -7.3746193], [112.69976889999998, -7.3746462999999975], [112.69979039999998, -7.374675900000001], [112.6997944, -7.374705499999999], [112.6997884, -7.3747364], [112.6997468, -7.374877400000001]]}}, {"type": "Feature", "properties": {"layer": "osm_road", "stroke": "#999999"}, "geometry": {"type": "LineString", "coordinates": [[112.69918079999998, -7.3743906], [112.6994015, -7.374472999999999], [112.69958179999999, -7.374535600000001]]}}, {"type": "Feature", "properties": {"layer": "osm_road", "stroke": "#999999"}, "geometry": {"type": "LineString", "coordinates": [[112.69958179999999, -7.374535600000001], [112.699669, -7.3742882], [112.69971009999999, -7.374162100000001]]}}, {"type": "Feature", "properties": {"layer": "osm_road", "stroke": "#999999"}, "geometry": {"type": "LineString", "coordinates": [[112.68691399999999, -7.359647700000002], [112.68690439999999, -7.35972]]}}, {"type": "Feature", "properties": {"layer": "osm_road", "stroke": "#999999"}, "geometry": {"type": "LineString", "coordinates": [[112.68690439999999, -7.35972], [112.6868787, -7.3598183]]}}, {"type": "Feature", "properties": {"layer": "osm_road", "stroke": "#999999"}, "geometry": {"type": "LineString", "coordinates": [[112.69033019999999, -7.358988100000002], [112.69034229999998, -7.35905]]}}, {"type": "Feature", "properties": {"layer": "osm_road", "stroke": "#999999"}, "geometry": {"type": "LineString", "coordinates": [[112.69034229999998, -7.35905], [112.69034959999999, -7.359092599999998], [112.6903686, -7.359171400000001]]}}, {"type": "Feature", "properties": {"layer": "osm_road", "stroke": "#999999"}, "geometry": {"type": "LineString", "coordinates": [[112.6905502, -7.359375799999999], [112.6906918, -7.3593741999999995], [112.6917511, -7.3593625000000005], [112.69183029999999, -7.3593611999999995], [112.6930286, -7.3593771]]}}, {"type": "Feature", "properties": {"layer": "osm_road", "stroke": "#999999"}, "geometry": {"type": "LineString", "coordinates": [[112.69182669999998, -7.3600420999999985], [112.69287779999999, -7.360056299999999], [112.69301039999999, -7.3600581], [112.6930245, -7.3600541999999995], [112.69303589999998, -7.3600242], [112.6930352, -7.359762199999998], [112.6930292, -7.3597436], [112.69301039999999, -7.359734900000001], [112.69182909999999, -7.3597043]]}}, {"type": "Feature", "properties": {"layer": "osm_road", "stroke": "#999999"}, "geometry": {"type": "LineString", "coordinates": [[112.69175489999999, -7.360158800000001], [112.6917511, -7.360061499999999], [112.69174909999998, -7.359805800000001], [112.6917484, -7.3597217], [112.6917511, -7.3593625000000005]]}}, {"type": "Feature", "properties": {"layer": "osm_road", "stroke": "#999999"}, "geometry": {"type": "LineString", "coordinates": [[112.69183029999999, -7.3593611999999995], [112.69182909999999, -7.3597043], [112.69182839999999, -7.359808099999999], [112.69182669999998, -7.3600420999999985], [112.6918003, -7.360426800000001]]}}, {"type": "Feature", "properties": {"layer": "osm_road", "stroke": "#999999"}, "geometry": {"type": "LineString", "coordinates": [[112.69080359999998, -7.3600704], [112.6917511, -7.360061499999999]]}}, {"type": "Feature", "properties": {"layer": "osm_road", "stroke": "#999999"}, "geometry": {"type": "LineString", "coordinates": [[112.6917484, -7.3597217], [112.6908231, -7.359708999999998]]}}, {"type": "Feature", "properties": {"layer": "osm_road", "stroke": "#999999"}, "geometry": {"type": "LineString", "coordinates": [[112.69062649999998, -7.360436900000002], [112.6907386, -7.3597994], [112.69075329999998, -7.3597201000000005], [112.69075749999999, -7.3597117999999995], [112.6907699, -7.359706299999998], [112.69078519999998, -7.3597042], [112.6908231, -7.359708999999998], [112.69081569999999, -7.359782199999999], [112.690815, -7.359887200000001], [112.69080359999998, -7.3600704], [112.69075069999998, -7.3604389], [112.690711, -7.360559199999999]]}}, {"type": "Feature", "properties": {"layer": "osm_road", "stroke": "#999999"}, "geometry": {"type": "LineString", "coordinates": [[112.6631942347931, -7.337893960279279], [112.66343909999999, -7.3379395], [112.6640989, -7.338091699999999], [112.6646773, -7.3382516], [112.66574219999998, -7.3386011]]}}, {"type": "Feature", "properties": {"layer": "osm_road", "stroke": "#999999"}, "geometry": {"type": "LineString", "coordinates": [[112.6953585, -7.3515975], [112.6952138, -7.3514645]]}}, {"type": "Feature", "properties": {"layer": "osm_road", "stroke": "#999999"}, "geometry": {"type": "LineString", "coordinates": [[112.69417159999999, -7.350194], [112.69369339999999, -7.350239299999999], [112.6933385, -7.3503083]]}}, {"type": "Feature", "properties": {"layer": "osm_road", "stroke": "#999999"}, "geometry": {"type": "LineString", "coordinates": [[112.66236950477963, -7.363918626886725], [112.66246359999998, -7.3639433], [112.66262519999998, -7.363986399999997], [112.66265779999999, -7.3639888], [112.66268739999998, -7.3639817]]}}, {"type": "Feature", "properties": {"layer": "osm_road", "stroke": "#999999"}, "geometry": {"type": "LineString", "coordinates": [[112.66348229999998, -7.361489700000002], [112.6630197, -7.362996699999998], [112.66287909999998, -7.3634793], [112.66273539999999, -7.363896399999999], [112.66271279999998, -7.3639495], [112.66268739999998, -7.3639817]]}}, {"type": "Feature", "properties": {"layer": "osm_road", "stroke": "#999999"}, "geometry": {"type": "LineString", "coordinates": [[112.6977365, -7.340890199999999], [112.69829970000002, -7.3403596], [112.69831389999999, -7.3403355]]}}, {"type": "Feature", "properties": {"layer": "osm_road", "stroke": "#999999"}, "geometry": {"type": "LineString", "coordinates": [[112.6984701, -7.3423078], [112.6983505, -7.342708700000001]]}}, {"type": "Feature", "properties": {"layer": "osm_road", "stroke": "#999999"}, "geometry": {"type": "LineString", "coordinates": [[112.69819349999999, -7.3420665], [112.69834339999998, -7.342218100000002], [112.6984701, -7.3423078], [112.698764, -7.342376699999998]]}}, {"type": "Feature", "properties": {"layer": "osm_road", "stroke": "#999999"}, "geometry": {"type": "LineString", "coordinates": [[112.70136749999999, -7.348882499999997], [112.70144799999998, -7.348882900000001], [112.70151239999998, -7.348882900000001], [112.70158949999998, -7.3488834999999995], [112.7016277, -7.3488796], [112.7016559, -7.348875700000002], [112.70172759999998, -7.348860299999998], [112.70179799999998, -7.348833], [112.701857, -7.3488131], [112.70189537728089, -7.348806210003452]]}}, {"type": "Feature", "properties": {"layer": "osm_road", "stroke": "#999999"}, "geometry": {"type": "LineString", "coordinates": [[112.70179889999999, -7.346971600000001], [112.70189537728089, -7.34699165934212]]}}, {"type": "Feature", "properties": {"layer": "osm_road", "stroke": "#999999"}, "geometry": {"type": "LineString", "coordinates": [[112.70012499999999, -7.345610000000001], [112.70044869999998, -7.3449225]]}}, {"type": "Feature", "properties": {"layer": "osm_road", "stroke": "#999999"}, "geometry": {"type": "LineString", "coordinates": [[112.67837309999999, -7.3614791], [112.67836879999999, -7.361401200000001], [112.67837650000001, -7.361293999999999], [112.67839719999999, -7.361222400000002], [112.6784992, -7.360982599999998], [112.6785131, -7.360919399999999], [112.6784971, -7.3608697], [112.67842489999998, -7.360826200000002], [112.67837159999999, -7.360800300000002]]}}, {"type": "Feature", "properties": {"layer": "osm_road", "stroke": "#999999"}, "geometry": {"type": "LineString", "coordinates": [[112.686671, -7.364701299999999], [112.68696079999998, -7.364790899999999], [112.6875143, -7.364961999999999]]}}, {"type": "Feature", "properties": {"layer": "osm_road", "stroke": "#999999"}, "geometry": {"type": "LineString", "coordinates": [[112.6865248, -7.3644433], [112.6865248, -7.3643789], [112.686693, -7.363769200000001]]}}, {"type": "Feature", "properties": {"layer": "osm_road", "stroke": "#999999"}, "geometry": {"type": "LineString", "coordinates": [[112.68129049999999, -7.3671938], [112.68167719999998, -7.3672444]]}}, {"type": "Feature", "properties": {"layer": "osm_road", "stroke": "#999999"}, "geometry": {"type": "LineString", "coordinates": [[112.6807438, -7.3679259], [112.6810867, -7.3679682], [112.6811048, -7.367978500000001], [112.6811339, -7.368001799999998], [112.68115069999999, -7.368009800000001], [112.68117349999999, -7.368012799999998], [112.68169289999999, -7.368043999999999]]}}, {"type": "Feature", "properties": {"layer": "osm_road", "stroke": "#999999"}, "geometry": {"type": "LineString", "coordinates": [[112.68356379999999, -7.3676164], [112.682303, -7.3675696]]}}, {"type": "Feature", "properties": {"layer": "osm_road", "stroke": "#999999"}, "geometry": {"type": "LineString", "coordinates": [[112.68639609999998, -7.367497100000001], [112.68692179999998, -7.367644599999999], [112.6872963, -7.3677543000000005], [112.6877059, -7.367861499999999], [112.6880178, -7.3679001]]}}, {"type": "Feature", "properties": {"layer": "osm_road", "stroke": "#999999"}, "geometry": {"type": "LineString", "coordinates": [[112.68669530000001, -7.369846099999999], [112.6867193, -7.369289799999997]]}}, {"type": "Feature", "properties": {"layer": "osm_road", "stroke": "#999999"}, "geometry": {"type": "LineString", "coordinates": [[112.68264229999998, -7.369419000000001], [112.68265779999999, -7.3688868]]}}, {"type": "Feature", "properties": {"layer": "osm_road", "stroke": "#999999"}, "geometry": {"type": "LineString", "coordinates": [[112.6813159, -7.370638999999998], [112.68185669999998, -7.370716400000001]]}}, {"type": "Feature", "properties": {"layer": "osm_road", "stroke": "#999999"}, "geometry": {"type": "LineString", "coordinates": [[112.68253170000001, -7.373978100000002], [112.6825216, -7.374433100000002]]}}, {"type": "Feature", "properties": {"layer": "osm_road", "stroke": "#999999"}, "geometry": {"type": "LineString", "coordinates": [[112.68251099999999, -7.374996699999999], [112.68250699999999, -7.375090399999999]]}}, {"type": "Feature", "properties": {"layer": "osm_road", "stroke": "#999999"}, "geometry": {"type": "LineString", "coordinates": [[112.68250699999999, -7.375090399999999], [112.68250559999998, -7.375117499999999]]}}, {"type": "Feature", "properties": {"layer": "osm_road", "stroke": "#999999"}, "geometry": {"type": "LineString", "coordinates": [[112.6840884, -7.375795099999998], [112.6839446, -7.3758164], [112.68380509999999, -7.3758097000000005], [112.68355280000002, -7.375784600000001]]}}, {"type": "Feature", "properties": {"layer": "osm_road", "stroke": "#999999"}, "geometry": {"type": "LineString", "coordinates": [[112.6840884, -7.375795099999998], [112.6841025, -7.3757991], [112.6841206, -7.375813399999999], [112.6841256, -7.375835599999999], [112.6841779, -7.376218]]}}, {"type": "Feature", "properties": {"layer": "osm_road", "stroke": "#999999"}, "geometry": {"type": "LineString", "coordinates": [[112.6833798, -7.3759442], [112.6834339, -7.3759467], [112.68350629999999, -7.375951699999999], [112.68359119999998, -7.3759567], [112.68375099999999, -7.375965600000002]]}}, {"type": "Feature", "properties": {"layer": "osm_road", "stroke": "#999999"}, "geometry": {"type": "LineString", "coordinates": [[112.68208979999999, -7.3767412], [112.68205229999998, -7.3769947], [112.68203258474537, -7.377094393293547]]}}, {"type": "Feature", "properties": {"layer": "osm_road", "stroke": "#999999"}, "geometry": {"type": "LineString", "coordinates": [[112.67286569999999, -7.347268700000001], [112.6728711, -7.346998099999999], [112.67287959999999, -7.3465658000000005], [112.6729006, -7.346487399999999], [112.6729596, -7.346450100000001], [112.67438649999998, -7.346418199999996], [112.67446029999999, -7.3464089], [112.674467, -7.346327799999999], [112.67446909999998, -7.3453994000000025], [112.6744696, -7.3451998], [112.67443750000001, -7.343949600000001], [112.6744146, -7.3432205999999995], [112.67441060000002, -7.3431648], [112.67430069999999, -7.343132899999999], [112.672472, -7.342870900000001]]}}, {"type": "Feature", "properties": {"layer": "osm_road", "stroke": "#999999"}, "geometry": {"type": "LineString", "coordinates": [[112.67221389999999, -7.347434400000002], [112.6729086, -7.347444799999998]]}}, {"type": "Feature", "properties": {"layer": "osm_road", "stroke": "#999999"}, "geometry": {"type": "LineString", "coordinates": [[112.66421879999999, -7.3616651], [112.66348229999998, -7.361489700000002]]}}, {"type": "Feature", "properties": {"layer": "osm_road", "stroke": "#999999"}, "geometry": {"type": "LineString", "coordinates": [[112.66706939999999, -7.3600728], [112.66721159999999, -7.358976800000001], [112.6673091, -7.357853599999999]]}}, {"type": "Feature", "properties": {"layer": "osm_road", "stroke": "#999999"}, "geometry": {"type": "LineString", "coordinates": [[112.6673091, -7.357853599999999], [112.6673155, -7.3578197], [112.6673293, -7.357796699999998], [112.66734669999998, -7.357781100000001], [112.66736979999999, -7.3577704000000015], [112.66747139999998, -7.3577661], [112.66818189999998, -7.357848299999998], [112.6689591, -7.357946700000001], [112.66949209999999, -7.357999899999999], [112.67020479999998, -7.3580018]]}}, {"type": "Feature", "properties": {"layer": "osm_road", "stroke": "#999999"}, "geometry": {"type": "LineString", "coordinates": [[112.6918121, -7.337943799999998], [112.69156449999998, -7.3384797]]}}, {"type": "Feature", "properties": {"layer": "osm_road", "stroke": "#999999"}, "geometry": {"type": "LineString", "coordinates": [[112.6785962, -7.347452999999996], [112.67947329999998, -7.3473724]]}}, {"type": "Feature", "properties": {"layer": "osm_road", "stroke": "#999999"}, "geometry": {"type": "LineString", "coordinates": [[112.68410719999999, -7.3551395], [112.6846476, -7.3551626]]}}, {"type": "Feature", "properties": {"layer": "osm_road", "stroke": "#999999"}, "geometry": {"type": "LineString", "coordinates": [[112.68451139999999, -7.3564561999999984], [112.684501, -7.3568715000000005]]}}, {"type": "Feature", "properties": {"layer": "osm_road", "stroke": "#999999"}, "geometry": {"type": "LineString", "coordinates": [[112.68365369999998, -7.3568568999999995], [112.68362969999998, -7.3565441]]}}, {"type": "Feature", "properties": {"layer": "osm_road", "stroke": "#999999"}, "geometry": {"type": "LineString", "coordinates": [[112.6830621, -7.356574700000002], [112.68306139999999, -7.356744300000001], [112.6830691, -7.356862999999999], [112.68307799999998, -7.3568788], [112.6830923, -7.356882400000002], [112.6831615, -7.356883500000002], [112.68325409999998, -7.3568814], [112.68365369999998, -7.3568568999999995], [112.6840577, -7.356830500000001]]}}, {"type": "Feature", "properties": {"layer": "osm_road", "stroke": "#999999"}, "geometry": {"type": "LineString", "coordinates": [[112.6834846, -7.3562699999999985], [112.6831914, -7.356285299999999], [112.6828384, -7.3563037]]}}, {"type": "Feature", "properties": {"layer": "osm_road", "stroke": "#999999"}, "geometry": {"type": "LineString", "coordinates": [[112.68254980000002, -7.3558986], [112.6828399, -7.3558769]]}}, {"type": "Feature", "properties": {"layer": "osm_road", "stroke": "#999999"}, "geometry": {"type": "LineString", "coordinates": [[112.6828399, -7.3558769], [112.6828384, -7.3563037]]}}, {"type": "Feature", "properties": {"layer": "osm_road", "stroke": "#999999"}, "geometry": {"type": "LineString", "coordinates": [[112.68293099999998, -7.351974199999996], [112.68284319999998, -7.354586200000002]]}}, {"type": "Feature", "properties": {"layer": "osm_road", "stroke": "#999999"}, "geometry": {"type": "LineString", "coordinates": [[112.68284319999998, -7.354586200000002], [112.68283499999998, -7.354596699999999], [112.6828271, -7.3546036], [112.68253210000002, -7.354741099999998], [112.6819811, -7.3550097]]}}, {"type": "Feature", "properties": {"layer": "osm_road", "stroke": "#999999"}, "geometry": {"type": "LineString", "coordinates": [[112.68253210000002, -7.354741099999998], [112.68262339999998, -7.351996299999999]]}}, {"type": "Feature", "properties": {"layer": "osm_road", "stroke": "#999999"}, "geometry": {"type": "LineString", "coordinates": [[112.69530739999999, -7.358611099999999], [112.69578159999999, -7.358719699999999]]}}, {"type": "Feature", "properties": {"layer": "osm_road", "stroke": "#999999"}, "geometry": {"type": "LineString", "coordinates": [[112.68507049999998, -7.353703999999999], [112.68536739999999, -7.353552699999998]]}}, {"type": "Feature", "properties": {"layer": "osm_road", "stroke": "#999999"}, "geometry": {"type": "LineString", "coordinates": [[112.69652002840138, -7.377094393293547], [112.6965675, -7.3766254999999985]]}}, {"type": "Feature", "properties": {"layer": "osm_road", "stroke": "#999999"}, "geometry": {"type": "LineString", "coordinates": [[112.69802089999999, -7.3627006], [112.6980958, -7.3627012999999994]]}}, {"type": "Feature", "properties": {"layer": "osm_road", "stroke": "#999999"}, "geometry": {"type": "LineString", "coordinates": [[112.66236950477963, -7.362835328163081], [112.6630197, -7.362996699999998]]}}, {"type": "Feature", "properties": {"layer": "osm_road", "stroke": "#999999"}, "geometry": {"type": "LineString", "coordinates": [[112.66652499999998, -7.372265899999999], [112.66651, -7.3722645]]}}, {"type": "Feature", "properties": {"layer": "osm_road", "stroke": "#999999"}, "geometry": {"type": "LineString", "coordinates": [[112.66572429999998, -7.369195499999999], [112.6658191, -7.3692299]]}}, {"type": "Feature", "properties": {"layer": "osm_road", "stroke": "#999999"}, "geometry": {"type": "LineString", "coordinates": [[112.66561840000001, -7.369164899999999], [112.66572429999998, -7.369195499999999]]}}, {"type": "Feature", "properties": {"layer": "osm_road", "stroke": "#999999"}, "geometry": {"type": "LineString", "coordinates": [[112.66236950477963, -7.37650273726743], [112.6631875, -7.376822099999999]]}}, {"type": "Feature", "properties": {"layer": "osm_road", "stroke": "#999999"}, "geometry": {"type": "LineString", "coordinates": [[112.66416259999998, -7.375951999999998], [112.66417579999998, -7.375963]]}}, {"type": "Feature", "properties": {"layer": "osm_road", "stroke": "#999999"}, "geometry": {"type": "LineString", "coordinates": [[112.6640956, -7.3758832000000005], [112.66416259999998, -7.375951999999998]]}}, {"type": "Feature", "properties": {"layer": "osm_road", "stroke": "#999999"}, "geometry": {"type": "LineString", "coordinates": [[112.6640814, -7.3758685], [112.6640956, -7.3758832000000005]]}}, {"type": "Feature", "properties": {"layer": "osm_road", "stroke": "#999999"}, "geometry": {"type": "LineString", "coordinates": [[112.6640493, -7.3759553], [112.6640286, -7.375935999999998]]}}, {"type": "Feature", "properties": {"layer": "osm_road", "stroke": "#999999"}, "geometry": {"type": "LineString", "coordinates": [[112.66412239999998, -7.376012500000002], [112.6640493, -7.3759553]]}}, {"type": "Feature", "properties": {"layer": "osm_road", "stroke": "#999999"}, "geometry": {"type": "LineString", "coordinates": [[112.6641341, -7.376020399999999], [112.66412239999998, -7.376012500000002]]}}, {"type": "Feature", "properties": {"layer": "osm_road", "stroke": "#999999"}, "geometry": {"type": "LineString", "coordinates": [[112.6635826, -7.3767473], [112.6635437, -7.376728699999999]]}}, {"type": "Feature", "properties": {"layer": "osm_road", "stroke": "#999999"}, "geometry": {"type": "LineString", "coordinates": [[112.66504229999998, -7.374048799999998], [112.66507049999998, -7.374055599999999]]}}, {"type": "Feature", "properties": {"layer": "osm_road", "stroke": "#999999"}, "geometry": {"type": "LineString", "coordinates": [[112.66498399999999, -7.3740368], [112.66504229999998, -7.374048799999998]]}}, {"type": "Feature", "properties": {"layer": "osm_road", "stroke": "#999999"}, "geometry": {"type": "LineString", "coordinates": [[112.66494669999999, -7.3740278], [112.66498399999999, -7.3740368]]}}, {"type": "Feature", "properties": {"layer": "osm_road", "stroke": "#999999"}, "geometry": {"type": "LineString", "coordinates": [[112.6661045, -7.3760976], [112.6661389, -7.3764396]]}}, {"type": "Feature", "properties": {"layer": "osm_road", "stroke": "#999999"}, "geometry": {"type": "LineString", "coordinates": [[112.6666228, -7.375345499999999], [112.666128, -7.3753801], [112.66607570000001, -7.3753801], [112.66605149999998, -7.375377399999998], [112.6660287, -7.375366799999998], [112.6660147, -7.375344899999998], [112.66601, -7.375316300000001], [112.6659978, -7.374881600000001]]}}, {"type": "Feature", "properties": {"layer": "osm_road", "stroke": "#999999"}, "geometry": {"type": "LineString", "coordinates": [[112.6654065, -7.3758323], [112.6654427, -7.375002399999999], [112.66544259999999, -7.374871099999999]]}}, {"type": "Feature", "properties": {"layer": "osm_road", "stroke": "#999999"}, "geometry": {"type": "LineString", "coordinates": [[112.6664269, -7.373327499999997], [112.6664084, -7.372973100000002]]}}, {"type": "Feature", "properties": {"layer": "osm_road", "stroke": "#999999"}, "geometry": {"type": "LineString", "coordinates": [[112.66639619999998, -7.364843699999999], [112.66633789999999, -7.364608599999999]]}}, {"type": "Feature", "properties": {"layer": "osm_road", "stroke": "#999999"}, "geometry": {"type": "LineString", "coordinates": [[112.6629858, -7.3759932], [112.66360809999999, -7.376266]]}}, {"type": "Feature", "properties": {"layer": "osm_road", "stroke": "#999999"}, "geometry": {"type": "LineString", "coordinates": [[112.6651517, -7.376783300000001], [112.6652475, -7.3764463]]}}, {"type": "Feature", "properties": {"layer": "osm_road", "stroke": "#999999"}, "geometry": {"type": "LineString", "coordinates": [[112.6653684, -7.372602699999998], [112.66535, -7.372736500000001], [112.6653228, -7.3728478], [112.66519299999999, -7.373187899999998], [112.6650589, -7.373598399999999], [112.66494669999999, -7.3740278], [112.66489669999999, -7.3742189], [112.6647681, -7.374642500000001], [112.66475459999998, -7.374686799999998], [112.66469999999998, -7.374808799999999], [112.66459049999999, -7.375004700000002], [112.6644337, -7.375299], [112.6643422, -7.375491399999999], [112.66418580000001, -7.3757272999999985], [112.6640814, -7.3758685], [112.6640707, -7.375882999999996], [112.6640286, -7.375935999999998], [112.6640204, -7.375946299999999], [112.66396289999999, -7.376005199999998], [112.66373530000001, -7.376160700000001], [112.66360809999999, -7.376266], [112.6635028, -7.376403], [112.6633627, -7.376627099999999], [112.6632667, -7.376736099999998], [112.6631875, -7.376822099999999], [112.6631682, -7.376843099999999], [112.6630381, -7.3769881], [112.66291659999999, -7.3770938], [112.66291591798613, -7.377094393293547]]}}, {"type": "Feature", "properties": {"layer": "osm_road", "stroke": "#999999"}, "geometry": {"type": "LineString", "coordinates": [[112.6629752, -7.3658637], [112.6629375, -7.3655965]]}}, {"type": "Feature", "properties": {"layer": "osm_road", "stroke": "#999999"}, "geometry": {"type": "LineString", "coordinates": [[112.66612449999998, -7.3715735], [112.6661374, -7.371609500000003], [112.66615749999998, -7.371638800000001], [112.6661696, -7.371674], [112.66617829999998, -7.371711600000001], [112.6661924, -7.3717331999999995], [112.66622520000001, -7.371751200000003], [112.66628350000002, -7.371777400000001], [112.6663053, -7.371781399999998], [112.66631629999999, -7.371781600000001], [112.66632479999998, -7.3717818], [112.666338, -7.371778800000001], [112.6663479, -7.371771399999999], [112.66636799999999, -7.3717532]]}}, {"type": "Feature", "properties": {"layer": "osm_road", "stroke": "#999999"}, "geometry": {"type": "LineString", "coordinates": [[112.66236950477963, -7.3635903965085445], [112.66249989999999, -7.363632800000001]]}}, {"type": "Feature", "properties": {"layer": "osm_road", "stroke": "#999999"}, "geometry": {"type": "LineString", "coordinates": [[112.66246359999998, -7.3639433], [112.66249989999999, -7.363632800000001], [112.66252309999999, -7.363492300000001]]}}, {"type": "Feature", "properties": {"layer": "osm_road", "stroke": "#999999"}, "geometry": {"type": "LineString", "coordinates": [[112.66502019999999, -7.3465326], [112.66521399999999, -7.3464255], [112.66524919999999, -7.346409899999997], [112.6653005, -7.3463976], [112.66537159999999, -7.3463866], [112.6654162, -7.346378299999998], [112.6654658, -7.346369700000002], [112.6654977, -7.346362400000001], [112.66554589999998, -7.346359700000001], [112.66578129999999, -7.3464016], [112.6660957, -7.3464608]]}}, {"type": "Feature", "properties": {"layer": "osm_road", "stroke": "#999999"}, "geometry": {"type": "LineString", "coordinates": [[112.66513019999998, -7.340291800000001], [112.6651999, -7.3402199], [112.6652992, -7.340193299999998], [112.6661922, -7.340117399999996]]}}, {"type": "Feature", "properties": {"layer": "osm_road", "stroke": "#999999"}, "geometry": {"type": "LineString", "coordinates": [[112.6646876, -7.3414716], [112.6648673, -7.341432999999999], [112.66496660000001, -7.341379800000001], [112.66501219999999, -7.341313300000002], [112.66503899999998, -7.341119100000001], [112.6650417, -7.341055199999999], [112.6651007, -7.340363600000001], [112.66513019999998, -7.340291800000001]]}}, {"type": "Feature", "properties": {"layer": "osm_road", "stroke": "#999999"}, "geometry": {"type": "LineString", "coordinates": [[112.6631628, -7.352381000000001], [112.6631762, -7.3517093]]}}, {"type": "Feature", "properties": {"layer": "osm_road", "stroke": "#999999"}, "geometry": {"type": "LineString", "coordinates": [[112.69423309999999, -7.376935300000001], [112.69454529999999, -7.37701]]}}, {"type": "Feature", "properties": {"layer": "osm_road", "stroke": "#999999"}, "geometry": {"type": "LineString", "coordinates": [[112.69685919116884, -7.377094393293547], [112.6969412, -7.3770732], [112.69705379999999, -7.377057199999998], [112.6972765, -7.377047900000002], [112.69737439999999, -7.3770359999999995], [112.6974535, -7.377025300000001], [112.6975313, -7.377007999999998], [112.69758760000002, -7.376989400000001], [112.69761709999999, -7.3769562], [112.69765599999998, -7.376889700000001], [112.6976936, -7.3768139]]}}, {"type": "Feature", "properties": {"layer": "osm_road", "stroke": "#999999"}, "geometry": {"type": "LineString", "coordinates": [[112.69237099999998, -7.3766067], [112.69227819999999, -7.376966799999998]]}}, {"type": "Feature", "properties": {"layer": "osm_road", "stroke": "#999999"}, "geometry": {"type": "LineString", "coordinates": [[112.66629569999999, -7.372505599999998], [112.66628679999998, -7.372502500000001]]}}, {"type": "Feature", "properties": {"layer": "osm_road", "stroke": "#999999"}, "geometry": {"type": "LineString", "coordinates": [[112.68679709999999, -7.3441677], [112.68719139999999, -7.344188999999999], [112.6876929, -7.3442368999999985]]}}, {"type": "Feature", "properties": {"layer": "osm_road", "stroke": "#999999"}, "geometry": {"type": "LineString", "coordinates": [[112.68579659999999, -7.345307899999998], [112.68574029999999, -7.345306899999999], [112.6856223, -7.345306299999999], [112.6854855, -7.345282300000001], [112.6854399, -7.345229100000001], [112.68543719999998, -7.3451573], [112.6855901, -7.3444497], [112.68561289999998, -7.344376500000001], [112.68564779999998, -7.344356499999998], [112.68570270000001, -7.344342300000001]]}}, {"type": "Feature", "properties": {"layer": "osm_road", "stroke": "#999999"}, "geometry": {"type": "LineString", "coordinates": [[112.67443750000001, -7.343949600000001], [112.67407269999998, -7.343992100000002], [112.673952, -7.3439787999999995], [112.67385539999998, -7.3439628999999975], [112.67371559999998, -7.343859899999998], [112.6736113, -7.343736700000003]]}}, {"type": "Feature", "properties": {"layer": "osm_road", "stroke": "#999999"}, "geometry": {"type": "LineString", "coordinates": [[112.67221389999999, -7.347434400000002], [112.6722126, -7.3469862], [112.6721683, -7.346522]]}}, {"type": "Feature", "properties": {"layer": "osm_road", "stroke": "#999999"}, "geometry": {"type": "LineString", "coordinates": [[112.66690849999999, -7.343632999999998], [112.6668415, -7.3442902], [112.66682489999998, -7.3444870999999985], [112.6668039, -7.344736999999997]]}}, {"type": "Feature", "properties": {"layer": "osm_road", "stroke": "#999999"}, "geometry": {"type": "LineString", "coordinates": [[112.6809016, -7.348106800000003], [112.68081439999999, -7.347886600000001], [112.6807943, -7.3478281], [112.68073129999999, -7.347622], [112.6807138, -7.347536200000002], [112.68071519999998, -7.347447], [112.6807286, -7.3473912], [112.6807635, -7.347340599999998], [112.68081439999999, -7.347313399999999], [112.68094449999998, -7.347282800000001], [112.68114299999999, -7.347273500000001], [112.68145579999998, -7.347326000000002], [112.6814903, -7.3473359999999985], [112.6815158, -7.347361299999998], [112.6815339, -7.3473951999999985]]}}, {"type": "Feature", "properties": {"layer": "osm_road", "stroke": "#999999"}, "geometry": {"type": "LineString", "coordinates": [[112.6785836, -7.347938299999999], [112.6792172, -7.347793500000001]]}}, {"type": "Feature", "properties": {"layer": "osm_road", "stroke": "#999999"}, "geometry": {"type": "LineString", "coordinates": [[112.6728134, -7.353401200000001], [112.67289449999998, -7.352699500000003]]}}, {"type": "Feature", "properties": {"layer": "osm_road", "stroke": "#999999"}, "geometry": {"type": "LineString", "coordinates": [[112.6684729, -7.352558600000001], [112.668475, -7.352521999999999], [112.66848769999999, -7.352499400000001], [112.66853729999998, -7.3524728], [112.6685473, -7.352429499999997], [112.6685493, -7.352377], [112.66854199999999, -7.3522181]]}}, {"type": "Feature", "properties": {"layer": "osm_road", "stroke": "#999999"}, "geometry": {"type": "LineString", "coordinates": [[112.6666178, -7.3518257999999985], [112.666643, -7.3522519000000015]]}}, {"type": "Feature", "properties": {"layer": "osm_road", "stroke": "#999999"}, "geometry": {"type": "LineString", "coordinates": [[112.68673, -7.340214599999999], [112.6866768, -7.340601199999997], [112.68665889999998, -7.340721499999998], [112.68664959999998, -7.3407945], [112.68663809999998, -7.340877600000001]]}}, {"type": "Feature", "properties": {"layer": "osm_road", "stroke": "#999999"}, "geometry": {"type": "LineString", "coordinates": [[112.68673939999998, -7.340878700000001], [112.68675519999998, -7.3409375], [112.68677829999999, -7.340987400000001], [112.68689629999999, -7.3411643], [112.68694589999998, -7.3412561000000025], [112.68695599999998, -7.341293999999999], [112.6869446, -7.341604599999998]]}}, {"type": "Feature", "properties": {"layer": "osm_road", "stroke": "#999999"}, "geometry": {"type": "LineString", "coordinates": [[112.6666819, -7.3442808], [112.6668415, -7.3442902]]}}, {"type": "Feature", "properties": {"layer": "osm_road", "stroke": "#999999"}, "geometry": {"type": "LineString", "coordinates": [[112.680157, -7.3399616], [112.6801024, -7.339872099999999], [112.68005319999999, -7.339831799999998], [112.679794, -7.3396941]]}}, {"type": "Feature", "properties": {"layer": "osm_road", "stroke": "#999999"}, "geometry": {"type": "LineString", "coordinates": [[112.680157, -7.3399616], [112.6800687, -7.3400709], [112.6797683, -7.340469999999999], [112.679712, -7.3405311000000015], [112.67957789999998, -7.3405897], [112.67944649999998, -7.3406056]]}}, {"type": "Feature", "properties": {"layer": "osm_road", "stroke": "#999999"}, "geometry": {"type": "LineString", "coordinates": [[112.6847371, -7.345614799999999], [112.68483710000001, -7.345602499999998], [112.68493129999999, -7.3455742999999964], [112.68511469999999, -7.345501799999999], [112.6851958, -7.345434300000001], [112.68522130000001, -7.345371800000001], [112.68523069999999, -7.345278299999999], [112.6853138, -7.3447742], [112.68556529999998, -7.3434468], [112.685572, -7.343353700000001], [112.6855995, -7.343163599999999], [112.6855827, -7.3428981], [112.68558, -7.342850200000001], [112.68558869999998, -7.342797700000001], [112.6856873, -7.342402], [112.68581, -7.3416112], [112.68587169999999, -7.3411962], [112.68583410000001, -7.340746099999999], [112.6857886, -7.3401807], [112.6857738, -7.340122799999999], [112.68574299999999, -7.340082899999998], [112.68566519999999, -7.3400603], [112.6853004, -7.3399645], [112.68498649999998, -7.339898000000001]]}}, {"type": "Feature", "properties": {"layer": "osm_road", "stroke": "#999999"}, "geometry": {"type": "LineString", "coordinates": [[112.68262999999999, -7.3472505], [112.6826078, -7.3471820999999995], [112.68260509999999, -7.3471484], [112.6825968, -7.3470966], [112.6826336, -7.3471072], [112.6828489, -7.347100599999998], [112.6828599, -7.347100400000001], [112.68287029999999, -7.347099600000001], [112.6828794, -7.3470946999999995], [112.6828926, -7.347080400000001], [112.68290569999999, -7.347053300000001], [112.68292399999999, -7.346976899999998], [112.68322439999999, -7.345582900000001], [112.6832606, -7.3453608]]}}, {"type": "Feature", "properties": {"layer": "osm_road", "stroke": "#999999"}, "geometry": {"type": "LineString", "coordinates": [[112.68191579999998, -7.3491031], [112.68190229999999, -7.349061400000001], [112.6818894, -7.349052199999998], [112.68186229999999, -7.349053000000001], [112.6818309, -7.349053900000001], [112.68180809999998, -7.3490362], [112.6816982, -7.3486807]]}}, {"type": "Feature", "properties": {"layer": "osm_road", "stroke": "#999999"}, "geometry": {"type": "LineString", "coordinates": [[112.68565239999998, -7.347773599999999], [112.6856223, -7.347554100000001], [112.6855901, -7.347441099999999], [112.68556389999999, -7.347322700000002]]}}, {"type": "Feature", "properties": {"layer": "osm_road", "stroke": "#999999"}, "geometry": {"type": "LineString", "coordinates": [[112.6821293, -7.3455644], [112.68221649999998, -7.3455164], [112.68229900000001, -7.345473199999999], [112.68238079999999, -7.345409999999998], [112.68239559999999, -7.3453794], [112.68240369999998, -7.345344799999999], [112.68241699999999, -7.3452717000000005]]}}, {"type": "Feature", "properties": {"layer": "osm_road", "stroke": "#999999"}, "geometry": {"type": "LineString", "coordinates": [[112.67728009999999, -7.348943699999999], [112.6773763, -7.348656499999999]]}}, {"type": "Feature", "properties": {"layer": "osm_road", "stroke": "#999999"}, "geometry": {"type": "LineString", "coordinates": [[112.68665889999998, -7.340721499999998], [112.6865604, -7.3407109], [112.68652079999998, -7.340696799999999], [112.68648799999998, -7.340667799999999], [112.6864692, -7.340619], [112.6864632, -7.3405734], [112.68645079999999, -7.3402883]]}}, {"type": "Feature", "properties": {"layer": "osm_road", "stroke": "#999999"}, "geometry": {"type": "LineString", "coordinates": [[112.68583410000001, -7.340746099999999], [112.6846674, -7.3405485000000015], [112.68428589999999, -7.3404693], [112.6842436, -7.340457400000001], [112.68421079999999, -7.340438700000001], [112.68417989999999, -7.340405799999998], [112.6841672, -7.340387899999999], [112.68414879999999, -7.340377499999999], [112.68359529999998, -7.3402495000000005], [112.6835373, -7.340251899999999], [112.6834988, -7.340304600000001], [112.68309539999998, -7.342241800000002], [112.68308889999999, -7.342372700000002], [112.6831019, -7.342452700000002], [112.68312909999999, -7.3424991], [112.6831673, -7.3425361], [112.68335310000002, -7.3425910000000005], [112.68354809999998, -7.3426602], [112.6835831, -7.342702500000002], [112.68359399999999, -7.34279], [112.6833263, -7.343914999999998]]}}, {"type": "Feature", "properties": {"layer": "osm_road", "stroke": "#999999"}, "geometry": {"type": "LineString", "coordinates": [[112.67394629999998, -7.353967100000003], [112.67404659999998, -7.353989299999999]]}}, {"type": "Feature", "properties": {"layer": "osm_road", "stroke": "#999999"}, "geometry": {"type": "LineString", "coordinates": [[112.68245589999998, -7.349749699999997], [112.68252699999998, -7.3492327999999985]]}}, {"type": "Feature", "properties": {"layer": "osm_road", "stroke": "#999999"}, "geometry": {"type": "LineString", "coordinates": [[112.68316609999998, -7.350404599999998], [112.68318999999998, -7.3503998], [112.6832099, -7.350392], [112.6832167, -7.350373699999996], [112.68323039999999, -7.350272300000001], [112.6832482, -7.350256199999999], [112.68327529999999, -7.3502529], [112.6833056, -7.3502523], [112.68334629999998, -7.350253000000001]]}}, {"type": "Feature", "properties": {"layer": "osm_road", "stroke": "#999999"}, "geometry": {"type": "LineString", "coordinates": [[112.67069109999998, -7.3485912], [112.6706209, -7.348586100000002]]}}, {"type": "Feature", "properties": {"layer": "osm_road", "stroke": "#999999"}, "geometry": {"type": "LineString", "coordinates": [[112.6706209, -7.348586100000002], [112.670508, -7.3486116], [112.67047449999998, -7.3486208999999985], [112.67045969999998, -7.3486295], [112.67045399999999, -7.3486405], [112.6704584, -7.348936799999999], [112.67045579999998, -7.3492314], [112.6704658, -7.349499399999997], [112.6704604, -7.349766100000001], [112.6704685, -7.3498], [112.67048049999998, -7.349834700000001], [112.6705737, -7.350014900000001], [112.6705824, -7.350064099999999]]}}, {"type": "Feature", "properties": {"layer": "osm_road", "stroke": "#999999"}, "geometry": {"type": "LineString", "coordinates": [[112.6883706, -7.3520219], [112.6883023, -7.3520601]]}}, {"type": "Feature", "properties": {"layer": "osm_road", "stroke": "#999999"}, "geometry": {"type": "LineString", "coordinates": [[112.689429, -7.351485899999999], [112.6884498, -7.351983099999998], [112.6883706, -7.3520219]]}}, {"type": "Feature", "properties": {"layer": "osm_road", "stroke": "#999999"}, "geometry": {"type": "LineString", "coordinates": [[112.66970549999999, -7.3488933], [112.66923099999998, -7.348842499999999]]}}, {"type": "Feature", "properties": {"layer": "osm_road", "stroke": "#999999"}, "geometry": {"type": "LineString", "coordinates": [[112.66663219999998, -7.344723700000002], [112.66606089999999, -7.3447423]]}}, {"type": "Feature", "properties": {"layer": "osm_road", "stroke": "#999999"}, "geometry": {"type": "LineString", "coordinates": [[112.6864817, -7.353241100000001], [112.6864379, -7.353242300000001], [112.6864144, -7.3532431], [112.68635929999999, -7.353255299999998], [112.6862364, -7.3532799], [112.6862214, -7.353282099999999], [112.68621169999999, -7.353289800000001], [112.6862052, -7.353306500000001]]}}, {"type": "Feature", "properties": {"layer": "osm_road", "stroke": "#999999"}, "geometry": {"type": "LineString", "coordinates": [[112.6799816, -7.3426081], [112.67983139999998, -7.342548999999998], [112.6796825, -7.342498400000001], [112.67951219999999, -7.342449199999999], [112.6791046, -7.3423851], [112.6782305, -7.3422577]]}}, {"type": "Feature", "properties": {"layer": "osm_road", "stroke": "#999999"}, "geometry": {"type": "LineString", "coordinates": [[112.6815178, -7.3476546], [112.6815339, -7.3473951999999985]]}}, {"type": "Feature", "properties": {"layer": "osm_road", "stroke": "#999999"}, "geometry": {"type": "LineString", "coordinates": [[112.6868408, -7.3458591], [112.68684419999998, -7.3457891]]}}, {"type": "Feature", "properties": {"layer": "osm_road", "stroke": "#999999"}, "geometry": {"type": "LineString", "coordinates": [[112.6737839, -7.349411599999998], [112.6737853, -7.349436400000001]]}}, {"type": "Feature", "properties": {"layer": "osm_road", "stroke": "#999999"}, "geometry": {"type": "LineString", "coordinates": [[112.673779, -7.349166099999998], [112.6737839, -7.349411599999998]]}}, {"type": "Feature", "properties": {"layer": "osm_road", "stroke": "#999999"}, "geometry": {"type": "LineString", "coordinates": [[112.68197599999999, -7.355049500000001], [112.6819244, -7.355027100000002]]}}, {"type": "Feature", "properties": {"layer": "osm_road", "stroke": "#999999"}, "geometry": {"type": "LineString", "coordinates": [[112.6819811, -7.3550097], [112.68197599999999, -7.355049500000001]]}}, {"type": "Feature", "properties": {"layer": "osm_road", "stroke": "#999999"}, "geometry": {"type": "LineString", "coordinates": [[112.68199539999999, -7.3544838], [112.68191649999999, -7.3544903]]}}, {"type": "Feature", "properties": {"layer": "osm_road", "stroke": "#999999"}, "geometry": {"type": "LineString", "coordinates": [[112.6819242, -7.3538648], [112.68202149999999, -7.353864399999999]]}}, {"type": "Feature", "properties": {"layer": "osm_road", "stroke": "#999999"}, "geometry": {"type": "LineString", "coordinates": [[112.68176819999998, -7.358548100000001], [112.6818085, -7.357947300000001], [112.6818159, -7.357837799999999], [112.68183989999999, -7.357089199999999], [112.68188059999999, -7.356798699999999], [112.68193959999999, -7.3559571], [112.68196019999999, -7.355724799999998], [112.68197919999999, -7.3552719], [112.68198089999999, -7.355193999999998], [112.6819816, -7.3551347], [112.68197599999999, -7.355049500000001]]}}, {"type": "Feature", "properties": {"layer": "osm_road", "stroke": "#999999"}, "geometry": {"type": "LineString", "coordinates": [[112.68205849999998, -7.3520914], [112.68207299999999, -7.3520373], [112.6821091, -7.3512290999999985]]}}, {"type": "Feature", "properties": {"layer": "osm_road", "stroke": "#999999"}, "geometry": {"type": "LineString", "coordinates": [[112.68205849999998, -7.3520914], [112.6820796, -7.3521511], [112.6820811, -7.3521828], [112.68206199999999, -7.352385900000001], [112.682064, -7.352720500000001], [112.68204759999999, -7.353063799999999], [112.68203489999999, -7.3533056], [112.68202849999999, -7.3534281], [112.6820164, -7.353728699999999], [112.68202149999999, -7.353864399999999], [112.6820175, -7.354000100000001], [112.68200849999998, -7.354300600000001], [112.68199539999999, -7.3544838], [112.68198589999999, -7.354900699999999], [112.6819819, -7.354946], [112.6819811, -7.3550097]]}}, {"type": "Feature", "properties": {"layer": "osm_road", "stroke": "#999999"}, "geometry": {"type": "LineString", "coordinates": [[112.68580079999998, -7.375875299999999], [112.68501879999998, -7.376783300000001], [112.684836, -7.3770017], [112.68475123683106, -7.377094393293547]]}}, {"type": "Feature", "properties": {"layer": "osm_road", "stroke": "#999999"}, "geometry": {"type": "LineString", "coordinates": [[112.6812342, -7.3762951999999995], [112.6812261, -7.376211399999999], [112.68123549999999, -7.376167499999999], [112.681253, -7.3761035999999995], [112.6812825, -7.376041099999999], [112.681316, -7.375997199999998], [112.6813509, -7.375985300000001], [112.68140989999999, -7.375982599999999], [112.6814903, -7.375979900000003], [112.681661, -7.3759703000000005]]}}, {"type": "Feature", "properties": {"layer": "osm_road", "stroke": "#999999"}, "geometry": {"type": "LineString", "coordinates": [[112.68319089999999, -7.376843099999999], [112.68290119999999, -7.376824499999998], [112.6827684, -7.376805900000001], [112.68265369999999, -7.3767986], [112.68263299999998, -7.376805900000001], [112.68261690000001, -7.376829199999999], [112.6825994, -7.376865100000001], [112.68257459999998, -7.376875000000001], [112.68254039999998, -7.3768756999999985], [112.68247999999998, -7.376865600000002]]}}, {"type": "Feature", "properties": {"layer": "osm_road", "stroke": "#999999"}, "geometry": {"type": "LineString", "coordinates": [[112.68312109999998, -7.376606399999999], [112.68313850000001, -7.376273100000001]]}}, {"type": "Feature", "properties": {"layer": "osm_road", "stroke": "#999999"}, "geometry": {"type": "LineString", "coordinates": [[112.68370319999998, -7.3764681], [112.6838295, -7.376467400000001], [112.6838384, -7.376464199999998], [112.6838465, -7.376456900000003], [112.68384959999999, -7.3764485], [112.6838466, -7.3762758999999996]]}}, {"type": "Feature", "properties": {"layer": "osm_road", "stroke": "#999999"}, "geometry": {"type": "LineString", "coordinates": [[112.6785929, -7.376791899999999], [112.67855339999998, -7.3767886]]}}, {"type": "Feature", "properties": {"layer": "osm_road", "stroke": "#999999"}, "geometry": {"type": "LineString", "coordinates": [[112.6786666, -7.376795200000001], [112.6785929, -7.376791899999999]]}}, {"type": "Feature", "properties": {"layer": "osm_road", "stroke": "#999999"}, "geometry": {"type": "LineString", "coordinates": [[112.6785131, -7.376392199999998], [112.6779632, -7.376343000000001], [112.6775166, -7.376301799999999], [112.6773691, -7.376309799999998], [112.67726849999998, -7.3763497000000005], [112.67722560000001, -7.376363], [112.6771358, -7.3763736], [112.6770553, -7.376367000000001], [112.6769386, -7.3763404], [112.6769078, -7.3763297]]}}, {"type": "Feature", "properties": {"layer": "osm_road", "stroke": "#999999"}, "geometry": {"type": "LineString", "coordinates": [[112.677408, -7.3770742999999985], [112.67740672595399, -7.377094393293547]]}}, {"type": "Feature", "properties": {"layer": "osm_road", "stroke": "#999999"}, "geometry": {"type": "LineString", "coordinates": [[112.67577310413375, -7.377094393293547], [112.6758014, -7.376867100000002]]}}, {"type": "Feature", "properties": {"layer": "osm_road", "stroke": "#999999"}, "geometry": {"type": "LineString", "coordinates": [[112.69779272084494, -7.337893960279279], [112.6976432, -7.3380692]]}}, {"type": "Feature", "properties": {"layer": "osm_road", "stroke": "#999999"}, "geometry": {"type": "LineString", "coordinates": [[112.69894079999999, -7.353715099999999], [112.69901589999999, -7.353516900000001], [112.69906819999999, -7.353345300000001], [112.69912179999999, -7.353175099999999], [112.69915, -7.353041999999997], [112.69917010000002, -7.3529583], [112.69919159999999, -7.352909000000002]]}}, {"type": "Feature", "properties": {"layer": "osm_road", "stroke": "#999999"}, "geometry": {"type": "LineString", "coordinates": [[112.69496510000002, -7.3495764999999995], [112.69500589999998, -7.3492041]]}}, {"type": "Feature", "properties": {"layer": "osm_road", "stroke": "#999999"}, "geometry": {"type": "LineString", "coordinates": [[112.7010182, -7.348202599999999], [112.70105099999999, -7.3482623]]}}, {"type": "Feature", "properties": {"layer": "osm_road", "stroke": "#999999"}, "geometry": {"type": "LineString", "coordinates": [[112.70083109999999, -7.347839399999997], [112.7009001, -7.347933200000001], [112.70097129999999, -7.3480249], [112.7009833, -7.348039599999999], [112.7009913, -7.348060899999997], [112.7009913, -7.348150000000001], [112.700992, -7.348166000000003], [112.70100199999999, -7.3481866], [112.7010182, -7.348202599999999]]}}, {"type": "Feature", "properties": {"layer": "osm_road", "stroke": "#999999"}, "geometry": {"type": "LineString", "coordinates": [[112.69125419999999, -7.342974600000001], [112.6912911, -7.343025599999998], [112.69132589999998, -7.3430434999999985], [112.6915262, -7.3431150999999995], [112.6920229, -7.343301799999999], [112.6922333, -7.343296500000002], [112.6925458, -7.343293800000001], [112.69270399999999, -7.3432838]]}}, {"type": "Feature", "properties": {"layer": "osm_road", "stroke": "#999999"}, "geometry": {"type": "LineString", "coordinates": [[112.68941789999998, -7.3513040999999975], [112.6893901, -7.351312899999999], [112.68932969999999, -7.351346199999999], [112.68928749999999, -7.3513575000000015], [112.68913339999999, -7.3513701], [112.68866319999998, -7.351414]]}}, {"type": "Feature", "properties": {"layer": "osm_road", "stroke": "#999999"}, "geometry": {"type": "LineString", "coordinates": [[112.69915, -7.353041999999997], [112.69926259999998, -7.353084600000001], [112.69928279999999, -7.353097899999998], [112.6993002, -7.353095299999998], [112.6993123, -7.353081899999999], [112.6994075, -7.3528931]]}}, {"type": "Feature", "properties": {"layer": "osm_road", "stroke": "#999999"}, "geometry": {"type": "LineString", "coordinates": [[112.6950707, -7.3518171], [112.6951897, -7.351987300000001]]}}, {"type": "Feature", "properties": {"layer": "osm_road", "stroke": "#999999"}, "geometry": {"type": "LineString", "coordinates": [[112.6991775, -7.348166599999999], [112.69918019999999, -7.348189900000001]]}}, {"type": "Feature", "properties": {"layer": "osm_road", "stroke": "#999999"}, "geometry": {"type": "LineString", "coordinates": [[112.6991668, -7.348099500000002], [112.6991775, -7.348166599999999]]}}, {"type": "Feature", "properties": {"layer": "osm_road", "stroke": "#999999"}, "geometry": {"type": "LineString", "coordinates": [[112.69916069999998, -7.348074200000002], [112.6991668, -7.348099500000002]]}}, {"type": "Feature", "properties": {"layer": "osm_road", "stroke": "#999999"}, "geometry": {"type": "LineString", "coordinates": [[112.69901919999998, -7.348321599999999], [112.6990275, -7.3483354000000025]]}}, {"type": "Feature", "properties": {"layer": "osm_road", "stroke": "#999999"}, "geometry": {"type": "LineString", "coordinates": [[112.69898029999999, -7.348283], [112.69901919999998, -7.348321599999999]]}}, {"type": "Feature", "properties": {"layer": "osm_road", "stroke": "#999999"}, "geometry": {"type": "LineString", "coordinates": [[112.69897099999999, -7.348272399999998], [112.69898029999999, -7.348283]]}}, {"type": "Feature", "properties": {"layer": "osm_road", "stroke": "#999999"}, "geometry": {"type": "LineString", "coordinates": [[112.6945024, -7.352126899999999], [112.694421, -7.3522633], [112.69408909999999, -7.352787299999998]]}}, {"type": "Feature", "properties": {"layer": "osm_road", "stroke": "#999999"}, "geometry": {"type": "LineString", "coordinates": [[112.6945353, -7.3520684], [112.6945024, -7.352126899999999]]}}, {"type": "Feature", "properties": {"layer": "osm_road", "stroke": "#999999"}, "geometry": {"type": "LineString", "coordinates": [[112.69667159999999, -7.345749199999999], [112.6966039, -7.3459622000000016], [112.69653479999998, -7.346177499999998], [112.6965228, -7.346234700000001], [112.6965053, -7.346294499999999], [112.69648089999998, -7.3464361]]}}, {"type": "Feature", "properties": {"layer": "osm_road", "stroke": "#999999"}, "geometry": {"type": "LineString", "coordinates": [[112.69733729999999, -7.344895600000001], [112.69723759999998, -7.345025600000001], [112.6972161, -7.3450722], [112.69719059999998, -7.345105399999999], [112.69714909999999, -7.3451585999999995], [112.69703639999999, -7.3452503999999985], [112.69679099999999, -7.345395399999999], [112.69671319999999, -7.3454353], [112.6966287, -7.3454872], [112.69657370000002, -7.345540400000002]]}}, {"type": "Feature", "properties": {"layer": "osm_road", "stroke": "#999999"}, "geometry": {"type": "LineString", "coordinates": [[112.69572349999999, -7.344838099999998], [112.6960467, -7.344866]]}}, {"type": "Feature", "properties": {"layer": "osm_road", "stroke": "#999999"}, "geometry": {"type": "LineString", "coordinates": [[112.6957141, -7.3449032], [112.6957181, -7.344887299999996], [112.69572349999999, -7.344838099999998], [112.69572749999999, -7.344650499999998], [112.6957516, -7.344433699999999], [112.69576179999999, -7.344356999999999]]}}, {"type": "Feature", "properties": {"layer": "osm_road", "stroke": "#999999"}, "geometry": {"type": "LineString", "coordinates": [[112.69354019999999, -7.3460578], [112.6939492, -7.346089700000001], [112.6941007, -7.346116299999999], [112.6942992, -7.3461561999999985], [112.69440109999998, -7.346174700000002], [112.69468079999999, -7.346225399999999], [112.69478129999999, -7.3462439999999996]]}}, {"type": "Feature", "properties": {"layer": "osm_road", "stroke": "#999999"}, "geometry": {"type": "LineString", "coordinates": [[112.6937024, -7.345681300000002], [112.69397999999998, -7.345814399999997]]}}, {"type": "Feature", "properties": {"layer": "osm_road", "stroke": "#999999"}, "geometry": {"type": "LineString", "coordinates": [[112.69484819999998, -7.3459056], [112.6946962, -7.345875500000001], [112.69431799999998, -7.3457851000000005], [112.6941544, -7.345739899999998]]}}, {"type": "Feature", "properties": {"layer": "osm_road", "stroke": "#999999"}, "geometry": {"type": "LineString", "coordinates": [[112.69254479999998, -7.348365500000001], [112.6925377, -7.348361200000001], [112.6925332, -7.348353700000001], [112.6925295, -7.3483455000000015], [112.69252849999998, -7.348339900000001], [112.692529, -7.3483341], [112.6926336, -7.348064900000002]]}}, {"type": "Feature", "properties": {"layer": "osm_road", "stroke": "#999999"}, "geometry": {"type": "LineString", "coordinates": [[112.6925993, -7.3483422], [112.69254479999998, -7.348365500000001]]}}, {"type": "Feature", "properties": {"layer": "osm_road", "stroke": "#999999"}, "geometry": {"type": "LineString", "coordinates": [[112.6987852, -7.341526100000001], [112.69895289999998, -7.341612600000001], [112.69910569999999, -7.341665800000001], [112.6993109, -7.341719]]}}, {"type": "Feature", "properties": {"layer": "osm_road", "stroke": "#999999"}, "geometry": {"type": "LineString", "coordinates": [[112.70189537728089, -7.339596112874653], [112.7018698, -7.339590800000001], [112.70174369999998, -7.339538899999998], [112.7015157, -7.3394165000000005], [112.70148969999998, -7.3393988000000006]]}}, {"type": "Feature", "properties": {"layer": "osm_road", "stroke": "#999999"}, "geometry": {"type": "LineString", "coordinates": [[112.7009571, -7.3407878], [112.70116429999999, -7.340878300000002], [112.70121259999999, -7.340898300000003], [112.701285, -7.340923599999998], [112.70141109999999, -7.340959499999999]]}}, {"type": "Feature", "properties": {"layer": "osm_road", "stroke": "#999999"}, "geometry": {"type": "LineString", "coordinates": [[112.7004652, -7.342518099999999], [112.6998071, -7.342278900000001]]}}, {"type": "Feature", "properties": {"layer": "osm_road", "stroke": "#999999"}, "geometry": {"type": "LineString", "coordinates": [[112.700984, -7.3481912], [112.70094239999999, -7.348189900000001]]}}, {"type": "Feature", "properties": {"layer": "osm_road", "stroke": "#999999"}, "geometry": {"type": "LineString", "coordinates": [[112.70100199999999, -7.3481866], [112.700984, -7.3481912]]}}, {"type": "Feature", "properties": {"layer": "osm_road", "stroke": "#999999"}, "geometry": {"type": "LineString", "coordinates": [[112.70094239999999, -7.348189900000001], [112.700819, -7.3481885999999985], [112.70075869999998, -7.348184600000001], [112.7007084, -7.348173299999998], [112.70064259999998, -7.348160600000001], [112.7005186, -7.348161999999999], [112.7005025, -7.3481630000000004], [112.7004945, -7.348161], [112.70048139999999, -7.3481502999999995], [112.70046759999998, -7.3481234], [112.7004609, -7.348063499999999], [112.7004556, -7.3479678], [112.70044209999999, -7.3478181]]}}, {"type": "Feature", "properties": {"layer": "osm_road", "stroke": "#999999"}, "geometry": {"type": "LineString", "coordinates": [[112.70121199999998, -7.348782400000001], [112.701242, -7.3487882], [112.70124409999998, -7.3487898], [112.70124499999999, -7.3487919], [112.70124109999999, -7.348825999999999], [112.70124139999999, -7.3488301], [112.7012428, -7.3488327], [112.701285, -7.348842800000001], [112.7012983, -7.348849600000001], [112.70131049999999, -7.3488564], [112.7013333, -7.348868699999999], [112.70136749999999, -7.348882499999997]]}}, {"type": "Feature", "properties": {"layer": "osm_road", "stroke": "#999999"}, "geometry": {"type": "LineString", "coordinates": [[112.70015609999999, -7.3437121], [112.70047229999999, -7.343902999999998], [112.7005421, -7.343906300000001], [112.7006192, -7.343903699999998], [112.70068419999998, -7.343905699999998], [112.7007667, -7.343922300000001], [112.7008036, -7.343934299999999], [112.70083579999998, -7.3439462], [112.70086859999999, -7.343956199999999]]}}, {"type": "Feature", "properties": {"layer": "osm_road", "stroke": "#999999"}, "geometry": {"type": "LineString", "coordinates": [[112.6964113, -7.345320000000001], [112.69645969999999, -7.3450642]]}}, {"type": "Feature", "properties": {"layer": "osm_road", "stroke": "#999999"}, "geometry": {"type": "LineString", "coordinates": [[112.6960561, -7.345942799999999], [112.69605129999998, -7.345911399999999]]}}, {"type": "Feature", "properties": {"layer": "osm_road", "stroke": "#999999"}, "geometry": {"type": "LineString", "coordinates": [[112.6960677, -7.345994899999998], [112.6960561, -7.345942799999999]]}}, {"type": "Feature", "properties": {"layer": "osm_road", "stroke": "#999999"}, "geometry": {"type": "LineString", "coordinates": [[112.69605129999998, -7.345911399999999], [112.69604869999999, -7.345820299999999], [112.6960212, -7.345439300000001], [112.696014, -7.345317900000003]]}}, {"type": "Feature", "properties": {"layer": "osm_road", "stroke": "#999999"}, "geometry": {"type": "LineString", "coordinates": [[112.69005349999999, -7.347795199999999], [112.69010859999999, -7.347794199999998]]}}, {"type": "Feature", "properties": {"layer": "osm_road", "stroke": "#999999"}, "geometry": {"type": "LineString", "coordinates": [[112.69529029999998, -7.3463331], [112.6953346, -7.346080399999996], [112.69535599999999, -7.345908800000001], [112.69535329999998, -7.3458369999999995], [112.6953386, -7.345815699999999], [112.69529700000001, -7.3457971], [112.6951709, -7.345761199999997], [112.6949121, -7.345686500000001]]}}, {"type": "Feature", "properties": {"layer": "osm_road", "stroke": "#999999"}, "geometry": {"type": "LineString", "coordinates": [[112.69275959999999, -7.345606900000001], [112.69281329999998, -7.3454193000000005], [112.69284279999998, -7.3453102999999995], [112.69286519999999, -7.345180299999999], [112.69287759999999, -7.3451048000000005], [112.69287969999999, -7.345053899999999], [112.69286929999998, -7.344938800000001], [112.69285759999998, -7.3448687999999995]]}}, {"type": "Feature", "properties": {"layer": "osm_road", "stroke": "#999999"}, "geometry": {"type": "LineString", "coordinates": [[112.6933436, -7.345868299999999], [112.69317139999998, -7.345807200000001], [112.6931236, -7.345785799999998], [112.69295409999998, -7.3457026], [112.6928398, -7.3456434], [112.69275959999999, -7.345606900000001]]}}, {"type": "Feature", "properties": {"layer": "osm_road", "stroke": "#999999"}, "geometry": {"type": "LineString", "coordinates": [[112.6934804, -7.3462521], [112.6933275, -7.346213], [112.69310899999999, -7.346157200000001], [112.69290719999998, -7.346098999999997], [112.6926604, -7.3460165], [112.6924351, -7.345934099999998], [112.6922869, -7.3458835]]}}, {"type": "Feature", "properties": {"layer": "osm_road", "stroke": "#999999"}, "geometry": {"type": "LineString", "coordinates": [[112.6900023, -7.3486907000000015], [112.68993049999999, -7.3486972999999995]]}}, {"type": "Feature", "properties": {"layer": "osm_road", "stroke": "#999999"}, "geometry": {"type": "LineString", "coordinates": [[112.69002939999999, -7.348686499999998], [112.6900023, -7.3486907000000015]]}}, {"type": "Feature", "properties": {"layer": "osm_road", "stroke": "#999999"}, "geometry": {"type": "LineString", "coordinates": [[112.6940817, -7.3450589], [112.6942931, -7.345134700000001]]}}, {"type": "Feature", "properties": {"layer": "osm_road", "stroke": "#999999"}, "geometry": {"type": "LineString", "coordinates": [[112.6897582, -7.3462439999999996], [112.689659, -7.346286499999999]]}}, {"type": "Feature", "properties": {"layer": "osm_road", "stroke": "#999999"}, "geometry": {"type": "LineString", "coordinates": [[112.69173079999999, -7.345464099999998], [112.69004379999998, -7.346121100000001], [112.689919, -7.346169400000002], [112.68980939999999, -7.346222]]}}, {"type": "Feature", "properties": {"layer": "osm_road", "stroke": "#999999"}, "geometry": {"type": "LineString", "coordinates": [[112.69302149999999, -7.343514499999999], [112.692898, -7.343566200000001]]}}, {"type": "Feature", "properties": {"layer": "osm_road", "stroke": "#999999"}, "geometry": {"type": "LineString", "coordinates": [[112.69473609999999, -7.342569699999999], [112.69460209999998, -7.342671799999999], [112.69441989999999, -7.342814299999999], [112.6942925, -7.342905400000002], [112.6941537, -7.342987899999999], [112.6937024, -7.343220699999996], [112.6932815, -7.343409299999999], [112.69319099999998, -7.343441700000001]]}}, {"type": "Feature", "properties": {"layer": "osm_road", "stroke": "#999999"}, "geometry": {"type": "LineString", "coordinates": [[112.6930517, -7.343283199999998], [112.693063, -7.343318199999998], [112.6930893, -7.343361899999998], [112.69319099999998, -7.343441700000001]]}}, {"type": "Feature", "properties": {"layer": "osm_road", "stroke": "#999999"}, "geometry": {"type": "LineString", "coordinates": [[112.692898, -7.343566200000001], [112.69270060000001, -7.343649900000001]]}}, {"type": "Feature", "properties": {"layer": "osm_road", "stroke": "#999999"}, "geometry": {"type": "LineString", "coordinates": [[112.66476009999998, -7.342924100000003], [112.6647761, -7.342962600000001], [112.6648777, -7.343226799999998]]}}, {"type": "Feature", "properties": {"layer": "osm_road", "stroke": "#999999"}, "geometry": {"type": "LineString", "coordinates": [[112.68215019999998, -7.347563399999999], [112.6821408, -7.3473467]]}}, {"type": "Feature", "properties": {"layer": "osm_road", "stroke": "#999999"}, "geometry": {"type": "LineString", "coordinates": [[112.68742939999998, -7.363428800000001], [112.68742739999999, -7.363522899999999], [112.68742499999999, -7.363627199999999], [112.68738719999999, -7.363915299999999]]}}, {"type": "Feature", "properties": {"layer": "osm_road", "stroke": "#999999"}, "geometry": {"type": "LineString", "coordinates": [[112.68783279999998, -7.363536], [112.6880148, -7.363495699999998], [112.6880304, -7.363491299999998], [112.68812339999998, -7.3634741], [112.6881576, -7.3634577], [112.68817339999998, -7.363443100000002], [112.68820819999999, -7.363409]]}}, {"type": "Feature", "properties": {"layer": "osm_road", "stroke": "#999999"}, "geometry": {"type": "LineString", "coordinates": [[112.68781159999999, -7.3639745], [112.6878311, -7.3636799], [112.6878364, -7.3635655], [112.68783279999998, -7.363536], [112.68782439999998, -7.3634671], [112.68781229999999, -7.3632728999999975], [112.6878043, -7.3632024000000005]]}}, {"type": "Feature", "properties": {"layer": "osm_road", "stroke": "#999999"}, "geometry": {"type": "LineString", "coordinates": [[112.70005789999999, -7.3599775], [112.7001424, -7.3603089], [112.70020139999998, -7.360564900000001]]}}, {"type": "Feature", "properties": {"layer": "osm_road", "stroke": "#999999"}, "geometry": {"type": "LineString", "coordinates": [[112.66348229999998, -7.361489700000002], [112.66236950477963, -7.361203211681886]]}}, {"type": "Feature", "properties": {"layer": "osm_road", "stroke": "#999999"}, "geometry": {"type": "LineString", "coordinates": [[112.69394889999998, -7.355958599999998], [112.69399879999999, -7.356306000000003]]}}, {"type": "Feature", "properties": {"layer": "osm_road", "stroke": "#999999"}, "geometry": {"type": "LineString", "coordinates": [[112.6937489, -7.341246399999999], [112.6938945, -7.341084500000002], [112.69404699999998, -7.340918900000002], [112.6941175, -7.340846399999998]]}}, {"type": "Feature", "properties": {"layer": "osm_road", "stroke": "#999999"}, "geometry": {"type": "LineString", "coordinates": [[112.6880057, -7.3754495], [112.68792460000002, -7.3757397]]}}, {"type": "Feature", "properties": {"layer": "osm_road", "stroke": "#999999"}, "geometry": {"type": "LineString", "coordinates": [[112.69031649999998, -7.341859200000001], [112.69052129999999, -7.341939800000002], [112.69063929999999, -7.341963699999999], [112.6907493, -7.341971700000002], [112.6907802, -7.3419596999999985], [112.6908043, -7.341942399999999], [112.69081569999999, -7.3419138], [112.6908231, -7.341878599999997], [112.6908177, -7.3418399999999995], [112.69080089999999, -7.341809400000001], [112.69077809999999, -7.341783500000001], [112.69042339999999, -7.341531399999997]]}}, {"type": "Feature", "properties": {"layer": "osm_road", "stroke": "#999999"}, "geometry": {"type": "LineString", "coordinates": [[112.68813289999999, -7.341094699999999], [112.68821399999999, -7.340615]]}}, {"type": "Feature", "properties": {"layer": "osm_road", "stroke": "#999999"}, "geometry": {"type": "LineString", "coordinates": [[112.6873721, -7.3409759999999995], [112.68736169999998, -7.341023300000001], [112.68732279999999, -7.341252100000001], [112.68733349999998, -7.341330599999998], [112.6873644, -7.341371799999998], [112.6874059, -7.341395799999999], [112.687465, -7.3414064], [112.6880617, -7.341459599999999]]}}, {"type": "Feature", "properties": {"layer": "osm_road", "stroke": "#999999"}, "geometry": {"type": "LineString", "coordinates": [[112.69019009999998, -7.342247000000001], [112.69031649999998, -7.341859200000001], [112.69042339999999, -7.341531399999997], [112.69048529999999, -7.3413415]]}}, {"type": "Feature", "properties": {"layer": "osm_road", "stroke": "#999999"}, "geometry": {"type": "LineString", "coordinates": [[112.69017429999998, -7.341295400000001], [112.69010159999999, -7.341656499999999], [112.69003179999999, -7.3419544], [112.69000769999998, -7.342016899999999], [112.6899701, -7.3420594999999995], [112.68993529999999, -7.342075399999998], [112.68909979999998, -7.34211]]}}, {"type": "Feature", "properties": {"layer": "osm_road", "stroke": "#999999"}, "geometry": {"type": "LineString", "coordinates": [[112.68920299999999, -7.3405764], [112.6894464, -7.340597700000001], [112.68964019999999, -7.3405957000000015], [112.68967169999999, -7.340604299999998], [112.6896858, -7.340620299999999], [112.68969719999998, -7.340644899999998], [112.6896858, -7.3409036], [112.6896825, -7.3409388999999985], [112.68967039999998, -7.3409861], [112.6896382, -7.341035999999998], [112.68953229999998, -7.3411902], [112.68947789999999, -7.341298499999999]]}}, {"type": "Feature", "properties": {"layer": "osm_road", "stroke": "#999999"}, "geometry": {"type": "LineString", "coordinates": [[112.689111, -7.3412474], [112.68920029999998, -7.3406687999999995], [112.68920299999999, -7.3405764], [112.68919099999998, -7.340516499999999], [112.68918089999998, -7.340444100000001], [112.6891715, -7.340342999999998], [112.68916279999999, -7.3402558], [112.6891534, -7.340195999999999], [112.68914269999999, -7.3401681000000005], [112.68910449999998, -7.340106199999999]]}}, {"type": "Feature", "properties": {"layer": "osm_road", "stroke": "#999999"}, "geometry": {"type": "LineString", "coordinates": [[112.6893559, -7.341285599999996], [112.6894464, -7.340597700000001]]}}, {"type": "Feature", "properties": {"layer": "osm_road", "stroke": "#999999"}, "geometry": {"type": "LineString", "coordinates": [[112.70055309999998, -7.366858], [112.70054859999999, -7.366950099999999]]}}, {"type": "Feature", "properties": {"layer": "osm_road", "stroke": "#999999"}, "geometry": {"type": "LineString", "coordinates": [[112.6878138, -7.376060400000001], [112.6866442, -7.375630199999999]]}}, {"type": "Feature", "properties": {"layer": "osm_road", "stroke": "#999999"}, "geometry": {"type": "LineString", "coordinates": [[112.69140009999998, -7.376719100000001], [112.69135829999999, -7.376789999999999]]}}, {"type": "Feature", "properties": {"layer": "osm_road", "stroke": "#999999"}, "geometry": {"type": "LineString", "coordinates": [[112.68761889999999, -7.376576400000001], [112.6869255, -7.376315199999999]]}}, {"type": "Feature", "properties": {"layer": "osm_road", "stroke": "#999999"}, "geometry": {"type": "LineString", "coordinates": [[112.68761889999999, -7.376576400000001], [112.687886, -7.376679299999998]]}}, {"type": "Feature", "properties": {"layer": "osm_road", "stroke": "#999999"}, "geometry": {"type": "LineString", "coordinates": [[112.69135829999999, -7.376789999999999], [112.6907468, -7.3764795], [112.68982079999999, -7.376191900000001], [112.68955259999998, -7.376136000000002], [112.6892768, -7.3760954], [112.68899969999998, -7.376038], [112.6887361, -7.3759596], [112.68847049999998, -7.375875799999998], [112.6882145, -7.375802700000002], [112.68792460000002, -7.3757397], [112.6866442, -7.375630199999999]]}}, {"type": "Feature", "properties": {"layer": "osm_road", "stroke": "#999999"}, "geometry": {"type": "LineString", "coordinates": [[112.70189537728089, -7.365257004848563], [112.70111749999998, -7.3653205999999996], [112.701091, -7.3653227999999995]]}}, {"type": "Feature", "properties": {"layer": "osm_road", "stroke": "#999999"}, "geometry": {"type": "LineString", "coordinates": [[112.7008418, -7.366990000000001], [112.7005462, -7.366967599999996]]}}, {"type": "Feature", "properties": {"layer": "osm_road", "stroke": "#999999"}, "geometry": {"type": "LineString", "coordinates": [[112.6978868, -7.368098799999999], [112.6978763, -7.368212899999997]]}}, {"type": "Feature", "properties": {"layer": "osm_road", "stroke": "#999999"}, "geometry": {"type": "LineString", "coordinates": [[112.68716529999999, -7.373123100000001], [112.68713709999999, -7.3732262], [112.6871102, -7.373247400000001], [112.687076, -7.373258699999998], [112.6856397, -7.373201500000001], [112.68552079999999, -7.3731929], [112.68455649999999, -7.373146199999999], [112.684412, -7.373136400000001], [112.68431739999998, -7.3731377]]}}, {"type": "Feature", "properties": {"layer": "osm_road", "stroke": "#999999"}, "geometry": {"type": "LineString", "coordinates": [[112.68716529999999, -7.373123100000001], [112.68712429999998, -7.373050499999999], [112.68712139999998, -7.3730329999999995], [112.6871317, -7.372885699999999], [112.68713519999999, -7.372826299999999], [112.6871437, -7.372730800000001]]}}, {"type": "Feature", "properties": {"layer": "osm_road", "stroke": "#999999"}, "geometry": {"type": "LineString", "coordinates": [[112.69417649999998, -7.360453800000001], [112.69480879999999, -7.360436499999999], [112.6949228, -7.360412600000001], [112.69504239999999, -7.360375599999999]]}}, {"type": "Feature", "properties": {"layer": "osm_road", "stroke": "#999999"}, "geometry": {"type": "LineString", "coordinates": [[112.6984345, -7.3679037], [112.69840969999998, -7.368155200000001]]}}, {"type": "Feature", "properties": {"layer": "osm_road", "stroke": "#999999"}, "geometry": {"type": "LineString", "coordinates": [[112.6982047, -7.3681344000000015], [112.69822789999999, -7.3679187000000015], [112.6982461, -7.3677465], [112.6982494, -7.367713200000001], [112.69825819999998, -7.3676946], [112.6982743, -7.367680600000001], [112.69831309999998, -7.367674599999999], [112.69892199999998, -7.367658700000002]]}}, {"type": "Feature", "properties": {"layer": "osm_road", "stroke": "#999999"}, "geometry": {"type": "LineString", "coordinates": [[112.69921219999999, -7.3676507], [112.6991575, -7.368093], [112.6991395, -7.368238899999998]]}}, {"type": "Feature", "properties": {"layer": "osm_road", "stroke": "#999999"}, "geometry": {"type": "LineString", "coordinates": [[112.6963766, -7.3642212], [112.696386, -7.3639552]]}}, {"type": "Feature", "properties": {"layer": "osm_road", "stroke": "#999999"}, "geometry": {"type": "LineString", "coordinates": [[112.68576279999999, -7.3698571], [112.68577449999998, -7.3695838]]}}, {"type": "Feature", "properties": {"layer": "osm_road", "stroke": "#999999"}, "geometry": {"type": "LineString", "coordinates": [[112.6858711, -7.369583199999998], [112.68585599999999, -7.369872399999998]]}}, {"type": "Feature", "properties": {"layer": "osm_road", "stroke": "#999999"}, "geometry": {"type": "LineString", "coordinates": [[112.6846258, -7.3698087], [112.6845521, -7.3698067], [112.68414569999999, -7.369790000000001]]}}, {"type": "Feature", "properties": {"layer": "osm_road", "stroke": "#999999"}, "geometry": {"type": "LineString", "coordinates": [[112.68459899999999, -7.370221], [112.6846258, -7.3698087], [112.6855621, -7.369833900000001], [112.68576279999999, -7.3698571]]}}, {"type": "Feature", "properties": {"layer": "osm_road", "stroke": "#999999"}, "geometry": {"type": "LineString", "coordinates": [[112.67845539999999, -7.3733811], [112.678446, -7.3730353], [112.6784299, -7.3730127], [112.67840309999998, -7.3729994], [112.67765479999998, -7.372986099999999], [112.6776226, -7.3729941], [112.6775864, -7.3730167], [112.67744689999999, -7.3731936]]}}, {"type": "Feature", "properties": {"layer": "osm_road", "stroke": "#999999"}, "geometry": {"type": "LineString", "coordinates": [[112.67865389999999, -7.3733798], [112.67845539999999, -7.3733811], [112.67844739999998, -7.3742935], [112.67843529999999, -7.374324100000001], [112.67840849999999, -7.374341399999998], [112.678277, -7.374345399999999], [112.67759039999999, -7.374361299999998]]}}, {"type": "Feature", "properties": {"layer": "osm_road", "stroke": "#999999"}, "geometry": {"type": "LineString", "coordinates": [[112.6788906, -7.374423200000002], [112.6788966, -7.373250800000001]]}}, {"type": "Feature", "properties": {"layer": "osm_road", "stroke": "#999999"}, "geometry": {"type": "LineString", "coordinates": [[112.67964499999998, -7.374449099999999], [112.6788906, -7.374423200000002], [112.67882159999999, -7.3744238]]}}, {"type": "Feature", "properties": {"layer": "osm_road", "stroke": "#999999"}, "geometry": {"type": "LineString", "coordinates": [[112.68035709999998, -7.3747962], [112.68035169999999, -7.3745808]]}}, {"type": "Feature", "properties": {"layer": "osm_road", "stroke": "#999999"}, "geometry": {"type": "LineString", "coordinates": [[112.68035709999998, -7.374844100000001], [112.68035709999998, -7.3747962]]}}, {"type": "Feature", "properties": {"layer": "osm_road", "stroke": "#999999"}, "geometry": {"type": "LineString", "coordinates": [[112.6803303, -7.375482499999999], [112.68035160000001, -7.374962500000002], [112.68035629999999, -7.374880499999999], [112.68035709999998, -7.374844100000001]]}}, {"type": "Feature", "properties": {"layer": "osm_road", "stroke": "#999999"}, "geometry": {"type": "LineString", "coordinates": [[112.6833798, -7.3759442], [112.6825726, -7.375918799999999]]}}, {"type": "Feature", "properties": {"layer": "osm_road", "stroke": "#999999"}, "geometry": {"type": "LineString", "coordinates": [[112.68389429999999, -7.373195599999999], [112.683937, -7.373299200000003]]}}, {"type": "Feature", "properties": {"layer": "osm_road", "stroke": "#999999"}, "geometry": {"type": "LineString", "coordinates": [[112.6819879, -7.369372399999998], [112.68194759999999, -7.369544], [112.68193829999998, -7.369634400000001], [112.68197579999999, -7.369710199999998], [112.68203479999998, -7.3697555], [112.6820482, -7.369816599999998], [112.68201599999999, -7.3699523000000005], [112.6820053, -7.370049399999998], [112.68202679999999, -7.3701305], [112.68206159999998, -7.3701997], [112.6821958, -7.370476299999997], [112.68225209999999, -7.370528199999998], [112.68230569999999, -7.370541499999999], [112.68241169999999, -7.3705681], [112.6824452, -7.370582700000001], [112.68245989999998, -7.370615999999999], [112.6824291, -7.370754299999999]]}}, {"type": "Feature", "properties": {"layer": "osm_road", "stroke": "#999999"}, "geometry": {"type": "LineString", "coordinates": [[112.6838654, -7.3708993], [112.68379299999998, -7.3708181999999995], [112.6837742, -7.3707783000000004], [112.6837836, -7.370742299999998], [112.6840505, -7.3705029], [112.68409479999998, -7.370476299999997], [112.68412289999999, -7.3704883], [112.6842208, -7.3705774], [112.68432259999999, -7.370672199999998]]}}, {"type": "Feature", "properties": {"layer": "osm_road", "stroke": "#999999"}, "geometry": {"type": "LineString", "coordinates": [[112.68308089999998, -7.371260400000001], [112.6832096, -7.371154599999998], [112.6834913, -7.370920600000002], [112.6835248, -7.370907299999998], [112.68355289999998, -7.3709152], [112.68358779999998, -7.3709365], [112.6836894, -7.371056499999999]]}}, {"type": "Feature", "properties": {"layer": "osm_road", "stroke": "#999999"}, "geometry": {"type": "LineString", "coordinates": [[112.68297290000001, -7.3713581], [112.68300039999998, -7.3714033999999975]]}}, {"type": "Feature", "properties": {"layer": "osm_road", "stroke": "#999999"}, "geometry": {"type": "LineString", "coordinates": [[112.68302319999998, -7.371207899999999], [112.68291799999999, -7.3713025000000005]]}}, {"type": "Feature", "properties": {"layer": "osm_road", "stroke": "#999999"}, "geometry": {"type": "LineString", "coordinates": [[112.68308089999998, -7.371260400000001], [112.68297290000001, -7.3713581], [112.68291799999999, -7.3713025000000005], [112.6827188, -7.3710589], [112.6827067, -7.371016299999998], [112.68271610000001, -7.3709764], [112.6827402, -7.370959100000001], [112.6827684, -7.370949800000001], [112.68280999999999, -7.370960499999998], [112.682989, -7.3711753], [112.68302319999998, -7.371207899999999], [112.68305, -7.371233799999998], [112.68308089999998, -7.371260400000001]]}}, {"type": "Feature", "properties": {"layer": "osm_road", "stroke": "#999999"}, "geometry": {"type": "LineString", "coordinates": [[112.68105469999999, -7.373049800000003], [112.6810715, -7.372895100000001]]}}, {"type": "Feature", "properties": {"layer": "osm_road", "stroke": "#999999"}, "geometry": {"type": "LineString", "coordinates": [[112.6804321, -7.373040800000001], [112.6804376, -7.3728668]]}}, {"type": "Feature", "properties": {"layer": "osm_road", "stroke": "#999999"}, "geometry": {"type": "LineString", "coordinates": [[112.6823283, -7.373219100000002], [112.6823457, -7.373151799999998]]}}, {"type": "Feature", "properties": {"layer": "osm_road", "stroke": "#999999"}, "geometry": {"type": "LineString", "coordinates": [[112.68504559999998, -7.372295799999999], [112.68503489999999, -7.372186699999999], [112.6850201, -7.372158800000002], [112.68498929999998, -7.372142900000001], [112.68462039999999, -7.372122900000001], [112.68439649999999, -7.3721056], [112.68437369999998, -7.372087], [112.68437239999999, -7.3720511], [112.68439649999999, -7.371628100000001], [112.6844086, -7.371601499999998], [112.6844273, -7.371597499999999], [112.6846624, -7.371616400000001]]}}, {"type": "Feature", "properties": {"layer": "osm_road", "stroke": "#999999"}, "geometry": {"type": "LineString", "coordinates": [[112.6855911, -7.3721589000000005], [112.685232, -7.372141500000001], [112.68519849999998, -7.3721282], [112.68517029999998, -7.372104299999998], [112.6851717, -7.371790399999998], [112.6851824, -7.371749199999999], [112.6852092, -7.371721199999999], [112.6852401, -7.371713299999998], [112.68561969999999, -7.3717294]]}}, {"type": "Feature", "properties": {"layer": "osm_road", "stroke": "#999999"}, "geometry": {"type": "LineString", "coordinates": [[112.67030819999998, -7.349778], [112.67028409999999, -7.3498617999999984], [112.67025319999999, -7.349901699999998], [112.6701862, -7.349920300000001], [112.6701312, -7.349920300000001], [112.6700802, -7.349891100000001], [112.670048, -7.349839200000003], [112.67003859999998, -7.349785699999999]]}}, {"type": "Feature", "properties": {"layer": "osm_road", "stroke": "#999999"}, "geometry": {"type": "LineString", "coordinates": [[112.6721683, -7.346522], [112.67239259999998, -7.3464944], [112.6725606, -7.3464861], [112.67268999999999, -7.3464794]]}}, {"type": "Feature", "properties": {"layer": "osm_road", "stroke": "#999999"}, "geometry": {"type": "LineString", "coordinates": [[112.6699126, -7.345277], [112.66992329999998, -7.3457851000000005], [112.66990860000001, -7.3462679], [112.6699018, -7.346403600000001], [112.6699045, -7.3464648], [112.6699045, -7.34651], [112.6699139, -7.3465566], [112.6699327, -7.346607099999998], [112.6699743, -7.346665599999999], [112.67006139999998, -7.3467255], [112.67071459999998, -7.347236200000001]]}}, {"type": "Feature", "properties": {"layer": "osm_road", "stroke": "#999999"}, "geometry": {"type": "LineString", "coordinates": [[112.6708574, -7.3463305], [112.6711947, -7.346321100000002], [112.67162779999998, -7.346301199999998], [112.67191619999998, -7.346294499999999], [112.67201009999998, -7.3462852], [112.67203289999999, -7.346271900000001], [112.67204899999999, -7.346238700000001], [112.672061, -7.3457212]]}}, {"type": "Feature", "properties": {"layer": "osm_road", "stroke": "#999999"}, "geometry": {"type": "LineString", "coordinates": [[112.6746856, -7.3425344], [112.6747406, -7.342450499999998], [112.6747888, -7.342175199999999], [112.67480489999998, -7.3420355], [112.6748458, -7.341848700000001], [112.67488539999998, -7.341578599999999], [112.6748807, -7.341526100000001], [112.6748586, -7.341500199999998], [112.6747754, -7.341483499999999], [112.67470699999998, -7.341487199999999], [112.67457479999999, -7.341498499999998]]}}, {"type": "Feature", "properties": {"layer": "osm_road", "stroke": "#999999"}, "geometry": {"type": "LineString", "coordinates": [[112.67508789999998, -7.345395399999999], [112.67507989999999, -7.3444749]]}}, {"type": "Feature", "properties": {"layer": "osm_road", "stroke": "#999999"}, "geometry": {"type": "LineString", "coordinates": [[112.6722126, -7.3469862], [112.67273029999998, -7.3469781]]}}, {"type": "Feature", "properties": {"layer": "osm_road", "stroke": "#999999"}, "geometry": {"type": "LineString", "coordinates": [[112.67514819999998, -7.3474903], [112.6747204, -7.347492899999999]]}}, {"type": "Feature", "properties": {"layer": "osm_road", "stroke": "#999999"}, "geometry": {"type": "LineString", "coordinates": [[112.67516429999999, -7.347625900000001], [112.67514819999998, -7.3474903], [112.67509589999999, -7.346385000000001], [112.67577589999999, -7.3463663]]}}, {"type": "Feature", "properties": {"layer": "osm_road", "stroke": "#999999"}, "geometry": {"type": "LineString", "coordinates": [[112.67446029999999, -7.3464089], [112.67509589999999, -7.346385000000001], [112.6750919, -7.3454632], [112.6750919, -7.345430000000001], [112.67508789999998, -7.345395399999999], [112.6750302, -7.345388699999996], [112.67446909999998, -7.3453994000000025]]}}, {"type": "Feature", "properties": {"layer": "osm_road", "stroke": "#999999"}, "geometry": {"type": "LineString", "coordinates": [[112.6744146, -7.3432205999999995], [112.67450849999999, -7.343216700000001], [112.67461719999999, -7.343211300000001], [112.6746735, -7.343192699999999], [112.6747151, -7.343131499999998], [112.67472979999998, -7.3430317999999986], [112.67472179999999, -7.342913400000002], [112.67470839999999, -7.342856200000001], [112.6746856, -7.342791000000002], [112.6746722, -7.342709900000001], [112.6746856, -7.3425344], [112.6746319, -7.342517700000001], [112.6745709, -7.342497699999998], [112.6745065, -7.3424818], [112.67444219999999, -7.342468499999999]]}}, {"type": "Feature", "properties": {"layer": "osm_road", "stroke": "#999999"}, "geometry": {"type": "LineString", "coordinates": [[112.6745501, -7.3416657], [112.674414, -7.341651800000002], [112.6743862, -7.341659100000002], [112.67436909999999, -7.3416817], [112.67427449999998, -7.3420941], [112.6739748, -7.342047499999998]]}}, {"type": "Feature", "properties": {"layer": "osm_road", "stroke": "#999999"}, "geometry": {"type": "LineString", "coordinates": [[112.67244859999998, -7.3423016], [112.6732036, -7.341955699999997], [112.6738313, -7.341723000000002], [112.6744509, -7.3414689], [112.6745843, -7.341434300000002], [112.6745971, -7.341335899999998], [112.6746091, -7.341289299999996], [112.67462120000002, -7.3412175]]}}, {"type": "Feature", "properties": {"layer": "osm_road", "stroke": "#999999"}, "geometry": {"type": "LineString", "coordinates": [[112.6717901, -7.342741799999999], [112.6717378, -7.343283199999998]]}}, {"type": "Feature", "properties": {"layer": "osm_road", "stroke": "#999999"}, "geometry": {"type": "LineString", "coordinates": [[112.672472, -7.342870900000001], [112.6723607, -7.342852099999999]]}}, {"type": "Feature", "properties": {"layer": "osm_road", "stroke": "#999999"}, "geometry": {"type": "LineString", "coordinates": [[112.6723607, -7.342852099999999], [112.6717901, -7.342741799999999]]}}, {"type": "Feature", "properties": {"layer": "osm_road", "stroke": "#999999"}, "geometry": {"type": "LineString", "coordinates": [[112.67444219999999, -7.342468499999999], [112.67433689999999, -7.342452500000003], [112.67369179999999, -7.3423940000000005], [112.67244859999998, -7.3423016], [112.67204629999999, -7.3422743], [112.671943, -7.342265000000002], [112.6718967, -7.342265600000001], [112.67186659999999, -7.342288299999999], [112.6718411, -7.3423388], [112.6718025, -7.342620800000002], [112.6717901, -7.342741799999999]]}}, {"type": "Feature", "properties": {"layer": "osm_road", "stroke": "#999999"}, "geometry": {"type": "LineString", "coordinates": [[112.67441060000002, -7.3431648], [112.67441329999998, -7.3430504], [112.67440259999998, -7.342920099999998], [112.67444219999999, -7.342468499999999], [112.674475, -7.342271000000002], [112.6745501, -7.3416657], [112.67457479999999, -7.341498499999998], [112.6745843, -7.341434300000002]]}}, {"type": "Feature", "properties": {"layer": "osm_road", "stroke": "#999999"}, "geometry": {"type": "LineString", "coordinates": [[112.67871979999998, -7.3762914], [112.67900789999999, -7.376315100000001], [112.6792681, -7.3763895999999995], [112.67952559999999, -7.3765492], [112.67995879999998, -7.376871000000002]]}}, {"type": "Feature", "properties": {"layer": "osm_road", "stroke": "#999999"}, "geometry": {"type": "LineString", "coordinates": [[112.68263699999999, -7.3722626], [112.6833263, -7.372298500000001]]}}, {"type": "Feature", "properties": {"layer": "osm_road", "stroke": "#999999"}, "geometry": {"type": "LineString", "coordinates": [[112.6839566, -7.372354299999998], [112.68406949999999, -7.3723661], [112.68414449999999, -7.3723715]]}}, {"type": "Feature", "properties": {"layer": "osm_road", "stroke": "#999999"}, "geometry": {"type": "LineString", "coordinates": [[112.68298829999999, -7.371963299999999], [112.6829119, -7.371852799999997]]}}, {"type": "Feature", "properties": {"layer": "osm_road", "stroke": "#999999"}, "geometry": {"type": "LineString", "coordinates": [[112.6839901, -7.3717292], [112.68331119999999, -7.371701399999999]]}}, {"type": "Feature", "properties": {"layer": "osm_road", "stroke": "#999999"}, "geometry": {"type": "LineString", "coordinates": [[112.6839043, -7.3728784], [112.6838882, -7.373010000000001], [112.6838332, -7.3730658999999985], [112.6837488, -7.373083200000001], [112.6832351, -7.373051299999999], [112.68259409999999, -7.3730247], [112.6825592, -7.373015299999997], [112.68252829999999, -7.372992700000001], [112.6825377, -7.372813199999999]]}}, {"type": "Feature", "properties": {"layer": "osm_road", "stroke": "#999999"}, "geometry": {"type": "LineString", "coordinates": [[112.6832445, -7.372885], [112.6825377, -7.372813199999999]]}}, {"type": "Feature", "properties": {"layer": "osm_road", "stroke": "#999999"}, "geometry": {"type": "LineString", "coordinates": [[112.6825377, -7.372813199999999], [112.68255109999998, -7.372370299999999], [112.6825646, -7.372335699999998], [112.68263699999999, -7.3722626], [112.68298829999999, -7.371963299999999], [112.68331119999999, -7.371701399999999], [112.6834014, -7.3716162], [112.6834483, -7.371585600000002], [112.683506, -7.3715723], [112.6839486, -7.3715909], [112.6839794, -7.371605500000001], [112.6839928, -7.371649399999999], [112.6839901, -7.3717292], [112.6839566, -7.372354299999998], [112.68392179999998, -7.3728424], [112.6839043, -7.3728784], [112.68387079999998, -7.372900999999998], [112.6838225, -7.3729143], [112.6832445, -7.372885]]}}, {"type": "Feature", "properties": {"layer": "osm_road", "stroke": "#999999"}, "geometry": {"type": "LineString", "coordinates": [[112.68322839999999, -7.3732029], [112.6832351, -7.373051299999999], [112.6832445, -7.372885]]}}, {"type": "Feature", "properties": {"layer": "osm_road", "stroke": "#999999"}, "geometry": {"type": "LineString", "coordinates": [[112.68062410000002, -7.372875100000001], [112.6807474, -7.372725400000001], [112.6807983, -7.372690799999999], [112.68085059999999, -7.372676200000001], [112.68095789999998, -7.372688199999999], [112.68102359999999, -7.3727333999999995], [112.6810585, -7.372813199999999], [112.6810715, -7.372895100000001]]}}, {"type": "Feature", "properties": {"layer": "osm_road", "stroke": "#999999"}, "geometry": {"type": "LineString", "coordinates": [[112.69153970000002, -7.347393099999999], [112.69100379999999, -7.347392800000001]]}}, {"type": "Feature", "properties": {"layer": "osm_road", "stroke": "#999999"}, "geometry": {"type": "LineString", "coordinates": [[112.6883782, -7.348288299999998], [112.6884346, -7.347761600000001]]}}, {"type": "Feature", "properties": {"layer": "osm_road", "stroke": "#999999"}, "geometry": {"type": "LineString", "coordinates": [[112.6888413, -7.3486212], [112.6891796, -7.3486727], [112.6892111, -7.348681400000001], [112.6892352, -7.348696699999998], [112.6892486, -7.3487205999999965], [112.68925329999999, -7.3487519], [112.6892593, -7.3488762], [112.68925529999999, -7.3489228]]}}, {"type": "Feature", "properties": {"layer": "osm_road", "stroke": "#999999"}, "geometry": {"type": "LineString", "coordinates": [[112.68623179999999, -7.348950099999998], [112.6865007, -7.3489693]]}}, {"type": "Feature", "properties": {"layer": "osm_road", "stroke": "#999999"}, "geometry": {"type": "LineString", "coordinates": [[112.6862216, -7.349026600000003], [112.68592, -7.348979299999998]]}}, {"type": "Feature", "properties": {"layer": "osm_road", "stroke": "#999999"}, "geometry": {"type": "LineString", "coordinates": [[112.6864092, -7.345289], [112.68642389999998, -7.3452989], [112.68643199999998, -7.3453036], [112.68644809999999, -7.3453119], [112.6864682, -7.345317200000002], [112.68664079999999, -7.345342800000002], [112.6866543, -7.345347499999998], [112.68666399999998, -7.345355499999999], [112.68667000000002, -7.345365099999999], [112.686673, -7.3453807], [112.6866724, -7.3454037], [112.6866271, -7.345796899999998], [112.68661239999999, -7.345820799999999], [112.68644740000002, -7.345843599999999], [112.6864125, -7.345844500000001], [112.68638519999999, -7.345833]]}}, {"type": "Feature", "properties": {"layer": "osm_road", "stroke": "#999999"}, "geometry": {"type": "LineString", "coordinates": [[112.68752929999998, -7.3427285], [112.6875655, -7.342116700000001]]}}, {"type": "Feature", "properties": {"layer": "osm_road", "stroke": "#999999"}, "geometry": {"type": "LineString", "coordinates": [[112.6872959, -7.342716499999997], [112.6867113, -7.3426554]]}}, {"type": "Feature", "properties": {"layer": "osm_road", "stroke": "#999999"}, "geometry": {"type": "LineString", "coordinates": [[112.69452649999998, -7.347895300000001], [112.6948699, -7.347919199999998], [112.69488899999999, -7.3479236000000006], [112.694901, -7.347928899999999], [112.69490769999999, -7.347936199999999], [112.69492319999999, -7.347973099999999], [112.6949285, -7.347987699999998], [112.6949289, -7.348000400000001], [112.69492479999998, -7.348010999999999], [112.6949121, -7.348023999999999], [112.6945956, -7.3481334]]}}, {"type": "Feature", "properties": {"layer": "osm_road", "stroke": "#999999"}, "geometry": {"type": "LineString", "coordinates": [[112.6923097, -7.349570499999996], [112.69260409999998, -7.348995899999999], [112.69261349999998, -7.348973299999998], [112.69261609999998, -7.3489597], [112.69261679999998, -7.348948700000002], [112.6926141, -7.348932099999998], [112.69259799999999, -7.348897199999999], [112.6925099, -7.348776099999999]]}}, {"type": "Feature", "properties": {"layer": "osm_road", "stroke": "#999999"}, "geometry": {"type": "LineString", "coordinates": [[112.6940481, -7.3476501999999995], [112.69399609999999, -7.347679200000002], [112.6939867, -7.347681799999998], [112.69397939999999, -7.3476815], [112.6939737, -7.347679500000002], [112.6939653, -7.347671499999999], [112.69389419999999, -7.347532200000001], [112.69388919999999, -7.3475209], [112.69388819999999, -7.3475122], [112.69388979999998, -7.3475038999999995], [112.6938939, -7.347497300000001], [112.69390359999998, -7.347489300000002], [112.6941504, -7.3473599], [112.69417789999999, -7.347348000000001], [112.6942087, -7.347336699999999], [112.69424359999998, -7.347328], [112.694322, -7.347319400000002], [112.69450059999998, -7.347298600000002]]}}, {"type": "Feature", "properties": {"layer": "osm_road", "stroke": "#999999"}, "geometry": {"type": "LineString", "coordinates": [[112.6940176, -7.3448221], [112.6940323, -7.344619599999999]]}}, {"type": "Feature", "properties": {"layer": "osm_road", "stroke": "#999999"}, "geometry": {"type": "LineString", "coordinates": [[112.6926876, -7.3479297], [112.692653, -7.347887299999998], [112.69258659999998, -7.3478021999999985], [112.69247459999998, -7.3476692], [112.692366, -7.347528800000001], [112.69225199999998, -7.3473845], [112.69214269999999, -7.347253499999998], [112.69198050000001, -7.3470929]]}}, {"type": "Feature", "properties": {"layer": "osm_road", "stroke": "#999999"}, "geometry": {"type": "LineString", "coordinates": [[112.68624789999998, -7.349957499999999], [112.68639739999999, -7.3499489], [112.68643359999999, -7.349947599999999], [112.68646519999999, -7.3499482999999985], [112.68650609999999, -7.349950300000001], [112.68657779999998, -7.349967599999998], [112.6866811, -7.3500095000000005]]}}, {"type": "Feature", "properties": {"layer": "osm_road", "stroke": "#999999"}, "geometry": {"type": "LineString", "coordinates": [[112.69086079999998, -7.3441341000000016], [112.69090759999999, -7.3442169], [112.69093439999999, -7.344235499999998], [112.6909612, -7.344242200000001], [112.69100409999999, -7.3442315], [112.69169880000001, -7.343965500000002], [112.69172629999998, -7.343950199999999], [112.69173909999999, -7.343934299999999], [112.6917437, -7.343909], [112.69173229999998, -7.343877700000002], [112.69170169999998, -7.343805399999998]]}}, {"type": "Feature", "properties": {"layer": "osm_road", "stroke": "#999999"}, "geometry": {"type": "LineString", "coordinates": [[112.6907252, -7.344240800000001], [112.69069799999998, -7.344188999999999], [112.690579, -7.3439269000000005]]}}, {"type": "Feature", "properties": {"layer": "osm_road", "stroke": "#999999"}, "geometry": {"type": "LineString", "coordinates": [[112.69186379999998, -7.343742100000001], [112.69170169999998, -7.343805399999998]]}}, {"type": "Feature", "properties": {"layer": "osm_road", "stroke": "#999999"}, "geometry": {"type": "LineString", "coordinates": [[112.6918825, -7.3437846], [112.69186379999998, -7.343742100000001], [112.6917002, -7.343417499999998]]}}, {"type": "Feature", "properties": {"layer": "osm_road", "stroke": "#999999"}, "geometry": {"type": "LineString", "coordinates": [[112.69289849999998, -7.350404999999999], [112.69266770000002, -7.3499509]]}}, {"type": "Feature", "properties": {"layer": "osm_road", "stroke": "#999999"}, "geometry": {"type": "LineString", "coordinates": [[112.69010159999999, -7.341656499999999], [112.68899379999999, -7.3415155]]}}, {"type": "Feature", "properties": {"layer": "osm_road", "stroke": "#999999"}, "geometry": {"type": "LineString", "coordinates": [[112.6945447, -7.348897399999998], [112.69451769999999, -7.348831399999999], [112.6945045, -7.348799599999997], [112.69445569999999, -7.348681700000001]]}}, {"type": "Feature", "properties": {"layer": "osm_road", "stroke": "#999999"}, "geometry": {"type": "LineString", "coordinates": [[112.6945712, -7.3724889], [112.6968634, -7.3726868]]}}, {"type": "Feature", "properties": {"layer": "osm_road", "stroke": "#999999"}, "geometry": {"type": "LineString", "coordinates": [[112.67893219999999, -7.3492373], [112.6787269, -7.348644500000001], [112.67862449999998, -7.348188800000001]]}}, {"type": "Feature", "properties": {"layer": "osm_road", "stroke": "#999999"}, "geometry": {"type": "LineString", "coordinates": [[112.68063299999999, -7.345256899999998], [112.67980369999998, -7.3451246]]}}, {"type": "Feature", "properties": {"layer": "osm_road", "stroke": "#999999"}, "geometry": {"type": "LineString", "coordinates": [[112.68021559999998, -7.342222699999999], [112.68025819999998, -7.342217800000002], [112.680282, -7.342203499999999], [112.6802921, -7.342187799999998], [112.6802998, -7.3421689], [112.68032059999999, -7.3420552], [112.6803544, -7.341942399999999], [112.68037519999999, -7.341862000000001], [112.68041070000001, -7.341764899999998]]}}, {"type": "Feature", "properties": {"layer": "osm_road", "stroke": "#999999"}, "geometry": {"type": "LineString", "coordinates": [[112.69184539999999, -7.360578400000001], [112.69183189999998, -7.3605896999999985], [112.6918164, -7.3605982], [112.6917886, -7.360605299999999], [112.6917599, -7.360603399999997], [112.6917332, -7.3605928], [112.6917112, -7.360574500000001], [112.69169599999998, -7.360550199999999], [112.69168919999998, -7.360522700000001], [112.69169119999998, -7.3604945], [112.691702, -7.3604682000000015], [112.6917204, -7.360446699999998], [112.6917445, -7.3604318], [112.69177199999999, -7.360424899999999], [112.6918003, -7.360426800000001], [112.6918266, -7.3604372], [112.6918485, -7.3604551], [112.6918637, -7.3604788], [112.69187139999998, -7.360513900000001], [112.6918647, -7.3605492], [112.6918565, -7.360564700000001], [112.69184539999999, -7.360578400000001]]}}, {"type": "Feature", "properties": {"layer": "osm_road", "stroke": "#999999"}, "geometry": {"type": "LineString", "coordinates": [[112.6918637, -7.3604788], [112.69282979999998, -7.360474800000001]]}}, {"type": "Feature", "properties": {"layer": "osm_road", "stroke": "#999999"}, "geometry": {"type": "LineString", "coordinates": [[112.6917445, -7.3604318], [112.69175489999999, -7.360158800000001]]}}, {"type": "Feature", "properties": {"layer": "osm_road", "stroke": "#999999"}, "geometry": {"type": "LineString", "coordinates": [[112.69169599999998, -7.360550199999999], [112.690711, -7.360559199999999], [112.6905957, -7.3605618], [112.69038249999998, -7.360552900000001], [112.6902685, -7.360550199999999]]}}, {"type": "Feature", "properties": {"layer": "osm_road", "stroke": "#999999"}, "geometry": {"type": "LineString", "coordinates": [[112.6903686, -7.359171400000001], [112.69039609999999, -7.3592897000000015], [112.6902618, -7.3604146], [112.69025399999998, -7.3605499]]}}, {"type": "Feature", "properties": {"layer": "osm_road", "stroke": "#999999"}, "geometry": {"type": "LineString", "coordinates": [[112.69015309999999, -7.360543099999998], [112.69016789999999, -7.3604093], [112.690294, -7.359462299999999], [112.69031869999999, -7.3592814], [112.6903686, -7.359171400000001]]}}, {"type": "Feature", "properties": {"layer": "osm_road", "stroke": "#999999"}, "geometry": {"type": "LineString", "coordinates": [[112.6938904, -7.355976200000001], [112.69382849999998, -7.355982799999999], [112.693786, -7.3559814]]}}, {"type": "Feature", "properties": {"layer": "osm_road", "stroke": "#999999"}, "geometry": {"type": "LineString", "coordinates": [[112.693786, -7.3559814], [112.69376609999999, -7.3559742], [112.6937454, -7.355952199999999], [112.69368699999998, -7.355694199999997]]}}, {"type": "Feature", "properties": {"layer": "osm_road", "stroke": "#999999"}, "geometry": {"type": "LineString", "coordinates": [[112.68613319999999, -7.3589728], [112.68635989999999, -7.358917000000003], [112.68646849999999, -7.358866399999998], [112.6865865, -7.3587679999999995], [112.6866335, -7.3587108], [112.68666059999998, -7.3586645], [112.6866771, -7.3586376], [112.6869069, -7.3585721999999985]]}}, {"type": "Feature", "properties": {"layer": "osm_road", "stroke": "#999999"}, "geometry": {"type": "LineString", "coordinates": [[112.67779709999999, -7.3400506000000005], [112.67866189999998, -7.3396746], [112.6789141, -7.3395708], [112.6792279, -7.3394563999999995], [112.6795149, -7.339392599999998], [112.67974819999999, -7.339363300000001], [112.67997739999998, -7.3393494000000015], [112.68037479999998, -7.3393475], [112.68093879999999, -7.3393469]]}}, {"type": "Feature", "properties": {"layer": "osm_road", "stroke": "#999999"}, "geometry": {"type": "LineString", "coordinates": [[112.6804134, -7.3395575000000015], [112.6803223, -7.3396879], [112.680157, -7.3399616]]}}, {"type": "Feature", "properties": {"layer": "osm_road", "stroke": "#999999"}, "geometry": {"type": "LineString", "coordinates": [[112.68092519999999, -7.360091800000001], [112.6809122, -7.360154900000001]]}}, {"type": "Feature", "properties": {"layer": "osm_road", "stroke": "#999999"}, "geometry": {"type": "LineString", "coordinates": [[112.68108060000002, -7.3590247], [112.68107299999998, -7.3591425], [112.6810504, -7.3593944], [112.680972, -7.359866599999998], [112.68092929999999, -7.3600724], [112.68092519999999, -7.360091800000001]]}}, {"type": "Feature", "properties": {"layer": "osm_road", "stroke": "#999999"}, "geometry": {"type": "LineString", "coordinates": [[112.6835935, -7.3671221], [112.6834698, -7.367120700000001]]}}, {"type": "Feature", "properties": {"layer": "osm_road", "stroke": "#999999"}, "geometry": {"type": "LineString", "coordinates": [[112.6768012, -7.3677145], [112.6768213, -7.367683899999999]]}}, {"type": "Feature", "properties": {"layer": "osm_road", "stroke": "#999999"}, "geometry": {"type": "LineString", "coordinates": [[112.67677879999998, -7.367717200000001], [112.6767909, -7.367719299999999], [112.6768012, -7.3677145]]}}, {"type": "Feature", "properties": {"layer": "osm_road", "stroke": "#999999"}, "geometry": {"type": "LineString", "coordinates": [[112.67838499999999, -7.3615371000000005], [112.67839069999998, -7.361604600000001]]}}, {"type": "Feature", "properties": {"layer": "osm_road", "stroke": "#999999"}, "geometry": {"type": "LineString", "coordinates": [[112.67837309999999, -7.3614791], [112.67838499999999, -7.3615371000000005]]}}, {"type": "Feature", "properties": {"layer": "osm_road", "stroke": "#999999"}, "geometry": {"type": "LineString", "coordinates": [[112.67686919999998, -7.362362400000001], [112.67703379999999, -7.362559299999999], [112.67704119999999, -7.362578599999998], [112.67703849999998, -7.3625985], [112.67702039999999, -7.3626210999999975]]}}, {"type": "Feature", "properties": {"layer": "osm_road", "stroke": "#999999"}, "geometry": {"type": "LineString", "coordinates": [[112.6848521, -7.3639341], [112.6847845, -7.3648505], [112.68481159999999, -7.3649004], [112.684885, -7.364923400000002], [112.6857101, -7.364944900000001]]}}, {"type": "Feature", "properties": {"layer": "osm_road", "stroke": "#999999"}, "geometry": {"type": "LineString", "coordinates": [[112.6842286, -7.3564894], [112.6842403, -7.356776899999998]]}}, {"type": "Feature", "properties": {"layer": "osm_road", "stroke": "#999999"}, "geometry": {"type": "LineString", "coordinates": [[112.68554589999998, -7.358315899999999], [112.6855747, -7.3585127]]}}, {"type": "Feature", "properties": {"layer": "osm_road", "stroke": "#999999"}, "geometry": {"type": "LineString", "coordinates": [[112.67846959999999, -7.3553828], [112.6784286, -7.3558942000000025]]}}, {"type": "Feature", "properties": {"layer": "osm_road", "stroke": "#999999"}, "geometry": {"type": "LineString", "coordinates": [[112.6846433, -7.357659800000001], [112.68452829999998, -7.357654400000001], [112.6844783, -7.357650099999998], [112.684381, -7.357640599999999], [112.68435119999998, -7.357647299999998], [112.68432939999998, -7.357667600000001], [112.6843124, -7.3577528], [112.68431129999999, -7.357810900000001], [112.6843111, -7.357884699999998]]}}, {"type": "Feature", "properties": {"layer": "osm_road", "stroke": "#999999"}, "geometry": {"type": "LineString", "coordinates": [[112.68583149999999, -7.356639900000002], [112.68563699999999, -7.356848699999998], [112.6856062, -7.3569112], [112.6856035, -7.356943099999999], [112.6856317, -7.357032300000001], [112.6856809, -7.357153000000001], [112.68572549999999, -7.3571912], [112.6857775, -7.357215499999998], [112.6858541, -7.3572416]]}}, {"type": "Feature", "properties": {"layer": "osm_road", "stroke": "#999999"}, "geometry": {"type": "LineString", "coordinates": [[112.684436, -7.358614600000002], [112.6844469, -7.3587313]]}}, {"type": "Feature", "properties": {"layer": "osm_road", "stroke": "#999999"}, "geometry": {"type": "LineString", "coordinates": [[112.6844469, -7.3587313], [112.68444839999998, -7.358747299999999], [112.6844497, -7.3587615], [112.6844514, -7.358807899999998]]}}, {"type": "Feature", "properties": {"layer": "osm_road", "stroke": "#999999"}, "geometry": {"type": "LineString", "coordinates": [[112.6844019, -7.357894800000001], [112.6844112, -7.358275800000002], [112.68442469999998, -7.3584933], [112.684436, -7.358614600000002]]}}, {"type": "Feature", "properties": {"layer": "osm_road", "stroke": "#999999"}, "geometry": {"type": "LineString", "coordinates": [[112.68325409999998, -7.3568814], [112.6832478, -7.3571678999999985], [112.68324579999998, -7.3575038], [112.68324589999999, -7.3578469]]}}, {"type": "Feature", "properties": {"layer": "osm_road", "stroke": "#999999"}, "geometry": {"type": "LineString", "coordinates": [[112.68175619999998, -7.357934], [112.68168649999998, -7.357908099999999], [112.6816318, -7.357875599999999]]}}, {"type": "Feature", "properties": {"layer": "osm_road", "stroke": "#999999"}, "geometry": {"type": "LineString", "coordinates": [[112.68041070000001, -7.358345999999999], [112.680287, -7.358361]]}}, {"type": "Feature", "properties": {"layer": "osm_road", "stroke": "#999999"}, "geometry": {"type": "LineString", "coordinates": [[112.6788121, -7.359048599999999], [112.67870080000002, -7.358661600000001]]}}, {"type": "Feature", "properties": {"layer": "osm_road", "stroke": "#999999"}, "geometry": {"type": "LineString", "coordinates": [[112.68410059999998, -7.356128700000001], [112.68442529999999, -7.356144400000001]]}}, {"type": "Feature", "properties": {"layer": "osm_road", "stroke": "#999999"}, "geometry": {"type": "LineString", "coordinates": [[112.67981359999999, -7.357141599999999], [112.6795017, -7.3571653], [112.6793995, -7.357169300000001]]}}, {"type": "Feature", "properties": {"layer": "osm_road", "stroke": "#999999"}, "geometry": {"type": "LineString", "coordinates": [[112.6788075, -7.357762499999998], [112.6787484, -7.357477800000001]]}}, {"type": "Feature", "properties": {"layer": "osm_road", "stroke": "#999999"}, "geometry": {"type": "LineString", "coordinates": [[112.6783991, -7.358725399999999], [112.6787156, -7.358504599999999]]}}, {"type": "Feature", "properties": {"layer": "osm_road", "stroke": "#999999"}, "geometry": {"type": "LineString", "coordinates": [[112.6841308, -7.355418600000003], [112.68354219999999, -7.355406900000001]]}}, {"type": "Feature", "properties": {"layer": "osm_road", "stroke": "#999999"}, "geometry": {"type": "LineString", "coordinates": [[112.68302659999999, -7.3557727], [112.68288239999998, -7.355766], [112.6828603, -7.355780000000001], [112.68285219999999, -7.3558066], [112.6828399, -7.3558769]]}}, {"type": "Feature", "properties": {"layer": "osm_road", "stroke": "#999999"}, "geometry": {"type": "LineString", "coordinates": [[112.69598689999998, -7.3413893], [112.6963397, -7.341712299999999], [112.6965543, -7.3419318]]}}, {"type": "Feature", "properties": {"layer": "osm_road", "stroke": "#999999"}, "geometry": {"type": "LineString", "coordinates": [[112.6977327, -7.3467285], [112.6978116, -7.3466849]]}}, {"type": "Feature", "properties": {"layer": "osm_road", "stroke": "#999999"}, "geometry": {"type": "LineString", "coordinates": [[112.6969505, -7.349239300000001], [112.69697199999999, -7.349272600000001], [112.6970042, -7.349297900000001], [112.69701499999998, -7.349320499999998], [112.6970042, -7.349406900000003], [112.6969801, -7.349526599999998], [112.6969667, -7.349547900000002], [112.6969412, -7.3495506], [112.69658179999999, -7.3494854]]}}, {"type": "Feature", "properties": {"layer": "osm_road", "stroke": "#999999"}, "geometry": {"type": "LineString", "coordinates": [[112.7000622, -7.347868400000002], [112.7001049, -7.348259099999997], [112.7001102, -7.348278999999999], [112.70012359999998, -7.348293700000001]]}}, {"type": "Feature", "properties": {"layer": "osm_road", "stroke": "#999999"}, "geometry": {"type": "LineString", "coordinates": [[112.69527149999999, -7.344335299999999], [112.6952507, -7.3442482]]}}, {"type": "Feature", "properties": {"layer": "osm_road", "stroke": "#999999"}, "geometry": {"type": "LineString", "coordinates": [[112.7005099, -7.3418679], [112.700538, -7.3418493], [112.70056619999998, -7.3418120999999985], [112.7006172, -7.3416524], [112.70061379999999, -7.3416285000000014], [112.7006011, -7.3416071999999994]]}}, {"type": "Feature", "properties": {"layer": "osm_road", "stroke": "#999999"}, "geometry": {"type": "LineString", "coordinates": [[112.7003878, -7.3421646], [112.70015359999998, -7.342112400000001], [112.70014429999999, -7.3421054], [112.7001382, -7.342096199999999], [112.7001362, -7.342087200000001], [112.70015309999998, -7.341872000000002]]}}, {"type": "Feature", "properties": {"layer": "osm_road", "stroke": "#999999"}, "geometry": {"type": "LineString", "coordinates": [[112.6991567, -7.343932299999999], [112.69930419999999, -7.343601099999996]]}}, {"type": "Feature", "properties": {"layer": "osm_road", "stroke": "#999999"}, "geometry": {"type": "LineString", "coordinates": [[112.69864569999999, -7.3436781999999985], [112.69852510000001, -7.343867100000001], [112.6984714, -7.3439748], [112.69841769999998, -7.344090599999999]]}}, {"type": "Feature", "properties": {"layer": "osm_road", "stroke": "#999999"}, "geometry": {"type": "LineString", "coordinates": [[112.6992931, -7.3449560999999965], [112.6992787, -7.3449418], [112.6992707, -7.344913899999997], [112.6992761, -7.344869999999999], [112.69932699999998, -7.344746300000001]]}}, {"type": "Feature", "properties": {"layer": "osm_road", "stroke": "#999999"}, "geometry": {"type": "LineString", "coordinates": [[112.6964114, -7.344538800000002], [112.696513, -7.3443133], [112.69651979999999, -7.344288099999998], [112.6965164, -7.344273800000001], [112.69650369999998, -7.344263800000001], [112.6962042, -7.344170399999999], [112.69615260000002, -7.3441444], [112.6960815, -7.3441085], [112.69600279999999, -7.3440693], [112.6959726, -7.344061999999999], [112.6959277, -7.344052600000001], [112.6958451, -7.3440288]]}}, {"type": "Feature", "properties": {"layer": "osm_road", "stroke": "#999999"}, "geometry": {"type": "LineString", "coordinates": [[112.697774, -7.344612600000001], [112.6980811, -7.344665199999997]]}}, {"type": "Feature", "properties": {"layer": "osm_road", "stroke": "#999999"}, "geometry": {"type": "LineString", "coordinates": [[112.69766239999998, -7.3450928], [112.69772239999999, -7.344893899999999], [112.6977539, -7.344723700000002], [112.697774, -7.344612600000001], [112.6977982, -7.344488900000001], [112.69781689999999, -7.344343300000002], [112.6975071, -7.3443034], [112.69742129999999, -7.344276799999999], [112.6973006, -7.344222199999999], [112.69707529999998, -7.344155700000001]]}}, {"type": "Feature", "properties": {"layer": "osm_road", "stroke": "#999999"}, "geometry": {"type": "LineString", "coordinates": [[112.6979269, -7.345191899999999], [112.6979591, -7.344913899999997], [112.69795239999999, -7.3448926000000005], [112.6979376, -7.344877999999999], [112.69786789999999, -7.3448607]]}}, {"type": "Feature", "properties": {"layer": "osm_road", "stroke": "#999999"}, "geometry": {"type": "LineString", "coordinates": [[112.69880129999999, -7.345360099999998], [112.6988898, -7.345374700000002]]}}, {"type": "Feature", "properties": {"layer": "osm_road", "stroke": "#999999"}, "geometry": {"type": "LineString", "coordinates": [[112.69878919999998, -7.345389800000001], [112.69880129999999, -7.345360099999998], [112.6989287, -7.344949799999998]]}}, {"type": "Feature", "properties": {"layer": "osm_road", "stroke": "#999999"}, "geometry": {"type": "LineString", "coordinates": [[112.70146199999999, -7.3441295], [112.7012059, -7.34404], [112.70097919999999, -7.3439495], [112.7009477, -7.343935599999998], [112.70092089999999, -7.3439289], [112.70089609999998, -7.3439406], [112.70086859999999, -7.343956199999999]]}}, {"type": "Feature", "properties": {"layer": "osm_road", "stroke": "#999999"}, "geometry": {"type": "LineString", "coordinates": [[112.7017916, -7.3468051999999995], [112.70184459999999, -7.346820199999997]]}}, {"type": "Feature", "properties": {"layer": "osm_road", "stroke": "#999999"}, "geometry": {"type": "LineString", "coordinates": [[112.66682489999998, -7.3444870999999985], [112.6668602, -7.344456299999998], [112.66690049999998, -7.344426400000001], [112.66693199999999, -7.3443931000000005], [112.66698959999998, -7.34432], [112.66701989999999, -7.3442728]]}}, {"type": "Feature", "properties": {"layer": "osm_road", "stroke": "#999999"}, "geometry": {"type": "LineString", "coordinates": [[112.6667564, -7.3436078999999985], [112.6662427, -7.343548400000002]]}}, {"type": "Feature", "properties": {"layer": "osm_road", "stroke": "#999999"}, "geometry": {"type": "LineString", "coordinates": [[112.6667564, -7.3436078999999985], [112.66690849999999, -7.343632999999998]]}}, {"type": "Feature", "properties": {"layer": "osm_road", "stroke": "#999999"}, "geometry": {"type": "LineString", "coordinates": [[112.6762685, -7.3674190999999984], [112.67613399999999, -7.367684600000002], [112.67598109999999, -7.367947999999998], [112.67590249999999, -7.3681175], [112.6758456, -7.3684918999999995]]}}, {"type": "Feature", "properties": {"layer": "osm_road", "stroke": "#999999"}, "geometry": {"type": "LineString", "coordinates": [[112.6772055, -7.363625599999999], [112.6770835, -7.3636026999999995], [112.67694939999998, -7.363585399999999], [112.67685819999998, -7.363577499999998], [112.676767, -7.363569499999999], [112.67670389999999, -7.363569499999999], [112.6766503, -7.3635761], [112.6766235, -7.363594699999999], [112.67640220000001, -7.363977799999999], [112.6760253, -7.364499199999999], [112.6757047, -7.3651795]]}}, {"type": "Feature", "properties": {"layer": "osm_road", "stroke": "#999999"}, "geometry": {"type": "LineString", "coordinates": [[112.67152729999998, -7.364174500000001], [112.67152839999999, -7.3640217]]}}, {"type": "Feature", "properties": {"layer": "osm_road", "stroke": "#999999"}, "geometry": {"type": "LineString", "coordinates": [[112.7014419, -7.355938899999999], [112.70189537728089, -7.3561133489687816]]}}, {"type": "Feature", "properties": {"layer": "osm_road", "stroke": "#999999"}, "geometry": {"type": "LineString", "coordinates": [[112.70023759999998, -7.356494900000003], [112.70024029999999, -7.356980399999999]]}}, {"type": "Feature", "properties": {"layer": "osm_road", "stroke": "#999999"}, "geometry": {"type": "LineString", "coordinates": [[112.7009457, -7.357731899999999], [112.7009337, -7.357416600000002], [112.7009431, -7.3573648], [112.70097659999999, -7.357334200000003], [112.7012388, -7.3573047]]}}, {"type": "Feature", "properties": {"layer": "osm_road", "stroke": "#999999"}, "geometry": {"type": "LineString", "coordinates": [[112.69623909999999, -7.359510200000002], [112.6963449, -7.3592422000000015]]}}, {"type": "Feature", "properties": {"layer": "osm_road", "stroke": "#999999"}, "geometry": {"type": "LineString", "coordinates": [[112.69647449999998, -7.3597057], [112.6966219, -7.359327300000001]]}}, {"type": "Feature", "properties": {"layer": "osm_road", "stroke": "#999999"}, "geometry": {"type": "LineString", "coordinates": [[112.69664709999999, -7.357725800000002], [112.6971685, -7.357844900000001]]}}, {"type": "Feature", "properties": {"layer": "osm_road", "stroke": "#999999"}, "geometry": {"type": "LineString", "coordinates": [[112.69719069999998, -7.350295400000001], [112.69742939999999, -7.350461700000002], [112.69772169999999, -7.350661199999998]]}}, {"type": "Feature", "properties": {"layer": "osm_road", "stroke": "#999999"}, "geometry": {"type": "LineString", "coordinates": [[112.70189537728089, -7.353721570926059], [112.7018121, -7.353340000000001], [112.70181139999998, -7.353310099999998], [112.70181879999998, -7.353283500000001], [112.7018456, -7.353265499999998], [112.70189537728089, -7.35326023039684]]}}, {"type": "Feature", "properties": {"layer": "osm_road", "stroke": "#999999"}, "geometry": {"type": "LineString", "coordinates": [[112.6979879, -7.352217399999999], [112.6982613, -7.352477099999998], [112.6982631, -7.352481799999997], [112.69826289999999, -7.352489], [112.6982597, -7.352496199999998], [112.6982293, -7.352537900000001], [112.6982277, -7.3525488], [112.6982298, -7.3525579], [112.69823540000002, -7.3525669]]}}, {"type": "Feature", "properties": {"layer": "osm_road", "stroke": "#999999"}, "geometry": {"type": "LineString", "coordinates": [[112.69782299999999, -7.3528957], [112.69800799999999, -7.352676899999998], [112.69802509999998, -7.3526597], [112.69804959999999, -7.3526783], [112.6980972, -7.352724199999998]]}}, {"type": "Feature", "properties": {"layer": "osm_road", "stroke": "#999999"}, "geometry": {"type": "LineString", "coordinates": [[112.6709252, -7.36266], [112.67090409999999, -7.362643900000002], [112.67088599999998, -7.3626246], [112.6708714, -7.362602599999999], [112.6708606, -7.362578599999998], [112.670854, -7.362553]]}}, {"type": "Feature", "properties": {"layer": "osm_road", "stroke": "#999999"}, "geometry": {"type": "LineString", "coordinates": [[112.6707174, -7.362618500000001], [112.6707391, -7.3626331999999985], [112.6707568, -7.362652599999998], [112.6707695, -7.362675400000001], [112.67077649999999, -7.3627006], [112.6707775, -7.362726699999998]]}}, {"type": "Feature", "properties": {"layer": "osm_road", "stroke": "#999999"}, "geometry": {"type": "LineString", "coordinates": [[112.69008879999998, -7.3628406], [112.69010959999999, -7.362669699999998], [112.69011299999998, -7.3626212], [112.69011679999998, -7.362605], [112.6901252, -7.362587199999999], [112.6901661, -7.3625643], [112.690183, -7.362555000000001], [112.6902172, -7.362526599999996], [112.69022909999998, -7.3625177], [112.6902436, -7.362498799999999], [112.69025359999999, -7.3624413], [112.6902508, -7.362360500000002]]}}, {"type": "Feature", "properties": {"layer": "osm_road", "stroke": "#999999"}, "geometry": {"type": "LineString", "coordinates": [[112.6868787, -7.3598183], [112.68700219999998, -7.3597914], [112.68833179999999, -7.3595350999999996]]}}, {"type": "Feature", "properties": {"layer": "osm_road", "stroke": "#999999"}, "geometry": {"type": "LineString", "coordinates": [[112.6946908, -7.3598088000000015], [112.69416309999998, -7.359837400000001], [112.6941235, -7.3598387]]}}, {"type": "Feature", "properties": {"layer": "osm_road", "stroke": "#999999"}, "geometry": {"type": "LineString", "coordinates": [[112.69057419999999, -7.361292299999998], [112.69051139999999, -7.361297000000001]]}}, {"type": "Feature", "properties": {"layer": "osm_road", "stroke": "#999999"}, "geometry": {"type": "LineString", "coordinates": [[112.6905448, -7.361214600000001], [112.69057419999999, -7.361292299999998]]}}, {"type": "Feature", "properties": {"layer": "osm_road", "stroke": "#999999"}, "geometry": {"type": "LineString", "coordinates": [[112.69051139999999, -7.361297000000001], [112.6905352, -7.3612371]]}}, {"type": "Feature", "properties": {"layer": "osm_road", "stroke": "#999999"}, "geometry": {"type": "LineString", "coordinates": [[112.69060749999998, -7.361681799999999], [112.690557, -7.361676499999999], [112.69054509999998, -7.361668500000001], [112.6905257, -7.361649199999999], [112.69049819999998, -7.361607300000001], [112.69049249999999, -7.361592900000001], [112.6904915, -7.3615691], [112.690493, -7.3615471], [112.69049689999999, -7.3615162], [112.69051139999999, -7.361297000000001]]}}, {"type": "Feature", "properties": {"layer": "osm_road", "stroke": "#999999"}, "geometry": {"type": "LineString", "coordinates": [[112.69057419999999, -7.361292299999998], [112.69058919999999, -7.3615714], [112.69059029999998, -7.361599100000001], [112.69059530000001, -7.361612900000002], [112.69060099999999, -7.361621799999999], [112.690607, -7.361629200000001]]}}, {"type": "Feature", "properties": {"layer": "osm_road", "stroke": "#999999"}, "geometry": {"type": "LineString", "coordinates": [[112.6918164, -7.3605982], [112.69184179999999, -7.3609483], [112.69184079999998, -7.361290699999999], [112.691838, -7.3616371]]}}, {"type": "Feature", "properties": {"layer": "osm_road", "stroke": "#999999"}, "geometry": {"type": "LineString", "coordinates": [[112.69282979999998, -7.360474800000001], [112.6928488, -7.3604947], [112.6928545, -7.360517699999998], [112.6928562, -7.3605333], [112.69284919999998, -7.3605436], [112.69283209999999, -7.3605476], [112.6918647, -7.3605492]]}}, {"type": "Feature", "properties": {"layer": "osm_road", "stroke": "#999999"}, "geometry": {"type": "LineString", "coordinates": [[112.68724369999998, -7.3658085999999985], [112.68695299999999, -7.365750099999999], [112.68675819999999, -7.3657175]]}}, {"type": "Feature", "properties": {"layer": "osm_road", "stroke": "#999999"}, "geometry": {"type": "LineString", "coordinates": [[112.68699089999998, -7.367427899999998], [112.6867173, -7.3673647], [112.6866013, -7.367336099999999], [112.686381, -7.367282599999999], [112.6861963, -7.367245699999999], [112.6861114, -7.367233699999999], [112.6860615, -7.367223800000002]]}}, {"type": "Feature", "properties": {"layer": "osm_road", "stroke": "#999999"}, "geometry": {"type": "LineString", "coordinates": [[112.6875578, -7.3599061], [112.68808589999999, -7.359933100000002], [112.6881114, -7.359930499999999], [112.6881315, -7.3599158], [112.6881342, -7.359883899999997], [112.6881449, -7.359762900000001]]}}, {"type": "Feature", "properties": {"layer": "osm_road", "stroke": "#999999"}, "geometry": {"type": "LineString", "coordinates": [[112.6875578, -7.3599061], [112.6875374, -7.3600894]]}}, {"type": "Feature", "properties": {"layer": "osm_road", "stroke": "#999999"}, "geometry": {"type": "LineString", "coordinates": [[112.6875957, -7.359784200000001], [112.6875827, -7.3598373], [112.6875578, -7.3599061]]}}, {"type": "Feature", "properties": {"layer": "osm_road", "stroke": "#999999"}, "geometry": {"type": "LineString", "coordinates": [[112.6868769, -7.360031500000001], [112.68663269999999, -7.360082200000002], [112.68643429999999, -7.360092099999999], [112.68639779999998, -7.360114200000002], [112.686379, -7.360154999999998], [112.6863919, -7.360201700000001], [112.68644099999999, -7.360236399999999], [112.6864712, -7.360256299999998], [112.6866286, -7.3602761], [112.68677629999999, -7.3602802999999986], [112.6868462, -7.3602843999999985]]}}, {"type": "Feature", "properties": {"layer": "osm_road", "stroke": "#999999"}, "geometry": {"type": "LineString", "coordinates": [[112.69339669999998, -7.3628074], [112.69320149999999, -7.3627681], [112.6931653, -7.362760100000002], [112.6931204, -7.362754799999999], [112.693107, -7.3627498000000005], [112.69309089999999, -7.3627408999999995], [112.6930795, -7.3626949999999995], [112.6930741, -7.3626471]]}}, {"type": "Feature", "properties": {"layer": "osm_road", "stroke": "#999999"}, "geometry": {"type": "LineString", "coordinates": [[112.6865248, -7.3644433], [112.6869681, -7.364568299999999], [112.6869922, -7.364586999999998], [112.6869969, -7.3646089], [112.6869922, -7.364645499999999], [112.68696079999998, -7.364790899999999]]}}, {"type": "Feature", "properties": {"layer": "osm_road", "stroke": "#999999"}, "geometry": {"type": "LineString", "coordinates": [[112.6880304, -7.363491299999998], [112.68796809999999, -7.363197999999999], [112.6879627, -7.363159099999997], [112.6879471, -7.3630029000000015]]}}, {"type": "Feature", "properties": {"layer": "osm_road", "stroke": "#999999"}, "geometry": {"type": "LineString", "coordinates": [[112.687195, -7.3660188], [112.68758159999999, -7.3661125]]}}, {"type": "Feature", "properties": {"layer": "osm_road", "stroke": "#999999"}, "geometry": {"type": "LineString", "coordinates": [[112.6870723, -7.3670367], [112.68745819999998, -7.3671026999999984]]}}, {"type": "Feature", "properties": {"layer": "osm_road", "stroke": "#999999"}, "geometry": {"type": "LineString", "coordinates": [[112.6876038, -7.3654781], [112.6875568, -7.3657228]]}}, {"type": "Feature", "properties": {"layer": "osm_road", "stroke": "#999999"}, "geometry": {"type": "LineString", "coordinates": [[112.68736169999998, -7.3654229], [112.6876038, -7.3654781], [112.68776199999999, -7.365517999999998]]}}, {"type": "Feature", "properties": {"layer": "osm_road", "stroke": "#999999"}, "geometry": {"type": "LineString", "coordinates": [[112.69189549999999, -7.361637400000001], [112.69189850000001, -7.3617042999999995]]}}, {"type": "Feature", "properties": {"layer": "osm_road", "stroke": "#999999"}, "geometry": {"type": "LineString", "coordinates": [[112.690607, -7.361629200000001], [112.69060749999998, -7.361681799999999]]}}, {"type": "Feature", "properties": {"layer": "osm_road", "stroke": "#999999"}, "geometry": {"type": "LineString", "coordinates": [[112.69189549999999, -7.361637400000001], [112.6920569, -7.3616439]]}}, {"type": "Feature", "properties": {"layer": "osm_road", "stroke": "#999999"}, "geometry": {"type": "LineString", "coordinates": [[112.6920569, -7.3616439], [112.69304029999999, -7.3616060999999995]]}}, {"type": "Feature", "properties": {"layer": "osm_road", "stroke": "#999999"}, "geometry": {"type": "LineString", "coordinates": [[112.69189850000001, -7.3617042999999995], [112.6917739, -7.361714899999999], [112.6912053, -7.361718699999999], [112.69060749999998, -7.361681799999999]]}}, {"type": "Feature", "properties": {"layer": "osm_road", "stroke": "#999999"}, "geometry": {"type": "LineString", "coordinates": [[112.6920569, -7.3616439], [112.69189850000001, -7.3617042999999995]]}}, {"type": "Feature", "properties": {"layer": "osm_road", "stroke": "#999999"}, "geometry": {"type": "LineString", "coordinates": [[112.689248, -7.361850399999999], [112.6892379, -7.362045199999998], [112.68922580000002, -7.362160300000001], [112.6892138, -7.3621909], [112.6891916, -7.362204800000001], [112.6891393, -7.3622162000000015], [112.68896229999999, -7.362223499999998], [112.6889311, -7.3622250000000005], [112.6889235, -7.362226], [112.6889163, -7.3622250000000005], [112.68891059999999, -7.362223799999998], [112.68890190000002, -7.362219799999999]]}}, {"type": "Feature", "properties": {"layer": "osm_road", "stroke": "#999999"}, "geometry": {"type": "LineString", "coordinates": [[112.689435, -7.361758], [112.68943299999998, -7.361793200000001], [112.68942299999999, -7.3618138], [112.68940889999999, -7.361829799999998], [112.6893917, -7.361843299999999], [112.689248, -7.361850399999999], [112.68918520000001, -7.361844600000001], [112.6891454, -7.361829799999998], [112.6891199, -7.3618045], [112.68910120000001, -7.361767099999999]]}}, {"type": "Feature", "properties": {"layer": "osm_road", "stroke": "#999999"}, "geometry": {"type": "LineString", "coordinates": [[112.689435, -7.361758], [112.68912659999998, -7.361768600000001]]}}, {"type": "Feature", "properties": {"layer": "osm_road", "stroke": "#999999"}, "geometry": {"type": "LineString", "coordinates": [[112.68912659999998, -7.361768600000001], [112.68910120000001, -7.361767099999999], [112.6890381, -7.361763299999999], [112.688973, -7.3617646], [112.68894279999999, -7.361781899999999], [112.68892609999999, -7.3618078], [112.68889989999998, -7.361998699999999], [112.6888973, -7.362159599999998], [112.68890190000002, -7.362219799999999]]}}, {"type": "Feature", "properties": {"layer": "osm_road", "stroke": "#999999"}, "geometry": {"type": "LineString", "coordinates": [[112.6902323, -7.3594683000000005], [112.69018069999998, -7.3594816], [112.69015789999999, -7.359496899999998], [112.6901297, -7.359538800000001], [112.69012409999999, -7.3595653999999975], [112.6901042, -7.3596591], [112.69007339999999, -7.360035499999999], [112.69003719999999, -7.360485100000001], [112.68995399999999, -7.3613536]]}}, {"type": "Feature", "properties": {"layer": "osm_road", "stroke": "#999999"}, "geometry": {"type": "LineString", "coordinates": [[112.68885699999998, -7.363946499999999], [112.68902059999999, -7.364102199999998], [112.689193, -7.364285699999998], [112.6892453, -7.364352899999999]]}}, {"type": "Feature", "properties": {"layer": "osm_road", "stroke": "#999999"}, "geometry": {"type": "LineString", "coordinates": [[112.68775129999999, -7.364536400000001], [112.6880242, -7.364679399999999], [112.68821259999999, -7.3647492], [112.68828439999999, -7.3647697999999995], [112.68850099999999, -7.364813700000001]]}}, {"type": "Feature", "properties": {"layer": "osm_road", "stroke": "#999999"}, "geometry": {"type": "LineString", "coordinates": [[112.68768979999999, -7.3646327], [112.6875729, -7.364576300000001], [112.68752129999999, -7.364556999999998], [112.68744819999999, -7.364546399999999], [112.68738519999998, -7.364540399999998], [112.6873302, -7.3645577000000015], [112.6873107, -7.364569]]}}, {"type": "Feature", "properties": {"layer": "osm_road", "stroke": "#999999"}, "geometry": {"type": "LineString", "coordinates": [[112.68741729999999, -7.3652239999999995], [112.6872004, -7.365154900000001], [112.68691379999999, -7.365059800000001], [112.68668850000002, -7.3650112], [112.6865175, -7.3649567000000005]]}}, {"type": "Feature", "properties": {"layer": "osm_road", "stroke": "#999999"}, "geometry": {"type": "LineString", "coordinates": [[112.69215619999999, -7.362593899999997], [112.69216079999998, -7.3627208999999985], [112.6921666, -7.362869300000001]]}}, {"type": "Feature", "properties": {"layer": "osm_road", "stroke": "#999999"}, "geometry": {"type": "LineString", "coordinates": [[112.6905352, -7.3612371], [112.69053829999999, -7.3612283000000005], [112.6905405, -7.3612235], [112.6905448, -7.361214600000001]]}}, {"type": "Feature", "properties": {"layer": "osm_road", "stroke": "#999999"}, "geometry": {"type": "LineString", "coordinates": [[112.68714709999999, -7.3662847], [112.6868085, -7.3662143]]}}, {"type": "Feature", "properties": {"layer": "osm_road", "stroke": "#999999"}, "geometry": {"type": "LineString", "coordinates": [[112.6678157, -7.351403000000001], [112.6678432, -7.3521403]]}}, {"type": "Feature", "properties": {"layer": "osm_road", "stroke": "#999999"}, "geometry": {"type": "LineString", "coordinates": [[112.67348270000001, -7.3570196999999995], [112.67348499999999, -7.357059199999998]]}}, {"type": "Feature", "properties": {"layer": "osm_road", "stroke": "#999999"}, "geometry": {"type": "LineString", "coordinates": [[112.67346199999999, -7.356957500000001], [112.67345369999998, -7.3568896]]}}, {"type": "Feature", "properties": {"layer": "osm_road", "stroke": "#999999"}, "geometry": {"type": "LineString", "coordinates": [[112.6736097, -7.355989200000001], [112.67369029999999, -7.356003500000003]]}}, {"type": "Feature", "properties": {"layer": "osm_road", "stroke": "#999999"}, "geometry": {"type": "LineString", "coordinates": [[112.67372799999998, -7.355275899999998], [112.6738066, -7.3552849]]}}, {"type": "Feature", "properties": {"layer": "osm_road", "stroke": "#999999"}, "geometry": {"type": "LineString", "coordinates": [[112.66867539999998, -7.353285499999999], [112.6685889, -7.353542199999999], [112.6685393, -7.353667199999998], [112.66850579999999, -7.353776199999999], [112.6684253, -7.354005000000003], [112.6683889, -7.354115799999999], [112.6683502, -7.354233800000001], [112.66827510000002, -7.354473199999999], [112.6681785, -7.3547711], [112.66797429999998, -7.355378300000002], [112.66783559999999, -7.355796799999999], [112.66778349999998, -7.3559811999999996]]}}, {"type": "Feature", "properties": {"layer": "osm_road", "stroke": "#999999"}, "geometry": {"type": "LineString", "coordinates": [[112.6707327, -7.3563716], [112.6704477, -7.356270800000002]]}}, {"type": "Feature", "properties": {"layer": "osm_road", "stroke": "#999999"}, "geometry": {"type": "LineString", "coordinates": [[112.6711571, -7.354441299999999], [112.67084069999999, -7.354398000000001]]}}, {"type": "Feature", "properties": {"layer": "osm_road", "stroke": "#999999"}, "geometry": {"type": "LineString", "coordinates": [[112.6712067, -7.354193899999999], [112.6708252, -7.3541148]]}}, {"type": "Feature", "properties": {"layer": "osm_road", "stroke": "#999999"}, "geometry": {"type": "LineString", "coordinates": [[112.6728134, -7.353401200000001], [112.6725894, -7.354486500000001], [112.67242039999998, -7.355398299999998], [112.6722733, -7.356203600000001], [112.6721656, -7.3568008]]}}, {"type": "Feature", "properties": {"layer": "osm_road", "stroke": "#999999"}, "geometry": {"type": "LineString", "coordinates": [[112.6866213, -7.377086299999998], [112.68557099999998, -7.376689500000002], [112.6855366, -7.3766765]]}}, {"type": "Feature", "properties": {"layer": "osm_road", "stroke": "#999999"}, "geometry": {"type": "LineString", "coordinates": [[112.66236950477963, -7.376885756497826], [112.6624627, -7.3769241999999995], [112.66291659999999, -7.3770938]]}}, {"type": "Feature", "properties": {"layer": "osm_road", "stroke": "#999999"}, "geometry": {"type": "LineString", "coordinates": [[112.6643136, -7.351801899999999], [112.66422760000002, -7.352238700000001]]}}, {"type": "Feature", "properties": {"layer": "osm_road", "stroke": "#999999"}, "geometry": {"type": "LineString", "coordinates": [[112.6801284, -7.3541021], [112.6801251, -7.353808800000003], [112.6801251, -7.353767599999999], [112.6801261, -7.353703899999999]]}}, {"type": "Feature", "properties": {"layer": "osm_road", "stroke": "#999999"}, "geometry": {"type": "LineString", "coordinates": [[112.6893561, -7.3517024], [112.6895354, -7.3515924], [112.6895735, -7.351569]]}}, {"type": "Feature", "properties": {"layer": "osm_road", "stroke": "#999999"}, "geometry": {"type": "LineString", "coordinates": [[112.68899049999999, -7.351853600000001], [112.6893561, -7.3517024]]}}, {"type": "Feature", "properties": {"layer": "osm_road", "stroke": "#999999"}, "geometry": {"type": "LineString", "coordinates": [[112.6895781, -7.353069200000001], [112.6897838, -7.3543704000000005]]}}, {"type": "Feature", "properties": {"layer": "osm_road", "stroke": "#999999"}, "geometry": {"type": "LineString", "coordinates": [[112.68980939999999, -7.346222], [112.6897582, -7.3462439999999996]]}}, {"type": "Feature", "properties": {"layer": "osm_road", "stroke": "#999999"}, "geometry": {"type": "LineString", "coordinates": [[112.66801959999998, -7.3687439999999995], [112.66780839999998, -7.368622300000002]]}}, {"type": "Feature", "properties": {"layer": "osm_road", "stroke": "#999999"}, "geometry": {"type": "LineString", "coordinates": [[112.6727103, -7.367586900000001], [112.67279459999999, -7.3695400000000015]]}}, {"type": "Feature", "properties": {"layer": "osm_road", "stroke": "#999999"}, "geometry": {"type": "LineString", "coordinates": [[112.67462659999998, -7.3406283000000006], [112.6746068, -7.340103900000002], [112.6746199, -7.339827499999998], [112.67450989999999, -7.339796999999999], [112.67436369999999, -7.3397757000000015], [112.6742068, -7.339749099999999], [112.673555, -7.339617400000002], [112.6732908, -7.3395682], [112.6731708, -7.339561500000001], [112.6731359, -7.3395688], [112.67311109999999, -7.339612699999998], [112.67308229999999, -7.339806899999999], [112.67307089999998, -7.339928600000001], [112.6730776, -7.339997099999999], [112.67309299999998, -7.340027700000003], [112.6731594, -7.3400563000000005], [112.673555, -7.3400896], [112.67376419999998, -7.3401135], [112.6739359, -7.3401162], [112.67408339999999, -7.340105499999999], [112.674243, -7.3400949], [112.6745555, -7.340097599999998]]}}, {"type": "Feature", "properties": {"layer": "osm_road", "stroke": "#999999"}, "geometry": {"type": "LineString", "coordinates": [[112.67462120000002, -7.3412175], [112.67462659999998, -7.3406283000000006]]}}, {"type": "Feature", "properties": {"layer": "osm_road", "stroke": "#999999"}, "geometry": {"type": "LineString", "coordinates": [[112.7013997, -7.348965900000001], [112.7014563, -7.349084]]}}, {"type": "Feature", "properties": {"layer": "osm_road", "stroke": "#999999"}, "geometry": {"type": "LineString", "coordinates": [[112.69319099999998, -7.343441700000001], [112.69302149999999, -7.343514499999999]]}}, {"type": "Feature", "properties": {"layer": "osm_road", "stroke": "#999999"}, "geometry": {"type": "LineString", "coordinates": [[112.68649969999998, -7.3546591999999995], [112.6864906, -7.354667099999999], [112.6864776, -7.354671399999998], [112.68619679999999, -7.354679499999999]]}}, {"type": "Feature", "properties": {"layer": "osm_road", "stroke": "#999999"}, "geometry": {"type": "LineString", "coordinates": [[112.6896477, -7.351468599999999], [112.68962280000001, -7.351517799999999]]}}, {"type": "Feature", "properties": {"layer": "osm_road", "stroke": "#999999"}, "geometry": {"type": "LineString", "coordinates": [[112.6896116, -7.355279200000001], [112.6895793, -7.355150499999998]]}}, {"type": "Feature", "properties": {"layer": "osm_road", "stroke": "#999999"}, "geometry": {"type": "LineString", "coordinates": [[112.6746068, -7.340103900000002], [112.6745555, -7.340097599999998]]}}, {"type": "Feature", "properties": {"layer": "osm_road", "stroke": "#999999"}, "geometry": {"type": "LineString", "coordinates": [[112.6858562, -7.350831000000001], [112.6858984, -7.351116800000001], [112.6859184, -7.3512168]]}}, {"type": "Feature", "properties": {"layer": "osm_road", "stroke": "#999999"}, "geometry": {"type": "LineString", "coordinates": [[112.67706689999999, -7.366985200000001], [112.67694939999998, -7.366971700000001], [112.6767221, -7.3669478], [112.67663219999999, -7.366932499999998], [112.67656509999999, -7.3669105], [112.67650679999998, -7.366884599999999], [112.67638349999999, -7.366808000000001], [112.67606479999999, -7.3666304], [112.6758206, -7.366487600000002], [112.67574169999999, -7.366440100000001], [112.67552709999998, -7.3663239], [112.6755042, -7.366312099999999]]}}, {"type": "Feature", "properties": {"layer": "osm_road", "stroke": "#999999"}, "geometry": {"type": "LineString", "coordinates": [[112.67707989999998, -7.366989099999999], [112.6772647, -7.3663775]]}}, {"type": "Feature", "properties": {"layer": "osm_road", "stroke": "#999999"}, "geometry": {"type": "LineString", "coordinates": [[112.6795096, -7.3642355], [112.67989519999999, -7.364310699999998]]}}, {"type": "Feature", "properties": {"layer": "osm_road", "stroke": "#999999"}, "geometry": {"type": "LineString", "coordinates": [[112.6679648, -7.346350999999999], [112.6674073, -7.346264800000001], [112.6666123, -7.346157000000001], [112.66611159999998, -7.346128399999999]]}}, {"type": "Feature", "properties": {"layer": "osm_road", "stroke": "#999999"}, "geometry": {"type": "LineString", "coordinates": [[112.66766879999999, -7.3473611], [112.66617149999999, -7.347377800000001]]}}, {"type": "Feature", "properties": {"layer": "osm_road", "stroke": "#999999"}, "geometry": {"type": "LineString", "coordinates": [[112.6819244, -7.355027100000002], [112.6819811, -7.3550097]]}}, {"type": "Feature", "properties": {"layer": "osm_road", "stroke": "#999999"}, "geometry": {"type": "LineString", "coordinates": [[112.6909477, -7.357238599999998], [112.6905752, -7.357409399999998], [112.6903478, -7.357502500000001], [112.6898097, -7.357703699999999], [112.68946719999998, -7.357821], [112.68924999999999, -7.357896799999998], [112.6890019, -7.357972599999998], [112.68885479999999, -7.358009899999999], [112.68851939999999, -7.358089499999998], [112.6872073, -7.358364600000001], [112.6869586, -7.358416299999999], [112.6866559, -7.358479600000001], [112.6854322, -7.358738300000001], [112.6853302, -7.358757599999999], [112.68473159999999, -7.358869500000001], [112.68459979999999, -7.3588922], [112.68430069999998, -7.358943400000001], [112.68420169999999, -7.3589621], [112.68413939999999, -7.3589752], [112.68379339999998, -7.359030000000001], [112.68368569999998, -7.359043899999998], [112.6835382, -7.359060599999999], [112.68342089999999, -7.359066599999999], [112.6821843, -7.358983500000001], [112.6818739, -7.3589755], [112.68164049999999, -7.358974399999998], [112.68149839999998, -7.3589781], [112.6812737, -7.358997500000001], [112.68108060000002, -7.3590247]]}}, {"type": "Feature", "properties": {"layer": "osm_road", "stroke": "#999999"}, "geometry": {"type": "LineString", "coordinates": [[112.6810853, -7.358933500000001], [112.6813509, -7.358900799999999], [112.68155600000001, -7.358884999999998], [112.68173669999999, -7.3588822999999985], [112.68254980000002, -7.358924899999998], [112.68333060000002, -7.358983900000002], [112.6834585, -7.3589870999999984], [112.68356769999998, -7.358979499999999], [112.68370990000001, -7.358960800000001], [112.6844514, -7.358807899999998], [112.68530250000002, -7.3586378], [112.68540539999998, -7.358618100000003], [112.68558669999999, -7.358578499999997], [112.6869133, -7.358326399999999], [112.6883179, -7.358044100000001], [112.68876169999999, -7.3579426], [112.68898309999999, -7.3578889], [112.68912389999998, -7.357844999999998], [112.68936129999999, -7.357769599999998], [112.68974089999999, -7.3576354], [112.6901083, -7.357484499999998], [112.6904595, -7.3573326], [112.6908712, -7.3571423000000005], [112.69094539999999, -7.3571109]]}}, {"type": "Feature", "properties": {"layer": "osm_road", "stroke": "#999999"}, "geometry": {"type": "LineString", "coordinates": [[112.6820175, -7.354000100000001], [112.68191929999999, -7.353997899999999]]}}, {"type": "Feature", "properties": {"layer": "osm_road", "stroke": "#999999"}, "geometry": {"type": "LineString", "coordinates": [[112.700593, -7.345663399999998], [112.70074429999998, -7.345685899999999], [112.70081459999999, -7.3456969999999995], [112.70091549999998, -7.345726]]}}, {"type": "Feature", "properties": {"layer": "osm_road", "stroke": "#999999"}, "geometry": {"type": "LineString", "coordinates": [[112.70173479999998, -7.345894499999998], [112.7017397, -7.345928699999999], [112.70177530000001, -7.346434099999998], [112.7017841, -7.346635200000001], [112.7017916, -7.3468051999999995], [112.70179889999999, -7.346971600000001], [112.7018153, -7.347347], [112.7018275, -7.3474071], [112.7018376, -7.347441099999999], [112.70187649999998, -7.3475089], [112.70189537728089, -7.347526310279025]]}}, {"type": "Feature", "properties": {"layer": "osm_road", "stroke": "#999999"}, "geometry": {"type": "LineString", "coordinates": [[112.70114819999999, -7.345403299999999], [112.700593, -7.345663399999998]]}}, {"type": "Feature", "properties": {"layer": "osm_road", "stroke": "#999999"}, "geometry": {"type": "LineString", "coordinates": [[112.6931742, -7.356529700000001], [112.69319379999999, -7.356518000000001]]}}, {"type": "Feature", "properties": {"layer": "osm_road", "stroke": "#999999"}, "geometry": {"type": "LineString", "coordinates": [[112.67410549999998, -7.353474899999998], [112.674122, -7.3534088]]}}, {"type": "Feature", "properties": {"layer": "osm_road", "stroke": "#999999"}, "geometry": {"type": "LineString", "coordinates": [[112.6895793, -7.355150499999998], [112.6894898, -7.354708399999998], [112.68944, -7.354526399999999]]}}, {"type": "Feature", "properties": {"layer": "osm_road", "stroke": "#999999"}, "geometry": {"type": "LineString", "coordinates": [[112.69527499999998, -7.3420736], [112.6952444, -7.342103500000001], [112.6949724, -7.3423554], [112.69489449999999, -7.3424254], [112.69473609999999, -7.342569699999999]]}}, {"type": "Feature", "properties": {"layer": "osm_road", "stroke": "#999999"}, "geometry": {"type": "LineString", "coordinates": [[112.69270060000001, -7.343649900000001], [112.69242189999999, -7.343774000000001], [112.69223839999998, -7.3438539999999985], [112.6919784, -7.343988100000001], [112.69166859999999, -7.344133099999998], [112.691398, -7.344252599999998]]}}, {"type": "Feature", "properties": {"layer": "osm_road", "stroke": "#999999"}, "geometry": {"type": "LineString", "coordinates": [[112.68459979999999, -7.3588922], [112.6845843, -7.359206900000001], [112.68454399999999, -7.3592561], [112.6844166, -7.359272099999998], [112.6843657, -7.3592441], [112.68430069999998, -7.358943400000001]]}}, {"type": "Feature", "properties": {"layer": "osm_road", "stroke": "#999999"}, "geometry": {"type": "LineString", "coordinates": [[112.67641319999998, -7.356564999999999], [112.67605079999998, -7.3563779], [112.67579499999998, -7.356218900000001], [112.67576209999999, -7.356198], [112.6757434, -7.356193300000001], [112.6757182, -7.356195600000002], [112.67548819999999, -7.3562814]]}}, {"type": "Feature", "properties": {"layer": "osm_road", "stroke": "#999999"}, "geometry": {"type": "LineString", "coordinates": [[112.69726210000002, -7.3541252], [112.69723619999999, -7.3543296]]}}, {"type": "Feature", "properties": {"layer": "osm_road", "stroke": "#999999"}, "geometry": {"type": "LineString", "coordinates": [[112.69525680000001, -7.354651400000002], [112.6952286, -7.354551700000001], [112.6952286, -7.354529099999998], [112.69524199999998, -7.3545131], [112.69539759999999, -7.3544705]]}}, {"type": "Feature", "properties": {"layer": "osm_road", "stroke": "#999999"}, "geometry": {"type": "LineString", "coordinates": [[112.69884559999998, -7.351826399999998], [112.69880939999999, -7.3517865], [112.6988107, -7.3517652], [112.69892329999999, -7.3516295000000005], [112.6989354, -7.351622900000001], [112.69896089999999, -7.3516295000000005], [112.6989971, -7.3516588]]}}, {"type": "Feature", "properties": {"layer": "osm_road", "stroke": "#999999"}, "geometry": {"type": "LineString", "coordinates": [[112.6977982, -7.350741], [112.6978773, -7.3506225999999995], [112.6979028, -7.350596], [112.6982226, -7.350323700000001]]}}, {"type": "Feature", "properties": {"layer": "osm_road", "stroke": "#999999"}, "geometry": {"type": "LineString", "coordinates": [[112.69619, -7.354242600000001], [112.6961245, -7.354087500000001]]}}, {"type": "Feature", "properties": {"layer": "osm_road", "stroke": "#999999"}, "geometry": {"type": "LineString", "coordinates": [[112.68045499999998, -7.361871], [112.67995879999998, -7.3617805999999995], [112.67957929999999, -7.3617154], [112.679527, -7.361686099999998], [112.6795162, -7.3616356000000005], [112.6795752, -7.361449399999998]]}}, {"type": "Feature", "properties": {"layer": "osm_road", "stroke": "#999999"}, "geometry": {"type": "LineString", "coordinates": [[112.6720711, -7.365438200000001], [112.6720567, -7.365302199999999], [112.6720157, -7.3651058]]}}, {"type": "Feature", "properties": {"layer": "osm_road", "stroke": "#999999"}, "geometry": {"type": "LineString", "coordinates": [[112.67603629999999, -7.3659791], [112.67587779999998, -7.3663599], [112.6758206, -7.366487600000002]]}}, {"type": "Feature", "properties": {"layer": "osm_road", "stroke": "#999999"}, "geometry": {"type": "LineString", "coordinates": [[112.67574169999999, -7.366440100000001], [112.67546799999998, -7.3669620999999985]]}}, {"type": "Feature", "properties": {"layer": "osm_road", "stroke": "#999999"}, "geometry": {"type": "LineString", "coordinates": [[112.67545279999999, -7.367972300000001], [112.6758857, -7.367213499999999]]}}, {"type": "Feature", "properties": {"layer": "osm_road", "stroke": "#999999"}, "geometry": {"type": "LineString", "coordinates": [[112.6755097, -7.364404699999998], [112.6754864, -7.364389799999999]]}}, {"type": "Feature", "properties": {"layer": "osm_road", "stroke": "#999999"}, "geometry": {"type": "LineString", "coordinates": [[112.67555590000002, -7.3644293], [112.6755097, -7.364404699999998]]}}, {"type": "Feature", "properties": {"layer": "osm_road", "stroke": "#999999"}, "geometry": {"type": "LineString", "coordinates": [[112.6755721, -7.3644393], [112.67555590000002, -7.3644293]]}}, {"type": "Feature", "properties": {"layer": "osm_road", "stroke": "#999999"}, "geometry": {"type": "LineString", "coordinates": [[112.673091, -7.3648889], [112.67342489999999, -7.364932800000002], [112.67372529999999, -7.3649979000000005]]}}, {"type": "Feature", "properties": {"layer": "osm_road", "stroke": "#999999"}, "geometry": {"type": "LineString", "coordinates": [[112.6994738, -7.338629700000001], [112.6994958, -7.338451900000001]]}}, {"type": "Feature", "properties": {"layer": "osm_road", "stroke": "#999999"}, "geometry": {"type": "LineString", "coordinates": [[112.699351, -7.3388598], [112.6996383, -7.338805599999998]]}}, {"type": "Feature", "properties": {"layer": "osm_road", "stroke": "#999999"}, "geometry": {"type": "LineString", "coordinates": [[112.6990063, -7.338738900000002], [112.69911469999998, -7.338907600000001], [112.69911639999998, -7.3389324], [112.69911289999999, -7.338953099999999], [112.6990844, -7.339040099999999]]}}, {"type": "Feature", "properties": {"layer": "osm_road", "stroke": "#999999"}, "geometry": {"type": "LineString", "coordinates": [[112.7005283, -7.3384756], [112.700638, -7.338839499999999], [112.70063709999998, -7.3388775], [112.7006193, -7.338908], [112.70017769999998, -7.339273800000001], [112.7001123, -7.339331299999998], [112.69956230000001, -7.3398952], [112.69891309999998, -7.340636999999999], [112.69816569999999, -7.3413512], [112.6980819, -7.341421699999998], [112.6979041, -7.341548700000001], [112.6974924, -7.3419012], [112.69742629999999, -7.341944799999998], [112.69721209999999, -7.342063499999999]]}}, {"type": "Feature", "properties": {"layer": "osm_road", "stroke": "#999999"}, "geometry": {"type": "LineString", "coordinates": [[112.68585599999999, -7.369872399999998], [112.68583599999998, -7.3706036]]}}, {"type": "Feature", "properties": {"layer": "osm_road", "stroke": "#999999"}, "geometry": {"type": "LineString", "coordinates": [[112.6857155, -7.370595999999998], [112.68576279999999, -7.3698571]]}}, {"type": "Feature", "properties": {"layer": "osm_road", "stroke": "#999999"}, "geometry": {"type": "LineString", "coordinates": [[112.6766892, -7.370033399999999], [112.6776119, -7.370110599999997], [112.67799539999999, -7.3701531], [112.6783569, -7.370199100000001], [112.67840929999998, -7.370206900000001], [112.67846050000001, -7.370209599999999]]}}, {"type": "Feature", "properties": {"layer": "osm_road", "stroke": "#999999"}, "geometry": {"type": "LineString", "coordinates": [[112.6857911, -7.3758688], [112.6858125, -7.375856999999999]]}}, {"type": "Feature", "properties": {"layer": "osm_road", "stroke": "#999999"}, "geometry": {"type": "LineString", "coordinates": [[112.68580079999998, -7.375875299999999], [112.6858125, -7.375856999999999]]}}, {"type": "Feature", "properties": {"layer": "osm_road", "stroke": "#999999"}, "geometry": {"type": "LineString", "coordinates": [[112.68466155551005, -7.377094393293547], [112.6847747, -7.376977400000001], [112.685114, -7.3765718], [112.68536679999998, -7.376262599999999], [112.6855767, -7.3760205], [112.6857911, -7.3758688]]}}, {"type": "Feature", "properties": {"layer": "osm_road", "stroke": "#999999"}, "geometry": {"type": "LineString", "coordinates": [[112.68501879999998, -7.376783300000001], [112.6854443, -7.376938700000001]]}}, {"type": "Feature", "properties": {"layer": "osm_road", "stroke": "#999999"}, "geometry": {"type": "LineString", "coordinates": [[112.6860135, -7.3513536], [112.6860454, -7.351340800000001]]}}, {"type": "Feature", "properties": {"layer": "osm_road", "stroke": "#999999"}, "geometry": {"type": "LineString", "coordinates": [[112.68595799999999, -7.351363300000002], [112.6860135, -7.3513536]]}}, {"type": "Feature", "properties": {"layer": "osm_road", "stroke": "#999999"}, "geometry": {"type": "LineString", "coordinates": [[112.68594349999998, -7.3513662], [112.68595799999999, -7.351363300000002]]}}, {"type": "Feature", "properties": {"layer": "osm_road", "stroke": "#999999"}, "geometry": {"type": "LineString", "coordinates": [[112.6799333, -7.359063300000001], [112.67995609999998, -7.3591869999999995]]}}, {"type": "Feature", "properties": {"layer": "osm_road", "stroke": "#999999"}, "geometry": {"type": "LineString", "coordinates": [[112.682692, -7.354940099999999], [112.6830487, -7.354795100000002]]}}, {"type": "Feature", "properties": {"layer": "osm_road", "stroke": "#999999"}, "geometry": {"type": "LineString", "coordinates": [[112.67692189999998, -7.3530028], [112.67696539999999, -7.3530289]]}}, {"type": "Feature", "properties": {"layer": "osm_road", "stroke": "#999999"}, "geometry": {"type": "LineString", "coordinates": [[112.6768877, -7.3529782], [112.67692189999998, -7.3530028]]}}, {"type": "Feature", "properties": {"layer": "osm_road", "stroke": "#999999"}, "geometry": {"type": "LineString", "coordinates": [[112.67977909999999, -7.359111099999999], [112.67963759999999, -7.359171], [112.67962689999999, -7.359189000000001], [112.6796309, -7.359272099999998]]}}, {"type": "Feature", "properties": {"layer": "osm_road", "stroke": "#999999"}, "geometry": {"type": "LineString", "coordinates": [[112.68371659999998, -7.359816099999997], [112.6836897, -7.3591072]]}}, {"type": "Feature", "properties": {"layer": "osm_road", "stroke": "#999999"}, "geometry": {"type": "LineString", "coordinates": [[112.68214139999999, -7.3595088], [112.6820965, -7.359810800000002], [112.6820683, -7.359946400000002]]}}, {"type": "Feature", "properties": {"layer": "osm_road", "stroke": "#999999"}, "geometry": {"type": "LineString", "coordinates": [[112.68164089999999, -7.35905], [112.68163379999999, -7.359419699999998], [112.6816419, -7.359444299999998], [112.68166129999999, -7.3594596], [112.68200459999998, -7.359488199999998], [112.68214139999999, -7.3595088], [112.68245989999998, -7.359556699999998]]}}, {"type": "Feature", "properties": {"layer": "osm_road", "stroke": "#999999"}, "geometry": {"type": "LineString", "coordinates": [[112.6847392, -7.358950900000001], [112.68474919999998, -7.359053900000001], [112.6847586, -7.359077900000002], [112.68476600000001, -7.3590824999999995], [112.6850986, -7.359074599999998]]}}, {"type": "Feature", "properties": {"layer": "osm_road", "stroke": "#999999"}, "geometry": {"type": "LineString", "coordinates": [[112.6995984, -7.368333100000003], [112.69953489999999, -7.368346300000002]]}}, {"type": "Feature", "properties": {"layer": "osm_road", "stroke": "#999999"}, "geometry": {"type": "LineString", "coordinates": [[112.69953809999998, -7.3683152], [112.6995984, -7.368333100000003]]}}, {"type": "Feature", "properties": {"layer": "osm_road", "stroke": "#999999"}, "geometry": {"type": "LineString", "coordinates": [[112.6993544, -7.368283099999999], [112.69934779999998, -7.368347]]}}, {"type": "Feature", "properties": {"layer": "osm_road", "stroke": "#999999"}, "geometry": {"type": "LineString", "coordinates": [[112.6993544, -7.368283099999999], [112.6994021, -7.3682891]]}}, {"type": "Feature", "properties": {"layer": "osm_road", "stroke": "#999999"}, "geometry": {"type": "LineString", "coordinates": [[112.7006096, -7.3684209], [112.70053989999998, -7.368418099999999], [112.6995984, -7.368333100000003]]}}, {"type": "Feature", "properties": {"layer": "osm_road", "stroke": "#999999"}, "geometry": {"type": "LineString", "coordinates": [[112.68620629999998, -7.355520599999998], [112.68618789999998, -7.3555323], [112.68617149999999, -7.355547200000001], [112.6861329, -7.355621699999999], [112.68611649999998, -7.355633700000001], [112.6861024, -7.355639700000001]]}}, {"type": "Feature", "properties": {"layer": "osm_road", "stroke": "#999999"}, "geometry": {"type": "LineString", "coordinates": [[112.6893901, -7.351312899999999], [112.68935989999999, -7.3505614]]}}, {"type": "Feature", "properties": {"layer": "osm_road", "stroke": "#999999"}, "geometry": {"type": "LineString", "coordinates": [[112.7018721, -7.3752651], [112.70116279999999, -7.375338300000001]]}}, {"type": "Feature", "properties": {"layer": "osm_road", "stroke": "#999999"}, "geometry": {"type": "LineString", "coordinates": [[112.6949828949385, -7.377094393293547], [112.69504239999999, -7.376506200000001]]}}, {"type": "Feature", "properties": {"layer": "osm_road", "stroke": "#999999"}, "geometry": {"type": "LineString", "coordinates": [[112.6930976, -7.359286100000001], [112.69310299999998, -7.3587919], [112.6931117, -7.3582418999999994]]}}, {"type": "Feature", "properties": {"layer": "osm_road", "stroke": "#999999"}, "geometry": {"type": "LineString", "coordinates": [[112.6883494, -7.359493499999998], [112.68834469999999, -7.3595207999999985], [112.68833179999999, -7.3595350999999996]]}}, {"type": "Feature", "properties": {"layer": "osm_road", "stroke": "#999999"}, "geometry": {"type": "LineString", "coordinates": [[112.6883508, -7.3594316999999965], [112.6883494, -7.359493499999998]]}}, {"type": "Feature", "properties": {"layer": "osm_road", "stroke": "#999999"}, "geometry": {"type": "LineString", "coordinates": [[112.6903281, -7.358977699999999], [112.6902498, -7.359011999999999], [112.6899949, -7.3590799], [112.68965829999999, -7.3591497000000015], [112.6892138, -7.359257400000002], [112.68859679999998, -7.359365200000003], [112.68838759999998, -7.359393799999997], [112.6883595, -7.359415699999999], [112.6883508, -7.3594316999999965]]}}, {"type": "Feature", "properties": {"layer": "osm_road", "stroke": "#999999"}, "geometry": {"type": "LineString", "coordinates": [[112.68873769999999, -7.357766500000001], [112.6887095, -7.3576162]]}}, {"type": "Feature", "properties": {"layer": "osm_road", "stroke": "#999999"}, "geometry": {"type": "LineString", "coordinates": [[112.68876169999999, -7.3579426], [112.6887504, -7.3578641]]}}, {"type": "Feature", "properties": {"layer": "osm_road", "stroke": "#999999"}, "geometry": {"type": "LineString", "coordinates": [[112.6868977, -7.358251900000001], [112.6869133, -7.358326399999999]]}}, {"type": "Feature", "properties": {"layer": "osm_road", "stroke": "#999999"}, "geometry": {"type": "LineString", "coordinates": [[112.68687079999998, -7.3581216000000005], [112.6868977, -7.358251900000001]]}}, {"type": "Feature", "properties": {"layer": "osm_road", "stroke": "#999999"}, "geometry": {"type": "LineString", "coordinates": [[112.6868186, -7.3577705], [112.6868507, -7.358031100000002], [112.68687079999998, -7.3581216000000005]]}}, {"type": "Feature", "properties": {"layer": "osm_road", "stroke": "#999999"}, "geometry": {"type": "LineString", "coordinates": [[112.6866771, -7.3586376], [112.68666629999998, -7.358550500000001]]}}, {"type": "Feature", "properties": {"layer": "osm_road", "stroke": "#999999"}, "geometry": {"type": "LineString", "coordinates": [[112.6872073, -7.358364600000001], [112.68721219999999, -7.358457699999999]]}}, {"type": "Feature", "properties": {"layer": "osm_road", "stroke": "#999999"}, "geometry": {"type": "LineString", "coordinates": [[112.68890470000001, -7.358579700000001], [112.6888633, -7.3581117], [112.68885479999999, -7.358009899999999]]}}, {"type": "Feature", "properties": {"layer": "osm_road", "stroke": "#999999"}, "geometry": {"type": "LineString", "coordinates": [[112.6920958, -7.356424400000001], [112.6920596, -7.356359199999999], [112.6920556, -7.356336599999999], [112.69205819999999, -7.356292699999999], [112.6920556, -7.3562542], [112.6920247, -7.3562156000000005], [112.6919255, -7.3561019], [112.69191340000002, -7.356077899999997], [112.69191340000002, -7.3560547], [112.69218029999999, -7.355811899999999]]}}, {"type": "Feature", "properties": {"layer": "osm_road", "stroke": "#999999"}, "geometry": {"type": "LineString", "coordinates": [[112.6946388, -7.354768800000001], [112.69458599999999, -7.3544939], [112.6944525, -7.353798900000001]]}}, {"type": "Feature", "properties": {"layer": "osm_road", "stroke": "#999999"}, "geometry": {"type": "LineString", "coordinates": [[112.69930957993627, -7.377094393293547], [112.69931529999998, -7.3770609], [112.6993261, -7.377041500000001], [112.69934779999998, -7.3770376], [112.69945079999998, -7.3770789]]}}, {"type": "Feature", "properties": {"layer": "osm_road", "stroke": "#999999"}, "geometry": {"type": "LineString", "coordinates": [[112.70004079999998, -7.375430100000001], [112.70004719999999, -7.3754868]]}}, {"type": "Feature", "properties": {"layer": "osm_road", "stroke": "#999999"}, "geometry": {"type": "LineString", "coordinates": [[112.70000239999999, -7.375472700000001], [112.70004079999998, -7.375430100000001]]}}, {"type": "Feature", "properties": {"layer": "osm_road", "stroke": "#999999"}, "geometry": {"type": "LineString", "coordinates": [[112.69950354527653, -7.377094393293547], [112.69953109999999, -7.376996199999998], [112.699625, -7.376672399999999], [112.6997166, -7.3763751000000015], [112.69981569999999, -7.376066000000002], [112.6999025, -7.375770900000002], [112.69999319999998, -7.3754907], [112.70000239999999, -7.375472700000001]]}}, {"type": "Feature", "properties": {"layer": "osm_road", "stroke": "#999999"}, "geometry": {"type": "LineString", "coordinates": [[112.70004079999998, -7.375430100000001], [112.70008769999998, -7.375289500000001], [112.70013, -7.375160599999999], [112.7001483, -7.375102799999999]]}}, {"type": "Feature", "properties": {"layer": "osm_road", "stroke": "#999999"}, "geometry": {"type": "LineString", "coordinates": [[112.6898414, -7.364454899999998], [112.68985449999998, -7.3644852]]}}, {"type": "Feature", "properties": {"layer": "osm_road", "stroke": "#999999"}, "geometry": {"type": "LineString", "coordinates": [[112.68985449999998, -7.3644852], [112.68988459999998, -7.364501500000001]]}}, {"type": "Feature", "properties": {"layer": "osm_road", "stroke": "#999999"}, "geometry": {"type": "LineString", "coordinates": [[112.69039399999998, -7.3644914], [112.69037819999998, -7.3645048], [112.6903637, -7.3645105], [112.6901874, -7.3645078], [112.68988459999998, -7.364501500000001]]}}, {"type": "Feature", "properties": {"layer": "osm_road", "stroke": "#999999"}, "geometry": {"type": "LineString", "coordinates": [[112.69040059999999, -7.364448299999999], [112.69039399999998, -7.3644914]]}}, {"type": "Feature", "properties": {"layer": "osm_road", "stroke": "#999999"}, "geometry": {"type": "LineString", "coordinates": [[112.68699519999998, -7.359868800000002], [112.6869679, -7.359961], [112.6869509, -7.360028], [112.68693560000001, -7.360096000000001], [112.6869071, -7.3603275], [112.6868822, -7.360581499999999], [112.6868145, -7.3611169], [112.68681719999998, -7.361198], [112.6868534, -7.361236599999999], [112.6871739, -7.3612858], [112.6879571, -7.361398799999999], [112.687996, -7.361389500000001], [112.6880376, -7.361309699999999], [112.6880644, -7.360989199999999], [112.6880671, -7.360923999999999]]}}, {"type": "Feature", "properties": {"layer": "osm_road", "stroke": "#999999"}, "geometry": {"type": "LineString", "coordinates": [[112.6875578, -7.3599061], [112.68749679999999, -7.3599112], [112.6874281, -7.359907800000002], [112.68731639999999, -7.359909200000001], [112.68715519999999, -7.3599052], [112.6870848, -7.359890599999999], [112.68699519999998, -7.359868800000002], [112.68700219999998, -7.3597914]]}}, {"type": "Feature", "properties": {"layer": "osm_road", "stroke": "#999999"}, "geometry": {"type": "LineString", "coordinates": [[112.6911566, -7.3673958], [112.69114369999998, -7.367481599999998]]}}, {"type": "Feature", "properties": {"layer": "osm_road", "stroke": "#999999"}, "geometry": {"type": "LineString", "coordinates": [[112.6913695, -7.3673942], [112.6912394, -7.367380500000001], [112.69120589999999, -7.367377], [112.69117499999999, -7.3673804], [112.6911566, -7.3673958]]}}, {"type": "Feature", "properties": {"layer": "osm_road", "stroke": "#999999"}, "geometry": {"type": "LineString", "coordinates": [[112.6959122, -7.3490402], [112.69582809999999, -7.349070800000001], [112.695807, -7.3491], [112.6958006, -7.349129900000001], [112.69580259999998, -7.349393599999999], [112.6957925, -7.349688199999998]]}}, {"type": "Feature", "properties": {"layer": "osm_road", "stroke": "#999999"}, "geometry": {"type": "LineString", "coordinates": [[112.69146619999998, -7.351970400000001], [112.6914692, -7.351954699999999], [112.69147419999999, -7.351946099999999], [112.6914849, -7.3519431000000015], [112.6914946, -7.351943699999999]]}}, {"type": "Feature", "properties": {"layer": "osm_road", "stroke": "#999999"}, "geometry": {"type": "LineString", "coordinates": [[112.6951734, -7.369976999999998], [112.6951684, -7.369988599999999], [112.6951485, -7.370022800000001]]}}, {"type": "Feature", "properties": {"layer": "osm_road", "stroke": "#999999"}, "geometry": {"type": "LineString", "coordinates": [[112.6951485, -7.370022800000001], [112.69512909999999, -7.369993000000001], [112.6951202, -7.3699754]]}}, {"type": "Feature", "properties": {"layer": "osm_road", "stroke": "#999999"}, "geometry": {"type": "LineString", "coordinates": [[112.6951734, -7.369976999999998], [112.6952167, -7.369983300000002], [112.6956771, -7.370056899999996]]}}, {"type": "Feature", "properties": {"layer": "osm_road", "stroke": "#999999"}, "geometry": {"type": "LineString", "coordinates": [[112.68702049999999, -7.354937400000001], [112.6871697, -7.354924800000001]]}}, {"type": "Feature", "properties": {"layer": "osm_road", "stroke": "#999999"}, "geometry": {"type": "LineString", "coordinates": [[112.6850681, -7.355566100000001], [112.6849693, -7.3564107]]}}, {"type": "Feature", "properties": {"layer": "osm_road", "stroke": "#999999"}, "geometry": {"type": "LineString", "coordinates": [[112.6934963, -7.3769047], [112.69345180893983, -7.377094393293547]]}}, {"type": "Feature", "properties": {"layer": "osm_road", "stroke": "#999999"}, "geometry": {"type": "LineString", "coordinates": [[112.69086079999998, -7.3441341000000016], [112.69069799999998, -7.344188999999999]]}}, {"type": "Feature", "properties": {"layer": "osm_road", "stroke": "#999999"}, "geometry": {"type": "LineString", "coordinates": [[112.69170169999998, -7.343805399999998], [112.69086079999998, -7.3441341000000016]]}}, {"type": "Feature", "properties": {"layer": "osm_road", "stroke": "#999999"}, "geometry": {"type": "LineString", "coordinates": [[112.695733, -7.3453034], [112.6957342, -7.345444600000002], [112.695709, -7.345511699999998], [112.6956806, -7.3455363999999985], [112.6956283, -7.345554999999999], [112.6955076, -7.3455603], [112.6953027, -7.345532099999999], [112.69497169999998, -7.345491000000001]]}}, {"type": "Feature", "properties": {"layer": "osm_road", "stroke": "#999999"}, "geometry": {"type": "LineString", "coordinates": [[112.6841779, -7.376218], [112.68392909999999, -7.376273900000003], [112.6838466, -7.3762758999999996], [112.68355389999999, -7.3762831], [112.68338259999999, -7.3762783999999995], [112.68321899999998, -7.376273900000003], [112.68313850000001, -7.376273100000001], [112.6828749, -7.3762706], [112.6827248, -7.376249999999998], [112.68254889999999, -7.376230100000001]]}}, {"type": "Feature", "properties": {"layer": "osm_road", "stroke": "#999999"}, "geometry": {"type": "LineString", "coordinates": [[112.6915314, -7.350930700000002], [112.6916763, -7.3509138]]}}, {"type": "Feature", "properties": {"layer": "osm_road", "stroke": "#999999"}, "geometry": {"type": "LineString", "coordinates": [[112.6807136, -7.3681266999999995], [112.68089219999999, -7.368134499999997]]}}, {"type": "Feature", "properties": {"layer": "osm_road", "stroke": "#999999"}, "geometry": {"type": "LineString", "coordinates": [[112.69940239999998, -7.3683473], [112.69934779999998, -7.368347]]}}, {"type": "Feature", "properties": {"layer": "osm_road", "stroke": "#999999"}, "geometry": {"type": "LineString", "coordinates": [[112.6994021, -7.3682891], [112.69953809999998, -7.3683152]]}}, {"type": "Feature", "properties": {"layer": "osm_road", "stroke": "#999999"}, "geometry": {"type": "LineString", "coordinates": [[112.69540719999999, -7.367856099999999], [112.6957857, -7.3678967]]}}, {"type": "Feature", "properties": {"layer": "osm_road", "stroke": "#999999"}, "geometry": {"type": "LineString", "coordinates": [[112.69577659999999, -7.367991499999998], [112.69540799999999, -7.3679574]]}}, {"type": "Feature", "properties": {"layer": "osm_road", "stroke": "#999999"}, "geometry": {"type": "LineString", "coordinates": [[112.69802509999998, -7.3526597], [112.6976895, -7.352366400000001], [112.69749640000002, -7.3525818], [112.69767209999999, -7.352718799999999]]}}, {"type": "Feature", "properties": {"layer": "osm_road", "stroke": "#999999"}, "geometry": {"type": "LineString", "coordinates": [[112.69657909999998, -7.3491941], [112.69628139999999, -7.349128900000002], [112.6963457, -7.3486368]]}}, {"type": "Feature", "properties": {"layer": "osm_road", "stroke": "#999999"}, "geometry": {"type": "LineString", "coordinates": [[112.69473179999999, -7.354464000000003], [112.69477369999998, -7.354454999999999]]}}, {"type": "Feature", "properties": {"layer": "osm_road", "stroke": "#999999"}, "geometry": {"type": "LineString", "coordinates": [[112.6946303, -7.354485900000001], [112.69473179999999, -7.354464000000003]]}}, {"type": "Feature", "properties": {"layer": "osm_road", "stroke": "#999999"}, "geometry": {"type": "LineString", "coordinates": [[112.69458599999999, -7.3544939], [112.6946303, -7.354485900000001]]}}, {"type": "Feature", "properties": {"layer": "osm_road", "stroke": "#999999"}, "geometry": {"type": "LineString", "coordinates": [[112.70032709999998, -7.352249299999999], [112.70011169999998, -7.3526234], [112.69998839999998, -7.352800199999998], [112.699962, -7.352824399999999], [112.69995250000001, -7.3528294], [112.6999424, -7.3528337], [112.69992749999999, -7.352835700000002], [112.69991019999999, -7.352834799999997], [112.69989729999999, -7.3528278999999985], [112.6998611, -7.352805599999998]]}}, {"type": "Feature", "properties": {"layer": "osm_road", "stroke": "#999999"}, "geometry": {"type": "LineString", "coordinates": [[112.68041070000001, -7.358345999999999], [112.68045399999998, -7.3583430000000005], [112.68049990000002, -7.358341], [112.6807908, -7.358318299999999]]}}, {"type": "Feature", "properties": {"layer": "osm_road", "stroke": "#999999"}, "geometry": {"type": "LineString", "coordinates": [[112.6803375, -7.363262799999999], [112.68072709999998, -7.3633296999999995], [112.68076039999998, -7.363328899999999], [112.6807834, -7.3633128], [112.68087739999999, -7.3627841]]}}, {"type": "Feature", "properties": {"layer": "osm_road", "stroke": "#999999"}, "geometry": {"type": "LineString", "coordinates": [[112.6826949, -7.3638081], [112.68265079999999, -7.364280299999998], [112.6826696, -7.364326], [112.68273109999998, -7.364363299999998], [112.6829336, -7.364389599999999], [112.6829669, -7.3644158], [112.6829866, -7.3644675], [112.6829789, -7.364959699999997]]}}, {"type": "Feature", "properties": {"layer": "osm_road", "stroke": "#999999"}, "geometry": {"type": "LineString", "coordinates": [[112.68361609999998, -7.364239599999998], [112.68351709999999, -7.364233700000001], [112.68349269999999, -7.364240899999997], [112.68347259999999, -7.364276000000001], [112.68346749999999, -7.364386999999998]]}}, {"type": "Feature", "properties": {"layer": "osm_road", "stroke": "#999999"}, "geometry": {"type": "LineString", "coordinates": [[112.68414239999998, -7.359038000000002], [112.68414659999999, -7.359124999999998], [112.684127, -7.359159700000003], [112.68409029999998, -7.359180899999998], [112.68387159999999, -7.3592165000000005], [112.6838425, -7.359208799999997], [112.68382799999999, -7.359186], [112.6838084, -7.359097399999998]]}}, {"type": "Feature", "properties": {"layer": "osm_road", "stroke": "#999999"}, "geometry": {"type": "LineString", "coordinates": [[112.6842978, -7.359566400000001], [112.68431579999998, -7.359598600000001], [112.6843585, -7.3596053], [112.68452339999999, -7.359547699999999]]}}, {"type": "Feature", "properties": {"layer": "osm_road", "stroke": "#999999"}, "geometry": {"type": "LineString", "coordinates": [[112.6703042, -7.3676929999999965], [112.6703044, -7.367685299999998], [112.6702978, -7.367281399999999], [112.6703169, -7.367257199999998], [112.6703872, -7.367218499999998], [112.6704559, -7.3671775]]}}, {"type": "Feature", "properties": {"layer": "osm_road", "stroke": "#999999"}, "geometry": {"type": "LineString", "coordinates": [[112.6668513, -7.3678733], [112.66720379999998, -7.367717899999997], [112.6672313, -7.3676823], [112.6671656, -7.367414800000001], [112.6671358, -7.367398099999998], [112.66708379999999, -7.3673996], [112.6668521, -7.367495099999998]]}}, {"type": "Feature", "properties": {"layer": "osm_road", "stroke": "#999999"}, "geometry": {"type": "LineString", "coordinates": [[112.66471449999999, -7.3723997999999975], [112.6646744, -7.372383299999999], [112.6645698, -7.3723314], [112.6643806, -7.372226299999998]]}}, {"type": "Feature", "properties": {"layer": "osm_road", "stroke": "#999999"}, "geometry": {"type": "LineString", "coordinates": [[112.6645976, -7.3728104], [112.6644477, -7.3727532], [112.66430139999999, -7.372652100000001]]}}, {"type": "Feature", "properties": {"layer": "osm_road", "stroke": "#999999"}, "geometry": {"type": "LineString", "coordinates": [[112.66430839999998, -7.3738608999999995], [112.66423299999998, -7.3738484], [112.6641645, -7.3738337000000005], [112.66413369999998, -7.373788500000001], [112.6641323, -7.373650099999999]]}}, {"type": "Feature", "properties": {"layer": "osm_road", "stroke": "#999999"}, "geometry": {"type": "LineString", "coordinates": [[112.66338629999998, -7.373268800000001], [112.663659, -7.373355299999999]]}}, {"type": "Feature", "properties": {"layer": "osm_road", "stroke": "#999999"}, "geometry": {"type": "LineString", "coordinates": [[112.6632692, -7.373321899999998], [112.6633393, -7.373315399999999], [112.66336819999998, -7.3732868], [112.66338629999998, -7.373268800000001], [112.6634245, -7.373160400000001]]}}, {"type": "Feature", "properties": {"layer": "osm_road", "stroke": "#999999"}, "geometry": {"type": "LineString", "coordinates": [[112.66365330000001, -7.370961099999998], [112.6638989, -7.3709861]]}}, {"type": "Feature", "properties": {"layer": "osm_road", "stroke": "#999999"}, "geometry": {"type": "LineString", "coordinates": [[112.6640748, -7.3693518000000005], [112.66442349999998, -7.369447799999999]]}}, {"type": "Feature", "properties": {"layer": "osm_road", "stroke": "#999999"}, "geometry": {"type": "LineString", "coordinates": [[112.66361809999998, -7.371251999999999], [112.66374319999998, -7.3712555], [112.66386059999999, -7.3712648]]}}, {"type": "Feature", "properties": {"layer": "osm_road", "stroke": "#999999"}, "geometry": {"type": "LineString", "coordinates": [[112.66411959999999, -7.3691971], [112.66362109999999, -7.369039300000001]]}}, {"type": "Feature", "properties": {"layer": "osm_road", "stroke": "#999999"}, "geometry": {"type": "LineString", "coordinates": [[112.6635343, -7.366014099999999], [112.66370729999998, -7.366423700000001]]}}, {"type": "Feature", "properties": {"layer": "osm_road", "stroke": "#999999"}, "geometry": {"type": "LineString", "coordinates": [[112.66250579999999, -7.371150700000001], [112.6629033, -7.3712417]]}}, {"type": "Feature", "properties": {"layer": "osm_road", "stroke": "#999999"}, "geometry": {"type": "LineString", "coordinates": [[112.66327019999999, -7.365745599999999], [112.66326899999999, -7.365652599999998]]}}, {"type": "Feature", "properties": {"layer": "osm_road", "stroke": "#999999"}, "geometry": {"type": "LineString", "coordinates": [[112.6670958, -7.3728845], [112.6670151, -7.372868100000001], [112.66672009999999, -7.3728545]]}}, {"type": "Feature", "properties": {"layer": "osm_road", "stroke": "#999999"}, "geometry": {"type": "LineString", "coordinates": [[112.66658009999999, -7.372164299999999], [112.6667904, -7.3722248]]}}, {"type": "Feature", "properties": {"layer": "osm_road", "stroke": "#999999"}, "geometry": {"type": "LineString", "coordinates": [[112.6660843, -7.372604399999999], [112.6662173, -7.3724694999999985], [112.6663296, -7.372343000000001]]}}, {"type": "Feature", "properties": {"layer": "osm_road", "stroke": "#999999"}, "geometry": {"type": "LineString", "coordinates": [[112.66784049999998, -7.3704462], [112.66772799999998, -7.370376399999999], [112.6676088, -7.370334699999998], [112.66749039999999, -7.3702809]]}}, {"type": "Feature", "properties": {"layer": "osm_road", "stroke": "#999999"}, "geometry": {"type": "LineString", "coordinates": [[112.66631629999999, -7.371781600000001], [112.6662769, -7.3718826], [112.6662769, -7.371897399999998], [112.6662964, -7.3719125], [112.66654369999999, -7.3720428]]}}, {"type": "Feature", "properties": {"layer": "osm_road", "stroke": "#999999"}, "geometry": {"type": "LineString", "coordinates": [[112.6676964, -7.3691893], [112.6675928, -7.369125200000003], [112.6673085, -7.368991899999998]]}}, {"type": "Feature", "properties": {"layer": "osm_road", "stroke": "#999999"}, "geometry": {"type": "LineString", "coordinates": [[112.6705628, -7.368212899999997], [112.6705072, -7.367975600000001]]}}, {"type": "Feature", "properties": {"layer": "osm_road", "stroke": "#999999"}, "geometry": {"type": "LineString", "coordinates": [[112.6694025, -7.3663086], [112.66951789999999, -7.366569100000001]]}}, {"type": "Feature", "properties": {"layer": "osm_road", "stroke": "#999999"}, "geometry": {"type": "LineString", "coordinates": [[112.66329609999998, -7.373153500000001], [112.66311639999999, -7.373108299999999], [112.66304959999998, -7.373088599999999], [112.66295579999999, -7.373043899999998]]}}, {"type": "Feature", "properties": {"layer": "osm_road", "stroke": "#999999"}, "geometry": {"type": "LineString", "coordinates": [[112.6804319, -7.3625005], [112.68029139999999, -7.362467199999998]]}}, {"type": "Feature", "properties": {"layer": "osm_road", "stroke": "#999999"}, "geometry": {"type": "LineString", "coordinates": [[112.68076209999998, -7.360877700000002], [112.68066209999999, -7.360847399999999]]}}, {"type": "Feature", "properties": {"layer": "osm_road", "stroke": "#999999"}, "geometry": {"type": "LineString", "coordinates": [[112.68874009999999, -7.357786300000002], [112.68873769999999, -7.357766500000001]]}}, {"type": "Feature", "properties": {"layer": "osm_road", "stroke": "#999999"}, "geometry": {"type": "LineString", "coordinates": [[112.6887504, -7.3578641], [112.68874009999999, -7.357786300000002]]}}, {"type": "Feature", "properties": {"layer": "osm_road", "stroke": "#999999"}, "geometry": {"type": "LineString", "coordinates": [[112.67869549999999, -7.3594849], [112.67932209999998, -7.359309000000001]]}}, {"type": "Feature", "properties": {"layer": "osm_road", "stroke": "#999999"}, "geometry": {"type": "LineString", "coordinates": [[112.67627079999998, -7.360207099999999], [112.6760562, -7.360273599999999]]}}, {"type": "Feature", "properties": {"layer": "osm_road", "stroke": "#999999"}, "geometry": {"type": "LineString", "coordinates": [[112.68663269999999, -7.360082200000002], [112.6866286, -7.3602761]]}}, {"type": "Feature", "properties": {"layer": "osm_road", "stroke": "#999999"}, "geometry": {"type": "LineString", "coordinates": [[112.68812339999998, -7.3634741], [112.688084, -7.3632513999999984], [112.68808359999998, -7.363236699999999], [112.6880895, -7.3632287], [112.68812, -7.3632158], [112.6881262, -7.363209999999997], [112.68812809999999, -7.363200600000001], [112.68812649999998, -7.363070800000001], [112.6881311, -7.3630592], [112.68814169999999, -7.3630541], [112.6883584, -7.363058699999998]]}}, {"type": "Feature", "properties": {"layer": "osm_road", "stroke": "#999999"}, "geometry": {"type": "LineString", "coordinates": [[112.68852949999999, -7.356647200000001], [112.6884944, -7.3566132999999985], [112.68845399999998, -7.3565705], [112.68842999999998, -7.3565548000000005], [112.6884, -7.356547700000002], [112.688261, -7.356554400000001]]}}, {"type": "Feature", "properties": {"layer": "osm_road", "stroke": "#999999"}, "geometry": {"type": "LineString", "coordinates": [[112.6798057, -7.360386899999996], [112.6803631, -7.3601353], [112.68049049999999, -7.360100799999998], [112.680571, -7.360100799999998], [112.68090700000002, -7.3601798999999986]]}}, {"type": "Feature", "properties": {"layer": "osm_road", "stroke": "#999999"}, "geometry": {"type": "LineString", "coordinates": [[112.67250759999999, -7.361397499999998], [112.6724949, -7.361241899999998], [112.67250629999998, -7.361210599999999], [112.67255189999999, -7.361182]]}}, {"type": "Feature", "properties": {"layer": "osm_road", "stroke": "#999999"}, "geometry": {"type": "LineString", "coordinates": [[112.6735702, -7.356892899999999], [112.67348270000001, -7.3570196999999995]]}}, {"type": "Feature", "properties": {"layer": "osm_road", "stroke": "#999999"}, "geometry": {"type": "LineString", "coordinates": [[112.673487, -7.357068499999998], [112.67348499999999, -7.357059199999998]]}}, {"type": "Feature", "properties": {"layer": "osm_road", "stroke": "#999999"}, "geometry": {"type": "LineString", "coordinates": [[112.67346399999998, -7.360507700000002], [112.6735537, -7.360506400000001]]}}, {"type": "Feature", "properties": {"layer": "osm_road", "stroke": "#999999"}, "geometry": {"type": "LineString", "coordinates": [[112.67568419999999, -7.359240499999999], [112.67574909999999, -7.3590433], [112.6760682, -7.358521900000001]]}}, {"type": "Feature", "properties": {"layer": "osm_road", "stroke": "#999999"}, "geometry": {"type": "LineString", "coordinates": [[112.6791044, -7.357724800000001], [112.67906019999998, -7.3574047]]}}, {"type": "Feature", "properties": {"layer": "osm_road", "stroke": "#999999"}, "geometry": {"type": "LineString", "coordinates": [[112.6743194, -7.362493499999997], [112.6744167, -7.362620500000003], [112.6744311, -7.362664], [112.67442399999999, -7.3627102], [112.67430869999998, -7.3631611999999995]]}}, {"type": "Feature", "properties": {"layer": "osm_road", "stroke": "#999999"}, "geometry": {"type": "LineString", "coordinates": [[112.6798057, -7.360386899999996], [112.6796805, -7.3604951], [112.67953159999999, -7.360848899999999], [112.6794177, -7.361128799999997], [112.67914, -7.361476599999998], [112.67900660000001, -7.361604300000001], [112.67890269999998, -7.3616502], [112.67878059999998, -7.361660899999999], [112.6783919, -7.361629099999998]]}}, {"type": "Feature", "properties": {"layer": "osm_road", "stroke": "#999999"}, "geometry": {"type": "LineString", "coordinates": [[112.69715509999999, -7.358137499999999], [112.6965611, -7.357961799999998]]}}, {"type": "Feature", "properties": {"layer": "osm_road", "stroke": "#999999"}, "geometry": {"type": "LineString", "coordinates": [[112.6971685, -7.357844900000001], [112.69719599999999, -7.357864199999998], [112.6972, -7.357888199999999], [112.69715509999999, -7.358137499999999], [112.69718130000001, -7.358411500000001], [112.6972094, -7.358494000000001], [112.69729389999999, -7.358653600000001], [112.6973087, -7.358693499999999], [112.69731939999998, -7.358749399999999], [112.6973703, -7.3590859], [112.69739449999999, -7.3592521]]}}, {"type": "Feature", "properties": {"layer": "osm_road", "stroke": "#999999"}, "geometry": {"type": "LineString", "coordinates": [[112.6899495, -7.3633216], [112.68948199999998, -7.363274199999998]]}}, {"type": "Feature", "properties": {"layer": "osm_road", "stroke": "#999999"}, "geometry": {"type": "LineString", "coordinates": [[112.69572549999998, -7.364350799999999], [112.6956912, -7.364349300000001]]}}, {"type": "Feature", "properties": {"layer": "osm_road", "stroke": "#999999"}, "geometry": {"type": "LineString", "coordinates": [[112.6917748, -7.361273399999998], [112.69057419999999, -7.361292299999998]]}}, {"type": "Feature", "properties": {"layer": "osm_road", "stroke": "#999999"}, "geometry": {"type": "LineString", "coordinates": [[112.69184179999999, -7.3609483], [112.69286149999999, -7.360936599999999], [112.69301489999998, -7.360934799999999]]}}, {"type": "Feature", "properties": {"layer": "osm_road", "stroke": "#999999"}, "geometry": {"type": "LineString", "coordinates": [[112.69249410000002, -7.3592761], [112.69248739999999, -7.358924899999998]]}}, {"type": "Feature", "properties": {"layer": "osm_road", "stroke": "#999999"}, "geometry": {"type": "LineString", "coordinates": [[112.6927918, -7.3563533], [112.6928951, -7.356299399999999]]}}, {"type": "Feature", "properties": {"layer": "osm_road", "stroke": "#999999"}, "geometry": {"type": "LineString", "coordinates": [[112.6928811, -7.362294399999999], [112.6928709, -7.361958799999999]]}}, {"type": "Feature", "properties": {"layer": "osm_road", "stroke": "#999999"}, "geometry": {"type": "LineString", "coordinates": [[112.6976135, -7.349281799999996], [112.6974247, -7.349404899999999]]}}, {"type": "Feature", "properties": {"layer": "osm_road", "stroke": "#999999"}, "geometry": {"type": "LineString", "coordinates": [[112.6692688, -7.361661500000002], [112.66930969999999, -7.3614248]]}}, {"type": "Feature", "properties": {"layer": "osm_road", "stroke": "#999999"}, "geometry": {"type": "LineString", "coordinates": [[112.6670373, -7.364237400000002], [112.66701179999998, -7.3641268]]}}, {"type": "Feature", "properties": {"layer": "osm_road", "stroke": "#999999"}, "geometry": {"type": "LineString", "coordinates": [[112.6661199, -7.364300300000001], [112.6661179, -7.364519099999999]]}}, {"type": "Feature", "properties": {"layer": "osm_road", "stroke": "#999999"}, "geometry": {"type": "LineString", "coordinates": [[112.67422589999998, -7.357665699999998], [112.67451439999999, -7.3576338]]}}, {"type": "Feature", "properties": {"layer": "osm_road", "stroke": "#999999"}, "geometry": {"type": "LineString", "coordinates": [[112.68087539999999, -7.358899599999999], [112.6805891, -7.358965100000001], [112.6806069, -7.359055499999999]]}}, {"type": "Feature", "properties": {"layer": "osm_road", "stroke": "#999999"}, "geometry": {"type": "LineString", "coordinates": [[112.682064, -7.352720500000001], [112.6819779, -7.3527267]]}}, {"type": "Feature", "properties": {"layer": "osm_road", "stroke": "#999999"}, "geometry": {"type": "LineString", "coordinates": [[112.676559, -7.352555599999999], [112.67592059999998, -7.3526191999999995]]}}, {"type": "Feature", "properties": {"layer": "osm_road", "stroke": "#999999"}, "geometry": {"type": "LineString", "coordinates": [[112.67744700000002, -7.3559291], [112.67754289999999, -7.355812]]}}, {"type": "Feature", "properties": {"layer": "osm_road", "stroke": "#999999"}, "geometry": {"type": "LineString", "coordinates": [[112.6811991, -7.351935600000001], [112.67847779999998, -7.352366400000001]]}}, {"type": "Feature", "properties": {"layer": "osm_road", "stroke": "#999999"}, "geometry": {"type": "LineString", "coordinates": [[112.67806649999999, -7.356899200000002], [112.67803639999998, -7.3567837]]}}, {"type": "Feature", "properties": {"layer": "osm_road", "stroke": "#999999"}, "geometry": {"type": "LineString", "coordinates": [[112.6816318, -7.357875599999999], [112.68160369999998, -7.3578549], [112.68155600000001, -7.357820299999999], [112.68149439999999, -7.357781100000001], [112.68147159999998, -7.357736500000002], [112.68141789999999, -7.357399400000001], [112.6814156, -7.357303900000001]]}}, {"type": "Feature", "properties": {"layer": "osm_road", "stroke": "#999999"}, "geometry": {"type": "LineString", "coordinates": [[112.68195599999999, -7.353308699999999], [112.68203489999999, -7.3533056]]}}, {"type": "Feature", "properties": {"layer": "osm_road", "stroke": "#999999"}, "geometry": {"type": "LineString", "coordinates": [[112.66365359999999, -7.3474623], [112.66364219999998, -7.347341300000002], [112.6636168, -7.347273399999998], [112.6634437, -7.347047100000001]]}}, {"type": "Feature", "properties": {"layer": "osm_road", "stroke": "#999999"}, "geometry": {"type": "LineString", "coordinates": [[112.66381189999998, -7.3459753], [112.6638371, -7.345844700000002]]}}, {"type": "Feature", "properties": {"layer": "osm_road", "stroke": "#999999"}, "geometry": {"type": "LineString", "coordinates": [[112.6636738, -7.3474657], [112.66365359999999, -7.3474623], [112.66364699999998, -7.347509600000001], [112.6635098, -7.3480846999999985]]}}, {"type": "Feature", "properties": {"layer": "osm_road", "stroke": "#999999"}, "geometry": {"type": "LineString", "coordinates": [[112.664235, -7.347516200000001], [112.664161, -7.3475124]]}}, {"type": "Feature", "properties": {"layer": "osm_road", "stroke": "#999999"}, "geometry": {"type": "LineString", "coordinates": [[112.66425179999999, -7.3436064000000005], [112.6648484, -7.343688800000002]]}}, {"type": "Feature", "properties": {"layer": "osm_road", "stroke": "#999999"}, "geometry": {"type": "LineString", "coordinates": [[112.68981619999998, -7.356350199999999], [112.6896393, -7.3564020999999995], [112.6895468, -7.356422399999996], [112.68938410000001, -7.3564392000000005], [112.6890592, -7.3565108], [112.68896929999998, -7.3565381], [112.68853060000002, -7.3566571]]}}, {"type": "Feature", "properties": {"layer": "osm_road", "stroke": "#999999"}, "geometry": {"type": "LineString", "coordinates": [[112.68994659999998, -7.3563082], [112.68981619999998, -7.356350199999999]]}}, {"type": "Feature", "properties": {"layer": "osm_road", "stroke": "#999999"}, "geometry": {"type": "LineString", "coordinates": [[112.69002029999999, -7.3562731], [112.68994659999998, -7.3563082]]}}, {"type": "Feature", "properties": {"layer": "osm_road", "stroke": "#999999"}, "geometry": {"type": "LineString", "coordinates": [[112.69833799999999, -7.3488847], [112.69828019999999, -7.3489301], [112.69818849999999, -7.348980600000002], [112.6979236, -7.349126299999999], [112.6976135, -7.349281799999996]]}}, {"type": "Feature", "properties": {"layer": "osm_road", "stroke": "#999999"}, "geometry": {"type": "LineString", "coordinates": [[112.6659805, -7.341980999999999], [112.6654923, -7.3419012]]}}, {"type": "Feature", "properties": {"layer": "osm_road", "stroke": "#999999"}, "geometry": {"type": "LineString", "coordinates": [[112.67199999999998, -7.350146500000001], [112.67199929999998, -7.350184999999999]]}}, {"type": "Feature", "properties": {"layer": "osm_road", "stroke": "#999999"}, "geometry": {"type": "LineString", "coordinates": [[112.6720007, -7.350115200000001], [112.67199999999998, -7.350146500000001]]}}, {"type": "Feature", "properties": {"layer": "osm_road", "stroke": "#999999"}, "geometry": {"type": "LineString", "coordinates": [[112.68956749999998, -7.3463236], [112.689667, -7.346526]]}}, {"type": "Feature", "properties": {"layer": "osm_road", "stroke": "#999999"}, "geometry": {"type": "LineString", "coordinates": [[112.69764639999998, -7.3459707], [112.6975802, -7.345959999999998], [112.69724649999999, -7.3459026000000005], [112.697019, -7.345850299999999], [112.69681560000001, -7.345802399999999], [112.69667159999999, -7.345749199999999]]}}, {"type": "Feature", "properties": {"layer": "osm_road", "stroke": "#999999"}, "geometry": {"type": "LineString", "coordinates": [[112.6977365, -7.340890199999999], [112.69792849999999, -7.341113999999998]]}}, {"type": "Feature", "properties": {"layer": "osm_road", "stroke": "#999999"}, "geometry": {"type": "LineString", "coordinates": [[112.69719169999999, -7.3403097], [112.6977365, -7.340890199999999]]}}, {"type": "Feature", "properties": {"layer": "osm_road", "stroke": "#999999"}, "geometry": {"type": "LineString", "coordinates": [[112.7003355, -7.338507], [112.70032609999998, -7.3384269]]}}, {"type": "Feature", "properties": {"layer": "osm_road", "stroke": "#999999"}, "geometry": {"type": "LineString", "coordinates": [[112.6977955, -7.3397251], [112.69785779999998, -7.339798999999998]]}}, {"type": "Feature", "properties": {"layer": "osm_road", "stroke": "#999999"}, "geometry": {"type": "LineString", "coordinates": [[112.6780705, -7.343001199999998], [112.67814629999998, -7.3422896], [112.6781646, -7.342263300000001], [112.678182, -7.3422543000000005], [112.6782305, -7.3422577]]}}, {"type": "Feature", "properties": {"layer": "osm_road", "stroke": "#999999"}, "geometry": {"type": "LineString", "coordinates": [[112.6776937, -7.3462692], [112.67693369999999, -7.346063799999998], [112.67629619999998, -7.3459048]]}}, {"type": "Feature", "properties": {"layer": "osm_road", "stroke": "#999999"}, "geometry": {"type": "LineString", "coordinates": [[112.6767485, -7.346851399999999], [112.67693369999999, -7.346063799999998], [112.677058, -7.345534999999998], [112.6771519, -7.345008299999999]]}}, {"type": "Feature", "properties": {"layer": "osm_road", "stroke": "#999999"}, "geometry": {"type": "LineString", "coordinates": [[112.6825968, -7.3470966], [112.68255109999998, -7.3470607], [112.682531, -7.347020799999999], [112.6825619, -7.3467374], [112.6827764, -7.345439300000001]]}}, {"type": "Feature", "properties": {"layer": "osm_road", "stroke": "#999999"}, "geometry": {"type": "LineString", "coordinates": [[112.67427449999998, -7.3420941], [112.67423229999999, -7.342297599999998]]}}, {"type": "Feature", "properties": {"layer": "osm_road", "stroke": "#999999"}, "geometry": {"type": "LineString", "coordinates": [[112.67427449999998, -7.3420941], [112.6743563, -7.3421114]]}}, {"type": "Feature", "properties": {"layer": "osm_road", "stroke": "#999999"}, "geometry": {"type": "LineString", "coordinates": [[112.6824744, -7.356713900000001], [112.6824606, -7.356504200000002]]}}, {"type": "Feature", "properties": {"layer": "osm_road", "stroke": "#999999"}, "geometry": {"type": "LineString", "coordinates": [[112.67296899999998, -7.358858400000001], [112.67300579999998, -7.3591863], [112.67303799999999, -7.359323299999998], [112.67310709999998, -7.3595609]]}}, {"type": "Feature", "properties": {"layer": "osm_road", "stroke": "#999999"}, "geometry": {"type": "LineString", "coordinates": [[112.66780439999998, -7.3539904], [112.6683889, -7.354115799999999]]}}, {"type": "Feature", "properties": {"layer": "osm_road", "stroke": "#999999"}, "geometry": {"type": "LineString", "coordinates": [[112.6715031, -7.3539691], [112.67157289999999, -7.353599299999998], [112.67161879999999, -7.353360299999999]]}}, {"type": "Feature", "properties": {"layer": "osm_road", "stroke": "#999999"}, "geometry": {"type": "LineString", "coordinates": [[112.67828639999999, -7.341100499999999], [112.6781563, -7.341886600000001]]}}, {"type": "Feature", "properties": {"layer": "osm_road", "stroke": "#999999"}, "geometry": {"type": "LineString", "coordinates": [[112.6731359, -7.3395688], [112.67288579999999, -7.3395017], [112.67286299999999, -7.339473699999998], [112.67284959999999, -7.3394458], [112.67296219999999, -7.338940400000001], [112.67299309999999, -7.338880500000001], [112.67303199999999, -7.3388699], [112.6734866, -7.3389429999999996], [112.6742048, -7.339078699999998], [112.6748063, -7.339198400000001], [112.6749082, -7.339223699999998]]}}, {"type": "Feature", "properties": {"layer": "osm_road", "stroke": "#999999"}, "geometry": {"type": "LineString", "coordinates": [[112.6746199, -7.339827499999998], [112.67476529999999, -7.3398554]]}}, {"type": "Feature", "properties": {"layer": "osm_road", "stroke": "#999999"}, "geometry": {"type": "LineString", "coordinates": [[112.67476529999999, -7.3398554], [112.6748304, -7.3398608], [112.6750973, -7.339903400000001], [112.67518039999999, -7.339898000000001], [112.6752046, -7.3398608], [112.67530110000001, -7.339323399999999], [112.67529439999998, -7.339284900000003], [112.675273, -7.339275500000001], [112.6749082, -7.339223699999998]]}}, {"type": "Feature", "properties": {"layer": "osm_road", "stroke": "#999999"}, "geometry": {"type": "LineString", "coordinates": [[112.69048529999999, -7.3413415], [112.69017429999998, -7.341295400000001], [112.6900148, -7.341281700000001], [112.68974479999999, -7.341297299999998], [112.68947789999999, -7.341298499999999], [112.6893559, -7.341285599999996], [112.689111, -7.3412474], [112.68813289999999, -7.341094699999999], [112.6873721, -7.3409759999999995], [112.68679709999999, -7.340886299999999], [112.68673939999998, -7.340878700000001], [112.68668069999998, -7.340875299999999], [112.68663809999998, -7.340877600000001], [112.6864296, -7.340947500000001]]}}, {"type": "Feature", "properties": {"layer": "osm_road", "stroke": "#999999"}, "geometry": {"type": "LineString", "coordinates": [[112.68702029999999, -7.348622799999998], [112.68702579999999, -7.348557], [112.6870304, -7.348516399999999], [112.6870334, -7.348484200000001]]}}, {"type": "Feature", "properties": {"layer": "osm_road", "stroke": "#999999"}, "geometry": {"type": "LineString", "coordinates": [[112.6951254, -7.348740600000001], [112.6950851, -7.3490046000000016], [112.6950694, -7.349075600000003], [112.69504689999998, -7.349136300000002], [112.6950378, -7.3491506], [112.69501499999998, -7.349184500000002], [112.69500589999998, -7.3492041]]}}, {"type": "Feature", "properties": {"layer": "osm_road", "stroke": "#999999"}, "geometry": {"type": "LineString", "coordinates": [[112.694308, -7.349904600000001], [112.6941531, -7.349910100000001], [112.69412120000001, -7.349906700000001], [112.69409670000002, -7.349905000000001], [112.6940585, -7.349900399999999], [112.69390489999999, -7.3498898], [112.6938566, -7.349880400000001], [112.6938178, -7.3498552], [112.6937493, -7.3497834]]}}, {"type": "Feature", "properties": {"layer": "osm_road", "stroke": "#999999"}, "geometry": {"type": "LineString", "coordinates": [[112.6976185, -7.347729700000001], [112.6976426, -7.347768300000001], [112.69765999999998, -7.347812800000001], [112.69766159999999, -7.347848699999999], [112.6976553, -7.347873999999999], [112.6976372, -7.3478907000000016]]}}, {"type": "Feature", "properties": {"layer": "osm_road", "stroke": "#999999"}, "geometry": {"type": "LineString", "coordinates": [[112.6972866, -7.3467308000000004], [112.69731270000001, -7.346776699999999], [112.69736029999999, -7.346870499999999], [112.69736500000002, -7.346907000000001], [112.6973563, -7.346933599999998], [112.69731, -7.3469709], [112.6972946, -7.3469868], [112.6972962, -7.347003599999998]]}}, {"type": "Feature", "properties": {"layer": "osm_road", "stroke": "#999999"}, "geometry": {"type": "LineString", "coordinates": [[112.695194, -7.347089300000003], [112.6953466, -7.347131199999999]]}}, {"type": "Feature", "properties": {"layer": "osm_road", "stroke": "#999999"}, "geometry": {"type": "LineString", "coordinates": [[112.6926876, -7.3479297], [112.6927253, -7.3477999], [112.6927634, -7.347681699999999], [112.6927852, -7.347588899999999], [112.69281239999998, -7.347495200000003], [112.69283579999998, -7.347412199999997], [112.69285099999999, -7.347368499999998], [112.6928794, -7.347290900000001], [112.69292109999999, -7.347165699999999], [112.69297510000001, -7.3469822]]}}, {"type": "Feature", "properties": {"layer": "osm_road", "stroke": "#999999"}, "geometry": {"type": "LineString", "coordinates": [[112.6907584, -7.347634299999998], [112.69068359999999, -7.347648600000001], [112.6906031, -7.347648600000001], [112.69023809999999, -7.347601699999998]]}}, {"type": "Feature", "properties": {"layer": "osm_road", "stroke": "#999999"}, "geometry": {"type": "LineString", "coordinates": [[112.6897488, -7.344762199999999], [112.68972739999998, -7.344651899999998], [112.68974479999999, -7.344584000000002], [112.6897931, -7.344540099999998], [112.68986419999999, -7.344509499999998], [112.68989770000002, -7.344485600000001], [112.6899125, -7.344454999999998], [112.68991109999999, -7.344423199999999], [112.6897864, -7.3439988], [112.689714, -7.343766], [112.68967509999999, -7.3437288], [112.68964159999999, -7.343720799999999], [112.6894055, -7.343813900000001]]}}, {"type": "Feature", "properties": {"layer": "osm_road", "stroke": "#999999"}, "geometry": {"type": "LineString", "coordinates": [[112.69286519999999, -7.345180299999999], [112.6929051, -7.345195900000002], [112.69292659999999, -7.3452171], [112.692936, -7.345243099999999], [112.6929481, -7.3452644], [112.69298089999998, -7.345282300000001], [112.6934001, -7.345425800000001]]}}, {"type": "Feature", "properties": {"layer": "osm_road", "stroke": "#999999"}, "geometry": {"type": "LineString", "coordinates": [[112.6929953, -7.3450505999999995], [112.6931616, -7.345082299999998], [112.693221, -7.345096800000001], [112.6932827, -7.345105399999999], [112.69336650000001, -7.3450941], [112.69343969999998, -7.345084300000001], [112.6935323, -7.345098199999998]]}}, {"type": "Feature", "properties": {"layer": "osm_road", "stroke": "#999999"}, "geometry": {"type": "LineString", "coordinates": [[112.6944698, -7.3450164000000004], [112.694408, -7.345182700000001], [112.6943703, -7.345290299999999], [112.6943555, -7.3453608], [112.6943475, -7.3454566]]}}, {"type": "Feature", "properties": {"layer": "osm_road", "stroke": "#999999"}, "geometry": {"type": "LineString", "coordinates": [[112.6957181, -7.3452717000000005], [112.6957141, -7.3449032]]}}, {"type": "Feature", "properties": {"layer": "osm_road", "stroke": "#999999"}, "geometry": {"type": "LineString", "coordinates": [[112.6942412, -7.351643399999999], [112.69461710000002, -7.351736400000001]]}}, {"type": "Feature", "properties": {"layer": "osm_road", "stroke": "#999999"}, "geometry": {"type": "LineString", "coordinates": [[112.6962248, -7.3507199], [112.6962948, -7.350624000000002]]}}, {"type": "Feature", "properties": {"layer": "osm_road", "stroke": "#999999"}, "geometry": {"type": "LineString", "coordinates": [[112.6961037, -7.3460811], [112.6960677, -7.345994899999998]]}}, {"type": "Feature", "properties": {"layer": "osm_road", "stroke": "#999999"}, "geometry": {"type": "LineString", "coordinates": [[112.6962209, -7.338502999999998], [112.6964011, -7.338261400000001]]}}, {"type": "Feature", "properties": {"layer": "osm_road", "stroke": "#999999"}, "geometry": {"type": "LineString", "coordinates": [[112.6961658, -7.338577700000001], [112.6962209, -7.338502999999998]]}}, {"type": "Feature", "properties": {"layer": "osm_road", "stroke": "#999999"}, "geometry": {"type": "LineString", "coordinates": [[112.70050449999998, -7.341548700000001], [112.7005686, -7.341575]]}}, {"type": "Feature", "properties": {"layer": "osm_road", "stroke": "#999999"}, "geometry": {"type": "LineString", "coordinates": [[112.69824349999999, -7.343462400000001], [112.69824469999999, -7.343537200000001], [112.6982504, -7.3437041]]}}, {"type": "Feature", "properties": {"layer": "osm_road", "stroke": "#999999"}, "geometry": {"type": "LineString", "coordinates": [[112.69841769999998, -7.344090599999999], [112.69832119999998, -7.3442514999999995], [112.6982863, -7.344311300000001], [112.69824909999998, -7.344414300000001]]}}, {"type": "Feature", "properties": {"layer": "osm_road", "stroke": "#999999"}, "geometry": {"type": "LineString", "coordinates": [[112.70064139999998, -7.3413779], [112.7004046, -7.341257800000001], [112.70031609999998, -7.341209200000001], [112.70020009999999, -7.3411543]]}}, {"type": "Feature", "properties": {"layer": "osm_road", "stroke": "#999999"}, "geometry": {"type": "LineString", "coordinates": [[112.6998953, -7.340350399999999], [112.7000935, -7.340429399999999], [112.70010419999998, -7.340436699999999], [112.7001196, -7.340457999999999], [112.70013839999999, -7.3404753], [112.70023489999998, -7.340507899999999]]}}, {"type": "Feature", "properties": {"layer": "osm_road", "stroke": "#999999"}, "geometry": {"type": "LineString", "coordinates": [[112.70054339999999, -7.340184000000001], [112.70053489999998, -7.340163399999998], [112.700534, -7.3401348], [112.7005863, -7.339956600000001], [112.70059029999999, -7.339921999999999], [112.7005862, -7.339895099999999]]}}, {"type": "Feature", "properties": {"layer": "osm_road", "stroke": "#999999"}, "geometry": {"type": "LineString", "coordinates": [[112.70184849999998, -7.3439723], [112.70189537728089, -7.343988776240982]]}}, {"type": "Feature", "properties": {"layer": "osm_road", "stroke": "#999999"}, "geometry": {"type": "LineString", "coordinates": [[112.6809164, -7.3559917], [112.6805955, -7.356077099999999]]}}, {"type": "Feature", "properties": {"layer": "osm_road", "stroke": "#999999"}, "geometry": {"type": "LineString", "coordinates": [[112.6827227, -7.356652300000001], [112.682712, -7.357177100000001]]}}, {"type": "Feature", "properties": {"layer": "osm_road", "stroke": "#999999"}, "geometry": {"type": "LineString", "coordinates": [[112.7002054, -7.3478175], [112.70016659999999, -7.3477576]]}}, {"type": "Feature", "properties": {"layer": "osm_road", "stroke": "#999999"}, "geometry": {"type": "LineString", "coordinates": [[112.70016659999999, -7.3477576], [112.70010889999999, -7.347705799999999]]}}, {"type": "Feature", "properties": {"layer": "osm_road", "stroke": "#999999"}, "geometry": {"type": "LineString", "coordinates": [[112.70022919999998, -7.3478468999999995], [112.7002054, -7.3478175]]}}, {"type": "Feature", "properties": {"layer": "osm_road", "stroke": "#999999"}, "geometry": {"type": "LineString", "coordinates": [[112.69262489999998, -7.3389789], [112.6927661, -7.3386431], [112.69277439999999, -7.3385905000000005], [112.6927621, -7.338537999999998], [112.69273259999999, -7.3385115], [112.6924321, -7.338390199999998]]}}, {"type": "Feature", "properties": {"layer": "osm_road", "stroke": "#999999"}, "geometry": {"type": "LineString", "coordinates": [[112.6917002, -7.343417499999998], [112.6916546, -7.343360299999999], [112.6916277, -7.343338999999999], [112.6914373, -7.343226], [112.691393, -7.343211300000001], [112.69120839999998, -7.343188299999999]]}}, {"type": "Feature", "properties": {"layer": "osm_road", "stroke": "#999999"}, "geometry": {"type": "LineString", "coordinates": [[112.6940876, -7.358271500000001], [112.6944778, -7.358267700000002], [112.6945167, -7.358268299999998], [112.6945688, -7.358265199999999], [112.69468549999999, -7.3582386], [112.69472459999999, -7.3582363000000015], [112.6953054, -7.358235000000001]]}}, {"type": "Feature", "properties": {"layer": "osm_road", "stroke": "#999999"}, "geometry": {"type": "LineString", "coordinates": [[112.69452349999999, -7.3583786999999985], [112.6944859, -7.358377400000002], [112.6941304, -7.3583629]]}}, {"type": "Feature", "properties": {"layer": "osm_road", "stroke": "#999999"}, "geometry": {"type": "LineString", "coordinates": [[112.69056079999999, -7.3587351], [112.6905178, -7.358602199999999], [112.69047799999998, -7.358442], [112.6904816, -7.358316099999998], [112.6904207, -7.3579539999999986], [112.69041589999999, -7.357895699999999], [112.6903478, -7.357502500000001]]}}, {"type": "Feature", "properties": {"layer": "osm_road", "stroke": "#999999"}, "geometry": {"type": "LineString", "coordinates": [[112.69305710000002, -7.357978199999998], [112.69351059999998, -7.357944999999998], [112.6935442, -7.357951299999999], [112.69356969999998, -7.3579673], [112.69360589999998, -7.357971300000002], [112.69391369999998, -7.357903099999998]]}}, {"type": "Feature", "properties": {"layer": "osm_road", "stroke": "#999999"}, "geometry": {"type": "LineString", "coordinates": [[112.69305710000002, -7.357978199999998], [112.6928964, -7.357957999999998], [112.69272849999999, -7.3579489], [112.69265449999999, -7.357951600000001], [112.6924334, -7.357959599999997]]}}, {"type": "Feature", "properties": {"layer": "osm_road", "stroke": "#999999"}, "geometry": {"type": "LineString", "coordinates": [[112.69547439999998, -7.3597427], [112.6956999, -7.3598261]]}}, {"type": "Feature", "properties": {"layer": "osm_road", "stroke": "#999999"}, "geometry": {"type": "LineString", "coordinates": [[112.69012409999999, -7.3595653999999975], [112.6893897, -7.3595201]]}}, {"type": "Feature", "properties": {"layer": "osm_road", "stroke": "#999999"}, "geometry": {"type": "LineString", "coordinates": [[112.69605999999999, -7.3607288], [112.69608879999998, -7.360329], [112.69610199999998, -7.360154999999998]]}}, {"type": "Feature", "properties": {"layer": "osm_road", "stroke": "#999999"}, "geometry": {"type": "LineString", "coordinates": [[112.69605999999999, -7.3607288], [112.69606479999999, -7.360742500000002], [112.69607749999999, -7.360750400000001], [112.6962136, -7.3607687]]}}, {"type": "Feature", "properties": {"layer": "osm_road", "stroke": "#999999"}, "geometry": {"type": "LineString", "coordinates": [[112.69038739999999, -7.3583666], [112.69015619999999, -7.3584147999999985]]}}, {"type": "Feature", "properties": {"layer": "osm_road", "stroke": "#999999"}, "geometry": {"type": "LineString", "coordinates": [[112.67113919999998, -7.357999599999999], [112.6711387, -7.357731199999998]]}}, {"type": "Feature", "properties": {"layer": "osm_road", "stroke": "#999999"}, "geometry": {"type": "LineString", "coordinates": [[112.68262, -7.375123000000002], [112.68250559999998, -7.375117499999999], [112.68232289999999, -7.375098200000001], [112.68035629999999, -7.374880499999999], [112.6797378, -7.374812], [112.6787116, -7.374670499999999]]}}, {"type": "Feature", "properties": {"layer": "osm_road", "stroke": "#999999"}, "geometry": {"type": "LineString", "coordinates": [[112.70108099999999, -7.3515848], [112.7005192, -7.3514454], [112.7005896, -7.350882899999999]]}}, {"type": "Feature", "properties": {"layer": "osm_road", "stroke": "#999999"}, "geometry": {"type": "LineString", "coordinates": [[112.70144329999998, -7.3507071], [112.7014728, -7.350901900000001], [112.7014849, -7.3510881], [112.7014728, -7.351113399999999], [112.70144199999999, -7.3511267999999985], [112.70137759999999, -7.351156], [112.70135409999999, -7.3511746], [112.7013373, -7.351201199999998], [112.70117980000002, -7.351451299999997], [112.70108099999999, -7.3515848], [112.7010342, -7.351648099999999], [112.70098859999999, -7.3516987], [112.7009511, -7.3517359], [112.7008371, -7.351838299999999], [112.7007741, -7.351900799999999], [112.7007325, -7.351971299999999], [112.70067209999999, -7.3520937], [112.70065609999999, -7.3521403], [112.70065069999998, -7.352185500000001], [112.7006668, -7.352295899999998], [112.70071369999998, -7.352402299999998], [112.7007231, -7.3524289000000005]]}}, {"type": "Feature", "properties": {"layer": "osm_road", "stroke": "#999999"}, "geometry": {"type": "LineString", "coordinates": [[112.6932815, -7.343409299999999], [112.6931507, -7.343354399999996], [112.69310599999999, -7.343299999999998], [112.69309299999999, -7.3432426999999985], [112.69300419999999, -7.341842599999996]]}}, {"type": "Feature", "properties": {"layer": "osm_road", "stroke": "#999999"}, "geometry": {"type": "LineString", "coordinates": [[112.69707529999998, -7.344155700000001], [112.6970418, -7.344298], [112.6970418, -7.344348600000003], [112.6969935, -7.344490900000001]]}}, {"type": "Feature", "properties": {"layer": "osm_road", "stroke": "#999999"}, "geometry": {"type": "LineString", "coordinates": [[112.68405329999999, -7.361354900000001], [112.68405030000001, -7.361371599999998], [112.6840474, -7.361389599999998], [112.6840445, -7.361408100000001], [112.68407299999998, -7.3614117], [112.6841221, -7.3614179], [112.68416979999999, -7.361424499999998], [112.6842197, -7.361431099999998], [112.68422270000002, -7.361412700000001], [112.68422559999999, -7.361394999999999], [112.6842286, -7.361377599999998], [112.68417839999998, -7.3613710999999995], [112.6841306, -7.361365100000001], [112.68408189999998, -7.361358599999999], [112.68405329999999, -7.361354900000001]]}}, {"type": "Feature", "properties": {"layer": "osm_road", "stroke": "#999999"}, "geometry": {"type": "LineString", "coordinates": [[112.68405030000001, -7.361371599999998], [112.6840791, -7.361375700000003], [112.6841278, -7.361382600000001], [112.68417549999998, -7.361388699999998], [112.68422559999999, -7.361394999999999]]}}, {"type": "Feature", "properties": {"layer": "osm_road", "stroke": "#999999"}, "geometry": {"type": "LineString", "coordinates": [[112.6841306, -7.361365100000001], [112.6841278, -7.361382600000001], [112.684125, -7.3613996], [112.6841221, -7.3614179]]}}, {"type": "Feature", "properties": {"layer": "osm_road", "stroke": "#999999"}, "geometry": {"type": "LineString", "coordinates": [[112.6841221, -7.3614179], [112.68411989999998, -7.3614339000000015], [112.68421699999999, -7.361447400000001], [112.6842197, -7.361431099999998]]}}, {"type": "Feature", "properties": {"layer": "osm_road", "stroke": "#999999"}, "geometry": {"type": "LineString", "coordinates": [[112.68408189999998, -7.361358599999999], [112.6840791, -7.361375700000003], [112.68407609999998, -7.361393499999998], [112.68407299999998, -7.3614117]]}}, {"type": "Feature", "properties": {"layer": "osm_road", "stroke": "#999999"}, "geometry": {"type": "LineString", "coordinates": [[112.68417839999998, -7.3613710999999995], [112.68417549999998, -7.361388699999998], [112.6841726, -7.361406099999998], [112.68416979999999, -7.361424499999998]]}}, {"type": "Feature", "properties": {"layer": "osm_road", "stroke": "#999999"}, "geometry": {"type": "LineString", "coordinates": [[112.6842286, -7.361377599999998], [112.68430919999999, -7.361388000000001], [112.6843207, -7.361302500000001]]}}, {"type": "Feature", "properties": {"layer": "osm_road", "stroke": "#999999"}, "geometry": {"type": "LineString", "coordinates": [[112.6841215, -7.3612879], [112.6843207, -7.361302500000001], [112.68466899999999, -7.361328200000001], [112.68477209999999, -7.360462400000002]]}}, {"type": "Feature", "properties": {"layer": "osm_road", "stroke": "#999999"}, "geometry": {"type": "LineString", "coordinates": [[112.6874919, -7.353629500000001], [112.68709279999999, -7.353678800000001], [112.68709279999999, -7.353727699999999], [112.6868787, -7.353745100000001]]}}, {"type": "Feature", "properties": {"layer": "osm_road", "stroke": "#999999"}, "geometry": {"type": "LineString", "coordinates": [[112.68422270000002, -7.361412700000001], [112.6841726, -7.361406099999998], [112.684125, -7.3613996], [112.68407609999998, -7.361393499999998], [112.6840474, -7.361389599999998]]}}, {"type": "Feature", "properties": {"layer": "osm_road", "stroke": "#999999"}, "geometry": {"type": "LineString", "coordinates": [[112.66606089999999, -7.3447423], [112.66598309999999, -7.3447515999999995]]}}, {"type": "Feature", "properties": {"layer": "osm_road", "stroke": "#999999"}, "geometry": {"type": "LineString", "coordinates": [[112.6661092, -7.345278299999999], [112.6660386, -7.3452794999999975]]}}, {"type": "Feature", "properties": {"layer": "osm_road", "stroke": "#999999"}, "geometry": {"type": "LineString", "coordinates": [[112.6705824, -7.350064099999999], [112.6706019, -7.350225599999998]]}}, {"type": "Feature", "properties": {"layer": "osm_road", "stroke": "#999999"}, "geometry": {"type": "LineString", "coordinates": [[112.6713663, -7.3503127], [112.67137909999998, -7.350542099999999]]}}, {"type": "Feature", "properties": {"layer": "osm_road", "stroke": "#999999"}, "geometry": {"type": "LineString", "coordinates": [[112.6720027, -7.350065299999999], [112.6720007, -7.350115200000001]]}}, {"type": "Feature", "properties": {"layer": "osm_road", "stroke": "#999999"}, "geometry": {"type": "LineString", "coordinates": [[112.6749082, -7.339223699999998], [112.67476529999999, -7.3398554]]}}, {"type": "Feature", "properties": {"layer": "osm_road", "stroke": "#999999"}, "geometry": {"type": "LineString", "coordinates": [[112.67313390000001, -7.349976299999998], [112.673146, -7.3501558000000005]]}}, {"type": "Feature", "properties": {"layer": "osm_road", "stroke": "#999999"}, "geometry": {"type": "LineString", "coordinates": [[112.67409079999999, -7.35032], [112.67409409999999, -7.3501365]]}}, {"type": "Feature", "properties": {"layer": "osm_road", "stroke": "#999999"}, "geometry": {"type": "LineString", "coordinates": [[112.6753548, -7.350197000000002], [112.6753551, -7.350095300000001]]}}, {"type": "Feature", "properties": {"layer": "osm_road", "stroke": "#999999"}, "geometry": {"type": "LineString", "coordinates": [[112.678847, -7.3493737], [112.67902399999998, -7.349700900000002]]}}, {"type": "Feature", "properties": {"layer": "osm_road", "stroke": "#999999"}, "geometry": {"type": "LineString", "coordinates": [[112.6794109, -7.3489594], [112.6794371, -7.3490224999999985]]}}, {"type": "Feature", "properties": {"layer": "osm_road", "stroke": "#999999"}, "geometry": {"type": "LineString", "coordinates": [[112.6826645, -7.347328700000001], [112.68262999999999, -7.3472505]]}}, {"type": "Feature", "properties": {"layer": "osm_road", "stroke": "#999999"}, "geometry": {"type": "LineString", "coordinates": [[112.68578519999998, -7.3461249], [112.68577289999999, -7.3462371]]}}, {"type": "Feature", "properties": {"layer": "osm_road", "stroke": "#999999"}, "geometry": {"type": "LineString", "coordinates": [[112.68684419999998, -7.3457891], [112.6868655, -7.3453488]]}}, {"type": "Feature", "properties": {"layer": "osm_road", "stroke": "#999999"}, "geometry": {"type": "LineString", "coordinates": [[112.68749309999998, -7.345557600000001], [112.6875018, -7.345639899999999]]}}, {"type": "Feature", "properties": {"layer": "osm_road", "stroke": "#999999"}, "geometry": {"type": "LineString", "coordinates": [[112.68842379999998, -7.345388699999996], [112.68842919999999, -7.345162600000001]]}}, {"type": "Feature", "properties": {"layer": "osm_road", "stroke": "#999999"}, "geometry": {"type": "LineString", "coordinates": [[112.6885291, -7.345357500000002], [112.68851239999998, -7.345247100000001]]}}, {"type": "Feature", "properties": {"layer": "osm_road", "stroke": "#999999"}, "geometry": {"type": "LineString", "coordinates": [[112.68953289999999, -7.3450343], [112.6895138, -7.344968999999999]]}}, {"type": "Feature", "properties": {"layer": "osm_road", "stroke": "#999999"}, "geometry": {"type": "LineString", "coordinates": [[112.69085459999998, -7.344492899999999], [112.6907252, -7.344240800000001]]}}, {"type": "Feature", "properties": {"layer": "osm_road", "stroke": "#999999"}, "geometry": {"type": "LineString", "coordinates": [[112.6919784, -7.343988100000001], [112.6918825, -7.3437846]]}}, {"type": "Feature", "properties": {"layer": "osm_road", "stroke": "#999999"}, "geometry": {"type": "LineString", "coordinates": [[112.6941531, -7.349910100000001], [112.69415509999999, -7.349950300000001], [112.69417159999999, -7.350194], [112.6941496, -7.350522500000001]]}}, {"type": "Feature", "properties": {"layer": "osm_road", "stroke": "#999999"}, "geometry": {"type": "LineString", "coordinates": [[112.6937493, -7.3497834], [112.69353339999999, -7.3499054], [112.69325659999998, -7.3500658]]}}, {"type": "Feature", "properties": {"layer": "osm_road", "stroke": "#999999"}, "geometry": {"type": "LineString", "coordinates": [[112.6671022, -7.3503283], [112.66693050000002, -7.3497764000000005], [112.66686689999999, -7.3496051], [112.66681729999999, -7.349450200000001], [112.6666562, -7.3490216], [112.6665688, -7.348874699999998], [112.666486, -7.348692599999999], [112.66637630000001, -7.348465700000001], [112.6662597, -7.348144100000001], [112.66620799999998, -7.347778099999999], [112.66617149999999, -7.347377800000001], [112.6661633, -7.347318299999997], [112.66615469999999, -7.3472457], [112.6661012, -7.3468146], [112.6660957, -7.3464608], [112.66611159999998, -7.346128399999999], [112.666097, -7.345874299999999], [112.66606810000002, -7.345545300000001]]}}, {"type": "Feature", "properties": {"layer": "osm_road", "stroke": "#999999"}, "geometry": {"type": "LineString", "coordinates": [[112.6754337, -7.349001199999998], [112.67542989999998, -7.3490679], [112.6754259, -7.349239300000001], [112.67539039999998, -7.3494632], [112.67536889999998, -7.349659699999998], [112.67535549999998, -7.3499927000000005], [112.6753551, -7.350095300000001]]}}, {"type": "Feature", "properties": {"layer": "osm_road", "stroke": "#999999"}, "geometry": {"type": "LineString", "coordinates": [[112.6898239, -7.344921700000001], [112.6897488, -7.344762199999999]]}}, {"type": "Feature", "properties": {"layer": "osm_road", "stroke": "#999999"}, "geometry": {"type": "LineString", "coordinates": [[112.68894779999998, -7.350156799999998], [112.6889735, -7.350183000000001]]}}, {"type": "Feature", "properties": {"layer": "osm_road", "stroke": "#999999"}, "geometry": {"type": "LineString", "coordinates": [[112.68922849999998, -7.3499754], [112.6892216, -7.349967799999998]]}}, {"type": "Feature", "properties": {"layer": "osm_road", "stroke": "#999999"}, "geometry": {"type": "LineString", "coordinates": [[112.6891487, -7.349880400000001], [112.6890528, -7.349750099999998]]}}, {"type": "Feature", "properties": {"layer": "osm_road", "stroke": "#999999"}, "geometry": {"type": "LineString", "coordinates": [[112.68993049999999, -7.3486972999999995], [112.6899081, -7.348694999999998], [112.689888, -7.348690999999998], [112.6895021, -7.348606199999998]]}}, {"type": "Feature", "properties": {"layer": "osm_road", "stroke": "#999999"}, "geometry": {"type": "LineString", "coordinates": [[112.69010859999999, -7.347794199999998], [112.69044380000001, -7.3477879]]}}, {"type": "Feature", "properties": {"layer": "osm_road", "stroke": "#999999"}, "geometry": {"type": "LineString", "coordinates": [[112.6940323, -7.344619599999999], [112.6940355, -7.3445761]]}}, {"type": "Feature", "properties": {"layer": "osm_road", "stroke": "#999999"}, "geometry": {"type": "LineString", "coordinates": [[112.669874, -7.350331299999998], [112.66986469999999, -7.350793200000001]]}}, {"type": "Feature", "properties": {"layer": "osm_road", "stroke": "#999999"}, "geometry": {"type": "LineString", "coordinates": [[112.66652029999999, -7.3488942], [112.6665688, -7.348874699999998]]}}, {"type": "Feature", "properties": {"layer": "osm_road", "stroke": "#999999"}, "geometry": {"type": "LineString", "coordinates": [[112.66683269999999, -7.3497993], [112.66693050000002, -7.3497764000000005]]}}, {"type": "Feature", "properties": {"layer": "osm_road", "stroke": "#999999"}, "geometry": {"type": "LineString", "coordinates": [[112.66598379999999, -7.345551000000001], [112.66606810000002, -7.345545300000001]]}}, {"type": "Feature", "properties": {"layer": "osm_road", "stroke": "#999999"}, "geometry": {"type": "LineString", "coordinates": [[112.664161, -7.3475124], [112.6637803, -7.347472999999999], [112.6636738, -7.3474657]]}}, {"type": "Feature", "properties": {"layer": "osm_road", "stroke": "#999999"}, "geometry": {"type": "LineString", "coordinates": [[112.66493169999998, -7.350758300000002], [112.6649294, -7.350836199999999]]}}, {"type": "Feature", "properties": {"layer": "osm_road", "stroke": "#999999"}, "geometry": {"type": "LineString", "coordinates": [[112.66621519999998, -7.3417828], [112.66615890000001, -7.341778599999998]]}}, {"type": "Feature", "properties": {"layer": "osm_road", "stroke": "#999999"}, "geometry": {"type": "LineString", "coordinates": [[112.6952507, -7.3442482], [112.6951455, -7.3437846]]}}, {"type": "Feature", "properties": {"layer": "osm_road", "stroke": "#999999"}, "geometry": {"type": "LineString", "coordinates": [[112.675918, -7.352534], [112.67592069999999, -7.352579199999998]]}}, {"type": "Feature", "properties": {"layer": "osm_road", "stroke": "#999999"}, "geometry": {"type": "LineString", "coordinates": [[112.6765403, -7.352337800000001], [112.6765484, -7.352410299999999]]}}, {"type": "Feature", "properties": {"layer": "osm_road", "stroke": "#999999"}, "geometry": {"type": "LineString", "coordinates": [[112.6877769, -7.350394599999999], [112.68777039999999, -7.350384499999998]]}}, {"type": "Feature", "properties": {"layer": "osm_road", "stroke": "#999999"}, "geometry": {"type": "LineString", "coordinates": [[112.6784286, -7.3558942000000025], [112.67841919999998, -7.3559868]]}}, {"type": "Feature", "properties": {"layer": "osm_road", "stroke": "#999999"}, "geometry": {"type": "LineString", "coordinates": [[112.6783814, -7.3559757999999995], [112.67838699999999, -7.355892399999999]]}}, {"type": "Feature", "properties": {"layer": "osm_road", "stroke": "#999999"}, "geometry": {"type": "LineString", "coordinates": [[112.66395459999998, -7.3533133], [112.66396169999999, -7.3533625]]}}, {"type": "Feature", "properties": {"layer": "osm_road", "stroke": "#999999"}, "geometry": {"type": "LineString", "coordinates": [[112.6666041, -7.3529862], [112.66660499999999, -7.3529259]]}}, {"type": "Feature", "properties": {"layer": "osm_road", "stroke": "#999999"}, "geometry": {"type": "LineString", "coordinates": [[112.67862449999998, -7.348188800000001], [112.6785836, -7.347938299999999], [112.6785212, -7.347573600000001]]}}, {"type": "Feature", "properties": {"layer": "osm_road", "stroke": "#999999"}, "geometry": {"type": "LineString", "coordinates": [[112.69274619999999, -7.347133800000001], [112.6922943, -7.347031399999999], [112.6920086, -7.3469508999999995], [112.69170819999998, -7.346882400000001], [112.6915678, -7.346865099999998]]}}, {"type": "Feature", "properties": {"layer": "osm_road", "stroke": "#999999"}, "geometry": {"type": "LineString", "coordinates": [[112.6955602, -7.344303900000001], [112.69576179999999, -7.344356999999999]]}}, {"type": "Feature", "properties": {"layer": "osm_road", "stroke": "#999999"}, "geometry": {"type": "LineString", "coordinates": [[112.695352, -7.343687100000001], [112.69553089999998, -7.3442275], [112.6955602, -7.344303900000001]]}}, {"type": "Feature", "properties": {"layer": "osm_road", "stroke": "#999999"}, "geometry": {"type": "LineString", "coordinates": [[112.6951736, -7.3448047999999995], [112.69543109999998, -7.344866], [112.6956497, -7.3449059000000005], [112.6956913, -7.344912499999999], [112.6957141, -7.3449032]]}}, {"type": "Feature", "properties": {"layer": "osm_road", "stroke": "#999999"}, "geometry": {"type": "LineString", "coordinates": [[112.69707529999998, -7.344155700000001], [112.69711689999998, -7.344025400000001], [112.69721079999998, -7.344058600000002], [112.6972456, -7.343994799999999], [112.69727779999998, -7.343992100000002], [112.697318, -7.343917599999998], [112.69735019999999, -7.343867100000001], [112.6974548, -7.3433457]]}}, {"type": "Feature", "properties": {"layer": "osm_road", "stroke": "#999999"}, "geometry": {"type": "LineString", "coordinates": [[112.6987757, -7.345423], [112.69878919999998, -7.345389800000001]]}}, {"type": "Feature", "properties": {"layer": "osm_road", "stroke": "#999999"}, "geometry": {"type": "LineString", "coordinates": [[112.6993332, -7.344984000000001], [112.6992931, -7.3449560999999965]]}}, {"type": "Feature", "properties": {"layer": "osm_road", "stroke": "#999999"}, "geometry": {"type": "LineString", "coordinates": [[112.69791859999998, -7.345254300000001], [112.6979269, -7.345191899999999]]}}, {"type": "Feature", "properties": {"layer": "osm_road", "stroke": "#999999"}, "geometry": {"type": "LineString", "coordinates": [[112.6976591, -7.345862600000001], [112.69772639999998, -7.3458757]]}}, {"type": "Feature", "properties": {"layer": "osm_road", "stroke": "#999999"}, "geometry": {"type": "LineString", "coordinates": [[112.6978116, -7.3466849], [112.69803349999998, -7.3465692]]}}, {"type": "Feature", "properties": {"layer": "osm_road", "stroke": "#999999"}, "geometry": {"type": "LineString", "coordinates": [[112.70091549999998, -7.345726], [112.70170260000002, -7.3458732], [112.70173479999998, -7.345894499999998]]}}, {"type": "Feature", "properties": {"layer": "osm_road", "stroke": "#999999"}, "geometry": {"type": "LineString", "coordinates": [[112.69576179999999, -7.344356999999999], [112.6964114, -7.344538800000002], [112.69656999999998, -7.3445969], [112.6972711, -7.3448540000000015], [112.69733729999999, -7.344895600000001], [112.69766239999998, -7.3450928]]}}, {"type": "Feature", "properties": {"layer": "osm_road", "stroke": "#999999"}, "geometry": {"type": "LineString", "coordinates": [[112.70046329999998, -7.3418766], [112.7005099, -7.3418679]]}}, {"type": "Feature", "properties": {"layer": "osm_road", "stroke": "#999999"}, "geometry": {"type": "LineString", "coordinates": [[112.7006011, -7.3416071999999994], [112.7005686, -7.341575]]}}, {"type": "Feature", "properties": {"layer": "osm_road", "stroke": "#999999"}, "geometry": {"type": "LineString", "coordinates": [[112.7004523, -7.342177900000001], [112.7003878, -7.3421646]]}}, {"type": "Feature", "properties": {"layer": "osm_road", "stroke": "#999999"}, "geometry": {"type": "LineString", "coordinates": [[112.6991552, -7.338589499999999], [112.69904670000001, -7.338208800000001]]}}, {"type": "Feature", "properties": {"layer": "osm_road", "stroke": "#999999"}, "geometry": {"type": "LineString", "coordinates": [[112.6996329, -7.338606000000001], [112.69962909999998, -7.3385416]]}}, {"type": "Feature", "properties": {"layer": "osm_road", "stroke": "#999999"}, "geometry": {"type": "LineString", "coordinates": [[112.6987967, -7.3388482], [112.69883859999999, -7.3389518]]}}, {"type": "Feature", "properties": {"layer": "osm_road", "stroke": "#999999"}, "geometry": {"type": "LineString", "coordinates": [[112.69146139999998, -7.351533699999999], [112.69116159999999, -7.351498499999999]]}}, {"type": "Feature", "properties": {"layer": "osm_road", "stroke": "#999999"}, "geometry": {"type": "LineString", "coordinates": [[112.6914622, -7.3520138], [112.6915166, -7.3520229]]}}, {"type": "Feature", "properties": {"layer": "osm_road", "stroke": "#999999"}, "geometry": {"type": "LineString", "coordinates": [[112.691499, -7.352197], [112.6914346, -7.352185500000001]]}}, {"type": "Feature", "properties": {"layer": "osm_road", "stroke": "#999999"}, "geometry": {"type": "LineString", "coordinates": [[112.6914908, -7.352411299999998], [112.6914262, -7.3523996]]}}, {"type": "Feature", "properties": {"layer": "osm_road", "stroke": "#999999"}, "geometry": {"type": "LineString", "coordinates": [[112.69148839999998, -7.3526564], [112.69156649999998, -7.352667600000001]]}}, {"type": "Feature", "properties": {"layer": "osm_road", "stroke": "#999999"}, "geometry": {"type": "LineString", "coordinates": [[112.6915433, -7.352899699999998], [112.69149229999998, -7.352892399999999]]}}, {"type": "Feature", "properties": {"layer": "osm_road", "stroke": "#999999"}, "geometry": {"type": "LineString", "coordinates": [[112.6914935, -7.3530394999999995], [112.69141449999998, -7.353042499999999]]}}, {"type": "Feature", "properties": {"layer": "osm_road", "stroke": "#999999"}, "geometry": {"type": "LineString", "coordinates": [[112.69147079999999, -7.354087500000001], [112.69093530000002, -7.354111900000001]]}}, {"type": "Feature", "properties": {"layer": "osm_road", "stroke": "#999999"}, "geometry": {"type": "LineString", "coordinates": [[112.69150169999999, -7.354426699999998], [112.69100269999998, -7.3544539]]}}, {"type": "Feature", "properties": {"layer": "osm_road", "stroke": "#999999"}, "geometry": {"type": "LineString", "coordinates": [[112.6916854, -7.3545091000000005], [112.6920003, -7.354454399999999]]}}, {"type": "Feature", "properties": {"layer": "osm_road", "stroke": "#999999"}, "geometry": {"type": "LineString", "coordinates": [[112.6911128, -7.355743000000001], [112.69107989999999, -7.355712799999998]]}}, {"type": "Feature", "properties": {"layer": "osm_road", "stroke": "#999999"}, "geometry": {"type": "LineString", "coordinates": [[112.68666629999998, -7.358550500000001], [112.6866559, -7.358479600000001]]}}, {"type": "Feature", "properties": {"layer": "osm_road", "stroke": "#999999"}, "geometry": {"type": "LineString", "coordinates": [[112.6869069, -7.3585721999999985], [112.6869619, -7.3585633]]}}, {"type": "Feature", "properties": {"layer": "osm_road", "stroke": "#999999"}, "geometry": {"type": "LineString", "coordinates": [[112.68721219999999, -7.358457699999999], [112.68723159999999, -7.3589927999999984]]}}, {"type": "Feature", "properties": {"layer": "osm_road", "stroke": "#999999"}, "geometry": {"type": "LineString", "coordinates": [[112.6855747, -7.3585127], [112.68558669999999, -7.358578499999997]]}}, {"type": "Feature", "properties": {"layer": "osm_road", "stroke": "#999999"}, "geometry": {"type": "LineString", "coordinates": [[112.69213000000002, -7.356476899999999], [112.6920958, -7.356424400000001]]}}, {"type": "Feature", "properties": {"layer": "osm_road", "stroke": "#999999"}, "geometry": {"type": "LineString", "coordinates": [[112.69150590000001, -7.350136899999999], [112.69151379999998, -7.349605199999999], [112.6915207, -7.3491572], [112.69153459999998, -7.348198300000002], [112.69153619999999, -7.3480902], [112.6915396, -7.347857799999999], [112.69153970000002, -7.347393099999999], [112.6915678, -7.346865099999998], [112.69157389999998, -7.3467255], [112.69160829999998, -7.3463545], [112.6916527, -7.3459525999999995], [112.6916644, -7.345873300000002], [112.69173079999999, -7.345464099999998], [112.6917458, -7.3453807], [112.6917498, -7.3453119], [112.6917264, -7.3452159]]}}, {"type": "Feature", "properties": {"layer": "osm_road", "stroke": "#999999"}, "geometry": {"type": "LineString", "coordinates": [[112.6914946, -7.351943699999999], [112.6915221, -7.351947699999998]]}}, {"type": "Feature", "properties": {"layer": "osm_road", "stroke": "#999999"}, "geometry": {"type": "LineString", "coordinates": [[112.6908716, -7.3563576999999984], [112.69068179999998, -7.356426199999999]]}}, {"type": "Feature", "properties": {"layer": "osm_road", "stroke": "#999999"}, "geometry": {"type": "LineString", "coordinates": [[112.69104589999999, -7.356635600000001], [112.69099179999999, -7.356467299999999]]}}, {"type": "Feature", "properties": {"layer": "osm_road", "stroke": "#999999"}, "geometry": {"type": "LineString", "coordinates": [[112.70184459999999, -7.346820199999997], [112.70189537728089, -7.346827893915154]]}}, {"type": "Feature", "properties": {"layer": "osm_road", "stroke": "#999999"}, "geometry": {"type": "LineString", "coordinates": [[112.6967903, -7.3472767999999995], [112.69668229999999, -7.346956899999999]]}}, {"type": "Feature", "properties": {"layer": "osm_road", "stroke": "#999999"}, "geometry": {"type": "LineString", "coordinates": [[112.69955029999998, -7.351201900000002], [112.69947449999998, -7.351143999999998]]}}, {"type": "Feature", "properties": {"layer": "osm_road", "stroke": "#999999"}, "geometry": {"type": "LineString", "coordinates": [[112.7002231, -7.3507396], [112.7002229, -7.350696499999999]]}}, {"type": "Feature", "properties": {"layer": "osm_road", "stroke": "#999999"}, "geometry": {"type": "LineString", "coordinates": [[112.70019869999999, -7.350704399999999], [112.70004179999998, -7.350459]]}}, {"type": "Feature", "properties": {"layer": "osm_road", "stroke": "#999999"}, "geometry": {"type": "LineString", "coordinates": [[112.6972962, -7.347003599999998], [112.6973087, -7.3470347999999985]]}}, {"type": "Feature", "properties": {"layer": "osm_road", "stroke": "#999999"}, "geometry": {"type": "LineString", "coordinates": [[112.6722035, -7.362123400000001], [112.6722088, -7.362070200000001]]}}, {"type": "Feature", "properties": {"layer": "osm_road", "stroke": "#999999"}, "geometry": {"type": "LineString", "coordinates": [[112.67187599999998, -7.362294299999998], [112.6718776, -7.362231500000001]]}}, {"type": "Feature", "properties": {"layer": "osm_road", "stroke": "#999999"}, "geometry": {"type": "LineString", "coordinates": [[112.67150059999999, -7.362403700000001], [112.6715036, -7.3625015]]}}, {"type": "Feature", "properties": {"layer": "osm_road", "stroke": "#999999"}, "geometry": {"type": "LineString", "coordinates": [[112.67094789999999, -7.3624416], [112.6709511, -7.3625062]]}}, {"type": "Feature", "properties": {"layer": "osm_road", "stroke": "#999999"}, "geometry": {"type": "LineString", "coordinates": [[112.67038189999998, -7.3626611], [112.67038349999999, -7.362765999999999]]}}, {"type": "Feature", "properties": {"layer": "osm_road", "stroke": "#999999"}, "geometry": {"type": "LineString", "coordinates": [[112.6702016, -7.362760800000001], [112.67021449999999, -7.3628376]]}}, {"type": "Feature", "properties": {"layer": "osm_road", "stroke": "#999999"}, "geometry": {"type": "LineString", "coordinates": [[112.66556259999999, -7.364993300000001], [112.6655395, -7.364923799999998]]}}, {"type": "Feature", "properties": {"layer": "osm_road", "stroke": "#999999"}, "geometry": {"type": "LineString", "coordinates": [[112.66326899999999, -7.365652599999998], [112.6632608, -7.365356299999998]]}}, {"type": "Feature", "properties": {"layer": "osm_road", "stroke": "#999999"}, "geometry": {"type": "LineString", "coordinates": [[112.66448520000002, -7.368101799999999], [112.66443199999999, -7.368084099999999]]}}, {"type": "Feature", "properties": {"layer": "osm_road", "stroke": "#999999"}, "geometry": {"type": "LineString", "coordinates": [[112.66880499999999, -7.363496200000001], [112.66879670000002, -7.363364599999999]]}}, {"type": "Feature", "properties": {"layer": "osm_road", "stroke": "#999999"}, "geometry": {"type": "LineString", "coordinates": [[112.6658951, -7.3648754], [112.6658632, -7.364796499999998]]}}, {"type": "Feature", "properties": {"layer": "osm_road", "stroke": "#999999"}, "geometry": {"type": "LineString", "coordinates": [[112.6653841, -7.3648058], [112.66539439999998, -7.364891599999998]]}}, {"type": "Feature", "properties": {"layer": "osm_road", "stroke": "#999999"}, "geometry": {"type": "LineString", "coordinates": [[112.6660287, -7.364548400000001], [112.66602609999998, -7.364642800000001]]}}, {"type": "Feature", "properties": {"layer": "osm_road", "stroke": "#999999"}, "geometry": {"type": "LineString", "coordinates": [[112.6661179, -7.364519099999999], [112.66611710000001, -7.3646095]]}}, {"type": "Feature", "properties": {"layer": "osm_road", "stroke": "#999999"}, "geometry": {"type": "LineString", "coordinates": [[112.66701179999998, -7.3641268], [112.66695279999999, -7.3638686999999985]]}}, {"type": "Feature", "properties": {"layer": "osm_road", "stroke": "#999999"}, "geometry": {"type": "LineString", "coordinates": [[112.66735779999999, -7.364287699999999], [112.66734009999999, -7.3642037]]}}, {"type": "Feature", "properties": {"layer": "osm_road", "stroke": "#999999"}, "geometry": {"type": "LineString", "coordinates": [[112.66767019999999, -7.364169300000001], [112.66765860000001, -7.364078600000001]]}}, {"type": "Feature", "properties": {"layer": "osm_road", "stroke": "#999999"}, "geometry": {"type": "LineString", "coordinates": [[112.6836897, -7.3591072], [112.68368569999998, -7.359043899999998]]}}, {"type": "Feature", "properties": {"layer": "osm_road", "stroke": "#999999"}, "geometry": {"type": "LineString", "coordinates": [[112.68473159999999, -7.358869500000001], [112.6847392, -7.358950900000001]]}}, {"type": "Feature", "properties": {"layer": "osm_road", "stroke": "#999999"}, "geometry": {"type": "LineString", "coordinates": [[112.68341340000002, -7.3604372], [112.68341079999999, -7.360506400000001]]}}, {"type": "Feature", "properties": {"layer": "osm_road", "stroke": "#999999"}, "geometry": {"type": "LineString", "coordinates": [[112.68376729999999, -7.364253000000001], [112.68361609999998, -7.364239599999998]]}}, {"type": "Feature", "properties": {"layer": "osm_road", "stroke": "#999999"}, "geometry": {"type": "LineString", "coordinates": [[112.6834698, -7.367120700000001], [112.6829588, -7.367116700000001]]}}, {"type": "Feature", "properties": {"layer": "osm_road", "stroke": "#999999"}, "geometry": {"type": "LineString", "coordinates": [[112.6802744, -7.363254099999999], [112.6803375, -7.363262799999999]]}}, {"type": "Feature", "properties": {"layer": "osm_road", "stroke": "#999999"}, "geometry": {"type": "LineString", "coordinates": [[112.6801613, -7.362827299999998], [112.67831319999999, -7.362642400000001]]}}, {"type": "Feature", "properties": {"layer": "osm_road", "stroke": "#999999"}, "geometry": {"type": "LineString", "coordinates": [[112.68029139999999, -7.362467199999998], [112.68006239999998, -7.3624113]]}}, {"type": "Feature", "properties": {"layer": "osm_road", "stroke": "#999999"}, "geometry": {"type": "LineString", "coordinates": [[112.68066209999999, -7.360847399999999], [112.68025039999999, -7.3607203000000005]]}}, {"type": "Feature", "properties": {"layer": "osm_road", "stroke": "#999999"}, "geometry": {"type": "LineString", "coordinates": [[112.6805567, -7.361885599999998], [112.68045499999998, -7.361871]]}}, {"type": "Feature", "properties": {"layer": "osm_road", "stroke": "#999999"}, "geometry": {"type": "LineString", "coordinates": [[112.68072459999999, -7.3610583], [112.6807834, -7.361067599999998]]}}, {"type": "Feature", "properties": {"layer": "osm_road", "stroke": "#999999"}, "geometry": {"type": "LineString", "coordinates": [[112.68164049999999, -7.358974399999998], [112.68164089999999, -7.35905]]}}, {"type": "Feature", "properties": {"layer": "osm_road", "stroke": "#999999"}, "geometry": {"type": "LineString", "coordinates": [[112.6818085, -7.357947300000001], [112.68175619999998, -7.357934]]}}, {"type": "Feature", "properties": {"layer": "osm_road", "stroke": "#999999"}, "geometry": {"type": "LineString", "coordinates": [[112.6808878, -7.3589791], [112.68087539999999, -7.358899599999999], [112.6807908, -7.358318299999999], [112.6807849, -7.3582626]]}}, {"type": "Feature", "properties": {"layer": "osm_road", "stroke": "#999999"}, "geometry": {"type": "LineString", "coordinates": [[112.6802713, -7.3590992], [112.6802042, -7.358758700000001]]}}, {"type": "Feature", "properties": {"layer": "osm_road", "stroke": "#999999"}, "geometry": {"type": "LineString", "coordinates": [[112.67995609999998, -7.3591869999999995], [112.67996679999999, -7.359252400000002]]}}, {"type": "Feature", "properties": {"layer": "osm_road", "stroke": "#999999"}, "geometry": {"type": "LineString", "coordinates": [[112.6795967, -7.3595201], [112.67970799999999, -7.3601019999999995]]}}, {"type": "Feature", "properties": {"layer": "osm_road", "stroke": "#999999"}, "geometry": {"type": "LineString", "coordinates": [[112.6796309, -7.359272099999998], [112.6796435, -7.3593483]]}}, {"type": "Feature", "properties": {"layer": "osm_road", "stroke": "#999999"}, "geometry": {"type": "LineString", "coordinates": [[112.6793325, -7.3593611999999995], [112.6793526, -7.359438299999998]]}}, {"type": "Feature", "properties": {"layer": "osm_road", "stroke": "#999999"}, "geometry": {"type": "LineString", "coordinates": [[112.67830389999999, -7.3597356000000005], [112.67827169999998, -7.3596624]]}}, {"type": "Feature", "properties": {"layer": "osm_road", "stroke": "#999999"}, "geometry": {"type": "LineString", "coordinates": [[112.676146, -7.3605934999999985], [112.6761185, -7.360511]]}}, {"type": "Feature", "properties": {"layer": "osm_road", "stroke": "#999999"}, "geometry": {"type": "LineString", "coordinates": [[112.67454099999999, -7.361104400000003], [112.67455209999999, -7.361187700000001]]}}, {"type": "Feature", "properties": {"layer": "osm_road", "stroke": "#999999"}, "geometry": {"type": "LineString", "coordinates": [[112.67567929999998, -7.360482399999997], [112.67568899999999, -7.360592500000002]]}}, {"type": "Feature", "properties": {"layer": "osm_road", "stroke": "#999999"}, "geometry": {"type": "LineString", "coordinates": [[112.67540309999998, -7.3605835], [112.67541489999999, -7.3606865]]}}, {"type": "Feature", "properties": {"layer": "osm_road", "stroke": "#999999"}, "geometry": {"type": "LineString", "coordinates": [[112.6750396, -7.3606567], [112.675074, -7.360814799999999]]}}, {"type": "Feature", "properties": {"layer": "osm_road", "stroke": "#999999"}, "geometry": {"type": "LineString", "coordinates": [[112.674412, -7.360975900000001], [112.6744174, -7.361068899999999]]}}, {"type": "Feature", "properties": {"layer": "osm_road", "stroke": "#999999"}, "geometry": {"type": "LineString", "coordinates": [[112.67366699999998, -7.359782800000002], [112.673613, -7.3597839999999985]]}}, {"type": "Feature", "properties": {"layer": "osm_road", "stroke": "#999999"}, "geometry": {"type": "LineString", "coordinates": [[112.6735537, -7.360506400000001], [112.67363509999998, -7.360503799999998]]}}, {"type": "Feature", "properties": {"layer": "osm_road", "stroke": "#999999"}, "geometry": {"type": "LineString", "coordinates": [[112.673551, -7.360753800000001], [112.67363989999998, -7.3607511]]}}, {"type": "Feature", "properties": {"layer": "osm_road", "stroke": "#999999"}, "geometry": {"type": "LineString", "coordinates": [[112.6739909, -7.361409500000001], [112.6739781, -7.3613275]]}}, {"type": "Feature", "properties": {"layer": "osm_road", "stroke": "#999999"}, "geometry": {"type": "LineString", "coordinates": [[112.6738749, -7.3614504], [112.6738761, -7.361367999999999]]}}, {"type": "Feature", "properties": {"layer": "osm_road", "stroke": "#999999"}, "geometry": {"type": "LineString", "coordinates": [[112.6726176, -7.361712099999999], [112.6726294, -7.3617993]]}}, {"type": "Feature", "properties": {"layer": "osm_road", "stroke": "#999999"}, "geometry": {"type": "LineString", "coordinates": [[112.6734454, -7.361628299999998], [112.6734427, -7.3615438]]}}, {"type": "Feature", "properties": {"layer": "osm_road", "stroke": "#999999"}, "geometry": {"type": "LineString", "coordinates": [[112.6730239, -7.3618058], [112.67299389999998, -7.361734700000001]]}}, {"type": "Feature", "properties": {"layer": "osm_road", "stroke": "#999999"}, "geometry": {"type": "LineString", "coordinates": [[112.672527, -7.361744000000001], [112.6725299, -7.361841199999998]]}}, {"type": "Feature", "properties": {"layer": "osm_road", "stroke": "#999999"}, "geometry": {"type": "LineString", "coordinates": [[112.67242039999998, -7.3618045], [112.6723641, -7.3612771]]}}, {"type": "Feature", "properties": {"layer": "osm_road", "stroke": "#999999"}, "geometry": {"type": "LineString", "coordinates": [[112.66942669999999, -7.364972300000001], [112.66936629999998, -7.364977500000002]]}}, {"type": "Feature", "properties": {"layer": "osm_road", "stroke": "#999999"}, "geometry": {"type": "LineString", "coordinates": [[112.67177939999999, -7.3620625], [112.671789, -7.362153199999999]]}}, {"type": "Feature", "properties": {"layer": "osm_road", "stroke": "#999999"}, "geometry": {"type": "LineString", "coordinates": [[112.66757769999998, -7.363812899999998], [112.66756980000001, -7.364020899999999]]}}, {"type": "Feature", "properties": {"layer": "osm_road", "stroke": "#999999"}, "geometry": {"type": "LineString", "coordinates": [[112.690294, -7.359462299999999], [112.6902323, -7.3594683000000005]]}}, {"type": "Feature", "properties": {"layer": "osm_road", "stroke": "#999999"}, "geometry": {"type": "LineString", "coordinates": [[112.6623756, -7.353899899999998], [112.66236950477963, -7.353888668992214]]}}, {"type": "Feature", "properties": {"layer": "osm_road", "stroke": "#999999"}, "geometry": {"type": "LineString", "coordinates": [[112.66628550000001, -7.352792499999998], [112.6662882, -7.352807300000001]]}}, {"type": "Feature", "properties": {"layer": "osm_road", "stroke": "#999999"}, "geometry": {"type": "LineString", "coordinates": [[112.68481079999998, -7.350942099999999], [112.68482129999998, -7.350982400000001]]}}, {"type": "Feature", "properties": {"layer": "osm_road", "stroke": "#999999"}, "geometry": {"type": "LineString", "coordinates": [[112.6859614, -7.350782200000002], [112.6859641, -7.3508187]]}}, {"type": "Feature", "properties": {"layer": "osm_road", "stroke": "#999999"}, "geometry": {"type": "LineString", "coordinates": [[112.70189537728089, -7.369375618231145], [112.70186969999999, -7.3693687]]}}, {"type": "Feature", "properties": {"layer": "osm_road", "stroke": "#999999"}, "geometry": {"type": "LineString", "coordinates": [[112.69945079999998, -7.3770789], [112.69948857412497, -7.377094393293547]]}}, {"type": "Feature", "properties": {"layer": "osm_road", "stroke": "#999999"}, "geometry": {"type": "LineString", "coordinates": [[112.6703023, -7.367753399999999], [112.6703042, -7.3676929999999965]]}}, {"type": "Feature", "properties": {"layer": "osm_road", "stroke": "#999999"}, "geometry": {"type": "LineString", "coordinates": [[112.6668943, -7.369162100000001], [112.66743179999999, -7.369502499999999]]}}, {"type": "Feature", "properties": {"layer": "osm_road", "stroke": "#999999"}, "geometry": {"type": "LineString", "coordinates": [[112.6787518, -7.3733784999999985], [112.67865389999999, -7.3733798]]}}, {"type": "Feature", "properties": {"layer": "osm_road", "stroke": "#999999"}, "geometry": {"type": "LineString", "coordinates": [[112.67882159999999, -7.3744238], [112.67871589999999, -7.3744294]]}}, {"type": "Feature", "properties": {"layer": "osm_road", "stroke": "#999999"}, "geometry": {"type": "LineString", "coordinates": [[112.6785976, -7.3763976], [112.6785131, -7.376392199999998]]}}, {"type": "Feature", "properties": {"layer": "osm_road", "stroke": "#999999"}, "geometry": {"type": "LineString", "coordinates": [[112.6786056, -7.3762865], [112.67870949999998, -7.376290499999999], [112.67871979999998, -7.3762914]]}}, {"type": "Feature", "properties": {"layer": "osm_road", "stroke": "#999999"}, "geometry": {"type": "LineString", "coordinates": [[112.6787116, -7.374670499999999], [112.6778023, -7.374471000000001], [112.67731409999999, -7.374372000000002], [112.67708079999998, -7.3743341000000004], [112.67679909999998, -7.3743041], [112.67673619999998, -7.3742909], [112.676374, -7.3742149999999995]]}}, {"type": "Feature", "properties": {"layer": "osm_road", "stroke": "#999999"}, "geometry": {"type": "LineString", "coordinates": [[112.67873439999998, -7.371453900000001], [112.67868129999998, -7.3714546]]}}, {"type": "Feature", "properties": {"layer": "osm_road", "stroke": "#999999"}, "geometry": {"type": "LineString", "coordinates": [[112.67981799999998, -7.3645098], [112.6799658, -7.364536799999997], [112.68011509999998, -7.364559699999998]]}}, {"type": "Feature", "properties": {"layer": "osm_road", "stroke": "#999999"}, "geometry": {"type": "LineString", "coordinates": [[112.6800755, -7.363846100000001], [112.68021729999998, -7.363868400000001], [112.6803574, -7.3638952]]}}, {"type": "Feature", "properties": {"layer": "osm_road", "stroke": "#999999"}, "geometry": {"type": "LineString", "coordinates": [[112.6946181, -7.363418799999998], [112.69461569999999, -7.3634059], [112.69461469999999, -7.363400600000003], [112.6946533, -7.3630833], [112.69465749999999, -7.3630719], [112.69466199999998, -7.363065899999998], [112.694672, -7.363061100000001], [112.69550560000002, -7.363063899999999]]}}, {"type": "Feature", "properties": {"layer": "osm_road", "stroke": "#999999"}, "geometry": {"type": "LineString", "coordinates": [[112.6951537, -7.369273699999998], [112.6948549, -7.369223099999999]]}}, {"type": "Feature", "properties": {"layer": "osm_road", "stroke": "#999999"}, "geometry": {"type": "LineString", "coordinates": [[112.69394549999998, -7.374909800000001], [112.69374409999999, -7.3748776]]}}, {"type": "Feature", "properties": {"layer": "osm_road", "stroke": "#999999"}, "geometry": {"type": "LineString", "coordinates": [[112.6941595, -7.375053399999998], [112.69392319999999, -7.374998299999999]]}}, {"type": "Feature", "properties": {"layer": "osm_road", "stroke": "#999999"}, "geometry": {"type": "LineString", "coordinates": [[112.69441989999999, -7.3760278], [112.69440979999999, -7.376010900000001], [112.69439449999999, -7.3759966], [112.6943477, -7.3759692999999995], [112.6942992, -7.37594], [112.6942429, -7.375896199999998], [112.6942106, -7.375873099999996], [112.694032, -7.376477400000001]]}}, {"type": "Feature", "properties": {"layer": "osm_road", "stroke": "#999999"}, "geometry": {"type": "LineString", "coordinates": [[112.6787115, -7.370304800000003], [112.67854999999999, -7.3702985], [112.67846050000001, -7.370209599999999]]}}, {"type": "Feature", "properties": {"layer": "osm_road", "stroke": "#999999"}, "geometry": {"type": "LineString", "coordinates": [[112.67846050000001, -7.370209599999999], [112.6785554, -7.370161199999999], [112.6787201, -7.3701702]]}}, {"type": "Feature", "properties": {"layer": "osm_road", "stroke": "#999999"}, "geometry": {"type": "LineString", "coordinates": [[112.6802235, -7.365168], [112.6796508, -7.365009800000001]]}}, {"type": "Feature", "properties": {"layer": "osm_road", "stroke": "#999999"}, "geometry": {"type": "LineString", "coordinates": [[112.69504239999999, -7.360375599999999], [112.6957751, -7.3604671]]}}, {"type": "Feature", "properties": {"layer": "osm_road", "stroke": "#999999"}, "geometry": {"type": "LineString", "coordinates": [[112.6956017, -7.364146399999998], [112.6956651, -7.3641447000000015]]}}, {"type": "Feature", "properties": {"layer": "osm_road", "stroke": "#999999"}, "geometry": {"type": "LineString", "coordinates": [[112.6956912, -7.364349300000001], [112.69561239999999, -7.3643398]]}}, {"type": "Feature", "properties": {"layer": "osm_road", "stroke": "#999999"}, "geometry": {"type": "LineString", "coordinates": [[112.69544429999999, -7.366526299999997], [112.6953863, -7.366520800000001]]}}, {"type": "Feature", "properties": {"layer": "osm_road", "stroke": "#999999"}, "geometry": {"type": "LineString", "coordinates": [[112.69527459999999, -7.367966000000001], [112.69509719999999, -7.367948600000001]]}}, {"type": "Feature", "properties": {"layer": "osm_road", "stroke": "#999999"}, "geometry": {"type": "LineString", "coordinates": [[112.6950872, -7.3677869], [112.69528819999998, -7.367837]]}}, {"type": "Feature", "properties": {"layer": "osm_road", "stroke": "#999999"}, "geometry": {"type": "LineString", "coordinates": [[112.6951734, -7.369976999999998], [112.6951202, -7.3699754], [112.6950676, -7.369975099999999]]}}, {"type": "Feature", "properties": {"layer": "osm_road", "stroke": "#999999"}, "geometry": {"type": "LineString", "coordinates": [[112.6948874, -7.3712368], [112.694977, -7.371247499999999]]}}, {"type": "Feature", "properties": {"layer": "osm_road", "stroke": "#999999"}, "geometry": {"type": "LineString", "coordinates": [[112.6944838, -7.372831], [112.6946211, -7.372849399999998]]}}, {"type": "Feature", "properties": {"layer": "osm_road", "stroke": "#999999"}, "geometry": {"type": "LineString", "coordinates": [[112.68994659999998, -7.3563082], [112.68996349999999, -7.356468000000002]]}}, {"type": "Feature", "properties": {"layer": "osm_road", "stroke": "#999999"}, "geometry": {"type": "LineString", "coordinates": [[112.6942851, -7.3553484000000005], [112.6942979, -7.355440200000003]]}}, {"type": "Feature", "properties": {"layer": "osm_road", "stroke": "#999999"}, "geometry": {"type": "LineString", "coordinates": [[112.69528519999999, -7.354749399999999], [112.69525680000001, -7.354651400000002]]}}, {"type": "Feature", "properties": {"layer": "osm_road", "stroke": "#999999"}, "geometry": {"type": "LineString", "coordinates": [[112.6980972, -7.352724199999998], [112.6981378, -7.3527625]]}}, {"type": "Feature", "properties": {"layer": "osm_road", "stroke": "#999999"}, "geometry": {"type": "LineString", "coordinates": [[112.6989016, -7.351888699999999], [112.69884559999998, -7.351826399999998]]}}, {"type": "Feature", "properties": {"layer": "osm_road", "stroke": "#999999"}, "geometry": {"type": "LineString", "coordinates": [[112.6989971, -7.3516588], [112.6990588, -7.3517092]]}}, {"type": "Feature", "properties": {"layer": "osm_road", "stroke": "#999999"}, "geometry": {"type": "LineString", "coordinates": [[112.6890019, -7.357972599999998], [112.68898309999999, -7.3578889]]}}, {"type": "Feature", "properties": {"layer": "osm_road", "stroke": "#999999"}, "geometry": {"type": "LineString", "coordinates": [[112.6919925, -7.3568859], [112.69214669999998, -7.357419300000001]]}}, {"type": "Feature", "properties": {"layer": "osm_road", "stroke": "#999999"}, "geometry": {"type": "LineString", "coordinates": [[112.69213069999999, -7.356787499999999], [112.6922527, -7.3571678999999985]]}}, {"type": "Feature", "properties": {"layer": "osm_road", "stroke": "#999999"}, "geometry": {"type": "LineString", "coordinates": [[112.69477529999999, -7.359806100000001], [112.6946908, -7.3598088000000015]]}}, {"type": "Feature", "properties": {"layer": "osm_road", "stroke": "#999999"}, "geometry": {"type": "LineString", "coordinates": [[112.6825216, -7.374433100000002], [112.68251099999999, -7.374996699999999]]}}, {"type": "Feature", "properties": {"layer": "osm_road", "stroke": "#999999"}, "geometry": {"type": "LineString", "coordinates": [[112.69621899999999, -7.354452599999999], [112.69620489999998, -7.354369499999998]]}}, {"type": "Feature", "properties": {"layer": "osm_road", "stroke": "#999999"}, "geometry": {"type": "LineString", "coordinates": [[112.69569259999999, -7.354620800000001], [112.6956671, -7.3545476999999995]]}}, {"type": "Feature", "properties": {"layer": "osm_road", "stroke": "#999999"}, "geometry": {"type": "LineString", "coordinates": [[112.6951106, -7.3546754], [112.6950112, -7.354307300000002]]}}, {"type": "Feature", "properties": {"layer": "osm_road", "stroke": "#999999"}, "geometry": {"type": "LineString", "coordinates": [[112.69404979999999, -7.355609100000001], [112.6940294, -7.3555176]]}}, {"type": "Feature", "properties": {"layer": "osm_road", "stroke": "#999999"}, "geometry": {"type": "LineString", "coordinates": [[112.69369709999998, -7.355602400000001], [112.693689, -7.355543900000001]]}}, {"type": "Feature", "properties": {"layer": "osm_road", "stroke": "#999999"}, "geometry": {"type": "LineString", "coordinates": [[112.6932693, -7.3557812999999985], [112.6932679, -7.355736800000001]]}}, {"type": "Feature", "properties": {"layer": "osm_road", "stroke": "#999999"}, "geometry": {"type": "LineString", "coordinates": [[112.6929112, -7.3558485], [112.69278380000002, -7.355569200000001]]}}, {"type": "Feature", "properties": {"layer": "osm_road", "stroke": "#999999"}, "geometry": {"type": "LineString", "coordinates": [[112.69149999999999, -7.3569925000000005], [112.69124399999998, -7.35711]]}}, {"type": "Feature", "properties": {"layer": "osm_road", "stroke": "#999999"}, "geometry": {"type": "LineString", "coordinates": [[112.6911985, -7.3570018], [112.6914507, -7.3568895]]}}, {"type": "Feature", "properties": {"layer": "osm_road", "stroke": "#999999"}, "geometry": {"type": "LineString", "coordinates": [[112.69082979999999, -7.355928300000002], [112.69068490000001, -7.355416200000001], [112.69054550000001, -7.354763199999999]]}}, {"type": "Feature", "properties": {"layer": "osm_road", "stroke": "#999999"}, "geometry": {"type": "LineString", "coordinates": [[112.69643289999999, -7.3524242], [112.69647449999998, -7.352374299999997]]}}, {"type": "Feature", "properties": {"layer": "osm_road", "stroke": "#999999"}, "geometry": {"type": "LineString", "coordinates": [[112.69917159999999, -7.3515804000000005], [112.6990829, -7.351557699999997]]}}, {"type": "Feature", "properties": {"layer": "osm_road", "stroke": "#999999"}, "geometry": {"type": "LineString", "coordinates": [[112.69823540000002, -7.3525669], [112.69827219999999, -7.352607399999998]]}}, {"type": "Feature", "properties": {"layer": "osm_road", "stroke": "#999999"}, "geometry": {"type": "LineString", "coordinates": [[112.6972604, -7.353652600000001], [112.6970118, -7.353299700000001]]}}, {"type": "Feature", "properties": {"layer": "osm_road", "stroke": "#999999"}, "geometry": {"type": "LineString", "coordinates": [[112.6959971, -7.3544386], [112.6960395, -7.3545105]]}}, {"type": "Feature", "properties": {"layer": "osm_road", "stroke": "#999999"}, "geometry": {"type": "LineString", "coordinates": [[112.671789, -7.362153199999999], [112.672427, -7.361884500000001], [112.6725299, -7.361841199999998], [112.6726294, -7.3617993], [112.673566, -7.361403499999998], [112.67365249999999, -7.3613684]]}}, {"type": "Feature", "properties": {"layer": "osm_road", "stroke": "#999999"}, "geometry": {"type": "LineString", "coordinates": [[112.67365249999999, -7.3613684], [112.6736851, -7.3613556], [112.6744174, -7.361068899999999], [112.675074, -7.360814799999999], [112.67541489999999, -7.3606865], [112.67568899999999, -7.360592500000002], [112.6760953, -7.360439599999999], [112.67633599999999, -7.3603555999999974], [112.67653469999999, -7.360288899999999], [112.67666229999999, -7.360248999999997], [112.67763950000001, -7.35994], [112.67830389999999, -7.3597356000000005], [112.67849969999999, -7.359677099999998], [112.6793526, -7.359438299999998], [112.6796435, -7.3593483], [112.67996679999999, -7.359252400000002], [112.68028410000001, -7.359157400000001], [112.6806069, -7.359055499999999], [112.6807628, -7.359015099999998], [112.6808878, -7.3589791], [112.6810853, -7.358933500000001]]}}, {"type": "Feature", "properties": {"layer": "osm_road", "stroke": "#999999"}, "geometry": {"type": "LineString", "coordinates": [[112.67285260000001, -7.361904599999998], [112.67282899999998, -7.3617994]]}}, {"type": "Feature", "properties": {"layer": "osm_road", "stroke": "#999999"}, "geometry": {"type": "LineString", "coordinates": [[112.68420169999999, -7.3589621], [112.6842978, -7.359566400000001]]}}, {"type": "Feature", "properties": {"layer": "osm_road", "stroke": "#999999"}, "geometry": {"type": "LineString", "coordinates": [[112.6838084, -7.359097399999998], [112.68379339999998, -7.359030000000001]]}}, {"type": "Feature", "properties": {"layer": "osm_road", "stroke": "#999999"}, "geometry": {"type": "LineString", "coordinates": [[112.68413939999999, -7.3589752], [112.68414239999998, -7.359038000000002]]}}, {"type": "Feature", "properties": {"layer": "osm_road", "stroke": "#999999"}, "geometry": {"type": "LineString", "coordinates": [[112.6686958, -7.3636414], [112.66871759999998, -7.363814099999998]]}}, {"type": "Feature", "properties": {"layer": "osm_road", "stroke": "#999999"}, "geometry": {"type": "LineString", "coordinates": [[112.67900829999999, -7.360113700000001], [112.6790455, -7.359716299999998]]}}, {"type": "Feature", "properties": {"layer": "osm_road", "stroke": "#999999"}, "geometry": {"type": "LineString", "coordinates": [[112.6805851, -7.3588943], [112.68056359999999, -7.358412900000001]]}}, {"type": "Feature", "properties": {"layer": "osm_road", "stroke": "#999999"}, "geometry": {"type": "LineString", "coordinates": [[112.6805891, -7.358965100000001], [112.6805851, -7.3588943]]}}, {"type": "Feature", "properties": {"layer": "osm_road", "stroke": "#999999"}, "geometry": {"type": "LineString", "coordinates": [[112.6737724, -7.36141], [112.67375689999999, -7.361376899999999], [112.6737025, -7.3613968000000005], [112.6736851, -7.3613556]]}}, {"type": "Feature", "properties": {"layer": "osm_road", "stroke": "#999999"}, "geometry": {"type": "LineString", "coordinates": [[112.6971772, -7.343285999999998], [112.69711549999998, -7.343469399999999], [112.69709010000001, -7.343541200000001]]}}, {"type": "Feature", "properties": {"layer": "osm_road", "stroke": "#999999"}, "geometry": {"type": "LineString", "coordinates": [[112.695444, -7.362446399999999], [112.6950362, -7.362424099999998], [112.69479879999999, -7.362431000000001], [112.69430729999999, -7.362445300000002], [112.6938846, -7.362475100000001], [112.6935063, -7.362431999999998], [112.6934272, -7.362414200000001], [112.69303299999999, -7.3623299]]}}, {"type": "Feature", "properties": {"layer": "osm_road", "stroke": "#999999"}, "geometry": {"type": "LineString", "coordinates": [[112.68931609999998, -7.3626602000000005], [112.68920129999998, -7.362595499999999], [112.6890342, -7.362542799999998], [112.688802, -7.3625174]]}}, {"type": "Feature", "properties": {"layer": "osm_road", "stroke": "#999999"}, "geometry": {"type": "LineString", "coordinates": [[112.69025399999998, -7.3605499], [112.69015309999999, -7.360543099999998]]}}, {"type": "Feature", "properties": {"layer": "osm_road", "stroke": "#999999"}, "geometry": {"type": "LineString", "coordinates": [[112.69016789999999, -7.3604093], [112.6902618, -7.3604146]]}}, {"type": "Feature", "properties": {"layer": "osm_road", "stroke": "#999999"}, "geometry": {"type": "LineString", "coordinates": [[112.7005592, -7.345659499999999], [112.7005466, -7.3456621], [112.700137, -7.345615000000001], [112.70012499999999, -7.345610000000001]]}}, {"type": "Feature", "properties": {"layer": "osm_road", "stroke": "#999999"}, "geometry": {"type": "LineString", "coordinates": [[112.7005592, -7.345659499999999], [112.700593, -7.345663399999998]]}}, {"type": "Feature", "properties": {"layer": "osm_road", "stroke": "#999999"}, "geometry": {"type": "LineString", "coordinates": [[112.70012499999999, -7.345610000000001], [112.70013759999999, -7.345607799999999], [112.70054669999999, -7.345653499999999], [112.7005592, -7.345659499999999]]}}, {"type": "Feature", "properties": {"layer": "osm_road", "stroke": "#999999"}, "geometry": {"type": "LineString", "coordinates": [[112.68024439999999, -7.363393899999998], [112.6826949, -7.3638081], [112.6837818, -7.363991799999999], [112.6848521, -7.3639341], [112.68575179999999, -7.3638634], [112.686693, -7.363769200000001]]}}, {"type": "Feature", "properties": {"layer": "osm_road", "stroke": "#999999"}, "geometry": {"type": "LineString", "coordinates": [[112.68092929999999, -7.3600724], [112.6808145, -7.360040699999999]]}}, {"type": "Feature", "properties": {"layer": "osm_road", "stroke": "#999999"}, "geometry": {"type": "LineString", "coordinates": [[112.70086859999999, -7.343956199999999], [112.7008116, -7.3441464], [112.7006745, -7.344512000000001]]}}, {"type": "Feature", "properties": {"layer": "osm_road", "stroke": "#999999"}, "geometry": {"type": "LineString", "coordinates": [[112.6927516, -7.359280400000001], [112.6927549, -7.358920900000001], [112.69275229999998, -7.358684200000001], [112.6927315, -7.3586483], [112.6927207, -7.3586317], [112.6927144, -7.3586060999999985], [112.6927033, -7.358399199999998], [112.69270359999999, -7.358278200000002], [112.69270399999999, -7.358216699999998], [112.69270060000001, -7.3581881], [112.6926909, -7.358171100000002], [112.6926812, -7.358158800000001], [112.69267149999999, -7.358120900000001], [112.69265449999999, -7.357951600000001]]}}, {"type": "Feature", "properties": {"layer": "osm_road", "stroke": "#999999"}, "geometry": {"type": "LineString", "coordinates": [[112.69305710000002, -7.357978199999998], [112.6930634, -7.3580863], [112.69306209999999, -7.358178799999998], [112.6930688, -7.358204], [112.69308819999999, -7.358227999999999], [112.6931117, -7.3582418999999994]]}}, {"type": "Feature", "properties": {"layer": "osm_road", "stroke": "#999999"}, "geometry": {"type": "LineString", "coordinates": [[112.69265449999999, -7.357951600000001], [112.69261679999998, -7.3577206], [112.69258659999998, -7.357563], [112.6925222, -7.357394699999999]]}}, {"type": "Feature", "properties": {"layer": "osm_road", "stroke": "#999999"}, "geometry": {"type": "LineString", "coordinates": [[112.69212079999998, -7.3584422], [112.69211459999998, -7.358736699999998], [112.69212059999998, -7.358826200000001], [112.6921102, -7.359022399999999], [112.6921005, -7.359276300000001]]}}, {"type": "Feature", "properties": {"layer": "osm_road", "stroke": "#999999"}, "geometry": {"type": "LineString", "coordinates": [[112.69246759999999, -7.358747400000002], [112.6924884, -7.3587128], [112.6925005, -7.358680899999999], [112.6925052, -7.358656300000001], [112.6925068, -7.358448799999996]]}}, {"type": "Feature", "properties": {"layer": "osm_road", "stroke": "#999999"}, "geometry": {"type": "LineString", "coordinates": [[112.69187080000002, -7.358377899999998], [112.69192809999998, -7.358385600000001], [112.69194929999999, -7.358405199999999], [112.69207159999999, -7.358437499999999], [112.69212079999998, -7.3584422], [112.69217559999998, -7.3584474], [112.69230329999999, -7.3584474], [112.69232779999999, -7.358446800000001], [112.69234789999999, -7.3584501000000015], [112.69235329999998, -7.358462699999998], [112.69235929999999, -7.358491699999999], [112.69236999999998, -7.3585429], [112.69238549999999, -7.358571799999999], [112.6924069, -7.3585941], [112.69241359999998, -7.358615400000001], [112.69241999999998, -7.3587028], [112.6924351, -7.358727100000001], [112.69246759999999, -7.358747400000002], [112.6924773, -7.358899700000002], [112.69248739999999, -7.358924899999998]]}}, {"type": "Feature", "properties": {"layer": "osm_road", "stroke": "#999999"}, "geometry": {"type": "LineString", "coordinates": [[112.6918613, -7.3579349], [112.6918712, -7.3580022], [112.6918792, -7.3581638], [112.69188089999999, -7.358243899999997], [112.69187080000002, -7.358377899999998], [112.69186409999999, -7.358469100000001], [112.6918621, -7.358546199999998], [112.6918571, -7.358551499999996], [112.691837, -7.358553200000001], [112.6917944, -7.358551900000002], [112.6917702, -7.3585525], [112.6917615, -7.358562799999998], [112.69175649999998, -7.358579099999999], [112.6917451, -7.358687499999999], [112.69175619999999, -7.358950499999998], [112.69177429999999, -7.3592764]]}}, {"type": "Feature", "properties": {"layer": "osm_road", "stroke": "#999999"}, "geometry": {"type": "LineString", "coordinates": [[112.6914735, -7.359276599999999], [112.6914863, -7.358965799999998], [112.6914869, -7.3587597], [112.69149729999998, -7.358623699999998], [112.6915007, -7.358499], [112.691503, -7.358442099999999], [112.691499, -7.3584102], [112.6914896, -7.3582559000000005], [112.6914765, -7.358208600000001]]}}, {"type": "Feature", "properties": {"layer": "osm_road", "stroke": "#999999"}, "geometry": {"type": "LineString", "coordinates": [[112.6902685, -7.360550199999999], [112.69025399999998, -7.3605499]]}}, {"type": "Feature", "properties": {"layer": "osm_road", "stroke": "#999999"}, "geometry": {"type": "LineString", "coordinates": [[112.6902618, -7.3604146], [112.6902754, -7.360415599999998]]}}, {"type": "Feature", "properties": {"layer": "osm_road", "stroke": "#999999"}, "geometry": {"type": "LineString", "coordinates": [[112.67877589999999, -7.372799899999999], [112.680171, -7.372856100000001]]}}, {"type": "Feature", "properties": {"layer": "osm_road", "stroke": "#999999"}, "geometry": {"type": "LineString", "coordinates": [[112.68016889999998, -7.373036600000001], [112.67963289999999, -7.373027999999999], [112.6789843, -7.373012300000001], [112.67876919999999, -7.3730034]]}}, {"type": "Feature", "properties": {"layer": "osm_road", "stroke": "#999999"}, "geometry": {"type": "LineString", "coordinates": [[112.7012877, -7.3494229], [112.7012368, -7.349571899999998]]}}, {"type": "Feature", "properties": {"layer": "osm_road", "stroke": "#999999"}, "geometry": {"type": "LineString", "coordinates": [[112.70140459999999, -7.34946], [112.7014735, -7.349293900000001], [112.70149289999999, -7.349246700000002], [112.7014909, -7.3492154], [112.7014771, -7.349157299999999], [112.7014563, -7.349084]]}}, {"type": "Feature", "properties": {"layer": "osm_road", "stroke": "#999999"}, "geometry": {"type": "LineString", "coordinates": [[112.7013997, -7.348965900000001], [112.70136749999999, -7.348882499999997]]}}, {"type": "Feature", "properties": {"layer": "osm_road", "stroke": "#999999"}, "geometry": {"type": "LineString", "coordinates": [[112.70145969999999, -7.349478400000001], [112.7014165, -7.3496497000000005]]}}, {"type": "Feature", "properties": {"layer": "osm_road", "stroke": "#999999"}, "geometry": {"type": "LineString", "coordinates": [[112.70182639999999, -7.3481553], [112.70188449999999, -7.3481713], [112.70189537728089, -7.348179724948597]]}}, {"type": "Feature", "properties": {"layer": "osm_road", "stroke": "#999999"}, "geometry": {"type": "LineString", "coordinates": [[112.70167799999999, -7.3487528], [112.70160139999999, -7.3487507]]}}, {"type": "Feature", "properties": {"layer": "osm_road", "stroke": "#999999"}, "geometry": {"type": "LineString", "coordinates": [[112.70189537728089, -7.348457763702173], [112.7017477, -7.348425899999999]]}}, {"type": "Feature", "properties": {"layer": "osm_road", "stroke": "#999999"}, "geometry": {"type": "LineString", "coordinates": [[112.70182639999999, -7.3481553], [112.701797, -7.3481502999999995], [112.7017644, -7.348150899999999]]}}, {"type": "Feature", "properties": {"layer": "osm_road", "stroke": "#999999"}, "geometry": {"type": "LineString", "coordinates": [[112.7016559, -7.348875700000002], [112.7016682, -7.348809199999999], [112.70167799999999, -7.3487528], [112.7017477, -7.348425899999999], [112.70182639999999, -7.3481553]]}}, {"type": "Feature", "properties": {"layer": "osm_road", "stroke": "#999999"}, "geometry": {"type": "LineString", "coordinates": [[112.7017477, -7.348425899999999], [112.70163339999999, -7.348410999999998]]}}, {"type": "Feature", "properties": {"layer": "osm_road", "stroke": "#999999"}, "geometry": {"type": "LineString", "coordinates": [[112.7012983, -7.348849600000001], [112.7012984, -7.348792399999998], [112.7013253, -7.3486458], [112.701334, -7.3485896], [112.701342, -7.348487199999998], [112.7013417, -7.348443299999999], [112.70134, -7.348423999999999], [112.70133, -7.348340200000003], [112.7013286, -7.3483312000000005], [112.7013236, -7.3483239], [112.70131149999999, -7.348314900000001], [112.70129639999999, -7.348295600000002], [112.70128539999999, -7.3482677]]}}, {"type": "Feature", "properties": {"layer": "osm_road", "stroke": "#999999"}, "geometry": {"type": "LineString", "coordinates": [[112.7010148, -7.348383800000001], [112.701223, -7.348458600000001], [112.7012354, -7.348462200000001], [112.7012418, -7.348466899999999], [112.70124779999999, -7.348476899999999], [112.70124679999999, -7.348500099999998], [112.70122800000001, -7.3486345], [112.70122849999998, -7.348641199999999], [112.70123339999999, -7.348651599999999], [112.70123469999999, -7.3486560999999995], [112.70121899999998, -7.3487592], [112.70121199999998, -7.348782400000001]]}}, {"type": "Feature", "properties": {"layer": "osm_road", "stroke": "#999999"}, "geometry": {"type": "LineString", "coordinates": [[112.70086270000002, -7.3486945], [112.70063919999998, -7.3485668], [112.7006349, -7.348564699999998], [112.7006312, -7.3485638], [112.7006275, -7.3485654], [112.7006247, -7.3485676999999985], [112.70061979999998, -7.3485720999999975]]}}, {"type": "Feature", "properties": {"layer": "osm_road", "stroke": "#999999"}, "geometry": {"type": "LineString", "coordinates": [[112.69667159999999, -7.345749199999999], [112.6965545, -7.345738599999998], [112.6964839, -7.3457438999999995], [112.6964141, -7.3457705], [112.6963233, -7.3458125]]}}, {"type": "Feature", "properties": {"layer": "osm_road", "stroke": "#999999"}, "geometry": {"type": "LineString", "coordinates": [[112.6963233, -7.3458125], [112.69637720000001, -7.345972699999997]]}}, {"type": "Feature", "properties": {"layer": "osm_road", "stroke": "#999999"}, "geometry": {"type": "LineString", "coordinates": [[112.6906918, -7.3593741999999995], [112.6907347, -7.3595284], [112.69075749999999, -7.3597117999999995]]}}, {"type": "Feature", "properties": {"layer": "osm_road", "stroke": "#999999"}, "geometry": {"type": "LineString", "coordinates": [[112.69284919999998, -7.3605436], [112.69286149999999, -7.360936599999999]]}}, {"type": "Feature", "properties": {"layer": "osm_road", "stroke": "#999999"}, "geometry": {"type": "LineString", "coordinates": [[112.6928488, -7.3604947], [112.69287239999998, -7.360406300000001], [112.69287779999999, -7.360056299999999]]}}, {"type": "Feature", "properties": {"layer": "osm_road", "stroke": "#999999"}, "geometry": {"type": "LineString", "coordinates": [[112.6899259, -7.361592800000001], [112.6899701, -7.361561100000001], [112.6900576, -7.361561799999998]]}}, {"type": "Feature", "properties": {"layer": "osm_road", "stroke": "#999999"}, "geometry": {"type": "LineString", "coordinates": [[112.69657339999999, -7.3615958], [112.69657829999998, -7.361409500000001]]}}, {"type": "Feature", "properties": {"layer": "osm_road", "stroke": "#999999"}, "geometry": {"type": "LineString", "coordinates": [[112.6912394, -7.367380500000001], [112.6915517, -7.364528800000001]]}}, {"type": "Feature", "properties": {"layer": "osm_road", "stroke": "#999999"}, "geometry": {"type": "LineString", "coordinates": [[112.6899259, -7.361592800000001], [112.68992449999999, -7.361642199999999], [112.6899152, -7.361680200000001], [112.68988969999998, -7.361738699999998], [112.68983599999999, -7.361748], [112.68961480000002, -7.361747299999999], [112.689435, -7.361758]]}}, {"type": "Feature", "properties": {"layer": "osm_road", "stroke": "#999999"}, "geometry": {"type": "LineString", "coordinates": [[112.6855559, -7.3497021999999985], [112.6855304, -7.349771399999998], [112.6855066, -7.349804300000001], [112.68547979999998, -7.349829600000002], [112.6854483, -7.349842200000001], [112.6853929, -7.3498555]]}}, {"type": "Feature", "properties": {"layer": "osm_road", "stroke": "#999999"}, "geometry": {"type": "LineString", "coordinates": [[112.689659, -7.346286499999999], [112.68956749999998, -7.3463236], [112.6894455, -7.3463731], [112.68897009999999, -7.346553400000001], [112.68838529999998, -7.3467422000000004], [112.68766780000001, -7.347030800000001], [112.68724799999998, -7.347226299999999], [112.68709649999998, -7.3473021], [112.6866432, -7.3475229], [112.68652919999998, -7.347566800000002], [112.68634049999999, -7.347629199999999], [112.68574469999999, -7.347755999999999], [112.68565239999998, -7.347773599999999], [112.68545659999998, -7.347799200000001], [112.68492219999999, -7.347863], [112.6844981, -7.3478976], [112.68429689999999, -7.347917900000001], [112.68414609999999, -7.347939199999997], [112.6840468, -7.3479632000000015], [112.68389529999999, -7.348004700000001], [112.68378799999999, -7.348039000000001], [112.68369539999999, -7.3480705], [112.6835573, -7.348132099999999], [112.68342620000001, -7.3481926], [112.6832995, -7.348261099999999], [112.6832116, -7.3483109], [112.68295979999999, -7.3484698999999996], [112.68281629999998, -7.348554299999999], [112.6827604, -7.3485899], [112.682704, -7.348635199999999], [112.6826437, -7.3486787], [112.6825693, -7.348733199999998], [112.68252129999999, -7.348774399999996], [112.68245059999998, -7.348824399999999], [112.68238589999999, -7.348865899999999], [112.6823101, -7.348908800000001], [112.68220139999998, -7.3489621000000005], [112.68191579999998, -7.3491031]]}}, {"type": "Feature", "properties": {"layer": "osm_road", "stroke": "#999999"}, "geometry": {"type": "LineString", "coordinates": [[112.69258389999999, -7.3646106], [112.69260679999998, -7.3646034999999985]]}}, {"type": "Feature", "properties": {"layer": "osm_road", "stroke": "#999999"}, "geometry": {"type": "LineString", "coordinates": [[112.69260679999998, -7.3646034999999985], [112.69260429999999, -7.3646283]]}}, {"type": "Feature", "properties": {"layer": "osm_road", "stroke": "#999999"}, "geometry": {"type": "LineString", "coordinates": [[112.69289809999998, -7.3646889], [112.692903, -7.364627499999999]]}}, {"type": "Feature", "properties": {"layer": "osm_road", "stroke": "#999999"}, "geometry": {"type": "LineString", "coordinates": [[112.69323979999999, -7.3647357], [112.6931893, -7.365376599999999]]}}, {"type": "Feature", "properties": {"layer": "osm_road", "stroke": "#999999"}, "geometry": {"type": "LineString", "coordinates": [[112.69356549999999, -7.3646814], [112.6935613, -7.364732800000001]]}}, {"type": "Feature", "properties": {"layer": "osm_road", "stroke": "#999999"}, "geometry": {"type": "LineString", "coordinates": [[112.69388549999998, -7.3647495], [112.6938815, -7.3647904]]}}, {"type": "Feature", "properties": {"layer": "osm_road", "stroke": "#999999"}, "geometry": {"type": "LineString", "coordinates": [[112.69426889999998, -7.3648839], [112.69426359999999, -7.364934700000001]]}}, {"type": "Feature", "properties": {"layer": "osm_road", "stroke": "#999999"}, "geometry": {"type": "LineString", "coordinates": [[112.69507819999998, -7.3651676], [112.69507179999998, -7.365214700000001]]}}, {"type": "Feature", "properties": {"layer": "osm_road", "stroke": "#999999"}, "geometry": {"type": "LineString", "coordinates": [[112.6929018, -7.356005899999999], [112.69272289999999, -7.356103899999999], [112.6926586, -7.3561536], [112.69254219999999, -7.3562491], [112.6923437, -7.356413500000001], [112.6920851, -7.3566445], [112.6919459, -7.3567639], [112.69172629999998, -7.3568826], [112.69149999999999, -7.3569925000000005]]}}, {"type": "Feature", "properties": {"layer": "osm_road", "stroke": "#999999"}, "geometry": {"type": "LineString", "coordinates": [[112.6914507, -7.3568895], [112.69183020000001, -7.356700399999998], [112.69197850000002, -7.356605299999998], [112.69213000000002, -7.356476899999999], [112.6923647, -7.3562868], [112.69258189999998, -7.3561072], [112.6926986, -7.356022099999999], [112.69286689999998, -7.355938899999999]]}}, {"type": "Feature", "properties": {"layer": "osm_road", "stroke": "#999999"}, "geometry": {"type": "LineString", "coordinates": [[112.6929018, -7.356005899999999], [112.69288399999999, -7.3559718], [112.69286689999998, -7.355938899999999]]}}, {"type": "Feature", "properties": {"layer": "osm_road", "stroke": "#999999"}, "geometry": {"type": "LineString", "coordinates": [[112.69777509999999, -7.349947099999999], [112.6980087, -7.3501558000000005], [112.6981985, -7.3503107], [112.6982092, -7.3503187], [112.6982226, -7.350323700000001]]}}, {"type": "Feature", "properties": {"layer": "osm_road", "stroke": "#999999"}, "geometry": {"type": "LineString", "coordinates": [[112.7008773, -7.348665399999996], [112.70093769999998, -7.348697400000001], [112.7010045, -7.3487377], [112.7010463, -7.348758199999998], [112.7011328, -7.348777899999999], [112.70121199999998, -7.348782400000001]]}}, {"type": "Feature", "properties": {"layer": "osm_road", "stroke": "#999999"}, "geometry": {"type": "LineString", "coordinates": [[112.69607849999998, -7.3497317], [112.6957925, -7.349688199999998], [112.6950197, -7.349583399999999], [112.69496510000002, -7.3495764999999995], [112.69495239999999, -7.349657699999999], [112.6949368, -7.3497384]]}}, {"type": "Feature", "properties": {"layer": "osm_road", "stroke": "#999999"}, "geometry": {"type": "LineString", "coordinates": [[112.6976275, -7.347512000000001], [112.69660999999999, -7.3479849999999995], [112.6959475, -7.348272399999998], [112.6959246, -7.3482917], [112.69591519999999, -7.3483202], [112.69591789999998, -7.348412000000001]]}}, {"type": "Feature", "properties": {"layer": "osm_road", "stroke": "#999999"}, "geometry": {"type": "LineString", "coordinates": [[112.6959122, -7.3490402], [112.6959219, -7.348666100000001], [112.69592999999999, -7.3484772000000005], [112.69591789999998, -7.348412000000001], [112.6958575, -7.3484313000000006], [112.69525139999999, -7.3487219], [112.6952072, -7.348732599999998], [112.6951549, -7.3487366], [112.6951254, -7.348740600000001], [112.69505959999998, -7.348749900000001], [112.6949711, -7.3487658], [112.69465869999999, -7.3488549], [112.6945447, -7.348897399999998]]}}, {"type": "Feature", "properties": {"layer": "osm_road", "stroke": "#999999"}, "geometry": {"type": "LineString", "coordinates": [[112.69681379999999, -7.3502873], [112.69677309999999, -7.3503642], [112.6966723, -7.350558099999999], [112.6966279, -7.350612199999999], [112.6965471, -7.350703499999998], [112.6964223, -7.350845], [112.6963574, -7.3509081], [112.69619559999998, -7.351114000000002], [112.69581439999999, -7.351697500000002]]}}, {"type": "Feature", "properties": {"layer": "osm_road", "stroke": "#999999"}, "geometry": {"type": "LineString", "coordinates": [[112.69613839999998, -7.355071400000001], [112.69614189999999, -7.355162199999999], [112.6961393, -7.3553152], [112.69616869999999, -7.355486699999998], [112.6961781, -7.3555293]]}}, {"type": "Feature", "properties": {"layer": "osm_road", "stroke": "#999999"}, "geometry": {"type": "LineString", "coordinates": [[112.6974198, -7.3479199], [112.6976004, -7.3479072], [112.6976372, -7.3478907000000016]]}}, {"type": "Feature", "properties": {"layer": "osm_road", "stroke": "#999999"}, "geometry": {"type": "LineString", "coordinates": [[112.6969826, -7.355674500000001], [112.69698949999999, -7.3556104]]}}, {"type": "Feature", "properties": {"layer": "osm_road", "stroke": "#999999"}, "geometry": {"type": "LineString", "coordinates": [[112.69275959999999, -7.345606900000001], [112.6925719, -7.345551000000001], [112.6923184, -7.3454872], [112.69208769999999, -7.345431299999999], [112.6920737, -7.345419999999998], [112.6920757, -7.345392099999999], [112.6921092, -7.345238400000001], [112.6921159, -7.345181900000001], [112.6921172, -7.345149800000001]]}}, {"type": "Feature", "properties": {"layer": "osm_road", "stroke": "#999999"}, "geometry": {"type": "LineString", "coordinates": [[112.69263249999999, -7.348319899999998], [112.6928819, -7.3481885999999985], [112.69337119999999, -7.3479319], [112.69370979999998, -7.347776900000001], [112.69372249999999, -7.347766899999998], [112.6937299, -7.347752300000002], [112.6937386, -7.347628600000001]]}}, {"type": "Feature", "properties": {"layer": "osm_road", "stroke": "#999999"}, "geometry": {"type": "LineString", "coordinates": [[112.6934804, -7.3462521], [112.6933685, -7.346562599999999], [112.69331759999999, -7.346694299999999], [112.6932921, -7.3467628], [112.69324909999999, -7.3468279], [112.6932143, -7.3468744], [112.6931781, -7.346898399999999], [112.69312179999999, -7.346938300000001]]}}, {"type": "Feature", "properties": {"layer": "osm_road", "stroke": "#999999"}, "geometry": {"type": "LineString", "coordinates": [[112.6939322, -7.3453256], [112.6935323, -7.345098199999998]]}}, {"type": "Feature", "properties": {"layer": "osm_road", "stroke": "#999999"}, "geometry": {"type": "LineString", "coordinates": [[112.6779927, -7.369555999999997], [112.6775463, -7.369527400000001]]}}, {"type": "Feature", "properties": {"layer": "osm_road", "stroke": "#999999"}, "geometry": {"type": "LineString", "coordinates": [[112.6828384, -7.3563037], [112.68284739999999, -7.356621200000002]]}}, {"type": "Feature", "properties": {"layer": "osm_road", "stroke": "#999999"}, "geometry": {"type": "LineString", "coordinates": [[112.6792694, -7.3577053], [112.67918979999999, -7.3570183], [112.67918869999998, -7.356991]]}}, {"type": "Feature", "properties": {"layer": "osm_road", "stroke": "#999999"}, "geometry": {"type": "LineString", "coordinates": [[112.70130279999998, -7.3402947], [112.70126429999999, -7.340316600000002], [112.70111869999998, -7.340526399999997], [112.70096699999999, -7.340758799999998], [112.7009571, -7.3407878], [112.70089569999999, -7.340897599999998], [112.7008017, -7.341080999999999], [112.70064139999998, -7.3413779], [112.7006347, -7.341410799999999], [112.70059609999998, -7.3415026999999995]]}}, {"type": "Feature", "properties": {"layer": "osm_road", "stroke": "#999999"}, "geometry": {"type": "LineString", "coordinates": [[112.6995993, -7.3411151000000014], [112.6997817, -7.341180299999998], [112.70050449999998, -7.341548700000001]]}}, {"type": "Feature", "properties": {"layer": "osm_road", "stroke": "#999999"}, "geometry": {"type": "LineString", "coordinates": [[112.6961037, -7.3460811], [112.69571099999999, -7.346404899999999]]}}, {"type": "Feature", "properties": {"layer": "osm_road", "stroke": "#999999"}, "geometry": {"type": "LineString", "coordinates": [[112.69571099999999, -7.346404899999999], [112.69566049999999, -7.346522800000002], [112.69564700000001, -7.346536900000001], [112.69562599999999, -7.346545699999998], [112.6952179, -7.346482100000002], [112.69486519999998, -7.346418199999996], [112.6947556, -7.346387300000002]]}}, {"type": "Feature", "properties": {"layer": "osm_road", "stroke": "#999999"}, "geometry": {"type": "LineString", "coordinates": [[112.70189537728089, -7.3477289991014985], [112.70181579999999, -7.347763899999999], [112.7017236, -7.347789500000001], [112.7014922, -7.347820099999998], [112.701104, -7.3478288], [112.70083109999999, -7.347839399999997], [112.70070499999999, -7.347830799999999], [112.7005696, -7.347822799999999], [112.70044209999999, -7.3478181], [112.70033219999999, -7.3478321], [112.70022919999998, -7.3478468999999995], [112.7002028, -7.3478507], [112.7000622, -7.347868400000002], [112.6999124, -7.347887299999998], [112.69973470000001, -7.347923199999998], [112.69956099999999, -7.347979100000001], [112.69946979999999, -7.348020300000001], [112.69941419999999, -7.348051599999999], [112.6993438, -7.348088799999998], [112.69918019999999, -7.348189900000001]]}}, {"type": "Feature", "properties": {"layer": "osm_road", "stroke": "#999999"}, "geometry": {"type": "LineString", "coordinates": [[112.68464229999998, -7.3554537], [112.68419989999998, -7.3554215], [112.68415929999999, -7.3554194], [112.6841308, -7.355418600000003]]}}, {"type": "Feature", "properties": {"layer": "osm_road", "stroke": "#999999"}, "geometry": {"type": "LineString", "coordinates": [[112.68197919999999, -7.3552719], [112.6824318, -7.355073100000001], [112.682692, -7.354940099999999]]}}, {"type": "Feature", "properties": {"layer": "osm_road", "stroke": "#999999"}, "geometry": {"type": "LineString", "coordinates": [[112.68493449999998, -7.3555567], [112.6848938, -7.354417200000002], [112.6848937, -7.3538715], [112.68489509999999, -7.353780099999999]]}}, {"type": "Feature", "properties": {"layer": "osm_road", "stroke": "#999999"}, "geometry": {"type": "LineString", "coordinates": [[112.68476509999999, -7.3555545], [112.6847664, -7.355164800000001], [112.68477169999998, -7.353950999999999], [112.684778, -7.353842]]}}, {"type": "Feature", "properties": {"layer": "osm_road", "stroke": "#999999"}, "geometry": {"type": "LineString", "coordinates": [[112.6940526, -7.3512557], [112.69398139999998, -7.351533699999999], [112.6939064, -7.351807599999999], [112.693872, -7.3519104], [112.6938304, -7.3520333]]}}, {"type": "Feature", "properties": {"layer": "osm_road", "stroke": "#999999"}, "geometry": {"type": "LineString", "coordinates": [[112.687133, -7.3555419], [112.6871565, -7.3555958], [112.6871645, -7.355619100000002], [112.68716859999999, -7.355649700000001], [112.68716939999999, -7.355884200000001], [112.68713619999998, -7.3561082]]}}, {"type": "Feature", "properties": {"layer": "osm_road", "stroke": "#999999"}, "geometry": {"type": "LineString", "coordinates": [[112.6864747, -7.354474300000001], [112.68670319999998, -7.3544533], [112.68694449999998, -7.3544309]]}}, {"type": "Feature", "properties": {"layer": "osm_road", "stroke": "#999999"}, "geometry": {"type": "LineString", "coordinates": [[112.68634049999999, -7.347629199999999], [112.6862958, -7.348349800000001], [112.68627999999998, -7.348522599999999], [112.68623179999999, -7.348950099999998], [112.6862216, -7.349026600000003], [112.6862106, -7.349183399999998]]}}, {"type": "Feature", "properties": {"layer": "osm_road", "stroke": "#999999"}, "geometry": {"type": "LineString", "coordinates": [[112.6859024, -7.350693899999999], [112.6857044, -7.350726599999999], [112.6852833, -7.350771599999999], [112.68502760000001, -7.3508187], [112.6848009, -7.350853300000001]]}}, {"type": "Feature", "properties": {"layer": "osm_road", "stroke": "#999999"}, "geometry": {"type": "LineString", "coordinates": [[112.68750479999999, -7.350423700000001], [112.68746429999999, -7.3504311000000015], [112.68729459999999, -7.3504584], [112.68719320000001, -7.350464800000001], [112.68632, -7.3506339], [112.6859517, -7.3506857000000005], [112.6859024, -7.350693899999999]]}}, {"type": "Feature", "properties": {"layer": "osm_road", "stroke": "#999999"}, "geometry": {"type": "LineString", "coordinates": [[112.6826939, -7.3507773000000025], [112.6827532, -7.350345199999998]]}}, {"type": "Feature", "properties": {"layer": "osm_road", "stroke": "#999999"}, "geometry": {"type": "LineString", "coordinates": [[112.6852069, -7.355555599999999], [112.6850681, -7.355566100000001], [112.68493449999998, -7.3555567]]}}, {"type": "Feature", "properties": {"layer": "osm_road", "stroke": "#999999"}, "geometry": {"type": "LineString", "coordinates": [[112.6859184, -7.3512168], [112.68594349999998, -7.3513662], [112.6859502, -7.351403399999999], [112.68596619999998, -7.3514872], [112.68597219999998, -7.351521199999998], [112.68604319999999, -7.351877599999999], [112.6860768, -7.3520026000000005], [112.6860924, -7.352040200000001], [112.6861592, -7.3521124], [112.6862364, -7.352175500000001], [112.6862989, -7.352210699999998], [112.6863812, -7.352238], [112.6866069, -7.352262200000002]]}}, {"type": "Feature", "properties": {"layer": "osm_road", "stroke": "#999999"}, "geometry": {"type": "LineString", "coordinates": [[112.66628550000001, -7.352792499999998], [112.6667315, -7.352717500000001], [112.6671392, -7.3526563000000005], [112.66754749999998, -7.352625699999998], [112.667575, -7.3526264], [112.66822779999998, -7.3525735], [112.6683572, -7.352563599999998], [112.6684729, -7.352558600000001], [112.66898539999998, -7.352542400000001], [112.6692554, -7.352539299999999], [112.6695981, -7.352531300000001], [112.6699937, -7.3525173], [112.6702871, -7.352505599999998], [112.67062689999999, -7.3524992000000005], [112.67094660000001, -7.352505399999997], [112.67116120000001, -7.352500900000001], [112.6714485, -7.3525073999999995], [112.6717421, -7.3525008], [112.67217299999999, -7.352510699999998], [112.6725737, -7.3525136999999985], [112.67276309999998, -7.352515700000002], [112.6729131, -7.3525132], [112.6731973, -7.3525217000000005], [112.67374409999998, -7.352516700000002], [112.6740197, -7.352514], [112.6744194, -7.352526], [112.674935, -7.352521999999999], [112.67515629999998, -7.3525113], [112.67523139999999, -7.352503400000001], [112.67528839999999, -7.3524944], [112.67541509999998, -7.352472399999999], [112.67564779999998, -7.352418900000001], [112.6760434, -7.3522992], [112.6766007, -7.352130900000001], [112.67681259999999, -7.352074399999999], [112.6773001, -7.351952399999999], [112.6776306, -7.3518769], [112.67789349999998, -7.3518224000000005], [112.67848620000001, -7.3517384], [112.67878059999998, -7.351678099999999], [112.67883249999998, -7.351666999999999], [112.6790533, -7.351622200000001], [112.6794068, -7.351542000000001], [112.6795203, -7.3515151]]}}, {"type": "Feature", "properties": {"layer": "osm_road", "stroke": "#999999"}, "geometry": {"type": "LineString", "coordinates": [[112.6976275, -7.347512000000001], [112.6976225, -7.347696399999999], [112.6976185, -7.347729700000001], [112.6976024, -7.347745700000001], [112.69747229999999, -7.3478042], [112.6974441, -7.347828199999998], [112.6974307, -7.3478547], [112.6974198, -7.3479199], [112.69741859999999, -7.3479333]]}}, {"type": "Feature", "properties": {"layer": "osm_road", "stroke": "#999999"}, "geometry": {"type": "LineString", "coordinates": [[112.6969826, -7.355674500000001], [112.6964536, -7.355614299999998], [112.6961815, -7.355612999999999], [112.69616559999999, -7.355612999999999], [112.6959796, -7.355635000000002], [112.69590249999999, -7.355655600000001], [112.695806, -7.355696900000001], [112.6956557, -7.3557733999999995], [112.69535599999999, -7.3559216], [112.69513689999998, -7.356039299999999], [112.69495060000001, -7.356136599999999], [112.6941674, -7.356536599999999], [112.6940866, -7.356573999999998], [112.6936615, -7.356780000000001], [112.69340899999999, -7.3568850999999995]]}}, {"type": "Feature", "properties": {"layer": "osm_road", "stroke": "#999999"}, "geometry": {"type": "LineString", "coordinates": [[112.695556, -7.3514992], [112.6954073, -7.351569300000002], [112.6953585, -7.3515975], [112.6950707, -7.3518171], [112.6948571, -7.351931400000001], [112.694782, -7.351954], [112.69468879999998, -7.3519767], [112.6946291, -7.351982], [112.6946037, -7.3519821]]}}, {"type": "Feature", "properties": {"layer": "osm_road", "stroke": "#999999"}, "geometry": {"type": "LineString", "coordinates": [[112.7004228, -7.3542448], [112.7004467, -7.3542619]]}}, {"type": "Feature", "properties": {"layer": "osm_road", "stroke": "#999999"}, "geometry": {"type": "LineString", "coordinates": [[112.700359, -7.354216500000001], [112.7004228, -7.3542448]]}}, {"type": "Feature", "properties": {"layer": "osm_road", "stroke": "#999999"}, "geometry": {"type": "LineString", "coordinates": [[112.68753609999999, -7.3538504], [112.6874919, -7.353629500000001]]}}, {"type": "Feature", "properties": {"layer": "osm_road", "stroke": "#999999"}, "geometry": {"type": "LineString", "coordinates": [[112.6915081, -7.350227600000001], [112.69068490000001, -7.350654599999998], [112.69016330000001, -7.3509339]]}}, {"type": "Feature", "properties": {"layer": "osm_road", "stroke": "#999999"}, "geometry": {"type": "LineString", "coordinates": [[112.69694489999999, -7.3634215], [112.69668079999998, -7.363448700000001], [112.69667649999998, -7.363451000000001], [112.69667489999999, -7.363453100000002], [112.6966741, -7.363455900000001], [112.6966766, -7.3634774], [112.6962197, -7.363560200000001], [112.6962106, -7.363503899999998]]}}, {"type": "Feature", "properties": {"layer": "osm_road", "stroke": "#999999"}, "geometry": {"type": "LineString", "coordinates": [[112.6974063, -7.363935399999998], [112.69732369999998, -7.363952200000003], [112.69730969999999, -7.363952200000003], [112.69727010000001, -7.363952500000001], [112.6972443, -7.363948200000001], [112.69720669999998, -7.3639376], [112.69717189999999, -7.3639351999999985], [112.69714569999998, -7.363935900000003], [112.6968353, -7.364005099999999]]}}, {"type": "Feature", "properties": {"layer": "osm_road", "stroke": "#999999"}, "geometry": {"type": "LineString", "coordinates": [[112.6996725, -7.353280100000001], [112.69953359999998, -7.3535846000000005], [112.6995195, -7.3536152999999995], [112.69949059999999, -7.353687799999997], [112.69943779999998, -7.353848600000002]]}}, {"type": "Feature", "properties": {"layer": "osm_road", "stroke": "#999999"}, "geometry": {"type": "LineString", "coordinates": [[112.69991019999999, -7.352834799999997], [112.6997622, -7.353095899999998], [112.6996725, -7.353280100000001]]}}, {"type": "Feature", "properties": {"layer": "osm_road", "stroke": "#999999"}, "geometry": {"type": "LineString", "coordinates": [[112.70011169999998, -7.3526234], [112.70038979999998, -7.3527727]]}}, {"type": "Feature", "properties": {"layer": "osm_road", "stroke": "#999999"}, "geometry": {"type": "LineString", "coordinates": [[112.68137959999999, -7.360171800000001], [112.68095040000001, -7.360076899999998], [112.68092929999999, -7.3600724]]}}, {"type": "Feature", "properties": {"layer": "osm_road", "stroke": "#999999"}, "geometry": {"type": "LineString", "coordinates": [[112.6818219, -7.360370100000001], [112.6809261, -7.3601830999999995], [112.68090700000002, -7.3601798999999986]]}}, {"type": "Feature", "properties": {"layer": "osm_road", "stroke": "#999999"}, "geometry": {"type": "LineString", "coordinates": [[112.689429, -7.351485899999999], [112.68950399999999, -7.351451299999997], [112.68955179999999, -7.351438599999998]]}}, {"type": "Feature", "properties": {"layer": "osm_road", "stroke": "#999999"}, "geometry": {"type": "LineString", "coordinates": [[112.69016330000001, -7.3509339], [112.6894399, -7.351293000000001], [112.68941789999998, -7.3513040999999975]]}}, {"type": "Feature", "properties": {"layer": "osm_road", "stroke": "#999999"}, "geometry": {"type": "LineString", "coordinates": [[112.6866069, -7.352262200000002], [112.6866675, -7.352264499999999]]}}, {"type": "Feature", "properties": {"layer": "osm_road", "stroke": "#999999"}, "geometry": {"type": "LineString", "coordinates": [[112.6866933, -7.352228599999998], [112.6866959, -7.352261500000003], [112.68670229999998, -7.352339899999999], [112.68673769999998, -7.352517100000001], [112.6867762, -7.352636300000001]]}}, {"type": "Feature", "properties": {"layer": "osm_road", "stroke": "#999999"}, "geometry": {"type": "LineString", "coordinates": [[112.68673769999998, -7.352517100000001], [112.68669639999999, -7.352537900000001]]}}, {"type": "Feature", "properties": {"layer": "osm_road", "stroke": "#999999"}, "geometry": {"type": "LineString", "coordinates": [[112.6866675, -7.352264499999999], [112.6866959, -7.352261500000003]]}}, {"type": "Feature", "properties": {"layer": "osm_road", "stroke": "#999999"}, "geometry": {"type": "LineString", "coordinates": [[112.6868769, -7.353109199999999], [112.6868178, -7.3528211], [112.6868501, -7.352769200000001], [112.687194, -7.3525912]]}}, {"type": "Feature", "properties": {"layer": "osm_road", "stroke": "#999999"}, "geometry": {"type": "LineString", "coordinates": [[112.68955179999999, -7.351438599999998], [112.68944409999999, -7.351395], [112.68936469999998, -7.3513692], [112.6892491, -7.3513697], [112.68913339999999, -7.3513701]]}}, {"type": "Feature", "properties": {"layer": "osm_road", "stroke": "#999999"}, "geometry": {"type": "LineString", "coordinates": [[112.66281979999998, -7.3556208000000005], [112.66263839999999, -7.355601099999999]]}}, {"type": "Feature", "properties": {"layer": "osm_road", "stroke": "#999999"}, "geometry": {"type": "LineString", "coordinates": [[112.6627913, -7.355813900000001], [112.66281979999998, -7.3556208000000005], [112.66282350000002, -7.3555958], [112.66294959999999, -7.3546567], [112.66311589999998, -7.3537230000000005], [112.66306569999999, -7.3536335999999975]]}}, {"type": "Feature", "properties": {"layer": "osm_road", "stroke": "#999999"}, "geometry": {"type": "LineString", "coordinates": [[112.66275379999999, -7.3561518], [112.66307289999999, -7.356167700000002]]}}, {"type": "Feature", "properties": {"layer": "osm_road", "stroke": "#999999"}, "geometry": {"type": "LineString", "coordinates": [[112.66236950477963, -7.355785093481297], [112.6627913, -7.355813900000001]]}}, {"type": "Feature", "properties": {"layer": "osm_road", "stroke": "#999999"}, "geometry": {"type": "LineString", "coordinates": [[112.66275379999999, -7.3561518], [112.66236950477963, -7.356105237292361]]}}, {"type": "Feature", "properties": {"layer": "osm_road", "stroke": "#999999"}, "geometry": {"type": "LineString", "coordinates": [[112.6627913, -7.355813900000001], [112.66275379999999, -7.3561518]]}}, {"type": "Feature", "properties": {"layer": "osm_road", "stroke": "#999999"}, "geometry": {"type": "LineString", "coordinates": [[112.67687419999999, -7.3745104999999995], [112.67669979999998, -7.3744923999999985], [112.67673619999998, -7.3742909]]}}, {"type": "Feature", "properties": {"layer": "osm_road", "stroke": "#999999"}, "geometry": {"type": "LineString", "coordinates": [[112.67682869999999, -7.3755057], [112.67733399999999, -7.3756127], [112.6772954, -7.375892200000001], [112.6771207, -7.3758647]]}}, {"type": "Feature", "properties": {"layer": "osm_road", "stroke": "#999999"}, "geometry": {"type": "LineString", "coordinates": [[112.66275379999999, -7.3561518], [112.6627028, -7.356571999999998], [112.66291739999998, -7.3565933]]}}, {"type": "Feature", "properties": {"layer": "osm_road", "stroke": "#999999"}, "geometry": {"type": "LineString", "coordinates": [[112.6870334, -7.348484200000001], [112.6870723, -7.3484908], [112.6871234, -7.348497800000001], [112.68762049999998, -7.3485901999999985]]}}, {"type": "Feature", "properties": {"layer": "osm_road", "stroke": "#999999"}, "geometry": {"type": "LineString", "coordinates": [[112.69099179999999, -7.356467299999999], [112.6909507, -7.356293199999998], [112.6909398, -7.356184999999999], [112.69094109999999, -7.3561012], [112.69096319999998, -7.356022799999999], [112.6910263, -7.355861099999999], [112.6911128, -7.355743000000001], [112.6911651, -7.355669100000001], [112.6912054, -7.355619500000001], [112.69127639999999, -7.3555246], [112.69141379999999, -7.355346399999998], [112.69149029999998, -7.355238700000001], [112.6915211, -7.3551768000000015], [112.6915533, -7.355109000000001], [112.6915774, -7.3550385], [112.6915989, -7.354932100000002], [112.69160629999999, -7.354856300000002], [112.6916096, -7.3547711]]}}, {"type": "Feature", "properties": {"layer": "osm_road", "stroke": "#999999"}, "geometry": {"type": "LineString", "coordinates": [[112.6923184, -7.3454872], [112.6924063, -7.345151299999999], [112.6924103, -7.3451141], [112.69240359999999, -7.345086099999999], [112.69238840000001, -7.345035399999999]]}}, {"type": "Feature", "properties": {"layer": "osm_road", "stroke": "#999999"}, "geometry": {"type": "LineString", "coordinates": [[112.6933275, -7.346213], [112.69324039999998, -7.3465145000000005]]}}, {"type": "Feature", "properties": {"layer": "osm_road", "stroke": "#999999"}, "geometry": {"type": "LineString", "coordinates": [[112.69440109999998, -7.346174700000002], [112.69431109999998, -7.3464100000000006]]}}, {"type": "Feature", "properties": {"layer": "osm_road", "stroke": "#999999"}, "geometry": {"type": "LineString", "coordinates": [[112.69428979999999, -7.3468165999999995], [112.69439949999999, -7.346434900000002]]}}, {"type": "Feature", "properties": {"layer": "osm_road", "stroke": "#999999"}, "geometry": {"type": "LineString", "coordinates": [[112.69372719999998, -7.347131100000003], [112.69380739999998, -7.3467653], [112.69388819999999, -7.346542600000001], [112.69399689999999, -7.3463159000000005]]}}, {"type": "Feature", "properties": {"layer": "osm_road", "stroke": "#999999"}, "geometry": {"type": "LineString", "coordinates": [[112.6956345, -7.3417178000000005], [112.69573079999999, -7.341828700000001], [112.6957832, -7.3418982], [112.6958408, -7.341961000000001], [112.6958562, -7.341955699999997], [112.69587899999999, -7.3419504], [112.69590449999998, -7.341961000000001], [112.69593169999999, -7.3419993], [112.69598359999999, -7.342073399999999], [112.6960742, -7.3421825000000025], [112.6961888, -7.342334800000001], [112.69625789999999, -7.342352799999999], [112.6963183, -7.3423674], [112.6964678, -7.342401299999998], [112.69657370000002, -7.342427299999999], [112.69662539999999, -7.342407999999999], [112.69672389999998, -7.342352799999999], [112.6967762, -7.342318800000001], [112.69721209999999, -7.342063499999999]]}}, {"type": "Feature", "properties": {"layer": "osm_road", "stroke": "#999999"}, "geometry": {"type": "LineString", "coordinates": [[112.69786499999998, -7.346748599999998], [112.6979456, -7.346782999999999], [112.69798239999999, -7.346798800000002], [112.69799359999999, -7.346799100000002], [112.6980033, -7.3467966], [112.69805359999998, -7.3467708]]}}, {"type": "Feature", "properties": {"layer": "osm_road", "stroke": "#999999"}, "geometry": {"type": "LineString", "coordinates": [[112.69805359999998, -7.3467708], [112.69801209999999, -7.346752099999999], [112.69793049999998, -7.346715299999998]]}}, {"type": "Feature", "properties": {"layer": "osm_road", "stroke": "#999999"}, "geometry": {"type": "LineString", "coordinates": [[112.69805359999998, -7.3467708], [112.698438, -7.346579899999999]]}}, {"type": "Feature", "properties": {"layer": "osm_road", "stroke": "#999999"}, "geometry": {"type": "LineString", "coordinates": [[112.698438, -7.346579899999999], [112.69845479999998, -7.3466122], [112.69845869999999, -7.346624400000002], [112.6984556, -7.346633200000002], [112.6984454, -7.346641400000001], [112.69830139999999, -7.3467161], [112.6981005, -7.3468153], [112.69808589999998, -7.346817299999997], [112.6980752, -7.346812], [112.698069, -7.346800599999998], [112.69805359999998, -7.3467708]]}}, {"type": "Feature", "properties": {"layer": "osm_road", "stroke": "#999999"}, "geometry": {"type": "LineString", "coordinates": [[112.698438, -7.346579899999999], [112.69867509999999, -7.346458599999998]]}}, {"type": "Feature", "properties": {"layer": "osm_road", "stroke": "#999999"}, "geometry": {"type": "LineString", "coordinates": [[112.69931979999998, -7.3463358], [112.6985383, -7.346736800000002], [112.6984798, -7.346766900000002], [112.6983701, -7.346822799999998], [112.69818929999998, -7.346915299999998], [112.69724819999999, -7.347398100000001]]}}, {"type": "Feature", "properties": {"layer": "osm_road", "stroke": "#999999"}, "geometry": {"type": "LineString", "coordinates": [[112.69735389999998, -7.3475915999999994], [112.69864009999999, -7.3469287], [112.69942459999999, -7.346524399999999]]}}, {"type": "Feature", "properties": {"layer": "osm_road", "stroke": "#999999"}, "geometry": {"type": "LineString", "coordinates": [[112.69724819999999, -7.347398100000001], [112.6972666, -7.3474316], [112.69728469999998, -7.347464999999998], [112.6973049, -7.3475019], [112.69732879999998, -7.347545600000001], [112.69735389999998, -7.3475915999999994]]}}, {"type": "Feature", "properties": {"layer": "osm_road", "stroke": "#999999"}, "geometry": {"type": "LineString", "coordinates": [[112.69830139999999, -7.3467161], [112.69830629999998, -7.346726599999998]]}}, {"type": "Feature", "properties": {"layer": "osm_road", "stroke": "#999999"}, "geometry": {"type": "LineString", "coordinates": [[112.69830629999998, -7.346726599999998], [112.69832340000002, -7.346756399999999], [112.69833220000001, -7.346751800000001], [112.6983701, -7.346822799999998]]}}, {"type": "Feature", "properties": {"layer": "osm_road", "stroke": "#999999"}, "geometry": {"type": "LineString", "coordinates": [[112.69864009999999, -7.3469287], [112.69864889999998, -7.3469447], [112.6986119, -7.346963799999999]]}}, {"type": "Feature", "properties": {"layer": "osm_road", "stroke": "#999999"}, "geometry": {"type": "LineString", "coordinates": [[112.6986119, -7.346963799999999], [112.69849249999999, -7.346743000000001]]}}, {"type": "Feature", "properties": {"layer": "osm_road", "stroke": "#999999"}, "geometry": {"type": "LineString", "coordinates": [[112.6985383, -7.346736800000002], [112.6985295, -7.346722399999998], [112.69849249999999, -7.346743000000001]]}}, {"type": "Feature", "properties": {"layer": "osm_road", "stroke": "#999999"}, "geometry": {"type": "LineString", "coordinates": [[112.6946959, -7.3399923], [112.69472769999999, -7.3399411]]}}, {"type": "Feature", "properties": {"layer": "osm_road", "stroke": "#999999"}, "geometry": {"type": "LineString", "coordinates": [[112.69472769999999, -7.3399411], [112.69477259999998, -7.339868799999997], [112.6947384, -7.339845499999998], [112.6948779, -7.339604099999998], [112.69489469999999, -7.339603399999999], [112.6949222, -7.3395788], [112.694959, -7.3395369], [112.6950489, -7.339533599999999]]}}, {"type": "Feature", "properties": {"layer": "cable_prior_anchor", "stroke": "#4575b4"}, "geometry": {"type": "LineString", "coordinates": [[112.68161211388853, -7.356744787649116], [112.68132887888515, -7.356759787200129], [112.68111529621588, -7.35679972669947], [112.68105941359929, -7.357108912680138], [112.68102971544344, -7.35727561031597], [112.68095784168447, -7.357661263114101]]}}, {"type": "Feature", "properties": {"layer": "cable_prior_anchor", "stroke": "#4575b4"}, "geometry": {"type": "LineString", "coordinates": [[112.68161211388853, -7.356744787649116], [112.68160015145173, -7.356954615281402], [112.68159786604564, -7.35716502833642], [112.68174124414678, -7.3572083599176], [112.68212611709296, -7.357242938790376], [112.68210069289422, -7.35747138505887], [112.68206471962566, -7.35769815763633], [112.68204706123942, -7.358047069030484], [112.68170412331527, -7.357974386798528], [112.68134657078262, -7.357899029078603], [112.68093037332487, -7.357808754972736], [112.6809183098674, -7.3578648988377], [112.68124163342439, -7.357938786482018], [112.68162223595883, -7.3580214940519095], [112.6820644013728, -7.358114493440989], [112.68238840692204, -7.35819093654941], [112.68265115599608, -7.358244430427156]]}}, {"type": "Feature", "properties": {"layer": "cable_prior_anchor", "stroke": "#4575b4"}, "geometry": {"type": "LineString", "coordinates": [[112.68161211388853, -7.356744787649116], [112.68200019595743, -7.356759864200544], [112.6823071017253, -7.356779328163377], [112.68260693602949, -7.356797679898626], [112.6828634006892, -7.356815525457429], [112.68307719771803, -7.356823152934548], [112.68334657219313, -7.356833593351917]]}}, {"type": "Feature", "properties": {"layer": "cable_recovered", "stroke": "#d73027"}, "geometry": {"type": "LineString", "coordinates": [[112.67772607701507, -7.353318501662207], [112.67744697095047, -7.353368589858409], [112.6772401197401, -7.353434763571531], [112.67722375071565, -7.353748460194982], [112.67721535292794, -7.353917536171534], [112.67719278229845, -7.3543090849438455]]}}, {"type": "Feature", "properties": {"layer": "cable_recovered", "stroke": "#d73027"}, "geometry": {"type": "LineString", "coordinates": [[112.67772607701507, -7.353318501662207], [112.67774072556968, -7.353528163307902], [112.67776504884327, -7.353737202886378], [112.67791277233545, -7.353762370884027], [112.6782989803023, -7.353748836751803], [112.67830262618128, -7.3539786437237895], [112.67829559467714, -7.354208101459711], [112.6783221688078, -7.354556459281325], [112.67797274991545, -7.35452697751838], [112.67760849354498, -7.354496657981014], [112.6771841696429, -7.354458829266574], [112.67717929642504, -7.354516030354307], [112.6775094079457, -7.354549146124068], [112.67789746139181, -7.354583892451344], [112.6783478928952, -7.35462119714141], [112.67867900397971, -7.3546567635052], [112.67894644143122, -7.354677175734228]]}}, {"type": "Feature", "properties": {"layer": "cable_recovered", "stroke": "#d73027"}, "geometry": {"type": "LineString", "coordinates": [[112.67772607701507, -7.353318501662207], [112.67811300421795, -7.353285219887554], [112.67841994967192, -7.353266381376363], [112.67871973886676, -7.353247318399558], [112.67897643643255, -7.353233144188274], [112.6791895115193, -7.3532141360785825], [112.6794580812888, -7.3531910103349905]]}}, {"type": "Feature", "properties": {"layer": "mode_top5", "rank": 1, "theta_deg": 9.0, "coverage": 1.0000000000000004}, "geometry": {"type": "Point", "coordinates": [112.67856163777589, -7.353997739019423]}}, {"type": "Feature", "properties": {"layer": "mode_top5", "rank": 2, "theta_deg": 14.0, "coverage": 1.0000000000000002}, "geometry": {"type": "Point", "coordinates": [112.6785167220117, -7.353908646413626]}}, {"type": "Feature", "properties": {"layer": "mode_top5", "rank": 3, "theta_deg": 355.0, "coverage": 1.0000000000000002}, "geometry": {"type": "Point", "coordinates": [112.67844934836538, -7.35381955378995]}}, {"type": "Feature", "properties": {"layer": "mode_top5", "rank": 4, "theta_deg": 0.0, "coverage": 1.0000000000000002}, "geometry": {"type": "Point", "coordinates": [112.67840443260116, -7.353841826947545]}}, {"type": "Feature", "properties": {"layer": "search_centre_prior"}, "geometry": {"type": "Point", "coordinates": [112.68213244103026, -7.357494609671666]}}, {"type": "Feature", "properties": {"layer": "anchor_target_centre"}, "geometry": {"type": "Point", "coordinates": [112.68248648431447, -7.359089898981249]}}, {"type": "Feature", "properties": {"layer": "recovered_c_w"}, "geometry": {"type": "Point", "coordinates": [112.67833705895485, -7.353997739019423]}}]}