{"type": "FeatureCollection", "properties": {"note": "EPSG:4326; cable_prior_anchor=\u7c97\u951a\u5148\u9a8c(\u03b8=0)\u4f4d\u7f6e\uff1bcable_recovered=\u626b\u63cf\u6700\u4f18\u5047\u8bbe\uff08\u65e0\u72ec\u7acb\u771f\u503c\uff09"}, "features": [{"type": "Feature", "properties": {"layer": "osm_road", "stroke": "#999999"}, "geometry": {"type": "LineString", "coordinates": [[95.2637815, 5.497783199999998], [95.2634288, 5.497607599999999], [95.2625306, 5.497051299999999], [95.26196829999999, 5.4967141999999996], [95.2619013, 5.496659800000001], [95.2618685, 5.496607300000001], [95.2618195, 5.496509999999999], [95.2617839, 5.4964158], [95.26177659999999, 5.496249499999999], [95.261789, 5.4960957], [95.26183859999999, 5.495681399999999], [95.26185549999998, 5.4954185], [95.2618587, 5.495242599999999], [95.26188260000002, 5.4947942], [95.2618852, 5.494395700000001], [95.26193160000001, 5.494042000000001], [95.261963, 5.493872400000001], [95.26203169999998, 5.493622], [95.26206540000001, 5.4934208], [95.26207759999998, 5.4932023], [95.26206799999999, 5.492979699999999], [95.2620242, 5.492411499999999], [95.26200039999999, 5.492002099999998], [95.2619511, 5.491154], [95.26190959999998, 5.4906093], [95.26188159999998, 5.4903289], [95.2618586, 5.4900272999999995], [95.26182639999999, 5.4898910999999995], [95.2617889, 5.4897735999999995], [95.2615731, 5.489147899999998], [95.26143479999999, 5.4886897], [95.2613929, 5.4885676], [95.2613235, 5.488430700000001], [95.2612415, 5.4883244], [95.2611522, 5.4882363], [95.2610117, 5.488129499999999], [95.26099679999999, 5.488104599999998], [95.2597382, 5.487348899999999], [95.2590499, 5.486930899999999], [95.25901429999999, 5.486907499999999], [95.25885479999998, 5.486802499999999], [95.2585625, 5.4866228], [95.25836809999998, 5.486503299999998], [95.25757959999999, 5.4860487], [95.2572597, 5.4858714], [95.2571378, 5.485800899999999], [95.2564297, 5.4853681], [95.2556223, 5.4848428], [95.2551583, 5.484530399999999], [95.2544931, 5.4840752], [95.2537742, 5.483613300000001], [95.25322969999999, 5.483179500000001], [95.25276839999998, 5.482742899999999], [95.2522749, 5.4822544], [95.252126, 5.4820994999999995], [95.2515802, 5.481593499999999], [95.25116779999999, 5.4811756], [95.25085889999998, 5.4809095], [95.2499279, 5.480091699999999], [95.24955779999999, 5.4797712999999995], [95.2492896, 5.4795684], [95.24906829999999, 5.479442899999998], [95.2484594, 5.4791330999999985], [95.2482449, 5.479029], [95.2477373, 5.478752], [95.24751829999998, 5.478622], [95.24694529999998, 5.478224], [95.2469011, 5.4781946999999995], [95.24653090000001, 5.4779851], [95.24624059999998, 5.4779123], [95.2461447, 5.477892899999999], [95.24557539999999, 5.4778404], [95.24555189999998, 5.4778382], [95.2454875, 5.477834199999999], [95.24454739999999, 5.477744799999999], [95.2443476, 5.477687399999999], [95.2442529, 5.477638899999999], [95.24420139999998, 5.47762], [95.2441089, 5.4774978], [95.24403239999998, 5.477383000000001], [95.244007, 5.477159399999999], [95.24401589999998, 5.4769822999999995], [95.2441015, 5.4765927], [95.24412529999998, 5.4764504], [95.2441981, 5.4761146], [95.24426799999999, 5.4758957], [95.2442877, 5.475850599999999], [95.2443109, 5.475762199999999], [95.2443828, 5.475062099999999], [95.2444289, 5.4745006], [95.2444296, 5.474478899999999], [95.2444368, 5.473963699999999], [95.2444308, 5.4737568], [95.24439899999999, 5.473041900000001], [95.24438429999998, 5.4725199], [95.2443997, 5.472006399999999], [95.24438989999999, 5.471886399999999], [95.2443946, 5.471703099999998], [95.2443946, 5.4715631], [95.24443209999998, 5.4711834], [95.244438, 5.470889999999999], [95.2444525, 5.470686099999999], [95.2444609, 5.4706007], [95.2444715, 5.470272999999999]]}}, {"type": "Feature", "properties": {"layer": "osm_road", "stroke": "#999999"}, "geometry": {"type": "LineString", "coordinates": [[95.29594635238409, 5.50008673722183], [95.295976, 5.499608699999999], [95.29600079999999, 5.499021800000001], [95.2960374, 5.4985368999999995], [95.29606729999999, 5.498218299999999], [95.2962338, 5.497227], [95.2962998, 5.496701899999999], [95.29616929999999, 5.4964873999999995], [95.2960829, 5.496387], [95.2959843, 5.496234000000001], [95.295964, 5.496192500000001], [95.2959533, 5.496141799999999], [95.29595199999999, 5.495623799999999], [95.2959855, 5.495214000000001], [95.2960338, 5.494842899999999], [95.29618139999998, 5.494450600000001], [95.2963846, 5.4935545999999995], [95.2964968, 5.493295999999998], [95.2965903, 5.493191599999999], [95.2966413, 5.4930581], [95.2966553, 5.492954800000001], [95.2966896, 5.4927697], [95.2966989, 5.4926482000000005], [95.29668219999999, 5.492473400000001], [95.2966487, 5.4923332], [95.29662639999998, 5.4922549], [95.29661919999998, 5.4921823000000005], [95.2966279, 5.492135599999999], [95.2967706, 5.491912199999998], [95.2967774, 5.491885999999999], [95.296774, 5.491855299999999], [95.29655679999999, 5.4913495], [95.2965528, 5.491333999999999], [95.2965447, 5.491253900000001], [95.29654340000002, 5.4911931], [95.2965581, 5.4909856], [95.29663749999999, 5.490524], [95.29667920000001, 5.4903348], [95.29667880000001, 5.490278699999999], [95.29664349999999, 5.490023899999999], [95.29668819999999, 5.489861499999999], [95.2966976, 5.489767699999999], [95.2966976, 5.4897314], [95.2966916, 5.489683299999999], [95.2966748, 5.489628599999999], [95.29638779999999, 5.4892173999999985], [95.29637639999999, 5.4891879999999995], [95.29632079999999, 5.4888937], [95.29631199999999, 5.488683399999999], [95.2962892, 5.4885319], [95.29625569999999, 5.4884411], [95.2961906, 5.488296699999999], [95.29610949999999, 5.488172100000001], [95.29607229999999, 5.4881419], [95.29602369999999, 5.4881234], [95.2959939, 5.4881194], [95.29596670000001, 5.4881186999999985], [95.2957672, 5.488149099999999], [95.2955703, 5.4881993], [95.29525989999999, 5.488362399999999], [95.29515799999999, 5.488410399999999], [95.2950749, 5.4884593], [95.2950191, 5.488468599999998], [95.2949742, 5.4884657], [95.2949327, 5.4884505], [95.2948563, 5.4884158], [95.2948294, 5.488389099999999], [95.29479579999999, 5.488332], [95.2947651, 5.488266299999999], [95.29474559999998, 5.4881775], [95.29474559999998, 5.487959199999999], [95.29470739999998, 5.4876862], [95.2945953, 5.4874049], [95.29446139999999, 5.4871593999999995], [95.2943858, 5.487057900000001], [95.2942749, 5.4869804], [95.29403949999998, 5.4868822], [95.293823, 5.486838599999999], [95.29358619999998, 5.486837200000001], [95.29324159999999, 5.4868639], [95.2932054, 5.4868599], [95.29316860000002, 5.4868496], [95.2930049, 5.486763799999999], [95.29297090000001, 5.486749], [95.29291369999999, 5.486731099999999], [95.29281179999998, 5.486727], [95.2927091, 5.4867365999999995], [95.2925332, 5.486767600000001], [95.2923189, 5.4868439], [95.2921553, 5.486909299999999], [95.2918562, 5.4870514], [95.29169589999998, 5.4871063], [95.2916074, 5.4871262], [95.29081419999999, 5.487248300000001], [95.29013839999999, 5.4873137], [95.28956159999998, 5.4873285], [95.28942219999999, 5.487353799999999], [95.2892665, 5.487407299999998], [95.28914049999999, 5.4874499], [95.2890292, 5.487510000000001], [95.2888991, 5.487551400000001], [95.2887867, 5.487579], [95.28838069999999, 5.487605399999999], [95.2882037, 5.487573399999999], [95.2879979, 5.487534100000001], [95.28785970000001, 5.4874372000000005], [95.2877015, 5.487337699999999], [95.28744769999999, 5.487182000000001], [95.28722409999999, 5.487079200000001], [95.2871149, 5.487039099999999], [95.2870609, 5.4870202], [95.28689339999998, 5.4870045], [95.2866782, 5.487020700000001], [95.28647859999998, 5.4869764], [95.286431, 5.486953], [95.28638129999999, 5.486916800000001], [95.286327, 5.4868765999999995], [95.2861647, 5.4867289], [95.286021, 5.4865878], [95.28596039999998, 5.486533399999999], [95.285893, 5.486490100000001], [95.2858074, 5.4864391], [95.28567539999999, 5.4863668], [95.28500989999999, 5.4860783], [95.2846278, 5.485961199999999], [95.28448999999999, 5.485912899999999]]}}, {"type": "Feature", "properties": {"layer": "osm_road", "stroke": "#999999"}, "geometry": {"type": "LineString", "coordinates": [[95.24056887651231, 5.474116108244413], [95.2407084, 5.473842599999999], [95.24074639999999, 5.4738042]]}}, {"type": "Feature", "properties": {"layer": "osm_road", "stroke": "#999999"}, "geometry": {"type": "LineString", "coordinates": [[95.25879619999999, 5.378907600000001], [95.25902929999998, 5.379491599999999], [95.25918219999998, 5.3799269999999995], [95.25934779999999, 5.3803487], [95.25943099999999, 5.380621100000001], [95.2595001, 5.3808808], [95.2595571, 5.3811444], [95.2595899, 5.381384200000001], [95.2597636, 5.3822339999999995], [95.2600474, 5.383353200000001], [95.2600934, 5.3836735]]}}, {"type": "Feature", "properties": {"layer": "osm_road", "stroke": "#999999"}, "geometry": {"type": "LineString", "coordinates": [[95.24329859999999, 5.4253201], [95.242745, 5.4258558], [95.24253709999999, 5.4260828], [95.242293, 5.426369799999998], [95.24215359999998, 5.426554099999999], [95.241981, 5.426785], [95.241791, 5.427054], [95.24161639999998, 5.427338499999999], [95.241424, 5.427652], [95.24122149999998, 5.4280292999999995], [95.2410592, 5.4283538], [95.2409077, 5.428683500000001], [95.2408272, 5.4288878], [95.2407601, 5.4290547], [95.24063539999999, 5.429389799999998], [95.24056887651231, 5.42963125779431]]}}, {"type": "Feature", "properties": {"layer": "osm_road", "stroke": "#999999"}, "geometry": {"type": "LineString", "coordinates": [[95.24056887651231, 5.4361697466453505], [95.2406086, 5.436392299999999], [95.24075, 5.437137], [95.240821, 5.437548], [95.2409318, 5.4379488999999985], [95.24103369999999, 5.4381679], [95.24118129999998, 5.4383575], [95.2413315, 5.4385257000000005], [95.24145479999999, 5.4386539], [95.24153919999999, 5.438730600000001], [95.2416346, 5.4388233999999995], [95.2417069, 5.4388929], [95.24181699999998, 5.4390103], [95.2419511, 5.4392226], [95.24201009999999, 5.4394122000000005], [95.24202619999998, 5.4396446], [95.2419752, 5.439890199999998], [95.2418223, 5.440322699999999], [95.24171769999998, 5.440576399999999], [95.24148829999999, 5.4411878], [95.24134749999999, 5.4415497], [95.2412805, 5.4417031], [95.2412349, 5.4418955], [95.2412014, 5.442129099999999], [95.2411839, 5.442347999999999], [95.2412023, 5.4426058], [95.2413383, 5.443043500000001], [95.24148589999999, 5.4433156], [95.24183779999998, 5.4439496], [95.2423004, 5.444882999999999], [95.24255989999999, 5.445398599999999], [95.2427611, 5.445764400000001], [95.2428629, 5.445967399999999], [95.2429937, 5.4462907], [95.2430334, 5.4466227], [95.24302270000001, 5.4467757], [95.2429786, 5.4470381], [95.2429258, 5.447187399999998], [95.242882, 5.447317600000001], [95.24276590000001, 5.447752], [95.2426171, 5.4482505], [95.2424621, 5.4487363], [95.24241889999999, 5.449151], [95.24241889999999, 5.449403800000001], [95.2424452, 5.449648899999999], [95.2425384, 5.450023200000001], [95.2426015, 5.450183399999999], [95.2428925, 5.450535699999999], [95.2433001, 5.450901199999999], [95.2438541, 5.4517775]]}}, {"type": "Feature", "properties": {"layer": "osm_road", "stroke": "#999999"}, "geometry": {"type": "LineString", "coordinates": [[95.25294379999998, 5.402420499999999], [95.2526999, 5.4030797], [95.2522471, 5.404228], [95.2520636, 5.404687499999999], [95.25192349999999, 5.405003899999999], [95.2507809, 5.4082403], [95.24966489999998, 5.411156399999999], [95.24939330000001, 5.411879600000001], [95.24842869999999, 5.414503800000001]]}}, {"type": "Feature", "properties": {"layer": "osm_road", "stroke": "#999999"}, "geometry": {"type": "LineString", "coordinates": [[95.25326520000002, 5.401627499999999], [95.25294379999998, 5.402420499999999]]}}, {"type": "Feature", "properties": {"layer": "osm_road", "stroke": "#999999"}, "geometry": {"type": "LineString", "coordinates": [[95.2600934, 5.3836735], [95.26013549999999, 5.384102900000001]]}}, {"type": "Feature", "properties": {"layer": "osm_road", "stroke": "#999999"}, "geometry": {"type": "LineString", "coordinates": [[95.24842869999999, 5.414503800000001], [95.2483352, 5.4147479999999995]]}}, {"type": "Feature", "properties": {"layer": "osm_road", "stroke": "#999999"}, "geometry": {"type": "LineString", "coordinates": [[95.2583122, 5.377715799999999], [95.2585432, 5.3782551], [95.25879619999999, 5.378907600000001]]}}, {"type": "Feature", "properties": {"layer": "osm_road", "stroke": "#999999"}, "geometry": {"type": "LineString", "coordinates": [[95.26013549999999, 5.384102900000001], [95.26017389999998, 5.3844344], [95.2601982, 5.384830899999999], [95.26021349999999, 5.3854087999999996], [95.26023759999998, 5.3860338], [95.26022959999999, 5.3862925], [95.2602204, 5.386415399999999], [95.26019349999999, 5.3869274], [95.2601592, 5.3872513], [95.260137, 5.387504300000001], [95.2600098, 5.3883556], [95.2598967, 5.3889114000000005], [95.2598049, 5.389403899999999], [95.25967769999998, 5.389896299999999], [95.2595152, 5.390438099999999], [95.2592466, 5.3911697], [95.25900639999999, 5.3917396], [95.25878729999998, 5.3922743], [95.2585329, 5.3927738], [95.2583068, 5.393224], [95.2580665, 5.3936391], [95.2578192, 5.394047199999999], [95.25727509999999, 5.394898399999998], [95.25690049999999, 5.3954823], [95.25646949999998, 5.3961507], [95.25591829999999, 5.3969597], [95.2552258, 5.398078299999999], [95.25468159999998, 5.398894399999999], [95.254081, 5.399872299999999], [95.25394849999999, 5.400114599999999], [95.2537822, 5.4004351], [95.25342809999998, 5.4012362], [95.253385, 5.401343500000001], [95.25326520000002, 5.401627499999999]]}}, {"type": "Feature", "properties": {"layer": "osm_road", "stroke": "#999999"}, "geometry": {"type": "LineString", "coordinates": [[95.25489799999998, 5.3873432], [95.2549942, 5.387014299999999]]}}, {"type": "Feature", "properties": {"layer": "osm_road", "stroke": "#999999"}, "geometry": {"type": "LineString", "coordinates": [[95.2548149, 5.3876816], [95.25489799999998, 5.3873432]]}}, {"type": "Feature", "properties": {"layer": "osm_road", "stroke": "#999999"}, "geometry": {"type": "LineString", "coordinates": [[95.25706410578385, 5.3748885390383565], [95.25724559999999, 5.375176599999999], [95.25753659999998, 5.3757644], [95.2577639, 5.376228899999999], [95.2579423, 5.3766693], [95.25812689999998, 5.3771626999999995], [95.2583122, 5.377715799999999]]}}, {"type": "Feature", "properties": {"layer": "osm_road", "stroke": "#999999"}, "geometry": {"type": "LineString", "coordinates": [[95.2549942, 5.387014299999999], [95.2550937, 5.386755699999999], [95.2551771, 5.3864875], [95.255236, 5.386268899999999], [95.25527089999999, 5.386114099999999], [95.25528159999999, 5.385940499999999], [95.25529499999999, 5.3858096], [95.2552924, 5.3855319], [95.25528159999999, 5.3850646], [95.25527089999999, 5.3845172], [95.25528159999999, 5.384148699999999], [95.25530839999999, 5.3839404], [95.25538349999998, 5.3836626999999995], [95.2555391, 5.3832621000000005], [95.2557269, 5.382861499999999], [95.2559147, 5.3825219], [95.25609109999999, 5.3822473], [95.2562821, 5.3819696], [95.25653689999999, 5.3817533], [95.25676459999998, 5.381608699999999], [95.2570468, 5.381480999999999], [95.25730659999999, 5.3814011], [95.25764969999999, 5.381343699999999], [95.2579351, 5.381318099999998], [95.258173, 5.381280699999999], [95.2585325, 5.3811632], [95.25874699999999, 5.381018999999999], [95.25895629999998, 5.380808], [95.2591681, 5.3805089], [95.25934779999999, 5.3803487], [95.2594498, 5.3800737000000005], [95.2596965, 5.3797051], [95.2599782, 5.379376700000001], [95.2602679, 5.3791337], [95.26057899999999, 5.3788827], [95.26083109999999, 5.3786824], [95.2610403, 5.3784367], [95.2611905, 5.378239099999999], [95.2613917, 5.377996099999998], [95.26158479999998, 5.3778065], [95.26179219999999, 5.3776316], [95.26214579999998, 5.3773356], [95.26229179999999, 5.377155999999999], [95.262373, 5.377060099999998], [95.26250619999999, 5.376917500000001], [95.2626442, 5.3767305], [95.26270049999998, 5.376655399999998], [95.2628823, 5.3764058], [95.26296369999999, 5.3762653999999985], [95.2630108, 5.376124999999999], [95.263017, 5.375943999999999], [95.26299189999999, 5.375778700000001], [95.26294809999999, 5.375600800000001], [95.26287909999999, 5.375422899999999], [95.2628164, 5.375260699999999], [95.2626691, 5.3750922], [95.2625187, 5.374973599999999], [95.26239741993645, 5.3748885390383565]]}}, {"type": "Feature", "properties": {"layer": "osm_road", "stroke": "#999999"}, "geometry": {"type": "LineString", "coordinates": [[95.26023759999998, 5.3860338], [95.2600806, 5.386001799999999], [95.2598298, 5.3859254], [95.2596982, 5.385877999999999], [95.2595191, 5.385808], [95.25939439999999, 5.385771999999999], [95.2591494, 5.385704199999999], [95.2589408, 5.3857019], [95.25868229999999, 5.3857155], [95.258519, 5.3857516], [95.25834209999998, 5.385805800000001], [95.25821739999999, 5.3858825], [95.2580791, 5.3859774], [95.2579362, 5.3860766999999985], [95.25779109999999, 5.3861625], [95.2576232, 5.3862505999999994], [95.2574328, 5.3863115], [95.25721509999998, 5.3863769999999995], [95.257, 5.386451299999999], [95.2566953, 5.386591799999999], [95.2565446, 5.386649299999999], [95.2564958, 5.386684600000001], [95.25645159999999, 5.386716299999999], [95.2563875, 5.3867834000000006], [95.2563104, 5.3868855999999985], [95.25626239999998, 5.3869526], [95.2561566, 5.3870548000000005], [95.2560315, 5.3871537], [95.25592799999998, 5.3872236], [95.2558731, 5.387273000000001], [95.2557685, 5.3873324999999985], [95.25560489999998, 5.387393199999999], [95.2554125, 5.387469799999999], [95.25524889999998, 5.3875304999999996], [95.2550231, 5.387611400000001], [95.2548149, 5.3876816], [95.2548042, 5.3877537], [95.2548042, 5.387908499999999], [95.2548283, 5.388092799999999], [95.25484439999998, 5.388244999999999], [95.25486319999999, 5.3883919], [95.25487929999998, 5.3885601], [95.254882, 5.3887363], [95.2548766, 5.388904599999999], [95.2548744, 5.389096000000001], [95.2548635, 5.389154], [95.25486319999999, 5.389227699999999], [95.25485909999999, 5.3893425], [95.2548357, 5.389688999999999], [95.25482299999999, 5.3898092], [95.25478140000001, 5.3900822], [95.2547532, 5.390181], [95.25474249999999, 5.390327899999999], [95.25471839999999, 5.3905789], [95.25471719999999, 5.3905991], [95.25470359999998, 5.3908219], [95.25470869999998, 5.3910822], [95.2547103, 5.391203699999999], [95.25473179999999, 5.3916577], [95.25473399999998, 5.3917044999999995], [95.2547532, 5.392111699999999], [95.25478140000001, 5.3924048], [95.2547935, 5.392530900000001], [95.2548283, 5.3929502], [95.2548686, 5.3931638], [95.2548766, 5.3934335], [95.2548686, 5.393743199999999], [95.25486049999999, 5.3938794], [95.25486049999999, 5.394023599999999], [95.2547908, 5.3944562], [95.2547023, 5.3949395], [95.2546459, 5.395299999999999], [95.2546191, 5.3955537], [95.25453599999999, 5.3958955], [95.25446619999998, 5.3962293], [95.25442599999998, 5.396344099999999], [95.2543724, 5.396581799999999], [95.25429459999998, 5.396814100000001], [95.2541658, 5.397067800000001], [95.25402369999999, 5.397310799999999], [95.2538922, 5.397569799999999], [95.25379569999998, 5.3977888], [95.25375539999999, 5.3979009], [95.25372589999999, 5.3980612], [95.25369379999998, 5.398253399999999], [95.2536696, 5.3985151], [95.25361869999999, 5.398910299999999], [95.2535516, 5.399329599999999], [95.2534309, 5.4001066], [95.2533585, 5.400993199999999], [95.25342809999998, 5.4012362]]}}, {"type": "Feature", "properties": {"layer": "osm_road", "stroke": "#999999"}, "geometry": {"type": "LineString", "coordinates": [[95.24452339999999, 5.469390699999998], [95.2444715, 5.470272999999999]]}}, {"type": "Feature", "properties": {"layer": "osm_road", "stroke": "#999999"}, "geometry": {"type": "LineString", "coordinates": [[95.2466936, 5.4741854000000005], [95.2468873, 5.474407], [95.24719019999999, 5.4747825], [95.2475403, 5.4752305], [95.24780769999998, 5.475492699999999], [95.24789539999999, 5.4755702], [95.24822879999999, 5.4758504], [95.2485667, 5.4761628], [95.2495189, 5.4768556], [95.2495435, 5.476888999999999], [95.24968789999998, 5.4770852], [95.2498046, 5.477341599999998], [95.2498341, 5.477422999999998], [95.24988499999999, 5.477549799999999], [95.24992529999999, 5.4779276], [95.2499266, 5.478011699999999], [95.2499676, 5.4782735], [95.2499776, 5.4783375], [95.25007949999998, 5.4787539999999995], [95.2501023, 5.4788274], [95.250113, 5.478888799999999], [95.2502713, 5.4794148], [95.25043759999998, 5.4798473], [95.25066019999998, 5.4803786], [95.25079969999999, 5.480621599999998], [95.2511162, 5.481019400000001], [95.25116779999999, 5.4811756]]}}, {"type": "Feature", "properties": {"layer": "osm_road", "stroke": "#999999"}, "geometry": {"type": "LineString", "coordinates": [[95.24270819999998, 5.435423200000001], [95.24295789999998, 5.4348085], [95.242971, 5.434794899999999], [95.24299049999999, 5.434796599999999], [95.24315879999999, 5.4348627], [95.2431829, 5.434872299999999], [95.2432327, 5.434784799999998], [95.2432694, 5.4347154], [95.2432951, 5.434641400000001], [95.2433524, 5.434500700000001], [95.2434389, 5.4342492], [95.2435147, 5.4339998]]}}, {"type": "Feature", "properties": {"layer": "osm_road", "stroke": "#999999"}, "geometry": {"type": "LineString", "coordinates": [[95.24277449999998, 5.4343243], [95.2433524, 5.434500700000001], [95.24340890000002, 5.4345204], [95.2434896, 5.4345439], [95.2435246, 5.434620299999999], [95.24353449999998, 5.4346976], [95.2435365, 5.434786399999999], [95.2435217, 5.4348716], [95.24341719999998, 5.435282299999999], [95.243333, 5.4355625], [95.2431996, 5.435985900000001], [95.2431282, 5.436217699999999]]}}, {"type": "Feature", "properties": {"layer": "osm_road", "stroke": "#999999"}, "geometry": {"type": "LineString", "coordinates": [[95.24341719999998, 5.435282299999999], [95.24372679999999, 5.4353775], [95.2437688, 5.435416], [95.2437848, 5.4354647], [95.2437882, 5.435521299999999], [95.2437768, 5.435651399999999], [95.2437541, 5.4357816], [95.24371879999998, 5.435938899999999], [95.2436779, 5.4360657], [95.2436038, 5.436273199999999], [95.24357299999998, 5.4363187], [95.24355569999999, 5.436326899999999], [95.24353549999998, 5.4363337000000005]]}}, {"type": "Feature", "properties": {"layer": "osm_road", "stroke": "#999999"}, "geometry": {"type": "LineString", "coordinates": [[95.24237749999999, 5.435305500000001], [95.24270819999998, 5.435423200000001], [95.2429651, 5.4355304], [95.24301379999999, 5.4355472], [95.24302119999999, 5.435583199999999], [95.2430242, 5.435618900000001], [95.24301049999998, 5.4357105], [95.24298739999999, 5.4358192], [95.24288179999999, 5.436093199999999], [95.2428868, 5.436123299999998], [95.24290319999999, 5.436146600000001], [95.24293859999999, 5.436162800000001], [95.2431282, 5.436217699999999], [95.2432072, 5.4362464], [95.24329139999999, 5.4362767000000005], [95.24335949999998, 5.4362942], [95.24341339999998, 5.436311899999999]]}}, {"type": "Feature", "properties": {"layer": "osm_road", "stroke": "#999999"}, "geometry": {"type": "LineString", "coordinates": [[95.24253459999998, 5.4342294], [95.2423805, 5.434649499999999]]}}, {"type": "Feature", "properties": {"layer": "osm_road", "stroke": "#999999"}, "geometry": {"type": "LineString", "coordinates": [[95.2439064, 5.4322909], [95.24376619999998, 5.433184799999999]]}}, {"type": "Feature", "properties": {"layer": "osm_road", "stroke": "#999999"}, "geometry": {"type": "LineString", "coordinates": [[95.2437133, 5.4322455000000005], [95.243596, 5.4327445999999995], [95.24357239999999, 5.432780899999999], [95.2435416, 5.432796899999999], [95.2433571, 5.432781799999999]]}}, {"type": "Feature", "properties": {"layer": "osm_road", "stroke": "#999999"}, "geometry": {"type": "LineString", "coordinates": [[95.2434584, 5.4321841], [95.2433742, 5.4327017], [95.2433571, 5.432781799999999], [95.2432562, 5.433176099999999]]}}, {"type": "Feature", "properties": {"layer": "osm_road", "stroke": "#999999"}, "geometry": {"type": "LineString", "coordinates": [[95.2430972, 5.434145699999998], [95.2434389, 5.4342492], [95.24384050000002, 5.434379399999999]]}}, {"type": "Feature", "properties": {"layer": "osm_road", "stroke": "#999999"}, "geometry": {"type": "LineString", "coordinates": [[95.2431662, 5.4321128000000005], [95.24306399999999, 5.432660199999999], [95.2430411, 5.432998099999999], [95.2430588, 5.433101299999999], [95.24312449999998, 5.4332222]]}}, {"type": "Feature", "properties": {"layer": "osm_road", "stroke": "#999999"}, "geometry": {"type": "LineString", "coordinates": [[95.24390499999998, 5.434119999999999], [95.24384050000002, 5.434379399999999], [95.2437717, 5.434648600000001], [95.24370889999999, 5.4349209], [95.24368459999998, 5.4350263]]}}, {"type": "Feature", "properties": {"layer": "osm_road", "stroke": "#999999"}, "geometry": {"type": "LineString", "coordinates": [[95.24294079999999, 5.433710099999999], [95.24287909999998, 5.433599299999999], [95.2428335, 5.4334978], [95.2427919, 5.433382999999999], [95.2427289, 5.4332015], [95.24267390000001, 5.432792899999998], [95.24266519999999, 5.4326307], [95.2426659, 5.4324918], [95.2426847, 5.432332299999999], [95.24272079999999, 5.4322028], [95.2428147, 5.43212], [95.2428921, 5.432092399999999], [95.24299239999999, 5.432093999999999], [95.2431662, 5.4321128000000005], [95.2434584, 5.4321841], [95.2437133, 5.4322455000000005], [95.2439064, 5.4322909], [95.24400029999998, 5.432310999999999], [95.24405259999999, 5.4323524], [95.24406639999998, 5.432414999999999], [95.2440029, 5.432683499999999], [95.24397209999998, 5.4329583999999995], [95.2439815, 5.433196099999999], [95.24401099999999, 5.433332299999999], [95.24406059999998, 5.4334404], [95.24414439999998, 5.433561299999999], [95.244188, 5.433643399999999], [95.24420809999998, 5.4336948], [95.2442021, 5.4338156], [95.24419119999999, 5.4338563], [95.24417859999998, 5.433902399999999], [95.244137, 5.4339984999999995], [95.24410079999998, 5.4340706], [95.24408539999999, 5.434108999999999], [95.24406929999999, 5.434125299999999], [95.2440484, 5.4341332], [95.24390499999998, 5.434119999999999], [95.24380399999998, 5.4340983000000005], [95.2435632, 5.434015499999998], [95.2435147, 5.4339998], [95.2431661, 5.4339064], [95.2428684, 5.433827599999998]]}}, {"type": "Feature", "properties": {"layer": "osm_road", "stroke": "#999999"}, "geometry": {"type": "LineString", "coordinates": [[95.2406086, 5.436392299999999], [95.2406757, 5.4363362], [95.2407521, 5.436272099999999], [95.24086479999998, 5.436176], [95.240972, 5.436082599999999], [95.2410257, 5.4360504999999995], [95.24114639999999, 5.4360318], [95.2414998, 5.436003799999999], [95.2417687, 5.4359597], [95.2420208, 5.435890299999999], [95.2421066, 5.435847599999999], [95.24215489999999, 5.435783499999999], [95.24225680000002, 5.435625999999999], [95.2423439, 5.435413699999999], [95.24237749999999, 5.435305500000001], [95.2425197, 5.4349718], [95.2427396, 5.434436399999999], [95.2427615, 5.434376000000001], [95.24277449999998, 5.4343243], [95.2427892, 5.4342161], [95.24279859999999, 5.434136], [95.24281199999999, 5.4340305], [95.2428254, 5.433957099999999], [95.2428684, 5.433827599999998], [95.2428965, 5.4337862], [95.24294079999999, 5.433710099999999], [95.2430829, 5.433568600000001], [95.24309899999999, 5.4335205], [95.2431084, 5.433445799999999], [95.2431084, 5.4333643], [95.24310769999998, 5.433288999999999], [95.24312449999998, 5.4332222], [95.2431603, 5.4331996], [95.24319619999999, 5.433184799999999], [95.2432562, 5.433176099999999], [95.2433281, 5.4331656], [95.2434182, 5.4331396], [95.24358619999998, 5.4331429999999985], [95.2436788, 5.433159899999999], [95.2437368, 5.4331735], [95.24376619999998, 5.433184799999999], [95.2438114, 5.4332278], [95.2438489, 5.433291199999998], [95.2438882, 5.433326199999999], [95.24392450000002, 5.433345000000001], [95.24396710000002, 5.433347799999999], [95.24401099999999, 5.433332299999999]]}}, {"type": "Feature", "properties": {"layer": "osm_road", "stroke": "#999999"}, "geometry": {"type": "LineString", "coordinates": [[95.2421622, 5.434049599999999], [95.242476, 5.434203499999999], [95.24253459999998, 5.4342294], [95.2426691, 5.4342869], [95.2427085, 5.434302400000001], [95.24277449999998, 5.4343243]]}}, {"type": "Feature", "properties": {"layer": "osm_road", "stroke": "#999999"}, "geometry": {"type": "LineString", "coordinates": [[95.2431829, 5.434872299999999], [95.2431772, 5.434887599999999], [95.2431697, 5.4349079], [95.2431131, 5.4350796], [95.24304689999998, 5.4353093], [95.24301849999999, 5.435457499999999], [95.24301379999999, 5.4355472]]}}, {"type": "Feature", "properties": {"layer": "osm_road", "stroke": "#999999"}, "geometry": {"type": "LineString", "coordinates": [[95.24341339999998, 5.436311899999999], [95.24344509999999, 5.436320199999999], [95.2434685, 5.436327199999998], [95.243484, 5.436330400000001], [95.2434976, 5.436334500000001], [95.2435126, 5.436337199999999], [95.2435219, 5.4363369], [95.24353549999998, 5.4363337000000005]]}}, {"type": "Feature", "properties": {"layer": "osm_road", "stroke": "#999999"}, "geometry": {"type": "LineString", "coordinates": [[95.24408539999999, 5.434108999999999], [95.24452289999999, 5.4342517], [95.2445605, 5.4342503], [95.24458859999999, 5.4342318999999994], [95.24461909999998, 5.4341639], [95.24464649999999, 5.4340551], [95.24463679999998, 5.434014999999998], [95.24459579999998, 5.4339878], [95.24419119999999, 5.4338563]]}}, {"type": "Feature", "properties": {"layer": "osm_road", "stroke": "#999999"}, "geometry": {"type": "LineString", "coordinates": [[95.2549438, 5.471642399999999], [95.25442789999998, 5.4715274]]}}, {"type": "Feature", "properties": {"layer": "osm_road", "stroke": "#999999"}, "geometry": {"type": "LineString", "coordinates": [[95.25442789999998, 5.4715274], [95.25433290000001, 5.471511199999999], [95.2540662, 5.4715019], [95.25384849999999, 5.471506899999998], [95.2533958, 5.471486399999998], [95.25284539999998, 5.4714675], [95.25268599999998, 5.4714724], [95.2525133, 5.471465799999999], [95.2521733, 5.471402999999999], [95.25200580000002, 5.4713309], [95.2518477, 5.471230499999999], [95.25173389999999, 5.471134099999999], [95.25165069999998, 5.471027499999999], [95.2515567, 5.470883099999999], [95.2514938, 5.470751099999999], [95.2514486, 5.4705742], [95.25143, 5.4704731], [95.25141699999999, 5.4703383], [95.25139719999999, 5.469979899999999], [95.2513957, 5.4696034], [95.25138290000001, 5.4692525], [95.2513573, 5.4687881], [95.25133609999999, 5.468641399999999], [95.2513073, 5.468507800000001], [95.2512664, 5.468361099999999], [95.25121069999999, 5.4681927], [95.2510791, 5.4679493], [95.25086279999998, 5.4676403], [95.2507153, 5.4675103], [95.25054659999999, 5.467384799999999], [95.2502701, 5.4672168], [95.24975789999999, 5.466935599999999], [95.24940029999999, 5.466758], [95.24932919999999, 5.466720600000001], [95.24911749999998, 5.4666078], [95.24886499999998, 5.4664547], [95.2486183, 5.466293299999999], [95.24849299999998, 5.466202400000001], [95.24839619999999, 5.466121199999999], [95.24824029999999, 5.4659678], [95.2477959, 5.465453599999998], [95.24716649999999, 5.464783199999999], [95.24682059999999, 5.4643941], [95.24636319999999, 5.463894299999998], [95.246187, 5.4636863999999985], [95.24603909999999, 5.463463], [95.2459459, 5.4632843], [95.2458537, 5.4630659], [95.24580249999998, 5.4628785], [95.2457651, 5.4625178], [95.2457391, 5.462081200000001], [95.24570259999999, 5.461611799999999], [95.24568469999998, 5.4610853], [95.2456525, 5.4605393], [95.24562969999998, 5.460011899999999], [95.24559889999999, 5.459604399999999], [95.2455806, 5.459254399999999], [95.24557039999999, 5.459003499999999], [95.24556000000001, 5.458214299999999], [95.2455445, 5.457705], [95.24553249999998, 5.457469399999999], [95.2455324, 5.457357199999999], [95.24549130000001, 5.457352499999999], [95.24533529999998, 5.457349999999999], [95.2450994, 5.4573549], [95.24499799999998, 5.457353199999999]]}}, {"type": "Feature", "properties": {"layer": "osm_road", "stroke": "#999999"}, "geometry": {"type": "LineString", "coordinates": [[95.2664674, 5.4797449], [95.2664664, 5.4796938], [95.266445, 5.4796578], [95.2663913, 5.479609699999999], [95.26630449999999, 5.4795726], [95.2662411, 5.479549600000001], [95.26617679999998, 5.479526899999999], [95.2660882, 5.4795082], [95.266011, 5.479473399999999], [95.2659796, 5.479446799999999], [95.2659421, 5.479392099999998], [95.26583080000002, 5.4792065], [95.26572519999999, 5.4790268], [95.2654378, 5.4785804], [95.2651617, 5.478113699999999], [95.2650556, 5.4779129], [95.2649342, 5.4777147], [95.264907, 5.477650199999999], [95.2648973, 5.477601900000001], [95.2648973, 5.4775645], [95.264896, 5.4775258], [95.26489439999999, 5.4774688], [95.26488389999999, 5.477393600000001], [95.2648316, 5.4772161], [95.26477119999998, 5.4770471], [95.2641958, 5.475786399999999], [95.2641024, 5.475586100000001], [95.2640307, 5.4754743], [95.2639619, 5.4753507], [95.26391709999999, 5.4752586999999995], [95.26380569999999, 5.4750174000000005], [95.2637681, 5.474929300000001], [95.2637486, 5.474876299999999], [95.26373859999998, 5.4748250999999994], [95.26373569999998, 5.474761599999999], [95.263756, 5.474267099999999], [95.26378879999999, 5.4737998999999995], [95.263848, 5.473046299999999], [95.2638499, 5.472518299999999], [95.26384999999999, 5.472467299999998], [95.26384589999999, 5.472418099999999], [95.2638338, 5.472356699999999], [95.2638194, 5.472301599999999], [95.26380029999999, 5.472253900000001], [95.2637628, 5.4721445], [95.26372519999998, 5.4720604], [95.2636756, 5.4719549], [95.26364199999999, 5.471873], [95.2635455, 5.4715918], [95.26345959999999, 5.471321299999999], [95.26344899999998, 5.4712887], [95.2634369, 5.471239300000001], [95.2634034, 5.471123199999999], [95.26337349999999, 5.4710241], [95.26335779999998, 5.4709296], [95.26335639999999, 5.470889799999998], [95.2633558, 5.4708699], [95.26335509999998, 5.4708455], [95.2633565, 5.4708117], [95.26335779999998, 5.4707801], [95.26337119999998, 5.4707333999999985], [95.2633972, 5.4706813], [95.2635066, 5.4704383], [95.26367289999999, 5.4701833], [95.26393349999998, 5.469768599999999], [95.2639666, 5.469704099999999], [95.26398939999999, 5.4696413], [95.2640015, 5.4695786], [95.26400749999999, 5.469507899999999], [95.26401360000001, 5.4690913], [95.26400939999999, 5.4686752], [95.2638196, 5.468679299999999], [95.2636683, 5.4686882], [95.26339759999999, 5.468717799999999], [95.26324639999999, 5.4687431], [95.2630641, 5.468770899999999], [95.2627395, 5.4688243], [95.26241639999999, 5.4688969], [95.261946, 5.469016099999999], [95.26143149999999, 5.4691374], [95.2610568, 5.4692145], [95.260992, 5.4692262], [95.2609561, 5.469239], [95.2609009, 5.4692595], [95.2608476, 5.469289299999999], [95.26077209999998, 5.4693303], [95.2607002, 5.469368299999999], [95.2605978, 5.469395699999999], [95.2605327, 5.4694112], [95.26043159999999, 5.4694277], [95.2603384, 5.469434299999999], [95.2601702, 5.4694376], [95.2601096, 5.469438399999998], [95.26005559999999, 5.4694201], [95.2599943, 5.469395699999999], [95.2599051, 5.4693444], [95.25977009999998, 5.4692789], [95.25971739999999, 5.4692623], [95.25966699999998, 5.469248900000001], [95.25962599999998, 5.4692526], [95.25960669999999, 5.4692871], [95.25958679999998, 5.469334099999999], [95.2595584, 5.469367699999999], [95.2595305, 5.469374099999999], [95.25935289999998, 5.469348599999999], [95.25917839999998, 5.469308099999999], [95.25898289999999, 5.469254799999999], [95.2584759, 5.469097599999998], [95.25824409999998, 5.469032400000001], [95.2582048, 5.4690178], [95.2579102, 5.4689085], [95.2576658, 5.4688263], [95.25752850000002, 5.468792699999999], [95.2573563, 5.468761399999999], [95.25719229999999, 5.4687533], [95.25665469999998, 5.468745199999999], [95.2565384, 5.4687487], [95.2564451, 5.468756100000001], [95.25637729999998, 5.4687749], [95.2561984, 5.468831400000001], [95.25613009999998, 5.468852699999999], [95.2560813, 5.4688725], [95.256045, 5.4689052], [95.2560306, 5.4689371], [95.25603939999999, 5.4690031999999995], [95.25610769999999, 5.469186100000001], [95.2561717, 5.4693735], [95.25617609999999, 5.469416699999999], [95.2561768, 5.469456], [95.25616739999998, 5.469515999999998], [95.25616139999998, 5.4695865999999995], [95.2561713, 5.4696601], [95.2562392, 5.469891699999999], [95.2563144, 5.470170699999999], [95.25634769999999, 5.470311499999999], [95.25636609999998, 5.4704612], [95.2563948, 5.4705808000000005], [95.2564239, 5.470689799999999], [95.2564306, 5.470735599999999], [95.25642239999999, 5.4707765], [95.2563957, 5.4708077], [95.2563523, 5.4708279], [95.256309, 5.470844], [95.25618639999999, 5.470885199999999], [95.2560295, 5.4709376999999995], [95.25590259999998, 5.470970999999999], [95.2558292, 5.4709983], [95.25574799999998, 5.471033000000001], [95.2556888, 5.471070499999999], [95.2556295, 5.471123999999999], [95.25556509999998, 5.4711938], [95.2554691, 5.471289399999999], [95.25540329999998, 5.4713663], [95.2553459, 5.4714225999999995], [95.25527789999998, 5.4714922999999995], [95.2552354, 5.471536600000001], [95.25517619999998, 5.471592299999999], [95.25508079999999, 5.4716805], [95.25505359999998, 5.471674599999999], [95.2549438, 5.471642399999999]]}}, {"type": "Feature", "properties": {"layer": "osm_road", "stroke": "#999999"}, "geometry": {"type": "LineString", "coordinates": [[95.2413482, 5.4763488], [95.241306, 5.476826299999999], [95.2412881, 5.477188899999998], [95.2412678, 5.4774599], [95.24125939999999, 5.4775059], [95.24125459999999, 5.477603699999999], [95.2412272, 5.477844999999999], [95.2412236, 5.477961499999999], [95.24123429999999, 5.4781874], [95.2412319, 5.478287999999999], [95.24128449999999, 5.478457199999999], [95.24131429999998, 5.4786866], [95.24130609999999, 5.478774900000001], [95.24130239999998, 5.4791847], [95.24130399999999, 5.479282], [95.2413031, 5.4793633999999996], [95.2412988, 5.4798706], [95.24132069999999, 5.4802833], [95.24195759999999, 5.480201000000001], [95.24207329999999, 5.48018], [95.2423749, 5.4800858], [95.2425291, 5.479999499999999], [95.24254679999999, 5.479974], [95.24254919999998, 5.4799408], [95.2425067, 5.479800799999999], [95.24251169999998, 5.479771499999999], [95.2425344, 5.4797445], [95.24259969999999, 5.4796819], [95.24265009999999, 5.4796201], [95.2426638, 5.479580299999999], [95.2426685, 5.4795549999999995], [95.24266389999998, 5.4794317]]}}, {"type": "Feature", "properties": {"layer": "osm_road", "stroke": "#999999"}, "geometry": {"type": "LineString", "coordinates": [[95.2420319, 5.472667799999999], [95.2419225, 5.4727081], [95.2418953, 5.472719499999999], [95.2418748, 5.4727359], [95.2417448, 5.4728262999999995], [95.2417307, 5.4728327], [95.2411243, 5.473001100000001], [95.2411023, 5.473028399999999], [95.2410955, 5.4730597], [95.24109689999999, 5.473138799999998], [95.24108900000002, 5.473167699999999], [95.2408949, 5.473495199999999], [95.24074639999999, 5.4738042], [95.241243, 5.4736082999999995], [95.24219829999998, 5.4732087], [95.2420465, 5.472735999999999], [95.2420319, 5.472667799999999]]}}, {"type": "Feature", "properties": {"layer": "osm_road", "stroke": "#999999"}, "geometry": {"type": "LineString", "coordinates": [[95.2411243, 5.473001100000001], [95.241243, 5.4736082999999995], [95.2412908, 5.474288], [95.24133010000001, 5.474699400000001], [95.24134109999999, 5.474830699999999], [95.2413748, 5.4758175], [95.2413482, 5.4763488]]}}, {"type": "Feature", "properties": {"layer": "osm_road", "stroke": "#999999"}, "geometry": {"type": "LineString", "coordinates": [[95.24671469999998, 5.466223899999999], [95.24773749999999, 5.466636799999999]]}}, {"type": "Feature", "properties": {"layer": "osm_road", "stroke": "#999999"}, "geometry": {"type": "LineString", "coordinates": [[95.24346839999998, 5.470761199999999], [95.24346909999998, 5.470868199999999], [95.24347720000002, 5.471615799999999], [95.24349519999998, 5.472033000000001], [95.2443997, 5.472006399999999]]}}, {"type": "Feature", "properties": {"layer": "osm_road", "stroke": "#999999"}, "geometry": {"type": "LineString", "coordinates": [[95.2664674, 5.4797449], [95.2668487, 5.479727499999998], [95.26701789999998, 5.4797554], [95.26751119999999, 5.4798353], [95.26800509999998, 5.4799507], [95.2685626, 5.480071599999998], [95.26912019999999, 5.4801989], [95.26953759999999, 5.480278499999999], [95.26995879999998, 5.4803408], [95.2703463, 5.4803706], [95.2707394, 5.4803915000000005], [95.2710597, 5.4803987], [95.27142180000001, 5.4803893], [95.27166459999998, 5.480383100000001], [95.2718322, 5.4803773], [95.2719757, 5.480355899999999], [95.2721071, 5.4803333], [95.27225869999998, 5.4803052], [95.2724219, 5.480270699999999], [95.2725229, 5.480237100000001], [95.272606, 5.4802131], [95.27280449999999, 5.480162399999999], [95.2729507, 5.480132999999999], [95.2730995, 5.480113], [95.2732269, 5.480100999999999], [95.27330479999999, 5.4801004], [95.2733731, 5.4800889999999995], [95.27344689999998, 5.480071599999998], [95.273526, 5.4800449], [95.2736199, 5.4799955], [95.27369359999999, 5.479942100000001], [95.2737553, 5.4799020999999986], [95.2738283, 5.479851499999999], [95.2739149, 5.4797978999999994], [95.2739881, 5.479756499999999], [95.2741885, 5.4796417], [95.27428509999999, 5.4795923], [95.27439099999998, 5.4795397], [95.2744487, 5.4795162], [95.27452919999999, 5.479489499999999], [95.2746123, 5.4794561999999996], [95.2747142, 5.4794135], [95.2747852, 5.479371499999999], [95.2748443, 5.479333399999999], [95.2748913, 5.4792893], [95.2749382, 5.479243900000001], [95.2749833, 5.4792041], [95.2750321, 5.4791571], [95.27506559999999, 5.479123799999998], [95.27511389999998, 5.479087699999999], [95.2751924, 5.4790518], [95.2752426, 5.479039699999999], [95.27527029999999, 5.4790358999999995], [95.2753499, 5.479024999999999], [95.275488, 5.4790109], [95.27557789999999, 5.479010299999999], [95.2756503, 5.4790183], [95.27585149999999, 5.479046299999999], [95.2759326, 5.4790611], [95.2760218, 5.479081], [95.2760701, 5.479090399999999], [95.27614120000001, 5.4790984], [95.27621419999998, 5.479100799999999], [95.2762602, 5.4790918], [95.276303, 5.479067799999999], [95.27640669999998, 5.4789943], [95.2764875, 5.478931799999999], [95.27651669999999, 5.478914299999999], [95.2765594, 5.478909099999999], [95.27660229999998, 5.4789152], [95.27666579999999, 5.4789429], [95.2767461, 5.478996599999999], [95.2768372, 5.479081], [95.2769284, 5.4791651], [95.2770857, 5.4792979], [95.2771148, 5.479321299999999], [95.2771537, 5.4793454], [95.27736689999999, 5.4794388], [95.2776678, 5.4795677], [95.27790739999999, 5.479661799999999], [95.27816299999999, 5.479746099999999], [95.2783741, 5.479796599999999], [95.278593, 5.479831899999998], [95.27864629999999, 5.479843299999999], [95.27874019999999, 5.4798687], [95.2788167, 5.4798914], [95.27889310000002, 5.479922099999999], [95.27893739999999, 5.479942100000001], [95.27897359999999, 5.4799581], [95.2790131, 5.479979199999999], [95.2790514, 5.479999499999999], [95.2792338, 5.4800943], [95.2794966, 5.4802345], [95.27975279999998, 5.4803693], [95.279949, 5.4804732], [95.2799875, 5.4804988], [95.28004109999999, 5.4805335], [95.28008940000001, 5.4805722], [95.28013339999998, 5.4806111], [95.2801685, 5.4806496], [95.28022619999999, 5.480711], [95.2802691, 5.4807578], [95.280308, 5.4808072], [95.2804097, 5.480935399999999], [95.2805319, 5.4810995], [95.28067019999999, 5.481304799999999], [95.28100749999999, 5.4817788], [95.28112199999998, 5.4819099], [95.28124, 5.4820447], [95.2814688, 5.482277500000001], [95.28160480000001, 5.482391799999999], [95.2816974, 5.482465200000001], [95.281747, 5.4825106], [95.2817895, 5.4825504], [95.2818194, 5.482586700000001], [95.28193879999999, 5.482768199999999], [95.28207809999999, 5.482983], [95.28215869999998, 5.483110000000001], [95.2822365, 5.483236800000001], [95.2822548, 5.4832677], [95.28235049999999, 5.4834945], [95.2824385, 5.483692099999999], [95.2825217, 5.483880599999999], [95.2827354, 5.4842167], [95.28277359999998, 5.484272499999999], [95.28324459999999, 5.4848698], [95.2837878, 5.4854507], [95.2841033, 5.485766599999999], [95.2841315, 5.485791899999999], [95.28418639999998, 5.485815599999999], [95.2842401, 5.4858387], [95.2843246, 5.4858667], [95.28448999999999, 5.485912899999999]]}}, {"type": "Feature", "properties": {"layer": "osm_road", "stroke": "#999999"}, "geometry": {"type": "LineString", "coordinates": [[95.24219829999998, 5.4732087], [95.24233729999999, 5.473789199999999], [95.2424836, 5.4742019], [95.2424942, 5.4742064], [95.2425355, 5.474217], [95.2431815, 5.474335499999999], [95.243407, 5.474376799999999], [95.24357549999999, 5.474403299999999], [95.2440945, 5.474485099999999], [95.2444289, 5.4745006]]}}, {"type": "Feature", "properties": {"layer": "osm_road", "stroke": "#999999"}, "geometry": {"type": "LineString", "coordinates": [[95.24438989999999, 5.471886399999999], [95.24410469999998, 5.471514499999999], [95.24404929999999, 5.471441799999999], [95.2435602, 5.470881399999999], [95.24346839999998, 5.470761199999999], [95.24328430000001, 5.4700788]]}}, {"type": "Feature", "properties": {"layer": "osm_road", "stroke": "#999999"}, "geometry": {"type": "LineString", "coordinates": [[95.2442619, 5.4653303], [95.24612719999999, 5.4660248], [95.24671469999998, 5.466223899999999], [95.24689099999999, 5.466070299999999], [95.24694859999998, 5.4660391], [95.24706599999999, 5.4660368], [95.2472571, 5.466035899999999], [95.24761590000001, 5.4659688], [95.2476541, 5.465969399999999], [95.2476929, 5.465985000000001], [95.248517, 5.4664633], [95.2487033, 5.466496199999999], [95.2487564, 5.466494800000001], [95.2488242, 5.4664774], [95.24886499999998, 5.4664547]]}}, {"type": "Feature", "properties": {"layer": "osm_road", "stroke": "#999999"}, "geometry": {"type": "LineString", "coordinates": [[95.2432245, 5.4801972999999995], [95.24322839999999, 5.4802892], [95.2432311, 5.480316599999999], [95.2432432, 5.480342000000001], [95.24328659999999, 5.480389599999999], [95.2433337, 5.4804027], [95.2433701, 5.480404599999999], [95.2436785, 5.480393299999999], [95.24382589999999, 5.480396000000001], [95.24384459999999, 5.480372099999999], [95.24385269999999, 5.480345299999999], [95.2438501, 5.4802345], [95.24382, 5.4798623], [95.24380979999998, 5.4796631], [95.2437885, 5.479628399999999], [95.2437562, 5.479619], [95.2436341, 5.4796598], [95.2434504, 5.4797058], [95.24342019999999, 5.479705199999999], [95.24340749999999, 5.479691099999998], [95.24330440000001, 5.479383999999998]]}}, {"type": "Feature", "properties": {"layer": "osm_road", "stroke": "#999999"}, "geometry": {"type": "LineString", "coordinates": [[95.24207329999999, 5.48018], [95.24212239999999, 5.480707299999999]]}}, {"type": "Feature", "properties": {"layer": "osm_road", "stroke": "#999999"}, "geometry": {"type": "LineString", "coordinates": [[95.24377729999999, 5.4787384], [95.243751, 5.4791577], [95.2437253, 5.4792827]]}}, {"type": "Feature", "properties": {"layer": "osm_road", "stroke": "#999999"}, "geometry": {"type": "LineString", "coordinates": [[95.2426379, 5.4779713], [95.2423271, 5.477881199999999], [95.24201939999999, 5.477826399999999]]}}, {"type": "Feature", "properties": {"layer": "osm_road", "stroke": "#999999"}, "geometry": {"type": "LineString", "coordinates": [[95.24130609999999, 5.478774900000001], [95.2419646, 5.4788044], [95.2420672, 5.4788118], [95.2425082, 5.478811399999999], [95.24262049999999, 5.478807899999998]]}}, {"type": "Feature", "properties": {"layer": "osm_road", "stroke": "#999999"}, "geometry": {"type": "LineString", "coordinates": [[95.2412319, 5.478287999999999], [95.2406767, 5.478283899999999], [95.2406698, 5.4791898], [95.2406703, 5.479215900000001], [95.24068299999999, 5.479228499999999], [95.2409049, 5.479245199999999], [95.24091769999998, 5.479249899999999], [95.24094119999998, 5.4792753], [95.2409566, 5.479284299999999], [95.24097539999998, 5.4792873], [95.24130399999999, 5.479282]]}}, {"type": "Feature", "properties": {"layer": "osm_road", "stroke": "#999999"}, "geometry": {"type": "LineString", "coordinates": [[95.2430921, 5.4794277], [95.2431852, 5.4798065000000005], [95.24322109999999, 5.4799717], [95.24322379999998, 5.480080899999999], [95.2432245, 5.4801972999999995], [95.2429368, 5.480280499999999], [95.242922, 5.4802992], [95.2429193, 5.4803279], [95.24293609999998, 5.480388699999999], [95.2429397, 5.4804177], [95.2429347, 5.4804307], [95.2427966, 5.4804681], [95.2428147, 5.4805055], [95.2428677, 5.480809799999999], [95.2429247, 5.4812103]]}}, {"type": "Feature", "properties": {"layer": "osm_road", "stroke": "#999999"}, "geometry": {"type": "LineString", "coordinates": [[95.24132069999999, 5.4802833], [95.2409024, 5.480325099999999], [95.2405845, 5.4803773], [95.24056887651231, 5.480375797139488]]}}, {"type": "Feature", "properties": {"layer": "osm_road", "stroke": "#999999"}, "geometry": {"type": "LineString", "coordinates": [[95.2469011, 5.4781946999999995], [95.2470533, 5.4787129], [95.24715429999999, 5.479185899999999], [95.24714919999998, 5.479577199999999], [95.2471923, 5.479837299999999], [95.2472558, 5.480054399999999], [95.2472558, 5.4802942], [95.24707829999998, 5.4806806], [95.2468652, 5.481114799999999], [95.24682529999998, 5.481217699999999], [95.24680719999999, 5.481308499999999], [95.2468132, 5.481430600000001], [95.2468327, 5.481496], [95.24686080000001, 5.4815254], [95.2470231, 5.4815548], [95.2470553, 5.4815815], [95.24707199999999, 5.481628899999999], [95.2470858, 5.481902500000001], [95.2471009, 5.482056699999999], [95.24713309999999, 5.482098099999999], [95.2471907, 5.482130099999999], [95.24743579999999, 5.482114499999999]]}}, {"type": "Feature", "properties": {"layer": "osm_road", "stroke": "#999999"}, "geometry": {"type": "LineString", "coordinates": [[95.2515802, 5.481593499999999], [95.25157209999999, 5.481690900000001], [95.2515882, 5.481792399999999], [95.2516065, 5.481861799999999], [95.2516285, 5.4819965999999996], [95.2516539, 5.482174199999999], [95.2516593, 5.482298299999999], [95.25166159999999, 5.4824560999999985], [95.251658, 5.4825479999999995], [95.25166199999998, 5.482645399999999], [95.2516593, 5.4827495], [95.25164719999998, 5.482924399999999], [95.2516288, 5.4831063], [95.25160729999999, 5.483427699999999], [95.25173979999998, 5.4834491], [95.2518841, 5.4834892]]}}, {"type": "Feature", "properties": {"layer": "osm_road", "stroke": "#999999"}, "geometry": {"type": "LineString", "coordinates": [[95.24826339999998, 5.4807739], [95.24819829999998, 5.4807782], [95.2480341, 5.4807652000000004], [95.2479482, 5.480765], [95.2477879, 5.4807515], [95.24707829999998, 5.4806806]]}}, {"type": "Feature", "properties": {"layer": "osm_road", "stroke": "#999999"}, "geometry": {"type": "LineString", "coordinates": [[95.24751829999998, 5.478622], [95.24757330000001, 5.4785248], [95.24763139999999, 5.478389400000001], [95.2476453, 5.478342699999999], [95.24774859999998, 5.4776918], [95.24779099999999, 5.477302899999998], [95.24779879999998, 5.477192699999999], [95.24780889999998, 5.4767988], [95.2477734, 5.476440299999999], [95.247739, 5.475697500000001], [95.24775029999999, 5.475646899999999], [95.2477654, 5.4756162], [95.24789539999999, 5.4755702]]}}, {"type": "Feature", "properties": {"layer": "osm_road", "stroke": "#999999"}, "geometry": {"type": "LineString", "coordinates": [[95.2479482, 5.480765], [95.24801279999998, 5.481118799999999], [95.2481142, 5.4816213], [95.2483171, 5.4822474], [95.24848199999998, 5.482704399999999], [95.2486626, 5.4832243], [95.24882489999999, 5.4839186], [95.24885539999998, 5.4843023]]}}, {"type": "Feature", "properties": {"layer": "osm_road", "stroke": "#999999"}, "geometry": {"type": "LineString", "coordinates": [[95.2484594, 5.4791330999999985], [95.2483501, 5.479710099999999], [95.24831439999998, 5.4799652], [95.2482982, 5.4801046], [95.2482842, 5.480242800000001], [95.24826339999998, 5.4807739], [95.2482985, 5.4808365], [95.24834810000002, 5.4808686], [95.24845709999998, 5.4808824], [95.2485419, 5.4808793]]}}, {"type": "Feature", "properties": {"layer": "osm_road", "stroke": "#999999"}, "geometry": {"type": "LineString", "coordinates": [[95.25642299999998, 5.388075300000001], [95.2569725, 5.3879548999999995], [95.257117, 5.387916000000001], [95.25723919999999, 5.3878848999999995], [95.25753050000002, 5.3878539], [95.2577385, 5.387808399999999], [95.2578324, 5.3877429999999995], [95.2579174, 5.387675400000001], [95.2582656, 5.387389099999999], [95.25835279999998, 5.3872757], [95.2583789, 5.3871802], [95.25839429999999, 5.387112799999998], [95.2584547, 5.3870567], [95.25854989999999, 5.3870527], [95.258826, 5.387117300000001], [95.25955069999999, 5.387186599999998], [95.25984139999998, 5.387222300000001], [95.2601592, 5.3872513]]}}, {"type": "Feature", "properties": {"layer": "osm_road", "stroke": "#999999"}, "geometry": {"type": "LineString", "coordinates": [[95.2550231, 5.387611400000001], [95.25509120000001, 5.3879059], [95.25513180000002, 5.387993099999999], [95.2552065, 5.388055399999998], [95.2552967, 5.388075300000001], [95.255494, 5.388107400000001], [95.25570539999998, 5.388108000000001], [95.2559656, 5.3881088], [95.25612379999998, 5.3881035], [95.25642299999998, 5.388075300000001], [95.25637599999999, 5.3883478], [95.2563786, 5.388398500000001], [95.25641349999998, 5.3884159], [95.2565771, 5.388464], [95.25660129999999, 5.388489299999999], [95.25660929999998, 5.3885187], [95.25655699999999, 5.3886709], [95.2565114, 5.3888151], [95.2564712, 5.388985999999999], [95.256431, 5.3892491], [95.2564144, 5.389337299999998], [95.2564293, 5.3896154], [95.2564202, 5.389771099999999], [95.25583029999999, 5.389738399999998], [95.2548357, 5.389688999999999]]}}, {"type": "Feature", "properties": {"layer": "osm_road", "stroke": "#999999"}, "geometry": {"type": "LineString", "coordinates": [[95.2630108, 5.376124999999999], [95.26312449999999, 5.3761435], [95.26319149999999, 5.376124099999999], [95.2633698, 5.3760124], [95.2634074, 5.376016999999999], [95.2634384, 5.376045999999999], [95.26356249999999, 5.376216499999999], [95.2636885, 5.376354199999999], [95.26374229999999, 5.3764059], [95.26387279999999, 5.376538599999999], [95.26393789999999, 5.3766033], [95.26406659999999, 5.3767413], [95.2640377, 5.376855800000001], [95.26401489999999, 5.3769159], [95.2638271, 5.377117500000001], [95.26369879999999, 5.377232799999999], [95.26362429999999, 5.377261399999999], [95.2635636, 5.377294599999999], [95.26350909999998, 5.3773582], [95.26350549999998, 5.3774318], [95.26359379999998, 5.3776796000000004], [95.26363349999998, 5.3778273], [95.263626, 5.377883899999999], [95.2636021, 5.377913899999999], [95.26344099999999, 5.377934899999999], [95.26338719999998, 5.377915299999999], [95.26336540000001, 5.377887999999999], [95.2633262, 5.377729], [95.2633021, 5.377710299999999], [95.2632786, 5.377707], [95.26323379999998, 5.3777067], [95.26316459999998, 5.3777029999999995], [95.263129, 5.3776817], [95.26309489999998, 5.377546800000001], [95.26306000000001, 5.377520099999999], [95.26301309999998, 5.3775101], [95.26297289999998, 5.3775134], [95.26286689999999, 5.3775888], [95.2628485, 5.377595899999999], [95.2628139, 5.3775875], [95.2627777, 5.377551799999999], [95.2626023, 5.3773312], [95.262373, 5.377060099999998]]}}, {"type": "Feature", "properties": {"layer": "osm_road", "stroke": "#999999"}, "geometry": {"type": "LineString", "coordinates": [[95.26393789999999, 5.3766033], [95.26355359999998, 5.3769528]]}}, {"type": "Feature", "properties": {"layer": "osm_road", "stroke": "#999999"}, "geometry": {"type": "LineString", "coordinates": [[95.2564202, 5.389771099999999], [95.2563647, 5.390267199999999]]}}, {"type": "Feature", "properties": {"layer": "osm_road", "stroke": "#999999"}, "geometry": {"type": "LineString", "coordinates": [[95.2628164, 5.375260699999999], [95.26299029999998, 5.3749731999999995], [95.26302617625237, 5.3748885390383565]]}}, {"type": "Feature", "properties": {"layer": "osm_road", "stroke": "#999999"}, "geometry": {"type": "LineString", "coordinates": [[95.2429937, 5.4462907], [95.24356789999999, 5.446265], [95.2439934, 5.446244199999999], [95.24420109999998, 5.4461763], [95.2445582, 5.4458953], [95.2446842, 5.445780400000001], [95.2447392, 5.4457124], [95.24477809999999, 5.4456403], [95.24481429999999, 5.4455562], [95.24489069999998, 5.445339899999999], [95.2450329, 5.4451169], [95.24519649999999, 5.444908700000001], [95.24536150000002, 5.444755099999999], [95.24555329999998, 5.444668299999999], [95.2458899, 5.444540199999999], [95.2462225, 5.444376], [95.2463901, 5.444357299999999], [95.24653899999998, 5.4443239], [95.2466516, 5.444266499999999], [95.24670789999999, 5.444222399999999], [95.2467629, 5.4441357], [95.2467817, 5.4440516], [95.246771, 5.4439127], [95.246779, 5.4437391], [95.2468166, 5.4435975999999995], [95.24688499999999, 5.443422699999998], [95.24702579999999, 5.442943500000001], [95.24713309999999, 5.442792599999999], [95.2471666, 5.4427178], [95.24721489999999, 5.4425229], [95.24723499999999, 5.4421518], [95.24723499999999, 5.4415189], [95.24713309999999, 5.4410115999999995], [95.246948, 5.4409195], [95.24689569999998, 5.440866099999999], [95.24687159999999, 5.4408126999999995], [95.24685949999999, 5.4407192], [95.2469829, 5.440332699999999], [95.2469856, 5.4402733], [95.2469493, 5.440182599999999], [95.24691179999999, 5.4401185], [95.2468649, 5.440086399999999], [95.2465886, 5.439988999999999], [95.2460852, 5.4398056]]}}, {"type": "Feature", "properties": {"layer": "osm_road", "stroke": "#999999"}, "geometry": {"type": "LineString", "coordinates": [[95.25470359999998, 5.3908219], [95.2539268, 5.3907779], [95.2537546, 5.390772199999999]]}}, {"type": "Feature", "properties": {"layer": "osm_road", "stroke": "#999999"}, "geometry": {"type": "LineString", "coordinates": [[95.2539268, 5.3907779], [95.25402, 5.390252199999999], [95.2540277, 5.3902024], [95.25407599999998, 5.3901847], [95.2547532, 5.390181]]}}, {"type": "Feature", "properties": {"layer": "osm_road", "stroke": "#999999"}, "geometry": {"type": "LineString", "coordinates": [[95.253385, 5.401343500000001], [95.2540979, 5.4018429], [95.25461439999998, 5.402157200000001], [95.2547937, 5.40255], [95.2552672, 5.402828499999999], [95.2552385, 5.403121299999999], [95.2548798, 5.403249899999999], [95.2543561, 5.4034927], [95.2536387, 5.404278299999999], [95.2535831, 5.404335500000001], [95.25318819999998, 5.404698200000001], [95.2530105, 5.404958500000001], [95.252996, 5.404975599999999], [95.25296919999998, 5.4050019], [95.2529448, 5.4050183], [95.25290489999999, 5.405029999999999], [95.2527805, 5.4050513], [95.2527168, 5.405056699999999], [95.2526732, 5.405069299999999], [95.2526256, 5.4050953999999996], [95.25254039999999, 5.4051775], [95.25229359999999, 5.4056021], [95.25226409999999, 5.4059545], [95.2523553, 5.4065046], [95.25246659999999, 5.407194199999999], [95.2524646, 5.407287], [95.25245990000002, 5.407348399999999], [95.2523459, 5.407686199999999], [95.25206299999999, 5.408197599999999], [95.2518699, 5.4088304], [95.2517357, 5.4097916999999995], [95.25174780000002, 5.4102991], [95.2518001, 5.410795699999999], [95.25182219999999, 5.411079499999999], [95.2518209, 5.4111329], [95.2518108, 5.411168899999999], [95.2517756, 5.411217], [95.2517307, 5.4112517], [95.2516848, 5.411266999999998], [95.2512838, 5.4112791], [95.2510437, 5.411257699999999], [95.25083849999999, 5.411221699999999], [95.25060250000001, 5.4111789], [95.25021489999999, 5.4112123], [95.24966489999998, 5.411156399999999]]}}, {"type": "Feature", "properties": {"layer": "osm_road", "stroke": "#999999"}, "geometry": {"type": "LineString", "coordinates": [[95.2556679, 5.388723], [95.2559763, 5.388672299999999], [95.2561292, 5.388656199999998], [95.256317, 5.388656199999998], [95.25655699999999, 5.3886709], [95.2571833, 5.388731], [95.25723030000002, 5.388739], [95.2572517, 5.388768400000001], [95.25724769999998, 5.389046099999999], [95.2572343, 5.3890808], [95.25717789999999, 5.3891008], [95.2564712, 5.388985999999999]]}}, {"type": "Feature", "properties": {"layer": "osm_road", "stroke": "#999999"}, "geometry": {"type": "LineString", "coordinates": [[95.26406659999999, 5.3767413], [95.2642228, 5.3765661], [95.2643354, 5.3764225], [95.2643897, 5.3763631], [95.2644508, 5.3762957], [95.2642668, 5.3761239000000005], [95.264175, 5.3759908], [95.26411949999999, 5.375987899999999], [95.2640538, 5.376001300000001], [95.2640055, 5.3760307], [95.26382849999999, 5.3761962], [95.2636885, 5.376354199999999]]}}, {"type": "Feature", "properties": {"layer": "osm_road", "stroke": "#999999"}, "geometry": {"type": "LineString", "coordinates": [[95.24713309999999, 5.4410115999999995], [95.2474979, 5.441006299999999], [95.24766949999999, 5.4409529], [95.24779019999998, 5.440859399999999], [95.24790819999998, 5.4407046], [95.24818989999999, 5.440213299999998], [95.24848759999999, 5.439751300000001], [95.2486888, 5.4394789999999995], [95.2489275, 5.439153199999999], [95.2490882, 5.438800700000001]]}}, {"type": "Feature", "properties": {"layer": "osm_road", "stroke": "#999999"}, "geometry": {"type": "LineString", "coordinates": [[95.26387279999999, 5.376538599999999], [95.2642668, 5.3761239000000005], [95.2644163, 5.3758311999999995], [95.2646315, 5.3753976], [95.26457169999999, 5.3753494], [95.2645218, 5.3753297], [95.2644454, 5.375351000000001], [95.26436429999998, 5.3754172], [95.2643019, 5.375477899999999], [95.2642228, 5.375690199999999], [95.26419999999999, 5.375851699999999], [95.26418539999999, 5.375928299999999], [95.264175, 5.3759908]]}}, {"type": "Feature", "properties": {"layer": "osm_road", "stroke": "#999999"}, "geometry": {"type": "LineString", "coordinates": [[95.25006370337039, 5.50008673722183], [95.2500656, 5.500069099999999], [95.2501021, 5.5000185], [95.2502372, 5.499656299999999], [95.25025709999998, 5.499417799999998], [95.250253, 5.4994053], [95.25024649999999, 5.4993948999999995], [95.2501787, 5.4993296], [95.25010959999999, 5.499282899999999], [95.2499671, 5.499253], [95.2499485, 5.499255899999999], [95.24993189999999, 5.4992665], [95.2498172, 5.4994285], [95.2497944, 5.499450999999998], [95.24976919999999, 5.499453399999999], [95.24964930000002, 5.4994418], [95.24939389999999, 5.499400100000001], [95.24915020000002, 5.499363499999999], [95.2489629, 5.499327100000001], [95.24894659999998, 5.499332999999999], [95.24893819999998, 5.4993457], [95.2489282, 5.4994592], [95.2489181, 5.4994898], [95.24890109999998, 5.4995184], [95.2486807, 5.4996436]]}}, {"type": "Feature", "properties": {"layer": "osm_road", "stroke": "#999999"}, "geometry": {"type": "LineString", "coordinates": [[95.2430898, 5.493530699999999], [95.243207, 5.494224599999999]]}}, {"type": "Feature", "properties": {"layer": "osm_road", "stroke": "#999999"}, "geometry": {"type": "LineString", "coordinates": [[95.2437886, 5.493423900000001], [95.24384999999998, 5.494260099999999]]}}, {"type": "Feature", "properties": {"layer": "osm_road", "stroke": "#999999"}, "geometry": {"type": "LineString", "coordinates": [[95.24070259999999, 5.493652599999999], [95.24071179999999, 5.493984200000001], [95.24068299999999, 5.494553399999999]]}}, {"type": "Feature", "properties": {"layer": "osm_road", "stroke": "#999999"}, "geometry": {"type": "LineString", "coordinates": [[95.2434858, 5.493491099999999], [95.24352119999999, 5.4942568]]}}, {"type": "Feature", "properties": {"layer": "osm_road", "stroke": "#999999"}, "geometry": {"type": "LineString", "coordinates": [[95.24823920000001, 5.499091299999999], [95.2477702, 5.4994072], [95.24757559999999, 5.499544599999998], [95.2475489, 5.499556499999999], [95.2472385, 5.499590399999999], [95.2471087, 5.499604499999999], [95.24686889999998, 5.499655299999999], [95.2466545, 5.499712], [95.2463661, 5.499831799999999], [95.24627499999998, 5.4998984], [95.24605929999998, 5.4999737], [95.24590829999998, 5.500067], [95.24589160090417, 5.50008673722183]]}}, {"type": "Feature", "properties": {"layer": "osm_road", "stroke": "#999999"}, "geometry": {"type": "LineString", "coordinates": [[95.24059069999998, 5.4928722], [95.24089389999999, 5.4927989], [95.24114049999999, 5.4927382], [95.24113829999999, 5.4936221]]}}, {"type": "Feature", "properties": {"layer": "osm_road", "stroke": "#999999"}, "geometry": {"type": "LineString", "coordinates": [[95.24114049999999, 5.4927382], [95.24126839999998, 5.4927123], [95.24131269999998, 5.492707799999999], [95.24135959999998, 5.4927083], [95.24161809999998, 5.492724599999999], [95.2416674, 5.492739399999999], [95.24168949999999, 5.4927517], [95.2417335, 5.492788499999999], [95.2417821, 5.4928119], [95.2422546, 5.4928176], [95.2425275, 5.492841099999999], [95.24301929999999, 5.492836100000001], [95.2433901, 5.4928143]]}}, {"type": "Feature", "properties": {"layer": "osm_road", "stroke": "#999999"}, "geometry": {"type": "LineString", "coordinates": [[95.24915020000002, 5.499363499999999], [95.2491743, 5.499310099999999], [95.24920379999999, 5.4992166], [95.2492441, 5.499107199999999], [95.24927359999998, 5.499061799999999], [95.2493192, 5.4989977], [95.2493728, 5.4989123], [95.249397, 5.498840199999999], [95.24939429999999, 5.4987574], [95.249405, 5.498712], [95.2494238, 5.498664000000001], [95.24944789999999, 5.498546499999999], [95.24948549999999, 5.4984717], [95.24950159999999, 5.4984183], [95.24952569999999, 5.4983889999999995], [95.2495525, 5.4983515999999995], [95.24957399999998, 5.4982795], [95.2495954, 5.4982154], [95.24963029999999, 5.4981914], [95.2496705, 5.498160699999999], [95.2497027, 5.498011199999999], [95.2497349, 5.4978136], [95.2497778, 5.4975787], [95.2498261, 5.497343700000001], [95.2498637, 5.497108800000001], [95.2498583, 5.4969646], [95.2499549, 5.496969899999999], [95.2501319, 5.496980599999999], [95.25040009999998, 5.496980599999999], [95.25062, 5.4969913], [95.2508078, 5.4969913], [95.2509634, 5.496985899999999], [95.25115649999998, 5.496980599999999], [95.2514837, 5.496969899999999], [95.2518485, 5.4969432], [95.252224, 5.4969219], [95.25256199999998, 5.4968791], [95.25289990000002, 5.4968417999999994], [95.25314669999999, 5.496823099999999], [95.2538119, 5.496791], [95.25438049999998, 5.4967163], [95.2547251, 5.4966741], [95.2547363, 5.496676999999999], [95.25474619999999, 5.4966815], [95.25475159999999, 5.4966900999999995], [95.25475459999998, 5.4967038], [95.2547557, 5.4967236999999995]]}}, {"type": "Feature", "properties": {"layer": "osm_road", "stroke": "#999999"}, "geometry": {"type": "LineString", "coordinates": [[95.2615916, 5.460563399999998], [95.2615916, 5.460264299999999], [95.2611839, 5.460072099999999], [95.26058309999999, 5.459965299999999], [95.2593493, 5.459634199999999], [95.258845, 5.459580799999999], [95.25849090000001, 5.4598264], [95.2582656, 5.4606168], [95.25811589999999, 5.460752599999999], [95.2579974, 5.4608517], [95.2574181, 5.4608945], [95.2572035, 5.461759499999999], [95.2569031, 5.462624599999999], [95.25680539999999, 5.4627137999999995], [95.2567291, 5.4627766], [95.2566456, 5.462848899999999], [95.2563344, 5.462977099999999], [95.2562938, 5.4629561], [95.2560448, 5.4627955], [95.2557444, 5.462945], [95.2553367, 5.462806199999999], [95.25497189999999, 5.4627421], [95.25456419999999, 5.462998400000001], [95.2545031, 5.46301], [95.25398699999998, 5.4630588], [95.2538346, 5.463073200000001], [95.2528476, 5.46318], [95.25224679999998, 5.4635324], [95.25205360000001, 5.4641732], [95.2520107, 5.465177199999999], [95.25202149999998, 5.4658926999999995], [95.2519675, 5.4659181], [95.2516889, 5.466031599999999], [95.2505731, 5.466245200000001], [95.25007949999998, 5.466211799999998], [95.2496182, 5.4661918], [95.2494693, 5.466197000000001], [95.2494197, 5.466219699999999], [95.24939799999999, 5.4662505999999995], [95.24937549999999, 5.4662826], [95.24932919999999, 5.466720600000001]]}}, {"type": "Feature", "properties": {"layer": "osm_road", "stroke": "#999999"}, "geometry": {"type": "LineString", "coordinates": [[95.26200039999999, 5.492002099999998], [95.2615774, 5.492021199999998], [95.2611386, 5.4919722], [95.2607432, 5.491770999999999], [95.26076369999998, 5.4912007], [95.260775, 5.4911652], [95.2608076, 5.4911311], [95.26092469999999, 5.491085599999999], [95.261015, 5.4910236999999995], [95.2610756, 5.490938800000001], [95.2611316, 5.490838700000001], [95.2611651, 5.490729299999999], [95.2611989, 5.490484799999998], [95.2611964, 5.4903335], [95.2611785, 5.490184800000001], [95.2611528, 5.490114499999999], [95.26109439999999, 5.489995499999998], [95.2617889, 5.4897735999999995]]}}, {"type": "Feature", "properties": {"layer": "osm_road", "stroke": "#999999"}, "geometry": {"type": "LineString", "coordinates": [[95.2620242, 5.492411499999999], [95.26152579999999, 5.492590699999999], [95.2612644, 5.4927037], [95.2608321, 5.4928767], [95.2608076, 5.492879], [95.26079049999998, 5.4928704999999995], [95.26075, 5.4928296], [95.260736, 5.4928255], [95.260722, 5.492829199999999], [95.2606276, 5.492887799999999], [95.26061270000001, 5.4928944], [95.26059729999999, 5.4928923], [95.2605853, 5.4928831], [95.26057879999999, 5.4928725], [95.26057469999999, 5.4928207], [95.2605651, 5.4928003], [95.26054789999999, 5.492788], [95.2605151, 5.4927742], [95.2604395, 5.492764399999999], [95.26013109999998, 5.492783099999999], [95.2600787, 5.492771099999999], [95.26004789999999, 5.4927456999999995], [95.2599889, 5.492716299999999], [95.25988159999999, 5.492679000000001], [95.2597877, 5.492649599999999], [95.2597073, 5.492633599999999], [95.25963219999998, 5.4926149], [95.2595984, 5.4925841], [95.25959189999999, 5.4925428], [95.2596402, 5.4923933], [95.2596692, 5.492257799999999], [95.25970010000002, 5.492169800000001], [95.2597286, 5.4921272], [95.2597783, 5.492112699999999], [95.2598548, 5.492139599999999], [95.26007199999998, 5.492193], [95.2602383, 5.4922171], [95.2603886, 5.492201099999999], [95.26075869999998, 5.4921877], [95.26091199999999, 5.492186], [95.2609747, 5.492172899999999], [95.26101349999999, 5.492152999999999], [95.2610484, 5.4920836], [95.2611386, 5.4919722]]}}, {"type": "Feature", "properties": {"layer": "osm_road", "stroke": "#999999"}, "geometry": {"type": "LineString", "coordinates": [[95.3574537, 5.4975155], [95.3573813, 5.497512799999998], [95.35721629999999, 5.497512799999998], [95.3571184, 5.4975048], [95.35702989999999, 5.4974888], [95.3569494, 5.4974667], [95.35688839999999, 5.497443999999999], [95.3566993, 5.4973993], [95.3565301, 5.4973336999999995], [95.35648029999999, 5.497312], [95.35646629999998, 5.497302899999999], [95.3564623, 5.4972924999999995], [95.35641669999998, 5.497026099999999]]}}, {"type": "Feature", "properties": {"layer": "osm_road", "stroke": "#999999"}, "geometry": {"type": "LineString", "coordinates": [[95.3569241, 5.4970919], [95.3566732, 5.4970555999999995], [95.35641669999998, 5.497026099999999], [95.35621719999999, 5.4970119], [95.35618569999998, 5.4970075], [95.3561575, 5.496996799999999], [95.35612489999998, 5.496976499999999], [95.3560878, 5.496959499999998], [95.35606559999998, 5.496955499999999], [95.3558044, 5.4969345999999994], [95.3555062, 5.496916799999999], [95.3554836, 5.4969232], [95.355217, 5.4969147]]}}, {"type": "Feature", "properties": {"layer": "osm_road", "stroke": "#999999"}, "geometry": {"type": "LineString", "coordinates": [[95.3560373, 5.4951403], [95.3561166, 5.495662599999999], [95.356126, 5.495745299999999], [95.35609109999999, 5.495786699999999], [95.3559877, 5.4958045], [95.35533609999999, 5.4959149], [95.3552999, 5.496015000000001], [95.3552987, 5.4961074], [95.355307, 5.4963182], [95.3552978, 5.496327699999999], [95.3552631, 5.4963334], [95.3552546, 5.4963382], [95.3552464, 5.4963516], [95.3552437, 5.4963669], [95.3552392, 5.496650799999999], [95.35523449999998, 5.496761899999999], [95.35522739999999, 5.4968527], [95.355217, 5.4969147], [95.35517979999999, 5.4970783], [95.3551644, 5.497221799999999]]}}, {"type": "Feature", "properties": {"layer": "osm_road", "stroke": "#999999"}, "geometry": {"type": "LineString", "coordinates": [[95.3538206, 5.4974967999999995], [95.35419609999998, 5.497474100000001], [95.35431549999998, 5.4974072000000005], [95.3544239, 5.497388899999999], [95.35469829999998, 5.4973266], [95.3551644, 5.497221799999999]]}}, {"type": "Feature", "properties": {"layer": "osm_road", "stroke": "#999999"}, "geometry": {"type": "LineString", "coordinates": [[95.3543996, 5.496970199999998], [95.3544239, 5.497388899999999]]}}, {"type": "Feature", "properties": {"layer": "osm_road", "stroke": "#999999"}, "geometry": {"type": "LineString", "coordinates": [[95.3546834, 5.497042], [95.35469829999998, 5.4973266]]}}, {"type": "Feature", "properties": {"layer": "osm_road", "stroke": "#999999"}, "geometry": {"type": "LineString", "coordinates": [[95.3554836, 5.4969232], [95.35546780000001, 5.497432899999999], [95.3554507, 5.4974590999999995], [95.355424, 5.4974805], [95.3551728, 5.4975311], [95.3548698, 5.497593099999999], [95.3545904, 5.4976463], [95.35462089999999, 5.4978032], [95.35468909999999, 5.4981005]]}}, {"type": "Feature", "properties": {"layer": "osm_road", "stroke": "#999999"}, "geometry": {"type": "LineString", "coordinates": [[95.3548698, 5.497593099999999], [95.35493469999999, 5.4978946], [95.35496269999999, 5.4980492]]}}, {"type": "Feature", "properties": {"layer": "osm_road", "stroke": "#999999"}, "geometry": {"type": "LineString", "coordinates": [[95.35527739999999, 5.4978217], [95.35493469999999, 5.4978946]]}}, {"type": "Feature", "properties": {"layer": "osm_road", "stroke": "#999999"}, "geometry": {"type": "LineString", "coordinates": [[95.3560616, 5.4976463], [95.3560375, 5.4975221], [95.35601409999998, 5.4973748], [95.3560194, 5.497362299999999], [95.3560274, 5.497355299999999], [95.35608209999998, 5.4973279], [95.3560871, 5.497319199999999], [95.3561032, 5.4972231], [95.35610719999998, 5.497119], [95.35612489999998, 5.496976499999999]]}}, {"type": "Feature", "properties": {"layer": "osm_road", "stroke": "#999999"}, "geometry": {"type": "LineString", "coordinates": [[95.35548929999999, 5.4965511], [95.3555062, 5.496916799999999]]}}, {"type": "Feature", "properties": {"layer": "osm_road", "stroke": "#999999"}, "geometry": {"type": "LineString", "coordinates": [[95.3495641, 5.4716846], [95.34963009999998, 5.4719266], [95.34971489999998, 5.4723471], [95.34976459999999, 5.472542999999999], [95.3498469, 5.472797299999999], [95.3499515, 5.473113699999999], [95.3500789, 5.4735157], [95.3501607, 5.473810499999999], [95.3504236, 5.4747075999999995], [95.3506248, 5.475341799999999], [95.35085810000001, 5.4760586], [95.35091439999998, 5.476261600000001], [95.351004, 5.4767007], [95.35102209999998, 5.4767743], [95.3511058, 5.4770688], [95.3511438, 5.4772174], [95.35117859999998, 5.477379600000001], [95.35120479999999, 5.4775552], [95.35121549999998, 5.4776788], [95.3512169, 5.477757399999999], [95.3512088, 5.4777987999999995], [95.3511666, 5.477953699999999], [95.3511384, 5.4780745], [95.3511223, 5.478174600000001], [95.3511171, 5.4782942], [95.3511223, 5.478452299999999], [95.35114, 5.478612799999998], [95.3512096, 5.479026700000001], [95.35126049999998, 5.4792292], [95.35129639999998, 5.4793443], [95.35133449999998, 5.4794495], [95.3513832, 5.479547600000001], [95.35139789999998, 5.479569], [95.3514516, 5.4796351], [95.3515518, 5.4797479], [95.3516172, 5.479823999999999], [95.3516507, 5.479876700000001], [95.3516746, 5.479933399999999], [95.3517526, 5.4801877], [95.35182049999999, 5.4802635], [95.3518656, 5.4803089], [95.35192729999999, 5.480365099999999], [95.3520532, 5.4804407], [95.3521004, 5.4804761], [95.35219390000002, 5.4805065], [95.3522911, 5.480531499999999], [95.35255459999999, 5.4805502], [95.3526525, 5.480568899999999], [95.3527085, 5.480585199999999], [95.3527705, 5.4806083], [95.35283829999999, 5.4806406], [95.35302669999999, 5.480739699999999], [95.3532621, 5.4808513], [95.3533492, 5.4809053], [95.3533658, 5.480921], [95.3534016, 5.4809644], [95.3536025, 5.4812362], [95.35378659999999, 5.481652399999999], [95.3539898, 5.4820778], [95.3542849, 5.4827099], [95.3543031, 5.4827602], [95.35431519999999, 5.482816999999999], [95.354345, 5.483295199999999], [95.35435569999999, 5.4835465], [95.3543665, 5.483639299999999], [95.35436719999998, 5.483641899999999], [95.35439129999999, 5.483720099999999], [95.35456899999998, 5.4841406], [95.3546199, 5.484325499999998], [95.3546689, 5.4845251], [95.3547031, 5.4848034], [95.35470369999999, 5.484864499999999], [95.35470169999999, 5.484922200000001], [95.35467159999999, 5.485071699999999], [95.35466739999998, 5.485114099999999], [95.3546677, 5.4851466], [95.3546737, 5.485194500000001], [95.3547153, 5.485395], [95.35471609999999, 5.485446499999999], [95.35470589999998, 5.4854989], [95.3546749, 5.4855657], [95.35463839999998, 5.4856544], [95.3546072, 5.485794899999999], [95.3545845, 5.485950999999999], [95.35454819999998, 5.4863179], [95.35452169999999, 5.486437699999999], [95.3544945, 5.4865349000000005], [95.35442409999999, 5.4866837], [95.3543572, 5.486868800000001], [95.35434139999998, 5.4870132], [95.3541989, 5.487893499999999], [95.35411209999998, 5.488480299999998], [95.3540694, 5.4889431], [95.3539417, 5.4900282], [95.35386269999998, 5.490743499999999], [95.35378979999999, 5.4912422], [95.35378629999998, 5.4913585], [95.3537994, 5.491424499999999], [95.3538252, 5.491484899999999], [95.35386209999999, 5.4915370999999995], [95.3540553, 5.4917508999999995], [95.35429989999999, 5.4920079], [95.35458509999998, 5.4923239], [95.3550584, 5.492869699999999], [95.3554505, 5.493290899999999], [95.3555964, 5.4934326], [95.355789, 5.4935893], [95.3558459, 5.493632600000001], [95.35617349999998, 5.493859100000001], [95.3564559, 5.494075299999999], [95.3566707, 5.4942613], [95.35668849999999, 5.4942656], [95.35691989999998, 5.4944731], [95.3570591, 5.494603999999999], [95.35754529999998, 5.495058299999999], [95.35756739999998, 5.4950916], [95.35758239999998, 5.495124800000001], [95.35759040000002, 5.495166], [95.35757759999998, 5.4954808], [95.357559, 5.4958052], [95.3575534, 5.496059099999999], [95.3575623, 5.496390099999999], [95.3575593, 5.496609499999998], [95.3574537, 5.4975155], [95.35738260000001, 5.498150899999999], [95.3573088, 5.4986942], [95.3572485, 5.4992842], [95.35713590000002, 5.4999051], [95.35710018168464, 5.50008673722183]]}}, {"type": "Feature", "properties": {"layer": "osm_road", "stroke": "#999999"}, "geometry": {"type": "LineString", "coordinates": [[95.31079985878135, 5.50008673722183], [95.3107827, 5.4999005], [95.31077, 5.4997262], [95.3107417, 5.4994638], [95.31072089999999, 5.4992055], [95.31067999999999, 5.4989579], [95.3106277, 5.4988147], [95.3105717, 5.4987076], [95.31050429999999, 5.498644099999999], [95.31045299999998, 5.4986114], [95.3104164, 5.498583499999999], [95.31035769999998, 5.498540199999999]]}}, {"type": "Feature", "properties": {"layer": "osm_road", "stroke": "#999999"}, "geometry": {"type": "LineString", "coordinates": [[95.3174351, 5.4944386000000005], [95.3179394, 5.4944785], [95.3184169, 5.49451], [95.31935419999999, 5.4945245], [95.3199938, 5.4944665], [95.3201577, 5.494448799999998], [95.32045729999999, 5.4943729999999995], [95.320989, 5.4941621], [95.32127679999999, 5.494026699999999], [95.3213971, 5.493906399999998], [95.32150969999998, 5.493755599999999], [95.32161379999998, 5.493671699999998], [95.3216901, 5.493517999999999], [95.32171829999999, 5.4934699], [95.3217384, 5.493419900000001], [95.3218481, 5.493049499999999], [95.3220286, 5.4924439], [95.3221552, 5.492013700000001], [95.3221962, 5.4919002], [95.32230649999998, 5.491610499999999], [95.32245089999999, 5.4912153], [95.3227024, 5.4905899], [95.3230421, 5.489441], [95.32306460000001, 5.4893983], [95.32316869999998, 5.489137000000001], [95.3232718, 5.4889598], [95.32375909999999, 5.4880866], [95.32386059999999, 5.4877823999999995], [95.3238939, 5.4876802], [95.3239636, 5.487491299999999], [95.3239968, 5.4874233], [95.3240967, 5.4872764], [95.3243982, 5.4870368], [95.3246831, 5.486820800000001], [95.32482489999998, 5.4867306000000005], [95.32486749999998, 5.4867104], [95.3252202, 5.4865328], [95.32530339999998, 5.4864733999999995], [95.32534359999998, 5.486440100000001], [95.3254388, 5.4863593], [95.325534, 5.486271199999999], [95.3256293, 5.4861884], [95.3258197, 5.4860696], [95.32676919999999, 5.4856291], [95.3269435, 5.4855356], [95.32710049999999, 5.4854382], [95.327362, 5.485264599999999], [95.3279266, 5.4848214], [95.328117, 5.484662599999999], [95.3284603, 5.4843595], [95.32873789999998, 5.4841606], [95.32929179999998, 5.4838242], [95.32970759999999, 5.483603900000001], [95.3298819, 5.483525199999999], [95.3307295, 5.4832328], [95.3320464, 5.482764199999999], [95.3322114, 5.4827215], [95.3338167, 5.482341000000001], [95.3339709, 5.4822877000000005], [95.33412379999999, 5.4822169], [95.3342284, 5.4821314999999995], [95.334431, 5.481921800000001], [95.3345168, 5.481839099999999], [95.3346241, 5.481752299999999], [95.334946, 5.481526700000001], [95.335021, 5.48146], [95.33510279999999, 5.4813649], [95.3351659, 5.481305099999999], [95.33524899999999, 5.481190299999998], [95.3353187, 5.481080799999999], [95.3355853, 5.480452199999999], [95.335601, 5.4804207], [95.3356232, 5.4803773], [95.33567379999998, 5.480294699999999], [95.3362398, 5.479637899999999], [95.3364755, 5.4793876], [95.33659950000002, 5.479230599999999], [95.33668129999998, 5.4791064], [95.33682749999998, 5.4788361], [95.33688249999999, 5.4786899], [95.3369814, 5.4783447999999995], [95.33700319999998, 5.4783007], [95.3370313, 5.478261399999999], [95.33707829999999, 5.4782146], [95.3371279, 5.478155899999999], [95.3371829, 5.4781052], [95.3372312, 5.4780543999999995], [95.33726739999999, 5.478010399999999], [95.337313, 5.477947599999999], [95.3374699, 5.4777007], [95.3376174, 5.477465700000001], [95.3377797, 5.4771997], [95.33784609999998, 5.4771066], [95.3378893, 5.477057199999999], [95.3379624, 5.4769875], [95.3380236, 5.476957600000001]]}}, {"type": "Feature", "properties": {"layer": "osm_road", "stroke": "#999999"}, "geometry": {"type": "LineString", "coordinates": [[95.30285589999998, 5.496313299999999], [95.30303979999998, 5.4963185], [95.30324899999998, 5.496319000000001], [95.30409039999999, 5.4963506], [95.3043801, 5.496361600000001], [95.304714, 5.4963822], [95.30559709999999, 5.496413999999999], [95.3060214, 5.496425099999999]]}}, {"type": "Feature", "properties": {"layer": "osm_road", "stroke": "#999999"}, "geometry": {"type": "LineString", "coordinates": [[95.30303979999998, 5.4963185], [95.30304909999998, 5.4959823], [95.30304980000001, 5.4959264], [95.30304439999999, 5.495829800000001], [95.30307, 5.4957034], [95.303195, 5.4954389], [95.3032456, 5.495354], [95.30327439999999, 5.495334199999999], [95.30332350000002, 5.495317], [95.3035144, 5.4953182], [95.30367139999998, 5.495324799999999], [95.3037053, 5.4953373], [95.3037165, 5.495379899999998], [95.3037238, 5.495449499999999], [95.3037436, 5.495471099999999], [95.3037786, 5.495475699999999], [95.30440999999999, 5.495481699999999], [95.30513069999999, 5.495491399999999], [95.30514579999999, 5.495328999999999], [95.3051537, 5.495072500000001]]}}, {"type": "Feature", "properties": {"layer": "osm_road", "stroke": "#999999"}, "geometry": {"type": "LineString", "coordinates": [[95.30440999999999, 5.495481699999999], [95.304405, 5.49582], [95.3043801, 5.496361600000001]]}}, {"type": "Feature", "properties": {"layer": "osm_road", "stroke": "#999999"}, "geometry": {"type": "LineString", "coordinates": [[95.30324899999998, 5.496319000000001], [95.30327069999998, 5.4966791], [95.3032838, 5.4967079], [95.30332999999999, 5.496725400000001], [95.30469909999998, 5.496783700000001], [95.3055931, 5.4968072], [95.30626579999999, 5.4968506999999995], [95.306312, 5.4968506999999995], [95.30634149999999, 5.496841299999999], [95.30639649999999, 5.4968053], [95.30643929999998, 5.496791299999999], [95.30678029999999, 5.4967444], [95.30703319999999, 5.496715199999999], [95.3073149, 5.4966749], [95.30756979999998, 5.496677799999998], [95.30808559999998, 5.496674999999999], [95.3081372, 5.496658400000001], [95.30815869999999, 5.496610399999999], [95.3081506, 5.4961431], [95.308173, 5.4955714], [95.3081726, 5.4953213]]}}, {"type": "Feature", "properties": {"layer": "osm_road", "stroke": "#999999"}, "geometry": {"type": "LineString", "coordinates": [[95.3073312, 5.4951051], [95.30732739999999, 5.4953108], [95.3073294, 5.495570899999999], [95.30731729999998, 5.495727800000001], [95.30730990000002, 5.496126199999999], [95.3073149, 5.4966749]]}}, {"type": "Feature", "properties": {"layer": "osm_road", "stroke": "#999999"}, "geometry": {"type": "LineString", "coordinates": [[95.3073294, 5.495570899999999], [95.3076469, 5.4955605], [95.308173, 5.4955714], [95.30874679999998, 5.495585999999999], [95.3087868, 5.495566799999999], [95.3088173, 5.4955036], [95.30881109999999, 5.495444799999999], [95.30878239999998, 5.495394899999998], [95.3087362, 5.495345299999999], [95.3081726, 5.4953213], [95.3076543, 5.4953123999999995]]}}, {"type": "Feature", "properties": {"layer": "osm_road", "stroke": "#999999"}, "geometry": {"type": "LineString", "coordinates": [[95.30765179999999, 5.4951231], [95.3076543, 5.4953123999999995], [95.3076469, 5.4955605]]}}, {"type": "Feature", "properties": {"layer": "osm_road", "stroke": "#999999"}, "geometry": {"type": "LineString", "coordinates": [[95.3055931, 5.4968072], [95.30559709999999, 5.496413999999999], [95.30561689999999, 5.496019600000001], [95.30561399999999, 5.495786699999999], [95.30561809999999, 5.495733399999999], [95.3056314, 5.495322299999999], [95.30564279999999, 5.4950825]]}}, {"type": "Feature", "properties": {"layer": "osm_road", "stroke": "#999999"}, "geometry": {"type": "LineString", "coordinates": [[95.30561809999999, 5.495733399999999], [95.3059905, 5.4957423], [95.3062799, 5.4957501], [95.30634209999998, 5.4957177999999995], [95.30731729999998, 5.495727800000001]]}}, {"type": "Feature", "properties": {"layer": "osm_road", "stroke": "#999999"}, "geometry": {"type": "LineString", "coordinates": [[95.3062749, 5.496659800000001], [95.3062986, 5.496125899999998], [95.3062799, 5.4957501], [95.3062986, 5.4955539], [95.306312, 5.4955077], [95.3063636, 5.495422199999998], [95.3065051, 5.4952968], [95.3065521, 5.4952821], [95.30732739999999, 5.4953108]]}}, {"type": "Feature", "properties": {"layer": "osm_road", "stroke": "#999999"}, "geometry": {"type": "LineString", "coordinates": [[95.3062986, 5.496125899999998], [95.30730990000002, 5.496126199999999]]}}, {"type": "Feature", "properties": {"layer": "osm_road", "stroke": "#999999"}, "geometry": {"type": "LineString", "coordinates": [[95.30469909999998, 5.496783700000001], [95.304714, 5.4963822], [95.3047268, 5.4960497], [95.3047455, 5.496012399999999], [95.3047912, 5.4959923], [95.3052039, 5.495998199999999], [95.30561689999999, 5.496019600000001]]}}, {"type": "Feature", "properties": {"layer": "osm_road", "stroke": "#999999"}, "geometry": {"type": "LineString", "coordinates": [[95.30514579999999, 5.495328999999999], [95.3056314, 5.495322299999999], [95.30612099999999, 5.4953385]]}}, {"type": "Feature", "properties": {"layer": "osm_road", "stroke": "#999999"}, "geometry": {"type": "LineString", "coordinates": [[95.3053733, 5.4955388], [95.3053741, 5.4957842], [95.3053375, 5.495838], [95.304405, 5.49582]]}}, {"type": "Feature", "properties": {"layer": "osm_road", "stroke": "#999999"}, "geometry": {"type": "LineString", "coordinates": [[95.3053741, 5.4957842], [95.30561399999999, 5.495786699999999]]}}, {"type": "Feature", "properties": {"layer": "osm_road", "stroke": "#999999"}, "geometry": {"type": "LineString", "coordinates": [[95.30304980000001, 5.4959264], [95.3040455, 5.4959469], [95.3040858, 5.4959549], [95.30409599999999, 5.4959893], [95.30409039999999, 5.4963506]]}}, {"type": "Feature", "properties": {"layer": "osm_road", "stroke": "#999999"}, "geometry": {"type": "LineString", "coordinates": [[95.3027363, 5.496165599999999], [95.30275139999999, 5.496407499999999], [95.3027625, 5.4965253], [95.30278839999998, 5.4971129], [95.30277379999998, 5.497149100000001], [95.3027406, 5.497171], [95.30253679999998, 5.4971803999999995], [95.3022954, 5.497183699999998], [95.302295, 5.4964181], [95.30229489999999, 5.4962496]]}}, {"type": "Feature", "properties": {"layer": "osm_road", "stroke": "#999999"}, "geometry": {"type": "LineString", "coordinates": [[95.3027625, 5.4965253], [95.3028542, 5.4965304]]}}, {"type": "Feature", "properties": {"layer": "osm_road", "stroke": "#999999"}, "geometry": {"type": "LineString", "coordinates": [[95.3013512, 5.493965000000001], [95.3018736, 5.494296799999999], [95.30194479999999, 5.4943615], [95.3019893, 5.4943979999999994], [95.30202609999999, 5.4944371], [95.3021345, 5.494562599999998], [95.3022136, 5.4947108], [95.3024306, 5.4950898], [95.3025395, 5.495215399999999], [95.30265829999999, 5.4953429], [95.30293239999999, 5.495585799999999]]}}, {"type": "Feature", "properties": {"layer": "osm_road", "stroke": "#999999"}, "geometry": {"type": "LineString", "coordinates": [[95.3016605, 5.4946554], [95.3019529, 5.495007], [95.3025366, 5.495688699999999], [95.3027098, 5.495774699999999], [95.302868, 5.4958634]]}}, {"type": "Feature", "properties": {"layer": "osm_road", "stroke": "#999999"}, "geometry": {"type": "LineString", "coordinates": [[95.3025366, 5.495688699999999], [95.3024938, 5.4957395], [95.3024107, 5.495788], [95.30217539999998, 5.4957044999999995], [95.301961, 5.495438]]}}, {"type": "Feature", "properties": {"layer": "osm_road", "stroke": "#999999"}, "geometry": {"type": "LineString", "coordinates": [[95.30202609999999, 5.4944371], [95.3019735, 5.494486499999999], [95.3019091, 5.494538499999999], [95.3018233, 5.4946013], [95.30174959999998, 5.4946145999999985], [95.3016605, 5.4946554], [95.30153249999998, 5.4947505], [95.30148099999998, 5.4948185], [95.30140569999999, 5.494937999999999], [95.3013719, 5.4950095], [95.30122349999999, 5.495249599999999], [95.30117859999999, 5.495311000000001], [95.3008698, 5.495742]]}}, {"type": "Feature", "properties": {"layer": "osm_road", "stroke": "#999999"}, "geometry": {"type": "LineString", "coordinates": [[95.30122349999999, 5.495249599999999], [95.30142030000002, 5.495405600000001]]}}, {"type": "Feature", "properties": {"layer": "osm_road", "stroke": "#999999"}, "geometry": {"type": "LineString", "coordinates": [[95.2977208, 5.4918069], [95.29785759999999, 5.491825899999999], [95.2987468, 5.4920409], [95.2987894, 5.492058899999999], [95.2988219, 5.4920983], [95.29891289999999, 5.492131099999999], [95.29889399999999, 5.492244000000001], [95.29881529999999, 5.4925308], [95.2987589, 5.4928432], [95.29894129999998, 5.492885900000001], [95.299243, 5.492957999999999], [95.29924439999999, 5.4930901], [95.29926849999998, 5.4932103], [95.29937989999999, 5.4933918], [95.29951129999999, 5.493625400000001], [95.29968959999998, 5.4938911], [95.29979149999998, 5.494078], [95.2999109, 5.4942809], [95.2999981, 5.494474499999999], [95.30002089999999, 5.4945132], [95.30006379999999, 5.494559899999999], [95.3002403, 5.494676200000001], [95.3004843, 5.4948453], [95.3006472, 5.495052499999999], [95.3007536, 5.495177], [95.3008805, 5.495281799999999], [95.3009705, 5.4952994], [95.3010537, 5.4953007000000005], [95.30117859999999, 5.495311000000001]]}}, {"type": "Feature", "properties": {"layer": "osm_road", "stroke": "#999999"}, "geometry": {"type": "LineString", "coordinates": [[95.3024306, 5.4950898], [95.30257019999999, 5.494935000000001], [95.30257569999999, 5.494880299999998], [95.3025847, 5.4948318], [95.30254499999998, 5.4946277], [95.3025535, 5.494582], [95.3025649, 5.494545199999999], [95.3025945, 5.4944705], [95.30262629999999, 5.4944296], [95.3027886, 5.4943489]]}}, {"type": "Feature", "properties": {"layer": "osm_road", "stroke": "#999999"}, "geometry": {"type": "LineString", "coordinates": [[95.30262629999999, 5.4944296], [95.3026266, 5.494319599999999], [95.3026333, 5.4942609000000004], [95.30263470000001, 5.4942182], [95.3026244, 5.494180699999999], [95.3026065, 5.494138099999999], [95.3025435, 5.4940807000000005], [95.30250999999998, 5.4940606], [95.3024823, 5.494029899999998], [95.3024751, 5.493991199999999], [95.302478, 5.493918699999999]]}}, {"type": "Feature", "properties": {"layer": "osm_road", "stroke": "#999999"}, "geometry": {"type": "LineString", "coordinates": [[95.30548919999998, 5.4950730000000005], [95.3055328, 5.494115399999999], [95.3056514, 5.4923592], [95.3057006, 5.491790599999999], [95.30570359999999, 5.491236499999999], [95.3057142, 5.4910104], [95.3057012, 5.4909526], [95.30566529999999, 5.4909094], [95.30561379999999, 5.490870999999999], [95.3054681, 5.490771700000001], [95.3053934, 5.4907046], [95.30533949999999, 5.490666000000001], [95.30524419999999, 5.490630199999999], [95.30518119999999, 5.490613], [95.3051028, 5.4905795], [95.3049348, 5.4904631], [95.3047976, 5.4903563], [95.30475770000001, 5.4903348], [95.3047115, 5.490321399999999], [95.3046611, 5.490312099999999], [95.3044474, 5.4902998], [95.3040281, 5.490302499999999], [95.3039408, 5.490306799999999], [95.3038846, 5.490328599999999], [95.30379819999999, 5.490381300000001], [95.3035842, 5.490577799999999], [95.3034183, 5.490755899999999], [95.30328749999998, 5.490963899999999], [95.30324759999999, 5.4910502999999995], [95.3032334, 5.491097500000001], [95.3031967, 5.4914012], [95.30320059999998, 5.4915161999999995], [95.3032368, 5.491603], [95.3032663, 5.491653699999999], [95.3033087, 5.491735899999999], [95.3033186, 5.4917752], [95.30332649999998, 5.4918284], [95.3033266, 5.491885699999999], [95.30331599999998, 5.4919701], [95.30330689999998, 5.492103199999999], [95.30328839999999, 5.4923007], [95.3032881, 5.492333699999999]]}}, {"type": "Feature", "properties": {"layer": "osm_road", "stroke": "#999999"}, "geometry": {"type": "LineString", "coordinates": [[95.3094946, 5.492424400000001], [95.3092396, 5.4924266], [95.3076084, 5.4923763], [95.3056514, 5.4923592], [95.3041059, 5.492337299999998], [95.3032881, 5.492333699999999]]}}, {"type": "Feature", "properties": {"layer": "osm_road", "stroke": "#999999"}, "geometry": {"type": "LineString", "coordinates": [[95.3076084, 5.4923763], [95.3075896, 5.4933482], [95.3075575, 5.4936151], [95.3075199, 5.4939342], [95.3073938, 5.494576299999999], [95.30735089999999, 5.4948727], [95.3073312, 5.4951051]]}}, {"type": "Feature", "properties": {"layer": "osm_road", "stroke": "#999999"}, "geometry": {"type": "LineString", "coordinates": [[95.3065521, 5.4933305], [95.3075896, 5.4933482], [95.30824949999999, 5.493358399999998], [95.30876169999999, 5.493366299999999], [95.3094748, 5.4933694]]}}, {"type": "Feature", "properties": {"layer": "osm_road", "stroke": "#999999"}, "geometry": {"type": "LineString", "coordinates": [[95.30780509999998, 5.4939121], [95.30826879999998, 5.493917399999999], [95.3087678, 5.4939185], [95.30907459999999, 5.4939033], [95.30918399999999, 5.4939098], [95.3092168, 5.4939218], [95.3093885, 5.493920500000001], [95.30947739999999, 5.493904399999999]]}}, {"type": "Feature", "properties": {"layer": "osm_road", "stroke": "#999999"}, "geometry": {"type": "LineString", "coordinates": [[95.3087786, 5.4931753], [95.30876169999999, 5.493366299999999], [95.3087678, 5.4939185], [95.30877929999998, 5.494326699999999], [95.30872749999999, 5.4943865], [95.308672, 5.4944143], [95.30858099999999, 5.4944319], [95.30846569999999, 5.494444500000001], [95.30835719999999, 5.494441799999999], [95.30829899999999, 5.494428199999999], [95.3082733, 5.494367599999999], [95.30826879999998, 5.493917399999999], [95.30824949999999, 5.493358399999998]]}}, {"type": "Feature", "properties": {"layer": "osm_road", "stroke": "#999999"}, "geometry": {"type": "LineString", "coordinates": [[95.3087774, 5.4915388], [95.3087774, 5.4914147], [95.30878899999999, 5.4914074], [95.30884529999999, 5.4914041], [95.3091328, 5.491419], [95.30947099999999, 5.4914220999999985], [95.3094968, 5.491436], [95.3095065, 5.491457199999999], [95.3095139, 5.4916207], [95.3094946, 5.492424400000001], [95.30950109999999, 5.4925708], [95.30949529999998, 5.492865899999999], [95.3094901, 5.493171199999999], [95.30949529999998, 5.4931847], [95.3095082, 5.4932009], [95.3095946, 5.493241899999998]]}}, {"type": "Feature", "properties": {"layer": "osm_road", "stroke": "#999999"}, "geometry": {"type": "LineString", "coordinates": [[95.31407819999998, 5.494061999999999], [95.3140381, 5.4942615], [95.3139805, 5.494548199999999], [95.3139099, 5.4948995]]}}, {"type": "Feature", "properties": {"layer": "osm_road", "stroke": "#999999"}, "geometry": {"type": "LineString", "coordinates": [[95.3133145, 5.4938967], [95.3132769, 5.4940696], [95.313214, 5.4943576], [95.3131388, 5.494707000000001], [95.31303550000001, 5.4951929]]}}, {"type": "Feature", "properties": {"layer": "osm_road", "stroke": "#999999"}, "geometry": {"type": "LineString", "coordinates": [[95.313214, 5.4943576], [95.3139805, 5.494548199999999]]}}, {"type": "Feature", "properties": {"layer": "osm_road", "stroke": "#999999"}, "geometry": {"type": "LineString", "coordinates": [[95.3140381, 5.4942615], [95.3146462, 5.494394599999999]]}}, {"type": "Feature", "properties": {"layer": "osm_road", "stroke": "#999999"}, "geometry": {"type": "LineString", "coordinates": [[95.3132769, 5.4940696], [95.3127828, 5.4939592], [95.3127445, 5.493955399999999]]}}, {"type": "Feature", "properties": {"layer": "osm_road", "stroke": "#999999"}, "geometry": {"type": "LineString", "coordinates": [[95.314897, 5.495923100000001], [95.31545819999998, 5.4960246999999995], [95.31588529999999, 5.496098000000001]]}}, {"type": "Feature", "properties": {"layer": "osm_road", "stroke": "#999999"}, "geometry": {"type": "LineString", "coordinates": [[95.31545819999998, 5.4960246999999995], [95.3155635, 5.495516], [95.31566269999999, 5.495074100000001], [95.31575799999999, 5.4946723], [95.31579749999999, 5.494479899999999]]}}, {"type": "Feature", "properties": {"layer": "osm_road", "stroke": "#999999"}, "geometry": {"type": "LineString", "coordinates": [[95.3146462, 5.4950754], [95.3147073, 5.4948533], [95.3148125, 5.4944454], [95.31481119999998, 5.494402599999999]]}}, {"type": "Feature", "properties": {"layer": "osm_road", "stroke": "#999999"}, "geometry": {"type": "LineString", "coordinates": [[95.31456699999998, 5.4948033999999994], [95.3147073, 5.4948533], [95.31566269999999, 5.495074100000001], [95.31602090000001, 5.4951622]]}}, {"type": "Feature", "properties": {"layer": "osm_road", "stroke": "#999999"}, "geometry": {"type": "LineString", "coordinates": [[95.3148125, 5.4944454], [95.31575799999999, 5.4946723], [95.31599129999998, 5.494735]]}}, {"type": "Feature", "properties": {"layer": "osm_road", "stroke": "#999999"}, "geometry": {"type": "LineString", "coordinates": [[95.3153463, 5.4971953], [95.31532479999998, 5.4970191], [95.31532479999998, 5.496717399999999], [95.3153382, 5.4965999], [95.31537310000002, 5.4964397], [95.31536849999999, 5.4963647]]}}, {"type": "Feature", "properties": {"layer": "osm_road", "stroke": "#999999"}, "geometry": {"type": "LineString", "coordinates": [[95.3035134, 5.495039899999999], [95.30355069999999, 5.494337999999999], [95.303557, 5.4941724999999995]]}}, {"type": "Feature", "properties": {"layer": "osm_road", "stroke": "#999999"}, "geometry": {"type": "LineString", "coordinates": [[95.303557, 5.4941724999999995], [95.30345719999998, 5.494151799999998], [95.30338559999998, 5.494128099999998], [95.30348229999998, 5.4930674], [95.3034905, 5.493046], [95.3035185, 5.4930367], [95.30381019999999, 5.493054099999999], [95.30383429999999, 5.4930674], [95.30384119999998, 5.493093799999999], [95.3037435, 5.4941416], [95.30371789999998, 5.4941728], [95.303557, 5.4941724999999995]]}}, {"type": "Feature", "properties": {"layer": "osm_road", "stroke": "#999999"}, "geometry": {"type": "LineString", "coordinates": [[95.30338559999998, 5.494128099999998], [95.30316979999999, 5.4941035]]}}, {"type": "Feature", "properties": {"layer": "osm_road", "stroke": "#999999"}, "geometry": {"type": "LineString", "coordinates": [[95.30395539999999, 5.4941531], [95.3037435, 5.4941416]]}}, {"type": "Feature", "properties": {"layer": "osm_road", "stroke": "#999999"}, "geometry": {"type": "LineString", "coordinates": [[95.30355069999999, 5.494337999999999], [95.3039476, 5.4943637], [95.30397719999999, 5.494392199999998], [95.30398789999998, 5.4944277], [95.30393679999999, 5.495050400000001]]}}, {"type": "Feature", "properties": {"layer": "osm_road", "stroke": "#999999"}, "geometry": {"type": "LineString", "coordinates": [[95.31531350513629, 5.50008673722183], [95.3152853, 5.499830899999999], [95.31528399999999, 5.4997345], [95.31528859999999, 5.4995902999999995], [95.3151918, 5.4994732], [95.31517959999998, 5.499464], [95.31515019999999, 5.499450799999999], [95.3151157, 5.4994449], [95.31510899999999, 5.499447099999999], [95.31501839999999, 5.499507199999999], [95.3149923, 5.499504799999999], [95.3149775, 5.499497799999999], [95.3149621, 5.4994832], [95.31485279999998, 5.4993396], [95.31474609999998, 5.4992132], [95.3148443, 5.4990682], [95.3148577, 5.499045299999999], [95.3148682, 5.4990187], [95.31486909999998, 5.4990058999999984], [95.3148394, 5.4986251]]}}, {"type": "Feature", "properties": {"layer": "osm_road", "stroke": "#999999"}, "geometry": {"type": "LineString", "coordinates": [[95.3155189, 5.4998329], [95.3152853, 5.499830899999999], [95.3146382, 5.499838500000001]]}}, {"type": "Feature", "properties": {"layer": "osm_road", "stroke": "#999999"}, "geometry": {"type": "LineString", "coordinates": [[95.3155189, 5.4998329], [95.3155209, 5.4997415], [95.3155219, 5.499507499999999], [95.31551919999998, 5.499293799999999]]}}, {"type": "Feature", "properties": {"layer": "osm_road", "stroke": "#999999"}, "geometry": {"type": "LineString", "coordinates": [[95.3155209, 5.4997415], [95.3162677, 5.499756900000001], [95.31650219999999, 5.4997674], [95.31670319999999, 5.4997682], [95.3167243, 5.4997642], [95.3167381, 5.4997565], [95.31674559999999, 5.499739], [95.31675449999999, 5.499704699999999], [95.3167517, 5.499560299999999]]}}, {"type": "Feature", "properties": {"layer": "osm_road", "stroke": "#999999"}, "geometry": {"type": "LineString", "coordinates": [[95.3155219, 5.499507499999999], [95.31573989999998, 5.499504599999999], [95.3159819, 5.4995076], [95.31621139999999, 5.499542099999999], [95.31623779999998, 5.499548400000001], [95.3162563, 5.499558399999999], [95.31627009999998, 5.499572], [95.3162677, 5.499756900000001]]}}, {"type": "Feature", "properties": {"layer": "osm_road", "stroke": "#999999"}, "geometry": {"type": "LineString", "coordinates": [[95.31650219999999, 5.4997674], [95.3164996, 5.4995275]]}}, {"type": "Feature", "properties": {"layer": "osm_road", "stroke": "#999999"}, "geometry": {"type": "LineString", "coordinates": [[95.31573919999998, 5.499325999999999], [95.31573989999998, 5.499504599999999]]}}, {"type": "Feature", "properties": {"layer": "osm_road", "stroke": "#999999"}, "geometry": {"type": "LineString", "coordinates": [[95.3159793, 5.499389999999999], [95.3159819, 5.4995076]]}}, {"type": "Feature", "properties": {"layer": "osm_road", "stroke": "#999999"}, "geometry": {"type": "LineString", "coordinates": [[95.3144518, 5.498935499999999], [95.3146325, 5.4991911], [95.3146553, 5.4992072], [95.31467979999998, 5.499215500000001], [95.3146979, 5.499217699999999], [95.31474609999998, 5.4992132]]}}, {"type": "Feature", "properties": {"layer": "osm_road", "stroke": "#999999"}, "geometry": {"type": "LineString", "coordinates": [[95.3151886, 5.498412899999998], [95.3152521, 5.499285600000001], [95.3152565, 5.4993115999999995], [95.3152759, 5.4993603], [95.3152913, 5.499413999999999], [95.31529369999998, 5.4994328], [95.31528859999999, 5.4995902999999995]]}}, {"type": "Feature", "properties": {"layer": "osm_road", "stroke": "#999999"}, "geometry": {"type": "LineString", "coordinates": [[95.2988782, 5.5000414], [95.29897479999998, 5.4999767], [95.29933169999998, 5.499792799999999], [95.3001291, 5.499420799999999], [95.300541, 5.499241099999999], [95.30071689999998, 5.4991808], [95.30086579999998, 5.499104899999999], [95.3009017, 5.4990544], [95.30090779999999, 5.499025900000001], [95.30090159999999, 5.498974399999999], [95.3006835, 5.498466699999999], [95.30066329999998, 5.498444599999999], [95.30064569999999, 5.4984323999999996], [95.300615, 5.498426599999999], [95.3005842, 5.4984344], [95.30025859999999, 5.498578199999999], [95.29983429999999, 5.4987504000000005], [95.29943609999998, 5.4989269]]}}, {"type": "Feature", "properties": {"layer": "osm_road", "stroke": "#999999"}, "geometry": {"type": "LineString", "coordinates": [[95.29933169999998, 5.499792799999999], [95.2992104, 5.499521999999998], [95.29904029999999, 5.499142], [95.2989523, 5.4989451]]}}, {"type": "Feature", "properties": {"layer": "osm_road", "stroke": "#999999"}, "geometry": {"type": "LineString", "coordinates": [[95.2992104, 5.499521999999998], [95.29935869999998, 5.4994617], [95.29946469999999, 5.499416499999999], [95.29954609999999, 5.499377699999999], [95.2995783, 5.4993482999999985], [95.299589, 5.499328599999999], [95.29959469999999, 5.4992988], [95.29943609999998, 5.4989269], [95.29931949999998, 5.498662199999999]]}}, {"type": "Feature", "properties": {"layer": "osm_road", "stroke": "#999999"}, "geometry": {"type": "LineString", "coordinates": [[95.3001291, 5.499420799999999], [95.30007239999999, 5.499281], [95.29997379999999, 5.4990483], [95.29983429999999, 5.4987504000000005]]}}, {"type": "Feature", "properties": {"layer": "osm_road", "stroke": "#999999"}, "geometry": {"type": "LineString", "coordinates": [[95.300541, 5.499241099999999], [95.30025859999999, 5.498578199999999]]}}, {"type": "Feature", "properties": {"layer": "osm_road", "stroke": "#999999"}, "geometry": {"type": "LineString", "coordinates": [[95.296462, 5.4961464], [95.296462, 5.496227399999999], [95.29646759999999, 5.49627], [95.29647899999999, 5.496293500000001], [95.29727849999999, 5.496934399999998], [95.2975869, 5.4971959], [95.29766299999999, 5.497280599999999], [95.2981231, 5.498193199999999], [95.29843109999999, 5.498784699999999], [95.29853499999999, 5.498984599999999], [95.2986844, 5.499310099999999], [95.29897479999998, 5.4999767]]}}, {"type": "Feature", "properties": {"layer": "osm_road", "stroke": "#999999"}, "geometry": {"type": "LineString", "coordinates": [[95.2986844, 5.499310099999999], [95.29904029999999, 5.499142]]}}, {"type": "Feature", "properties": {"layer": "osm_road", "stroke": "#999999"}, "geometry": {"type": "LineString", "coordinates": [[95.29727849999999, 5.496934399999998], [95.297604, 5.496580399999999], [95.2976536, 5.496490699999999], [95.29775539999999, 5.496369999999999], [95.2978819, 5.496262799999999], [95.29795489999998, 5.496230599999998], [95.2980164, 5.496216300000001], [95.2982648, 5.4962236], [95.29839310000001, 5.4962546], [95.2984826, 5.4962800000000005], [95.2985644, 5.4963171], [95.2986086, 5.496347899999998], [95.29865009999999, 5.4963947], [95.298711, 5.4964837], [95.29926789999999, 5.4973709], [95.2993469, 5.497511399999999], [95.2996343, 5.498056299999999]]}}, {"type": "Feature", "properties": {"layer": "osm_road", "stroke": "#999999"}, "geometry": {"type": "LineString", "coordinates": [[95.2993469, 5.497511399999999], [95.29856299999999, 5.4979423], [95.2983829, 5.498048799999999], [95.2982092, 5.498133], [95.2981231, 5.498193199999999], [95.29808219999998, 5.498213500000001]]}}, {"type": "Feature", "properties": {"layer": "osm_road", "stroke": "#999999"}, "geometry": {"type": "LineString", "coordinates": [[95.29843109999999, 5.498784699999999], [95.2984616, 5.498765699999998], [95.2988327, 5.498545999999999], [95.2988595, 5.498525299999999], [95.2988634, 5.498497], [95.29856299999999, 5.4979423]]}}, {"type": "Feature", "properties": {"layer": "osm_road", "stroke": "#999999"}, "geometry": {"type": "LineString", "coordinates": [[95.2984616, 5.498765699999998], [95.2984586, 5.498671899999999], [95.2984645, 5.498580700000001], [95.2984494, 5.498524499999999]]}}, {"type": "Feature", "properties": {"layer": "osm_road", "stroke": "#999999"}, "geometry": {"type": "LineString", "coordinates": [[95.2983829, 5.498048799999999], [95.29788059999998, 5.497136099999999], [95.2977732, 5.4969167], [95.2976384, 5.4966311], [95.297604, 5.496580399999999]]}}, {"type": "Feature", "properties": {"layer": "osm_road", "stroke": "#999999"}, "geometry": {"type": "LineString", "coordinates": [[95.29766299999999, 5.497280599999999], [95.29788059999998, 5.497136099999999]]}}, {"type": "Feature", "properties": {"layer": "osm_road", "stroke": "#999999"}, "geometry": {"type": "LineString", "coordinates": [[95.3018947, 5.497217999999999], [95.3022954, 5.497183699999998]]}}, {"type": "Feature", "properties": {"layer": "osm_road", "stroke": "#999999"}, "geometry": {"type": "LineString", "coordinates": [[95.3583769, 5.4890434], [95.35767319999998, 5.4891837], [95.3571229, 5.489287699999999]]}}, {"type": "Feature", "properties": {"layer": "osm_road", "stroke": "#999999"}, "geometry": {"type": "LineString", "coordinates": [[95.3571712, 5.489596099999999], [95.3577328, 5.489479199999999], [95.3583957, 5.4893438]]}}, {"type": "Feature", "properties": {"layer": "osm_road", "stroke": "#999999"}, "geometry": {"type": "LineString", "coordinates": [[95.35720479999999, 5.489897700000001], [95.3577946, 5.489778699999999], [95.3582945, 5.489686399999999], [95.358574, 5.489634799999999]]}}, {"type": "Feature", "properties": {"layer": "osm_road", "stroke": "#999999"}, "geometry": {"type": "LineString", "coordinates": [[95.3583253, 5.490105899999999], [95.3578545, 5.490103799999999]]}}, {"type": "Feature", "properties": {"layer": "osm_road", "stroke": "#999999"}, "geometry": {"type": "LineString", "coordinates": [[95.3576433, 5.490126], [95.35784920000002, 5.4900785999999995]]}}, {"type": "Feature", "properties": {"layer": "osm_road", "stroke": "#999999"}, "geometry": {"type": "LineString", "coordinates": [[95.3575736, 5.490436399999999], [95.3579152, 5.4903903]]}}, {"type": "Feature", "properties": {"layer": "osm_road", "stroke": "#999999"}, "geometry": {"type": "LineString", "coordinates": [[95.3583434, 5.4887417], [95.3576204, 5.488873599999999], [95.35728069999999, 5.488933099999999], [95.35692059999998, 5.4890025], [95.35686009999999, 5.489019999999999], [95.35669649999998, 5.4890874], [95.35658559999999, 5.489118099999999], [95.35650609999999, 5.489134099999999], [95.3561896, 5.489178199999999], [95.35615149999998, 5.489196700000001], [95.3561374, 5.4892134], [95.3561367, 5.489231500000001], [95.356139, 5.489270300000001], [95.35618350000001, 5.4895067], [95.3562333, 5.4897768000000005]]}}, {"type": "Feature", "properties": {"layer": "osm_road", "stroke": "#999999"}, "geometry": {"type": "LineString", "coordinates": [[95.35565319999999, 5.4895493], [95.3560039, 5.489548499999999], [95.35608089999998, 5.489534599999999], [95.35618350000001, 5.4895067], [95.35660529999998, 5.489450500000001]]}}, {"type": "Feature", "properties": {"layer": "osm_road", "stroke": "#999999"}, "geometry": {"type": "LineString", "coordinates": [[95.24056887651231, 5.488742044190255], [95.24165469999998, 5.490358199999999], [95.24230189999999, 5.4913478], [95.2426805, 5.491880100000001], [95.2433901, 5.4928143], [95.24365669999999, 5.493151500000001], [95.2438612, 5.493405799999999]]}}, {"type": "Feature", "properties": {"layer": "osm_road", "stroke": "#999999"}, "geometry": {"type": "LineString", "coordinates": [[95.24165469999998, 5.490358199999999], [95.2421691, 5.4899861], [95.24227989999999, 5.489876999999999], [95.2423212, 5.489816799999999], [95.2423632, 5.4897398], [95.2427075, 5.4889703999999995], [95.24276849999998, 5.4887734], [95.24286939999999, 5.4885444], [95.2429495, 5.4883544], [95.2429574, 5.4883251], [95.2429669, 5.4882295999999995], [95.24296859999998, 5.488174], [95.24295899999998, 5.488033699999999], [95.2429379, 5.4879776], [95.242496, 5.487270299999999], [95.2419079, 5.4863701], [95.24160219999999, 5.485879799999999], [95.2412364, 5.485290999999998], [95.24084859999999, 5.484653300000001], [95.24056887651231, 5.484241221275902]]}}, {"type": "Feature", "properties": {"layer": "osm_road", "stroke": "#999999"}, "geometry": {"type": "LineString", "coordinates": [[95.24056887651231, 5.490476082146149], [95.2406592, 5.490472399999999], [95.2412691, 5.4904244], [95.2414629, 5.490400200000001], [95.24165469999998, 5.490358199999999]]}}, {"type": "Feature", "properties": {"layer": "osm_road", "stroke": "#999999"}, "geometry": {"type": "LineString", "coordinates": [[95.24056887651231, 5.492876642522788], [95.24059069999998, 5.4928722], [95.24064659999999, 5.493655800000001]]}}, {"type": "Feature", "properties": {"layer": "osm_road", "stroke": "#999999"}, "geometry": {"type": "LineString", "coordinates": [[95.31481119999998, 5.494402599999999], [95.3146851, 5.4943639]]}}, {"type": "Feature", "properties": {"layer": "osm_road", "stroke": "#999999"}, "geometry": {"type": "LineString", "coordinates": [[95.3127445, 5.493955399999999], [95.3127184, 5.4939712], [95.3126661, 5.4941794], [95.3125924, 5.494536499999999], [95.312594, 5.4945624]]}}, {"type": "Feature", "properties": {"layer": "osm_road", "stroke": "#999999"}, "geometry": {"type": "LineString", "coordinates": [[95.3146851, 5.4943639], [95.3146462, 5.494394599999999], [95.31456699999998, 5.4948033999999994], [95.3145161, 5.495027599999999]]}}, {"type": "Feature", "properties": {"layer": "osm_road", "stroke": "#999999"}, "geometry": {"type": "LineString", "coordinates": [[95.312594, 5.4945624], [95.3126072, 5.4945816], [95.3127194, 5.4946081], [95.3131388, 5.494707000000001], [95.3139099, 5.4948995], [95.3145161, 5.495027599999999], [95.3146462, 5.4950754]]}}, {"type": "Feature", "properties": {"layer": "osm_road", "stroke": "#999999"}, "geometry": {"type": "LineString", "coordinates": [[95.3146462, 5.4950754], [95.3146462, 5.495127499999999], [95.3146288, 5.495251599999999], [95.3146409, 5.495298399999999], [95.3146891, 5.4953224], [95.3155635, 5.495516], [95.3159163, 5.495601399999999]]}}, {"type": "Feature", "properties": {"layer": "osm_road", "stroke": "#999999"}, "geometry": {"type": "LineString", "coordinates": [[95.347308270203, 5.50008673722183], [95.3470995, 5.498818], [95.3470948, 5.4987512], [95.3471027, 5.498682699999999], [95.347137, 5.498578499999999], [95.3476623, 5.4973993], [95.3481829, 5.4962591000000005], [95.3493529, 5.4936372], [95.349907, 5.492363799999999], [95.3499504, 5.492264699999999], [95.34996829999999, 5.4921458], [95.3500551, 5.4911554], [95.350338, 5.487383599999999], [95.3503393, 5.4872646], [95.35030699999999, 5.4870757999999995], [95.350256, 5.486881300000001], [95.35020110000002, 5.486722800000001], [95.35004939999999, 5.4863379], [95.3499148, 5.485967199999999], [95.3499005, 5.485925199999999], [95.34980149999998, 5.485670699999999], [95.3497307, 5.4854788999999995], [95.3496554, 5.4852546], [95.34959159999998, 5.4850347], [95.34953069999999, 5.484810000000001], [95.34939479999998, 5.4840274], [95.34900159999998, 5.482103800000001], [95.3489106, 5.4815604], [95.34887839999999, 5.4813594000000005], [95.34887029999999, 5.481232899999999], [95.34888159999998, 5.4811144], [95.3489437, 5.480677599999999], [95.3490275, 5.480076900000001], [95.3490403, 5.479956799999999], [95.3490449, 5.4797886], [95.34901809999998, 5.4792012], [95.3489698, 5.478719299999999], [95.34890009999998, 5.4777567], [95.34890139999999, 5.4774137], [95.34892159999998, 5.4769518], [95.34895779999998, 5.4762414999999995], [95.3490114, 5.4750013], [95.34908159999999, 5.4735469], [95.3491303, 5.472606799999999], [95.34914009999999, 5.4723856], [95.34914780000001, 5.472274999999999], [95.34917379999999, 5.4721479], [95.3492228, 5.4720278], [95.34930309999999, 5.471899299999999], [95.34943249999999, 5.471752199999999], [95.3495293, 5.471701599999999]]}}, {"type": "Feature", "properties": {"layer": "osm_road", "stroke": "#999999"}, "geometry": {"type": "LineString", "coordinates": [[95.3617976, 5.4924096], [95.3617604, 5.492423699999999], [95.36169699999999, 5.492429199999999], [95.36156459999998, 5.492415], [95.3615208, 5.4924194], [95.36149349999998, 5.492434599999999], [95.3614683, 5.492461799999999], [95.36145739999999, 5.4925021], [95.3614327, 5.492751099999999], [95.3614251, 5.492767799999999], [95.3614061, 5.4927878], [95.3613726, 5.4928032], [95.3613289, 5.4928092], [95.3611742, 5.492800699999999], [95.3610242, 5.492808099999999], [95.3608715, 5.4928309], [95.3607641, 5.492861999999999], [95.3606844, 5.4928939], [95.36036609999998, 5.4930838999999985], [95.3602004, 5.4931475999999995], [95.36016809999998, 5.4931671], [95.3601557, 5.493178299999999], [95.36014729999998, 5.493195899999998], [95.360091, 5.493410600000001], [95.3600485, 5.493550700000001], [95.3600336, 5.493571], [95.3600135, 5.4935888], [95.3599954, 5.4935981], [95.3599485, 5.493609800000001], [95.3599205, 5.4936106], [95.3592308, 5.4936053000000005], [95.35921649999999, 5.4936074], [95.3591901, 5.4936198], [95.35918379999998, 5.493630399999999], [95.35918069999998, 5.493643799999999], [95.35918149999999, 5.493658099999998], [95.3592008, 5.493803299999999], [95.3592286, 5.494116], [95.3592298, 5.4942082], [95.3592138, 5.494314799999999], [95.35919309999998, 5.494414399999998], [95.3592002, 5.494503099999999], [95.35921719999999, 5.4945786], [95.3592486, 5.494806299999999], [95.35923459999998, 5.4948446], [95.35920439999998, 5.49488], [95.35917779999998, 5.494893299999999], [95.35915419999999, 5.4948996], [95.35879499999999, 5.4949584], [95.35875839999999, 5.494961699999999], [95.3587413, 5.494970899999999], [95.358727, 5.494982899999998], [95.3587171, 5.4950074], [95.3586996, 5.495196], [95.3586821, 5.495346200000001], [95.35867359999999, 5.495372799999999], [95.3586642, 5.4953894], [95.35864489999999, 5.4954073], [95.3586223, 5.4954174], [95.358542, 5.495424299999999], [95.35851849999999, 5.495429999999999], [95.3585031, 5.495446], [95.3584937, 5.495464]]}}, {"type": "Feature", "properties": {"layer": "osm_road", "stroke": "#999999"}, "geometry": {"type": "LineString", "coordinates": [[95.3338901, 5.4965462], [95.333924, 5.4965376], [95.3339501, 5.4965329], [95.3342244, 5.496526899999998], [95.3344632, 5.496550399999999], [95.33465019999998, 5.4966207], [95.33484269999998, 5.4967028], [95.3349639, 5.4967651], [95.3350162, 5.496807700000001], [95.3350499, 5.4968351]]}}, {"type": "Feature", "properties": {"layer": "osm_road", "stroke": "#999999"}, "geometry": {"type": "LineString", "coordinates": [[95.34129642609534, 5.50008673722183], [95.3412822, 5.499975999999999], [95.3412663, 5.499908199999998], [95.3412571, 5.4998688], [95.34115879999999, 5.499683], [95.34111899999999, 5.4995793], [95.34098909999999, 5.4991619], [95.34091249999999, 5.498882300000001], [95.3408693, 5.498687099999999], [95.34079609999999, 5.4982249], [95.34076729999998, 5.4980379], [95.3407012, 5.4977159], [95.34037439999999, 5.4977355999999995], [95.34027789999999, 5.4977323], [95.3401742, 5.497714299999999], [95.33991549999999, 5.497695199999999], [95.33974289999999, 5.4976955], [95.33963630000001, 5.497685999999999], [95.3393425, 5.4976146], [95.3391485, 5.497597399999999], [95.3388979, 5.4975978], [95.3386341, 5.4976131], [95.3383713, 5.4976129], [95.33826629999999, 5.497608299999999], [95.3381379, 5.4975773], [95.33804859999998, 5.497527799999999], [95.3379481, 5.4970711], [95.3379834, 5.4969913], [95.3380194, 5.4968895], [95.3380304, 5.4968124], [95.33802909999999, 5.4965455], [95.3380111, 5.496394099999999], [95.3379734, 5.496141099999999], [95.3379637, 5.496092599999998], [95.33788289999998, 5.495687500000001], [95.3378772, 5.495645200000001], [95.3378745, 5.4955658], [95.3379119, 5.495554800000001], [95.3379507, 5.495535399999999], [95.33799569999998, 5.4955224], [95.33812599999999, 5.4955125], [95.33819589999999, 5.495490099999999], [95.3382485, 5.495453299999999], [95.33829959999998, 5.4953956], [95.33835459999999, 5.4953135], [95.33839149999999, 5.495245299999999], [95.33841449999998, 5.495147], [95.3384292, 5.495031699999999], [95.3384406, 5.4948676], [95.3384368, 5.4947441999999995], [95.338422, 5.494637399999999], [95.3383815, 5.494511799999998], [95.3383631, 5.494469799999999], [95.33834110000001, 5.494427299999999], [95.3382485, 5.4943283], [95.33805639999999, 5.4941549], [95.3379762, 5.494090199999999], [95.3377783, 5.4939739], [95.33773809999998, 5.493941100000001], [95.3376684, 5.4938534], [95.3374081, 5.493526299999999], [95.33731989999998, 5.4934355], [95.33721319999998, 5.4933213], [95.33708939999998, 5.4931589999999995], [95.3370487, 5.4931149], [95.3369215, 5.4930116999999985], [95.33673009999998, 5.4928723999999995], [95.33643769999999, 5.492670499999999], [95.3362, 5.492472399999999], [95.33611979999999, 5.492374699999999], [95.3360742, 5.492276900000001], [95.33606169999999, 5.4922576], [95.33599539999999, 5.492109100000001], [95.33587189999999, 5.491912399999999], [95.33565129999998, 5.491474799999999], [95.33562909999999, 5.4914445], [95.3355185, 5.4913496], [95.33548119999999, 5.4912931], [95.3354273, 5.491149999999999], [95.33538159999999, 5.491061999999999], [95.335246, 5.4908285999999995], [95.3351925, 5.490700899999999], [95.3351134, 5.4905119000000004]]}}, {"type": "Feature", "properties": {"layer": "osm_road", "stroke": "#999999"}, "geometry": {"type": "LineString", "coordinates": [[95.33363229999999, 5.493991199999999], [95.3339269, 5.4939225], [95.3339894, 5.493896799999999], [95.3340722, 5.4938763999999995], [95.3344217, 5.4938579], [95.3344839, 5.493839999999999], [95.3345798, 5.493784300000001], [95.3346153, 5.493767600000001], [95.33468579999999, 5.493750499999998], [95.3353272, 5.493656999999998], [95.33574319999998, 5.4936006], [95.33590169999998, 5.493572199999998], [95.336028, 5.4935496], [95.3362547, 5.4935001], [95.33662549999998, 5.4933898], [95.3368809, 5.4932827], [95.33698049999998, 5.493232599999999], [95.33708939999998, 5.4931589999999995]]}}, {"type": "Feature", "properties": {"layer": "osm_road", "stroke": "#999999"}, "geometry": {"type": "LineString", "coordinates": [[95.3450538, 5.4923801], [95.34496859999999, 5.4920569], [95.34481109999999, 5.4914855], [95.3447601, 5.4912826], [95.344618, 5.4909542], [95.3445268, 5.490716600000001], [95.34449319999999, 5.490603099999999], [95.34448119999999, 5.4905097], [95.3444584, 5.490103799999999]]}}, {"type": "Feature", "properties": {"layer": "osm_road", "stroke": "#999999"}, "geometry": {"type": "LineString", "coordinates": [[95.3409809, 5.4974859], [95.34097749999998, 5.497374200000001], [95.34096289999998, 5.497263899999999], [95.34095360000002, 5.497114600000001], [95.3409577, 5.496972299999999], [95.3409583, 5.496856899999999], [95.3409587, 5.4967804000000005], [95.3409765, 5.4966292999999995], [95.34099359999999, 5.496484299999999], [95.3409994, 5.496434800000001], [95.34100759999998, 5.496314799999999], [95.34100229999999, 5.4962276], [95.34098699999998, 5.4960936], [95.3409834, 5.4959850999999995], [95.341061, 5.4959235], [95.3412225, 5.495913899999999], [95.34145710000001, 5.4958892], [95.3416793, 5.495838499999999], [95.34205590000002, 5.4957803], [95.34237799999998, 5.4956509], [95.34261419999999, 5.495577399999999], [95.34302099999998, 5.495456299999999], [95.3433041, 5.495374099999999], [95.3434387, 5.495343499999999], [95.34350269999999, 5.495324099999999], [95.3437195, 5.495304699999999]]}}, {"type": "Feature", "properties": {"layer": "osm_road", "stroke": "#999999"}, "geometry": {"type": "LineString", "coordinates": [[95.3424352, 5.495286499999999], [95.3429499, 5.495121800000001], [95.34362519999999, 5.4949628]]}}, {"type": "Feature", "properties": {"layer": "osm_road", "stroke": "#999999"}, "geometry": {"type": "LineString", "coordinates": [[95.342904, 5.4929312999999995], [95.3428665, 5.4925654999999995], [95.34284769999998, 5.4925268], [95.34282889999999, 5.4925081], [95.34279059999999, 5.4925156], [95.342314, 5.4925744], [95.3421189, 5.492571699999999]]}}, {"type": "Feature", "properties": {"layer": "osm_road", "stroke": "#999999"}, "geometry": {"type": "LineString", "coordinates": [[95.34302099999998, 5.495456299999999], [95.3429499, 5.495121800000001], [95.3429044, 5.4949867999999995], [95.34289199999999, 5.494969099999999], [95.3428163, 5.4949097], [95.3427821, 5.494855299999999], [95.34276359999998, 5.494799799999998], [95.3427049, 5.4945507], [95.3426954, 5.4944944], [95.34268439999998, 5.4944291000000005], [95.34261, 5.494183099999998], [95.3426076, 5.4941567], [95.3426088, 5.4941372], [95.34261439999999, 5.494118699999999], [95.3426283, 5.4940927], [95.34268749999998, 5.4940164], [95.34271210000001, 5.493978], [95.3427187, 5.4939522], [95.34271919999999, 5.4939379], [95.3427158, 5.493921499999999], [95.3426355, 5.493794699999999], [95.34259640000002, 5.493757799999999], [95.34255439999998, 5.493734400000001], [95.34248899999999, 5.493708], [95.34240819999998, 5.493708999999999], [95.34233919999998, 5.493689899999999], [95.3423066, 5.493649099999999], [95.34228979999999, 5.493579099999999], [95.3422827, 5.493540099999999], [95.3422823, 5.4933828], [95.3422651, 5.493193], [95.34225520000001, 5.493144900000001], [95.3422498, 5.4931380999999995], [95.34222299999999, 5.493121200000001], [95.3420764, 5.4930883999999995], [95.34201779999998, 5.4930631], [95.3419875, 5.4930349], [95.34197579999999, 5.493017399999999], [95.34196759999999, 5.4929772], [95.34197109999998, 5.4929534], [95.3421028, 5.4926333], [95.3421189, 5.492571699999999], [95.34212379999998, 5.4925297], [95.34209879999999, 5.4920709]]}}, {"type": "Feature", "properties": {"layer": "osm_road", "stroke": "#999999"}, "geometry": {"type": "LineString", "coordinates": [[95.33662549999998, 5.4933898], [95.3366718, 5.4936358], [95.33682959999999, 5.4941344999999995], [95.33686279999999, 5.4943217], [95.3368657, 5.494459099999999], [95.3368649, 5.4945077], [95.33686169999999, 5.494526999999999], [95.33685559999999, 5.494545199999999], [95.3367805, 5.494705400000001], [95.3367611, 5.4947678], [95.33673959999999, 5.4949104], [95.33675909999998, 5.494966399999999], [95.33684020000001, 5.495038499999999], [95.33685629999998, 5.4950624999999995], [95.3368779, 5.495417], [95.3368878, 5.4956465], [95.3368972, 5.4956799], [95.33692269999999, 5.4956966000000005], [95.33698839999998, 5.4956986], [95.33740349999998, 5.4956771999999985], [95.3374203, 5.4956709], [95.3374303, 5.4956586], [95.337441, 5.4956332], [95.3374571, 5.495612499999998], [95.3374739, 5.495603199999999]]}}, {"type": "Feature", "properties": {"layer": "osm_road", "stroke": "#999999"}, "geometry": {"type": "LineString", "coordinates": [[95.3360742, 5.492276900000001], [95.3365258, 5.4919419], [95.33656869999999, 5.491902], [95.33664979999999, 5.4918043], [95.33666689999998, 5.4917892], [95.33675689999998, 5.4917389], [95.3370865, 5.491570699999999]]}}, {"type": "Feature", "properties": {"layer": "osm_road", "stroke": "#999999"}, "geometry": {"type": "LineString", "coordinates": [[95.3381656, 5.4886262], [95.3381679, 5.4886237], [95.3382483, 5.4885729], [95.3385816, 5.4884026], [95.3388781, 5.488193], [95.33911809999998, 5.488060899999999], [95.3392817, 5.4879552], [95.3392943, 5.487942399999999], [95.3392983, 5.487925499999999], [95.33931389999998, 5.487760299999998], [95.3393313, 5.487736999999999], [95.3393447, 5.487727199999999], [95.33968339999998, 5.4875723], [95.3396876, 5.487566199999999], [95.3396901, 5.4875594], [95.3396894, 5.4875471000000005], [95.3396297, 5.487389399999999], [95.3396163, 5.487339999999999], [95.33992269999999, 5.4871785], [95.34003, 5.4871371], [95.3401159, 5.487114199999999], [95.3403311, 5.4871022], [95.3404532, 5.487103499999999], [95.34053299999998, 5.487097000000001], [95.3410412, 5.4869676], [95.34109289999999, 5.486967399999998], [95.3411203, 5.4869729], [95.3411397, 5.4869889], [95.34114989999999, 5.4870094], [95.34116799999998, 5.487092199999999], [95.34120009999998, 5.487205799999999], [95.34120819999998, 5.487218999999999], [95.34122569999998, 5.487232499999999], [95.3412464, 5.487240999999999], [95.34127589999999, 5.4872426], [95.3414073, 5.487222499999999], [95.34168629999999, 5.4870962], [95.34170109999998, 5.4870802], [95.34170439999998, 5.487057], [95.3416675, 5.486858600000001], [95.3416749, 5.4868385], [95.3416883, 5.4868280999999985], [95.3418617, 5.486789299999999], [95.3418808, 5.4867887], [95.3418979, 5.4867948], [95.3419277, 5.486811399999999], [95.3419636, 5.486823199999999], [95.34200139999999, 5.486825800000001], [95.3420735, 5.486825100000001], [95.34223139999999, 5.4868197], [95.3422592, 5.486815899999999], [95.3422777, 5.4868591], [95.34238769999999, 5.487231899999999], [95.34240550000001, 5.4872654], [95.34242819999999, 5.48729], [95.34246549999999, 5.4873107], [95.3425299, 5.487312500000001], [95.3425889, 5.487305499999998], [95.342709, 5.487240399999999], [95.3433881, 5.4870703999999995], [95.34380249999998, 5.486939499999999], [95.3440185, 5.4868301], [95.3443779, 5.4865898], [95.34478469999999, 5.486322899999999], [95.34503139999998, 5.4860923]]}}, {"type": "Feature", "properties": {"layer": "osm_road", "stroke": "#999999"}, "geometry": {"type": "LineString", "coordinates": [[95.34071029999998, 5.4922438], [95.3407246, 5.492237299999999], [95.34082169999999, 5.492200899999999], [95.3409146, 5.4921824], [95.3411834, 5.4921707], [95.3413417, 5.492150299999998], [95.3416829, 5.4920861], [95.34179229999998, 5.492074399999999], [95.3419644, 5.492079299999999], [95.34209879999999, 5.4920709], [95.34215789999999, 5.492042299999998], [95.34220189999999, 5.492013100000001], [95.34224489999998, 5.491963499999999], [95.3422693, 5.4919178], [95.3423035, 5.491880799999999], [95.3423837, 5.4918515999999995], [95.3424794, 5.491822699999999], [95.34251019999999, 5.4918134], [95.34267529999998, 5.4917989], [95.342695, 5.4918049], [95.34270779999999, 5.491814799999999], [95.3427597, 5.4918966], [95.34279349999998, 5.491910399999999], [95.34282809999999, 5.4919303], [95.3428737, 5.492027299999999], [95.3429131, 5.492058999999999], [95.3429746, 5.4920838], [95.3432283, 5.4921649], [95.3432594, 5.492189700000001], [95.34329779999999, 5.492228199999999], [95.34331489999998, 5.4922378], [95.3433333, 5.492243899999999], [95.34340039999998, 5.4922516], [95.3435621, 5.492231], [95.34371689999999, 5.492215899999998], [95.34373429999998, 5.492203399999999], [95.34378309999998, 5.492119399999999]]}}, {"type": "Feature", "properties": {"layer": "osm_road", "stroke": "#999999"}, "geometry": {"type": "LineString", "coordinates": [[95.3429255, 5.489398799999999], [95.3429081, 5.4893589], [95.34287179999998, 5.4893189], [95.34279139999998, 5.4893322], [95.34255529999999, 5.4894097], [95.3424574, 5.489424400000001], [95.34190789999998, 5.4893795999999995], [95.34164329999999, 5.4893919], [95.3415079, 5.489350499999999], [95.34134299999998, 5.489116], [95.3412156, 5.4888236], [95.34117669999999, 5.4886127], [95.3411673, 5.488544599999999], [95.34116860000002, 5.4885159], [95.34118469999999, 5.4884872], [95.34130809999999, 5.488403099999998], [95.34133359999998, 5.488370399999999], [95.3413537, 5.488332999999999], [95.34138319999998, 5.4883037], [95.3414194, 5.4882823], [95.3414677, 5.4882683], [95.3415361, 5.488263599999998], [95.3415602, 5.4882556], [95.3415804, 5.4882382], [95.3416139, 5.4881548], [95.34162459999999, 5.4881375], [95.3416421, 5.4881253999999995], [95.3418641, 5.488075499999999], [95.34267969999999, 5.4878922999999995]]}}, {"type": "Feature", "properties": {"layer": "osm_road", "stroke": "#999999"}, "geometry": {"type": "LineString", "coordinates": [[95.3575593, 5.496609499999998], [95.35761859999998, 5.4966074], [95.35763509999998, 5.496605599999999], [95.35766019999998, 5.496582299999999], [95.3576951, 5.4965199], [95.3577229, 5.4964879], [95.35782379999999, 5.4964168], [95.3578966, 5.4963781], [95.35804669999999, 5.496340200000001], [95.35826499999999, 5.4963193], [95.35845219999999, 5.496311899999999], [95.35848899999999, 5.496296600000001], [95.3585078, 5.4962773], [95.35851289999998, 5.496259900000001], [95.35851949999999, 5.4962016], [95.35848079999998, 5.495883]]}}, {"type": "Feature", "properties": {"layer": "osm_road", "stroke": "#999999"}, "geometry": {"type": "LineString", "coordinates": [[95.36633301628903, 5.470197893130078], [95.3662983, 5.470366199999999], [95.3662688, 5.470502399999999], [95.366254, 5.4705268], [95.36622449999999, 5.4705531], [95.3661212, 5.470607899999999], [95.3661061, 5.4706316], [95.36609739999999, 5.4706623], [95.3660998, 5.4707214]]}}, {"type": "Feature", "properties": {"layer": "osm_road", "stroke": "#999999"}, "geometry": {"type": "LineString", "coordinates": [[95.36633301628903, 5.4745127884848515], [95.36612089999998, 5.474535700000001], [95.36602599999999, 5.4745434], [95.3656332, 5.4745652], [95.3654668, 5.474571499999999], [95.36514419999999, 5.474576799999999], [95.36501619999999, 5.474590799999999], [95.36475, 5.474629500000001], [95.3645696, 5.474684299999999], [95.36448239999999, 5.474721], [95.3644695, 5.474738], [95.36446090000001, 5.4747557], [95.36445629999999, 5.4747829], [95.3644564, 5.4748029], [95.36446039999998, 5.4748228], [95.3644772, 5.474858], [95.3646648, 5.475284399999999], [95.3646963, 5.4753354], [95.36473449999998, 5.4753805], [95.364823, 5.475449899999999], [95.36498459999999, 5.475547999999999], [95.36505339999998, 5.475597699999999], [95.36510999999999, 5.4756465], [95.36523879999999, 5.4757636], [95.36553649999999, 5.4759412]]}}, {"type": "Feature", "properties": {"layer": "osm_road", "stroke": "#999999"}, "geometry": {"type": "LineString", "coordinates": [[95.3557478, 5.497351299999999], [95.3558001, 5.4972271], [95.35581479999999, 5.497086899999999], [95.3558044, 5.4969345999999994], [95.3558067, 5.496723599999999]]}}, {"type": "Feature", "properties": {"layer": "osm_road", "stroke": "#999999"}, "geometry": {"type": "LineString", "coordinates": [[95.24426019999999, 5.4655784999999995], [95.2440871, 5.4656189999999985], [95.2440593, 5.4656457000000005], [95.24403509999999, 5.465684399999999], [95.24388310000002, 5.466099599999999], [95.24375919999999, 5.466438199999998], [95.24371830000001, 5.466547499999999], [95.2433524, 5.467497999999999], [95.24319889999998, 5.4679043], [95.2431332, 5.4681209], [95.24310379999999, 5.4682963], [95.2430994, 5.468445099999999], [95.243194, 5.469278400000001]]}}, {"type": "Feature", "properties": {"layer": "osm_road", "stroke": "#999999"}, "geometry": {"type": "LineString", "coordinates": [[95.2446912, 5.4660879], [95.2449406, 5.4661816], [95.2455127, 5.466423599999999], [95.2460704, 5.4666762], [95.24646500000001, 5.4668263], [95.2469386, 5.466982], [95.2469767, 5.4670072], [95.2469895, 5.4670701], [95.24691459999998, 5.467302], [95.2468025, 5.467830400000001], [95.24678039999999, 5.467874500000001], [95.24675819999999, 5.4678925000000005], [95.24671529999999, 5.4678984999999996], [95.24621619999999, 5.4677568], [95.2454809, 5.467597799999999], [95.2453652, 5.4675690999999995], [95.24500329999998, 5.4674755], [95.2447561, 5.467423499999999], [95.2446417, 5.467392499999998], [95.24450259999999, 5.467356100000001]]}}, {"type": "Feature", "properties": {"layer": "osm_road", "stroke": "#999999"}, "geometry": {"type": "LineString", "coordinates": [[95.24482149999999, 5.4629402], [95.24580249999998, 5.4628785]]}}, {"type": "Feature", "properties": {"layer": "osm_road", "stroke": "#999999"}, "geometry": {"type": "LineString", "coordinates": [[95.2455127, 5.466423599999999], [95.2454074, 5.466800299999999]]}}, {"type": "Feature", "properties": {"layer": "osm_road", "stroke": "#999999"}, "geometry": {"type": "LineString", "coordinates": [[95.2456768, 5.466864799999999], [95.2456642, 5.466911699999999]]}}, {"type": "Feature", "properties": {"layer": "osm_road", "stroke": "#999999"}, "geometry": {"type": "LineString", "coordinates": [[95.2461696, 5.4681482], [95.2453072, 5.4679362], [95.24528399999998, 5.4679232], [95.24527699999999, 5.467899199999999], [95.2453652, 5.4675690999999995]]}}, {"type": "Feature", "properties": {"layer": "osm_road", "stroke": "#999999"}, "geometry": {"type": "LineString", "coordinates": [[95.24646500000001, 5.4668263], [95.24641219999998, 5.4670235], [95.2463676, 5.467173799999999], [95.24621619999999, 5.4677568]]}}, {"type": "Feature", "properties": {"layer": "osm_road", "stroke": "#999999"}, "geometry": {"type": "LineString", "coordinates": [[95.2431332, 5.4681209], [95.24298739999999, 5.4680987], [95.2427279, 5.4681022], [95.24263339999999, 5.468121000000001], [95.2425706, 5.4681395], [95.2424846, 5.4681892], [95.2422917, 5.4683464], [95.24203479999998, 5.4686638], [95.2417041, 5.4691341], [95.2412238, 5.469941699999999], [95.2411002, 5.470046], [95.2405984, 5.4704541], [95.24056887651231, 5.4704797569429955]]}}, {"type": "Feature", "properties": {"layer": "osm_road", "stroke": "#999999"}, "geometry": {"type": "LineString", "coordinates": [[95.2444049, 5.4666428], [95.24479610000002, 5.466724599999999], [95.24515879999998, 5.4668063], [95.2456642, 5.466911699999999]]}}, {"type": "Feature", "properties": {"layer": "osm_road", "stroke": "#999999"}, "geometry": {"type": "LineString", "coordinates": [[95.2446417, 5.467392499999998], [95.24479610000002, 5.466724599999999]]}}, {"type": "Feature", "properties": {"layer": "osm_road", "stroke": "#999999"}, "geometry": {"type": "LineString", "coordinates": [[95.24515879999998, 5.4668063], [95.24510769999999, 5.4670231], [95.245052, 5.4672592], [95.24500329999998, 5.4674755], [95.24491519999998, 5.467868499999999], [95.24490349999999, 5.4678794], [95.2448905, 5.4678816], [95.24470650000002, 5.467838899999999], [95.24468659999998, 5.467830099999998], [95.2446748, 5.467809699999999], [95.2446762, 5.4677737], [95.2447561, 5.467423499999999]]}}, {"type": "Feature", "properties": {"layer": "osm_road", "stroke": "#999999"}, "geometry": {"type": "LineString", "coordinates": [[95.2456768, 5.466864799999999], [95.2454074, 5.466800299999999], [95.24517469999999, 5.466754099999999], [95.2448089, 5.4666765], [95.24439100000001, 5.4665773]]}}, {"type": "Feature", "properties": {"layer": "osm_road", "stroke": "#999999"}, "geometry": {"type": "LineString", "coordinates": [[95.24467150000001, 5.461903699999999], [95.24472039999999, 5.462106599999999], [95.244776, 5.462126699999999], [95.244786, 5.4621913], [95.24481319999998, 5.462707199999999], [95.2448175, 5.462799300000001], [95.24482149999999, 5.4629402], [95.2448005, 5.4632568], [95.24479549999998, 5.463573199999999], [95.2447658, 5.463735099999999], [95.2443999, 5.4647913], [95.24438179999999, 5.464822599999999], [95.24435919999999, 5.4648389], [95.244322, 5.464842], [95.2442526, 5.4648281999999995]]}}, {"type": "Feature", "properties": {"layer": "osm_road", "stroke": "#999999"}, "geometry": {"type": "LineString", "coordinates": [[95.2770337, 5.3767111000000005], [95.2769683, 5.377261399999999], [95.2769413, 5.3773984], [95.2769012, 5.3775523], [95.27676279999999, 5.3780775], [95.27674459999999, 5.378114899999999], [95.2767334, 5.378124400000001], [95.27672319999999, 5.3781292999999994], [95.2767078, 5.3781316], [95.2766934, 5.378131499999999], [95.2763417, 5.3780548999999995], [95.2760017, 5.377974399999999], [95.2759923, 5.377968399999999], [95.2759876, 5.377960999999999], [95.2759859, 5.3779518], [95.2759869, 5.377942699999998], [95.27619679999998, 5.377107800000001], [95.27632559999999, 5.376691599999999]]}}, {"type": "Feature", "properties": {"layer": "osm_road", "stroke": "#999999"}, "geometry": {"type": "LineString", "coordinates": [[95.27589769999999, 5.376026699999999], [95.2759299, 5.3761002], [95.276004, 5.3761684999999995], [95.27609119999998, 5.3762199], [95.27614120000001, 5.376240999999999], [95.2761801, 5.376251], [95.27633090000002, 5.3762537], [95.2763678, 5.376252299999998], [95.27640789999998, 5.3762458], [95.27643819999999, 5.376233899999999], [95.2764476, 5.376221799999999], [95.276456, 5.3762032], [95.27645569999999, 5.3761375], [95.27628399999999, 5.3754539]]}}, {"type": "Feature", "properties": {"layer": "osm_road", "stroke": "#999999"}, "geometry": {"type": "LineString", "coordinates": [[95.2759728, 5.376731699999999], [95.275655, 5.3771626999999995], [95.2755967, 5.377260699999998], [95.27556229999999, 5.3773226], [95.27550349999999, 5.3775034], [95.2753908, 5.3778666], [95.2753653, 5.3778826], [95.2753358, 5.3778886], [95.27530149999998, 5.3778837], [95.2750193, 5.377810500000001], [95.2749928, 5.3777991], [95.2749771, 5.3777838], [95.27496999999998, 5.3777608], [95.27497099999998, 5.3777344], [95.27508510000001, 5.3772631], [95.27512129999998, 5.377163199999999], [95.27518969999998, 5.3770417], [95.27539749999998, 5.3767223], [95.2755974, 5.3764579999999995], [95.27589769999999, 5.376026699999999]]}}, {"type": "Feature", "properties": {"layer": "osm_road", "stroke": "#999999"}, "geometry": {"type": "LineString", "coordinates": [[95.2681629, 5.3847361], [95.26831179999999, 5.384582599999999]]}}, {"type": "Feature", "properties": {"layer": "osm_road", "stroke": "#999999"}, "geometry": {"type": "LineString", "coordinates": [[95.27633090000002, 5.3762537], [95.27632559999999, 5.376691599999999]]}}, {"type": "Feature", "properties": {"layer": "osm_road", "stroke": "#999999"}, "geometry": {"type": "LineString", "coordinates": [[95.27660059999998, 5.376715999999999], [95.27658209999998, 5.377158799999999], [95.2763417, 5.3780548999999995]]}}, {"type": "Feature", "properties": {"layer": "osm_road", "stroke": "#999999"}, "geometry": {"type": "LineString", "coordinates": [[95.27609929999998, 5.375483400000001], [95.27600578447243, 5.3748885390383565]]}}, {"type": "Feature", "properties": {"layer": "osm_road", "stroke": "#999999"}, "geometry": {"type": "LineString", "coordinates": [[95.27701229999998, 5.3753298], [95.2769284, 5.374898399999999], [95.27692374539951, 5.3748885390383565]]}}, {"type": "Feature", "properties": {"layer": "osm_road", "stroke": "#999999"}, "geometry": {"type": "LineString", "coordinates": [[95.26023759999998, 5.3860338], [95.26038319999999, 5.386081999999999], [95.2604663, 5.3860966999999995], [95.2605469, 5.386092699999999], [95.26070439999998, 5.386053999999999], [95.26156879999999, 5.3857749], [95.2617538, 5.3857015], [95.26196029999998, 5.385624099999999], [95.2620622, 5.385591999999999], [95.26227139999999, 5.3855573], [95.2623519, 5.3855266], [95.2624431, 5.3854719], [95.26262419999999, 5.3853543], [95.26271269999998, 5.385314299999999], [95.2628911, 5.3852849], [95.26306669999998, 5.3852662], [95.26327460000002, 5.3852769], [95.26334170000001, 5.3852969], [95.26339259999999, 5.385326299999999], [95.26344899999998, 5.3853851], [95.26358569999998, 5.3855065], [95.2636944, 5.3856187], [95.26377479999998, 5.385674800000001], [95.2638379, 5.3857108], [95.2638929, 5.3857162], [95.26402699999998, 5.385698799999999], [95.26411949999999, 5.385677399999999], [95.26422949999998, 5.3856441], [95.26440249999999, 5.385599999999999], [95.2645084, 5.385563999999999], [95.2645983, 5.385543899999999], [95.26468679999999, 5.3855332], [95.2647954, 5.385537299999999], [95.2650905, 5.3855279], [95.2653694, 5.3855159], [95.26558269999998, 5.385502599999999], [95.2657107, 5.3855012], [95.2657717, 5.3855052], [95.2658442, 5.3855252], [95.26605199999999, 5.385611999999999], [95.2661888, 5.3856427], [95.266799, 5.385673400000001], [95.26694919999998, 5.385673400000001], [95.2670525, 5.385672099999999], [95.2671142, 5.3856588], [95.2671692, 5.385624], [95.26760500000002, 5.3852715], [95.2681629, 5.3847361]]}}, {"type": "Feature", "properties": {"layer": "osm_road", "stroke": "#999999"}, "geometry": {"type": "LineString", "coordinates": [[95.27553372385194, 5.3748885390383565], [95.2756369, 5.375551099999999]]}}, {"type": "Feature", "properties": {"layer": "osm_road", "stroke": "#999999"}, "geometry": {"type": "LineString", "coordinates": [[95.2765388, 5.375407099999999], [95.2764725107559, 5.3748885390383565]]}}, {"type": "Feature", "properties": {"layer": "osm_road", "stroke": "#999999"}, "geometry": {"type": "LineString", "coordinates": [[95.2771537, 5.376691], [95.2770337, 5.3767111000000005], [95.27660059999998, 5.376715999999999], [95.27632559999999, 5.376691599999999], [95.2759728, 5.376731699999999], [95.2758974, 5.376670899999999], [95.2755974, 5.3764579999999995]]}}, {"type": "Feature", "properties": {"layer": "osm_road", "stroke": "#999999"}, "geometry": {"type": "LineString", "coordinates": [[95.26070439999998, 5.386053999999999], [95.2608787, 5.3866949], [95.26094039999998, 5.386956600000001], [95.2609672, 5.387111499999999], [95.2609833, 5.3872717], [95.2609672, 5.3879553], [95.2609277, 5.3884293], [95.26095649999999, 5.388537399999999], [95.26114219999998, 5.3886055], [95.26163509999999, 5.3886683], [95.26194889999998, 5.388734999999999]]}}, {"type": "Feature", "properties": {"layer": "osm_road", "stroke": "#999999"}, "geometry": {"type": "LineString", "coordinates": [[95.2771162, 5.375340800000001], [95.27701229999998, 5.3753298], [95.2765388, 5.375407099999999], [95.27628399999999, 5.3754539], [95.27609929999998, 5.375483400000001], [95.27584949999999, 5.3755194], [95.2756369, 5.375551099999999], [95.27543499999999, 5.375601200000001], [95.27540889999999, 5.375614100000001], [95.27539379999999, 5.3756308], [95.27538949999999, 5.3756475], [95.27544049999999, 5.376024]]}}, {"type": "Feature", "properties": {"layer": "osm_road", "stroke": "#999999"}, "geometry": {"type": "LineString", "coordinates": [[95.26831179999999, 5.384582599999999], [95.268525, 5.3844638], [95.2690078, 5.3842568], [95.26925999999999, 5.384077899999999], [95.2695175, 5.383901599999999], [95.2696717, 5.3838254999999995], [95.2697749, 5.3837948], [95.2701035, 5.383733399999999], [95.27051249999998, 5.3836226], [95.2708371, 5.383450399999999], [95.27122330000002, 5.383232699999999], [95.2714681, 5.383147299999999], [95.2717839, 5.3830805], [95.2722131, 5.3830405], [95.2724625, 5.3830071], [95.27263420000001, 5.382981699999999], [95.27279109999999, 5.382929599999999], [95.272952, 5.382860199999998], [95.27303789999999, 5.382829499999999], [95.2731015, 5.382797499999999], [95.2731552, 5.382761400000001], [95.2731941, 5.382717999999999], [95.27340999999998, 5.3824328999999995], [95.2734315, 5.3824049], [95.27346369999998, 5.3823808], [95.27349919999999, 5.382367499999999], [95.27354, 5.3823575], [95.273805, 5.3823355], [95.27384460000002, 5.382326099999999], [95.27387399999999, 5.3823128], [95.27390419999999, 5.382290099999999], [95.27407989999999, 5.3821178], [95.27427039999999, 5.3819696], [95.27477459999999, 5.381663899999999], [95.2748618, 5.3816037], [95.27490469999998, 5.381567699999999], [95.27494489999998, 5.3815184], [95.2750924, 5.381282], [95.27516219999998, 5.381159199999999], [95.2751977, 5.3811138], [95.27524529999998, 5.3810771], [95.2754023, 5.381005599999999], [95.2755296, 5.3809469], [95.2755638, 5.3809248], [95.2755987, 5.380894799999999], [95.27564359999998, 5.380834699999999], [95.27594939999999, 5.380430099999999], [95.2763698, 5.3797805], [95.2764925, 5.3795556], [95.2768197, 5.378406000000001], [95.27702899999998, 5.377604900000001], [95.27709, 5.3773691999999995], [95.2771229, 5.377144200000001], [95.2771537, 5.376691], [95.27706249999999, 5.375943799999999], [95.2770585, 5.375587999999999], [95.2771162, 5.375340800000001], [95.277149, 5.3751421], [95.27720370000002, 5.3750356], [95.27733674560253, 5.3748885390383565]]}}, {"type": "Feature", "properties": {"layer": "osm_road", "stroke": "#999999"}, "geometry": {"type": "LineString", "coordinates": [[95.33872109999999, 5.4797799], [95.3388764, 5.4797666000000005], [95.3389733, 5.479764599999999], [95.33916099999999, 5.4797686], [95.3391851, 5.4797799], [95.3392117, 5.479798599999999], [95.33930549999998, 5.4800322999999995], [95.339325, 5.480059699999999], [95.33935079999999, 5.480060900000001], [95.3394182, 5.480027599999999], [95.3395818, 5.479941500000001], [95.33982049999999, 5.479853399999999], [95.3400432, 5.4797759], [95.34013039999999, 5.4797514]]}}, {"type": "Feature", "properties": {"layer": "osm_road", "stroke": "#999999"}, "geometry": {"type": "LineString", "coordinates": [[95.3395656, 5.4778682], [95.33972929999999, 5.4777468], [95.3397951, 5.4776892], [95.3398554, 5.477647899999998], [95.3399285, 5.4776305], [95.33995229999998, 5.4776246], [95.3399882, 5.4776332], [95.3401323, 5.4777327], [95.3401792, 5.4777524], [95.34035219999998, 5.4777694], [95.34042299999999, 5.4777707], [95.34053, 5.4777439999999995], [95.34068579999999, 5.4777260000000005], [95.34129439999998, 5.4775985]]}}, {"type": "Feature", "properties": {"layer": "osm_road", "stroke": "#999999"}, "geometry": {"type": "LineString", "coordinates": [[95.3432477, 5.473070399999999], [95.34325020000001, 5.4732695], [95.3432549, 5.4734144], [95.34326899999999, 5.4735158], [95.3433078, 5.4736273], [95.3433655, 5.4737260999999995], [95.34341559999999, 5.473787899999999], [95.3434437, 5.4738226]]}}, {"type": "Feature", "properties": {"layer": "osm_road", "stroke": "#999999"}, "geometry": {"type": "LineString", "coordinates": [[95.3374215, 5.4823489], [95.33739609999999, 5.482354400000001], [95.3369575, 5.4825005], [95.3369106, 5.4824999000000005], [95.33686639999999, 5.4824852], [95.33680669999998, 5.482445800000001], [95.3367805, 5.4824225], [95.336743, 5.482413099999998], [95.33644369999999, 5.482433499999999], [95.3362177, 5.482450799999999], [95.33605269999998, 5.4824307999999995], [95.3358981, 5.4824679], [95.3357403, 5.4825149], [95.33555249999999, 5.482578899999999], [95.3352601, 5.482669699999999], [95.33521479999999, 5.482704799999999], [95.335185, 5.482747900000001]]}}, {"type": "Feature", "properties": {"layer": "osm_road", "stroke": "#999999"}, "geometry": {"type": "LineString", "coordinates": [[95.34123469999999, 5.474237400000001], [95.34134609999998, 5.474513], [95.3414185, 5.474675899999999], [95.3416552, 5.4753184], [95.34170549999999, 5.475482199999999], [95.3418989, 5.4759779], [95.34191799999999, 5.476000899999999], [95.3419424, 5.4760143], [95.342026, 5.476029300000001], [95.34220709999998, 5.4763592999999995]]}}, {"type": "Feature", "properties": {"layer": "osm_road", "stroke": "#999999"}, "geometry": {"type": "LineString", "coordinates": [[95.34109989999999, 5.4755987], [95.34103499999999, 5.475531599999999], [95.34093630000001, 5.475458499999999], [95.34085979999999, 5.4753838], [95.34081159999998, 5.4753064], [95.34078339999999, 5.4752089], [95.34079019999999, 5.475152799999998], [95.3408465, 5.475055399999999], [95.34091079999999, 5.4749739], [95.3409765, 5.4749192], [95.34102079999998, 5.4748871], [95.3410543, 5.4748391], [95.3410664, 5.4747829999999995], [95.3410423, 5.474585499999999], [95.3410446, 5.4743718999999995]]}}, {"type": "Feature", "properties": {"layer": "osm_road", "stroke": "#999999"}, "geometry": {"type": "LineString", "coordinates": [[95.33682749999998, 5.4788361], [95.33702870000002, 5.478982899999999], [95.3371014, 5.479052399999999], [95.3371484, 5.479114599999999], [95.3372201, 5.479216600000001], [95.33735759999999, 5.4793935000000005], [95.33744409999998, 5.479585], [95.3374977, 5.479717199999999], [95.33756219999998, 5.479916199999999], [95.33758489999998, 5.4799314], [95.3376107, 5.4799354], [95.3376989, 5.4799208]]}}, {"type": "Feature", "properties": {"layer": "osm_road", "stroke": "#999999"}, "geometry": {"type": "LineString", "coordinates": [[95.332478, 5.4699446], [95.33260809999999, 5.4701902], [95.3327143, 5.4703209], [95.3332612, 5.470879099999999], [95.3343609, 5.472115299999999], [95.3348008, 5.4726306], [95.3352758, 5.473079], [95.3355384, 5.473290099999999], [95.3359249, 5.473580899999998], [95.33619309999999, 5.473807899999999], [95.33682879999999, 5.474423299999999], [95.33721809999999, 5.4747905999999995], [95.33739009999998, 5.474958599999999], [95.33745909999999, 5.475026699999999], [95.33764350000001, 5.4752249], [95.33768949999998, 5.475289900000001], [95.337726, 5.475359099999999], [95.3377754, 5.475542299999998], [95.33779309999998, 5.475643499999999], [95.33781959999999, 5.4757599], [95.33783469999999, 5.4758450000000005], [95.33787619999998, 5.4761761], [95.33789769999998, 5.476374999999999], [95.3379111, 5.4764591]]}}, {"type": "Feature", "properties": {"layer": "osm_road", "stroke": "#999999"}, "geometry": {"type": "LineString", "coordinates": [[95.3445565, 5.4819056999999995], [95.3441926, 5.481918500000001], [95.34390819999999, 5.4819344999999995], [95.34384389999998, 5.481955799999999], [95.34381429999999, 5.4819866], [95.34378349999999, 5.4820574], [95.34377279999998, 5.482136099999999], [95.3437942, 5.482245599999999], [95.3438613, 5.4824792], [95.3439997, 5.482955799999999], [95.34408109999998, 5.483205299999999]]}}, {"type": "Feature", "properties": {"layer": "osm_road", "stroke": "#999999"}, "geometry": {"type": "LineString", "coordinates": [[95.3421067, 5.471890799999999], [95.34208529999998, 5.4717738], [95.34208289999998, 5.471760599999999], [95.3420534, 5.471658500000001], [95.34203139999998, 5.471612399999999], [95.3419918, 5.471559], [95.34191429999998, 5.4714983], [95.3418861, 5.4714856], [95.34186069999998, 5.471481999999999], [95.3418043, 5.471481], [95.34159779999999, 5.4714849999999995], [95.3414762, 5.4714993], [95.34130809999999, 5.471545099999999], [95.3411096, 5.4716171000000005], [95.3408521, 5.471702600000001], [95.34068719999999, 5.4717653], [95.3404847, 5.4718374], [95.340239, 5.4719202], [95.34010509999999, 5.4719542], [95.340022, 5.471984899999999], [95.3398074, 5.472080400000001], [95.3397162, 5.472109099999999], [95.3388452, 5.472482900000001], [95.3388184, 5.472505599999999], [95.3388093, 5.4725246], [95.3388046, 5.472548599999999], [95.3388123, 5.472586300000001], [95.33896120000001, 5.472826599999999], [95.33890619999998, 5.472861400000001], [95.33859099999998, 5.4730229], [95.33856419999998, 5.473056299999999], [95.33855079999998, 5.4730923], [95.3385521, 5.4731484], [95.3386031, 5.473367299999999], [95.3386125, 5.473459399999999], [95.3386232, 5.4737171], [95.33863799999999, 5.4738279], [95.33872509999999, 5.474165599999999], [95.3387265, 5.474199], [95.3387171, 5.4742391], [95.3385682, 5.474640899999999], [95.33855679999999, 5.4746619], [95.33854709999999, 5.474672899999999], [95.3385267, 5.4746876], [95.3383912, 5.474726300000001], [95.33835629999999, 5.474741000000001], [95.3383228, 5.474771700000001], [95.3382222, 5.474905200000001], [95.33820349999999, 5.474954599999999], [95.3381994, 5.4750093], [95.3382102, 5.4750381], [95.33824239999998, 5.4750774], [95.33828789999998, 5.475110800000001], [95.33834289999999, 5.475134799999999], [95.33835769999999, 5.4751475], [95.3383751, 5.4751802000000005], [95.3385575, 5.4756754999999995], [95.33862449999998, 5.4758876999999995], [95.3387506, 5.476100000000001]]}}, {"type": "Feature", "properties": {"layer": "osm_road", "stroke": "#999999"}, "geometry": {"type": "LineString", "coordinates": [[95.337314, 5.480316599999999], [95.3377666, 5.480116399999999]]}}, {"type": "Feature", "properties": {"layer": "osm_road", "stroke": "#999999"}, "geometry": {"type": "LineString", "coordinates": [[95.34149149999999, 5.4721958], [95.34175199999999, 5.472233899999999]]}}, {"type": "Feature", "properties": {"layer": "osm_road", "stroke": "#999999"}, "geometry": {"type": "LineString", "coordinates": [[95.3441081, 5.4838048], [95.34468769999998, 5.483679999999999], [95.34472229999999, 5.483683300000001]]}}, {"type": "Feature", "properties": {"layer": "osm_road", "stroke": "#999999"}, "geometry": {"type": "LineString", "coordinates": [[95.34112769999999, 5.4723167], [95.3412826, 5.4722679], [95.3413108, 5.4722679], [95.3413289, 5.4722786], [95.3413547, 5.472304], [95.34144759999998, 5.472730499999999]]}}, {"type": "Feature", "properties": {"layer": "osm_road", "stroke": "#999999"}, "geometry": {"type": "LineString", "coordinates": [[95.3394182, 5.480027599999999], [95.3395402, 5.4804394]]}}, {"type": "Feature", "properties": {"layer": "osm_road", "stroke": "#999999"}, "geometry": {"type": "LineString", "coordinates": [[95.31507479999999, 5.484476899999999], [95.3145702, 5.483515]]}}, {"type": "Feature", "properties": {"layer": "osm_road", "stroke": "#999999"}, "geometry": {"type": "LineString", "coordinates": [[95.33625059999999, 5.483258499999999], [95.33615599999999, 5.4830569]]}}, {"type": "Feature", "properties": {"layer": "osm_road", "stroke": "#999999"}, "geometry": {"type": "LineString", "coordinates": [[95.3432172, 5.472922099999999], [95.3431344, 5.4727338], [95.34307269999998, 5.472616399999999], [95.3430043, 5.4725109], [95.34291069999999, 5.472375399999999], [95.3427495, 5.472201200000001], [95.342551, 5.4719916], [95.34249099999998, 5.4719322], [95.3424648, 5.471915499999999], [95.34242119999999, 5.4719008], [95.34235019999998, 5.4718928], [95.34220669999999, 5.4718895], [95.3421067, 5.471890799999999], [95.34205239999999, 5.471904200000001], [95.3419679, 5.4719335], [95.34192499999999, 5.4719656], [95.3418821, 5.4720056], [95.34175199999999, 5.472233899999999], [95.3416555, 5.4724595], [95.3415991, 5.472551599999999], [95.3415294, 5.472643699999999], [95.34144759999998, 5.472730499999999], [95.3413229, 5.472832], [95.34086289999999, 5.4731457], [95.3406828, 5.4732518], [95.3404525, 5.473305899999999], [95.3402121, 5.473341300000001]]}}, {"type": "Feature", "properties": {"layer": "osm_road", "stroke": "#999999"}, "geometry": {"type": "LineString", "coordinates": [[95.3396163, 5.487339999999999], [95.3394681, 5.4873885], [95.3394524, 5.4873912], [95.33943589999998, 5.4873878000000005], [95.33941979999999, 5.4873739], [95.3392549, 5.487026799999999], [95.33917969999999, 5.486902499999999], [95.3391577, 5.486870999999999], [95.33908619999998, 5.486773300000001], [95.3390007, 5.4866469], [95.33889610000001, 5.486468], [95.3387993, 5.4862033], [95.33864199999998, 5.485859999999999], [95.33850159999999, 5.4855212], [95.33849109999998, 5.4854734999999994], [95.3384895, 5.485378399999999], [95.3384942, 5.485261599999999], [95.3384898, 5.485179200000001], [95.33847, 5.4850886999999995], [95.3384157, 5.4849812], [95.3383865, 5.484936899999998], [95.338346, 5.484820999999999], [95.33833190000001, 5.484763599999999], [95.3383299, 5.484708199999999], [95.33833599999998, 5.484640799999998], [95.3383481, 5.484562], [95.33834529999999, 5.4844839], [95.33833489999999, 5.484402899999999], [95.33830809999999, 5.484329499999999], [95.3382837, 5.4842736], [95.3382631, 5.4842494], [95.3382303, 5.484234699999999], [95.3382025, 5.484229700000001], [95.338157, 5.4842322999999995], [95.3380765, 5.484246299999999], [95.33802409999998, 5.484242999999999], [95.33799399999998, 5.484235599999999], [95.3379705, 5.4842223], [95.337954, 5.4842053], [95.33794129999998, 5.4841826], [95.33790839999999, 5.484059199999999], [95.3378467, 5.483751399999998], [95.337828, 5.4836843]]}}, {"type": "Feature", "properties": {"layer": "osm_road", "stroke": "#999999"}, "geometry": {"type": "LineString", "coordinates": [[95.3406828, 5.4732518], [95.3407824, 5.473592899999999], [95.3408237, 5.473691], [95.3409567, 5.4740048], [95.34105329999998, 5.474205]]}}, {"type": "Feature", "properties": {"layer": "osm_road", "stroke": "#999999"}, "geometry": {"type": "LineString", "coordinates": [[95.33735759999999, 5.4793935000000005], [95.33749709999998, 5.479314699999999], [95.3376828, 5.479210600000001], [95.3378139, 5.479131799999999], [95.337899, 5.479056299999999], [95.33798659999998, 5.4789636]]}}, {"type": "Feature", "properties": {"layer": "osm_road", "stroke": "#999999"}, "geometry": {"type": "LineString", "coordinates": [[95.3378502, 5.4804579], [95.33756219999998, 5.4805595], [95.33731199999998, 5.4806309], [95.3372939, 5.4806317], [95.3372825, 5.480627299999999], [95.33727309999999, 5.4806159999999995], [95.33723089999998, 5.4804928]]}}, {"type": "Feature", "properties": {"layer": "osm_road", "stroke": "#999999"}, "geometry": {"type": "LineString", "coordinates": [[95.3440772, 5.4732651], [95.34425019999999, 5.4736709999999995], [95.3442451, 5.4736944], [95.34423209999999, 5.473712299999999], [95.34407449999999, 5.473873900000001], [95.3439273, 5.4739807], [95.3438117, 5.474040799999999], [95.3435877, 5.474163600000001], [95.34353569999999, 5.474199], [95.3434978, 5.4742489999999995], [95.343467, 5.474309200000001], [95.3434539, 5.474343199999999], [95.3434522, 5.474391899999999], [95.3434629, 5.474454599999999], [95.3434843, 5.4745213999999995], [95.3436024, 5.4747964], [95.34364269999999, 5.474924499999999], [95.34363489999998, 5.474977300000001], [95.3435864, 5.475119499999999], [95.3435743, 5.4751902], [95.34358629999998, 5.475285], [95.34363999999998, 5.475522700000001], [95.3437762, 5.476052199999998], [95.34383649999998, 5.4763032], [95.34383509999999, 5.476357899999999], [95.34382579999999, 5.476382], [95.34378149999999, 5.476417999999999], [95.3435307, 5.476564799999999], [95.3433068, 5.476727699999999], [95.34326919999998, 5.476741100000001], [95.3432411, 5.476741100000001], [95.3431726, 5.4766569], [95.34309149999999, 5.4765394999999994], [95.34306899999999, 5.4765279], [95.3430426, 5.4765261], [95.34283630000002, 5.476574000000001], [95.34274889999999, 5.476620299999999], [95.34271090000001, 5.476633999999999], [95.34267649999998, 5.476638299999999], [95.3426309, 5.4766289], [95.3425477, 5.4765609], [95.3425168, 5.4765248], [95.3424404, 5.476361900000001], [95.34241049999999, 5.476331], [95.34235149999999, 5.4763296], [95.34220709999998, 5.4763592999999995], [95.3421374, 5.476382], [95.34207689999998, 5.476406], [95.3419578, 5.476475200000001], [95.34181539999999, 5.476612899999999]]}}, {"type": "Feature", "properties": {"layer": "osm_road", "stroke": "#999999"}, "geometry": {"type": "LineString", "coordinates": [[95.31484910000002, 5.4869100999999985], [95.3147335, 5.4864988], [95.31458119999999, 5.486010899999999], [95.3145477, 5.4859094], [95.3145263, 5.485852], [95.31451150000001, 5.485826599999999], [95.3144874, 5.4857866], [95.31446459999998, 5.4857485], [95.31445659999999, 5.4857331], [95.3144454, 5.485711299999999], [95.3144217, 5.485661099999999], [95.31438679999998, 5.4855677], [95.31432939999999, 5.4853723], [95.31403759999999, 5.4845484]]}}, {"type": "Feature", "properties": {"layer": "osm_road", "stroke": "#999999"}, "geometry": {"type": "LineString", "coordinates": [[95.34472229999999, 5.483683300000001], [95.34475339999999, 5.483705399999999], [95.34483349999998, 5.483951600000001], [95.3448459, 5.4839804], [95.34487549999999, 5.483991099999999], [95.3450391, 5.483941700000001], [95.3450967, 5.4839256999999995], [95.34511849999998, 5.4839204]]}}, {"type": "Feature", "properties": {"layer": "osm_road", "stroke": "#999999"}, "geometry": {"type": "LineString", "coordinates": [[95.3461772, 5.4857033999999985], [95.34619709999998, 5.485557], [95.34620449999998, 5.4854822], [95.3462009, 5.4854107999999995], [95.3461686, 5.4853019], [95.3460969, 5.485187799999999], [95.34601649999999, 5.4850636], [95.34587729999998, 5.4849575999999995], [95.3457767, 5.484880199999999], [95.345723, 5.4848081], [95.34566539999999, 5.4846559], [95.34560899999998, 5.4845049999999995], [95.3454776, 5.4842246999999995], [95.3453703, 5.4839494]]}}, {"type": "Feature", "properties": {"layer": "osm_road", "stroke": "#999999"}, "geometry": {"type": "LineString", "coordinates": [[95.3193929, 5.478315499999999], [95.3193985, 5.478527], [95.3194089, 5.478689299999999], [95.319428, 5.4787979999999985], [95.3194572, 5.4789296], [95.31948429999998, 5.4790035999999995], [95.3195511, 5.479164599999999], [95.3195956, 5.4792332], [95.319645, 5.4792901], [95.31971099999998, 5.479344000000001], [95.31983839999998, 5.479466899999999], [95.32003119999999, 5.4797386999999995], [95.32029679999998, 5.4800990999999994], [95.32048479999999, 5.480411999999999], [95.32058299999998, 5.480601199999999], [95.3206176, 5.4806456], [95.32069939999998, 5.480733700000001], [95.3207798, 5.4808365], [95.3208455, 5.4809472999999995], [95.32089780000001, 5.481027399999999], [95.32095549999998, 5.481130199999998], [95.32097759999999, 5.481156899999999], [95.3210011, 5.481178299999999], [95.32103169999999, 5.4811936999999995], [95.32190609999999, 5.481506100000001], [95.3222778, 5.4816481999999995], [95.3223449, 5.4816842], [95.32242109999999, 5.4817411], [95.3226866, 5.4819867], [95.3228797, 5.4821576], [95.3229497, 5.482191499999999], [95.32292529999998, 5.4822804], [95.32290119999999, 5.4823458], [95.3227926, 5.482551399999999], [95.32277539999998, 5.482596], [95.3227673, 5.4826287], [95.32276469999998, 5.4826628], [95.32277109999998, 5.482735699999999], [95.3227926, 5.4831374], [95.3228002, 5.483179399999999], [95.32281559999998, 5.4832241], [95.3228355, 5.483265599999999], [95.3229052, 5.483373699999999], [95.3229589, 5.483483200000001], [95.3229893, 5.4835545], [95.3230201, 5.483668699999999], [95.32303389999998, 5.483703499999999], [95.32298060000001, 5.4837314], [95.3229424, 5.4837788], [95.32292219999998, 5.483822199999999], [95.32290619999999, 5.483885599999999], [95.32290679999998, 5.4839984], [95.3229267, 5.484137399999998], [95.32298439999998, 5.484492499999999], [95.32305279999999, 5.4848516], [95.3230805, 5.4849729], [95.3230879, 5.485031], [95.32309969999999, 5.485225399999999], [95.32310899999999, 5.4853214999999995], [95.32314489999999, 5.4854288], [95.3231717, 5.4854695], [95.3232401, 5.485542299999999], [95.3232904, 5.485573699999999], [95.32334129999998, 5.485597699999999], [95.32339829999998, 5.4856164], [95.3234359, 5.485636400000001], [95.32346669999998, 5.4856604], [95.32349259999998, 5.485685899999998], [95.32350429999998, 5.4857178], [95.32351139999999, 5.485753999999999], [95.3235868, 5.486022900000001], [95.32362129999999, 5.486125099999999], [95.32365779999999, 5.4862004], [95.3237001, 5.4862782], [95.3237903, 5.4863786999999995], [95.32387909999998, 5.4864628], [95.3239571, 5.486551200000001], [95.32398369999999, 5.4866333], [95.3240205, 5.486764199999998], [95.3240853, 5.487189600000001], [95.3240967, 5.4872764]]}}, {"type": "Feature", "properties": {"layer": "osm_road", "stroke": "#999999"}, "geometry": {"type": "LineString", "coordinates": [[95.31436379999998, 5.4837289], [95.31443589999999, 5.483857700000001], [95.31479200000001, 5.4845246], [95.31482029999998, 5.484560600000001], [95.31485079999999, 5.484573799999999], [95.31489129999999, 5.484568599999999], [95.31507479999999, 5.484476899999999], [95.31517569999998, 5.4844097]]}}, {"type": "Feature", "properties": {"layer": "osm_road", "stroke": "#999999"}, "geometry": {"type": "LineString", "coordinates": [[95.3371484, 5.479114599999999], [95.3372805, 5.4788695], [95.3373552, 5.478773999999999], [95.33744409999998, 5.4786738999999995], [95.3375735, 5.4785485000000005], [95.3377203, 5.4784743], [95.3382467, 5.4781055]]}}, {"type": "Feature", "properties": {"layer": "osm_road", "stroke": "#999999"}, "geometry": {"type": "LineString", "coordinates": [[95.33510279999999, 5.4813649], [95.3356162, 5.4813961], [95.33616069999998, 5.4813881], [95.3367763, 5.481271999999998], [95.33705360000002, 5.481206600000001], [95.33793759999999, 5.480993]]}}, {"type": "Feature", "properties": {"layer": "osm_road", "stroke": "#999999"}, "geometry": {"type": "LineString", "coordinates": [[95.342102, 5.473705399999998], [95.34240550000001, 5.4741766], [95.3424364, 5.474197899999999], [95.34247519999998, 5.4742046], [95.34280079999999, 5.474152299999999], [95.3431379, 5.474090099999999], [95.34315269999999, 5.474078199999999], [95.3431562, 5.4740676], [95.34316689999999, 5.473973399999999], [95.34317359999999, 5.4739493], [95.3431937, 5.473923999999999], [95.3434437, 5.4738226]]}}, {"type": "Feature", "properties": {"layer": "osm_road", "stroke": "#999999"}, "geometry": {"type": "LineString", "coordinates": [[95.34308609999998, 5.4755373], [95.34307809999999, 5.4754625], [95.3430486, 5.4753658000000005], [95.3429936, 5.475268999999999], [95.3428836, 5.4751542], [95.34271669999998, 5.475007299999999], [95.34266359999998, 5.4749907], [95.3425932, 5.474983299999999], [95.3425269, 5.474985899999999], [95.34246019999999, 5.4750034], [95.34239409999999, 5.475051399999998], [95.34232649999998, 5.4751101], [95.34224489999998, 5.4751662], [95.34215799999998, 5.475204899999999], [95.34206679999998, 5.475228900000001], [95.3416552, 5.4753184], [95.3413229, 5.4754365], [95.3411549, 5.475513299999999], [95.34109989999999, 5.4755987], [95.3409652, 5.4757429], [95.3409554, 5.4757549999999995], [95.3409339, 5.475776899999999], [95.34092829999999, 5.475786899999999], [95.34092149999998, 5.475801], [95.3410318, 5.4761461], [95.3410654, 5.4762382], [95.3411616, 5.476695999999999], [95.3412089, 5.476871699999999], [95.34125549999999, 5.477069899999999], [95.34129439999998, 5.4775985], [95.34129739999999, 5.477713999999999], [95.34131049999999, 5.4778029], [95.3413413, 5.477896199999999], [95.34138429999999, 5.4779977], [95.34140970000001, 5.4780305], [95.3415425, 5.478184599999999], [95.3416471, 5.478229999999999], [95.3418268, 5.4782673], [95.3423075, 5.4782977], [95.3423995, 5.478303399999999], [95.342549, 5.478307399999999], [95.3425758, 5.4782994], [95.34259929999999, 5.478283399999999], [95.34265289999999, 5.478215999999999], [95.3426938, 5.478187899999999], [95.3427784, 5.478154499999999], [95.3428515, 5.478151799999999], [95.34295409999999, 5.478162599999999], [95.3430613, 5.478182600000001], [95.3431264, 5.478211299999998], [95.34317469999999, 5.478247899999999], [95.34321889999998, 5.4783581], [95.3432658, 5.478513], [95.3433356, 5.478876], [95.3433691, 5.479131099999999]]}}, {"type": "Feature", "properties": {"layer": "osm_road", "stroke": "#999999"}, "geometry": {"type": "LineString", "coordinates": [[95.3376989, 5.4799208], [95.3377666, 5.480116399999999], [95.337821, 5.480351299999999], [95.3378502, 5.4804579], [95.33787189999998, 5.4805489], [95.33793759999999, 5.480993], [95.338178, 5.480966]]}}, {"type": "Feature", "properties": {"layer": "osm_road", "stroke": "#999999"}, "geometry": {"type": "LineString", "coordinates": [[95.3434843, 5.4745213999999995], [95.343064, 5.474615799999999], [95.34301569999998, 5.4746405], [95.34297779999999, 5.4746669], [95.34294259999999, 5.4747138999999985], [95.34280079999999, 5.474152299999999]]}}, {"type": "Feature", "properties": {"layer": "osm_road", "stroke": "#999999"}, "geometry": {"type": "LineString", "coordinates": [[95.314222, 5.484050099999999], [95.31431329999998, 5.4842282], [95.31438699999998, 5.4844192], [95.31461229999998, 5.485118599999999], [95.3147382, 5.4855917], [95.3147636, 5.4856825], [95.31478939999998, 5.4857401], [95.3148159, 5.485783900000001], [95.3148535, 5.4858333], [95.3148628, 5.485879499999999], [95.31487649999998, 5.485914900000001], [95.3151177, 5.4868012]]}}, {"type": "Feature", "properties": {"layer": "osm_road", "stroke": "#999999"}, "geometry": {"type": "LineString", "coordinates": [[95.34363999999998, 5.475522700000001], [95.34308609999998, 5.4755373], [95.3428336, 5.4755994], [95.342606, 5.475688899999999], [95.3425235, 5.4757289], [95.342026, 5.476029300000001]]}}, {"type": "Feature", "properties": {"layer": "osm_road", "stroke": "#999999"}, "geometry": {"type": "LineString", "coordinates": [[95.34101109999999, 5.480950699999999], [95.3410343, 5.481042999999999], [95.34119049999998, 5.481427499999999], [95.34130989999998, 5.4818347], [95.34135679999999, 5.4820148999999985], [95.3414319, 5.482349999999999], [95.34154319999999, 5.482669], [95.34181809999998, 5.483735700000001], [95.3418718, 5.4839139], [95.34189819999999, 5.4839821], [95.34190960000001, 5.4839971], [95.3419244, 5.484003400000001], [95.3419461, 5.484003099999999], [95.34196969999999, 5.4839987], [95.34204949999999, 5.4839785999999995], [95.34206479999999, 5.483978699999999], [95.34208499999998, 5.4839843], [95.3421044, 5.4839966], [95.3423287, 5.4845417], [95.34236669999999, 5.4845777], [95.34238309999999, 5.4845834], [95.34240419999999, 5.484583999999999], [95.3424847, 5.484576], [95.34251240000002, 5.4845790999999995], [95.3425352, 5.4845904999999995], [95.34258019999999, 5.4846385], [95.3426101, 5.4846648], [95.34263780000002, 5.484672600000001], [95.3426711, 5.484674099999999], [95.34281219999998, 5.4846706], [95.3428348, 5.484673099999999], [95.3428546, 5.484680199999999], [95.34285369999999, 5.4846218], [95.3428739, 5.4845350999999996], [95.34288429999998, 5.4845073], [95.3429112, 5.484484599999999], [95.3429454, 5.4844639], [95.3431793, 5.484412500000001], [95.3433055, 5.4843811], [95.34347309999998, 5.4843611]]}}, {"type": "Feature", "properties": {"layer": "osm_road", "stroke": "#999999"}, "geometry": {"type": "LineString", "coordinates": [[95.31158369999999, 5.4868667], [95.3116928, 5.4867551], [95.3117374, 5.4867134], [95.31178839999998, 5.4866557], [95.31202309999999, 5.48636], [95.31215489999998, 5.4861732000000005], [95.3123179, 5.485975], [95.3123441, 5.4859168], [95.31234599999999, 5.4858608], [95.3122611, 5.485626399999999], [95.3122582, 5.4855685], [95.31226959999998, 5.485515100000001], [95.31230909999998, 5.485459], [95.3124408, 5.4853457], [95.31265179999998, 5.4851933], [95.3127658, 5.4851419], [95.3128671, 5.48513], [95.3131768, 5.4850952], [95.31342909999998, 5.4850902], [95.31354769999999, 5.485087899999999], [95.31362289999998, 5.4850713], [95.31367169999999, 5.4850532], [95.313775, 5.4849864], [95.313803, 5.4849562], [95.3138555, 5.4848997], [95.3139329, 5.4847757999999995], [95.31403759999999, 5.4845484], [95.31405799999999, 5.4844965000000006], [95.31411029999998, 5.4843737], [95.3141599, 5.4842563], [95.314222, 5.484050099999999], [95.31425, 5.483946999999999], [95.31428219999998, 5.4838696], [95.31436379999998, 5.4837289], [95.31442139999999, 5.483674100000001], [95.3145702, 5.483515], [95.31472989999999, 5.483415199999999], [95.3148962, 5.483268299999999], [95.31515629999998, 5.482996], [95.3152623, 5.482890499999999], [95.3153162, 5.482794299999999], [95.31533359999999, 5.4827442], [95.31536549999998, 5.4826636], [95.31541269999998, 5.482606700000001], [95.31550099999998, 5.4825033], [95.31559509999998, 5.482413099999998], [95.3156807, 5.4823312], [95.31578689999999, 5.4822261999999995], [95.3159055, 5.482100899999999], [95.3163324, 5.4815996], [95.3163649, 5.4815734], [95.3164051, 5.4815651], [95.316444, 5.4815841], [95.3166825, 5.4818119], [95.3170929, 5.4816156], [95.31717329999998, 5.481598199999999], [95.31721649999999, 5.481606799999999], [95.317305, 5.481634799999998], [95.31736539999999, 5.4816589], [95.3174123, 5.4816629], [95.31748069999999, 5.4816589], [95.3176068, 5.4816429], [95.3176812, 5.4816148], [95.3177469, 5.4815928], [95.31781979999998, 5.4815729], [95.3178978, 5.481562799999999], [95.3179756, 5.481553399999999], [95.31802179999998, 5.481543399999998], [95.318046, 5.4815321], [95.31805339999998, 5.48151], [95.3180503, 5.4814858]]}}, {"type": "Feature", "properties": {"layer": "osm_road", "stroke": "#999999"}, "geometry": {"type": "LineString", "coordinates": [[95.33616069999998, 5.4813881], [95.3362928, 5.4816658], [95.33644369999999, 5.482433499999999], [95.3365422, 5.48287], [95.33661319999999, 5.483145999999999], [95.3368919, 5.483706699999999]]}}, {"type": "Feature", "properties": {"layer": "osm_road", "stroke": "#999999"}, "geometry": {"type": "LineString", "coordinates": [[95.340239, 5.4719202], [95.34033049999998, 5.4720256], [95.34041599999999, 5.4721211], [95.3405678, 5.472259299999999], [95.3406007, 5.4723033], [95.34063349999998, 5.472365400000001], [95.340648, 5.4724241], [95.34069929999998, 5.472691799999999], [95.34074460000001, 5.472841999999999], [95.34086289999999, 5.4731457]]}}, {"type": "Feature", "properties": {"layer": "osm_road", "stroke": "#999999"}, "geometry": {"type": "LineString", "coordinates": [[95.31550099999998, 5.4825033], [95.31610499999998, 5.4833378], [95.31618549999999, 5.483463299999999], [95.31650059999998, 5.484018599999999], [95.3165198, 5.484028099999999], [95.3165406, 5.4840284], [95.3165604, 5.484028099999999], [95.31661729999999, 5.4839839], [95.31668569999998, 5.483915799999998], [95.3167715, 5.483789], [95.3168155, 5.4837587999999995], [95.31687989999999, 5.483745400000001], [95.3170223, 5.483735599999999], [95.31738840000001, 5.483690200000001]]}}, {"type": "Feature", "properties": {"layer": "osm_road", "stroke": "#999999"}, "geometry": {"type": "LineString", "coordinates": [[95.33437769999999, 5.4836442], [95.3344421, 5.4836229], [95.3349624, 5.483526800000001], [95.3350029, 5.483528499999999], [95.33502199999998, 5.4835329999999995], [95.33504019999998, 5.483540099999999], [95.33512339999999, 5.4835868], [95.3351424, 5.4835926], [95.3352038, 5.4835908], [95.33541029999999, 5.4835455], [95.33625059999999, 5.483258499999999], [95.33661319999999, 5.483145999999999]]}}, {"type": "Feature", "properties": {"layer": "osm_road", "stroke": "#999999"}, "geometry": {"type": "LineString", "coordinates": [[95.3390591, 5.475777], [95.3391561, 5.475950800000001], [95.3391872, 5.4759672], [95.33922709999999, 5.475973499999999], [95.33939440000002, 5.475979899999999], [95.33983289999999, 5.476030599999999], [95.3398476, 5.476050999999998], [95.3398684, 5.4761498], [95.33987409999999, 5.4761581], [95.33988559999999, 5.4761617000000005], [95.34011829999999, 5.476153000000001], [95.34022519999999, 5.476128800000001], [95.3403385, 5.476096], [95.3403841, 5.476068499999999], [95.3404284, 5.4760472], [95.34052129999999, 5.4760223], [95.34056980000001, 5.4760119], [95.34061949999999, 5.4759805], [95.34073749999999, 5.475877099999999], [95.34092149999998, 5.475801]]}}, {"type": "Feature", "properties": {"layer": "osm_road", "stroke": "#999999"}, "geometry": {"type": "LineString", "coordinates": [[95.3269435, 5.4855356], [95.32710849999998, 5.486100300000001], [95.3271414, 5.4861958], [95.32714269999998, 5.486213800000001], [95.32711050000002, 5.4864741], [95.3271145, 5.4865128], [95.3271286, 5.4865489], [95.32716489999999, 5.4866087], [95.32720509999999, 5.486729099999999], [95.3272132, 5.4867956], [95.3272336, 5.486906800000001], [95.327248, 5.487510000000001], [95.32730169999999, 5.487804799999999], [95.3273285, 5.4879302999999995], [95.3274042, 5.488186999999999], [95.32746659999998, 5.488423099999999], [95.3274887, 5.488492700000001], [95.3275565, 5.488643199999999], [95.3276184, 5.4887687], [95.32769739999999, 5.4889288], [95.32775689999998, 5.4890285], [95.3280313, 5.4894068], [95.32803939999998, 5.489625799999999]]}}, {"type": "Feature", "properties": {"layer": "osm_road", "stroke": "#999999"}, "geometry": {"type": "LineString", "coordinates": [[95.336177, 5.490331599999999], [95.3362192, 5.490569000000001], [95.33627559999998, 5.490761199999999], [95.3363882, 5.4910963], [95.33640069999998, 5.4911157], [95.3364244, 5.491131], [95.33644229999999, 5.491136100000001], [95.33646599999999, 5.4911363], [95.3366377, 5.4910469], [95.33666159999999, 5.4910403], [95.3366845, 5.4910404999999995], [95.3367053, 5.491048299999998], [95.336804, 5.491131899999998], [95.33684020000001, 5.491172500000001], [95.3369168, 5.491299], [95.3370865, 5.491570699999999]]}}, {"type": "Feature", "properties": {"layer": "osm_road", "stroke": "#999999"}, "geometry": {"type": "LineString", "coordinates": [[95.32781709999999, 5.494413099999999], [95.3280862, 5.4943476], [95.3281103, 5.494327600000001], [95.3281184, 5.494263500000001], [95.3281157, 5.494206100000001], [95.3281331, 5.494170099999999], [95.3281724, 5.494146500000001], [95.32851569999998, 5.494050399999999], [95.32868339999999, 5.4940424000000005], [95.3288041, 5.4940437], [95.3295359, 5.4940663999999995], [95.32966639999998, 5.4940663999999995], [95.3298568, 5.494044999999999], [95.330066, 5.4939917], [95.33023229999999, 5.4939302], [95.3302896, 5.493917799999999], [95.33035839999998, 5.493919599999999], [95.3304057, 5.4939279999999995], [95.33074059999998, 5.493987599999998], [95.33098199999999, 5.4939823], [95.33104909999999, 5.494012999999999], [95.3310745, 5.494059700000001], [95.3310812, 5.4941332], [95.33106249999999, 5.494301400000001], [95.33099539999999, 5.4945496999999985], [95.3309874, 5.494624399999999], [95.33110939999999, 5.4946311], [95.33126899999999, 5.494628399999999], [95.3315037, 5.4946017], [95.3319758, 5.494518999999999], [95.33246789999998, 5.494458899999999], [95.33280720000002, 5.494428199999999], [95.33321079999999, 5.4943913]]}}, {"type": "Feature", "properties": {"layer": "osm_road", "stroke": "#999999"}, "geometry": {"type": "LineString", "coordinates": [[95.33610379999999, 5.4893222999999995], [95.33610789999999, 5.4896531], [95.33611549999999, 5.489897199999999], [95.33614409999998, 5.490331199999998]]}}, {"type": "Feature", "properties": {"layer": "osm_road", "stroke": "#999999"}, "geometry": {"type": "LineString", "coordinates": [[95.3232718, 5.4889598], [95.3239463, 5.488920800000001], [95.3242866, 5.4889279], [95.3247988, 5.488985199999999], [95.3250997, 5.4890624], [95.32550199999999, 5.489249299999999], [95.3257936, 5.489398699999999], [95.325848, 5.489430799999999], [95.3258867, 5.4894624], [95.3261503, 5.489765799999999], [95.32619449999999, 5.4898020999999995], [95.3262415, 5.489817799999999], [95.32628319999999, 5.48982], [95.3267493, 5.489686399999999], [95.32680539999998, 5.489680699999999], [95.3268637, 5.489679999999999], [95.3269795, 5.489691299999999], [95.32734199999999, 5.4897205], [95.32743979999998, 5.489723399999999], [95.32756189999999, 5.4897179000000005], [95.32803939999998, 5.489625799999999], [95.3281934, 5.4896201], [95.3282218, 5.489624299999999], [95.3282484, 5.489634999999999], [95.32829009999999, 5.489663], [95.32831929999999, 5.4896778], [95.3283507, 5.489683299999999], [95.32865139999998, 5.489677999999999], [95.3286699, 5.489668999999999], [95.3286783, 5.489648399999999], [95.3286804, 5.4895416], [95.32884669999999, 5.489485599999999], [95.32910149999998, 5.489418800000001], [95.32939649999999, 5.4893974000000005], [95.32960579999998, 5.489416199999998], [95.32984179999998, 5.4894802], [95.3301181, 5.4895255999999995], [95.33082879999999, 5.489530899999998], [95.3315101, 5.4895577], [95.3321485, 5.4895122], [95.33230669999999, 5.4894855], [95.33249179999999, 5.4894722], [95.33273309999998, 5.4894936], [95.3332991, 5.4894322], [95.33334999999998, 5.489420399999999], [95.333393, 5.489389400000001], [95.3334386, 5.4893133999999995], [95.3334673, 5.4892922], [95.33354109999999, 5.4892728], [95.33359419999998, 5.489269199999999], [95.33364639999999, 5.4892802], [95.3336827, 5.489297299999999], [95.3337216, 5.489335999999999], [95.33377659999998, 5.4893654000000005], [95.33384089999998, 5.489378799999999], [95.3340152, 5.489362699999999], [95.33420709999999, 5.4893334], [95.33458919999998, 5.489264], [95.33482209999998, 5.489260599999999]]}}, {"type": "Feature", "properties": {"layer": "osm_road", "stroke": "#999999"}, "geometry": {"type": "LineString", "coordinates": [[95.3319758, 5.494518999999999], [95.3320878, 5.4950136], [95.33208239999999, 5.495050299999999], [95.33205829999999, 5.4950783], [95.33181629999999, 5.495214500000001]]}}, {"type": "Feature", "properties": {"layer": "osm_road", "stroke": "#999999"}, "geometry": {"type": "LineString", "coordinates": [[95.3309874, 5.494624399999999], [95.3308633, 5.4946986], [95.33074929999998, 5.494773299999999], [95.3307214, 5.494817499999999], [95.3306998, 5.4948748], [95.33065949999998, 5.495062899999999], [95.3306273, 5.4951231], [95.3305779, 5.495160599999999], [95.3305149, 5.4951833], [95.3301273, 5.4952514], [95.3300777, 5.495276799999999], [95.33003749999999, 5.4953047999999995], [95.3300026, 5.495359500000001], [95.329957, 5.4954823], [95.3298551, 5.495669199999999]]}}, {"type": "Feature", "properties": {"layer": "osm_road", "stroke": "#999999"}, "geometry": {"type": "LineString", "coordinates": [[95.26400939999999, 5.4686752], [95.2640127, 5.4685730999999995], [95.2640016, 5.468386800000001], [95.2639742, 5.468138199999999], [95.2639436, 5.467896], [95.2639178, 5.4675929], [95.2638828, 5.4672259], [95.2638618, 5.4668746], [95.2638505, 5.466691799999999], [95.2637861, 5.4663084], [95.263738, 5.4659311], [95.26368089999998, 5.4654828], [95.2636631, 5.4653241999999995]]}}, {"type": "Feature", "properties": {"layer": "osm_road", "stroke": "#999999"}, "geometry": {"type": "LineString", "coordinates": [[95.3381679, 5.4886237], [95.3380732, 5.4885195], [95.33788839999998, 5.488322699999999], [95.33775089999999, 5.488121699999999], [95.33738559999999, 5.487548499999999], [95.3373539, 5.487482399999999], [95.33718359999999, 5.487052300000001], [95.3371106, 5.486799900000001], [95.33688280000001, 5.4864621], [95.3367306, 5.486163199999999], [95.3366487, 5.4860994000000005], [95.33664389999998, 5.4858987], [95.33664389999998, 5.485664499999999], [95.33662949999999, 5.4855259], [95.33645189999999, 5.485544999999999], [95.3362163, 5.485631399999999], [95.3362121, 5.485635599999999], [95.3362146, 5.485663799999999], [95.3362129, 5.485676500000001], [95.33620709999998, 5.4856895], [95.3361341, 5.4856998]]}}, {"type": "Feature", "properties": {"layer": "osm_road", "stroke": "#999999"}, "geometry": {"type": "LineString", "coordinates": [[95.3381679, 5.4886237], [95.3384765, 5.4890132000000005], [95.3387375, 5.489304499999999], [95.3389905, 5.489517], [95.3399979, 5.4906608], [95.3402085, 5.490650600000001], [95.34010569999998, 5.490941899999999], [95.3402876, 5.4912568], [95.34031589999998, 5.4913151], [95.3404853, 5.491540199999999], [95.3406988, 5.491831499999999], [95.34072259999999, 5.4922191]]}}, {"type": "Feature", "properties": {"layer": "osm_road", "stroke": "#999999"}, "geometry": {"type": "LineString", "coordinates": [[95.34048279999999, 5.4923151], [95.3404999, 5.49245], [95.3405588, 5.4927026], [95.3406257, 5.4926923], [95.3407304, 5.492676799999999], [95.3407351, 5.492813699999999], [95.34075679999998, 5.492921999999999], [95.340782, 5.493045399999999], [95.3408173, 5.493064699999999], [95.34084099999998, 5.493208999999999], [95.3408969, 5.4933586], [95.3409577, 5.4933561], [95.3410725, 5.493366499999999], [95.3410838, 5.4934432], [95.34115579999998, 5.4937768999999985], [95.34124879999999, 5.493800200000001], [95.34128009999999, 5.494113599999999], [95.3413144, 5.4944641], [95.34138179999998, 5.4949195999999985], [95.3414162, 5.4949916000000005], [95.34148, 5.495012399999999], [95.3411241, 5.495169799999999], [95.3411999, 5.495333799999999], [95.341306, 5.4955634], [95.34142869999998, 5.4956002], [95.34145710000001, 5.4958892]]}}, {"type": "Feature", "properties": {"layer": "osm_road", "stroke": "#999999"}, "geometry": {"type": "LineString", "coordinates": [[95.25508079999999, 5.4716805], [95.2554746, 5.471833300000001], [95.25601099999999, 5.472474100000001], [95.2563028, 5.472847400000001], [95.2567561, 5.473412899999999], [95.25715899999999, 5.473894499999999], [95.25751309999998, 5.4745994], [95.25769549999998, 5.4759771], [95.25772769999999, 5.4763296], [95.2579959, 5.476799499999999], [95.25810319999998, 5.4771519]]}}, {"type": "Feature", "properties": {"layer": "osm_road", "stroke": "#999999"}, "geometry": {"type": "LineString", "coordinates": [[95.33001216094381, 5.50008673722183], [95.3300145, 5.5000854], [95.3301407, 5.5000278], [95.33029899999998, 5.4999504], [95.33051069999999, 5.4998554], [95.33063, 5.499791699999999], [95.3306973, 5.499731399999999], [95.330822, 5.499599299999999], [95.3309922, 5.4994385999999995], [95.3310879, 5.4993661], [95.3311747, 5.499300399999998], [95.3312525, 5.4992188], [95.331474, 5.4989246], [95.33150869999999, 5.4988864], [95.3319345, 5.498528399999999], [95.332233, 5.4982905], [95.3323415, 5.4981943], [95.33237769999998, 5.4981656], [95.33246840000001, 5.498015499999999], [95.33252389999998, 5.497875399999999], [95.33254839999998, 5.4977312], [95.3326687, 5.4971523], [95.33277359999998, 5.4966154000000005], [95.33292490000001, 5.4958334], [95.33306729999998, 5.495069599999999], [95.33310459999998, 5.494935000000001], [95.33321079999999, 5.4943913], [95.3332508, 5.4940774], [95.3333406, 5.493620099999999], [95.3334463, 5.493110499999999], [95.333541, 5.4928323], [95.3337484, 5.492260299999999], [95.3341919, 5.4910375], [95.33433429999998, 5.490598199999999], [95.33444769999998, 5.490282799999999], [95.33467509999998, 5.489681599999999], [95.33482209999998, 5.489260599999999], [95.3353177, 5.487964400000001], [95.33548379999999, 5.487457599999999], [95.335767, 5.486647399999999], [95.3361341, 5.4856998], [95.3363318, 5.485224500000001], [95.3366022, 5.4844062], [95.33681739999999, 5.4838865], [95.3368919, 5.483706699999999], [95.33708099999998, 5.483335599999999], [95.3371896, 5.483114700000001], [95.33732499999999, 5.4828083], [95.3374688, 5.4824954], [95.3376509, 5.4821248], [95.338178, 5.480966], [95.33837109999999, 5.4805064], [95.3384422, 5.480396000000001], [95.33855349999999, 5.480159699999999], [95.33872109999999, 5.4797799], [95.33881499999998, 5.479520199999999], [95.3388324, 5.4794308], [95.3388324, 5.4793373], [95.3388197, 5.479255899999999], [95.338802, 5.479192299999999], [95.33863810000001, 5.478764499999999], [95.3386065, 5.4786899], [95.33857509999999, 5.4786339], [95.338518, 5.478570600000001], [95.3384516, 5.478518299999999], [95.33841469999999, 5.478485000000001], [95.3383796, 5.478443599999999], [95.3383134, 5.478330799999999], [95.33828169999998, 5.478234799999999], [95.3382467, 5.4781055], [95.3382274, 5.4779606], [95.3380236, 5.476957600000001], [95.33802309999999, 5.476926399999999], [95.3380281, 5.4769046999999995], [95.3380359, 5.4768877], [95.3381512, 5.4767435], [95.338304, 5.476569900000001], [95.3387506, 5.476100000000001], [95.33894639999998, 5.4758811], [95.3390591, 5.475777], [95.3393608, 5.475530000000001], [95.33953119999998, 5.4754072], [95.3397632, 5.4752576], [95.3400099, 5.475084100000001], [95.3404766, 5.474771700000001], [95.3410446, 5.4743718999999995], [95.34112039999998, 5.4743206], [95.34123469999999, 5.474237400000001], [95.34165339999998, 5.473976699999999], [95.341971, 5.4737928999999985], [95.342102, 5.473705399999998], [95.3422777, 5.473615599999999], [95.3426305, 5.473404700000001], [95.3428651, 5.4732739], [95.34307699999998, 5.473163099999999], [95.3432477, 5.473070399999999], [95.34328819999999, 5.4730484], [95.3435008, 5.472952099999999], [95.34367919999998, 5.4728613], [95.3439327, 5.4727505], [95.34450349999999, 5.472514], [95.344858, 5.472394099999998]]}}, {"type": "Feature", "properties": {"layer": "osm_road", "stroke": "#999999"}, "geometry": {"type": "LineString", "coordinates": [[95.3494406, 5.471057100000001], [95.3495291, 5.4715641]]}}, {"type": "Feature", "properties": {"layer": "osm_road", "stroke": "#999999"}, "geometry": {"type": "LineString", "coordinates": [[95.3456651, 5.492409999999999], [95.34566849999999, 5.4923277], [95.34562389999999, 5.491957199999999], [95.3456292, 5.4919383999999996], [95.34563909999999, 5.4919199999999995], [95.34565429999999, 5.491903399999999], [95.34567509999998, 5.491892499999999], [95.34598749999999, 5.4918636], [95.3460053, 5.491856599999999], [95.346022, 5.491845699999999], [95.34602980000001, 5.4918328], [95.3460331, 5.491816799999999], [95.34600679999998, 5.4915967], [95.3459861, 5.491492099999999], [95.3459211, 5.491229299999999], [95.34590729999998, 5.4911509], [95.34590729999998, 5.491088899999999], [95.3459267, 5.4910697], [95.3459571, 5.491050399999999], [95.3461243, 5.4910064], [95.3461684, 5.490984400000001], [95.34617890000001, 5.4909438999999995], [95.34615059999999, 5.490868599999999], [95.3460883, 5.490689499999999], [95.3460769, 5.4906283], [95.34609349999998, 5.490562499999999], [95.3461297, 5.4904565], [95.3461343, 5.4904063999999995], [95.34611039999999, 5.4902287], [95.34610379999998, 5.490108300000001], [95.34610979999998, 5.4900409], [95.346125, 5.48998], [95.34618229999998, 5.489904999999999], [95.34621129999998, 5.489869799999999], [95.3462132, 5.489827999999999], [95.3461935, 5.4897393], [95.3461515, 5.489640499999999], [95.34607169999998, 5.489502799999999], [95.34593909999998, 5.489149299999999], [95.3463815, 5.489038700000001], [95.34639289999998, 5.4890299], [95.3464008, 5.489018100000001], [95.346404, 5.4889972], [95.34632889999999, 5.4885915999999995], [95.3462847, 5.488254400000001], [95.34625149999998, 5.488060399999999], [95.34624720000001, 5.4879388], [95.3462213, 5.4878365], [95.3461906, 5.4877873], [95.34613879999999, 5.487770199999999], [95.3459874, 5.487804199999999], [95.345946, 5.487804099999998], [95.3459279, 5.4877813], [95.3459092, 5.4877295], [95.345883, 5.487658800000001], [95.34581699999998, 5.487578699999999], [95.34573829999998, 5.4875018], [95.34570289999999, 5.487432599999999], [95.34564509999998, 5.4871903], [95.3456036, 5.487076199999998], [95.34554109999999, 5.4869646], [95.34541439999998, 5.486770900000001], [95.34537139999999, 5.486653699999999], [95.3452786, 5.486477399999999], [95.34526559999999, 5.486460199999998], [95.34522650000001, 5.486441], [95.34520160000001, 5.486420799999999], [95.3451627, 5.4863674], [95.34503139999998, 5.4860923]]}}, {"type": "Feature", "properties": {"layer": "osm_road", "stroke": "#999999"}, "geometry": {"type": "LineString", "coordinates": [[95.34622759999999, 5.4824138], [95.3462019, 5.4824285], [95.3459769, 5.4825466], [95.3457529, 5.482632100000001], [95.3455712, 5.4826835], [95.3453515, 5.482750899999999], [95.34532, 5.4827636], [95.3453003, 5.482790799999999], [95.3452885, 5.4828604], [95.34527609999999, 5.482887700000001], [95.34521089999998, 5.4829389], [95.3451246, 5.4829798], [95.3449395, 5.4830773], [95.3446968, 5.483167999999999], [95.3446257, 5.483184099999999], [95.34459009999999, 5.483181999999999], [95.34453389999999, 5.4831633], [95.34446549999998, 5.4831507], [95.34434409999999, 5.4831426], [95.3442237, 5.4831414], [95.34414619999998, 5.483160699999999], [95.3441137, 5.4831754], [95.34409690000001, 5.4831878], [95.34408109999998, 5.483205299999999]]}}, {"type": "Feature", "properties": {"layer": "osm_road", "stroke": "#999999"}, "geometry": {"type": "LineString", "coordinates": [[95.35191469999998, 5.4811017], [95.3516156, 5.481159], [95.3515324, 5.4811617], [95.35141979999999, 5.481148299999999], [95.3512173, 5.4811056], [95.35107649999999, 5.481105699999999], [95.35033479999998, 5.481288500000001], [95.3499502, 5.4813452], [95.3494259, 5.4814386], [95.3489106, 5.4815604]]}}, {"type": "Feature", "properties": {"layer": "osm_road", "stroke": "#999999"}, "geometry": {"type": "LineString", "coordinates": [[95.3493529, 5.4936372], [95.34926, 5.493600400000001], [95.3492036, 5.493584899999999], [95.3491511, 5.493559199999998], [95.34913799999998, 5.4935472], [95.3491104, 5.493513], [95.3490611, 5.493473], [95.34905109999998, 5.4934688], [95.34897919999999, 5.493470800000001], [95.34880889999998, 5.4935098], [95.34879420000001, 5.4935091], [95.34876999999999, 5.493488599999999], [95.3487391, 5.4934501], [95.3486149, 5.493239999999999], [95.3485888, 5.493201899999999], [95.3485635, 5.4931797], [95.348543, 5.4931753], [95.3484337, 5.493184000000001], [95.3484228, 5.4931831], [95.34840039999999, 5.4931727], [95.3483697, 5.493134599999999], [95.34828959999999, 5.492935499999999], [95.34821879999998, 5.4928124999999985], [95.3481999, 5.492792500000001], [95.3481323, 5.4927532], [95.34804399999999, 5.492707399999999], [95.3479989, 5.492695000000001], [95.3479683, 5.4926944], [95.34788659999998, 5.492701799999999], [95.3476943, 5.492729399999999], [95.347535, 5.492764800000001], [95.3472442, 5.4928614], [95.34709059999999, 5.4929622], [95.3469626, 5.493008800000001], [95.34678359999998, 5.4930385], [95.3465673, 5.4930807999999995], [95.3465248, 5.4930807999999995], [95.34650320000001, 5.493076900000001], [95.3464743, 5.493059599999999], [95.34643570000001, 5.493015], [95.34634719999998, 5.492881499999999], [95.34620209999999, 5.4927178], [95.34612049999998, 5.492647600000001], [95.34605549999999, 5.492607700000001], [95.34594609999999, 5.492556899999999], [95.3459131, 5.492541599999999], [95.3457666, 5.492490699999999], [95.3456651, 5.492409999999999], [95.3452819, 5.492358099999999], [95.3451907, 5.492356799999999], [95.3450538, 5.4923801], [95.3443337, 5.492570000000001], [95.3442927, 5.4925708], [95.34425759999999, 5.492563099999998], [95.34423659999999, 5.4925456], [95.34422029999999, 5.492525999999999], [95.3441249, 5.492358099999999], [95.3440507, 5.492254499999999], [95.3439795, 5.4921866], [95.3438848, 5.492130099999998], [95.343823, 5.4921159], [95.34378309999998, 5.492119399999999]]}}, {"type": "Feature", "properties": {"layer": "osm_road", "stroke": "#999999"}, "geometry": {"type": "LineString", "coordinates": [[95.347137, 5.498578499999999], [95.3470579, 5.4985716], [95.3470199, 5.4985781], [95.34696219999998, 5.4985941], [95.3468683, 5.498628799999999], [95.3467999, 5.4986701999999985], [95.3467704, 5.498700899999999], [95.3467517, 5.498797], [95.34672399999998, 5.498815099999999], [95.34666849999999, 5.498829], [95.3465326, 5.498837399999999], [95.346467, 5.4988586999999995], [95.3464311, 5.4988704], [95.34634659999999, 5.4989064999999995], [95.346295, 5.498932499999999], [95.3462474, 5.498998600000001], [95.3462002, 5.4990292], [95.3461428, 5.499042600000001], [95.3460543, 5.499042600000001], [95.345951, 5.4990506], [95.3458838, 5.4990685], [95.34570289999999, 5.499108], [95.3455628, 5.499129999999999], [95.34547449999998, 5.499143899999999], [95.34541459999998, 5.499144099999999], [95.34534749999999, 5.4991321], [95.3452548, 5.4991268], [95.3451967, 5.499123399999999], [95.3451303, 5.499104], [95.3450404, 5.4990586], [95.3449496, 5.4990441], [95.344623, 5.499083899999999], [95.3444383, 5.499091999999999], [95.3443323, 5.4991107], [95.344276, 5.4991548], [95.3442505, 5.4991961], [95.3442478, 5.4992421999999985], [95.3442626, 5.4993283], [95.34424709999999, 5.4993744], [95.34421559999998, 5.4994176999999995], [95.34415259999999, 5.499439099999999], [95.3438288, 5.499472599999999], [95.34376229999998, 5.499488499999999], [95.3436296, 5.4995793], [95.3435685, 5.4996041], [95.3433694, 5.499619300000001], [95.3430906, 5.4996343], [95.3426975, 5.499700699999999], [95.34234339999999, 5.4997382], [95.34202959999999, 5.499791500000001], [95.34181769999998, 5.499807499999999], [95.34161119999999, 5.499794199999999], [95.34142749999998, 5.4998155], [95.3412571, 5.4998688]]}}, {"type": "Feature", "properties": {"layer": "osm_road", "stroke": "#999999"}, "geometry": {"type": "LineString", "coordinates": [[95.35429989999999, 5.4920079], [95.35422699999998, 5.4920489], [95.354113, 5.492090299999999], [95.353771, 5.4921557]]}}, {"type": "Feature", "properties": {"layer": "osm_road", "stroke": "#999999"}, "geometry": {"type": "LineString", "coordinates": [[95.35617349999998, 5.493859100000001], [95.3561273, 5.493944499999999], [95.3560736, 5.493972499999999], [95.3559731, 5.4939872], [95.35575979999999, 5.4940006], [95.3557424, 5.4940079], [95.355737, 5.4940245999999995], [95.35574379999998, 5.494200799999999]]}}, {"type": "Feature", "properties": {"layer": "osm_road", "stroke": "#999999"}, "geometry": {"type": "LineString", "coordinates": [[95.3558459, 5.493632600000001], [95.35595829999998, 5.493544], [95.3560616, 5.4935106], [95.35621309999999, 5.4934919], [95.3563359, 5.493481899999999], [95.3564646, 5.4934826], [95.35656519999999, 5.493493299999999], [95.35664569999999, 5.4935046000000005], [95.35674479999999, 5.493535499999999]]}}, {"type": "Feature", "properties": {"layer": "osm_road", "stroke": "#999999"}, "geometry": {"type": "LineString", "coordinates": [[95.3598871, 5.490644499999999], [95.3598918, 5.4905336999999985], [95.3599069, 5.4904426], [95.3599133, 5.4904199], [95.35992400000002, 5.490402900000001], [95.3599371, 5.490396199999998], [95.3600091, 5.490382900000001], [95.3600883, 5.490373499999999], [95.3601875, 5.490354199999999], [95.36036189999999, 5.4903154], [95.3605154, 5.4902741], [95.36053419999999, 5.4902714], [95.360551, 5.4902741], [95.3605644, 5.490290099999999], [95.3605878, 5.490339500000001], [95.3606194, 5.4904496], [95.3606294, 5.4904649999999995], [95.36064349999998, 5.490474299999999], [95.36069849999998, 5.4904782999999995], [95.36092709999998, 5.490451599999999], [95.3610378, 5.4904489], [95.3611115, 5.4904503], [95.3611813, 5.490446899999999], [95.361249, 5.490439599999999], [95.3612819, 5.490430199999998], [95.36129859999998, 5.4904176], [95.36131339999999, 5.490400200000001], [95.3613234, 5.4903742], [95.36133949999999, 5.4903201], [95.36136569999998, 5.490193999999999], [95.3614019, 5.4900531], [95.3614374, 5.4899309999999995], [95.36145949999998, 5.489868900000001], [95.36146759999998, 5.4898542], [95.361491, 5.4898408000000005], [95.3615293, 5.4898255], [95.36177209999998, 5.4897975], [95.3618411, 5.4898031], [95.36190619999999, 5.4898148], [95.3619175, 5.489841499999999], [95.36192289999998, 5.4898662], [95.3619356, 5.490009100000001], [95.36194369999998, 5.4900438], [95.36195709999998, 5.4900685], [95.36197789999999, 5.490094499999999], [95.36212139999999, 5.4902046], [95.3622327, 5.4902761], [95.3622562, 5.490299399999999], [95.36226689999998, 5.490314100000001], [95.3622743, 5.490337499999999], [95.3622756, 5.490375499999999], [95.36219979999998, 5.4906825], [95.3621938, 5.490785999999999], [95.3621844, 5.490807999999999], [95.3620972, 5.490874099999998], [95.36208249999999, 5.490902099999999], [95.3620751, 5.490934899999999], [95.3620644, 5.4911458], [95.36199059999998, 5.491538900000001], [95.36195309999998, 5.491648399999999], [95.36191279999998, 5.491749799999998], [95.36179749999998, 5.492222399999999], [95.36179479999998, 5.4923212], [95.3617976, 5.4924096]]}}, {"type": "Feature", "properties": {"layer": "osm_road", "stroke": "#999999"}, "geometry": {"type": "LineString", "coordinates": [[95.3598375, 5.4909212], [95.3598616, 5.490812], [95.3598871, 5.490644499999999], [95.3599521, 5.4906451999999994], [95.3603183, 5.490631199999999]]}}, {"type": "Feature", "properties": {"layer": "osm_road", "stroke": "#999999"}, "geometry": {"type": "LineString", "coordinates": [[95.35877199999999, 5.494389], [95.35877990000002, 5.494378199999999], [95.358784, 5.494367699999999], [95.3586862, 5.4939525], [95.35863789999999, 5.493746899999999], [95.358603, 5.493544], [95.35858149999999, 5.4934612], [95.35857079999998, 5.493437199999999], [95.358552, 5.4934212], [95.358485, 5.4934037999999985], [95.3584608, 5.493389200000001], [95.35843670000001, 5.4933451], [95.3584152, 5.493285], [95.3582758, 5.4928338], [95.35826499999999, 5.492697699999999], [95.3582781, 5.492642399999999], [95.35830799999998, 5.492516099999998], [95.358367, 5.492385299999999], [95.3584206, 5.4923105], [95.35847159999999, 5.492286499999999], [95.35853459999998, 5.492274499999999], [95.35877999999998, 5.492283800000001], [95.35916359999999, 5.492286499999999], [95.35925749999998, 5.492283800000001], [95.3593567, 5.492257099999999], [95.3594693, 5.492206399999999], [95.3596571, 5.492179700000001], [95.3598294, 5.492171100000001], [95.35985429999998, 5.492161699999999], [95.3598663, 5.4921489], [95.3598717, 5.492130999999999], [95.3598636, 5.4920222], [95.35981539999999, 5.4915496], [95.3598556, 5.491111699999999], [95.3598529, 5.491047699999999], [95.3598375, 5.4909212], [95.3597941, 5.490917799999998]]}}, {"type": "Feature", "properties": {"layer": "osm_road", "stroke": "#999999"}, "geometry": {"type": "LineString", "coordinates": [[95.3579698, 5.490833599999999], [95.3582167, 5.490821999999999], [95.35850079999999, 5.490780599999999], [95.3586298, 5.49075], [95.3586829, 5.490713100000001], [95.3587519, 5.4906508999999994], [95.3588068, 5.490631199999999], [95.3588662, 5.490624799999998], [95.3589644, 5.490632500000001], [95.35905359999998, 5.4906512], [95.35913339999999, 5.4906771999999995], [95.35918029999999, 5.4907039], [95.35921719999999, 5.4907299], [95.3592883, 5.490792699999999], [95.35933989999998, 5.4908267], [95.35939199999999, 5.4908488], [95.3594452, 5.490867399999999], [95.3596531, 5.4909035], [95.3597941, 5.490917799999998]]}}, {"type": "Feature", "properties": {"layer": "osm_road", "stroke": "#999999"}, "geometry": {"type": "LineString", "coordinates": [[95.35710449999999, 5.4886521], [95.35701159999999, 5.48822], [95.3569588, 5.4879745999999985]]}}, {"type": "Feature", "properties": {"layer": "osm_road", "stroke": "#999999"}, "geometry": {"type": "LineString", "coordinates": [[95.3551953, 5.4877623], [95.3553307, 5.487744999999999], [95.3553978, 5.4877396], [95.35541179999998, 5.4877403], [95.3554313, 5.4877462999999995], [95.3554434, 5.487761000000001], [95.3554621, 5.487821099999999], [95.3554648, 5.487846399999999], [95.3554621, 5.487863099999999], [95.35544269999998, 5.4878824999999996], [95.3553629, 5.487915899999999], [95.35527170000002, 5.4879472], [95.3552462, 5.487961200000001], [95.3552375, 5.487973899999999], [95.3552395, 5.488032], [95.35526769999998, 5.488095399999999], [95.35531729999998, 5.4881588], [95.35533539999999, 5.488191499999999], [95.3553522, 5.4882282], [95.3553636, 5.4882656], [95.3553736, 5.488320999999998], [95.3553843, 5.488334999999999], [95.3554004, 5.488342399999999], [95.35541919999999, 5.4883457], [95.35550239999999, 5.4883404], [95.35557879999999, 5.488344999999999], [95.35566329999999, 5.4883436], [95.35573569999998, 5.4883344], [95.3558779, 5.488287], [95.35599989999999, 5.4882843], [95.3560301, 5.4882896], [95.35605559999999, 5.488302999999999], [95.35607500000002, 5.4883203], [95.3561702, 5.4886955], [95.35618, 5.488717199999999], [95.3561917, 5.4887248], [95.3562121, 5.4887295], [95.3562708, 5.4887248], [95.35647999999999, 5.4886875], [95.3565216, 5.4886842], [95.3565525, 5.488691499999999], [95.35657589999998, 5.4887028], [95.35662079999999, 5.4887308], [95.35670390000001, 5.4887355], [95.35673080000001, 5.4887321], [95.35710449999999, 5.4886521], [95.3575106, 5.488588099999999], [95.35753669999998, 5.488594800000001], [95.3575562, 5.488614899999999], [95.3575715, 5.488640199999999], [95.3576204, 5.488873599999999], [95.35767319999998, 5.4891837], [95.3577328, 5.489479199999999], [95.3577946, 5.489778699999999], [95.35784920000002, 5.4900785999999995], [95.3578545, 5.490103799999999], [95.3579152, 5.4903903], [95.35796519999998, 5.4906821], [95.3579698, 5.490833599999999], [95.3579329, 5.4908349], [95.35749859999999, 5.4908214], [95.3574663, 5.4908242], [95.3574321, 5.490836199999999], [95.357392, 5.490864099999999], [95.3573471, 5.490918800000001], [95.3573321, 5.490955699999999], [95.3573263, 5.4909776], [95.3573255, 5.490999700000001], [95.3573751, 5.491418299999999], [95.3573774, 5.4914395], [95.3573704, 5.4922913], [95.35735629999999, 5.4923167], [95.3573323, 5.4923379], [95.3573047, 5.492344699999999], [95.3571109, 5.4923654], [95.3569735, 5.492388799999999], [95.35696009999998, 5.492400599999999], [95.3569474, 5.492421300000001], [95.3569422, 5.492449199999999], [95.35694319999999, 5.4924875], [95.35695129999999, 5.4926211], [95.35698609999999, 5.4934086], [95.3569722, 5.493459900000001], [95.35695129999999, 5.4934901], [95.35690569999998, 5.4935155], [95.3568126, 5.493532], [95.35674479999999, 5.493535499999999], [95.3567166, 5.493794399999999], [95.35671809999998, 5.494132799999999], [95.35670969999998, 5.4942291], [95.35668849999999, 5.4942656]]}}, {"type": "Feature", "properties": {"layer": "osm_road", "stroke": "#999999"}, "geometry": {"type": "LineString", "coordinates": [[95.3541989, 5.487893499999999], [95.3548376, 5.4878094], [95.3551953, 5.4877623]]}}, {"type": "Feature", "properties": {"layer": "osm_road", "stroke": "#999999"}, "geometry": {"type": "LineString", "coordinates": [[95.3529628, 5.4849162], [95.3529776, 5.4849205], [95.3529999, 5.484940100000001], [95.35304919999999, 5.4850167], [95.3532272, 5.4853968], [95.3533593, 5.4858073], [95.35339079999999, 5.4859481], [95.35339420000001, 5.4860869999999995], [95.3534263, 5.486295199999999], [95.3534646, 5.4864581], [95.3534776, 5.486483299999999], [95.3534991, 5.486504099999999], [95.3535554, 5.4865322], [95.3535673, 5.4865408], [95.3535819, 5.486558399999999], [95.35358889999999, 5.4865721999999995], [95.3536221, 5.4867117], [95.3536409, 5.486741099999999], [95.3537549, 5.4867517999999995], [95.3541291, 5.486741099999999], [95.35442409999999, 5.4866837]]}}, {"type": "Feature", "properties": {"layer": "osm_road", "stroke": "#999999"}, "geometry": {"type": "LineString", "coordinates": [[95.32862359999999, 5.483923299999999], [95.3282578, 5.484023099999998], [95.32779109999998, 5.4841286], [95.32772069999999, 5.484158600000001], [95.32766239999998, 5.4841885999999995], [95.3275336, 5.484310100000001], [95.3274438, 5.4843822], [95.32736999999999, 5.484414299999999], [95.32703739999998, 5.484474299999998], [95.327017, 5.484471299999999], [95.32700019999999, 5.484462599999999], [95.3269881, 5.484446999999999], [95.3268691, 5.4840390999999995], [95.3268416, 5.483997699999999], [95.32670679999998, 5.483850199999999], [95.32667259999998, 5.483798800000001], [95.3266297, 5.4837161], [95.3265667, 5.4834678], [95.32639069999999, 5.482550299999999], [95.32638159999999, 5.4825413], [95.32636889999999, 5.482536999999999], [95.32619319999999, 5.482540600000001], [95.3261711, 5.4825306], [95.32615429999998, 5.482520600000001], [95.32609660000001, 5.4824078], [95.3260752, 5.4823911], [95.32605040000001, 5.4823838], [95.3258861, 5.4824118], [95.3258687, 5.4824091], [95.32584949999999, 5.4824021], [95.32583309999998, 5.4823891], [95.32576199999998, 5.4822409], [95.32571979999999, 5.4822068999999995], [95.32568359999999, 5.482206200000001], [95.32541739999999, 5.4822843], [95.3253812, 5.482281000000001], [95.32534629999999, 5.482273], [95.3252876, 5.482223199999998], [95.32526819999998, 5.482210600000001], [95.325247, 5.4822052], [95.32522089999999, 5.482208199999999], [95.32512099999998, 5.4822423], [95.32488359999999, 5.4823037], [95.32475349999999, 5.482313000000001], [95.3246208, 5.482302299999999], [95.3244303, 5.482270299999999], [95.32426399999999, 5.4822276], [95.3242064, 5.4822276], [95.32406689999999, 5.482279599999999], [95.3239945, 5.482298299999999], [95.32392869999998, 5.4822877000000005], [95.3236511, 5.4822129], [95.3232796, 5.482171499999999], [95.3230718, 5.4821889], [95.3229497, 5.482191499999999]]}}, {"type": "Feature", "properties": {"layer": "osm_road", "stroke": "#999999"}, "geometry": {"type": "LineString", "coordinates": [[95.3267464, 5.4782694], [95.3266257, 5.4783067999999995], [95.32644869999999, 5.4783335], [95.32608929999999, 5.478381499999999], [95.32585319999998, 5.4784322], [95.32574059999999, 5.4784375999999995], [95.32564939999999, 5.4784002], [95.3255877, 5.4782907]]}}, {"type": "Feature", "properties": {"layer": "osm_road", "stroke": "#999999"}, "geometry": {"type": "LineString", "coordinates": [[95.32910139999998, 5.481946600000001], [95.3294742, 5.481889799999999], [95.3296928, 5.4818844], [95.32979879999999, 5.481900500000001], [95.32993019999999, 5.4819271999999994], [95.3300415, 5.481931199999999], [95.33016220000002, 5.4819271999999994], [95.3303308, 5.481905499999999]]}}, {"type": "Feature", "properties": {"layer": "osm_road", "stroke": "#999999"}, "geometry": {"type": "LineString", "coordinates": [[95.3309213, 5.480295899999998], [95.33103529999998, 5.4806964]]}}, {"type": "Feature", "properties": {"layer": "osm_road", "stroke": "#999999"}, "geometry": {"type": "LineString", "coordinates": [[95.3301904, 5.480748400000001], [95.33026009999999, 5.480837899999998], [95.3303325, 5.481022099999999], [95.3303808, 5.481254399999999], [95.3303895, 5.4818538000000006], [95.3303825, 5.481875499999999], [95.33037409999999, 5.4818872], [95.3303617, 5.4818945], [95.3303308, 5.481905499999999]]}}, {"type": "Feature", "properties": {"layer": "osm_road", "stroke": "#999999"}, "geometry": {"type": "LineString", "coordinates": [[95.33151939999999, 5.4802718], [95.33148989999998, 5.4800649], [95.331459, 5.4798847], [95.3314436, 5.4798647], [95.33142520000001, 5.4798503], [95.3313947, 5.479836599999999], [95.3312696, 5.479808899999999], [95.33125589999999, 5.4798033], [95.33124349999999, 5.4797916], [95.3312351, 5.4797671999999995], [95.3312552, 5.4793373999999995], [95.331223, 5.4790944], [95.33118009999998, 5.478888799999999], [95.3311291, 5.478728600000001], [95.33106739999998, 5.4785870999999995], [95.3310513, 5.478482999999999], [95.33103260000001, 5.4783014], [95.3310165, 5.4780965], [95.33085019999999, 5.478088499999999], [95.33059669999999, 5.4781092], [95.330421, 5.4781452], [95.3302762, 5.4782093], [95.3302185, 5.478246699999999], [95.33012329999998, 5.4782827], [95.3299757, 5.4783121]]}}, {"type": "Feature", "properties": {"layer": "osm_road", "stroke": "#999999"}, "geometry": {"type": "LineString", "coordinates": [[95.3283282, 5.482319], [95.3284228, 5.482245599999999], [95.32845089999999, 5.4822169], [95.328514, 5.482134099999999], [95.32852639999999, 5.482121399999999], [95.32854419999998, 5.482112099999999], [95.3286977, 5.482084099999999], [95.3288566, 5.4820347], [95.32910139999998, 5.481946600000001], [95.32909329999998, 5.481873800000001], [95.32906110000002, 5.481665599999999], [95.3290518, 5.4815467], [95.3290712, 5.4814953], [95.32910339999998, 5.4814606], [95.32935219999999, 5.4813832], [95.3296083, 5.4813291], [95.3297371, 5.4812744], [95.32981219999999, 5.481216999999998], [95.3298584, 5.4811609], [95.3301019, 5.4808419], [95.3301904, 5.480748400000001], [95.330354, 5.480590899999999], [95.3305565, 5.480438699999999], [95.3307228, 5.4803613], [95.3309213, 5.480295899999998], [95.33120829999999, 5.480257199999999], [95.3313451, 5.480246499999999], [95.33151939999999, 5.4802718], [95.3318238, 5.480384], [95.33221809999999, 5.4805388], [95.3325936, 5.4806723], [95.33260899999999, 5.4806864], [95.3326168, 5.480701699999999], [95.3326379, 5.480767099999999]]}}, {"type": "Feature", "properties": {"layer": "osm_road", "stroke": "#999999"}, "geometry": {"type": "LineString", "coordinates": [[95.32873789999998, 5.4841606], [95.32862359999999, 5.483923299999999], [95.32857569999999, 5.4837414], [95.32848179999999, 5.4833449000000005], [95.328353, 5.482694799999999], [95.3283282, 5.482319]]}}, {"type": "Feature", "properties": {"layer": "osm_road", "stroke": "#999999"}, "geometry": {"type": "LineString", "coordinates": [[95.3283282, 5.482319], [95.3282484, 5.481700299999998], [95.3281948, 5.481374499999999], [95.32817329999999, 5.4811863], [95.3281787, 5.481147600000001], [95.3281961, 5.4811062], [95.32824109999999, 5.4810348], [95.32824909999998, 5.481001400000001], [95.32824039999998, 5.480920599999999], [95.32815989999999, 5.4805922], [95.3279695, 5.479916700000001], [95.3278193, 5.4793107], [95.32777099999998, 5.4792012], [95.3276664, 5.4790143], [95.32763149999998, 5.478894099999999], [95.327594, 5.478720599999999], [95.3275511, 5.478555100000001], [95.32751619999999, 5.478434899999999], [95.3274035, 5.4782854], [95.3273244, 5.4782227], [95.3271957, 5.478204], [95.32709509999998, 5.4781946], [95.3269663, 5.4781986], [95.3267464, 5.4782694], [95.32669279999999, 5.478232700000001], [95.32660419999999, 5.478159899999999], [95.32643659999998, 5.4779383], [95.32630379999999, 5.477852900000001], [95.32608389999999, 5.4777434000000005], [95.32598469999999, 5.4776766], [95.3259096, 5.4775992], [95.3257956, 5.477451], [95.3257057, 5.477284199999999], [95.32569359999998, 5.4772187], [95.3257057, 5.4770452], [95.3257607, 5.476933099999999], [95.3258157, 5.4768476], [95.32582539999999, 5.4768056], [95.32582839999999, 5.476773500000001], [95.3258237, 5.4767315], [95.3257835, 5.476606000000001], [95.32577009999999, 5.476475200000001], [95.3257634, 5.476306999999999], [95.32572719999999, 5.4761347], [95.3256521, 5.475919799999999], [95.3254858, 5.4754739], [95.3252605, 5.4749279], [95.32526579999998, 5.4748879], [95.32529530000001, 5.4748505], [95.32541739999999, 5.4747597], [95.325534, 5.474640899999999], [95.3256118, 5.4744967], [95.3256427, 5.4743592], [95.32564669999998, 5.474235099999999], [95.3256454, 5.474151], [95.32561719999998, 5.474045499999999], [95.3253624, 5.473511499999999], [95.3251612, 5.473163099999999], [95.325074, 5.473076299999999], [95.3248635, 5.4729188]]}}, {"type": "Feature", "properties": {"layer": "osm_road", "stroke": "#999999"}, "geometry": {"type": "LineString", "coordinates": [[95.33304279999999, 5.480744399999999], [95.33303759999998, 5.480691], [95.3330348, 5.4806436], [95.3330369, 5.4805554999999995], [95.33310189999999, 5.479886], [95.3330965, 5.479781899999999], [95.3330865, 5.4797305], [95.3330724, 5.479701799999998], [95.33301269999998, 5.479657099999999], [95.33300059999999, 5.4796423999999995], [95.3329933, 5.4796124], [95.33301269999998, 5.4795169], [95.3330724, 5.479419499999998], [95.3330818, 5.479393399999999], [95.3330845, 5.479333399999999], [95.3330711, 5.4792693], [95.3330509, 5.4792292], [95.3329457, 5.479076399999999], [95.33291899999999, 5.4790617], [95.33289739999998, 5.4790543], [95.33286669999998, 5.4790507999999996], [95.33283539999998, 5.4790507999999996], [95.33262039999998, 5.4790944], [95.33238979999999, 5.479193199999999], [95.3322959, 5.479243900000001]]}}, {"type": "Feature", "properties": {"layer": "osm_road", "stroke": "#999999"}, "geometry": {"type": "LineString", "coordinates": [[95.3321266, 5.4819332], [95.3323348, 5.4818631], [95.3329517, 5.4816789], [95.33305759999999, 5.4816175], [95.3331596, 5.481537399999999], [95.3332266, 5.4814492999999995], [95.33330710000001, 5.4813852], [95.3334935, 5.481275799999999], [95.33359609999998, 5.481259099999999], [95.33368859999999, 5.4812504], [95.3337832, 5.481251099999999]]}}, {"type": "Feature", "properties": {"layer": "osm_road", "stroke": "#999999"}, "geometry": {"type": "LineString", "coordinates": [[95.32861719999998, 5.4934252], [95.3284979, 5.493406499999999], [95.32823770000002, 5.4934052], [95.32819879999998, 5.493383799999999], [95.3281841, 5.4933531], [95.3281707, 5.492929899999999], [95.32815989999999, 5.492903199999999], [95.3281412, 5.4928939], [95.3275483, 5.4929086]]}}, {"type": "Feature", "properties": {"layer": "osm_road", "stroke": "#999999"}, "geometry": {"type": "LineString", "coordinates": [[95.32966639999998, 5.4940663999999995], [95.32965119999999, 5.4936587999999995], [95.32966459999999, 5.4932984], [95.3296593, 5.493253], [95.3296391, 5.493221], [95.32958150000002, 5.493186199999999], [95.32941119999998, 5.4931154], [95.3293951, 5.493094799999999], [95.3293897, 5.4930728], [95.32939639999998, 5.4926256], [95.3293722, 5.492598900000001], [95.32933219999998, 5.4925768], [95.32908560000001, 5.4925701999999985], [95.3290412, 5.4925436], [95.32901, 5.492501599999999], [95.3289925, 5.492238799999999]]}}, {"type": "Feature", "properties": {"layer": "osm_road", "stroke": "#999999"}, "geometry": {"type": "LineString", "coordinates": [[95.3244317, 5.492361599999999], [95.32435, 5.4929973], [95.3243539, 5.493522700000001], [95.3243673, 5.4939365], [95.3243391, 5.4941], [95.324323, 5.494154099999999], [95.32429449999998, 5.4942222], [95.3235834, 5.495222299999999]]}}, {"type": "Feature", "properties": {"layer": "osm_road", "stroke": "#999999"}, "geometry": {"type": "LineString", "coordinates": [[95.32516049999998, 5.4939858], [95.32532749999999, 5.4939845], [95.3254234, 5.4939952000000005], [95.3255045, 5.494016600000001], [95.32557359999998, 5.494058599999999], [95.3256279, 5.49411], [95.325695, 5.4941848], [95.3257218, 5.494240899999999], [95.32576199999998, 5.4944717999999995], [95.32577539999998, 5.494665399999998], [95.3257728, 5.494812200000001], [95.3257634, 5.494840899999999], [95.32572719999999, 5.4948809999999995], [95.3256923, 5.494897600000001], [95.32555819999999, 5.4949377], [95.3255287, 5.4949644], [95.3255179, 5.495020499999999], [95.32563059999998, 5.495776], [95.32564130000002, 5.4958291], [95.32565900000002, 5.495910599999998], [95.3255957, 5.4959549], [95.3255629, 5.4959883000000005], [95.3255434, 5.4960183], [95.325534, 5.4960697], [95.3255766, 5.496340000000001]]}}, {"type": "Feature", "properties": {"layer": "osm_road", "stroke": "#999999"}, "geometry": {"type": "LineString", "coordinates": [[95.3239463, 5.488920800000001], [95.32413609999999, 5.489373799999999], [95.324171, 5.48943], [95.3241941, 5.489426], [95.32432389999998, 5.4893918], [95.32438219999999, 5.489389799999999], [95.32443629999999, 5.489446000000001], [95.32453189999998, 5.489442], [95.3248139, 5.489393599999999]]}}, {"type": "Feature", "properties": {"layer": "osm_road", "stroke": "#999999"}, "geometry": {"type": "LineString", "coordinates": [[95.32370880000002, 5.4923065], [95.3236565, 5.4917926], [95.3236414, 5.4914829], [95.3236317, 5.4914461999999995], [95.3236163, 5.4914220999999985], [95.3235965, 5.4913987], [95.32357029999999, 5.491376099999998], [95.32340299999998, 5.491249200000001], [95.3230667, 5.490913199999999], [95.3230337, 5.490883499999999], [95.3230188, 5.4908701], [95.3229766, 5.4908214], [95.3228803, 5.4906435], [95.32284459999998, 5.490606], [95.32282099999999, 5.490593099999999], [95.3227024, 5.4905899]]}}, {"type": "Feature", "properties": {"layer": "osm_road", "stroke": "#999999"}, "geometry": {"type": "LineString", "coordinates": [[95.3243754, 5.4956914999999995], [95.3242761, 5.4960083], [95.32423449999999, 5.496131499999999], [95.32422179999999, 5.496152499999999], [95.32420399999998, 5.496173799999999], [95.3240722, 5.496279299999999], [95.3238671, 5.4964068], [95.32381779999999, 5.496431199999998], [95.3235987, 5.496488199999999], [95.32358509999999, 5.4964964], [95.3235732, 5.496511399999998], [95.3235628, 5.4964975], [95.3235804, 5.4966594], [95.3235978, 5.496771599999999], [95.32360870000001, 5.496796299999999], [95.32362549999999, 5.496823099999999], [95.32370679999998, 5.4969154], [95.32377449999998, 5.4970295], [95.32390259999998, 5.4973232], [95.32395959999998, 5.497436000000001], [95.3239626, 5.4974579], [95.3239616, 5.497476699999999], [95.3239705, 5.4975072], [95.3239187, 5.497519999999999], [95.32378519999999, 5.4975518], [95.3237052, 5.497573400000001], [95.32369089999999, 5.4976062], [95.32369150000001, 5.4977551], [95.3236967, 5.497831799999999], [95.32372019999998, 5.4979058], [95.3237405, 5.497967499999998], [95.3237811, 5.4980301], [95.32380019999998, 5.498086599999999], [95.3238128, 5.4982527], [95.32380459999999, 5.4987403], [95.32379160000002, 5.498891999999999], [95.32377079999999, 5.4991783], [95.3237735, 5.499415099999999], [95.3237695, 5.499481100000001], [95.32376609999999, 5.4994917999999995], [95.3237152, 5.499540599999999], [95.323683, 5.499566199999999], [95.32366559999998, 5.4995926], [95.32365549999999, 5.499628], [95.32365250000001, 5.499686699999999], [95.32367331905756, 5.50008673722183]]}}, {"type": "Feature", "properties": {"layer": "osm_road", "stroke": "#999999"}, "geometry": {"type": "LineString", "coordinates": [[95.3233427, 5.493068799999999], [95.323218, 5.493147099999999], [95.3231645, 5.493183800000001], [95.3230529, 5.493224499999999], [95.32284, 5.4932677], [95.32278779999999, 5.4932932], [95.3227486, 5.4933451], [95.32273649999999, 5.4938777], [95.3227345, 5.4942502], [95.3227271, 5.4944077], [95.32270359999998, 5.494560899999999], [95.32269059999999, 5.494612300000001], [95.32264529999999, 5.4947213999999995]]}}, {"type": "Feature", "properties": {"layer": "osm_road", "stroke": "#999999"}, "geometry": {"type": "LineString", "coordinates": [[95.32306460000001, 5.4893983], [95.323219, 5.4894015], [95.32330219999999, 5.4893968], [95.3235333, 5.489419900000001], [95.32363099999999, 5.4894544], [95.3238288, 5.4895385999999995], [95.32400859999998, 5.489624], [95.32407829999998, 5.489669999999999], [95.32410049999999, 5.489703600000001], [95.32420569999998, 5.4898629], [95.32422459999998, 5.489884600000001], [95.3243083, 5.4899637], [95.32437699999998, 5.490040799999998], [95.32447119999999, 5.4901349], [95.3249601, 5.490505700000001], [95.32503509999998, 5.4905564], [95.32515849999999, 5.490620499999999], [95.32529, 5.490713899999999], [95.32531809999999, 5.490743299999998], [95.3253349, 5.490772], [95.32535699999998, 5.490828699999999], [95.32536769999999, 5.4908901], [95.32538650000001, 5.491047699999999], [95.32545160000001, 5.491292], [95.3254965, 5.491410799999999], [95.3255193, 5.4914501], [95.32555010000002, 5.4914775], [95.3255842, 5.4914934], [95.3256876, 5.4915416], [95.32572719999999, 5.4915683], [95.32575, 5.491594299999998], [95.32577009999999, 5.491643], [95.3258237, 5.491894], [95.3259069, 5.492110300000001], [95.3259203, 5.492188999999998], [95.32593169999998, 5.492227799999999], [95.3258519, 5.4922731], [95.32580089999999, 5.4923219], [95.32575669999999, 5.4924307], [95.32573589999998, 5.492469999999998], [95.32570909999998, 5.4925001], [95.3256789, 5.492518799999998], [95.32546429999998, 5.492550799999999], [95.32524169999999, 5.492590899999999], [95.3252014, 5.4925375], [95.32517459999998, 5.4924921], [95.3251518, 5.4924667], [95.32511899999999, 5.49245], [95.3250781, 5.4924387], [95.3247079, 5.492374599999999], [95.3244317, 5.492361599999999], [95.32370880000002, 5.4923065], [95.3236791, 5.4923496], [95.32364539999999, 5.492406999999998], [95.3236109, 5.4924737], [95.3235948, 5.4924984], [95.3235737, 5.4925234000000005], [95.3234726, 5.492608700000001], [95.3234602, 5.492623899999999], [95.3234495, 5.492698200000001], [95.3234466, 5.4927697], [95.3234345, 5.4927924], [95.3234258, 5.492800400000001], [95.3233377, 5.4928475], [95.3233242, 5.492865899999999], [95.3233192, 5.492895599999998], [95.3233216, 5.492929899999999], [95.3233427, 5.493068799999999]]}}, {"type": "Feature", "properties": {"layer": "osm_road", "stroke": "#999999"}, "geometry": {"type": "LineString", "coordinates": [[95.32550199999999, 5.489249299999999], [95.32556619999998, 5.489669999999999], [95.32566009999998, 5.4899263], [95.32570699999998, 5.490067800000001], [95.32570640000002, 5.4900848], [95.325695, 5.4900998], [95.3255984, 5.4901371999999995], [95.32557029999998, 5.4901572], [95.3255649, 5.490184], [95.3256252, 5.4904149]]}}, {"type": "Feature", "properties": {"layer": "osm_road", "stroke": "#999999"}, "geometry": {"type": "LineString", "coordinates": [[95.3250997, 5.4890624], [95.325133, 5.4894123], [95.3251277, 5.4895230999999995], [95.32509419999998, 5.489643299999999], [95.32504319999998, 5.489910299999999], [95.32503509999998, 5.4905564]]}}, {"type": "Feature", "properties": {"layer": "osm_road", "stroke": "#999999"}, "geometry": {"type": "LineString", "coordinates": [[95.3271414, 5.4861958], [95.32752489999999, 5.486138399999999], [95.32799969999999, 5.4860723]]}}, {"type": "Feature", "properties": {"layer": "osm_road", "stroke": "#999999"}, "geometry": {"type": "LineString", "coordinates": [[95.32486749999998, 5.4867104], [95.3250888, 5.4870615], [95.3253624, 5.4873605], [95.3254992, 5.4875955], [95.32554749999998, 5.487640899999998], [95.3255877, 5.487648900000001], [95.32564399999998, 5.487645499999998], [95.3257111, 5.487627500000001], [95.3257946, 5.487577400000001], [95.3259203, 5.487502], [95.326041, 5.4874353], [95.3261027, 5.4874179], [95.3262234, 5.487405899999999], [95.3263602, 5.487376499999999], [95.326544, 5.487313299999999], [95.3268617, 5.487134899999999], [95.32688449999999, 5.487072000000001], [95.3268539, 5.4869709], [95.3268477, 5.486932], [95.3268949, 5.486896099999999], [95.3270123, 5.486825700000001], [95.32720509999999, 5.486729099999999]]}}, {"type": "Feature", "properties": {"layer": "osm_road", "stroke": "#999999"}, "geometry": {"type": "LineString", "coordinates": [[95.32676919999999, 5.4856291], [95.32665520000002, 5.485387399999999], [95.32653649999999, 5.4851684999999994], [95.32648089999999, 5.485080399999999], [95.3264277, 5.4849796], [95.3263146, 5.484762699999999], [95.32623949999999, 5.4846399], [95.32619589999999, 5.4845998], [95.32616370000001, 5.4845885], [95.3261174, 5.484587099999999], [95.32594979999999, 5.4846158], [95.3258264, 5.4846292], [95.32576870000001, 5.4846218], [95.3255515, 5.484585099999999], [95.32533559999999, 5.484533099999999], [95.3250995, 5.484471699999999], [95.32497479999999, 5.484465], [95.32481519999999, 5.484467699999999], [95.3245443, 5.484460999999999], [95.3244096, 5.4844389], [95.32433239999999, 5.484426299999999], [95.32401319999998, 5.484420899999999], [95.3238469, 5.4844289], [95.32369939999998, 5.4844476], [95.3235251, 5.484479699999999], [95.32339229999998, 5.4845137], [95.32336949999998, 5.484514399999999], [95.32332929999998, 5.484501700000001], [95.32331589999998, 5.484487699999999], [95.3232917, 5.4843836], [95.3232756, 5.484226], [95.3232689, 5.4842], [95.3232327, 5.4841219], [95.32321259999999, 5.4840899], [95.3231898, 5.484041799999999], [95.32317099999999, 5.483968399999998], [95.3231536, 5.483829499999999], [95.32314419999999, 5.4837907999999995], [95.3231328, 5.4837660999999995], [95.32311539999999, 5.483743400000001], [95.3230919, 5.483720099999999], [95.3230678, 5.4837093999999995], [95.32303389999998, 5.483703499999999]]}}, {"type": "Feature", "properties": {"layer": "osm_road", "stroke": "#999999"}, "geometry": {"type": "LineString", "coordinates": [[95.3238939, 5.4876802], [95.32406749999998, 5.4876849], [95.3245845, 5.4876248], [95.32473679999998, 5.4876108], [95.3247612, 5.487612500000001], [95.3247937, 5.4876248], [95.3248236, 5.4876429], [95.32486319999998, 5.4876766], [95.32497109999998, 5.4877557], [95.3250472, 5.4878344], [95.3250754, 5.4878798], [95.3252906, 5.488567999999999]]}}, {"type": "Feature", "properties": {"layer": "osm_road", "stroke": "#999999"}, "geometry": {"type": "LineString", "coordinates": [[95.32375909999999, 5.4880866], [95.32459389999998, 5.488053999999999], [95.3246389, 5.488064699999999], [95.324657, 5.488078199999999], [95.32466899999999, 5.488096099999999], [95.3247988, 5.488985199999999]]}}, {"type": "Feature", "properties": {"layer": "osm_road", "stroke": "#999999"}, "geometry": {"type": "LineString", "coordinates": [[95.3282842, 5.4878483000000005], [95.32828739999998, 5.4878219], [95.32829009999999, 5.4876996999999985], [95.32829399999999, 5.487425899999999], [95.3282846, 5.4872951], [95.3282417, 5.4871803], [95.3281693, 5.486972099999999], [95.3281345, 5.486861299999999], [95.328136, 5.486765199999999], [95.3281689, 5.486637799999999], [95.32814779999998, 5.4865369], [95.32809829999998, 5.486398], [95.32802110000002, 5.4862178], [95.32800569999999, 5.486169099999999], [95.32799499999999, 5.486119], [95.32799969999999, 5.4860723], [95.3280439, 5.4860129], [95.32805729999998, 5.4859802], [95.32806339999999, 5.485929399999999], [95.32805, 5.4857826], [95.3279266, 5.4848214]]}}, {"type": "Feature", "properties": {"layer": "osm_road", "stroke": "#999999"}, "geometry": {"type": "LineString", "coordinates": [[95.3286804, 5.4895416], [95.3286427, 5.4893256], [95.32862689999999, 5.4893113], [95.32861319999999, 5.4892989], [95.3285649, 5.4893015], [95.3280313, 5.4894068]]}}, {"type": "Feature", "properties": {"layer": "osm_road", "stroke": "#999999"}, "geometry": {"type": "LineString", "coordinates": [[95.3029203, 5.498148199999999], [95.3037687, 5.4981929], [95.30376259999998, 5.4983171], [95.30377089999999, 5.498325399999999], [95.3037847, 5.4983291], [95.3046114, 5.498337200000001], [95.3050742, 5.4983418]]}}, {"type": "Feature", "properties": {"layer": "osm_road", "stroke": "#999999"}, "geometry": {"type": "LineString", "coordinates": [[95.31027099999999, 5.498431699999999], [95.31035769999998, 5.498540199999999]]}}, {"type": "Feature", "properties": {"layer": "osm_road", "stroke": "#999999"}, "geometry": {"type": "LineString", "coordinates": [[95.3094233, 5.4951079], [95.3094307, 5.4953715], [95.30945449999999, 5.4955], [95.30958899999999, 5.4957767], [95.3096564, 5.495986], [95.30967549999998, 5.496016999999999], [95.30978749999998, 5.4961491], [95.30981999999999, 5.4962029], [95.30986759999999, 5.4963398], [95.3099235, 5.4965418], [95.3099846, 5.4969081], [95.309989, 5.496979100000001], [95.30998729999999, 5.497027499999999], [95.30995979999999, 5.4971647], [95.3099575, 5.497260200000001], [95.3099621, 5.497338599999999], [95.31009759999999, 5.497944399999999], [95.310151, 5.498136399999999], [95.31021229999999, 5.498332800000001], [95.3102334, 5.4983765], [95.31027099999999, 5.498431699999999]]}}, {"type": "Feature", "properties": {"layer": "osm_road", "stroke": "#999999"}, "geometry": {"type": "LineString", "coordinates": [[95.30945819999998, 5.4947254], [95.30949979999998, 5.4947742], [95.3095293, 5.4947894999999995], [95.30958159999999, 5.4947922], [95.3098974, 5.4947828], [95.3101368, 5.494766799999999], [95.31029169999998, 5.494765499999999], [95.3103541, 5.494772199999998], [95.31039839999998, 5.4947908], [95.31043859999998, 5.494799499999999], [95.3104922, 5.4948014999999995], [95.31057799999999, 5.4947862], [95.3106572, 5.4947922], [95.31072759999999, 5.494804200000001], [95.3108067, 5.4948022000000005], [95.3108516, 5.494794899999999], [95.3109181, 5.4947901], [95.31096759999998, 5.4947929], [95.3110327, 5.4948315999999995], [95.31110639999999, 5.4948495999999984], [95.311207, 5.4948449]]}}, {"type": "Feature", "properties": {"layer": "osm_road", "stroke": "#999999"}, "geometry": {"type": "LineString", "coordinates": [[95.30946089999999, 5.4945785], [95.30989679999999, 5.4945879], [95.311195, 5.4945479]]}}, {"type": "Feature", "properties": {"layer": "osm_road", "stroke": "#999999"}, "geometry": {"type": "LineString", "coordinates": [[95.30946889999998, 5.494202099999999], [95.31065049999998, 5.4941874], [95.31123809999998, 5.494186], [95.31231339999998, 5.494144699999999], [95.3125253, 5.494128699999999], [95.3126661, 5.4941794]]}}, {"type": "Feature", "properties": {"layer": "osm_road", "stroke": "#999999"}, "geometry": {"type": "LineString", "coordinates": [[95.30513069999999, 5.495491399999999], [95.305258, 5.4955014]]}}, {"type": "Feature", "properties": {"layer": "osm_road", "stroke": "#999999"}, "geometry": {"type": "LineString", "coordinates": [[95.30407499999998, 5.4950604], [95.3041354, 5.4949644], [95.3042507, 5.494927], [95.30435, 5.4949404], [95.3044626, 5.4949404], [95.3045645, 5.494919], [95.30469060000001, 5.494929699999999], [95.30475229999999, 5.494961699999999], [95.3047872, 5.495020499999999], [95.3047872, 5.495076399999999]]}}, {"type": "Feature", "properties": {"layer": "osm_road", "stroke": "#999999"}, "geometry": {"type": "LineString", "coordinates": [[95.30950109999999, 5.4925708], [95.3096057, 5.4925615], [95.3097899, 5.492552599999998]]}}, {"type": "Feature", "properties": {"layer": "osm_road", "stroke": "#999999"}, "geometry": {"type": "LineString", "coordinates": [[95.313114, 5.4938565], [95.3131047, 5.493730899999999], [95.31310329999998, 5.4936748], [95.3131074, 5.4936587999999995], [95.3131127, 5.493646799999999], [95.3131556, 5.4935881]]}}, {"type": "Feature", "properties": {"layer": "osm_road", "stroke": "#999999"}, "geometry": {"type": "LineString", "coordinates": [[95.3125253, 5.494128699999999], [95.312575, 5.494068599999999], [95.31259369999998, 5.4939899], [95.3126371, 5.4937757]]}}, {"type": "Feature", "properties": {"layer": "osm_road", "stroke": "#999999"}, "geometry": {"type": "LineString", "coordinates": [[95.31210419999998, 5.493781599999999], [95.31238719999999, 5.4937708999999995]]}}, {"type": "Feature", "properties": {"layer": "osm_road", "stroke": "#999999"}, "geometry": {"type": "LineString", "coordinates": [[95.3121161, 5.493666899999999], [95.31210419999998, 5.493781599999999], [95.3112741, 5.4938177], [95.3112432, 5.493842999999999], [95.31123649999999, 5.4938871], [95.31123809999998, 5.494186]]}}, {"type": "Feature", "properties": {"layer": "osm_road", "stroke": "#999999"}, "geometry": {"type": "LineString", "coordinates": [[95.3106576, 5.493397000000001], [95.3106615, 5.4934959], [95.3106661, 5.493521500000001]]}}, {"type": "Feature", "properties": {"layer": "osm_road", "stroke": "#999999"}, "geometry": {"type": "LineString", "coordinates": [[95.3106661, 5.493521500000001], [95.3106742, 5.4935409], [95.31069449999998, 5.4935727], [95.31070279999999, 5.4935957], [95.31070569999999, 5.4936191999999995], [95.31071389999998, 5.493822999999999], [95.31070569999999, 5.493845099999999], [95.31068649999999, 5.4938547], [95.31038419999999, 5.493871899999999], [95.31036899999998, 5.493865899999999], [95.3103607, 5.4938511000000005], [95.31035459999998, 5.4937092], [95.31034739999998, 5.493539999999999], [95.3106661, 5.493521500000001]]}}, {"type": "Feature", "properties": {"layer": "osm_road", "stroke": "#999999"}, "geometry": {"type": "LineString", "coordinates": [[95.3310879, 5.4993661], [95.3313725, 5.4997875], [95.33141209999998, 5.4997995], [95.33143419999999, 5.4998002], [95.33146709999998, 5.4997808], [95.3317085, 5.499673999999999], [95.3317782, 5.499645999999999], [95.33184799999998, 5.499635399999999], [95.3319217, 5.4996514], [95.33202229999999, 5.499682099999999], [95.33220469999999, 5.4997221], [95.3323951, 5.4997541], [95.3325668, 5.4997702], [95.3328833, 5.499762199999999], [95.33315149999999, 5.499744899999999], [95.33343850000001, 5.4997221], [95.3340904, 5.499695], [95.3341995, 5.499711499999999], [95.3345865, 5.4997755], [95.3348614, 5.499792899999999], [95.3354113, 5.4997328], [95.33571439999999, 5.499673999999999], [95.33582870000001, 5.499619300000001], [95.3358468, 5.499616299999999], [95.3358662, 5.4996149999999995], [95.33598389999999, 5.49963], [95.3360097, 5.49963], [95.33620249999998, 5.4996033], [95.33637819999998, 5.499585899999999]]}}, {"type": "Feature", "properties": {"layer": "osm_road", "stroke": "#999999"}, "geometry": {"type": "LineString", "coordinates": [[95.33253729999998, 5.498387199999999], [95.3330952, 5.4981389]]}}, {"type": "Feature", "properties": {"layer": "osm_road", "stroke": "#999999"}, "geometry": {"type": "LineString", "coordinates": [[95.33253729999998, 5.498387199999999], [95.3326292, 5.4986508], [95.33264389999998, 5.498668800000001], [95.3326714, 5.498687499999999], [95.3328069, 5.4987036], [95.3328786, 5.498702899999999], [95.33292149999998, 5.498696899999999], [95.3329624, 5.4986835], [95.3331254, 5.498585399999999], [95.33315549999999, 5.4985647], [95.33317970000002, 5.498539399999999], [95.333299, 5.498364499999999], [95.3334694, 5.498133499999999], [95.3336625, 5.497947999999999], [95.33374969999998, 5.4979093], [95.33380329999999, 5.4979039], [95.3338757, 5.497918600000001], [95.3339213, 5.497937300000001], [95.33394949999999, 5.497984], [95.3339589, 5.4980321]]}}, {"type": "Feature", "properties": {"layer": "osm_road", "stroke": "#999999"}, "geometry": {"type": "LineString", "coordinates": [[95.32630629999998, 5.496632199999998], [95.3261456, 5.4962272], [95.3261161, 5.496148499999999], [95.3260879, 5.496097800000001], [95.326041, 5.496035], [95.32593639999999, 5.4959682999999995]]}}, {"type": "Feature", "properties": {"layer": "osm_road", "stroke": "#999999"}, "geometry": {"type": "LineString", "coordinates": [[95.3249332, 5.4959923], [95.3251076, 5.4966544]]}}, {"type": "Feature", "properties": {"layer": "osm_road", "stroke": "#999999"}, "geometry": {"type": "LineString", "coordinates": [[95.3258868, 5.496937399999999], [95.3258163, 5.496928099999999], [95.3256508, 5.496928], [95.3255126, 5.4969828], [95.3253248, 5.4970789], [95.32515049999999, 5.497145699999999], [95.32472129999998, 5.4972924999999995], [95.3240079, 5.4974967999999995], [95.3239705, 5.4975072]]}}, {"type": "Feature", "properties": {"layer": "osm_road", "stroke": "#999999"}, "geometry": {"type": "LineString", "coordinates": [[95.32784609999999, 5.495476999999999], [95.3277737, 5.495426299999999], [95.32772, 5.4954022999999985], [95.3275698, 5.4953715], [95.3275309, 5.495358200000001], [95.32747729999998, 5.4953328], [95.32721039999998, 5.495031099999999], [95.3271326, 5.494999099999999], [95.3270495, 5.494985799999999], [95.326851, 5.494972399999999], [95.3268353, 5.4949703], [95.32676119999999, 5.494960399999999], [95.3266717, 5.4949386], [95.3266012, 5.4948825]]}}, {"type": "Feature", "properties": {"layer": "osm_road", "stroke": "#999999"}, "geometry": {"type": "LineString", "coordinates": [[95.32748669999998, 5.497418], [95.32750659999999, 5.4980021], [95.32751619999999, 5.498283099999999]]}}, {"type": "Feature", "properties": {"layer": "osm_road", "stroke": "#999999"}, "geometry": {"type": "LineString", "coordinates": [[95.32713836481342, 5.50008673722183], [95.3271047, 5.4999767]]}}, {"type": "Feature", "properties": {"layer": "osm_road", "stroke": "#999999"}, "geometry": {"type": "LineString", "coordinates": [[95.32524169999999, 5.492590899999999], [95.32522559999998, 5.4931249], [95.32521139999999, 5.493330399999999], [95.3251697, 5.493745099999998], [95.32516049999998, 5.4939858], [95.32511829999999, 5.4942595], [95.3250807, 5.4944543999999995], [95.32490639999999, 5.494814899999999], [95.32462809999998, 5.495197999999999], [95.32452719999999, 5.495323199999999], [95.32450139999999, 5.4953639], [95.3243754, 5.4956914999999995]]}}, {"type": "Feature", "properties": {"layer": "osm_road", "stroke": "#999999"}, "geometry": {"type": "LineString", "coordinates": [[95.32822699999998, 5.4951486], [95.3278971, 5.4945572999999985], [95.32787019999999, 5.4945238000000005], [95.327818, 5.4944958], [95.3275975, 5.4945102], [95.32740189999998, 5.4945387], [95.32717560000002, 5.4945586]]}}, {"type": "Feature", "properties": {"layer": "osm_road", "stroke": "#999999"}, "geometry": {"type": "LineString", "coordinates": [[95.3295359, 5.4940663999999995], [95.32957079999998, 5.4945879], [95.32961639999999, 5.494919], [95.3296325, 5.495196699999999], [95.3295666, 5.4955466]]}}, {"type": "Feature", "properties": {"layer": "osm_road", "stroke": "#999999"}, "geometry": {"type": "LineString", "coordinates": [[95.32542228018563, 5.50008673722183], [95.32539749999998, 5.5000328], [95.3253644, 5.499979100000001], [95.32532279999998, 5.499956799999999], [95.32522579999998, 5.499899599999999], [95.3251719, 5.4998021999999995], [95.3251398, 5.4996687], [95.32514509999999, 5.4995592], [95.3251827, 5.499372400000001], [95.325239, 5.4992175], [95.3252378, 5.499158799999999], [95.32523629999999, 5.499084000000001], [95.32517459999998, 5.498785], [95.32518399999998, 5.4986955], [95.32521349999999, 5.498635499999999], [95.3252846, 5.498582100000001], [95.32534629999999, 5.4985487], [95.32543749999999, 5.498517999999999], [95.3257728, 5.4984379], [95.32597389999998, 5.4983631], [95.3261402, 5.498277700000001], [95.32617239999999, 5.4982296], [95.32618309999998, 5.498162899999999], [95.32618309999998, 5.4980788], [95.3261617, 5.4979653], [95.32608119999999, 5.4976775], [95.32595789999999, 5.497211399999999], [95.3258868, 5.496937399999999], [95.326049, 5.4969454], [95.32615699999998, 5.4969234], [95.32622869999999, 5.496897399999999], [95.3262529, 5.496872], [95.32627169999999, 5.496833299999999], [95.3262882, 5.4967411], [95.32630629999998, 5.496632199999998], [95.32639, 5.4965968], [95.3265157, 5.496611099999999], [95.32666929999999, 5.496616400000001], [95.3267813, 5.496609], [95.3268819, 5.496581699999999], [95.32699319999999, 5.4965288999999995], [95.32723989999998, 5.496315399999999], [95.3274572, 5.4960003], [95.32761809999998, 5.49572], [95.3276879, 5.495607800000001], [95.3277576, 5.4955357], [95.32784609999999, 5.495476999999999], [95.32802310000001, 5.495323499999999], [95.32813849999998, 5.4952074], [95.32822699999998, 5.4951486], [95.32836579999999, 5.495109899999999], [95.32857970000002, 5.495034499999999], [95.32867019999999, 5.495012399999999], [95.32875539999999, 5.494999099999999], [95.3288573, 5.495012499999999], [95.3289565, 5.495060499999999], [95.32912279999998, 5.495151300000001], [95.3292234, 5.49523], [95.32942729999999, 5.4954589999999985], [95.3294843, 5.4955024], [95.3295666, 5.4955466], [95.3296995, 5.495607800000001], [95.3298551, 5.495669199999999]]}}, {"type": "Feature", "properties": {"layer": "osm_road", "stroke": "#999999"}, "geometry": {"type": "LineString", "coordinates": [[95.3338371, 5.4965739], [95.3338901, 5.4965462]]}}, {"type": "Feature", "properties": {"layer": "osm_road", "stroke": "#999999"}, "geometry": {"type": "LineString", "coordinates": [[95.33277359999998, 5.4966154000000005], [95.3332142, 5.4966286], [95.33371449999999, 5.496609], [95.3337912, 5.496590999999999], [95.3338371, 5.4965739]]}}, {"type": "Feature", "properties": {"layer": "osm_road", "stroke": "#999999"}, "geometry": {"type": "LineString", "coordinates": [[95.3350162, 5.496807700000001], [95.33513099999999, 5.496570299999999], [95.3351853, 5.496484899999999], [95.33522819999999, 5.4964649], [95.33528789999998, 5.4964542], [95.3355454, 5.496454899999999], [95.3355856, 5.496461499999999], [95.33577669999998, 5.4965403], [95.3358277, 5.496548999999999], [95.33620249999998, 5.496570299999999], [95.3363045, 5.4965937], [95.3363427, 5.4966337], [95.3363561, 5.496693099999999], [95.3363483, 5.4968216]]}}, {"type": "Feature", "properties": {"layer": "osm_road", "stroke": "#999999"}, "geometry": {"type": "LineString", "coordinates": [[95.3370191, 5.497305299999999], [95.33702729999999, 5.4975809], [95.337034, 5.497831799999999], [95.3370233, 5.4979346], [95.33698839999998, 5.4980134], [95.3369401, 5.4980962], [95.33692139999998, 5.498164199999999], [95.336916, 5.498251]]}}, {"type": "Feature", "properties": {"layer": "osm_road", "stroke": "#999999"}, "geometry": {"type": "LineString", "coordinates": [[95.34197599999999, 5.4988651], [95.3419706, 5.4985474], [95.3419753, 5.4985086], [95.3421839, 5.498503299999999], [95.34223009999998, 5.498492], [95.34225629999999, 5.4984779], [95.3422683, 5.498461899999999], [95.342271, 5.498364499999999], [95.3422308, 5.4978211]]}}, {"type": "Feature", "properties": {"layer": "osm_road", "stroke": "#999999"}, "geometry": {"type": "LineString", "coordinates": [[95.3408693, 5.498687099999999], [95.3411083, 5.4986769], [95.3411324, 5.498680899999999], [95.3411673, 5.498692899999999], [95.34160180000002, 5.4989064999999995], [95.3416219, 5.498913099999999], [95.3416367, 5.498914499999999], [95.34197599999999, 5.4988651], [95.3420913, 5.498825], [95.34215169999999, 5.498809], [95.3421973, 5.498804999999999], [95.34238900000001, 5.498811699999998]]}}, {"type": "Feature", "properties": {"layer": "osm_road", "stroke": "#999999"}, "geometry": {"type": "LineString", "coordinates": [[95.34076729999998, 5.4980379], [95.3411391, 5.497984]]}}, {"type": "Feature", "properties": {"layer": "osm_road", "stroke": "#999999"}, "geometry": {"type": "LineString", "coordinates": [[95.34098909999999, 5.4991619], [95.3403566, 5.4993683], [95.3403284, 5.499369699999999], [95.3403013, 5.4993606], [95.34022119999999, 5.4992916], [95.3401933, 5.499283899999999], [95.34016209999999, 5.4992822], [95.3399791, 5.499329000000001], [95.33993479999998, 5.4993303], [95.3398896, 5.499325899999999], [95.339848, 5.499312899999999], [95.3397288, 5.499258499999999]]}}, {"type": "Feature", "properties": {"layer": "osm_road", "stroke": "#999999"}, "geometry": {"type": "LineString", "coordinates": [[95.3412663, 5.499908199999998], [95.34108549999999, 5.499966399999999], [95.3409501, 5.5000224]]}}, {"type": "Feature", "properties": {"layer": "osm_road", "stroke": "#999999"}, "geometry": {"type": "LineString", "coordinates": [[95.33416157618176, 5.50008673722183], [95.33417079999998, 5.5000612], [95.3341915, 5.499911699999999], [95.3341995, 5.499711499999999]]}}, {"type": "Feature", "properties": {"layer": "osm_road", "stroke": "#999999"}, "geometry": {"type": "LineString", "coordinates": [[95.3379481, 5.4970711], [95.3379287, 5.497072199999999], [95.3378883, 5.4970736], [95.33719629999999, 5.497247099999999], [95.3370191, 5.497305299999999], [95.3369209, 5.497327599999999], [95.33690739999999, 5.497327100000001], [95.3368919, 5.4973208], [95.33671349999999, 5.497199099999999], [95.3367026, 5.497194299999999], [95.33660030000001, 5.4971917999999995], [95.33657669999998, 5.497183099999999], [95.3365433, 5.4971515], [95.3365204, 5.497108299999999], [95.3365049, 5.496929199999999], [95.33649679999999, 5.4969019], [95.3364815, 5.4968767], [95.33646939999998, 5.496862800000001], [95.33645169999998, 5.4968498], [95.33641039999999, 5.496833299999999], [95.3363483, 5.4968216], [95.3362783, 5.49682], [95.33589269999999, 5.496846], [95.3351833, 5.4968814], [95.335129, 5.4968767], [95.3350499, 5.4968351]]}}, {"type": "Feature", "properties": {"layer": "osm_road", "stroke": "#999999"}, "geometry": {"type": "LineString", "coordinates": [[95.33802909999999, 5.4965455], [95.33826649999999, 5.4965369], [95.33888339999999, 5.4963954], [95.3388933, 5.496387300000001], [95.3389102, 5.4963514], [95.3389558, 5.4962232], [95.33896289999998, 5.496217900000001], [95.3389743, 5.496214599999999], [95.339216, 5.496211199999999], [95.3393528, 5.4961885], [95.33939569999998, 5.496187199999999], [95.33943729999999, 5.496193900000001], [95.3394949, 5.4962272]]}}, {"type": "Feature", "properties": {"layer": "osm_road", "stroke": "#999999"}, "geometry": {"type": "LineString", "coordinates": [[95.34079609999999, 5.4982249], [95.3404015, 5.4983043999999985]]}}, {"type": "Feature", "properties": {"layer": "osm_road", "stroke": "#999999"}, "geometry": {"type": "LineString", "coordinates": [[95.3393425, 5.4976146], [95.3394094, 5.497524499999998], [95.33941779999999, 5.4974967999999995], [95.3394212, 5.49737], [95.3394078, 5.497232499999999], [95.3394094, 5.4971861], [95.339418, 5.497144], [95.33943009999999, 5.4971239999999995], [95.3394463, 5.497108599999998], [95.33948689999998, 5.4970803], [95.339625, 5.4970549], [95.33968269999998, 5.4970482]]}}, {"type": "Feature", "properties": {"layer": "osm_road", "stroke": "#999999"}, "geometry": {"type": "LineString", "coordinates": [[95.33632396374483, 5.50008673722183], [95.3362897, 5.4999998], [95.3362803, 5.499991800000001], [95.3362566, 5.4999794], [95.3362414, 5.499975699999999], [95.3359544, 5.4999357], [95.33586589999999, 5.4999023], [95.3358163, 5.499850299999999], [95.33574249999998, 5.4997034000000005], [95.33571439999999, 5.499673999999999]]}}, {"type": "Feature", "properties": {"layer": "osm_road", "stroke": "#999999"}, "geometry": {"type": "LineString", "coordinates": [[95.3354113, 5.4997328], [95.33531609999999, 5.4991775], [95.33531199999999, 5.499104], [95.33531609999999, 5.4990006], [95.3353509, 5.498976499999999], [95.3356057, 5.498965199999999], [95.33564599999998, 5.498974199999999], [95.33572439999999, 5.499002599999998], [95.33575859999999, 5.4990052], [95.3358009, 5.4990022], [95.33588129999998, 5.498985900000001], [95.33612469999998, 5.498947199999999], [95.3365231, 5.499025299999999], [95.3365657, 5.4990208], [95.3365713, 5.4990166], [95.33672489999998, 5.498775599999998], [95.33674169999999, 5.4987349000000005], [95.3367671, 5.498494], [95.3368, 5.4983525], [95.3367858, 5.4983313], [95.33675509999999, 5.498313700000001], [95.33645259999999, 5.4982296], [95.3362803, 5.4981289], [95.3361254, 5.4980728], [95.3359135, 5.4980461], [95.33577339999998, 5.4980254], [95.33574589999999, 5.498010099999999], [95.3357258, 5.497990699999998], [95.33570899999998, 5.497958699999999], [95.3356889, 5.497910600000001], [95.3356748, 5.4978946], [95.3356574, 5.497884599999999], [95.3354663, 5.4978685], [95.335072, 5.4978198], [95.33480379999999, 5.4978185], [95.33479199999998, 5.4978091], [95.33478729999999, 5.4977961], [95.33478299999999, 5.4977117], [95.3347903, 5.4975168], [95.3348353, 5.4973039], [95.33493519999999, 5.4970429], [95.3350162, 5.496807700000001]]}}, {"type": "Feature", "properties": {"layer": "osm_road", "stroke": "#999999"}, "geometry": {"type": "LineString", "coordinates": [[95.3436968, 5.488423], [95.34364619999998, 5.488205800000001], [95.34348409999998, 5.488025999999999], [95.34348269999998, 5.487979899999998], [95.34348659999999, 5.4879194]]}}, {"type": "Feature", "properties": {"layer": "osm_road", "stroke": "#999999"}, "geometry": {"type": "LineString", "coordinates": [[95.3427158, 5.493921499999999], [95.3429252, 5.4938807], [95.34308589999999, 5.493864299999999], [95.34316149999998, 5.493873399999999], [95.34320779999999, 5.4938864999999995], [95.343247, 5.4938938], [95.3432819, 5.494046399999999], [95.3433259, 5.494259400000001], [95.343363, 5.4943352], [95.3434124, 5.494388599999999], [95.3434808, 5.4944235], [95.34353510000001, 5.4944821], [95.3435792, 5.4947425], [95.34362519999999, 5.4949628], [95.3437195, 5.495304699999999], [95.3445418, 5.4952525], [95.344568, 5.4954569]]}}, {"type": "Feature", "properties": {"layer": "osm_road", "stroke": "#999999"}, "geometry": {"type": "LineString", "coordinates": [[95.3425889, 5.487305499999998], [95.3426258, 5.487534100000001], [95.34264839999999, 5.487803799999998], [95.34267969999999, 5.4878922999999995], [95.3426968, 5.487940600000001], [95.34275479999998, 5.4880004], [95.3427858, 5.488011899999999], [95.3428613, 5.488011899999999], [95.34296239999999, 5.4880036], [95.3429802, 5.488004700000001], [95.34301939999999, 5.488008], [95.3430442, 5.4880382999999995], [95.34308199999998, 5.488262399999999], [95.3431296, 5.4884514], [95.3431412, 5.4885231999999995]]}}, {"type": "Feature", "properties": {"layer": "osm_road", "stroke": "#999999"}, "geometry": {"type": "LineString", "coordinates": [[95.3439356, 5.490388399999999], [95.3436008, 5.490493999999999], [95.3434285, 5.490543099999999], [95.34326879999999, 5.490575899999998], [95.34317779999999, 5.4905932], [95.34311639999999, 5.490606900000001], [95.3431004, 5.4905662], [95.3430893, 5.490496000000001], [95.3430409, 5.4902926]]}}, {"type": "Feature", "properties": {"layer": "osm_road", "stroke": "#999999"}, "geometry": {"type": "LineString", "coordinates": [[95.35031029999999, 5.4855361], [95.35022499999998, 5.485228599999999], [95.3502258, 5.4852092], [95.3502392, 5.4851892], [95.3502593, 5.485175899999999], [95.3505249, 5.485102399999999], [95.3505523, 5.485089100000001], [95.35057049999999, 5.485072399999999], [95.3505839, 5.485013], [95.35054299999999, 5.484707300000001], [95.3504833, 5.4844523], [95.35047929999999, 5.4844108999999985], [95.3504819, 5.484367499999999], [95.35051610000001, 5.484181999999999], [95.3505497, 5.484037799999999], [95.35052959999999, 5.483870899999999], [95.3504558, 5.4836386], [95.350429, 5.483423700000001], [95.3503847, 5.4833223], [95.35029049999999, 5.483256300000001], [95.35009460000002, 5.4831104], [95.35005080000002, 5.4830112], [95.3500588, 5.4829298], [95.3501996, 5.482709500000001], [95.3504182, 5.4824679], [95.35045979999998, 5.482423799999999], [95.3500387, 5.481633499999998], [95.3499502, 5.4813452]]}}, {"type": "Feature", "properties": {"layer": "osm_road", "stroke": "#999999"}, "geometry": {"type": "LineString", "coordinates": [[95.3529628, 5.4849162], [95.3529171, 5.4849313], [95.3528205, 5.4849616], [95.35275509999998, 5.4849756], [95.35253249999998, 5.485009], [95.3524037, 5.485037700000001], [95.35235479999999, 5.485047699999999], [95.3521325, 5.485110799999999], [95.3520376, 5.4851411], [95.3519602, 5.4851757], [95.35191169999999, 5.4852057], [95.3518541, 5.485270500000001], [95.351836, 5.485284000000001], [95.35170369999999, 5.4853494000000005], [95.35163059999998, 5.4853901], [95.3516105, 5.4854055], [95.3515998, 5.4854195], [95.3515877, 5.485542299999999], [95.3515796, 5.4855583], [95.3515669, 5.4855697], [95.3514898, 5.485594399999998], [95.3513852, 5.4856154], [95.3511532, 5.4856324], [95.35111959999999, 5.485627099999999], [95.35109989999998, 5.4856147], [95.35108879999999, 5.4855877], [95.35105869999998, 5.4853937]]}}, {"type": "Feature", "properties": {"layer": "osm_road", "stroke": "#999999"}, "geometry": {"type": "LineString", "coordinates": [[95.333582, 5.4940039], [95.33363229999999, 5.493991199999999]]}}, {"type": "Feature", "properties": {"layer": "osm_road", "stroke": "#999999"}, "geometry": {"type": "LineString", "coordinates": [[95.3332508, 5.4940774], [95.333582, 5.4940039]]}}, {"type": "Feature", "properties": {"layer": "osm_road", "stroke": "#999999"}, "geometry": {"type": "LineString", "coordinates": [[95.33590169999998, 5.493572199999998], [95.3359303, 5.493841699999999], [95.3359826, 5.4939925999999994], [95.3360295, 5.494154099999999]]}}, {"type": "Feature", "properties": {"layer": "osm_road", "stroke": "#999999"}, "geometry": {"type": "LineString", "coordinates": [[95.3422592, 5.486815899999999], [95.34227370000002, 5.4868012], [95.3423093, 5.486761099999999], [95.342328, 5.4867491], [95.3429543, 5.4865696], [95.3432085, 5.486514199999999]]}}, {"type": "Feature", "properties": {"layer": "osm_road", "stroke": "#999999"}, "geometry": {"type": "LineString", "coordinates": [[95.3431412, 5.4885231999999995], [95.3430448, 5.4886219999999994], [95.3430354, 5.4886767999999995], [95.34304349999998, 5.488739499999999], [95.3431099, 5.488873699999999], [95.34315549999998, 5.4890165], [95.34321109999999, 5.4891679999999985], [95.3431991, 5.489307199999999]]}}, {"type": "Feature", "properties": {"layer": "osm_road", "stroke": "#999999"}, "geometry": {"type": "LineString", "coordinates": [[95.34161739999999, 5.4902731000000005], [95.34170109999998, 5.49027], [95.3417215, 5.49027], [95.34173859999999, 5.4902741], [95.34175469999998, 5.4902861], [95.3417641, 5.4903148], [95.3418297, 5.490613399999999], [95.3418344, 5.4906163999999995], [95.34184219999999, 5.4906163999999995], [95.3424145, 5.4904643]]}}, {"type": "Feature", "properties": {"layer": "osm_road", "stroke": "#999999"}, "geometry": {"type": "LineString", "coordinates": [[95.342383, 5.490764499999999], [95.3421839, 5.490779299999999], [95.34213289999998, 5.490792699999999], [95.3419646, 5.4908874999999995]]}}, {"type": "Feature", "properties": {"layer": "osm_road", "stroke": "#999999"}, "geometry": {"type": "LineString", "coordinates": [[95.3424794, 5.491822699999999], [95.3423428, 5.491208499999999], [95.3423321, 5.491101799999999], [95.34234209999998, 5.4909783], [95.34237899999998, 5.4908714], [95.342383, 5.490764499999999], [95.3424145, 5.4904643]]}}, {"type": "Feature", "properties": {"layer": "osm_road", "stroke": "#999999"}, "geometry": {"type": "LineString", "coordinates": [[95.36633301628903, 5.498568063194441], [95.36604329999999, 5.498903399999999], [95.36589430000001, 5.4990713], [95.3658029, 5.499182399999999], [95.36575639999998, 5.499238899999999], [95.3653333, 5.499730100000001], [95.36502253626779, 5.50008673722183]]}}, {"type": "Feature", "properties": {"layer": "osm_road", "stroke": "#999999"}, "geometry": {"type": "LineString", "coordinates": [[95.36589430000001, 5.4990713], [95.365788, 5.4989058], [95.36572159999999, 5.4984312], [95.365688, 5.4978211]]}}, {"type": "Feature", "properties": {"layer": "osm_road", "stroke": "#999999"}, "geometry": {"type": "LineString", "coordinates": [[95.35757759999998, 5.4954808], [95.357913, 5.4954823], [95.35809609999998, 5.495458299999999], [95.3581805, 5.495447599999999], [95.3582892, 5.495434999999999]]}}, {"type": "Feature", "properties": {"layer": "osm_road", "stroke": "#999999"}, "geometry": {"type": "LineString", "coordinates": [[95.3570591, 5.494603999999999], [95.35700679999998, 5.4946287], [95.356938, 5.494659399999999], [95.3567442, 5.494728099999998], [95.35669569999999, 5.494721499999999], [95.35663619999998, 5.4947234], [95.356533, 5.4947221], [95.3564432, 5.494738099999999], [95.3561702, 5.4947254], [95.3560173, 5.4947375], [95.3557008, 5.4948255999999995], [95.3556432, 5.4948469], [95.3556211, 5.494862299999999], [95.35561769999998, 5.494889], [95.3556217, 5.4949283], [95.35566199999998, 5.495052499999999], [95.3556968, 5.495139299999999], [95.3557065, 5.4951553], [95.3557542, 5.4951877], [95.35585909999999, 5.495193], [95.3559865, 5.4951673], [95.3560373, 5.4951403], [95.3561461, 5.495104499999999], [95.35634319999998, 5.495020399999999], [95.35644779999998, 5.494993699999999], [95.3565605, 5.4949977], [95.3568354, 5.495056499999999], [95.3568389, 5.495057299999999], [95.35684319999999, 5.4950561], [95.35684669999999, 5.4950539], [95.35684749999999, 5.4950511]]}}, {"type": "Feature", "properties": {"layer": "osm_road", "stroke": "#999999"}, "geometry": {"type": "LineString", "coordinates": [[95.3568931, 5.4954049], [95.35685159999998, 5.4954075], [95.35665570000002, 5.4954309], [95.3566436, 5.495444999999999], [95.3566316, 5.495468999999999], [95.3566256, 5.495495], [95.35664569999999, 5.4956966000000005], [95.3566765, 5.495832099999999], [95.3567027, 5.4958978], [95.35671609999999, 5.4959155], [95.3567362, 5.495932200000001], [95.35676239999998, 5.4959489], [95.35679659999998, 5.495959599999999], [95.35701179999998, 5.495958299999999], [95.3570386, 5.495962900000001], [95.35707009999999, 5.495977600000001], [95.35713719999998, 5.4960283], [95.3572994, 5.496045699999999], [95.3575534, 5.496059099999999]]}}, {"type": "Feature", "properties": {"layer": "osm_road", "stroke": "#999999"}, "geometry": {"type": "LineString", "coordinates": [[95.3565301, 5.4973336999999995], [95.35650420000002, 5.497359199999999], [95.3564512, 5.497404], [95.35640759999998, 5.4974467], [95.3563935, 5.497470099999999], [95.3563868, 5.497496099999999], [95.3563888, 5.497526799999999], [95.3564425, 5.497703699999998], [95.35646259999999, 5.497805099999999]]}}, {"type": "Feature", "properties": {"layer": "osm_road", "stroke": "#999999"}, "geometry": {"type": "LineString", "coordinates": [[95.29869949999998, 5.499905799999999], [95.29870219999998, 5.499987999999999], [95.29869949999998, 5.5000328], [95.29869276390586, 5.50008673722183]]}}, {"type": "Feature", "properties": {"layer": "osm_road", "stroke": "#999999"}, "geometry": {"type": "LineString", "coordinates": [[95.29746109743934, 5.50008673722183], [95.2974714, 5.4999504], [95.29751839999999, 5.499673999999999], [95.29755459999998, 5.4993703], [95.2975452, 5.4993249], [95.2975231, 5.499290899999999], [95.29751159999999, 5.499284999999999], [95.2969833, 5.4992055]]}}, {"type": "Feature", "properties": {"layer": "osm_road", "stroke": "#999999"}, "geometry": {"type": "LineString", "coordinates": [[95.29870940000002, 5.4998894], [95.29869949999998, 5.499905799999999], [95.29858419999998, 5.4999077], [95.29842899999998, 5.4999037], [95.2983566, 5.499897599999999], [95.29828949999998, 5.499881600000001], [95.298177, 5.4998402], [95.2979992, 5.4997808], [95.29751839999999, 5.499673999999999]]}}, {"type": "Feature", "properties": {"layer": "osm_road", "stroke": "#999999"}, "geometry": {"type": "LineString", "coordinates": [[95.296644, 5.4949951], [95.2968411, 5.495120599999999], [95.2970356, 5.4952514], [95.29709729999999, 5.4953222], [95.29710929999999, 5.495391599999999], [95.2971201, 5.4954289], [95.2971563, 5.495476999999999], [95.29748090000001, 5.4957359], [95.297513, 5.4957787], [95.2975344, 5.4958174], [95.297568, 5.496020299999999]]}}, {"type": "Feature", "properties": {"layer": "osm_road", "stroke": "#999999"}, "geometry": {"type": "LineString", "coordinates": [[95.29616929999999, 5.4964873999999995], [95.2963074, 5.4963741], [95.2963758, 5.495786699999999], [95.2964951, 5.4953622], [95.296644, 5.4949951], [95.29686929999998, 5.4942729], [95.29708119999998, 5.4936400999999995], [95.29732259999999, 5.492849799999999], [95.2975747, 5.492115599999999], [95.2977208, 5.4918069], [95.29777869999998, 5.4915642], [95.2978583, 5.491187399999999], [95.29793969999999, 5.490760099999999], [95.29814869999998, 5.4894511], [95.2981581, 5.489421699999999], [95.29818019999999, 5.4893763], [95.29820769999999, 5.489352299999999], [95.2982365, 5.489339599999999], [95.2982962, 5.4893302], [95.29833509999999, 5.489331599999999], [95.29837129999999, 5.489338899999999], [95.2984196, 5.4893676], [95.2985242, 5.4894697], [95.29879969999999, 5.489749300000001]]}}, {"type": "Feature", "properties": {"layer": "osm_road", "stroke": "#999999"}, "geometry": {"type": "LineString", "coordinates": [[95.3008805, 5.495281799999999], [95.30068069999999, 5.4954783], [95.30045269999998, 5.4956559], [95.300328, 5.4957293], [95.2998097, 5.495958299999999], [95.2997828, 5.4959603]]}}, {"type": "Feature", "properties": {"layer": "osm_road", "stroke": "#999999"}, "geometry": {"type": "LineString", "coordinates": [[95.295976, 5.499608699999999], [95.2957186, 5.499593999999999], [95.29525319999999, 5.4994938]]}}, {"type": "Feature", "properties": {"layer": "osm_road", "stroke": "#999999"}, "geometry": {"type": "LineString", "coordinates": [[95.3199938, 5.4944665], [95.31994469999998, 5.4945799], [95.3199024, 5.494623000000001], [95.31978469999999, 5.494714799999999], [95.3196436, 5.4948519], [95.319478, 5.495044200000001], [95.31939179999999, 5.4951566], [95.3193609, 5.495192699999999], [95.3191222, 5.495421299999999], [95.31903269999998, 5.49549], [95.31881649999998, 5.495639899999999], [95.3168716, 5.496976999999999]]}}, {"type": "Feature", "properties": {"layer": "osm_road", "stroke": "#999999"}, "geometry": {"type": "LineString", "coordinates": [[95.32127679999999, 5.494026699999999], [95.3214587, 5.4940442], [95.3215339, 5.4941229], [95.3219305, 5.494307599999999], [95.32264529999999, 5.4947213999999995], [95.3231196, 5.4949737], [95.3235834, 5.495222299999999], [95.3241849, 5.4955758], [95.3243754, 5.4956914999999995], [95.3249332, 5.4959923], [95.3255766, 5.496340000000001], [95.3262882, 5.4967411], [95.32748669999998, 5.497418], [95.3276128, 5.497487399999999], [95.32782199999998, 5.497551499999999], [95.3280526, 5.497567499999999], [95.32836379999999, 5.497620899999999], [95.32866419999999, 5.4977224], [95.3288734, 5.4978238], [95.3291309, 5.498021399999999], [95.3293186, 5.498384499999999], [95.3293401, 5.498726199999998], [95.32933739999999, 5.499340300000001], [95.3292999, 5.499556600000001], [95.3292784, 5.499759499999999], [95.3292999, 5.499878299999999], [95.32934809999999, 5.499986400000001], [95.32939639999998, 5.500046499999999], [95.32943817006682, 5.50008673722183]]}}, {"type": "Feature", "properties": {"layer": "osm_road", "stroke": "#999999"}, "geometry": {"type": "LineString", "coordinates": [[95.317308, 5.494427299999999], [95.3174351, 5.4944386000000005]]}}, {"type": "Feature", "properties": {"layer": "osm_road", "stroke": "#999999"}, "geometry": {"type": "LineString", "coordinates": [[95.30292788707213, 5.50008673722183], [95.30293410000002, 5.5000555], [95.3029436, 5.4999856], [95.3029509, 5.499893], [95.3029539, 5.499464500000001], [95.3029457, 5.499032499999999], [95.30291769999998, 5.498320399999999], [95.3029203, 5.498148199999999], [95.3029096, 5.497702999999999], [95.30290019999998, 5.497356599999999], [95.3028542, 5.4965304], [95.30285589999998, 5.496313299999999], [95.3028613, 5.495933599999999], [95.302868, 5.4958634], [95.30289489999998, 5.495703899999998], [95.30293239999999, 5.495585799999999], [95.3030035, 5.495449], [95.30304099999998, 5.495393599999999], [95.3030933, 5.495324799999999], [95.30313089999999, 5.4952827], [95.3032435, 5.4951686], [95.3032905, 5.495129199999999], [95.30335349999999, 5.4950891], [95.30340719999998, 5.4950672], [95.3035134, 5.495039899999999], [95.30369549999999, 5.495047800000001], [95.30393679999999, 5.495050400000001], [95.30407499999998, 5.4950604], [95.3047872, 5.495076399999999], [95.3051537, 5.495072500000001], [95.30548919999998, 5.4950730000000005], [95.30564279999999, 5.4950825], [95.3073312, 5.4951051], [95.30765179999999, 5.4951231], [95.3093603, 5.495157299999999], [95.3093925, 5.495146599999999], [95.3094233, 5.4951079], [95.30944079999999, 5.494951599999999], [95.30945819999998, 5.4947254], [95.30946089999999, 5.4945785], [95.3094641, 5.494428999999999], [95.30946889999998, 5.494202099999999], [95.30947529999999, 5.493977599999999], [95.30947739999999, 5.493904399999999], [95.3094748, 5.4933694], [95.3094789, 5.493329000000001], [95.3094968, 5.493289899999999], [95.30955729999998, 5.493249499999998], [95.3095946, 5.493241899999998], [95.31016630000002, 5.493330399999999], [95.3106576, 5.493397000000001], [95.31105279999998, 5.4934612], [95.31151859999999, 5.493543899999999], [95.3121161, 5.493666899999999], [95.3126371, 5.4937757], [95.313114, 5.4938565], [95.3133145, 5.4938967], [95.31355599999999, 5.4939358], [95.31372769999999, 5.493971], [95.31407819999998, 5.494061999999999], [95.31470189999999, 5.494276900000001], [95.3151432, 5.494369], [95.31551379999999, 5.494438699999999], [95.31579749999999, 5.494479899999999], [95.3158444, 5.494484], [95.3159846, 5.494485], [95.3166626, 5.4944451], [95.31699659999998, 5.4944291000000005], [95.317308, 5.494427299999999]]}}, {"type": "Feature", "properties": {"layer": "osm_road", "stroke": "#999999"}, "geometry": {"type": "LineString", "coordinates": [[95.3184169, 5.49451], [95.3184362, 5.494397700000001], [95.31846269999998, 5.494294199999999], [95.31847449999998, 5.4942242], [95.31847609999998, 5.494112], [95.31848149999999, 5.4940231], [95.31850099999998, 5.4938304], [95.31853949999999, 5.4935809], [95.3185388, 5.493496], [95.31853330000001, 5.493415200000001], [95.3185779, 5.4931361999999995], [95.3185851, 5.4931215], [95.318622, 5.493071799999999], [95.3186488, 5.492843799999999], [95.31865749999999, 5.492714299999999], [95.31863669999998, 5.492496099999999], [95.3186354, 5.492453399999999], [95.31864309999999, 5.4923899], [95.3186706, 5.4922982000000005], [95.31867649999998, 5.492254599999999], [95.31867649999998, 5.4922395999999996], [95.31866289999999, 5.4921874], [95.31862869999999, 5.492076899999999]]}}, {"type": "Feature", "properties": {"layer": "osm_road", "stroke": "#999999"}, "geometry": {"type": "LineString", "coordinates": [[95.31536849999999, 5.4963647], [95.3146067, 5.496232599999999]]}}, {"type": "Feature", "properties": {"layer": "osm_road", "stroke": "#999999"}, "geometry": {"type": "LineString", "coordinates": [[95.31536849999999, 5.4963647], [95.3154013, 5.4962609], [95.3154281, 5.4961674], [95.31545819999998, 5.4960246999999995]]}}, {"type": "Feature", "properties": {"layer": "osm_road", "stroke": "#999999"}, "geometry": {"type": "LineString", "coordinates": [[95.3180503, 5.4814858], [95.3184396, 5.4813318], [95.31859960000001, 5.481264599999999], [95.3192912, 5.480833799999999], [95.31975119999998, 5.4805762], [95.3199685, 5.4804881], [95.3200892, 5.4804641], [95.32021789999999, 5.4804587], [95.3202823, 5.4804587], [95.32035199999999, 5.4804748], [95.32058299999998, 5.480601199999999]]}}, {"type": "Feature", "properties": {"layer": "osm_road", "stroke": "#999999"}, "geometry": {"type": "LineString", "coordinates": [[95.3172501, 5.482784199999998], [95.31728359999998, 5.4829390999999985], [95.31731169999999, 5.483198099999999]]}}, {"type": "Feature", "properties": {"layer": "osm_road", "stroke": "#999999"}, "geometry": {"type": "LineString", "coordinates": [[95.3166825, 5.4818119], [95.3169214, 5.4821808999999995], [95.3171709, 5.482537299999999], [95.3172111, 5.4826668], [95.31722989999999, 5.4827202], [95.3172501, 5.482784199999998]]}}, {"type": "Feature", "properties": {"layer": "osm_road", "stroke": "#999999"}, "geometry": {"type": "LineString", "coordinates": [[95.29971309999999, 5.4907453], [95.2996826, 5.490749600000001], [95.29965679999998, 5.4907653], [95.29963459999999, 5.490809999999999], [95.29949780000001, 5.491254]]}}, {"type": "Feature", "properties": {"layer": "osm_road", "stroke": "#999999"}, "geometry": {"type": "LineString", "coordinates": [[95.29879969999999, 5.489749300000001], [95.29917999999999, 5.489326900000001], [95.29921349999998, 5.489286899999998], [95.2992792, 5.4892922], [95.2993383, 5.4893096], [95.29939989999998, 5.4892922]]}}, {"type": "Feature", "properties": {"layer": "osm_road", "stroke": "#999999"}, "geometry": {"type": "LineString", "coordinates": [[95.3032881, 5.492333699999999], [95.3030062, 5.4923292], [95.30267359999999, 5.492315900000001], [95.30253679999998, 5.4923065], [95.30239329999999, 5.4922772], [95.30232219999999, 5.492254499999999], [95.302235, 5.4922116999999995], [95.302121, 5.492134299999999], [95.3015631, 5.491795199999999], [95.3003964, 5.4911545], [95.29971309999999, 5.4907453]]}}, {"type": "Feature", "properties": {"layer": "osm_road", "stroke": "#999999"}, "geometry": {"type": "LineString", "coordinates": [[95.2982633, 5.491282299999999], [95.29833979999998, 5.4910027999999995]]}}, {"type": "Feature", "properties": {"layer": "osm_road", "stroke": "#999999"}, "geometry": {"type": "LineString", "coordinates": [[95.29900409999999, 5.491690299999999], [95.2994562, 5.4917779]]}}, {"type": "Feature", "properties": {"layer": "osm_road", "stroke": "#999999"}, "geometry": {"type": "LineString", "coordinates": [[95.29949780000001, 5.491254], [95.29953469999998, 5.4912646], [95.29955149999999, 5.4912933], [95.29950589999999, 5.491501500000001], [95.2994562, 5.4917779], [95.29938499999999, 5.4923078], [95.2993097, 5.492314399999998], [95.2992007, 5.492299199999998], [95.29889399999999, 5.492244000000001]]}}, {"type": "Feature", "properties": {"layer": "osm_road", "stroke": "#999999"}, "geometry": {"type": "LineString", "coordinates": [[95.29891289999999, 5.492131099999999], [95.29900409999999, 5.491690299999999], [95.299045, 5.4914408], [95.2990791, 5.491280799999999], [95.29908559999998, 5.4912493], [95.2991123, 5.491231599999999], [95.29914179999999, 5.491227399999999], [95.2993054, 5.491241], [95.2994105, 5.491253399999999], [95.29949780000001, 5.491254]]}}, {"type": "Feature", "properties": {"layer": "osm_road", "stroke": "#999999"}, "geometry": {"type": "LineString", "coordinates": [[95.29785759999999, 5.491825899999999], [95.2979759, 5.491220299999999]]}}, {"type": "Feature", "properties": {"layer": "osm_road", "stroke": "#999999"}, "geometry": {"type": "LineString", "coordinates": [[95.2978583, 5.491187399999999], [95.2979759, 5.491220299999999], [95.2982633, 5.491282299999999], [95.299045, 5.4914408]]}}, {"type": "Feature", "properties": {"layer": "osm_road", "stroke": "#999999"}, "geometry": {"type": "LineString", "coordinates": [[95.32138939999999, 5.489399699999998], [95.3213565, 5.4894003]]}}, {"type": "Feature", "properties": {"layer": "osm_road", "stroke": "#999999"}, "geometry": {"type": "LineString", "coordinates": [[95.3199457, 5.4887128], [95.319952, 5.488670099999999], [95.31995, 5.4885676], [95.3199098, 5.4884685], [95.31985799999998, 5.4884131], [95.3197525, 5.4882322], [95.3197457, 5.488210999999999], [95.3196285, 5.487591799999999], [95.3196168, 5.487563099999999], [95.3195906, 5.487541099999999], [95.3195618, 5.4875344], [95.3194904, 5.4875321], [95.31831319999999, 5.487563999999998], [95.3182433, 5.487551699999999], [95.3180708, 5.4874803000000005], [95.31798129999999, 5.487456599999999], [95.31791389999998, 5.487443300000001], [95.3173506, 5.487428599999999], [95.31603099999998, 5.4873018], [95.31592839999999, 5.487323099999999], [95.3157359, 5.4873872], [95.3154221, 5.487551400000001], [95.31509289999998, 5.487752999999999]]}}, {"type": "Feature", "properties": {"layer": "osm_road", "stroke": "#999999"}, "geometry": {"type": "LineString", "coordinates": [[95.3213565, 5.4894003], [95.32113819999998, 5.489401699999999], [95.3210232, 5.4893876], [95.32093739999999, 5.4893576], [95.32079989999998, 5.489264799999999], [95.32075169999999, 5.489246100000001], [95.32059339999999, 5.4892028], [95.32050709999999, 5.4891757], [95.3204942, 5.4891655], [95.3204794, 5.4891363], [95.320469, 5.488993999999999], [95.32045439999999, 5.4889655], [95.3204355, 5.488939099999998], [95.3203855, 5.488898399999999], [95.3203019, 5.4888921999999996], [95.320285, 5.488887000000001], [95.3202729, 5.488877200000001], [95.32025979999999, 5.488861300000001], [95.3202353, 5.488772900000001], [95.32021689999999, 5.488755199999998], [95.3201991, 5.4887422], [95.3199457, 5.4887128]]}}, {"type": "Feature", "properties": {"layer": "osm_road", "stroke": "#999999"}, "geometry": {"type": "LineString", "coordinates": [[95.32138939999999, 5.489399699999998], [95.32141549999999, 5.489341300000001], [95.3215054, 5.489257], [95.32155, 5.4892237999999995], [95.32155869999998, 5.489210599999999], [95.32156709999998, 5.4891898999999995], [95.32156970000001, 5.4891267]]}}, {"type": "Feature", "properties": {"layer": "osm_road", "stroke": "#999999"}, "geometry": {"type": "LineString", "coordinates": [[95.3230421, 5.489441], [95.3229099, 5.489413200000001], [95.3226439, 5.4893805], [95.32227109999998, 5.489337899999999], [95.32203509999998, 5.489328900000001], [95.3218769, 5.4893109], [95.32176519999999, 5.489310599999999], [95.32171159999999, 5.489315199999999], [95.3216613, 5.489324599999999], [95.32148989999999, 5.4893923], [95.32145409999998, 5.4893977], [95.32138939999999, 5.489399699999998]]}}, {"type": "Feature", "properties": {"layer": "osm_road", "stroke": "#999999"}, "geometry": {"type": "LineString", "coordinates": [[95.3218481, 5.493049499999999], [95.32161779999998, 5.4930498], [95.32126729999999, 5.4931128], [95.32125129999999, 5.4931236], [95.32124119999999, 5.493141499999998], [95.3213901, 5.4936198], [95.3214041, 5.4936358], [95.3214226, 5.493644799999998], [95.32161379999998, 5.493671699999998], [95.32167199999999, 5.493680399999999], [95.3217253, 5.493662499999999], [95.322074, 5.4935777], [95.3220936, 5.493568399999999], [95.32211939999999, 5.493544699999999], [95.322129, 5.493529], [95.3222098, 5.4933608], [95.32223360000002, 5.4933394], [95.32227379999999, 5.4933194], [95.3227486, 5.4933451]]}}, {"type": "Feature", "properties": {"layer": "osm_road", "stroke": "#999999"}, "geometry": {"type": "LineString", "coordinates": [[95.3153618, 5.4873812], [95.3151177, 5.4868012]]}}, {"type": "Feature", "properties": {"layer": "osm_road", "stroke": "#999999"}, "geometry": {"type": "LineString", "coordinates": [[95.3153618, 5.4873812], [95.31536409999998, 5.4874066], [95.3153564, 5.487425899999999], [95.31534799999999, 5.4874349], [95.31510029999998, 5.487533399999999], [95.3150835, 5.4875344], [95.3150654, 5.4875254], [95.3150493, 5.4875093999999995], [95.3149931, 5.4873430999999995], [95.31489539999998, 5.487028099999998], [95.31484910000002, 5.4869100999999985]]}}, {"type": "Feature", "properties": {"layer": "osm_road", "stroke": "#999999"}, "geometry": {"type": "LineString", "coordinates": [[95.332205, 5.4826961999999995], [95.3321953, 5.4826535]]}}, {"type": "Feature", "properties": {"layer": "osm_road", "stroke": "#999999"}, "geometry": {"type": "LineString", "coordinates": [[95.3322114, 5.4827215], [95.332205, 5.4826961999999995]]}}, {"type": "Feature", "properties": {"layer": "osm_road", "stroke": "#999999"}, "geometry": {"type": "LineString", "coordinates": [[95.32576199999998, 5.4944717999999995], [95.3259551, 5.4944438]]}}, {"type": "Feature", "properties": {"layer": "osm_road", "stroke": "#999999"}, "geometry": {"type": "LineString", "coordinates": [[95.32851569999998, 5.494050399999999], [95.3285515, 5.494435799999999]]}}, {"type": "Feature", "properties": {"layer": "osm_road", "stroke": "#999999"}, "geometry": {"type": "LineString", "coordinates": [[95.33315149999999, 5.499744899999999], [95.33316489999999, 5.4999611]]}}, {"type": "Feature", "properties": {"layer": "osm_road", "stroke": "#999999"}, "geometry": {"type": "LineString", "coordinates": [[95.32653649999999, 5.4851684999999994], [95.32600269999999, 5.485277499999999]]}}, {"type": "Feature", "properties": {"layer": "osm_road", "stroke": "#999999"}, "geometry": {"type": "LineString", "coordinates": [[95.3340904, 5.499695], [95.3340206, 5.4993029], [95.3340018, 5.4988624], [95.3339884, 5.4986275], [95.3339401, 5.498389800000001], [95.3339267, 5.4982403], [95.3339374, 5.498130899999999], [95.3339589, 5.4980321]]}}, {"type": "Feature", "properties": {"layer": "osm_road", "stroke": "#999999"}, "geometry": {"type": "LineString", "coordinates": [[95.3662639, 5.3815309], [95.36633301628903, 5.381597985653303]]}}, {"type": "Feature", "properties": {"layer": "osm_road", "stroke": "#999999"}, "geometry": {"type": "LineString", "coordinates": [[95.27619679999998, 5.377107800000001], [95.27658209999998, 5.377158799999999]]}}, {"type": "Feature", "properties": {"layer": "osm_road", "stroke": "#999999"}, "geometry": {"type": "LineString", "coordinates": [[95.2416303, 5.4308136], [95.241627, 5.430756399999998], [95.24161229999999, 5.4307025], [95.24159419999998, 5.4306535], [95.24155979999999, 5.4306013], [95.2415253, 5.4305637], [95.2414794, 5.430535900000001], [95.2414367, 5.430519600000001], [95.241376, 5.4305098], [95.2412858, 5.430516299999999], [95.24121139999998, 5.4305273], [95.24115639999998, 5.430537300000001], [95.2411149, 5.4305386], [95.2410626, 5.430539], [95.2409761, 5.430528], [95.2408386, 5.4305066], [95.2407298, 5.430486299999999], [95.24056887651231, 5.430443723832232]]}}, {"type": "Feature", "properties": {"layer": "osm_road", "stroke": "#999999"}, "geometry": {"type": "LineString", "coordinates": [[95.244023, 5.4347319999999995], [95.2437717, 5.434648600000001], [95.2434896, 5.4345439]]}}, {"type": "Feature", "properties": {"layer": "osm_road", "stroke": "#999999"}, "geometry": {"type": "LineString", "coordinates": [[95.24384050000002, 5.434379399999999], [95.24411959999999, 5.434437499999999]]}}, {"type": "Feature", "properties": {"layer": "osm_road", "stroke": "#999999"}, "geometry": {"type": "LineString", "coordinates": [[95.28956159999998, 5.4873285], [95.2895871, 5.486976], [95.2896166, 5.486831900000001], [95.2896407, 5.486685], [95.28963799999998, 5.486588899999999], [95.28962189999999, 5.4864180000000005]]}}, {"type": "Feature", "properties": {"layer": "osm_road", "stroke": "#999999"}, "geometry": {"type": "LineString", "coordinates": [[95.28158899999998, 5.4851044], [95.28185609999998, 5.4847383], [95.28226069999998, 5.4842078], [95.2825217, 5.483880599999999]]}}, {"type": "Feature", "properties": {"layer": "osm_road", "stroke": "#999999"}, "geometry": {"type": "LineString", "coordinates": [[95.27385749999999, 5.4613296], [95.27377249999999, 5.4614382], [95.273722, 5.461544600000001], [95.27372029999998, 5.4615807], [95.27372979999998, 5.4616136], [95.2738071, 5.4617847], [95.27394109999999, 5.462057699999998], [95.2739852, 5.462154999999999], [95.2740041, 5.462214699999998], [95.2740089, 5.462267999999999], [95.2739931, 5.4623261], [95.27395529999998, 5.462387299999998], [95.2737472, 5.462627399999999], [95.27370619999999, 5.4626886], [95.2736652, 5.462773299999999], [95.27363529999998, 5.462862799999999], [95.2736179, 5.462936499999999], [95.2736148, 5.462986699999999], [95.27363049999998, 5.4630699], [95.27365419999998, 5.463164099999998], [95.27368569999999, 5.4632755], [95.273722, 5.4633743], [95.27374399999998, 5.4634260999999995], [95.27373770000001, 5.463466899999999], [95.27370779999998, 5.463496699999999], [95.2736621, 5.463514], [95.27344769999999, 5.4635344], [95.2732565, 5.4635549999999995], [95.27284829999999, 5.4636209], [95.27247549999998, 5.4636976], [95.27240619999999, 5.463742099999999], [95.2723892, 5.4638141000000005], [95.27239390000001, 5.4638893], [95.27241539999999, 5.4639951], [95.27248009999998, 5.464090200000001], [95.27252169999998, 5.4641959999999985], [95.27252330000002, 5.464268100000001], [95.27250629999999, 5.4643524], [95.27244319999998, 5.4645518], [95.27239849999998, 5.4646974], [95.27236, 5.464836999999999], [95.2723569, 5.464959699999999], [95.2723954, 5.465109999999998], [95.2724308, 5.4652802], [95.27246159999999, 5.4654150999999995], [95.2725171, 5.465557699999998], [95.27259869999999, 5.4657157], [95.272628, 5.4657801], [95.27263420000001, 5.465835299999999], [95.2726311, 5.465893600000001], [95.27262119999999, 5.465945399999999], [95.272588, 5.466003999999998], [95.2725618, 5.4661113], [95.27255709999999, 5.4662448], [95.27256329999999, 5.4663889], [95.2725649, 5.466510099999999], [95.27254479999999, 5.466654200000001], [95.27250629999999, 5.466753899999999], [95.27244319999998, 5.4668244], [95.2723862, 5.466851999999999], [95.272303, 5.4668612], [95.2721905, 5.4668627999999995], [95.2720041, 5.466851999999999], [95.27196399999998, 5.4668612], [95.2719317, 5.466890399999999], [95.2719225, 5.4669502], [95.27191629999999, 5.4670529000000005], [95.2718853, 5.467126399999999]]}}, {"type": "Feature", "properties": {"layer": "osm_road", "stroke": "#999999"}, "geometry": {"type": "LineString", "coordinates": [[95.27359839999998, 5.465376199999999], [95.27355019999999, 5.4654173], [95.2734343, 5.4655488000000005], [95.2733266, 5.465728899999999], [95.2732269, 5.4659252], [95.273042, 5.4659373], [95.27262119999999, 5.465945399999999]]}}, {"type": "Feature", "properties": {"layer": "osm_road", "stroke": "#999999"}, "geometry": {"type": "LineString", "coordinates": [[95.2846278, 5.485961199999999], [95.28445179999999, 5.486192399999999], [95.2843786, 5.486347699999999], [95.2843627, 5.4864096], [95.2843482, 5.4864661], [95.284339, 5.486609399999999], [95.2843187, 5.486799999999999], [95.2842639, 5.4871851], [95.2842639, 5.487302199999999], [95.2842964, 5.487381999999999], [95.284349, 5.4874592], [95.284489, 5.487619100000001], [95.28453769999999, 5.4876670999999995], [95.28459889999999, 5.487705400000001], [95.2847887, 5.487873900000001], [95.28482479999998, 5.4879394999999995], [95.2848522, 5.48801], [95.28486469999999, 5.4881097], [95.2848809, 5.488136], [95.2849048, 5.488154499999999], [95.28494189999999, 5.488167599999999], [95.28498389999999, 5.488170899999999], [95.2851498, 5.488192699999998], [95.2851926, 5.488206699999999], [95.2852295, 5.4882227], [95.28535679999999, 5.488297199999998], [95.2854366, 5.488355199999999]]}}, {"type": "Feature", "properties": {"layer": "osm_road", "stroke": "#999999"}, "geometry": {"type": "LineString", "coordinates": [[95.26356249999999, 5.376216499999999], [95.26330239999999, 5.3764157]]}}, {"type": "Feature", "properties": {"layer": "osm_road", "stroke": "#999999"}, "geometry": {"type": "LineString", "coordinates": [[95.2559656, 5.3881088], [95.2559575, 5.3879646], [95.2559307, 5.3877069], [95.25590259999998, 5.387391799999999], [95.2558731, 5.387273000000001]]}}, {"type": "Feature", "properties": {"layer": "osm_road", "stroke": "#999999"}, "geometry": {"type": "LineString", "coordinates": [[95.26374229999999, 5.3764059], [95.2634664, 5.3766425]]}}, {"type": "Feature", "properties": {"layer": "osm_road", "stroke": "#999999"}, "geometry": {"type": "LineString", "coordinates": [[95.2646315, 5.3753976], [95.2648343, 5.3755193], [95.2648477, 5.375530000000001], [95.2648558, 5.3755527]]}}, {"type": "Feature", "properties": {"layer": "osm_road", "stroke": "#999999"}, "geometry": {"type": "LineString", "coordinates": [[95.2544321, 5.398354699999999], [95.2542449, 5.3981998], [95.25419479999998, 5.3981711], [95.25413609999998, 5.3981553], [95.25401009999999, 5.398136600000001], [95.25396669999999, 5.398133], [95.25392129999999, 5.398125499999999], [95.25372589999999, 5.3980612]]}}, {"type": "Feature", "properties": {"layer": "osm_road", "stroke": "#999999"}, "geometry": {"type": "LineString", "coordinates": [[95.26411949999999, 5.385677399999999], [95.2642366, 5.385443099999999], [95.26431159999998, 5.3852669], [95.264385, 5.3851344], [95.2644022, 5.385081099999998], [95.2644128, 5.385027799999999], [95.2644487, 5.384804799999999]]}}, {"type": "Feature", "properties": {"layer": "osm_road", "stroke": "#999999"}, "geometry": {"type": "LineString", "coordinates": [[95.2534068, 5.394288], [95.2532405, 5.394416200000001], [95.25310099999999, 5.3946724999999995], [95.25299739999998, 5.395118999999999], [95.2529435, 5.395264499999999], [95.2528377, 5.395609299999999], [95.25278959999999, 5.3958066], [95.25276079999999, 5.3959656], [95.25276079999999, 5.396036399999998], [95.2527858, 5.3960766], [95.2528097, 5.396099899999999], [95.2528377, 5.396114900000001], [95.25287419999998, 5.3961315999999995], [95.25298049999999, 5.3961540999999995], [95.2532261, 5.3961918], [95.25374340000002, 5.3962616], [95.25442599999998, 5.396344099999999]]}}, {"type": "Feature", "properties": {"layer": "osm_road", "stroke": "#999999"}, "geometry": {"type": "LineString", "coordinates": [[95.2553509, 5.389108199999999], [95.2556301, 5.389125899999999], [95.2556235, 5.389191199999998], [95.2557385, 5.3891896], [95.25572949999999, 5.389221], [95.25572559999999, 5.3892553], [95.2557403, 5.389279899999999], [95.2557623, 5.389296099999999], [95.2558467, 5.3893225000000005], [95.2564144, 5.389337299999998]]}}, {"type": "Feature", "properties": {"layer": "osm_road", "stroke": "#999999"}, "geometry": {"type": "LineString", "coordinates": [[95.2564958, 5.386684600000001], [95.2567195, 5.387042], [95.2568762, 5.3872853], [95.2569401, 5.387408599999999], [95.25698959999998, 5.3875185], [95.257033, 5.387640599999999], [95.257117, 5.387916000000001]]}}, {"type": "Feature", "properties": {"layer": "osm_road", "stroke": "#999999"}, "geometry": {"type": "LineString", "coordinates": [[95.25484439999998, 5.388244999999999], [95.2547274, 5.388237499999999], [95.25447279999999, 5.3882432], [95.25445070000002, 5.3882504], [95.2544305, 5.3882683], [95.25440810000002, 5.3883073], [95.25439360000001, 5.388358599999998]]}}, {"type": "Feature", "properties": {"layer": "osm_road", "stroke": "#999999"}, "geometry": {"type": "LineString", "coordinates": [[95.2630171, 5.377239499999999], [95.26299410000001, 5.377189099999998], [95.26295609999998, 5.377104199999999], [95.2629008, 5.377017], [95.2628501, 5.376944700000001], [95.2627904, 5.3768789], [95.2626442, 5.3767305]]}}, {"type": "Feature", "properties": {"layer": "osm_road", "stroke": "#999999"}, "geometry": {"type": "LineString", "coordinates": [[95.2602204, 5.386415399999999], [95.2596259, 5.386234999999999], [95.259372, 5.386159499999998], [95.25922179999999, 5.3861327], [95.2591091, 5.3861488], [95.2589482, 5.3863037], [95.2588087, 5.386533299999999], [95.2586478, 5.3868003], [95.25854989999999, 5.3870527]]}}, {"type": "Feature", "properties": {"layer": "osm_road", "stroke": "#999999"}, "geometry": {"type": "LineString", "coordinates": [[95.2564712, 5.388985999999999], [95.2563212, 5.388968899999999], [95.2561651, 5.388952499999999], [95.25606589999998, 5.3889506], [95.2558571, 5.3889503], [95.25563059999999, 5.3889592], [95.255495, 5.388964500000001], [95.25529769999999, 5.3889446], [95.2551019, 5.388934000000001], [95.2548766, 5.388904599999999], [95.2546996, 5.3889233], [95.25452789999999, 5.3889126], [95.2542919, 5.388883200000001], [95.25421679999998, 5.3892918], [95.25420070000001, 5.38946], [95.25415239999998, 5.3896817], [95.25412909999999, 5.389772599999999], [95.2540907, 5.389922]]}}, {"type": "Feature", "properties": {"layer": "osm_road", "stroke": "#999999"}, "geometry": {"type": "LineString", "coordinates": [[95.2648558, 5.3755527], [95.2648471, 5.375598100000001], [95.26483569999999, 5.3756328], [95.26467509999999, 5.3759357], [95.26459699999998, 5.3760841], [95.2645155, 5.376218300000001], [95.2644508, 5.3762957]]}}, {"type": "Feature", "properties": {"layer": "osm_road", "stroke": "#999999"}, "geometry": {"type": "LineString", "coordinates": [[95.3567831, 5.4371662999999995], [95.3568425, 5.437719699999998], [95.3568898, 5.437830600000001], [95.3569401, 5.437915599999999], [95.3570179, 5.438000599999998], [95.35755169999999, 5.438308799999999], [95.35758379999999, 5.438399200000001], [95.3575731, 5.4386223], [95.35761579999999, 5.4387339], [95.3578667, 5.4390528], [95.35794669999999, 5.4392228], [95.3585019, 5.4400306], [95.35857130000001, 5.440083700000001], [95.3588168, 5.4401368], [95.3588862, 5.440168700000001], [95.36004989999999, 5.4408967], [95.36023140000002, 5.4410932999999995], [95.36035419999999, 5.4411784], [95.3604983, 5.441236800000001], [95.3606558, 5.4412953], [95.3607305, 5.4413404], [95.3607919, 5.4413909], [95.36104279999999, 5.441821399999999], [95.36105880000001, 5.4418772], [95.36106419999999, 5.4419383], [95.3610668, 5.442278399999999], [95.3610855, 5.4424776], [95.36116019999999, 5.4425972], [95.3612109, 5.442653], [95.3613204, 5.4426955], [95.3614049, 5.4428245], [95.3616102, 5.443269699999999], [95.36172809999998, 5.443514600000001], [95.3617241, 5.4436886], [95.3617078, 5.4438262], [95.3616367, 5.4439598], [95.36158579999999, 5.444073099999999], [95.36154399999998, 5.4441731]]}}, {"type": "Feature", "properties": {"layer": "osm_road", "stroke": "#999999"}, "geometry": {"type": "LineString", "coordinates": [[95.263738, 5.4659311], [95.2642667, 5.465895], [95.2643258, 5.465897899999999], [95.26436909999998, 5.4659079], [95.2644166, 5.4659366999999985], [95.26449159999999, 5.465992599999999], [95.26454639999999, 5.4660371], [95.2646233, 5.466093599999999], [95.26465879999999, 5.4661198], [95.26469519999999, 5.466144099999999], [95.2647217, 5.4661605999999985], [95.2647534, 5.4661761], [95.2647888, 5.4661918], [95.2648236, 5.466205000000001], [95.26496789999999, 5.4662457], [95.26511959999999, 5.4662839], [95.26525349999999, 5.466310599999999], [95.26538729999999, 5.466330499999999], [95.2655088, 5.466347699999999], [95.26557979999998, 5.466352800000001], [95.26565639999998, 5.4663478], [95.2657018, 5.466340699999999], [95.26574039999998, 5.4663289], [95.2658551, 5.466283999999999], [95.26602810000001, 5.4662001], [95.2661088, 5.4661791], [95.2661673, 5.466178499999998], [95.2662584, 5.46618], [95.26634139999999, 5.4661922], [95.2665071, 5.466227600000001], [95.26661589999999, 5.4662518], [95.2666908, 5.466266399999999], [95.26676919999998, 5.4662772], [95.26688149999998, 5.466287799999999], [95.26704200000002, 5.466293899999998], [95.26736739999998, 5.466303], [95.267393, 5.466308000000001], [95.26741699999998, 5.466319], [95.2674695, 5.466349899999999], [95.2675866, 5.4664221999999985], [95.2676187, 5.466449899999999], [95.2676373, 5.466490299999999], [95.26765629999998, 5.4665337], [95.26766859999998, 5.4665552], [95.26769129999998, 5.4665707], [95.2677344, 5.4665889], [95.2677821, 5.4665951], [95.26830929999998, 5.466571899999999], [95.26838, 5.4665782], [95.2684259, 5.466586799999999], [95.2684702, 5.466600499999999], [95.26853409999998, 5.466630399999999], [95.2685861, 5.466657700000001], [95.2686263, 5.466666699999999], [95.26869059999999, 5.466668000000001], [95.26889019999999, 5.466652599999999], [95.2693535, 5.4666138], [95.26984869999998, 5.466605799999999], [95.26988419999999, 5.4666157], [95.26989979999999, 5.466653499999999], [95.2699268, 5.4670955]]}}, {"type": "Feature", "properties": {"layer": "osm_road", "stroke": "#999999"}, "geometry": {"type": "LineString", "coordinates": [[95.24691459999998, 5.467302], [95.2463676, 5.467173799999999]]}}, {"type": "Feature", "properties": {"layer": "osm_road", "stroke": "#999999"}, "geometry": {"type": "LineString", "coordinates": [[95.27354349999999, 5.4687325], [95.2722992, 5.468670699999999]]}}, {"type": "Feature", "properties": {"layer": "osm_road", "stroke": "#999999"}, "geometry": {"type": "LineString", "coordinates": [[95.26232100000001, 5.484370300000001], [95.26231489999999, 5.4836339999999995], [95.26230869999999, 5.4833609999999995], [95.26231239999998, 5.483352299999999], [95.2623191, 5.4833458], [95.26239479999998, 5.4833383]]}}, {"type": "Feature", "properties": {"layer": "osm_road", "stroke": "#999999"}, "geometry": {"type": "LineString", "coordinates": [[95.25160729999999, 5.483427699999999], [95.2514937, 5.483411599999999], [95.25140559999998, 5.4833928], [95.25133729999999, 5.483384199999999], [95.25121709999999, 5.483392], [95.25112459999998, 5.4834126]]}}, {"type": "Feature", "properties": {"layer": "osm_road", "stroke": "#999999"}, "geometry": {"type": "LineString", "coordinates": [[95.2412364, 5.485290999999998], [95.24056887651231, 5.485600138056533]]}}, {"type": "Feature", "properties": {"layer": "osm_road", "stroke": "#999999"}, "geometry": {"type": "LineString", "coordinates": [[95.24056887651231, 5.478279505269767], [95.2406767, 5.478283899999999]]}}, {"type": "Feature", "properties": {"layer": "osm_road", "stroke": "#999999"}, "geometry": {"type": "LineString", "coordinates": [[95.2429527, 5.4791330999999985], [95.2433104, 5.4790766]]}}, {"type": "Feature", "properties": {"layer": "osm_road", "stroke": "#999999"}, "geometry": {"type": "LineString", "coordinates": [[95.25727850000001, 5.4875835], [95.25724379999998, 5.4875768], [95.25721249999998, 5.487565699999999], [95.25716439999998, 5.4875423], [95.2571465, 5.487526699999998], [95.25713829999998, 5.4875026], [95.2570979, 5.487004], [95.25709119999999, 5.486631499999999], [95.2570979, 5.486263499999999], [95.2571378, 5.485800899999999]]}}, {"type": "Feature", "properties": {"layer": "osm_road", "stroke": "#999999"}, "geometry": {"type": "LineString", "coordinates": [[95.24404889999998, 5.478638900000001], [95.2440611, 5.4786472], [95.2441079, 5.4786595], [95.24424899999998, 5.4786682], [95.2447697, 5.478651300000001], [95.2450724, 5.478632899999999], [95.2450996, 5.4786268], [95.24511739999998, 5.478613799999999], [95.24513309999999, 5.4785906], [95.2451578, 5.478442599999999], [95.2451655, 5.4784213], [95.2451815, 5.478410399999999], [95.245208, 5.4784068], [95.2455561, 5.478407099999999], [95.24579219999998, 5.4783989], [95.24582529999999, 5.478404900000001], [95.24584509999998, 5.478412800000001], [95.24586069999998, 5.478426399999999], [95.24588379999999, 5.4784571], [95.24589309999999, 5.4784999999999995], [95.24591739999998, 5.4789222]]}}, {"type": "Feature", "properties": {"layer": "osm_road", "stroke": "#999999"}, "geometry": {"type": "LineString", "coordinates": [[95.2519993, 5.4737884], [95.2519566, 5.474168399999999], [95.2519502, 5.4741839], [95.25193689999999, 5.4742006], [95.25192309999998, 5.4742115], [95.25190789999999, 5.4742156999999985], [95.25134939999998, 5.4742201999999995], [95.2504762, 5.474289499999999], [95.25045509999998, 5.474298900000001], [95.2504414, 5.4743105], [95.25043450000001, 5.474325299999999], [95.2503896, 5.4746703], [95.2503861, 5.474686499999999], [95.25037449999999, 5.474699099999999], [95.2503525, 5.474709499999999], [95.2501548, 5.474708399999999], [95.25014139999999, 5.474704299999999], [95.25011949999998, 5.474676], [95.25010799999998, 5.4746669], [95.25007109999999, 5.474655299999999], [95.2493936, 5.474490499999999], [95.24935999999998, 5.4744887], [95.2493252, 5.4744939], [95.2489836, 5.4744086], [95.2489523, 5.474395899999999], [95.24893029999998, 5.474385600000001], [95.24890939999999, 5.474367099999999], [95.2488978, 5.474348699999999], [95.2488944, 5.4743198], [95.24890829999998, 5.474130800000001], [95.24890359999999, 5.4741077], [95.24888279999999, 5.474095000000001], [95.24885329999998, 5.4740875], [95.2482919, 5.474000799999999], [95.2477485, 5.473964899999999], [95.2471296, 5.473951499999999], [95.24667409999999, 5.4739472000000005], [95.24655029999998, 5.4739337], [95.2464831, 5.4739446], [95.24643, 5.4739682], [95.2464247, 5.4740038]]}}, {"type": "Feature", "properties": {"layer": "osm_road", "stroke": "#999999"}, "geometry": {"type": "LineString", "coordinates": [[95.26862459505038, 5.50008673722183], [95.2686903, 5.4999577], [95.2687855, 5.499574999999999], [95.26880259999999, 5.4995155], [95.2688159, 5.499346999999999], [95.26883089999998, 5.499211500000001], [95.26882409999999, 5.498828399999999], [95.26883149999999, 5.498632100000001], [95.26882959999999, 5.498421200000001], [95.2688236, 5.498180099999998], [95.26880219999998, 5.4980641], [95.2687698, 5.497961], [95.2687239, 5.4978772], [95.26861629999999, 5.497657499999999], [95.2685296, 5.497465], [95.2684832, 5.497319900000001], [95.26845539999998, 5.4972673], [95.2683163, 5.4967682], [95.26824339999999, 5.496569499999999], [95.26816889999999, 5.4963961999999995], [95.26812989999999, 5.496295399999999], [95.2679725, 5.4960724], [95.26787969999998, 5.4958703], [95.2677874, 5.4956532], [95.26772569999999, 5.495420899999998], [95.2677065, 5.4952464], [95.2676828, 5.494969099999999], [95.26765709999998, 5.4946675], [95.2676332, 5.4943717], [95.2676329, 5.494349399999999], [95.26762189999998, 5.494196399999999], [95.26763099999998, 5.4940794], [95.26750309999998, 5.493632100000001], [95.267459, 5.493433299999999], [95.26742669999999, 5.493261], [95.26742, 5.493147499999998], [95.2674237, 5.4930788], [95.2674513, 5.492969], [95.2674869, 5.4928591], [95.2675555, 5.4926654], [95.2676206, 5.4924748999999995], [95.26763359999998, 5.4924235999999995], [95.2676457, 5.492390299999999], [95.2678704, 5.4918759999999995], [95.2679842, 5.4915315], [95.2681398, 5.491128800000001], [95.26826299999999, 5.4908418], [95.2683625, 5.490570699999999], [95.26845, 5.4902956], [95.26854419999998, 5.490063999999999], [95.268701, 5.489678499999999], [95.2686735, 5.489665800000001]]}}, {"type": "Feature", "properties": {"layer": "osm_road", "stroke": "#999999"}, "geometry": {"type": "LineString", "coordinates": [[95.2718853, 5.467126399999999], [95.2718719, 5.467119900000001], [95.2718577, 5.4671156000000005], [95.2718256, 5.467111299999998], [95.271107, 5.4670718], [95.27107669999998, 5.4670816], [95.2710444, 5.4671047999999995], [95.2710263, 5.467136], [95.27097509999999, 5.467255399999999], [95.2709617, 5.467286699999999], [95.2709406, 5.4673143], [95.2709119, 5.4673222], [95.27088319999999, 5.467321600000001], [95.27082389999998, 5.467321400000001], [95.2707513, 5.467315499999999], [95.2706022, 5.467299799999999], [95.2705007, 5.4672765], [95.2704012, 5.4672434999999995], [95.27022899999999, 5.4671739], [95.2701057, 5.467113799999999], [95.2700773, 5.4670978], [95.27004699999999, 5.4670856], [95.27001279999999, 5.467084000000001], [95.26997449999999, 5.4670845], [95.2699268, 5.4670955], [95.26990899999998, 5.4671145], [95.26989299999998, 5.4671346], [95.269883, 5.4671672000000004], [95.2698789, 5.4672136], [95.2698831, 5.46726], [95.26995260000001, 5.467850199999999], [95.26995839999998, 5.467982199999999], [95.2699549, 5.4681127], [95.26994460000002, 5.468225800000001], [95.2699386, 5.468280000000001], [95.26992799999998, 5.4683326], [95.2699169, 5.468367800000001], [95.2699011, 5.4683999000000005], [95.2696275, 5.4687747], [95.2694971, 5.4690193], [95.26944779999998, 5.4691539], [95.26944019999999, 5.4691869], [95.2694388, 5.469216699999999], [95.26944099999999, 5.469247499999999], [95.26944779999998, 5.4692751], [95.2694823, 5.4693363], [95.2696027, 5.469465500000001], [95.2696377, 5.469522899999999], [95.2696587, 5.469580299999999], [95.26967899999998, 5.4696558], [95.2696946, 5.469732799999999], [95.2697007, 5.469789699999999], [95.2696991, 5.469845], [95.2696859, 5.4699333], [95.26965249999999, 5.4700092], [95.26961989999998, 5.470089], [95.2695943, 5.4701479], [95.26958130000001, 5.4701858], [95.26957249999998, 5.470276899999999], [95.2695698, 5.4706447], [95.26957009999998, 5.470688399999999], [95.26957789999999, 5.4707292], [95.26959129999999, 5.470762900000001], [95.26961379999999, 5.4707919999999985], [95.2696559, 5.4708211], [95.2697434, 5.4708601], [95.2697923, 5.4708978], [95.2698329, 5.470944599999999], [95.2699011, 5.471029799999999], [95.26994839999999, 5.4710941], [95.2699684, 5.471159999999999], [95.2699699, 5.471225099999999], [95.2699594, 5.4712857], [95.2696767, 5.471846599999999], [95.26939839999999, 5.4722595], [95.26932210000001, 5.472470499999999], [95.26920089999999, 5.472694799999999], [95.26908429999999, 5.472851899999999], [95.2689182, 5.473022499999999], [95.268652, 5.4733670000000005], [95.2686056, 5.4734194], [95.2685553, 5.473465799999999], [95.26841959999999, 5.473569999999999], [95.2683553, 5.4736115], [95.2682989, 5.473637299999999], [95.26822189999999, 5.473647399999999], [95.2681508, 5.473641799999999], [95.26809569999999, 5.4736359], [95.2680386, 5.4736104], [95.268011, 5.4735898999999995], [95.2679892, 5.473565499999999], [95.2679562, 5.473512500000001], [95.2679309, 5.473453299999999], [95.2679113, 5.473402499999999], [95.2678995, 5.473350099999998], [95.26786799999999, 5.473112199999999], [95.2678615, 5.473080000000001], [95.26784559999999, 5.4730494], [95.26782449999999, 5.473022199999999], [95.26780769999999, 5.473013999999999], [95.2677894, 5.4730104], [95.2672778, 5.473086999999999], [95.26721709999998, 5.4730988], [95.2671859, 5.473112199999999], [95.2671692, 5.473131599999999], [95.2671634, 5.4731571], [95.2671673, 5.4733471], [95.2671628, 5.473458099999999], [95.2671513, 5.473512], [95.2671351, 5.473555900000001], [95.26710979999999, 5.473614000000001], [95.2670721, 5.4736557999999995], [95.26703809999998, 5.473682599999999], [95.2670098, 5.4736906], [95.26698, 5.4736939], [95.2669274, 5.4736906], [95.26687009999999, 5.4736812], [95.26642659999999, 5.4736006], [95.2663332, 5.473581099999999], [95.2662414, 5.473564699999998], [95.26605919999999, 5.473550500000001], [95.2659166, 5.473545799999999], [95.2658792, 5.4735568], [95.2658466, 5.473572299999999], [95.26582409999999, 5.473597], [95.26580929999999, 5.473617900000001], [95.265793, 5.4736434], [95.26576249999998, 5.473704], [95.26573799999998, 5.4737609], [95.2657138, 5.473845799999999], [95.26570529999998, 5.4739246], [95.2657014, 5.474006500000001], [95.265663, 5.474780199999998], [95.26564619999999, 5.474859199999999], [95.2656205, 5.474929100000001], [95.26554999999999, 5.475064399999999], [95.2654624, 5.475169199999998], [95.2653615, 5.475248399999999], [95.2652134, 5.475312000000001], [95.2650948, 5.4753517], [95.2650493, 5.4753568999999995], [95.2650075, 5.4753546], [95.2643329, 5.4752596], [95.26429429999999, 5.4752556], [95.26425499999999, 5.475256099999999], [95.26422019999998, 5.4752738999999995], [95.2641982, 5.4753061], [95.2641024, 5.475586100000001]]}}, {"type": "Feature", "properties": {"layer": "osm_road", "stroke": "#999999"}, "geometry": {"type": "LineString", "coordinates": [[95.26412549999999, 5.4904421], [95.2641262, 5.490416699999999], [95.2641345, 5.490133800000001], [95.26412919999999, 5.4899688], [95.26411450000002, 5.4898598], [95.26400499999998, 5.489357399999999], [95.2639462, 5.489143900000001]]}}, {"type": "Feature", "properties": {"layer": "osm_road", "stroke": "#999999"}, "geometry": {"type": "LineString", "coordinates": [[95.26443169999999, 5.4907411], [95.2644357, 5.4906931], [95.264447, 5.4906676], [95.2644071, 5.4906167], [95.2643898, 5.490573499999999], [95.26433819999998, 5.4904953], [95.26429730000001, 5.490450600000001], [95.264274, 5.4904416], [95.264258, 5.490421999999999], [95.26412549999999, 5.4904421], [95.26405700000001, 5.490452299999999], [95.26398629999998, 5.490453400000001], [95.26382299999999, 5.490400200000001], [95.2637739, 5.490388399999999], [95.2633296, 5.490332099999999], [95.2632675, 5.490328599999999], [95.26320889999998, 5.4903342], [95.26313139999999, 5.490348899999999], [95.26301229999999, 5.4903574], [95.2627827, 5.490354699999999], [95.2624435, 5.490346399999999], [95.26188159999998, 5.4903289]]}}, {"type": "Feature", "properties": {"layer": "osm_road", "stroke": "#999999"}, "geometry": {"type": "LineString", "coordinates": [[95.2590499, 5.486930899999999], [95.25902659999998, 5.4871755], [95.25905350000001, 5.4875744], [95.2591286, 5.4882726], [95.25917259999999, 5.488572999999999], [95.25926919999999, 5.4890533999999995], [95.2592695, 5.4891294], [95.2592614, 5.489206200000001], [95.2592487, 5.489273200000001]]}}, {"type": "Feature", "properties": {"layer": "osm_road", "stroke": "#999999"}, "geometry": {"type": "LineString", "coordinates": [[95.2424118, 5.479567799999999], [95.2422756, 5.479607499999999], [95.24184970000002, 5.479715800000001], [95.24169919999999, 5.4797633], [95.2412988, 5.4798706], [95.24097909999999, 5.4798717], [95.24091569999999, 5.479886], [95.24074639999999, 5.479891899999999]]}}, {"type": "Feature", "properties": {"layer": "osm_road", "stroke": "#999999"}, "geometry": {"type": "LineString", "coordinates": [[95.26462219999999, 5.488999399999999], [95.26438699999999, 5.4890358], [95.2639462, 5.489143900000001], [95.26280449999999, 5.489471299999999], [95.2627855, 5.489481299999999], [95.2627751, 5.4894932], [95.2627661, 5.4895117], [95.26272979999999, 5.4896683], [95.26271969999999, 5.4896899], [95.26270629999999, 5.4897098], [95.26268589999998, 5.489723599999999], [95.26266219999998, 5.489732500000001], [95.26254429999999, 5.489748800000001], [95.2624824, 5.48975], [95.2619575, 5.4897352999999995], [95.2619013, 5.489739199999999], [95.26185689999998, 5.4897479], [95.2617889, 5.4897735999999995]]}}, {"type": "Feature", "properties": {"layer": "osm_road", "stroke": "#999999"}, "geometry": {"type": "LineString", "coordinates": [[95.24133010000001, 5.474699400000001], [95.24095829999999, 5.4746144999999995], [95.24056887651231, 5.474531153799753]]}}, {"type": "Feature", "properties": {"layer": "osm_road", "stroke": "#999999"}, "geometry": {"type": "LineString", "coordinates": [[95.2444308, 5.4737568], [95.24463429999999, 5.4737854], [95.2450113, 5.4738585], [95.2451167, 5.473902599999999], [95.24521149999998, 5.473959899999999], [95.24528519999998, 5.4739801], [95.2453821, 5.474015099999999], [95.2455061, 5.47403], [95.24591669999998, 5.474020099999999], [95.2464247, 5.4740038], [95.2464746, 5.474028100000001], [95.2466936, 5.4741854000000005]]}}, {"type": "Feature", "properties": {"layer": "osm_road", "stroke": "#999999"}, "geometry": {"type": "LineString", "coordinates": [[95.2588649, 5.4840586], [95.2593179, 5.483955699999999], [95.25959309999999, 5.483874800000001], [95.25960959999999, 5.4838738000000005], [95.2596286, 5.4838797999999995], [95.2596652, 5.483900099999998], [95.2596943, 5.4839123999999995]]}}, {"type": "Feature", "properties": {"layer": "osm_road", "stroke": "#999999"}, "geometry": {"type": "LineString", "coordinates": [[95.2639619, 5.4753507], [95.2634399, 5.4753073], [95.26338399999999, 5.475297100000001], [95.26331349999998, 5.475282199999999], [95.26324739999998, 5.475275999999999], [95.2632167, 5.4752812], [95.2631911, 5.475301700000001], [95.2627449, 5.475753000000001], [95.2623151, 5.4762778], [95.26212089999999, 5.476480199999999], [95.2620978, 5.476511299999999], [95.2619653, 5.476877], [95.2618922, 5.477165799999999], [95.2618866, 5.4772186], [95.2618947, 5.4772725], [95.26193059999999, 5.4773802], [95.26195779999999, 5.477426699999999], [95.26198989999999, 5.477464499999998], [95.2620618, 5.477521799999999], [95.26214149999998, 5.4775732], [95.26245669999999, 5.477733699999999], [95.2627045, 5.477826699999999], [95.2628685, 5.4778722], [95.26294039999999, 5.477904299999998], [95.26337669999998, 5.4781279000000005], [95.26363949999998, 5.4782446], [95.26376489999998, 5.4782905], [95.2638014, 5.4782956], [95.2638418, 5.478295000000001], [95.2639082, 5.4782906], [95.2639716, 5.478280399999999], [95.264151, 5.4782148], [95.2642368, 5.4781747], [95.2643187, 5.478128699999999], [95.26449549999998, 5.4780014999999995], [95.2646665, 5.477868399999999], [95.264907, 5.477650199999999]]}}, {"type": "Feature", "properties": {"layer": "osm_road", "stroke": "#999999"}, "geometry": {"type": "LineString", "coordinates": [[95.26248349999999, 5.484690299999999], [95.26263, 5.484782399999999], [95.2626471, 5.4847897], [95.2628355, 5.484829899999999]]}}, {"type": "Feature", "properties": {"layer": "osm_road", "stroke": "#999999"}, "geometry": {"type": "LineString", "coordinates": [[95.24519609999999, 5.474624599999999], [95.24551789999998, 5.4746095], [95.24592069999999, 5.474574099999999]]}}, {"type": "Feature", "properties": {"layer": "osm_road", "stroke": "#999999"}, "geometry": {"type": "LineString", "coordinates": [[95.24534460000001, 5.4767351], [95.2453217, 5.4760203999999995], [95.24530089999999, 5.475829700000001], [95.2452967, 5.475792], [95.24525889999998, 5.4754459], [95.245258, 5.475022900000001], [95.2452484, 5.474992100000001], [95.2452215, 5.4749637], [95.2451958, 5.474935400000001], [95.2451838, 5.4749194999999995], [95.2451764, 5.4749014], [95.2451721, 5.4748757999999995], [95.24519609999999, 5.474624599999999], [95.24528519999998, 5.4739801]]}}, {"type": "Feature", "properties": {"layer": "osm_road", "stroke": "#999999"}, "geometry": {"type": "LineString", "coordinates": [[95.2461447, 5.477892899999999], [95.2461648, 5.4777366999999995], [95.24616819999999, 5.477602599999999], [95.24616819999999, 5.4775191], [95.24614999999999, 5.4773636], [95.2461688, 5.477336900000001], [95.246144, 5.477075199999998], [95.24614739999998, 5.476988499999999], [95.24614539999999, 5.4767988999999995], [95.24614070000001, 5.4766774], [95.24612589999998, 5.476549899999999], [95.24612189999999, 5.476473799999999], [95.24609099999999, 5.4763176], [95.2459556, 5.475652800000001], [95.2459234, 5.475481899999999], [95.24590729999998, 5.475086799999999], [95.2459154, 5.4749533], [95.2459234, 5.4747317], [95.24592069999999, 5.474574099999999], [95.24591799999999, 5.474454000000001], [95.2459163, 5.474343500000001], [95.24591669999998, 5.474020099999999], [95.24588169999998, 5.473364799999999], [95.2458829, 5.473298499999999], [95.2458707, 5.473264399999999], [95.24584039999999, 5.473224399999999], [95.24537969999999, 5.472773799999999], [95.2449028, 5.472221899999999], [95.2446949, 5.471957599999998], [95.2443946, 5.4715631]]}}, {"type": "Feature", "properties": {"layer": "osm_road", "stroke": "#999999"}, "geometry": {"type": "LineString", "coordinates": [[95.24689099999999, 5.466070299999999], [95.24687009999998, 5.4660638], [95.2468048, 5.466048699999999], [95.2467844, 5.466038199999999], [95.24677589999999, 5.4660153], [95.2467786, 5.4659603], [95.2467859, 5.465916], [95.24680419999999, 5.4658509], [95.24685139999998, 5.4657638], [95.24687019999999, 5.4657124], [95.24687159999999, 5.465691699999999], [95.24687019999999, 5.465669], [95.24686080000001, 5.465615599999998], [95.2468649, 5.4655883], [95.2468863, 5.4655309], [95.2469567, 5.465339999999999], [95.24716649999999, 5.464783199999999]]}}, {"type": "Feature", "properties": {"layer": "osm_road", "stroke": "#999999"}, "geometry": {"type": "LineString", "coordinates": [[95.24125939999999, 5.4775059], [95.24068310000001, 5.4774673]]}}, {"type": "Feature", "properties": {"layer": "osm_road", "stroke": "#999999"}, "geometry": {"type": "LineString", "coordinates": [[95.2421696, 5.467422599999999], [95.2421978, 5.4673545], [95.24243189999999, 5.4666138]]}}, {"type": "Feature", "properties": {"layer": "osm_road", "stroke": "#999999"}, "geometry": {"type": "LineString", "coordinates": [[95.2628815, 5.48424], [95.26285479999999, 5.484530799999999], [95.2628355, 5.484829899999999], [95.2628275, 5.485332400000001], [95.2628102, 5.485512199999999], [95.262716, 5.486005899999999], [95.26265219999999, 5.486245099999999], [95.26256789999998, 5.486459199999998], [95.2625404, 5.486591699999999], [95.26252529999998, 5.4867269], [95.2625005, 5.4869932], [95.26248639999999, 5.487284199999999]]}}, {"type": "Feature", "properties": {"layer": "osm_road", "stroke": "#999999"}, "geometry": {"type": "LineString", "coordinates": [[95.253224, 5.4820076], [95.2533716, 5.481470699999998], [95.25338799999999, 5.481422599999999], [95.25341079999998, 5.4813679], [95.2534711, 5.4812918], [95.25348049999998, 5.481261099999999], [95.2534725, 5.481216999999998], [95.2534685, 5.481170299999999], [95.2534765, 5.481135599999999], [95.25348989999999, 5.481087499999999], [95.2535248, 5.4810153999999995], [95.2535537, 5.4809777], [95.253578, 5.4808509999999995], [95.2536062, 5.480656500000001], [95.25361429999998, 5.480642600000001], [95.253629, 5.4806375], [95.2536474, 5.480636], [95.2540485, 5.4806492], [95.2540978, 5.480655799999999], [95.25410889999999, 5.4806668], [95.2541162, 5.480688], [95.254142, 5.480819100000001], [95.25415379999998, 5.4808411], [95.2541803, 5.480856499999998], [95.2542369, 5.4808601999999995], [95.2545346, 5.480855199999999], [95.2548981, 5.480884600000001], [95.2550953, 5.480915500000001], [95.2556923, 5.481079], [95.2557156, 5.481080099999999], [95.25574529999999, 5.4810706], [95.2557759, 5.481056299999999], [95.2558066, 5.4810486], [95.2558803, 5.481041], [95.25591189999999, 5.481046699999999], [95.25601919999998, 5.481105799999999], [95.256046, 5.4811173], [95.25610729999998, 5.4811201], [95.256136, 5.4811163], [95.25617239999998, 5.481104899999998], [95.256227, 5.481080099999999], [95.2562491, 5.481073399999998], [95.2563123, 5.4810706], [95.256342, 5.481073399999998], [95.2563831, 5.481082999999999], [95.2570172, 5.481479600000001], [95.25716449999999, 5.4815853], [95.2575884, 5.4818787], [95.25766039999999, 5.4819652], [95.2577072, 5.48206], [95.25778779999999, 5.4822458], [95.2578344, 5.4823038], [95.2579476, 5.4824019999999996], [95.25800889999998, 5.4824496], [95.2585685, 5.482736200000001], [95.2586091, 5.482750700000001], [95.25864339999998, 5.482757900000001], [95.2589095, 5.4827960000000004], [95.25894420000002, 5.482803099999999], [95.25896999999999, 5.4828191], [95.2589852, 5.4828377], [95.2589932, 5.482858], [95.259011, 5.483075100000001], [95.259019, 5.483101699999999], [95.25904039999999, 5.4831203], [95.2590644, 5.483129999999999], [95.25909109999999, 5.483134500000001], [95.2592902, 5.483106000000001], [95.25934739999998, 5.483106099999999], [95.25937769999999, 5.4831114], [95.2594017, 5.4831256], [95.2594151, 5.4831424], [95.2595477, 5.483462299999999], [95.25956189999998, 5.483480899999999], [95.2595815, 5.483484399999999], [95.2598142, 5.4834748], [95.26012139999999, 5.483502399999999], [95.2601429, 5.483508599999999], [95.26014599999999, 5.483514499999999], [95.2601448, 5.4835356], [95.26010949999998, 5.483674], [95.26005859999998, 5.4838148], [95.2600394, 5.483900099999998], [95.26004749999998, 5.483927500000001], [95.2600643, 5.483956599999999], [95.26032069999998, 5.4841057], [95.2603451, 5.484134199999999], [95.2603639, 5.484170699999998], [95.2603704, 5.4841946], [95.260367, 5.4842216], [95.26031069999999, 5.4843193], [95.26029929999999, 5.4843558], [95.2603097, 5.4844499], [95.2603557, 5.484659699999999], [95.2604088, 5.4848104], [95.26042929999998, 5.484849099999999], [95.2605167, 5.4849004], [95.2605525, 5.4849254], [95.26058169999999, 5.4849603], [95.26060229999999, 5.4850102], [95.2606765, 5.48536]]}}, {"type": "Feature", "properties": {"layer": "osm_road", "stroke": "#999999"}, "geometry": {"type": "LineString", "coordinates": [[95.2593179, 5.483955699999999], [95.25936259999999, 5.484003099999999], [95.2594219, 5.4841075], [95.25958789999999, 5.484456299999998], [95.2596174, 5.4845431], [95.2596391, 5.484619], [95.2596469, 5.4846572], [95.2596483, 5.484701900000001], [95.25964159999998, 5.484858799999999], [95.2596418, 5.4850275], [95.2596525, 5.485188399999998], [95.2597176, 5.485701699999999]]}}, {"type": "Feature", "properties": {"layer": "osm_road", "stroke": "#999999"}, "geometry": {"type": "LineString", "coordinates": [[95.25800889999998, 5.4824496], [95.2579633, 5.4827566999999995], [95.257944, 5.4828025], [95.2579139, 5.482837499999999], [95.25788610000001, 5.482867099999999], [95.2578421, 5.48289], [95.2573888, 5.482999000000001], [95.25732059999999, 5.483018999999999], [95.2572632, 5.483048400000001], [95.25724459999999, 5.483062699999999], [95.2572367, 5.483077099999999], [95.25723579999999, 5.483095700000001], [95.2572657, 5.4832783], [95.25727930000001, 5.483334899999999], [95.2572987, 5.483381499999999], [95.2575161, 5.483690599999999], [95.25765809999999, 5.4839791], [95.25767989999999, 5.484037399999998], [95.25768379999998, 5.4840852], [95.257673, 5.4841413], [95.25765809999999, 5.484197299999999], [95.2575908, 5.4843768], [95.2575771, 5.4844216999999995], [95.25757489999998, 5.4845478], [95.257589, 5.4846198], [95.2576312, 5.484743999999999], [95.25764239999998, 5.4847951], [95.25764469999999, 5.484852499999999], [95.25763789999999, 5.484995], [95.25763769999999, 5.4857389]]}}, {"type": "Feature", "properties": {"layer": "osm_road", "stroke": "#999999"}, "geometry": {"type": "LineString", "coordinates": [[95.26787229999998, 5.4893613], [95.26778649999999, 5.489405199999999], [95.26763869999999, 5.489512599999999], [95.2675375, 5.4895689999999995], [95.26749569999998, 5.489582399999999], [95.2674552, 5.4895878], [95.2674012, 5.4895878], [95.2671974, 5.489576999999999], [95.2671548, 5.4895816], [95.2670284, 5.489616600000001], [95.2669073, 5.489662700000001], [95.26684049999999, 5.4896821], [95.2667998, 5.489685799999999], [95.266753, 5.489685799999999], [95.2666225, 5.4896978], [95.2662475, 5.489761999999998], [95.2661557, 5.4897716], [95.266109, 5.4897718], [95.2660721, 5.4897647], [95.26598259999999, 5.4897304], [95.2659311, 5.489714599999998], [95.2658783, 5.4897079], [95.26545689999999, 5.489683600000001], [95.26539029999999, 5.4896845], [95.26505669999999, 5.489738400000001], [95.26478339999998, 5.489743500000001], [95.2647246, 5.4897647], [95.2645551, 5.4897662], [95.26452579999999, 5.4897713], [95.26450509999998, 5.4897849], [95.2644816, 5.4898179], [95.2644614, 5.489838800000001], [95.264444, 5.489846799999999], [95.26411450000002, 5.4898598]]}}, {"type": "Feature", "properties": {"layer": "osm_road", "stroke": "#999999"}, "geometry": {"type": "LineString", "coordinates": [[95.26256789999998, 5.486459199999998], [95.262469, 5.4864166999999995], [95.2623596, 5.4863848], [95.26222159999999, 5.4863545], [95.2620837, 5.486340099999999], [95.2616375, 5.486328999999999]]}}, {"type": "Feature", "properties": {"layer": "osm_road", "stroke": "#999999"}, "geometry": {"type": "LineString", "coordinates": [[95.2408949, 5.473495199999999], [95.24059069999998, 5.4734443], [95.24056887651231, 5.4734464881839635]]}}, {"type": "Feature", "properties": {"layer": "osm_road", "stroke": "#999999"}, "geometry": {"type": "LineString", "coordinates": [[95.26109439999999, 5.489995499999998], [95.2610605, 5.4899808], [95.2610366, 5.489970099999998], [95.2610018, 5.489934399999999], [95.2609722, 5.489891399999999], [95.2609448, 5.4898262], [95.26086349999999, 5.4895931], [95.26082979999998, 5.4895343], [95.26080549999999, 5.4895059], [95.260758, 5.489476499999999], [95.26068729999999, 5.4894471], [95.2606209, 5.4894313], [95.26058179999998, 5.4894282], [95.2605354, 5.489434500000001], [95.26049949999998, 5.4894471], [95.2604261, 5.489481], [95.26007879999999, 5.489665399999999], [95.260045, 5.4896736], [95.2600148, 5.489675], [95.25992379999998, 5.489666199999999], [95.25988199999999, 5.489674600000001], [95.2597542, 5.489726599999999], [95.25965689999998, 5.4897456], [95.2595618, 5.4897603], [95.25949779999999, 5.489723], [95.25947709999998, 5.489702500000001], [95.2594562, 5.4896549], [95.25940390000001, 5.4894167], [95.2593737, 5.4893026], [95.259359, 5.4892937], [95.2592801, 5.489282399999999], [95.2592487, 5.489273200000001], [95.25918079999998, 5.489260899999999], [95.2588927, 5.489260399999999], [95.25879590000001, 5.489269700000001]]}}, {"type": "Feature", "properties": {"layer": "osm_road", "stroke": "#999999"}, "geometry": {"type": "LineString", "coordinates": [[95.26231489999999, 5.4836339999999995], [95.26272759999999, 5.483681099999998], [95.2633819, 5.4836919]]}}, {"type": "Feature", "properties": {"layer": "osm_road", "stroke": "#999999"}, "geometry": {"type": "LineString", "coordinates": [[95.24555189999998, 5.4778382], [95.2455382, 5.477910299999999], [95.2455561, 5.478407099999999]]}}, {"type": "Feature", "properties": {"layer": "osm_road", "stroke": "#999999"}, "geometry": {"type": "LineString", "coordinates": [[95.24498639999999, 5.4767132], [95.24505419999998, 5.4763423], [95.2450851, 5.4759697]]}}, {"type": "Feature", "properties": {"layer": "osm_road", "stroke": "#999999"}, "geometry": {"type": "LineString", "coordinates": [[95.2444525, 5.470686099999999], [95.24414229999998, 5.4706845], [95.24408989999999, 5.470684799999999], [95.2440377, 5.4706907], [95.2439888, 5.4707034], [95.2435602, 5.470881399999999]]}}, {"type": "Feature", "properties": {"layer": "osm_road", "stroke": "#999999"}, "geometry": {"type": "LineString", "coordinates": [[95.2412908, 5.474288], [95.2416715, 5.474207999999999], [95.2417036, 5.474199], [95.241705, 5.4741482999999995], [95.24171029999998, 5.4741022], [95.241723, 5.474086899999998], [95.24176669999999, 5.4740801999999995], [95.2419075, 5.474072799999999]]}}, {"type": "Feature", "properties": {"layer": "osm_road", "stroke": "#999999"}, "geometry": {"type": "LineString", "coordinates": [[95.26416649999999, 5.4654465], [95.26368089999998, 5.4654828]]}}, {"type": "Feature", "properties": {"layer": "osm_road", "stroke": "#999999"}, "geometry": {"type": "LineString", "coordinates": [[95.2452215, 5.4749637], [95.2452401, 5.4749624], [95.2453002, 5.474957], [95.2459154, 5.4749533]]}}, {"type": "Feature", "properties": {"layer": "osm_road", "stroke": "#999999"}, "geometry": {"type": "LineString", "coordinates": [[95.24201939999999, 5.477826399999999], [95.2420656, 5.4786703], [95.2420672, 5.4788118]]}}, {"type": "Feature", "properties": {"layer": "osm_road", "stroke": "#999999"}, "geometry": {"type": "LineString", "coordinates": [[95.24056887651231, 5.450483502528952], [95.2414681, 5.450613999999999], [95.24206590000001, 5.4506983], [95.2433001, 5.450901199999999], [95.2444123, 5.451042199999998], [95.24499079999998, 5.451133499999999], [95.245255, 5.4511739], [95.2459754, 5.451283800000001], [95.24598659999998, 5.4506594999999995], [95.24618239999998, 5.449316499999999], [95.24620049999999, 5.449223700000001], [95.24622259999998, 5.449186399999999], [95.2462524, 5.4491627], [95.2462984, 5.4491516], [95.2463601, 5.4491496], [95.2464103, 5.449159700000001], [95.24656259999999, 5.4491977], [95.24663229999999, 5.4492197], [95.2467704, 5.449295200000001], [95.2468505, 5.4493388], [95.24719019999999, 5.449523499999999], [95.24735110000002, 5.4496122], [95.2474041, 5.449634299999999], [95.24744899999999, 5.449650899999999], [95.2474242, 5.449745100000001], [95.2474021, 5.449811799999999], [95.2470286, 5.4522369], [95.24700979999999, 5.452416499999998], [95.2470078, 5.452509299999999], [95.2470159, 5.4526214], [95.24702789999999, 5.4526895], [95.2470655, 5.452780899999999], [95.24711849999998, 5.4528484], [95.24723959999999, 5.452913799999999], [95.24733039999998, 5.452957800000001], [95.24737529999999, 5.4529892], [95.2474122, 5.453028599999999], [95.24744299999999, 5.453089299999999], [95.24744899999999, 5.453148700000001], [95.2474363, 5.453239499999999], [95.2473873, 5.4537021], [95.2473619, 5.453939799999999], [95.24736249999998, 5.4540753], [95.24738469999998, 5.454327599999999], [95.24718079999998, 5.4544284], [95.247105, 5.454461099999999], [95.2470092, 5.4544991000000005], [95.24674159999998, 5.454558499999999], [95.2466598, 5.4545919], [95.24660949999999, 5.4546246], [95.2465673, 5.4546472999999995], [95.2465163, 5.4546887], [95.24646199999998, 5.4547401], [95.24641299999999, 5.454788199999999], [95.2463118, 5.454897599999999], [95.2462642, 5.4549537], [95.2462025, 5.455053199999999], [95.2461059, 5.455234099999999], [95.24603949999998, 5.455393599999999], [95.2459959, 5.4555211], [95.2459296, 5.4556653], [95.2457713, 5.456003699999999]]}}, {"type": "Feature", "properties": {"layer": "osm_road", "stroke": "#999999"}, "geometry": {"type": "LineString", "coordinates": [[95.24454639999999, 5.468672700000001], [95.24475679999999, 5.4687087], [95.2449914, 5.468748099999999], [95.24506179999999, 5.468757999999999], [95.24531850000001, 5.4687771], [95.245347, 5.468783200000001], [95.2453729, 5.4687981], [95.24539829999999, 5.4688267999999995], [95.24541849999999, 5.4688543], [95.2455273, 5.469004999999999], [95.245548, 5.46903], [95.245711, 5.4692156999999995], [95.2457284, 5.469237599999999], [95.24574269999998, 5.4692585], [95.2457616, 5.469285399999999], [95.24577139999998, 5.4693021], [95.245777, 5.4693211]]}}, {"type": "Feature", "properties": {"layer": "osm_road", "stroke": "#999999"}, "geometry": {"type": "LineString", "coordinates": [[95.2421696, 5.467422599999999], [95.24227019999998, 5.467509300000001], [95.24298739999999, 5.4680987]]}}, {"type": "Feature", "properties": {"layer": "osm_road", "stroke": "#999999"}, "geometry": {"type": "LineString", "coordinates": [[95.252126, 5.4820994999999995], [95.25224639999999, 5.4819923], [95.2523005, 5.4819508], [95.2523307, 5.481943699999999], [95.25236809999998, 5.481942], [95.25272679999999, 5.481969900000001], [95.2530702, 5.482004599999998], [95.253224, 5.4820076], [95.2533684, 5.4820063999999995]]}}, {"type": "Feature", "properties": {"layer": "osm_road", "stroke": "#999999"}, "geometry": {"type": "LineString", "coordinates": [[95.26077899999999, 5.4852978], [95.26073679999999, 5.486144999999999], [95.260849, 5.487320799999999], [95.26091079999999, 5.487697699999999], [95.26099679999999, 5.488104599999998]]}}, {"type": "Feature", "properties": {"layer": "osm_road", "stroke": "#999999"}, "geometry": {"type": "LineString", "coordinates": [[95.2564297, 5.4853681], [95.2563395, 5.4856071], [95.25624549999999, 5.4859537], [95.25620999999998, 5.486117899999999], [95.25613549999998, 5.486529699999999], [95.2561254, 5.4865463], [95.25610870000001, 5.486555699999999], [95.2560899, 5.486560699999999], [95.2560704, 5.4865620999999996], [95.25557089999998, 5.4865274]]}}, {"type": "Feature", "properties": {"layer": "osm_road", "stroke": "#999999"}, "geometry": {"type": "LineString", "coordinates": [[95.25620999999998, 5.486117899999999], [95.25636499999999, 5.4861543], [95.2564888, 5.486173]]}}, {"type": "Feature", "properties": {"layer": "osm_road", "stroke": "#999999"}, "geometry": {"type": "LineString", "coordinates": [[95.2607432, 5.491770999999999], [95.2605521, 5.4916541], [95.2604347, 5.4915715999999986], [95.260312, 5.4915032], [95.26022399999998, 5.4914676], [95.2601765, 5.491429899999998], [95.2601204, 5.491338599999999], [95.26008729999998, 5.4912455], [95.26007289999998, 5.4911753], [95.26005099999999, 5.490878699999998], [95.25999939999998, 5.4906752], [95.25991550000002, 5.490446899999999], [95.25978989999999, 5.490148199999999], [95.25965689999998, 5.4897456]]}}, {"type": "Feature", "properties": {"layer": "osm_road", "stroke": "#999999"}, "geometry": {"type": "LineString", "coordinates": [[95.2407084, 5.473842599999999], [95.24056887651231, 5.473856684807986]]}}, {"type": "Feature", "properties": {"layer": "osm_road", "stroke": "#999999"}, "geometry": {"type": "LineString", "coordinates": [[95.24056887651231, 5.475223078346193], [95.24085839999998, 5.475329099999999]]}}, {"type": "Feature", "properties": {"layer": "osm_road", "stroke": "#999999"}, "geometry": {"type": "LineString", "coordinates": [[95.26855799999998, 5.489615999999999], [95.26787229999998, 5.4893613], [95.26774129999998, 5.489302999999999], [95.26767099999999, 5.4892711], [95.2676451, 5.4892436], [95.26761999999998, 5.489179499999999], [95.2675815, 5.488868799999998], [95.2675507, 5.4884769], [95.2675664, 5.4878397], [95.26755679999998, 5.487789], [95.26754059999999, 5.4877355], [95.267522, 5.4877056], [95.2674911, 5.4876799], [95.2674552, 5.487657399999999], [95.2672353, 5.4875901], [95.2662614, 5.4871682999999996], [95.26594429999999, 5.4870500999999985], [95.2657498, 5.4870202], [95.2653503, 5.486979799999999], [95.26436429999998, 5.486951499999999], [95.2641835, 5.486979799999999], [95.2640809, 5.4870128000000005], [95.26380549999999, 5.487123899999999], [95.26372579999999, 5.487145099999999], [95.2636131, 5.487168099999999], [95.2634026, 5.487212599999999], [95.26317929999999, 5.4872501], [95.26248639999999, 5.487284199999999], [95.26187999999999, 5.487388200000001], [95.2618106, 5.4874026], [95.2611699, 5.487625], [95.26091079999999, 5.487697699999999]]}}, {"type": "Feature", "properties": {"layer": "osm_road", "stroke": "#999999"}, "geometry": {"type": "LineString", "coordinates": [[95.27418569999999, 5.4654590999999995], [95.2741316, 5.4654605], [95.27399579999998, 5.465429999999999], [95.2737431, 5.465393599999999], [95.27359839999998, 5.465376199999999], [95.27347090000002, 5.465318100000001], [95.27333879999999, 5.4652169], [95.27324729999998, 5.4651137], [95.2732026, 5.464994299999999], [95.27318019999998, 5.464897200000001], [95.27317819999999, 5.464796], [95.2731599, 5.4646908], [95.27308669999998, 5.464524899999999], [95.27296879999999, 5.464437899999999], [95.2727594, 5.464304299999999], [95.27261309999999, 5.464233500000001], [95.27252169999998, 5.4641959999999985]]}}, {"type": "Feature", "properties": {"layer": "osm_road", "stroke": "#999999"}, "geometry": {"type": "LineString", "coordinates": [[95.2624612, 5.4985238999999995], [95.2623784, 5.4985297], [95.26229119999999, 5.4984931], [95.2620056, 5.498337599999999], [95.2617481, 5.4981805999999995], [95.261719, 5.4981515], [95.26171519999998, 5.4981097], [95.26184079999999, 5.497647499999999]]}}, {"type": "Feature", "properties": {"layer": "osm_road", "stroke": "#999999"}, "geometry": {"type": "LineString", "coordinates": [[95.2625306, 5.497051299999999], [95.26260979999999, 5.4977207], [95.2626091, 5.497763899999999], [95.2626012, 5.497806099999999], [95.2625845, 5.497841499999999], [95.26255329999998, 5.497862999999999], [95.26244619999999, 5.4978734], [95.2621125, 5.4978714], [95.2620283, 5.497918299999999], [95.2620087, 5.497959200000001], [95.2620051, 5.4979983], [95.2620145, 5.4980250999999996], [95.26204170000001, 5.4980485], [95.262456, 5.498292499999999]]}}, {"type": "Feature", "properties": {"layer": "osm_road", "stroke": "#999999"}, "geometry": {"type": "LineString", "coordinates": [[95.27161910000001, 5.4994705], [95.2716632, 5.499389699999999], [95.27166469999999, 5.499330199999999], [95.27166059999999, 5.499258499999999], [95.271651, 5.4992065], [95.27163659999998, 5.499143199999999], [95.271618, 5.499089200000001], [95.2715757, 5.498990299999999], [95.271547, 5.498940599999999], [95.27151769999999, 5.498815099999999], [95.2714728, 5.4983617], [95.27145419999998, 5.498182999999998]]}}, {"type": "Feature", "properties": {"layer": "osm_road", "stroke": "#999999"}, "geometry": {"type": "LineString", "coordinates": [[95.2617839, 5.4964158], [95.26166679999999, 5.4963831], [95.26160669999999, 5.496370899999998], [95.261545, 5.4963516], [95.26080489999998, 5.496086599999999], [95.26078910000001, 5.496077499999999], [95.26049539999998, 5.4958605], [95.26031419999998, 5.4956853]]}}, {"type": "Feature", "properties": {"layer": "osm_road", "stroke": "#999999"}, "geometry": {"type": "LineString", "coordinates": [[95.26108799999999, 5.49549], [95.26145219999998, 5.4954469], [95.26164649999998, 5.4954302], [95.2617429, 5.4954248], [95.26185549999998, 5.4954185]]}}, {"type": "Feature", "properties": {"layer": "osm_road", "stroke": "#999999"}, "geometry": {"type": "LineString", "coordinates": [[95.2724634, 5.498532599999999], [95.27216089999999, 5.498630999999999], [95.27206659999999, 5.498674699999999], [95.27197949999999, 5.4986984], [95.27192859999998, 5.498702700000001], [95.2718874, 5.498707899999999], [95.2718476, 5.498712899999999], [95.2718027, 5.4987249], [95.2717574, 5.498726099999999], [95.27173429999999, 5.4987421], [95.2716942, 5.498747999999999], [95.27164309999999, 5.498756899999999], [95.27151769999999, 5.498815099999999]]}}, {"type": "Feature", "properties": {"layer": "osm_road", "stroke": "#999999"}, "geometry": {"type": "LineString", "coordinates": [[95.2708202, 5.499045500000001], [95.2706799, 5.4985881], [95.27061309999999, 5.4984993], [95.2705669, 5.498421899999999], [95.27052859999999, 5.498364499999999], [95.27046999999999, 5.498259099999999], [95.2704614, 5.498209699999999], [95.27047279999998, 5.498139000000001], [95.27050969999999, 5.4980356], [95.2705796, 5.4978639], [95.27063540000002, 5.4977384], [95.27078519999999, 5.4975268999999996], [95.27080309999998, 5.4974848], [95.2708202, 5.497415899999998], [95.2708423, 5.4973248], [95.27085749999999, 5.497234999999999], [95.27085789999998, 5.497082899999999], [95.2708582, 5.4969228], [95.2708586, 5.4967584], [95.27086509999998, 5.4964815], [95.27085960000001, 5.496411], [95.2707618, 5.495797300000001], [95.2707515, 5.495764], [95.2707121, 5.495699], [95.27070179999998, 5.495659299999999], [95.27069579999998, 5.4956206000000005], [95.2706893, 5.4955118], [95.2706973, 5.4954362], [95.27071349999999, 5.495361799999999], [95.27072, 5.495225700000001], [95.27074379999999, 5.494939499999998], [95.270743, 5.494892600000001], [95.2707363, 5.494848299999999], [95.27070009999998, 5.494715], [95.270691, 5.4946361], [95.27069029999998, 5.49459], [95.270696, 5.4945424], [95.27071739999998, 5.494435499999999], [95.2707472, 5.4943204], [95.270772, 5.4942529], [95.27082189999999, 5.4941644], [95.2708298, 5.4941362], [95.2708282, 5.4939823], [95.2708244, 5.493944499999999], [95.27081629999999, 5.493932100000001], [95.2708049, 5.493922199999999], [95.2707921, 5.4939145], [95.27077739999999, 5.493910599999999], [95.27005259999999, 5.4939273], [95.26995599999998, 5.4939152], [95.26990200000002, 5.4939005], [95.26980299999998, 5.4938874], [95.2697355, 5.493883099999999], [95.26949010000001, 5.4938765], [95.26903329999999, 5.493879099999999], [95.268993, 5.4938925], [95.26893049999998, 5.493926999999999], [95.2688884, 5.4939125], [95.2687808, 5.4939359], [95.26868219999999, 5.493942200000001], [95.26864140000002, 5.493948099999999], [95.2684799, 5.493993499999999], [95.26840009999998, 5.494018900000001], [95.26827959999999, 5.4940673], [95.26816759999998, 5.4940996], [95.2681069, 5.4941072], [95.26805169999999, 5.4941098], [95.2680118, 5.494107], [95.26795429999999, 5.494098999999999], [95.26790359999998, 5.494086799999998], [95.26776199999999, 5.4940682999999995], [95.2677145, 5.494067399999999], [95.26763099999998, 5.4940794]]}}, {"type": "Feature", "properties": {"layer": "osm_road", "stroke": "#999999"}, "geometry": {"type": "LineString", "coordinates": [[95.2706799, 5.4985881], [95.2707136, 5.4985632], [95.2708455, 5.4985193], [95.27098449999998, 5.498468600000001], [95.2711337, 5.498424799999999], [95.2712739, 5.498390799999999]]}}, {"type": "Feature", "properties": {"layer": "osm_road", "stroke": "#999999"}, "geometry": {"type": "LineString", "coordinates": [[95.2676329, 5.494349399999999], [95.267948, 5.4943476]]}}, {"type": "Feature", "properties": {"layer": "osm_road", "stroke": "#999999"}, "geometry": {"type": "LineString", "coordinates": [[95.2734166, 5.4981765], [95.27322899999999, 5.4981352], [95.2731582, 5.4981237], [95.27293079999998, 5.498110600000001], [95.27251019999999, 5.4980161999999995], [95.27235730000001, 5.497962899999998], [95.27230230000002, 5.4979546], [95.2721936, 5.497957399999999], [95.27216009999998, 5.497964], [95.27212729999998, 5.497976199999999], [95.272023, 5.498030899999999], [95.2719792, 5.4980478], [95.2719553, 5.4980485], [95.2717175, 5.4980289], [95.2716584, 5.498037299999998], [95.27163049999999, 5.498049599999999], [95.27145419999998, 5.498182999999998]]}}, {"type": "Feature", "properties": {"layer": "osm_road", "stroke": "#999999"}, "geometry": {"type": "LineString", "coordinates": [[95.2441586, 5.499830599999999], [95.2441604, 5.499828699999999], [95.2444018, 5.4995449999999995], [95.2448696, 5.4989755], [95.2452713, 5.498453199999999], [95.24554299999998, 5.498237399999999], [95.24570749999998, 5.4981130999999985], [95.24611539999998, 5.497831099999999], [95.24621159999998, 5.4977768000000005], [95.246327, 5.497734799999999], [95.2465266, 5.4976837], [95.24679829999998, 5.4975712], [95.24702749999999, 5.497458199999999], [95.24712589999999, 5.497409900000001], [95.2472322, 5.4973696], [95.247467, 5.4973028], [95.24758459999998, 5.4972704], [95.2478585, 5.4972129999999995], [95.24867519999998, 5.497107099999999], [95.2492543, 5.4970281000000005], [95.2498583, 5.4969646]]}}, {"type": "Feature", "properties": {"layer": "osm_road", "stroke": "#999999"}, "geometry": {"type": "LineString", "coordinates": [[95.27063540000002, 5.4977384], [95.2705326, 5.4976865], [95.2705135, 5.497666500000001], [95.27049479999998, 5.4976360999999985], [95.27048599999999, 5.4976094], [95.27045759999999, 5.4974674], [95.2704456, 5.4974278], [95.27041079999998, 5.4973548999999995], [95.2703646, 5.497273899999999], [95.2703443, 5.497247199999999], [95.27031959999998, 5.497221799999999], [95.2702915, 5.4971992], [95.27020369999998, 5.497140399999999], [95.2699933, 5.497025600000001], [95.2699699, 5.4969947], [95.2699503, 5.4969415999999995], [95.26991709999999, 5.4967715], [95.2699009, 5.4967307], [95.2697739, 5.4964919000000005], [95.26975290000001, 5.4964773000000005], [95.26974019999999, 5.496473299999999], [95.2696779, 5.4964602], [95.26956619999999, 5.496423299999998], [95.26937989999999, 5.496372199999999], [95.2693591, 5.496357199999999], [95.2693431, 5.496329099999999], [95.2693366, 5.4962944], [95.26933719999998, 5.496249499999999], [95.26936679999999, 5.496146999999999], [95.2693687, 5.4961274], [95.2693661, 5.4961077], [95.2693534, 5.4960696], [95.26931059999998, 5.4959843], [95.26924759999999, 5.4958879], [95.26921899999999, 5.495853499999999], [95.26918769999999, 5.495821099999999], [95.26914159999998, 5.495791299999999], [95.26872649999999, 5.4956602]]}}, {"type": "Feature", "properties": {"layer": "osm_road", "stroke": "#999999"}, "geometry": {"type": "LineString", "coordinates": [[95.2718886, 5.499743500000001], [95.2723579, 5.499567200000001], [95.27280229999998, 5.499389000000001]]}}, {"type": "Feature", "properties": {"layer": "osm_road", "stroke": "#999999"}, "geometry": {"type": "LineString", "coordinates": [[95.26893049999998, 5.493926999999999], [95.2688509, 5.4943577999999995], [95.26877849999998, 5.4946854], [95.2687611, 5.494770699999999], [95.2688105, 5.4951073], [95.26889239999998, 5.495306399999999], [95.26890019999999, 5.495330399999999], [95.26890769999999, 5.495377999999999], [95.26888909999998, 5.495409699999999], [95.26880229999999, 5.4955115999999995], [95.26872649999999, 5.4956602], [95.2687137, 5.495689799999998], [95.26870419999999, 5.4957353], [95.268695, 5.495785700000001], [95.26867249999998, 5.4958461], [95.2686197, 5.495891899999999], [95.26856769999999, 5.495917], [95.268373, 5.496005799999999], [95.26835189999998, 5.4960134], [95.26833749999999, 5.4960295], [95.26832119999999, 5.496045799999999], [95.26832099999999, 5.4960917], [95.26830439999999, 5.496134], [95.26826379999999, 5.4961674], [95.26812989999999, 5.496295399999999]]}}, {"type": "Feature", "properties": {"layer": "osm_road", "stroke": "#999999"}, "geometry": {"type": "LineString", "coordinates": [[95.2644585, 5.4990023], [95.26455290000001, 5.498678199999999], [95.2646432, 5.498344899999999]]}}, {"type": "Feature", "properties": {"layer": "osm_road", "stroke": "#999999"}, "geometry": {"type": "LineString", "coordinates": [[95.2676828, 5.494969099999999], [95.26784779999998, 5.494942099999999], [95.26786549999998, 5.494933299999999], [95.2678825, 5.4949165], [95.26790179999999, 5.4949105000000005], [95.2680493, 5.4948989], [95.26806519999998, 5.4949056999999994], [95.26810379999999, 5.4949413], [95.268128, 5.4949493], [95.26837349999998, 5.4948932], [95.26839119999998, 5.4948748], [95.26840169999998, 5.4948426999999995], [95.26841159999998, 5.494827599999998], [95.26842769999999, 5.494817099999999], [95.2685098, 5.4948125], [95.2685293, 5.4948065999999995], [95.2685548, 5.4947632], [95.2685715, 5.494752299999999], [95.2685903, 5.4947518], [95.2687611, 5.494770699999999]]}}, {"type": "Feature", "properties": {"layer": "osm_road", "stroke": "#999999"}, "geometry": {"type": "LineString", "coordinates": [[95.24056887651231, 5.498451974235486], [95.2407188, 5.498510399999999], [95.24169319999999, 5.498916599999999], [95.24185339999998, 5.4989772], [95.2420251, 5.499028099999999], [95.2425122, 5.499201499999999], [95.2440094, 5.4997645], [95.2441586, 5.499830599999999]]}}, {"type": "Feature", "properties": {"layer": "osm_road", "stroke": "#999999"}, "geometry": {"type": "LineString", "coordinates": [[95.26244619999999, 5.4978734], [95.262456, 5.498292499999999], [95.2624612, 5.4985238999999995]]}}, {"type": "Feature", "properties": {"layer": "osm_road", "stroke": "#999999"}, "geometry": {"type": "LineString", "coordinates": [[95.24924218729207, 5.50008673722183], [95.24921679999999, 5.499944499999998], [95.2492126, 5.4999213], [95.24921530000002, 5.4998998], [95.24923, 5.4998819], [95.2492562, 5.4998726], [95.24936509999999, 5.499870800000001], [95.249563, 5.499901699999999], [95.2495725, 5.4998649], [95.2495772, 5.4998496], [95.24958679999999, 5.499787299999999], [95.2496107, 5.499658999999999], [95.24964930000002, 5.4994418]]}}, {"type": "Feature", "properties": {"layer": "osm_road", "stroke": "#999999"}, "geometry": {"type": "LineString", "coordinates": [[95.2694808, 5.499322499999998], [95.26941379999998, 5.4991268], [95.26940599999999, 5.4990944], [95.26940650000002, 5.499084099999999], [95.2694133, 5.4990669], [95.2694228, 5.4990589], [95.2694362, 5.499052800000001], [95.2697183, 5.49899], [95.2700547, 5.498906399999999], [95.27008389999999, 5.498909899999999], [95.27010039999999, 5.498924899999999], [95.2701064, 5.498938099999999], [95.27016289999999, 5.4992808]]}}, {"type": "Feature", "properties": {"layer": "osm_road", "stroke": "#999999"}, "geometry": {"type": "LineString", "coordinates": [[95.26212149999999, 5.4976786], [95.2621125, 5.4978714]]}}, {"type": "Feature", "properties": {"layer": "osm_road", "stroke": "#999999"}, "geometry": {"type": "LineString", "coordinates": [[95.26903059999998, 5.497020599999999], [95.26900009999999, 5.496441099999999]]}}, {"type": "Feature", "properties": {"layer": "osm_road", "stroke": "#999999"}, "geometry": {"type": "LineString", "coordinates": [[95.26183859999999, 5.495681399999999], [95.26220779999998, 5.495716699999999], [95.2622694, 5.495728099999999], [95.2623263, 5.4957429], [95.26257269999999, 5.4958388], [95.26261689999998, 5.4958496], [95.2626992, 5.4958561999999995], [95.26320649999998, 5.4958616], [95.26325279999999, 5.495871800000001], [95.2632873, 5.4958905], [95.263313, 5.495916600000001], [95.26333399999999, 5.495959399999999], [95.26334090000002, 5.4960053], [95.2633377, 5.496046799999999], [95.2633312, 5.4960859], [95.2632943, 5.4962381], [95.2632595, 5.4963674000000005], [95.26325899999999, 5.496412100000001], [95.26327399999998, 5.496450199999999], [95.2633439, 5.496543999999999], [95.2633987, 5.496673299999999], [95.2634413, 5.496811400000001], [95.2634419, 5.496829499999999], [95.2634378, 5.496847599999999], [95.2634294, 5.4968612], [95.2634175, 5.496873599999999], [95.2633268, 5.496928399999999], [95.26331800000001, 5.496943000000001], [95.2633139, 5.496957699999999], [95.26331659999998, 5.497138200000001], [95.2633301, 5.497180600000001], [95.26335019999999, 5.497218599999999], [95.26342269999999, 5.4974232999999995], [95.2634258, 5.497453700000001], [95.2634288, 5.497607599999999]]}}, {"type": "Feature", "properties": {"layer": "osm_road", "stroke": "#999999"}, "geometry": {"type": "LineString", "coordinates": [[95.24627499999998, 5.4998984], [95.24629869999998, 5.500071], [95.24629857606458, 5.50008673722183]]}}, {"type": "Feature", "properties": {"layer": "osm_road", "stroke": "#999999"}, "geometry": {"type": "LineString", "coordinates": [[95.262601, 5.4987043], [95.26266209999999, 5.4988831000000005]]}}, {"type": "Feature", "properties": {"layer": "osm_road", "stroke": "#999999"}, "geometry": {"type": "LineString", "coordinates": [[95.26266209999999, 5.4988831000000005], [95.26267829999999, 5.499181399999999], [95.2627179, 5.499466899999999], [95.26272339999998, 5.499682399999999], [95.26271969999999, 5.4998836], [95.2626960182001, 5.50008673722183]]}}, {"type": "Feature", "properties": {"layer": "osm_road", "stroke": "#999999"}, "geometry": {"type": "LineString", "coordinates": [[95.26890769999999, 5.495377999999999], [95.26914099999999, 5.495419500000001], [95.26927859999999, 5.495455599999999], [95.2693274, 5.495461499999999], [95.26943359999999, 5.495464799999999]]}}, {"type": "Feature", "properties": {"layer": "osm_road", "stroke": "#999999"}, "geometry": {"type": "LineString", "coordinates": [[95.27034739999999, 5.499257699999999], [95.27016289999999, 5.4992808], [95.26993, 5.499304099999999], [95.26967090000001, 5.499315700000001], [95.2694808, 5.499322499999998]]}}, {"type": "Feature", "properties": {"layer": "osm_road", "stroke": "#999999"}, "geometry": {"type": "LineString", "coordinates": [[95.27034739999999, 5.499257699999999], [95.2703483, 5.499287399999999], [95.2703566, 5.499390899999998], [95.2703625, 5.4995661], [95.2703537, 5.4996664], [95.2703468, 5.4996852], [95.27033449999999, 5.4997027], [95.27031910000001, 5.499718100000001], [95.27028459999998, 5.4997399], [95.27026, 5.499745599999999], [95.26973339999999, 5.4997842], [95.2695356, 5.499817], [95.2694477, 5.4998423], [95.2693838, 5.4998652], [95.26923509999999, 5.499906299999998], [95.2691309, 5.499935099999999], [95.2690972, 5.4999412], [95.2689193, 5.4999518], [95.2686903, 5.4999577]]}}, {"type": "Feature", "properties": {"layer": "osm_road", "stroke": "#999999"}, "geometry": {"type": "LineString", "coordinates": [[95.26966410000001, 5.4996260999999995], [95.26964849999999, 5.499552399999999], [95.2699787, 5.4995659], [95.2703625, 5.4995661]]}}, {"type": "Feature", "properties": {"layer": "osm_road", "stroke": "#999999"}, "geometry": {"type": "LineString", "coordinates": [[95.26188260000002, 5.4947942], [95.261426, 5.494752500000001], [95.26109410000001, 5.4947057], [95.26086349999999, 5.494676499999999]]}}, {"type": "Feature", "properties": {"layer": "osm_road", "stroke": "#999999"}, "geometry": {"type": "LineString", "coordinates": [[95.26216149999999, 5.4952185], [95.2618587, 5.495242599999999]]}}, {"type": "Feature", "properties": {"layer": "osm_road", "stroke": "#999999"}, "geometry": {"type": "LineString", "coordinates": [[95.26765709999998, 5.4946675], [95.2673706, 5.494702999999999]]}}, {"type": "Feature", "properties": {"layer": "osm_road", "stroke": "#999999"}, "geometry": {"type": "LineString", "coordinates": [[95.2500656, 5.500069099999999], [95.2499011, 5.500021799999999], [95.24985549999998, 5.5000205], [95.2498099, 5.5000229], [95.2497724, 5.5000154], [95.24973749999998, 5.5000041], [95.249563, 5.499901699999999]]}}, {"type": "Feature", "properties": {"layer": "osm_road", "stroke": "#999999"}, "geometry": {"type": "LineString", "coordinates": [[95.2720542643093, 5.50008673722183], [95.2719673, 5.499920500000001], [95.2718886, 5.499743500000001], [95.27182239999999, 5.499617599999999], [95.27178589999998, 5.499567099999999], [95.27176559999998, 5.499547299999999], [95.2717414, 5.4995289], [95.27161910000001, 5.4994705], [95.27149269999998, 5.499414100000001], [95.2714766, 5.499404599999999], [95.271251, 5.4991901], [95.27114799999998, 5.499104899999999], [95.2710929, 5.4990721], [95.27101350000001, 5.4990421], [95.270956, 5.4990339], [95.270905, 5.4990269], [95.2708202, 5.499045500000001], [95.27055069999999, 5.4991257], [95.2704735, 5.4991582], [95.270422, 5.499190899999999], [95.27034739999999, 5.499257699999999]]}}, {"type": "Feature", "properties": {"layer": "osm_road", "stroke": "#999999"}, "geometry": {"type": "LineString", "coordinates": [[95.36390049999999, 5.442957], [95.36394849999999, 5.4432117], [95.3639523, 5.4432823], [95.3639463, 5.443357299999999], [95.36386669999999, 5.443697399999999], [95.3638471, 5.443806699999999], [95.36383040000001, 5.4439295], [95.3638271, 5.444055799999999], [95.3638368, 5.444178899999999], [95.36392929999998, 5.4446314000000005], [95.36392809999998, 5.4446597], [95.3639181, 5.444688799999999], [95.36389579999998, 5.444705699999999], [95.36366309999998, 5.4447796], [95.3636009, 5.4448042999999995], [95.3634834, 5.444831499999999], [95.3632709, 5.444828899999998], [95.3632374, 5.444825600000001], [95.3632043, 5.4448284], [95.36291599999998, 5.444872299999999], [95.362877, 5.444876100000001], [95.3626212, 5.444881199999999], [95.3625784, 5.444888499999999], [95.3623814, 5.444942599999999], [95.3622832, 5.4449689], [95.3621929, 5.444981899999999], [95.3621122, 5.4449815], [95.36203759999998, 5.4449684], [95.36197129999998, 5.444935099999999], [95.36192269999998, 5.4448788], [95.3615679, 5.4442110999999995], [95.36154399999998, 5.4441731], [95.3615141, 5.4441476999999985], [95.36147430000001, 5.4441343], [95.36142539999999, 5.444126499999999], [95.3613102, 5.4441513], [95.36059579999998, 5.444412699999999], [95.3605211, 5.444441], [95.36045019999999, 5.4444579], [95.36024629999999, 5.444457699999999], [95.3601421, 5.444449499999999], [95.3600742, 5.444435499999999], [95.3600344, 5.4444029], [95.3600016, 5.4443632], [95.35998519999998, 5.4443096], [95.35994770000002, 5.444132299999999], [95.35993129999999, 5.444081], [95.35989849999999, 5.4440227000000005], [95.3594931, 5.443507299999999], [95.35939939999999, 5.4433417], [95.35938769999998, 5.443271700000001], [95.35939239999999, 5.443201700000001], [95.35942989999998, 5.4431154], [95.3594627, 5.4430338], [95.359465, 5.442966199999999], [95.35945329999998, 5.4428915], [95.3594229, 5.4428402], [95.35937369999999, 5.442788899999998], [95.3592284, 5.4426699], [95.3591886, 5.442616299999999], [95.3591487, 5.4425276999999985], [95.35907849999998, 5.442331700000001], [95.3590457, 5.442285099999999], [95.35899639999998, 5.4422455], [95.3588863, 5.4422081], [95.35824909999998, 5.4421195], [95.3581694, 5.442140499999999], [95.35779219999999, 5.442226799999999], [95.3577196, 5.442224499999999], [95.3576352, 5.4421871], [95.35755789999999, 5.442117199999999], [95.35745719999998, 5.442000600000001], [95.35706819999999, 5.441394100000001], [95.3569464, 5.441279899999998], [95.3566676, 5.441076899999999], [95.35654339999999, 5.441030299999999], [95.35640519999998, 5.440997599999999], [95.3562599, 5.440990600000001], [95.3560608, 5.440999999999999], [95.3556578, 5.4411003000000004]]}}, {"type": "Feature", "properties": {"layer": "osm_road", "stroke": "#999999"}, "geometry": {"type": "LineString", "coordinates": [[95.3634834, 5.444831499999999], [95.3636061, 5.445313299999999], [95.36362129999999, 5.445362], [95.36374219999999, 5.445664699999999], [95.36382609999998, 5.4459148], [95.36386199999998, 5.4460565], [95.36388029999999, 5.446211600000001], [95.3638835, 5.4464217999999995], [95.3638532, 5.4468048], [95.36384979999998, 5.446905199999999], [95.3638606, 5.4469905], [95.36388939999999, 5.447077900000001], [95.3640814, 5.4475039], [95.3641813, 5.4477022], [95.3644508, 5.448183599999999], [95.36460409999998, 5.4484054], [95.3646727, 5.448482699999999], [95.3647415, 5.4485477], [95.36481229999998, 5.4486083], [95.3648795, 5.448669299999999], [95.36492719999998, 5.448731400000001], [95.36497829999999, 5.448795099999999], [95.3650247, 5.448833299999999], [95.3650599, 5.4488492], [95.365095, 5.4488539000000005], [95.3651382, 5.4488539000000005], [95.36522209999998, 5.448846999999999], [95.36527929999998, 5.4488494], [95.3653437, 5.448875499999999], [95.36540329999998, 5.448922999999999], [95.3654582, 5.448996599999999], [95.3655712, 5.4492066], [95.3656664, 5.449412999999999]]}}, {"type": "Feature", "properties": {"layer": "osm_road", "stroke": "#999999"}, "geometry": {"type": "LineString", "coordinates": [[95.3662336, 5.3795693], [95.3662695, 5.379661499999999], [95.3662964, 5.3797388], [95.3663173, 5.3798489], [95.36633219999999, 5.379926199999999], [95.36633219999999, 5.3800065], [95.3663173, 5.3801106], [95.3663143, 5.3801909000000006], [95.36633301628903, 5.380256546686957]]}}, {"type": "Feature", "properties": {"layer": "osm_road", "stroke": "#999999"}, "geometry": {"type": "LineString", "coordinates": [[95.36633301628903, 5.381185021432909], [95.3662791, 5.3813037], [95.36626379999998, 5.381354199999999], [95.3662544, 5.381404699999999], [95.3662639, 5.3815309], [95.36628269999999, 5.381729999999999], [95.3662989, 5.3817732], [95.36633301628903, 5.381835301866312]]}}, {"type": "Feature", "properties": {"layer": "osm_road", "stroke": "#999999"}, "geometry": {"type": "LineString", "coordinates": [[95.36633301628903, 5.38282335028317], [95.3662334, 5.382811599999999], [95.36617499999998, 5.382784699999999], [95.3661257, 5.3827308], [95.36610319999998, 5.382663499999999], [95.3660987, 5.3824301], [95.3660813, 5.3823954], [95.366058, 5.382374399999999], [95.366, 5.382335899999999], [95.3653582, 5.3820217], [95.3651338, 5.381788399999999], [95.365055, 5.381748299999999], [95.3649633, 5.381721], [95.36453209999999, 5.3818182], [95.3643395, 5.3818422], [95.36401849999999, 5.3819093], [95.3639569, 5.3819118999999995], [95.36382929999999, 5.381888199999999], [95.36367359999998, 5.381853899999999], [95.36351499999999, 5.381814099999999], [95.36329859999998, 5.3817304], [95.3628599, 5.3814821], [95.36271799999999, 5.381430699999999], [95.362619, 5.3813921], [95.36245129999999, 5.3813108], [95.3623394, 5.381250799999999], [95.3622018, 5.381246499999998], [95.3621072, 5.381259400000001], [95.36200819999999, 5.3813108], [95.3619265, 5.3813835999999995], [95.36186629999999, 5.3814392], [95.36186199999999, 5.381512], [95.3619007, 5.381567699999999], [95.3619738, 5.381619099999998], [95.3621072, 5.381691899999999], [95.3622792, 5.3817904], [95.362404, 5.3818717000000005], [95.3625201, 5.381957399999999], [95.3626663, 5.382060199999999], [95.36298029999999, 5.38233], [95.363056, 5.382421199999999], [95.36319959999999, 5.382726300000001], [95.36321299999999, 5.3829418], [95.36332069999999, 5.383475800000001], [95.3634105, 5.383736099999999], [95.3634688, 5.383812400000001], [95.3635092, 5.3838348], [95.3638234, 5.3839022], [95.3639356, 5.383951500000001], [95.3639984, 5.3840009], [95.3640747, 5.384086199999999], [95.36412859999999, 5.384175899999999], [95.3642408, 5.384422800000001], [95.3643215, 5.3846696], [95.3643395, 5.3847863], [95.3643081, 5.384894], [95.3642677, 5.3849568], [95.3641824, 5.3850331], [95.364151, 5.385104900000001], [95.36415550000001, 5.3852171], [95.3642138, 5.3854146], [95.36424969999999, 5.3857736], [95.36433499999998, 5.3862269], [95.36440679999998, 5.386375], [95.36466709999999, 5.386716100000001], [95.364712, 5.3868283], [95.3647389, 5.387106499999998], [95.36472539999998, 5.387339899999999], [95.3646985, 5.3873803], [95.3642196, 5.387724900000001], [95.36417929999999, 5.387771299999999], [95.36413749999998, 5.3878156], [95.364079, 5.387856099999999], [95.36401189999998, 5.387869399999998], [95.3638876, 5.387882], [95.36381459999998, 5.3878948], [95.36378029999999, 5.3879001], [95.3637474, 5.3879183], [95.363718, 5.3879553], [95.3636957, 5.387995299999999], [95.3636439, 5.38804], [95.3635631, 5.3881027999999995], [95.3631816, 5.388313699999999], [95.3631682, 5.388372099999999], [95.36317709999999, 5.388407999999998], [95.36322199999998, 5.388452899999999], [95.3633791, 5.3885247], [95.3639356, 5.388681699999999], [95.3642381, 5.388713900000001], [95.364348, 5.388704999999999], [95.36449369999998, 5.388671199999999], [95.36458599999999, 5.388644599999999], [95.36464669999998, 5.388644599999999], [95.364722, 5.388654299999999], [95.3647803, 5.388666299999999], [95.3648362, 5.388683299999999], [95.36487989999999, 5.388726799999999], [95.3649042, 5.388792099999999], [95.3649114, 5.3888791], [95.36489199999998, 5.389045899999999], [95.36480489999998, 5.3894626], [95.36480669999999, 5.3895445], [95.36485699999999, 5.389626299999999], [95.365062, 5.389830599999999], [95.36529539999998, 5.3899742999999996], [95.36534029999999, 5.390023599999999], [95.3653268, 5.3900865], [95.36522360000001, 5.390248], [95.36517420000001, 5.390364699999999], [95.36517420000001, 5.390440999999999], [95.3652505, 5.3905711], [95.3653358, 5.390615999999998], [95.36551079999998, 5.390660899999999], [95.3656567, 5.3907119], [95.36578009999998, 5.3908], [95.365814, 5.3908646], [95.3658429, 5.3909392], [95.36589399999998, 5.390985699999999], [95.3659626, 5.3910249], [95.3660841, 5.39107], [95.3662379, 5.391125000000001], [95.36633301628903, 5.391168946483826]]}}, {"type": "Feature", "properties": {"layer": "osm_road", "stroke": "#999999"}, "geometry": {"type": "LineString", "coordinates": [[95.3419578, 5.476475200000001], [95.3421201, 5.476736000000001], [95.34215519999998, 5.476789900000001], [95.34216729999999, 5.476838900000001], [95.3421646, 5.4771496], [95.34217, 5.4772387999999985], [95.34220829999998, 5.477604599999999], [95.342236, 5.477785100000001], [95.34227450000002, 5.477952400000001], [95.3423075, 5.4782977]]}}, {"type": "Feature", "properties": {"layer": "osm_road", "stroke": "#999999"}, "geometry": {"type": "LineString", "coordinates": [[95.35632489999999, 5.4809913], [95.3562889, 5.4805569], [95.35629289999999, 5.480457499999999], [95.3563636, 5.4799935], [95.35637939999998, 5.479924499999999], [95.35638849999998, 5.479847599999999], [95.3564156, 5.4792493], [95.3563935, 5.479029699999999], [95.3563868, 5.4789281999999995], [95.35636399999999, 5.4787694], [95.35635659999998, 5.4786472], [95.3563526, 5.4784276], [95.3563301, 5.478085199999999], [95.3563211, 5.4780078], [95.3563107, 5.4779796], [95.35629889999998, 5.4779574], [95.3562815, 5.4779415], [95.35626269999999, 5.4779295], [95.3562289, 5.4779167], [95.3561806, 5.477904299999998], [95.3561554, 5.477892299999999], [95.35613629999999, 5.4778728999999995], [95.3561269, 5.477831200000001], [95.3561199, 5.477707100000001], [95.35610249999999, 5.477545499999999], [95.3560455, 5.477230799999999], [95.3560367, 5.477212099999998], [95.35602089999999, 5.4771944999999995], [95.35598509999998, 5.4771671], [95.35593849999998, 5.477150000000001], [95.3558792, 5.477149399999999], [95.35552549999998, 5.477175399999999], [95.35540270000001, 5.477173399999998], [95.35534369999999, 5.477166699999999], [95.3552829, 5.4771491999999995], [95.3552398, 5.477143], [95.3549431, 5.477128], [95.3546496, 5.477127499999999], [95.3545045, 5.477119], [95.3543801, 5.4771285], [95.3543273, 5.4771456999999995], [95.3542529, 5.4771844], [95.35421299999999, 5.477195099999999], [95.3541731, 5.477196200000001], [95.35412379999998, 5.477193799999999], [95.35407499999998, 5.477187599999999], [95.3539248, 5.477162099999999], [95.35378099999998, 5.4771453999999995], [95.35375849999998, 5.477138499999998], [95.35374919999998, 5.477129], [95.3537381, 5.477045900000001], [95.35370419999998, 5.476881399999999], [95.3536979, 5.476871200000001], [95.35365409999999, 5.476837699999999], [95.35359899999999, 5.4768083], [95.3535155, 5.476782299999998], [95.3534404, 5.4767535999999994], [95.3533695, 5.4767197], [95.35334569999999, 5.4767013], [95.35330220000002, 5.4766454], [95.35327939999999, 5.4766281], [95.3532402, 5.476614], [95.35310209999999, 5.476615399999999], [95.35304359999999, 5.4766341999999995], [95.35300099999999, 5.476654600000001], [95.3529619, 5.476677099999999], [95.35291699999999, 5.476708499999998], [95.35286299999999, 5.4767551999999995], [95.352803, 5.476835], [95.3527507, 5.4769779], [95.35273699999999, 5.4770426], [95.3526954, 5.477163100000001], [95.3526837, 5.4772095], [95.35267639999998, 5.477273099999999], [95.35267559999998, 5.477366699999999], [95.3526793, 5.477496499999998], [95.3526961, 5.477661299999999], [95.352712, 5.4779463999999995], [95.3527048, 5.477978599999999], [95.3526857, 5.4780036], [95.3526619, 5.478023], [95.3526479, 5.4780478], [95.35264039999998, 5.478073199999999], [95.3526415, 5.478264199999999], [95.3526434, 5.4785829], [95.352697, 5.479213399999999], [95.35274379999998, 5.4796136], [95.35274709999999, 5.4796451]]}}, {"type": "Feature", "properties": {"layer": "osm_road", "stroke": "#999999"}, "geometry": {"type": "LineString", "coordinates": [[95.34364049999999, 5.4687048], [95.3436035, 5.468711799999999], [95.34314709999998, 5.4688217], [95.34313039999999, 5.4688297], [95.3431101, 5.4688494], [95.34310699999999, 5.4688622], [95.34311869999999, 5.468958], [95.34311680000002, 5.468973399999999], [95.3431076, 5.468983799999999], [95.343094, 5.4689924], [95.3430249, 5.4690059], [95.34300769999999, 5.4690059], [95.34299349999999, 5.468999799999999], [95.34298419999999, 5.468988399999999], [95.3428551, 5.4685546], [95.3428479, 5.4685403], [95.34283709999998, 5.4685284], [95.3428233, 5.468523599999999], [95.3428084, 5.468522400000001], [95.3426429, 5.4685566], [95.3426225, 5.4685559999999995], [95.34261169999999, 5.468545899999999], [95.34260269999999, 5.4685322], [95.34251189999999, 5.4683631], [95.3425035, 5.468353799999999], [95.3424927, 5.468348100000001], [95.3424674, 5.468344799999999], [95.3424428, 5.468349300000001], [95.3420886, 5.468480699999999], [95.34138849999998, 5.4687051], [95.34076470000001, 5.4688832]]}}, {"type": "Feature", "properties": {"layer": "osm_road", "stroke": "#999999"}, "geometry": {"type": "LineString", "coordinates": [[95.3274042, 5.488186999999999], [95.32783140000001, 5.488003999999999], [95.3280258, 5.487899799999999], [95.3280956, 5.4878725], [95.32821219999998, 5.487853099999999], [95.3282842, 5.4878483000000005]]}}, {"type": "Feature", "properties": {"layer": "osm_road", "stroke": "#999999"}, "geometry": {"type": "LineString", "coordinates": [[95.32913449999998, 5.4866], [95.329225, 5.486578799999999], [95.32956, 5.486510099999999], [95.3300858, 5.4864234000000005], [95.3306041, 5.4863694], [95.33094940000001, 5.486311199999999], [95.33120559999999, 5.486277899999999], [95.331278, 5.486272499999999], [95.33136379999999, 5.4862497999999995], [95.33158110000001, 5.4861724], [95.33190289999999, 5.4860723], [95.332371, 5.4859735], [95.33259759999999, 5.4859468], [95.33271339999999, 5.4859295999999995], [95.33299189999998, 5.4858573], [95.33365590000001, 5.485750099999999], [95.3339133, 5.485703799999999], [95.3343424, 5.4856331], [95.3345938, 5.4856065], [95.33467639999999, 5.4855864], [95.3349439, 5.4854943], [95.3355273, 5.485332699999999], [95.3363318, 5.485224500000001]]}}, {"type": "Feature", "properties": {"layer": "osm_road", "stroke": "#999999"}, "geometry": {"type": "LineString", "coordinates": [[95.35647459999998, 5.480958200000001], [95.3564837, 5.480969199999998], [95.3564891, 5.480987899999999], [95.3565245, 5.481660999999999], [95.3565191, 5.4817592], [95.35648959999999, 5.4820449], [95.35648899999998, 5.482107599999999], [95.35657029999999, 5.482464599999999]]}}, {"type": "Feature", "properties": {"layer": "osm_road", "stroke": "#999999"}, "geometry": {"type": "LineString", "coordinates": [[95.33722369999998, 5.467614599999998], [95.33743699999998, 5.467474299999999], [95.33761019999999, 5.467394700000001], [95.3376723, 5.467387], [95.33780999999999, 5.467391899999999], [95.3378481, 5.4673902], [95.33820919999998, 5.4672711], [95.3382701, 5.467218199999998], [95.33855039999999, 5.467013099999999], [95.33860909999999, 5.466984399999999], [95.3386623, 5.466964599999998], [95.3388705, 5.4669127], [95.33890709999999, 5.4668950999999995], [95.3389592, 5.4668586999999995], [95.3391652, 5.4667286], [95.3392117, 5.466689999999999], [95.33925159999998, 5.466647], [95.3393314, 5.466572], [95.33936569999999, 5.4665565], [95.33940559999999, 5.466544400000001], [95.3394411, 5.466547699999999], [95.3394832, 5.466568699999999], [95.33951090000001, 5.4666006], [95.3396061, 5.466744000000001], [95.339656, 5.466852099999999], [95.3397302, 5.467060499999999], [95.33974789999999, 5.467089199999999], [95.33977559999998, 5.467113399999999], [95.33981659999999, 5.4671234], [95.33990079999998, 5.467131099999998], [95.3399252, 5.4671399], [95.3399368, 5.467154800000001], [95.34002559999999, 5.4674287999999995], [95.3400348, 5.467470799999999], [95.34004949999999, 5.467515499999999], [95.3400815, 5.4675766999999995], [95.3401686, 5.4676542], [95.340231, 5.467696200000001], [95.34029149999999, 5.467729099999999], [95.3403566, 5.467777499999999], [95.34037399999998, 5.4678021], [95.3403841, 5.4678277], [95.3403878, 5.467865999999999], [95.3403859, 5.4679006999999995], [95.34039060000002, 5.4679468], [95.3406614, 5.468588399999998], [95.34075119999999, 5.468835299999999], [95.34076470000001, 5.4688832], [95.3407703, 5.4689898999999995], [95.3407355, 5.469023199999999], [95.34069749999999, 5.469053599999999], [95.34068719999999, 5.469088000000001], [95.3406873, 5.469136799999999], [95.3408813, 5.4699617], [95.34093070000002, 5.470091899999999], [95.34105639999999, 5.470338699999998], [95.34111019999999, 5.470401500000001], [95.3413077, 5.470527199999999], [95.341393, 5.470702199999999], [95.3414221, 5.470832199999999]]}}, {"type": "Feature", "properties": {"layer": "osm_road", "stroke": "#999999"}, "geometry": {"type": "LineString", "coordinates": [[95.35685199999999, 5.468934399999998], [95.35681389999999, 5.468856100000001], [95.3567434, 5.4684565], [95.35671179999999, 5.468345099999999], [95.3566753, 5.4683044999999995], [95.3566017, 5.4682176], [95.35658549999998, 5.4681814], [95.35657319999999, 5.4681445], [95.35655449999999, 5.4680724], [95.35652259999999, 5.4679743], [95.35648299999998, 5.4679018], [95.35647080000001, 5.4678853], [95.3564519, 5.467868499999999], [95.3564184, 5.4678479], [95.35637349999999, 5.467839], [95.35614639999999, 5.4678474], [95.3561258, 5.467841899999999], [95.35610119999998, 5.4678264], [95.3560861, 5.467810399999999], [95.35605690000001, 5.467765], [95.3559389, 5.4672824], [95.3558619, 5.466996]]}}, {"type": "Feature", "properties": {"layer": "osm_road", "stroke": "#999999"}, "geometry": {"type": "LineString", "coordinates": [[95.35114, 5.478612799999998], [95.3514458, 5.4785615], [95.35205169999999, 5.478416899999999], [95.3526415, 5.478264199999999]]}}, {"type": "Feature", "properties": {"layer": "osm_road", "stroke": "#999999"}, "geometry": {"type": "LineString", "coordinates": [[95.3440772, 5.4732651], [95.34406709999999, 5.473247399999999], [95.34403559999998, 5.4732121], [95.3440131, 5.4731923999999985], [95.34395319999999, 5.4731541], [95.3439303, 5.4731277], [95.34367919999998, 5.4728613]]}}, {"type": "Feature", "properties": {"layer": "osm_road", "stroke": "#999999"}, "geometry": {"type": "LineString", "coordinates": [[95.3342284, 5.4821314999999995], [95.3341768, 5.4820698], [95.3341567, 5.482041999999999], [95.3341233, 5.481984499999999], [95.33407509999999, 5.4818427000000005], [95.33406549999998, 5.481798], [95.33407509999999, 5.481721199999999], [95.33409009999998, 5.4816978], [95.3341393, 5.4816465999999995], [95.3341575, 5.481607199999998], [95.33415969999999, 5.481585899999999], [95.33415849999999, 5.4815404999999995], [95.3341225, 5.481279099999998], [95.3340955, 5.480964499999999], [95.3340883, 5.480923699999999], [95.33407509999999, 5.480891], [95.33400259999999, 5.4807978], [95.33399329999999, 5.480777799999999], [95.33399349999999, 5.4805335], [95.3342281, 5.4805254]]}}, {"type": "Feature", "properties": {"layer": "osm_road", "stroke": "#999999"}, "geometry": {"type": "LineString", "coordinates": [[95.34232649999998, 5.4751101], [95.34223750000001, 5.474964], [95.342208, 5.474897199999999], [95.3421932, 5.474853800000001], [95.3421024, 5.474549099999999]]}}, {"type": "Feature", "properties": {"layer": "osm_road", "stroke": "#999999"}, "geometry": {"type": "LineString", "coordinates": [[95.352697, 5.479213399999999], [95.3520805, 5.479261900000001], [95.3519478, 5.4792873], [95.3516923, 5.4793732], [95.3516591, 5.479391799999999], [95.35164669999999, 5.479417699999999], [95.3515518, 5.4797479]]}}, {"type": "Feature", "properties": {"layer": "osm_road", "stroke": "#999999"}, "geometry": {"type": "LineString", "coordinates": [[95.31888159999998, 5.4818909], [95.31887679999998, 5.481871399999999], [95.3188708, 5.4818516], [95.3188631, 5.481832799999999], [95.3187553, 5.4816141], [95.31859960000001, 5.481264599999999]]}}, {"type": "Feature", "properties": {"layer": "osm_road", "stroke": "#999999"}, "geometry": {"type": "LineString", "coordinates": [[95.35638849999998, 5.479847599999999], [95.35622149999999, 5.4798526999999995], [95.3559114, 5.479836299999999], [95.35586649999999, 5.479830599999999], [95.35571829999999, 5.4797929], [95.355612, 5.479782899999999], [95.3555178, 5.4797762], [95.3553971, 5.4797772], [95.3552742, 5.4797837], [95.3552526, 5.4797792], [95.3552338, 5.4797668999999996], [95.3551852, 5.4797178], [95.35517129999998, 5.4797085999999995], [95.3551564, 5.4797023], [95.3551342, 5.479700099999999], [95.3546711, 5.479694099999999], [95.3543932, 5.479735599999999], [95.3540811, 5.4797489], [95.35340189999998, 5.4797951000000005], [95.3533779, 5.4797934], [95.35335779999998, 5.4797785], [95.353339, 5.4797418], [95.3533159, 5.479684599999999], [95.3532941, 5.4796715], [95.3532268, 5.479665200000001], [95.35292409999998, 5.4796704], [95.35274709999999, 5.4796451], [95.3525087, 5.4797031], [95.35247479999998, 5.4797165], [95.3523823, 5.479871999999999], [95.3521004, 5.4804761]]}}, {"type": "Feature", "properties": {"layer": "osm_road", "stroke": "#999999"}, "geometry": {"type": "LineString", "coordinates": [[95.3542208, 5.470255899999999], [95.3542272, 5.470341100000001]]}}, {"type": "Feature", "properties": {"layer": "osm_road", "stroke": "#999999"}, "geometry": {"type": "LineString", "coordinates": [[95.3474038, 5.485486399999999], [95.34746449999999, 5.485722299999999], [95.3475364, 5.4859744]]}}, {"type": "Feature", "properties": {"layer": "osm_road", "stroke": "#999999"}, "geometry": {"type": "LineString", "coordinates": [[95.35426489999999, 5.483317600000001], [95.3537127, 5.4834678], [95.3535544, 5.4835058], [95.35342969999999, 5.483526499999998], [95.35332369999999, 5.4835492], [95.35322249999999, 5.4835545], [95.35304, 5.4835542], [95.35296209999998, 5.483555199999999]]}}, {"type": "Feature", "properties": {"layer": "osm_road", "stroke": "#999999"}, "geometry": {"type": "LineString", "coordinates": [[95.3573774, 5.4914395], [95.3564592, 5.4914285000000005], [95.3564341, 5.4914328], [95.35639890000002, 5.4914441], [95.35639259999999, 5.4914475000000005], [95.35638949999999, 5.4914514], [95.35638709999999, 5.491456], [95.35638659999998, 5.4914600999999985], [95.3564096, 5.491930100000001], [95.35640859999998, 5.4919334], [95.3564063, 5.491936399999999], [95.3564029, 5.4919381], [95.3562976, 5.4919601], [95.3562889, 5.4919688], [95.3562735, 5.492002099999998], [95.35625199999998, 5.4920262], [95.35623799999999, 5.4920355], [95.3562132, 5.4920409], [95.35558350000001, 5.4921055999999995], [95.35556809999999, 5.4921196], [95.3555574, 5.492133], [95.35551040000001, 5.4922892], [95.35549999999999, 5.4922965], [95.355489, 5.4923012], [95.3554752, 5.4923028], [95.3553146, 5.492315900000001], [95.35518989999998, 5.4923452], [95.3551664, 5.4923539], [95.3551262, 5.492357899999999], [95.35509739999999, 5.492354599999999], [95.35481509999998, 5.492314499999999], [95.3547594, 5.492309200000001], [95.3547071, 5.4923065], [95.35458509999998, 5.4923239]]}}, {"type": "Feature", "properties": {"layer": "osm_road", "stroke": "#999999"}, "geometry": {"type": "LineString", "coordinates": [[95.35235089999999, 5.4830239999999995], [95.3523076, 5.482928599999999], [95.35228769999999, 5.4828854], [95.35225619999999, 5.482831099999999], [95.3521717, 5.482711499999999], [95.35209189999999, 5.482604699999999], [95.3520363, 5.4825173], [95.3520038, 5.4824307999999995], [95.35198419999999, 5.482360299999998], [95.3519731, 5.482285900000001], [95.35194439999998, 5.482165299999999], [95.3518981, 5.482022], [95.35188139999998, 5.4819612], [95.35187299999998, 5.4818938], [95.35187089999998, 5.4817725], [95.35188139999998, 5.4816455], [95.35190749999998, 5.481427899999999], [95.35191469999998, 5.4811017], [95.3521004, 5.4804761]]}}, {"type": "Feature", "properties": {"layer": "osm_road", "stroke": "#999999"}, "geometry": {"type": "LineString", "coordinates": [[95.35098950000001, 5.4707414], [95.3509863, 5.470705699999999], [95.3509701, 5.470522699999998], [95.350966, 5.470502], [95.35079849999998, 5.4696681], [95.35070769999999, 5.4693061]]}}, {"type": "Feature", "properties": {"layer": "osm_road", "stroke": "#999999"}, "geometry": {"type": "LineString", "coordinates": [[95.35355359999998, 5.465611400000001], [95.3534569, 5.465161699999999], [95.35334179999998, 5.4647375], [95.3533306, 5.464615600000001], [95.35332139999998, 5.4644098], [95.3533132, 5.464357699999999], [95.353304, 5.4643223999999995], [95.3532222, 5.464100499999999], [95.35312559999998, 5.4638558999999995], [95.3531169, 5.4638421], [95.35309859999998, 5.463822899999999], [95.35308349999998, 5.4638152], [95.3530606, 5.4638084], [95.35303740000002, 5.463805899999999], [95.3529181, 5.4638401], [95.3527766, 5.4638915], [95.35266729999998, 5.463940899999999], [95.35263859999999, 5.4639504], [95.3524742, 5.4639889], [95.35234209999999, 5.4640297], [95.35225219999998, 5.4640737], [95.3521379, 5.4641515], [95.35205209999998, 5.4642268], [95.3516059, 5.464661799999999], [95.35160099999999, 5.4646775], [95.3515998, 5.4647027], [95.3516015, 5.4648477], [95.35160009999998, 5.4648675], [95.35159089999999, 5.4648908], [95.35156489999999, 5.4649085], [95.35151689999998, 5.4649237], [95.3514532, 5.464954599999999], [95.3513988, 5.4649963], [95.35132830000002, 5.4650697], [95.3512691, 5.465145], [95.3511903, 5.4652867], [95.3511876, 5.4653156], [95.35121499999998, 5.465445999999999], [95.3512117, 5.465491300000001], [95.3511911, 5.4655204], [95.3508896, 5.4658698], [95.35083349999998, 5.4658956], [95.35078239999999, 5.465914999999998], [95.3507183, 5.465934799999999], [95.35068579999998, 5.465935400000001], [95.35052479999999, 5.465927199999999], [95.3504718, 5.465937099999999], [95.35043259999999, 5.4659508], [95.35040739999998, 5.465965499999999], [95.35039099999999, 5.465983900000001], [95.3503472, 5.466075], [95.35032669999998, 5.466091700000001], [95.35030369999998, 5.4661046], [95.3494791, 5.466444300000001], [95.34944, 5.466451300000001], [95.34921229999999, 5.466449700000001], [95.3491791, 5.466456999999999], [95.34912499999999, 5.466475], [95.3487186, 5.4666457], [95.3485867, 5.4667175], [95.34851309999999, 5.466746200000001], [95.3484795, 5.466772499999999], [95.3484377, 5.466823399999999], [95.34842939999999, 5.4668855999999995], [95.3484267, 5.466951199999999]]}}, {"type": "Feature", "properties": {"layer": "osm_road", "stroke": "#999999"}, "geometry": {"type": "LineString", "coordinates": [[95.348612, 5.467455], [95.3493932, 5.467379200000001], [95.3500468, 5.467298399999999], [95.3502198, 5.467299799999999], [95.35047589999999, 5.467311799999999], [95.350547, 5.467329899999999], [95.35059239999998, 5.467391899999999], [95.3507294, 5.467884499999999], [95.35074409999999, 5.4679579], [95.35074280000002, 5.468006], [95.35068379999998, 5.4681421], [95.3506623, 5.468203600000001], [95.3506637, 5.468263599999999], [95.3506958, 5.4683477], [95.3507414, 5.468529299999999], [95.3507468, 5.468855], [95.35077509999999, 5.469289799999999]]}}, {"type": "Feature", "properties": {"layer": "osm_road", "stroke": "#999999"}, "geometry": {"type": "LineString", "coordinates": [[95.35657029999999, 5.482464599999999], [95.35642969999999, 5.482475199999999], [95.35627009999999, 5.4824946], [95.35613339999999, 5.4825009], [95.35606399999999, 5.4824786], [95.3560386, 5.482461699999999], [95.35602589999999, 5.4824565000000005], [95.3559349, 5.4824352], [95.35568139999998, 5.482395099999999], [95.3555822, 5.4823838], [95.3555118, 5.482388800000001], [95.3553894, 5.4824055], [95.35533509999999, 5.4824234999999994], [95.35526999999999, 5.4824498], [95.35500599999999, 5.4825829], [95.35493309999998, 5.482613799999999], [95.3548521, 5.482639999999999], [95.3546782, 5.4826739], [95.35452349999998, 5.4826934], [95.3542849, 5.4827099]]}}, {"type": "Feature", "properties": {"layer": "osm_road", "stroke": "#999999"}, "geometry": {"type": "LineString", "coordinates": [[95.332478, 5.4699446], [95.33252659999998, 5.469906599999999], [95.33281709999999, 5.469762599999999], [95.3330311, 5.4696125], [95.3331366, 5.469521399999999], [95.3332279, 5.469415699999998], [95.33330579999999, 5.469302], [95.33336419999999, 5.4691674], [95.33345069999999, 5.468881899999999], [95.3335172, 5.4685871], [95.33353050000001, 5.468049400000001], [95.33354689999999, 5.467956599999999], [95.33358849999999, 5.467870399999999], [95.33363209999999, 5.4678285], [95.3336699, 5.4678049], [95.33371919999999, 5.467784700000001], [95.3337648, 5.467776500000001], [95.3338764, 5.46777], [95.33392999999998, 5.467756299999999], [95.33396999999998, 5.467735700000001], [95.33410019999998, 5.467641499999999], [95.33412469999999, 5.467612199999999], [95.3341406, 5.4675787], [95.33415079999999, 5.467539099999998], [95.3341495, 5.4674979], [95.33397969999999, 5.466975799999999], [95.33397679999999, 5.466946400000001], [95.33398319999999, 5.4669318], [95.3339988, 5.4669199], [95.33422399999999, 5.4668118], [95.3342714, 5.466773899999999], [95.3342952, 5.4667438], [95.3343807, 5.4665898], [95.33441359999999, 5.4665523], [95.3344709, 5.4665035], [95.3345595, 5.4664535], [95.3345717, 5.4664341], [95.33457279999999, 5.4664115], [95.3345059, 5.466083299999999], [95.3344942, 5.4659594], [95.33450209999998, 5.465882599999998], [95.334516, 5.465822599999999]]}}, {"type": "Feature", "properties": {"layer": "osm_road", "stroke": "#999999"}, "geometry": {"type": "LineString", "coordinates": [[95.33983689999998, 5.471225699999999], [95.3398128, 5.471219799999999], [95.3396668, 5.471113099999999], [95.3396248, 5.471069699999999], [95.33960549999999, 5.4710201], [95.3395618, 5.470874799999999], [95.339533, 5.4707565], [95.33949909999998, 5.470648400000001], [95.3394253, 5.470440899999999], [95.33941319999998, 5.470364499999999], [95.33941, 5.4702536], [95.33939139999998, 5.470204099999999], [95.3389516, 5.469665499999999], [95.33856029999998, 5.4692796], [95.3385163, 5.469210499999998], [95.3384085, 5.468947499999999], [95.33834119999999, 5.468839799999999], [95.33831879999998, 5.468816499999999], [95.3382874, 5.4688039], [95.3382425, 5.4688083], [95.3377919, 5.468968099999999], [95.3377492, 5.468972599999999], [95.33771979999999, 5.4689641], [95.3376958, 5.468940299999999], [95.33767879999999, 5.4689116], [95.3375424, 5.468426899999998], [95.33722369999998, 5.467614599999998], [95.3370498, 5.467248799999999], [95.33698169999998, 5.4670722]]}}, {"type": "Feature", "properties": {"layer": "osm_road", "stroke": "#999999"}, "geometry": {"type": "LineString", "coordinates": [[95.31888159999998, 5.4818909], [95.3179646, 5.4822872]]}}, {"type": "Feature", "properties": {"layer": "osm_road", "stroke": "#999999"}, "geometry": {"type": "LineString", "coordinates": [[95.3553141, 5.481738599999999], [95.3549062, 5.481472299999999], [95.3548459, 5.481402199999998], [95.354809, 5.4813425], [95.35478149999999, 5.481207400000001]]}}, {"type": "Feature", "properties": {"layer": "osm_road", "stroke": "#999999"}, "geometry": {"type": "LineString", "coordinates": [[95.36163249999998, 5.464504899999998], [95.36127580000002, 5.464457499999999], [95.3604752, 5.4643347], [95.36003299999999, 5.464312700000001], [95.35998029999999, 5.464307700000001], [95.3599699, 5.464304199999999], [95.3599567, 5.464289], [95.35995619999998, 5.4641725], [95.35995109999999, 5.4640947], [95.35994339999999, 5.4640816999999995], [95.35992939999998, 5.464067], [95.3599102, 5.464056699999999], [95.3598315, 5.464046699999999], [95.35947169999999, 5.4640403], [95.3594316, 5.4640437], [95.3593892, 5.464062499999998], [95.35931849999999, 5.464111800000001], [95.35928329999999, 5.4641306], [95.35915289999998, 5.464182800000001], [95.35905759999999, 5.464208199999999], [95.3589393, 5.464231600000001], [95.35882730000002, 5.4642428999999995], [95.35877, 5.4642446], [95.35866469999999, 5.4642438], [95.3585688, 5.4642355999999985], [95.3584545, 5.464219600000001], [95.3583527, 5.4641993], [95.35778359999999, 5.464021], [95.3575013, 5.4639823], [95.3574289, 5.4639783], [95.35732640000002, 5.463993899999999], [95.3572829, 5.4640046], [95.3572106, 5.464030299999999], [95.35712189999998, 5.4640669], [95.35706369999998, 5.4640794], [95.357017, 5.464082599999999], [95.3566386, 5.464086], [95.35661109999998, 5.4640837], [95.35659749999999, 5.464079299999999], [95.35657239999999, 5.4640654], [95.35656289999999, 5.464055199999999], [95.35654849999999, 5.4640258], [95.3565457, 5.4640153], [95.35653030000002, 5.463597600000001], [95.35652379999999, 5.463582100000001], [95.3565142, 5.463570099999999], [95.35647969999998, 5.4635529], [95.3564475, 5.4635497], [95.3563637, 5.4635484000000005], [95.3560432, 5.4635711], [95.3558303, 5.4635998], [95.35531999999999, 5.4636866], [95.35514129999999, 5.463690699999999], [95.3550615, 5.4636951], [95.3550462, 5.4636992], [95.35503149999998, 5.463710699999999], [95.3550215, 5.463724899999999], [95.35501379999998, 5.463747399999999], [95.3550195, 5.4637931], [95.35503149999998, 5.4639173], [95.35503109999999, 5.4639597], [95.3550244, 5.463979799999999], [95.3550003, 5.464025599999999], [95.3549743, 5.464062], [95.3549351, 5.4641064], [95.3548757, 5.464161799999999], [95.35477919999998, 5.4642619], [95.3547405, 5.4643214], [95.35473419999998, 5.4643409], [95.35472919999998, 5.464385099999999], [95.35473659999998, 5.4646658], [95.3547456, 5.464796999999999], [95.3547614, 5.4649000999999995], [95.3548734, 5.465366699999999], [95.35489419999999, 5.4655956], [95.354913, 5.465686399999999], [95.3549425, 5.465783899999999], [95.355088, 5.4661396], [95.3551077, 5.466156999999999], [95.35516840000001, 5.466185], [95.355233, 5.4662234], [95.35524939999999, 5.4662373], [95.355266, 5.4662581], [95.3552999, 5.466499399999999], [95.3553287, 5.466600900000001], [95.35536959999999, 5.46667], [95.3554071, 5.466723699999999], [95.3554226, 5.466808099999998], [95.355441, 5.4669506], [95.35546619999998, 5.4670044], [95.35547279999999, 5.4670107], [95.35549539999998, 5.467021299999999], [95.3555128, 5.467025099999999], [95.3558619, 5.466996], [95.356076, 5.466923], [95.35610209999999, 5.466922600000001], [95.356126, 5.4669287], [95.3561445, 5.466941699999999], [95.35618910000001, 5.466993099999998], [95.3562076, 5.4670016], [95.3562331, 5.4670031], [95.3564133, 5.466993099999998], [95.3564503, 5.466993899999999], [95.3564926, 5.4670077], [95.35653039999998, 5.4670292], [95.3565789, 5.4670491000000005], [95.3566251, 5.4670583], [95.3566504, 5.467059000000001], [95.3566765, 5.4670541], [95.35670979999999, 5.467045999999998], [95.35679459999999, 5.467016900000001], [95.35683779999998, 5.4670077], [95.3568498, 5.467007400000001], [95.35686349999999, 5.467013099999999], [95.3568801, 5.467034299999999], [95.3568964, 5.4670628], [95.3569913, 5.4673188], [95.357, 5.4673618], [95.3569994, 5.467405599999999], [95.3569866, 5.467439099999999], [95.3569732, 5.4674559], [95.3568911, 5.467486999999999], [95.3568503, 5.4675073], [95.356819, 5.4675334], [95.356812, 5.4675457000000005], [95.35680259999998, 5.4675880999999995], [95.35680389999999, 5.467808399999999], [95.3568076, 5.4680053], [95.3568254, 5.468263599999999], [95.3568185, 5.468283], [95.3568056, 5.468299], [95.35671179999999, 5.468345099999999]]}}, {"type": "Feature", "properties": {"layer": "osm_road", "stroke": "#999999"}, "geometry": {"type": "LineString", "coordinates": [[95.3545168, 5.470963300000001], [95.3546233, 5.4713081], [95.3547104, 5.471557700000001], [95.3547876, 5.4716545], [95.3549924, 5.4718276999999995], [95.35506279999998, 5.4718631], [95.35511079999999, 5.4718748], [95.3551607, 5.471879800000001], [95.3553374, 5.471863399999999], [95.3556043, 5.4718107], [95.3556901, 5.471805399999999], [95.355733, 5.471805999999999], [95.35577859999998, 5.4718107], [95.3558913, 5.4718481], [95.3559966, 5.4718868], [95.35602539999998, 5.471893500000001], [95.3560696, 5.4718922], [95.35620209999999, 5.4717947], [95.35623629999999, 5.471772999999999], [95.3562789, 5.4717593], [95.3563362, 5.471766999999999], [95.35637440000002, 5.4717777], [95.3564287, 5.4717997], [95.35649179999999, 5.471845400000001], [95.35652189999999, 5.4718791], [95.3565994, 5.4720644], [95.3566343, 5.4721258], [95.35664469999999, 5.472138000000001], [95.3566597, 5.4721485], [95.35669589999999, 5.4721565], [95.356767, 5.4721605], [95.356932, 5.472163199999999], [95.356989, 5.4721687999999995], [95.35702129999999, 5.4721827], [95.357042, 5.4721991999999995], [95.3570634, 5.472229900000001], [95.35708349999999, 5.472274], [95.357105, 5.4723901], [95.3570862, 5.472561599999999], [95.3570929, 5.4726004], [95.3571851, 5.4728884], [95.35720049999999, 5.472914399999999], [95.35721229999999, 5.4729257], [95.3572426, 5.4729428], [95.35726679999999, 5.472950300000001], [95.35731119999998, 5.472948399999999], [95.3574604, 5.4728901], [95.3575821, 5.4728467], [95.3576813, 5.472825299999999], [95.35786469999998, 5.4728153], [95.3579284, 5.4728156], [95.35798260000001, 5.472824100000001], [95.35807559999999, 5.4728276], [95.3583519, 5.472817000000001], [95.3585665, 5.472829599999999], [95.35869289999998, 5.472852299999999], [95.35883619999998, 5.4728727], [95.3589081, 5.472875], [95.3589621, 5.472853], [95.3590982, 5.4727641], [95.3592782, 5.4726284], [95.3593396, 5.472563299999999], [95.35936009999999, 5.472523600000001], [95.35936609999999, 5.472400799999998], [95.35937449999999, 5.472354400000001], [95.3593818, 5.472345699999999], [95.3593963, 5.472338000000001], [95.3594561, 5.472321299999999], [95.3597527, 5.4722474], [95.35980399999998, 5.4722316], [95.35981719999998, 5.4722222], [95.3598294, 5.472206899999998], [95.35983919999998, 5.472177199999999], [95.35980740000001, 5.472048799999999], [95.35979689999999, 5.471977899999999], [95.3597983, 5.471956699999999], [95.3598093, 5.471940499999998], [95.35985009999999, 5.4719252], [95.3599032, 5.471913699999998], [95.3599112, 5.4719088], [95.3599195, 5.471892999999999], [95.35992569999999, 5.4718137], [95.3599384, 5.471795199999998], [95.35996709999999, 5.471787], [95.36010099999999, 5.471760299999999], [95.3601268, 5.471746000000001], [95.36015159999998, 5.4717213], [95.3601929, 5.4715850999999995], [95.36024029999999, 5.471488100000001], [95.36027539999999, 5.471443599999999], [95.3604178, 5.471285], [95.3605469, 5.4711439], [95.3605986, 5.471111199999999], [95.3606549, 5.471089499999999], [95.36071699999998, 5.4710719999999995]]}}, {"type": "Feature", "properties": {"layer": "osm_road", "stroke": "#999999"}, "geometry": {"type": "LineString", "coordinates": [[95.3257946, 5.487577400000001], [95.32571379999999, 5.4873992000000005], [95.3257124, 5.4873745], [95.3257205, 5.487357200000001], [95.32575129999998, 5.487323099999999], [95.32576139999999, 5.487291800000001], [95.32576469999998, 5.487269699999999], [95.3257534, 5.4872293999999995], [95.3254471, 5.4866046], [95.32534359999998, 5.486440100000001]]}}, {"type": "Feature", "properties": {"layer": "osm_road", "stroke": "#999999"}, "geometry": {"type": "LineString", "coordinates": [[95.35647459999998, 5.480958200000001], [95.3564656, 5.480952399999999], [95.3564499, 5.4809479], [95.35643689999999, 5.4809492], [95.35632489999999, 5.4809913], [95.3562078, 5.4810254], [95.3560369, 5.4810737000000005], [95.35594019999999, 5.481097499999999], [95.35583499999998, 5.4811096], [95.35478149999999, 5.481207400000001], [95.35452469999998, 5.481204999999999], [95.35444189999998, 5.481233], [95.35439129999999, 5.481258599999999], [95.3543294, 5.4812799], [95.35420720000002, 5.481300399999999], [95.35411459999999, 5.481309799999999], [95.3540299, 5.4813118], [95.35391919999999, 5.481305600000001], [95.3536025, 5.4812362]]}}, {"type": "Feature", "properties": {"layer": "osm_road", "stroke": "#999999"}, "geometry": {"type": "LineString", "coordinates": [[95.3542514, 5.470478099999999], [95.35435689999998, 5.470881900000001]]}}, {"type": "Feature", "properties": {"layer": "osm_road", "stroke": "#999999"}, "geometry": {"type": "LineString", "coordinates": [[95.3542272, 5.470341100000001], [95.3542514, 5.470478099999999]]}}, {"type": "Feature", "properties": {"layer": "osm_road", "stroke": "#999999"}, "geometry": {"type": "LineString", "coordinates": [[95.35486039999999, 5.4708191], [95.3545168, 5.470963300000001], [95.35442409999999, 5.4709243], [95.35435689999998, 5.470881900000001], [95.35431549999998, 5.470954599999999], [95.35428529999999, 5.4709757], [95.35414330000002, 5.471035]]}}, {"type": "Feature", "properties": {"layer": "osm_road", "stroke": "#999999"}, "geometry": {"type": "LineString", "coordinates": [[95.35645519999998, 5.469477699999999], [95.35646859999999, 5.4696184]]}}, {"type": "Feature", "properties": {"layer": "osm_road", "stroke": "#999999"}, "geometry": {"type": "LineString", "coordinates": [[95.35646859999999, 5.4696184], [95.3564773, 5.4697324]]}}, {"type": "Feature", "properties": {"layer": "osm_road", "stroke": "#999999"}, "geometry": {"type": "LineString", "coordinates": [[95.3564773, 5.4697324], [95.35649779999999, 5.4701039], [95.35650579999998, 5.470182999999998], [95.3566162, 5.4705113999999995], [95.35663929999998, 5.470564199999999], [95.3566554, 5.470593199999999], [95.356676, 5.4706199], [95.35669629999998, 5.4706358], [95.3567214, 5.4706496], [95.3567928, 5.4706786], [95.35687359999999, 5.470700299999999], [95.35696319999998, 5.4707087], [95.35706409999999, 5.470711299999999], [95.35728500000002, 5.470686599999999], [95.35745099999998, 5.4706756], [95.35774199999999, 5.470679299999999], [95.35781709999999, 5.470672999999999], [95.3579509, 5.470652599999999], [95.3579918, 5.470640400000001], [95.35800489999998, 5.4706326], [95.35801319999999, 5.4706199], [95.3580263, 5.470283499999999], [95.3579848, 5.4700862], [95.35796699999999, 5.470037499999999], [95.35792609999999, 5.469964400000001], [95.35789479999998, 5.4699238999999995], [95.35786939999998, 5.469910199999999], [95.3578123, 5.4698953], [95.35756899999998, 5.469871], [95.3575415, 5.469858899999999], [95.3575248, 5.4698423], [95.35749659999999, 5.469790499999999], [95.35747309999999, 5.469726099999999], [95.35744090000001, 5.4696183000000005], [95.3574021, 5.4694628]]}}, {"type": "Feature", "properties": {"layer": "osm_road", "stroke": "#999999"}, "geometry": {"type": "LineString", "coordinates": [[95.35735010000002, 5.469237800000001], [95.35738039999998, 5.4693732]]}}, {"type": "Feature", "properties": {"layer": "osm_road", "stroke": "#999999"}, "geometry": {"type": "LineString", "coordinates": [[95.35738039999998, 5.4693732], [95.3574021, 5.4694628]]}}, {"type": "Feature", "properties": {"layer": "osm_road", "stroke": "#999999"}, "geometry": {"type": "LineString", "coordinates": [[95.35183919999999, 5.4661599], [95.3523449, 5.466111899999999], [95.35273869999999, 5.466166299999999], [95.35297269999998, 5.4661814], [95.3530248, 5.466195699999999], [95.3530332, 5.466200999999999], [95.35303740000002, 5.466206399999999], [95.3530517, 5.466250400000001], [95.35313109999998, 5.466602199999999], [95.35314649999998, 5.466645999999999], [95.3531607, 5.4666684000000005], [95.35317369999999, 5.466679], [95.35319039999999, 5.4666885], [95.3532664, 5.4667157], [95.3533015, 5.466746099999999], [95.3533151, 5.4667618], [95.3533305, 5.466793699999999], [95.3533411, 5.4668612], [95.3533995, 5.467145600000001], [95.3534102, 5.467224999999999], [95.35341359999998, 5.4673224], [95.35337639999999, 5.467645499999999], [95.3533701, 5.467672100000001], [95.3533606, 5.4677002], [95.35334749999998, 5.467720999999999], [95.3533335, 5.467738], [95.3533153, 5.467753699999999], [95.3532955, 5.467765], [95.3523512, 5.467872299999999], [95.35233279999999, 5.4678794], [95.35231639999999, 5.4678911], [95.3523043, 5.4679089], [95.3522983, 5.4679278], [95.35229739999998, 5.4679500999999995], [95.35238819999998, 5.468719099999999], [95.3523813, 5.468731], [95.35237209999998, 5.468739699999999], [95.3523543, 5.468750699999999], [95.35220659999999, 5.468822299999999], [95.3520928, 5.468886499999999], [95.35177639999999, 5.469032899999999], [95.3511954, 5.4691882], [95.35077509999999, 5.469289799999999], [95.35070769999999, 5.4693061], [95.34998719999999, 5.4694346000000005], [95.34987099999998, 5.4694827], [95.34958979999999, 5.4696221]]}}, {"type": "Feature", "properties": {"layer": "osm_road", "stroke": "#999999"}, "geometry": {"type": "LineString", "coordinates": [[95.34501489999998, 5.4601187], [95.3454789, 5.4599532], [95.345943, 5.459769], [95.34608779999999, 5.4597555999999985], [95.3462219, 5.459771599999999], [95.3462653, 5.4597787], [95.346294, 5.459786599999999], [95.346348, 5.4598437], [95.3464056, 5.4599211], [95.3469247, 5.461144], [95.3470312, 5.4615369], [95.34704170000002, 5.461598], [95.34704319999999, 5.4616531], [95.3470521, 5.4616859], [95.34706709999999, 5.461729], [95.34711649999998, 5.4618318], [95.34714339999998, 5.4619241], [95.3471568, 5.461988200000001], [95.3471703, 5.462187699999999], [95.3471823, 5.462236899999999], [95.3472631, 5.4624334], [95.34727049999998, 5.462475099999999], [95.347269, 5.462504899999999], [95.34725409999999, 5.4625421], [95.34722769999999, 5.462575599999999], [95.34665009999999, 5.4630613], [95.3466191, 5.463090099999999], [95.34659739999998, 5.463121000000001], [95.3465964, 5.463150800000001], [95.34660299999999, 5.463187199999999], [95.3468143, 5.463710099999998], [95.3468413, 5.4638403], [95.3468547, 5.464307], [95.3468368, 5.464392299999999], [95.346756, 5.4646032], [95.34666609999998, 5.4650504999999985], [95.34665799999999, 5.4651409], [95.3466587, 5.465222499999999], [95.3467709, 5.4658613], [95.346782, 5.466019799999999], [95.34677529999999, 5.466081000000001], [95.34673449999998, 5.4661926], [95.3467213, 5.466297199999998], [95.3467295, 5.4663976], [95.34674239999998, 5.4664822], [95.34687109999999, 5.4668362], [95.3469047, 5.466885], [95.34694209999999, 5.4669129], [95.3469789, 5.4669227], [95.3472412, 5.4669446]]}}, {"type": "Feature", "properties": {"layer": "osm_road", "stroke": "#999999"}, "geometry": {"type": "LineString", "coordinates": [[95.3484267, 5.466951199999999], [95.3484565, 5.467010899999999], [95.34848259999998, 5.467085100000001], [95.3485281, 5.4672062], [95.348612, 5.467455], [95.34861849999999, 5.467661999999998], [95.34902679999999, 5.468651299999999], [95.34908569999999, 5.468888], [95.3491024, 5.468904599999998], [95.3491206, 5.4689149], [95.34913679999998, 5.468915800000001], [95.349286, 5.4688765], [95.34931799999998, 5.4688832], [95.34933259999998, 5.4689029], [95.349469, 5.4692165], [95.3494846, 5.4692601000000005], [95.3494964, 5.469299299999999], [95.34952839999998, 5.4694501], [95.34958979999999, 5.4696221], [95.3497725, 5.470258099999999], [95.34997169999998, 5.4708521999999995]]}}, {"type": "Feature", "properties": {"layer": "osm_road", "stroke": "#999999"}, "geometry": {"type": "LineString", "coordinates": [[95.3465579, 5.4715277], [95.3462052, 5.4707472], [95.3461904, 5.4707101], [95.34616909999998, 5.4706754], [95.3461441, 5.470648], [95.3460145, 5.4705603], [95.34585580000001, 5.4704165], [95.34582459999999, 5.470385699999999], [95.34580469999999, 5.4703602], [95.34576460000001, 5.470298399999998], [95.3457445, 5.4702512], [95.34572079999998, 5.470158600000001], [95.34571859999998, 5.470084999999999], [95.3457281, 5.469969699999999], [95.34572079999998, 5.469920699999999], [95.3457065, 5.469873200000001], [95.3456252, 5.4697192999999995], [95.3455055, 5.4695248], [95.3454635, 5.469475799999999], [95.34542889999999, 5.4694449], [95.3453824, 5.469403300000001], [95.34535699999999, 5.469355], [95.3453604, 5.4692947], [95.3453686, 5.4692425], [95.34536169999998, 5.469202299999999], [95.34535019999998, 5.469166499999999], [95.3453386, 5.4691399999999994], [95.34532, 5.469112199999999], [95.34529449999998, 5.469084499999999], [95.3452597, 5.4690591], [95.34521669999998, 5.4690256], [95.34516919999999, 5.468994399999999], [95.34513829999999, 5.4689638], [95.3451005, 5.468903199999999], [95.34502859999999, 5.468739399999999], [95.34498799999999, 5.468565999999999], [95.34497679999998, 5.4685388999999995], [95.3449498, 5.468515699999999], [95.3449069, 5.4684929], [95.3448561, 5.4684759], [95.34478389999998, 5.468469699999998], [95.3447216, 5.468473399999999], [95.34464319999998, 5.468496799999998]]}}, {"type": "Feature", "properties": {"layer": "osm_road", "stroke": "#999999"}, "geometry": {"type": "LineString", "coordinates": [[95.3337832, 5.481251099999999], [95.3338355, 5.4812563999999995], [95.3339555, 5.481287799999998], [95.33400849999998, 5.481289799999999], [95.3341225, 5.481279099999998]]}}, {"type": "Feature", "properties": {"layer": "osm_road", "stroke": "#999999"}, "geometry": {"type": "LineString", "coordinates": [[95.3171709, 5.482537299999999], [95.3172366, 5.4825330999999995], [95.3175949, 5.482453900000001]]}}, {"type": "Feature", "properties": {"layer": "osm_road", "stroke": "#999999"}, "geometry": {"type": "LineString", "coordinates": [[95.35296209999998, 5.483555199999999], [95.35295119999999, 5.4835498], [95.35293669999999, 5.4835351999999995], [95.35293279999999, 5.483525699999999], [95.35289289999999, 5.483394999999998], [95.3528783, 5.4833266], [95.3528648, 5.483231099999999], [95.3528601, 5.483045799999999], [95.3528458, 5.4829917], [95.3528175, 5.482937399999999], [95.3528024, 5.482925599999999], [95.35278729999999, 5.4829199], [95.35276669999999, 5.4829172999999995], [95.3527464, 5.482917], [95.35241149999999, 5.483013500000001], [95.35235089999999, 5.4830239999999995], [95.3522921, 5.483039600000001], [95.3522194, 5.4830506], [95.3521131, 5.4830617], [95.35200989999998, 5.4830665], [95.3519535, 5.483064399999999], [95.35181139999999, 5.4830592]]}}, {"type": "Feature", "properties": {"layer": "osm_road", "stroke": "#999999"}, "geometry": {"type": "LineString", "coordinates": [[95.3519535, 5.483064399999999], [95.35208219999998, 5.4835506999999994], [95.35208339999998, 5.483577499999999], [95.3520712, 5.4835982], [95.35205979999999, 5.4836066], [95.35203, 5.483615699999999], [95.35168519999999, 5.4836287], [95.3516313, 5.483639699999999], [95.3515994, 5.483657999999999], [95.3515059, 5.4838082], [95.3514851, 5.4838341999999995], [95.3514495, 5.4838629], [95.3513429, 5.483930099999999]]}}, {"type": "Feature", "properties": {"layer": "osm_road", "stroke": "#999999"}, "geometry": {"type": "LineString", "coordinates": [[95.33696239999999, 5.467025899999999], [95.33695419999998, 5.4669994], [95.33694199999998, 5.466951899999999], [95.3369267, 5.4666132], [95.3369096, 5.4665509], [95.33668519999999, 5.4658374], [95.33664939999998, 5.465750099999999], [95.33662779999999, 5.465727399999999], [95.3365934, 5.4657171], [95.3365581, 5.465713699999999], [95.3359185, 5.4656766], [95.33580169999999, 5.465677000000001], [95.3355748, 5.4657194], [95.3354763, 5.465727499999999], [95.3352862, 5.4657321], [95.3351834, 5.465738499999999], [95.3348811, 5.4657982999999986], [95.334516, 5.465822599999999]]}}, {"type": "Feature", "properties": {"layer": "osm_road", "stroke": "#999999"}, "geometry": {"type": "LineString", "coordinates": [[95.33698169999998, 5.4670722], [95.33696239999999, 5.467025899999999]]}}, {"type": "Feature", "properties": {"layer": "osm_road", "stroke": "#999999"}, "geometry": {"type": "LineString", "coordinates": [[95.3522207, 5.4840691999999995], [95.3522347, 5.484065799999999], [95.35224919999999, 5.484064199999999], [95.3522693, 5.4840598], [95.3524805, 5.484001799999999], [95.35296599999998, 5.4838686], [95.3530106, 5.4838496], [95.35303639999998, 5.4838302], [95.3530445, 5.4838115], [95.3530518, 5.483781099999999], [95.35304, 5.4835542]]}}, {"type": "Feature", "properties": {"layer": "osm_road", "stroke": "#999999"}, "geometry": {"type": "LineString", "coordinates": [[95.3527507, 5.4769779], [95.35261159999999, 5.4769638], [95.3523739, 5.4768837], [95.35227699999999, 5.4768693], [95.3521459, 5.476873299999999], [95.3520544, 5.476891999999999], [95.35197489999999, 5.4769187], [95.35179859999998, 5.477013199999999], [95.3515086, 5.477227599999999], [95.3513587, 5.4773138999999995], [95.35117859999998, 5.477379600000001]]}}, {"type": "Feature", "properties": {"layer": "osm_road", "stroke": "#999999"}, "geometry": {"type": "LineString", "coordinates": [[95.36350949999999, 5.467404900000001], [95.3636363, 5.4673752], [95.3641364, 5.4672776999999995], [95.36424639999998, 5.467263], [95.3643697, 5.467263700000001], [95.3643905, 5.467267399999999], [95.3644026, 5.4672734], [95.36442339999999, 5.4673084], [95.3644395, 5.4673758], [95.364457, 5.467461299999999], [95.3645581, 5.467909699999999]]}}, {"type": "Feature", "properties": {"layer": "osm_road", "stroke": "#999999"}, "geometry": {"type": "LineString", "coordinates": [[95.36353689999999, 5.452068499999999], [95.3632942, 5.451485099999999], [95.36329689999998, 5.4514424], [95.3633156, 5.451414299999999], [95.3633599, 5.4513796], [95.3634591, 5.451312899999999], [95.36347089999998, 5.451302499999999], [95.3634752, 5.4512862], [95.36346719999999, 5.451227399999999], [95.3634618, 5.4511847], [95.36346049999999, 5.451117999999999], [95.3634886, 5.451073899999999], [95.3635946, 5.4510125], [95.3637327, 5.450979099999999], [95.3639513, 5.450964399999999], [95.36421949999999, 5.450989800000001], [95.3642531, 5.450979799999999], [95.3642933, 5.450952400000001], [95.3643335, 5.450903], [95.3643872, 5.450836299999999], [95.36444489999998, 5.4507989], [95.36456689999999, 5.4507882], [95.36471039999999, 5.4508095999999995], [95.36496389999999, 5.450903], [95.3650725, 5.450932399999999], [95.36531859999998, 5.450961099999998], [95.36534140000002, 5.450979099999999], [95.3653494, 5.451003799999998], [95.36545249999999, 5.451844199999999], [95.3656365, 5.4523827], [95.365641, 5.4525129], [95.36551980000002, 5.452844999999998], [95.3654166, 5.453020000000001], [95.3652416, 5.4535092], [95.36522360000001, 5.453554], [95.3652057, 5.453598900000001], [95.3652057, 5.4537021], [95.3652057, 5.4538098999999995], [95.3652191, 5.4539176], [95.36523259999998, 5.454020799999999], [95.36519219999998, 5.454168899999998], [95.3651428, 5.454317], [95.3651204, 5.454361899999999], [95.36510239999998, 5.454379799999999], [95.36503059999998, 5.4544202], [95.3650037, 5.454447099999999], [95.36498130000001, 5.454474099999999], [95.3649543, 5.454550399999999], [95.3649409, 5.454572799999999], [95.3649274, 5.454586300000001], [95.3648197, 5.454613199999999], [95.36464919999999, 5.4546491], [95.36456389999998, 5.454671500000001], [95.3643619, 5.454747799999999], [95.36434399999999, 5.4547613], [95.3643485, 5.4548466], [95.3643889, 5.4550754], [95.3644382, 5.4552819], [95.36448759999999, 5.455421], [95.364528, 5.455533199999999], [95.3645459, 5.455551099999999], [95.3645684, 5.455564599999998], [95.36460880000001, 5.455578099999999], [95.36465809999999, 5.4555871], [95.3647389, 5.455578099999999], [95.36481069999999, 5.455569099999999], [95.3648349, 5.455541799999999], [95.36483759999999, 5.455511999999999], [95.3648342, 5.4554689], [95.36482959999998, 5.455407699999999], [95.36479519999999, 5.4550431], [95.3648109, 5.454964999999999], [95.3648449, 5.454894599999999], [95.36488409999998, 5.4548452], [95.3649443, 5.4548035], [95.3650464, 5.454761799999999], [95.3658733, 5.454561199999999], [95.36629460000002, 5.454477899999999], [95.36633301628903, 5.454466718355404]]}}, {"type": "Feature", "properties": {"layer": "osm_road", "stroke": "#999999"}, "geometry": {"type": "LineString", "coordinates": [[95.3614514, 5.4688863], [95.36147559999999, 5.468441199999999], [95.3614948, 5.4681888999999995], [95.36149909999999, 5.468048], [95.3614944, 5.467905199999999], [95.3614475, 5.467602799999999], [95.3614277, 5.4674825999999985], [95.361414, 5.4674176], [95.3614019, 5.4673765], [95.36138609999999, 5.467350500000001], [95.36134349999999, 5.467300399999999], [95.36131539999998, 5.467270000000001], [95.3612782, 5.46721], [95.36125639999999, 5.467162199999999], [95.36121409999998, 5.4670334], [95.36118500000002, 5.4669479999999995], [95.36116819999998, 5.4668916], [95.3611586, 5.466860700000001], [95.3611558, 5.466832199999999], [95.36116179999999, 5.466786399999999], [95.36118629999999, 5.466721999999999], [95.36121079999998, 5.4666635999999995], [95.3613137, 5.466455699999999], [95.36139219999998, 5.466306199999999], [95.3614391, 5.4662413999999995], [95.3614974, 5.4661717], [95.3615182, 5.466138], [95.36153829999999, 5.466090899999999], [95.3615695, 5.4660001], [95.3616024, 5.465849500000001], [95.36162719999999, 5.465745799999999], [95.36170699999998, 5.4651958], [95.36172109999998, 5.465076999999999], [95.36172479999999, 5.4650166], [95.3617238, 5.464974499999999], [95.36170359999998, 5.4648333], [95.36163249999998, 5.464504899999998], [95.36162249999998, 5.4643607], [95.3616232, 5.464284], [95.3616279, 5.4642619], [95.36163859999999, 5.4642426], [95.36165599999998, 5.4642261], [95.3616745, 5.464213899999999], [95.36174019999999, 5.464202499999999], [95.3619457, 5.4641899], [95.3620738, 5.464156099999999], [95.3621516, 5.464135099999999], [95.3622185, 5.4641293], [95.36231719999999, 5.464078999999999], [95.36241979999998, 5.464044999999999], [95.36264189999999, 5.463992399999999], [95.3634927, 5.4638508], [95.3636415, 5.4638154], [95.3639391, 5.463729799999999], [95.3641131, 5.463694299999999], [95.36421949999999, 5.463670499999998], [95.3642789, 5.463663899999999], [95.3643547, 5.463661899999998], [95.3647647, 5.4636605], [95.3648733, 5.463652499999999], [95.36497389999998, 5.463629199999998], [95.36518979999998, 5.4635784], [95.36541379999998, 5.463524399999999], [95.36564749999998, 5.4634679], [95.3657665, 5.463451600000001], [95.36587609999998, 5.463440600000001], [95.3660864, 5.463430899999999], [95.36622779999999, 5.463414900000001], [95.36633301628903, 5.463378486043967]]}}, {"type": "Feature", "properties": {"layer": "osm_road", "stroke": "#999999"}, "geometry": {"type": "LineString", "coordinates": [[95.3640093, 5.4664273], [95.36403679999998, 5.4664263], [95.36408209999999, 5.4664166], [95.3651758, 5.4659821], [95.3652043, 5.465983799999998], [95.3652361, 5.465996800000001], [95.3653809, 5.4663966], [95.3653856, 5.466454], [95.3653762, 5.4664988], [95.36502689999999, 5.466618899999999], [95.3650051, 5.466641600000001], [95.364994, 5.466659600000001], [95.36497389999998, 5.4667639], [95.3649753, 5.466828499999998], [95.36497639999999, 5.466879099999998], [95.36501819999998, 5.467608799999999], [95.36503489999998, 5.4679364]]}}, {"type": "Feature", "properties": {"layer": "osm_road", "stroke": "#999999"}, "geometry": {"type": "LineString", "coordinates": [[95.36384679999999, 5.4648599], [95.3637616, 5.464245799999999], [95.36376169999998, 5.464225900000001], [95.3637666, 5.464208099999999], [95.3637799, 5.464194899999999], [95.3638145, 5.4641788], [95.36385410000001, 5.464165799999999], [95.36395329999999, 5.4641345], [95.3641917, 5.4640701]]}}, {"type": "Feature", "properties": {"layer": "osm_road", "stroke": "#999999"}, "geometry": {"type": "LineString", "coordinates": [[95.3660779, 5.4651903], [95.3659429, 5.4651157], [95.365326, 5.464833999999999], [95.36519750000001, 5.4647839], [95.36517169999999, 5.464769600000001], [95.3651501, 5.464752899999999], [95.36513029999999, 5.464732399999999], [95.3651159, 5.464713000000001], [95.3650967, 5.464680199999999], [95.3650807, 5.4646459], [95.36504769999999, 5.464558299999998], [95.3650128, 5.464466899999999], [95.36499989999999, 5.4644432], [95.36499049999999, 5.464429699999998], [95.36497209999999, 5.4644163], [95.36494059999998, 5.464406999999999], [95.3648961, 5.4644018], [95.36453509999998, 5.464424799999999], [95.3644886, 5.4644265], [95.36447109999999, 5.4644227999999995], [95.36446139999998, 5.4644163], [95.36445339999999, 5.4644084999999984], [95.36444349999998, 5.4643818], [95.3644226, 5.464332], [95.3644045, 5.464291599999999], [95.3643773, 5.464256599999999], [95.3643451, 5.464228799999998], [95.36433249999999, 5.464220100000001], [95.364319, 5.464214299999999], [95.364276, 5.464200399999999], [95.3642496, 5.464191], [95.36423579999999, 5.4641833], [95.36421900000002, 5.4641667], [95.36420499999998, 5.464140799999999], [95.3641917, 5.4640701], [95.36417499999999, 5.4639989], [95.3641131, 5.463694299999999]]}}, {"type": "Feature", "properties": {"layer": "osm_road", "stroke": "#999999"}, "geometry": {"type": "LineString", "coordinates": [[95.36633301628903, 5.465478972426778], [95.36610129999998, 5.4654764], [95.3660883, 5.4654722], [95.36608029999998, 5.4654661], [95.3660743, 5.4654568999999995], [95.36607289999999, 5.465446899999999], [95.3660779, 5.4651903], [95.3661105, 5.465066299999999], [95.3662151, 5.464793900000001], [95.366311, 5.464578999999999], [95.36633301628903, 5.464527243970991]]}}, {"type": "Feature", "properties": {"layer": "osm_road", "stroke": "#999999"}, "geometry": {"type": "LineString", "coordinates": [[95.36633301628903, 5.458742677568328], [95.36614269999998, 5.4588131], [95.36587709999999, 5.4589012], [95.365802, 5.458877199999999], [95.3657484, 5.4588238], [95.3657082, 5.4585514], [95.3656934, 5.4585154], [95.36565589999998, 5.4584927], [95.36546009999999, 5.458475299999999], [95.36542589999999, 5.458461999999999], [95.3653944, 5.4584206], [95.3652763, 5.458185599999999], [95.3652133, 5.4580748], [95.36515559999998, 5.457939999999999], [95.36514759999999, 5.457818499999999], [95.365153, 5.4576489], [95.3652039, 5.457357900000001], [95.3652683, 5.4571897], [95.3653783, 5.4570936], [95.365617, 5.4569627]]}}, {"type": "Feature", "properties": {"layer": "osm_road", "stroke": "#999999"}, "geometry": {"type": "LineString", "coordinates": [[95.36497639999999, 5.466879099999998], [95.36529089999999, 5.466874100000001], [95.365568, 5.4667999]]}}, {"type": "Feature", "properties": {"layer": "osm_road", "stroke": "#999999"}, "geometry": {"type": "LineString", "coordinates": [[95.3652416, 5.4535092], [95.3654903, 5.453592499999999], [95.3655916, 5.4536796999999995], [95.36567239999998, 5.453738], [95.36582949999999, 5.453800900000001], [95.36609659999999, 5.4538485], [95.3662138, 5.4538334], [95.3663042, 5.4537936], [95.36633301628903, 5.453785770034833]]}}, {"type": "Feature", "properties": {"layer": "osm_road", "stroke": "#999999"}, "geometry": {"type": "LineString", "coordinates": [[95.3656664, 5.449412999999999], [95.36574409999999, 5.449400300000001], [95.3659042, 5.4493952], [95.36599359999998, 5.449397199999999], [95.3661163, 5.4494065], [95.3662556, 5.449427200000001], [95.36633301628903, 5.4494416099639436]]}}, {"type": "Feature", "properties": {"layer": "osm_road", "stroke": "#999999"}, "geometry": {"type": "LineString", "coordinates": [[95.3623399, 5.4686439], [95.36236949999999, 5.468703099999999]]}}, {"type": "Feature", "properties": {"layer": "osm_road", "stroke": "#999999"}, "geometry": {"type": "LineString", "coordinates": [[95.36236949999999, 5.468703099999999], [95.36243259999999, 5.468807400000001]]}}, {"type": "Feature", "properties": {"layer": "osm_road", "stroke": "#999999"}, "geometry": {"type": "LineString", "coordinates": [[95.36243259999999, 5.468807400000001], [95.3624641, 5.468859599999998], [95.36260819999998, 5.469165399999999], [95.36268699999998, 5.4693821], [95.3627711, 5.469613299999999]]}}, {"type": "Feature", "properties": {"layer": "osm_road", "stroke": "#999999"}, "geometry": {"type": "LineString", "coordinates": [[95.3596182, 5.4572708], [95.3595822, 5.4572658999999994], [95.3594897, 5.457257499999999], [95.35941729999999, 5.457259], [95.3593511, 5.4572537], [95.3593056, 5.4572391], [95.3592679, 5.457215299999999], [95.3592455, 5.4571838999999995], [95.35921779999998, 5.457154799999999], [95.3591724, 5.457120299999999], [95.35912619999999, 5.4571011], [95.3590383, 5.4570743], [95.35890969999998, 5.457014399999999], [95.3588751, 5.4570037], [95.3588381, 5.456997600000001], [95.3587811, 5.4569999], [95.3586378, 5.4569838], [95.3585754, 5.4569638000000005], [95.35852, 5.4569316], [95.35848679999998, 5.456891799999999], [95.35846139999998, 5.4568542], [95.3584414, 5.4568088999999995], [95.35842749999999, 5.4567537], [95.3584214, 5.4567031], [95.35842599999998, 5.456614200000001], [95.35844909999999, 5.4563527], [95.3584599, 5.4562906], [95.35847909999998, 5.456199399999999], [95.358513, 5.456066700000001], [95.35855229999999, 5.455937099999999], [95.358577, 5.4558428], [95.35858700000001, 5.4557899], [95.35858849999998, 5.4557309], [95.35858849999998, 5.455694099999999], [95.3585839, 5.4556565], [95.3585639, 5.4556105], [95.35853839999999, 5.4555783], [95.35850300000001, 5.4555399], [95.3584632, 5.4554991], [95.3584393, 5.4554656], [95.35841629999999, 5.455433899999999], [95.35840829999998, 5.4553855], [95.35840649999999, 5.4553485], [95.3584074, 5.4552965], [95.35841629999999, 5.4552578], [95.35843659999999, 5.4551988], [95.35845609999998, 5.455137099999999], [95.35848969999999, 5.455042], [95.3585145, 5.4549874], [95.35853929999999, 5.4549486], [95.3585729, 5.4549187], [95.3585977, 5.4548962], [95.3586242, 5.454879], [95.35865069999998, 5.454871499999999], [95.3586751, 5.454863199999999], [95.3586914, 5.45485], [95.35870959999998, 5.4548271], [95.3587229, 5.454802], [95.35873879999998, 5.454758399999999], [95.3587472, 5.4547258], [95.35875339999998, 5.454683099999998], [95.3587578, 5.4545941], [95.3587574, 5.4545245], [95.35875379999999, 5.4544686], [95.35874869999999, 5.4544254], [95.3587352, 5.4543706], [95.35872329999998, 5.4543181], [95.3587075, 5.454250600000001], [95.35868749999999, 5.454189999999999], [95.3586732, 5.454144800000001], [95.35866629999998, 5.4541176], [95.3586613, 5.454082699999999], [95.3586613, 5.4540466], [95.35866629999998, 5.4540083], [95.35867249999998, 5.453964199999999], [95.358691, 5.4539181999999995], [95.35870979999999, 5.4538753], [95.3587218, 5.4538484], [95.3587249, 5.453803199999999], [95.35872249999998, 5.4537472], [95.3587171, 5.4536288], [95.3587033, 5.4534723], [95.3586825, 5.4533393000000006], [95.3586759, 5.453294799999999], [95.358674, 5.4532734], [95.3586771, 5.4532423], [95.3586844, 5.4532032], [95.358701, 5.4531641], [95.35873219999999, 5.453103499999999], [95.3587468, 5.453062499999999], [95.358751, 5.453039099999999], [95.35875219999998, 5.453009999999998], [95.35874949999999, 5.452977799999999], [95.3587433, 5.4529482], [95.3587237, 5.4529014999999985], [95.35869369999999, 5.452827899999999], [95.3586424, 5.452706300000001], [95.3586174, 5.452598600000001], [95.35860349999999, 5.4525208], [95.3585974, 5.4524817], [95.3585896, 5.4523742], [95.3585876, 5.4521766], [95.3585789, 5.4519924], [95.3585641, 5.451694699999999], [95.35856209999999, 5.4516166], [95.3585581, 5.451547799999999], [95.3585534, 5.451502399999998], [95.358546, 5.451469099999999], [95.35853659999998, 5.451439], [95.3584984, 5.4513381999999995], [95.35843799999999, 5.451206700000001], [95.35831459999999, 5.450957800000001], [95.3582322, 5.450828899999999], [95.358153, 5.450728099999999], [95.3580505, 5.450606600000001], [95.35794989999998, 5.4504838], [95.3578768, 5.450425699999999], [95.3578475, 5.4504008], [95.3578156, 5.4503772], [95.3577851, 5.4503592], [95.35774609999999, 5.450340400000001], [95.35770239999998, 5.450326300000001], [95.3576167, 5.450323199999999], [95.35746189999999, 5.450340099999999], [95.3573432, 5.450366199999999], [95.35722029999998, 5.4503677], [95.3570813, 5.450356599999999], [95.35693949999998, 5.450323799999999], [95.35667139999998, 5.4502954], [95.35645399999999, 5.450273899999999], [95.35633809999999, 5.4502424], [95.35632389999999, 5.450236800000001], [95.35631570000001, 5.450229499999999], [95.3563117, 5.4502150999999985], [95.3563117, 5.4501953], [95.3563129, 5.4501546], [95.35632509999999, 5.4500365], [95.3563219, 5.4499642999999995], [95.3563287, 5.449905299999999], [95.35632419999999, 5.449862200000001], [95.35631949999998, 5.4498469], [95.35630919999998, 5.449824399999999], [95.3562918, 5.449797299999999], [95.35625279999998, 5.4497675], [95.35623039999999, 5.449745899999999], [95.3561854, 5.4497111], [95.3561328, 5.449681899999999], [95.35609059999999, 5.4496544], [95.3560448, 5.4496166], [95.3559857, 5.4495608], [95.35593419999998, 5.449446499999999]]}}, {"type": "Feature", "properties": {"layer": "osm_road", "stroke": "#999999"}, "geometry": {"type": "LineString", "coordinates": [[95.36569009999998, 5.449570999999999], [95.36572779999999, 5.449739300000001], [95.36577559999999, 5.449895699999999], [95.3658352, 5.450107600000001], [95.3659148, 5.4503709], [95.36596049999999, 5.4505213], [95.3660182, 5.4506322], [95.3661296, 5.4508123], [95.36620119999999, 5.450950899999999], [95.36627469999999, 5.451113299999999], [95.36633301628903, 5.451220178323272]]}}, {"type": "Feature", "properties": {"layer": "osm_road", "stroke": "#999999"}, "geometry": {"type": "LineString", "coordinates": [[95.3656694, 5.449443799999999], [95.36569009999998, 5.449570999999999]]}}, {"type": "Feature", "properties": {"layer": "osm_road", "stroke": "#999999"}, "geometry": {"type": "LineString", "coordinates": [[95.3656664, 5.449412999999999], [95.3656694, 5.449443799999999]]}}, {"type": "Feature", "properties": {"layer": "osm_road", "stroke": "#999999"}, "geometry": {"type": "LineString", "coordinates": [[95.2668487, 5.479727499999998], [95.26686809999998, 5.4789505], [95.26686809999998, 5.478876999999999], [95.266872, 5.4788122], [95.2668816, 5.4787616], [95.2668931, 5.478716800000001], [95.26694859999999, 5.478568], [95.2669793, 5.478478299999998], [95.2669965, 5.4784334999999995], [95.26701279999999, 5.4783801], [95.2670234, 5.478338099999999], [95.26703009999999, 5.4782962], [95.26703769999999, 5.4781598], [95.26706269999998, 5.477887899999999], [95.26710859999999, 5.4775149999999995], [95.26711539999998, 5.477481599999999], [95.2671278, 5.4774481999999995], [95.2671614, 5.477367099999999], [95.2671958, 5.477302300000001], [95.26722269999999, 5.477240299999999], [95.2672457, 5.4771831], [95.26727249999999, 5.477043799999999], [95.267306, 5.476900699999999], [95.2673377, 5.4768273], [95.26737889999998, 5.4767615], [95.2674181, 5.4767147], [95.2674563, 5.4766781], [95.26751339999998, 5.4766513], [95.2676004, 5.4766366999999985], [95.2676516, 5.4766386], [95.2677027, 5.476643099999999], [95.2677239, 5.4766497], [95.2677437, 5.4766601], [95.2677652, 5.476674899999998], [95.26778279999999, 5.4766935], [95.26796679999998, 5.4769808], [95.2679855, 5.476991999999999], [95.2680079, 5.4769959], [95.26804529999998, 5.4769938], [95.2680621, 5.476987199999999], [95.2680763, 5.4769754], [95.2682639, 5.4767043], [95.2683534, 5.4765429], [95.26844, 5.4763768], [95.26883969999999, 5.475818499999999], [95.2688869, 5.47576], [95.2689479, 5.475708799999999], [95.269009, 5.4756537], [95.2690739, 5.475583799999999], [95.2691017, 5.4755473], [95.26913049999999, 5.4755011], [95.2692006, 5.4754239999999985], [95.26927939999999, 5.4753507], [95.2693237, 5.4753178], [95.26968109999999, 5.4750734], [95.27004469999999, 5.4748894], [95.27007929999999, 5.474858899999999], [95.2700985, 5.4748131], [95.27010299999999, 5.474674000000001], [95.2701072, 5.4746323], [95.270121, 5.4745887], [95.2701437, 5.4745451], [95.2701838, 5.474503499999998], [95.27031839999998, 5.4744182], [95.27047549999999, 5.474350899999999], [95.2706056, 5.474315], [95.2707358, 5.474315], [95.2709781, 5.474355399999999], [95.2710195, 5.474352800000001], [95.27103909999998, 5.4743418], [95.2710551, 5.474327199999999], [95.27106519999998, 5.4743077], [95.2711768, 5.4738657], [95.27123899999998, 5.4733017], [95.27130779999999, 5.473054499999999], [95.27133319999999, 5.472883799999998], [95.27134319999999, 5.4727397], [95.2713553, 5.472647899999999], [95.2713841, 5.4724286], [95.27148079999999, 5.471864599999998], [95.2715077, 5.471420300000001], [95.2715194, 5.4713836], [95.27154359999999, 5.471353], [95.2717725, 5.4711151], [95.27183639999998, 5.4710308], [95.2718878, 5.470940199999999], [95.2719473, 5.470828699999999], [95.2719943, 5.470712400000001], [95.2720536, 5.470493099999999], [95.2720836, 5.470408], [95.27210589999999, 5.470376], [95.27213639999998, 5.470343899999999], [95.27220349999999, 5.470282899999999], [95.2722712, 5.4702353], [95.2723607, 5.470192400000001], [95.2724149, 5.4701552], [95.27246279999999, 5.4701025], [95.27249279999998, 5.470042000000001], [95.2725092, 5.469982900000001], [95.2725121, 5.469915699999999], [95.2724935, 5.469832499999999], [95.27239449999999, 5.469667599999999], [95.2723249, 5.4695248], [95.27228389999999, 5.4693998], [95.2722576, 5.469149499999999], [95.2722617, 5.468943599999999], [95.27227479999999, 5.4687915], [95.2722992, 5.468670699999999], [95.2722893, 5.468497000000001], [95.2722556, 5.468282000000001], [95.2722094, 5.4678909], [95.27219179999999, 5.467836199999999], [95.2721709, 5.467781499999999], [95.2719164, 5.4671918], [95.2719034, 5.4671591], [95.2718958, 5.467142399999999], [95.2718853, 5.467126399999999]]}}, {"type": "Feature", "properties": {"layer": "osm_road", "stroke": "#999999"}, "geometry": {"type": "LineString", "coordinates": [[95.2686735, 5.489665800000001], [95.26855799999998, 5.489615999999999]]}}, {"type": "Feature", "properties": {"layer": "osm_road", "stroke": "#999999"}, "geometry": {"type": "LineString", "coordinates": [[95.3613931, 5.4691162], [95.36140229999998, 5.469154799999999], [95.36140909999999, 5.469218099999999], [95.3614129, 5.469249499999999], [95.36141529999999, 5.469273099999999], [95.3614222, 5.469346799999999], [95.3614277, 5.469390799999999], [95.36143219999998, 5.469439099999998], [95.3614542, 5.4695659], [95.3614877, 5.469731499999998], [95.36151269999999, 5.4698711], [95.36152359999998, 5.469915699999999], [95.36152629999998, 5.4699369], [95.3615264, 5.469957899999999], [95.3615256, 5.469974800000001], [95.3615221, 5.469993200000001], [95.3615128, 5.470022899999999], [95.3614941, 5.470081199999999], [95.36148099999998, 5.4701512999999995], [95.3614703, 5.4702161], [95.3614589, 5.4702554], [95.3614331, 5.470313999999999], [95.361434, 5.470322799999999], [95.36144089999999, 5.4703395], [95.3614521, 5.470357099999999], [95.36145999999998, 5.470364299999999], [95.3614696, 5.4703710999999995], [95.36148239999999, 5.470375000000001], [95.36149619999999, 5.4703775], [95.3615509, 5.4703789], [95.3617103, 5.470371599999998], [95.36194639999998, 5.470347599999999], [95.36216299999998, 5.4703088], [95.36235939999999, 5.4702701], [95.36239999999998, 5.4702648], [95.3624114, 5.470263499999999], [95.3624322, 5.4702649999999995], [95.3624544, 5.4702702], [95.3624666, 5.470276899999999], [95.36247579999998, 5.470283799999999], [95.36249269999999, 5.470300999999999], [95.362514, 5.470327699999999], [95.3625292, 5.4703427], [95.3625397, 5.4703512000000005], [95.3625504, 5.4703573], [95.36257100000002, 5.470363600000001], [95.36259599999998, 5.4703649], [95.36262299999999, 5.4703574], [95.3626548, 5.4703511], [95.36275169999999, 5.4703275], [95.3628459, 5.470301499999999], [95.36287729999998, 5.4702947], [95.36290589999999, 5.4702907], [95.362931, 5.470290500000001], [95.3629623, 5.470293399999999], [95.36298189999998, 5.470298299999999], [95.3630045, 5.4703103], [95.3630295, 5.470329200000001], [95.36306589999998, 5.470351699999999], [95.36309369999998, 5.4703650999999995], [95.36312539999999, 5.4703734], [95.36317199999999, 5.4703786], [95.3632207, 5.4703792], [95.3632798, 5.4703632], [95.36336959999998, 5.470337500000001], [95.36443379999999, 5.4699127]]}}, {"type": "Feature", "properties": {"layer": "osm_road", "stroke": "#999999"}, "geometry": {"type": "LineString", "coordinates": [[95.35416869999999, 5.463800999999999], [95.354166, 5.463622099999999], [95.35417, 5.463497], [95.3541646, 5.4634428999999995], [95.3541505, 5.463385799999999], [95.3541126, 5.4633278], [95.3540966, 5.463296699999999], [95.3540694, 5.4632246], [95.35405129999998, 5.4631439], [95.3540278, 5.463034399999998], [95.35401779999998, 5.462988299999998], [95.3539936, 5.4629323], [95.35393459999999, 5.4628368], [95.3538585, 5.4627607], [95.3538206, 5.4627229999999996], [95.353779, 5.4626643], [95.35368509999999, 5.4624737], [95.35359, 5.4622281], [95.3535284, 5.4621426], [95.3534807, 5.4620805], [95.35333919999998, 5.461936400000001], [95.35318729999999, 5.461752099999999], [95.3530223, 5.4615314999999995], [95.3529918, 5.4614794], [95.3529368, 5.4613749]]}}, {"type": "Feature", "properties": {"layer": "osm_road", "stroke": "#999999"}, "geometry": {"type": "LineString", "coordinates": [[95.3550195, 5.4637931], [95.35479899999999, 5.4637827], [95.3545857, 5.463770700000001], [95.35444830000002, 5.463775999999998], [95.35428999999999, 5.463788], [95.35416869999999, 5.463800999999999], [95.3540774, 5.463818099999999], [95.3539209, 5.463860799999999], [95.35378440000001, 5.463892799999999], [95.3537016, 5.4639025000000006], [95.3536295, 5.4639125], [95.35355339999998, 5.463919999999998], [95.3534572, 5.463943199999999], [95.35342199999998, 5.463959599999999], [95.35339420000001, 5.4639766], [95.3532222, 5.464100499999999]]}}, {"type": "Feature", "properties": {"layer": "osm_road", "stroke": "#999999"}, "geometry": {"type": "LineString", "coordinates": [[95.3613738, 5.4690332], [95.3613931, 5.4691162]]}}, {"type": "Feature", "properties": {"layer": "osm_road", "stroke": "#999999"}, "geometry": {"type": "LineString", "coordinates": [[95.3613436, 5.468894299999999], [95.3613738, 5.4690332]]}}, {"type": "Feature", "properties": {"layer": "osm_road", "stroke": "#999999"}, "geometry": {"type": "LineString", "coordinates": [[95.24357549999999, 5.474403299999999], [95.24354089999999, 5.4748111]]}}, {"type": "Feature", "properties": {"layer": "osm_road", "stroke": "#999999"}, "geometry": {"type": "LineString", "coordinates": [[95.24439899999999, 5.473041900000001], [95.2444763, 5.4731724], [95.2444874, 5.473189099999999], [95.2445669, 5.4734638], [95.24463429999999, 5.4737854], [95.2446078, 5.473936], [95.2445072, 5.474305799999999], [95.2444296, 5.474478899999999]]}}, {"type": "Feature", "properties": {"layer": "osm_road", "stroke": "#999999"}, "geometry": {"type": "LineString", "coordinates": [[95.24614539999999, 5.4767988999999995], [95.2468682, 5.476750899999999]]}}, {"type": "Feature", "properties": {"layer": "osm_road", "stroke": "#999999"}, "geometry": {"type": "LineString", "coordinates": [[95.2452967, 5.475792], [95.24537089999998, 5.4757923], [95.2455787, 5.475787599999999]]}}, {"type": "Feature", "properties": {"layer": "osm_road", "stroke": "#999999"}, "geometry": {"type": "LineString", "coordinates": [[95.24530089999999, 5.475829700000001], [95.24488810000001, 5.475795699999999], [95.24487029999999, 5.4758057], [95.24486189999999, 5.475821399999999], [95.2448529, 5.4759117999999996], [95.2448381, 5.475930499999999], [95.24481529999998, 5.4759395], [95.2442877, 5.475850599999999]]}}, {"type": "Feature", "properties": {"layer": "osm_road", "stroke": "#999999"}, "geometry": {"type": "LineString", "coordinates": [[95.26404909999998, 5.4828687999999985], [95.2642281, 5.482601399999999]]}}, {"type": "Feature", "properties": {"layer": "osm_road", "stroke": "#999999"}, "geometry": {"type": "LineString", "coordinates": [[95.2572597, 5.4858714], [95.2572571, 5.485821299999999], [95.2573285, 5.4857562], [95.25740459999999, 5.485737899999999], [95.25763769999999, 5.4857389], [95.25771079999998, 5.4857368], [95.25893699999999, 5.4857422], [95.2594253, 5.485759999999999], [95.2597176, 5.485701699999999], [95.2602861, 5.4855901], [95.2604498, 5.485506199999999], [95.2606137, 5.485405700000001], [95.2606765, 5.48536], [95.26077899999999, 5.4852978], [95.26099679999999, 5.485159200000001], [95.26127229999999, 5.4850003], [95.26142919999998, 5.484901499999999], [95.26150969999999, 5.4848428], [95.2616006, 5.484768299999999], [95.261672, 5.484714599999999], [95.2617524, 5.4846466], [95.26190759999999, 5.4845375999999995], [95.2620917, 5.4844463], [95.2622205, 5.484395600000001], [95.26232100000001, 5.484370300000001], [95.26246069999999, 5.4843304999999996], [95.2625705, 5.484304799999999], [95.26266980000001, 5.484294099999998], [95.2627651, 5.484274200000001], [95.2628815, 5.48424], [95.2629166, 5.4842274], [95.2629808, 5.484183699999999], [95.2630493, 5.4841192], [95.2631472, 5.4840057999999985], [95.2633819, 5.4836919], [95.26359509999999, 5.483404999999999], [95.26373190000001, 5.4832422], [95.2638546, 5.4831058], [95.26388049999998, 5.483076999999998], [95.26404909999998, 5.4828687999999985]]}}, {"type": "Feature", "properties": {"layer": "osm_road", "stroke": "#999999"}, "geometry": {"type": "LineString", "coordinates": [[95.2417036, 5.474199], [95.24171769999998, 5.4742898], [95.2417217, 5.474367199999999]]}}, {"type": "Feature", "properties": {"layer": "osm_road", "stroke": "#999999"}, "geometry": {"type": "LineString", "coordinates": [[95.24479, 5.4789574], [95.2444287, 5.4789776]]}}, {"type": "Feature", "properties": {"layer": "osm_road", "stroke": "#999999"}, "geometry": {"type": "LineString", "coordinates": [[95.2448069, 5.4792499999999995], [95.24479, 5.4789574], [95.2447697, 5.478651300000001]]}}, {"type": "Feature", "properties": {"layer": "osm_road", "stroke": "#999999"}, "geometry": {"type": "LineString", "coordinates": [[95.24169689999998, 5.479359399999999], [95.2413031, 5.4793633999999996]]}}, {"type": "Feature", "properties": {"layer": "osm_road", "stroke": "#999999"}, "geometry": {"type": "LineString", "coordinates": [[95.2482982, 5.4801046], [95.2484527, 5.480108], [95.2485211, 5.480097599999999], [95.24874439999999, 5.4800749], [95.24894619999999, 5.4800823]]}}, {"type": "Feature", "properties": {"layer": "osm_road", "stroke": "#999999"}, "geometry": {"type": "LineString", "coordinates": [[95.2477373, 5.478752], [95.2475683, 5.479029]]}}, {"type": "Feature", "properties": {"layer": "osm_road", "stroke": "#999999"}, "geometry": {"type": "LineString", "coordinates": [[95.2451472, 5.478751], [95.2451489, 5.478679199999999], [95.2451459, 5.478648899999999], [95.24513309999999, 5.4785906]]}}, {"type": "Feature", "properties": {"layer": "osm_road", "stroke": "#999999"}, "geometry": {"type": "LineString", "coordinates": [[95.2433242, 5.472534399999999], [95.24331669999998, 5.472488], [95.243327, 5.4724676], [95.24334609999998, 5.4724608], [95.2434728, 5.472454000000001], [95.2435009, 5.472449899999999], [95.2435128, 5.4724267], [95.24349519999998, 5.472033000000001]]}}, {"type": "Feature", "properties": {"layer": "osm_road", "stroke": "#999999"}, "geometry": {"type": "LineString", "coordinates": [[95.2461688, 5.477336900000001], [95.24629149999998, 5.477336299999998], [95.2464967, 5.4773323], [95.24663889999998, 5.4773102], [95.24666099999999, 5.477300899999999]]}}, {"type": "Feature", "properties": {"layer": "osm_road", "stroke": "#999999"}, "geometry": {"type": "LineString", "coordinates": [[95.26143149999999, 5.4691374], [95.2613622, 5.468988499999999], [95.26132669999998, 5.468906399999999], [95.26130049999999, 5.468880399999999], [95.26127229999999, 5.4688737000000005], [95.26120799999998, 5.468888399999999]]}}, {"type": "Feature", "properties": {"layer": "osm_road", "stroke": "#999999"}, "geometry": {"type": "LineString", "coordinates": [[95.25992649999999, 5.468714199999999], [95.259954, 5.468614700000001]]}}, {"type": "Feature", "properties": {"layer": "osm_road", "stroke": "#999999"}, "geometry": {"type": "LineString", "coordinates": [[95.2599191, 5.4687454], [95.25992649999999, 5.468714199999999]]}}, {"type": "Feature", "properties": {"layer": "osm_road", "stroke": "#999999"}, "geometry": {"type": "LineString", "coordinates": [[95.259954, 5.468614700000001], [95.259954, 5.468589399999999], [95.25994459999998, 5.468568], [95.25989369999999, 5.468510599999999], [95.25984, 5.4684358], [95.25978639999998, 5.4683571], [95.2597663, 5.468330399999999], [95.2597542, 5.4683077], [95.25974649999999, 5.4682703], [95.25972199999998, 5.4680701], [95.25972869999998, 5.467920499999999]]}}, {"type": "Feature", "properties": {"layer": "osm_road", "stroke": "#999999"}, "geometry": {"type": "LineString", "coordinates": [[95.26043159999999, 5.4694277], [95.26041, 5.468899099999999], [95.26039389999998, 5.4688457], [95.26036439999999, 5.468804299999999], [95.2603215, 5.4687923], [95.26014179999999, 5.4687936], [95.2599889, 5.4687669], [95.2599191, 5.4687454], [95.2598722, 5.468730899999999], [95.2596992, 5.4686615], [95.2594578, 5.468539999999999], [95.2592432, 5.468413099999999], [95.2589629, 5.4681996], [95.2588718, 5.468127499999999]]}}, {"type": "Feature", "properties": {"layer": "osm_road", "stroke": "#999999"}, "geometry": {"type": "LineString", "coordinates": [[95.261672, 5.484714599999999], [95.26172029999998, 5.484866799999999], [95.26178459999998, 5.4850270000000005]]}}, {"type": "Feature", "properties": {"layer": "osm_road", "stroke": "#999999"}, "geometry": {"type": "LineString", "coordinates": [[95.2652501, 5.481389199999999], [95.2653976, 5.481476699999998], [95.2654418, 5.481489299999999], [95.2654754, 5.48148], [95.265529, 5.4814439], [95.26555779999998, 5.481415899999999], [95.265588, 5.4813926], [95.26563229999998, 5.4813799], [95.26569599999999, 5.4813725]]}}, {"type": "Feature", "properties": {"layer": "osm_road", "stroke": "#999999"}, "geometry": {"type": "LineString", "coordinates": [[95.2584759, 5.469097599999998], [95.2585097, 5.4689738], [95.2585714, 5.468819], [95.25867999999998, 5.4686067], [95.2587417, 5.4684906], [95.25883019999999, 5.4682663]]}}, {"type": "Feature", "properties": {"layer": "osm_road", "stroke": "#999999"}, "geometry": {"type": "LineString", "coordinates": [[95.2537742, 5.483613300000001], [95.2537394, 5.4837948], [95.25371919999999, 5.484290099999999], [95.2537085, 5.484394199999999]]}}, {"type": "Feature", "properties": {"layer": "osm_road", "stroke": "#999999"}, "geometry": {"type": "LineString", "coordinates": [[95.2633752, 5.468433199999999], [95.2633296, 5.4684385], [95.2632733, 5.4684385], [95.263166, 5.4684252], [95.26308279999999, 5.4684158], [95.26301439999999, 5.4684145]]}}, {"type": "Feature", "properties": {"layer": "osm_road", "stroke": "#999999"}, "geometry": {"type": "LineString", "coordinates": [[95.26339759999999, 5.468717799999999], [95.26338319999999, 5.468479899999999], [95.2633752, 5.468433199999999], [95.26337249999999, 5.468353099999999], [95.2633899, 5.4681714999999995], [95.263394, 5.468126100000001], [95.263406, 5.4681048], [95.2634322, 5.468092399999999], [95.2634597, 5.4680914]]}}, {"type": "Feature", "properties": {"layer": "osm_road", "stroke": "#999999"}, "geometry": {"type": "LineString", "coordinates": [[95.26337349999999, 5.4710241], [95.2631271, 5.471052399999999], [95.26301849999999, 5.4710645], [95.2629246, 5.471061799999999], [95.26282939999999, 5.471040399999999], [95.26272339999998, 5.471009699999999], [95.26263759999999, 5.470990999999999], [95.2624941, 5.470963], [95.26227549999999, 5.470935], [95.26218289999998, 5.4709243], [95.262077, 5.470906899999999], [95.2619134, 5.4708802], [95.26180209999998, 5.4708589], [95.2617055, 5.4708455], [95.26162909999998, 5.4708335], [95.2615727, 5.470836199999999], [95.26151509999998, 5.470853499999999], [95.2614748, 5.4708762], [95.2614199, 5.470890899999999], [95.2613474, 5.470904299999999], [95.2612777, 5.470905599999999], [95.26118109999999, 5.470905599999999], [95.26103899999998, 5.4708896], [95.2609169, 5.470894899999999], [95.26084589999999, 5.470901600000001], [95.26073589999999, 5.4709283], [95.2606742, 5.470963], [95.2606098, 5.4710177], [95.2605937, 5.471092500000001], [95.2605669, 5.471216599999998], [95.2605428, 5.4713315]]}}, {"type": "Feature", "properties": {"layer": "osm_road", "stroke": "#999999"}, "geometry": {"type": "LineString", "coordinates": [[95.25958789999999, 5.484456299999998], [95.2599929, 5.4843455]]}}, {"type": "Feature", "properties": {"layer": "osm_road", "stroke": "#999999"}, "geometry": {"type": "LineString", "coordinates": [[95.25341079999998, 5.4813679], [95.25320690000001, 5.4812851], [95.25296549999999, 5.4811436]]}}, {"type": "Feature", "properties": {"layer": "osm_road", "stroke": "#999999"}, "geometry": {"type": "LineString", "coordinates": [[95.2628275, 5.485332400000001], [95.26272339999998, 5.4853397], [95.26271099999998, 5.485337], [95.2626953, 5.485325999999999], [95.2625464, 5.4851925], [95.26251419999998, 5.4851684999999994], [95.2624889, 5.485164799999999], [95.2624659, 5.4851738], [95.2624123, 5.4852498999999995], [95.2623945, 5.4852583], [95.2623757, 5.485261300000001], [95.26226, 5.4852466], [95.26215749999999, 5.485256599999999], [95.26212629999999, 5.485267000000001], [95.2620924, 5.485293999999999], [95.26206529999999, 5.485307999999999], [95.26201529999999, 5.485325999999999]]}}, {"type": "Feature", "properties": {"layer": "osm_road", "stroke": "#999999"}, "geometry": {"type": "LineString", "coordinates": [[95.2556223, 5.4848428], [95.2554627, 5.485148499999999]]}}, {"type": "Feature", "properties": {"layer": "osm_road", "stroke": "#999999"}, "geometry": {"type": "LineString", "coordinates": [[95.2967539, 5.4958141], [95.2967419, 5.4958199], [95.29650269999999, 5.4960857], [95.296462, 5.4961464]]}}, {"type": "Feature", "properties": {"layer": "osm_road", "stroke": "#999999"}, "geometry": {"type": "LineString", "coordinates": [[95.2976536, 5.496490699999999], [95.2975865, 5.496422099999999], [95.29683679999998, 5.495801799999999], [95.2968221, 5.495795499999999], [95.29680759999998, 5.4957934], [95.2967539, 5.4958141]]}}, {"type": "Feature", "properties": {"layer": "osm_road", "stroke": "#999999"}, "geometry": {"type": "LineString", "coordinates": [[95.30093419999999, 5.4994511], [95.30092609999998, 5.499631299999999]]}}, {"type": "Feature", "properties": {"layer": "osm_road", "stroke": "#999999"}, "geometry": {"type": "LineString", "coordinates": [[95.30071689999998, 5.4991808], [95.30079129999999, 5.4993042999999995], [95.30088249999999, 5.499407099999999], [95.30093419999999, 5.4994511]]}}, {"type": "Feature", "properties": {"layer": "osm_road", "stroke": "#999999"}, "geometry": {"type": "LineString", "coordinates": [[95.29895434400261, 5.50008673722183], [95.2988782, 5.5000414], [95.29881959999999, 5.499993099999999], [95.29870940000002, 5.4998894], [95.298378, 5.4991347], [95.2979746, 5.498267], [95.29779599999999, 5.4979009], [95.29750489999999, 5.4973402], [95.29747209999998, 5.497297900000001], [95.2974248, 5.4972485], [95.2973467, 5.4971877], [95.2972292, 5.4971078], [95.29688269999998, 5.496924099999999], [95.296526, 5.4966998], [95.29647669999999, 5.496688100000001], [95.2964247, 5.496684499999998], [95.2963737, 5.4966891], [95.2962998, 5.496701899999999]]}}, {"type": "Feature", "properties": {"layer": "osm_road", "stroke": "#999999"}, "geometry": {"type": "LineString", "coordinates": [[95.30092609999998, 5.499631299999999], [95.3010626, 5.49966], [95.3010833, 5.499668800000001], [95.3010944, 5.499682099999999], [95.3011112, 5.499750099999998], [95.3011239, 5.4997587999999995], [95.3011441, 5.4997642], [95.30119769999999, 5.4997668], [95.3012225, 5.499778199999999], [95.3012419, 5.4998149], [95.3012426, 5.4998663], [95.3012309847962, 5.50008673722183]]}}, {"type": "Feature", "properties": {"layer": "osm_road", "stroke": "#999999"}, "geometry": {"type": "LineString", "coordinates": [[95.2993041, 5.4986281], [95.2992995, 5.498619199999999]]}}, {"type": "Feature", "properties": {"layer": "osm_road", "stroke": "#999999"}, "geometry": {"type": "LineString", "coordinates": [[95.29931949999998, 5.498662199999999], [95.2993041, 5.4986281]]}}, {"type": "Feature", "properties": {"layer": "osm_road", "stroke": "#999999"}, "geometry": {"type": "LineString", "coordinates": [[95.29973179999999, 5.4959603], [95.2994529, 5.495984], [95.29916119999999, 5.4960497], [95.29889969999999, 5.496207199999998], [95.29865009999999, 5.4963947]]}}, {"type": "Feature", "properties": {"layer": "osm_road", "stroke": "#999999"}, "geometry": {"type": "LineString", "coordinates": [[95.2997828, 5.4959603], [95.29973179999999, 5.4959603]]}}, {"type": "Feature", "properties": {"layer": "osm_road", "stroke": "#999999"}, "geometry": {"type": "LineString", "coordinates": [[95.29600079999999, 5.499021800000001], [95.29611429999999, 5.4990426999999995], [95.2963945, 5.4990827]]}}, {"type": "Feature", "properties": {"layer": "osm_road", "stroke": "#999999"}, "geometry": {"type": "LineString", "coordinates": [[95.29879969999999, 5.489749300000001], [95.2989131, 5.4898569]]}}, {"type": "Feature", "properties": {"layer": "osm_road", "stroke": "#999999"}, "geometry": {"type": "LineString", "coordinates": [[95.2984494, 5.498524499999999], [95.29836489999998, 5.4983748], [95.2982092, 5.498133]]}}, {"type": "Feature", "properties": {"layer": "osm_road", "stroke": "#999999"}, "geometry": {"type": "LineString", "coordinates": [[95.2642281, 5.482601399999999], [95.2643673, 5.482412299999999], [95.264664, 5.4820459999999995], [95.2652501, 5.481389199999999], [95.2654445, 5.481156899999999], [95.2656368, 5.4808847], [95.26580659999999, 5.4806563], [95.26598319999998, 5.4803936], [95.26632009999999, 5.479940499999999], [95.26636049999999, 5.4798914], [95.2664168, 5.479842], [95.26645029999999, 5.479796599999999], [95.2664674, 5.4797449]]}}, {"type": "Feature", "properties": {"layer": "osm_road", "stroke": "#999999"}, "geometry": {"type": "LineString", "coordinates": [[95.2427966, 5.4804681], [95.24266989999998, 5.480506799999999]]}}, {"type": "Feature", "properties": {"layer": "osm_road", "stroke": "#999999"}, "geometry": {"type": "LineString", "coordinates": [[95.24339139999998, 5.4806802999999995], [95.24339409999999, 5.480626899999999], [95.2433915, 5.480530100000001], [95.2433701, 5.480404599999999]]}}, {"type": "Feature", "properties": {"layer": "osm_road", "stroke": "#999999"}, "geometry": {"type": "LineString", "coordinates": [[95.2464831, 5.4739446], [95.24673609999999, 5.473382000000001], [95.246948, 5.4730483], [95.24716789999998, 5.4726131], [95.24733959999999, 5.472412799999999], [95.24744689999999, 5.472327399999999], [95.24747899999998, 5.472274], [95.24756219999999, 5.47178]]}}, {"type": "Feature", "properties": {"layer": "osm_road", "stroke": "#999999"}, "geometry": {"type": "LineString", "coordinates": [[95.2468873, 5.474407], [95.2471612, 5.474359899999999]]}}, {"type": "Feature", "properties": {"layer": "osm_road", "stroke": "#999999"}, "geometry": {"type": "LineString", "coordinates": [[95.24179549999998, 5.472404799999999], [95.2418605, 5.472663799999999], [95.2418748, 5.4727359]]}}, {"type": "Feature", "properties": {"layer": "osm_road", "stroke": "#999999"}, "geometry": {"type": "LineString", "coordinates": [[95.24533029999999, 5.478307599999999], [95.24534199999998, 5.478100500000001], [95.24535239999999, 5.4780834999999986], [95.24540109999998, 5.478060499999999], [95.24545609999998, 5.4780045], [95.2454813, 5.4779276], [95.2454969, 5.477918099999998], [95.2455382, 5.477910299999999]]}}, {"type": "Feature", "properties": {"layer": "osm_road", "stroke": "#999999"}, "geometry": {"type": "LineString", "coordinates": [[95.246144, 5.477075199999998], [95.2463645, 5.4770631]]}}, {"type": "Feature", "properties": {"layer": "osm_road", "stroke": "#999999"}, "geometry": {"type": "LineString", "coordinates": [[95.2410423, 5.4725303], [95.2410095, 5.472601200000001], [95.2409971, 5.4726393], [95.24099989999999, 5.472706099999999], [95.2410955, 5.4730597]]}}, {"type": "Feature", "properties": {"layer": "osm_road", "stroke": "#999999"}, "geometry": {"type": "LineString", "coordinates": [[95.2405795, 5.477181000000001], [95.24056887651231, 5.477116721945185]]}}, {"type": "Feature", "properties": {"layer": "osm_road", "stroke": "#999999"}, "geometry": {"type": "LineString", "coordinates": [[95.24056887651231, 5.476062715029952], [95.2405791, 5.4759898]]}}, {"type": "Feature", "properties": {"layer": "osm_road", "stroke": "#999999"}, "geometry": {"type": "LineString", "coordinates": [[95.2431815, 5.474335499999999], [95.24311239999999, 5.474713], [95.2431151, 5.4748999]]}}, {"type": "Feature", "properties": {"layer": "osm_road", "stroke": "#999999"}, "geometry": {"type": "LineString", "coordinates": [[95.24779099999999, 5.477302899999998], [95.2481335, 5.477365300000001], [95.248733, 5.4774297], [95.24934190000002, 5.477473699999999], [95.2494609, 5.477498099999998], [95.24953059999999, 5.4775265], [95.2495437, 5.4775391], [95.24955379999999, 5.4775605], [95.2495511, 5.4776232], [95.24954299999999, 5.4776673], [95.24954299999999, 5.4776993], [95.24955649999998, 5.4777233999999995], [95.249778, 5.4778522], [95.24981149999999, 5.477893099999999], [95.24992529999999, 5.4779276]]}}, {"type": "Feature", "properties": {"layer": "osm_road", "stroke": "#999999"}, "geometry": {"type": "LineString", "coordinates": [[95.263756, 5.474267099999999], [95.2638781, 5.4742871], [95.26390119999999, 5.474300799999999], [95.26391999999998, 5.4743175], [95.263925, 5.4743405]]}}, {"type": "Feature", "properties": {"layer": "osm_road", "stroke": "#999999"}, "geometry": {"type": "LineString", "coordinates": [[95.31470189999999, 5.494276900000001], [95.3147221, 5.4940739999999995], [95.3147314, 5.4940086], [95.314777, 5.493844400000001]]}}, {"type": "Feature", "properties": {"layer": "osm_road", "stroke": "#999999"}, "geometry": {"type": "LineString", "coordinates": [[95.30291769999998, 5.498320399999999], [95.30269839999998, 5.498314800000001], [95.3026458, 5.498307699999999], [95.3025394, 5.4982857], [95.3024774, 5.4982638999999995], [95.30243539999998, 5.498261199999999], [95.30213179999998, 5.498213599999999]]}}, {"type": "Feature", "properties": {"layer": "osm_road", "stroke": "#999999"}, "geometry": {"type": "LineString", "coordinates": [[95.3029096, 5.497702999999999], [95.3025462, 5.49769], [95.3025338, 5.4976817], [95.3025229, 5.497669100000001], [95.30250859999998, 5.497643599999999], [95.30250589999999, 5.4974821], [95.30248360000002, 5.497460700000001], [95.3024724, 5.497455399999998], [95.30209689999998, 5.4974394]]}}, {"type": "Feature", "properties": {"layer": "osm_road", "stroke": "#999999"}, "geometry": {"type": "LineString", "coordinates": [[95.30872749999999, 5.4943865], [95.30876759999998, 5.494406399999999], [95.30881449999998, 5.494414399999998], [95.3094641, 5.494428999999999]]}}, {"type": "Feature", "properties": {"layer": "osm_road", "stroke": "#999999"}, "geometry": {"type": "LineString", "coordinates": [[95.30275139999999, 5.496407499999999], [95.302295, 5.4964181]]}}, {"type": "Feature", "properties": {"layer": "osm_road", "stroke": "#999999"}, "geometry": {"type": "LineString", "coordinates": [[95.3021345, 5.494562599999998], [95.3021975, 5.4944504], [95.30224709999999, 5.4943662999999985], [95.3022552, 5.494346299999999], [95.30229270000001, 5.494175399999999]]}}, {"type": "Feature", "properties": {"layer": "osm_road", "stroke": "#999999"}, "geometry": {"type": "LineString", "coordinates": [[95.3369168, 5.491299], [95.33679729999999, 5.4913620000000005]]}}, {"type": "Feature", "properties": {"layer": "osm_road", "stroke": "#999999"}, "geometry": {"type": "LineString", "coordinates": [[95.34065999999999, 5.4922688], [95.34071029999998, 5.4922438]]}}, {"type": "Feature", "properties": {"layer": "osm_road", "stroke": "#999999"}, "geometry": {"type": "LineString", "coordinates": [[95.33731989999998, 5.4934355], [95.33757589999999, 5.4931845], [95.3377015, 5.4930422000000005], [95.33774939999999, 5.492957499999999], [95.3378109, 5.4928963], [95.33791879999998, 5.4928058], [95.33792459999998, 5.492786599999999], [95.3379119, 5.492638699999998], [95.33791869999999, 5.4926134], [95.3379363, 5.492599799999999], [95.33819439999999, 5.492445099999999], [95.33834099999999, 5.4924188], [95.33848900000001, 5.4924207], [95.3385736, 5.492421800000001], [95.33863129999999, 5.492415], [95.3386465, 5.4924057999999985], [95.3387437, 5.492320599999998], [95.33879549999999, 5.4922836], [95.3390262, 5.492180499999999], [95.3391141, 5.492125], [95.3391884, 5.492070499999999], [95.33923629999998, 5.492053000000001], [95.3392642, 5.492048399999998], [95.33943569999998, 5.4920199], [95.3394875, 5.4920228999999985], [95.3395383, 5.492044299999999], [95.33959669999999, 5.4920823], [95.33961649999999, 5.4920886], [95.33963630000001, 5.492092999999999], [95.33978279999998, 5.4920926], [95.33980029999998, 5.4920949], [95.33983259999998, 5.4921163], [95.33996159999998, 5.4923702], [95.33998889999998, 5.492394499999998], [95.34002319999999, 5.492407199999998], [95.34008179999998, 5.492404299999999], [95.34048279999999, 5.4923151], [95.34060669999998, 5.4922875], [95.34065999999999, 5.4922688]]}}, {"type": "Feature", "properties": {"layer": "osm_road", "stroke": "#999999"}, "geometry": {"type": "LineString", "coordinates": [[95.3464743, 5.493059599999999], [95.3464811, 5.4931114999999995], [95.3464895, 5.4931522], [95.3464834, 5.4932403], [95.34648209999999, 5.4933811], [95.3465076, 5.493636099999998], [95.34650619999998, 5.4937195999999995], [95.34650019999998, 5.4937943], [95.3465009, 5.493866399999999], [95.3465096, 5.493920500000001], [95.34653669999999, 5.4939832], [95.34655989999999, 5.494056], [95.34656489999999, 5.4941144], [95.3465572, 5.4942035], [95.3465572, 5.494278199999999], [95.3465612, 5.494359700000001], [95.3466031, 5.4945425], [95.34659909999999, 5.4945616], [95.34658339999999, 5.494578299999999], [95.3464578, 5.4946322]]}}, {"type": "Feature", "properties": {"layer": "osm_road", "stroke": "#999999"}, "geometry": {"type": "LineString", "coordinates": [[95.3409834, 5.4959850999999995], [95.3409403, 5.495934899999999], [95.34088839999998, 5.495783399999999], [95.34085350000001, 5.4956306], [95.34083399999999, 5.495452299999999], [95.3407609, 5.4952179999999995], [95.3407079, 5.4950619], [95.34068249999999, 5.494997099999999], [95.34063219999999, 5.494993100000001], [95.3398342, 5.4952554], [95.33980069999998, 5.4952461], [95.33977659999998, 5.4952207], [95.3397605, 5.4951686], [95.3397899, 5.4949585], [95.3397645, 5.4941848], [95.339751, 5.4941448], [95.3397055, 5.494112799999998], [95.33954049999998, 5.4941113999999995], [95.3394909, 5.4941113999999995], [95.33945599999998, 5.494068700000001], [95.33938499999998, 5.493538699999999], [95.3392844, 5.4932916999999994], [95.3392576, 5.493262299999999], [95.3392173, 5.4932557], [95.33877609999999, 5.493367800000001], [95.3387184, 5.493377099999999], [95.33868219999998, 5.493369799999998], [95.3386614, 5.493351099999999], [95.3386138, 5.493161500000001], [95.33848900000001, 5.4924207]]}}, {"type": "Feature", "properties": {"layer": "osm_road", "stroke": "#999999"}, "geometry": {"type": "LineString", "coordinates": [[95.33815299999999, 5.488641699999999], [95.3381656, 5.4886262]]}}, {"type": "Feature", "properties": {"layer": "osm_road", "stroke": "#999999"}, "geometry": {"type": "LineString", "coordinates": [[95.33433429999998, 5.490598199999999], [95.3345809, 5.4905947], [95.33487399999999, 5.4905572], [95.3351134, 5.4905119000000004], [95.3355308, 5.490418999999999], [95.33614409999998, 5.490331199999998], [95.3361596, 5.4903322999999995], [95.336177, 5.490331599999999], [95.336283, 5.4903383], [95.33646, 5.490321], [95.3364778, 5.4903058], [95.3364889, 5.490277699999999], [95.3364908, 5.490106], [95.33643430000001, 5.489846599999999], [95.3364335, 5.4898267], [95.33643919999999, 5.489804699999999], [95.336458, 5.489784799999998], [95.3364942, 5.489772299999999], [95.336751, 5.489718899999999], [95.33709569999999, 5.4895774], [95.33737870000002, 5.4895227], [95.3374052, 5.4895095], [95.33742959999998, 5.4894893], [95.33744, 5.4894587], [95.33744569999999, 5.4894265], [95.33743099999998, 5.489323799999998], [95.33735379999999, 5.488984900000001], [95.33772119999999, 5.488887899999999], [95.33776129999998, 5.4888696999999995], [95.3377907, 5.488843599999998], [95.3378199, 5.488804899999998], [95.3378471, 5.488782599999999], [95.33788289999998, 5.4887657], [95.3380263, 5.488733699999999], [95.33806199999998, 5.4887222], [95.33815299999999, 5.488641699999999]]}}, {"type": "Feature", "properties": {"layer": "osm_road", "stroke": "#999999"}, "geometry": {"type": "LineString", "coordinates": [[95.245347, 5.468783200000001], [95.2454272, 5.468411800000001]]}}, {"type": "Feature", "properties": {"layer": "osm_road", "stroke": "#999999"}, "geometry": {"type": "LineString", "coordinates": [[95.24310379999999, 5.4682963], [95.2428692, 5.468302199999999]]}}, {"type": "Feature", "properties": {"layer": "osm_road", "stroke": "#999999"}, "geometry": {"type": "LineString", "coordinates": [[95.2477485, 5.473964899999999], [95.24773659999998, 5.4743312]]}}, {"type": "Feature", "properties": {"layer": "osm_road", "stroke": "#999999"}, "geometry": {"type": "LineString", "coordinates": [[95.2459163, 5.474343500000001], [95.24619829999999, 5.4743592]]}}, {"type": "Feature", "properties": {"layer": "osm_road", "stroke": "#999999"}, "geometry": {"type": "LineString", "coordinates": [[95.24612189999999, 5.476473799999999], [95.2464598, 5.476400399999999], [95.2465377, 5.4763777], [95.24661539999998, 5.4763791]]}}, {"type": "Feature", "properties": {"layer": "osm_road", "stroke": "#999999"}, "geometry": {"type": "LineString", "coordinates": [[95.24346909999998, 5.470868199999999], [95.24318489999999, 5.470886899999999]]}}, {"type": "Feature", "properties": {"layer": "osm_road", "stroke": "#999999"}, "geometry": {"type": "LineString", "coordinates": [[95.2433532, 5.471671899999999], [95.2433507, 5.471606399999999], [95.24334580000001, 5.47125]]}}, {"type": "Feature", "properties": {"layer": "osm_road", "stroke": "#999999"}, "geometry": {"type": "LineString", "coordinates": [[95.24347720000002, 5.471615799999999], [95.2433507, 5.471606399999999], [95.24302119999999, 5.4716398]]}}, {"type": "Feature", "properties": {"layer": "osm_road", "stroke": "#999999"}, "geometry": {"type": "LineString", "coordinates": [[95.2437428, 5.468155499999999], [95.24370789999999, 5.4680514], [95.24369449999999, 5.467907200000001], [95.2437401, 5.467832399999998], [95.24381119999998, 5.467784400000001], [95.2438956, 5.467739], [95.2439922, 5.467709599999999], [95.2441826, 5.467739], [95.2443516, 5.467768300000001], [95.2445331, 5.467770299999999]]}}, {"type": "Feature", "properties": {"layer": "osm_road", "stroke": "#999999"}, "geometry": {"type": "LineString", "coordinates": [[95.2484742, 5.468837699999999], [95.2486727, 5.468847], [95.2487424, 5.468828299999998], [95.2488229, 5.4687749], [95.24886850000001, 5.4686815], [95.2488872, 5.468497299999999], [95.24892209999999, 5.468232899999999], [95.2489597, 5.4680273], [95.24900259999998, 5.467784400000001], [95.249024, 5.467645499999999], [95.24906769999998, 5.467538099999998], [95.2491528, 5.4673331], [95.2492869, 5.467028699999999], [95.24935059999999, 5.466883800000001], [95.24940029999999, 5.466758]]}}, {"type": "Feature", "properties": {"layer": "osm_road", "stroke": "#999999"}, "geometry": {"type": "LineString", "coordinates": [[95.24438429999998, 5.4725199], [95.2440861, 5.472536999999999], [95.2438997, 5.472510299999999], [95.2438313, 5.472494199999998], [95.2437803, 5.472471499999999], [95.24374809999999, 5.472427500000001], [95.24371859999998, 5.4720964]]}}, {"type": "Feature", "properties": {"layer": "osm_road", "stroke": "#999999"}, "geometry": {"type": "LineString", "coordinates": [[95.24269629999999, 5.4723203], [95.24275839999999, 5.472370099999998], [95.2428456, 5.472427500000001], [95.24287309999998, 5.472437499999999], [95.2429166, 5.472439499999998], [95.24294209999998, 5.472432199999999], [95.24301189999998, 5.472396799999999], [95.24302259999999, 5.4723714], [95.24302119999999, 5.4723234], [95.242977, 5.472109799999999]]}}, {"type": "Feature", "properties": {"layer": "osm_road", "stroke": "#999999"}, "geometry": {"type": "LineString", "coordinates": [[95.2459754, 5.451283800000001], [95.2457216, 5.4519937], [95.2457289, 5.4520578], [95.2457484, 5.4520845], [95.24577449999998, 5.4521025], [95.24582949999999, 5.452116600000001], [95.2470286, 5.4522369]]}}, {"type": "Feature", "properties": {"layer": "osm_road", "stroke": "#999999"}, "geometry": {"type": "LineString", "coordinates": [[95.24436369999998, 5.450127399999999], [95.2453683, 5.450340499999999]]}}, {"type": "Feature", "properties": {"layer": "osm_road", "stroke": "#999999"}, "geometry": {"type": "LineString", "coordinates": [[95.2452958, 5.450571899999998], [95.2453683, 5.450340499999999], [95.2454258, 5.450160699999998], [95.24542889999998, 5.4501384], [95.24542649999998, 5.450117299999999], [95.2454171, 5.4500973], [95.24539699999998, 5.450081999999999], [95.2447942, 5.449884399999998], [95.2447258, 5.4498744], [95.24466539999999, 5.4498797], [95.24461449999998, 5.449909099999999], [95.24436369999998, 5.450127399999999], [95.2443261, 5.4502001], [95.24430669999998, 5.450258899999998], [95.24424699999999, 5.450682699999999], [95.24423089999999, 5.450715099999999], [95.24421420000002, 5.450730500000001], [95.24418399999999, 5.4507398], [95.24413169999998, 5.4507361], [95.2431232, 5.4505706], [95.2428925, 5.450535699999999]]}}, {"type": "Feature", "properties": {"layer": "osm_road", "stroke": "#999999"}, "geometry": {"type": "LineString", "coordinates": [[95.24499079999998, 5.451133499999999], [95.2450034, 5.4510205], [95.24523139999998, 5.4506613999999995], [95.2452958, 5.450571899999998], [95.24544599999999, 5.450592], [95.24598659999998, 5.4506594999999995], [95.24664759999999, 5.450778900000001]]}}, {"type": "Feature", "properties": {"layer": "osm_road", "stroke": "#999999"}, "geometry": {"type": "LineString", "coordinates": [[95.2442523, 5.4649445], [95.24404049999998, 5.4648901], [95.24385269999999, 5.464813999999999], [95.2437267, 5.4647459], [95.24350939999998, 5.464649799999999], [95.24307759999999, 5.464485600000001], [95.2428979, 5.4644415], [95.24273429999998, 5.464388099999999]]}}, {"type": "Feature", "properties": {"layer": "osm_road", "stroke": "#999999"}, "geometry": {"type": "LineString", "coordinates": [[95.2450675, 5.459094599999999], [95.2448237, 5.459101399999999], [95.2446118, 5.459101399999999], [95.24431409999998, 5.4591255]]}}, {"type": "Feature", "properties": {"layer": "osm_road", "stroke": "#999999"}, "geometry": {"type": "LineString", "coordinates": [[95.24390909999998, 5.460782200000001], [95.2438635, 5.461031899999999], [95.2438621, 5.4611147], [95.2438943, 5.4611841000000005], [95.2439386, 5.461230799999998], [95.2439868, 5.4612655000000006], [95.2440539, 5.461281499999999], [95.2441357, 5.461269499999999], [95.24420139999998, 5.461213399999999], [95.24426309999998, 5.461142700000001], [95.2443114, 5.461120000000001], [95.24439319999999, 5.461123999999999], [95.2444763, 5.461154699999998], [95.2445622, 5.461213399999999], [95.2446011, 5.461261500000001], [95.244745, 5.4613771]]}}, {"type": "Feature", "properties": {"layer": "osm_road", "stroke": "#999999"}, "geometry": {"type": "LineString", "coordinates": [[95.24384999999998, 5.463464299999999], [95.2438393, 5.463643199999999], [95.2438534, 5.4636806], [95.2438822, 5.463696599999999], [95.2439493, 5.463725899999999], [95.24438349999998, 5.4637557]]}}, {"type": "Feature", "properties": {"layer": "osm_road", "stroke": "#999999"}, "geometry": {"type": "LineString", "coordinates": [[95.24375919999999, 5.466438199999998], [95.2426538, 5.466166299999999]]}}, {"type": "Feature", "properties": {"layer": "osm_road", "stroke": "#999999"}, "geometry": {"type": "LineString", "coordinates": [[95.2456642, 5.466911699999999], [95.2454809, 5.467597799999999]]}}, {"type": "Feature", "properties": {"layer": "osm_road", "stroke": "#999999"}, "geometry": {"type": "LineString", "coordinates": [[95.24517469999999, 5.466754099999999], [95.24515879999998, 5.4668063]]}}, {"type": "Feature", "properties": {"layer": "osm_road", "stroke": "#999999"}, "geometry": {"type": "LineString", "coordinates": [[95.2448089, 5.4666765], [95.2449406, 5.4661816]]}}, {"type": "Feature", "properties": {"layer": "osm_road", "stroke": "#999999"}, "geometry": {"type": "LineString", "coordinates": [[95.24479610000002, 5.466724599999999], [95.2448089, 5.4666765]]}}, {"type": "Feature", "properties": {"layer": "osm_road", "stroke": "#999999"}, "geometry": {"type": "LineString", "coordinates": [[95.245052, 5.4672592], [95.24508789999999, 5.467256999999999], [95.24511869999999, 5.467242299999999], [95.2451469, 5.467180899999999], [95.2451603, 5.4671035], [95.24514149999999, 5.4670474], [95.24510769999999, 5.4670231]]}}, {"type": "Feature", "properties": {"layer": "osm_road", "stroke": "#999999"}, "geometry": {"type": "LineString", "coordinates": [[95.2456768, 5.466864799999999], [95.24641219999998, 5.4670235]]}}, {"type": "Feature", "properties": {"layer": "osm_road", "stroke": "#999999"}, "geometry": {"type": "LineString", "coordinates": [[95.24694859999998, 5.4660391], [95.2470982, 5.465869999999999], [95.2471894, 5.465747099999999], [95.2472779, 5.465632299999999], [95.24730209999998, 5.4655496]]}}, {"type": "Feature", "properties": {"layer": "osm_road", "stroke": "#999999"}, "geometry": {"type": "LineString", "coordinates": [[95.24935059999999, 5.466883800000001], [95.2492788, 5.466929999999999], [95.2492078, 5.4669767], [95.24912189999999, 5.4669927000000005], [95.2490629, 5.466988000000001], [95.2490033, 5.4669627], [95.2488738, 5.4668579], [95.248517, 5.4664633]]}}, {"type": "Feature", "properties": {"layer": "osm_road", "stroke": "#999999"}, "geometry": {"type": "LineString", "coordinates": [[95.24302270000001, 5.4467757], [95.2428684, 5.446746999999999], [95.2427785, 5.446718999999999], [95.24271949999999, 5.446675000000001], [95.24266449999999, 5.4465921999999996], [95.2425948, 5.4465094], [95.2425291, 5.4464734], [95.2424124, 5.446447999999999]]}}, {"type": "Feature", "properties": {"layer": "osm_road", "stroke": "#999999"}, "geometry": {"type": "LineString", "coordinates": [[95.242882, 5.447317600000001], [95.24257329999999, 5.4472543]]}}, {"type": "Feature", "properties": {"layer": "osm_road", "stroke": "#999999"}, "geometry": {"type": "LineString", "coordinates": [[95.2436683, 5.424929999999998], [95.24329859999999, 5.4253201]]}}, {"type": "Feature", "properties": {"layer": "osm_road", "stroke": "#999999"}, "geometry": {"type": "LineString", "coordinates": [[95.2483352, 5.4147479999999995], [95.2480028, 5.415597499999999], [95.24776879999999, 5.4162164], [95.2472069, 5.4174353], [95.24633929999999, 5.419213300000001], [95.24611749999998, 5.4197929], [95.24598779999998, 5.420162899999999], [95.24548619999999, 5.422237699999998], [95.2452837, 5.422756999999999], [95.24505439999999, 5.4232257], [95.2447285, 5.4237077], [95.2445113, 5.424026700000001], [95.24373099999998, 5.4248616], [95.2436683, 5.424929999999998]]}}, {"type": "Feature", "properties": {"layer": "osm_road", "stroke": "#999999"}, "geometry": {"type": "LineString", "coordinates": [[95.2484507, 5.4151976999999984], [95.24878530000001, 5.4154073]]}}, {"type": "Feature", "properties": {"layer": "osm_road", "stroke": "#999999"}, "geometry": {"type": "LineString", "coordinates": [[95.2484507, 5.4151976999999984], [95.2482382, 5.4156523000000005], [95.24814019999998, 5.415621599999999], [95.2480028, 5.415597499999999]]}}, {"type": "Feature", "properties": {"layer": "osm_road", "stroke": "#999999"}, "geometry": {"type": "LineString", "coordinates": [[95.27589769999999, 5.376026699999999], [95.2758964, 5.376010700000001]]}}, {"type": "Feature", "properties": {"layer": "osm_road", "stroke": "#999999"}, "geometry": {"type": "LineString", "coordinates": [[95.2758964, 5.376010700000001], [95.27549469999998, 5.3760520000000005], [95.2754646, 5.3760414], [95.27544049999999, 5.376024]]}}, {"type": "Feature", "properties": {"layer": "osm_road", "stroke": "#999999"}, "geometry": {"type": "LineString", "coordinates": [[95.27584949999999, 5.3755194], [95.2758964, 5.376010700000001]]}}, {"type": "Feature", "properties": {"layer": "osm_road", "stroke": "#999999"}, "geometry": {"type": "LineString", "coordinates": [[95.3545904, 5.4976463], [95.3544422, 5.4976686]]}}, {"type": "Feature", "properties": {"layer": "osm_road", "stroke": "#999999"}, "geometry": {"type": "LineString", "coordinates": [[95.3560351, 5.4988630999999994], [95.3558443, 5.4989091], [95.3556821, 5.4989625]]}}, {"type": "Feature", "properties": {"layer": "osm_road", "stroke": "#999999"}, "geometry": {"type": "LineString", "coordinates": [[95.3573088, 5.4986942], [95.3560629, 5.4988611], [95.3560351, 5.4988630999999994], [95.35599389999999, 5.4988457], [95.3559691, 5.4988277], [95.35595029999999, 5.498785], [95.3559034, 5.4982109999999995]]}}, {"type": "Feature", "properties": {"layer": "osm_road", "stroke": "#999999"}, "geometry": {"type": "LineString", "coordinates": [[95.3263441, 5.4885406], [95.3269194, 5.4884499], [95.3269476, 5.4884492], [95.32697239999999, 5.488456499999999], [95.3270401, 5.488512599999999], [95.32707159999998, 5.4885326], [95.32711259999999, 5.4885486], [95.32715879999999, 5.4885539], [95.3274887, 5.488492700000001]]}}, {"type": "Feature", "properties": {"layer": "osm_road", "stroke": "#999999"}, "geometry": {"type": "LineString", "coordinates": [[95.326041, 5.4874353], [95.32605979999998, 5.4875901], [95.32608119999999, 5.487728999999999], [95.32626029999999, 5.488273799999999], [95.3263441, 5.4885406], [95.3264192, 5.488842299999999], [95.32644, 5.488898699999999], [95.32646339999998, 5.488949099999999], [95.3268637, 5.489679999999999]]}}, {"type": "Feature", "properties": {"layer": "osm_road", "stroke": "#999999"}, "geometry": {"type": "LineString", "coordinates": [[95.3282842, 5.4878483000000005], [95.3282914, 5.4879386], [95.32830609999999, 5.4881949]]}}, {"type": "Feature", "properties": {"layer": "osm_road", "stroke": "#999999"}, "geometry": {"type": "LineString", "coordinates": [[95.3220286, 5.4924439], [95.3226534, 5.492590899999999], [95.3226911, 5.492605199999999], [95.3227043, 5.492624099999999], [95.3227164, 5.492648899999999], [95.32271919999998, 5.492661399999999], [95.3227177, 5.4927397]]}}, {"type": "Feature", "properties": {"layer": "osm_road", "stroke": "#999999"}, "geometry": {"type": "LineString", "coordinates": [[95.36304079999998, 5.4923163], [95.3630315, 5.492359]]}}, {"type": "Feature", "properties": {"layer": "osm_road", "stroke": "#999999"}, "geometry": {"type": "LineString", "coordinates": [[95.36633301628903, 5.489707284826512], [95.3651555, 5.4906596], [95.36424769999999, 5.4913667], [95.36331, 5.4921280999999995], [95.3630679, 5.492292599999999], [95.36304079999998, 5.4923163]]}}, {"type": "Feature", "properties": {"layer": "osm_road", "stroke": "#999999"}, "geometry": {"type": "LineString", "coordinates": [[95.26664609999999, 5.499776899999999], [95.26646669999998, 5.499684399999999]]}}, {"type": "Feature", "properties": {"layer": "osm_road", "stroke": "#999999"}, "geometry": {"type": "LineString", "coordinates": [[95.26697262901683, 5.50008673722183], [95.26695929999998, 5.500071800000001], [95.2668162, 5.499928100000001], [95.26664609999999, 5.499776899999999]]}}, {"type": "Feature", "properties": {"layer": "osm_road", "stroke": "#999999"}, "geometry": {"type": "LineString", "coordinates": [[95.2676332, 5.4943717], [95.26754329999999, 5.4943583], [95.26746289999998, 5.494345], [95.267369, 5.4943223], [95.26722819999999, 5.4942836]]}}, {"type": "Feature", "properties": {"layer": "osm_road", "stroke": "#999999"}, "geometry": {"type": "LineString", "coordinates": [[95.26845539999998, 5.4972673], [95.2682729, 5.497317899999999], [95.2681267, 5.497398], [95.26803149999999, 5.497466099999998], [95.2679577, 5.497543499999999], [95.26790279999999, 5.497607599999999], [95.26786119999998, 5.4976676], [95.26783169999999, 5.497723699999998], [95.2677888, 5.4978198], [95.26772039999999, 5.497992], [95.2676976, 5.498104199999999], [95.26768819999998, 5.498185599999999]]}}, {"type": "Feature", "properties": {"layer": "osm_road", "stroke": "#999999"}, "geometry": {"type": "LineString", "coordinates": [[95.26835189999998, 5.4960134], [95.26817499999999, 5.4957126]]}}, {"type": "Feature", "properties": {"layer": "osm_road", "stroke": "#999999"}, "geometry": {"type": "LineString", "coordinates": [[95.26750309999998, 5.493632100000001], [95.26727510000002, 5.4936041], [95.26725229999998, 5.4936068], [95.26723619999999, 5.493620099999999], [95.26712219999999, 5.493872400000001]]}}, {"type": "Feature", "properties": {"layer": "osm_road", "stroke": "#999999"}, "geometry": {"type": "LineString", "coordinates": [[95.2675815, 5.488868799999998], [95.26725769999999, 5.4888623]]}}, {"type": "Feature", "properties": {"layer": "osm_road", "stroke": "#999999"}, "geometry": {"type": "LineString", "coordinates": [[95.28291092516163, 5.50008673722183], [95.28290699999998, 5.500003800000001], [95.2828909, 5.499774199999999], [95.2828534, 5.4995031999999995], [95.28283459999999, 5.499395], [95.28283329999998, 5.4993482999999985], [95.28284939999999, 5.499305599999999], [95.2828909, 5.4992095], [95.2829191, 5.4991214], [95.28294060000002, 5.4990333], [95.28298079999999, 5.4988758], [95.2830371, 5.498761], [95.283646, 5.4978131], [95.28366609999999, 5.497749100000001], [95.2836674, 5.497675699999999], [95.2835602, 5.497145699999999], [95.2835467, 5.4970416], [95.2835414, 5.496956099999999], [95.2836245, 5.496742500000001], [95.28376939999998, 5.4963394], [95.28383369999999, 5.496211199999999], [95.28389269999998, 5.4961632], [95.2845096, 5.4958508]]}}, {"type": "Feature", "properties": {"layer": "osm_road", "stroke": "#999999"}, "geometry": {"type": "LineString", "coordinates": [[95.26877849999998, 5.4946854], [95.26895689999999, 5.4947067]]}}, {"type": "Feature", "properties": {"layer": "osm_road", "stroke": "#999999"}, "geometry": {"type": "LineString", "coordinates": [[95.26391829999999, 5.497861200000001], [95.2637815, 5.497783199999998]]}}, {"type": "Feature", "properties": {"layer": "osm_road", "stroke": "#999999"}, "geometry": {"type": "LineString", "coordinates": [[95.26646669999998, 5.499684399999999], [95.2659413, 5.4992694], [95.26509169999999, 5.498667899999999], [95.2646432, 5.498344899999999], [95.26418289999998, 5.498046800000001], [95.26391829999999, 5.497861200000001]]}}, {"type": "Feature", "properties": {"layer": "osm_road", "stroke": "#999999"}, "geometry": {"type": "LineString", "coordinates": [[95.2843246, 5.4858667], [95.28415159999999, 5.486130999999999]]}}, {"type": "Feature", "properties": {"layer": "osm_road", "stroke": "#999999"}, "geometry": {"type": "LineString", "coordinates": [[95.3485436, 5.486230599999999], [95.34928909999998, 5.486057599999998], [95.34978559999999, 5.4859559], [95.3499005, 5.485925199999999]]}}, {"type": "Feature", "properties": {"layer": "osm_road", "stroke": "#999999"}, "geometry": {"type": "LineString", "coordinates": [[95.34845140000002, 5.4862405999999995], [95.3485436, 5.486230599999999]]}}, {"type": "Feature", "properties": {"layer": "osm_road", "stroke": "#999999"}, "geometry": {"type": "LineString", "coordinates": [[95.3378119, 5.4836212999999985], [95.33780849999998, 5.4836032], [95.33776119999999, 5.483411599999999], [95.33771979999999, 5.4832538], [95.3376272, 5.4829273999999995], [95.337538, 5.482656399999999], [95.33751210000001, 5.482596699999999], [95.33749, 5.482562], [95.3374688, 5.4824954], [95.33744039999999, 5.4823624], [95.3374215, 5.4823489]]}}, {"type": "Feature", "properties": {"layer": "osm_road", "stroke": "#999999"}, "geometry": {"type": "LineString", "coordinates": [[95.337828, 5.4836843], [95.3378119, 5.4836212999999985]]}}, {"type": "Feature", "properties": {"layer": "osm_road", "stroke": "#999999"}, "geometry": {"type": "LineString", "coordinates": [[95.332478, 5.4699446], [95.3323683, 5.4697394], [95.33234889999999, 5.4697275], [95.3323261, 5.4697241], [95.33229389999998, 5.469730799999999], [95.33224489999999, 5.469752199999999], [95.3315663, 5.4700592], [95.3313558, 5.470180699999999], [95.33128599999999, 5.470228699999999], [95.33118949999998, 5.4702781], [95.3310272, 5.4703516], [95.3309588, 5.4703622], [95.3308971, 5.4703582], [95.33083269999999, 5.4703609], [95.3307925, 5.4702820999999995], [95.33074829999998, 5.4701553], [95.33071199999999, 5.4700772], [95.3306913, 5.470057899999999], [95.3306621, 5.4700454999999994], [95.33063289999998, 5.4700392], [95.3305857, 5.470040499999999], [95.3301716, 5.4700859], [95.3292221, 5.470220699999999], [95.3291738, 5.4702401], [95.32914359999998, 5.4702614999999986], [95.32910669999998, 5.470310199999999], [95.3290846, 5.4703582], [95.3290504, 5.470406999999999], [95.3290296, 5.4704242999999995], [95.328982, 5.470437000000001], [95.3283799, 5.4704757], [95.3281103, 5.470507800000001], [95.32792519999998, 5.4705705], [95.32771739999998, 5.4706719999999995], [95.3274022, 5.4708562], [95.3270884, 5.4710645]]}}, {"type": "Feature", "properties": {"layer": "osm_road", "stroke": "#999999"}, "geometry": {"type": "LineString", "coordinates": [[95.3310165, 5.4780965], [95.3310111, 5.477999699999999], [95.3309984, 5.4779229], [95.3309803, 5.4778662], [95.33089039999999, 5.4777007], [95.33085549999998, 5.4776593], [95.3307885, 5.4776099], [95.3307362, 5.4775445], [95.3307027, 5.477452399999999], [95.3306852, 5.477332199999999], [95.3306906, 5.477192], [95.3306906, 5.4770465], [95.33068119999999, 5.4768556], [95.3306611, 5.4767101], [95.3306302, 5.4765392], [95.3305511, 5.475919799999999], [95.3305256, 5.475795699999999], [95.3304961, 5.475696900000001], [95.33048, 5.475668800000001], [95.33044519999999, 5.475651499999998], [95.3302628, 5.475696900000001], [95.3302185, 5.4757022], [95.33019169999999, 5.475696900000001], [95.3301746, 5.475684199999998], [95.33015279999998, 5.475656799999999], [95.33006829999998, 5.4754659], [95.33005419999999, 5.475450599999999], [95.3300361, 5.4754439], [95.32997979999999, 5.4754392], [95.3296083, 5.475480599999999], [95.3295654, 5.4754752999999985], [95.3295319, 5.4754566], [95.32950369999999, 5.4754097999999995], [95.32933739999999, 5.4749039], [95.32930660000001, 5.474837099999999], [95.3292784, 5.4748131], [95.3292261, 5.474789099999998], [95.32905979999998, 5.474729], [95.3290343, 5.474707], [95.3290129, 5.474668899999998], [95.3289887, 5.474603499999999], [95.32896189999998, 5.4745181], [95.32891229999998, 5.4741496], [95.32881169999999, 5.473743800000001], [95.32868699999999, 5.473392599999999], [95.3286602, 5.473365900000001], [95.32862529999998, 5.4733579], [95.32809959999999, 5.473563599999999], [95.3280526, 5.4735475], [95.32802049999998, 5.4735248], [95.3278595, 5.472707800000001], [95.32776559999999, 5.472771900000001], [95.3276369, 5.472833299999999], [95.3272238, 5.4729000999999995], [95.32692879999999, 5.4729294], [95.32682419999999, 5.4729722], [95.32671149999999, 5.473084299999999], [95.3266519, 5.4731931000000005], [95.32664579999998, 5.4732338], [95.32665119999999, 5.473265199999999], [95.32667929999998, 5.4733139], [95.3267491, 5.4734153999999995], [95.32676789999998, 5.473492800000001], [95.3267437, 5.473548899999998], [95.32660419999999, 5.473644999999999], [95.3264916, 5.4736956999999995], [95.326446, 5.4737384], [95.3264426, 5.473762500000001], [95.326454, 5.473807899999999], [95.32655599999998, 5.474010799999999], [95.32696100000001, 5.474723699999999], [95.3273016, 5.475220299999999], [95.3274626, 5.475521999999998], [95.3276154, 5.476072000000001], [95.32766369999999, 5.4761948], [95.3277442, 5.4763844], [95.32779109999998, 5.476464499999999], [95.32787019999999, 5.476536600000001], [95.32802310000001, 5.4766246999999995], [95.3283933, 5.476888999999999], [95.32844959999998, 5.476953099999999], [95.3284885, 5.477050599999999], [95.3284979, 5.477156], [95.32845769999999, 5.4776419], [95.3284013, 5.4778716], [95.3284013, 5.478034399999999], [95.3284281, 5.478125199999999], [95.328514, 5.4782534], [95.3286374, 5.478410899999999], [95.32904909999999, 5.4787833], [95.3290732, 5.4788154], [95.32909329999998, 5.478859399999999], [95.32913289999999, 5.4791144], [95.32915839999998, 5.4791765], [95.3291919, 5.4792205], [95.32926569999998, 5.479267899999999], [95.3294085, 5.479317299999999], [95.32945139999998, 5.4793474], [95.32947759999999, 5.479372099999999], [95.32959759999999, 5.479572299999999], [95.32962170000002, 5.479639100000001], [95.32969149999998, 5.4800369], [95.32973969999999, 5.480199799999999], [95.3301019, 5.4808419]]}}, {"type": "Feature", "properties": {"layer": "osm_road", "stroke": "#999999"}, "geometry": {"type": "LineString", "coordinates": [[95.3251612, 5.473163099999999], [95.32544819999998, 5.4730336], [95.3256252, 5.4730015], [95.32577009999999, 5.4730015], [95.3257714, 5.472964199999998], [95.32576469999998, 5.472937400000001], [95.32574329999998, 5.4729054], [95.3256896, 5.4728467], [95.32566279999999, 5.472774599999999], [95.32555279999998, 5.4724087], [95.3254965, 5.4722406], [95.325284, 5.4717146], [95.3252082, 5.4715677], [95.32514039999998, 5.471500299999999], [95.3251096, 5.4714703], [95.32510019999998, 5.4714476], [95.32510019999998, 5.4714296], [95.325117, 5.471398899999998], [95.3252926, 5.471234], [95.3255481, 5.470997699999999]]}}, {"type": "Feature", "properties": {"layer": "osm_road", "stroke": "#999999"}, "geometry": {"type": "LineString", "coordinates": [[95.3364755, 5.4793876], [95.33681409999998, 5.479724499999998]]}}, {"type": "Feature", "properties": {"layer": "osm_road", "stroke": "#999999"}, "geometry": {"type": "LineString", "coordinates": [[95.24655369999999, 5.466699], [95.24671469999998, 5.466223899999999]]}}, {"type": "Feature", "properties": {"layer": "osm_road", "stroke": "#999999"}, "geometry": {"type": "LineString", "coordinates": [[95.24636459999999, 5.454089699999999], [95.2461483, 5.454055600000001]]}}, {"type": "Feature", "properties": {"layer": "osm_road", "stroke": "#999999"}, "geometry": {"type": "LineString", "coordinates": [[95.24614070000001, 5.4541085], [95.2461483, 5.454055600000001], [95.2461688, 5.453890299999999]]}}, {"type": "Feature", "properties": {"layer": "osm_road", "stroke": "#999999"}, "geometry": {"type": "LineString", "coordinates": [[95.24669989999998, 5.4543207], [95.24677189999998, 5.453994600000001]]}}, {"type": "Feature", "properties": {"layer": "osm_road", "stroke": "#999999"}, "geometry": {"type": "LineString", "coordinates": [[95.2454234, 5.456133499999999], [95.24559079999999, 5.454984199999999], [95.24574909999998, 5.453953599999999], [95.24576379999999, 5.4538467]]}}, {"type": "Feature", "properties": {"layer": "osm_road", "stroke": "#999999"}, "geometry": {"type": "LineString", "coordinates": [[95.24447309999998, 5.451663100000001], [95.24456079999999, 5.451954999999999], [95.24489069999998, 5.452493], [95.24492699999999, 5.4525918], [95.24494169999998, 5.452694599999999], [95.2449511, 5.4528669], [95.2448988, 5.453617100000001], [95.244821, 5.4544422], [95.2448234, 5.4544686], [95.2448304, 5.454490299999999], [95.2448545, 5.4545143], [95.24505970000001, 5.4546451000000005], [95.2450762, 5.4546627999999995], [95.2450842, 5.4546805], [95.24508649999999, 5.4546959], [95.2449576, 5.4560479], [95.2449618, 5.4560598], [95.24496970000001, 5.4560708], [95.2449806, 5.4560778], [95.24500069999999, 5.4560843000000006], [95.2454234, 5.456133499999999], [95.24555159999998, 5.4561658999999985]]}}, {"type": "Feature", "properties": {"layer": "osm_road", "stroke": "#999999"}, "geometry": {"type": "LineString", "coordinates": [[95.24857879999999, 5.454014999999999], [95.24830519999999, 5.4540791], [95.2480209, 5.454151199999998], [95.2478197, 5.4542019], [95.24746569999999, 5.4543087], [95.24738469999998, 5.454327599999999]]}}, {"type": "Feature", "properties": {"layer": "osm_road", "stroke": "#999999"}, "geometry": {"type": "LineString", "coordinates": [[95.24700230000002, 5.453422599999999], [95.24702549999999, 5.453200399999999], [95.24702439999999, 5.453188899999999], [95.24701899999998, 5.453178099999998], [95.2470127, 5.453171899999998], [95.2470033, 5.453167200000001], [95.24687859999999, 5.453145200000001]]}}, {"type": "Feature", "properties": {"layer": "osm_road", "stroke": "#999999"}, "geometry": {"type": "LineString", "coordinates": [[95.2468628, 5.4534042], [95.24700230000002, 5.453422599999999], [95.2471385, 5.453436900000001]]}}, {"type": "Feature", "properties": {"layer": "osm_road", "stroke": "#999999"}, "geometry": {"type": "LineString", "coordinates": [[95.24677189999998, 5.453994600000001], [95.2468628, 5.4534042], [95.2468746, 5.4532173], [95.24687859999999, 5.453145200000001], [95.24686049999998, 5.453123], [95.24683590000001, 5.453100199999998], [95.2468089, 5.453085799999999], [95.246771, 5.453076499999999], [95.24636199999999, 5.453035099999999]]}}, {"type": "Feature", "properties": {"layer": "osm_road", "stroke": "#999999"}, "geometry": {"type": "LineString", "coordinates": [[95.24710059999998, 5.4540209], [95.24677189999998, 5.453994600000001], [95.2461688, 5.453890299999999], [95.2458537, 5.453852099999999], [95.24576379999999, 5.4538467]]}}, {"type": "Feature", "properties": {"layer": "osm_road", "stroke": "#999999"}, "geometry": {"type": "LineString", "coordinates": [[95.2463118, 5.454897599999999], [95.2461118, 5.454880799999999], [95.2460956, 5.4548798], [95.24597569999999, 5.4548727], [95.24588179999999, 5.454891399999999]]}}, {"type": "Feature", "properties": {"layer": "osm_road", "stroke": "#999999"}, "geometry": {"type": "LineString", "coordinates": [[95.2449668, 5.4598191], [95.245273, 5.4598611]]}}, {"type": "Feature", "properties": {"layer": "osm_road", "stroke": "#999999"}, "geometry": {"type": "LineString", "coordinates": [[95.24541039999998, 5.4567258], [95.24544459999998, 5.456806499999999], [95.2454665, 5.4568686], [95.24549709999998, 5.4569573], [95.24553349999998, 5.457214100000001], [95.2455324, 5.457357199999999]]}}, {"type": "Feature", "properties": {"layer": "osm_road", "stroke": "#999999"}, "geometry": {"type": "LineString", "coordinates": [[95.2457713, 5.456003699999999], [95.2455996, 5.456111700000001], [95.24555159999998, 5.4561658999999985], [95.2454754, 5.4563142000000004], [95.24543659999999, 5.4564167], [95.2454138, 5.4565235], [95.245405, 5.456615599999998], [95.24541039999998, 5.4567258]]}}, {"type": "Feature", "properties": {"layer": "osm_road", "stroke": "#999999"}, "geometry": {"type": "LineString", "coordinates": [[95.24541039999998, 5.4567258], [95.2454808, 5.4566276], [95.24552509999998, 5.4565375], [95.2455627, 5.456458099999998], [95.24559919999999, 5.456377299999999], [95.2456391, 5.4562658], [95.24566730000001, 5.4561791], [95.2457713, 5.456003699999999]]}}, {"type": "Feature", "properties": {"layer": "osm_road", "stroke": "#999999"}, "geometry": {"type": "LineString", "coordinates": [[95.3528601, 5.483045799999999], [95.35313869999999, 5.482994599999999], [95.3531504, 5.4829915], [95.3531621, 5.4829778], [95.3531608, 5.4826441], [95.35302669999999, 5.480739699999999]]}}, {"type": "Feature", "properties": {"layer": "osm_road", "stroke": "#999999"}, "geometry": {"type": "LineString", "coordinates": [[95.34888839999999, 5.4815670999999995], [95.34883879999998, 5.481586199999998]]}}, {"type": "Feature", "properties": {"layer": "osm_road", "stroke": "#999999"}, "geometry": {"type": "LineString", "coordinates": [[95.3489106, 5.4815604], [95.34888839999999, 5.4815670999999995]]}}, {"type": "Feature", "properties": {"layer": "osm_road", "stroke": "#999999"}, "geometry": {"type": "LineString", "coordinates": [[95.34628129999999, 5.482390699999999], [95.34622759999999, 5.4824138]]}}, {"type": "Feature", "properties": {"layer": "osm_road", "stroke": "#999999"}, "geometry": {"type": "LineString", "coordinates": [[95.34883879999998, 5.481586199999998], [95.34881619999999, 5.481601499999999], [95.34879679999999, 5.481620199999998], [95.34869819999999, 5.481827699999999], [95.34866709999999, 5.4818705], [95.3486225, 5.481899799999998], [95.3485739, 5.481921900000001], [95.34851759999998, 5.481956000000001], [95.34844339999998, 5.4820386999999995], [95.3483915, 5.482106899999999], [95.3483346, 5.482141599999999], [95.34825669999998, 5.4821749], [95.34807829999998, 5.482221700000001], [95.34799859999998, 5.4822316], [95.34781949999999, 5.482193499999999], [95.34736520000001, 5.4821862], [95.34695119999999, 5.4821541], [95.34686469999998, 5.482166099999999], [95.34676339999999, 5.482205500000001], [95.34628129999999, 5.482390699999999]]}}, {"type": "Feature", "properties": {"layer": "osm_road", "stroke": "#999999"}, "geometry": {"type": "LineString", "coordinates": [[95.3409917, 5.4808797], [95.34101109999999, 5.480950699999999]]}}, {"type": "Feature", "properties": {"layer": "osm_road", "stroke": "#999999"}, "geometry": {"type": "LineString", "coordinates": [[95.34013039999999, 5.4797514], [95.34012839999998, 5.479816799999999], [95.3401336, 5.4798613], [95.34014910000002, 5.479907999999999], [95.340178, 5.479937], [95.34020839999998, 5.4799581], [95.34023089999998, 5.4799635], [95.34024979999998, 5.4799621], [95.34039129999998, 5.479923699999999], [95.34047799999999, 5.479908099999999], [95.34050249999999, 5.479907699999998], [95.34054610000001, 5.4799177], [95.3406326, 5.4800015], [95.34075269999998, 5.480145899999998], [95.3409029, 5.4803709], [95.34090749999999, 5.480398299999999], [95.340893, 5.4805388], [95.3408969, 5.4805898], [95.3409917, 5.4808797]]}}, {"type": "Feature", "properties": {"layer": "osm_road", "stroke": "#999999"}, "geometry": {"type": "LineString", "coordinates": [[95.36129189999998, 5.449862999999999], [95.36131, 5.4499198]]}}, {"type": "Feature", "properties": {"layer": "osm_road", "stroke": "#999999"}, "geometry": {"type": "LineString", "coordinates": [[95.3612879, 5.4498370000000005], [95.36129189999998, 5.449862999999999]]}}, {"type": "Feature", "properties": {"layer": "osm_road", "stroke": "#999999"}, "geometry": {"type": "LineString", "coordinates": [[95.36131, 5.4499198], [95.3613137, 5.449928199999999], [95.36138179999999, 5.4500845999999985], [95.3614844, 5.4503056], [95.36156009999999, 5.4504658]]}}, {"type": "Feature", "properties": {"layer": "osm_road", "stroke": "#999999"}, "geometry": {"type": "LineString", "coordinates": [[95.3611701, 5.449862600000001], [95.36106529999999, 5.4496681], [95.3610277, 5.449582699999999], [95.36099549999999, 5.449441099999998], [95.3609848, 5.4491420999999995], [95.36098209999999, 5.448843], [95.3609848, 5.448525300000001], [95.360966, 5.448287699999999]]}}, {"type": "Feature", "properties": {"layer": "osm_road", "stroke": "#999999"}, "geometry": {"type": "LineString", "coordinates": [[95.3656664, 5.449412999999999], [95.36547209999999, 5.449446499999999], [95.3653179, 5.4494999], [95.36512339999999, 5.449554600000001], [95.3649907, 5.4495493], [95.3648552, 5.449513199999999], [95.3647466, 5.449441099999998], [95.364583, 5.4492728999999995], [95.36443009999999, 5.449118099999999], [95.36434559999998, 5.4490473], [95.36425039999999, 5.448984599999999], [95.3641444, 5.448960500000001], [95.3639473, 5.448965899999999], [95.3637327, 5.4490673], [95.3635021, 5.449210199999999], [95.36332909999999, 5.4492743], [95.36319629999998, 5.449299599999999], [95.3628731, 5.4493731], [95.36257, 5.449455799999999], [95.3622481, 5.449555999999999], [95.36188599999998, 5.4496601], [95.3614381, 5.4498109999999995], [95.3612879, 5.4498370000000005], [95.3611701, 5.449862600000001], [95.3610478, 5.449876399999999], [95.3608856, 5.449870999999999], [95.3606589, 5.449801599999999], [95.3605154, 5.4497228], [95.36032769999998, 5.4495933], [95.3598502, 5.4492728999999995], [95.3595525, 5.449085999999999], [95.35942909999999, 5.449029999999999], [95.3593326, 5.4490326], [95.3590804, 5.449085999999999], [95.3587747, 5.4491955], [95.35851719999998, 5.4492676], [95.3581712, 5.449342399999999], [95.3579861, 5.449353], [95.3578493, 5.449338299999999], [95.3577219, 5.4493076], [95.3574738, 5.449199499999999], [95.35723769999998, 5.44909], [95.3571245, 5.449046500000001], [95.35707809999998, 5.4490287], [95.3568676, 5.449013900000001], [95.3566584, 5.4490553], [95.3563861, 5.4491941], [95.3562708, 5.4492622], [95.35618899999999, 5.4493143], [95.3561112, 5.449353], [95.35593419999998, 5.449446499999999], [95.35567669999999, 5.449613399999999], [95.35520059999999, 5.449872399999999], [95.35502489999999, 5.449995199999999], [95.3549565, 5.450081999999999], [95.3549136, 5.450214099999999], [95.3549096, 5.450387699999999], [95.3549029, 5.4509244], [95.3548895, 5.4515612], [95.35486799999998, 5.451742799999999], [95.35481569999999, 5.451898999999999], [95.3547339, 5.4520325], [95.35463329999999, 5.452135299999999], [95.3545059, 5.4522194], [95.3542323, 5.452300799999999], [95.35402849999998, 5.452352899999999], [95.3538716, 5.452396900000001], [95.3537562, 5.4524343], [95.35366099999999, 5.4524984], [95.353606, 5.4525597999999995], [95.35354570000001, 5.4526718999999995], [95.35351619999999, 5.4528869], [95.35352069999999, 5.453049699999999], [95.35352689999999, 5.453275399999999], [95.35350809999998, 5.4537547], [95.35344509999999, 5.4539242], [95.35334589999998, 5.4541098], [95.3531648, 5.4542953], [95.35290459999999, 5.4544315], [95.3525425, 5.454597100000001], [95.3523374, 5.4546852], [95.35225849999999, 5.4547208], [95.35194169999998, 5.4548641], [95.351581, 5.4550082999999985], [95.35011919999998, 5.4555128999999996], [95.349462, 5.4557398]]}}, {"type": "Feature", "properties": {"layer": "osm_road", "stroke": "#999999"}, "geometry": {"type": "LineString", "coordinates": [[95.3434241, 5.479209799999999], [95.3434643, 5.4792712], [95.3435475, 5.4794928999999994], [95.3437111, 5.4797772], [95.3438187, 5.480066300000001], [95.34394439999998, 5.4803419], [95.34407989999998, 5.480679599999999], [95.3441335, 5.4808412], [95.3443762, 5.4813791], [95.3445023, 5.4816794999999985], [95.34454789999998, 5.481833099999999], [95.3445565, 5.4819056999999995], [95.3445815, 5.4821655], [95.34460309999999, 5.4823076], [95.3447558, 5.482664699999999], [95.3449395, 5.4830773]]}}, {"type": "Feature", "properties": {"layer": "osm_road", "stroke": "#999999"}, "geometry": {"type": "LineString", "coordinates": [[95.3433691, 5.479131099999999], [95.3434241, 5.479209799999999]]}}, {"type": "Feature", "properties": {"layer": "osm_road", "stroke": "#999999"}, "geometry": {"type": "LineString", "coordinates": [[95.3410741, 5.4742484], [95.34112039999998, 5.4743206]]}}, {"type": "Feature", "properties": {"layer": "osm_road", "stroke": "#999999"}, "geometry": {"type": "LineString", "coordinates": [[95.34105329999998, 5.474205], [95.3410741, 5.4742484]]}}, {"type": "Feature", "properties": {"layer": "osm_road", "stroke": "#999999"}, "geometry": {"type": "LineString", "coordinates": [[95.33792589999999, 5.4765686], [95.337955, 5.476693000000001], [95.3380359, 5.4768877]]}}, {"type": "Feature", "properties": {"layer": "osm_road", "stroke": "#999999"}, "geometry": {"type": "LineString", "coordinates": [[95.3379111, 5.4764591], [95.33792589999999, 5.4765686]]}}, {"type": "Feature", "properties": {"layer": "osm_road", "stroke": "#999999"}, "geometry": {"type": "LineString", "coordinates": [[95.35099219999998, 5.470800100000001], [95.35098950000001, 5.4707414]]}}, {"type": "Feature", "properties": {"layer": "osm_road", "stroke": "#999999"}, "geometry": {"type": "LineString", "coordinates": [[95.3509942, 5.4708524999999995], [95.35099219999998, 5.470800100000001]]}}, {"type": "Feature", "properties": {"layer": "osm_road", "stroke": "#999999"}, "geometry": {"type": "LineString", "coordinates": [[95.3502704, 5.470864399999999], [95.3502657, 5.4708247]]}}, {"type": "Feature", "properties": {"layer": "osm_road", "stroke": "#999999"}, "geometry": {"type": "LineString", "coordinates": [[95.3502801, 5.4709216], [95.3502704, 5.470864399999999]]}}, {"type": "Feature", "properties": {"layer": "osm_road", "stroke": "#999999"}, "geometry": {"type": "LineString", "coordinates": [[95.35024559999998, 5.4706569], [95.350966, 5.470502]]}}, {"type": "Feature", "properties": {"layer": "osm_road", "stroke": "#999999"}, "geometry": {"type": "LineString", "coordinates": [[95.3502657, 5.4708247], [95.35024559999998, 5.4706569], [95.3501205, 5.469830899999999], [95.35012249999998, 5.4697935], [95.3501312, 5.4697608], [95.350148, 5.4697458], [95.35017149999999, 5.469732799999999], [95.35079849999998, 5.4696681]]}}, {"type": "Feature", "properties": {"layer": "osm_road", "stroke": "#999999"}, "geometry": {"type": "LineString", "coordinates": [[95.34998369999998, 5.4709109], [95.34999109999998, 5.4709583]]}}, {"type": "Feature", "properties": {"layer": "osm_road", "stroke": "#999999"}, "geometry": {"type": "LineString", "coordinates": [[95.34997169999998, 5.4708521999999995], [95.34998369999998, 5.4709109]]}}, {"type": "Feature", "properties": {"layer": "osm_road", "stroke": "#999999"}, "geometry": {"type": "LineString", "coordinates": [[95.3465847, 5.4715858], [95.3465579, 5.4715277]]}}, {"type": "Feature", "properties": {"layer": "osm_road", "stroke": "#999999"}, "geometry": {"type": "LineString", "coordinates": [[95.3466041, 5.471638499999999], [95.3465847, 5.4715858]]}}, {"type": "Feature", "properties": {"layer": "osm_road", "stroke": "#999999"}, "geometry": {"type": "LineString", "coordinates": [[95.34512979999998, 5.4722652], [95.3451073, 5.472205899999999]]}}, {"type": "Feature", "properties": {"layer": "osm_road", "stroke": "#999999"}, "geometry": {"type": "LineString", "coordinates": [[95.3451444, 5.4723023999999985], [95.34512979999998, 5.4722652]]}}, {"type": "Feature", "properties": {"layer": "osm_road", "stroke": "#999999"}, "geometry": {"type": "LineString", "coordinates": [[95.3451073, 5.472205899999999], [95.3450814, 5.472077099999998], [95.3450511, 5.4713861999999995], [95.3450577, 5.471325600000001], [95.34506620000002, 5.4712964], [95.34507489999999, 5.4712814], [95.34508369999999, 5.471272], [95.3450991, 5.471263199999999], [95.34515780000001, 5.471237999999998], [95.3452302, 5.471201999999999], [95.3453328, 5.4711379], [95.34539979999998, 5.471088499999999], [95.345436, 5.4710364], [95.3454535, 5.4709857], [95.3454843, 5.470943599999999], [95.3455272, 5.470916899999999], [95.3457304, 5.4708521999999995], [95.34594359999998, 5.470750700000001], [95.3459617, 5.4707247], [95.3459651, 5.4706873], [95.34595369999998, 5.470635299999999], [95.34595969999998, 5.470612599999999], [95.34597779999999, 5.470583899999999], [95.3460145, 5.4705603]]}}, {"type": "Feature", "properties": {"layer": "osm_road", "stroke": "#999999"}, "geometry": {"type": "LineString", "coordinates": [[95.34324469999999, 5.4729815], [95.3432172, 5.472922099999999]]}}, {"type": "Feature", "properties": {"layer": "osm_road", "stroke": "#999999"}, "geometry": {"type": "LineString", "coordinates": [[95.34328819999999, 5.4730484], [95.34324469999999, 5.4729815]]}}, {"type": "Feature", "properties": {"layer": "osm_road", "stroke": "#999999"}, "geometry": {"type": "LineString", "coordinates": [[95.3495293, 5.471701599999999], [95.3495641, 5.4716846]]}}, {"type": "Feature", "properties": {"layer": "osm_road", "stroke": "#999999"}, "geometry": {"type": "LineString", "coordinates": [[95.35098499999998, 5.4710688], [95.35103379999998, 5.4714116]]}}, {"type": "Feature", "properties": {"layer": "osm_road", "stroke": "#999999"}, "geometry": {"type": "LineString", "coordinates": [[95.35097679999998, 5.470998599999999], [95.35098499999998, 5.4710688]]}}, {"type": "Feature", "properties": {"layer": "osm_road", "stroke": "#999999"}, "geometry": {"type": "LineString", "coordinates": [[95.3509547, 5.470856499999999], [95.35097679999998, 5.470998599999999]]}}, {"type": "Feature", "properties": {"layer": "osm_road", "stroke": "#999999"}, "geometry": {"type": "LineString", "coordinates": [[95.34781949999999, 5.482193499999999], [95.3477642, 5.4817350000000005], [95.34776209999998, 5.481668799999999], [95.3473726, 5.4816842], [95.3473283, 5.4816642], [95.34730019999999, 5.481634799999998], [95.34719419999999, 5.481170299999999], [95.34715399999999, 5.481030099999999]]}}, {"type": "Feature", "properties": {"layer": "osm_road", "stroke": "#999999"}, "geometry": {"type": "LineString", "coordinates": [[95.34873769999999, 5.4709797], [95.34869090000001, 5.470595899999999]]}}, {"type": "Feature", "properties": {"layer": "osm_road", "stroke": "#999999"}, "geometry": {"type": "LineString", "coordinates": [[95.34874389999999, 5.471030599999999], [95.34873769999999, 5.4709797]]}}, {"type": "Feature", "properties": {"layer": "osm_road", "stroke": "#999999"}, "geometry": {"type": "LineString", "coordinates": [[95.34875119999998, 5.4711165], [95.34874389999999, 5.471030599999999]]}}, {"type": "Feature", "properties": {"layer": "osm_road", "stroke": "#999999"}, "geometry": {"type": "LineString", "coordinates": [[95.344973, 5.472361599999998], [95.3451444, 5.4723023999999985], [95.3452212, 5.472274499999999], [95.3454617, 5.472185200000001], [95.3457238, 5.4720782], [95.3458303, 5.472042999999999], [95.3460945, 5.471888099999998], [95.346301, 5.471776], [95.34642849999999, 5.4717146], [95.3466041, 5.471638499999999], [95.3469072, 5.4715343999999995], [95.3471607, 5.471436899999999], [95.3473458, 5.4713608], [95.34748259999999, 5.471316799999999], [95.34767169999999, 5.471269999999998], [95.3480659, 5.471201999999999], [95.34844679999999, 5.4711498999999995], [95.3485635, 5.4711339], [95.34875119999998, 5.4711165], [95.34912539999999, 5.4710818], [95.34929979999998, 5.4710738], [95.3494406, 5.471057100000001], [95.3497235, 5.4710084], [95.34999109999998, 5.4709583], [95.3502801, 5.4709216], [95.3509547, 5.470856499999999], [95.3509942, 5.4708524999999995], [95.351758, 5.470745399999999], [95.3522987, 5.470645499999999], [95.35258210000002, 5.470593199999999], [95.35328819999998, 5.4704771], [95.35366569999998, 5.4703983], [95.35405129999998, 5.4702994], [95.3542208, 5.470255899999999], [95.35435369999999, 5.470217399999999], [95.3551385, 5.4700282], [95.35533219999999, 5.469974599999999], [95.3555415, 5.4698939], [95.356006, 5.469651999999998], [95.35645519999998, 5.469477699999999], [95.35697719999999, 5.469305800000001], [95.35715999999998, 5.4692675], [95.35735010000002, 5.469237800000001], [95.35763669999999, 5.469211500000001], [95.35847829999999, 5.469173399999999], [95.35868279999998, 5.469148700000001], [95.3588732, 5.4691154], [95.3592259, 5.4690206], [95.35933269999998, 5.468995699999999], [95.3594536, 5.4689675], [95.3595465, 5.4689525], [95.3596806, 5.4689378], [95.35984149999999, 5.4689328999999995], [95.3604927, 5.4689255999999995], [95.3613436, 5.468894299999999], [95.3614514, 5.4688863], [95.3617271, 5.468856400000001], [95.36188129999998, 5.4688229999999995], [95.36205669999998, 5.4687739], [95.3623399, 5.4686439], [95.3627188, 5.468433199999999], [95.3629703, 5.468311699999999], [95.3632613, 5.468193699999999], [95.3636207, 5.468048], [95.3638159, 5.467986600000001], [95.364011, 5.467939199999998], [95.3642245, 5.467911599999999], [95.3644422, 5.467905199999999], [95.3645581, 5.467909699999999], [95.36503489999998, 5.4679364], [95.3651351, 5.4679499], [95.3655345, 5.468015], [95.36560759999999, 5.468024], [95.36577249999999, 5.468028699999999], [95.36633301628903, 5.468022967912329]]}}, {"type": "Feature", "properties": {"layer": "osm_road", "stroke": "#999999"}, "geometry": {"type": "LineString", "coordinates": [[95.344858, 5.472394099999998], [95.344973, 5.472361599999998]]}}, {"type": "Feature", "properties": {"layer": "osm_road", "stroke": "#999999"}, "geometry": {"type": "LineString", "coordinates": [[95.34010509999999, 5.4719542], [95.33983689999998, 5.471225699999999]]}}, {"type": "Feature", "properties": {"layer": "osm_road", "stroke": "#999999"}, "geometry": {"type": "LineString", "coordinates": [[95.3414221, 5.470832199999999], [95.34141509999999, 5.471189699999999], [95.3414288, 5.4713475], [95.3414762, 5.4714993]]}}, {"type": "Feature", "properties": {"layer": "osm_road", "stroke": "#999999"}, "geometry": {"type": "LineString", "coordinates": [[95.33783469999999, 5.4758450000000005], [95.33759059999998, 5.4758937], [95.3375483, 5.4758977999999985], [95.33751879999998, 5.475889099999999], [95.337488, 5.4758637], [95.3372677, 5.475478300000001], [95.3372509, 5.4754673], [95.3372294, 5.475462900000001], [95.33720429999998, 5.475464], [95.33669609999998, 5.475618099999999]]}}, {"type": "Feature", "properties": {"layer": "osm_road", "stroke": "#999999"}, "geometry": {"type": "LineString", "coordinates": [[95.3537016, 5.4639025000000006], [95.35375089999998, 5.464298699999999], [95.3537723, 5.4644121], [95.35406639999998, 5.465286200000001], [95.3542102, 5.4658379], [95.3543369, 5.4664827], [95.354321, 5.4665343], [95.3543074, 5.4665627], [95.3542887, 5.4665855], [95.3533411, 5.4668612], [95.35312119999999, 5.4669032999999985], [95.3528986, 5.466954599999999]]}}, {"type": "Feature", "properties": {"layer": "osm_road", "stroke": "#999999"}, "geometry": {"type": "LineString", "coordinates": [[95.3438549, 5.468664099999998], [95.34364049999999, 5.4687048]]}}, {"type": "Feature", "properties": {"layer": "osm_road", "stroke": "#999999"}, "geometry": {"type": "LineString", "coordinates": [[95.3439783, 5.468630800000001], [95.3438549, 5.468664099999998]]}}, {"type": "Feature", "properties": {"layer": "osm_road", "stroke": "#999999"}, "geometry": {"type": "LineString", "coordinates": [[95.3529053, 5.4613056], [95.352448, 5.4608336], [95.35240839999999, 5.460784899999999], [95.3523722, 5.4607302], [95.3522931, 5.4605479], [95.35226359999999, 5.4604952], [95.35189409999998, 5.4600179], [95.3518809, 5.4599968], [95.35165609999999, 5.459638099999999], [95.3515032, 5.4594138], [95.3513825, 5.4591789], [95.3512913, 5.4589145], [95.3511143, 5.4578438999999985]]}}, {"type": "Feature", "properties": {"layer": "osm_road", "stroke": "#999999"}, "geometry": {"type": "LineString", "coordinates": [[95.3529368, 5.4613749], [95.3529053, 5.4613056]]}}, {"type": "Feature", "properties": {"layer": "osm_road", "stroke": "#999999"}, "geometry": {"type": "LineString", "coordinates": [[95.3193299, 5.4799549999999995], [95.3195914, 5.479944199999999], [95.31970809999999, 5.479909500000001], [95.3198153, 5.4798642], [95.32003119999999, 5.4797386999999995]]}}, {"type": "Feature", "properties": {"layer": "osm_road", "stroke": "#999999"}, "geometry": {"type": "LineString", "coordinates": [[95.3091328, 5.491419], [95.30915309999999, 5.491224600000001], [95.30915779999998, 5.491109699999999], [95.30915909999999, 5.490933499999999], [95.30915179999998, 5.490751], [95.3091565, 5.4906979], [95.30922219999998, 5.490286799999999], [95.30924429999999, 5.490208], [95.3092574, 5.4901823], [95.3095611, 5.4897822000000005], [95.3097973, 5.4894412], [95.30999439999998, 5.489165399999999], [95.31013629999998, 5.4889669], [95.3103283, 5.4886984], [95.31068429999999, 5.488194199999998], [95.3107212, 5.488128099999999], [95.3107614, 5.4880424], [95.31091199999999, 5.487691599999999], [95.3110635, 5.4874393], [95.3111341, 5.487334799999999], [95.3111621, 5.4872794], [95.3111818, 5.4872431], [95.31134410000001, 5.487055499999999], [95.3113715, 5.4870283], [95.31146279999999, 5.4869601], [95.31158369999999, 5.4868667]]}}, {"type": "Feature", "properties": {"layer": "osm_road", "stroke": "#999999"}, "geometry": {"type": "LineString", "coordinates": [[95.36071699999998, 5.4710719999999995], [95.3607771, 5.471065099999998], [95.3608316, 5.471061799999999], [95.3608695, 5.471061099999999], [95.36088669999998, 5.4710608], [95.3609083, 5.4710604], [95.36093079999999, 5.471058499999999], [95.36094149999998, 5.471058199999999], [95.3609548, 5.4710592], [95.36096759999998, 5.4710596], [95.3609828, 5.4710602999999995], [95.3610001, 5.471061500000001], [95.3610157, 5.471061799999999], [95.36104049999999, 5.471062299999999], [95.3610788, 5.4710634], [95.3611156, 5.471066499999999], [95.36114880000001, 5.4710678], [95.36118529999999, 5.471065499999999]]}}, {"type": "Feature", "properties": {"layer": "osm_road", "stroke": "#999999"}, "geometry": {"type": "LineString", "coordinates": [[95.36325389999999, 5.4706171999999995], [95.3632207, 5.4703792]]}}, {"type": "Feature", "properties": {"layer": "osm_road", "stroke": "#999999"}, "geometry": {"type": "LineString", "coordinates": [[95.3645665, 5.4680279], [95.3645581, 5.467909699999999]]}}, {"type": "Feature", "properties": {"layer": "osm_road", "stroke": "#999999"}, "geometry": {"type": "LineString", "coordinates": [[95.3645756, 5.468212199999999], [95.36456989999999, 5.468134200000001], [95.364569, 5.4681221]]}}, {"type": "Feature", "properties": {"layer": "osm_road", "stroke": "#999999"}, "geometry": {"type": "LineString", "coordinates": [[95.364569, 5.4681221], [95.3645665, 5.4680279]]}}, {"type": "Feature", "properties": {"layer": "osm_road", "stroke": "#999999"}, "geometry": {"type": "LineString", "coordinates": [[95.36140229999998, 5.469154799999999], [95.3616205, 5.469112], [95.3618056, 5.4690712999999995], [95.361932, 5.4690529], [95.36203130000001, 5.469033], [95.3622119, 5.4689738], [95.3622924, 5.4689378], [95.3624641, 5.468859599999998], [95.36257, 5.4687602], [95.36285830000001, 5.468589399999999], [95.3633606, 5.4683905], [95.36387019999998, 5.468164799999999], [95.3639607, 5.468138099999999], [95.36406129999999, 5.468119399999999], [95.36456989999999, 5.468134200000001]]}}, {"type": "Feature", "properties": {"layer": "osm_road", "stroke": "#999999"}, "geometry": {"type": "LineString", "coordinates": [[95.2470432, 5.497480799999998], [95.24702749999999, 5.497458199999999], [95.2466722, 5.4967348000000005], [95.2458858, 5.4956252], [95.2448519, 5.4944513], [95.2447629, 5.4943574], [95.2438612, 5.493405799999999], [95.2437886, 5.493423900000001], [95.2434858, 5.493491099999999], [95.24320899999998, 5.493523999999999], [95.2430898, 5.493530699999999], [95.2428174, 5.4935453], [95.24207499999999, 5.493574099999999], [95.24113829999999, 5.4936221], [95.24070259999999, 5.493652599999999], [95.24064659999999, 5.493655800000001], [95.24056887651231, 5.493656374002219]]}}, {"type": "Feature", "properties": {"layer": "osm_road", "stroke": "#999999"}, "geometry": {"type": "LineString", "coordinates": [[95.24714379999999, 5.4975955], [95.2470432, 5.497480799999998]]}}, {"type": "Feature", "properties": {"layer": "osm_road", "stroke": "#999999"}, "geometry": {"type": "LineString", "coordinates": [[95.2484214, 5.4993153], [95.24830389999998, 5.4996861], [95.2482542, 5.499751500000001], [95.248151, 5.4997902], [95.24790419999998, 5.499820899999999], [95.2472584, 5.499876200000001]]}}, {"type": "Feature", "properties": {"layer": "osm_road", "stroke": "#999999"}, "geometry": {"type": "LineString", "coordinates": [[95.2428282, 5.4250708], [95.24221660000002, 5.425958599999999], [95.241656, 5.4268705], [95.24159699999998, 5.427035999999999], [95.24158219999998, 5.4271241], [95.2415836, 5.427206899999998], [95.24161639999998, 5.427338499999999]]}}, {"type": "Feature", "properties": {"layer": "osm_road", "stroke": "#999999"}, "geometry": {"type": "LineString", "coordinates": [[95.24304469999998, 5.424729599999999], [95.2428282, 5.4250708]]}}, {"type": "Feature", "properties": {"layer": "osm_road", "stroke": "#999999"}, "geometry": {"type": "LineString", "coordinates": [[95.36118529999999, 5.471065499999999], [95.3612426, 5.4710671], [95.3612983, 5.471064999999999], [95.36132280000001, 5.471061099999999], [95.3613461, 5.471055300000001], [95.3613622, 5.4710449], [95.36137119999998, 5.4710302], [95.36137459999999, 5.4710126], [95.36136429999999, 5.470851499999999], [95.36134090000002, 5.4706853], [95.3613233, 5.470583500000001], [95.3613288, 5.4705414999999995], [95.3613399, 5.470496899999999], [95.3613576, 5.470446], [95.3614022, 5.470362999999999], [95.3614331, 5.470313999999999]]}}, {"type": "Feature", "properties": {"layer": "osm_road", "stroke": "#999999"}, "geometry": {"type": "LineString", "coordinates": [[95.36612089999998, 5.474535700000001], [95.36614249999998, 5.474762100000001], [95.3661548, 5.4748918]]}}, {"type": "Feature", "properties": {"layer": "osm_road", "stroke": "#999999"}, "geometry": {"type": "LineString", "coordinates": [[95.3656332, 5.4745652], [95.365585, 5.474037299999999], [95.3655809, 5.4740033], [95.36557769999999, 5.473980599999999], [95.3655714, 5.4739567], [95.3655642, 5.4739504], [95.3655566, 5.473946], [95.3655333, 5.4739462], [95.36547280000002, 5.473944699999999], [95.36546299999999, 5.473942899999999], [95.36545470000002, 5.473939399999999], [95.36544719999999, 5.4739307], [95.36544199999999, 5.4739213], [95.3654353, 5.473889], [95.3654493, 5.4734648]]}}, {"type": "Feature", "properties": {"layer": "osm_road", "stroke": "#999999"}, "geometry": {"type": "LineString", "coordinates": [[95.36633301628903, 5.473830669801605], [95.36627679999998, 5.473629999999999], [95.366256, 5.4735684], [95.3662481, 5.473556100000001], [95.3662399, 5.4735472], [95.36621909999998, 5.473537], [95.36618690000002, 5.4735285], [95.366178, 5.4735233], [95.3661702, 5.473517499999999], [95.3661554, 5.4735018], [95.36611589999998, 5.4734394], [95.3659992, 5.4732105], [95.3659482, 5.4730736], [95.36592810000002, 5.472985499999999], [95.365916, 5.472902699999999], [95.3659177, 5.472677799999999], [95.3659227, 5.4726494], [95.36593719999999, 5.4726147], [95.36596029999998, 5.472592], [95.3659888, 5.4725782999999995], [95.3660823, 5.472562299999999], [95.36617809999998, 5.4725565], [95.3662052, 5.4725453], [95.3662312, 5.472531599999999], [95.36624259999999, 5.472514899999998], [95.3662553, 5.472482900000001], [95.366256, 5.472410099999999], [95.3661548, 5.4719305], [95.3661492, 5.4718792999999994], [95.3661556, 5.471847399999999], [95.36617040000002, 5.4718226], [95.3662406, 5.4717687], [95.36631769999998, 5.471723899999998], [95.36633301628903, 5.471694818438556]]}}, {"type": "Feature", "properties": {"layer": "osm_road", "stroke": "#999999"}, "geometry": {"type": "LineString", "coordinates": [[95.36633301628903, 5.471623341558981], [95.36631839999998, 5.471587099999999], [95.3661856, 5.4713041], [95.36615739999999, 5.471217300000001], [95.3661393, 5.471119899999999], [95.3660998, 5.4707214]]}}, {"type": "Feature", "properties": {"layer": "osm_road", "stroke": "#999999"}, "geometry": {"type": "LineString", "coordinates": [[95.3589081, 5.472875], [95.3588514, 5.473016900000001], [95.35885180000001, 5.4730569], [95.3588571, 5.4731037], [95.35888399999999, 5.473170399999999], [95.3590121, 5.473313299999999]]}}, {"type": "Feature", "properties": {"layer": "osm_road", "stroke": "#999999"}, "geometry": {"type": "LineString", "coordinates": [[95.35459389999998, 5.4764099], [95.354613, 5.4763902], [95.35464169999999, 5.4763737], [95.35467139999999, 5.4763652], [95.3550732, 5.4763283], [95.355095, 5.476312599999999], [95.35512020000002, 5.476278300000001], [95.3551262, 5.476248199999999], [95.3550075, 5.475764999999999], [95.35480629999999, 5.474881199999998], [95.35479830000001, 5.474743], [95.3547996, 5.474611499999999], [95.35474999999998, 5.474133599999999], [95.3545448, 5.473289899999999], [95.35447309999999, 5.473101299999999], [95.35445599999998, 5.4730786], [95.35434829999998, 5.472984799999999], [95.3543369, 5.472969199999999], [95.3543309, 5.472952799999999], [95.3542022, 5.4724341999999995], [95.3541569, 5.4721835], [95.3541418, 5.4721371], [95.35407069999998, 5.472021799999999], [95.35405930000002, 5.472018800000001], [95.35403689999998, 5.4720182999999984], [95.35396879999999, 5.4720382999999995]]}}, {"type": "Feature", "properties": {"layer": "osm_road", "stroke": "#999999"}, "geometry": {"type": "LineString", "coordinates": [[95.3545178, 5.4859256], [95.354495, 5.485906899999999], [95.35448089999998, 5.4858902], [95.3544734, 5.485876], [95.35446640000002, 5.485848299999999], [95.3544643, 5.4857101], [95.35446139999999, 5.485698199999999], [95.35445510000001, 5.485688799999999], [95.35444489999999, 5.4856826000000005], [95.3544279, 5.485679599999998], [95.35394059999999, 5.485703900000001], [95.35392079999998, 5.485713499999999], [95.35391519999999, 5.485732499999999], [95.3539158, 5.485910799999999]]}}, {"type": "Feature", "properties": {"layer": "osm_road", "stroke": "#999999"}, "geometry": {"type": "LineString", "coordinates": [[95.2463661, 5.499831799999999], [95.2463432, 5.4997701], [95.24628949999999, 5.499687400000001], [95.24614999999999, 5.4995139]]}}, {"type": "Feature", "properties": {"layer": "osm_road", "stroke": "#999999"}, "geometry": {"type": "LineString", "coordinates": [[95.3622185, 5.4641293], [95.36226489999999, 5.4643167], [95.36235269999999, 5.464649799999999]]}}, {"type": "Feature", "properties": {"layer": "osm_road", "stroke": "#999999"}, "geometry": {"type": "LineString", "coordinates": [[95.3639391, 5.463729799999999], [95.36384139999998, 5.463288099999999]]}}, {"type": "Feature", "properties": {"layer": "osm_road", "stroke": "#999999"}, "geometry": {"type": "LineString", "coordinates": [[95.3568624, 5.4689742], [95.35685199999999, 5.468934399999998]]}}, {"type": "Feature", "properties": {"layer": "osm_road", "stroke": "#999999"}, "geometry": {"type": "LineString", "coordinates": [[95.35697719999999, 5.469305800000001], [95.356869, 5.468993199999999], [95.3568624, 5.4689742]]}}, {"type": "Feature", "properties": {"layer": "osm_road", "stroke": "#999999"}, "geometry": {"type": "LineString", "coordinates": [[95.3616024, 5.465849500000001], [95.3609486, 5.465687099999999], [95.36072999999999, 5.4656243], [95.36060529999999, 5.465586899999999], [95.36028939999998, 5.4654788], [95.36027819999998, 5.4654691], [95.36026999999999, 5.465454800000001]]}}, {"type": "Feature", "properties": {"layer": "osm_road", "stroke": "#999999"}, "geometry": {"type": "LineString", "coordinates": [[95.36151269999999, 5.4698711], [95.3621355, 5.4696853999999995]]}}, {"type": "Feature", "properties": {"layer": "osm_road", "stroke": "#999999"}, "geometry": {"type": "LineString", "coordinates": [[95.36203130000001, 5.469033], [95.3620912, 5.4692736], [95.36211869999998, 5.469328299999999], [95.3622106, 5.469485200000001]]}}, {"type": "Feature", "properties": {"layer": "osm_road", "stroke": "#999999"}, "geometry": {"type": "LineString", "coordinates": [[95.3651549, 5.4681232], [95.3651851, 5.468387799999999]]}}, {"type": "Feature", "properties": {"layer": "osm_road", "stroke": "#999999"}, "geometry": {"type": "LineString", "coordinates": [[95.3651456, 5.4680415], [95.3651549, 5.4681232]]}}, {"type": "Feature", "properties": {"layer": "osm_road", "stroke": "#999999"}, "geometry": {"type": "LineString", "coordinates": [[95.3651351, 5.4679499], [95.3651456, 5.4680415]]}}, {"type": "Feature", "properties": {"layer": "osm_road", "stroke": "#999999"}, "geometry": {"type": "LineString", "coordinates": [[95.3271047, 5.4999767], [95.32688207271897, 5.50008673722183]]}}, {"type": "Feature", "properties": {"layer": "osm_road", "stroke": "#999999"}, "geometry": {"type": "LineString", "coordinates": [[95.32508489221371, 5.50008673722183], [95.32508209999999, 5.5000131], [95.3250915, 5.499959699999998], [95.3251719, 5.4998021999999995]]}}, {"type": "Feature", "properties": {"layer": "osm_road", "stroke": "#999999"}, "geometry": {"type": "LineString", "coordinates": [[95.3250325, 5.499174799999999], [95.3252378, 5.499158799999999], [95.32554209999999, 5.499057299999998]]}}, {"type": "Feature", "properties": {"layer": "osm_road", "stroke": "#999999"}, "geometry": {"type": "LineString", "coordinates": [[95.2734166, 5.4981765], [95.2738506, 5.498314899999999], [95.2739364, 5.4984164], [95.2740222, 5.498619299999998], [95.2740812, 5.498731500000001], [95.27452109999999, 5.499137299999999], [95.27489659999999, 5.499404299999999], [95.27507899999999, 5.499495099999999], [95.2754438, 5.4995912], [95.275814, 5.4997354], [95.27594809999998, 5.4998048], [95.27618409999998, 5.499975699999999], [95.27637197124353, 5.50008673722183]]}}, {"type": "Feature", "properties": {"layer": "osm_road", "stroke": "#999999"}, "geometry": {"type": "LineString", "coordinates": [[95.2799962, 5.495986699999999], [95.2790916, 5.495986699999999], [95.2786947, 5.4958692], [95.2784264, 5.495751799999999], [95.2780778, 5.4955595], [95.2778954, 5.4954152999999994], [95.27772909999999, 5.495233799999999], [95.27734819999999, 5.494699800000001], [95.2772677, 5.494560899999999], [95.2770478, 5.494235199999999]]}}, {"type": "Feature", "properties": {"layer": "osm_road", "stroke": "#999999"}, "geometry": {"type": "LineString", "coordinates": [[95.3418096, 5.497426799999999], [95.34183379999999, 5.4973993], [95.3418794, 5.4973539], [95.341917, 5.497332599999999], [95.3421533, 5.497297100000001], [95.34245069999999, 5.497252499999999], [95.3425138, 5.4972565], [95.3425433, 5.497271199999999], [95.34255669999999, 5.497305899999999], [95.3425714, 5.497363300000001], [95.34259559999998, 5.497386], [95.3426304, 5.497387299999999], [95.3429027, 5.4973806], [95.34294019999999, 5.4973619], [95.34295369999998, 5.497329900000001], [95.3428739, 5.4967895], [95.3428343, 5.496520899999999], [95.3428128, 5.496482199999999], [95.34278469999998, 5.4964689], [95.3427216, 5.496455500000001], [95.34268679999998, 5.496435499999999], [95.34266399999998, 5.496410100000001], [95.342632, 5.4962542], [95.3425916, 5.496057699999999], [95.3425916, 5.496015000000001], [95.34261419999999, 5.4959766], [95.34264119999999, 5.4959309], [95.34264919999998, 5.4958815], [95.34264789999999, 5.4958348], [95.3426306, 5.4957024], [95.34261419999999, 5.495577399999999]]}}, {"type": "Feature", "properties": {"layer": "osm_road", "stroke": "#999999"}, "geometry": {"type": "LineString", "coordinates": [[95.3375068, 5.4978899], [95.3379956, 5.4978111], [95.3380626, 5.497792499999999], [95.33808609999998, 5.497769099999999], [95.33809019999998, 5.497724599999999], [95.33804859999998, 5.497527799999999]]}}, {"type": "Feature", "properties": {"layer": "osm_road", "stroke": "#999999"}, "geometry": {"type": "LineString", "coordinates": [[95.26079619999999, 5.4902587], [95.26091289999998, 5.4902574], [95.2609666, 5.4902359999999994], [95.260992, 5.4901893], [95.2609961, 5.4901332], [95.2609887, 5.4900404], [95.2610142, 5.4900123999999995], [95.2610605, 5.4899808]]}}, {"type": "Feature", "properties": {"layer": "osm_road", "stroke": "#999999"}, "geometry": {"type": "LineString", "coordinates": [[95.268701, 5.489678499999999], [95.2687398, 5.489580899999999], [95.2687624, 5.489515100000001], [95.2688456, 5.489250099999999], [95.2689596, 5.4888543], [95.269036, 5.488603399999999], [95.2691849, 5.4882309], [95.26925589999999, 5.488059999999999], [95.2693927, 5.487838399999999], [95.26962739999999, 5.4874673], [95.26981920000001, 5.4871816], [95.2698755, 5.4870481], [95.26991579999999, 5.486883899999999], [95.26992379999999, 5.486767799999999], [95.2699077, 5.4866717], [95.26985409999999, 5.486490100000001], [95.2697818, 5.486299299999999]]}}, {"type": "Feature", "properties": {"layer": "osm_road", "stroke": "#999999"}, "geometry": {"type": "LineString", "coordinates": [[95.2472385, 5.499590399999999], [95.2472584, 5.499876200000001], [95.24727309769513, 5.50008673722183]]}}, {"type": "Feature", "properties": {"layer": "osm_road", "stroke": "#999999"}, "geometry": {"type": "LineString", "coordinates": [[95.24694529999998, 5.478224], [95.24700430000001, 5.478097199999999], [95.24702039999998, 5.4780384], [95.24703379999998, 5.4778916], [95.2469909, 5.4776112], [95.24698959999999, 5.4775792], [95.24700569999999, 5.4775472], [95.2471076, 5.4774844], [95.2471223, 5.4774444], [95.2471116, 5.477393600000001], [95.24701639999999, 5.477193399999999], [95.2470016, 5.477177999999999], [95.24698519999998, 5.4771703999999986], [95.2469661, 5.4771687], [95.24676699999999, 5.477226099999999], [95.24675419999998, 5.477225699999998], [95.24671429999998, 5.4772167], [95.24666569999998, 5.4772184], [95.2466553, 5.4772224], [95.2466466, 5.477231400000001], [95.2466426, 5.477247099999999], [95.24666099999999, 5.477300899999999]]}}, {"type": "Feature", "properties": {"layer": "osm_road", "stroke": "#999999"}, "geometry": {"type": "LineString", "coordinates": [[95.24650009999999, 5.475516599999999], [95.24654029999999, 5.4758531], [95.24653090000001, 5.475875799999999], [95.24650279999999, 5.4758904], [95.2464665, 5.475901099999999], [95.2464518, 5.475919799999999], [95.24644509999999, 5.4759518], [95.2464679, 5.4761254], [95.2465041, 5.476201499999999], [95.2465229, 5.4762602], [95.2465377, 5.4763777]]}}, {"type": "Feature", "properties": {"layer": "osm_road", "stroke": "#999999"}, "geometry": {"type": "LineString", "coordinates": [[95.24612719999999, 5.4660248], [95.2460575, 5.466334500000001], [95.24604949999998, 5.4663773], [95.2460548, 5.466399999999999], [95.2460696, 5.4664146]]}}, {"type": "Feature", "properties": {"layer": "osm_road", "stroke": "#999999"}, "geometry": {"type": "LineString", "coordinates": [[95.24477389999998, 5.461174099999999], [95.244825, 5.4612148], [95.24485049999998, 5.461248199999999], [95.24485859999999, 5.4613242], [95.2448492, 5.4616727], [95.2448492, 5.461726099999999], [95.24486389999998, 5.461748799999999], [95.24487999999998, 5.4617621], [95.2453655, 5.4617194], [95.24539099999998, 5.461707399999999], [95.2453957, 5.4616807], [95.245399, 5.4616432999999995], [95.2453735, 5.4611948]]}}, {"type": "Feature", "properties": {"layer": "osm_road", "stroke": "#999999"}, "geometry": {"type": "LineString", "coordinates": [[95.2564239, 5.470689799999999], [95.2568454, 5.4706653], [95.2572101, 5.470692], [95.2574086, 5.470774799999999], [95.25767679999998, 5.4709323], [95.25815699999998, 5.471362199999999], [95.258334, 5.471605099999999], [95.2584252, 5.471666500000001], [95.2587524, 5.471752000000001], [95.25895629999998, 5.471783999999999], [95.25912519999999, 5.471773300000001], [95.2595483, 5.4716472], [95.2596778, 5.4716238], [95.25971399999999, 5.4716118], [95.2597307, 5.4715911], [95.25973809999999, 5.4715531], [95.25973679999998, 5.471487599999999], [95.25973409999999, 5.471392899999999], [95.25977299999998, 5.4713181], [95.2598548, 5.47125], [95.2599768, 5.471199299999999], [95.26038319999999, 5.470997699999999], [95.26073589999999, 5.4709283]]}}, {"type": "Feature", "properties": {"layer": "osm_road", "stroke": "#999999"}, "geometry": {"type": "LineString", "coordinates": [[95.2630091, 5.462292099999999], [95.26306809999998, 5.464655099999999], [95.2630869, 5.464802], [95.2631378, 5.4649088], [95.2632692, 5.465002200000001], [95.26350259999998, 5.465170400000001], [95.26359109999999, 5.465239799999999], [95.2636631, 5.4653241999999995]]}}, {"type": "Feature", "properties": {"layer": "osm_road", "stroke": "#999999"}, "geometry": {"type": "LineString", "coordinates": [[95.2547557, 5.4967236999999995], [95.2547536, 5.4967796]]}}, {"type": "Feature", "properties": {"layer": "osm_road", "stroke": "#999999"}, "geometry": {"type": "LineString", "coordinates": [[95.2547536, 5.4967796], [95.2547469, 5.49684], [95.2546191, 5.497551499999999], [95.25436629999999, 5.4985285], [95.2539737, 5.499869799999999], [95.25391345221209, 5.50008673722183]]}}, {"type": "Feature", "properties": {"layer": "osm_road", "stroke": "#999999"}, "geometry": {"type": "LineString", "coordinates": [[95.33983689999998, 5.471225699999999], [95.3399871, 5.4711165], [95.34002330000001, 5.4710985], [95.3400542, 5.4710938], [95.34008099999998, 5.4711092], [95.34014669999999, 5.471191899999999], [95.3401668, 5.471201300000001], [95.34019839999999, 5.4712066], [95.3403787, 5.4711325], [95.340433, 5.471124499999999], [95.34045579999999, 5.471135200000001], [95.3404699, 5.4711586], [95.3405075, 5.471247299999999], [95.3405263, 5.471258], [95.3405584, 5.4712634], [95.3409313, 5.471171299999999], [95.34115119999998, 5.4710378], [95.3411995, 5.471002999999999], [95.34123699999999, 5.4709696999999995], [95.34124239999998, 5.4709243], [95.34125719999999, 5.470894899999999], [95.3414221, 5.470832199999999]]}}, {"type": "Feature", "properties": {"layer": "osm_road", "stroke": "#999999"}, "geometry": {"type": "LineString", "coordinates": [[95.3315368, 5.4719869], [95.3325909, 5.471682599999999], [95.3326902, 5.471671899999999], [95.3327465, 5.4716852], [95.33281089999998, 5.471752000000001], [95.33310059999998, 5.4722032], [95.3336477, 5.473482100000001], [95.3336705, 5.4735155], [95.3337027, 5.473534199999999], [95.3337604, 5.473534199999999], [95.3352758, 5.473079]]}}, {"type": "Feature", "properties": {"layer": "osm_road", "stroke": "#999999"}, "geometry": {"type": "LineString", "coordinates": [[95.33083269999999, 5.4703609], [95.3315368, 5.4719869], [95.3320572, 5.4734287], [95.33212419999998, 5.473604899999998], [95.33219399999999, 5.473679700000001], [95.3322637, 5.4737465], [95.33229320000001, 5.4738159], [95.3323173, 5.473944], [95.3323308, 5.4743619], [95.33230659999998, 5.474524699999999], [95.33228379999998, 5.4746235], [95.3322771, 5.4746943], [95.33228379999998, 5.474767699999999], [95.3324944, 5.4754404999999995], [95.3325172, 5.475471299999999], [95.3326406, 5.4755473], [95.3326634, 5.475583399999999], [95.33268079999999, 5.4756261], [95.3327277, 5.475886399999999], [95.3327237, 5.4759919], [95.33273849999999, 5.476051999999999], [95.3327706, 5.4761281], [95.33289539999998, 5.4763897], [95.33293019999999, 5.4764511], [95.33297049999999, 5.476504499999999], [95.3331877, 5.476680799999998], [95.3334774, 5.476989099999999], [95.33353779999999, 5.4770639], [95.3335478, 5.477094599999999], [95.3335492, 5.477133299999999], [95.3335404, 5.4771674], [95.3335176, 5.4771974], [95.33344389999999, 5.477262799999998], [95.33342309999999, 5.4772975], [95.3334171, 5.4773356], [95.33342379999999, 5.4773816], [95.3334533, 5.477433699999999], [95.3335257, 5.4775031], [95.3336866, 5.4776099], [95.33372949999999, 5.477657999999999], [95.33375899999999, 5.4777074], [95.3338301, 5.477989], [95.3338569, 5.478071800000001], [95.33402189999998, 5.4784549], [95.3341882, 5.478601799999999], [95.33425929999999, 5.4786497999999995], [95.3343639, 5.478749999999999], [95.3346039, 5.478931499999999], [95.3346536, 5.4789809], [95.33470719999998, 5.479056999999999], [95.33473129999999, 5.479107700000001], [95.33477159999998, 5.479342699999999], [95.3347903, 5.4795082]]}}, {"type": "Feature", "properties": {"layer": "osm_road", "stroke": "#999999"}, "geometry": {"type": "LineString", "coordinates": [[95.33218759999998, 5.482621699999998], [95.3332373, 5.482365099999999], [95.33374969999998, 5.4822102], [95.33406209999998, 5.4820914], [95.3341567, 5.482041999999999], [95.33427129999998, 5.481925199999999], [95.33443289999998, 5.4817503], [95.3345624, 5.481600799999999], [95.3346039, 5.4815227], [95.33462939999998, 5.481448], [95.3346987, 5.480743100000001], [95.3347065, 5.4805055]]}}, {"type": "Feature", "properties": {"layer": "osm_road", "stroke": "#999999"}, "geometry": {"type": "LineString", "coordinates": [[95.3258197, 5.4860696], [95.32586049999999, 5.4861921], [95.32593689999999, 5.486532500000001]]}}, {"type": "Feature", "properties": {"layer": "osm_road", "stroke": "#999999"}, "geometry": {"type": "LineString", "coordinates": [[95.33215369999999, 5.4692074999999996], [95.33220909999999, 5.4685646], [95.3324005, 5.468045999999999], [95.3324085, 5.4679044999999995], [95.332371, 5.467781699999999], [95.3322262, 5.467503999999999], [95.3317139, 5.466725699999998], [95.33168969999998, 5.4666736], [95.3316616, 5.466640299999998], [95.3315006, 5.4665388], [95.3314738, 5.466505399999999], [95.3312539, 5.465874], [95.3312552, 5.4658326], [95.3312646, 5.465783199999999], [95.331341, 5.465662999999998], [95.33136109999998, 5.465610999999999], [95.3313585, 5.465548200000001], [95.33132899999998, 5.465464099999999], [95.3312646, 5.465331999999999], [95.3311332, 5.4651491], [95.33110099999999, 5.465119700000001], [95.3310567, 5.4650997], [95.3310004, 5.465103699999999], [95.33083949999998, 5.465175799999999], [95.33076839999998, 5.465194499999998], [95.33070939999999, 5.465185099999999], [95.33065169999999, 5.465162399999999], [95.33024399999998, 5.464976799999998], [95.3297907, 5.464798], [95.3296807, 5.4647752999999994], [95.3293039, 5.4647486], [95.3292382, 5.4647245], [95.32916169999999, 5.4646403999999995], [95.32898599999999, 5.464298699999999], [95.3288747, 5.464005], [95.32886129999999, 5.463943500000001], [95.3288358, 5.463900799999999], [95.32876879999999, 5.463859399999999], [95.3284925, 5.463672499999999], [95.32837319999999, 5.463615099999999], [95.32824309999998, 5.4635804], [95.3281841, 5.4635591], [95.32814919999998, 5.4635203], [95.3281344, 5.4634776], [95.3281251, 5.4634296], [95.32807139999998, 5.463352099999998], [95.32801509999999, 5.463290699999998], [95.32745179999999, 5.462914299999999]]}}, {"type": "Feature", "properties": {"layer": "osm_road", "stroke": "#999999"}, "geometry": {"type": "LineString", "coordinates": [[95.3323261, 5.4697241], [95.33215369999999, 5.4692074999999996], [95.3318533, 5.469252899999999], [95.3316763, 5.4692235], [95.33160389999999, 5.469188799999999], [95.3315368, 5.4691007], [95.33148319999998, 5.4688016], [95.33146580000002, 5.468765599999999], [95.3314376, 5.468732200000001], [95.33118549999999, 5.468571999999999], [95.33087159999998, 5.468451899999999], [95.33061949999998, 5.4683397], [95.33022789999998, 5.468176899999998], [95.3300536, 5.4680914], [95.3292784, 5.4676068], [95.3290719, 5.467422599999999], [95.3290343, 5.4674066], [95.32897529999998, 5.4674025], [95.3289244, 5.467409199999999], [95.32855819999999, 5.467554699999999], [95.3285103, 5.467548099999999], [95.3284798, 5.4675277], [95.32845359999999, 5.467495999999999], [95.32843749999999, 5.467434600000001], [95.3284147, 5.4673638], [95.32838789999998, 5.467305100000001], [95.328341, 5.467242299999999], [95.3281921, 5.466994], [95.3281505, 5.466932599999999], [95.3280942, 5.466889899999999], [95.32794799999999, 5.4668398], [95.32791449999999, 5.4668212], [95.327889, 5.4667938], [95.3278246, 5.466679], [95.3277864, 5.466664999999999], [95.3277469, 5.4666603], [95.3276932, 5.4666843], [95.3276288, 5.4667591], [95.3274894, 5.466873900000001], [95.3273633, 5.4669486], [95.32724259999999, 5.467001999999999], [95.3271809, 5.4669726999999995], [95.3271675, 5.466908600000001], [95.32718629999998, 5.4668685], [95.3273472, 5.4667376999999995], [95.3275806, 5.4664307]]}}, {"type": "Feature", "properties": {"layer": "osm_road", "stroke": "#999999"}, "geometry": {"type": "LineString", "coordinates": [[95.3283799, 5.4704757], [95.32830739999999, 5.470128599999999], [95.32826449999999, 5.470037799999999], [95.3277335, 5.469266199999999], [95.3277066, 5.4691621], [95.3276986, 5.4690339], [95.3276557, 5.468678799999998], [95.3275859, 5.4685533], [95.3275081, 5.468473199999999], [95.3273016, 5.4683798]]}}, {"type": "Feature", "properties": {"layer": "osm_road", "stroke": "#999999"}, "geometry": {"type": "LineString", "coordinates": [[95.3270884, 5.4710645], [95.32647279999999, 5.4704303], [95.326328, 5.470344899999999], [95.3261188, 5.4703075000000005], [95.32599269999999, 5.4703048], [95.3259122, 5.4703342], [95.32583180000002, 5.470401000000001], [95.3257111, 5.470601199999999], [95.32563330000002, 5.4707908], [95.3255481, 5.470997699999999]]}}, {"type": "Feature", "properties": {"layer": "osm_road", "stroke": "#999999"}, "geometry": {"type": "LineString", "coordinates": [[95.32577009999999, 5.4730015], [95.32665119999999, 5.473265199999999]]}}, {"type": "Feature", "properties": {"layer": "osm_road", "stroke": "#999999"}, "geometry": {"type": "LineString", "coordinates": [[95.3278595, 5.472707800000001], [95.32790379999999, 5.472649099999999], [95.3279427, 5.4725797], [95.328007, 5.4723793999999994], [95.3280097, 5.472256599999999], [95.32796139999999, 5.4720884], [95.3278917, 5.471957599999998], [95.3276557, 5.4716852], [95.3270884, 5.4710645]]}}, {"type": "Feature", "properties": {"layer": "osm_road", "stroke": "#999999"}, "geometry": {"type": "LineString", "coordinates": [[95.3290518, 5.4815467], [95.3286789, 5.481652200000001]]}}, {"type": "Feature", "properties": {"layer": "osm_road", "stroke": "#999999"}, "geometry": {"type": "LineString", "coordinates": [[95.338052, 5.486500800000001], [95.3387993, 5.4862033]]}}, {"type": "Feature", "properties": {"layer": "osm_road", "stroke": "#999999"}, "geometry": {"type": "LineString", "coordinates": [[95.3387993, 5.4862033], [95.3394212, 5.4860603], [95.3411653, 5.485788099999999], [95.3415893, 5.4856247], [95.3416549, 5.4856125], [95.3417021, 5.485636999999999], [95.34169889999998, 5.485725199999998], [95.34171199999999, 5.485797399999999], [95.34173969999999, 5.485821299999999], [95.3417989, 5.485806800000001], [95.3421114, 5.4857285], [95.3421302, 5.4857178], [95.34213809999999, 5.485708000000001], [95.34216809999998, 5.485646900000001], [95.3421845, 5.485637699999999], [95.3423163, 5.485594399999998], [95.34233369999998, 5.4855934], [95.3423542, 5.485596999999999], [95.34238269999999, 5.485631099999999], [95.3423981, 5.4856391], [95.3424149, 5.4856421], [95.3424413, 5.4856324], [95.3429483, 5.4854168], [95.3429573, 5.4854065], [95.3429625, 5.4853866], [95.3429604, 5.485366099999999], [95.34286379999999, 5.4850617], [95.34285039999999, 5.4849669], [95.3428546, 5.484680199999999]]}}, {"type": "Feature", "properties": {"layer": "osm_road", "stroke": "#999999"}, "geometry": {"type": "LineString", "coordinates": [[95.34069929999998, 5.472691799999999], [95.3404981, 5.4727132], [95.3404538, 5.4727144999999995], [95.3402728, 5.472675799999999], [95.3400542, 5.4726344], [95.3397296, 5.472599699999999], [95.33961829999998, 5.4725944], [95.3393823, 5.4726224], [95.33929649999999, 5.4726504], [95.33896120000001, 5.472826599999999]]}}, {"type": "Feature", "properties": {"layer": "osm_road", "stroke": "#999999"}, "geometry": {"type": "LineString", "coordinates": [[95.32045729999999, 5.4943729999999995], [95.3204781, 5.494559899999999], [95.3204853, 5.4945701], [95.3204955, 5.494577300000001], [95.32056319999998, 5.494578]]}}, {"type": "Feature", "properties": {"layer": "osm_road", "stroke": "#999999"}, "geometry": {"type": "LineString", "coordinates": [[95.3230337, 5.490883499999999], [95.3233957, 5.4906285]]}}, {"type": "Feature", "properties": {"layer": "osm_road", "stroke": "#999999"}, "geometry": {"type": "LineString", "coordinates": [[95.3215339, 5.4941229], [95.32140609999999, 5.494616]]}}, {"type": "Feature", "properties": {"layer": "osm_road", "stroke": "#999999"}, "geometry": {"type": "LineString", "coordinates": [[95.3225381, 5.487709299999999], [95.3225622, 5.488150899999999]]}}, {"type": "Feature", "properties": {"layer": "osm_road", "stroke": "#999999"}, "geometry": {"type": "LineString", "coordinates": [[95.32224049999999, 5.487732799999999], [95.3222846, 5.488343099999999]]}}, {"type": "Feature", "properties": {"layer": "osm_road", "stroke": "#999999"}, "geometry": {"type": "LineString", "coordinates": [[95.32200939999998, 5.487748], [95.32203639999999, 5.4884293], [95.32203349999999, 5.4884468], [95.3220184, 5.488458299999999], [95.32200250000001, 5.488458299999999]]}}, {"type": "Feature", "properties": {"layer": "osm_road", "stroke": "#999999"}, "geometry": {"type": "LineString", "coordinates": [[95.32177079999998, 5.4877636], [95.32179399999998, 5.4883824]]}}, {"type": "Feature", "properties": {"layer": "osm_road", "stroke": "#999999"}, "geometry": {"type": "LineString", "coordinates": [[95.3236713, 5.487761700000001], [95.32355149999998, 5.487653199999999]]}}, {"type": "Feature", "properties": {"layer": "osm_road", "stroke": "#999999"}, "geometry": {"type": "LineString", "coordinates": [[95.32386059999999, 5.4877823999999995], [95.3236713, 5.487761700000001]]}}, {"type": "Feature", "properties": {"layer": "osm_road", "stroke": "#999999"}, "geometry": {"type": "LineString", "coordinates": [[95.32355149999998, 5.487653199999999], [95.3235036, 5.487639500000001], [95.32345869999999, 5.4876335], [95.32307649999998, 5.487665], [95.3225381, 5.487709299999999], [95.32224049999999, 5.487732799999999], [95.32200939999998, 5.487748], [95.32177079999998, 5.4877636], [95.3215543, 5.4877771], [95.3215355, 5.4877877], [95.3215268, 5.487809099999999], [95.32153949999999, 5.488250899999999], [95.3215479, 5.4882746], [95.32157559999999, 5.4883145], [95.32179399999998, 5.4883824], [95.32200250000001, 5.488458299999999]]}}, {"type": "Feature", "properties": {"layer": "osm_road", "stroke": "#999999"}, "geometry": {"type": "LineString", "coordinates": [[95.3213971, 5.493906399999998], [95.3214587, 5.4940442]]}}, {"type": "Feature", "properties": {"layer": "osm_road", "stroke": "#999999"}, "geometry": {"type": "LineString", "coordinates": [[95.32161779999998, 5.4930498], [95.321608, 5.4927224]]}}, {"type": "Feature", "properties": {"layer": "osm_road", "stroke": "#999999"}, "geometry": {"type": "LineString", "coordinates": [[95.3174627, 5.499239099999999], [95.31748649999999, 5.498710699999998]]}}, {"type": "Feature", "properties": {"layer": "osm_road", "stroke": "#999999"}, "geometry": {"type": "LineString", "coordinates": [[95.3170516, 5.4985447], [95.31703909999999, 5.498366599999999], [95.3170364, 5.498308699999999], [95.3169423, 5.498102799999999], [95.31693149999998, 5.4980614], [95.31690759999998, 5.4974262], [95.31690659999998, 5.497107299999999], [95.3169011, 5.497029], [95.3168716, 5.496976999999999], [95.31682289999999, 5.4969928999999995], [95.31674020000001, 5.4970159], [95.31419099999998, 5.497556799999999], [95.3130417, 5.497842499999999], [95.3119748, 5.4981903], [95.3116898, 5.498278400000001], [95.3115859, 5.498301699999999], [95.31109339999999, 5.498358799999999], [95.31091059999999, 5.498392499999999], [95.3104164, 5.498583499999999]]}}, {"type": "Feature", "properties": {"layer": "osm_road", "stroke": "#999999"}, "geometry": {"type": "LineString", "coordinates": [[95.31684439999998, 5.4997741], [95.3168551, 5.499768], [95.31686680000001, 5.4997578], [95.3168762, 5.499733400000001], [95.31696569999998, 5.4993523], [95.31701799999999, 5.499264199999999], [95.3171107, 5.499168299999998], [95.3174627, 5.499239099999999], [95.31775249999998, 5.49927], [95.3177936, 5.4992551], [95.31782000000001, 5.499218499999999], [95.31786219999998, 5.498745799999999]]}}, {"type": "Feature", "properties": {"layer": "osm_road", "stroke": "#999999"}, "geometry": {"type": "LineString", "coordinates": [[95.32376609999999, 5.4994917999999995], [95.32378359999998, 5.4995199], [95.323804, 5.4995432], [95.32401189999999, 5.4995793], [95.32402329999998, 5.499597999999999], [95.32403299999999, 5.499627000000001], [95.32404179999999, 5.500008799999999]]}}, {"type": "Feature", "properties": {"layer": "osm_road", "stroke": "#999999"}, "geometry": {"type": "LineString", "coordinates": [[95.3235628, 5.4964975], [95.32340369999999, 5.4964806], [95.32335999999998, 5.4964597], [95.3233511, 5.4964167], [95.32330979999999, 5.496210799999999]]}}, {"type": "Feature", "properties": {"layer": "osm_road", "stroke": "#999999"}, "geometry": {"type": "LineString", "coordinates": [[95.3111818, 5.4872431], [95.3110303, 5.486681699999999], [95.31102129999998, 5.4866589999999995], [95.31098139999999, 5.4866267], [95.31085169999999, 5.4862672]]}}, {"type": "Feature", "properties": {"layer": "osm_road", "stroke": "#999999"}, "geometry": {"type": "LineString", "coordinates": [[95.30949529999998, 5.492865899999999], [95.3097351, 5.492860499999999]]}}, {"type": "Feature", "properties": {"layer": "osm_road", "stroke": "#999999"}, "geometry": {"type": "LineString", "coordinates": [[95.30958, 5.4898176], [95.30978439999998, 5.4897811], [95.30980439999999, 5.4897851], [95.30981029999998, 5.4898048], [95.30993699999999, 5.490519]]}}, {"type": "Feature", "properties": {"layer": "osm_road", "stroke": "#999999"}, "geometry": {"type": "LineString", "coordinates": [[95.3095611, 5.4897822000000005], [95.30958, 5.4898176], [95.3097032, 5.490520499999999]]}}, {"type": "Feature", "properties": {"layer": "osm_road", "stroke": "#999999"}, "geometry": {"type": "LineString", "coordinates": [[95.3182433, 5.487551699999999], [95.3179079, 5.4878231]]}}, {"type": "Feature", "properties": {"layer": "osm_road", "stroke": "#999999"}, "geometry": {"type": "LineString", "coordinates": [[95.3149931, 5.4873430999999995], [95.3147053, 5.487433299999999]]}}, {"type": "Feature", "properties": {"layer": "osm_road", "stroke": "#999999"}, "geometry": {"type": "LineString", "coordinates": [[95.31242339999999, 5.4889153], [95.31272299999999, 5.4888612000000006], [95.3130956, 5.4887939], [95.313261, 5.4887641]]}}, {"type": "Feature", "properties": {"layer": "osm_road", "stroke": "#999999"}, "geometry": {"type": "LineString", "coordinates": [[95.3125932, 5.487433199999999], [95.31261119999999, 5.487995999999999], [95.31272299999999, 5.4888612000000006], [95.31277209999999, 5.4891066]]}}, {"type": "Feature", "properties": {"layer": "osm_road", "stroke": "#999999"}, "geometry": {"type": "LineString", "coordinates": [[95.31222759999999, 5.4874046000000005], [95.31230709999998, 5.488058399999999], [95.3122866, 5.488212200000001], [95.31242339999999, 5.4889153], [95.31254949999999, 5.4894697]]}}, {"type": "Feature", "properties": {"layer": "osm_road", "stroke": "#999999"}, "geometry": {"type": "LineString", "coordinates": [[95.31146279999999, 5.4869601], [95.31167909999999, 5.4872831], [95.31171799999998, 5.487305799999998], [95.31222759999999, 5.4874046000000005], [95.3125932, 5.487433199999999], [95.3127909, 5.4874486]]}}, {"type": "Feature", "properties": {"layer": "osm_road", "stroke": "#999999"}, "geometry": {"type": "LineString", "coordinates": [[95.32599269999999, 5.4703048], [95.32591689999998, 5.470296199999999], [95.32584789999999, 5.470274799999999], [95.3257862, 5.470227399999999], [95.3256977, 5.470123299999999], [95.32562259999999, 5.470011099999999], [95.3255729, 5.469888299999999], [95.3255521, 5.4698643], [95.3255045, 5.4698348999999995], [95.32539259999999, 5.4697667999999995], [95.32535699999998, 5.4697281], [95.32533619999998, 5.469677399999998], [95.32533559999999, 5.469616], [95.32538650000001, 5.469426399999999], [95.3253919, 5.4692395], [95.32537179999999, 5.469174099999999], [95.32533559999999, 5.4691167], [95.32524439999999, 5.469082], [95.3250915, 5.4691087], [95.32495199999998, 5.469180800000001], [95.32488229999998, 5.469180800000001], [95.32477770000001, 5.469146099999998]]}}, {"type": "Feature", "properties": {"layer": "osm_road", "stroke": "#999999"}, "geometry": {"type": "LineString", "coordinates": [[95.3484381, 5.4711175], [95.34844679999999, 5.4711498999999995]]}}, {"type": "Feature", "properties": {"layer": "osm_road", "stroke": "#999999"}, "geometry": {"type": "LineString", "coordinates": [[95.3484133, 5.4710518], [95.3484381, 5.4711175]]}}, {"type": "Feature", "properties": {"layer": "osm_road", "stroke": "#999999"}, "geometry": {"type": "LineString", "coordinates": [[95.3484267, 5.466951199999999], [95.3482644, 5.4669954], [95.3481665, 5.4670141], [95.3480579, 5.467020699999999], [95.347783, 5.4670007], [95.3472412, 5.4669446], [95.34740829999998, 5.468260999999999], [95.34741079999999, 5.468327199999999], [95.34740559999999, 5.468388099999999], [95.34737209999999, 5.468427799999999], [95.3470678, 5.468541000000001], [95.3469984, 5.468569300000001], [95.346989, 5.468604099999999], [95.34699439999999, 5.4686628], [95.34707489999998, 5.469196799999999], [95.3471232, 5.469554600000001], [95.3471419, 5.469656099999999], [95.3471607, 5.469763000000001], [95.347205, 5.469851300000001], [95.34736729999999, 5.469937899999999], [95.3475711, 5.4700137999999985], [95.3477642, 5.4700645], [95.3478768, 5.470117900000001], [95.3479788, 5.4701781], [95.34800829999999, 5.470198099999999], [95.34803239999998, 5.470220800000001], [95.3481182, 5.4704489999999995], [95.3484133, 5.4710518]]}}, {"type": "Feature", "properties": {"layer": "osm_road", "stroke": "#999999"}, "geometry": {"type": "LineString", "coordinates": [[95.3384663, 5.480518799999999], [95.33847029999998, 5.4808566], [95.33848639999998, 5.481022099999999], [95.33852400000002, 5.4811529], [95.3385777, 5.481249099999999], [95.33861509999998, 5.4812851], [95.33866609999998, 5.4813130999999995], [95.3387064, 5.4813291], [95.3387399, 5.4813799], [95.3388351, 5.481714899999999]]}}, {"type": "Feature", "properties": {"layer": "osm_road", "stroke": "#999999"}, "geometry": {"type": "LineString", "coordinates": [[95.33837109999999, 5.4805064], [95.3384663, 5.480518799999999], [95.3385817, 5.480506799999999], [95.3386635, 5.480496099999999], [95.33877339999998, 5.4804694], [95.3388713, 5.480421399999999], [95.33898039999998, 5.4803587]]}}, {"type": "Feature", "properties": {"layer": "osm_road", "stroke": "#999999"}, "geometry": {"type": "LineString", "coordinates": [[95.3468556, 5.4856071], [95.34687909999998, 5.485594399999998], [95.3468985, 5.485579], [95.34690990000001, 5.485562299999999], [95.3469193, 5.485532999999999], [95.34691659999999, 5.4854408], [95.3468697, 5.4851819]]}}, {"type": "Feature", "properties": {"layer": "osm_road", "stroke": "#999999"}, "geometry": {"type": "LineString", "coordinates": [[95.3511659, 5.479032999999999], [95.35075219999999, 5.479092999999999]]}}, {"type": "Feature", "properties": {"layer": "osm_road", "stroke": "#999999"}, "geometry": {"type": "LineString", "coordinates": [[95.35118909999998, 5.479030299999999], [95.3511659, 5.479032999999999]]}}, {"type": "Feature", "properties": {"layer": "osm_road", "stroke": "#999999"}, "geometry": {"type": "LineString", "coordinates": [[95.3512096, 5.479026700000001], [95.35118909999998, 5.479030299999999]]}}, {"type": "Feature", "properties": {"layer": "osm_road", "stroke": "#999999"}, "geometry": {"type": "LineString", "coordinates": [[95.3347903, 5.4795082], [95.3351068, 5.4792760000000005], [95.3351397, 5.479257600000001], [95.33515509999998, 5.479259300000001], [95.3351685, 5.479268599999999], [95.33517930000001, 5.4792906], [95.3354502, 5.4800154999999995], [95.3356232, 5.4803773]]}}, {"type": "Feature", "properties": {"layer": "osm_road", "stroke": "#999999"}, "geometry": {"type": "LineString", "coordinates": [[95.33402189999998, 5.4784549], [95.33379789999998, 5.478613799999999], [95.33376309999998, 5.478663199999999], [95.3337523, 5.478708599999999], [95.3337564, 5.478755300000001], [95.33378989999999, 5.47881], [95.3339481, 5.4789876], [95.33397229999999, 5.479019599999999], [95.3341855, 5.479341399999999], [95.33421769999998, 5.4794121], [95.3342351, 5.479796599999999], [95.3342432, 5.479882], [95.33439359999998, 5.4805152999999995]]}}, {"type": "Feature", "properties": {"layer": "osm_road", "stroke": "#999999"}, "geometry": {"type": "LineString", "coordinates": [[95.33399349999999, 5.4805335], [95.3334908, 5.480630999999999], [95.33319179999998, 5.4807057], [95.33304279999999, 5.480744399999999]]}}, {"type": "Feature", "properties": {"layer": "osm_road", "stroke": "#999999"}, "geometry": {"type": "LineString", "coordinates": [[95.3342281, 5.4805254], [95.33439359999998, 5.4805152999999995], [95.3347065, 5.4805055]]}}, {"type": "Feature", "properties": {"layer": "osm_road", "stroke": "#999999"}, "geometry": {"type": "LineString", "coordinates": [[95.3494259, 5.4814386], [95.34928769999999, 5.481030099999999]]}}, {"type": "Feature", "properties": {"layer": "osm_road", "stroke": "#999999"}, "geometry": {"type": "LineString", "coordinates": [[95.3442183, 5.468828299999998], [95.3447124, 5.4686582999999995]]}}, {"type": "Feature", "properties": {"layer": "osm_road", "stroke": "#999999"}, "geometry": {"type": "LineString", "coordinates": [[95.3452597, 5.4690591], [95.34498409999999, 5.469191500000001], [95.34494949999998, 5.469187799999999], [95.3449345, 5.4691754]]}}, {"type": "Feature", "properties": {"layer": "osm_road", "stroke": "#999999"}, "geometry": {"type": "LineString", "coordinates": [[95.34464319999998, 5.468496799999998], [95.3447124, 5.4686582999999995], [95.3449345, 5.4691754]]}}, {"type": "Feature", "properties": {"layer": "osm_road", "stroke": "#999999"}, "geometry": {"type": "LineString", "coordinates": [[95.35158899999999, 5.462252100000001], [95.35159169999999, 5.462118599999999]]}}, {"type": "Feature", "properties": {"layer": "osm_road", "stroke": "#999999"}, "geometry": {"type": "LineString", "coordinates": [[95.35205209999998, 5.4642268], [95.35177949999999, 5.463741999999999], [95.35174999999998, 5.4636779], [95.35172039999999, 5.463538999999999], [95.35170169999999, 5.4630024], [95.35155419999998, 5.462577799999999], [95.35154609999998, 5.462455], [95.35158899999999, 5.462252100000001]]}}, {"type": "Feature", "properties": {"layer": "osm_road", "stroke": "#999999"}, "geometry": {"type": "LineString", "coordinates": [[95.35159169999999, 5.462118599999999], [95.35133959999999, 5.460692799999999], [95.3513235, 5.460599300000001], [95.35133019999999, 5.4605379], [95.35134759999998, 5.4604952], [95.35146829999998, 5.4603896999999995], [95.3515086, 5.460364399999999], [95.35153000000001, 5.460334999999998], [95.35154609999998, 5.460221499999999], [95.35156759999998, 5.4601922], [95.351585, 5.4601748], [95.35189409999998, 5.4600179]]}}, {"type": "Feature", "properties": {"layer": "osm_road", "stroke": "#999999"}, "geometry": {"type": "LineString", "coordinates": [[95.3447216, 5.468473399999999], [95.3447306, 5.4680514], [95.34470109999998, 5.4678378], [95.34459649999998, 5.467621500000001], [95.344575, 5.467554699999999], [95.3445134, 5.4667831], [95.3443524, 5.465848599999999], [95.3443149, 5.4657658], [95.3442612, 5.4656777], [95.34418879999998, 5.4655963000000005], [95.3441057, 5.4655309], [95.343647, 5.465295899999999], [95.3436068, 5.465267899999999], [95.3434539, 5.4651277], [95.3434163, 5.465101000000001], [95.34328219999999, 5.4650529], [95.3432044, 5.465004899999999], [95.34304619999999, 5.4647913], [95.3428021, 5.4645535999999995], [95.3427082, 5.464468200000001], [95.34263309999999, 5.4643774], [95.34235149999999, 5.4638367]]}}, {"type": "Feature", "properties": {"layer": "osm_road", "stroke": "#999999"}, "geometry": {"type": "LineString", "coordinates": [[95.3407824, 5.473592899999999], [95.34060939999999, 5.4736397], [95.3405276, 5.473654299999999], [95.3404418, 5.473650299999999], [95.3402996, 5.473621], [95.3400475, 5.473562199999999], [95.3397953, 5.473520799999999], [95.3396907, 5.473566199999998], [95.3396371, 5.473699699999999], [95.33960889999999, 5.4738065], [95.3396264, 5.473923999999999], [95.339672, 5.474120200000001], [95.33968269999998, 5.474224400000001], [95.3396894, 5.4742898], [95.3397524, 5.4745434], [95.3398047, 5.474604799999999], [95.33983289999999, 5.474636899999999], [95.3398181, 5.4747811], [95.3397953, 5.474943900000001], [95.33974169999999, 5.4749799999999995], [95.33937959999999, 5.4750814000000005], [95.3391838, 5.475142800000001], [95.33902689999998, 5.475214899999999], [95.33885119999998, 5.475379099999998], [95.3386514, 5.47557], [95.3385575, 5.4756754999999995]]}}, {"type": "Feature", "properties": {"layer": "osm_road", "stroke": "#999999"}, "geometry": {"type": "LineString", "coordinates": [[95.3332373, 5.482365099999999], [95.33315149999999, 5.4819753], [95.3331529, 5.4819546], [95.33316219999999, 5.4819352], [95.3331891, 5.481912499999999], [95.33367989999999, 5.4817108999999995]]}}, {"type": "Feature", "properties": {"layer": "osm_road", "stroke": "#999999"}, "geometry": {"type": "LineString", "coordinates": [[95.33780849999998, 5.4836032], [95.33772870000001, 5.4836573], [95.3375825, 5.483733399999999], [95.3374229, 5.4838055], [95.3372352, 5.4838589], [95.3371105, 5.4838783], [95.33698509999999, 5.483886899999999], [95.33681739999999, 5.4838865]]}}, {"type": "Feature", "properties": {"layer": "osm_road", "stroke": "#999999"}, "geometry": {"type": "LineString", "coordinates": [[95.34140970000001, 5.4780305], [95.34064959999999, 5.478255999999999], [95.340592, 5.478242699999999], [95.34053969999998, 5.478213300000001], [95.3405155, 5.4781759], [95.34042299999999, 5.4777707]]}}, {"type": "Feature", "properties": {"layer": "osm_road", "stroke": "#999999"}, "geometry": {"type": "LineString", "coordinates": [[95.34294259999999, 5.4747138999999985], [95.34271669999998, 5.475007299999999]]}}, {"type": "Feature", "properties": {"layer": "osm_road", "stroke": "#999999"}, "geometry": {"type": "LineString", "coordinates": [[95.34786609999999, 5.480860599999999], [95.3478219, 5.4805942], [95.3478091, 5.4805742], [95.3477857, 5.4805649], [95.34759789999998, 5.480565500000001]]}}, {"type": "Feature", "properties": {"layer": "osm_road", "stroke": "#999999"}, "geometry": {"type": "LineString", "coordinates": [[95.34776209999998, 5.481668799999999], [95.3478594, 5.481657499999999], [95.34788619999999, 5.4816402], [95.34790639999999, 5.481614200000001], [95.34791039999999, 5.481426599999999]]}}, {"type": "Feature", "properties": {"layer": "osm_road", "stroke": "#999999"}, "geometry": {"type": "LineString", "coordinates": [[95.34779639999998, 5.4810261], [95.3478373, 5.4810067999999985], [95.3478574, 5.4809894], [95.34787949999999, 5.480940699999999], [95.34786609999999, 5.480860599999999], [95.34798419999998, 5.4808245], [95.348384, 5.4807281], [95.34885049999998, 5.4806843]]}}, {"type": "Feature", "properties": {"layer": "osm_road", "stroke": "#999999"}, "geometry": {"type": "LineString", "coordinates": [[95.34881619999999, 5.481601499999999], [95.34878210000001, 5.4813612], [95.34877439999998, 5.4813318], [95.3487569, 5.481308099999999], [95.3487395, 5.481298800000001], [95.3487083, 5.481293100000001], [95.34850049999999, 5.4813118], [95.34791039999999, 5.481426599999999]]}}, {"type": "Feature", "properties": {"layer": "osm_road", "stroke": "#999999"}, "geometry": {"type": "LineString", "coordinates": [[95.33968156574596, 5.50008673722183], [95.3397288, 5.499258499999999], [95.3397316, 5.4992415], [95.33973769999999, 5.4992268], [95.33986779999998, 5.4990333], [95.3398785, 5.498971900000001], [95.3398731, 5.498913099999999], [95.33981679999998, 5.4988264], [95.3398074, 5.498785], [95.3398047, 5.498449899999999], [95.3398155, 5.4984165], [95.33982889999999, 5.498396499999999], [95.3398664, 5.4983805], [95.3404015, 5.4983043999999985]]}}, {"type": "Feature", "properties": {"layer": "osm_road", "stroke": "#999999"}, "geometry": {"type": "LineString", "coordinates": [[95.3403787, 5.4988637], [95.3408693, 5.498687099999999]]}}, {"type": "Feature", "properties": {"layer": "osm_road", "stroke": "#999999"}, "geometry": {"type": "LineString", "coordinates": [[95.3337484, 5.492260299999999], [95.33415799999999, 5.492204399999999], [95.3343599, 5.4921537], [95.3344497, 5.4921249]]}}, {"type": "Feature", "properties": {"layer": "osm_road", "stroke": "#999999"}, "geometry": {"type": "LineString", "coordinates": [[95.336177, 5.494692099999999], [95.33619309999999, 5.494784199999999], [95.33622869999999, 5.4948115], [95.3362817, 5.4948189], [95.33655389999998, 5.494748099999999], [95.3366129, 5.4947508], [95.3367611, 5.4947678]]}}, {"type": "Feature", "properties": {"layer": "osm_road", "stroke": "#999999"}, "geometry": {"type": "LineString", "coordinates": [[95.3378745, 5.4955658], [95.33783729999999, 5.495210000000001]]}}, {"type": "Feature", "properties": {"layer": "osm_road", "stroke": "#999999"}, "geometry": {"type": "LineString", "coordinates": [[95.3374739, 5.495603199999999], [95.3378745, 5.4955658]]}}, {"type": "Feature", "properties": {"layer": "osm_road", "stroke": "#999999"}, "geometry": {"type": "LineString", "coordinates": [[95.3368798, 5.496211199999999], [95.33709969999998, 5.496221899999999], [95.33742610000002, 5.4961849], [95.3379637, 5.496092599999998]]}}, {"type": "Feature", "properties": {"layer": "osm_road", "stroke": "#999999"}, "geometry": {"type": "LineString", "coordinates": [[95.3394252, 5.4924867], [95.3392642, 5.492048399999998]]}}, {"type": "Feature", "properties": {"layer": "osm_road", "stroke": "#999999"}, "geometry": {"type": "LineString", "coordinates": [[95.33801569999999, 5.491844599999999], [95.3386018, 5.491576300000001]]}}, {"type": "Feature", "properties": {"layer": "osm_road", "stroke": "#999999"}, "geometry": {"type": "LineString", "coordinates": [[95.33730179999999, 5.4915208], [95.33740480000002, 5.491707099999998], [95.3374478, 5.491790599999999], [95.3374672, 5.491823300000001], [95.337498, 5.491868], [95.3375383, 5.491887299999999], [95.33757049999998, 5.491892], [95.33784269999998, 5.491803199999999], [95.33792049999998, 5.491788599999999], [95.33796609999999, 5.4918006], [95.33801569999999, 5.491844599999999], [95.33815379999999, 5.4921864], [95.33819439999999, 5.492445099999999]]}}, {"type": "Feature", "properties": {"layer": "osm_road", "stroke": "#999999"}, "geometry": {"type": "LineString", "coordinates": [[95.33467509999998, 5.489681599999999], [95.3352356, 5.4894604], [95.3352738, 5.4894517], [95.3356916, 5.4894284], [95.3359054, 5.489354399999999], [95.33610379999999, 5.4893222999999995], [95.3361905, 5.4893242], [95.3362307, 5.4892949], [95.33625079999999, 5.4892628], [95.33626289999998, 5.489201399999999], [95.3362066, 5.488778199999999]]}}, {"type": "Feature", "properties": {"layer": "osm_road", "stroke": "#999999"}, "geometry": {"type": "LineString", "coordinates": [[95.33475149999998, 5.4908367], [95.3351925, 5.490700899999999]]}}, {"type": "Feature", "properties": {"layer": "osm_road", "stroke": "#999999"}, "geometry": {"type": "LineString", "coordinates": [[95.33671219999998, 5.488044], [95.336745, 5.4881455], [95.3367691, 5.488166799999999], [95.3368315, 5.4881889], [95.33707629999999, 5.4882896], [95.33711719999998, 5.488321699999999], [95.3371386, 5.4883617000000005], [95.33735379999999, 5.488984900000001]]}}, {"type": "Feature", "properties": {"layer": "osm_road", "stroke": "#999999"}, "geometry": {"type": "LineString", "coordinates": [[95.33871169999999, 5.487154899999999], [95.3389317, 5.487076199999998], [95.3389679, 5.4870481], [95.3389853, 5.4870041], [95.3390081, 5.486957399999999], [95.3390323, 5.4869333], [95.3391577, 5.486870999999999]]}}, {"type": "Feature", "properties": {"layer": "osm_road", "stroke": "#999999"}, "geometry": {"type": "LineString", "coordinates": [[95.3420848, 5.494659200000001], [95.3426954, 5.4944944]]}}, {"type": "Feature", "properties": {"layer": "osm_road", "stroke": "#999999"}, "geometry": {"type": "LineString", "coordinates": [[95.343247, 5.4938938], [95.3436685, 5.493908499999999], [95.3437208, 5.4938951], [95.34374089999999, 5.4938711], [95.34374759999999, 5.493809699999999], [95.34373949999998, 5.4935599999999996]]}}, {"type": "Feature", "properties": {"layer": "osm_road", "stroke": "#999999"}, "geometry": {"type": "LineString", "coordinates": [[95.34499559999999, 5.486935500000001], [95.34541439999998, 5.486770900000001]]}}, {"type": "Feature", "properties": {"layer": "osm_road", "stroke": "#999999"}, "geometry": {"type": "LineString", "coordinates": [[95.34593909999998, 5.489149299999999], [95.34583469999998, 5.4891009], [95.34577169999999, 5.4890622], [95.34571509999999, 5.489054099999998], [95.34561439999999, 5.4890906], [95.3455447, 5.4890906], [95.34549639999999, 5.4890746], [95.34546019999999, 5.489042599999999], [95.34513699999998, 5.488592699999999], [95.3450418, 5.488416499999999], [95.34492369999998, 5.488058699999999], [95.34492779999998, 5.488013299999999], [95.3449452, 5.487985300000001], [95.3451897, 5.487885399999999], [95.3452534, 5.4878549], [95.34527929999999, 5.4878074], [95.34519329999999, 5.4875243000000005], [95.34518899999999, 5.487427799999999], [95.34523219999998, 5.4873878000000005], [95.34564509999998, 5.4871903]]}}, {"type": "Feature", "properties": {"layer": "osm_road", "stroke": "#999999"}, "geometry": {"type": "LineString", "coordinates": [[95.3419753, 5.4985086], [95.3419438, 5.4975835], [95.341929, 5.497566199999999], [95.3418868, 5.497552800000001], [95.3418493, 5.4975295], [95.3418096, 5.497426799999999]]}}, {"type": "Feature", "properties": {"layer": "osm_road", "stroke": "#999999"}, "geometry": {"type": "LineString", "coordinates": [[95.3429027, 5.4973806], [95.34294159999999, 5.4978071], [95.3429543, 5.497830499999999], [95.3429744, 5.4978499], [95.3429999, 5.497859900000001], [95.3434847, 5.497835799999999], [95.3435236, 5.4978397999999995], [95.3435451, 5.497853199999999], [95.34355659999999, 5.4979705999999995], [95.3436175, 5.4983725]]}}, {"type": "Feature", "properties": {"layer": "osm_road", "stroke": "#999999"}, "geometry": {"type": "LineString", "coordinates": [[95.34347309999998, 5.4843611], [95.34349079999998, 5.4843662], [95.34350169999999, 5.4843772], [95.3435853, 5.484666599999999], [95.34359599999999, 5.484735999999999], [95.34359869999999, 5.484845399999999], [95.3436215, 5.484901499999999], [95.34397150000001, 5.4852927000000005], [95.3439937, 5.485295299999999], [95.3440198, 5.485287300000001], [95.34403729999998, 5.485263300000001], [95.3440493, 5.485227199999999], [95.3440627, 5.485191199999999], [95.34410829999999, 5.4851458], [95.34426530000002, 5.4850323], [95.3444074, 5.4849502999999995], [95.3447299, 5.484858499999999]]}}, {"type": "Feature", "properties": {"layer": "osm_road", "stroke": "#999999"}, "geometry": {"type": "LineString", "coordinates": [[95.34655849999999, 5.4852366], [95.34644189999999, 5.4848935], [95.3464412, 5.484868099999999], [95.34644659999998, 5.484852799999999], [95.34646729999999, 5.484840099999999], [95.3468294, 5.4847266], [95.34686299999998, 5.4847212999999995], [95.34697959999998, 5.4847667], [95.3470118, 5.4847586999999995]]}}, {"type": "Feature", "properties": {"layer": "osm_road", "stroke": "#999999"}, "geometry": {"type": "LineString", "coordinates": [[95.346356, 5.483764099999999], [95.346414, 5.483731699999999], [95.3465659, 5.4836466], [95.34658399999998, 5.483622599999999], [95.34658939999998, 5.4836053], [95.3465907, 5.4835899], [95.346517, 5.4832995], [95.3463078, 5.4826588], [95.3462662, 5.482562699999999], [95.3462019, 5.4824285]]}}, {"type": "Feature", "properties": {"layer": "osm_road", "stroke": "#999999"}, "geometry": {"type": "LineString", "coordinates": [[95.3459769, 5.4825466], [95.346356, 5.483764099999999], [95.34624609999999, 5.483802800000001], [95.34606899999999, 5.4838509], [95.34592959999999, 5.4838629], [95.3458813, 5.4838589], [95.3458183, 5.4838402], [95.3457794, 5.4838362], [95.3457069, 5.4838589], [95.34565730000001, 5.483873600000001], [95.3453703, 5.4839494]]}}, {"type": "Feature", "properties": {"layer": "osm_road", "stroke": "#999999"}, "geometry": {"type": "LineString", "coordinates": [[95.34536479999998, 5.4687841], [95.34532199999998, 5.468671499999999], [95.34532, 5.4686601], [95.34532199999998, 5.468642799999999], [95.3453911, 5.468530000000001], [95.3453945, 5.4685093], [95.3453824, 5.4682949999999995], [95.3453884, 5.468272999999998], [95.34539979999998, 5.468258299999998], [95.3456935, 5.4680854], [95.3457103, 5.4680874], [95.34572369999998, 5.468092699999999], [95.3458746, 5.4682903], [95.34589339999998, 5.468299], [95.3459108, 5.4683003], [95.34598589999999, 5.468278299999999], [95.3459993, 5.468280300000001], [95.3460127, 5.4682877], [95.3462005, 5.468557299999999], [95.34620449999998, 5.468583999999999], [95.34619780000001, 5.4686067], [95.3459336, 5.4687228999999995], [95.3459188, 5.468744199999999], [95.3459269, 5.4687776], [95.34595639999999, 5.468828299999998]]}}, {"type": "Feature", "properties": {"layer": "osm_road", "stroke": "#999999"}, "geometry": {"type": "LineString", "coordinates": [[95.34513829999999, 5.4689638], [95.34536479999998, 5.4687841], [95.34556519999998, 5.4686954]]}}, {"type": "Feature", "properties": {"layer": "osm_road", "stroke": "#999999"}, "geometry": {"type": "LineString", "coordinates": [[95.3332612, 5.470879099999999], [95.3337201, 5.470601199999999], [95.33378719999999, 5.470539799999999], [95.3338382, 5.470483699999999], [95.333859, 5.470412999999998], [95.3338703, 5.470339599999999], [95.3338221, 5.469656], [95.33377649999998, 5.468868399999999], [95.33380059999999, 5.468729499999999], [95.33386499999999, 5.468630800000001], [95.33394679999999, 5.4685507], [95.334034, 5.4684946], [95.3341198, 5.468449199999999], [95.3363353, 5.4676869], [95.33639969999999, 5.467648200000001], [95.33645729999999, 5.4676015], [95.33650830000002, 5.4675441], [95.33695419999998, 5.4669994], [95.3387037, 5.4649541], [95.33877070000001, 5.4649114], [95.33887269999998, 5.464863399999999], [95.34232019999999, 5.463753699999999], [95.3427833, 5.4636031], [95.3429174, 5.4635283999999995], [95.34303809999999, 5.4634536], [95.34370329999999, 5.4628207999999985], [95.34380929999999, 5.4627073], [95.34388439999998, 5.4626125], [95.34399299999998, 5.4624417], [95.3444704, 5.4615579], [95.34485400000001, 5.460914399999999], [95.3449076, 5.460863699999999], [95.34557279999999, 5.460381699999999], [95.346294, 5.459786599999999]]}}, {"type": "Feature", "properties": {"layer": "osm_road", "stroke": "#999999"}, "geometry": {"type": "LineString", "coordinates": [[95.334516, 5.465822599999999], [95.33457319999998, 5.465439000000001], [95.3345763, 5.4653789], [95.33456159999999, 5.465308199999998], [95.33450140000001, 5.465164999999999], [95.3344732, 5.465104899999998], [95.33446469999998, 5.465037799999999], [95.3344708, 5.4649693], [95.3344865, 5.464910100000001], [95.3345094, 5.464849100000001], [95.3345445, 5.464728899999999], [95.3345597, 5.464626499999999], [95.33456409999998, 5.464516999999999], [95.3345498, 5.4644102], [95.33451569999998, 5.464307], [95.3344771, 5.464253099999999], [95.3343919, 5.464154399999999], [95.3343694, 5.464114], [95.334356, 5.464064699999999], [95.33435739999999, 5.4640208], [95.33438019999998, 5.4639679999999995], [95.33442159999998, 5.463916599999999], [95.3344835, 5.463845599999999], [95.33460830000001, 5.463733500000001], [95.3346451, 5.463681799999998], [95.3346942, 5.4635983], [95.334724, 5.4635575], [95.33476439999998, 5.4635166], [95.3348111, 5.4634809], [95.3348675, 5.463421800000001], [95.3349035, 5.4633601], [95.3349668, 5.4632404], [95.3349832, 5.463169399999999], [95.3349892, 5.463050900000001], [95.3349771, 5.4628841999999995]]}}, {"type": "Feature", "properties": {"layer": "osm_road", "stroke": "#999999"}, "geometry": {"type": "LineString", "coordinates": [[95.346294, 5.459786599999999], [95.346348, 5.459752899999999], [95.34640299999998, 5.4597209], [95.34649279999998, 5.4596889], [95.34667789999999, 5.4596754999999995], [95.34851919999998, 5.459770299999999], [95.34859969999998, 5.459760899999998], [95.34868279999999, 5.459738199999999], [95.34878749999999, 5.4596808], [95.3493212, 5.459344399999999]]}}, {"type": "Feature", "properties": {"layer": "osm_road", "stroke": "#999999"}, "geometry": {"type": "LineString", "coordinates": [[95.3423266, 5.463767999999998], [95.34232019999999, 5.463753699999999], [95.34200549999998, 5.4630638000000005]]}}, {"type": "Feature", "properties": {"layer": "osm_road", "stroke": "#999999"}, "geometry": {"type": "LineString", "coordinates": [[95.34235149999999, 5.4638367], [95.3423266, 5.463767999999998]]}}, {"type": "Feature", "properties": {"layer": "osm_road", "stroke": "#999999"}, "geometry": {"type": "LineString", "coordinates": [[95.32617239999999, 5.4982296], [95.32624679999999, 5.498399899999998], [95.32627369999999, 5.4984199], [95.3263112, 5.498419199999999], [95.32652509999998, 5.498401899999999], [95.32664849999999, 5.4984039], [95.32669749999998, 5.498402499999999], [95.3267884, 5.498393199999999]]}}, {"type": "Feature", "properties": {"layer": "osm_road", "stroke": "#999999"}, "geometry": {"type": "LineString", "coordinates": [[95.3268353, 5.4949703], [95.32686559999999, 5.494724099999999]]}}, {"type": "Feature", "properties": {"layer": "osm_road", "stroke": "#999999"}, "geometry": {"type": "LineString", "coordinates": [[95.3276184, 5.4887687], [95.32788629999999, 5.488666099999999]]}}, {"type": "Feature", "properties": {"layer": "osm_road", "stroke": "#999999"}, "geometry": {"type": "LineString", "coordinates": [[95.32829009999999, 5.4876996999999985], [95.3285596, 5.4877236], [95.3288063, 5.4876969], [95.32936690000001, 5.487536699999998], [95.329552, 5.4874633], [95.32957349999998, 5.487436599999999], [95.32957949999998, 5.4874119], [95.3295775, 5.4873885], [95.3295279, 5.4873258], [95.3292784, 5.4870401], [95.3292382, 5.486966699999999], [95.32921809999999, 5.486903999999999], [95.32913449999998, 5.4866]]}}, {"type": "Feature", "properties": {"layer": "osm_road", "stroke": "#999999"}, "geometry": {"type": "LineString", "coordinates": [[95.32840989999998, 5.486578999999999], [95.3284594, 5.4865798], [95.3285745, 5.486624499999999], [95.3286474, 5.486638699999999], [95.3287282, 5.486631599999999], [95.32892559999999, 5.486593799999999], [95.32902410000001, 5.4865945], [95.32913449999998, 5.4866]]}}, {"type": "Feature", "properties": {"layer": "osm_road", "stroke": "#999999"}, "geometry": {"type": "LineString", "coordinates": [[95.32593169999998, 5.492227799999999], [95.3262703, 5.492141], [95.32631989999999, 5.492142299999999], [95.32635079999999, 5.492152999999999], [95.32657069999999, 5.492556200000001], [95.32660419999999, 5.4925748], [95.32665649999998, 5.4925869], [95.32681079999999, 5.4925802], [95.3268416, 5.492588199999999], [95.3268577, 5.4926069], [95.3268751, 5.492753699999999], [95.32688589999998, 5.492781800000001], [95.3269047, 5.4927991], [95.3271447, 5.4927938], [95.3271675, 5.4927991], [95.3271957, 5.492819100000001], [95.32721439999999, 5.493028699999999], [95.3272386, 5.493066099999999], [95.3272748, 5.493084799999999], [95.327573, 5.4930513]]}}, {"type": "Feature", "properties": {"layer": "osm_road", "stroke": "#999999"}, "geometry": {"type": "LineString", "coordinates": [[95.3257218, 5.494240899999999], [95.3261904, 5.494069299999999]]}}, {"type": "Feature", "properties": {"layer": "osm_road", "stroke": "#999999"}, "geometry": {"type": "LineString", "coordinates": [[95.3304057, 5.4939279999999995], [95.3303969, 5.4937936], [95.3303996, 5.4937109], [95.3304398, 5.493620099999999], [95.33054439999998, 5.4934479], [95.3305927, 5.4934252], [95.33083269999999, 5.4934132]]}}, {"type": "Feature", "properties": {"layer": "osm_road", "stroke": "#999999"}, "geometry": {"type": "LineString", "coordinates": [[95.3269795, 5.489691299999999], [95.327142, 5.490057099999999], [95.32715139999999, 5.490104499999999], [95.3271963, 5.4904976], [95.32720509999999, 5.4905417], [95.3272266, 5.490572399999999], [95.32754169999998, 5.4908206999999996], [95.3275618, 5.4908618], [95.32756849999998, 5.490906800000001], [95.3275631, 5.490948899999999], [95.3274626, 5.4911331], [95.32745049999998, 5.4911845], [95.32744909999998, 5.4912346], [95.3274545, 5.4912826], [95.32774889999999, 5.492111599999999], [95.32775489999999, 5.4921363], [95.32775159999998, 5.492162300000001], [95.32765900000001, 5.4922451], [95.32764629999998, 5.492271100000001], [95.3276221, 5.492411999999999], [95.32754839999998, 5.492556200000001], [95.32752489999999, 5.492612899999999], [95.3275149, 5.492673], [95.32752089999998, 5.4927504], [95.3275483, 5.4929086], [95.327573, 5.4930513], [95.3275913, 5.493156899999999], [95.32772410000001, 5.493538699999999], [95.32779249999999, 5.4938083], [95.3278126, 5.4940046], [95.32781709999999, 5.494413099999999], [95.327818, 5.4944958]]}}, {"type": "Feature", "properties": {"layer": "osm_road", "stroke": "#999999"}, "geometry": {"type": "LineString", "coordinates": [[95.34464319999998, 5.468496799999998], [95.3439783, 5.468630800000001]]}}, {"type": "Feature", "properties": {"layer": "osm_road", "stroke": "#999999"}, "geometry": {"type": "LineString", "coordinates": [[95.3507468, 5.468855], [95.3518599, 5.468630800000001]]}}, {"type": "Feature", "properties": {"layer": "osm_road", "stroke": "#999999"}, "geometry": {"type": "LineString", "coordinates": [[95.3383912, 5.474726300000001], [95.33793659999999, 5.473303199999999]]}}, {"type": "Feature", "properties": {"layer": "osm_road", "stroke": "#999999"}, "geometry": {"type": "LineString", "coordinates": [[95.34850049999999, 5.4813118], [95.348384, 5.4807281]]}}, {"type": "Feature", "properties": {"layer": "osm_road", "stroke": "#999999"}, "geometry": {"type": "LineString", "coordinates": [[95.32482489999998, 5.4867306000000005], [95.3247328, 5.486495399999999], [95.3245092, 5.486113899999999], [95.32437189999999, 5.4859249], [95.32429859999999, 5.485784499999999], [95.3242131, 5.485511599999999], [95.3242184, 5.4854662], [95.32424259999999, 5.4854208], [95.3243024, 5.4853849], [95.3243247, 5.4853152000000005], [95.32430019999998, 5.4847266], [95.32431359999998, 5.4846866], [95.3243767, 5.484614500000001], [95.3244008, 5.484566400000001], [95.3244096, 5.4844389]]}}, {"type": "Feature", "properties": {"layer": "osm_road", "stroke": "#999999"}, "geometry": {"type": "LineString", "coordinates": [[95.33998439999999, 5.488160199999999], [95.3400931, 5.4882349], [95.3401561, 5.4882629], [95.3402379, 5.488261600000001], [95.3410466, 5.488160199999999], [95.3410788, 5.4881475], [95.34109889999999, 5.4881134], [95.34110559999999, 5.4878865], [95.3411337, 5.4878618], [95.34116389999998, 5.4878484], [95.3412055, 5.4878411], [95.3412122, 5.4878164], [95.34119479999998, 5.4875741], [95.34119419999999, 5.487478], [95.34121699999999, 5.487306599999999], [95.3412464, 5.487240999999999]]}}, {"type": "Feature", "properties": {"layer": "osm_road", "stroke": "#999999"}, "geometry": {"type": "LineString", "coordinates": [[95.33835459999999, 5.4953135], [95.33863259999998, 5.4953287999999985]]}}, {"type": "Feature", "properties": {"layer": "osm_road", "stroke": "#999999"}, "geometry": {"type": "LineString", "coordinates": [[95.3271047, 5.4999767], [95.3271782, 5.4996901], [95.32725869999999, 5.499415099999999], [95.327315, 5.4991054]]}}, {"type": "Feature", "properties": {"layer": "osm_road", "stroke": "#999999"}, "geometry": {"type": "LineString", "coordinates": [[95.3284147, 5.492250399999999], [95.3285113, 5.492719], [95.32861719999998, 5.4934252]]}}, {"type": "Feature", "properties": {"layer": "osm_road", "stroke": "#999999"}, "geometry": {"type": "LineString", "coordinates": [[95.32775159999998, 5.492162300000001], [95.3284147, 5.492250399999999], [95.3289925, 5.492238799999999]]}}, {"type": "Feature", "properties": {"layer": "osm_road", "stroke": "#999999"}, "geometry": {"type": "LineString", "coordinates": [[95.3196168, 5.487563099999999], [95.3196677, 5.487461299999999], [95.31970389999998, 5.4873791999999995], [95.3197012, 5.4873508], [95.31968109999998, 5.4872844], [95.31959359999999, 5.4870655], [95.31952919999999, 5.486734099999999], [95.3195343, 5.4866953999999994], [95.31956409999998, 5.4866043], [95.31951889999999, 5.4863937], [95.3195054, 5.486364999999999], [95.3194347, 5.4862899]]}}, {"type": "Feature", "properties": {"layer": "osm_road", "stroke": "#999999"}, "geometry": {"type": "LineString", "coordinates": [[95.318622, 5.493071799999999], [95.3189117, 5.4930888]]}}, {"type": "Feature", "properties": {"layer": "osm_road", "stroke": "#999999"}, "geometry": {"type": "LineString", "coordinates": [[95.31676829999999, 5.499773199999999], [95.31684439999998, 5.4997741]]}}, {"type": "Feature", "properties": {"layer": "osm_road", "stroke": "#999999"}, "geometry": {"type": "LineString", "coordinates": [[95.3167381, 5.4997565], [95.31676829999999, 5.499773199999999]]}}, {"type": "Feature", "properties": {"layer": "osm_road", "stroke": "#999999"}, "geometry": {"type": "LineString", "coordinates": [[95.3170904, 5.498606999999999], [95.3170516, 5.4985447]]}}, {"type": "Feature", "properties": {"layer": "osm_road", "stroke": "#999999"}, "geometry": {"type": "LineString", "coordinates": [[95.3171107, 5.499168299999998], [95.31710719999998, 5.498714499999999], [95.3170904, 5.498606999999999]]}}, {"type": "Feature", "properties": {"layer": "osm_road", "stroke": "#999999"}, "geometry": {"type": "LineString", "coordinates": [[95.3037693, 5.4980694], [95.3045894, 5.498077800000001], [95.30507009999998, 5.4980827]]}}, {"type": "Feature", "properties": {"layer": "osm_road", "stroke": "#999999"}, "geometry": {"type": "LineString", "coordinates": [[95.3037687, 5.4981929], [95.3037693, 5.4980694], [95.30377059999998, 5.497817799999999], [95.3037713, 5.4976602], [95.3037735, 5.497207100000001]]}}, {"type": "Feature", "properties": {"layer": "osm_road", "stroke": "#999999"}, "geometry": {"type": "LineString", "coordinates": [[95.3433881, 5.4870703999999995], [95.3432085, 5.486514199999999]]}}, {"type": "Feature", "properties": {"layer": "osm_road", "stroke": "#999999"}, "geometry": {"type": "LineString", "coordinates": [[95.3432085, 5.486514199999999], [95.3432598, 5.486497499999999], [95.34328089999998, 5.4864688], [95.34329160000001, 5.486426], [95.34318159999998, 5.4858881]]}}, {"type": "Feature", "properties": {"layer": "osm_road", "stroke": "#999999"}, "geometry": {"type": "LineString", "coordinates": [[95.3650128, 5.464466899999999], [95.36519590000002, 5.4644015], [95.3652133, 5.4643908], [95.36522539999999, 5.464369399999998], [95.36518979999998, 5.4635784], [95.3651818, 5.463065799999999], [95.36518749999999, 5.4630437], [95.3652026, 5.463025099999999], [95.365342, 5.462970299999999], [95.36535549999999, 5.462959999999999], [95.3653675, 5.462940999999999], [95.36552849999998, 5.462423], [95.3655271, 5.462316799999999], [95.36550699999998, 5.462046499999999], [95.36548959999999, 5.4618316], [95.3654923, 5.461547199999999], [95.3654923, 5.4614811], [95.36547819999998, 5.461415], [95.36540979999998, 5.461120300000001], [95.36538760000002, 5.4609858], [95.3653915, 5.460964299999999], [95.365399, 5.4609468], [95.36603669999998, 5.460517900000001], [95.3660629, 5.460514599999999], [95.36608400000001, 5.4605206], [95.36611179999998, 5.4605379], [95.36633301628903, 5.461033735368724]]}}, {"type": "Feature", "properties": {"layer": "osm_road", "stroke": "#999999"}, "geometry": {"type": "LineString", "coordinates": [[95.3599699, 5.464304199999999], [95.3599622, 5.4646738], [95.359963, 5.4646802999999995], [95.35996789999999, 5.464687099999999], [95.36002929999998, 5.4646958], [95.36003899999999, 5.4647032], [95.3600445, 5.464713299999999], [95.36007149999999, 5.465012199999999], [95.36008190000001, 5.4650269], [95.36009699999998, 5.465035199999998], [95.3601694, 5.465042899999999], [95.3601966, 5.465066], [95.36022139999999, 5.465102300000001], [95.36026999999999, 5.465454800000001]]}}, {"type": "Feature", "properties": {"layer": "osm_road", "stroke": "#999999"}, "geometry": {"type": "LineString", "coordinates": [[95.3621911, 5.4618222], [95.36297569999999, 5.4617341], [95.3630102, 5.461744099999999], [95.36303, 5.461754799999999], [95.36304469999999, 5.462291500000001], [95.3630531, 5.462326499999999], [95.36306349999998, 5.4623502], [95.3633109, 5.4627464], [95.36332699999998, 5.462757399999999], [95.3633576, 5.462764699999999], [95.36408209999999, 5.462670599999999], [95.36411359999998, 5.462674299999999], [95.3641397, 5.4626866], [95.36417929999999, 5.462855499999998]]}}, {"type": "Feature", "properties": {"layer": "osm_road", "stroke": "#999999"}, "geometry": {"type": "LineString", "coordinates": [[95.35536959999999, 5.46667], [95.3555097, 5.466565500000001], [95.35559219999999, 5.4665181], [95.35602669999999, 5.4663466], [95.3564036, 5.466233799999999]]}}, {"type": "Feature", "properties": {"layer": "osm_road", "stroke": "#999999"}, "geometry": {"type": "LineString", "coordinates": [[95.35305469999999, 5.4661729999999995], [95.35295689999998, 5.465723099999998]]}}, {"type": "Feature", "properties": {"layer": "osm_road", "stroke": "#999999"}, "geometry": {"type": "LineString", "coordinates": [[95.3530332, 5.466200999999999], [95.35305469999999, 5.4661729999999995], [95.35310679999999, 5.466105300000001], [95.3533861, 5.4659688], [95.3534062, 5.465953099999999], [95.35342369999998, 5.465929999999999], [95.3534344, 5.4658926999999995], [95.35336930000001, 5.465639]]}}, {"type": "Feature", "properties": {"layer": "osm_road", "stroke": "#999999"}, "geometry": {"type": "LineString", "coordinates": [[95.3532955, 5.467765], [95.35346589999999, 5.4686942]]}}, {"type": "Feature", "properties": {"layer": "osm_road", "stroke": "#999999"}, "geometry": {"type": "LineString", "coordinates": [[95.35346589999999, 5.4686942], [95.353659, 5.469286900000001], [95.3538367, 5.4698326]]}}, {"type": "Feature", "properties": {"layer": "osm_road", "stroke": "#999999"}, "geometry": {"type": "LineString", "coordinates": [[95.3530093, 5.468851], [95.35313, 5.468788899999999], [95.35314739999998, 5.4687722999999995], [95.35317349999998, 5.4686680999999995], [95.3531896, 5.4686598], [95.3532178, 5.468651399999999], [95.35346589999999, 5.4686942], [95.35420019999998, 5.468591999999999]]}}, {"type": "Feature", "properties": {"layer": "osm_road", "stroke": "#999999"}, "geometry": {"type": "LineString", "coordinates": [[95.35257209999999, 5.470487699999999], [95.35256889999998, 5.470456800000001], [95.35252509999998, 5.4700045], [95.35248019999999, 5.4696747000000006], [95.3524467, 5.469590600000001], [95.35231049999999, 5.469335599999999], [95.35229179999999, 5.4692675], [95.35220659999999, 5.468822299999999]]}}, {"type": "Feature", "properties": {"layer": "osm_road", "stroke": "#999999"}, "geometry": {"type": "LineString", "coordinates": [[95.35405129999998, 5.4702994], [95.35400229999999, 5.4700605], [95.3539802, 5.4699951], [95.3538367, 5.4698326], [95.35381059999999, 5.4698326], [95.35378339999998, 5.4698402999999995], [95.3533452, 5.470017799999998], [95.35332839999998, 5.470018499999999], [95.353307, 5.4700045], [95.3532238, 5.469642699999999], [95.35319530000001, 5.4693369999999994], [95.3531856, 5.469318299999999], [95.3531662, 5.4693019], [95.3530438, 5.469288899999999], [95.35302899999999, 5.4692726], [95.35302, 5.469247499999999], [95.353018, 5.4688978], [95.3530093, 5.468851], [95.3529932, 5.468804299999999], [95.352963, 5.468756899999999], [95.35293779999999, 5.468739399999999], [95.3529107, 5.4687288999999994], [95.352504, 5.468793], [95.35247649999998, 5.4687923], [95.35245070000002, 5.4687869], [95.35237209999998, 5.468739699999999]]}}, {"type": "Feature", "properties": {"layer": "osm_road", "stroke": "#999999"}, "geometry": {"type": "LineString", "coordinates": [[95.35230789999999, 5.466940599999999], [95.3523449, 5.466111899999999], [95.3524245, 5.4656684], [95.3524822, 5.465496199999999], [95.35249829999998, 5.4654791], [95.352965, 5.465114300000001], [95.3529854, 5.465106999999999], [95.35300819999999, 5.465102300000001], [95.3534569, 5.465161699999999]]}}, {"type": "Feature", "properties": {"layer": "osm_road", "stroke": "#999999"}, "geometry": {"type": "LineString", "coordinates": [[95.35405129999998, 5.4631439], [95.3538501, 5.4632233], [95.35384109999998, 5.463238], [95.3538391, 5.4632624], [95.35385679999999, 5.463519]]}}, {"type": "Feature", "properties": {"layer": "osm_road", "stroke": "#999999"}, "geometry": {"type": "LineString", "coordinates": [[95.356869, 5.468993199999999], [95.3571915, 5.468953199999999]]}}, {"type": "Feature", "properties": {"layer": "osm_road", "stroke": "#999999"}, "geometry": {"type": "LineString", "coordinates": [[95.3566753, 5.4683044999999995], [95.3562601, 5.468361099999999]]}}, {"type": "Feature", "properties": {"layer": "osm_road", "stroke": "#999999"}, "geometry": {"type": "LineString", "coordinates": [[95.3561258, 5.467841899999999], [95.3553978, 5.467896499999999]]}}, {"type": "Feature", "properties": {"layer": "osm_road", "stroke": "#999999"}, "geometry": {"type": "LineString", "coordinates": [[95.3625504, 5.4703573], [95.36250359999998, 5.4705618], [95.3624996, 5.4706373], [95.3625076, 5.4707207], [95.3626196, 5.471171299999999]]}}, {"type": "Feature", "properties": {"layer": "osm_road", "stroke": "#999999"}, "geometry": {"type": "LineString", "coordinates": [[95.3566343, 5.4721258], [95.35643910000002, 5.472350099999999], [95.3564334, 5.472370099999998], [95.3564328, 5.4723874], [95.35645719999998, 5.4724531999999995], [95.3564623, 5.472488599999999], [95.3564633, 5.4725836999999995]]}}, {"type": "Feature", "properties": {"layer": "osm_road", "stroke": "#999999"}, "geometry": {"type": "LineString", "coordinates": [[95.35798260000001, 5.472824100000001], [95.3580042, 5.473086999999999]]}}, {"type": "Feature", "properties": {"layer": "osm_road", "stroke": "#999999"}, "geometry": {"type": "LineString", "coordinates": [[95.35800489999998, 5.4706326], [95.35827009999998, 5.471781000000001], [95.35827739999999, 5.471843399999998], [95.3582818, 5.4719508999999995], [95.35827779999998, 5.472058399999999], [95.35826499999999, 5.4721231], [95.3581846, 5.472256599999999]]}}, {"type": "Feature", "properties": {"layer": "osm_road", "stroke": "#999999"}, "geometry": {"type": "LineString", "coordinates": [[95.3575415, 5.469858899999999], [95.35756670000002, 5.4700902], [95.35755559999998, 5.4701021], [95.35754119999999, 5.470108599999999], [95.35715589999998, 5.470186]]}}, {"type": "Feature", "properties": {"layer": "osm_road", "stroke": "#999999"}, "geometry": {"type": "LineString", "coordinates": [[95.3526619, 5.478023], [95.3523702, 5.478055099999999], [95.3523538, 5.4780524999999995], [95.35234469999999, 5.478043099999998], [95.35231859999999, 5.477921]]}}, {"type": "Feature", "properties": {"layer": "osm_road", "stroke": "#999999"}, "geometry": {"type": "LineString", "coordinates": [[95.35459389999998, 5.4764099], [95.3544027, 5.476412100000001], [95.35439089999998, 5.476418599999999], [95.35438320000002, 5.4764311], [95.35436329999999, 5.4765751], [95.35435119999998, 5.4765920999999995], [95.3539938, 5.4766282], [95.3539805, 5.4766399], [95.35400029999998, 5.476762199999999], [95.3540312, 5.476814899999999], [95.3542504, 5.477039200000001], [95.3543801, 5.4771285]]}}, {"type": "Feature", "properties": {"layer": "osm_road", "stroke": "#999999"}, "geometry": {"type": "LineString", "coordinates": [[95.3561554, 5.477892299999999], [95.3559597, 5.477918900000001], [95.35502759999999, 5.477957700000001], [95.3549746, 5.477956999999999], [95.3544431, 5.4778575], [95.3544297, 5.477849900000001], [95.3544201, 5.4778338], [95.35441709999999, 5.4777631], [95.354399, 5.4777164], [95.3539316, 5.4775565], [95.35391319999998, 5.4775375], [95.3538875, 5.4774919], [95.35385409999999, 5.477465700000001], [95.35369240000001, 5.477442399999999], [95.35367079999999, 5.477448999999999], [95.3536532, 5.477459499999999], [95.35362179999998, 5.4775018], [95.35360269999998, 5.4775108], [95.35358159999998, 5.4775144], [95.35345919999999, 5.477470399999998], [95.3534444, 5.4774519999999995], [95.35344179999998, 5.477433699999999], [95.3534401, 5.4772928], [95.35342699999998, 5.477276199999999], [95.3534072, 5.4772625], [95.35327079999999, 5.4772485], [95.3532507, 5.477239100000001], [95.35322949999998, 5.4772236], [95.3527507, 5.4769779]]}}, {"type": "Feature", "properties": {"layer": "osm_road", "stroke": "#999999"}, "geometry": {"type": "LineString", "coordinates": [[95.3543932, 5.479735599999999], [95.35417669999998, 5.478976999999999], [95.35415989999998, 5.478881099999999], [95.3541418, 5.478838099999999], [95.3540399, 5.478834099999999], [95.3540262, 5.478822399999999], [95.35393329999998, 5.4788047], [95.3538515, 5.4783148], [95.3538428, 5.478278099999999], [95.35382999999999, 5.478245299999999], [95.35374349999998, 5.4782247], [95.3536466, 5.478220900000001], [95.3536152, 5.4781163], [95.35359939999998, 5.478111199999999], [95.35357319999999, 5.4781099], [95.35347059999998, 5.4781146], [95.3531608, 5.4782254]]}}, {"type": "Feature", "properties": {"layer": "osm_road", "stroke": "#999999"}, "geometry": {"type": "LineString", "coordinates": [[95.3527048, 5.477978599999999], [95.35286580000002, 5.477979299999999], [95.3528939, 5.4779867], [95.35290599999999, 5.4780036], [95.3530653, 5.478214899999999], [95.35308769999999, 5.4782247], [95.3531608, 5.4782254]]}}, {"type": "Feature", "properties": {"layer": "osm_road", "stroke": "#999999"}, "geometry": {"type": "LineString", "coordinates": [[95.35647459999998, 5.480958200000001], [95.35674530000001, 5.4808512], [95.3567417, 5.480822500000001], [95.3567324, 5.4806833], [95.35671960000002, 5.480555599999999]]}}, {"type": "Feature", "properties": {"layer": "osm_road", "stroke": "#999999"}, "geometry": {"type": "LineString", "coordinates": [[95.35205979999999, 5.4836066], [95.35225759999999, 5.4836286], [95.3522837, 5.4836386], [95.35237889999999, 5.483698], [95.3524101, 5.483741099999998], [95.3524805, 5.484001799999999]]}}, {"type": "Feature", "properties": {"layer": "osm_road", "stroke": "#999999"}, "geometry": {"type": "LineString", "coordinates": [[95.3524037, 5.485037700000001], [95.3523347, 5.484830799999999]]}}, {"type": "Feature", "properties": {"layer": "osm_road", "stroke": "#999999"}, "geometry": {"type": "LineString", "coordinates": [[95.3518541, 5.485270500000001], [95.35192829999998, 5.4854282], [95.3519375, 5.4854368000000004], [95.35194859999999, 5.4854402], [95.3521243, 5.485403299999999], [95.352138, 5.4854047999999995], [95.3521535, 5.4854107999999995], [95.3522073, 5.485594399999998]]}}, {"type": "Feature", "properties": {"layer": "osm_road", "stroke": "#999999"}, "geometry": {"type": "LineString", "coordinates": [[95.35429409999999, 5.4833094], [95.35426489999999, 5.483317600000001]]}}, {"type": "Feature", "properties": {"layer": "osm_road", "stroke": "#999999"}, "geometry": {"type": "LineString", "coordinates": [[95.354345, 5.483295199999999], [95.35429409999999, 5.4833094]]}}, {"type": "Feature", "properties": {"layer": "osm_road", "stroke": "#999999"}, "geometry": {"type": "LineString", "coordinates": [[95.35436719999998, 5.483641899999999], [95.3546937, 5.483595899999999]]}}, {"type": "Feature", "properties": {"layer": "osm_road", "stroke": "#999999"}, "geometry": {"type": "LineString", "coordinates": [[95.3545623, 5.485944300000001], [95.3545178, 5.4859256]]}}, {"type": "Feature", "properties": {"layer": "osm_road", "stroke": "#999999"}, "geometry": {"type": "LineString", "coordinates": [[95.3545845, 5.485950999999999], [95.3545623, 5.485944300000001]]}}, {"type": "Feature", "properties": {"layer": "osm_road", "stroke": "#999999"}, "geometry": {"type": "LineString", "coordinates": [[95.35470589999998, 5.4854989], [95.3551617, 5.4854655]]}}, {"type": "Feature", "properties": {"layer": "osm_road", "stroke": "#999999"}, "geometry": {"type": "LineString", "coordinates": [[95.36627679999998, 5.473629999999999], [95.36633301628903, 5.473608809488565]]}}, {"type": "Feature", "properties": {"layer": "osm_road", "stroke": "#999999"}, "geometry": {"type": "LineString", "coordinates": [[95.36446090000001, 5.4747557], [95.36437179999999, 5.4747317], [95.36431949999998, 5.474682900000001], [95.36415519999998, 5.474366599999999], [95.3640157, 5.4741176], [95.3638668, 5.4737344], [95.3638534, 5.473599599999999], [95.3639325, 5.4731017], [95.36415649999999, 5.4725049]]}}, {"type": "Feature", "properties": {"layer": "osm_road", "stroke": "#999999"}, "geometry": {"type": "LineString", "coordinates": [[95.36633301628903, 5.470127589045215], [95.3661668, 5.4697335]]}}, {"type": "Feature", "properties": {"layer": "osm_road", "stroke": "#999999"}, "geometry": {"type": "LineString", "coordinates": [[95.36268699999998, 5.4693821], [95.36253509999999, 5.469439799999999]]}}, {"type": "Feature", "properties": {"layer": "osm_road", "stroke": "#999999"}, "geometry": {"type": "LineString", "coordinates": [[95.3633606, 5.4683905], [95.36352220000002, 5.4687269], [95.36381319999998, 5.4689725000000005], [95.3639929, 5.469080599999999], [95.3640398, 5.4690913], [95.36433889999999, 5.469094], [95.3643553, 5.469105], [95.3643711, 5.469122], [95.3644636, 5.4697548], [95.36444819999998, 5.4698897], [95.36444179999998, 5.469903], [95.36443379999999, 5.4699127]]}}, {"type": "Feature", "properties": {"layer": "osm_road", "stroke": "#999999"}, "geometry": {"type": "LineString", "coordinates": [[95.36250359999998, 5.4705618], [95.3621301, 5.4706506]]}}, {"type": "Feature", "properties": {"layer": "osm_road", "stroke": "#999999"}, "geometry": {"type": "LineString", "coordinates": [[95.3626196, 5.471171299999999], [95.36374749999999, 5.470857499999999]]}}, {"type": "Feature", "properties": {"layer": "osm_road", "stroke": "#999999"}, "geometry": {"type": "LineString", "coordinates": [[95.3624506, 5.4714302], [95.3626196, 5.471171299999999]]}}, {"type": "Feature", "properties": {"layer": "osm_road", "stroke": "#999999"}, "geometry": {"type": "LineString", "coordinates": [[95.3625397, 5.471636099999998], [95.3624661, 5.4714543], [95.3624506, 5.4714302], [95.36203349999998, 5.471563699999999]]}}, {"type": "Feature", "properties": {"layer": "osm_road", "stroke": "#999999"}, "geometry": {"type": "LineString", "coordinates": [[95.36137119999998, 5.4710302], [95.3614542, 5.471615799999999], [95.3614683, 5.4716672], [95.3615953, 5.4719394999999995], [95.3616025, 5.471946399999999], [95.3616168, 5.4719486], [95.3625397, 5.471636099999998], [95.36299379999998, 5.4714823]]}}, {"type": "Feature", "properties": {"layer": "osm_road", "stroke": "#999999"}, "geometry": {"type": "LineString", "coordinates": [[95.359354, 5.4691527], [95.3593641, 5.4692088]]}}, {"type": "Feature", "properties": {"layer": "osm_road", "stroke": "#999999"}, "geometry": {"type": "LineString", "coordinates": [[95.35933269999998, 5.468995699999999], [95.359354, 5.4691527]]}}, {"type": "Feature", "properties": {"layer": "osm_road", "stroke": "#999999"}, "geometry": {"type": "LineString", "coordinates": [[95.3593641, 5.4692088], [95.3593698, 5.4692462], [95.3593916, 5.469387700000001], [95.3594305, 5.470153999999999], [95.3594365, 5.4701702999999995], [95.3594526, 5.470176000000001], [95.359806, 5.470208699999999], [95.3598192, 5.4702146], [95.3598315, 5.470227399999999], [95.35988639999998, 5.4706038999999995]]}}, {"type": "Feature", "properties": {"layer": "osm_road", "stroke": "#999999"}, "geometry": {"type": "LineString", "coordinates": [[95.3605469, 5.4711439], [95.3604095, 5.471031100000001], [95.36038469999998, 5.4710017], [95.3602573, 5.470697999999999], [95.36026529999998, 5.470672999999999], [95.36028009999998, 5.470653299999999], [95.36054219999998, 5.470507800000001]]}}, {"type": "Feature", "properties": {"layer": "osm_road", "stroke": "#999999"}, "geometry": {"type": "LineString", "coordinates": [[95.3596631, 5.471675500000001], [95.3596155, 5.471198]]}}, {"type": "Feature", "properties": {"layer": "osm_road", "stroke": "#999999"}, "geometry": {"type": "LineString", "coordinates": [[95.3604178, 5.471285], [95.3600547, 5.4714342], [95.3599897, 5.471476299999999], [95.35991390000001, 5.4715377], [95.3597067, 5.471641199999999], [95.3596631, 5.471675500000001], [95.3593875, 5.472110099999999], [95.35937679999999, 5.4721411], [95.35937279999999, 5.4721698], [95.3593818, 5.472345699999999]]}}, {"type": "Feature", "properties": {"layer": "osm_road", "stroke": "#999999"}, "geometry": {"type": "LineString", "coordinates": [[95.35227429999999, 5.4705211], [95.3509863, 5.470705699999999]]}}, {"type": "Feature", "properties": {"layer": "osm_road", "stroke": "#999999"}, "geometry": {"type": "LineString", "coordinates": [[95.352281, 5.470576499999999], [95.35227429999999, 5.4705211], [95.35256889999998, 5.470456800000001]]}}, {"type": "Feature", "properties": {"layer": "osm_road", "stroke": "#999999"}, "geometry": {"type": "LineString", "coordinates": [[95.35514129999999, 5.463690699999999], [95.3550833, 5.4633595], [95.355088, 5.463309399999999], [95.3551061, 5.4632700000000005], [95.3551751, 5.4630491], [95.35518179999998, 5.462983699999998], [95.35518850000001, 5.4629089], [95.35520999999999, 5.4628368], [95.3552529, 5.4628034], [95.355317, 5.4627634], [95.35545879999998, 5.4627087], [95.3555929, 5.462625199999999], [95.35562779999998, 5.462586499999999], [95.35564119999998, 5.4625531], [95.3556244, 5.462439], [95.355615, 5.4623028], [95.35564719999999, 5.462188], [95.3556807, 5.4620478], [95.3556928, 5.461903599999999], [95.35570890000001, 5.4618316], [95.35575179999998, 5.4617902], [95.355847, 5.4617448], [95.35590069999999, 5.461702100000001], [95.3559208, 5.461641999999999], [95.35593689999999, 5.461489799999998], [95.35596099999998, 5.461380299999999], [95.3559932, 5.4613135999999995], [95.35600799999999, 5.4612495], [95.35601329999999, 5.461169399999999], [95.35572500000002, 5.460317599999998]]}}, {"type": "Feature", "properties": {"layer": "osm_road", "stroke": "#999999"}, "geometry": {"type": "LineString", "coordinates": [[95.3649753, 5.466828499999998], [95.36427719999999, 5.466975299999999]]}}, {"type": "Feature", "properties": {"layer": "osm_road", "stroke": "#999999"}, "geometry": {"type": "LineString", "coordinates": [[95.3632613, 5.468193699999999], [95.36303399999998, 5.467649499999999], [95.3630032, 5.467463999999999], [95.36301589999998, 5.4672343], [95.3630407, 5.467146199999998], [95.36307490000002, 5.4670600999999985], [95.3635349, 5.4665435], [95.36360729999998, 5.466486699999999], [95.36365899999998, 5.466444], [95.36375349999999, 5.4663853], [95.3638078, 5.4663793], [95.36386079999998, 5.4663806], [95.3640093, 5.4664273]]}}, {"type": "Feature", "properties": {"layer": "osm_road", "stroke": "#999999"}, "geometry": {"type": "LineString", "coordinates": [[95.3594316, 5.4640437], [95.3593198, 5.463162600000001], [95.3593243, 5.4631038], [95.35933289999998, 5.4630638000000005], [95.3593587, 5.4630144], [95.3594043, 5.4629767], [95.3594378, 5.462954299999999], [95.36009459999998, 5.462812099999999], [95.3601402, 5.462801799999999], [95.3601791, 5.4627878], [95.3603867, 5.4624777], [95.3604289, 5.4624467], [95.36053539999999, 5.462382099999999], [95.3605442, 5.462382700000001], [95.3605531, 5.462389599999999], [95.360615, 5.4630187], [95.3606101, 5.4630397], [95.36059889999999, 5.4630567999999995], [95.3605308, 5.463105799999999], [95.3605147, 5.463130499999999], [95.36051009999998, 5.4631498999999994], [95.36063609999998, 5.463472299999999]]}}, {"type": "Feature", "properties": {"layer": "osm_road", "stroke": "#999999"}, "geometry": {"type": "LineString", "coordinates": [[95.3595465, 5.4689525], [95.3595994, 5.4687496], [95.3596289, 5.4687068], [95.3600138, 5.468296999999999], [95.36002160000001, 5.4682796], [95.3600185, 5.468260600000001], [95.35958869999999, 5.4679352]]}}, {"type": "Feature", "properties": {"layer": "osm_road", "stroke": "#999999"}, "geometry": {"type": "LineString", "coordinates": [[95.3546496, 5.477127499999999], [95.3545695, 5.476457], [95.35459389999998, 5.4764099]]}}, {"type": "Feature", "properties": {"layer": "osm_road", "stroke": "#999999"}, "geometry": {"type": "LineString", "coordinates": [[95.35681389999999, 5.468856100000001], [95.35614339999998, 5.468988499999999], [95.3554266, 5.4692528000000005], [95.3553969, 5.4692522], [95.35536219999999, 5.4692375], [95.3552194, 5.4688083], [95.35518850000001, 5.4687228999999995], [95.3551235, 5.468371099999999], [95.35511259999998, 5.468271099999999], [95.3551049, 5.468247099999999], [95.3548774, 5.4681454999999985], [95.3548533, 5.468101100000001], [95.35483819999999, 5.4680594], [95.3548268, 5.4680016], [95.35477349999998, 5.4675654], [95.3547108, 5.4673758], [95.354696, 5.467358499999999], [95.35467219999998, 5.467344499999999], [95.3545596, 5.4673385], [95.35454679999998, 5.4673256], [95.3545334, 5.467304400000001], [95.3544627, 5.4671506], [95.3544519, 5.467103699999999], [95.3544509, 5.4670685], [95.3545529, 5.4666002], [95.35462929999998, 5.466463999999999], [95.3547285, 5.4663439], [95.355088, 5.4661396]]}}, {"type": "Feature", "properties": {"layer": "osm_road", "stroke": "#999999"}, "geometry": {"type": "LineString", "coordinates": [[95.3522857, 5.4706106], [95.352281, 5.470576499999999]]}}, {"type": "Feature", "properties": {"layer": "osm_road", "stroke": "#999999"}, "geometry": {"type": "LineString", "coordinates": [[95.3522987, 5.470645499999999], [95.3522857, 5.4706106]]}}, {"type": "Feature", "properties": {"layer": "osm_road", "stroke": "#999999"}, "geometry": {"type": "LineString", "coordinates": [[95.3531608, 5.4826441], [95.3529526, 5.482715800000001]]}}, {"type": "Feature", "properties": {"layer": "osm_road", "stroke": "#999999"}, "geometry": {"type": "LineString", "coordinates": [[95.353659, 5.469286900000001], [95.3540097, 5.469180800000001]]}}, {"type": "Feature", "properties": {"layer": "osm_road", "stroke": "#999999"}, "geometry": {"type": "LineString", "coordinates": [[95.35257539999999, 5.470533799999999], [95.35257209999999, 5.470487699999999]]}}, {"type": "Feature", "properties": {"layer": "osm_road", "stroke": "#999999"}, "geometry": {"type": "LineString", "coordinates": [[95.35258210000002, 5.470593199999999], [95.35257539999999, 5.470533799999999]]}}, {"type": "Feature", "properties": {"layer": "osm_road", "stroke": "#999999"}, "geometry": {"type": "LineString", "coordinates": [[95.3593698, 5.4692462], [95.3595458, 5.469182099999999], [95.35970739999999, 5.469173399999999], [95.3598697, 5.469180099999999], [95.3606482, 5.4692288], [95.36140229999998, 5.469154799999999]]}}, {"type": "Feature", "properties": {"layer": "osm_road", "stroke": "#999999"}, "geometry": {"type": "LineString", "coordinates": [[95.2840383, 5.4867024], [95.2843187, 5.486799999999999]]}}, {"type": "Feature", "properties": {"layer": "osm_road", "stroke": "#999999"}, "geometry": {"type": "LineString", "coordinates": [[95.2961469, 5.4985503], [95.29611429999999, 5.4990426999999995]]}}, {"type": "Feature", "properties": {"layer": "osm_road", "stroke": "#999999"}, "geometry": {"type": "LineString", "coordinates": [[95.2960374, 5.4985368999999995], [95.2961469, 5.4985503], [95.2963884, 5.498579799999998]]}}, {"type": "Feature", "properties": {"layer": "osm_road", "stroke": "#999999"}, "geometry": {"type": "LineString", "coordinates": [[95.3653333, 5.499730100000001], [95.36633301628903, 5.499471849884076]]}}, {"type": "Feature", "properties": {"layer": "osm_road", "stroke": "#999999"}, "geometry": {"type": "LineString", "coordinates": [[95.36575639999998, 5.499238899999999], [95.3655714, 5.4992122], [95.36522, 5.499257500000001], [95.3650698, 5.4992709], [95.36489279999999, 5.4992709], [95.36478280000001, 5.499260200000001], [95.3646621, 5.4992148]]}}, {"type": "Feature", "properties": {"layer": "osm_road", "stroke": "#999999"}, "geometry": {"type": "LineString", "coordinates": [[95.35671809999998, 5.494132799999999], [95.35677639999999, 5.494123500000001], [95.35685549999998, 5.494122100000001], [95.35692259999999, 5.4941168], [95.3570393, 5.4940967999999994]]}}, {"type": "Feature", "properties": {"layer": "osm_road", "stroke": "#999999"}, "geometry": {"type": "LineString", "coordinates": [[95.3554505, 5.493290899999999], [95.35545939999999, 5.4932129], [95.3554648, 5.493119499999999], [95.3554836, 5.493063399999999], [95.35552649999998, 5.4930261], [95.35560160000001, 5.4929993999999995], [95.35575449999999, 5.4929913], [95.35591579999999, 5.492974299999999], [95.3561161, 5.492958299999998], [95.3561752, 5.492958299999998]]}}, {"type": "Feature", "properties": {"layer": "osm_road", "stroke": "#999999"}, "geometry": {"type": "LineString", "coordinates": [[95.3550584, 5.492869699999999], [95.35483129999999, 5.493006799999999]]}}, {"type": "Feature", "properties": {"layer": "osm_road", "stroke": "#999999"}, "geometry": {"type": "LineString", "coordinates": [[95.35411209999998, 5.488480299999998], [95.3544402, 5.4884724999999985]]}}, {"type": "Feature", "properties": {"layer": "osm_road", "stroke": "#999999"}, "geometry": {"type": "LineString", "coordinates": [[95.35526769999998, 5.488095399999999], [95.35513359999999, 5.4881375], [95.35497399999998, 5.4881682]]}}, {"type": "Feature", "properties": {"layer": "osm_road", "stroke": "#999999"}, "geometry": {"type": "LineString", "coordinates": [[95.3573323, 5.4923379], [95.3574952, 5.4923599], [95.35765079999999, 5.4923612], [95.35774339999999, 5.492369599999998], [95.3577621, 5.4923759], [95.3577769, 5.492392], [95.35777989999998, 5.4924143], [95.3577708, 5.4924964], [95.3577769, 5.4925238], [95.35778829999998, 5.492535799999998], [95.35795389999998, 5.4925762], [95.3582781, 5.492642399999999]]}}, {"type": "Feature", "properties": {"layer": "osm_road", "stroke": "#999999"}, "geometry": {"type": "LineString", "coordinates": [[95.3587519, 5.4906508999999994], [95.3587404, 5.490575800000001], [95.35873979999998, 5.4905236], [95.3587499, 5.490467], [95.35886849999999, 5.490094499999999], [95.35889, 5.4899984], [95.35891139999998, 5.4899744], [95.3589597, 5.4899637], [95.35906969999999, 5.4899664], [95.35910989999999, 5.489955699999999], [95.3591501, 5.4899236], [95.35921449999998, 5.4898542], [95.359244, 5.489806200000001], [95.3592708, 5.489771500000001]]}}, {"type": "Feature", "properties": {"layer": "osm_road", "stroke": "#999999"}, "geometry": {"type": "LineString", "coordinates": [[95.36243640000002, 5.4586795], [95.36241169999998, 5.458552699999999], [95.3624104, 5.4585114], [95.3624345, 5.458487299999999], [95.3629696, 5.458440599999999]]}}, {"type": "Feature", "properties": {"layer": "osm_road", "stroke": "#999999"}, "geometry": {"type": "LineString", "coordinates": [[95.35572500000002, 5.460317599999998], [95.3556834, 5.4602549]]}}, {"type": "Feature", "properties": {"layer": "osm_road", "stroke": "#999999"}, "geometry": {"type": "LineString", "coordinates": [[95.35352069999999, 5.453049699999999], [95.353606, 5.4530992], [95.353716, 5.453249999999999], [95.353826, 5.4534676], [95.35404189999998, 5.453878799999998], [95.35412, 5.454100799999999], [95.3541348, 5.4541939], [95.35413679999999, 5.454258299999999], [95.35410489999998, 5.4543497], [95.3540523, 5.4544879], [95.35396609999998, 5.4546218], [95.35395739999998, 5.4546545], [95.35394739999998, 5.4547092], [95.35392389999998, 5.4549081], [95.35391049999998, 5.4551231], [95.35397079999998, 5.4554448], [95.35405999999999, 5.455968799999999], [95.3540801, 5.456028199999999], [95.35412299999999, 5.456087000000001], [95.35416129999999, 5.456116999999999], [95.3542035, 5.456130299999999], [95.35426449999999, 5.456141000000001], [95.354349, 5.456147], [95.35441069999999, 5.456127700000001], [95.3544523, 5.4561090000000005], [95.3544985, 5.4560956], [95.3545388, 5.456084999999999], [95.35458239999998, 5.456087000000001], [95.35461719999999, 5.456105599999999], [95.3546414, 5.456132299999999], [95.3547272, 5.4564927999999995], [95.3548023, 5.457058899999998], [95.3548358, 5.4572992], [95.354872, 5.457372599999999], [95.3549243, 5.457405999999998], [95.3549713, 5.4574487], [95.3550155, 5.4575328], [95.35504639999999, 5.457654300000001], [95.3550759, 5.457835800000001], [95.3550893, 5.4579987], [95.3550652, 5.4580908], [95.3550611, 5.458177599999999], [95.35507189999998, 5.4582884], [95.3550893, 5.458441900000001], [95.35510539999999, 5.458530099999999], [95.3551242, 5.4586302], [95.35516309999998, 5.4587088999999995], [95.355206, 5.4587637], [95.355261, 5.4588558], [95.3553106, 5.459053400000001], [95.3553508, 5.4592363], [95.35536959999999, 5.459405799999999], [95.3553924, 5.459545999999998], [95.35554529999999, 5.459939799999999], [95.3555654, 5.4600306000000005], [95.3556123, 5.460145399999999], [95.3556834, 5.4602549]]}}, {"type": "Feature", "properties": {"layer": "osm_road", "stroke": "#999999"}, "geometry": {"type": "LineString", "coordinates": [[95.36434399999999, 5.4547613], [95.3642571, 5.4545704], [95.3642383, 5.4544649], [95.36423699999999, 5.4543541], [95.36425439999998, 5.454270000000001], [95.3642665, 5.4542259], [95.3642665, 5.4541912], [95.3642531, 5.454163199999999], [95.3642356, 5.454147200000001], [95.36386419999998, 5.454115100000001], [95.3638226, 5.4540911], [95.36381049999999, 5.4540524], [95.3638078, 5.453854800000001], [95.3638199, 5.4538094], [95.3638454, 5.453766700000001], [95.3639889, 5.4536692], [95.36403719999998, 5.4536038], [95.364068, 5.4535491], [95.36406929999998, 5.453495700000001], [95.36401169999999, 5.4532714], [95.36397279999998, 5.453163199999999], [95.36394189999999, 5.4528134999999995], [95.36393389999999, 5.452777400000001], [95.36391779999998, 5.4527601], [95.3638856, 5.452752000000001], [95.36378169999999, 5.452756000000001], [95.3637589, 5.452752000000001], [95.3637414, 5.4527414], [95.36371929999999, 5.4526973], [95.36371729999999, 5.452673299999998], [95.3637233, 5.452649199999998], [95.36375219999998, 5.4526224999999995], [95.3637602, 5.452609899999999], [95.36376289999998, 5.4525905], [95.36353689999999, 5.452068499999999]]}}, {"type": "Feature", "properties": {"layer": "osm_road", "stroke": "#999999"}, "geometry": {"type": "LineString", "coordinates": [[95.35225849999999, 5.4547208], [95.3522757, 5.454782599999999], [95.352269, 5.454808], [95.35224210000001, 5.4548307], [95.3519404, 5.4549788999999995], [95.3518331, 5.455049599999999], [95.35174589999998, 5.455126399999999], [95.35173649999999, 5.455146799999999], [95.35173319999998, 5.4551698], [95.3517359, 5.4552179], [95.3517493, 5.455294600000001], [95.35176, 5.455438099999999], [95.3517553, 5.4554975], [95.3517359, 5.4555435999999995], [95.3517077, 5.4555883000000005], [95.351695, 5.455635700000001], [95.351697, 5.455695099999998], [95.3517164, 5.4557719], [95.35175129999999, 5.455912099999998], [95.35186799999998, 5.456128299999999], [95.35199939999998, 5.456328599999998], [95.3520906, 5.456448699999999], [95.35227839999999, 5.456624999999999], [95.3525479, 5.456801900000001], [95.3527102, 5.456961399999999], [95.35279999999999, 5.457038799999999], [95.35308969999998, 5.457424700000001], [95.35320909999999, 5.457658300000001], [95.3532842, 5.457835800000001], [95.35334049999999, 5.4580301], [95.3533821, 5.4581996], [95.35338069999999, 5.458289699999999], [95.3533767, 5.458424599999999], [95.35333249999998, 5.4585594], [95.3532842, 5.4586582], [95.3532238, 5.4587343], [95.353146, 5.4588251], [95.35303879999998, 5.458909199999999], [95.3529918, 5.4589586], [95.3529764, 5.4590119999999995], [95.35297439999998, 5.4590634], [95.3529838, 5.4591382], [95.35301599999998, 5.459229599999999], [95.3530616, 5.459321699999999], [95.35310450000001, 5.459405799999999], [95.35311319999998, 5.4594439], [95.3531105, 5.4594892999999995], [95.3530958, 5.459522], [95.3530723, 5.459543299999999], [95.3530253, 5.4595607], [95.3518809, 5.4599968]]}}, {"type": "Feature", "properties": {"layer": "osm_road", "stroke": "#999999"}, "geometry": {"type": "LineString", "coordinates": [[95.36491029999999, 5.4566187], [95.3653286, 5.4564314000000005]]}}, {"type": "Feature", "properties": {"layer": "osm_road", "stroke": "#999999"}, "geometry": {"type": "LineString", "coordinates": [[95.3652683, 5.4571897], [95.36512339999999, 5.4570695], [95.3650618, 5.456893300000001], [95.3649572, 5.4566877], [95.36491029999999, 5.4566187], [95.364823, 5.456490099999999], [95.36478819999999, 5.4562632], [95.3647935, 5.455932099999999], [95.36481069999999, 5.455569099999999]]}}, {"type": "Feature", "properties": {"layer": "osm_road", "stroke": "#999999"}, "geometry": {"type": "LineString", "coordinates": [[95.36008359999998, 5.449747499999998], [95.3601399, 5.4497428999999995], [95.3601982, 5.4497142], [95.36024919999998, 5.4496741], [95.36032769999998, 5.4495933]]}}, {"type": "Feature", "properties": {"layer": "osm_road", "stroke": "#999999"}, "geometry": {"type": "LineString", "coordinates": [[95.3568341, 5.4496027], [95.3569964, 5.4495747], [95.3570648, 5.4495413], [95.3571023, 5.449519899999999], [95.35713579999998, 5.4494652], [95.35713449999999, 5.4493771], [95.3571318, 5.4492716], [95.35711169999999, 5.4492022], [95.35710629999998, 5.4491514], [95.3571245, 5.449046500000001]]}}, {"type": "Feature", "properties": {"layer": "osm_road", "stroke": "#999999"}, "geometry": {"type": "LineString", "coordinates": [[95.35978859999999, 5.457308099999999], [95.3596182, 5.4572708]]}}, {"type": "Feature", "properties": {"layer": "osm_road", "stroke": "#999999"}, "geometry": {"type": "LineString", "coordinates": [[95.3627644, 5.4646177], [95.36270880000001, 5.4644782], [95.36269609999998, 5.464425499999999], [95.36264189999999, 5.463992399999999], [95.36262029999999, 5.463731899999998], [95.3625908, 5.463644499999998], [95.36253979999998, 5.463553699999999], [95.3624121, 5.463342499999999], [95.36232829999999, 5.4631552], [95.3622947, 5.4630624], [95.36206369999998, 5.4621759999999995], [95.3620604, 5.4620972], [95.3620667, 5.462040199999999], [95.3620852, 5.4619898], [95.36212779999998, 5.461927], [95.36218009999999, 5.4618462], [95.3621911, 5.4618222], [95.3621972, 5.461794200000001], [95.36228629999998, 5.4613263], [95.3623085, 5.461280899999999], [95.362342, 5.4611874], [95.3623521, 5.461134], [95.3623484, 5.4609832], [95.3623407, 5.4609137], [95.3623169, 5.460796899999999], [95.3623132, 5.4607425], [95.3623256, 5.460697499999999], [95.36235409999999, 5.460651399999999], [95.3624158, 5.460572999999999], [95.3624322, 5.4605376], [95.36244689999998, 5.4604954999999995], [95.3624573, 5.4604158], [95.3624493, 5.460266899999999], [95.36227949999999, 5.4594138999999995], [95.36228769999998, 5.4593590999999995], [95.3623097, 5.4593153], [95.3623676, 5.4592742], [95.36250519999999, 5.4592057], [95.36254099999998, 5.45917], [95.36255479999998, 5.4591370999999995], [95.36255479999998, 5.459087799999999], [95.3624639, 5.4587206], [95.36243640000002, 5.4586795], [95.3623978, 5.458663], [95.3621996, 5.458646600000001], [95.36213909999998, 5.458619199999999], [95.362084, 5.4585699], [95.36203719999999, 5.4584986], [95.3619794, 5.4583725], [95.3619353, 5.458326], [95.36186379999998, 5.4582794], [95.36173159999998, 5.458224599999999], [95.3616353, 5.458205399999999], [95.3613462, 5.458194399999999], [95.3612891, 5.4581922], [95.36121510000001, 5.458176099999999], [95.3611296, 5.4581439], [95.36108029999998, 5.4581094], [95.3610272, 5.4580473], [95.3609702, 5.4579668], [95.3609155, 5.457914599999999], [95.3608038, 5.457846399999999], [95.36059889999999, 5.457753600000001], [95.36046029999999, 5.457687699999999], [95.36033159999998, 5.457613300000001], [95.3602507, 5.457552699999998], [95.36016599999999, 5.457489099999999], [95.3600759, 5.457423099999999], [95.3599858, 5.457377899999999], [95.35989949999998, 5.4573388], [95.35978859999999, 5.457308099999999]]}}, {"type": "Feature", "properties": {"layer": "osm_road", "stroke": "#999999"}, "geometry": {"type": "LineString", "coordinates": [[95.3613137, 5.449928199999999], [95.3612114, 5.4499378], [95.3609566, 5.4499618000000005], [95.3609057, 5.4499752], [95.3608534, 5.450005899999999], [95.36061999999998, 5.4502769], [95.3605087, 5.4503463], [95.36045509999998, 5.4503889999999995], [95.36041479999999, 5.4504705], [95.36033439999999, 5.450833600000001], [95.3602861, 5.450929699999999], [95.3602318, 5.450974400000001], [95.36020229999998, 5.4509884999999985], [95.36017139999998, 5.450989800000001], [95.3601587, 5.450982499999999], [95.36014999999999, 5.4509530999999996], [95.3601272, 5.450781499999999]]}}, {"type": "Feature", "properties": {"layer": "osm_road", "stroke": "#999999"}, "geometry": {"type": "LineString", "coordinates": [[95.2440284, 5.451939599999999], [95.2443127, 5.4523769], [95.2443871, 5.452521099999999], [95.24445819999998, 5.4526713], [95.24453259999999, 5.452872199999999], [95.2445735, 5.453045099999999], [95.2446104, 5.453284699999999], [95.24464129999998, 5.453605099999999], [95.24463719999999, 5.454270000000001], [95.24463859999999, 5.4546651], [95.2446439, 5.4551778], [95.2446614, 5.4554315], [95.2446815, 5.4556037], [95.2446949, 5.455743899999998], [95.24476059999999, 5.456103], [95.24486659999998, 5.456749099999999], [95.24493759999999, 5.457078899999999], [95.24499799999998, 5.457353199999999], [95.2450396, 5.4575381], [95.2450615, 5.457735900000001], [95.2450838, 5.457906600000001], [95.24510929999998, 5.4584206], [95.2450932, 5.458735599999999], [95.2450675, 5.459094599999999], [95.2449982, 5.459593399999999], [95.2449668, 5.4598191], [95.24477389999998, 5.461174099999999], [95.244745, 5.4613771], [95.24467150000001, 5.461903699999999], [95.2445653, 5.462722199999999], [95.24438349999998, 5.4637557], [95.2442932, 5.464340099999999], [95.2442526, 5.4648281999999995], [95.2442523, 5.4649445], [95.2442506, 5.465079], [95.2442619, 5.4653303], [95.24426019999999, 5.4655784999999995], [95.2443167, 5.466076899999998], [95.24439100000001, 5.4665773], [95.2444049, 5.4666428], [95.24450259999999, 5.467356100000001], [95.24450969999998, 5.4674471], [95.2445331, 5.467770299999999], [95.244542, 5.4678593], [95.2445599, 5.468274], [95.24454639999999, 5.468672700000001], [95.2445361, 5.4691116], [95.24452339999999, 5.469390699999998]]}}, {"type": "Feature", "properties": {"layer": "osm_road", "stroke": "#999999"}, "geometry": {"type": "LineString", "coordinates": [[95.2438541, 5.4517775], [95.2440284, 5.451939599999999]]}}, {"type": "Feature", "properties": {"layer": "osm_road", "stroke": "#999999"}, "geometry": {"type": "LineString", "coordinates": [[95.2435217, 5.4348716], [95.24370889999999, 5.4349209], [95.24402709999998, 5.4350145]]}}, {"type": "Feature", "properties": {"layer": "osm_road", "stroke": "#999999"}, "geometry": {"type": "LineString", "coordinates": [[95.2434182, 5.4331396], [95.2434008, 5.4332856000000005], [95.24343029999999, 5.4333963999999995], [95.2434973, 5.4335312], [95.2435336, 5.433622]]}}, {"type": "Feature", "properties": {"layer": "osm_road", "stroke": "#999999"}, "geometry": {"type": "LineString", "coordinates": [[95.24341339999998, 5.436311899999999], [95.24344769999999, 5.436224099999999], [95.2434611, 5.436136], [95.243488, 5.4360292], [95.2435496, 5.435868899999999], [95.2435818, 5.4357194]]}}, {"type": "Feature", "properties": {"layer": "osm_road", "stroke": "#999999"}, "geometry": {"type": "LineString", "coordinates": [[95.2414998, 5.436003799999999], [95.24148299999999, 5.435638599999999], [95.24148499999998, 5.435569899999998], [95.24150239999999, 5.4355378], [95.2415554, 5.4355105], [95.24183369999999, 5.4354237]]}}, {"type": "Feature", "properties": {"layer": "osm_road", "stroke": "#999999"}, "geometry": {"type": "LineString", "coordinates": [[95.24056887651231, 5.432444794973342], [95.2406207, 5.4324805000000005], [95.2407762, 5.432629999999999], [95.240854, 5.432768900000001], [95.2408862, 5.433073299999999]]}}, {"type": "Feature", "properties": {"layer": "osm_road", "stroke": "#999999"}, "geometry": {"type": "LineString", "coordinates": [[95.25471719999999, 5.3905991], [95.25520379999999, 5.3906029], [95.25545330000001, 5.3905949], [95.25563839999998, 5.3905816], [95.2557483, 5.390576199999999], [95.2557993, 5.390554899999999], [95.25582069999999, 5.390408], [95.2558315, 5.390282499999999]]}}, {"type": "Feature", "properties": {"layer": "osm_road", "stroke": "#999999"}, "geometry": {"type": "LineString", "coordinates": [[95.25412909999999, 5.389772599999999], [95.25482299999999, 5.3898092]]}}, {"type": "Feature", "properties": {"layer": "osm_road", "stroke": "#999999"}, "geometry": {"type": "LineString", "coordinates": [[95.26685799999998, 5.3868965], [95.26673199999999, 5.3869445], [95.26654419999998, 5.3870567], [95.266225, 5.387294399999999]]}}, {"type": "Feature", "properties": {"layer": "osm_road", "stroke": "#999999"}, "geometry": {"type": "LineString", "coordinates": [[95.26694919999998, 5.385673400000001], [95.2668956, 5.385815000000001], [95.26686339999999, 5.3859537999999985], [95.2668527, 5.386284999999999], [95.26685799999998, 5.386589400000001], [95.26685799999998, 5.3868965], [95.2668366, 5.387099399999999], [95.26671859999999, 5.3875213], [95.26662469999998, 5.387734999999998], [95.26651739999998, 5.387895199999999], [95.2662706, 5.3881969], [95.26599699999998, 5.3883919], [95.26505829999999, 5.389225], [95.2648276, 5.3895134], [95.2643502, 5.390026099999998]]}}, {"type": "Feature", "properties": {"layer": "osm_road", "stroke": "#999999"}, "geometry": {"type": "LineString", "coordinates": [[95.2411303, 5.4925028], [95.24114049999999, 5.4927382]]}}, {"type": "Feature", "properties": {"layer": "osm_road", "stroke": "#999999"}, "geometry": {"type": "LineString", "coordinates": [[95.2431218, 5.4931676], [95.24365669999999, 5.493151500000001]]}}, {"type": "Feature", "properties": {"layer": "osm_road", "stroke": "#999999"}, "geometry": {"type": "LineString", "coordinates": [[95.2426805, 5.491880100000001], [95.2427651, 5.4918393], [95.2428013, 5.491835299999999], [95.24332429999998, 5.4918406], [95.2439319, 5.491841999999999], [95.24462119999998, 5.4918126], [95.24520989999999, 5.491741799999999], [95.24580809999999, 5.491669700000001]]}}, {"type": "Feature", "properties": {"layer": "osm_road", "stroke": "#999999"}, "geometry": {"type": "LineString", "coordinates": [[95.24056887651231, 5.486259708470126], [95.2412564, 5.4860122], [95.24160219999999, 5.485879799999999]]}}, {"type": "Feature", "properties": {"layer": "osm_road", "stroke": "#999999"}, "geometry": {"type": "LineString", "coordinates": [[95.2639425, 5.375643499999999], [95.2640538, 5.376001300000001]]}}, {"type": "Feature", "properties": {"layer": "osm_road", "stroke": "#999999"}, "geometry": {"type": "LineString", "coordinates": [[95.241593, 5.4671369], [95.2421696, 5.467422599999999]]}}, {"type": "Feature", "properties": {"layer": "osm_road", "stroke": "#999999"}, "geometry": {"type": "LineString", "coordinates": [[95.24266389999998, 5.4794317], [95.2430921, 5.4794277], [95.24330440000001, 5.479383999999998], [95.24331849999999, 5.479181499999999], [95.2433104, 5.4790766], [95.24331999999998, 5.478763799999999], [95.2426527, 5.478765199999999], [95.24262049999999, 5.478807899999998], [95.24262049999999, 5.478947499999999], [95.24266389999998, 5.4794317]]}}, {"type": "Feature", "properties": {"layer": "osm_road", "stroke": "#999999"}, "geometry": {"type": "LineString", "coordinates": [[95.24349519999998, 5.472033000000001], [95.2430682, 5.4720817], [95.242977, 5.472109799999999], [95.2429153, 5.4721458], [95.24269629999999, 5.4723203], [95.2420319, 5.472667799999999]]}}, {"type": "Feature", "properties": {"layer": "osm_road", "stroke": "#999999"}, "geometry": {"type": "LineString", "coordinates": [[95.2429153, 5.4721458], [95.2424781, 5.4714383]]}}, {"type": "Feature", "properties": {"layer": "osm_road", "stroke": "#999999"}, "geometry": {"type": "LineString", "coordinates": [[95.2435496, 5.472874700000001], [95.24356040000002, 5.4730336], [95.24357239999999, 5.4730536], [95.24359119999998, 5.4730736], [95.24361, 5.473076299999999], [95.24439899999999, 5.473041900000001]]}}, {"type": "Feature", "properties": {"layer": "osm_road", "stroke": "#999999"}, "geometry": {"type": "LineString", "coordinates": [[95.2423303, 5.476858699999999], [95.24222199999998, 5.4763777], [95.24213209999999, 5.476017299999999]]}}, {"type": "Feature", "properties": {"layer": "osm_road", "stroke": "#999999"}, "geometry": {"type": "LineString", "coordinates": [[95.24084859999999, 5.484653300000001], [95.24056887651231, 5.484794259739083]]}}, {"type": "Feature", "properties": {"layer": "osm_road", "stroke": "#999999"}, "geometry": {"type": "LineString", "coordinates": [[95.313803, 5.4849562], [95.31401929999998, 5.485649099999998], [95.31404749999999, 5.4857344999999995], [95.31407029999998, 5.4857692], [95.3141011, 5.4857879], [95.3141414, 5.4857946], [95.3142057, 5.4857933], [95.3142849, 5.4857879], [95.31435189999999, 5.4857705999999995], [95.31445659999999, 5.4857331]]}}, {"type": "Feature", "properties": {"layer": "osm_road", "stroke": "#999999"}, "geometry": {"type": "LineString", "coordinates": [[95.31342909999998, 5.4850902], [95.3136331, 5.485825299999999]]}}, {"type": "Feature", "properties": {"layer": "osm_road", "stroke": "#999999"}, "geometry": {"type": "LineString", "coordinates": [[95.31888159999998, 5.4818909], [95.3189405, 5.4820326], [95.31896469999998, 5.482111399999999], [95.3189727, 5.482152799999999], [95.31895459999998, 5.4821889], [95.31890029999998, 5.482234899999999], [95.31880039999999, 5.482302299999999], [95.3187414, 5.4823624], [95.3187266, 5.482385099999999], [95.31872789999998, 5.4824078], [95.3187373, 5.482441199999999], [95.31880839999998, 5.4825813], [95.3190699, 5.483128699999999], [95.319145, 5.4832902], [95.3191584, 5.4833302999999995], [95.3191584, 5.483350299999999], [95.31914639999998, 5.483377000000001], [95.31913029999998, 5.483406400000001], [95.31912360000001, 5.483427699999999], [95.31912360000001, 5.483453099999999], [95.3191383, 5.483490499999999], [95.3191973, 5.483569199999999], [95.31926969999999, 5.483642599999999], [95.31931669999999, 5.4837014], [95.3193703, 5.483792200000001], [95.3194039, 5.4838749], [95.3194186, 5.483923], [95.3194186, 5.483955], [95.31940519999999, 5.4840204], [95.3194065, 5.4840498], [95.3194119, 5.4840859], [95.31943199999999, 5.484174000000001], [95.3194508, 5.4842527], [95.31945479999999, 5.484294099999998], [95.31944539999999, 5.484322100000001], [95.3194173, 5.4843741999999995], [95.31929789999998, 5.484589099999999], [95.31917049999998, 5.4847934], [95.31914099999999, 5.484845399999999], [95.31913299999998, 5.484873499999999], [95.3191383, 5.484909499999999], [95.3191598, 5.4849549], [95.3192054, 5.485021700000001], [95.31924829999998, 5.4851004], [95.3192604, 5.485141799999999], [95.319259, 5.4851752], [95.31924559999999, 5.485221899999999], [95.3192, 5.4852606], [95.3191383, 5.4852967], [95.3191249, 5.4853234], [95.3191276, 5.485364699999999], [95.31916380000001, 5.4854595], [95.31920939999999, 5.485596999999999], [95.31923090000001, 5.485641099999999], [95.319255, 5.485658399999999], [95.31928579999999, 5.485663799999999], [95.31931399999999, 5.4856705], [95.31932739999999, 5.485686499999999], [95.3193341, 5.485717199999998], [95.31934749999999, 5.4859762], [95.31935419999999, 5.486121699999999], [95.3193609, 5.4861683999999995], [95.31937169999999, 5.4862084], [95.3193878, 5.4862418], [95.31940789999999, 5.4862672], [95.3194347, 5.4862899]]}}, {"type": "Feature", "properties": {"layer": "osm_road", "stroke": "#999999"}, "geometry": {"type": "LineString", "coordinates": [[95.2431098, 5.424616800000001], [95.2435577, 5.424761], [95.2436221, 5.424794399999999], [95.24373099999998, 5.4248616]]}}, {"type": "Feature", "properties": {"layer": "osm_road", "stroke": "#999999"}, "geometry": {"type": "LineString", "coordinates": [[95.24576379999999, 5.4538467], [95.24588179999999, 5.452893599999999], [95.2458855, 5.452875199999999], [95.2458959, 5.452863499999999], [95.24591669999998, 5.452852199999999], [95.24593509999998, 5.452849499999999], [95.24595689999998, 5.452852199999999], [95.2468179, 5.452936299999999], [95.24690369999999, 5.4529283], [95.2469856, 5.4529042], [95.24711849999998, 5.4528484]]}}, {"type": "Feature", "properties": {"layer": "osm_road", "stroke": "#999999"}, "geometry": {"type": "LineString", "coordinates": [[95.24744899999999, 5.449650899999999], [95.2475663, 5.4497301999999985], [95.2477553, 5.449782900000001], [95.2480115, 5.4499031], [95.24835749999998, 5.450088599999999]]}}, {"type": "Feature", "properties": {"layer": "osm_road", "stroke": "#999999"}, "geometry": {"type": "LineString", "coordinates": [[95.2444123, 5.451042199999998], [95.2443169, 5.451377400000001], [95.2443216, 5.451446799999999], [95.2443437, 5.451516899999999], [95.24440409999998, 5.4515976], [95.24447309999998, 5.451663100000001], [95.2446964, 5.4518439999999995], [95.24474469999998, 5.4518793], [95.2447963, 5.451901399999999], [95.24487339999999, 5.451903999999999], [95.24496129999999, 5.451892699999999], [95.245088, 5.451867299999999], [95.2451383, 5.451847999999999], [95.24518659999998, 5.4517979], [95.24521809999999, 5.451724499999999], [95.2452295, 5.451649699999998], [95.2452295, 5.451522899999999], [95.2452013, 5.4513844]]}}, {"type": "Feature", "properties": {"layer": "osm_road", "stroke": "#999999"}, "geometry": {"type": "LineString", "coordinates": [[95.2446865, 5.451382700000001], [95.24502749999999, 5.451431699999999], [95.24507309999998, 5.4514284], [95.245106, 5.4514103], [95.2452013, 5.4513844], [95.2451958, 5.451324199999999], [95.245255, 5.4511739]]}}, {"type": "Feature", "properties": {"layer": "osm_road", "stroke": "#999999"}, "geometry": {"type": "LineString", "coordinates": [[95.245328, 5.4579015], [95.2453145, 5.4575341]]}}, {"type": "Feature", "properties": {"layer": "osm_road", "stroke": "#999999"}, "geometry": {"type": "LineString", "coordinates": [[95.2450838, 5.457906600000001], [95.245328, 5.4579015], [95.24541779999998, 5.457899899999999]]}}, {"type": "Feature", "properties": {"layer": "osm_road", "stroke": "#999999"}, "geometry": {"type": "LineString", "coordinates": [[95.2473973, 5.4523047999999985], [95.2475227, 5.4523582], [95.2475844, 5.452389599999998], [95.24761719999998, 5.4524102999999995], [95.247642, 5.452435599999999], [95.2476494, 5.452461699999999], [95.247573, 5.4527107], [95.24756759999998, 5.4527527], [95.2475663, 5.452792799999998], [95.24757559999999, 5.4528341], [95.24759169999999, 5.452856199999999], [95.24767489999999, 5.4529603]]}}, {"type": "Feature", "properties": {"layer": "osm_road", "stroke": "#999999"}, "geometry": {"type": "LineString", "coordinates": [[95.24733039999998, 5.452957800000001], [95.2473973, 5.4523047999999985], [95.2470286, 5.4522369]]}}, {"type": "Feature", "properties": {"layer": "osm_road", "stroke": "#999999"}, "geometry": {"type": "LineString", "coordinates": [[95.3658029, 5.499182399999999], [95.36603299999999, 5.4991625], [95.36613199999998, 5.4991334], [95.36625269999999, 5.4990827], [95.3663076, 5.499053300000001], [95.36633301628903, 5.49904113523844]]}}, {"type": "Feature", "properties": {"layer": "osm_road", "stroke": "#999999"}, "geometry": {"type": "LineString", "coordinates": [[95.34885049999998, 5.4806843], [95.3488994, 5.4806802999999995]]}}, {"type": "Feature", "properties": {"layer": "osm_road", "stroke": "#999999"}, "geometry": {"type": "LineString", "coordinates": [[95.3488994, 5.4806802999999995], [95.3489437, 5.480677599999999]]}}, {"type": "Feature", "properties": {"layer": "osm_road", "stroke": "#999999"}, "geometry": {"type": "LineString", "coordinates": [[95.24331999999998, 5.478763799999999], [95.2436717, 5.478751899999999], [95.24377729999999, 5.4787384], [95.2439136, 5.478707999999999], [95.2440124, 5.478665300000001], [95.24404889999998, 5.478638900000001], [95.24408529999998, 5.478564299999999], [95.24409829999999, 5.478489299999999], [95.2441425, 5.478059499999999], [95.2441847, 5.477763], [95.2441945, 5.4777203], [95.2442088, 5.477686699999999], [95.2442529, 5.477638899999999]]}}, {"type": "Feature", "properties": {"layer": "osm_road", "stroke": "#999999"}, "geometry": {"type": "LineString", "coordinates": [[95.2426632, 5.4769938], [95.2426222, 5.4771168999999995], [95.242617, 5.4773473], [95.24262349999998, 5.4776463], [95.2426379, 5.4779713], [95.2426527, 5.478765199999999]]}}, {"type": "Feature", "properties": {"layer": "osm_road", "stroke": "#999999"}, "geometry": {"type": "LineString", "coordinates": [[95.24056887651231, 5.475988248299807], [95.2405791, 5.4759898], [95.24076549999998, 5.4760519], [95.24098979999998, 5.476162600000001], [95.2413482, 5.4763488], [95.2414131, 5.4763912999999995], [95.24178009999999, 5.476575499999999], [95.2420395, 5.4767101], [95.2423303, 5.476858699999999], [95.2426632, 5.4769938], [95.24294989999999, 5.4771317999999996], [95.2433046, 5.477290099999999], [95.2440393, 5.477581399999999], [95.24414339999998, 5.4776021], [95.24420139999998, 5.47762]]}}, {"type": "Feature", "properties": {"layer": "osm_road", "stroke": "#999999"}, "geometry": {"type": "LineString", "coordinates": [[95.2441015, 5.4765927], [95.24445019999999, 5.476638400000001], [95.244776, 5.4766883], [95.24498639999999, 5.4767132], [95.24534460000001, 5.4767351], [95.2454678, 5.476748499999999], [95.2454919, 5.4767627], [95.2455075, 5.4767905], [95.2455036, 5.476911600000001], [95.2455062, 5.476940699999999], [95.2455218, 5.476957499999999], [95.2455608, 5.476966599999998], [95.24614739999998, 5.476988499999999]]}}, {"type": "Feature", "properties": {"layer": "osm_road", "stroke": "#999999"}, "geometry": {"type": "LineString", "coordinates": [[95.24178009999999, 5.476575499999999], [95.2416989, 5.476617999999998], [95.2416661, 5.4766506999999995], [95.2416466, 5.476688799999999], [95.24162919999999, 5.4768556]]}}, {"type": "Feature", "properties": {"layer": "osm_road", "stroke": "#999999"}, "geometry": {"type": "LineString", "coordinates": [[95.24201939999999, 5.477826399999999], [95.24200069999999, 5.4774764], [95.24199529999999, 5.4772775000000005], [95.2420395, 5.4767101]]}}, {"type": "Feature", "properties": {"layer": "osm_road", "stroke": "#999999"}, "geometry": {"type": "LineString", "coordinates": [[95.2414131, 5.4763912999999995], [95.2416909, 5.4756754999999995], [95.2417472, 5.475547399999999], [95.24175929999998, 5.475509999999999], [95.2417673, 5.4754739], [95.241758, 5.4753151], [95.24176199999998, 5.475288399999999], [95.24178879999998, 5.475245699999999], [95.2419202, 5.4751509], [95.241947, 5.475125499999999], [95.24197919999999, 5.4750814000000005], [95.2422443, 5.4746336], [95.2424836, 5.4742019]]}}, {"type": "Feature", "properties": {"layer": "osm_road", "stroke": "#999999"}, "geometry": {"type": "LineString", "coordinates": [[95.2428326, 5.4759124], [95.2428101, 5.475692799999999]]}}, {"type": "Feature", "properties": {"layer": "osm_road", "stroke": "#999999"}, "geometry": {"type": "LineString", "coordinates": [[95.24266119999999, 5.4759112], [95.2427108, 5.4759111], [95.2427785, 5.475915199999999], [95.2428326, 5.4759124]]}}, {"type": "Feature", "properties": {"layer": "osm_road", "stroke": "#999999"}, "geometry": {"type": "LineString", "coordinates": [[95.24426799999999, 5.4758957], [95.2434197, 5.475862499999998]]}}, {"type": "Feature", "properties": {"layer": "osm_road", "stroke": "#999999"}, "geometry": {"type": "LineString", "coordinates": [[95.2428326, 5.4759124], [95.2428684, 5.476136699999999], [95.24289719999999, 5.476360999999999], [95.24291329999998, 5.476683999999999], [95.24294989999999, 5.4771317999999996]]}}, {"type": "Feature", "properties": {"layer": "osm_road", "stroke": "#999999"}, "geometry": {"type": "LineString", "coordinates": [[95.24289719999999, 5.476360999999999], [95.24308780000001, 5.476369600000001], [95.2433285, 5.4763885], [95.24412529999998, 5.4764504]]}}, {"type": "Feature", "properties": {"layer": "osm_road", "stroke": "#999999"}, "geometry": {"type": "LineString", "coordinates": [[95.244007, 5.477159399999999], [95.2443047, 5.477134599999999], [95.2443436, 5.477130600000001], [95.24436639999999, 5.477117299999999], [95.24438519999998, 5.477089300000001], [95.2443986, 5.476979799999999], [95.24440799999999, 5.4769558], [95.2444254, 5.4769491], [95.24477409999999, 5.476989099999999]]}}, {"type": "Feature", "properties": {"layer": "osm_road", "stroke": "#999999"}, "geometry": {"type": "LineString", "coordinates": [[95.3247988, 5.488985199999999], [95.32478969999998, 5.4892735], [95.3248139, 5.489393599999999], [95.32485109999999, 5.489507499999999], [95.32486149999998, 5.489556499999998], [95.32491179999998, 5.489855499999999]]}}, {"type": "Feature", "properties": {"layer": "osm_road", "stroke": "#999999"}, "geometry": {"type": "LineString", "coordinates": [[95.24900629534343, 5.50008673722183], [95.2486807, 5.4996436], [95.2484214, 5.4993153], [95.24823920000001, 5.499091299999999], [95.24793259999998, 5.4986613], [95.24714379999999, 5.4975955]]}}, {"type": "Feature", "properties": {"layer": "osm_road", "stroke": "#999999"}, "geometry": {"type": "LineString", "coordinates": [[95.3127194, 5.4946081], [95.3126309, 5.4950475], [95.31263529999998, 5.4950785], [95.3126554, 5.4951019], [95.31303550000001, 5.4951929], [95.313562, 5.4953128]]}}, {"type": "Feature", "properties": {"layer": "osm_road", "stroke": "#999999"}, "geometry": {"type": "LineString", "coordinates": [[95.30402139999998, 5.497817399999999], [95.3040308, 5.497126999999999]]}}, {"type": "Feature", "properties": {"layer": "osm_road", "stroke": "#999999"}, "geometry": {"type": "LineString", "coordinates": [[95.3046114, 5.498337200000001], [95.3045894, 5.498077800000001], [95.30456720000001, 5.497816599999999], [95.30454230000001, 5.4975887], [95.30452999999999, 5.4975689], [95.304503, 5.4975604], [95.304281, 5.4975656], [95.3042668, 5.497556500000001], [95.30425719999998, 5.4975368], [95.30425469999999, 5.497135]]}}, {"type": "Feature", "properties": {"layer": "osm_road", "stroke": "#999999"}, "geometry": {"type": "LineString", "coordinates": [[95.3037713, 5.4976602], [95.303301, 5.4976466]]}}, {"type": "Feature", "properties": {"layer": "osm_road", "stroke": "#999999"}, "geometry": {"type": "LineString", "coordinates": [[95.30377059999998, 5.497817799999999], [95.30402139999998, 5.497817399999999], [95.30456720000001, 5.497816599999999], [95.3047536, 5.497816299999998], [95.3050011, 5.497815900000001], [95.30508760000001, 5.497815799999999]]}}, {"type": "Feature", "properties": {"layer": "osm_road", "stroke": "#999999"}, "geometry": {"type": "LineString", "coordinates": [[95.3294106, 5.498070699999999], [95.32989, 5.4980668]]}}, {"type": "Feature", "properties": {"layer": "osm_road", "stroke": "#999999"}, "geometry": {"type": "LineString", "coordinates": [[95.3130956, 5.4887939], [95.3130256, 5.4883938]]}}, {"type": "Feature", "properties": {"layer": "osm_road", "stroke": "#999999"}, "geometry": {"type": "LineString", "coordinates": [[95.30954940000001, 5.4937149000000005], [95.30955479999999, 5.4939992], [95.31033399999998, 5.4939899]]}}, {"type": "Feature", "properties": {"layer": "osm_road", "stroke": "#999999"}, "geometry": {"type": "LineString", "coordinates": [[95.31034739999998, 5.493539999999999], [95.3101422, 5.493548], [95.31013029999998, 5.493541999999998], [95.31012479999998, 5.49353], [95.31012129999999, 5.4934248], [95.31011589999999, 5.4934137000000005], [95.31010459999999, 5.493407999999999], [95.30954940000001, 5.4934145], [95.30954940000001, 5.4937149000000005], [95.31035459999998, 5.4937092]]}}, {"type": "Feature", "properties": {"layer": "osm_road", "stroke": "#999999"}, "geometry": {"type": "LineString", "coordinates": [[95.29808219999998, 5.498213500000001], [95.2980688, 5.4982202], [95.2979746, 5.498267]]}}, {"type": "Feature", "properties": {"layer": "osm_road", "stroke": "#999999"}, "geometry": {"type": "LineString", "coordinates": [[95.2979746, 5.498267], [95.29768069999999, 5.4984045]]}}, {"type": "Feature", "properties": {"layer": "osm_road", "stroke": "#999999"}, "geometry": {"type": "LineString", "coordinates": [[95.31259369999998, 5.4939899], [95.31256959999999, 5.493900399999999], [95.3125387, 5.4938297], [95.3124757, 5.4937936], [95.3124247, 5.4937762999999995], [95.31238719999999, 5.4937708999999995]]}}, {"type": "Feature", "properties": {"layer": "osm_road", "stroke": "#999999"}, "geometry": {"type": "LineString", "coordinates": [[95.26964849999999, 5.499552399999999], [95.2696458, 5.499462399999999], [95.26967090000001, 5.499315700000001]]}}, {"type": "Feature", "properties": {"layer": "osm_road", "stroke": "#999999"}, "geometry": {"type": "LineString", "coordinates": [[95.26966410000001, 5.4996260999999995], [95.26973339999999, 5.4997842]]}}, {"type": "Feature", "properties": {"layer": "osm_road", "stroke": "#999999"}, "geometry": {"type": "LineString", "coordinates": [[95.2447629, 5.4943574], [95.24492959999999, 5.494364999999999], [95.24520989999999, 5.4943703], [95.24553579999998, 5.4943703], [95.24577719999999, 5.494383699999999], [95.2460937, 5.4944184], [95.2463217, 5.494458400000001], [95.24669859999999, 5.4945078], [95.24779159999999, 5.4944958], [95.2483521, 5.494467799999999], [95.24875979999999, 5.4944543999999995], [95.2489959, 5.494453099999999], [95.2491944, 5.4944731], [95.24932580000001, 5.4944731], [95.249413, 5.4944638], [95.24983269999998, 5.4943757], [95.2500741, 5.494349000000001], [95.25052469999999, 5.4943089], [95.2507071, 5.4943036], [95.25080769999998, 5.4942742], [95.2509472, 5.4942075], [95.2510719, 5.494134099999999], [95.2512194, 5.4940086], [95.2516446, 5.4936989], [95.25189939999999, 5.493506599999999], [95.2521273, 5.4933451], [95.25225879999999, 5.493263699999998], [95.2527121, 5.493001999999999], [95.2528743, 5.4929006], [95.2529977, 5.4928111], [95.2531332, 5.492697699999999], [95.2532981, 5.4925388], [95.25370179999999, 5.4921370000000005], [95.25396869999999, 5.491865999999999], [95.25408269999998, 5.491760500000001], [95.25416309999999, 5.4917004], [95.25474249999999, 5.491350699999999], [95.2549008, 5.491239899999999], [95.2549423, 5.4912292], [95.25497849999999, 5.491233200000001], [95.255008, 5.491249200000001], [95.25505629999999, 5.4912678999999995], [95.25511669999999, 5.4912799], [95.2552012, 5.491286599999998], [95.25549489999999, 5.4912706], [95.2555847, 5.4912826], [95.25570269999999, 5.4913053], [95.25581939999998, 5.4913333], [95.25591729999998, 5.491364], [95.25604739999999, 5.491421399999999], [95.2561641, 5.491501500000001], [95.2563545, 5.491641699999999], [95.25657449999999, 5.491854], [95.25672469999999, 5.492054199999999], [95.2568078, 5.492118299999999], [95.2568856, 5.492165], [95.2569768, 5.4922037], [95.25709349999998, 5.4922318], [95.25727050000002, 5.4922678], [95.2577358, 5.4923713], [95.2577727, 5.492385299999999], [95.2578009, 5.4924019999999985], [95.2578425, 5.4924327], [95.25803219999999, 5.4926149], [95.2582247, 5.4928111], [95.2583876, 5.49301], [95.25853110000001, 5.4932043], [95.25864979999999, 5.493357800000001], [95.2586766, 5.4933898], [95.2587108, 5.4934192], [95.25873970000002, 5.493438500000001], [95.25877989999998, 5.4934532], [95.25882149999998, 5.493461900000001], [95.2590495, 5.493495299999999], [95.25920300000001, 5.493550700000001], [95.25937269999999, 5.4936248], [95.25939809999998, 5.493644799999998], [95.25942029999999, 5.4936682], [95.2594538, 5.4937149000000005], [95.259547, 5.4938611], [95.2596858, 5.494056], [95.2597032, 5.494096699999999], [95.25970789999998, 5.494128699999999], [95.25970789999998, 5.494164799999999], [95.25969319999999, 5.494276199999999], [95.25968779999998, 5.4943877], [95.2597066, 5.494494499999999], [95.2598535, 5.494798199999999], [95.25987490000001, 5.494860299999999], [95.25989369999999, 5.4949958], [95.26004789999999, 5.495415599999999], [95.2600814, 5.4954717], [95.2601116, 5.495510399999999], [95.2602189, 5.495623900000001], [95.26031419999998, 5.4956853]]}}, {"type": "Feature", "properties": {"layer": "osm_road", "stroke": "#999999"}, "geometry": {"type": "LineString", "coordinates": [[95.2563786, 5.388398500000001], [95.2557013, 5.3883565], [95.25570539999998, 5.388108000000001]]}}, {"type": "Feature", "properties": {"layer": "osm_road", "stroke": "#999999"}, "geometry": {"type": "LineString", "coordinates": [[95.2556301, 5.389125899999999], [95.25563059999999, 5.3889592]]}}, {"type": "Feature", "properties": {"layer": "osm_road", "stroke": "#999999"}, "geometry": {"type": "LineString", "coordinates": [[95.2548635, 5.389154], [95.25440889999999, 5.3890589]]}}, {"type": "Feature", "properties": {"layer": "osm_road", "stroke": "#999999"}, "geometry": {"type": "LineString", "coordinates": [[95.25485909999999, 5.3893425], [95.25425799999998, 5.3892966]]}}, {"type": "Feature", "properties": {"layer": "osm_road", "stroke": "#999999"}, "geometry": {"type": "LineString", "coordinates": [[95.2558467, 5.3893225000000005], [95.25583029999999, 5.389738399999998]]}}, {"type": "Feature", "properties": {"layer": "osm_road", "stroke": "#999999"}, "geometry": {"type": "LineString", "coordinates": [[95.30955479999999, 5.4939992], [95.30947529999999, 5.493977599999999]]}}, {"type": "Feature", "properties": {"layer": "osm_road", "stroke": "#999999"}, "geometry": {"type": "LineString", "coordinates": [[95.3583894, 5.494431699999999], [95.35874650000001, 5.4944090999999995], [95.3587561, 5.4944055], [95.3587614, 5.4944001999999985], [95.35877199999999, 5.494389]]}}, {"type": "Feature", "properties": {"layer": "osm_road", "stroke": "#999999"}, "geometry": {"type": "LineString", "coordinates": [[95.3583924, 5.4942195], [95.3583894, 5.494431699999999], [95.3583764, 5.4953489], [95.35837369999999, 5.495380899999999], [95.3583549, 5.495415], [95.35833479999998, 5.495424899999999], [95.3582892, 5.495434999999999]]}}, {"type": "Feature", "properties": {"layer": "osm_road", "stroke": "#999999"}, "geometry": {"type": "LineString", "coordinates": [[95.2414681, 5.450613999999999], [95.2414267, 5.4504397], [95.2414351, 5.4504197], [95.2414411, 5.450409999999999], [95.2414491, 5.450401299999999], [95.24145619999999, 5.450394], [95.24146219999999, 5.450387600000001], [95.2414713, 5.450380999999998], [95.24148469999999, 5.450376999999999], [95.24190009999998, 5.4503889999999995], [95.2420168, 5.4504004], [95.2420314, 5.450407499999999], [95.2420389, 5.4504114999999995], [95.24204489999998, 5.450417099999999], [95.2420533, 5.4504247999999995], [95.24205669999999, 5.4504295], [95.24205829999998, 5.450434400000001], [95.2420588, 5.4504397], [95.24206590000001, 5.4506983]]}}, {"type": "Feature", "properties": {"layer": "osm_road", "stroke": "#999999"}, "geometry": {"type": "LineString", "coordinates": [[95.25478140000001, 5.3924048], [95.25519309999999, 5.392359999999998], [95.2552414, 5.3923573]]}}, {"type": "Feature", "properties": {"layer": "osm_road", "stroke": "#999999"}, "geometry": {"type": "LineString", "coordinates": [[95.25470869999998, 5.3910822], [95.2544716, 5.3911477], [95.2543281, 5.391222399999999], [95.2541739, 5.391261199999999], [95.2540344, 5.391287899999999]]}}, {"type": "Feature", "properties": {"layer": "osm_road", "stroke": "#999999"}, "geometry": {"type": "LineString", "coordinates": [[95.2547532, 5.392111699999999], [95.25412559999998, 5.392151699999999]]}}, {"type": "Feature", "properties": {"layer": "osm_road", "stroke": "#999999"}, "geometry": {"type": "LineString", "coordinates": [[95.25473399999998, 5.3917044999999995], [95.25511399999999, 5.391660400000001], [95.2554479, 5.391616299999999], [95.25568129999999, 5.3915828999999995], [95.2557591, 5.3915629]]}}, {"type": "Feature", "properties": {"layer": "osm_road", "stroke": "#999999"}, "geometry": {"type": "LineString", "coordinates": [[95.26299189999999, 5.375778700000001], [95.2634436, 5.375694199999999], [95.26363129999999, 5.3756728]]}}, {"type": "Feature", "properties": {"layer": "osm_road", "stroke": "#999999"}, "geometry": {"type": "LineString", "coordinates": [[95.34208529999998, 5.4717738], [95.34238900000001, 5.471725899999999], [95.34253859999998, 5.471687199999998], [95.34264789999999, 5.471637799999999], [95.3428202, 5.471534999999999], [95.34294359999998, 5.4714342], [95.34300389999999, 5.471388900000001], [95.34311989999999, 5.4713508], [95.3432038, 5.4713148], [95.34322119999999, 5.471258], [95.34318969999998, 5.4710558], [95.3430831, 5.4708282], [95.3430549, 5.4707547], [95.3428383, 5.4704891], [95.3427726, 5.470343599999999], [95.3427565, 5.4702341], [95.34277800000001, 5.4700445], [95.3427967, 5.469955099999999]]}}, {"type": "Feature", "properties": {"layer": "osm_road", "stroke": "#999999"}, "geometry": {"type": "LineString", "coordinates": [[95.33907779999998, 5.477709499999998], [95.3390564, 5.4773709]]}}, {"type": "Feature", "properties": {"layer": "osm_road", "stroke": "#999999"}, "geometry": {"type": "LineString", "coordinates": [[95.341971, 5.4737928999999985], [95.3417601, 5.473504799999999], [95.34165809999999, 5.473376699999999]]}}, {"type": "Feature", "properties": {"layer": "osm_road", "stroke": "#999999"}, "geometry": {"type": "LineString", "coordinates": [[95.33968269999998, 5.474224400000001], [95.3393756, 5.4742416999999985]]}}, {"type": "Feature", "properties": {"layer": "osm_road", "stroke": "#999999"}, "geometry": {"type": "LineString", "coordinates": [[95.36633301628903, 5.448707902486076], [95.36628749999998, 5.4486828], [95.3661776, 5.4486949]]}}, {"type": "Feature", "properties": {"layer": "osm_road", "stroke": "#999999"}, "geometry": {"type": "LineString", "coordinates": [[95.36633301628903, 5.447995519360993], [95.36606359999999, 5.4479419]]}}, {"type": "Feature", "properties": {"layer": "osm_road", "stroke": "#999999"}, "geometry": {"type": "LineString", "coordinates": [[95.25026459999998, 5.4120588], [95.2503893, 5.4114086]]}}, {"type": "Feature", "properties": {"layer": "osm_road", "stroke": "#999999"}, "geometry": {"type": "LineString", "coordinates": [[95.24939330000001, 5.411879600000001], [95.25026459999998, 5.4120588], [95.2502203, 5.412325799999999]]}}, {"type": "Feature", "properties": {"layer": "osm_road", "stroke": "#999999"}, "geometry": {"type": "LineString", "coordinates": [[95.2708582, 5.4969228], [95.2711871, 5.496901399999999], [95.27124609999998, 5.4969214]]}}, {"type": "Feature", "properties": {"layer": "osm_road", "stroke": "#999999"}, "geometry": {"type": "LineString", "coordinates": [[95.27085789999998, 5.497082899999999], [95.27071639999998, 5.496988199999999], [95.27064929999999, 5.496958799999999]]}}, {"type": "Feature", "properties": {"layer": "osm_road", "stroke": "#999999"}, "geometry": {"type": "LineString", "coordinates": [[95.24557539999999, 5.4778404], [95.24560559999999, 5.4776913], [95.2456404, 5.4775258], [95.2456471, 5.477441699999999]]}}, {"type": "Feature", "properties": {"layer": "osm_road", "stroke": "#999999"}, "geometry": {"type": "LineString", "coordinates": [[95.2495435, 5.476888999999999], [95.24967719999998, 5.4765513], [95.2497885, 5.476325600000001]]}}, {"type": "Feature", "properties": {"layer": "osm_road", "stroke": "#999999"}, "geometry": {"type": "LineString", "coordinates": [[95.25901429999999, 5.486907499999999], [95.25906619999999, 5.486735800000001], [95.2591185, 5.486701], [95.25922979999999, 5.4867037], [95.2592513, 5.4865155], [95.25925929999998, 5.4862165]]}}, {"type": "Feature", "properties": {"layer": "osm_road", "stroke": "#999999"}, "geometry": {"type": "LineString", "coordinates": [[95.25610870000001, 5.486555699999999], [95.2561399, 5.486668999999999], [95.2561319, 5.486962700000001], [95.2560769, 5.4874111999999995]]}}, {"type": "Feature", "properties": {"layer": "osm_road", "stroke": "#999999"}, "geometry": {"type": "LineString", "coordinates": [[95.2585625, 5.4866228], [95.25843989999998, 5.486767799999999], [95.25834069999999, 5.487257699999999], [95.25833529999998, 5.487376499999999]]}}, {"type": "Feature", "properties": {"layer": "osm_road", "stroke": "#999999"}, "geometry": {"type": "LineString", "coordinates": [[95.26193160000001, 5.494042000000001], [95.2617283, 5.4940713], [95.26136349999999, 5.4941420999999995], [95.26123339999998, 5.4941728], [95.2609599, 5.4942662]]}}, {"type": "Feature", "properties": {"layer": "osm_road", "stroke": "#999999"}, "geometry": {"type": "LineString", "coordinates": [[95.26325279999999, 5.495871800000001], [95.26331749999999, 5.4951406]]}}, {"type": "Feature", "properties": {"layer": "osm_road", "stroke": "#999999"}, "geometry": {"type": "LineString", "coordinates": [[95.26030745733995, 5.50008673722183], [95.26035919999998, 5.499441399999999]]}}, {"type": "Feature", "properties": {"layer": "osm_road", "stroke": "#999999"}, "geometry": {"type": "LineString", "coordinates": [[95.32862689999999, 5.4893113], [95.32867759999999, 5.4892495], [95.32868559999999, 5.4892121], [95.3286991, 5.489172], [95.32868829999998, 5.489132], [95.32866689999999, 5.489049199999999], [95.32858639999999, 5.488880999999999], [95.3284979, 5.488664799999999], [95.3283933, 5.4884405], [95.32835839999998, 5.488338999999998], [95.3283182, 5.488226899999999], [95.32830609999999, 5.4881949]]}}, {"type": "Feature", "properties": {"layer": "osm_road", "stroke": "#999999"}, "geometry": {"type": "LineString", "coordinates": [[95.34378309999998, 5.492119399999999], [95.34373240000001, 5.491974399999999], [95.34369909999998, 5.4918384], [95.34367029999999, 5.491724], [95.3435586, 5.491486799999999], [95.34345919999998, 5.4911091], [95.3434163, 5.490967600000001], [95.3433613, 5.490858099999999], [95.3433251, 5.490840699999999], [95.3432594, 5.4908114], [95.3431696, 5.490794], [95.34313739999999, 5.490767300000001], [95.3431132, 5.490672499999999], [95.34311639999999, 5.490606900000001]]}}, {"type": "Feature", "properties": {"layer": "osm_road", "stroke": "#999999"}, "geometry": {"type": "LineString", "coordinates": [[95.3407012, 5.4977159], [95.340746, 5.4976062], [95.3407734, 5.497555300000001], [95.3407975, 5.4975345], [95.3408304, 5.4975163], [95.3409809, 5.4974859]]}}, {"type": "Feature", "properties": {"layer": "osm_road", "stroke": "#999999"}, "geometry": {"type": "LineString", "coordinates": [[95.3370865, 5.491570699999999], [95.33730179999999, 5.4915208], [95.33731829999999, 5.491512599999999], [95.337327, 5.4914974999999995], [95.33732959999999, 5.491459999999999], [95.337278, 5.4910722], [95.3372794, 5.4910630000000005], [95.3372872, 5.491053199999999], [95.33751339999999, 5.490973400000001], [95.33755499999998, 5.4909641], [95.3376013, 5.490959600000001], [95.3377856, 5.490965399999999]]}}, {"type": "Feature", "properties": {"layer": "osm_road", "stroke": "#999999"}, "geometry": {"type": "LineString", "coordinates": [[95.3424145, 5.4904643], [95.3428171, 5.4903389], [95.3430409, 5.4902926]]}}, {"type": "Feature", "properties": {"layer": "osm_road", "stroke": "#999999"}, "geometry": {"type": "LineString", "coordinates": [[95.3499148, 5.485967199999999], [95.35030879999998, 5.485845899999999], [95.3503437, 5.485811199999999], [95.35034749999998, 5.4857553], [95.35031029999999, 5.4855361]]}}, {"type": "Feature", "properties": {"layer": "osm_road", "stroke": "#999999"}, "geometry": {"type": "LineString", "coordinates": [[95.35105869999998, 5.4853937], [95.3510173, 5.485126800000001], [95.35096119999999, 5.484886200000001], [95.350938, 5.484766800000001], [95.3509195, 5.4845204], [95.35089830000001, 5.4843968]]}}, {"type": "Feature", "properties": {"layer": "osm_road", "stroke": "#999999"}, "geometry": {"type": "LineString", "coordinates": [[95.35031029999999, 5.4855361], [95.35047049999999, 5.4854662], [95.35056579999998, 5.4854408], [95.35077499999998, 5.4854115000000006], [95.35105869999998, 5.4853937]]}}, {"type": "Feature", "properties": {"layer": "osm_road", "stroke": "#999999"}, "geometry": {"type": "LineString", "coordinates": [[95.3431412, 5.4885231999999995], [95.343204, 5.4885023], [95.3434711, 5.4884474], [95.3436968, 5.488423], [95.34380989999998, 5.488410799999998], [95.3440848, 5.488362600000001], [95.3442029, 5.4883665], [95.344274, 5.4883798], [95.3443423, 5.488407], [95.34441949999999, 5.4884284999999995], [95.3444986, 5.488437799999999], [95.3450418, 5.488416499999999]]}}, {"type": "Feature", "properties": {"layer": "osm_road", "stroke": "#999999"}, "geometry": {"type": "LineString", "coordinates": [[95.34503139999998, 5.4860923], [95.34501289999999, 5.486049199999998], [95.34504329999999, 5.486017699999999], [95.345089, 5.485989599999998], [95.34556169999999, 5.4857818], [95.345617, 5.4857708], [95.34582999999999, 5.4857641], [95.3461772, 5.4857033999999985], [95.346679, 5.485609499999999], [95.3467941, 5.485591900000001], [95.3468556, 5.4856071], [95.3469295, 5.485647000000001], [95.34738979999999, 5.4859145], [95.3474949, 5.485964], [95.3475364, 5.4859744], [95.34793029999999, 5.4860727], [95.34802009999999, 5.4861085], [95.34820949999998, 5.4861965], [95.34829249999999, 5.486226799999999], [95.34836020000002, 5.4862378], [95.34845140000002, 5.4862405999999995]]}}, {"type": "Feature", "properties": {"layer": "osm_road", "stroke": "#999999"}, "geometry": {"type": "LineString", "coordinates": [[95.3430409, 5.4902926], [95.3430558, 5.490100699999999], [95.3430134, 5.489674600000001], [95.3429665, 5.489490100000001], [95.3429255, 5.489398799999999]]}}, {"type": "Feature", "properties": {"layer": "osm_road", "stroke": "#999999"}, "geometry": {"type": "LineString", "coordinates": [[95.3431991, 5.489307199999999], [95.3430811, 5.4893496], [95.3429255, 5.489398799999999]]}}, {"type": "Feature", "properties": {"layer": "osm_road", "stroke": "#999999"}, "geometry": {"type": "LineString", "coordinates": [[95.3438848, 5.492130099999998], [95.344152, 5.491995699999999], [95.3441769, 5.491968199999999], [95.3441934, 5.4919186999999985], [95.34414779999999, 5.491560899999998], [95.3440231, 5.490858299999999], [95.3439574, 5.4905936], [95.3439356, 5.490388399999999], [95.3438747, 5.4898506], [95.34385580000001, 5.489442899999999], [95.3438288, 5.4892508], [95.34380989999998, 5.489183999999999], [95.34379979999999, 5.4891725], [95.3437746, 5.4891628], [95.343746, 5.4891628], [95.3436865, 5.489180199999999], [95.3435965, 5.489196100000001], [95.34349079999998, 5.489232099999999], [95.3431991, 5.489307199999999]]}}, {"type": "Feature", "properties": {"layer": "osm_road", "stroke": "#999999"}, "geometry": {"type": "LineString", "coordinates": [[95.34408109999998, 5.483205299999999], [95.34406779999999, 5.483226], [95.3440578, 5.483271499999999], [95.344045, 5.483357599999999], [95.3440406, 5.4834311], [95.3440477, 5.4834924], [95.3440785, 5.4836633], [95.3441081, 5.4838048], [95.3441533, 5.4840605], [95.34417239999999, 5.484165299999999]]}}, {"type": "Feature", "properties": {"layer": "osm_road", "stroke": "#999999"}, "geometry": {"type": "LineString", "coordinates": [[95.34379819999998, 5.4843744999999995], [95.3439941, 5.4842564000000005], [95.34408219999999, 5.4842127000000005], [95.34417239999999, 5.484165299999999]]}}, {"type": "Feature", "properties": {"layer": "osm_road", "stroke": "#999999"}, "geometry": {"type": "LineString", "coordinates": [[95.346679, 5.485609499999999], [95.34655849999999, 5.4852366]]}}, {"type": "Feature", "properties": {"layer": "osm_road", "stroke": "#999999"}, "geometry": {"type": "LineString", "coordinates": [[95.3453703, 5.4839494], [95.34528309999999, 5.4839484], [95.3451437, 5.4839202999999985], [95.34511849999998, 5.4839204]]}}, {"type": "Feature", "properties": {"layer": "osm_road", "stroke": "#999999"}, "geometry": {"type": "LineString", "coordinates": [[95.34511849999998, 5.4839204], [95.34511549999999, 5.483888299999999], [95.34510609999998, 5.4837226999999995], [95.3450538, 5.483394299999999], [95.3449395, 5.4830773]]}}, {"type": "Feature", "properties": {"layer": "osm_road", "stroke": "#999999"}, "geometry": {"type": "LineString", "coordinates": [[95.3321953, 5.4826535], [95.33218759999998, 5.482621699999998], [95.33217649999999, 5.4825553], [95.332143, 5.4821862], [95.3321189, 5.4821007999999996], [95.33208669999999, 5.4820554], [95.3320679, 5.4820233], [95.33206719999998, 5.4820003], [95.3320749, 5.4819773], [95.3321266, 5.4819332]]}}, {"type": "Feature", "properties": {"layer": "osm_road", "stroke": "#999999"}, "geometry": {"type": "LineString", "coordinates": [[95.3321266, 5.4819332], [95.33203569999999, 5.481489299999999], [95.3320344, 5.4814653], [95.3320411, 5.481450999999998], [95.3320585, 5.481437299999999], [95.332134, 5.4814273], [95.3321443, 5.481421599999999], [95.3321511, 5.481412599999999], [95.3321541, 5.481395899999999], [95.3321457, 5.481302399999999], [95.33201159999999, 5.480875299999999], [95.33201529999998, 5.480850899999998], [95.332024, 5.4808375], [95.33204909999999, 5.480819200000001], [95.33222349999998, 5.4808138], [95.33232539999999, 5.480796499999999], [95.33244609999998, 5.4807831], [95.3326379, 5.480767099999999]]}}, {"type": "Feature", "properties": {"layer": "osm_road", "stroke": "#999999"}, "geometry": {"type": "LineString", "coordinates": [[95.3342643, 5.4807617], [95.3343256, 5.480761899999999], [95.3344048, 5.480757099999999], [95.33444449999999, 5.4807536], [95.3344907, 5.480751199999999], [95.3345778, 5.4807536], [95.3346987, 5.480743100000001], [95.335601, 5.4804207]]}}, {"type": "Feature", "properties": {"layer": "osm_road", "stroke": "#999999"}, "geometry": {"type": "LineString", "coordinates": [[95.3347065, 5.4805055], [95.3347903, 5.4795082]]}}, {"type": "Feature", "properties": {"layer": "osm_road", "stroke": "#999999"}, "geometry": {"type": "LineString", "coordinates": [[95.3371345, 5.4814772], [95.33705360000002, 5.481206600000001]]}}, {"type": "Feature", "properties": {"layer": "osm_road", "stroke": "#999999"}, "geometry": {"type": "LineString", "coordinates": [[95.3395656, 5.4778682], [95.33957179999999, 5.4778959], [95.3397864, 5.478559299999999], [95.3399554, 5.478914399999999], [95.3401056, 5.4792989], [95.34015119999998, 5.479443099999999], [95.34016729999999, 5.4795659], [95.34013039999999, 5.4797514]]}}, {"type": "Feature", "properties": {"layer": "osm_road", "stroke": "#999999"}, "geometry": {"type": "LineString", "coordinates": [[95.3376989, 5.4799208], [95.33774479999998, 5.479912099999999], [95.337823, 5.4798841], [95.33802679999998, 5.479819300000001]]}}, {"type": "Feature", "properties": {"layer": "osm_road", "stroke": "#999999"}, "geometry": {"type": "LineString", "coordinates": [[95.335185, 5.482747900000001], [95.335185, 5.482803199999999], [95.3353674, 5.483323799999999], [95.33541029999999, 5.4835455], [95.33545589999999, 5.483727000000001]]}}, {"type": "Feature", "properties": {"layer": "osm_road", "stroke": "#999999"}, "geometry": {"type": "LineString", "coordinates": [[95.3382274, 5.4779606], [95.3386652, 5.4777876999999995], [95.3388584, 5.477747699999998], [95.3390577, 5.47771], [95.33907779999998, 5.477709499999998], [95.33925399999998, 5.477705000000001], [95.3393291, 5.4777277], [95.3394833, 5.4778077], [95.3395656, 5.4778682]]}}, {"type": "Feature", "properties": {"layer": "osm_road", "stroke": "#999999"}, "geometry": {"type": "LineString", "coordinates": [[95.34417239999999, 5.484165299999999], [95.3442509, 5.4841175], [95.34430189999999, 5.4841014], [95.34433029999998, 5.484103899999999], [95.34435290000002, 5.4841215], [95.3445258, 5.4843861], [95.34470789999999, 5.4847936], [95.3447299, 5.484858499999999], [95.34481749999999, 5.4850373], [95.3448964, 5.4852169], [95.34498489999999, 5.485579], [95.345089, 5.485989599999998]]}}, {"type": "Feature", "properties": {"layer": "osm_road", "stroke": "#999999"}, "geometry": {"type": "LineString", "coordinates": [[95.34791039999999, 5.481426599999999], [95.34779639999998, 5.4810261]]}}, {"type": "Feature", "properties": {"layer": "osm_road", "stroke": "#999999"}, "geometry": {"type": "LineString", "coordinates": [[95.34719419999999, 5.481170299999999], [95.34779639999998, 5.4810261]]}}, {"type": "Feature", "properties": {"layer": "osm_road", "stroke": "#999999"}, "geometry": {"type": "LineString", "coordinates": [[95.327946, 5.4906578], [95.3279561, 5.490609799999999], [95.3282947, 5.4899543], [95.32831149999998, 5.4898969], [95.32831929999999, 5.4896778]]}}, {"type": "Feature", "properties": {"layer": "osm_road", "stroke": "#999999"}, "geometry": {"type": "LineString", "coordinates": [[95.3289925, 5.492238799999999], [95.32891629999999, 5.491573599999999], [95.3288063, 5.4909007999999995], [95.3287889, 5.490880800000001], [95.32871919999998, 5.4908821], [95.3284831, 5.490986299999999], [95.32844289999998, 5.4909875999999995], [95.32839859999999, 5.4909649], [95.32797749999999, 5.490689899999999], [95.327946, 5.4906578]]}}, {"type": "Feature", "properties": {"layer": "osm_road", "stroke": "#999999"}, "geometry": {"type": "LineString", "coordinates": [[95.327946, 5.4906578], [95.32763290000001, 5.490914199999999], [95.3275631, 5.490948899999999]]}}, {"type": "Feature", "properties": {"layer": "osm_road", "stroke": "#999999"}, "geometry": {"type": "LineString", "coordinates": [[95.32868339999999, 5.4940424000000005], [95.32865349999999, 5.4935279999999995], [95.3286427, 5.493458600000001], [95.32861719999998, 5.4934252]]}}, {"type": "Feature", "properties": {"layer": "osm_road", "stroke": "#999999"}, "geometry": {"type": "LineString", "coordinates": [[95.3298551, 5.495669199999999], [95.32978269999998, 5.4958935], [95.3297612, 5.496043], [95.32980139999998, 5.4962298999999994], [95.3298578, 5.4964649], [95.32986309999998, 5.4965316], [95.32986449999999, 5.496638400000001], [95.3298524, 5.496753199999999], [95.3297371, 5.497057599999999], [95.32961899999998, 5.4973539], [95.3295654, 5.497567499999999], [95.32943200000001, 5.498014700000001], [95.3294106, 5.498070699999999], [95.3293589, 5.4982055999999995], [95.3293186, 5.498384499999999]]}}, {"type": "Feature", "properties": {"layer": "osm_road", "stroke": "#999999"}, "geometry": {"type": "LineString", "coordinates": [[95.3236317, 5.4914461999999995], [95.323682, 5.4914308], [95.32379960000002, 5.491417900000001], [95.32422389999999, 5.491490699999999], [95.32426919999999, 5.4914989], [95.32468779999999, 5.4915843], [95.32486219999998, 5.4916057], [95.3250204, 5.4916177], [95.32521079999998, 5.4916244], [95.32548609999999, 5.491599699999999], [95.3255089, 5.491586999999999], [95.32553, 5.4915696], [95.3255842, 5.4914934]]}}, {"type": "Feature", "properties": {"layer": "osm_road", "stroke": "#999999"}, "geometry": {"type": "LineString", "coordinates": [[95.3233427, 5.493068799999999], [95.32338119999999, 5.4932049], [95.3234077, 5.4934212], [95.32343390000001, 5.493814999999999], [95.3234231, 5.4939257999999995], [95.323393, 5.494154699999999], [95.32326959999999, 5.4946333], [95.3232428, 5.494704099999999], [95.3231851, 5.4948282], [95.3231196, 5.4949737]]}}, {"type": "Feature", "properties": {"layer": "osm_road", "stroke": "#999999"}, "geometry": {"type": "LineString", "coordinates": [[95.3154221, 5.487551400000001], [95.31534799999999, 5.4874349]]}}, {"type": "Feature", "properties": {"layer": "osm_road", "stroke": "#999999"}, "geometry": {"type": "LineString", "coordinates": [[95.3199457, 5.4887128], [95.3197848, 5.4890012]]}}, {"type": "Feature", "properties": {"layer": "osm_road", "stroke": "#999999"}, "geometry": {"type": "LineString", "coordinates": [[95.3263146, 5.484762699999999], [95.32662169999999, 5.4846646], [95.3266626, 5.484658600000001], [95.32670679999998, 5.4846606], [95.32677989999999, 5.484685299999999], [95.3268671, 5.4846905999999995], [95.32698510000002, 5.4846732], [95.32700659999999, 5.4846492], [95.32702469999998, 5.484601100000001], [95.32703739999998, 5.484474299999998]]}}, {"type": "Feature", "properties": {"layer": "osm_road", "stroke": "#999999"}, "geometry": {"type": "LineString", "coordinates": [[95.32805729999998, 5.4859802], [95.3282471, 5.4859754999999994], [95.3282706, 5.485991500000001], [95.3282846, 5.486033599999998], [95.32830480000001, 5.4862699], [95.32840989999998, 5.486578999999999]]}}, {"type": "Feature", "properties": {"layer": "osm_road", "stroke": "#999999"}, "geometry": {"type": "LineString", "coordinates": [[95.3180503, 5.4814858], [95.31801509999998, 5.481451299999998], [95.31797019999999, 5.481395899999999], [95.3179414, 5.481347199999999], [95.3179083, 5.481268499999999], [95.31790049999998, 5.481219699999998], [95.3178975, 5.481159099999999], [95.31790429999998, 5.481100299999999], [95.31795599999998, 5.480982899999999], [95.3179754, 5.480942599999999], [95.31820269999999, 5.480622399999999], [95.3183139, 5.4804734999999996], [95.31846679999998, 5.480242599999999], [95.3185258, 5.480145199999998], [95.31857469999999, 5.480097700000001], [95.3186609, 5.4800409], [95.31877489999998, 5.479986199999999], [95.3188899, 5.4799335], [95.3189892, 5.479916199999999], [95.31907099999998, 5.479917499999999], [95.3193299, 5.4799549999999995]]}}, {"type": "Feature", "properties": {"layer": "osm_road", "stroke": "#999999"}, "geometry": {"type": "LineString", "coordinates": [[95.324171, 5.48943], [95.3241572, 5.489543300000001], [95.32413049999998, 5.489647599999999], [95.32410049999999, 5.489703600000001]]}}, {"type": "Feature", "properties": {"layer": "osm_road", "stroke": "#999999"}, "geometry": {"type": "LineString", "coordinates": [[95.3326379, 5.480767099999999], [95.33304279999999, 5.480744399999999]]}}, {"type": "Feature", "properties": {"layer": "osm_road", "stroke": "#999999"}, "geometry": {"type": "LineString", "coordinates": [[95.3281689, 5.486637799999999], [95.3282311, 5.486611899999999], [95.3283167, 5.4865983], [95.32840989999998, 5.486578999999999]]}}, {"type": "Feature", "properties": {"layer": "osm_road", "stroke": "#999999"}, "geometry": {"type": "LineString", "coordinates": [[95.35669569999999, 5.494721499999999], [95.35674559999998, 5.4948014999999995], [95.35681929999998, 5.494943000000001], [95.35684749999999, 5.4950511]]}}, {"type": "Feature", "properties": {"layer": "osm_road", "stroke": "#999999"}, "geometry": {"type": "LineString", "coordinates": [[95.3566707, 5.4942613], [95.35656619999999, 5.4943039], [95.3565531, 5.494307599999999], [95.35654209999998, 5.494308599999999], [95.3564633, 5.4943043], [95.35641359999998, 5.494297], [95.356355, 5.4942877]]}}, {"type": "Feature", "properties": {"layer": "osm_road", "stroke": "#999999"}, "geometry": {"type": "LineString", "coordinates": [[95.3573774, 5.4914395], [95.35773129999998, 5.491420099999999], [95.3577413, 5.4914220999999985], [95.3577531, 5.491427099999999], [95.3577651, 5.491435499999998], [95.3577715, 5.491441499999999], [95.35792310000001, 5.492110300000001], [95.35789889999998, 5.4922171], [95.3578815, 5.4922598], [95.3578547, 5.4923052000000006], [95.3577769, 5.492392]]}}, {"type": "Feature", "properties": {"layer": "osm_road", "stroke": "#999999"}, "geometry": {"type": "LineString", "coordinates": [[95.35657029999999, 5.482464599999999], [95.35666539999998, 5.4831242], [95.3566699, 5.4834563], [95.356652, 5.483667199999999]]}}, {"type": "Feature", "properties": {"layer": "osm_road", "stroke": "#999999"}, "geometry": {"type": "LineString", "coordinates": [[95.35291400000001, 5.484247400000001], [95.3529529, 5.4843889], [95.35296369999999, 5.4844783], [95.352961, 5.4845790999999995], [95.3529704, 5.484830799999999], [95.3529628, 5.4849162]]}}, {"type": "Feature", "properties": {"layer": "osm_road", "stroke": "#999999"}, "geometry": {"type": "LineString", "coordinates": [[95.3584937, 5.495464], [95.3584887, 5.4954987], [95.35848079999998, 5.495883]]}}, {"type": "Feature", "properties": {"layer": "osm_road", "stroke": "#999999"}, "geometry": {"type": "LineString", "coordinates": [[95.3583549, 5.495415], [95.358434, 5.495426299999999], [95.3584541, 5.4954303], [95.35847159999999, 5.4954396], [95.3584937, 5.495464]]}}, {"type": "Feature", "properties": {"layer": "osm_road", "stroke": "#999999"}, "geometry": {"type": "LineString", "coordinates": [[95.3630315, 5.492359], [95.36302559999999, 5.4923715], [95.3630139, 5.4923799], [95.36297739999999, 5.492384799999999], [95.36291069999999, 5.492363299999999], [95.36283749999998, 5.4923437], [95.3619332, 5.4923475], [95.36188729999999, 5.492356200000001], [95.3618501, 5.492375799999999], [95.3617976, 5.4924096]]}}, {"type": "Feature", "properties": {"layer": "osm_road", "stroke": "#999999"}, "geometry": {"type": "LineString", "coordinates": [[95.3551644, 5.497221799999999], [95.3551728, 5.4975311]]}}, {"type": "Feature", "properties": {"layer": "osm_road", "stroke": "#999999"}, "geometry": {"type": "LineString", "coordinates": [[95.32404179999999, 5.500008799999999], [95.3239911, 5.500033400000001], [95.32395119999998, 5.500042800000001], [95.32373007855719, 5.50008673722183]]}}, {"type": "Feature", "properties": {"layer": "osm_road", "stroke": "#999999"}, "geometry": {"type": "LineString", "coordinates": [[95.32404179999999, 5.500008799999999], [95.32408029999999, 5.5000118], [95.32410849999998, 5.500014499999999], [95.3242627, 5.5000064]]}}, {"type": "Feature", "properties": {"layer": "osm_road", "stroke": "#999999"}, "geometry": {"type": "LineString", "coordinates": [[95.33237769999998, 5.4981656], [95.3324756, 5.4982724], [95.33253729999998, 5.498387199999999]]}}, {"type": "Feature", "properties": {"layer": "osm_road", "stroke": "#999999"}, "geometry": {"type": "LineString", "coordinates": [[95.31555614461016, 5.50008673722183], [95.3155189, 5.4998329]]}}, {"type": "Feature", "properties": {"layer": "osm_road", "stroke": "#999999"}, "geometry": {"type": "LineString", "coordinates": [[95.2624612, 5.4985238999999995], [95.26246479999999, 5.498623599999999], [95.2624653, 5.4986419], [95.2624715, 5.4986624], [95.2624848, 5.4986777], [95.2625013, 5.498687999999999], [95.26252489999999, 5.498691999999999], [95.26257839999998, 5.498695099999999], [95.262601, 5.4987043]]}}, {"type": "Feature", "properties": {"layer": "osm_road", "stroke": "#999999"}, "geometry": {"type": "LineString", "coordinates": [[95.2684832, 5.497319900000001], [95.26864879999998, 5.497278399999999], [95.2688289, 5.4972050999999995], [95.2688643, 5.497185799999999], [95.26889879999999, 5.497148899999999], [95.2689275, 5.497060499999999], [95.2689528, 5.497040299999999], [95.26903059999998, 5.497020599999999], [95.26912179999998, 5.4969925], [95.2691977, 5.4969838], [95.26925820000001, 5.4969831], [95.26931909999999, 5.496993300000001], [95.2693781, 5.4970071], [95.2694098, 5.497022800000001], [95.2694324, 5.497041199999999], [95.2694664, 5.497084799999999], [95.2695105, 5.4971691], [95.2695935, 5.4974532], [95.26960649999998, 5.497475599999999], [95.26962449999999, 5.497498099999999], [95.26965349999999, 5.4975268999999996], [95.26968949999998, 5.4975727999999995], [95.26971849999998, 5.497615699999999], [95.2697533, 5.4976762], [95.26978159999999, 5.4977331000000005], [95.2698079, 5.497803899999999], [95.2698741, 5.4980241], [95.2699546, 5.4982177000000005], [95.27009539999999, 5.498483299999998], [95.2701756, 5.498653300000001], [95.27021609999998, 5.498778399999999], [95.2702456, 5.4988555], [95.27028999999999, 5.499003700000001], [95.2703223, 5.499120399999999], [95.27034739999999, 5.499257699999999]]}}, {"type": "Feature", "properties": {"layer": "osm_road", "stroke": "#999999"}, "geometry": {"type": "LineString", "coordinates": [[95.28448999999999, 5.485912899999999], [95.2843175, 5.4862067], [95.28423069999998, 5.486300599999999], [95.2841704, 5.486396700000001], [95.2840383, 5.4867024], [95.2837533, 5.4871677], [95.28318999999999, 5.488041299999999], [95.2825905, 5.489022], [95.2823719, 5.4893404], [95.28226209999998, 5.4895114000000005], [95.2816138, 5.490598299999999], [95.281524, 5.4907194], [95.28139979999999, 5.4909919], [95.2811301, 5.491906], [95.28106449999999, 5.492146], [95.280968, 5.492457999999999], [95.2808766, 5.492848499999998], [95.28076130000001, 5.493230299999998], [95.2806262, 5.493647], [95.2804249, 5.4941786], [95.2803254, 5.4945279000000005], [95.28022619999999, 5.494842899999999], [95.28014299999998, 5.495141899999999], [95.28006909999999, 5.4954491], [95.28004649999998, 5.4955210999999995], [95.28002899999998, 5.4956025], [95.2800196, 5.4956706], [95.28000759999999, 5.495862799999999], [95.2799962, 5.495986699999999], [95.27996059999998, 5.496371399999999], [95.2799284, 5.4968587], [95.27972729999999, 5.4994176999999995], [95.2796488134136, 5.50008673722183]]}}, {"type": "Feature", "properties": {"layer": "osm_road", "stroke": "#999999"}, "geometry": {"type": "LineString", "coordinates": [[95.2712739, 5.498390799999999], [95.27136279999999, 5.498369299999999], [95.27141719999999, 5.4983632], [95.2714728, 5.4983617]]}}, {"type": "Feature", "properties": {"layer": "osm_road", "stroke": "#999999"}, "geometry": {"type": "LineString", "coordinates": [[95.2714259, 5.4979399], [95.27141380000002, 5.497924099999999], [95.27140319999998, 5.497914999999999], [95.27138829999998, 5.497910200000001], [95.2713683, 5.4979113], [95.27123809999999, 5.4979455], [95.2707929, 5.4980624], [95.27047279999998, 5.498139000000001]]}}, {"type": "Feature", "properties": {"layer": "osm_road", "stroke": "#999999"}, "geometry": {"type": "LineString", "coordinates": [[95.27145419999998, 5.498182999999998], [95.2714315, 5.497958900000001], [95.2714259, 5.4979399]]}}, {"type": "Feature", "properties": {"layer": "osm_road", "stroke": "#999999"}, "geometry": {"type": "LineString", "coordinates": [[95.2712739, 5.498390799999999], [95.2712274, 5.498162899999999], [95.27123809999999, 5.498104799999999], [95.2712428, 5.4980394], [95.27123809999999, 5.4979455]]}}, {"type": "Feature", "properties": {"layer": "osm_road", "stroke": "#999999"}, "geometry": {"type": "LineString", "coordinates": [[95.2694808, 5.499322499999998], [95.2694339, 5.499346799999999], [95.2693916, 5.4993574999999995], [95.26934749999998, 5.499383600000001], [95.26929720000001, 5.499413699999999], [95.2692597, 5.4994486], [95.2692353, 5.4995031], [95.2692546, 5.499668], [95.26925789999999, 5.4997521], [95.2692298, 5.4998109], [95.2692184, 5.4998396], [95.26923509999999, 5.499906299999998]]}}, {"type": "Feature", "properties": {"layer": "osm_road", "stroke": "#999999"}, "geometry": {"type": "LineString", "coordinates": [[95.3409809, 5.4974859], [95.341316, 5.497458100000001], [95.3415303, 5.4974517], [95.3417426, 5.4974394], [95.3418096, 5.497426799999999]]}}, {"type": "Feature", "properties": {"layer": "osm_road", "stroke": "#999999"}, "geometry": {"type": "LineString", "coordinates": [[95.3050056, 5.497596099999999], [95.3052116, 5.4975962], [95.3052478, 5.4975835], [95.30525649999998, 5.497565499999999], [95.30525649999998, 5.4975382], [95.30525649999998, 5.4972698], [95.30525319999998, 5.497176399999999]]}}, {"type": "Feature", "properties": {"layer": "osm_road", "stroke": "#999999"}, "geometry": {"type": "LineString", "coordinates": [[95.3050011, 5.497815900000001], [95.3050056, 5.497596099999999], [95.3050138, 5.4972024]]}}, {"type": "Feature", "properties": {"layer": "osm_road", "stroke": "#999999"}, "geometry": {"type": "LineString", "coordinates": [[95.3047536, 5.497816299999998], [95.304763, 5.4972084]]}}, {"type": "Feature", "properties": {"layer": "osm_road", "stroke": "#999999"}, "geometry": {"type": "LineString", "coordinates": [[95.30452999999999, 5.4975689], [95.30451359999999, 5.497175]]}}, {"type": "Feature", "properties": {"layer": "osm_road", "stroke": "#999999"}, "geometry": {"type": "LineString", "coordinates": [[95.35541919999999, 5.494389], [95.35539369999998, 5.493932499999999], [95.3556901, 5.4939098], [95.35575979999999, 5.4940006]]}}, {"type": "Feature", "properties": {"layer": "osm_road", "stroke": "#999999"}, "geometry": {"type": "LineString", "coordinates": [[95.3556821, 5.4989625], [95.3552797, 5.4991561], [95.35506919999999, 5.4991361], [95.354467, 5.4992709], [95.35452549999998, 5.4996981], [95.3535055, 5.499850299999999], [95.35345579999999, 5.4995432]]}}, {"type": "Feature", "properties": {"layer": "osm_road", "stroke": "#999999"}, "geometry": {"type": "LineString", "coordinates": [[95.3380211, 5.493576], [95.3376684, 5.4938534]]}}, {"type": "Feature", "properties": {"layer": "osm_road", "stroke": "#999999"}, "geometry": {"type": "LineString", "coordinates": [[95.35003599999999, 5.483742100000001], [95.34982699999999, 5.483773499999999], [95.34974769999998, 5.483780799999999]]}}, {"type": "Feature", "properties": {"layer": "osm_road", "stroke": "#999999"}, "geometry": {"type": "LineString", "coordinates": [[95.35009460000002, 5.4831104], [95.34964229999999, 5.4836320999999995], [95.34982699999999, 5.483773499999999], [95.35029049999999, 5.483256300000001]]}}, {"type": "Feature", "properties": {"layer": "osm_road", "stroke": "#999999"}, "geometry": {"type": "LineString", "coordinates": [[95.35479059999999, 5.487534], [95.35536959999999, 5.487436599999999]]}}, {"type": "Feature", "properties": {"layer": "osm_road", "stroke": "#999999"}, "geometry": {"type": "LineString", "coordinates": [[95.3548376, 5.4878094], [95.35479059999999, 5.487534], [95.3547674, 5.487397899999999]]}}, {"type": "Feature", "properties": {"layer": "osm_road", "stroke": "#999999"}, "geometry": {"type": "LineString", "coordinates": [[95.35701159999999, 5.48822], [95.3573933, 5.488160199999999]]}}, {"type": "Feature", "properties": {"layer": "osm_road", "stroke": "#999999"}, "geometry": {"type": "LineString", "coordinates": [[95.3583388, 5.4899196], [95.3582945, 5.489686399999999]]}}, {"type": "Feature", "properties": {"layer": "osm_road", "stroke": "#999999"}, "geometry": {"type": "LineString", "coordinates": [[95.3556298, 5.489278799999999], [95.35590599999999, 5.489297500000001], [95.356139, 5.489270300000001]]}}, {"type": "Feature", "properties": {"layer": "osm_road", "stroke": "#999999"}, "geometry": {"type": "LineString", "coordinates": [[95.356388, 5.4897537], [95.35644039999998, 5.490038299999999], [95.3566124, 5.490006899999998], [95.35670979999999, 5.490535699999999], [95.35709949999999, 5.4904646], [95.35704559999999, 5.490172]]}}, {"type": "Feature", "properties": {"layer": "osm_road", "stroke": "#999999"}, "geometry": {"type": "LineString", "coordinates": [[95.3562333, 5.4897768000000005], [95.356388, 5.4897537], [95.35670799999998, 5.489706000000001]]}}, {"type": "Feature", "properties": {"layer": "osm_road", "stroke": "#999999"}, "geometry": {"type": "LineString", "coordinates": [[95.35483129999999, 5.493006799999999], [95.3548336, 5.493178199999999]]}}, {"type": "Feature", "properties": {"layer": "osm_road", "stroke": "#999999"}, "geometry": {"type": "LineString", "coordinates": [[95.35445519999999, 5.493347999999999], [95.35445079999998, 5.493011799999999], [95.35483129999999, 5.493006799999999]]}}, {"type": "Feature", "properties": {"layer": "osm_road", "stroke": "#999999"}, "geometry": {"type": "LineString", "coordinates": [[95.3227566, 5.4873906], [95.32307569999999, 5.4873665], [95.32307649999998, 5.487665]]}}, {"type": "Feature", "properties": {"layer": "osm_road", "stroke": "#999999"}, "geometry": {"type": "LineString", "coordinates": [[95.24317, 5.4758636], [95.2428326, 5.4759124]]}}, {"type": "Feature", "properties": {"layer": "osm_road", "stroke": "#999999"}, "geometry": {"type": "LineString", "coordinates": [[95.3118789, 5.4879933], [95.312072, 5.4879639000000005]]}}, {"type": "Feature", "properties": {"layer": "osm_road", "stroke": "#999999"}, "geometry": {"type": "LineString", "coordinates": [[95.31171799999998, 5.487305799999998], [95.3118253, 5.487662199999998], [95.3118789, 5.4879933], [95.3119352, 5.4883429999999995], [95.311946, 5.488481900000001]]}}, {"type": "Feature", "properties": {"layer": "osm_road", "stroke": "#999999"}, "geometry": {"type": "LineString", "coordinates": [[95.3102643, 5.4893244], [95.31047339999999, 5.489248099999999]]}}, {"type": "Feature", "properties": {"layer": "osm_road", "stroke": "#999999"}, "geometry": {"type": "LineString", "coordinates": [[95.31013629999998, 5.4889669], [95.3102643, 5.4893244], [95.3103232, 5.489472399999999]]}}, {"type": "Feature", "properties": {"layer": "osm_road", "stroke": "#999999"}, "geometry": {"type": "LineString", "coordinates": [[95.30999439999998, 5.489165399999999], [95.31013819999998, 5.4895792]]}}, {"type": "Feature", "properties": {"layer": "osm_road", "stroke": "#999999"}, "geometry": {"type": "LineString", "coordinates": [[95.2445514, 5.420885199999999], [95.2443624, 5.4214006], [95.2440404, 5.4221155], [95.24383659999998, 5.4224006], [95.2437414, 5.422656199999999], [95.24358450000001, 5.4230827999999995], [95.2434343, 5.4238104], [95.24334580000001, 5.4241602], [95.2432734, 5.424320499999999], [95.2431098, 5.424616800000001], [95.24304469999998, 5.424729599999999]]}}, {"type": "Feature", "properties": {"layer": "osm_road", "stroke": "#999999"}, "geometry": {"type": "LineString", "coordinates": [[95.2468505, 5.4493388], [95.2469067, 5.448902], [95.24701329999999, 5.4485297], [95.2472432, 5.448544999999999]]}}, {"type": "Feature", "properties": {"layer": "osm_road", "stroke": "#999999"}, "geometry": {"type": "LineString", "coordinates": [[95.24701329999999, 5.4485297], [95.2471616, 5.447835], [95.2471773, 5.4477101]]}}, {"type": "Feature", "properties": {"layer": "osm_road", "stroke": "#999999"}, "geometry": {"type": "LineString", "coordinates": [[95.2469067, 5.448902], [95.2471987, 5.449067399999999], [95.2473645, 5.449077099999999], [95.24735110000002, 5.4496122]]}}, {"type": "Feature", "properties": {"layer": "osm_road", "stroke": "#999999"}, "geometry": {"type": "LineString", "coordinates": [[95.2473645, 5.449077099999999], [95.2473636, 5.448664999999999]]}}, {"type": "Feature", "properties": {"layer": "osm_road", "stroke": "#999999"}, "geometry": {"type": "LineString", "coordinates": [[95.24939799999999, 5.4662505999999995], [95.2493456, 5.466119000000001], [95.2493715, 5.465951099999999], [95.24938969999998, 5.4657238], [95.2493767, 5.4656386], [95.24938969999998, 5.465336400000001], [95.2493975, 5.4650911], [95.2492885, 5.464665], [95.24918729999999, 5.464396399999999], [95.2492133, 5.464326599999999], [95.2492885, 5.4642698], [95.24931189999998, 5.4642207], [95.24933519999999, 5.464070899999999], [95.2493637, 5.463732599999999], [95.2493949, 5.463510499999999], [95.24942079999998, 5.463440800000001], [95.2495194, 5.463174799999999], [95.24964529999998, 5.4628594], [95.2498482, 5.462383299999999], [95.24997569999998, 5.462155299999999], [95.250025, 5.462106299999999], [95.2501381, 5.462088999999999], [95.25018439999998, 5.461615699999999], [95.25025399999998, 5.4615696], [95.2502627, 5.461488799999999], [95.2501989, 5.4614051], [95.250167, 5.4609578], [95.25018149999998, 5.4609145], [95.2502308, 5.460888599999999], [95.2504917, 5.4609174], [95.25091489999998, 5.4609694], [95.2514309, 5.4610069], [95.2516391, 5.461020799999999], [95.25194779999998, 5.4612119], [95.25218649999998, 5.4614444], [95.2523344, 5.4616717], [95.2524485, 5.4619299], [95.2525056, 5.461986699999999], [95.252599, 5.461979], [95.25274429999999, 5.4619248], [95.2528766, 5.4619222], [95.25296999999999, 5.4619403], [95.253232, 5.461896399999999], [95.25356409999999, 5.4617672], [95.25367049999998, 5.461901499999999], [95.25378729999998, 5.4620565], [95.253808, 5.462244999999999], [95.25378979999999, 5.4624335], [95.2537769, 5.4625394], [95.2538625, 5.4626866], [95.25393510000002, 5.462807999999999], [95.25398699999998, 5.4630588]]}}, {"type": "Feature", "properties": {"layer": "osm_road", "stroke": "#999999"}, "geometry": {"type": "LineString", "coordinates": [[95.2449982, 5.459593399999999], [95.2448242, 5.459573899999999], [95.24451619999999, 5.4595756], [95.2441472, 5.459579099999999]]}}, {"type": "Feature", "properties": {"layer": "osm_road", "stroke": "#999999"}, "geometry": {"type": "LineString", "coordinates": [[95.27527029999999, 5.4790358999999995], [95.27528049999998, 5.479287], [95.2753358, 5.4794776], [95.275364, 5.479719499999999], [95.2754229, 5.4800347], [95.27546829999999, 5.480219099999999]]}}, {"type": "Feature", "properties": {"layer": "osm_road", "stroke": "#999999"}, "geometry": {"type": "LineString", "coordinates": [[95.3110303, 5.486681699999999], [95.31107759999999, 5.4866603], [95.31124419999999, 5.486639599999998], [95.3112097, 5.486495500000001], [95.31109299999999, 5.486157700000001]]}}, {"type": "Feature", "properties": {"layer": "osm_road", "stroke": "#999999"}, "geometry": {"type": "LineString", "coordinates": [[95.3427942, 5.498254900000001], [95.34273319999998, 5.497884699999999], [95.3429744, 5.4978499]]}}, {"type": "Feature", "properties": {"layer": "osm_road", "stroke": "#999999"}, "geometry": {"type": "LineString", "coordinates": [[95.34083399999999, 5.495452299999999], [95.34109289999999, 5.495400899999999], [95.34113259999998, 5.49538], [95.34114659999999, 5.495361400000001], [95.3411999, 5.495333799999999], [95.34133619999999, 5.4952683], [95.3414141, 5.495245399999998], [95.3414902, 5.495227799999999], [95.34155209999999, 5.4952401], [95.34164059999999, 5.495282399999999], [95.34174499999999, 5.4953563], [95.34187949999999, 5.4953405], [95.3419467, 5.4953405], [95.34204049999998, 5.495342299999999], [95.34203340000002, 5.4953933], [95.342037, 5.4955184]]}}, {"type": "Feature", "properties": {"layer": "osm_road", "stroke": "#999999"}, "geometry": {"type": "LineString", "coordinates": [[95.34164059999999, 5.495282399999999], [95.3416813, 5.495187199999999]]}}, {"type": "Feature", "properties": {"layer": "osm_road", "stroke": "#999999"}, "geometry": {"type": "LineString", "coordinates": [[95.34659909999999, 5.4945616], [95.3466229, 5.494578], [95.34675849999999, 5.494590299999999], [95.346817, 5.4946317], [95.346817, 5.494682299999999], [95.34682159999998, 5.4954355999999995], [95.34684939999998, 5.4956932]]}}, {"type": "Feature", "properties": {"layer": "osm_road", "stroke": "#999999"}, "geometry": {"type": "LineString", "coordinates": [[95.3428739, 5.4967895], [95.3433298, 5.4967525], [95.3433607, 5.4967502999999995], [95.3434049, 5.496747199999999], [95.3435283, 5.4967017999999985], [95.3439762, 5.4967435], [95.3440164, 5.496747199999999], [95.34411959999998, 5.497018099999999], [95.34418010000002, 5.497176999999999], [95.3441887, 5.497252699999999], [95.34419619999998, 5.4973184999999996], [95.34422029999999, 5.4975321], [95.3442015, 5.4976069], [95.34416929999999, 5.4976468999999994], [95.3438421, 5.497671], [95.3438123, 5.497670499999998], [95.3435687, 5.497666500000001], [95.34351489999999, 5.4976656], [95.3434847, 5.497835799999999]]}}, {"type": "Feature", "properties": {"layer": "osm_road", "stroke": "#999999"}, "geometry": {"type": "LineString", "coordinates": [[95.3438123, 5.497670499999998], [95.343823, 5.497814499999999], [95.3438985, 5.4979019]]}}, {"type": "Feature", "properties": {"layer": "osm_road", "stroke": "#999999"}, "geometry": {"type": "LineString", "coordinates": [[95.3421533, 5.497297100000001], [95.3420713, 5.4968919]]}}, {"type": "Feature", "properties": {"layer": "osm_road", "stroke": "#999999"}, "geometry": {"type": "LineString", "coordinates": [[95.34594609999999, 5.492556899999999], [95.3459413, 5.4924718], [95.34597569999998, 5.4923608], [95.34603789999998, 5.492277499999999], [95.34608349999999, 5.4922716], [95.34616069999998, 5.492253399999999], [95.34622079999998, 5.4922395999999996], [95.3462905, 5.4922033], [95.346415, 5.492161599999998], [95.34651049999998, 5.492131699999999], [95.3466199, 5.492106100000001], [95.34668219999999, 5.4920751], [95.34676049999999, 5.4920526999999995], [95.3468978, 5.4919971], [95.3469461, 5.4919779], [95.34695250000001, 5.491996099999998], [95.3470051, 5.4919842999999995], [95.3470695, 5.491964], [95.3471467, 5.4919512], [95.34722399999998, 5.491936300000001], [95.34732159999999, 5.491925599999999], [95.3474267, 5.491909599999999], [95.3475029, 5.491901], [95.34757589999998, 5.491907399999999], [95.3476102, 5.4919234], [95.34764769999998, 5.491904199999999], [95.3477078, 5.4918838999999995], [95.3477743, 5.491881799999999], [95.34781829999999, 5.491860399999999], [95.3478709, 5.491838000000001], [95.3479063, 5.491820899999999], [95.3479342, 5.491782500000001], [95.34794489999999, 5.491748299999999], [95.34796319999998, 5.491715200000001], [95.3479889, 5.491669300000001], [95.34803289999999, 5.491644700000001], [95.34814819999998, 5.491626700000001]]}}, {"type": "Feature", "properties": {"layer": "osm_road", "stroke": "#999999"}, "geometry": {"type": "LineString", "coordinates": [[95.32335999999998, 5.4964597], [95.3232118, 5.496517], [95.323006, 5.4965361], [95.3229263, 5.496530599999999], [95.3228248, 5.496454100000001], [95.32272869999998, 5.496399499999999], [95.32264910000002, 5.496399499999999], [95.3223828, 5.496426799999999]]}}, {"type": "Feature", "properties": {"layer": "osm_road", "stroke": "#999999"}, "geometry": {"type": "LineString", "coordinates": [[95.32380459999999, 5.4987403], [95.3232994, 5.4987262999999995], [95.32303639999999, 5.498721999999998], [95.3228318, 5.4987343], [95.3226592, 5.4987252], [95.32255319999999, 5.4986920999999995], [95.3224473, 5.4986484], [95.32219449999998, 5.498606200000001], [95.3219704, 5.4985881], [95.3218629, 5.4985595], [95.321816, 5.4985399], [95.3217676, 5.4984826], [95.32173269999998, 5.4984751], [95.3213815, 5.4985866], [95.3211348, 5.4986619], [95.32109839999998, 5.4986665], [95.3210561, 5.498657399999999], [95.3210273, 5.498630300000001], [95.3209062, 5.498444899999999], [95.3207139, 5.498315399999999]]}}, {"type": "Feature", "properties": {"layer": "osm_road", "stroke": "#999999"}, "geometry": {"type": "LineString", "coordinates": [[95.26854419999998, 5.490063999999999], [95.26868389999998, 5.490061100000001], [95.2688396, 5.490041399999999], [95.2689473, 5.4900424999999995], [95.26903349999999, 5.490065699999999], [95.26913109999998, 5.490090300000001], [95.2691565, 5.490125599999998], [95.2691526, 5.4902073], [95.2691711, 5.4902592], [95.2692638, 5.4902833], [95.2693863, 5.490305399999999], [95.2695624, 5.490332099999999], [95.269688, 5.4903594999999985], [95.2699132, 5.4903945], [95.27003089999998, 5.490423899999999], [95.270066, 5.490720199999998], [95.27009559999999, 5.4907788], [95.27018719999998, 5.490819499999998], [95.2703436, 5.490832899999999], [95.27061509999999, 5.490875299999999], [95.27076289999998, 5.4908947], [95.2707944, 5.490897600000001], [95.2708532, 5.490874099999998], [95.2709288, 5.490841100000001], [95.2712068, 5.4907268], [95.27129379999998, 5.490676799999999], [95.2713666, 5.4906354], [95.27139179999999, 5.4905959], [95.27144809999999, 5.490508899999999], [95.27149109999999, 5.490458299999999], [95.27152689999998, 5.4903944], [95.27153419999999, 5.490368199999999], [95.2715416, 5.490342], [95.2715213, 5.4902841], [95.2714943, 5.490201699999999], [95.27145339999998, 5.4901288], [95.2714323, 5.4900717], [95.27141079999998, 5.490029], [95.2713829, 5.4899678], [95.2713291, 5.489893899999999], [95.2713091, 5.4898529]]}}, {"type": "Feature", "properties": {"layer": "osm_road", "stroke": "#999999"}, "geometry": {"type": "LineString", "coordinates": [[95.27153419999999, 5.490368199999999], [95.27157469999999, 5.4903444], [95.27189179999999, 5.4903584], [95.2719075, 5.4903683], [95.27192819999999, 5.490447099999999], [95.271949, 5.4904557], [95.272395, 5.490473], [95.27243229999999, 5.4905396], [95.27251859999998, 5.4909001], [95.27253099999999, 5.4909191], [95.27261829999999, 5.490947799999999]]}}, {"type": "Feature", "properties": {"layer": "osm_road", "stroke": "#999999"}, "geometry": {"type": "LineString", "coordinates": [[95.26836549999999, 5.4843971], [95.2684446, 5.4844482], [95.26853509999998, 5.4845146], [95.26862109999999, 5.484608], [95.26870629999999, 5.484724400000001], [95.26874519999998, 5.484807299999999], [95.2688125, 5.4849195], [95.2688551, 5.4849972000000005], [95.26889669999998, 5.4851073999999995], [95.26896770000002, 5.485285099999999], [95.2690444, 5.485427200000001], [95.26912729999998, 5.485534699999999], [95.26920459999998, 5.485635199999999], [95.2692718, 5.4857469], [95.2693412, 5.485920800000001], [95.2694219, 5.4860775], [95.2695212, 5.4862515], [95.2695959, 5.4863974], [95.26954639999998, 5.486392], [95.26944870000001, 5.486324699999999], [95.26932749999999, 5.486260699999999], [95.2692041, 5.4861881], [95.26907039999999, 5.486128399999999], [95.2689439, 5.486087599999999], [95.26890639999999, 5.4860966], [95.2688933, 5.486139299999998], [95.268897, 5.486243199999999], [95.26888339999999, 5.4863368], [95.2688598, 5.486391099999999], [95.2688041, 5.4864028], [95.2687124, 5.486405399999999], [95.2686701, 5.486421399999999], [95.2686309, 5.4864569], [95.2685785, 5.486475800000001], [95.2684817, 5.486487499999999]]}}, {"type": "Feature", "properties": {"layer": "osm_road", "stroke": "#999999"}, "geometry": {"type": "LineString", "coordinates": [[95.2695959, 5.4863974], [95.2696816, 5.4863461], [95.2697818, 5.486299299999999], [95.2698688, 5.4862690999999995], [95.2700477, 5.4862004], [95.2702665, 5.48611], [95.270468, 5.486047], [95.2706683, 5.4860159], [95.27085869999999, 5.485995499999999], [95.27100319999998, 5.485978799999999], [95.2711797, 5.485898500000001], [95.2712797, 5.4858229], [95.27135729999999, 5.4857426], [95.27152150000002, 5.4855938], [95.27167980000002, 5.4854847], [95.2717553, 5.4853994], [95.27187289999999, 5.4853113], [95.2719269, 5.4852671], [95.27207179999999, 5.485184], [95.27218069999999, 5.4851472999999995], [95.2723143, 5.4851372000000005], [95.27237199999999, 5.485134999999999]]}}, {"type": "Feature", "properties": {"layer": "osm_road", "stroke": "#999999"}, "geometry": {"type": "LineString", "coordinates": [[95.26836549999999, 5.4843971], [95.26833499999998, 5.4844186], [95.2682997, 5.484465499999999], [95.2682365, 5.4845381999999985], [95.2681755, 5.484590599999999], [95.26812749999999, 5.484609299999999], [95.26807539999999, 5.4845903], [95.2680137, 5.4845581999999995], [95.2679542, 5.484531799999999], [95.26783879999999, 5.4845027], [95.2677536, 5.484462499999999], [95.267677, 5.484425199999999], [95.267598, 5.484358399999998], [95.2675158, 5.4842816999999995], [95.2674219, 5.4841663], [95.26731819999999, 5.484023], [95.26723439999999, 5.4839115], [95.2671447, 5.483773799999999], [95.26707619999999, 5.483698599999999], [95.26700729999999, 5.483630400000001], [95.26691, 5.483566599999999], [95.2667728, 5.483502299999999], [95.266564, 5.483440999999999], [95.26645289999999, 5.483421599999999], [95.26632859999998, 5.483401300000001], [95.2662512, 5.483393099999999], [95.2661868, 5.483393400000001], [95.2661114, 5.483420799999998], [95.26602399999999, 5.4834677], [95.26593419999999, 5.4835379], [95.26583209999998, 5.483611299999998], [95.26576109999999, 5.4836549], [95.26569049999999, 5.4836848], [95.26559139999999, 5.4836917000000005], [95.26543940000002, 5.4836903], [95.2652698, 5.4836733], [95.26513479999998, 5.483679999999999], [95.26499399999999, 5.4836909], [95.2648661, 5.4836927], [95.26470929999999, 5.483645800000001], [95.26456879999999, 5.4835686], [95.26438759999999, 5.483518999999999], [95.26424739999999, 5.483472599999999], [95.26416419999998, 5.483434500000001], [95.26408659999998, 5.4833601], [95.2640383, 5.4832807], [95.2639761, 5.4831924999999995], [95.2639087, 5.483130899999999], [95.2638546, 5.4831058]]}}, {"type": "Feature", "properties": {"layer": "osm_road", "stroke": "#999999"}, "geometry": {"type": "LineString", "coordinates": [[95.299243, 5.492957999999999], [95.29928529999998, 5.492838399999999], [95.2993194, 5.492640499999999], [95.29936899999998, 5.492407299999999], [95.29938499999999, 5.4923078]]}}, {"type": "Feature", "properties": {"layer": "osm_road", "stroke": "#999999"}, "geometry": {"type": "LineString", "coordinates": [[95.2979759, 5.491220299999999], [95.29799349999999, 5.4911014], [95.2980255, 5.4909587], [95.2980405, 5.490853999999999], [95.2980331, 5.4907987999999985], [95.29793969999999, 5.490760099999999]]}}, {"type": "Feature", "properties": {"layer": "osm_road", "stroke": "#999999"}, "geometry": {"type": "LineString", "coordinates": [[95.3495353, 5.4715902], [95.3495641, 5.4716846]]}}, {"type": "Feature", "properties": {"layer": "osm_road", "stroke": "#999999"}, "geometry": {"type": "LineString", "coordinates": [[95.3495291, 5.4715641], [95.3495353, 5.4715902]]}}, {"type": "Feature", "properties": {"layer": "osm_road", "stroke": "#999999"}, "geometry": {"type": "LineString", "coordinates": [[95.31467430761164, 5.50008673722183], [95.3145372, 5.499973399999998]]}}, {"type": "Feature", "properties": {"layer": "osm_road", "stroke": "#999999"}, "geometry": {"type": "LineString", "coordinates": [[95.2499676, 5.4782735], [95.25002789999999, 5.478244299999999], [95.250082, 5.4782098999999995], [95.2501165, 5.478179999999999], [95.2501466, 5.478135100000001], [95.25016909999998, 5.4781172], [95.25022319999998, 5.4781008], [95.2502922, 5.478088799999999], [95.250522, 5.4780828], [95.2506937, 5.478081], [95.2507456, 5.478064599999999], [95.25075989999999, 5.4780415], [95.2507787, 5.477977799999999], [95.25081509999998, 5.477783299999999], [95.25086919999998, 5.477483400000001], [95.25090009999998, 5.477358099999999], [95.25092549999998, 5.477295499999999], [95.25096189999998, 5.477237299999999], [95.2510083, 5.477178999999998], [95.2510557, 5.477124099999999], [95.2511142, 5.477062599999999], [95.2511562, 5.4770186], [95.25120139999999, 5.476959299999999], [95.2512422, 5.476893399999999], [95.2512853, 5.476805499999999], [95.25138239999998, 5.476615399999999], [95.2514122, 5.476554999999999], [95.2514486, 5.476504399999999], [95.25147399999999, 5.4764451], [95.2515116, 5.4763594], [95.25154799999999, 5.476252799999999], [95.2516142, 5.4760397], [95.2516539, 5.4759375], [95.2516981, 5.475840799999999], [95.25174109999999, 5.475766100000001], [95.25178749999999, 5.475685899999999], [95.25187139999998, 5.475545300000001], [95.2518923, 5.4754859], [95.25192099999998, 5.475388199999999], [95.2519376, 5.475293699999999], [95.25194969999998, 5.475179399999999], [95.2519608, 5.475045399999999], [95.25196739999998, 5.474791599999999], [95.2519718, 5.474542199999999]]}}, {"type": "Feature", "properties": {"layer": "cable_prior_anchor", "stroke": "#4575b4"}, "geometry": {"type": "LineString", "coordinates": [[95.33797580734466, 5.434073321154308], [95.33799891604401, 5.434472038767046], [95.33809254360989, 5.4349097472531405], [95.33811006545271, 5.4351119978657065], [95.33812918441193, 5.435434276117639], [95.33782249358114, 5.435512494206478], [95.3375638224109, 5.435522405366174], [95.33749079250934, 5.4355385920352175], [95.33748856743203, 5.43579461345141], [95.33752272501415, 5.436107690233765], [95.33756683321886, 5.436427190236708], [95.33764428018739, 5.437066237172571], [95.33768134785724, 5.437556437030755], [95.33765564163006, 5.438021410340523], [95.3376288089173, 5.438432697908939], [95.33759729879333, 5.438964584839958], [95.33760803513417, 5.439333355485759], [95.33761789242558, 5.439534616158704], [95.33776269248757, 5.439946430445403], [95.3378214905851, 5.440201184564202], [95.33787703348659, 5.440616916850168], [95.33794024202473, 5.441005498933082], [95.33800629065222, 5.441429563059113], [95.33803326661749, 5.441622392366986], [95.33765171814846, 5.441664203973052], [95.3373206295521, 5.441737530423573], [95.33732492135276, 5.441756734776097], [95.3376527993702, 5.441683818778816], [95.33803326661749, 5.441642066238022], [95.33807629174646, 5.441966392454155], [95.33810997561861, 5.442215566477497], [95.33785429649303, 5.442638434770267], [95.33765422450873, 5.442700100001305], [95.33720168693506, 5.442806462051983], [95.33690924726434, 5.442817373751034], [95.33698756134463, 5.44319643931144]]}}, {"type": "Feature", "properties": {"layer": "cable_prior_anchor", "stroke": "#4575b4"}, "geometry": {"type": "LineString", "coordinates": [[95.26877270838942, 5.43366223099227], [95.27004921295867, 5.43366223099227]]}}, {"type": "Feature", "properties": {"layer": "cable_prior_anchor", "stroke": "#4575b4"}, "geometry": {"type": "LineString", "coordinates": [[95.26877270838942, 5.432600855265565], [95.27004921295867, 5.432600855265565]]}}, {"type": "Feature", "properties": {"layer": "cable_prior_anchor", "stroke": "#4575b4"}, "geometry": {"type": "LineString", "coordinates": [[95.26877270838942, 5.433139888810181], [95.27004921295867, 5.433139888810181]]}}, {"type": "Feature", "properties": {"layer": "cable_prior_anchor", "stroke": "#4575b4"}, "geometry": {"type": "LineString", "coordinates": [[95.26877270838942, 5.432012305290908], [95.27004921295867, 5.432012305290908]]}}, {"type": "Feature", "properties": {"layer": "cable_prior_anchor", "stroke": "#4575b4"}, "geometry": {"type": "LineString", "coordinates": [[95.33795606081493, 5.434073887781417], [95.33797922648071, 5.4344732353134635], [95.33807278067363, 5.4349097472531405], [95.33809030251646, 5.4351119978657065], [95.33811656872824, 5.435425986356476], [95.33781785742693, 5.435493371121006], [95.33756307740353, 5.435502745284987], [95.33748589362422, 5.43552012040869], [95.33725884468294, 5.43560938527857], [95.33716561606387, 5.4358585516709965], [95.33707682610185, 5.435948012483125], [95.33677256592931, 5.435995489085546], [95.33632706150401, 5.436068504328207], [95.33599585032685, 5.436159963966872], [95.33600317411096, 5.436530641633375], [95.33573818276494, 5.436615684384841], [95.33543479582717, 5.436729469492238], [95.33526617821883, 5.437014378410248], [95.33520287689045, 5.4371680904020305], [95.33522116280999, 5.437175553258275], [95.3352852187823, 5.437018070415136], [95.33544680441993, 5.436743649456192], [95.33574121466555, 5.436634883934223], [95.33580709996349, 5.436962887306404], [95.33589638588305, 5.437321269889371], [95.33602004697657, 5.4376818597507315], [95.33582983749966, 5.437849656925572], [95.33582885915018, 5.438044075307761], [95.33592918527953, 5.438534082334696], [95.33555599189502, 5.438624360835827], [95.33557528648754, 5.438929372740165], [95.33564993731919, 5.439210413001644], [95.33580063406653, 5.4394225925464985], [95.33594963782976, 5.439541220641239], [95.33604754168952, 5.439852513112345], [95.3361183165643, 5.440164336823836], [95.3362267278676, 5.44042497543022], [95.33661729921015, 5.4403722982453875], [95.33661729921015, 5.440391972157313], [95.33623050823316, 5.4404439010038566], [95.335921044305, 5.440483327675438], [95.33581532612985, 5.440521984029837], [95.33560403683038, 5.4405040778641665], [95.33528563568365, 5.440516930807408], [95.3352057652784, 5.440153824977001], [95.33518639873327, 5.440157733641622], [95.33526611040575, 5.440519437321363], [95.33490336768621, 5.4405174394786835], [95.33448894254212, 5.440560652424239], [95.33406941294247, 5.440719886398946], [95.33416482616215, 5.44089412248328], [95.33439102348892, 5.441334354814689], [95.33407628851988, 5.441506845538731], [95.334054473443, 5.441828657571922], [95.33411104678578, 5.442134463126692]]}}, {"type": "Feature", "properties": {"layer": "cable_prior_anchor", "stroke": "#4575b4"}, "geometry": {"type": "LineString", "coordinates": [[95.26877270838942, 5.433401059957843], [95.27004921295867, 5.433401059957843]]}}, {"type": "Feature", "properties": {"layer": "cable_prior_anchor", "stroke": "#4575b4"}, "geometry": {"type": "LineString", "coordinates": [[95.26877270838942, 5.432861498617592], [95.27004921295867, 5.432861498617592]]}}, {"type": "Feature", "properties": {"layer": "cable_prior_anchor", "stroke": "#4575b4"}, "geometry": {"type": "LineString", "coordinates": [[95.26877270838942, 5.432314988166361], [95.27004921295867, 5.432314988166361]]}}, {"type": "Feature", "properties": {"layer": "cable_prior_anchor", "stroke": "#4575b4"}, "geometry": {"type": "LineString", "coordinates": [[95.26877270838942, 5.431785293090438], [95.27004921295867, 5.431785293090438]]}}, {"type": "Feature", "properties": {"layer": "cable_prior_anchor", "stroke": "#4575b4"}, "geometry": {"type": "LineString", "coordinates": [[95.3311789409747, 5.434891927810544], [95.33109631002371, 5.434942729703057], [95.33107989855478, 5.435144393447515], [95.33108974775392, 5.435155024829444], [95.33144940502537, 5.435108388312745], [95.33144685236876, 5.43508887903267], [95.33109950755106, 5.435143648849572], [95.33111020510512, 5.434955758413595], [95.33118915558092, 5.434908770030808], [95.33173683012711, 5.434784235793455], [95.33204908460347, 5.434654635762633], [95.33213313029407, 5.434838170292538], [95.33225703044474, 5.435041370406589], [95.33235715940975, 5.435263562516957], [95.3324837422742, 5.435674404344439], [95.33249941328526, 5.435998343887793], [95.33218560181425, 5.436123037139191], [95.33223058555105, 5.436374467512099], [95.33258388724944, 5.436284473444223], [95.33288946472881, 5.436365178181992], [95.33288439695448, 5.436384194389457], [95.33258388724944, 5.436304147489779], [95.33223761645046, 5.4363912166348385], [95.33222068138156, 5.436649325684323], [95.33220096046821, 5.436648043369248], [95.3322207294519, 5.43638500896777], [95.33190261203295, 5.436305834016431], [95.33152051694057, 5.436354820674032], [95.33114573351908, 5.436354724361172], [95.33108561511386, 5.436888912681206], [95.33106450162602, 5.437062114990218], [95.33056082386344, 5.437073570318948], [95.33030523658758, 5.437131286393035], [95.33006614700646, 5.436938131871975], [95.32995691890258, 5.436673157492759], [95.32993789576504, 5.436680928841892], [95.33004638407023, 5.436938131871975], [95.33029889185528, 5.437148664790604], [95.33001065139884, 5.437365273796696], [95.32963930616398, 5.437536314976673], [95.3293759809547, 5.43764023050756], [95.32925440729025, 5.437822542344892], [95.32908678420822, 5.4381145655202445], [95.32907890217297, 5.438316789517832], [95.3290601421886, 5.438532536313148], [95.32888042137823, 5.438743007714907], [95.32853726516102, 5.4388822524109495], [95.3284117059505, 5.438871361112304], [95.32823511013646, 5.438860005074299], [95.32799033476753, 5.438862304376557]]}}, {"type": "Feature", "properties": {"layer": "cable_prior_anchor", "stroke": "#4575b4"}, "geometry": {"type": "LineString", "coordinates": [[95.33796594228305, 5.434073887781417], [95.33764052740597, 5.434069434683471], [95.33708564342608, 5.434060330065185], [95.3366181920665, 5.434065041340251], [95.33606129796928, 5.434057840663644], [95.33540864391622, 5.434086799370524], [95.3353979200557, 5.434283847492028], [95.33481266956005, 5.434170674517231], [95.33466657154358, 5.434164751726854], [95.33424380953802, 5.434170967133044], [95.33426847121574, 5.43397284065192], [95.33422030690329, 5.43393773870467], [95.33387891071293, 5.433954125868901], [95.33387795890691, 5.433934474576855], [95.33421983133094, 5.433918075981079], [95.33451364244476, 5.433937360230802], [95.33473759398193, 5.433950238042948], [95.33472384107178, 5.433544809795341], [95.3347178945401, 5.433150128177247], [95.33472327023226, 5.432952811978935], [95.33468164832667, 5.432857241002582], [95.33435359684388, 5.432901909825691], [95.33435094334176, 5.4328825969806225], [95.33468164832667, 5.432837566844422], [95.33470156205215, 5.432645961750544], [95.33505493558495, 5.432539338244868]]}}, {"type": "Feature", "properties": {"layer": "cable_recovered", "stroke": "#d73027"}, "geometry": {"type": "LineString", "coordinates": [[95.34214383672843, 5.479022740547522], [95.34180104942918, 5.479230223677189], [95.34145678613454, 5.479517990547868], [95.34128562899238, 5.4796283345758034], [95.34100876481087, 5.479796427733011], [95.34079540777256, 5.479563591748415], [95.34066517845207, 5.479340894968643], [95.3406165364542, 5.479284306652002], [95.34038841723904, 5.479402537023129], [95.34012677405974, 5.479579528538194], [95.3398641052778, 5.479768281105409], [95.33933366969252, 5.480136342940053], [95.33891629483193, 5.480399040557091], [95.33849182347907, 5.48059472325664], [95.338114438991, 5.480764213830359], [95.33762789385337, 5.48098620746003], [95.33730585641517, 5.481168758965252], [95.33713197768449, 5.481271902216662], [95.33683470181738, 5.481592490096059], [95.33663635360459, 5.48176375982612], [95.33629369859109, 5.482007737982376], [95.33597872282718, 5.482245708198423], [95.33563360958085, 5.482502831284328], [95.33547524511383, 5.482617062363949], [95.33525903437186, 5.482301344177508], [95.33503856117201, 5.482044769800091], [95.33502354284711, 5.482057557193923], [95.33524214472416, 5.482311502441879], [95.33545779547684, 5.482626298055115], [95.33519033502847, 5.482816364730054], [95.33498514488359, 5.482962941904477], [95.33449004948932, 5.482936734732417], [95.3343414276338, 5.482789838005226], [95.33403463667163, 5.482442029605569], [95.33388766646902, 5.482190124213351], [95.33358822171849, 5.48243690397058]]}}, {"type": "Feature", "properties": {"layer": "cable_recovered", "stroke": "#d73027"}, "geometry": {"type": "LineString", "coordinates": [[95.31001955927731, 5.418003110009295], [95.31061884187233, 5.419125160170003]]}}, {"type": "Feature", "properties": {"layer": "cable_recovered", "stroke": "#d73027"}, "geometry": {"type": "LineString", "coordinates": [[95.310960927631, 5.417504811586444], [95.31156021022602, 5.418626862672743]]}}, {"type": "Feature", "properties": {"layer": "cable_recovered", "stroke": "#d73027"}, "geometry": {"type": "LineString", "coordinates": [[95.31048284160762, 5.417757878899415], [95.31108212420264, 5.418879929515653]]}}, {"type": "Feature", "properties": {"layer": "cable_recovered", "stroke": "#d73027"}, "geometry": {"type": "LineString", "coordinates": [[95.3114829308652, 5.417228497267982], [95.31208221346022, 5.418350548867496]]}}, {"type": "Feature", "properties": {"layer": "cable_recovered", "stroke": "#d73027"}, "geometry": {"type": "LineString", "coordinates": [[95.34213406373361, 5.479005651049078], [95.34179074448114, 5.47921347996056], [95.34144750799798, 5.479500620648529], [95.3412763508558, 5.479610964679672], [95.34101019459065, 5.4797814481319955], [95.34081019217786, 5.479550539887719], [95.34068226592115, 5.479331010997274], [95.34063061971332, 5.479271329686286], [95.34044485448091, 5.47911367760957], [95.34018009163324, 5.47914870579414], [95.34005906122712, 5.479112663382895], [95.33987411100037, 5.478867532279997], [95.33960019945678, 5.478510248303939], [95.33936358632364, 5.478262076658096], [95.33903825690349, 5.478442524073268], [95.33883842341278, 5.478249541683471], [95.33859507159907, 5.478036305562818], [95.33826321395179, 5.478021852462544], [95.33809716276018, 5.47803837445439], [95.33809912838714, 5.478057949583991], [95.33826887837559, 5.478040320673313], [95.33858813254936, 5.478053516726931], [95.33882281800571, 5.47826121948236], [95.33856283074132, 5.478473104612715], [95.33828688475649, 5.4787198180784795], [95.33802511902789, 5.478997780535617], [95.33778699521751, 5.478909373410607], [95.33761409859954, 5.478999781185369], [95.33722659211023, 5.479317987849119], [95.33697131679087, 5.479032363510279], [95.33670984762448, 5.479192506569538], [95.33649562793913, 5.479390049730602], [95.33637818496376, 5.479622104629224], [95.33634292180143, 5.479808754690954], [95.33611278653906, 5.480040936750819], [95.33586944366716, 5.480249524197132], [95.3356891681568, 5.480467162388486], [95.33591925195306, 5.480785711151784], [95.33590180231606, 5.480794946871278], [95.33567415702584, 5.4804793694202445], [95.33549390329969, 5.480225886439381], [95.33540998563588, 5.480151116336152], [95.33532667306868, 5.479957005736484], [95.33516579295522, 5.479683192706921], [95.33545035019355, 5.479442536878435], [95.33543779139023, 5.479427350256889], [95.33515440325716, 5.479667208353496], [95.33498587783856, 5.479347451232564], [95.33475298959219, 5.4790034933710245], [95.33441480086749, 5.478709514054043], [95.33430505708941, 5.4788751677666], [95.33402078887495, 5.479280639126771], [95.33372004006573, 5.479084988743707], [95.33342436899142, 5.479216887330347], [95.33317969577257, 5.479410168456239]]}}, {"type": "Feature", "properties": {"layer": "cable_recovered", "stroke": "#d73027"}, "geometry": {"type": "LineString", "coordinates": [[95.31025120044248, 5.417880494466798], [95.3108504830375, 5.4190025448552746]]}}, {"type": "Feature", "properties": {"layer": "cable_recovered", "stroke": "#d73027"}, "geometry": {"type": "LineString", "coordinates": [[95.31072975479186, 5.417627179304177], [95.31132903738688, 5.418749230163184]]}}, {"type": "Feature", "properties": {"layer": "cable_recovered", "stroke": "#d73027"}, "geometry": {"type": "LineString", "coordinates": [[95.31121447209493, 5.417370601771406], [95.31181375468995, 5.418492653106983]]}}, {"type": "Feature", "properties": {"layer": "cable_recovered", "stroke": "#d73027"}, "geometry": {"type": "LineString", "coordinates": [[95.31168427489331, 5.417121918894725], [95.31228355748833, 5.4182439706921866]]}}, {"type": "Feature", "properties": {"layer": "cable_recovered", "stroke": "#d73027"}, "geometry": {"type": "LineString", "coordinates": [[95.33822685098552, 5.473433140107593], [95.33814300013378, 5.4733843624726735], [95.33795643277085, 5.473464607412166], [95.33795162734275, 5.473478254900402], [95.33816183977177, 5.473772472309414], [95.33817794483812, 5.473761070263072], [95.33796629904712, 5.473481492640535], [95.33813796786103, 5.47340269138099], [95.33821670850061, 5.473450024383429], [95.33858427987064, 5.473872925808559], [95.33884582121668, 5.474086533282864], [95.33872249514972, 5.474246561365917], [95.33860043747316, 5.474450850155081], [95.3384503751668, 5.474643161552066], [95.33814541194435, 5.474947283652997], [95.33786545532233, 5.475113127678277], [95.3376075347576, 5.474895848788791], [95.337405650484, 5.475053417665351], [95.33765133464878, 5.475321694407687], [95.33772321457197, 5.475628158312195], [95.33770396921766, 5.475632631135543], [95.3376338850118, 5.47533093021165], [95.33739409587413, 5.475067459989318], [95.33715721881455, 5.475173742491687], [95.3371490977398, 5.475155807428985], [95.33739167371839, 5.475049703542833], [95.33731254982847, 5.47473293588323], [95.33708971897146, 5.4744201011871185], [95.33691385423631, 5.474090651098975], [95.33641183876395, 5.474288582309251], [95.33624830688883, 5.474351333728598], [95.33600168433567, 5.4739140184883315], [95.33583050279327, 5.47371647179498], [95.33588957311693, 5.47341565575794], [95.3360733093826, 5.473195262405025], [95.33605748585978, 5.473182190752878], [95.33588029498038, 5.473398285681234], [95.33581211055815, 5.47371905343999], [95.33548467103286, 5.473567398302802], [95.33515863197962, 5.473321309030895], [95.33494284156508, 5.473138649167865], [95.33472406670487, 5.473117380540027], [95.33438636558412, 5.4731071414217345], [95.33420330469453, 5.47319514661326], [95.33400314294416, 5.4732799391556135], [95.3337320935549, 5.4732207832018736], [95.33344748969348, 5.472984543235758], [95.33339820315081, 5.4728690735474], [95.33332536857019, 5.472708528429998], [95.33320841415048, 5.472494469113752]]}}, {"type": "Feature", "properties": {"layer": "cable_recovered", "stroke": "#d73027"}, "geometry": {"type": "LineString", "coordinates": [[95.34213870280189, 5.479014336006007], [95.3419898793733, 5.478726233924487], [95.34173745231612, 5.478234264361172], [95.3415138186076, 5.477825625967665], [95.34125875918758, 5.47733278272031], [95.34092667221839, 5.476772748619519], [95.34074686903274, 5.476855825154174], [95.34057248751087, 5.476288310679668], [95.34050915176954, 5.476157122157228], [95.34030516437649, 5.475788466736542], [95.34049246737143, 5.4757171340518935], [95.34050098868778, 5.4756583233264156], [95.34032617856079, 5.475365956582735], [95.34034316110296, 5.475355894936346], [95.34051820494669, 5.475648674889409], [95.34063903706398, 5.4759159636496015], [95.34073275417992, 5.476118844034536], [95.34108588533233, 5.475916432729947], [95.341433149583, 5.475725927534044], [95.34161067939264, 5.47563802456642], [95.34167590404009, 5.475556577634171], [95.3414822749949, 5.475289216242188], [95.34149815842929, 5.475277817837409], [95.34169335367707, 5.475547341833694], [95.34187264323059, 5.475474897648936], [95.3421331097957, 5.475735431113981]]}}, {"type": "Feature", "properties": {"layer": "mode_top5", "rank": 1, "theta_deg": 62.0, "coverage": 0.34886363636363643}, "geometry": {"type": "Point", "coordinates": [95.32288626178298, 5.450317787834549]}}, {"type": "Feature", "properties": {"layer": "mode_top5", "rank": 2, "theta_deg": 69.0, "coverage": 0.32481890964544424}, "geometry": {"type": "Point", "coordinates": [95.32546033628034, 5.448559655711131]}}, {"type": "Feature", "properties": {"layer": "mode_top5", "rank": 3, "theta_deg": 90.0, "coverage": 0.3237469186524241}, "geometry": {"type": "Point", "coordinates": [95.3065503907924, 5.462759164070593]}}, {"type": "Feature", "properties": {"layer": "mode_top5", "rank": 4, "theta_deg": 54.0, "coverage": 0.32317531978931535}, "geometry": {"type": "Point", "coordinates": [95.31896185697313, 5.452103988540119]}}, {"type": "Feature", "properties": {"layer": "mode_top5", "rank": 5, "theta_deg": 52.0, "coverage": 0.308013672616787}, "geometry": {"type": "Point", "coordinates": [95.32279050275217, 5.446236819808738]}}, {"type": "Feature", "properties": {"layer": "search_centre_prior"}, "geometry": {"type": "Point", "coordinates": [95.30345094640067, 5.43749089324229]}}, {"type": "Feature", "properties": {"layer": "anchor_target_centre"}, "geometry": {"type": "Point", "coordinates": [95.36619698672492, 5.470546999240792]}}, {"type": "Feature", "properties": {"layer": "recovered_c_w"}, "geometry": {"type": "Point", "coordinates": [95.32290422808866, 5.4502820176758355]}}]}