{"type": "FeatureCollection", "properties": {"note": "EPSG:4326; topo_seed_top10=Top-10 \u62d3\u6251\u5047\u8bbe\u7684 t \u4f4d\u7f6e"}, "features": [{"type": "Feature", "properties": {"layer": "osm_road", "stroke": "#999999"}, "geometry": {"type": "LineString", "coordinates": [[122.867967, 0.6480347], [122.8681433, 0.6480782999999999], [122.86832029999998, 0.6481138], [122.8684203, 0.6481252], [122.86851819999998, 0.64814], [122.86858190000001, 0.6481487], [122.86868109999999, 0.6481628], [122.86907869999999, 0.6481963], [122.86930609999999, 0.6482063999999997], [122.8694227, 0.648205], [122.86964129999998, 0.6481655], [122.8698988, 0.6481078], [122.8703005, 0.6480072], [122.87091669999998, 0.6478522], [122.87100930000001, 0.6478289], [122.8716, 0.6476518], [122.87185149999998, 0.6475647], [122.87205199999998, 0.6474734999999999], [122.87235439999998, 0.6473239999999999], [122.87259440000001, 0.6472013], [122.87318319999997, 0.6468647], [122.87365679999998, 0.6465894999999998], [122.8741293, 0.6463174999999999], [122.8744881, 0.6461124], [122.87470200000001, 0.6459849999999999], [122.8748244, 0.6459259999999998], [122.87494920000002, 0.645889], [122.8752318, 0.6458284999999998], [122.87547089999997, 0.6457876], [122.87639649999998, 0.6456162], [122.8766242, 0.6455752], [122.87665040000002, 0.6455704999999999], [122.87792669999999, 0.6453291999999999], [122.8782023, 0.6452863], [122.8787387, 0.6451683000000001], [122.87915239999998, 0.6450770999999998], [122.88045199999998, 0.6447901], [122.88082409999998, 0.6447264000000001], [122.8811742, 0.6446694000000001], [122.88153459999998, 0.6446104], [122.88193929999997, 0.6445506999999999], [122.8823423, 0.6444910999999998], [122.88262660000001, 0.6444475], [122.88347899999998, 0.6443072], [122.88399579999997, 0.6442363], [122.88454769999998, 0.6441551], [122.88491720000002, 0.6441012], [122.8861932, 0.6439151], [122.88645979999997, 0.6438674], [122.88655799999997, 0.6438533999999999], [122.8870133, 0.6437884], [122.88728380000002, 0.6437474999999999], [122.8882693, 0.6435985999999999], [122.88874170000001, 0.6435309], [122.8895554, 0.6434129], [122.89005090000002, 0.6433437999999999], [122.89101850000002, 0.6431950000000001], [122.8922389, 0.6430146], [122.8928517, 0.6429155999999999], [122.89338559999997, 0.6428315000000001], [122.89379260000001, 0.6427721999999999], [122.89429690000001, 0.6426981000000002], [122.89442120000001, 0.6426836], [122.8962401, 0.6424125], [122.89646069999998, 0.6423782999999998], [122.89681140000002, 0.6423307], [122.8975548, 0.6422157], [122.8977737, 0.6421818000000001], [122.8983503, 0.6421081999999998], [122.89878019999999, 0.6420389999999998], [122.89942529999998, 0.6419444999999999], [122.89984639999999, 0.6418854999999998], [122.90008919999998, 0.6418478], [122.900757, 0.6417439999999998], [122.90140870000002, 0.6416367], [122.90168459999997, 0.6415985999999999], [122.9021779, 0.6415207], [122.9024649, 0.6414798], [122.90317029999997, 0.6413665], [122.90331380000002, 0.6413457], [122.90402319999998, 0.6412395], [122.90443290000002, 0.6411780999999999], [122.9066236, 0.6408561999999999], [122.90719829999999, 0.6407704], [122.9075317, 0.6407231000000001], [122.90825709999999, 0.6406202], [122.9089625, 0.6405202999999999], [122.90946949999999, 0.6404310999999999], [122.9099643, 0.6403594], [122.91109620000002, 0.6402125], [122.91189949999998, 0.6400892000000001], [122.91216979999997, 0.6400543000000001], [122.91226029999999, 0.6400442], [122.91291610000002, 0.6399417000000001], [122.91361479999999, 0.6398169], [122.9142565, 0.6396949], [122.91460470000001, 0.6396292], [122.91515979999998, 0.6395233], [122.915428, 0.6394762999999999], [122.91562510000001, 0.6394401], [122.91593290000002, 0.6393763999999998], [122.9162333, 0.63931], [122.9163969, 0.6392657999999999], [122.9165679, 0.6392221999999999], [122.9168844, 0.6391322999999999], [122.91730489999999, 0.6390157], [122.91754959999997, 0.6389466], [122.9179593, 0.6388399999999997], [122.91835019999998, 0.6387388], [122.9187244, 0.6386409], [122.91909990000002, 0.6385403], [122.91939089999997, 0.6384698999999999], [122.91959610000002, 0.6384196], [122.91983210000001, 0.6383605000000001], [122.92017880000002, 0.6382694], [122.92070789999997, 0.6381266], [122.92083599999998, 0.6380977], [122.9216085, 0.6379026], [122.9217365, 0.6378757999999999], [122.92184720000002, 0.637855], [122.92197989999998, 0.6378274999999999], [122.92210529999998, 0.6378020999999999], [122.922212, 0.6377846], [122.92232929999997, 0.6377704999999998], [122.9224373, 0.6377638], [122.9225452, 0.6377699], [122.9227202, 0.637792], [122.92312459999998, 0.6378388999999999], [122.9234049, 0.6378603999999999], [122.9236543, 0.6378899], [122.9239467, 0.6379166999999998], [122.92430479999996, 0.6379515999999998], [122.9247674, 0.6379971999999999], [122.92517709999997, 0.6380480999999999], [122.9253166, 0.6380642], [122.92577659999999, 0.6381124999999999], [122.9265184, 0.6381739]]}}, {"type": "Feature", "properties": {"layer": "osm_road", "stroke": "#999999"}, "geometry": {"type": "LineString", "coordinates": [[122.88620079999998, 0.604149], [122.88625390000001, 0.6043398], [122.88629219999999, 0.6045346000000001], [122.88636889999998, 0.6050616000000001], [122.8864655, 0.6055241999999998], [122.8865245, 0.6057254], [122.88658479999998, 0.6058654999999997], [122.88665659999997, 0.6060304999999998], [122.8867672, 0.6062464], [122.88686649999998, 0.6064925], [122.8872366, 0.6073412999999999], [122.88755709999997, 0.6081004], [122.8878012, 0.6086675999999999], [122.8880708, 0.6092629999999999], [122.8883578, 0.6098972999999999], [122.88893579999998, 0.6112409999999999], [122.88911010000001, 0.6116540999999998], [122.88986520000002, 0.6133223000000001], [122.89005699999998, 0.6138145], [122.89016830000001, 0.6142007], [122.89027559999997, 0.6145494], [122.89039219999998, 0.614898], [122.89052230000001, 0.6153137], [122.8907034, 0.6159493999999999], [122.89086700000001, 0.6165568999999999], [122.89106679999999, 0.6173037999999998], [122.8910876, 0.6173877999999999], [122.8912264, 0.6178872], [122.8912381, 0.6179370000000001], [122.89143160000002, 0.6186717], [122.89145519999998, 0.6187528999999999], [122.89152410000001, 0.6190042], [122.8915563, 0.6191664999999998], [122.8916515, 0.6194736], [122.8916623, 0.6195942999999998], [122.8916623, 0.6197069], [122.8916314, 0.6198625], [122.8915228, 0.6202232000000001], [122.89130150000001, 0.6209030999999999], [122.8909515, 0.6219585], [122.8908315, 0.6223142000000002]]}}, {"type": "Feature", "properties": {"layer": "osm_road", "stroke": "#999999"}, "geometry": {"type": "LineString", "coordinates": [[122.92654599999997, 0.6380949], [122.92648739999998, 0.6380896999999999], [122.92642439999999, 0.6380842999999999], [122.926303, 0.6380782999999999], [122.92607499999998, 0.6380574999999999], [122.9257773, 0.6380259999999999], [122.9255701, 0.6379998999999998], [122.9251966, 0.637965], [122.92503029999997, 0.6379415], [122.92455089999997, 0.6378899], [122.9242893, 0.6378636999999999], [122.9240439, 0.6378369], [122.92367369999997, 0.6378061], [122.92339549999997, 0.6377738999999999], [122.92291609999997, 0.6377268999999999], [122.92273499999999, 0.6377062000000001], [122.9225473, 0.6376867000000002], [122.9224111, 0.6376814], [122.9222717, 0.6376881], [122.92218920000002, 0.6376968], [122.9220181, 0.6377229], [122.92190219999998, 0.6377477], [122.9217667, 0.6377805999999999], [122.9214904, 0.6378429999999999], [122.92113769999999, 0.6379206999999999], [122.9208433, 0.6379931], [122.91973390000001, 0.6382999999999999], [122.9194251, 0.638382], [122.9190845, 0.6384592], [122.91860769999998, 0.6385805], [122.91833289999998, 0.6386589], [122.917954, 0.6387561999999999], [122.9175985, 0.6388399999999997], [122.9175268, 0.6388641], [122.91687089999998, 0.6390487999999999], [122.916748, 0.6390835], [122.9165187, 0.6391564000000001], [122.91627949999997, 0.6392227000000001], [122.91617830000001, 0.6392469999999999], [122.915774, 0.6393348999999999], [122.9156124, 0.6393682999999999], [122.91549309999998, 0.6393852], [122.91514899999997, 0.6394441000000001], [122.9145181, 0.6395681000000001], [122.91389649999999, 0.6396801], [122.9129369, 0.6398619], [122.9122482, 0.6399657999999999], [122.91218320000002, 0.6399738], [122.9116481, 0.6400603000000001], [122.9110781, 0.6401408], [122.91010969999999, 0.6402715], [122.90995629999999, 0.6402916999999999], [122.90989460000002, 0.640301], [122.9097144, 0.6403282], [122.90945869999997, 0.6403668], [122.90905369999997, 0.6404351], [122.90852260000001, 0.6405149], [122.90825309999997, 0.6405538], [122.90759060000002, 0.6406524000000001], [122.9066049, 0.6407998999999999], [122.9061274, 0.6408561999999999], [122.9055501, 0.6409473999999997], [122.90400919999999, 0.6411772999999998], [122.90345190000001, 0.6412545], [122.9024505, 0.6414102999999999], [122.90204380000002, 0.6414690999999998], [122.90167090000001, 0.6415226999999999], [122.90100640000001, 0.6416259999999999], [122.90008110000001, 0.6417788], [122.89920329999998, 0.6419009000000001], [122.89833520000002, 0.6420253999999999]]}}, {"type": "Feature", "properties": {"layer": "osm_road", "stroke": "#999999"}, "geometry": {"type": "LineString", "coordinates": [[122.8926365, 0.6407169], [122.89261770000002, 0.6405646], [122.8925816, 0.6402602], [122.8925816, 0.6401421], [122.89256689999999, 0.6400121], [122.8925427, 0.639937], [122.89252259999998, 0.6398122999999999], [122.89242740000002, 0.6393414999999998], [122.89239389999999, 0.6392772], [122.89236699999998, 0.6392503999999999], [122.89235630000002, 0.6392302000000001], [122.8923308, 0.6391819999999998], [122.89229460000001, 0.6390733999999999], [122.8922383, 0.6388064000000001], [122.89223159999997, 0.6387435], [122.8921873, 0.6386495999999999], [122.8921484, 0.6386294], [122.89211090000002, 0.6386321999999999], [122.89209080000002, 0.6386107], [122.89207199999997, 0.638549], [122.8920553, 0.6384510999999999], [122.8920499, 0.6383517000000001], [122.8920439, 0.6382981999999999], [122.89202240000002, 0.63792], [122.89201680000001, 0.6377949]]}}, {"type": "Feature", "properties": {"layer": "osm_road", "stroke": "#999999"}, "geometry": {"type": "LineString", "coordinates": [[122.89223159999997, 0.6387435], [122.8928243, 0.6385918999999999]]}}, {"type": "Feature", "properties": {"layer": "osm_road", "stroke": "#999999"}, "geometry": {"type": "LineString", "coordinates": [[122.8981959, 0.6407942999999999], [122.8981833, 0.6406221000000001], [122.89816810000002, 0.6404507], [122.8981593, 0.6401598999999999], [122.89816490000001, 0.6397187999999998], [122.89818139999998, 0.6389962999999997], [122.89822479999997, 0.6383554999999997], [122.8982579, 0.6376864999999998], [122.8983042, 0.6369872000000001]]}}, {"type": "Feature", "properties": {"layer": "osm_road", "stroke": "#999999"}, "geometry": {"type": "LineString", "coordinates": [[122.89201680000001, 0.6377949], [122.8920211, 0.6377426]]}}, {"type": "Feature", "properties": {"layer": "osm_road", "stroke": "#999999"}, "geometry": {"type": "LineString", "coordinates": [[122.8920211, 0.6377426], [122.8920178, 0.6375956], [122.89197870000001, 0.6371696999999998], [122.8919665, 0.6367949999999999]]}}, {"type": "Feature", "properties": {"layer": "osm_road", "stroke": "#999999"}, "geometry": {"type": "LineString", "coordinates": [[122.9228981, 0.6454263999999998], [122.9218586, 0.6452252999999999], [122.92071509999997, 0.6449776], [122.92030300000002, 0.6448881], [122.92019229999998, 0.6448645], [122.9199317, 0.6448193], [122.91991030000001, 0.6448121999999997], [122.91989619999998, 0.6448005], [122.9198882, 0.6447793999999999], [122.9198905, 0.6447499], [122.919969, 0.6444460999999999], [122.91999310000001, 0.6443348000000001], [122.92001859999999, 0.6441872999999998], [122.92003129999998, 0.6441109], [122.92004739999999, 0.6440002], [122.92014199999997, 0.6432385], [122.9202399, 0.6424908999999999], [122.92041790000002, 0.6412474000000001], [122.9204562, 0.6409794000000001], [122.920543, 0.6403265000000001], [122.92061600000001, 0.6397692999999999], [122.92069849999999, 0.6392135], [122.92076960000001, 0.6386677], [122.92083599999998, 0.6380977], [122.9208433, 0.6379931], [122.92086080000001, 0.6377986999999999], [122.9208742, 0.6375828000000001], [122.92089890000001, 0.6371963], [122.92090100000001, 0.6371180999999999], [122.92091709999997, 0.6366521], [122.92093049999997, 0.6363033999999999], [122.92094659999998, 0.6361559], [122.92097210000001, 0.6359937], [122.92099809999999, 0.6358585], [122.9210177, 0.6357455999999999], [122.92110350000002, 0.6352252999999999], [122.9211679, 0.6348705999999998], [122.92117999999999, 0.6348485000000001], [122.92119140000001, 0.6348323999999999], [122.92121150000001, 0.634823], [122.92123899999997, 0.6348169], [122.9213362, 0.6348323], [122.9222857, 0.634996], [122.9229999, 0.6351502], [122.9234558, 0.6352466999999999], [122.9236543, 0.6352910000000002], [122.92377429999999, 0.6353278999999998], [122.9238843, 0.6353634], [122.9242578, 0.6354766999999998], [122.9245776, 0.6355879999999999], [122.92466689999999, 0.6356169], [122.92539509999999, 0.6358581999999999], [122.92608819999998, 0.6360883999999999], [122.92677370000001, 0.6363195999999999], [122.9274206, 0.6365547], [122.92749140000001, 0.6365894], [122.9283898, 0.6369686], [122.92846079999997, 0.6369901], [122.9285856, 0.6370182], [122.92865259999999, 0.6370369999999999], [122.92869419999998, 0.6370652000000001], [122.92870629999997, 0.6370986999999999], [122.92871300000002, 0.6371563], [122.9286687, 0.6374781999999999], [122.9286084, 0.6377384], [122.92841699999998, 0.6385661]]}}, {"type": "Feature", "properties": {"layer": "osm_road", "stroke": "#999999"}, "geometry": {"type": "LineString", "coordinates": [[122.91276919999997, 0.6450020000000001], [122.91286479999997, 0.6449868999999999], [122.91292010000001, 0.6449757999999999], [122.91297579999998, 0.6449677999999999], [122.91304419999999, 0.6449576999999999], [122.91309109999997, 0.6449499999999999], [122.91311359999999, 0.6449443], [122.91313070000001, 0.644938], [122.91314270000001, 0.6449276], [122.9131491, 0.6449104999999999], [122.91315080000001, 0.6448929999999999], [122.91314209999999, 0.6448795999999999], [122.9131253, 0.6448661999999998], [122.9129436, 0.6447532], [122.9128698, 0.6447163999999999], [122.91279, 0.6446761], [122.91272969999997, 0.6446284999999999], [122.91267, 0.6445748999999998], [122.9125956, 0.6444877], [122.91254189999997, 0.6444086000000001], [122.9125004, 0.6443240999999998], [122.9124668, 0.6442289], [122.9124293, 0.6441002], [122.91239709999999, 0.6439741], [122.91238099999998, 0.6438185000000001], [122.91236889999999, 0.6436643000000001], [122.91235279999995, 0.643427], [122.9123448, 0.6433115999999999], [122.91233539999998, 0.6432136999999998], [122.91232999999997, 0.6430916999999999], [122.9123273, 0.6429428999999999], [122.9123213, 0.6427437], [122.9123153, 0.6425290999999999], [122.912326, 0.6419357], [122.9123381, 0.6415381], [122.91233869999998, 0.6413275999999999], [122.9123381, 0.6412578999999999], [122.9123334, 0.6411968], [122.91232799999999, 0.641105], [122.91232059999999, 0.6409876], [122.912318, 0.6408943999999998], [122.9123079, 0.6406945999999999], [122.91227769999998, 0.6402326999999999], [122.91226029999999, 0.6400442], [122.9122482, 0.6399657999999999]]}}, {"type": "Feature", "properties": {"layer": "osm_road", "stroke": "#999999"}, "geometry": {"type": "LineString", "coordinates": [[122.9266355, 0.6381281999999999], [122.9266819, 0.6380495000000002], [122.92672949999996, 0.6379669999999998], [122.92683070000001, 0.6377865999999999], [122.92702519999997, 0.6374237999999999], [122.92724380000001, 0.6370283], [122.92733759999997, 0.6368646999999998], [122.9274101, 0.6367286], [122.92749140000001, 0.6365894], [122.92759999999998, 0.6363979], [122.92791229999999, 0.6358475], [122.92823869999998, 0.6352352], [122.9284327, 0.6348712000000001], [122.9288994, 0.634013], [122.9290348, 0.6337341000000001], [122.92912869999998, 0.6335195], [122.9293285, 0.6329870999999999], [122.92962090000002, 0.6321114], [122.92972680000001, 0.631803], [122.9298341, 0.6315186999999999], [122.9298992, 0.6314107], [122.9299615, 0.6313624999999999], [122.93005069999997, 0.6313027999999999], [122.9301875, 0.6312317], [122.93026059999998, 0.6311888], [122.93033869999998, 0.6311278]]}}, {"type": "Feature", "properties": {"layer": "osm_road", "stroke": "#999999"}, "geometry": {"type": "LineString", "coordinates": [[122.93033869999998, 0.6311278], [122.9301912, 0.6311633], [122.93006280000002, 0.6312155999999999], [122.92998429999999, 0.6312595000000001], [122.9299045, 0.6313142], [122.9298418, 0.6313688000000001], [122.9298056, 0.6314111], [122.92976769999999, 0.6314704000000001], [122.9297366, 0.6315348], [122.92968259999999, 0.6316914000000001], [122.92967389999997, 0.6317186999999999], [122.92963809999998, 0.6318304], [122.9295046, 0.6321923000000002], [122.9294788, 0.6322623], [122.9292733, 0.6329029999999999], [122.92912709999999, 0.6332845], [122.9289712, 0.6336952999999999], [122.92881350000002, 0.6340011999999999], [122.9285833, 0.6344251999999998], [122.9283034, 0.6349408999999999], [122.92816400000001, 0.6352072], [122.9280669, 0.6353927], [122.92773399999999, 0.6359992], [122.92747549999997, 0.6364611999999998], [122.9274206, 0.6365547], [122.92727560000002, 0.6368242], [122.92708479999999, 0.6371657999999999], [122.92687170000002, 0.6375631999999999], [122.9267663, 0.6377578000000002], [122.92668480000002, 0.6378987], [122.9266188, 0.6380138999999999], [122.92657569999999, 0.6380869999999998]]}}, {"type": "Feature", "properties": {"layer": "osm_road", "stroke": "#999999"}, "geometry": {"type": "LineString", "coordinates": [[122.9165187, 0.6391564000000001], [122.91644049999996, 0.6387347], [122.9164322, 0.6383510999999997], [122.91641239999998, 0.6382103999999998], [122.9163989, 0.6380896999999999], [122.91634660000001, 0.6377195999999999], [122.91632650000001, 0.6374943], [122.9163078, 0.6373642000000002], [122.91629299999998, 0.6372328]]}}, {"type": "Feature", "properties": {"layer": "osm_road", "stroke": "#999999"}, "geometry": {"type": "LineString", "coordinates": [[122.91515979999998, 0.6395233], [122.91514899999997, 0.6394441000000001]]}}, {"type": "Feature", "properties": {"layer": "osm_road", "stroke": "#999999"}, "geometry": {"type": "LineString", "coordinates": [[122.91562510000001, 0.6394401], [122.9156124, 0.6393682999999999]]}}, {"type": "Feature", "properties": {"layer": "osm_road", "stroke": "#999999"}, "geometry": {"type": "LineString", "coordinates": [[122.92655070000002, 0.6382071], [122.9265717, 0.6382124999999998], [122.92659339999997, 0.6382103999999998], [122.92661299999997, 0.638201], [122.9266283, 0.6381854999999997], [122.9266373, 0.6381657999999999], [122.92663929999998, 0.6381469], [122.9266355, 0.6381281999999999], [122.92662199999997, 0.6381065], [122.92660090000001, 0.6380918999999999], [122.92657569999999, 0.6380869999999998], [122.92656039999996, 0.6380891000000001], [122.92654599999997, 0.6380949], [122.9265239, 0.6381154999999998], [122.92651389999997, 0.638144], [122.9265184, 0.6381739], [122.9265314, 0.6381936], [122.92655070000002, 0.6382071]]}}, {"type": "Feature", "properties": {"layer": "osm_road", "stroke": "#999999"}, "geometry": {"type": "LineString", "coordinates": [[122.91698229999999, 0.6455336999999999], [122.91695209999999, 0.6454519], [122.9169293, 0.6453627], [122.91690319999998, 0.6452159000000001], [122.91687640000002, 0.6450683999999999], [122.9168509, 0.6449529999999999], [122.91682069999999, 0.6448430999999998], [122.91678920000001, 0.6447398], [122.91675269999998, 0.6446434], [122.91673889999997, 0.6446071000000001], [122.9166906, 0.644483], [122.91666590000001, 0.6444199], [122.91661960000002, 0.644308], [122.91658070000001, 0.6442021], [122.9165364, 0.6440806999999998], [122.91650149999998, 0.6439681], [122.91647200000001, 0.6438715], [122.9164521, 0.6437757], [122.9164593, 0.6436843999999999], [122.9164848, 0.643384], [122.9165243, 0.6429823999999998], [122.9165599, 0.6425345], [122.9166048, 0.6420766], [122.91662890000002, 0.6418371999999999], [122.9166645, 0.6414657000000001], [122.91671680000002, 0.6408361000000001], [122.91674629999999, 0.6405123], [122.9167765, 0.6403051], [122.9168335, 0.6397995000000001], [122.916867, 0.6394990999999999], [122.9168891, 0.6392919], [122.91689179999999, 0.6392363], [122.9168891, 0.6391773], [122.9168844, 0.6391322999999999], [122.91687089999998, 0.6390487999999999]]}}, {"type": "Feature", "properties": {"layer": "osm_road", "stroke": "#999999"}, "geometry": {"type": "LineString", "coordinates": [[122.92099809999999, 0.6358585], [122.92108479999999, 0.6358488999999999], [122.92123229999999, 0.6357978999999998], [122.921349, 0.6358152999999999], [122.92139859999997, 0.6358206999999999]]}}, {"type": "Feature", "properties": {"layer": "osm_road", "stroke": "#999999"}, "geometry": {"type": "LineString", "coordinates": [[122.9252931, 0.6405036], [122.9255734, 0.6406134999999998]]}}, {"type": "Feature", "properties": {"layer": "osm_road", "stroke": "#999999"}, "geometry": {"type": "LineString", "coordinates": [[122.91556209999999, 0.6402795999999998], [122.91579279999999, 0.6402661999999999], [122.91600999999999, 0.6402674999999999], [122.91625539999998, 0.6402823], [122.9164579, 0.6403036999999999], [122.9165418, 0.6403145], [122.91658399999997, 0.6403237999999999], [122.9166249, 0.6403445999999999], [122.91665239999998, 0.6403767999999999], [122.91666309999997, 0.640411], [122.9166665, 0.6404605999999999], [122.91665980000002, 0.6404935], [122.91664240000001, 0.640521], [122.9166229, 0.6405867], [122.91660749999997, 0.6407382], [122.9165532, 0.6413302999999999], [122.91654309999998, 0.6414624], [122.9165257, 0.6415992], [122.91649489999998, 0.6418352]]}}, {"type": "Feature", "properties": {"layer": "osm_road", "stroke": "#999999"}, "geometry": {"type": "LineString", "coordinates": [[122.91649489999998, 0.6418352], [122.91646930000002, 0.641917], [122.91644120000001, 0.6420081999999999], [122.91640699999998, 0.6421362], [122.91638749999998, 0.6422213999999999], [122.91637749999998, 0.6422784], [122.91639020000001, 0.6423245999999999], [122.91641500000001, 0.6423749000000001], [122.9164358, 0.6424199], [122.91645259999999, 0.6424633999999999], [122.9164593, 0.6425171], [122.916462, 0.6425666999999999], [122.91642979999997, 0.642798], [122.9164023, 0.6429744], [122.91638819999997, 0.6430300000000001], [122.91637480000001, 0.6430655999999998], [122.91634869999999, 0.6430991], [122.9163017, 0.6431145], [122.9161408, 0.6431192000000001], [122.9161361, 0.6434430999999999], [122.9161575, 0.6442824999999998], [122.91614139999999, 0.6444381], [122.91610659999999, 0.6445963], [122.91602069999999, 0.6447598999999998], [122.9158719, 0.6449355999999999], [122.9158142, 0.6449972999999999], [122.9156841, 0.6450830999999999], [122.91548160000002, 0.6451555], [122.91531939999999, 0.6451823999999999], [122.91513160000001, 0.6451890999999998], [122.9149345, 0.6451796999999999], [122.91434839999997, 0.6450603], [122.9139166, 0.6449677999999999], [122.9135692, 0.6448914000000001], [122.9133399, 0.6448096], [122.91317090000001, 0.6447412], [122.9129831, 0.6446391999999997], [122.91284900000001, 0.6445548], [122.9127498, 0.6444689], [122.912664, 0.6443643], [122.9125996, 0.6442637999999999], [122.9125446, 0.6441242999999999], [122.91250569999998, 0.6439257999999999], [122.91245209999997, 0.6434001], [122.91244129999998, 0.6430247000000001], [122.91243460000001, 0.6421301999999999], [122.91244799999997, 0.6418003], [122.91248019999999, 0.6416474], [122.9125272, 0.64152], [122.91258079999997, 0.6414355], [122.9126519, 0.6413657999999999], [122.91276189999999, 0.6412679], [122.91290539999999, 0.6411699999999999], [122.91318829999999, 0.6410157999999999], [122.91377570000002, 0.6407208000000001], [122.91460860000001, 0.6403668], [122.9148607, 0.6402809], [122.915035, 0.6402340000000001], [122.9151973, 0.64023], [122.9153958, 0.6402340000000001], [122.91556209999999, 0.6402795999999998], [122.9157498, 0.6403854999999999], [122.91588659999996, 0.6405396999999999], [122.91598319999997, 0.6407569999999999], [122.9160543, 0.6409407], [122.9160891, 0.6410775000000001], [122.9161173, 0.6412222999999999], [122.91613900000002, 0.6420803999999998]]}}, {"type": "Feature", "properties": {"layer": "osm_road", "stroke": "#999999"}, "geometry": {"type": "LineString", "coordinates": [[122.9204562, 0.6409794000000001], [122.92077899999998, 0.6409085], [122.92094659999998, 0.6408683], [122.9211102, 0.6408254], [122.9213114, 0.6407919000000001], [122.92136510000002, 0.6407731], [122.92140800000001, 0.6407569999999999], [122.9214522, 0.6407329], [122.92148979999997, 0.6406725], [122.92159970000002, 0.6402674999999999], [122.92164799999999, 0.6400073999999999]]}}, {"type": "Feature", "properties": {"layer": "osm_road", "stroke": "#999999"}, "geometry": {"type": "LineString", "coordinates": [[122.9242309, 0.6364338], [122.92467489999997, 0.6365341], [122.92472450000001, 0.6365529], [122.92474060000002, 0.6365730000000002], [122.9247413, 0.6366085], [122.9247292, 0.6366460999999999]]}}, {"type": "Feature", "properties": {"layer": "osm_road", "stroke": "#999999"}, "geometry": {"type": "LineString", "coordinates": [[122.9237951, 0.6310198], [122.92405129999999, 0.6310694], [122.92414919999997, 0.6310641], [122.92429130000001, 0.6308615999999999], [122.92493510000001, 0.6299658000000001]]}}, {"type": "Feature", "properties": {"layer": "osm_road", "stroke": "#999999"}, "geometry": {"type": "LineString", "coordinates": [[122.91617110000001, 0.6310581], [122.91606369999998, 0.6309474], [122.91592150000001, 0.6309206], [122.91552189999997, 0.6309876], [122.91488619999998, 0.6310170999999999], [122.91462869999998, 0.6309768999999997], [122.91430410000001, 0.6308267]]}}, {"type": "Feature", "properties": {"layer": "osm_road", "stroke": "#999999"}, "geometry": {"type": "LineString", "coordinates": [[122.92218920000002, 0.6376968], [122.92220589999997, 0.6372677000000001], [122.92224879999998, 0.6370718999999999], [122.9222891, 0.6369859999999998], [122.92254789999998, 0.6369484999999999], [122.92324930000001, 0.6369686], [122.92375219999998, 0.6369887], [122.9239788, 0.6370486]]}}, {"type": "Feature", "properties": {"layer": "osm_road", "stroke": "#999999"}, "geometry": {"type": "LineString", "coordinates": [[122.9238511, 0.63736], [122.9235054, 0.6372529999999998]]}}, {"type": "Feature", "properties": {"layer": "osm_road", "stroke": "#999999"}, "geometry": {"type": "LineString", "coordinates": [[122.92791770000001, 0.6322090999999999], [122.92756360000001, 0.6320175999999998], [122.92753879999998, 0.6320048], [122.9273196, 0.6324640999999999]]}}, {"type": "Feature", "properties": {"layer": "osm_road", "stroke": "#999999"}, "geometry": {"type": "LineString", "coordinates": [[122.9257773, 0.6380259999999999], [122.9258081, 0.6378926], [122.9258135, 0.637788], [122.92580409999998, 0.6377490999999998]]}}, {"type": "Feature", "properties": {"layer": "osm_road", "stroke": "#999999"}, "geometry": {"type": "LineString", "coordinates": [[122.91973390000001, 0.6382999999999999], [122.9197095, 0.6379415]]}}, {"type": "Feature", "properties": {"layer": "osm_road", "stroke": "#999999"}, "geometry": {"type": "LineString", "coordinates": [[122.9214831, 0.6371154000000001], [122.92165200000001, 0.6370758999999999], [122.9218948, 0.6370276]]}}, {"type": "Feature", "properties": {"layer": "osm_road", "stroke": "#999999"}, "geometry": {"type": "LineString", "coordinates": [[122.915774, 0.6393348999999999], [122.9157096, 0.6389894999999999]]}}, {"type": "Feature", "properties": {"layer": "osm_road", "stroke": "#999999"}, "geometry": {"type": "LineString", "coordinates": [[122.9289463, 0.6304465000000001], [122.92877259999997, 0.6306336], [122.9286037, 0.6308589], [122.92854599999998, 0.6309386999999999], [122.92843199999997, 0.6311398], [122.928381, 0.6312249999999999], [122.92822409999998, 0.6315576], [122.92809650000001, 0.6318274000000002], [122.92805849999998, 0.6319075999999998], [122.927997, 0.6320371999999999], [122.92791770000001, 0.6322090999999999], [122.92721629999998, 0.6336870999999998], [122.92704329999997, 0.634068], [122.92677379999998, 0.6346526000000001], [122.92746170000001, 0.6349235000000001], [122.92816400000001, 0.6352072], [122.92823869999998, 0.6352352]]}}, {"type": "Feature", "properties": {"layer": "osm_road", "stroke": "#999999"}, "geometry": {"type": "LineString", "coordinates": [[122.9222857, 0.634996], [122.9223494, 0.6347096999999998], [122.92238899999997, 0.6345554], [122.92242119999999, 0.6344508000000001], [122.92244669999998, 0.6343898000000001], [122.9224869, 0.6343207999999999], [122.92271290000001, 0.6339406], [122.92276320000002, 0.6338594], [122.9228222, 0.633726], [122.9228577, 0.6336342], [122.92297170000002, 0.633309], [122.92304949999999, 0.6330931], [122.923362, 0.6322817], [122.92352560000002, 0.6318285000000001], [122.9236329, 0.6314864999999998], [122.92376900000001, 0.6310962999999999], [122.9237951, 0.6310198], [122.9237214, 0.6309902999999999], [122.923608, 0.6309514], [122.9210995, 0.6302956999999998], [122.92054700000001, 0.6301454999999999], [122.92008560000001, 0.6300301999999999], [122.91956259999998, 0.6299194999999999], [122.9192159, 0.6298417], [122.91905499999997, 0.6298175999999999], [122.91890010000002, 0.6298162999999999], [122.9187975, 0.6298209999999999], [122.9186932, 0.6298299999999999], [122.91862379999999, 0.6298431], [122.9184911, 0.6298907000000001], [122.91825369999998, 0.6300120999999999], [122.91806999999999, 0.6301254], [122.91781649999999, 0.6303117999999999], [122.9174986, 0.6305344], [122.91690989999998, 0.6309426999999999], [122.91683479999999, 0.6309882999999998], [122.9167731, 0.6310170999999999], [122.91669529999999, 0.6310319], [122.9165652, 0.6310412999999999], [122.91617110000001, 0.6310581], [122.9161254, 0.6310600999999999]]}}, {"type": "Feature", "properties": {"layer": "osm_road", "stroke": "#999999"}, "geometry": {"type": "LineString", "coordinates": [[122.92517709999997, 0.6380480999999999], [122.9251966, 0.637965], [122.9252878, 0.6377665000000001], [122.92564179999997, 0.6370396999999999], [122.9259409, 0.6363972999999999], [122.92608819999998, 0.6360883999999999], [122.9263499, 0.6355525], [122.92677379999998, 0.6346526000000001], [122.92596499999999, 0.6343576], [122.925214, 0.6340854], [122.92395869999997, 0.6336549], [122.9239152, 0.6336342], [122.9238877, 0.6336], [122.9238756, 0.6335638], [122.92388699999997, 0.6334570999999999], [122.9239011, 0.633372], [122.9238971, 0.6333257], [122.92387760000001, 0.6332841000000001], [122.9238521, 0.6332639999999999], [122.92380790000001, 0.6332345], [122.9237267, 0.6332110999999999], [122.92304949999999, 0.6330931], [122.92229039999998, 0.6329415000000002], [122.9214388, 0.6327577999999999]]}}, {"type": "Feature", "properties": {"layer": "osm_road", "stroke": "#999999"}, "geometry": {"type": "LineString", "coordinates": [[122.9236543, 0.6378899], [122.92367369999997, 0.6378061], [122.9237576, 0.6375841], [122.9238511, 0.63736], [122.9239788, 0.6370486], [122.9242309, 0.6364338], [122.924404, 0.6360244999999999], [122.9245776, 0.6355879999999999], [122.9248787, 0.6348485000000001], [122.92503299999998, 0.6344688999999998], [122.9251, 0.6343255000000001], [122.92516710000001, 0.6341798999999998], [122.925214, 0.6340854], [122.92544599999997, 0.6336267999999999], [122.92569279999998, 0.6331547], [122.92593219999998, 0.6327014999999999], [122.9262185, 0.6322106], [122.92655380000001, 0.631626], [122.9266322, 0.6314649999999999], [122.92677979999998, 0.6312103], [122.9268669, 0.6310579999999999], [122.92692859999997, 0.6309669], [122.92700100000002, 0.6308703], [122.9270513, 0.6307944999999999], [122.92710499999998, 0.6306779], [122.9271606, 0.6305364], [122.92734940000001, 0.6299889000000001]]}}, {"type": "Feature", "properties": {"layer": "osm_road", "stroke": "#999999"}, "geometry": {"type": "LineString", "coordinates": [[122.9267174, 0.6395218999999999], [122.92685289999999, 0.6395433999999999], [122.92695880000001, 0.6395486999999999], [122.9270822, 0.6395607999999999], [122.92718409999999, 0.6395755999999998], [122.92726990000001, 0.6396051], [122.92736109999998, 0.6396346]]}}, {"type": "Feature", "properties": {"layer": "osm_road", "stroke": "#999999"}, "geometry": {"type": "LineString", "coordinates": [[122.9266289, 0.6397908], [122.9267187, 0.6396057], [122.9267301, 0.6395561], [122.9267174, 0.6395218999999999], [122.92667979999999, 0.6395005], [122.9265149, 0.6394232999999999], [122.926018, 0.6391839999999999]]}}, {"type": "Feature", "properties": {"layer": "osm_road", "stroke": "#999999"}, "geometry": {"type": "LineString", "coordinates": [[122.9266289, 0.6397908], [122.92660739999997, 0.6398337], [122.92656990000002, 0.6399268999999999], [122.9265377, 0.6400260999999998], [122.92651090000001, 0.6401333999999999], [122.92646260000001, 0.6402004999999998], [122.9263231, 0.6402406999999999], [122.9262131, 0.6403158000000001], [122.92617219999998, 0.6403426]]}}, {"type": "Feature", "properties": {"layer": "osm_road", "stroke": "#999999"}, "geometry": {"type": "LineString", "coordinates": [[122.92554570000001, 0.6400421999999999], [122.92617219999998, 0.6403426], [122.9266725, 0.6406174999999998], [122.9267094, 0.6406343], [122.92674019999997, 0.6406390000000001], [122.92676899999996, 0.6406343], [122.92681060000001, 0.6406107999999999], [122.9268455, 0.6405852999999999], [122.9268864, 0.6405411000000001], [122.92693470000002, 0.6404686999999998], [122.92715470000002, 0.6400383999999998], [122.92736109999998, 0.6396346], [122.9273745, 0.6396077], [122.92739869999997, 0.6395849], [122.92743089999999, 0.6395715], [122.9278573, 0.6395406999999999], [122.928043, 0.6395301], [122.9282355, 0.6395191999999998], [122.9284528, 0.6394910999999998], [122.9287706, 0.6394803], [122.92894229999999, 0.6394857], [122.92907510000002, 0.639487], [122.9291636, 0.6394951]]}}, {"type": "Feature", "properties": {"layer": "osm_road", "stroke": "#999999"}, "geometry": {"type": "LineString", "coordinates": [[122.92312459999998, 0.6378388999999999], [122.9229113, 0.6384464], [122.922745, 0.6387093], [122.9226834, 0.6387708999999999], [122.92263509999997, 0.6388541000000001]]}}, {"type": "Feature", "properties": {"layer": "osm_road", "stroke": "#999999"}, "geometry": {"type": "LineString", "coordinates": [[122.92184720000002, 0.637855], [122.92186129999999, 0.6381608000000001], [122.9219069, 0.6382197999999999], [122.92191889999997, 0.6382774], [122.9219162, 0.6383860999999998], [122.9219162, 0.6384974]]}}, {"type": "Feature", "properties": {"layer": "osm_road", "stroke": "#999999"}, "geometry": {"type": "LineString", "coordinates": [[122.9216085, 0.6379026], [122.92160979999997, 0.6380454], [122.9216266, 0.6380829999999998], [122.92165880000002, 0.6381218999999999], [122.92165880000002, 0.6381889], [122.92166009999998, 0.6384598000000001], [122.92163060000001, 0.6385135], [122.9215501, 0.6385202], [122.9215072, 0.6385094]]}}, {"type": "Feature", "properties": {"layer": "osm_road", "stroke": "#999999"}, "geometry": {"type": "LineString", "coordinates": [[122.91983210000001, 0.6383605000000001], [122.9197665, 0.638952], [122.91972219999998, 0.6394401]]}}, {"type": "Feature", "properties": {"layer": "osm_road", "stroke": "#999999"}, "geometry": {"type": "LineString", "coordinates": [[122.92236019999997, 0.6383940999999999], [122.9225573, 0.6384343], [122.92259619999999, 0.638492], [122.9225747, 0.6385777999999999], [122.92256130000001, 0.6386167]]}}, {"type": "Feature", "properties": {"layer": "osm_road", "stroke": "#999999"}, "geometry": {"type": "LineString", "coordinates": [[122.9225452, 0.6377699], [122.92236019999997, 0.6383940999999999], [122.92220460000001, 0.6383739999999999], [122.92209599999998, 0.6383874], [122.9219806, 0.6385482999999998]]}}, {"type": "Feature", "properties": {"layer": "osm_road", "stroke": "#999999"}, "geometry": {"type": "LineString", "coordinates": [[122.9190845, 0.6384592], [122.91909990000002, 0.6385403], [122.9191019, 0.6386053000000002], [122.91910260000002, 0.6386528999999999], [122.9190932, 0.6387569], [122.91907979999999, 0.6388809], [122.91904759999997, 0.6392604], [122.9189873, 0.6399537], [122.9189752, 0.6399886], [122.918951, 0.6400087], [122.91877539999997, 0.6401172999999999], [122.91873239999998, 0.6401601999999998], [122.9187123, 0.6402044999999998], [122.91870030000001, 0.6402943], [122.91860910000001, 0.6409071999999999], [122.9185943, 0.6412625], [122.91858489999997, 0.6414597], [122.91857419999997, 0.6415268], [122.91856490000002, 0.6416031999999999], [122.9185608, 0.6416595], [122.9185634, 0.641697], [122.9185702, 0.6417412999999998], [122.92041790000002, 0.6412474000000001]]}}, {"type": "Feature", "properties": {"layer": "osm_road", "stroke": "#999999"}, "geometry": {"type": "LineString", "coordinates": [[122.9214904, 0.6378429999999999], [122.9214911, 0.6376471999999999], [122.92148839999999, 0.6372697000000002], [122.9214831, 0.6371154000000001], [122.9213899, 0.6371208000000002], [122.9212759, 0.6371382], [122.9210519, 0.6371724], [122.92089890000001, 0.6371963], [122.9208126, 0.6372174], [122.9206945, 0.6372442], [122.9206026, 0.6372635999999999], [122.92051339999999, 0.6372884], [122.92016480000001, 0.637383], [122.91960549999999, 0.6375304999999999], [122.91901409999998, 0.637674], [122.9182792, 0.6378362], [122.91826169999999, 0.6373024999999998], [122.91823359999997, 0.6367245], [122.91816390000001, 0.6350294999999999]]}}, {"type": "Feature", "properties": {"layer": "osm_road", "stroke": "#999999"}, "geometry": {"type": "LineString", "coordinates": [[122.9175985, 0.6388399999999997], [122.91764079999997, 0.6387286999999999], [122.91768569999998, 0.6386006], [122.9176944, 0.6385329], [122.91768509999999, 0.6384363999999998], [122.91767169999997, 0.6382734000000001], [122.9176636, 0.6381955999999999], [122.91766629999996, 0.6381044], [122.91766890000001, 0.6380581999999999], [122.9177521, 0.6380340000000001], [122.91782589999997, 0.6380011999999998], [122.91790499999998, 0.6379488999999999], [122.917954, 0.6379206999999999], [122.9180029, 0.6378978999999999], [122.91806459999998, 0.6378792], [122.91816990000001, 0.6378557000000001], [122.9182792, 0.6378362], [122.91830670000002, 0.6382338999999999], [122.91833289999998, 0.6386589], [122.91835019999998, 0.6387388]]}}, {"type": "Feature", "properties": {"layer": "osm_road", "stroke": "#999999"}, "geometry": {"type": "LineString", "coordinates": [[122.91607780000001, 0.6385054000000001], [122.91558760000001, 0.6386771000000001]]}}, {"type": "Feature", "properties": {"layer": "osm_road", "stroke": "#999999"}, "geometry": {"type": "LineString", "coordinates": [[122.9164322, 0.6383510999999997], [122.9165921, 0.6382908999999998], [122.9169153, 0.6382077], [122.9171506, 0.6381372999999999], [122.917213, 0.6381198999999999], [122.9172814, 0.6381077999999999], [122.91737119999999, 0.6381004], [122.91766890000001, 0.6380581999999999]]}}, {"type": "Feature", "properties": {"layer": "osm_road", "stroke": "#999999"}, "geometry": {"type": "LineString", "coordinates": [[122.9266373, 0.6381657999999999], [122.92807160000001, 0.6384831999999999], [122.92819399999999, 0.6385102999999999], [122.92841699999998, 0.6385661], [122.9285266, 0.6385913999999999], [122.92861909999999, 0.6386156999999999], [122.92869660000001, 0.6386335], [122.92885650000001, 0.6386705999999999], [122.9291019, 0.6387222], [122.92921119999997, 0.6387460999999999], [122.92933659999997, 0.6387672000000001], [122.92944299999999, 0.6387788]]}}, {"type": "Feature", "properties": {"layer": "osm_road", "stroke": "#999999"}, "geometry": {"type": "LineString", "coordinates": [[122.91754959999997, 0.6389466], [122.9175268, 0.6388641]]}}, {"type": "Feature", "properties": {"layer": "osm_road", "stroke": "#999999"}, "geometry": {"type": "LineString", "coordinates": [[122.92493510000001, 0.6299658000000001], [122.9261072, 0.6284034999999999]]}}, {"type": "Feature", "properties": {"layer": "osm_road", "stroke": "#999999"}, "geometry": {"type": "LineString", "coordinates": [[122.92734940000001, 0.6299889000000001], [122.92762000000002, 0.6291867], [122.92766089999998, 0.6291161999999999]]}}, {"type": "Feature", "properties": {"layer": "osm_road", "stroke": "#999999"}, "geometry": {"type": "LineString", "coordinates": [[122.92240679999999, 0.6236438999999999], [122.92220389999997, 0.6234315999999999], [122.9217218, 0.6229241], [122.9209265, 0.6220853000000001], [122.9207155, 0.6218676999999998], [122.92067169999999, 0.6218238], [122.9206167, 0.6217573999999999], [122.9205868, 0.6217166], [122.92051749999999, 0.6216219], [122.92047229999996, 0.6215527999999998], [122.9203572, 0.6213685], [122.92030159999999, 0.6212852999999998], [122.9201745, 0.6210942], [122.92003870000002, 0.6208844], [122.9199402, 0.6207340999999998], [122.91990889999997, 0.6206861999999999], [122.9197155, 0.6203910999999999], [122.91939769999998, 0.6199007], [122.91936609999999, 0.6198523999999999], [122.9193212, 0.6197887999999999], [122.91927929999999, 0.6198159000000001], [122.9192099, 0.6198545000000001], [122.91912609999999, 0.6199067999999999], [122.91863519999998, 0.6202707999999999], [122.9181658, 0.6206161999999998], [122.91733769999998, 0.6212143], [122.91707749999999, 0.6213952999999999], [122.91703599999997, 0.6214210999999998], [122.91700209999999, 0.6214349], [122.91695949999999, 0.6214442000000001], [122.91692359999998, 0.6214305], [122.91690219999997, 0.6214147], [122.91688879999998, 0.621398], [122.9167503, 0.6211848000000001], [122.9166381, 0.6210124], [122.91655519999998, 0.6208849999999999], [122.91620779999995, 0.6203473], [122.9161629, 0.6202725], [122.9160745, 0.6201272], [122.91603820000002, 0.6200704], [122.91600129999998, 0.6200057999999999], [122.915835, 0.6197283999999998], [122.9156841, 0.6194609], [122.9155509, 0.6192171999999999], [122.91549339999999, 0.6191165], [122.91540459999999, 0.6189609], [122.91533280000002, 0.6188353], [122.91520089999997, 0.6185904999999999], [122.91503769999998, 0.6182868], [122.914913, 0.6180079], [122.9148419, 0.6178133999999998], [122.9147735, 0.6175975], [122.91468839999999, 0.6172374], [122.9145664, 0.6167354], [122.9145583, 0.6167091]]}}, {"type": "Feature", "properties": {"layer": "osm_road", "stroke": "#999999"}, "geometry": {"type": "LineString", "coordinates": [[122.9211915, 0.6186761], [122.9218841, 0.6196721], [122.9223266, 0.6202957], [122.9223347, 0.6203077]]}}, {"type": "Feature", "properties": {"layer": "osm_road", "stroke": "#999999"}, "geometry": {"type": "LineString", "coordinates": [[122.9205868, 0.6217166], [122.9202955, 0.6219015]]}}, {"type": "Feature", "properties": {"layer": "osm_road", "stroke": "#999999"}, "geometry": {"type": "LineString", "coordinates": [[122.91665629999997, 0.6216790999999999], [122.9168898, 0.6220536999999998]]}}, {"type": "Feature", "properties": {"layer": "osm_road", "stroke": "#999999"}, "geometry": {"type": "LineString", "coordinates": [[122.914913, 0.6180079], [122.91428270000002, 0.6182305], [122.91423039999997, 0.618272], [122.9142505, 0.6183645999999999], [122.91437519999998, 0.6185576999999999], [122.91435379999999, 0.6186045999999998], [122.9140145, 0.6188272]]}}, {"type": "Feature", "properties": {"layer": "osm_road", "stroke": "#999999"}, "geometry": {"type": "LineString", "coordinates": [[122.91737889999999, 0.6160066000000001], [122.917681, 0.6158742999999999]]}}, {"type": "Feature", "properties": {"layer": "osm_road", "stroke": "#999999"}, "geometry": {"type": "LineString", "coordinates": [[122.9166381, 0.6210124], [122.91707619999997, 0.6207301]]}}, {"type": "Feature", "properties": {"layer": "osm_road", "stroke": "#999999"}, "geometry": {"type": "LineString", "coordinates": [[122.9165331, 0.6198913000000001], [122.9166782, 0.6198250000000001], [122.91669869999997, 0.6198068999999998], [122.91671210000001, 0.6197834], [122.9167339, 0.6197176999999999], [122.9167449, 0.6196999], [122.9167584, 0.6196914999999998], [122.91677809999999, 0.6196909000000002], [122.91679589999997, 0.6197032999999998], [122.9168133, 0.6197281], [122.9168382, 0.6197722999999999]]}}, {"type": "Feature", "properties": {"layer": "osm_road", "stroke": "#999999"}, "geometry": {"type": "LineString", "coordinates": [[122.9163006, 0.6195130999999998], [122.91649210000001, 0.6198364], [122.9165109, 0.6198645], [122.9165331, 0.6198913000000001], [122.91656589999997, 0.6199337000000001], [122.91657009999999, 0.6199447999999999], [122.91657189999997, 0.6199532000000001], [122.91657140000001, 0.6199624], [122.9165673, 0.6199729999999998], [122.9165592, 0.6199822], [122.9165434, 0.6199929000000001], [122.9164338, 0.6200556]]}}, {"type": "Feature", "properties": {"layer": "osm_road", "stroke": "#999999"}, "geometry": {"type": "LineString", "coordinates": [[122.91520089999997, 0.6185904999999999], [122.91527380000001, 0.6185483], [122.91536629999997, 0.6184865999999998], [122.9155406, 0.6184048000000001], [122.91564259999997, 0.6183672999999998]]}}, {"type": "Feature", "properties": {"layer": "osm_road", "stroke": "#999999"}, "geometry": {"type": "LineString", "coordinates": [[122.91468839999999, 0.6172374], [122.9151061, 0.6170732]]}}, {"type": "Feature", "properties": {"layer": "osm_road", "stroke": "#999999"}, "geometry": {"type": "LineString", "coordinates": [[122.91847469999999, 0.6181153], [122.91836640000001, 0.6181995999999998], [122.91830399999999, 0.6182424999999999], [122.9181946, 0.6183175999999999]]}}, {"type": "Feature", "properties": {"layer": "osm_road", "stroke": "#999999"}, "geometry": {"type": "LineString", "coordinates": [[122.9161629, 0.6202725], [122.9162424, 0.6202306000000001], [122.91625909999998, 0.6202165000000001], [122.91627049999998, 0.6202008], [122.9162886, 0.6201514999999999], [122.9163041, 0.6201330999999999], [122.91632789999997, 0.6201146000000001], [122.9164338, 0.6200556]]}}, {"type": "Feature", "properties": {"layer": "osm_road", "stroke": "#999999"}, "geometry": {"type": "LineString", "coordinates": [[122.9197577, 0.6195118], [122.91972759999999, 0.6194478], [122.9197202, 0.6194266999999999], [122.91971830000001, 0.6194118], [122.91971950000001, 0.619398], [122.9197242, 0.6193844], [122.9197353, 0.6193630000000001], [122.9197386, 0.6193476], [122.91973829999999, 0.6193325], [122.91973230000002, 0.6193137000000001], [122.91969810000002, 0.6192523000000001], [122.9196699, 0.6191919999999999]]}}, {"type": "Feature", "properties": {"layer": "osm_road", "stroke": "#999999"}, "geometry": {"type": "LineString", "coordinates": [[122.9161763, 0.6163745], [122.91645530000001, 0.6162631999999998], [122.91659470000002, 0.6162176000000001], [122.9166913, 0.6161479], [122.91669670000002, 0.6160781], [122.91664840000001, 0.6159493999999999], [122.9166645, 0.6158823000000001], [122.91678520000002, 0.6158341]]}}, {"type": "Feature", "properties": {"layer": "osm_road", "stroke": "#999999"}, "geometry": {"type": "LineString", "coordinates": [[122.91710450000001, 0.6155659999999998], [122.9171902, 0.6157347999999998], [122.91720220000002, 0.6157763999999999], [122.9172264, 0.615885], [122.91736190000002, 0.6162551]]}}, {"type": "Feature", "properties": {"layer": "osm_road", "stroke": "#999999"}, "geometry": {"type": "LineString", "coordinates": [[122.91719239999999, 0.6155313], [122.91710450000001, 0.6155659999999998], [122.91701180000001, 0.6155939999999999], [122.9168965, 0.6155618000000002], [122.9168133, 0.6155806], [122.91660280000002, 0.6157012999999999], [122.9164378, 0.6159010999999999], [122.9163855, 0.6160097000000001], [122.9162984, 0.6160915], [122.9162031, 0.6161546000000001], [122.91614679999999, 0.6162215999999999], [122.91615079999998, 0.6163047999999998], [122.9161763, 0.6163745], [122.9161361, 0.6164455999999999], [122.9160275, 0.6165408], [122.9159456, 0.6165836999999998]]}}, {"type": "Feature", "properties": {"layer": "osm_road", "stroke": "#999999"}, "geometry": {"type": "LineString", "coordinates": [[122.91655519999998, 0.6208849999999999], [122.91696619999998, 0.6206094999999998]]}}, {"type": "Feature", "properties": {"layer": "osm_road", "stroke": "#999999"}, "geometry": {"type": "LineString", "coordinates": [[122.91600129999998, 0.6200057999999999], [122.91583429999997, 0.6200583]]}}, {"type": "Feature", "properties": {"layer": "osm_road", "stroke": "#999999"}, "geometry": {"type": "LineString", "coordinates": [[122.91511279999997, 0.619497], [122.9150538, 0.6195205], [122.91422099999998, 0.6198786000000001], [122.91398229999997, 0.6199536999999999]]}}, {"type": "Feature", "properties": {"layer": "osm_road", "stroke": "#999999"}, "geometry": {"type": "LineString", "coordinates": [[122.91511279999997, 0.619497], [122.9152289, 0.6194239999999999], [122.91528309999998, 0.6193596], [122.9155509, 0.6192171999999999]]}}, {"type": "Feature", "properties": {"layer": "osm_road", "stroke": "#999999"}, "geometry": {"type": "LineString", "coordinates": [[122.9007965, 0.6199710999999999], [122.9007482, 0.6200234], [122.9007107, 0.6200850999999998], [122.90068119999998, 0.6201978], [122.9006517, 0.6203532999999999], [122.90060069999998, 0.6206187999999999], [122.90054439999997, 0.6208254000000001], [122.900531, 0.6209218999999998], [122.9004881, 0.6210721], [122.90044249999997, 0.6211927999999998], [122.900421, 0.6213055], [122.9004344, 0.6214396000000001], [122.9004291, 0.6216245999999997], [122.9003432, 0.6217775], [122.90029500000001, 0.6218794], [122.9001984, 0.6220216], [122.9001152, 0.6221503], [122.8999945, 0.6223218999999999], [122.8999034, 0.6224158], [122.8997773, 0.6225070000000001], [122.89964850000001, 0.6225741], [122.89951979999998, 0.6226143], [122.89934809999998, 0.6226465], [122.8990075, 0.6226410999999998], [122.89881439999999, 0.6226088999999999], [122.8986025, 0.6226116], [122.89833160000002, 0.6225902], [122.89823500000001, 0.6225875], [122.8980312, 0.6226116], [122.89781659999998, 0.6227135], [122.8977576, 0.6227483999999999], [122.89764490000002, 0.6228744999999999], [122.897594, 0.6229414999999999], [122.89753500000002, 0.6229790999999999], [122.8974572, 0.6230192999999999], [122.8974062, 0.6230621999999999], [122.8972694, 0.6231829], [122.89709779999997, 0.6232552999999997], [122.89693680000002, 0.6232901999999998], [122.89684560000002, 0.6233143000000001], [122.89661499999998, 0.6233331], [122.8963387, 0.6233653000000001], [122.896159, 0.6233732999999999], [122.8960222, 0.6233787], [122.8958425, 0.6233599], [122.89564670000001, 0.6233438000000001], [122.89550720000001, 0.6233303999999998], [122.89536239999998, 0.6233732999999999], [122.89522829999997, 0.6234189], [122.89508879999998, 0.6235261999999999], [122.89505659999999, 0.6235475999999999], [122.89471330000002, 0.6237086000000001], [122.89456580000001, 0.6237756000000001], [122.8944182, 0.623899], [122.89425189999999, 0.6239660000000001], [122.89403469999999, 0.6240089999999999], [122.89382550000002, 0.6240224], [122.89358409999998, 0.6239848], [122.89333189999999, 0.6239929], [122.89317369999998, 0.6239339], [122.8930181, 0.6238104999999999], [122.89287599999999, 0.6237059], [122.8927687, 0.6235905999999998], [122.89260240000002, 0.6234913000000001], [122.89247359999999, 0.6234671999999999], [122.89223220000001, 0.6234671999999999], [122.8921786, 0.6234805999999999], [122.89198820000001, 0.6234671999999999], [122.89181919999997, 0.6234216], [122.8916556, 0.6234027999999999], [122.89142219999998, 0.6234135], [122.8912827, 0.6234537999999998], [122.8910547, 0.6234537999999998], [122.89086700000001, 0.6234377], [122.89065779999997, 0.6234027999999999], [122.89055320000001, 0.6233813999999998], [122.8904888, 0.6234270000000001]]}}, {"type": "Feature", "properties": {"layer": "osm_road", "stroke": "#999999"}, "geometry": {"type": "LineString", "coordinates": [[122.91523289999999, 0.6164905000000002], [122.91530169999999, 0.6164626], [122.91542730000002, 0.6164120999999999], [122.91555880000001, 0.6163511], [122.91566670000002, 0.6162927], [122.9158049, 0.6161960999999999], [122.9159312, 0.6160459], [122.91596339999997, 0.6160204999999999], [122.9160033, 0.6159895999999999], [122.91605830000002, 0.6159540999999998], [122.91614750000001, 0.6158977999999999], [122.91632919999999, 0.6157723999999999], [122.91656119999998, 0.6156328999999999], [122.9168428, 0.6154572000000001], [122.91691330000002, 0.615411], [122.91696890000001, 0.6153546000000001], [122.91699170000001, 0.6153097000000001], [122.91701050000002, 0.6152692], [122.91702359999996, 0.6152521], [122.91704739999999, 0.6152355999999999], [122.91706819999999, 0.6152299000000001], [122.91710839999999, 0.6152321], [122.9173699, 0.6150843999999999], [122.9175831, 0.6149154999999998], [122.91780710000002, 0.6147023], [122.91787679999999, 0.6146191], [122.9179452, 0.6144944], [122.91807129999997, 0.6142114], [122.91812090000002, 0.6141162], [122.91817859999999, 0.6140491999999999], [122.91829530000001, 0.6139418999999999], [122.9183905, 0.6138559999999998], [122.9184779, 0.613768], [122.91854869999999, 0.6136884000000001], [122.9186118, 0.6136146999999997]]}}, {"type": "Feature", "properties": {"layer": "osm_road", "stroke": "#999999"}, "geometry": {"type": "LineString", "coordinates": [[122.92136550000001, 0.6185733], [122.92120809999997, 0.6182840999999999]]}}, {"type": "Feature", "properties": {"layer": "osm_road", "stroke": "#999999"}, "geometry": {"type": "LineString", "coordinates": [[122.91733769999998, 0.6212143], [122.9171352, 0.6209139]]}}, {"type": "Feature", "properties": {"layer": "osm_road", "stroke": "#999999"}, "geometry": {"type": "LineString", "coordinates": [[122.9160745, 0.6201272], [122.9154981, 0.6203389], [122.91548200000001, 0.6203488], [122.9154707, 0.6203584999999999], [122.91546269999999, 0.6203742999999999], [122.91546220000001, 0.6203949], [122.91546649999997, 0.6204106], [122.91557280000002, 0.6206517]]}}, {"type": "Feature", "properties": {"layer": "osm_road", "stroke": "#999999"}, "geometry": {"type": "LineString", "coordinates": [[122.91549339999999, 0.6191165], [122.91580620000002, 0.6189493]]}}, {"type": "Feature", "properties": {"layer": "osm_road", "stroke": "#999999"}, "geometry": {"type": "LineString", "coordinates": [[122.92032440000001, 0.6164389], [122.92068110000001, 0.6162954], [122.92128320000002, 0.6160700999999998], [122.92133820000001, 0.6160553]]}}, {"type": "Feature", "properties": {"layer": "osm_road", "stroke": "#999999"}, "geometry": {"type": "LineString", "coordinates": [[122.91891709999997, 0.6189136000000001], [122.91936139999997, 0.6186287999999999]]}}, {"type": "Feature", "properties": {"layer": "osm_road", "stroke": "#999999"}, "geometry": {"type": "LineString", "coordinates": [[122.92220389999997, 0.6234315999999999], [122.92222739999998, 0.6234208999999998], [122.92225419999998, 0.6234095000000001], [122.92229179999997, 0.6233934], [122.92231859999998, 0.6233813999999998], [122.9223494, 0.6233672999999998], [122.92238430000002, 0.6233492000000002]]}}, {"type": "Feature", "properties": {"layer": "osm_road", "stroke": "#999999"}, "geometry": {"type": "LineString", "coordinates": [[122.92424779999997, 0.6169799999999999], [122.9239869, 0.6155364], [122.92385950000002, 0.6148001]]}}, {"type": "Feature", "properties": {"layer": "osm_road", "stroke": "#999999"}, "geometry": {"type": "LineString", "coordinates": [[122.91863519999998, 0.6202707999999999], [122.91820140000002, 0.6196050000000001]]}}, {"type": "Feature", "properties": {"layer": "osm_road", "stroke": "#999999"}, "geometry": {"type": "LineString", "coordinates": [[122.9201614, 0.6159567999999999], [122.9203096, 0.6157241], [122.9205, 0.6154585999999999], [122.9206328, 0.6152883], [122.9207442, 0.6151259999999997], [122.920846, 0.6149785], [122.92104450000001, 0.6147505], [122.9211424, 0.6146069999999999]]}}, {"type": "Feature", "properties": {"layer": "osm_road", "stroke": "#999999"}, "geometry": {"type": "LineString", "coordinates": [[122.91620779999995, 0.6203473], [122.91594829999998, 0.6204739999999997], [122.91557280000002, 0.6206517], [122.9152778, 0.6207744]]}}, {"type": "Feature", "properties": {"layer": "osm_road", "stroke": "#999999"}, "geometry": {"type": "LineString", "coordinates": [[122.915835, 0.6197283999999998], [122.9163006, 0.6195130999999998], [122.9164674, 0.6194266999999999], [122.91692060000001, 0.6191812999999999], [122.91726530000001, 0.6189747000000001], [122.9175201, 0.6188326000000001], [122.91780639999998, 0.6187153], [122.9178242, 0.6187072000000001], [122.9178363, 0.6186951], [122.91784059999998, 0.6186834], [122.91783930000001, 0.6186682999999998], [122.9178265, 0.6186422], [122.91771719999998, 0.6184343], [122.91762169999998, 0.6182656999999998], [122.91761549999998, 0.6182494000000001], [122.91761449999998, 0.6182377000000001], [122.9176183, 0.6182244000000001], [122.9176237, 0.6182162000000001], [122.9176421, 0.6182038], [122.9179038, 0.6180833], [122.917913, 0.6180761], [122.9179186, 0.6180685], [122.91792179999999, 0.6180612999999999], [122.91792289999997, 0.6180477000000001], [122.9179204, 0.6180374], [122.9177494, 0.6177402999999999], [122.9177427, 0.6177101999999999], [122.9177427, 0.6176833], [122.9177535, 0.6176626], [122.91781109999998, 0.6176143]]}}, {"type": "Feature", "properties": {"layer": "osm_road", "stroke": "#999999"}, "geometry": {"type": "LineString", "coordinates": [[122.9145583, 0.6167091], [122.9144892, 0.6164482999999998]]}}, {"type": "Feature", "properties": {"layer": "osm_road", "stroke": "#999999"}, "geometry": {"type": "LineString", "coordinates": [[122.91764729999998, 0.6166139999999998], [122.9178151, 0.6165716000000001], [122.91811149999997, 0.6164709999999999], [122.9182517, 0.6164174000000001], [122.9183006, 0.6163899000000002], [122.91834089999998, 0.6163571], [122.9183596, 0.6163268999999999], [122.91837099999998, 0.6162853], [122.9183938, 0.6162069000000001]]}}, {"type": "Feature", "properties": {"layer": "osm_road", "stroke": "#999999"}, "geometry": {"type": "LineString", "coordinates": [[122.91540459999999, 0.6189609], [122.9159805, 0.6186636], [122.91635999999997, 0.6184571], [122.91650350000002, 0.6183941], [122.91661489999997, 0.6183055999999999], [122.9166993, 0.6182291], [122.91675700000002, 0.6181995999999998], [122.91681469999999, 0.6181393], [122.9168656, 0.6180401000000001], [122.91691929999999, 0.6180051999999999], [122.91706280000001, 0.6179918], [122.9171661, 0.6179824], [122.91729350000001, 0.617922], [122.91751880000001, 0.6177436999999999], [122.91755630000002, 0.6176658999999999], [122.91760329999997, 0.617568], [122.9176502, 0.6175412], [122.9176644, 0.6175353], [122.9177582, 0.6174963], [122.9179251, 0.6173922999999999], [122.91798750000001, 0.6173575]]}}, {"type": "Feature", "properties": {"layer": "osm_road", "stroke": "#999999"}, "geometry": {"type": "LineString", "coordinates": [[122.91798750000001, 0.6173575], [122.9188746, 0.6169807000000002], [122.91948349999997, 0.6167527]]}}, {"type": "Feature", "properties": {"layer": "osm_road", "stroke": "#999999"}, "geometry": {"type": "LineString", "coordinates": [[122.92124990000002, 0.6186415999999998], [122.92111689999997, 0.6183678999999999], [122.92106200000002, 0.6182466], [122.92093249999999, 0.6179006], [122.92071860000001, 0.6173761999999999], [122.92050670000002, 0.6168251000000001], [122.9204343, 0.6166447], [122.92038599999997, 0.6165475], [122.92032440000001, 0.6164389], [122.92030159999999, 0.6163938999999999], [122.9202855, 0.6163503999999999], [122.92026999999999, 0.6162980999999997], [122.92023790000002, 0.6161794], [122.9202043, 0.6160788], [122.9201614, 0.6159567999999999], [122.92010170000002, 0.6158112999999997], [122.91976909999997, 0.6150053], [122.91969639999999, 0.6148357], [122.91966490000001, 0.6147440999999999], [122.9196464, 0.6146858], [122.91972889999998, 0.6146446], [122.92042399999998, 0.6143742]]}}, {"type": "Feature", "properties": {"layer": "osm_road", "stroke": "#999999"}, "geometry": {"type": "LineString", "coordinates": [[122.9181658, 0.6206161999999998], [122.918017, 0.6204217], [122.9179701, 0.6203599999999999], [122.91785069999999, 0.6201990999999999]]}}, {"type": "Feature", "properties": {"layer": "osm_road", "stroke": "#999999"}, "geometry": {"type": "LineString", "coordinates": [[122.91948349999997, 0.6167527], [122.9195238, 0.6168271], [122.92019089999998, 0.6180702], [122.92021100000001, 0.6181184999999999], [122.92021639999999, 0.6181936], [122.92024789999998, 0.6185053999999999], [122.9202976, 0.6186743999999998], [122.92039039999997, 0.6188884999999998], [122.92049390000001, 0.6190883], [122.92064489999997, 0.6193736999999998], [122.920653, 0.6194622], [122.92060869999999, 0.6197297], [122.9205081, 0.6200488999999999], [122.92040620000002, 0.6202754999999999], [122.92025600000001, 0.6204918], [122.91990889999997, 0.6206861999999999]]}}, {"type": "Feature", "properties": {"layer": "osm_road", "stroke": "#999999"}, "geometry": {"type": "LineString", "coordinates": [[122.9207155, 0.6218676999999998], [122.9207911, 0.6217949], [122.92082930000001, 0.6217680999999999], [122.9208709, 0.6217458999999999]]}}, {"type": "Feature", "properties": {"layer": "osm_road", "stroke": "#999999"}, "geometry": {"type": "LineString", "coordinates": [[122.92030159999999, 0.6212852999999998], [122.9199958, 0.6214851000000001]]}}, {"type": "Feature", "properties": {"layer": "osm_road", "stroke": "#999999"}, "geometry": {"type": "LineString", "coordinates": [[122.92047229999996, 0.6215527999999998], [122.92082259999997, 0.6213621], [122.92085609999997, 0.6213547], [122.9208823, 0.6213573999999998], [122.92091210000001, 0.6213688], [122.920954, 0.6214117000000001]]}}, {"type": "Feature", "properties": {"layer": "osm_road", "stroke": "#999999"}, "geometry": {"type": "LineString", "coordinates": [[122.91937150000001, 0.6197384], [122.91891709999997, 0.6189136000000001], [122.91847469999999, 0.6181153], [122.9184508, 0.6180721999999997], [122.91798750000001, 0.6173575], [122.91789830000002, 0.6171818], [122.91764729999998, 0.6166139999999998], [122.9175094, 0.6163021], [122.91737889999999, 0.6160066000000001], [122.91719239999999, 0.6155313], [122.91710839999999, 0.6152321]]}}, {"type": "Feature", "properties": {"layer": "osm_road", "stroke": "#999999"}, "geometry": {"type": "LineString", "coordinates": [[122.9197155, 0.6203910999999999], [122.9195462, 0.6205077], [122.91953749999998, 0.6205148999999999], [122.91953029999998, 0.6205237999999998], [122.91952390000002, 0.6205421999999999], [122.91951349999998, 0.6205700999999999], [122.91950589999999, 0.6205825], [122.9194917, 0.6205965000000001], [122.91941410000001, 0.6206463], [122.9194085, 0.6206529999999999], [122.91940560000002, 0.6206623000000001], [122.91940509999998, 0.6206695], [122.91940699999998, 0.6206778000000001], [122.91941069999999, 0.6206878999999998], [122.9194508, 0.6207614999999997]]}}, {"type": "Feature", "properties": {"layer": "osm_road", "stroke": "#999999"}, "geometry": {"type": "LineString", "coordinates": [[122.9199402, 0.6207340999999998], [122.91939160000001, 0.6210934999999999], [122.91936139999997, 0.6211021999999999], [122.91871899999998, 0.6209809999999999], [122.91865530000001, 0.6209835999999999], [122.918597, 0.6210024], [122.917673, 0.621681], [122.91733769999998, 0.6219398], [122.9172559, 0.6219812999999998], [122.91717140000002, 0.6220095], [122.9171031, 0.6220377], [122.91703459999998, 0.6220779], [122.9168844, 0.6221785], [122.9165491, 0.6224077999999998], [122.91519060000002, 0.6233023], [122.91506859999998, 0.6233827], [122.91487809999998, 0.6235087999999998]]}}, {"type": "Feature", "properties": {"layer": "osm_road", "stroke": "#999999"}, "geometry": {"type": "LineString", "coordinates": [[122.9201745, 0.6210942], [122.91974230000001, 0.6213618]]}}, {"type": "Feature", "properties": {"layer": "osm_road", "stroke": "#999999"}, "geometry": {"type": "LineString", "coordinates": [[122.91695949999999, 0.6214442000000001], [122.91665629999997, 0.6216790999999999], [122.9162782, 0.6219706], [122.91604229999997, 0.6221324999999998], [122.9155608, 0.6224628], [122.9151926, 0.6227132], [122.9148647, 0.6229522000000001], [122.9138415, 0.6236749999999999], [122.91353029999998, 0.6238829], [122.91343640000001, 0.6239392], [122.91334519999998, 0.6239902], [122.91322519999999, 0.6240432], [122.91315679999998, 0.6240673000000001], [122.9128423, 0.6241538], [122.91239289999999, 0.624259], [122.9117198, 0.6244165999999999], [122.91098490000002, 0.6245895999999999], [122.91042630000001, 0.6247150000000001], [122.9102741, 0.6247492000000001], [122.91006829999999, 0.6247946000000001], [122.9094963, 0.6249209000000001], [122.90898920000001, 0.6250159], [122.90881629999998, 0.6250483], [122.9082732, 0.6251596000000001], [122.90709440000002, 0.6254089999999999], [122.90595309999999, 0.6256610999999999], [122.9050653, 0.6258368], [122.90465759999996, 0.6259198999999999], [122.90341369999999, 0.6261786999999999], [122.9029564, 0.6262752000000001], [122.9028478, 0.6262980999999999], [122.90232200000001, 0.6264033999999999], [122.90201099999997, 0.6264733000000001], [122.90170180000001, 0.6265427999999998], [122.9011539, 0.6266527999999999], [122.90076840000002, 0.6267258999999998], [122.90041569999995, 0.6268010000000002], [122.90016490000001, 0.6268481999999999], [122.89956139999997, 0.6269619], [122.8987654, 0.6271248000000001], [122.8983121, 0.6272146999999999], [122.89769929999997, 0.6273434], [122.8973519, 0.6274137999999998], [122.89661760000001, 0.6275841], [122.89648089999997, 0.6276136], [122.8963508, 0.627619], [122.8948823, 0.6275250999999998], [122.8936283, 0.6274393], [122.89271639999998, 0.6273776], [122.89247100000001, 0.6273548], [122.89221080000002, 0.6273386999999999], [122.89204179999997, 0.6272985], [122.89103329999999, 0.6270638], [122.8904432, 0.6269242999999999], [122.8896935, 0.626742]]}}, {"type": "Feature", "properties": {"layer": "osm_road", "stroke": "#999999"}, "geometry": {"type": "LineString", "coordinates": [[122.93427280000002, 0.6234960000000002], [122.93363879999998, 0.6226028999999998], [122.93268, 0.6212478], [122.93210659999998, 0.6204921], [122.9313228, 0.6194393999999999], [122.9308929, 0.6188829], [122.93046040000002, 0.6182921999999998], [122.9297698, 0.6173548], [122.9293627, 0.6168055999999998], [122.92893629999998, 0.6162517999999999], [122.92850780000002, 0.6156663999999998], [122.92820469999997, 0.6152702], [122.9278741, 0.6148209], [122.9274986, 0.6151319999999999], [122.92736179999999, 0.6152427], [122.92693729999998, 0.6155826000000001], [122.92684819999998, 0.6156436], [122.9267234, 0.6157187000000001], [122.9262131, 0.6160191], [122.9259932, 0.6161432], [122.92567, 0.6163167999999999], [122.92518989999998, 0.6165448], [122.92424779999997, 0.6169799999999999], [122.9232171, 0.6175211000000002], [122.92192969999999, 0.6182305], [122.92138520000002, 0.6185616999999999], [122.92136550000001, 0.6185733], [122.92124990000002, 0.6186415999999998], [122.9211915, 0.6186761], [122.92049390000001, 0.6190883], [122.920382, 0.6191543999999999], [122.9197577, 0.6195118], [122.91937150000001, 0.6197384], [122.9193212, 0.6197887999999999]]}}, {"type": "Feature", "properties": {"layer": "osm_road", "stroke": "#999999"}, "geometry": {"type": "LineString", "coordinates": [[122.92738459999998, 0.6288239], [122.92732359999998, 0.6289265]]}}, {"type": "Feature", "properties": {"layer": "osm_road", "stroke": "#999999"}, "geometry": {"type": "LineString", "coordinates": [[122.89978189999997, 0.620232], [122.8997056, 0.6203129999999998], [122.89952849999999, 0.6205068999999999], [122.899273, 0.6207704], [122.89910939999997, 0.6209722], [122.8990564, 0.6210399], [122.8989592, 0.6211149999999999], [122.8988271, 0.6211739999999999], [122.89870580000002, 0.6212168999999998], [122.8985488, 0.6212558000000001], [122.89838459999997, 0.6212994000000001], [122.8981398, 0.6213483999999999], [122.89804319999998, 0.6213792], [122.8979997, 0.6214087000000001], [122.89789510000001, 0.6215669], [122.89782730000002, 0.6216024999999998], [122.89775890000001, 0.6216057999999999], [122.8976718, 0.6215891], [122.89748530000001, 0.6215180000000001], [122.89716619999997, 0.621398], [122.89710249999999, 0.6213878999999999], [122.89704480000002, 0.6213965999999999], [122.8969851, 0.621398], [122.89691269999997, 0.6213845999999998], [122.896792, 0.6213503999999999], [122.89663309999997, 0.6212994000000001], [122.8964487, 0.6212216], [122.896328, 0.6211620000000001], [122.89621999999999, 0.6211157], [122.89606649999999, 0.621054], [122.89585659999997, 0.6209929999999999], [122.89575869999999, 0.6209681999999999], [122.8955716, 0.6209238999999999], [122.8954314, 0.6209004999999999], [122.89525839999999, 0.620873], [122.8949547, 0.6208286999999999], [122.8946187, 0.6207777999999999], [122.8943981, 0.6207518999999998], [122.89426939999998, 0.6207348], [122.8942489, 0.6207243999999998], [122.89423949999997, 0.620706], [122.8942345, 0.6206785], [122.89423579999998, 0.6206326000000001], [122.89423720000002, 0.6205514999999999], [122.89422509999997, 0.6204938000000001], [122.8942003, 0.6204737000000001], [122.89415440000002, 0.6204552], [122.89406620000001, 0.6204405], [122.89390120000002, 0.6204136999999998], [122.8937075, 0.6203797999999999], [122.89369609999997, 0.6203710999999998], [122.89368669999999, 0.6203616999999999], [122.89367779999998, 0.6203377], [122.89368309999998, 0.6203045], [122.89372809999999, 0.6201643999999998], [122.89374009999999, 0.6201206999999997], [122.893746, 0.6200819], [122.893749, 0.6200394], [122.89375240000001, 0.620008], [122.89378589999997, 0.6199704999999999], [122.89384629999999, 0.6199067999999999], [122.89395820000001, 0.6197893999999999], [122.8940561, 0.6196774], [122.89411180000002, 0.6196123999999998], [122.8942191, 0.6195011], [122.89426939999998, 0.6194588999999999], [122.89435449999999, 0.6193917999999999], [122.89444239999999, 0.6193374999999999], [122.894484, 0.6193087], [122.89451480000001, 0.6192745], [122.8945235, 0.6192201999999999], [122.8945215, 0.6191376999999999]]}}, {"type": "Feature", "properties": {"layer": "osm_road", "stroke": "#999999"}, "geometry": {"type": "LineString", "coordinates": [[122.8915563, 0.6191664999999998], [122.8916026, 0.6191678999999999], [122.89177829999998, 0.6191893], [122.89189289999997, 0.6192046999999999], [122.89207199999997, 0.6192281999999999], [122.89216719999997, 0.6192388999999999], [122.8923442, 0.6192678], [122.89272169999997, 0.6194045], [122.89288869999997, 0.6194629], [122.892998, 0.6194897], [122.89308990000002, 0.6195091], [122.8931455, 0.6195258999999999]]}}, {"type": "Feature", "properties": {"layer": "osm_road", "stroke": "#999999"}, "geometry": {"type": "LineString", "coordinates": [[122.90076840000002, 0.6267258999999998], [122.90065439999996, 0.6262886999999999]]}}, {"type": "Feature", "properties": {"layer": "osm_road", "stroke": "#999999"}, "geometry": {"type": "LineString", "coordinates": [[122.9171292, 0.6070851999999999], [122.9169729, 0.6068813999999999], [122.9165693, 0.6062564], [122.91639490000001, 0.6059881999999999], [122.9162487, 0.6057602999999999], [122.91614999999997, 0.6056133], [122.91613879999997, 0.6055967000000001], [122.9158437, 0.6051701999999999], [122.9155916, 0.6048027999999998], [122.9154602, 0.6045909], [122.9153006, 0.6043012], [122.9151893, 0.604084], [122.91502559999999, 0.6037513999999999], [122.91481640000002, 0.6033625], [122.9144932, 0.6027952], [122.9143008, 0.6024760999999998], [122.91407150000002, 0.6020939000000001], [122.91363890000001, 0.6013791], [122.91345659999998, 0.601072], [122.9132071, 0.6006723999999999], [122.9128316, 0.6000715999999999], [122.91273199999998, 0.5999294999999999], [122.9126988, 0.5998797999999999], [122.9126858, 0.5998567], [122.91267639999998, 0.5998325999999999], [122.912672, 0.5998137999999998], [122.912674, 0.5998023999999998], [122.9126844, 0.5997889999999999], [122.91269920000002, 0.5997775999999999], [122.91271759999998, 0.5997708999999999], [122.91276019999998, 0.5997598], [122.91283599999998, 0.5997470999999999], [122.91296030000001, 0.5997255999999999], [122.91300530000001, 0.5997146000000001], [122.91302769999999, 0.5997017999999998], [122.9130636, 0.5996809999999999], [122.9130432, 0.5996632999999999], [122.91301529999997, 0.5996371], [122.91292480000001, 0.5995555999999997], [122.91274069999999, 0.5993780000000001], [122.91251239999998, 0.5991529999999999], [122.91237529999998, 0.5990182], [122.91210409999997, 0.5987600999999998], [122.91187200000002, 0.5985412], [122.9116642, 0.5983506999999999], [122.9115338, 0.5982271], [122.9115203, 0.5982143], [122.9113162, 0.5980168], [122.91119609999998, 0.5979062], [122.9110955, 0.5978166999999999]]}}, {"type": "Feature", "properties": {"layer": "osm_road", "stroke": "#999999"}, "geometry": {"type": "LineString", "coordinates": [[122.9155916, 0.6048027999999998], [122.91605830000002, 0.6045185], [122.91638539999998, 0.6043736999999999], [122.91657329999997, 0.6042878000000002], [122.9167342, 0.6042019999999999], [122.91681739999999, 0.6041269], [122.91684679999999, 0.6040490999999999], [122.91690589999999, 0.6039043000000001], [122.91694879999999, 0.6038747999999998]]}}, {"type": "Feature", "properties": {"layer": "osm_road", "stroke": "#999999"}, "geometry": {"type": "LineString", "coordinates": [[122.92866470000001, 0.602175], [122.92852250000001, 0.6022159], [122.9282637, 0.6022923999999998], [122.92788280000002, 0.6024251000000002], [122.92762259999999, 0.6025162999999999], [122.92735039999998, 0.6026141999999999], [122.92718409999999, 0.6026759], [122.92705540000001, 0.6027201000000001], [122.92696149999999, 0.6027403], [122.9268663, 0.6027455999999999], [122.92675230000002, 0.6027483000000001], [122.92663159999998, 0.6027442999999999], [122.9264331, 0.6027376], [122.92630969999998, 0.6027442999999999], [122.92620509999999, 0.6027509999999999], [122.92607639999999, 0.6027804999999999], [122.92593959999998, 0.6028206999999999], [122.92492029999997, 0.6032123], [122.92395199999999, 0.6035796999999999], [122.92316079999998, 0.6039109999999999], [122.9224312, 0.6042421999999998], [122.9217258, 0.6045614], [122.9213811, 0.6047289999999997], [122.92083530000001, 0.60502], [122.92045979999997, 0.6052237999999999], [122.91985429999998, 0.6055630999999999], [122.91953439999997, 0.6057394999999999], [122.9191281, 0.6059587000000001], [122.91871569999998, 0.6061746000000001], [122.91847829999999, 0.6062939999999999], [122.9180103, 0.6065400999999999], [122.9177025, 0.6067117], [122.91743489999998, 0.6068712999999999], [122.9171292, 0.6070851999999999], [122.91736919999998, 0.6074459], [122.91759589999998, 0.6077784999999999], [122.91761669999998, 0.6078341999999999], [122.91761399999997, 0.6078683999999999], [122.9175898, 0.6078985000000001], [122.91755699999997, 0.6079139], [122.91718349999998, 0.6080574], [122.91660280000002, 0.6082679999999999], [122.9160342, 0.6084798999999997], [122.91566400000002, 0.6086072999999999], [122.9153435, 0.6087092], [122.91507659999999, 0.6087923], [122.91486609999998, 0.6088566999999999], [122.91446240000002, 0.6089908], [122.9139447, 0.6091745], [122.9136229, 0.6092764000000002], [122.9131414, 0.609432], [122.91223749999999, 0.6097297]]}}, {"type": "Feature", "properties": {"layer": "osm_road", "stroke": "#999999"}, "geometry": {"type": "LineString", "coordinates": [[122.90825309999997, 0.6405538], [122.90825709999999, 0.6406202], [122.90826919999998, 0.6407396], [122.9082779, 0.6408529], [122.90828729999998, 0.6409675], [122.90830199999999, 0.6411053], [122.9083064, 0.6411951999999999], [122.90832280000001, 0.6414262000000001], [122.9083416, 0.6416165999999999], [122.90835159999999, 0.6417311999999998], [122.9083644, 0.6418854999999998], [122.90837409999999, 0.6419685999999998], [122.90838249999999, 0.6420625000000001], [122.9084033, 0.6421690999999998], [122.9084247, 0.6423434000000001], [122.90844179999999, 0.6424700999999999], [122.90845260000002, 0.6425499], [122.90846089999998, 0.6426321], [122.908473, 0.6427216]]}}, {"type": "Feature", "properties": {"layer": "osm_road", "stroke": "#999999"}, "geometry": {"type": "LineString", "coordinates": [[122.91327949999996, 0.6125821], [122.91289870000001, 0.6127148], [122.91266660000001, 0.6127952999999999], [122.91239980000002, 0.6128838], [122.91177879999998, 0.6130796000000001], [122.91144219999998, 0.6131788], [122.9111338, 0.6132781], [122.91044179999999, 0.613506], [122.9098021, 0.6137146], [122.9094547, 0.6138372999999999], [122.90920259999997, 0.6139211000000001], [122.9077864, 0.614379], [122.9070964, 0.6146204], [122.9070467, 0.6146265], [122.90701719999997, 0.6146204], [122.9069857, 0.6146009999999998], [122.90695559999997, 0.6145628], [122.90683949999998, 0.6141993], [122.90665850000002, 0.6136548999999998], [122.90649619999996, 0.6131775], [122.9062495, 0.6124949], [122.9059611, 0.6116916], [122.9056661, 0.6108990999999999], [122.9053482, 0.6100434999999998], [122.90510079999999, 0.6092925], [122.90491369999997, 0.6087394], [122.90480710000001, 0.608388], [122.90465889999999, 0.6079743], [122.90445910000001, 0.6074191], [122.90439339999998, 0.6071549000000002], [122.90429820000001, 0.6068773], [122.90409700000001, 0.6062201999999999], [122.90386500000001, 0.6055517], [122.90375429999999, 0.6052251999999999], [122.90363499999997, 0.6048664999999999], [122.90352030000001, 0.6045372], [122.9034164, 0.6042307999999997], [122.90327489999999, 0.6038111], [122.903065, 0.6032229999999998], [122.90286050000002, 0.6026437000000001], [122.90260499999995, 0.6019838999999999], [122.9024293, 0.6014867]]}}, {"type": "Feature", "properties": {"layer": "osm_road", "stroke": "#999999"}, "geometry": {"type": "LineString", "coordinates": [[122.9022704, 0.6071952], [122.90211079999997, 0.6068559], [122.90199249999999, 0.6066192], [122.9018778, 0.6063817999999999], [122.901861, 0.606348], [122.90184830000001, 0.6063284999999998], [122.90183489999997, 0.6063235], [122.90180569999998, 0.6063265], [122.901744, 0.6063476], [122.9016726, 0.6063801], [122.9016347, 0.6063885], [122.9016186, 0.6063835], [122.9016029, 0.6063701], [122.9015834, 0.6063419], [122.9015556, 0.6063247999999999], [122.90152609999998, 0.6063195], [122.90146369999998, 0.6063368999999998], [122.9013209, 0.6063904999999999], [122.90114919999998, 0.6064414999999999], [122.90100569999998, 0.6064844]]}}, {"type": "Feature", "properties": {"layer": "osm_road", "stroke": "#999999"}, "geometry": {"type": "LineString", "coordinates": [[122.90050349999999, 0.6089163999999999], [122.90035800000001, 0.6089358], [122.90016759999997, 0.6089558999999999], [122.90003339999998, 0.6089599999999998], [122.8999181, 0.6089707000000001], [122.8998671, 0.6089974999999999], [122.89965659999999, 0.6090753], [122.89943670000001, 0.6091624000000001], [122.89933739999998, 0.6091826], [122.89921940000002, 0.6092121], [122.8991684, 0.6091571], [122.8991014, 0.6090927], [122.8990021, 0.6090953999999998], [122.89885190000001, 0.6090592]]}}, {"type": "Feature", "properties": {"layer": "osm_road", "stroke": "#999999"}, "geometry": {"type": "LineString", "coordinates": [[122.8995976, 0.6096466], [122.89961640000001, 0.6097203], [122.89965119999998, 0.6098449999999999], [122.89965119999998, 0.6098893], [122.8995895, 0.6099349], [122.89954800000001, 0.6099496000000001]]}}, {"type": "Feature", "properties": {"layer": "osm_road", "stroke": "#999999"}, "geometry": {"type": "LineString", "coordinates": [[122.90835569999999, 0.6004773], [122.9084274, 0.6006154000000001], [122.9085763, 0.6009304999999999], [122.9086856, 0.6011585], [122.90884719999998, 0.6014522000000001], [122.90895250000001, 0.6016546999999999], [122.9090544, 0.6018578999999998], [122.90911000000001, 0.6019611000000001], [122.90925289999998, 0.6022199000000001], [122.9094312, 0.6025598999999999], [122.9095231, 0.6027436], [122.90959549999998, 0.6028911], [122.90963109999997, 0.6029634999999999], [122.90975240000002, 0.6032605999999999], [122.90987719999998, 0.6035704], [122.90996699999998, 0.6038191], [122.91003539999998, 0.6040022], [122.9101769, 0.6043542000000001], [122.91034590000001, 0.6047699], [122.91049, 0.6051213], [122.9106007, 0.6054041999999998], [122.9107703, 0.6058407000000001], [122.91085620000001, 0.6060605999999998], [122.91099230000002, 0.6064180000000001], [122.91110429999999, 0.6067210999999999], [122.9111606, 0.6068752999999998], [122.91129670000001, 0.607232], [122.91148249999999, 0.6077343000000001], [122.91154949999999, 0.6078979], [122.91160450000001, 0.6080574], [122.9118794, 0.6087976999999999], [122.91210869999999, 0.6094105], [122.91223749999999, 0.6097297], [122.91242659999997, 0.6102580999999999], [122.9125875, 0.6107127], [122.91275649999999, 0.6111914], [122.91299389999998, 0.6118351], [122.91327949999996, 0.6125821], [122.91345389999998, 0.6130581000000002], [122.9136121, 0.6135168], [122.91375429999997, 0.6139311], [122.9139233, 0.6144312999999999], [122.91397820000002, 0.6146163999999998], [122.9140909, 0.6150320999999999], [122.9141459, 0.6152279]]}}, {"type": "Feature", "properties": {"layer": "osm_road", "stroke": "#999999"}, "geometry": {"type": "LineString", "coordinates": [[122.90296980000001, 0.6084162], [122.90288930000001, 0.6082632999999998], [122.90279540000002, 0.6080943], [122.9026815, 0.6079185999999998], [122.90249710000002, 0.6076149000000001], [122.9022704, 0.6071952]]}}, {"type": "Feature", "properties": {"layer": "osm_road", "stroke": "#999999"}, "geometry": {"type": "LineString", "coordinates": [[122.90409700000001, 0.6062201999999999], [122.90368259999998, 0.6064360999999999], [122.90280419999998, 0.6068948], [122.90258150000001, 0.6070222], [122.9022704, 0.6071952]]}}, {"type": "Feature", "properties": {"layer": "osm_road", "stroke": "#999999"}, "geometry": {"type": "LineString", "coordinates": [[122.8986306, 0.612051], [122.89872849999999, 0.6120242]]}}, {"type": "Feature", "properties": {"layer": "osm_road", "stroke": "#999999"}, "geometry": {"type": "LineString", "coordinates": [[122.89016830000001, 0.6142007], [122.89100509999999, 0.6139928000000001], [122.89156440000001, 0.6138735], [122.89204179999997, 0.6137689], [122.8923154, 0.6137032000000001], [122.8930235, 0.6135127], [122.89351170000002, 0.6133974], [122.89436329999998, 0.6131855000000002], [122.895349, 0.6129026], [122.8962395, 0.6126665999999998], [122.8969342, 0.6124827999999999], [122.89815989999997, 0.6121757000000001], [122.8986306, 0.612051]]}}, {"type": "Feature", "properties": {"layer": "osm_road", "stroke": "#999999"}, "geometry": {"type": "LineString", "coordinates": [[122.90370939999998, 0.6105759], [122.9035645, 0.6102903], [122.90344659999997, 0.6099925000000002], [122.90344920000001, 0.6099174], [122.9034922, 0.6098692000000001], [122.90358069999998, 0.6097941], [122.9036839, 0.6096612999999999]]}}, {"type": "Feature", "properties": {"layer": "osm_road", "stroke": "#999999"}, "geometry": {"type": "LineString", "coordinates": [[122.89872849999999, 0.6120242], [122.89930459999997, 0.6118806999999999], [122.89999859999999, 0.6116809], [122.90046390000002, 0.6115615], [122.90111170000002, 0.6113778], [122.90157299999997, 0.6112463999999999], [122.90218730000001, 0.6110587], [122.9031529, 0.6107582999999999], [122.90370939999998, 0.6105759], [122.90473669999997, 0.6102594], [122.9053482, 0.6100434999999998]]}}, {"type": "Feature", "properties": {"layer": "osm_road", "stroke": "#999999"}, "geometry": {"type": "LineString", "coordinates": [[122.89930459999997, 0.6118806999999999], [122.8992489, 0.6116447], [122.89921669999998, 0.611532], [122.89920329999998, 0.6114595999999999], [122.8991188, 0.6112222999999999], [122.8990759, 0.6109821999999999], [122.8990933, 0.6109219], [122.8991295, 0.6108562], [122.89925829999997, 0.6107811], [122.89941649999999, 0.6106938999999998], [122.8998832, 0.6105129], [122.90018500000001, 0.6104041999999998], [122.90035530000002, 0.6103062999999999], [122.90044109999998, 0.6102661], [122.90049480000002, 0.6102191999999999], [122.90053229999998, 0.6100583], [122.90057519999999, 0.6099081], [122.9005913, 0.6096948], [122.9005927, 0.6096761], [122.90060609999999, 0.6096223999999999], [122.9006731, 0.6095634], [122.90072140000001, 0.6094642], [122.9007053, 0.6093327999999999], [122.90064900000002, 0.6092657], [122.90053229999998, 0.6092637]]}}, {"type": "Feature", "properties": {"layer": "osm_road", "stroke": "#999999"}, "geometry": {"type": "LineString", "coordinates": [[122.90445910000001, 0.6074191], [122.9043468, 0.6074703999999999], [122.9041174, 0.6075753], [122.90404199999999, 0.6076199], [122.9040118, 0.6076446999999999], [122.9039599, 0.607694], [122.90393239999997, 0.6077178], [122.90390049999998, 0.6077416000000001], [122.9038019, 0.607812], [122.90362019999998, 0.6079153000000002], [122.9034177, 0.6080132], [122.903348, 0.6080661999999999], [122.90329170000001, 0.6081291999999999], [122.9032105, 0.6082291], [122.90309449999997, 0.6083505], [122.90296980000001, 0.6084162], [122.90280150000001, 0.6085241000000001], [122.90266870000002, 0.6086193], [122.90251850000001, 0.6087218999999999], [122.9024283, 0.6087775999999999], [122.90233339999997, 0.6088406000000001], [122.90228420000001, 0.6088831999999998], [122.90225969999997, 0.6089201], [122.90219660000001, 0.6090561999999999], [122.9021655, 0.6091085], [122.902147, 0.6091319], [122.90212359999997, 0.6091479999999999], [122.90205950000001, 0.6091657999999999], [122.90189419999997, 0.609203], [122.90182749999998, 0.6092136999999999], [122.9017236, 0.6092084], [122.90160719999997, 0.6092022999999999], [122.90151699999998, 0.6092047], [122.90143789999998, 0.6092180999999999], [122.901401, 0.6092292], [122.9013591, 0.6092341999999998], [122.9013122, 0.6092295000000001], [122.90127729999996, 0.6092114000000001], [122.90116270000001, 0.6091604], [122.90109899999999, 0.6091443000000001], [122.90100239999997, 0.6091356], [122.900763, 0.6091731999999999], [122.90052429999999, 0.6092106999999999], [122.90050349999999, 0.6089163999999999], [122.9004941, 0.6087963000000001], [122.9004773, 0.6086320999999999], [122.90044650000002, 0.6085154], [122.90039079999997, 0.6083618999999999], [122.90035999999999, 0.6082504999999998]]}}, {"type": "Feature", "properties": {"layer": "osm_road", "stroke": "#999999"}, "geometry": {"type": "LineString", "coordinates": [[122.90341969999999, 0.6089987999999998], [122.9040554, 0.6086998]]}}, {"type": "Feature", "properties": {"layer": "osm_road", "stroke": "#999999"}, "geometry": {"type": "LineString", "coordinates": [[122.90280419999998, 0.6068948], [122.90295300000001, 0.6071743999999999], [122.90313609999997, 0.6074922], [122.90330909999999, 0.6078093], [122.9034177, 0.6080132]]}}, {"type": "Feature", "properties": {"layer": "osm_road", "stroke": "#999999"}, "geometry": {"type": "LineString", "coordinates": [[122.9022704, 0.6071952], [122.90178220000001, 0.6074351999999997], [122.9013008, 0.6077047999999999], [122.9007992, 0.6079796999999999], [122.90035999999999, 0.6082504999999998]]}}, {"type": "Feature", "properties": {"layer": "osm_road", "stroke": "#999999"}, "geometry": {"type": "LineString", "coordinates": [[122.90439339999998, 0.6071549000000002], [122.90483800000001, 0.6070409], [122.90512429999998, 0.6069712000000002], [122.905184, 0.6069577999999999], [122.90524030000002, 0.606931], [122.9053167, 0.6068948], [122.9053617, 0.6068793000000001], [122.90585849999998, 0.6067907999999997], [122.9059182, 0.6067882], [122.90595710000001, 0.6068001999999999], [122.9060061, 0.6068324000000002], [122.90603420000001, 0.6068793000000001], [122.90605699999998, 0.6069484], [122.90609489999997, 0.6070576999999999], [122.9061076, 0.6070721000000001], [122.90613310000002, 0.6070811999999999], [122.9061583, 0.6070782], [122.9061831, 0.6070623999999999], [122.9062213, 0.6070241999999999], [122.90640230000001, 0.6068135999999998], [122.90648949999999, 0.6067452000000001], [122.9065666, 0.6066928999999999], [122.906682, 0.606638], [122.90695490000002, 0.6065185999999999], [122.9075584, 0.6062424], [122.90794799999999, 0.60607], [122.9080563, 0.6060151000000001], [122.90807500000001, 0.6059879], [122.90808309999998, 0.6059718], [122.90808540000002, 0.6059467000000001], [122.9080784, 0.6059078], [122.90805729999998, 0.6058441000000001], [122.90800029999998, 0.6056991999999998], [122.90798020000001, 0.6056013], [122.90797349999998, 0.6055061], [122.9079225, 0.6052928999999998]]}}, {"type": "Feature", "properties": {"layer": "osm_road", "stroke": "#999999"}, "geometry": {"type": "LineString", "coordinates": [[122.90587459999999, 0.6009044], [122.90609659999998, 0.6015024999999999], [122.9063809, 0.6022582000000001], [122.90659280000001, 0.6028308], [122.9068952, 0.6035932], [122.90702399999998, 0.6039457999999999], [122.907154, 0.6043072999999998], [122.90731969999999, 0.6047357], [122.90738669999999, 0.6049113999999999], [122.9074652, 0.6050569], [122.90751549999997, 0.6051313], [122.90756039999998, 0.6051768999999999], [122.9075959, 0.6052078], [122.9076979, 0.6052446], [122.9079225, 0.6052928999999998], [122.9080901, 0.6052506999999999], [122.9081753, 0.6052118], [122.90825639999998, 0.6051627999999999], [122.9082886, 0.6051125000000002], [122.90829129999999, 0.6050696], [122.90827119999997, 0.6050053000000001], [122.90823700000001, 0.6049281], [122.908233, 0.6048892999999997], [122.90824099999998, 0.6048509999999998], [122.90826450000002, 0.6048221999999999], [122.908412, 0.6047236], [122.9086956, 0.6045787999999999], [122.90941919999997, 0.6042764], [122.90980610000001, 0.6040893], [122.90991069999997, 0.6040450999999999], [122.91003539999998, 0.6040022]]}}, {"type": "Feature", "properties": {"layer": "osm_road", "stroke": "#999999"}, "geometry": {"type": "LineString", "coordinates": [[122.9007791, 0.6281620999999998], [122.9010339, 0.6281286], [122.9012471, 0.6281003999999999]]}}, {"type": "Feature", "properties": {"layer": "osm_road", "stroke": "#999999"}, "geometry": {"type": "LineString", "coordinates": [[122.9011539, 0.6266527999999999], [122.90120689999998, 0.6273909999999999], [122.9012471, 0.6281003999999999], [122.9012766, 0.6289895], [122.90131149999999, 0.6294321000000002]]}}, {"type": "Feature", "properties": {"layer": "osm_road", "stroke": "#999999"}, "geometry": {"type": "LineString", "coordinates": [[122.9057952, 0.6247578999999999], [122.90594230000002, 0.6247089999999997], [122.90609390000002, 0.6246728]]}}, {"type": "Feature", "properties": {"layer": "osm_road", "stroke": "#999999"}, "geometry": {"type": "LineString", "coordinates": [[122.90485609999998, 0.6200662999999998], [122.90489359999998, 0.6202876], [122.90500359999999, 0.6207797999999999], [122.90508400000002, 0.6211620000000001], [122.9052249, 0.6218485999999999], [122.9052684, 0.622045], [122.9053563, 0.6224413], [122.9055279, 0.6232552999999997], [122.90558830000002, 0.6235905999999998], [122.9056185, 0.623767], [122.905654, 0.6239741], [122.9057559, 0.6244554999999999], [122.9057952, 0.6247578999999999], [122.90586590000001, 0.6251113], [122.90595309999999, 0.6256610999999999], [122.90598119999997, 0.6260499999999999], [122.90602959999997, 0.626585], [122.9060872, 0.6269431], [122.90617029999997, 0.6275264999999999], [122.9062387, 0.6281111999999999], [122.90629100000001, 0.6285442999999997], [122.9063112, 0.6289989], [122.90635940000001, 0.6297485], [122.9063809, 0.6299523999999999]]}}, {"type": "Feature", "properties": {"layer": "osm_road", "stroke": "#999999"}, "geometry": {"type": "LineString", "coordinates": [[122.9099092, 0.6298304999999998], [122.90989189999999, 0.6296909], [122.9098849, 0.6295926], [122.90988860000002, 0.6295554], [122.90989529999997, 0.6295357], [122.909911, 0.6295226000000002], [122.90993979999999, 0.6295132], [122.91004310000001, 0.6294983999999999]]}}, {"type": "Feature", "properties": {"layer": "osm_road", "stroke": "#999999"}, "geometry": {"type": "LineString", "coordinates": [[122.9001685, 0.6309555], [122.90023590000001, 0.6313202]]}}, {"type": "Feature", "properties": {"layer": "osm_road", "stroke": "#999999"}, "geometry": {"type": "LineString", "coordinates": [[122.89792149999998, 0.6313057], [122.8983919, 0.6312370999999998], [122.89898069999998, 0.6311419], [122.8996727, 0.6310346], [122.9001685, 0.6309555], [122.90055510000002, 0.6308937999999998], [122.90140809999998, 0.6307515999999999], [122.90220740000001, 0.6306108], [122.90305359999999, 0.6304861], [122.90350559999999, 0.6304083], [122.90375099999999, 0.6303814999999999], [122.90451940000001, 0.6302326], [122.90520469999997, 0.6300877999999999], [122.90589410000001, 0.6300086999999999], [122.9063809, 0.6299523999999999], [122.90751549999997, 0.6299363], [122.9087198, 0.6298933999999999], [122.9099092, 0.6298304999999998], [122.90998850000001, 0.6298263], [122.9109433, 0.6297672999999999], [122.91120079999999, 0.6297646], [122.91124609999997, 0.6297713], [122.91127119999997, 0.6297871], [122.91128559999997, 0.6298079], [122.9112994, 0.6298458], [122.91146639999998, 0.6313523999999999], [122.9115395, 0.6319809999999998]]}}, {"type": "Feature", "properties": {"layer": "osm_road", "stroke": "#999999"}, "geometry": {"type": "LineString", "coordinates": [[122.89769929999997, 0.6273434], [122.89773339999999, 0.6281554000000001], [122.89776970000001, 0.6286958], [122.89778709999999, 0.6289815000000001], [122.89779379999997, 0.6293046999999999], [122.89782459999999, 0.6299215000000001], [122.89785820000002, 0.6304377999999999], [122.8979118, 0.6311875], [122.89792149999998, 0.6313057]]}}, {"type": "Feature", "properties": {"layer": "osm_road", "stroke": "#999999"}, "geometry": {"type": "LineString", "coordinates": [[122.9019633, 0.6400448999999998], [122.90210540000001, 0.6407260999999999]]}}, {"type": "Feature", "properties": {"layer": "osm_road", "stroke": "#999999"}, "geometry": {"type": "LineString", "coordinates": [[122.9014242, 0.6407852], [122.90132489999999, 0.6402433999999999]]}}, {"type": "Feature", "properties": {"layer": "osm_road", "stroke": "#999999"}, "geometry": {"type": "LineString", "coordinates": [[122.9036504, 0.639066], [122.90389179999998, 0.6405062]]}}, {"type": "Feature", "properties": {"layer": "osm_road", "stroke": "#999999"}, "geometry": {"type": "LineString", "coordinates": [[122.90648009999997, 0.6400959000000002], [122.90640499999998, 0.6396854999999998], [122.90619849999999, 0.6385965999999998]]}}, {"type": "Feature", "properties": {"layer": "osm_road", "stroke": "#999999"}, "geometry": {"type": "LineString", "coordinates": [[122.90648009999997, 0.6400959000000002], [122.9066049, 0.6407998999999999]]}}, {"type": "Feature", "properties": {"layer": "osm_road", "stroke": "#999999"}, "geometry": {"type": "LineString", "coordinates": [[122.90707289999999, 0.639994], [122.90648009999997, 0.6400959000000002]]}}, {"type": "Feature", "properties": {"layer": "osm_road", "stroke": "#999999"}, "geometry": {"type": "LineString", "coordinates": [[122.90648009999997, 0.6400959000000002], [122.90547159999998, 0.6403023999999999], [122.90389179999998, 0.6405062]]}}, {"type": "Feature", "properties": {"layer": "osm_road", "stroke": "#999999"}, "geometry": {"type": "LineString", "coordinates": [[122.90210540000001, 0.6407260999999999], [122.9028028, 0.6406617999999997], [122.90389179999998, 0.6405062]]}}, {"type": "Feature", "properties": {"layer": "osm_road", "stroke": "#999999"}, "geometry": {"type": "LineString", "coordinates": [[122.90389179999998, 0.6405062], [122.90400919999999, 0.6411772999999998]]}}, {"type": "Feature", "properties": {"layer": "osm_road", "stroke": "#999999"}, "geometry": {"type": "LineString", "coordinates": [[122.91000459999997, 0.6394387], [122.91109080000001, 0.6392564000000001]]}}, {"type": "Feature", "properties": {"layer": "osm_road", "stroke": "#999999"}, "geometry": {"type": "LineString", "coordinates": [[122.91005690000001, 0.6397806999999999], [122.91010969999999, 0.6402715]]}}, {"type": "Feature", "properties": {"layer": "osm_road", "stroke": "#999999"}, "geometry": {"type": "LineString", "coordinates": [[122.91000459999997, 0.6394387], [122.91005690000001, 0.6397806999999999]]}}, {"type": "Feature", "properties": {"layer": "osm_road", "stroke": "#999999"}, "geometry": {"type": "LineString", "coordinates": [[122.9083818, 0.6396802], [122.90903629999998, 0.6396024], [122.9094949, 0.6395326], [122.91000459999997, 0.6394387]]}}, {"type": "Feature", "properties": {"layer": "osm_road", "stroke": "#999999"}, "geometry": {"type": "LineString", "coordinates": [[122.90833090000001, 0.6394629], [122.9083818, 0.6396802]]}}, {"type": "Feature", "properties": {"layer": "osm_road", "stroke": "#999999"}, "geometry": {"type": "LineString", "coordinates": [[122.9083818, 0.6396802], [122.90852260000001, 0.6405149]]}}, {"type": "Feature", "properties": {"layer": "osm_road", "stroke": "#999999"}, "geometry": {"type": "LineString", "coordinates": [[122.90747789999999, 0.6400020000000001], [122.90759060000002, 0.6406524000000001]]}}, {"type": "Feature", "properties": {"layer": "osm_road", "stroke": "#999999"}, "geometry": {"type": "LineString", "coordinates": [[122.92385950000002, 0.6148001], [122.92380589999998, 0.6145332999999998], [122.92361809999997, 0.6135490000000001], [122.9235739, 0.6133518], [122.92346790000002, 0.6127819], [122.92339679999999, 0.6124345999999998], [122.9233284, 0.6121005999999999], [122.9232161, 0.6116129000000001], [122.92314739999998, 0.6112545]]}}, {"type": "Feature", "properties": {"layer": "osm_road", "stroke": "#999999"}, "geometry": {"type": "LineString", "coordinates": [[122.92396989999999, 0.6113479000000002], [122.92378840000002, 0.6114194], [122.92364, 0.6114799], [122.9233925, 0.6115619], [122.9232161, 0.6116129000000001]]}}, {"type": "Feature", "properties": {"layer": "osm_road", "stroke": "#999999"}, "geometry": {"type": "LineString", "coordinates": [[122.92380589999998, 0.6145332999999998], [122.9236543, 0.6145393], [122.9235846, 0.6145541], [122.92351550000001, 0.6145782], [122.9234304, 0.6146177], [122.9233841, 0.6146312], [122.92333649999999, 0.6146378999999997], [122.92326670000001, 0.6146391999999999], [122.92311389999999, 0.6146245000000001], [122.92295019999999, 0.6146258], [122.92265790000002, 0.6146674], [122.92250769999998, 0.6146694], [122.92245539999999, 0.6146780999999998], [122.9223803, 0.6147055999999999], [122.9221208, 0.6148350000000001], [122.9220664, 0.6148497000000002], [122.9220148, 0.6148597999999998], [122.92195580000002, 0.6148538], [122.92189749999997, 0.6148369999999999], [122.9218478, 0.6148149000000002], [122.92179350000002, 0.6147773], [122.92175330000002, 0.6147371], [122.92170369999997, 0.6147016], [122.9215434, 0.6146714], [122.9211424, 0.6146069999999999], [122.92088379999997, 0.6145153], [122.9206687, 0.6144368], [122.92042399999998, 0.6143742], [122.92012450000001, 0.6142569999999999], [122.9193971, 0.6140054], [122.91930649999998, 0.6139741], [122.9184779, 0.613768]]}}, {"type": "Feature", "properties": {"layer": "osm_road", "stroke": "#999999"}, "geometry": {"type": "LineString", "coordinates": [[122.91421189999998, 0.6154591999999998], [122.91445569999998, 0.6153714], [122.9147293, 0.6152640999999999], [122.91504150000002, 0.6151304000000001], [122.9160261, 0.6147143], [122.9165092, 0.6145181999999999], [122.9165331, 0.6145051], [122.9165475, 0.6144920000000001], [122.9165676, 0.6144676], [122.91658670000001, 0.6144357000000001], [122.9166356, 0.6143428], [122.91666519999998, 0.6143059999999999], [122.91669359999997, 0.6142827999999998], [122.91673220000001, 0.6142583999999999], [122.9171634, 0.6140009], [122.91763159999999, 0.6137050999999999], [122.91770379999997, 0.6136536], [122.9177213, 0.6136337999999999], [122.91772539999997, 0.6136219999999999], [122.91772760000002, 0.6136118999999999], [122.91772800000001, 0.6136026000000001], [122.91772729999998, 0.6135938999999999], [122.9177239, 0.6135784999999998], [122.9177142, 0.6135482999999999], [122.9177025, 0.6135147999999999], [122.9176908, 0.6134620999999999], [122.9176881, 0.613433], [122.91769309999997, 0.6134023999999999], [122.9177095, 0.6133693], [122.91774709999999, 0.6133366999999998], [122.91780099999997, 0.6132935], [122.9178802, 0.6132404999999999], [122.91800360000002, 0.6131634000000001], [122.91803909999999, 0.6131366000000001], [122.9180612, 0.6130996999999999], [122.91806999999999, 0.6130481], [122.9180834, 0.6129958], [122.91809610000001, 0.6129716], [122.91810680000002, 0.6129569], [122.91812699999998, 0.6129422999999999], [122.91819739999997, 0.6129079000000001], [122.91822620000002, 0.6128918], [122.91825369999998, 0.6128602999999998], [122.91827160000001, 0.6128154999999998], [122.9182751, 0.6127846000000001], [122.9182751, 0.6127362999999998], [122.91827850000001, 0.6127188999999998], [122.9182912, 0.6126981], [122.91834689999999, 0.6126569999999999], [122.91842070000001, 0.6126081999999999], [122.9186279, 0.6124365999999999], [122.918786, 0.6122951999999998], [122.91881160000001, 0.6122616], [122.91884869999997, 0.6122010999999999], [122.9188626, 0.6121677000000001], [122.9188618, 0.61212], [122.9188424, 0.6120549999999998], [122.9188297, 0.6119994], [122.9188284, 0.6119484], [122.9188337, 0.6119289999999997], [122.9188478, 0.6119089], [122.91889319999999, 0.611869], [122.91896899999998, 0.6118323999999999], [122.91915199999997, 0.6117722999999999], [122.9193842, 0.6116997000000001], [122.9196344, 0.6116312999999999], [122.91983149999997, 0.6115823], [122.9200172, 0.6115488], [122.92035209999997, 0.6114899], [122.9203901, 0.6114804], [122.92042160000001, 0.6114615999999999], [122.9204343, 0.6114308], [122.9204499, 0.6113773], [122.92046050000002, 0.6113456000000002], [122.9204766, 0.6112798999999999], [122.920498, 0.6112443999999999], [122.92053160000002, 0.6112216], [122.92057649999997, 0.6112082], [122.9206456, 0.6111974999999998], [122.920773, 0.6111900999999998], [122.9209647, 0.6111833999999999], [122.9210566, 0.6111666], [122.9211196, 0.6111404999999999], [122.9211786, 0.611109], [122.92123760000001, 0.6110667000000001], [122.9212852, 0.6110018000000002], [122.9213421, 0.6108584], [122.9213691, 0.6108165999999999], [122.921418, 0.6107615999999999], [122.92151189999998, 0.6106804999999998], [122.92163129999999, 0.6106007000000001], [122.92178749999997, 0.6105102], [122.92191359999998, 0.6104478], [122.9220953, 0.610358], [122.92232459999998, 0.6102111], [122.9224487, 0.6101508], [122.9225513, 0.6101193], [122.9226539, 0.6101004999999999], [122.9227404, 0.6100945], [122.92280940000002, 0.6100911], [122.92289119999997, 0.6100870999999999], [122.92299159999999, 0.6100643], [122.92325940000002, 0.6099549999999998], [122.92369790000001, 0.6097926999999999], [122.9240976, 0.6096352], [122.9242752, 0.6095701], [122.92441069999998, 0.6095332000000001], [122.92462930000002, 0.6094694999999999], [122.92485999999997, 0.6093937999999999], [122.9250906, 0.609318], [122.92527439999999, 0.6092602999999999], [122.92540380000001, 0.6092160999999999], [122.92557749999999, 0.6091556999999999], [122.9257075, 0.6091087999999999], [122.92579469999998, 0.6090726], [122.92592349999997, 0.6090135999999999], [122.9261528, 0.6089157], [122.92636870000001, 0.6088311999999999], [122.9266182, 0.6087347000000001], [122.92683539999999, 0.6086555], [122.92704189999998, 0.6085803999999999], [122.9271828, 0.6085295], [122.92733559999999, 0.6084852], [122.92743889999998, 0.6084657999999998], [122.9274966, 0.6084537000000001], [122.92754690000001, 0.6084543999999998], [122.92759780000002, 0.6084671000000001], [122.92768229999997, 0.6084938999999999], [122.92775069999998, 0.6085119999999999], [122.92783659999999, 0.6084966], [122.9279546, 0.6084732], [122.92803769999998, 0.6084537000000001], [122.9282127, 0.6084328999999999], [122.92845950000002, 0.6084053999999999], [122.92879679999999, 0.6083739000000001], [122.9290717, 0.6083498]]}}, {"type": "Feature", "properties": {"layer": "osm_road", "stroke": "#999999"}, "geometry": {"type": "LineString", "coordinates": [[122.92926750000001, 0.6091524000000001], [122.9292172, 0.6091731999999999], [122.9291528, 0.6091892999999998], [122.92905900000001, 0.6091972999999999], [122.92895439999997, 0.6091933], [122.92884570000001, 0.609204], [122.9286727, 0.6092375], [122.92851050000002, 0.6092884999999999], [122.92825160000001, 0.6093850999999998], [122.92805579999997, 0.6094614999999998], [122.9277246, 0.6095768], [122.92740610000001, 0.6096928], [122.9266223, 0.6099597], [122.9262049, 0.6101046999999999], [122.92571289999998, 0.6102634], [122.9255962, 0.610303], [122.9254742, 0.6103439], [122.92534769999999, 0.610392], [122.92510199999998, 0.610486], [122.9245368, 0.6107186999999998], [122.9240875, 0.6109044], [122.92382050000002, 0.6110059], [122.92365229999997, 0.6110647000000001], [122.92346859999998, 0.6111338], [122.92314739999998, 0.6112545], [122.92276919999999, 0.6113925999999998], [122.92256130000001, 0.6114797], [122.9223374, 0.6115696000000002], [122.9221315, 0.6116420000000001], [122.92183850000002, 0.6117525999999999], [122.9213329, 0.6119403999999999], [122.9208286, 0.6121328], [122.92055369999997, 0.6122434999999999], [122.92028209999998, 0.6123627999999999], [122.920028, 0.6124748], [122.9198597, 0.6125539], [122.91959679999998, 0.6126899999999998], [122.9195116, 0.6127362999999998], [122.91940839999998, 0.6127965999999999], [122.9193632, 0.6128266999999998], [122.91927159999999, 0.6128877999999999], [122.91916229999998, 0.612975], [122.9190563, 0.6130627999999999], [122.91895639999997, 0.6131607], [122.9188223, 0.6133090999999999], [122.91872709999998, 0.6134391999999999], [122.918704, 0.6134741999999999], [122.9186641, 0.6135355000000001], [122.9186118, 0.6136146999999997]]}}, {"type": "Feature", "properties": {"layer": "osm_road", "stroke": "#999999"}, "geometry": {"type": "LineString", "coordinates": [[122.92207339999999, 0.6124872], [122.92197260000002, 0.6121703999999998], [122.92183850000002, 0.6117525999999999]]}}, {"type": "Feature", "properties": {"layer": "osm_road", "stroke": "#999999"}, "geometry": {"type": "LineString", "coordinates": [[122.90035999999999, 0.6082504999999998], [122.90026080000001, 0.6078972], [122.9001937, 0.6076773000000001], [122.90038150000001, 0.6075968]]}}, {"type": "Feature", "properties": {"layer": "osm_road", "stroke": "#999999"}, "geometry": {"type": "LineString", "coordinates": [[122.9043528, 0.6082764999999999], [122.9041174, 0.6075753]]}}, {"type": "Feature", "properties": {"layer": "osm_road", "stroke": "#999999"}, "geometry": {"type": "LineString", "coordinates": [[122.9141459, 0.6152279], [122.9141834, 0.6153659999999999], [122.91421189999998, 0.6154591999999998], [122.91424919999999, 0.6156100999999999], [122.91428939999999, 0.6157657], [122.914398, 0.6161546000000001], [122.91447840000001, 0.6164136], [122.9144892, 0.6164482999999998]]}}, {"type": "Feature", "properties": {"layer": "osm_road", "stroke": "#999999"}, "geometry": {"type": "LineString", "coordinates": [[122.89321929999998, 0.619597], [122.89330449999999, 0.6197277000000001], [122.89337819999999, 0.6198322999999999], [122.8934117, 0.6198652000000001], [122.89344460000001, 0.6198907], [122.8935224, 0.6199268999999997], [122.89375240000001, 0.620008]]}}, {"type": "Feature", "properties": {"layer": "osm_road", "stroke": "#999999"}, "geometry": {"type": "LineString", "coordinates": [[122.8931455, 0.6195258999999999], [122.89321929999998, 0.619597]]}}, {"type": "Feature", "properties": {"layer": "osm_road", "stroke": "#999999"}, "geometry": {"type": "LineString", "coordinates": [[122.92910519999998, 0.608679], [122.92904490000001, 0.6086991000000002], [122.9289731, 0.6087293], [122.92882230000001, 0.6087996999999999], [122.92866739999998, 0.6088506999999999], [122.92827509999998, 0.6089834], [122.9280055, 0.6090806000000001], [122.92784929999998, 0.6091403], [122.9277273, 0.6091791999999999], [122.9276703, 0.6091925999999999], [122.927622, 0.6091953], [122.9275603, 0.6092033], [122.9275154, 0.6092228], [122.9274771, 0.6092503], [122.92740069999999, 0.6092986000000001], [122.92734499999997, 0.6093313999999999], [122.92728739999998, 0.6093501999999998], [122.92724039999997, 0.6093623], [122.92716869999997, 0.6093703], [122.92711299999999, 0.6093817], [122.9270574, 0.6093944], [122.92692529999997, 0.6094374], [122.92673889999999, 0.6095138000000001], [122.92658189999999, 0.6095768], [122.9262185, 0.6097002], [122.92580679999998, 0.6098195999999999], [122.9252931, 0.6099925000000002], [122.9248747, 0.6101480999999999], [122.92428199999998, 0.6103721], [122.92387429999998, 0.6105357], [122.92359259999998, 0.6106428999999998], [122.92321039999997, 0.6107703], [122.92303339999998, 0.6108468000000001], [122.92283889999997, 0.6109352999999998], [122.9226083, 0.6110250999999998], [122.92242319999997, 0.6111096], [122.9221791, 0.6112156], [122.9220007, 0.6112719], [122.92163189999998, 0.6113590999999999], [122.92143479999999, 0.6114181], [122.9212913, 0.6114689999999999], [122.92111159999999, 0.6115508], [122.9209788, 0.6116365999999999]]}}, {"type": "Feature", "properties": {"layer": "osm_road", "stroke": "#999999"}, "geometry": {"type": "LineString", "coordinates": [[122.9202043, 0.6160788], [122.92020369999999, 0.6162497999999998], [122.9201782, 0.6162954], [122.92009099999999, 0.6163624], [122.91984289999998, 0.6165823999999999], [122.91974230000001, 0.6166414], [122.9196095, 0.6167030999999998], [122.91948349999997, 0.6167527]]}}, {"type": "Feature", "properties": {"layer": "osm_road", "stroke": "#999999"}, "geometry": {"type": "LineString", "coordinates": [[122.9196464, 0.6146858], [122.91955589999999, 0.6145353000000001], [122.91951370000001, 0.6144474], [122.9194808, 0.6143588999999999], [122.9193971, 0.6140054]]}}, {"type": "Feature", "properties": {"layer": "osm_road", "stroke": "#999999"}, "geometry": {"type": "LineString", "coordinates": [[122.9269085, 0.6283294], [122.9268686, 0.6282877]]}}, {"type": "Feature", "properties": {"layer": "osm_road", "stroke": "#999999"}, "geometry": {"type": "LineString", "coordinates": [[122.92766089999998, 0.6291161999999999], [122.92738459999998, 0.6288239], [122.9269085, 0.6283294]]}}, {"type": "Feature", "properties": {"layer": "osm_road", "stroke": "#999999"}, "geometry": {"type": "LineString", "coordinates": [[122.92247110000001, 0.6237109], [122.92240679999999, 0.6236438999999999]]}}, {"type": "Feature", "properties": {"layer": "osm_road", "stroke": "#999999"}, "geometry": {"type": "LineString", "coordinates": [[122.9268686, 0.6282877], [122.92574239999999, 0.6271168], [122.9236154, 0.6249041], [122.92247110000001, 0.6237109]]}}, {"type": "Feature", "properties": {"layer": "osm_road", "stroke": "#999999"}, "geometry": {"type": "LineString", "coordinates": [[122.9099643, 0.6403594], [122.90995629999999, 0.6402916999999999]]}}, {"type": "Feature", "properties": {"layer": "osm_road", "stroke": "#999999"}, "geometry": {"type": "LineString", "coordinates": [[122.91607780000001, 0.6385054000000001], [122.91611599999997, 0.6384825999999999], [122.9164322, 0.6383510999999997]]}}, {"type": "Feature", "properties": {"layer": "osm_road", "stroke": "#999999"}, "geometry": {"type": "LineString", "coordinates": [[122.91617830000001, 0.6392469999999999], [122.9161589, 0.6390921], [122.9161313, 0.6389231999999999], [122.9160932, 0.6386637000000001], [122.91608240000001, 0.6385322], [122.91607780000001, 0.6385054000000001]]}}, {"type": "Feature", "properties": {"layer": "osm_road", "stroke": "#999999"}, "geometry": {"type": "LineString", "coordinates": [[122.92617219999998, 0.6403426], [122.92615209999998, 0.6403742000000001], [122.9260898, 0.6404995]]}}, {"type": "Feature", "properties": {"layer": "osm_road", "stroke": "#999999"}, "geometry": {"type": "LineString", "coordinates": [[122.92715470000002, 0.6400383999999998], [122.9266289, 0.6397908]]}}, {"type": "Feature", "properties": {"layer": "osm_road", "stroke": "#999999"}, "geometry": {"type": "LineString", "coordinates": [[122.91154749999997, 0.6320424000000001], [122.91156219999998, 0.6321211000000001], [122.9115777, 0.6322092999999999], [122.91167689999997, 0.6330983999999998], [122.91176409999998, 0.6340974999999999], [122.91178419999999, 0.6345010999999999], [122.9117855, 0.6346398999999999], [122.91178890000002, 0.6347164], [122.91179359999997, 0.6348049], [122.911805, 0.6349054], [122.91182110000001, 0.6349993], [122.9118419, 0.6352205999999999], [122.9118734, 0.635525], [122.91193839999998, 0.6360366], [122.9119505, 0.6361968], [122.91198539999999, 0.6366407]]}}, {"type": "Feature", "properties": {"layer": "osm_road", "stroke": "#999999"}, "geometry": {"type": "LineString", "coordinates": [[122.9115395, 0.6319809999999998], [122.91154749999997, 0.6320424000000001]]}}, {"type": "Feature", "properties": {"layer": "osm_road", "stroke": "#999999"}, "geometry": {"type": "LineString", "coordinates": [[122.91199270000001, 0.6367077999999998], [122.91200349999998, 0.6367982999999998], [122.91205240000001, 0.6370925999999998], [122.91211950000002, 0.6377195999999999], [122.91214090000001, 0.6382023], [122.9121543, 0.6386502000000001], [122.91217180000001, 0.6389359], [122.9121932, 0.6394199999999999], [122.9122482, 0.6399657999999999]]}}, {"type": "Feature", "properties": {"layer": "osm_road", "stroke": "#999999"}, "geometry": {"type": "LineString", "coordinates": [[122.91198539999999, 0.6366407], [122.91199270000001, 0.6367077999999998]]}}, {"type": "Feature", "properties": {"layer": "osm_road", "stroke": "#999999"}, "geometry": {"type": "LineString", "coordinates": [[122.90946949999999, 0.6404310999999999], [122.90945869999997, 0.6403668]]}}, {"type": "Feature", "properties": {"layer": "osm_road", "stroke": "#999999"}, "geometry": {"type": "LineString", "coordinates": [[122.92530660000001, 0.6612974], [122.92525919999999, 0.661218], [122.92513219999996, 0.661005], [122.92481839999998, 0.6605048], [122.92461049999999, 0.6601199999999999], [122.9245555, 0.6600314], [122.92450730000002, 0.6599657], [122.92445759999997, 0.6599054], [122.92442810000001, 0.6598664999999998], [122.92421219999997, 0.6596801], [122.92409689999998, 0.6595727999999997], [122.92390240000002, 0.6594051999999999], [122.9235759, 0.6590900999999999], [122.92341829999998, 0.6589291000000002], [122.923374, 0.6588728000000001], [122.9233217, 0.6587856], [122.92318990000001, 0.6585128], [122.9231058, 0.6583470999999999], [122.92303339999998, 0.6581566999999998], [122.92296499999998, 0.657981], [122.9229395, 0.6578884999999998], [122.9229037, 0.6577188], [122.9228814, 0.6576136], [122.92282819999997, 0.6573615], [122.92278930000002, 0.6571683999999998], [122.92275180000001, 0.6569096], [122.92273300000001, 0.6567539999999998], [122.9227249, 0.6566883], [122.9227155, 0.6565998000000001], [122.92272219999998, 0.6565072999999999], [122.92274239999998, 0.6564094], [122.92279469999998, 0.6562498000000001], [122.9228778, 0.6560057], [122.92292070000002, 0.6559131999999999], [122.92297709999997, 0.6558139], [122.92305220000001, 0.6556718], [122.9236083, 0.6546707], [122.92369189999998, 0.6545145000000001], [122.92372270000001, 0.6544460999999999], [122.923755, 0.6543079], [122.92375789999997, 0.6541637], [122.92372270000001, 0.6539902], [122.9237066, 0.653907], [122.9236728, 0.6537699999999999], [122.92361809999997, 0.6535785], [122.92355909999999, 0.6534550999999998], [122.92348800000002, 0.6533450999999999], [122.9234357, 0.6532513], [122.92314400000001, 0.6528442999999999], [122.92307289999998, 0.6527403], [122.9228718, 0.6524802], [122.92279059999998, 0.6523716], [122.9227176, 0.6522722999999999], [122.92270079999999, 0.6522387999999998], [122.9226854, 0.6522046], [122.92265649999997, 0.6520590999999999], [122.92261629999997, 0.6518633], [122.92258680000002, 0.6517841999999999], [122.9225264, 0.6515991], [122.9224004, 0.6513484000000002], [122.92232800000001, 0.6511954999999999], [122.92229850000001, 0.6511525999999999], [122.9222086, 0.6510547], [122.92212810000001, 0.6509889999999999], [122.9220113, 0.6508816], [122.92144550000002, 0.6505705999999999], [122.92124450000001, 0.6504516999999999], [122.9211015, 0.6503553], [122.92109109999997, 0.6503299], [122.92109529999999, 0.6502951999999999], [122.92126909999999, 0.6498828999999999], [122.9214196, 0.6494554999999999], [122.92150929999997, 0.6492008], [122.92172129999999, 0.6485987], [122.9222833, 0.6471163], [122.9223266, 0.6470021000000001], [122.92285120000001, 0.6455559], [122.9228981, 0.6454263999999998], [122.9233208, 0.6443282000000001], [122.92348780000002, 0.6439114999999997], [122.9237881, 0.6432722999999999], [122.9239018, 0.6430302999999998], [122.92457929999998, 0.6418044], [122.92477280000001, 0.6414542000000001], [122.92494029999997, 0.6411481000000001], [122.9252931, 0.6405036], [122.92554570000001, 0.6400421999999999], [122.926018, 0.6391839999999999], [122.92655070000002, 0.6382071]]}}, {"type": "Feature", "properties": {"layer": "osm_road", "stroke": "#999999"}, "geometry": {"type": "LineString", "coordinates": [[122.9036839, 0.6096612999999999], [122.90358599999998, 0.6094131999999999], [122.90341969999999, 0.6089987999999998], [122.90329770000001, 0.6087104999999999], [122.90320650000001, 0.6085280999999998], [122.90309449999997, 0.6083505]]}}, {"type": "Feature", "properties": {"layer": "osm_road", "stroke": "#999999"}, "geometry": {"type": "LineString", "coordinates": [[122.90052429999999, 0.6092106999999999], [122.90053229999998, 0.6092637], [122.9005424, 0.6093549], [122.9005457, 0.6094353], [122.90052900000002, 0.6094822999999999], [122.90050419999999, 0.6095091], [122.9004653, 0.6095251999999999], [122.9003808, 0.6095398999999999], [122.90025199999997, 0.6095499999999999], [122.90006970000002, 0.6095594], [122.8999718, 0.6095613999999999], [122.89980950000002, 0.6095955999999999], [122.8995976, 0.6096466], [122.899444, 0.6096900999999999], [122.8993408, 0.6097150000000001]]}}, {"type": "Feature", "properties": {"layer": "osm_road", "stroke": "#999999"}, "geometry": {"type": "LineString", "coordinates": [[122.9147735, 0.6175975], [122.91423980000002, 0.6177852999999999], [122.91404529999997, 0.6178737999999999], [122.9138757, 0.617979], [122.91379449999997, 0.6180079], [122.91374219999997, 0.6180119000000001], [122.91369729999997, 0.6180025], [122.91365969999998, 0.617979], [122.91357189999997, 0.617865], [122.9135136, 0.6177973], [122.9134713, 0.6177583999999999], [122.91343909999998, 0.6177436999999999], [122.91339889999998, 0.6177397], [122.91337609999998, 0.617749], [122.91334559999997, 0.6177752], [122.9130945, 0.6180494], [122.9128209, 0.6183337000000001], [122.91262240000002, 0.6185107999999999], [122.9124112, 0.6186878], [122.91230050000001, 0.6187716], [122.91220059999999, 0.6188379999999999], [122.91185999999999, 0.6189942], [122.9116809, 0.6190806999999999], [122.91159510000001, 0.6191483999999999], [122.91156219999998, 0.6191792999999999], [122.91153540000002, 0.6192168], [122.91152739999998, 0.6192557000000001], [122.9115281, 0.6193154], [122.91154149999998, 0.6193905], [122.91160319999999, 0.6195856], [122.91166150000001, 0.6197377999999999], [122.91166750000001, 0.6197928], [122.9116514, 0.6198812999999999], [122.91162660000002, 0.6199328999999999], [122.9115656, 0.6200181], [122.91141809999999, 0.6201629000000001], [122.91131880000002, 0.6202393], [122.91113910000001, 0.6203252], [122.91039080000002, 0.6206348999999999], [122.90971490000001, 0.620871], [122.90941449999998, 0.6209715], [122.9093293, 0.6209984000000001], [122.90909259999998, 0.6210593999999999], [122.9088371, 0.6210916], [122.9087412, 0.6211096999999999], [122.90868490000001, 0.6211216999999999], [122.9085944, 0.6211692999999998], [122.90840059999998, 0.6212832999999999], [122.90820550000001, 0.6213933], [122.9080506, 0.6214751000000001], [122.9079808, 0.6215053000000001], [122.9079064, 0.6215207000000001], [122.9077844, 0.6215207000000001], [122.90754229999999, 0.6215011999999999], [122.90740949999999, 0.6214918999999998], [122.9073317, 0.6214805000000001], [122.9072432, 0.6214455999999999], [122.90693210000002, 0.6212773], [122.90682079999999, 0.6212210000000001], [122.9067671, 0.6211880999999998], [122.90672089999998, 0.6211459], [122.906625, 0.6210507], [122.90652839999998, 0.6209607999999999], [122.9064332, 0.6208944], [122.90637020000001, 0.6208649], [122.90626689999999, 0.6208374], [122.90611, 0.6208052], [122.90587399999998, 0.6207449000000002], [122.90574649999998, 0.6206979999999997], [122.90558959999998, 0.6206148], [122.9053482, 0.6204337999999999], [122.9049915, 0.6201790000000001], [122.90485609999998, 0.6200662999999998], [122.9044631, 0.6198947000000001], [122.9040353, 0.6197874], [122.9028779, 0.6196292], [122.90185999999997, 0.6195754999999998], [122.90157709999998, 0.6196210999999999], [122.9013839, 0.6196962], [122.9007965, 0.6199710999999999]]}}, {"type": "Feature", "properties": {"layer": "osm_road", "stroke": "#999999"}, "geometry": {"type": "LineString", "coordinates": [[122.89792149999998, 0.6313057], [122.8979628, 0.6318097], [122.89801240000001, 0.6325674], [122.8980754, 0.6332847999999999], [122.89809820000002, 0.6335973], [122.89814110000002, 0.6341793], [122.8982862, 0.6360957000000002], [122.8983042, 0.6369872000000001]]}}, {"type": "Feature", "properties": {"layer": "osm_road", "stroke": "#999999"}, "geometry": {"type": "LineString", "coordinates": [[122.9063809, 0.6299523999999999], [122.90643719999998, 0.6302474], [122.90658210000001, 0.630808], [122.90671349999998, 0.6314542999999999], [122.90681, 0.6319371], [122.90700579999996, 0.6326504999999998], [122.90714799999998, 0.6331976999999999], [122.9072848, 0.6336803999999999], [122.90736000000001, 0.6339571]]}}, {"type": "Feature", "properties": {"layer": "osm_road", "stroke": "#999999"}, "geometry": {"type": "LineString", "coordinates": [[122.90341369999999, 0.6261786999999999], [122.90324, 0.6255135999999998], [122.9030362, 0.6248431], [122.902945, 0.6245131999999998], [122.90290609999998, 0.6243803999999998], [122.9028565, 0.6242289000000001], [122.90261909999998, 0.6236213999999999], [122.9022503, 0.6228690999999998], [122.9020277, 0.6223648999999999], [122.90179969999998, 0.6218525999999999], [122.9014805, 0.6212249999999999], [122.90110099999997, 0.6205277], [122.9007965, 0.6199710999999999]]}}, {"type": "Feature", "properties": {"layer": "osm_road", "stroke": "#999999"}, "geometry": {"type": "LineString", "coordinates": [[122.90465759999996, 0.6259198999999999], [122.9047286, 0.6263316]]}}, {"type": "Feature", "properties": {"layer": "osm_road", "stroke": "#999999"}, "geometry": {"type": "LineString", "coordinates": [[122.9097144, 0.6403282], [122.9096358, 0.6397793999999998], [122.90963839999999, 0.6397668000000001], [122.90964650000001, 0.6397566], [122.90980469999998, 0.6397418], [122.90981660000001, 0.6397479], [122.90982349999999, 0.6397593], [122.90989460000002, 0.640301]]}}, {"type": "Feature", "properties": {"layer": "osm_road", "stroke": "#999999"}, "geometry": {"type": "LineString", "coordinates": [[122.90030700000001, 0.6194842999999999], [122.90020380000001, 0.6195808999999999], [122.90009109999998, 0.6196800999999998], [122.9000254, 0.6197418], [122.89996100000002, 0.6198156], [122.89992480000001, 0.6198652000000001], [122.899898, 0.6199147999999998], [122.89987790000002, 0.6199698000000001], [122.89986309999998, 0.6200461999999999], [122.89985779999999, 0.6200985], [122.8998443, 0.6201454999999999], [122.89981619999999, 0.6201963999999999], [122.89978189999997, 0.620232]]}}, {"type": "Feature", "properties": {"layer": "osm_road", "stroke": "#999999"}, "geometry": {"type": "LineString", "coordinates": [[122.91447840000001, 0.6164136], [122.91426929999997, 0.616518], [122.91395810000002, 0.6166628], [122.9132071, 0.6170275999999999], [122.9128423, 0.6172126], [122.91270550000002, 0.6172943999999999], [122.91257549999997, 0.6173896999999999], [122.91239039999999, 0.6175452], [122.91222539999997, 0.6176859999999998], [122.91203899999996, 0.6178188], [122.91175200000002, 0.6179931], [122.91139929999999, 0.6181741999999999], [122.91106670000002, 0.6183122999999999], [122.91084410000002, 0.6184021], [122.9106764, 0.6184786], [122.9106188, 0.6185200999999999], [122.9105879, 0.6185456], [122.9105584, 0.6185884999999999], [122.9105236, 0.6186636], [122.91049409999998, 0.6187601999999999], [122.91047930000002, 0.6188486999999999], [122.91045519999997, 0.6190539], [122.91044849999999, 0.6191342999999999], [122.9104565, 0.6192187999999998], [122.91046859999999, 0.6192845000000001], [122.9104874, 0.619365], [122.91049940000002, 0.6194279999999999], [122.9105008, 0.6194897], [122.91048330000001, 0.619546], [122.91045519999997, 0.6195955999999999], [122.9104149, 0.6196331999999999], [122.91034250000001, 0.6196854999999999], [122.9102741, 0.6197176999999999], [122.91019099999998, 0.6197471999999999], [122.90983419999999, 0.619833], [122.9095875, 0.6199160999999997], [122.90925619999999, 0.6200394999999997], [122.9089424, 0.6202070999999999], [122.90865939999999, 0.6203666999999998], [122.90844889999997, 0.6204954999999998], [122.90834959999998, 0.6205934], [122.90824099999998, 0.6206952999999998], [122.90814850000001, 0.6207649999999999], [122.90802369999997, 0.6208307000000001], [122.90791510000001, 0.6208723], [122.90779980000002, 0.6208923999999999], [122.90774610000001, 0.6208951], [122.90769249999998, 0.6208977999999999], [122.90765229999998, 0.6208923999999999], [122.90760929999999, 0.620871], [122.90756779999997, 0.6208361000000001], [122.90748729999997, 0.6207516], [122.90732100000001, 0.6205718999999998], [122.9071681, 0.6204095999999999], [122.90705139999997, 0.6202889999999998], [122.9069602, 0.6202112], [122.90686500000001, 0.6201561999999999], [122.90669069999998, 0.6201025999999998], [122.90650699999999, 0.6200716999999999], [122.90634869999998, 0.6200528999999998], [122.90618779999998, 0.6200409000000001], [122.90609930000001, 0.6200301], [122.9059665, 0.6200033], [122.90584849999999, 0.6199683999999999], [122.90563389999998, 0.6198840000000001], [122.9055186, 0.6198396999999998], [122.9054153, 0.6197874], [122.9053053, 0.6197162999999999], [122.9051913, 0.6196398999999999], [122.9051283, 0.6196037], [122.90506259999997, 0.6195635], [122.9050103, 0.6195232], [122.90493379999998, 0.6194656], [122.90465759999996, 0.6192966], [122.9044242, 0.6191530999999999], [122.90422569999998, 0.6190539], [122.90399909999998, 0.6189493], [122.90389179999998, 0.6189077000000001], [122.9037416, 0.6188567], [122.90351900000002, 0.6188058], [122.90342780000002, 0.618783], [122.9033218, 0.6187480999999999], [122.90323470000001, 0.61872], [122.90314610000001, 0.6186851], [122.903059, 0.6186650000000001], [122.90292749999998, 0.6186516], [122.90277329999998, 0.6186395], [122.90263250000001, 0.6186475], [122.9021604, 0.6186904000000001], [122.90183860000002, 0.6187213], [122.90152069999998, 0.6187681999999998], [122.9012163, 0.6188313], [122.90085819999999, 0.6189104]]}}, {"type": "Feature", "properties": {"layer": "osm_road", "stroke": "#999999"}, "geometry": {"type": "LineString", "coordinates": [[122.91555540000002, 0.6158502], [122.91536490000001, 0.6159721999999999], [122.9152362, 0.6160433], [122.91516509999998, 0.6160781], [122.9150847, 0.6161076], [122.9149961, 0.6161479], [122.9149331, 0.6161773999999999], [122.91485670000002, 0.6162243], [122.91480570000002, 0.6162699000000001], [122.91476679999997, 0.6163047999999998], [122.9147279, 0.6163329], [122.9146823, 0.6163557000000001], [122.91462600000001, 0.6163745], [122.914567, 0.6163919], [122.91447840000001, 0.6164136]]}}, {"type": "Feature", "properties": {"layer": "osm_road", "stroke": "#999999"}, "geometry": {"type": "LineString", "coordinates": [[122.9145664, 0.6167354], [122.91463539999997, 0.6167205], [122.9147708, 0.6166802999999998], [122.91491429999999, 0.6166293], [122.9150458, 0.6165757000000001], [122.91516780000002, 0.616518], [122.91523289999999, 0.6164905000000002]]}}, {"type": "Feature", "properties": {"layer": "osm_road", "stroke": "#999999"}, "geometry": {"type": "LineString", "coordinates": [[122.9052684, 0.622045], [122.9060161, 0.6218633], [122.9067403, 0.6216917]]}}, {"type": "Feature", "properties": {"layer": "osm_road", "stroke": "#999999"}, "geometry": {"type": "LineString", "coordinates": [[122.90325750000001, 0.6272328000000001], [122.9032709, 0.627269], [122.90345859999998, 0.6277677999999999], [122.90360749999999, 0.6281593999999999]]}}, {"type": "Feature", "properties": {"layer": "osm_road", "stroke": "#999999"}, "geometry": {"type": "LineString", "coordinates": [[122.9032414, 0.6271885000000001], [122.90325750000001, 0.6272328000000001]]}}, {"type": "Feature", "properties": {"layer": "osm_road", "stroke": "#999999"}, "geometry": {"type": "LineString", "coordinates": [[122.9029564, 0.6262752000000001], [122.90309520000001, 0.6267353000000001], [122.90322660000001, 0.6271442999999999], [122.9032414, 0.6271885000000001]]}}, {"type": "Feature", "properties": {"layer": "osm_road", "stroke": "#999999"}, "geometry": {"type": "LineString", "coordinates": [[122.90201099999997, 0.6264733000000001], [122.90203569999998, 0.6269832999999999]]}}, {"type": "Feature", "properties": {"layer": "osm_road", "stroke": "#999999"}, "geometry": {"type": "LineString", "coordinates": [[122.90016490000001, 0.6268481999999999], [122.90005220000002, 0.6263946]]}}, {"type": "Feature", "properties": {"layer": "osm_road", "stroke": "#999999"}, "geometry": {"type": "LineString", "coordinates": [[122.9056185, 0.623767], [122.90619309999997, 0.6236093]]}}, {"type": "Feature", "properties": {"layer": "osm_road", "stroke": "#999999"}, "geometry": {"type": "LineString", "coordinates": [[122.90898920000001, 0.6250159], [122.90878150000002, 0.6241994000000001], [122.90859640000001, 0.6235463]]}}, {"type": "Feature", "properties": {"layer": "osm_road", "stroke": "#999999"}, "geometry": {"type": "LineString", "coordinates": [[122.9151926, 0.6227132], [122.91488619999998, 0.6220953]]}}, {"type": "Feature", "properties": {"layer": "osm_road", "stroke": "#999999"}, "geometry": {"type": "LineString", "coordinates": [[122.92721629999998, 0.6336870999999998], [122.92685819999997, 0.6335355999999999]]}}, {"type": "Feature", "properties": {"layer": "osm_road", "stroke": "#999999"}, "geometry": {"type": "LineString", "coordinates": [[122.8981833, 0.6406221000000001], [122.89779919999998, 0.6406457000000001]]}}, {"type": "Feature", "properties": {"layer": "osm_road", "stroke": "#999999"}, "geometry": {"type": "LineString", "coordinates": [[122.91614999999997, 0.6056133], [122.9159805, 0.6056932], [122.9157002, 0.6058259999999999], [122.91547860000001, 0.6059245999999999], [122.9154293, 0.6059507], [122.9153971, 0.6059775], [122.91538909999997, 0.606003], [122.9153958, 0.6060351999999999], [122.9154092, 0.60607], [122.9154401, 0.6061183], [122.91546150000002, 0.6061585], [122.91548429999999, 0.6061961000000001], [122.91549639999998, 0.6062336], [122.9155031, 0.6062712], [122.9154977, 0.6063007], [122.91547889999998, 0.6063289], [122.91545610000001, 0.6063476], [122.915432, 0.6063704], [122.9154065, 0.6063959], [122.91539040000002, 0.6064213999999999], [122.9153797, 0.6064588999999999], [122.915369, 0.6065085999999998], [122.9152684, 0.6070275], [122.91521469999998, 0.6073091000000002]]}}, {"type": "Feature", "properties": {"layer": "osm_road", "stroke": "#999999"}, "geometry": {"type": "LineString", "coordinates": [[122.9157512, 0.6217090999999999], [122.91604229999997, 0.6221324999999998]]}}, {"type": "Feature", "properties": {"layer": "osm_road", "stroke": "#999999"}, "geometry": {"type": "LineString", "coordinates": [[122.91591750000002, 0.6215776999999999], [122.9157512, 0.6217090999999999]]}}, {"type": "Feature", "properties": {"layer": "osm_road", "stroke": "#999999"}, "geometry": {"type": "LineString", "coordinates": [[122.91023789999997, 0.6233827], [122.91030230000001, 0.6236200999999999], [122.91027009999999, 0.6237381], [122.9102138, 0.6237970999999999], [122.9102164, 0.6238707999999998], [122.91042429999997, 0.6244207], [122.91041120000001, 0.6245149], [122.91040650000001, 0.6245764000000001], [122.91042630000001, 0.6247150000000001]]}}, {"type": "Feature", "properties": {"layer": "osm_road", "stroke": "#999999"}, "geometry": {"type": "LineString", "coordinates": [[122.90981739999997, 0.6240557], [122.91006829999999, 0.6247946000000001]]}}, {"type": "Feature", "properties": {"layer": "osm_road", "stroke": "#999999"}, "geometry": {"type": "LineString", "coordinates": [[122.91182039999998, 0.6237810000000001], [122.91220399999997, 0.623663], [122.91239289999999, 0.624259]]}}, {"type": "Feature", "properties": {"layer": "osm_road", "stroke": "#999999"}, "geometry": {"type": "LineString", "coordinates": [[122.91071, 0.6237783], [122.91098490000002, 0.6245895999999999]]}}, {"type": "Feature", "properties": {"layer": "osm_road", "stroke": "#999999"}, "geometry": {"type": "LineString", "coordinates": [[122.9193632, 0.6128266999999998], [122.9196846, 0.6130903], [122.92001989999999, 0.6129105999999999], [122.92012180000002, 0.613203], [122.92025329999998, 0.6133611999999999], [122.9203713, 0.6133773], [122.92042489999999, 0.6134739000000001], [122.92040350000002, 0.6136937999999998], [122.92036319999997, 0.6138278999999998], [122.92047319999999, 0.6141228999999999], [122.92066629999997, 0.6142408999999999], [122.9206687, 0.6144368]]}}, {"type": "Feature", "properties": {"layer": "cable_truth", "stroke": "#1a9850"}, "geometry": {"type": "LineString", "coordinates": [[122.90595199999966, 0.6255703000000286], [122.9058431088917, 0.6253332173141144], [122.90577873587574, 0.6249681233450087], [122.90571805089674, 0.624564139630591], [122.90565434843269, 0.6241933462521022], [122.90562703077075, 0.6240215331456024], [122.90556645917567, 0.6237194579705059], [122.90548094479672, 0.6232929911803315], [122.90542468428563, 0.6230940409556329], [122.9053502529857, 0.6226679301797309]]}}, {"type": "Feature", "properties": {"layer": "cable_truth", "stroke": "#1a9850"}, "geometry": {"type": "LineString", "coordinates": [[122.91933462023671, 0.6196529691596006], [122.91932892651373, 0.6197483677469304], [122.91954148560762, 0.6200700282533871], [122.9197296984057, 0.6203469392346329], [122.92002696543877, 0.6208022283835473], [122.92001943462073, 0.6208071448225927], [122.91972221316168, 0.6203519254730602], [122.91953401431296, 0.6200750350141966], [122.91932142294192, 0.6197533256631341], [122.91897621005765, 0.6200137051622454], [122.9186764618017, 0.6202239099545924], [122.91846716130863, 0.6203788945764916], [122.91829545945566, 0.6205042327958772], [122.91801664793067, 0.620707473886796], [122.91774383785275, 0.6209063401836291]]}}, {"type": "Feature", "properties": {"layer": "cable_truth", "stroke": "#1a9850"}, "geometry": {"type": "LineString", "coordinates": [[122.90595199999966, 0.6255703000000286], [122.90595757073329, 0.6256596299103594], [122.90599306961639, 0.626111154526799], [122.90601469999979, 0.6264118000000302], [122.90607349999966, 0.6268188000000104], [122.90606459864958, 0.6268200858397787], [122.90600579865014, 0.6264130858397964], [122.90598560926985, 0.6261156756063199], [122.90594947921623, 0.625668324542966], [122.90588688715872, 0.6256626566824417], [122.90543172508465, 0.6257707265825214], [122.90500793605975, 0.6258780085431299], [122.90464516729067, 0.6259504238653255], [122.90441215038271, 0.6259930013922681], [122.90419958531865, 0.6260312205893537], [122.90381703525769, 0.6261153698732135], [122.90359742939472, 0.6261505717644797], [122.90325109367565, 0.6262016896182229], [122.90294848638975, 0.6262621270549182], [122.90238630784674, 0.6262990415902436], [122.90199002344363, 0.6264639988768935], [122.9015505686397, 0.6265345558085802], [122.90113013237675, 0.6266284275105884], [122.90111655538269, 0.6270082487083374], [122.90110756736787, 0.6270079274634236], [122.90112114436242, 0.6266281062656848], [122.9007774218917, 0.6267028543588219], [122.90051523595974, 0.6267541485373962], [122.90026234804877, 0.6268006336306658], [122.89998549967964, 0.6268610952218457], [122.89971023797968, 0.6269214413124138], [122.89948640993767, 0.6269586418561749], [122.89922891787268, 0.6270116123125138], [122.89891007027576, 0.6270820160827163], [122.89839575669768, 0.6271906390406867], [122.89797163239666, 0.6272804876584774], [122.89764441833272, 0.6273472933549121], [122.89766518362369, 0.6278786460521403], [122.89769422071173, 0.6283121947856608], [122.89773705144766, 0.6291117231301324], [122.89774402756467, 0.6295379267515252], [122.89777836245467, 0.63008668272425], [122.89780684050567, 0.6306794857779385]]}}, {"type": "Feature", "properties": {"layer": "cable_truth", "stroke": "#1a9850"}, "geometry": {"type": "LineString", "coordinates": [[122.90595199999966, 0.6255703000000286], [122.90631779999968, 0.6254918000000067], [122.90680439999963, 0.6253918000000138], [122.90716989999969, 0.6253187000000464], [122.90766919999967, 0.6252180000000059], [122.90814709999968, 0.6251127000000166], [122.9085264999997, 0.6250377000000464], [122.90898959999969, 0.6249396000000526], [122.90940319999973, 0.6248505000000018], [122.90981339999968, 0.6247574000000365], [122.9102619999997, 0.6246677000000436], [122.91067899999969, 0.6245751000000065], [122.91095138488974, 0.6245064119585614], [122.91112199999966, 0.6244712000000342], [122.9114933999996, 0.6243795000000267], [122.91202159999969, 0.6242639000000172], [122.91244799999964, 0.6241633000000051], [122.91285589999971, 0.6240710000000008], [122.91324659999968, 0.6239665000000343], [122.91364309999982, 0.6237328000000145], [122.91401019999968, 0.6234693000000451], [122.91436169999973, 0.6232167000000225], [122.91472479999965, 0.6229740000000445], [122.91504809999974, 0.622748900000032], [122.91515814681479, 0.6226831310603468], [122.9153354999997, 0.6225384000000299], [122.91561379999972, 0.6223473000000309], [122.91589319999973, 0.6221555000000061], [122.91624269999971, 0.6219034000000172], [122.91650569999969, 0.6216962000000246], [122.91684559999972, 0.6214500000000307], [122.91665599999966, 0.6211072000000459], [122.91643759999965, 0.6207624000000305], [122.91620669999968, 0.6203954000000229], [122.91613249319867, 0.6201800399856829], [122.91601919999964, 0.6200941000000028], [122.91582539999973, 0.6197825000000398], [122.9157743230457, 0.6197149916153548], [122.91562139999971, 0.6194288000000354], [122.91542269999971, 0.6190796000000347], [122.91523939999975, 0.6187427000000544], [122.91501259999967, 0.6183110000000208], [122.9148361999997, 0.6178672000000598], [122.91473932564267, 0.6175529219059772], [122.91439767926866, 0.6176866893085099], [122.9143944000973, 0.6176783151685755], [122.91473604647135, 0.6175445477660382], [122.91463239999969, 0.6171518000000047]]}}, {"type": "Feature", "properties": {"layer": "cable_truth", "stroke": "#1a9850"}, "geometry": {"type": "LineString", "coordinates": [[122.91933462023671, 0.6196529691596006], [122.9196361022627, 0.6195646641863998], [122.91991236979067, 0.6194070936172851], [122.92027715021675, 0.6191972230222478], [122.92056079382071, 0.6190275832060722], [122.92082331502772, 0.6188753767260868], [122.92103655064474, 0.6187590426954909], [122.92123203236471, 0.6185654700574869], [122.92098369919472, 0.6181200643770336], [122.9208833117187, 0.617870074689443]]}}, {"type": "Feature", "properties": {"layer": "cable_truth", "stroke": "#1a9850"}, "geometry": {"type": "LineString", "coordinates": [[122.91933462023671, 0.6196529691596006], [122.91922766715265, 0.6194756184578567], [122.91905533522369, 0.6191510901262187], [122.91894167661675, 0.6189214393836633], [122.91875291615675, 0.6185892001166517], [122.9185118526217, 0.6181949383560116], [122.9182587191457, 0.6177627925660941], [122.9180052503937, 0.6173655134341457], [122.91779000312069, 0.616904870757918], [122.91765119880367, 0.6165940877944542], [122.91747283190467, 0.616170993806402], [122.91729647666168, 0.6157438767035645], [122.91714761406168, 0.6155038328536977], [122.91707790017375, 0.6152570838570465], [122.91685391217473, 0.6153988974801216], [122.91684910096058, 0.6153912992682125], [122.91707308895973, 0.6152494856451199], [122.91742937363365, 0.6150021913495834], [122.91767237970272, 0.6148004429609493]]}}, {"type": "Feature", "properties": {"layer": "cable_recovered", "stroke": "#d73027"}, "geometry": {"type": "LineString", "coordinates": [[122.9059980157642, 0.6255982216788221], [122.90588948828888, 0.6253609723365022], [122.90582567512517, 0.6249957801108847], [122.90576560962138, 0.6245917038398234], [122.90570247574733, 0.6242208132395157], [122.90567542154811, 0.6240489584562897], [122.9056153131778, 0.6237467907780364], [122.90553045277501, 0.6233201933928004], [122.90547449736837, 0.6231211571523282], [122.90540071948566, 0.6226949327719125]]}}, {"type": "Feature", "properties": {"layer": "cable_recovered", "stroke": "#d73027"}, "geometry": {"type": "LineString", "coordinates": [[122.91938969295609, 0.6197014141694267], [122.91938385297102, 0.6197968039149521], [122.91959591863291, 0.6201187899060143], [122.9197837066392, 0.620395989100532], [122.92008027525604, 0.6208517334379096], [122.92007273690876, 0.6208566383259456], [122.91977621375891, 0.6204009638577342], [122.91958843967045, 0.6201237852069597], [122.91937634180637, 0.6198017503218662], [122.91903073010401, 0.6200616002809279], [122.91873065990627, 0.6202713452926404], [122.91852112203082, 0.6204260088610597], [122.91834922820625, 0.6205510837030093], [122.91807010539186, 0.620753897118857], [122.9177969907251, 0.6209523449464007]]}}, {"type": "Feature", "properties": {"layer": "cable_recovered", "stroke": "#d73027"}, "geometry": {"type": "LineString", "coordinates": [[122.9059980157642, 0.6255982216788221], [122.90600344952712, 0.6256875600239434], [122.90603825607285, 0.6261391385291266], [122.90605942546908, 0.6264398168080216], [122.90611760137107, 0.6268469064712305], [122.90610869805994, 0.626848178663205], [122.90605052215845, 0.626441088999994], [122.90603078880315, 0.626143648166173], [122.90599534468859, 0.6256962422415269], [122.9059327613948, 0.6256904784304919], [122.90547743415863, 0.6257978504135215], [122.90505348114279, 0.6259044825547144], [122.90469060176996, 0.6259763416462057], [122.90445751985429, 0.6260185618946792], [122.90424489644087, 0.6260564551722885], [122.90386221780845, 0.6261400178857827], [122.90364255823062, 0.6261748830672006], [122.90329614454264, 0.6262254699082273], [122.90299344494727, 0.6262854433594022], [122.90243121046615, 0.6263214959994382], [122.90203467360963, 0.6264858455649592], [122.90159511114146, 0.6265557287042027], [122.90117453144474, 0.6266489557427983], [122.90116037210947, 0.6270287556783621], [122.90115138459777, 0.6270284206546903], [122.90116554393354, 0.6266486207191364], [122.90082170726, 0.6267228417780379], [122.90055944298986, 0.6267737339501931], [122.90030648410327, 0.6268198312971153], [122.90002954335739, 0.6268798683927348], [122.89975418945585, 0.6269397924203421], [122.89953030463954, 0.6269766497791525], [122.89927273166072, 0.6270292254230996], [122.89895377649263, 0.6270991402988593], [122.89843929697389, 0.6272069746569241], [122.89801503541182, 0.6272961729622378], [122.89768771930324, 0.6273624769422516], [122.8977076698783, 0.6278938608478175], [122.89773604219764, 0.6283274535860314], [122.89777764701368, 0.6291270466504261], [122.8977839696496, 0.6295532604644394], [122.89781746312396, 0.6301020684279165], [122.89784503223133, 0.6306949144415865]]}}, {"type": "Feature", "properties": {"layer": "cable_recovered", "stroke": "#d73027"}, "geometry": {"type": "LineString", "coordinates": [[122.9059980157642, 0.6255982216788221], [122.90636393569365, 0.6255202825638067], [122.90685068844572, 0.6254210286675393], [122.90721630009604, 0.6253484890863225], [122.90771575390646, 0.6252485546607112], [122.90819381479497, 0.6251439874331874], [122.90857332934208, 0.6250695691637674], [122.90903657920862, 0.6249721792385339], [122.90945031533424, 0.6248837134162945], [122.90986065759672, 0.6247912423864931], [122.91030939460107, 0.6247022302220744], [122.91072653608899, 0.6246102696164461], [122.91099902597414, 0.624541999237887], [122.91116969487192, 0.6245070488837577], [122.91154123503345, 0.6244159183697181], [122.91206961165524, 0.6243011282673806], [122.91249616539797, 0.6242011820820744], [122.91290420643662, 0.6241095075254192], [122.91329506620094, 0.6240056066146608], [122.91369192405317, 0.6237725147484281], [122.91405942763016, 0.6235095778456504], [122.91441131451334, 0.6232575170142773], [122.91477478620371, 0.6230153739547587], [122.91509843095596, 0.6227907698587231], [122.91520857848118, 0.6227251697050102], [122.91538615336499, 0.6225807107086778], [122.91566474603994, 0.6223900375848841], [122.91594443978677, 0.622198666148287], [122.91629432590555, 0.6219471022505073], [122.91655764328355, 0.6217403056900841], [122.91689792036748, 0.621494627068045], [122.91670884618449, 0.6211515368059498], [122.91649097510187, 0.6208064023940646], [122.91626063807179, 0.6204390488451826], [122.91618676155623, 0.6202235753223397], [122.91607360025682, 0.6201374617532356], [122.91588027824173, 0.6198255650152302], [122.91582930485419, 0.6197579784064562], [122.91567682078785, 0.619471552689764], [122.91547865642814, 0.6191220484841468], [122.9152958731915, 0.6187848678730657], [122.91506973535677, 0.6183528206859786], [122.91489401601505, 0.6179087507794156], [122.9147976236349, 0.6175943245429981], [122.91445577256522, 0.6177275680230636], [122.91445250623724, 0.6177191888658707], [122.91479435730699, 0.6175859453858014], [122.91469131313278, 0.6171930391881896]]}}, {"type": "Feature", "properties": {"layer": "cable_recovered", "stroke": "#d73027"}, "geometry": {"type": "LineString", "coordinates": [[122.91938969295609, 0.6197014141694267], [122.91969131002031, 0.6196135714905293], [122.91996781881681, 0.619456424642472], [122.92033292059575, 0.6192471135259727], [122.92061682396461, 0.6190779087531716], [122.92087957823185, 0.6189261049140486], [122.921092991966, 0.6188100979241067], [122.92128877024915, 0.6186168252005194], [122.92104112028387, 0.6181710393383602], [122.92094111621947, 0.6179208960470086]]}}, {"type": "Feature", "properties": {"layer": "cable_recovered", "stroke": "#d73027"}, "geometry": {"type": "LineString", "coordinates": [[122.91938969295609, 0.6197014141694267], [122.91928301191858, 0.619523899712356], [122.91911117777136, 0.6191991075700598], [122.9189978714073, 0.6189692828541221], [122.91880962057098, 0.6186367545996162], [122.91856916181632, 0.6182421237411715], [122.91831669122007, 0.6178095903943135], [122.91806383188933, 0.6174119231500784], [122.91784929114388, 0.6169509510323303], [122.91771096349407, 0.6166399556414948], [122.91753324550821, 0.6162165887071948], [122.91735754534426, 0.6157892017468152], [122.9172090509634, 0.6155489299657927], [122.91713971548205, 0.6153020743856397], [122.91691551031239, 0.6154435444537767], [122.91691071075378, 0.6154359388749807], [122.91713491592357, 0.6152944688068265], [122.91749157933953, 0.6150477210098844], [122.91773489445107, 0.6148463454030394]]}}, {"type": "Feature", "properties": {"layer": "cable_local_at_anchor", "stroke": "#4575b4"}, "geometry": {"type": "LineString", "coordinates": [[122.9056141235545, 0.6305381192748182], [122.90537581857531, 0.630431904668712], [122.90508644838394, 0.6302001467075953], [122.90477417569673, 0.6299367415202529], [122.90448154680546, 0.6297002597321811], [122.90434760499208, 0.6295892299937523], [122.90410269191077, 0.629402300826846], [122.90375692603415, 0.6291383960543785], [122.90358332873565, 0.6290260858711164], [122.90324612322064, 0.6287551329831406]]}}, {"type": "Feature", "properties": {"layer": "cable_local_at_anchor", "stroke": "#4575b4"}, "geometry": {"type": "LineString", "coordinates": [[122.91176048950342, 0.6172597631699505], [122.9118191893627, 0.617335182264944], [122.91219120031074, 0.6174365016856067], [122.91251538185139, 0.6175202766695608], [122.91303923731898, 0.6176660614318866], [122.91303682593312, 0.6176747253758555], [122.9125130507769, 0.6175289629629381], [122.91218889326218, 0.6174451941872964], [122.91181682582373, 0.6173438593808867], [122.91172939933742, 0.6177673131939996], [122.9116430021031, 0.6181230673832969], [122.9115880934888, 0.6183776400500962], [122.91154185704725, 0.6185851255017067], [122.91146658987985, 0.6189218290582914], [122.91139294284545, 0.6192512850144258]]}}, {"type": "Feature", "properties": {"layer": "cable_local_at_anchor", "stroke": "#4575b4"}, "geometry": {"type": "LineString", "coordinates": [[122.9056141235545, 0.6305381192748182], [122.90567727883092, 0.630601544358249], [122.90600201635533, 0.6309172854500472], [122.90621673413857, 0.631128844467777], [122.90652958216097, 0.6313957596610752], [122.90652374454994, 0.6314026010226835], [122.90621089652785, 0.6311356858293397], [122.90599939691437, 0.6309256058770474], [122.9056769404218, 0.6306134164559624], [122.90562618136217, 0.6306504737849435], [122.9053556178066, 0.6310320897132332], [122.90510810067866, 0.6313924054679793], [122.9048834032691, 0.6316862529918237], [122.90473647465376, 0.6318720424596743], [122.90460203177722, 0.6320410585100754], [122.90437022131779, 0.6323567771679826], [122.90422849772582, 0.6325281740759012], [122.90400208495986, 0.6327951765925828], [122.90381467207963, 0.6330403160803575], [122.90341674780963, 0.6334391197996545], [122.90322796549567, 0.6338246046239525], [122.90294443682207, 0.6341676738294146], [122.9026905854912, 0.6345157029307984], [122.902931123942, 0.6348099755461234], [122.90292416032163, 0.6348156669111608], [122.90268362187125, 0.6345213942958533], [122.90247477149677, 0.6348044221641662], [122.90231168616377, 0.6350160126806166], [122.90215241055712, 0.6352178534417668], [122.90198436302408, 0.6354460084036706], [122.90181743110699, 0.6356730292904688], [122.9016738553334, 0.6358487143360165], [122.90151540249386, 0.6360584657264801], [122.90132236956725, 0.6363218111515451], [122.90100773812978, 0.6367428859556951], [122.90074846063314, 0.6370903272109221], [122.90054676779548, 0.6373564922265194], [122.90091313607272, 0.6377419227076798], [122.90122115310366, 0.6380484257418646], [122.9017811313316, 0.6386207374996836], [122.90206772798662, 0.6389362847860225], [122.90245577821942, 0.6393258313485044], [122.90286850648032, 0.639752330726421]]}}, {"type": "Feature", "properties": {"layer": "cable_local_at_anchor", "stroke": "#4575b4"}, "geometry": {"type": "LineString", "coordinates": [[122.9056141235545, 0.6305381192748182], [122.90583708117622, 0.6302377002382812], [122.90613658735367, 0.6298413950418896], [122.90636288440814, 0.6295452303166641], [122.9066714683806, 0.6291400164132936], [122.90696094059025, 0.6287454724976915], [122.90719642467353, 0.6284387055693833], [122.90747953257174, 0.6280593390208522], [122.90773139872263, 0.6277194062657206], [122.90797807030752, 0.6273787130247663], [122.90825583142082, 0.6270152272104302], [122.90850794105515, 0.6266704210623683], [122.9086672051128, 0.6264390324437819], [122.90877212154608, 0.6262999649222222], [122.90899057183428, 0.6259859338057849], [122.90931102855419, 0.625550451252575], [122.90956491805886, 0.6251934310089056], [122.90981039007028, 0.6248548567036188], [122.91003488814455, 0.6245184712134015], [122.9101784523189, 0.6240812058005661], [122.91028025970743, 0.6236409613674128], [122.91037754438652, 0.6232192017293022], [122.91049007810993, 0.6227972219043446], [122.91058433370968, 0.6224147333500438], [122.9106235808694, 0.6222926912715429], [122.91066126032419, 0.6220669082947292], [122.91074415807681, 0.621739662584032], [122.91082742002285, 0.6214111649637292], [122.91092353247019, 0.6209911009148825], [122.910984308968, 0.6206618602944306], [122.91107710502352, 0.6202525647657438], [122.91070838514756, 0.6201202113811257], [122.91031671122145, 0.6200053655934418], [122.90990099244618, 0.6198820946203879], [122.90970308162596, 0.6197693034872528], [122.9095612460665, 0.6197795288092549], [122.9092099678239, 0.6196733843514715], [122.90912703493392, 0.6196563881032524], [122.90882323555927, 0.6195423482158642], [122.90844345517476, 0.6194111940165842], [122.90808336263908, 0.619279114222513], [122.9076280124423, 0.6191045361909641], [122.90720253363419, 0.618887601607888], [122.9069222954548, 0.6187154680868631], [122.90675396574564, 0.619041460036861], [122.90674597438313, 0.619037334085682], [122.90691430409248, 0.6187113421355411], [122.90657717761911, 0.6184847344067959]]}}, {"type": "Feature", "properties": {"layer": "cable_local_at_anchor", "stroke": "#4575b4"}, "geometry": {"type": "LineString", "coordinates": [[122.91176048950342, 0.6172597631699505], [122.91192866057541, 0.616994432404922], [122.91203216592112, 0.6166937144389638], [122.9121676341912, 0.616295285599772], [122.91226871280855, 0.6159806327995188], [122.91236543337472, 0.6156930176485689], [122.9124488129371, 0.6154648807287643], [122.91246786764484, 0.6151904429966957], [122.91198729460301, 0.615019782849722], [122.91174685706147, 0.6148982598163564]]}}, {"type": "Feature", "properties": {"layer": "cable_local_at_anchor", "stroke": "#4575b4"}, "geometry": {"type": "LineString", "coordinates": [[122.91176048950342, 0.6172597631699505], [122.9115630722147, 0.6171971383291447], [122.91121938566368, 0.6170671120595922], [122.91098240581344, 0.6169696269444227], [122.91062128829087, 0.6168446523856317], [122.91017993835453, 0.6167076117721622], [122.90970451291132, 0.6165500806938252], [122.90925185265476, 0.616418961830996], [122.9087860742946, 0.6162150172569846], [122.90847664679718, 0.616073185742519], [122.90806335954831, 0.6158731032228622], [122.9076489275887, 0.615668670837808], [122.90737864260963, 0.6155866158015082], [122.90716338563533, 0.6154472805517448], [122.90708874931859, 0.6157016542882224], [122.90708011935362, 0.6156991224448012], [122.90715475567059, 0.6154447487082751], [122.90725913725225, 0.6150238160046935], [122.90730849387778, 0.6147118676659153]]}}, {"type": "Feature", "properties": {"layer": "osm_super_junction", "degree": 5}, "geometry": {"type": "Point", "coordinates": [122.9175583, 0.6388835666668694]}}, {"type": "Feature", "properties": {"layer": "osm_super_junction", "degree": 6}, "geometry": {"type": "Point", "coordinates": [122.92657726666665, 0.638142816666849]}}, {"type": "Feature", "properties": {"layer": "osm_super_junction", "degree": 3}, "geometry": {"type": "Point", "coordinates": [122.9228981, 0.6454263999999998]}}, {"type": "Feature", "properties": {"layer": "osm_super_junction", "degree": 3}, "geometry": {"type": "Point", "coordinates": [122.89016830000001, 0.6142007]}}, {"type": "Feature", "properties": {"layer": "osm_super_junction", "degree": 3}, "geometry": {"type": "Point", "coordinates": [122.8981833, 0.6406221000000001]}}, {"type": "Feature", "properties": {"layer": "osm_super_junction", "degree": 3}, "geometry": {"type": "Point", "coordinates": [122.89223159999997, 0.6387435]}}, {"type": "Feature", "properties": {"layer": "osm_super_junction", "degree": 6}, "geometry": {"type": "Point", "coordinates": [122.92083964999998, 0.6380454000002659]}}, {"type": "Feature", "properties": {"layer": "osm_super_junction", "degree": 5}, "geometry": {"type": "Point", "coordinates": [122.91687764999999, 0.6390905500001697]}}, {"type": "Feature", "properties": {"layer": "osm_super_junction", "degree": 6}, "geometry": {"type": "Point", "coordinates": [122.91225424999999, 0.6400050000001497]}}, {"type": "Feature", "properties": {"layer": "osm_super_junction", "degree": 3}, "geometry": {"type": "Point", "coordinates": [122.9165187, 0.6391564000000001]}}, {"type": "Feature", "properties": {"layer": "osm_super_junction", "degree": 4}, "geometry": {"type": "Point", "coordinates": [122.91515439999998, 0.6394837000001528]}}, {"type": "Feature", "properties": {"layer": "osm_super_junction", "degree": 5}, "geometry": {"type": "Point", "coordinates": [122.9156705, 0.6393811000001877]}}, {"type": "Feature", "properties": {"layer": "osm_super_junction", "degree": 3}, "geometry": {"type": "Point", "coordinates": [122.92099809999999, 0.6358585]}}, {"type": "Feature", "properties": {"layer": "osm_super_junction", "degree": 3}, "geometry": {"type": "Point", "coordinates": [122.9252931, 0.6405036]}}, {"type": "Feature", "properties": {"layer": "osm_super_junction", "degree": 3}, "geometry": {"type": "Point", "coordinates": [122.91556209999999, 0.6402795999999998]}}, {"type": "Feature", "properties": {"layer": "osm_super_junction", "degree": 3}, "geometry": {"type": "Point", "coordinates": [122.9204562, 0.6409794000000001]}}, {"type": "Feature", "properties": {"layer": "osm_super_junction", "degree": 3}, "geometry": {"type": "Point", "coordinates": [122.9242309, 0.6364338]}}, {"type": "Feature", "properties": {"layer": "osm_super_junction", "degree": 3}, "geometry": {"type": "Point", "coordinates": [122.9237951, 0.6310198]}}, {"type": "Feature", "properties": {"layer": "osm_super_junction", "degree": 3}, "geometry": {"type": "Point", "coordinates": [122.91617110000001, 0.6310581]}}, {"type": "Feature", "properties": {"layer": "osm_super_junction", "degree": 3}, "geometry": {"type": "Point", "coordinates": [122.9239788, 0.6370486]}}, {"type": "Feature", "properties": {"layer": "osm_super_junction", "degree": 3}, "geometry": {"type": "Point", "coordinates": [122.92218920000002, 0.6376968]}}, {"type": "Feature", "properties": {"layer": "osm_super_junction", "degree": 3}, "geometry": {"type": "Point", "coordinates": [122.9238511, 0.63736]}}, {"type": "Feature", "properties": {"layer": "osm_super_junction", "degree": 3}, "geometry": {"type": "Point", "coordinates": [122.92791770000001, 0.6322090999999999]}}, {"type": "Feature", "properties": {"layer": "osm_super_junction", "degree": 3}, "geometry": {"type": "Point", "coordinates": [122.9257773, 0.6380259999999999]}}, {"type": "Feature", "properties": {"layer": "osm_super_junction", "degree": 3}, "geometry": {"type": "Point", "coordinates": [122.92841699999998, 0.6385661]}}, {"type": "Feature", "properties": {"layer": "osm_super_junction", "degree": 6}, "geometry": {"type": "Point", "coordinates": [122.919783, 0.6383302500000889]}}, {"type": "Feature", "properties": {"layer": "osm_super_junction", "degree": 7}, "geometry": {"type": "Point", "coordinates": [122.9216487, 0.6378668666667311]}}, {"type": "Feature", "properties": {"layer": "osm_super_junction", "degree": 3}, "geometry": {"type": "Point", "coordinates": [122.9214831, 0.6371154000000001]}}, {"type": "Feature", "properties": {"layer": "osm_super_junction", "degree": 4}, "geometry": {"type": "Point", "coordinates": [122.92089890000001, 0.6371963]}}, {"type": "Feature", "properties": {"layer": "osm_super_junction", "degree": 5}, "geometry": {"type": "Point", "coordinates": [122.92820135, 0.6352212000000191]}}, {"type": "Feature", "properties": {"layer": "osm_super_junction", "degree": 4}, "geometry": {"type": "Point", "coordinates": [122.92304949999999, 0.6330931]}}, {"type": "Feature", "properties": {"layer": "osm_super_junction", "degree": 4}, "geometry": {"type": "Point", "coordinates": [122.925214, 0.6340854]}}, {"type": "Feature", "properties": {"layer": "osm_super_junction", "degree": 4}, "geometry": {"type": "Point", "coordinates": [122.92677379999998, 0.6346526000000001]}}, {"type": "Feature", "properties": {"layer": "osm_super_junction", "degree": 4}, "geometry": {"type": "Point", "coordinates": [122.92608819999998, 0.6360883999999999]}}, {"type": "Feature", "properties": {"layer": "osm_super_junction", "degree": 5}, "geometry": {"type": "Point", "coordinates": [122.92518684999999, 0.6380065500001677]}}, {"type": "Feature", "properties": {"layer": "osm_super_junction", "degree": 4}, "geometry": {"type": "Point", "coordinates": [122.9245776, 0.6355879999999999]}}, {"type": "Feature", "properties": {"layer": "osm_super_junction", "degree": 5}, "geometry": {"type": "Point", "coordinates": [122.923664, 0.6378480000001706]}}, {"type": "Feature", "properties": {"layer": "osm_super_junction", "degree": 3}, "geometry": {"type": "Point", "coordinates": [122.926018, 0.6391839999999999]}}, {"type": "Feature", "properties": {"layer": "osm_super_junction", "degree": 3}, "geometry": {"type": "Point", "coordinates": [122.9267174, 0.6395218999999999]}}, {"type": "Feature", "properties": {"layer": "osm_super_junction", "degree": 4}, "geometry": {"type": "Point", "coordinates": [122.92617219999998, 0.6403426]}}, {"type": "Feature", "properties": {"layer": "osm_super_junction", "degree": 3}, "geometry": {"type": "Point", "coordinates": [122.9266289, 0.6397908]}}, {"type": "Feature", "properties": {"layer": "osm_super_junction", "degree": 3}, "geometry": {"type": "Point", "coordinates": [122.92715470000002, 0.6400383999999998]}}, {"type": "Feature", "properties": {"layer": "osm_super_junction", "degree": 3}, "geometry": {"type": "Point", "coordinates": [122.92736109999998, 0.6396346]}}, {"type": "Feature", "properties": {"layer": "osm_super_junction", "degree": 3}, "geometry": {"type": "Point", "coordinates": [122.92554570000001, 0.6400421999999999]}}, {"type": "Feature", "properties": {"layer": "osm_super_junction", "degree": 3}, "geometry": {"type": "Point", "coordinates": [122.92312459999998, 0.6378388999999999]}}, {"type": "Feature", "properties": {"layer": "osm_super_junction", "degree": 3}, "geometry": {"type": "Point", "coordinates": [122.92236019999997, 0.6383940999999999]}}, {"type": "Feature", "properties": {"layer": "osm_super_junction", "degree": 3}, "geometry": {"type": "Point", "coordinates": [122.9225452, 0.6377699]}}, {"type": "Feature", "properties": {"layer": "osm_super_junction", "degree": 6}, "geometry": {"type": "Point", "coordinates": [122.92745599999998, 0.6365720500000291]}}, {"type": "Feature", "properties": {"layer": "osm_super_junction", "degree": 3}, "geometry": {"type": "Point", "coordinates": [122.9222857, 0.634996]}}, {"type": "Feature", "properties": {"layer": "osm_super_junction", "degree": 5}, "geometry": {"type": "Point", "coordinates": [122.91909220000001, 0.6384997500001598]}}, {"type": "Feature", "properties": {"layer": "osm_super_junction", "degree": 5}, "geometry": {"type": "Point", "coordinates": [122.91834154999998, 0.6386988500001554]}}, {"type": "Feature", "properties": {"layer": "osm_super_junction", "degree": 4}, "geometry": {"type": "Point", "coordinates": [122.9182792, 0.6378362]}}, {"type": "Feature", "properties": {"layer": "osm_super_junction", "degree": 3}, "geometry": {"type": "Point", "coordinates": [122.91766890000001, 0.6380581999999999]}}, {"type": "Feature", "properties": {"layer": "osm_super_junction", "degree": 4}, "geometry": {"type": "Point", "coordinates": [122.9164322, 0.6383510999999997]}}, {"type": "Feature", "properties": {"layer": "osm_super_junction", "degree": 3}, "geometry": {"type": "Point", "coordinates": [122.91607780000001, 0.6385054000000001]}}, {"type": "Feature", "properties": {"layer": "osm_super_junction", "degree": 3}, "geometry": {"type": "Point", "coordinates": [122.91617830000001, 0.6392469999999999]}}, {"type": "Feature", "properties": {"layer": "osm_super_junction", "degree": 3}, "geometry": {"type": "Point", "coordinates": [122.91695949999999, 0.6214442000000001]}}, {"type": "Feature", "properties": {"layer": "osm_super_junction", "degree": 4}, "geometry": {"type": "Point", "coordinates": [122.91934634999998, 0.6197636000000599]}}, {"type": "Feature", "properties": {"layer": "osm_super_junction", "degree": 5}, "geometry": {"type": "Point", "coordinates": [122.92126896666669, 0.6186303333335051]}}, {"type": "Feature", "properties": {"layer": "osm_super_junction", "degree": 5}, "geometry": {"type": "Point", "coordinates": [122.92059153333334, 0.6217123666682324]}}, {"type": "Feature", "properties": {"layer": "osm_super_junction", "degree": 3}, "geometry": {"type": "Point", "coordinates": [122.91665629999997, 0.6216790999999999]}}, {"type": "Feature", "properties": {"layer": "osm_super_junction", "degree": 3}, "geometry": {"type": "Point", "coordinates": [122.914913, 0.6180079]}}, {"type": "Feature", "properties": {"layer": "osm_super_junction", "degree": 3}, "geometry": {"type": "Point", "coordinates": [122.91737889999999, 0.6160066000000001]}}, {"type": "Feature", "properties": {"layer": "osm_super_junction", "degree": 4}, "geometry": {"type": "Point", "coordinates": [122.91659665, 0.6209487000003837]}}, {"type": "Feature", "properties": {"layer": "osm_super_junction", "degree": 3}, "geometry": {"type": "Point", "coordinates": [122.9165331, 0.6198913000000001]}}, {"type": "Feature", "properties": {"layer": "osm_super_junction", "degree": 3}, "geometry": {"type": "Point", "coordinates": [122.9163006, 0.6195130999999998]}}, {"type": "Feature", "properties": {"layer": "osm_super_junction", "degree": 5}, "geometry": {"type": "Point", "coordinates": [122.91548296666669, 0.6190982000010482]}}, {"type": "Feature", "properties": {"layer": "osm_super_junction", "degree": 3}, "geometry": {"type": "Point", "coordinates": [122.91520089999997, 0.6185904999999999]}}, {"type": "Feature", "properties": {"layer": "osm_super_junction", "degree": 3}, "geometry": {"type": "Point", "coordinates": [122.91468839999999, 0.6172374]}}, {"type": "Feature", "properties": {"layer": "osm_super_junction", "degree": 3}, "geometry": {"type": "Point", "coordinates": [122.91847469999999, 0.6181153]}}, {"type": "Feature", "properties": {"layer": "osm_super_junction", "degree": 6}, "geometry": {"type": "Point", "coordinates": [122.91611162499998, 0.6201882000016391]}}, {"type": "Feature", "properties": {"layer": "osm_super_junction", "degree": 3}, "geometry": {"type": "Point", "coordinates": [122.9197577, 0.6195118]}}, {"type": "Feature", "properties": {"layer": "osm_super_junction", "degree": 3}, "geometry": {"type": "Point", "coordinates": [122.9161763, 0.6163745]}}, {"type": "Feature", "properties": {"layer": "osm_super_junction", "degree": 4}, "geometry": {"type": "Point", "coordinates": [122.91714845, 0.6155486500000282]}}, {"type": "Feature", "properties": {"layer": "osm_super_junction", "degree": 3}, "geometry": {"type": "Point", "coordinates": [122.9147735, 0.6175975]}}, {"type": "Feature", "properties": {"layer": "osm_super_junction", "degree": 3}, "geometry": {"type": "Point", "coordinates": [122.91710839999999, 0.6152321]}}, {"type": "Feature", "properties": {"layer": "osm_super_junction", "degree": 3}, "geometry": {"type": "Point", "coordinates": [122.91733769999998, 0.6212143]}}, {"type": "Feature", "properties": {"layer": "osm_super_junction", "degree": 3}, "geometry": {"type": "Point", "coordinates": [122.91557280000002, 0.6206517]}}, {"type": "Feature", "properties": {"layer": "osm_super_junction", "degree": 3}, "geometry": {"type": "Point", "coordinates": [122.92032440000001, 0.6164389]}}, {"type": "Feature", "properties": {"layer": "osm_super_junction", "degree": 3}, "geometry": {"type": "Point", "coordinates": [122.91891709999997, 0.6189136000000001]}}, {"type": "Feature", "properties": {"layer": "osm_super_junction", "degree": 3}, "geometry": {"type": "Point", "coordinates": [122.92220389999997, 0.6234315999999999]}}, {"type": "Feature", "properties": {"layer": "osm_super_junction", "degree": 3}, "geometry": {"type": "Point", "coordinates": [122.92424779999997, 0.6169799999999999]}}, {"type": "Feature", "properties": {"layer": "osm_super_junction", "degree": 3}, "geometry": {"type": "Point", "coordinates": [122.91863519999998, 0.6202707999999999]}}, {"type": "Feature", "properties": {"layer": "osm_super_junction", "degree": 3}, "geometry": {"type": "Point", "coordinates": [122.9211424, 0.6146069999999999]}}, {"type": "Feature", "properties": {"layer": "osm_super_junction", "degree": 4}, "geometry": {"type": "Point", "coordinates": [122.92018285, 0.6160178000003492]}}, {"type": "Feature", "properties": {"layer": "osm_super_junction", "degree": 3}, "geometry": {"type": "Point", "coordinates": [122.915835, 0.6197283999999998]}}, {"type": "Feature", "properties": {"layer": "osm_super_junction", "degree": 3}, "geometry": {"type": "Point", "coordinates": [122.91764729999998, 0.6166139999999998]}}, {"type": "Feature", "properties": {"layer": "osm_super_junction", "degree": 3}, "geometry": {"type": "Point", "coordinates": [122.91948349999997, 0.6167527]}}, {"type": "Feature", "properties": {"layer": "osm_super_junction", "degree": 4}, "geometry": {"type": "Point", "coordinates": [122.92054635, 0.6144055000000918]}}, {"type": "Feature", "properties": {"layer": "osm_super_junction", "degree": 3}, "geometry": {"type": "Point", "coordinates": [122.9196464, 0.6146858]}}, {"type": "Feature", "properties": {"layer": "osm_super_junction", "degree": 3}, "geometry": {"type": "Point", "coordinates": [122.9181658, 0.6206161999999998]}}, {"type": "Feature", "properties": {"layer": "osm_super_junction", "degree": 4}, "geometry": {"type": "Point", "coordinates": [122.91992454999998, 0.6207101500000539]}}, {"type": "Feature", "properties": {"layer": "osm_super_junction", "degree": 4}, "geometry": {"type": "Point", "coordinates": [122.92049390000001, 0.6190883]}}, {"type": "Feature", "properties": {"layer": "osm_super_junction", "degree": 4}, "geometry": {"type": "Point", "coordinates": [122.92023804999998, 0.6211897500008637]}}, {"type": "Feature", "properties": {"layer": "osm_super_junction", "degree": 4}, "geometry": {"type": "Point", "coordinates": [122.91798750000001, 0.6173575]}}, {"type": "Feature", "properties": {"layer": "osm_super_junction", "degree": 3}, "geometry": {"type": "Point", "coordinates": [122.9197155, 0.6203910999999999]}}, {"type": "Feature", "properties": {"layer": "osm_super_junction", "degree": 3}, "geometry": {"type": "Point", "coordinates": [122.89769929999997, 0.6273434]}}, {"type": "Feature", "properties": {"layer": "osm_super_junction", "degree": 3}, "geometry": {"type": "Point", "coordinates": [122.90341369999999, 0.6261786999999999]}}, {"type": "Feature", "properties": {"layer": "osm_super_junction", "degree": 3}, "geometry": {"type": "Point", "coordinates": [122.90465759999996, 0.6259198999999999]}}, {"type": "Feature", "properties": {"layer": "osm_super_junction", "degree": 4}, "geometry": {"type": "Point", "coordinates": [122.90595309999999, 0.6256610999999999]}}, {"type": "Feature", "properties": {"layer": "osm_super_junction", "degree": 3}, "geometry": {"type": "Point", "coordinates": [122.91098490000002, 0.6245895999999999]}}, {"type": "Feature", "properties": {"layer": "osm_super_junction", "degree": 3}, "geometry": {"type": "Point", "coordinates": [122.92738459999998, 0.6288239]}}, {"type": "Feature", "properties": {"layer": "osm_super_junction", "degree": 3}, "geometry": {"type": "Point", "coordinates": [122.89375240000001, 0.620008]}}, {"type": "Feature", "properties": {"layer": "osm_super_junction", "degree": 3}, "geometry": {"type": "Point", "coordinates": [122.8915563, 0.6191664999999998]}}, {"type": "Feature", "properties": {"layer": "osm_super_junction", "degree": 3}, "geometry": {"type": "Point", "coordinates": [122.90076840000002, 0.6267258999999998]}}, {"type": "Feature", "properties": {"layer": "osm_super_junction", "degree": 3}, "geometry": {"type": "Point", "coordinates": [122.9155916, 0.6048027999999998]}}, {"type": "Feature", "properties": {"layer": "osm_super_junction", "degree": 3}, "geometry": {"type": "Point", "coordinates": [122.9171292, 0.6070851999999999]}}, {"type": "Feature", "properties": {"layer": "osm_super_junction", "degree": 5}, "geometry": {"type": "Point", "coordinates": [122.90825509999998, 0.6405870000001076]}}, {"type": "Feature", "properties": {"layer": "osm_super_junction", "degree": 3}, "geometry": {"type": "Point", "coordinates": [122.91327949999996, 0.6125821]}}, {"type": "Feature", "properties": {"layer": "osm_super_junction", "degree": 3}, "geometry": {"type": "Point", "coordinates": [122.91223749999999, 0.6097297]}}, {"type": "Feature", "properties": {"layer": "osm_super_junction", "degree": 4}, "geometry": {"type": "Point", "coordinates": [122.90303214999999, 0.6083833500001]}}, {"type": "Feature", "properties": {"layer": "osm_super_junction", "degree": 3}, "geometry": {"type": "Point", "coordinates": [122.90050349999999, 0.6089163999999999]}}, {"type": "Feature", "properties": {"layer": "osm_super_junction", "degree": 3}, "geometry": {"type": "Point", "coordinates": [122.8995976, 0.6096466]}}, {"type": "Feature", "properties": {"layer": "osm_super_junction", "degree": 3}, "geometry": {"type": "Point", "coordinates": [122.9007965, 0.6199710999999999]}}, {"type": "Feature", "properties": {"layer": "osm_super_junction", "degree": 4}, "geometry": {"type": "Point", "coordinates": [122.9022704, 0.6071952]}}, {"type": "Feature", "properties": {"layer": "osm_super_junction", "degree": 3}, "geometry": {"type": "Point", "coordinates": [122.90370939999998, 0.6105759]}}, {"type": "Feature", "properties": {"layer": "osm_super_junction", "degree": 3}, "geometry": {"type": "Point", "coordinates": [122.89930459999997, 0.6118806999999999]}}, {"type": "Feature", "properties": {"layer": "osm_super_junction", "degree": 4}, "geometry": {"type": "Point", "coordinates": [122.90052829999999, 0.6092372000000652]}}, {"type": "Feature", "properties": {"layer": "osm_super_junction", "degree": 3}, "geometry": {"type": "Point", "coordinates": [122.90341969999999, 0.6089987999999998]}}, {"type": "Feature", "properties": {"layer": "osm_super_junction", "degree": 3}, "geometry": {"type": "Point", "coordinates": [122.9034177, 0.6080132]}}, {"type": "Feature", "properties": {"layer": "osm_super_junction", "degree": 3}, "geometry": {"type": "Point", "coordinates": [122.90035999999999, 0.6082504999999998]}}, {"type": "Feature", "properties": {"layer": "osm_super_junction", "degree": 3}, "geometry": {"type": "Point", "coordinates": [122.90280419999998, 0.6068948]}}, {"type": "Feature", "properties": {"layer": "osm_super_junction", "degree": 3}, "geometry": {"type": "Point", "coordinates": [122.9053482, 0.6100434999999998]}}, {"type": "Feature", "properties": {"layer": "osm_super_junction", "degree": 3}, "geometry": {"type": "Point", "coordinates": [122.90445910000001, 0.6074191]}}, {"type": "Feature", "properties": {"layer": "osm_super_junction", "degree": 3}, "geometry": {"type": "Point", "coordinates": [122.90439339999998, 0.6071549000000002]}}, {"type": "Feature", "properties": {"layer": "osm_super_junction", "degree": 3}, "geometry": {"type": "Point", "coordinates": [122.90409700000001, 0.6062201999999999]}}, {"type": "Feature", "properties": {"layer": "osm_super_junction", "degree": 3}, "geometry": {"type": "Point", "coordinates": [122.91003539999998, 0.6040022]}}, {"type": "Feature", "properties": {"layer": "osm_super_junction", "degree": 3}, "geometry": {"type": "Point", "coordinates": [122.9079225, 0.6052928999999998]}}, {"type": "Feature", "properties": {"layer": "osm_super_junction", "degree": 3}, "geometry": {"type": "Point", "coordinates": [122.9012471, 0.6281003999999999]}}, {"type": "Feature", "properties": {"layer": "osm_super_junction", "degree": 3}, "geometry": {"type": "Point", "coordinates": [122.9011539, 0.6266527999999999]}}, {"type": "Feature", "properties": {"layer": "osm_super_junction", "degree": 3}, "geometry": {"type": "Point", "coordinates": [122.9057952, 0.6247578999999999]}}, {"type": "Feature", "properties": {"layer": "osm_super_junction", "degree": 3}, "geometry": {"type": "Point", "coordinates": [122.90485609999998, 0.6200662999999998]}}, {"type": "Feature", "properties": {"layer": "osm_super_junction", "degree": 3}, "geometry": {"type": "Point", "coordinates": [122.9099092, 0.6298304999999998]}}, {"type": "Feature", "properties": {"layer": "osm_super_junction", "degree": 3}, "geometry": {"type": "Point", "coordinates": [122.9001685, 0.6309555]}}, {"type": "Feature", "properties": {"layer": "osm_super_junction", "degree": 4}, "geometry": {"type": "Point", "coordinates": [122.9063809, 0.6299523999999999]}}, {"type": "Feature", "properties": {"layer": "osm_super_junction", "degree": 3}, "geometry": {"type": "Point", "coordinates": [122.89792149999998, 0.6313057]}}, {"type": "Feature", "properties": {"layer": "osm_super_junction", "degree": 3}, "geometry": {"type": "Point", "coordinates": [122.9066049, 0.6407998999999999]}}, {"type": "Feature", "properties": {"layer": "osm_super_junction", "degree": 4}, "geometry": {"type": "Point", "coordinates": [122.90648009999997, 0.6400959000000002]}}, {"type": "Feature", "properties": {"layer": "osm_super_junction", "degree": 3}, "geometry": {"type": "Point", "coordinates": [122.90400919999999, 0.6411772999999998]}}, {"type": "Feature", "properties": {"layer": "osm_super_junction", "degree": 4}, "geometry": {"type": "Point", "coordinates": [122.90389179999998, 0.6405062]}}, {"type": "Feature", "properties": {"layer": "osm_super_junction", "degree": 5}, "geometry": {"type": "Point", "coordinates": [122.90979535714285, 0.6403356714288214]}}, {"type": "Feature", "properties": {"layer": "osm_super_junction", "degree": 3}, "geometry": {"type": "Point", "coordinates": [122.91000459999997, 0.6394387]}}, {"type": "Feature", "properties": {"layer": "osm_super_junction", "degree": 3}, "geometry": {"type": "Point", "coordinates": [122.90852260000001, 0.6405149]}}, {"type": "Feature", "properties": {"layer": "osm_super_junction", "degree": 3}, "geometry": {"type": "Point", "coordinates": [122.9083818, 0.6396802]}}, {"type": "Feature", "properties": {"layer": "osm_super_junction", "degree": 3}, "geometry": {"type": "Point", "coordinates": [122.90759060000002, 0.6406524000000001]}}, {"type": "Feature", "properties": {"layer": "osm_super_junction", "degree": 3}, "geometry": {"type": "Point", "coordinates": [122.92380589999998, 0.6145332999999998]}}, {"type": "Feature", "properties": {"layer": "osm_super_junction", "degree": 3}, "geometry": {"type": "Point", "coordinates": [122.9232161, 0.6116129000000001]}}, {"type": "Feature", "properties": {"layer": "osm_super_junction", "degree": 3}, "geometry": {"type": "Point", "coordinates": [122.92314739999998, 0.6112545]}}, {"type": "Feature", "properties": {"layer": "osm_super_junction", "degree": 3}, "geometry": {"type": "Point", "coordinates": [122.9184779, 0.613768]}}, {"type": "Feature", "properties": {"layer": "osm_super_junction", "degree": 3}, "geometry": {"type": "Point", "coordinates": [122.92183850000002, 0.6117525999999999]}}, {"type": "Feature", "properties": {"layer": "osm_super_junction", "degree": 3}, "geometry": {"type": "Point", "coordinates": [122.9041174, 0.6075753]}}, {"type": "Feature", "properties": {"layer": "osm_super_junction", "degree": 3}, "geometry": {"type": "Point", "coordinates": [122.91421189999998, 0.6154591999999998]}}, {"type": "Feature", "properties": {"layer": "osm_super_junction", "degree": 3}, "geometry": {"type": "Point", "coordinates": [122.9193971, 0.6140054]}}, {"type": "Feature", "properties": {"layer": "osm_super_junction", "degree": 3}, "geometry": {"type": "Point", "coordinates": [122.92721629999998, 0.6336870999999998]}}, {"type": "Feature", "properties": {"layer": "osm_super_junction", "degree": 4}, "geometry": {"type": "Point", "coordinates": [122.91447840000001, 0.6164136]}}, {"type": "Feature", "properties": {"layer": "osm_super_junction", "degree": 3}, "geometry": {"type": "Point", "coordinates": [122.9145664, 0.6167354]}}, {"type": "Feature", "properties": {"layer": "osm_super_junction", "degree": 3}, "geometry": {"type": "Point", "coordinates": [122.9052684, 0.622045]}}, {"type": "Feature", "properties": {"layer": "osm_super_junction", "degree": 3}, "geometry": {"type": "Point", "coordinates": [122.90201099999997, 0.6264733000000001]}}, {"type": "Feature", "properties": {"layer": "osm_super_junction", "degree": 3}, "geometry": {"type": "Point", "coordinates": [122.9029564, 0.6262752000000001]}}, {"type": "Feature", "properties": {"layer": "osm_super_junction", "degree": 3}, "geometry": {"type": "Point", "coordinates": [122.9056185, 0.623767]}}, {"type": "Feature", "properties": {"layer": "osm_super_junction", "degree": 3}, "geometry": {"type": "Point", "coordinates": [122.90016490000001, 0.6268481999999999]}}, {"type": "Feature", "properties": {"layer": "osm_super_junction", "degree": 3}, "geometry": {"type": "Point", "coordinates": [122.90898920000001, 0.6250159]}}, {"type": "Feature", "properties": {"layer": "osm_super_junction", "degree": 3}, "geometry": {"type": "Point", "coordinates": [122.9151926, 0.6227132]}}, {"type": "Feature", "properties": {"layer": "osm_super_junction", "degree": 3}, "geometry": {"type": "Point", "coordinates": [122.91614999999997, 0.6056133]}}, {"type": "Feature", "properties": {"layer": "osm_super_junction", "degree": 3}, "geometry": {"type": "Point", "coordinates": [122.91604229999997, 0.6221324999999998]}}, {"type": "Feature", "properties": {"layer": "osm_super_junction", "degree": 3}, "geometry": {"type": "Point", "coordinates": [122.91042630000001, 0.6247150000000001]}}, {"type": "Feature", "properties": {"layer": "osm_super_junction", "degree": 3}, "geometry": {"type": "Point", "coordinates": [122.91006829999999, 0.6247946000000001]}}, {"type": "Feature", "properties": {"layer": "osm_super_junction", "degree": 3}, "geometry": {"type": "Point", "coordinates": [122.91239289999999, 0.624259]}}, {"type": "Feature", "properties": {"layer": "osm_super_junction", "degree": 3}, "geometry": {"type": "Point", "coordinates": [122.92041790000002, 0.6412474000000001]}}, {"type": "Feature", "properties": {"layer": "osm_super_junction", "degree": 3}, "geometry": {"type": "Point", "coordinates": [122.9193632, 0.6128266999999998]}}, {"type": "Feature", "properties": {"layer": "topo_seed_top10", "rank": 0, "theta_deg": 234.64860086026613, "invariant_score": 22.1870632285592, "exact_f1_polished": 0.038790245835756534}, "geometry": {"type": "Point", "coordinates": [122.90970545985972, 0.6392293859227898]}}, {"type": "Feature", "properties": {"layer": "topo_seed_top10", "rank": 1, "theta_deg": 41.39577293262204, "invariant_score": 22.43258636625681, "exact_f1_polished": 0.1117060845451749}, "geometry": {"type": "Point", "coordinates": [122.91397867292405, 0.6223398010663332]}}, {"type": "Feature", "properties": {"layer": "topo_seed_top10", "rank": 2, "theta_deg": 37.66508421224634, "invariant_score": 26.461247924338412, "exact_f1_polished": 0.11167339982829952}, "geometry": {"type": "Point", "coordinates": [122.9137299569345, 0.6218327858778575]}}, {"type": "Feature", "properties": {"layer": "topo_seed_top10", "rank": 3, "theta_deg": 54.64860086026613, "invariant_score": 28.521971510429225, "exact_f1_polished": 0.03587325267512718}, "geometry": {"type": "Point", "coordinates": [122.9124650831572, 0.639113099230054]}}, {"type": "Feature", "properties": {"layer": "topo_seed_top10", "rank": 4, "theta_deg": 319.16925895528095, "invariant_score": 29.310515575363944, "exact_f1_polished": 0.031121403223232688}, "geometry": {"type": "Point", "coordinates": [122.91421908727422, 0.6299238295773771]}}, {"type": "Feature", "properties": {"layer": "topo_seed_top10", "rank": 5, "theta_deg": 233.79140447751553, "invariant_score": 29.511373775233206, "exact_f1_polished": 0.034569616108117374}, "geometry": {"type": "Point", "coordinates": [122.91227400647507, 0.6387322597823274]}}, {"type": "Feature", "properties": {"layer": "topo_seed_top10", "rank": 6, "theta_deg": 233.79140447751556, "invariant_score": 29.511373775233196, "exact_f1_polished": 0.034561250181067406}, "geometry": {"type": "Point", "coordinates": [122.9123474188597, 0.6387174966572979]}}, {"type": "Feature", "properties": {"layer": "topo_seed_top10", "rank": 7, "theta_deg": 312.03149540181533, "invariant_score": 29.6266297249796, "exact_f1_polished": 0.0253731863129794}, "geometry": {"type": "Point", "coordinates": [122.90324785405372, 0.6320344651296428]}}, {"type": "Feature", "properties": {"layer": "topo_seed_top10", "rank": 8, "theta_deg": 312.03149540181533, "invariant_score": 29.6266297249796, "exact_f1_polished": 0.025334941160879056}, "geometry": {"type": "Point", "coordinates": [122.90328436315174, 0.6321199259849145]}}, {"type": "Feature", "properties": {"layer": "topo_seed_top10", "rank": 9, "theta_deg": 133.58377913494343, "invariant_score": 31.87045465304746, "exact_f1_polished": 0.019715778649159577}, "geometry": {"type": "Point", "coordinates": [122.90763568853711, 0.6339785099921464]}}, {"type": "Feature", "properties": {"layer": "anchor_truth_center"}, "geometry": {"type": "Point", "coordinates": [122.90943822534872, 0.6227399703485634]}}, {"type": "Feature", "properties": {"layer": "T_true_t"}, "geometry": {"type": "Point", "coordinates": [122.91397247114472, 0.622236701242323]}}, {"type": "Feature", "properties": {"layer": "T_recovered_t"}, "geometry": {"type": "Point", "coordinates": [122.91402358868825, 0.6222769227054596]}}]}