fid,CODE,REF_PLAQUE,REGION,PROVINCE,VILLE,COMMUNE,CODE_POSTAL,NUMERO_VOIE,TYPE_VOIE,TYPE_BATIMENT,TYPE_CLIENT,NB_LOC_RES,NB_LOC_PRO,NB_LOC_TOT,RACCORDEMENT,STATUT,NB_ETAGE,COL_MONTANTE,SOUS_SOL,SOUS_SOL_COMMUN,BPE_CODE,X,Y,display_label,label_provenance,source_entity_key,source_handle,source_layer,geometry_role,style_aci,style_truecolor,style_linetype,style_lineweight,style_rotation,style_rotation_deg,style_qgis_rotation_deg,style_render_key,lineage_json,source_cad_length_m,dimension_length_m,source_segment_sum_m,source_native_length_delta_m,delivery_grid_length_m,geodesic_length_m
1,N1,,,,,,,,,,,,,,,,,,,,,819912.5018138154,9896143.72114053,N1,DWG_DIRECT:text|RULE:AI-IMB-LABEL-001,b7751390de5638f77b8653f9ec3c7abd8707751f345ab358fbda0cbc09c9ef48,4CC12,Homepass Number,SOURCE_HOME_LABEL,6,,BYLAYER,30,0.0,0.0,0.0,ACI:6|LT:BYLAYER|LW:30|ROT_QGIS:0.000000000,"[{""operation"":""identity"",""source_entity_key"":""b7751390de5638f77b8653f9ec3c7abd8707751f345ab358fbda0cbc09c9ef48"",""max_displacement_m"":0.0}]",,,,,,
2,J9,,,,,,,,,,,,,,,,,,,,,819982.8522884088,9896211.165502196,J9,DWG_DIRECT:text|RULE:AI-IMB-LABEL-001,c4f3fa133b2810fcf68a854a9e56e1f1e0a50d6128625a33f1b2116686ce78f8,4C702,Homepass Number,SOURCE_HOME_LABEL,6,,BYLAYER,30,0.0,0.0,0.0,ACI:6|LT:BYLAYER|LW:30|ROT_QGIS:0.000000000,"[{""operation"":""identity"",""source_entity_key"":""c4f3fa133b2810fcf68a854a9e56e1f1e0a50d6128625a33f1b2116686ce78f8"",""max_displacement_m"":0.0}]",,,,,,
3,T5,,,,,,,,,,,,,,,,,,,,,819982.8744678972,9896266.903648851,T5,DWG_DIRECT:text|RULE:AI-IMB-LABEL-001,67737540a34ec9a9a768d2501f54d9361709f0549e197f9d0f4e929f3a65007f,4CBF5,Homepass Number,SOURCE_HOME_LABEL,6,,BYLAYER,30,0.0,0.0,0.0,ACI:6|LT:BYLAYER|LW:30|ROT_QGIS:0.000000000,"[{""operation"":""identity"",""source_entity_key"":""67737540a34ec9a9a768d2501f54d9361709f0549e197f9d0f4e929f3a65007f"",""max_displacement_m"":0.0}]",,,,,,
4,Z8,,,,,,,,,,,,,,,,,,,,,819875.3392590319,9896285.119954534,Z8,DWG_DIRECT:text|RULE:AI-IMB-LABEL-001,a144fcd89fc685a67b086e9ad49b0f0ce6638200ad02f123ffd2894fa544e3a7,4CC62,Homepass Number,SOURCE_HOME_LABEL,6,,BYLAYER,30,0.0,0.0,0.0,ACI:6|LT:BYLAYER|LW:30|ROT_QGIS:0.000000000,"[{""operation"":""identity"",""source_entity_key"":""a144fcd89fc685a67b086e9ad49b0f0ce6638200ad02f123ffd2894fa544e3a7"",""max_displacement_m"":0.0}]",,,,,,
5,W9,,,,,,,,,,,,,,,,,,,,,819931.6994570552,9896297.754496038,W9,DWG_DIRECT:text|RULE:AI-IMB-LABEL-001,f48e190fbc0558089a8e62f1f88dddfea6f4218048bb16b83a3a8c09ec8caf31,4CC84,Homepass Number,SOURCE_HOME_LABEL,6,,BYLAYER,30,0.0,0.0,0.0,ACI:6|LT:BYLAYER|LW:30|ROT_QGIS:0.000000000,"[{""operation"":""identity"",""source_entity_key"":""f48e190fbc0558089a8e62f1f88dddfea6f4218048bb16b83a3a8c09ec8caf31"",""max_displacement_m"":0.0}]",,,,,,
6,P1,,,,,,,,,,,,,,,,,,,,,819879.5462041452,9896144.685231281,P1,DWG_DIRECT:text|RULE:AI-IMB-LABEL-001,eb654134b5f5a697752242a20d1473e7eeccd30d82d8f8d5383a46603e024859,4CC1B,Homepass Number,SOURCE_HOME_LABEL,6,,BYLAYER,30,0.0,0.0,0.0,ACI:6|LT:BYLAYER|LW:30|ROT_QGIS:0.000000000,"[{""operation"":""identity"",""source_entity_key"":""eb654134b5f5a697752242a20d1473e7eeccd30d82d8f8d5383a46603e024859"",""max_displacement_m"":0.0}]",,,,,,
7,N4,,,,,,,,,,,,,,,,,,,,,819911.3752335027,9896121.815390134,N4,DWG_DIRECT:text|RULE:AI-IMB-LABEL-001,e5b4de9977d625c6703dc2a0ea774803c2c7e4df9c93aa910daa63f0abf3a576,4CC0F,Homepass Number,SOURCE_HOME_LABEL,6,,BYLAYER,30,0.0,0.0,0.0,ACI:6|LT:BYLAYER|LW:30|ROT_QGIS:0.000000000,"[{""operation"":""identity"",""source_entity_key"":""e5b4de9977d625c6703dc2a0ea774803c2c7e4df9c93aa910daa63f0abf3a576"",""max_displacement_m"":0.0}]",,,,,,
8,N9,,,,,,,,,,,,,,,,,,,,,819909.8737346375,9896087.299912212,N9,DWG_DIRECT:text|RULE:AI-IMB-LABEL-001,58f668aaf04c2f35320871a22ac6593f265567f454a62b8c76363711eda36f81,4CC0A,Homepass Number,SOURCE_HOME_LABEL,6,,BYLAYER,30,0.0,0.0,0.0,ACI:6|LT:BYLAYER|LW:30|ROT_QGIS:0.000000000,"[{""operation"":""identity"",""source_entity_key"":""58f668aaf04c2f35320871a22ac6593f265567f454a62b8c76363711eda36f81"",""max_displacement_m"":0.0}]",,,,,,
9,AC6,,,,,,,,,,,,,,,,,,,,,819830.01325952,9896273.392153427,AC6,DWG_DIRECT:text|RULE:AI-IMB-LABEL-001,f37f752ed7d42595b35aa733e1e1fbd2734993fdc391cb026d39fdd1267d07f7,4CC40,Homepass Number,SOURCE_HOME_LABEL,6,,BYLAYER,30,0.0,0.0,0.0,ACI:6|LT:BYLAYER|LW:30|ROT_QGIS:0.000000000,"[{""operation"":""identity"",""source_entity_key"":""f37f752ed7d42595b35aa733e1e1fbd2734993fdc391cb026d39fdd1267d07f7"",""max_displacement_m"":0.0}]",,,,,,
10,AJ1,,,,,,,,,,,,,,,,,,,,,820014.7014021779,9896262.80870417,AJ1,DWG_DIRECT:text|RULE:AI-IMB-LABEL-001,2243a314033e1384bd969bddb0c631d97cf8ba821bb3f9ec3a5e145d0631dbd2,4CBF6,Homepass Number,SOURCE_HOME_LABEL,6,,BYLAYER,30,0.0,0.0,0.0,ACI:6|LT:BYLAYER|LW:30|ROT_QGIS:0.000000000,"[{""operation"":""identity"",""source_entity_key"":""2243a314033e1384bd969bddb0c631d97cf8ba821bb3f9ec3a5e145d0631dbd2"",""max_displacement_m"":0.0}]",,,,,,
11,G4,,,,,,,,,,,,,,,,,,,,,819946.0595338913,9896129.801865296,G4,DWG_DIRECT:text|RULE:AI-IMB-LABEL-001,8e4a05ff780c9df4179b8b685a62e4e7ccd1661888ca61f1fd6eafa4406f61ac,4C6B1,Homepass Number,SOURCE_HOME_LABEL,6,,BYLAYER,30,0.0,0.0,0.0,ACI:6|LT:BYLAYER|LW:30|ROT_QGIS:0.000000000,"[{""operation"":""identity"",""source_entity_key"":""8e4a05ff780c9df4179b8b685a62e4e7ccd1661888ca61f1fd6eafa4406f61ac"",""max_displacement_m"":0.0}]",,,,,,
12,R8,,,,,,,,,,,,,,,,,,,,,819872.8502394647,9896208.897980304,R8,DWG_DIRECT:text|RULE:AI-IMB-LABEL-001,49a1b21aeaca9ff5e8ee46a266261836b2838d1d65e3baed1fe3c3b23b89e5a0,4CC2E,Homepass Number,SOURCE_HOME_LABEL,6,,BYLAYER,30,0.0,0.0,0.0,ACI:6|LT:BYLAYER|LW:30|ROT_QGIS:0.000000000,"[{""operation"":""identity"",""source_entity_key"":""49a1b21aeaca9ff5e8ee46a266261836b2838d1d65e3baed1fe3c3b23b89e5a0"",""max_displacement_m"":0.0}]",,,,,,
13,3,,,,,,,,,,,,,,,,,,,,,819804.5318276868,9896226.69196927,3,DWG_DIRECT:text|RULE:AI-IMB-LABEL-001,6e895b79736051b09d85019af408499c1a79e01a24a8cead97b8b70b7376e520,4CFBB,Homepass Number,SOURCE_HOME_LABEL,6,,BYLAYER,30,0.0,0.0,0.0,ACI:6|LT:BYLAYER|LW:30|ROT_QGIS:0.000000000,"[{""operation"":""identity"",""source_entity_key"":""6e895b79736051b09d85019af408499c1a79e01a24a8cead97b8b70b7376e520"",""max_displacement_m"":0.0}]",,,,,,
14,E3,,,,,,,,,,,,,,,,,,,,,819976.7598470412,9896085.725758325,E3,DWG_DIRECT:text|RULE:AI-IMB-LABEL-001,8326acbb38172d9b86742916fa56d6daae983d5e80a0a5b793e5f85eb24b8edd,4C66C,Homepass Number,SOURCE_HOME_LABEL,6,,BYLAYER,30,0.0,0.0,0.0,ACI:6|LT:BYLAYER|LW:30|ROT_QGIS:0.000000000,"[{""operation"":""identity"",""source_entity_key"":""8326acbb38172d9b86742916fa56d6daae983d5e80a0a5b793e5f85eb24b8edd"",""max_displacement_m"":0.0}]",,,,,,
15,N5,,,,,,,,,,,,,,,,,,,,,819911.2084024296,9896115.135479974,N5,DWG_DIRECT:text|RULE:AI-IMB-LABEL-001,9506d4622bf49dfdb2de157789705c58d856d424940d3012da177d471681a6b0,4CC0E,Homepass Number,SOURCE_HOME_LABEL,6,,BYLAYER,30,0.0,0.0,0.0,ACI:6|LT:BYLAYER|LW:30|ROT_QGIS:0.000000000,"[{""operation"":""identity"",""source_entity_key"":""9506d4622bf49dfdb2de157789705c58d856d424940d3012da177d471681a6b0"",""max_displacement_m"":0.0}]",,,,,,
16,Z6,,,,,,,,,,,,,,,,,,,,,819874.7097819222,9896271.695928313,Z6,DWG_DIRECT:text|RULE:AI-IMB-LABEL-001,45976dc404db9a6c3b3dcf6dd5661d8158fc522e9931f07c5b76529749de976e,4CC5E,Homepass Number,SOURCE_HOME_LABEL,6,,BYLAYER,30,0.0,0.0,0.0,ACI:6|LT:BYLAYER|LW:30|ROT_QGIS:0.000000000,"[{""operation"":""identity"",""source_entity_key"":""45976dc404db9a6c3b3dcf6dd5661d8158fc522e9931f07c5b76529749de976e"",""max_displacement_m"":0.0}]",,,,,,
17,AB9,,,,,,,,,,,,,,,,,,,,,819843.4714814725,9896292.896241352,AB9,DWG_DIRECT:text|RULE:AI-IMB-LABEL-001,3075af051c34c946e25b70541af6da4eb8d6cea893aaec8586f1449f68e8e7b0,4CC4A,Homepass Number,SOURCE_HOME_LABEL,6,,BYLAYER,30,0.0,0.0,0.0,ACI:6|LT:BYLAYER|LW:30|ROT_QGIS:0.000000000,"[{""operation"":""identity"",""source_entity_key"":""3075af051c34c946e25b70541af6da4eb8d6cea893aaec8586f1449f68e8e7b0"",""max_displacement_m"":0.0}]",,,,,,
18,Y3,,,,,,,,,,,,,,,,,,,,,819895.6029729727,9896248.632810945,Y3,DWG_DIRECT:text|RULE:AI-IMB-LABEL-001,3b1f48c5c411cf96a974e07f3c38a4061a75ab16a763029bdc731fb627c7489d,4CC74,Homepass Number,SOURCE_HOME_LABEL,6,,BYLAYER,30,0.0,0.0,0.0,ACI:6|LT:BYLAYER|LW:30|ROT_QGIS:0.000000000,"[{""operation"":""identity"",""source_entity_key"":""3b1f48c5c411cf96a974e07f3c38a4061a75ab16a763029bdc731fb627c7489d"",""max_displacement_m"":0.0}]",,,,,,
19,A2,,,,,,,,,,,,,,,,,,,,,820059.2268887227,9896037.735480633,A2,DWG_DIRECT:text|RULE:AI-IMB-LABEL-001,d94bb6f62efb8e503b698ff878536b8cae4e67d6d0ce85ba8d1ac962f1fd11cc,4CCA9,Homepass Number,SOURCE_HOME_LABEL,6,,BYLAYER,30,0.0,0.0,0.0,ACI:6|LT:BYLAYER|LW:30|ROT_QGIS:0.000000000,"[{""operation"":""identity"",""source_entity_key"":""d94bb6f62efb8e503b698ff878536b8cae4e67d6d0ce85ba8d1ac962f1fd11cc"",""max_displacement_m"":0.0}]",,,,,,
20,O1,,,,,,,,,,,,,,,,,,,,,819892.7332823883,9896144.617664024,O1,DWG_DIRECT:text|RULE:AI-IMB-LABEL-001,c5055922017d5434bb0ce5061c66bee3c1aeaa4b9f56e56132acd370068a5072,4CC1A,Homepass Number,SOURCE_HOME_LABEL,6,,BYLAYER,30,0.0,0.0,0.0,ACI:6|LT:BYLAYER|LW:30|ROT_QGIS:0.000000000,"[{""operation"":""identity"",""source_entity_key"":""c5055922017d5434bb0ce5061c66bee3c1aeaa4b9f56e56132acd370068a5072"",""max_displacement_m"":0.0}]",,,,,,
21,C3,,,,,,,,,,,,,,,,,,,,,820009.4662391986,9896083.431165576,C3,DWG_DIRECT:text|RULE:AI-IMB-LABEL-001,62d82450ef4ba9684ddb24889dec31efc0b5e56ef6796dbd84fb6c2122f3bcd1,4C62A,Homepass Number,SOURCE_HOME_LABEL,6,,BYLAYER,30,0.0,0.0,0.0,ACI:6|LT:BYLAYER|LW:30|ROT_QGIS:0.000000000,"[{""operation"":""identity"",""source_entity_key"":""62d82450ef4ba9684ddb24889dec31efc0b5e56ef6796dbd84fb6c2122f3bcd1"",""max_displacement_m"":0.0}]",,,,,,
22,T3,,,,,,,,,,,,,,,,,,,,,819983.339256088,9896254.53151422,T3,DWG_DIRECT:text|RULE:AI-IMB-LABEL-001,a6149c2747a8ec7d9eccc910cb2290eab32e2f05e05e3a7b9191de92411b65c1,4C73B,Homepass Number,SOURCE_HOME_LABEL,6,,BYLAYER,30,0.0,0.0,0.0,ACI:6|LT:BYLAYER|LW:30|ROT_QGIS:0.000000000,"[{""operation"":""identity"",""source_entity_key"":""a6149c2747a8ec7d9eccc910cb2290eab32e2f05e05e3a7b9191de92411b65c1"",""max_displacement_m"":0.0}]",,,,,,
23,V2,,,,,,,,,,,,,,,,,,,,,819950.0600340903,9896248.411094312,V2,DWG_DIRECT:text|RULE:AI-IMB-LABEL-001,d497f2cf669b0d3bb856a80b89dd7e652692c0d970ddf2bd929bbbe19c5b41b4,4C74A,Homepass Number,SOURCE_HOME_LABEL,6,,BYLAYER,30,0.0,0.0,0.0,ACI:6|LT:BYLAYER|LW:30|ROT_QGIS:0.000000000,"[{""operation"":""identity"",""source_entity_key"":""d497f2cf669b0d3bb856a80b89dd7e652692c0d970ddf2bd929bbbe19c5b41b4"",""max_displacement_m"":0.0}]",,,,,,
24,U4,,,,,,,,,,,,,,,,,,,,,819962.9772786108,9896260.35404241,U4,DWG_DIRECT:text|RULE:AI-IMB-LABEL-001,d15f27e2f4c59bc93eb509bc9880559227e51da7e4338a70014089b7131b2552,4CBDA,Homepass Number,SOURCE_HOME_LABEL,6,,BYLAYER,30,0.0,0.0,0.0,ACI:6|LT:BYLAYER|LW:30|ROT_QGIS:0.000000000,"[{""operation"":""identity"",""source_entity_key"":""d15f27e2f4c59bc93eb509bc9880559227e51da7e4338a70014089b7131b2552"",""max_displacement_m"":0.0}]",,,,,,
25,F9,,,,,,,,,,,,,,,,,,,,,819957.9742410069,9896128.02313262,F9,DWG_DIRECT:text|RULE:AI-IMB-LABEL-001,2e422154ae3d2e623d86c242f502216341eb84465e75cb7453352de2d4e6f645,4C69F,Homepass Number,SOURCE_HOME_LABEL,6,,BYLAYER,30,0.0,0.0,0.0,ACI:6|LT:BYLAYER|LW:30|ROT_QGIS:0.000000000,"[{""operation"":""identity"",""source_entity_key"":""2e422154ae3d2e623d86c242f502216341eb84465e75cb7453352de2d4e6f645"",""max_displacement_m"":0.0}]",,,,,,
26,AA11,,,,,,,,,,,,,,,,,,,,,819864.0381056188,9896306.360554243,AA11,DWG_DIRECT:text|RULE:AI-IMB-LABEL-001,c48dbf7fe97c6e974765fa8eee50b21580a3e4e780b8721ea384296eeb01caa4,4CC67,Homepass Number,SOURCE_HOME_LABEL,6,,BYLAYER,30,0.0,0.0,0.0,ACI:6|LT:BYLAYER|LW:30|ROT_QGIS:0.000000000,"[{""operation"":""identity"",""source_entity_key"":""c48dbf7fe97c6e974765fa8eee50b21580a3e4e780b8721ea384296eeb01caa4"",""max_displacement_m"":0.0}]",,,,,,
27,AG5,,,,,,,,,,,,,,,,,,,,,819896.4804590892,9896356.17817412,AG5,DWG_DIRECT:text|RULE:AI-IMB-LABEL-001,64fba742a6f73a8dcb4f40473a36379c810dfd02905b17d641b58803e982a06e,4CCA3,Homepass Number,SOURCE_HOME_LABEL,6,,BYLAYER,30,0.0,0.0,0.0,ACI:6|LT:BYLAYER|LW:30|ROT_QGIS:0.000000000,"[{""operation"":""identity"",""source_entity_key"":""64fba742a6f73a8dcb4f40473a36379c810dfd02905b17d641b58803e982a06e"",""max_displacement_m"":0.0}]",,,,,,
28,P3,,,,,,,,,,,,,,,,,,,,,819878.8358372053,9896130.398432631,P3,DWG_DIRECT:text|RULE:AI-IMB-LABEL-001,cd1ac34885eb73fe7c8350183c4976fc7d2316dc8d1cd555d7fbeee50e334baa,4CC1D,Homepass Number,SOURCE_HOME_LABEL,6,,BYLAYER,30,0.0,0.0,0.0,ACI:6|LT:BYLAYER|LW:30|ROT_QGIS:0.000000000,"[{""operation"":""identity"",""source_entity_key"":""cd1ac34885eb73fe7c8350183c4976fc7d2316dc8d1cd555d7fbeee50e334baa"",""max_displacement_m"":0.0}]",,,,,,
29,S6,,,,,,,,,,,,,,,,,,,,,819995.3293497,9896274.86203712,S6,DWG_DIRECT:text|RULE:AI-IMB-LABEL-001,ad7eb2bf643ba81ff9705fea28ee4253ca7c56beaf9091e8ff102fe76b7c8cc7,4C72C,Homepass Number,SOURCE_HOME_LABEL,6,,BYLAYER,30,0.0,0.0,0.0,ACI:6|LT:BYLAYER|LW:30|ROT_QGIS:0.000000000,"[{""operation"":""identity"",""source_entity_key"":""ad7eb2bf643ba81ff9705fea28ee4253ca7c56beaf9091e8ff102fe76b7c8cc7"",""max_displacement_m"":0.0}]",,,,,,
30,AG2,,,,,,,,,,,,,,,,,,,,,819897.4362997259,9896372.12188299,AG2,DWG_DIRECT:text|RULE:AI-IMB-LABEL-001,85838650d47b9cd212400712e96bf78d2a87c563ff63f5754cbb22982925d6fa,4CCA6,Homepass Number,SOURCE_HOME_LABEL,6,,BYLAYER,30,0.0,0.0,0.0,ACI:6|LT:BYLAYER|LW:30|ROT_QGIS:0.000000000,"[{""operation"":""identity"",""source_entity_key"":""85838650d47b9cd212400712e96bf78d2a87c563ff63f5754cbb22982925d6fa"",""max_displacement_m"":0.0}]",,,,,,
31,Z10,,,,,,,,,,,,,,,,,,,,,819876.1682093297,9896299.058423966,Z10,DWG_DIRECT:text|RULE:AI-IMB-LABEL-001,0510c2f28d2768eb58f68106d4629303cc0810f4a9d1d95efda408e0a4beb6b8,4CC66,Homepass Number,SOURCE_HOME_LABEL,6,,BYLAYER,30,0.0,0.0,0.0,ACI:6|LT:BYLAYER|LW:30|ROT_QGIS:0.000000000,"[{""operation"":""identity"",""source_entity_key"":""0510c2f28d2768eb58f68106d4629303cc0810f4a9d1d95efda408e0a4beb6b8"",""max_displacement_m"":0.0}]",,,,,,
32,J4,,,,,,,,,,,,,,,,,,,,,819981.2823799262,9896175.883247789,J4,DWG_DIRECT:text|RULE:AI-IMB-LABEL-001,8aea83956a4a18a5d29f1abcade5dab684219e8723a1d429f4500025443c5fb1,4C6F3,Homepass Number,SOURCE_HOME_LABEL,6,,BYLAYER,30,0.0,0.0,0.0,ACI:6|LT:BYLAYER|LW:30|ROT_QGIS:0.000000000,"[{""operation"":""identity"",""source_entity_key"":""8aea83956a4a18a5d29f1abcade5dab684219e8723a1d429f4500025443c5fb1"",""max_displacement_m"":0.0}]",,,,,,
33,W6,,,,,,,,,,,,,,,,,,,,,819930.8168715085,9896277.187423272,W6,DWG_DIRECT:text|RULE:AI-IMB-LABEL-001,5dbf1f8266330d2b66ac4ac8ff3dd057748aeeab964c8c080b15949bd31af53d,4CC7E,Homepass Number,SOURCE_HOME_LABEL,6,,BYLAYER,30,0.0,0.0,0.0,ACI:6|LT:BYLAYER|LW:30|ROT_QGIS:0.000000000,"[{""operation"":""identity"",""source_entity_key"":""5dbf1f8266330d2b66ac4ac8ff3dd057748aeeab964c8c080b15949bd31af53d"",""max_displacement_m"":0.0}]",,,,,,
34,V9,,,,,,,,,,,,,,,,,,,,,819950.0600340903,9896296.800984114,V9,DWG_DIRECT:text|RULE:AI-IMB-LABEL-001,bb54464644644a85e1bf848a4f660bb0d8900a62d12c01688946427c1ba3cb42,4CBE8,Homepass Number,SOURCE_HOME_LABEL,6,,BYLAYER,30,0.0,0.0,0.0,ACI:6|LT:BYLAYER|LW:30|ROT_QGIS:0.000000000,"[{""operation"":""identity"",""source_entity_key"":""bb54464644644a85e1bf848a4f660bb0d8900a62d12c01688946427c1ba3cb42"",""max_displacement_m"":0.0}]",,,,,,
35,J3,,,,,,,,,,,,,,,,,,,,,819980.9833412189,9896168.945517564,J3,DWG_DIRECT:text|RULE:AI-IMB-LABEL-001,6369bb1e3f5f63b16701d46359263506bf6cc2ae43e94e021e7d111fc907600f,4C6F0,Homepass Number,SOURCE_HOME_LABEL,6,,BYLAYER,30,0.0,0.0,0.0,ACI:6|LT:BYLAYER|LW:30|ROT_QGIS:0.000000000,"[{""operation"":""identity"",""source_entity_key"":""6369bb1e3f5f63b16701d46359263506bf6cc2ae43e94e021e7d111fc907600f"",""max_displacement_m"":0.0}]",,,,,,
36,S8,,,,,,,,,,,,,,,,,,,,,819996.2258899208,9896287.144644657,S8,DWG_DIRECT:text|RULE:AI-IMB-LABEL-001,095e79b86ac3f13ac410f9d2acd55cc163b6323b4877babb0c589843d98e63e3,4CBEB,Homepass Number,SOURCE_HOME_LABEL,6,,BYLAYER,30,0.0,0.0,0.0,ACI:6|LT:BYLAYER|LW:30|ROT_QGIS:0.000000000,"[{""operation"":""identity"",""source_entity_key"":""095e79b86ac3f13ac410f9d2acd55cc163b6323b4877babb0c589843d98e63e3"",""max_displacement_m"":0.0}]",,,,,,
37,H4,,,,,,,,,,,,,,,,,,,,,819923.2234088338,9896128.608696343,H4,DWG_DIRECT:text|RULE:AI-IMB-LABEL-001,2ee8cd533682542d22f3fcd159b8d44de26667f7ca4cddfaa1c2bb49b771568b,4CC04,Homepass Number,SOURCE_HOME_LABEL,6,,BYLAYER,30,0.0,0.0,0.0,ACI:6|LT:BYLAYER|LW:30|ROT_QGIS:0.000000000,"[{""operation"":""identity"",""source_entity_key"":""2ee8cd533682542d22f3fcd159b8d44de26667f7ca4cddfaa1c2bb49b771568b"",""max_displacement_m"":0.0}]",,,,,,
38,I/11,,,,,,,,,,,,,,,,,,,,,819995.3277067547,9896224.595360525,I/11,DWG_DIRECT:text|RULE:AI-IMB-LABEL-001,ac8f4c702798d82d7d60accca3aac3fa5c721580de8b6e45ca1b7ae60b10243a,4C6E7,Homepass Number,SOURCE_HOME_LABEL,6,,BYLAYER,30,0.0,0.0,0.0,ACI:6|LT:BYLAYER|LW:30|ROT_QGIS:0.000000000,"[{""operation"":""identity"",""source_entity_key"":""ac8f4c702798d82d7d60accca3aac3fa5c721580de8b6e45ca1b7ae60b10243a"",""max_displacement_m"":0.0}]",,,,,,
39,R4,,,,,,,,,,,,,,,,,,,,,819871.6772360916,9896181.056087837,R4,DWG_DIRECT:text|RULE:AI-IMB-LABEL-001,729d118626a7ca25a4222dad48ed244725e91c2f5376817af1a7310f1445f905,4CC32,Homepass Number,SOURCE_HOME_LABEL,6,,BYLAYER,30,0.0,0.0,0.0,ACI:6|LT:BYLAYER|LW:30|ROT_QGIS:0.000000000,"[{""operation"":""identity"",""source_entity_key"":""729d118626a7ca25a4222dad48ed244725e91c2f5376817af1a7310f1445f905"",""max_displacement_m"":0.0}]",,,,,,
40,AG1,,,,,,,,,,,,,,,,,,,,,819909.1703803027,9896371.029910741,AG1,DWG_DIRECT:text|RULE:AI-IMB-LABEL-001,7056a7f8ae56b77cadefff8b1f21d6508242a56473ec27c6496813f48fc7d87a,4CCA7,Homepass Number,SOURCE_HOME_LABEL,6,,BYLAYER,30,0.0,0.0,0.0,ACI:6|LT:BYLAYER|LW:30|ROT_QGIS:0.000000000,"[{""operation"":""identity"",""source_entity_key"":""7056a7f8ae56b77cadefff8b1f21d6508242a56473ec27c6496813f48fc7d87a"",""max_displacement_m"":0.0}]",,,,,,
41,K4,,,,,,,,,,,,,,,,,,,,,819960.9265716476,9896177.071149511,K4,DWG_DIRECT:text|RULE:AI-IMB-LABEL-001,060978f9a70ef3a0fa8c893e88f8d13eca6a730c0ede91f44e10db88f36c1f03,4C714,Homepass Number,SOURCE_HOME_LABEL,6,,BYLAYER,30,0.0,0.0,0.0,ACI:6|LT:BYLAYER|LW:30|ROT_QGIS:0.000000000,"[{""operation"":""identity"",""source_entity_key"":""060978f9a70ef3a0fa8c893e88f8d13eca6a730c0ede91f44e10db88f36c1f03"",""max_displacement_m"":0.0}]",,,,,,
42,F4,,,,,,,,,,,,,,,,,,,,,819956.9272069498,9896092.518274106,F4,DWG_DIRECT:text|RULE:AI-IMB-LABEL-001,27b6c73844be034bd1c4eeb34240c941d089821ab4093649c669c7cf81c9358f,4C690,Homepass Number,SOURCE_HOME_LABEL,6,,BYLAYER,30,0.0,0.0,0.0,ACI:6|LT:BYLAYER|LW:30|ROT_QGIS:0.000000000,"[{""operation"":""identity"",""source_entity_key"":""27b6c73844be034bd1c4eeb34240c941d089821ab4093649c669c7cf81c9358f"",""max_displacement_m"":0.0}]",,,,,,
43,Q7,,,,,,,,,,,,,,,,,,,,,819885.65603207,9896201.997277109,Q7,DWG_DIRECT:text|RULE:AI-IMB-LABEL-001,e9fda7d936931f6e9a05b974c02747a91de02042a1ee2a087dc036b2a8aa6659,4CC28,Homepass Number,SOURCE_HOME_LABEL,6,,BYLAYER,30,0.0,0.0,0.0,ACI:6|LT:BYLAYER|LW:30|ROT_QGIS:0.000000000,"[{""operation"":""identity"",""source_entity_key"":""e9fda7d936931f6e9a05b974c02747a91de02042a1ee2a087dc036b2a8aa6659"",""max_displacement_m"":0.0}]",,,,,,
44,O7,,,,,,,,,,,,,,,,,,,,,819890.4385100291,9896102.832366826,O7,DWG_DIRECT:text|RULE:AI-IMB-LABEL-001,c0239be3c0b848e6928817f46235f7f1c0b464b1aac7dfee754373e58f521a83,4CC14,Homepass Number,SOURCE_HOME_LABEL,6,,BYLAYER,30,0.0,0.0,0.0,ACI:6|LT:BYLAYER|LW:30|ROT_QGIS:0.000000000,"[{""operation"":""identity"",""source_entity_key"":""c0239be3c0b848e6928817f46235f7f1c0b464b1aac7dfee754373e58f521a83"",""max_displacement_m"":0.0}]",,,,,,
45,Z3,,,,,,,,,,,,,,,,,,,,,819874.1943649468,9896250.083459033,Z3,DWG_DIRECT:text|RULE:AI-IMB-LABEL-001,9ac4026b255ae4a625e918e378a635086b7ab4992cfc8d4596470dfde5c928d3,4CC58,Homepass Number,SOURCE_HOME_LABEL,6,,BYLAYER,30,0.0,0.0,0.0,ACI:6|LT:BYLAYER|LW:30|ROT_QGIS:0.000000000,"[{""operation"":""identity"",""source_entity_key"":""9ac4026b255ae4a625e918e378a635086b7ab4992cfc8d4596470dfde5c928d3"",""max_displacement_m"":0.0}]",,,,,,
46,S3,,,,,,,,,,,,,,,,,,,,,819995.0298443715,9896253.863317586,S3,DWG_DIRECT:text|RULE:AI-IMB-LABEL-001,eee51ea220978a06af57e39d8b748b71d09da840e7a10ef1c22fa4fdd6a29c09,4C723,Homepass Number,SOURCE_HOME_LABEL,6,,BYLAYER,30,0.0,0.0,0.0,ACI:6|LT:BYLAYER|LW:30|ROT_QGIS:0.000000000,"[{""operation"":""identity"",""source_entity_key"":""eee51ea220978a06af57e39d8b748b71d09da840e7a10ef1c22fa4fdd6a29c09"",""max_displacement_m"":0.0}]",,,,,,
47,B4,,,,,,,,,,,,,,,,,,,,,820037.976290725,9896071.291631047,B4,DWG_DIRECT:text|RULE:AI-IMB-LABEL-001,0241829d934b9e13c27cec72b42da794a06145e932452cb560e39946a35c2890,4C621,Homepass Number,SOURCE_HOME_LABEL,6,,BYLAYER,30,0.0,0.0,0.0,ACI:6|LT:BYLAYER|LW:30|ROT_QGIS:0.000000000,"[{""operation"":""identity"",""source_entity_key"":""0241829d934b9e13c27cec72b42da794a06145e932452cb560e39946a35c2890"",""max_displacement_m"":0.0}]",,,,,,
48,S4,,,,,,,,,,,,,,,,,,,,,819995.4409356388,9896260.986547615,S4,DWG_DIRECT:text|RULE:AI-IMB-LABEL-001,47d006991b37180a4ea30d5b8c16e421b7394790fece7f1738e23419e1cfaa73,4C726,Homepass Number,SOURCE_HOME_LABEL,6,,BYLAYER,30,0.0,0.0,0.0,ACI:6|LT:BYLAYER|LW:30|ROT_QGIS:0.000000000,"[{""operation"":""identity"",""source_entity_key"":""47d006991b37180a4ea30d5b8c16e421b7394790fece7f1738e23419e1cfaa73"",""max_displacement_m"":0.0}]",,,,,,
49,Z9,,,,,,,,,,,,,,,,,,,,,819875.2817055769,9896292.105089663,Z9,DWG_DIRECT:text|RULE:AI-IMB-LABEL-001,49f2bcabb4c135c668731f4a5f041efcd2d17ed51457839b7d3db8851a6cdae4,4CC64,Homepass Number,SOURCE_HOME_LABEL,6,,BYLAYER,30,0.0,0.0,0.0,ACI:6|LT:BYLAYER|LW:30|ROT_QGIS:0.000000000,"[{""operation"":""identity"",""source_entity_key"":""49f2bcabb4c135c668731f4a5f041efcd2d17ed51457839b7d3db8851a6cdae4"",""max_displacement_m"":0.0}]",,,,,,
50,I/9,,,,,,,,,,,,,,,,,,,,,819994.9163934456,9896210.979592007,I/9,DWG_DIRECT:text|RULE:AI-IMB-LABEL-001,8282b0053b640bea13de6da91e842898d1ccad4fe35e95701bb3ad7a52918eff,4C6E1,Homepass Number,SOURCE_HOME_LABEL,6,,BYLAYER,30,0.0,0.0,0.0,ACI:6|LT:BYLAYER|LW:30|ROT_QGIS:0.000000000,"[{""operation"":""identity"",""source_entity_key"":""8282b0053b640bea13de6da91e842898d1ccad4fe35e95701bb3ad7a52918eff"",""max_displacement_m"":0.0}]",,,,,,
51,J8,,,,,,,,,,,,,,,,,,,,,819982.8147016376,9896204.190662092,J8,DWG_DIRECT:text|RULE:AI-IMB-LABEL-001,4e7f0f21eba61944333536cbdba7944621973d61037a6be8ebc2da870e62c5c5,4C6FF,Homepass Number,SOURCE_HOME_LABEL,6,,BYLAYER,30,0.0,0.0,0.0,ACI:6|LT:BYLAYER|LW:30|ROT_QGIS:0.000000000,"[{""operation"":""identity"",""source_entity_key"":""4e7f0f21eba61944333536cbdba7944621973d61037a6be8ebc2da870e62c5c5"",""max_displacement_m"":0.0}]",,,,,,
52,AJ6,,,,,,,,,,,,,,,,,,,,,820038.9908824302,9896275.268384054,AJ6,DWG_DIRECT:text|RULE:AI-IMB-LABEL-001,1cadf85bb7bf427c74fb77edd4818127f3a5455cba3a5630edf0c29ddb807ef2,4CBFB,Homepass Number,SOURCE_HOME_LABEL,6,,BYLAYER,30,0.0,0.0,0.0,ACI:6|LT:BYLAYER|LW:30|ROT_QGIS:0.000000000,"[{""operation"":""identity"",""source_entity_key"":""1cadf85bb7bf427c74fb77edd4818127f3a5455cba3a5630edf0c29ddb807ef2"",""max_displacement_m"":0.0}]",,,,,,
53,AC12,,,,,,,,,,,,,,,,,,,,,819832.3861175029,9896314.59137324,AC12,DWG_DIRECT:text|RULE:AI-IMB-LABEL-001,4a20d51b59d300a4999debc2f3495b4eff0434458f18bb39815fa74f955f891c,4CC46,Homepass Number,SOURCE_HOME_LABEL,6,,BYLAYER,30,0.0,0.0,0.0,ACI:6|LT:BYLAYER|LW:30|ROT_QGIS:0.000000000,"[{""operation"":""identity"",""source_entity_key"":""4a20d51b59d300a4999debc2f3495b4eff0434458f18bb39815fa74f955f891c"",""max_displacement_m"":0.0}]",,,,,,
54,T10,,,,,,,,,,,,,,,,,,,,,819984.4490105768,9896301.335555984,T10,DWG_DIRECT:text|RULE:AI-IMB-LABEL-001,e0e25a1dd63d2282af89774117a464a14aa5e5078a14116e0373e37cb63b323b,4CBF0,Homepass Number,SOURCE_HOME_LABEL,6,,BYLAYER,30,0.0,0.0,0.0,ACI:6|LT:BYLAYER|LW:30|ROT_QGIS:0.000000000,"[{""operation"":""identity"",""source_entity_key"":""e0e25a1dd63d2282af89774117a464a14aa5e5078a14116e0373e37cb63b323b"",""max_displacement_m"":0.0}]",,,,,,
55,O3,,,,,,,,,,,,,,,,,,,,,819891.6646876858,9896130.574438931,O3,DWG_DIRECT:text|RULE:AI-IMB-LABEL-001,7a11e2aec4ce85b2212f9a260ef4ad859d41c79e8bf8f7ab69931633565d1771,4CC18,Homepass Number,SOURCE_HOME_LABEL,6,,BYLAYER,30,0.0,0.0,0.0,ACI:6|LT:BYLAYER|LW:30|ROT_QGIS:0.000000000,"[{""operation"":""identity"",""source_entity_key"":""7a11e2aec4ce85b2212f9a260ef4ad859d41c79e8bf8f7ab69931633565d1771"",""max_displacement_m"":0.0}]",,,,,,
56,H5,,,,,,,,,,,,,,,,,,,,,820027.6340370096,9896179.32785077,H5,DWG_DIRECT:text|RULE:AI-IMB-LABEL-001,8e42047383c8044b44e4e6a2057230fe55429a6e1a820bb16d6ec24cbf1fec29,4C6C3,Homepass Number,SOURCE_HOME_LABEL,6,,BYLAYER,30,0.0,0.0,0.0,ACI:6|LT:BYLAYER|LW:30|ROT_QGIS:0.000000000,"[{""operation"":""identity"",""source_entity_key"":""8e42047383c8044b44e4e6a2057230fe55429a6e1a820bb16d6ec24cbf1fec29"",""max_displacement_m"":0.0}]",,,,,,
57,A10,,,,,,,,,,,,,,,,,,,,,820006.9942616224,9896040.125506803,A10,DWG_DIRECT:text|RULE:AI-IMB-LABEL-001,815e0984a34de004b9995ba2ee161ea037fd70e49f2b80c1ecab632762286a06,4CCB1,Homepass Number,SOURCE_HOME_LABEL,6,,BYLAYER,30,0.0,0.0,0.0,ACI:6|LT:BYLAYER|LW:30|ROT_QGIS:0.000000000,"[{""operation"":""identity"",""source_entity_key"":""815e0984a34de004b9995ba2ee161ea037fd70e49f2b80c1ecab632762286a06"",""max_displacement_m"":0.0}]",,,,,,
58,Q10,,,,,,,,,,,,,,,,,,,,,819886.3508222197,9896221.881534876,Q10,DWG_DIRECT:text|RULE:AI-IMB-LABEL-001,bf6a951d81c70816348d431d9146d6b1427f4249172a7253abea5de1b9da20ba,4CC2B,Homepass Number,SOURCE_HOME_LABEL,6,,BYLAYER,30,0.0,0.0,0.0,ACI:6|LT:BYLAYER|LW:30|ROT_QGIS:0.000000000,"[{""operation"":""identity"",""source_entity_key"":""bf6a951d81c70816348d431d9146d6b1427f4249172a7253abea5de1b9da20ba"",""max_displacement_m"":0.0}]",,,,,,
59,AB2,,,,,,,,,,,,,,,,,,,,,819840.4612331399,9896245.328367976,AB2,DWG_DIRECT:text|RULE:AI-IMB-LABEL-001,c8e0015034b40cc2bc10602884767546c3a4615df346168d16474a4ba71d067e,4CC51,Homepass Number,SOURCE_HOME_LABEL,6,,BYLAYER,30,0.0,0.0,0.0,ACI:6|LT:BYLAYER|LW:30|ROT_QGIS:0.000000000,"[{""operation"":""identity"",""source_entity_key"":""c8e0015034b40cc2bc10602884767546c3a4615df346168d16474a4ba71d067e"",""max_displacement_m"":0.0}]",,,,,,
60,AA8,,,,,,,,,,,,,,,,,,,,,819862.6357527355,9896285.834624631,AA8,DWG_DIRECT:text|RULE:AI-IMB-LABEL-001,70bcb37dbf88be712d2d8c93377012070192b9f2cd24fb43af53284463bddbb1,4CC61,Homepass Number,SOURCE_HOME_LABEL,6,,BYLAYER,30,0.0,0.0,0.0,ACI:6|LT:BYLAYER|LW:30|ROT_QGIS:0.000000000,"[{""operation"":""identity"",""source_entity_key"":""70bcb37dbf88be712d2d8c93377012070192b9f2cd24fb43af53284463bddbb1"",""max_displacement_m"":0.0}]",,,,,,
61,AJ4,,,,,,,,,,,,,,,,,,,,,820039.2156318894,9896262.55768194,AJ4,DWG_DIRECT:text|RULE:AI-IMB-LABEL-001,f7ef00d05fa1fd9f22074810a477d181998b001834571ac5d9f5149a52d9c2de,4CBF9,Homepass Number,SOURCE_HOME_LABEL,6,,BYLAYER,30,0.0,0.0,0.0,ACI:6|LT:BYLAYER|LW:30|ROT_QGIS:0.000000000,"[{""operation"":""identity"",""source_entity_key"":""f7ef00d05fa1fd9f22074810a477d181998b001834571ac5d9f5149a52d9c2de"",""max_displacement_m"":0.0}]",,,,,,
62,R7,,,,,,,,,,,,,,,,,,,,,819872.3293677317,9896202.045765318,R7,DWG_DIRECT:text|RULE:AI-IMB-LABEL-001,e3b52ce0083a3407f7f5506d08ac2ee49ffe67a03f5231031bbdbfc58e4cf3bf,4CC2F,Homepass Number,SOURCE_HOME_LABEL,6,,BYLAYER,30,0.0,0.0,0.0,ACI:6|LT:BYLAYER|LW:30|ROT_QGIS:0.000000000,"[{""operation"":""identity"",""source_entity_key"":""e3b52ce0083a3407f7f5506d08ac2ee49ffe67a03f5231031bbdbfc58e4cf3bf"",""max_displacement_m"":0.0}]",,,,,,
63,L1,,,,,,,,,,,,,,,,,,,,,819946.660752838,9896156.141967345,L1,DWG_DIRECT:text|RULE:AI-IMB-LABEL-001,6540415f1a4427d24c55d1215840a30e8c813b5bbed56fc3c2bc684ac53fe3c8,4CBD8,Homepass Number,SOURCE_HOME_LABEL,6,,BYLAYER,30,0.0,0.0,0.0,ACI:6|LT:BYLAYER|LW:30|ROT_QGIS:0.000000000,"[{""operation"":""identity"",""source_entity_key"":""6540415f1a4427d24c55d1215840a30e8c813b5bbed56fc3c2bc684ac53fe3c8"",""max_displacement_m"":0.0}]",,,,,,
64,AA9,,,,,,,,,,,,,,,,,,,,,819863.20764758,9896292.70541211,AA9,DWG_DIRECT:text|RULE:AI-IMB-LABEL-001,545c2419e3299999905867a346ac9aeac8deebf3d443470991cc2d33562c1ab7,4CC63,Homepass Number,SOURCE_HOME_LABEL,6,,BYLAYER,30,0.0,0.0,0.0,ACI:6|LT:BYLAYER|LW:30|ROT_QGIS:0.000000000,"[{""operation"":""identity"",""source_entity_key"":""545c2419e3299999905867a346ac9aeac8deebf3d443470991cc2d33562c1ab7"",""max_displacement_m"":0.0}]",,,,,,
65,AJ3,,,,,,,,,,,,,,,,,,,,,820014.937450421,9896281.555021318,AJ3,DWG_DIRECT:text|RULE:AI-IMB-LABEL-001,face1b28c746af93d7ede3217b1663cd11b89c7424636c32155878d25bbc9e79,4CBF8,Homepass Number,SOURCE_HOME_LABEL,6,,BYLAYER,30,0.0,0.0,0.0,ACI:6|LT:BYLAYER|LW:30|ROT_QGIS:0.000000000,"[{""operation"":""identity"",""source_entity_key"":""face1b28c746af93d7ede3217b1663cd11b89c7424636c32155878d25bbc9e79"",""max_displacement_m"":0.0}]",,,,,,
66,I/10,,,,,,,,,,,,,,,,,,,,,819995.2527765752,9896217.806021878,I/10,DWG_DIRECT:text|RULE:AI-IMB-LABEL-001,ca7d5f787f70f44d2b51143c71874f3d1b7c1bcbaa077cd891db64c478048876,4C6E4,Homepass Number,SOURCE_HOME_LABEL,6,,BYLAYER,30,0.0,0.0,0.0,ACI:6|LT:BYLAYER|LW:30|ROT_QGIS:0.000000000,"[{""operation"":""identity"",""source_entity_key"":""ca7d5f787f70f44d2b51143c71874f3d1b7c1bcbaa077cd891db64c478048876"",""max_displacement_m"":0.0}]",,,,,,
67,X10,,,,,,,,,,,,,,,,,,,,,819919.7307104529,9896305.962814162,X10,DWG_DIRECT:text|RULE:AI-IMB-LABEL-001,62ecde7df410d851c86892bb8715cc1a9ff128ad8532ad733997fb84aba6bb20,4CC85,Homepass Number,SOURCE_HOME_LABEL,6,,BYLAYER,30,0.0,0.0,0.0,ACI:6|LT:BYLAYER|LW:30|ROT_QGIS:0.000000000,"[{""operation"":""identity"",""source_entity_key"":""62ecde7df410d851c86892bb8715cc1a9ff128ad8532ad733997fb84aba6bb20"",""max_displacement_m"":0.0}]",,,,,,
68,V1,,,,,,,,,,,,,,,,,,,,,819949.1633645814,9896240.508778887,V1,DWG_DIRECT:text|RULE:AI-IMB-LABEL-001,dec692fcaf21c00ca0e1aaa4701423747b0d4b69769aeaec34f50378b0cc4bf9,4C747,Homepass Number,SOURCE_HOME_LABEL,6,,BYLAYER,30,0.0,0.0,0.0,ACI:6|LT:BYLAYER|LW:30|ROT_QGIS:0.000000000,"[{""operation"":""identity"",""source_entity_key"":""dec692fcaf21c00ca0e1aaa4701423747b0d4b69769aeaec34f50378b0cc4bf9"",""max_displacement_m"":0.0}]",,,,,,
69,Y10,,,,,,,,,,,,,,,,,,,,,819898.0011168302,9896298.454400046,Y10,DWG_DIRECT:text|RULE:AI-IMB-LABEL-001,212bb06151f3c1fbd967945672b88da982f38b42d4528af89aad09d104268cf0,4CC6D,Homepass Number,SOURCE_HOME_LABEL,6,,BYLAYER,30,0.0,0.0,0.0,ACI:6|LT:BYLAYER|LW:30|ROT_QGIS:0.000000000,"[{""operation"":""identity"",""source_entity_key"":""212bb06151f3c1fbd967945672b88da982f38b42d4528af89aad09d104268cf0"",""max_displacement_m"":0.0}]",,,,,,
70,K3,,,,,,,,,,,,,,,,,,,,,819961.1130882566,9896170.207604205,K3,DWG_DIRECT:text|RULE:AI-IMB-LABEL-001,3b8ecf1a3bb587b3cdf0c2a6b7c2251a43ef128a5c5396c833e607c541389c79,4C711,Homepass Number,SOURCE_HOME_LABEL,6,,BYLAYER,30,0.0,0.0,0.0,ACI:6|LT:BYLAYER|LW:30|ROT_QGIS:0.000000000,"[{""operation"":""identity"",""source_entity_key"":""3b8ecf1a3bb587b3cdf0c2a6b7c2251a43ef128a5c5396c833e607c541389c79"",""max_displacement_m"":0.0}]",,,,,,
71,O2,,,,,,,,,,,,,,,,,,,,,819892.3951546394,9896137.523065887,O2,DWG_DIRECT:text|RULE:AI-IMB-LABEL-001,3c6738d2a7c9d6d5e080f65496c509e4180f5ff0c42f7e9455a0ccce43658b39,4CC19,Homepass Number,SOURCE_HOME_LABEL,6,,BYLAYER,30,0.0,0.0,0.0,ACI:6|LT:BYLAYER|LW:30|ROT_QGIS:0.000000000,"[{""operation"":""identity"",""source_entity_key"":""3c6738d2a7c9d6d5e080f65496c509e4180f5ff0c42f7e9455a0ccce43658b39"",""max_displacement_m"":0.0}]",,,,,,
72,AB1,,,,,,,,,,,,,,,,,,,,,819840.3712872596,9896238.363495063,AB1,DWG_DIRECT:text|RULE:AI-IMB-LABEL-001,a9694ed2bf853ebcf7abae7b2668fed19bb989c4d382a2a22dc1cf4304f9f2fd,4CC52,Homepass Number,SOURCE_HOME_LABEL,6,,BYLAYER,30,0.0,0.0,0.0,ACI:6|LT:BYLAYER|LW:30|ROT_QGIS:0.000000000,"[{""operation"":""identity"",""source_entity_key"":""a9694ed2bf853ebcf7abae7b2668fed19bb989c4d382a2a22dc1cf4304f9f2fd"",""max_displacement_m"":0.0}]",,,,,,
73,A4,,,,,,,,,,,,,,,,,,,,,820045.6853376648,9896037.881487995,A4,DWG_DIRECT:text|RULE:AI-IMB-LABEL-001,02d3410e65545db698dedab26c4fdaac937e43a56847ea8ffbc4a33a57356fc7,4CCAB,Homepass Number,SOURCE_HOME_LABEL,6,,BYLAYER,30,0.0,0.0,0.0,ACI:6|LT:BYLAYER|LW:30|ROT_QGIS:0.000000000,"[{""operation"":""identity"",""source_entity_key"":""02d3410e65545db698dedab26c4fdaac937e43a56847ea8ffbc4a33a57356fc7"",""max_displacement_m"":0.0}]",,,,,,
74,D8,,,,,,,,,,,,,,,,,,,,,819991.813170823,9896120.302631238,D8,DWG_DIRECT:text|RULE:AI-IMB-LABEL-001,4bd6242fd169a75d9ff04adffbf0569aec12e7d899de45a3d4b25af48a339ba1,4C65A,Homepass Number,SOURCE_HOME_LABEL,6,,BYLAYER,30,0.0,0.0,0.0,ACI:6|LT:BYLAYER|LW:30|ROT_QGIS:0.000000000,"[{""operation"":""identity"",""source_entity_key"":""4bd6242fd169a75d9ff04adffbf0569aec12e7d899de45a3d4b25af48a339ba1"",""max_displacement_m"":0.0}]",,,,,,
75,E11,,,,,,,,,,,,,,,,,,,,,819979.3389651935,9896142.15508794,E11,DWG_DIRECT:text|RULE:AI-IMB-LABEL-001,82f62666fa8de45cc2508af116aa515cd23b20d1908f83b3ceb02c5193d80fcc,4C684,Homepass Number,SOURCE_HOME_LABEL,6,,BYLAYER,30,0.0,0.0,0.0,ACI:6|LT:BYLAYER|LW:30|ROT_QGIS:0.000000000,"[{""operation"":""identity"",""source_entity_key"":""82f62666fa8de45cc2508af116aa515cd23b20d1908f83b3ceb02c5193d80fcc"",""max_displacement_m"":0.0}]",,,,,,
76,AB5,,,,,,,,,,,,,,,,,,,,,819841.9907356552,9896265.840855777,AB5,DWG_DIRECT:text|RULE:AI-IMB-LABEL-001,349d5e578c14c7c4fddc3790b9c88cb79d5a61b4041bb6b13ac1a746c69ee586,4CC4E,Homepass Number,SOURCE_HOME_LABEL,6,,BYLAYER,30,0.0,0.0,0.0,ACI:6|LT:BYLAYER|LW:30|ROT_QGIS:0.000000000,"[{""operation"":""identity"",""source_entity_key"":""349d5e578c14c7c4fddc3790b9c88cb79d5a61b4041bb6b13ac1a746c69ee586"",""max_displacement_m"":0.0}]",,,,,,
77,AC10,,,,,,,,,,,,,,,,,,,,,819831.2220741453,9896300.756877925,AC10,DWG_DIRECT:text|RULE:AI-IMB-LABEL-001,e56713d9c34b6f1fd0ce87315fca4f32d5346fb67bc0d572bd3334f6d927ab18,4CC44,Homepass Number,SOURCE_HOME_LABEL,6,,BYLAYER,30,0.0,0.0,0.0,ACI:6|LT:BYLAYER|LW:30|ROT_QGIS:0.000000000,"[{""operation"":""identity"",""source_entity_key"":""e56713d9c34b6f1fd0ce87315fca4f32d5346fb67bc0d572bd3334f6d927ab18"",""max_displacement_m"":0.0}]",,,,,,
78,A6,,,,,,,,,,,,,,,,,,,,,820031.9489518836,9896038.368171971,A6,DWG_DIRECT:text|RULE:AI-IMB-LABEL-001,1f4a3b624bcc14eeed55038532216a43136cdc547f806bc4b31b216890ab260e,4CCAD,Homepass Number,SOURCE_HOME_LABEL,6,,BYLAYER,30,0.0,0.0,0.0,ACI:6|LT:BYLAYER|LW:30|ROT_QGIS:0.000000000,"[{""operation"":""identity"",""source_entity_key"":""1f4a3b624bcc14eeed55038532216a43136cdc547f806bc4b31b216890ab260e"",""max_displacement_m"":0.0}]",,,,,,
79,L6,,,,,,,,,,,,,,,,,,,,,819948.1085876441,9896191.206302125,L6,DWG_DIRECT:text|RULE:AI-IMB-LABEL-001,c5ceea2ba73374e6263f8beb0be15dfb0614b07983f9642cfc4a4d8304d69fb5,4CBD3,Homepass Number,SOURCE_HOME_LABEL,6,,BYLAYER,30,0.0,0.0,0.0,ACI:6|LT:BYLAYER|LW:30|ROT_QGIS:0.000000000,"[{""operation"":""identity"",""source_entity_key"":""c5ceea2ba73374e6263f8beb0be15dfb0614b07983f9642cfc4a4d8304d69fb5"",""max_displacement_m"":0.0}]",,,,,,
80,N2,,,,,,,,,,,,,,,,,,,,,819912.2931021119,9896136.6264845,N2,DWG_DIRECT:text|RULE:AI-IMB-LABEL-001,eafbf3d16d71c622042519ca1d902658e2985b7b1cddc5f2080f6b235c3792a4,4CC11,Homepass Number,SOURCE_HOME_LABEL,6,,BYLAYER,30,0.0,0.0,0.0,ACI:6|LT:BYLAYER|LW:30|ROT_QGIS:0.000000000,"[{""operation"":""identity"",""source_entity_key"":""eafbf3d16d71c622042519ca1d902658e2985b7b1cddc5f2080f6b235c3792a4"",""max_displacement_m"":0.0}]",,,,,,
81,D7,,,,,,,,,,,,,,,,,,,,,819990.356266763,9896113.1794407,D7,DWG_DIRECT:text|RULE:AI-IMB-LABEL-001,3e8eac435382c95313264baa80b7a8221d0be4de5289b11cdb7897c0ddb826dd,4C657,Homepass Number,SOURCE_HOME_LABEL,6,,BYLAYER,30,0.0,0.0,0.0,ACI:6|LT:BYLAYER|LW:30|ROT_QGIS:0.000000000,"[{""operation"":""identity"",""source_entity_key"":""3e8eac435382c95313264baa80b7a8221d0be4de5289b11cdb7897c0ddb826dd"",""max_displacement_m"":0.0}]",,,,,,
82,U9,,,,,,,,,,,,,,,,,,,,,819964.0917105635,9896295.648454223,U9,DWG_DIRECT:text|RULE:AI-IMB-LABEL-001,fe6cca6f2dc0dd090595e68ff970fc0b6f5e4b1a36d62275584ed244a7c95a44,4CBDF,Homepass Number,SOURCE_HOME_LABEL,6,,BYLAYER,30,0.0,0.0,0.0,ACI:6|LT:BYLAYER|LW:30|ROT_QGIS:0.000000000,"[{""operation"":""identity"",""source_entity_key"":""fe6cca6f2dc0dd090595e68ff970fc0b6f5e4b1a36d62275584ed244a7c95a44"",""max_displacement_m"":0.0}]",,,,,,
83,E8,,,,,,,,,,,,,,,,,,,,,819979.0394477872,9896121.416079909,E8,DWG_DIRECT:text|RULE:AI-IMB-LABEL-001,c649a1f360c2947b998db19e2a332be44cd44f75364cd7b868708ab15f806049,4C67B,Homepass Number,SOURCE_HOME_LABEL,6,,BYLAYER,30,0.0,0.0,0.0,ACI:6|LT:BYLAYER|LW:30|ROT_QGIS:0.000000000,"[{""operation"":""identity"",""source_entity_key"":""c649a1f360c2947b998db19e2a332be44cd44f75364cd7b868708ab15f806049"",""max_displacement_m"":0.0}]",,,,,,
84,AB11,,,,,,,,,,,,,,,,,,,,,819843.7639064194,9896306.713947972,AB11,DWG_DIRECT:text|RULE:AI-IMB-LABEL-001,7fa9771a7b720ed05bade419d0c9a7d00523a6de67b92795fa340a146f0ed85d,4CC48,Homepass Number,SOURCE_HOME_LABEL,6,,BYLAYER,30,0.0,0.0,0.0,ACI:6|LT:BYLAYER|LW:30|ROT_QGIS:0.000000000,"[{""operation"":""identity"",""source_entity_key"":""7fa9771a7b720ed05bade419d0c9a7d00523a6de67b92795fa340a146f0ed85d"",""max_displacement_m"":0.0}]",,,,,,
85,L5,,,,,,,,,,,,,,,,,,,,,819947.7610677244,9896184.285824735,L5,DWG_DIRECT:text|RULE:AI-IMB-LABEL-001,6a61e8121a3250bd7ac421f5cb69c0b89180d8e5bb91e50a5aaa5d570ea4fd12,4CBD4,Homepass Number,SOURCE_HOME_LABEL,6,,BYLAYER,30,0.0,0.0,0.0,ACI:6|LT:BYLAYER|LW:30|ROT_QGIS:0.000000000,"[{""operation"":""identity"",""source_entity_key"":""6a61e8121a3250bd7ac421f5cb69c0b89180d8e5bb91e50a5aaa5d570ea4fd12"",""max_displacement_m"":0.0}]",,,,,,
86,T2,,,,,,,,,,,,,,,,,,,,,819982.1811621264,9896245.809054572,T2,DWG_DIRECT:text|RULE:AI-IMB-LABEL-001,1d99fc03bdb30f57226785c4347c03fb85a85244b6d8f4d3d4f6cc17ea8124bb,4C738,Homepass Number,SOURCE_HOME_LABEL,6,,BYLAYER,30,0.0,0.0,0.0,ACI:6|LT:BYLAYER|LW:30|ROT_QGIS:0.000000000,"[{""operation"":""identity"",""source_entity_key"":""1d99fc03bdb30f57226785c4347c03fb85a85244b6d8f4d3d4f6cc17ea8124bb"",""max_displacement_m"":0.0}]",,,,,,
87,P7,,,,,,,,,,,,,,,,,,,,,819877.772774088,9896102.738426125,P7,DWG_DIRECT:text|RULE:AI-IMB-LABEL-001,515af4b582044cab2643edd74b804c3e6f835465f29f6d393d34d927f16a446b,4CC21,Homepass Number,SOURCE_HOME_LABEL,6,,BYLAYER,30,0.0,0.0,0.0,ACI:6|LT:BYLAYER|LW:30|ROT_QGIS:0.000000000,"[{""operation"":""identity"",""source_entity_key"":""515af4b582044cab2643edd74b804c3e6f835465f29f6d393d34d927f16a446b"",""max_displacement_m"":0.0}]",,,,,,
88,U10,,,,,,,,,,,,,,,,,,,,,819964.7957968494,9896303.105764134,U10,DWG_DIRECT:text|RULE:AI-IMB-LABEL-001,efdac8c4adf2cabcf0a07bdce174c92d1d8f25125c7369a3c5c8a5b07e541f09,4CBE0,Homepass Number,SOURCE_HOME_LABEL,6,,BYLAYER,30,0.0,0.0,0.0,ACI:6|LT:BYLAYER|LW:30|ROT_QGIS:0.000000000,"[{""operation"":""identity"",""source_entity_key"":""efdac8c4adf2cabcf0a07bdce174c92d1d8f25125c7369a3c5c8a5b07e541f09"",""max_displacement_m"":0.0}]",,,,,,
89,S11,,,,,,,,,,,,,,,,,,,,,819997.2288642732,9896307.91392711,S11,DWG_DIRECT:text|RULE:AI-IMB-LABEL-001,1e8c38feedc255a9c7cfdfb5310fc120c2b1175f2172777cd73441bb200fff7d,4CBEE,Homepass Number,SOURCE_HOME_LABEL,6,,BYLAYER,30,0.0,0.0,0.0,ACI:6|LT:BYLAYER|LW:30|ROT_QGIS:0.000000000,"[{""operation"":""identity"",""source_entity_key"":""1e8c38feedc255a9c7cfdfb5310fc120c2b1175f2172777cd73441bb200fff7d"",""max_displacement_m"":0.0}]",,,,,,
90,K8,,,,,,,,,,,,,,,,,,,,,819961.7487569106,9896204.643708203,K8,DWG_DIRECT:text|RULE:AI-IMB-LABEL-001,92d82461aadf9417b2e9740c42f5be9f9680dac736e296510ce2be2abdc1203e,4CBCA,Homepass Number,SOURCE_HOME_LABEL,6,,BYLAYER,30,0.0,0.0,0.0,ACI:6|LT:BYLAYER|LW:30|ROT_QGIS:0.000000000,"[{""operation"":""identity"",""source_entity_key"":""92d82461aadf9417b2e9740c42f5be9f9680dac736e296510ce2be2abdc1203e"",""max_displacement_m"":0.0}]",,,,,,
91,AA10,,,,,,,,,,,,,,,,,,,,,819864.0369243949,9896299.430051114,AA10,DWG_DIRECT:text|RULE:AI-IMB-LABEL-001,ece958b3e43db8226c47a48428bbde6a374fe40c11cc70693477eb02a7daf6e9,4CC65,Homepass Number,SOURCE_HOME_LABEL,6,,BYLAYER,30,0.0,0.0,0.0,ACI:6|LT:BYLAYER|LW:30|ROT_QGIS:0.000000000,"[{""operation"":""identity"",""source_entity_key"":""ece958b3e43db8226c47a48428bbde6a374fe40c11cc70693477eb02a7daf6e9"",""max_displacement_m"":0.0}]",,,,,,
92,C7,,,,,,,,,,,,,,,,,,,,,820010.4756825217,9896111.775696903,C7,DWG_DIRECT:text|RULE:AI-IMB-LABEL-001,ab98bb7150d66069f8eaced3db62e94b27dcf6589fb9baccdd5f52e34f511d25,4C636,Homepass Number,SOURCE_HOME_LABEL,6,,BYLAYER,30,0.0,0.0,0.0,ACI:6|LT:BYLAYER|LW:30|ROT_QGIS:0.000000000,"[{""operation"":""identity"",""source_entity_key"":""ab98bb7150d66069f8eaced3db62e94b27dcf6589fb9baccdd5f52e34f511d25"",""max_displacement_m"":0.0}]",,,,,,
93,D9,,,,,,,,,,,,,,,,,,,,,819991.0664330082,9896127.982401516,D9,DWG_DIRECT:text|RULE:AI-IMB-LABEL-001,72cc3a9351916ece701daa63bb6b10e007835287d120ad0a352d17c57a018c4a,4C65D,Homepass Number,SOURCE_HOME_LABEL,6,,BYLAYER,30,0.0,0.0,0.0,ACI:6|LT:BYLAYER|LW:30|ROT_QGIS:0.000000000,"[{""operation"":""identity"",""source_entity_key"":""72cc3a9351916ece701daa63bb6b10e007835287d120ad0a352d17c57a018c4a"",""max_displacement_m"":0.0}]",,,,,,
94,F6,,,,,,,,,,,,,,,,,,,,,819957.0023811465,9896106.171145963,F6,DWG_DIRECT:text|RULE:AI-IMB-LABEL-001,8412949a9f4449d0df8be4d1c296e61e8bc8ed1099718e90fc18457b5fdd3d4f,4C696,Homepass Number,SOURCE_HOME_LABEL,6,,BYLAYER,30,0.0,0.0,0.0,ACI:6|LT:BYLAYER|LW:30|ROT_QGIS:0.000000000,"[{""operation"":""identity"",""source_entity_key"":""8412949a9f4449d0df8be4d1c296e61e8bc8ed1099718e90fc18457b5fdd3d4f"",""max_displacement_m"":0.0}]",,,,,,
95,T6,,,,,,,,,,,,,,,,,,,,,819983.071098465,9896274.153614774,T6,DWG_DIRECT:text|RULE:AI-IMB-LABEL-001,a6a96abb802e5ea39239ea7dd486eec947c0113b32dcb68fd37310fa29da3100,4CBF4,Homepass Number,SOURCE_HOME_LABEL,6,,BYLAYER,30,0.0,0.0,0.0,ACI:6|LT:BYLAYER|LW:30|ROT_QGIS:0.000000000,"[{""operation"":""identity"",""source_entity_key"":""a6a96abb802e5ea39239ea7dd486eec947c0113b32dcb68fd37310fa29da3100"",""max_displacement_m"":0.0}]",,,,,,
96,K11,,,,,,,,,,,,,,,,,,,,,819961.7487569106,9896225.294590564,K11,DWG_DIRECT:text|RULE:AI-IMB-LABEL-001,32d862fd177bbdc47bf4e5edda58c5c85351f82003215fdef22e3ff8a6cbca19,4CBCD,Homepass Number,SOURCE_HOME_LABEL,6,,BYLAYER,30,0.0,0.0,0.0,ACI:6|LT:BYLAYER|LW:30|ROT_QGIS:0.000000000,"[{""operation"":""identity"",""source_entity_key"":""32d862fd177bbdc47bf4e5edda58c5c85351f82003215fdef22e3ff8a6cbca19"",""max_displacement_m"":0.0}]",,,,,,
97,AA5,,,,,,,,,,,,,,,,,,,,,819863.5222084711,9896265.251399985,AA5,DWG_DIRECT:text|RULE:AI-IMB-LABEL-001,7b5cf47db90e285874c34ca60a2f9966ce83ab9bcc0a92f1efbd165f841aa3bf,4CC5B,Homepass Number,SOURCE_HOME_LABEL,6,,BYLAYER,30,0.0,0.0,0.0,ACI:6|LT:BYLAYER|LW:30|ROT_QGIS:0.000000000,"[{""operation"":""identity"",""source_entity_key"":""7b5cf47db90e285874c34ca60a2f9966ce83ab9bcc0a92f1efbd165f841aa3bf"",""max_displacement_m"":0.0}]",,,,,,
98,H5,,,,,,,,,,,,,,,,,,,,,819923.6501859977,9896136.0082517,H5,DWG_DIRECT:text|RULE:AI-IMB-LABEL-001,b66adf143f0b1d6ef6dd1bae4d9e926a75b9f2bc8325171f98504d306debfa86,4CC03,Homepass Number,SOURCE_HOME_LABEL,6,,BYLAYER,30,0.0,0.0,0.0,ACI:6|LT:BYLAYER|LW:30|ROT_QGIS:0.000000000,"[{""operation"":""identity"",""source_entity_key"":""b66adf143f0b1d6ef6dd1bae4d9e926a75b9f2bc8325171f98504d306debfa86"",""max_displacement_m"":0.0}]",,,,,,
99,V4,,,,,,,,,,,,,,,,,,,,,819950.0600340903,9896261.590519391,V4,DWG_DIRECT:text|RULE:AI-IMB-LABEL-001,1f8149e894d702f90087dfacbfc12d3e5bf4a63b48332b2d2959bd1f91550d91,4CBE3,Homepass Number,SOURCE_HOME_LABEL,6,,BYLAYER,30,0.0,0.0,0.0,ACI:6|LT:BYLAYER|LW:30|ROT_QGIS:0.000000000,"[{""operation"":""identity"",""source_entity_key"":""1f8149e894d702f90087dfacbfc12d3e5bf4a63b48332b2d2959bd1f91550d91"",""max_displacement_m"":0.0}]",,,,,,
100,AH6,,,,,,,,,,,,,,,,,,,,,820039.654509396,9896247.056944933,AH6,DWG_DIRECT:text|RULE:AI-IMB-LABEL-001,626d8312b5c36194b8050cbd1bbe4c4a1f0b1a3d8dd13b48ea717f650438c42a,4CBFC,Homepass Number,SOURCE_HOME_LABEL,6,,BYLAYER,30,0.0,0.0,0.0,ACI:6|LT:BYLAYER|LW:30|ROT_QGIS:0.000000000,"[{""operation"":""identity"",""source_entity_key"":""626d8312b5c36194b8050cbd1bbe4c4a1f0b1a3d8dd13b48ea717f650438c42a"",""max_displacement_m"":0.0}]",,,,,,
101,I/7,,,,,,,,,,,,,,,,,,,,,819994.131543968,9896196.399230974,I/7,DWG_DIRECT:text|RULE:AI-IMB-LABEL-001,dc583ef36e622c17bfaeede1b84a676f119f767c72f5a163ca58a3704461e31d,4C6DB,Homepass Number,SOURCE_HOME_LABEL,6,,BYLAYER,30,0.0,0.0,0.0,ACI:6|LT:BYLAYER|LW:30|ROT_QGIS:0.000000000,"[{""operation"":""identity"",""source_entity_key"":""dc583ef36e622c17bfaeede1b84a676f119f767c72f5a163ca58a3704461e31d"",""max_displacement_m"":0.0}]",,,,,,
102,O5,,,,,,,,,,,,,,,,,,,,,819890.9880768604,9896116.831409434,O5,DWG_DIRECT:text|RULE:AI-IMB-LABEL-001,81857a6fb4bc1575e097dd12decdd747ba830983b7754e9eb56baa4521eddf0a,4CC16,Homepass Number,SOURCE_HOME_LABEL,6,,BYLAYER,30,0.0,0.0,0.0,ACI:6|LT:BYLAYER|LW:30|ROT_QGIS:0.000000000,"[{""operation"":""identity"",""source_entity_key"":""81857a6fb4bc1575e097dd12decdd747ba830983b7754e9eb56baa4521eddf0a"",""max_displacement_m"":0.0}]",,,,,,
103,AA15,,,,,,,,,,,,,,,,,,,,,819865.5544129986,9896335.907519495,AA15,DWG_DIRECT:text|RULE:AI-IMB-LABEL-001,d541abbe16f750c817af073328bb87e50d41490291456e97e1e2091235268eb9,4CC9D,Homepass Number,SOURCE_HOME_LABEL,6,,BYLAYER,30,0.0,0.0,0.0,ACI:6|LT:BYLAYER|LW:30|ROT_QGIS:0.000000000,"[{""operation"":""identity"",""source_entity_key"":""d541abbe16f750c817af073328bb87e50d41490291456e97e1e2091235268eb9"",""max_displacement_m"":0.0}]",,,,,,
104,AC9,,,,,,,,,,,,,,,,,,,,,819831.0432483675,9896294.038429752,AC9,DWG_DIRECT:text|RULE:AI-IMB-LABEL-001,01c9da885429f2ba3565be8fcb3a912a0ebc9c82e432057c65861025631071a3,4CC43,Homepass Number,SOURCE_HOME_LABEL,6,,BYLAYER,30,0.0,0.0,0.0,ACI:6|LT:BYLAYER|LW:30|ROT_QGIS:0.000000000,"[{""operation"":""identity"",""source_entity_key"":""01c9da885429f2ba3565be8fcb3a912a0ebc9c82e432057c65861025631071a3"",""max_displacement_m"":0.0}]",,,,,,
105,J5,,,,,,,,,,,,,,,,,,,,,819981.2079379206,9896183.451694595,J5,DWG_DIRECT:text|RULE:AI-IMB-LABEL-001,62db9086ce4f0e317184951ee7f2d2b935cd94411b00be4b3f7c6fdcb163fc57,4C6F6,Homepass Number,SOURCE_HOME_LABEL,6,,BYLAYER,30,0.0,0.0,0.0,ACI:6|LT:BYLAYER|LW:30|ROT_QGIS:0.000000000,"[{""operation"":""identity"",""source_entity_key"":""62db9086ce4f0e317184951ee7f2d2b935cd94411b00be4b3f7c6fdcb163fc57"",""max_displacement_m"":0.0}]",,,,,,
106,C1,,,,,,,,,,,,,,,,,,,,,820009.4033693416,9896070.4764297,C1,DWG_DIRECT:text|RULE:AI-IMB-LABEL-001,d51fd8acab755f3647d7e265ee93977dc49aeada46ca3d3474bb87bf33664f2b,4C624,Homepass Number,SOURCE_HOME_LABEL,6,,BYLAYER,30,0.0,0.0,0.0,ACI:6|LT:BYLAYER|LW:30|ROT_QGIS:0.000000000,"[{""operation"":""identity"",""source_entity_key"":""d51fd8acab755f3647d7e265ee93977dc49aeada46ca3d3474bb87bf33664f2b"",""max_displacement_m"":0.0}]",,,,,,
107,A3,,,,,,,,,,,,,,,,,,,,,820052.4561131938,9896037.735480633,A3,DWG_DIRECT:text|RULE:AI-IMB-LABEL-001,01be527911602a4c3b023577b0c54e5a4edd9780997b8603c06b47691dc036e2,4CCAA,Homepass Number,SOURCE_HOME_LABEL,6,,BYLAYER,30,0.0,0.0,0.0,ACI:6|LT:BYLAYER|LW:30|ROT_QGIS:0.000000000,"[{""operation"":""identity"",""source_entity_key"":""01be527911602a4c3b023577b0c54e5a4edd9780997b8603c06b47691dc036e2"",""max_displacement_m"":0.0}]",,,,,,
108,F1,,,,,,,,,,,,,,,,,,,,,819954.7227532065,9896071.591350352,F1,DWG_DIRECT:text|RULE:AI-IMB-LABEL-001,73b6ee67fdf583f0d1a6b18fc6b3b8d035dd408d998eaba03d578c1ed0ff4dfc,4C687,Homepass Number,SOURCE_HOME_LABEL,6,,BYLAYER,30,0.0,0.0,0.0,ACI:6|LT:BYLAYER|LW:30|ROT_QGIS:0.000000000,"[{""operation"":""identity"",""source_entity_key"":""73b6ee67fdf583f0d1a6b18fc6b3b8d035dd408d998eaba03d578c1ed0ff4dfc"",""max_displacement_m"":0.0}]",,,,,,
109,AH3,,,,,,,,,,,,,,,,,,,,,820023.5363728403,9896247.082305267,AH3,DWG_DIRECT:text|RULE:AI-IMB-LABEL-001,3d5473394b456e3aeb9ee40461524936e51024aaf9e05c52daea6618a5634d84,4CBFF,Homepass Number,SOURCE_HOME_LABEL,6,,BYLAYER,30,0.0,0.0,0.0,ACI:6|LT:BYLAYER|LW:30|ROT_QGIS:0.000000000,"[{""operation"":""identity"",""source_entity_key"":""3d5473394b456e3aeb9ee40461524936e51024aaf9e05c52daea6618a5634d84"",""max_displacement_m"":0.0}]",,,,,,
110,H2,,,,,,,,,,,,,,,,,,,,,819922.5973793613,9896114.67455434,H2,DWG_DIRECT:text|RULE:AI-IMB-LABEL-001,3fe5884c62e28f98195e83ddabc5cd118d9ecf57cc2c776bfedd2cdf833dcee6,4CC06,Homepass Number,SOURCE_HOME_LABEL,6,,BYLAYER,30,0.0,0.0,0.0,ACI:6|LT:BYLAYER|LW:30|ROT_QGIS:0.000000000,"[{""operation"":""identity"",""source_entity_key"":""3fe5884c62e28f98195e83ddabc5cd118d9ecf57cc2c776bfedd2cdf833dcee6"",""max_displacement_m"":0.0}]",,,,,,
111,Z5,,,,,,,,,,,,,,,,,,,,,819875.7393194076,9896264.536729887,Z5,DWG_DIRECT:text|RULE:AI-IMB-LABEL-001,abde3631887d6b8b3382f52df53f97698b8c8479fdbaaed79a462c56b125b6dc,4CC5C,Homepass Number,SOURCE_HOME_LABEL,6,,BYLAYER,30,0.0,0.0,0.0,ACI:6|LT:BYLAYER|LW:30|ROT_QGIS:0.000000000,"[{""operation"":""identity"",""source_entity_key"":""abde3631887d6b8b3382f52df53f97698b8c8479fdbaaed79a462c56b125b6dc"",""max_displacement_m"":0.0}]",,,,,,
112,X7,,,,,,,,,,,,,,,,,,,,,819918.5698746465,9896285.541680014,X7,DWG_DIRECT:text|RULE:AI-IMB-LABEL-001,b56850ebc7cc07a7860a0211ba22c31246d40bad73246439cff07f93a04c347f,4CC7F,Homepass Number,SOURCE_HOME_LABEL,6,,BYLAYER,30,0.0,0.0,0.0,ACI:6|LT:BYLAYER|LW:30|ROT_QGIS:0.000000000,"[{""operation"":""identity"",""source_entity_key"":""b56850ebc7cc07a7860a0211ba22c31246d40bad73246439cff07f93a04c347f"",""max_displacement_m"":0.0}]",,,,,,
113,Q2,,,,,,,,,,,,,,,,,,,,,819882.3994649374,9896165.637948308,Q2,DWG_DIRECT:text|RULE:AI-IMB-LABEL-001,27fe521fb2ed29611489188b2c809397abf254977e020e6dd5e7c598eb175454,4CC23,Homepass Number,SOURCE_HOME_LABEL,6,,BYLAYER,30,0.0,0.0,0.0,ACI:6|LT:BYLAYER|LW:30|ROT_QGIS:0.000000000,"[{""operation"":""identity"",""source_entity_key"":""27fe521fb2ed29611489188b2c809397abf254977e020e6dd5e7c598eb175454"",""max_displacement_m"":0.0}]",,,,,,
114,O6,,,,,,,,,,,,,,,,,,,,,819890.818768098,9896109.767841434,O6,DWG_DIRECT:text|RULE:AI-IMB-LABEL-001,788b32edc19e4be5f3bd086c9c2d422f7a04bbe810bba69d053469bc367bc730,4CC15,Homepass Number,SOURCE_HOME_LABEL,6,,BYLAYER,30,0.0,0.0,0.0,ACI:6|LT:BYLAYER|LW:30|ROT_QGIS:0.000000000,"[{""operation"":""identity"",""source_entity_key"":""788b32edc19e4be5f3bd086c9c2d422f7a04bbe810bba69d053469bc367bc730"",""max_displacement_m"":0.0}]",,,,,,
115,J11,,,,,,,,,,,,,,,,,,,,,819983.2636225409,9896225.411973204,J11,DWG_DIRECT:text|RULE:AI-IMB-LABEL-001,bd9a3d2d550b30594545c3bfea5f54c58fe4b8df48222f2e5b1255a98c9f1cba,4C708,Homepass Number,SOURCE_HOME_LABEL,6,,BYLAYER,30,0.0,0.0,0.0,ACI:6|LT:BYLAYER|LW:30|ROT_QGIS:0.000000000,"[{""operation"":""identity"",""source_entity_key"":""bd9a3d2d550b30594545c3bfea5f54c58fe4b8df48222f2e5b1255a98c9f1cba"",""max_displacement_m"":0.0}]",,,,,,
116,D2,,,,,,,,,,,,,,,,,,,,,819988.9357412234,9896078.193990804,D2,DWG_DIRECT:text|RULE:AI-IMB-LABEL-001,939abcad5b93e7f5f92ccafabde0b4d3ad60cc02621b6355b84b8f2e6c6e0392,4C648,Homepass Number,SOURCE_HOME_LABEL,6,,BYLAYER,30,0.0,0.0,0.0,ACI:6|LT:BYLAYER|LW:30|ROT_QGIS:0.000000000,"[{""operation"":""identity"",""source_entity_key"":""939abcad5b93e7f5f92ccafabde0b4d3ad60cc02621b6355b84b8f2e6c6e0392"",""max_displacement_m"":0.0}]",,,,,,
117,S2,,,,,,,,,,,,,,,,,,,,,819994.4319954826,9896246.554592878,S2,DWG_DIRECT:text|RULE:AI-IMB-LABEL-001,4a798ef9b668770fe1becd803228f9f9f895f3a17bdc4cd4d160eb5e48ca736e,4C720,Homepass Number,SOURCE_HOME_LABEL,6,,BYLAYER,30,0.0,0.0,0.0,ACI:6|LT:BYLAYER|LW:30|ROT_QGIS:0.000000000,"[{""operation"":""identity"",""source_entity_key"":""4a798ef9b668770fe1becd803228f9f9f895f3a17bdc4cd4d160eb5e48ca736e"",""max_displacement_m"":0.0}]",,,,,,
118,K5,,,,,,,,,,,,,,,,,,,,,819961.6364665334,9896184.157265663,K5,DWG_DIRECT:text|RULE:AI-IMB-LABEL-001,b6361794480d01cb48a6681c1f11892245f22682810e6ee56192268281a02916,4C717,Homepass Number,SOURCE_HOME_LABEL,6,,BYLAYER,30,0.0,0.0,0.0,ACI:6|LT:BYLAYER|LW:30|ROT_QGIS:0.000000000,"[{""operation"":""identity"",""source_entity_key"":""b6361794480d01cb48a6681c1f11892245f22682810e6ee56192268281a02916"",""max_displacement_m"":0.0}]",,,,,,
119,X2,,,,,,,,,,,,,,,,,,,,,819915.9833494913,9896249.616143709,X2,DWG_DIRECT:text|RULE:AI-IMB-LABEL-001,6bff071cc66f978e16b4720b42588c920a9435bad09615b7d2616818831cc970,4C756,Homepass Number,SOURCE_HOME_LABEL,6,,BYLAYER,30,0.0,0.0,0.0,ACI:6|LT:BYLAYER|LW:30|ROT_QGIS:0.000000000,"[{""operation"":""identity"",""source_entity_key"":""6bff071cc66f978e16b4720b42588c920a9435bad09615b7d2616818831cc970"",""max_displacement_m"":0.0}]",,,,,,
120,S5,,,,,,,,,,,,,,,,,,,,,819995.179719266,9896267.998499649,S5,DWG_DIRECT:text|RULE:AI-IMB-LABEL-001,88f96687263dc1b14d90db7e4405ca12b02e253966b77d348a1b4a7046f84fe2,4C729,Homepass Number,SOURCE_HOME_LABEL,6,,BYLAYER,30,0.0,0.0,0.0,ACI:6|LT:BYLAYER|LW:30|ROT_QGIS:0.000000000,"[{""operation"":""identity"",""source_entity_key"":""88f96687263dc1b14d90db7e4405ca12b02e253966b77d348a1b4a7046f84fe2"",""max_displacement_m"":0.0}]",,,,,,
121,J7,,,,,,,,,,,,,,,,,,,,,819982.702392654,9896196.585120931,J7,DWG_DIRECT:text|RULE:AI-IMB-LABEL-001,57cc36b758a402a85ef6bb90aa9f324b95a4871f4cdabf4198c755681efa1636,4C6FC,Homepass Number,SOURCE_HOME_LABEL,6,,BYLAYER,30,0.0,0.0,0.0,ACI:6|LT:BYLAYER|LW:30|ROT_QGIS:0.000000000,"[{""operation"":""identity"",""source_entity_key"":""57cc36b758a402a85ef6bb90aa9f324b95a4871f4cdabf4198c755681efa1636"",""max_displacement_m"":0.0}]",,,,,,
122,R2,,,,,,,,,,,,,,,,,,,,,819871.1992917645,9896167.291298166,R2,DWG_DIRECT:text|RULE:AI-IMB-LABEL-001,23378c937b28e734551a8cef028b8e53f83b00f14c99bfe41cca0c2a7286db8b,4CC34,Homepass Number,SOURCE_HOME_LABEL,6,,BYLAYER,30,0.0,0.0,0.0,ACI:6|LT:BYLAYER|LW:30|ROT_QGIS:0.000000000,"[{""operation"":""identity"",""source_entity_key"":""23378c937b28e734551a8cef028b8e53f83b00f14c99bfe41cca0c2a7286db8b"",""max_displacement_m"":0.0}]",,,,,,
123,AA7,,,,,,,,,,,,,,,,,,,,,819862.8074335492,9896279.194356052,AA7,DWG_DIRECT:text|RULE:AI-IMB-LABEL-001,9060cc6fed9b8a7fa6b7b35b8c9ca20a93a3291b2bb32b46a16f4d1244760b42,4CC5F,Homepass Number,SOURCE_HOME_LABEL,6,,BYLAYER,30,0.0,0.0,0.0,ACI:6|LT:BYLAYER|LW:30|ROT_QGIS:0.000000000,"[{""operation"":""identity"",""source_entity_key"":""9060cc6fed9b8a7fa6b7b35b8c9ca20a93a3291b2bb32b46a16f4d1244760b42"",""max_displacement_m"":0.0}]",,,,,,
124,J10,,,,,,,,,,,,,,,,,,,,,819982.964565138,9896217.843538132,J10,DWG_DIRECT:text|RULE:AI-IMB-LABEL-001,bb300fc4092ac7eecbae94c1d6c9e33b7c618407b2b69b54f0a418f4993d93ae,4C705,Homepass Number,SOURCE_HOME_LABEL,6,,BYLAYER,30,0.0,0.0,0.0,ACI:6|LT:BYLAYER|LW:30|ROT_QGIS:0.000000000,"[{""operation"":""identity"",""source_entity_key"":""bb300fc4092ac7eecbae94c1d6c9e33b7c618407b2b69b54f0a418f4993d93ae"",""max_displacement_m"":0.0}]",,,,,,
125,AD1,,,,,,,,,,,,,,,,,,,,,819809.0432697077,9896240.28841652,AD1,DWG_DIRECT:text|RULE:AI-IMB-LABEL-001,d9a88c9cdd1868b5b90441ea98d73d93bf17dce93bbdeb84874c3d6705570375,4CC36,Homepass Number,SOURCE_HOME_LABEL,6,,BYLAYER,30,0.0,0.0,0.0,ACI:6|LT:BYLAYER|LW:30|ROT_QGIS:0.000000000,"[{""operation"":""identity"",""source_entity_key"":""d9a88c9cdd1868b5b90441ea98d73d93bf17dce93bbdeb84874c3d6705570375"",""max_displacement_m"":0.0}]",,,,,,
126,T7,,,,,,,,,,,,,,,,,,,,,819983.2283164882,9896280.222644424,T7,DWG_DIRECT:text|RULE:AI-IMB-LABEL-001,fc962dd347529fb8ec5d0803d48053d91c9e0b9ef32968013b3b8e9b4d8c80b9,4CBF3,Homepass Number,SOURCE_HOME_LABEL,6,,BYLAYER,30,0.0,0.0,0.0,ACI:6|LT:BYLAYER|LW:30|ROT_QGIS:0.000000000,"[{""operation"":""identity"",""source_entity_key"":""fc962dd347529fb8ec5d0803d48053d91c9e0b9ef32968013b3b8e9b4d8c80b9"",""max_displacement_m"":0.0}]",,,,,,
127,D10,,,,,,,,,,,,,,,,,,,,,819990.8798846843,9896133.844241954,D10,DWG_DIRECT:text|RULE:AI-IMB-LABEL-001,8c3e73026a87bc0cac195d42f6f74ef4137277e3c64daec81bf4262d29e34b43,4C660,Homepass Number,SOURCE_HOME_LABEL,6,,BYLAYER,30,0.0,0.0,0.0,ACI:6|LT:BYLAYER|LW:30|ROT_QGIS:0.000000000,"[{""operation"":""identity"",""source_entity_key"":""8c3e73026a87bc0cac195d42f6f74ef4137277e3c64daec81bf4262d29e34b43"",""max_displacement_m"":0.0}]",,,,,,
128,Q3,,,,,,,,,,,,,,,,,,,,,819882.9205383428,9896173.543111103,Q3,DWG_DIRECT:text|RULE:AI-IMB-LABEL-001,9023d4c5819b91a4e39f4fef0156f6635a7b66a4515cbd09ecd3720a0cc6dd11,4CC24,Homepass Number,SOURCE_HOME_LABEL,6,,BYLAYER,30,0.0,0.0,0.0,ACI:6|LT:BYLAYER|LW:30|ROT_QGIS:0.000000000,"[{""operation"":""identity"",""source_entity_key"":""9023d4c5819b91a4e39f4fef0156f6635a7b66a4515cbd09ecd3720a0cc6dd11"",""max_displacement_m"":0.0}]",,,,,,
129,D6,,,,,,,,,,,,,,,,,,,,,819990.1319350704,9896106.538510371,D6,DWG_DIRECT:text|RULE:AI-IMB-LABEL-001,d5ec1c67bb40092973ef516ace7551685591aba324dce1fc9265408343181904,4C654,Homepass Number,SOURCE_HOME_LABEL,6,,BYLAYER,30,0.0,0.0,0.0,ACI:6|LT:BYLAYER|LW:30|ROT_QGIS:0.000000000,"[{""operation"":""identity"",""source_entity_key"":""d5ec1c67bb40092973ef516ace7551685591aba324dce1fc9265408343181904"",""max_displacement_m"":0.0}]",,,,,,
130,AG6,,,,,,,,,,,,,,,,,,,,,819909.4967976563,9896356.034735715,AG6,DWG_DIRECT:text|RULE:AI-IMB-LABEL-001,a21ebedd7d19c9209b5a05acbe6bc7acfb7276741b24f12092c498240c9641cb,4CCA2,Homepass Number,SOURCE_HOME_LABEL,6,,BYLAYER,30,0.0,0.0,0.0,ACI:6|LT:BYLAYER|LW:30|ROT_QGIS:0.000000000,"[{""operation"":""identity"",""source_entity_key"":""a21ebedd7d19c9209b5a05acbe6bc7acfb7276741b24f12092c498240c9641cb"",""max_displacement_m"":0.0}]",,,,,,
131,L8,,,,,,,,,,,,,,,,,,,,,819949.1510417651,9896205.369511666,L8,DWG_DIRECT:text|RULE:AI-IMB-LABEL-001,42feb526f6c895a8f75f4c08f1a5308bbffaa4aa7c669200d2e176f3900397d5,4CBD1,Homepass Number,SOURCE_HOME_LABEL,6,,BYLAYER,30,0.0,0.0,0.0,ACI:6|LT:BYLAYER|LW:30|ROT_QGIS:0.000000000,"[{""operation"":""identity"",""source_entity_key"":""42feb526f6c895a8f75f4c08f1a5308bbffaa4aa7c669200d2e176f3900397d5"",""max_displacement_m"":0.0}]",,,,,,
132,K1,,,,,,,,,,,,,,,,,,,,,819960.1788578235,9896156.295057645,K1,DWG_DIRECT:text|RULE:AI-IMB-LABEL-001,aaa50b103b5159d88c1f1a7a1b5b983f87042ad2a1d165fdfa5e2b8fcfef19c3,4C70B,Homepass Number,SOURCE_HOME_LABEL,6,,BYLAYER,30,0.0,0.0,0.0,ACI:6|LT:BYLAYER|LW:30|ROT_QGIS:0.000000000,"[{""operation"":""identity"",""source_entity_key"":""aaa50b103b5159d88c1f1a7a1b5b983f87042ad2a1d165fdfa5e2b8fcfef19c3"",""max_displacement_m"":0.0}]",,,,,,
133,J2,,,,,,,,,,,,,,,,,,,,,819980.2361113871,9896162.3417048,J2,DWG_DIRECT:text|RULE:AI-IMB-LABEL-001,c9cc7f3e8fb87c91c6f1d93f50f1f9529f70d343f8f62f0bed2378ca097d644b,4C6ED,Homepass Number,SOURCE_HOME_LABEL,6,,BYLAYER,30,0.0,0.0,0.0,ACI:6|LT:BYLAYER|LW:30|ROT_QGIS:0.000000000,"[{""operation"":""identity"",""source_entity_key"":""c9cc7f3e8fb87c91c6f1d93f50f1f9529f70d343f8f62f0bed2378ca097d644b"",""max_displacement_m"":0.0}]",,,,,,
134,Y13,,,,,,,,,,,,,,,,,,,,,819895.0845021013,9896321.904471483,Y13,DWG_DIRECT:text|RULE:AI-IMB-LABEL-001,103e6fb2090ea171dab13c78cc6884594b2bcd90d7f82d0d4e3c07d12acb141f,4CC95,Homepass Number,SOURCE_HOME_LABEL,6,,BYLAYER,30,0.0,0.0,0.0,ACI:6|LT:BYLAYER|LW:30|ROT_QGIS:0.000000000,"[{""operation"":""identity"",""source_entity_key"":""103e6fb2090ea171dab13c78cc6884594b2bcd90d7f82d0d4e3c07d12acb141f"",""max_displacement_m"":0.0}]",,,,,,
135,W2,,,,,,,,,,,,,,,,,,,,,819928.8078320756,9896249.895814523,W2,DWG_DIRECT:text|RULE:AI-IMB-LABEL-001,a335588386f8df631fc11de9574b16a2f12a384f10ff2625929ee50c1ca3db66,4C750,Homepass Number,SOURCE_HOME_LABEL,6,,BYLAYER,30,0.0,0.0,0.0,ACI:6|LT:BYLAYER|LW:30|ROT_QGIS:0.000000000,"[{""operation"":""identity"",""source_entity_key"":""a335588386f8df631fc11de9574b16a2f12a384f10ff2625929ee50c1ca3db66"",""max_displacement_m"":0.0}]",,,,,,
136,U3,,,,,,,,,,,,,,,,,,,,,819962.2731347042,9896253.90489719,U3,DWG_DIRECT:text|RULE:AI-IMB-LABEL-001,af3ab693b3de45ec0b3b573e7b90ef2912080ac5eb0b86e2c64470d914cc6ed1,4CBD9,Homepass Number,SOURCE_HOME_LABEL,6,,BYLAYER,30,0.0,0.0,0.0,ACI:6|LT:BYLAYER|LW:30|ROT_QGIS:0.000000000,"[{""operation"":""identity"",""source_entity_key"":""af3ab693b3de45ec0b3b573e7b90ef2912080ac5eb0b86e2c64470d914cc6ed1"",""max_displacement_m"":0.0}]",,,,,,
137,V5,,,,,,,,,,,,,,,,,,,,,819950.0600340903,9896268.689289374,V5,DWG_DIRECT:text|RULE:AI-IMB-LABEL-001,2707207f353bf22d15ba23a5693ec40696d061d160bf1145771467316ae100a1,4CBE4,Homepass Number,SOURCE_HOME_LABEL,6,,BYLAYER,30,0.0,0.0,0.0,ACI:6|LT:BYLAYER|LW:30|ROT_QGIS:0.000000000,"[{""operation"":""identity"",""source_entity_key"":""2707207f353bf22d15ba23a5693ec40696d061d160bf1145771467316ae100a1"",""max_displacement_m"":0.0}]",,,,,,
138,Y7,,,,,,,,,,,,,,,,,,,,,819895.9249669313,9896276.77916493,Y7,DWG_DIRECT:text|RULE:AI-IMB-LABEL-001,499a1c11f18b2283f19bef8eb2b9324b076e05f1e01ba7d77885c16d5646aede,4CC70,Homepass Number,SOURCE_HOME_LABEL,6,,BYLAYER,30,0.0,0.0,0.0,ACI:6|LT:BYLAYER|LW:30|ROT_QGIS:0.000000000,"[{""operation"":""identity"",""source_entity_key"":""499a1c11f18b2283f19bef8eb2b9324b076e05f1e01ba7d77885c16d5646aede"",""max_displacement_m"":0.0}]",,,,,,
139,AB6,,,,,,,,,,,,,,,,,,,,,819841.9906972414,9896272.59440824,AB6,DWG_DIRECT:text|RULE:AI-IMB-LABEL-001,1c15d4f3ee4bb9942696dcaefb52c1d614fdd8c9a52af81662cf7c3f6d0515d1,4CC4D,Homepass Number,SOURCE_HOME_LABEL,6,,BYLAYER,30,0.0,0.0,0.0,ACI:6|LT:BYLAYER|LW:30|ROT_QGIS:0.000000000,"[{""operation"":""identity"",""source_entity_key"":""1c15d4f3ee4bb9942696dcaefb52c1d614fdd8c9a52af81662cf7c3f6d0515d1"",""max_displacement_m"":0.0}]",,,,,,
140,X4,,,,,,,,,,,,,,,,,,,,,819916.2488944818,9896262.428051833,X4,DWG_DIRECT:text|RULE:AI-IMB-LABEL-001,c7d2d431b3ec75e5a7320b0a3fb34c36dc37a3f65692494f5fc32297e725c751,4CC79,Homepass Number,SOURCE_HOME_LABEL,6,,BYLAYER,30,0.0,0.0,0.0,ACI:6|LT:BYLAYER|LW:30|ROT_QGIS:0.000000000,"[{""operation"":""identity"",""source_entity_key"":""c7d2d431b3ec75e5a7320b0a3fb34c36dc37a3f65692494f5fc32297e725c751"",""max_displacement_m"":0.0}]",,,,,,
141,E10,,,,,,,,,,,,,,,,,,,,,819979.4881357341,9896135.477044554,E10,DWG_DIRECT:text|RULE:AI-IMB-LABEL-001,08468ac4d1089d477799abc7a6903f8a4ff461c16907b7a6d30e83483a1a9d84,4C681,Homepass Number,SOURCE_HOME_LABEL,6,,BYLAYER,30,0.0,0.0,0.0,ACI:6|LT:BYLAYER|LW:30|ROT_QGIS:0.000000000,"[{""operation"":""identity"",""source_entity_key"":""08468ac4d1089d477799abc7a6903f8a4ff461c16907b7a6d30e83483a1a9d84"",""max_displacement_m"":0.0}]",,,,,,
142,V7,,,,,,,,,,,,,,,,,,,,,819950.0600340903,9896282.681746762,V7,DWG_DIRECT:text|RULE:AI-IMB-LABEL-001,edfaa4e4201fd51b8b1009887b90525b0db2da2cba38f4eb835f908944f5da6c,4CBE6,Homepass Number,SOURCE_HOME_LABEL,6,,BYLAYER,30,0.0,0.0,0.0,ACI:6|LT:BYLAYER|LW:30|ROT_QGIS:0.000000000,"[{""operation"":""identity"",""source_entity_key"":""edfaa4e4201fd51b8b1009887b90525b0db2da2cba38f4eb835f908944f5da6c"",""max_displacement_m"":0.0}]",,,,,,
143,W3,,,,,,,,,,,,,,,,,,,,,819929.1457373637,9896255.243583526,W3,DWG_DIRECT:text|RULE:AI-IMB-LABEL-001,24096bacfd874dca900286813fa1376d75c644e10e5e47faba77e289f52a0f4e,4CC78,Homepass Number,SOURCE_HOME_LABEL,6,,BYLAYER,30,0.0,0.0,0.0,ACI:6|LT:BYLAYER|LW:30|ROT_QGIS:0.000000000,"[{""operation"":""identity"",""source_entity_key"":""24096bacfd874dca900286813fa1376d75c644e10e5e47faba77e289f52a0f4e"",""max_displacement_m"":0.0}]",,,,,,
144,L3,,,,,,,,,,,,,,,,,,,,,819947.3553893326,9896170.15110126,L3,DWG_DIRECT:text|RULE:AI-IMB-LABEL-001,10381622c69f8e0c3cc6b5abc8b8ad7bfaba8f230fbdba2ce0b7b37728d01a81,4CBD6,Homepass Number,SOURCE_HOME_LABEL,6,,BYLAYER,30,0.0,0.0,0.0,ACI:6|LT:BYLAYER|LW:30|ROT_QGIS:0.000000000,"[{""operation"":""identity"",""source_entity_key"":""10381622c69f8e0c3cc6b5abc8b8ad7bfaba8f230fbdba2ce0b7b37728d01a81"",""max_displacement_m"":0.0}]",,,,,,
145,X6,,,,,,,,,,,,,,,,,,,,,819917.9200286266,9896277.789992657,X6,DWG_DIRECT:text|RULE:AI-IMB-LABEL-001,9354e458eb4a8cae64b3ea0a70c14ad33e98af403845e7871fd52a3b5a246e38,4CC7D,Homepass Number,SOURCE_HOME_LABEL,6,,BYLAYER,30,0.0,0.0,0.0,ACI:6|LT:BYLAYER|LW:30|ROT_QGIS:0.000000000,"[{""operation"":""identity"",""source_entity_key"":""9354e458eb4a8cae64b3ea0a70c14ad33e98af403845e7871fd52a3b5a246e38"",""max_displacement_m"":0.0}]",,,,,,
146,Y15,,,,,,,,,,,,,,,,,,,,,819895.4135834036,9896333.92934821,Y15,DWG_DIRECT:text|RULE:AI-IMB-LABEL-001,10710883836b9f759a2f97439ee4f169388bf0982a33e9da68c999df876391d8,4CC97,Homepass Number,SOURCE_HOME_LABEL,6,,BYLAYER,30,0.0,0.0,0.0,ACI:6|LT:BYLAYER|LW:30|ROT_QGIS:0.000000000,"[{""operation"":""identity"",""source_entity_key"":""10710883836b9f759a2f97439ee4f169388bf0982a33e9da68c999df876391d8"",""max_displacement_m"":0.0}]",,,,,,
147,W10,,,,,,,,,,,,,,,,,,,,,819931.328591157,9896304.757675394,W10,DWG_DIRECT:text|RULE:AI-IMB-LABEL-001,23d6a6cca9cd51f0dc1fcc998591c8fb3043bcba5c29b3789dd9fa999bd5b099,4CC86,Homepass Number,SOURCE_HOME_LABEL,6,,BYLAYER,30,0.0,0.0,0.0,ACI:6|LT:BYLAYER|LW:30|ROT_QGIS:0.000000000,"[{""operation"":""identity"",""source_entity_key"":""23d6a6cca9cd51f0dc1fcc998591c8fb3043bcba5c29b3789dd9fa999bd5b099"",""max_displacement_m"":0.0}]",,,,,,
148,D1,,,,,,,,,,,,,,,,,,,,,819988.6367073804,9896071.553063823,D1,DWG_DIRECT:text|RULE:AI-IMB-LABEL-001,f5ca12f6c7adbf936b23ec5e385ee2b95390d2814396991bda7e6cca1fa6bc20,4C645,Homepass Number,SOURCE_HOME_LABEL,6,,BYLAYER,30,0.0,0.0,0.0,ACI:6|LT:BYLAYER|LW:30|ROT_QGIS:0.000000000,"[{""operation"":""identity"",""source_entity_key"":""f5ca12f6c7adbf936b23ec5e385ee2b95390d2814396991bda7e6cca1fa6bc20"",""max_displacement_m"":0.0}]",,,,,,
149,TK-1,,,,,,,,,,,,,,,,,,,,,820014.7014021779,9896272.170754338,TK-1,DWG_DIRECT:text|RULE:AI-IMB-LABEL-001,e14d5d4a2b9bcf0b581322d81ab32771b9fdc872bdcd9a0beb320415726eadd0,4CFC6,Homepass Number,SOURCE_HOME_LABEL,6,,BYLAYER,30,0.0,0.0,0.0,ACI:6|LT:BYLAYER|LW:30|ROT_QGIS:0.000000000,"[{""operation"":""identity"",""source_entity_key"":""e14d5d4a2b9bcf0b581322d81ab32771b9fdc872bdcd9a0beb320415726eadd0"",""max_displacement_m"":0.0}]",,,,,,
150,W15,,,,,,,,,,,,,,,,,,,,,819930.5306984053,9896340.780977039,W15,DWG_DIRECT:text|RULE:AI-IMB-LABEL-001,47a8a44ac89ac3e1cbcc04c1727e124dc4be375310b2a176c774378093d04108,4CCA0,Homepass Number,SOURCE_HOME_LABEL,6,,BYLAYER,30,0.0,0.0,0.0,ACI:6|LT:BYLAYER|LW:30|ROT_QGIS:0.000000000,"[{""operation"":""identity"",""source_entity_key"":""47a8a44ac89ac3e1cbcc04c1727e124dc4be375310b2a176c774378093d04108"",""max_displacement_m"":0.0}]",,,,,,
151,B2,,,,,,,,,,,,,,,,,,,,,820024.119365478,9896071.143717036,B2,DWG_DIRECT:text|RULE:AI-IMB-LABEL-001,56f6c8320943df4238b6214cad5ac3852ca9ed25c8a62354c4dba67badfa425c,4C61B,Homepass Number,SOURCE_HOME_LABEL,6,,BYLAYER,30,0.0,0.0,0.0,ACI:6|LT:BYLAYER|LW:30|ROT_QGIS:0.000000000,"[{""operation"":""identity"",""source_entity_key"":""56f6c8320943df4238b6214cad5ac3852ca9ed25c8a62354c4dba67badfa425c"",""max_displacement_m"":0.0}]",,,,,,
152,C8,,,,,,,,,,,,,,,,,,,,,820010.8867703805,9896118.565022854,C8,DWG_DIRECT:text|RULE:AI-IMB-LABEL-001,cf728015fc1ceab2875d9607448237c04f4952b3906b46dad6b6c9254f220709,4C639,Homepass Number,SOURCE_HOME_LABEL,6,,BYLAYER,30,0.0,0.0,0.0,ACI:6|LT:BYLAYER|LW:30|ROT_QGIS:0.000000000,"[{""operation"":""identity"",""source_entity_key"":""cf728015fc1ceab2875d9607448237c04f4952b3906b46dad6b6c9254f220709"",""max_displacement_m"":0.0}]",,,,,,
153,F11,,,,,,,,,,,,,,,,,,,,,819958.3482204634,9896141.898596805,F11,DWG_DIRECT:text|RULE:AI-IMB-LABEL-001,630e43de0ba2c2bb90764ec41af21f4c79b195cf3bab1700723a71a052731192,4C6A5,Homepass Number,SOURCE_HOME_LABEL,6,,BYLAYER,30,0.0,0.0,0.0,ACI:6|LT:BYLAYER|LW:30|ROT_QGIS:0.000000000,"[{""operation"":""identity"",""source_entity_key"":""630e43de0ba2c2bb90764ec41af21f4c79b195cf3bab1700723a71a052731192"",""max_displacement_m"":0.0}]",,,,,,
154,2,,,,,,,,,,,,,,,,,,,,,819924.6330648625,9896221.83064419,2,DWG_DIRECT:text|RULE:AI-IMB-LABEL-001,e48c849ce813d989e85599231c1a507eeb6fc8bb608c1f57c672eb070cd19202,4CFBA,Homepass Number,SOURCE_HOME_LABEL,6,,BYLAYER,30,0.0,0.0,0.0,ACI:6|LT:BYLAYER|LW:30|ROT_QGIS:0.000000000,"[{""operation"":""identity"",""source_entity_key"":""e48c849ce813d989e85599231c1a507eeb6fc8bb608c1f57c672eb070cd19202"",""max_displacement_m"":0.0}]",,,,,,
155,S1,,,,,,,,,,,,,,,,,,,,,819994.7305295968,9896238.615134306,S1,DWG_DIRECT:text|RULE:AI-IMB-LABEL-001,94d5b6377047a7ee5ac34e943c5bf27d84010f8c86765706e54d0c845da4ac06,4C71D,Homepass Number,SOURCE_HOME_LABEL,6,,BYLAYER,30,0.0,0.0,0.0,ACI:6|LT:BYLAYER|LW:30|ROT_QGIS:0.000000000,"[{""operation"":""identity"",""source_entity_key"":""94d5b6377047a7ee5ac34e943c5bf27d84010f8c86765706e54d0c845da4ac06"",""max_displacement_m"":0.0}]",,,,,,
156,T4,,,,,,,,,,,,,,,,,,,,,819983.3768563326,9896261.988658158,T4,DWG_DIRECT:text|RULE:AI-IMB-LABEL-001,dac478ff440daf6ecf7d9b9006e5542ecec67361898ceecd1e944c3fdd19f308,4C73E,Homepass Number,SOURCE_HOME_LABEL,6,,BYLAYER,30,0.0,0.0,0.0,ACI:6|LT:BYLAYER|LW:30|ROT_QGIS:0.000000000,"[{""operation"":""identity"",""source_entity_key"":""dac478ff440daf6ecf7d9b9006e5542ecec67361898ceecd1e944c3fdd19f308"",""max_displacement_m"":0.0}]",,,,,,
157,N3,,,,,,,,,,,,,,,,,,,,,819911.9173672664,9896129.076098649,N3,DWG_DIRECT:text|RULE:AI-IMB-LABEL-001,a296bfcece2b380c5d13244205f13f25b94eab69424d98126305930622e86924,4CC10,Homepass Number,SOURCE_HOME_LABEL,6,,BYLAYER,30,0.0,0.0,0.0,ACI:6|LT:BYLAYER|LW:30|ROT_QGIS:0.000000000,"[{""operation"":""identity"",""source_entity_key"":""a296bfcece2b380c5d13244205f13f25b94eab69424d98126305930622e86924"",""max_displacement_m"":0.0}]",,,,,,
158,U6,,,,,,,,,,,,,,,,,,,,,819963.3879796051,9896274.569358855,U6,DWG_DIRECT:text|RULE:AI-IMB-LABEL-001,6b14b0e28bcb3916cfc673899ad987d3749ea430392c2d4c4ba20941de3d6a6b,4CBDC,Homepass Number,SOURCE_HOME_LABEL,6,,BYLAYER,30,0.0,0.0,0.0,ACI:6|LT:BYLAYER|LW:30|ROT_QGIS:0.000000000,"[{""operation"":""identity"",""source_entity_key"":""6b14b0e28bcb3916cfc673899ad987d3749ea430392c2d4c4ba20941de3d6a6b"",""max_displacement_m"":0.0}]",,,,,,
159,AA2,,,,,,,,,,,,,,,,,,,,,819862.6061933271,9896243.871989617,AA2,DWG_DIRECT:text|RULE:AI-IMB-LABEL-001,964c9dce98c83d910882cc90432bec3444783bde04555bb1ea779dc735e922ef,4CC55,Homepass Number,SOURCE_HOME_LABEL,6,,BYLAYER,30,0.0,0.0,0.0,ACI:6|LT:BYLAYER|LW:30|ROT_QGIS:0.000000000,"[{""operation"":""identity"",""source_entity_key"":""964c9dce98c83d910882cc90432bec3444783bde04555bb1ea779dc735e922ef"",""max_displacement_m"":0.0}]",,,,,,
160,U8,,,,,,,,,,,,,,,,,,,,,819964.1505988977,9896288.776530612,U8,DWG_DIRECT:text|RULE:AI-IMB-LABEL-001,a21a6f2ba0f563aa8be8f7e91d48003c168c07573e71b72a03015363570d964b,4CBDE,Homepass Number,SOURCE_HOME_LABEL,6,,BYLAYER,30,0.0,0.0,0.0,ACI:6|LT:BYLAYER|LW:30|ROT_QGIS:0.000000000,"[{""operation"":""identity"",""source_entity_key"":""a21a6f2ba0f563aa8be8f7e91d48003c168c07573e71b72a03015363570d964b"",""max_displacement_m"":0.0}]",,,,,,
161,X9,,,,,,,,,,,,,,,,,,,,,819917.689228996,9896298.26436216,X9,DWG_DIRECT:text|RULE:AI-IMB-LABEL-001,b97dd32905d11c09e7aaa96f21cf035fe437b250978edb159b6233abc1104841,4CC83,Homepass Number,SOURCE_HOME_LABEL,6,,BYLAYER,30,0.0,0.0,0.0,ACI:6|LT:BYLAYER|LW:30|ROT_QGIS:0.000000000,"[{""operation"":""identity"",""source_entity_key"":""b97dd32905d11c09e7aaa96f21cf035fe437b250978edb159b6233abc1104841"",""max_displacement_m"":0.0}]",,,,,,
162,Y12,,,,,,,,,,,,,,,,,,,,,819897.9538006491,9896312.448456699,Y12,DWG_DIRECT:text|RULE:AI-IMB-LABEL-001,941317b23e0a02ab64391bc0e0c7d0b4d7b42b36f100e2b0b099defe0051ed32,4CC6B,Homepass Number,SOURCE_HOME_LABEL,6,,BYLAYER,30,0.0,0.0,0.0,ACI:6|LT:BYLAYER|LW:30|ROT_QGIS:0.000000000,"[{""operation"":""identity"",""source_entity_key"":""941317b23e0a02ab64391bc0e0c7d0b4d7b42b36f100e2b0b099defe0051ed32"",""max_displacement_m"":0.0}]",,,,,,
163,AD3,,,,,,,,,,,,,,,,,,,,,819809.1323800881,9896254.251052264,AD3,DWG_DIRECT:text|RULE:AI-IMB-LABEL-001,347f7b0e2fb20456b0463c5cb417116e371df79cedea125895e127e6869df6fe,4CC38,Homepass Number,SOURCE_HOME_LABEL,6,,BYLAYER,30,0.0,0.0,0.0,ACI:6|LT:BYLAYER|LW:30|ROT_QGIS:0.000000000,"[{""operation"":""identity"",""source_entity_key"":""347f7b0e2fb20456b0463c5cb417116e371df79cedea125895e127e6869df6fe"",""max_displacement_m"":0.0}]",,,,,,
164,Q8,,,,,,,,,,,,,,,,,,,,,819885.5261454558,9896208.12427479,Q8,DWG_DIRECT:text|RULE:AI-IMB-LABEL-001,394bb6607da21fbbbcd2fa5bf49c98cb9a998d96d1c56fe0997dffa373e60fb5,4CC29,Homepass Number,SOURCE_HOME_LABEL,6,,BYLAYER,30,0.0,0.0,0.0,ACI:6|LT:BYLAYER|LW:30|ROT_QGIS:0.000000000,"[{""operation"":""identity"",""source_entity_key"":""394bb6607da21fbbbcd2fa5bf49c98cb9a998d96d1c56fe0997dffa373e60fb5"",""max_displacement_m"":0.0}]",,,,,,
165,V15,,,,,,,,,,,,,,,,,,,,,819951.5948115971,9896339.888531316,V15,DWG_DIRECT:text|RULE:AI-IMB-LABEL-001,5d68ad55011a2ad00e7b73660f43c4e98dec3f7f45ca52d3ae5bd654ba8027a8,4CCA1,Homepass Number,SOURCE_HOME_LABEL,6,,BYLAYER,30,0.0,0.0,0.0,ACI:6|LT:BYLAYER|LW:30|ROT_QGIS:0.000000000,"[{""operation"":""identity"",""source_entity_key"":""5d68ad55011a2ad00e7b73660f43c4e98dec3f7f45ca52d3ae5bd654ba8027a8"",""max_displacement_m"":0.0}]",,,,,,
166,U7,,,,,,,,,,,,,,,,,,,,,819963.3291200814,9896281.43818886,U7,DWG_DIRECT:text|RULE:AI-IMB-LABEL-001,c5d946bc61aff323de2565ccd05b2f13c348c9b299a973b8847477f8a1403da1,4CBDD,Homepass Number,SOURCE_HOME_LABEL,6,,BYLAYER,30,0.0,0.0,0.0,ACI:6|LT:BYLAYER|LW:30|ROT_QGIS:0.000000000,"[{""operation"":""identity"",""source_entity_key"":""c5d946bc61aff323de2565ccd05b2f13c348c9b299a973b8847477f8a1403da1"",""max_displacement_m"":0.0}]",,,,,,
167,H6,,,,,,,,,,,,,,,,,,,,,820027.8734196718,9896184.93159061,H6,DWG_DIRECT:text|RULE:AI-IMB-LABEL-001,839d0c083290d1bb45fd733bb5b16bdf70fa6f145853c914d04f4f714ca9350d,4C6C6,Homepass Number,SOURCE_HOME_LABEL,6,,BYLAYER,30,0.0,0.0,0.0,ACI:6|LT:BYLAYER|LW:30|ROT_QGIS:0.000000000,"[{""operation"":""identity"",""source_entity_key"":""839d0c083290d1bb45fd733bb5b16bdf70fa6f145853c914d04f4f714ca9350d"",""max_displacement_m"":0.0}]",,,,,,
168,A5,,,,,,,,,,,,,,,,,,,,,820039.35295947,9896038.02749174,A5,DWG_DIRECT:text|RULE:AI-IMB-LABEL-001,103e65b2af6afd7ae8d6985ce3b98382d467851f95bd24883b1b8d998109881a,4CCAC,Homepass Number,SOURCE_HOME_LABEL,6,,BYLAYER,30,0.0,0.0,0.0,ACI:6|LT:BYLAYER|LW:30|ROT_QGIS:0.000000000,"[{""operation"":""identity"",""source_entity_key"":""103e65b2af6afd7ae8d6985ce3b98382d467851f95bd24883b1b8d998109881a"",""max_displacement_m"":0.0}]",,,,,,
169,C6,,,,,,,,,,,,,,,,,,,,,820009.91518711,9896104.800875224,C6,DWG_DIRECT:text|RULE:AI-IMB-LABEL-001,f06ae23c403f978f24de99cfdb985e98b821bf6006bfe4d5690da8acfcd22a83,4C633,Homepass Number,SOURCE_HOME_LABEL,6,,BYLAYER,30,0.0,0.0,0.0,ACI:6|LT:BYLAYER|LW:30|ROT_QGIS:0.000000000,"[{""operation"":""identity"",""source_entity_key"":""f06ae23c403f978f24de99cfdb985e98b821bf6006bfe4d5690da8acfcd22a83"",""max_displacement_m"":0.0}]",,,,,,
170,X12,,,,,,,,,,,,,,,,,,,,,819913.5235996146,9896320.919166913,X12,DWG_DIRECT:text|RULE:AI-IMB-LABEL-001,2cc4b678f9fe9bebd5373913957d89313d8d44b83aaccffc83be041db46be10f,4CC94,Homepass Number,SOURCE_HOME_LABEL,6,,BYLAYER,30,0.0,0.0,0.0,ACI:6|LT:BYLAYER|LW:30|ROT_QGIS:0.000000000,"[{""operation"":""identity"",""source_entity_key"":""2cc4b678f9fe9bebd5373913957d89313d8d44b83aaccffc83be041db46be10f"",""max_displacement_m"":0.0}]",,,,,,
171,I/6,,,,,,,,,,,,,,,,,,,,,819994.1686590757,9896189.49858841,I/6,DWG_DIRECT:text|RULE:AI-IMB-LABEL-001,970edfeec010f8c5e6b89c6b931751fb0e59b4d58ac119b8fad848bef14c47be,4C6D8,Homepass Number,SOURCE_HOME_LABEL,6,,BYLAYER,30,0.0,0.0,0.0,ACI:6|LT:BYLAYER|LW:30|ROT_QGIS:0.000000000,"[{""operation"":""identity"",""source_entity_key"":""970edfeec010f8c5e6b89c6b931751fb0e59b4d58ac119b8fad848bef14c47be"",""max_displacement_m"":0.0}]",,,,,,
172,AH5,,,,,,,,,,,,,,,,,,,,,820033.8925855285,9896247.056944933,AH5,DWG_DIRECT:text|RULE:AI-IMB-LABEL-001,3de2166a0f16e5006495225369b761ec98ff917f5c6991254bf85d6f1fc20ce6,4CBFD,Homepass Number,SOURCE_HOME_LABEL,6,,BYLAYER,30,0.0,0.0,0.0,ACI:6|LT:BYLAYER|LW:30|ROT_QGIS:0.000000000,"[{""operation"":""identity"",""source_entity_key"":""3de2166a0f16e5006495225369b761ec98ff917f5c6991254bf85d6f1fc20ce6"",""max_displacement_m"":0.0}]",,,,,,
173,L11,,,,,,,,,,,,,,,,,,,,,819949.0347536311,9896226.27650483,L11,DWG_DIRECT:text|RULE:AI-IMB-LABEL-001,e4509fd0425df677f002a47fa57ba2769f07528e2004aa3e2dc8763d8c1dc41b,4CBCE,Homepass Number,SOURCE_HOME_LABEL,6,,BYLAYER,30,0.0,0.0,0.0,ACI:6|LT:BYLAYER|LW:30|ROT_QGIS:0.000000000,"[{""operation"":""identity"",""source_entity_key"":""e4509fd0425df677f002a47fa57ba2769f07528e2004aa3e2dc8763d8c1dc41b"",""max_displacement_m"":0.0}]",,,,,,
174,AB4,,,,,,,,,,,,,,,,,,,,,819841.8104405501,9896259.045483544,AB4,DWG_DIRECT:text|RULE:AI-IMB-LABEL-001,eba33b93b03a79a4290649912cd9c2ed0139579ad8834d5aa04c5d322f1774aa,4CC4F,Homepass Number,SOURCE_HOME_LABEL,6,,BYLAYER,30,0.0,0.0,0.0,ACI:6|LT:BYLAYER|LW:30|ROT_QGIS:0.000000000,"[{""operation"":""identity"",""source_entity_key"":""eba33b93b03a79a4290649912cd9c2ed0139579ad8834d5aa04c5d322f1774aa"",""max_displacement_m"":0.0}]",,,,,,
175,V12,,,,,,,,,,,,,,,,,,,,,819950.6270146695,9896320.212826034,V12,DWG_DIRECT:text|RULE:AI-IMB-LABEL-001,007c81bf89b303bae7e547a49b12fd8c3645b8a1d5dc093ef0c69353a1e28f3a,4CC89,Homepass Number,SOURCE_HOME_LABEL,6,,BYLAYER,30,0.0,0.0,0.0,ACI:6|LT:BYLAYER|LW:30|ROT_QGIS:0.000000000,"[{""operation"":""identity"",""source_entity_key"":""007c81bf89b303bae7e547a49b12fd8c3645b8a1d5dc093ef0c69353a1e28f3a"",""max_displacement_m"":0.0}]",,,,,,
176,W5,,,,,,,,,,,,,,,,,,,,,819930.0279003588,9896269.391636647,W5,DWG_DIRECT:text|RULE:AI-IMB-LABEL-001,ab6bab22300e0712acf247adbaf851d339a74612086db1905c357019c2164a13,4CC7C,Homepass Number,SOURCE_HOME_LABEL,6,,BYLAYER,30,0.0,0.0,0.0,ACI:6|LT:BYLAYER|LW:30|ROT_QGIS:0.000000000,"[{""operation"":""identity"",""source_entity_key"":""ab6bab22300e0712acf247adbaf851d339a74612086db1905c357019c2164a13"",""max_displacement_m"":0.0}]",,,,,,
177,AG3,,,,,,,,,,,,,,,,,,,,,819883.5585896255,9896372.83907501,AG3,DWG_DIRECT:text|RULE:AI-IMB-LABEL-001,0a322ed4a80696ef97dfa1318a49d1c6cee4e635e897f9a93a0bf470f76d3c10,4CCA5,Homepass Number,SOURCE_HOME_LABEL,6,,BYLAYER,30,0.0,0.0,0.0,ACI:6|LT:BYLAYER|LW:30|ROT_QGIS:0.000000000,"[{""operation"":""identity"",""source_entity_key"":""0a322ed4a80696ef97dfa1318a49d1c6cee4e635e897f9a93a0bf470f76d3c10"",""max_displacement_m"":0.0}]",,,,,,
178,R6,,,,,,,,,,,,,,,,,,,,,819872.1551516082,9896195.048262998,R6,DWG_DIRECT:text|RULE:AI-IMB-LABEL-001,d930554767013e9cac03f4b6b01f97bfe83faae1faabae3cf3de99a09d29af57,4CC30,Homepass Number,SOURCE_HOME_LABEL,6,,BYLAYER,30,0.0,0.0,0.0,ACI:6|LT:BYLAYER|LW:30|ROT_QGIS:0.000000000,"[{""operation"":""identity"",""source_entity_key"":""d930554767013e9cac03f4b6b01f97bfe83faae1faabae3cf3de99a09d29af57"",""max_displacement_m"":0.0}]",,,,,,
179,I/8,,,,,,,,,,,,,,,,,,,,,819994.3185384402,9896203.559567597,I/8,DWG_DIRECT:text|RULE:AI-IMB-LABEL-001,503cfef5766a2f22ac63159cae5554f478adb778570ce86ed9f59fac714801f0,4C6DE,Homepass Number,SOURCE_HOME_LABEL,6,,BYLAYER,30,0.0,0.0,0.0,ACI:6|LT:BYLAYER|LW:30|ROT_QGIS:0.000000000,"[{""operation"":""identity"",""source_entity_key"":""503cfef5766a2f22ac63159cae5554f478adb778570ce86ed9f59fac714801f0"",""max_displacement_m"":0.0}]",,,,,,
180,O4,,,,,,,,,,,,,,,,,,,,,819891.5798124253,9896123.429163542,O4,DWG_DIRECT:text|RULE:AI-IMB-LABEL-001,7167a9db329596b313fecc7454fe3f9482acb7414af9500a8d3fa3f7ae8a7323,4CC17,Homepass Number,SOURCE_HOME_LABEL,6,,BYLAYER,30,0.0,0.0,0.0,ACI:6|LT:BYLAYER|LW:30|ROT_QGIS:0.000000000,"[{""operation"":""identity"",""source_entity_key"":""7167a9db329596b313fecc7454fe3f9482acb7414af9500a8d3fa3f7ae8a7323"",""max_displacement_m"":0.0}]",,,,,,
181,L4,,,,,,,,,,,,,,,,,,,,,819947.3554469533,9896176.872024316,L4,DWG_DIRECT:text|RULE:AI-IMB-LABEL-001,e65c726c824753f89c34cbbf69b1585a23739f5332b488cc8292781afa884d8a,4CBD5,Homepass Number,SOURCE_HOME_LABEL,6,,BYLAYER,30,0.0,0.0,0.0,ACI:6|LT:BYLAYER|LW:30|ROT_QGIS:0.000000000,"[{""operation"":""identity"",""source_entity_key"":""e65c726c824753f89c34cbbf69b1585a23739f5332b488cc8292781afa884d8a"",""max_displacement_m"":0.0}]",,,,,,
182,A1,,,,,,,,,,,,,,,,,,,,,820067.0692936433,9896037.589476887,A1,DWG_DIRECT:text|RULE:AI-IMB-LABEL-001,8b4b6e3c8b62afeca6e1db3128d3217715bd338395cd55aacc72145c74359373,4CCA8,Homepass Number,SOURCE_HOME_LABEL,6,,BYLAYER,30,0.0,0.0,0.0,ACI:6|LT:BYLAYER|LW:30|ROT_QGIS:0.000000000,"[{""operation"":""identity"",""source_entity_key"":""8b4b6e3c8b62afeca6e1db3128d3217715bd338395cd55aacc72145c74359373"",""max_displacement_m"":0.0}]",,,,,,
183,F7,,,,,,,,,,,,,,,,,,,,,819957.1146770276,9896113.257280912,F7,DWG_DIRECT:text|RULE:AI-IMB-LABEL-001,6c3d7e6f6fd48015c6d6711e8ebbddbc74b77b4c16f9cbd434ce7cdeb03fc049,4C699,Homepass Number,SOURCE_HOME_LABEL,6,,BYLAYER,30,0.0,0.0,0.0,ACI:6|LT:BYLAYER|LW:30|ROT_QGIS:0.000000000,"[{""operation"":""identity"",""source_entity_key"":""6c3d7e6f6fd48015c6d6711e8ebbddbc74b77b4c16f9cbd434ce7cdeb03fc049"",""max_displacement_m"":0.0}]",,,,,,
184,D4,,,,,,,,,,,,,,,,,,,,,819989.8700034661,9896092.737240657,D4,DWG_DIRECT:text|RULE:AI-IMB-LABEL-001,2ae70bfe2c0b847532175da358b356621f6d27f5d6238fc1432060a6d54d895c,4C64E,Homepass Number,SOURCE_HOME_LABEL,6,,BYLAYER,30,0.0,0.0,0.0,ACI:6|LT:BYLAYER|LW:30|ROT_QGIS:0.000000000,"[{""operation"":""identity"",""source_entity_key"":""2ae70bfe2c0b847532175da358b356621f6d27f5d6238fc1432060a6d54d895c"",""max_displacement_m"":0.0}]",,,,,,
185,Y5,,,,,,,,,,,,,,,,,,,,,819895.9257832243,9896262.908421958,Y5,DWG_DIRECT:text|RULE:AI-IMB-LABEL-001,32f58fdda0ddd5dfc9a3608bb892e8395d0f135cbc2aa97044e65b37a8b6b474,4CC72,Homepass Number,SOURCE_HOME_LABEL,6,,BYLAYER,30,0.0,0.0,0.0,ACI:6|LT:BYLAYER|LW:30|ROT_QGIS:0.000000000,"[{""operation"":""identity"",""source_entity_key"":""32f58fdda0ddd5dfc9a3608bb892e8395d0f135cbc2aa97044e65b37a8b6b474"",""max_displacement_m"":0.0}]",,,,,,
186,G2,,,,,,,,,,,,,,,,,,,,,819945.200003778,9896116.000620162,G2,DWG_DIRECT:text|RULE:AI-IMB-LABEL-001,d534cc59e7679c971b83ed8bc8ca21c39a7cd2f738b0eba47d06fbf8efdcbf50,4C6AB,Homepass Number,SOURCE_HOME_LABEL,6,,BYLAYER,30,0.0,0.0,0.0,ACI:6|LT:BYLAYER|LW:30|ROT_QGIS:0.000000000,"[{""operation"":""identity"",""source_entity_key"":""d534cc59e7679c971b83ed8bc8ca21c39a7cd2f738b0eba47d06fbf8efdcbf50"",""max_displacement_m"":0.0}]",,,,,,
187,H3,,,,,,,,,,,,,,,,,,,,,820026.9985372126,9896163.41187408,H3,DWG_DIRECT:text|RULE:AI-IMB-LABEL-001,f348b05fb2217a67a22a5410d99edcc3cd0d93ff07d5b7c668555795ade4f1a5,4C6BD,Homepass Number,SOURCE_HOME_LABEL,6,,BYLAYER,30,0.0,0.0,0.0,ACI:6|LT:BYLAYER|LW:30|ROT_QGIS:0.000000000,"[{""operation"":""identity"",""source_entity_key"":""f348b05fb2217a67a22a5410d99edcc3cd0d93ff07d5b7c668555795ade4f1a5"",""max_displacement_m"":0.0}]",,,,,,
188,E7,,,,,,,,,,,,,,,,,,,,,819978.2548563593,9896114.552568179,E7,DWG_DIRECT:text|RULE:AI-IMB-LABEL-001,77d496c5cb901d2c1472057da5d0d86f0a51a91e2e0679f8b197c323c3f2f4f4,4C678,Homepass Number,SOURCE_HOME_LABEL,6,,BYLAYER,30,0.0,0.0,0.0,ACI:6|LT:BYLAYER|LW:30|ROT_QGIS:0.000000000,"[{""operation"":""identity"",""source_entity_key"":""77d496c5cb901d2c1472057da5d0d86f0a51a91e2e0679f8b197c323c3f2f4f4"",""max_displacement_m"":0.0}]",,,,,,
189,R5,,,,,,,,,,,,,,,,,,,,,819871.937671958,9896187.44534735,R5,DWG_DIRECT:text|RULE:AI-IMB-LABEL-001,f06d621d2dc1b811864c4f2bc87956749e2abcdc850819f17dfb6d418f0e6495,4CC31,Homepass Number,SOURCE_HOME_LABEL,6,,BYLAYER,30,0.0,0.0,0.0,ACI:6|LT:BYLAYER|LW:30|ROT_QGIS:0.000000000,"[{""operation"":""identity"",""source_entity_key"":""f06d621d2dc1b811864c4f2bc87956749e2abcdc850819f17dfb6d418f0e6495"",""max_displacement_m"":0.0}]",,,,,,
190,AJ5,,,,,,,,,,,,,,,,,,,,,820038.738215752,9896270.282319238,AJ5,DWG_DIRECT:text|RULE:AI-IMB-LABEL-001,b7aa6b2be3bee6c9468e0ecdacdd99a82eadc1360fbccd0247323632425aa298,4CBFA,Homepass Number,SOURCE_HOME_LABEL,6,,BYLAYER,30,0.0,0.0,0.0,ACI:6|LT:BYLAYER|LW:30|ROT_QGIS:0.000000000,"[{""operation"":""identity"",""source_entity_key"":""b7aa6b2be3bee6c9468e0ecdacdd99a82eadc1360fbccd0247323632425aa298"",""max_displacement_m"":0.0}]",,,,,,
191,S9,,,,,,,,,,,,,,,,,,,,,819996.6649883066,9896293.798644507,S9,DWG_DIRECT:text|RULE:AI-IMB-LABEL-001,0b347c0de8caa393bb2bb14944e1b99b47e182053b4a92b8fc4ab64d9ab7223b,4CBEC,Homepass Number,SOURCE_HOME_LABEL,6,,BYLAYER,30,0.0,0.0,0.0,ACI:6|LT:BYLAYER|LW:30|ROT_QGIS:0.000000000,"[{""operation"":""identity"",""source_entity_key"":""0b347c0de8caa393bb2bb14944e1b99b47e182053b4a92b8fc4ab64d9ab7223b"",""max_displacement_m"":0.0}]",,,,,,
192,Y4,,,,,,,,,,,,,,,,,,,,,819895.4639246702,9896256.171064794,Y4,DWG_DIRECT:text|RULE:AI-IMB-LABEL-001,7d2723f29d1ff6c3e1455fa72be843d754666be333fbf95c3a6cbb20718e71c0,4CC73,Homepass Number,SOURCE_HOME_LABEL,6,,BYLAYER,30,0.0,0.0,0.0,ACI:6|LT:BYLAYER|LW:30|ROT_QGIS:0.000000000,"[{""operation"":""identity"",""source_entity_key"":""7d2723f29d1ff6c3e1455fa72be843d754666be333fbf95c3a6cbb20718e71c0"",""max_displacement_m"":0.0}]",,,,,,
193,X3,,,,,,,,,,,,,,,,,,,,,819916.5272503796,9896255.289933348,X3,DWG_DIRECT:text|RULE:AI-IMB-LABEL-001,8ca71b7ed1383d43ed3ca4a6379e0c55b23a6181036f41bd01af8eb0769d0069,4CC77,Homepass Number,SOURCE_HOME_LABEL,6,,BYLAYER,30,0.0,0.0,0.0,ACI:6|LT:BYLAYER|LW:30|ROT_QGIS:0.000000000,"[{""operation"":""identity"",""source_entity_key"":""8ca71b7ed1383d43ed3ca4a6379e0c55b23a6181036f41bd01af8eb0769d0069"",""max_displacement_m"":0.0}]",,,,,,
194,E9,,,,,,,,,,,,,,,,,,,,,819979.7493244102,9896127.871492103,E9,DWG_DIRECT:text|RULE:AI-IMB-LABEL-001,9a35832f58fe933cc76cc5a4be631af901d4e3e9632691c279ce5ad5edd66efd,4C67E,Homepass Number,SOURCE_HOME_LABEL,6,,BYLAYER,30,0.0,0.0,0.0,ACI:6|LT:BYLAYER|LW:30|ROT_QGIS:0.000000000,"[{""operation"":""identity"",""source_entity_key"":""9a35832f58fe933cc76cc5a4be631af901d4e3e9632691c279ce5ad5edd66efd"",""max_displacement_m"":0.0}]",,,,,,
195,AD5,,,,,,,,,,,,,,,,,,,,,819809.618410517,9896267.998499649,AD5,DWG_DIRECT:text|RULE:AI-IMB-LABEL-001,30555f7d9915aa2d253e05a65094ba99a4e721a77e57529ad0d340ff7ec72f17,4CC3A,Homepass Number,SOURCE_HOME_LABEL,6,,BYLAYER,30,0.0,0.0,0.0,ACI:6|LT:BYLAYER|LW:30|ROT_QGIS:0.000000000,"[{""operation"":""identity"",""source_entity_key"":""30555f7d9915aa2d253e05a65094ba99a4e721a77e57529ad0d340ff7ec72f17"",""max_displacement_m"":0.0}]",,,,,,
196,Q5,,,,,,,,,,,,,,,,,,,,,819884.0930231299,9896187.318860462,Q5,DWG_DIRECT:text|RULE:AI-IMB-LABEL-001,bc5db36e573e9e22be411fee34539948fa173d3df174e4469b87a0cf339b145b,4CC26,Homepass Number,SOURCE_HOME_LABEL,6,,BYLAYER,30,0.0,0.0,0.0,ACI:6|LT:BYLAYER|LW:30|ROT_QGIS:0.000000000,"[{""operation"":""identity"",""source_entity_key"":""bc5db36e573e9e22be411fee34539948fa173d3df174e4469b87a0cf339b145b"",""max_displacement_m"":0.0}]",,,,,,
197,N10,,,,,,,,,,,,,,,,,,,,,819909.6234880278,9896080.748142483,N10,DWG_DIRECT:text|RULE:AI-IMB-LABEL-001,0499a642cacca6b0d934526125ee142c150e1118891c5c2b3b01b33c5a81be32,4CC09,Homepass Number,SOURCE_HOME_LABEL,6,,BYLAYER,30,0.0,0.0,0.0,ACI:6|LT:BYLAYER|LW:30|ROT_QGIS:0.000000000,"[{""operation"":""identity"",""source_entity_key"":""0499a642cacca6b0d934526125ee142c150e1118891c5c2b3b01b33c5a81be32"",""max_displacement_m"":0.0}]",,,,,,
198,AH2,,,,,,,,,,,,,,,,,,,,,820018.4798317242,9896247.614778236,AH2,DWG_DIRECT:text|RULE:AI-IMB-LABEL-001,647453d07333c266cc392715ab6d03e09332f3aef19c6d93279e3d2a46024ef8,4CC00,Homepass Number,SOURCE_HOME_LABEL,6,,BYLAYER,30,0.0,0.0,0.0,ACI:6|LT:BYLAYER|LW:30|ROT_QGIS:0.000000000,"[{""operation"":""identity"",""source_entity_key"":""647453d07333c266cc392715ab6d03e09332f3aef19c6d93279e3d2a46024ef8"",""max_displacement_m"":0.0}]",,,,,,
199,Q1,,,,,,,,,,,,,,,,,,,,,819882.1390290709,9896159.479623793,Q1,DWG_DIRECT:text|RULE:AI-IMB-LABEL-001,ff291a4f8cb7d8669ddac028f6d3e929338430c3c017202580bceca8af917f14,4CC22,Homepass Number,SOURCE_HOME_LABEL,6,,BYLAYER,30,0.0,0.0,0.0,ACI:6|LT:BYLAYER|LW:30|ROT_QGIS:0.000000000,"[{""operation"":""identity"",""source_entity_key"":""ff291a4f8cb7d8669ddac028f6d3e929338430c3c017202580bceca8af917f14"",""max_displacement_m"":0.0}]",,,,,,
200,AA12,,,,,,,,,,,,,,,,,,,,,819862.8851926558,9896313.983970912,AA12,DWG_DIRECT:text|RULE:AI-IMB-LABEL-001,4c9c4e4eb7cfe80cbba3ffd19c9908526a758ac3040e8f2c30621b4154224528,4CC69,Homepass Number,SOURCE_HOME_LABEL,6,,BYLAYER,30,0.0,0.0,0.0,ACI:6|LT:BYLAYER|LW:30|ROT_QGIS:0.000000000,"[{""operation"":""identity"",""source_entity_key"":""4c9c4e4eb7cfe80cbba3ffd19c9908526a758ac3040e8f2c30621b4154224528"",""max_displacement_m"":0.0}]",,,,,,
201,X8,,,,,,,,,,,,,,,,,,,,,819919.6834134788,9896292.046065101,X8,DWG_DIRECT:text|RULE:AI-IMB-LABEL-001,a13b52e39e57b410974fb95f530db4dc06bfddfac7e3565155e5876cdb247486,4CC81,Homepass Number,SOURCE_HOME_LABEL,6,,BYLAYER,30,0.0,0.0,0.0,ACI:6|LT:BYLAYER|LW:30|ROT_QGIS:0.000000000,"[{""operation"":""identity"",""source_entity_key"":""a13b52e39e57b410974fb95f530db4dc06bfddfac7e3565155e5876cdb247486"",""max_displacement_m"":0.0}]",,,,,,
202,P2,,,,,,,,,,,,,,,,,,,,,819879.3028336032,9896137.566984242,P2,DWG_DIRECT:text|RULE:AI-IMB-LABEL-001,86190fef8d21eaf627e0f27daa718f25172506bd1f599807699292ff238b082b,4CC1C,Homepass Number,SOURCE_HOME_LABEL,6,,BYLAYER,30,0.0,0.0,0.0,ACI:6|LT:BYLAYER|LW:30|ROT_QGIS:0.000000000,"[{""operation"":""identity"",""source_entity_key"":""86190fef8d21eaf627e0f27daa718f25172506bd1f599807699292ff238b082b"",""max_displacement_m"":0.0}]",,,,,,
203,R1,,,,,,,,,,,,,,,,,,,,,819870.8520407414,9896160.178869277,R1,DWG_DIRECT:text|RULE:AI-IMB-LABEL-001,b9e7c94986bdd07165d936fa343b9d7dade1dc29bc16dffede5cefb72a50300f,4CC35,Homepass Number,SOURCE_HOME_LABEL,6,,BYLAYER,30,0.0,0.0,0.0,ACI:6|LT:BYLAYER|LW:30|ROT_QGIS:0.000000000,"[{""operation"":""identity"",""source_entity_key"":""b9e7c94986bdd07165d936fa343b9d7dade1dc29bc16dffede5cefb72a50300f"",""max_displacement_m"":0.0}]",,,,,,
204,Z14,,,,,,,,,,,,,,,,,,,,,819878.4372348486,9896330.12035899,Z14,DWG_DIRECT:text|RULE:AI-IMB-LABEL-001,319d0f09107348c04920c4c7169a34239b3d2bbd2ef7341410764581cbc2a613,4CC99,Homepass Number,SOURCE_HOME_LABEL,6,,BYLAYER,30,0.0,0.0,0.0,ACI:6|LT:BYLAYER|LW:30|ROT_QGIS:0.000000000,"[{""operation"":""identity"",""source_entity_key"":""319d0f09107348c04920c4c7169a34239b3d2bbd2ef7341410764581cbc2a613"",""max_displacement_m"":0.0}]",,,,,,
205,F2,,,,,,,,,,,,,,,,,,,,,819955.9182512037,9896078.123431303,F2,DWG_DIRECT:text|RULE:AI-IMB-LABEL-001,da2880637b1ba99166d1b9b607aec4e487347c02a629fe5d9c397ba386c2e803,4C68A,Homepass Number,SOURCE_HOME_LABEL,6,,BYLAYER,30,0.0,0.0,0.0,ACI:6|LT:BYLAYER|LW:30|ROT_QGIS:0.000000000,"[{""operation"":""identity"",""source_entity_key"":""da2880637b1ba99166d1b9b607aec4e487347c02a629fe5d9c397ba386c2e803"",""max_displacement_m"":0.0}]",,,,,,
206,Y11,,,,,,,,,,,,,,,,,,,,,819897.861425097,9896305.111196805,Y11,DWG_DIRECT:text|RULE:AI-IMB-LABEL-001,3083c2121ca4d67363e6f1a9974e83321b562e02735963af0d33d9acffd898eb,4CC6C,Homepass Number,SOURCE_HOME_LABEL,6,,BYLAYER,30,0.0,0.0,0.0,ACI:6|LT:BYLAYER|LW:30|ROT_QGIS:0.000000000,"[{""operation"":""identity"",""source_entity_key"":""3083c2121ca4d67363e6f1a9974e83321b562e02735963af0d33d9acffd898eb"",""max_displacement_m"":0.0}]",,,,,,
207,H6,,,,,,,,,,,,,,,,,,,,,819924.1976016569,9896143.326841408,H6,DWG_DIRECT:text|RULE:AI-IMB-LABEL-001,ebc9619440e08c5284af770411163b3589b50a984742f1114e4f796e22e0f33d,4CC02,Homepass Number,SOURCE_HOME_LABEL,6,,BYLAYER,30,0.0,0.0,0.0,ACI:6|LT:BYLAYER|LW:30|ROT_QGIS:0.000000000,"[{""operation"":""identity"",""source_entity_key"":""ebc9619440e08c5284af770411163b3589b50a984742f1114e4f796e22e0f33d"",""max_displacement_m"":0.0}]",,,,,,
208,AA16,,,,,,,,,,,,,,,,,,,,,819865.9305127752,9896341.21537364,AA16,DWG_DIRECT:text|RULE:AI-IMB-LABEL-001,e137d7a1668a033b982f543c3363ca3ffb445d812db74a3403d3791db03996ee,4CC9E,Homepass Number,SOURCE_HOME_LABEL,6,,BYLAYER,30,0.0,0.0,0.0,ACI:6|LT:BYLAYER|LW:30|ROT_QGIS:0.000000000,"[{""operation"":""identity"",""source_entity_key"":""e137d7a1668a033b982f543c3363ca3ffb445d812db74a3403d3791db03996ee"",""max_displacement_m"":0.0}]",,,,,,
209,AA13,,,,,,,,,,,,,,,,,,,,,819864.3790855914,9896324.070531411,AA13,DWG_DIRECT:text|RULE:AI-IMB-LABEL-001,08ba8755749280a7a6f88594293d4572f6edb4dbf31a90b66f45cf797f84ef12,4CC9B,Homepass Number,SOURCE_HOME_LABEL,6,,BYLAYER,30,0.0,0.0,0.0,ACI:6|LT:BYLAYER|LW:30|ROT_QGIS:0.000000000,"[{""operation"":""identity"",""source_entity_key"":""08ba8755749280a7a6f88594293d4572f6edb4dbf31a90b66f45cf797f84ef12"",""max_displacement_m"":0.0}]",,,,,,
210,AA6,,,,,,,,,,,,,,,,,,,,,819863.7229589175,9896272.239078745,AA6,DWG_DIRECT:text|RULE:AI-IMB-LABEL-001,20d0ab2b262493ba0292faba72ba9ae0e9b7a4480fb7fd6eda3fd0f4de9116f4,4CC5D,Homepass Number,SOURCE_HOME_LABEL,6,,BYLAYER,30,0.0,0.0,0.0,ACI:6|LT:BYLAYER|LW:30|ROT_QGIS:0.000000000,"[{""operation"":""identity"",""source_entity_key"":""20d0ab2b262493ba0292faba72ba9ae0e9b7a4480fb7fd6eda3fd0f4de9116f4"",""max_displacement_m"":0.0}]",,,,,,
211,J1,,,,,,,,,,,,,,,,,,,,,819979.8997205166,9896155.366875973,J1,DWG_DIRECT:text|RULE:AI-IMB-LABEL-001,8a64fa39b94906d5c7ca0f23bd6b58109c208c1a945583a1f4286f3d5b9972e4,4C6EA,Homepass Number,SOURCE_HOME_LABEL,6,,BYLAYER,30,0.0,0.0,0.0,ACI:6|LT:BYLAYER|LW:30|ROT_QGIS:0.000000000,"[{""operation"":""identity"",""source_entity_key"":""8a64fa39b94906d5c7ca0f23bd6b58109c208c1a945583a1f4286f3d5b9972e4"",""max_displacement_m"":0.0}]",,,,,,
212,AB7,,,,,,,,,,,,,,,,,,,,,819842.4850538586,9896279.478275705,AB7,DWG_DIRECT:text|RULE:AI-IMB-LABEL-001,f96e2d65180edca5a7e7dd86d441c29c2268f49d7a59a191aa861f85895b9382,4CC4C,Homepass Number,SOURCE_HOME_LABEL,6,,BYLAYER,30,0.0,0.0,0.0,ACI:6|LT:BYLAYER|LW:30|ROT_QGIS:0.000000000,"[{""operation"":""identity"",""source_entity_key"":""f96e2d65180edca5a7e7dd86d441c29c2268f49d7a59a191aa861f85895b9382"",""max_displacement_m"":0.0}]",,,,,,
213,Z12,,,,,,,,,,,,,,,,,,,,,819877.3472532708,9896313.08988612,Z12,DWG_DIRECT:text|RULE:AI-IMB-LABEL-001,8c058c378d98b9a55946d9b8b1ab721f695ebd6f62ea3ea3c8a1ea09d4af3a72,4CC6A,Homepass Number,SOURCE_HOME_LABEL,6,,BYLAYER,30,0.0,0.0,0.0,ACI:6|LT:BYLAYER|LW:30|ROT_QGIS:0.000000000,"[{""operation"":""identity"",""source_entity_key"":""8c058c378d98b9a55946d9b8b1ab721f695ebd6f62ea3ea3c8a1ea09d4af3a72"",""max_displacement_m"":0.0}]",,,,,,
214,H1,,,,,,,,,,,,,,,,,,,,,820026.288436202,9896150.426818721,H1,DWG_DIRECT:text|RULE:AI-IMB-LABEL-001,3868080a0cbb50b21e0a0096a2859cd5264bf0719293de0950bd74893f8a4ceb,4C6B7,Homepass Number,SOURCE_HOME_LABEL,6,,BYLAYER,30,0.0,0.0,0.0,ACI:6|LT:BYLAYER|LW:30|ROT_QGIS:0.000000000,"[{""operation"":""identity"",""source_entity_key"":""3868080a0cbb50b21e0a0096a2859cd5264bf0719293de0950bd74893f8a4ceb"",""max_displacement_m"":0.0}]",,,,,,
215,X14,,,,,,,,,,,,,,,,,,,,,819913.6176269597,9896333.789542532,X14,DWG_DIRECT:text|RULE:AI-IMB-LABEL-001,5bed1d89e972287ae07b2e9b78738da24fdc80db4c060c6990fb353c51b91bf4,4CC92,Homepass Number,SOURCE_HOME_LABEL,6,,BYLAYER,30,0.0,0.0,0.0,ACI:6|LT:BYLAYER|LW:30|ROT_QGIS:0.000000000,"[{""operation"":""identity"",""source_entity_key"":""5bed1d89e972287ae07b2e9b78738da24fdc80db4c060c6990fb353c51b91bf4"",""max_displacement_m"":0.0}]",,,,,,
216,W1,,,,,,,,,,,,,,,,,,,,,819929.3678610899,9896243.217758358,W1,DWG_DIRECT:text|RULE:AI-IMB-LABEL-001,8249d9b9aba16526ca33f543020318106206d3a955e129af8aef8031321b4d48,4C74D,Homepass Number,SOURCE_HOME_LABEL,6,,BYLAYER,30,0.0,0.0,0.0,ACI:6|LT:BYLAYER|LW:30|ROT_QGIS:0.000000000,"[{""operation"":""identity"",""source_entity_key"":""8249d9b9aba16526ca33f543020318106206d3a955e129af8aef8031321b4d48"",""max_displacement_m"":0.0}]",,,,,,
217,B3,,,,,,,,,,,,,,,,,,,,,820032.2990761861,9896071.699933011,B3,DWG_DIRECT:text|RULE:AI-IMB-LABEL-001,81fce506e4e395a88cff0edd832955b22ee67fe7780ed0f652e6aa1992bbd8f1,4C61E,Homepass Number,SOURCE_HOME_LABEL,6,,BYLAYER,30,0.0,0.0,0.0,ACI:6|LT:BYLAYER|LW:30|ROT_QGIS:0.000000000,"[{""operation"":""identity"",""source_entity_key"":""81fce506e4e395a88cff0edd832955b22ee67fe7780ed0f652e6aa1992bbd8f1"",""max_displacement_m"":0.0}]",,,,,,
218,G5,,,,,,,,,,,,,,,,,,,,,819945.3501092938,9896136.442825885,G5,DWG_DIRECT:text|RULE:AI-IMB-LABEL-001,e70352bc1e31f0df95b13c220898194126e0538e9b162b880eeb183d2623ae19,4C6B4,Homepass Number,SOURCE_HOME_LABEL,6,,BYLAYER,30,0.0,0.0,0.0,ACI:6|LT:BYLAYER|LW:30|ROT_QGIS:0.000000000,"[{""operation"":""identity"",""source_entity_key"":""e70352bc1e31f0df95b13c220898194126e0538e9b162b880eeb183d2623ae19"",""max_displacement_m"":0.0}]",,,,,,
219,Z11,,,,,,,,,,,,,,,,,,,,,819877.3138428803,9896305.874579445,Z11,DWG_DIRECT:text|RULE:AI-IMB-LABEL-001,f1f74563e55d887543e4ea2ecc185eafe48efe8d278a38674b3a293fcc3939f4,4CC68,Homepass Number,SOURCE_HOME_LABEL,6,,BYLAYER,30,0.0,0.0,0.0,ACI:6|LT:BYLAYER|LW:30|ROT_QGIS:0.000000000,"[{""operation"":""identity"",""source_entity_key"":""f1f74563e55d887543e4ea2ecc185eafe48efe8d278a38674b3a293fcc3939f4"",""max_displacement_m"":0.0}]",,,,,,
220,AH4,,,,,,,,,,,,,,,,,,,,,820028.7398658954,9896247.056944933,AH4,DWG_DIRECT:text|RULE:AI-IMB-LABEL-001,18b7aa497ae9823f5dd80230378cc6061c72717a9dd7185862b9134951f5ea53,4CBFE,Homepass Number,SOURCE_HOME_LABEL,6,,BYLAYER,30,0.0,0.0,0.0,ACI:6|LT:BYLAYER|LW:30|ROT_QGIS:0.000000000,"[{""operation"":""identity"",""source_entity_key"":""18b7aa497ae9823f5dd80230378cc6061c72717a9dd7185862b9134951f5ea53"",""max_displacement_m"":0.0}]",,,,,,
221,K9,,,,,,,,,,,,,,,,,,,,,819961.7487569106,9896211.747912804,K9,DWG_DIRECT:text|RULE:AI-IMB-LABEL-001,401d3763fdb654fa873b184cc4b60f5c666735b8abdb6c5f8fa5d24a10f43034,4CBCB,Homepass Number,SOURCE_HOME_LABEL,6,,BYLAYER,30,0.0,0.0,0.0,ACI:6|LT:BYLAYER|LW:30|ROT_QGIS:0.000000000,"[{""operation"":""identity"",""source_entity_key"":""401d3763fdb654fa873b184cc4b60f5c666735b8abdb6c5f8fa5d24a10f43034"",""max_displacement_m"":0.0}]",,,,,,
222,AC8,,,,,,,,,,,,,,,,,,,,,819830.6401436994,9896287.495191863,AC8,DWG_DIRECT:text|RULE:AI-IMB-LABEL-001,909a5802f49ca20b6a9efb5d1902793c6a1ebd0e6c493704cb0b0a3e4bcdcbda,4CC42,Homepass Number,SOURCE_HOME_LABEL,6,,BYLAYER,30,0.0,0.0,0.0,ACI:6|LT:BYLAYER|LW:30|ROT_QGIS:0.000000000,"[{""operation"":""identity"",""source_entity_key"":""909a5802f49ca20b6a9efb5d1902793c6a1ebd0e6c493704cb0b0a3e4bcdcbda"",""max_displacement_m"":0.0}]",,,,,,
223,I/5,,,,,,,,,,,,,,,,,,,,,819994.056370533,9896182.523750624,I/5,DWG_DIRECT:text|RULE:AI-IMB-LABEL-001,bd9b80e8d0de3a79f9fd0df2a4ee9e2e4a1d741e798be2e85c895c79bdbcb2b3,4C6D5,Homepass Number,SOURCE_HOME_LABEL,6,,BYLAYER,30,0.0,0.0,0.0,ACI:6|LT:BYLAYER|LW:30|ROT_QGIS:0.000000000,"[{""operation"":""identity"",""source_entity_key"":""bd9b80e8d0de3a79f9fd0df2a4ee9e2e4a1d741e798be2e85c895c79bdbcb2b3"",""max_displacement_m"":0.0}]",,,,,,
224,E2,,,,,,,,,,,,,,,,,,,,,819976.5354973391,9896078.60252654,E2,DWG_DIRECT:text|RULE:AI-IMB-LABEL-001,6d3a9be9eccae022eccca2858cb69fd7d4f5a18c8c4006d0c8c3f9509018ec74,4C669,Homepass Number,SOURCE_HOME_LABEL,6,,BYLAYER,30,0.0,0.0,0.0,ACI:6|LT:BYLAYER|LW:30|ROT_QGIS:0.000000000,"[{""operation"":""identity"",""source_entity_key"":""6d3a9be9eccae022eccca2858cb69fd7d4f5a18c8c4006d0c8c3f9509018ec74"",""max_displacement_m"":0.0}]",,,,,,
225,AC1,,,,,,,,,,,,,,,,,,,,,819827.9336811908,9896239.31912634,AC1,DWG_DIRECT:text|RULE:AI-IMB-LABEL-001,4298a6dd157f08acf96d212e45725a2798c1e41f3966b6f6e7edf2657e9b0dd7,4CC3B,Homepass Number,SOURCE_HOME_LABEL,6,,BYLAYER,30,0.0,0.0,0.0,ACI:6|LT:BYLAYER|LW:30|ROT_QGIS:0.000000000,"[{""operation"":""identity"",""source_entity_key"":""4298a6dd157f08acf96d212e45725a2798c1e41f3966b6f6e7edf2657e9b0dd7"",""max_displacement_m"":0.0}]",,,,,,
226,F5,,,,,,,,,,,,,,,,,,,,,819957.1515437883,9896099.307603288,F5,DWG_DIRECT:text|RULE:AI-IMB-LABEL-001,86afbb59694e53cdc91e5a7a9b67f1c49ed82f150e92b82a4414308ee3a16ade,4C693,Homepass Number,SOURCE_HOME_LABEL,6,,BYLAYER,30,0.0,0.0,0.0,ACI:6|LT:BYLAYER|LW:30|ROT_QGIS:0.000000000,"[{""operation"":""identity"",""source_entity_key"":""86afbb59694e53cdc91e5a7a9b67f1c49ed82f150e92b82a4414308ee3a16ade"",""max_displacement_m"":0.0}]",,,,,,
227,O8,,,,,,,,,,,,,,,,,,,,,819889.931054311,9896095.979236422,O8,DWG_DIRECT:text|RULE:AI-IMB-LABEL-001,3c31541fd5dc8891104fcd005d339d2d0b92acc1a58bf9048620a3a4a33ee944,4CC13,Homepass Number,SOURCE_HOME_LABEL,6,,BYLAYER,30,0.0,0.0,0.0,ACI:6|LT:BYLAYER|LW:30|ROT_QGIS:0.000000000,"[{""operation"":""identity"",""source_entity_key"":""3c31541fd5dc8891104fcd005d339d2d0b92acc1a58bf9048620a3a4a33ee944"",""max_displacement_m"":0.0}]",,,,,,
228,T8,,,,,,,,,,,,,,,,,,,,,819983.5037913519,9896288.060377456,T8,DWG_DIRECT:text|RULE:AI-IMB-LABEL-001,be1de029a87fd3bb39de4e644e4d78885efeea611fc46ba11b892cb9961b84bf,4CBF2,Homepass Number,SOURCE_HOME_LABEL,6,,BYLAYER,30,0.0,0.0,0.0,ACI:6|LT:BYLAYER|LW:30|ROT_QGIS:0.000000000,"[{""operation"":""identity"",""source_entity_key"":""be1de029a87fd3bb39de4e644e4d78885efeea611fc46ba11b892cb9961b84bf"",""max_displacement_m"":0.0}]",,,,,,
229,AA1,,,,,,,,,,,,,,,,,,,,,819861.6032189748,9896237.63463522,AA1,DWG_DIRECT:text|RULE:AI-IMB-LABEL-001,2dd3f5193751a09e9c1ce53352b31d4c296ccd27e22b681b0f1982bf3d788165,4CC53,Homepass Number,SOURCE_HOME_LABEL,6,,BYLAYER,30,0.0,0.0,0.0,ACI:6|LT:BYLAYER|LW:30|ROT_QGIS:0.000000000,"[{""operation"":""identity"",""source_entity_key"":""2dd3f5193751a09e9c1ce53352b31d4c296ccd27e22b681b0f1982bf3d788165"",""max_displacement_m"":0.0}]",,,,,,
230,A8,,,,,,,,,,,,,,,,,,,,,820019.7077266929,9896039.298142597,A8,DWG_DIRECT:text|RULE:AI-IMB-LABEL-001,43d1c4fe0b0edb67dcc1017eb361f4c55662610c6ae9ffb09ffa0218c5da6145,4CCAF,Homepass Number,SOURCE_HOME_LABEL,6,,BYLAYER,30,0.0,0.0,0.0,ACI:6|LT:BYLAYER|LW:30|ROT_QGIS:0.000000000,"[{""operation"":""identity"",""source_entity_key"":""43d1c4fe0b0edb67dcc1017eb361f4c55662610c6ae9ffb09ffa0218c5da6145"",""max_displacement_m"":0.0}]",,,,,,
231,AC4,,,,,,,,,,,,,,,,,,,,,819829.2774338434,9896260.119196508,AC4,DWG_DIRECT:text|RULE:AI-IMB-LABEL-001,926f9c7053a4c7ba6b090a6533033eed9209ea077420e8787c45ab705d9cff02,4CC3E,Homepass Number,SOURCE_HOME_LABEL,6,,BYLAYER,30,0.0,0.0,0.0,ACI:6|LT:BYLAYER|LW:30|ROT_QGIS:0.000000000,"[{""operation"":""identity"",""source_entity_key"":""926f9c7053a4c7ba6b090a6533033eed9209ea077420e8787c45ab705d9cff02"",""max_displacement_m"":0.0}]",,,,,,
232,E6,,,,,,,,,,,,,,,,,,,,,819978.5534042617,9896107.243816538,E6,DWG_DIRECT:text|RULE:AI-IMB-LABEL-001,d50527c0b473cbde2420bb1648f4a3641306890fee6164ad046214958cde355c,4C675,Homepass Number,SOURCE_HOME_LABEL,6,,BYLAYER,30,0.0,0.0,0.0,ACI:6|LT:BYLAYER|LW:30|ROT_QGIS:0.000000000,"[{""operation"":""identity"",""source_entity_key"":""d50527c0b473cbde2420bb1648f4a3641306890fee6164ad046214958cde355c"",""max_displacement_m"":0.0}]",,,,,,
233,K2,,,,,,,,,,,,,,,,,,,,,819961.2249028778,9896163.306961346,K2,DWG_DIRECT:text|RULE:AI-IMB-LABEL-001,6a03a2fbd274df20fd6d72a7124b596f3f64fe42dada88cd75ad4ae5116f6ecf,4C70E,Homepass Number,SOURCE_HOME_LABEL,6,,BYLAYER,30,0.0,0.0,0.0,ACI:6|LT:BYLAYER|LW:30|ROT_QGIS:0.000000000,"[{""operation"":""identity"",""source_entity_key"":""6a03a2fbd274df20fd6d72a7124b596f3f64fe42dada88cd75ad4ae5116f6ecf"",""max_displacement_m"":0.0}]",,,,,,
234,L7,,,,,,,,,,,,,,,,,,,,,819948.5718483013,9896197.896332098,L7,DWG_DIRECT:text|RULE:AI-IMB-LABEL-001,4a1881fe2aefc3e054e28524428f043090903691d068bc427fcacb1e19132864,4CBD2,Homepass Number,SOURCE_HOME_LABEL,6,,BYLAYER,30,0.0,0.0,0.0,ACI:6|LT:BYLAYER|LW:30|ROT_QGIS:0.000000000,"[{""operation"":""identity"",""source_entity_key"":""4a1881fe2aefc3e054e28524428f043090903691d068bc427fcacb1e19132864"",""max_displacement_m"":0.0}]",,,,,,
235,AB3,,,,,,,,,,,,,,,,,,,,,819841.2707556653,9896252.20337072,AB3,DWG_DIRECT:text|RULE:AI-IMB-LABEL-001,8445e98dfbf45f9bd32c93132e819b790e9c19a622f2f9a07a0085f97ba5b98d,4CC50,Homepass Number,SOURCE_HOME_LABEL,6,,BYLAYER,30,0.0,0.0,0.0,ACI:6|LT:BYLAYER|LW:30|ROT_QGIS:0.000000000,"[{""operation"":""identity"",""source_entity_key"":""8445e98dfbf45f9bd32c93132e819b790e9c19a622f2f9a07a0085f97ba5b98d"",""max_displacement_m"":0.0}]",,,,,,
236,E1,,,,,,,,,,,,,,,,,,,,,819975.1159183388,9896070.811533049,E1,DWG_DIRECT:text|RULE:AI-IMB-LABEL-001,086f781f0bd04c25b4a82fb002685f65b33c29bc2e25a56e8022dd41a0bac928,4C666,Homepass Number,SOURCE_HOME_LABEL,6,,BYLAYER,30,0.0,0.0,0.0,ACI:6|LT:BYLAYER|LW:30|ROT_QGIS:0.000000000,"[{""operation"":""identity"",""source_entity_key"":""086f781f0bd04c25b4a82fb002685f65b33c29bc2e25a56e8022dd41a0bac928"",""max_displacement_m"":0.0}]",,,,,,
237,V6,,,,,,,,,,,,,,,,,,,,,819950.0600340903,9896275.777548334,V6,DWG_DIRECT:text|RULE:AI-IMB-LABEL-001,3c9aa27e504bbb2ae3da1c72c6f93f67231efae35c8c7a4bbec1d1f01940ed5c,4CBE5,Homepass Number,SOURCE_HOME_LABEL,6,,BYLAYER,30,0.0,0.0,0.0,ACI:6|LT:BYLAYER|LW:30|ROT_QGIS:0.000000000,"[{""operation"":""identity"",""source_entity_key"":""3c9aa27e504bbb2ae3da1c72c6f93f67231efae35c8c7a4bbec1d1f01940ed5c"",""max_displacement_m"":0.0}]",,,,,,
238,Y6,,,,,,,,,,,,,,,,,,,,,819896.5722680379,9896270.260104207,Y6,DWG_DIRECT:text|RULE:AI-IMB-LABEL-001,d43619cdd4a9c5d091fc1238331eca4d24dfc238d2fa78ee4a3d260dd2305dd3,4CC71,Homepass Number,SOURCE_HOME_LABEL,6,,BYLAYER,30,0.0,0.0,0.0,ACI:6|LT:BYLAYER|LW:30|ROT_QGIS:0.000000000,"[{""operation"":""identity"",""source_entity_key"":""d43619cdd4a9c5d091fc1238331eca4d24dfc238d2fa78ee4a3d260dd2305dd3"",""max_displacement_m"":0.0}]",,,,,,
239,K7,,,,,,,,,,,,,,,,,,,,,819961.7487569106,9896197.789571924,K7,DWG_DIRECT:text|RULE:AI-IMB-LABEL-001,0396d2dfffafaf68f6aafa66fbe3049445fc278f43567868a9995ef781aa87e4,4CBC9,Homepass Number,SOURCE_HOME_LABEL,6,,BYLAYER,30,0.0,0.0,0.0,ACI:6|LT:BYLAYER|LW:30|ROT_QGIS:0.000000000,"[{""operation"":""identity"",""source_entity_key"":""0396d2dfffafaf68f6aafa66fbe3049445fc278f43567868a9995ef781aa87e4"",""max_displacement_m"":0.0}]",,,,,,
240,N11,,,,,,,,,,,,,,,,,,,,,819909.1640783526,9896073.023143359,N11,DWG_DIRECT:text|RULE:AI-IMB-LABEL-001,5e6e7c25a48d9af1ae8da3a557f75abbf73e9605a8fc9cb4ceb80513b2d0c439,4CC08,Homepass Number,SOURCE_HOME_LABEL,6,,BYLAYER,30,0.0,0.0,0.0,ACI:6|LT:BYLAYER|LW:30|ROT_QGIS:0.000000000,"[{""operation"":""identity"",""source_entity_key"":""5e6e7c25a48d9af1ae8da3a557f75abbf73e9605a8fc9cb4ceb80513b2d0c439"",""max_displacement_m"":0.0}]",,,,,,
241,H3,,,,,,,,,,,,,,,,,,,,,819923.3485321386,9896121.941225737,H3,DWG_DIRECT:text|RULE:AI-IMB-LABEL-001,90ea2f8f1840a4f4572066d3dc57de5c0ac52cacfdc8b2dba57a66306e4fbfef,4CC05,Homepass Number,SOURCE_HOME_LABEL,6,,BYLAYER,30,0.0,0.0,0.0,ACI:6|LT:BYLAYER|LW:30|ROT_QGIS:0.000000000,"[{""operation"":""identity"",""source_entity_key"":""90ea2f8f1840a4f4572066d3dc57de5c0ac52cacfdc8b2dba57a66306e4fbfef"",""max_displacement_m"":0.0}]",,,,,,
242,Y9,,,,,,,,,,,,,,,,,,,,,819897.0318793856,9896291.432022238,Y9,DWG_DIRECT:text|RULE:AI-IMB-LABEL-001,964ff0625ff96a43317f828252f05478e4e373241ff96b113b26402ba880a000,4CC6E,Homepass Number,SOURCE_HOME_LABEL,6,,BYLAYER,30,0.0,0.0,0.0,ACI:6|LT:BYLAYER|LW:30|ROT_QGIS:0.000000000,"[{""operation"":""identity"",""source_entity_key"":""964ff0625ff96a43317f828252f05478e4e373241ff96b113b26402ba880a000"",""max_displacement_m"":0.0}]",,,,,,
243,Q4,,,,,,,,,,,,,,,,,,,,,819883.484923292,9896180.973935403,Q4,DWG_DIRECT:text|RULE:AI-IMB-LABEL-001,c31a4da3d4673bddcc9bc7fa4ee4c6d438014cab459d56a609c49c250b690eca,4CC25,Homepass Number,SOURCE_HOME_LABEL,6,,BYLAYER,30,0.0,0.0,0.0,ACI:6|LT:BYLAYER|LW:30|ROT_QGIS:0.000000000,"[{""operation"":""identity"",""source_entity_key"":""c31a4da3d4673bddcc9bc7fa4ee4c6d438014cab459d56a609c49c250b690eca"",""max_displacement_m"":0.0}]",,,,,,
244,Q6,,,,,,,,,,,,,,,,,,,,,819884.8744363672,9896194.9577922,Q6,DWG_DIRECT:text|RULE:AI-IMB-LABEL-001,75f52df48a14636a25cc86f247571dce06eb3269c1407c165a2b699269746bfd,4CC27,Homepass Number,SOURCE_HOME_LABEL,6,,BYLAYER,30,0.0,0.0,0.0,ACI:6|LT:BYLAYER|LW:30|ROT_QGIS:0.000000000,"[{""operation"":""identity"",""source_entity_key"":""75f52df48a14636a25cc86f247571dce06eb3269c1407c165a2b699269746bfd"",""max_displacement_m"":0.0}]",,,,,,
245,F10,,,,,,,,,,,,,,,,,,,,,819957.9371349913,9896135.109273179,F10,DWG_DIRECT:text|RULE:AI-IMB-LABEL-001,75bc60437fc9bc8a57c83497afc7804c2e692c0c9fa09acd5c7e8e9258ae16fb,4C6A2,Homepass Number,SOURCE_HOME_LABEL,6,,BYLAYER,30,0.0,0.0,0.0,ACI:6|LT:BYLAYER|LW:30|ROT_QGIS:0.000000000,"[{""operation"":""identity"",""source_entity_key"":""75bc60437fc9bc8a57c83497afc7804c2e692c0c9fa09acd5c7e8e9258ae16fb"",""max_displacement_m"":0.0}]",,,,,,
246,V3,,,,,,,,,,,,,,,,,,,,,819950.0600340903,9896255.54995092,V3,DWG_DIRECT:text|RULE:AI-IMB-LABEL-001,30c1de7879822c90fd2aa82fd11245d3ac5958ead2c8afd821797711d8da4bda,4CBE2,Homepass Number,SOURCE_HOME_LABEL,6,,BYLAYER,30,0.0,0.0,0.0,ACI:6|LT:BYLAYER|LW:30|ROT_QGIS:0.000000000,"[{""operation"":""identity"",""source_entity_key"":""30c1de7879822c90fd2aa82fd11245d3ac5958ead2c8afd821797711d8da4bda"",""max_displacement_m"":0.0}]",,,,,,
247,E4,,,,,,,,,,,,,,,,,,,,,819976.5733483147,9896092.960305192,E4,DWG_DIRECT:text|RULE:AI-IMB-LABEL-001,4f4a495cbc776aa64b328a7df7c71267a4dd21249847b6c19086d88772eff6e5,4C66F,Homepass Number,SOURCE_HOME_LABEL,6,,BYLAYER,30,0.0,0.0,0.0,ACI:6|LT:BYLAYER|LW:30|ROT_QGIS:0.000000000,"[{""operation"":""identity"",""source_entity_key"":""4f4a495cbc776aa64b328a7df7c71267a4dd21249847b6c19086d88772eff6e5"",""max_displacement_m"":0.0}]",,,,,,
248,P5,,,,,,,,,,,,,,,,,,,,,819878.3256829185,9896116.036942383,P5,DWG_DIRECT:text|RULE:AI-IMB-LABEL-001,d7e9badb74ea821b409ed01ec4c86fdf22ef3c7541ff15b1f7d3a131fbd6c9ef,4CC1F,Homepass Number,SOURCE_HOME_LABEL,6,,BYLAYER,30,0.0,0.0,0.0,ACI:6|LT:BYLAYER|LW:30|ROT_QGIS:0.000000000,"[{""operation"":""identity"",""source_entity_key"":""d7e9badb74ea821b409ed01ec4c86fdf22ef3c7541ff15b1f7d3a131fbd6c9ef"",""max_displacement_m"":0.0}]",,,,,,
249,Z13,,,,,,,,,,,,,,,,,,,,,819877.7790530372,9896322.886642644,Z13,DWG_DIRECT:text|RULE:AI-IMB-LABEL-001,f5e7161ac5023770bd2396791876b2764cdadc5d97f64b0ca29c113a61c82d93,4CC98,Homepass Number,SOURCE_HOME_LABEL,6,,BYLAYER,30,0.0,0.0,0.0,ACI:6|LT:BYLAYER|LW:30|ROT_QGIS:0.000000000,"[{""operation"":""identity"",""source_entity_key"":""f5e7161ac5023770bd2396791876b2764cdadc5d97f64b0ca29c113a61c82d93"",""max_displacement_m"":0.0}]",,,,,,
250,V11,,,,,,,,,,,,,,,,,,,,,819950.0600340903,9896310.053367648,V11,DWG_DIRECT:text|RULE:AI-IMB-LABEL-001,083134ecb105f0be7f79e82f39a6acb16d06ac1c3bdae972baeba8b093ba7153,4CBEA,Homepass Number,SOURCE_HOME_LABEL,6,,BYLAYER,30,0.0,0.0,0.0,ACI:6|LT:BYLAYER|LW:30|ROT_QGIS:0.000000000,"[{""operation"":""identity"",""source_entity_key"":""083134ecb105f0be7f79e82f39a6acb16d06ac1c3bdae972baeba8b093ba7153"",""max_displacement_m"":0.0}]",,,,,,
251,X13,,,,,,,,,,,,,,,,,,,,,819913.4295722697,9896327.213436432,X13,DWG_DIRECT:text|RULE:AI-IMB-LABEL-001,c93f7fcdf1b334fc7263c44f3f313392ab9a7f3b36b51765a28ea94c7906da1f,4CC93,Homepass Number,SOURCE_HOME_LABEL,6,,BYLAYER,30,0.0,0.0,0.0,ACI:6|LT:BYLAYER|LW:30|ROT_QGIS:0.000000000,"[{""operation"":""identity"",""source_entity_key"":""c93f7fcdf1b334fc7263c44f3f313392ab9a7f3b36b51765a28ea94c7906da1f"",""max_displacement_m"":0.0}]",,,,,,
252,R10,,,,,,,,,,,,,,,,,,,,,819873.589455158,9896223.009116389,R10,DWG_DIRECT:text|RULE:AI-IMB-LABEL-001,741ffba7b56ca4ec91199870b53148e207c0bed7a081b6123a8890a29743bc5e,4CC2C,Homepass Number,SOURCE_HOME_LABEL,6,,BYLAYER,30,0.0,0.0,0.0,ACI:6|LT:BYLAYER|LW:30|ROT_QGIS:0.000000000,"[{""operation"":""identity"",""source_entity_key"":""741ffba7b56ca4ec91199870b53148e207c0bed7a081b6123a8890a29743bc5e"",""max_displacement_m"":0.0}]",,,,,,
253,G6,,,,,,,,,,,,,,,,,,,,,819945.3501092938,9896142.227312475,G6,DWG_DIRECT:text|RULE:AI-IMB-LABEL-001,21273535592c319f65f0beaab99ca4569a09c182b962fd8e17f23a115efd6b77,4CCB2,Homepass Number,SOURCE_HOME_LABEL,6,,BYLAYER,30,0.0,0.0,0.0,ACI:6|LT:BYLAYER|LW:30|ROT_QGIS:0.000000000,"[{""operation"":""identity"",""source_entity_key"":""21273535592c319f65f0beaab99ca4569a09c182b962fd8e17f23a115efd6b77"",""max_displacement_m"":0.0}]",,,,,,
254,D3,,,,,,,,,,,,,,,,,,,,,819988.9359888441,9896085.28013089,D3,DWG_DIRECT:text|RULE:AI-IMB-LABEL-001,7c5516159cd20ba09fc09dc995b5bde8db8f0a7090035e2c7f270cf453b4a1ba,4C64B,Homepass Number,SOURCE_HOME_LABEL,6,,BYLAYER,30,0.0,0.0,0.0,ACI:6|LT:BYLAYER|LW:30|ROT_QGIS:0.000000000,"[{""operation"":""identity"",""source_entity_key"":""7c5516159cd20ba09fc09dc995b5bde8db8f0a7090035e2c7f270cf453b4a1ba"",""max_displacement_m"":0.0}]",,,,,,
255,A7,,,,,,,,,,,,,,,,,,,,,820026.1036797038,9896038.562844839,A7,DWG_DIRECT:text|RULE:AI-IMB-LABEL-001,5c3161b2f954ba0588065d45e33717778ed08ee0b21fd2d3bb2a23f30c177ba4,4CCAE,Homepass Number,SOURCE_HOME_LABEL,6,,BYLAYER,30,0.0,0.0,0.0,ACI:6|LT:BYLAYER|LW:30|ROT_QGIS:0.000000000,"[{""operation"":""identity"",""source_entity_key"":""5c3161b2f954ba0588065d45e33717778ed08ee0b21fd2d3bb2a23f30c177ba4"",""max_displacement_m"":0.0}]",,,,,,
256,C2,,,,,,,,,,,,,,,,,,,,,820009.5903530839,9896077.117361663,C2,DWG_DIRECT:text|RULE:AI-IMB-LABEL-001,238037e944d41f5e6f6bfa44da43eafef39fc9f67bd5f7aabbf0899c128547ae,4C627,Homepass Number,SOURCE_HOME_LABEL,6,,BYLAYER,30,0.0,0.0,0.0,ACI:6|LT:BYLAYER|LW:30|ROT_QGIS:0.000000000,"[{""operation"":""identity"",""source_entity_key"":""238037e944d41f5e6f6bfa44da43eafef39fc9f67bd5f7aabbf0899c128547ae"",""max_displacement_m"":0.0}]",,,,,,
257,G3,,,,,,,,,,,,,,,,,,,,,819945.3496337893,9896122.641550906,G3,DWG_DIRECT:text|RULE:AI-IMB-LABEL-001,2ac5637dfa2a34dd8dd5f77b291683dab6d7562b77f68d853d676e4817bd469d,4C6AE,Homepass Number,SOURCE_HOME_LABEL,6,,BYLAYER,30,0.0,0.0,0.0,ACI:6|LT:BYLAYER|LW:30|ROT_QGIS:0.000000000,"[{""operation"":""identity"",""source_entity_key"":""2ac5637dfa2a34dd8dd5f77b291683dab6d7562b77f68d853d676e4817bd469d"",""max_displacement_m"":0.0}]",,,,,,
258,N8,,,,,,,,,,,,,,,,,,,,,819910.249018121,9896093.977560965,N8,DWG_DIRECT:text|RULE:AI-IMB-LABEL-001,f4f7982cbe720b6a31b36144d58dc550ceaf673568e4f4269bb315cd7163fa6d,4CC0B,Homepass Number,SOURCE_HOME_LABEL,6,,BYLAYER,30,0.0,0.0,0.0,ACI:6|LT:BYLAYER|LW:30|ROT_QGIS:0.000000000,"[{""operation"":""identity"",""source_entity_key"":""f4f7982cbe720b6a31b36144d58dc550ceaf673568e4f4269bb315cd7163fa6d"",""max_displacement_m"":0.0}]",,,,,,
259,W11,,,,,,,,,,,,,,,,,,,,,819933.0450727763,9896311.719461938,W11,DWG_DIRECT:text|RULE:AI-IMB-LABEL-001,01a0bb30705958756b9a78f7643ee294814e54f8d7f1d9c3952ad95b1a6c5e66,4CC88,Homepass Number,SOURCE_HOME_LABEL,6,,BYLAYER,30,0.0,0.0,0.0,ACI:6|LT:BYLAYER|LW:30|ROT_QGIS:0.000000000,"[{""operation"":""identity"",""source_entity_key"":""01a0bb30705958756b9a78f7643ee294814e54f8d7f1d9c3952ad95b1a6c5e66"",""max_displacement_m"":0.0}]",,,,,,
260,Y1,,,,,,,,,,,,,,,,,,,,,819894.4483217858,9896235.94257729,Y1,DWG_DIRECT:text|RULE:AI-IMB-LABEL-001,447d7b06571a18c1e6e92ba6536d2a9218f141e53953a89de2ac17f5162d00f3,4CC76,Homepass Number,SOURCE_HOME_LABEL,6,,BYLAYER,30,0.0,0.0,0.0,ACI:6|LT:BYLAYER|LW:30|ROT_QGIS:0.000000000,"[{""operation"":""identity"",""source_entity_key"":""447d7b06571a18c1e6e92ba6536d2a9218f141e53953a89de2ac17f5162d00f3"",""max_displacement_m"":0.0}]",,,,,,
261,I/3,,,,,,,,,,,,,,,,,,,,,819992.4871969752,9896168.90802349,I/3,DWG_DIRECT:text|RULE:AI-IMB-LABEL-001,d4d82a338cb59b078b44f19e034bcaf6183bd657ef77911962b737207440f595,4C6CF,Homepass Number,SOURCE_HOME_LABEL,6,,BYLAYER,30,0.0,0.0,0.0,ACI:6|LT:BYLAYER|LW:30|ROT_QGIS:0.000000000,"[{""operation"":""identity"",""source_entity_key"":""d4d82a338cb59b078b44f19e034bcaf6183bd657ef77911962b737207440f595"",""max_displacement_m"":0.0}]",,,,,,
262,G1,,,,,,,,,,,,,,,,,,,,,819945.1997432666,9896108.469279584,G1,DWG_DIRECT:text|RULE:AI-IMB-LABEL-001,a44fc81973afa2bada567398f9c42229333cbb2c68041fd1936a3379530ab986,4C6A8,Homepass Number,SOURCE_HOME_LABEL,6,,BYLAYER,30,0.0,0.0,0.0,ACI:6|LT:BYLAYER|LW:30|ROT_QGIS:0.000000000,"[{""operation"":""identity"",""source_entity_key"":""a44fc81973afa2bada567398f9c42229333cbb2c68041fd1936a3379530ab986"",""max_displacement_m"":0.0}]",,,,,,
263,V10,,,,,,,,,,,,,,,,,,,,,819950.0600340903,9896304.494486345,V10,DWG_DIRECT:text|RULE:AI-IMB-LABEL-001,7536ee828c87828473322c126abf5bc80453b5ce9e3c65be76be1e9b5e5afb6f,4CBE9,Homepass Number,SOURCE_HOME_LABEL,6,,BYLAYER,30,0.0,0.0,0.0,ACI:6|LT:BYLAYER|LW:30|ROT_QGIS:0.000000000,"[{""operation"":""identity"",""source_entity_key"":""7536ee828c87828473322c126abf5bc80453b5ce9e3c65be76be1e9b5e5afb6f"",""max_displacement_m"":0.0}]",,,,,,
264,B1,,,,,,,,,,,,,,,,,,,,,820018.5168154577,9896070.513210053,B1,DWG_DIRECT:text|RULE:AI-IMB-LABEL-001,38b3a84cfdcaf5443f86dc6580a939daac78d768ed1c102a4595f32ef271e420,4C618,Homepass Number,SOURCE_HOME_LABEL,6,,BYLAYER,30,0.0,0.0,0.0,ACI:6|LT:BYLAYER|LW:30|ROT_QGIS:0.000000000,"[{""operation"":""identity"",""source_entity_key"":""38b3a84cfdcaf5443f86dc6580a939daac78d768ed1c102a4595f32ef271e420"",""max_displacement_m"":0.0}]",,,,,,
265,I/4,,,,,,,,,,,,,,,,,,,,,819993.1597441398,9896176.03124266,I/4,DWG_DIRECT:text|RULE:AI-IMB-LABEL-001,bd459b393050cc175eb61439b2417961d6fd2fe0f5cf9bed51ac43855e351791,4C6D2,Homepass Number,SOURCE_HOME_LABEL,6,,BYLAYER,30,0.0,0.0,0.0,ACI:6|LT:BYLAYER|LW:30|ROT_QGIS:0.000000000,"[{""operation"":""identity"",""source_entity_key"":""bd459b393050cc175eb61439b2417961d6fd2fe0f5cf9bed51ac43855e351791"",""max_displacement_m"":0.0}]",,,,,,
266,C4,,,,,,,,,,,,,,,,,,,,,820009.3917890821,9896090.59151002,C4,DWG_DIRECT:text|RULE:AI-IMB-LABEL-001,90fcb0641ef9062b256e8f37ed4ae5b5e25e55d578c8c3c9f5829fcaed2c657c,4C62D,Homepass Number,SOURCE_HOME_LABEL,6,,BYLAYER,30,0.0,0.0,0.0,ACI:6|LT:BYLAYER|LW:30|ROT_QGIS:0.000000000,"[{""operation"":""identity"",""source_entity_key"":""90fcb0641ef9062b256e8f37ed4ae5b5e25e55d578c8c3c9f5829fcaed2c657c"",""max_displacement_m"":0.0}]",,,,,,
267,Y8,,,,,,,,,,,,,,,,,,,,,819896.432537891,9896284.681140045,Y8,DWG_DIRECT:text|RULE:AI-IMB-LABEL-001,a28a890d2cafe72eb61cda8dcf9526ed175d7e29010a58d4a18e1ff195cb9d11,4CC6F,Homepass Number,SOURCE_HOME_LABEL,6,,BYLAYER,30,0.0,0.0,0.0,ACI:6|LT:BYLAYER|LW:30|ROT_QGIS:0.000000000,"[{""operation"":""identity"",""source_entity_key"":""a28a890d2cafe72eb61cda8dcf9526ed175d7e29010a58d4a18e1ff195cb9d11"",""max_displacement_m"":0.0}]",,,,,,
268,Z2,,,,,,,,,,,,,,,,,,,,,819874.1938559641,9896243.614710119,Z2,DWG_DIRECT:text|RULE:AI-IMB-LABEL-001,d65b32350a09f9ecdc6a9651f4396355be20c64d34d0042dd97e021679eb777a,4CC56,Homepass Number,SOURCE_HOME_LABEL,6,,BYLAYER,30,0.0,0.0,0.0,ACI:6|LT:BYLAYER|LW:30|ROT_QGIS:0.000000000,"[{""operation"":""identity"",""source_entity_key"":""d65b32350a09f9ecdc6a9651f4396355be20c64d34d0042dd97e021679eb777a"",""max_displacement_m"":0.0}]",,,,,,
269,L2,,,,,,,,,,,,,,,,,,,,,819946.7765607998,9896163.142277427,L2,DWG_DIRECT:text|RULE:AI-IMB-LABEL-001,80b8497d5b8da03ac0ed06b0e3f6eeaabd2e2628bd964dd0ce091ca92d031a28,4CBD7,Homepass Number,SOURCE_HOME_LABEL,6,,BYLAYER,30,0.0,0.0,0.0,ACI:6|LT:BYLAYER|LW:30|ROT_QGIS:0.000000000,"[{""operation"":""identity"",""source_entity_key"":""80b8497d5b8da03ac0ed06b0e3f6eeaabd2e2628bd964dd0ce091ca92d031a28"",""max_displacement_m"":0.0}]",,,,,,
270,Y14,,,,,,,,,,,,,,,,,,,,,819894.8964474113,9896328.621490445,Y14,DWG_DIRECT:text|RULE:AI-IMB-LABEL-001,78e9eb83a5d8ecde5c59014e242e1117b8f4af06a03434044e003bec668b6a54,4CC96,Homepass Number,SOURCE_HOME_LABEL,6,,BYLAYER,30,0.0,0.0,0.0,ACI:6|LT:BYLAYER|LW:30|ROT_QGIS:0.000000000,"[{""operation"":""identity"",""source_entity_key"":""78e9eb83a5d8ecde5c59014e242e1117b8f4af06a03434044e003bec668b6a54"",""max_displacement_m"":0.0}]",,,,,,
271,C5,,,,,,,,,,,,,,,,,,,,,820009.690836534,9896097.640540913,C5,DWG_DIRECT:text|RULE:AI-IMB-LABEL-001,6c7c55b952e14963b1459dc996472f7d797a8cb7e4f5e7659f399ed53ce34efd,4C630,Homepass Number,SOURCE_HOME_LABEL,6,,BYLAYER,30,0.0,0.0,0.0,ACI:6|LT:BYLAYER|LW:30|ROT_QGIS:0.000000000,"[{""operation"":""identity"",""source_entity_key"":""6c7c55b952e14963b1459dc996472f7d797a8cb7e4f5e7659f399ed53ce34efd"",""max_displacement_m"":0.0}]",,,,,,
272,AB10,,,,,,,,,,,,,,,,,,,,,819843.8988348432,9896300.07807195,AB10,DWG_DIRECT:text|RULE:AI-IMB-LABEL-001,31076f1cb8f92e2aa3194aec7a6fe3ed726063fb4387726ab9340f221a578f2d,4CC49,Homepass Number,SOURCE_HOME_LABEL,6,,BYLAYER,30,0.0,0.0,0.0,ACI:6|LT:BYLAYER|LW:30|ROT_QGIS:0.000000000,"[{""operation"":""identity"",""source_entity_key"":""31076f1cb8f92e2aa3194aec7a6fe3ed726063fb4387726ab9340f221a578f2d"",""max_displacement_m"":0.0}]",,,,,,
273,AA14,,,,,,,,,,,,,,,,,,,,,819865.1783036187,9896330.364800928,AA14,DWG_DIRECT:text|RULE:AI-IMB-LABEL-001,91e4c3879f48dbe6da2056bb1672c55deb6f5a0c3239407c208c237fbd0bb959,4CC9C,Homepass Number,SOURCE_HOME_LABEL,6,,BYLAYER,30,0.0,0.0,0.0,ACI:6|LT:BYLAYER|LW:30|ROT_QGIS:0.000000000,"[{""operation"":""identity"",""source_entity_key"":""91e4c3879f48dbe6da2056bb1672c55deb6f5a0c3239407c208c237fbd0bb959"",""max_displacement_m"":0.0}]",,,,,,
274,W13,,,,,,,,,,,,,,,,,,,,,819930.4115100304,9896326.929844998,W13,DWG_DIRECT:text|RULE:AI-IMB-LABEL-001,f83062ef2f816fdd78aba64680052ed74fb8aa8bfc369b73e713645dc64e3fd2,4CC8E,Homepass Number,SOURCE_HOME_LABEL,6,,BYLAYER,30,0.0,0.0,0.0,ACI:6|LT:BYLAYER|LW:30|ROT_QGIS:0.000000000,"[{""operation"":""identity"",""source_entity_key"":""f83062ef2f816fdd78aba64680052ed74fb8aa8bfc369b73e713645dc64e3fd2"",""max_displacement_m"":0.0}]",,,,,,
275,C11,,,,,,,,,,,,,,,,,,,,,820011.3730562595,9896139.749232374,C11,DWG_DIRECT:text|RULE:AI-IMB-LABEL-001,04d1ab2bd23437fe66eb4c862745a8bf16fac7802fde29f5fe9ffab758e331cb,4C642,Homepass Number,SOURCE_HOME_LABEL,6,,BYLAYER,30,0.0,0.0,0.0,ACI:6|LT:BYLAYER|LW:30|ROT_QGIS:0.000000000,"[{""operation"":""identity"",""source_entity_key"":""04d1ab2bd23437fe66eb4c862745a8bf16fac7802fde29f5fe9ffab758e331cb"",""max_displacement_m"":0.0}]",,,,,,
276,H1,,,,,,,,,,,,,,,,,,,,,819923.1396859869,9896108.24750941,H1,DWG_DIRECT:text|RULE:AI-IMB-LABEL-001,7650185bb77aaf2ef100ac9a080f604f736190cba687ef6735ef9dc882a0a2a4,4CC07,Homepass Number,SOURCE_HOME_LABEL,6,,BYLAYER,30,0.0,0.0,0.0,ACI:6|LT:BYLAYER|LW:30|ROT_QGIS:0.000000000,"[{""operation"":""identity"",""source_entity_key"":""7650185bb77aaf2ef100ac9a080f604f736190cba687ef6735ef9dc882a0a2a4"",""max_displacement_m"":0.0}]",,,,,,
277,E5,,,,,,,,,,,,,,,,,,,,,819977.84351375,9896100.417402778,E5,DWG_DIRECT:text|RULE:AI-IMB-LABEL-001,7456ace93ec65a530c8c7a76aa7636bdaa6d8e1e4e41b638ebba9d811f2b5e0d,4C672,Homepass Number,SOURCE_HOME_LABEL,6,,BYLAYER,30,0.0,0.0,0.0,ACI:6|LT:BYLAYER|LW:30|ROT_QGIS:0.000000000,"[{""operation"":""identity"",""source_entity_key"":""7456ace93ec65a530c8c7a76aa7636bdaa6d8e1e4e41b638ebba9d811f2b5e0d"",""max_displacement_m"":0.0}]",,,,,,
278,P4,,,,,,,,,,,,,,,,,,,,,819878.7082554181,9896123.300046183,P4,DWG_DIRECT:text|RULE:AI-IMB-LABEL-001,3f59a111c2192a3a5e0b258232115d7f60f071526ccb0c778f4bab24a71c3ae8,4CC1E,Homepass Number,SOURCE_HOME_LABEL,6,,BYLAYER,30,0.0,0.0,0.0,ACI:6|LT:BYLAYER|LW:30|ROT_QGIS:0.000000000,"[{""operation"":""identity"",""source_entity_key"":""3f59a111c2192a3a5e0b258232115d7f60f071526ccb0c778f4bab24a71c3ae8"",""max_displacement_m"":0.0}]",,,,,,
279,AB12,,,,,,,,,,,,,,,,,,,,,819843.7639064194,9896314.463211188,AB12,DWG_DIRECT:text|RULE:AI-IMB-LABEL-001,25581a623f7465da20fcccb04c2bc1b07e87112df78e900de5e9dde2136b448b,4CFEF,Homepass Number,SOURCE_HOME_LABEL,6,,BYLAYER,30,0.0,0.0,0.0,ACI:6|LT:BYLAYER|LW:30|ROT_QGIS:0.000000000,"[{""operation"":""identity"",""source_entity_key"":""25581a623f7465da20fcccb04c2bc1b07e87112df78e900de5e9dde2136b448b"",""max_displacement_m"":0.0}]",,,,,,
280,AD2,,,,,,,,,,,,,,,,,,,,,819809.0881946306,9896246.923047861,AD2,DWG_DIRECT:text|RULE:AI-IMB-LABEL-001,bbeec213d26ee88ff9468fa0f611a4ebb7503881ca4bf29750b7ae49eaa51eab,4CC37,Homepass Number,SOURCE_HOME_LABEL,6,,BYLAYER,30,0.0,0.0,0.0,ACI:6|LT:BYLAYER|LW:30|ROT_QGIS:0.000000000,"[{""operation"":""identity"",""source_entity_key"":""bbeec213d26ee88ff9468fa0f611a4ebb7503881ca4bf29750b7ae49eaa51eab"",""max_displacement_m"":0.0}]",,,,,,
281,T1,,,,,,,,,,,,,,,,,,,,,819982.5543844089,9896239.134947777,T1,DWG_DIRECT:text|RULE:AI-IMB-LABEL-001,17164e368637c2a065593dc3a4c3de21937c7796d8f199e2fa47efb8157e1e5c,4C735,Homepass Number,SOURCE_HOME_LABEL,6,,BYLAYER,30,0.0,0.0,0.0,ACI:6|LT:BYLAYER|LW:30|ROT_QGIS:0.000000000,"[{""operation"":""identity"",""source_entity_key"":""17164e368637c2a065593dc3a4c3de21937c7796d8f199e2fa47efb8157e1e5c"",""max_displacement_m"":0.0}]",,,,,,
282,Z4,,,,,,,,,,,,,,,,,,,,,819874.537918643,9896257.238449432,Z4,DWG_DIRECT:text|RULE:AI-IMB-LABEL-001,716a66528376401e5a9a6960ed4b32e0f8193418cc671d0fa691cefc1361340f,4CC5A,Homepass Number,SOURCE_HOME_LABEL,6,,BYLAYER,30,0.0,0.0,0.0,ACI:6|LT:BYLAYER|LW:30|ROT_QGIS:0.000000000,"[{""operation"":""identity"",""source_entity_key"":""716a66528376401e5a9a6960ed4b32e0f8193418cc671d0fa691cefc1361340f"",""max_displacement_m"":0.0}]",,,,,,
283,N7,,,,,,,,,,,,,,,,,,,,,819910.5409724991,9896100.988989938,N7,DWG_DIRECT:text|RULE:AI-IMB-LABEL-001,253a813a6238c490dbc0ede2494256ab30c650eceb551dd7ae8cd27385d58488,4CC0C,Homepass Number,SOURCE_HOME_LABEL,6,,BYLAYER,30,0.0,0.0,0.0,ACI:6|LT:BYLAYER|LW:30|ROT_QGIS:0.000000000,"[{""operation"":""identity"",""source_entity_key"":""253a813a6238c490dbc0ede2494256ab30c650eceb551dd7ae8cd27385d58488"",""max_displacement_m"":0.0}]",,,,,,
284,T9,,,,,,,,,,,,,,,,,,,,,819983.739959309,9896295.428027058,T9,DWG_DIRECT:text|RULE:AI-IMB-LABEL-001,4923962ea2965435a8a9f042567e50a7c17b0325d09ea8c5096857e1eea2b819,4CBF1,Homepass Number,SOURCE_HOME_LABEL,6,,BYLAYER,30,0.0,0.0,0.0,ACI:6|LT:BYLAYER|LW:30|ROT_QGIS:0.000000000,"[{""operation"":""identity"",""source_entity_key"":""4923962ea2965435a8a9f042567e50a7c17b0325d09ea8c5096857e1eea2b819"",""max_displacement_m"":0.0}]",,,,,,
285,H4,,,,,,,,,,,,,,,,,,,,,820027.2229443366,9896172.315921387,H4,DWG_DIRECT:text|RULE:AI-IMB-LABEL-001,e8f26f1b30ff036874e8f4aec318ffa3b7496af0cf8d81be551a2b9df0e4099e,4C6C0,Homepass Number,SOURCE_HOME_LABEL,6,,BYLAYER,30,0.0,0.0,0.0,ACI:6|LT:BYLAYER|LW:30|ROT_QGIS:0.000000000,"[{""operation"":""identity"",""source_entity_key"":""e8f26f1b30ff036874e8f4aec318ffa3b7496af0cf8d81be551a2b9df0e4099e"",""max_displacement_m"":0.0}]",,,,,,
286,K10,,,,,,,,,,,,,,,,,,,,,819961.7487569106,9896218.440454284,K10,DWG_DIRECT:text|RULE:AI-IMB-LABEL-001,bc8a86542d8436cf4646241a91aa8089c349886a92879e5a9075123d693c3257,4CBCC,Homepass Number,SOURCE_HOME_LABEL,6,,BYLAYER,30,0.0,0.0,0.0,ACI:6|LT:BYLAYER|LW:30|ROT_QGIS:0.000000000,"[{""operation"":""identity"",""source_entity_key"":""bc8a86542d8436cf4646241a91aa8089c349886a92879e5a9075123d693c3257"",""max_displacement_m"":0.0}]",,,,,,
287,Y2,,,,,,,,,,,,,,,,,,,,,819894.4483217858,9896242.956814028,Y2,DWG_DIRECT:text|RULE:AI-IMB-LABEL-001,98dce50906623d3e9ab3c7a4025e7b3e4fe45bd8bc7a26c7091be3b1a1f69787,4CC75,Homepass Number,SOURCE_HOME_LABEL,6,,BYLAYER,30,0.0,0.0,0.0,ACI:6|LT:BYLAYER|LW:30|ROT_QGIS:0.000000000,"[{""operation"":""identity"",""source_entity_key"":""98dce50906623d3e9ab3c7a4025e7b3e4fe45bd8bc7a26c7091be3b1a1f69787"",""max_displacement_m"":0.0}]",,,,,,
288,F3,,,,,,,,,,,,,,,,,,,,,819956.0305602548,9896085.54346747,F3,DWG_DIRECT:text|RULE:AI-IMB-LABEL-001,8b11c7d18460735ae2f5730a25a52e2f94e01e1ff19a0034b087df45d2c97e05,4C68D,Homepass Number,SOURCE_HOME_LABEL,6,,BYLAYER,30,0.0,0.0,0.0,ACI:6|LT:BYLAYER|LW:30|ROT_QGIS:0.000000000,"[{""operation"":""identity"",""source_entity_key"":""8b11c7d18460735ae2f5730a25a52e2f94e01e1ff19a0034b087df45d2c97e05"",""max_displacement_m"":0.0}]",,,,,,
289,C9,,,,,,,,,,,,,,,,,,,,,820010.7002600206,9896125.50277056,C9,DWG_DIRECT:text|RULE:AI-IMB-LABEL-001,a88d0490c4974cc8deab230971d44146b232d65aadf7fcd3e32e688972d4c1e3,4C63C,Homepass Number,SOURCE_HOME_LABEL,6,,BYLAYER,30,0.0,0.0,0.0,ACI:6|LT:BYLAYER|LW:30|ROT_QGIS:0.000000000,"[{""operation"":""identity"",""source_entity_key"":""a88d0490c4974cc8deab230971d44146b232d65aadf7fcd3e32e688972d4c1e3"",""max_displacement_m"":0.0}]",,,,,,
290,R9,,,,,,,,,,,,,,,,,,,,,819873.1119910034,9896215.80995074,R9,DWG_DIRECT:text|RULE:AI-IMB-LABEL-001,d059e20bcd9499362739694b2509a79c27fe79cc305c4a055103af21d3a8335a,4CC2D,Homepass Number,SOURCE_HOME_LABEL,6,,BYLAYER,30,0.0,0.0,0.0,ACI:6|LT:BYLAYER|LW:30|ROT_QGIS:0.000000000,"[{""operation"":""identity"",""source_entity_key"":""d059e20bcd9499362739694b2509a79c27fe79cc305c4a055103af21d3a8335a"",""max_displacement_m"":0.0}]",,,,,,
291,Z15,,,,,,,,,,,,,,,,,,,,,819878.7663257545,9896335.72094066,Z15,DWG_DIRECT:text|RULE:AI-IMB-LABEL-001,7847204ff2690e847c93b38614e6ecd8b7c3238041ce4eec8cb3439e17e1714e,4CC9A,Homepass Number,SOURCE_HOME_LABEL,6,,BYLAYER,30,0.0,0.0,0.0,ACI:6|LT:BYLAYER|LW:30|ROT_QGIS:0.000000000,"[{""operation"":""identity"",""source_entity_key"":""7847204ff2690e847c93b38614e6ecd8b7c3238041ce4eec8cb3439e17e1714e"",""max_displacement_m"":0.0}]",,,,,,
292,AC3,,,,,,,,,,,,,,,,,,,,,819828.5498863376,9896253.08867763,AC3,DWG_DIRECT:text|RULE:AI-IMB-LABEL-001,fc67f248b8fa097e6d6898a2a793cbc66ab0dc67ba004be4941338f057bbd69b,4CC3D,Homepass Number,SOURCE_HOME_LABEL,6,,BYLAYER,30,0.0,0.0,0.0,ACI:6|LT:BYLAYER|LW:30|ROT_QGIS:0.000000000,"[{""operation"":""identity"",""source_entity_key"":""fc67f248b8fa097e6d6898a2a793cbc66ab0dc67ba004be4941338f057bbd69b"",""max_displacement_m"":0.0}]",,,,,,
293,W14,,,,,,,,,,,,,,,,,,,,,819930.0824191247,9896333.271090293,W14,DWG_DIRECT:text|RULE:AI-IMB-LABEL-001,b275f5211d3af8f27bc368284fb229942af33fe8f69d2685ae05eb0c7fbd3e9e,4CC8F,Homepass Number,SOURCE_HOME_LABEL,6,,BYLAYER,30,0.0,0.0,0.0,ACI:6|LT:BYLAYER|LW:30|ROT_QGIS:0.000000000,"[{""operation"":""identity"",""source_entity_key"":""b275f5211d3af8f27bc368284fb229942af33fe8f69d2685ae05eb0c7fbd3e9e"",""max_displacement_m"":0.0}]",,,,,,
294,S10,,,,,,,,,,,,,,,,,,,,,819997.2292196007,9896300.88457331,S10,DWG_DIRECT:text|RULE:AI-IMB-LABEL-001,aaaf93a5d09824c8af0990fa40d7a4951f2b965e418fa4b96a8aaafca6b7755b,4CBED,Homepass Number,SOURCE_HOME_LABEL,6,,BYLAYER,30,0.0,0.0,0.0,ACI:6|LT:BYLAYER|LW:30|ROT_QGIS:0.000000000,"[{""operation"":""identity"",""source_entity_key"":""aaaf93a5d09824c8af0990fa40d7a4951f2b965e418fa4b96a8aaafca6b7755b"",""max_displacement_m"":0.0}]",,,,,,
295,D5,,,,,,,,,,,,,,,,,,,,,819990.3557793691,9896099.155560344,D5,DWG_DIRECT:text|RULE:AI-IMB-LABEL-001,75465ebd75fe61f44d2b412be68ad9b5e42f77ddf079d6cad2cb19b4146a6471,4C651,Homepass Number,SOURCE_HOME_LABEL,6,,BYLAYER,30,0.0,0.0,0.0,ACI:6|LT:BYLAYER|LW:30|ROT_QGIS:0.000000000,"[{""operation"":""identity"",""source_entity_key"":""75465ebd75fe61f44d2b412be68ad9b5e42f77ddf079d6cad2cb19b4146a6471"",""max_displacement_m"":0.0}]",,,,,,
296,AC5,,,,,,,,,,,,,,,,,,,,,819829.0280131301,9896267.117147489,AC5,DWG_DIRECT:text|RULE:AI-IMB-LABEL-001,2b705f55464eddfb25bc5e94f16e42cc794658a25f7aee7773d84a73954f012e,4CC3F,Homepass Number,SOURCE_HOME_LABEL,6,,BYLAYER,30,0.0,0.0,0.0,ACI:6|LT:BYLAYER|LW:30|ROT_QGIS:0.000000000,"[{""operation"":""identity"",""source_entity_key"":""2b705f55464eddfb25bc5e94f16e42cc794658a25f7aee7773d84a73954f012e"",""max_displacement_m"":0.0}]",,,,,,
297,AA3,,,,,,,,,,,,,,,,,,,,,819863.0072620646,9896250.655193664,AA3,DWG_DIRECT:text|RULE:AI-IMB-LABEL-001,03c8002634528d28cf06bd9aa1710a8cd6a2315611ba164e4a4e33526d2d38a4,4CC57,Homepass Number,SOURCE_HOME_LABEL,6,,BYLAYER,30,0.0,0.0,0.0,ACI:6|LT:BYLAYER|LW:30|ROT_QGIS:0.000000000,"[{""operation"":""identity"",""source_entity_key"":""03c8002634528d28cf06bd9aa1710a8cd6a2315611ba164e4a4e33526d2d38a4"",""max_displacement_m"":0.0}]",,,,,,
298,L9,,,,,,,,,,,,,,,,,,,,,819948.9770657277,9896211.858779693,L9,DWG_DIRECT:text|RULE:AI-IMB-LABEL-001,ac0f4cf7c9d702983dc04aed5dd97dd87193fce6b464dee021abf2033fd98819,4CBD0,Homepass Number,SOURCE_HOME_LABEL,6,,BYLAYER,30,0.0,0.0,0.0,ACI:6|LT:BYLAYER|LW:30|ROT_QGIS:0.000000000,"[{""operation"":""identity"",""source_entity_key"":""ac0f4cf7c9d702983dc04aed5dd97dd87193fce6b464dee021abf2033fd98819"",""max_displacement_m"":0.0}]",,,,,,
299,V14,,,,,,,,,,,,,,,,,,,,,819951.191169136,9896333.69383974,V14,DWG_DIRECT:text|RULE:AI-IMB-LABEL-001,81667af95c2e1b49f03fa97c59e021380e1e22c691823c7b18d9eee8621f5ccd,4CC8B,Homepass Number,SOURCE_HOME_LABEL,6,,BYLAYER,30,0.0,0.0,0.0,ACI:6|LT:BYLAYER|LW:30|ROT_QGIS:0.000000000,"[{""operation"":""identity"",""source_entity_key"":""81667af95c2e1b49f03fa97c59e021380e1e22c691823c7b18d9eee8621f5ccd"",""max_displacement_m"":0.0}]",,,,,,
300,V13,,,,,,,,,,,,,,,,,,,,,819950.6270146695,9896327.25865012,V13,DWG_DIRECT:text|RULE:AI-IMB-LABEL-001,37dd4d7b0938fa56c93bb78ce46e6f05a82ad239313559ef92ebea9ea4c2410c,4CC8A,Homepass Number,SOURCE_HOME_LABEL,6,,BYLAYER,30,0.0,0.0,0.0,ACI:6|LT:BYLAYER|LW:30|ROT_QGIS:0.000000000,"[{""operation"":""identity"",""source_entity_key"":""37dd4d7b0938fa56c93bb78ce46e6f05a82ad239313559ef92ebea9ea4c2410c"",""max_displacement_m"":0.0}]",,,,,,
301,Q9,,,,,,,,,,,,,,,,,,,,,819886.0035711967,9896215.80995074,Q9,DWG_DIRECT:text|RULE:AI-IMB-LABEL-001,039441e970205e8f3a71d2e1d75fb7175169bf8db3cc1772f4d0b4b3625274df,4CC2A,Homepass Number,SOURCE_HOME_LABEL,6,,BYLAYER,30,0.0,0.0,0.0,ACI:6|LT:BYLAYER|LW:30|ROT_QGIS:0.000000000,"[{""operation"":""identity"",""source_entity_key"":""039441e970205e8f3a71d2e1d75fb7175169bf8db3cc1772f4d0b4b3625274df"",""max_displacement_m"":0.0}]",,,,,,
302,F8,,,,,,,,,,,,,,,,,,,,,819957.3390448154,9896120.97411561,F8,DWG_DIRECT:text|RULE:AI-IMB-LABEL-001,a1171e193a1e3e68e9865283e3375316c6bf36b7a5b3909b998432c8bdf19d5d,4C69C,Homepass Number,SOURCE_HOME_LABEL,6,,BYLAYER,30,0.0,0.0,0.0,ACI:6|LT:BYLAYER|LW:30|ROT_QGIS:0.000000000,"[{""operation"":""identity"",""source_entity_key"":""a1171e193a1e3e68e9865283e3375316c6bf36b7a5b3909b998432c8bdf19d5d"",""max_displacement_m"":0.0}]",,,,,,
303,W7,,,,,,,,,,,,,,,,,,,,,819931.2811405277,9896284.521951385,W7,DWG_DIRECT:text|RULE:AI-IMB-LABEL-001,976a6ab56e4346b3432ebba5a2d3516c88a75b2702ef8ef237e43b4136dfb0d9,4CC80,Homepass Number,SOURCE_HOME_LABEL,6,,BYLAYER,30,0.0,0.0,0.0,ACI:6|LT:BYLAYER|LW:30|ROT_QGIS:0.000000000,"[{""operation"":""identity"",""source_entity_key"":""976a6ab56e4346b3432ebba5a2d3516c88a75b2702ef8ef237e43b4136dfb0d9"",""max_displacement_m"":0.0}]",,,,,,
304,K6,,,,,,,,,,,,,,,,,,,,,819961.7487569106,9896191.206302125,K6,DWG_DIRECT:text|RULE:AI-IMB-LABEL-001,178dfd4ed0460fc1585478cab30495f3df2f2b91b36c0879755826ef694873cd,4C71A,Homepass Number,SOURCE_HOME_LABEL,6,,BYLAYER,30,0.0,0.0,0.0,ACI:6|LT:BYLAYER|LW:30|ROT_QGIS:0.000000000,"[{""operation"":""identity"",""source_entity_key"":""178dfd4ed0460fc1585478cab30495f3df2f2b91b36c0879755826ef694873cd"",""max_displacement_m"":0.0}]",,,,,,
305,AB8,,,,,,,,,,,,,,,,,,,,,819842.6642445674,9896286.190138657,AB8,DWG_DIRECT:text|RULE:AI-IMB-LABEL-001,1a2917c63d74a73a52a31e603586b52ef4246ce348bf931c723896e0f55632ce,4CC4B,Homepass Number,SOURCE_HOME_LABEL,6,,BYLAYER,30,0.0,0.0,0.0,ACI:6|LT:BYLAYER|LW:30|ROT_QGIS:0.000000000,"[{""operation"":""identity"",""source_entity_key"":""1a2917c63d74a73a52a31e603586b52ef4246ce348bf931c723896e0f55632ce"",""max_displacement_m"":0.0}]",,,,,,
306,X15,,,,,,,,,,,,,,,,,,,,,819914.2727068579,9896341.64374947,X15,DWG_DIRECT:text|RULE:AI-IMB-LABEL-001,9b9e30ab4b394601b2d3fa586cf7599149f7c60db584577ca2c9f6563e018874,4CC9F,Homepass Number,SOURCE_HOME_LABEL,6,,BYLAYER,30,0.0,0.0,0.0,ACI:6|LT:BYLAYER|LW:30|ROT_QGIS:0.000000000,"[{""operation"":""identity"",""source_entity_key"":""9b9e30ab4b394601b2d3fa586cf7599149f7c60db584577ca2c9f6563e018874"",""max_displacement_m"":0.0}]",,,,,,
307,R3,,,,,,,,,,,,,,,,,,,,,819871.5467828738,9896173.934504768,R3,DWG_DIRECT:text|RULE:AI-IMB-LABEL-001,70c6b679c361dc8790eaae6e23d9f5a22be3a54e6806b4351e7cb38c2009e0fd,4CC33,Homepass Number,SOURCE_HOME_LABEL,6,,BYLAYER,30,0.0,0.0,0.0,ACI:6|LT:BYLAYER|LW:30|ROT_QGIS:0.000000000,"[{""operation"":""identity"",""source_entity_key"":""70c6b679c361dc8790eaae6e23d9f5a22be3a54e6806b4351e7cb38c2009e0fd"",""max_displacement_m"":0.0}]",,,,,,
308,X11,,,,,,,,,,,,,,,,,,,,,819919.6843162028,9896312.368381143,X11,DWG_DIRECT:text|RULE:AI-IMB-LABEL-001,370f1cf7db5aebb6c49b2c1de4d6f1de20dbc57bc1b54942aeb424c089da786a,4CC87,Homepass Number,SOURCE_HOME_LABEL,6,,BYLAYER,30,0.0,0.0,0.0,ACI:6|LT:BYLAYER|LW:30|ROT_QGIS:0.000000000,"[{""operation"":""identity"",""source_entity_key"":""370f1cf7db5aebb6c49b2c1de4d6f1de20dbc57bc1b54942aeb424c089da786a"",""max_displacement_m"":0.0}]",,,,,,
309,X5,,,,,,,,,,,,,,,,,,,,,819917.7805481692,9896269.76244969,X5,DWG_DIRECT:text|RULE:AI-IMB-LABEL-001,80f1711cc78301cc0f2823ae98b5d9fee06effd8c6877a209189bdf95608b09f,4CC7B,Homepass Number,SOURCE_HOME_LABEL,6,,BYLAYER,30,0.0,0.0,0.0,ACI:6|LT:BYLAYER|LW:30|ROT_QGIS:0.000000000,"[{""operation"":""identity"",""source_entity_key"":""80f1711cc78301cc0f2823ae98b5d9fee06effd8c6877a209189bdf95608b09f"",""max_displacement_m"":0.0}]",,,,,,
310,A9,,,,,,,,,,,,,,,,,,,,,820013.0830868097,9896039.152138852,A9,DWG_DIRECT:text|RULE:AI-IMB-LABEL-001,54e38fde55635f3b1d77291f3c190d6bbbb78cce360d7146bf04c1094006e8fb,4CCB0,Homepass Number,SOURCE_HOME_LABEL,6,,BYLAYER,30,0.0,0.0,0.0,ACI:6|LT:BYLAYER|LW:30|ROT_QGIS:0.000000000,"[{""operation"":""identity"",""source_entity_key"":""54e38fde55635f3b1d77291f3c190d6bbbb78cce360d7146bf04c1094006e8fb"",""max_displacement_m"":0.0}]",,,,,,
311,V8,,,,,,,,,,,,,,,,,,,,,819950.0600340903,9896290.560756825,V8,DWG_DIRECT:text|RULE:AI-IMB-LABEL-001,be4715e61219badb8b2c4a024333c62ebe3d68aa4b54d1f7cfcc79753c144f73,4CBE7,Homepass Number,SOURCE_HOME_LABEL,6,,BYLAYER,30,0.0,0.0,0.0,ACI:6|LT:BYLAYER|LW:30|ROT_QGIS:0.000000000,"[{""operation"":""identity"",""source_entity_key"":""be4715e61219badb8b2c4a024333c62ebe3d68aa4b54d1f7cfcc79753c144f73"",""max_displacement_m"":0.0}]",,,,,,
312,X1,,,,,,,,,,,,,,,,,,,,,819917.0796565305,9896243.292370379,X1,DWG_DIRECT:text|RULE:AI-IMB-LABEL-001,e5e29ff75e2d11e4980817fa372f996af0a11f24fe0e9fd41a934c51383a4202,4C753,Homepass Number,SOURCE_HOME_LABEL,6,,BYLAYER,30,0.0,0.0,0.0,ACI:6|LT:BYLAYER|LW:30|ROT_QGIS:0.000000000,"[{""operation"":""identity"",""source_entity_key"":""e5e29ff75e2d11e4980817fa372f996af0a11f24fe0e9fd41a934c51383a4202"",""max_displacement_m"":0.0}]",,,,,,
313,U1,,,,,,,,,,,,,,,,,,,,,819960.7045784614,9896240.730992407,U1,DWG_DIRECT:text|RULE:AI-IMB-LABEL-001,17b5230b6858819e52c4a7b9d03984282daf2a11ee7a19963e174cfaf046c0c3,4C741,Homepass Number,SOURCE_HOME_LABEL,6,,BYLAYER,30,0.0,0.0,0.0,ACI:6|LT:BYLAYER|LW:30|ROT_QGIS:0.000000000,"[{""operation"":""identity"",""source_entity_key"":""17b5230b6858819e52c4a7b9d03984282daf2a11ee7a19963e174cfaf046c0c3"",""max_displacement_m"":0.0}]",,,,,,
314,D11,,,,,,,,,,,,,,,,,,,,,819991.7391885585,9896141.078754392,D11,DWG_DIRECT:text|RULE:AI-IMB-LABEL-001,dd670ad54386ac459f2730c19e9c4594a787387b5156bd2e99279ae4ca462a92,4C663,Homepass Number,SOURCE_HOME_LABEL,6,,BYLAYER,30,0.0,0.0,0.0,ACI:6|LT:BYLAYER|LW:30|ROT_QGIS:0.000000000,"[{""operation"":""identity"",""source_entity_key"":""dd670ad54386ac459f2730c19e9c4594a787387b5156bd2e99279ae4ca462a92"",""max_displacement_m"":0.0}]",,,,,,
315,Z1,,,,,,,,,,,,,,,,,,,,,819874.6227266793,9896236.892213121,Z1,DWG_DIRECT:text|RULE:AI-IMB-LABEL-001,7809909d813edd2908f6fce68f2d372b93332bc7d7fbe525865626b8df50dfbd,4CC54,Homepass Number,SOURCE_HOME_LABEL,6,,BYLAYER,30,0.0,0.0,0.0,ACI:6|LT:BYLAYER|LW:30|ROT_QGIS:0.000000000,"[{""operation"":""identity"",""source_entity_key"":""7809909d813edd2908f6fce68f2d372b93332bc7d7fbe525865626b8df50dfbd"",""max_displacement_m"":0.0}]",,,,,,
316,P6,,,,,,,,,,,,,,,,,,,,,819878.2828227368,9896109.36768436,P6,DWG_DIRECT:text|RULE:AI-IMB-LABEL-001,35adad8ec95375bcf770d0be792016b935e41e56c9c0cff99b6a24e7a85597f4,4CC20,Homepass Number,SOURCE_HOME_LABEL,6,,BYLAYER,30,0.0,0.0,0.0,ACI:6|LT:BYLAYER|LW:30|ROT_QGIS:0.000000000,"[{""operation"":""identity"",""source_entity_key"":""35adad8ec95375bcf770d0be792016b935e41e56c9c0cff99b6a24e7a85597f4"",""max_displacement_m"":0.0}]",,,,,,
317,L10,,,,,,,,,,,,,,,,,,,,,819948.8610464903,9896219.160486633,L10,DWG_DIRECT:text|RULE:AI-IMB-LABEL-001,52104ccfeb9440741c5d9307e395e7478545cb23b53b28fb148f73f78cb5af49,4CBCF,Homepass Number,SOURCE_HOME_LABEL,6,,BYLAYER,30,0.0,0.0,0.0,ACI:6|LT:BYLAYER|LW:30|ROT_QGIS:0.000000000,"[{""operation"":""identity"",""source_entity_key"":""52104ccfeb9440741c5d9307e395e7478545cb23b53b28fb148f73f78cb5af49"",""max_displacement_m"":0.0}]",,,,,,
318,AD4,,,,,,,,,,,,,,,,,,,,,819810.1044217391,9896261.503398998,AD4,DWG_DIRECT:text|RULE:AI-IMB-LABEL-001,5b4662140c038fc01cdc183fe1b8a74a95ec1c3fd3bdeb84edfa10ebd8a376e0,4CC39,Homepass Number,SOURCE_HOME_LABEL,6,,BYLAYER,30,0.0,0.0,0.0,ACI:6|LT:BYLAYER|LW:30|ROT_QGIS:0.000000000,"[{""operation"":""identity"",""source_entity_key"":""5b4662140c038fc01cdc183fe1b8a74a95ec1c3fd3bdeb84edfa10ebd8a376e0"",""max_displacement_m"":0.0}]",,,,,,
319,Z7,,,,,,,,,,,,,,,,,,,,,819874.938718484,9896278.27957847,Z7,DWG_DIRECT:text|RULE:AI-IMB-LABEL-001,34dd329025e670487ca6b2db52de176228e2d0963f751f6a8d21e254e1ed4a29,4CC60,Homepass Number,SOURCE_HOME_LABEL,6,,BYLAYER,30,0.0,0.0,0.0,ACI:6|LT:BYLAYER|LW:30|ROT_QGIS:0.000000000,"[{""operation"":""identity"",""source_entity_key"":""34dd329025e670487ca6b2db52de176228e2d0963f751f6a8d21e254e1ed4a29"",""max_displacement_m"":0.0}]",,,,,,
320,I/2,,,,,,,,,,,,,,,,,,,,,819993.009847762,9896161.562162207,I/2,DWG_DIRECT:text|RULE:AI-IMB-LABEL-001,ad762577eccf0120cc953e59a597f3dc48019f98f4f8ea2770a60bbfe0cd37da,4C6CC,Homepass Number,SOURCE_HOME_LABEL,6,,BYLAYER,30,0.0,0.0,0.0,ACI:6|LT:BYLAYER|LW:30|ROT_QGIS:0.000000000,"[{""operation"":""identity"",""source_entity_key"":""ad762577eccf0120cc953e59a597f3dc48019f98f4f8ea2770a60bbfe0cd37da"",""max_displacement_m"":0.0}]",,,,,,
321,U2,,,,,,,,,,,,,,,,,,,,,819960.6301098474,9896247.63163525,U2,DWG_DIRECT:text|RULE:AI-IMB-LABEL-001,5e489db163c14a1ce51575f0f6807676a4d8ea63020771f2f6b0aeec63a87f9c,4C744,Homepass Number,SOURCE_HOME_LABEL,6,,BYLAYER,30,0.0,0.0,0.0,ACI:6|LT:BYLAYER|LW:30|ROT_QGIS:0.000000000,"[{""operation"":""identity"",""source_entity_key"":""5e489db163c14a1ce51575f0f6807676a4d8ea63020771f2f6b0aeec63a87f9c"",""max_displacement_m"":0.0}]",,,,,,
322,AC7,,,,,,,,,,,,,,,,,,,,,819830.3714584722,9896280.102532897,AC7,DWG_DIRECT:text|RULE:AI-IMB-LABEL-001,f67af090dbcdcdc5ef4f412a0ab39b2dfa4d16324bc9b9887e521c871b33618c,4CC41,Homepass Number,SOURCE_HOME_LABEL,6,,BYLAYER,30,0.0,0.0,0.0,ACI:6|LT:BYLAYER|LW:30|ROT_QGIS:0.000000000,"[{""operation"":""identity"",""source_entity_key"":""f67af090dbcdcdc5ef4f412a0ab39b2dfa4d16324bc9b9887e521c871b33618c"",""max_displacement_m"":0.0}]",,,,,,
323,C10,,,,,,,,,,,,,,,,,,,,,820011.9703809728,9896131.698463539,C10,DWG_DIRECT:text|RULE:AI-IMB-LABEL-001,a5266829f0dcf634786602f9bfa8f3659e38728b38fadecbed121a2f5eafbaf7,4C63F,Homepass Number,SOURCE_HOME_LABEL,6,,BYLAYER,30,0.0,0.0,0.0,ACI:6|LT:BYLAYER|LW:30|ROT_QGIS:0.000000000,"[{""operation"":""identity"",""source_entity_key"":""a5266829f0dcf634786602f9bfa8f3659e38728b38fadecbed121a2f5eafbaf7"",""max_displacement_m"":0.0}]",,,,,,
324,W4,,,,,,,,,,,,,,,,,,,,,819929.3313047611,9896261.501022847,W4,DWG_DIRECT:text|RULE:AI-IMB-LABEL-001,e7c6f79f570e201bc48f3f65cf5bb25030b6608d3890ffc8beae2d44b3d42802,4CC7A,Homepass Number,SOURCE_HOME_LABEL,6,,BYLAYER,30,0.0,0.0,0.0,ACI:6|LT:BYLAYER|LW:30|ROT_QGIS:0.000000000,"[{""operation"":""identity"",""source_entity_key"":""e7c6f79f570e201bc48f3f65cf5bb25030b6608d3890ffc8beae2d44b3d42802"",""max_displacement_m"":0.0}]",,,,,,
325,I/1,,,,,,,,,,,,,,,,,,,,,819991.9264426706,9896154.290556632,I/1,DWG_DIRECT:text|RULE:AI-IMB-LABEL-001,d27dbcfcf9ecb68cf6473a8668d37e84bfaf7bf26e9260aa42c0452f8130396b,4C6C9,Homepass Number,SOURCE_HOME_LABEL,6,,BYLAYER,30,0.0,0.0,0.0,ACI:6|LT:BYLAYER|LW:30|ROT_QGIS:0.000000000,"[{""operation"":""identity"",""source_entity_key"":""d27dbcfcf9ecb68cf6473a8668d37e84bfaf7bf26e9260aa42c0452f8130396b"",""max_displacement_m"":0.0}]",,,,,,
326,AH1,,,,,,,,,,,,,,,,,,,,,820013.0479014865,9896247.513333276,AH1,DWG_DIRECT:text|RULE:AI-IMB-LABEL-001,385efdf1fab2794e81c3f8cd3c83bccdbc2fd4dd283d56cd02d6f001fcd4e1d3,4CC01,Homepass Number,SOURCE_HOME_LABEL,6,,BYLAYER,30,0.0,0.0,0.0,ACI:6|LT:BYLAYER|LW:30|ROT_QGIS:0.000000000,"[{""operation"":""identity"",""source_entity_key"":""385efdf1fab2794e81c3f8cd3c83bccdbc2fd4dd283d56cd02d6f001fcd4e1d3"",""max_displacement_m"":0.0}]",,,,,,
327,S7,,,,,,,,,,,,,,,,,,,,,819995.9645434829,9896282.059460597,S7,DWG_DIRECT:text|RULE:AI-IMB-LABEL-001,161b034a42a35da7d32ce98e075e5e6aca3124efdf9adc02b71129762deaa645,4C72F,Homepass Number,SOURCE_HOME_LABEL,6,,BYLAYER,30,0.0,0.0,0.0,ACI:6|LT:BYLAYER|LW:30|ROT_QGIS:0.000000000,"[{""operation"":""identity"",""source_entity_key"":""161b034a42a35da7d32ce98e075e5e6aca3124efdf9adc02b71129762deaa645"",""max_displacement_m"":0.0}]",,,,,,
328,N6,,,,,,,,,,,,,,,,,,,,,819910.7078227791,9896108.082260178,N6,DWG_DIRECT:text|RULE:AI-IMB-LABEL-001,6ca73048eead10e775a5ca06e75b6c00e3bd43a6e2c2856a74e84fd7df2cb1bb,4CC0D,Homepass Number,SOURCE_HOME_LABEL,6,,BYLAYER,30,0.0,0.0,0.0,ACI:6|LT:BYLAYER|LW:30|ROT_QGIS:0.000000000,"[{""operation"":""identity"",""source_entity_key"":""6ca73048eead10e775a5ca06e75b6c00e3bd43a6e2c2856a74e84fd7df2cb1bb"",""max_displacement_m"":0.0}]",,,,,,
329,J6,,,,,,,,,,,,,,,,,,,,,819982.0672298952,9896190.426506253,J6,DWG_DIRECT:text|RULE:AI-IMB-LABEL-001,3c6f198b64dd0e25ba0bb54a7b660b1e0bcfbd083d5f03af2f3f553effe10717,4C6F9,Homepass Number,SOURCE_HOME_LABEL,6,,BYLAYER,30,0.0,0.0,0.0,ACI:6|LT:BYLAYER|LW:30|ROT_QGIS:0.000000000,"[{""operation"":""identity"",""source_entity_key"":""3c6f198b64dd0e25ba0bb54a7b660b1e0bcfbd083d5f03af2f3f553effe10717"",""max_displacement_m"":0.0}]",,,,,,
330,AC11,,,,,,,,,,,,,,,,,,,,,819831.6249483308,9896307.567844827,AC11,DWG_DIRECT:text|RULE:AI-IMB-LABEL-001,2a917a9db07bf747fad108ad0d69d7469fd08fd274ba325d37402d7cb0700910,4CC45,Homepass Number,SOURCE_HOME_LABEL,6,,BYLAYER,30,0.0,0.0,0.0,ACI:6|LT:BYLAYER|LW:30|ROT_QGIS:0.000000000,"[{""operation"":""identity"",""source_entity_key"":""2a917a9db07bf747fad108ad0d69d7469fd08fd274ba325d37402d7cb0700910"",""max_displacement_m"":0.0}]",,,,,,
331,W8,,,,,,,,,,,,,,,,,,,,,819931.095717182,9896290.748226693,W8,DWG_DIRECT:text|RULE:AI-IMB-LABEL-001,12258094aad1b9f88fdac3387420da8838df236a8f3776f89f9b4c3e5c519d33,4CC82,Homepass Number,SOURCE_HOME_LABEL,6,,BYLAYER,30,0.0,0.0,0.0,ACI:6|LT:BYLAYER|LW:30|ROT_QGIS:0.000000000,"[{""operation"":""identity"",""source_entity_key"":""12258094aad1b9f88fdac3387420da8838df236a8f3776f89f9b4c3e5c519d33"",""max_displacement_m"":0.0}]",,,,,,
332,AA4,,,,,,,,,,,,,,,,,,,,,819863.2649897592,9896257.810184063,AA4,DWG_DIRECT:text|RULE:AI-IMB-LABEL-001,c55a3266cd2f5fcfbdce0c03499f52cf9e2f1b4fe2dbeb4b831f6c01cc1b686a,4CC59,Homepass Number,SOURCE_HOME_LABEL,6,,BYLAYER,30,0.0,0.0,0.0,ACI:6|LT:BYLAYER|LW:30|ROT_QGIS:0.000000000,"[{""operation"":""identity"",""source_entity_key"":""c55a3266cd2f5fcfbdce0c03499f52cf9e2f1b4fe2dbeb4b831f6c01cc1b686a"",""max_displacement_m"":0.0}]",,,,,,
333,U5,,,,,,,,,,,,,,,,,,,,,819963.2119772405,9896268.049860325,U5,DWG_DIRECT:text|RULE:AI-IMB-LABEL-001,e6d14001193eaeb47888fa8439e8add2ef7e5bfa46fcb42ce37756bdf6ee5800,4CBDB,Homepass Number,SOURCE_HOME_LABEL,6,,BYLAYER,30,0.0,0.0,0.0,ACI:6|LT:BYLAYER|LW:30|ROT_QGIS:0.000000000,"[{""operation"":""identity"",""source_entity_key"":""e6d14001193eaeb47888fa8439e8add2ef7e5bfa46fcb42ce37756bdf6ee5800"",""max_displacement_m"":0.0}]",,,,,,
334,AC2,,,,,,,,,,,,,,,,,,,,,819827.8777219079,9896245.10682958,AC2,DWG_DIRECT:text|RULE:AI-IMB-LABEL-001,2f764bf976df0eaa29dd00ff658996112603abd2b4b707389aebd760c3bc8ca4,4CC3C,Homepass Number,SOURCE_HOME_LABEL,6,,BYLAYER,30,0.0,0.0,0.0,ACI:6|LT:BYLAYER|LW:30|ROT_QGIS:0.000000000,"[{""operation"":""identity"",""source_entity_key"":""2f764bf976df0eaa29dd00ff658996112603abd2b4b707389aebd760c3bc8ca4"",""max_displacement_m"":0.0}]",,,,,,
335,H2,,,,,,,,,,,,,,,,,,,,,820026.736886639,9896157.624247445,H2,DWG_DIRECT:text|RULE:AI-IMB-LABEL-001,4ea23465949df1a0fb1bc3eda469acbcba552060b44c9e13aca9c7e98875396c,4C6BA,Homepass Number,SOURCE_HOME_LABEL,6,,BYLAYER,30,0.0,0.0,0.0,ACI:6|LT:BYLAYER|LW:30|ROT_QGIS:0.000000000,"[{""operation"":""identity"",""source_entity_key"":""4ea23465949df1a0fb1bc3eda469acbcba552060b44c9e13aca9c7e98875396c"",""max_displacement_m"":0.0}]",,,,,,
336,W12,,,,,,,,,,,,,,,,,,,,,819929.8943644346,9896321.105297085,W12,DWG_DIRECT:text|RULE:AI-IMB-LABEL-001,5284d9f3ea46c4ce9541018b2af9d1082e2822f43535266644820ba6a53c053a,4CC8D,Homepass Number,SOURCE_HOME_LABEL,6,,BYLAYER,30,0.0,0.0,0.0,ACI:6|LT:BYLAYER|LW:30|ROT_QGIS:0.000000000,"[{""operation"":""identity"",""source_entity_key"":""5284d9f3ea46c4ce9541018b2af9d1082e2822f43535266644820ba6a53c053a"",""max_displacement_m"":0.0}]",,,,,,
337,AG4,,,,,,,,,,,,,,,,,,,,,819882.7463109109,9896356.560674118,AG4,DWG_DIRECT:text|RULE:AI-IMB-LABEL-001,e0682166792cb896c5314b905bdaabb4eedabd9e6f2077391ffe745831e530b2,4CCA4,Homepass Number,SOURCE_HOME_LABEL,6,,BYLAYER,30,0.0,0.0,0.0,ACI:6|LT:BYLAYER|LW:30|ROT_QGIS:0.000000000,"[{""operation"":""identity"",""source_entity_key"":""e0682166792cb896c5314b905bdaabb4eedabd9e6f2077391ffe745831e530b2"",""max_displacement_m"":0.0}]",,,,,,
