layer,source_entity_key,source_handle,delivery_count,source_in_independent_plan,source_type,operations,hausdorff_native_m,delivery_union_length_native_m,source_curve_length_native_m,length_difference_native_m,status,distance_basis,point_anchor_displacement_m
BOITE,00d4d5cd9eaafa593f51c34176a7a84e7b76329798f7b2611dd383c4e5d97b05,1B6B8D,1,True,INSERT,collocate_with_support|identity,11.649446898144394,,,,explicit_derived_displacement,source_Point_to_delivery_Point,11.649446898144394
BOITE,018567ed6a6812ddfa1fa99306fb68907df924a78190f5f5bd85889700633144,1B6B60,1,True,INSERT,collocate_with_support|identity,6.513009965266582,,,,explicit_derived_displacement,source_Point_to_delivery_Point,6.513009965266582
BOITE,01ff054da97e08bbeb43e49aeb1e6aac92441c8acf3d000c46dc2f6e028db3d4,1B6BEC,1,True,INSERT,collocate_with_support|identity,8.447090368164565,,,,explicit_derived_displacement,source_Point_to_delivery_Point,8.447090368164565
BOITE,0f73d6284e58e8d7905d26aec9fe6a425e51f89844401c4808994c30761b83db,1B6B3D,1,True,INSERT,collocate_with_support|identity,10.072761218348344,,,,explicit_derived_displacement,source_Point_to_delivery_Point,10.072761218348344
BOITE,10039e7a360827b3fce69a8bea3b1f5dc0458466c35183015344df02aa2b2a5d,1B6BA1,1,True,INSERT,collocate_with_support|identity,12.297584595668665,,,,explicit_derived_displacement,source_Point_to_delivery_Point,12.297584595668665
BOITE,1f67ff88773c579fc3fa4f5f2063f4336845607bc05e9d1f74659ddf7d19c623,1B6B47,1,True,INSERT,collocate_with_support|identity,6.6755501620281334,,,,explicit_derived_displacement,source_Point_to_delivery_Point,6.6755501620281334
BOITE,2938bfaebf30a58fe8fd750b5967f209d06d267a9cb1d4c392fb18e72aa4a032,1B6B9C,1,True,INSERT,collocate_with_support|identity,6.704563330207696,,,,explicit_derived_displacement,source_Point_to_delivery_Point,6.704563330207696
BOITE,2b9071848fe5d3ed5d28cdf1b9b996573d45866023951ceb66fec52f6edae49a,1B6BA6,1,True,INSERT,collocate_with_support|identity,9.722614708432094,,,,explicit_derived_displacement,source_Point_to_delivery_Point,9.722614708432094
BOITE,3b0f34bf0e474b2bd34160e048eb10ef69f31369d3b9cdb62fd11fcf02bf51d6,1B6BB5,1,True,INSERT,collocate_with_support|identity,10.501381200526,,,,explicit_derived_displacement,source_Point_to_delivery_Point,10.501381200526
BOITE,3b18637a4c1738119d36486ff38b8957d8b6ce12305ca37c2e4e752c108b1f11,1B6BBF,1,True,INSERT,collocate_with_support|identity,7.502601745676523,,,,explicit_derived_displacement,source_Point_to_delivery_Point,7.502601745676523
BOITE,3b87d8d6fbd1693a2bbd5d85844ada58c7c44967b2ba9a1e5a1bb3e199bb5e99,1B6B42,1,True,INSERT,collocate_with_support|identity,8.569678049782917,,,,explicit_derived_displacement,source_Point_to_delivery_Point,8.569678049782917
BOITE,3bb8ace3eee25e93fcbef3807df90a7156bd65d4cb72edc03e40913d2f621a93,1B6B38,1,True,INSERT,collocate_with_support|identity,7.461936334417891,,,,explicit_derived_displacement,source_Point_to_delivery_Point,7.461936334417891
BOITE,421c8158ddbcde33b69a92acd34a9d77c751b68f4d19918891cc7a9a3d9deae9,1B6B74,1,True,INSERT,collocate_with_support|identity,9.060317843006603,,,,explicit_derived_displacement,source_Point_to_delivery_Point,9.060317843006603
BOITE,47f9a54ddc5a52aadc6aab2ab1b16282a6185047362b221e3f539b413cc37f85,1B6B7E,1,True,INSERT,collocate_with_support|identity,8.376471343549136,,,,explicit_derived_displacement,source_Point_to_delivery_Point,8.376471343549136
BOITE,6153873ab3b71f808b3d93374699e9fc12b9374271de8e5f0f702e3a211e2b8a,1B6B6F,1,True,INSERT,collocate_with_support|identity,9.592033708253437,,,,explicit_derived_displacement,source_Point_to_delivery_Point,9.592033708253437
BOITE,66557a516820faeacaf36fbbbfd9af3a8bd1476bcf2fe0e4249002274fef68d2,1B6BC9,1,True,INSERT,collocate_with_support|identity,7.150359051876196,,,,explicit_derived_displacement,source_Point_to_delivery_Point,7.150359051876196
BOITE,6d27bfca4051a735eb15a0806c0eef38d358449185efb35aeeb517af5d2a8709,1B6B6A,1,True,INSERT,collocate_with_support|identity,7.778364078255616,,,,explicit_derived_displacement,source_Point_to_delivery_Point,7.778364078255616
BOITE,6ed4250caa8fda332c4c78b8f3eaa3aa19e8bdce1425a4171f7361c4053d7d2f,1B6BBA,1,True,INSERT,collocate_with_support|identity,7.14377333522255,,,,explicit_derived_displacement,source_Point_to_delivery_Point,7.14377333522255
BOITE,758c5ee17f6454121cfe6b64e884287dc1c9929ffb56dda72f8db143112327a1,1B6B56,1,True,INSERT,collocate_with_support|identity,9.825380274639652,,,,explicit_derived_displacement,source_Point_to_delivery_Point,9.825380274639652
BOITE,77f3853308a713e299908db07bcee12c8bddf48e208451c9f527a1068d4acec7,1B6BB0,1,True,INSERT,collocate_with_support|identity,7.16867578264749,,,,explicit_derived_displacement,source_Point_to_delivery_Point,7.16867578264749
BOITE,7e892fb1215734c2425ef6a81d97373e10d13bc9101ee1d4211dad42fd1280b9,1B6B51,1,True,INSERT,collocate_with_support|identity,4.599684208569059,,,,explicit_derived_displacement,source_Point_to_delivery_Point,4.599684208569059
BOITE,8f1e6a95ab44d8ce49e75f354c1a60251432ad579dbac6b1b7c818f73eb1533d,1B6BD8,1,True,INSERT,collocate_with_support|identity,6.351171844392085,,,,explicit_derived_displacement,source_Point_to_delivery_Point,6.351171844392085
BOITE,91655e601b9cbe00a9fd18dbe66db8eb63a81c7f61160f42c25bac16225823db,1B6BCE,1,True,INSERT,collocate_with_support|identity,11.37500518252281,,,,explicit_derived_displacement,source_Point_to_delivery_Point,11.37500518252281
BOITE,9ddcb9533b9ac7fed25b722f59dcb8b3d23790be0443140e85afdae9bb590b4d,1B6B65,1,True,INSERT,collocate_with_support|identity,9.174021474666274,,,,explicit_derived_displacement,source_Point_to_delivery_Point,9.174021474666274
BOITE,9e3869f2857ee6566f444446a5bee9acdebe19e1e3467c4956274a9aae87237f,1B6B79,1,True,INSERT,collocate_with_support|identity,8.295981834527321,,,,explicit_derived_displacement,source_Point_to_delivery_Point,8.295981834527321
BOITE,a05f86136ab1ad2cfea8e4b916a1c5c51f2af6f5c4aa416969ca640b6b8a0d69,1B6BC4,1,True,INSERT,collocate_with_support|identity,7.906334996060158,,,,explicit_derived_displacement,source_Point_to_delivery_Point,7.906334996060158
BOITE,a7ad979a78eafef7699b9d6cf8b0b0a4e69915d3faf887c150d0a684a9bfc89d,1B6B83,1,True,INSERT,collocate_with_support|identity,7.786930248208951,,,,explicit_derived_displacement,source_Point_to_delivery_Point,7.786930248208951
BOITE,ad0142992cefe34180de2bc3532d5005268ba3addbeee40583197ae78e4789ca,1B6B4C,1,True,INSERT,collocate_with_support|identity,10.37465582341344,,,,explicit_derived_displacement,source_Point_to_delivery_Point,10.37465582341344
BOITE,b5ea33317a01ddf65b81f9303b4c0c962a74335e82146e53ebcce5930aab516e,1B6BD3,1,True,INSERT,collocate_with_support|identity,9.851387635080625,,,,explicit_derived_displacement,source_Point_to_delivery_Point,9.851387635080625
BOITE,cd4b91d5ef43b8d00e01fd998618e3205d292b0c819df902596003c515f6ec56,1B6B5B,1,True,INSERT,collocate_with_support|identity,7.87046201571761,,,,explicit_derived_displacement,source_Point_to_delivery_Point,7.87046201571761
BOITE,d2764fa6b281a878cc42569748f0807bba775907f71b7e519e553e3eecaecf7f,1B6B92,1,True,INSERT,collocate_with_support|identity,8.440996547032787,,,,explicit_derived_displacement,source_Point_to_delivery_Point,8.440996547032787
BOITE,d8f02f35c727c3085ea414892691f6f32bbcd29717301b3cc6d09aaca0e01f79,1B6BE7,1,True,INSERT,collocate_with_support|identity,9.312640341562258,,,,explicit_derived_displacement,source_Point_to_delivery_Point,9.312640341562258
BOITE,e664f931c27b384eec3fe86b885dabb9567130a26eff960cecdd96141fc0674d,1B6B33,1,True,INSERT,collocate_with_support|identity,8.547194643319537,,,,explicit_derived_displacement,source_Point_to_delivery_Point,8.547194643319537
BOITE,e860c48cca0aac38c8bac33327303a4852741e7b6d119fc4cce71198d58bfc6e,1B6BDD,1,True,INSERT,collocate_with_support|identity,9.855339797351334,,,,explicit_derived_displacement,source_Point_to_delivery_Point,9.855339797351334
BOITE,f370a0e362069c96176f512f998d9dba764d652f683aea6680ffbf86c57ebdc3,1B6B88,1,True,INSERT,collocate_with_support|identity,6.73545838858007,,,,explicit_derived_displacement,source_Point_to_delivery_Point,6.73545838858007
BOITE,f3e2c475d2b6eb3c5dbfce883cd3f9d88e0c9122e615bba707ae0e2b58c31a2c,1B6BE2,1,True,INSERT,collocate_with_support|identity,8.452209667224174,,,,explicit_derived_displacement,source_Point_to_delivery_Point,8.452209667224174
BOITE,f4653320bc55aa4ad5e5b7cef7d7dd73eb659d972f1e0e6c2d1add4cf9bdc1b4,1B6BAB,1,True,INSERT,collocate_with_support|identity,8.913639689207088,,,,explicit_derived_displacement,source_Point_to_delivery_Point,8.913639689207088
BOITE,ffd63dd4c8b4f6e4c302fdbe577046789300bf1d7373cc1a31c27e147e603709,1B6B97,1,True,INSERT,collocate_with_support|identity,6.001363719753933,,,,explicit_derived_displacement,source_Point_to_delivery_Point,6.001363719753933
CABLE,02d5b185ab5c698ac2551028550ff768a5af17205aa1301c8a6c86bae88dfffa,1B2A01,1,True,LWPOLYLINE,identity|segment_occurrence,5.296977098100264e-11,34.18333402515586,34.18333402510986,4.6000536713108886e-11,within_numeric_and_curve_sampling_tolerance,source_LineString_to_delivery_LineString,
CABLE,088e1324db3029d23ef2880a6f82f18aa8aebd581ebb4cd52168afa9f40fd90a,1B3406,1,True,LWPOLYLINE,identity|segment_occurrence,6.864124684985002e-11,41.932528285962476,41.93252828596656,-4.085620730620576e-12,within_numeric_and_curve_sampling_tolerance,source_LineString_to_delivery_LineString,
CABLE,0ab4a81953fc11de7f5e87c8f2fee6c3749e3f4ade9c9acebb4afcd96da32c17,1B2A02,1,True,LWPOLYLINE,identity|segment_occurrence,5.638867150992155e-11,30.806266650465414,30.806266650554516,-8.910205906431656e-11,within_numeric_and_curve_sampling_tolerance,source_LineString_to_delivery_LineString,
CABLE,0d163a27e77e490adb88f17471bf7eb8d3704cbd967778833557e5f622c5b7d5,1B29EE,2,True,LWPOLYLINE,identity|segment_occurrence,7.000155675957597e-11,70.81473268018257,70.81473268017666,5.9117155615240335e-12,within_numeric_and_curve_sampling_tolerance,source_LineString_to_delivery_MultiLineString,
CABLE,0e2c81092555bbaeb14eaa520c7b0b9272419e18ca967d49a4270f084ae71e68,1B29DB,1,True,LWPOLYLINE,identity|segment_occurrence,5.958405146578734e-11,47.46238969559837,47.4623896956839,-8.553513453080086e-11,within_numeric_and_curve_sampling_tolerance,source_LineString_to_delivery_LineString,
CABLE,0fd3ce6ed2b0e21c3ecd53875ae455c4d5b8593e1f561d8ce7fb28fd1b8ad02e,1B1FD5,3,True,LWPOLYLINE,identity|segment_occurrence,6.046600952175017e-11,109.91834168903452,109.91834168897819,5.633182809106074e-11,within_numeric_and_curve_sampling_tolerance,source_LineString_to_delivery_MultiLineString,
CABLE,10513cc77de4c9ecfcb2cee81a419e6e71ebaaed0c8aad4ad776440bcb1ea5ed,1B2A04,1,True,LWPOLYLINE,identity|segment_occurrence,5.144878968614994e-11,40.09074328569315,40.09074328570369,-1.0537348771322286e-11,within_numeric_and_curve_sampling_tolerance,source_LineString_to_delivery_LineString,
CABLE,119cf1966668a395803d2ccda89c612653b277f464a576ffa823ddf388e1b0ad,1B1FCE,2,True,LWPOLYLINE,identity|segment_occurrence,3.5876078842768076e-11,70.08841818086509,70.08841818085872,6.366462912410498e-12,within_numeric_and_curve_sampling_tolerance,source_LineString_to_delivery_MultiLineString,
CABLE,169495ef170fcc38c4632934afd11cb65d3506bf03f0717f576a49ba5ad2a666,1B1ACF,49,True,LWPOLYLINE,bridge_cable_endpoint_to_pole|identity|segment_occurrence,1.0999819899875387,1469.9289987322072,1469.879446484479,0.04955224772811562,explicit_derived_displacement,source_LineString_to_delivery_MultiLineString,
CABLE,1893a9e32256db0687115c402eb728c64c434708c943534030e0aaa3b362b6f2,1B1FCD,3,True,LWPOLYLINE,identity|segment_occurrence,6.661078595643832e-11,62.85972798199687,62.85972798203957,-4.270361841918202e-11,within_numeric_and_curve_sampling_tolerance,source_LineString_to_delivery_MultiLineString,
CABLE,1d8adec9661a5b3acf74ee31826f9868864ab6b58fe2feef420d705f0d58c670,1B2A07,2,True,LWPOLYLINE,identity|segment_occurrence,4.242575883723694e-11,53.886121204585564,53.886121204579524,6.0396132539608516e-12,within_numeric_and_curve_sampling_tolerance,source_LineString_to_delivery_MultiLineString,
CABLE,23389d4b32f5b5c490131c9e2048cfa844bdc8833be8ef6f5772758101024b86,1B3408,2,True,LWPOLYLINE,identity|segment_occurrence,4.3995484238431613e-11,58.34789262008913,58.347892620114756,-2.5629276478866814e-11,within_numeric_and_curve_sampling_tolerance,source_LineString_to_delivery_MultiLineString,
CABLE,26a9a37de67b3c0c10f8e272a0a2c0c356867ca7709f64f08e483e94d521ca8f,1B3405,1,True,LWPOLYLINE,identity|segment_occurrence,7.734449036604674e-11,44.059029336685974,44.05902933668184,4.135358722123783e-12,within_numeric_and_curve_sampling_tolerance,source_LineString_to_delivery_LineString,
CABLE,28bc52b9b680bf2c1d48fa5fc31f66164c0efb52db80941a682c6ed1dfe9a931,1B3403,2,True,LWPOLYLINE,identity|segment_occurrence,4.5511100336432005e-11,66.04560878385115,66.04560878387917,-2.802380549837835e-11,within_numeric_and_curve_sampling_tolerance,source_LineString_to_delivery_MultiLineString,
CABLE,2ac531104380284b1e3d01cf849c0282a66ccee6078b60aaf0043e5b430c90ae,1B15D2,25,True,LWPOLYLINE,identity|segment_occurrence,6.221901049316174e-11,863.6758036860009,863.6758036860441,-4.320099833421409e-11,within_numeric_and_curve_sampling_tolerance,source_LineString_to_delivery_MultiLineString,
CABLE,2cb0814179afbc405c27f9f94e218581353e09f5d9b966b2748fea2fcc167a48,1B1FCF,1,True,LWPOLYLINE,identity|segment_occurrence,6.661078595643832e-11,20.943970471962565,20.943970471913833,4.873257353210647e-11,within_numeric_and_curve_sampling_tolerance,source_LineString_to_delivery_LineString,
CABLE,2f04d937f270b0136e5e850b7860133d62c8fd266728cdb62b8fcb87f475f624,1B1FD1,1,True,LWPOLYLINE,identity|segment_occurrence,5.6652103021033095e-11,27.18599058071329,27.185990580624285,8.900613579498895e-11,within_numeric_and_curve_sampling_tolerance,source_LineString_to_delivery_LineString,
CABLE,30aafcf93c299f7bc342d981a0727baf660db94701e5554225dde9632a6973af,1B10D5,54,True,LWPOLYLINE,identity|segment_occurrence,7.734449036604674e-11,1770.3238856324172,1770.3238856324456,-2.8421709430404007e-11,within_numeric_and_curve_sampling_tolerance,source_LineString_to_delivery_MultiLineString,
CABLE,3a28bc82d01cf391d39938e2b5f707224bcebfffdfa202a4956552f1ab65eb4f,1B24D4,2,True,LWPOLYLINE,identity|segment_occurrence,6.964615647694389e-11,72.27901738612452,72.27901738610132,2.3206325749924872e-11,within_numeric_and_curve_sampling_tolerance,source_LineString_to_delivery_MultiLineString,
CABLE,3ba8c0c4ecb1c73cb9bdc4a4a4aabb74ad037147e6de0c4cbb2d8634ab84070b,1B1FD6,2,True,LWPOLYLINE,identity|segment_occurrence,6.046600952175017e-11,83.32094616901196,83.32094616905331,-4.135358722123783e-11,within_numeric_and_curve_sampling_tolerance,source_LineString_to_delivery_MultiLineString,
CABLE,3d88f68e4aa8f3d127f39589efb6b3d3fb80d04d3083dd03ef2334c7c77f7c45,1B1FD2,1,True,LWPOLYLINE,identity|segment_occurrence,5.096417490175336e-11,23.255122155407474,23.255122155377627,2.984634761560301e-11,within_numeric_and_curve_sampling_tolerance,source_LineString_to_delivery_LineString,
CABLE,3df9e93b05b6175e15b24c964a185100eef0ec6bc1c18449643eca8c1681b4d3,1B340B,1,True,LWPOLYLINE,identity|segment_occurrence,3.749942721349417e-11,30.368166377414035,30.368166377386334,2.7700508553607506e-11,within_numeric_and_curve_sampling_tolerance,source_LineString_to_delivery_LineString,
CABLE,3eb9efd89f94fa5df3038637cd1ab6d2c298d2119eb79e6af3ce27a159234972,1B2A03,1,True,LWPOLYLINE,identity|segment_occurrence,6.708101469334278e-11,25.33647264737502,25.33647264735555,1.9472423673505546e-11,within_numeric_and_curve_sampling_tolerance,source_LineString_to_delivery_LineString,
CABLE,4b31bea3090b9e41086e5ec07123011505e2601064596ae7ccd393eaf407c421,1B29D9,3,True,LWPOLYLINE,identity|segment_occurrence,5.877334632315437e-11,76.91862359914016,76.9186235991303,9.86233317235019e-12,within_numeric_and_curve_sampling_tolerance,source_LineString_to_delivery_MultiLineString,
CABLE,4dd6b35896fd9cf19f20b53bf5e8ee7d916666dd773fe79343cc43a377e3f819,1B340D,2,True,LWPOLYLINE,identity|segment_occurrence,6.42852575659064e-11,88.5962246837962,88.59622468376014,3.6052938412467483e-11,within_numeric_and_curve_sampling_tolerance,source_LineString_to_delivery_MultiLineString,
CABLE,5717a6c1ac4c2fde96cb62f537e8042349d181b09916adee91527324400bf08c,1B24D7,2,True,LWPOLYLINE,identity|segment_occurrence,6.221901049316174e-11,58.12489258988914,58.12489259000533,-1.1618794815149158e-10,within_numeric_and_curve_sampling_tolerance,source_LineString_to_delivery_MultiLineString,
CABLE,6112efe79cee5b08d34193f6e669b8041bf62704cc4cfb9352e73ee02f0c0941,1B24D6,1,True,LWPOLYLINE,identity|segment_occurrence,6.451645404365335e-11,31.29203478171411,31.292034781723284,-9.173106718662893e-12,within_numeric_and_curve_sampling_tolerance,source_LineString_to_delivery_LineString,
CABLE,61dc59d738b8c8177adb589cfd6e28cf03184e9699ea330e5b4261624ed94072,1B3401,1,True,LWPOLYLINE,identity|segment_occurrence,6.15506880992639e-11,23.621680293397244,23.621680293353066,4.417799459588423e-11,within_numeric_and_curve_sampling_tolerance,source_LineString_to_delivery_LineString,
CABLE,62337446347883310365101bdd5d028699e6f6e8b80d8a26eddf71a1ae4880b6,1B29EF,1,True,LWPOLYLINE,identity|segment_occurrence,5.8008367774535054e-11,46.81245671318528,46.812456713240095,-5.481837206389173e-11,within_numeric_and_curve_sampling_tolerance,source_LineString_to_delivery_LineString,
CABLE,6b087ee0eef387e3d86ef4d0d6bb47cbf1668395ef1384dd9405a097ca642bdf,1B340C,2,True,LWPOLYLINE,identity|segment_occurrence,4.605313334167354e-11,81.49365368291348,81.49365368288474,2.873434823413845e-11,within_numeric_and_curve_sampling_tolerance,source_LineString_to_delivery_MultiLineString,
CABLE,6b92d0b4bedc73b4fd72562b91d1183eb1691468d576bbddb1a69df23657a3e8,1B2A06,1,True,LWPOLYLINE,identity|segment_occurrence,4.242575883723694e-11,39.97946179703525,39.97946179705077,-1.5518253349000588e-11,within_numeric_and_curve_sampling_tolerance,source_LineString_to_delivery_LineString,
CABLE,75f0d1017e1f6cbb5e7b664d7fdd9a7309909febf0e5e629e51fe8b186893fc0,1B24D9,2,True,LWPOLYLINE,identity|segment_occurrence,3.097627334850841e-11,72.17633029048396,72.17633029051368,-2.971489720948739e-11,within_numeric_and_curve_sampling_tolerance,source_LineString_to_delivery_MultiLineString,
CABLE,7b58aa1d673dbd6a61f3898aa687b21973671776de623da5f3157dad01ee85b2,1B24DA,2,True,LWPOLYLINE,identity|segment_occurrence,5.4021229170457435e-11,108.33509684199353,108.33509684185432,1.3920953279011883e-10,within_numeric_and_curve_sampling_tolerance,source_LineString_to_delivery_MultiLineString,
CABLE,7ba6fa4a9e2264c8a7d924ae12a8d68eff391da8a06ac09d4bf0879de9e50df3,1B24D8,2,True,LWPOLYLINE,identity|segment_occurrence,6.451645404365335e-11,82.67620077942941,82.67620077943758,-8.171241461241152e-12,within_numeric_and_curve_sampling_tolerance,source_LineString_to_delivery_MultiLineString,
CABLE,7f4e064f16d7338261fd35e134d80f472685037f12ac8e023cf4d5d1b2b7c05f,1B3400,1,True,LWPOLYLINE,identity|segment_occurrence,4.518275945292488e-11,26.7243674768372,26.724367476873788,-3.658584546428756e-11,within_numeric_and_curve_sampling_tolerance,source_LineString_to_delivery_LineString,
CABLE,81db08236c9404ee4c2be6154fd71a098c08924283fa835e816db22b1f6563e6,1B3409,2,True,LWPOLYLINE,identity|segment_occurrence,5.296977098100264e-11,102.21378835221621,102.21378835224823,-3.2017055673350114e-11,within_numeric_and_curve_sampling_tolerance,source_LineString_to_delivery_MultiLineString,
CABLE,88b304594cadbe24fdb4e94935f586363a94eade2f56a7c7fbf76ff2888704ae,1B340A,2,True,LWPOLYLINE,identity|segment_occurrence,6.184563972055912e-11,62.08197969166646,62.08197969166727,-8.100187187665142e-13,within_numeric_and_curve_sampling_tolerance,source_LineString_to_delivery_MultiLineString,
CABLE,8b35551efa65327b153b93defd0d44677f49020f9f980043cd9f6f498c5b88db,1B24D3,1,True,LWPOLYLINE,identity|segment_occurrence,6.306412914767757e-11,35.49864001236532,35.49864001228025,8.50732817525568e-11,within_numeric_and_curve_sampling_tolerance,source_LineString_to_delivery_LineString,
CABLE,9217efe0233d430a85fccfa48bbcc0207d405387fc0ec6e3a6ff5553035e79b3,1B29DA,1,True,LWPOLYLINE,identity|segment_occurrence,4.067383956680332e-11,46.74850668720391,46.74850668718427,1.963940121640917e-11,within_numeric_and_curve_sampling_tolerance,source_LineString_to_delivery_LineString,
CABLE,a7fd0911b2cdca84e4cad326263998ea730e4d47a308a1273a46d51164336e6e,1B2A00,2,True,LWPOLYLINE,identity|segment_occurrence,5.2499198098891835e-11,104.00716235375613,104.00716235385889,-1.0275869044562569e-10,within_numeric_and_curve_sampling_tolerance,source_LineString_to_delivery_MultiLineString,
CABLE,ab35163059e014b0b8d742058411704b2bccaada8e15fd2020dce5cc1323bff9,1B2A05,2,True,LWPOLYLINE,identity|segment_occurrence,7.202830556060992e-11,63.56292190102717,63.56292190095675,7.041478511382593e-11,within_numeric_and_curve_sampling_tolerance,source_LineString_to_delivery_MultiLineString,
CABLE,ada2987107184727da555233017d5a6ba4c73c0bb513723b1a304dd848d22a99,1B3407,1,True,LWPOLYLINE,identity|segment_occurrence,4.3655745685100555e-11,31.185891278451393,31.185891278534022,-8.262901474154205e-11,within_numeric_and_curve_sampling_tolerance,source_LineString_to_delivery_LineString,
CABLE,adeb39e9325067e95d9e48ae94757d2b6c6c1f1fcc80198d2c0c097f73a5fece,1B1FD0,1,True,LWPOLYLINE,identity|segment_occurrence,5.938937726501357e-11,41.23049756547274,41.23049756539804,7.469935781045933e-11,within_numeric_and_curve_sampling_tolerance,source_LineString_to_delivery_LineString,
CABLE,ae0a7179f807030ed45719485073281e9f18cd30be4a47aa715800d7c606b11d,1B29D7,1,True,LWPOLYLINE,identity|segment_occurrence,3.9350757384061467e-11,34.03306536044828,34.03306536048024,-3.1953106827131705e-11,within_numeric_and_curve_sampling_tolerance,source_LineString_to_delivery_LineString,
CABLE,b24e9647c0edc43d99d876789c2effd9730fe6303140869dadbba0b41805e21d,1B29D8,1,True,LWPOLYLINE,identity|segment_occurrence,4.067383956680332e-11,53.52150736971535,53.521507369661215,5.413625103756203e-11,within_numeric_and_curve_sampling_tolerance,source_LineString_to_delivery_LineString,
CABLE,b6a5290ff77fdaf37a3d2d7e8bbf26eade6f34ab0dd6feb4f59a6deeb64a8b7f,1B0BD8,35,True,LWPOLYLINE,identity|segment_occurrence,6.810894856916659e-11,1346.4851814155356,1346.485181415503,3.2741809263825417e-11,within_numeric_and_curve_sampling_tolerance,source_LineString_to_delivery_MultiLineString,
CABLE,c0a8073d59dfc41b1c1da3efbe9ba2c9cb09a0d069a6f750848446cd5c17456b,1B1FD4,1,True,LWPOLYLINE,identity|segment_occurrence,3.9727328235751984e-11,46.11190433339764,46.11190433334988,4.7762682697793934e-11,within_numeric_and_curve_sampling_tolerance,source_LineString_to_delivery_LineString,
CABLE,c1060ce623311675f9ffed092ee1edd0db347f68cef7bb225f73cfd74b6c794e,1B1FD3,1,True,LWPOLYLINE,identity|segment_occurrence,5.708845429208019e-11,41.22541938142651,41.225419381390786,3.572608875401784e-11,within_numeric_and_curve_sampling_tolerance,source_LineString_to_delivery_LineString,
CABLE,c6ab7a3870b47f35b41001da7efed04597b5860709ab8b7a94955659702842bf,1B24D5,1,True,LWPOLYLINE,identity|segment_occurrence,2.734540681262462e-11,33.34798714216616,33.34798714212692,3.9243275296030333e-11,within_numeric_and_curve_sampling_tolerance,source_LineString_to_delivery_LineString,
CABLE,d1934e273731294aae831ac5192470b6dc47dc7c06d8369b3520314c74b383f6,1B29DC,1,True,LWPOLYLINE,identity|segment_occurrence,6.366462912410498e-11,22.79918737699717,22.79918737698292,1.424993456566881e-11,within_numeric_and_curve_sampling_tolerance,source_LineString_to_delivery_LineString,
CABLE,e45156f454b96e6289c2465edb5f7ebf84291bf6f36eb68343d55b518df92372,1B3404,1,True,LWPOLYLINE,identity|segment_occurrence,5.866064565124215e-11,26.21928076242459,26.219280762357997,6.659206519543659e-11,within_numeric_and_curve_sampling_tolerance,source_LineString_to_delivery_LineString,
CABLE,e73d074143f353af1dadef15e8026c6f3a5402cffbf018a39527b4977ff7465b,1B3402,2,True,LWPOLYLINE,identity|segment_occurrence,4.7746306330397376e-11,53.021491056595885,53.0214910565461,4.978772949471022e-11,within_numeric_and_curve_sampling_tolerance,source_LineString_to_delivery_MultiLineString,
CABLE,eab0389f51bccc54b14993193ae987b81922acd45c1236ddb593aeb68cc8809c,1B1FCC,2,True,LWPOLYLINE,identity|segment_occurrence,5.6418002420362693e-11,45.381352345624755,45.38135234561639,8.363087999896379e-12,within_numeric_and_curve_sampling_tolerance,source_LineString_to_delivery_MultiLineString,
IMB,002da974e6c9bc635a1fc373e1c65d4f61cae168e52adca715e20a79f80cdda2,170813,1,True,TEXT,identity,5.743514849690453e-11,,,,within_numeric_and_curve_sampling_tolerance,source_Point_to_delivery_Point,5.743514849690453e-11
IMB,019da45260bca7b05afa6c3fbc43e974dea9eed7f55ab4357cbd3e1b692380dc,17093D,1,True,TEXT,identity,2.685705669179406e-11,,,,within_numeric_and_curve_sampling_tolerance,source_Point_to_delivery_Point,2.685705669179406e-11
IMB,01fe96d090c5ed920b356625c6a875d77f5529665d48322f8891fd26ea71ef6e,188DB9,1,True,TEXT,identity,5.6827045598086653e-11,,,,within_numeric_and_curve_sampling_tolerance,source_Point_to_delivery_Point,5.6827045598086653e-11
IMB,02860cef1635fa1384242559e816ecf9e75cee34946aeff7f78e525ca32724c5,17082D,1,True,TEXT,identity,2.5724394843074972e-12,,,,within_numeric_and_curve_sampling_tolerance,source_Point_to_delivery_Point,2.5724394843074972e-12
IMB,0330fd19fe1fd31a60279e9c17b91981aeb32467c616f55d6359b7c36de18ff6,170759,1,True,TEXT,identity,5.708845429208019e-11,,,,within_numeric_and_curve_sampling_tolerance,source_Point_to_delivery_Point,5.708845429208019e-11
IMB,037554b27ef13736ade28d9ccaa911d0667d57ec94d19d3fc69e37a596b55536,191F4E,1,True,TEXT,identity,4.897778860262864e-11,,,,within_numeric_and_curve_sampling_tolerance,source_Point_to_delivery_Point,4.897778860262864e-11
IMB,03c5e893ade9120b1f12424da2286f98eaf89e2a71c08a7c7cc7e3083f92fc23,170A3F,1,True,TEXT,identity,3.113608321404843e-11,,,,within_numeric_and_curve_sampling_tolerance,source_Point_to_delivery_Point,3.113608321404843e-11
IMB,03d77b57c6d4c2f1cc4d7c0ef6b8045d409d1fe2f227b40353121a2a93764894,170747,1,True,TEXT,identity,1.2370465364015621e-11,,,,within_numeric_and_curve_sampling_tolerance,source_Point_to_delivery_Point,1.2370465364015621e-11
IMB,054e0fedb4659d9efd7714ced7fb20b2e4120c7d2079e3b0640e797b0e3370b2,17077F,1,True,TEXT,identity,5.0442120932937714e-11,,,,within_numeric_and_curve_sampling_tolerance,source_Point_to_delivery_Point,5.0442120932937714e-11
IMB,0569ecd013d8d8266f471a98cb20ed02dd79e8225c3dc4c830a6d0c003e3b99a,1707B7,1,True,TEXT,identity,5.4569682106375694e-11,,,,within_numeric_and_curve_sampling_tolerance,source_Point_to_delivery_Point,5.4569682106375694e-11
IMB,06b9c39d11b02d2f7cf1c8b373285a0b81faca775c3fad6e9c096e89305ad3b6,17094B,1,True,TEXT,identity,1.9336122591511685e-11,,,,within_numeric_and_curve_sampling_tolerance,source_Point_to_delivery_Point,1.9336122591511685e-11
IMB,09d68acbcd0aa4ae9da306d5906f657215bb3b4826c5b9300a2f7f1a6c518b1e,17091D,1,True,TEXT,identity,2.8471687696762326e-11,,,,within_numeric_and_curve_sampling_tolerance,source_Point_to_delivery_Point,2.8471687696762326e-11
IMB,0ba5e973071393559ca5cc9c06ac10a3388d5f292096f4076a3ca2a9cb48badb,1707F9,1,True,TEXT,identity,3.45128973294964e-11,,,,within_numeric_and_curve_sampling_tolerance,source_Point_to_delivery_Point,3.45128973294964e-11
IMB,0bfdbb200a9e63735f1d65d22a2d6624fac3094938caaf368ecd96d95005282c,17097B,1,True,TEXT,identity,3.10829045531774e-11,,,,within_numeric_and_curve_sampling_tolerance,source_Point_to_delivery_Point,3.10829045531774e-11
IMB,0c95641675eb190011cae05cbe4d16ed12a411f5af5be8cb40493d788cbee42c,170909,1,True,TEXT,identity,2.7765668205527158e-11,,,,within_numeric_and_curve_sampling_tolerance,source_Point_to_delivery_Point,2.7765668205527158e-11
IMB,0d8efd3cfae31a582c85f357d321ee849eae3f0dbd1c016b034a1498f1f861bc,170753,1,True,TEXT,identity,9.094947017729282e-12,,,,within_numeric_and_curve_sampling_tolerance,source_Point_to_delivery_Point,9.094947017729282e-12
IMB,0de36b31e86f921d802f0f443b382fa5d4ca213c67093555a9a5d8f6eab7f011,1708AD,1,True,TEXT,identity,3.10829045531774e-11,,,,within_numeric_and_curve_sampling_tolerance,source_Point_to_delivery_Point,3.10829045531774e-11
IMB,0f098aa6743f2e59acc013fc4f432c40526e18f898d4e4959f18b8ec30902e09,17078D,1,True,TEXT,identity,6.477237116911004e-11,,,,within_numeric_and_curve_sampling_tolerance,source_Point_to_delivery_Point,6.477237116911004e-11
IMB,0f23d2adf01e0710c7d98a37907fc085e9582e84eb2e5ae3fe7cd55208a7ad11,170965,1,True,TEXT,identity,6.353456845890097e-11,,,,within_numeric_and_curve_sampling_tolerance,source_Point_to_delivery_Point,6.353456845890097e-11
IMB,0f4ec774de2bbf4fa5a7c2d6b9edb2682c01ef030cc0f1f3225ebb833ad608b6,17083B,1,True,TEXT,identity,1.324244274525066e-11,,,,within_numeric_and_curve_sampling_tolerance,source_Point_to_delivery_Point,1.324244274525066e-11
IMB,0ffb2d65993c60ebeb64b80db5b9369b0d9d1e18214d0c07e729b20b8c1f5153,17080D,1,True,TEXT,identity,6.477237116911004e-11,,,,within_numeric_and_curve_sampling_tolerance,source_Point_to_delivery_Point,6.477237116911004e-11
IMB,1041f16b8dc9f7c8b142f4060d3fb7cb9345769c8a725fc28348a37aa844861d,170731,1,True,TEXT,identity,3.5876078842768076e-11,,,,within_numeric_and_curve_sampling_tolerance,source_Point_to_delivery_Point,3.5876078842768076e-11
IMB,10b5248b47a10af2e01a5ec16e772f23e9c558d6a6870f4682194f4839c65168,1708A1,1,True,TEXT,identity,5.031076102000709e-11,,,,within_numeric_and_curve_sampling_tolerance,source_Point_to_delivery_Point,5.031076102000709e-11
IMB,1111d9f915887c9e959b1ef5283e6210eff73575e512b74d72c6d05c4f7265ba,1706EB,1,True,TEXT,identity,6.046600952175017e-11,,,,within_numeric_and_curve_sampling_tolerance,source_Point_to_delivery_Point,6.046600952175017e-11
IMB,116872f8fd92023d3e90ead0be80aa8f14f80d0e3874b3f4ae2dfae9ae87b801,170917,1,True,TEXT,identity,3.749942721349417e-11,,,,within_numeric_and_curve_sampling_tolerance,source_Point_to_delivery_Point,3.749942721349417e-11
IMB,117208adf80159b5441fa04572fdaab630115c877646d8846ff5c0969a04b48b,17097D,1,True,TEXT,identity,3.7322542136613616e-11,,,,within_numeric_and_curve_sampling_tolerance,source_Point_to_delivery_Point,3.7322542136613616e-11
IMB,11e5ed52cc08d5addbad706db73f23f31743bbd2c679d7abf0694803a69215c2,170745,1,True,TEXT,identity,4.698664762359654e-11,,,,within_numeric_and_curve_sampling_tolerance,source_Point_to_delivery_Point,4.698664762359654e-11
IMB,11ebd214551c0c0e51764842c0d1fe5b515f7e4edb558bd03a6a067fd183b166,1707B3,1,True,TEXT,identity,5.708845429208019e-11,,,,within_numeric_and_curve_sampling_tolerance,source_Point_to_delivery_Point,5.708845429208019e-11
IMB,11f5cf8eeb1de0337022bd6842cbaf75e13d0e2d0ced9005c8d3528ddae58020,1706FD,1,True,TEXT,identity,3.601415278030496e-11,,,,within_numeric_and_curve_sampling_tolerance,source_Point_to_delivery_Point,3.601415278030496e-11
IMB,12e303b8547cfd105c85e6c7c3c85e1e0d08110df3acbb7d0953b13110b56d83,17070D,1,True,TEXT,identity,3.8543694427820976e-11,,,,within_numeric_and_curve_sampling_tolerance,source_Point_to_delivery_Point,3.8543694427820976e-11
IMB,1330b2fa5b5b67cc4307d16a210c5106d6f4556afabdf9a8a559bbab30903be5,170A09,1,True,TEXT,identity,3.2741809263825417e-11,,,,within_numeric_and_curve_sampling_tolerance,source_Point_to_delivery_Point,3.2741809263825417e-11
IMB,152cb01e4c43bc95d74216967edb0e187d7d312884a3af8b2113e6da0db405c8,1708F3,1,True,TEXT,identity,6.914552726356564e-11,,,,within_numeric_and_curve_sampling_tolerance,source_Point_to_delivery_Point,6.914552726356564e-11
IMB,17aa61ab2c9906fd512dd7c33783cb75782eb0757a98a8af1d38a61c40657bb4,170A39,1,True,TEXT,identity,2.9330322825621076e-11,,,,within_numeric_and_curve_sampling_tolerance,source_Point_to_delivery_Point,2.9330322825621076e-11
IMB,191a00d76f23b768b61e3b38ada3c9bae41323b2102b07d8976b8c64d28571fb,170A13,1,True,TEXT,identity,3.660645561012299e-11,,,,within_numeric_and_curve_sampling_tolerance,source_Point_to_delivery_Point,3.660645561012299e-11
IMB,195ceae922192ed3cb4dea783ebc83739ac81fe9e1bac3b3ad3e6a43c9a97e18,1706E5,1,True,TEXT,identity,3.531838563312267e-11,,,,within_numeric_and_curve_sampling_tolerance,source_Point_to_delivery_Point,3.531838563312267e-11
IMB,198b695e9e020e6b1e4251515b75a7cb85202e0a78b5e11adc89557655dee747,17080F,1,True,TEXT,identity,1.4551915228366852e-11,,,,within_numeric_and_curve_sampling_tolerance,source_Point_to_delivery_Point,1.4551915228366852e-11
IMB,1a0883448e6073839a821c0bada54c36d078846a019fd5203b1c8fcc47f8e7e9,188D79,1,True,TEXT,identity,2.300859821966427e-11,,,,within_numeric_and_curve_sampling_tolerance,source_Point_to_delivery_Point,2.300859821966427e-11
IMB,1a34921b70b0f6115d9e9860801fa2d8510662b96be974c8dcba51b830275945,1708FB,1,True,TEXT,identity,4.601719643932854e-11,,,,within_numeric_and_curve_sampling_tolerance,source_Point_to_delivery_Point,4.601719643932854e-11
IMB,1abd97329940de237d2c7aff72ddd99ebf36611a48a6e0b4141f9a4067249006,1706E9,1,True,TEXT,identity,2.1827872842550278e-11,,,,within_numeric_and_curve_sampling_tolerance,source_Point_to_delivery_Point,2.1827872842550278e-11
IMB,1b3d70002ce97c794a063b8f79ebcbe0bd5d7d51bc20dcecb5a5025336cb4fb5,170797,1,True,TEXT,identity,9.275062463698822e-12,,,,within_numeric_and_curve_sampling_tolerance,source_Point_to_delivery_Point,9.275062463698822e-12
IMB,1b4067a5c4f2e47c4e6a73e5d95c56fd67cc0f7ea42a658f494ad5492ccef7bd,17089D,1,True,TEXT,identity,6.184563972055912e-11,,,,within_numeric_and_curve_sampling_tolerance,source_Point_to_delivery_Point,6.184563972055912e-11
IMB,1bcc0dee7fd4896d33a3d59189727919a093410a6ce66516483da307dcd74085,1707C3,1,True,TEXT,identity,4.8536691116628696e-11,,,,within_numeric_and_curve_sampling_tolerance,source_Point_to_delivery_Point,4.8536691116628696e-11
IMB,1c5b5d65ff49ed9ff4f1d7dc11f378369b6fa1b46c37e78617f89d3bd72344f8,1707B1,1,True,TEXT,identity,3.3981526380138176e-11,,,,within_numeric_and_curve_sampling_tolerance,source_Point_to_delivery_Point,3.3981526380138176e-11
IMB,1deaf73dafa91fb02d025abf12c269d697a4dc0eefd3e64f0be7264841617713,1709FD,1,True,TEXT,identity,2.44719995809168e-11,,,,within_numeric_and_curve_sampling_tolerance,source_Point_to_delivery_Point,2.44719995809168e-11
IMB,1e6fff4acdad69228b0acd052b6c99daadad189de7f4743bae1a64d034bc7621,170975,1,True,TEXT,identity,4.7223711538198296e-11,,,,within_numeric_and_curve_sampling_tolerance,source_Point_to_delivery_Point,4.7223711538198296e-11
IMB,2028ecad467b5908d09af8e3c78af22fd27f1c241b8e388ba29dd43b7ae0ae2b,1707D3,1,True,TEXT,identity,2.572439484307497e-11,,,,within_numeric_and_curve_sampling_tolerance,source_Point_to_delivery_Point,2.572439484307497e-11
IMB,202a7eefeeb200c3f054e197575fe2281b8b08bcfe78ff3eac2d5395b79dd5a6,170969,1,True,TEXT,identity,3.1767284229450486e-11,,,,within_numeric_and_curve_sampling_tolerance,source_Point_to_delivery_Point,3.1767284229450486e-11
IMB,2082f3a8a04813a7e7dd29dbd6fd060ba62afb89ec9cef31669067dc95ac6e4e,1706F3,1,True,TEXT,identity,2.9330322825621076e-11,,,,within_numeric_and_curve_sampling_tolerance,source_Point_to_delivery_Point,2.9330322825621076e-11
IMB,217f0d89c900a0e7bf1fd2cfff2f5d3ae7604e5d4211e89218e36cce05ee9e47,17085B,1,True,TEXT,identity,7.063677126624534e-11,,,,within_numeric_and_curve_sampling_tolerance,source_Point_to_delivery_Point,7.063677126624534e-11
IMB,233bb3a51f021192d4926c4b4a43d6ca563ca0490da32db11a25af324cccf88b,170A25,1,True,TEXT,identity,3.7455284258565374e-11,,,,within_numeric_and_curve_sampling_tolerance,source_Point_to_delivery_Point,3.7455284258565374e-11
IMB,23c045580e97c30848750132a12b90d26c4de940fc812c1ec2db787902334b8c,170787,1,True,TEXT,identity,5.8122333243483655e-11,,,,within_numeric_and_curve_sampling_tolerance,source_Point_to_delivery_Point,5.8122333243483655e-11
IMB,2453f473a1cec53ec74dded4afe821e11b99165ce5462b9d9602928c396a0150,170A03,1,True,TEXT,identity,2.0739670164387242e-11,,,,within_numeric_and_curve_sampling_tolerance,source_Point_to_delivery_Point,2.0739670164387242e-11
IMB,246420220bbfd2595c285e83d35834e6d0550f8ea7134d0c633fd5464405f4ed,170737,1,True,TEXT,identity,3.3651303965598345e-11,,,,within_numeric_and_curve_sampling_tolerance,source_Point_to_delivery_Point,3.3651303965598345e-11
IMB,24a66b0a7d674c574ff8365ef8211d6442822d8278ef4b3cb4f08fb864ed1967,170A23,1,True,TEXT,identity,3.4751743759521194e-11,,,,within_numeric_and_curve_sampling_tolerance,source_Point_to_delivery_Point,3.4751743759521194e-11
IMB,24c61111ad577c594814d6142295a1e53567051edc6b8075c6f871d2de0394ec,1708FF,1,True,TEXT,identity,3.660645561012299e-11,,,,within_numeric_and_curve_sampling_tolerance,source_Point_to_delivery_Point,3.660645561012299e-11
IMB,264b12e4fdd5df688eff6e5c11351c2a1544b6c34093e46776e5f8707e228989,170989,1,True,TEXT,identity,6.024673043313376e-11,,,,within_numeric_and_curve_sampling_tolerance,source_Point_to_delivery_Point,6.024673043313376e-11
IMB,2681dfd98d241130abba8a0dc79c99982638dba5408ba261dd43d424ffad85c8,170A69,1,True,TEXT,identity,4.880860748016399e-11,,,,within_numeric_and_curve_sampling_tolerance,source_Point_to_delivery_Point,4.880860748016399e-11
IMB,27b437190e7b8267245212bc163aa67b12e655cfb73b54699b318219c3e89910,188DA3,1,True,TEXT,identity,5.212761563928179e-11,,,,within_numeric_and_curve_sampling_tolerance,source_Point_to_delivery_Point,5.212761563928179e-11
IMB,29a58158796c842e3e91ef8ddff9dbc4eb848b3c71e430325a312ba145b1713c,170901,1,True,TEXT,identity,5.6035503078417106e-11,,,,within_numeric_and_curve_sampling_tolerance,source_Point_to_delivery_Point,5.6035503078417106e-11
IMB,2a95e12b8f488275242aaffa67e2ef49566ea0d9550d805aee597f692a5754ea,17089F,1,True,TEXT,identity,5.650590380176824e-11,,,,within_numeric_and_curve_sampling_tolerance,source_Point_to_delivery_Point,5.650590380176824e-11
IMB,2aad5bec6ed3fab2ac59438e85fd6938d1c20a06b16447c98f7e4ce58f0e9115,17080B,1,True,TEXT,identity,5.823607568738997e-11,,,,within_numeric_and_curve_sampling_tolerance,source_Point_to_delivery_Point,5.823607568738997e-11
IMB,2b3f93ad6442e10ab755e8f59936f27de15dee535de5d3ce2596c5a91117fdc9,1708AB,1,True,TEXT,identity,5.170539372030142e-11,,,,within_numeric_and_curve_sampling_tolerance,source_Point_to_delivery_Point,5.170539372030142e-11
IMB,2b603742c593d43aff9fce9f7999b1bfa160614fa0eae3f58afe4588361a2899,170A21,1,True,TEXT,identity,5.8462896704398e-11,,,,within_numeric_and_curve_sampling_tolerance,source_Point_to_delivery_Point,5.8462896704398e-11
IMB,2b6505867b6747849d77280c2ca57135a6efc35bdf5b120112756ed3d79dac46,17092D,1,True,TEXT,identity,4.1479340328774485e-11,,,,within_numeric_and_curve_sampling_tolerance,source_Point_to_delivery_Point,4.1479340328774485e-11
IMB,2c5a26a326c3475bbc3a452795f75ab9f09a55064c231f87039f726f213450c4,170859,1,True,TEXT,identity,9.795557720525728e-12,,,,within_numeric_and_curve_sampling_tolerance,source_Point_to_delivery_Point,9.795557720525728e-12
IMB,2cef9a075ce837eeac8179d96183130d1fee047123729bcc6bb09711a1c65204,170A3D,1,True,TEXT,identity,5.532240293449122e-11,,,,within_numeric_and_curve_sampling_tolerance,source_Point_to_delivery_Point,5.532240293449122e-11
IMB,2d1bae5efc6c9f88fae071e644ae308bc75cbf31a957f287af5cf4041911e8ba,1707DF,1,True,TEXT,identity,2.371672018926856e-11,,,,within_numeric_and_curve_sampling_tolerance,source_Point_to_delivery_Point,2.371672018926856e-11
IMB,2d7766630b79ea9dcd2aaab773bcb094c8e95dbb3826287b73bd83928199d4d0,1709A5,1,True,TEXT,identity,7.855423202887026e-11,,,,within_numeric_and_curve_sampling_tolerance,source_Point_to_delivery_Point,7.855423202887026e-11
IMB,2ed44ec659f013ffc0f1f0d09e6ca30e7b81763a20ad50f08464c74f8284e33a,170997,1,True,TEXT,identity,5.579881562945217e-11,,,,within_numeric_and_curve_sampling_tolerance,source_Point_to_delivery_Point,5.579881562945217e-11
IMB,2fbb4ca956729aa3ad41a19741eca29549fe3edb1411445820c58aee14339f1a,170887,1,True,TEXT,identity,4.522850489286195e-11,,,,within_numeric_and_curve_sampling_tolerance,source_Point_to_delivery_Point,4.522850489286195e-11
IMB,305e3329801c71e476ad11306673535ea02e6cf6102d78c962e0f1b52924fa81,1707AD,1,True,TEXT,identity,4.262028419856499e-11,,,,within_numeric_and_curve_sampling_tolerance,source_Point_to_delivery_Point,4.262028419856499e-11
IMB,30949144b9d06d4a6f8946862694ecce059f29a86c98706cf5f9c29e211116e8,170705,1,True,TEXT,identity,5.211968084729743e-11,,,,within_numeric_and_curve_sampling_tolerance,source_Point_to_delivery_Point,5.211968084729743e-11
IMB,30f1ad9d97234a69301810d5fcf8922a5e067550445e7d759196a219a72dbbe0,1708A5,1,True,TEXT,identity,3.113608321404843e-11,,,,within_numeric_and_curve_sampling_tolerance,source_Point_to_delivery_Point,3.113608321404843e-11
IMB,30f6424587ff988d301c4c5c1c7d2b2349c8c8f9ca88c6660d5e25d3eb1c4575,170A6F,1,True,TEXT,identity,5.8036880122176867e-11,,,,within_numeric_and_curve_sampling_tolerance,source_Point_to_delivery_Point,5.8036880122176867e-11
IMB,3294f49f2e5cd11b050c8066385fdc3f66f4bdf68462585761f8613ef19f9c77,170789,1,True,TEXT,identity,2.938667316157718e-11,,,,within_numeric_and_curve_sampling_tolerance,source_Point_to_delivery_Point,2.938667316157718e-11
IMB,364aed1ab3c76247fb15c9219fa56b39d83acb74b4bf3efcdfb34905830f95be,170783,1,True,TEXT,identity,4.1479340328774485e-11,,,,within_numeric_and_curve_sampling_tolerance,source_Point_to_delivery_Point,4.1479340328774485e-11
IMB,36aad2dca3e18f2727a3927562f1870c2de5db21e2c11fdf758f95d83a117813,17085D,1,True,TEXT,identity,6.101075935020498e-11,,,,within_numeric_and_curve_sampling_tolerance,source_Point_to_delivery_Point,6.101075935020498e-11
IMB,3709abd30605379ce050e2f1e8fb73eb6746009efcda8a00fa2e1e17131b679a,170827,1,True,TEXT,identity,4.281392574171994e-11,,,,within_numeric_and_curve_sampling_tolerance,source_Point_to_delivery_Point,4.281392574171994e-11
IMB,379105ac4d59e607979d245a201438be969b54d41fc68140eb7cf68acb5e00d5,1709DB,1,True,TEXT,identity,7.084724382057338e-11,,,,within_numeric_and_curve_sampling_tolerance,source_Point_to_delivery_Point,7.084724382057338e-11
IMB,37c47b550ba11085173f3b28b976d44b30b36bd5f16178627f7a2712b8c2ca16,1708E9,1,True,TEXT,identity,3.279229782005122e-11,,,,within_numeric_and_curve_sampling_tolerance,source_Point_to_delivery_Point,3.279229782005122e-11
IMB,3808aa2c7b5bffd266b0591d8192cbd4ddc1776c0a7b11799d1954007f1f46e4,188DC7,1,True,TEXT,identity,3.892807318885879e-11,,,,within_numeric_and_curve_sampling_tolerance,source_Point_to_delivery_Point,3.892807318885879e-11
IMB,3828973fa91210f5dcb788618b30a064906d3e643cc1049c2ae602b6d83e9b03,170867,1,True,TEXT,identity,5.1223206684257905e-11,,,,within_numeric_and_curve_sampling_tolerance,source_Point_to_delivery_Point,5.1223206684257905e-11
IMB,3911c3af0133e8ab1032bed52133ea015a421aab8e4a049684756f721267c819,170A35,1,True,TEXT,identity,4.9146387340829446e-11,,,,within_numeric_and_curve_sampling_tolerance,source_Point_to_delivery_Point,4.9146387340829446e-11
IMB,3a1f8bba52eb03b2822680772636d140683407a9c3c9276abea981561ff32218,1708D5,1,True,TEXT,identity,3.1295077013210636e-11,,,,within_numeric_and_curve_sampling_tolerance,source_Point_to_delivery_Point,3.1295077013210636e-11
IMB,3a2790af06fcd8b4d6452d4323c629127b1d5358a6c2180d29a89ebe1a2d0d62,170869,1,True,TEXT,identity,5.85759778481756e-11,,,,within_numeric_and_curve_sampling_tolerance,source_Point_to_delivery_Point,5.85759778481756e-11
IMB,3b8cf4d925e636201e85e6dd811a66f690fdd63f09e7a7a0e8f3b0976ba5e59b,1708A3,1,True,TEXT,identity,3.4751743759521194e-11,,,,within_numeric_and_curve_sampling_tolerance,source_Point_to_delivery_Point,3.4751743759521194e-11
IMB,3c624db6ee74af7a350c2396cc61d12184a55af86c802699fc47e71295fa8346,1709E1,1,True,TEXT,identity,3.5876078842768076e-11,,,,within_numeric_and_curve_sampling_tolerance,source_Point_to_delivery_Point,3.5876078842768076e-11
IMB,3cacc8dc8ed194921d75285fc7ccbbbc3254dcd6057dde31d1a1ec10b8dff4ba,17098D,1,True,TEXT,identity,6.272217305947076e-11,,,,within_numeric_and_curve_sampling_tolerance,source_Point_to_delivery_Point,6.272217305947076e-11
IMB,3dc1b6ccb1b47466b710579a2d8ffaa9713e414206c4f1d60578e05b341bad82,170799,1,True,TEXT,identity,7.063677126624534e-11,,,,within_numeric_and_curve_sampling_tolerance,source_Point_to_delivery_Point,7.063677126624534e-11
IMB,3e1bfbc7c36981449bd3c6c6195728197a7ba3133ad6aa9e4b12b2c08f8653d5,1708C5,1,True,TEXT,identity,4.6375312318494115e-11,,,,within_numeric_and_curve_sampling_tolerance,source_Point_to_delivery_Point,4.6375312318494115e-11
IMB,3eef358dd4d2b7683c72b4a9f046a7396329d594874e1dd985866e19afe34e82,1707E1,1,True,TEXT,identity,4.258145021856626e-11,,,,within_numeric_and_curve_sampling_tolerance,source_Point_to_delivery_Point,4.258145021856626e-11
IMB,3f61e8358c7d92cd04848655e739e42b6b0527806c9bb92ca5b6f2a35275d0e7,170821,1,True,TEXT,identity,6.264299502699055e-11,,,,within_numeric_and_curve_sampling_tolerance,source_Point_to_delivery_Point,6.264299502699055e-11
IMB,3fac8c9102f69ed555c150282dd90694e61d3165bcfe0b4b641ad88286317c20,170955,1,True,TEXT,identity,5.85759778481756e-11,,,,within_numeric_and_curve_sampling_tolerance,source_Point_to_delivery_Point,5.85759778481756e-11
IMB,3feb8ea8ca0a53237236b915189092e5ee99e2f8ee76ce22c94ad4a58d3b36ce,1706DF,1,True,TEXT,identity,5.106146581099237e-11,,,,within_numeric_and_curve_sampling_tolerance,source_Point_to_delivery_Point,5.106146581099237e-11
IMB,40f00d844f8dfe24570474360742af42b19954611104dc1be9946f3c81b6d4b6,1706E1,1,True,TEXT,identity,1.9336122591511685e-11,,,,within_numeric_and_curve_sampling_tolerance,source_Point_to_delivery_Point,1.9336122591511685e-11
IMB,412dfc1c5e6a78a8d97d810450d69387354b6e8e46afaaedf525b5fe5fe1e1c0,17099B,1,True,TEXT,identity,6.558459564010244e-12,,,,within_numeric_and_curve_sampling_tolerance,source_Point_to_delivery_Point,6.558459564010244e-12
IMB,422c1d1d97d3bd419af0a389938580651973b7c7bd401cbba0d49fb53916b30c,188D85,1,True,TEXT,identity,6.02192644046112e-11,,,,within_numeric_and_curve_sampling_tolerance,source_Point_to_delivery_Point,6.02192644046112e-11
IMB,429106208f086235ca9f082e9700455066e9536f5d7d61a937ef5dd211097d00,170A05,1,True,TEXT,identity,3.432062342492501e-11,,,,within_numeric_and_curve_sampling_tolerance,source_Point_to_delivery_Point,3.432062342492501e-11
IMB,42ca4a5de2db0c26a3afe10153df63be04aa6ab2f03ef9f15018f5a42d6a15ab,1709AF,1,True,TEXT,identity,1.6770253673335696e-11,,,,within_numeric_and_curve_sampling_tolerance,source_Point_to_delivery_Point,1.6770253673335696e-11
IMB,42f02d86befdf2bb2327061ece6eb167980ebd83992b87e5cb94f05792530796,170999,1,True,TEXT,identity,7.71731845292249e-12,,,,within_numeric_and_curve_sampling_tolerance,source_Point_to_delivery_Point,7.71731845292249e-12
IMB,4407a3ceb9580a5cbea0afebfab5965ea77b61507018443f550546c6dcd90a1d,170973,1,True,TEXT,identity,4.187628085936499e-11,,,,within_numeric_and_curve_sampling_tolerance,source_Point_to_delivery_Point,4.187628085936499e-11
IMB,445ce882c70b3d7784a129d3affb1616b4bdbd42c5ea8938cc8bb35875e44123,1708DF,1,True,TEXT,identity,1.828061726177273e-11,,,,within_numeric_and_curve_sampling_tolerance,source_Point_to_delivery_Point,1.828061726177273e-11
IMB,447e0045cac80e8274d19653f461dac3a4ab1a710453e25938647d958ac8f4aa,1709F7,1,True,TEXT,identity,5.938937726501357e-11,,,,within_numeric_and_curve_sampling_tolerance,source_Point_to_delivery_Point,5.938937726501357e-11
IMB,448b8a1de2ce7408254e272476e9648e4523223816d6cb038da5d59cfb4aa60d,1708B1,1,True,TEXT,identity,4.373147123322745e-11,,,,within_numeric_and_curve_sampling_tolerance,source_Point_to_delivery_Point,4.373147123322745e-11
IMB,44f0ce412cfe6918a24478d49e9632bbc8b268001e6828a6d21538c790e7dcf4,1709DD,1,True,TEXT,identity,1.72564486647482e-11,,,,within_numeric_and_curve_sampling_tolerance,source_Point_to_delivery_Point,1.72564486647482e-11
IMB,4568955cf79f6fef02bd3b905faa7aeeb12dcbd36bb35289fde85d00e565f4c0,1706F9,1,True,TEXT,identity,3.238618558455502e-11,,,,within_numeric_and_curve_sampling_tolerance,source_Point_to_delivery_Point,3.238618558455502e-11
IMB,45ce976a09f7f1177f4287fb12f32d45cb31d6657e015941185986833a9aef46,170841,1,True,TEXT,identity,3.01096322023056e-11,,,,within_numeric_and_curve_sampling_tolerance,source_Point_to_delivery_Point,3.01096322023056e-11
IMB,4657ad1f1289598c69b0c11607972029ab09922277c2662210392c416daa9cd5,1709C9,1,True,TEXT,identity,3.279229782005122e-11,,,,within_numeric_and_curve_sampling_tolerance,source_Point_to_delivery_Point,3.279229782005122e-11
IMB,46886e5c73303b9336c12ae0edd9299fd2b37dbebcb1e3963aec3d885fbaf912,17079F,1,True,TEXT,identity,5.4569682106375694e-11,,,,within_numeric_and_curve_sampling_tolerance,source_Point_to_delivery_Point,5.4569682106375694e-11
IMB,470f1131bb5140aa04076366ac824fc6c2ebbbe3ac9f6fd12976b404ab74ba03,170A6B,1,True,TEXT,identity,2.1903532940618417e-11,,,,within_numeric_and_curve_sampling_tolerance,source_Point_to_delivery_Point,2.1903532940618417e-11
IMB,47bac04ed935ae3c520b413714e19be962b07f7031d8426429f73a659016793c,1707B5,1,True,TEXT,identity,2.585269686015071e-11,,,,within_numeric_and_curve_sampling_tolerance,source_Point_to_delivery_Point,2.585269686015071e-11
IMB,47ecccf46e767502ad8a47dc202fbbf5fee75275ff8f1d36275c15cf598352dc,1707DB,1,True,TEXT,identity,3.092281986027956e-11,,,,within_numeric_and_curve_sampling_tolerance,source_Point_to_delivery_Point,3.092281986027956e-11
IMB,4888277ccd4e4562543d9b064aef7c19329c60798656c811887a1affcd62778e,188DC9,1,True,TEXT,identity,3.918223088210291e-11,,,,within_numeric_and_curve_sampling_tolerance,source_Point_to_delivery_Point,3.918223088210291e-11
IMB,48e6e1fe6ea3f97dca7f2bac80a630aa5da5e9531f723d5d7f581f3e9e989250,17074D,1,True,TEXT,identity,6.84723280745628e-11,,,,within_numeric_and_curve_sampling_tolerance,source_Point_to_delivery_Point,6.84723280745628e-11
IMB,4c8e450f560ff043cb6b6ebf36066cb83e263350ea1086f488422b719597a25f,170A0F,1,True,TEXT,identity,4.373147123322745e-11,,,,within_numeric_and_curve_sampling_tolerance,source_Point_to_delivery_Point,4.373147123322745e-11
IMB,4ced9e1b157683f2be09e0637ba938d06f9cf4cee49c38101a592689c54965f3,17092F,1,True,TEXT,identity,5.246767651208195e-11,,,,within_numeric_and_curve_sampling_tolerance,source_Point_to_delivery_Point,5.246767651208195e-11
IMB,4cf160e073ae2cee5229edc73244b8123b0b40e4246ea569dd4501cc207f2710,1707E9,1,True,TEXT,identity,5.823607568738997e-11,,,,within_numeric_and_curve_sampling_tolerance,source_Point_to_delivery_Point,5.823607568738997e-11
IMB,4d187d270da3f2c9265d407022772535bda3a070a369543b819665f56180a483,170835,1,True,TEXT,identity,4.038811914356214e-11,,,,within_numeric_and_curve_sampling_tolerance,source_Point_to_delivery_Point,4.038811914356214e-11
IMB,4d2d562f707899feb537e90e33a593faa1a11e47111f10ebead87f6a2852536e,1707DD,1,True,TEXT,identity,2.7706021158751932e-11,,,,within_numeric_and_curve_sampling_tolerance,source_Point_to_delivery_Point,2.7706021158751932e-11
IMB,4d621363c83e5677fad1ba21f0670079d5ac461773a426adc5978011ebeaf968,170A5D,1,True,TEXT,identity,3.749942721349417e-11,,,,within_numeric_and_curve_sampling_tolerance,source_Point_to_delivery_Point,3.749942721349417e-11
IMB,4de5c05c5aeb78d86b2039945f5a7eebf92e31c5f546783b50b50125ca661e07,170A19,1,True,TEXT,identity,3.432062342492501e-11,,,,within_numeric_and_curve_sampling_tolerance,source_Point_to_delivery_Point,3.432062342492501e-11
IMB,4e3e5aa11c9a1b5d546b4a986e40750114166e6c260e355baf1c585ce3bdf669,170863,1,True,TEXT,identity,5.469081362524924e-11,,,,within_numeric_and_curve_sampling_tolerance,source_Point_to_delivery_Point,5.469081362524924e-11
IMB,50756098692a7ee3f46a86d74942482ca3c83e1c030ed91f9f4b39abcbcbf6a6,188DAF,1,True,TEXT,identity,6.533819052733382e-11,,,,within_numeric_and_curve_sampling_tolerance,source_Point_to_delivery_Point,6.533819052733382e-11
IMB,50d5285f1aea5f4cdc4a4671953ac0e5ee4c64b343dd464e21f68259121aaeeb,170733,1,True,TEXT,identity,3.624310710651348e-11,,,,within_numeric_and_curve_sampling_tolerance,source_Point_to_delivery_Point,3.624310710651348e-11
IMB,537a8a05a61030a9a22073f059258987c52b69732ef2c006a79e55913a6a004e,170729,1,True,TEXT,identity,6.967584240663129e-11,,,,within_numeric_and_curve_sampling_tolerance,source_Point_to_delivery_Point,6.967584240663129e-11
IMB,5460e930423f6d6f95023ef931e4b22101563a80ea80e8ce7c55a8e9141fcd46,188DB5,1,True,TEXT,identity,1.2202151870040997e-11,,,,within_numeric_and_curve_sampling_tolerance,source_Point_to_delivery_Point,1.2202151870040997e-11
IMB,54aac235998c260432f6641567c17c403c0baac4c193f4d239155664af685fc0,170A1B,1,True,TEXT,identity,3.097627334850841e-11,,,,within_numeric_and_curve_sampling_tolerance,source_Point_to_delivery_Point,3.097627334850841e-11
IMB,568eb4ca3ff41970ba5687ddb04003fde98efb32c7eb6b47f80c6a6faa0cf26d,17086B,1,True,TEXT,identity,5.579881562945217e-11,,,,within_numeric_and_curve_sampling_tolerance,source_Point_to_delivery_Point,5.579881562945217e-11
IMB,57824b87b2084606db15b6a4a8fb20b0e514068423c3117ac7c0f451c76b794e,17081D,1,True,TEXT,identity,4.0059086214651396e-11,,,,within_numeric_and_curve_sampling_tolerance,source_Point_to_delivery_Point,4.0059086214651396e-11
IMB,57a5b13196a809350f8af8715f2f5f9e02b225dd8ba1f07b40c75da63a4c647e,170A49,1,True,TEXT,identity,4.0059086214651396e-11,,,,within_numeric_and_curve_sampling_tolerance,source_Point_to_delivery_Point,4.0059086214651396e-11
IMB,57c00cbb009f18b77ac4ebe96b83d7377d61bc052ee4ad0e509393c0f63b2e21,170741,1,True,TEXT,identity,2.7041221523756587e-11,,,,within_numeric_and_curve_sampling_tolerance,source_Point_to_delivery_Point,2.7041221523756587e-11
IMB,58f82df0a7d2707e2846505db5cc10b0c6bb90bc15c124ad4764d5973b0eee96,1707BF,1,True,TEXT,identity,3.905535878144999e-11,,,,within_numeric_and_curve_sampling_tolerance,source_Point_to_delivery_Point,3.905535878144999e-11
IMB,592106ea18df51a927d6c9805d5a97d9de5311027dd7b9027dc26c6d05f26d9c,1708E3,1,True,TEXT,identity,4.6375312318494115e-11,,,,within_numeric_and_curve_sampling_tolerance,source_Point_to_delivery_Point,4.6375312318494115e-11
IMB,59e811c86f63a18c5f91e37490551887ae9d13fb56dcf0e3e9e1279f81253df8,170937,1,True,TEXT,identity,3.513052054736903e-11,,,,within_numeric_and_curve_sampling_tolerance,source_Point_to_delivery_Point,3.513052054736903e-11
IMB,5a5dcd69d7b6f80e837b6109beea70bc2f2b13ce52ee22d65c98e97bd7be46d5,188D87,1,True,TEXT,identity,9.094947017729282e-13,,,,within_numeric_and_curve_sampling_tolerance,source_Point_to_delivery_Point,9.094947017729282e-13
IMB,5b3e7b4da059c2bc71e5227a0204c8a9c4d4a862955cbb7181af29a49cdd6c79,188DDB,1,True,TEXT,identity,4.0059086214651396e-11,,,,within_numeric_and_curve_sampling_tolerance,source_Point_to_delivery_Point,4.0059086214651396e-11
IMB,5c5ab3d8c300c09962a60d896246832eba061f3e79ad8282a2fedfe3382879d7,170843,1,True,TEXT,identity,4.89439991618336e-11,,,,within_numeric_and_curve_sampling_tolerance,source_Point_to_delivery_Point,4.89439991618336e-11
IMB,5c7098bce3f388415ff1d7c626ae47aa466d6b28bf94925bcda961d677a6d5cb,17095B,1,True,TEXT,identity,3.339220666145742e-11,,,,within_numeric_and_curve_sampling_tolerance,source_Point_to_delivery_Point,3.339220666145742e-11
IMB,5cf801617a34c2ac0df4a02b845f7fc26e6c09ed6721d98b97da643161f9a9de,170795,1,True,TEXT,identity,3.867224518302337e-11,,,,within_numeric_and_curve_sampling_tolerance,source_Point_to_delivery_Point,3.867224518302337e-11
IMB,5dae906537d681b165bff45b667de6dd97bcd43beb5872a649c503f21c9691ce,1709F1,1,True,TEXT,identity,2.7706021158751932e-11,,,,within_numeric_and_curve_sampling_tolerance,source_Point_to_delivery_Point,2.7706021158751932e-11
IMB,5fa75df1f5b7d7f61e158f754383d6eecf4df1a0769cd1b70db0cfdc329527f6,170A29,1,True,TEXT,identity,3.049181871436342e-11,,,,within_numeric_and_curve_sampling_tolerance,source_Point_to_delivery_Point,3.049181871436342e-11
IMB,5fe3c3535ae6c3136b7d11ba29f43d77edaa22b2173653d2d5bf37d354425158,1708F5,1,True,TEXT,identity,2.7526304530368282e-11,,,,within_numeric_and_curve_sampling_tolerance,source_Point_to_delivery_Point,2.7526304530368282e-11
IMB,5ff7fcd1a440a10538094e748f9203d814ea43d324ac277da1425cbfd0cdce53,188DBF,1,True,TEXT,identity,2.766120146724561e-11,,,,within_numeric_and_curve_sampling_tolerance,source_Point_to_delivery_Point,2.766120146724561e-11
IMB,5ffb6f04665bf7d13db1d09777dab40d22b8e4d0d4ad60aa3d5fed13a1ce6d59,1708BD,1,True,TEXT,identity,1.324244274525066e-11,,,,within_numeric_and_curve_sampling_tolerance,source_Point_to_delivery_Point,1.324244274525066e-11
IMB,60aefa340e89a5643f8ea846d2196eb5f3552e7bfebdafe8e425a695b6104916,17099D,1,True,TEXT,identity,6.101075935020498e-11,,,,within_numeric_and_curve_sampling_tolerance,source_Point_to_delivery_Point,6.101075935020498e-11
IMB,611ea8c07a3549547fccc96120a94ebeb20fa6905162b9b2bbf0b33d47849d3c,17096D,1,True,TEXT,identity,2.734540681262462e-11,,,,within_numeric_and_curve_sampling_tolerance,source_Point_to_delivery_Point,2.734540681262462e-11
IMB,624ee76d2896fbd277a423805c06fbd1411d7fc93acefdf928c5dce1bed3f002,1707A9,1,True,TEXT,identity,1.7160311712462504e-11,,,,within_numeric_and_curve_sampling_tolerance,source_Point_to_delivery_Point,1.7160311712462504e-11
IMB,6303250309a37a1cb76b586f60760e3d405f7b510dc312202d97157db55a2452,1709E5,1,True,TEXT,identity,5.275069270282984e-11,,,,within_numeric_and_curve_sampling_tolerance,source_Point_to_delivery_Point,5.275069270282984e-11
IMB,6456375115bb735615966cebfb95de773ecde79c43809ad3d5b275c2bca0f15a,188D97,1,True,TEXT,identity,5.532240293449122e-11,,,,within_numeric_and_curve_sampling_tolerance,source_Point_to_delivery_Point,5.532240293449122e-11
IMB,66504f9aa90eba7d85e724a937a74b471ca5e070f570c7fa8a59feead918d74a,17073D,1,True,TEXT,identity,4.199463139453727e-11,,,,within_numeric_and_curve_sampling_tolerance,source_Point_to_delivery_Point,4.199463139453727e-11
IMB,66687ca7426a80b1edec0998bc42c622fc3d80fd36a7f1a270143d5fcd3fe705,170981,1,True,TEXT,identity,4.4925724197049816e-11,,,,within_numeric_and_curve_sampling_tolerance,source_Point_to_delivery_Point,4.4925724197049816e-11
IMB,66ed40c0a70021b9d81975657738840c06a18051b03ed4b6cdbbe0886ff20276,1709C7,1,True,TEXT,identity,4.658886054991198e-11,,,,within_numeric_and_curve_sampling_tolerance,source_Point_to_delivery_Point,4.658886054991198e-11
IMB,66ef132dc13e888afc98d328c8c13fba6b5a3dca634cf8b7af3b58b2c05f4b6a,170963,1,True,TEXT,identity,7.244055360111771e-11,,,,within_numeric_and_curve_sampling_tolerance,source_Point_to_delivery_Point,7.244055360111771e-11
IMB,66f0da75a2ae3d520448687d39148429c3fc6ee4ba184b8d105372c07ad0cfb3,1709E7,1,True,TEXT,identity,4.718866610736894e-11,,,,within_numeric_and_curve_sampling_tolerance,source_Point_to_delivery_Point,4.718866610736894e-11
IMB,67610784700d453ac70bf0b0d06270914d89e3c45e7c4fe1741fd89da13ad06a,188D8F,1,True,TEXT,identity,6.613721402644967e-11,,,,within_numeric_and_curve_sampling_tolerance,source_Point_to_delivery_Point,6.613721402644967e-11
IMB,67c083587ccf4065c3660ebbc1737d0d85ce283890d8457b60465bc2a1fb79f0,170701,1,True,TEXT,identity,3.45128973294964e-11,,,,within_numeric_and_curve_sampling_tolerance,source_Point_to_delivery_Point,3.45128973294964e-11
IMB,682af8a1d68ab4a38b57b9624250970739cc1b68e5f105cab36311d3544238e4,1707C9,1,True,TEXT,identity,6.079344518027357e-11,,,,within_numeric_and_curve_sampling_tolerance,source_Point_to_delivery_Point,6.079344518027357e-11
IMB,6a10749ddc7cd51b3ca2b279df986aa7add06ea8470e1447180d660e2e243e5a,170A07,1,True,TEXT,identity,3.344171329599746e-11,,,,within_numeric_and_curve_sampling_tolerance,source_Point_to_delivery_Point,3.344171329599746e-11
IMB,6a6d141ab4a870ce15c74a3468e4542a36c8a515cd5696557abc11f0428b7393,1708F9,1,True,TEXT,identity,6.451645404365335e-11,,,,within_numeric_and_curve_sampling_tolerance,source_Point_to_delivery_Point,6.451645404365335e-11
IMB,6b72fd7acd7b9dad0676fd9dc085fea49207831a3a22ace19c371073ec6584c3,1708C3,1,True,TEXT,identity,3.238618558455502e-11,,,,within_numeric_and_curve_sampling_tolerance,source_Point_to_delivery_Point,3.238618558455502e-11
IMB,6bd808d0189caad9c69434591b533813fef555e8526b499d37b275a2873037b0,1707E5,1,True,TEXT,identity,1.4999770885397668e-11,,,,within_numeric_and_curve_sampling_tolerance,source_Point_to_delivery_Point,1.4999770885397668e-11
IMB,6c2c1395227ba8f4a17f8a7e5ab6157bb556821ffaac31b36fcd81aed1d08aa6,188DD1,1,True,TEXT,identity,4.964874847776148e-11,,,,within_numeric_and_curve_sampling_tolerance,source_Point_to_delivery_Point,4.964874847776148e-11
IMB,6c4d607f8f9fd0530878dc885c775566cf12cdac812bff8bf9ee45402a6e0192,17073F,1,True,TEXT,identity,3.5795289757796906e-11,,,,within_numeric_and_curve_sampling_tolerance,source_Point_to_delivery_Point,3.5795289757796906e-11
IMB,6c5592e704e5908aaeded8ee292c7f5afd82b85e0f709c64780a1b2cd9e7ff9b,1708CF,1,True,TEXT,identity,4.6375312318494115e-11,,,,within_numeric_and_curve_sampling_tolerance,source_Point_to_delivery_Point,4.6375312318494115e-11
IMB,6c805e4523400a7d3789d14e513f2e4a527afa1e808e15af257e7872d64132cc,17070B,1,True,TEXT,identity,4.3236884535889524e-11,,,,within_numeric_and_curve_sampling_tolerance,source_Point_to_delivery_Point,4.3236884535889524e-11
IMB,6dcd96e50b3b492223c54d7e51f96a32ec82d5e0bd017bba3e3674d4852b021d,170933,1,True,TEXT,identity,3.01096322023056e-11,,,,within_numeric_and_curve_sampling_tolerance,source_Point_to_delivery_Point,3.01096322023056e-11
IMB,6dd95b48c7d4d2b0ea00ede2177de84c8d19b8f0abab8ccb6e77c555c1168752,170925,1,True,TEXT,identity,3.279229782005122e-11,,,,within_numeric_and_curve_sampling_tolerance,source_Point_to_delivery_Point,3.279229782005122e-11
IMB,6e5d971ca6995803b23ea377ed6955a09341b62631a1626ec0a3163bde4d884d,17074B,1,True,TEXT,identity,7.332580706405269e-12,,,,within_numeric_and_curve_sampling_tolerance,source_Point_to_delivery_Point,7.332580706405269e-12
IMB,6eb58d6faf3f77814be240bdb7fa174e45ecf74dcc4d5726a0716550b17423fc,1709A9,1,True,TEXT,identity,2.685705669179406e-11,,,,within_numeric_and_curve_sampling_tolerance,source_Point_to_delivery_Point,2.685705669179406e-11
IMB,6f4948db3342d79d26d09dee162c907886c61149c6dc08e923e14605584201d9,1707F1,1,True,TEXT,identity,5.3125702348589525e-11,,,,within_numeric_and_curve_sampling_tolerance,source_Point_to_delivery_Point,5.3125702348589525e-11
IMB,6f9665c32f01dc3d4cfbecb6d86a5402b08e858bf658ad05acd1b5f025c811bd,17098F,1,True,TEXT,identity,6.314277910027079e-11,,,,within_numeric_and_curve_sampling_tolerance,source_Point_to_delivery_Point,6.314277910027079e-11
IMB,6fb4512f43df9a5fd1b180a4c739d5830da61874cf32c6394514e73f33998568,170751,1,True,TEXT,identity,4.027531727021511e-11,,,,within_numeric_and_curve_sampling_tolerance,source_Point_to_delivery_Point,4.027531727021511e-11
IMB,7008bf0cd481e3504d14814f5675f2a5f0d610c1dcb1c6c5a1662a707b67d62f,17096F,1,True,TEXT,identity,3.1295077013210636e-11,,,,within_numeric_and_curve_sampling_tolerance,source_Point_to_delivery_Point,3.1295077013210636e-11
IMB,70ea3928c36911ca1292bc3f871471ca349689cf67981447a5cf5721a6ec623a,1708E7,1,True,TEXT,identity,4.038811914356214e-11,,,,within_numeric_and_curve_sampling_tolerance,source_Point_to_delivery_Point,4.038811914356214e-11
IMB,71a29793c78dc794275cfc925d157f9c98d686eadcf8c25e6e88813b23d293cd,17088B,1,True,TEXT,identity,7.315074423822041e-11,,,,within_numeric_and_curve_sampling_tolerance,source_Point_to_delivery_Point,7.315074423822041e-11
IMB,71a4e8c1b4b3f456b56a97db855401aa9700da407efe0259d8c52b3f0e1ae0e9,170885,1,True,TEXT,identity,3.33550284647431e-11,,,,within_numeric_and_curve_sampling_tolerance,source_Point_to_delivery_Point,3.33550284647431e-11
IMB,71b826ea71561b45c2b82835c15be4d406ef31ffd3deccea38878cc19f845aac,1708B3,1,True,TEXT,identity,5.708845429208019e-11,,,,within_numeric_and_curve_sampling_tolerance,source_Point_to_delivery_Point,5.708845429208019e-11
IMB,722631ec621cefbd0596a06edb65b2388d670996f32df81536057de8add711fd,1707F5,1,True,TEXT,identity,3.253907165344266e-11,,,,within_numeric_and_curve_sampling_tolerance,source_Point_to_delivery_Point,3.253907165344266e-11
IMB,729aacf99643e61b0cbb2d3c2968cb1bab3440080599d853a09750ec31c6f3dc,1708ED,1,True,TEXT,identity,6.459333564476657e-11,,,,within_numeric_and_curve_sampling_tolerance,source_Point_to_delivery_Point,6.459333564476657e-11
IMB,7319ac727a9c212b867b45560fda6374e95640cd46fe8abeeee5b3d6068dc7bb,1706FF,1,True,TEXT,identity,3.498895978131503e-11,,,,within_numeric_and_curve_sampling_tolerance,source_Point_to_delivery_Point,3.498895978131503e-11
IMB,732225c0c689d72856d50537ab78e0eb941d3c8d256c6fb39aa3359a0e2b4eb2,17092B,1,True,TEXT,identity,5.523261807207373e-11,,,,within_numeric_and_curve_sampling_tolerance,source_Point_to_delivery_Point,5.523261807207373e-11
IMB,73241d4b253a8e307317f45dd22673eefb1c286acd5d8cd9ff73f55a47c03de9,170A47,1,True,TEXT,identity,5.958405146578734e-11,,,,within_numeric_and_curve_sampling_tolerance,source_Point_to_delivery_Point,5.958405146578734e-11
IMB,73cfaa3c168a52602c1b22bf4fb294bb48f89514be69cf018b26ddfbd0d6f156,170809,1,True,TEXT,identity,5.8122333243483655e-11,,,,within_numeric_and_curve_sampling_tolerance,source_Point_to_delivery_Point,5.8122333243483655e-11
IMB,73e33d1988c74eef607390e93b5e2dc6bc6727e35efc46439464437f8e00f6cb,1707C7,1,True,TEXT,identity,2.9330322825621076e-11,,,,within_numeric_and_curve_sampling_tolerance,source_Point_to_delivery_Point,2.9330322825621076e-11
IMB,73e87635083e4b9eb8b282cde203fdca70b82759d27f295ecf3191299d6decf1,17088F,1,True,TEXT,identity,5.459999017986278e-11,,,,within_numeric_and_curve_sampling_tolerance,source_Point_to_delivery_Point,5.459999017986278e-11
IMB,73f03096f4a59991253b29f28fa7a9f0cb354a852bbebc685c79f8b9f574d2a6,170791,1,True,TEXT,identity,5.752149554916067e-12,,,,within_numeric_and_curve_sampling_tolerance,source_Point_to_delivery_Point,5.752149554916067e-12
IMB,73fdb947331799ba145fc0f8098e313cf13c606c852eb5978fc2f3d902a5b694,188D9D,1,True,TEXT,identity,3.4428909622415995e-11,,,,within_numeric_and_curve_sampling_tolerance,source_Point_to_delivery_Point,3.4428909622415995e-11
IMB,75c603a3394465d4cdedb1a9857fee6d12cbc2ebb4bcec068a03f89c29edf47b,170861,1,True,TEXT,identity,1.1504299109832135e-11,,,,within_numeric_and_curve_sampling_tolerance,source_Point_to_delivery_Point,1.1504299109832135e-11
IMB,769b04b5236c6f7078ef999b04a7612c15a73d349357703c11a87250838de447,170879,1,True,TEXT,identity,4.3807065881236834e-11,,,,within_numeric_and_curve_sampling_tolerance,source_Point_to_delivery_Point,4.3807065881236834e-11
IMB,7769230fec65a67b880082b177d7175008cad3dcef133134fccd4311d9918bd6,1709B3,1,True,TEXT,identity,3.58299359569941e-11,,,,within_numeric_and_curve_sampling_tolerance,source_Point_to_delivery_Point,3.58299359569941e-11
IMB,776f4865d4e9b35c09294e0771df3d9b4c2e803bf94d0a9bb1c40807a8420436,188DBD,1,True,TEXT,identity,4.6348549608377313e-11,,,,within_numeric_and_curve_sampling_tolerance,source_Point_to_delivery_Point,4.6348549608377313e-11
IMB,7780c9e9695424871ff0932f4acb112850eb7b42a6b309a9563aedd0153145fb,17095D,1,True,TEXT,identity,3.1767284229450486e-11,,,,within_numeric_and_curve_sampling_tolerance,source_Point_to_delivery_Point,3.1767284229450486e-11
IMB,783dd37897b6d087aebca68ab82e1f141148ed756e13d274c0ac1b5855bbf3fa,1A0F67,1,True,TEXT,identity,5.958405146578734e-11,,,,within_numeric_and_curve_sampling_tolerance,source_Point_to_delivery_Point,5.958405146578734e-11
IMB,784539069db842c07da1064cf6c0c7064360676a6c5526de901d31a44c5da655,188DB1,1,True,TEXT,identity,6.306412914767757e-11,,,,within_numeric_and_curve_sampling_tolerance,source_Point_to_delivery_Point,6.306412914767757e-11
IMB,78838a47609fed50a3815bb5be57c7e815501d3012d967951ce5fe33c5a28889,1709CD,1,True,TEXT,identity,6.558459564010244e-12,,,,within_numeric_and_curve_sampling_tolerance,source_Point_to_delivery_Point,6.558459564010244e-12
IMB,79be682f4c272f58e96b1f43dba3055d2440174b9e06d7b2576787dd8cc120ab,188D99,1,True,TEXT,identity,6.459333564476657e-11,,,,within_numeric_and_curve_sampling_tolerance,source_Point_to_delivery_Point,6.459333564476657e-11
IMB,7a4a7b09f30682286b4bb219a6b99c57a4279e08c5ede65e520c8ffe0543558c,170715,1,True,TEXT,identity,5.170539372030142e-11,,,,within_numeric_and_curve_sampling_tolerance,source_Point_to_delivery_Point,5.170539372030142e-11
IMB,7c9fe1145914e9b8bb0ca12ea0795fafc8e100df8e7f27c3551652d9e680d1b7,1706FB,1,True,TEXT,identity,2.7706021158751932e-11,,,,within_numeric_and_curve_sampling_tolerance,source_Point_to_delivery_Point,2.7706021158751932e-11
IMB,7e7902865bc3ff6241b419708b945296826ba325bf94a67c7f498370dddd145e,1707CF,1,True,TEXT,identity,7.359605051221991e-11,,,,within_numeric_and_curve_sampling_tolerance,source_Point_to_delivery_Point,7.359605051221991e-11
IMB,7ed843312586544d81815651872ea95af77986bcdd1b8225e0c9436a3576c9d8,170A65,1,True,TEXT,identity,4.395786517705191e-11,,,,within_numeric_and_curve_sampling_tolerance,source_Point_to_delivery_Point,4.395786517705191e-11
IMB,7f17175707c39047b85d1937cc8cf3e73d1268306dd394ae3dc71f775f5b8877,170825,1,True,TEXT,identity,6.477237116911004e-11,,,,within_numeric_and_curve_sampling_tolerance,source_Point_to_delivery_Point,6.477237116911004e-11
IMB,7f7dcc3fbfa465f2f7f34599f8dbce28d04cf65abe09d27aa7b9c75ade9cb2dc,170A37,1,True,TEXT,identity,4.5036061794744264e-11,,,,within_numeric_and_curve_sampling_tolerance,source_Point_to_delivery_Point,4.5036061794744264e-11
IMB,7fe783b90c3fea8c12ed5a32890e40d53a7262b94ac672a7d63a77bb0b8d7d21,170881,1,True,TEXT,identity,3.10829045531774e-11,,,,within_numeric_and_curve_sampling_tolerance,source_Point_to_delivery_Point,3.10829045531774e-11
IMB,7fef5486c2df613939eedbf3bc5d55053712db4f2938547822eca4b8a0a24090,170755,1,True,TEXT,identity,4.434194758959677e-11,,,,within_numeric_and_curve_sampling_tolerance,source_Point_to_delivery_Point,4.434194758959677e-11
IMB,80a342940c74a45873e62d04953db9b926687b71b3faf642af5cdbb3d15683dc,170939,1,True,TEXT,identity,5.4569682106375694e-11,,,,within_numeric_and_curve_sampling_tolerance,source_Point_to_delivery_Point,5.4569682106375694e-11
IMB,80d334cd7d69228884af8e473505f88bf389121dbe6646575dbbc1018d1644d8,1707FD,1,True,TEXT,identity,4.6766072526888606e-11,,,,within_numeric_and_curve_sampling_tolerance,source_Point_to_delivery_Point,4.6766072526888606e-11
IMB,80d9d3ad2ba5035d58a4f2652604be758849940a405cce59dea396f383c91d10,17093B,1,True,TEXT,identity,4.026504688441247e-11,,,,within_numeric_and_curve_sampling_tolerance,source_Point_to_delivery_Point,4.026504688441247e-11
IMB,80da92b478ed912aecb3fc7bea40d21e6c9af9b33ee30214f374eeb3a2ffde99,170967,1,True,TEXT,identity,2.685705669179406e-11,,,,within_numeric_and_curve_sampling_tolerance,source_Point_to_delivery_Point,2.685705669179406e-11
IMB,811527649c99b29cf5c08ce3eff98555da675d89b0e369feaa04181ab8884708,188DA7,1,True,TEXT,identity,5.8008367774535054e-11,,,,within_numeric_and_curve_sampling_tolerance,source_Point_to_delivery_Point,5.8008367774535054e-11
IMB,8211f23b3cdb9089531683f3e96fbff34ce132a8f5961dbfbd7a5429828764e8,170A31,1,True,TEXT,identity,3.642523441976807e-11,,,,within_numeric_and_curve_sampling_tolerance,source_Point_to_delivery_Point,3.642523441976807e-11
IMB,8275779168f5d657899a61a2c402e450d741a33b1a2f2cbad81376eb64994fb0,1A0F63,1,True,TEXT,identity,2.0579515874459978e-11,,,,within_numeric_and_curve_sampling_tolerance,source_Point_to_delivery_Point,2.0579515874459978e-11
IMB,82d85252c87de855756c0a302b2a931127e73ffff8b637a01a021189e02df9f1,17091F,1,True,TEXT,identity,3.279229782005122e-11,,,,within_numeric_and_curve_sampling_tolerance,source_Point_to_delivery_Point,3.279229782005122e-11
IMB,84786a5e3b90a5ce2bfa4bb588f743891bb29bff9e2aee837e5e01f304ef118a,170A41,1,True,TEXT,identity,5.877334632315437e-11,,,,within_numeric_and_curve_sampling_tolerance,source_Point_to_delivery_Point,5.877334632315437e-11
IMB,849c458a55bb27424f5b7c0ffa5d210cfe218c98bcad4a05c136141c6ce8e8d4,188DD3,1,True,TEXT,identity,5.99784001453283e-11,,,,within_numeric_and_curve_sampling_tolerance,source_Point_to_delivery_Point,5.99784001453283e-11
IMB,8683db395ded9d99c6310483f8388475c4c8a7f48a2c624cdaee8efda47b2e3f,170959,1,True,TEXT,identity,1.828061726177273e-11,,,,within_numeric_and_curve_sampling_tolerance,source_Point_to_delivery_Point,1.828061726177273e-11
IMB,868a15a5e7468235f972033f4eeb27dffd3dc89c578669b9bfc331635eafd9a9,188DA1,1,True,TEXT,identity,2.8947088981730392e-11,,,,within_numeric_and_curve_sampling_tolerance,source_Point_to_delivery_Point,2.8947088981730392e-11
IMB,86977134b66cd8a9eb129c21bbcc26bf7c6d6b53283cf134545805a02d5320d7,188D7F,1,True,TEXT,identity,5.775828434455408e-11,,,,within_numeric_and_curve_sampling_tolerance,source_Point_to_delivery_Point,5.775828434455408e-11
IMB,87280f6982ea203ff91442a09ba324533a2fdf256e785b2472e10773354bac94,170757,1,True,TEXT,identity,3.339220666145742e-11,,,,within_numeric_and_curve_sampling_tolerance,source_Point_to_delivery_Point,3.339220666145742e-11
IMB,875a261d90c87021e1f777232032c5b4a7fc42a7b144829be7cfb0da0446af2f,170A17,1,True,TEXT,identity,3.45128973294964e-11,,,,within_numeric_and_curve_sampling_tolerance,source_Point_to_delivery_Point,3.45128973294964e-11
IMB,8853bf4c10dfd6db2dc812069a1ef6737ad3467cdfb4b7177ae2de1a36223bf1,1708E5,1,True,TEXT,identity,4.067383956680332e-12,,,,within_numeric_and_curve_sampling_tolerance,source_Point_to_delivery_Point,4.067383956680332e-12
IMB,88d2e383c506ebe5fcd2923d160fbbdc7567399ae5f3940f37610e6748029ac3,170713,1,True,TEXT,identity,4.601719643932854e-11,,,,within_numeric_and_curve_sampling_tolerance,source_Point_to_delivery_Point,4.601719643932854e-11
IMB,89bf22abc196b799b05a5b6e40d2eb96417c013bd7b3743aacd23f251affd705,1709F3,1,True,TEXT,identity,3.4608633705721234e-11,,,,within_numeric_and_curve_sampling_tolerance,source_Point_to_delivery_Point,3.4608633705721234e-11
IMB,89d32afb0d00ace93fb768cd0530cf1f9d4a9e21c009ab5192c26a230f69e4d1,170A1F,1,True,TEXT,identity,5.5531336411054316e-11,,,,within_numeric_and_curve_sampling_tolerance,source_Point_to_delivery_Point,5.5531336411054316e-11
IMB,8b2ffd609dac86d22690530383ed5b58804186a4584d19a68e51a5cfd1226f87,170927,1,True,TEXT,identity,6.36386382558554e-11,,,,within_numeric_and_curve_sampling_tolerance,source_Point_to_delivery_Point,6.36386382558554e-11
IMB,8bc5d847f578e4846f827a4a05d2a4906b84644aaaa88d609f9feec42bd5602d,1707AF,1,True,TEXT,identity,4.199463139453727e-11,,,,within_numeric_and_curve_sampling_tolerance,source_Point_to_delivery_Point,4.199463139453727e-11
IMB,8c34cb9f192db28233e636beb26f0d93c4ae4cd678948a90931fd5c29b1bd651,170857,1,True,TEXT,identity,5.4569682106375694e-11,,,,within_numeric_and_curve_sampling_tolerance,source_Point_to_delivery_Point,5.4569682106375694e-11
IMB,8c6934380f29f41d042c363a70b434229514159331284bcb2146868eaa307b34,170855,1,True,TEXT,identity,6.208592154826333e-11,,,,within_numeric_and_curve_sampling_tolerance,source_Point_to_delivery_Point,6.208592154826333e-11
IMB,8c7ee8e77fde41d26c7e00aa3214fd6bdad715a956b7b00579393add32fd8dbe,1897DF,1,True,TEXT,identity,5.017905723119374e-11,,,,within_numeric_and_curve_sampling_tolerance,source_Point_to_delivery_Point,5.017905723119374e-11
IMB,8d4a8cd0b90d538f76b2550c089acf7acc35e73deda7d060469a800da3df7c43,17075F,1,True,TEXT,identity,5.093170329928398e-11,,,,within_numeric_and_curve_sampling_tolerance,source_Point_to_delivery_Point,5.093170329928398e-11
IMB,8e2208ef00008110288a962e47f95179ff3aeff1fcd5c6e49ecab4280bec75bf,1707FF,1,True,TEXT,identity,5.1480935137387517e-11,,,,within_numeric_and_curve_sampling_tolerance,source_Point_to_delivery_Point,5.1480935137387517e-11
IMB,8fc7c81eafcfe2be7be9749f7bdeab57d9e2d504fb39a538b5117adba19970cd,170817,1,True,TEXT,identity,5.287599143684432e-11,,,,within_numeric_and_curve_sampling_tolerance,source_Point_to_delivery_Point,5.287599143684432e-11
IMB,902cdb7af1a508862d7419da807dc93db568a16c9fe12fcddba82fcee45dbf76,188DC1,1,True,TEXT,identity,3.1295077013210636e-11,,,,within_numeric_and_curve_sampling_tolerance,source_Point_to_delivery_Point,3.1295077013210636e-11
IMB,906f08ca96ea9dcffedaef8a314a3975ee61697106896a4acf1d2d4efec25a73,17071D,1,True,TEXT,identity,3.4751743759521194e-11,,,,within_numeric_and_curve_sampling_tolerance,source_Point_to_delivery_Point,3.4751743759521194e-11
IMB,91a7d21d83860b599d8367bf0304faa4f3fe8ca58164ad905e82a9cac4c17432,170743,1,True,TEXT,identity,1.3642420526593924e-11,,,,within_numeric_and_curve_sampling_tolerance,source_Point_to_delivery_Point,1.3642420526593924e-11
IMB,934a42d61d0ef0a3f5f0c2e8cd5b765ec356812011e55afece3e7b6fd80ff5c6,170897,1,True,TEXT,identity,4.3807065881236834e-11,,,,within_numeric_and_curve_sampling_tolerance,source_Point_to_delivery_Point,4.3807065881236834e-11
IMB,9412df76dbffb016e7b738c88d1d8cc7172f61c1f6a8e13db91392d0c06fe024,188D9B,1,True,TEXT,identity,7.221181746455552e-11,,,,within_numeric_and_curve_sampling_tolerance,source_Point_to_delivery_Point,7.221181746455552e-11
IMB,95e1c5ab0492f0c5c311a111e5c0cfd1cc5fed996587329d7415f892f1e1a378,17095F,1,True,TEXT,identity,4.246473519716802e-11,,,,within_numeric_and_curve_sampling_tolerance,source_Point_to_delivery_Point,4.246473519716802e-11
IMB,95fcae3772f1ec07d66a498797084ebab3791edf4b11ad86375a6fc088989de7,17075B,1,True,TEXT,identity,5.64766185425834e-11,,,,within_numeric_and_curve_sampling_tolerance,source_Point_to_delivery_Point,5.64766185425834e-11
IMB,960db2391d56bd0b36359ed1b067357975287127b74cdcc4e65134ba9d4ac6b3,170833,1,True,TEXT,identity,3.7850717574992473e-11,,,,within_numeric_and_curve_sampling_tolerance,source_Point_to_delivery_Point,3.7850717574992473e-11
IMB,967539092f5a4dc5e0c1fbfb4450c05daa9cabdb1c6c9ea07df1ff1156fb85ab,170899,1,True,TEXT,identity,6.272217305947076e-11,,,,within_numeric_and_curve_sampling_tolerance,source_Point_to_delivery_Point,6.272217305947076e-11
IMB,96aa57736700f96619142a5d2abbeed36b4cc5c34f5011e9ff4b8ad4da1c2730,1708E1,1,True,TEXT,identity,3.279229782005122e-11,,,,within_numeric_and_curve_sampling_tolerance,source_Point_to_delivery_Point,3.279229782005122e-11
IMB,96eba94171bb307ac20506001d12a20bde93361e96245810db88fef4e1a3bf4b,170935,1,True,TEXT,identity,4.42952865774202e-11,,,,within_numeric_and_curve_sampling_tolerance,source_Point_to_delivery_Point,4.42952865774202e-11
IMB,97a3f9fb44decb1c172bf27ca302dbfeb9915753eb7bb796943365b6e0ae6c14,1709D9,1,True,TEXT,identity,5.237299792093097e-11,,,,within_numeric_and_curve_sampling_tolerance,source_Point_to_delivery_Point,5.237299792093097e-11
IMB,98738688f59d57571d2d05717985154d1c0e72bbd98a794d5378c546eb9a2832,1709A1,1,True,TEXT,identity,4.440719063762554e-11,,,,within_numeric_and_curve_sampling_tolerance,source_Point_to_delivery_Point,4.440719063762554e-11
IMB,9975bb30e7738cf3a6d1abdf37c7fcc8b266de471939c08368432f446635e384,1709AB,1,True,TEXT,identity,5.1448789686149945e-12,,,,within_numeric_and_curve_sampling_tolerance,source_Point_to_delivery_Point,5.1448789686149945e-12
IMB,9b0ae85d55a20f8ba85e0bfa6b75149f9375b27ffcd769e38cff86b42bf0d724,1708D7,1,True,TEXT,identity,2.585269686015071e-11,,,,within_numeric_and_curve_sampling_tolerance,source_Point_to_delivery_Point,2.585269686015071e-11
IMB,9c2c977de104da7d12253e9807232575d055ec4b55d878361b652e3d467a5d84,170993,1,True,TEXT,identity,5.135223259819433e-11,,,,within_numeric_and_curve_sampling_tolerance,source_Point_to_delivery_Point,5.135223259819433e-11
IMB,9cdff87980ea09235159e0d40838c756325c863f81f49cb77bed7ce0365bfb04,170801,1,True,TEXT,identity,3.4608633705721234e-11,,,,within_numeric_and_curve_sampling_tolerance,source_Point_to_delivery_Point,3.4608633705721234e-11
IMB,9d1413e5561e255efb46f5bf5ccc629707a3511fc650e2c7b38af8e4b90cf8eb,17089B,1,True,TEXT,identity,4.347536888496368e-11,,,,within_numeric_and_curve_sampling_tolerance,source_Point_to_delivery_Point,4.347536888496368e-11
IMB,9d35cb6b08f9c9cb52f9ddd85a5880e1709802e4dfdeab3c086045d36fb8f395,1707A3,1,True,TEXT,identity,3.4175708111535524e-11,,,,within_numeric_and_curve_sampling_tolerance,source_Point_to_delivery_Point,3.4175708111535524e-11
IMB,9d6cfc1900ff2591c34635bb8aa4e887f7185c8ca0d7d3f5d442dc8b7599e359,1709B1,1,True,TEXT,identity,4.5511100336432005e-11,,,,within_numeric_and_curve_sampling_tolerance,source_Point_to_delivery_Point,4.5511100336432005e-11
IMB,9df6f34086e092f9c541ae7850fddc0e5151ad0372fbc5e0c2a52959f33f5b01,188D81,1,True,TEXT,identity,6.112589326056533e-11,,,,within_numeric_and_curve_sampling_tolerance,source_Point_to_delivery_Point,6.112589326056533e-11
IMB,9e7fc1e11bbef8b9af0d11e19add196ab0ce3f8f03ea20959cb9e2e52dd18dfc,170A4B,1,True,TEXT,identity,1.72564486647482e-11,,,,within_numeric_and_curve_sampling_tolerance,source_Point_to_delivery_Point,1.72564486647482e-11
IMB,9f9202ae5308179d244bef1cfac83641e6d63fb82df0df5ac6f2afc9dbc408c9,1708B5,1,True,TEXT,identity,5.057313964956063e-11,,,,within_numeric_and_curve_sampling_tolerance,source_Point_to_delivery_Point,5.057313964956063e-11
IMB,a031ef085424f8b9f6a9cf05f628ae2f9cd7ba636621d1078ea3e3b5953e6f13,170877,1,True,TEXT,identity,2.7899407814726086e-11,,,,within_numeric_and_curve_sampling_tolerance,source_Point_to_delivery_Point,2.7899407814726086e-11
IMB,a14c719178ecfcc06706ce126d6dc21ebb24bb46d7358956d67ac302b5e04477,1709C3,1,True,TEXT,identity,4.4999312656193e-11,,,,within_numeric_and_curve_sampling_tolerance,source_Point_to_delivery_Point,4.4999312656193e-11
IMB,a17aee0561a9d1fb8220961c8f2e98a9cafdf812b032a3d8adf14171d59db18d,1709F5,1,True,TEXT,identity,7.974562401353241e-11,,,,within_numeric_and_curve_sampling_tolerance,source_Point_to_delivery_Point,7.974562401353241e-11
IMB,a18e61c6eb9943ddd42ae04c66b31d11fd387279025fe194b5ab866f97ffede7,17090F,1,True,TEXT,identity,5.170539372030142e-11,,,,within_numeric_and_curve_sampling_tolerance,source_Point_to_delivery_Point,5.170539372030142e-11
IMB,a1a14878b381b30bdea6627f2fd011cdfdb17491f752b59a8c3326962131313c,1707E7,1,True,TEXT,identity,3.344171329599746e-11,,,,within_numeric_and_curve_sampling_tolerance,source_Point_to_delivery_Point,3.344171329599746e-11
IMB,a201e06aacd80f2aea8a4b94b370f49019833fd6d97d5170cdcaef5322aef625,188DA9,1,True,TEXT,identity,5.0972289570207264e-11,,,,within_numeric_and_curve_sampling_tolerance,source_Point_to_delivery_Point,5.0972289570207264e-11
IMB,a21c3f49ce0ca513e0a310c8c115feedbc8d2232ac23acf0e3711f2b3742b18e,17081F,1,True,TEXT,identity,4.230861431865563e-11,,,,within_numeric_and_curve_sampling_tolerance,source_Point_to_delivery_Point,4.230861431865563e-11
IMB,a2b1827e36e01268016f4b828b754be606f944546a5c781065ff32dc2b68d386,170739,1,True,TEXT,identity,2.2791871899501835e-11,,,,within_numeric_and_curve_sampling_tolerance,source_Point_to_delivery_Point,2.2791871899501835e-11
IMB,a44864c1c4332536ff5bbead1332f08e35269e92250a37d1f9560ee1689419d3,17093F,1,True,TEXT,identity,3.7455284258565374e-11,,,,within_numeric_and_curve_sampling_tolerance,source_Point_to_delivery_Point,3.7455284258565374e-11
IMB,a4b070dc49cf4ac5e2d4172907aaac3db80d2c6334eb2f728f7657bdd02e8548,170807,1,True,TEXT,identity,6.520512517066862e-11,,,,within_numeric_and_curve_sampling_tolerance,source_Point_to_delivery_Point,6.520512517066862e-11
IMB,a4fcd53a0c61ef9d6c7617113f4d10d2ee1b1df19f697537dc9025b89d4acde1,1708BB,1,True,TEXT,identity,2.685705669179406e-11,,,,within_numeric_and_curve_sampling_tolerance,source_Point_to_delivery_Point,2.685705669179406e-11
IMB,a582567908b932d8166cb2a90717d6e84aae4a7254a72489b3520d3794ed826f,1707BB,1,True,TEXT,identity,3.097627334850841e-11,,,,within_numeric_and_curve_sampling_tolerance,source_Point_to_delivery_Point,3.097627334850841e-11
IMB,a65c2f11e587b93311cd34140847852f9e9953275d775b9789e46d4de2b8b764,188DC5,1,True,TEXT,identity,4.7302468825167466e-11,,,,within_numeric_and_curve_sampling_tolerance,source_Point_to_delivery_Point,4.7302468825167466e-11
IMB,a65dc7abc7aa32d2b932877101cb922859d0a8a8e9921b86007fcdd4b3a644cf,170977,1,True,TEXT,identity,4.89439991618336e-11,,,,within_numeric_and_curve_sampling_tolerance,source_Point_to_delivery_Point,4.89439991618336e-11
IMB,a7ad223070a18c03fa5e20d0f09477bceaf72a9c00857fdd4ed70864b229f910,1707F7,1,True,TEXT,identity,2.24996563280965e-11,,,,within_numeric_and_curve_sampling_tolerance,source_Point_to_delivery_Point,2.24996563280965e-11
IMB,a8e62575c01c9953bd885da7c15ce07afd0cb441329ec29683cba8d1f8c8b73d,17072D,1,True,TEXT,identity,2.371672018926856e-11,,,,within_numeric_and_curve_sampling_tolerance,source_Point_to_delivery_Point,2.371672018926856e-11
IMB,a96b96e6d9da70434d3016b66e39317bfa59d12dfb8f9ce9d18d66da540c2e42,170A43,1,True,TEXT,identity,7.084724382057338e-11,,,,within_numeric_and_curve_sampling_tolerance,source_Point_to_delivery_Point,7.084724382057338e-11
IMB,a9b2200e5ebef420b5a882dd66d50e72d30436a178f1a95d59b5459426eb669b,17072B,1,True,TEXT,identity,7.033752372439379e-11,,,,within_numeric_and_curve_sampling_tolerance,source_Point_to_delivery_Point,7.033752372439379e-11
IMB,aa6b59cccf62aebb447e7e7a15544b5517a9a851d47601c82e8754e18a90e9ca,1707CD,1,True,TEXT,identity,1.1504299109832135e-11,,,,within_numeric_and_curve_sampling_tolerance,source_Point_to_delivery_Point,1.1504299109832135e-11
IMB,ab8c5fb7c2cef0df9bc7c62ae2613132251da3d2a681e0b13658f9af3a2a7300,170907,1,True,TEXT,identity,3.624310710651348e-11,,,,within_numeric_and_curve_sampling_tolerance,source_Point_to_delivery_Point,3.624310710651348e-11
IMB,ac2bb63aacd3ab68286cf2deb17cd87c59fe03efed0a71ae6a75fea46bc8490e,1708F7,1,True,TEXT,identity,6.560981563551261e-11,,,,within_numeric_and_curve_sampling_tolerance,source_Point_to_delivery_Point,6.560981563551261e-11
IMB,ac48f391325b064c1cbe03d86258a1fee4262067ea67746dffb7d0ba98af6515,170A45,1,True,TEXT,identity,5.924993265544737e-11,,,,within_numeric_and_curve_sampling_tolerance,source_Point_to_delivery_Point,5.924993265544737e-11
IMB,ad88144777da16be0ccb7230b26b93e7b112d9430a43b6276124955e4b619bff,1708C1,1,True,TEXT,identity,5.0540416812327035e-11,,,,within_numeric_and_curve_sampling_tolerance,source_Point_to_delivery_Point,5.0540416812327035e-11
IMB,adef56d01623be9426352a1c9c77041f50797bdf75bfbe64856ce5066e88dbd0,170947,1,True,TEXT,identity,5.924993265544737e-11,,,,within_numeric_and_curve_sampling_tolerance,source_Point_to_delivery_Point,5.924993265544737e-11
IMB,ae1648f7bd92865caafb544514ffec7fdf9fcc8a25275c8edadc9764ba7bad6d,1708A7,1,True,TEXT,identity,4.3693624864188e-11,,,,within_numeric_and_curve_sampling_tolerance,source_Point_to_delivery_Point,4.3693624864188e-11
IMB,ae3c11bfb8d177dfde1d709beabbb966766a1b745f7066da20f64ecd51082faf,170749,1,True,TEXT,identity,4.038811914356214e-11,,,,within_numeric_and_curve_sampling_tolerance,source_Point_to_delivery_Point,4.038811914356214e-11
IMB,aec54b5e3810ab5fc5572e5f1245aaf6c1e70bc1cf3d8edff3917737f3fc1d07,170865,1,True,TEXT,identity,1.4999770885397668e-11,,,,within_numeric_and_curve_sampling_tolerance,source_Point_to_delivery_Point,1.4999770885397668e-11
IMB,af2b53df538b9d6c4a8867345cbbf56866cbe93f4c6d7d23fc30ec160c97972b,1707BD,1,True,TEXT,identity,2.782518739109647e-11,,,,within_numeric_and_curve_sampling_tolerance,source_Point_to_delivery_Point,2.782518739109647e-11
IMB,afa572ac7a6bc3f4dd517f6cd95a04330558e592cf941340483f0f62d59037ad,170837,1,True,TEXT,identity,3.45128973294964e-11,,,,within_numeric_and_curve_sampling_tolerance,source_Point_to_delivery_Point,3.45128973294964e-11
IMB,b21a82e688cc91071a438d8beff01fe2fa835694154c4172170f8331b8e953f9,170961,1,True,TEXT,identity,3.279229782005122e-11,,,,within_numeric_and_curve_sampling_tolerance,source_Point_to_delivery_Point,3.279229782005122e-11
IMB,b237b7742c775c7cfdf18db2c153d110fdee2c9705d7640e344bad7d3da9019f,17075D,1,True,TEXT,identity,2.5270208406163518e-11,,,,within_numeric_and_curve_sampling_tolerance,source_Point_to_delivery_Point,2.5270208406163518e-11
IMB,b2570925d2e0fa2f3b1fb7a8d42d3ef7646f3abfad61e36ab5f0b610c23ee370,17071B,1,True,TEXT,identity,3.4175708111535524e-11,,,,within_numeric_and_curve_sampling_tolerance,source_Point_to_delivery_Point,3.4175708111535524e-11
IMB,b27f57ccb362c83f04ab57c072d325160a9e60fb9ee6d68eec8771e61652297c,1709FB,1,True,TEXT,identity,4.964874847776148e-11,,,,within_numeric_and_curve_sampling_tolerance,source_Point_to_delivery_Point,4.964874847776148e-11
IMB,b29f453af411d93424f4f27d3b28a68826352a982e8d72858aac0cb0b9a52cf0,1707C1,1,True,TEXT,identity,3.8242062222031817e-11,,,,within_numeric_and_curve_sampling_tolerance,source_Point_to_delivery_Point,3.8242062222031817e-11
IMB,b2e558b49f30c86384c84676786970904279ce300ec8a18e3ff9c3c0990355d4,170A5B,1,True,TEXT,identity,4.833174991503774e-11,,,,within_numeric_and_curve_sampling_tolerance,source_Point_to_delivery_Point,4.833174991503774e-11
IMB,b43f17a362fe754981a0d138a43e6dbf56f538aadc6c296880d652cd6d56d998,170A67,1,True,TEXT,identity,4.067383956680332e-11,,,,within_numeric_and_curve_sampling_tolerance,source_Point_to_delivery_Point,4.067383956680332e-11
IMB,b4cb346960e58e88668a3033692f362d05b6bc3c67fe9cc95935a0a9a321bc69,170A01,1,True,TEXT,identity,4.395786517705191e-11,,,,within_numeric_and_curve_sampling_tolerance,source_Point_to_delivery_Point,4.395786517705191e-11
IMB,b4e4ef6daf73b7ea51df7a1269e7628fe37307a65ed34e0f32831e30519633c0,17070F,1,True,TEXT,identity,7.464508427322723e-11,,,,within_numeric_and_curve_sampling_tolerance,source_Point_to_delivery_Point,7.464508427322723e-11
IMB,b5cff789543ff0760d05e777532fb04a2dac32f50fbbdd588ec3b8eef83c053b,1709BD,1,True,TEXT,identity,2.033691978340166e-11,,,,within_numeric_and_curve_sampling_tolerance,source_Point_to_delivery_Point,2.033691978340166e-11
IMB,b73352b1d424aced15e1c68bad248b8fcdd4cf0394234f79727b43f7f93748a6,170815,1,True,TEXT,identity,5.3125702348589525e-11,,,,within_numeric_and_curve_sampling_tolerance,source_Point_to_delivery_Point,5.3125702348589525e-11
IMB,b792b3acb2ed48e9f3e99d784237a261efc942f263c178bcdd3fb8140caa8b7c,170873,1,True,TEXT,identity,3.8543694427820976e-11,,,,within_numeric_and_curve_sampling_tolerance,source_Point_to_delivery_Point,3.8543694427820976e-11
IMB,b7c9b51138f92de1c2c76ae8f07b6109eaf87cf006f3c741a8f6e46c6ac58aef,170957,1,True,TEXT,identity,3.279229782005122e-11,,,,within_numeric_and_curve_sampling_tolerance,source_Point_to_delivery_Point,3.279229782005122e-11
IMB,b800f84c1d858d5dcd95f7cbe36ba302d8571e090f68b0459bf703cfe130ca92,17079D,1,True,TEXT,identity,7.978710418487502e-11,,,,within_numeric_and_curve_sampling_tolerance,source_Point_to_delivery_Point,7.978710418487502e-11
IMB,b8cdd1577a3e91c8053aa5baf4085d97c81ca949c20e896c49bff363a2fb773f,170823,1,True,TEXT,identity,1.324244274525066e-11,,,,within_numeric_and_curve_sampling_tolerance,source_Point_to_delivery_Point,1.324244274525066e-11
IMB,b97ad25345e9c820f7dc41bdf4ce588834a659a325bb42121ed13499b4d8a345,170987,1,True,TEXT,identity,5.096417490175336e-11,,,,within_numeric_and_curve_sampling_tolerance,source_Point_to_delivery_Point,5.096417490175336e-11
IMB,b97d4bbe12e91e90a27f63e5a26ccd51618fa557ca4479c1af87d7ffda2b3c5c,188DD7,1,True,TEXT,identity,4.8579278376832525e-11,,,,within_numeric_and_curve_sampling_tolerance,source_Point_to_delivery_Point,4.8579278376832525e-11
IMB,bbed7f8669cf677088cd4872f0d9c6fbdf39c318655d7e9dfde94547ddbf3397,1706E7,1,True,TEXT,identity,2.5724394843074972e-12,,,,within_numeric_and_curve_sampling_tolerance,source_Point_to_delivery_Point,2.5724394843074972e-12
IMB,bc80a9970fea5fca891af56c7cc39914a8b66b07a9e2cb8d7d129080baeb7225,170831,1,True,TEXT,identity,3.513052054736903e-11,,,,within_numeric_and_curve_sampling_tolerance,source_Point_to_delivery_Point,3.513052054736903e-11
IMB,bce01cae082faa2be7ed7bf36680de0bc6eb9ef1d518471d324d4a5adebd1228,188DC3,1,True,TEXT,identity,5.475883235154604e-11,,,,within_numeric_and_curve_sampling_tolerance,source_Point_to_delivery_Point,5.475883235154604e-11
IMB,bd6fb493298b75cb717408ae425c669f74813f7f44248e929c254926a4ffc09d,170941,1,True,TEXT,identity,5.4082443047513174e-11,,,,within_numeric_and_curve_sampling_tolerance,source_Point_to_delivery_Point,5.4082443047513174e-11
IMB,bdaf1711067cad64f89c77f920256eba756b6a5936a308021271b25a26b5f66a,170979,1,True,TEXT,identity,3.10829045531774e-11,,,,within_numeric_and_curve_sampling_tolerance,source_Point_to_delivery_Point,3.10829045531774e-11
IMB,be3451609ac8a4fc4ec70b78664483bb12ea87ab3f899329f589075120500c24,170985,1,True,TEXT,identity,5.472105460827633e-11,,,,within_numeric_and_curve_sampling_tolerance,source_Point_to_delivery_Point,5.472105460827633e-11
IMB,bebb853d02d3979218958bcf44d295fe8472e8e396cc880b3f6ca5331869b9b0,1707C5,1,True,TEXT,identity,6.431098710768743e-11,,,,within_numeric_and_curve_sampling_tolerance,source_Point_to_delivery_Point,6.431098710768743e-11
IMB,bfa26662cff02d76367534e0d94d06384e49ebde4cc648e35a81b34b4da74acd,17082B,1,True,TEXT,identity,4.994773996348515e-11,,,,within_numeric_and_curve_sampling_tolerance,source_Point_to_delivery_Point,4.994773996348515e-11
IMB,bfcf349db0343ea7df092af9c15391146252dd5e79a53a0e6158428b3f913b6f,17083F,1,True,TEXT,identity,3.097627334850841e-11,,,,within_numeric_and_curve_sampling_tolerance,source_Point_to_delivery_Point,3.097627334850841e-11
IMB,bfe73d3f00e2dc7f7ea9477d0bfb4b4c2fa33406dd0e900f6ed90a1acdf5c362,170A4F,1,True,TEXT,identity,2.329443027495599e-11,,,,within_numeric_and_curve_sampling_tolerance,source_Point_to_delivery_Point,2.329443027495599e-11
IMB,c024fce4e2990e2205f292d4080ebd5b1b028da6a72ecc4dcef8c3b17d41a2d2,1707EB,1,True,TEXT,identity,4.6482209069583906e-11,,,,within_numeric_and_curve_sampling_tolerance,source_Point_to_delivery_Point,4.6482209069583906e-11
IMB,c1a47b54ba1fae3eee24542c052d59dd732d5a6314139222e6207040c25ed8bf,1707A5,1,True,TEXT,identity,3.339220666145742e-11,,,,within_numeric_and_curve_sampling_tolerance,source_Point_to_delivery_Point,3.339220666145742e-11
IMB,c1bb0285f068d89b8cf087f0a9cc888aa003690a6a381fe86a8f592fe84583e3,1708D3,1,True,TEXT,identity,5.98334161746553e-11,,,,within_numeric_and_curve_sampling_tolerance,source_Point_to_delivery_Point,5.98334161746553e-11
IMB,c1cfa763d80f93244c16a1b6ae9a3d3e213f21acf3d30d91994800817c635351,1708BF,1,True,TEXT,identity,2.000888343900442e-11,,,,within_numeric_and_curve_sampling_tolerance,source_Point_to_delivery_Point,2.000888343900442e-11
IMB,c20de2175ae1c129a87a34f36eb90ee41be1eb75be8b7907941904f5ab692261,188D9F,1,True,TEXT,identity,3.7322542136613616e-11,,,,within_numeric_and_curve_sampling_tolerance,source_Point_to_delivery_Point,3.7322542136613616e-11
IMB,c31a81be91d6f3fd3797f8d6927be3ec469a6e0523c8afc5e64d074bc5986ead,1707A7,1,True,TEXT,identity,1.9336122591511685e-11,,,,within_numeric_and_curve_sampling_tolerance,source_Point_to_delivery_Point,1.9336122591511685e-11
IMB,c535e2d2a75bb56513a57185b43d6d6db54d11e97453a89a9c94090db9a45b96,170781,1,True,TEXT,identity,5.472105460827633e-11,,,,within_numeric_and_curve_sampling_tolerance,source_Point_to_delivery_Point,5.472105460827633e-11
IMB,c5724c9177dc25fb59b9483456268aad99e5c69e810ac0fac3421567a3565ade,170915,1,True,TEXT,identity,1.72564486647482e-11,,,,within_numeric_and_curve_sampling_tolerance,source_Point_to_delivery_Point,1.72564486647482e-11
IMB,c5cee5263f100b1b7164f60f6333a9b8ce655a5d6f25c4aa0b6467f15e5ce41d,1709C5,1,True,TEXT,identity,3.905535878144999e-11,,,,within_numeric_and_curve_sampling_tolerance,source_Point_to_delivery_Point,3.905535878144999e-11
IMB,c5d6b136c8b803fb6fe8a27fcdf50ee86e27fcbe17bc7fe07fbcf3defb2955da,1707D9,1,True,TEXT,identity,1.1504299109832135e-11,,,,within_numeric_and_curve_sampling_tolerance,source_Point_to_delivery_Point,1.1504299109832135e-11
IMB,c60aaca96c843b034995b73db4906b60744f0d13efb01401634eba31c6c75500,170723,1,True,TEXT,identity,7.332580706405269e-11,,,,within_numeric_and_curve_sampling_tolerance,source_Point_to_delivery_Point,7.332580706405269e-11
IMB,c6ff19644be44b573b26a5bae51624d4ec06a236d7012fcfe3d9d04403634d53,1707D5,1,True,TEXT,identity,3.7322542136613616e-11,,,,within_numeric_and_curve_sampling_tolerance,source_Point_to_delivery_Point,3.7322542136613616e-11
IMB,c7046a2da1e1eb652c60c7b44896d8553180e3589c2969a8c4c24f0778538ac4,188DD5,1,True,TEXT,identity,3.837162350415199e-11,,,,within_numeric_and_curve_sampling_tolerance,source_Point_to_delivery_Point,3.837162350415199e-11
IMB,c78bf56f4a5d9b824f9f122234714fa6386941343407e91e722b3b3306e518b5,1707FB,1,True,TEXT,identity,5.523261807207373e-11,,,,within_numeric_and_curve_sampling_tolerance,source_Point_to_delivery_Point,5.523261807207373e-11
IMB,c828f3df93e8137cfa4d0501e434ef5669b543e740f8624b24d479bcb5ae09e3,1709E9,1,True,TEXT,identity,5.4841851785318194e-11,,,,within_numeric_and_curve_sampling_tolerance,source_Point_to_delivery_Point,5.4841851785318194e-11
IMB,c922a35b487b51da5f56eb4883fd44b3abdc12d0b4df3da6b8a5609aa2c7dd6a,17091B,1,True,TEXT,identity,5.031076102000709e-11,,,,within_numeric_and_curve_sampling_tolerance,source_Point_to_delivery_Point,5.031076102000709e-11
IMB,c993d7f8d600c1848e4c0481149c7842d7ab1031cf0631bccc5047c7ed38e74a,17079B,1,True,TEXT,identity,5.3125702348589525e-11,,,,within_numeric_and_curve_sampling_tolerance,source_Point_to_delivery_Point,5.3125702348589525e-11
IMB,cb71403508e6b1a064776260298012fae3c9b268e9ad045bfac9d049ac39d2b7,170891,1,True,TEXT,identity,2.009139464860211e-11,,,,within_numeric_and_curve_sampling_tolerance,source_Point_to_delivery_Point,2.009139464860211e-11
IMB,cb9ace2e98cb473d589315074841b65a2adb5af13cc790348b26c9e3247749c6,170803,1,True,TEXT,identity,2.033691978340166e-11,,,,within_numeric_and_curve_sampling_tolerance,source_Point_to_delivery_Point,2.033691978340166e-11
IMB,ccf09d813b2152eac23c23f309c6abc01360065d9ff220a17fa1ea3a38d332db,1709D7,1,True,TEXT,identity,5.386789014650584e-11,,,,within_numeric_and_curve_sampling_tolerance,source_Point_to_delivery_Point,5.386789014650584e-11
IMB,cda632ff62ded4307c1666edce344ba6a0b6548616feadb5180fe2c1a35f1dd7,170A15,1,True,TEXT,identity,4.6303910717534946e-11,,,,within_numeric_and_curve_sampling_tolerance,source_Point_to_delivery_Point,4.6303910717534946e-11
IMB,cdff95b62d4d9342b750c7f03ea8632d2af646a01b40473a3e184339044a436f,170A6D,1,True,TEXT,identity,4.281392574171994e-11,,,,within_numeric_and_curve_sampling_tolerance,source_Point_to_delivery_Point,4.281392574171994e-11
IMB,ce5e9e64254ad6e95ccea45aa384a0a5557341aecf60712fa2a9f0b126b2e559,17085F,1,True,TEXT,identity,4.834030647877921e-11,,,,within_numeric_and_curve_sampling_tolerance,source_Point_to_delivery_Point,4.834030647877921e-11
IMB,d0d896230ecec51f9b24c0632d48ccc4b3f61c7f49ba09bf1a863242078f3221,188DD9,1,True,TEXT,identity,6.208592154826333e-11,,,,within_numeric_and_curve_sampling_tolerance,source_Point_to_delivery_Point,6.208592154826333e-11
IMB,d0f6cdcc97b7f5e18dc80b86c42a766e20b5a4dc1da75dd46b26cc9f297337b1,17071F,1,True,TEXT,identity,4.570154315443183e-11,,,,within_numeric_and_curve_sampling_tolerance,source_Point_to_delivery_Point,4.570154315443183e-11
IMB,d13793fd99af4e107846cce57c574d0ccd713b089f885dbedb1060017389c84e,188DCF,1,True,TEXT,identity,5.067118136934048e-11,,,,within_numeric_and_curve_sampling_tolerance,source_Point_to_delivery_Point,5.067118136934048e-11
IMB,d235cd389e0553890abe9c96589c6b61e56e087080d03deeb9c17da84565debb,170913,1,True,TEXT,identity,4.743344037853712e-11,,,,within_numeric_and_curve_sampling_tolerance,source_Point_to_delivery_Point,4.743344037853712e-11
IMB,d29b3b49550fc89e84c6141b48a12af234740881e2106b85c98236065846ffc9,17073B,1,True,TEXT,identity,1.8661271068306808e-11,,,,within_numeric_and_curve_sampling_tolerance,source_Point_to_delivery_Point,1.8661271068306808e-11
IMB,d2da7af1a3a254f06c8e3ab167add0f1a982e01834df4a9fa9bfccca6853a7a6,170983,1,True,TEXT,identity,4.547473508864641e-11,,,,within_numeric_and_curve_sampling_tolerance,source_Point_to_delivery_Point,4.547473508864641e-11
IMB,d3168a31f4ca7b09c8b99c32cac8fd4b426cd3ecf7939fad1e436045939ff77e,1708AF,1,True,TEXT,identity,2.9330322825621076e-11,,,,within_numeric_and_curve_sampling_tolerance,source_Point_to_delivery_Point,2.9330322825621076e-11
IMB,d3258bd7bb5b4c3d096bd8f8ef46c76b9fcb023c3c46008a3e8b99b1362e6e38,170A2D,1,True,TEXT,identity,5.4082443047513174e-11,,,,within_numeric_and_curve_sampling_tolerance,source_Point_to_delivery_Point,5.4082443047513174e-11
IMB,d3451ae97bdd3b0e163400de76a73907620c509a951b4fab668d3eceda778024,1708EF,1,True,TEXT,identity,4.395786517705191e-11,,,,within_numeric_and_curve_sampling_tolerance,source_Point_to_delivery_Point,4.395786517705191e-11
IMB,d46fc299499f986d43a6c9bedbd688bfa58ea9b7e690500d638a163b28f7d551,188D77,1,True,TEXT,identity,4.425792234759297e-11,,,,within_numeric_and_curve_sampling_tolerance,source_Point_to_delivery_Point,4.425792234759297e-11
IMB,d5570a285207aadf19acc8207c22bf7a9970cb59672ab65d028ccafd3ef149ec,170707,1,True,TEXT,identity,4.067383956680332e-12,,,,within_numeric_and_curve_sampling_tolerance,source_Point_to_delivery_Point,4.067383956680332e-12
IMB,d68f4868c4307fe9fc56b759acdb4916446ad0e814a379a1c9b3c4223a7a1fb0,170793,1,True,TEXT,identity,3.1767284229450486e-11,,,,within_numeric_and_curve_sampling_tolerance,source_Point_to_delivery_Point,3.1767284229450486e-11
IMB,d7acafc09ade950852c66eddd45ddd3066dfac381029494ec76e313fd209d15f,170819,1,True,TEXT,identity,4.018278929720422e-11,,,,within_numeric_and_curve_sampling_tolerance,source_Point_to_delivery_Point,4.018278929720422e-11
IMB,d80bdfdb4e8bbeb1ee9d1a1a112e424a91c3bf495cce27b23eccc144ece09b06,170811,1,True,TEXT,identity,6.098363742872684e-11,,,,within_numeric_and_curve_sampling_tolerance,source_Point_to_delivery_Point,6.098363742872684e-11
IMB,d86f2cd8b11d4a4d29f1755de8ce335bde50dfd85a8f0dbf021d6393013a1308,1708CD,1,True,TEXT,identity,5.650590380176824e-11,,,,within_numeric_and_curve_sampling_tolerance,source_Point_to_delivery_Point,5.650590380176824e-11
IMB,d8c623ced1222a79417f1cfa85539ec261fa9825499db4c2e4bc95392ec08191,170711,1,True,TEXT,identity,6.173854762337992e-11,,,,within_numeric_and_curve_sampling_tolerance,source_Point_to_delivery_Point,6.173854762337992e-11
IMB,d8e1564ebf63e2f28dd701ee4f93cee010b033f05525dff13d8dd16ace0a582e,1709B5,1,True,TEXT,identity,4.15590317381279e-11,,,,within_numeric_and_curve_sampling_tolerance,source_Point_to_delivery_Point,4.15590317381279e-11
IMB,db17f95b5ddae040406b7c4d2589a2f8396a5217074834f918169b553bfe41e0,17090D,1,True,TEXT,identity,5.64766185425834e-11,,,,within_numeric_and_curve_sampling_tolerance,source_Point_to_delivery_Point,5.64766185425834e-11
IMB,db8c4d236d3e078b9de602c0a47db1a5a87f5977a96f121ca2f0591b30c1b55e,170991,1,True,TEXT,identity,5.426567036984597e-11,,,,within_numeric_and_curve_sampling_tolerance,source_Point_to_delivery_Point,5.426567036984597e-11
IMB,dc12fdec287e61e08d2a30f61c71590e35d0ffbc2830b3052ece076cb8cf8baf,1709D5,1,True,TEXT,identity,5.170539372030142e-11,,,,within_numeric_and_curve_sampling_tolerance,source_Point_to_delivery_Point,5.170539372030142e-11
IMB,dc19981c92642ed1a2fdf2c81d02686fd97d6949f048ef8acf96f291f870b26d,170903,1,True,TEXT,identity,3.092281986027956e-11,,,,within_numeric_and_curve_sampling_tolerance,source_Point_to_delivery_Point,3.092281986027956e-11
IMB,dc7efe300a9c30244270ac15f212494f71266e8c3cbc09f632b1c6a65bcfcd36,170839,1,True,TEXT,identity,3.432062342492501e-11,,,,within_numeric_and_curve_sampling_tolerance,source_Point_to_delivery_Point,3.432062342492501e-11
IMB,dd338141914664191aaf72727818e85277b8f7f7f4bb2d492cecc6c213e73efd,170A27,1,True,TEXT,identity,5.711742585156601e-11,,,,within_numeric_and_curve_sampling_tolerance,source_Point_to_delivery_Point,5.711742585156601e-11
IMB,dd3630a1340cdb09ef618ef1d1c133d1a38a64d12f3742e15e65f5dfd66a21f8,1709A3,1,True,TEXT,identity,3.5876078842768076e-11,,,,within_numeric_and_curve_sampling_tolerance,source_Point_to_delivery_Point,3.5876078842768076e-11
IMB,e09f3fb05f84ae752ef63ba53616dd75e923a80b19da30f451d5d4aed20408b8,17078F,1,True,TEXT,identity,7.021393345210084e-11,,,,within_numeric_and_curve_sampling_tolerance,source_Point_to_delivery_Point,7.021393345210084e-11
IMB,e0c7a820bf423d7b2dd0948edfdfb66530f573151f378bdadf96122cd5d1beb3,170703,1,True,TEXT,identity,2.1903532940618417e-11,,,,within_numeric_and_curve_sampling_tolerance,source_Point_to_delivery_Point,2.1903532940618417e-11
IMB,e13ec2e16ff2de3c36c10964bb177a5261c929c447d0cb3b0fd749d1c5699d2c,1709D1,1,True,TEXT,identity,3.10829045531774e-11,,,,within_numeric_and_curve_sampling_tolerance,source_Point_to_delivery_Point,3.10829045531774e-11
IMB,e2a2e89b3e212eec4e8c855bb84e0c19ed4d975f22fa24acab81c21d6e37a619,170949,1,True,TEXT,identity,1.4999770885397668e-11,,,,within_numeric_and_curve_sampling_tolerance,source_Point_to_delivery_Point,1.4999770885397668e-11
IMB,e30cf7b6e91f710c945fd089a05571f26d339f6e90b16995332e21d5a66bda67,1707B9,1,True,TEXT,identity,7.464508427322723e-11,,,,within_numeric_and_curve_sampling_tolerance,source_Point_to_delivery_Point,7.464508427322723e-11
IMB,e3583e74162a6129cf02ccf1d11c9385385b8b22d0bacef86d245c409ab762d9,188DAD,1,True,TEXT,identity,5.8015497175136485e-11,,,,within_numeric_and_curve_sampling_tolerance,source_Point_to_delivery_Point,5.8015497175136485e-11
IMB,e37780d4f8fb8028666db4e621ad0a744c797a2811cea8684d5637a1203f2229,170853,1,True,TEXT,identity,3.892807318885879e-11,,,,within_numeric_and_curve_sampling_tolerance,source_Point_to_delivery_Point,3.892807318885879e-11
IMB,e379d7c90bd94c2f2f158afa798facefaf9544938fc610804843b73fbc6fa366,188D7B,1,True,TEXT,identity,2.8471687696762326e-11,,,,within_numeric_and_curve_sampling_tolerance,source_Point_to_delivery_Point,2.8471687696762326e-11
IMB,e3ebfeea52c37f7cdadd173c4079d0f27b68a44fbd1711d3c47fc205f420f912,188DAB,1,True,TEXT,identity,5.823607568738997e-11,,,,within_numeric_and_curve_sampling_tolerance,source_Point_to_delivery_Point,5.823607568738997e-11
IMB,e460447ef5cc8ce326f768f6ea6062739a53b73b4095b773bf3150d53f80f2b5,1709B9,1,True,TEXT,identity,5.579881562945217e-11,,,,within_numeric_and_curve_sampling_tolerance,source_Point_to_delivery_Point,5.579881562945217e-11
IMB,e474bc16f6a52b83021c8fad1bcf65dcc8c50ee4f25570c6ce5332928b696d24,1709DF,1,True,TEXT,identity,3.683172823242164e-11,,,,within_numeric_and_curve_sampling_tolerance,source_Point_to_delivery_Point,3.683172823242164e-11
IMB,e585e964a9407b1625cd50bc9cc90842bd8caa2a2bbd7a10fea6f5883bc5cbe5,1897E0,1,True,TEXT,identity,3.8543694427820976e-11,,,,within_numeric_and_curve_sampling_tolerance,source_Point_to_delivery_Point,3.8543694427820976e-11
IMB,e588182a4d798865e39672fe6b8c1def302456b7b29c9bed0617bcc014258264,1706F7,1,True,TEXT,identity,4.658886054991198e-11,,,,within_numeric_and_curve_sampling_tolerance,source_Point_to_delivery_Point,4.658886054991198e-11
IMB,e5e759a53bcb473959b308739d8cadc817c593d308098e5b7ad306d9b4fce356,170A33,1,True,TEXT,identity,5.275069270282984e-11,,,,within_numeric_and_curve_sampling_tolerance,source_Point_to_delivery_Point,5.275069270282984e-11
IMB,e64496cb5074a821d0e744843cdddbc6050b925b34f71dfd5c3d2de5db8621d9,1707D7,1,True,TEXT,identity,4.732869213060508e-11,,,,within_numeric_and_curve_sampling_tolerance,source_Point_to_delivery_Point,4.732869213060508e-11
IMB,e6d51ef0989b142ad6ff06f473bfc2c98246a583bafeabbb5e676c818d2787dd,1709E3,1,True,TEXT,identity,3.432062342492501e-11,,,,within_numeric_and_curve_sampling_tolerance,source_Point_to_delivery_Point,3.432062342492501e-11
IMB,e743cf1084828c6fc97eaea148087ab7a71ba795b869952e8977fba59fbb67f4,188D93,1,True,TEXT,identity,6.510991198991338e-11,,,,within_numeric_and_curve_sampling_tolerance,source_Point_to_delivery_Point,6.510991198991338e-11
IMB,e7bd71c5e51692fb877952290fa1983b49b0750a99a134f0fdf2821a929e0657,188D8D,1,True,TEXT,identity,4.8237527539371946e-11,,,,within_numeric_and_curve_sampling_tolerance,source_Point_to_delivery_Point,4.8237527539371946e-11
IMB,e7e2707883b34ae09b1a226ae68a10b4eb5436d4865fd10864566da044a454a7,188D7D,1,True,TEXT,identity,5.4577260702635603e-11,,,,within_numeric_and_curve_sampling_tolerance,source_Point_to_delivery_Point,5.4577260702635603e-11
IMB,e8996814bafb249ae96995cba59897e8430d475a4220ab15c8d673a1952d6578,188D89,1,True,TEXT,identity,6.345640410477212e-11,,,,within_numeric_and_curve_sampling_tolerance,source_Point_to_delivery_Point,6.345640410477212e-11
IMB,e8bcf31ad5e0f96a75394ce155ad34df17f5f8d082b819361aecdbfff9bcdac9,170929,1,True,TEXT,identity,5.708845429208019e-11,,,,within_numeric_and_curve_sampling_tolerance,source_Point_to_delivery_Point,5.708845429208019e-11
IMB,e970b8fc0fd153a73abeef86a5aa06ed8f72a756e2e43fb54b4302a1b9da7508,188D91,1,True,TEXT,identity,5.506012118590774e-11,,,,within_numeric_and_curve_sampling_tolerance,source_Point_to_delivery_Point,5.506012118590774e-11
IMB,e978693039da39a2c9bdfd014c6471277abe35032224a2fe0d223062bf865417,17078B,1,True,TEXT,identity,3.113608321404843e-11,,,,within_numeric_and_curve_sampling_tolerance,source_Point_to_delivery_Point,3.113608321404843e-11
IMB,e9da21d1c60aa188501295e2e8534165c2024fee8863b2c489934d9ec00ef1b6,1706EF,1,True,TEXT,identity,3.500077837978798e-11,,,,within_numeric_and_curve_sampling_tolerance,source_Point_to_delivery_Point,3.500077837978798e-11
IMB,eb352218119303ccfb478895ed4857bffd239eff4e8944f23125ede68acb1a0b,170A11,1,True,TEXT,identity,3.993499994994663e-11,,,,within_numeric_and_curve_sampling_tolerance,source_Point_to_delivery_Point,3.993499994994663e-11
IMB,eb71fc13346531a9f7afb8b769cb9dd412fee1dd98cf689f69b8500d6756021d,1707EF,1,True,TEXT,identity,4.729372449219227e-11,,,,within_numeric_and_curve_sampling_tolerance,source_Point_to_delivery_Point,4.729372449219227e-11
IMB,ebbd77856563528f1ca2ebef250548e47a9136618cbcee1aba4be150d532b42c,1707CB,1,True,TEXT,identity,1.2202151870040997e-11,,,,within_numeric_and_curve_sampling_tolerance,source_Point_to_delivery_Point,1.2202151870040997e-11
IMB,ec68f761e8200d5faccc2330e0cc067a36791f48b755195f3a76f03684aa349b,1709BB,1,True,TEXT,identity,5.922200433305882e-11,,,,within_numeric_and_curve_sampling_tolerance,source_Point_to_delivery_Point,5.922200433305882e-11
IMB,ed11d2ec22e7d878f4cbc46fb00872054797542fc0e7ebe36108b057407244c0,191F4F,1,True,TEXT,identity,7.846994634791551e-11,,,,within_numeric_and_curve_sampling_tolerance,source_Point_to_delivery_Point,7.846994634791551e-11
IMB,edffa5cf7c08c0674c59c402a770e921b44510968ba1913b93f44a8b898268c9,170A4D,1,True,TEXT,identity,3.1295077013210636e-11,,,,within_numeric_and_curve_sampling_tolerance,source_Point_to_delivery_Point,3.1295077013210636e-11
IMB,ef33e931441054cfc07d04bd9e8c5394d80158f2fb068f553ac6a492c2dfd28c,188DCD,1,True,TEXT,identity,5.469837543843785e-11,,,,within_numeric_and_curve_sampling_tolerance,source_Point_to_delivery_Point,5.469837543843785e-11
IMB,efab6ce64ed331f51e3562c3ef7dda5efa513d91fd9d7929b0fab697582b70a0,170953,1,True,TEXT,identity,4.0059086214651396e-11,,,,within_numeric_and_curve_sampling_tolerance,source_Point_to_delivery_Point,4.0059086214651396e-11
IMB,efbc3fb5e596c0547a5c66951038ce52e0ead28dfa9143ea979e74805c1abd36,17072F,1,True,TEXT,identity,5.322681277320783e-11,,,,within_numeric_and_curve_sampling_tolerance,source_Point_to_delivery_Point,5.322681277320783e-11
IMB,f0bbecde5ac8f5f02be916926ec382e060fa19427bac61b663a4963924d01abf,17099F,1,True,TEXT,identity,3.494164541243398e-11,,,,within_numeric_and_curve_sampling_tolerance,source_Point_to_delivery_Point,3.494164541243398e-11
IMB,f11aef46454e6ee9bc6ded7341a3ef03fa8e3061b17e5fcec850cce52d61e5ff,188DBB,1,True,TEXT,identity,5.565037478219294e-11,,,,within_numeric_and_curve_sampling_tolerance,source_Point_to_delivery_Point,5.565037478219294e-11
IMB,f261e4696716dd930caef5eb962c5df062f4cb271ac76d33ac767cbd4ef18e33,188DA5,1,True,TEXT,identity,3.1676017474215765e-11,,,,within_numeric_and_curve_sampling_tolerance,source_Point_to_delivery_Point,3.1676017474215765e-11
IMB,f30e6850850da31647db323436fcf7682a9dddfabda9e6d693fde6bff7d089ad,1897D4,1,True,TEXT,identity,5.6035503078417106e-11,,,,within_numeric_and_curve_sampling_tolerance,source_Point_to_delivery_Point,5.6035503078417106e-11
IMB,f3415c49dc1f8c53b9bcbb2d45db517564cd005d0ce728110e0d0bfe533c63e5,1708DB,1,True,TEXT,identity,4.7223711538198296e-11,,,,within_numeric_and_curve_sampling_tolerance,source_Point_to_delivery_Point,4.7223711538198296e-11
IMB,f4b2d8036382b50db0bfcfd12cf7ae068b350a584583a601dd45a49a22e1a72e,1706ED,1,True,TEXT,identity,2.9330322825621076e-11,,,,within_numeric_and_curve_sampling_tolerance,source_Point_to_delivery_Point,2.9330322825621076e-11
IMB,f53a077a0ec2a18042c22996e39dd1d62d4eacd14b9c1610ea85e7bb44ae5e74,170971,1,True,TEXT,identity,3.749942721349417e-11,,,,within_numeric_and_curve_sampling_tolerance,source_Point_to_delivery_Point,3.749942721349417e-11
IMB,f649e11d51067ebdd7fac68b36d235c408ce16171234541c94466be29782e816,170805,1,True,TEXT,identity,5.5680094610630355e-11,,,,within_numeric_and_curve_sampling_tolerance,source_Point_to_delivery_Point,5.5680094610630355e-11
IMB,f694af7556a557a48b7ee16727ab3f766a5f66fd2eaf243f39219a37b6c204aa,170785,1,True,TEXT,identity,4.601719643932854e-11,,,,within_numeric_and_curve_sampling_tolerance,source_Point_to_delivery_Point,4.601719643932854e-11
IMB,f813115767fce13e7c8084eac5181255dc9b598cf698d118060230eb05b4540c,1707AB,1,True,TEXT,identity,2.983364441544241e-11,,,,within_numeric_and_curve_sampling_tolerance,source_Point_to_delivery_Point,2.983364441544241e-11
IMB,f8196081a6aa06eee7f95fe8e9ca61cb5a82405ed0ea8dfc5f27f2ccc48346b1,1707A1,1,True,TEXT,identity,4.0059086214651396e-11,,,,within_numeric_and_curve_sampling_tolerance,source_Point_to_delivery_Point,4.0059086214651396e-11
IMB,f94e2d4cbb2b49d430dff3952f3e5eaade3a9481441e50f808df68249abd7730,170A1D,1,True,TEXT,identity,2.685705669179406e-11,,,,within_numeric_and_curve_sampling_tolerance,source_Point_to_delivery_Point,2.685705669179406e-11
IMB,f9a379f3799df6116e82f03ba659f10e82641e046982ac203bcc751754160bf9,170945,1,True,TEXT,identity,5.4082443047513174e-11,,,,within_numeric_and_curve_sampling_tolerance,source_Point_to_delivery_Point,5.4082443047513174e-11
IMB,f9a5788e525faf18dbcec98807c970cb32cbbcdeb9ccc37c019ca340eb923afb,1706E3,1,True,TEXT,identity,3.498895978131503e-11,,,,within_numeric_and_curve_sampling_tolerance,source_Point_to_delivery_Point,3.498895978131503e-11
IMB,f9ff3030ad08697ee9dea829f795fb6300d19d2c736f9059cc705a4906a8f17f,170883,1,True,TEXT,identity,5.752149554916067e-11,,,,within_numeric_and_curve_sampling_tolerance,source_Point_to_delivery_Point,5.752149554916067e-11
IMB,fa6579feb848a23167ae8bab908476816091e9ab6e15b3e25a8235d697b751a9,170923,1,True,TEXT,identity,5.057313964956063e-11,,,,within_numeric_and_curve_sampling_tolerance,source_Point_to_delivery_Point,5.057313964956063e-11
IMB,faf69ef5082f80cb09eb15e38cf2020352aec1bbb93dc8a1bcd3103437413c93,1706F1,1,True,TEXT,identity,5.287599143684432e-11,,,,within_numeric_and_curve_sampling_tolerance,source_Point_to_delivery_Point,5.287599143684432e-11
IMB,fba4286902209227b72315d3c6d267a6d23640ed0b1828b298b74955d462f9d2,17084F,1,True,TEXT,identity,6.864124684985002e-11,,,,within_numeric_and_curve_sampling_tolerance,source_Point_to_delivery_Point,6.864124684985002e-11
IMB,fba8f75f4b9fe64430df2d1272534888465cc7935cf6310f9ee72e80ad02e647,170735,1,True,TEXT,identity,3.10829045531774e-11,,,,within_numeric_and_curve_sampling_tolerance,source_Point_to_delivery_Point,3.10829045531774e-11
IMB,fbb8c4b6ee6985a2233dd8a1df03d68069f07b66054ec5b378f9711aa0758a88,1709F9,1,True,TEXT,identity,4.994773996348515e-11,,,,within_numeric_and_curve_sampling_tolerance,source_Point_to_delivery_Point,4.994773996348515e-11
IMB,fc3e593d59e42d074d10a9281ec559b2bd36795896eab125b5bf314318233b5a,170921,1,True,TEXT,identity,6.678441332291484e-11,,,,within_numeric_and_curve_sampling_tolerance,source_Point_to_delivery_Point,6.678441332291484e-11
IMB,fc7ff3787a513c672b2f864c2a6a41a32fc0d6739ead5eda564b0018f17da1de,1708C7,1,True,TEXT,identity,6.101075935020498e-11,,,,within_numeric_and_curve_sampling_tolerance,source_Point_to_delivery_Point,6.101075935020498e-11
IMB,fcb44011587ee5d1752bddb19366d152d9415da2ffa8d7c23de42f9ebcefc67d,1709FF,1,True,TEXT,identity,5.17693459942446e-11,,,,within_numeric_and_curve_sampling_tolerance,source_Point_to_delivery_Point,5.17693459942446e-11
IMB,fd7154ad2fe85a6273c978b54c82662151cc6b9c230419e7c3406c76a0a7265a,17081B,1,True,TEXT,identity,2.938667316157718e-11,,,,within_numeric_and_curve_sampling_tolerance,source_Point_to_delivery_Point,2.938667316157718e-11
IMB,fdd67af2f8993321d460fdfa4477045037e1a943bc5f0d3bfa06a25ab73ec616,188D83,1,True,TEXT,identity,6.876164905929108e-11,,,,within_numeric_and_curve_sampling_tolerance,source_Point_to_delivery_Point,6.876164905929108e-11
IMB,fded521286db55f66042527ff29b51690ea7af5e185b917fb2b4af5ebfbf13a4,1706F5,1,True,TEXT,identity,1.3116919128020487e-11,,,,within_numeric_and_curve_sampling_tolerance,source_Point_to_delivery_Point,1.3116919128020487e-11
IMB,fe6e2250dcb171f8c067b547b43eac9b75fdab662b9beb34cd1f071cf97a1cef,188DB7,1,True,TEXT,identity,7.045502718706962e-11,,,,within_numeric_and_curve_sampling_tolerance,source_Point_to_delivery_Point,7.045502718706962e-11
IMB,feab40b609c0c00049d37ab766cf8aed12576af7b628baa4d1b1ccff6531f736,188D8B,1,True,TEXT,identity,2.9118037843694986e-11,,,,within_numeric_and_curve_sampling_tolerance,source_Point_to_delivery_Point,2.9118037843694986e-11
IMB,fedc75da3a25a8a17632040584f2f92509b2143b8e22f31a22d2693523af64eb,188D95,1,True,TEXT,identity,9.094947017729282e-12,,,,within_numeric_and_curve_sampling_tolerance,source_Point_to_delivery_Point,9.094947017729282e-12
IMB,ff003e2ce7b2a0f8acd846a3bc4a657254d27c83266496e7641235bd4d264482,170721,1,True,TEXT,identity,2.7706021158751932e-11,,,,within_numeric_and_curve_sampling_tolerance,source_Point_to_delivery_Point,2.7706021158751932e-11
IMB,ff70573304ccff7df4e544f95e9589088fded98680ff2c15b3559099289131e8,17097F,1,True,TEXT,identity,3.7455284258565374e-11,,,,within_numeric_and_curve_sampling_tolerance,source_Point_to_delivery_Point,3.7455284258565374e-11
IMB,ffd03e9cec76dbe1e6c5e6f30ff76c310bb604de99a2bed2117968602ec168bb,188DB3,1,True,TEXT,identity,2.648488549050132e-11,,,,within_numeric_and_curve_sampling_tolerance,source_Point_to_delivery_Point,2.648488549050132e-11
IMB,ffd7f9237d107fa7b3336d19366d5e50d2384b98ad7b9f1f87df773581e9fde9,170719,1,True,TEXT,identity,1.8550124927397645e-11,,,,within_numeric_and_curve_sampling_tolerance,source_Point_to_delivery_Point,1.8550124927397645e-11
INFRASTRUCTURE,02d5b185ab5c698ac2551028550ff768a5af17205aa1301c8a6c86bae88dfffa,1B2A01,1,True,LWPOLYLINE,identity,5.296977098100264e-11,34.18333402515586,34.18333402510986,4.6000536713108886e-11,within_numeric_and_curve_sampling_tolerance,source_LineString_to_delivery_LineString,
INFRASTRUCTURE,088e1324db3029d23ef2880a6f82f18aa8aebd581ebb4cd52168afa9f40fd90a,1B3406,1,True,LWPOLYLINE,identity,6.864124684985002e-11,41.932528285962476,41.93252828596656,-4.085620730620576e-12,within_numeric_and_curve_sampling_tolerance,source_LineString_to_delivery_LineString,
INFRASTRUCTURE,0ab4a81953fc11de7f5e87c8f2fee6c3749e3f4ade9c9acebb4afcd96da32c17,1B2A02,1,True,LWPOLYLINE,identity,5.638867150992155e-11,30.806266650465414,30.806266650554516,-8.910205906431656e-11,within_numeric_and_curve_sampling_tolerance,source_LineString_to_delivery_LineString,
INFRASTRUCTURE,0d163a27e77e490adb88f17471bf7eb8d3704cbd967778833557e5f622c5b7d5,1B29EE,1,True,LWPOLYLINE,identity,7.000155675957597e-11,70.81473268018257,70.81473268017666,5.9117155615240335e-12,within_numeric_and_curve_sampling_tolerance,source_LineString_to_delivery_LineString,
INFRASTRUCTURE,0e2c81092555bbaeb14eaa520c7b0b9272419e18ca967d49a4270f084ae71e68,1B29DB,1,True,LWPOLYLINE,identity,5.958405146578734e-11,47.46238969559837,47.4623896956839,-8.553513453080086e-11,within_numeric_and_curve_sampling_tolerance,source_LineString_to_delivery_LineString,
INFRASTRUCTURE,0fd3ce6ed2b0e21c3ecd53875ae455c4d5b8593e1f561d8ce7fb28fd1b8ad02e,1B1FD5,1,True,LWPOLYLINE,identity,6.046600952175017e-11,109.91834168903452,109.91834168897819,5.633182809106074e-11,within_numeric_and_curve_sampling_tolerance,source_LineString_to_delivery_LineString,
INFRASTRUCTURE,10513cc77de4c9ecfcb2cee81a419e6e71ebaaed0c8aad4ad776440bcb1ea5ed,1B2A04,1,True,LWPOLYLINE,identity,5.144878968614994e-11,40.09074328569315,40.09074328570369,-1.0537348771322286e-11,within_numeric_and_curve_sampling_tolerance,source_LineString_to_delivery_LineString,
INFRASTRUCTURE,119cf1966668a395803d2ccda89c612653b277f464a576ffa823ddf388e1b0ad,1B1FCE,1,True,LWPOLYLINE,identity,3.5876078842768076e-11,70.08841818086509,70.08841818085872,6.366462912410498e-12,within_numeric_and_curve_sampling_tolerance,source_LineString_to_delivery_LineString,
INFRASTRUCTURE,169495ef170fcc38c4632934afd11cb65d3506bf03f0717f576a49ba5ad2a666,1B1ACF,1,True,LWPOLYLINE,bridge_cable_endpoint_to_pole|identity,1.0999819899875387,1469.9289987322072,1469.879446484479,0.04955224772811562,explicit_derived_displacement,source_LineString_to_delivery_LineString,
INFRASTRUCTURE,1893a9e32256db0687115c402eb728c64c434708c943534030e0aaa3b362b6f2,1B1FCD,1,True,LWPOLYLINE,identity,6.661078595643832e-11,62.85972798199687,62.85972798203957,-4.270361841918202e-11,within_numeric_and_curve_sampling_tolerance,source_LineString_to_delivery_LineString,
INFRASTRUCTURE,1d8adec9661a5b3acf74ee31826f9868864ab6b58fe2feef420d705f0d58c670,1B2A07,1,True,LWPOLYLINE,identity,4.242575883723694e-11,53.886121204585564,53.886121204579524,6.0396132539608516e-12,within_numeric_and_curve_sampling_tolerance,source_LineString_to_delivery_LineString,
INFRASTRUCTURE,23389d4b32f5b5c490131c9e2048cfa844bdc8833be8ef6f5772758101024b86,1B3408,1,True,LWPOLYLINE,identity,4.3995484238431613e-11,58.34789262008913,58.347892620114756,-2.5629276478866814e-11,within_numeric_and_curve_sampling_tolerance,source_LineString_to_delivery_LineString,
INFRASTRUCTURE,26a9a37de67b3c0c10f8e272a0a2c0c356867ca7709f64f08e483e94d521ca8f,1B3405,1,True,LWPOLYLINE,identity,7.734449036604674e-11,44.059029336685974,44.05902933668184,4.135358722123783e-12,within_numeric_and_curve_sampling_tolerance,source_LineString_to_delivery_LineString,
INFRASTRUCTURE,28bc52b9b680bf2c1d48fa5fc31f66164c0efb52db80941a682c6ed1dfe9a931,1B3403,1,True,LWPOLYLINE,identity,4.5511100336432005e-11,66.04560878385115,66.04560878387917,-2.802380549837835e-11,within_numeric_and_curve_sampling_tolerance,source_LineString_to_delivery_LineString,
INFRASTRUCTURE,2ac531104380284b1e3d01cf849c0282a66ccee6078b60aaf0043e5b430c90ae,1B15D2,1,True,LWPOLYLINE,identity,6.221901049316174e-11,863.6758036860009,863.6758036860441,-4.320099833421409e-11,within_numeric_and_curve_sampling_tolerance,source_LineString_to_delivery_LineString,
INFRASTRUCTURE,2cb0814179afbc405c27f9f94e218581353e09f5d9b966b2748fea2fcc167a48,1B1FCF,1,True,LWPOLYLINE,identity,6.661078595643832e-11,20.943970471962565,20.943970471913833,4.873257353210647e-11,within_numeric_and_curve_sampling_tolerance,source_LineString_to_delivery_LineString,
INFRASTRUCTURE,2f04d937f270b0136e5e850b7860133d62c8fd266728cdb62b8fcb87f475f624,1B1FD1,1,True,LWPOLYLINE,identity,5.6652103021033095e-11,27.18599058071329,27.185990580624285,8.900613579498895e-11,within_numeric_and_curve_sampling_tolerance,source_LineString_to_delivery_LineString,
INFRASTRUCTURE,30aafcf93c299f7bc342d981a0727baf660db94701e5554225dde9632a6973af,1B10D5,1,True,LWPOLYLINE,identity,7.734449036604674e-11,1770.3238856324172,1770.3238856324456,-2.8421709430404007e-11,within_numeric_and_curve_sampling_tolerance,source_LineString_to_delivery_LineString,
INFRASTRUCTURE,3a28bc82d01cf391d39938e2b5f707224bcebfffdfa202a4956552f1ab65eb4f,1B24D4,1,True,LWPOLYLINE,identity,6.964615647694389e-11,72.27901738612452,72.27901738610132,2.3206325749924872e-11,within_numeric_and_curve_sampling_tolerance,source_LineString_to_delivery_LineString,
INFRASTRUCTURE,3ba8c0c4ecb1c73cb9bdc4a4a4aabb74ad037147e6de0c4cbb2d8634ab84070b,1B1FD6,1,True,LWPOLYLINE,identity,6.046600952175017e-11,83.32094616901196,83.32094616905331,-4.135358722123783e-11,within_numeric_and_curve_sampling_tolerance,source_LineString_to_delivery_LineString,
INFRASTRUCTURE,3d88f68e4aa8f3d127f39589efb6b3d3fb80d04d3083dd03ef2334c7c77f7c45,1B1FD2,1,True,LWPOLYLINE,identity,5.096417490175336e-11,23.255122155407474,23.255122155377627,2.984634761560301e-11,within_numeric_and_curve_sampling_tolerance,source_LineString_to_delivery_LineString,
INFRASTRUCTURE,3df9e93b05b6175e15b24c964a185100eef0ec6bc1c18449643eca8c1681b4d3,1B340B,1,True,LWPOLYLINE,identity,3.749942721349417e-11,30.368166377414035,30.368166377386334,2.7700508553607506e-11,within_numeric_and_curve_sampling_tolerance,source_LineString_to_delivery_LineString,
INFRASTRUCTURE,3eb9efd89f94fa5df3038637cd1ab6d2c298d2119eb79e6af3ce27a159234972,1B2A03,1,True,LWPOLYLINE,identity,6.708101469334278e-11,25.33647264737502,25.33647264735555,1.9472423673505546e-11,within_numeric_and_curve_sampling_tolerance,source_LineString_to_delivery_LineString,
INFRASTRUCTURE,4b31bea3090b9e41086e5ec07123011505e2601064596ae7ccd393eaf407c421,1B29D9,1,True,LWPOLYLINE,identity,5.877334632315437e-11,76.91862359914016,76.9186235991303,9.86233317235019e-12,within_numeric_and_curve_sampling_tolerance,source_LineString_to_delivery_LineString,
INFRASTRUCTURE,4dd6b35896fd9cf19f20b53bf5e8ee7d916666dd773fe79343cc43a377e3f819,1B340D,1,True,LWPOLYLINE,identity,6.42852575659064e-11,88.5962246837962,88.59622468376014,3.6052938412467483e-11,within_numeric_and_curve_sampling_tolerance,source_LineString_to_delivery_LineString,
INFRASTRUCTURE,5717a6c1ac4c2fde96cb62f537e8042349d181b09916adee91527324400bf08c,1B24D7,1,True,LWPOLYLINE,identity,6.221901049316174e-11,58.12489258988914,58.12489259000533,-1.1618794815149158e-10,within_numeric_and_curve_sampling_tolerance,source_LineString_to_delivery_LineString,
INFRASTRUCTURE,6112efe79cee5b08d34193f6e669b8041bf62704cc4cfb9352e73ee02f0c0941,1B24D6,1,True,LWPOLYLINE,identity,6.451645404365335e-11,31.29203478171411,31.292034781723284,-9.173106718662893e-12,within_numeric_and_curve_sampling_tolerance,source_LineString_to_delivery_LineString,
INFRASTRUCTURE,61dc59d738b8c8177adb589cfd6e28cf03184e9699ea330e5b4261624ed94072,1B3401,1,True,LWPOLYLINE,identity,6.15506880992639e-11,23.621680293397244,23.621680293353066,4.417799459588423e-11,within_numeric_and_curve_sampling_tolerance,source_LineString_to_delivery_LineString,
INFRASTRUCTURE,62337446347883310365101bdd5d028699e6f6e8b80d8a26eddf71a1ae4880b6,1B29EF,1,True,LWPOLYLINE,identity,5.8008367774535054e-11,46.81245671318528,46.812456713240095,-5.481837206389173e-11,within_numeric_and_curve_sampling_tolerance,source_LineString_to_delivery_LineString,
INFRASTRUCTURE,6b087ee0eef387e3d86ef4d0d6bb47cbf1668395ef1384dd9405a097ca642bdf,1B340C,1,True,LWPOLYLINE,identity,4.605313334167354e-11,81.49365368291348,81.49365368288474,2.873434823413845e-11,within_numeric_and_curve_sampling_tolerance,source_LineString_to_delivery_LineString,
INFRASTRUCTURE,6b92d0b4bedc73b4fd72562b91d1183eb1691468d576bbddb1a69df23657a3e8,1B2A06,1,True,LWPOLYLINE,identity,4.242575883723694e-11,39.97946179703525,39.97946179705077,-1.5518253349000588e-11,within_numeric_and_curve_sampling_tolerance,source_LineString_to_delivery_LineString,
INFRASTRUCTURE,75f0d1017e1f6cbb5e7b664d7fdd9a7309909febf0e5e629e51fe8b186893fc0,1B24D9,1,True,LWPOLYLINE,identity,3.097627334850841e-11,72.17633029048396,72.17633029051368,-2.971489720948739e-11,within_numeric_and_curve_sampling_tolerance,source_LineString_to_delivery_LineString,
INFRASTRUCTURE,7b58aa1d673dbd6a61f3898aa687b21973671776de623da5f3157dad01ee85b2,1B24DA,1,True,LWPOLYLINE,identity,5.4021229170457435e-11,108.33509684199353,108.33509684185432,1.3920953279011883e-10,within_numeric_and_curve_sampling_tolerance,source_LineString_to_delivery_LineString,
INFRASTRUCTURE,7ba6fa4a9e2264c8a7d924ae12a8d68eff391da8a06ac09d4bf0879de9e50df3,1B24D8,1,True,LWPOLYLINE,identity,6.451645404365335e-11,82.67620077942941,82.67620077943758,-8.171241461241152e-12,within_numeric_and_curve_sampling_tolerance,source_LineString_to_delivery_LineString,
INFRASTRUCTURE,7f4e064f16d7338261fd35e134d80f472685037f12ac8e023cf4d5d1b2b7c05f,1B3400,1,True,LWPOLYLINE,identity,4.518275945292488e-11,26.7243674768372,26.724367476873788,-3.658584546428756e-11,within_numeric_and_curve_sampling_tolerance,source_LineString_to_delivery_LineString,
INFRASTRUCTURE,81db08236c9404ee4c2be6154fd71a098c08924283fa835e816db22b1f6563e6,1B3409,1,True,LWPOLYLINE,identity,5.296977098100264e-11,102.21378835221621,102.21378835224823,-3.2017055673350114e-11,within_numeric_and_curve_sampling_tolerance,source_LineString_to_delivery_LineString,
INFRASTRUCTURE,88b304594cadbe24fdb4e94935f586363a94eade2f56a7c7fbf76ff2888704ae,1B340A,1,True,LWPOLYLINE,identity,6.184563972055912e-11,62.08197969166646,62.08197969166727,-8.100187187665142e-13,within_numeric_and_curve_sampling_tolerance,source_LineString_to_delivery_LineString,
INFRASTRUCTURE,8b35551efa65327b153b93defd0d44677f49020f9f980043cd9f6f498c5b88db,1B24D3,1,True,LWPOLYLINE,identity,6.306412914767757e-11,35.49864001236532,35.49864001228025,8.50732817525568e-11,within_numeric_and_curve_sampling_tolerance,source_LineString_to_delivery_LineString,
INFRASTRUCTURE,9217efe0233d430a85fccfa48bbcc0207d405387fc0ec6e3a6ff5553035e79b3,1B29DA,1,True,LWPOLYLINE,identity,4.067383956680332e-11,46.74850668720391,46.74850668718427,1.963940121640917e-11,within_numeric_and_curve_sampling_tolerance,source_LineString_to_delivery_LineString,
INFRASTRUCTURE,a7fd0911b2cdca84e4cad326263998ea730e4d47a308a1273a46d51164336e6e,1B2A00,1,True,LWPOLYLINE,identity,5.2499198098891835e-11,104.00716235375613,104.00716235385889,-1.0275869044562569e-10,within_numeric_and_curve_sampling_tolerance,source_LineString_to_delivery_LineString,
INFRASTRUCTURE,ab35163059e014b0b8d742058411704b2bccaada8e15fd2020dce5cc1323bff9,1B2A05,1,True,LWPOLYLINE,identity,7.202830556060992e-11,63.56292190102717,63.56292190095675,7.041478511382593e-11,within_numeric_and_curve_sampling_tolerance,source_LineString_to_delivery_LineString,
INFRASTRUCTURE,ada2987107184727da555233017d5a6ba4c73c0bb513723b1a304dd848d22a99,1B3407,1,True,LWPOLYLINE,identity,4.3655745685100555e-11,31.185891278451393,31.185891278534022,-8.262901474154205e-11,within_numeric_and_curve_sampling_tolerance,source_LineString_to_delivery_LineString,
INFRASTRUCTURE,adeb39e9325067e95d9e48ae94757d2b6c6c1f1fcc80198d2c0c097f73a5fece,1B1FD0,1,True,LWPOLYLINE,identity,5.938937726501357e-11,41.23049756547274,41.23049756539804,7.469935781045933e-11,within_numeric_and_curve_sampling_tolerance,source_LineString_to_delivery_LineString,
INFRASTRUCTURE,ae0a7179f807030ed45719485073281e9f18cd30be4a47aa715800d7c606b11d,1B29D7,1,True,LWPOLYLINE,identity,3.9350757384061467e-11,34.03306536044828,34.03306536048024,-3.1953106827131705e-11,within_numeric_and_curve_sampling_tolerance,source_LineString_to_delivery_LineString,
INFRASTRUCTURE,b24e9647c0edc43d99d876789c2effd9730fe6303140869dadbba0b41805e21d,1B29D8,1,True,LWPOLYLINE,identity,4.067383956680332e-11,53.52150736971535,53.521507369661215,5.413625103756203e-11,within_numeric_and_curve_sampling_tolerance,source_LineString_to_delivery_LineString,
INFRASTRUCTURE,b6a5290ff77fdaf37a3d2d7e8bbf26eade6f34ab0dd6feb4f59a6deeb64a8b7f,1B0BD8,1,True,LWPOLYLINE,identity,6.810894856916659e-11,1346.4851814155356,1346.485181415503,3.2741809263825417e-11,within_numeric_and_curve_sampling_tolerance,source_LineString_to_delivery_LineString,
INFRASTRUCTURE,c0a8073d59dfc41b1c1da3efbe9ba2c9cb09a0d069a6f750848446cd5c17456b,1B1FD4,1,True,LWPOLYLINE,identity,3.9727328235751984e-11,46.11190433339764,46.11190433334988,4.7762682697793934e-11,within_numeric_and_curve_sampling_tolerance,source_LineString_to_delivery_LineString,
INFRASTRUCTURE,c1060ce623311675f9ffed092ee1edd0db347f68cef7bb225f73cfd74b6c794e,1B1FD3,1,True,LWPOLYLINE,identity,5.708845429208019e-11,41.22541938142651,41.225419381390786,3.572608875401784e-11,within_numeric_and_curve_sampling_tolerance,source_LineString_to_delivery_LineString,
INFRASTRUCTURE,c6ab7a3870b47f35b41001da7efed04597b5860709ab8b7a94955659702842bf,1B24D5,1,True,LWPOLYLINE,identity,2.734540681262462e-11,33.34798714216616,33.34798714212692,3.9243275296030333e-11,within_numeric_and_curve_sampling_tolerance,source_LineString_to_delivery_LineString,
INFRASTRUCTURE,d1934e273731294aae831ac5192470b6dc47dc7c06d8369b3520314c74b383f6,1B29DC,1,True,LWPOLYLINE,identity,6.366462912410498e-11,22.79918737699717,22.79918737698292,1.424993456566881e-11,within_numeric_and_curve_sampling_tolerance,source_LineString_to_delivery_LineString,
INFRASTRUCTURE,e45156f454b96e6289c2465edb5f7ebf84291bf6f36eb68343d55b518df92372,1B3404,1,True,LWPOLYLINE,identity,5.866064565124215e-11,26.21928076242459,26.219280762357997,6.659206519543659e-11,within_numeric_and_curve_sampling_tolerance,source_LineString_to_delivery_LineString,
INFRASTRUCTURE,e73d074143f353af1dadef15e8026c6f3a5402cffbf018a39527b4977ff7465b,1B3402,1,True,LWPOLYLINE,identity,4.7746306330397376e-11,53.021491056595885,53.0214910565461,4.978772949471022e-11,within_numeric_and_curve_sampling_tolerance,source_LineString_to_delivery_LineString,
INFRASTRUCTURE,eab0389f51bccc54b14993193ae987b81922acd45c1236ddb593aeb68cc8809c,1B1FCC,1,True,LWPOLYLINE,identity,5.6418002420362693e-11,45.381352345624755,45.38135234561639,8.363087999896379e-12,within_numeric_and_curve_sampling_tolerance,source_LineString_to_delivery_LineString,
PTECH,00752826b3a41990f9ed539e701f268727c3e3135c6ee797248c92fb65709773,1B0564,1,True,INSERT,identity,5.4082443047513174e-11,,,,within_numeric_and_curve_sampling_tolerance,source_Point_to_delivery_Point,5.4082443047513174e-11
PTECH,007d0b4888037d9676664c0e3c3321fee8f3cafa33c53688929fb1520538c0c2,1AD551,1,True,INSERT,identity,3.092281986027956e-11,,,,within_numeric_and_curve_sampling_tolerance,source_Point_to_delivery_Point,3.092281986027956e-11
PTECH,00f42bf9fcf546c02e1d32a7dfd20c5de087537f0be743a3b2a803c47ba92d9b,1ACF55,1,True,INSERT,identity,4.547473508864641e-11,,,,within_numeric_and_curve_sampling_tolerance,source_Point_to_delivery_Point,4.547473508864641e-11
PTECH,00f53bc63a3af48affafa9103467185fb15799a089e5aac9c9c7bdf831bbca50,1B0684,1,True,INSERT,identity,5.5412042317503864e-11,,,,within_numeric_and_curve_sampling_tolerance,source_Point_to_delivery_Point,5.5412042317503864e-11
PTECH,01c0ae508b1fb2be1420967ccb81242980eecfebe3eb0050bed07509e31cead1,1AD519,1,True,INSERT,identity,4.067383956680332e-11,,,,within_numeric_and_curve_sampling_tolerance,source_Point_to_delivery_Point,4.067383956680332e-11
PTECH,0326989d92efc440b2a0c51d0e8ae7bf9f6c7f5fe3286ce8d730403a230f3abd,1ADFA0,1,True,INSERT,identity,7.499885442698834e-12,,,,within_numeric_and_curve_sampling_tolerance,source_Point_to_delivery_Point,7.499885442698834e-12
PTECH,04c0e4d54afd7ed4e3d3fd8a35d5a23a9ef7b6b9d35cd0fd55e794ae92da946a,1ADFD8,1,True,INSERT,identity,5.275069270282984e-11,,,,within_numeric_and_curve_sampling_tolerance,source_Point_to_delivery_Point,5.275069270282984e-11
PTECH,055f34311a3eb2767515700be2eb49c9d5dcfe4e3d4dd3cbd82722966a43e2d3,1B0554,1,True,INSERT,identity,5.877334632315437e-11,,,,within_numeric_and_curve_sampling_tolerance,source_Point_to_delivery_Point,5.877334632315437e-11
PTECH,05ddf257cbed888cfeda2b65a214bc56ad9171899c6064608fc546f799ff69a3,1AC8F8,1,True,INSERT,identity,2.7041221523756587e-11,,,,within_numeric_and_curve_sampling_tolerance,source_Point_to_delivery_Point,2.7041221523756587e-11
PTECH,06402ab016b2f5eb5b40d336f69fbace6ca02de8e017a3eca56ee5d0c18289f0,1AEA48,1,True,INSERT,identity,6.451645404365335e-11,,,,within_numeric_and_curve_sampling_tolerance,source_Point_to_delivery_Point,6.451645404365335e-11
PTECH,0873a2f2abae7d22b87ec99bc3e103be119152579f067b5e2d0f3b28cac959b2,1AD491,1,True,INSERT,identity,6.558459564010244e-11,,,,within_numeric_and_curve_sampling_tolerance,source_Point_to_delivery_Point,6.558459564010244e-11
PTECH,096c19b9c7206471534ff60ddc26581ce9b7bacac63c8c058fb8c27da0811cfb,1ACF3D,1,True,INSERT,identity,6.15506880992639e-11,,,,within_numeric_and_curve_sampling_tolerance,source_Point_to_delivery_Point,6.15506880992639e-11
PTECH,09d55299f3c3a29b65e1da9e03df6949849e20a9c47f8e353578a1a7e95f1f12,1AC9A1,1,True,INSERT,identity,4.103827149330201e-11,,,,within_numeric_and_curve_sampling_tolerance,source_Point_to_delivery_Point,4.103827149330201e-11
PTECH,0b50894b2f720abccc8da798c6f3fda8f1e1ddecc8f877576f4f36e061614df9,1AEA88,1,True,INSERT,identity,5.938937726501357e-11,,,,within_numeric_and_curve_sampling_tolerance,source_Point_to_delivery_Point,5.938937726501357e-11
PTECH,0e244a981e348a8c35dbf14dc51ef5576af79ec0d7fc13f8ca3debaea9c947d6,1ADA7C,1,True,INSERT,identity,6.184563972055912e-11,,,,within_numeric_and_curve_sampling_tolerance,source_Point_to_delivery_Point,6.184563972055912e-11
PTECH,0f5fb0441c20206f5f4c972efb6ad17cf6a03f3b28651e4753ecd71f2882edec,1B05BC,1,True,INSERT,identity,5.958405146578734e-11,,,,within_numeric_and_curve_sampling_tolerance,source_Point_to_delivery_Point,5.958405146578734e-11
PTECH,11c9fcaf921012b1e042faf33a345c69b5b3eb902bc921432207782b85e23247,1ADF88,1,True,INSERT,identity,4.7746306330397376e-11,,,,within_numeric_and_curve_sampling_tolerance,source_Point_to_delivery_Point,4.7746306330397376e-11
PTECH,16192e7d2fe9f02b760cc1001ab9ef64ed87fcf673f7f87a0d3403d5273302f2,1B29E6,1,True,INSERT,identity,6.272217305947076e-11,,,,within_numeric_and_curve_sampling_tolerance,source_Point_to_delivery_Point,6.272217305947076e-11
PTECH,18e9e0c84889b42cea76342416242de8eb3203c4dacbf4e9a83e29434762d4bf,1AC8A0,1,True,INSERT,identity,3.344171329599746e-11,,,,within_numeric_and_curve_sampling_tolerance,source_Point_to_delivery_Point,3.344171329599746e-11
PTECH,1983758532b5a6fd59d299443681b0c46ffd5e29e4e9569806e27ad591d6bdd2,1AD501,1,True,INSERT,identity,3.9350757384061467e-11,,,,within_numeric_and_curve_sampling_tolerance,source_Point_to_delivery_Point,3.9350757384061467e-11
PTECH,1d7a07e1840fa12f12d0dfe7a741ea7944e296643e9689d67d5d06ecf67988ae,1AC939,1,True,INSERT,identity,4.590921694807171e-11,,,,within_numeric_and_curve_sampling_tolerance,source_Point_to_delivery_Point,4.590921694807171e-11
PTECH,1fda1d5df9763f404399c3059bf0cac34b455ffd8c137a2f7bc9294e2d0ccb45,1ADFB0,1,True,INSERT,identity,3.749942721349417e-11,,,,within_numeric_and_curve_sampling_tolerance,source_Point_to_delivery_Point,3.749942721349417e-11
PTECH,2018955cd2b2bc0c71afec57036fcb9560dc10294495acfbe03429544b8bee92,1AC9B9,1,True,INSERT,identity,5.94728870938409e-11,,,,within_numeric_and_curve_sampling_tolerance,source_Point_to_delivery_Point,5.94728870938409e-11
PTECH,2178f3a08578dd76d86594b55c028c936953b40dd32e5dd2c8e68ae5c9d227ed,1B065C,1,True,INSERT,identity,5.866064565124215e-11,,,,within_numeric_and_curve_sampling_tolerance,source_Point_to_delivery_Point,5.866064565124215e-11
PTECH,2360615f48697bd09a04a8491ffe077fb5ea675c4f3dfef0faa499f7410a606e,1B0544,1,True,INSERT,identity,3.354050734667139e-11,,,,within_numeric_and_curve_sampling_tolerance,source_Point_to_delivery_Point,3.354050734667139e-11
PTECH,24ad9241344c8a17a1d73339d73d5c3afcad813e13907c32867555f4ea31caa1,1B05E4,1,True,INSERT,identity,5.8008367774535054e-11,,,,within_numeric_and_curve_sampling_tolerance,source_Point_to_delivery_Point,5.8008367774535054e-11
PTECH,2799fe575725f0acad00d90f3435b02117ecfba8f45bd79887d5d342a905ad3b,1AEAA8,1,True,INSERT,identity,3.892807318885879e-11,,,,within_numeric_and_curve_sampling_tolerance,source_Point_to_delivery_Point,3.892807318885879e-11
PTECH,279e7f00d4be1129776a9662c56491ca5f011988ce14fa4e634da08123c2104c,1ADF80,1,True,INSERT,identity,3.531838563312267e-11,,,,within_numeric_and_curve_sampling_tolerance,source_Point_to_delivery_Point,3.531838563312267e-11
PTECH,27a933cfd7376c1e6ba3b6e92f221fce456d48fe17c3dd3a8a9dfc2d6700d786,1AE9F8,1,True,INSERT,identity,3.4608633705721234e-11,,,,within_numeric_and_curve_sampling_tolerance,source_Point_to_delivery_Point,3.4608633705721234e-11
PTECH,28b3e4fdff8432b41b0fd2ac26d8c2bbd9ade59dc9119d03c9c235d7b3b89f99,1AEA90,1,True,INSERT,identity,4.994773996348515e-11,,,,within_numeric_and_curve_sampling_tolerance,source_Point_to_delivery_Point,4.994773996348515e-11
PTECH,2b724207e318a74124fc37b6e9bf8767838155cd6608eeafc59339df54125ccb,1AC918,1,True,INSERT,identity,6.264299502699055e-11,,,,within_numeric_and_curve_sampling_tolerance,source_Point_to_delivery_Point,6.264299502699055e-11
PTECH,2cdbf7215f9be6e4cf79514f1930e336a5264f5d6c4b5a1bb28987026d75a221,1B05B4,1,True,INSERT,identity,5.1223206684257905e-11,,,,within_numeric_and_curve_sampling_tolerance,source_Point_to_delivery_Point,5.1223206684257905e-11
PTECH,2d4f59dc952a3def0c9cce591fe6f70c0ae0d7ddc48a4886d513ff5fe3ebe7c3,1B05CC,1,True,INSERT,identity,3.1767284229450486e-11,,,,within_numeric_and_curve_sampling_tolerance,source_Point_to_delivery_Point,3.1767284229450486e-11
PTECH,2f11cd20872e15f8a1133ba30dba6fa2bcc9cd1885a61421279ddfc31da6edf4,1AEAB8,1,True,INSERT,identity,6.11461885054145e-11,,,,within_numeric_and_curve_sampling_tolerance,source_Point_to_delivery_Point,6.11461885054145e-11
PTECH,3098e7f6e76acfc1cd587f1cd2789f4aac28f15cdb361d10ceb1528ab42d354c,1AEB09,1,True,INSERT,identity,5.4021229170457435e-11,,,,within_numeric_and_curve_sampling_tolerance,source_Point_to_delivery_Point,5.4021229170457435e-11
PTECH,30cf7a8545123a63bf2b429a0e46d40f6080e79e7176cf0f6a2ae1b27923d3e2,1AC959,1,True,INSERT,identity,4.403307116048456e-11,,,,within_numeric_and_curve_sampling_tolerance,source_Point_to_delivery_Point,4.403307116048456e-11
PTECH,31c597d4b1e1619a8366546fd400f439b7fe56e86591ba36e0c218de7516657e,1AEAD0,1,True,INSERT,identity,4.187628085936499e-11,,,,within_numeric_and_curve_sampling_tolerance,source_Point_to_delivery_Point,4.187628085936499e-11
PTECH,358a925f9ff179d31e03eaa0f5c731d2334f89a149d5b8a0322f40b670afacd5,1B0654,1,True,INSERT,identity,6.708101469334278e-11,,,,within_numeric_and_curve_sampling_tolerance,source_Point_to_delivery_Point,6.708101469334278e-11
PTECH,365c3139f792e2567e2d97137e2086d48381253cebe08466efd1b0d4685aa6d3,1AEA60,1,True,INSERT,identity,5.7808387580992364e-11,,,,within_numeric_and_curve_sampling_tolerance,source_Point_to_delivery_Point,5.7808387580992364e-11
PTECH,3863f4246362b27058868ce227a0d876e5c81f0966832c9e39310956aecd6d65,1AC908,1,True,INSERT,identity,5.459999017986278e-11,,,,within_numeric_and_curve_sampling_tolerance,source_Point_to_delivery_Point,5.459999017986278e-11
PTECH,38e72a3faea7f44544a338a1cefb03a8d24c724cd2498665dbf3c4ae30de3276,1B067C,1,True,INSERT,identity,5.144878968614994e-11,,,,within_numeric_and_curve_sampling_tolerance,source_Point_to_delivery_Point,5.144878968614994e-11
PTECH,3a001faa2523d2b007bea2578602171146ecb02f92e20b4ff0227ee10554571a,1AEA18,1,True,INSERT,identity,5.8036880122176867e-11,,,,within_numeric_and_curve_sampling_tolerance,source_Point_to_delivery_Point,5.8036880122176867e-11
PTECH,3a69c125b89c8f78bdf803843ad746ee7d5ba8b8892c7d24b389449101ec2e68,1AC8D0,1,True,INSERT,identity,3.5876078842768076e-11,,,,within_numeric_and_curve_sampling_tolerance,source_Point_to_delivery_Point,3.5876078842768076e-11
PTECH,3aaab484d2927890fcbf34c51a9cd0b19e7e8efb962e20efd81d9b3feda62b8c,1B06BC,1,True,INSERT,identity,4.242575883723694e-11,,,,within_numeric_and_curve_sampling_tolerance,source_Point_to_delivery_Point,4.242575883723694e-11
PTECH,3b6b1ef0570276681f48ff355afbfd8982e780404a6b9c94288d55e22735bd91,1B05FC,1,True,INSERT,identity,4.425792234759297e-11,,,,within_numeric_and_curve_sampling_tolerance,source_Point_to_delivery_Point,4.425792234759297e-11
PTECH,3ea7541b66b84164c07744a2975afb6aeb19d19f3e099cb5b2116efc6ea4c7b5,1AC9D9,1,True,INSERT,identity,4.15192051532843e-11,,,,within_numeric_and_curve_sampling_tolerance,source_Point_to_delivery_Point,4.15192051532843e-11
PTECH,3fa4fc669f2ed6d6fe2140d771bf136e7cd9e0acfda17ee07e2ba61b584b0cbb,1B0614,1,True,INSERT,identity,4.658886054991198e-11,,,,within_numeric_and_curve_sampling_tolerance,source_Point_to_delivery_Point,4.658886054991198e-11
PTECH,4212e2e378449ccfb44037b8c9370c8a1fcb54fbf062e910ee3d263c1e983c39,1AD521,1,True,INSERT,identity,4.242575883723694e-11,,,,within_numeric_and_curve_sampling_tolerance,source_Point_to_delivery_Point,4.242575883723694e-11
PTECH,426be1a3e7b042a1505a62be755a8edaed9618ca18bf14b053e389f2d2c7ec1b,1AC898,1,True,INSERT,identity,6.661078595643832e-11,,,,within_numeric_and_curve_sampling_tolerance,source_Point_to_delivery_Point,6.661078595643832e-11
PTECH,42a075e52118a928c26d377a183456a3083602fde4b0f10bac5d421c891aee5f,1B053C,1,True,INSERT,identity,4.067383956680332e-11,,,,within_numeric_and_curve_sampling_tolerance,source_Point_to_delivery_Point,4.067383956680332e-11
PTECH,42a428bc30682da45571dc6e001ed41ee8a5b9a41aee7fdbf9d9b7ca3ba0426d,1AD561,1,True,INSERT,identity,5.832123694519905e-11,,,,within_numeric_and_curve_sampling_tolerance,source_Point_to_delivery_Point,5.832123694519905e-11
PTECH,42c8dcc74f8cc4b7fe070b940e8e4b81883beae2ccd469f7af7f9e8841ea64ce,1AE9E8,1,True,INSERT,identity,2.1978932588525954e-11,,,,within_numeric_and_curve_sampling_tolerance,source_Point_to_delivery_Point,2.1978932588525954e-11
PTECH,42daae753cde51b3543cd3abc40732044459ede14b8c7f0d459ba77a18505a25,1ACF75,1,True,INSERT,identity,3.4175708111535524e-11,,,,within_numeric_and_curve_sampling_tolerance,source_Point_to_delivery_Point,3.4175708111535524e-11
PTECH,44a99478acd0a49de3197a21ffe6c373d87a2d91d42cc9ce3dabec0d4ee6cdea,1AEA50,1,True,INSERT,identity,5.7808387580992364e-11,,,,within_numeric_and_curve_sampling_tolerance,source_Point_to_delivery_Point,5.7808387580992364e-11
PTECH,4652d346ceb31564e82db9d15586bbd1d293a24597c11ed66ce7ea7788395a67,1ACF5D,1,True,INSERT,identity,3.7850717574992473e-11,,,,within_numeric_and_curve_sampling_tolerance,source_Point_to_delivery_Point,3.7850717574992473e-11
PTECH,482ae90a73ace4b1bd0844af685ce63dc42840beb5150d9a1acf78d8eeb44918,1AEAA0,1,True,INSERT,identity,2.371672018926856e-11,,,,within_numeric_and_curve_sampling_tolerance,source_Point_to_delivery_Point,2.371672018926856e-11
PTECH,48acda290477c3bfc4bac6e881e2e85df1b838911e30f5bc581521f5c6cf8a21,1AC8E8,1,True,INSERT,identity,4.6942615519815954e-11,,,,within_numeric_and_curve_sampling_tolerance,source_Point_to_delivery_Point,4.6942615519815954e-11
PTECH,4a8ce5ccb30257b1ec16282171a27134dc03e6b5d98f708921bdc1633804b6a8,1B058C,1,True,INSERT,identity,3.749942721349417e-11,,,,within_numeric_and_curve_sampling_tolerance,source_Point_to_delivery_Point,3.749942721349417e-11
PTECH,4b48bdfd8b3c888a4adf1baaf884261e53d1f50eb7282b7797ee65578eac88a2,1AC9E9,1,True,INSERT,identity,4.246473519716802e-11,,,,within_numeric_and_curve_sampling_tolerance,source_Point_to_delivery_Point,4.246473519716802e-11
PTECH,4bfa926e709202a626f3496fd460b6fb5117dd43c9e4e20b04100bed8c7c8d09,1AEA30,1,True,INSERT,identity,6.964615647694389e-11,,,,within_numeric_and_curve_sampling_tolerance,source_Point_to_delivery_Point,6.964615647694389e-11
PTECH,4d3df6d1ddd64e700c594f5e9d5ed751738c6289a3669b9e101cc2dd7196f9c9,1AEA10,1,True,INSERT,identity,4.6375312318494115e-11,,,,within_numeric_and_curve_sampling_tolerance,source_Point_to_delivery_Point,4.6375312318494115e-11
PTECH,4da4b9abf9516daa4b969500869516a4668159fa2ce5c5ccb480b91629e144e6,1B06D4,1,True,INSERT,identity,3.086927381168996e-11,,,,within_numeric_and_curve_sampling_tolerance,source_Point_to_delivery_Point,3.086927381168996e-11
PTECH,4ec02e340d12a85513f141641cda8d3180c2ead296ae718999901ed8fbfb36ca,1AC8B0,1,True,INSERT,identity,5.17693459942446e-11,,,,within_numeric_and_curve_sampling_tolerance,source_Point_to_delivery_Point,5.17693459942446e-11
PTECH,501d9744a22092899d3a0138d45bbeec2b369b291b5dd6cd911f40495cb7fd12,1B069C,1,True,INSERT,identity,7.202830556060992e-11,,,,within_numeric_and_curve_sampling_tolerance,source_Point_to_delivery_Point,7.202830556060992e-11
PTECH,505498012955ef4c070fabbe74763c923cbb3c776aada48a74d513dedd85d1cf,1AE9E0,1,True,INSERT,identity,5.98334161746553e-11,,,,within_numeric_and_curve_sampling_tolerance,source_Point_to_delivery_Point,5.98334161746553e-11
PTECH,50a292a707686edc786b928455372a0dda8813fc208ad6da05f43272afba1c0c,1B06C4,1,True,INSERT,identity,3.086927381168996e-11,,,,within_numeric_and_curve_sampling_tolerance,source_Point_to_delivery_Point,3.086927381168996e-11
PTECH,50b2accd236444a3ad12c52501f9c26c4104f711b4d691658f4a171db135b381,1AEAE9,1,True,INSERT,identity,3.3835158752005145e-11,,,,within_numeric_and_curve_sampling_tolerance,source_Point_to_delivery_Point,3.3835158752005145e-11
PTECH,50c58e5bbed101ffb2e9d78899adbfab4cd1c2f707e6a84dc3b354176257077a,1B054C,1,True,INSERT,identity,4.067383956680332e-11,,,,within_numeric_and_curve_sampling_tolerance,source_Point_to_delivery_Point,4.067383956680332e-11
PTECH,50cd693a2347a1646155feb4928a3ac6551d869edb713b03a5a2cd8fdaf38785,1AC999,1,True,INSERT,identity,3.092281986027956e-11,,,,within_numeric_and_curve_sampling_tolerance,source_Point_to_delivery_Point,3.092281986027956e-11
PTECH,5133eb0fdc899e71cabc2c58deb66b8ad5ae374f09f211df5fe9496531478bd6,1AC949,1,True,INSERT,identity,5.938937726501357e-11,,,,within_numeric_and_curve_sampling_tolerance,source_Point_to_delivery_Point,5.938937726501357e-11
PTECH,5229ed4591d8abb52a2823924708c5070aecb8d22aa14ae6a864cbc28bb5b85e,1ADFD0,1,True,INSERT,identity,1.9336122591511685e-11,,,,within_numeric_and_curve_sampling_tolerance,source_Point_to_delivery_Point,1.9336122591511685e-11
PTECH,54403396118dd99053c6b451110f7b8a0805bdbcf8eb969fd9595bffa08d921d,1AC969,1,True,INSERT,identity,5.752149554916067e-12,,,,within_numeric_and_curve_sampling_tolerance,source_Point_to_delivery_Point,5.752149554916067e-12
PTECH,54769660a2f9ec9d7bc74e862a4d6ce20ea343ee95ab0f4d4080412a3ebfc69d,1AEAF1,1,True,INSERT,identity,3.097627334850841e-11,,,,within_numeric_and_curve_sampling_tolerance,source_Point_to_delivery_Point,3.097627334850841e-11
PTECH,54822d153524b1f1d499758d810c145cb3778133defaef0db2f35dc164792b6d,1B06CC,1,True,INSERT,identity,6.259015402642127e-11,,,,within_numeric_and_curve_sampling_tolerance,source_Point_to_delivery_Point,6.259015402642127e-11
PTECH,54de7e97756b3ea67079760a772b81c5d8ea946c09c2a641e316d9caf620779f,1AC8A8,1,True,INSERT,identity,5.85759778481756e-11,,,,within_numeric_and_curve_sampling_tolerance,source_Point_to_delivery_Point,5.85759778481756e-11
PTECH,58b78fb8cbbd9ad030079bc47b6773db73bdaaa5e14d98ea7272c0f47ea1f46b,1ADF98,1,True,INSERT,identity,2.7284841053187847e-11,,,,within_numeric_and_curve_sampling_tolerance,source_Point_to_delivery_Point,2.7284841053187847e-11
PTECH,59c57f005f82573808fdce763593384ef30c03981562f654810475affcbda90a,1AC8E0,1,True,INSERT,identity,6.661078595643832e-11,,,,within_numeric_and_curve_sampling_tolerance,source_Point_to_delivery_Point,6.661078595643832e-11
PTECH,5c301fee5189499feced2594595190b46f94ae906ca8558f6a382723d6e2a4d1,1B0594,1,True,INSERT,identity,5.958405146578734e-11,,,,within_numeric_and_curve_sampling_tolerance,source_Point_to_delivery_Point,5.958405146578734e-11
PTECH,5c8a257c34e272047389fe9b2bcb93a66e89f34ac6333e04cbc4cce0a026395b,1AC9C9,1,True,INSERT,identity,3.3981526380138176e-11,,,,within_numeric_and_curve_sampling_tolerance,source_Point_to_delivery_Point,3.3981526380138176e-11
PTECH,5db97cd39093f3b8f892c42866c7a253fa469170861fd6c84d11134d5fbc43e8,1AEAF9,1,True,INSERT,identity,5.352899814010802e-11,,,,within_numeric_and_curve_sampling_tolerance,source_Point_to_delivery_Point,5.352899814010802e-11
PTECH,602317208b81880435afd1dae948dae83298f1353f7a58b9f0748c5cf47237d0,1B05C4,1,True,INSERT,identity,5.275069270282984e-11,,,,within_numeric_and_curve_sampling_tolerance,source_Point_to_delivery_Point,5.275069270282984e-11
PTECH,612f6ab7479b03b12fee0894eac839e1a85df055c0079a48f31e06bb84506151,1B0574,1,True,INSERT,identity,4.067383956680332e-11,,,,within_numeric_and_curve_sampling_tolerance,source_Point_to_delivery_Point,4.067383956680332e-11
PTECH,63f3d04ec0db26792e9fd24fbab2401d17818f249b0d97171813170e75b2242a,1AD549,1,True,INSERT,identity,5.296977098100264e-11,,,,within_numeric_and_curve_sampling_tolerance,source_Point_to_delivery_Point,5.296977098100264e-11
PTECH,642c2042b2bd2702ea72f79647a32171b8730a0ba33f272cb58ec387a9ed71f1,1AC991,1,True,INSERT,identity,1.8749713606747085e-11,,,,within_numeric_and_curve_sampling_tolerance,source_Point_to_delivery_Point,1.8749713606747085e-11
PTECH,643d0297ccb05cbc63b163f7efbff57331d182154f6ff9d7bcc2121f9ec9b5cb,1ACA01,1,True,INSERT,identity,5.399059620560667e-11,,,,within_numeric_and_curve_sampling_tolerance,source_Point_to_delivery_Point,5.399059620560667e-11
PTECH,67f29a5a88a21b9afcfeadb09d86d6b56ebef4b8001129820cb4cdb2379ff80e,1AC9F1,1,True,INSERT,identity,1.9336122591511685e-11,,,,within_numeric_and_curve_sampling_tolerance,source_Point_to_delivery_Point,1.9336122591511685e-11
PTECH,68cb152f880bf8a2dab56b198a43de3086c8f439ede56b855ed09f545b4799ce,1B068C,1,True,INSERT,identity,3.637978807091713e-11,,,,within_numeric_and_curve_sampling_tolerance,source_Point_to_delivery_Point,3.637978807091713e-11
PTECH,68dceaf08817a572e752e9ec59c1c9b9918f31338ee9b36226cc7fb652f0c443,1AC8C0,1,True,INSERT,identity,2.983364441544241e-11,,,,within_numeric_and_curve_sampling_tolerance,source_Point_to_delivery_Point,2.983364441544241e-11
PTECH,690018f7e58009bea786a4c8449554ba27f408b1b380e8d4458b496db06246e5,1B052C,1,True,INSERT,identity,3.9350757384061467e-11,,,,within_numeric_and_curve_sampling_tolerance,source_Point_to_delivery_Point,3.9350757384061467e-11
PTECH,6a8b76a6fa7c3aaea19aa9ff25c4605283ebab38cb1cd4992b291a2d3ea0a521,1ADF90,1,True,INSERT,identity,5.349808332485824e-11,,,,within_numeric_and_curve_sampling_tolerance,source_Point_to_delivery_Point,5.349808332485824e-11
PTECH,6ae0da2c8d3318a8ccb5cfcbb7b5c1755dc650a4540d78515ed9a3141a1e2ed0,1B0644,1,True,INSERT,identity,4.518275945292488e-11,,,,within_numeric_and_curve_sampling_tolerance,source_Point_to_delivery_Point,4.518275945292488e-11
PTECH,6b4ff3167cf6206e4f711eb78d40b3cbc943faef625c1317584fed35aca93475,1AEA70,1,True,INSERT,identity,2.8760747774580334e-11,,,,within_numeric_and_curve_sampling_tolerance,source_Point_to_delivery_Point,2.8760747774580334e-11
PTECH,6f0478aa4c0e2b334e394a559adfe45c0e46df90b8d3c44700e2547dab11a572,1AD559,1,True,INSERT,identity,5.64766185425834e-11,,,,within_numeric_and_curve_sampling_tolerance,source_Point_to_delivery_Point,5.64766185425834e-11
PTECH,7057aa7467edcd93c7f2a7329103a16748aef8821f545254fcbe883107bc6055,1AEA98,1,True,INSERT,identity,4.6375312318494115e-11,,,,within_numeric_and_curve_sampling_tolerance,source_Point_to_delivery_Point,4.6375312318494115e-11
PTECH,70ebf3f7215582b9d36ebb3a1713c30968c151067970c72f1c8425478ad04960,1ACF15,1,True,INSERT,identity,7.598500296519131e-11,,,,within_numeric_and_curve_sampling_tolerance,source_Point_to_delivery_Point,7.598500296519131e-11
PTECH,7237e85ab04512965ae084b242cf1fc1ddac320b44db24545c0b2fedaf07793b,1AEA38,1,True,INSERT,identity,2.0739670164387242e-11,,,,within_numeric_and_curve_sampling_tolerance,source_Point_to_delivery_Point,2.0739670164387242e-11
PTECH,734eebaa54b8421f61ea824f5eec22779ddd6d7af3b42ef16b26ead360657206,1ACF85,1,True,INSERT,identity,2.24996563280965e-11,,,,within_numeric_and_curve_sampling_tolerance,source_Point_to_delivery_Point,2.24996563280965e-11
PTECH,76e32e1d35dec05c2cddc5802ec7a5fb8112ac2d946a11049f8c13b8d5a597f9,1AEAC0,1,True,INSERT,identity,3.610590873227776e-11,,,,within_numeric_and_curve_sampling_tolerance,source_Point_to_delivery_Point,3.610590873227776e-11
PTECH,7ad0e20b37591b847940e33e582d2ba90473bda9969b04bd953b833a58398e5a,1AD4C9,1,True,INSERT,identity,5.5412042317503864e-11,,,,within_numeric_and_curve_sampling_tolerance,source_Point_to_delivery_Point,5.5412042317503864e-11
PTECH,7b750adc7cf587a6e7d3f2b735174e0b1ca6cb84aed03126072b74d480a252cf,1AC951,1,True,INSERT,identity,5.6652103021033095e-11,,,,within_numeric_and_curve_sampling_tolerance,source_Point_to_delivery_Point,5.6652103021033095e-11
PTECH,7d8593458be7cc309aa5a4153243410d2790ac07c7d22b6b5d91a449df682598,1AEAB0,1,True,INSERT,identity,1.8727642129282687e-11,,,,within_numeric_and_curve_sampling_tolerance,source_Point_to_delivery_Point,1.8727642129282687e-11
PTECH,7da57bcb1105da01bc98289866586d10bc065ab0b6ab5304f0d6ac5222169ff2,1AC878,1,True,INSERT,identity,2.585269686015071e-11,,,,within_numeric_and_curve_sampling_tolerance,source_Point_to_delivery_Point,2.585269686015071e-11
PTECH,7edfd7905d883704aed4e19b7e131cce98f1ea9ba89c58f37524867115995704,1ACF0D,1,True,INSERT,identity,3.749942721349417e-11,,,,within_numeric_and_curve_sampling_tolerance,source_Point_to_delivery_Point,3.749942721349417e-11
PTECH,7fcd71698886a8c565ccdbdb2de53fe61a29572a82e3bb934749c5cc4fb90c16,1AC9D1,1,True,INSERT,identity,6.407904931187126e-11,,,,within_numeric_and_curve_sampling_tolerance,source_Point_to_delivery_Point,6.407904931187126e-11
PTECH,852412baef0bfbcc686afe73956e0dd2c6c8da83c638b2e8c982808c27c90ad7,1ACF4D,1,True,INSERT,identity,2.961100216652941e-11,,,,within_numeric_and_curve_sampling_tolerance,source_Point_to_delivery_Point,2.961100216652941e-11
PTECH,8572bf6565595cb0d3a9b98c3938682eaefdb0391ade239e3196e483791cf59c,1AD4B9,1,True,INSERT,identity,7.202830556060992e-11,,,,within_numeric_and_curve_sampling_tolerance,source_Point_to_delivery_Point,7.202830556060992e-11
PTECH,85ac10c542c57d65c1d97ab26143ac132523e48648c2e3ee1a1152fd5dffe8f8,1AC981,1,True,INSERT,identity,5.6652103021033095e-11,,,,within_numeric_and_curve_sampling_tolerance,source_Point_to_delivery_Point,5.6652103021033095e-11
PTECH,8686032909abb3cf5d16df9449ec7ec175f0e53528cdaa361844920d96f5fbdb,1B05EC,1,True,INSERT,identity,5.296977098100264e-11,,,,within_numeric_and_curve_sampling_tolerance,source_Point_to_delivery_Point,5.296977098100264e-11
PTECH,877d3c24a5585312a423f645213efd2a92c506f4755b5a3bf1b2665432eaa4b1,1AD4D9,1,True,INSERT,identity,3.837162350415199e-11,,,,within_numeric_and_curve_sampling_tolerance,source_Point_to_delivery_Point,3.837162350415199e-11
PTECH,883519323f592d34db31e801fd7ddb5827730c636896073454d8d8ea2e793974,1AC929,1,True,INSERT,identity,4.103827149330201e-11,,,,within_numeric_and_curve_sampling_tolerance,source_Point_to_delivery_Point,4.103827149330201e-11
PTECH,88605cfe3084ff1de561f313daf06afbfdc1530a57ee8b937aab4f436d2201bc,1AC888,1,True,INSERT,identity,6.621221372625331e-11,,,,within_numeric_and_curve_sampling_tolerance,source_Point_to_delivery_Point,6.621221372625331e-11
PTECH,8fe4c4f7025942a520a070f8ea9e7c3fbafb89f72d49264204a061223e31a091,1AEA58,1,True,INSERT,identity,6.221901049316174e-11,,,,within_numeric_and_curve_sampling_tolerance,source_Point_to_delivery_Point,6.221901049316174e-11
PTECH,910d8a1682b39c4bb9bb03a2ca46ff2f48830386f727a66a7c541343cb4c84b3,1B0584,1,True,INSERT,identity,3.749942721349417e-11,,,,within_numeric_and_curve_sampling_tolerance,source_Point_to_delivery_Point,3.749942721349417e-11
PTECH,92fb461e9745836d79b7bdef24f807d79ee6b7ed41d2649e963011c8171545d3,1AEA08,1,True,INSERT,identity,4.281392574171994e-11,,,,within_numeric_and_curve_sampling_tolerance,source_Point_to_delivery_Point,4.281392574171994e-11
PTECH,93b4d7444898d02c0667c39990d4cd1af6435c263fd8e8c72d46c3259f349e3e,1AEA78,1,True,INSERT,identity,6.451645404365335e-11,,,,within_numeric_and_curve_sampling_tolerance,source_Point_to_delivery_Point,6.451645404365335e-11
PTECH,93c0b81b8e81f2895d4143d1a4bc3579fb45bfea9bd113e54532ee6e9a4e3c59,1AC931,1,True,INSERT,identity,2.000888343900442e-11,,,,within_numeric_and_curve_sampling_tolerance,source_Point_to_delivery_Point,2.000888343900442e-11
PTECH,94f5aa1fd056f7e4b0a85e2a3f74b1b23a38927c028b5a7fc43e32e5b9503fc5,1AC921,1,True,INSERT,identity,5.303219854654617e-11,,,,within_numeric_and_curve_sampling_tolerance,source_Point_to_delivery_Point,5.303219854654617e-11
PTECH,9806b70d8ec7adeed7922b693fe82eca83ed6697e348fb77e321358e272a79d6,1AEB01,1,True,INSERT,identity,2.533559068467024e-11,,,,within_numeric_and_curve_sampling_tolerance,source_Point_to_delivery_Point,2.533559068467024e-11
PTECH,9850fcce85040393684a204ca9071beefae9ce281f3a7c53cc302790a3e5e647,1ACF25,1,True,INSERT,identity,4.518275945292488e-11,,,,within_numeric_and_curve_sampling_tolerance,source_Point_to_delivery_Point,4.518275945292488e-11
PTECH,98ae166c5cda83acaefb2bac28ecca5a7a744e83fd59a2a1b892bf8e8476de27,1B063C,1,True,INSERT,identity,4.658886054991198e-11,,,,within_numeric_and_curve_sampling_tolerance,source_Point_to_delivery_Point,4.658886054991198e-11
PTECH,9943ed7c5c80b69d840e7a2651f5d1a2f75d0969ab94e5d5fefe0fe3f5e1bd33,1B29F8,1,True,INSERT,identity,3.888555206946321e-11,,,,within_numeric_and_curve_sampling_tolerance,source_Point_to_delivery_Point,3.888555206946321e-11
PTECH,995591a627b9daaf660ce5e53982a6c5edb45a5a98878eefc5e9425469948a49,1B0664,1,True,INSERT,identity,3.637978807091713e-11,,,,within_numeric_and_curve_sampling_tolerance,source_Point_to_delivery_Point,3.637978807091713e-11
PTECH,9caaa4be2091fb7f5b7c5d14ed1c730a995644bb3b3a86cbd0222e825d206f77,1AC880,1,True,INSERT,identity,1.3853010579375966e-11,,,,within_numeric_and_curve_sampling_tolerance,source_Point_to_delivery_Point,1.3853010579375966e-11
PTECH,9cf8ad9f84a61026dc61feaf405cd5d1af5cac0aa6c8a9554aa89025ff50c663,1B059C,1,True,INSERT,identity,5.325011868373421e-11,,,,within_numeric_and_curve_sampling_tolerance,source_Point_to_delivery_Point,5.325011868373421e-11
PTECH,a0a27b22688defb5bc0e885d2c3442505012bc80ea012d9a44e32447712d9c6e,1AC9E1,1,True,INSERT,identity,6.282758855075569e-11,,,,within_numeric_and_curve_sampling_tolerance,source_Point_to_delivery_Point,6.282758855075569e-11
PTECH,a1e9bcb15b44158fa6fea865dcce0b6d624cda2fd55db5ab6df74bc015e7be6e,1AC890,1,True,INSERT,identity,4.897778860262864e-11,,,,within_numeric_and_curve_sampling_tolerance,source_Point_to_delivery_Point,4.897778860262864e-11
PTECH,a2cc6a64360a03ef49cb42ee7c1e7cc7ee00b120f4c9468bb7eb8dc0cedd4235,1AEAD8,1,True,INSERT,identity,6.11461885054145e-11,,,,within_numeric_and_curve_sampling_tolerance,source_Point_to_delivery_Point,6.11461885054145e-11
PTECH,a2d309a2546ab8d290fd73e1036ec7bfb3139497fdd06ac04fa4fd11a8ab0fad,1B0604,1,True,INSERT,identity,2.6233838256040975e-11,,,,within_numeric_and_curve_sampling_tolerance,source_Point_to_delivery_Point,2.6233838256040975e-11
PTECH,a44639b46847fbef9885bda5ed334dad21e923efe07d2afcf160da3073dbb453,1B0694,1,True,INSERT,identity,3.710024985479529e-11,,,,within_numeric_and_curve_sampling_tolerance,source_Point_to_delivery_Point,3.710024985479529e-11
PTECH,a47ecae37c3a62607f1030e2a8aee00ed585ab44e8dbf30df91f296cc7040ee1,1AC9F9,1,True,INSERT,identity,6.046600952175017e-11,,,,within_numeric_and_curve_sampling_tolerance,source_Point_to_delivery_Point,6.046600952175017e-11
PTECH,a5169fb8224f2eaae29fda865ef9a609a84217a51b71e0176e88a3aee5175cac,1AEAC8,1,True,INSERT,identity,5.1223206684257905e-11,,,,within_numeric_and_curve_sampling_tolerance,source_Point_to_delivery_Point,5.1223206684257905e-11
PTECH,a5e1830487c8dc589362e9f9a300bb85b894e0da1c28a4cdb9de17bf4442ccbd,1AEA00,1,True,INSERT,identity,4.805713547693051e-11,,,,within_numeric_and_curve_sampling_tolerance,source_Point_to_delivery_Point,4.805713547693051e-11
PTECH,a7a07405270455fabebd1ba748a9aa9d8d56da27517de4369f73356dd347f4fd,1ACF2D,1,True,INSERT,identity,7.499885442698834e-12,,,,within_numeric_and_curve_sampling_tolerance,source_Point_to_delivery_Point,7.499885442698834e-12
PTECH,a7e4ff9a21ce7b9810e6c9166ac071c0655b70ec4ff0f09a22f294beac554f7f,1AD511,1,True,INSERT,identity,4.3655745685100555e-11,,,,within_numeric_and_curve_sampling_tolerance,source_Point_to_delivery_Point,4.3655745685100555e-11
PTECH,a9582ad29bc22386c0ad1e31b87a10b17cf908c7794838c1f25aff0557f94517,1B05A4,1,True,INSERT,identity,2.3646862246096134e-11,,,,within_numeric_and_curve_sampling_tolerance,source_Point_to_delivery_Point,2.3646862246096134e-11
PTECH,aa9a02c9edf5f6cedd92e1db7a0749c3e1eabea0d27017249d796ecd114b8935,1AC971,1,True,INSERT,identity,1.2862197421537486e-11,,,,within_numeric_and_curve_sampling_tolerance,source_Point_to_delivery_Point,1.2862197421537486e-11
PTECH,ace6b2b43e10030b9d59017951691087d14963405940aa25cd34b29f3e1ecc29,1AD4E1,1,True,INSERT,identity,6.259015402642127e-11,,,,within_numeric_and_curve_sampling_tolerance,source_Point_to_delivery_Point,6.259015402642127e-11
PTECH,b22842a7439e0a7a23aaecf439dbefe046f8e5c4b21edbffa86d9305e2d35abb,1ADFA8,1,True,INSERT,identity,5.506012118590774e-11,,,,within_numeric_and_curve_sampling_tolerance,source_Point_to_delivery_Point,5.506012118590774e-11
PTECH,b3332db71bd57ddc5cb319c8606ec711b5602f15227a34b8de5b63ef301ede2e,1B0534,1,True,INSERT,identity,8.134767913360665e-12,,,,within_numeric_and_curve_sampling_tolerance,source_Point_to_delivery_Point,8.134767913360665e-12
PTECH,b404af18943f5ab5bba62924e5765a9aed3fe9328841b66808629e1348b1f8d0,1ACF05,1,True,INSERT,identity,1.4665161412810538e-11,,,,within_numeric_and_curve_sampling_tolerance,source_Point_to_delivery_Point,1.4665161412810538e-11
PTECH,b4e9d345d6e0752023de20ef926598814cb3f626463abbea2ee30c5810e5225a,1B05D4,1,True,INSERT,identity,6.366462912410498e-11,,,,within_numeric_and_curve_sampling_tolerance,source_Point_to_delivery_Point,6.366462912410498e-11
PTECH,b614490c4ae67d849439ecfcad7f3f0cc28f308813d087df09e3cd784cb83943,1AC8C8,1,True,INSERT,identity,2.782518739109647e-11,,,,within_numeric_and_curve_sampling_tolerance,source_Point_to_delivery_Point,2.782518739109647e-11
PTECH,b6a8611211219600c6b26f2bfb6576565d5d91345e76a74c42ab48acd5304719,1B06AC,1,True,INSERT,identity,2.6233838256040975e-11,,,,within_numeric_and_curve_sampling_tolerance,source_Point_to_delivery_Point,2.6233838256040975e-11
PTECH,b729a02ebf3f74f257f0c6d2edfe92eb336832b756ad467d701f12972b5d2e5a,1AD4F9,1,True,INSERT,identity,6.477237116911004e-11,,,,within_numeric_and_curve_sampling_tolerance,source_Point_to_delivery_Point,6.477237116911004e-11
PTECH,ba053fe204f41ce0162500f6102f6f391a3b26088b25ae2bdb6f4be974b5d06a,1ADFE0,1,True,INSERT,identity,6.42852575659064e-11,,,,within_numeric_and_curve_sampling_tolerance,source_Point_to_delivery_Point,6.42852575659064e-11
PTECH,bb87fd8e83c1d290fcb87ea866b461474f558212e8db30a0177f45e01591e899,1AC8D8,1,True,INSERT,identity,4.3995484238431613e-11,,,,within_numeric_and_curve_sampling_tolerance,source_Point_to_delivery_Point,4.3995484238431613e-11
PTECH,bc699020e0d53d638a3958ed0a5f55cbd8f262ed2512816b2b76bc5239c68e8b,1AD4D1,1,True,INSERT,identity,5.866064565124215e-11,,,,within_numeric_and_curve_sampling_tolerance,source_Point_to_delivery_Point,5.866064565124215e-11
PTECH,bd28ddcfd8577a095048ad2ad5e32a3d20b4cd9bfc649ed30d943e7a4c74afdd,1B06B4,1,True,INSERT,identity,5.296977098100264e-11,,,,within_numeric_and_curve_sampling_tolerance,source_Point_to_delivery_Point,5.296977098100264e-11
PTECH,bd7f15e553650fcfafc072380cfd8960244b1dc33f11fc5e12a3888db7b8807b,1AD4E9,1,True,INSERT,identity,7.734449036604674e-11,,,,within_numeric_and_curve_sampling_tolerance,source_Point_to_delivery_Point,7.734449036604674e-11
PTECH,c282edb2ffe69d0081d9205b2c846c20f55d5f6a7f75ccc02ee82009c3a1164c,1B0624,1,True,INSERT,identity,5.093170329928398e-11,,,,within_numeric_and_curve_sampling_tolerance,source_Point_to_delivery_Point,5.093170329928398e-11
PTECH,c539a31599338b06b3908b5bbdd0e7644fae366d68dcee03d1242b8e8a23a4f2,1B066C,1,True,INSERT,identity,3.710024985479529e-11,,,,within_numeric_and_curve_sampling_tolerance,source_Point_to_delivery_Point,3.710024985479529e-11
PTECH,c5e59d959003dfa198a0dc6e9fd27d9d57bae0aad69b4a62be94e1538642b30c,1AD4A9,1,True,INSERT,identity,5.5412042317503864e-11,,,,within_numeric_and_curve_sampling_tolerance,source_Point_to_delivery_Point,5.5412042317503864e-11
PTECH,c6240c5cfcae987e795802efceea44c28fb3e44eb6e61a958eb49c52a490fbd2,1AD4A1,1,True,INSERT,identity,5.4082443047513174e-11,,,,within_numeric_and_curve_sampling_tolerance,source_Point_to_delivery_Point,5.4082443047513174e-11
PTECH,c676779c206f4680e700129eab14e0022e8834212d7fd75c70aa2b3325f46eee,1B0674,1,True,INSERT,identity,5.144878968614994e-11,,,,within_numeric_and_curve_sampling_tolerance,source_Point_to_delivery_Point,5.144878968614994e-11
PTECH,ca470524142abe5fbf501955087e17ec6c5aca0528f37aada67879d80be70496,1AD509,1,True,INSERT,identity,6.864124684985002e-11,,,,within_numeric_and_curve_sampling_tolerance,source_Point_to_delivery_Point,6.864124684985002e-11
PTECH,cb3067c80c78252b96afa6993b78dd8737b074440d6ea1c56c06b40ad6782b75,1B057C,1,True,INSERT,identity,3.9350757384061467e-11,,,,within_numeric_and_curve_sampling_tolerance,source_Point_to_delivery_Point,3.9350757384061467e-11
PTECH,cba27fe3301fb51181c81ecd98769b28b7646d083422b068dd994fca07e1d071,1AEA40,1,True,INSERT,identity,2.734540681262462e-11,,,,within_numeric_and_curve_sampling_tolerance,source_Point_to_delivery_Point,2.734540681262462e-11
PTECH,cbb7561559a2eb0c15159b59496b290a769c06c3e7e2334a5527b58514e19949,1B051C,1,True,INSERT,identity,5.777976248016272e-11,,,,within_numeric_and_curve_sampling_tolerance,source_Point_to_delivery_Point,5.777976248016272e-11
PTECH,cc081089451a83b44a53cdf4d5b9192ddd8becdca7d41d830e9532a42bb35885,1AC9C1,1,True,INSERT,identity,2.9004183887267527e-11,,,,within_numeric_and_curve_sampling_tolerance,source_Point_to_delivery_Point,2.9004183887267527e-11
PTECH,cdb807339024d9a055262b6f16af6ed1569e8e5b2a918c5d9276c2a65b258b5f,1B060C,1,True,INSERT,identity,2.300859821966427e-11,,,,within_numeric_and_curve_sampling_tolerance,source_Point_to_delivery_Point,2.300859821966427e-11
PTECH,ce764877ca006a66b090415227d9fcccae7c6fc90deb485cce651bb30d4b23eb,1ACF45,1,True,INSERT,identity,4.7746306330397376e-11,,,,within_numeric_and_curve_sampling_tolerance,source_Point_to_delivery_Point,4.7746306330397376e-11
PTECH,d0570a085225170fc89412391b10af3b46ea44b59de52f482a34c037e368efbc,1AC941,1,True,INSERT,identity,5.287599143684432e-11,,,,within_numeric_and_curve_sampling_tolerance,source_Point_to_delivery_Point,5.287599143684432e-11
PTECH,d2e7072b21da2f856d1ddc5e71679d7018499e711f50fc9e4e8e3cf37868fe93,1B29F0,1,True,INSERT,identity,5.325011868373421e-11,,,,within_numeric_and_curve_sampling_tolerance,source_Point_to_delivery_Point,5.325011868373421e-11
PTECH,d3332674bbde3057843a6339081a5e56a8c6061d37ed419b453cd4a4a7eaa86c,1B064C,1,True,INSERT,identity,5.638867150992155e-11,,,,within_numeric_and_curve_sampling_tolerance,source_Point_to_delivery_Point,5.638867150992155e-11
PTECH,d3d23c564eeeed3650d5cadef788910ee59685e71f23ef2f20c5df0a3b6be595,1AD499,1,True,INSERT,identity,4.729372449219227e-11,,,,within_numeric_and_curve_sampling_tolerance,source_Point_to_delivery_Point,4.729372449219227e-11
PTECH,d71844d696ad1e2b21e96f2ec57ad02075beb161c1ec2bd5731628fe59fa6c7a,1AEA68,1,True,INSERT,identity,5.523261807207373e-11,,,,within_numeric_and_curve_sampling_tolerance,source_Point_to_delivery_Point,5.523261807207373e-11
PTECH,d8ed9da10167034145d1396eb8ab6cfeeb25aac3d8175e8aeef97714e02ad3c3,1AD531,1,True,INSERT,identity,6.184563972055912e-11,,,,within_numeric_and_curve_sampling_tolerance,source_Point_to_delivery_Point,6.184563972055912e-11
PTECH,da95eace5f84fb1e6310ddbbecd832abe5c400303bac8433af604effa382feed,1B056C,1,True,INSERT,identity,1.9591115441051456e-11,,,,within_numeric_and_curve_sampling_tolerance,source_Point_to_delivery_Point,1.9591115441051456e-11
PTECH,db4c65f108058198c2877d2f63015496e2d03c8bd0d7ba6fa4a7c77f24335dfc,1ADFC8,1,True,INSERT,identity,1.1647215137477994e-11,,,,within_numeric_and_curve_sampling_tolerance,source_Point_to_delivery_Point,1.1647215137477994e-11
PTECH,dcdaa866efb99776919ee37454f2d3de46bdd1a093548fee13c36cc2c2295963,1ACF35,1,True,INSERT,identity,1.4665161412810538e-11,,,,within_numeric_and_curve_sampling_tolerance,source_Point_to_delivery_Point,1.4665161412810538e-11
PTECH,dd34a40bd3ad5d697bd82778f67fa60e4d09f0747fb61831f5c29cebef323fa8,1AC900,1,True,INSERT,identity,5.532240293449122e-11,,,,within_numeric_and_curve_sampling_tolerance,source_Point_to_delivery_Point,5.532240293449122e-11
PTECH,dd9997de76e01b1d239dc6193edec1b1e58206e4042467ea7f40f9af8d56aa2a,1AEA28,1,True,INSERT,identity,6.451645404365335e-11,,,,within_numeric_and_curve_sampling_tolerance,source_Point_to_delivery_Point,6.451645404365335e-11
PTECH,de5a959cfee9f2d9d6c565a46a2ee1c5e349b5b48bea606506db673834f59067,1AD4B1,1,True,INSERT,identity,5.144878968614994e-11,,,,within_numeric_and_curve_sampling_tolerance,source_Point_to_delivery_Point,5.144878968614994e-11
PTECH,e03e99c5c0c6998e28ea90940c2f3badf9954e2bee539c23a7c98dcc35bcc46f,1ACF1D,1,True,INSERT,identity,4.547473508864641e-11,,,,within_numeric_and_curve_sampling_tolerance,source_Point_to_delivery_Point,4.547473508864641e-11
PTECH,e09669e704ff56ddd6c215547e684af83b65c70955f21e52e405cae0e2e13393,1AE9F0,1,True,INSERT,identity,1.9675378692030733e-11,,,,within_numeric_and_curve_sampling_tolerance,source_Point_to_delivery_Point,1.9675378692030733e-11
PTECH,e0a8d734783449cba62eb80272d2009af3506d4b4c6c048e8f3822de58e66795,1AD539,1,True,INSERT,identity,5.4082443047513174e-11,,,,within_numeric_and_curve_sampling_tolerance,source_Point_to_delivery_Point,5.4082443047513174e-11
PTECH,e1379bb3a19f971ec96ecc0468eabcaaa0d2184a80e4aad4173e6b236974c5cd,1AC8F0,1,True,INSERT,identity,6.51289657615713e-11,,,,within_numeric_and_curve_sampling_tolerance,source_Point_to_delivery_Point,6.51289657615713e-11
PTECH,e1b8e3a689331e2809cc1eaaa461d6db4587fc335f7f03703353ef3be0630318,1AC979,1,True,INSERT,identity,4.9146387340829446e-11,,,,within_numeric_and_curve_sampling_tolerance,source_Point_to_delivery_Point,4.9146387340829446e-11
PTECH,e29ec61123102756bbba96b63868ad75da4d64da88a78abfccd871e5578885df,1B055C,1,True,INSERT,identity,4.067383956680332e-11,,,,within_numeric_and_curve_sampling_tolerance,source_Point_to_delivery_Point,4.067383956680332e-11
PTECH,e32d532bcef4b1164b024d1de66e2253c9ad65533b432e57400038a1947d91e0,1B061C,1,True,INSERT,identity,2.300859821966427e-11,,,,within_numeric_and_curve_sampling_tolerance,source_Point_to_delivery_Point,2.300859821966427e-11
PTECH,e3f0aaa7d72c0bd37fe605fff3c05b762ddf551db411e58d03f478be00d80afb,1AEA20,1,True,INSERT,identity,6.306412914767757e-11,,,,within_numeric_and_curve_sampling_tolerance,source_Point_to_delivery_Point,6.306412914767757e-11
PTECH,e4af435ca09d8db60253f3990022f550b7dc0f6f939430ab16f4bde25c067f1c,1B3E06,1,True,INSERT,identity,2.329443027495599e-11,,,,within_numeric_and_curve_sampling_tolerance,source_Point_to_delivery_Point,2.329443027495599e-11
PTECH,e507f851c1299c687c730d37d28216daf49a93a7fb38010923c27aaab4ab21ff,1AD529,1,True,INSERT,identity,3.354050734667139e-11,,,,within_numeric_and_curve_sampling_tolerance,source_Point_to_delivery_Point,3.354050734667139e-11
PTECH,e6812ffd7361f3c4966bb35d629777a068305804ef2da57f2e8a037624d33ca9,1B05F4,1,True,INSERT,identity,3.637978807091713e-11,,,,within_numeric_and_curve_sampling_tolerance,source_Point_to_delivery_Point,3.637978807091713e-11
PTECH,e6926c17f997d8b96c14a122f118bc77ac6a110ee4d964dc3eb5ba2ff3f89e71,1ACF6D,1,True,INSERT,identity,2.961100216652941e-11,,,,within_numeric_and_curve_sampling_tolerance,source_Point_to_delivery_Point,2.961100216652941e-11
PTECH,e90476c9322ac43b4146db25ead40640d92f4cf54eb3157cf525dcbe8109bf1f,1AEA80,1,True,INSERT,identity,4.968205861131596e-11,,,,within_numeric_and_curve_sampling_tolerance,source_Point_to_delivery_Point,4.968205861131596e-11
PTECH,e9bbcad0c05f0911bd8f5b218fab8aadcc14bfdfc37d4a4cd36f92ba9c2b6b4a,1B062C,1,True,INSERT,identity,5.5412042317503864e-11,,,,within_numeric_and_curve_sampling_tolerance,source_Point_to_delivery_Point,5.5412042317503864e-11
PTECH,ea25bf29c5b21a6839fb4284e475e4c071e040477e080ecce3d4e59d3a94e3f4,1B06A4,1,True,INSERT,identity,4.4925724197049816e-11,,,,within_numeric_and_curve_sampling_tolerance,source_Point_to_delivery_Point,4.4925724197049816e-11
PTECH,ed12fba053c8db42ebca6e529548faac7cf394432c94e19ccc0ef08603d1816d,1AD4C1,1,True,INSERT,identity,2.8413522799043327e-11,,,,within_numeric_and_curve_sampling_tolerance,source_Point_to_delivery_Point,2.8413522799043327e-11
PTECH,ee5b0c81ed0f76880d7ad35bb388a9a26a48e0782ece7aefd5be9ff7cd23bc60,1AD569,1,True,INSERT,identity,2.033691978340166e-11,,,,within_numeric_and_curve_sampling_tolerance,source_Point_to_delivery_Point,2.033691978340166e-11
PTECH,efbac5e1149bcac26ba29c88e6905d43d1a7a6f83d00f8e235a92a66cf64a8a7,1B29DE,1,True,INSERT,identity,7.131273663221749e-11,,,,within_numeric_and_curve_sampling_tolerance,source_Point_to_delivery_Point,7.131273663221749e-11
PTECH,f08fe9a58514cd43395e57871aa9502a4159b620fbf0757b7c1708cb2f46be2b,1AD571,1,True,INSERT,identity,5.1480935137387517e-11,,,,within_numeric_and_curve_sampling_tolerance,source_Point_to_delivery_Point,5.1480935137387517e-11
PTECH,f1025129ddde16cb5e4279d8ac2de690bfcc05b1acb5e8c6d7bbcc8d25af3da4,1AEAE0,1,True,INSERT,identity,9.275062463698822e-12,,,,within_numeric_and_curve_sampling_tolerance,source_Point_to_delivery_Point,9.275062463698822e-12
PTECH,f16ed17de3fe5bf30084aaa374825e43c6eac21e302504fb8e6c4fbb15140707,1AC989,1,True,INSERT,identity,5.708845429208019e-11,,,,within_numeric_and_curve_sampling_tolerance,source_Point_to_delivery_Point,5.708845429208019e-11
PTECH,f1b658667dbcd8f2c25655bdff5a3fac72742c23d1fbec89dd635779185d9620,1ACF65,1,True,INSERT,identity,3.749942721349417e-11,,,,within_numeric_and_curve_sampling_tolerance,source_Point_to_delivery_Point,3.749942721349417e-11
PTECH,f1dec05ce4349a3c4b2ca1802fcfc827f552253678a91e50f6aa4547cf64a101,1AC8B8,1,True,INSERT,identity,4.9112713895738125e-11,,,,within_numeric_and_curve_sampling_tolerance,source_Point_to_delivery_Point,4.9112713895738125e-11
PTECH,f1ecaa337c5ce23062e4cff78f5af72e0b50fba3290073afec64255f6500314e,1AD541,1,True,INSERT,identity,4.425792234759297e-11,,,,within_numeric_and_curve_sampling_tolerance,source_Point_to_delivery_Point,4.425792234759297e-11
PTECH,f3fa462fad11448360118cc2f1cf0da91443c2d6f010057d60976fb1f9874ea0,1B05AC,1,True,INSERT,identity,4.7746306330397376e-11,,,,within_numeric_and_curve_sampling_tolerance,source_Point_to_delivery_Point,4.7746306330397376e-11
PTECH,f58bf89dc4ab63931199121f4733f00fe54b95dea2c188c2410e7c66e6568d2a,1AC9A9,1,True,INSERT,identity,1.669610333072871e-11,,,,within_numeric_and_curve_sampling_tolerance,source_Point_to_delivery_Point,1.669610333072871e-11
PTECH,f79d54de2226128cc393f1119b2e3779d7506626c76fb8a7791cc79d7f652a44,1AEB11,1,True,INSERT,identity,4.373147123322745e-11,,,,within_numeric_and_curve_sampling_tolerance,source_Point_to_delivery_Point,4.373147123322745e-11
PTECH,f8fc86236f547b513316e397f594ec5031b186df60a9a402b0d346d88a683742,1AC961,1,True,INSERT,identity,6.621221372625331e-11,,,,within_numeric_and_curve_sampling_tolerance,source_Point_to_delivery_Point,6.621221372625331e-11
PTECH,f95e8e3587f7c8242d4e9fb5bbcd8507a957fc96ed863e35f11e9a306c3869ad,1ADFC0,1,True,INSERT,identity,4.0876702867979895e-11,,,,within_numeric_and_curve_sampling_tolerance,source_Point_to_delivery_Point,4.0876702867979895e-11
PTECH,f9f6decc02fb91cf348ff6463fd32ac97582b5c4b867b354a482360556abaafd,1B0524,1,True,INSERT,identity,4.440719063762554e-11,,,,within_numeric_and_curve_sampling_tolerance,source_Point_to_delivery_Point,4.440719063762554e-11
PTECH,fba42da843ea3ffc29f6c50e4b9f464dc1dfacc218bd9bf2e0ab95b3c8e731c4,1AC9B1,1,True,INSERT,identity,3.9727328235751984e-11,,,,within_numeric_and_curve_sampling_tolerance,source_Point_to_delivery_Point,3.9727328235751984e-11
PTECH,fc0ed95abff2ab0300131bc0da44d7442ec0fb4d086e7f3ff7c0552602658192,1B0634,1,True,INSERT,identity,5.296977098100264e-11,,,,within_numeric_and_curve_sampling_tolerance,source_Point_to_delivery_Point,5.296977098100264e-11
PTECH,fd94557ffd0f6cbc0169b0880f0a0294de5e749341d38c8ab86ad381048fea24,1ACF8D,1,True,INSERT,identity,4.964874847776148e-11,,,,within_numeric_and_curve_sampling_tolerance,source_Point_to_delivery_Point,4.964874847776148e-11
PTECH,fdcdde54a2e5aa73ff169848e6685a17aec1aa380e5d53fd04aa6faa2341cc3c,1ADFB8,1,True,INSERT,identity,6.366462912410498e-11,,,,within_numeric_and_curve_sampling_tolerance,source_Point_to_delivery_Point,6.366462912410498e-11
PTECH,fee9de747e7c674239f6f018f6ea4c1e6dd6ea35c02782b0259dece0b5b44c28,1AD4F1,1,True,INSERT,identity,5.866064565124215e-11,,,,within_numeric_and_curve_sampling_tolerance,source_Point_to_delivery_Point,5.866064565124215e-11
SITE,8d5d912f000b86c9028acb560c3256abcb67439f01d0ecd2b0f2f3a613150488,1BABB4,1,True,INSERT,identity,7.063677126624534e-11,,,,within_numeric_and_curve_sampling_tolerance,source_Point_to_delivery_Point,7.063677126624534e-11
SITE,da94fb5bd4c79a0c89810f2ac99aa24f686213c873afd0737ccaad7d97450af8,1BA661,1,True,INSERT,identity,4.8160299392743497e-11,,,,within_numeric_and_curve_sampling_tolerance,source_Point_to_delivery_Point,4.8160299392743497e-11
ZNRO,ad2d4f3d75ca177db4a3eb1a6585722185419ac421486b0f71727f9a9ade4ea6,18837E,1,True,LWPOLYLINE,repair_boundary_polygon,97.70506888572474,,,,explicit_derived_displacement,source_Polygon_to_delivery_Polygon,
ZPM,05a6384f01ffdfd365f973d21bd9b44d6a28c01c77384e0ead7c086943f9113b,19919D,1,True,LWPOLYLINE,identity,7.075377775900678e-11,,,,within_numeric_and_curve_sampling_tolerance,source_LineString_to_delivery_Polygon,
ZPM,060e367ce79681bd11d7fc7d89735b18ff36ec3b4452d97bbc226387ef083346,196E78,1,True,LWPOLYLINE,identity,7.598500296519131e-11,,,,within_numeric_and_curve_sampling_tolerance,source_LineString_to_delivery_Polygon,
ZPM,0654f9220f3025bcc169547d56c18fc7b43f6ec9a7693cb1b9865d2d5f677374,19A092,1,True,LWPOLYLINE,identity,6.264299502699055e-11,,,,within_numeric_and_curve_sampling_tolerance,source_LineString_to_delivery_Polygon,
ZPM,08cead2f697758b488c1a2b4de62ebbc5f6e07d334b4a2cb6828fe41d31b8d3f,194694,1,True,LWPOLYLINE,identity,6.710567229928243e-11,,,,within_numeric_and_curve_sampling_tolerance,source_LineString_to_delivery_Polygon,
ZPM,1ed1db3c0aa08d1ac9ebae92a4aaa440a72e6848d23f96ba5e016d29f56aee10,19647F,1,True,LWPOLYLINE,identity,7.1682954495329e-11,,,,within_numeric_and_curve_sampling_tolerance,source_LineString_to_delivery_Polygon,
ZPM,30cad18b3ffe3aff417f232eddd7e2c529bed96b36d2af6b86239dd8a6af1346,195F82,1,True,LWPOLYLINE,identity,7.332580706405269e-11,,,,within_numeric_and_curve_sampling_tolerance,source_LineString_to_delivery_Polygon,
ZPM,31bd6fd711ddfa0be5ebc442bb7199762ce3e2c514b3ab38d5b6747830344bef,199199,1,True,LWPOLYLINE,identity,7.598500296519131e-11,,,,within_numeric_and_curve_sampling_tolerance,source_LineString_to_delivery_Polygon,
ZPM,396fe296efa2151b513c62c072da1a0fcd17b3f6268186fd10f07814f9b35439,195589,1,True,LWPOLYLINE,identity,6.548993415852125e-11,,,,within_numeric_and_curve_sampling_tolerance,source_LineString_to_delivery_Polygon,
ZPM,3c07e8920623ae0026f0adfe1ee6662f2cdcd711f8ea6485a3c690c5e9d372e9,19A093,1,True,LWPOLYLINE,identity,6.827876633587388e-11,,,,within_numeric_and_curve_sampling_tolerance,source_LineString_to_delivery_Polygon,
ZPM,40e4793f1009fac7951ba16548c353fc8fed8ffed45dc72d2e2a7c416181b099,19B485,1,True,LWPOLYLINE,identity,7.316770410805026e-11,,,,within_numeric_and_curve_sampling_tolerance,source_LineString_to_delivery_Polygon,
ZPM,438880e808555f19908831b6d3a6ed844d7389364b9e6590430b41132bd11ac7,197375,1,True,LWPOLYLINE,identity,6.407904931187126e-11,,,,within_numeric_and_curve_sampling_tolerance,source_LineString_to_delivery_Polygon,
ZPM,4be1069066935bff32e6b51094171118f96f26faf9f300892a8fdbbbdbbebad9,199699,1,True,LWPOLYLINE,identity,6.111912668133824e-11,,,,within_numeric_and_curve_sampling_tolerance,source_LineString_to_delivery_Polygon,
ZPM,4d01ea1ea7a813efc6bf41112f952dc081326f56858b3cbd1c292d44108773bc,19C37B,1,True,LWPOLYLINE,identity,5.093170329928398e-11,,,,within_numeric_and_curve_sampling_tolerance,source_LineString_to_delivery_Polygon,
ZPM,575c841867dac7f1c98a6f47c3be92933b49c740b337ba5611387321afd06215,199198,1,True,LWPOLYLINE,identity,5.325011868373421e-11,,,,within_numeric_and_curve_sampling_tolerance,source_LineString_to_delivery_Polygon,
ZPM,57f911b48902f994f1852fbba359a6efec13c193cb3ebbb6f3c2c1f7979a46dd,19A591,1,True,LWPOLYLINE,identity,6.366462912410498e-11,,,,within_numeric_and_curve_sampling_tolerance,source_LineString_to_delivery_Polygon,
ZPM,5bca50e4823d0a0e37ce97104806ba6af0cf413766ea5f2df5a833b91e44ced8,19AF89,1,True,LWPOLYLINE,identity,6.67100569294862e-11,,,,within_numeric_and_curve_sampling_tolerance,source_LineString_to_delivery_Polygon,
ZPM,6022df74c3e2eb3c6b55f154cbd9bf4faf7db21a20e3d543d10b95d48a5922c2,19697C,1,True,LWPOLYLINE,identity,7.332580706405269e-11,,,,within_numeric_and_curve_sampling_tolerance,source_LineString_to_delivery_Polygon,
ZPM,61ad009e7165952bd67a80d0f2aba73e9017a068de4e0bfc92145451d0ea7085,19BE7E,1,True,LWPOLYLINE,identity,6.613721402644967e-11,,,,within_numeric_and_curve_sampling_tolerance,source_LineString_to_delivery_Polygon,
ZPM,6a5f5dffc3f6d3c4719aa8f61f4dfdb45fb68852e3d839bb9ada4c27a6820bbb,19969A,1,True,LWPOLYLINE,identity,6.591170288445369e-11,,,,within_numeric_and_curve_sampling_tolerance,source_LineString_to_delivery_Polygon,
ZPM,7049fd6116f75eaa918f491e1e3b71b700c9661ee309713c12ce0ff8570dead7,19BE7F,1,True,LWPOLYLINE,identity,7.598500296519131e-11,,,,within_numeric_and_curve_sampling_tolerance,source_LineString_to_delivery_Polygon,
ZPM,7823312f28d3404c5f99dfb446b904f1069be8834df3edca28418a2b9686ad43,19919A,1,True,LWPOLYLINE,identity,5.374490393549116e-11,,,,within_numeric_and_curve_sampling_tolerance,source_LineString_to_delivery_Polygon,
ZPM,7af328612f7d8503c98fdf63c67cee69fa769e98d18f0f2733c67f9845255b9a,19AA8D,1,True,LWPOLYLINE,identity,5.6972420728437374e-11,,,,within_numeric_and_curve_sampling_tolerance,source_LineString_to_delivery_Polygon,
ZPM,845e7a35adf7bda7c490696c435bc378cbf1aafb5c8043d27f26444844848d6b,19508D,1,True,LWPOLYLINE,identity,6.407904931187126e-11,,,,within_numeric_and_curve_sampling_tolerance,source_LineString_to_delivery_Polygon,
ZPM,8ae88095146120b558bf05d2b735cb595047d0c69b303811fa13c49295dfa461,19A095,1,True,LWPOLYLINE,identity,5.275069270282984e-11,,,,within_numeric_and_curve_sampling_tolerance,source_LineString_to_delivery_Polygon,
ZPM,8d797b0f393ca18571fe82614e9ceb54ea7988709ad81322859d0455f71ee5c4,194B91,1,True,LWPOLYLINE,identity,5.708845429208019e-11,,,,within_numeric_and_curve_sampling_tolerance,source_LineString_to_delivery_Polygon,
ZPM,8d98d619d1d71334af2c227e14286997f8e6773f3aa7775ea0542e32429a18d3,198C93,1,True,LWPOLYLINE,identity,5.532240293449122e-11,,,,within_numeric_and_curve_sampling_tolerance,source_LineString_to_delivery_Polygon,
ZPM,91e7fefcd7e1a4811223f407dc1bfee5b9de0e2631dd59e22b7c30332257b61a,197377,1,True,LWPOLYLINE,identity,6.67100569294862e-11,,,,within_numeric_and_curve_sampling_tolerance,source_LineString_to_delivery_Polygon,
ZPM,a93ef8d093181fcccd5da13add6153b01cc25f10ee653d86bd85074957ba672a,19647E,1,True,LWPOLYLINE,identity,7.075377775900678e-11,,,,within_numeric_and_curve_sampling_tolerance,source_LineString_to_delivery_Polygon,
ZPM,abcdd99524245a6ed7fb1f8971e59b00e64daeddbe62819c3b83643673ea02a2,194695,1,True,LWPOLYLINE,identity,7.075377775900678e-11,,,,within_numeric_and_curve_sampling_tolerance,source_LineString_to_delivery_Polygon,
ZPM,c1f055927ff501a895d04d60f522d421d8a99750e57b2b3f4d8d53584e840001,19BE7D,1,True,LWPOLYLINE,identity,7.1682954495329e-11,,,,within_numeric_and_curve_sampling_tolerance,source_LineString_to_delivery_Polygon,
ZPM,cd6faaac52aeb6d201369c9d57598784de5112b6e4eb2cd3210439f632a7a357,199B96,1,True,LWPOLYLINE,identity,6.558459564010244e-11,,,,within_numeric_and_curve_sampling_tolerance,source_LineString_to_delivery_Polygon,
ZPM,d91e5bfd99ed6e536846226cef4f23ed3fb72aad24d009a239e142945a243b81,196480,1,True,LWPOLYLINE,identity,6.945586607630243e-11,,,,within_numeric_and_curve_sampling_tolerance,source_LineString_to_delivery_Polygon,
ZPM,dc6c3d6c907a175fc1c2095c1b66c00045e39909f3dcffc081c4889161fc6d59,195A86,1,True,LWPOLYLINE,identity,6.556567427730828e-11,,,,within_numeric_and_curve_sampling_tolerance,source_LineString_to_delivery_Polygon,
ZPM,e2bc0416cffed018028c32edb99c77fef98c62471acd90af8a4896a87ca6525b,197374,1,True,LWPOLYLINE,identity,7.075377775900678e-11,,,,within_numeric_and_curve_sampling_tolerance,source_LineString_to_delivery_Polygon,
ZPM,f3a9361e326ed3f137d17c90c106d5f2ef3cf09c290262f8b0cb2bf4f76bd8d2,197378,1,True,LWPOLYLINE,identity,6.536350559629118e-11,,,,within_numeric_and_curve_sampling_tolerance,source_LineString_to_delivery_Polygon,
ZPM,f74b50176a9be8935d996baf15879d84b0771448ac3b3c873f9d34bc55cfcb4d,194198,1,True,LWPOLYLINE,identity,6.693287830048247e-11,,,,within_numeric_and_curve_sampling_tolerance,source_LineString_to_delivery_Polygon,
ZPM,f7fd47634547f33b12d7e7c5198f3a62842342ea5b998eb348fea61c416cfb5b,197376,1,True,LWPOLYLINE,identity,7.589786417165693e-11,,,,within_numeric_and_curve_sampling_tolerance,source_LineString_to_delivery_Polygon,
ZPM,fdfa7d8721fe7a49978bc7282e665cbe1e53f3a3ac4f11b0269ba48c99479e63,199195,1,True,LWPOLYLINE,identity,5.958405146578734e-11,,,,within_numeric_and_curve_sampling_tolerance,source_LineString_to_delivery_Polygon,
