layer,source_entity_key,source_handle,delivery_count,source_in_independent_plan,source_type,operations,hausdorff_native_m,delivery_union_length_native_m,source_curve_length_native_m,length_difference_native_m,status,distance_basis,point_anchor_displacement_m
BOITE,0060256225f58745e82258f853820bd2526c8f6874b0d914f0c80be3c537ca5b,A5EAA,1,True,LWPOLYLINE,collocate_with_support|rectangular_frame_centroid|select_device_number_label,3.6547286951385303,,,,explicit_derived_displacement,source_LineString_to_delivery_Point,
BOITE,04a61d8bbfaa19d5951bb7719043f6fd34c11b5e91c604bd4ea5454f1bb6d3b9,A5EBF,1,True,LWPOLYLINE,collocate_with_support|rectangular_frame_centroid|select_device_number_label,4.387527605475517,,,,explicit_derived_displacement,source_LineString_to_delivery_Point,
BOITE,0dfe87389736437b73dda76b686ab067f6e8fcd7b478aabd1a60e8532dd863d8,A5EB2,1,True,LWPOLYLINE,collocate_with_support|rectangular_frame_centroid|select_device_number_label,3.6422010906025517,,,,explicit_derived_displacement,source_LineString_to_delivery_Point,
BOITE,1099a72b7204d70c980818b9a15d0fae3fefe823501c0f1fca1e0e31508456e6,A5ED6,1,True,LWPOLYLINE,collocate_with_support|rectangular_frame_centroid|select_device_number_label,3.6560996321608332,,,,explicit_derived_displacement,source_LineString_to_delivery_Point,
BOITE,109c02ea94040025cfb0cf0ffe17a3bce5ccc1a430de84ae401450335a234729,A5EBB,1,True,LWPOLYLINE,collocate_with_support|rectangular_frame_centroid|select_device_number_label,4.357689716274093,,,,explicit_derived_displacement,source_LineString_to_delivery_Point,
BOITE,14282c8c157cc1d80d016555fd31d39e30cd8ce09f214723b419c6450fb0d74b,A5ECE,1,True,LWPOLYLINE,collocate_with_support|rectangular_frame_centroid|select_device_number_label,3.248276331560437,,,,explicit_derived_displacement,source_LineString_to_delivery_Point,
BOITE,16fbd486ba068bf5c4f10ee2850d3952adb2f57e02124b3b874b8bfbc6136448,A5EDF,1,True,LWPOLYLINE,collocate_with_support|rectangular_frame_centroid|select_device_number_label,2.767833298668748,,,,explicit_derived_displacement,source_LineString_to_delivery_Point,
BOITE,18d0582cd21a53f6acf497f56d774cc1b99d0f118537e07cd4548ddbd3673fea,A5B7D,1,True,LWPOLYLINE,collocate_with_support|rectangular_frame_centroid|select_device_number_label,2.48636799752127,,,,explicit_derived_displacement,source_LineString_to_delivery_Point,
BOITE,1ac35702908145b96c8fb596d3b73a044e74817af7e3defdf04783a70e1a6361,A5EEF,1,True,LWPOLYLINE,collocate_with_support|rectangular_frame_centroid|select_device_number_label,4.238939858688116,,,,explicit_derived_displacement,source_LineString_to_delivery_Point,
BOITE,1c807a394297027d1d03e4c4b5d5232df9e106e930b9a91e2674cffe20ed1292,A5B75,1,True,LWPOLYLINE,collocate_with_support|rectangular_frame_centroid|select_device_number_label,3.6893316969110335,,,,explicit_derived_displacement,source_LineString_to_delivery_Point,
BOITE,1ec886d8c841b0cc30255ec04b9d63dcf51a3994c42cbde7d14f32608651bd77,A5ECB,1,True,LWPOLYLINE,collocate_with_support|rectangular_frame_centroid|select_device_number_label,4.662614426462019,,,,explicit_derived_displacement,source_LineString_to_delivery_Point,
BOITE,2082248bf69727fdbfd5982ed3355665c072c2b865134f3eac0f0cd8a5dedd8f,A5EE2,1,True,LWPOLYLINE,collocate_with_support|rectangular_frame_centroid|select_device_number_label,4.3482606600560265,,,,explicit_derived_displacement,source_LineString_to_delivery_Point,
BOITE,24b9fe2cd7c273a5a52bbf10acd420a4c01c083a2ae4f3c558e43d95416e00e1,A5EDA,1,True,LWPOLYLINE,collocate_with_support|rectangular_frame_centroid|select_device_number_label,2.939219872824314,,,,explicit_derived_displacement,source_LineString_to_delivery_Point,
BOITE,2f83c812177ed3460656054fee1e8e022ce96b6106a1813802197392d466eff4,A5B99,1,True,LWPOLYLINE,collocate_with_support|rectangular_frame_centroid|select_device_number_label,3.428562331136972,,,,explicit_derived_displacement,source_LineString_to_delivery_Point,
BOITE,3f94552ec8a09f96f914b9c1ddb23e1b385bd38a98272263eafd5072dd447a42,A5B85,1,True,LWPOLYLINE,collocate_with_support|rectangular_frame_centroid|select_device_number_label,4.208943584121665,,,,explicit_derived_displacement,source_LineString_to_delivery_Point,
BOITE,522ca142c93f602dbb207c2a4164896a968c0589ee1e083e02e0aca02b2041b5,A5B79,1,True,LWPOLYLINE,collocate_with_support|rectangular_frame_centroid|select_device_number_label,3.2354219805573194,,,,explicit_derived_displacement,source_LineString_to_delivery_Point,
BOITE,5ea988db9f2b62d0daed8d78eee3911df8ab80e67d4ad8489e3585e32f988fb6,A5EB7,1,True,LWPOLYLINE,collocate_with_support|rectangular_frame_centroid|select_device_number_label,4.320352981839013,,,,explicit_derived_displacement,source_LineString_to_delivery_Point,
BOITE,6819aff37bab98bb3754bca4928112ae82d8ca167651de1784599a5fb91594cd,A5EF2,1,True,LWPOLYLINE,collocate_with_support|rectangular_frame_centroid|select_device_number_label,2.419946720850011,,,,explicit_derived_displacement,source_LineString_to_delivery_Point,
BOITE,6c317b326e5668e786c0b3f8e16216de1463a5e7caae495972ea06925a29cefc,A5EC7,1,True,LWPOLYLINE,collocate_with_support|rectangular_frame_centroid|select_device_number_label,2.700290183542436,,,,explicit_derived_displacement,source_LineString_to_delivery_Point,
BOITE,6f3dc8723c71676a994ef2e7c61427f7c91876789a830b549d39bf8944818576,A5EEB,1,True,LWPOLYLINE,collocate_with_support|rectangular_frame_centroid|select_device_number_label,4.534637529378747,,,,explicit_derived_displacement,source_LineString_to_delivery_Point,
BOITE,70204753936cff3858c0705f4f92658b2ea2aae98b881e29e0952ccd606c5f22,A5B72,1,True,LWPOLYLINE,collocate_with_support|rectangular_frame_centroid|select_device_number_label,4.326005821470237,,,,explicit_derived_displacement,source_LineString_to_delivery_Point,
BOITE,710d37d899904015e251de456d3b32ec748d1b839554988d72c2845b075a24f4,A5EA6,1,True,LWPOLYLINE,collocate_with_support|rectangular_frame_centroid|select_device_number_label,2.5490665349655526,,,,explicit_derived_displacement,source_LineString_to_delivery_Point,
BOITE,79f4fd0cbe5900d4a648b40c634e675aecc310f1b7f844b7e51cc66beddcb7c6,A5B92,1,True,LWPOLYLINE,collocate_with_support|rectangular_frame_centroid|select_device_number_label,2.767833298567411,,,,explicit_derived_displacement,source_LineString_to_delivery_Point,
BOITE,79f9b1001d09a234bf42201f25c35e568c39f23265129d8da14b33573fc85086,A5EC2,1,True,LWPOLYLINE,collocate_with_support|rectangular_frame_centroid|select_device_number_label,4.422822827988471,,,,explicit_derived_displacement,source_LineString_to_delivery_Point,
BOITE,801bb525a33ad5067b1235b1d42fadc36dcc1b692d66fe1e3222bd3114b76373,A5B8A,1,True,LWPOLYLINE,collocate_with_support|rectangular_frame_centroid|select_device_number_label,4.112324425171346,,,,explicit_derived_displacement,source_LineString_to_delivery_Point,
BOITE,b6d7ede4cbe180f5fc4628196287bb2cb451e54f9d06b06dff41c0133cf7116f,A5B81,1,True,LWPOLYLINE,collocate_with_support|rectangular_frame_centroid|select_device_number_label,2.4863679979029074,,,,explicit_derived_displacement,source_LineString_to_delivery_Point,
BOITE,ba79b54cc8d67b57edc8ea8fd1fbc241d9f487db486e66769a8419d832d10f24,A5B96,1,True,LWPOLYLINE,collocate_with_support|rectangular_frame_centroid|select_device_number_label,2.7678332976558946,,,,explicit_derived_displacement,source_LineString_to_delivery_Point,
BOITE,bd629f7fb6cf4f18f0165d81cd964030493bde6904dd76b202e37fe4191ab03c,A5B8E,1,True,LWPOLYLINE,collocate_with_support|rectangular_frame_centroid|select_device_number_label,4.183637578488305,,,,explicit_derived_displacement,source_LineString_to_delivery_Point,
BOITE,bf202af1bb503a43dabb61a960c62d403015d5c3d2d2d4143e7335c3ca476131,A5EE7,1,True,LWPOLYLINE,collocate_with_support|rectangular_frame_centroid|select_device_number_label,2.7002901838890936,,,,explicit_derived_displacement,source_LineString_to_delivery_Point,
BOITE,c2f43040ad292c8233ba1c8802ba663f4229fef6feef153bd64d143309a393f8,A5ED3,1,True,LWPOLYLINE,collocate_with_support|rectangular_frame_centroid|select_device_number_label,4.24594128345117,,,,explicit_derived_displacement,source_LineString_to_delivery_Point,
BOITE,cc59329f2c9770471b09669599d4303b0fa9541700505bc0296f9ed6479c5c51,A5EAE,1,True,LWPOLYLINE,collocate_with_support|rectangular_frame_centroid|select_device_number_label,3.781689344240601,,,,explicit_derived_displacement,source_LineString_to_delivery_Point,
CABLE,0bdf17f60ef12f3734f1788fbfb08d2e10b5b5cc2de08c5f2af8efdafba22e6b,A5B6A,33,True,LWPOLYLINE,bridge_cable_endpoint_to_pole|identity|segment_occurrence,2.742299206313704,1026.9882771781677,1026.3614431843844,0.6268339937832934,explicit_derived_displacement,source_LineString_to_delivery_MultiLineString,
CABLE,1226aa1c4c86a3f0a79e837e5aacd2b1492c1498fd595dda2d9bd2c7ffe109b1,A5B6D,1,True,LWPOLYLINE,identity|segment_occurrence,4.762536353186163e-10,26.33844067088161,26.33844067095142,-6.981082378842984e-11,within_numeric_and_curve_sampling_tolerance,source_LineString_to_delivery_LineString,
CABLE,21c1c43124a510a682778f5c522b3fd78e08a8f76797faacdc3eec672bff9361,A5E8A,1,True,LWPOLYLINE,identity|segment_occurrence,8.551486148559254e-10,34.97595651187968,34.97595651199558,-1.1589662562982994e-10,within_numeric_and_curve_sampling_tolerance,source_LineString_to_delivery_LineString,
CABLE,2892c5d7338493fe0fe655b72a60264aeeafecd22890f9f89c1d0741785fdd48,A5E86,1,True,LWPOLYLINE,identity|segment_occurrence,3.495883384736971e-10,33.8812794024611,33.881279402115965,3.4513192304075346e-10,within_numeric_and_curve_sampling_tolerance,source_LineString_to_delivery_LineString,
CABLE,3457540bf93727d2df87077c7bd79041aa6d2b5000b085f88ef5354308b0c981,A5E87,1,True,LWPOLYLINE,identity|segment_occurrence,2.6721234490706166e-10,41.3216801000399,41.321680100078524,-3.8625103115919046e-11,within_numeric_and_curve_sampling_tolerance,source_LineString_to_delivery_LineString,
CABLE,4892a37db7d689cb01f7a21974ca30a11ea027e76b492438ef965ee006260d53,A5E89,1,True,LWPOLYLINE,identity|segment_occurrence,8.930491508559874e-10,28.73234077560834,28.732340775975302,-3.6696334859698254e-10,within_numeric_and_curve_sampling_tolerance,source_LineString_to_delivery_LineString,
CABLE,5093ec8f81fee51651dfdf4f53b8a793f13acaa21564598e23d4e6850e74e3de,A5E90,1,True,LWPOLYLINE,identity|segment_occurrence,8.161935887221317e-10,33.66126879968531,33.66126879970884,-2.3533175408374518e-11,within_numeric_and_curve_sampling_tolerance,source_LineString_to_delivery_LineString,
CABLE,6bd53183d02a9cd5bab85e44f33f1290115f2619e0caa22c3eb69e678936cb8c,A5E8F,1,True,LWPOLYLINE,identity|segment_occurrence,6.807751622619187e-10,29.133898596172152,29.133898596042798,1.2935430504512624e-10,within_numeric_and_curve_sampling_tolerance,source_LineString_to_delivery_LineString,
CABLE,739c7ac53e9d237c1134684227e412397249e606bd6dff27229cba4cedd9b634,A5B6E,1,True,LWPOLYLINE,identity|segment_occurrence,9.170240794662752e-10,35.89287993057047,35.892879930574125,-3.652189661806915e-12,within_numeric_and_curve_sampling_tolerance,source_LineString_to_delivery_LineString,
CABLE,7909a332b131dc0364ebeb84ccbf0bfb2f0f3725cdb18325e84b6f61bf71cfc1,A5E88,2,True,LWPOLYLINE,identity|segment_occurrence,7.519278730490121e-10,78.27804277180908,78.27804277193644,-1.2735767995764036e-10,within_numeric_and_curve_sampling_tolerance,source_LineString_to_delivery_MultiLineString,
CABLE,8a2e27e03cdf9d9cad621a9328323fddc01a59ba31f8d8621c9b527cc4dbf367,A5B6C,1,True,LWPOLYLINE,identity|segment_occurrence,6.324373748002332e-10,42.928361018301715,42.92836101856108,-2.5936230940715177e-10,within_numeric_and_curve_sampling_tolerance,source_LineString_to_delivery_LineString,
CABLE,94e3db6176eb0853bac5ba2b8594a42ec3376175eca7d5229c40f4aedac81508,A5E8E,1,True,LWPOLYLINE,identity|segment_occurrence,7.608033264816292e-10,29.767064761022016,29.76706476092603,9.598721817383193e-11,within_numeric_and_curve_sampling_tolerance,source_LineString_to_delivery_LineString,
CABLE,9f17e4a43c9a68752ff940db14c3338729901b16b0a6fdd4a4e06ae1f63867cc,A5E85,69,True,LWPOLYLINE,identity|segment_occurrence,9.118790000701469e-10,2385.46793428705,2385.4679342897102,-2.660272002685815e-09,within_numeric_and_curve_sampling_tolerance,source_LineString_to_delivery_MultiLineString,
CABLE,9f4f4aeef8c1825d995c0bf3811fcb99f4c4330dfc8115691daeae7f0c440a4e,A5E8D,1,True,LWPOLYLINE,identity|segment_occurrence,8.509208807778186e-10,29.564707963168008,29.564707964406203,-1.2381953240492294e-09,within_numeric_and_curve_sampling_tolerance,source_LineString_to_delivery_LineString,
CABLE,ad5c285e6d236edaa842c2870f9cb6ca08da2479d29474373151661ac1934599,A5B6F,2,True,LWPOLYLINE,identity|segment_occurrence,8.034172488603129e-10,68.50840297955168,68.50840297935929,1.9238655113440473e-10,within_numeric_and_curve_sampling_tolerance,source_LineString_to_delivery_MultiLineString,
CABLE,d3487c01adc37f77a912b87087524ccc950f8aa2f2f083a04c69884271931421,A5E8B,1,True,LWPOLYLINE,identity|segment_occurrence,1.531897972390113e-10,36.78626329688825,36.78626329685414,3.411315674384241e-11,within_numeric_and_curve_sampling_tolerance,source_LineString_to_delivery_LineString,
CABLE,e16bec18309e8a9c226842ff90c3f98e6dd8272ba4b7649d33094681a23d009f,A5B6B,1,True,LWPOLYLINE,identity|segment_occurrence,5.605259639254117e-10,23.6507015780909,23.6507015784175,-3.2660096849213005e-10,within_numeric_and_curve_sampling_tolerance,source_LineString_to_delivery_LineString,
IMB,002e367f65c6285765315612d9991f9a064ed69bcb879655fbef32df2d6ac913,A4A47,1,True,TEXT,identity,6.414079601276498e-10,,,,within_numeric_and_curve_sampling_tolerance,source_Point_to_delivery_Point,6.414079601276498e-10
IMB,00f9639306725c8065e4eeba58f63347c17fc4f36c6ac93524d26ef5f3c95a7f,A4B11,1,True,TEXT,identity,7.991044507787778e-11,,,,within_numeric_and_curve_sampling_tolerance,source_Point_to_delivery_Point,7.991044507787778e-11
IMB,0122c50e55ed7d113c3ba62836be34400e3db765bc4f0c5289179e0b929e2136,A4AC7,1,True,TEXT,identity,8.158248588854595e-11,,,,within_numeric_and_curve_sampling_tolerance,source_Point_to_delivery_Point,8.158248588854595e-11
IMB,022c3bdd8bfb6886ae851d1ee3b193ae86655961b52b23b7f0e2de1834d5bffd,A4969,1,True,TEXT,identity,8.074166955595821e-11,,,,within_numeric_and_curve_sampling_tolerance,source_Point_to_delivery_Point,8.074166955595821e-11
IMB,0243bea9511f452c2d745df1baa7f27de3df912a81022ef7c4dddb5d18e7fbe9,A480F,1,True,TEXT,identity,7.961228766542713e-11,,,,within_numeric_and_curve_sampling_tolerance,source_Point_to_delivery_Point,7.961228766542713e-11
IMB,0244df8562dfd06503f51ddf2df3053c86ffb83c0006137e54f4de4aa51dc410,A4AC9,1,True,TEXT,identity,8.031313292559104e-11,,,,within_numeric_and_curve_sampling_tolerance,source_Point_to_delivery_Point,8.031313292559104e-11
IMB,0283c6ef00baac77deeae28315fa01cc43f48b5aeb795eed5d3b8227a7b32de4,A4A15,1,True,TEXT,identity,4.497403020461131e-11,,,,within_numeric_and_curve_sampling_tolerance,source_Point_to_delivery_Point,4.497403020461131e-11
IMB,02e740e8ec43f68a42b0b6ca84d44a6170c0049b14862afb3479eb9991becaa1,A48C1,1,True,TEXT,identity,8.333299489119424e-11,,,,within_numeric_and_curve_sampling_tolerance,source_Point_to_delivery_Point,8.333299489119424e-11
IMB,0343acc4bd31032a7354339c25a8dbe45d6d5fafe4d9deb8f4e8f027b2dce98f,A4917,1,True,TEXT,identity,8.446342931560304e-11,,,,within_numeric_and_curve_sampling_tolerance,source_Point_to_delivery_Point,8.446342931560304e-11
IMB,036be3d4dbc3256774b136be5f1da27c3969100711db677c137587d3c6d29231,A48FD,1,True,TEXT,identity,1.9362841027071925e-11,,,,within_numeric_and_curve_sampling_tolerance,source_Point_to_delivery_Point,1.9362841027071925e-11
IMB,04513001209aa1ef8a7e8f3a62d22c5b116523079a066f2bec9f0a95771244d3,A4989,1,True,TEXT,identity,8.022940630074281e-11,,,,within_numeric_and_curve_sampling_tolerance,source_Point_to_delivery_Point,8.022940630074281e-11
IMB,046181532334008583b7f37834d4b1852b94a541088f0a6eb514a34d4cb5b17b,A4979,1,True,TEXT,identity,8.228948285352452e-11,,,,within_numeric_and_curve_sampling_tolerance,source_Point_to_delivery_Point,8.228948285352452e-11
IMB,04c3581aea079daa1806bb9bdf931a860d51332233061403148ad07c2e7b9186,A482B,1,True,TEXT,identity,8.308322461095871e-11,,,,within_numeric_and_curve_sampling_tolerance,source_Point_to_delivery_Point,8.308322461095871e-11
IMB,04c87feb5e458104158d05165e71329c83f9cf80e0e0b7929f8795403d722d1f,A4AAD,1,True,TEXT,identity,8.22238039836946e-11,,,,within_numeric_and_curve_sampling_tolerance,source_Point_to_delivery_Point,8.22238039836946e-11
IMB,0538fccc6d7fb9af9b077e758d7d9b6a6fc74b0d28d0990ce5d954afe513a22f,A4847,1,True,TEXT,identity,8.737837519341393e-11,,,,within_numeric_and_curve_sampling_tolerance,source_Point_to_delivery_Point,8.737837519341393e-11
IMB,058cee69761f49e7573adf6c6a57a804b7497f21a7fc2b80352c914a02cd75f1,A47DD,1,True,TEXT,identity,7.896154485511749e-11,,,,within_numeric_and_curve_sampling_tolerance,source_Point_to_delivery_Point,7.896154485511749e-11
IMB,05dedaa636c0c6bb27cb89142674311edc4c630a2bd63afec9bf2b01034cad3a,A499D,1,True,TEXT,identity,8.566950088831676e-11,,,,within_numeric_and_curve_sampling_tolerance,source_Point_to_delivery_Point,8.566950088831676e-11
IMB,06290e7b2582ce5365baebcbee6872e8c6575385f833f39f7e8d532186f18fbf,A4A41,1,True,TEXT,identity,8.446342931560304e-11,,,,within_numeric_and_curve_sampling_tolerance,source_Point_to_delivery_Point,8.446342931560304e-11
IMB,06c3ccc938e0fc0d1b03498cbdf10dfd1d4b661ff6cb4097bc71fc925df2ea9d,A4B2B,1,True,TEXT,identity,8.295026720365346e-11,,,,within_numeric_and_curve_sampling_tolerance,source_Point_to_delivery_Point,8.295026720365346e-11
IMB,071360f6eeb289d8ab469983d3d0c1248233a18742b77747b43a1c21ebee316e,A4865,1,True,TEXT,identity,9.259489692770447e-10,,,,within_numeric_and_curve_sampling_tolerance,source_Point_to_delivery_Point,9.259489692770447e-10
IMB,079b661ac8bc0aaf324e5c8a7ad162a51e4a8c8b7a45c207fba34c56664115a1,A4B19,1,True,TEXT,identity,8.430996263088548e-11,,,,within_numeric_and_curve_sampling_tolerance,source_Point_to_delivery_Point,8.430996263088548e-11
IMB,07bbde6ab7d09b3d715b59c260b076f454d5fa02d18ebfd628c6931e2459cb6d,A4A7F,1,True,TEXT,identity,8.271528058091341e-11,,,,within_numeric_and_curve_sampling_tolerance,source_Point_to_delivery_Point,8.271528058091341e-11
IMB,08776f8cf4001e26e201571a03e0e37eaf608d26e208f5c9e8b21c5e37c293b3,A493F,1,True,TEXT,identity,8.380439720492882e-11,,,,within_numeric_and_curve_sampling_tolerance,source_Point_to_delivery_Point,8.380439720492882e-11
IMB,09e61921a3e3feaded68126ab142a1078cc79a6d902b96497611d40e24435d9a,A48B1,1,True,TEXT,identity,8.466517638332588e-11,,,,within_numeric_and_curve_sampling_tolerance,source_Point_to_delivery_Point,8.466517638332588e-11
IMB,0cc569de09b18c320d0a0e1366d413906771ec601d8b5d2b543320a70fa7a4c2,A4ACD,1,True,TEXT,identity,8.179892404513302e-11,,,,within_numeric_and_curve_sampling_tolerance,source_Point_to_delivery_Point,8.179892404513302e-11
IMB,0e52e9f93bc01f720d1760f84cfc48a99128271fb493ef8167924f8c5bae6a79,A498D,1,True,TEXT,identity,7.83357585845246e-11,,,,within_numeric_and_curve_sampling_tolerance,source_Point_to_delivery_Point,7.83357585845246e-11
IMB,0f2a8cbc38ff46932abe1e6245a710dd3e08adc389ac09c917a4f339e48785b1,A48D9,1,True,TEXT,identity,8.389472412404047e-11,,,,within_numeric_and_curve_sampling_tolerance,source_Point_to_delivery_Point,8.389472412404047e-11
IMB,0fa03cc676577b599e6aacf2ff72019858fcf6f81774ab6ce087fb721a586a3d,A4A75,1,True,TEXT,identity,8.816852216300612e-11,,,,within_numeric_and_curve_sampling_tolerance,source_Point_to_delivery_Point,8.816852216300612e-11
IMB,10942aa964a4e8a1953af7b9a52188530b9b39a200de0cef4446c4971f4cccee,A4971,1,True,TEXT,identity,8.238084325673849e-11,,,,within_numeric_and_curve_sampling_tolerance,source_Point_to_delivery_Point,8.238084325673849e-11
IMB,10ed61b5ae4b2d2d7a428608bb6e3d3e822abea711218cf731e6f5cf9fccf38a,A4A0D,1,True,TEXT,identity,8.425107495735986e-11,,,,within_numeric_and_curve_sampling_tolerance,source_Point_to_delivery_Point,8.425107495735986e-11
IMB,1210195000670eef7aa7f9a0d157d0ebb5aeaa4a71254829177e04ce1f6e9877,A497F,1,True,TEXT,identity,8.311588647499883e-11,,,,within_numeric_and_curve_sampling_tolerance,source_Point_to_delivery_Point,8.311588647499883e-11
IMB,13a11d448506f44c626ff1f0a5f9fe00d1465e991bd4db0defdce97900b27a0a,A4AF1,1,True,TEXT,identity,8.04118825070463e-11,,,,within_numeric_and_curve_sampling_tolerance,source_Point_to_delivery_Point,8.04118825070463e-11
IMB,13bbe144bf27ecd677e6060b47e547e48113a9e9c93507ef74ba15d2458b3713,A4AF7,1,True,TEXT,identity,8.217631912247021e-11,,,,within_numeric_and_curve_sampling_tolerance,source_Point_to_delivery_Point,8.217631912247021e-11
IMB,14d5ce56cdf0f71f4d1348c636f3bf13fff41acaf36cdd6bbc182883ecabb04b,A4A89,1,True,TEXT,identity,8.169773780644346e-11,,,,within_numeric_and_curve_sampling_tolerance,source_Point_to_delivery_Point,8.169773780644346e-11
IMB,159800c3b6346033b585dbad432f650e2c4f05c18d8ac1125185c5584416c587,A4905,1,True,TEXT,identity,8.587894992552645e-11,,,,within_numeric_and_curve_sampling_tolerance,source_Point_to_delivery_Point,8.587894992552645e-11
IMB,15af150e500907436d7a2acdc24b2a2c70d5a93e085bd4791d78c9370eb77f38,A49D7,1,True,TEXT,identity,7.946571709741493e-11,,,,within_numeric_and_curve_sampling_tolerance,source_Point_to_delivery_Point,7.946571709741493e-11
IMB,16dccb5469a861399955f32604dfed85a1b4c435a4ae85d3bd30af9caae49238,A4A17,1,True,TEXT,identity,8.249936652885815e-11,,,,within_numeric_and_curve_sampling_tolerance,source_Point_to_delivery_Point,8.249936652885815e-11
IMB,175cae82712c342a7a860fb826c9bca5fdf06e9efc0b482acbb18fffbb59b18e,A4AD9,1,True,TEXT,identity,8.528543792073715e-11,,,,within_numeric_and_curve_sampling_tolerance,source_Point_to_delivery_Point,8.528543792073715e-11
IMB,1814dd5c0ba93a0b9ccccd70195979f6bf01485b840f4fd2494d4369a58efca2,A4871,1,True,TEXT,identity,8.039130628293587e-11,,,,within_numeric_and_curve_sampling_tolerance,source_Point_to_delivery_Point,8.039130628293587e-11
IMB,18473d09ea41de319eb838b42d76e611816800dfa60b87339cc96049ec6a2058,A4B29,1,True,TEXT,identity,8.633016459559648e-11,,,,within_numeric_and_curve_sampling_tolerance,source_Point_to_delivery_Point,8.633016459559648e-11
IMB,186040534154f2c85788ae45c5147f4c0486cdf55914a0a23deb1d11226355e3,A4A51,1,True,TEXT,identity,8.576569999665416e-11,,,,within_numeric_and_curve_sampling_tolerance,source_Point_to_delivery_Point,8.576569999665416e-11
IMB,18819f7e406bf2b0b40a6d8eb09e45e100d7b982ea11c4290fdbe3e18cf1e30f,A49B3,1,True,TEXT,identity,7.865716172338445e-11,,,,within_numeric_and_curve_sampling_tolerance,source_Point_to_delivery_Point,7.865716172338445e-11
IMB,18f0efb29c60469f0f1bbe0fff3913812f9f9474695f5705402b60f78d87c0b4,A49C9,1,True,TEXT,identity,8.563570002145971e-11,,,,within_numeric_and_curve_sampling_tolerance,source_Point_to_delivery_Point,8.563570002145971e-11
IMB,192ae6439d24129d4f8edaf49bec4fe26b410981026cd32905bbd8f623870be7,A4845,1,True,TEXT,identity,8.046651255233691e-11,,,,within_numeric_and_curve_sampling_tolerance,source_Point_to_delivery_Point,8.046651255233691e-11
IMB,1b0d926b179676af26e9a3cd0ddad5d626ea4959db482466e8721f03a8f03e01,A4A4F,1,True,TEXT,identity,8.470638363451777e-11,,,,within_numeric_and_curve_sampling_tolerance,source_Point_to_delivery_Point,8.470638363451777e-11
IMB,1b4e76a46e3f8619b94877bcddc28e3b99003b88e63696e3def6047140be6d7a,A4AB7,1,True,TEXT,identity,8.536662812008082e-11,,,,within_numeric_and_curve_sampling_tolerance,source_Point_to_delivery_Point,8.536662812008082e-11
IMB,1be380d2a15b94c484ef11e70c09d3f722cde6afac0531e96b4fde0da4cdea8f,A4B0B,1,True,TEXT,identity,8.61731231535777e-11,,,,within_numeric_and_curve_sampling_tolerance,source_Point_to_delivery_Point,8.61731231535777e-11
IMB,1ca3c9291abefb36554d6c8845222cba2508632d61941ac83ed59a06132efc06,A49B7,1,True,TEXT,identity,8.366609787560309e-11,,,,within_numeric_and_curve_sampling_tolerance,source_Point_to_delivery_Point,8.366609787560309e-11
IMB,1cd4427c861f12a81f4407c8415de1b73cc13fac1fded1cf0943806fb4d42c9e,A4859,1,True,TEXT,identity,8.098749021221968e-11,,,,within_numeric_and_curve_sampling_tolerance,source_Point_to_delivery_Point,8.098749021221968e-11
IMB,1d72f8ef288d98f9b8159801e4ac16173b5bb0377ea455f19637df17eef7d124,A4A09,1,True,TEXT,identity,8.228948285352452e-11,,,,within_numeric_and_curve_sampling_tolerance,source_Point_to_delivery_Point,8.228948285352452e-11
IMB,1eaa7d340d3b6b45c351f6603186b91f6367fb52d7e2c91adc9a5e2ae798761c,A4875,1,True,TEXT,identity,7.962137849469004e-11,,,,within_numeric_and_curve_sampling_tolerance,source_Point_to_delivery_Point,7.962137849469004e-11
IMB,208fa804e3c209e158122971ceed0a348e1fa4efaf72076782fbcba31ddaa6e7,A490D,1,True,TEXT,identity,8.585847962028986e-11,,,,within_numeric_and_curve_sampling_tolerance,source_Point_to_delivery_Point,8.585847962028986e-11
IMB,20c63afdf3637702ae3a1048e9580d116c15598994da276707406b9db6676f1a,A47E7,1,True,TEXT,identity,8.119660076622083e-11,,,,within_numeric_and_curve_sampling_tolerance,source_Point_to_delivery_Point,8.119660076622083e-11
IMB,211e4b5418dc2bc4bf09a4211e3b303ba955964af3bb0517c4768d907957dd4a,A4889,1,True,TEXT,identity,7.990785719964116e-11,,,,within_numeric_and_curve_sampling_tolerance,source_Point_to_delivery_Point,7.990785719964116e-11
IMB,22474136f7680adcddea55a21ec66ed7468f2132695de21cd3aa029d95e379b3,A4B07,1,True,TEXT,identity,8.146072470248179e-11,,,,within_numeric_and_curve_sampling_tolerance,source_Point_to_delivery_Point,8.146072470248179e-11
IMB,22889d71d80ee0288a8733e433cb263b1a96cd270d1c14d59f99b1765470d5f9,A49D3,1,True,TEXT,identity,8.573555515121848e-11,,,,within_numeric_and_curve_sampling_tolerance,source_Point_to_delivery_Point,8.573555515121848e-11
IMB,22da36b9dfd634eb11e9fb79ae55f8f99f4ebe171d29fc80c2a50eeca2a5af33,A4AB1,1,True,TEXT,identity,8.316283485762053e-11,,,,within_numeric_and_curve_sampling_tolerance,source_Point_to_delivery_Point,8.316283485762053e-11
IMB,2351bcf9b50b981bc31395b51aa917bb81fadbf86af61a10875df0675b8cefbf,A4805,1,True,TEXT,identity,8.217852101392466e-11,,,,within_numeric_and_curve_sampling_tolerance,source_Point_to_delivery_Point,8.217852101392466e-11
IMB,235f80d2a55272612605368efcd5a13d2b6d6fc02cd8cb577f9917c4d96a4624,A49DB,1,True,TEXT,identity,8.204756315765677e-11,,,,within_numeric_and_curve_sampling_tolerance,source_Point_to_delivery_Point,8.204756315765677e-11
IMB,23cb6504d1c19fa38e9da028ccc7645fcbf39ac5aefef761588142b033d331e7,A4857,1,True,TEXT,identity,8.543079854308107e-11,,,,within_numeric_and_curve_sampling_tolerance,source_Point_to_delivery_Point,8.543079854308107e-11
IMB,23e76e4ac9916b6ea9faea6a72f021abb7e47e9caea7d5054613581eabb1577d,A4A01,1,True,TEXT,identity,8.655085802496003e-11,,,,within_numeric_and_curve_sampling_tolerance,source_Point_to_delivery_Point,8.655085802496003e-11
IMB,241cdd0514a8a1827e84025f8e681f0cdfb5bb62c8aa69c5bffa8c92aa8bbfc2,A4A49,1,True,TEXT,identity,8.503805859072743e-11,,,,within_numeric_and_curve_sampling_tolerance,source_Point_to_delivery_Point,8.503805859072743e-11
IMB,24bd2ee13cb501fe4301761b9363092ddc6b8d4a8fb44452ce2b3b333637ee72,A4939,1,True,TEXT,identity,8.422345718696816e-11,,,,within_numeric_and_curve_sampling_tolerance,source_Point_to_delivery_Point,8.422345718696816e-11
IMB,254e95f8a6719b0e8f129bf5a8436a2ae4f1b842ddebc2823b5a31512aee0184,A49F3,1,True,TEXT,identity,8.440434245708541e-11,,,,within_numeric_and_curve_sampling_tolerance,source_Point_to_delivery_Point,8.440434245708541e-11
IMB,25818b2217e11313e8da79fd96fa5af35805e1329320a442d709b988b6665f3f,A4853,1,True,TEXT,identity,5.077315775978818e-10,,,,within_numeric_and_curve_sampling_tolerance,source_Point_to_delivery_Point,5.077315775978818e-10
IMB,25e9ef685412feeaf6b0df057d31c2640ba485a2651c8349c54e0f3aabd70611,A4AD1,1,True,TEXT,identity,8.383307806702522e-11,,,,within_numeric_and_curve_sampling_tolerance,source_Point_to_delivery_Point,8.383307806702522e-11
IMB,264a868c0908d78d00a5f1cc975bf2ee7da9cbdaf668deadc3552aea05e32f9e,A4A3D,1,True,TEXT,identity,6.421633206518428e-10,,,,within_numeric_and_curve_sampling_tolerance,source_Point_to_delivery_Point,6.421633206518428e-10
IMB,28642d5d5902368d17ed2858c12488c8e0cb6071f3f5f74a38e3500815ce7ce2,A4881,1,True,TEXT,identity,8.215744334642473e-11,,,,within_numeric_and_curve_sampling_tolerance,source_Point_to_delivery_Point,8.215744334642473e-11
IMB,28a25cd2eee4bbee792fc8e2d6a08da44b87cb7464278b977be451b6d30e1605,A4895,1,True,TEXT,identity,8.0497346080543e-11,,,,within_numeric_and_curve_sampling_tolerance,source_Point_to_delivery_Point,8.0497346080543e-11
IMB,2956ea8c94f0ac41a6314bbe2c36cf0ae53eb1546af009229e7fd2e2cdd17e4e,A48CD,1,True,TEXT,identity,8.230832834894401e-11,,,,within_numeric_and_curve_sampling_tolerance,source_Point_to_delivery_Point,8.230832834894401e-11
IMB,2a51eb75bf3d9fb7eb65abb6515a3cdc694fec63857922e8deb35863bb3e4fc2,A48BF,1,True,TEXT,identity,8.300104656959388e-11,,,,within_numeric_and_curve_sampling_tolerance,source_Point_to_delivery_Point,8.300104656959388e-11
IMB,2b0150fa96967d7149a9a5e9f8c0f7da207ee676dd76d3bc020570f94ee1442b,A4AAB,1,True,TEXT,identity,8.35065228528596e-11,,,,within_numeric_and_curve_sampling_tolerance,source_Point_to_delivery_Point,8.35065228528596e-11
IMB,2b2089c7fe82215642d98d05731b9827088a8bf353f0780fa117dba27c94fc8b,A4827,1,True,TEXT,identity,8.353066421656994e-11,,,,within_numeric_and_curve_sampling_tolerance,source_Point_to_delivery_Point,8.353066421656994e-11
IMB,2b5a62eaf5e55bb71a9ce6548ac34a2f3dd9b65531403d66947f058a28f9ab86,A485F,1,True,TEXT,identity,8.127678678833683e-11,,,,within_numeric_and_curve_sampling_tolerance,source_Point_to_delivery_Point,8.127678678833683e-11
IMB,2b82ebf7b26676dfaf9bce2921d9e007ee3dd15ee17810907509ca3fd8ec7de6,A4A7D,1,True,TEXT,identity,8.153684675189385e-11,,,,within_numeric_and_curve_sampling_tolerance,source_Point_to_delivery_Point,8.153684675189385e-11
IMB,2bfb939e78a6201f404b6b9790b4fb2e2e0a61b0400dcd15c0629a56d17221a4,A4855,1,True,TEXT,identity,8.501130463362475e-11,,,,within_numeric_and_curve_sampling_tolerance,source_Point_to_delivery_Point,8.501130463362475e-11
IMB,2c6683c6c0de1bedf896f28da5b593bfeb2ed7d5781ada7b67dc978b1fe38c1c,A49B9,1,True,TEXT,identity,8.665115012347154e-11,,,,within_numeric_and_curve_sampling_tolerance,source_Point_to_delivery_Point,8.665115012347154e-11
IMB,2cc11cbec7c8dfc7b3e71cacd0f410594926cc3b0e99fef6588b2579698d8282,A491F,1,True,TEXT,identity,8.612541463879534e-11,,,,within_numeric_and_curve_sampling_tolerance,source_Point_to_delivery_Point,8.612541463879534e-11
IMB,2ce61441bbf68c08a294c11a8e87a5f82211bffa44e434c9b91780d7a89429ea,A4967,1,True,TEXT,identity,3.954661647369499e-10,,,,within_numeric_and_curve_sampling_tolerance,source_Point_to_delivery_Point,3.954661647369499e-10
IMB,2cf25534cde2fca6525541bc2281075af2bbe338e2c07edfc1dc0d5ea429da33,A4819,1,True,TEXT,identity,8.152194511413751e-11,,,,within_numeric_and_curve_sampling_tolerance,source_Point_to_delivery_Point,8.152194511413751e-11
IMB,2dffde3fe6cb5d6d5d7a165fc6025914fd94cd29c1fd94fe684d055e286f1416,A4A8F,1,True,TEXT,identity,8.129205134866768e-11,,,,within_numeric_and_curve_sampling_tolerance,source_Point_to_delivery_Point,8.129205134866768e-11
IMB,2eaafaa8e53a4a266eb45ae5152d4906854466b7e84a89f0b1afc2f412e10e47,A4947,1,True,TEXT,identity,8.595687306130197e-11,,,,within_numeric_and_curve_sampling_tolerance,source_Point_to_delivery_Point,8.595687306130197e-11
IMB,32c262dfdb13a2c50d12b8ea81afc15c39fcdec1586b551b2f1e6f329cd38f8e,A47F3,1,True,TEXT,identity,8.022940630074281e-11,,,,within_numeric_and_curve_sampling_tolerance,source_Point_to_delivery_Point,8.022940630074281e-11
IMB,32e5ba5b3402041271254108727a69f0a04dccaeb58e7797212de12806208ff9,A49D5,1,True,TEXT,identity,8.008331963821656e-11,,,,within_numeric_and_curve_sampling_tolerance,source_Point_to_delivery_Point,8.008331963821656e-11
IMB,340e45527bfc9b8a3db97f028ed43c8a894b065ec7253e1a0c7983c2aa9884ae,A48EF,1,True,TEXT,identity,8.51571331943927e-11,,,,within_numeric_and_curve_sampling_tolerance,source_Point_to_delivery_Point,8.51571331943927e-11
IMB,342e1b63860f9dad5379d0e7e538e073a6860468d26ad46e7d2618606b80e642,A4849,1,True,TEXT,identity,8.498575890874332e-11,,,,within_numeric_and_curve_sampling_tolerance,source_Point_to_delivery_Point,8.498575890874332e-11
IMB,364aad493274cc48b638e6cce45cc6a534a960aed6362df056711750757cfbe9,A4AD7,1,True,TEXT,identity,8.47640401315551e-11,,,,within_numeric_and_curve_sampling_tolerance,source_Point_to_delivery_Point,8.47640401315551e-11
IMB,36f9404934ff37248475bbddbdc9191c6fe2fa99281da07a814f65b8c8ac9a03,A491B,1,True,TEXT,identity,8.26105232249736e-11,,,,within_numeric_and_curve_sampling_tolerance,source_Point_to_delivery_Point,8.26105232249736e-11
IMB,385dd11ae776afe8fe819a5ed1c341bdf479c32946f90709c1372989fc444279,A4A81,1,True,TEXT,identity,8.104205120596985e-11,,,,within_numeric_and_curve_sampling_tolerance,source_Point_to_delivery_Point,8.104205120596985e-11
IMB,3868f7c9fd58c6105bdcdc938465a4bba4736fe905f3299d222f609261627f7d,A4A2B,1,True,TEXT,identity,6.409838531994072e-10,,,,within_numeric_and_curve_sampling_tolerance,source_Point_to_delivery_Point,6.409838531994072e-10
IMB,387d6c40331259248145c20404463927489c3eab67fa33de98805217a3ec2d63,A49E9,1,True,TEXT,identity,8.594755007584544e-11,,,,within_numeric_and_curve_sampling_tolerance,source_Point_to_delivery_Point,8.594755007584544e-11
IMB,38905ceee440c5a4cb44b3ba74107694f7731ddff5744553dcf6ebed376885a9,A489D,1,True,TEXT,identity,8.540114084985407e-11,,,,within_numeric_and_curve_sampling_tolerance,source_Point_to_delivery_Point,8.540114084985407e-11
IMB,39ad13c7a516fc6a0e2231d428a633fd41919dff2ca82f71bce549ba54bd211e,A4B2D,1,True,TEXT,identity,7.942992715025667e-11,,,,within_numeric_and_curve_sampling_tolerance,source_Point_to_delivery_Point,7.942992715025667e-11
IMB,39da7e74631a9ae558937916977da9bfc4827326f6e4c9fe73e69582d08c0bbe,A4887,1,True,TEXT,identity,8.592348608487201e-11,,,,within_numeric_and_curve_sampling_tolerance,source_Point_to_delivery_Point,8.592348608487201e-11
IMB,3b07dad1325bf7cd6bd0ce0d58797c82ed96338aaefe09bf0f6efaf9be297f31,A48A1,1,True,TEXT,identity,8.39560170250917e-11,,,,within_numeric_and_curve_sampling_tolerance,source_Point_to_delivery_Point,8.39560170250917e-11
IMB,3ba15d0fa6d40fd7d8721b1f9abc855ba0480616e6b0f8a8d2fac15324f043e0,A4A25,1,True,TEXT,identity,8.373404126848651e-11,,,,within_numeric_and_curve_sampling_tolerance,source_Point_to_delivery_Point,8.373404126848651e-11
IMB,3c76a4c85d085f84a56a97410f5a573c6ba70eeaed792b60f94e829bb9f9a2bd,A4991,1,True,TEXT,identity,8.076215651611689e-11,,,,within_numeric_and_curve_sampling_tolerance,source_Point_to_delivery_Point,8.076215651611689e-11
IMB,3c833dc03b291275bbb81dd8af335d8d6e1512adbf56c48687ea2fdfe8768c51,A4809,1,True,TEXT,identity,8.506632351401144e-11,,,,within_numeric_and_curve_sampling_tolerance,source_Point_to_delivery_Point,8.506632351401144e-11
IMB,3e1645b835c3ec841eb39a7e809196e0b46e359be85d48f27858ab2d384b806d,A4803,1,True,TEXT,identity,8.51899102184189e-11,,,,within_numeric_and_curve_sampling_tolerance,source_Point_to_delivery_Point,8.51899102184189e-11
IMB,3e31932cb20b2fac6d31776f0c3316559c66f9f39b327696694c1a0c5176e43a,A4A53,1,True,TEXT,identity,8.410367538398115e-11,,,,within_numeric_and_curve_sampling_tolerance,source_Point_to_delivery_Point,8.410367538398115e-11
IMB,3e3b25c746581bec3e3dc9eaca906aacc0480a3efe0e947086fb79dbf1892511,A4A6B,1,True,TEXT,identity,8.247899766864522e-11,,,,within_numeric_and_curve_sampling_tolerance,source_Point_to_delivery_Point,8.247899766864522e-11
IMB,3e3ded6c5201c40a6b3aacf51da82738df6f15721bb7f33aea2783e95ad8cf58,A4A4B,1,True,TEXT,identity,8.136928424182907e-11,,,,within_numeric_and_curve_sampling_tolerance,source_Point_to_delivery_Point,8.136928424182907e-11
IMB,3f0981fdf414c989ecde9525a409cbd54e7dab4dd3ec99ca6ea98052a536e72f,A482D,1,True,TEXT,identity,8.45988974807706e-11,,,,within_numeric_and_curve_sampling_tolerance,source_Point_to_delivery_Point,8.45988974807706e-11
IMB,3f2cd44f36a133de841a2ae96804a4adf7c3cf0f2d76dd329b5bf92f99d8d102,A48AF,1,True,TEXT,identity,8.546740251751502e-11,,,,within_numeric_and_curve_sampling_tolerance,source_Point_to_delivery_Point,8.546740251751502e-11
IMB,3fceb77d5faaff3d5ede287a1c83933cbcb456210f0e4375f1adfd851cacab1d,A495D,1,True,TEXT,identity,8.4046488555282e-11,,,,within_numeric_and_curve_sampling_tolerance,source_Point_to_delivery_Point,8.4046488555282e-11
IMB,3fdbf48bede5a47f809691d9f2f68f920165c6e2318d78122db4f07de345f5b0,A495B,1,True,TEXT,identity,8.100536218682264e-11,,,,within_numeric_and_curve_sampling_tolerance,source_Point_to_delivery_Point,8.100536218682264e-11
IMB,3ff54e5a8163e34d69dd1e89519eb8eca0ffb78dbc77748a831feabdb388e057,A47FF,1,True,TEXT,identity,8.597311068609852e-11,,,,within_numeric_and_curve_sampling_tolerance,source_Point_to_delivery_Point,8.597311068609852e-11
IMB,407856d67b92473988d7fb8fdca5769369682fb66afc4642937ebb7934d64eef,A4B27,1,True,TEXT,identity,8.331314011058276e-11,,,,within_numeric_and_curve_sampling_tolerance,source_Point_to_delivery_Point,8.331314011058276e-11
IMB,40adca1514e4134e719c48b4901eb744e65b2bca4020327c5640f6f1e0a8bd82,A4981,1,True,TEXT,identity,8.562694583660673e-11,,,,within_numeric_and_curve_sampling_tolerance,source_Point_to_delivery_Point,8.562694583660673e-11
IMB,411ed9f5b26d1b1288efea361d46d8bf21b5d9e44d0dd99f02cec55d4feb132c,A4AFB,1,True,TEXT,identity,7.89785660980087e-11,,,,within_numeric_and_curve_sampling_tolerance,source_Point_to_delivery_Point,7.89785660980087e-11
IMB,413ba6a0e665959295f77be02aaec878b70fc7d3db8cd090d8e4c15816910404,A48C3,1,True,TEXT,identity,8.566950088831676e-11,,,,within_numeric_and_curve_sampling_tolerance,source_Point_to_delivery_Point,8.566950088831676e-11
IMB,43b1b0b6c123a3c566eecaf73be61419243c882ef769781c10fb6ad288fa3169,A49F9,1,True,TEXT,identity,3.975525170002365e-10,,,,within_numeric_and_curve_sampling_tolerance,source_Point_to_delivery_Point,3.975525170002365e-10
IMB,43d7d057abfbb9c19a874971d4a303c5bb483d47529d0a948f3c6430de0d9b0c,A4B0F,1,True,TEXT,identity,8.570660612468743e-11,,,,within_numeric_and_curve_sampling_tolerance,source_Point_to_delivery_Point,8.570660612468743e-11
IMB,448918850cea85163a314a98258d4ee20fd07b6349d1f05356b71e993a78f95b,A490B,1,True,TEXT,identity,8.119500897252016e-11,,,,within_numeric_and_curve_sampling_tolerance,source_Point_to_delivery_Point,8.119500897252016e-11
IMB,45225ae043d22a530964b5684b8ca4bf54cec6726ceaef6110a6f5d9ed235200,A482F,1,True,TEXT,identity,8.119278040891098e-11,,,,within_numeric_and_curve_sampling_tolerance,source_Point_to_delivery_Point,8.119278040891098e-11
IMB,45230df425bec90fe3abee66820e40bf0d2a119caf2e863f1acdbcd4068041c7,A48D7,1,True,TEXT,identity,8.183967936539188e-11,,,,within_numeric_and_curve_sampling_tolerance,source_Point_to_delivery_Point,8.183967936539188e-11
IMB,455581d755052508614d591c1920ae91ffe6ea68011020941101375f00159ee7,A4A5F,1,True,TEXT,identity,7.974821715633493e-11,,,,within_numeric_and_curve_sampling_tolerance,source_Point_to_delivery_Point,7.974821715633493e-11
IMB,4565b5af22d8955822cf256984668a6e17e0ddc1349b4e726f9390a514261860,A49DF,1,True,TEXT,identity,8.055737333987451e-11,,,,within_numeric_and_curve_sampling_tolerance,source_Point_to_delivery_Point,8.055737333987451e-11
IMB,45ed11166ec7ffc6b8e24038d3e2cddd3f9a5b872358071bc69b9f4f66145d63,A49AB,1,True,TEXT,identity,8.521660810189123e-11,,,,within_numeric_and_curve_sampling_tolerance,source_Point_to_delivery_Point,8.521660810189123e-11
IMB,465983f565bd26c49e18594bc14af2420eedb1a2c94ef671a66036b044242fda,A47F7,1,True,TEXT,identity,8.298360440173683e-11,,,,within_numeric_and_curve_sampling_tolerance,source_Point_to_delivery_Point,8.298360440173683e-11
IMB,4792ee28eab827d00e4dc0c1e5b2cf0e93c4d737fcbe2f681c2084842a606338,A494B,1,True,TEXT,identity,7.965643340326896e-11,,,,within_numeric_and_curve_sampling_tolerance,source_Point_to_delivery_Point,7.965643340326896e-11
IMB,47afe8dd5969d3f310c7f8de975e9924e91532928cc751df4bd100d1604bc191,A47F1,1,True,TEXT,identity,7.86400709141838e-11,,,,within_numeric_and_curve_sampling_tolerance,source_Point_to_delivery_Point,7.86400709141838e-11
IMB,47c46e02331552b7bef3734d1264c21af344e903af8a737ea4a41e55461558b6,A4835,1,True,TEXT,identity,8.149625717381994e-11,,,,within_numeric_and_curve_sampling_tolerance,source_Point_to_delivery_Point,8.149625717381994e-11
IMB,48d360ccbde381d8f3105e821696cebc71f12a7c1757d5989108a1f6dfcf0737,A48E5,1,True,TEXT,identity,7.948913451889428e-11,,,,within_numeric_and_curve_sampling_tolerance,source_Point_to_delivery_Point,7.948913451889428e-11
IMB,49f55c6034b1a2283ab5bd6773f9db13771aff85de0e7985a50a01292877ce5b,A4A6F,1,True,TEXT,identity,7.991044507787778e-11,,,,within_numeric_and_curve_sampling_tolerance,source_Point_to_delivery_Point,7.991044507787778e-11
IMB,4ae0e0e7ae3e1043df3ce2ac76ec0f9654689b8ec2819493e88f893b7a5a0e58,A47E9,1,True,TEXT,identity,7.991432673810081e-11,,,,within_numeric_and_curve_sampling_tolerance,source_Point_to_delivery_Point,7.991432673810081e-11
IMB,4b07abedc1f2e195397f3c1d602b48aba95682bea59868df3893f1402647aa38,A49B5,1,True,TEXT,identity,8.331220930164282e-11,,,,within_numeric_and_curve_sampling_tolerance,source_Point_to_delivery_Point,8.331220930164282e-11
IMB,4b257375cdfbef9b52c486cfe6bb4dd3050761c8385ab62cfe4c60b3d0b1cf46,A493B,1,True,TEXT,identity,8.135594058776298e-11,,,,within_numeric_and_curve_sampling_tolerance,source_Point_to_delivery_Point,8.135594058776298e-11
IMB,4bb3226327733f778b8892d2f893c81a5a067e3a712a3c150ede651a66cd31e9,A49CF,1,True,TEXT,identity,8.329824591939457e-11,,,,within_numeric_and_curve_sampling_tolerance,source_Point_to_delivery_Point,8.329824591939457e-11
IMB,4bc28762cea9d2b1e27dbd87dc78401462e5b4e0fc432e9d4327e389684dc4ab,A4A9D,1,True,TEXT,identity,6.374142293040445e-10,,,,within_numeric_and_curve_sampling_tolerance,source_Point_to_delivery_Point,6.374142293040445e-10
IMB,4c620d353a13d46fa3516771526b35430fb16478680fd2d5c564cdc711451710,A4A65,1,True,TEXT,identity,8.090701747207513e-11,,,,within_numeric_and_curve_sampling_tolerance,source_Point_to_delivery_Point,8.090701747207513e-11
IMB,4f08df6a66d7bd03d15a2e4ad5a958e2b4e5bf91b1c81d0649dca5c9accdb960,A4AE9,1,True,TEXT,identity,8.007298997197279e-11,,,,within_numeric_and_curve_sampling_tolerance,source_Point_to_delivery_Point,8.007298997197279e-11
IMB,4f186ddbad269e41c6b39efe32d1f8b248795b9e18c22c400d83910fee02f8d2,A4AD3,1,True,TEXT,identity,8.681387767012699e-11,,,,within_numeric_and_curve_sampling_tolerance,source_Point_to_delivery_Point,8.681387767012699e-11
IMB,5032f27a94c25a855044fad6d64dd8322dea67402b3bf08786c4fe69657ad847,A4841,1,True,TEXT,identity,8.15159202746006e-11,,,,within_numeric_and_curve_sampling_tolerance,source_Point_to_delivery_Point,8.15159202746006e-11
IMB,51ecdf82b471ce805c68b06ebe7c0a2851ed54f379e0b0426057f57e0c3c1e19,A49C3,1,True,TEXT,identity,8.24084511992572e-11,,,,within_numeric_and_curve_sampling_tolerance,source_Point_to_delivery_Point,8.24084511992572e-11
IMB,51f801166685635283a117277e8e71378b725e21e5b7ee8c297d20cb44705341,A47F9,1,True,TEXT,identity,8.250531955359174e-11,,,,within_numeric_and_curve_sampling_tolerance,source_Point_to_delivery_Point,8.250531955359174e-11
IMB,529f3b597860553076caf6b0fc4620db87f7f20c8ec17ee6ad17d443c2299198,A4AC3,1,True,TEXT,identity,8.335780671657917e-11,,,,within_numeric_and_curve_sampling_tolerance,source_Point_to_delivery_Point,8.335780671657917e-11
IMB,5354006532314cfd1a375b340ef6755a804574fe6522d917cdcb8b734fbc486a,A4821,1,True,TEXT,identity,8.345605104775074e-11,,,,within_numeric_and_curve_sampling_tolerance,source_Point_to_delivery_Point,8.345605104775074e-11
IMB,53649519576fe726e13d0873f0e92dded98b22391be3ba3808d4a5594badc5e0,A48D1,1,True,TEXT,identity,8.652158426430309e-11,,,,within_numeric_and_curve_sampling_tolerance,source_Point_to_delivery_Point,8.652158426430309e-11
IMB,53efb4794ae63925e3e3214db06354055f889932ba0ab53d95b3820245b546cc,A47E3,1,True,TEXT,identity,8.846706203135015e-11,,,,within_numeric_and_curve_sampling_tolerance,source_Point_to_delivery_Point,8.846706203135015e-11
IMB,54d8042bfee2a763fba3b0b42a1133e99cafcab079bdfedb5ef577205fe8fadf,A4AED,1,True,TEXT,identity,8.338137111194681e-11,,,,within_numeric_and_curve_sampling_tolerance,source_Point_to_delivery_Point,8.338137111194681e-11
IMB,54e9c6e2f464074ed24d07774a3daba9f6b21e629e779b304df0a1ffa1539704,A4A03,1,True,TEXT,identity,5.312757074606313e-10,,,,within_numeric_and_curve_sampling_tolerance,source_Point_to_delivery_Point,5.312757074606313e-10
IMB,558cf0d32799838a4300f1650e3e16a710936685ab7680579a66781fc5366ef5,A4A63,1,True,TEXT,identity,8.308851359337134e-11,,,,within_numeric_and_curve_sampling_tolerance,source_Point_to_delivery_Point,8.308851359337134e-11
IMB,55a726607a0a5a4ccdad2a3506e9b7d2bfd16da55e2984c3cb6f91658a9d39ab,A48A5,1,True,TEXT,identity,8.168508071342647e-11,,,,within_numeric_and_curve_sampling_tolerance,source_Point_to_delivery_Point,8.168508071342647e-11
IMB,565f3a5551f4b1f5b13d5401cc4dc1b3e78c8ccccdf9a9f8121bf4fcbf6c8f06,A4873,1,True,TEXT,identity,8.143438260112192e-11,,,,within_numeric_and_curve_sampling_tolerance,source_Point_to_delivery_Point,8.143438260112192e-11
IMB,566186d2eac67204f84499b81aec9469e511042b16a24e1f4a4889fe3d97e29a,A4965,1,True,TEXT,identity,8.541536572248573e-11,,,,within_numeric_and_curve_sampling_tolerance,source_Point_to_delivery_Point,8.541536572248573e-11
IMB,5814a955c6ee36f6cc21a3800ef519d6e9ed6f5e62c5e7f182ff1748f6c898a0,A48D5,1,True,TEXT,identity,8.081846887854189e-11,,,,within_numeric_and_curve_sampling_tolerance,source_Point_to_delivery_Point,8.081846887854189e-11
IMB,59d7eebad0d55212df89396e148b743aa0f3ce0351c9639b6735db18fd624efe,A49F7,1,True,TEXT,identity,5.327332220633198e-10,,,,within_numeric_and_curve_sampling_tolerance,source_Point_to_delivery_Point,5.327332220633198e-10
IMB,5aafbaf6d5a281597659231098ec5dc5486df64303ba5e1414672eb09d450a11,A4921,1,True,TEXT,identity,8.466517638332588e-11,,,,within_numeric_and_curve_sampling_tolerance,source_Point_to_delivery_Point,8.466517638332588e-11
IMB,5acbac44d7f010543a3324224b65761f8a52810c03754fc830fe7dea077ebb21,A496F,1,True,TEXT,identity,8.006782463910895e-11,,,,within_numeric_and_curve_sampling_tolerance,source_Point_to_delivery_Point,8.006782463910895e-11
IMB,5ae36b338cdb531d8140000de93d9e76d1b301dbf74eebc197b68db7cf447e59,A4B25,1,True,TEXT,identity,8.095556615851638e-11,,,,within_numeric_and_curve_sampling_tolerance,source_Point_to_delivery_Point,8.095556615851638e-11
IMB,5b11ad1182de5191a250773372ad11082674e1f820839841a8b32ec0254f6cb9,A4A79,1,True,TEXT,identity,8.658877970596957e-11,,,,within_numeric_and_curve_sampling_tolerance,source_Point_to_delivery_Point,8.658877970596957e-11
IMB,5b7968ba392cde85ab37aa32646de46e79e40c257f99e6259014f0ae3878fdc3,A4A21,1,True,TEXT,identity,8.545439628945194e-11,,,,within_numeric_and_curve_sampling_tolerance,source_Point_to_delivery_Point,8.545439628945194e-11
IMB,5bee210a2038b143b1f4e33151b21ee056d980b1d70c32264b1ef5edf9c2e453,A496B,1,True,TEXT,identity,8.167748551614557e-11,,,,within_numeric_and_curve_sampling_tolerance,source_Point_to_delivery_Point,8.167748551614557e-11
IMB,5c3704f5a9000aff30e7f9ff05156ce9a9da5fd7d327341e15713824e44b7b64,A4ABD,1,True,TEXT,identity,8.718379635883068e-11,,,,within_numeric_and_curve_sampling_tolerance,source_Point_to_delivery_Point,8.718379635883068e-11
IMB,5c8a3294d411739e7297ddef7442a6127a3608ee7dc43d2e481154f12ddcb174,A47EF,1,True,TEXT,identity,8.688560734724914e-11,,,,within_numeric_and_curve_sampling_tolerance,source_Point_to_delivery_Point,8.688560734724914e-11
IMB,5e01cd4ae1f478ad94399ce3e8a5e2568bf54d97a554a235c8cebb1ebca79874,A4817,1,True,TEXT,identity,7.959799997888263e-11,,,,within_numeric_and_curve_sampling_tolerance,source_Point_to_delivery_Point,7.959799997888263e-11
IMB,5e48a855fb92f34008fb16cf3dd7ee87142d891ec158a4a338b2575123754d30,A4B0D,1,True,TEXT,identity,8.213824852731906e-11,,,,within_numeric_and_curve_sampling_tolerance,source_Point_to_delivery_Point,8.213824852731906e-11
IMB,5ea87c2d281d43edd4b2e06a6a7ac18e19cd778b62f69828bf36be1a3b94f170,A4807,1,True,TEXT,identity,7.881310814080246e-11,,,,within_numeric_and_curve_sampling_tolerance,source_Point_to_delivery_Point,7.881310814080246e-11
IMB,5eedc5c754aac918f949bd7d79857cf858a8c052bfc7ee5521ac0df1d86db8be,A4B1B,1,True,TEXT,identity,8.430996263088548e-11,,,,within_numeric_and_curve_sampling_tolerance,source_Point_to_delivery_Point,8.430996263088548e-11
IMB,5f37ab0df4add97037c01e7a5b7c7a229bddf2bd29e13c54d3d043a90c3fae1a,A4B01,1,True,TEXT,identity,7.944034043431704e-11,,,,within_numeric_and_curve_sampling_tolerance,source_Point_to_delivery_Point,7.944034043431704e-11
IMB,61cdfc219bd41d8e98e28ff4b8be816f81f1b957fe58a2ef287725f5659ce079,A487B,1,True,TEXT,identity,8.716214967515019e-11,,,,within_numeric_and_curve_sampling_tolerance,source_Point_to_delivery_Point,8.716214967515019e-11
IMB,638e9adca35b61eb1d5a9795dc0bbcf8d069efcfe921fd47eace3d6dc023b7e2,A4B21,1,True,TEXT,identity,8.235824805649297e-11,,,,within_numeric_and_curve_sampling_tolerance,source_Point_to_delivery_Point,8.235824805649297e-11
IMB,63d7c2e78815a384e378a0fdf047569349c0bf17e2aabd1fef429e48f065aa3c,A4A1B,1,True,TEXT,identity,8.085428359808598e-11,,,,within_numeric_and_curve_sampling_tolerance,source_Point_to_delivery_Point,8.085428359808598e-11
IMB,6405dd155065d9b4db67f64ce1f597fb25e330431c98fcb21c0a7841b02700f9,A49D1,1,True,TEXT,identity,8.331220930164282e-11,,,,within_numeric_and_curve_sampling_tolerance,source_Point_to_delivery_Point,8.331220930164282e-11
IMB,645b19b3ee039fe590eef198ede7f42c20ce7028152ed97515f2410cd9a29ac7,A48C9,1,True,TEXT,identity,7.8969401269261e-11,,,,within_numeric_and_curve_sampling_tolerance,source_Point_to_delivery_Point,7.8969401269261e-11
IMB,650dc0a9c868fe8401f98054cbf84d0c03fc719b19cc0ff747fc9165f05c988d,A4915,1,True,TEXT,identity,8.562694583660673e-11,,,,within_numeric_and_curve_sampling_tolerance,source_Point_to_delivery_Point,8.562694583660673e-11
IMB,65fbac579a076256ef111dad375ccbf259a81bda5b587020d3aefae64b873000,A495F,1,True,TEXT,identity,8.76336020286675e-11,,,,within_numeric_and_curve_sampling_tolerance,source_Point_to_delivery_Point,8.76336020286675e-11
IMB,672d606d1cdfcf14cc70eeb330a1999906fc9e187b4f140f326fc2dfb3072c03,A4A2F,1,True,TEXT,identity,6.476478819460116e-10,,,,within_numeric_and_curve_sampling_tolerance,source_Point_to_delivery_Point,6.476478819460116e-10
IMB,67564e70481b77ea123de6a0333c9c2cea7b87f7d2f3c631e0dc7a5611c7caf9,A48AB,1,True,TEXT,identity,8.444261586514549e-11,,,,within_numeric_and_curve_sampling_tolerance,source_Point_to_delivery_Point,8.444261586514549e-11
IMB,67873026781afe5bdf6a49ce34327beaeb258890ac005435aa95fbcf4f6de1d4,A4993,1,True,TEXT,identity,7.879736336309841e-11,,,,within_numeric_and_curve_sampling_tolerance,source_Point_to_delivery_Point,7.879736336309841e-11
IMB,67e5379cbb7d6b07f540036ec156fec875699d53986c91fc1486a8b623748509,A4955,1,True,TEXT,identity,8.47253017304261e-11,,,,within_numeric_and_curve_sampling_tolerance,source_Point_to_delivery_Point,8.47253017304261e-11
IMB,6862a846016848a17b2f6de4bad31101baa194f79490ba4a4089c68dd733e616,A4AEB,1,True,TEXT,identity,8.081846887854189e-11,,,,within_numeric_and_curve_sampling_tolerance,source_Point_to_delivery_Point,8.081846887854189e-11
IMB,6862bae48a33b5e0fc6ba9de17560f44fc5be9ba5966013fd19c424325583442,A4ABB,1,True,TEXT,identity,8.402403362686402e-11,,,,within_numeric_and_curve_sampling_tolerance,source_Point_to_delivery_Point,8.402403362686402e-11
IMB,68c4965121cbdec22b4b4769a3b9c304e62c36501e77aa2617aeca591fe6709d,A489B,1,True,TEXT,identity,8.47640401315551e-11,,,,within_numeric_and_curve_sampling_tolerance,source_Point_to_delivery_Point,8.47640401315551e-11
IMB,68e5dfc506ba1c5b4eaa0148b3bb1813541021ad87e0e1940c91c9892063ccf7,A47E1,1,True,TEXT,identity,8.765424758503604e-11,,,,within_numeric_and_curve_sampling_tolerance,source_Point_to_delivery_Point,8.765424758503604e-11
IMB,6934a235f8a4bb916ec2352fe4517546117cd44dbc85a9fe57aba176a8f0725e,A49EB,1,True,TEXT,identity,8.572922338697377e-11,,,,within_numeric_and_curve_sampling_tolerance,source_Point_to_delivery_Point,8.572922338697377e-11
IMB,69acdf0c5080c521081abbd8dba09c4f393a0e581d4fdeb44be94f549b89f04a,A484B,1,True,TEXT,identity,8.35065228528596e-11,,,,within_numeric_and_curve_sampling_tolerance,source_Point_to_delivery_Point,8.35065228528596e-11
IMB,6a049eac28e0de095f8515e313b0e58918bc4e625d98d79b4f1af7da389b71f6,A498F,1,True,TEXT,identity,7.911297052242751e-11,,,,within_numeric_and_curve_sampling_tolerance,source_Point_to_delivery_Point,7.911297052242751e-11
IMB,6a517eb7553d030ecc942f1964c703dbdccd51844ec54e6973aebd32b9c72069,A493D,1,True,TEXT,identity,8.103439573879854e-11,,,,within_numeric_and_curve_sampling_tolerance,source_Point_to_delivery_Point,8.103439573879854e-11
IMB,6ac15e9b7ee218fc7b1125c395441051bbde311a831e87aac019bb3cec12245e,A4ACB,1,True,TEXT,identity,8.238084325673849e-11,,,,within_numeric_and_curve_sampling_tolerance,source_Point_to_delivery_Point,8.238084325673849e-11
IMB,6ac398793ad47459951f5b428d4a45bcc61ca32fc9d435f994e86463e2eec46a,A49A7,1,True,TEXT,identity,8.314076309240648e-11,,,,within_numeric_and_curve_sampling_tolerance,source_Point_to_delivery_Point,8.314076309240648e-11
IMB,6baa239fa0b87c117be58f58ddb937af1f2a50caadb83250c24d1efadb7fda8e,A487D,1,True,TEXT,identity,8.605004736108514e-11,,,,within_numeric_and_curve_sampling_tolerance,source_Point_to_delivery_Point,8.605004736108514e-11
IMB,6c98d427411140041c2a682ba4ae8c4914ec4b4764d5796930bbd5ab2ace49e5,A497B,1,True,TEXT,identity,8.533331313081e-11,,,,within_numeric_and_curve_sampling_tolerance,source_Point_to_delivery_Point,8.533331313081e-11
IMB,6cdbe1fe8241e2187d93ad8d517ea845a5427d6aff06b34803389209cdca9cda,A4AC1,1,True,TEXT,identity,8.698789080826276e-11,,,,within_numeric_and_curve_sampling_tolerance,source_Point_to_delivery_Point,8.698789080826276e-11
IMB,6d2b4ebe725a40c788b1e577ef568e6f2388a45467e3829ca7c6173495115f9e,A492F,1,True,TEXT,identity,8.366609787560309e-11,,,,within_numeric_and_curve_sampling_tolerance,source_Point_to_delivery_Point,8.366609787560309e-11
IMB,6d3757bf50a3de466b9e19b265c10bddfafc6e5093641883c18a5f17ee00195f,A49EF,1,True,TEXT,identity,8.814623754023125e-11,,,,within_numeric_and_curve_sampling_tolerance,source_Point_to_delivery_Point,8.814623754023125e-11
IMB,6df6976baf6805789d0ae5e955a3fa6070c200feab28eb6b431e2b653214c22a,A48B7,1,True,TEXT,identity,8.417187977046284e-11,,,,within_numeric_and_curve_sampling_tolerance,source_Point_to_delivery_Point,8.417187977046284e-11
IMB,6f4fa0236d789446e347b6aa9453e5def7bdd3341f020fcc16a2ffc038331608,A4935,1,True,TEXT,identity,8.577413865488857e-11,,,,within_numeric_and_curve_sampling_tolerance,source_Point_to_delivery_Point,8.577413865488857e-11
IMB,71e6ec08e272cbc37adcd1ddef153b2f6f744f7ceea5517aa9e13496ef42e2a9,A4A73,1,True,TEXT,identity,7.99531329755006e-11,,,,within_numeric_and_curve_sampling_tolerance,source_Point_to_delivery_Point,7.99531329755006e-11
IMB,729591dd12aaad5965958777f3099db3a7ca43349ccb9bb8c3d2003ad2d18fa9,A483F,1,True,TEXT,identity,8.308851359337134e-11,,,,within_numeric_and_curve_sampling_tolerance,source_Point_to_delivery_Point,8.308851359337134e-11
IMB,73851bdd1a00a949989b0933f0503ffa35b115df3de336edeb094ea0c92b2822,A4ABF,1,True,TEXT,identity,8.183588902902402e-11,,,,within_numeric_and_curve_sampling_tolerance,source_Point_to_delivery_Point,8.183588902902402e-11
IMB,74f3acb0c971e7060b0faab1a64fc177a6bc70454fae9be967fe721d5affce89,A4843,1,True,TEXT,identity,7.89785660980087e-11,,,,within_numeric_and_curve_sampling_tolerance,source_Point_to_delivery_Point,7.89785660980087e-11
IMB,75547ef09357753774d04d2c852ae0fe71f06f00075a54768149210d6edb9e0b,A48E7,1,True,TEXT,identity,8.224046435501271e-11,,,,within_numeric_and_curve_sampling_tolerance,source_Point_to_delivery_Point,8.224046435501271e-11
IMB,758444f59c3329ab8188663818aca2ffc795ce8c82dfa7ddde7539fa0a094295,A48F1,1,True,TEXT,identity,8.007750936491245e-11,,,,within_numeric_and_curve_sampling_tolerance,source_Point_to_delivery_Point,8.007750936491245e-11
IMB,75c3b0722f615c003ad01e3d960733697468bc313ee62d7b37bf5df2735fd230,A4B35,1,True,TEXT,identity,8.36787642359139e-11,,,,within_numeric_and_curve_sampling_tolerance,source_Point_to_delivery_Point,8.36787642359139e-11
IMB,776398e0de396e095a030916933a3bdb7cea47a324a5d7e4f55a1a3041f9cd42,A4AE1,1,True,TEXT,identity,8.40298786379332e-11,,,,within_numeric_and_curve_sampling_tolerance,source_Point_to_delivery_Point,8.40298786379332e-11
IMB,789287477cc0e41ece43da3f7540fbd4113410d80371a9802b41917602eb3246,A4A1F,1,True,TEXT,identity,8.570811412785683e-11,,,,within_numeric_and_curve_sampling_tolerance,source_Point_to_delivery_Point,8.570811412785683e-11
IMB,7a052ac3b7e944c646457f8e924d8cdfe1dc9e95bf8711646369253b93e5c0c0,A4977,1,True,TEXT,identity,8.461753412294223e-11,,,,within_numeric_and_curve_sampling_tolerance,source_Point_to_delivery_Point,8.461753412294223e-11
IMB,7a491d3ead81c254a62111cbcfedeaaefaacfd2e282b9cfbad2796bb1746d91f,A4A37,1,True,TEXT,identity,6.501797063696662e-10,,,,within_numeric_and_curve_sampling_tolerance,source_Point_to_delivery_Point,6.501797063696662e-10
IMB,7a8e5ccf628dbe347fff181217c517299c054652e32d813f1ee85641b5810a0f,A4877,1,True,TEXT,identity,8.087410278348291e-11,,,,within_numeric_and_curve_sampling_tolerance,source_Point_to_delivery_Point,8.087410278348291e-11
IMB,7aa6301033e74fdb10c2325fcc901f8f090855b5c83c2e7fb229c1c532ec6698,A47FB,1,True,TEXT,identity,8.594755007584544e-11,,,,within_numeric_and_curve_sampling_tolerance,source_Point_to_delivery_Point,8.594755007584544e-11
IMB,7c3a8a6e3e8546b969c128ef8f8731312780fe882228968242a63da23c9b8cdb,A4B37,1,True,TEXT,identity,7.959280382060709e-11,,,,within_numeric_and_curve_sampling_tolerance,source_Point_to_delivery_Point,7.959280382060709e-11
IMB,7c71c45c6f8947d590c790693a1303b9e32d7700606c821658d2d26ef0cf5836,A4951,1,True,TEXT,identity,7.832651854219586e-11,,,,within_numeric_and_curve_sampling_tolerance,source_Point_to_delivery_Point,7.832651854219586e-11
IMB,7cba824a9742350fdccaf34d3a4df35724311e2d012d9dbdca7a3c98731c85ed,A4823,1,True,TEXT,identity,8.333299489119424e-11,,,,within_numeric_and_curve_sampling_tolerance,source_Point_to_delivery_Point,8.333299489119424e-11
IMB,7d15c0de31087d251b6dbbdbaa06d5431bb7226e33b3af84e4b27973972d6437,A4AA7,1,True,TEXT,identity,8.188136148528377e-11,,,,within_numeric_and_curve_sampling_tolerance,source_Point_to_delivery_Point,8.188136148528377e-11
IMB,7d6cd25049aef53097247244c0d0aff62d13038189d53acf465f7050bbcf12a0,A4975,1,True,TEXT,identity,8.155998645038261e-11,,,,within_numeric_and_curve_sampling_tolerance,source_Point_to_delivery_Point,8.155998645038261e-11
IMB,7d82bd025f73616908437cddb71cd19bc8bf3e35ae4bb3b55b0b0497f0a349ca,A48F9,1,True,TEXT,identity,2.485039287534746e-11,,,,within_numeric_and_curve_sampling_tolerance,source_Point_to_delivery_Point,2.485039287534746e-11
IMB,7e2d5cdce451ffe4e61363264bf5297284ca718b8e4d95f82a51598decf11e56,A488D,1,True,TEXT,identity,8.661534484793242e-11,,,,within_numeric_and_curve_sampling_tolerance,source_Point_to_delivery_Point,8.661534484793242e-11
IMB,7e5a0d5ebd6343905ee19108290b6bd08aa98bd74fad42dbc1ccabd20d70debe,A4A43,1,True,TEXT,identity,4.845501603778683e-10,,,,within_numeric_and_curve_sampling_tolerance,source_Point_to_delivery_Point,4.845501603778683e-10
IMB,7ed43fa7d741798aebf11de37035d2e0e807d7ee5e2e0be3376dbd72fbc80abc,A4911,1,True,TEXT,identity,7.955154727542078e-11,,,,within_numeric_and_curve_sampling_tolerance,source_Point_to_delivery_Point,7.955154727542078e-11
IMB,7f214a71beab3724ac534997f2c25c95de519a9ae5cd3908aadbbcd7c980f5ee,A49DD,1,True,TEXT,identity,8.316687553229089e-11,,,,within_numeric_and_curve_sampling_tolerance,source_Point_to_delivery_Point,8.316687553229089e-11
IMB,7f2eeb3d72569029ab9502ff189eaea51068babccf41fb9b7fab2b2118b53e62,A4A9B,1,True,TEXT,identity,7.993373221175781e-11,,,,within_numeric_and_curve_sampling_tolerance,source_Point_to_delivery_Point,7.993373221175781e-11
IMB,7fc1cc2dbc2e2e985759f515c03bdc4b4df94cbae54044cc4a3536255c9b22ae,A4AFD,1,True,TEXT,identity,7.869264615904963e-11,,,,within_numeric_and_curve_sampling_tolerance,source_Point_to_delivery_Point,7.869264615904963e-11
IMB,7fc5081f5ecc57386ae4c2f5190d9191709b19520da4644866012975a4cdcc34,A4879,1,True,TEXT,identity,8.540840491061429e-11,,,,within_numeric_and_curve_sampling_tolerance,source_Point_to_delivery_Point,8.540840491061429e-11
IMB,80a7d1466cc95584c7ced5cc77bd442d10c36b4b9e97311ea7d0952fff04ea9f,A48CF,1,True,TEXT,identity,8.291411079976977e-11,,,,within_numeric_and_curve_sampling_tolerance,source_Point_to_delivery_Point,8.291411079976977e-11
IMB,80ece74a0eb04d559bd0de4bc25c153f9ed30fa67c85e9c673f04f8d94c20add,A49A1,1,True,TEXT,identity,8.394801144888477e-11,,,,within_numeric_and_curve_sampling_tolerance,source_Point_to_delivery_Point,8.394801144888477e-11
IMB,819308a419b756e2f68a3d2396006d3517f64402cb8ea97b0ff692050f41c83e,A486D,1,True,TEXT,identity,7.87070981944952e-11,,,,within_numeric_and_curve_sampling_tolerance,source_Point_to_delivery_Point,7.87070981944952e-11
IMB,828c8b7ffa13a6adf648c9553aa0e129f0fef9b616b7d6da05a4a3848da18d1d,A4A55,1,True,TEXT,identity,7.982402931494088e-11,,,,within_numeric_and_curve_sampling_tolerance,source_Point_to_delivery_Point,7.982402931494088e-11
IMB,831780df07af2efc1c6d3623dc3908352f25b3540368ace09c595e5697fd4db4,A48B9,1,True,TEXT,identity,8.419736541912027e-11,,,,within_numeric_and_curve_sampling_tolerance,source_Point_to_delivery_Point,8.419736541912027e-11
IMB,831bc9119020a3e41b70f12c7a3ea87e7686e888088713c806fa5f8ef18a074d,A4907,1,True,TEXT,identity,8.281928119754475e-11,,,,within_numeric_and_curve_sampling_tolerance,source_Point_to_delivery_Point,8.281928119754475e-11
IMB,8449360aa11c05563bd8162840c4e9373ac5bf45d024dc59b3fd26144203c722,A4A45,1,True,TEXT,identity,7.122627639308923e-10,,,,within_numeric_and_curve_sampling_tolerance,source_Point_to_delivery_Point,7.122627639308923e-10
IMB,851c1ff32b9869177953e082b248194ead2d20a031aad91aa6d0c0302b274c6e,A4869,1,True,TEXT,identity,8.195362335614501e-11,,,,within_numeric_and_curve_sampling_tolerance,source_Point_to_delivery_Point,8.195362335614501e-11
IMB,863bf561ab9b267fb672ba1234f5ec39e57d301b93017bb6be6883b7ae0f6171,A4A95,1,True,TEXT,identity,8.416788734336601e-11,,,,within_numeric_and_curve_sampling_tolerance,source_Point_to_delivery_Point,8.416788734336601e-11
IMB,8742e05d16248bb4f1d4c8c61fd85c9a8866cc5a0cc7834352b20a43aaa00a8d,A4937,1,True,TEXT,identity,8.643101185775091e-11,,,,within_numeric_and_curve_sampling_tolerance,source_Point_to_delivery_Point,8.643101185775091e-11
IMB,87e50102f35ed627e1be466b05c6e8890fb0a03cff40704a9d7ae28f6910cce8,A4AC5,1,True,TEXT,identity,7.978710418487502e-11,,,,within_numeric_and_curve_sampling_tolerance,source_Point_to_delivery_Point,7.978710418487502e-11
IMB,88ccd1d358144c6015a0954766e312bfca239ec698bb828c2d675ed31df69d57,A4B17,1,True,TEXT,identity,7.883409628621384e-11,,,,within_numeric_and_curve_sampling_tolerance,source_Point_to_delivery_Point,7.883409628621384e-11
IMB,891d1562ace01bbd9f9a2373e93b90e8828b5a2a470b28fc824ff416c7471cbc,A49E1,1,True,TEXT,identity,8.540840491061429e-11,,,,within_numeric_and_curve_sampling_tolerance,source_Point_to_delivery_Point,8.540840491061429e-11
IMB,897b2e065ea8ee880e361f7e9bcb305814c78613d509a7e7df8ab75bcd51b474,A4901,1,True,TEXT,identity,7.964345190282776e-11,,,,within_numeric_and_curve_sampling_tolerance,source_Point_to_delivery_Point,7.964345190282776e-11
IMB,89ba991f31c6a4814fa575a39d4aab6dfba8a0052fbe2945094d01f0672b7a0d,A4AE3,1,True,TEXT,identity,8.349940291310242e-11,,,,within_numeric_and_curve_sampling_tolerance,source_Point_to_delivery_Point,8.349940291310242e-11
IMB,89e7903e6f1203820255bd170722b807681f0aef21d7b876e455988bc746be4c,A4931,1,True,TEXT,identity,8.446863187688498e-11,,,,within_numeric_and_curve_sampling_tolerance,source_Point_to_delivery_Point,8.446863187688498e-11
IMB,8b27562b36113833eabf41003c278e2372b3730ea98c54d96cd9542040f5fb4e,A4AFF,1,True,TEXT,identity,8.312055140787483e-11,,,,within_numeric_and_curve_sampling_tolerance,source_Point_to_delivery_Point,8.312055140787483e-11
IMB,8b47757ee39e3484f1bda6cf720d36190540bb6dd41da198f26965e92b3209ed,A4899,1,True,TEXT,identity,8.757547341137711e-11,,,,within_numeric_and_curve_sampling_tolerance,source_Point_to_delivery_Point,8.757547341137711e-11
IMB,8be203d8d481e817dae345fd01fd45216aab358a72b54ab02874f1edad2866c2,A48AD,1,True,TEXT,identity,8.098749021221968e-11,,,,within_numeric_and_curve_sampling_tolerance,source_Point_to_delivery_Point,8.098749021221968e-11
IMB,8cc74e5331c4001daa6ecb721145a7d39967a19e14f4e387cb44db50bdb17275,A4ADB,1,True,TEXT,identity,8.361046676008199e-11,,,,within_numeric_and_curve_sampling_tolerance,source_Point_to_delivery_Point,8.361046676008199e-11
IMB,8cc84ed9dc880e587be7226e0ca665dfbc749e877170edeca5d261d494df6e7c,A4949,1,True,TEXT,identity,8.151433471650013e-11,,,,within_numeric_and_curve_sampling_tolerance,source_Point_to_delivery_Point,8.151433471650013e-11
IMB,8ce991a2b54d9a27c0ce15723eba87c0f9d400688c909dc4d4cbff2d2dcaea65,A486B,1,True,TEXT,identity,8.332244762807997e-11,,,,within_numeric_and_curve_sampling_tolerance,source_Point_to_delivery_Point,8.332244762807997e-11
IMB,8d96d142b01dbcf0fc753c144f5724c122de4ba6c34359de18f9cc5c86b0b6c2,A4A33,1,True,TEXT,identity,6.424841825520643e-10,,,,within_numeric_and_curve_sampling_tolerance,source_Point_to_delivery_Point,6.424841825520643e-10
IMB,8f5f025e604c539515bf1f1ecc42a521318053f46e27b097500c4cf3fbfa4f50,A49F5,1,True,TEXT,identity,8.378372856388295e-11,,,,within_numeric_and_curve_sampling_tolerance,source_Point_to_delivery_Point,8.378372856388295e-11
IMB,906f27cb3c8627bdce666353c1f2e8f2979b5d76da48897d0bdb73b8d30040f5,A4A05,1,True,TEXT,identity,5.340690136024015e-10,,,,within_numeric_and_curve_sampling_tolerance,source_Point_to_delivery_Point,5.340690136024015e-10
IMB,9225eed3e54383763d4c3e8aaa9e981b4c292c600ee2f6025643b1b2c54be165,A4829,1,True,TEXT,identity,7.975599607887035e-11,,,,within_numeric_and_curve_sampling_tolerance,source_Point_to_delivery_Point,7.975599607887035e-11
IMB,9258efa61970634276336711ab05b9bf4ee59f0b5f5a1a79cbac55882eedf155,A4811,1,True,TEXT,identity,8.436758365046851e-11,,,,within_numeric_and_curve_sampling_tolerance,source_Point_to_delivery_Point,8.436758365046851e-11
IMB,925963d8ffd60ab6b0c1736da98656c0a2774cb007f6b50f7673626a0f8a3dea,A483B,1,True,TEXT,identity,8.650036953468289e-11,,,,within_numeric_and_curve_sampling_tolerance,source_Point_to_delivery_Point,8.650036953468289e-11
IMB,927370cf60bd43e5e06e3674c21931342b467f3c77fb99dda78c8a0950d48a26,A4B1F,1,True,TEXT,identity,8.50660196400547e-11,,,,within_numeric_and_curve_sampling_tolerance,source_Point_to_delivery_Point,8.50660196400547e-11
IMB,95512d28a85d9f05e6ef8d4eddc9800565cffd42d3c82945813bd64c0cada272,A49AD,1,True,TEXT,identity,8.76336020286675e-11,,,,within_numeric_and_curve_sampling_tolerance,source_Point_to_delivery_Point,8.76336020286675e-11
IMB,9674310d6b2862daa80c261c86fa29b9a476057ed9aff194a041e9a2d08fc0e9,A4A93,1,True,TEXT,identity,8.24084511992572e-11,,,,within_numeric_and_curve_sampling_tolerance,source_Point_to_delivery_Point,8.24084511992572e-11
IMB,97384786b570982a8321bc9959389598e6d50587de9188eefbe0ea3f2064bffb,A489F,1,True,TEXT,identity,8.151560316544775e-11,,,,within_numeric_and_curve_sampling_tolerance,source_Point_to_delivery_Point,8.151560316544775e-11
IMB,976d68571d537fca0b9255f5000822834cf2fe2a4e0a8c65d7b8d334a89c715d,A48E1,1,True,TEXT,identity,8.468868223509914e-11,,,,within_numeric_and_curve_sampling_tolerance,source_Point_to_delivery_Point,8.468868223509914e-11
IMB,978fb2f6b5891b00550ac05583860c4c60cda14349e3743bdf382bc1d80912c2,A47ED,1,True,TEXT,identity,8.556080772568048e-11,,,,within_numeric_and_curve_sampling_tolerance,source_Point_to_delivery_Point,8.556080772568048e-11
IMB,982bb87e8499746bb5e1a4d6d38e9f6efee6415ba17e3d8417abbeae12cecec6,A4983,1,True,TEXT,identity,8.521660810189123e-11,,,,within_numeric_and_curve_sampling_tolerance,source_Point_to_delivery_Point,8.521660810189123e-11
IMB,985f5cb8456923dd875a85e22b9b73d0e16afb3691a6a3cb04e89339c261b675,A491D,1,True,TEXT,identity,8.50660196400547e-11,,,,within_numeric_and_curve_sampling_tolerance,source_Point_to_delivery_Point,8.50660196400547e-11
IMB,9905fdf140394ac86ef26208d11beafd242971e60b20a9c05c7208b5bf6596f4,A47E5,1,True,TEXT,identity,8.027450071927889e-11,,,,within_numeric_and_curve_sampling_tolerance,source_Point_to_delivery_Point,8.027450071927889e-11
IMB,9acce9da71fed16a5ddd84dc2c3c71e56de1b566b305573f54c52c5509ba1e3f,A496D,1,True,TEXT,identity,8.011946298225315e-11,,,,within_numeric_and_curve_sampling_tolerance,source_Point_to_delivery_Point,8.011946298225315e-11
IMB,9bc6640ac559a497563c4645cbc68bac058d876bbe4fc611077a1acac309bcb7,A49E3,1,True,TEXT,identity,8.555808862741326e-11,,,,within_numeric_and_curve_sampling_tolerance,source_Point_to_delivery_Point,8.555808862741326e-11
IMB,9bd31a654ea215b7ca777f2575903b3a62a9dd6c22082960b372f51a7d545586,A47D7,1,True,TEXT,identity,8.543079854308107e-11,,,,within_numeric_and_curve_sampling_tolerance,source_Point_to_delivery_Point,8.543079854308107e-11
IMB,9cd64cb9d664a9fa66b533f304218183a68de7ce50486318a5de7b4ae77cde0a,A4A31,1,True,TEXT,identity,6.456119265486211e-10,,,,within_numeric_and_curve_sampling_tolerance,source_Point_to_delivery_Point,6.456119265486211e-10
IMB,9d84eae2bb2e45f993d8a59fb2deaba8aa8e25833d6cb1800f8c26c8a1cfda54,A48C5,1,True,TEXT,identity,8.846706203135015e-11,,,,within_numeric_and_curve_sampling_tolerance,source_Point_to_delivery_Point,8.846706203135015e-11
IMB,9db3ebd1970c9ef6afccc463cefb6986042abaeacf9bf585b6e5b6732577171d,A49C7,1,True,TEXT,identity,8.167748551614557e-11,,,,within_numeric_and_curve_sampling_tolerance,source_Point_to_delivery_Point,8.167748551614557e-11
IMB,9e36e06cffceaa666507e6a8e0bcbcf3804d81268e82129218bb55955b565ed1,A47FD,1,True,TEXT,identity,8.089807111516752e-11,,,,within_numeric_and_curve_sampling_tolerance,source_Point_to_delivery_Point,8.089807111516752e-11
IMB,9f4c652ab99adb9ebbc2d211e31c9db1e75bd7c9214094907f36c8eef556971e,A4A83,1,True,TEXT,identity,8.054967180877334e-11,,,,within_numeric_and_curve_sampling_tolerance,source_Point_to_delivery_Point,8.054967180877334e-11
IMB,9f5a2b062bbba60f68040c3b818994407fc0b5ab5c3fbf28a869eb25fc7952da,A4AE7,1,True,TEXT,identity,8.530634875390897e-11,,,,within_numeric_and_curve_sampling_tolerance,source_Point_to_delivery_Point,8.530634875390897e-11
IMB,9fa09a791c6a7c5123caf184fd3ccadcf02e1e82594f3d9c3cefc56364d8a452,A4AA1,1,True,TEXT,identity,8.454388016332532e-11,,,,within_numeric_and_curve_sampling_tolerance,source_Point_to_delivery_Point,8.454388016332532e-11
IMB,a001278b72392b9857c57557fcc2c3b970ba7858958fea22695c0cfb5c062bcc,A4815,1,True,TEXT,identity,8.634723012369881e-11,,,,within_numeric_and_curve_sampling_tolerance,source_Point_to_delivery_Point,8.634723012369881e-11
IMB,a05d461dc6c5151e42b24db1576bbb364d7c8f8d945134b085346f5af4f864bc,A4867,1,True,TEXT,identity,9.246884561733457e-10,,,,within_numeric_and_curve_sampling_tolerance,source_Point_to_delivery_Point,9.246884561733457e-10
IMB,a1f55282c7fc8eb4d36f85ac2003331a25c46e3964f8dce4091a2d4597aac261,A4A61,1,True,TEXT,identity,8.026419565724434e-11,,,,within_numeric_and_curve_sampling_tolerance,source_Point_to_delivery_Point,8.026419565724434e-11
IMB,a21808dff6bc0bd509ba7b5793189161d9e4acad720b219f00efce5e8557320c,A48DF,1,True,TEXT,identity,8.087250464213369e-11,,,,within_numeric_and_curve_sampling_tolerance,source_Point_to_delivery_Point,8.087250464213369e-11
IMB,a28a81ce5c1574a39ec68391481981d9099841ca02f6ddda9e9c186def755a75,A483D,1,True,TEXT,identity,8.171545444305084e-11,,,,within_numeric_and_curve_sampling_tolerance,source_Point_to_delivery_Point,8.171545444305084e-11
IMB,a4f185fab6df85342a2876fe2297a5748ecbd8774633b0c83bab4150ce5ea536,A4A0F,1,True,TEXT,identity,1.9603145083729806e-10,,,,within_numeric_and_curve_sampling_tolerance,source_Point_to_delivery_Point,1.9603145083729806e-10
IMB,a5c7dec439ba0ebcd0ee21d86b564000eed4468527005ce1c934b70e35d6cfef,A49CB,1,True,TEXT,identity,8.178027724600017e-11,,,,within_numeric_and_curve_sampling_tolerance,source_Point_to_delivery_Point,8.178027724600017e-11
IMB,a651ed34eb6fe6e064872d12cad97394dc4575a2ca58003bb52765749e1ea9b3,A4AF3,1,True,TEXT,identity,8.386144088145711e-11,,,,within_numeric_and_curve_sampling_tolerance,source_Point_to_delivery_Point,8.386144088145711e-11
IMB,a677f6fc6f088837e2927934bddb244dbdcd6cf60f7ce6dcccf4d91596c99139,A498B,1,True,TEXT,identity,8.18434695262216e-11,,,,within_numeric_and_curve_sampling_tolerance,source_Point_to_delivery_Point,8.18434695262216e-11
IMB,a6858cbef22c38d3abbf04f2f13e72116fe2343fed5353d29191876e4f939f77,A48D3,1,True,TEXT,identity,8.467219829525054e-11,,,,within_numeric_and_curve_sampling_tolerance,source_Point_to_delivery_Point,8.467219829525054e-11
IMB,a7563fb8457e0c8ef2233769aab5ce2cd45f377f1f4a3abe566d91ac4f6006d7,A48DB,1,True,TEXT,identity,8.646330597362913e-11,,,,within_numeric_and_curve_sampling_tolerance,source_Point_to_delivery_Point,8.646330597362913e-11
IMB,a767b4401fabac63e56586a7e1b17e3a28c0a90fe8d13d918a7f4754f5f95d89,A4861,1,True,TEXT,identity,8.454388016332532e-11,,,,within_numeric_and_curve_sampling_tolerance,source_Point_to_delivery_Point,8.454388016332532e-11
IMB,a8b41c4fa515031cbd662cbcc5117920ce380bd639b1eb2a8e7a6c8d1d1cf928,A4A8B,1,True,TEXT,identity,8.471767397423415e-11,,,,within_numeric_and_curve_sampling_tolerance,source_Point_to_delivery_Point,8.471767397423415e-11
IMB,a95f5a7784d8d65939287c1834ee6c3a3a83af5b93c3d0b6b57da2bc9b15a198,A48F7,1,True,TEXT,identity,8.703453255479068e-11,,,,within_numeric_and_curve_sampling_tolerance,source_Point_to_delivery_Point,8.703453255479068e-11
IMB,a97cd6632cf76c88aa90281bb7ba4b95e14d53431c76deb8ac78d4f3fc9444e5,A4A11,1,True,TEXT,identity,8.393076607584463e-11,,,,within_numeric_and_curve_sampling_tolerance,source_Point_to_delivery_Point,8.393076607584463e-11
IMB,a9b00a63cd7c7c7f3d5615fc2a468ded1aae4ac3ea8ed9e652f8cff37d491378,A4973,1,True,TEXT,identity,8.439729825937798e-11,,,,within_numeric_and_curve_sampling_tolerance,source_Point_to_delivery_Point,8.439729825937798e-11
IMB,aa7f419d119d9722309042e46e4d2c3a4c5c9e67e57ddd3176c01d0fd1d6aaf0,A481F,1,True,TEXT,identity,8.07512734656989e-11,,,,within_numeric_and_curve_sampling_tolerance,source_Point_to_delivery_Point,8.07512734656989e-11
IMB,aacd47c496677e7e702da8563b05d2fe81f092be3433f36f1fe250de4e659de3,A4B05,1,True,TEXT,identity,8.201226954439077e-11,,,,within_numeric_and_curve_sampling_tolerance,source_Point_to_delivery_Point,8.201226954439077e-11
IMB,aaf2c8fd3761385eaf1ff03355073f569f674e5534c46c0428c403c3e2c2ffe8,A48C7,1,True,TEXT,identity,8.254447348657485e-11,,,,within_numeric_and_curve_sampling_tolerance,source_Point_to_delivery_Point,8.254447348657485e-11
IMB,aafaa021f52e58b45ef6d384af8530db56a66c97051c9c3cd9cc6468e4e8334e,A492B,1,True,TEXT,identity,8.087122610631545e-11,,,,within_numeric_and_curve_sampling_tolerance,source_Point_to_delivery_Point,8.087122610631545e-11
IMB,ab652cd1b0057bccfae37b929308103f6274f0d38ab1b5e3e1206776767d4f28,A4B31,1,True,TEXT,identity,8.190535065911957e-11,,,,within_numeric_and_curve_sampling_tolerance,source_Point_to_delivery_Point,8.190535065911957e-11
IMB,ab9cfe2747f1c834f660fb315cb4a07583f4802463009b22780cb4d6a361b62f,A48B5,1,True,TEXT,identity,8.186241769815156e-11,,,,within_numeric_and_curve_sampling_tolerance,source_Point_to_delivery_Point,8.186241769815156e-11
IMB,abcb4cbe45fd3777bdbf39919430847eab76d690513ae1a947c33201a391f4ec,A4957,1,True,TEXT,identity,8.585847962028986e-11,,,,within_numeric_and_curve_sampling_tolerance,source_Point_to_delivery_Point,8.585847962028986e-11
IMB,acf7004c4a6afb2f1de40d50ce4b4f363604cc5bcfd6d92830f7431d26be3023,A49A3,1,True,TEXT,identity,7.867950564144391e-11,,,,within_numeric_and_curve_sampling_tolerance,source_Point_to_delivery_Point,7.867950564144391e-11
IMB,ad05e8830ad6da246afbb19a658a6937cb521876bdc01a2057d961fee23419bf,A4863,1,True,TEXT,identity,8.218386821899353e-11,,,,within_numeric_and_curve_sampling_tolerance,source_Point_to_delivery_Point,8.218386821899353e-11
IMB,ad29714363a4c1ae09e6b0ac6095d9b9e3cc161485f94ea9144482728a46260e,A4927,1,True,TEXT,identity,8.28130386008888e-11,,,,within_numeric_and_curve_sampling_tolerance,source_Point_to_delivery_Point,8.28130386008888e-11
IMB,ae1c41612c3d10de84c7e933c2453a7a52058090e362650eca2b4f28bf39535c,A4831,1,True,TEXT,identity,8.667083672001316e-11,,,,within_numeric_and_curve_sampling_tolerance,source_Point_to_delivery_Point,8.667083672001316e-11
IMB,ae9fb1a362b1b5744d28329600e033b78d92fc4db9643b931d1611487d777bfa,A4ADD,1,True,TEXT,identity,8.379113284223603e-11,,,,within_numeric_and_curve_sampling_tolerance,source_Point_to_delivery_Point,8.379113284223603e-11
IMB,aeb401e5c74e9995c843aa44279e69aebae902e47c1ffbc7f8d8922cd0bd1458,A48F3,1,True,TEXT,identity,8.405386968719512e-11,,,,within_numeric_and_curve_sampling_tolerance,source_Point_to_delivery_Point,8.405386968719512e-11
IMB,af279885965d01e1be8a29fa46b318b1b60ee533f54b0c97bef381dea33b3c5f,A4B2F,1,True,TEXT,identity,8.395971164896233e-11,,,,within_numeric_and_curve_sampling_tolerance,source_Point_to_delivery_Point,8.395971164896233e-11
IMB,af8193c66333d37103341a6de091bc988b4cb5b352a8189f8d81b4b918aa9957,A4AB9,1,True,TEXT,identity,8.757547341137711e-11,,,,within_numeric_and_curve_sampling_tolerance,source_Point_to_delivery_Point,8.757547341137711e-11
IMB,b0082c9581bc91d254c7347fa1a80eabb05c598439fdf82b93b92b68b81fe656,A480D,1,True,TEXT,identity,8.340430899444737e-11,,,,within_numeric_and_curve_sampling_tolerance,source_Point_to_delivery_Point,8.340430899444737e-11
IMB,b03c5f306a8f0f67c20608ef5f955d88953ac127e48e0ce62d85fbab735ce93e,A4891,1,True,TEXT,identity,8.634992437245999e-11,,,,within_numeric_and_curve_sampling_tolerance,source_Point_to_delivery_Point,8.634992437245999e-11
IMB,b04559fba5abbcf99e8b23131d8af2649c17383b80b46ed00ab63267b6b7ef96,A494D,1,True,TEXT,identity,8.055095544842553e-11,,,,within_numeric_and_curve_sampling_tolerance,source_Point_to_delivery_Point,8.055095544842553e-11
IMB,b185e6d1a4de277b8e18d13927e61bb65d02d145a7ed41cf84f346260f3dbe4f,A4B13,1,True,TEXT,identity,8.46001196814465e-11,,,,within_numeric_and_curve_sampling_tolerance,source_Point_to_delivery_Point,8.46001196814465e-11
IMB,b22a22a9a4d65a016bdf60078e9142975cd820dec76b25e6bcd82bed50f9132a,A4AA5,1,True,TEXT,identity,8.56519985332088e-11,,,,within_numeric_and_curve_sampling_tolerance,source_Point_to_delivery_Point,8.56519985332088e-11
IMB,b299a58bcccf95965f6454cf0f034dadbcb2f084471fa3c9f5da71dde46d6d97,A4851,1,True,TEXT,identity,8.11567965573647e-11,,,,within_numeric_and_curve_sampling_tolerance,source_Point_to_delivery_Point,8.11567965573647e-11
IMB,b2a09d2a82a770cdf3d9ad606350884c6e33f361f9b80b87c6f4b3685b8b3cd7,A4A5D,1,True,TEXT,identity,4.0045894485207057e-10,,,,within_numeric_and_curve_sampling_tolerance,source_Point_to_delivery_Point,4.0045894485207057e-10
IMB,b2c3eb535741343c84d1e67015589ad57e500c2a6419ee04ae8855f0ff13d6ff,A47DF,1,True,TEXT,identity,8.54791971524887e-11,,,,within_numeric_and_curve_sampling_tolerance,source_Point_to_delivery_Point,8.54791971524887e-11
IMB,b386974e88bde7b950fa06b709d99219e001622f04549018242805f1cef50205,A4995,1,True,TEXT,identity,8.671377378052555e-11,,,,within_numeric_and_curve_sampling_tolerance,source_Point_to_delivery_Point,8.671377378052555e-11
IMB,b39523570d435ba4620c4bd1d8cb6fd597b142b865b49621b14f64fe87afce21,A4961,1,True,TEXT,identity,8.335811681766123e-11,,,,within_numeric_and_curve_sampling_tolerance,source_Point_to_delivery_Point,8.335811681766123e-11
IMB,b3cb875888d77862ee8c103549308cd4c84f2ee18f0f488f5536b04eb36fa1fb,A4A69,1,True,TEXT,identity,8.216499417720311e-11,,,,within_numeric_and_curve_sampling_tolerance,source_Point_to_delivery_Point,8.216499417720311e-11
IMB,b4841a9d9b45cd3e1bb09ff1fb168b6294eb5ee893c7804051b13f09a17a15a4,A4913,1,True,TEXT,identity,8.280804418472728e-11,,,,within_numeric_and_curve_sampling_tolerance,source_Point_to_delivery_Point,8.280804418472728e-11
IMB,b4e36c82ddd5ed8caf5262628ca1692dc1350ab1775b6432d843e99669e240be,A4999,1,True,TEXT,identity,8.44459830946366e-11,,,,within_numeric_and_curve_sampling_tolerance,source_Point_to_delivery_Point,8.44459830946366e-11
IMB,b5670b89b690eb0010d0a95d5f66b05e6bae6cbf09918b359b90e4c4fb631cb0,A4ADF,1,True,TEXT,identity,8.799684374602325e-11,,,,within_numeric_and_curve_sampling_tolerance,source_Point_to_delivery_Point,8.799684374602325e-11
IMB,b6078a1fec2a8bf0778b42ae366e3cdf1b2be2c189b36c7d3d64888e319bd2ac,A490F,1,True,TEXT,identity,8.013172219863646e-11,,,,within_numeric_and_curve_sampling_tolerance,source_Point_to_delivery_Point,8.013172219863646e-11
IMB,b7d4daa8e751dfe462c43390c299158ba0a2a84df09d2907a4cb78e64db85b43,A49BF,1,True,TEXT,identity,8.022811751634542e-11,,,,within_numeric_and_curve_sampling_tolerance,source_Point_to_delivery_Point,8.022811751634542e-11
IMB,b82ffb57fa425d52bdba19fc351caa586f3f2883e30e9bd787ded3f4c7cffc96,A4A59,1,True,TEXT,identity,7.111705554374285e-10,,,,within_numeric_and_curve_sampling_tolerance,source_Point_to_delivery_Point,7.111705554374285e-10
IMB,b8c7c24ab9f576c9679f25b447600c18a7ece09fc31d9ccba4470a989c4c8cd0,A4A0B,1,True,TEXT,identity,4.904070681442352e-10,,,,within_numeric_and_curve_sampling_tolerance,source_Point_to_delivery_Point,4.904070681442352e-10
IMB,b8de027fb620ecece475fd251f85c99806835f6c6f0958ae8f0969c2a58abc71,A48CB,1,True,TEXT,identity,8.168666295730546e-11,,,,within_numeric_and_curve_sampling_tolerance,source_Point_to_delivery_Point,8.168666295730546e-11
IMB,b8fe42e0df537482495249ccd83252bd9e94491d0fa3116a2439b4a857f51cdc,A4801,1,True,TEXT,identity,8.557983899454819e-11,,,,within_numeric_and_curve_sampling_tolerance,source_Point_to_delivery_Point,8.557983899454819e-11
IMB,b972657e840e9b3ff7f04b3eea671195d6e7db9881b531661c722366efaa5434,A484F,1,True,TEXT,identity,8.610980611819786e-11,,,,within_numeric_and_curve_sampling_tolerance,source_Point_to_delivery_Point,8.610980611819786e-11
IMB,b982985f3531f672e869a936f5fc1284c24970295809800ba403286d994eaf59,A494F,1,True,TEXT,identity,8.396525327994922e-11,,,,within_numeric_and_curve_sampling_tolerance,source_Point_to_delivery_Point,8.396525327994922e-11
IMB,b9900ea1ac337e71003a9443ddd87b66d69b3383f6932737ee357d3fa13aff88,A4B03,1,True,TEXT,identity,8.521660810189123e-11,,,,within_numeric_and_curve_sampling_tolerance,source_Point_to_delivery_Point,8.521660810189123e-11
IMB,bb24877637b7fa7514979cc3503c508c50880bbe27d1833aedf9fe9b1ad86854,A4AB5,1,True,TEXT,identity,8.595687306130197e-11,,,,within_numeric_and_curve_sampling_tolerance,source_Point_to_delivery_Point,8.595687306130197e-11
IMB,bce4bd670482c33400e13210c5055c502594088ab23ba117710d02bc557a4c56,A48B3,1,True,TEXT,identity,9.002470684246214e-10,,,,within_numeric_and_curve_sampling_tolerance,source_Point_to_delivery_Point,9.002470684246214e-10
IMB,bcf42051f8f3e6929b324b2ac115efc3cab35927fa1b04f56a9b0186fd2cab56,A487F,1,True,TEXT,identity,8.151814000413057e-11,,,,within_numeric_and_curve_sampling_tolerance,source_Point_to_delivery_Point,8.151814000413057e-11
IMB,bd3b730b3b0c138837a2b60095fb6b23d22ed93dd4f98d5f75085a709c0665cd,A48EB,1,True,TEXT,identity,8.570811412785683e-11,,,,within_numeric_and_curve_sampling_tolerance,source_Point_to_delivery_Point,8.570811412785683e-11
IMB,bd828b37c9dbad59a56f22574b6bf4b7fde2787abddfa45c558e805c6874dc99,A4A3B,1,True,TEXT,identity,6.470571436243271e-10,,,,within_numeric_and_curve_sampling_tolerance,source_Point_to_delivery_Point,6.470571436243271e-10
IMB,c091747ad758f2ddb227278e0088cd7232bdf1a937a11ae70725857b1c16d508,A4A91,1,True,TEXT,identity,7.83357585845246e-11,,,,within_numeric_and_curve_sampling_tolerance,source_Point_to_delivery_Point,7.83357585845246e-11
IMB,c0f385816334e9c380fbf6f6abb52660d8ebf39c118272eec67d9789c19ddab5,A48E3,1,True,TEXT,identity,8.231806349783991e-11,,,,within_numeric_and_curve_sampling_tolerance,source_Point_to_delivery_Point,8.231806349783991e-11
IMB,c1526bf647e6fffdc18887e74c1e80f41e47e19873a4c13199ee03e872f7cc28,A4A67,1,True,TEXT,identity,8.455030069505778e-11,,,,within_numeric_and_curve_sampling_tolerance,source_Point_to_delivery_Point,8.455030069505778e-11
IMB,c1dabadd41ef10b93e1b975be83e62a2ed3ca42eabc7207b8806e233aee6dde1,A4925,1,True,TEXT,identity,8.347834910467065e-11,,,,within_numeric_and_curve_sampling_tolerance,source_Point_to_delivery_Point,8.347834910467065e-11
IMB,c37646d1629ecf0f1d03f58709a5b2476d6436e299a5a3d5d2e6b29b048c012e,A49A5,1,True,TEXT,identity,7.921288994915891e-11,,,,within_numeric_and_curve_sampling_tolerance,source_Point_to_delivery_Point,7.921288994915891e-11
IMB,c3b68fd08fff2fe83527403da32eed38d674e00fb5b0f9b02841e9afc1a2d026,A48A9,1,True,TEXT,identity,8.377755783203951e-11,,,,within_numeric_and_curve_sampling_tolerance,source_Point_to_delivery_Point,8.377755783203951e-11
IMB,c3c087074e3b0a455198405aee77612e6430c3517d6488e86b9dd52203f25aeb,A4A99,1,True,TEXT,identity,8.333299489119424e-11,,,,within_numeric_and_curve_sampling_tolerance,source_Point_to_delivery_Point,8.333299489119424e-11
IMB,c405cbfb13c88b6ce4d02f8becf0773361e2ba37fc588a6a9adf2c2638f36e45,A49FD,1,True,TEXT,identity,8.547708028656594e-11,,,,within_numeric_and_curve_sampling_tolerance,source_Point_to_delivery_Point,8.547708028656594e-11
IMB,c612bbd9e0e0e1435d51843fe7d054a2e280fd26d8521c71529f592708f945fd,A485B,1,True,TEXT,identity,8.317806406848988e-11,,,,within_numeric_and_curve_sampling_tolerance,source_Point_to_delivery_Point,8.317806406848988e-11
IMB,c67df58d3a4f82798dbb3f5626d64f9a13163998e917ed05cc9a15e16586a80d,A49FF,1,True,TEXT,identity,1.0989325161512192e-10,,,,within_numeric_and_curve_sampling_tolerance,source_Point_to_delivery_Point,1.0989325161512192e-10
IMB,c75af6038cdd332c4463d9eedab6a2f25676e3b17dc3ac7e32b853e7aa9b9f70,A48A7,1,True,TEXT,identity,8.249153294705928e-11,,,,within_numeric_and_curve_sampling_tolerance,source_Point_to_delivery_Point,8.249153294705928e-11
IMB,c7935f1e85c00e9ea249d632b739cab8041b8dd4df475f57792a64685299640c,A4AF5,1,True,TEXT,identity,8.40212647954898e-11,,,,within_numeric_and_curve_sampling_tolerance,source_Point_to_delivery_Point,8.40212647954898e-11
IMB,c79743e8d47a7ccf3cc98d3e725a61de0fcda8b3ff2c27018dc71e7d9443e070,A48F5,1,True,TEXT,identity,8.550973467068397e-11,,,,within_numeric_and_curve_sampling_tolerance,source_Point_to_delivery_Point,8.550973467068397e-11
IMB,c7a50a9566274749abec3c4b217b9b07fabf8b01734bac1fe0629eaf8c7f5c4b,A48FF,1,True,TEXT,identity,8.597311068609852e-11,,,,within_numeric_and_curve_sampling_tolerance,source_Point_to_delivery_Point,8.597311068609852e-11
IMB,c7cfb9f2cdee6db89fb71f3568dde8d4d55776141958b44953ee8bde501c4093,A4A07,1,True,TEXT,identity,5.317657811737588e-10,,,,within_numeric_and_curve_sampling_tolerance,source_Point_to_delivery_Point,5.317657811737588e-10
IMB,c7d763322de5b4aff746efa142d49bbe78a6dc42b6d39bd68da99e71e684198b,A4837,1,True,TEXT,identity,7.981042730724219e-11,,,,within_numeric_and_curve_sampling_tolerance,source_Point_to_delivery_Point,7.981042730724219e-11
IMB,c89547f9cfb2cecea37535e849947bee5308e9f28dac77e4277d079d9f9ebe41,A49FB,1,True,TEXT,identity,8.801975354855424e-11,,,,within_numeric_and_curve_sampling_tolerance,source_Point_to_delivery_Point,8.801975354855424e-11
IMB,c9cfcb95d486bd7742a0f6fb58df91290519d1589c45d45b932a9d62b06bee71,A48BB,1,True,TEXT,identity,8.509518659170734e-11,,,,within_numeric_and_curve_sampling_tolerance,source_Point_to_delivery_Point,8.509518659170734e-11
IMB,ca73396fa6a1848d8ec3e04b7d29ceafa8bb19801071ab5fc472210b69eb18b2,A4A8D,1,True,TEXT,identity,8.342228292585717e-11,,,,within_numeric_and_curve_sampling_tolerance,source_Point_to_delivery_Point,8.342228292585717e-11
IMB,ca765fe2bfcb06894dc4fb92f4d9c05e7517c2263879233d1d1fa6c91aac5fcc,A48E9,1,True,TEXT,identity,8.47253017304261e-11,,,,within_numeric_and_curve_sampling_tolerance,source_Point_to_delivery_Point,8.47253017304261e-11
IMB,ca8a5428c4a72c943006be768238c88396af0aa3bbe2073a7a6de1503e11c790,A4909,1,True,TEXT,identity,7.959280382060709e-11,,,,within_numeric_and_curve_sampling_tolerance,source_Point_to_delivery_Point,7.959280382060709e-11
IMB,cb748817d60d061aacf362e0299febbff4c75af643ad88e7be597681de057c4a,A49E7,1,True,TEXT,identity,8.167495362676303e-11,,,,within_numeric_and_curve_sampling_tolerance,source_Point_to_delivery_Point,8.167495362676303e-11
IMB,cc31bfafafa438187cc7e48192e14b63d1d0b969f0224106d92a9a746bf340dc,A488F,1,True,TEXT,identity,8.40298786379332e-11,,,,within_numeric_and_curve_sampling_tolerance,source_Point_to_delivery_Point,8.40298786379332e-11
IMB,ccc6ef4b855f5fe500b5753846701dd34a6d37ddf300b4b1e530088735498370,A4ACF,1,True,TEXT,identity,8.478477467698569e-11,,,,within_numeric_and_curve_sampling_tolerance,source_Point_to_delivery_Point,8.478477467698569e-11
IMB,ccea4fb3b1748d2be6bcc580f439ba6c6732827f5c958b8e953a80d434fc92f2,A49C1,1,True,TEXT,identity,8.481312401001214e-11,,,,within_numeric_and_curve_sampling_tolerance,source_Point_to_delivery_Point,8.481312401001214e-11
IMB,ce68d75ba13cc8d7b23eb24f0854ac4a340bb48c93bb460c25d956cd433f26c7,A4959,1,True,TEXT,identity,8.175150858974259e-11,,,,within_numeric_and_curve_sampling_tolerance,source_Point_to_delivery_Point,8.175150858974259e-11
IMB,cef6884b2189529f46b85f2ad114fc52eecea12d5a5309a0f6607cc2108338f4,A4893,1,True,TEXT,identity,8.58527591037721e-11,,,,within_numeric_and_curve_sampling_tolerance,source_Point_to_delivery_Point,8.58527591037721e-11
IMB,cf650506c06188b8545ec4a7d10b054c09b743897f91d0ea82b383369922346a,A4A19,1,True,TEXT,identity,8.216499417720311e-11,,,,within_numeric_and_curve_sampling_tolerance,source_Point_to_delivery_Point,8.216499417720311e-11
IMB,cf918e48fe85c721954124c49baf26ac5d8c4d7cf6e726b18897486d2b173a5a,A48FB,1,True,TEXT,identity,2.217213967568131e-11,,,,within_numeric_and_curve_sampling_tolerance,source_Point_to_delivery_Point,2.217213967568131e-11
IMB,d07931dd5a6bd8097d35c9764b404c6d224b96902e70aa735c4b3e8e57f1cf8c,A4A77,1,True,TEXT,identity,8.385126836667848e-11,,,,within_numeric_and_curve_sampling_tolerance,source_Point_to_delivery_Point,8.385126836667848e-11
IMB,d128452fe9cb64c2855a41a481bb166590b8e4bf24fa16a7b445a5b94efb3513,A47D5,1,True,TEXT,identity,8.352540323195406e-11,,,,within_numeric_and_curve_sampling_tolerance,source_Point_to_delivery_Point,8.352540323195406e-11
IMB,d132ac095342aaa92f1eb58ae15aad8de244b7dc5b9a790a587fa726a8eaab2d,A4813,1,True,TEXT,identity,8.655085802496003e-11,,,,within_numeric_and_curve_sampling_tolerance,source_Point_to_delivery_Point,8.655085802496003e-11
IMB,d171af0e8cdea8a77ab16cfa9ed51fe92917d24a781e43619dbbc9d66e981458,A4AEF,1,True,TEXT,identity,8.325261588304661e-11,,,,within_numeric_and_curve_sampling_tolerance,source_Point_to_delivery_Point,8.325261588304661e-11
IMB,d211647f4a966ef050bc121d4e534948d901b11d5226b266a81f0f6a01e1982c,A4B33,1,True,TEXT,identity,8.616022345691446e-11,,,,within_numeric_and_curve_sampling_tolerance,source_Point_to_delivery_Point,8.616022345691446e-11
IMB,d2511e5bc048ebb10d5fdb7dccdaa605161f5cd1e586fa048a644e6c565f3c7f,A4B23,1,True,TEXT,identity,8.383307806702522e-11,,,,within_numeric_and_curve_sampling_tolerance,source_Point_to_delivery_Point,8.383307806702522e-11
IMB,d2f547f9a6f8a6accd23f4dcda0293f5c546e5a807a980e656f3c000717cb71f,A49A9,1,True,TEXT,identity,8.230110475240923e-11,,,,within_numeric_and_curve_sampling_tolerance,source_Point_to_delivery_Point,8.230110475240923e-11
IMB,d36c6d60a100c3cb313e6afe4ee197bed33b659a42c1657c48e5b3fc5ad70ea5,A4945,1,True,TEXT,identity,8.528210383580356e-11,,,,within_numeric_and_curve_sampling_tolerance,source_Point_to_delivery_Point,8.528210383580356e-11
IMB,d42f9eddac0fd4b97be339b4da725a7fdf8fd13c1668e24ae8d35875bf7cde23,A480B,1,True,TEXT,identity,8.28130386008888e-11,,,,within_numeric_and_curve_sampling_tolerance,source_Point_to_delivery_Point,8.28130386008888e-11
IMB,d469b3edfb3fdfbb49d0d5d8abdc7ca5971ce1f88e736fab0edaea40eb6d5fca,A47D3,1,True,TEXT,identity,7.959799997888263e-11,,,,within_numeric_and_curve_sampling_tolerance,source_Point_to_delivery_Point,7.959799997888263e-11
IMB,d4f2b437d560441f9c0fb3f5aafb29a23481d5c26a4183d7b8382ce937f92e62,A481D,1,True,TEXT,identity,8.264524858092864e-11,,,,within_numeric_and_curve_sampling_tolerance,source_Point_to_delivery_Point,8.264524858092864e-11
IMB,d506b5b98b9ffe2d2e1d7c5aa994ddf952fe0e70a93fcb6367d4efcd8d87f502,A4A85,1,True,TEXT,identity,8.176605225250787e-11,,,,within_numeric_and_curve_sampling_tolerance,source_Point_to_delivery_Point,8.176605225250787e-11
IMB,d5633450b707bc6374a0218b7ef526fcbe010586831cca252f28ce6d7f76a147,A4825,1,True,TEXT,identity,8.464288558688741e-11,,,,within_numeric_and_curve_sampling_tolerance,source_Point_to_delivery_Point,8.464288558688741e-11
IMB,d5c8747521216910b11cdceed565d6e2c7aefe366d3a8c0c6b97fd148afe9f73,A486F,1,True,TEXT,identity,8.224832184935587e-11,,,,within_numeric_and_curve_sampling_tolerance,source_Point_to_delivery_Point,8.224832184935587e-11
IMB,d60c580e8b3168886cedc3e176ae0229e7e36e82c44e0b7b872d6aef71a7188e,A4885,1,True,TEXT,identity,8.620131576803464e-11,,,,within_numeric_and_curve_sampling_tolerance,source_Point_to_delivery_Point,8.620131576803464e-11
IMB,d6bbc132fce3f89364bf3e4963604bb0c54281e4ef5616e8f549b26861a11a36,A481B,1,True,TEXT,identity,8.200754156781886e-11,,,,within_numeric_and_curve_sampling_tolerance,source_Point_to_delivery_Point,8.200754156781886e-11
IMB,d7519be9603dd0673df166c0a75e0da3c7dfa5bff8665d1a0f60bf1efe5ded0b,A4AE5,1,True,TEXT,identity,8.541536572248573e-11,,,,within_numeric_and_curve_sampling_tolerance,source_Point_to_delivery_Point,8.541536572248573e-11
IMB,d8173034d3cd05bd4a1a200d0b8cdfc1e0b695e6b455c5b7c562bf38f70109c6,A4883,1,True,TEXT,identity,8.423419850699012e-11,,,,within_numeric_and_curve_sampling_tolerance,source_Point_to_delivery_Point,8.423419850699012e-11
IMB,db25fac93640d6182d8b31b07fc3b824608cf5c7224fb5c455fc565a2e2c072f,A48A3,1,True,TEXT,identity,8.43446012611208e-11,,,,within_numeric_and_curve_sampling_tolerance,source_Point_to_delivery_Point,8.43446012611208e-11
IMB,db305dd0d4cc8045b87ff1709977f7cd2b3c7d99cfb7d6a646db2c1fb80e777d,A4919,1,True,TEXT,identity,8.428665784637375e-11,,,,within_numeric_and_curve_sampling_tolerance,source_Point_to_delivery_Point,8.428665784637375e-11
IMB,db3dd536e9d64612bb0f88fed882cdd47c54ced55b41d55721bc34c9dd0edf47,A492D,1,True,TEXT,identity,8.497815453154964e-11,,,,within_numeric_and_curve_sampling_tolerance,source_Point_to_delivery_Point,8.497815453154964e-11
IMB,db45540033373423a8e60618c30074c009e9350bc2bb5f51a029fbd69b6bb0ff,A48ED,1,True,TEXT,identity,8.44854614978717e-11,,,,within_numeric_and_curve_sampling_tolerance,source_Point_to_delivery_Point,8.44854614978717e-11
IMB,dc60c3e24fca4a9a6c146b4f6762fb9b85d16abb78ea908d5ded3b3979ab473b,A4A23,1,True,TEXT,identity,8.169077664796755e-11,,,,within_numeric_and_curve_sampling_tolerance,source_Point_to_delivery_Point,8.169077664796755e-11
IMB,dc6b3ae8c151aee2de8628c850d9e6df2f89beadb435465a073bc512bcbc6488,A4B09,1,True,TEXT,identity,7.914433137349637e-11,,,,within_numeric_and_curve_sampling_tolerance,source_Point_to_delivery_Point,7.914433137349637e-11
IMB,dea85e41234d1d0371bf081374a8c9b6184e2bd9f1215e5983bceee2c10457b3,A4929,1,True,TEXT,identity,8.039452166509638e-11,,,,within_numeric_and_curve_sampling_tolerance,source_Point_to_delivery_Point,8.039452166509638e-11
IMB,df30bc822ebfa4760dfa5fb33192ceb787a9aa1d3ae20cee45a837b6644dd266,A4997,1,True,TEXT,identity,8.559403416934013e-11,,,,within_numeric_and_curve_sampling_tolerance,source_Point_to_delivery_Point,8.559403416934013e-11
IMB,dfb0a2845403ef064578c8e2c527b52b7a7e85654947bc191928b14d7668b780,A4A27,1,True,TEXT,identity,6.425296045798727e-10,,,,within_numeric_and_curve_sampling_tolerance,source_Point_to_delivery_Point,6.425296045798727e-10
IMB,dfd9911c87e58cea6ae85534bbcbaa8e9bf9563943b70e55254da6c3165f9b5e,A4A35,1,True,TEXT,identity,6.42561466477635e-10,,,,within_numeric_and_curve_sampling_tolerance,source_Point_to_delivery_Point,6.42561466477635e-10
IMB,e163aecc5ff1a3c5a743cb0e36f7eb7ceb7daf5b4c872299a5851a2579428908,A4A9F,1,True,TEXT,identity,6.341869203202162e-10,,,,within_numeric_and_curve_sampling_tolerance,source_Point_to_delivery_Point,6.341869203202162e-10
IMB,e24e99deac3a9ed534225c5444f6a4b50ffa289c35d05a46d5e7ba5d34018f7a,A4A7B,1,True,TEXT,identity,7.991950199179477e-11,,,,within_numeric_and_curve_sampling_tolerance,source_Point_to_delivery_Point,7.991950199179477e-11
IMB,e25f2508cf9e02efe6d8685f12cfe58b7c993cdc3ac587d1e5f295f95d692013,A4923,1,True,TEXT,identity,8.264962731942275e-11,,,,within_numeric_and_curve_sampling_tolerance,source_Point_to_delivery_Point,8.264962731942275e-11
IMB,e2faac8ef34e9401da98a9c8791fd589e10941aba4487065bd4b6627e5c4d2bf,A49BB,1,True,TEXT,identity,8.340430899444737e-11,,,,within_numeric_and_curve_sampling_tolerance,source_Point_to_delivery_Point,8.340430899444737e-11
IMB,e474f206bff5cd3de7fd5da016f4b6cc087faa75f131b30007478b1500964b3c,A4953,1,True,TEXT,identity,8.023198380743147e-11,,,,within_numeric_and_curve_sampling_tolerance,source_Point_to_delivery_Point,8.023198380743147e-11
IMB,e4b16f5ff510b5855873f0e1d12f1d23c3f6e015009be1ba330e8fa8e55a9b2b,A4987,1,True,TEXT,identity,8.458453529997407e-11,,,,within_numeric_and_curve_sampling_tolerance,source_Point_to_delivery_Point,8.458453529997407e-11
IMB,e4f14cbdca824d7e498566abeaeeaa54a3f33cf3a229d3fddff7d0c4b077e5ac,A4A29,1,True,TEXT,identity,6.416223257250223e-10,,,,within_numeric_and_curve_sampling_tolerance,source_Point_to_delivery_Point,6.416223257250223e-10
IMB,e59c4f5fb1faaeb0bc352ad8aad607ad99e5c3c917e090d3f34fcc02f052379d,A4AA3,1,True,TEXT,identity,8.201226954439077e-11,,,,within_numeric_and_curve_sampling_tolerance,source_Point_to_delivery_Point,8.201226954439077e-11
IMB,e59d0c1dbe8d6a8147d4fcd93647120987e540ccc05cd0b2b36a965c0871095f,A4A4D,1,True,TEXT,identity,8.038262410865374e-11,,,,within_numeric_and_curve_sampling_tolerance,source_Point_to_delivery_Point,8.038262410865374e-11
IMB,e65e4e3b2555ee40909555c6b168b726673bdf29dddfc22f06beb2828a0fc92c,A49E5,1,True,TEXT,identity,8.508759199419369e-11,,,,within_numeric_and_curve_sampling_tolerance,source_Point_to_delivery_Point,8.508759199419369e-11
IMB,e7186c1253b42aa261e0d575798a3a2e0b9cea4e6927956e27952775f4d7c3b9,A4839,1,True,TEXT,identity,8.071605354339857e-11,,,,within_numeric_and_curve_sampling_tolerance,source_Point_to_delivery_Point,8.071605354339857e-11
IMB,e7f2ae03a9e7786a1bb60a2a055fe5ce2f178d1b5f3ab675e988795fb5e28cb4,A4833,1,True,TEXT,identity,7.848312195227787e-11,,,,within_numeric_and_curve_sampling_tolerance,source_Point_to_delivery_Point,7.848312195227787e-11
IMB,e91bc056f80e973122a76f6dc72476bdfa92f8973979c86af5b44b2d4aac5665,A49B1,1,True,TEXT,identity,8.029896994133322e-11,,,,within_numeric_and_curve_sampling_tolerance,source_Point_to_delivery_Point,8.029896994133322e-11
IMB,e95759a1e1e8cc5be0f5f3a3cef39810e9c1621f3f24c29a4e312acaaf08188c,A499B,1,True,TEXT,identity,8.367907314757943e-11,,,,within_numeric_and_curve_sampling_tolerance,source_Point_to_delivery_Point,8.367907314757943e-11
IMB,eb2c9694598d55d1866b7dcabb7940f389862e19bea3e820703a5597dbaabe3c,A49D9,1,True,TEXT,identity,8.224046435501271e-11,,,,within_numeric_and_curve_sampling_tolerance,source_Point_to_delivery_Point,8.224046435501271e-11
IMB,ebe6fe15cbb70c21d2cd6c5f51ceca8298241ca033f414708e41ffbf22898264,A47D9,1,True,TEXT,identity,8.831762555484236e-11,,,,within_numeric_and_curve_sampling_tolerance,source_Point_to_delivery_Point,8.831762555484236e-11
IMB,ebf89d2b4265393522bc1f57897ad829a59fa49357a6f6942678d6548dfcb066,A4A71,1,True,TEXT,identity,7.991950199179477e-11,,,,within_numeric_and_curve_sampling_tolerance,source_Point_to_delivery_Point,7.991950199179477e-11
IMB,ed45c5e0f41306f40532026c6224339710f319cd5dd060bcb3c0dec510617b27,A497D,1,True,TEXT,identity,8.387746779502182e-11,,,,within_numeric_and_curve_sampling_tolerance,source_Point_to_delivery_Point,8.387746779502182e-11
IMB,ee2030642a5bd02d7b8992d45ab75dd66749548824a162ea1ab833fc7b4c58c2,A4A1D,1,True,TEXT,identity,7.820398491437236e-11,,,,within_numeric_and_curve_sampling_tolerance,source_Point_to_delivery_Point,7.820398491437236e-11
IMB,ee949f9ad486afa256a7a4a6799708332669bb08153ba46bd0316b0a32e9beda,A4963,1,True,TEXT,identity,8.612031216445737e-11,,,,within_numeric_and_curve_sampling_tolerance,source_Point_to_delivery_Point,8.612031216445737e-11
IMB,eeddad92b1757bd11bc9a1ae7712bb035bb41d4709c3c4e3b78986d30597b6d4,A48BD,1,True,TEXT,identity,7.880458011003183e-11,,,,within_numeric_and_curve_sampling_tolerance,source_Point_to_delivery_Point,7.880458011003183e-11
IMB,ef40b3419bfa1e9a5915a4ad822997b7b8296f3727fda1399599c74f810a9ce3,A485D,1,True,TEXT,identity,8.045301916788108e-11,,,,within_numeric_and_curve_sampling_tolerance,source_Point_to_delivery_Point,8.045301916788108e-11
IMB,f0542b842729dda0d7e0d2b6e5191f819bea15becc94e81f16b94b6ebdda9ca6,A49ED,1,True,TEXT,identity,7.86400709141838e-11,,,,within_numeric_and_curve_sampling_tolerance,source_Point_to_delivery_Point,7.86400709141838e-11
IMB,f09543217f4e8e670d3944ad2d557850aed4f089759841e73f9a4330b4a812cb,A4933,1,True,TEXT,identity,8.330507275424586e-11,,,,within_numeric_and_curve_sampling_tolerance,source_Point_to_delivery_Point,8.330507275424586e-11
IMB,f0b96528dce243bb3ce721dacfef99861a1327f95daacd41cc00b79aa6b68325,A4903,1,True,TEXT,identity,8.502741882057829e-11,,,,within_numeric_and_curve_sampling_tolerance,source_Point_to_delivery_Point,8.502741882057829e-11
IMB,f296542be90866d22a52f5803ed0ea3fc3281adf4242b2db25b2f0f8ece4d85c,A4A87,1,True,TEXT,identity,8.132638613395505e-11,,,,within_numeric_and_curve_sampling_tolerance,source_Point_to_delivery_Point,8.132638613395505e-11
IMB,f3158b1b0ee8d9f33450f726572dcff1e4038803f54f674d3b2f04917391a770,A4943,1,True,TEXT,identity,8.774856541248898e-11,,,,within_numeric_and_curve_sampling_tolerance,source_Point_to_delivery_Point,8.774856541248898e-11
IMB,f3482cc619518988fe79895fa5f114bac117aad6add2dd929f640fb7c2179778,A4A2D,1,True,TEXT,identity,6.409394508816397e-10,,,,within_numeric_and_curve_sampling_tolerance,source_Point_to_delivery_Point,6.409394508816397e-10
IMB,f35e67c8dcd6615588a79cafa76c3c4de88f77f85b586b99949c8c9380027751,A4A6D,1,True,TEXT,identity,8.846706203135015e-11,,,,within_numeric_and_curve_sampling_tolerance,source_Point_to_delivery_Point,8.846706203135015e-11
IMB,f39bb7a4f60767f6e4858db53fc505bad92e2d2efdc1ca62d69abd2c244dfebb,A48DD,1,True,TEXT,identity,8.399941859242605e-11,,,,within_numeric_and_curve_sampling_tolerance,source_Point_to_delivery_Point,8.399941859242605e-11
IMB,f3a3370d65226bca5b821b4b63468299bbf7e7bdf351745bae47f026999ab7ad,A4941,1,True,TEXT,identity,8.297020881983918e-11,,,,within_numeric_and_curve_sampling_tolerance,source_Point_to_delivery_Point,8.297020881983918e-11
IMB,f3dc3b42bd8c92475bcb1c9c46231617b9d86a3a6a64a4820c12c30dc59602fc,A4985,1,True,TEXT,identity,8.650036953468289e-11,,,,within_numeric_and_curve_sampling_tolerance,source_Point_to_delivery_Point,8.650036953468289e-11
IMB,f4210e9849444d89e903bc563634c0625fa6a6ec6bf93665247a6176ad130bd6,A47DB,1,True,TEXT,identity,8.190535065911957e-11,,,,within_numeric_and_curve_sampling_tolerance,source_Point_to_delivery_Point,8.190535065911957e-11
IMB,f566177ada85d70e33d173f307740ad3299eb0b126b51c7d11c8b28f2d564390,A4A5B,1,True,TEXT,identity,8.031313292559104e-11,,,,within_numeric_and_curve_sampling_tolerance,source_Point_to_delivery_Point,8.031313292559104e-11
IMB,f57bccefcccf20b442043661a16bf7fc8ddfc09cfc94e962334e9c4fc71c843c,A4AA9,1,True,TEXT,identity,8.297114346549994e-11,,,,within_numeric_and_curve_sampling_tolerance,source_Point_to_delivery_Point,8.297114346549994e-11
IMB,f5ccc29ea17721b9ff54b1bd695284d6ef4cc935ceb14bb277c49c6775ffc145,A4A13,1,True,TEXT,identity,7.865716172338445e-11,,,,within_numeric_and_curve_sampling_tolerance,source_Point_to_delivery_Point,7.865716172338445e-11
IMB,f6317dcef5d9418233492937e9781bd0bf0a03f309927b836a4809ad491703c0,A49AF,1,True,TEXT,identity,7.916784385919759e-11,,,,within_numeric_and_curve_sampling_tolerance,source_Point_to_delivery_Point,7.916784385919759e-11
IMB,f67e05958dd81176e949726dbcabba86541e7e40a915931e2c9fce71f755487c,A4B1D,1,True,TEXT,identity,8.11567965573647e-11,,,,within_numeric_and_curve_sampling_tolerance,source_Point_to_delivery_Point,8.11567965573647e-11
IMB,f6aefff7833176d0e020a212248a3d7c49f716b28cf5f786e7eddfb7bff8c9f1,A49BD,1,True,TEXT,identity,8.728099191745814e-11,,,,within_numeric_and_curve_sampling_tolerance,source_Point_to_delivery_Point,8.728099191745814e-11
IMB,f6fcda946b46d3f099aa83c8eb035389676e8e9be7da5271a4cd39ac82dffa3c,A4B15,1,True,TEXT,identity,8.045301916788108e-11,,,,within_numeric_and_curve_sampling_tolerance,source_Point_to_delivery_Point,8.045301916788108e-11
IMB,f76db8e620a7260c3762930efe3a5d4ee59ada227f0ab7877f2ce367bdb5c1a3,A49C5,1,True,TEXT,identity,8.407693154791818e-11,,,,within_numeric_and_curve_sampling_tolerance,source_Point_to_delivery_Point,8.407693154791818e-11
IMB,f7ae9b364bf3563db413dca2892cc806141026be6c8cbd392655e4344bfdf6cd,A4A39,1,True,TEXT,identity,6.474621813094994e-10,,,,within_numeric_and_curve_sampling_tolerance,source_Point_to_delivery_Point,6.474621813094994e-10
IMB,f7e210c1b7ea2d7427e01e48637be5bfb79558c8948a55825009e4fa4ec61026,A4AB3,1,True,TEXT,identity,7.97689592640155e-11,,,,within_numeric_and_curve_sampling_tolerance,source_Point_to_delivery_Point,7.97689592640155e-11
IMB,f8240a9f2ba7bdd126a4bf407f9d48a00eb326e6ad7ba3830ab3d13f6f007a44,A4A3F,1,True,TEXT,identity,6.422712315229388e-10,,,,within_numeric_and_curve_sampling_tolerance,source_Point_to_delivery_Point,6.422712315229388e-10
IMB,f85d0e305af43e9198860fa5a6b4040064ef59e57eff12cd0e4a232b77156b51,A499F,1,True,TEXT,identity,7.991141551061008e-11,,,,within_numeric_and_curve_sampling_tolerance,source_Point_to_delivery_Point,7.991141551061008e-11
IMB,f8dc46fb96b223b510c518543156823c122aef2f0d396178b27b1acb88bd6233,A49F1,1,True,TEXT,identity,8.085428359808598e-11,,,,within_numeric_and_curve_sampling_tolerance,source_Point_to_delivery_Point,8.085428359808598e-11
IMB,f94c1095fc5a2668cabf22d9b43ed343e2f0765f0d632fa3a9e1aa8c0fd2280d,A4AAF,1,True,TEXT,identity,8.104205120596985e-11,,,,within_numeric_and_curve_sampling_tolerance,source_Point_to_delivery_Point,8.104205120596985e-11
IMB,f9cdd91ee3446a167e4a73ad4a4aea2237e2cafb857bc86e5e630b58462338c0,A49CD,1,True,TEXT,identity,8.576569999665416e-11,,,,within_numeric_and_curve_sampling_tolerance,source_Point_to_delivery_Point,8.576569999665416e-11
IMB,fa523fd3f2cbc730b4e87615b47b5df28df6ca81f0dee100ab55ba790c547bc6,A4AD5,1,True,TEXT,identity,8.728099191745814e-11,,,,within_numeric_and_curve_sampling_tolerance,source_Point_to_delivery_Point,8.728099191745814e-11
IMB,fa9ed618e78c654243c4dbd296a7c3fb7cbe80cba00cb6634736043020cc2cf8,A47EB,1,True,TEXT,identity,8.546740251751502e-11,,,,within_numeric_and_curve_sampling_tolerance,source_Point_to_delivery_Point,8.546740251751502e-11
IMB,fae2c1f05ed9fea600f6bcf119ae4b0d443fcffbd6d39e4231539e294b54a5ef,A4A57,1,True,TEXT,identity,8.470638363451777e-11,,,,within_numeric_and_curve_sampling_tolerance,source_Point_to_delivery_Point,8.470638363451777e-11
IMB,fb020b54e69d31d53fed87ea9ebf4c8da96ac68b886400ec2dcf66521b1e3278,A47F5,1,True,TEXT,identity,8.421578397674598e-11,,,,within_numeric_and_curve_sampling_tolerance,source_Point_to_delivery_Point,8.421578397674598e-11
IMB,fbd21048d6d9dc95801d8195db7262919f1e2472d0d6031d914cf784e4667839,A4AF9,1,True,TEXT,identity,7.931040204030393e-11,,,,within_numeric_and_curve_sampling_tolerance,source_Point_to_delivery_Point,7.931040204030393e-11
IMB,fdb9d6eb4400dd65737da4829096e2779d561a41e77da56c384ab0dc6df9f478,A4A97,1,True,TEXT,identity,8.062024163895628e-11,,,,within_numeric_and_curve_sampling_tolerance,source_Point_to_delivery_Point,8.062024163895628e-11
IMB,fe114050cad1d9c61b6d91c878b76e2bcf0c26d5fe75a1eda993f116b42ee83f,A4897,1,True,TEXT,identity,8.169773780644346e-11,,,,within_numeric_and_curve_sampling_tolerance,source_Point_to_delivery_Point,8.169773780644346e-11
IMB,fe196bc19f1ad3bea94a20a58710ce361e10a476935add280605a06efb12085e,A488B,1,True,TEXT,identity,8.553240399154062e-11,,,,within_numeric_and_curve_sampling_tolerance,source_Point_to_delivery_Point,8.553240399154062e-11
IMB,fece1732848f5a2392b3af5e08d54c984ecec5dc241dd7cdb12410d299ea3680,A484D,1,True,TEXT,identity,7.929084401428435e-11,,,,within_numeric_and_curve_sampling_tolerance,source_Point_to_delivery_Point,7.929084401428435e-11
INFRASTRUCTURE,0bdf17f60ef12f3734f1788fbfb08d2e10b5b5cc2de08c5f2af8efdafba22e6b,A5B6A,1,True,LWPOLYLINE,bridge_cable_endpoint_to_pole|identity,2.742299206313704,1026.9882771781677,1026.3614431843844,0.6268339937832934,explicit_derived_displacement,source_LineString_to_delivery_LineString,
INFRASTRUCTURE,1226aa1c4c86a3f0a79e837e5aacd2b1492c1498fd595dda2d9bd2c7ffe109b1,A5B6D,1,True,LWPOLYLINE,identity,4.762536353186163e-10,26.33844067088161,26.33844067095142,-6.981082378842984e-11,within_numeric_and_curve_sampling_tolerance,source_LineString_to_delivery_LineString,
INFRASTRUCTURE,21c1c43124a510a682778f5c522b3fd78e08a8f76797faacdc3eec672bff9361,A5E8A,1,True,LWPOLYLINE,identity,8.551486148559254e-10,34.97595651187968,34.97595651199558,-1.1589662562982994e-10,within_numeric_and_curve_sampling_tolerance,source_LineString_to_delivery_LineString,
INFRASTRUCTURE,2892c5d7338493fe0fe655b72a60264aeeafecd22890f9f89c1d0741785fdd48,A5E86,1,True,LWPOLYLINE,identity,3.495883384736971e-10,33.8812794024611,33.881279402115965,3.4513192304075346e-10,within_numeric_and_curve_sampling_tolerance,source_LineString_to_delivery_LineString,
INFRASTRUCTURE,3457540bf93727d2df87077c7bd79041aa6d2b5000b085f88ef5354308b0c981,A5E87,1,True,LWPOLYLINE,identity,2.6721234490706166e-10,41.3216801000399,41.321680100078524,-3.8625103115919046e-11,within_numeric_and_curve_sampling_tolerance,source_LineString_to_delivery_LineString,
INFRASTRUCTURE,4892a37db7d689cb01f7a21974ca30a11ea027e76b492438ef965ee006260d53,A5E89,1,True,LWPOLYLINE,identity,8.930491508559874e-10,28.73234077560834,28.732340775975302,-3.6696334859698254e-10,within_numeric_and_curve_sampling_tolerance,source_LineString_to_delivery_LineString,
INFRASTRUCTURE,5093ec8f81fee51651dfdf4f53b8a793f13acaa21564598e23d4e6850e74e3de,A5E90,1,True,LWPOLYLINE,identity,8.161935887221317e-10,33.66126879968531,33.66126879970884,-2.3533175408374518e-11,within_numeric_and_curve_sampling_tolerance,source_LineString_to_delivery_LineString,
INFRASTRUCTURE,6bd53183d02a9cd5bab85e44f33f1290115f2619e0caa22c3eb69e678936cb8c,A5E8F,1,True,LWPOLYLINE,identity,6.807751622619187e-10,29.133898596172152,29.133898596042798,1.2935430504512624e-10,within_numeric_and_curve_sampling_tolerance,source_LineString_to_delivery_LineString,
INFRASTRUCTURE,739c7ac53e9d237c1134684227e412397249e606bd6dff27229cba4cedd9b634,A5B6E,1,True,LWPOLYLINE,identity,9.170240794662752e-10,35.89287993057047,35.892879930574125,-3.652189661806915e-12,within_numeric_and_curve_sampling_tolerance,source_LineString_to_delivery_LineString,
INFRASTRUCTURE,7909a332b131dc0364ebeb84ccbf0bfb2f0f3725cdb18325e84b6f61bf71cfc1,A5E88,1,True,LWPOLYLINE,identity,7.519278730490121e-10,78.27804277180908,78.27804277193644,-1.2735767995764036e-10,within_numeric_and_curve_sampling_tolerance,source_LineString_to_delivery_LineString,
INFRASTRUCTURE,8a2e27e03cdf9d9cad621a9328323fddc01a59ba31f8d8621c9b527cc4dbf367,A5B6C,1,True,LWPOLYLINE,identity,6.324373748002332e-10,42.928361018301715,42.92836101856108,-2.5936230940715177e-10,within_numeric_and_curve_sampling_tolerance,source_LineString_to_delivery_LineString,
INFRASTRUCTURE,94e3db6176eb0853bac5ba2b8594a42ec3376175eca7d5229c40f4aedac81508,A5E8E,1,True,LWPOLYLINE,identity,7.608033264816292e-10,29.767064761022016,29.76706476092603,9.598721817383193e-11,within_numeric_and_curve_sampling_tolerance,source_LineString_to_delivery_LineString,
INFRASTRUCTURE,9f17e4a43c9a68752ff940db14c3338729901b16b0a6fdd4a4e06ae1f63867cc,A5E85,1,True,LWPOLYLINE,identity,9.118790000701469e-10,2385.46793428705,2385.4679342897102,-2.660272002685815e-09,within_numeric_and_curve_sampling_tolerance,source_LineString_to_delivery_LineString,
INFRASTRUCTURE,9f4f4aeef8c1825d995c0bf3811fcb99f4c4330dfc8115691daeae7f0c440a4e,A5E8D,1,True,LWPOLYLINE,identity,8.509208807778186e-10,29.564707963168008,29.564707964406203,-1.2381953240492294e-09,within_numeric_and_curve_sampling_tolerance,source_LineString_to_delivery_LineString,
INFRASTRUCTURE,ad5c285e6d236edaa842c2870f9cb6ca08da2479d29474373151661ac1934599,A5B6F,1,True,LWPOLYLINE,identity,8.034172488603129e-10,68.50840297955168,68.50840297935929,1.9238655113440473e-10,within_numeric_and_curve_sampling_tolerance,source_LineString_to_delivery_LineString,
INFRASTRUCTURE,d3487c01adc37f77a912b87087524ccc950f8aa2f2f083a04c69884271931421,A5E8B,1,True,LWPOLYLINE,identity,1.531897972390113e-10,36.78626329688825,36.78626329685414,3.411315674384241e-11,within_numeric_and_curve_sampling_tolerance,source_LineString_to_delivery_LineString,
INFRASTRUCTURE,e16bec18309e8a9c226842ff90c3f98e6dd8272ba4b7649d33094681a23d009f,A5B6B,1,True,LWPOLYLINE,identity,5.605259639254117e-10,23.6507015780909,23.6507015784175,-3.2660096849213005e-10,within_numeric_and_curve_sampling_tolerance,source_LineString_to_delivery_LineString,
PTECH,0822f926087e07908a409a1c446249e54651ef9028ee33667186a2dc3ae03bd4,A5D97,1,True,INSERT,identity,1.0572973702787233e-10,,,,within_numeric_and_curve_sampling_tolerance,source_Point_to_delivery_Point,1.0572973702787233e-10
PTECH,0b0f720d3ab9447285bfd7ca77c33935357e313397e5a7e4f7b1d5fbec92fa8f,A5CB0,1,True,INSERT,identity,7.691197817449752e-10,,,,within_numeric_and_curve_sampling_tolerance,source_Point_to_delivery_Point,7.691197817449752e-10
PTECH,0bd3abf6a91155510dbebdb0353f4976967d14120fec70e52a5883395b16c390,A5E77,1,True,INSERT,identity,8.161935887221317e-10,,,,within_numeric_and_curve_sampling_tolerance,source_Point_to_delivery_Point,8.161935887221317e-10
PTECH,0cb6ecd09734702bb051a2ed4b5f0ea8d7e86579a5841caef95d6224bdb1a0f7,A5D3C,1,True,INSERT,identity,5.905216535434471e-10,,,,within_numeric_and_curve_sampling_tolerance,source_Point_to_delivery_Point,5.905216535434471e-10
PTECH,0d9da3a8535497cd6ab0c7df7085d75c5055431f2de25e93c2ebf221bfa5b200,A5C9A,1,True,POINT,identity,4.373619972664379e-12,,,,within_numeric_and_curve_sampling_tolerance,source_Point_to_delivery_Point,4.373619972664379e-12
PTECH,0e5d1b5d017edc6e34d1487662756b954584a4be46a4fbd0a578da402061ef64,A5A25,1,True,INSERT,identity,9.242990489856659e-10,,,,within_numeric_and_curve_sampling_tolerance,source_Point_to_delivery_Point,9.242990489856659e-10
PTECH,0e7a0eb41b2d674224b43ba8650c8bce469a49883f58de92ef1e2a516ca5d6b2,A5CCC,1,True,INSERT,identity,8.395153707555298e-10,,,,within_numeric_and_curve_sampling_tolerance,source_Point_to_delivery_Point,8.395153707555298e-10
PTECH,122d9e5b13371416a52b99908daefdfea6624a36129997321162899af051e6f5,A5AF7,1,True,INSERT,identity,6.460046257680219e-10,,,,within_numeric_and_curve_sampling_tolerance,source_Point_to_delivery_Point,6.460046257680219e-10
PTECH,1290c24ba215560e8b66f12ab48cca3b44bc513c42da5ea067dc3adf54f8ed05,A5CBE,1,True,INSERT,identity,2.6721234490706166e-10,,,,within_numeric_and_curve_sampling_tolerance,source_Point_to_delivery_Point,2.6721234490706166e-10
PTECH,13ec43f34f2c3764008a7339b7010f0b91fe5d86c11fb0398d74801ea9d47a45,A5DF2,1,True,INSERT,identity,1.6259507269991095e-10,,,,within_numeric_and_curve_sampling_tolerance,source_Point_to_delivery_Point,1.6259507269991095e-10
PTECH,14a88b1d659ba367dc172a71a56f5dcab9781430868a6e7db1c982af8b5a0d78,A5D74,1,True,INSERT,identity,2.7368547222551403e-10,,,,within_numeric_and_curve_sampling_tolerance,source_Point_to_delivery_Point,2.7368547222551403e-10
PTECH,17409cb7925c9f3f4a23c3073f85ad4a8d59df335d07607af41b86e6d4a2401c,A5CE8,1,True,INSERT,identity,7.802505829322985e-10,,,,within_numeric_and_curve_sampling_tolerance,source_Point_to_delivery_Point,7.802505829322985e-10
PTECH,19f00d9538053ed76fc0debd88d00af85bf2b007c0b2d04c43b2110b71bb98c1,A5D19,1,True,INSERT,identity,4.368702796349295e-10,,,,within_numeric_and_curve_sampling_tolerance,source_Point_to_delivery_Point,4.368702796349295e-10
PTECH,1a22a8ed37c92321f1063c06a54229f13282c571123535ef5607b8812378ca05,A5B1A,1,True,INSERT,identity,7.843015906626338e-10,,,,within_numeric_and_curve_sampling_tolerance,source_Point_to_delivery_Point,7.843015906626338e-10
PTECH,1a63e34a10f2f36acb0c9e7e0239ea92ec1a2b24c8bf76492a9c9897ea6ea2b9,A5D5F,1,True,INSERT,identity,3.642026648745262e-10,,,,within_numeric_and_curve_sampling_tolerance,source_Point_to_delivery_Point,3.642026648745262e-10
PTECH,1aa573e45573fa8166f7c4d597074caff753f0b91f6b2581795756aa8d24b4ee,A5D04,1,True,INSERT,identity,2.583049015878191e-10,,,,within_numeric_and_curve_sampling_tolerance,source_Point_to_delivery_Point,2.583049015878191e-10
PTECH,1c051ef36669362b6804aea21e8e131327f7608652ad99ce7c660d1f23671bb7,A5DC1,1,True,INSERT,identity,3.0532864503711247e-10,,,,within_numeric_and_curve_sampling_tolerance,source_Point_to_delivery_Point,3.0532864503711247e-10
PTECH,1ff5cedb61a78467d648061a54845142ed09fdb96466f802236325c75239fe11,A5DD6,1,True,INSERT,identity,7.608033264816292e-10,,,,within_numeric_and_curve_sampling_tolerance,source_Point_to_delivery_Point,7.608033264816292e-10
PTECH,2008a53c821ced536f82ffba4d7170fbe21727d08f31209ee7223f8e8c9d68bc,A5A9C,1,True,INSERT,identity,1.0181162532370813e-11,,,,within_numeric_and_curve_sampling_tolerance,source_Point_to_delivery_Point,1.0181162532370813e-11
PTECH,26df2912608f464cea8e65fb5a27dccf0a8a14ed54913c5ec4105e20ec2cf273,A5CD3,1,True,INSERT,identity,4.821099431759919e-10,,,,within_numeric_and_curve_sampling_tolerance,source_Point_to_delivery_Point,4.821099431759919e-10
PTECH,29d6ffc6c5b8ca64d1ceee6878d0b5605f40d1f5aa792aa7d5efb8a19e52dac2,A5D66,1,True,INSERT,identity,2.6369122242719597e-10,,,,within_numeric_and_curve_sampling_tolerance,source_Point_to_delivery_Point,2.6369122242719597e-10
PTECH,2b5de1323566cb3a7a2cf7d8c62a635c01f4a4ef8895142435dbc576908e277e,A5AFE,1,True,INSERT,identity,5.262336658835859e-10,,,,within_numeric_and_curve_sampling_tolerance,source_Point_to_delivery_Point,5.262336658835859e-10
PTECH,2bec814e21a3f12ff02d804b8c9b2e68dca55730791a78620d86b8eb5d6ef3c3,A5A87,1,True,INSERT,identity,7.892618131375671e-11,,,,within_numeric_and_curve_sampling_tolerance,source_Point_to_delivery_Point,7.892618131375671e-11
PTECH,2d1405bc93a484192a94d2f7beb9878bba13bb3ea7ca1818d854439018f70033,A5DB3,1,True,INSERT,identity,9.158425647879147e-10,,,,within_numeric_and_curve_sampling_tolerance,source_Point_to_delivery_Point,9.158425647879147e-10
PTECH,362384588c64c0d1941ad9fda85fa7a960ad6cfab96da07a6bea3fa5c10dc074,A5DE4,1,True,INSERT,identity,3.2743356631441464e-10,,,,within_numeric_and_curve_sampling_tolerance,source_Point_to_delivery_Point,3.2743356631441464e-10
PTECH,39800b1f41fa13fc95ff51552e287071d1d57a81f4a87e061abd4f47c7151313,A5D89,1,True,INSERT,identity,8.551486148559254e-10,,,,within_numeric_and_curve_sampling_tolerance,source_Point_to_delivery_Point,8.551486148559254e-10
PTECH,3ae1840840b002cd4d22d0d4717da554f059e2df5122c72e8800399114df28b8,A5AAA,1,True,INSERT,identity,6.900173329812838e-10,,,,within_numeric_and_curve_sampling_tolerance,source_Point_to_delivery_Point,6.900173329812838e-10
PTECH,3aead4bb20a9d55990e7e88d6b629548de7a76136bc910c3e3d5e79afd9dbc2f,A5CEF,1,True,INSERT,identity,5.29941655014408e-11,,,,within_numeric_and_curve_sampling_tolerance,source_Point_to_delivery_Point,5.29941655014408e-11
PTECH,3baf344f70e722413c7d28508dd96d58501f696cdc2d62e5351ba9777b9e942a,A5A41,1,True,INSERT,identity,6.1010759350204984e-12,,,,within_numeric_and_curve_sampling_tolerance,source_Point_to_delivery_Point,6.1010759350204984e-12
PTECH,3cb91e46a2775035f42573a5a96d5fb621a71f7ce825754dee30374ef1e492c7,A5AC6,1,True,INSERT,identity,5.839399117027187e-10,,,,within_numeric_and_curve_sampling_tolerance,source_Point_to_delivery_Point,5.839399117027187e-10
PTECH,3d81e2dc5ca214f6ba3022815d2e6e4ae7f299d651da66fba358fc701fc3b37a,A5ACD,1,True,INSERT,identity,8.572136230323846e-10,,,,within_numeric_and_curve_sampling_tolerance,source_Point_to_delivery_Point,8.572136230323846e-10
PTECH,3dfb376040a9a688902763fa1bd98e1300725c942545299887b73e7470654966,A5AD4,1,True,INSERT,identity,6.623797526010158e-11,,,,within_numeric_and_curve_sampling_tolerance,source_Point_to_delivery_Point,6.623797526010158e-11
PTECH,4057646e714a57f57232bfa16c80f709cf5649408eb4e62eee15f918706ee2fb,A5A2C,1,True,INSERT,identity,5.59285353281962e-10,,,,within_numeric_and_curve_sampling_tolerance,source_Point_to_delivery_Point,5.59285353281962e-10
PTECH,412894113a70575951265870ac92d5d178bca790472764c8d2a0dc303363e29a,A5D27,1,True,INSERT,identity,3.823839168392635e-10,,,,within_numeric_and_curve_sampling_tolerance,source_Point_to_delivery_Point,3.823839168392635e-10
PTECH,48cf157a9da4d8256b8190792788b10d19035b02ca68d86ddf88918dae0dcff7,A5E3F,1,True,INSERT,identity,8.524316722929406e-10,,,,within_numeric_and_curve_sampling_tolerance,source_Point_to_delivery_Point,8.524316722929406e-10
PTECH,4bbfeaae9ec33e04865b2281875c1913061f22db371e2a2d29604b452aaa1352,A5ADB,1,True,INSERT,identity,6.68528718938892e-10,,,,within_numeric_and_curve_sampling_tolerance,source_Point_to_delivery_Point,6.68528718938892e-10
PTECH,4d2bdd95f4cc7bee453ef50009e4a98af5fbef1b1fb4d97b36d994d6a0e70ba3,A5DA5,1,True,INSERT,identity,1.0296287450160247e-10,,,,within_numeric_and_curve_sampling_tolerance,source_Point_to_delivery_Point,1.0296287450160247e-10
PTECH,4d5cf07f3d3b39c0d4e2ed5a168aceb63b29171c6fe0a0d2dd31488a80f235ec,A5A4F,1,True,INSERT,identity,6.324373748002332e-10,,,,within_numeric_and_curve_sampling_tolerance,source_Point_to_delivery_Point,6.324373748002332e-10
PTECH,50472b65f9a9208a13d24e7160ea108fe1c7ef242c47dd56da17d3201a0702ff,A5A6B,1,True,INSERT,identity,3.3914466276794114e-10,,,,within_numeric_and_curve_sampling_tolerance,source_Point_to_delivery_Point,3.3914466276794114e-10
PTECH,51b760ffc3d5e6ecf0f75c8bd282d5e6c33a9048df752448e8d4d498087aa02a,A5CC5,1,True,INSERT,identity,2.957964608995168e-10,,,,within_numeric_and_curve_sampling_tolerance,source_Point_to_delivery_Point,2.957964608995168e-10
PTECH,531e6b0eac6a18bb6bb55fcbf51a733c3ac3d15e6217acbe76eac7ba61a3c57d,A5CE1,1,True,INSERT,identity,9.110821184267218e-10,,,,within_numeric_and_curve_sampling_tolerance,source_Point_to_delivery_Point,9.110821184267218e-10
PTECH,5359046f3d5c3eaf2439c5bab96ad5f2fd53aae5f71c01b849d896330ff6acab,A5D0B,1,True,INSERT,identity,7.41603912248405e-10,,,,within_numeric_and_curve_sampling_tolerance,source_Point_to_delivery_Point,7.41603912248405e-10
PTECH,55b87638afac3208308015ec16dc1770f15efd8e653ed68ea5576a120fe7d585,A5A79,1,True,INSERT,identity,4.4510010043210057e-10,,,,within_numeric_and_curve_sampling_tolerance,source_Point_to_delivery_Point,4.4510010043210057e-10
PTECH,590c47c27ce15d3695cf1c3a912bb6b2dfd72d742163b3e9186b3a23cbc2d31c,A5E4D,1,True,INSERT,identity,3.693545214631981e-11,,,,within_numeric_and_curve_sampling_tolerance,source_Point_to_delivery_Point,3.693545214631981e-11
PTECH,5d6498690debecf2a82c4b529b6764fd2b2e3543007f15c0b5285b06913d8323,A5E69,1,True,INSERT,identity,8.509208807778186e-10,,,,within_numeric_and_curve_sampling_tolerance,source_Point_to_delivery_Point,8.509208807778186e-10
PTECH,5fb39fe05d37755fa3e2b3a89cfbb6a8f7620720dffae291f06a670f21798188,A5A95,1,True,INSERT,identity,9.11352522006085e-10,,,,within_numeric_and_curve_sampling_tolerance,source_Point_to_delivery_Point,9.11352522006085e-10
PTECH,631448fe535305b350ba053267f9592aad19b2e514eb3e53d5d19802d1e3d757,A5BF2,1,True,POINT,identity,3.0926163410039053e-12,,,,within_numeric_and_curve_sampling_tolerance,source_Point_to_delivery_Point,3.0926163410039053e-12
PTECH,663b9c9805dde228515562477c0e3e9ff42d3111d7887c67481d8a998c479345,A5CA9,1,True,INSERT,identity,8.595487923038723e-10,,,,within_numeric_and_curve_sampling_tolerance,source_Point_to_delivery_Point,8.595487923038723e-10
PTECH,67e8d3062747f76bb709aa94d75142c9896b6930ec9228bc9823a71f346940eb,A5E46,1,True,INSERT,identity,8.535728912027067e-10,,,,within_numeric_and_curve_sampling_tolerance,source_Point_to_delivery_Point,8.535728912027067e-10
PTECH,6e24fbfc7cc9485411bd452079076b52b42aa48dcb6760dacb3dfd1d134d1773,A5D20,1,True,INSERT,identity,4.957580453253566e-11,,,,within_numeric_and_curve_sampling_tolerance,source_Point_to_delivery_Point,4.957580453253566e-11
PTECH,721c66788d2c986db9b0deefef9106e7f935f4d6c6e98e4a08d2c88c7468eca8,A5D6D,1,True,INSERT,identity,2.601704341663534e-10,,,,within_numeric_and_curve_sampling_tolerance,source_Point_to_delivery_Point,2.601704341663534e-10
PTECH,73e0360e33cf4cdae20b10614d552dfe8c13a3ad17c583a630b453b90cb8241e,A5D58,1,True,INSERT,identity,3.454856768866286e-10,,,,within_numeric_and_curve_sampling_tolerance,source_Point_to_delivery_Point,3.454856768866286e-10
PTECH,748741972987965ae27001612fe82d6a83a019e12fc539c73206c0a9d1e0b75b,A5CA2,1,True,INSERT,identity,2.6716726153365026e-10,,,,within_numeric_and_curve_sampling_tolerance,source_Point_to_delivery_Point,2.6716726153365026e-10
PTECH,7d7d06f7ff1b989c268acf13e185c51ad9b80fb98277ec6dc62bbe7b910d0fbf,A5D7B,1,True,INSERT,identity,9.118790000701469e-10,,,,within_numeric_and_curve_sampling_tolerance,source_Point_to_delivery_Point,9.118790000701469e-10
PTECH,7e3294d6e9cf28cf92cf67041537895be3437710d7fd5863e88d80d59124535e,A5D2E,1,True,INSERT,identity,3.095465250887081e-10,,,,within_numeric_and_curve_sampling_tolerance,source_Point_to_delivery_Point,3.095465250887081e-10
PTECH,7e84e1f0e7d895f8b2f5b6d23295bbd13f6404d5eccac011ee7af5fca9a489cb,A5A64,1,True,INSERT,identity,7.606014796088042e-11,,,,within_numeric_and_curve_sampling_tolerance,source_Point_to_delivery_Point,7.606014796088042e-11
PTECH,807c68cae7d6e99369442a36ecd85171bff05731b05a0e1c8bb457ca9d442137,A5DCF,1,True,INSERT,identity,4.0588436527744393e-10,,,,within_numeric_and_curve_sampling_tolerance,source_Point_to_delivery_Point,4.0588436527744393e-10
PTECH,828205d0d82b080b70a1c7d98688c11a9a4c3a590948ec8be673c4113182719e,A5AE9,1,True,INSERT,identity,7.383501059980788e-10,,,,within_numeric_and_curve_sampling_tolerance,source_Point_to_delivery_Point,7.383501059980788e-10
PTECH,84fa49b07f963e1eb622a1ee0605a5bf6aaa15a948fc4f3a63e0d94ea416f7f1,A5B05,1,True,INSERT,identity,3.411029536103563e-10,,,,within_numeric_and_curve_sampling_tolerance,source_Point_to_delivery_Point,3.411029536103563e-10
PTECH,8697ac925f118607d32e3de2d83ff8aa83a89bf78e7748e087464c5d2405a9c1,A5B21,1,True,INSERT,identity,8.034172488603129e-10,,,,within_numeric_and_curve_sampling_tolerance,source_Point_to_delivery_Point,8.034172488603129e-10
PTECH,87f6d06ab068fceeebc9e9661b964bdf41ee7414064800e451a460f2788a25ae,A5A3A,1,True,INSERT,identity,3.709939284919159e-10,,,,within_numeric_and_curve_sampling_tolerance,source_Point_to_delivery_Point,3.709939284919159e-10
PTECH,89f28961f8efdde75e2c2e3e61f4b90925fb02d051ad424808fe4f5633fd5423,A5E15,1,True,INSERT,identity,2.414414028439153e-10,,,,within_numeric_and_curve_sampling_tolerance,source_Point_to_delivery_Point,2.414414028439153e-10
PTECH,8be46d88285287440aae935791640572d685bf876e4d3182ffbe6ab1624fed2f,A5AE2,1,True,INSERT,identity,9.290220156159133e-10,,,,within_numeric_and_curve_sampling_tolerance,source_Point_to_delivery_Point,9.290220156159133e-10
PTECH,8c891a0cb09573a047c53091ad2989c4a6b5e063859afdd167e888dee9971377,A5E2A,1,True,INSERT,identity,1.698619843920802e-11,,,,within_numeric_and_curve_sampling_tolerance,source_Point_to_delivery_Point,1.698619843920802e-11
PTECH,8dfd19d97e4ebcdecc0bacdf0ea5a05d073e415fe5ccba8635b500b67a9c85c6,A5D51,1,True,INSERT,identity,2.6704096823648337e-10,,,,within_numeric_and_curve_sampling_tolerance,source_Point_to_delivery_Point,2.6704096823648337e-10
PTECH,8f6bf5f4f99438277f8778c4cf29872ea8f0eddac9d0feef42fdec5f0a43ab59,A5C9B,1,True,INSERT,identity,4.087878965133942e-10,,,,within_numeric_and_curve_sampling_tolerance,source_Point_to_delivery_Point,4.087878965133942e-10
PTECH,9373f4b38531e6df065c77cf1e90182155f9377ece4d1182a239f6fbce5a8f6b,A5E31,1,True,INSERT,identity,8.930491508559874e-10,,,,within_numeric_and_curve_sampling_tolerance,source_Point_to_delivery_Point,8.930491508559874e-10
PTECH,977c8e5980d88b09311599bc2d9d24115d9ca3a85861dfb08c22042e2dfba417,A4B6F,1,True,POINT,identity,6.60949892960554e-12,,,,within_numeric_and_curve_sampling_tolerance,source_Point_to_delivery_Point,6.60949892960554e-12
PTECH,a0b0bcd7e1e8c0061ec45fa363192b5e9f71b069743e9be867e099717ceb5cc5,A5DDD,1,True,INSERT,identity,2.6528155508462206e-10,,,,within_numeric_and_curve_sampling_tolerance,source_Point_to_delivery_Point,2.6528155508462206e-10
PTECH,a2febb5342d5aad575847354697ecfcf9b42a8e17cddd708424378f41157f154,A5B13,1,True,INSERT,identity,9.170240794662752e-10,,,,within_numeric_and_curve_sampling_tolerance,source_Point_to_delivery_Point,9.170240794662752e-10
PTECH,a891ef5eaf7def9c4c48adca62f7393501731b06fe3fa7f5864e7ac8d6c4cde5,A5DC8,1,True,INSERT,identity,6.583568551980009e-10,,,,within_numeric_and_curve_sampling_tolerance,source_Point_to_delivery_Point,6.583568551980009e-10
PTECH,a8a031f7194ad4eaba43f51dcde4252e7be58772d38c4d99f9fc015e728f0230,A5E38,1,True,INSERT,identity,1.2503753700989125e-10,,,,within_numeric_and_curve_sampling_tolerance,source_Point_to_delivery_Point,1.2503753700989125e-10
PTECH,a9ba638c19fe59068d90dda66cf0ef50e5ba630b7f52fb21b3281628680e7a20,A5E98,1,True,INSERT,identity,3.495883384736971e-10,,,,within_numeric_and_curve_sampling_tolerance,source_Point_to_delivery_Point,3.495883384736971e-10
PTECH,ac567fa74b666bfd0cd16baed5392017af9c1219b1f7cb91b7db7f91a7759fcf,A5A80,1,True,INSERT,identity,7.796928123045398e-10,,,,within_numeric_and_curve_sampling_tolerance,source_Point_to_delivery_Point,7.796928123045398e-10
PTECH,b094449b79d9edf9f83633e031bf344d862d645a4936f58757670ca30a8037ed,A5E91,1,True,INSERT,identity,6.835427901402234e-10,,,,within_numeric_and_curve_sampling_tolerance,source_Point_to_delivery_Point,6.835427901402234e-10
PTECH,b0cb865fc8120f4f33a869d574a00fb70a83fc5fd016f359e188d89a559f5a41,A5E0E,1,True,INSERT,identity,7.519278730490121e-10,,,,within_numeric_and_curve_sampling_tolerance,source_Point_to_delivery_Point,7.519278730490121e-10
PTECH,b2b1b65b277330821444b79ff598175309fc2fd49107519891ce308130f96189,A5ABF,1,True,INSERT,identity,4.69215095054944e-10,,,,within_numeric_and_curve_sampling_tolerance,source_Point_to_delivery_Point,4.69215095054944e-10
PTECH,bb5c3d3c9020bf5a3e871c422ac4ee3352bb86d6c93b142186a6fb463bf1e0ba,A5AB1,1,True,INSERT,identity,7.497196582639668e-11,,,,within_numeric_and_curve_sampling_tolerance,source_Point_to_delivery_Point,7.497196582639668e-11
PTECH,c15611cf9a1c8167e9a00028c24643f9070bd1cb7049035f3456e5b487f7a047,A5A33,1,True,INSERT,identity,2.2593439219475424e-10,,,,within_numeric_and_curve_sampling_tolerance,source_Point_to_delivery_Point,2.2593439219475424e-10
PTECH,c275d16332cf941bcd56fc29cd78a99e4aefcd815f4090cd98edff034314aaf4,A5DBA,1,True,INSERT,identity,5.673876701500374e-10,,,,within_numeric_and_curve_sampling_tolerance,source_Point_to_delivery_Point,5.673876701500374e-10
PTECH,c4d62cf6bbe1ca357d6de619450bb14be0be4a17c4492fcae56932b6dcdee94b,A5E07,1,True,INSERT,identity,3.6662903532026344e-12,,,,within_numeric_and_curve_sampling_tolerance,source_Point_to_delivery_Point,3.6662903532026344e-12
PTECH,ca89deb7f333af1cd66546c46e2f8fb62d49a45909cf3538dbd0cb66162cd919,A5AF0,1,True,INSERT,identity,8.159389168395538e-11,,,,within_numeric_and_curve_sampling_tolerance,source_Point_to_delivery_Point,8.159389168395538e-11
PTECH,ce0f6ba5aca29fb894533d9c9c9496116e741cf027fa0d9716276305fbb0040b,A5CDA,1,True,INSERT,identity,6.603759079345893e-10,,,,within_numeric_and_curve_sampling_tolerance,source_Point_to_delivery_Point,6.603759079345893e-10
PTECH,ce4f04475207991d4c983ef300cea2d8b70d111c033a7030f4d6bd88862557db,A5B0C,1,True,INSERT,identity,4.067383956680332e-12,,,,within_numeric_and_curve_sampling_tolerance,source_Point_to_delivery_Point,4.067383956680332e-12
PTECH,d08897ab9fe380a5c18a3f45f85efd0f7bde479725f0820ae4a0a384c0ca70da,A5E5B,1,True,INSERT,identity,5.67347212661075e-10,,,,within_numeric_and_curve_sampling_tolerance,source_Point_to_delivery_Point,5.67347212661075e-10
PTECH,d3d0603b4369fdd2a1ca890af7f17b25ae2a5f9c10e2c5d11df162d61da1c502,A5A5D,1,True,INSERT,identity,8.142549418673453e-11,,,,within_numeric_and_curve_sampling_tolerance,source_Point_to_delivery_Point,8.142549418673453e-11
PTECH,d6ab4d6bf4351bf11a44a27bdd68879101ee3c78c140ecbebe137820cf13dc0c,A5DAC,1,True,INSERT,identity,1.531897972390113e-10,,,,within_numeric_and_curve_sampling_tolerance,source_Point_to_delivery_Point,1.531897972390113e-10
PTECH,dbfe4f0ee26693287fb239c88b8caa502a4239c4eb6859826379c9809e753e43,A5D12,1,True,INSERT,identity,2.658931715063318e-10,,,,within_numeric_and_curve_sampling_tolerance,source_Point_to_delivery_Point,2.658931715063318e-10
PTECH,dc2468dd827a7432790bf6345f31ab92122af8a273700cf1b271e31ecb095d5a,A5AB8,1,True,INSERT,identity,2.660980264853526e-10,,,,within_numeric_and_curve_sampling_tolerance,source_Point_to_delivery_Point,2.660980264853526e-10
PTECH,dc8e956173c10e660f9cdbd982059db74f9b1addb745ce58e37bd79ad7354ef0,A5CB7,1,True,INSERT,identity,8.460878763307453e-10,,,,within_numeric_and_curve_sampling_tolerance,source_Point_to_delivery_Point,8.460878763307453e-10
PTECH,de676ca1ae5bdd426bd30c2b4eb52cf2f49930c8b11945787e71d54985bea60a,A5D4A,1,True,INSERT,identity,1.75987812320958e-10,,,,within_numeric_and_curve_sampling_tolerance,source_Point_to_delivery_Point,1.75987812320958e-10
PTECH,e0f132cc7831cbecc1d4649cce35d00120ce1bf3a02e1a611bc52363de952f6e,A5E7E,1,True,INSERT,identity,5.192061822664813e-10,,,,within_numeric_and_curve_sampling_tolerance,source_Point_to_delivery_Point,5.192061822664813e-10
PTECH,e259a2aaef74b3f603439d714eeca43afdfe41712cd714aeabc4b3c2652c4100,A5D82,1,True,INSERT,identity,2.783012919307612e-10,,,,within_numeric_and_curve_sampling_tolerance,source_Point_to_delivery_Point,2.783012919307612e-10
PTECH,e28013158a11bdcfeaa5668a006fdb68b696a05469ca7af943ab486e37ad56ac,A5D43,1,True,INSERT,identity,1.2800410957227817e-10,,,,within_numeric_and_curve_sampling_tolerance,source_Point_to_delivery_Point,1.2800410957227817e-10
PTECH,e3d4e2117dcf8971640bf1c846df0c3533f53ceac7a9da5c8f85fcdf4059d5de,A5E1C,1,True,INSERT,identity,6.160460952597637e-10,,,,within_numeric_and_curve_sampling_tolerance,source_Point_to_delivery_Point,6.160460952597637e-10
PTECH,e59662454e2902fd689485fa2fb158fe42d23f93294cb2037dcd36a758e4de11,A5E62,1,True,INSERT,identity,3.885363069147175e-12,,,,within_numeric_and_curve_sampling_tolerance,source_Point_to_delivery_Point,3.885363069147175e-12
PTECH,e6d2b6c18f6e212672137fce29ab4f3a69e8461fc7ec672ca08332295349a73b,A5E70,1,True,INSERT,identity,6.807751622619187e-10,,,,within_numeric_and_curve_sampling_tolerance,source_Point_to_delivery_Point,6.807751622619187e-10
PTECH,e76f8620fda0141e72fef08b2ec82c1742b3a384f822ee67f8b23d572b371b01,A5AA3,1,True,INSERT,identity,4.762536353186163e-10,,,,within_numeric_and_curve_sampling_tolerance,source_Point_to_delivery_Point,4.762536353186163e-10
PTECH,e85cbc674486b1d6431a540b8a15f21cbbb066b89a27e7c61bb3d044bb4ea1b1,A5D35,1,True,INSERT,identity,2.6410154677561614e-10,,,,within_numeric_and_curve_sampling_tolerance,source_Point_to_delivery_Point,2.6410154677561614e-10
PTECH,ebdcc247042227c71b49488bf005e51b4f8ed85a6eb665f6be48ebc26682eedb,A5DF9,1,True,INSERT,identity,7.429088557541569e-10,,,,within_numeric_and_curve_sampling_tolerance,source_Point_to_delivery_Point,7.429088557541569e-10
PTECH,ecb82c10c3e6696a17c51df090818108c65122724ae664f25b12e9588adbbf3e,A5E00,1,True,INSERT,identity,4.374098680544349e-10,,,,within_numeric_and_curve_sampling_tolerance,source_Point_to_delivery_Point,4.374098680544349e-10
PTECH,ee77742fd96ae4dc491b3f6c5b4936ba60084051629101ea03eca9823fa5da21,A5CF6,1,True,INSERT,identity,8.572156735792403e-10,,,,within_numeric_and_curve_sampling_tolerance,source_Point_to_delivery_Point,8.572156735792403e-10
PTECH,f1053e9cbc5a91bbfc34735f4a7d8d8a58e0380d2c9747c9bba4441532bc4b7d,A5CFD,1,True,INSERT,identity,1.5188357290382649e-10,,,,within_numeric_and_curve_sampling_tolerance,source_Point_to_delivery_Point,1.5188357290382649e-10
PTECH,f5d9f9886c2d46ec190132d64655db3b1b5699a8c123d006c1fcdf8a1f52c5a8,A5E54,1,True,INSERT,identity,8.672508892623543e-10,,,,within_numeric_and_curve_sampling_tolerance,source_Point_to_delivery_Point,8.672508892623543e-10
PTECH,fb2a8ab0a56b860bad3f7cd8f686d48b383de9388cdfe890e65648e86b23ca2a,A5A56,1,True,INSERT,identity,7.429241305315151e-11,,,,within_numeric_and_curve_sampling_tolerance,source_Point_to_delivery_Point,7.429241305315151e-11
PTECH,fb4660fb4d0133b99919747abf041376664f3147bfc2b4dd56be90bd560b7701,A5A8E,1,True,INSERT,identity,7.82337970712053e-10,,,,within_numeric_and_curve_sampling_tolerance,source_Point_to_delivery_Point,7.82337970712053e-10
PTECH,fc15910fd667a011681c79766ac9af1c6ecc51faa2a18d01e50a4d2a72286199,A5D90,1,True,INSERT,identity,7.94444142602204e-10,,,,within_numeric_and_curve_sampling_tolerance,source_Point_to_delivery_Point,7.94444142602204e-10
PTECH,fcc1d6929e6b3019c89a37fca9583da13ac6d16f69e0ee2a02df17f32ef1d267,A5E9F,1,True,INSERT,identity,6.768639737850096e-10,,,,within_numeric_and_curve_sampling_tolerance,source_Point_to_delivery_Point,6.768639737850096e-10
PTECH,fe893ee7b826877b8e586eb21b7db7e342c97a2429db187d1c2a7c199811ab65,A5A72,1,True,INSERT,identity,5.58220896219489e-10,,,,within_numeric_and_curve_sampling_tolerance,source_Point_to_delivery_Point,5.58220896219489e-10
SITE,6da9135d3191cf4890533ba899bf935ba32fc873c7c0ecdc18093d60e4e9da9e,A4BEC,1,True,POINT,identity,3.16694883558378e-12,,,,within_numeric_and_curve_sampling_tolerance,source_Point_to_delivery_Point,3.16694883558378e-12
SITE,7248129124239a5b902acb8c20edb28f977193f98179e24f107293025c399197,A4B71,1,True,POINT,identity,5.968288291299672e-12,,,,within_numeric_and_curve_sampling_tolerance,source_Point_to_delivery_Point,5.968288291299672e-12
ZNRO,83ebffa0915a0830ab64116565da3f8e7e68642b0bc90ad174b6f14969be5aee,A5FAD,1,True,LWPOLYLINE,identity,7.68533920712404e-10,,,,within_numeric_and_curve_sampling_tolerance,source_LineString_to_delivery_Polygon,
ZNRO,bb0020414686c061dbfde4d17438131fc71aba327fa7fcd2709ddf2d20b219b1,A5FAE,1,True,LWPOLYLINE,identity,8.900911575050364e-10,,,,within_numeric_and_curve_sampling_tolerance,source_LineString_to_delivery_Polygon,
