entity_key,source_handle,dwg_type,source_layer,text,canonical_disposition,delivery_feature_count,delivery_layers,meaning,definition_entity_key,definition_retained_in_canonical_ledger,instance_parent_keys,all_instance_parents_retained_in_canonical_ledger,instance_parent_dispositions
001ff071c75f434082db8f06ddf8db2f58710db6951cf557b42cf4ddacf6ca2e,A489A,POINT,BASIC MAP_PT,,graphic_only,0,{},not_delivered_not_automatically_missing,,False,,False,
002e367f65c6285765315612d9991f9a064ed69bcb879655fbef32df2d6ac913,A4A47,TEXT,Home Number RW 01 FDT 2,NN-167,mapped,1,"{""IMB"": 1}",delivered,,False,,False,
0060256225f58745e82258f853820bd2526c8f6874b0d914f0c80be3c537ca5b,A5EAA,LWPOLYLINE,FAT,,mapped,1,"{""BOITE"": 1}",delivered,,False,,False,
00a26b618ba2c391ce52380999486fcd4547882dd79290be98ccd33a6a691688,A5BBF,TEXT,BASIC MAP_PT_DES,A09,annotation,0,{},not_delivered_not_automatically_missing,,False,,False,
00c8652477bb91177a60bb54236ba3bacc35057c8bf02f572c9bce877adfefa8,A5F36,MTEXT,Label,30,annotation,0,{},not_delivered_not_automatically_missing,,False,,False,
00c8a2ac30a5ca7dde11c0fe0b23213216a0d0cbf971eff8f085715f946c89fc,A4492,LWPOLYLINE,HOME,,graphic_only,0,{},not_delivered_not_automatically_missing,,False,,False,
00ca87f007e3379d9b470e1a876a1216f96f9cab5651ec3c5335feeebcd47f82,A4576,LWPOLYLINE,HOME,,graphic_only,0,{},not_delivered_not_automatically_missing,,False,,False,
00dda3663141f0d08b78fceb3d83fd8eb31442c766a9aad09740a84d149c617f,A5C8D,POINT,BASIC MAP_PT,,graphic_only,0,{},not_delivered_not_automatically_missing,,False,,False,
00f9639306725c8065e4eeba58f63347c17fc4f36c6ac93524d26ef5f3c95a7f,A4B11,TEXT,Home Number RW 01 FDT 2,NN-174,mapped,1,"{""IMB"": 1}",delivered,,False,,False,
0122c50e55ed7d113c3ba62836be34400e3db765bc4f0c5289179e0b929e2136,A4AC7,TEXT,Home Number RW 01 FDT 2,NN-198,mapped,1,"{""IMB"": 1}",delivered,,False,,False,
0141b8dddbe790269bc39bd1233fcbc38c6947717073a127440650a6aa77231c,A48BC,POINT,BASIC MAP_PT,,graphic_only,0,{},not_delivered_not_automatically_missing,,False,,False,
01c4e15bac9149e9d12a2a604404a8644a0605d6308d9ce69568eb6a4c09fe55,A5C29,TEXT,NEW POLE 7m (3 inches) FDT 2,MR.TGGR04-2.P003,annotation,0,{},not_delivered_not_automatically_missing,,False,,False,
01cdb971eb278adb4b5c16d80c91bc0547cbd2e61a04ccdb9591e5e308ae8a36,9E920,TEXT,BASIC MAP_PT_DES,A10,annotation,0,{},not_delivered_not_automatically_missing,,False,,False,
01cea8298d4a33cc1b20df0cfb8e363ce82178c9a1089ef332dac00904a61d7f,A5F46,MTEXT,Label,30,annotation,0,{},not_delivered_not_automatically_missing,,False,,False,
01ef16b0c6aebc14f7dc76a2854462d2a3a7d1ae333e53a7324a653597d51fa7,A4802,POINT,BASIC MAP_PT,,graphic_only,0,{},not_delivered_not_automatically_missing,,False,,False,
022c3bdd8bfb6886ae851d1ee3b193ae86655961b52b23b7f0e2de1834d5bffd,A4969,TEXT,Home Number RW 01 FDT 2,NN-294,mapped,1,"{""IMB"": 1}",delivered,,False,,False,
022c5db9054a666986dab086ef67500262dcd08b6aa66cbb6bf32f30be34af23,A4589,LWPOLYLINE,HOME,,graphic_only,0,{},not_delivered_not_automatically_missing,,False,,False,
0243bea9511f452c2d745df1baa7f27de3df912a81022ef7c4dddb5d18e7fbe9,A480F,TEXT,Home Number RW 01 FDT 1,NN-287,mapped,1,"{""IMB"": 1}",delivered,,False,,False,
0244df8562dfd06503f51ddf2df3053c86ffb83c0006137e54f4de4aa51dc410,A4AC9,TEXT,Home Number RW 01 FDT 2,NN-197,mapped,1,"{""IMB"": 1}",delivered,,False,,False,
024cb2b16b470bd896b0ea6f4b770963b2087e1b75bfbc9d34c11ab6d6eff832,A444A,LWPOLYLINE,HOME,,graphic_only,0,{},not_delivered_not_automatically_missing,,False,,False,
024d9f1c6da5b847656243e76a9fea927dfdb46e7316c62c57b615df032ab963,A4AF2,POINT,BASIC MAP_PT,,graphic_only,0,{},not_delivered_not_automatically_missing,,False,,False,
0283c6ef00baac77deeae28315fa01cc43f48b5aeb795eed5d3b8227a7b32de4,A4A15,TEXT,Home Number RW 01 FDT 2,NN-419,mapped,1,"{""IMB"": 1}",delivered,,False,,False,
028dcfbadce166a68814ec82fadb2c3389a88d8f67331b45999387475b0069fc,A4580,LWPOLYLINE,HOME,,graphic_only,0,{},not_delivered_not_automatically_missing,,False,,False,
02967d26dfbfbf93046151ea3ca636b2832f7dc218c7353d08d6d6e1b6172dcc,A5B9E,LWPOLYLINE,FDT,,graphic_only,0,{},not_delivered_not_automatically_missing,,False,,False,
02c87da3cde19d3a40d713c214313f9fe077bef754e1cf4ec29f77abe0ed4b7b,9589A,TEXT,POLE ID,Penanda 105,annotation,0,{},not_delivered_not_automatically_missing,,False,,False,
02db78fbcb7ca18e251663966e7d8d2f076861836c04f66d5d310078ade665cc,A5B93,ATTDEF,FAT,16,annotation,0,{},not_delivered_not_automatically_missing,,False,,False,
02dbefe995f5fcca274cba24f23227fd104b575318f23e3ad5b74d8c9ebb06b7,A4B62,LWPOLYLINE,HOME,,graphic_only,0,{},not_delivered_not_automatically_missing,,False,,False,
02e740e8ec43f68a42b0b6ca84d44a6170c0049b14862afb3479eb9991becaa1,A48C1,TEXT,Home Number RW 01 FDT 1,NN-182,mapped,1,"{""IMB"": 1}",delivered,,False,,False,
02f3051d7d13dcb6fcd7090865a24ad8b50067047f137322900d0b41c1e8608a,A4133,LWPOLYLINE,BASIC MAP,,graphic_only,0,{},not_delivered_not_automatically_missing,,False,,False,
02f57ba8892a7b7ddcce79648da59fc3233e240aa8d84f5da34ead7ad0a2f6ba,A4950,POINT,BASIC MAP_PT,,graphic_only,0,{},not_delivered_not_automatically_missing,,False,,False,
0326c49ad0bf85a2bff2abf43f0164f5c601ba24737120da6d203842bc938f75,A5F8F,MTEXT,Label,43,annotation,0,{},not_delivered_not_automatically_missing,,False,,False,
032c05860201f3079eb9fff9ac50a5588998a8c8704a30c2d2507d888598f4d6,A4514,LWPOLYLINE,HOME,,graphic_only,0,{},not_delivered_not_automatically_missing,,False,,False,
0343acc4bd31032a7354339c25a8dbe45d6d5fafe4d9deb8f4e8f027b2dce98f,A4917,TEXT,Home Number RW 01 FDT 2,NN-80,mapped,1,"{""IMB"": 1}",delivered,,False,,False,
036be3d4dbc3256774b136be5f1da27c3969100711db677c137587d3c6d29231,A48FD,TEXT,Home Number RW 01 FDT 1,NN-128,mapped,1,"{""IMB"": 1}",delivered,,False,,False,
038c29364c5efb68b9550c054ffcb576c683589b3f5fbe737d96583419e4a41e,A445A,LWPOLYLINE,HOME,,graphic_only,0,{},not_delivered_not_automatically_missing,,False,,False,
03b9c79eb55f4408f3587595159de98b544e181549d70d007922c12025c28434,A4A70,POINT,BASIC MAP_PT,,graphic_only,0,{},not_delivered_not_automatically_missing,,False,,False,
03ce86d5665836c48985cc947cee0736cbf0daa8dd5108a7e1e495da0e0ee5ea,A5C7C,TEXT,BASIC MAP_PT_DES,A15,annotation,0,{},not_delivered_not_automatically_missing,,False,,False,
03d04e8453e857da16c95f4f77a9479b27fb0332ab0a0358dd0c5459584026f1,A4462,LWPOLYLINE,HOME,,graphic_only,0,{},not_delivered_not_automatically_missing,,False,,False,
03ea07355f016f9a31f3e2e0e172960a464f05b39dd1306fb802136f4f37966f,A448B,LWPOLYLINE,HOME,,graphic_only,0,{},not_delivered_not_automatically_missing,,False,,False,
03ecd1c1d8a1f337f3168d23aca6859806c3b11b223020c8ead1baa77b348195,A44EF,LWPOLYLINE,HOME,,graphic_only,0,{},not_delivered_not_automatically_missing,,False,,False,
042002e0bf8ac4322ea9cc8525a1c9f1c6a5e9ef3f1b8a6a38257370234482b5,A4A24,POINT,BASIC MAP_PT,,graphic_only,0,{},not_delivered_not_automatically_missing,,False,,False,
042c045364b10ee39f99bd53ad55217438ed9568fad66c1b098aeb54a788d997,95898,TEXT,POLE ID,Penanda 104,annotation,0,{},not_delivered_not_automatically_missing,,False,,False,
0431de5be980da3dd73946d15dfd3f73b06479d836efddeff053b1ad2579fcb3,95CBC,TEXT,POLE ID,Penanda 379,annotation,0,{},not_delivered_not_automatically_missing,,False,,False,
04513001209aa1ef8a7e8f3a62d22c5b116523079a066f2bec9f0a95771244d3,A4989,TEXT,Home Number RW 01 FDT 2,NN-380,mapped,1,"{""IMB"": 1}",delivered,,False,,False,
04594f5e901634140c729bf20e66615629e33cac3091917e7b17d9cfe9bc8ce3,A5C36,POINT,BASIC MAP_PT,,graphic_only,0,{},not_delivered_not_automatically_missing,,False,,False,
046181532334008583b7f37834d4b1852b94a541088f0a6eb514a34d4cb5b17b,A4979,TEXT,Home Number RW 01 FDT 2,NN-90,mapped,1,"{""IMB"": 1}",delivered,,False,,False,
048c859670da3e898233739de1eef761b6f1316e1127a2dc8b59b97285234c62,A4157,LWPOLYLINE,BASIC MAP,,graphic_only,0,{},not_delivered_not_automatically_missing,,False,,False,
04a61d8bbfaa19d5951bb7719043f6fd34c11b5e91c604bd4ea5454f1bb6d3b9,A5EBF,LWPOLYLINE,FAT,,mapped,1,"{""BOITE"": 1}",delivered,,False,,False,
04c3581aea079daa1806bb9bdf931a860d51332233061403148ad07c2e7b9186,A482B,TEXT,Home Number RW 01 FDT 1,NN-315,mapped,1,"{""IMB"": 1}",delivered,,False,,False,
04c87feb5e458104158d05165e71329c83f9cf80e0e0b7929f8795403d722d1f,A4AAD,TEXT,Home Number RW 01 FDT 2,NN-213,mapped,1,"{""IMB"": 1}",delivered,,False,,False,
04e73928ab127d9070e3eff3d45db4e2ed07156427d9aa0eefdc585ebac9e0eb,95C92,TEXT,POLE ID,Penanda 358,annotation,0,{},not_delivered_not_automatically_missing,,False,,False,
053431eb2e4152e730fd691b7e28c6126db272e4f426d7e8445bc221e1269afe,A5C6E,POINT,BASIC MAP_PT,,graphic_only,0,{},not_delivered_not_automatically_missing,,False,,False,
0538fccc6d7fb9af9b077e758d7d9b6a6fc74b0d28d0990ce5d954afe513a22f,A4847,TEXT,Home Number RW 01 FDT 1,NN-352,mapped,1,"{""IMB"": 1}",delivered,,False,,False,
053f20093ac5a0c3a24f8c88ccc5dfbeaaae48d2141822c1c3d2104154cef97a,A4A4E,POINT,BASIC MAP_PT,,graphic_only,0,{},not_delivered_not_automatically_missing,,False,,False,
055bafe3079a41d5e13a9b6bec5542cc6c4e6937ceae06babd6694c3307166fd,A5C26,TEXT,NEW POLE 7M 2.5INCH FDT 2,MR.TGGR04-2.P069,annotation,0,{},not_delivered_not_automatically_missing,,False,,False,
0577bfd43e30e3873bc02a58bd48af0fd2f43680cbb53643283f4b12873a18e3,A5C34,TEXT,NEW POLE 7m (3 inches) FDT 2,MR.TGGR04-2.P008,annotation,0,{},not_delivered_not_automatically_missing,,False,,False,
058cee69761f49e7573adf6c6a57a804b7497f21a7fc2b80352c914a02cd75f1,A47DD,TEXT,Home Number RW 01 FDT 1,NN-74,mapped,1,"{""IMB"": 1}",delivered,,False,,False,
05d666542c6894bb8f35b219fc24b8620d52c0c3acdaece0411179d876b9dab1,A4818,POINT,BASIC MAP_PT,,graphic_only,0,{},not_delivered_not_automatically_missing,,False,,False,
05dedaa636c0c6bb27cb89142674311edc4c630a2bd63afec9bf2b01034cad3a,A499D,TEXT,Home Number RW 01 FDT 2,NN-406,mapped,1,"{""IMB"": 1}",delivered,,False,,False,
05fd6518b61b64fd87e536bc364d2840b0c3730683da0cf235cb7566e6c539cf,A447C,LWPOLYLINE,HOME,,graphic_only,0,{},not_delivered_not_automatically_missing,,False,,False,
060201f5466cca3d53b3e8cc520fc2c77f0277231e6eaec5ab42f09fe44e1a95,A4483,LWPOLYLINE,HOME,,graphic_only,0,{},not_delivered_not_automatically_missing,,False,,False,
06240159df627ec7c644657e9962d44070ad9758300c662a0ef1c9fc5dd1420d,A4482,LWPOLYLINE,HOME,,graphic_only,0,{},not_delivered_not_automatically_missing,,False,,False,
06290e7b2582ce5365baebcbee6872e8c6575385f833f39f7e8d532186f18fbf,A4A41,TEXT,Home Number RW 01 FDT 2,NN-363,mapped,1,"{""IMB"": 1}",delivered,,False,,False,
063027a84c6af60b6dfa172c14f6f1860b3b5a4f7093fb88347883658b7459e1,9E8F8,TEXT,BASIC MAP_PT_DES,2,annotation,0,{},not_delivered_not_automatically_missing,,False,,False,
06362a9895727adf3063497940937fbccfdef60d70daf5401811badfa8c1a980,A5F79,MTEXT,Label,46,annotation,0,{},not_delivered_not_automatically_missing,,False,,False,
068352b629faeb622218438932513230ebac307a4caa70998d9ccb0c1b8f97d1,95C8A,TEXT,POLE ID,Penanda 354,annotation,0,{},not_delivered_not_automatically_missing,,False,,False,
06894e604f6018853e616d1dfdb789559fb9f71463732380ce66b5a4e281efd5,A4B34,POINT,BASIC MAP_PT,,graphic_only,0,{},not_delivered_not_automatically_missing,,False,,False,
06bddfa663679b1173b82626f33c28c1986a096acf4a8213c6f4a245ca31d73d,A5BFB,POINT,BASIC MAP_PT,,graphic_only,0,{},not_delivered_not_automatically_missing,,False,,False,
06c3ccc938e0fc0d1b03498cbdf10dfd1d4b661ff6cb4097bc71fc925df2ea9d,A4B2B,TEXT,Home Number RW 01 FDT 2,NN-236,mapped,1,"{""IMB"": 1}",delivered,,False,,False,
06ca207ad16e3a388a771d133065629b3910b60ef92cae4336b2fe90946fc3e7,958B0,TEXT,POLE ID,Penanda 116,annotation,0,{},not_delivered_not_automatically_missing,,False,,False,
06ec29960e5daf2ee602c8e1f8f9eb2e73534b3dd2300b4c51a3be068cd8be3f,A484C,POINT,BASIC MAP_PT,,graphic_only,0,{},not_delivered_not_automatically_missing,,False,,False,
06f5bc3e6d0700d328f9f8b21555b4d9005760910942405cb3e52348c3f615ef,A445E,LWPOLYLINE,HOME,,graphic_only,0,{},not_delivered_not_automatically_missing,,False,,False,
0701cd066b510e28a079132628159b790f5e2896178d9f90b55b4b3cf1e6d586,A4A1C,POINT,BASIC MAP_PT,,graphic_only,0,{},not_delivered_not_automatically_missing,,False,,False,
070311722c476cb9d3f0e8566a093a9d3d761ed0b27493437ee066c0f3a1602b,A445F,LWPOLYLINE,HOME,,graphic_only,0,{},not_delivered_not_automatically_missing,,False,,False,
071360f6eeb289d8ab469983d3d0c1248233a18742b77747b43a1c21ebee316e,A4865,TEXT,Home Number RW 01 FDT 1,NN-351,mapped,1,"{""IMB"": 1}",delivered,,False,,False,
07201d0d75abe0918deb55430a2cd97e014baec9c2c0a6845c67e8a874bb884d,A5F40,MTEXT,Label,24,annotation,0,{},not_delivered_not_automatically_missing,,False,,False,
077fd7477892ea774ab91065893ce6b4f003bde84d38478776e30a7ca3b105b4,A447A,LWPOLYLINE,HOME,,graphic_only,0,{},not_delivered_not_automatically_missing,,False,,False,
079b661ac8bc0aaf324e5c8a7ad162a51e4a8c8b7a45c207fba34c56664115a1,A4B19,TEXT,Home Number RW 01 FDT 2,NN-111,mapped,1,"{""IMB"": 1}",delivered,,False,,False,
07afd8d844d27e8bb2b931ca91a741e05b745b92b346726ba1d99290914f7020,A4B8F,POINT,BASIC MAP_PT,,graphic_only,0,{},not_delivered_not_automatically_missing,,False,,False,
07bbde6ab7d09b3d715b59c260b076f454d5fa02d18ebfd628c6931e2459cb6d,A4A7F,TEXT,Home Number RW 01 FDT 2,NN-33,mapped,1,"{""IMB"": 1}",delivered,,False,,False,
07eddd0af970a26636ad1a4f4df2b7b63719a38822162f50e0d79ced9509ade0,A44AD,LWPOLYLINE,HOME,,graphic_only,0,{},not_delivered_not_automatically_missing,,False,,False,
0822f926087e07908a409a1c446249e54651ef9028ee33667186a2dc3ae03bd4,A5D97,INSERT,NEW POLE 7m (3 inches) FDT 2,,mapped,1,"{""PTECH"": 1}",delivered,,False,,False,
0826ae5a327ff8cb47ce789be316e839d641f59859c59b682bcb5d25fc075932,A47E2,POINT,BASIC MAP_PT,,graphic_only,0,{},not_delivered_not_automatically_missing,,False,,False,
083dee02c64cbb67b5082b27018d8e837c4742fd6e777d9e5bf27251f3b49beb,A4B39,LWPOLYLINE,HOME,,graphic_only,0,{},not_delivered_not_automatically_missing,,False,,False,
083ff8a32b86d4559512b1c41cf40c4609e1d30b8a5d9df61e50669493b55ecf,A5BCC,POINT,BASIC MAP_PT,,graphic_only,0,{},not_delivered_not_automatically_missing,,False,,False,
0848ceffa99ca998318478196b4055f0c60c94b209f5c9f33bb269e338e7eae5,A4B61,LWPOLYLINE,HOME,,graphic_only,0,{},not_delivered_not_automatically_missing,,False,,False,
08776f8cf4001e26e201571a03e0e37eaf608d26e208f5c9e8b21c5e37c293b3,A493F,TEXT,Home Number RW 01 FDT 2,NN-451,mapped,1,"{""IMB"": 1}",delivered,,False,,False,
0883e2a0a074e5cb678d5d34c2f1831ebf8eadd071fc282c5bd7eee09d7ef4d0,A45C1,LWPOLYLINE,HOME,,graphic_only,0,{},not_delivered_not_automatically_missing,,False,,False,
08b22d74910f94a57c22927700b1f80062eda1a3556919e5d7676678c8954972,A5EBC,ATTDEF,FAT,16,annotation,0,{},not_delivered_not_automatically_missing,,False,,False,
08e81bd12091effb3b506d2185c352fc74038b3c1d0bc28830edeafbcb22252f,A4BB7,TEXT,NEW POLE 7m (3 inches) FDT 1,MR.TGGR04-1.P007,annotation,0,{},not_delivered_not_automatically_missing,,False,,False,
0933ae8e79f25d0c12228e1a4dcd8b633859db40765cfb0fe35c95619045ce3c,95C82,TEXT,POLE ID,Penanda 350,annotation,0,{},not_delivered_not_automatically_missing,,False,,False,
093e7ac28678b71cc6f55b7079faed6b64bafa12d54c4871c27b78c71af41a0c,A4982,POINT,BASIC MAP_PT,,graphic_only,0,{},not_delivered_not_automatically_missing,,False,,False,
0977d4d41b11bb5afecd714fda20c4c1ccd7f47d31fba45594d29e420d65ae4a,A5BF9,TEXT,NEW POLE 7M 2.5INCH FDT 2,MR.TGGR04-2.P025,annotation,0,{},not_delivered_not_automatically_missing,,False,,False,
0982332b19acdf697c59d3a8ace46c8bbba267aaf31578d7f31c0161d38e96b4,A44BE,LWPOLYLINE,HOME,,graphic_only,0,{},not_delivered_not_automatically_missing,,False,,False,
098ebf7f37bd4b73166ab836b0c77fdeac8a87d81beb6af0eca4cdbeb077e662,A5F7F,MTEXT,Label,53,annotation,0,{},not_delivered_not_automatically_missing,,False,,False,
09b20b63cdbfd2b2e1e157989d8c0c2ab5ec089720aaeaaca25ff1ffb935f653,A5F78,MTEXT,Label,48,annotation,0,{},not_delivered_not_automatically_missing,,False,,False,
09d38406b141560518008c5207a3d9fd58c71d762e412b38b924cd6f0ff15c92,A451F,LWPOLYLINE,HOME,,graphic_only,0,{},not_delivered_not_automatically_missing,,False,,False,
09e61921a3e3feaded68126ab142a1078cc79a6d902b96497611d40e24435d9a,A48B1,TEXT,Home Number RW 01 FDT 1,NN-166,mapped,1,"{""IMB"": 1}",delivered,,False,,False,
09f51007a7199b97ebcacd57880ffa664503077c4954d85e7cacdc5239c82ec4,A49EC,POINT,BASIC MAP_PT,,graphic_only,0,{},not_delivered_not_automatically_missing,,False,,False,
0a2b3ddb1c5755bd20c23d49a7a646c4d3de2958ef5e88059c1acee7f62dec10,A5C09,TEXT,BASIC MAP_PT_DES,2,annotation,0,{},not_delivered_not_automatically_missing,,False,,False,
0a2f6a90b21f8cb35b009274dc87d59a18b51eda2b5aeffab8054c6efa4dc3dd,A456A,LWPOLYLINE,HOME,,graphic_only,0,{},not_delivered_not_automatically_missing,,False,,False,
0a5e9176ad248e32d2ca91758930ff2c53b20af975f75ea73c12d53997d70fd8,A4972,POINT,BASIC MAP_PT,,graphic_only,0,{},not_delivered_not_automatically_missing,,False,,False,
0a83618425e4f0c2db4197f11455e449dadce4fe55c22cde7e30a82bae2aa3cb,A44D1,LWPOLYLINE,HOME,,graphic_only,0,{},not_delivered_not_automatically_missing,,False,,False,
0a9cc994aa745cd260b08b365160d95ee12b22ca5f624b18c9e8e6556f20645f,A44C0,LWPOLYLINE,HOME,,graphic_only,0,{},not_delivered_not_automatically_missing,,False,,False,
0ae30756e91c6fa30298b85f3d28b39391bfba816932e2ac896be35c91a5c5a7,A490E,POINT,BASIC MAP_PT,,graphic_only,0,{},not_delivered_not_automatically_missing,,False,,False,
0afbfe8776f1635dc23e51004dc99e24e586871ae906c5f3effc34f9f09ba2cd,A45A4,LWPOLYLINE,HOME,,graphic_only,0,{},not_delivered_not_automatically_missing,,False,,False,
0b0f720d3ab9447285bfd7ca77c33935357e313397e5a7e4f7b1d5fbec92fa8f,A5CB0,INSERT,NEW POLE 7m (3 inches) FDT 2,,mapped,1,"{""PTECH"": 1}",delivered,,False,,False,
0b64c940237d9e01c1d052c670814438084131cb866d8a0c288fc37eea04d6f8,A454F,LWPOLYLINE,HOME,,graphic_only,0,{},not_delivered_not_automatically_missing,,False,,False,
0b72dd0919a1627f3c53d59a1c71f0d5306a3f06f941796c6bf2fc40bce53614,9E831,TEXT,BASIC MAP_PT_DES,A09,annotation,0,{},not_delivered_not_automatically_missing,,False,,False,
0b7734dd7491c635f38cbfddf7ae3f263f1813d2a7ede94bbfd4d0c85acd7c25,95CA0,TEXT,POLE ID,Penanda 365,annotation,0,{},not_delivered_not_automatically_missing,,False,,False,
0b7dac05dd5a8de5180143b909bf15cbee743e3f9480abb1d76493926ef48fa6,A5BC6,POINT,BASIC MAP_PT,,graphic_only,0,{},not_delivered_not_automatically_missing,,False,,False,
0bd3abf6a91155510dbebdb0353f4976967d14120fec70e52a5883395b16c390,A5E77,INSERT,NEW POLE 7M 2.5INCH FDT 2,,mapped,1,"{""PTECH"": 1}",delivered,,False,,False,
0bdf17f60ef12f3734f1788fbfb08d2e10b5b5cc2de08c5f2af8efdafba22e6b,A5B6A,LWPOLYLINE,FO 36 CORE,,mapped,34,"{""CABLE"": 33, ""INFRASTRUCTURE"": 1}",delivered,,False,,False,
0c1fd0c7225b4866cfe89c027e90b321052d17c60aae75780a900e6b12b7095e,A442F,LWPOLYLINE,HOME,,graphic_only,0,{},not_delivered_not_automatically_missing,,False,,False,
0c43ddea27f915ebfddce399d9ec93fdb6f0205847457321ae653ccf64abfa28,A5F4B,MTEXT,Label,33,annotation,0,{},not_delivered_not_automatically_missing,,False,,False,
0c4d783945a11b56ec4393778e60992d096047c359b880f28a7974e3dc97dd67,A5C4A,TEXT,NEW POLE 7m (3 inches) FDT 2,MR.TGGR04-2.P021,annotation,0,{},not_delivered_not_automatically_missing,,False,,False,
0c7064878a10ab075cf7b57f725dc6a98f654223c3e0d3fddc06beb93dde1abf,A45AE,LWPOLYLINE,HOME,,graphic_only,0,{},not_delivered_not_automatically_missing,,False,,False,
0cb6ecd09734702bb051a2ed4b5f0ea8d7e86579a5841caef95d6224bdb1a0f7,A5D3C,INSERT,NEW POLE 7m (3 inches) FDT 2,,mapped,1,"{""PTECH"": 1}",delivered,,False,,False,
0cc569de09b18c320d0a0e1366d413906771ec601d8b5d2b543320a70fa7a4c2,A4ACD,TEXT,Home Number RW 01 FDT 2,NN-195,mapped,1,"{""IMB"": 1}",delivered,,False,,False,
0d1c59d557c9a3072c81e3ce8d5792ff54955780ff2a067150c2a60c2823088b,9E90A,TEXT,BASIC MAP_PT_DES,A08,annotation,0,{},not_delivered_not_automatically_missing,,False,,False,
0d3a630e2e5b7e6c3b9ed86f702daaf0f4e8a1c45e98ac7f038198e512323471,A45AD,LWPOLYLINE,HOME,,graphic_only,0,{},not_delivered_not_automatically_missing,,False,,False,
0d5957528e0b54a7e313215e9e7f944853dfff874431e28eca116b60acc3f3c1,A5BE4,TEXT,EXT POLE,EXT.MR.WLT2.TGGR04-2.P009,annotation,0,{},not_delivered_not_automatically_missing,,False,,False,
0d67536f3ef499850016f205de570751343edec9d5d2316c7e6e0d59a4b9d5dd,A4435,LWPOLYLINE,HOME,,graphic_only,0,{},not_delivered_not_automatically_missing,,False,,False,
0d715ea71239b35863cefb3a5b3871e159cc1ced0360b0465b3160ac95be04f0,A4A86,POINT,BASIC MAP_PT,,graphic_only,0,{},not_delivered_not_automatically_missing,,False,,False,
0d7b452c3a3a189d3bc805f635b3bd5b59c7bb2c78c13a6184fcae2563427dcd,A4B57,LWPOLYLINE,HOME,,graphic_only,0,{},not_delivered_not_automatically_missing,,False,,False,
0d8dab10cbb51b6834f0616da0f3c28a580e3799f54f192eb17f55fd3279fc93,9B27D,TEXT,BASIC MAP_PT_DES,B03,annotation,0,{},not_delivered_not_automatically_missing,,False,,False,
0d9da3a8535497cd6ab0c7df7085d75c5055431f2de25e93c2ebf221bfa5b200,A5C9A,POINT,BASIC MAP_PT,,mapped,1,"{""PTECH"": 1}",delivered,,False,,False,
0dea1dc31ad915df43525a38aa071dc8ec0d51cb82833e69697e2e8bf90fe875,A5F32,MTEXT,Label,34,annotation,0,{},not_delivered_not_automatically_missing,,False,,False,
0dfe87389736437b73dda76b686ab067f6e8fcd7b478aabd1a60e8532dd863d8,A5EB2,LWPOLYLINE,FAT,,mapped,1,"{""BOITE"": 1}",delivered,,False,,False,
0e1f9eda4feb35b7bed1cbd14928aa18d3b2ae63004a0942493f757326a0ac55,A5F30,MTEXT,Label,38,annotation,0,{},not_delivered_not_automatically_missing,,False,,False,
0e32617ba9f827e01c1804f4995ca607aa6ad7e6eebebc54005f5102dc9f1e66,9B258,TEXT,BASIC MAP_PT_DES,A04,annotation,0,{},not_delivered_not_automatically_missing,,False,,False,
0e52e9f93bc01f720d1760f84cfc48a99128271fb493ef8167924f8c5bae6a79,A498D,TEXT,Home Number RW 01 FDT 2,NN-378,mapped,1,"{""IMB"": 1}",delivered,,False,,False,
0e5d1b5d017edc6e34d1487662756b954584a4be46a4fbd0a578da402061ef64,A5A25,INSERT,EXT POLE FDT 1,,mapped,1,"{""PTECH"": 1}",delivered,,False,,False,
0e7a0eb41b2d674224b43ba8650c8bce469a49883f58de92ef1e2a516ca5d6b2,A5CCC,INSERT,NEW POLE 7m (3 inches) FDT 2,,mapped,1,"{""PTECH"": 1}",delivered,,False,,False,
0e87b7b9154ccfb743beafc8e311ebec3abb8f5b8fa218b9c03b68bfa74f419d,A490C,POINT,BASIC MAP_PT,,graphic_only,0,{},not_delivered_not_automatically_missing,,False,,False,
0e913b0631df1685ea84ea74e3e61cb2b22e43ab88c6916362bdd9aceef96ee8,A5F61,MTEXT,Label,31,annotation,0,{},not_delivered_not_automatically_missing,,False,,False,
0e9946c560c0fb9d4bc7d9f6220b0d5834dc4458e69644b4199a9c7f2792ba7d,A4BA1,POINT,BASIC MAP_PT,,graphic_only,0,{},not_delivered_not_automatically_missing,,False,,False,
0ec5a0cd2aed7dde40793b0d87e90066645d24ecc9869f0204c06dd1ba6a814c,A4550,LWPOLYLINE,HOME,,graphic_only,0,{},not_delivered_not_automatically_missing,,False,,False,
0ed1f3548a5fdfd4f67f6aa505bd22279fc456e38fcf55ed32d6ff56655b306e,A5F3E,MTEXT,Label,29,annotation,0,{},not_delivered_not_automatically_missing,,False,,False,
0f01b380118906f7a913dffd63ea4a0ae3f1bba50c9479684cc9ca9e3491c08f,A4425,LWPOLYLINE,HOME,,graphic_only,0,{},not_delivered_not_automatically_missing,,False,,False,
0f2a8cbc38ff46932abe1e6245a710dd3e08adc389ac09c917a4f339e48785b1,A48D9,TEXT,Home Number RW 01 FDT 1,NN-306,mapped,1,"{""IMB"": 1}",delivered,,False,,False,
0f32a0cbd0b871404eff3b28a8e214315dab8011e78be5973a6dfd1851d7edbe,A4151,LWPOLYLINE,BASIC MAP,,graphic_only,0,{},not_delivered_not_automatically_missing,,False,,False,
0f72efc70d3a39d28b8fc27734c54d20e21d03de5c48cdee7d3fc167d6ee5851,A5F39,MTEXT,Label,2,annotation,0,{},not_delivered_not_automatically_missing,,False,,False,
0f79a86845d5465e12aa2723925b161386fa40547169d73dc0cc910dc6b06676,9E8F0,TEXT,BASIC MAP_PT_DES,2,annotation,0,{},not_delivered_not_automatically_missing,,False,,False,
0fa03cc676577b599e6aacf2ff72019858fcf6f81774ab6ce087fb721a586a3d,A4A75,TEXT,Home Number RW 01 FDT 2,NN-39,mapped,1,"{""IMB"": 1}",delivered,,False,,False,
0fa3914bbc956157f91a528c3e22879bdec8a379676f1b0856508c5729bd3957,A44E1,LWPOLYLINE,HOME,,graphic_only,0,{},not_delivered_not_automatically_missing,,False,,False,
0fdde242309070d61f9626eccba81a2116ba8b3dc13cc2ef53b6b8ee0bf04bc0,A44A4,LWPOLYLINE,HOME,,graphic_only,0,{},not_delivered_not_automatically_missing,,False,,False,
101561f9ee5efa2313a122db329680ecf79c5dce061f8c873540bd932b75996c,A4461,LWPOLYLINE,HOME,,graphic_only,0,{},not_delivered_not_automatically_missing,,False,,False,
101c8f840f1462f7451bf349fae3744573e7fec55933a4524f56e618f7821cf6,A4572,LWPOLYLINE,HOME,,graphic_only,0,{},not_delivered_not_automatically_missing,,False,,False,
1025b39f537f859e9db4f7916a6d7a117269d3860db65c421f57b828a682767a,A4BA0,TEXT,BASIC MAP_PT_DES,2,annotation,0,{},not_delivered_not_automatically_missing,,False,,False,
1026604e5b4d033f313990bcde090af6148a4bc551ce9ce8e385b15a7fa5f967,A442C,LWPOLYLINE,HOME,,graphic_only,0,{},not_delivered_not_automatically_missing,,False,,False,
102a1db3f477a0677b2ff65047d2c3b6de3ca529289b6a9ffdfb58a606bdc4ab,A480E,POINT,BASIC MAP_PT,,graphic_only,0,{},not_delivered_not_automatically_missing,,False,,False,
1037808c49437da840729a56ef7172187c1573146497a00deaaf84f0aca7b765,A40EC,LWPOLYLINE,BASIC MAP,,graphic_only,0,{},not_delivered_not_automatically_missing,,False,,False,
10580187a1d660d93a34936ba108b10af0c7405224f06c041a781fdd5ac9d85a,A4828,POINT,BASIC MAP_PT,,graphic_only,0,{},not_delivered_not_automatically_missing,,False,,False,
10631984169fb74b55e85f004b6c195330dcb67044174c72c590adb9cc522b23,95C76,TEXT,POLE ID,Penanda 344,annotation,0,{},not_delivered_not_automatically_missing,,False,,False,
108ca86e1921ef2616fb0b0e8bc18b8ee1ef5d99bdf9db4af92cfe55f2a769aa,A5C92,TEXT,BASIC MAP_PT_DES,A19,annotation,0,{},not_delivered_not_automatically_missing,,False,,False,
10942aa964a4e8a1953af7b9a52188530b9b39a200de0cef4446c4971f4cccee,A4971,TEXT,Home Number RW 01 FDT 2,NN-96,mapped,1,"{""IMB"": 1}",delivered,,False,,False,
1099a72b7204d70c980818b9a15d0fae3fefe823501c0f1fca1e0e31508456e6,A5ED6,LWPOLYLINE,FAT,,mapped,1,"{""BOITE"": 1}",delivered,,False,,False,
109c02ea94040025cfb0cf0ffe17a3bce5ccc1a430de84ae401450335a234729,A5EBB,LWPOLYLINE,FAT,,mapped,1,"{""BOITE"": 1}",delivered,,False,,False,
109c0edbacc7313c69cd0d5cdf08e2896c7818325f5973c2aee0fb55ddc90232,A4B65,LWPOLYLINE,HOME,,graphic_only,0,{},not_delivered_not_automatically_missing,,False,,False,
10a755e4e4fa30a20a51766bef55a5acd9f45b3722fe2d07674a2aec715911d8,A4BBB,POINT,BASIC MAP_PT,,graphic_only,0,{},not_delivered_not_automatically_missing,,False,,False,
10e7f470eca9c46e66cdfed100b0532bb19211867c95efde81a9ef09b928ec5a,A4139,LWPOLYLINE,BASIC MAP,,graphic_only,0,{},not_delivered_not_automatically_missing,,False,,False,
10ed61b5ae4b2d2d7a428608bb6e3d3e822abea711218cf731e6f5cf9fccf38a,A4A0D,TEXT,Home Number RW 01 FDT 2,NN-431,mapped,1,"{""IMB"": 1}",delivered,,False,,False,
1101d85c89e3a6ffbfaa3a94ee9ddd7b385b3be9ef8269b699ef8f96a70553d6,A4A42,POINT,BASIC MAP_PT,,graphic_only,0,{},not_delivered_not_automatically_missing,,False,,False,
1102346d801e447f0d19b9f116fb4c5089ff521c446c53f511f25c611aafea6a,A5F81,MTEXT,Label,44,annotation,0,{},not_delivered_not_automatically_missing,,False,,False,
113168b02f32bdd0e44af5897ac65e98968d7dc3ab6382d8466f0b8288d519cc,A4B7B,TEXT,FAT CODE,TGGR04-1.022.A04,annotation,0,{},not_delivered_not_automatically_missing,,False,,False,
1131c6fe7be65bd05264ff8e4ecb32fb86c47cee5d0799951da82bbb9f13b390,A4136,LWPOLYLINE,BASIC MAP,,graphic_only,0,{},not_delivered_not_automatically_missing,,False,,False,
1198c9f4d731a7142c9095d8a1f11adf5b66df3566d353b01a7b83951176f538,A5BEB,TEXT,BASIC MAP_PT_DES,2,annotation,0,{},not_delivered_not_automatically_missing,,False,,False,
11c31b017a608a22104556570c81434229ff4da04e9b379a454b09b1e63a0ac6,A4413,LWPOLYLINE,HOME,,graphic_only,0,{},not_delivered_not_automatically_missing,,False,,False,
11d9087fa457defefbea96ba2456e848ccae56031b15c6e825148d3c533cc24b,A48EE,POINT,BASIC MAP_PT,,graphic_only,0,{},not_delivered_not_automatically_missing,,False,,False,
1210195000670eef7aa7f9a0d157d0ebb5aeaa4a71254829177e04ce1f6e9877,A497F,TEXT,Home Number RW 01 FDT 2,NN-415,mapped,1,"{""IMB"": 1}",delivered,,False,,False,
1226aa1c4c86a3f0a79e837e5aacd2b1492c1498fd595dda2d9bd2c7ffe109b1,A5B6D,LWPOLYLINE,SLING WIRE FDT 1,,mapped,2,"{""CABLE"": 1, ""INFRASTRUCTURE"": 1}",delivered,,False,,False,
122cce395916394ecc867ebb9d4ca2919bd14159e7634029bd897d42d1e60e99,A48DA,POINT,BASIC MAP_PT,,graphic_only,0,{},not_delivered_not_automatically_missing,,False,,False,
122d9e5b13371416a52b99908daefdfea6624a36129997321162899af051e6f5,A5AF7,INSERT,NEW POLE 7m (3 inches) FDT 1,,mapped,1,"{""PTECH"": 1}",delivered,,False,,False,
128e18b6bab2db0613ff9546422b9f7f005575141a1cc9c18fa40ec8659a6492,A5C4E,TEXT,NEW POLE 7m (3 inches) FDT 2,MR.TGGR04-2.P023,annotation,0,{},not_delivered_not_automatically_missing,,False,,False,
1290c24ba215560e8b66f12ab48cca3b44bc513c42da5ea067dc3adf54f8ed05,A5CBE,INSERT,NEW POLE 7m (3 inches) FDT 2,,mapped,1,"{""PTECH"": 1}",delivered,,False,,False,
12bf71a2ccfc522790977624376a34ea6f056664468bf869d1767ea1edd5019f,A4A3C,POINT,BASIC MAP_PT,,graphic_only,0,{},not_delivered_not_automatically_missing,,False,,False,
12c5795195e51cf3aff79c7be65537e50d2eb35c08f720c85630953308872487,9B28F,TEXT,BASIC MAP_PT_DES,C02,annotation,0,{},not_delivered_not_automatically_missing,,False,,False,
12ce4e7491e9a2a87edc8cdadb54971abf8d926713c1267bb17f381a0e35a9fd,A4912,POINT,BASIC MAP_PT,,graphic_only,0,{},not_delivered_not_automatically_missing,,False,,False,
12da71e9034013a706693d74ffd02cfe1eee8ce5351ec1487d0583a62f3455db,A450E,LWPOLYLINE,HOME,,graphic_only,0,{},not_delivered_not_automatically_missing,,False,,False,
12f9ae10f4a275ed470629f07edae1f741c2bfb0e560b45a2c2761ebef565a1b,A4526,LWPOLYLINE,HOME,,graphic_only,0,{},not_delivered_not_automatically_missing,,False,,False,
1301305d38c9ead79e0b9ed729bb3418628a5f6a02688c593636c40d2aa7731e,A49B0,POINT,BASIC MAP_PT,,graphic_only,0,{},not_delivered_not_automatically_missing,,False,,False,
1339a55580953a6f5a905b0a3744a096125dfa03ce83c3451e8423077e1b7d83,A5C91,TEXT,NEW POLE 7m (3 inches) FDT 2,MR.TGGR04-2.P065,annotation,0,{},not_delivered_not_automatically_missing,,False,,False,
13428a919a3dc150219eaf3cd532866f9b3f8155d7330102dd06a7fea3eee64e,9E8E4,TEXT,BASIC MAP_PT_DES,2,annotation,0,{},not_delivered_not_automatically_missing,,False,,False,
137a8646080878939c9283534f3bb692b0389b2af9cb089fa314ef7ec7d04dc7,9E908,TEXT,BASIC MAP_PT_DES,A07,annotation,0,{},not_delivered_not_automatically_missing,,False,,False,
13a11d448506f44c626ff1f0a5f9fe00d1465e991bd4db0defdce97900b27a0a,A4AF1,TEXT,Home Number RW 01 FDT 2,NN-251,mapped,1,"{""IMB"": 1}",delivered,,False,,False,
13bbe144bf27ecd677e6060b47e547e48113a9e9c93507ef74ba15d2458b3713,A4AF7,TEXT,Home Number RW 01 FDT 2,NN-248,mapped,1,"{""IMB"": 1}",delivered,,False,,False,
13ec43f34f2c3764008a7339b7010f0b91fe5d86c11fb0398d74801ea9d47a45,A5DF2,INSERT,NEW POLE 7M 2.5INCH FDT 2,,mapped,1,"{""PTECH"": 1}",delivered,,False,,False,
1421003c21cdfe0ff563c34e06e320e1a7ca86057724eb5e0d5ecefc1635f902,A49D8,POINT,BASIC MAP_PT,,graphic_only,0,{},not_delivered_not_automatically_missing,,False,,False,
14282c8c157cc1d80d016555fd31d39e30cd8ce09f214723b419c6450fb0d74b,A5ECE,LWPOLYLINE,FAT,,mapped,1,"{""BOITE"": 1}",delivered,,False,,False,
1432dbd41ac7d170897019caf7470195d9337f6d07c00434bfdc3e66d70ff7b0,A499A,POINT,BASIC MAP_PT,,graphic_only,0,{},not_delivered_not_automatically_missing,,False,,False,
143306ed580d7aab23c0a5d9e273ecd5a5dbac67d1abb012d0427ebe45d06e7f,A5F5E,MTEXT,Label,23,annotation,0,{},not_delivered_not_automatically_missing,,False,,False,
1437a9ab721b4daa5e512c9f4175652e1eb5a08f29be5be3a960f5d219e07b45,A452F,LWPOLYLINE,HOME,,graphic_only,0,{},not_delivered_not_automatically_missing,,False,,False,
145040d56c50420842c79829a1b1ec858139ec64a179bd1edf7f60a16c830740,A5B8F,ATTDEF,FAT,16,annotation,0,{},not_delivered_not_automatically_missing,,False,,False,
1456854b11b16b955950b83d64af42a428820b447a40fd5ef5808ee2c6230ae8,A458F,LWPOLYLINE,HOME,,graphic_only,0,{},not_delivered_not_automatically_missing,,False,,False,
14644d4e361b35bac8cb7b1b74dbdf85f3a5e52c27e926dd303d53655d67251f,A4AA0,POINT,BASIC MAP_PT,,graphic_only,0,{},not_delivered_not_automatically_missing,,False,,False,
1464957884442d161ae5e603e7d6558278cd98d86170c00d00fc0efcf070e5aa,A441F,LWPOLYLINE,HOME,,graphic_only,0,{},not_delivered_not_automatically_missing,,False,,False,
1491333c172b6060d94a3200e100293e4176b6902f9d7d21040d76711f16240f,A4499,LWPOLYLINE,HOME,,graphic_only,0,{},not_delivered_not_automatically_missing,,False,,False,
14936e8c5eb37564781138232e0f99408fc1585bca16a0385443fe6e20df50f9,A4860,POINT,BASIC MAP_PT,,graphic_only,0,{},not_delivered_not_automatically_missing,,False,,False,
14a88b1d659ba367dc172a71a56f5dcab9781430868a6e7db1c982af8b5a0d78,A5D74,INSERT,NEW POLE 7m (3 inches) FDT 2,,mapped,1,"{""PTECH"": 1}",delivered,,False,,False,
14b958ddd97ed55cde239f6928074d6a6000db69e819d4ac267eccbfac12f13d,A5C48,TEXT,BASIC MAP_PT_DES,A07,annotation,0,{},not_delivered_not_automatically_missing,,False,,False,
14d5ce56cdf0f71f4d1348c636f3bf13fff41acaf36cdd6bbc182883ecabb04b,A4A89,TEXT,Home Number RW 01 FDT 2,NN-219,mapped,1,"{""IMB"": 1}",delivered,,False,,False,
14f5326057aff5647cfabf8ec9924dbbedc100aafb4890a6797279279963bb36,A5BAD,TEXT,BASIC MAP_PT_DES,A03,annotation,0,{},not_delivered_not_automatically_missing,,False,,False,
1539c4112e67a2ee3b2ed19592fa685f46252a71b3b70de0e9b178dbb912b58e,A5BF0,TEXT,NEW POLE 7M 2.5INCH FDT 2,MR.TGGR04-2.P011,annotation,0,{},not_delivered_not_automatically_missing,,False,,False,
156c4518aabb1e22e628c3f19dc4a913dbd46753ca298d0284b8364eb18e1f27,A5C32,TEXT,NEW POLE 7m (3 inches) FDT 2,MR.TGGR04-2.P007,annotation,0,{},not_delivered_not_automatically_missing,,False,,False,
157dc85c3509924d3fb9eae3e9b8850f36c75312ac08817310c37c05927c8797,9D509,TEXT,BASIC MAP_PT_DES,B01,annotation,0,{},not_delivered_not_automatically_missing,,False,,False,
159800c3b6346033b585dbad432f650e2c4f05c18d8ac1125185c5584416c587,A4905,TEXT,Home Number RW 01 FDT 1,NN-122,mapped,1,"{""IMB"": 1}",delivered,,False,,False,
15af150e500907436d7a2acdc24b2a2c70d5a93e085bd4791d78c9370eb77f38,A49D7,TEXT,Home Number RW 01 FDT 2,NN-450,mapped,1,"{""IMB"": 1}",delivered,,False,,False,
15cb3016830e1b99160c8e4b4500a65a173604ef7654f3b2cba371412ff70a6c,A49B4,POINT,BASIC MAP_PT,,graphic_only,0,{},not_delivered_not_automatically_missing,,False,,False,
15d22b703d6c26b8d157f6f6a816112cc5ebbabba8deccf3bbc95a5025cd7aa9,95CB8,TEXT,POLE ID,Penanda 377,annotation,0,{},not_delivered_not_automatically_missing,,False,,False,
15e7d9764430f088bb5533fe507e37e1a20ad5fdd0a69cb8a0a13f5dddff76e6,A5C1B,TEXT,BASIC MAP_PT_DES,2,annotation,0,{},not_delivered_not_automatically_missing,,False,,False,
15eedc0533159bb19899d61da6acf84b9cef984de55423d7943600f6c81c0c5c,9D529,TEXT,BASIC MAP_PT_DES,C04,annotation,0,{},not_delivered_not_automatically_missing,,False,,False,
163a2bd16e7a017e3e0ba42405be73a82bdd7e6ced6e09812aeef390db3473c1,A5F59,MTEXT,Label,27,annotation,0,{},not_delivered_not_automatically_missing,,False,,False,
168a0acc783a0fe83e5845d5c40125e665da218d2ee062647475d9eafc31cb95,A44EB,LWPOLYLINE,HOME,,graphic_only,0,{},not_delivered_not_automatically_missing,,False,,False,
1694105980750266a20c375ad1efdfcf6fa0eb492a70866f6be955c0a0a79025,A47DC,POINT,BASIC MAP_PT,,graphic_only,0,{},not_delivered_not_automatically_missing,,False,,False,
16dccb5469a861399955f32604dfed85a1b4c435a4ae85d3bd30af9caae49238,A4A17,TEXT,Home Number RW 01 FDT 2,NN-418,mapped,1,"{""IMB"": 1}",delivered,,False,,False,
16fadf5595c0c156df0a6a32aea396405bfef0ac357da4afa17e3fd13577f3e3,A4902,POINT,BASIC MAP_PT,,graphic_only,0,{},not_delivered_not_automatically_missing,,False,,False,
16fbd486ba068bf5c4f10ee2850d3952adb2f57e02124b3b874b8bfbc6136448,A5EDF,LWPOLYLINE,FAT,,mapped,1,"{""BOITE"": 1}",delivered,,False,,False,
171407f9d209ece1a6ba58d136567ec52716a7328a419e4b2e94825a386657b4,A449E,LWPOLYLINE,HOME,,graphic_only,0,{},not_delivered_not_automatically_missing,,False,,False,
17409cb7925c9f3f4a23c3073f85ad4a8d59df335d07607af41b86e6d4a2401c,A5CE8,INSERT,NEW POLE 7m (3 inches) FDT 2,,mapped,1,"{""PTECH"": 1}",delivered,,False,,False,
175cae82712c342a7a860fb826c9bca5fdf06e9efc0b482acbb18fffbb59b18e,A4AD9,TEXT,Home Number RW 01 FDT 2,NN-188,mapped,1,"{""IMB"": 1}",delivered,,False,,False,
17a219791b40538bcb45e737954900143af5dfeb97109ad7359b07d674582553,A4BCF,POINT,BASIC MAP_PT,,graphic_only,0,{},not_delivered_not_automatically_missing,,False,,False,
17b5bdd592d43e381589d1fe59b615074ffb45a8ff86eb237c781c21768cb432,A4B06,POINT,BASIC MAP_PT,,graphic_only,0,{},not_delivered_not_automatically_missing,,False,,False,
17b66dbcca4b64165e656ee558b169adc1270780e827ef61083c893b954ed88f,A4AE6,POINT,BASIC MAP_PT,,graphic_only,0,{},not_delivered_not_automatically_missing,,False,,False,
17b95f79955d5cd8ee777d6092e0161de59d8a0c0cf98aacaf2dba9e18cb4d75,A5BFD,TEXT,BASIC MAP_PT_DES,2,annotation,0,{},not_delivered_not_automatically_missing,,False,,False,
17bb2ae062a3013c0b9eabedf291615c78a299d50cbb3f9edc88e467ee120617,A44B1,LWPOLYLINE,HOME,,graphic_only,0,{},not_delivered_not_automatically_missing,,False,,False,
17c8955c9a7e9e8e783ad8d6b05c882224ba297d57d227e238e2267f3ed3c4ab,A4595,LWPOLYLINE,HOME,,graphic_only,0,{},not_delivered_not_automatically_missing,,False,,False,
17f4062a0f551b0c7583a6d22e2d536e418115b6155fa2102117fbe177f93f19,A4541,LWPOLYLINE,HOME,,graphic_only,0,{},not_delivered_not_automatically_missing,,False,,False,
180aec5c8d37e9f50c94113c157525b2d72ff56b7ed1eab95d41a4b23e414d01,A4BD2,POINT,BASIC MAP_PT,,graphic_only,0,{},not_delivered_not_automatically_missing,,False,,False,
1814dd5c0ba93a0b9ccccd70195979f6bf01485b840f4fd2494d4369a58efca2,A4871,TEXT,Home Number RW 01 FDT 1,NN-345,mapped,1,"{""IMB"": 1}",delivered,,False,,False,
18307a078119ed6a248953cd02017f755a97d7ae2a9889751389d8dad0db7b69,A49DE,POINT,BASIC MAP_PT,,graphic_only,0,{},not_delivered_not_automatically_missing,,False,,False,
18473d09ea41de319eb838b42d76e611816800dfa60b87339cc96049ec6a2058,A4B29,TEXT,Home Number RW 01 FDT 2,NN-238,mapped,1,"{""IMB"": 1}",delivered,,False,,False,
186040534154f2c85788ae45c5147f4c0486cdf55914a0a23deb1d11226355e3,A4A51,TEXT,Home Number RW 01 FDT 2,NN-49,mapped,1,"{""IMB"": 1}",delivered,,False,,False,
187177727f699636b582a712b874d727d1e3f73dc95c606870d8bd99f93e0b64,A44F1,LWPOLYLINE,HOME,,graphic_only,0,{},not_delivered_not_automatically_missing,,False,,False,
187ff00318d4deddc7bdb268f188b7700f53dea06e9a38d0ced633cf25da2f00,A5BA5,INSERT,NEW POLE 7m(4 inches) fdt 2,,graphic_only,0,{},not_delivered_not_automatically_missing,,False,,False,
18819f7e406bf2b0b40a6d8eb09e45e100d7b982ea11c4290fdbe3e18cf1e30f,A49B3,TEXT,Home Number RW 01 FDT 2,NN-393,mapped,1,"{""IMB"": 1}",delivered,,False,,False,
1881e1e04fe540a946c87ebd8256c731ef99cb13d6a5eb405b5299c579f2698d,A4BA9,TEXT,BASIC MAP_PT_DES,2,annotation,0,{},not_delivered_not_automatically_missing,,False,,False,
189a7187e673e10ab149bd82a94e7f779ab38843230a0aa8d27255638bea60d1,A4B96,TEXT,EXT POLE FDT 1,EXT.MR.WLT2.TGGR04-2.P002,annotation,0,{},not_delivered_not_automatically_missing,,False,,False,
18a889d7b709b1c403a2ee605f5c5068241d08125e065c47ad36a3896ad0a6e4,A5C62,TEXT,BASIC MAP_PT_DES,A11,annotation,0,{},not_delivered_not_automatically_missing,,False,,False,
18b45632faaddf688628b39bda4ead9ea6a44d6d2cc5cfedde88fee3d50f1cc5,A4495,LWPOLYLINE,HOME,,graphic_only,0,{},not_delivered_not_automatically_missing,,False,,False,
18d0582cd21a53f6acf497f56d774cc1b99d0f118537e07cd4548ddbd3673fea,A5B7D,LWPOLYLINE,FAT,,mapped,1,"{""BOITE"": 1}",delivered,,False,,False,
18f0ee053217129a8b5c203ca2aa2a5ba8cf73f59cc316628b38298be272b373,A4858,POINT,BASIC MAP_PT,,graphic_only,0,{},not_delivered_not_automatically_missing,,False,,False,
18f0efb29c60469f0f1bbe0fff3913812f9f9474695f5705402b60f78d87c0b4,A49C9,TEXT,Home Number RW 01 FDT 2,NN-362,mapped,1,"{""IMB"": 1}",delivered,,False,,False,
1902f516ccf463feb77be35e0342f3d85725359b404f87e02df5e50a3ffe9330,A4B48,LWPOLYLINE,HOME,,graphic_only,0,{},not_delivered_not_automatically_missing,,False,,False,
192ae6439d24129d4f8edaf49bec4fe26b410981026cd32905bbd8f623870be7,A4845,TEXT,Home Number RW 01 FDT 1,NN-263,mapped,1,"{""IMB"": 1}",delivered,,False,,False,
1980ee3e435045b88240a1b16402c8ce963b8d9bf4a36d84a585083e3116b49c,A47EC,POINT,BASIC MAP_PT,,graphic_only,0,{},not_delivered_not_automatically_missing,,False,,False,
1987772dd99831bc8d359528e5e3b575fed5f02867e300b872680acc1bf88371,A5C7E,TEXT,NEW POLE 7m (3 inches) FDT 2,MR.TGGR04-2.P054,annotation,0,{},not_delivered_not_automatically_missing,,False,,False,
19a1991cecfe371cdb58c436988a0ac2b26907e3c403e90034ee6d4552c8c466,A5F48,MTEXT,Label,37,annotation,0,{},not_delivered_not_automatically_missing,,False,,False,
19bd3a56f7ad9d5f8a826e3f19918b7e5a6a2b38c574408f64440dd52fa02ef0,A4143,LWPOLYLINE,BASIC MAP,,graphic_only,0,{},not_delivered_not_automatically_missing,,False,,False,
19ea66011244fa546b460b05a0d47f298dd9682daeff98d8d999f4c2db7021c3,A4442,LWPOLYLINE,HOME,,graphic_only,0,{},not_delivered_not_automatically_missing,,False,,False,
19f00d9538053ed76fc0debd88d00af85bf2b007c0b2d04c43b2110b71bb98c1,A5D19,INSERT,NEW POLE 7m (3 inches) FDT 2,,mapped,1,"{""PTECH"": 1}",delivered,,False,,False,
19f62d0d6341883392449e2efae9b2a16964139ac664e936161622074c652630,A5F83,MTEXT,Label,2,annotation,0,{},not_delivered_not_automatically_missing,,False,,False,
1a03a46770a828feb6882e7f9405043c087b8fc08de7f94b2d03ea2fb4e39718,A4812,POINT,BASIC MAP_PT,,graphic_only,0,{},not_delivered_not_automatically_missing,,False,,False,
1a0576f10b2049a76ec71aef441765944e4a4250bdd41bbcf2c49b1a5ca7241a,A4504,LWPOLYLINE,HOME,,graphic_only,0,{},not_delivered_not_automatically_missing,,False,,False,
1a11ab4221ac6b9be58af888e14af783697207e1b95f99e53be83057ab418f46,A4491,LWPOLYLINE,HOME,,graphic_only,0,{},not_delivered_not_automatically_missing,,False,,False,
1a18f5de3a2980c2f01cd8d3fca22b5bcadd8c25fad02dd49e4af6f54819fb58,A4B6E,TEXT,FDT,SRG.100.0402.TGGR04-1.022,annotation,0,{},not_delivered_not_automatically_missing,,False,,False,
1a22a8ed37c92321f1063c06a54229f13282c571123535ef5607b8812378ca05,A5B1A,INSERT,NEW POLE 7M 2.5INCH FDT 1,,mapped,1,"{""PTECH"": 1}",delivered,,False,,False,
1a3212cddea6e581eb759f44cd9c9aed8c42552af301d84d70392367170779d1,A444D,LWPOLYLINE,HOME,,graphic_only,0,{},not_delivered_not_automatically_missing,,False,,False,
1a63e34a10f2f36acb0c9e7e0239ea92ec1a2b24c8bf76492a9c9897ea6ea2b9,A5D5F,INSERT,NEW POLE 7m (3 inches) FDT 2,,mapped,1,"{""PTECH"": 1}",delivered,,False,,False,
1a871ed54497449b0c89927acfbd5408cf7a933d5d12b8274d0c9736e0bd2c77,A5BC1,TEXT,BASIC MAP_PT_NUM,TGGR04-2.023.A10,annotation,0,{},not_delivered_not_automatically_missing,,False,,False,
1aa573e45573fa8166f7c4d597074caff753f0b91f6b2581795756aa8d24b4ee,A5D04,INSERT,NEW POLE 7m (3 inches) FDT 2,,mapped,1,"{""PTECH"": 1}",delivered,,False,,False,
1ac35702908145b96c8fb596d3b73a044e74817af7e3defdf04783a70e1a6361,A5EEF,LWPOLYLINE,FAT,,mapped,1,"{""BOITE"": 1}",delivered,,False,,False,
1b0ce9c4cbec60bbd5dc9285bf52b30a362b8bba3221d981f380f6b1e32c7064,A5C63,POINT,BASIC MAP_PT,,graphic_only,0,{},not_delivered_not_automatically_missing,,False,,False,
1b0d926b179676af26e9a3cd0ddad5d626ea4959db482466e8721f03a8f03e01,A4A4F,TEXT,Home Number RW 01 FDT 2,NN-50,mapped,1,"{""IMB"": 1}",delivered,,False,,False,
1b2cf9ef230d1d643a860e2d2b1a5d1389065eba424f449589e0e0f61e65bb0f,9E7EE,TEXT,BASIC MAP_PT_DES,2,annotation,0,{},not_delivered_not_automatically_missing,,False,,False,
1b4e76a46e3f8619b94877bcddc28e3b99003b88e63696e3def6047140be6d7a,A4AB7,TEXT,Home Number RW 01 FDT 2,NN-206,mapped,1,"{""IMB"": 1}",delivered,,False,,False,
1b5a5b96d3ef2b91df9b4b0d5fb9eaa3a4669e2856fd28da9553565b3f033916,A5EE8,ATTDEF,FAT,16,annotation,0,{},not_delivered_not_automatically_missing,,False,,False,
1b9528913ed6b27b2196dbdd08700cfb231bbec111264c614061a132cc97f545,A4B28,POINT,BASIC MAP_PT,,graphic_only,0,{},not_delivered_not_automatically_missing,,False,,False,
1bd5913cdc6d6bcab9936a372a0ed1d91257dd6d5f7c7283e1a8b9a57fd3a36a,A5F63,MTEXT,Label,31,annotation,0,{},not_delivered_not_automatically_missing,,False,,False,
1be380d2a15b94c484ef11e70c09d3f722cde6afac0531e96b4fde0da4cdea8f,A4B0B,TEXT,Home Number RW 01 FDT 2,NN-375,mapped,1,"{""IMB"": 1}",delivered,,False,,False,
1c051ef36669362b6804aea21e8e131327f7608652ad99ce7c660d1f23671bb7,A5DC1,INSERT,NEW POLE 7m (3 inches) FDT 2,,mapped,1,"{""PTECH"": 1}",delivered,,False,,False,
1c3236cc370a1459f72f3e438222b2bb71b0c1ad6f3933b71104b1b442456ce7,A48D0,POINT,BASIC MAP_PT,,graphic_only,0,{},not_delivered_not_automatically_missing,,False,,False,
1c4778fe0938ecd9e6233d19c9b9923d5d6487f842441a9d33ad040b850ee6ba,A48FA,POINT,BASIC MAP_PT,,graphic_only,0,{},not_delivered_not_automatically_missing,,False,,False,
1c55b3bae6645676ff372c7a1b51897245087ad07da5de7866e78e7a774fa7d1,A4BDE,TEXT,BASIC MAP_PT_DES,A10,annotation,0,{},not_delivered_not_automatically_missing,,False,,False,
1c807a394297027d1d03e4c4b5d5232df9e106e930b9a91e2674cffe20ed1292,A5B75,LWPOLYLINE,FAT,,mapped,1,"{""BOITE"": 1}",delivered,,False,,False,
1c96de753ec9caa547695e72592a11ac57fa2f7cb27358770e87fcc4af337ad6,A441B,LWPOLYLINE,HOME,,graphic_only,0,{},not_delivered_not_automatically_missing,,False,,False,
1ca3c9291abefb36554d6c8845222cba2508632d61941ac83ed59a06132efc06,A49B7,TEXT,Home Number RW 01 FDT 2,NN-391,mapped,1,"{""IMB"": 1}",delivered,,False,,False,
1cd4427c861f12a81f4407c8415de1b73cc13fac1fded1cf0943806fb4d42c9e,A4859,TEXT,Home Number RW 01 FDT 1,NN-325,mapped,1,"{""IMB"": 1}",delivered,,False,,False,
1d25586949a0a709fdcae8deca72e31b5d9d5af8521100c0cb00f80cd5e79aaa,A4BA3,TEXT,BASIC MAP_PT_DES,2,annotation,0,{},not_delivered_not_automatically_missing,,False,,False,
1d5483f4d0d887b32825478ef82242741ece6a3c163d6434dbfff5ca7c69f3a1,A5C0E,TEXT,NEW POLE 7M 2.5INCH FDT 2,MR.TGGR04-2.P041,annotation,0,{},not_delivered_not_automatically_missing,,False,,False,
1d72f8ef288d98f9b8159801e4ac16173b5bb0377ea455f19637df17eef7d124,A4A09,TEXT,Home Number RW 01 FDT 2,NN-4,mapped,1,"{""IMB"": 1}",delivered,,False,,False,
1d79aa62807799d53e49d5d5669b6957653b0cbacbb3aa68cf5d42faafe8e3d4,A4B47,LWPOLYLINE,HOME,,graphic_only,0,{},not_delivered_not_automatically_missing,,False,,False,
1d925fb0722b26aec2448656f1b83c92d26aa4290d21a58e1170764898264020,A446D,LWPOLYLINE,HOME,,graphic_only,0,{},not_delivered_not_automatically_missing,,False,,False,
1d966bf6c9c6e404e38dd802435a7f9f1db47e02459000e912c723d59415ea65,A4142,LWPOLYLINE,BASIC MAP,,graphic_only,0,{},not_delivered_not_automatically_missing,,False,,False,
1de4e262929d2d0bec8c0dd078bf0b890836a2b26331ba8a6db827af632a1a79,A496A,POINT,BASIC MAP_PT,,graphic_only,0,{},not_delivered_not_automatically_missing,,False,,False,
1e52710adf0df8914b69ce21252967b897ef046bdcd07f442bd17c440d858868,A5F5A,MTEXT,Label,15,annotation,0,{},not_delivered_not_automatically_missing,,False,,False,
1e6a9a55c12f496566093c89916eca2aeb180cc0e720621d535adb255f89f3d8,A5C28,POINT,BASIC MAP_PT,,graphic_only,0,{},not_delivered_not_automatically_missing,,False,,False,
1e90ece467e2d5fe2441446fa546985ed33017e77751c76752772811dbec6262,9E855,TEXT,BASIC MAP_PT_DES,A17,annotation,0,{},not_delivered_not_automatically_missing,,False,,False,
1e9faf3411f61af4def16609991c0e020d0467b40b982a4ea17ac659b59c9060,A4A68,POINT,BASIC MAP_PT,,graphic_only,0,{},not_delivered_not_automatically_missing,,False,,False,
1eaa7d340d3b6b45c351f6603186b91f6367fb52d7e2c91adc9a5e2ae798761c,A4875,TEXT,Home Number RW 01 FDT 1,NN-343,mapped,1,"{""IMB"": 1}",delivered,,False,,False,
1ebf629a0440b231c02abfa2c9fa0a755ccc5dae3c0ab91fff9a73213b7d44b8,A4A82,POINT,BASIC MAP_PT,,graphic_only,0,{},not_delivered_not_automatically_missing,,False,,False,
1ec886d8c841b0cc30255ec04b9d63dcf51a3994c42cbde7d14f32608651bd77,A5ECB,LWPOLYLINE,FAT,,mapped,1,"{""BOITE"": 1}",delivered,,False,,False,
1ece769ffc9c0e00276aeffb9e45786099a6ae684440e658787a24ebd1e92e2c,A4994,POINT,BASIC MAP_PT,,graphic_only,0,{},not_delivered_not_automatically_missing,,False,,False,
1ee61da7b075bc84ac7552e937154a517cd85200a7398acc04cc4ccb424317aa,A481A,POINT,BASIC MAP_PT,,graphic_only,0,{},not_delivered_not_automatically_missing,,False,,False,
1eea14a1c0c241d5a1d68f9777a1653ef9d908e47d66e2056161f7be83af5dcf,A4447,LWPOLYLINE,HOME,,graphic_only,0,{},not_delivered_not_automatically_missing,,False,,False,
1ef64dbc3ca586e97e243308148640b48d8d5834950ea04d88143f4aede756c1,A4575,LWPOLYLINE,HOME,,graphic_only,0,{},not_delivered_not_automatically_missing,,False,,False,
1f76380981e71b0b1c8ca17c5e86c0bde4894e61a64fac75b098748108baa23b,A4890,POINT,BASIC MAP_PT,,graphic_only,0,{},not_delivered_not_automatically_missing,,False,,False,
1fab56aa205c0f6d111cab626a0bc14f454d184cf4e3d0541094f46ea2ac77dd,A4B82,TEXT,BASIC MAP_PT_DES,A06,annotation,0,{},not_delivered_not_automatically_missing,,False,,False,
1fc446c61c12d3862aaa1e6264f5beb1d850d42e2b58f139081e55fcf8d3823c,A44A7,LWPOLYLINE,HOME,,graphic_only,0,{},not_delivered_not_automatically_missing,,False,,False,
1ff5cedb61a78467d648061a54845142ed09fdb96466f802236325c75239fe11,A5DD6,INSERT,NEW POLE 7m (3 inches) FDT 2,,mapped,1,"{""PTECH"": 1}",delivered,,False,,False,
20041cc5802a28834ef4d1df7591b826cf81d4f0a4c19fb199a53771a7472b28,9E8B9,TEXT,BASIC MAP_PT_DES,B04,annotation,0,{},not_delivered_not_automatically_missing,,False,,False,
2008a53c821ced536f82ffba4d7170fbe21727d08f31209ee7223f8e8c9d68bc,A5A9C,INSERT,NEW POLE 7m (3 inches) FDT 1,,mapped,1,"{""PTECH"": 1}",delivered,,False,,False,
202f22085f4ed7e5f0061493bf9c78dddf61e08fcb310a3e71099f0f9386d505,A49E2,POINT,BASIC MAP_PT,,graphic_only,0,{},not_delivered_not_automatically_missing,,False,,False,
203d8055c8e4c141114979bb13e6cb8e14571d3780d3b3e9fb77bdd11294eac9,A4568,LWPOLYLINE,HOME,,graphic_only,0,{},not_delivered_not_automatically_missing,,False,,False,
2082248bf69727fdbfd5982ed3355665c072c2b865134f3eac0f0cd8a5dedd8f,A5EE2,LWPOLYLINE,FAT,,mapped,1,"{""BOITE"": 1}",delivered,,False,,False,
208ea13f1a3089935087ba43c370986034e554bc211f9589eee6313667832b1f,A4B55,LWPOLYLINE,HOME,,graphic_only,0,{},not_delivered_not_automatically_missing,,False,,False,
208fa804e3c209e158122971ceed0a348e1fa4efaf72076782fbcba31ddaa6e7,A490D,TEXT,Home Number RW 01 FDT 2,NN-95,mapped,1,"{""IMB"": 1}",delivered,,False,,False,
20c63afdf3637702ae3a1048e9580d116c15598994da276707406b9db6676f1a,A47E7,TEXT,Home Number RW 01 FDT 1,NN-69,mapped,1,"{""IMB"": 1}",delivered,,False,,False,
20e8b03fa19ae0bbd8d781cf444b3f2b8e7f3e1af5b4322a466084fa2f376847,A43F4,LWPOLYLINE,HOME,,graphic_only,0,{},not_delivered_not_automatically_missing,,False,,False,
211e4b5418dc2bc4bf09a4211e3b303ba955964af3bb0517c4768d907957dd4a,A4889,TEXT,Home Number RW 01 FDT 1,NN-355,mapped,1,"{""IMB"": 1}",delivered,,False,,False,
213508fa2fb2d670adc144977914f66b011c5816ba87493c0eeb7aa4b6faba15,A4842,POINT,BASIC MAP_PT,,graphic_only,0,{},not_delivered_not_automatically_missing,,False,,False,
213a86690d817de67b8bf87cabd007ee3b3e6ada91a6fe9361975ccc271723b5,A4A34,POINT,BASIC MAP_PT,,graphic_only,0,{},not_delivered_not_automatically_missing,,False,,False,
216eddbb264f7dc8107938d429daaed2d5e967b85c005d611ce2bdc849cfa174,A4942,POINT,BASIC MAP_PT,,graphic_only,0,{},not_delivered_not_automatically_missing,,False,,False,
217f212a44b97ae1782799be23d6638d8ac22c438d3861ba8411fde367b3db50,9E878,TEXT,BASIC MAP_PT_DES,2,annotation,0,{},not_delivered_not_automatically_missing,,False,,False,
219673c0da082ea2b34808cd00d5027f5f4f2107a9fdb95a9bacd7d48f152fce,A4B3C,LWPOLYLINE,HOME,,graphic_only,0,{},not_delivered_not_automatically_missing,,False,,False,
21b01ba61f56af8efa111d8a91174c3419e865e983934eb6fb401152fb13ac08,A48E4,POINT,BASIC MAP_PT,,graphic_only,0,{},not_delivered_not_automatically_missing,,False,,False,
21c0022eb0b1a94a7d89f420be284af7efef952844ada32732c1b68d0a1c45a2,A48F6,POINT,BASIC MAP_PT,,graphic_only,0,{},not_delivered_not_automatically_missing,,False,,False,
21c1c43124a510a682778f5c522b3fd78e08a8f76797faacdc3eec672bff9361,A5E8A,LWPOLYLINE,SLING WIRE FDT 2,,mapped,2,"{""CABLE"": 1, ""INFRASTRUCTURE"": 1}",delivered,,False,,False,
21dd63e2862d004f3702e3d95a153ed2eda479c865b29787af42aa515f526f64,A5C73,TEXT,NEW POLE 7m (3 inches) FDT 2,MR.TGGR04-2.P049,annotation,0,{},not_delivered_not_automatically_missing,,False,,False,
22413afded9a006f45d4103b4a77c4d1eaa676a0ec63033a8a7e1d0e68327281,A4A62,POINT,BASIC MAP_PT,,graphic_only,0,{},not_delivered_not_automatically_missing,,False,,False,
22474136f7680adcddea55a21ec66ed7468f2132695de21cd3aa029d95e379b3,A4B07,TEXT,Home Number RW 01 FDT 2,NN-382,mapped,1,"{""IMB"": 1}",delivered,,False,,False,
22889d71d80ee0288a8733e433cb263b1a96cd270d1c14d59f99b1765470d5f9,A49D3,TEXT,Home Number RW 01 FDT 2,NN-44,mapped,1,"{""IMB"": 1}",delivered,,False,,False,
22da36b9dfd634eb11e9fb79ae55f8f99f4ebe171d29fc80c2a50eeca2a5af33,A4AB1,TEXT,Home Number RW 01 FDT 2,NN-209,mapped,1,"{""IMB"": 1}",delivered,,False,,False,
22fb530a859f5876357d2c1f3188577b735b306ceb47665a2069a45990de8bfd,95CB4,TEXT,POLE ID,Penanda 375,annotation,0,{},not_delivered_not_automatically_missing,,False,,False,
22fdabea876b67096516cdb945bb918f1c8435010a1654973d585cb576f1a95f,A4A9C,POINT,BASIC MAP_PT,,graphic_only,0,{},not_delivered_not_automatically_missing,,False,,False,
231476dc636c0732d1c772818705d35d5146917722d41e8e072319891bfffa11,A43F2,LWPOLYLINE,HOME,,graphic_only,0,{},not_delivered_not_automatically_missing,,False,,False,
2336a56e54eed8f12feca69fad09c6203db3c13d9c5471337a61321602d5e06b,A5C38,TEXT,BASIC MAP_PT_DES,A05,annotation,0,{},not_delivered_not_automatically_missing,,False,,False,
2339a8a4e7362a68c89eea9eb0c0ea392f74a31cd994e02f90ef0fde97cdfdff,A5F6B,MTEXT,Label,2,annotation,0,{},not_delivered_not_automatically_missing,,False,,False,
2351bcf9b50b981bc31395b51aa917bb81fadbf86af61a10875df0675b8cefbf,A4805,TEXT,Home Number RW 01 FDT 1,NN-290,mapped,1,"{""IMB"": 1}",delivered,,False,,False,
235f80d2a55272612605368efcd5a13d2b6d6fc02cd8cb577f9917c4d96a4624,A49DB,TEXT,Home Number RW 01 FDT 2,NN-442,mapped,1,"{""IMB"": 1}",delivered,,False,,False,
23627221cf13dc1f511b6911ff2b5fed5665d6807c4730bfb72dae730bfb8974,A4BBD,POINT,BASIC MAP_PT,,graphic_only,0,{},not_delivered_not_automatically_missing,,False,,False,
23688dcb50b7dd51c414eaaf73118d15a223168568f3e340165ae0232e140fdf,A5F62,MTEXT,Label,25,annotation,0,{},not_delivered_not_automatically_missing,,False,,False,
2385a08492056ee3cbc09938c6466330b24700a979f2d9c9d44525dbb2eb04c3,A4518,LWPOLYLINE,HOME,,graphic_only,0,{},not_delivered_not_automatically_missing,,False,,False,
239b4b0e0c97090fa471113a33345cdd16219e61c567e6fb9f06d662a52eb152,A48FE,POINT,BASIC MAP_PT,,graphic_only,0,{},not_delivered_not_automatically_missing,,False,,False,
23b1124ff5c6af02687aedb36b964a1cd8f5d71e3a33c0e958ad16cf0ce73092,A4A54,POINT,BASIC MAP_PT,,graphic_only,0,{},not_delivered_not_automatically_missing,,False,,False,
23cb6504d1c19fa38e9da028ccc7645fcbf39ac5aefef761588142b033d331e7,A4857,TEXT,Home Number RW 01 FDT 1,NN-327,mapped,1,"{""IMB"": 1}",delivered,,False,,False,
23e76e4ac9916b6ea9faea6a72f021abb7e47e9caea7d5054613581eabb1577d,A4A01,TEXT,Home Number RW 01 FDT 2,NN-191,mapped,1,"{""IMB"": 1}",delivered,,False,,False,
23ec1547db5156bb2a2f96e2d224af88ac768f32e1162181c4affb9303ac84a9,A4565,LWPOLYLINE,HOME,,graphic_only,0,{},not_delivered_not_automatically_missing,,False,,False,
23efb035479062b8cc3c05f69ff4c6caa8eac69edf0a7d2de28f38dbb7a597fa,A4946,POINT,BASIC MAP_PT,,graphic_only,0,{},not_delivered_not_automatically_missing,,False,,False,
24072c57eff5149e3448dfa9b9a3a3947acd250c226237e425147d823e77d134,A4930,POINT,BASIC MAP_PT,,graphic_only,0,{},not_delivered_not_automatically_missing,,False,,False,
241cdd0514a8a1827e84025f8e681f0cdfb5bb62c8aa69c5bffa8c92aa8bbfc2,A4A49,TEXT,Home Number RW 01 FDT 2,NN-53,mapped,1,"{""IMB"": 1}",delivered,,False,,False,
24484b72dbb60680660e6d3ed5db31571b9c8039ec670017af47701992b1704f,9E8C5,TEXT,BASIC MAP_PT_DES,9,annotation,0,{},not_delivered_not_automatically_missing,,False,,False,
244acfd3b8c66b25f4981aaad9734531c7c3017327375d7dc437feb8ae15a388,A4A7A,POINT,BASIC MAP_PT,,graphic_only,0,{},not_delivered_not_automatically_missing,,False,,False,
244b81643210833aaf1d52808560cb4e51173a10e511fc4670fb16552fe956cb,A447F,LWPOLYLINE,HOME,,graphic_only,0,{},not_delivered_not_automatically_missing,,False,,False,
24860145dddc11555d88bb9efc4ef277ea25c1653e6d998ae5c050dd8d427445,A49CC,POINT,BASIC MAP_PT,,graphic_only,0,{},not_delivered_not_automatically_missing,,False,,False,
2496294fc07269d97c4dbc7f2a30153cc719c9f4e9f392da21a661f802e872f4,A4ADE,POINT,BASIC MAP_PT,,graphic_only,0,{},not_delivered_not_automatically_missing,,False,,False,
24b9fe2cd7c273a5a52bbf10acd420a4c01c083a2ae4f3c558e43d95416e00e1,A5EDA,LWPOLYLINE,FAT,,mapped,1,"{""BOITE"": 1}",delivered,,False,,False,
24bd2ee13cb501fe4301761b9363092ddc6b8d4a8fb44452ce2b3b333637ee72,A4939,TEXT,Home Number RW 01 FDT 2,NN-454,mapped,1,"{""IMB"": 1}",delivered,,False,,False,
24d043e0e68c29f6a3a5ad8928ca31b37fc1ccfa4c1978eda24524522f3219ea,A4926,POINT,BASIC MAP_PT,,graphic_only,0,{},not_delivered_not_automatically_missing,,False,,False,
24df2f2fa2fbe40220cdbf6e0720a96afa2bf91ac39a7e84eb788655e9bdeecd,A4414,LWPOLYLINE,HOME,,graphic_only,0,{},not_delivered_not_automatically_missing,,False,,False,
24e89aa5b0cadc61891fe45611e0b1d3e3bfd80b76fdc00dccd07cbe9c39645d,A5C03,TEXT,BASIC MAP_PT_DES,2,annotation,0,{},not_delivered_not_automatically_missing,,False,,False,
251884e7eaba36a2c3ef8e40cd5a6263c692db05914c4b5ac6f5a40d84a65f82,9E803,TEXT,BASIC MAP_PT_DES,2,annotation,0,{},not_delivered_not_automatically_missing,,False,,False,
2532534fc7a4b32d2b8b2484b44e82c5ea15b314f450cda78b6cc5a692322532,A5F4C,MTEXT,Label,45,annotation,0,{},not_delivered_not_automatically_missing,,False,,False,
254e95f8a6719b0e8f129bf5a8436a2ae4f1b842ddebc2823b5a31512aee0184,A49F3,TEXT,Home Number RW 01 FDT 2,NN-434,mapped,1,"{""IMB"": 1}",delivered,,False,,False,
2577afcafef76f9c46ed498bfd21e8101af9e667a2ab2fba61b8fd55cce4be9e,A4B97,TEXT,BASIC MAP_PT_DES,A02,annotation,0,{},not_delivered_not_automatically_missing,,False,,False,
25818b2217e11313e8da79fd96fa5af35805e1329320a442d709b988b6665f3f,A4853,TEXT,Home Number RW 01 FDT 1,NN-330,mapped,1,"{""IMB"": 1}",delivered,,False,,False,
2597c3ca653e320c327063bd932dc75b6a10cf713c6af57c03ea969c85d7b210,A4918,POINT,BASIC MAP_PT,,graphic_only,0,{},not_delivered_not_automatically_missing,,False,,False,
25b3e3be8faec181a1ab355cdb252df36daa7d2bfd2fa48025ac63b798d07561,A4577,LWPOLYLINE,HOME,,graphic_only,0,{},not_delivered_not_automatically_missing,,False,,False,
25bb89ef24f3e4034a1d605ee8d07c3da1a8f1177c8c2bb28596beab35cf8326,A5BB9,TEXT,BASIC MAP_PT_DES,A07,annotation,0,{},not_delivered_not_automatically_missing,,False,,False,
25d75acca2609a7fc5970ac574a463f45700f22c7ba019e222359fa5e6c0ae9a,A49DA,POINT,BASIC MAP_PT,,graphic_only,0,{},not_delivered_not_automatically_missing,,False,,False,
25e9ef685412feeaf6b0df057d31c2640ba485a2651c8349c54e0f3aabd70611,A4AD1,TEXT,Home Number RW 01 FDT 2,NN-193,mapped,1,"{""IMB"": 1}",delivered,,False,,False,
2623814920190cd9a1fd0523b530c67da6c55df1fede6e9fd77316f1ca5e30e7,A451A,LWPOLYLINE,HOME,,graphic_only,0,{},not_delivered_not_automatically_missing,,False,,False,
2634a104387af1affa1f12de2f63d9141521bef005c49d118a427792c08dd056,A44C7,LWPOLYLINE,HOME,,graphic_only,0,{},not_delivered_not_automatically_missing,,False,,False,
264a868c0908d78d00a5f1cc975bf2ee7da9cbdaf668deadc3552aea05e32f9e,A4A3D,TEXT,Home Number RW 01 FDT 2,NN-127,mapped,1,"{""IMB"": 1}",delivered,,False,,False,
2656ffa1000d6ab21e9b1039d8fe73d775109cd3ca3079f9ae5876018049ff04,A459A,LWPOLYLINE,HOME,,graphic_only,0,{},not_delivered_not_automatically_missing,,False,,False,
265723d9ab7f273d648c520fce0fd6a421007a2b2429c8f1e0bcdff9664d3d9d,A4BE2,TEXT,NEW POLE 7m (3 inches) FDT 1,MR.TGGR04-1.P029,annotation,0,{},not_delivered_not_automatically_missing,,False,,False,
2675472783a14b053a947e335e52376930b6af4a19dc31f6e515bfb55b4f9afb,A493C,POINT,BASIC MAP_PT,,graphic_only,0,{},not_delivered_not_automatically_missing,,False,,False,
268ec2fc585ba034b549d8ac2d180f1f409810bf8fcf533937a708e306d32395,9D4F6,TEXT,BASIC MAP_PT_DES,A02,annotation,0,{},not_delivered_not_automatically_missing,,False,,False,
26a2d499f14645a74a6a99ddcd70c285604b1f8bbb8d1df6211ca901dbd6fb29,A5BD6,TEXT,BASIC MAP_PT_NUM,TGGR04-2.023.A17,annotation,0,{},not_delivered_not_automatically_missing,,False,,False,
26add67682ce267b97da86931918a414c59aa7e244ae029301ad26ae98a8630f,A4AA6,POINT,BASIC MAP_PT,,graphic_only,0,{},not_delivered_not_automatically_missing,,False,,False,
26b20011db0af8f314f942735a35664c8e657bfd4146c620bcdb1816bfe65d28,A4808,POINT,BASIC MAP_PT,,graphic_only,0,{},not_delivered_not_automatically_missing,,False,,False,
26c8e546e4f4b1440a86b2a7271ddad5a18ceb398a0e42716d47c9cda300efdf,A5BD8,POINT,BASIC MAP_PT,,graphic_only,0,{},not_delivered_not_automatically_missing,,False,,False,
26deb4ccca37db5247d4d20e3aced920976ff04bbcfea7fd2b421e116c60fe23,A5C19,POINT,BASIC MAP_PT,,graphic_only,0,{},not_delivered_not_automatically_missing,,False,,False,
26df2912608f464cea8e65fb5a27dccf0a8a14ed54913c5ec4105e20ec2cf273,A5CD3,INSERT,NEW POLE 7m (3 inches) FDT 2,,mapped,1,"{""PTECH"": 1}",delivered,,False,,False,
272308046419c3151b97a5ba8234a6ba3859bec8710524473de294c7ffcdefcb,A48B2,POINT,BASIC MAP_PT,,graphic_only,0,{},not_delivered_not_automatically_missing,,False,,False,
27c00ca26bf587ad793b1aa9b557d8ae60b0574d6d399905e50e7c87bbdd67e6,A4834,POINT,BASIC MAP_PT,,graphic_only,0,{},not_delivered_not_automatically_missing,,False,,False,
27c2e631591bae2932687363daf07ca4d6b7c08bf24ec2aa31d7e6abe48a927d,A5BF7,TEXT,BASIC MAP_PT_DES,2,annotation,0,{},not_delivered_not_automatically_missing,,False,,False,
27c555a3c3b3098b19d9ec4ba565c2cc67e2b48588e92500a5439c9398fff8df,A455B,LWPOLYLINE,HOME,,graphic_only,0,{},not_delivered_not_automatically_missing,,False,,False,
27eca752dc5f62664791ca2eb2a33bd91e412a3cb170eb913e19cb73ff2c5282,A43F0,LWPOLYLINE,HOME,,graphic_only,0,{},not_delivered_not_automatically_missing,,False,,False,
28080939c48f27a2ad96bd5343e81323760df7dcc9db9d44a29c17293ba31a50,A5C64,TEXT,NEW POLE 7m (3 inches) FDT 2,MR.TGGR04-2.P038,annotation,0,{},not_delivered_not_automatically_missing,,False,,False,
280aaef5f0f035f1efd22175c9aea2af14b85d50f75373c08b3690c7c744c3c7,A497C,POINT,BASIC MAP_PT,,graphic_only,0,{},not_delivered_not_automatically_missing,,False,,False,
2837cf5607181f2285cfdfd82bf705d53344333cbb8c65a9250bbe426ae45746,A5C43,TEXT,NEW POLE 7m (3 inches) FDT 2,MR.TGGR04-2.P016,annotation,0,{},not_delivered_not_automatically_missing,,False,,False,
285d116e8aa976aa3b83f759df53e053880417e921f1c582cfac262faedd045e,A496E,POINT,BASIC MAP_PT,,graphic_only,0,{},not_delivered_not_automatically_missing,,False,,False,
28642d5d5902368d17ed2858c12488c8e0cb6071f3f5f74a38e3500815ce7ce2,A4881,TEXT,Home Number RW 01 FDT 1,NN-337,mapped,1,"{""IMB"": 1}",delivered,,False,,False,
2892c5d7338493fe0fe655b72a60264aeeafecd22890f9f89c1d0741785fdd48,A5E86,LWPOLYLINE,SLING WIRE FDT 2,,mapped,2,"{""CABLE"": 1, ""INFRASTRUCTURE"": 1}",delivered,,False,,False,
2898ab45b0eddf8de18494720f96ede82232fa7965c53c797f011290196d9571,A4427,LWPOLYLINE,HOME,,graphic_only,0,{},not_delivered_not_automatically_missing,,False,,False,
28a25cd2eee4bbee792fc8e2d6a08da44b87cb7464278b977be451b6d30e1605,A4895,TEXT,Home Number RW 01 FDT 1,NN-158,mapped,1,"{""IMB"": 1}",delivered,,False,,False,
28c174068791b69625b291268b28dabf01a5615aa5321ea15b72aae94b86133d,A44BD,LWPOLYLINE,HOME,,graphic_only,0,{},not_delivered_not_automatically_missing,,False,,False,
2948b82cadb3c0bb36f2865c3b673a10c4c018b9544604467b11c104e8496a76,A4A80,POINT,BASIC MAP_PT,,graphic_only,0,{},not_delivered_not_automatically_missing,,False,,False,
294d8fdd007fff0b03edb18cabe51c905c1d406496955ac1a6679aa375984719,A5F69,MTEXT,Label,33,annotation,0,{},not_delivered_not_automatically_missing,,False,,False,
294e1f94430e14da9ec67a29de408ae41e3697617dc1d2715c759007e2ba6c3e,A5BC8,TEXT,BASIC MAP_PT_DES,A12,annotation,0,{},not_delivered_not_automatically_missing,,False,,False,
2956ea8c94f0ac41a6314bbe2c36cf0ae53eb1546af009229e7fd2e2cdd17e4e,A48CD,TEXT,Home Number RW 01 FDT 1,NN-176,mapped,1,"{""IMB"": 1}",delivered,,False,,False,
297e44f0641982ab7a07a0bb2263e1ccee1b975139a0e04218858de6bd9623e9,A4A16,POINT,BASIC MAP_PT,,graphic_only,0,{},not_delivered_not_automatically_missing,,False,,False,
298d8dcce3c921ab9fa29188eaccf0e9e5a32486c812e589538fa6cb0dc07164,A45B3,LWPOLYLINE,HOME,,graphic_only,0,{},not_delivered_not_automatically_missing,,False,,False,
29d6ffc6c5b8ca64d1ceee6878d0b5605f40d1f5aa792aa7d5efb8a19e52dac2,A5D66,INSERT,NEW POLE 7m (3 inches) FDT 2,,mapped,1,"{""PTECH"": 1}",delivered,,False,,False,
2a02aed6266ff59187566c1bc752d4c036b7e68ba6a55d7c3ffbe9af02ec980d,A44B8,LWPOLYLINE,HOME,,graphic_only,0,{},not_delivered_not_automatically_missing,,False,,False,
2a0fa972f59c95d80b9784ae913f8c4102428d2e2bae9f3d6eff2d75495cb2ce,A4BEB,TEXT,NEW POLE 7m 4 inch fdt 1,MR.TGGR04-1.P001,annotation,0,{},not_delivered_not_automatically_missing,,False,,False,
2a24b75509f0d7ff4f2ca705475290ac9371252521702c2a7c1fc3ed7cbe9769,A44B9,LWPOLYLINE,HOME,,graphic_only,0,{},not_delivered_not_automatically_missing,,False,,False,
2a51eb75bf3d9fb7eb65abb6515a3cdc694fec63857922e8deb35863bb3e4fc2,A48BF,TEXT,Home Number RW 01 FDT 1,NN-183,mapped,1,"{""IMB"": 1}",delivered,,False,,False,
2a5c6f45e9e2633878fc3ee284a4ac708ce4679cc43f97a225f467c1069fb6fa,A44ED,LWPOLYLINE,HOME,,graphic_only,0,{},not_delivered_not_automatically_missing,,False,,False,
2ace0c210f35c1587d84584104cd50b1056261ada7298c394c7e00c1aad8d8ac,A483E,POINT,BASIC MAP_PT,,graphic_only,0,{},not_delivered_not_automatically_missing,,False,,False,
2b0150fa96967d7149a9a5e9f8c0f7da207ee676dd76d3bc020570f94ee1442b,A4AAB,TEXT,Home Number RW 01 FDT 2,NN-214,mapped,1,"{""IMB"": 1}",delivered,,False,,False,
2b16673957cd0a155854fcb8370601a65badbcd1b31e494b47ec2ab302acefb0,A4480,LWPOLYLINE,HOME,,graphic_only,0,{},not_delivered_not_automatically_missing,,False,,False,
2b2089c7fe82215642d98d05731b9827088a8bf353f0780fa117dba27c94fc8b,A4827,TEXT,Home Number RW 01 FDT 1,NN-317,mapped,1,"{""IMB"": 1}",delivered,,False,,False,
2b5a62eaf5e55bb71a9ce6548ac34a2f3dd9b65531403d66947f058a28f9ab86,A485F,TEXT,Home Number RW 01 FDT 1,NN-321,mapped,1,"{""IMB"": 1}",delivered,,False,,False,
2b5de1323566cb3a7a2cf7d8c62a635c01f4a4ef8895142435dbc576908e277e,A5AFE,INSERT,NEW POLE 7m (3 inches) FDT 1,,mapped,1,"{""PTECH"": 1}",delivered,,False,,False,
2b82ebf7b26676dfaf9bce2921d9e007ee3dd15ee17810907509ca3fd8ec7de6,A4A7D,TEXT,Home Number RW 01 FDT 2,NN-35,mapped,1,"{""IMB"": 1}",delivered,,False,,False,
2bec814e21a3f12ff02d804b8c9b2e68dca55730791a78620d86b8eb5d6ef3c3,A5A87,INSERT,NEW POLE 7m (3 inches) FDT 1,,mapped,1,"{""PTECH"": 1}",delivered,,False,,False,
2bfb939e78a6201f404b6b9790b4fb2e2e0a61b0400dcd15c0629a56d17221a4,A4855,TEXT,Home Number RW 01 FDT 1,NN-329,mapped,1,"{""IMB"": 1}",delivered,,False,,False,
2c0143e7b2ea91cf87aaa36334f252afab445015309a3459a87a385791b7c8cc,A4984,POINT,BASIC MAP_PT,,graphic_only,0,{},not_delivered_not_automatically_missing,,False,,False,
2c26c9c1ae1e08fb0645df62a7623c7548528cd495ef840c5613ae660b33a5f6,A4520,LWPOLYLINE,HOME,,graphic_only,0,{},not_delivered_not_automatically_missing,,False,,False,
2c2bf7df7392aa967f9f3aa57e0d391ba11f2466a7a88919cb91a654e28f794a,95CD6,TEXT,POLE ID,Penanda 392,annotation,0,{},not_delivered_not_automatically_missing,,False,,False,
2c6683c6c0de1bedf896f28da5b593bfeb2ed7d5781ada7b67dc978b1fe38c1c,A49B9,TEXT,Home Number RW 01 FDT 2,NN-390,mapped,1,"{""IMB"": 1}",delivered,,False,,False,
2c6b3faec52d4269ae5bfe8e3762a8534b03805be407b88ef66ca01a367a79a1,A5F33,MTEXT,Label,32,annotation,0,{},not_delivered_not_automatically_missing,,False,,False,
2cab11acc0098b559b54d5c09f0f438f6e2749643280d1f819907325cce52712,A5C16,POINT,BASIC MAP_PT,,graphic_only,0,{},not_delivered_not_automatically_missing,,False,,False,
2cc11cbec7c8dfc7b3e71cacd0f410594926cc3b0e99fef6588b2579698d8282,A491F,TEXT,Home Number RW 01 FDT 2,NN-76,mapped,1,"{""IMB"": 1}",delivered,,False,,False,
2ce61441bbf68c08a294c11a8e87a5f82211bffa44e434c9b91780d7a89429ea,A4967,TEXT,Home Number RW 01 FDT 2,NN-457,mapped,1,"{""IMB"": 1}",delivered,,False,,False,
2cf25534cde2fca6525541bc2281075af2bbe338e2c07edfc1dc0d5ea429da33,A4819,TEXT,Home Number RW 01 FDT 1,NN-279,mapped,1,"{""IMB"": 1}",delivered,,False,,False,
2cfd9bbf7f2ce7ca51cabd9f08f8fa199e1bf718339a277b5168426011cc1fef,A5B97,ATTDEF,FAT,16,annotation,0,{},not_delivered_not_automatically_missing,,False,,False,
2cfdc83174d495f0a529a9861d3a6899be87d8b3941a057a43373bbbbd7677fc,A49EE,POINT,BASIC MAP_PT,,graphic_only,0,{},not_delivered_not_automatically_missing,,False,,False,
2d04a7174c46c83d91d6df6ac06584ebf63e03b46ba43baef7a9de6183875e27,A4401,LWPOLYLINE,HOME,,graphic_only,0,{},not_delivered_not_automatically_missing,,False,,False,
2d1405bc93a484192a94d2f7beb9878bba13bb3ea7ca1818d854439018f70033,A5DB3,INSERT,NEW POLE 7m (3 inches) FDT 2,,mapped,1,"{""PTECH"": 1}",delivered,,False,,False,
2db90dfc9efdb87db6edcba626cd5bdfcb19826bfc6dc08fb49fd0ae4015ea9f,A493E,POINT,BASIC MAP_PT,,graphic_only,0,{},not_delivered_not_automatically_missing,,False,,False,
2dc75d5c34d6baa02db2e60f5d61d25aee5041ccfccb7cda0e70ff8c602f7718,A44D5,LWPOLYLINE,HOME,,graphic_only,0,{},not_delivered_not_automatically_missing,,False,,False,
2dffde3fe6cb5d6d5d7a165fc6025914fd94cd29c1fd94fe684d055e286f1416,A4A8F,TEXT,Home Number RW 01 FDT 2,NN-216,mapped,1,"{""IMB"": 1}",delivered,,False,,False,
2e128b006cf63de17ff7f70e7048d91e10c1e987054b17573340cdbe207beebc,958A4,TEXT,POLE ID,Penanda 110,annotation,0,{},not_delivered_not_automatically_missing,,False,,False,
2e23819cc8869ede2331b9cd10cda151935ff964f87cb091add44fb3e2bb01ad,A49A0,POINT,BASIC MAP_PT,,graphic_only,0,{},not_delivered_not_automatically_missing,,False,,False,
2e49c802c4bba8666f1330236c09025c0e4ddf7f100b2fd9ce810b6cb4692444,95CA6,TEXT,POLE ID,Penanda 368,annotation,0,{},not_delivered_not_automatically_missing,,False,,False,
2e4d66644578a8f742c65e119c22eb1ed493adad276003d1bd1c59571afba7ab,A4B9B,TEXT,EXT POLE FDT 1,EXT.MR.WLT2.TGGR04-2.P004,annotation,0,{},not_delivered_not_automatically_missing,,False,,False,
2e8d80c0a079a4bb31653661791d06438c6f637aca97e6833aeee40c7fd515c7,9E906,TEXT,BASIC MAP_PT_DES,A06,annotation,0,{},not_delivered_not_automatically_missing,,False,,False,
2ea917899ab3ee58ec9f8c2c2fb724d7bf539c8b1b3ed712f87e56871f069ee9,A5C04,POINT,BASIC MAP_PT,,graphic_only,0,{},not_delivered_not_automatically_missing,,False,,False,
2eaafaa8e53a4a266eb45ae5152d4906854466b7e84a89f0b1afc2f412e10e47,A4947,TEXT,Home Number RW 01 FDT 2,NN-55,mapped,1,"{""IMB"": 1}",delivered,,False,,False,
2ec89ba20f2319ccbb1994a965594c4df2add16cb4b1416c0414365c5ed57016,A449D,LWPOLYLINE,HOME,,graphic_only,0,{},not_delivered_not_automatically_missing,,False,,False,
2edf5ad96c977763592e41c676308cdd800c2fdec8885f9ac61224c6c566f3e0,9D531,TEXT,BASIC MAP_PT_DES,C06,annotation,0,{},not_delivered_not_automatically_missing,,False,,False,
2f1e82eac4b379fae56088b96a63f0923b7430c48a3864fbceddf849ee3698a0,A4BB1,TEXT,NEW POLE 7m (3 inches) FDT 1,MR.TGGR04-1.P004,annotation,0,{},not_delivered_not_automatically_missing,,False,,False,
2f426e7ded38948b985399f4b7ba9ef745de3439db8a7460d280c01f233c6bcd,A5BAC,TEXT,BASIC MAP_PT_NUM,TGGR04-2.023.A03,annotation,0,{},not_delivered_not_automatically_missing,,False,,False,
2f52d1ff48ff2b2f5156124be67ead8802f258e044f19cfcd3948f869c6e4905,9B266,TEXT,BASIC MAP_PT_DES,A07,annotation,0,{},not_delivered_not_automatically_missing,,False,,False,
2f54159ff1ad90555f7a460b03d25a6b0e8174f6e618d2b071ea879c8d8da1a0,A4563,LWPOLYLINE,HOME,,graphic_only,0,{},not_delivered_not_automatically_missing,,False,,False,
2f83c812177ed3460656054fee1e8e022ce96b6106a1813802197392d466eff4,A5B99,LWPOLYLINE,FAT,,mapped,1,"{""BOITE"": 1}",delivered,,False,,False,
2fee71783af8ccb40b1773bc7037f39bef0d786d7bb716ffb82a93aded5e0bfc,A4448,LWPOLYLINE,HOME,,graphic_only,0,{},not_delivered_not_automatically_missing,,False,,False,
301dc2501477387c264f803091304a444cd3e0bfda6cec998827db81fdc07acd,A440D,LWPOLYLINE,HOME,,graphic_only,0,{},not_delivered_not_automatically_missing,,False,,False,
30c8461f8dbb0219013c1ebefa9d5fd69cc072f6d3ced0cee1292d2d3d791167,A43F5,LWPOLYLINE,HOME,,graphic_only,0,{},not_delivered_not_automatically_missing,,False,,False,
30f3907d25e871952ee71daab770494e5e6e705f2b0fb85dc5de8da5f42f426d,A4430,LWPOLYLINE,HOME,,graphic_only,0,{},not_delivered_not_automatically_missing,,False,,False,
310501438c02d54229727f815c9f114e1d7d9d4cd9585e762fe2effff54206ea,A4519,LWPOLYLINE,HOME,,graphic_only,0,{},not_delivered_not_automatically_missing,,False,,False,
3174314f29f25a1c22bdbf83bb87cd733b3b4cc6ecd2293a83ed5fb232cee35d,A448C,LWPOLYLINE,HOME,,graphic_only,0,{},not_delivered_not_automatically_missing,,False,,False,
31856b892880e246831091324760133aa2dc88c1c26716f0af9aed2be7a068a0,A4A10,POINT,BASIC MAP_PT,,graphic_only,0,{},not_delivered_not_automatically_missing,,False,,False,
31a0bbd6695ab8e610aaa80ca51089128d322fffae0a3d493b78e4ff2b821c53,9E884,TEXT,BASIC MAP_PT_DES,B02,annotation,0,{},not_delivered_not_automatically_missing,,False,,False,
31d64d0bb0c5d8bf93aa87a37e3929edd67866ca561e5d7e52f62437238c9f64,A4852,POINT,BASIC MAP_PT,,graphic_only,0,{},not_delivered_not_automatically_missing,,False,,False,
322249eda8e17f9a066c87386fdf790f634c7234c3f3946e7c8855bd5cd5300a,A5F7D,MTEXT,Label,32,annotation,0,{},not_delivered_not_automatically_missing,,False,,False,
3233f1a786ad7baa774c6bfc3b26b96391079aca5fbb89fc71fa246f945787fa,A5C95,POINT,BASIC MAP_PT,,graphic_only,0,{},not_delivered_not_automatically_missing,,False,,False,
32c262dfdb13a2c50d12b8ea81afc15c39fcdec1586b551b2f1e6f329cd38f8e,A47F3,TEXT,Home Number RW 01 FDT 1,NN-301,mapped,1,"{""IMB"": 1}",delivered,,False,,False,
32cfc4cc8950203d547f5ea1fdd4d08f935a90a16905c9e0d1844190e238b340,A4B6D,LWPOLYLINE,HOME,,graphic_only,0,{},not_delivered_not_automatically_missing,,False,,False,
32dc98f1b7a363d70bb9addb94d4f0987dcd7c098cf90646097c0ccba79233b6,A4450,LWPOLYLINE,HOME,,graphic_only,0,{},not_delivered_not_automatically_missing,,False,,False,
32e5ba5b3402041271254108727a69f0a04dccaeb58e7797212de12806208ff9,A49D5,TEXT,Home Number RW 01 FDT 2,NN-42,mapped,1,"{""IMB"": 1}",delivered,,False,,False,
32e8d5312d8dfbc288fea292840b2ec98b5835116e26cad3d6b267e0e5821770,9E87B,TEXT,BASIC MAP_PT_DES,2,annotation,0,{},not_delivered_not_automatically_missing,,False,,False,
3308efa0b1cccec2e1213ad70a00951afbec36970a8183dd8c1753962806510b,A4B9A,POINT,BASIC MAP_PT,,graphic_only,0,{},not_delivered_not_automatically_missing,,False,,False,
330c25bc30a5281d32ceb8a3af812f6d15f8aac3744ba6ebd0c71246cdba1490,A4404,LWPOLYLINE,HOME,,graphic_only,0,{},not_delivered_not_automatically_missing,,False,,False,
334f3e3443328f414cef5d19a3fcf90087eea673b1088ff3e3668b081ba3bdd7,A4156,LWPOLYLINE,BASIC MAP,,graphic_only,0,{},not_delivered_not_automatically_missing,,False,,False,
336bf3259f9f637b21d7658544b8b77ddcb881aee174fa8a3b39a796fbf6f7e2,A4A5E,POINT,BASIC MAP_PT,,graphic_only,0,{},not_delivered_not_automatically_missing,,False,,False,
338a02e10f5781f104e58f21915a1a1b2bf71a8e8f33b8e7d42f601ae9ab18ea,A5F77,MTEXT,Label,39,annotation,0,{},not_delivered_not_automatically_missing,,False,,False,
33982941e1b751ecc8d2ae50fc3d1d1abf3bf3d9ab5ba26d2bf38486b2e6a039,A5BA6,TEXT,BASIC MAP_PT_NUM,TGGR04-2.023.A01,annotation,0,{},not_delivered_not_automatically_missing,,False,,False,
33cdd92a0c54660acf6b26833bca11fba47435171ddcbd9c727d322f691a5b94,A5C83,TEXT,BASIC MAP_PT_DES,A16,annotation,0,{},not_delivered_not_automatically_missing,,False,,False,
33ec73d4da9543cd63f103f55b723941675ec7e288050a6bf5125f5fdbd0a8e9,A4436,LWPOLYLINE,HOME,,graphic_only,0,{},not_delivered_not_automatically_missing,,False,,False,
340e45527bfc9b8a3db97f028ed43c8a894b065ec7253e1a0c7983c2aa9884ae,A48EF,TEXT,Home Number RW 01 FDT 1,NN-137,mapped,1,"{""IMB"": 1}",delivered,,False,,False,
3429f94ae3eb7ec5136eedb5b53dba4a63a0bc29961454d34135176e6f590e9c,A5C24,TEXT,BASIC MAP_PT_DES,2,annotation,0,{},not_delivered_not_automatically_missing,,False,,False,
342e1b63860f9dad5379d0e7e538e073a6860468d26ad46e7d2618606b80e642,A4849,TEXT,Home Number RW 01 FDT 1,NN-335,mapped,1,"{""IMB"": 1}",delivered,,False,,False,
3457540bf93727d2df87077c7bd79041aa6d2b5000b085f88ef5354308b0c981,A5E87,LWPOLYLINE,SLING WIRE FDT 2,,mapped,2,"{""CABLE"": 1, ""INFRASTRUCTURE"": 1}",delivered,,False,,False,
347dc75e98ae3c8f0615f8ea1c1c11a39c6c0ec3fe1b15a8383b7de4b9a48968,A4A32,POINT,BASIC MAP_PT,,graphic_only,0,{},not_delivered_not_automatically_missing,,False,,False,
3493c4e5b20cc9c36da2d08e033729fcb92c56c0a3a1faa9263814f5db59732d,A453B,LWPOLYLINE,HOME,,graphic_only,0,{},not_delivered_not_automatically_missing,,False,,False,
34a003ba9895200f31eb4ab6659a81884b81803f21ccc97c2ff0a3a0399f1007,A413C,LWPOLYLINE,BASIC MAP,,graphic_only,0,{},not_delivered_not_automatically_missing,,False,,False,
34d8ee4e212deffa5f40710add9245de4dabc7af6b169f90dc3d8dcdf3ad93de,A4574,LWPOLYLINE,HOME,,graphic_only,0,{},not_delivered_not_automatically_missing,,False,,False,
34f470c648d15b98a9de46afd3d800b8d9165dc1f4723b60447a4ddebd0cd65c,A4159,LWPOLYLINE,BASIC MAP,,graphic_only,0,{},not_delivered_not_automatically_missing,,False,,False,
352c49cb34118451820190c5f6a34faa5698120e14fbee7119405dcfe77199c4,A4A26,POINT,BASIC MAP_PT,,graphic_only,0,{},not_delivered_not_automatically_missing,,False,,False,
35c9e270e5e815c58a75fbe9ac18fb4c852caafc5b0cae672aec0068e09c0190,9E7E2,TEXT,BASIC MAP_PT_DES,2,annotation,0,{},not_delivered_not_automatically_missing,,False,,False,
35cd26fd85b69fbc63a4296eb1dea754079bd84b2cfa26a80a4c4d7b093f2cf9,A449A,LWPOLYLINE,HOME,,graphic_only,0,{},not_delivered_not_automatically_missing,,False,,False,
35d80372236ef4ed7711f24a801d02946fa1048d38c30d90b4ff0049e51cd7ec,A4453,LWPOLYLINE,HOME,,graphic_only,0,{},not_delivered_not_automatically_missing,,False,,False,
35f03139feff69ffbdf49aa6ca9e37e1149899bab714f7f897d535d0446d40b6,A4581,LWPOLYLINE,HOME,,graphic_only,0,{},not_delivered_not_automatically_missing,,False,,False,
362384588c64c0d1941ad9fda85fa7a960ad6cfab96da07a6bea3fa5c10dc074,A5DE4,INSERT,NEW POLE 7m (3 inches) FDT 2,,mapped,1,"{""PTECH"": 1}",delivered,,False,,False,
364aad493274cc48b638e6cce45cc6a534a960aed6362df056711750757cfbe9,A4AD7,TEXT,Home Number RW 01 FDT 2,NN-189,mapped,1,"{""IMB"": 1}",delivered,,False,,False,
3667f7c74d910fb5fd9a7b7e8f1f60afc63f0f7ee2bd7d518abb459659c74898,A5C06,TEXT,BASIC MAP_PT_DES,2,annotation,0,{},not_delivered_not_automatically_missing,,False,,False,
367424e4a60bda7387cfaca8aea57b580afb2fccbab365fddfb707e4510d600d,A4B04,POINT,BASIC MAP_PT,,graphic_only,0,{},not_delivered_not_automatically_missing,,False,,False,
367f573e8db9ae4beedcdb596c0e57661dd3e5f495ed80702fa4a722a446ccf4,A4146,LWPOLYLINE,BASIC MAP,,graphic_only,0,{},not_delivered_not_automatically_missing,,False,,False,
36c8c8fb40a66373b7869bf57bc716424e61a26178d834cc32c48f1e19fbd36b,A4BDC,POINT,BASIC MAP_PT,,graphic_only,0,{},not_delivered_not_automatically_missing,,False,,False,
36cbc4453452fda3f5ac61c69be2fe3376da8fc885a8ce2517bce5d358e3baa1,A4509,LWPOLYLINE,HOME,,graphic_only,0,{},not_delivered_not_automatically_missing,,False,,False,
36f9404934ff37248475bbddbdc9191c6fe2fa99281da07a814f65b8c8ac9a03,A491B,TEXT,Home Number RW 01 FDT 2,NN-78,mapped,1,"{""IMB"": 1}",delivered,,False,,False,
37282182cd7e274887d7f66ca998a0fedddcd2ec5261cfc52b23b0f976962914,A44E0,LWPOLYLINE,HOME,,graphic_only,0,{},not_delivered_not_automatically_missing,,False,,False,
3740ae9cfe3eaa2d81fcce1e5047a38711af5d49f48b680d9d8d0991fc52c0c4,A4BDF,POINT,BASIC MAP_PT,,graphic_only,0,{},not_delivered_not_automatically_missing,,False,,False,
375d3200ea3aba9b8ca8b517db48fede4dee4dcec803e3d995279c4c93864608,A5BE7,TEXT,EXT POLE,EXT.MR.WLT2.TGGR04-2.P010,annotation,0,{},not_delivered_not_automatically_missing,,False,,False,
376d8e7978392d193fbbb4889fb9dfdd4ea26675c2cb706652e0dc17e0360c8d,9D526,TEXT,BASIC MAP_PT_DES,C03,annotation,0,{},not_delivered_not_automatically_missing,,False,,False,
37c2ee569a989161afb7bd34d605a4a8cefb4c2eaf1849772646b58dd2d41987,A5EC0,ATTDEF,FAT,16,annotation,0,{},not_delivered_not_automatically_missing,,False,,False,
37e6e3fec3cbd3d813be9e7f2ea6ce53fcd7b0835b9eb3d7f66b53536a346f98,A4433,LWPOLYLINE,HOME,,graphic_only,0,{},not_delivered_not_automatically_missing,,False,,False,
37eedd5068d478ee11c59b10e3a51613ef209014036a9dad62b111f9d067caa9,A5F5F,MTEXT,Label,42,annotation,0,{},not_delivered_not_automatically_missing,,False,,False,
381796a501610477ffde12695ad8815f4e42c6f8bb7cfa07f2ca8fc5b707043b,A450F,LWPOLYLINE,HOME,,graphic_only,0,{},not_delivered_not_automatically_missing,,False,,False,
383a1241b475aede1b4f8a84e959ad21188ac26ae00b7ddd830562f3f5e5fbb7,A48E2,POINT,BASIC MAP_PT,,graphic_only,0,{},not_delivered_not_automatically_missing,,False,,False,
383fcd055e7efc248276e1cdb6d757244d828bec4e8c15178df0bbb9c5ea34c2,A4A1A,POINT,BASIC MAP_PT,,graphic_only,0,{},not_delivered_not_automatically_missing,,False,,False,
385dd11ae776afe8fe819a5ed1c341bdf479c32946f90709c1372989fc444279,A4A81,TEXT,Home Number RW 01 FDT 2,NN-32,mapped,1,"{""IMB"": 1}",delivered,,False,,False,
3868f7c9fd58c6105bdcdc938465a4bba4736fe905f3299d222f609261627f7d,A4A2B,TEXT,Home Number RW 01 FDT 2,NN-328,mapped,1,"{""IMB"": 1}",delivered,,False,,False,
3870048738f18269b99ac2ee20502057d9eb86b3fc5106ea34714303c193f89b,A4152,LWPOLYLINE,BASIC MAP,,graphic_only,0,{},not_delivered_not_automatically_missing,,False,,False,
38736e6d25dc8d1ff2a5ebbcf957c1c873217aa2e39afebdb0a4ccc1789cdf38,A4410,LWPOLYLINE,HOME,,graphic_only,0,{},not_delivered_not_automatically_missing,,False,,False,
387d6c40331259248145c20404463927489c3eab67fa33de98805217a3ec2d63,A49E9,TEXT,Home Number RW 01 FDT 2,NN-435,mapped,1,"{""IMB"": 1}",delivered,,False,,False,
38905ceee440c5a4cb44b3ba74107694f7731ddff5744553dcf6ebed376885a9,A489D,TEXT,Home Number RW 01 FDT 1,NN-138,mapped,1,"{""IMB"": 1}",delivered,,False,,False,
38b4d0143e41feed1dec16f7789cdb46e71319378c5c393f9a9839e8dbbaad35,A45AC,LWPOLYLINE,HOME,,graphic_only,0,{},not_delivered_not_automatically_missing,,False,,False,
38b948f7702454bd22d0b5aaede19738a8d71ac689ca77414386af515d6f054c,95C86,TEXT,POLE ID,Penanda 352,annotation,0,{},not_delivered_not_automatically_missing,,False,,False,
38d9823a3cf9d713cde8179e0f40caa97ec6be3b3773ed0085835716af4772f8,A494A,POINT,BASIC MAP_PT,,graphic_only,0,{},not_delivered_not_automatically_missing,,False,,False,
391908426a3cd4137b981eb16a10559cb1e228680eccc0094799076a2e5a6f76,A446A,LWPOLYLINE,HOME,,graphic_only,0,{},not_delivered_not_automatically_missing,,False,,False,
39800b1f41fa13fc95ff51552e287071d1d57a81f4a87e061abd4f47c7151313,A5D89,INSERT,NEW POLE 7m (3 inches) FDT 2,,mapped,1,"{""PTECH"": 1}",delivered,,False,,False,
39840c6cfc9c06b1b0abe3228e9d757bed801305a8155b2001b757ac1f57bfe6,A482C,POINT,BASIC MAP_PT,,graphic_only,0,{},not_delivered_not_automatically_missing,,False,,False,
39ad13c7a516fc6a0e2231d428a633fd41919dff2ca82f71bce549ba54bd211e,A4B2D,TEXT,Home Number RW 01 FDT 2,NN-234,mapped,1,"{""IMB"": 1}",delivered,,False,,False,
39da7e74631a9ae558937916977da9bfc4827326f6e4c9fe73e69582d08c0bbe,A4887,TEXT,Home Number RW 01 FDT 1,NN-356,mapped,1,"{""IMB"": 1}",delivered,,False,,False,
39e732c7ae1e9fbfe4994a2728fc412f9db7a442164ed4661041cceff658fa89,A44A0,LWPOLYLINE,HOME,,graphic_only,0,{},not_delivered_not_automatically_missing,,False,,False,
39fc69904cc9a495babbcbe757085ca5ba4436abde82c2689297f6a87b34a6e5,A5F52,MTEXT,Label,25,annotation,0,{},not_delivered_not_automatically_missing,,False,,False,
3a0be511ab5877b5adf1ef28dd611e9bf5f9a5183bc99544bf6a70d6068fb3d9,9696D,TEXT,BASIC MAP_PT_DES,FDT 48C,annotation,0,{},not_delivered_not_automatically_missing,,False,,False,
3a17357046be5f23da21f6c050c18d43b98f318aff51ffd21e2de56f1643ae72,A5C3F,POINT,BASIC MAP_PT,,graphic_only,0,{},not_delivered_not_automatically_missing,,False,,False,
3a30f763ac5dae6d3b1d4353202bb6a5d01739e1e27ffd17ee57234517fa070f,A4BA4,POINT,BASIC MAP_PT,,graphic_only,0,{},not_delivered_not_automatically_missing,,False,,False,
3a8e3372543698434022abb85247feebe11b36612893ad2a49f699e41d875c54,A484A,POINT,BASIC MAP_PT,,graphic_only,0,{},not_delivered_not_automatically_missing,,False,,False,
3a9a7ac5296daddfc147b43b0fecdf4b8c5996840c9fd381dd56d12acd1b59da,A4405,LWPOLYLINE,HOME,,graphic_only,0,{},not_delivered_not_automatically_missing,,False,,False,
3aa30c740b70f9763fb2265a4d575b443e906631bd1cd4bf2650c2b0eb591190,A4B73,TEXT,BASIC MAP_PT_DES,A01,annotation,0,{},not_delivered_not_automatically_missing,,False,,False,
3aa7cbfb2485aaded037bc7eef539bdebec02262c2c8aaf6590686327d14c32f,A43E7,LWPOLYLINE,HOME,,graphic_only,0,{},not_delivered_not_automatically_missing,,False,,False,
3ad81fe72028bd707aaaf3ff67bc7aabc49611c719ead8fa41556a28b222b3d0,A4A00,POINT,BASIC MAP_PT,,graphic_only,0,{},not_delivered_not_automatically_missing,,False,,False,
3ada6b28e1191c2b60827cc85ea99cd9c5031e9198a93f07218718c9dd3839d6,A4B4D,LWPOLYLINE,HOME,,graphic_only,0,{},not_delivered_not_automatically_missing,,False,,False,
3ae1840840b002cd4d22d0d4717da554f059e2df5122c72e8800399114df28b8,A5AAA,INSERT,NEW POLE 7m (3 inches) FDT 1,,mapped,1,"{""PTECH"": 1}",delivered,,False,,False,
3aead4bb20a9d55990e7e88d6b629548de7a76136bc910c3e3d5e79afd9dbc2f,A5CEF,INSERT,NEW POLE 7m (3 inches) FDT 2,,mapped,1,"{""PTECH"": 1}",delivered,,False,,False,
3af7048a3e1d0855bf6043182a13c28579b3ab8e12bc9c3d5e01c4fc5e90ad32,A4573,LWPOLYLINE,HOME,,graphic_only,0,{},not_delivered_not_automatically_missing,,False,,False,
3b07dad1325bf7cd6bd0ce0d58797c82ed96338aaefe09bf0f6efaf9be297f31,A48A1,TEXT,Home Number RW 01 FDT 1,NN-252,mapped,1,"{""IMB"": 1}",delivered,,False,,False,
3b30544efbb9f8b5daeb8182b58200c3c3e1a1f3c3449b425978ccc80b22fe73,A5C54,POINT,BASIC MAP_PT,,graphic_only,0,{},not_delivered_not_automatically_missing,,False,,False,
3b3e1f687787b99c93b819faf150b20efc09ab72f5750f436108e0c09e6a3536,A4562,LWPOLYLINE,HOME,,graphic_only,0,{},not_delivered_not_automatically_missing,,False,,False,
3ba15d0fa6d40fd7d8721b1f9abc855ba0480616e6b0f8a8d2fac15324f043e0,A4A25,TEXT,Home Number RW 01 FDT 2,NN-409,mapped,1,"{""IMB"": 1}",delivered,,False,,False,
3ba1f31a3b18f021d00afc9602d58ca6d9315edfb04e49fb2dd63a179714b14d,A4559,LWPOLYLINE,HOME,,graphic_only,0,{},not_delivered_not_automatically_missing,,False,,False,
3baf344f70e722413c7d28508dd96d58501f696cdc2d62e5351ba9777b9e942a,A5A41,INSERT,EXT POLE FDT 1,,mapped,1,"{""PTECH"": 1}",delivered,,False,,False,
3bfdaafa538eca19f0b4ff1bbaa62f172f56b5ee673ee32be6df56d7aee74ccf,A446C,LWPOLYLINE,HOME,,graphic_only,0,{},not_delivered_not_automatically_missing,,False,,False,
3c0326b531dd6225c2db8364da199293bbc452fee78bbc4f5823c6ba1d0ce139,A459D,LWPOLYLINE,HOME,,graphic_only,0,{},not_delivered_not_automatically_missing,,False,,False,
3c09aab3084fc3c954054941b392daba4eb6d0724cf2d9ac8e2070de32255d89,A48C4,POINT,BASIC MAP_PT,,graphic_only,0,{},not_delivered_not_automatically_missing,,False,,False,
3c76a4c85d085f84a56a97410f5a573c6ba70eeaed792b60f94e829bb9f9a2bd,A4991,TEXT,Home Number RW 01 FDT 2,NN-373,mapped,1,"{""IMB"": 1}",delivered,,False,,False,
3c833dc03b291275bbb81dd8af335d8d6e1512adbf56c48687ea2fdfe8768c51,A4809,TEXT,Home Number RW 01 FDT 1,NN-288,mapped,1,"{""IMB"": 1}",delivered,,False,,False,
3c861b36b1c556b8252ec76742d9b5694828c628137deb5986bfa0a805429ce4,A5C87,TEXT,NEW POLE 7m (3 inches) FDT 2,MR.TGGR04-2.P059,annotation,0,{},not_delivered_not_automatically_missing,,False,,False,
3ca4cf4e09d9eea9554a484aa225f873ba980d2433113ec7118e7158d0556e02,A4479,LWPOLYLINE,HOME,,graphic_only,0,{},not_delivered_not_automatically_missing,,False,,False,
3cb91e46a2775035f42573a5a96d5fb621a71f7ce825754dee30374ef1e492c7,A5AC6,INSERT,NEW POLE 7m (3 inches) FDT 1,,mapped,1,"{""PTECH"": 1}",delivered,,False,,False,
3cf7c10dc386ae28c524311630b23a2582fa10bd33a49e57569ab239ccb839ff,A44CC,LWPOLYLINE,HOME,,graphic_only,0,{},not_delivered_not_automatically_missing,,False,,False,
3cfc30648c5c23a24fb36af1f8db3a74b725c988b0212c289c8957a6d11b25c7,A414D,LWPOLYLINE,BASIC MAP,,graphic_only,0,{},not_delivered_not_automatically_missing,,False,,False,
3d339664d2f4aa1fc3698126cfa40238f6bb2a7cce91ed7673c2625db9e56d39,A5C33,POINT,BASIC MAP_PT,,graphic_only,0,{},not_delivered_not_automatically_missing,,False,,False,
3d5916930ca1e81f09ad88d55138215a7b7c02980839bbd22b3c2ce16288753a,95CB0,TEXT,POLE ID,Penanda 373,annotation,0,{},not_delivered_not_automatically_missing,,False,,False,
3d81e2dc5ca214f6ba3022815d2e6e4ae7f299d651da66fba358fc701fc3b37a,A5ACD,INSERT,NEW POLE 7m (3 inches) FDT 1,,mapped,1,"{""PTECH"": 1}",delivered,,False,,False,
3da059874031466776d5b4d59a6566b8ee0315c6d784724c9caa0ba1c4f5eda0,A5F49,MTEXT,Label,35,annotation,0,{},not_delivered_not_automatically_missing,,False,,False,
3da2562d3e071301d96d73848e596481a8acb8904bb25b35c695ab637c69fe0a,A483A,POINT,BASIC MAP_PT,,graphic_only,0,{},not_delivered_not_automatically_missing,,False,,False,
3db8a86e1c4ecf4b7ced5ff4de4cbbd5115c8ea7149aaf1389fb76667f20dbee,A5C22,POINT,BASIC MAP_PT,,graphic_only,0,{},not_delivered_not_automatically_missing,,False,,False,
3dba3532d0bf943b6d6e904ab3a03bca4bd9f46145d4ba7f9b93b6d68cf5687d,A5C58,TEXT,NEW POLE 7m (3 inches) FDT 2,MR.TGGR04-2.P030,annotation,0,{},not_delivered_not_automatically_missing,,False,,False,
3ddc226a5bef18b1a40fd5a3df61f776983edcfa59a2f99d41254f3db43dbb38,A5B9D,LWPOLYLINE,FDT,,graphic_only,0,{},not_delivered_not_automatically_missing,,False,,False,
3dfb376040a9a688902763fa1bd98e1300725c942545299887b73e7470654966,A5AD4,INSERT,NEW POLE 7m (3 inches) FDT 1,,mapped,1,"{""PTECH"": 1}",delivered,,False,,False,
3dfdf78a53bbd20a64243e8c8b967c247e44c7fbbdd3d50dc109afb92d2d6679,9E88E,TEXT,BASIC MAP_PT_DES,B05,annotation,0,{},not_delivered_not_automatically_missing,,False,,False,
3e1645b835c3ec841eb39a7e809196e0b46e359be85d48f27858ab2d384b806d,A4803,TEXT,Home Number RW 01 FDT 1,NN-291,mapped,1,"{""IMB"": 1}",delivered,,False,,False,
3e22a147b67db4b4e7727ffb769d06a2746d046f1d69ef39e70909d4497eb3a1,A5BA3,HATCH,FDT,,graphic_only,0,{},not_delivered_not_automatically_missing,,False,,False,
3e31932cb20b2fac6d31776f0c3316559c66f9f39b327696694c1a0c5176e43a,A4A53,TEXT,Home Number RW 01 FDT 2,NN-48,mapped,1,"{""IMB"": 1}",delivered,,False,,False,
3e3b25c746581bec3e3dc9eaca906aacc0480a3efe0e947086fb79dbf1892511,A4A6B,TEXT,Home Number RW 01 FDT 2,NN-22,mapped,1,"{""IMB"": 1}",delivered,,False,,False,
3e3ded6c5201c40a6b3aacf51da82738df6f15721bb7f33aea2783e95ad8cf58,A4A4B,TEXT,Home Number RW 01 FDT 2,NN-52,mapped,1,"{""IMB"": 1}",delivered,,False,,False,
3e4c3a98acdc88ba07a2cacbcd5654b58d50682ec8b76c9f887dd93091ebb3ed,A4882,POINT,BASIC MAP_PT,,graphic_only,0,{},not_delivered_not_automatically_missing,,False,,False,
3e4d875a06b2bbfd66dfeb13909f004e51a3741e89fc9e866350950d9b366c16,9E8F6,TEXT,BASIC MAP_PT_DES,2,annotation,0,{},not_delivered_not_automatically_missing,,False,,False,
3e5f47d27d6495d8ac18ab132b7770677587ba2875b5780d756c77ff385a037f,A448E,LWPOLYLINE,HOME,,graphic_only,0,{},not_delivered_not_automatically_missing,,False,,False,
3e9b32903ed65c2cb5e6d594805679b64f2e94e9ede08e67d5616f8a90519f93,9E889,TEXT,BASIC MAP_PT_DES,B03,annotation,0,{},not_delivered_not_automatically_missing,,False,,False,
3ebc94ac72d758a420763b0fc48777758db0a63d67f4063490698cffb0458f38,A47E4,POINT,BASIC MAP_PT,,graphic_only,0,{},not_delivered_not_automatically_missing,,False,,False,
3ee7d076d82d79a05562d62484cd2e95f1ea25c759c82887736cb6d3f17fc7fc,A48AA,POINT,BASIC MAP_PT,,graphic_only,0,{},not_delivered_not_automatically_missing,,False,,False,
3f0981fdf414c989ecde9525a409cbd54e7dab4dd3ec99ca6ea98052a536e72f,A482D,TEXT,Home Number RW 01 FDT 1,NN-314,mapped,1,"{""IMB"": 1}",delivered,,False,,False,
3f11ce914458da61b72ae9e5e1155cf99a3e3f0dfa2850bec60e951c8049d4b8,A413B,LWPOLYLINE,BASIC MAP,,graphic_only,0,{},not_delivered_not_automatically_missing,,False,,False,
3f2cd44f36a133de841a2ae96804a4adf7c3cf0f2d76dd329b5bf92f99d8d102,A48AF,TEXT,Home Number RW 01 FDT 1,NN-169,mapped,1,"{""IMB"": 1}",delivered,,False,,False,
3f3eb404ab35a5b5ad4e90707ff64bd52c4e655cec31083fdf8bd4b59143b8a9,A5C11,TEXT,NEW POLE 7M 2.5INCH FDT 2,MR.TGGR04-2.P044,annotation,0,{},not_delivered_not_automatically_missing,,False,,False,
3f404b2049edf4d1f3bcb450835ab7be31e332cfd4eb85eaa21d1aa98de6ba69,A494C,POINT,BASIC MAP_PT,,graphic_only,0,{},not_delivered_not_automatically_missing,,False,,False,
3f49e7d6e79f36ffffd5fb9fe82860752eb9c3469f91cc63c8a300ddf06c1913,A4924,POINT,BASIC MAP_PT,,graphic_only,0,{},not_delivered_not_automatically_missing,,False,,False,
3f94552ec8a09f96f914b9c1ddb23e1b385bd38a98272263eafd5072dd447a42,A5B85,LWPOLYLINE,FAT,,mapped,1,"{""BOITE"": 1}",delivered,,False,,False,
3fb1169cc3bc91cb75e7385bb3bd87830e09fbbd89be62cf7c0b605f16d2b5ad,A4878,POINT,BASIC MAP_PT,,graphic_only,0,{},not_delivered_not_automatically_missing,,False,,False,
3fceb77d5faaff3d5ede287a1c83933cbcb456210f0e4375f1adfd851cacab1d,A495D,TEXT,Home Number RW 01 FDT 2,NN-105,mapped,1,"{""IMB"": 1}",delivered,,False,,False,
3fdbf48bede5a47f809691d9f2f68f920165c6e2318d78122db4f07de345f5b0,A495B,TEXT,Home Number RW 01 FDT 2,NN-106,mapped,1,"{""IMB"": 1}",delivered,,False,,False,
3fe5aff89cf628edac6c0e267c369724412bbbef2ac9f22dc33a27750bbcdd3e,A49E4,POINT,BASIC MAP_PT,,graphic_only,0,{},not_delivered_not_automatically_missing,,False,,False,
3ff54e5a8163e34d69dd1e89519eb8eca0ffb78dbc77748a831feabdb388e057,A47FF,TEXT,Home Number RW 01 FDT 1,NN-293,mapped,1,"{""IMB"": 1}",delivered,,False,,False,
401a445c5b9329d8211e982ca1b74e99bddadf73d3f00d01fe1fc82ffe43e31a,A4471,LWPOLYLINE,HOME,,graphic_only,0,{},not_delivered_not_automatically_missing,,False,,False,
403daca386c5fff375d67f4ee47ddbfec4fb27176a554e4cd1350521be0668e0,A4498,LWPOLYLINE,HOME,,graphic_only,0,{},not_delivered_not_automatically_missing,,False,,False,
405535177ae36342f896842b0110b3e24abfcc215b25e84586b94cb08b1a8203,A4408,LWPOLYLINE,HOME,,graphic_only,0,{},not_delivered_not_automatically_missing,,False,,False,
4057646e714a57f57232bfa16c80f709cf5649408eb4e62eee15f918706ee2fb,A5A2C,INSERT,EXT POLE FDT 1,,mapped,1,"{""PTECH"": 1}",delivered,,False,,False,
407856d67b92473988d7fb8fdca5769369682fb66afc4642937ebb7934d64eef,A4B27,TEXT,Home Number RW 01 FDT 2,NN-239,mapped,1,"{""IMB"": 1}",delivered,,False,,False,
408dc2fc409a272e09f1b355621e3459ea56faebcefb39d4b1049201273b4187,A4A0A,POINT,BASIC MAP_PT,,graphic_only,0,{},not_delivered_not_automatically_missing,,False,,False,
40adca1514e4134e719c48b4901eb744e65b2bca4020327c5640f6f1e0a8bd82,A4981,TEXT,Home Number RW 01 FDT 2,NN-410,mapped,1,"{""IMB"": 1}",delivered,,False,,False,
40e2fb36de925fdf11c8a75467c31bd634d84e67ddd466aade96d4f6f466a247,A5C7F,POINT,BASIC MAP_PT,,graphic_only,0,{},not_delivered_not_automatically_missing,,False,,False,
40f89696839e00e53286a54dfe6028ebb7f4b3eb4d8ba0954f138217b38ec051,A481C,POINT,BASIC MAP_PT,,graphic_only,0,{},not_delivered_not_automatically_missing,,False,,False,
4104a5b25683b1126a74324308232a880b90d74e3807c99973dec37e725085e9,A4A06,POINT,BASIC MAP_PT,,graphic_only,0,{},not_delivered_not_automatically_missing,,False,,False,
411ed9f5b26d1b1288efea361d46d8bf21b5d9e44d0dd99f02cec55d4feb132c,A4AFB,TEXT,Home Number RW 01 FDT 2,NN-245,mapped,1,"{""IMB"": 1}",delivered,,False,,False,
41200b2f69b23c207d9325bc664e2f73b36fe6c8424a8fd926ad9ff18477048f,A4BCB,TEXT,NEW POLE 7m (3 inches) FDT 1,MR.TGGR04-1.P017,annotation,0,{},not_delivered_not_automatically_missing,,False,,False,
4123fd3aeb6185c6abb64bf27610647640fc0a4df28b0f01ae34129042c41ee4,A43F8,LWPOLYLINE,HOME,,graphic_only,0,{},not_delivered_not_automatically_missing,,False,,False,
412894113a70575951265870ac92d5d178bca790472764c8d2a0dc303363e29a,A5D27,INSERT,NEW POLE 7m (3 inches) FDT 2,,mapped,1,"{""PTECH"": 1}",delivered,,False,,False,
413071640c7dab19e077f89dfb969d0c65e716fb5cafaebc3f560991b4d6aa60,A443B,LWPOLYLINE,HOME,,graphic_only,0,{},not_delivered_not_automatically_missing,,False,,False,
413ba6a0e665959295f77be02aaec878b70fc7d3db8cd090d8e4c15816910404,A48C3,TEXT,Home Number RW 01 FDT 1,NN-181,mapped,1,"{""IMB"": 1}",delivered,,False,,False,
4142bb666440f8dbea59840905f117cc14d89e3aa62f894cc084f6a9640fd136,A457C,LWPOLYLINE,HOME,,graphic_only,0,{},not_delivered_not_automatically_missing,,False,,False,
41510ad96d86de1f0e6c713af4c9568677c4e688686d51429e808334acdf54d9,A5ED7,LWPOLYLINE,FAT,,graphic_only,0,{},not_delivered_not_automatically_missing,,False,,False,
416666ebc60c9e9e0ac9d93fbc092814c76ba6cb2afccdb43ee2e8a405b9523c,95896,TEXT,POLE ID,Penanda 103,annotation,0,{},not_delivered_not_automatically_missing,,False,,False,
41a1ef107318e9dc5ad1c63f697d6fa0fdd5e3711c2207520fe4044c84661761,A4B2E,POINT,BASIC MAP_PT,,graphic_only,0,{},not_delivered_not_automatically_missing,,False,,False,
42678d7a15bbe731d0180433111c6c03f979cf2ab9731663c597446858b9d428,A4BE3,POINT,BASIC MAP_PT,,graphic_only,0,{},not_delivered_not_automatically_missing,,False,,False,
427be4116a3611edb1f9d3554cf6e83aba985fa6e06fe5c3d56e00f80056ceb8,A4B1A,POINT,BASIC MAP_PT,,graphic_only,0,{},not_delivered_not_automatically_missing,,False,,False,
428cc03266477705428f4f4dc3a7186b876b7530763e2be605e490ed20383ed0,A48F2,POINT,BASIC MAP_PT,,graphic_only,0,{},not_delivered_not_automatically_missing,,False,,False,
42cae461fbfcec6484330c2a09f667c533937bf3bbd49a82fc226ebe44652043,A4A08,POINT,BASIC MAP_PT,,graphic_only,0,{},not_delivered_not_automatically_missing,,False,,False,
42e292c27f96ad07f4ffe562b5984460889cc9bedfc34fae8f312351b22fb692,A4B22,POINT,BASIC MAP_PT,,graphic_only,0,{},not_delivered_not_automatically_missing,,False,,False,
430328e55117a2e5c26971725e5413a9a2d646cfd69ad17ab8bed6b132649389,A4513,LWPOLYLINE,HOME,,graphic_only,0,{},not_delivered_not_automatically_missing,,False,,False,
432fd87c304b02129064103ea7e5070c9756ec257be3706ad3096dc34484717a,A5F29,MTEXT,Label,30,annotation,0,{},not_delivered_not_automatically_missing,,False,,False,
43407d0743359637e74361aa6cfa9bb819b945f15f13b58f90ade6587bbc1589,A4AEC,POINT,BASIC MAP_PT,,graphic_only,0,{},not_delivered_not_automatically_missing,,False,,False,
43410756dca6d41fb1ce15271d764b79d84f3357fc0a2d7178efa828823062cf,A4454,LWPOLYLINE,HOME,,graphic_only,0,{},not_delivered_not_automatically_missing,,False,,False,
4353226d7dc773ef4f49ba809e89517222f8422eee0b0781bf58f9779570cc6c,A4B32,POINT,BASIC MAP_PT,,graphic_only,0,{},not_delivered_not_automatically_missing,,False,,False,
436c84e06bfaf5d1f263457d4fd70cb26c0a0f9e0486b02b86c23d75a5fe946a,A45AB,LWPOLYLINE,HOME,,graphic_only,0,{},not_delivered_not_automatically_missing,,False,,False,
439273d3b51c79dd30fef39882175e79aacd8866f1cb2cfdbffa8fb80048e843,A4ADC,POINT,BASIC MAP_PT,,graphic_only,0,{},not_delivered_not_automatically_missing,,False,,False,
439df73c714c6403036b6f6c35ffeb5fa61c451a003dae515379a040d6f93b82,A4497,LWPOLYLINE,HOME,,graphic_only,0,{},not_delivered_not_automatically_missing,,False,,False,
43b1b0b6c123a3c566eecaf73be61419243c882ef769781c10fb6ad288fa3169,A49F9,TEXT,Home Number RW 01 FDT 2,NN-366,mapped,1,"{""IMB"": 1}",delivered,,False,,False,
43d7d057abfbb9c19a874971d4a303c5bb483d47529d0a948f3c6430de0d9b0c,A4B0F,TEXT,Home Number RW 01 FDT 2,NN-223,mapped,1,"{""IMB"": 1}",delivered,,False,,False,
441435057907e0f208d630df803a9e9ffbd63997f79ba88e906d46b096b0b451,A4B8C,POINT,BASIC MAP_PT,,graphic_only,0,{},not_delivered_not_automatically_missing,,False,,False,
442db0387b396b99889d77e98dc23169791dc3010cedf7ae9f8ac465a3e35b08,A452E,LWPOLYLINE,HOME,,graphic_only,0,{},not_delivered_not_automatically_missing,,False,,False,
4431bcd82e47f93291033669c24ed3415e2328155cd769102ad585ba9317d686,A45C3,LWPOLYLINE,HOME,,graphic_only,0,{},not_delivered_not_automatically_missing,,False,,False,
448918850cea85163a314a98258d4ee20fd07b6349d1f05356b71e993a78f95b,A490B,TEXT,Home Number RW 01 FDT 1,NN-119,mapped,1,"{""IMB"": 1}",delivered,,False,,False,
448cfef7f6427ad468ec5e8fcc6889a6673fb48860981ac608e7e8b889f2c6a7,A4481,LWPOLYLINE,HOME,,graphic_only,0,{},not_delivered_not_automatically_missing,,False,,False,
449681fb2c6700ece64a968598e16ee981bc96bad946bb8e388cfda69dd66a29,A5C00,TEXT,BASIC MAP_PT_DES,2,annotation,0,{},not_delivered_not_automatically_missing,,False,,False,
44a8dc67e96d81cccc167406fcb08561c0bb5374edf70bdc7bc1c19091136abc,A43ED,LWPOLYLINE,HOME,,graphic_only,0,{},not_delivered_not_automatically_missing,,False,,False,
44e10e66aa9c6f3bae05ef0f41d888c5e92c8a21773d026cd5f009ba78793fc5,A49CA,POINT,BASIC MAP_PT,,graphic_only,0,{},not_delivered_not_automatically_missing,,False,,False,
451a0d73955861704ac4ec213c5a11bc3d92353fe8cf6c33ba6a12e004d86613,A5BBD,POINT,BASIC MAP_PT,,graphic_only,0,{},not_delivered_not_automatically_missing,,False,,False,
451f2fbab32fa171845ffd77f31af35d5f31f3f7b3ff45d291d729a7fe78b101,A4472,LWPOLYLINE,HOME,,graphic_only,0,{},not_delivered_not_automatically_missing,,False,,False,
4520cd1c99c8d3b0735a1eb8596eaa29d3742f246eea303cf11007eff217789f,A4591,LWPOLYLINE,HOME,,graphic_only,0,{},not_delivered_not_automatically_missing,,False,,False,
45225ae043d22a530964b5684b8ca4bf54cec6726ceaef6110a6f5d9ed235200,A482F,TEXT,Home Number RW 01 FDT 1,NN-313,mapped,1,"{""IMB"": 1}",delivered,,False,,False,
45230df425bec90fe3abee66820e40bf0d2a119caf2e863f1acdbcd4068041c7,A48D7,TEXT,Home Number RW 01 FDT 1,NN-308,mapped,1,"{""IMB"": 1}",delivered,,False,,False,
4523da76e1bfd0d5c0880592cf0be383c4125a8ff96a90f4f31b854a4d6abbc1,A45C2,LWPOLYLINE,HOME,,graphic_only,0,{},not_delivered_not_automatically_missing,,False,,False,
45286210a904789df4a6c9272a0a1d75ac1108075778e1509194eefcd4816216,95CAE,TEXT,POLE ID,Penanda 372,annotation,0,{},not_delivered_not_automatically_missing,,False,,False,
452947c1a4a0402e80e31a6a8f39f085330db12b191b287c0b416a50d415751d,A5F92,MTEXT,Label,32,annotation,0,{},not_delivered_not_automatically_missing,,False,,False,
4555738385682ec123893c5ad419e5cf810f72727e25c4c4819345ddde2a7b72,9E846,TEXT,BASIC MAP_PT_DES,A14,annotation,0,{},not_delivered_not_automatically_missing,,False,,False,
455581d755052508614d591c1920ae91ffe6ea68011020941101375f00159ee7,A4A5F,TEXT,Home Number RW 01 FDT 2,NN-28,mapped,1,"{""IMB"": 1}",delivered,,False,,False,
455783cd8363a3a1eb3dbf9cf5c9668548933db8917c9c0198cbfb35e58a76dd,A5C45,TEXT,NEW POLE 7m (3 inches) FDT 2,MR.TGGR04-2.P017,annotation,0,{},not_delivered_not_automatically_missing,,False,,False,
4565b5af22d8955822cf256984668a6e17e0ddc1349b4e726f9390a514261860,A49DF,TEXT,Home Number RW 01 FDT 2,NN-440,mapped,1,"{""IMB"": 1}",delivered,,False,,False,
4569da6800091c81c133d721eabf87b34f37865682757973b97317f5796b4878,A498A,POINT,BASIC MAP_PT,,graphic_only,0,{},not_delivered_not_automatically_missing,,False,,False,
456d05aa9e76efc0ffdf56fc8622facef2c51ff51bf3a3db8b833e322635c026,A444B,LWPOLYLINE,HOME,,graphic_only,0,{},not_delivered_not_automatically_missing,,False,,False,
458d8e961144f3d3be851adf707345ba0b56a47042c4498b486877c1e39185fc,A4417,LWPOLYLINE,HOME,,graphic_only,0,{},not_delivered_not_automatically_missing,,False,,False,
4591ebfe4d8497a2a94135c32c0765242ccee4883589073a21e0bbd323bc1fba,A5F93,MTEXT,Label,32,annotation,0,{},not_delivered_not_automatically_missing,,False,,False,
459536ab0bb85f2d740cb28bd807399fd1e008f8e8b7384ab5b7363c29406a7b,A414A,LWPOLYLINE,BASIC MAP,,graphic_only,0,{},not_delivered_not_automatically_missing,,False,,False,
45cb98d69cab9a1ec6e9313b65f2d21464719c470df6c836043fd707e6f9a7cc,A5C0A,POINT,BASIC MAP_PT,,graphic_only,0,{},not_delivered_not_automatically_missing,,False,,False,
45ed11166ec7ffc6b8e24038d3e2cddd3f9a5b872358071bc69b9f4f66145d63,A49AB,TEXT,Home Number RW 01 FDT 2,NN-398,mapped,1,"{""IMB"": 1}",delivered,,False,,False,
45eeac77bcca909371d13d6df1605b50f2f32c83986bd1800f915dedd804edc1,A4522,LWPOLYLINE,HOME,,graphic_only,0,{},not_delivered_not_automatically_missing,,False,,False,
464b188898316c21da8d5da06f9beb16de7ac94a219a365752244e25a6c11866,A48E8,POINT,BASIC MAP_PT,,graphic_only,0,{},not_delivered_not_automatically_missing,,False,,False,
465983f565bd26c49e18594bc14af2420eedb1a2c94ef671a66036b044242fda,A47F7,TEXT,Home Number RW 01 FDT 1,NN-298,mapped,1,"{""IMB"": 1}",delivered,,False,,False,
4668534f53db43ea0decd25d9ab3ec8b16a2c210ad4979dbb15fb1257a0e1485,A4B72,TEXT,FAT CODE,TGGR04-1.022.A01,annotation,0,{},not_delivered_not_automatically_missing,,False,,False,
4685524c33c535b17008bb7feed0cb7fe250abee0ed8840a94bb28bf353e553f,A5B77,ATTDEF,FAT,16,annotation,0,{},not_delivered_not_automatically_missing,,False,,False,
46b1fe0f8572a790c480e2209cc3527b9a939b1b67c343c92260117f16bf7922,A4868,POINT,BASIC MAP_PT,,graphic_only,0,{},not_delivered_not_automatically_missing,,False,,False,
46e5a5ad539f78e45beb62d8b05f57bcdb060eae6fb1508624e78156b90337ea,A4BA2,TEXT,NEW POLE 7M 2.5INCH FDT 1,MR.TGGR04-1.P016,annotation,0,{},not_delivered_not_automatically_missing,,False,,False,
46f0b32257490169a470fc5ae6db9cee5650ee3becc058a0f0f2b474c03a9e3e,A4BE5,POINT,BASIC MAP_PT,,graphic_only,0,{},not_delivered_not_automatically_missing,,False,,False,
4713e81c3b57e8c7a8875b0d808b636c1024c439dcae61fe96b34788a2c505c1,A451D,LWPOLYLINE,HOME,,graphic_only,0,{},not_delivered_not_automatically_missing,,False,,False,
475fa64f05046998bdef81757244a2ac9a85fc9f4cb9b3f86ebd6b6199bc0a27,A43EA,LWPOLYLINE,HOME,,graphic_only,0,{},not_delivered_not_automatically_missing,,False,,False,
477dc001eabad4b1f07b1a34dcb17169bbe7652c79d69b1a00c2d2945ce32bee,A4469,LWPOLYLINE,HOME,,graphic_only,0,{},not_delivered_not_automatically_missing,,False,,False,
4792ee28eab827d00e4dc0c1e5b2cf0e93c4d737fcbe2f681c2084842a606338,A494B,TEXT,Home Number RW 01 FDT 2,NN-118,mapped,1,"{""IMB"": 1}",delivered,,False,,False,
47a1341fe761a49aaed047e709dfff5a8902eb02927a453829383fddb3ec0709,9E8E8,TEXT,BASIC MAP_PT_DES,2,annotation,0,{},not_delivered_not_automatically_missing,,False,,False,
47afe8dd5969d3f310c7f8de975e9924e91532928cc751df4bd100d1604bc191,A47F1,TEXT,Home Number RW 01 FDT 1,NN-64,mapped,1,"{""IMB"": 1}",delivered,,False,,False,
47b5b3698dea1d18779fa87527145126e391993bc8ca1767a26222929d40b199,A5C13,POINT,BASIC MAP_PT,,graphic_only,0,{},not_delivered_not_automatically_missing,,False,,False,
47c46e02331552b7bef3734d1264c21af344e903af8a737ea4a41e55461558b6,A4835,TEXT,Home Number RW 01 FDT 1,NN-310,mapped,1,"{""IMB"": 1}",delivered,,False,,False,
47dcae0a87e9fc27d98ddd3e976d3508366574d85a2677bbc07639aa5f191cd9,A5EBA,LWPOLYLINE,FAT,,graphic_only,0,{},not_delivered_not_automatically_missing,,False,,False,
47e4ce6ca72d8fa57d89af8d711c7437c4ac5470bbb9aeb683888731c6d8b3dc,A4970,POINT,BASIC MAP_PT,,graphic_only,0,{},not_delivered_not_automatically_missing,,False,,False,
47eed6599e69dce5ebdd1d4b0269d28444d1d74b3f6ce698b2e557192cd06ee6,A4A64,POINT,BASIC MAP_PT,,graphic_only,0,{},not_delivered_not_automatically_missing,,False,,False,
48153031c4f1b851d00f9cb1dfcfd1830b440087aa81d01544b7e95bf966ef72,A44FC,LWPOLYLINE,HOME,,graphic_only,0,{},not_delivered_not_automatically_missing,,False,,False,
4823337aa65f28be1292caaf16b87e7bd99dfbaeea2a803d15ba2e7edd92b20b,A4BD6,TEXT,NEW POLE 7m (3 inches) FDT 1,MR.TGGR04-1.P022,annotation,0,{},not_delivered_not_automatically_missing,,False,,False,
4827493bdc5afe2dd541e3a3d26337a371e3d9fd82e2240d5ea21898f3a2edda,A5F38,MTEXT,Label,28,annotation,0,{},not_delivered_not_automatically_missing,,False,,False,
483c330e053bba260f3f799768eb221f6c4d40ac18c5412863119a1ec40b459d,A442D,LINE,BASIC MAP,,graphic_only,0,{},not_delivered_not_automatically_missing,,False,,False,
484f66786c0a5340e4d32b39a1e62fd9675ea8fdbeee48e8edefb47250da04c9,A4AE4,POINT,BASIC MAP_PT,,graphic_only,0,{},not_delivered_not_automatically_missing,,False,,False,
4892a37db7d689cb01f7a21974ca30a11ea027e76b492438ef965ee006260d53,A5E89,LWPOLYLINE,SLING WIRE FDT 2,,mapped,2,"{""CABLE"": 1, ""INFRASTRUCTURE"": 1}",delivered,,False,,False,
48cf157a9da4d8256b8190792788b10d19035b02ca68d86ddf88918dae0dcff7,A5E3F,INSERT,NEW POLE 7M 2.5INCH FDT 2,,mapped,1,"{""PTECH"": 1}",delivered,,False,,False,
48d360ccbde381d8f3105e821696cebc71f12a7c1757d5989108a1f6dfcf0737,A48E5,TEXT,Home Number RW 01 FDT 1,NN-148,mapped,1,"{""IMB"": 1}",delivered,,False,,False,
4949bb35dd037ce2d8ed72bf537288cd091cc8aa7ae0f953e3587d73d7977ce1,958A8,TEXT,POLE ID,Penanda 112,annotation,0,{},not_delivered_not_automatically_missing,,False,,False,
495dd38e55f5c3403b024b1f361a026333b827e686ec028e60ad67d8cb0d127f,A49F0,POINT,BASIC MAP_PT,,graphic_only,0,{},not_delivered_not_automatically_missing,,False,,False,
496dd86fbee4ad323bf498e860591f39ed6a394fbaa87d1e9b8dfde6befcb0d6,A5BC4,TEXT,BASIC MAP_PT_NUM,TGGR04-2.023.A11,annotation,0,{},not_delivered_not_automatically_missing,,False,,False,
4986ef7bf0aec947a413ed93f068a9e4e6290658c527598dbcb10b0e1cd6502e,A44D6,LWPOLYLINE,HOME,,graphic_only,0,{},not_delivered_not_automatically_missing,,False,,False,
49f55c6034b1a2283ab5bd6773f9db13771aff85de0e7985a50a01292877ce5b,A4A6F,TEXT,Home Number RW 01 FDT 2,NN-16,mapped,1,"{""IMB"": 1}",delivered,,False,,False,
4a0e95b6a1484baa64595b635fda2388ec316d0460ceeee5f8f9c5559abcaf58,A4566,LWPOLYLINE,HOME,,graphic_only,0,{},not_delivered_not_automatically_missing,,False,,False,
4a31fd59bfd621a1b6c1b368ac06ba0f7679ee1df1d661b29ccf14eabd406644,A4B1C,POINT,BASIC MAP_PT,,graphic_only,0,{},not_delivered_not_automatically_missing,,False,,False,
4a3d1f09b393240fe7ecf43513df74af3ea05d757276cf298919434cdbe1bac1,95C9E,TEXT,POLE ID,Penanda 364,annotation,0,{},not_delivered_not_automatically_missing,,False,,False,
4a3fefd42da70878a2134a6dcaeaa0a9afe8c0d8f4a52a804e3e0ed6dda440ac,A5C2D,TEXT,NEW POLE 7m (3 inches) FDT 2,MR.TGGR04-2.P005,annotation,0,{},not_delivered_not_automatically_missing,,False,,False,
4a7acdb7f79dabc3d5e5881cc184f1aed2ad670ac79399ff9db1a2b40198e9e6,A5EAB,LWPOLYLINE,FAT,,graphic_only,0,{},not_delivered_not_automatically_missing,,False,,False,
4ac48b46f1994e32ec3fe80f47cb54d61517505aa2b36e5050fae00843eb3ee7,A43EB,LWPOLYLINE,HOME,,graphic_only,0,{},not_delivered_not_automatically_missing,,False,,False,
4ad0487aef70041393582183a8d8c982917fc081e81573e0bb642e47e01181e4,A44E7,LWPOLYLINE,HOME,,graphic_only,0,{},not_delivered_not_automatically_missing,,False,,False,
4ae0e0e7ae3e1043df3ce2ac76ec0f9654689b8ec2819493e88f893b7a5a0e58,A47E9,TEXT,Home Number RW 01 FDT 1,NN-68,mapped,1,"{""IMB"": 1}",delivered,,False,,False,
4ae42e17d6bbba6080e33232f537646670b77c225185e0034acaf4e4623b94c0,95CC4,TEXT,POLE ID,Penanda 383,annotation,0,{},not_delivered_not_automatically_missing,,False,,False,
4aff4505da9eb017ea6e8b71f23514063013b6c3092b3114bc01096e69a3b695,A4BB9,TEXT,NEW POLE 7m (3 inches) FDT 1,MR.TGGR04-1.P008,annotation,0,{},not_delivered_not_automatically_missing,,False,,False,
4b060e8e22099d1e95356eb12c659754218cf647eaab8a757743b7dc12661cb1,A4155,LWPOLYLINE,BASIC MAP,,graphic_only,0,{},not_delivered_not_automatically_missing,,False,,False,
4b07abedc1f2e195397f3c1d602b48aba95682bea59868df3893f1402647aa38,A49B5,TEXT,Home Number RW 01 FDT 2,NN-392,mapped,1,"{""IMB"": 1}",delivered,,False,,False,
4b21c1654722b196dc085ef900f081ba5c8e74aaf3824ce1c1cc566fe8dfd7ab,A44E8,LWPOLYLINE,HOME,,graphic_only,0,{},not_delivered_not_automatically_missing,,False,,False,
4b257375cdfbef9b52c486cfe6bb4dd3050761c8385ab62cfe4c60b3d0b1cf46,A493B,TEXT,Home Number RW 01 FDT 2,NN-453,mapped,1,"{""IMB"": 1}",delivered,,False,,False,
4b57287d125465497cfc93b4574dcc0ff5747c0ed2d691712e19c39d1f1fd800,A4A1E,POINT,BASIC MAP_PT,,graphic_only,0,{},not_delivered_not_automatically_missing,,False,,False,
4bb3226327733f778b8892d2f893c81a5a067e3a712a3c150ede651a66cd31e9,A49CF,TEXT,Home Number RW 01 FDT 2,NN-86,mapped,1,"{""IMB"": 1}",delivered,,False,,False,
4bbfeaae9ec33e04865b2281875c1913061f22db371e2a2d29604b452aaa1352,A5ADB,INSERT,NEW POLE 7m (3 inches) FDT 1,,mapped,1,"{""PTECH"": 1}",delivered,,False,,False,
4bc28762cea9d2b1e27dbd87dc78401462e5b4e0fc432e9d4327e389684dc4ab,A4A9D,TEXT,Home Number RW 01 FDT 2,NN-12,mapped,1,"{""IMB"": 1}",delivered,,False,,False,
4bcf0c7603168cf78bd7cc1ea36d253c8019bf610a468bdb630055c7313eac70,A47EA,POINT,BASIC MAP_PT,,graphic_only,0,{},not_delivered_not_automatically_missing,,False,,False,
4c34bf9ca986de9614d67e5d01971d0cef6e0575d538c5a1548962efe8422d8f,A5BB2,TEXT,BASIC MAP_PT_NUM,TGGR04-2.023.A05,annotation,0,{},not_delivered_not_automatically_missing,,False,,False,
4c40e01b96dcc7f123550a597e092902f7b7cbc69589dfc1568bd9e848772ad7,A5C2F,POINT,BASIC MAP_PT,,graphic_only,0,{},not_delivered_not_automatically_missing,,False,,False,
4c5b4fe6a3b67b489a56ba59f41c1b7a6f2ec2b61ff23dc2bb3284de97470d67,A5F44,MTEXT,Label,34,annotation,0,{},not_delivered_not_automatically_missing,,False,,False,
4c5c47eddb438de0b6a0cdba35e22d0cf4d8b246e77b1d13e0152cff7ce7f896,9E7FA,TEXT,BASIC MAP_PT_DES,2,annotation,0,{},not_delivered_not_automatically_missing,,False,,False,
4c620d353a13d46fa3516771526b35430fb16478680fd2d5c564cdc711451710,A4A65,TEXT,Home Number RW 01 FDT 2,NN-25,mapped,1,"{""IMB"": 1}",delivered,,False,,False,
4ca78f97f2b7f7a9d2a51cb76a9699ba4421a443ac0db2162d7999f3cc030126,95C84,TEXT,POLE ID,Penanda 351,annotation,0,{},not_delivered_not_automatically_missing,,False,,False,
4cc9ef73476bc6f18179025056d3c15fd24b0e384058c1ca6b8e0a2cf11ca59d,A44EC,LWPOLYLINE,HOME,,graphic_only,0,{},not_delivered_not_automatically_missing,,False,,False,
4cd24c89139790a96a83e004ced97f211a3847f752760eeea55c03691f120de0,A5C57,POINT,BASIC MAP_PT,,graphic_only,0,{},not_delivered_not_automatically_missing,,False,,False,
4cd278b4b0b25c424cb25f93fd68c154bae9c09223916032ea73ef921682fbf1,A5F58,MTEXT,Label,42,annotation,0,{},not_delivered_not_automatically_missing,,False,,False,
4cd824190178592f63796dccc4eb084841479c27aae85efe44f268f0d89658d2,A4AF4,POINT,BASIC MAP_PT,,graphic_only,0,{},not_delivered_not_automatically_missing,,False,,False,
4cda5bb53b774309bca71f849454c10d6dd68e647156b057123716e4ee3bd7ca,A4B88,TEXT,BASIC MAP_PT_DES,A08,annotation,0,{},not_delivered_not_automatically_missing,,False,,False,
4d2bdd95f4cc7bee453ef50009e4a98af5fbef1b1fb4d97b36d994d6a0e70ba3,A5DA5,INSERT,NEW POLE 7m (3 inches) FDT 2,,mapped,1,"{""PTECH"": 1}",delivered,,False,,False,
4d443e9fa288f572e73784560159709819cdc044665f96eaca1531d07be13ff6,A5BDF,TEXT,BASIC MAP_PT_NUM,TGGR04-2.023.A20,annotation,0,{},not_delivered_not_automatically_missing,,False,,False,
4d5cf07f3d3b39c0d4e2ed5a168aceb63b29171c6fe0a0d2dd31488a80f235ec,A5A4F,INSERT,NEW POLE 7m (3 inches) FDT 1,,mapped,1,"{""PTECH"": 1}",delivered,,False,,False,
4dc076df117877e2fcb518a9cbd7907a6c0da260784a988d2a1800ee4991eb75,A481E,POINT,BASIC MAP_PT,,graphic_only,0,{},not_delivered_not_automatically_missing,,False,,False,
4e2053ee2e11579820e61aaf3476af87aaf85374f647027682f36bdfcabd5a95,A441E,LWPOLYLINE,HOME,,graphic_only,0,{},not_delivered_not_automatically_missing,,False,,False,
4eaf18865f4915166a189982eff1d0244d2089c2bcc094b4461badf14fc18ed1,A4B60,LWPOLYLINE,HOME,,graphic_only,0,{},not_delivered_not_automatically_missing,,False,,False,
4ed1d9171d3b39aeab2ebd230a01a33f889b4041425ffa591c098819e1280127,A4AC0,POINT,BASIC MAP_PT,,graphic_only,0,{},not_delivered_not_automatically_missing,,False,,False,
4f065e534fd6e330d1155dcee41d5a6c5af7b8c90c82ab5856d3e0aacedba414,A5F2E,MTEXT,Label,19,annotation,0,{},not_delivered_not_automatically_missing,,False,,False,
4f08df6a66d7bd03d15a2e4ad5a958e2b4e5bf91b1c81d0649dca5c9accdb960,A4AE9,TEXT,Home Number RW 01 FDT 2,NN-424,mapped,1,"{""IMB"": 1}",delivered,,False,,False,
4f186ddbad269e41c6b39efe32d1f8b248795b9e18c22c400d83910fee02f8d2,A4AD3,TEXT,Home Number RW 01 FDT 2,NN-192,mapped,1,"{""IMB"": 1}",delivered,,False,,False,
4f27a7e700c7b433e4874a8d40ead91836e04da9ecf5a7e717eb74a58acf2bc5,A5C0B,TEXT,NEW POLE 7M 2.5INCH FDT 2,MR.TGGR04-2.P037,annotation,0,{},not_delivered_not_automatically_missing,,False,,False,
4f49f38bb3b3dc89c645d20b5dcba99d890e59620f17a42a5ac9bf67a9039d14,9E81F,TEXT,BASIC MAP_PT_DES,A05,annotation,0,{},not_delivered_not_automatically_missing,,False,,False,
4fc3e4bca2e2e4a36b1054a5b8f766bfb30d43abce2f10c95d7e2e8d479f185f,A4A76,POINT,BASIC MAP_PT,,graphic_only,0,{},not_delivered_not_automatically_missing,,False,,False,
4fec779be19ffe53a90676eb3bd27d3c299346e29f0ae5b616c4beafe6b6c7b3,A4467,LWPOLYLINE,HOME,,graphic_only,0,{},not_delivered_not_automatically_missing,,False,,False,
4ff05f80f5118dd6738d068004eb0d0f88c75bc0a6a6da59ec31f05cbc5dd711,A47E0,POINT,BASIC MAP_PT,,graphic_only,0,{},not_delivered_not_automatically_missing,,False,,False,
5031b3d0d045fbf746799a8c32c00da9d8750b444d801b1dc2250601155a703f,A5BBC,TEXT,BASIC MAP_PT_DES,A08,annotation,0,{},not_delivered_not_automatically_missing,,False,,False,
5032f27a94c25a855044fad6d64dd8322dea67402b3bf08786c4fe69657ad847,A4841,TEXT,Home Number RW 01 FDT 1,NN-266,mapped,1,"{""IMB"": 1}",delivered,,False,,False,
50376b45d3dfe2a06ff5896db57a329c23247dc6e7e0af91bcb43b39a2c0f970,A47DE,POINT,BASIC MAP_PT,,graphic_only,0,{},not_delivered_not_automatically_missing,,False,,False,
5041cc45f24e8280e43f97373e58f3a787e085411036806c6235ccacc3236244,A47F4,POINT,BASIC MAP_PT,,graphic_only,0,{},not_delivered_not_automatically_missing,,False,,False,
50472b65f9a9208a13d24e7160ea108fe1c7ef242c47dd56da17d3201a0702ff,A5A6B,INSERT,NEW POLE 7m (3 inches) FDT 1,,mapped,1,"{""PTECH"": 1}",delivered,,False,,False,
50514173feca737ab041733f881ae2d3245746fd07117de5849d77097ef514ea,A4503,LWPOLYLINE,HOME,,graphic_only,0,{},not_delivered_not_automatically_missing,,False,,False,
507ac011d3f153e553f018cbefc86458d75bfa7e797ab147c0445dcd728bf85c,9E90F,TEXT,BASIC MAP_PT_DES,A11,annotation,0,{},not_delivered_not_automatically_missing,,False,,False,
508e680d4c4eaf95eed97060abca56d7a7b167f09167a344f95b282bc0ce8961,A5F82,MTEXT,Label,39,annotation,0,{},not_delivered_not_automatically_missing,,False,,False,
5093ec8f81fee51651dfdf4f53b8a793f13acaa21564598e23d4e6850e74e3de,A5E90,LWPOLYLINE,SLING WIRE FDT 2,,mapped,2,"{""CABLE"": 1, ""INFRASTRUCTURE"": 1}",delivered,,False,,False,
50aebb8517cde8700f31d4540df731b6ae3b058d3901eec4cd93bb780af1c696,A5B68,INSERT,NEW POLE 7m(4 inches) FDT 1,,graphic_only,0,{},not_delivered_not_automatically_missing,,False,,False,
50b0367b9d5651fa79a0045f6d07606b95218c8b72d242a94932d5c6cc049384,A5EB8,ATTDEF,FAT,16,annotation,0,{},not_delivered_not_automatically_missing,,False,,False,
50c3f0150894be2997bd7041c43db5da106a1668b20b1125f84c9d409d9ebb3a,A4B3B,LWPOLYLINE,HOME,,graphic_only,0,{},not_delivered_not_automatically_missing,,False,,False,
51159341778f753edfee9e64d4ef691a4a36a11a9931e1a4fc3502a7e227a1f9,9E815,TEXT,BASIC MAP_PT_DES,A03,annotation,0,{},not_delivered_not_automatically_missing,,False,,False,
5124f87243c9f882dd5c23e47e58657536ba518c9aea542e4009a1046e464e9e,A4533,LWPOLYLINE,HOME,,graphic_only,0,{},not_delivered_not_automatically_missing,,False,,False,
519064ed509794739bb19da389d3f4b59b1069a04f6ee4d2b3e87f43f70a99f5,A5F8B,MTEXT,Label,20,annotation,0,{},not_delivered_not_automatically_missing,,False,,False,
51b760ffc3d5e6ecf0f75c8bd282d5e6c33a9048df752448e8d4d498087aa02a,A5CC5,INSERT,NEW POLE 7m (3 inches) FDT 2,,mapped,1,"{""PTECH"": 1}",delivered,,False,,False,
51d0b3a6384742ce1fe49fb0fa90bdd27668a2a5b655bef49cfed2dfe7585b69,A4916,POINT,BASIC MAP_PT,,graphic_only,0,{},not_delivered_not_automatically_missing,,False,,False,
51d8f18d218c93db4fc1afa42c854fe04492e2c9a45fb3023e3185d44ec447d0,A4B0C,POINT,BASIC MAP_PT,,graphic_only,0,{},not_delivered_not_automatically_missing,,False,,False,
51e6a9870571bdc1d07a2d1484f769e1d374a8748a8b963904364dcfafc5c0e0,A4493,LWPOLYLINE,HOME,,graphic_only,0,{},not_delivered_not_automatically_missing,,False,,False,
51ecdf82b471ce805c68b06ebe7c0a2851ed54f379e0b0426057f57e0c3c1e19,A49C3,TEXT,Home Number RW 01 FDT 2,NN-386,mapped,1,"{""IMB"": 1}",delivered,,False,,False,
51f801166685635283a117277e8e71378b725e21e5b7ee8c297d20cb44705341,A47F9,TEXT,Home Number RW 01 FDT 1,NN-297,mapped,1,"{""IMB"": 1}",delivered,,False,,False,
522ca142c93f602dbb207c2a4164896a968c0589ee1e083e02e0aca02b2041b5,A5B79,LWPOLYLINE,FAT,,mapped,1,"{""BOITE"": 1}",delivered,,False,,False,
52375082e32fc86a7c9f1dbbbbf47993e91a4501a8e3d1a20ec242cd44102eae,A4AAE,POINT,BASIC MAP_PT,,graphic_only,0,{},not_delivered_not_automatically_missing,,False,,False,
52782dd3d6a564b7643e2203a029b47522fc4e1049a2a1503e6a015efe6e14ee,A4898,POINT,BASIC MAP_PT,,graphic_only,0,{},not_delivered_not_automatically_missing,,False,,False,
529f3b597860553076caf6b0fc4620db87f7f20c8ec17ee6ad17d443c2299198,A4AC3,TEXT,Home Number RW 01 FDT 2,NN-200,mapped,1,"{""IMB"": 1}",delivered,,False,,False,
52b703a7d957b61e9e19b440d900e673358addcef991b9ec1208f8aceb6f8bee,A413E,LWPOLYLINE,BASIC MAP,,graphic_only,0,{},not_delivered_not_automatically_missing,,False,,False,
52d1f4c42ca26822966c352bba8e5ef466e9a9e4e4d6be24c8e81b6a08250c79,A4446,LWPOLYLINE,HOME,,graphic_only,0,{},not_delivered_not_automatically_missing,,False,,False,
52d855ae64b10b7f9a13d9b548e2d2db1a90d6ece148584c639b6185e918f018,A4A28,POINT,BASIC MAP_PT,,graphic_only,0,{},not_delivered_not_automatically_missing,,False,,False,
52fd29344c34b03c7570e0909865af91a35879bb6a04921fa6dc14afa8748226,A44DA,LWPOLYLINE,HOME,,graphic_only,0,{},not_delivered_not_automatically_missing,,False,,False,
52ffc7eb189291d85856b08efd62de554f0a04d308b8e31992154675c5ab9faa,A4962,POINT,BASIC MAP_PT,,graphic_only,0,{},not_delivered_not_automatically_missing,,False,,False,
531e6b0eac6a18bb6bb55fcbf51a733c3ac3d15e6217acbe76eac7ba61a3c57d,A5CE1,INSERT,NEW POLE 7m (3 inches) FDT 2,,mapped,1,"{""PTECH"": 1}",delivered,,False,,False,
533886661b3d28ea52f553f1438100b311a889eff39372b187d3f867ee4de432,A4B5C,LWPOLYLINE,HOME,,graphic_only,0,{},not_delivered_not_automatically_missing,,False,,False,
534716c33506deb3e1ecee54f3c80cfce0972d444cac398cf24a51bec127eb75,A5BD9,TEXT,BASIC MAP_PT_NUM,TGGR04-2.023.A18,annotation,0,{},not_delivered_not_automatically_missing,,False,,False,
5354006532314cfd1a375b340ef6755a804574fe6522d917cdcb8b734fbc486a,A4821,TEXT,Home Number RW 01 FDT 1,NN-275,mapped,1,"{""IMB"": 1}",delivered,,False,,False,
5359046f3d5c3eaf2439c5bab96ad5f2fd53aae5f71c01b849d896330ff6acab,A5D0B,INSERT,NEW POLE 7m (3 inches) FDT 2,,mapped,1,"{""PTECH"": 1}",delivered,,False,,False,
53649519576fe726e13d0873f0e92dded98b22391be3ba3808d4a5594badc5e0,A48D1,TEXT,Home Number RW 01 FDT 1,NN-170,mapped,1,"{""IMB"": 1}",delivered,,False,,False,
537ad35efde37b7db87789237ab0283e599a2fe3ab31c3fb85193761b65f5911,A5F65,MTEXT,Label,3,annotation,0,{},not_delivered_not_automatically_missing,,False,,False,
538ab52f79d2a141881cee0adbf5945339dce426326ac268f50a4a1cc7912377,A5F74,MTEXT,Label,27,annotation,0,{},not_delivered_not_automatically_missing,,False,,False,
53956e30b05176655a11984b1f5cff0090e185eef8e5f48b7b7bf8ecea66e6bb,A5F28,MTEXT,Label,30,annotation,0,{},not_delivered_not_automatically_missing,,False,,False,
53b85975bc9f54e21daf3b239dc1b0054c2f3c514950c49a399284f100b8016a,A4A6E,POINT,BASIC MAP_PT,,graphic_only,0,{},not_delivered_not_automatically_missing,,False,,False,
53efb4794ae63925e3e3214db06354055f889932ba0ab53d95b3820245b546cc,A47E3,TEXT,Home Number RW 01 FDT 1,NN-71,mapped,1,"{""IMB"": 1}",delivered,,False,,False,
5462758d992452c625221d8b9ce40cf6f3000af3327a72974dcc00ad2cadb4b1,A448D,LWPOLYLINE,HOME,,graphic_only,0,{},not_delivered_not_automatically_missing,,False,,False,
54966c4e5556f3a94f14b5901ab6ba7324ab967af7199a4a36554b3fc17555bd,A5BFF,TEXT,NEW POLE 7M 2.5INCH FDT 2,MR.TGGR04-2.P028,annotation,0,{},not_delivered_not_automatically_missing,,False,,False,
54cfb0513f0711c2f9dfa0a97e21eb13b44e7ec58f2862c4a2e84caa1e9936e4,A43F6,LWPOLYLINE,HOME,,graphic_only,0,{},not_delivered_not_automatically_missing,,False,,False,
54d8042bfee2a763fba3b0b42a1133e99cafcab079bdfedb5ef577205fe8fadf,A4AED,TEXT,Home Number RW 01 FDT 2,NN-254,mapped,1,"{""IMB"": 1}",delivered,,False,,False,
54e9c6e2f464074ed24d07774a3daba9f6b21e629e779b304df0a1ffa1539704,A4A03,TEXT,Home Number RW 01 FDT 2,NN-45,mapped,1,"{""IMB"": 1}",delivered,,False,,False,
54fa40ea1ca9d262e78321f363cd70bf3660f159c72c03b1eba2163bb5cca192,A458D,LWPOLYLINE,HOME,,graphic_only,0,{},not_delivered_not_automatically_missing,,False,,False,
54fe223b406fed77ecacbb8d3e65f125c328dd77976d6feac5f593bcb96dc884,A5F88,MTEXT,Label,37,annotation,0,{},not_delivered_not_automatically_missing,,False,,False,
553a948e52398f09eaf48f6c5d677949239df0d3404f055b78c29273456dc647,A5C46,POINT,BASIC MAP_PT,,graphic_only,0,{},not_delivered_not_automatically_missing,,False,,False,
557d6df41711c5d9312f6b26986d11360928a33dc40e562b85de35cc162447dc,A4B52,LWPOLYLINE,HOME,,graphic_only,0,{},not_delivered_not_automatically_missing,,False,,False,
558cf0d32799838a4300f1650e3e16a710936685ab7680579a66781fc5366ef5,A4A63,TEXT,Home Number RW 01 FDT 2,NN-26,mapped,1,"{""IMB"": 1}",delivered,,False,,False,
55a726607a0a5a4ccdad2a3506e9b7d2bfd16da55e2984c3cb6f91658a9d39ab,A48A5,TEXT,Home Number RW 01 FDT 1,NN-227,mapped,1,"{""IMB"": 1}",delivered,,False,,False,
55b87638afac3208308015ec16dc1770f15efd8e653ed68ea5576a120fe7d585,A5A79,INSERT,NEW POLE 7m (3 inches) FDT 1,,mapped,1,"{""PTECH"": 1}",delivered,,False,,False,
55d9c9e54e032ee1dde2589185eac2012e4f7b95e9bbc791fa44382065048f2a,A4439,LWPOLYLINE,HOME,,graphic_only,0,{},not_delivered_not_automatically_missing,,False,,False,
560c7dc0e71fa52e0477a744f879e2ae57e1f9751bd9ac23c7a2af073a6f8651,A5BB4,POINT,BASIC MAP_PT,,graphic_only,0,{},not_delivered_not_automatically_missing,,False,,False,
5653d44b673527f52415a15d391e56d1aa19fcf2ac18f3b5d3236111f4104535,A4A50,POINT,BASIC MAP_PT,,graphic_only,0,{},not_delivered_not_automatically_missing,,False,,False,
565a5df1fa991c72d3f3b997ce03e10c7ffaec84c2afdcea7aa969d67f00cbb8,95CB6,TEXT,POLE ID,Penanda 376,annotation,0,{},not_delivered_not_automatically_missing,,False,,False,
565f3a5551f4b1f5b13d5401cc4dc1b3e78c8ccccdf9a9f8121bf4fcbf6c8f06,A4873,TEXT,Home Number RW 01 FDT 1,NN-344,mapped,1,"{""IMB"": 1}",delivered,,False,,False,
566186d2eac67204f84499b81aec9469e511042b16a24e1f4a4889fe3d97e29a,A4965,TEXT,Home Number RW 01 FDT 2,NN-100,mapped,1,"{""IMB"": 1}",delivered,,False,,False,
568f88b9f3726d6f2db2ab4c17388458e372969dfa18aa17ff9c7269e534f644,9E8EC,TEXT,BASIC MAP_PT_DES,2,annotation,0,{},not_delivered_not_automatically_missing,,False,,False,
56d2f4731dc86a7c25ce7098eea316925f10728de8ac4e311f0adc279576f797,A489E,POINT,BASIC MAP_PT,,graphic_only,0,{},not_delivered_not_automatically_missing,,False,,False,
56e345784d1d6986c017a6505e03e8b1830e5597a2e15fc9e3aaf4b7e70bc67c,A4496,LWPOLYLINE,HOME,,graphic_only,0,{},not_delivered_not_automatically_missing,,False,,False,
56e7f784eabbe0c7d0e8baad85df37bd07b53304502fa57cd67607d9112512f0,A4407,LWPOLYLINE,HOME,,graphic_only,0,{},not_delivered_not_automatically_missing,,False,,False,
571a8139ed00a5666920e51a01ba45710f46026ccee410f712925658c246e5fe,A5C07,POINT,BASIC MAP_PT,,graphic_only,0,{},not_delivered_not_automatically_missing,,False,,False,
5745e4ac354b22ecfcb70b04a5438faf9e6f0a80f66ab5f623dc4c4a92f09cae,A413D,LWPOLYLINE,BASIC MAP,,graphic_only,0,{},not_delivered_not_automatically_missing,,False,,False,
5754bacf9c5d55236d8de64090856bbb6ac126e8d31068bb4c20d807f44cb6e6,95CB2,TEXT,POLE ID,Penanda 374,annotation,0,{},not_delivered_not_automatically_missing,,False,,False,
579366794e533e5ab734a69eda6d1c49364522d0f8aad7335a6d31dcfcf69e5d,A44AC,LWPOLYLINE,HOME,,graphic_only,0,{},not_delivered_not_automatically_missing,,False,,False,
57bd11b8559b79a78c3ab093fc378f1ab5ea6f39449ae71cda059a56763dd645,A45A9,LWPOLYLINE,HOME,,graphic_only,0,{},not_delivered_not_automatically_missing,,False,,False,
57c7e8c087a7fb8a3c027fc464ff8e637879cde0b797558253075d7d56f3a682,A4B38,POINT,BASIC MAP_PT,,graphic_only,0,{},not_delivered_not_automatically_missing,,False,,False,
57d93d65fa9b8ef1ea207943c3ee4b70790f21c93e1d73445f0a7c2fd16756a6,A5F6E,MTEXT,Label,34,annotation,0,{},not_delivered_not_automatically_missing,,False,,False,
57ecf86d8c88f9dd0fce220a2c4b79ace2bb1873821ebc55b19ac2e6d273367c,A43E6,LWPOLYLINE,HOME,,graphic_only,0,{},not_delivered_not_automatically_missing,,False,,False,
5814a955c6ee36f6cc21a3800ef519d6e9ed6f5e62c5e7f182ff1748f6c898a0,A48D5,TEXT,Home Number RW 01 FDT 1,NN-309,mapped,1,"{""IMB"": 1}",delivered,,False,,False,
5820ecc289325ee8be720244702b0f2854692445b4f2ace35608dc6de822439f,A44C6,LWPOLYLINE,HOME,,graphic_only,0,{},not_delivered_not_automatically_missing,,False,,False,
5826fa979941345ff256849ac0b2c2a3ecd451cbe5a079db8df177c07d932bca,9D4FC,TEXT,BASIC MAP_PT_DES,A04,annotation,0,{},not_delivered_not_automatically_missing,,False,,False,
583689884d9df954568be28ea84bcc99511c853d2a81010439dd076d35482a55,A458B,LWPOLYLINE,HOME,,graphic_only,0,{},not_delivered_not_automatically_missing,,False,,False,
584392958c77ae55e1b8716d960dc4a5adca45c87906309a42b96be2f7c56571,A453E,LWPOLYLINE,HOME,,graphic_only,0,{},not_delivered_not_automatically_missing,,False,,False,
58857d743aaa4775ae3bdc9e3f5ef64895a928889ca2875090ecc3ecf2e0832f,9E858,TEXT,BASIC MAP_PT_DES,A18,annotation,0,{},not_delivered_not_automatically_missing,,False,,False,
58a4a68c7f1030097a25ed36d7aafab6314d1af5aea3fa2cf3c372355da521a0,A44A2,LWPOLYLINE,HOME,,graphic_only,0,{},not_delivered_not_automatically_missing,,False,,False,
58aa358f9d2fd40f3af8487790163b179463ec8792e95a172a2b7dc1560b5847,95CD8,TEXT,POLE ID,Penanda 393,annotation,0,{},not_delivered_not_automatically_missing,,False,,False,
58c0f1bcac8d9d37fbfc0c6871b4229183b8b7617616f012294a5e5f346bc6e5,A4BE4,TEXT,NEW POLE 7m (3 inches) FDT 1,MR.TGGR04-1.P030,annotation,0,{},not_delivered_not_automatically_missing,,False,,False,
58efa6c29c93a9f785d5da3594d126fb42a27ddbc815bf73ff48680921dc6bca,A5C5D,TEXT,NEW POLE 7m (3 inches) FDT 2,MR.TGGR04-2.P033,annotation,0,{},not_delivered_not_automatically_missing,,False,,False,
5900e735a68f8b727f04a07400cc303c7367c6d19c76b8cf0f3cf7b6723d9ff5,A49F2,POINT,BASIC MAP_PT,,graphic_only,0,{},not_delivered_not_automatically_missing,,False,,False,
590c47c27ce15d3695cf1c3a912bb6b2dfd72d742163b3e9186b3a23cbc2d31c,A5E4D,INSERT,NEW POLE 7M 2.5INCH FDT 2,,mapped,1,"{""PTECH"": 1}",delivered,,False,,False,
590ca4995340dae48280a00dbd55220e476e6c558b2e7d689d40e66ae26a29f1,9E829,TEXT,BASIC MAP_PT_DES,A07,annotation,0,{},not_delivered_not_automatically_missing,,False,,False,
590d15208eb0fd1d04110ffe592ba1ccaa52eca32c51fb923b6faa0fd97a4337,A5C94,TEXT,NEW POLE 7m (3 inches) FDT 2,MR.TGGR04-2.P067,annotation,0,{},not_delivered_not_automatically_missing,,False,,False,
59a941b0c0d0201e4f7d2b99defc72ad690d677cbe7c8a08f33520f126640a58,A415B,LWPOLYLINE,BASIC MAP,,graphic_only,0,{},not_delivered_not_automatically_missing,,False,,False,
59c95e2908e145845eec0c290fa8f45853db8d2450aa2a235c8e7226e7843bcf,A44D3,LWPOLYLINE,HOME,,graphic_only,0,{},not_delivered_not_automatically_missing,,False,,False,
59d7eebad0d55212df89396e148b743aa0f3ce0351c9639b6735db18fd624efe,A49F7,TEXT,Home Number RW 01 FDT 2,NN-428,mapped,1,"{""IMB"": 1}",delivered,,False,,False,
59ed7aa965e05e33692389198b230a25db28b820e84572a6159448b438e03efe,95CD4,TEXT,POLE ID,Penanda 391,annotation,0,{},not_delivered_not_automatically_missing,,False,,False,
5a143a20d7eca86cc0c3e273bd6af2ef257faff96bf048bf2fef413b45acb047,A4B50,LWPOLYLINE,HOME,,graphic_only,0,{},not_delivered_not_automatically_missing,,False,,False,
5a6808f4cec63077d7b9b9ab2d70d4e8130514c747bcca3d03a2fdec5da70354,9B261,TEXT,BASIC MAP_PT_DES,A05,annotation,0,{},not_delivered_not_automatically_missing,,False,,False,
5a7f10d5d71f88150fd63587c20954767e36e85d89160172aa27987bf9d1303d,A4952,POINT,BASIC MAP_PT,,graphic_only,0,{},not_delivered_not_automatically_missing,,False,,False,
5aafbaf6d5a281597659231098ec5dc5486df64303ba5e1414672eb09d450a11,A4921,TEXT,Home Number RW 01 FDT 2,NN-75,mapped,1,"{""IMB"": 1}",delivered,,False,,False,
5acbac44d7f010543a3324224b65761f8a52810c03754fc830fe7dea077ebb21,A496F,TEXT,Home Number RW 01 FDT 2,NN-97,mapped,1,"{""IMB"": 1}",delivered,,False,,False,
5ae26ca3acddd74ac58bd1222ebc2a944e99a4ea71bf234d6a5aeb0e049b219f,A457B,LWPOLYLINE,HOME,,graphic_only,0,{},not_delivered_not_automatically_missing,,False,,False,
5ae36b338cdb531d8140000de93d9e76d1b301dbf74eebc197b68db7cf447e59,A4B25,TEXT,Home Number RW 01 FDT 2,NN-240,mapped,1,"{""IMB"": 1}",delivered,,False,,False,
5af92ade66a6b5a63e6c649f0ec48926023e4461c60498cf9fe0b44b21438c4e,A459E,LWPOLYLINE,HOME,,graphic_only,0,{},not_delivered_not_automatically_missing,,False,,False,
5b11ad1182de5191a250773372ad11082674e1f820839841a8b32ec0254f6cb9,A4A79,TEXT,Home Number RW 01 FDT 2,NN-37,mapped,1,"{""IMB"": 1}",delivered,,False,,False,
5b347761888f13f0b2e0acc143d4803c5139c09d94b48f7a87fb51be8f147646,A49E6,POINT,BASIC MAP_PT,,graphic_only,0,{},not_delivered_not_automatically_missing,,False,,False,
5b3ea2162344f7c0cec0e8d606db921aa93cfd1c8760d559c9de8c562d0aa7c6,A44B7,LWPOLYLINE,HOME,,graphic_only,0,{},not_delivered_not_automatically_missing,,False,,False,
5b5dd9a669bebbf5dce501e975ef86679ca3261b4dc15dbe120ea9b615392e73,A48DC,POINT,BASIC MAP_PT,,graphic_only,0,{},not_delivered_not_automatically_missing,,False,,False,
5b7968ba392cde85ab37aa32646de46e79e40c257f99e6259014f0ae3878fdc3,A4A21,TEXT,Home Number RW 01 FDT 2,NN-412,mapped,1,"{""IMB"": 1}",delivered,,False,,False,
5bea74f29fed566d78f10c3229547eea842f6f4077dd0ca1cf10ea6d2bbb1b78,A5BAE,POINT,BASIC MAP_PT,,graphic_only,0,{},not_delivered_not_automatically_missing,,False,,False,
5bee210a2038b143b1f4e33151b21ee056d980b1d70c32264b1ef5edf9c2e453,A496B,TEXT,Home Number RW 01 FDT 2,NN-99,mapped,1,"{""IMB"": 1}",delivered,,False,,False,
5c02c4de5869a387c15d60e86fab5d0026323edde5789694260cfacc57f578d3,A5C0D,POINT,BASIC MAP_PT,,graphic_only,0,{},not_delivered_not_automatically_missing,,False,,False,
5c17f6edae8b0fea868a39a45aa1cfa7d8a80f4af1200172aee22113bb81fe5f,A447D,LWPOLYLINE,HOME,,graphic_only,0,{},not_delivered_not_automatically_missing,,False,,False,
5c3704f5a9000aff30e7f9ff05156ce9a9da5fd7d327341e15713824e44b7b64,A4ABD,TEXT,Home Number RW 01 FDT 2,NN-203,mapped,1,"{""IMB"": 1}",delivered,,False,,False,
5c74c7700a358dfe287ac146c979d29e6e032cad4d0b370f9632874011142f32,A5C98,POINT,BASIC MAP_PT,,graphic_only,0,{},not_delivered_not_automatically_missing,,False,,False,
5c8a3294d411739e7297ddef7442a6127a3608ee7dc43d2e481154f12ddcb174,A47EF,TEXT,Home Number RW 01 FDT 1,NN-65,mapped,1,"{""IMB"": 1}",delivered,,False,,False,
5c921f300851cc16f9a887ad8810ae92f0a16fc23e9eb52a52da6f15eb2cd9d0,A4153,LWPOLYLINE,BASIC MAP,,graphic_only,0,{},not_delivered_not_automatically_missing,,False,,False,
5cb83344001cfc6163fc10e6934ed13f43da5a2e2c3a6e8a41caef35fbad6fec,A5EEC,ATTDEF,FAT,16,annotation,0,{},not_delivered_not_automatically_missing,,False,,False,
5cba618759ca07f16e10a0896c5f71937830a9906d73be69778ff35455987299,A482E,POINT,BASIC MAP_PT,,graphic_only,0,{},not_delivered_not_automatically_missing,,False,,False,
5d032b1a4c941d14dbae8f231f57f6f3d1cad4d8de35fda45a201eed82e6cd7c,A4BD8,POINT,BASIC MAP_PT,,graphic_only,0,{},not_delivered_not_automatically_missing,,False,,False,
5d2d979353301bda3bb29a611910b807b1e2b5246ce0b348370af0edf30f51ad,9E91E,TEXT,BASIC MAP_PT_DES,9,annotation,0,{},not_delivered_not_automatically_missing,,False,,False,
5d3aae3f32be44b030f4a8d0d83d712fe1a95c03a2287cc111e07bfecbb97936,9E8D1,TEXT,BASIC MAP_PT_DES,C01,annotation,0,{},not_delivered_not_automatically_missing,,False,,False,
5d6498690debecf2a82c4b529b6764fd2b2e3543007f15c0b5285b06913d8323,A5E69,INSERT,NEW POLE 7M 2.5INCH FDT 2,,mapped,1,"{""PTECH"": 1}",delivered,,False,,False,
5d86621ba0c5ae39815e6dda5f348b506938013988ab9921ac2b2fff6ab0d914,A48A8,POINT,BASIC MAP_PT,,graphic_only,0,{},not_delivered_not_automatically_missing,,False,,False,
5dd2b702389c3cd8f46056edbc09a034f8d4c06b2548a2b05273ece8f4126ebb,A49C4,POINT,BASIC MAP_PT,,graphic_only,0,{},not_delivered_not_automatically_missing,,False,,False,
5dde421c26d15c5afcf7a1818277145f4f94cbffdf402f7e69d3c83592aeb967,A5B9B,ATTDEF,FAT,16,annotation,0,{},not_delivered_not_automatically_missing,,False,,False,
5df7325ffd75ff3bb6ceef7480c026132bd6b178c65d98dc33b74aef9c2e32ae,A5BA7,TEXT,BASIC MAP_PT_DES,A01,annotation,0,{},not_delivered_not_automatically_missing,,False,,False,
5e01cd4ae1f478ad94399ce3e8a5e2568bf54d97a554a235c8cebb1ebca79874,A4817,TEXT,Home Number RW 01 FDT 1,NN-280,mapped,1,"{""IMB"": 1}",delivered,,False,,False,
5e04690d51e0b38da0239aabc0dc7a50bad5746d4f307427767ab2f9b924af8b,A4440,LWPOLYLINE,HOME,,graphic_only,0,{},not_delivered_not_automatically_missing,,False,,False,
5e1fb78a4a46f4754a875db47f3ea997783511a534afe61d9b86215b466bdc63,A44B6,LWPOLYLINE,HOME,,graphic_only,0,{},not_delivered_not_automatically_missing,,False,,False,
5e48a855fb92f34008fb16cf3dd7ee87142d891ec158a4a338b2575123754d30,A4B0D,TEXT,Home Number RW 01 FDT 2,NN-262,mapped,1,"{""IMB"": 1}",delivered,,False,,False,
5e4bb50149e7bc3d945e47db60cfce1544d679696628270fc9f3e94d96fcb442,A493A,POINT,BASIC MAP_PT,,graphic_only,0,{},not_delivered_not_automatically_missing,,False,,False,
5e5ca01ac1a96aee5877730c7e842c939b01178ee87ac489d4443f1dc4586812,A5BCD,TEXT,BASIC MAP_PT_NUM,TGGR04-2.023.A14,annotation,0,{},not_delivered_not_automatically_missing,,False,,False,
5e6c240acbf1e3cccd4155fd26a6d149d34820396f1656fe711ad48b374dbe9f,A4592,LWPOLYLINE,HOME,,graphic_only,0,{},not_delivered_not_automatically_missing,,False,,False,
5e72b7e9d6f3c0bb4ecb33e7326e524a40db429b177ab019084a431a9f682ec5,A4840,POINT,BASIC MAP_PT,,graphic_only,0,{},not_delivered_not_automatically_missing,,False,,False,
5ea3b5bd483c20d041e9c3de2a412ea32a75d35e72eb6f3b16b63d43873c95b7,A4B92,POINT,BASIC MAP_PT,,graphic_only,0,{},not_delivered_not_automatically_missing,,False,,False,
5ea87c2d281d43edd4b2e06a6a7ac18e19cd778b62f69828bf36be1a3b94f170,A4807,TEXT,Home Number RW 01 FDT 1,NN-289,mapped,1,"{""IMB"": 1}",delivered,,False,,False,
5ea988db9f2b62d0daed8d78eee3911df8ab80e67d4ad8489e3585e32f988fb6,A5EB7,LWPOLYLINE,FAT,,mapped,1,"{""BOITE"": 1}",delivered,,False,,False,
5eedc5c754aac918f949bd7d79857cf858a8c052bfc7ee5521ac0df1d86db8be,A4B1B,TEXT,Home Number RW 01 FDT 2,NN-101,mapped,1,"{""IMB"": 1}",delivered,,False,,False,
5f37ab0df4add97037c01e7a5b7c7a229bddf2bd29e13c54d3d043a90c3fae1a,A4B01,TEXT,Home Number RW 01 FDT 2,NN-447,mapped,1,"{""IMB"": 1}",delivered,,False,,False,
5f8e1c5d441fb369781f184db41369dadf5d820ed0424feca49f5c8842e567a1,A442A,LWPOLYLINE,HOME,,graphic_only,0,{},not_delivered_not_automatically_missing,,False,,False,
5f9d02b2a40fd93a2638859fb9fb31d4a18425bff1e4bc7b3e1b1fae744acca3,A5F25,MTEXT,Label,51,annotation,0,{},not_delivered_not_automatically_missing,,False,,False,
5fa983b51eeff53c77e6c067ef0eef8038ed42a6d78e409b5a25b1bf5b698894,A4457,LWPOLYLINE,HOME,,graphic_only,0,{},not_delivered_not_automatically_missing,,False,,False,
5fb1232221789a23841a284c998a4e3628d4200725576a575eb6d111611e688b,A4154,LWPOLYLINE,BASIC MAP,,graphic_only,0,{},not_delivered_not_automatically_missing,,False,,False,
5fb39fe05d37755fa3e2b3a89cfbb6a8f7620720dffae291f06a670f21798188,A5A95,INSERT,NEW POLE 7m (3 inches) FDT 1,,mapped,1,"{""PTECH"": 1}",delivered,,False,,False,
5fb9d31436e818a1285bac357cb612b073076ae56aa4f4c3e8c0c8498d9f0ae5,A4B00,POINT,BASIC MAP_PT,,graphic_only,0,{},not_delivered_not_automatically_missing,,False,,False,
5fce7ae68cfa9c36d601d3d1b55b42d1c9a95ab46973ed4316018b988f27cb56,A4BC3,POINT,BASIC MAP_PT,,graphic_only,0,{},not_delivered_not_automatically_missing,,False,,False,
5fe15c21726de9e04dbe6991fb4e3b64fc4f589ee9735a9c28f99484b708df76,A49AE,POINT,BASIC MAP_PT,,graphic_only,0,{},not_delivered_not_automatically_missing,,False,,False,
5ff094eba5ee939f5a408e41e5843e4e93c3f1f4d491f5557c3202f255b26be0,A4872,POINT,BASIC MAP_PT,,graphic_only,0,{},not_delivered_not_automatically_missing,,False,,False,
60204500e1c88a8526b8e1c0c9e1c8e46611f94c85581aadac1827ae9c2ad59c,9E8FC,TEXT,BASIC MAP_PT_DES,A03,annotation,0,{},not_delivered_not_automatically_missing,,False,,False,
60364f0281131158e3c27c97a510216c6dbb654ef8107bc1b6d0644bca168393,A5F2B,MTEXT,Label,24,annotation,0,{},not_delivered_not_automatically_missing,,False,,False,
60524c2bcdaa5bc91f9ce9c139debd3525d9e70d80ff7d891b68dc7a858d4849,A4415,LWPOLYLINE,HOME,,graphic_only,0,{},not_delivered_not_automatically_missing,,False,,False,
60781496d2577923634e25a62dbfedf0fb3ef1052ab4216549ac8b0e8d7943ba,A43E2,LINE,BASIC MAP,,graphic_only,0,{},not_delivered_not_automatically_missing,,False,,False,
6078905427b5c2a34919c6364251f4f0d688ba55da2b3188b8e16adad454aed3,A4419,LWPOLYLINE,HOME,,graphic_only,0,{},not_delivered_not_automatically_missing,,False,,False,
609aee5440503bd4c45df80eab9b1b0620d6d16f0184d6457606a00502dd846f,A4512,LWPOLYLINE,HOME,,graphic_only,0,{},not_delivered_not_automatically_missing,,False,,False,
60ca2a4ff00f31ec199048d82dc0283afa65845ba2796ecf9d21ffc370f575fd,A4A9E,POINT,BASIC MAP_PT,,graphic_only,0,{},not_delivered_not_automatically_missing,,False,,False,
60e3e0147fd43672fd2afdfeaa831b3d78b36c5857430cf90de24e29b7337eff,A4438,LWPOLYLINE,HOME,,graphic_only,0,{},not_delivered_not_automatically_missing,,False,,False,
6121dc841e2089d81e81850b28d5a25b2eef0672f7c420a1524c8eb6c8e04d81,A4B4C,LWPOLYLINE,HOME,,graphic_only,0,{},not_delivered_not_automatically_missing,,False,,False,
613787e95ed6ac859983858e68ddf627d4205390bb5593751e2edeae1e277fbc,A498E,POINT,BASIC MAP_PT,,graphic_only,0,{},not_delivered_not_automatically_missing,,False,,False,
6154ee84a3f6430a65dcc7c80419cd9fe343f74d8903e492059561c5a7933c58,A5EF0,ATTDEF,FAT,16,annotation,0,{},not_delivered_not_automatically_missing,,False,,False,
616b289743b474127e97a5d35a934a22f46128f1b45023051393615f22e87d8c,A4BD9,TEXT,NEW POLE 7m (3 inches) FDT 1,MR.TGGR04-1.P025,annotation,0,{},not_delivered_not_automatically_missing,,False,,False,
61cdfc219bd41d8e98e28ff4b8be816f81f1b957fe58a2ef287725f5659ce079,A487B,TEXT,Home Number RW 01 FDT 1,NN-340,mapped,1,"{""IMB"": 1}",delivered,,False,,False,
61d1f1e5c85c9512dbc23d107438c8c29c2451c79a8e820c21cbc6156cd210b1,A5F37,MTEXT,Label,42,annotation,0,{},not_delivered_not_automatically_missing,,False,,False,
61d2e874b794829ebdbb2171d229ec6078b1f2cc916f41aefbe282e1d04ef035,A4862,POINT,BASIC MAP_PT,,graphic_only,0,{},not_delivered_not_automatically_missing,,False,,False,
620477e387de6bd90e39a577b5f898b484558635ee1075d4b999a310c5eb2f4a,9E8CB,TEXT,BASIC MAP_PT_DES,9,annotation,0,{},not_delivered_not_automatically_missing,,False,,False,
621168dbc857a33fb6448f24d146578e33dd12bc272a9595257d4024a32767ba,A412F,LWPOLYLINE,BASIC MAP,,graphic_only,0,{},not_delivered_not_automatically_missing,,False,,False,
6219ffd15f017145e01bfd566ebb48e733b44ba4da364beac98ef024b8120c4b,A440E,LWPOLYLINE,HOME,,graphic_only,0,{},not_delivered_not_automatically_missing,,False,,False,
621e1341bcac61c22e693d1b8311dca09a7b7c1cbd5280412c364922d5af81ac,A5C5B,TEXT,NEW POLE 7m (3 inches) FDT 2,MR.TGGR04-2.P032,annotation,0,{},not_delivered_not_automatically_missing,,False,,False,
62332b253e84475b6268ddec87a1948fdffcad0b5f0aa9396530543947d38011,9E8B6,TEXT,BASIC MAP_PT_DES,9,annotation,0,{},not_delivered_not_automatically_missing,,False,,False,
623ea5ff61424344e854618e0473d1d1d90d9dbb7f3c19d18ed909a3b5945872,A5BB8,TEXT,BASIC MAP_PT_NUM,TGGR04-2.023.A07,annotation,0,{},not_delivered_not_automatically_missing,,False,,False,
624c72cc76cf9f9129b8fd61d864dbf99e972b64cc0392d335a22d6b4bd3833d,A5BD4,TEXT,BASIC MAP_PT_DES,A16,annotation,0,{},not_delivered_not_automatically_missing,,False,,False,
627630278ed6fb695ba64ecf96a068c844c43c9da499009b6b6dc6c3951cdf0a,A4B4B,LWPOLYLINE,HOME,,graphic_only,0,{},not_delivered_not_automatically_missing,,False,,False,
6285a4834470bebb0448c5f7b6d9a310c9bcb062b7168ee32aa9c0b5b7bf0df7,A5F2C,MTEXT,Label,30,annotation,0,{},not_delivered_not_automatically_missing,,False,,False,
6291b0b25786a4b0da06b479bb5197d1aa267562abdbefc67d8fa61d3b689423,A44C8,LWPOLYLINE,HOME,,graphic_only,0,{},not_delivered_not_automatically_missing,,False,,False,
62aff08b768cf38e8ed3128999997076427a4dcc469b91b3e939745246c80fdc,A4BA8,TEXT,NEW POLE 7M 2.5INCH FDT 1,MR.TGGR04-1.P023,annotation,0,{},not_delivered_not_automatically_missing,,False,,False,
631448fe535305b350ba053267f9592aad19b2e514eb3e53d5d19802d1e3d757,A5BF2,POINT,BASIC MAP_PT,,mapped,1,"{""PTECH"": 1}",delivered,,False,,False,
6335dcb0385cd895a30486ea9ab407798e9bad8830054ff645c20ec9ad6ccba7,A5C1D,TEXT,NEW POLE 7M 2.5INCH FDT 2,MR.TGGR04-2.P062,annotation,0,{},not_delivered_not_automatically_missing,,False,,False,
633a42b81b32c9c179fb6fcfc45c6b37422f6de0c0fecb20f90e94d3a5658b6f,A43E9,LWPOLYLINE,HOME,,graphic_only,0,{},not_delivered_not_automatically_missing,,False,,False,
637df0ebe5a96e66d42edb3953d072a869ac9aab76604b04d7a41349e77e3bba,A44EE,LWPOLYLINE,HOME,,graphic_only,0,{},not_delivered_not_automatically_missing,,False,,False,
638b0c27b60edeafccfd266f946a8f3eaf1277baf4ca4d23a001736417e43778,A4AC8,POINT,BASIC MAP_PT,,graphic_only,0,{},not_delivered_not_automatically_missing,,False,,False,
638be92f3c5303c5d60fb5151c4b6ef83d6e4199deab1e07c8c7a14bcb2d0f14,A4B4A,LWPOLYLINE,HOME,,graphic_only,0,{},not_delivered_not_automatically_missing,,False,,False,
638e9adca35b61eb1d5a9795dc0bbcf8d069efcfe921fd47eace3d6dc023b7e2,A4B21,TEXT,Home Number RW 01 FDT 2,NN-242,mapped,1,"{""IMB"": 1}",delivered,,False,,False,
638fc16ffa6dd18b04b12e3a71214c19671c113cefbe2c4a352a36397d3a0c63,A4400,LWPOLYLINE,HOME,,graphic_only,0,{},not_delivered_not_automatically_missing,,False,,False,
6392baac50c9254f2f83fb2c2c4a7da38d21c765893a4d6792e663909746d044,A4BCE,TEXT,NEW POLE 7m (3 inches) FDT 1,MR.TGGR04-1.P019,annotation,0,{},not_delivered_not_automatically_missing,,False,,False,
63d5ef4c51ae6a5ba41918e1ac1deb86175eb9b63a4657b34c06e8aa95edf46b,A4956,POINT,BASIC MAP_PT,,graphic_only,0,{},not_delivered_not_automatically_missing,,False,,False,
63d7c2e78815a384e378a0fdf047569349c0bf17e2aabd1fef429e48f065aa3c,A4A1B,TEXT,Home Number RW 01 FDT 2,NN-416,mapped,1,"{""IMB"": 1}",delivered,,False,,False,
63db6d6dffd3b12b829b1b1bc779767e8e58335e85a3efd4c661f9fd9b91721e,A440A,LWPOLYLINE,HOME,,graphic_only,0,{},not_delivered_not_automatically_missing,,False,,False,
63e140d24f1ec07ea5fcd9f6708ac5314beb54958dafc6667a00837221e1afeb,A4B69,LWPOLYLINE,HOME,,graphic_only,0,{},not_delivered_not_automatically_missing,,False,,False,
6405dd155065d9b4db67f64ce1f597fb25e330431c98fcb21c0a7841b02700f9,A49D1,TEXT,Home Number RW 01 FDT 2,NN-83,mapped,1,"{""IMB"": 1}",delivered,,False,,False,
6413e0f47e251573d3567f29ededbbcb245099a194ec45857f0172465c73a545,A4131,LWPOLYLINE,BASIC MAP,,graphic_only,0,{},not_delivered_not_automatically_missing,,False,,False,
642ea2c20daeb7111502487e596a45bc2ad015eb56a3ff990e4c96baeac87160,9D4F9,TEXT,BASIC MAP_PT_DES,A03,annotation,0,{},not_delivered_not_automatically_missing,,False,,False,
643cd4ecabb8d0536dcf2c7900369533874eb3b223280d8f5ebbff1d217ecc00,A5C05,TEXT,NEW POLE 7M 2.5INCH FDT 2,MR.TGGR04-2.P036,annotation,0,{},not_delivered_not_automatically_missing,,False,,False,
645b19b3ee039fe590eef198ede7f42c20ce7028152ed97515f2410cd9a29ac7,A48C9,TEXT,Home Number RW 01 FDT 1,NN-178,mapped,1,"{""IMB"": 1}",delivered,,False,,False,
647a10604f383a843707af6114db01604a1156b0b24a27efec2a32195b41fe91,A497A,POINT,BASIC MAP_PT,,graphic_only,0,{},not_delivered_not_automatically_missing,,False,,False,
64c5eb03a09e4e752d254140c9f06f16099e757d5a0b989afcb00c78ba6ef214,A49D6,POINT,BASIC MAP_PT,,graphic_only,0,{},not_delivered_not_automatically_missing,,False,,False,
64cd67de5501a7962a37c633b308ad38e055a88c91a78c71f7c0909faeff0d99,A4124,LWPOLYLINE,BASIC MAP,,graphic_only,0,{},not_delivered_not_automatically_missing,,False,,False,
650dc0a9c868fe8401f98054cbf84d0c03fc719b19cc0ff747fc9165f05c988d,A4915,TEXT,Home Number RW 01 FDT 2,NN-81,mapped,1,"{""IMB"": 1}",delivered,,False,,False,
65383a50620748682324398e596c527e0ddb763317e2285037473b5cd282e3bb,A4437,LWPOLYLINE,HOME,,graphic_only,0,{},not_delivered_not_automatically_missing,,False,,False,
65430756c02dbcba3288e7f07ead6dc06c40cb622ce24178b2be937d51fd5225,A4429,LWPOLYLINE,HOME,,graphic_only,0,{},not_delivered_not_automatically_missing,,False,,False,
65a1787c68397c2c6a8c73e1538cdc1bc6c1f6bd1591a5e14f0974f06a78b02b,A5C8C,TEXT,BASIC MAP_PT_DES,A17,annotation,0,{},not_delivered_not_automatically_missing,,False,,False,
65b153551a544940246f087574e0edc81f514640824b53300a94fe04126c3396,A5F43,MTEXT,Label,32,annotation,0,{},not_delivered_not_automatically_missing,,False,,False,
65d99f88602f1a3b10c8759014046884c5a834e350bc9818a2971992b8e7837d,A486A,POINT,BASIC MAP_PT,,graphic_only,0,{},not_delivered_not_automatically_missing,,False,,False,
65e7191aa298551977622d2ff9b3fa7e8e14f2a400594ca50afcca6e6b416168,A4571,LWPOLYLINE,HOME,,graphic_only,0,{},not_delivered_not_automatically_missing,,False,,False,
65ef608bd2315709085e8d60594aceb8448cfe6c7c797549ad3d7497840a1d0d,A4B44,LWPOLYLINE,HOME,,graphic_only,0,{},not_delivered_not_automatically_missing,,False,,False,
65f8acb131fea71b18b76ee51352b4054915367a1d3ad0eed7a7c72348a7e375,A5F91,MTEXT,Label,42,annotation,0,{},not_delivered_not_automatically_missing,,False,,False,
65fbac579a076256ef111dad375ccbf259a81bda5b587020d3aefae64b873000,A495F,TEXT,Home Number RW 01 FDT 2,NN-104,mapped,1,"{""IMB"": 1}",delivered,,False,,False,
65fe4be7409fbe81a3becd16dea4d4e934bc10bffede83b17a0af5f600889c68,A4418,LWPOLYLINE,HOME,,graphic_only,0,{},not_delivered_not_automatically_missing,,False,,False,
66078a1ca376e32d94463fb3f7c44859a64f6c66a48f310cc0af85e5a27d3eed,A441C,LWPOLYLINE,HOME,,graphic_only,0,{},not_delivered_not_automatically_missing,,False,,False,
66151c3aeffebaa77544f13d39d5ddb85f37596af69c947dda298635fbc0de16,A4135,LWPOLYLINE,BASIC MAP,,graphic_only,0,{},not_delivered_not_automatically_missing,,False,,False,
661a5c5ee68a00abac2a2b7c6e24d1d02ea865f07e534479972f3bad5e13c262,A4B76,TEXT,BASIC MAP_PT_DES,A02,annotation,0,{},not_delivered_not_automatically_missing,,False,,False,
663b9c9805dde228515562477c0e3e9ff42d3111d7887c67481d8a998c479345,A5CA9,INSERT,NEW POLE 7m (3 inches) FDT 2,,mapped,1,"{""PTECH"": 1}",delivered,,False,,False,
665426b4e78a0e46bf42c10558dc4d191be5ff25ec76320c853c1f46de4365b1,A5C74,POINT,BASIC MAP_PT,,graphic_only,0,{},not_delivered_not_automatically_missing,,False,,False,
669ba9b1a613fe520331b95ed1cb96df4c72eb713732a11be26f93fd22f8e1fb,A5BB1,POINT,BASIC MAP_PT,,graphic_only,0,{},not_delivered_not_automatically_missing,,False,,False,
66d45e9dfd70de6a8f521b18156d0404f07c3bfcd22b14421fc99cb81bb6cdf1,A43F3,LWPOLYLINE,HOME,,graphic_only,0,{},not_delivered_not_automatically_missing,,False,,False,
6703416580f2b6fc2a4f3e944afd9ed5d446222840b9972dd85d7971362310e7,A43FF,LWPOLYLINE,HOME,,graphic_only,0,{},not_delivered_not_automatically_missing,,False,,False,
672d606d1cdfcf14cc70eeb330a1999906fc9e187b4f140f326fc2dfb3072c03,A4A2F,TEXT,Home Number RW 01 FDT 2,NN-322,mapped,1,"{""IMB"": 1}",delivered,,False,,False,
67564e70481b77ea123de6a0333c9c2cea7b87f7d2f3c631e0dc7a5611c7caf9,A48AB,TEXT,Home Number RW 01 FDT 1,NN-220,mapped,1,"{""IMB"": 1}",delivered,,False,,False,
677982de62dd33a7f617b7c34e9e959f7ca6d47f1023d60af0f5c1c65c2ac6b6,A4B5D,LWPOLYLINE,HOME,,graphic_only,0,{},not_delivered_not_automatically_missing,,False,,False,
67873026781afe5bdf6a49ce34327beaeb258890ac005435aa95fbcf4f6de1d4,A4993,TEXT,Home Number RW 01 FDT 2,NN-372,mapped,1,"{""IMB"": 1}",delivered,,False,,False,
678ec6b6bb4cf37e163cceaad6330a641da4e5820d88a5e9facb886b62b686cd,A45A7,LWPOLYLINE,HOME,,graphic_only,0,{},not_delivered_not_automatically_missing,,False,,False,
679163082f5ef569051c782929b2c37a4ad9b0c6b3baffdab350eeb4ab47f301,A4A3E,POINT,BASIC MAP_PT,,graphic_only,0,{},not_delivered_not_automatically_missing,,False,,False,
67a87879c202f5e8c12c00c162940f2e968ed6f3883102019b0425cf6fde034f,A4567,LWPOLYLINE,HOME,,graphic_only,0,{},not_delivered_not_automatically_missing,,False,,False,
67e5379cbb7d6b07f540036ec156fec875699d53986c91fc1486a8b623748509,A4955,TEXT,Home Number RW 01 FDT 2,NN-109,mapped,1,"{""IMB"": 1}",delivered,,False,,False,
67e8d3062747f76bb709aa94d75142c9896b6930ec9228bc9823a71f346940eb,A5E46,INSERT,NEW POLE 7M 2.5INCH FDT 2,,mapped,1,"{""PTECH"": 1}",delivered,,False,,False,
6819aff37bab98bb3754bca4928112ae82d8ca167651de1784599a5fb91594cd,A5EF2,LWPOLYLINE,FAT,,mapped,1,"{""BOITE"": 1}",delivered,,False,,False,
6836d43e751d8412d3463124f5d087de33ad87ea4457faad5915019fe817a4f8,A5C86,POINT,BASIC MAP_PT,,graphic_only,0,{},not_delivered_not_automatically_missing,,False,,False,
6862a846016848a17b2f6de4bad31101baa194f79490ba4a4089c68dd733e616,A4AEB,TEXT,Home Number RW 01 FDT 2,NN-423,mapped,1,"{""IMB"": 1}",delivered,,False,,False,
6862bae48a33b5e0fc6ba9de17560f44fc5be9ba5966013fd19c424325583442,A4ABB,TEXT,Home Number RW 01 FDT 2,NN-204,mapped,1,"{""IMB"": 1}",delivered,,False,,False,
6868dae87353092aa705f76ebec0b83979b8284baf36c8c356bc00a6101cd927,A4478,LWPOLYLINE,HOME,,graphic_only,0,{},not_delivered_not_automatically_missing,,False,,False,
68b46e62526227d21664a24f3f5d5d3a8d2e2d9a956f6867b9271470483ae543,A48BA,POINT,BASIC MAP_PT,,graphic_only,0,{},not_delivered_not_automatically_missing,,False,,False,
68c4965121cbdec22b4b4769a3b9c304e62c36501e77aa2617aeca591fe6709d,A489B,TEXT,Home Number RW 01 FDT 1,NN-141,mapped,1,"{""IMB"": 1}",delivered,,False,,False,
68e4208497feed2d9007cd592707b60852d78f866c80da16f80ead39983f15be,A4BC9,TEXT,NEW POLE 7m (3 inches) FDT 1,MR.TGGR04-1.P015,annotation,0,{},not_delivered_not_automatically_missing,,False,,False,
68e5dfc506ba1c5b4eaa0148b3bb1813541021ad87e0e1940c91c9892063ccf7,A47E1,TEXT,Home Number RW 01 FDT 1,NN-72,mapped,1,"{""IMB"": 1}",delivered,,False,,False,
69021a207b4bd9ea2a577c8fc78da949a436029031a2f4ddf06997bd5066db57,A452D,LWPOLYLINE,HOME,,graphic_only,0,{},not_delivered_not_automatically_missing,,False,,False,
6934a235f8a4bb916ec2352fe4517546117cd44dbc85a9fe57aba176a8f0725e,A49EB,TEXT,Home Number RW 01 FDT 2,NN-371,mapped,1,"{""IMB"": 1}",delivered,,False,,False,
695518f297fb2114cea696b0c7121fff05df212e35782dde9b796eb2e1f0cfa5,95C88,TEXT,POLE ID,Penanda 353,annotation,0,{},not_delivered_not_automatically_missing,,False,,False,
696788039bf02a971483ba2e63d74885ce89133656ee29bd4656a3ea7c442dc5,A4421,LWPOLYLINE,HOME,,graphic_only,0,{},not_delivered_not_automatically_missing,,False,,False,
696796945c8d17682e28188caa87cbb5b3cd703938de77f19a6c01ccf585e85e,A452B,LWPOLYLINE,HOME,,graphic_only,0,{},not_delivered_not_automatically_missing,,False,,False,
699945e81ce6d3f2b52cf1f8d5b8c05528d3d38f131d8af44e338db4f133a430,A4466,LWPOLYLINE,HOME,,graphic_only,0,{},not_delivered_not_automatically_missing,,False,,False,
6999a2cebc00150fc098cd459f3866f6d0ef98b4b4658ce15c2170a7a0e9d4ee,A445D,LWPOLYLINE,HOME,,graphic_only,0,{},not_delivered_not_automatically_missing,,False,,False,
699bf043408725002253b93d9d52fce31a2263409f017c0a0aa5e1ff06ff64fa,A5EF3,LWPOLYLINE,FAT,,graphic_only,0,{},not_delivered_not_automatically_missing,,False,,False,
69acdf0c5080c521081abbd8dba09c4f393a0e581d4fdeb44be94f549b89f04a,A484B,TEXT,Home Number RW 01 FDT 1,NN-334,mapped,1,"{""IMB"": 1}",delivered,,False,,False,
69ce084b87e3a23ffc7fabfaf6ce7c7bf626bd1277afe3f2b00b8c803672e7b5,A45B1,LWPOLYLINE,HOME,,graphic_only,0,{},not_delivered_not_automatically_missing,,False,,False,
69e75129b580c7081af166382157dde23f1e714687cf52bf95abf687d96bbadf,A4AF6,POINT,BASIC MAP_PT,,graphic_only,0,{},not_delivered_not_automatically_missing,,False,,False,
69f874402130b599e1c7e7172d6ed2d672b867858650ec3ba15448e709164cb7,A44B4,LWPOLYLINE,HOME,,graphic_only,0,{},not_delivered_not_automatically_missing,,False,,False,
6a049eac28e0de095f8515e313b0e58918bc4e625d98d79b4f1af7da389b71f6,A498F,TEXT,Home Number RW 01 FDT 2,NN-377,mapped,1,"{""IMB"": 1}",delivered,,False,,False,
6a0ecb993c7ba1995821e4dfcfc4f5e8e3ee8242931b89180d53f93fb8e54446,A4BC7,TEXT,BASIC MAP_PT_DES,A05,annotation,0,{},not_delivered_not_automatically_missing,,False,,False,
6a2c5168bf84793090e65dbcf0154104e841c539ef62273614dd6d4da1f67240,A44F5,LWPOLYLINE,HOME,,graphic_only,0,{},not_delivered_not_automatically_missing,,False,,False,
6a3745e3778ada8a0ca8d08c8d6b8f1feedab7443b7f3db61a3834fdc285fa4f,A4856,POINT,BASIC MAP_PT,,graphic_only,0,{},not_delivered_not_automatically_missing,,False,,False,
6a4b0cb116a6804cfebce5bd21271fe7c7f6bfbc16dc3857bf578c48914262d9,A4998,POINT,BASIC MAP_PT,,graphic_only,0,{},not_delivered_not_automatically_missing,,False,,False,
6a517eb7553d030ecc942f1964c703dbdccd51844ec54e6973aebd32b9c72069,A493D,TEXT,Home Number RW 01 FDT 2,NN-452,mapped,1,"{""IMB"": 1}",delivered,,False,,False,
6a5524ca60f93442928b10fbd9349b37c49db829bc60964bd27ed248ffd0e6f2,95C9A,TEXT,POLE ID,Penanda 362,annotation,0,{},not_delivered_not_automatically_missing,,False,,False,
6a57de787df51ea661827e9c6fda5c25b0cb967f944cad83976b19da660a3552,A4BAC,TEXT,BASIC MAP_PT_DES,2,annotation,0,{},not_delivered_not_automatically_missing,,False,,False,
6a6b23979d209fc7fa122522c8f0d247e4403392ac5e226bbd47bd58c5162402,A4459,LWPOLYLINE,HOME,,graphic_only,0,{},not_delivered_not_automatically_missing,,False,,False,
6a74cee9589cd08f342f70b3266ed4469536d5da285130e23045bb6945735292,A5C5C,POINT,BASIC MAP_PT,,graphic_only,0,{},not_delivered_not_automatically_missing,,False,,False,
6a8387412161d2ae9f73effb86e17f783951c34f074237f36fb4e848725e7c5d,A48FC,POINT,BASIC MAP_PT,,graphic_only,0,{},not_delivered_not_automatically_missing,,False,,False,
6ab4a1b51c1e7c889e9c320e8ba8ef973b9293de32e9017fcccd272f4dc3f844,A48F4,POINT,BASIC MAP_PT,,graphic_only,0,{},not_delivered_not_automatically_missing,,False,,False,
6ac15e9b7ee218fc7b1125c395441051bbde311a831e87aac019bb3cec12245e,A4ACB,TEXT,Home Number RW 01 FDT 2,NN-196,mapped,1,"{""IMB"": 1}",delivered,,False,,False,
6ac398793ad47459951f5b428d4a45bcc61ca32fc9d435f994e86463e2eec46a,A49A7,TEXT,Home Number RW 01 FDT 2,NN-401,mapped,1,"{""IMB"": 1}",delivered,,False,,False,
6ad9f72cc0cc3fc07b5fedfb2a90622628f3d4d0e8f0208b3ca076ca2a01f869,A4BC6,TEXT,NEW POLE 7m (3 inches) FDT 1,MR.TGGR04-1.P014,annotation,0,{},not_delivered_not_automatically_missing,,False,,False,
6ae12a853e0a02dd481a5b83a7132235d03785ab65ee31312fddf2bca8f9cdbf,A44FB,LWPOLYLINE,HOME,,graphic_only,0,{},not_delivered_not_automatically_missing,,False,,False,
6af2094925e9ea230aa18ce2b76f703d9a7d521b09a660b535cd81023e06ef43,A5C44,POINT,BASIC MAP_PT,,graphic_only,0,{},not_delivered_not_automatically_missing,,False,,False,
6af4fce5e0252818559817a4211170473174dbdc368fc637b59aae3f74d8a324,A4BAE,TEXT,NEW POLE 7m (3 inches) FDT 1,MR.TGGR04-1.P002,annotation,0,{},not_delivered_not_automatically_missing,,False,,False,
6b626627bea4f57ceed161d51c8c7451382f67022b6837685ee8ac0ce1b808ca,A4880,POINT,BASIC MAP_PT,,graphic_only,0,{},not_delivered_not_automatically_missing,,False,,False,
6b7c1b0ae9264c5298928c05ebe018057ead77e6d993a614c73a562e692bf2c0,A5BBA,POINT,BASIC MAP_PT,,graphic_only,0,{},not_delivered_not_automatically_missing,,False,,False,
6b8c37cf18e52c5bf1d866eb6d9dd5d7cf9fa9061d49f7a499eafc0699284a4d,A4494,LWPOLYLINE,HOME,,graphic_only,0,{},not_delivered_not_automatically_missing,,False,,False,
6b90e4aae05b72e519e8e112d2e7b9180d331b7e21379f23f9318cf850c81001,A4B20,POINT,BASIC MAP_PT,,graphic_only,0,{},not_delivered_not_automatically_missing,,False,,False,
6ba4dd466bdea952d9710ca48fd4a3a983201fd4ee8b7575864a8dbe44c29d32,A4922,POINT,BASIC MAP_PT,,graphic_only,0,{},not_delivered_not_automatically_missing,,False,,False,
6baa239fa0b87c117be58f58ddb937af1f2a50caadb83250c24d1efadb7fda8e,A487D,TEXT,Home Number RW 01 FDT 1,NN-339,mapped,1,"{""IMB"": 1}",delivered,,False,,False,
6bd53183d02a9cd5bab85e44f33f1290115f2619e0caa22c3eb69e678936cb8c,A5E8F,LWPOLYLINE,SLING WIRE FDT 2,,mapped,2,"{""CABLE"": 1, ""INFRASTRUCTURE"": 1}",delivered,,False,,False,
6bef396001543e9ed4597f95c8831ed3ee602b2f3fa19aeb7ff67568102ddecc,A5C6B,TEXT,NEW POLE 7m (3 inches) FDT 2,MR.TGGR04-2.P042,annotation,0,{},not_delivered_not_automatically_missing,,False,,False,
6bfb7dae65d2f1f869b653ceafd9155356d3a7d0b3f06f734f114e197bda0006,A4B5A,LWPOLYLINE,HOME,,graphic_only,0,{},not_delivered_not_automatically_missing,,False,,False,
6c2241357a426fb8e3a36731d7197558e50b628c1ccacf37838b81009f66bb61,A5F54,MTEXT,Label,48,annotation,0,{},not_delivered_not_automatically_missing,,False,,False,
6c317b326e5668e786c0b3f8e16216de1463a5e7caae495972ea06925a29cefc,A5EC7,LWPOLYLINE,FAT,,mapped,1,"{""BOITE"": 1}",delivered,,False,,False,
6c7edcf3ba0d03bf3f0b98aceef2ff369802d8124e59bfd125c134c4be269d4e,A5F1E,MTEXT,Label,41,annotation,0,{},not_delivered_not_automatically_missing,,False,,False,
6c98d427411140041c2a682ba4ae8c4914ec4b4764d5796930bbd5ab2ace49e5,A497B,TEXT,Home Number RW 01 FDT 2,NN-88,mapped,1,"{""IMB"": 1}",delivered,,False,,False,
6cad16d9d2c9232aa6d9af73f6b7783d304a56fa874d5bf91707b0bb57278708,A4A2C,POINT,BASIC MAP_PT,,graphic_only,0,{},not_delivered_not_automatically_missing,,False,,False,
6cb69a154636f644a86a37e6ed787de2cd5a7004386534ee6f4d2c9db48f4840,A5C1A,TEXT,NEW POLE 7M 2.5INCH FDT 2,MR.TGGR04-2.P057,annotation,0,{},not_delivered_not_automatically_missing,,False,,False,
6cc963da6255931897c9e641feb9179735eb58cf3c3876215649f3bfa4eed588,A5B7B,ATTDEF,FAT,16,annotation,0,{},not_delivered_not_automatically_missing,,False,,False,
6cceab0e312c6b657f08319c111e215a9aa176f040d2c875777a1245bc9baba4,A4978,POINT,BASIC MAP_PT,,graphic_only,0,{},not_delivered_not_automatically_missing,,False,,False,
6cd50f51a86b9782633087f11bbd4b870ae4b518a01e195b4cb60020b579a040,A5F5D,MTEXT,Label,23,annotation,0,{},not_delivered_not_automatically_missing,,False,,False,
6cd5d0498775249b2ae99e9d9ec0d1efe1d1cd5b651c5bfba9782a13ac24d675,A5B9A,LWPOLYLINE,FAT,,graphic_only,0,{},not_delivered_not_automatically_missing,,False,,False,
6cdbe1fe8241e2187d93ad8d517ea845a5427d6aff06b34803389209cdca9cda,A4AC1,TEXT,Home Number RW 01 FDT 2,NN-201,mapped,1,"{""IMB"": 1}",delivered,,False,,False,
6cf3f468dee1cd3e48ef788ee05b75d1c1cb1622cbf7842c6e62e1ab27507f4a,958AC,TEXT,POLE ID,Penanda 114,annotation,0,{},not_delivered_not_automatically_missing,,False,,False,
6cf52d02574f3bd9e2db9bdf5a6e9a6e1c0b67c5a68832113ddeb24ae7e12edf,A4B5F,LWPOLYLINE,HOME,,graphic_only,0,{},not_delivered_not_automatically_missing,,False,,False,
6d00c0dc1ab9e9323ccdb01b952d3c4b3b46fc9a3896483c562eafd26eb1bd73,A5BFC,TEXT,NEW POLE 7M 2.5INCH FDT 2,MR.TGGR04-2.P026,annotation,0,{},not_delivered_not_automatically_missing,,False,,False,
6d1f2888faf04f05affc4ed039d77eec37036c59a4f64b8d2bbd3903a1723256,A491C,POINT,BASIC MAP_PT,,graphic_only,0,{},not_delivered_not_automatically_missing,,False,,False,
6d2b4ebe725a40c788b1e577ef568e6f2388a45467e3829ca7c6173495115f9e,A492F,TEXT,Home Number RW 01 FDT 2,NN-460,mapped,1,"{""IMB"": 1}",delivered,,False,,False,
6d3757bf50a3de466b9e19b265c10bddfafc6e5093641883c18a5f17ee00195f,A49EF,TEXT,Home Number RW 01 FDT 2,NN-369,mapped,1,"{""IMB"": 1}",delivered,,False,,False,
6da0ee9a84be5f576bc9f5c752332938c03e3bdcb19f6ec7a504029dee0e4cf8,A4A74,POINT,BASIC MAP_PT,,graphic_only,0,{},not_delivered_not_automatically_missing,,False,,False,
6da6af7df739afc978dd8ccf1997ac2892622ab00a604e3d63f73a9d1f07069f,A44FD,LWPOLYLINE,HOME,,graphic_only,0,{},not_delivered_not_automatically_missing,,False,,False,
6da9135d3191cf4890533ba899bf935ba32fc873c7c0ecdc18093d60e4e9da9e,A4BEC,POINT,BASIC MAP_PT,,mapped,1,"{""SITE"": 1}",delivered,,False,,False,
6df2753082785d57c5b98ac2e31d42c9225743888ba4422cdbd405e8c43a2d1d,A4BEA,POINT,BASIC MAP_PT,,graphic_only,0,{},not_delivered_not_automatically_missing,,False,,False,
6df6976baf6805789d0ae5e955a3fa6070c200feab28eb6b431e2b653214c22a,A48B7,TEXT,Home Number RW 01 FDT 1,NN-163,mapped,1,"{""IMB"": 1}",delivered,,False,,False,
6e13084bb1825700e00f81babcdfd21d49d15633cca69b9721506834cde5abc7,9E8BF,TEXT,BASIC MAP_PT_DES,9,annotation,0,{},not_delivered_not_automatically_missing,,False,,False,
6e24fbfc7cc9485411bd452079076b52b42aa48dcb6760dacb3dfd1d134d1773,A5D20,INSERT,NEW POLE 7m (3 inches) FDT 2,,mapped,1,"{""PTECH"": 1}",delivered,,False,,False,
6e5627af992d87e64792142f354461331634cab032dfe76741369f97e989f418,95CA4,TEXT,POLE ID,Penanda 367,annotation,0,{},not_delivered_not_automatically_missing,,False,,False,
6e5f431e9881e0d50e2106059d325a3fd5fefaa5606f6be7b01db814053d120a,A453D,LWPOLYLINE,HOME,,graphic_only,0,{},not_delivered_not_automatically_missing,,False,,False,
6e7384e4d4cc8679ae9544f6f6d5cb1a838d7218a59e63b29effe90fd9a21259,A4544,LWPOLYLINE,HOME,,graphic_only,0,{},not_delivered_not_automatically_missing,,False,,False,
6e9fa8e2ef369ba16e21428e20ea91d4494fe5036b372b565ffa1d1d937cdf66,A5F87,MTEXT,Label,42,annotation,0,{},not_delivered_not_automatically_missing,,False,,False,
6ef55c9b9404d9db4ce4218d5d29a87fe7967940562da6ff733090a6e9f15dc4,A450D,LWPOLYLINE,HOME,,graphic_only,0,{},not_delivered_not_automatically_missing,,False,,False,
6f3dc8723c71676a994ef2e7c61427f7c91876789a830b549d39bf8944818576,A5EEB,LWPOLYLINE,FAT,,mapped,1,"{""BOITE"": 1}",delivered,,False,,False,
6f4fa0236d789446e347b6aa9453e5def7bdd3341f020fcc16a2ffc038331608,A4935,TEXT,Home Number RW 01 FDT 2,NN-456,mapped,1,"{""IMB"": 1}",delivered,,False,,False,
6f70fbe702f583cc3597ad923a3774dbb4f4807d0079dfa9426d4e390dda012e,A459C,LWPOLYLINE,HOME,,graphic_only,0,{},not_delivered_not_automatically_missing,,False,,False,
6f79bbe972a5d2a1289f4f4057c43cb47e00ef9c7189ff0d02a3981fb33500f4,A415A,LWPOLYLINE,BASIC MAP,,graphic_only,0,{},not_delivered_not_automatically_missing,,False,,False,
6fa389d4ec4e37810d5ead6c1bffc6f570088ac3d9f4616fa5191b98aabeb8a5,A44FA,LWPOLYLINE,HOME,,graphic_only,0,{},not_delivered_not_automatically_missing,,False,,False,
6fc6eb881aa7ca446babfcac0341a46f2d3001b49badba8b2f5860e9e32c8ed8,A4AD6,POINT,BASIC MAP_PT,,graphic_only,0,{},not_delivered_not_automatically_missing,,False,,False,
6fe551edd31a6f02888bc4335f1f0b186fc984f6cc9632b66d5d93e5364b5041,A487E,POINT,BASIC MAP_PT,,graphic_only,0,{},not_delivered_not_automatically_missing,,False,,False,
70204753936cff3858c0705f4f92658b2ea2aae98b881e29e0952ccd606c5f22,A5B72,LWPOLYLINE,FAT,,mapped,1,"{""BOITE"": 1}",delivered,,False,,False,
702c3d16535f98adc94c95c2271150127319089f7a6d09aa4bca3ba7ccb48864,A44B5,LWPOLYLINE,HOME,,graphic_only,0,{},not_delivered_not_automatically_missing,,False,,False,
70701d15a6f71bfb708ee9284e49091cd13b23f038792463ecb7f6c65478d19e,A4423,LWPOLYLINE,HOME,,graphic_only,0,{},not_delivered_not_automatically_missing,,False,,False,
709150e43209f34464edd94605e4ac59c7f6315c4ccfec70a8d921e535731ac6,9E82C,TEXT,BASIC MAP_PT_DES,A08,annotation,0,{},not_delivered_not_automatically_missing,,False,,False,
70bc342d29009fc22635e40b612c7f4dac1a4d15d72f366743bb76b39377369f,A48B6,POINT,BASIC MAP_PT,,graphic_only,0,{},not_delivered_not_automatically_missing,,False,,False,
70f9ae61c1c8168f3b01f949b4f5c124c0e6eb3f15860678bd050a1cb31c6b48,A4B10,POINT,BASIC MAP_PT,,graphic_only,0,{},not_delivered_not_automatically_missing,,False,,False,
70ffaa0503eb3590b6c8c6e18895d3091514c893b48e1b3ab17385c6834a67d9,A4501,LWPOLYLINE,HOME,,graphic_only,0,{},not_delivered_not_automatically_missing,,False,,False,
710d37d899904015e251de456d3b32ec748d1b839554988d72c2845b075a24f4,A5EA6,LWPOLYLINE,FAT,,mapped,1,"{""BOITE"": 1}",delivered,,False,,False,
71337e3e5c253b4e1de9fcc66db1cf916e4d21a37b1d3abb8fc5858acd9a1913,A5BDE,POINT,BASIC MAP_PT,,graphic_only,0,{},not_delivered_not_automatically_missing,,False,,False,
7186b7022dcd8a4bacc44ca5d2dd9cd11d7a53313227ddde5ef63d007d42394f,A4870,POINT,BASIC MAP_PT,,graphic_only,0,{},not_delivered_not_automatically_missing,,False,,False,
71c64fb8d8b580498193496d1389ffc456ee7c70c419484df0a7851b24fdedc6,A4800,POINT,BASIC MAP_PT,,graphic_only,0,{},not_delivered_not_automatically_missing,,False,,False,
71df4292ece4db9e0935449a35fee502c7bf2724134186db6610ef2157d06e10,A4B63,LWPOLYLINE,HOME,,graphic_only,0,{},not_delivered_not_automatically_missing,,False,,False,
71e6ec08e272cbc37adcd1ddef153b2f6f744f7ceea5517aa9e13496ef42e2a9,A4A73,TEXT,Home Number RW 01 FDT 2,NN-41,mapped,1,"{""IMB"": 1}",delivered,,False,,False,
721c66788d2c986db9b0deefef9106e7f935f4d6c6e98e4a08d2c88c7468eca8,A5D6D,INSERT,NEW POLE 7m (3 inches) FDT 2,,mapped,1,"{""PTECH"": 1}",delivered,,False,,False,
7248129124239a5b902acb8c20edb28f977193f98179e24f107293025c399197,A4B71,POINT,BASIC MAP_PT,,mapped,1,"{""SITE"": 1}",delivered,,False,,False,
727673b58a19ae9c3483eaf475181248f4204d43581822128a763ff5349986df,A4144,LWPOLYLINE,BASIC MAP,,graphic_only,0,{},not_delivered_not_automatically_missing,,False,,False,
729591dd12aaad5965958777f3099db3a7ca43349ccb9bb8c3d2003ad2d18fa9,A483F,TEXT,Home Number RW 01 FDT 1,NN-267,mapped,1,"{""IMB"": 1}",delivered,,False,,False,
72c9fc088ca6ee099bbd3c1f7b0f005bdd65f0214c02a2907fc229c2d1a44e0f,A5EEA,LWPOLYLINE,FAT,,graphic_only,0,{},not_delivered_not_automatically_missing,,False,,False,
72cba01af4700b387bdfb3b67c9c6294186544d71804279793e3b125aaf2eac5,A4B7E,TEXT,FAT CODE,TGGR04-1.022.A05,annotation,0,{},not_delivered_not_automatically_missing,,False,,False,
7316248bf652af8c5994815f2706183636f4aaa5a26c954312e2b11df80f19a7,A4BAB,TEXT,NEW POLE 7M 2.5INCH FDT 1,MR.TGGR04-1.P024,annotation,0,{},not_delivered_not_automatically_missing,,False,,False,
73263c1376359b7af4eda658a63e1d13cb380d07ca5f84cea7b757e7e1c1aa65,A49BC,POINT,BASIC MAP_PT,,graphic_only,0,{},not_delivered_not_automatically_missing,,False,,False,
733fc0124216823a74fcce0731dea332b00f39b17705fd1187808f9439d658e5,A5F1D,MTEXT,Label,28,annotation,0,{},not_delivered_not_automatically_missing,,False,,False,
737c3edf2cffc3348bac702e1bde660726fd988b88024a64fc50826bd9282190,A4123,LWPOLYLINE,BASIC MAP,,graphic_only,0,{},not_delivered_not_automatically_missing,,False,,False,
73851bdd1a00a949989b0933f0503ffa35b115df3de336edeb094ea0c92b2822,A4ABF,TEXT,Home Number RW 01 FDT 2,NN-202,mapped,1,"{""IMB"": 1}",delivered,,False,,False,
73968b692c82f0a397d25c3ecefbc32293384413cfbb450ca0b7b21e3a0c819c,A44E5,LWPOLYLINE,HOME,,graphic_only,0,{},not_delivered_not_automatically_missing,,False,,False,
739bb830d76b6f63029b9df82ff8470e53fc269335640caaec919fa2f5d5d71b,95CBA,TEXT,POLE ID,Penanda 378,annotation,0,{},not_delivered_not_automatically_missing,,False,,False,
739c7ac53e9d237c1134684227e412397249e606bd6dff27229cba4cedd9b634,A5B6E,LWPOLYLINE,SLING WIRE FDT 1,,mapped,2,"{""CABLE"": 1, ""INFRASTRUCTURE"": 1}",delivered,,False,,False,
73dac9eaa5e436e3abff1d15c062535a9f6071b5ec2c5a3fd310bd0c58420983,A47D8,POINT,BASIC MAP_PT,,graphic_only,0,{},not_delivered_not_automatically_missing,,False,,False,
73e0360e33cf4cdae20b10614d552dfe8c13a3ad17c583a630b453b90cb8241e,A5D58,INSERT,NEW POLE 7m (3 inches) FDT 2,,mapped,1,"{""PTECH"": 1}",delivered,,False,,False,
73e13bda7c71ac9f61bc98a5c8f3bca59ddaba16edead6955bd56864cdd12729,A485A,POINT,BASIC MAP_PT,,graphic_only,0,{},not_delivered_not_automatically_missing,,False,,False,
73e6101e3e5c7dae53925c5da3c54271806723977be97c1289943ba20e88048a,A5ECA,LWPOLYLINE,FAT,,graphic_only,0,{},not_delivered_not_automatically_missing,,False,,False,
73f3242f4cd4c56e49b8b1a049f0f2d0079c173422aa14479149078c57bad794,A5F6D,MTEXT,Label,67,annotation,0,{},not_delivered_not_automatically_missing,,False,,False,
7409a9a169b2cf6f07679d25c5b6a2e78e61db6db701b4f8de03e39a68918d7e,A5C2B,TEXT,NEW POLE 7m (3 inches) FDT 2,MR.TGGR04-2.P004,annotation,0,{},not_delivered_not_automatically_missing,,False,,False,
743955e6d4b7f52ea8035a896d2240d23c09aa47180fd0847984e27519be8a27,A445B,LWPOLYLINE,HOME,,graphic_only,0,{},not_delivered_not_automatically_missing,,False,,False,
7441ea2b8161f1eb7dddf59916d84dab4c477a0e444c920ccadc47f80c439a69,A5C60,POINT,BASIC MAP_PT,,graphic_only,0,{},not_delivered_not_automatically_missing,,False,,False,
746955bc547c96bf2b0049df21aa9780f94acff347aff7c3c03f8169c95f14b8,A49C8,POINT,BASIC MAP_PT,,graphic_only,0,{},not_delivered_not_automatically_missing,,False,,False,
748213f289f1542fc74bff87b2525881ca831a6380b39c1234f9c69d7366312a,A44AB,LWPOLYLINE,HOME,,graphic_only,0,{},not_delivered_not_automatically_missing,,False,,False,
748741972987965ae27001612fe82d6a83a019e12fc539c73206c0a9d1e0b75b,A5CA2,INSERT,NEW POLE 7m (3 inches) FDT 2,,mapped,1,"{""PTECH"": 1}",delivered,,False,,False,
74a6d46e02de6743d04c614b3c7c4c1a039def263f5be6f65fe3a1f7630820be,A4561,LWPOLYLINE,HOME,,graphic_only,0,{},not_delivered_not_automatically_missing,,False,,False,
74c3fcf2beecc47b16b16a9f42644e28020bbebaed2d16c4d4926cc5dd0982b3,9B275,TEXT,BASIC MAP_PT_DES,B01,annotation,0,{},not_delivered_not_automatically_missing,,False,,False,
74da9710c40929b7050968197b5a7945507561d3284ffd23ceb8a64453bf7d94,A4536,LWPOLYLINE,HOME,,graphic_only,0,{},not_delivered_not_automatically_missing,,False,,False,
74e80e05d1a96704d4cd2a31885492e949e4168376b45150d265433fd27cc6ac,A4A40,POINT,BASIC MAP_PT,,graphic_only,0,{},not_delivered_not_automatically_missing,,False,,False,
74f3acb0c971e7060b0faab1a64fc177a6bc70454fae9be967fe721d5affce89,A4843,TEXT,Home Number RW 01 FDT 1,NN-264,mapped,1,"{""IMB"": 1}",delivered,,False,,False,
74f656ce80c1a0ac175564cdf75f7dbda97070e7b0d180eb1a013ab459561b58,A5C5A,POINT,BASIC MAP_PT,,graphic_only,0,{},not_delivered_not_automatically_missing,,False,,False,
75547ef09357753774d04d2c852ae0fe71f06f00075a54768149210d6edb9e0b,A48E7,TEXT,Home Number RW 01 FDT 1,NN-147,mapped,1,"{""IMB"": 1}",delivered,,False,,False,
756e2c36c94580d5f9d8443b9c64dec17c647adbe6c5919503844272a52d509f,A44FF,LWPOLYLINE,HOME,,graphic_only,0,{},not_delivered_not_automatically_missing,,False,,False,
758444f59c3329ab8188663818aca2ffc795ce8c82dfa7ddde7539fa0a094295,A48F1,TEXT,Home Number RW 01 FDT 1,NN-136,mapped,1,"{""IMB"": 1}",delivered,,False,,False,
7599d665886b48a7a860e3401f2681935f66a250c20df27d31fcce79951c4c00,A5C21,TEXT,BASIC MAP_PT_DES,2,annotation,0,{},not_delivered_not_automatically_missing,,False,,False,
75c3b0722f615c003ad01e3d960733697468bc313ee62d7b37bf5df2735fd230,A4B35,TEXT,Home Number RW 01 FDT 2,NN-172,mapped,1,"{""IMB"": 1}",delivered,,False,,False,
7602830d9fd8c7136f72c1f2274e83df6902173fc36fa2cf658098a37aeb92c6,A4546,LWPOLYLINE,HOME,,graphic_only,0,{},not_delivered_not_automatically_missing,,False,,False,
760f8e09ffc110d6cfffa3257c1b52c87c67c9fbb473c8f781fdfd0bbc60ba0e,9E83F,TEXT,BASIC MAP_PT_DES,A13,annotation,0,{},not_delivered_not_automatically_missing,,False,,False,
76277927d910976e8f34cb81a7f6cbda24c51c0f44e94f0303e28750146b4776,A5F6C,MTEXT,Label,47,annotation,0,{},not_delivered_not_automatically_missing,,False,,False,
769ed9842f5115364aa1251c6dadb24e429ba8d10874264c1ed5326969ef2c75,A4147,LWPOLYLINE,BASIC MAP,,graphic_only,0,{},not_delivered_not_automatically_missing,,False,,False,
76a167885078da6eae38f8df64fd534822828aa9198814bffe4701a70a5f02a3,A4AA2,POINT,BASIC MAP_PT,,graphic_only,0,{},not_delivered_not_automatically_missing,,False,,False,
76a5fe29f80f9b7a479fc689bc9d736e821ea21116fd9415a52c35e1f4bc0c66,A47EE,POINT,BASIC MAP_PT,,graphic_only,0,{},not_delivered_not_automatically_missing,,False,,False,
76aea915139363a26b10479af35cf4434f621cae621bcb54eff5fc89c1bc7372,A4530,LWPOLYLINE,HOME,,graphic_only,0,{},not_delivered_not_automatically_missing,,False,,False,
77286ef7486a2f3b04497787e84bcad70f1f1fc1764b10ed2298538a43c22169,A5C3A,TEXT,NEW POLE 7m (3 inches) FDT 2,MR.TGGR04-2.P012,annotation,0,{},not_delivered_not_automatically_missing,,False,,False,
772c00fb3ccb8312f9b1622c925f68125ef576700a1bef59788c0b318bd91f31,A453F,LWPOLYLINE,HOME,,graphic_only,0,{},not_delivered_not_automatically_missing,,False,,False,
77578fb0449581a932d330bdc0193f083fa246bb79ad215f7ecf4eeea966f15c,A48CE,POINT,BASIC MAP_PT,,graphic_only,0,{},not_delivered_not_automatically_missing,,False,,False,
776398e0de396e095a030916933a3bdb7cea47a324a5d7e4f55a1a3041f9cd42,A4AE1,TEXT,Home Number RW 01 FDT 2,NN-1,mapped,1,"{""IMB"": 1}",delivered,,False,,False,
77642744ee52487feccb0e42785b086a6fe4672579c4890a33ee701af3a30ec0,A4583,LWPOLYLINE,HOME,,graphic_only,0,{},not_delivered_not_automatically_missing,,False,,False,
7797a773f4b93c57575091ad3376e312021bfdca7eaafce1d4ba2fc06a90a87e,A5C81,POINT,BASIC MAP_PT,,graphic_only,0,{},not_delivered_not_automatically_missing,,False,,False,
779bda4ec09b84b18d0169e5ca3a2f88797aaae5e540baa23114d38b03cf290e,A445C,LWPOLYLINE,HOME,,graphic_only,0,{},not_delivered_not_automatically_missing,,False,,False,
77db153a49e4b9ad83c152d6f04cc41a5307abec75656ddc14b4371ba7b15e97,A447E,LWPOLYLINE,HOME,,graphic_only,0,{},not_delivered_not_automatically_missing,,False,,False,
77dc31d0d3b1c9e5b0da6ea9e9d70ecccd265c2703de985201726f18074452f5,A49A2,POINT,BASIC MAP_PT,,graphic_only,0,{},not_delivered_not_automatically_missing,,False,,False,
7841ae110fb77ce3d6dcc1a1beaced6aa21aa7c940663eea7d6218a1ffb7d036,A5B87,ATTDEF,FAT,16,annotation,0,{},not_delivered_not_automatically_missing,,False,,False,
78672ea7b2f7f20fd784b820bb77d85e16bec4b7a0fe70a072492d23cb3e7272,A4816,POINT,BASIC MAP_PT,,graphic_only,0,{},not_delivered_not_automatically_missing,,False,,False,
786998c860da47f8f38da545658140c4ec633842e35e1f178fb9e9518bec02f7,A5C31,POINT,BASIC MAP_PT,,graphic_only,0,{},not_delivered_not_automatically_missing,,False,,False,
7880c1db1e8dbf3a82e25bd3b491ddb89d8954c146547b66a015200657f31b66,A4850,POINT,BASIC MAP_PT,,graphic_only,0,{},not_delivered_not_automatically_missing,,False,,False,
789287477cc0e41ece43da3f7540fbd4113410d80371a9802b41917602eb3246,A4A1F,TEXT,Home Number RW 01 FDT 2,NN-413,mapped,1,"{""IMB"": 1}",delivered,,False,,False,
789521a491f85ab21a46336ec0740ddfa8761fd9f33692997676dda1bcf7b2bc,A5C68,POINT,BASIC MAP_PT,,graphic_only,0,{},not_delivered_not_automatically_missing,,False,,False,
78d7d7ddfd9e06dd53d9bfd366dc424f9abacd47647cb9ebd939384c9f369301,A484E,POINT,BASIC MAP_PT,,graphic_only,0,{},not_delivered_not_automatically_missing,,False,,False,
78da2ad3d97b61855da8fe6cba4b307c35625622e255658923935686bd819abd,9B298,TEXT,BASIC MAP_PT_DES,C03,annotation,0,{},not_delivered_not_automatically_missing,,False,,False,
78e10f4b707acc30651afb79b36c8413c28a825eabb2ab0af683acb692d5a4c1,A5C6C,POINT,BASIC MAP_PT,,graphic_only,0,{},not_delivered_not_automatically_missing,,False,,False,
78e18d7b43b53aef6236a02597d76cab14b2408571d9fae18a2c6bca4964c88b,A4B7F,TEXT,BASIC MAP_PT_DES,A05,annotation,0,{},not_delivered_not_automatically_missing,,False,,False,
78e41d97e8cfd6b96f22a04ce8e0b3a90c6c409566c4c80398398642241ca864,A4B91,TEXT,BASIC MAP_PT_DES,A11,annotation,0,{},not_delivered_not_automatically_missing,,False,,False,
7909a332b131dc0364ebeb84ccbf0bfb2f0f3725cdb18325e84b6f61bf71cfc1,A5E88,LWPOLYLINE,SLING WIRE FDT 2,,mapped,3,"{""CABLE"": 2, ""INFRASTRUCTURE"": 1}",delivered,,False,,False,
79417ec197af75bd273d08b6268669445a30bb7e48b67035dbec5484a1d1b861,A5BA4,ATTDEF,FDT,72,annotation,0,{},not_delivered_not_automatically_missing,,False,,False,
794f5ad0ea6abcf0b2831224dd26556813e4cb8728117732ff15cc3bda00b788,A4128,LWPOLYLINE,BASIC MAP,,graphic_only,0,{},not_delivered_not_automatically_missing,,False,,False,
7964e543378b5e58c970aeac7b6c80f027dbe370ee43624ea60a24b1db715e51,A4B7C,TEXT,BASIC MAP_PT_DES,A04,annotation,0,{},not_delivered_not_automatically_missing,,False,,False,
7970e5a5f35c3fb45776d62d8043eae40d9e4229cb182432723c60fd79290d92,A458C,LWPOLYLINE,HOME,,graphic_only,0,{},not_delivered_not_automatically_missing,,False,,False,
7977369d5de4f830371eacf2d92ed0ccec753d9b9b154fae6e84a5905bd3256c,A4BD4,TEXT,BASIC MAP_PT_DES,A08,annotation,0,{},not_delivered_not_automatically_missing,,False,,False,
7977511512dfc7f2ec8d6a8b3076891f09b0086b6c9e667b16543005da4cafbc,A4B89,POINT,BASIC MAP_PT,,graphic_only,0,{},not_delivered_not_automatically_missing,,False,,False,
799092089282168a20ea35085c1fab0e7771853fb981040ecf10ad97a36789f3,A4AB2,POINT,BASIC MAP_PT,,graphic_only,0,{},not_delivered_not_automatically_missing,,False,,False,
79a1fe7d2bf8cabbf9ef83a7cc449bdadd0d2fd26c0ab9b45822143a03547a02,9E7F4,TEXT,BASIC MAP_PT_DES,2,annotation,0,{},not_delivered_not_automatically_missing,,False,,False,
79bafaa08e3bb351197d916c0daf568ce002eb26ac2ed8ba4ff8424fabf079cc,A5EE4,ATTDEF,FAT,16,annotation,0,{},not_delivered_not_automatically_missing,,False,,False,
79c4e95eca60c58c55302d53b6756114c47baff737b502a6add8f7aaeb04def7,A4920,POINT,BASIC MAP_PT,,graphic_only,0,{},not_delivered_not_automatically_missing,,False,,False,
79d78228492da49ffc8e5a8b064467d43c3e6d34ef5e9dbd75c378904e898360,A5C6D,TEXT,NEW POLE 7m (3 inches) FDT 2,MR.TGGR04-2.P045,annotation,0,{},not_delivered_not_automatically_missing,,False,,False,
79e9677efac7b3b124e412205bec64c79ffe4978ae04085cd96e0df722aa21d4,A5F71,MTEXT,Label,2,annotation,0,{},not_delivered_not_automatically_missing,,False,,False,
79f4fd0cbe5900d4a648b40c634e675aecc310f1b7f844b7e51cc66beddcb7c6,A5B92,LWPOLYLINE,FAT,,mapped,1,"{""BOITE"": 1}",delivered,,False,,False,
79f9b1001d09a234bf42201f25c35e568c39f23265129d8da14b33573fc85086,A5EC2,LWPOLYLINE,FAT,,mapped,1,"{""BOITE"": 1}",delivered,,False,,False,
79fd625b4012f14762aa672306afb45e0cbe79420e5db5d0dea269265c7bf441,A5EB4,ATTDEF,FAT,16,annotation,0,{},not_delivered_not_automatically_missing,,False,,False,
7a052ac3b7e944c646457f8e924d8cdfe1dc9e95bf8711646369253b93e5c0c0,A4977,TEXT,Home Number RW 01 FDT 2,NN-91,mapped,1,"{""IMB"": 1}",delivered,,False,,False,
7a3016b04a198e8bb141edc9904d8de0c52f606ca52803039894ade29a61be09,A4B53,LWPOLYLINE,HOME,,graphic_only,0,{},not_delivered_not_automatically_missing,,False,,False,
7a45eed02ea367ed75ada1d82646c864d9e4b89f08bc30b69bd78afa3e349ed6,A4AFC,POINT,BASIC MAP_PT,,graphic_only,0,{},not_delivered_not_automatically_missing,,False,,False,
7a491d3ead81c254a62111cbcfedeaaefaacfd2e282b9cfbad2796bb1746d91f,A4A37,TEXT,Home Number RW 01 FDT 2,NN-286,mapped,1,"{""IMB"": 1}",delivered,,False,,False,
7a8e5ccf628dbe347fff181217c517299c054652e32d813f1ee85641b5810a0f,A4877,TEXT,Home Number RW 01 FDT 1,NN-342,mapped,1,"{""IMB"": 1}",delivered,,False,,False,
7aa6301033e74fdb10c2325fcc901f8f090855b5c83c2e7fb229c1c532ec6698,A47FB,TEXT,Home Number RW 01 FDT 1,NN-296,mapped,1,"{""IMB"": 1}",delivered,,False,,False,
7aae14cc834c97c85ea34c2fab4d314c68da0149f3a3a6bbbb042c481a955dd7,A4BB5,TEXT,NEW POLE 7m (3 inches) FDT 1,MR.TGGR04-1.P006,annotation,0,{},not_delivered_not_automatically_missing,,False,,False,
7aefa918758ee9af9729d702dd0147e37ba0e0724e838bb6504c63e917a1fe30,A4A46,POINT,BASIC MAP_PT,,graphic_only,0,{},not_delivered_not_automatically_missing,,False,,False,
7b013c4fbf50373cb782add57dd772e7c478d5b30532d2cf269f6006698fe483,9E860,TEXT,BASIC MAP_PT_DES,A20,annotation,0,{},not_delivered_not_automatically_missing,,False,,False,
7b1fd368b8d6991834974f942678f5c140173ce6581882fa9a27e66373d6017e,A49C6,POINT,BASIC MAP_PT,,graphic_only,0,{},not_delivered_not_automatically_missing,,False,,False,
7b5a8524b9d1a7faa94c2ea7ee108e1a72fbca331c4be951b46f790d02d0592e,A457A,LWPOLYLINE,HOME,,graphic_only,0,{},not_delivered_not_automatically_missing,,False,,False,
7b716a8836141cf6ff2dd207e35917b2e07a3ba22786bf5aa61b58b673df5e8d,A5F57,MTEXT,Label,50,annotation,0,{},not_delivered_not_automatically_missing,,False,,False,
7bda6597ce951bf7487ac0d6bdd3c821988639abfb45ffa63798658e293e301d,A4464,LWPOLYLINE,HOME,,graphic_only,0,{},not_delivered_not_automatically_missing,,False,,False,
7c2adb29450034ecd6114531c5e8d3882731cee677acdd0d4b9daad598730879,A5C72,POINT,BASIC MAP_PT,,graphic_only,0,{},not_delivered_not_automatically_missing,,False,,False,
7c32790370c4404f3b1b3ab3ff05b1e65f4555a79c3ad49c7fbb26cc98a9bdc0,A4B83,POINT,BASIC MAP_PT,,graphic_only,0,{},not_delivered_not_automatically_missing,,False,,False,
7c3a8a6e3e8546b969c128ef8f8731312780fe882228968242a63da23c9b8cdb,A4B37,TEXT,Home Number RW 01 FDT 2,NN-171,mapped,1,"{""IMB"": 1}",delivered,,False,,False,
7c51841450fe19210f15e1d4a69c0299171bd8c09cb96fcacc5fec0aeb57ba3b,A4A60,POINT,BASIC MAP_PT,,graphic_only,0,{},not_delivered_not_automatically_missing,,False,,False,
7c5fbeff65f7fa9c9a90436bb8c89ffdb26bad94e0f1cac54e37af6750430582,A454C,LWPOLYLINE,HOME,,graphic_only,0,{},not_delivered_not_automatically_missing,,False,,False,
7c71c45c6f8947d590c790693a1303b9e32d7700606c821658d2d26ef0cf5836,A4951,TEXT,Home Number RW 01 FDT 2,NN-113,mapped,1,"{""IMB"": 1}",delivered,,False,,False,
7cba824a9742350fdccaf34d3a4df35724311e2d012d9dbdca7a3c98731c85ed,A4823,TEXT,Home Number RW 01 FDT 1,NN-274,mapped,1,"{""IMB"": 1}",delivered,,False,,False,
7d15c0de31087d251b6dbbdbaa06d5431bb7226e33b3af84e4b27973972d6437,A4AA7,TEXT,Home Number RW 01 FDT 2,NN-6,mapped,1,"{""IMB"": 1}",delivered,,False,,False,
7d6cd25049aef53097247244c0d0aff62d13038189d53acf465f7050bbcf12a0,A4975,TEXT,Home Number RW 01 FDT 2,NN-92,mapped,1,"{""IMB"": 1}",delivered,,False,,False,
7d7d06f7ff1b989c268acf13e185c51ad9b80fb98277ec6dc62bbe7b910d0fbf,A5D7B,INSERT,NEW POLE 7m (3 inches) FDT 2,,mapped,1,"{""PTECH"": 1}",delivered,,False,,False,
7d82bd025f73616908437cddb71cd19bc8bf3e35ae4bb3b55b0b0497f0a349ca,A48F9,TEXT,Home Number RW 01 FDT 1,NN-130,mapped,1,"{""IMB"": 1}",delivered,,False,,False,
7d9289bf8827b352828889420971ad6fcd0e6e5bc687de108f0580779a5ee560,A5F22,MTEXT,Label,24,annotation,0,{},not_delivered_not_automatically_missing,,False,,False,
7dee7af2bf94a200ace8768200c542ea00d11ec63f832fb6362abc52ae220dd6,A4463,LWPOLYLINE,HOME,,graphic_only,0,{},not_delivered_not_automatically_missing,,False,,False,
7e2d5cdce451ffe4e61363264bf5297284ca718b8e4d95f82a51598decf11e56,A488D,TEXT,Home Number RW 01 FDT 1,NN-353,mapped,1,"{""IMB"": 1}",delivered,,False,,False,
7e3294d6e9cf28cf92cf67041537895be3437710d7fd5863e88d80d59124535e,A5D2E,INSERT,NEW POLE 7m (3 inches) FDT 2,,mapped,1,"{""PTECH"": 1}",delivered,,False,,False,
7e39d4194082f515977e2facc8516bd0de0c45db5392bc8025737bdf3b3ce1a0,A4484,LWPOLYLINE,HOME,,graphic_only,0,{},not_delivered_not_automatically_missing,,False,,False,
7e4aa163014b24c04667a83617269f3a8356464cbbc96e66cff85cc31e6f9102,A49BE,POINT,BASIC MAP_PT,,graphic_only,0,{},not_delivered_not_automatically_missing,,False,,False,
7e5684fdff95f028edf74daaccf3ef9d74639b1a671ffe510d0b47d1b2187b27,A4A72,POINT,BASIC MAP_PT,,graphic_only,0,{},not_delivered_not_automatically_missing,,False,,False,
7e5a0d5ebd6343905ee19108290b6bd08aa98bd74fad42dbc1ccabd20d70debe,A4A43,TEXT,Home Number RW 01 FDT 2,NN-303,mapped,1,"{""IMB"": 1}",delivered,,False,,False,
7e84e1f0e7d895f8b2f5b6d23295bbd13f6404d5eccac011ee7af5fca9a489cb,A5A64,INSERT,NEW POLE 7m (3 inches) FDT 1,,mapped,1,"{""PTECH"": 1}",delivered,,False,,False,
7e851355f67faab82541f55e2961a1ff45072a17105ba25314e766856be5b9c4,A5BD7,TEXT,BASIC MAP_PT_DES,A17,annotation,0,{},not_delivered_not_automatically_missing,,False,,False,
7e906c16ede1085ae73142919590fdc53a6c60d317b2d9be74681235d820b50e,A5C15,TEXT,BASIC MAP_PT_DES,2,annotation,0,{},not_delivered_not_automatically_missing,,False,,False,
7e9df583f7027eb9c3989e84013d28877561fc6e0191c815eb4aedbc33f28267,9E896,TEXT,BASIC MAP_PT_DES,B08,annotation,0,{},not_delivered_not_automatically_missing,,False,,False,
7e9e69dc68df81222af82470f5329a5645eec0c59d889be1164327a4b761f147,9E899,TEXT,BASIC MAP_PT_DES,B09,annotation,0,{},not_delivered_not_automatically_missing,,False,,False,
7ed43fa7d741798aebf11de37035d2e0e807d7ee5e2e0be3376dbd72fbc80abc,A4911,TEXT,Home Number RW 01 FDT 2,NN-87,mapped,1,"{""IMB"": 1}",delivered,,False,,False,
7ed57e36c8be3fd528d975c719bc321849e4dbc67c868a26e7e7748b68ec1fef,A48BE,POINT,BASIC MAP_PT,,graphic_only,0,{},not_delivered_not_automatically_missing,,False,,False,
7f214a71beab3724ac534997f2c25c95de519a9ae5cd3908aadbbcd7c980f5ee,A49DD,TEXT,Home Number RW 01 FDT 2,NN-441,mapped,1,"{""IMB"": 1}",delivered,,False,,False,
7f2eeb3d72569029ab9502ff189eaea51068babccf41fb9b7fab2b2118b53e62,A4A9B,TEXT,Home Number RW 01 FDT 2,NN-13,mapped,1,"{""IMB"": 1}",delivered,,False,,False,
7f63d8040e559acb110453f5329adfe6401564801b649056e221be63349f24da,A5BE2,TEXT,EXT POLE,EXT.MR.WLT2.TGGR04-2.P008,annotation,0,{},not_delivered_not_automatically_missing,,False,,False,
7f64f62cf9c7e7ba9941fa106f634c4e61044ad8de28d9f52a413cd5c9777612,A48CC,POINT,BASIC MAP_PT,,graphic_only,0,{},not_delivered_not_automatically_missing,,False,,False,
7f71f65b6d9ffb00c3e082f0bc7cd2963d58defa7c338db9da835fe449ea536e,A4A30,POINT,BASIC MAP_PT,,graphic_only,0,{},not_delivered_not_automatically_missing,,False,,False,
7f7929e821c90d5ce23885aeea770615e6bdb6f1a60be7096c7649cf06376fb1,A4150,LWPOLYLINE,BASIC MAP,,graphic_only,0,{},not_delivered_not_automatically_missing,,False,,False,
7fa51d99dee2654775cbbac9b4562a9c1f018600f88e11f88adc711607db51e4,9E891,TEXT,BASIC MAP_PT_DES,B07,annotation,0,{},not_delivered_not_automatically_missing,,False,,False,
7fc1cc2dbc2e2e985759f515c03bdc4b4df94cbae54044cc4a3536255c9b22ae,A4AFD,TEXT,Home Number RW 01 FDT 2,NN-168,mapped,1,"{""IMB"": 1}",delivered,,False,,False,
7fc5081f5ecc57386ae4c2f5190d9191709b19520da4644866012975a4cdcc34,A4879,TEXT,Home Number RW 01 FDT 1,NN-341,mapped,1,"{""IMB"": 1}",delivered,,False,,False,
801bb525a33ad5067b1235b1d42fadc36dcc1b692d66fe1e3222bd3114b76373,A5B8A,LWPOLYLINE,FAT,,mapped,1,"{""BOITE"": 1}",delivered,,False,,False,
805ae82039b8efd2fc4668c6c29874d033226ebec8deeba158aeb58198d981c9,A4570,LWPOLYLINE,HOME,,graphic_only,0,{},not_delivered_not_automatically_missing,,False,,False,
8074d11bac5d175171adbe0aa1d891c7a6481d7abc35e4bac075f2becb6633d0,A5F47,MTEXT,Label,30,annotation,0,{},not_delivered_not_automatically_missing,,False,,False,
807c68cae7d6e99369442a36ecd85171bff05731b05a0e1c8bb457ca9d442137,A5DCF,INSERT,NEW POLE 7m (3 inches) FDT 2,,mapped,1,"{""PTECH"": 1}",delivered,,False,,False,
8088014c95e84579895aa30ba185ffc712a1e1b96356990c2c160f38aeb7dea5,A44DE,LWPOLYLINE,HOME,,graphic_only,0,{},not_delivered_not_automatically_missing,,False,,False,
80a7d1466cc95584c7ced5cc77bd442d10c36b4b9e97311ea7d0952fff04ea9f,A48CF,TEXT,Home Number RW 01 FDT 1,NN-175,mapped,1,"{""IMB"": 1}",delivered,,False,,False,
80b165152df6e88adf428c723191e5ba43340124299e9148047499d201558f05,A49C2,POINT,BASIC MAP_PT,,graphic_only,0,{},not_delivered_not_automatically_missing,,False,,False,
80e5e7fdc627d0c88e6d180f5bb4547ba3b45463942a40bde4d9bc5def61e5e6,A5C75,TEXT,NEW POLE 7m (3 inches) FDT 2,MR.TGGR04-2.P050,annotation,0,{},not_delivered_not_automatically_missing,,False,,False,
80ece74a0eb04d559bd0de4bc25c153f9ed30fa67c85e9c673f04f8d94c20add,A49A1,TEXT,Home Number RW 01 FDT 2,NN-404,mapped,1,"{""IMB"": 1}",delivered,,False,,False,
80f1d637c6898f8f4d2ccae78a5310278892fef86ae5a63b1804c8da02edf463,A4470,LWPOLYLINE,HOME,,graphic_only,0,{},not_delivered_not_automatically_missing,,False,,False,
8133607e2484d96f32ad5cc6bd772ceeed0d309a6cef085fa37f035ab168202e,A446E,LWPOLYLINE,HOME,,graphic_only,0,{},not_delivered_not_automatically_missing,,False,,False,
81421f30799ad71d196f0f420220e298c27e6f642fc7a7851919a14382889bf0,A4BDA,POINT,BASIC MAP_PT,,graphic_only,0,{},not_delivered_not_automatically_missing,,False,,False,
81514c8303253e1843089e7cf331256432631d51ab8883858008603b74524dc7,A4B56,LWPOLYLINE,HOME,,graphic_only,0,{},not_delivered_not_automatically_missing,,False,,False,
8157618cf31c0b806ecca17556724f9429a93a4bc227b3abff9ed9f03c1b7dc9,A5BCF,POINT,BASIC MAP_PT,,graphic_only,0,{},not_delivered_not_automatically_missing,,False,,False,
819308a419b756e2f68a3d2396006d3517f64402cb8ea97b0ff692050f41c83e,A486D,TEXT,Home Number RW 01 FDT 1,NN-347,mapped,1,"{""IMB"": 1}",delivered,,False,,False,
81bc36d3c706fca1f6e29c58f536301169bc1bda0c2980c937367ab4d7fa9e6c,A45AA,LWPOLYLINE,HOME,,graphic_only,0,{},not_delivered_not_automatically_missing,,False,,False,
81e6d82e4183e8768e93886877fb5dffbe6b4b44b3e578828c33e51f0a22ace4,A486C,POINT,BASIC MAP_PT,,graphic_only,0,{},not_delivered_not_automatically_missing,,False,,False,
82276482f56cf699b13fbb78493a673604797dda005a9498f19bcb235c7ee098,A4BA5,TEXT,NEW POLE 7M 2.5INCH FDT 1,MR.TGGR04-1.P018,annotation,0,{},not_delivered_not_automatically_missing,,False,,False,
824c3febecfe9beea863b9f703a98cfdf0122e966754590096398c5ddbf7ac64,A48CA,POINT,BASIC MAP_PT,,graphic_only,0,{},not_delivered_not_automatically_missing,,False,,False,
828205d0d82b080b70a1c7d98688c11a9a4c3a590948ec8be673c4113182719e,A5AE9,INSERT,NEW POLE 7m (3 inches) FDT 1,,mapped,1,"{""PTECH"": 1}",delivered,,False,,False,
8284325d53c49eb8a158615e98630f4e615d98c7b759ee9134ab072708da94bc,A486E,POINT,BASIC MAP_PT,,graphic_only,0,{},not_delivered_not_automatically_missing,,False,,False,
828c8b7ffa13a6adf648c9553aa0e129f0fef9b616b7d6da05a4a3848da18d1d,A4A55,TEXT,Home Number RW 01 FDT 2,NN-47,mapped,1,"{""IMB"": 1}",delivered,,False,,False,
828e4e0c15574b7aad8495befe6aa56ef4706dcc60996ad6c503da7a4d9bb9f5,A44D0,LWPOLYLINE,HOME,,graphic_only,0,{},not_delivered_not_automatically_missing,,False,,False,
82b9d8acde4b094d4a5610073223860af18b999631e4d00530b0f5a04f81f288,95CCC,TEXT,POLE ID,Penanda 387,annotation,0,{},not_delivered_not_automatically_missing,,False,,False,
82f594d78ae5ba7ef0ad8e03ac9ee4c30736d6d5fcbb3608569f9bee4928152a,A5F7A,MTEXT,Label,24,annotation,0,{},not_delivered_not_automatically_missing,,False,,False,
82fff040e874251401a623149c52429e2725ef115baf1fbb16317cebbff5d6f9,A5C82,TEXT,NEW POLE 7m (3 inches) FDT 2,MR.TGGR04-2.P056,annotation,0,{},not_delivered_not_automatically_missing,,False,,False,
831780df07af2efc1c6d3623dc3908352f25b3540368ace09c595e5697fd4db4,A48B9,TEXT,Home Number RW 01 FDT 1,NN-162,mapped,1,"{""IMB"": 1}",delivered,,False,,False,
831bc9119020a3e41b70f12c7a3ea87e7686e888088713c806fa5f8ef18a074d,A4907,TEXT,Home Number RW 01 FDT 1,NN-121,mapped,1,"{""IMB"": 1}",delivered,,False,,False,
831e8a81f59e7647833f5269c04f3211ed66c4c1c0cf4d83e05d3d1cb97042fe,A49C0,POINT,BASIC MAP_PT,,graphic_only,0,{},not_delivered_not_automatically_missing,,False,,False,
832d7770356f90b76e06dd63938a1ea1d84b8e801b4613265fc9ffa011a6083f,A4545,LWPOLYLINE,HOME,,graphic_only,0,{},not_delivered_not_automatically_missing,,False,,False,
8334fa4c41b53b9c3fb15ea4027e72fdae651269f9bd32a4f9b5d6e71c53d4da,A4A7C,POINT,BASIC MAP_PT,,graphic_only,0,{},not_delivered_not_automatically_missing,,False,,False,
835b78e63ef12d4012c86fa9d8187086552534bffe0c2e733f64b4b090e592e6,A49AC,POINT,BASIC MAP_PT,,graphic_only,0,{},not_delivered_not_automatically_missing,,False,,False,
83aad3a1a6549cc3e42695aa43dc0ec954795ffdf8111c14cfd2ac8d1954c500,A49A6,POINT,BASIC MAP_PT,,graphic_only,0,{},not_delivered_not_automatically_missing,,False,,False,
83cdadb065eb01e1448407408dc758119792c487d1474a8e1f8e82b7a6d07a13,A5F55,MTEXT,Label,48,annotation,0,{},not_delivered_not_automatically_missing,,False,,False,
83e1b0cc735dfd8875b6e147a54e9bc9a1bd325fa1350bf23ea8f766f9f01cd0,95C7A,TEXT,POLE ID,Penanda 346,annotation,0,{},not_delivered_not_automatically_missing,,False,,False,
83e94f1329d0695e4fb2b77837dc9e5aed436181639bd19fcd78df739a350221,A413F,LWPOLYLINE,BASIC MAP,,graphic_only,0,{},not_delivered_not_automatically_missing,,False,,False,
83ebffa0915a0830ab64116565da3f8e7e68642b0bc90ad174b6f14969be5aee,A5FAD,LWPOLYLINE,BOUNDARY FDT 1,,mapped,1,"{""ZNRO"": 1}",delivered,,False,,False,
83ec586102dc50794c39123fd34052fcf5a938a42883b59aa12dcd2d06acb29f,A4445,LWPOLYLINE,HOME,,graphic_only,0,{},not_delivered_not_automatically_missing,,False,,False,
843b94912f1d7321494df03173f6df8f24ca85182c6902d9a47e5f93123687e0,A4579,LWPOLYLINE,HOME,,graphic_only,0,{},not_delivered_not_automatically_missing,,False,,False,
8449360aa11c05563bd8162840c4e9373ac5bf45d024dc59b3fd26144203c722,A4A45,TEXT,Home Number RW 01 FDT 2,NN-232,mapped,1,"{""IMB"": 1}",delivered,,False,,False,
846a4893b9243cdfc080e5e54cfa2185c265699ae4b40ddff6098b457ce0338c,A47E8,POINT,BASIC MAP_PT,,graphic_only,0,{},not_delivered_not_automatically_missing,,False,,False,
84ac83562818c3b88e81515d5476a89f9b427cd0c540ec3895dfc59b360147f6,A5C88,POINT,BASIC MAP_PT,,graphic_only,0,{},not_delivered_not_automatically_missing,,False,,False,
84aec81f04295c107a37f091be28ee248bcb1731076a0fbd89df5c3c71cafa4f,9E81A,TEXT,BASIC MAP_PT_DES,A04,annotation,0,{},not_delivered_not_automatically_missing,,False,,False,
84c1d896aa0b0228aa3ec7ca9996c360d201cddf94dda97c632504d68dc088fc,A4582,LWPOLYLINE,HOME,,graphic_only,0,{},not_delivered_not_automatically_missing,,False,,False,
84e770c7c0d471c4fd470d90a74aac303dcfa7be31a32138dfa21352abc9e20e,9E7F7,TEXT,BASIC MAP_PT_DES,2,annotation,0,{},not_delivered_not_automatically_missing,,False,,False,
84fa49b07f963e1eb622a1ee0605a5bf6aaa15a948fc4f3a63e0d94ea416f7f1,A5B05,INSERT,NEW POLE 7M 2.5INCH FDT 1,,mapped,1,"{""PTECH"": 1}",delivered,,False,,False,
8516872782d0082c5bfc7bb59e326f67a0a48bc053c7d7d878bf4e9e7735fe08,A45B0,LWPOLYLINE,HOME,,graphic_only,0,{},not_delivered_not_automatically_missing,,False,,False,
851c1ff32b9869177953e082b248194ead2d20a031aad91aa6d0c0302b274c6e,A4869,TEXT,Home Number RW 01 FDT 1,NN-349,mapped,1,"{""IMB"": 1}",delivered,,False,,False,
85702beb9e9131ec48c686edeb285b2851cda11ff53586f5e4825fed150b05eb,A4BDB,TEXT,NEW POLE 7m (3 inches) FDT 1,MR.TGGR04-1.P026,annotation,0,{},not_delivered_not_automatically_missing,,False,,False,
85d5cd3ccd3cc59ef2ee8a180a52e0f909cabf84e36493a60077b97139d30102,A5C7A,POINT,BASIC MAP_PT,,graphic_only,0,{},not_delivered_not_automatically_missing,,False,,False,
85da99d25810d8e86aa7d3b7cadbfb950841bb1aa0d8e1210679f27a30a30ebc,A4AB8,POINT,BASIC MAP_PT,,graphic_only,0,{},not_delivered_not_automatically_missing,,False,,False,
85f4a75407e41bfccc902353102e86671d97434fa9375c9705c98b05e683e45a,A5F4E,MTEXT,Label,34,annotation,0,{},not_delivered_not_automatically_missing,,False,,False,
862b2136ee270b9232fda765ae738fa6d3d50e57c4c70a36caa34150d3f9cdd9,A4BCD,POINT,BASIC MAP_PT,,graphic_only,0,{},not_delivered_not_automatically_missing,,False,,False,
863bf561ab9b267fb672ba1234f5ec39e57d301b93017bb6be6883b7ae0f6171,A4A95,TEXT,Home Number RW 01 FDT 2,NN-18,mapped,1,"{""IMB"": 1}",delivered,,False,,False,
866f16ba53efbf243a26db92c6484faff82b3964b1ec1c5268d89ffea07ae164,A5C80,TEXT,NEW POLE 7m (3 inches) FDT 2,MR.TGGR04-2.P055,annotation,0,{},not_delivered_not_automatically_missing,,False,,False,
86742ba04a49d462ec62d91c91152521be8aa50611202eafa30f197ce981f709,A43FB,LWPOLYLINE,HOME,,graphic_only,0,{},not_delivered_not_automatically_missing,,False,,False,
8697ac925f118607d32e3de2d83ff8aa83a89bf78e7748e087464c5d2405a9c1,A5B21,INSERT,NEW POLE 7M 2.5INCH FDT 1,,mapped,1,"{""PTECH"": 1}",delivered,,False,,False,
86bfe9bcebe7b178d03955edcce310010b94685c4d44660f942a58354f75ed6c,A5EC4,ATTDEF,FAT,16,annotation,0,{},not_delivered_not_automatically_missing,,False,,False,
86d164e06c3b3ad7fb1a537be2414e6cf1b2df6a752b50411d7f91d5fcca3be7,A44CB,LWPOLYLINE,HOME,,graphic_only,0,{},not_delivered_not_automatically_missing,,False,,False,
86ef236b0526b51a02326764892b8ce6d59980031ac91d4b45381ed60a200659,A4BB3,TEXT,NEW POLE 7m (3 inches) FDT 1,MR.TGGR04-1.P005,annotation,0,{},not_delivered_not_automatically_missing,,False,,False,
8701c6e09a8242590b10b4a65970f808c7c6a2c0e34d96a43c39b26b80ece491,A5C49,POINT,BASIC MAP_PT,,graphic_only,0,{},not_delivered_not_automatically_missing,,False,,False,
8727d9f7d532bb204f9c9a87da721ad7143f11c8facd662d169ec8048e9b3caf,9E8BC,TEXT,BASIC MAP_PT_DES,9,annotation,0,{},not_delivered_not_automatically_missing,,False,,False,
872c3a1b672fc481b5f3da208a84a6e4641d9d44e04fdcc063d1853eef62b5ec,A48B0,POINT,BASIC MAP_PT,,graphic_only,0,{},not_delivered_not_automatically_missing,,False,,False,
8742e05d16248bb4f1d4c8c61fd85c9a8866cc5a0cc7834352b20a43aaa00a8d,A4937,TEXT,Home Number RW 01 FDT 2,NN-455,mapped,1,"{""IMB"": 1}",delivered,,False,,False,
87699e408f9be0ebbac2f6fd2da5726a8b44eeff590c3f39618b4e1daba49c2f,A4864,POINT,BASIC MAP_PT,,graphic_only,0,{},not_delivered_not_automatically_missing,,False,,False,
87d8899eb9e6ba05f3538e5c17b7194dacaf0f2aa8403958c8804efa6b78f866,A4944,POINT,BASIC MAP_PT,,graphic_only,0,{},not_delivered_not_automatically_missing,,False,,False,
87e50102f35ed627e1be466b05c6e8890fb0a03cff40704a9d7ae28f6910cce8,A4AC5,TEXT,Home Number RW 01 FDT 2,NN-199,mapped,1,"{""IMB"": 1}",delivered,,False,,False,
87f6d06ab068fceeebc9e9661b964bdf41ee7414064800e451a460f2788a25ae,A5A3A,INSERT,EXT POLE FDT 1,,mapped,1,"{""PTECH"": 1}",delivered,,False,,False,
881dff94be2a9348bba7df0ade21cec1910f1d3e678d78b45f00a6073f218a43,A44C3,LWPOLYLINE,HOME,,graphic_only,0,{},not_delivered_not_automatically_missing,,False,,False,
8820d563b34c2cae11d7d918e6ca9f647555615080aa7a6368bf535139c35fc7,A44C4,LWPOLYLINE,HOME,,graphic_only,0,{},not_delivered_not_automatically_missing,,False,,False,
88569809f4c9e1938601005782b6c569339ba29a063503c4e68c442c99268eeb,A48A0,POINT,BASIC MAP_PT,,graphic_only,0,{},not_delivered_not_automatically_missing,,False,,False,
88a6145707cc4ff3a9b99fc6d22a117e8ab9372f3a2d7dffd4f34f58d7b5f947,A446B,LWPOLYLINE,HOME,,graphic_only,0,{},not_delivered_not_automatically_missing,,False,,False,
88ccd1d358144c6015a0954766e312bfca239ec698bb828c2d675ed31df69d57,A4B17,TEXT,Home Number RW 01 FDT 2,NN-149,mapped,1,"{""IMB"": 1}",delivered,,False,,False,
890f5d385f16a8c918e0393106119c68f6496558f7193a6275da6304a0211b48,A4B8A,TEXT,FAT CODE,TGGR04-1.022.A09,annotation,0,{},not_delivered_not_automatically_missing,,False,,False,
89179d2385fda97fdf4077126cb4e8fc0e3946081f00dc0088011fb0c26ac152,A4B3A,LWPOLYLINE,HOME,,graphic_only,0,{},not_delivered_not_automatically_missing,,False,,False,
891d1562ace01bbd9f9a2373e93b90e8828b5a2a470b28fc824ff416c7471cbc,A49E1,TEXT,Home Number RW 01 FDT 2,NN-439,mapped,1,"{""IMB"": 1}",delivered,,False,,False,
8957f6a0a6b6e505501682d10d695720cb8ae120909993804e2181540661b954,A5C42,POINT,BASIC MAP_PT,,graphic_only,0,{},not_delivered_not_automatically_missing,,False,,False,
897b2e065ea8ee880e361f7e9bcb305814c78613d509a7e7df8ab75bcd51b474,A4901,TEXT,Home Number RW 01 FDT 1,NN-125,mapped,1,"{""IMB"": 1}",delivered,,False,,False,
898933f130163ff43c52f8e94cba3d08737e60760c1a5ba01e1524244604f459,A440F,LWPOLYLINE,HOME,,graphic_only,0,{},not_delivered_not_automatically_missing,,False,,False,
89ba991f31c6a4814fa575a39d4aab6dfba8a0052fbe2945094d01f0672b7a0d,A4AE3,TEXT,Home Number RW 01 FDT 2,NN-427,mapped,1,"{""IMB"": 1}",delivered,,False,,False,
89e7903e6f1203820255bd170722b807681f0aef21d7b876e455988bc746be4c,A4931,TEXT,Home Number RW 01 FDT 2,NN-459,mapped,1,"{""IMB"": 1}",delivered,,False,,False,
89f28961f8efdde75e2c2e3e61f4b90925fb02d051ad424808fe4f5633fd5423,A5E15,INSERT,NEW POLE 7M 2.5INCH FDT 2,,mapped,1,"{""PTECH"": 1}",delivered,,False,,False,
8a01e7524925fe144ec158cd7172045e56cc4e725c508cce568f5b632809c24b,A4896,POINT,BASIC MAP_PT,,graphic_only,0,{},not_delivered_not_automatically_missing,,False,,False,
8a2e27e03cdf9d9cad621a9328323fddc01a59ba31f8d8621c9b527cc4dbf367,A5B6C,LWPOLYLINE,SLING WIRE FDT 1,,mapped,2,"{""CABLE"": 1, ""INFRASTRUCTURE"": 1}",delivered,,False,,False,
8a51771304704ab62204f3728a648bf45732655967eb54c682472b348e394fd5,A44C2,LWPOLYLINE,HOME,,graphic_only,0,{},not_delivered_not_automatically_missing,,False,,False,
8a9ad4ba16b41855961cb3531ca20a68320575282066ee5376a80ea8dd85afbd,A5BFA,TEXT,BASIC MAP_PT_DES,2,annotation,0,{},not_delivered_not_automatically_missing,,False,,False,
8a9eec2e50c70e6ed97308c4a4de19df8a7d4a5e692f3736ff4c1c34c01f0215,95CCA,TEXT,POLE ID,Penanda 386,annotation,0,{},not_delivered_not_automatically_missing,,False,,False,
8aa60dec2873ad1f401662dec54c976411c8a11e88f61268e4b3eb3da128804d,95C80,TEXT,POLE ID,Penanda 349,annotation,0,{},not_delivered_not_automatically_missing,,False,,False,
8aacf215223812b958e868a2588adefe01aa7722f4f23fad008fa077e3cad25f,A5F2D,MTEXT,Label,22,annotation,0,{},not_delivered_not_automatically_missing,,False,,False,
8ac66cc7839d6752b76d39c31beee16bac9314c5cbbf1f579801b24571e24466,A4B75,TEXT,FAT CODE,TGGR04-1.022.A02,annotation,0,{},not_delivered_not_automatically_missing,,False,,False,
8acdc1c057fca187f0559a4cdb82d0ad4b377ba41f3b6008219b74973814b1e3,A5C67,TEXT,NEW POLE 7m (3 inches) FDT 2,MR.TGGR04-2.P039,annotation,0,{},not_delivered_not_automatically_missing,,False,,False,
8ad0cced6ab3c3acc34fc05f2543cdcc75c5911c47b431b2c41477d59c7f8366,A48E0,POINT,BASIC MAP_PT,,graphic_only,0,{},not_delivered_not_automatically_missing,,False,,False,
8ad2add4a8c08a1d40ded7da3d90696a0ed4b7b33b175ccd045d68bd789d48e3,A5C23,TEXT,NEW POLE 7M 2.5INCH FDT 2,MR.TGGR04-2.P066,annotation,0,{},not_delivered_not_automatically_missing,,False,,False,
8ad4b2d8a60c2d34b39f3855b7c32cb012af510fce059ad06ef4e5b34a6bbabf,A4A8E,POINT,BASIC MAP_PT,,graphic_only,0,{},not_delivered_not_automatically_missing,,False,,False,
8ad9095e077b3cb29745674c229d4fbb8a56406f5cb3e2b2dcb22fca75a5de85,958A2,TEXT,POLE ID,Penanda 109,annotation,0,{},not_delivered_not_automatically_missing,,False,,False,
8ae3134298ad59cf9dd1856ea493279abc054ec4a4ccc148aafd6e8fcd95c0fc,A4804,POINT,BASIC MAP_PT,,graphic_only,0,{},not_delivered_not_automatically_missing,,False,,False,
8b1e23cf5930093dfe16df5785c75983b0def8add3800dacbd771acea1bb689d,A5F8E,MTEXT,Label,31,annotation,0,{},not_delivered_not_automatically_missing,,False,,False,
8b27562b36113833eabf41003c278e2372b3730ea98c54d96cd9542040f5fb4e,A4AFF,TEXT,Home Number RW 01 FDT 2,NN-112,mapped,1,"{""IMB"": 1}",delivered,,False,,False,
8b47757ee39e3484f1bda6cf720d36190540bb6dd41da198f26965e92b3209ed,A4899,TEXT,Home Number RW 01 FDT 1,NN-153,mapped,1,"{""IMB"": 1}",delivered,,False,,False,
8b5685a32c3d939e476286fb36960d375d1991e4953bdb34ac10b438855cc576,A4B5E,LWPOLYLINE,HOME,,graphic_only,0,{},not_delivered_not_automatically_missing,,False,,False,
8b64daa1cc8020d1c4811781361cc0abbd037805b11803e9e1a8142ed33b601c,A5F2F,MTEXT,Label,28,annotation,0,{},not_delivered_not_automatically_missing,,False,,False,
8b6af7618da26cafe0d77e9180ea1d2124b77081ece4fea0fab4fa81399e91bb,A5BB5,TEXT,BASIC MAP_PT_NUM,TGGR04-2.023.A06,annotation,0,{},not_delivered_not_automatically_missing,,False,,False,
8b85830a4f6fb0c8538ddd8ce1d03d6732a95542220eb83dd7ce0e98695e29ea,A4531,LWPOLYLINE,HOME,,graphic_only,0,{},not_delivered_not_automatically_missing,,False,,False,
8be203d8d481e817dae345fd01fd45216aab358a72b54ab02874f1edad2866c2,A48AD,TEXT,Home Number RW 01 FDT 1,NN-186,mapped,1,"{""IMB"": 1}",delivered,,False,,False,
8be46d88285287440aae935791640572d685bf876e4d3182ffbe6ab1624fed2f,A5AE2,INSERT,NEW POLE 7m (3 inches) FDT 1,,mapped,1,"{""PTECH"": 1}",delivered,,False,,False,
8be9a14e7dfa6e197e79e48cbbaf94571296c0118ddd73373eb8e64165883fbe,A4836,POINT,BASIC MAP_PT,,graphic_only,0,{},not_delivered_not_automatically_missing,,False,,False,
8bf3921c7cf2078b7580fa63c120a54e86b6733e7c169e562ec66d88901cfb37,A44E9,LWPOLYLINE,HOME,,graphic_only,0,{},not_delivered_not_automatically_missing,,False,,False,
8c118a096d652300af8dc53c493f2d98e7549033713c8ee00bd6e72c00ce10b5,A5BB6,TEXT,BASIC MAP_PT_DES,A06,annotation,0,{},not_delivered_not_automatically_missing,,False,,False,
8c3b01dcbf7eaa74db9c4bce7a971d9e59be99cd616332b49d3058093a0a8780,A5F42,MTEXT,Label,31,annotation,0,{},not_delivered_not_automatically_missing,,False,,False,
8c4863b50fa8761e107ecbc4f87af321f39fd2c87234a8b73df18f56a8aeb025,A4487,LWPOLYLINE,HOME,,graphic_only,0,{},not_delivered_not_automatically_missing,,False,,False,
8c7b14663f433c7dee3fb321b2afa75e65bf6caeaddd00bad1681893fee6bf6e,A43F7,LWPOLYLINE,HOME,,graphic_only,0,{},not_delivered_not_automatically_missing,,False,,False,
8c827b012c847b958a14bf9eff6aebb77c7b2d70283ab228ff0fae047eaa9cbc,9E91A,TEXT,BASIC MAP_PT_DES,9,annotation,0,{},not_delivered_not_automatically_missing,,False,,False,
8c891a0cb09573a047c53091ad2989c4a6b5e063859afdd167e888dee9971377,A5E2A,INSERT,NEW POLE 7M 2.5INCH FDT 2,,mapped,1,"{""PTECH"": 1}",delivered,,False,,False,
8c964a52083b3152fa764db947bfd71fd7a8c2d28d8dbd4a30878772ceb2f486,A5BA1,LWPOLYLINE,FDT,,graphic_only,0,{},not_delivered_not_automatically_missing,,False,,False,
8ca7c439a2b471c376d62907db032abc32f3550de53445dafc5f049a654f4f20,A44BC,LWPOLYLINE,HOME,,graphic_only,0,{},not_delivered_not_automatically_missing,,False,,False,
8cc74e5331c4001daa6ecb721145a7d39967a19e14f4e387cb44db50bdb17275,A4ADB,TEXT,Home Number RW 01 FDT 2,NN-5,mapped,1,"{""IMB"": 1}",delivered,,False,,False,
8cc84ed9dc880e587be7226e0ca665dfbc749e877170edeca5d261d494df6e7c,A4949,TEXT,Home Number RW 01 FDT 2,NN-54,mapped,1,"{""IMB"": 1}",delivered,,False,,False,
8ce991a2b54d9a27c0ce15723eba87c0f9d400688c909dc4d4cbff2d2dcaea65,A486B,TEXT,Home Number RW 01 FDT 1,NN-348,mapped,1,"{""IMB"": 1}",delivered,,False,,False,
8d1fb226954bbdb7a113e6bbafbd8f7da30e5f22d53a508dd25780d7f747336b,A4528,LWPOLYLINE,HOME,,graphic_only,0,{},not_delivered_not_automatically_missing,,False,,False,
8d27ac80a3656d928576793a54c354e1a6981b7c0b118f72fb0f9e25f795d199,95C96,TEXT,POLE ID,Penanda 360,annotation,0,{},not_delivered_not_automatically_missing,,False,,False,
8d4f9d34684b1e242777558b1c0fea720c46be4a67b4637e5f2076cfb32febdf,A43FD,LWPOLYLINE,HOME,,graphic_only,0,{},not_delivered_not_automatically_missing,,False,,False,
8d76c0a553653d658a2c0d27300db5f4812f3d5c00618da4174dce2ab310459c,A43FA,LWPOLYLINE,HOME,,graphic_only,0,{},not_delivered_not_automatically_missing,,False,,False,
8d8db9e341f76b8f42be702adb46ac9b38b372568a44f5e4afa69717927dbfd5,A4527,LWPOLYLINE,HOME,,graphic_only,0,{},not_delivered_not_automatically_missing,,False,,False,
8d96d142b01dbcf0fc753c144f5724c122de4ba6c34359de18f9cc5c86b0b6c2,A4A33,TEXT,Home Number RW 01 FDT 2,NN-305,mapped,1,"{""IMB"": 1}",delivered,,False,,False,
8dae725562a9b760d5fdd2bbba21f03f2794ac8e313f77649ca2a47b6dae0502,A47D4,POINT,BASIC MAP_PT,,graphic_only,0,{},not_delivered_not_automatically_missing,,False,,False,
8dbe6e43c5dce2fa20363ffd93940bb08fa21730094394b9dafc4deee5ed806e,A414C,LWPOLYLINE,BASIC MAP,,graphic_only,0,{},not_delivered_not_automatically_missing,,False,,False,
8df99cff6721be6194611c6ec6b11037fa8316b740c58dacc9023587dc8b427f,A4888,POINT,BASIC MAP_PT,,graphic_only,0,{},not_delivered_not_automatically_missing,,False,,False,
8dfd19d97e4ebcdecc0bacdf0ea5a05d073e415fe5ccba8635b500b67a9c85c6,A5D51,INSERT,NEW POLE 7m (3 inches) FDT 2,,mapped,1,"{""PTECH"": 1}",delivered,,False,,False,
8e5282ae1be432a3338ce1f46bb8a9b666bd833c886414683ae73b7058e97edb,A495A,POINT,BASIC MAP_PT,,graphic_only,0,{},not_delivered_not_automatically_missing,,False,,False,
8e52a4d05849045d57307410cee949adfddda2f40f2335476d29da39ea2db290,A5EEE,LWPOLYLINE,FAT,,graphic_only,0,{},not_delivered_not_automatically_missing,,False,,False,
8e52b2ca9414e44d958a63e0904c04b9fac7d8151956c0ccbcea932e75ebc0c3,A4558,LWPOLYLINE,HOME,,graphic_only,0,{},not_delivered_not_automatically_missing,,False,,False,
8e5f0d60dfd00bed1787edbd0e114ff841ce63981c876cf6f2e162a180eb043d,A4134,LWPOLYLINE,BASIC MAP,,graphic_only,0,{},not_delivered_not_automatically_missing,,False,,False,
8ea707ff6135f171028d122846da5f032349dcc7543ffa9f17f0cd9336a7fcdc,A5F51,MTEXT,Label,22,annotation,0,{},not_delivered_not_automatically_missing,,False,,False,
8ea821bdeae01328cba7a52e1c217fc9b6e7dc206b32a446fca03ceede8b2103,A4964,POINT,BASIC MAP_PT,,graphic_only,0,{},not_delivered_not_automatically_missing,,False,,False,
8ead90179bd39c0049b258c4f7b6a8908ace4e4cef0470c285666c74e4f12b28,A5C5F,TEXT,NEW POLE 7m (3 inches) FDT 2,MR.TGGR04-2.P034,annotation,0,{},not_delivered_not_automatically_missing,,False,,False,
8ebc4c1e06e72eb71cfeb3345e148ab1af64a505b11f0bfa07c09d03639e7d39,A4B8B,TEXT,BASIC MAP_PT_DES,A09,annotation,0,{},not_delivered_not_automatically_missing,,False,,False,
8ebf264ef1ddc34d5ce4162da3e88542c5dd8acc62ee324cf97067525caed433,95CA2,TEXT,POLE ID,Penanda 366,annotation,0,{},not_delivered_not_automatically_missing,,False,,False,
8ed055e749cdf6d634c5f0f323dec5cf9af1e48fb0a6e8b35bcfbeaf903a52dd,A456E,LWPOLYLINE,HOME,,graphic_only,0,{},not_delivered_not_automatically_missing,,False,,False,
8f1d8cd8626bccdfee1a24f36d700ac2822f9fee5b4d06ada5cdb6d493c7dac0,9B25B,TEXT,BASIC MAP_PT_DES,A03,annotation,0,{},not_delivered_not_automatically_missing,,False,,False,
8f5f025e604c539515bf1f1ecc42a521318053f46e27b097500c4cf3fbfa4f50,A49F5,TEXT,Home Number RW 01 FDT 2,NN-433,mapped,1,"{""IMB"": 1}",delivered,,False,,False,
8f6bf5f4f99438277f8778c4cf29872ea8f0eddac9d0feef42fdec5f0a43ab59,A5C9B,INSERT,NEW POLE 7m (3 inches) FDT 2,,mapped,1,"{""PTECH"": 1}",delivered,,False,,False,
8f89da3d66aac256e4cadcf63ea16dbd1ca2f353ed1997155d2a3096fc6b33e6,A4474,LWPOLYLINE,HOME,,graphic_only,0,{},not_delivered_not_automatically_missing,,False,,False,
8f993ccdb1347cd917b2e196255c19ca30983b866cc01615e0b4249bd1b42b00,A5F68,MTEXT,Label,30,annotation,0,{},not_delivered_not_automatically_missing,,False,,False,
8f9bd9d839e0c02034f496871644d3ed5f4f60eac0adfcf25359f67ce1bfa3ec,A450A,LWPOLYLINE,HOME,,graphic_only,0,{},not_delivered_not_automatically_missing,,False,,False,
8f9c72db03fe788849d0e8e0cefaf2e29fa3a73415c5f1340b9299d80aa5290b,A5B8B,ATTDEF,FAT,16,annotation,0,{},not_delivered_not_automatically_missing,,False,,False,
8fc6dafdd929cb45e3132a6fef65a75e6772f878708b6112eaf48a03958d7fd8,A5F72,MTEXT,Label,31,annotation,0,{},not_delivered_not_automatically_missing,,False,,False,
8fddebebd1488877e7b688873e7dca921f4c618014c5490fdf05f6a32d0f1703,A44EA,LWPOLYLINE,HOME,,graphic_only,0,{},not_delivered_not_automatically_missing,,False,,False,
902b1351ca30cf6d686632fe1253b16b8c872fe568d4fe3154dd422c01c540dd,A44D4,LWPOLYLINE,HOME,,graphic_only,0,{},not_delivered_not_automatically_missing,,False,,False,
9041169020e384acb595409bfa40c1011ca6c53e07780adbb225f22d331ec0dc,A5F64,MTEXT,Label,42,annotation,0,{},not_delivered_not_automatically_missing,,False,,False,
9042ec54ab9f7172280310f8d5b2e8031ff84bbd739f66e804fc7abb73a1d9c3,A5C6F,TEXT,NEW POLE 7m (3 inches) FDT 2,MR.TGGR04-2.P046,annotation,0,{},not_delivered_not_automatically_missing,,False,,False,
906a79504541c0cb8da64331f8399246d0acb7fc4ebe4e6cc9a1ebd1f65babf6,A4928,POINT,BASIC MAP_PT,,graphic_only,0,{},not_delivered_not_automatically_missing,,False,,False,
906f27cb3c8627bdce666353c1f2e8f2979b5d76da48897d0bdb73b8d30040f5,A4A05,TEXT,Home Number RW 01 FDT 2,NN-40,mapped,1,"{""IMB"": 1}",delivered,,False,,False,
90a539474d02de87be88a8f37b86dc5bc95fb4e58d65f530588e50e97e1e7bb6,A5BF3,TEXT,NEW POLE 7M 2.5INCH FDT 2,MR.TGGR04-2.P018,annotation,0,{},not_delivered_not_automatically_missing,,False,,False,
90a6174c9a071aa4a35c517f682674e06181ebef2606df33e147dc8ff96ddc6b,A443C,LWPOLYLINE,HOME,,graphic_only,0,{},not_delivered_not_automatically_missing,,False,,False,
90c46a494cbf4898c9fd28932b3e756cb3d50870b66394d635c36042123ac713,95CC0,TEXT,POLE ID,Penanda 381,annotation,0,{},not_delivered_not_automatically_missing,,False,,False,
90f40aba339ad55fc801a133e4dafe679f113ca269a1f42aff037a49e033a043,A5F67,MTEXT,Label,15,annotation,0,{},not_delivered_not_automatically_missing,,False,,False,
90f58de87ac9e6c88bc4bcbe6136db1ffa3c3d2478fa99a5f47bb9f282d26938,A4A38,POINT,BASIC MAP_PT,,graphic_only,0,{},not_delivered_not_automatically_missing,,False,,False,
9121ebbcd85ccc83efa515fe42e6436eff2f26b7e1cd217b3838023705a5eb8c,A4ABA,POINT,BASIC MAP_PT,,graphic_only,0,{},not_delivered_not_automatically_missing,,False,,False,
915393593773a93c2751fafd5e3329ec69154542c9fabd0237d285be9b175a32,A480C,POINT,BASIC MAP_PT,,graphic_only,0,{},not_delivered_not_automatically_missing,,False,,False,
91770dc14d4790d77358f56c7f693845bfefed4c87410aa9dcf89e38d3b98296,A5C71,TEXT,NEW POLE 7m (3 inches) FDT 2,MR.TGGR04-2.P047,annotation,0,{},not_delivered_not_automatically_missing,,False,,False,
919f15cce2a7faffdc0497cd8c10aad0a40968fe2145c68fe1f080e85d208dae,A5C1E,TEXT,BASIC MAP_PT_DES,2,annotation,0,{},not_delivered_not_automatically_missing,,False,,False,
91cf34321fe12d5339e1dabd6046a4e7511211f6f8cbe3ba54dc5a695bfe14c6,9E7E8,TEXT,BASIC MAP_PT_DES,2,annotation,0,{},not_delivered_not_automatically_missing,,False,,False,
92057c9a0dae650e8ad1ebef1043d315373dbb8ce04680bdbcf304f239653528,9E7E5,TEXT,BASIC MAP_PT_DES,2,annotation,0,{},not_delivered_not_automatically_missing,,False,,False,
9225eed3e54383763d4c3e8aaa9e981b4c292c600ee2f6025643b1b2c54be165,A4829,TEXT,Home Number RW 01 FDT 1,NN-316,mapped,1,"{""IMB"": 1}",delivered,,False,,False,
92316f2d89ce221b3b13a927349b04a4374bbd1376dee2c32eee664da35f0c6c,A5F5C,MTEXT,Label,32,annotation,0,{},not_delivered_not_automatically_missing,,False,,False,
9242a873392e4edb7dedd508f07e4c376074cbb03164ccf79bc5c2cab86948ec,A4910,POINT,BASIC MAP_PT,,graphic_only,0,{},not_delivered_not_automatically_missing,,False,,False,
9258efa61970634276336711ab05b9bf4ee59f0b5f5a1a79cbac55882eedf155,A4811,TEXT,Home Number RW 01 FDT 1,NN-285,mapped,1,"{""IMB"": 1}",delivered,,False,,False,
925963d8ffd60ab6b0c1736da98656c0a2774cb007f6b50f7673626a0f8a3dea,A483B,TEXT,Home Number RW 01 FDT 1,NN-269,mapped,1,"{""IMB"": 1}",delivered,,False,,False,
9266648fa8988e8f658e75dbe3528ea2e701585f156802945b7f43602db68f2c,A412D,LWPOLYLINE,BASIC MAP,,graphic_only,0,{},not_delivered_not_automatically_missing,,False,,False,
92708dbb8af1a4c83de536830218f45304e2babcc098a837e4e2849926e6f33f,A4555,LWPOLYLINE,HOME,,graphic_only,0,{},not_delivered_not_automatically_missing,,False,,False,
927370cf60bd43e5e06e3674c21931342b467f3c77fb99dda78c8a0950d48a26,A4B1F,TEXT,Home Number RW 01 FDT 2,NN-243,mapped,1,"{""IMB"": 1}",delivered,,False,,False,
92bfcf76167c0a64b786059f98773a0ea6d77032f95dcf276309c9f9b585b171,A4B12,POINT,BASIC MAP_PT,,graphic_only,0,{},not_delivered_not_automatically_missing,,False,,False,
9315d60deb66d0813f8fc7772491dc6dcc355e9aa06e3a4bf22597941fce66e4,A43E4,LWPOLYLINE,HOME,,graphic_only,0,{},not_delivered_not_automatically_missing,,False,,False,
9345f330c59b27541985f659803e9362513d3890ac9387cc3386ea1a3eb1231e,A49FE,POINT,BASIC MAP_PT,,graphic_only,0,{},not_delivered_not_automatically_missing,,False,,False,
935f552f09a911efb9cc92c5222309bba95e418756e34b4744fa11646b652f3b,A4980,POINT,BASIC MAP_PT,,graphic_only,0,{},not_delivered_not_automatically_missing,,False,,False,
9373f4b38531e6df065c77cf1e90182155f9377ece4d1182a239f6fbce5a8f6b,A5E31,INSERT,NEW POLE 7M 2.5INCH FDT 2,,mapped,1,"{""PTECH"": 1}",delivered,,False,,False,
93d50193ad399854cefab498e29ab0be222b12596101e8f0fc114e349a1fe94d,A5BED,TEXT,NEW POLE 7M 2.5INCH FDT 2,MR.TGGR04-2.P009,annotation,0,{},not_delivered_not_automatically_missing,,False,,False,
93ebcb06a7a1f5b512987ab2732070823b6c0defcf66775b62d1b6b6a44ae622,A4B98,POINT,BASIC MAP_PT,,graphic_only,0,{},not_delivered_not_automatically_missing,,False,,False,
940af7c00c8addca050a8eff365523b3023f878dca247644a69ad3feaf4dfedf,A43EF,LWPOLYLINE,HOME,,graphic_only,0,{},not_delivered_not_automatically_missing,,False,,False,
9413c78706a1169175d2f0ec75f5f3d8a7b6ddf31716c0f1491070e2cab5c84a,958A0,TEXT,POLE ID,Penanda 108,annotation,0,{},not_delivered_not_automatically_missing,,False,,False,
9423e3a78468922cad5c460b79cf1950ecea838e3a816e7f439ee74b612fe82b,A45A8,LWPOLYLINE,HOME,,graphic_only,0,{},not_delivered_not_automatically_missing,,False,,False,
942f15224fa09af175a5fd9c5da3d75ea3b8b90809cdf4011f9ed5798bdfdd3a,A4BBE,TEXT,NEW POLE 7m (3 inches) FDT 1,MR.TGGR04-1.P010,annotation,0,{},not_delivered_not_automatically_missing,,False,,False,
94d0028b2c24c614597c4c9ca158ee4d3d5a5bc6c83be8bc3416fcb37019d343,A4132,LWPOLYLINE,BASIC MAP,,graphic_only,0,{},not_delivered_not_automatically_missing,,False,,False,
94e3db6176eb0853bac5ba2b8594a42ec3376175eca7d5229c40f4aedac81508,A5E8E,LWPOLYLINE,SLING WIRE FDT 2,,mapped,2,"{""CABLE"": 1, ""INFRASTRUCTURE"": 1}",delivered,,False,,False,
950d07c5ea13e9a7820a025848dc637c8fce6186f20cf09a1f45342eac5a95a0,A4578,LWPOLYLINE,HOME,,graphic_only,0,{},not_delivered_not_automatically_missing,,False,,False,
950d5b8a7a1ba31d65ffe73885c0d11cdff19c0348ebed92c06517287104ff99,A457D,LWPOLYLINE,HOME,,graphic_only,0,{},not_delivered_not_automatically_missing,,False,,False,
95183e2158c87063760a000fdb6525f22cb586a7cc38756054f15a35f83551e5,9E806,TEXT,BASIC MAP_PT_DES,2,annotation,0,{},not_delivered_not_automatically_missing,,False,,False,
951c0f27a82e5ef459e4e44f890e78230db19f85f9cce0e82fd927e10fd37719,A5F90,MTEXT,Label,2,annotation,0,{},not_delivered_not_automatically_missing,,False,,False,
952fc47bf1d31c2a94561b80e49ccebf620b36b7fdb5f4c1780f67aa56ec700f,A49F6,POINT,BASIC MAP_PT,,graphic_only,0,{},not_delivered_not_automatically_missing,,False,,False,
954790b7098181748cc9b9ec4756d317563b356ef6b006a5b5978782f65584c0,A4ACA,POINT,BASIC MAP_PT,,graphic_only,0,{},not_delivered_not_automatically_missing,,False,,False,
95512d28a85d9f05e6ef8d4eddc9800565cffd42d3c82945813bd64c0cada272,A49AD,TEXT,Home Number RW 01 FDT 2,NN-397,mapped,1,"{""IMB"": 1}",delivered,,False,,False,
9557fd5fc0b22ba31a627747f893a4d253f1e1a4dba39808ecf464251a4db6de,A5F2A,MTEXT,Label,39,annotation,0,{},not_delivered_not_automatically_missing,,False,,False,
955aaa50502153d185a22a0c0f59640ecec37be14dc7d21f9dd09e486ae7160f,A5C77,POINT,BASIC MAP_PT,,graphic_only,0,{},not_delivered_not_automatically_missing,,False,,False,
955ca68d7b0f489db15ef3526ee5088bf6613130123a4440f6859af2d7d8c6dd,A4BBA,TEXT,BASIC MAP_PT_DES,A04,annotation,0,{},not_delivered_not_automatically_missing,,False,,False,
95b0ab89424a0359b69ebc64b0a8b6d273d0cf7e0ab5fb1de6f022cd7c856538,A47F2,POINT,BASIC MAP_PT,,graphic_only,0,{},not_delivered_not_automatically_missing,,False,,False,
95c623f15c08e39a86a8213fe0c603e3e6ca57bea2946bec84fbfccb31ff469c,A4553,LWPOLYLINE,HOME,,graphic_only,0,{},not_delivered_not_automatically_missing,,False,,False,
95f59c75a08d6254de43ecda4ffba008f2baf9545ac6a0e56da0d8db7d5bc740,A44A3,LWPOLYLINE,HOME,,graphic_only,0,{},not_delivered_not_automatically_missing,,False,,False,
962751017b1547b36fbb46210d48a1bb89e32ed56c1f3c80a84f58ae177947c2,A4A5C,POINT,BASIC MAP_PT,,graphic_only,0,{},not_delivered_not_automatically_missing,,False,,False,
9674310d6b2862daa80c261c86fa29b9a476057ed9aff194a041e9a2d08fc0e9,A4A93,TEXT,Home Number RW 01 FDT 2,NN-19,mapped,1,"{""IMB"": 1}",delivered,,False,,False,
96b0d3ca3599fa24cb146a81e06ada8bab9cde792572bd6d781921122d70f10a,A4AAA,POINT,BASIC MAP_PT,,graphic_only,0,{},not_delivered_not_automatically_missing,,False,,False,
96f1b97aac2ab766317d88d7a46430847726d74232bc69cfb3dc7a56fab22d9b,A4540,LWPOLYLINE,HOME,,graphic_only,0,{},not_delivered_not_automatically_missing,,False,,False,
96f72fc59baee2609bd36bf9d2ed51482257045ae3c081a62c3d715cb6ac032e,A48AE,POINT,BASIC MAP_PT,,graphic_only,0,{},not_delivered_not_automatically_missing,,False,,False,
97384786b570982a8321bc9959389598e6d50587de9188eefbe0ea3f2064bffb,A489F,TEXT,Home Number RW 01 FDT 1,NN-258,mapped,1,"{""IMB"": 1}",delivered,,False,,False,
9739231efc5b63dbd7e2e502b542729fb837966c8f81d06b9319981a55014a03,9696A,TEXT,BASIC MAP_PT_DES,FDT 48C,annotation,0,{},not_delivered_not_automatically_missing,,False,,False,
9764e6836105cbded6ed0c399ccdd2a76c9cf43f8a08e2df559e271da1264c4c,95C8C,TEXT,POLE ID,Penanda 355,annotation,0,{},not_delivered_not_automatically_missing,,False,,False,
976d68571d537fca0b9255f5000822834cf2fe2a4e0a8c65d7b8d334a89c715d,A48E1,TEXT,Home Number RW 01 FDT 1,NN-151,mapped,1,"{""IMB"": 1}",delivered,,False,,False,
977c8e5980d88b09311599bc2d9d24115d9ca3a85861dfb08c22042e2dfba417,A4B6F,POINT,BASIC MAP_PT,,mapped,1,"{""PTECH"": 1}",delivered,,False,,False,
978fb2f6b5891b00550ac05583860c4c60cda14349e3743bdf382bc1d80912c2,A47ED,TEXT,Home Number RW 01 FDT 1,NN-66,mapped,1,"{""IMB"": 1}",delivered,,False,,False,
97e20dc41fc31089d4fce5462e79f9f73b290d15e1da03de2c1c7ff1f87b6626,A48B4,POINT,BASIC MAP_PT,,graphic_only,0,{},not_delivered_not_automatically_missing,,False,,False,
97fffda2b64052949c341321d08a55e5e63965a3a7cbeb22422baecf36fc28e3,A44D8,LWPOLYLINE,HOME,,graphic_only,0,{},not_delivered_not_automatically_missing,,False,,False,
982bb87e8499746bb5e1a4d6d38e9f6efee6415ba17e3d8417abbeae12cecec6,A4983,TEXT,Home Number RW 01 FDT 2,NN-408,mapped,1,"{""IMB"": 1}",delivered,,False,,False,
9856df1415dd1d4f5bb83257a9efdb9092b1ddabe268b06f212c6fe36025884a,A5F23,MTEXT,Label,37,annotation,0,{},not_delivered_not_automatically_missing,,False,,False,
985f5cb8456923dd875a85e22b9b73d0e16afb3691a6a3cb04e89339c261b675,A491D,TEXT,Home Number RW 01 FDT 2,NN-77,mapped,1,"{""IMB"": 1}",delivered,,False,,False,
985f97a120b7f3f16ddf975150e56e36c967d50fafa600f46b7b112ceaa7bc9b,A5C20,TEXT,NEW POLE 7M 2.5INCH FDT 2,MR.TGGR04-2.P064,annotation,0,{},not_delivered_not_automatically_missing,,False,,False,
987e426d7fe259b920600dcd0317bd9a66e5a091eac0b644166bd241061fda38,A47FC,POINT,BASIC MAP_PT,,graphic_only,0,{},not_delivered_not_automatically_missing,,False,,False,
988a4fb206d51ba009f296498bbc8127de35b898c9afac5684842d95ce324ce1,A4BE9,TEXT,BASIC MAP_PT_DES,A11,annotation,0,{},not_delivered_not_automatically_missing,,False,,False,
989366d51ac275d3e0265bb980dce689397aedb5be05e8f2a165e890d94eefad,A49D0,POINT,BASIC MAP_PT,,graphic_only,0,{},not_delivered_not_automatically_missing,,False,,False,
98ab536de1171c5c7ef8a2e0c60aa2a7b1b27682958c0163f883129761b0e7d0,A5C7D,POINT,BASIC MAP_PT,,graphic_only,0,{},not_delivered_not_automatically_missing,,False,,False,
98b397423908ed1669d31b65e8ee770461bd692c530928670137c0f264ae3cd4,A4B8E,TEXT,BASIC MAP_PT_DES,A10,annotation,0,{},not_delivered_not_automatically_missing,,False,,False,
98c147f08a8600c7cf8231c8adbc97b2e6cbfd86b4d98acdccb3d05150b46975,A4534,LWPOLYLINE,HOME,,graphic_only,0,{},not_delivered_not_automatically_missing,,False,,False,
98d1af9dc3d9381350c184227eafe53ffc7800fc23b0d14d634d5f0fd67980cc,A4B74,POINT,BASIC MAP_PT,,graphic_only,0,{},not_delivered_not_automatically_missing,,False,,False,
98e58b2efd7ff5e868a9a4b4081c11deb425fe45318c8bb4010f50708ed9aaa8,95C8E,TEXT,POLE ID,Penanda 356,annotation,0,{},not_delivered_not_automatically_missing,,False,,False,
990395ec73b6108336e8c79e780d4405cbce3f85bb929e16354d43b8f7cdf7b6,A49B8,POINT,BASIC MAP_PT,,graphic_only,0,{},not_delivered_not_automatically_missing,,False,,False,
9905fdf140394ac86ef26208d11beafd242971e60b20a9c05c7208b5bf6596f4,A47E5,TEXT,Home Number RW 01 FDT 1,NN-70,mapped,1,"{""IMB"": 1}",delivered,,False,,False,
992b46f9ad061d057797fb703eca4cf17abd1dd2467f89c7f23e5d6799bfb21d,A4BA7,POINT,BASIC MAP_PT,,graphic_only,0,{},not_delivered_not_automatically_missing,,False,,False,
996b0ca98e860b5150f849d2d62102899dccc4418f70429e05747becccdbccfc,A44D9,LWPOLYLINE,HOME,,graphic_only,0,{},not_delivered_not_automatically_missing,,False,,False,
99cb5f2ffc1dee9b4bb53ea0b69c464d85abfd21765722182491d4b585147b0a,A4ADA,POINT,BASIC MAP_PT,,graphic_only,0,{},not_delivered_not_automatically_missing,,False,,False,
99ff990217cb74603bd8b66258a318485d663fb877fc2efb870f494be6ff6be6,A49CE,POINT,BASIC MAP_PT,,graphic_only,0,{},not_delivered_not_automatically_missing,,False,,False,
9a02ac883c357b09d7ac6e824bc732584d3b4bd5850890caaa24cbfef893a3f2,9E911,TEXT,BASIC MAP_PT_DES,A01,annotation,0,{},not_delivered_not_automatically_missing,,False,,False,
9a08c6ec5fe419d2df6bfc82a80a26b92b8c6eae87c249b19687effed330bd2c,A4B54,LWPOLYLINE,HOME,,graphic_only,0,{},not_delivered_not_automatically_missing,,False,,False,
9a728027d752596faa2386954349745bccc04c15dc1f56fc7a2715bf686d6eb0,A488E,POINT,BASIC MAP_PT,,graphic_only,0,{},not_delivered_not_automatically_missing,,False,,False,
9abb1f8af61f6be784189d51f88e8a47e843620379fa033e9298563cc8a3dbb6,9E8B3,TEXT,BASIC MAP_PT_DES,9,annotation,0,{},not_delivered_not_automatically_missing,,False,,False,
9acacb76ef7c83348916aaf1ab76732f47c46334e570d01bd2fe6f5cf6b98d6b,A5BDA,TEXT,BASIC MAP_PT_DES,A18,annotation,0,{},not_delivered_not_automatically_missing,,False,,False,
9acce9da71fed16a5ddd84dc2c3c71e56de1b566b305573f54c52c5509ba1e3f,A496D,TEXT,Home Number RW 01 FDT 2,NN-98,mapped,1,"{""IMB"": 1}",delivered,,False,,False,
9add933f37835713e130fc4df8de0ba7c24cee1fd225c2e788600131c0621aaf,A4AEE,POINT,BASIC MAP_PT,,graphic_only,0,{},not_delivered_not_automatically_missing,,False,,False,
9afbb00dfacd8d525c6472efd9973a6a8cbcacc7e72513ec106ac258b0bbd628,A4598,LWPOLYLINE,HOME,,graphic_only,0,{},not_delivered_not_automatically_missing,,False,,False,
9b348e0414e0f21f7dd44bd84d8ea57214669aad1fd4c3572cc57efe9a277888,958A6,TEXT,POLE ID,Penanda 111,annotation,0,{},not_delivered_not_automatically_missing,,False,,False,
9b35d8460ab84eabb3847f0d30b578b1ca9674658cf171c9ecdba860074e47a5,A4587,LWPOLYLINE,HOME,,graphic_only,0,{},not_delivered_not_automatically_missing,,False,,False,
9b3915bab700fb1f14a395c7ae320a841c75038f102b384546f219c541ead34a,A4564,LWPOLYLINE,HOME,,graphic_only,0,{},not_delivered_not_automatically_missing,,False,,False,
9b483fefc4e0eef18af1fe4e5427a968870b0b27df741acf9594bd4f604b3b20,A5C40,TEXT,NEW POLE 7m (3 inches) FDT 2,MR.TGGR04-2.P015,annotation,0,{},not_delivered_not_automatically_missing,,False,,False,
9b5febf1deaf7de2e8f617350d85e250e29b9380bfaa9ba5d176d49b36f75bbe,A488C,POINT,BASIC MAP_PT,,graphic_only,0,{},not_delivered_not_automatically_missing,,False,,False,
9bbcb9a5e5d68bf6b0f5cb7eba491d43870ccec52bb8773d089e82e10a8b9bfd,A48A4,POINT,BASIC MAP_PT,,graphic_only,0,{},not_delivered_not_automatically_missing,,False,,False,
9bc6640ac559a497563c4645cbc68bac058d876bbe4fc611077a1acac309bcb7,A49E3,TEXT,Home Number RW 01 FDT 2,NN-438,mapped,1,"{""IMB"": 1}",delivered,,False,,False,
9bd173b768f7140e9af5f808dc4f03a9be12f0acca5a119ffda189a3e59caf1f,A4B9E,POINT,BASIC MAP_PT,,graphic_only,0,{},not_delivered_not_automatically_missing,,False,,False,
9bd31a654ea215b7ca777f2575903b3a62a9dd6c22082960b372f51a7d545586,A47D7,TEXT,Home Number RW 01 FDT 1,NN-4,mapped,1,"{""IMB"": 1}",delivered,,False,,False,
9bd5458dbdfe59d3e00130c4e219f571c29b8d38a2737df16f5e8179dc359902,A4A3A,POINT,BASIC MAP_PT,,graphic_only,0,{},not_delivered_not_automatically_missing,,False,,False,
9bf135b4638ee4684f887dc0341bbd7f192dde79601b0ea89d897c101ec4d75e,9E902,TEXT,BASIC MAP_PT_DES,A04,annotation,0,{},not_delivered_not_automatically_missing,,False,,False,
9c2c59248c38e024903722058ee82720b4c7edc7524f653b855fcb71f75dbc89,A4B16,POINT,BASIC MAP_PT,,graphic_only,0,{},not_delivered_not_automatically_missing,,False,,False,
9c3409670f8a437ac4fe162a6563f6387027b576a4f7f328782201f3e10c78c0,A44CE,LWPOLYLINE,HOME,,graphic_only,0,{},not_delivered_not_automatically_missing,,False,,False,
9c57ea00114961779a66cae97aae13ba40c7182ba6f98643e94f4c44ad7851f9,A5F8C,MTEXT,Label,25,annotation,0,{},not_delivered_not_automatically_missing,,False,,False,
9c8b42abd091178d09dd424e8a465f4977975add1f937eb617f9179fdd7b3e87,A4505,LWPOLYLINE,HOME,,graphic_only,0,{},not_delivered_not_automatically_missing,,False,,False,
9cd64cb9d664a9fa66b533f304218183a68de7ce50486318a5de7b4ae77cde0a,A4A31,TEXT,Home Number RW 01 FDT 2,NN-320,mapped,1,"{""IMB"": 1}",delivered,,False,,False,
9cde4a2741587633e81b556bbfaea445906a4be9ebaf003c3ceb43223cc2cc44,A49F4,POINT,BASIC MAP_PT,,graphic_only,0,{},not_delivered_not_automatically_missing,,False,,False,
9ce7f9a0894a6280c8663e767bfb533903a79425451a40c8591054717b756f0c,958AE,TEXT,POLE ID,Penanda 115,annotation,0,{},not_delivered_not_automatically_missing,,False,,False,
9ce898556b64fd4ce117ac44c072d8b33604633ba81bd16e79f1dbfcaab4ba53,A489C,POINT,BASIC MAP_PT,,graphic_only,0,{},not_delivered_not_automatically_missing,,False,,False,
9d2653b8913645759e1bda508b3f5cfb94ed360a017f5894c8004e770ebaa72a,A455F,LWPOLYLINE,HOME,,graphic_only,0,{},not_delivered_not_automatically_missing,,False,,False,
9d33463defe1d5e9f60bf12d71b5300e80061a9c269882bb34d09ed8da085b45,A4B59,LWPOLYLINE,HOME,,graphic_only,0,{},not_delivered_not_automatically_missing,,False,,False,
9d65ea1d5a5ec17deed717e4e615244f5157512e33f3534cdaa5a3a1ef50c327,A44BF,LWPOLYLINE,HOME,,graphic_only,0,{},not_delivered_not_automatically_missing,,False,,False,
9d84eae2bb2e45f993d8a59fb2deaba8aa8e25833d6cb1800f8c26c8a1cfda54,A48C5,TEXT,Home Number RW 01 FDT 1,NN-180,mapped,1,"{""IMB"": 1}",delivered,,False,,False,
9da2aa24aae48b3587e1d5c3e865e06930f844ace655e950455d85c65f38d0cf,A5C1F,POINT,BASIC MAP_PT,,graphic_only,0,{},not_delivered_not_automatically_missing,,False,,False,
9db3ebd1970c9ef6afccc463cefb6986042abaeacf9bf585b6e5b6732577171d,A49C7,TEXT,Home Number RW 01 FDT 2,NN-368,mapped,1,"{""IMB"": 1}",delivered,,False,,False,
9df275da983cce92e96bfac4f62177e9fdbf93ab80935ef41c4b8b5a91f8e390,A4443,LWPOLYLINE,HOME,,graphic_only,0,{},not_delivered_not_automatically_missing,,False,,False,
9e3592739470171e11ed5258ffb2c6c0c5a6f84c663a80e502c6ac7185585bd1,95C90,TEXT,POLE ID,Penanda 357,annotation,0,{},not_delivered_not_automatically_missing,,False,,False,
9e35f7c6dfd09f4c09a77cd891f89111aa217fb9761ed05aced0ca63e364f5bc,A48D2,POINT,BASIC MAP_PT,,graphic_only,0,{},not_delivered_not_automatically_missing,,False,,False,
9e36e06cffceaa666507e6a8e0bcbcf3804d81268e82129218bb55955b565ed1,A47FD,TEXT,Home Number RW 01 FDT 1,NN-295,mapped,1,"{""IMB"": 1}",delivered,,False,,False,
9e995df32a967cd3e4e9869de2f29439c3fef0824af71512126991a444fd0465,A4557,LWPOLYLINE,HOME,,graphic_only,0,{},not_delivered_not_automatically_missing,,False,,False,
9eb027ab07ccf0a2c4f459a21e9e94218948b576bea29c945a85c19e264930a7,A5F89,MTEXT,Label,18,annotation,0,{},not_delivered_not_automatically_missing,,False,,False,
9ec8cbb3060903cd659c0c805adcbd36071eae3173e09dfc71b563659951be84,A5BBB,TEXT,BASIC MAP_PT_NUM,TGGR04-2.023.A08,annotation,0,{},not_delivered_not_automatically_missing,,False,,False,
9efb18dec15015aede6ff5a6529d4bba1106700e8ca18172f6521699157372bd,A4A6C,POINT,BASIC MAP_PT,,graphic_only,0,{},not_delivered_not_automatically_missing,,False,,False,
9f16cc1725c1d5df700d0e8331108afadd8c95a3ce192b3665ccea080a233216,A5F35,MTEXT,Label,29,annotation,0,{},not_delivered_not_automatically_missing,,False,,False,
9f17e4a43c9a68752ff940db14c3338729901b16b0a6fdd4a4e06ae1f63867cc,A5E85,LWPOLYLINE,FO 48 CORE,,mapped,70,"{""CABLE"": 69, ""INFRASTRUCTURE"": 1}",delivered,,False,,False,
9f4a01c34d987868302ece2ee29163d88dbdcf0046fe10bb7739f6fe9a04549b,958AA,TEXT,POLE ID,Penanda 113,annotation,0,{},not_delivered_not_automatically_missing,,False,,False,
9f4c652ab99adb9ebbc2d211e31c9db1e75bd7c9214094907f36c8eef556971e,A4A83,TEXT,Home Number RW 01 FDT 2,NN-31,mapped,1,"{""IMB"": 1}",delivered,,False,,False,
9f4f4aeef8c1825d995c0bf3811fcb99f4c4330dfc8115691daeae7f0c440a4e,A5E8D,LWPOLYLINE,SLING WIRE FDT 2,,mapped,2,"{""CABLE"": 1, ""INFRASTRUCTURE"": 1}",delivered,,False,,False,
9f5a2b062bbba60f68040c3b818994407fc0b5ab5c3fbf28a869eb25fc7952da,A4AE7,TEXT,Home Number RW 01 FDT 2,NN-425,mapped,1,"{""IMB"": 1}",delivered,,False,,False,
9f600307d50fe8b272a2d291938b2a395ef6b77e11d0019f3b348b884a186053,A5F4F,MTEXT,Label,34,annotation,0,{},not_delivered_not_automatically_missing,,False,,False,
9f7ab68d9f07b2ac6bd2be3a5edad40aca421a9a69455e8e176174d8884f0a15,A4A94,POINT,BASIC MAP_PT,,graphic_only,0,{},not_delivered_not_automatically_missing,,False,,False,
9f9842de568cb323c95ef12987cc700e3b7c1efb4ea802e7d45785303b458407,A485C,POINT,BASIC MAP_PT,,graphic_only,0,{},not_delivered_not_automatically_missing,,False,,False,
9fa09a791c6a7c5123caf184fd3ccadcf02e1e82594f3d9c3cefc56364d8a452,A4AA1,TEXT,Home Number RW 01 FDT 2,NN-10,mapped,1,"{""IMB"": 1}",delivered,,False,,False,
9fb765c69117d7e7d065d98dfd38db52af4785639efde218daf7dc8f63f5301e,A5C84,POINT,BASIC MAP_PT,,graphic_only,0,{},not_delivered_not_automatically_missing,,False,,False,
9fc77c2a6656b18fed611c6d9d112a0a1845285a36ab3b58df78f90a0d4e27be,A5BBE,TEXT,BASIC MAP_PT_NUM,TGGR04-2.023.A09,annotation,0,{},not_delivered_not_automatically_missing,,False,,False,
9fd3d995a1a7161be1eb62b2dda553620d41eebe8785ac9a8036ee4f10ad82a4,A5C17,TEXT,NEW POLE 7M 2.5INCH FDT 2,MR.TGGR04-2.P052,annotation,0,{},not_delivered_not_automatically_missing,,False,,False,
9fd416c1894f1d247787842247d6a2ffcff1be63845abf2dcdfcc65e89198674,A454E,LWPOLYLINE,HOME,,graphic_only,0,{},not_delivered_not_automatically_missing,,False,,False,
9ff18da169207e08d6820d08b3ad11ed4b544f57817e2ed45c49f48c011f5b42,A4AFA,POINT,BASIC MAP_PT,,graphic_only,0,{},not_delivered_not_automatically_missing,,False,,False,
9ff683da715d898abc7828c812959a3fc9af06201ec8c8c0dc033f0080d840ed,9E83C,TEXT,BASIC MAP_PT_DES,A12,annotation,0,{},not_delivered_not_automatically_missing,,False,,False,
a001278b72392b9857c57557fcc2c3b970ba7858958fea22695c0cfb5c062bcc,A4815,TEXT,Home Number RW 01 FDT 1,NN-281,mapped,1,"{""IMB"": 1}",delivered,,False,,False,
a0121ec711191e3c54ef003349b9ec329eb4b121f9e67365ac112a415d0bbced,958B2,TEXT,POLE ID,Penanda 117,annotation,0,{},not_delivered_not_automatically_missing,,False,,False,
a05d461dc6c5151e42b24db1576bbb364d7c8f8d945134b085346f5af4f864bc,A4867,TEXT,Home Number RW 01 FDT 1,NN-350,mapped,1,"{""IMB"": 1}",delivered,,False,,False,
a0862cb89984c357bdbe0cdf36e9d8c5f1bdde18c93e345a5f634f5d1973f67e,A5F84,MTEXT,Label,40,annotation,0,{},not_delivered_not_automatically_missing,,False,,False,
a0b0bcd7e1e8c0061ec45fa363192b5e9f71b069743e9be867e099717ceb5cc5,A5DDD,INSERT,NEW POLE 7m (3 inches) FDT 2,,mapped,1,"{""PTECH"": 1}",delivered,,False,,False,
a0f61a80c7d40fdc354639090d83de82ede2b4d0e858a7fbf0bc3aa7d5ff5d3f,A5BA9,TEXT,BASIC MAP_PT_NUM,TGGR04-2.023.A02,annotation,0,{},not_delivered_not_automatically_missing,,False,,False,
a106ca87f4f333c92f05b9e06cd23acc9a0f35de889918e507e1c6a775fec353,A4A36,POINT,BASIC MAP_PT,,graphic_only,0,{},not_delivered_not_automatically_missing,,False,,False,
a1259d3f4dcf5fcb56027a6b2e34432f441574e6632991cb571218f3bac14740,A483C,POINT,BASIC MAP_PT,,graphic_only,0,{},not_delivered_not_automatically_missing,,False,,False,
a1718012c527bffde3f9f1e624e4bae756ecc1e5762ad7ea16e985d21be23647,A44F7,LWPOLYLINE,HOME,,graphic_only,0,{},not_delivered_not_automatically_missing,,False,,False,
a198dd3d980b2fafe2c50e969d0b88350552d12c10fa25a416196e6b9279a438,A5C51,TEXT,BASIC MAP_PT_DES,A08,annotation,0,{},not_delivered_not_automatically_missing,,False,,False,
a1b5514d95fdd9ffcc7882e10178af504be424bd06389cfe8b4181f07bbdaa9c,A44A6,LWPOLYLINE,HOME,,graphic_only,0,{},not_delivered_not_automatically_missing,,False,,False,
a1cabfca10adc28c0f2ca17258d9cafcae16c850cb4a9b996a59ebc679f67520,A44F0,LWPOLYLINE,HOME,,graphic_only,0,{},not_delivered_not_automatically_missing,,False,,False,
a1dc8e349b67da6aab687a5b326951effe73a00c131073506ffa07a4232a50a2,A5BE8,TEXT,BASIC MAP_PT_DES,A01,annotation,0,{},not_delivered_not_automatically_missing,,False,,False,
a1df6de8ce406288f71bb49c69801dcac222f4befd3fc854f65b626a5a2ee050,A44CA,LWPOLYLINE,HOME,,graphic_only,0,{},not_delivered_not_automatically_missing,,False,,False,
a1e8e422c74a77ae75ffd66e869196858d35406878a20faf6c2e3266b6ea4205,A5F3F,MTEXT,Label,26,annotation,0,{},not_delivered_not_automatically_missing,,False,,False,
a1f55282c7fc8eb4d36f85ac2003331a25c46e3964f8dce4091a2d4597aac261,A4A61,TEXT,Home Number RW 01 FDT 2,NN-27,mapped,1,"{""IMB"": 1}",delivered,,False,,False,
a1ff107fdc44eef0ad75515e52a775da606829ba6ca1517a91d81349f231e16e,A413A,LWPOLYLINE,BASIC MAP,,graphic_only,0,{},not_delivered_not_automatically_missing,,False,,False,
a21808dff6bc0bd509ba7b5793189161d9e4acad720b219f00efce5e8557320c,A48DF,TEXT,Home Number RW 01 FDT 1,NN-154,mapped,1,"{""IMB"": 1}",delivered,,False,,False,
a21992f1c80532e90f49778ce37b686d45ed326ee3e527a1e5b06a29d9a3af0b,A43E8,LWPOLYLINE,HOME,,graphic_only,0,{},not_delivered_not_automatically_missing,,False,,False,
a21b77660ced002e5ec9417fa56a36fbdec6f07e044c4802711be950ba05cf60,A5C61,TEXT,NEW POLE 7m (3 inches) FDT 2,MR.TGGR04-2.P035,annotation,0,{},not_delivered_not_automatically_missing,,False,,False,
a28a81ce5c1574a39ec68391481981d9099841ca02f6ddda9e9c186def755a75,A483D,TEXT,Home Number RW 01 FDT 1,NN-268,mapped,1,"{""IMB"": 1}",delivered,,False,,False,
a2a54f9b16dea2977ba56bf97dae96085b8e13d279b1871563029d56ed7d3bf2,A5F70,MTEXT,Label,32,annotation,0,{},not_delivered_not_automatically_missing,,False,,False,
a2d07c18d6c418834babf31acffc67efe5adc7d8b337e465288047cbee3fb589,9E824,TEXT,BASIC MAP_PT_DES,A06,annotation,0,{},not_delivered_not_automatically_missing,,False,,False,
a2febb5342d5aad575847354697ecfcf9b42a8e17cddd708424378f41157f154,A5B13,INSERT,NEW POLE 7M 2.5INCH FDT 1,,mapped,1,"{""PTECH"": 1}",delivered,,False,,False,
a381a27caf92be5b00e759e4733ab0faf403375615bafe00d2d622505f36946c,9E8C2,TEXT,BASIC MAP_PT_DES,9,annotation,0,{},not_delivered_not_automatically_missing,,False,,False,
a3de2a577d23a7edd44dfd5b770786960819051ea15703d2b95c8b47df7ce60f,A5F76,MTEXT,Label,48,annotation,0,{},not_delivered_not_automatically_missing,,False,,False,
a3f1bfb8eabbb70a6884eda4603b75779998576b90a4a45fe11211003466c146,A44F3,LWPOLYLINE,HOME,,graphic_only,0,{},not_delivered_not_automatically_missing,,False,,False,
a4245e952fe37e18e608878c0c8bc5c2ae1f0457e7482586e27d54047d6ffa28,A4126,LWPOLYLINE,BASIC MAP,,graphic_only,0,{},not_delivered_not_automatically_missing,,False,,False,
a45e972caa3f6b1cd92ff95ade8720145ee1bef1363e40d019ad68e1ea549203,A454D,LWPOLYLINE,HOME,,graphic_only,0,{},not_delivered_not_automatically_missing,,False,,False,
a4ae2309916fbb01c2fcd3e3683c1909d6d542c8fb1ac1c28435db3d480fddde,9E918,TEXT,BASIC MAP_PT_DES,9,annotation,0,{},not_delivered_not_automatically_missing,,False,,False,
a4f185fab6df85342a2876fe2297a5748ecbd8774633b0c83bab4150ce5ea536,A4A0F,TEXT,Home Number RW 01 FDT 2,NN-430,mapped,1,"{""IMB"": 1}",delivered,,False,,False,
a4fddfb6a200d96bb92371ee48aca408f6868e6caa3bd614fdcbcffbc8f3b5f0,A5F6F,MTEXT,Label,34,annotation,0,{},not_delivered_not_automatically_missing,,False,,False,
a53d7f4179f602b20c44ba22c32a44e5942418ef58605c59dc5a42c3c0e6bd92,A43FC,LWPOLYLINE,HOME,,graphic_only,0,{},not_delivered_not_automatically_missing,,False,,False,
a563067592be33a56efa371486c79443c30604d99bf9a1e90593ba2a98e2c7a6,9E881,TEXT,BASIC MAP_PT_DES,B02,annotation,0,{},not_delivered_not_automatically_missing,,False,,False,
a58642d69565d5ca8155936c8c0c0d24028da14677bfaa212db022d0a35fe746,A490A,POINT,BASIC MAP_PT,,graphic_only,0,{},not_delivered_not_automatically_missing,,False,,False,
a59797e13b098b3880adfad3373c1e4c51eb2d2b6242107589de4fcaed16176e,A4966,POINT,BASIC MAP_PT,,graphic_only,0,{},not_delivered_not_automatically_missing,,False,,False,
a59cc8b2a13663ef3a7001c697e95061c22db92aa7bc3751dda187ab01109fd9,A5BC3,POINT,BASIC MAP_PT,,graphic_only,0,{},not_delivered_not_automatically_missing,,False,,False,
a5c6c7708c11a865a443936fb1d6ee3d21f73414652acea09a6b17031e6a5f66,A44A1,LWPOLYLINE,HOME,,graphic_only,0,{},not_delivered_not_automatically_missing,,False,,False,
a5c7dec439ba0ebcd0ee21d86b564000eed4468527005ce1c934b70e35d6cfef,A49CB,TEXT,Home Number RW 01 FDT 2,NN-273,mapped,1,"{""IMB"": 1}",delivered,,False,,False,
a651ed34eb6fe6e064872d12cad97394dc4575a2ca58003bb52765749e1ea9b3,A4AF3,TEXT,Home Number RW 01 FDT 2,NN-250,mapped,1,"{""IMB"": 1}",delivered,,False,,False,
a677f6fc6f088837e2927934bddb244dbdcd6cf60f7ce6dcccf4d91596c99139,A498B,TEXT,Home Number RW 01 FDT 2,NN-379,mapped,1,"{""IMB"": 1}",delivered,,False,,False,
a67b223c0de5f17a2cd36481d7882bc021d1c3d23919c0ce1d33eb2eb86f6dbf,A4A78,POINT,BASIC MAP_PT,,graphic_only,0,{},not_delivered_not_automatically_missing,,False,,False,
a683a6b4a03198e67a579444e2e90bd4915a40ffbba743ecafbf3d80d135cce7,A451E,LWPOLYLINE,HOME,,graphic_only,0,{},not_delivered_not_automatically_missing,,False,,False,
a6858cbef22c38d3abbf04f2f13e72116fe2343fed5353d29191876e4f939f77,A48D3,TEXT,Home Number RW 01 FDT 1,NN-359,mapped,1,"{""IMB"": 1}",delivered,,False,,False,
a6a54877cc11fceaa131d59b312dc92ad1a7e4499d6df7908bbacb77171827fc,A49A4,POINT,BASIC MAP_PT,,graphic_only,0,{},not_delivered_not_automatically_missing,,False,,False,
a6dfbf8b2fed7a6aace51ed97eb3a4ef38ba28763ed29f9abe8ba854df80cd98,A5B7E,LWPOLYLINE,FAT,,graphic_only,0,{},not_delivered_not_automatically_missing,,False,,False,
a701a58a5c5d1a573d9165c20b85ba65a6307900abf1d2de7fb9c86f35b817b3,A4960,POINT,BASIC MAP_PT,,graphic_only,0,{},not_delivered_not_automatically_missing,,False,,False,
a738d2d2460f42b3a140eac54455c12ede96e0361460edac2c193d0020d2e1a5,A5F73,MTEXT,Label,35,annotation,0,{},not_delivered_not_automatically_missing,,False,,False,
a7563fb8457e0c8ef2233769aab5ce2cd45f377f1f4a3abe566d91ac4f6006d7,A48DB,TEXT,Home Number RW 01 FDT 1,NN-304,mapped,1,"{""IMB"": 1}",delivered,,False,,False,
a767b4401fabac63e56586a7e1b17e3a28c0a90fe8d13d918a7f4754f5f95d89,A4861,TEXT,Home Number RW 01 FDT 1,NN-319,mapped,1,"{""IMB"": 1}",delivered,,False,,False,
a7e4813d6323f5979d507cb02e2eab9203d7c298c40ce30cdf6041e4412ec37d,9E85B,TEXT,BASIC MAP_PT_DES,A19,annotation,0,{},not_delivered_not_automatically_missing,,False,,False,
a7f88cc5e82ba79e8408e02a1eb754785195f1e51607a3c6105ed4d52d084649,A443E,LWPOLYLINE,HOME,,graphic_only,0,{},not_delivered_not_automatically_missing,,False,,False,
a803f04f69a25f006e64bee90bb29962ba68079a7faba102e49c8d628e96722b,A4B08,POINT,BASIC MAP_PT,,graphic_only,0,{},not_delivered_not_automatically_missing,,False,,False,
a830455b03ecdfeb8c048f4468ffdd1322fcf59c5fbbb6fa2c7f18c4c58a0529,A4976,POINT,BASIC MAP_PT,,graphic_only,0,{},not_delivered_not_automatically_missing,,False,,False,
a8677a439190f4491a0a15a706cd9d38f4088808face5099c7c9d2e7400f8a28,A4596,LWPOLYLINE,HOME,,graphic_only,0,{},not_delivered_not_automatically_missing,,False,,False,
a87c5eee254a8dca301e04192f511f60bf7e4f0ceb8923c55fe50ca80432b0bb,A5C01,POINT,BASIC MAP_PT,,graphic_only,0,{},not_delivered_not_automatically_missing,,False,,False,
a891ef5eaf7def9c4c48adca62f7393501731b06fe3fa7f5864e7ac8d6c4cde5,A5DC8,INSERT,NEW POLE 7m (3 inches) FDT 2,,mapped,1,"{""PTECH"": 1}",delivered,,False,,False,
a8a031f7194ad4eaba43f51dcde4252e7be58772d38c4d99f9fc015e728f0230,A5E38,INSERT,NEW POLE 7M 2.5INCH FDT 2,,mapped,1,"{""PTECH"": 1}",delivered,,False,,False,
a8a1c3ec452004243d24cbf3d37fd387377bfaadddd4434989f04de090e0cd13,A5F5B,MTEXT,Label,62,annotation,0,{},not_delivered_not_automatically_missing,,False,,False,
a8b41c4fa515031cbd662cbcc5117920ce380bd639b1eb2a8e7a6c8d1d1cf928,A4A8B,TEXT,Home Number RW 01 FDT 2,NN-218,mapped,1,"{""IMB"": 1}",delivered,,False,,False,
a8c866ba4eba87d4c7408708bbee2a39fd477337d76c52a9326316422eb76522,A48B8,POINT,BASIC MAP_PT,,graphic_only,0,{},not_delivered_not_automatically_missing,,False,,False,
a8c99549713fd0ecb83ddb024ea22eb821e1e9aea76a4155f5e237bbe53ff892,9E8AD,TEXT,BASIC MAP_PT_DES,B10,annotation,0,{},not_delivered_not_automatically_missing,,False,,False,
a8d4a5b92037356500137f1f1aa98b558e8ee34e7898a69726be10ad51faca92,A444C,LWPOLYLINE,HOME,,graphic_only,0,{},not_delivered_not_automatically_missing,,False,,False,
a8ea9f4934854b65a00222fa19b4cd6ff7783354a58ff1f25a3b4673691626a0,A5BB3,TEXT,BASIC MAP_PT_DES,A05,annotation,0,{},not_delivered_not_automatically_missing,,False,,False,
a8f6cafb72e4b5c203942e6fe8f488fec1cfbaa0daf588a29c4da698c34c3320,A4BE1,POINT,BASIC MAP_PT,,graphic_only,0,{},not_delivered_not_automatically_missing,,False,,False,
a95b27d920eb9c9e20fd3ac0dcfed385146112892a735d1d83cdb12cd740c574,A4BB8,POINT,BASIC MAP_PT,,graphic_only,0,{},not_delivered_not_automatically_missing,,False,,False,
a95f5a7784d8d65939287c1834ee6c3a3a83af5b93c3d0b6b57da2bc9b15a198,A48F7,TEXT,Home Number RW 01 FDT 1,NN-131,mapped,1,"{""IMB"": 1}",delivered,,False,,False,
a97cd6632cf76c88aa90281bb7ba4b95e14d53431c76deb8ac78d4f3fc9444e5,A4A11,TEXT,Home Number RW 01 FDT 2,NN-429,mapped,1,"{""IMB"": 1}",delivered,,False,,False,
a97d4afe1f9dab80a9674ae04b42d75e60a8d84cac3d0c8e5e80d0eaeb180f62,A5BC9,POINT,BASIC MAP_PT,,graphic_only,0,{},not_delivered_not_automatically_missing,,False,,False,
a99685e269bb7c88f6586dedb9271accedceee18682b0d08278691a219734f7c,A5C65,TEXT,BASIC MAP_PT_DES,A12,annotation,0,{},not_delivered_not_automatically_missing,,False,,False,
a9b00a63cd7c7c7f3d5615fc2a468ded1aae4ac3ea8ed9e652f8cff37d491378,A4973,TEXT,Home Number RW 01 FDT 2,NN-93,mapped,1,"{""IMB"": 1}",delivered,,False,,False,
a9ba638c19fe59068d90dda66cf0ef50e5ba630b7f52fb21b3281628680e7a20,A5E98,INSERT,EXT POLE FDT 1,,mapped,1,"{""PTECH"": 1}",delivered,,False,,False,
a9cb6929942ef25ee0ee2ba130684438e2f05af1c3a55fc466ea5f77dbca5075,A487C,POINT,BASIC MAP_PT,,graphic_only,0,{},not_delivered_not_automatically_missing,,False,,False,
a9cf3024924fe506e671cca37a7b3766a3d3c08345c30c08ab9087eaeae1b1d6,A5C56,TEXT,BASIC MAP_PT_DES,A09,annotation,0,{},not_delivered_not_automatically_missing,,False,,False,
a9eeb538fae170a5fee34be07f512e391c1899504b09365f2107f632c2d43f26,A4932,POINT,BASIC MAP_PT,,graphic_only,0,{},not_delivered_not_automatically_missing,,False,,False,
a9f6671940f15e5806d24325779c02f779f5b2aa02cd7b4c6c541db72da2d1c3,A5F6A,MTEXT,Label,47,annotation,0,{},not_delivered_not_automatically_missing,,False,,False,
a9f68d26127644627c5981e076a67ad8a9680bd89b7d7dd84513e638448b623c,A5C78,TEXT,NEW POLE 7m (3 inches) FDT 2,MR.TGGR04-2.P051,annotation,0,{},not_delivered_not_automatically_missing,,False,,False,
aa148775d090a8c00f2821434be5eaae7ba9aafd16ad7580b25d0fe7df848cc0,A5ED8,ATTDEF,FAT,16,annotation,0,{},not_delivered_not_automatically_missing,,False,,False,
aa2ed505b83432dbffff3bbd3de925d8b50f6df0c5b7e30183ff9bbfe73fb249,A495E,POINT,BASIC MAP_PT,,graphic_only,0,{},not_delivered_not_automatically_missing,,False,,False,
aa7f419d119d9722309042e46e4d2c3a4c5c9e67e57ddd3176c01d0fd1d6aaf0,A481F,TEXT,Home Number RW 01 FDT 1,NN-276,mapped,1,"{""IMB"": 1}",delivered,,False,,False,
aaad113bdbee957a01378b5fb8f6b1a88a937d4c43bef71933e1ee205706301b,A4BC0,TEXT,NEW POLE 7m (3 inches) FDT 1,MR.TGGR04-1.P011,annotation,0,{},not_delivered_not_automatically_missing,,False,,False,
aacd47c496677e7e702da8563b05d2fe81f092be3433f36f1fe250de4e659de3,A4B05,TEXT,Home Number RW 01 FDT 2,NN-385,mapped,1,"{""IMB"": 1}",delivered,,False,,False,
aaf2c8fd3761385eaf1ff03355073f569f674e5534c46c0428c403c3e2c2ffe8,A48C7,TEXT,Home Number RW 01 FDT 1,NN-179,mapped,1,"{""IMB"": 1}",delivered,,False,,False,
aafaa021f52e58b45ef6d384af8530db56a66c97051c9c3cd9cc6468e4e8334e,A492B,TEXT,Home Number RW 01 FDT 2,NN-463,mapped,1,"{""IMB"": 1}",delivered,,False,,False,
ab18fe50482b1830efdba0991a7f8fef0b55642202c297cbddad1120e4b80e88,A4584,LWPOLYLINE,HOME,,graphic_only,0,{},not_delivered_not_automatically_missing,,False,,False,
ab3ffefcf32cea73599ff601176c5f46859be36529e5fb105d648e8e1a1b5cfb,A448A,LWPOLYLINE,HOME,,graphic_only,0,{},not_delivered_not_automatically_missing,,False,,False,
ab63d3eb79b148664ed9b017a2ed12748178f60c8a094fa551ad45879786435a,A4507,LWPOLYLINE,HOME,,graphic_only,0,{},not_delivered_not_automatically_missing,,False,,False,
ab64e952f58bee33be9d3270f631421e7b7cf8826e3b3e8fa5e77e95edd9f76e,A4444,LWPOLYLINE,HOME,,graphic_only,0,{},not_delivered_not_automatically_missing,,False,,False,
ab652cd1b0057bccfae37b929308103f6274f0d38ab1b5e3e1206776767d4f28,A4B31,TEXT,Home Number RW 01 FDT 2,NN-229,mapped,1,"{""IMB"": 1}",delivered,,False,,False,
ab7840f172ff705669b1bcdd159de069166f15cbab3c1b0c3390afaf9c833a93,A4547,LWPOLYLINE,HOME,,graphic_only,0,{},not_delivered_not_automatically_missing,,False,,False,
ab9cfe2747f1c834f660fb315cb4a07583f4802463009b22780cb4d6a361b62f,A48B5,TEXT,Home Number RW 01 FDT 1,NN-164,mapped,1,"{""IMB"": 1}",delivered,,False,,False,
abc58b2105da96d8d1e9e83780d514d06e2d7a50564e79e331b6a75a75ba41dc,A45A1,LWPOLYLINE,HOME,,graphic_only,0,{},not_delivered_not_automatically_missing,,False,,False,
abcb044eac5971fa0c99b5ea8d44e2aad6749e4cf40ed89ee42843e2a7fd8e44,A4B64,LWPOLYLINE,HOME,,graphic_only,0,{},not_delivered_not_automatically_missing,,False,,False,
abcb4cbe45fd3777bdbf39919430847eab76d690513ae1a947c33201a391f4ec,A4957,TEXT,Home Number RW 01 FDT 2,NN-108,mapped,1,"{""IMB"": 1}",delivered,,False,,False,
ac0e5a86f254bb413e0afe0813862bc4ac96c24c0ac33ad75a32408f081775fa,A4A0C,POINT,BASIC MAP_PT,,graphic_only,0,{},not_delivered_not_automatically_missing,,False,,False,
ac41093778f7a0c89e82d4471b5fd7a6e9322340dd3bb8840d08246b8986198c,A5F8A,MTEXT,Label,22,annotation,0,{},not_delivered_not_automatically_missing,,False,,False,
ac567fa74b666bfd0cd16baed5392017af9c1219b1f7cb91b7db7f91a7759fcf,A5A80,INSERT,NEW POLE 7m (3 inches) FDT 1,,mapped,1,"{""PTECH"": 1}",delivered,,False,,False,
ac635e997df49ecaef88d78fc7a891d22ff603e246586037feda4cdb42256222,A4560,LWPOLYLINE,HOME,,graphic_only,0,{},not_delivered_not_automatically_missing,,False,,False,
ac8671ed227c95e9c013112c097bf1ec6458682b50dadae8e756c72ba9c9986c,A5C5E,POINT,BASIC MAP_PT,,graphic_only,0,{},not_delivered_not_automatically_missing,,False,,False,
acb624a0eff3171defea85156a72abb2ee208b8c684b42bdb8652424aac484bd,A4BC4,TEXT,NEW POLE 7m (3 inches) FDT 1,MR.TGGR04-1.P013,annotation,0,{},not_delivered_not_automatically_missing,,False,,False,
aced981689589018de72ba182cf7240921f8c852948051b734728e1e6f9b4425,95CC2,TEXT,POLE ID,Penanda 382,annotation,0,{},not_delivered_not_automatically_missing,,False,,False,
acf7004c4a6afb2f1de40d50ce4b4f363604cc5bcfd6d92830f7431d26be3023,A49A3,TEXT,Home Number RW 01 FDT 2,NN-403,mapped,1,"{""IMB"": 1}",delivered,,False,,False,
ad05e8830ad6da246afbb19a658a6937cb521876bdc01a2057d961fee23419bf,A4863,TEXT,Home Number RW 01 FDT 1,NN-318,mapped,1,"{""IMB"": 1}",delivered,,False,,False,
ad29714363a4c1ae09e6b0ac6095d9b9e3cc161485f94ea9144482728a46260e,A4927,TEXT,Home Number RW 01 FDT 2,NN-59,mapped,1,"{""IMB"": 1}",delivered,,False,,False,
ad35176ac71695f2157b1c0429c0ed31cd0d0b792dd34c3faafb64688791e25e,A5F80,MTEXT,Label,63,annotation,0,{},not_delivered_not_automatically_missing,,False,,False,
ad39fe5c3bac855d219f79ea2638ff3899bcce324ec53fb3bc01a518ca9c7b09,A5EE0,ATTDEF,FAT,16,annotation,0,{},not_delivered_not_automatically_missing,,False,,False,
ad47c805e9698cf687d7829d1c803bddd11ec79b17235a90cd9047a17b1d96d7,A4456,LWPOLYLINE,HOME,,graphic_only,0,{},not_delivered_not_automatically_missing,,False,,False,
ad5c285e6d236edaa842c2870f9cb6ca08da2479d29474373151661ac1934599,A5B6F,LWPOLYLINE,SLING WIRE FDT 1,,mapped,3,"{""CABLE"": 2, ""INFRASTRUCTURE"": 1}",delivered,,False,,False,
ad6dc3432031cebad469ae2dacbc69932d0afd5bd95b350217f43fdf527c3269,A4B9C,POINT,BASIC MAP_PT,,graphic_only,0,{},not_delivered_not_automatically_missing,,False,,False,
ada2c0d480a642c783ad9f414da009cce3bf0780520a27f483b2e9e46bb7f6e9,A5C69,TEXT,NEW POLE 7m (3 inches) FDT 2,MR.TGGR04-2.P040,annotation,0,{},not_delivered_not_automatically_missing,,False,,False,
aded720396afbb087463f82396fe816c972308d4bfb889d5465f2cef7c12e4ec,A4BBC,TEXT,NEW POLE 7m (3 inches) FDT 1,MR.TGGR04-1.P009,annotation,0,{},not_delivered_not_automatically_missing,,False,,False,
adf0d2f3c0fa0dcd9b7d3c2b9ec0d7dfa09ea8ee72385bd9d2266efaf4de489c,A454A,LWPOLYLINE,HOME,,graphic_only,0,{},not_delivered_not_automatically_missing,,False,,False,
ae1c41612c3d10de84c7e933c2453a7a52058090e362650eca2b4f28bf39535c,A4831,TEXT,Home Number RW 01 FDT 1,NN-312,mapped,1,"{""IMB"": 1}",delivered,,False,,False,
ae21f8c9547daa3948d158215f877826b182f1b9d213112ac736e4a0b0f8bcad,A4988,POINT,BASIC MAP_PT,,graphic_only,0,{},not_delivered_not_automatically_missing,,False,,False,
ae377400f316cd76c047d3d970bbb2f13b13712926c6f62d4e8aa3961c37c09b,A4A96,POINT,BASIC MAP_PT,,graphic_only,0,{},not_delivered_not_automatically_missing,,False,,False,
ae56a75139d0a62e191b7c465f627cc5e5010d7ba191b3608579204834b024d1,A47DA,POINT,BASIC MAP_PT,,graphic_only,0,{},not_delivered_not_automatically_missing,,False,,False,
ae94ee8163808a783ddd69d6e265a0b88135fc06326e253e01a0a952d3263086,A5F31,MTEXT,Label,38,annotation,0,{},not_delivered_not_automatically_missing,,False,,False,
ae9fb1a362b1b5744d28329600e033b78d92fc4db9643b931d1611487d777bfa,A4ADD,TEXT,Home Number RW 01 FDT 2,NN-3,mapped,1,"{""IMB"": 1}",delivered,,False,,False,
aeb401e5c74e9995c843aa44279e69aebae902e47c1ffbc7f8d8922cd0bd1458,A48F3,TEXT,Home Number RW 01 FDT 1,NN-135,mapped,1,"{""IMB"": 1}",delivered,,False,,False,
aec2b4b4f575f40209dc87b3fdb43fea7cda92fb5a4e686cba10ef5188e65c3e,A48E6,POINT,BASIC MAP_PT,,graphic_only,0,{},not_delivered_not_automatically_missing,,False,,False,
af279885965d01e1be8a29fa46b318b1b60ee533f54b0c97bef381dea33b3c5f,A4B2F,TEXT,Home Number RW 01 FDT 2,NN-233,mapped,1,"{""IMB"": 1}",delivered,,False,,False,
af3516cf5791008e052c0158a7d8209b68b8695ea89c5ff05cb2e774e3f0189b,9E8E2,TEXT,BASIC MAP_PT_DES,2,annotation,0,{},not_delivered_not_automatically_missing,,False,,False,
af662007830f135c2a1bf4ecec822f974d9c82c46d71b746cc9344c4005371b4,A4B78,TEXT,FAT CODE,TGGR04-1.022.A03,annotation,0,{},not_delivered_not_automatically_missing,,False,,False,
af7561ad45316ba79a71fc1fb598c484da46704e0bc8130df2a73696c790850a,A4465,LWPOLYLINE,HOME,,graphic_only,0,{},not_delivered_not_automatically_missing,,False,,False,
af8193c66333d37103341a6de091bc988b4cb5b352a8189f8d81b4b918aa9957,A4AB9,TEXT,Home Number RW 01 FDT 2,NN-205,mapped,1,"{""IMB"": 1}",delivered,,False,,False,
afc8c7c48e1718ea237c2fa49210cae7ece93372832fd11ab56b761a8790472d,A4ABC,POINT,BASIC MAP_PT,,graphic_only,0,{},not_delivered_not_automatically_missing,,False,,False,
afd4422fdc7f1571d0bd662c804d22f9e67752df69950d96137bb573d018e341,A4990,POINT,BASIC MAP_PT,,graphic_only,0,{},not_delivered_not_automatically_missing,,False,,False,
b0082c9581bc91d254c7347fa1a80eabb05c598439fdf82b93b92b68b81fe656,A480D,TEXT,Home Number RW 01 FDT 1,NN-62,mapped,1,"{""IMB"": 1}",delivered,,False,,False,
b0223b63ec9962e16c3c8da6cae784c55b95e773e1ed246c82a72cf7d8e5168f,A4B94,TEXT,BASIC MAP_PT_DES,A01,annotation,0,{},not_delivered_not_automatically_missing,,False,,False,
b02c214142749ff0fad8031d86a30d03d1c7efcc6cd5f31be5aa9b9f52650b00,A44F8,LWPOLYLINE,HOME,,graphic_only,0,{},not_delivered_not_automatically_missing,,False,,False,
b03a34822af3971b9c4abbdffde3b4346133c958160858d6d4632fe281d823f2,A44FE,LWPOLYLINE,HOME,,graphic_only,0,{},not_delivered_not_automatically_missing,,False,,False,
b03c5f306a8f0f67c20608ef5f955d88953ac127e48e0ce62d85fbab735ce93e,A4891,TEXT,Home Number RW 01 FDT 1,NN-160,mapped,1,"{""IMB"": 1}",delivered,,False,,False,
b04310d7c89c343d721cdfea3e5f572a60b075e18eea67796130a543b96c8d4a,A4BCA,POINT,BASIC MAP_PT,,graphic_only,0,{},not_delivered_not_automatically_missing,,False,,False,
b04559fba5abbcf99e8b23131d8af2649c17383b80b46ed00ab63267b6b7ef96,A494D,TEXT,Home Number RW 01 FDT 2,NN-117,mapped,1,"{""IMB"": 1}",delivered,,False,,False,
b07aefe83caf002031e02cada29cf31d4caf0b97279ab61f4045051e84c59297,A497E,POINT,BASIC MAP_PT,,graphic_only,0,{},not_delivered_not_automatically_missing,,False,,False,
b094449b79d9edf9f83633e031bf344d862d645a4936f58757670ca30a8037ed,A5E91,INSERT,EXT POLE FDT 1,,mapped,1,"{""PTECH"": 1}",delivered,,False,,False,
b0b6800636363867828ccbaea36976c436875210eefcf6fedb9dba55e3b2da8e,A5BDC,TEXT,BASIC MAP_PT_NUM,TGGR04-2.023.A19,annotation,0,{},not_delivered_not_automatically_missing,,False,,False,
b0bf654740df988cf2ed1dd9cf4fbca7c938e94ae6222ea2306d925b83e2fd51,9E7EB,TEXT,BASIC MAP_PT_DES,2,annotation,0,{},not_delivered_not_automatically_missing,,False,,False,
b0cb865fc8120f4f33a869d574a00fb70a83fc5fd016f359e188d89a559f5a41,A5E0E,INSERT,NEW POLE 7M 2.5INCH FDT 2,,mapped,1,"{""PTECH"": 1}",delivered,,False,,False,
b0da6ad17cac67b8b21ba6788f6aa7c4bc2974e4efc5b15ed5a840297934cd06,A4597,LWPOLYLINE,HOME,,graphic_only,0,{},not_delivered_not_automatically_missing,,False,,False,
b104e2f0649cbf0fcb76aa72c06b6ac9add3ff50a3dae6b6d372bad23fa4c4c3,A44C5,LWPOLYLINE,HOME,,graphic_only,0,{},not_delivered_not_automatically_missing,,False,,False,
b1141cf806952ac70235d5ad6355fd3af0b39cc55a55e4a63c738f66eca0541f,A4B84,TEXT,FAT CODE,TGGR04-1.022.A07,annotation,0,{},not_delivered_not_automatically_missing,,False,,False,
b13cafa28b06d8858d9b5fd85830cc76022beebd116ad69dc20c072d6e0b5f06,A4B8D,TEXT,FAT CODE,TGGR04-1.022.A10,annotation,0,{},not_delivered_not_automatically_missing,,False,,False,
b14d2aa648a049092f04c56c4ff7eb7e7237dde078d01aefddbddbc9e034f96a,A47D6,POINT,BASIC MAP_PT,,graphic_only,0,{},not_delivered_not_automatically_missing,,False,,False,
b173a259d942792caf0b3542ff00e1fee1c4e97078a0a4c59f757a048985f4a1,A485E,POINT,BASIC MAP_PT,,graphic_only,0,{},not_delivered_not_automatically_missing,,False,,False,
b17a03366728a3b4c872a6fb72f4985bbb4029031e0aaad040cfe65e59d63bcd,A44E2,LWPOLYLINE,HOME,,graphic_only,0,{},not_delivered_not_automatically_missing,,False,,False,
b17d1d4c0a53f4be9ccfc7640c4f1dc9507efd6cea968b0ba67670d5a3139272,A4ACE,POINT,BASIC MAP_PT,,graphic_only,0,{},not_delivered_not_automatically_missing,,False,,False,
b185e6d1a4de277b8e18d13927e61bb65d02d145a7ed41cf84f346260f3dbe4f,A4B13,TEXT,Home Number RW 01 FDT 2,NN-173,mapped,1,"{""IMB"": 1}",delivered,,False,,False,
b19c70b2db06596e14690f5be5b7165800640009f99874ca665b9a5c16ce0039,A4B2C,POINT,BASIC MAP_PT,,graphic_only,0,{},not_delivered_not_automatically_missing,,False,,False,
b1ad7102bf76ea2b495f2e35c53ebbff0971afab70a2e0bd22724d55cc80c9a8,A4A4A,POINT,BASIC MAP_PT,,graphic_only,0,{},not_delivered_not_automatically_missing,,False,,False,
b1c2b7f6734617c4e780d8ddb66960a9edaae512147eb18801f7504359ef2524,A44A5,LWPOLYLINE,HOME,,graphic_only,0,{},not_delivered_not_automatically_missing,,False,,False,
b1d6ff3cc0651382a61e48d58e43f0481bd0f4f14f14ba50b8db6da4e42d5fc3,95CD0,TEXT,POLE ID,Penanda 389,annotation,0,{},not_delivered_not_automatically_missing,,False,,False,
b21648c8112686d063670e2fc491fdc2ff4f00ff588e9947b1ca7afaa43bcda5,A4127,LWPOLYLINE,BASIC MAP,,graphic_only,0,{},not_delivered_not_automatically_missing,,False,,False,
b22a22a9a4d65a016bdf60078e9142975cd820dec76b25e6bcd82bed50f9132a,A4AA5,TEXT,Home Number RW 01 FDT 2,NN-7,mapped,1,"{""IMB"": 1}",delivered,,False,,False,
b26068f846747151d90f9e7f07d29e7e2e838ed9008096d3098b8e06568814c6,A5BCB,TEXT,BASIC MAP_PT_DES,A13,annotation,0,{},not_delivered_not_automatically_missing,,False,,False,
b26d46d5d290fda266760fbb6da6424c82b68f44ce8ae38b44611aa2854766b0,A5F21,MTEXT,Label,43,annotation,0,{},not_delivered_not_automatically_missing,,False,,False,
b273a4c5998aa82c652320780c0d10884acea9b969aae566374404bc48db842c,A5B83,ATTDEF,FAT,16,annotation,0,{},not_delivered_not_automatically_missing,,False,,False,
b27cccfb4876586ff1a606587dd9631d07f75240a6502b2051cee0f792d22462,A4A5A,POINT,BASIC MAP_PT,,graphic_only,0,{},not_delivered_not_automatically_missing,,False,,False,
b299a58bcccf95965f6454cf0f034dadbcb2f084471fa3c9f5da71dde46d6d97,A4851,TEXT,Home Number RW 01 FDT 1,NN-331,mapped,1,"{""IMB"": 1}",delivered,,False,,False,
b2a09d2a82a770cdf3d9ad606350884c6e33f361f9b80b87c6f4b3685b8b3cd7,A4A5D,TEXT,Home Number RW 01 FDT 2,NN-211,mapped,1,"{""IMB"": 1}",delivered,,False,,False,
b2b1b65b277330821444b79ff598175309fc2fd49107519891ce308130f96189,A5ABF,INSERT,NEW POLE 7m (3 inches) FDT 1,,mapped,1,"{""PTECH"": 1}",delivered,,False,,False,
b2c3eb535741343c84d1e67015589ad57e500c2a6419ee04ae8855f0ff13d6ff,A47DF,TEXT,Home Number RW 01 FDT 1,NN-73,mapped,1,"{""IMB"": 1}",delivered,,False,,False,
b2e0c39aa23c3b6faed17950ff684e60d1a9deeba37aabd51727cf20ca4391ae,A5F4A,MTEXT,Label,29,annotation,0,{},not_delivered_not_automatically_missing,,False,,False,
b3132b4a9f1994fcb42ca9280f30b71fb8553a6c51352c22ca4f5eb6bd0a6eaa,A4848,POINT,BASIC MAP_PT,,graphic_only,0,{},not_delivered_not_automatically_missing,,False,,False,
b3284bd85fdf4e86a16ef874aaecdac9ce417a78ccec144814b616e6b4c5a414,A48EA,POINT,BASIC MAP_PT,,graphic_only,0,{},not_delivered_not_automatically_missing,,False,,False,
b375d9b0f20865c3e0f06b2583f7f7e5c69a5336182b31b2b89c4fb364eccdd6,A4ACC,POINT,BASIC MAP_PT,,graphic_only,0,{},not_delivered_not_automatically_missing,,False,,False,
b37d86196e20574ebc02d8b942348ded52f56aa7db06281f67ac1d61738da208,A4A52,POINT,BASIC MAP_PT,,graphic_only,0,{},not_delivered_not_automatically_missing,,False,,False,
b386974e88bde7b950fa06b709d99219e001622f04549018242805f1cef50205,A4995,TEXT,Home Number RW 01 FDT 2,NN-283,mapped,1,"{""IMB"": 1}",delivered,,False,,False,
b39523570d435ba4620c4bd1d8cb6fd597b142b865b49621b14f64fe87afce21,A4961,TEXT,Home Number RW 01 FDT 2,NN-103,mapped,1,"{""IMB"": 1}",delivered,,False,,False,
b3a33ac518492b3ca445887d59f816c2ac5ec586a8904b203353f0babf79229b,A5C1C,POINT,BASIC MAP_PT,,graphic_only,0,{},not_delivered_not_automatically_missing,,False,,False,
b3b5cf8f81d5001546781c362e9b5087b32b1e1520dc2d51b677038b15f845e1,A4434,LWPOLYLINE,HOME,,graphic_only,0,{},not_delivered_not_automatically_missing,,False,,False,
b3cb875888d77862ee8c103549308cd4c84f2ee18f0f488f5536b04eb36fa1fb,A4A69,TEXT,Home Number RW 01 FDT 2,NN-23,mapped,1,"{""IMB"": 1}",delivered,,False,,False,
b4142d1ab4615493dfc56838ccfad8e1d7c0b180e590df4f683132449c183ad4,A446F,LWPOLYLINE,HOME,,graphic_only,0,{},not_delivered_not_automatically_missing,,False,,False,
b4233cb0d160b1bf1829f61ce18aa9a8b33d1057181df6d63ee7b63d175b8d96,A5B86,LWPOLYLINE,FAT,,graphic_only,0,{},not_delivered_not_automatically_missing,,False,,False,
b43104f6208032aa1861d90cc56628ae0ceb989ae60c68e0c48a74b59f7e397b,A4556,LWPOLYLINE,HOME,,graphic_only,0,{},not_delivered_not_automatically_missing,,False,,False,
b43444740b1fb73c2fbf5c57a32ea03a8c6ebaaab00fca0d6f2047b71ffadff9,A458A,LWPOLYLINE,HOME,,graphic_only,0,{},not_delivered_not_automatically_missing,,False,,False,
b43fe64cf2cd73eff47ab561b71ec433a8a77721278a5ca77db5ee5adc30d1c1,A4476,LWPOLYLINE,HOME,,graphic_only,0,{},not_delivered_not_automatically_missing,,False,,False,
b44bc5189fd26960717ec10afaeb7d2180c32262f55620cb1da8d68272ce7813,A5EAC,ATTDEF,FAT,16,annotation,0,{},not_delivered_not_automatically_missing,,False,,False,
b45ba289a449fd7f862c6e3487ad43eeb7968342c95b59e4139431fd77545904,A47E6,POINT,BASIC MAP_PT,,graphic_only,0,{},not_delivered_not_automatically_missing,,False,,False,
b46cf6a491d0fbd2308be3dfdbed34c7bcb3d22391daf97166c461be91a8e2b5,A5BD1,TEXT,BASIC MAP_PT_DES,A15,annotation,0,{},not_delivered_not_automatically_missing,,False,,False,
b480b5de6db84d911905db4ef9dcbfea294bb108d8f99f07e7e7251f41b5b3b6,A44DF,LWPOLYLINE,HOME,,graphic_only,0,{},not_delivered_not_automatically_missing,,False,,False,
b4841a9d9b45cd3e1bb09ff1fb168b6294eb5ee893c7804051b13f09a17a15a4,A4913,TEXT,Home Number RW 01 FDT 2,NN-84,mapped,1,"{""IMB"": 1}",delivered,,False,,False,
b490c09d3a8b260838bb69c999d29978a570fb4fe666f4ecf22e0ff59c249a4e,A4B24,POINT,BASIC MAP_PT,,graphic_only,0,{},not_delivered_not_automatically_missing,,False,,False,
b4933061ab6b372b1ec593bd07a0bef5daad579c074bed91d326a67fa1dfd992,A5F60,MTEXT,Label,47,annotation,0,{},not_delivered_not_automatically_missing,,False,,False,
b4d3b507c08447fd0be73838d45747fc247a6aa8c18e15da51994bc125e4d2c0,A48A6,POINT,BASIC MAP_PT,,graphic_only,0,{},not_delivered_not_automatically_missing,,False,,False,
b4e36c82ddd5ed8caf5262628ca1692dc1350ab1775b6432d843e99669e240be,A4999,TEXT,Home Number RW 01 FDT 2,NN-82,mapped,1,"{""IMB"": 1}",delivered,,False,,False,
b504a23311b05a9fde2459c2067fde9fd431bf923ff84506c9b359b465aa9d2b,A4511,LWPOLYLINE,HOME,,graphic_only,0,{},not_delivered_not_automatically_missing,,False,,False,
b5102ee9e679c2bd78d135b7eb204ef39489c19e9e351a98f7f53d2a00c48994,A4B87,TEXT,FAT CODE,TGGR04-1.022.A08,annotation,0,{},not_delivered_not_automatically_missing,,False,,False,
b53b530d731d95234d663fe42aa9c2f903cb0832311b15e215f0c824132688f8,A4BB2,POINT,BASIC MAP_PT,,graphic_only,0,{},not_delivered_not_automatically_missing,,False,,False,
b5519795f461d66a71518c56c5c37659361f93db332769e6495de6c2b7114948,A5C47,TEXT,NEW POLE 7m (3 inches) FDT 2,MR.TGGR04-2.P020,annotation,0,{},not_delivered_not_automatically_missing,,False,,False,
b5670b89b690eb0010d0a95d5f66b05e6bae6cbf09918b359b90e4c4fb631cb0,A4ADF,TEXT,Home Number RW 01 FDT 2,NN-2,mapped,1,"{""IMB"": 1}",delivered,,False,,False,
b56d8755b4512233e941fa7f5793f724b7a5254cfa2a33641d01e0f11fa3063d,A5C0F,TEXT,BASIC MAP_PT_DES,2,annotation,0,{},not_delivered_not_automatically_missing,,False,,False,
b576c8e294ba892b689b313e2c9693e411c4ebca69974403a01ce5059235e308,A49EA,POINT,BASIC MAP_PT,,graphic_only,0,{},not_delivered_not_automatically_missing,,False,,False,
b598edd0ba52025108e72d810b6edbd99f6bbf76c4ed7d1e66eb27fe5e1582fa,A44D2,LWPOLYLINE,HOME,,graphic_only,0,{},not_delivered_not_automatically_missing,,False,,False,
b5aa3e98635deabace6bd302a6f43fe59efdf7f94ae2075af023feffebdd9b75,A44C9,LWPOLYLINE,HOME,,graphic_only,0,{},not_delivered_not_automatically_missing,,False,,False,
b5ab43e97d8a4b942f334cc7c07eabea21fc91bcb59295b69bc2d1ac37bc42d8,A5F3A,MTEXT,Label,29,annotation,0,{},not_delivered_not_automatically_missing,,False,,False,
b5abc3f2e74f0fd89d648b744d9d4df48ab568c2c003e525f29b3f5e89d86c7b,A4A58,POINT,BASIC MAP_PT,,graphic_only,0,{},not_delivered_not_automatically_missing,,False,,False,
b5c3e308d3ce3068fb441ef0fc72e05467e2998e7d1bbefc10ca7d21819a0145,A4B70,TEXT,FDT,SRG.100.0402.TGGR04-2.023,annotation,0,{},not_delivered_not_automatically_missing,,False,,False,
b5d9a369298b70b7cc44236f66dd2fc54a9b01c80b459666e1aab4a95cde999a,9E8B0,TEXT,BASIC MAP_PT_DES,9,annotation,0,{},not_delivered_not_automatically_missing,,False,,False,
b6078a1fec2a8bf0778b42ae366e3cdf1b2be2c189b36c7d3d64888e319bd2ac,A490F,TEXT,Home Number RW 01 FDT 2,NN-94,mapped,1,"{""IMB"": 1}",delivered,,False,,False,
b62251740a2e2735c5d937fbad9a2d9acb1388a5aa64fd7012bbd1c55a907f94,A5F75,MTEXT,Label,46,annotation,0,{},not_delivered_not_automatically_missing,,False,,False,
b661d12551673e809df3e9459161b58475385739fba054b18ba3665d295987d6,A4AB6,POINT,BASIC MAP_PT,,graphic_only,0,{},not_delivered_not_automatically_missing,,False,,False,
b6936b32a9406ef1edce8871629d56352e76320e751849b8abc0d7d07ea8adc3,95CD2,TEXT,POLE ID,Penanda 390,annotation,0,{},not_delivered_not_automatically_missing,,False,,False,
b6d7ede4cbe180f5fc4628196287bb2cb451e54f9d06b06dff41c0133cf7116f,A5B81,LWPOLYLINE,FAT,,mapped,1,"{""BOITE"": 1}",delivered,,False,,False,
b6e741e42da58e0fd16662af03ccfe3ad0050ced6a80ec5e34f7a9bc7e6a98db,A4B85,TEXT,BASIC MAP_PT_DES,A07,annotation,0,{},not_delivered_not_automatically_missing,,False,,False,
b71b1874ca7fb911655092bac691769add657fd0a9176e567b67e016eaa2e620,A44D7,LWPOLYLINE,HOME,,graphic_only,0,{},not_delivered_not_automatically_missing,,False,,False,
b72cf798a14f5586c07f7dfae107c9f4cb66c58c590158bddfcfa8481d9f9953,A44A9,LWPOLYLINE,HOME,,graphic_only,0,{},not_delivered_not_automatically_missing,,False,,False,
b73c559c969f116d1bd2009fbfe4b277b400c05056e32182bf8233ab72a0e4a7,A4BAF,TEXT,BASIC MAP_PT_DES,A03,annotation,0,{},not_delivered_not_automatically_missing,,False,,False,
b74c24d1350e58aedfe5c33075c2abaf22aaf01bb715dd835172ba268541a77e,A48D4,POINT,BASIC MAP_PT,,graphic_only,0,{},not_delivered_not_automatically_missing,,False,,False,
b78db2f99f83168220caf43d81efaa1fa3ec8db688ef586f496702d8d9e42718,A43F9,LWPOLYLINE,HOME,,graphic_only,0,{},not_delivered_not_automatically_missing,,False,,False,
b7924c65575a38d14dc2b3a27eea072411cb80dee108116e138b3b56286e55eb,A4844,POINT,BASIC MAP_PT,,graphic_only,0,{},not_delivered_not_automatically_missing,,False,,False,
b79c8d20a414e78b46c5e67e2cda8a25b7622664420fa465d0eae2467ce2d0c1,A4940,POINT,BASIC MAP_PT,,graphic_only,0,{},not_delivered_not_automatically_missing,,False,,False,
b7b8d5bf51461fb1c9becd9a000a7816620261c726aa3a9068295eb36e1e2f79,A5EDB,LWPOLYLINE,FAT,,graphic_only,0,{},not_delivered_not_automatically_missing,,False,,False,
b7be3bad93e3eda584b92b66539e45eab3b20f9565cd56fa4a7757dfd7d712c3,A4468,LWPOLYLINE,HOME,,graphic_only,0,{},not_delivered_not_automatically_missing,,False,,False,
b7d4daa8e751dfe462c43390c299158ba0a2a84df09d2907a4cb78e64db85b43,A49BF,TEXT,Home Number RW 01 FDT 2,NN-388,mapped,1,"{""IMB"": 1}",delivered,,False,,False,
b7dc21f0956947be0a05da7e1d0f69c742a32c9b3c17612753cb3b93898e5eca,A4B1E,POINT,BASIC MAP_PT,,graphic_only,0,{},not_delivered_not_automatically_missing,,False,,False,
b7edfa96f95693c80ab0035edbd2cefab48152ee21c9bc8c8a1cda6bf48683d4,9589E,TEXT,POLE ID,Penanda 107,annotation,0,{},not_delivered_not_automatically_missing,,False,,False,
b82ce45273793ac4c956b6b800828328683c7ed0c0c847ef7272004b232e07e5,A4BC2,TEXT,NEW POLE 7m (3 inches) FDT 1,MR.TGGR04-1.P012,annotation,0,{},not_delivered_not_automatically_missing,,False,,False,
b82ffb57fa425d52bdba19fc351caa586f3f2883e30e9bd787ded3f4c7cffc96,A4A59,TEXT,Home Number RW 01 FDT 2,NN-9,mapped,1,"{""IMB"": 1}",delivered,,False,,False,
b83719846a87da2519885e31e65d3456edc5760998c8072f8981d4d64cc6a0f1,A44F4,LWPOLYLINE,HOME,,graphic_only,0,{},not_delivered_not_automatically_missing,,False,,False,
b856313c1ddf6004a2141a9fcd397d5f6dad9032cf84cf503d373860f54cd16b,A454B,LWPOLYLINE,HOME,,graphic_only,0,{},not_delivered_not_automatically_missing,,False,,False,
b87eaa097cb7770995e38a98accb4a30f46cf1ed637eaba4c08e1d07a7127ded,A4BE7,POINT,BASIC MAP_PT,,graphic_only,0,{},not_delivered_not_automatically_missing,,False,,False,
b896e88c06ff85ed85ae045ce4e3d41a9ce4d08732c96c8e12b2871af77fe361,A4412,LWPOLYLINE,HOME,,graphic_only,0,{},not_delivered_not_automatically_missing,,False,,False,
b8c7c24ab9f576c9679f25b447600c18a7ece09fc31d9ccba4470a989c4c8cd0,A4A0B,TEXT,Home Number RW 01 FDT 2,NN-432,mapped,1,"{""IMB"": 1}",delivered,,False,,False,
b8cbb1c029664ac64ae4d345e35ddbcea3acffdff466900d8d87c4b5dc88323e,A4AA4,POINT,BASIC MAP_PT,,graphic_only,0,{},not_delivered_not_automatically_missing,,False,,False,
b8de027fb620ecece475fd251f85c99806835f6c6f0958ae8f0969c2a58abc71,A48CB,TEXT,Home Number RW 01 FDT 1,NN-177,mapped,1,"{""IMB"": 1}",delivered,,False,,False,
b8fe42e0df537482495249ccd83252bd9e94491d0fa3116a2439b4a857f51cdc,A4801,TEXT,Home Number RW 01 FDT 1,NN-292,mapped,1,"{""IMB"": 1}",delivered,,False,,False,
b9159ef49989d5cf03387b7cf5fd02c4ef7ee61369627fcd4b2ec4ffacfc3ba9,A47F8,POINT,BASIC MAP_PT,,graphic_only,0,{},not_delivered_not_automatically_missing,,False,,False,
b946d31615d6cbd16f480ea7a8f79dcf299f9e8d8fe3623cf946af834ae4c23f,A5C50,TEXT,NEW POLE 7m (3 inches) FDT 2,MR.TGGR04-2.P024,annotation,0,{},not_delivered_not_automatically_missing,,False,,False,
b96717325cb78a156f3033c21c99c866fe02d24da43745dcbd144240fe635f39,A5ECC,ATTDEF,FAT,16,annotation,0,{},not_delivered_not_automatically_missing,,False,,False,
b972657e840e9b3ff7f04b3eea671195d6e7db9881b531661c722366efaa5434,A484F,TEXT,Home Number RW 01 FDT 1,NN-332,mapped,1,"{""IMB"": 1}",delivered,,False,,False,
b972cc20470fcf1d152d41e87cbfdaaff8a3fbc5bfdc4249ec2ca89a844709c0,A48A2,POINT,BASIC MAP_PT,,graphic_only,0,{},not_delivered_not_automatically_missing,,False,,False,
b97c436c3a51291e3977132c9dc4cbf12833b1dfa75edad02b0ae9fe04457568,A5B91,LWPOLYLINE,FAT,,graphic_only,0,{},not_delivered_not_automatically_missing,,False,,False,
b982985f3531f672e869a936f5fc1284c24970295809800ba403286d994eaf59,A494F,TEXT,Home Number RW 01 FDT 2,NN-114,mapped,1,"{""IMB"": 1}",delivered,,False,,False,
b9900ea1ac337e71003a9443ddd87b66d69b3383f6932737ee357d3fa13aff88,A4B03,TEXT,Home Number RW 01 FDT 2,NN-421,mapped,1,"{""IMB"": 1}",delivered,,False,,False,
b9a1b19d5dddcd07d9429531b05cb7078d599d8908c84d4315d36b65ed2f83b5,A5BA0,ATTDEF,FDT,72,annotation,0,{},not_delivered_not_automatically_missing,,False,,False,
b9e9c25c71fcdfc7b1e05704ebd53ae07d8f30d319b407188d3571d8bd004db3,A4A9A,POINT,BASIC MAP_PT,,graphic_only,0,{},not_delivered_not_automatically_missing,,False,,False,
b9fca60ec40f306040d2d5f2cf24188de13a3b82889259aefbef5df7c941722c,A443D,LWPOLYLINE,HOME,,graphic_only,0,{},not_delivered_not_automatically_missing,,False,,False,
ba60bb6e33540e08a75c5cd9d191341833c672482b49bfa34f940d05db2449d6,A49AA,POINT,BASIC MAP_PT,,graphic_only,0,{},not_delivered_not_automatically_missing,,False,,False,
ba79b54cc8d67b57edc8ea8fd1fbc241d9f487db486e66769a8419d832d10f24,A5B96,LWPOLYLINE,FAT,,mapped,1,"{""BOITE"": 1}",delivered,,False,,False,
ba80bc99cf984ff643f4386321ef7d76aca63515b9df1038320cbd3e2449be3c,A5F27,MTEXT,Label,51,annotation,0,{},not_delivered_not_automatically_missing,,False,,False,
bab96d2fee538d59e0d8b202923ea40aacdd163cfe7a636d0174f5b6f4ceb054,A5C70,POINT,BASIC MAP_PT,,graphic_only,0,{},not_delivered_not_automatically_missing,,False,,False,
badaceeb23f22011f854ee366eadc78381e1e2427ee1f4022d35a4a187e083f5,A4B51,LWPOLYLINE,HOME,,graphic_only,0,{},not_delivered_not_automatically_missing,,False,,False,
baece2e21b59d8a80222f8cbec3227e2f0d15ade998461c13f7660f5c826cf09,A4451,LWPOLYLINE,HOME,,graphic_only,0,{},not_delivered_not_automatically_missing,,False,,False,
bb0020414686c061dbfde4d17438131fc71aba327fa7fcd2709ddf2d20b219b1,A5FAE,LWPOLYLINE,BOUNDARY FDT 1,,mapped,1,"{""ZNRO"": 1}",delivered,,False,,False,
bb24877637b7fa7514979cc3503c508c50880bbe27d1833aedf9fe9b1ad86854,A4AB5,TEXT,Home Number RW 01 FDT 2,NN-207,mapped,1,"{""IMB"": 1}",delivered,,False,,False,
bb2ab788f2b9b1ee8fd1756e6aa2723f7125a63a9900bed398b503788b2181b8,A4BC5,POINT,BASIC MAP_PT,,graphic_only,0,{},not_delivered_not_automatically_missing,,False,,False,
bb555eb36892b0ebedec80010c5aaea56e5c64de2e3711107ca361642e1a520c,95894,TEXT,POLE ID,Penanda 102,annotation,0,{},not_delivered_not_automatically_missing,,False,,False,
bb5c3d3c9020bf5a3e871c422ac4ee3352bb86d6c93b142186a6fb463bf1e0ba,A5AB1,INSERT,NEW POLE 7m (3 inches) FDT 1,,mapped,1,"{""PTECH"": 1}",delivered,,False,,False,
bb63d1abf4ba1c0286d3cf8b9e0712cca1e35d3239572c692a982e3353902d5c,A4138,LWPOLYLINE,BASIC MAP,,graphic_only,0,{},not_delivered_not_automatically_missing,,False,,False,
bb70d00d86675e19be9b0b6d49d306b109827caff88378efac86ac06618d4c44,A450B,LWPOLYLINE,HOME,,graphic_only,0,{},not_delivered_not_automatically_missing,,False,,False,
bc30a10d44cc59c59ce9ddbf0d815f5c75abe045aecb72263b69fd581d882cb0,959C2,LWPOLYLINE,BA,,graphic_only,0,{},not_delivered_not_automatically_missing,,False,,False,
bc372e409bafe3169f2d84b5f4a6ad86e4d1d20c5412774eec2c16ea15335917,A455E,LWPOLYLINE,HOME,,graphic_only,0,{},not_delivered_not_automatically_missing,,False,,False,
bc3a6a0e19d170300a60695a109f76495c4f83faeaca5d8fa801797e877a1a9f,A4BAD,POINT,BASIC MAP_PT,,graphic_only,0,{},not_delivered_not_automatically_missing,,False,,False,
bc636c9631ab168ee9f884b8726f778f40fcaf3f540fbb59a535692036712d93,A4588,LWPOLYLINE,HOME,,graphic_only,0,{},not_delivered_not_automatically_missing,,False,,False,
bc6b93eb617039aae8bd359b828cfaaaac2cf175d9cce9d925df1dbf40162d5c,A5C35,TEXT,BASIC MAP_PT_DES,A04,annotation,0,{},not_delivered_not_automatically_missing,,False,,False,
bcae25dc02c33e138e748f7acddc037b6ba24fd0172168e0b9b169f23af71e2a,A48C6,POINT,BASIC MAP_PT,,graphic_only,0,{},not_delivered_not_automatically_missing,,False,,False,
bcaf4413077a41dda21794927ef1f2aea8ba1916b57a87929f2f1a33a3251844,A449B,LWPOLYLINE,HOME,,graphic_only,0,{},not_delivered_not_automatically_missing,,False,,False,
bcbeb0dbdc521c2094daff22acd33354e1019ac591dcce0b1889a7e79716b0dc,A414B,LWPOLYLINE,BASIC MAP,,graphic_only,0,{},not_delivered_not_automatically_missing,,False,,False,
bcdd5225b300b2da7e945de25d07c77a05991892daebc7bd01e2e91cfd779a42,A442B,LWPOLYLINE,HOME,,graphic_only,0,{},not_delivered_not_automatically_missing,,False,,False,
bce4bd670482c33400e13210c5055c502594088ab23ba117710d02bc557a4c56,A48B3,TEXT,Home Number RW 01 FDT 1,NN-165,mapped,1,"{""IMB"": 1}",delivered,,False,,False,
bcf42051f8f3e6929b324b2ac115efc3cab35927fa1b04f56a9b0186fd2cab56,A487F,TEXT,Home Number RW 01 FDT 1,NN-338,mapped,1,"{""IMB"": 1}",delivered,,False,,False,
bcfea955030d9ebd396981f24b8c6c0b7ce9561f521d9ab3b90bfbb3087c60f0,A455A,LWPOLYLINE,HOME,,graphic_only,0,{},not_delivered_not_automatically_missing,,False,,False,
bd3b730b3b0c138837a2b60095fb6b23d22ed93dd4f98d5f75085a709c0665cd,A48EB,TEXT,Home Number RW 01 FDT 1,NN-142,mapped,1,"{""IMB"": 1}",delivered,,False,,False,
bd629f7fb6cf4f18f0165d81cd964030493bde6904dd76b202e37fe4191ab03c,A5B8E,LWPOLYLINE,FAT,,mapped,1,"{""BOITE"": 1}",delivered,,False,,False,
bd78850df6d1d3cba0ef8a680dffbc5e1a40c645fc0d1e835a71afddd805b78c,A4140,LWPOLYLINE,BASIC MAP,,graphic_only,0,{},not_delivered_not_automatically_missing,,False,,False,
bd828b37c9dbad59a56f22574b6bf4b7fde2787abddfa45c558e805c6874dc99,A4A3B,TEXT,Home Number RW 01 FDT 2,NN-132,mapped,1,"{""IMB"": 1}",delivered,,False,,False,
bd8f5337d05b93ea1b69ae0f57b4bba5ebb11222ac897d0d429bdea15d3262fc,A482A,POINT,BASIC MAP_PT,,graphic_only,0,{},not_delivered_not_automatically_missing,,False,,False,
bda99958339040b2a6f53ae5085b7206aacb566fb0d2cc179296383964148a1b,A5C18,TEXT,BASIC MAP_PT_DES,2,annotation,0,{},not_delivered_not_automatically_missing,,False,,False,
bdd3345d4fdceac768b411b46b3563fedb335d32ddd31cdcfb499f1cf450f61a,A4914,POINT,BASIC MAP_PT,,graphic_only,0,{},not_delivered_not_automatically_missing,,False,,False,
be037957abb86e091d2281b5b92eeeb71a3d394de1079b2e49d696dbeabfeb4e,A4A84,POINT,BASIC MAP_PT,,graphic_only,0,{},not_delivered_not_automatically_missing,,False,,False,
be080791c82d586b50f67eb4eeb7fa7c8539463d6671ad3c8b9f0a6ce9d1d57d,A4826,POINT,BASIC MAP_PT,,graphic_only,0,{},not_delivered_not_automatically_missing,,False,,False,
be25a4093e9c90288f98457493fca6518988323f2e5738e77ccd40b29521d7a3,A4490,LWPOLYLINE,HOME,,graphic_only,0,{},not_delivered_not_automatically_missing,,False,,False,
be3586306acc6d1307a3df1c6f64b577c1b5a7c050a796b1c47fa48a1f8de676,A4586,LWPOLYLINE,HOME,,graphic_only,0,{},not_delivered_not_automatically_missing,,False,,False,
be3929ac334db2ddaecf9174946b8c9c52af501c65ce77c4cd8b4384dbabb2c5,A47FA,POINT,BASIC MAP_PT,,graphic_only,0,{},not_delivered_not_automatically_missing,,False,,False,
bed897435ee452f573a2075f5114686699a58a0643751d4e21816eac7a6f53eb,A4475,LWPOLYLINE,HOME,,graphic_only,0,{},not_delivered_not_automatically_missing,,False,,False,
bf202af1bb503a43dabb61a960c62d403015d5c3d2d2d4143e7335c3ca476131,A5EE7,LWPOLYLINE,FAT,,mapped,1,"{""BOITE"": 1}",delivered,,False,,False,
bf6149cf13e61d46358409765af25846bdcce4eb37a8e7fa95c4bc8435a65a48,9E8F2,TEXT,BASIC MAP_PT_DES,2,annotation,0,{},not_delivered_not_automatically_missing,,False,,False,
bf66323840589d0854e50dd30664f5b15a51f86d77683ba219a32ee5187f8ae0,95C98,TEXT,POLE ID,Penanda 361,annotation,0,{},not_delivered_not_automatically_missing,,False,,False,
bf6834c95fe72810d7bbc9f94dd0be2cf24d798e536742eb69e66df287ed5c3b,A4AEA,POINT,BASIC MAP_PT,,graphic_only,0,{},not_delivered_not_automatically_missing,,False,,False,
bf75bc5a5eef348eedc832c9c1e03326a2be225222ef7b87496bcd8e91fc7e2a,A4A56,POINT,BASIC MAP_PT,,graphic_only,0,{},not_delivered_not_automatically_missing,,False,,False,
bf8110b3b9a122ceb4ea0e972fd1840d1b5b42f6dc19b3704a4a31c8a031ca7c,A5C53,TEXT,NEW POLE 7m (3 inches) FDT 2,MR.TGGR04-2.P027,annotation,0,{},not_delivered_not_automatically_missing,,False,,False,
bfb9866ac671a746cee995acc7a59ad36c45b0d82ccd96631ad1f2ab5cbd9125,A5C90,POINT,BASIC MAP_PT,,graphic_only,0,{},not_delivered_not_automatically_missing,,False,,False,
bfb9effa1ea7c690df29a8e7272f1ce331d4d73ed826ab7d5ebc46dfdacec77f,A456B,LWPOLYLINE,HOME,,graphic_only,0,{},not_delivered_not_automatically_missing,,False,,False,
bfdb0a482f8a04a6327dbfe54a1572c274d2fbc98a9dd16e9789ccfa1930bcbc,9D520,TEXT,BASIC MAP_PT_DES,C01,annotation,0,{},not_delivered_not_automatically_missing,,False,,False,
bfddba05c45a3c3c6b34572303898f3e4d41cd9a7b598b85ed9ba5e870f3d7cf,A5BDB,POINT,BASIC MAP_PT,,graphic_only,0,{},not_delivered_not_automatically_missing,,False,,False,
bfdea77b03cbafb324a400eb950cd4e2b9fe1977f3ebefc25f5d0d380d647075,A4854,POINT,BASIC MAP_PT,,graphic_only,0,{},not_delivered_not_automatically_missing,,False,,False,
bffd3e0e851e22f89449f3eef0d20ea8ff551bc5c184f1019f614db595ceffd6,9E916,TEXT,BASIC MAP_PT_DES,A09,annotation,0,{},not_delivered_not_automatically_missing,,False,,False,
c03169e63befa22d2c9ae7848a530ebfad21f2b8fee00e559de1a7b60e81feca,A4548,LWPOLYLINE,HOME,,graphic_only,0,{},not_delivered_not_automatically_missing,,False,,False,
c091747ad758f2ddb227278e0088cd7232bdf1a937a11ae70725857b1c16d508,A4A91,TEXT,Home Number RW 01 FDT 2,NN-20,mapped,1,"{""IMB"": 1}",delivered,,False,,False,
c0ab94185c9f949fe668fdb6355a128856c69fda701ef76644802b64e821af10,A412A,LWPOLYLINE,BASIC MAP,,graphic_only,0,{},not_delivered_not_automatically_missing,,False,,False,
c0d0967f3f04979e0f11ccf809e2fe44922c72e9bd91da87de4702d89d946b67,A5EBE,LWPOLYLINE,FAT,,graphic_only,0,{},not_delivered_not_automatically_missing,,False,,False,
c0f385816334e9c380fbf6f6abb52660d8ebf39c118272eec67d9789c19ddab5,A48E3,TEXT,Home Number RW 01 FDT 1,NN-150,mapped,1,"{""IMB"": 1}",delivered,,False,,False,
c11f251fbbf1c5f4789a591a9f332a30b629d292e47b02f56f99de77eb9823d0,A4599,LWPOLYLINE,HOME,,graphic_only,0,{},not_delivered_not_automatically_missing,,False,,False,
c12db0c5eb17dc1c4c391ed8f9272bd3116392a60ab3524e6e9ac0d4b4f9e627,A5F8D,MTEXT,Label,38,annotation,0,{},not_delivered_not_automatically_missing,,False,,False,
c14cd675fba3346bb90019e45bcfb62e2ed5f4bb992c86be9d4728250b0b663f,A47FE,POINT,BASIC MAP_PT,,graphic_only,0,{},not_delivered_not_automatically_missing,,False,,False,
c1526bf647e6fffdc18887e74c1e80f41e47e19873a4c13199ee03e872f7cc28,A4A67,TEXT,Home Number RW 01 FDT 2,NN-24,mapped,1,"{""IMB"": 1}",delivered,,False,,False,
c15570190afee6b4bcecad4a3ca5ed22a9ea8928ea3d6d7f25154ff44fb96b74,A44BB,LWPOLYLINE,HOME,,graphic_only,0,{},not_delivered_not_automatically_missing,,False,,False,
c15611cf9a1c8167e9a00028c24643f9070bd1cb7049035f3456e5b487f7a047,A5A33,INSERT,EXT POLE FDT 1,,mapped,1,"{""PTECH"": 1}",delivered,,False,,False,
c167731378158eacb823f08232f9936ebc77915baa4c4ab8828d5b1a3b303450,A4593,LWPOLYLINE,HOME,,graphic_only,0,{},not_delivered_not_automatically_missing,,False,,False,
c1cee96ae707ad15d8cdd9076853872870fa0c90df94d200fba5d2c4dd07f229,A494E,POINT,BASIC MAP_PT,,graphic_only,0,{},not_delivered_not_automatically_missing,,False,,False,
c1cf791a27d959c29e015d4ee425c89e7fc261bc410fc32f062c17e7dce85569,A5ED4,ATTDEF,FAT,16,annotation,0,{},not_delivered_not_automatically_missing,,False,,False,
c1dabadd41ef10b93e1b975be83e62a2ed3ca42eabc7207b8806e233aee6dde1,A4925,TEXT,Home Number RW 01 FDT 2,NN-60,mapped,1,"{""IMB"": 1}",delivered,,False,,False,
c26ebb35b6d0172bbd413ddf54132e630010d517237ec1ce5131d4d800af18ce,A44DC,LWPOLYLINE,HOME,,graphic_only,0,{},not_delivered_not_automatically_missing,,False,,False,
c275d16332cf941bcd56fc29cd78a99e4aefcd815f4090cd98edff034314aaf4,A5DBA,INSERT,NEW POLE 7m (3 inches) FDT 2,,mapped,1,"{""PTECH"": 1}",delivered,,False,,False,
c2a26c346ebfebcd82ce65fc99c7b37aa4f0f85114d6dcb3f6c5f34cb0761fb6,A5F53,MTEXT,Label,47,annotation,0,{},not_delivered_not_automatically_missing,,False,,False,
c2a52922ede780caa747444789edc4176ac1dad10322bd54c1fb11d707d4fac2,A4549,LWPOLYLINE,HOME,,graphic_only,0,{},not_delivered_not_automatically_missing,,False,,False,
c2ad607fa64ff2fbf506d8bcfca7c0c70a3af275e114d45038585f1fa1644b50,A4AE2,POINT,BASIC MAP_PT,,graphic_only,0,{},not_delivered_not_automatically_missing,,False,,False,
c2e82b27055840cc81517d7041b24f14db7b7f81d380b69971e55da5bda9c700,957C4,LWPOLYLINE,BASIC MAP_PT_DES,,graphic_only,0,{},not_delivered_not_automatically_missing,,False,,False,
c2f39a80d2cf11e136852ecfcf79ed853a95f3579b90c90b1c6f3b06a2b3dfa1,9B255,TEXT,BASIC MAP_PT_DES,A02,annotation,0,{},not_delivered_not_automatically_missing,,False,,False,
c2f43040ad292c8233ba1c8802ba663f4229fef6feef153bd64d143309a393f8,A5ED3,LWPOLYLINE,FAT,,mapped,1,"{""BOITE"": 1}",delivered,,False,,False,
c3290bcdb120742dad6e20fefb06c2682b19b16e50cab0ec091a8246291f8f65,A4532,LWPOLYLINE,HOME,,graphic_only,0,{},not_delivered_not_automatically_missing,,False,,False,
c33abc6cba3ca5814e53bbb54df4dd717d6bba19f1e7ada44cca0e80dc827142,A5BCE,TEXT,BASIC MAP_PT_DES,A14,annotation,0,{},not_delivered_not_automatically_missing,,False,,False,
c33ef8de4ef0815d33f02b3d62f254ebe82cbac18e5c22600921fbe19adb391e,A4BE8,TEXT,NEW POLE 7m (3 inches) FDT 1,MR.TGGR04-1.P032,annotation,0,{},not_delivered_not_automatically_missing,,False,,False,
c353a77551a3e0ccfbea178b58d189aab554e5bf7a111530235d5abc5374c833,A49E8,POINT,BASIC MAP_PT,,graphic_only,0,{},not_delivered_not_automatically_missing,,False,,False,
c37646d1629ecf0f1d03f58709a5b2476d6436e299a5a3d5d2e6b29b048c012e,A49A5,TEXT,Home Number RW 01 FDT 2,NN-402,mapped,1,"{""IMB"": 1}",delivered,,False,,False,
c380ccfb997a62baf783aa92ded22011d9f947d9a093280ede6f0bae906931ac,A4A18,POINT,BASIC MAP_PT,,graphic_only,0,{},not_delivered_not_automatically_missing,,False,,False,
c3901fdcb7975100783d1c0f2a5941b32d41394e1789c1c058af6410eb667851,A4A20,POINT,BASIC MAP_PT,,graphic_only,0,{},not_delivered_not_automatically_missing,,False,,False,
c3918ffc513244afad0c95fad01f974cb04ee06746776c42d4cab14e2abaa3df,A4A90,POINT,BASIC MAP_PT,,graphic_only,0,{},not_delivered_not_automatically_missing,,False,,False,
c3b5ad3ef36179df6250a66698a00e7cc3e4eaf14bc9ee199c72d8e0aa0ca7a4,A49BA,POINT,BASIC MAP_PT,,graphic_only,0,{},not_delivered_not_automatically_missing,,False,,False,
c3b68fd08fff2fe83527403da32eed38d674e00fb5b0f9b02841e9afc1a2d026,A48A9,TEXT,Home Number RW 01 FDT 1,NN-225,mapped,1,"{""IMB"": 1}",delivered,,False,,False,
c3c087074e3b0a455198405aee77612e6430c3517d6488e86b9dd52203f25aeb,A4A99,TEXT,Home Number RW 01 FDT 2,NN-14,mapped,1,"{""IMB"": 1}",delivered,,False,,False,
c3ea0e51af39c96fa85ed99a843541652aa97f6b7506ff1189c5fd960b47f75f,A5EB6,LWPOLYLINE,FAT,,graphic_only,0,{},not_delivered_not_automatically_missing,,False,,False,
c405cbfb13c88b6ce4d02f8becf0773361e2ba37fc588a6a9adf2c2638f36e45,A49FD,TEXT,Home Number RW 01 FDT 2,NN-364,mapped,1,"{""IMB"": 1}",delivered,,False,,False,
c439ca41a88ec9c83057865886afec78de0b322abf09743add1714cd0d631a29,A4542,LWPOLYLINE,HOME,,graphic_only,0,{},not_delivered_not_automatically_missing,,False,,False,
c4704b69cd735c68c84d6ccf54f7b7d9cafa96d97764932b7f56ff1561f579d1,A4402,LWPOLYLINE,HOME,,graphic_only,0,{},not_delivered_not_automatically_missing,,False,,False,
c4af995f582649377539e30b7cebb0d80f6de0f2ce20399285c2b6736931e28a,A449F,LWPOLYLINE,HOME,,graphic_only,0,{},not_delivered_not_automatically_missing,,False,,False,
c4b9e65ec0bd931eea0f8631610e4da6f7cb32dbc336113e24984983141f8438,A5F3D,MTEXT,Label,43,annotation,0,{},not_delivered_not_automatically_missing,,False,,False,
c4c6dca32de3a9ff5e42dfb0bad6fb25aaff3872f4012e6a464f842cbb2c302c,A5BB0,TEXT,BASIC MAP_PT_DES,A04,annotation,0,{},not_delivered_not_automatically_missing,,False,,False,
c4d62cf6bbe1ca357d6de619450bb14be0be4a17c4492fcae56932b6dcdee94b,A5E07,INSERT,NEW POLE 7M 2.5INCH FDT 2,,mapped,1,"{""PTECH"": 1}",delivered,,False,,False,
c53e490a49a3bfb3b49c507704034e0554896851f2d4ebbd15ad15cbfdea6076,9E810,TEXT,BASIC MAP_PT_DES,A02,annotation,0,{},not_delivered_not_automatically_missing,,False,,False,
c53fab752a44bf68fb69d600b8c55eefde5635f42a654dfaf1cddc3a20bc2214,A47F0,POINT,BASIC MAP_PT,,graphic_only,0,{},not_delivered_not_automatically_missing,,False,,False,
c5509f4ce3b888547bd0ee20b211629f63a8e97056f318fcbd7d9d3e10ca105e,A5C3D,POINT,BASIC MAP_PT,,graphic_only,0,{},not_delivered_not_automatically_missing,,False,,False,
c55f4da89194926de36a2eefe0ea1ab0ea8177e4a5d36a9bdc3cce81e33015f5,A44A8,LWPOLYLINE,HOME,,graphic_only,0,{},not_delivered_not_automatically_missing,,False,,False,
c5618235e950e4088adf998bb6f3df945b9ed1378952acabee6cb67e6cbde442,A4A7E,POINT,BASIC MAP_PT,,graphic_only,0,{},not_delivered_not_automatically_missing,,False,,False,
c566507ebabfa2487d14479d457bf84f862fc98dd59f66f4f312e6e7b8548027,9E849,TEXT,BASIC MAP_PT_DES,A15,annotation,0,{},not_delivered_not_automatically_missing,,False,,False,
c578f005aa10cf5871e56876a8c0c16da2cde5feea7dbf57d1137996b4e33318,A4506,LWPOLYLINE,HOME,,graphic_only,0,{},not_delivered_not_automatically_missing,,False,,False,
c586b4e5938a3d2c8bea98a2c2ae8a026c7d8a71f68118fba475568a3194813d,95C7E,TEXT,POLE ID,Penanda 348,annotation,0,{},not_delivered_not_automatically_missing,,False,,False,
c595246fd41d72afcfc968457eb5b9a3e39c8772017b0c9fe473c7a018ff6e4c,A4900,POINT,BASIC MAP_PT,,graphic_only,0,{},not_delivered_not_automatically_missing,,False,,False,
c5b2139a48d67fe302d4f6ff5325bdf227d34d460c477871e8706ecc3e73af47,A45C0,LWPOLYLINE,HOME,,graphic_only,0,{},not_delivered_not_automatically_missing,,False,,False,
c5e1d1d32e8b53a0b7852bfd8a30a3150714a7dd98d0685d7c9918817d570c8e,95C7C,TEXT,POLE ID,Penanda 347,annotation,0,{},not_delivered_not_automatically_missing,,False,,False,
c5e8aa9b1de74078d1d2b5879d01b0db66f334a46d7611c804905bde82641242,A4551,LWPOLYLINE,HOME,,graphic_only,0,{},not_delivered_not_automatically_missing,,False,,False,
c6106be8804233f5b3b1febfede9d3525244aeea6c79f77afcd384796b269d23,A49B6,POINT,BASIC MAP_PT,,graphic_only,0,{},not_delivered_not_automatically_missing,,False,,False,
c612bbd9e0e0e1435d51843fe7d054a2e280fd26d8521c71529f592708f945fd,A485B,TEXT,Home Number RW 01 FDT 1,NN-324,mapped,1,"{""IMB"": 1}",delivered,,False,,False,
c61f45bce8c15a4d9486c263c6346d7edfd5af32f71a88180790045b3ceb14e4,A4517,LWPOLYLINE,HOME,,graphic_only,0,{},not_delivered_not_automatically_missing,,False,,False,
c64e2c52e2aa872f2f219b7b65f3c339ff8990c6ff7265fd94c24cb2ab7c9831,A4502,LWPOLYLINE,HOME,,graphic_only,0,{},not_delivered_not_automatically_missing,,False,,False,
c6627ed9caa011c9cb19c3b19ca4b40c5969c476d0b9e8d33d16cd4413decf72,A4B2A,POINT,BASIC MAP_PT,,graphic_only,0,{},not_delivered_not_automatically_missing,,False,,False,
c67df58d3a4f82798dbb3f5626d64f9a13163998e917ed05cc9a15e16586a80d,A49FF,TEXT,Home Number RW 01 FDT 2,NN-230,mapped,1,"{""IMB"": 1}",delivered,,False,,False,
c6f984604c0192ad716df69a62e75f6faf0e094a1590bd2e04123b57c42de9dd,A4432,LWPOLYLINE,HOME,,graphic_only,0,{},not_delivered_not_automatically_missing,,False,,False,
c72ff4da3046d1e6b65cb0ecd7a0c7876e0d737e8200f5a679be93a7b59bb353,A5C93,POINT,BASIC MAP_PT,,graphic_only,0,{},not_delivered_not_automatically_missing,,False,,False,
c75af6038cdd332c4463d9eedab6a2f25676e3b17dc3ac7e32b853e7aa9b9f70,A48A7,TEXT,Home Number RW 01 FDT 1,NN-226,mapped,1,"{""IMB"": 1}",delivered,,False,,False,
c783957d630fe1afec4d63327e8d0076276106d0c6dc3d532cb7afeb409fe8f9,A4838,POINT,BASIC MAP_PT,,graphic_only,0,{},not_delivered_not_automatically_missing,,False,,False,
c78a09f7c6cd64b4a09d04d3a28bf78948125736510b5d3a2ea49d9a7c54e00e,A5B8D,LWPOLYLINE,FAT,,graphic_only,0,{},not_delivered_not_automatically_missing,,False,,False,
c7935f1e85c00e9ea249d632b739cab8041b8dd4df475f57792a64685299640c,A4AF5,TEXT,Home Number RW 01 FDT 2,NN-249,mapped,1,"{""IMB"": 1}",delivered,,False,,False,
c79743e8d47a7ccf3cc98d3e725a61de0fcda8b3ff2c27018dc71e7d9443e070,A48F5,TEXT,Home Number RW 01 FDT 1,NN-134,mapped,1,"{""IMB"": 1}",delivered,,False,,False,
c79a0be01d1c23152cba2b8052dd41a353696626e90c9594b2641f81edb25bdf,A4428,LWPOLYLINE,HOME,,graphic_only,0,{},not_delivered_not_automatically_missing,,False,,False,
c7a50a9566274749abec3c4b217b9b07fabf8b01734bac1fe0629eaf8c7f5c4b,A48FF,TEXT,Home Number RW 01 FDT 1,NN-126,mapped,1,"{""IMB"": 1}",delivered,,False,,False,
c7cfb9f2cdee6db89fb71f3568dde8d4d55776141958b44953ee8bde501c4093,A4A07,TEXT,Home Number RW 01 FDT 2,NN-34,mapped,1,"{""IMB"": 1}",delivered,,False,,False,
c7d763322de5b4aff746efa142d49bbe78a6dc42b6d39bd68da99e71e684198b,A4837,TEXT,Home Number RW 01 FDT 1,NN-271,mapped,1,"{""IMB"": 1}",delivered,,False,,False,
c81b9f8e944540aecede0ef8dcb0be635b2c0aceebc7195a5b9743dc5b349147,A5EC6,LWPOLYLINE,FAT,,graphic_only,0,{},not_delivered_not_automatically_missing,,False,,False,
c826ca7511b40086a44693d8ed53b6dcce711d14c0d2f336d185cf356e03deb8,A4B0E,POINT,BASIC MAP_PT,,graphic_only,0,{},not_delivered_not_automatically_missing,,False,,False,
c837b6de30803048d1902fb2aa266c71c22e150bd362cec9f848ce002fee0f45,A4B7D,POINT,BASIC MAP_PT,,graphic_only,0,{},not_delivered_not_automatically_missing,,False,,False,
c84d0439631c888bd5e9fe680dcbd26f3e1878cabe1f030d19f916eedd4142f4,A44DD,LWPOLYLINE,HOME,,graphic_only,0,{},not_delivered_not_automatically_missing,,False,,False,
c88d5f029ae5985a6340cfd531c90f2767d74de50ae0e43620b977d3431ca7f0,A4BC1,POINT,BASIC MAP_PT,,graphic_only,0,{},not_delivered_not_automatically_missing,,False,,False,
c894a566a5a44e331c3e4439f68c837c03a01a750ccbbe42cdeec296f8fe533f,A4906,POINT,BASIC MAP_PT,,graphic_only,0,{},not_delivered_not_automatically_missing,,False,,False,
c89547f9cfb2cecea37535e849947bee5308e9f28dac77e4277d079d9f9ebe41,A49FB,TEXT,Home Number RW 01 FDT 2,NN-365,mapped,1,"{""IMB"": 1}",delivered,,False,,False,
c899a2ee2edbf7cb4e02c2bdcd347f9e88dbb00ba6a41f56ac2680f69ce7b459,A4BD7,TEXT,BASIC MAP_PT_DES,A09,annotation,0,{},not_delivered_not_automatically_missing,,False,,False,
c90bd6a37d56dbda91b42b8da69b2f0891eb4a8fb4121974ee42cb4b910c2adc,A4521,LWPOLYLINE,HOME,,graphic_only,0,{},not_delivered_not_automatically_missing,,False,,False,
c90cdb76475fc0d1898dc8952c96dfaff9aea074440cacd8c68f73a30b0aa57b,A4824,POINT,BASIC MAP_PT,,graphic_only,0,{},not_delivered_not_automatically_missing,,False,,False,
c927309a8231ada8774aa47252aa1690dcb4bce3246a7da2eef92f4a3a966db8,A4420,LWPOLYLINE,HOME,,graphic_only,0,{},not_delivered_not_automatically_missing,,False,,False,
c94ce541b7b54e92c5eccb8b8f4f3d0208f8ad76349f438b174ea106664c1c5a,A5BE1,POINT,BASIC MAP_PT,,graphic_only,0,{},not_delivered_not_automatically_missing,,False,,False,
c9821e3bb512251b4ad5919e4e1c1b6431820c63c50bca9d7dd9ecc9ac162778,A4486,LWPOLYLINE,HOME,,graphic_only,0,{},not_delivered_not_automatically_missing,,False,,False,
c9828c941a2ac2b69b61f6616d42af1f03de005e6e1a834a0a8d9af4981d5f03,A4455,LWPOLYLINE,HOME,,graphic_only,0,{},not_delivered_not_automatically_missing,,False,,False,
c99a3428f8a73bc4362d1b6c54c834fd267a162ea507c6a7c98afdbb6a622f42,A44F9,LWPOLYLINE,HOME,,graphic_only,0,{},not_delivered_not_automatically_missing,,False,,False,
c9addfd7f2ccf0bd5ef00a878e5950ba605494e0c2afcb60ea14678b3a41bf51,A4A02,POINT,BASIC MAP_PT,,graphic_only,0,{},not_delivered_not_automatically_missing,,False,,False,
c9af2c708a27b799c34ab2a68cd4142dd222346a66cc5aa630e8785dfed359b5,A5C25,POINT,BASIC MAP_PT,,graphic_only,0,{},not_delivered_not_automatically_missing,,False,,False,
c9b1d3e6c5fe0dbad05debff2a83e2fcaed852123767c451c512b1217b1f4929,A453C,LWPOLYLINE,HOME,,graphic_only,0,{},not_delivered_not_automatically_missing,,False,,False,
c9b88fd697b83a2eb80c90b982e3256aa1f7b414c38084bb5ec9702d695c32e3,A5C39,POINT,BASIC MAP_PT,,graphic_only,0,{},not_delivered_not_automatically_missing,,False,,False,
c9cfcb95d486bd7742a0f6fb58df91290519d1589c45d45b932a9d62b06bee71,A48BB,TEXT,Home Number RW 01 FDT 1,NN-185,mapped,1,"{""IMB"": 1}",delivered,,False,,False,
c9e0e3910687ebe369e7fa25665b7efa09b3e86a4610f508a89adc1357c7df77,9E8E6,TEXT,BASIC MAP_PT_DES,2,annotation,0,{},not_delivered_not_automatically_missing,,False,,False,
c9e44df208514d8aafc3f54172d9d5639385c80604fa5a2281064554ca12068c,A5B9F,HATCH,FDT,,graphic_only,0,{},not_delivered_not_automatically_missing,,False,,False,
ca056478c08c3204c2715fe088324b8013cc9f2ca5375227fb67f0e56101021a,A412B,LWPOLYLINE,BASIC MAP,,graphic_only,0,{},not_delivered_not_automatically_missing,,False,,False,
ca2bf5b79d48764da6345faf28532cd472babafd9a6cbbbcd087588e30852371,A456F,LWPOLYLINE,HOME,,graphic_only,0,{},not_delivered_not_automatically_missing,,False,,False,
ca43b63a236a8d944b393cf7b9a1e6505250058badce061c766827dc4390cfaa,A49F8,POINT,BASIC MAP_PT,,graphic_only,0,{},not_delivered_not_automatically_missing,,False,,False,
ca73396fa6a1848d8ec3e04b7d29ceafa8bb19801071ab5fc472210b69eb18b2,A4A8D,TEXT,Home Number RW 01 FDT 2,NN-217,mapped,1,"{""IMB"": 1}",delivered,,False,,False,
ca765fe2bfcb06894dc4fb92f4d9c05e7517c2263879233d1d1fa6c91aac5fcc,A48E9,TEXT,Home Number RW 01 FDT 1,NN-144,mapped,1,"{""IMB"": 1}",delivered,,False,,False,
ca89deb7f333af1cd66546c46e2f8fb62d49a45909cf3538dbd0cb66162cd919,A5AF0,INSERT,NEW POLE 7m (3 inches) FDT 1,,mapped,1,"{""PTECH"": 1}",delivered,,False,,False,
ca8a5428c4a72c943006be768238c88396af0aa3bbe2073a7a6de1503e11c790,A4909,TEXT,Home Number RW 01 FDT 1,NN-120,mapped,1,"{""IMB"": 1}",delivered,,False,,False,
ca8f04a3ebede83a97a6fb81ebd90290f3537339d5d17ac0aab0591b82c32710,A44F6,LWPOLYLINE,HOME,,graphic_only,0,{},not_delivered_not_automatically_missing,,False,,False,
cabdae2fd1185c3dde6a896fe99ef6d3593ff1cc16e45843883d0f6bcca0084f,A4BD3,TEXT,NEW POLE 7m (3 inches) FDT 1,MR.TGGR04-1.P021,annotation,0,{},not_delivered_not_automatically_missing,,False,,False,
cb430a265d373e2906461c4cfa65dc0874a103feed3a66616654e26f97f07310,9D50C,TEXT,BASIC MAP_PT_DES,B02,annotation,0,{},not_delivered_not_automatically_missing,,False,,False,
cb490dbc0972c43f58ea095f6f3b4571e8b6273f3c21ad9d60e924a17a26c498,A5C3B,POINT,BASIC MAP_PT,,graphic_only,0,{},not_delivered_not_automatically_missing,,False,,False,
cb6cb88b4579056c9c17682dcf9f6aba455d92db2e79b2acacca3f8fde6f866e,A412E,LWPOLYLINE,BASIC MAP,,graphic_only,0,{},not_delivered_not_automatically_missing,,False,,False,
cb748817d60d061aacf362e0299febbff4c75af643ad88e7be597681de057c4a,A49E7,TEXT,Home Number RW 01 FDT 2,NN-436,mapped,1,"{""IMB"": 1}",delivered,,False,,False,
cb8dce5bd36a6646bdbc63bbec734ea378b17b4cda8a91c0cd10f952e7e6da8d,9E875,TEXT,BASIC MAP_PT_DES,2,annotation,0,{},not_delivered_not_automatically_missing,,False,,False,
cb951ae354e96b19ddf6475ac555af8f61d709de6dc2774f4a2ff1fce36a6a9f,A4B86,POINT,BASIC MAP_PT,,graphic_only,0,{},not_delivered_not_automatically_missing,,False,,False,
cba42fdf4c18a320bf8a2b93edce7b81dbabacfb06019047d00dd3361673f5f3,A498C,POINT,BASIC MAP_PT,,graphic_only,0,{},not_delivered_not_automatically_missing,,False,,False,
cbb4ff6de4ca2ee0737994ed4d9cc2e02be6dd53f8de4e212d4c7743575575e1,A4974,POINT,BASIC MAP_PT,,graphic_only,0,{},not_delivered_not_automatically_missing,,False,,False,
cbdc8caeb1a916c6f5b4d729cf745baa23dee6fb11520b32440da9893ca8fcc9,A4A12,POINT,BASIC MAP_PT,,graphic_only,0,{},not_delivered_not_automatically_missing,,False,,False,
cbf1994bcd863b907a5858bbf29eb2b2f2690efb3da6db1c032aceed3b76e0d1,A4A0E,POINT,BASIC MAP_PT,,graphic_only,0,{},not_delivered_not_automatically_missing,,False,,False,
cc31bfafafa438187cc7e48192e14b63d1d0b969f0224106d92a9a746bf340dc,A488F,TEXT,Home Number RW 01 FDT 1,NN-161,mapped,1,"{""IMB"": 1}",delivered,,False,,False,
cc512d6cf8c851dbf3221a53db0c67e553ff54887b10ad9fbd28d8d541337534,A4529,LWPOLYLINE,HOME,,graphic_only,0,{},not_delivered_not_automatically_missing,,False,,False,
cc59329f2c9770471b09669599d4303b0fa9541700505bc0296f9ed6479c5c51,A5EAE,LWPOLYLINE,FAT,,mapped,1,"{""BOITE"": 1}",delivered,,False,,False,
cc5f004f24eaccdf1de98089edfdfd0280b747f248c79bab7b73c2bf1950c265,A43E3,LWPOLYLINE,HOME,,graphic_only,0,{},not_delivered_not_automatically_missing,,False,,False,
cc6a45a38e8c029424fa1723534e7ecadffeab3a7c89bdb8ce0ae3e079077b3b,A480A,POINT,BASIC MAP_PT,,graphic_only,0,{},not_delivered_not_automatically_missing,,False,,False,
cc7c0d9a367bb6769ee7c07258189faa60d972e54a9e62e230d3f090e72f23d8,A5EA8,ATTDEF,FAT,16,annotation,0,{},not_delivered_not_automatically_missing,,False,,False,
cc7c5908b6850666eb867aa9d0f3636801d5a15110e80491ef67dbb20d4f98bb,A5C89,TEXT,NEW POLE 7m (3 inches) FDT 2,MR.TGGR04-2.P060,annotation,0,{},not_delivered_not_automatically_missing,,False,,False,
cc96b1d765603ed1f42cebe304b1cab7d3744735cf46f254ecf725a215ca774e,A5F86,MTEXT,Label,33,annotation,0,{},not_delivered_not_automatically_missing,,False,,False,
ccc6ef4b855f5fe500b5753846701dd34a6d37ddf300b4b1e530088735498370,A4ACF,TEXT,Home Number RW 01 FDT 2,NN-194,mapped,1,"{""IMB"": 1}",delivered,,False,,False,
ccea4fb3b1748d2be6bcc580f439ba6c6732827f5c958b8e953a80d434fc92f2,A49C1,TEXT,Home Number RW 01 FDT 2,NN-387,mapped,1,"{""IMB"": 1}",delivered,,False,,False,
cd38f51f18308cbf355f5d48323cddf228a837cdda37ca95e67c1e47072fe0eb,A48C2,POINT,BASIC MAP_PT,,graphic_only,0,{},not_delivered_not_automatically_missing,,False,,False,
cd3dab3012ac36f1dca5b2dd1c98942f42d8de55bbdd3d032cd35db286ca1d49,A492E,POINT,BASIC MAP_PT,,graphic_only,0,{},not_delivered_not_automatically_missing,,False,,False,
cd4d43c73ee8f164ff70c768d6672402c9ebe907d0e5f10c4a2e3f046a942e5c,A4822,POINT,BASIC MAP_PT,,graphic_only,0,{},not_delivered_not_automatically_missing,,False,,False,
cd4f33a80414ecb3c333dd1d7dba18f3e3539adf40cd3ff866bb35b0bf24d4a7,A4958,POINT,BASIC MAP_PT,,graphic_only,0,{},not_delivered_not_automatically_missing,,False,,False,
cd58bf5f931d8b0297e631dc089ec88549cf1efadffda83e30aad53efe0d1403,A4452,LWPOLYLINE,HOME,,graphic_only,0,{},not_delivered_not_automatically_missing,,False,,False,
cd5dd754474e69ca78be7899baf48903531f789b80da27559d682f82e4b4083c,A4B49,LWPOLYLINE,HOME,,graphic_only,0,{},not_delivered_not_automatically_missing,,False,,False,
cd9288c58ae3f4eeff2877f2635c8e4e1ca1b745c48019c345ed69298b277b15,A5BEC,POINT,BASIC MAP_PT,,graphic_only,0,{},not_delivered_not_automatically_missing,,False,,False,
cdbe019b2a404e0f7830b18ee8bef7fc6fa5483a424be6cd9450eb39652d8c66,A4884,POINT,BASIC MAP_PT,,graphic_only,0,{},not_delivered_not_automatically_missing,,False,,False,
cdbf9b28a7eca6e6fbe5f24b29680228bd1bf662519095f343e435fb69bd736f,A5C2E,TEXT,BASIC MAP_PT_DES,A03,annotation,0,{},not_delivered_not_automatically_missing,,False,,False,
cdc39759af4cbf0217b188d0bf3ae94b5762509b51c929f28a304aa8348df3f7,A5BF4,TEXT,BASIC MAP_PT_DES,2,annotation,0,{},not_delivered_not_automatically_missing,,False,,False,
cdd66f7051205af03d4d97c111e3000eacf4cf1425c20cfb96d3c9323b35cbc2,A5C6A,POINT,BASIC MAP_PT,,graphic_only,0,{},not_delivered_not_automatically_missing,,False,,False,
cdd9536ee5705b4c298f2ffae888f9dfe985ac4d7cc65c8af3182e8e000b10c0,A4BD1,TEXT,BASIC MAP_PT_DES,A07,annotation,0,{},not_delivered_not_automatically_missing,,False,,False,
ce0f6ba5aca29fb894533d9c9c9496116e741cf027fa0d9716276305fbb0040b,A5CDA,INSERT,NEW POLE 7m (3 inches) FDT 2,,mapped,1,"{""PTECH"": 1}",delivered,,False,,False,
ce1b60783333fc1fa62a7d5919ddb73d7161848f08c2fb2e025e6f1beba100f8,A4B99,TEXT,EXT POLE FDT 1,EXT.MR.WLT2.TGGR04-2.P003,annotation,0,{},not_delivered_not_automatically_missing,,False,,False,
ce346a8a9ecc2332b32057b0cdf75018ed5be009cd9de07550b73daee13a9b60,A4B81,TEXT,FAT CODE,TGGR04-1.022.A06,annotation,0,{},not_delivered_not_automatically_missing,,False,,False,
ce4f04475207991d4c983ef300cea2d8b70d111c033a7030f4d6bd88862557db,A5B0C,INSERT,NEW POLE 7M 2.5INCH FDT 1,,mapped,1,"{""PTECH"": 1}",delivered,,False,,False,
ce68d75ba13cc8d7b23eb24f0854ac4a340bb48c93bb460c25d956cd433f26c7,A4959,TEXT,Home Number RW 01 FDT 2,NN-107,mapped,1,"{""IMB"": 1}",delivered,,False,,False,
ce73b811ea30c75e638f30de41b6b07c30fbcf1567bc7813e8180c637aed21f4,A4AD0,POINT,BASIC MAP_PT,,graphic_only,0,{},not_delivered_not_automatically_missing,,False,,False,
ceb33d56963cc785c412f76c165ed360b0141b169c090294a43b14b781e67b45,A4806,POINT,BASIC MAP_PT,,graphic_only,0,{},not_delivered_not_automatically_missing,,False,,False,
cef6884b2189529f46b85f2ad114fc52eecea12d5a5309a0f6607cc2108338f4,A4893,TEXT,Home Number RW 01 FDT 1,NN-159,mapped,1,"{""IMB"": 1}",delivered,,False,,False,
cefdd1589372f012bd9621869ac01806ece29179374030f9186429cbdaacbe59,A451B,LWPOLYLINE,HOME,,graphic_only,0,{},not_delivered_not_automatically_missing,,False,,False,
cf1b5ee83d248e93a3eb76c9c175670946d1ad3dfbd9f8a9d601cc9b0d65a1d3,A4422,LWPOLYLINE,HOME,,graphic_only,0,{},not_delivered_not_automatically_missing,,False,,False,
cf413f3d22d4f10a188b972ef65cd289b374dcad0260751adee5c0472e0501ef,A4500,LWPOLYLINE,HOME,,graphic_only,0,{},not_delivered_not_automatically_missing,,False,,False,
cf650506c06188b8545ec4a7d10b054c09b743897f91d0ea82b383369922346a,A4A19,TEXT,Home Number RW 01 FDT 2,NN-417,mapped,1,"{""IMB"": 1}",delivered,,False,,False,
cf8ef2535e38dca7813f28f958cd8c382e732690fc84ca79255b063dd950e29b,9D534,TEXT,BASIC MAP_PT_DES,C07,annotation,0,{},not_delivered_not_automatically_missing,,False,,False,
cf918e48fe85c721954124c49baf26ac5d8c4d7cf6e726b18897486d2b173a5a,A48FB,TEXT,Home Number RW 01 FDT 1,NN-129,mapped,1,"{""IMB"": 1}",delivered,,False,,False,
cffc7ffa3eb48c8f7dcf11fba300e385224bf44bac46b1a25fef0f28e6c3efb4,A444E,LWPOLYLINE,HOME,,graphic_only,0,{},not_delivered_not_automatically_missing,,False,,False,
d0043c354e1565c908a718a2cd66748ff3b1993591dcae8aae418fa66daa61a4,A4AA8,POINT,BASIC MAP_PT,,graphic_only,0,{},not_delivered_not_automatically_missing,,False,,False,
d028eab691065050b2c4b9da414c5af4732df8ae74bfc3cead0ae42906346a3c,A5BEF,POINT,BASIC MAP_PT,,graphic_only,0,{},not_delivered_not_automatically_missing,,False,,False,
d06e46c2ab50a387f498f135fdca4dcb57edba47ea24121c3f1292fd5e40d8fc,A4AC2,POINT,BASIC MAP_PT,,graphic_only,0,{},not_delivered_not_automatically_missing,,False,,False,
d0756ae823b53b27688211889b4db9d4ee22ea4f962b6bfeddd04cabb76411d6,A4148,LWPOLYLINE,BASIC MAP,,graphic_only,0,{},not_delivered_not_automatically_missing,,False,,False,
d07931dd5a6bd8097d35c9764b404c6d224b96902e70aa735c4b3e8e57f1cf8c,A4A77,TEXT,Home Number RW 01 FDT 2,NN-38,mapped,1,"{""IMB"": 1}",delivered,,False,,False,
d08897ab9fe380a5c18a3f45f85efd0f7bde479725f0820ae4a0a384c0ca70da,A5E5B,INSERT,NEW POLE 7M 2.5INCH FDT 2,,mapped,1,"{""PTECH"": 1}",delivered,,False,,False,
d09b3b96648d66c3de048e6a0945b41bc27308bf67efa1330f79f777ce7c6870,A4886,POINT,BASIC MAP_PT,,graphic_only,0,{},not_delivered_not_automatically_missing,,False,,False,
d0b687c48694aedf932c6d46b0ae1ddfe3ceee521e6b1b6a36bc2ea7b2d609fc,A4B02,POINT,BASIC MAP_PT,,graphic_only,0,{},not_delivered_not_automatically_missing,,False,,False,
d0b80a2cc030b06503406c6fe2120fa3f8f5f1b4f9885c8d20e96b6e18238080,A4B79,TEXT,BASIC MAP_PT_DES,A03,annotation,0,{},not_delivered_not_automatically_missing,,False,,False,
d128452fe9cb64c2855a41a481bb166590b8e4bf24fa16a7b445a5b94efb3513,A47D5,TEXT,Home Number RW 01 FDT 1,NN-5,mapped,1,"{""IMB"": 1}",delivered,,False,,False,
d132ac095342aaa92f1eb58ae15aad8de244b7dc5b9a790a587fa726a8eaab2d,A4813,TEXT,Home Number RW 01 FDT 1,NN-282,mapped,1,"{""IMB"": 1}",delivered,,False,,False,
d135dd99b4f7bd63a263d20aa72685be100b0d14d2703ab5596c582523a63f46,A4BAA,POINT,BASIC MAP_PT,,graphic_only,0,{},not_delivered_not_automatically_missing,,False,,False,
d16fdb1b017e285bc47985711f1af246c597cc282e472cfaaecdc2ad3f04c717,A5F56,MTEXT,Label,33,annotation,0,{},not_delivered_not_automatically_missing,,False,,False,
d171af0e8cdea8a77ab16cfa9ed51fe92917d24a781e43619dbbc9d66e981458,A4AEF,TEXT,Home Number RW 01 FDT 2,NN-253,mapped,1,"{""IMB"": 1}",delivered,,False,,False,
d196f2a2c88d876ea365485b5810b6bdc3aa21d07bbdafe9b95277e463450820,A459B,LWPOLYLINE,HOME,,graphic_only,0,{},not_delivered_not_automatically_missing,,False,,False,
d1b2a49a5ea16a0f3c58405f575903bc840a3e04a2009b1b048b8a590d159da4,A4158,LWPOLYLINE,BASIC MAP,,graphic_only,0,{},not_delivered_not_automatically_missing,,False,,False,
d1bfe4808356616b660be652a59e8d0977aedc8d58adbe8489dd33666814862e,A4539,LWPOLYLINE,HOME,,graphic_only,0,{},not_delivered_not_automatically_missing,,False,,False,
d1f8cd844ce21fcb20eda271d67df60e7fac5b2a86eb711854df786d219b35c2,A5C85,TEXT,NEW POLE 7m (3 inches) FDT 2,MR.TGGR04-2.P058,annotation,0,{},not_delivered_not_automatically_missing,,False,,False,
d211647f4a966ef050bc121d4e534948d901b11d5226b266a81f0f6a01e1982c,A4B33,TEXT,Home Number RW 01 FDT 2,NN-224,mapped,1,"{""IMB"": 1}",delivered,,False,,False,
d2278408f2cd5ed27b645f5523ad073d3ea2d40d05d34b92b01307588f297729,A5BB7,POINT,BASIC MAP_PT,,graphic_only,0,{},not_delivered_not_automatically_missing,,False,,False,
d2511e5bc048ebb10d5fdb7dccdaa605161f5cd1e586fa048a644e6c565f3c7f,A4B23,TEXT,Home Number RW 01 FDT 2,NN-241,mapped,1,"{""IMB"": 1}",delivered,,False,,False,
d2871510a13e6dabeb295ede4115fdb2977433372b7525a8902cd270ba4ae953,A4488,LWPOLYLINE,HOME,,graphic_only,0,{},not_delivered_not_automatically_missing,,False,,False,
d291f42b3e4d9d304e837e1a39e248a78288963de72a8f73f1c5b7a71def5e8c,A4BD5,POINT,BASIC MAP_PT,,graphic_only,0,{},not_delivered_not_automatically_missing,,False,,False,
d2d262ebf1aa31d1bf4aa1ab506d1a7b776985455849796b6214e18337996068,A4525,LWPOLYLINE,HOME,,graphic_only,0,{},not_delivered_not_automatically_missing,,False,,False,
d2d78362e56a64bf40e707c4a4171d2411f59d772495f7747dc9bd54525a60a4,A4BBF,POINT,BASIC MAP_PT,,graphic_only,0,{},not_delivered_not_automatically_missing,,False,,False,
d2f547f9a6f8a6accd23f4dcda0293f5c546e5a807a980e656f3c000717cb71f,A49A9,TEXT,Home Number RW 01 FDT 2,NN-400,mapped,1,"{""IMB"": 1}",delivered,,False,,False,
d311ae4d9ae8d7349cb9919f10e61e6229a906b846ad796207a2834aefd3d92f,A4B4F,LWPOLYLINE,HOME,,graphic_only,0,{},not_delivered_not_automatically_missing,,False,,False,
d3487c01adc37f77a912b87087524ccc950f8aa2f2f083a04c69884271931421,A5E8B,LWPOLYLINE,SLING WIRE FDT 2,,mapped,2,"{""CABLE"": 1, ""INFRASTRUCTURE"": 1}",delivered,,False,,False,
d36c6d60a100c3cb313e6afe4ee197bed33b659a42c1657c48e5b3fc5ad70ea5,A4945,TEXT,Home Number RW 01 FDT 2,NN-57,mapped,1,"{""IMB"": 1}",delivered,,False,,False,
d37075a3639c74c266208631f8db2b5234fe09070eb4d5820e167fbc8447fcaf,A5C41,TEXT,BASIC MAP_PT_DES,A06,annotation,0,{},not_delivered_not_automatically_missing,,False,,False,
d39e4fda4b9e6adc0cb804c2fe1b689fec187c38b0e787b4e1a15c34fa39e7c2,A5BEA,TEXT,NEW POLE 7M 2.5INCH FDT 2,MR.TGGR04-2.P002,annotation,0,{},not_delivered_not_automatically_missing,,False,,False,
d3aa4b6588e2836175320742862df6832cfe120e8dff207f1b2e29622c3075a9,A487A,POINT,BASIC MAP_PT,,graphic_only,0,{},not_delivered_not_automatically_missing,,False,,False,
d3aa63477b44fd9355eb6ee35ff94e47a3a5a1a8bf51fe8bef5aa914dd35cf7a,A4AF8,POINT,BASIC MAP_PT,,graphic_only,0,{},not_delivered_not_automatically_missing,,False,,False,
d3d0603b4369fdd2a1ca890af7f17b25ae2a5f9c10e2c5d11df162d61da1c502,A5A5D,INSERT,NEW POLE 7m (3 inches) FDT 1,,mapped,1,"{""PTECH"": 1}",delivered,,False,,False,
d3e0c5db3da75908c50b99a7aa174a5c2b23ef6c07c1f8970ba4eb684ce0b7dc,A412C,LWPOLYLINE,BASIC MAP,,graphic_only,0,{},not_delivered_not_automatically_missing,,False,,False,
d400b0db5a2d94d28e2fb8f8bf74c117da11eb391de00fa3e02ea56e4d2dac09,A4149,LWPOLYLINE,BASIC MAP,,graphic_only,0,{},not_delivered_not_automatically_missing,,False,,False,
d411b1d82d4f1986e42303fa46065cbb475fdd70ab871127bd4c813a7315470e,A4489,LWPOLYLINE,HOME,,graphic_only,0,{},not_delivered_not_automatically_missing,,False,,False,
d41560ee5b0434314205ff6aef3e5df9b0346f67c0f86ad4059bb1b2fda28a63,A5F24,MTEXT,Label,51,annotation,0,{},not_delivered_not_automatically_missing,,False,,False,
d41a0f95fbcf22e6a7faf36ca05c5141329076a69a09771c3ad7340b05acd234,A4524,LWPOLYLINE,HOME,,graphic_only,0,{},not_delivered_not_automatically_missing,,False,,False,
d4221e109a94f9daf2456a206054d4f78ce48ddb28a7576a09060d1b7ddd1689,9E904,TEXT,BASIC MAP_PT_DES,A05,annotation,0,{},not_delivered_not_automatically_missing,,False,,False,
d42f9eddac0fd4b97be339b4da725a7fdf8fd13c1668e24ae8d35875bf7cde23,A480B,TEXT,Home Number RW 01 FDT 1,NN-63,mapped,1,"{""IMB"": 1}",delivered,,False,,False,
d43a7817e8f579b6f9112108dc4aec14e58dfc78cd56833e218e7e02ffac1c9f,A448F,LWPOLYLINE,HOME,,graphic_only,0,{},not_delivered_not_automatically_missing,,False,,False,
d444fe73fd8086ef2a97c8368b2e24e02278b4b0b82f814c16f8978b0c4a6d87,A4B77,POINT,BASIC MAP_PT,,graphic_only,0,{},not_delivered_not_automatically_missing,,False,,False,
d469b3edfb3fdfbb49d0d5d8abdc7ca5971ce1f88e736fab0edaea40eb6d5fca,A47D3,TEXT,Home Number RW 01 FDT 1,NN-6,mapped,1,"{""IMB"": 1}",delivered,,False,,False,
d478e90530bdb23082e634e34678f4f8d589c514a52618177b815e7a156a5b18,9E91C,TEXT,BASIC MAP_PT_DES,9,annotation,0,{},not_delivered_not_automatically_missing,,False,,False,
d47cea009a6b83e62c1add18b4345511ebeb5544dc5c463c6ccceffe9b34b33b,A4460,LWPOLYLINE,HOME,,graphic_only,0,{},not_delivered_not_automatically_missing,,False,,False,
d48ed13f2c39df01208b0ec9eaaab761d70f5b314bfb23ed3f457467cc6ca625,A5F34,MTEXT,Label,29,annotation,0,{},not_delivered_not_automatically_missing,,False,,False,
d4d0426ae1a3f04c0ba39eac64f58e6cc44eb8fff95c60705bb5931634815b66,A5C76,TEXT,BASIC MAP_PT_DES,A13,annotation,0,{},not_delivered_not_automatically_missing,,False,,False,
d4d2e2c0608e48d2276a81389b747e084e49cbdd6e8e716712c92e7da8fe04e1,9D4F3,TEXT,BASIC MAP_PT_DES,A01,annotation,0,{},not_delivered_not_automatically_missing,,False,,False,
d4ee85c155ed86ce9dd05fe7ec6b893059cf83d85b9354199f19a68c76843422,A5F7C,MTEXT,Label,30,annotation,0,{},not_delivered_not_automatically_missing,,False,,False,
d4f2b437d560441f9c0fb3f5aafb29a23481d5c26a4183d7b8382ce937f92e62,A481D,TEXT,Home Number RW 01 FDT 1,NN-277,mapped,1,"{""IMB"": 1}",delivered,,False,,False,
d506b5b98b9ffe2d2e1d7c5aa994ddf952fe0e70a93fcb6367d4efcd8d87f502,A4A85,TEXT,Home Number RW 01 FDT 2,NN-30,mapped,1,"{""IMB"": 1}",delivered,,False,,False,
d549b532abf9e930aa3a09d0e9521c7e2879308b0867a894d947b01399d42285,A4876,POINT,BASIC MAP_PT,,graphic_only,0,{},not_delivered_not_automatically_missing,,False,,False,
d54f9e54ca8d13e1051b894a8a7d45bdb6ae5f81d3b0ab3556c64ce0d86076c9,A48F8,POINT,BASIC MAP_PT,,graphic_only,0,{},not_delivered_not_automatically_missing,,False,,False,
d55723ce71187e0423d9b3c171017725cc41aa06f17f9840f2607b4eeafc0db1,9E8EA,TEXT,BASIC MAP_PT_DES,2,annotation,0,{},not_delivered_not_automatically_missing,,False,,False,
d562d5ef45831ca8b94cd5b597d7eea131a6f9e14f39b06ebf2bdd7aeb4480d2,A4B93,TEXT,EXT POLE FDT 1,EXT.MR.WLT2.TGGR04-2.P001,annotation,0,{},not_delivered_not_automatically_missing,,False,,False,
d5633450b707bc6374a0218b7ef526fcbe010586831cca252f28ce6d7f76a147,A4825,TEXT,Home Number RW 01 FDT 1,NN-272,mapped,1,"{""IMB"": 1}",delivered,,False,,False,
d5786563d73497efb6c2a7d1a6b645a2163577cbb1badd7639d65ae2992fe259,A415C,LWPOLYLINE,BASIC MAP,,graphic_only,0,{},not_delivered_not_automatically_missing,,False,,False,
d5c8747521216910b11cdceed565d6e2c7aefe366d3a8c0c6b97fd148afe9f73,A486F,TEXT,Home Number RW 01 FDT 1,NN-346,mapped,1,"{""IMB"": 1}",delivered,,False,,False,
d5d82e9e5db65a2a25b807e7658971d6f265e29a7a45b762a59d1f46c4829453,A5BEE,TEXT,BASIC MAP_PT_DES,2,annotation,0,{},not_delivered_not_automatically_missing,,False,,False,
d60c580e8b3168886cedc3e176ae0229e7e36e82c44e0b7b872d6aef71a7188e,A4885,TEXT,Home Number RW 01 FDT 1,NN-357,mapped,1,"{""IMB"": 1}",delivered,,False,,False,
d62d7cf59cd4b9fc759087cc7b48d86c0ab9ab053a8fa1402f6221e826434f5a,A44C1,LWPOLYLINE,HOME,,graphic_only,0,{},not_delivered_not_automatically_missing,,False,,False,
d65c4fecba842fdb91369aa6c0c04ebfea6c81b1e7f0a0c726fca9bb5b8b9c62,A452A,LWPOLYLINE,HOME,,graphic_only,0,{},not_delivered_not_automatically_missing,,False,,False,
d687e4789a61b927cd6b96ef6098cd53ff452edd813f9a95d4628a2b519b7727,A44DB,LWPOLYLINE,HOME,,graphic_only,0,{},not_delivered_not_automatically_missing,,False,,False,
d6ab4d6bf4351bf11a44a27bdd68879101ee3c78c140ecbebe137820cf13dc0c,A5DAC,INSERT,NEW POLE 7m (3 inches) FDT 2,,mapped,1,"{""PTECH"": 1}",delivered,,False,,False,
d6bbc132fce3f89364bf3e4963604bb0c54281e4ef5616e8f549b26861a11a36,A481B,TEXT,Home Number RW 01 FDT 1,NN-278,mapped,1,"{""IMB"": 1}",delivered,,False,,False,
d6cd4cccd27f73d790d02ec2ba3887cbc8219e923edaef7d4e6ea144fcd71803,A459F,LWPOLYLINE,HOME,,graphic_only,0,{},not_delivered_not_automatically_missing,,False,,False,
d6f4bbb2348bd020efb90ac8013b625baa3aecc4faf0cd618d3607de018edbdc,A4409,LWPOLYLINE,HOME,,graphic_only,0,{},not_delivered_not_automatically_missing,,False,,False,
d703e31676646bc985a1ab85dfdb6f11a7479beb89ddc70c5a6908c0f13ed012,A499E,POINT,BASIC MAP_PT,,graphic_only,0,{},not_delivered_not_automatically_missing,,False,,False,
d71748b8c110adb00f790ccc6832520e0c80cabd0e36ef749792bae7d1a8d793,A4552,LWPOLYLINE,HOME,,graphic_only,0,{},not_delivered_not_automatically_missing,,False,,False,
d733fc398514111ba7ff6ece165e01635cd77d82cb384a86824d2e1b02bd9064,A5B76,LWPOLYLINE,FAT,,graphic_only,0,{},not_delivered_not_automatically_missing,,False,,False,
d73dc2ba7e02405f80082d22a0b25d052c6a49013dc3c2447bfaf9d864986b94,A5BF8,POINT,BASIC MAP_PT,,graphic_only,0,{},not_delivered_not_automatically_missing,,False,,False,
d7424324a86bc260f8e78753abf2074b3ff91d6cc36211a2b173c41e9f40ac26,A491E,POINT,BASIC MAP_PT,,graphic_only,0,{},not_delivered_not_automatically_missing,,False,,False,
d7519be9603dd0673df166c0a75e0da3c7dfa5bff8665d1a0f60bf1efe5ded0b,A4AE5,TEXT,Home Number RW 01 FDT 2,NN-426,mapped,1,"{""IMB"": 1}",delivered,,False,,False,
d77c3e8c61bc668cb7709da3a8e65ed13282ccadd99940c836999b08322b299b,A4B9F,TEXT,NEW POLE 7M 2.5INCH FDT 1,MR.TGGR04-1.P003,annotation,0,{},not_delivered_not_automatically_missing,,False,,False,
d7b3f45639070a65ed753508ad139272444ae72c4f2cc55cd399cbcce0b6ff5b,A5BA8,POINT,BASIC MAP_PT,,graphic_only,0,{},not_delivered_not_automatically_missing,,False,,False,
d7cc9bc119b75bbb57ab4e8a207c00f35093a4782e54543d8c7601f3b3cee032,A458E,LWPOLYLINE,HOME,,graphic_only,0,{},not_delivered_not_automatically_missing,,False,,False,
d7e94903181bc84cc9dac93b4391e6c9eb221ecc7c712433c942ecfaf78112b8,A440C,LWPOLYLINE,HOME,,graphic_only,0,{},not_delivered_not_automatically_missing,,False,,False,
d8173034d3cd05bd4a1a200d0b8cdfc1e0b695e6b455c5b7c562bf38f70109c6,A4883,TEXT,Home Number RW 01 FDT 1,NN-361,mapped,1,"{""IMB"": 1}",delivered,,False,,False,
d81e3850b6b3dea25df01ef57c92be17c1ec08e495d96557cf6aff7997c3cc70,A5BE9,POINT,BASIC MAP_PT,,graphic_only,0,{},not_delivered_not_automatically_missing,,False,,False,
d834f9b6ee6adf6078b90ee212a8856ba4dc3d06f3b07b750fdd65a069a0693d,A5F3C,MTEXT,Label,21,annotation,0,{},not_delivered_not_automatically_missing,,False,,False,
d84dd9b124cf4cb652e361af49e5c66cf9aa7d37717d5847e9fe1b4762af84b4,A5C3E,TEXT,NEW POLE 7m (3 inches) FDT 2,MR.TGGR04-2.P014,annotation,0,{},not_delivered_not_automatically_missing,,False,,False,
d85c26532da198a5325b57b80c071d76ef0519ab636f8de9630e332e21c4a18c,A4B95,POINT,BASIC MAP_PT,,graphic_only,0,{},not_delivered_not_automatically_missing,,False,,False,
d8cca46fd4df1441465f1ff87653c994e90db91b11cf80db4aa217b999878983,A43E5,LWPOLYLINE,HOME,,graphic_only,0,{},not_delivered_not_automatically_missing,,False,,False,
d8f70fd372b5fb90395f27c51c92aa716a39484e6ca79c724b8ede766c898f65,A5C79,TEXT,BASIC MAP_PT_DES,A14,annotation,0,{},not_delivered_not_automatically_missing,,False,,False,
d918448aacc5ac7b8c3faedeaef1775b326faab661ab4176af47b5d4c7f3a430,A495C,POINT,BASIC MAP_PT,,graphic_only,0,{},not_delivered_not_automatically_missing,,False,,False,
d9461e30974b2214908db819978b6c1675034564ffcc8756af0f0d6a9a50909d,A5C99,TEXT,NEW POLE 7m(4 inches) fdt 2,MR.TGGR04-2.P001,annotation,0,{},not_delivered_not_automatically_missing,,False,,False,
d952faef76ecd7774685d98258661b8dc2cee4f0d61044f2451363b49a1a642a,A4908,POINT,BASIC MAP_PT,,graphic_only,0,{},not_delivered_not_automatically_missing,,False,,False,
d959848dd38bc54ba8c557c61abcde119616ffaedc24d6f7154a9fc3d7920e5e,A491A,POINT,BASIC MAP_PT,,graphic_only,0,{},not_delivered_not_automatically_missing,,False,,False,
d9afb7bba721adf09fdc803428c7257f30f5e6d774dc374058f592b3f83e5304,A4934,POINT,BASIC MAP_PT,,graphic_only,0,{},not_delivered_not_automatically_missing,,False,,False,
d9c84179b6658361924dbc463e5cee36a350548d2574793fdd2260350ecb2a03,A4BC8,POINT,BASIC MAP_PT,,graphic_only,0,{},not_delivered_not_automatically_missing,,False,,False,
d9e2a3b428e72164509eef695bc7b1022ce5ac1e2c84572a89c82ee72bde0534,A48F0,POINT,BASIC MAP_PT,,graphic_only,0,{},not_delivered_not_automatically_missing,,False,,False,
da194e762900a76040a36c8b7b8eaef083324e2fc85aa9c3c7286f17054b46d5,A5C37,TEXT,NEW POLE 7m (3 inches) FDT 2,MR.TGGR04-2.P010,annotation,0,{},not_delivered_not_automatically_missing,,False,,False,
da199efd145e50f1c126e7fb01ddaa1fc60adde1f2a130283c4bc55ba656a54d,A4B30,POINT,BASIC MAP_PT,,graphic_only,0,{},not_delivered_not_automatically_missing,,False,,False,
da219838c0b46faa129e57a749b896fcd45fc34527f02ba36245d9452133eb6e,A5BE0,TEXT,BASIC MAP_PT_DES,A20,annotation,0,{},not_delivered_not_automatically_missing,,False,,False,
da3be61363d42e062e4c230cb1cf9e27337e29d459fb8c9c2387f6db94e49c11,9D52C,TEXT,BASIC MAP_PT_DES,C05,annotation,0,{},not_delivered_not_automatically_missing,,False,,False,
da6397bf73027eb64223568bd1cd967915ba18b73ad4a9f9062c216b2b98edc1,A4986,POINT,BASIC MAP_PT,,graphic_only,0,{},not_delivered_not_automatically_missing,,False,,False,
dabc9422d117a4708b7217fbe643d414dfc248db396143b098e71bede6e68a17,A443A,LWPOLYLINE,HOME,,graphic_only,0,{},not_delivered_not_automatically_missing,,False,,False,
dae6d5bb5496dd34d3f8f3d7f172af881598f6dcccad92a7c137df503869fcbe,A5EE6,LWPOLYLINE,FAT,,graphic_only,0,{},not_delivered_not_automatically_missing,,False,,False,
db1659342f4c421ae32ccea4d6b5096c53d60f11468226576686c440e4828688,A4BA6,TEXT,BASIC MAP_PT_DES,2,annotation,0,{},not_delivered_not_automatically_missing,,False,,False,
db25fac93640d6182d8b31b07fc3b824608cf5c7224fb5c455fc565a2e2c072f,A48A3,TEXT,Home Number RW 01 FDT 1,NN-237,mapped,1,"{""IMB"": 1}",delivered,,False,,False,
db280a588bc834db6a9956142f340f5a80a9b5d7335dac9e96f32e023a5352da,A5EF4,ATTDEF,FAT,16,annotation,0,{},not_delivered_not_automatically_missing,,False,,False,
db305dd0d4cc8045b87ff1709977f7cd2b3c7d99cfb7d6a646db2c1fb80e777d,A4919,TEXT,Home Number RW 01 FDT 2,NN-79,mapped,1,"{""IMB"": 1}",delivered,,False,,False,
db3dd536e9d64612bb0f88fed882cdd47c54ced55b41d55721bc34c9dd0edf47,A492D,TEXT,Home Number RW 01 FDT 2,NN-462,mapped,1,"{""IMB"": 1}",delivered,,False,,False,
db45540033373423a8e60618c30074c009e9350bc2bb5f51a029fbd69b6bb0ff,A48ED,TEXT,Home Number RW 01 FDT 1,NN-140,mapped,1,"{""IMB"": 1}",delivered,,False,,False,
db67151ced5672101e647a24cc55b1b77f1e62de7d8fda4b74a45e918019c3f9,A4473,LWPOLYLINE,HOME,,graphic_only,0,{},not_delivered_not_automatically_missing,,False,,False,
db88719fa01a07b873f3ebd9c46abb21d9410820c983226b02d8d6004dfa50dc,A44AA,LWPOLYLINE,HOME,,graphic_only,0,{},not_delivered_not_automatically_missing,,False,,False,
db99899f1911aac296cd33f9862658001248eb4118c0d8963eab6a4b33d8910b,9E834,TEXT,BASIC MAP_PT_DES,A10,annotation,0,{},not_delivered_not_automatically_missing,,False,,False,
dba8eee6d91705bf072ca174202711040e861fa4aed166bff2072bc9fd21a94d,A44BA,LWPOLYLINE,HOME,,graphic_only,0,{},not_delivered_not_automatically_missing,,False,,False,
dbc2a5baaccdb2645eaaa7b63dcba811e2a2438eb3668d51f4a8cc10ca052a51,A4B80,POINT,BASIC MAP_PT,,graphic_only,0,{},not_delivered_not_automatically_missing,,False,,False,
dbcb33d7ed4831e9915f5a460ea15cfb790da0930c6294a2238a9211689ba770,A5C8A,POINT,BASIC MAP_PT,,graphic_only,0,{},not_delivered_not_automatically_missing,,False,,False,
dbcd3b7a9d9ad023c607a77dd16e7f969504685afaaddcbf9798377ea0b396fa,A44CD,LWPOLYLINE,HOME,,graphic_only,0,{},not_delivered_not_automatically_missing,,False,,False,
dbe0a009496134becd6b05e6f28f50a6700707b97e61f57678031918c2048879,A4A4C,POINT,BASIC MAP_PT,,graphic_only,0,{},not_delivered_not_automatically_missing,,False,,False,
dbf7f168af99a6c100486107a3a01189c39edc3a2f00fbf23bc6ac7a3a40760c,A4AFE,POINT,BASIC MAP_PT,,graphic_only,0,{},not_delivered_not_automatically_missing,,False,,False,
dbfe4f0ee26693287fb239c88b8caa502a4239c4eb6859826379c9809e753e43,A5D12,INSERT,NEW POLE 7m (3 inches) FDT 2,,mapped,1,"{""PTECH"": 1}",delivered,,False,,False,
dc0de61ea1b25600a68a4a532447a315c8b99d4d82535cf170ccc44628f671d3,A44B0,LWPOLYLINE,HOME,,graphic_only,0,{},not_delivered_not_automatically_missing,,False,,False,
dc2468dd827a7432790bf6345f31ab92122af8a273700cf1b271e31ecb095d5a,A5AB8,INSERT,NEW POLE 7m (3 inches) FDT 1,,mapped,1,"{""PTECH"": 1}",delivered,,False,,False,
dc291a412a7c72ee40aa32cd4e14f0d982992d78dab5b33f431ede0fc925e820,A5C3C,TEXT,NEW POLE 7m (3 inches) FDT 2,MR.TGGR04-2.P013,annotation,0,{},not_delivered_not_automatically_missing,,False,,False,
dc29b405ffc2863527e8d9230e7577b3435360f4445668c3407a1c7cea5e9ad8,A4424,LWPOLYLINE,HOME,,graphic_only,0,{},not_delivered_not_automatically_missing,,False,,False,
dc60c3e24fca4a9a6c146b4f6762fb9b85d16abb78ea908d5ded3b3979ab473b,A4A23,TEXT,Home Number RW 01 FDT 2,NN-411,mapped,1,"{""IMB"": 1}",delivered,,False,,False,
dc6b3ae8c151aee2de8628c850d9e6df2f89beadb435465a073bc512bcbc6488,A4B09,TEXT,Home Number RW 01 FDT 2,NN-376,mapped,1,"{""IMB"": 1}",delivered,,False,,False,
dc6f243f5f643fe6f14d443244f99b7222ced2230a524ff553ad6a56d27f7ff9,A5BAB,POINT,BASIC MAP_PT,,graphic_only,0,{},not_delivered_not_automatically_missing,,False,,False,
dc8e956173c10e660f9cdbd982059db74f9b1addb745ce58e37bd79ad7354ef0,A5CB7,INSERT,NEW POLE 7m (3 inches) FDT 2,,mapped,1,"{""PTECH"": 1}",delivered,,False,,False,
dca75d846cd878a2d87e69f8f9564716a68d7c4d73f93611eea7294bd1c5c207,A4B5B,LWPOLYLINE,HOME,,graphic_only,0,{},not_delivered_not_automatically_missing,,False,,False,
dcdf989d92112aaa2c2b34e2b0d38047672416d3b19cd1b7ab3581dea095d1d8,A4820,POINT,BASIC MAP_PT,,graphic_only,0,{},not_delivered_not_automatically_missing,,False,,False,
dd07f11e4107c063f40d87a2b64406a5b912c7f5b4383007d3d8e2e3d87eed5a,A5BF1,TEXT,BASIC MAP_PT_DES,2,annotation,0,{},not_delivered_not_automatically_missing,,False,,False,
dd1b135fd4ea03a0a63f142619aed4fc314cbf2711c2863f971497ba90c34341,A4515,LWPOLYLINE,HOME,,graphic_only,0,{},not_delivered_not_automatically_missing,,False,,False,
dd3ac643609a2a88bdffad79d21775e94145f830baf28feb4a8714cb20a57bc7,A5BE5,TEXT,BASIC MAP_PT_DES,A02,annotation,0,{},not_delivered_not_automatically_missing,,False,,False,
dd831128b0b971d546e1a62fb9ca86b6da02fdd5b5799e53eec82b295d87abb5,9E800,TEXT,BASIC MAP_PT_DES,2,annotation,0,{},not_delivered_not_automatically_missing,,False,,False,
dd9c0c9d608b4c08e4c5a27abc04ea0a7c092ac4f186265a2801bf45a3008a30,9E87E,TEXT,BASIC MAP_PT_DES,2,annotation,0,{},not_delivered_not_automatically_missing,,False,,False,
ddc45f81b0074809103d85b09d93d6452d830d802a9ae64cf2da6e14a717eccc,A5C8B,TEXT,NEW POLE 7m (3 inches) FDT 2,MR.TGGR04-2.P061,annotation,0,{},not_delivered_not_automatically_missing,,False,,False,
dde11b3dfdf2813bd01abf5a1b9e9857966bc3135010a9296b9ded43a6d161f6,A4954,POINT,BASIC MAP_PT,,graphic_only,0,{},not_delivered_not_automatically_missing,,False,,False,
dde9323351e5972c6323d715729dcca6c18d4bc1e510fd0198c1391d10659daf,A43FE,LWPOLYLINE,HOME,,graphic_only,0,{},not_delivered_not_automatically_missing,,False,,False,
ddeeae45a9b9789a8f97e6ff38c97d42dc74044fc3142fd0c0455ff650ebd268,A4B18,POINT,BASIC MAP_PT,,graphic_only,0,{},not_delivered_not_automatically_missing,,False,,False,
ddfe32931d7c83ef9a70daabb35ffe6fb2304c2e2f03522c870b5c50870b712f,A5B89,LWPOLYLINE,FAT,,graphic_only,0,{},not_delivered_not_automatically_missing,,False,,False,
de0e5c9d3e36d92b54d4eb8a2ee00db8b2c9ac178fb93028197cc5443aba6424,9589C,TEXT,POLE ID,Penanda 106,annotation,0,{},not_delivered_not_automatically_missing,,False,,False,
de12e91ece822559b8931694c84c9a291d9c85df88d7292d2b17b57645ee601d,A4590,LWPOLYLINE,HOME,,graphic_only,0,{},not_delivered_not_automatically_missing,,False,,False,
de40d0ba518abb63fea435fe09db42379a3f8f6b2551ac35c78331d787744498,A4894,POINT,BASIC MAP_PT,,graphic_only,0,{},not_delivered_not_automatically_missing,,False,,False,
de54dc326df08cc6a527ff60e7b67b1d2e684dfb2d29d9420d232e0893653676,9E7FD,TEXT,BASIC MAP_PT_DES,2,annotation,0,{},not_delivered_not_automatically_missing,,False,,False,
de676ca1ae5bdd426bd30c2b4eb52cf2f49930c8b11945787e71d54985bea60a,A5D4A,INSERT,NEW POLE 7m (3 inches) FDT 2,,mapped,1,"{""PTECH"": 1}",delivered,,False,,False,
de7734f19d5ed4daa691c14c9d6e260d66c856218e136ba5a1ab03a39b1d5ad7,A5C0C,TEXT,BASIC MAP_PT_DES,2,annotation,0,{},not_delivered_not_automatically_missing,,False,,False,
de840d6dd2a808882e1908b1f589046d048abf136822cf1060da6f987571bdd9,A5F26,MTEXT,Label,1,annotation,0,{},not_delivered_not_automatically_missing,,False,,False,
de99de62edd6707f209b4f2f0e5c518f5124da61857b58487d318bffbdd1fc5d,A49DC,POINT,BASIC MAP_PT,,graphic_only,0,{},not_delivered_not_automatically_missing,,False,,False,
dea85e41234d1d0371bf081374a8c9b6184e2bd9f1215e5983bceee2c10457b3,A4929,TEXT,Home Number RW 01 FDT 2,NN-58,mapped,1,"{""IMB"": 1}",delivered,,False,,False,
deaa60c1850cff37c19ba131c80fc1a9a63a199611e36df4fe03c6de869dd45d,A5C08,TEXT,NEW POLE 7M 2.5INCH FDT 2,MR.TGGR04-2.P031,annotation,0,{},not_delivered_not_automatically_missing,,False,,False,
deeba6c0811144cfe9f2e036444b60485b475855285c99899c70fafebbb8ed4a,A5EB0,ATTDEF,FAT,16,annotation,0,{},not_delivered_not_automatically_missing,,False,,False,
deed90d7dac2470f81f4baf148a52eadc5094b0ee0b540fbf5f08b54ea393295,A47F6,POINT,BASIC MAP_PT,,graphic_only,0,{},not_delivered_not_automatically_missing,,False,,False,
def7ba8cdd92772561501ff9713e8a9a9566108730b25d50ffaa748a02a0ea8c,A4936,POINT,BASIC MAP_PT,,graphic_only,0,{},not_delivered_not_automatically_missing,,False,,False,
df0ec7fcc19ba0ac2816aa473553fe3f961d35fb2156b988a092df611d8347e4,A49FA,POINT,BASIC MAP_PT,,graphic_only,0,{},not_delivered_not_automatically_missing,,False,,False,
df11a06f99042600957fc3a43d1a11849c69d01fdddd7098b9910ee29663615e,A48AC,POINT,BASIC MAP_PT,,graphic_only,0,{},not_delivered_not_automatically_missing,,False,,False,
df25d0d6434dfa7129479ac41ba1e6f05c3388f577b5d889960ad527370ad046,A4477,LWPOLYLINE,HOME,,graphic_only,0,{},not_delivered_not_automatically_missing,,False,,False,
df30bc822ebfa4760dfa5fb33192ceb787a9aa1d3ae20cee45a837b6644dd266,A4997,TEXT,Home Number RW 01 FDT 2,NN-89,mapped,1,"{""IMB"": 1}",delivered,,False,,False,
dfa1faa221252a165271a9f48a5502a978dbd439427742de360f5efa0d61e435,A4AD8,POINT,BASIC MAP_PT,,graphic_only,0,{},not_delivered_not_automatically_missing,,False,,False,
dfb0a2845403ef064578c8e2c527b52b7a7e85654947bc191928b14d7668b780,A4A27,TEXT,Home Number RW 01 FDT 2,NN-443,mapped,1,"{""IMB"": 1}",delivered,,False,,False,
dfc47d3e791f772d3fb5de0b987b4c06790ade1c887db8739336b1bb666822b1,A5BC0,POINT,BASIC MAP_PT,,graphic_only,0,{},not_delivered_not_automatically_missing,,False,,False,
dfd9911c87e58cea6ae85534bbcbaa8e9bf9563943b70e55254da6c3165f9b5e,A4A35,TEXT,Home Number RW 01 FDT 2,NN-299,mapped,1,"{""IMB"": 1}",delivered,,False,,False,
dfdc4badcafb8c0f99c37348f37d6bae1f56132583bcb1e4f9844c3180631284,A4A8A,POINT,BASIC MAP_PT,,graphic_only,0,{},not_delivered_not_automatically_missing,,False,,False,
dfe4ee38365a3260bb9d1430ae0623f2e9848f132f4da1a17cdd141feb9bf04e,A452C,LWPOLYLINE,HOME,,graphic_only,0,{},not_delivered_not_automatically_missing,,False,,False,
dfff39538f6482f0fe8a72c50a13a30963b78216214b239351aeb23054f805a9,A5C27,TEXT,BASIC MAP_PT_DES,2,annotation,0,{},not_delivered_not_automatically_missing,,False,,False,
e0349b89adc772f4629482a13d9890558c0c9b1a9538fc0cb732b2a2840bd39f,95CAC,TEXT,POLE ID,Penanda 371,annotation,0,{},not_delivered_not_automatically_missing,,False,,False,
e0367cd91bfce661fc2c072d086f279d7282cd0fcc8e75e0addf073208a14830,9E8F4,TEXT,BASIC MAP_PT_DES,2,annotation,0,{},not_delivered_not_automatically_missing,,False,,False,
e069c0fa0d583913a5782ba0e2a7c82ea4c1ed1f53debce2206d6449d2736ed2,A5EB3,LWPOLYLINE,FAT,,graphic_only,0,{},not_delivered_not_automatically_missing,,False,,False,
e0b14cfcd9289c19764c838fe21c765a8dcc313d88ec9ab125bd7ace7f49e15f,A4BB0,POINT,BASIC MAP_PT,,graphic_only,0,{},not_delivered_not_automatically_missing,,False,,False,
e0cb33b054e22cc7a6bd0f4cfeeefadf2875f46076aa16ea215b6b5489d31b9c,A444F,LWPOLYLINE,HOME,,graphic_only,0,{},not_delivered_not_automatically_missing,,False,,False,
e0d435f3bf4a38e2d6d08a922d71c15ed7ddf394af298ef8b6348febeac78f93,95CDA,TEXT,POLE ID,Penanda 394,annotation,0,{},not_delivered_not_automatically_missing,,False,,False,
e0ecaa72c1a2f70feb777cc9c62602edc4aac5e0343f48f1838da2856075afea,A5C4D,POINT,BASIC MAP_PT,,graphic_only,0,{},not_delivered_not_automatically_missing,,False,,False,
e0f132cc7831cbecc1d4649cce35d00120ce1bf3a02e1a611bc52363de952f6e,A5E7E,INSERT,NEW POLE 7M 2.5INCH FDT 2,,mapped,1,"{""PTECH"": 1}",delivered,,False,,False,
e0fcbbc7caf2976ff96be7057be78d46492a90b5f07efb85b2240aaf2dcab02b,A5BC7,TEXT,BASIC MAP_PT_NUM,TGGR04-2.023.A12,annotation,0,{},not_delivered_not_automatically_missing,,False,,False,
e14ffbd8713294813fb3c45839cf96e44b7e3e741c10691e5dba18f62a0da467,95C94,TEXT,POLE ID,Penanda 359,annotation,0,{},not_delivered_not_automatically_missing,,False,,False,
e163aecc5ff1a3c5a743cb0e36f7eb7ceb7daf5b4c872299a5851a2579428908,A4A9F,TEXT,Home Number RW 01 FDT 2,NN-11,mapped,1,"{""IMB"": 1}",delivered,,False,,False,
e16bec18309e8a9c226842ff90c3f98e6dd8272ba4b7649d33094681a23d009f,A5B6B,LWPOLYLINE,SLING WIRE FDT 1,,mapped,2,"{""CABLE"": 1, ""INFRASTRUCTURE"": 1}",delivered,,False,,False,
e17646b7b8bbe16b4ea100caba589639703329973daf2fa968c4be9392dd3a32,A4A44,POINT,BASIC MAP_PT,,graphic_only,0,{},not_delivered_not_automatically_missing,,False,,False,
e177ce54f4f67169e00a8b713ce8e09fb6ce9e30e2d53e68c12e2d9ee275acfa,A4B9D,TEXT,EXT POLE FDT 1,EXT.MR.WLT2.TGGR04-2.P005,annotation,0,{},not_delivered_not_automatically_missing,,False,,False,
e1805abc01606eaca89af1f7c1b5de9d1ad00e142c78508f6988b0e274cd24eb,A4B66,LWPOLYLINE,HOME,,graphic_only,0,{},not_delivered_not_automatically_missing,,False,,False,
e181a75d92270580f2c023a1b623ac5bbea814311b91acc559960b77254bddd9,9B280,TEXT,BASIC MAP_PT_DES,C01,annotation,0,{},not_delivered_not_automatically_missing,,False,,False,
e1a5ab85697a1ad5e16b488a5c325adfff9bab98f3442f2795ba702672513050,A45B2,LWPOLYLINE,HOME,,graphic_only,0,{},not_delivered_not_automatically_missing,,False,,False,
e1bcacd8c7d1d811e4b127e6ad550cb53d071d2a79447389cb394e1f0eec9c7e,A5C55,TEXT,NEW POLE 7m (3 inches) FDT 2,MR.TGGR04-2.P029,annotation,0,{},not_delivered_not_automatically_missing,,False,,False,
e1bdc1e25b33182067e65bfb95fd526ad895599d5158857cb0f16f9ccc30ff36,A4B7A,POINT,BASIC MAP_PT,,graphic_only,0,{},not_delivered_not_automatically_missing,,False,,False,
e1bf32396de995a4d96efe9b0550b4df15e8a1f3f9a492a3861d21e9897b42f4,A5ED0,ATTDEF,FAT,16,annotation,0,{},not_delivered_not_automatically_missing,,False,,False,
e1cf7fb36ac6b2b08562670e413f4093b746022b7c2bb971f51c889b5ef982d8,A415D,LWPOLYLINE,BASIC MAP,,graphic_only,0,{},not_delivered_not_automatically_missing,,False,,False,
e1f738f5ffaa40a6fbbaa194b5827aa00d7799c5c1f17b7fdd6b1d6a35a585ca,A5BD0,TEXT,BASIC MAP_PT_NUM,TGGR04-2.023.A15,annotation,0,{},not_delivered_not_automatically_missing,,False,,False,
e1ffb3f14ae5b913c7190c3eb5ddb14f917a1384d3e6a62f946870af86b613cb,A4BE0,TEXT,NEW POLE 7m (3 inches) FDT 1,MR.TGGR04-1.P028,annotation,0,{},not_delivered_not_automatically_missing,,False,,False,
e20213a0430ed4e8aab2dc278218239b30fb246fa1eb48c3a72672842a64e606,9B25E,TEXT,BASIC MAP_PT_DES,A06,annotation,0,{},not_delivered_not_automatically_missing,,False,,False,
e24e99deac3a9ed534225c5444f6a4b50ffa289c35d05a46d5e7ba5d34018f7a,A4A7B,TEXT,Home Number RW 01 FDT 2,NN-36,mapped,1,"{""IMB"": 1}",delivered,,False,,False,
e2500834fb44125b34d109601f918f8c3af396768d2beff7fbef788aa67c2531,A45A6,LWPOLYLINE,HOME,,graphic_only,0,{},not_delivered_not_automatically_missing,,False,,False,
e259a2aaef74b3f603439d714eeca43afdfe41712cd714aeabc4b3c2652c4100,A5D82,INSERT,NEW POLE 7m (3 inches) FDT 2,,mapped,1,"{""PTECH"": 1}",delivered,,False,,False,
e25f2508cf9e02efe6d8685f12cfe58b7c993cdc3ac587d1e5f295f95d692013,A4923,TEXT,Home Number RW 01 FDT 2,NN-61,mapped,1,"{""IMB"": 1}",delivered,,False,,False,
e27aa9b3abd75f90a86aaa47459104ebd0ddcaee0aecbaadf064c42ecfc4ffd8,A4594,LWPOLYLINE,HOME,,graphic_only,0,{},not_delivered_not_automatically_missing,,False,,False,
e28013158a11bdcfeaa5668a006fdb68b696a05469ca7af943ab486e37ad56ac,A5D43,INSERT,NEW POLE 7m (3 inches) FDT 2,,mapped,1,"{""PTECH"": 1}",delivered,,False,,False,
e2dfdd4506867f6bfdfd038b1f6b7e5c0ac2dc45c8c3ba8f05074eb9b56add8a,A450C,LWPOLYLINE,HOME,,graphic_only,0,{},not_delivered_not_automatically_missing,,False,,False,
e2faac8ef34e9401da98a9c8791fd589e10941aba4487065bd4b6627e5c4d2bf,A49BB,TEXT,Home Number RW 01 FDT 2,NN-399,mapped,1,"{""IMB"": 1}",delivered,,False,,False,
e305d8e7fd20838a838fc62f578bd90b33ccab1f3131f6724d6a71fe610adf34,A4538,LWPOLYLINE,HOME,,graphic_only,0,{},not_delivered_not_automatically_missing,,False,,False,
e31514a79060803c7a86e5b8d5ffe565432af8b05141ab9165032d32a3417fe2,A4AF0,POINT,BASIC MAP_PT,,graphic_only,0,{},not_delivered_not_automatically_missing,,False,,False,
e3bd25213f4c65bcf9d17d896fe88215abe1c5f1709da15ea5ba00e6600676ce,A4AB4,POINT,BASIC MAP_PT,,graphic_only,0,{},not_delivered_not_automatically_missing,,False,,False,
e3d15a203dd56230d651d639886ddf50ca3eb93ea4eb1a051c12901d8bc6e011,A455D,LWPOLYLINE,HOME,,graphic_only,0,{},not_delivered_not_automatically_missing,,False,,False,
e3d4e2117dcf8971640bf1c846df0c3533f53ceac7a9da5c8f85fcdf4059d5de,A5E1C,INSERT,NEW POLE 7M 2.5INCH FDT 2,,mapped,1,"{""PTECH"": 1}",delivered,,False,,False,
e3d5df915a3431ef3aef7cd2f10a5601b4f62eb62ca4f81d0442787102e43411,A499C,POINT,BASIC MAP_PT,,graphic_only,0,{},not_delivered_not_automatically_missing,,False,,False,
e4047bbfbc01c770899c665902ebbb04bf023b63df1fe8d8cf14c2edf8ea2024,A4A22,POINT,BASIC MAP_PT,,graphic_only,0,{},not_delivered_not_automatically_missing,,False,,False,
e43e4b81f4982166b3a7e263459d9780c84e0a3f94697d371c7d828a0fe6c1c8,A5BE3,POINT,BASIC MAP_PT,,graphic_only,0,{},not_delivered_not_automatically_missing,,False,,False,
e474f206bff5cd3de7fd5da016f4b6cc087faa75f131b30007478b1500964b3c,A4953,TEXT,Home Number RW 01 FDT 2,NN-110,mapped,1,"{""IMB"": 1}",delivered,,False,,False,
e48f96a40db3b55c7d892c1f2f701d07e857cbc01aab02cf5aab40ae467333ba,A5BFE,POINT,BASIC MAP_PT,,graphic_only,0,{},not_delivered_not_automatically_missing,,False,,False,
e49e9caede4364564db3f473832e3f2df74c5e20d111836ac31eb2abd5ee5766,A43EC,LWPOLYLINE,HOME,,graphic_only,0,{},not_delivered_not_automatically_missing,,False,,False,
e4a0fcbaf87b7847a17229d187f0e6bf0d2cf13401103e66f7f0176808962ced,A4AAC,POINT,BASIC MAP_PT,,graphic_only,0,{},not_delivered_not_automatically_missing,,False,,False,
e4b16f5ff510b5855873f0e1d12f1d23c3f6e015009be1ba330e8fa8e55a9b2b,A4987,TEXT,Home Number RW 01 FDT 2,NN-381,mapped,1,"{""IMB"": 1}",delivered,,False,,False,
e4da0b62a3bfe49f1f52e0fa0aa1fbd051388d098f66a85dc6530d7da93925a1,A5EA7,LWPOLYLINE,FAT,,graphic_only,0,{},not_delivered_not_automatically_missing,,False,,False,
e4df1b1238225d5bd5c23b9cb574cd3163f564d698e16e2b9652c22d53733b76,A457F,LWPOLYLINE,HOME,,graphic_only,0,{},not_delivered_not_automatically_missing,,False,,False,
e4e8d7e28e3f7bd043ea9522598f1f388af5a9ba436a94f5bf0a23cca4eb90bf,A5C8F,TEXT,BASIC MAP_PT_DES,A18,annotation,0,{},not_delivered_not_automatically_missing,,False,,False,
e4f14cbdca824d7e498566abeaeeaa54a3f33cf3a229d3fddff7d0c4b077e5ac,A4A29,TEXT,Home Number RW 01 FDT 2,NN-336,mapped,1,"{""IMB"": 1}",delivered,,False,,False,
e5296e3a936a994e0a59a54e18d332c919a94d4448e62aec14156f7a780af142,A4145,LWPOLYLINE,BASIC MAP,,graphic_only,0,{},not_delivered_not_automatically_missing,,False,,False,
e535466568f5c10137191acdf835b5cf2d46c9a6f3d2667fea7081f83355d8dc,A4B46,LWPOLYLINE,HOME,,graphic_only,0,{},not_delivered_not_automatically_missing,,False,,False,
e56d89a2a67cdfcd4a0d88ff2a8a7c3e9d0159edebff8ff53521e00180c3f864,9D50F,TEXT,BASIC MAP_PT_DES,B03,annotation,0,{},not_delivered_not_automatically_missing,,False,,False,
e59662454e2902fd689485fa2fb158fe42d23f93294cb2037dcd36a758e4de11,A5E62,INSERT,NEW POLE 7M 2.5INCH FDT 2,,mapped,1,"{""PTECH"": 1}",delivered,,False,,False,
e59c4f5fb1faaeb0bc352ad8aad607ad99e5c3c917e090d3f34fcc02f052379d,A4AA3,TEXT,Home Number RW 01 FDT 2,NN-8,mapped,1,"{""IMB"": 1}",delivered,,False,,False,
e59d0c1dbe8d6a8147d4fcd93647120987e540ccc05cd0b2b36a965c0871095f,A4A4D,TEXT,Home Number RW 01 FDT 2,NN-51,mapped,1,"{""IMB"": 1}",delivered,,False,,False,
e5c5ee170b1a6dee3d0449e092aa35b5db2f36da67e4cc3a3f52d9c87aa0b868,A44E4,LWPOLYLINE,HOME,,graphic_only,0,{},not_delivered_not_automatically_missing,,False,,False,
e5e89bf8515ba847baef88ff4390662b4cfe90f5dd02b598a58889777d99fb71,A5C97,TEXT,BASIC MAP_PT_DES,A20,annotation,0,{},not_delivered_not_automatically_missing,,False,,False,
e5f695ac24b7ccfcc2518965e3e503059a5e4acc3d94392b4d37549831cb4375,A4A8C,POINT,BASIC MAP_PT,,graphic_only,0,{},not_delivered_not_automatically_missing,,False,,False,
e6465af9425ee8016076f586379792d8c5f508440e1e678f52be1d877980cd82,A4406,LWPOLYLINE,HOME,,graphic_only,0,{},not_delivered_not_automatically_missing,,False,,False,
e658a1ba686a13113b2ece3264f9ce327b6675a229904f229a76f4ee6ed51f8f,A5BD2,POINT,BASIC MAP_PT,,graphic_only,0,{},not_delivered_not_automatically_missing,,False,,False,
e65e4e3b2555ee40909555c6b168b726673bdf29dddfc22f06beb2828a0fc92c,A49E5,TEXT,Home Number RW 01 FDT 2,NN-437,mapped,1,"{""IMB"": 1}",delivered,,False,,False,
e6d2b6c18f6e212672137fce29ab4f3a69e8461fc7ec672ca08332295349a73b,A5E70,INSERT,NEW POLE 7M 2.5INCH FDT 2,,mapped,1,"{""PTECH"": 1}",delivered,,False,,False,
e6d6b9ebb6a1bec30c62ff698a2b8654377a6e128b39b460693674acf8ae603a,A5C30,TEXT,NEW POLE 7m (3 inches) FDT 2,MR.TGGR04-2.P006,annotation,0,{},not_delivered_not_automatically_missing,,False,,False,
e6d9f03795d67642269b79869e41fa7bc4add8c76f7d11002a359bfca0cc25fa,A4B36,POINT,BASIC MAP_PT,,graphic_only,0,{},not_delivered_not_automatically_missing,,False,,False,
e7186c1253b42aa261e0d575798a3a2e0b9cea4e6927956e27952775f4d7c3b9,A4839,TEXT,Home Number RW 01 FDT 1,NN-270,mapped,1,"{""IMB"": 1}",delivered,,False,,False,
e7270f888ec77ee7d77dc9d2f206b7ff62a9aece3cbaefd935db75f1dcaec4a3,A4A2A,POINT,BASIC MAP_PT,,graphic_only,0,{},not_delivered_not_automatically_missing,,False,,False,
e72d222aac9f0b18bd10bf5e5a52ff24b26296938a0b6209f7967668de9f5a90,A456C,LWPOLYLINE,HOME,,graphic_only,0,{},not_delivered_not_automatically_missing,,False,,False,
e732c6ea8b82726111bc5155e9f629b66f5665d2a7f0f70b2d7415af3992ca22,A49B2,POINT,BASIC MAP_PT,,graphic_only,0,{},not_delivered_not_automatically_missing,,False,,False,
e75885feff9b4f6682e935d9c3b786e5dada1edb4cbea99333d0e171df8dccd9,A5C10,POINT,BASIC MAP_PT,,graphic_only,0,{},not_delivered_not_automatically_missing,,False,,False,
e76f8620fda0141e72fef08b2ec82c1742b3a384f822ee67f8b23d572b371b01,A5AA3,INSERT,NEW POLE 7m (3 inches) FDT 1,,mapped,1,"{""PTECH"": 1}",delivered,,False,,False,
e775396df9ca4663e25e3920af42068e544340e7c6f6e31933939387aae84802,A4485,LWPOLYLINE,HOME,,graphic_only,0,{},not_delivered_not_automatically_missing,,False,,False,
e77f21d97a1ada45633863d294b0d0fed973573c60537be77b0178bc92b4b385,A4BCC,TEXT,BASIC MAP_PT_DES,A06,annotation,0,{},not_delivered_not_automatically_missing,,False,,False,
e795353eb7f39e8d12b1e39c58994b2d77455ba2fe46cb827f616581b26102a5,A4508,LWPOLYLINE,HOME,,graphic_only,0,{},not_delivered_not_automatically_missing,,False,,False,
e7dea48650a726550b76e34efdbd241b2e48f11cbc9cda754c563fb0dde036fa,A4A14,POINT,BASIC MAP_PT,,graphic_only,0,{},not_delivered_not_automatically_missing,,False,,False,
e7e684435ddc925175a4fce0b64a7158a06889a7907cbf6100e788fe908e9c4d,A4431,LWPOLYLINE,HOME,,graphic_only,0,{},not_delivered_not_automatically_missing,,False,,False,
e7f2ae03a9e7786a1bb60a2a055fe5ce2f178d1b5f3ab675e988795fb5e28cb4,A4833,TEXT,Home Number RW 01 FDT 1,NN-311,mapped,1,"{""IMB"": 1}",delivered,,False,,False,
e811230e61fe178cef45202911fac933b2072ee9cc671abcc5f2a5c5a18ba51f,A49D2,POINT,BASIC MAP_PT,,graphic_only,0,{},not_delivered_not_automatically_missing,,False,,False,
e85cbc674486b1d6431a540b8a15f21cbbb066b89a27e7c61bb3d044bb4ea1b1,A5D35,INSERT,NEW POLE 7m (3 inches) FDT 2,,mapped,1,"{""PTECH"": 1}",delivered,,False,,False,
e89973440f5704e6805a196d723886f589c7405f3262a8ad89798fe03d146a96,A5BE6,POINT,BASIC MAP_PT,,graphic_only,0,{},not_delivered_not_automatically_missing,,False,,False,
e8d7b07566efcd72f1bdb48d378689e3f15dfbb2081d8de0f4ad378b43b430be,A5EDE,LWPOLYLINE,FAT,,graphic_only,0,{},not_delivered_not_automatically_missing,,False,,False,
e91bc056f80e973122a76f6dc72476bdfa92f8973979c86af5b44b2d4aac5665,A49B1,TEXT,Home Number RW 01 FDT 2,NN-394,mapped,1,"{""IMB"": 1}",delivered,,False,,False,
e921fe43d933e15798d216b11f1c3ecc36f6e23ea19c6a11600ceecf3b3ff864,A5B71,LWPOLYLINE,FAT,,graphic_only,0,{},not_delivered_not_automatically_missing,,False,,False,
e935ac4616c612882bbaac0958263088ea21ba435f3c1449c5fc1aa5e56d88cf,A4569,LWPOLYLINE,HOME,,graphic_only,0,{},not_delivered_not_automatically_missing,,False,,False,
e94402030feaf4e794cc91a8bb76a1bce9dc6e71342b27a7483c80e84374e1a0,A5C66,POINT,BASIC MAP_PT,,graphic_only,0,{},not_delivered_not_automatically_missing,,False,,False,
e94e09e0ff19695ad4fd39a804bb751d5dd721ee550490164b5d99625aa803d2,A4523,LWPOLYLINE,HOME,,graphic_only,0,{},not_delivered_not_automatically_missing,,False,,False,
e956324939f011b4003d14d3ced429cb57469563ce4edabfd01e4b5254f58b70,A5F4D,MTEXT,Label,41,annotation,0,{},not_delivered_not_automatically_missing,,False,,False,
e95759a1e1e8cc5be0f5f3a3cef39810e9c1621f3f24c29a4e312acaaf08188c,A499B,TEXT,Home Number RW 01 FDT 2,NN-407,mapped,1,"{""IMB"": 1}",delivered,,False,,False,
e999b6fbee6993d65d6bd0202b3aed7958340e2b52f68fc50de553437dc5bf9c,A4A66,POINT,BASIC MAP_PT,,graphic_only,0,{},not_delivered_not_automatically_missing,,False,,False,
e9d0ace24960448af8cf8fd0b570fa929445d868ea2f8f322d969fa51a0b0077,A4830,POINT,BASIC MAP_PT,,graphic_only,0,{},not_delivered_not_automatically_missing,,False,,False,
e9ed709cd767dbc794036497b26a5bc740a685173cb4c1263a270ab862098462,A5C7B,TEXT,NEW POLE 7m (3 inches) FDT 2,MR.TGGR04-2.P053,annotation,0,{},not_delivered_not_automatically_missing,,False,,False,
e9fb9e45871df2a064124a9de091c3c7fdc87c8f4adbeba64e66bd4b817c01f4,A4AC6,POINT,BASIC MAP_PT,,graphic_only,0,{},not_delivered_not_automatically_missing,,False,,False,
ea2e42e7ac34dcfc773689adcb9d7b8ca6961aba5a3054cf20422c6bdddf3e9c,A4B45,LWPOLYLINE,HOME,,graphic_only,0,{},not_delivered_not_automatically_missing,,False,,False,
ea337caf01f1d6dab770cda081101897d67270e7d8f8b1d81447f3dcfaf883d7,A44F2,LWPOLYLINE,HOME,,graphic_only,0,{},not_delivered_not_automatically_missing,,False,,False,
ea4216a1bfe1be96402dafe06e0c0e07214c4691682c96d95a08de42710787a2,A4BB4,POINT,BASIC MAP_PT,,graphic_only,0,{},not_delivered_not_automatically_missing,,False,,False,
ea5e4f8a4ae8ff3257ca627bed3c1aeb11f4cc7100a48a4f7a2f5f0e5c68607a,9E850,TEXT,BASIC MAP_PT_DES,A16,annotation,0,{},not_delivered_not_automatically_missing,,False,,False,
ea6f47e78dbb84298344ff2b20cfd4506665200a352249b360bd33c3283b8a8a,A5BD3,TEXT,BASIC MAP_PT_NUM,TGGR04-2.023.A16,annotation,0,{},not_delivered_not_automatically_missing,,False,,False,
ea91788385300b0cc192512080ee60b7d80c99ea49180038d4b9b24f1023789e,A4BDD,TEXT,NEW POLE 7m (3 inches) FDT 1,MR.TGGR04-1.P027,annotation,0,{},not_delivered_not_automatically_missing,,False,,False,
eac00d26afaf043f6684d156de1f3c8f55ed05429df7f2faa9af657203a91ff9,A4585,LWPOLYLINE,HOME,,graphic_only,0,{},not_delivered_not_automatically_missing,,False,,False,
eac749503e74ef2cbf02998ea8c926900e00ae9ebd75f0a591e835c9569b36c5,A4938,POINT,BASIC MAP_PT,,graphic_only,0,{},not_delivered_not_automatically_missing,,False,,False,
eaf27f226b857fe9effa9f602684ac75acb8ce500d6885d7fd0f505477d6cf10,A44AF,LWPOLYLINE,HOME,,graphic_only,0,{},not_delivered_not_automatically_missing,,False,,False,
eb16ceacc63b17b582eab55ff024991a0b1401e23acde027868ffd478a4763bf,A4832,POINT,BASIC MAP_PT,,graphic_only,0,{},not_delivered_not_automatically_missing,,False,,False,
eb19fbb5a887d96fd5b75dcb395a92b4213076755a2e481699275d1837fd8f41,A5C2C,POINT,BASIC MAP_PT,,graphic_only,0,{},not_delivered_not_automatically_missing,,False,,False,
eb2c9694598d55d1866b7dcabb7940f389862e19bea3e820703a5597dbaabe3c,A49D9,TEXT,Home Number RW 01 FDT 2,NN-444,mapped,1,"{""IMB"": 1}",delivered,,False,,False,
eb3ed96a21f90789d19349b0088688b92d12726bb100722d178ee982e378d00a,A5BCA,TEXT,BASIC MAP_PT_NUM,TGGR04-2.023.A13,annotation,0,{},not_delivered_not_automatically_missing,,False,,False,
eb6252442204a7dd88903ec288dd5a5604fb9d199b6d9c532571ef6835c514ec,A4B90,TEXT,FAT CODE,TGGR04-1.022.A11,annotation,0,{},not_delivered_not_automatically_missing,,False,,False,
eb692e7dbdf0b87338af255563df0586bcc3fbedd554db85171d3147fa2e2288,A414F,LWPOLYLINE,BASIC MAP,,graphic_only,0,{},not_delivered_not_automatically_missing,,False,,False,
eb6e39843312689b369f28ff64dc3ca5fa3e8b6ac9a54d18bb9b586794641781,A4543,LWPOLYLINE,HOME,,graphic_only,0,{},not_delivered_not_automatically_missing,,False,,False,
eb7ee170f0440dfeb430457d480c392215e8f7efe27c8928faf8794f1ff9d6c5,A4A6A,POINT,BASIC MAP_PT,,graphic_only,0,{},not_delivered_not_automatically_missing,,False,,False,
eb88665676742e7b0e48d8f86a74bbd88bf1461c8082a79c4def87d5346c5af9,A44CF,LWPOLYLINE,HOME,,graphic_only,0,{},not_delivered_not_automatically_missing,,False,,False,
eba33bcf5d981a26a77a1d8cb81e82fc6c7be8edd8dcc788d35023761d604fd2,A4BD0,TEXT,NEW POLE 7m (3 inches) FDT 1,MR.TGGR04-1.P020,annotation,0,{},not_delivered_not_automatically_missing,,False,,False,
ebd83ee37103ecba38ed3d22a11642f3bd37c7f7e0d17ef7aadadfab63df92f4,A4A2E,POINT,BASIC MAP_PT,,graphic_only,0,{},not_delivered_not_automatically_missing,,False,,False,
ebdcc247042227c71b49488bf005e51b4f8ed85a6eb665f6be48ebc26682eedb,A5DF9,INSERT,NEW POLE 7M 2.5INCH FDT 2,,mapped,1,"{""PTECH"": 1}",delivered,,False,,False,
ebe6fe15cbb70c21d2cd6c5f51ceca8298241ca033f414708e41ffbf22898264,A47D9,TEXT,Home Number RW 01 FDT 1,NN-3,mapped,1,"{""IMB"": 1}",delivered,,False,,False,
ebeb91aaaaa40cdc5d0350971ef14ca48cebe790bd70755557dfaa01d8f1fecd,A5BC5,TEXT,BASIC MAP_PT_DES,A11,annotation,0,{},not_delivered_not_automatically_missing,,False,,False,
ebf89d2b4265393522bc1f57897ad829a59fa49357a6f6942678d6548dfcb066,A4A71,TEXT,Home Number RW 01 FDT 2,NN-15,mapped,1,"{""IMB"": 1}",delivered,,False,,False,
ec0bf77a74d12acad8bb3a89f2201407ff973f5b43bc2b34a7eca00f08e43b92,9B278,TEXT,BASIC MAP_PT_DES,B02,annotation,0,{},not_delivered_not_automatically_missing,,False,,False,
ec1d96cc13d716d0d5014dfa7ff24dcae186cc352c4f005e62b80f1dbdede8fb,A492A,POINT,BASIC MAP_PT,,graphic_only,0,{},not_delivered_not_automatically_missing,,False,,False,
ec4ba70449ede603f4fda9741e5bfe9d5545abe5d0b7beff7f4f17fefb78a4f2,A45B4,LWPOLYLINE,HOME,,graphic_only,0,{},not_delivered_not_automatically_missing,,False,,False,
ec4d4a5646a7119b5332becaa1b1d6cbf508f078b77be08b146361de4da2cba2,A45A3,LWPOLYLINE,HOME,,graphic_only,0,{},not_delivered_not_automatically_missing,,False,,False,
ec6f06ef293ff0c119a8859a63c5135b18f804d292e33856efe8e8967891d53c,A5F41,MTEXT,Label,34,annotation,0,{},not_delivered_not_automatically_missing,,False,,False,
ec873e56b0fe9919d9e9b207f0a565b82d8a0dcb2a9577ca3c95b9c41563a6cb,9E89E,TEXT,BASIC MAP_PT_DES,B06,annotation,0,{},not_delivered_not_automatically_missing,,False,,False,
ecb82c10c3e6696a17c51df090818108c65122724ae664f25b12e9588adbbf3e,A5E00,INSERT,NEW POLE 7M 2.5INCH FDT 2,,mapped,1,"{""PTECH"": 1}",delivered,,False,,False,
ecdcbc0227e9c951ca4af962f80037faaab599d900a1a421dfa68b3e9aab0715,A4968,POINT,BASIC MAP_PT,,graphic_only,0,{},not_delivered_not_automatically_missing,,False,,False,
ed2c5deec1cb71a02be175445d4c860445ce152f251758735f3ca8f9d3e1c524,A5C4C,TEXT,NEW POLE 7m (3 inches) FDT 2,MR.TGGR04-2.P022,annotation,0,{},not_delivered_not_automatically_missing,,False,,False,
ed2f6ed9d5ea9f2ac5ee89e00186b4c5218e5f5ec9b15de9ad0eecf60f38683c,A43F1,LWPOLYLINE,HOME,,graphic_only,0,{},not_delivered_not_automatically_missing,,False,,False,
ed45c5e0f41306f40532026c6224339710f319cd5dd060bcb3c0dec510617b27,A497D,TEXT,Home Number RW 01 FDT 2,NN-85,mapped,1,"{""IMB"": 1}",delivered,,False,,False,
ed4aad294c2b494eb13c0c436377880b798190a4369b4f8f8b15d854766e8a2c,A44B3,LWPOLYLINE,HOME,,graphic_only,0,{},not_delivered_not_automatically_missing,,False,,False,
ed6eeaa2c2d0d094c136cac5e5055c4d3506683e4c246e73629310499fe9e084,A4996,POINT,BASIC MAP_PT,,graphic_only,0,{},not_delivered_not_automatically_missing,,False,,False,
ed70afe6e7d30a9ac22c8d112386b4172dc1a7629331c6269951b8fbb9990f49,A4416,LWPOLYLINE,HOME,,graphic_only,0,{},not_delivered_not_automatically_missing,,False,,False,
eda361a4cd30919d402f7a0072b28b389b623707e6f46b1aff5899f33ada37e4,A5B95,LWPOLYLINE,FAT,,graphic_only,0,{},not_delivered_not_automatically_missing,,False,,False,
edcc5e9cece93fc9a2bf3c5a23e7de48cb8786cde6e6defe12b4744bbdf1f553,A5F20,MTEXT,Label,26,annotation,0,{},not_delivered_not_automatically_missing,,False,,False,
edd099f10aac1160594173bf4ef8e38c9ee32c41c0f324bda751c08c3ec18193,A4874,POINT,BASIC MAP_PT,,graphic_only,0,{},not_delivered_not_automatically_missing,,False,,False,
eded15a2d811853a9e9cb0a91471a63bf9d27a01a3efa5011ab38bbc672f4a77,A442E,LINE,BASIC MAP,,graphic_only,0,{},not_delivered_not_automatically_missing,,False,,False,
ee0ac882a28ca6a7485988aee9336a94ecaaf5b70fc91c1b1472195251a6e7c0,A4141,LWPOLYLINE,BASIC MAP,,graphic_only,0,{},not_delivered_not_automatically_missing,,False,,False,
ee2030642a5bd02d7b8992d45ab75dd66749548824a162ea1ab833fc7b4c58c2,A4A1D,TEXT,Home Number RW 01 FDT 2,NN-414,mapped,1,"{""IMB"": 1}",delivered,,False,,False,
ee3f66b409c4f255854d348c665a626dfff707c632f9229786099e295820e856,A5EAF,LWPOLYLINE,FAT,,graphic_only,0,{},not_delivered_not_automatically_missing,,False,,False,
ee77742fd96ae4dc491b3f6c5b4936ba60084051629101ea03eca9823fa5da21,A5CF6,INSERT,NEW POLE 7m (3 inches) FDT 2,,mapped,1,"{""PTECH"": 1}",delivered,,False,,False,
ee949f9ad486afa256a7a4a6799708332669bb08153ba46bd0316b0a32e9beda,A4963,TEXT,Home Number RW 01 FDT 2,NN-102,mapped,1,"{""IMB"": 1}",delivered,,False,,False,
eea60e901acd86e82c5c27c8630fd7aa5da1de3c9998fd4e4ba37bf27c317bc1,A4537,LWPOLYLINE,HOME,,graphic_only,0,{},not_delivered_not_automatically_missing,,False,,False,
eeb7a670277b73f4a1a4f6002ecd87bcc6ae74d860676ffb0b6ba26606355c07,A4B58,LWPOLYLINE,HOME,,graphic_only,0,{},not_delivered_not_automatically_missing,,False,,False,
eec48d7f74f8bbc935525f2db705ba861acacb0f44e8fa963e72bc2ba4f57afc,A49FC,POINT,BASIC MAP_PT,,graphic_only,0,{},not_delivered_not_automatically_missing,,False,,False,
eeddad92b1757bd11bc9a1ae7712bb035bb41d4709c3c4e3b78986d30597b6d4,A48BD,TEXT,Home Number RW 01 FDT 1,NN-184,mapped,1,"{""IMB"": 1}",delivered,,False,,False,
ef0a9ec9df8a7a128f243962151c34da566d9ae890fa6a453127b2943e1ae67d,A4441,LWPOLYLINE,HOME,,graphic_only,0,{},not_delivered_not_automatically_missing,,False,,False,
ef40b3419bfa1e9a5915a4ad822997b7b8296f3727fda1399599c74f810a9ce3,A485D,TEXT,Home Number RW 01 FDT 1,NN-323,mapped,1,"{""IMB"": 1}",delivered,,False,,False,
ef415640b617a7e59cd57d38d27447c67468a2d7d4f33657ffa578d999758a74,A4846,POINT,BASIC MAP_PT,,graphic_only,0,{},not_delivered_not_automatically_missing,,False,,False,
ef67ae3f0ce14b4b9748d240b30f0e9f73d6b30adaffd4cbba2242a93117f74d,9E839,TEXT,BASIC MAP_PT_DES,A11,annotation,0,{},not_delivered_not_automatically_missing,,False,,False,
efbda8f8939f413938d3e4a5e14310f9c100a7641d03c333dbed92b14e98fbea,A4535,LWPOLYLINE,HOME,,graphic_only,0,{},not_delivered_not_automatically_missing,,False,,False,
efe1fc180ea2cb04a047d8464bc9b5bfb221d61cfb6ff3cd4cb0bd52e7935528,A5C2A,POINT,BASIC MAP_PT,,graphic_only,0,{},not_delivered_not_automatically_missing,,False,,False,
eff660dc92f4febd048c1047b9b3cc180ef9ef181374c4c3d5c2ac628561378e,A4B26,POINT,BASIC MAP_PT,,graphic_only,0,{},not_delivered_not_automatically_missing,,False,,False,
f012a62be09c9dc046231509f4b3f5493e05357f90f184731ba58caa0856d8a3,A4AC4,POINT,BASIC MAP_PT,,graphic_only,0,{},not_delivered_not_automatically_missing,,False,,False,
f035502d820dd08329e5a7c2da1a1cd1c8c75113b3f4012cd27e9621f22dc496,A5EC8,ATTDEF,FAT,16,annotation,0,{},not_delivered_not_automatically_missing,,False,,False,
f03c861696783fa04f8cf220d3cd76424833e25b82f73423c82959f97538e8c1,A4403,LWPOLYLINE,HOME,,graphic_only,0,{},not_delivered_not_automatically_missing,,False,,False,
f045a200b2d00518dc0c56b27bc9ba57806a93124b73be2301908400ac366c81,95C9C,TEXT,POLE ID,Penanda 363,annotation,0,{},not_delivered_not_automatically_missing,,False,,False,
f0495734ed0943309d58ccda529bed0134a66b367ac689bfbe9efb10b6b1b189,A44E3,LWPOLYLINE,HOME,,graphic_only,0,{},not_delivered_not_automatically_missing,,False,,False,
f0542b842729dda0d7e0d2b6e5191f819bea15becc94e81f16b94b6ebdda9ca6,A49ED,TEXT,Home Number RW 01 FDT 2,NN-370,mapped,1,"{""IMB"": 1}",delivered,,False,,False,
f07b6fb95d3e6dfa908ce0ff206801c13f7da4a8ad52126c288ba1fed44908d4,A455C,LWPOLYLINE,HOME,,graphic_only,0,{},not_delivered_not_automatically_missing,,False,,False,
f09543217f4e8e670d3944ad2d557850aed4f089759841e73f9a4330b4a812cb,A4933,TEXT,Home Number RW 01 FDT 2,NN-458,mapped,1,"{""IMB"": 1}",delivered,,False,,False,
f0b96528dce243bb3ce721dacfef99861a1327f95daacd41cc00b79aa6b68325,A4903,TEXT,Home Number RW 01 FDT 1,NN-124,mapped,1,"{""IMB"": 1}",delivered,,False,,False,
f0c1a03775cadf36f044526cdc2697cda2576f00d9d3db7d594b7941506c06d6,A4A88,POINT,BASIC MAP_PT,,graphic_only,0,{},not_delivered_not_automatically_missing,,False,,False,
f0dc1d35d9f28b738ba7f4c8070a6d33b72874c9cf2c20ef51f70cc06b85781e,A451C,LWPOLYLINE,HOME,,graphic_only,0,{},not_delivered_not_automatically_missing,,False,,False,
f1053e9cbc5a91bbfc34735f4a7d8d8a58e0380d2c9747c9bba4441532bc4b7d,A5CFD,INSERT,NEW POLE 7m (3 inches) FDT 2,,mapped,1,"{""PTECH"": 1}",delivered,,False,,False,
f1107c8a00df14b1f36577f131a82956c5c5e4558be2793ec8487d58a45f0076,A48EC,POINT,BASIC MAP_PT,,graphic_only,0,{},not_delivered_not_automatically_missing,,False,,False,
f1176826e2310807f49d01800e4c61b70ac35bad4eff5032a61a6e6169517e78,A5F3B,MTEXT,Label,43,annotation,0,{},not_delivered_not_automatically_missing,,False,,False,
f11bf15386461d2de9552bc42a23c17cd5c167a9241d00e80790561521044967,A492C,POINT,BASIC MAP_PT,,graphic_only,0,{},not_delivered_not_automatically_missing,,False,,False,
f132c2576f368316a478a155263e1386520979ad4f9f66579d1aa3f127a7a555,A4BB6,POINT,BASIC MAP_PT,,graphic_only,0,{},not_delivered_not_automatically_missing,,False,,False,
f1497d982ea41c26dede0fc7cd3d249b6a6c70c3e00f40e390890ed47a24ffce,A4866,POINT,BASIC MAP_PT,,graphic_only,0,{},not_delivered_not_automatically_missing,,False,,False,
f175b9367201faf90ab585ed0dbf1359316bca5efdb5f18e18ffadfef1baa706,A4125,LWPOLYLINE,BASIC MAP,,graphic_only,0,{},not_delivered_not_automatically_missing,,False,,False,
f17ad0b08e7fb53fb118144ef450cea3926e05fa59a08809b96806e66a46dd61,A48D6,POINT,BASIC MAP_PT,,graphic_only,0,{},not_delivered_not_automatically_missing,,False,,False,
f183addc5375ecf72088f61d127faea7b890a9b6006a1623c5115a90c6854e68,A5BAF,TEXT,BASIC MAP_PT_NUM,TGGR04-2.023.A04,annotation,0,{},not_delivered_not_automatically_missing,,False,,False,
f19be540ec88f4461c263ad03496b745d6aaf46a1d5e59238f41cd3e762a075a,A4892,POINT,BASIC MAP_PT,,graphic_only,0,{},not_delivered_not_automatically_missing,,False,,False,
f1b479da68cfbb058ed3ec036fadc5655678f254a10949514ad262772b5fbd57,A414E,LWPOLYLINE,BASIC MAP,,graphic_only,0,{},not_delivered_not_automatically_missing,,False,,False,
f1d974f852ee91b63fce3eaef409d66cf8a849c04d58ed0de8a583cdafbd2826,A4554,LWPOLYLINE,HOME,,graphic_only,0,{},not_delivered_not_automatically_missing,,False,,False,
f2012acf12587134d932e50517e16600dfebac076a16d2a06f323d5353f4f7d4,A5C4F,POINT,BASIC MAP_PT,,graphic_only,0,{},not_delivered_not_automatically_missing,,False,,False,
f20692e42e6b03eff6bec67583c9934023cbf82451fce4e2afbe4d2ab7f1134e,A457E,LWPOLYLINE,HOME,,graphic_only,0,{},not_delivered_not_automatically_missing,,False,,False,
f2163e154bb87951e397a393f4c49708d553876860d98ab55a682fbd7f9375bb,95CAA,TEXT,POLE ID,Penanda 370,annotation,0,{},not_delivered_not_automatically_missing,,False,,False,
f296542be90866d22a52f5803ed0ea3fc3281adf4242b2db25b2f0f8ece4d85c,A4A87,TEXT,Home Number RW 01 FDT 2,NN-29,mapped,1,"{""IMB"": 1}",delivered,,False,,False,
f2e039dc1cf3dc709a785fb55edd7373e232c8f7f247d25512161f5c464ae5f7,A4510,LWPOLYLINE,HOME,,graphic_only,0,{},not_delivered_not_automatically_missing,,False,,False,
f2e4cf9495c5f661265c0d2ea075139f722d62b0e76c35c1ff8bf395e4cb925f,A48C0,POINT,BASIC MAP_PT,,graphic_only,0,{},not_delivered_not_automatically_missing,,False,,False,
f314dcd22d667518878be9d39c74a527c4245d5eb8b8ed0674ab07c70cada080,A4B14,POINT,BASIC MAP_PT,,graphic_only,0,{},not_delivered_not_automatically_missing,,False,,False,
f3158b1b0ee8d9f33450f726572dcff1e4038803f54f674d3b2f04917391a770,A4943,TEXT,Home Number RW 01 FDT 2,NN-115,mapped,1,"{""IMB"": 1}",delivered,,False,,False,
f33c8205c51a9d7d334694fc5541d3178da6cda3e459cb8b4591df29654a3db0,A5C52,POINT,BASIC MAP_PT,,graphic_only,0,{},not_delivered_not_automatically_missing,,False,,False,
f3482cc619518988fe79895fa5f114bac117aad6add2dd929f640fb7c2179778,A4A2D,TEXT,Home Number RW 01 FDT 2,NN-326,mapped,1,"{""IMB"": 1}",delivered,,False,,False,
f35e67c8dcd6615588a79cafa76c3c4de88f77f85b586b99949c8c9380027751,A4A6D,TEXT,Home Number RW 01 FDT 2,NN-21,mapped,1,"{""IMB"": 1}",delivered,,False,,False,
f398b02d376b7f3326032486703f182e927846382ef5cf25ef3299eabfc8cdfc,A4B68,LWPOLYLINE,HOME,,graphic_only,0,{},not_delivered_not_automatically_missing,,False,,False,
f39bb7a4f60767f6e4858db53fc505bad92e2d2efdc1ca62d69abd2c244dfebb,A48DD,TEXT,Home Number RW 01 FDT 1,NN-302,mapped,1,"{""IMB"": 1}",delivered,,False,,False,
f3a3370d65226bca5b821b4b63468299bbf7e7bdf351745bae47f026999ab7ad,A4941,TEXT,Home Number RW 01 FDT 2,NN-116,mapped,1,"{""IMB"": 1}",delivered,,False,,False,
f3dc3b42bd8c92475bcb1c9c46231617b9d86a3a6a64a4820c12c30dc59602fc,A4985,TEXT,Home Number RW 01 FDT 2,NN-383,mapped,1,"{""IMB"": 1}",delivered,,False,,False,
f3e2eb19349df0bfeee87338d3cb43418193063baba3e07a09b3b84a3faf1951,A5C4B,POINT,BASIC MAP_PT,,graphic_only,0,{},not_delivered_not_automatically_missing,,False,,False,
f3eaf085dae70467dea0adae41a5cfd1ad0977a580a892365a59d078d07a3ccf,A4B4E,LWPOLYLINE,HOME,,graphic_only,0,{},not_delivered_not_automatically_missing,,False,,False,
f4210e9849444d89e903bc563634c0625fa6a6ec6bf93665247a6176ad130bd6,A47DB,TEXT,Home Number RW 01 FDT 1,NN-2,mapped,1,"{""IMB"": 1}",delivered,,False,,False,
f460e2208224d183314f5dc88fe05dddea5a4e7cfc6e0611a49ed52e5bc01863,A49D4,POINT,BASIC MAP_PT,,graphic_only,0,{},not_delivered_not_automatically_missing,,False,,False,
f46a3df765ac496059fb0820ec58807ad2bf668db069920ab1c8a634e3268a13,A441A,LWPOLYLINE,HOME,,graphic_only,0,{},not_delivered_not_automatically_missing,,False,,False,
f47bed84a0dcc91a08ed0617341c7283b82d88cd75f0199cb5be70303bcaed7b,A5BF5,POINT,BASIC MAP_PT,,graphic_only,0,{},not_delivered_not_automatically_missing,,False,,False,
f47c861950a0667fc1db2b978e2f0835e661be51e9eebec98906df7a0ed2c5b4,A4810,POINT,BASIC MAP_PT,,graphic_only,0,{},not_delivered_not_automatically_missing,,False,,False,
f4814a8b41c2904ba7b29f149e0ab235621ae5cb99eded8c295e74bdb300ae0f,A5F66,MTEXT,Label,42,annotation,0,{},not_delivered_not_automatically_missing,,False,,False,
f4a3598009aba043aa7b79590c6dc93e7049c0ff5917975ca27c6675bd0fce97,A4A92,POINT,BASIC MAP_PT,,graphic_only,0,{},not_delivered_not_automatically_missing,,False,,False,
f4f0e093cd7b19e45d3a3c44cc1953fbddde214e5ea596908dea7ed5c5758d73,A5B82,LWPOLYLINE,FAT,,graphic_only,0,{},not_delivered_not_automatically_missing,,False,,False,
f511f7e8b7ab91e3e78ea9d7b598ca204f0a7e07281602d6d641615780337d6d,A5BC2,TEXT,BASIC MAP_PT_DES,A10,annotation,0,{},not_delivered_not_automatically_missing,,False,,False,
f528c749744f142fd9cc545bf74347831ba8e920c51dfd7923e3bfde0555eafb,A5EC3,LWPOLYLINE,FAT,,graphic_only,0,{},not_delivered_not_automatically_missing,,False,,False,
f52b178e33b52990d4f52a06698aabd5bc880fa5ba7169187e00674f61a05154,A5B7F,ATTDEF,FAT,16,annotation,0,{},not_delivered_not_automatically_missing,,False,,False,
f52ca8eb9759f6f1fdd42343de488f35d41fd25421528d4f288e037885c037e6,A45BF,LWPOLYLINE,HOME,,graphic_only,0,{},not_delivered_not_automatically_missing,,False,,False,
f5658b532c72bac8c06e620a82cf58e86d882d1e25afb3563d72e2096244c915,A4130,LWPOLYLINE,BASIC MAP,,graphic_only,0,{},not_delivered_not_automatically_missing,,False,,False,
f566177ada85d70e33d173f307740ad3299eb0b126b51c7d11c8b28f2d564390,A4A5B,TEXT,Home Number RW 01 FDT 2,NN-212,mapped,1,"{""IMB"": 1}",delivered,,False,,False,
f57347c9fe91fb3fdd2db2a6f39f6b5725b3040d62f8b51e425664b455dd31b5,A5F1F,MTEXT,Label,36,annotation,0,{},not_delivered_not_automatically_missing,,False,,False,
f57bccefcccf20b442043661a16bf7fc8ddfc09cfc94e962334e9c4fc71c843c,A4AA9,TEXT,Home Number RW 01 FDT 2,NN-215,mapped,1,"{""IMB"": 1}",delivered,,False,,False,
f5a8b882e25b5f5e6d1c61775e2fbb2b65a122be93104bf9703e7e699ebc7b32,A4AD4,POINT,BASIC MAP_PT,,graphic_only,0,{},not_delivered_not_automatically_missing,,False,,False,
f5ccc29ea17721b9ff54b1bd695284d6ef4cc935ceb14bb277c49c6775ffc145,A4A13,TEXT,Home Number RW 01 FDT 2,NN-420,mapped,1,"{""IMB"": 1}",delivered,,False,,False,
f5d9f9886c2d46ec190132d64655db3b1b5699a8c123d006c1fcdf8a1f52c5a8,A5E54,INSERT,NEW POLE 7M 2.5INCH FDT 2,,mapped,1,"{""PTECH"": 1}",delivered,,False,,False,
f5ed8f86a57a0a9e0c51c37eb1f3dae2fda02eaecc54c8c86b91809aa04b01e4,A4814,POINT,BASIC MAP_PT,,graphic_only,0,{},not_delivered_not_automatically_missing,,False,,False,
f5f132de92276e9f3e041d9393c74652eb63d45c5070e720bd6d4fbca13e04b5,A447B,LWPOLYLINE,HOME,,graphic_only,0,{},not_delivered_not_automatically_missing,,False,,False,
f5fddcd42cea15996ccd8726dd9fe5894d2872543892b5f38b01b620cb2e93aa,A5BD5,POINT,BASIC MAP_PT,,graphic_only,0,{},not_delivered_not_automatically_missing,,False,,False,
f6317dcef5d9418233492937e9781bd0bf0a03f309927b836a4809ad491703c0,A49AF,TEXT,Home Number RW 01 FDT 2,NN-396,mapped,1,"{""IMB"": 1}",delivered,,False,,False,
f634324c1fb72ede8bea811d804d84a273de99643c9f4c931e45fee932d8ad97,A4AB0,POINT,BASIC MAP_PT,,graphic_only,0,{},not_delivered_not_automatically_missing,,False,,False,
f67d801393c3826a2ab28033c6707393e567732da446aa1b38dbac02b48f0562,A5ECF,LWPOLYLINE,FAT,,graphic_only,0,{},not_delivered_not_automatically_missing,,False,,False,
f67e05958dd81176e949726dbcabba86541e7e40a915931e2c9fce71f755487c,A4B1D,TEXT,Home Number RW 01 FDT 2,NN-244,mapped,1,"{""IMB"": 1}",delivered,,False,,False,
f6aefff7833176d0e020a212248a3d7c49f716b28cf5f786e7eddfb7bff8c9f1,A49BD,TEXT,Home Number RW 01 FDT 2,NN-389,mapped,1,"{""IMB"": 1}",delivered,,False,,False,
f6af632c788527dc58c54f7c6124751a66886b4ac69607ea10fcbe04559fa701,A5BAA,TEXT,BASIC MAP_PT_DES,A02,annotation,0,{},not_delivered_not_automatically_missing,,False,,False,
f6c77ab0ec75982a1a003fcd197edf9dc79212be524c71c75de064a672199628,A4411,LWPOLYLINE,HOME,,graphic_only,0,{},not_delivered_not_automatically_missing,,False,,False,
f6efedc3d589b3558f2c99a107bbbd95971c3e0c3f1ab784f9df1877f06bf6e7,A45A2,LWPOLYLINE,HOME,,graphic_only,0,{},not_delivered_not_automatically_missing,,False,,False,
f6fcda946b46d3f099aa83c8eb035389676e8e9be7da5271a4cd39ac82dffa3c,A4B15,TEXT,Home Number RW 01 FDT 2,NN-152,mapped,1,"{""IMB"": 1}",delivered,,False,,False,
f76cc24ca5d505b0bd55eca4960f5ce1aa754cd02c5241e1a4920e421a1e0956,A5BDD,TEXT,BASIC MAP_PT_DES,A19,annotation,0,{},not_delivered_not_automatically_missing,,False,,False,
f76db8e620a7260c3762930efe3a5d4ee59ada227f0ab7877f2ce367bdb5c1a3,A49C5,TEXT,Home Number RW 01 FDT 2,NN-374,mapped,1,"{""IMB"": 1}",delivered,,False,,False,
f77a558237f9f4ceb809ff15192938a6b880d8a82be7caeb7cdeb40b8a905853,A5F85,MTEXT,Label,44,annotation,0,{},not_delivered_not_automatically_missing,,False,,False,
f7814f64589320a43c5d2a991ff3a667c9025443c353c1de8256d2ee4938cffd,A48DE,POINT,BASIC MAP_PT,,graphic_only,0,{},not_delivered_not_automatically_missing,,False,,False,
f7a75be465e94b9ea8dafc1ecebc7e8bda2cd004339ebb757ae3cb9edc328a4d,A5B7A,LWPOLYLINE,FAT,,graphic_only,0,{},not_delivered_not_automatically_missing,,False,,False,
f7ac4e659f5d3adf42a6c93f43d75314100398de431df00366b860a52863e423,A49E0,POINT,BASIC MAP_PT,,graphic_only,0,{},not_delivered_not_automatically_missing,,False,,False,
f7ae9b364bf3563db413dca2892cc806141026be6c8cbd392655e4344bfdf6cd,A4A39,TEXT,Home Number RW 01 FDT 2,NN-133,mapped,1,"{""IMB"": 1}",delivered,,False,,False,
f7e210c1b7ea2d7427e01e48637be5bfb79558c8948a55825009e4fa4ec61026,A4AB3,TEXT,Home Number RW 01 FDT 2,NN-208,mapped,1,"{""IMB"": 1}",delivered,,False,,False,
f7f3093a7072690ec90d287ef4ca2d2aa58a9ab9be3b3236074a9088b23a207b,9D523,TEXT,BASIC MAP_PT_DES,C02,annotation,0,{},not_delivered_not_automatically_missing,,False,,False,
f80cd1cc6e5d2f0c5f333dbcd724403e390d03112491ad963eb29a146d9045a4,A4BE6,TEXT,NEW POLE 7m (3 inches) FDT 1,MR.TGGR04-1.P031,annotation,0,{},not_delivered_not_automatically_missing,,False,,False,
f8240a9f2ba7bdd126a4bf407f9d48a00eb326e6ad7ba3830ab3d13f6f007a44,A4A3F,TEXT,Home Number RW 01 FDT 2,NN-123,mapped,1,"{""IMB"": 1}",delivered,,False,,False,
f83d1cd1611836c4805d513df2097396401cee94e7b6948f787cda6f1830f07d,A44B2,LWPOLYLINE,HOME,,graphic_only,0,{},not_delivered_not_automatically_missing,,False,,False,
f85a9c14b1c4fb927f1a17523725ab7716047e27186c9242ca026a2e0d61c765,A4426,LWPOLYLINE,HOME,,graphic_only,0,{},not_delivered_not_automatically_missing,,False,,False,
f85d0e305af43e9198860fa5a6b4040064ef59e57eff12cd0e4a232b77156b51,A499F,TEXT,Home Number RW 01 FDT 2,NN-405,mapped,1,"{""IMB"": 1}",delivered,,False,,False,
f8d8d0dcc587549bd2788bc028db8c808c6963ddfee47d50eb2c94dedb48bd62,A4A98,POINT,BASIC MAP_PT,,graphic_only,0,{},not_delivered_not_automatically_missing,,False,,False,
f8dc46fb96b223b510c518543156823c122aef2f0d396178b27b1acb88bd6233,A49F1,TEXT,Home Number RW 01 FDT 2,NN-367,mapped,1,"{""IMB"": 1}",delivered,,False,,False,
f8fdf32df06e64755a7267e049ed60d6d4b087673f8948c3e9b7d6d4a56ab247,A5EDC,ATTDEF,FAT,16,annotation,0,{},not_delivered_not_automatically_missing,,False,,False,
f8ff969fb80ac2b5b3228325c58b87f3247baa3f3f3d335c42dcacb9621681d5,95CC6,TEXT,POLE ID,Penanda 384,annotation,0,{},not_delivered_not_automatically_missing,,False,,False,
f91d6caad6e7d7278681d03c731c5a34a412b5045e6394b3dbe870a68b58b8eb,A4B43,LWPOLYLINE,HOME,,graphic_only,0,{},not_delivered_not_automatically_missing,,False,,False,
f942f1d659aa345e191f0c11ac456cd96b7dac02e2692b3e29a9296521fee865,A48C8,POINT,BASIC MAP_PT,,graphic_only,0,{},not_delivered_not_automatically_missing,,False,,False,
f9449779638501b0bca8e6694b394439304d8466bafb8c9273f39252d557c6bf,9E8FA,TEXT,BASIC MAP_PT_DES,A02,annotation,0,{},not_delivered_not_automatically_missing,,False,,False,
f94c1095fc5a2668cabf22d9b43ed343e2f0765f0d632fa3a9e1aa8c0fd2280d,A4AAF,TEXT,Home Number RW 01 FDT 2,NN-210,mapped,1,"{""IMB"": 1}",delivered,,False,,False,
f98355afa6ba872284e9e34dea823793bc0fb4dfc166ef73abca02c24f377c32,A4AD2,POINT,BASIC MAP_PT,,graphic_only,0,{},not_delivered_not_automatically_missing,,False,,False,
f9c1210b799e76b633f9267fe436e01ef96de76136332169c4a4ebfffae8ba84,A5C8E,TEXT,NEW POLE 7m (3 inches) FDT 2,MR.TGGR04-2.P063,annotation,0,{},not_delivered_not_automatically_missing,,False,,False,
f9cdd91ee3446a167e4a73ad4a4aea2237e2cafb857bc86e5e630b58462338c0,A49CD,TEXT,Home Number RW 01 FDT 2,NN-231,mapped,1,"{""IMB"": 1}",delivered,,False,,False,
f9e81300bb7929f9c96f04373cc40d2a9fd2df24234b20dcda493a6333b7253a,95CC8,TEXT,POLE ID,Penanda 385,annotation,0,{},not_delivered_not_automatically_missing,,False,,False,
fa0935ef1e8d4d3be5a9a82241754fd438be35108740e6ac2910457834472579,9E7F1,TEXT,BASIC MAP_PT_DES,2,annotation,0,{},not_delivered_not_automatically_missing,,False,,False,
fa223ee0fe348fce74fa2e1f16ce307d37e39d32a58a4dcf0b521bd4ff4b1729,A5F7B,MTEXT,Label,30,annotation,0,{},not_delivered_not_automatically_missing,,False,,False,
fa398ca407928229375c145d8c0631d9b681f9610d1bc86cedf024de0fed75b2,A4137,LWPOLYLINE,BASIC MAP,,graphic_only,0,{},not_delivered_not_automatically_missing,,False,,False,
fa523fd3f2cbc730b4e87615b47b5df28df6ca81f0dee100ab55ba790c547bc6,A4AD5,TEXT,Home Number RW 01 FDT 2,NN-190,mapped,1,"{""IMB"": 1}",delivered,,False,,False,
fa584e60dba87a6f5d5076ccebd9c8eb38bfa33fe991cd14f02fb0a023306406,A5F7E,MTEXT,Label,52,annotation,0,{},not_delivered_not_automatically_missing,,False,,False,
fa6b2569b59e478e249cb23011b516861227c8769f19f1e495298a8b589de563,A5F45,MTEXT,Label,29,annotation,0,{},not_delivered_not_automatically_missing,,False,,False,
fa9ed618e78c654243c4dbd296a7c3fb7cbe80cba00cb6634736043020cc2cf8,A47EB,TEXT,Home Number RW 01 FDT 1,NN-67,mapped,1,"{""IMB"": 1}",delivered,,False,,False,
faa69a55be4eb28cbebfc18f9c519fb0132c3ecbc74bf5bae4978dc7f0669a26,A5BA2,LWPOLYLINE,FDT,,graphic_only,0,{},not_delivered_not_automatically_missing,,False,,False,
fae2c1f05ed9fea600f6bcf119ae4b0d443fcffbd6d39e4231539e294b54a5ef,A4A57,TEXT,Home Number RW 01 FDT 2,NN-46,mapped,1,"{""IMB"": 1}",delivered,,False,,False,
fb020b54e69d31d53fed87ea9ebf4c8da96ac68b886400ec2dcf66521b1e3278,A47F5,TEXT,Home Number RW 01 FDT 1,NN-300,mapped,1,"{""IMB"": 1}",delivered,,False,,False,
fb1911b349cd326352f2ef5e2b6b46096e077211533bdedc7f4fe855022535c1,A4449,LWPOLYLINE,HOME,,graphic_only,0,{},not_delivered_not_automatically_missing,,False,,False,
fb1a82fa2afcce9d7d2b50ac10126089b65868f9352eb5201cfb7b59090636e9,A4458,LWPOLYLINE,HOME,,graphic_only,0,{},not_delivered_not_automatically_missing,,False,,False,
fb2a8ab0a56b860bad3f7cd8f686d48b383de9388cdfe890e65648e86b23ca2a,A5A56,INSERT,NEW POLE 7m (3 inches) FDT 1,,mapped,1,"{""PTECH"": 1}",delivered,,False,,False,
fb4660fb4d0133b99919747abf041376664f3147bfc2b4dd56be90bd560b7701,A5A8E,INSERT,NEW POLE 7m (3 inches) FDT 1,,mapped,1,"{""PTECH"": 1}",delivered,,False,,False,
fb57096dfcbed3b43521537c420159f441d1841b9abee77727b003e138ff2d6f,A4B6B,LWPOLYLINE,HOME,,graphic_only,0,{},not_delivered_not_automatically_missing,,False,,False,
fb7f393d499138bad665d1ca318b8c59a7676a6f278a5e82eedbff5d445f3e19,A49A8,POINT,BASIC MAP_PT,,graphic_only,0,{},not_delivered_not_automatically_missing,,False,,False,
fb9ee03e418df8c6646f26a2982f0be7ee0b24931098e674085dd18bb39ba1b1,A441D,LWPOLYLINE,HOME,,graphic_only,0,{},not_delivered_not_automatically_missing,,False,,False,
fbaf5999515967ba3c059be796418336a67ab20b3345bba6bcbbaeefdbdf2a93,A4ABE,POINT,BASIC MAP_PT,,graphic_only,0,{},not_delivered_not_automatically_missing,,False,,False,
fbb5288ed262a283e642a02a4b3aeb48a15e19ee98eae1c44b24f2b88152db35,A4A04,POINT,BASIC MAP_PT,,graphic_only,0,{},not_delivered_not_automatically_missing,,False,,False,
fbd21048d6d9dc95801d8195db7262919f1e2472d0d6031d914cf784e4667839,A4AF9,TEXT,Home Number RW 01 FDT 2,NN-247,mapped,1,"{""IMB"": 1}",delivered,,False,,False,
fbdc6cdc9b63d5062d28267be01c7d76dc6ee7f034f9e6817962ac20d049b995,A5C12,TEXT,BASIC MAP_PT_DES,2,annotation,0,{},not_delivered_not_automatically_missing,,False,,False,
fbe12c0fc64f3bece4215662172485fc9652858ba71d72f9d2d7dabccf69c282,A496C,POINT,BASIC MAP_PT,,graphic_only,0,{},not_delivered_not_automatically_missing,,False,,False,
fbe59c406b27fe75ae878af97340ebd0defa9ce91463dbdfb41224dd546189e7,A4B0A,POINT,BASIC MAP_PT,,graphic_only,0,{},not_delivered_not_automatically_missing,,False,,False,
fc091d8aea1d14124d0afb980b0fead14458451a7952857565c2d82d1b65e070,A45AF,LWPOLYLINE,HOME,,graphic_only,0,{},not_delivered_not_automatically_missing,,False,,False,
fc15910fd667a011681c79766ac9af1c6ecc51faa2a18d01e50a4d2a72286199,A5D90,INSERT,NEW POLE 7m (3 inches) FDT 2,,mapped,1,"{""PTECH"": 1}",delivered,,False,,False,
fc282de22d00496472f3e469d4ddaaa11a20ee57ec3fe7175e1964fced9dd598,95CA8,TEXT,POLE ID,Penanda 369,annotation,0,{},not_delivered_not_automatically_missing,,False,,False,
fc2c1879c3b127ec38fb204119b02916a59918fc9c76d5bc57c0c3c971710643,A5B73,ATTDEF,FAT,16,annotation,0,{},not_delivered_not_automatically_missing,,False,,False,
fc34e5a6e7adf3bd392536a4ecdd398be341e7c793a77c8494c20c7613a3aceb,A4A48,POINT,BASIC MAP_PT,,graphic_only,0,{},not_delivered_not_automatically_missing,,False,,False,
fc34fc8edde992122c8d125aae4f1131a58fe09ee6e518f866c6655a17d21e86,A5F50,MTEXT,Label,57,annotation,0,{},not_delivered_not_automatically_missing,,False,,False,
fc55288ff61046c647340af2369f6b86d1715d1d648ce0e316234e7566347e3d,9B252,TEXT,BASIC MAP_PT_DES,A01,annotation,0,{},not_delivered_not_automatically_missing,,False,,False,
fc670f8e16279e85f9c1b8b023ff02b86d4bb3148e90de38aaaddaf238b24bee,A4992,POINT,BASIC MAP_PT,,graphic_only,0,{},not_delivered_not_automatically_missing,,False,,False,
fc704683fd34d01551ff20199d9b9e8db8b1124e1d2281a2855c2e086cc66427,95CBE,TEXT,POLE ID,Penanda 380,annotation,0,{},not_delivered_not_automatically_missing,,False,,False,
fc7cd698587123e8f7aacce9e5bd39892b38557e1d2ff94e67a8a2825ca9ac08,A5C02,TEXT,NEW POLE 7M 2.5INCH FDT 2,MR.TGGR04-2.P043,annotation,0,{},not_delivered_not_automatically_missing,,False,,False,
fc88792229e0761c85c77aad7d7aa161c1be45eff704919e6838ccf9bfc28efc,A440B,LWPOLYLINE,HOME,,graphic_only,0,{},not_delivered_not_automatically_missing,,False,,False,
fc8dc8a6a1b83d0dd0d50a461a22da4ee21e543a15c44e546d7e2ba8fa28f273,A48D8,POINT,BASIC MAP_PT,,graphic_only,0,{},not_delivered_not_automatically_missing,,False,,False,
fc90a0f23952594011fd23e0a1d949a342bf92f24900682eabed45b97f24a65c,A4904,POINT,BASIC MAP_PT,,graphic_only,0,{},not_delivered_not_automatically_missing,,False,,False,
fcb2d98e7c6f5050b41c6ac3c47477b0856ad03407611f692ed44079db9a1bfe,9E8C8,TEXT,BASIC MAP_PT_DES,9,annotation,0,{},not_delivered_not_automatically_missing,,False,,False,
fcc1d6929e6b3019c89a37fca9583da13ac6d16f69e0ee2a02df17f32ef1d267,A5E9F,INSERT,EXT POLE FDT 1,,mapped,1,"{""PTECH"": 1}",delivered,,False,,False,
fd154f6c71638961c218914545a3720e56f4d29888d36d97daaf69545544c212,A5C96,TEXT,NEW POLE 7m (3 inches) FDT 2,MR.TGGR04-2.P068,annotation,0,{},not_delivered_not_automatically_missing,,False,,False,
fd4a90622e1f9fabc25ea4a953dd78a115bd274ccb55aac2b2608fed9754f171,A5C14,TEXT,NEW POLE 7M 2.5INCH FDT 2,MR.TGGR04-2.P048,annotation,0,{},not_delivered_not_automatically_missing,,False,,False,
fd5685ba27ecf2c45ffc516b72f9d9a9e9148d7bbed77bd97937b1a66d76470e,A449C,LWPOLYLINE,HOME,,graphic_only,0,{},not_delivered_not_automatically_missing,,False,,False,
fd5ef450bd6fa0d330397b7f6d3cd5b836e51ab3e78e27a025783276138ae9fd,A456D,LWPOLYLINE,HOME,,graphic_only,0,{},not_delivered_not_automatically_missing,,False,,False,
fd7f4ebc90323fe63c1972718bfe42bc0110d3538831915bf6ca2862b1839909,A488A,POINT,BASIC MAP_PT,,graphic_only,0,{},not_delivered_not_automatically_missing,,False,,False,
fd865da4e4cc41d54eb26232cfc5fec7bd6d81b95b95e9088aef0582b8cd93fc,A5C59,TEXT,BASIC MAP_PT_DES,A10,annotation,0,{},not_delivered_not_automatically_missing,,False,,False,
fd8a0f9f1247ec3682cf6a5f9fd72b8c270952f13b69ec8d7e2d31dc7250c686,9E8EE,TEXT,BASIC MAP_PT_DES,2,annotation,0,{},not_delivered_not_automatically_missing,,False,,False,
fd97c0ae4f2fc820fe1882b44953b5ec198f40720dcf894f2792132ec4249b95,A4AE8,POINT,BASIC MAP_PT,,graphic_only,0,{},not_delivered_not_automatically_missing,,False,,False,
fdb9d6eb4400dd65737da4829096e2779d561a41e77da56c384ab0dc6df9f478,A4A97,TEXT,Home Number RW 01 FDT 2,NN-17,mapped,1,"{""IMB"": 1}",delivered,,False,,False,
fdcbf5abca67ab6c1ee93bab5114cf1e9e196dba7bc8e62f23b29206ff38e877,A44AE,LWPOLYLINE,HOME,,graphic_only,0,{},not_delivered_not_automatically_missing,,False,,False,
fe114050cad1d9c61b6d91c878b76e2bcf0c26d5fe75a1eda993f116b42ee83f,A4897,TEXT,Home Number RW 01 FDT 1,NN-156,mapped,1,"{""IMB"": 1}",delivered,,False,,False,
fe196bc19f1ad3bea94a20a58710ce361e10a476935add280605a06efb12085e,A488B,TEXT,Home Number RW 01 FDT 1,NN-354,mapped,1,"{""IMB"": 1}",delivered,,False,,False,
fe1eb5b0a19d911ed15aaa6c52f63e63dc7f7111420b5a9356cc84aa995b1ee2,95C78,TEXT,POLE ID,Penanda 345,annotation,0,{},not_delivered_not_automatically_missing,,False,,False,
fe60fc76dfb66466ff6f61ae6d73160e95a593822bd8b14184732e88fd7f6b1d,9E80B,TEXT,BASIC MAP_PT_DES,A01,annotation,0,{},not_delivered_not_automatically_missing,,False,,False,
fe72601701bd73415e9c1ac620cb5541b37ea9b12a069a22cabca0ba0e79d2c0,A4948,POINT,BASIC MAP_PT,,graphic_only,0,{},not_delivered_not_automatically_missing,,False,,False,
fe893ee7b826877b8e586eb21b7db7e342c97a2429db187d1c2a7c199811ab65,A5A72,INSERT,NEW POLE 7m (3 inches) FDT 1,,mapped,1,"{""PTECH"": 1}",delivered,,False,,False,
fece1732848f5a2392b3af5e08d54c984ecec5dc241dd7cdb12410d299ea3680,A484D,TEXT,Home Number RW 01 FDT 1,NN-333,mapped,1,"{""IMB"": 1}",delivered,,False,,False,
fef436a12e022f9734267614a6bdbe7b8821f6b84973a0e348220de4da7e5634,95CCE,TEXT,POLE ID,Penanda 388,annotation,0,{},not_delivered_not_automatically_missing,,False,,False,
ff0fcdca4ec92835f3c6cc97821e828816fb575b831e3b032044dcc5716c0cf1,A4129,LWPOLYLINE,BASIC MAP,,graphic_only,0,{},not_delivered_not_automatically_missing,,False,,False,
ff3448b31cd241f00196a3bb02baf3dee96e0d9999a6cc364ab1077556eb52f4,A5ED2,LWPOLYLINE,FAT,,graphic_only,0,{},not_delivered_not_automatically_missing,,False,,False,
ff50a995f5a1da8534a8f542adfb6724cbc6c1f7bcab01757810320f7db7a973,A4B6A,LWPOLYLINE,HOME,,graphic_only,0,{},not_delivered_not_automatically_missing,,False,,False,
ff5ee00465f8ea17cd13474b125bf59bc64d77b5f9aa6d9984717dac19ffdd94,A5BF6,TEXT,NEW POLE 7M 2.5INCH FDT 2,MR.TGGR04-2.P019,annotation,0,{},not_delivered_not_automatically_missing,,False,,False,
ff68017992783455e1bf3a66b13afab3b423e17bca34cccbabc6f6e26bc611a5,A5EE3,LWPOLYLINE,FAT,,graphic_only,0,{},not_delivered_not_automatically_missing,,False,,False,
ff82c4f043d709c0493701af3b82485172fe9651aaa434085cdb17bc9fffc247,A43EE,LWPOLYLINE,HOME,,graphic_only,0,{},not_delivered_not_automatically_missing,,False,,False,
ff949b273e81b1e39f62b646ab6b4f0534a32d086dc2dc997ceba97786812472,A4AE0,POINT,BASIC MAP_PT,,graphic_only,0,{},not_delivered_not_automatically_missing,,False,,False,
plan:0010e6236485b73c6a2fa9ac5c24f865d80a243ad79af7353617aad4904d8a84,A5D0B/89DF9,TEXT,0,FM,annotation,0,{},not_delivered_not_automatically_missing,d4dbe6279c492e7ab45572c017ea2a6c93d86921c098f8652af97c91f5551e5b,True,5359046f3d5c3eaf2439c5bab96ad5f2fd53aae5f71c01b849d896330ff6acab,True,mapped
plan:00411210fcbaa4759b564c50fb90c1c96c00780c71c0c951109fb7097cae19c4,A5A33/89DC0,LWPOLYLINE,0,,graphic_only,0,{},not_delivered_not_automatically_missing,7188ddd5456c2bdac4e398a000f102ca5446bd4f8a411752d176213596f3b5c1,True,c15611cf9a1c8167e9a00028c24643f9070bd1cb7049035f3456e5b487f7a047,True,mapped
plan:00537e6a96ec2dfc0045cb537a84b88132ac5ec04f51e0d63827ecd0a4fbcc19,A5E5B/89EA0,LWPOLYLINE,0,,graphic_only,0,{},not_delivered_not_automatically_missing,722179b311dea719d26c64eb9287cf206ffc89352caf98b23d03562d3617e3a0,True,d08897ab9fe380a5c18a3f45f85efd0f7bde479725f0820ae4a0a384c0ca70da,True,mapped
plan:016e203fb1eae059d3dd352f222c2862ffeeb44aebb70a7edb8d9b3b8f6f145d,A5D66/89DF2,TEXT,0,NP7,annotation,0,{},not_delivered_not_automatically_missing,8fd348c85e664bf0238302268288d8081b842053849bb9874852fe762c08515c,True,29d6ffc6c5b8ca64d1ceee6878d0b5605f40d1f5aa792aa7d5efb8a19e52dac2,True,mapped
plan:01a5467e1bc3074325c4a1ee7495baf4cac155ae35ef7b56925ae10e1ce20828,A5AB8/89DF3,CIRCLE,0,,graphic_only,0,{},not_delivered_not_automatically_missing,0f841fb46c888265d5f317b35c0e65a398fc094d3b55379f46203e974d846b9c,True,dc2468dd827a7432790bf6345f31ab92122af8a273700cf1b271e31ecb095d5a,True,mapped
plan:01ca2bf79d38515d1fb35c38b00f7175c94a32e49daf3cb954830b76e95cbc17,A5A56/89DF2,TEXT,0,NP7,annotation,0,{},not_delivered_not_automatically_missing,8fd348c85e664bf0238302268288d8081b842053849bb9874852fe762c08515c,True,fb2a8ab0a56b860bad3f7cd8f686d48b383de9388cdfe890e65648e86b23ca2a,True,mapped
plan:0255b46ede820f90d54c1b6694b8878f17b04064d1f48b73a1db2bd97b29ad47,A5ACD/89DF6,LWPOLYLINE,0,,graphic_only,0,{},not_delivered_not_automatically_missing,24db7c44b695eabf7406ccaa12c94193a8fbd766c0985a29184b660f99328abc,True,3d81e2dc5ca214f6ba3022815d2e6e4ae7f299d651da66fba358fc701fc3b37a,True,mapped
plan:02d529ce0f91fc6bf5bcd9ef947a1faa80a46fee2d1e60a942baa1381d69928c,A5CA2/89DF6,LWPOLYLINE,0,,graphic_only,0,{},not_delivered_not_automatically_missing,24db7c44b695eabf7406ccaa12c94193a8fbd766c0985a29184b660f99328abc,True,748741972987965ae27001612fe82d6a83a019e12fc539c73206c0a9d1e0b75b,True,mapped
plan:02f092bb03b1de4e6c3c44a98d149c67bd68ada1e13ad3ecb527fcbb0915461f,A5AC6/89DF7,TEXT,0,4',annotation,0,{},not_delivered_not_automatically_missing,1d2bcf84b7283e99e5dd9dee72d4f175cb03739c55e9e32bf39de8975e592934,True,3cb91e46a2775035f42573a5a96d5fb621a71f7ce825754dee30374ef1e492c7,True,mapped
plan:03204197910b31cffaaa892e42b4b7404bef54c7d5bb4523a61bccecd28d717a,A5AB8/89DF4,TEXT,0,NP7,annotation,0,{},not_delivered_not_automatically_missing,e29c9fd12b489e5651d34ee654c71d896c944c102d784793dcf4bc935190118c,True,dc2468dd827a7432790bf6345f31ab92122af8a273700cf1b271e31ecb095d5a,True,mapped
plan:03320a229d76142b8b7647bee7742da3c1d9a2509a71ca40f8ec2f7e2bfd6ad7,A5AD4/89DF6,LWPOLYLINE,0,,graphic_only,0,{},not_delivered_not_automatically_missing,24db7c44b695eabf7406ccaa12c94193a8fbd766c0985a29184b660f99328abc,True,3dfb376040a9a688902763fa1bd98e1300725c942545299887b73e7470654966,True,mapped
plan:03b54249ac265336dc819d7aee7860fe1e3c1a2d9d982bc0114bf94d0522d813,A5AB1/89DF8,TEXT,0,3',annotation,0,{},not_delivered_not_automatically_missing,810f3d1791a8a0352cbc1d17d9b18899b82b7394a8de593be6f9abbf32667d2e,True,bb5c3d3c9020bf5a3e871c422ac4ee3352bb86d6c93b142186a6fb463bf1e0ba,True,mapped
plan:03b5937cf8a571a027534fd89b68519cd2173832634bc7d92f484fe62a8b0bbf,A5E15/89EA4,TEXT,0,FM,annotation,0,{},not_delivered_not_automatically_missing,84cd4565ae59b7527143b7c911b02549dd07cb00c176006f9d3a205ae0c73dfd,True,89f28961f8efdde75e2c2e3e61f4b90925fb02d051ad424808fe4f5633fd5423,True,mapped
plan:03c4969a34094e12f1a1c95e822f9a6659b7c65acf9494d74f1168cf7ea41e2a,A5CD3/89DF7,TEXT,0,4',annotation,0,{},not_delivered_not_automatically_missing,1d2bcf84b7283e99e5dd9dee72d4f175cb03739c55e9e32bf39de8975e592934,True,26df2912608f464cea8e65fb5a27dccf0a8a14ed54913c5ec4105e20ec2cf273,True,mapped
plan:04155ffc04bd3f2796bb5bfa414f32f67f17fd00f37b00721e02ad7799f985b7,A5ACD/89DF4,TEXT,0,NP7,annotation,0,{},not_delivered_not_automatically_missing,e29c9fd12b489e5651d34ee654c71d896c944c102d784793dcf4bc935190118c,True,3d81e2dc5ca214f6ba3022815d2e6e4ae7f299d651da66fba358fc701fc3b37a,True,mapped
plan:046234ea5c426b5bbef9f6f222bc876dfac57ea19cf06df05a49109850c61ee5,A5D43/89DF8,TEXT,0,3',annotation,0,{},not_delivered_not_automatically_missing,810f3d1791a8a0352cbc1d17d9b18899b82b7394a8de593be6f9abbf32667d2e,True,e28013158a11bdcfeaa5668a006fdb68b696a05469ca7af943ab486e37ad56ac,True,mapped
plan:04db7faadd0028a0c8552261b9102e881b2037ffcec07a7a66aa28dd2c8559c4,A5ADB/89DF6,LWPOLYLINE,0,,graphic_only,0,{},not_delivered_not_automatically_missing,24db7c44b695eabf7406ccaa12c94193a8fbd766c0985a29184b660f99328abc,True,4bbfeaae9ec33e04865b2281875c1913061f22db371e2a2d29604b452aaa1352,True,mapped
plan:04e44a9987ff2312ddd9936502da921ffb3c4b6e230bed67b2aff184823b2a0b,A5ABF/89DF4,TEXT,0,NP7,annotation,0,{},not_delivered_not_automatically_missing,e29c9fd12b489e5651d34ee654c71d896c944c102d784793dcf4bc935190118c,True,b2b1b65b277330821444b79ff598175309fc2fd49107519891ce308130f96189,True,mapped
plan:04f47793819969b7cad5041648f41f9974176aace3c1dba53d1c8a4177df7a0d,A5A25/89DC1,TEXT,0,4',annotation,0,{},not_delivered_not_automatically_missing,149a333f5971cf1f6c766bf110555f68867e8a4f3d9b8fc70e8f060f3224f7e3,True,0e5d1b5d017edc6e34d1487662756b954584a4be46a4fbd0a578da402061ef64,True,mapped
plan:050073289af4169fb2e2354f1568ca09455d3f65ed6a5b435e2e53063fca99f3,A5AF0/89DF7,TEXT,0,4',annotation,0,{},not_delivered_not_automatically_missing,1d2bcf84b7283e99e5dd9dee72d4f175cb03739c55e9e32bf39de8975e592934,True,ca89deb7f333af1cd66546c46e2f8fb62d49a45909cf3538dbd0cb66162cd919,True,mapped
plan:054f6c0f0753390af2f1e3632dd3c35bb384e62cec28ac487ebf25ab2a1c20c7,A5CEF/89DF5,LWPOLYLINE,0,,graphic_only,0,{},not_delivered_not_automatically_missing,53ae0701ffa2e4c8de844f3c64ccc8daf8296554f3ca1846db6e97df3cc8be86,True,3aead4bb20a9d55990e7e88d6b629548de7a76136bc910c3e3d5e79afd9dbc2f,True,mapped
plan:05616fd26d0083afd073561e111fa6c92b0a0ea1c1d3006ad3c46e765c982f9f,A5E31/89EA1,LWPOLYLINE,0,,absent_from_canonical_evidence,0,{},expanded_instance_with_definition_and_parents_in_ledger,af98f580656f168c6af8fa98aad5d6d6f1936f796720feee9b2db3fdcca84e68,True,9373f4b38531e6df065c77cf1e90182155f9377ece4d1182a239f6fbce5a8f6b,True,mapped
plan:056622bc346f4f6c5c1b8ef1337dbcd33ee903b80ad4da34a27ebe227cc6f519,A5A2C/89DBE,TEXT,0,NP7,annotation,0,{},not_delivered_not_automatically_missing,bfad6a98feeecd45121d497c39d4c9bbdad75dcbc2ff7cf1680e0fffa2787122,True,4057646e714a57f57232bfa16c80f709cf5649408eb4e62eee15f918706ee2fb,True,mapped
plan:05e006944d62318346d3f91cc4f9cacbef0ff6cf2ed9407350bb183e34d54d2e,A5D20/89DF8,TEXT,0,3',annotation,0,{},not_delivered_not_automatically_missing,810f3d1791a8a0352cbc1d17d9b18899b82b7394a8de593be6f9abbf32667d2e,True,6e24fbfc7cc9485411bd452079076b52b42aa48dcb6760dacb3dfd1d134d1773,True,mapped
plan:06306230bcd7e7d0e3e15fbe1dec81f9fd670ba125af8443496b06c5842aa20a,A5E0E/89E9F,TEXT,0,NP7,annotation,0,{},not_delivered_not_automatically_missing,dfb3c771ddec8dc0d8ea98a7f4f2d79eacbff89e598155c4f0633fd52abfa72b,True,b0cb865fc8120f4f33a869d574a00fb70a83fc5fd016f359e188d89a559f5a41,True,mapped
plan:06d7d983e8d62e878f11fd77a3124297b6d643fed04da30ee19b6546cc83f2e5,A5E69/89EA1,LWPOLYLINE,0,,graphic_only,0,{},not_delivered_not_automatically_missing,af98f580656f168c6af8fa98aad5d6d6f1936f796720feee9b2db3fdcca84e68,True,5d6498690debecf2a82c4b529b6764fd2b2e3543007f15c0b5285b06913d8323,True,mapped
plan:06db14a7b9b336abacd472f37e1eb5c537cfc3d65a38b9b2879d12e2762b3454,A5E15/89EA0,LWPOLYLINE,0,,graphic_only,0,{},not_delivered_not_automatically_missing,722179b311dea719d26c64eb9287cf206ffc89352caf98b23d03562d3617e3a0,True,89f28961f8efdde75e2c2e3e61f4b90925fb02d051ad424808fe4f5633fd5423,True,mapped
plan:07579648d70ccbadc57f8843fe504e606ae1c06ce92ad4c6354e8a4b91deec27,A5D0B/89DF6,LWPOLYLINE,0,,graphic_only,0,{},not_delivered_not_automatically_missing,24db7c44b695eabf7406ccaa12c94193a8fbd766c0985a29184b660f99328abc,True,5359046f3d5c3eaf2439c5bab96ad5f2fd53aae5f71c01b849d896330ff6acab,True,mapped
plan:075dbfd5a418b2e0cfdf8f6a796ccaa8e38788b67608ea04a6cc4d8a7f5de95a,A5A2C/89DBD,CIRCLE,0,,graphic_only,0,{},not_delivered_not_automatically_missing,83bc1027327d153e86fad48787a35c0d80498701d694b98bfe9cfd52a019f141,True,4057646e714a57f57232bfa16c80f709cf5649408eb4e62eee15f918706ee2fb,True,mapped
plan:08630f8dfd067d909d836cd7805c78a12d14855f37589750249b3e27669270b5,A5D2E/89DF8,TEXT,0,3',annotation,0,{},not_delivered_not_automatically_missing,810f3d1791a8a0352cbc1d17d9b18899b82b7394a8de593be6f9abbf32667d2e,True,7e3294d6e9cf28cf92cf67041537895be3437710d7fd5863e88d80d59124535e,True,mapped
plan:090685e00f08acc5de3d006b8cfd9c39cd39ed3ab4fb2269941ebc9658145493,A5E0E/89E9D,TEXT,0,NP7,annotation,0,{},not_delivered_not_automatically_missing,96ef904187a815eb69ad0ae695e56cbfbcd8601d3716b5564191327f7e36b795,True,b0cb865fc8120f4f33a869d574a00fb70a83fc5fd016f359e188d89a559f5a41,True,mapped
plan:09113b7f824972ea2c694e625e870123eb9106fe9333d8e94e6a0a4c821384f8,A5D66/89DF6,LWPOLYLINE,0,,graphic_only,0,{},not_delivered_not_automatically_missing,24db7c44b695eabf7406ccaa12c94193a8fbd766c0985a29184b660f99328abc,True,29d6ffc6c5b8ca64d1ceee6878d0b5605f40d1f5aa792aa7d5efb8a19e52dac2,True,mapped
plan:09138f7135c2a4a8391955c0ff5e3e135740b10d5c0d5dc41e149e20010fe7d7,A5DD6/89DF2,TEXT,0,NP7,annotation,0,{},not_delivered_not_automatically_missing,8fd348c85e664bf0238302268288d8081b842053849bb9874852fe762c08515c,True,1ff5cedb61a78467d648061a54845142ed09fdb96466f802236325c75239fe11,True,mapped
plan:096be78710d965042575857262f436f88c2239ab4f4df2a7df13a3e2000f1d8b,A5A41/89DC0,LWPOLYLINE,0,,graphic_only,0,{},not_delivered_not_automatically_missing,7188ddd5456c2bdac4e398a000f102ca5446bd4f8a411752d176213596f3b5c1,True,3baf344f70e722413c7d28508dd96d58501f696cdc2d62e5351ba9777b9e942a,True,mapped
plan:098fa8a4e91fd6f860597818413ffb2487dd55b0621e094afd9ff017c9c2dd97,A5CE1/89DF5,LWPOLYLINE,0,,graphic_only,0,{},not_delivered_not_automatically_missing,53ae0701ffa2e4c8de844f3c64ccc8daf8296554f3ca1846db6e97df3cc8be86,True,531e6b0eac6a18bb6bb55fcbf51a733c3ac3d15e6217acbe76eac7ba61a3c57d,True,mapped
plan:0a008d8849a486db3f122cad28d7a98c147eb338988758d5497ac4c9b916ca69,A5B21/89E9E,CIRCLE,0,,graphic_only,0,{},not_delivered_not_automatically_missing,6e6968b842801d587ecd13124fd14b216b3d08cb974aac32274d3ed12ed83d86,True,8697ac925f118607d32e3de2d83ff8aa83a89bf78e7748e087464c5d2405a9c1,True,mapped
plan:0a953e94264e2f766bdcf13230c1bd72d45cb81473cc991348a448d7dbbbc6e9,A5E5B/89EA2,TEXT,0,"2,5'",annotation,0,{},not_delivered_not_automatically_missing,5351dd1f3952c803ade0be5316567c5297ddab3fd05499d075493a123a052cdd,True,d08897ab9fe380a5c18a3f45f85efd0f7bde479725f0820ae4a0a384c0ca70da,True,mapped
plan:0ae4fc41e987075190cb74cd0fe7dd244b05f81ec7b4ad3e805a40279947eafa,A5C9B/89DF7,TEXT,0,4',annotation,0,{},not_delivered_not_automatically_missing,1d2bcf84b7283e99e5dd9dee72d4f175cb03739c55e9e32bf39de8975e592934,True,8f6bf5f4f99438277f8778c4cf29872ea8f0eddac9d0feef42fdec5f0a43ab59,True,mapped
plan:0b510106819d43e058c4665ace6471dc1f519f469834be9a687c6d68cb4482e9,A5D4A/89DF4,TEXT,0,NP7,annotation,0,{},not_delivered_not_automatically_missing,e29c9fd12b489e5651d34ee654c71d896c944c102d784793dcf4bc935190118c,True,de676ca1ae5bdd426bd30c2b4eb52cf2f49930c8b11945787e71d54985bea60a,True,mapped
plan:0cf8d0b682f83cd7d433530a56a706c73d786bbd717c63ea4d1f41af2214e8f2,A5CA9/89DF7,TEXT,0,4',annotation,0,{},not_delivered_not_automatically_missing,1d2bcf84b7283e99e5dd9dee72d4f175cb03739c55e9e32bf39de8975e592934,True,663b9c9805dde228515562477c0e3e9ff42d3111d7887c67481d8a998c479345,True,mapped
plan:0cf9160fa209bb84c01c93450610563431fcfec33c9fb3369a054304fcfb0b95,A5D51/89DF6,LWPOLYLINE,0,,graphic_only,0,{},not_delivered_not_automatically_missing,24db7c44b695eabf7406ccaa12c94193a8fbd766c0985a29184b660f99328abc,True,8dfd19d97e4ebcdecc0bacdf0ea5a05d073e415fe5ccba8635b500b67a9c85c6,True,mapped
plan:0d00d390f187abc5ea1b714e01ab3370174a06e90c224a932a386af7a9c6edfd,A5DAC/89DF5,LWPOLYLINE,0,,graphic_only,0,{},not_delivered_not_automatically_missing,53ae0701ffa2e4c8de844f3c64ccc8daf8296554f3ca1846db6e97df3cc8be86,True,d6ab4d6bf4351bf11a44a27bdd68879101ee3c78c140ecbebe137820cf13dc0c,True,mapped
plan:0d2361a6016a0b24e85bb440f1300bd2c2f1cfb6230d054ffb73fca6b9a3e95f,A5CA2/89DF7,TEXT,0,4',annotation,0,{},not_delivered_not_automatically_missing,1d2bcf84b7283e99e5dd9dee72d4f175cb03739c55e9e32bf39de8975e592934,True,748741972987965ae27001612fe82d6a83a019e12fc539c73206c0a9d1e0b75b,True,mapped
plan:0d5f8f683cde796256224b9185e1a26bdd1606f2b2200a713dd8b90108f53cbc,A5DDD/89DF3,CIRCLE,0,,graphic_only,0,{},not_delivered_not_automatically_missing,0f841fb46c888265d5f317b35c0e65a398fc094d3b55379f46203e974d846b9c,True,a0b0bcd7e1e8c0061ec45fa363192b5e9f71b069743e9be867e099717ceb5cc5,True,mapped
plan:0d685c2c867a1c843067e762b652a87b3f22b1be465e3e6b4f12faa0c1e8480f,A5C9B/89DF2,TEXT,0,NP7,annotation,0,{},not_delivered_not_automatically_missing,8fd348c85e664bf0238302268288d8081b842053849bb9874852fe762c08515c,True,8f6bf5f4f99438277f8778c4cf29872ea8f0eddac9d0feef42fdec5f0a43ab59,True,mapped
plan:0d8e02d6aef428668363c65e220557502547cbe19e47256a0642e2a9fd1c232a,A5CDA/89DF2,TEXT,0,NP7,annotation,0,{},not_delivered_not_automatically_missing,8fd348c85e664bf0238302268288d8081b842053849bb9874852fe762c08515c,True,ce0f6ba5aca29fb894533d9c9c9496116e741cf027fa0d9716276305fbb0040b,True,mapped
plan:0e35ce7503c6ea6178790933ee022e122568ca2422ce5c42b68b0f1ee1e623df,A5B0C/89EA1,LWPOLYLINE,0,,graphic_only,0,{},not_delivered_not_automatically_missing,af98f580656f168c6af8fa98aad5d6d6f1936f796720feee9b2db3fdcca84e68,True,ce4f04475207991d4c983ef300cea2d8b70d111c033a7030f4d6bd88862557db,True,mapped
plan:0e472a16d596a02e4db17a371aaa2e2ca030ef34345559f078b7d09be12bf64f,A5CA9/89DF3,CIRCLE,0,,graphic_only,0,{},not_delivered_not_automatically_missing,0f841fb46c888265d5f317b35c0e65a398fc094d3b55379f46203e974d846b9c,True,663b9c9805dde228515562477c0e3e9ff42d3111d7887c67481d8a998c479345,True,mapped
plan:0e7f65f5912d6c1cddaac0cc20b9cc08bb2243667644337ea42dd09ed8f8bcf2,A5CEF/89DF4,TEXT,0,NP7,annotation,0,{},not_delivered_not_automatically_missing,e29c9fd12b489e5651d34ee654c71d896c944c102d784793dcf4bc935190118c,True,3aead4bb20a9d55990e7e88d6b629548de7a76136bc910c3e3d5e79afd9dbc2f,True,mapped
plan:0ed8e2643ffbf7c219224e3f243ae0fc9cd9deeb472d6a1b84783f991ee4f6b6,A5E54/89E9E,CIRCLE,0,,graphic_only,0,{},not_delivered_not_automatically_missing,6e6968b842801d587ecd13124fd14b216b3d08cb974aac32274d3ed12ed83d86,True,f5d9f9886c2d46ec190132d64655db3b1b5699a8c123d006c1fcdf8a1f52c5a8,True,mapped
plan:0f7dbca67e9fee2983ccec60afe8f04037124a5505493bb0d5ba3871f059effe,A5B68/A5B67,TEXT,NEW POLE 7m(4 inches),4',annotation,0,{},not_delivered_not_automatically_missing,7394611ff0321997cb3814dbd8c404bce5f1fe14188487718c3c7b185d8a3bfa,True,50aebb8517cde8700f31d4540df731b6ae3b058d3901eec4cd93bb780af1c696,True,graphic_only
plan:0f99353b113e2152961e10d1433d41fe43b8e321244acc1f355c80a57885361b,A5A25/89DBC,TEXT,0,NP7,annotation,0,{},not_delivered_not_automatically_missing,b13e5d568faf2d471ebfbe9581cfc9b356e1069a2ebba70bbd826711aa5b5573,True,0e5d1b5d017edc6e34d1487662756b954584a4be46a4fbd0a578da402061ef64,True,mapped
plan:0faa79deef24b505cc80b75ea0e09d38b05ad9e163d56e595d6fa985bedcde86,A5D0B/89DF2,TEXT,0,NP7,annotation,0,{},not_delivered_not_automatically_missing,8fd348c85e664bf0238302268288d8081b842053849bb9874852fe762c08515c,True,5359046f3d5c3eaf2439c5bab96ad5f2fd53aae5f71c01b849d896330ff6acab,True,mapped
plan:0fc842296bb56d4faee4075c1e796411e13ee5b82fee8ebcf5a837583c7ad920,A5E2A/89E9D,TEXT,0,NP7,annotation,0,{},not_delivered_not_automatically_missing,96ef904187a815eb69ad0ae695e56cbfbcd8601d3716b5564191327f7e36b795,True,8c891a0cb09573a047c53091ad2989c4a6b5e063859afdd167e888dee9971377,True,mapped
plan:104469758b66b8e77b972ed6d95e5c095b00f91f49b04c92b421ac4e9b52b371,A5E69/89E9E,CIRCLE,0,,graphic_only,0,{},not_delivered_not_automatically_missing,6e6968b842801d587ecd13124fd14b216b3d08cb974aac32274d3ed12ed83d86,True,5d6498690debecf2a82c4b529b6764fd2b2e3543007f15c0b5285b06913d8323,True,mapped
plan:1052cf42c5827e7a344a8842b5d31687d98005c9de5fd7f44f0f7f5246be4be0,A5A25/89DC2,TEXT,0,3',annotation,0,{},not_delivered_not_automatically_missing,b25b85771d736d7beb8948b94983005a8899c6f84ce05460d072ec93a109d353,True,0e5d1b5d017edc6e34d1487662756b954584a4be46a4fbd0a578da402061ef64,True,mapped
plan:10a619363d032dad1174087c2b756653eb29db90ce338e2c7d753179a4fbbc95,A5CB7/89DF6,LWPOLYLINE,0,,graphic_only,0,{},not_delivered_not_automatically_missing,24db7c44b695eabf7406ccaa12c94193a8fbd766c0985a29184b660f99328abc,True,dc8e956173c10e660f9cdbd982059db74f9b1addb745ce58e37bd79ad7354ef0,True,mapped
plan:10ae4bf700bb82e58e7b9d023f661a17687522ed5fd657302110a56e00508889,A5D6D/89DF9,TEXT,0,FM,annotation,0,{},not_delivered_not_automatically_missing,d4dbe6279c492e7ab45572c017ea2a6c93d86921c098f8652af97c91f5551e5b,True,721c66788d2c986db9b0deefef9106e7f935f4d6c6e98e4a08d2c88c7468eca8,True,mapped
plan:10c2384b44c4b65be21fdd1292e2fa6c2eb79ed9b2ef680814a8bc7569e14314,A5E5B/89E9D,TEXT,0,NP7,annotation,0,{},not_delivered_not_automatically_missing,96ef904187a815eb69ad0ae695e56cbfbcd8601d3716b5564191327f7e36b795,True,d08897ab9fe380a5c18a3f45f85efd0f7bde479725f0820ae4a0a384c0ca70da,True,mapped
plan:10e94b6d0d60820f11fd63d59cf672b35eb562e717124dfaffdef9e843343ba6,A5A56/89DF6,LWPOLYLINE,0,,graphic_only,0,{},not_delivered_not_automatically_missing,24db7c44b695eabf7406ccaa12c94193a8fbd766c0985a29184b660f99328abc,True,fb2a8ab0a56b860bad3f7cd8f686d48b383de9388cdfe890e65648e86b23ca2a,True,mapped
plan:110d7367e70d17367bf2094f2eb889e49f00902e23d3385aefae84f3d4a2601a,A5E38/89EA2,TEXT,0,"2,5'",annotation,0,{},not_delivered_not_automatically_missing,5351dd1f3952c803ade0be5316567c5297ddab3fd05499d075493a123a052cdd,True,a8a031f7194ad4eaba43f51dcde4252e7be58772d38c4d99f9fc015e728f0230,True,mapped
plan:11afd036ad97584fd26cbec6c7c06ae95d31148ccb748511e746d899c6d9aa85,A5D90/89DF4,TEXT,0,NP7,annotation,0,{},not_delivered_not_automatically_missing,e29c9fd12b489e5651d34ee654c71d896c944c102d784793dcf4bc935190118c,True,fc15910fd667a011681c79766ac9af1c6ecc51faa2a18d01e50a4d2a72286199,True,mapped
plan:11db7fedb0a53f75b245d4c71558ef1885d5319de0f91a231fb88f4bc17039a8,A5AE9/89DF2,TEXT,0,NP7,annotation,0,{},not_delivered_not_automatically_missing,8fd348c85e664bf0238302268288d8081b842053849bb9874852fe762c08515c,True,828205d0d82b080b70a1c7d98688c11a9a4c3a590948ec8be673c4113182719e,True,mapped
plan:1267ff1d6763ed40145202bf0d9cf9cd73362002295b8a9ac951199d19b416b1,A5E4D/89E9F,TEXT,0,NP7,annotation,0,{},not_delivered_not_automatically_missing,dfb3c771ddec8dc0d8ea98a7f4f2d79eacbff89e598155c4f0633fd52abfa72b,True,590c47c27ce15d3695cf1c3a912bb6b2dfd72d742163b3e9186b3a23cbc2d31c,True,mapped
plan:12d48da9f09179236099760f85aea101e376b2460451b2c1b40e6da3773702b5,A5DC8/89DF4,TEXT,0,NP7,annotation,0,{},not_delivered_not_automatically_missing,e29c9fd12b489e5651d34ee654c71d896c944c102d784793dcf4bc935190118c,True,a891ef5eaf7def9c4c48adca62f7393501731b06fe3fa7f5864e7ac8d6c4cde5,True,mapped
plan:12efe7f8fc5e03ae3879e7afc3e5affab9abc7567f0b88b8a97bebc037c5f21b,A5A8E/89DF2,TEXT,0,NP7,annotation,0,{},not_delivered_not_automatically_missing,8fd348c85e664bf0238302268288d8081b842053849bb9874852fe762c08515c,True,fb4660fb4d0133b99919747abf041376664f3147bfc2b4dd56be90bd560b7701,True,mapped
plan:131f8fc1ef845c759ae665f41e0e5d8b6dabc28aa8613a1db2924f679a4693a5,A5D66/89DF9,TEXT,0,FM,annotation,0,{},not_delivered_not_automatically_missing,d4dbe6279c492e7ab45572c017ea2a6c93d86921c098f8652af97c91f5551e5b,True,29d6ffc6c5b8ca64d1ceee6878d0b5605f40d1f5aa792aa7d5efb8a19e52dac2,True,mapped
plan:136f7a0283eed898a3257da2b7b859d5a9672b31d8c37350c9a6cd8340214434,A5E98/89DC3,TEXT,0,FM,annotation,0,{},not_delivered_not_automatically_missing,9a6675bc781abc2abd24c2058656b8aacd7c3ac597572fa58676916a791f3128,True,a9ba638c19fe59068d90dda66cf0ef50e5ba630b7f52fb21b3281628680e7a20,True,mapped
plan:138301e11381303b8f93deb1e4527b0cd72caafde273df9f7470aa1a2e6fad8f,A5E2A/89EA3,TEXT,0,3',annotation,0,{},not_delivered_not_automatically_missing,7ce3e88b71d3883dfe85478588f63dafdb56fb8fd95626d4b5a5396a0b91118f,True,8c891a0cb09573a047c53091ad2989c4a6b5e063859afdd167e888dee9971377,True,mapped
plan:13a1d519037aaad749a731a5700869d16eaaaccb190b0f0378c56f598e408595,A5CFD/89DF3,CIRCLE,0,,graphic_only,0,{},not_delivered_not_automatically_missing,0f841fb46c888265d5f317b35c0e65a398fc094d3b55379f46203e974d846b9c,True,f1053e9cbc5a91bbfc34735f4a7d8d8a58e0380d2c9747c9bba4441532bc4b7d,True,mapped
plan:14433ea423ef048b0ac1e32b4e5a9044e061dc0e995424a6d1cb0581f4f3ff64,A5CBE/89DF4,TEXT,0,NP7,annotation,0,{},not_delivered_not_automatically_missing,e29c9fd12b489e5651d34ee654c71d896c944c102d784793dcf4bc935190118c,True,1290c24ba215560e8b66f12ab48cca3b44bc513c42da5ea067dc3adf54f8ed05,True,mapped
plan:1467d02e6fd787ab538f8be8dd15fecd4e6ca471cb53af8ae86fe7401f3763df,A5AF0/89DF5,LWPOLYLINE,0,,graphic_only,0,{},not_delivered_not_automatically_missing,53ae0701ffa2e4c8de844f3c64ccc8daf8296554f3ca1846db6e97df3cc8be86,True,ca89deb7f333af1cd66546c46e2f8fb62d49a45909cf3538dbd0cb66162cd919,True,mapped
plan:14972a6a8d2da7e15c2b8b862806f9b207e9f24f3b14a602431f9008632c2c15,A5B0C/89EA4,TEXT,0,FM,annotation,0,{},not_delivered_not_automatically_missing,84cd4565ae59b7527143b7c911b02549dd07cb00c176006f9d3a205ae0c73dfd,True,ce4f04475207991d4c983ef300cea2d8b70d111c033a7030f4d6bd88862557db,True,mapped
plan:1501148d63148f82f26bc8b254097817546608971555a2bd049427e177d5f8a4,A5D7B/89DF9,TEXT,0,FM,annotation,0,{},not_delivered_not_automatically_missing,d4dbe6279c492e7ab45572c017ea2a6c93d86921c098f8652af97c91f5551e5b,True,7d7d06f7ff1b989c268acf13e185c51ad9b80fb98277ec6dc62bbe7b910d0fbf,True,mapped
plan:15b55073511be9603d233ffb8f12dc5c1355ca3574eee52afa2779e86ee021cb,A5D43/89DF7,TEXT,0,4',annotation,0,{},not_delivered_not_automatically_missing,1d2bcf84b7283e99e5dd9dee72d4f175cb03739c55e9e32bf39de8975e592934,True,e28013158a11bdcfeaa5668a006fdb68b696a05469ca7af943ab486e37ad56ac,True,mapped
plan:164187f5e3b936cc483405d3467affb6a08c30594815a92c360d4e543b32f88d,A5B1A/89EA3,TEXT,0,3',annotation,0,{},not_delivered_not_automatically_missing,7ce3e88b71d3883dfe85478588f63dafdb56fb8fd95626d4b5a5396a0b91118f,True,1a22a8ed37c92321f1063c06a54229f13282c571123535ef5607b8812378ca05,True,mapped
plan:176593335fb0e6d3cf25668ecae8914b6f11d8b35296009b007554bbaf96ec82,A5AA3/89DF8,TEXT,0,3',annotation,0,{},not_delivered_not_automatically_missing,810f3d1791a8a0352cbc1d17d9b18899b82b7394a8de593be6f9abbf32667d2e,True,e76f8620fda0141e72fef08b2ec82c1742b3a384f822ee67f8b23d572b371b01,True,mapped
plan:1772a61e218010faf6f4d00b755521b6a47e50439f7bb90104c79403ae44e970,A5CBE/89DF5,LWPOLYLINE,0,,graphic_only,0,{},not_delivered_not_automatically_missing,53ae0701ffa2e4c8de844f3c64ccc8daf8296554f3ca1846db6e97df3cc8be86,True,1290c24ba215560e8b66f12ab48cca3b44bc513c42da5ea067dc3adf54f8ed05,True,mapped
plan:17843f36b5a1a74da29296a7579d60053260f76a3d015015bf654c009a3262b2,A5DC1/89DF9,TEXT,0,FM,annotation,0,{},not_delivered_not_automatically_missing,d4dbe6279c492e7ab45572c017ea2a6c93d86921c098f8652af97c91f5551e5b,True,1c051ef36669362b6804aea21e8e131327f7608652ad99ce7c660d1f23671bb7,True,mapped
plan:1825261e8d1d5523c90ac62b7c1a1f971567b7f2fba1c36833c571a0902ccdc4,A5AB8/89DF8,TEXT,0,3',annotation,0,{},not_delivered_not_automatically_missing,810f3d1791a8a0352cbc1d17d9b18899b82b7394a8de593be6f9abbf32667d2e,True,dc2468dd827a7432790bf6345f31ab92122af8a273700cf1b271e31ecb095d5a,True,mapped
plan:1881716aed3fff29246a3668c046e163fd6756e6785869a97b06acc18e82108e,A5ADB/89DF2,TEXT,0,NP7,annotation,0,{},not_delivered_not_automatically_missing,8fd348c85e664bf0238302268288d8081b842053849bb9874852fe762c08515c,True,4bbfeaae9ec33e04865b2281875c1913061f22db371e2a2d29604b452aaa1352,True,mapped
plan:1893e0113195a419341fb42345ed95a34ceb62a9ef1890ac3d8ec6e891ac5ff2,A5D66/89DF8,TEXT,0,3',annotation,0,{},not_delivered_not_automatically_missing,810f3d1791a8a0352cbc1d17d9b18899b82b7394a8de593be6f9abbf32667d2e,True,29d6ffc6c5b8ca64d1ceee6878d0b5605f40d1f5aa792aa7d5efb8a19e52dac2,True,mapped
plan:1901dd839f4049543aca544e77dcfae6197e0e66da14df9c1666181b71a7e06d,A5A72/89DF2,TEXT,0,NP7,annotation,0,{},not_delivered_not_automatically_missing,8fd348c85e664bf0238302268288d8081b842053849bb9874852fe762c08515c,True,fe893ee7b826877b8e586eb21b7db7e342c97a2429db187d1c2a7c199811ab65,True,mapped
plan:19492fed027304168ff757f459ceb356a1f471d1865d1fb1b3e4457a453fd731,A5D58/89DF8,TEXT,0,3',annotation,0,{},not_delivered_not_automatically_missing,810f3d1791a8a0352cbc1d17d9b18899b82b7394a8de593be6f9abbf32667d2e,True,73e0360e33cf4cdae20b10614d552dfe8c13a3ad17c583a630b453b90cb8241e,True,mapped
plan:195f2d2b7463776ae8f9393fe7a19eb723ad95290bf73ebda75871f1c7eb2f06,A5AF7/89DF5,LWPOLYLINE,0,,graphic_only,0,{},not_delivered_not_automatically_missing,53ae0701ffa2e4c8de844f3c64ccc8daf8296554f3ca1846db6e97df3cc8be86,True,122d9e5b13371416a52b99908daefdfea6624a36129997321162899af051e6f5,True,mapped
plan:1978d27131488d2bbc431d3f02f45d7517914abcaa0a7078151e2b43098ce741,A5D6D/89DF5,LWPOLYLINE,0,,graphic_only,0,{},not_delivered_not_automatically_missing,53ae0701ffa2e4c8de844f3c64ccc8daf8296554f3ca1846db6e97df3cc8be86,True,721c66788d2c986db9b0deefef9106e7f935f4d6c6e98e4a08d2c88c7468eca8,True,mapped
plan:1ac1f4a592925605111a6d2a29e376767d998ad7867f1c0276ac5b9bfb543b55,A5B21/89EA3,TEXT,0,3',annotation,0,{},not_delivered_not_automatically_missing,7ce3e88b71d3883dfe85478588f63dafdb56fb8fd95626d4b5a5396a0b91118f,True,8697ac925f118607d32e3de2d83ff8aa83a89bf78e7748e087464c5d2405a9c1,True,mapped
plan:1b05c2650926295fc5d8ac6d3728e9afc4814ee382650d610d08c266b73783a4,A5AC6/89DF4,TEXT,0,NP7,annotation,0,{},not_delivered_not_automatically_missing,e29c9fd12b489e5651d34ee654c71d896c944c102d784793dcf4bc935190118c,True,3cb91e46a2775035f42573a5a96d5fb621a71f7ce825754dee30374ef1e492c7,True,mapped
plan:1b2b0ec74f78e65f6410771c822bdfe43d01c20157d204856a679773d5631d1b,A5D89/89DF3,CIRCLE,0,,graphic_only,0,{},not_delivered_not_automatically_missing,0f841fb46c888265d5f317b35c0e65a398fc094d3b55379f46203e974d846b9c,True,39800b1f41fa13fc95ff51552e287071d1d57a81f4a87e061abd4f47c7151313,True,mapped
plan:1b3c470d454ab3459eda3aa8c012ecc67d720c586a64011a8630576e25a5a40a,A5CFD/89DF8,TEXT,0,3',annotation,0,{},not_delivered_not_automatically_missing,810f3d1791a8a0352cbc1d17d9b18899b82b7394a8de593be6f9abbf32667d2e,True,f1053e9cbc5a91bbfc34735f4a7d8d8a58e0380d2c9747c9bba4441532bc4b7d,True,mapped
plan:1bb6dcb9637551dea76bb70fd8a16a23fea2f984c75dca4f0e419d4c84bac101,A5AC6/89DF8,TEXT,0,3',annotation,0,{},not_delivered_not_automatically_missing,810f3d1791a8a0352cbc1d17d9b18899b82b7394a8de593be6f9abbf32667d2e,True,3cb91e46a2775035f42573a5a96d5fb621a71f7ce825754dee30374ef1e492c7,True,mapped
plan:1c1a0f8bd6e045e097f37972296876fab5dc55304f1a9d3b1057390375199d07,A5CF6/89DF6,LWPOLYLINE,0,,graphic_only,0,{},not_delivered_not_automatically_missing,24db7c44b695eabf7406ccaa12c94193a8fbd766c0985a29184b660f99328abc,True,ee77742fd96ae4dc491b3f6c5b4936ba60084051629101ea03eca9823fa5da21,True,mapped
plan:1c31710c637543404a13d1072a3e8dbcb420c82d80fe62996809d22c8ec4ac40,A5E62/89E9D,TEXT,0,NP7,annotation,0,{},not_delivered_not_automatically_missing,96ef904187a815eb69ad0ae695e56cbfbcd8601d3716b5564191327f7e36b795,True,e59662454e2902fd689485fa2fb158fe42d23f93294cb2037dcd36a758e4de11,True,mapped
plan:1c7844f04fc948c9ab56aa330c30217319b9175aa4a07a33f1edcf2ebd99fc92,A5D5F/89DF7,TEXT,0,4',annotation,0,{},not_delivered_not_automatically_missing,1d2bcf84b7283e99e5dd9dee72d4f175cb03739c55e9e32bf39de8975e592934,True,1a63e34a10f2f36acb0c9e7e0239ea92ec1a2b24c8bf76492a9c9897ea6ea2b9,True,mapped
plan:1c8159311b8e1cc54aa6dafe20102a1aba605196c7a7cd0bbab05d78943770d8,A5CE8/89DF5,LWPOLYLINE,0,,graphic_only,0,{},not_delivered_not_automatically_missing,53ae0701ffa2e4c8de844f3c64ccc8daf8296554f3ca1846db6e97df3cc8be86,True,17409cb7925c9f3f4a23c3073f85ad4a8d59df335d07607af41b86e6d4a2401c,True,mapped
plan:1ca2fbf0095fc67b6447fc64b015eaa6fe5001ae8c09b8e821419835a0774542,A5CC5/89DF4,TEXT,0,NP7,annotation,0,{},not_delivered_not_automatically_missing,e29c9fd12b489e5651d34ee654c71d896c944c102d784793dcf4bc935190118c,True,51b760ffc3d5e6ecf0f75c8bd282d5e6c33a9048df752448e8d4d498087aa02a,True,mapped
plan:1ceb2e7c563591e1eafdf6f0e95380c11acdc59d6056d236b0d9d170096a7f69,A5DCF/89DF5,LWPOLYLINE,0,,graphic_only,0,{},not_delivered_not_automatically_missing,53ae0701ffa2e4c8de844f3c64ccc8daf8296554f3ca1846db6e97df3cc8be86,True,807c68cae7d6e99369442a36ecd85171bff05731b05a0e1c8bb457ca9d442137,True,mapped
plan:1d31718337b29f47c4f48d2b466ffae413e38593b552df124856d6af0a468895,A5CA9/89DF8,TEXT,0,3',annotation,0,{},not_delivered_not_automatically_missing,810f3d1791a8a0352cbc1d17d9b18899b82b7394a8de593be6f9abbf32667d2e,True,663b9c9805dde228515562477c0e3e9ff42d3111d7887c67481d8a998c479345,True,mapped
plan:1d4da8f87f5d6bab1ceb7ee082bb31e8693d80981f2469f34122db6669ad39a2,A5AF0/89DF9,TEXT,0,FM,annotation,0,{},not_delivered_not_automatically_missing,d4dbe6279c492e7ab45572c017ea2a6c93d86921c098f8652af97c91f5551e5b,True,ca89deb7f333af1cd66546c46e2f8fb62d49a45909cf3538dbd0cb66162cd919,True,mapped
plan:1d78cd5247a8a8ba6f62f992c7eb14d8e031409fbdd30c077a4dad1d0fc1006a,A5B1A/89EA1,LWPOLYLINE,0,,graphic_only,0,{},not_delivered_not_automatically_missing,af98f580656f168c6af8fa98aad5d6d6f1936f796720feee9b2db3fdcca84e68,True,1a22a8ed37c92321f1063c06a54229f13282c571123535ef5607b8812378ca05,True,mapped
plan:1dd752dc53650a246b0e4b6e7c4fa29a7b6d4d43b97d92c4b1359af35f43e78e,A5A79/89DF2,TEXT,0,NP7,annotation,0,{},not_delivered_not_automatically_missing,8fd348c85e664bf0238302268288d8081b842053849bb9874852fe762c08515c,True,55b87638afac3208308015ec16dc1770f15efd8e653ed68ea5576a120fe7d585,True,mapped
plan:1ec00310e865ce6f9c1941f5bb4c152a29955118ef5c33b1e55b234e60aa329d,A5AB1/89DF7,TEXT,0,4',annotation,0,{},not_delivered_not_automatically_missing,1d2bcf84b7283e99e5dd9dee72d4f175cb03739c55e9e32bf39de8975e592934,True,bb5c3d3c9020bf5a3e871c422ac4ee3352bb86d6c93b142186a6fb463bf1e0ba,True,mapped
plan:1ed08d9ad051bdd2fcee70739f57e7a4788525b680a2296821d9e119655d0694,A5AB8/89DF6,LWPOLYLINE,0,,graphic_only,0,{},not_delivered_not_automatically_missing,24db7c44b695eabf7406ccaa12c94193a8fbd766c0985a29184b660f99328abc,True,dc2468dd827a7432790bf6345f31ab92122af8a273700cf1b271e31ecb095d5a,True,mapped
plan:1ee9e32cf8c4cec1d17ca7bb6d5d72c56b3f73d55aa343f7ba534b5559f49ed9,A5D66/89DF5,LWPOLYLINE,0,,graphic_only,0,{},not_delivered_not_automatically_missing,53ae0701ffa2e4c8de844f3c64ccc8daf8296554f3ca1846db6e97df3cc8be86,True,29d6ffc6c5b8ca64d1ceee6878d0b5605f40d1f5aa792aa7d5efb8a19e52dac2,True,mapped
plan:1f8608e73c2416b4ae177b767e739ebd501eb9e128af0dbf6a04f2c900444e85,A5E15/89E9E,CIRCLE,0,,graphic_only,0,{},not_delivered_not_automatically_missing,6e6968b842801d587ecd13124fd14b216b3d08cb974aac32274d3ed12ed83d86,True,89f28961f8efdde75e2c2e3e61f4b90925fb02d051ad424808fe4f5633fd5423,True,mapped
plan:1fb9d842efa1481c1582b7635992b91cd3a3cd270ac56994d6788af9ac40233a,A5AA3/89DF2,TEXT,0,NP7,annotation,0,{},not_delivered_not_automatically_missing,8fd348c85e664bf0238302268288d8081b842053849bb9874852fe762c08515c,True,e76f8620fda0141e72fef08b2ec82c1742b3a384f822ee67f8b23d572b371b01,True,mapped
plan:200357a3cb3184acc0c28d81e4568ff15460a51d85b1750f6c1b3c21c5c15691,A5D19/89DF4,TEXT,0,NP7,annotation,0,{},not_delivered_not_automatically_missing,e29c9fd12b489e5651d34ee654c71d896c944c102d784793dcf4bc935190118c,True,19f00d9538053ed76fc0debd88d00af85bf2b007c0b2d04c43b2110b71bb98c1,True,mapped
plan:208b56c1bc8697b6d5bcf33c8f9a0a575c892a71b224656daca92cd7ca6d6791,A5E38/89E9E,CIRCLE,0,,graphic_only,0,{},not_delivered_not_automatically_missing,6e6968b842801d587ecd13124fd14b216b3d08cb974aac32274d3ed12ed83d86,True,a8a031f7194ad4eaba43f51dcde4252e7be58772d38c4d99f9fc015e728f0230,True,mapped
plan:209826c5213bf16a56ab76699a95d4ace3c0780653c0f84e4cc2faaeb02c9cae,A5AF7/89DF2,TEXT,0,NP7,annotation,0,{},not_delivered_not_automatically_missing,8fd348c85e664bf0238302268288d8081b842053849bb9874852fe762c08515c,True,122d9e5b13371416a52b99908daefdfea6624a36129997321162899af051e6f5,True,mapped
plan:20b09b282c7e5bfa7246c16303621c25d8bd1ad9fc449068bb88472dc9a6f936,A5CE8/89DF6,LWPOLYLINE,0,,graphic_only,0,{},not_delivered_not_automatically_missing,24db7c44b695eabf7406ccaa12c94193a8fbd766c0985a29184b660f99328abc,True,17409cb7925c9f3f4a23c3073f85ad4a8d59df335d07607af41b86e6d4a2401c,True,mapped
plan:20d5b51bfd2b26e81ff5d5bcc7ff84e4c98d03915202bb2956ead243519630be,A5E38/89EA4,TEXT,0,FM,annotation,0,{},not_delivered_not_automatically_missing,84cd4565ae59b7527143b7c911b02549dd07cb00c176006f9d3a205ae0c73dfd,True,a8a031f7194ad4eaba43f51dcde4252e7be58772d38c4d99f9fc015e728f0230,True,mapped
plan:20d92be70e17054dd4b9b011fb8afe2b1744ca325fef505f6f9ae6ddee5312b1,A5B21/89EA1,LWPOLYLINE,0,,graphic_only,0,{},not_delivered_not_automatically_missing,af98f580656f168c6af8fa98aad5d6d6f1936f796720feee9b2db3fdcca84e68,True,8697ac925f118607d32e3de2d83ff8aa83a89bf78e7748e087464c5d2405a9c1,True,mapped
plan:20e11eacbcb47d8ed4c2612d6e197a5d65ca4a898a8e32d848d49e5785d9bb8b,A5A64/89DF2,TEXT,0,NP7,annotation,0,{},not_delivered_not_automatically_missing,8fd348c85e664bf0238302268288d8081b842053849bb9874852fe762c08515c,True,7e84e1f0e7d895f8b2f5b6d23295bbd13f6404d5eccac011ee7af5fca9a489cb,True,mapped
plan:20e89d455bd964717e16583e56fb4f2b7cbde764c1cb8de37727af11a07f3491,A5B21/89E9F,TEXT,0,NP7,annotation,0,{},not_delivered_not_automatically_missing,dfb3c771ddec8dc0d8ea98a7f4f2d79eacbff89e598155c4f0633fd52abfa72b,True,8697ac925f118607d32e3de2d83ff8aa83a89bf78e7748e087464c5d2405a9c1,True,mapped
plan:214c3435c97b1b26713531d7c050626c53f2a42c4c4881755a2cfe1f6d03ae54,A5CF6/89DF2,TEXT,0,NP7,annotation,0,{},not_delivered_not_automatically_missing,8fd348c85e664bf0238302268288d8081b842053849bb9874852fe762c08515c,True,ee77742fd96ae4dc491b3f6c5b4936ba60084051629101ea03eca9823fa5da21,True,mapped
plan:217926aecee675fbc1067c56fc9013f2705890eeef9dd0c1c72d5b479feb85d7,A5E4D/89EA2,TEXT,0,"2,5'",annotation,0,{},not_delivered_not_automatically_missing,5351dd1f3952c803ade0be5316567c5297ddab3fd05499d075493a123a052cdd,True,590c47c27ce15d3695cf1c3a912bb6b2dfd72d742163b3e9186b3a23cbc2d31c,True,mapped
plan:219991c238efac7e4610df704dcbb2dc1543fd5f8171b00a1b2689a0fe74afb7,A5E15/89E9D,TEXT,0,NP7,annotation,0,{},not_delivered_not_automatically_missing,96ef904187a815eb69ad0ae695e56cbfbcd8601d3716b5564191327f7e36b795,True,89f28961f8efdde75e2c2e3e61f4b90925fb02d051ad424808fe4f5633fd5423,True,mapped
plan:21a2638b4257d5252ceec29c93d4d84b0e3793b9b34964d0b193a5625b24eda2,A5D20/89DF3,CIRCLE,0,,graphic_only,0,{},not_delivered_not_automatically_missing,0f841fb46c888265d5f317b35c0e65a398fc094d3b55379f46203e974d846b9c,True,6e24fbfc7cc9485411bd452079076b52b42aa48dcb6760dacb3dfd1d134d1773,True,mapped
plan:21fd1eefefa47380b4e4edc1e4787bc4afd127b5aa93e4dfd6801666419ca713,A5CEF/89DF2,TEXT,0,NP7,annotation,0,{},not_delivered_not_automatically_missing,8fd348c85e664bf0238302268288d8081b842053849bb9874852fe762c08515c,True,3aead4bb20a9d55990e7e88d6b629548de7a76136bc910c3e3d5e79afd9dbc2f,True,mapped
plan:2279b730933f831cb1dd5c16fc42828b246675ab32c54babacadc6171763a33b,A5AD4/89DF9,TEXT,0,FM,annotation,0,{},not_delivered_not_automatically_missing,d4dbe6279c492e7ab45572c017ea2a6c93d86921c098f8652af97c91f5551e5b,True,3dfb376040a9a688902763fa1bd98e1300725c942545299887b73e7470654966,True,mapped
plan:22afeaa1d2b3ac600a4582f06dd18713b3053267c721d9ebb41806a44cd788a8,A5ACD/89DF3,CIRCLE,0,,graphic_only,0,{},not_delivered_not_automatically_missing,0f841fb46c888265d5f317b35c0e65a398fc094d3b55379f46203e974d846b9c,True,3d81e2dc5ca214f6ba3022815d2e6e4ae7f299d651da66fba358fc701fc3b37a,True,mapped
plan:22e6a9a2c41522149a128c9ddfa8dc0df3d10c5274be1d6b582147077f409b32,A5AF7/89DF4,TEXT,0,NP7,annotation,0,{},not_delivered_not_automatically_missing,e29c9fd12b489e5651d34ee654c71d896c944c102d784793dcf4bc935190118c,True,122d9e5b13371416a52b99908daefdfea6624a36129997321162899af051e6f5,True,mapped
plan:235431707bae34815e4a3a6189e7c907861999418456cf8dee3041acd4349165,A5D3C/89DF3,CIRCLE,0,,graphic_only,0,{},not_delivered_not_automatically_missing,0f841fb46c888265d5f317b35c0e65a398fc094d3b55379f46203e974d846b9c,True,0cb6ecd09734702bb051a2ed4b5f0ea8d7e86579a5841caef95d6224bdb1a0f7,True,mapped
plan:238415efd59cf60c3d79e5bda3f66c49010a1cfc415c933e59e16f0bdef7916d,A5D58/89DF7,TEXT,0,4',annotation,0,{},not_delivered_not_automatically_missing,1d2bcf84b7283e99e5dd9dee72d4f175cb03739c55e9e32bf39de8975e592934,True,73e0360e33cf4cdae20b10614d552dfe8c13a3ad17c583a630b453b90cb8241e,True,mapped
plan:238bc32431a6800c2d5f4a2418a8401f1ae782a583fcbad4d0985503a89f8cd4,A5E77/89EA2,TEXT,0,"2,5'",annotation,0,{},not_delivered_not_automatically_missing,5351dd1f3952c803ade0be5316567c5297ddab3fd05499d075493a123a052cdd,True,0bd3abf6a91155510dbebdb0353f4976967d14120fec70e52a5883395b16c390,True,mapped
plan:23e0f44e8b9246afd7ad374459ccda71e7e27ed5f7f6116e3d543cbce9feec68,A5DAC/89DF9,TEXT,0,FM,annotation,0,{},not_delivered_not_automatically_missing,d4dbe6279c492e7ab45572c017ea2a6c93d86921c098f8652af97c91f5551e5b,True,d6ab4d6bf4351bf11a44a27bdd68879101ee3c78c140ecbebe137820cf13dc0c,True,mapped
plan:23f4bbeb3727ee3efc6fd21ef55c3989a2e2f6defc9a6fa0d7d62e4b4b79101e,A5E3F/89E9F,TEXT,0,NP7,annotation,0,{},not_delivered_not_automatically_missing,dfb3c771ddec8dc0d8ea98a7f4f2d79eacbff89e598155c4f0633fd52abfa72b,True,48cf157a9da4d8256b8190792788b10d19035b02ca68d86ddf88918dae0dcff7,True,mapped
plan:240054f38485b91fe15908d48a5039b9cfd875c802d2644da39bce2fc7b11edd,A5D51/89DF7,TEXT,0,4',annotation,0,{},not_delivered_not_automatically_missing,1d2bcf84b7283e99e5dd9dee72d4f175cb03739c55e9e32bf39de8975e592934,True,8dfd19d97e4ebcdecc0bacdf0ea5a05d073e415fe5ccba8635b500b67a9c85c6,True,mapped
plan:2453ae9cf48f4e3654b338689449cf0cb0d065d109ffc098fcafe40b4d8c7647,A5CEF/89DF7,TEXT,0,4',annotation,0,{},not_delivered_not_automatically_missing,1d2bcf84b7283e99e5dd9dee72d4f175cb03739c55e9e32bf39de8975e592934,True,3aead4bb20a9d55990e7e88d6b629548de7a76136bc910c3e3d5e79afd9dbc2f,True,mapped
plan:24734fa528deb7706a92278a412d56d6b68cdd4c83729e92914f8ce8cc4c23ea,A5AC6/89DF3,CIRCLE,0,,graphic_only,0,{},not_delivered_not_automatically_missing,0f841fb46c888265d5f317b35c0e65a398fc094d3b55379f46203e974d846b9c,True,3cb91e46a2775035f42573a5a96d5fb621a71f7ce825754dee30374ef1e492c7,True,mapped
plan:24b5eb0ebede73291b3ac0fadc5b0f686d40a9c66f4b034b974ed483cd23f68c,A5A41/89DC1,TEXT,0,4',annotation,0,{},not_delivered_not_automatically_missing,149a333f5971cf1f6c766bf110555f68867e8a4f3d9b8fc70e8f060f3224f7e3,True,3baf344f70e722413c7d28508dd96d58501f696cdc2d62e5351ba9777b9e942a,True,mapped
plan:24e267ed64a1edaf50704a8d79d590546e3a859d8957812d0caf1e2eaa03da08,A5A25/89DBD,CIRCLE,0,,graphic_only,0,{},not_delivered_not_automatically_missing,83bc1027327d153e86fad48787a35c0d80498701d694b98bfe9cfd52a019f141,True,0e5d1b5d017edc6e34d1487662756b954584a4be46a4fbd0a578da402061ef64,True,mapped
plan:24eae188912a4a0e6723e08dd9d2143d149a1d1e1673155fa0ceb45653369c4e,A5D89/89DF4,TEXT,0,NP7,annotation,0,{},not_delivered_not_automatically_missing,e29c9fd12b489e5651d34ee654c71d896c944c102d784793dcf4bc935190118c,True,39800b1f41fa13fc95ff51552e287071d1d57a81f4a87e061abd4f47c7151313,True,mapped
plan:25878e95ff7ca2476e71bee01a40ec880dd33204d8f74c86ff5dc58aabc431ac,A5DE4/89DF8,TEXT,0,3',annotation,0,{},not_delivered_not_automatically_missing,810f3d1791a8a0352cbc1d17d9b18899b82b7394a8de593be6f9abbf32667d2e,True,362384588c64c0d1941ad9fda85fa7a960ad6cfab96da07a6bea3fa5c10dc074,True,mapped
plan:26759154fcb24e115685a94113db1bbbd54fe585232f2ce94064c04dfd131b81,A5D27/89DF2,TEXT,0,NP7,annotation,0,{},not_delivered_not_automatically_missing,8fd348c85e664bf0238302268288d8081b842053849bb9874852fe762c08515c,True,412894113a70575951265870ac92d5d178bca790472764c8d2a0dc303363e29a,True,mapped
plan:26efce2857aeddb5dd8ba4fb381029291d6c3b55020ff26439fcc02fe8dc3a7d,A5D12/89DF2,TEXT,0,NP7,annotation,0,{},not_delivered_not_automatically_missing,8fd348c85e664bf0238302268288d8081b842053849bb9874852fe762c08515c,True,dbfe4f0ee26693287fb239c88b8caa502a4239c4eb6859826379c9809e753e43,True,mapped
plan:27060c96bc7e3611bdd7b4f83cb8878492cfa1d05b107c38ad3247c7d93a882a,A5ADB/89DF5,LWPOLYLINE,0,,graphic_only,0,{},not_delivered_not_automatically_missing,53ae0701ffa2e4c8de844f3c64ccc8daf8296554f3ca1846db6e97df3cc8be86,True,4bbfeaae9ec33e04865b2281875c1913061f22db371e2a2d29604b452aaa1352,True,mapped
plan:273fe33da57beb3e19803fead8b928550dde7da5cccb28f1ca5f66fe24a3ad57,A5AE9/89DF6,LWPOLYLINE,0,,graphic_only,0,{},not_delivered_not_automatically_missing,24db7c44b695eabf7406ccaa12c94193a8fbd766c0985a29184b660f99328abc,True,828205d0d82b080b70a1c7d98688c11a9a4c3a590948ec8be673c4113182719e,True,mapped
plan:27ac723c978d02bdfefa2d5273559295c941c3dfb11f8fb9cc78be97964f8448,A5E69/89EA2,TEXT,0,"2,5'",annotation,0,{},not_delivered_not_automatically_missing,5351dd1f3952c803ade0be5316567c5297ddab3fd05499d075493a123a052cdd,True,5d6498690debecf2a82c4b529b6764fd2b2e3543007f15c0b5285b06913d8323,True,mapped
plan:27d5a6b872e07764d99fee1a225f92a32ce0fe62784deca3e77f2e5953e3de2e,A5E38/89EA3,TEXT,0,3',annotation,0,{},not_delivered_not_automatically_missing,7ce3e88b71d3883dfe85478588f63dafdb56fb8fd95626d4b5a5396a0b91118f,True,a8a031f7194ad4eaba43f51dcde4252e7be58772d38c4d99f9fc015e728f0230,True,mapped
plan:2816e1eba6e74e36b6bfbbb2cd34431793131cb6c274362b0e3b258872005c40,A5CFD/89DF4,TEXT,0,NP7,annotation,0,{},not_delivered_not_automatically_missing,e29c9fd12b489e5651d34ee654c71d896c944c102d784793dcf4bc935190118c,True,f1053e9cbc5a91bbfc34735f4a7d8d8a58e0380d2c9747c9bba4441532bc4b7d,True,mapped
plan:2855516eaa01ed3f02f51ab0fb943de3760a2c2fd6bfb6571152918d7e8ac26e,A5CB0/89DF3,CIRCLE,0,,graphic_only,0,{},not_delivered_not_automatically_missing,0f841fb46c888265d5f317b35c0e65a398fc094d3b55379f46203e974d846b9c,True,0b0f720d3ab9447285bfd7ca77c33935357e313397e5a7e4f7b1d5fbec92fa8f,True,mapped
plan:28c3b2604c25adb7dd2efe1cc52c61e704562f3a307d35cbb8a6645eb9c1a3ab,A5D12/89DF3,CIRCLE,0,,graphic_only,0,{},not_delivered_not_automatically_missing,0f841fb46c888265d5f317b35c0e65a398fc094d3b55379f46203e974d846b9c,True,dbfe4f0ee26693287fb239c88b8caa502a4239c4eb6859826379c9809e753e43,True,mapped
plan:293c8fb48d5c6dd5c23e29690a7b578dde0920c24f6f956854885127cb404a1a,A5CB7/89DF4,TEXT,0,NP7,annotation,0,{},not_delivered_not_automatically_missing,e29c9fd12b489e5651d34ee654c71d896c944c102d784793dcf4bc935190118c,True,dc8e956173c10e660f9cdbd982059db74f9b1addb745ce58e37bd79ad7354ef0,True,mapped
plan:2956a389912a7354d5583388093d0882203779fb46c93948dcca55dd849c155d,A5A56/89DF7,TEXT,0,4',annotation,0,{},not_delivered_not_automatically_missing,1d2bcf84b7283e99e5dd9dee72d4f175cb03739c55e9e32bf39de8975e592934,True,fb2a8ab0a56b860bad3f7cd8f686d48b383de9388cdfe890e65648e86b23ca2a,True,mapped
plan:297ea224bec936bea59d4fdb975da055348e8243d2aa85e24a6cf680b5042ac9,A5CD3/89DF2,TEXT,0,NP7,annotation,0,{},not_delivered_not_automatically_missing,8fd348c85e664bf0238302268288d8081b842053849bb9874852fe762c08515c,True,26df2912608f464cea8e65fb5a27dccf0a8a14ed54913c5ec4105e20ec2cf273,True,mapped
plan:2a913b1aff8e13ee21351427129f4850ed24a4fdeb1b22489aabfbe3dc4030cf,A5D12/89DF5,LWPOLYLINE,0,,graphic_only,0,{},not_delivered_not_automatically_missing,53ae0701ffa2e4c8de844f3c64ccc8daf8296554f3ca1846db6e97df3cc8be86,True,dbfe4f0ee26693287fb239c88b8caa502a4239c4eb6859826379c9809e753e43,True,mapped
plan:2aafc9299b93ae806f30018af9dd25525fd75369de9b10497540032857f498d9,A5AFE/89DF5,LWPOLYLINE,0,,graphic_only,0,{},not_delivered_not_automatically_missing,53ae0701ffa2e4c8de844f3c64ccc8daf8296554f3ca1846db6e97df3cc8be86,True,2b5de1323566cb3a7a2cf7d8c62a635c01f4a4ef8895142435dbc576908e277e,True,mapped
plan:2b01cbc53ecfb358af4d0469e83d0b3db7d64dce8cc7fb00c355bc45364d4f10,A5A4F/89DF5,LWPOLYLINE,0,,graphic_only,0,{},not_delivered_not_automatically_missing,53ae0701ffa2e4c8de844f3c64ccc8daf8296554f3ca1846db6e97df3cc8be86,True,4d5cf07f3d3b39c0d4e2ed5a168aceb63b29171c6fe0a0d2dd31488a80f235ec,True,mapped
plan:2b5a409e35d01d426788e17698edea4fbf6393cf8c10de9b925777dd0d08175f,A5CFD/89DF7,TEXT,0,4',annotation,0,{},not_delivered_not_automatically_missing,1d2bcf84b7283e99e5dd9dee72d4f175cb03739c55e9e32bf39de8975e592934,True,f1053e9cbc5a91bbfc34735f4a7d8d8a58e0380d2c9747c9bba4441532bc4b7d,True,mapped
plan:2d187fb6a30b0097cdbd728b462df07dec358ce1690cddf470b7f9ff66bb1704,A5CC5/89DF7,TEXT,0,4',annotation,0,{},not_delivered_not_automatically_missing,1d2bcf84b7283e99e5dd9dee72d4f175cb03739c55e9e32bf39de8975e592934,True,51b760ffc3d5e6ecf0f75c8bd282d5e6c33a9048df752448e8d4d498087aa02a,True,mapped
plan:2dbf68672a2a27ebc82c0ae3f4036383dd42a75fc561cb8836759119da062fa3,A5A5D/89DF2,TEXT,0,NP7,annotation,0,{},not_delivered_not_automatically_missing,8fd348c85e664bf0238302268288d8081b842053849bb9874852fe762c08515c,True,d3d0603b4369fdd2a1ca890af7f17b25ae2a5f9c10e2c5d11df162d61da1c502,True,mapped
plan:2def03b90967de3b250bfd2e62113fd548316a8b6639a634eb472fa9b7d5c37d,A5D2E/89DF7,TEXT,0,4',annotation,0,{},not_delivered_not_automatically_missing,1d2bcf84b7283e99e5dd9dee72d4f175cb03739c55e9e32bf39de8975e592934,True,7e3294d6e9cf28cf92cf67041537895be3437710d7fd5863e88d80d59124535e,True,mapped
plan:2df32b83f20ae2775ec1645fdc5ee112fa7b3a668dc071bacb2287052a9adc50,A5A2C/89DBF,LWPOLYLINE,0,,graphic_only,0,{},not_delivered_not_automatically_missing,c07102c6de18cba8dda3b081df7031e14310b87fe90545ff09e1d52706168402,True,4057646e714a57f57232bfa16c80f709cf5649408eb4e62eee15f918706ee2fb,True,mapped
plan:2e075e25b5ef3a2f2eecd684895eaa9fe1aa6d75919667dbe2170740b0383e0b,A5A8E/89DF4,TEXT,0,NP7,annotation,0,{},not_delivered_not_automatically_missing,e29c9fd12b489e5651d34ee654c71d896c944c102d784793dcf4bc935190118c,True,fb4660fb4d0133b99919747abf041376664f3147bfc2b4dd56be90bd560b7701,True,mapped
plan:2e2b51511ec42ed06d0b402788572c4f33026e7eaf2fa2a20abee1904f9e173b,A5D6D/89DF8,TEXT,0,3',annotation,0,{},not_delivered_not_automatically_missing,810f3d1791a8a0352cbc1d17d9b18899b82b7394a8de593be6f9abbf32667d2e,True,721c66788d2c986db9b0deefef9106e7f935f4d6c6e98e4a08d2c88c7468eca8,True,mapped
plan:2e870c16d7e41953c9f9606c97b2c8b4e47be4223712e8fc442ab285c727d4a9,A5A64/89DF5,LWPOLYLINE,0,,graphic_only,0,{},not_delivered_not_automatically_missing,53ae0701ffa2e4c8de844f3c64ccc8daf8296554f3ca1846db6e97df3cc8be86,True,7e84e1f0e7d895f8b2f5b6d23295bbd13f6404d5eccac011ee7af5fca9a489cb,True,mapped
plan:2e94449604bd5c1a181cb061b21068722759baaa93e9ff00b1481110eb558bd3,A5ABF/89DF9,TEXT,0,FM,annotation,0,{},not_delivered_not_automatically_missing,d4dbe6279c492e7ab45572c017ea2a6c93d86921c098f8652af97c91f5551e5b,True,b2b1b65b277330821444b79ff598175309fc2fd49107519891ce308130f96189,True,mapped
plan:2ed01a8c3b7fd9726658ce84a763456a21db13e0cd566aed0be6bd98867f4107,A5D04/89DF5,LWPOLYLINE,0,,graphic_only,0,{},not_delivered_not_automatically_missing,53ae0701ffa2e4c8de844f3c64ccc8daf8296554f3ca1846db6e97df3cc8be86,True,1aa573e45573fa8166f7c4d597074caff753f0b91f6b2581795756aa8d24b4ee,True,mapped
plan:2eef4a80d064e9c05dc4da7ab5c21bd7daee3ccb8cd3cf0f42244b8cc86fec39,A5A3A/89DC1,TEXT,0,4',annotation,0,{},not_delivered_not_automatically_missing,149a333f5971cf1f6c766bf110555f68867e8a4f3d9b8fc70e8f060f3224f7e3,True,87f6d06ab068fceeebc9e9661b964bdf41ee7414064800e451a460f2788a25ae,True,mapped
plan:2ef0e7fa62b376e8e3616bb2a379891f82e8d4e6e424e08dcb57f76cd2e2abac,A5D58/89DF3,CIRCLE,0,,graphic_only,0,{},not_delivered_not_automatically_missing,0f841fb46c888265d5f317b35c0e65a398fc094d3b55379f46203e974d846b9c,True,73e0360e33cf4cdae20b10614d552dfe8c13a3ad17c583a630b453b90cb8241e,True,mapped
plan:2efe1dc72fb7df61e51a8afd9c91c0f6f2445140ffcc3a4ae1820f2a22321313,A5A5D/89DF6,LWPOLYLINE,0,,graphic_only,0,{},not_delivered_not_automatically_missing,24db7c44b695eabf7406ccaa12c94193a8fbd766c0985a29184b660f99328abc,True,d3d0603b4369fdd2a1ca890af7f17b25ae2a5f9c10e2c5d11df162d61da1c502,True,mapped
plan:2fc4cf6c8751875651a86b3dedf712a30b9ce4d156ab08dc6faf69d1eef0eee5,A5E00/89EA0,LWPOLYLINE,0,,graphic_only,0,{},not_delivered_not_automatically_missing,722179b311dea719d26c64eb9287cf206ffc89352caf98b23d03562d3617e3a0,True,ecb82c10c3e6696a17c51df090818108c65122724ae664f25b12e9588adbbf3e,True,mapped
plan:302249aed6c8e7f30d5037e8df8a001d45a5100311ddd62c11ecdc1bfa765d9b,A5AFE/89DF6,LWPOLYLINE,0,,graphic_only,0,{},not_delivered_not_automatically_missing,24db7c44b695eabf7406ccaa12c94193a8fbd766c0985a29184b660f99328abc,True,2b5de1323566cb3a7a2cf7d8c62a635c01f4a4ef8895142435dbc576908e277e,True,mapped
plan:309eaf3613b330c4f17eb45aea270fbca36129897bdd6783b1243bb5f5047b69,A5CBE/89DF9,TEXT,0,FM,annotation,0,{},not_delivered_not_automatically_missing,d4dbe6279c492e7ab45572c017ea2a6c93d86921c098f8652af97c91f5551e5b,True,1290c24ba215560e8b66f12ab48cca3b44bc513c42da5ea067dc3adf54f8ed05,True,mapped
plan:313ee46c4f17f0957d7fa92d5becd8979645da9f46239a9df4ae592cf3588c47,A5CB0/89DF9,TEXT,0,FM,annotation,0,{},not_delivered_not_automatically_missing,d4dbe6279c492e7ab45572c017ea2a6c93d86921c098f8652af97c91f5551e5b,True,0b0f720d3ab9447285bfd7ca77c33935357e313397e5a7e4f7b1d5fbec92fa8f,True,mapped
plan:3152ef890f1609de8951efb10c0771961f562b268540074bd5f5a45194cf72fa,A5A95/89DF4,TEXT,0,NP7,annotation,0,{},not_delivered_not_automatically_missing,e29c9fd12b489e5651d34ee654c71d896c944c102d784793dcf4bc935190118c,True,5fb39fe05d37755fa3e2b3a89cfbb6a8f7620720dffae291f06a670f21798188,True,mapped
plan:31af15cd486ddb947b49282810b9224e2a90fa2b06b283fb425dedc8471e6df0,A5E7E/89EA0,LWPOLYLINE,0,,graphic_only,0,{},not_delivered_not_automatically_missing,722179b311dea719d26c64eb9287cf206ffc89352caf98b23d03562d3617e3a0,True,e0f132cc7831cbecc1d4649cce35d00120ce1bf3a02e1a611bc52363de952f6e,True,mapped
plan:31b9aedd20f297876413dc517f96966a25ba8df691ec752ae6935e5a994b8a9c,A5CA2/89DF4,TEXT,0,NP7,annotation,0,{},not_delivered_not_automatically_missing,e29c9fd12b489e5651d34ee654c71d896c944c102d784793dcf4bc935190118c,True,748741972987965ae27001612fe82d6a83a019e12fc539c73206c0a9d1e0b75b,True,mapped
plan:32651bf1c35fe935a2c7d757af322390a3278c8088cebf52a4588884e01cb818,A5D35/89DF3,CIRCLE,0,,graphic_only,0,{},not_delivered_not_automatically_missing,0f841fb46c888265d5f317b35c0e65a398fc094d3b55379f46203e974d846b9c,True,e85cbc674486b1d6431a540b8a15f21cbbb066b89a27e7c61bb3d044bb4ea1b1,True,mapped
plan:3293520f4420dbf44827debb20d654d224cbeb0c6f7864630e56d34b39913bfe,A5E7E/89EA4,TEXT,0,FM,annotation,0,{},not_delivered_not_automatically_missing,84cd4565ae59b7527143b7c911b02549dd07cb00c176006f9d3a205ae0c73dfd,True,e0f132cc7831cbecc1d4649cce35d00120ce1bf3a02e1a611bc52363de952f6e,True,mapped
plan:32fc458335ba58379bbca5bc2716cd1421d6e64554b5797a0872ec5bd958939b,A5A80/89DF8,TEXT,0,3',annotation,0,{},not_delivered_not_automatically_missing,810f3d1791a8a0352cbc1d17d9b18899b82b7394a8de593be6f9abbf32667d2e,True,ac567fa74b666bfd0cd16baed5392017af9c1219b1f7cb91b7db7f91a7759fcf,True,mapped
plan:334a7081c46189ae4f551d297435ff0db4e8fef60141d1682937ba90adaec782,A5CDA/89DF3,CIRCLE,0,,graphic_only,0,{},not_delivered_not_automatically_missing,0f841fb46c888265d5f317b35c0e65a398fc094d3b55379f46203e974d846b9c,True,ce0f6ba5aca29fb894533d9c9c9496116e741cf027fa0d9716276305fbb0040b,True,mapped
plan:3388c210b64ea44a739f4dc96ad2784f467654ad4cb7db8f2ff4c16607c569b1,A5A8E/89DF9,TEXT,0,FM,annotation,0,{},not_delivered_not_automatically_missing,d4dbe6279c492e7ab45572c017ea2a6c93d86921c098f8652af97c91f5551e5b,True,fb4660fb4d0133b99919747abf041376664f3147bfc2b4dd56be90bd560b7701,True,mapped
plan:338be3514ac58de92536d4578cf4170d35576ba506056f0043cff8a8ccc761d3,A5D27/89DF9,TEXT,0,FM,annotation,0,{},not_delivered_not_automatically_missing,d4dbe6279c492e7ab45572c017ea2a6c93d86921c098f8652af97c91f5551e5b,True,412894113a70575951265870ac92d5d178bca790472764c8d2a0dc303363e29a,True,mapped
plan:33a94b7eda9ea1f6e3bc7579e1bd7998d6102a151e9e5910ff72d8629579e172,A5E69/89EA4,TEXT,0,FM,annotation,0,{},not_delivered_not_automatically_missing,84cd4565ae59b7527143b7c911b02549dd07cb00c176006f9d3a205ae0c73dfd,True,5d6498690debecf2a82c4b529b6764fd2b2e3543007f15c0b5285b06913d8323,True,mapped
plan:34245391c1fc3ab6407ca267ecc831251412295f55b6347192280a3cbb93deff,A5A56/89DF4,TEXT,0,NP7,annotation,0,{},not_delivered_not_automatically_missing,e29c9fd12b489e5651d34ee654c71d896c944c102d784793dcf4bc935190118c,True,fb2a8ab0a56b860bad3f7cd8f686d48b383de9388cdfe890e65648e86b23ca2a,True,mapped
plan:34483c6abc0167498f8dfce864b3a3ed792da65a3500a428ff0b9906b81fbd1b,A5A56/89DF3,CIRCLE,0,,graphic_only,0,{},not_delivered_not_automatically_missing,0f841fb46c888265d5f317b35c0e65a398fc094d3b55379f46203e974d846b9c,True,fb2a8ab0a56b860bad3f7cd8f686d48b383de9388cdfe890e65648e86b23ca2a,True,mapped
plan:34602b5052f00ad898f675f4148b914a1a1eaca33aa67518a5f022eacdd4e9c0,A5D5F/89DF3,CIRCLE,0,,graphic_only,0,{},not_delivered_not_automatically_missing,0f841fb46c888265d5f317b35c0e65a398fc094d3b55379f46203e974d846b9c,True,1a63e34a10f2f36acb0c9e7e0239ea92ec1a2b24c8bf76492a9c9897ea6ea2b9,True,mapped
plan:34a8d719d0dbbebb7a50580cedb236b9c269917565bcd779b2b29fb346888679,A5A33/89DBD,CIRCLE,0,,graphic_only,0,{},not_delivered_not_automatically_missing,83bc1027327d153e86fad48787a35c0d80498701d694b98bfe9cfd52a019f141,True,c15611cf9a1c8167e9a00028c24643f9070bd1cb7049035f3456e5b487f7a047,True,mapped
plan:34cb9a146cf02dcd8977df2209e4fbc2d0093cac76ca3aa8a36b0a71f440e93b,A5E5B/89EA1,LWPOLYLINE,0,,graphic_only,0,{},not_delivered_not_automatically_missing,af98f580656f168c6af8fa98aad5d6d6f1936f796720feee9b2db3fdcca84e68,True,d08897ab9fe380a5c18a3f45f85efd0f7bde479725f0820ae4a0a384c0ca70da,True,mapped
plan:34ce06400d9ba815154b971255ee559991c6b503141fb7ca2656fbf1d6e1037f,A5E54/89EA0,LWPOLYLINE,0,,graphic_only,0,{},not_delivered_not_automatically_missing,722179b311dea719d26c64eb9287cf206ffc89352caf98b23d03562d3617e3a0,True,f5d9f9886c2d46ec190132d64655db3b1b5699a8c123d006c1fcdf8a1f52c5a8,True,mapped
plan:35acfaea88e0d9a3b34ffa62127a5f237119afe19c1d7443df2f10d588a760e7,A5D74/89DF6,LWPOLYLINE,0,,graphic_only,0,{},not_delivered_not_automatically_missing,24db7c44b695eabf7406ccaa12c94193a8fbd766c0985a29184b660f99328abc,True,14a88b1d659ba367dc172a71a56f5dcab9781430868a6e7db1c982af8b5a0d78,True,mapped
plan:36f16a48a09970ea5bd1cd111819d0083d9dacbd603bd9a58a9dddacc8b5c833,A5D82/89DF3,CIRCLE,0,,graphic_only,0,{},not_delivered_not_automatically_missing,0f841fb46c888265d5f317b35c0e65a398fc094d3b55379f46203e974d846b9c,True,e259a2aaef74b3f603439d714eeca43afdfe41712cd714aeabc4b3c2652c4100,True,mapped
plan:37f8b84ad8a51cd08f457bded330754e6875d8eecea351c19340b318b9a564d9,A5DB3/89DF6,LWPOLYLINE,0,,graphic_only,0,{},not_delivered_not_automatically_missing,24db7c44b695eabf7406ccaa12c94193a8fbd766c0985a29184b660f99328abc,True,2d1405bc93a484192a94d2f7beb9878bba13bb3ea7ca1818d854439018f70033,True,mapped
plan:380e4faf0111d75bf81f6fbb3f4ddcbcc452e45044c980306a18d414e21e90bf,A5D7B/89DF3,CIRCLE,0,,graphic_only,0,{},not_delivered_not_automatically_missing,0f841fb46c888265d5f317b35c0e65a398fc094d3b55379f46203e974d846b9c,True,7d7d06f7ff1b989c268acf13e185c51ad9b80fb98277ec6dc62bbe7b910d0fbf,True,mapped
plan:381979473d6dbdcbd276237f6d68153b53b29ecca08963e7b0e0db8266cf0db1,A5AD4/89DF8,TEXT,0,3',annotation,0,{},not_delivered_not_automatically_missing,810f3d1791a8a0352cbc1d17d9b18899b82b7394a8de593be6f9abbf32667d2e,True,3dfb376040a9a688902763fa1bd98e1300725c942545299887b73e7470654966,True,mapped
plan:38916414b43e5abef06f454fa9335c38ab7723e44a02b2a39ecd4f2533f98c81,A5DD6/89DF3,CIRCLE,0,,graphic_only,0,{},not_delivered_not_automatically_missing,0f841fb46c888265d5f317b35c0e65a398fc094d3b55379f46203e974d846b9c,True,1ff5cedb61a78467d648061a54845142ed09fdb96466f802236325c75239fe11,True,mapped
plan:38b22bf760599045fe0fe5dde6200a6fa16d3d75d86f3692c25698a864d96592,A5D82/89DF8,TEXT,0,3',annotation,0,{},not_delivered_not_automatically_missing,810f3d1791a8a0352cbc1d17d9b18899b82b7394a8de593be6f9abbf32667d2e,True,e259a2aaef74b3f603439d714eeca43afdfe41712cd714aeabc4b3c2652c4100,True,mapped
plan:38e69734ef8be2973479c15aa513bd9b5f69e1dbbd0eabfac565dab389d94507,A5AE9/89DF9,TEXT,0,FM,annotation,0,{},not_delivered_not_automatically_missing,d4dbe6279c492e7ab45572c017ea2a6c93d86921c098f8652af97c91f5551e5b,True,828205d0d82b080b70a1c7d98688c11a9a4c3a590948ec8be673c4113182719e,True,mapped
plan:39036e55aa0f2e2a66f13cf4d8730da73ce733c507efb9a59a281ac38df29553,A5AFE/89DF8,TEXT,0,3',annotation,0,{},not_delivered_not_automatically_missing,810f3d1791a8a0352cbc1d17d9b18899b82b7394a8de593be6f9abbf32667d2e,True,2b5de1323566cb3a7a2cf7d8c62a635c01f4a4ef8895142435dbc576908e277e,True,mapped
plan:3940e1b9f18d783c480d72cb541d403d9520b16a3a03b13a2826a0129a1fd4bf,A5B13/89EA1,LWPOLYLINE,0,,graphic_only,0,{},not_delivered_not_automatically_missing,af98f580656f168c6af8fa98aad5d6d6f1936f796720feee9b2db3fdcca84e68,True,a2febb5342d5aad575847354697ecfcf9b42a8e17cddd708424378f41157f154,True,mapped
plan:3978cfd6ba5b8b0a00d44548c7c289cdc44dead64d89b81b5b477552b64c91c3,A5E98/89DBE,TEXT,0,NP7,annotation,0,{},not_delivered_not_automatically_missing,bfad6a98feeecd45121d497c39d4c9bbdad75dcbc2ff7cf1680e0fffa2787122,True,a9ba638c19fe59068d90dda66cf0ef50e5ba630b7f52fb21b3281628680e7a20,True,mapped
plan:3995948c9708f2f0b332c4ff0f80801182c5319635f718b23bae130b2482443f,A5DA5/89DF8,TEXT,0,3',annotation,0,{},not_delivered_not_automatically_missing,810f3d1791a8a0352cbc1d17d9b18899b82b7394a8de593be6f9abbf32667d2e,True,4d2bdd95f4cc7bee453ef50009e4a98af5fbef1b1fb4d97b36d994d6a0e70ba3,True,mapped
plan:3ab84aadc0503f193d3413a7d40e6d8d8118e1d6682907828985f58bf6082c82,A5D66/89DF7,TEXT,0,4',annotation,0,{},not_delivered_not_automatically_missing,1d2bcf84b7283e99e5dd9dee72d4f175cb03739c55e9e32bf39de8975e592934,True,29d6ffc6c5b8ca64d1ceee6878d0b5605f40d1f5aa792aa7d5efb8a19e52dac2,True,mapped
plan:3b153624e197b4cb94832eadbe1c9a58487cd479c1379b86160f1fe51dbd9864,A5AC6/89DF9,TEXT,0,FM,annotation,0,{},not_delivered_not_automatically_missing,d4dbe6279c492e7ab45572c017ea2a6c93d86921c098f8652af97c91f5551e5b,True,3cb91e46a2775035f42573a5a96d5fb621a71f7ce825754dee30374ef1e492c7,True,mapped
plan:3b4b3518a2c67d841923c788a04baf0cc334d7e882c1cf395558313757452ced,A5A80/89DF3,CIRCLE,0,,graphic_only,0,{},not_delivered_not_automatically_missing,0f841fb46c888265d5f317b35c0e65a398fc094d3b55379f46203e974d846b9c,True,ac567fa74b666bfd0cd16baed5392017af9c1219b1f7cb91b7db7f91a7759fcf,True,mapped
plan:3baa0d96137d631176d6056a72562f0c0e86b048e6517397e4ae39231da99583,A5DE4/89DF6,LWPOLYLINE,0,,graphic_only,0,{},not_delivered_not_automatically_missing,24db7c44b695eabf7406ccaa12c94193a8fbd766c0985a29184b660f99328abc,True,362384588c64c0d1941ad9fda85fa7a960ad6cfab96da07a6bea3fa5c10dc074,True,mapped
plan:3bb13b5968ca4e1bba3be64778d9afeca637b1703c4efb3b595b6cd25f05e526,A5E31/89EA3,TEXT,0,3',absent_from_canonical_evidence,0,{},expanded_instance_with_definition_and_parents_in_ledger,7ce3e88b71d3883dfe85478588f63dafdb56fb8fd95626d4b5a5396a0b91118f,True,9373f4b38531e6df065c77cf1e90182155f9377ece4d1182a239f6fbce5a8f6b,True,mapped
plan:3bc0bdf5f56d2a52f3896f2c8fffe5b10c182e0f9a02107fe6a5af0c443d7d0f,A5DF9/89EA4,TEXT,0,FM,annotation,0,{},not_delivered_not_automatically_missing,84cd4565ae59b7527143b7c911b02549dd07cb00c176006f9d3a205ae0c73dfd,True,ebdcc247042227c71b49488bf005e51b4f8ed85a6eb665f6be48ebc26682eedb,True,mapped
plan:3bcfbe4244cdad5e9e2ad7582ef5828be4cce215d80692149d020eb38b9e67cd,A5E4D/89E9E,CIRCLE,0,,graphic_only,0,{},not_delivered_not_automatically_missing,6e6968b842801d587ecd13124fd14b216b3d08cb974aac32274d3ed12ed83d86,True,590c47c27ce15d3695cf1c3a912bb6b2dfd72d742163b3e9186b3a23cbc2d31c,True,mapped
plan:3bd2266814bc15c589d414b72c4ce13194be90673f4f1f5ce34a90523ea7d1bb,A5E69/89EA0,LWPOLYLINE,0,,graphic_only,0,{},not_delivered_not_automatically_missing,722179b311dea719d26c64eb9287cf206ffc89352caf98b23d03562d3617e3a0,True,5d6498690debecf2a82c4b529b6764fd2b2e3543007f15c0b5285b06913d8323,True,mapped
plan:3c712f5a069814f379f07511b4fcdfc23ebbde3d5f5c57c99f969f0daf180cb9,A5E1C/89EA4,TEXT,0,FM,annotation,0,{},not_delivered_not_automatically_missing,84cd4565ae59b7527143b7c911b02549dd07cb00c176006f9d3a205ae0c73dfd,True,e3d4e2117dcf8971640bf1c846df0c3533f53ceac7a9da5c8f85fcdf4059d5de,True,mapped
plan:3cbc52a9c6d771eb066eac56ae1b8c0cbc2bdc6a8f533c7b694309fe1fe7f454,A5E4D/89EA0,LWPOLYLINE,0,,graphic_only,0,{},not_delivered_not_automatically_missing,722179b311dea719d26c64eb9287cf206ffc89352caf98b23d03562d3617e3a0,True,590c47c27ce15d3695cf1c3a912bb6b2dfd72d742163b3e9186b3a23cbc2d31c,True,mapped
plan:3ce9b4cb150a4a82aad0a44625a94a1f49f780c3f0382184099f2472240b9192,A5CA2/89DF8,TEXT,0,3',annotation,0,{},not_delivered_not_automatically_missing,810f3d1791a8a0352cbc1d17d9b18899b82b7394a8de593be6f9abbf32667d2e,True,748741972987965ae27001612fe82d6a83a019e12fc539c73206c0a9d1e0b75b,True,mapped
plan:3d1e46a77aff24016be61e20474bbac9a16c3530b6460c401b82faad9cecbcaa,A5D6D/89DF2,TEXT,0,NP7,annotation,0,{},not_delivered_not_automatically_missing,8fd348c85e664bf0238302268288d8081b842053849bb9874852fe762c08515c,True,721c66788d2c986db9b0deefef9106e7f935f4d6c6e98e4a08d2c88c7468eca8,True,mapped
plan:3d29374408c0d20b8cb9655df1ad319414f6fe21c2852dc08685df2c746b157c,A5D89/89DF2,TEXT,0,NP7,annotation,0,{},not_delivered_not_automatically_missing,8fd348c85e664bf0238302268288d8081b842053849bb9874852fe762c08515c,True,39800b1f41fa13fc95ff51552e287071d1d57a81f4a87e061abd4f47c7151313,True,mapped
plan:3d40ebb3aa3fa79ef79680a99fd2cddb66a6c441271554685153049adf0bef85,A5D97/89DF3,CIRCLE,0,,graphic_only,0,{},not_delivered_not_automatically_missing,0f841fb46c888265d5f317b35c0e65a398fc094d3b55379f46203e974d846b9c,True,0822f926087e07908a409a1c446249e54651ef9028ee33667186a2dc3ae03bd4,True,mapped
plan:3da11d7f20a1c7bb2c791b2cd841bb0003573bb2df70d0e542caeaa7455d8e66,A5D82/89DF4,TEXT,0,NP7,annotation,0,{},not_delivered_not_automatically_missing,e29c9fd12b489e5651d34ee654c71d896c944c102d784793dcf4bc935190118c,True,e259a2aaef74b3f603439d714eeca43afdfe41712cd714aeabc4b3c2652c4100,True,mapped
plan:3dad93471e2b2994516625f38cd1db24e99030d9387231c650b6e50959e699ac,A5E69/89E9F,TEXT,0,NP7,annotation,0,{},not_delivered_not_automatically_missing,dfb3c771ddec8dc0d8ea98a7f4f2d79eacbff89e598155c4f0633fd52abfa72b,True,5d6498690debecf2a82c4b529b6764fd2b2e3543007f15c0b5285b06913d8323,True,mapped
plan:3e3976975f0499909d398cd48ca6155e206d8810f547231188484839480efcb8,A5E46/89EA1,LWPOLYLINE,0,,graphic_only,0,{},not_delivered_not_automatically_missing,af98f580656f168c6af8fa98aad5d6d6f1936f796720feee9b2db3fdcca84e68,True,67e8d3062747f76bb709aa94d75142c9896b6930ec9228bc9823a71f346940eb,True,mapped
plan:3e401311f8b3f4043169624aa072701789f8ee6bd98b8febeb1cc0320574a033,A5D43/89DF5,LWPOLYLINE,0,,graphic_only,0,{},not_delivered_not_automatically_missing,53ae0701ffa2e4c8de844f3c64ccc8daf8296554f3ca1846db6e97df3cc8be86,True,e28013158a11bdcfeaa5668a006fdb68b696a05469ca7af943ab486e37ad56ac,True,mapped
plan:3e44faeb02b59995e97503dcb4ddfc032e95620b7e50f30cc48085fc3f29f85f,A5E46/89EA4,TEXT,0,FM,annotation,0,{},not_delivered_not_automatically_missing,84cd4565ae59b7527143b7c911b02549dd07cb00c176006f9d3a205ae0c73dfd,True,67e8d3062747f76bb709aa94d75142c9896b6930ec9228bc9823a71f346940eb,True,mapped
plan:3e9224acd8c1742de74158238b01deefa48687a355ab7c2c5330faf25827db5a,A5C9B/89DF3,CIRCLE,0,,graphic_only,0,{},not_delivered_not_automatically_missing,0f841fb46c888265d5f317b35c0e65a398fc094d3b55379f46203e974d846b9c,True,8f6bf5f4f99438277f8778c4cf29872ea8f0eddac9d0feef42fdec5f0a43ab59,True,mapped
plan:3f242e6e9462eab0058df60bd62966b584900aab2799a67cbd5bdf86dfe29fc0,A5CB7/89DF3,CIRCLE,0,,graphic_only,0,{},not_delivered_not_automatically_missing,0f841fb46c888265d5f317b35c0e65a398fc094d3b55379f46203e974d846b9c,True,dc8e956173c10e660f9cdbd982059db74f9b1addb745ce58e37bd79ad7354ef0,True,mapped
plan:40408588b6e8a6c233e683f03d2f3ec55b82613465e019429e30884a35c2b906,A5E77/89EA3,TEXT,0,3',annotation,0,{},not_delivered_not_automatically_missing,7ce3e88b71d3883dfe85478588f63dafdb56fb8fd95626d4b5a5396a0b91118f,True,0bd3abf6a91155510dbebdb0353f4976967d14120fec70e52a5883395b16c390,True,mapped
plan:40488dd4f7bd8a2c99f4e0ce2a235bb28e2883bdfce64ca914a56ac3dc5ca34c,A5E31/89EA2,TEXT,0,"2,5'",absent_from_canonical_evidence,0,{},expanded_instance_with_definition_and_parents_in_ledger,5351dd1f3952c803ade0be5316567c5297ddab3fd05499d075493a123a052cdd,True,9373f4b38531e6df065c77cf1e90182155f9377ece4d1182a239f6fbce5a8f6b,True,mapped
plan:41a516c968a8fb5f248328b19e88e9bb203018a8d966198129d37ab273842df0,A5CA9/89DF4,TEXT,0,NP7,annotation,0,{},not_delivered_not_automatically_missing,e29c9fd12b489e5651d34ee654c71d896c944c102d784793dcf4bc935190118c,True,663b9c9805dde228515562477c0e3e9ff42d3111d7887c67481d8a998c479345,True,mapped
plan:4267fd6ac9029a82fa0da993d1997ae5d82fed83f8d57d892feb8b98d9df6702,A5E1C/89E9D,TEXT,0,NP7,annotation,0,{},not_delivered_not_automatically_missing,96ef904187a815eb69ad0ae695e56cbfbcd8601d3716b5564191327f7e36b795,True,e3d4e2117dcf8971640bf1c846df0c3533f53ceac7a9da5c8f85fcdf4059d5de,True,mapped
plan:42c14a9db04bd7178ae43206004fd63b9eed41f9fce77b2d2965ce3edc5b71fb,A5D51/89DF5,LWPOLYLINE,0,,graphic_only,0,{},not_delivered_not_automatically_missing,53ae0701ffa2e4c8de844f3c64ccc8daf8296554f3ca1846db6e97df3cc8be86,True,8dfd19d97e4ebcdecc0bacdf0ea5a05d073e415fe5ccba8635b500b67a9c85c6,True,mapped
plan:4365cdf9b2af1e44432dae833d47fc8d502aedea6dafc5c45462a4824fa89722,A5A87/89DF5,LWPOLYLINE,0,,graphic_only,0,{},not_delivered_not_automatically_missing,53ae0701ffa2e4c8de844f3c64ccc8daf8296554f3ca1846db6e97df3cc8be86,True,2bec814e21a3f12ff02d804b8c9b2e68dca55730791a78620d86b8eb5d6ef3c3,True,mapped
plan:43b11fcf4d9afb6a3779502641796b864748c252609a8cd77dc9484abeaf5efc,A5A3A/89DC0,LWPOLYLINE,0,,graphic_only,0,{},not_delivered_not_automatically_missing,7188ddd5456c2bdac4e398a000f102ca5446bd4f8a411752d176213596f3b5c1,True,87f6d06ab068fceeebc9e9661b964bdf41ee7414064800e451a460f2788a25ae,True,mapped
plan:43e6ad6271c71cd89c73c37b431100200c8a1abda45426671f1f47d168eb11b1,A5A2C/89DC2,TEXT,0,3',annotation,0,{},not_delivered_not_automatically_missing,b25b85771d736d7beb8948b94983005a8899c6f84ce05460d072ec93a109d353,True,4057646e714a57f57232bfa16c80f709cf5649408eb4e62eee15f918706ee2fb,True,mapped
plan:4471cf1770d78850e6939bf732e3142c47ec06e48c247383f982becef8d302ca,A5A56/89DF9,TEXT,0,FM,annotation,0,{},not_delivered_not_automatically_missing,d4dbe6279c492e7ab45572c017ea2a6c93d86921c098f8652af97c91f5551e5b,True,fb2a8ab0a56b860bad3f7cd8f686d48b383de9388cdfe890e65648e86b23ca2a,True,mapped
plan:44989ec62755a4b2a11917d109c41a980fb2d3679de2f1e72a9417fb48c3007b,A5CA2/89DF3,CIRCLE,0,,graphic_only,0,{},not_delivered_not_automatically_missing,0f841fb46c888265d5f317b35c0e65a398fc094d3b55379f46203e974d846b9c,True,748741972987965ae27001612fe82d6a83a019e12fc539c73206c0a9d1e0b75b,True,mapped
plan:44e9ee0b8b75fc9ce8211826799e60f094a1d0d47f4e3e56ac8baf3dbfb2c593,A5A87/89DF8,TEXT,0,3',annotation,0,{},not_delivered_not_automatically_missing,810f3d1791a8a0352cbc1d17d9b18899b82b7394a8de593be6f9abbf32667d2e,True,2bec814e21a3f12ff02d804b8c9b2e68dca55730791a78620d86b8eb5d6ef3c3,True,mapped
plan:44fc81a451034db071853af8741d87795cd2b23b038710c9f7fdd2b787d1e9ca,A5D2E/89DF9,TEXT,0,FM,annotation,0,{},not_delivered_not_automatically_missing,d4dbe6279c492e7ab45572c017ea2a6c93d86921c098f8652af97c91f5551e5b,True,7e3294d6e9cf28cf92cf67041537895be3437710d7fd5863e88d80d59124535e,True,mapped
plan:450750d6a0767867bded5c1729ae86444fb01b3496609e897b6fe0c5e83224ff,A5ABF/89DF2,TEXT,0,NP7,annotation,0,{},not_delivered_not_automatically_missing,8fd348c85e664bf0238302268288d8081b842053849bb9874852fe762c08515c,True,b2b1b65b277330821444b79ff598175309fc2fd49107519891ce308130f96189,True,mapped
plan:457edf3c6b5ff51499bad0db86ec270b239305e96a604b4b8a85a6088fc62058,A5DB3/89DF4,TEXT,0,NP7,annotation,0,{},not_delivered_not_automatically_missing,e29c9fd12b489e5651d34ee654c71d896c944c102d784793dcf4bc935190118c,True,2d1405bc93a484192a94d2f7beb9878bba13bb3ea7ca1818d854439018f70033,True,mapped
plan:45af4f5f9c4601633c75660ffacefef0e8264cf406f9ab431232e56542210e0b,A5A4F/89DF6,LWPOLYLINE,0,,graphic_only,0,{},not_delivered_not_automatically_missing,24db7c44b695eabf7406ccaa12c94193a8fbd766c0985a29184b660f99328abc,True,4d5cf07f3d3b39c0d4e2ed5a168aceb63b29171c6fe0a0d2dd31488a80f235ec,True,mapped
plan:45b1234d1f02915e3ec417a5a4215d4c02bbaa7c68ff54f4aa9ca1f1d531db5b,A5D6D/89DF3,CIRCLE,0,,graphic_only,0,{},not_delivered_not_automatically_missing,0f841fb46c888265d5f317b35c0e65a398fc094d3b55379f46203e974d846b9c,True,721c66788d2c986db9b0deefef9106e7f935f4d6c6e98e4a08d2c88c7468eca8,True,mapped
plan:461f3369470e8468ca05dbaf21da3f010afd98eeca95433860837e6940cd9960,A5DE4/89DF4,TEXT,0,NP7,annotation,0,{},not_delivered_not_automatically_missing,e29c9fd12b489e5651d34ee654c71d896c944c102d784793dcf4bc935190118c,True,362384588c64c0d1941ad9fda85fa7a960ad6cfab96da07a6bea3fa5c10dc074,True,mapped
plan:463c6185552ceec8962885f82d3acdd9bfb24cc2f603f8e3f81cb1a750f31cb9,A5E54/89EA3,TEXT,0,3',annotation,0,{},not_delivered_not_automatically_missing,7ce3e88b71d3883dfe85478588f63dafdb56fb8fd95626d4b5a5396a0b91118f,True,f5d9f9886c2d46ec190132d64655db3b1b5699a8c123d006c1fcdf8a1f52c5a8,True,mapped
plan:4642beae535942a14b2f152bc08ab1d243e163bb831a91cdd91376b2e8687e02,A5E3F/89E9E,CIRCLE,0,,graphic_only,0,{},not_delivered_not_automatically_missing,6e6968b842801d587ecd13124fd14b216b3d08cb974aac32274d3ed12ed83d86,True,48cf157a9da4d8256b8190792788b10d19035b02ca68d86ddf88918dae0dcff7,True,mapped
plan:466afa83cde19e4845d304dde80282b595b329b86bdde3fecc29da0e260ad20c,A5CE1/89DF7,TEXT,0,4',annotation,0,{},not_delivered_not_automatically_missing,1d2bcf84b7283e99e5dd9dee72d4f175cb03739c55e9e32bf39de8975e592934,True,531e6b0eac6a18bb6bb55fcbf51a733c3ac3d15e6217acbe76eac7ba61a3c57d,True,mapped
plan:46bfb02335e47c74749dc0f0d60ebe8107b6685be3119640b33ddb550de60527,A5D7B/89DF4,TEXT,0,NP7,annotation,0,{},not_delivered_not_automatically_missing,e29c9fd12b489e5651d34ee654c71d896c944c102d784793dcf4bc935190118c,True,7d7d06f7ff1b989c268acf13e185c51ad9b80fb98277ec6dc62bbe7b910d0fbf,True,mapped
plan:481b953fe4a1c29172dea1f29adb800eec7bc0efbedbd76e74245148054302a1,A5E7E/89EA3,TEXT,0,3',annotation,0,{},not_delivered_not_automatically_missing,7ce3e88b71d3883dfe85478588f63dafdb56fb8fd95626d4b5a5396a0b91118f,True,e0f132cc7831cbecc1d4649cce35d00120ce1bf3a02e1a611bc52363de952f6e,True,mapped
plan:483362c1cde94c02119f5d5153a57fa96087d27e57b8ed9ef36f87f31ba45f72,A5A64/89DF3,CIRCLE,0,,graphic_only,0,{},not_delivered_not_automatically_missing,0f841fb46c888265d5f317b35c0e65a398fc094d3b55379f46203e974d846b9c,True,7e84e1f0e7d895f8b2f5b6d23295bbd13f6404d5eccac011ee7af5fca9a489cb,True,mapped
plan:4869784fbc0e6fef893e39b5632e8eadcd80cb2bbbd9f4dd1ab202d4dc364fd0,A5A4F/89DF3,CIRCLE,0,,graphic_only,0,{},not_delivered_not_automatically_missing,0f841fb46c888265d5f317b35c0e65a398fc094d3b55379f46203e974d846b9c,True,4d5cf07f3d3b39c0d4e2ed5a168aceb63b29171c6fe0a0d2dd31488a80f235ec,True,mapped
plan:48a02274b2f6948837599544234d4849c3723b7f74e28cd1929255921639c7dd,A5CB0/89DF2,TEXT,0,NP7,annotation,0,{},not_delivered_not_automatically_missing,8fd348c85e664bf0238302268288d8081b842053849bb9874852fe762c08515c,True,0b0f720d3ab9447285bfd7ca77c33935357e313397e5a7e4f7b1d5fbec92fa8f,True,mapped
plan:4942aafca90c4918bafce9db6c74b7ab221fae63d7db2deca411058f1e22cbed,A5E77/89EA4,TEXT,0,FM,annotation,0,{},not_delivered_not_automatically_missing,84cd4565ae59b7527143b7c911b02549dd07cb00c176006f9d3a205ae0c73dfd,True,0bd3abf6a91155510dbebdb0353f4976967d14120fec70e52a5883395b16c390,True,mapped
plan:494fff5fd763f77260b08a01ba763bd9a0009f2efdf5984ed3def201361a69bb,A5D97/89DF5,LWPOLYLINE,0,,graphic_only,0,{},not_delivered_not_automatically_missing,53ae0701ffa2e4c8de844f3c64ccc8daf8296554f3ca1846db6e97df3cc8be86,True,0822f926087e07908a409a1c446249e54651ef9028ee33667186a2dc3ae03bd4,True,mapped
plan:495f14e3d3215d4248adb9a7eb0d53df2e9bf0dba42d117e7c9cb8646eaa7a97,A5B21/89EA0,LWPOLYLINE,0,,graphic_only,0,{},not_delivered_not_automatically_missing,722179b311dea719d26c64eb9287cf206ffc89352caf98b23d03562d3617e3a0,True,8697ac925f118607d32e3de2d83ff8aa83a89bf78e7748e087464c5d2405a9c1,True,mapped
plan:496d064af966a0338766eff63455978e739c8651a0722ded78dfa7b7b0162ce5,A5CC5/89DF2,TEXT,0,NP7,annotation,0,{},not_delivered_not_automatically_missing,8fd348c85e664bf0238302268288d8081b842053849bb9874852fe762c08515c,True,51b760ffc3d5e6ecf0f75c8bd282d5e6c33a9048df752448e8d4d498087aa02a,True,mapped
plan:4a5c6f09673675e79d1c85845138116f7153328da1a686e37fd550b6bb8ad974,A5ADB/89DF4,TEXT,0,NP7,annotation,0,{},not_delivered_not_automatically_missing,e29c9fd12b489e5651d34ee654c71d896c944c102d784793dcf4bc935190118c,True,4bbfeaae9ec33e04865b2281875c1913061f22db371e2a2d29604b452aaa1352,True,mapped
plan:4a861dd3ff449b02dd6ed0405284e880b7e8ebb41d5fb82b0f7bf5e0a765b590,A5D19/89DF2,TEXT,0,NP7,annotation,0,{},not_delivered_not_automatically_missing,8fd348c85e664bf0238302268288d8081b842053849bb9874852fe762c08515c,True,19f00d9538053ed76fc0debd88d00af85bf2b007c0b2d04c43b2110b71bb98c1,True,mapped
plan:4ab60cabb4f41cab17de9f618b5110b52ac79643ff81a69dd7eacdfce44354e4,A5D5F/89DF8,TEXT,0,3',annotation,0,{},not_delivered_not_automatically_missing,810f3d1791a8a0352cbc1d17d9b18899b82b7394a8de593be6f9abbf32667d2e,True,1a63e34a10f2f36acb0c9e7e0239ea92ec1a2b24c8bf76492a9c9897ea6ea2b9,True,mapped
plan:4af69a8043ba44d9c981cd8167173ee9ac99417504534374b74531a94a8e7ba0,A5D97/89DF9,TEXT,0,FM,annotation,0,{},not_delivered_not_automatically_missing,d4dbe6279c492e7ab45572c017ea2a6c93d86921c098f8652af97c91f5551e5b,True,0822f926087e07908a409a1c446249e54651ef9028ee33667186a2dc3ae03bd4,True,mapped
plan:4b02eb63a43ea70855ba73a0a490b719d531a9c262f6cd45215c6ed693a3a470,A5D51/89DF9,TEXT,0,FM,annotation,0,{},not_delivered_not_automatically_missing,d4dbe6279c492e7ab45572c017ea2a6c93d86921c098f8652af97c91f5551e5b,True,8dfd19d97e4ebcdecc0bacdf0ea5a05d073e415fe5ccba8635b500b67a9c85c6,True,mapped
plan:4b077126a3f97498f5060ac71935a558d595fadc965e5fa57f20b91decce6fc6,A5AA3/89DF7,TEXT,0,4',annotation,0,{},not_delivered_not_automatically_missing,1d2bcf84b7283e99e5dd9dee72d4f175cb03739c55e9e32bf39de8975e592934,True,e76f8620fda0141e72fef08b2ec82c1742b3a384f822ee67f8b23d572b371b01,True,mapped
plan:4b2197cc00de341be0942a841fd47730bb42c7a0971495624f7d6629e8c9003e,A5ADB/89DF8,TEXT,0,3',annotation,0,{},not_delivered_not_automatically_missing,810f3d1791a8a0352cbc1d17d9b18899b82b7394a8de593be6f9abbf32667d2e,True,4bbfeaae9ec33e04865b2281875c1913061f22db371e2a2d29604b452aaa1352,True,mapped
plan:4bd8dfe4f05db62fe45180dc84eaf8722a99a6723c8691ad4dadcf1adaa6c09d,A5DF9/89E9E,CIRCLE,0,,graphic_only,0,{},not_delivered_not_automatically_missing,6e6968b842801d587ecd13124fd14b216b3d08cb974aac32274d3ed12ed83d86,True,ebdcc247042227c71b49488bf005e51b4f8ed85a6eb665f6be48ebc26682eedb,True,mapped
plan:4c3900148d8c0b5024c4c01036c2fbffae3f12d484427709598ed59782cb0b96,A5A9C/89DF4,TEXT,0,NP7,annotation,0,{},not_delivered_not_automatically_missing,e29c9fd12b489e5651d34ee654c71d896c944c102d784793dcf4bc935190118c,True,2008a53c821ced536f82ffba4d7170fbe21727d08f31209ee7223f8e8c9d68bc,True,mapped
plan:4cb713215e60684a86a94efa72bbd877c8fdeae6561f933d229212f795b786fe,A5E70/89E9F,TEXT,0,NP7,annotation,0,{},not_delivered_not_automatically_missing,dfb3c771ddec8dc0d8ea98a7f4f2d79eacbff89e598155c4f0633fd52abfa72b,True,e6d2b6c18f6e212672137fce29ab4f3a69e8461fc7ec672ca08332295349a73b,True,mapped
plan:4cceb35821bf77add01ae545c42fc5bc692b786dfe96323741a2bcf0959d95e3,A5B05/89E9E,CIRCLE,0,,graphic_only,0,{},not_delivered_not_automatically_missing,6e6968b842801d587ecd13124fd14b216b3d08cb974aac32274d3ed12ed83d86,True,84fa49b07f963e1eb622a1ee0605a5bf6aaa15a948fc4f3a63e0d94ea416f7f1,True,mapped
plan:4cde067539817db1011bf58e7178bc0d6eaaa944307bef7fadf9043918a900b4,A5DCF/89DF8,TEXT,0,3',annotation,0,{},not_delivered_not_automatically_missing,810f3d1791a8a0352cbc1d17d9b18899b82b7394a8de593be6f9abbf32667d2e,True,807c68cae7d6e99369442a36ecd85171bff05731b05a0e1c8bb457ca9d442137,True,mapped
plan:4eb1d11076a7016e7dda9299882778c16289be09e9eaeee97b419400e4819292,A5B05/89EA1,LWPOLYLINE,0,,graphic_only,0,{},not_delivered_not_automatically_missing,af98f580656f168c6af8fa98aad5d6d6f1936f796720feee9b2db3fdcca84e68,True,84fa49b07f963e1eb622a1ee0605a5bf6aaa15a948fc4f3a63e0d94ea416f7f1,True,mapped
plan:4f09a95d6d999cf2dd75b8d758d20ca5ec74bb4e52dc31c7783dfa91bb5207f8,A5ADB/89DF9,TEXT,0,FM,annotation,0,{},not_delivered_not_automatically_missing,d4dbe6279c492e7ab45572c017ea2a6c93d86921c098f8652af97c91f5551e5b,True,4bbfeaae9ec33e04865b2281875c1913061f22db371e2a2d29604b452aaa1352,True,mapped
plan:4f24209bf48810f8c0de30b5cee5c40ef055189e5a30c07b4a575c8db4911fc4,A5E91/89DC1,TEXT,0,4',annotation,0,{},not_delivered_not_automatically_missing,149a333f5971cf1f6c766bf110555f68867e8a4f3d9b8fc70e8f060f3224f7e3,True,b094449b79d9edf9f83633e031bf344d862d645a4936f58757670ca30a8037ed,True,mapped
plan:4f65f07e649f437d97a1f8c5b9b78b2ca7e4803e767cc78c2e243c67edfc8404,A5D4A/89DF3,CIRCLE,0,,graphic_only,0,{},not_delivered_not_automatically_missing,0f841fb46c888265d5f317b35c0e65a398fc094d3b55379f46203e974d846b9c,True,de676ca1ae5bdd426bd30c2b4eb52cf2f49930c8b11945787e71d54985bea60a,True,mapped
plan:4f88e633f234fcbf630e1bcf56f4c9f414e4d5785a3e24c0fa87bdb38640ccef,A5E00/89EA2,TEXT,0,"2,5'",annotation,0,{},not_delivered_not_automatically_missing,5351dd1f3952c803ade0be5316567c5297ddab3fd05499d075493a123a052cdd,True,ecb82c10c3e6696a17c51df090818108c65122724ae664f25b12e9588adbbf3e,True,mapped
plan:505c47995771d6f4472b97ae66acdd4b0ccd67bf7a1bc58bab8101597b624984,A5D90/89DF2,TEXT,0,NP7,annotation,0,{},not_delivered_not_automatically_missing,8fd348c85e664bf0238302268288d8081b842053849bb9874852fe762c08515c,True,fc15910fd667a011681c79766ac9af1c6ecc51faa2a18d01e50a4d2a72286199,True,mapped
plan:50a9bc55ce339caea35886daf5e25eb6496c6187320ee50663a27af7575de2a3,A5CA9/89DF9,TEXT,0,FM,annotation,0,{},not_delivered_not_automatically_missing,d4dbe6279c492e7ab45572c017ea2a6c93d86921c098f8652af97c91f5551e5b,True,663b9c9805dde228515562477c0e3e9ff42d3111d7887c67481d8a998c479345,True,mapped
plan:50edcb1dceac4a04a86e38bdb270074f4af123a826663a58990b1b2a7efa762e,A5DC8/89DF5,LWPOLYLINE,0,,graphic_only,0,{},not_delivered_not_automatically_missing,53ae0701ffa2e4c8de844f3c64ccc8daf8296554f3ca1846db6e97df3cc8be86,True,a891ef5eaf7def9c4c48adca62f7393501731b06fe3fa7f5864e7ac8d6c4cde5,True,mapped
plan:5135b5b61827d158e82cffaaf903d8a7a248f8a872ac2f299ca0b33069b957e6,A5DB3/89DF7,TEXT,0,4',annotation,0,{},not_delivered_not_automatically_missing,1d2bcf84b7283e99e5dd9dee72d4f175cb03739c55e9e32bf39de8975e592934,True,2d1405bc93a484192a94d2f7beb9878bba13bb3ea7ca1818d854439018f70033,True,mapped
plan:51aede6403a50331ff507d550de96c22f61810e964203fc10740ac0df6a9c8c5,A5E9F/89DC3,TEXT,0,FM,annotation,0,{},not_delivered_not_automatically_missing,9a6675bc781abc2abd24c2058656b8aacd7c3ac597572fa58676916a791f3128,True,fcc1d6929e6b3019c89a37fca9583da13ac6d16f69e0ee2a02df17f32ef1d267,True,mapped
plan:523a6571ded026946c27a861d27e1805dddc6a90fee1e8a29553653f7e0f745c,A5CC5/89DF6,LWPOLYLINE,0,,graphic_only,0,{},not_delivered_not_automatically_missing,24db7c44b695eabf7406ccaa12c94193a8fbd766c0985a29184b660f99328abc,True,51b760ffc3d5e6ecf0f75c8bd282d5e6c33a9048df752448e8d4d498087aa02a,True,mapped
plan:524192da8d0b9d0494035bb4b3b1d9d91c14b8b777d9175e4b4616693f8bc528,A5E2A/89E9F,TEXT,0,NP7,annotation,0,{},not_delivered_not_automatically_missing,dfb3c771ddec8dc0d8ea98a7f4f2d79eacbff89e598155c4f0633fd52abfa72b,True,8c891a0cb09573a047c53091ad2989c4a6b5e063859afdd167e888dee9971377,True,mapped
plan:527bed78123e4b731ea2b50176607c63430336cb5eb8719c9c12f91bb40a53c2,A5CE8/89DF2,TEXT,0,NP7,annotation,0,{},not_delivered_not_automatically_missing,8fd348c85e664bf0238302268288d8081b842053849bb9874852fe762c08515c,True,17409cb7925c9f3f4a23c3073f85ad4a8d59df335d07607af41b86e6d4a2401c,True,mapped
plan:52b1eda4588e97c31163ba758da17d2458c384581817dcfcd2b4cfb17e689e47,A5B13/89E9E,CIRCLE,0,,graphic_only,0,{},not_delivered_not_automatically_missing,6e6968b842801d587ecd13124fd14b216b3d08cb974aac32274d3ed12ed83d86,True,a2febb5342d5aad575847354697ecfcf9b42a8e17cddd708424378f41157f154,True,mapped
plan:534af76b5742b9c51331488f9ee99e6f71332a67f5d7b9dcf14110491f25de7b,A5A9C/89DF9,TEXT,0,FM,annotation,0,{},not_delivered_not_automatically_missing,d4dbe6279c492e7ab45572c017ea2a6c93d86921c098f8652af97c91f5551e5b,True,2008a53c821ced536f82ffba4d7170fbe21727d08f31209ee7223f8e8c9d68bc,True,mapped
plan:53880666a8bb6e70012c4866c1e6c2459646b83a4d97713756dd5c6b381bee69,A5CA2/89DF2,TEXT,0,NP7,annotation,0,{},not_delivered_not_automatically_missing,8fd348c85e664bf0238302268288d8081b842053849bb9874852fe762c08515c,True,748741972987965ae27001612fe82d6a83a019e12fc539c73206c0a9d1e0b75b,True,mapped
plan:53a7b4d84c1232311237658ee6388e6b3fbd7e3ae7b7ab906f2617782c72b7c4,A5E15/89EA2,TEXT,0,"2,5'",annotation,0,{},not_delivered_not_automatically_missing,5351dd1f3952c803ade0be5316567c5297ddab3fd05499d075493a123a052cdd,True,89f28961f8efdde75e2c2e3e61f4b90925fb02d051ad424808fe4f5633fd5423,True,mapped
plan:53c7fcc34deb270960cc587632f477bd5f89f58b7199684dd8215c31cd791aa0,A5E3F/89EA2,TEXT,0,"2,5'",annotation,0,{},not_delivered_not_automatically_missing,5351dd1f3952c803ade0be5316567c5297ddab3fd05499d075493a123a052cdd,True,48cf157a9da4d8256b8190792788b10d19035b02ca68d86ddf88918dae0dcff7,True,mapped
plan:540a385aefd684a520cc9efb5851aa6300fa480c68530f56b2e8d55387c2e4fb,A5CC5/89DF9,TEXT,0,FM,annotation,0,{},not_delivered_not_automatically_missing,d4dbe6279c492e7ab45572c017ea2a6c93d86921c098f8652af97c91f5551e5b,True,51b760ffc3d5e6ecf0f75c8bd282d5e6c33a9048df752448e8d4d498087aa02a,True,mapped
plan:5443459a99f0a6352f5b3c71079543707f69290317151d3da380cabf665b34e5,A5E9F/89DC0,LWPOLYLINE,0,,graphic_only,0,{},not_delivered_not_automatically_missing,7188ddd5456c2bdac4e398a000f102ca5446bd4f8a411752d176213596f3b5c1,True,fcc1d6929e6b3019c89a37fca9583da13ac6d16f69e0ee2a02df17f32ef1d267,True,mapped
plan:54467ebef760e477a46be5bac2335de96abcdf049adf22952c98f605712ed52b,A5E3F/89EA3,TEXT,0,3',annotation,0,{},not_delivered_not_automatically_missing,7ce3e88b71d3883dfe85478588f63dafdb56fb8fd95626d4b5a5396a0b91118f,True,48cf157a9da4d8256b8190792788b10d19035b02ca68d86ddf88918dae0dcff7,True,mapped
plan:5477f9345e65896c3004b9a0481d6fdd30544e54dab45d7ba45adfb5840a9231,A5AAA/89DF9,TEXT,0,FM,annotation,0,{},not_delivered_not_automatically_missing,d4dbe6279c492e7ab45572c017ea2a6c93d86921c098f8652af97c91f5551e5b,True,3ae1840840b002cd4d22d0d4717da554f059e2df5122c72e8800399114df28b8,True,mapped
plan:5539a4fbd91fdd21a15b5a08405e76ef56e78a8b6b9cf8e9db4427460804cc04,A5D66/89DF4,TEXT,0,NP7,annotation,0,{},not_delivered_not_automatically_missing,e29c9fd12b489e5651d34ee654c71d896c944c102d784793dcf4bc935190118c,True,29d6ffc6c5b8ca64d1ceee6878d0b5605f40d1f5aa792aa7d5efb8a19e52dac2,True,mapped
plan:55468dff64e9e84e183b44a36138716d2d7730a6a5babdc8f9a0ae1891fef7bd,A5CC5/89DF8,TEXT,0,3',annotation,0,{},not_delivered_not_automatically_missing,810f3d1791a8a0352cbc1d17d9b18899b82b7394a8de593be6f9abbf32667d2e,True,51b760ffc3d5e6ecf0f75c8bd282d5e6c33a9048df752448e8d4d498087aa02a,True,mapped
plan:5549c3f41cfd861a3cfc3bb2dbda29a99f7fbd3c6a9ffa04c1cdacbe72228b89,A5A64/89DF9,TEXT,0,FM,annotation,0,{},not_delivered_not_automatically_missing,d4dbe6279c492e7ab45572c017ea2a6c93d86921c098f8652af97c91f5551e5b,True,7e84e1f0e7d895f8b2f5b6d23295bbd13f6404d5eccac011ee7af5fca9a489cb,True,mapped
plan:55dab27811b39cc77f6d9d4afcbcad89c7a60262638a0752207444763ddb9e01,A5A79/89DF7,TEXT,0,4',annotation,0,{},not_delivered_not_automatically_missing,1d2bcf84b7283e99e5dd9dee72d4f175cb03739c55e9e32bf39de8975e592934,True,55b87638afac3208308015ec16dc1770f15efd8e653ed68ea5576a120fe7d585,True,mapped
plan:563fec3b56733a41c76cf49ffb372885ad5c669c9260d31524db714cfeabd0fa,A5DC1/89DF3,CIRCLE,0,,graphic_only,0,{},not_delivered_not_automatically_missing,0f841fb46c888265d5f317b35c0e65a398fc094d3b55379f46203e974d846b9c,True,1c051ef36669362b6804aea21e8e131327f7608652ad99ce7c660d1f23671bb7,True,mapped
plan:565b11c2129e8aa5b299dac3a1d6ed09fde8d444714ae5005a961d64aeda511f,A5D4A/89DF2,TEXT,0,NP7,annotation,0,{},not_delivered_not_automatically_missing,8fd348c85e664bf0238302268288d8081b842053849bb9874852fe762c08515c,True,de676ca1ae5bdd426bd30c2b4eb52cf2f49930c8b11945787e71d54985bea60a,True,mapped
plan:56e7fa961ff122a159a9763de97968cd88d7ceb1de734c42d28d45219fa101df,A5B21/89EA4,TEXT,0,FM,annotation,0,{},not_delivered_not_automatically_missing,84cd4565ae59b7527143b7c911b02549dd07cb00c176006f9d3a205ae0c73dfd,True,8697ac925f118607d32e3de2d83ff8aa83a89bf78e7748e087464c5d2405a9c1,True,mapped
plan:572ed3fa69e30f2bec5a91983382a1c1d1aaa037e6d8ab2a51b1cca7e7a933a9,A5E46/89E9E,CIRCLE,0,,graphic_only,0,{},not_delivered_not_automatically_missing,6e6968b842801d587ecd13124fd14b216b3d08cb974aac32274d3ed12ed83d86,True,67e8d3062747f76bb709aa94d75142c9896b6930ec9228bc9823a71f346940eb,True,mapped
plan:57b63d2056390aac104397ed266b56963bcd5e2606ff4292fa6cbe5760c0bd34,A5E07/89EA1,LWPOLYLINE,0,,graphic_only,0,{},not_delivered_not_automatically_missing,af98f580656f168c6af8fa98aad5d6d6f1936f796720feee9b2db3fdcca84e68,True,c4d62cf6bbe1ca357d6de619450bb14be0be4a17c4492fcae56932b6dcdee94b,True,mapped
plan:57d96e109577738e1cecbd05e52bd151022d8bc16a4cbd252db66d19ff24af52,A5E69/89E9D,TEXT,0,NP7,annotation,0,{},not_delivered_not_automatically_missing,96ef904187a815eb69ad0ae695e56cbfbcd8601d3716b5564191327f7e36b795,True,5d6498690debecf2a82c4b529b6764fd2b2e3543007f15c0b5285b06913d8323,True,mapped
plan:57fef7a18eb385fc099d3c0f02f50b9e7272d5281c958c64d607a3af3f3304e2,A5A72/89DF4,TEXT,0,NP7,annotation,0,{},not_delivered_not_automatically_missing,e29c9fd12b489e5651d34ee654c71d896c944c102d784793dcf4bc935190118c,True,fe893ee7b826877b8e586eb21b7db7e342c97a2429db187d1c2a7c199811ab65,True,mapped
plan:57ff2f4a88f766230ee35678b55f5f588bc8032dd62d42617a98dbc70c2828bc,A5A2C/89DBC,TEXT,0,NP7,annotation,0,{},not_delivered_not_automatically_missing,b13e5d568faf2d471ebfbe9581cfc9b356e1069a2ebba70bbd826711aa5b5573,True,4057646e714a57f57232bfa16c80f709cf5649408eb4e62eee15f918706ee2fb,True,mapped
plan:584c12ffa7752cb364aa8a3558b31c09954423d60e29ee91cbeae52718079f7d,A5A72/89DF8,TEXT,0,3',annotation,0,{},not_delivered_not_automatically_missing,810f3d1791a8a0352cbc1d17d9b18899b82b7394a8de593be6f9abbf32667d2e,True,fe893ee7b826877b8e586eb21b7db7e342c97a2429db187d1c2a7c199811ab65,True,mapped
plan:585b80ff1315f9d3a0220992401aa566838301260ff9a796f02db68b0955316d,A5E7E/89EA1,LWPOLYLINE,0,,graphic_only,0,{},not_delivered_not_automatically_missing,af98f580656f168c6af8fa98aad5d6d6f1936f796720feee9b2db3fdcca84e68,True,e0f132cc7831cbecc1d4649cce35d00120ce1bf3a02e1a611bc52363de952f6e,True,mapped
plan:59e5eecb5f93a25230eccb263f31db423065d6d98e6266bf5856fb388296cea5,A5AB1/89DF9,TEXT,0,FM,annotation,0,{},not_delivered_not_automatically_missing,d4dbe6279c492e7ab45572c017ea2a6c93d86921c098f8652af97c91f5551e5b,True,bb5c3d3c9020bf5a3e871c422ac4ee3352bb86d6c93b142186a6fb463bf1e0ba,True,mapped
plan:59f7835f2f64ea42603c1edb578042702cb6c5fcb9e8bbd20486fe2f34d7c0e9,A5ACD/89DF8,TEXT,0,3',annotation,0,{},not_delivered_not_automatically_missing,810f3d1791a8a0352cbc1d17d9b18899b82b7394a8de593be6f9abbf32667d2e,True,3d81e2dc5ca214f6ba3022815d2e6e4ae7f299d651da66fba358fc701fc3b37a,True,mapped
plan:5b321d50fc3988c1c3dd37ee158b94e7ad2865b0c1fb2f99fd23a08aabaebf6a,A5E70/89E9D,TEXT,0,NP7,annotation,0,{},not_delivered_not_automatically_missing,96ef904187a815eb69ad0ae695e56cbfbcd8601d3716b5564191327f7e36b795,True,e6d2b6c18f6e212672137fce29ab4f3a69e8461fc7ec672ca08332295349a73b,True,mapped
plan:5bf6134487d37589226c0565e4b469fd1e6b8e048450cef89f68f689a79629d4,A5E98/89DC2,TEXT,0,3',annotation,0,{},not_delivered_not_automatically_missing,b25b85771d736d7beb8948b94983005a8899c6f84ce05460d072ec93a109d353,True,a9ba638c19fe59068d90dda66cf0ef50e5ba630b7f52fb21b3281628680e7a20,True,mapped
plan:5c0b312ba1f1a544360e3e0757cfcb4ddf74a68ab83152a84cff4727c4719517,A5E07/89EA4,TEXT,0,FM,annotation,0,{},not_delivered_not_automatically_missing,84cd4565ae59b7527143b7c911b02549dd07cb00c176006f9d3a205ae0c73dfd,True,c4d62cf6bbe1ca357d6de619450bb14be0be4a17c4492fcae56932b6dcdee94b,True,mapped
plan:5c46894e7444838ebe8a670d8ce46f57b5c3aec940e6bad8f1dcc21543bffa41,A5DBA/89DF2,TEXT,0,NP7,annotation,0,{},not_delivered_not_automatically_missing,8fd348c85e664bf0238302268288d8081b842053849bb9874852fe762c08515c,True,c275d16332cf941bcd56fc29cd78a99e4aefcd815f4090cd98edff034314aaf4,True,mapped
plan:5c5e7c7a948c62e126c78235445710af2196cdea9223ea55d4b70b242925f831,A5A64/89DF8,TEXT,0,3',annotation,0,{},not_delivered_not_automatically_missing,810f3d1791a8a0352cbc1d17d9b18899b82b7394a8de593be6f9abbf32667d2e,True,7e84e1f0e7d895f8b2f5b6d23295bbd13f6404d5eccac011ee7af5fca9a489cb,True,mapped
plan:5d5bbebc87cfba781aa626b95c4313d520eaed08599d04c46f6fca0d8ec943ad,A5ABF/89DF3,CIRCLE,0,,graphic_only,0,{},not_delivered_not_automatically_missing,0f841fb46c888265d5f317b35c0e65a398fc094d3b55379f46203e974d846b9c,True,b2b1b65b277330821444b79ff598175309fc2fd49107519891ce308130f96189,True,mapped
plan:5d679e812f44555e8ff707e3411af2e25f98fd70a99d911e561a90c2acfc50f4,A5AD4/89DF7,TEXT,0,4',annotation,0,{},not_delivered_not_automatically_missing,1d2bcf84b7283e99e5dd9dee72d4f175cb03739c55e9e32bf39de8975e592934,True,3dfb376040a9a688902763fa1bd98e1300725c942545299887b73e7470654966,True,mapped
plan:5d6c259ad6e3dca7fd2e2ebb78def07d39a03de5e5f3ddf13dbaf7d8612a90c9,A5D12/89DF4,TEXT,0,NP7,annotation,0,{},not_delivered_not_automatically_missing,e29c9fd12b489e5651d34ee654c71d896c944c102d784793dcf4bc935190118c,True,dbfe4f0ee26693287fb239c88b8caa502a4239c4eb6859826379c9809e753e43,True,mapped
plan:5d6c73bbaa8b7e978dba2c4eefc6d030d5a26d9d53ffe6a8a24d928bf32d29be,A5A6B/89DF5,LWPOLYLINE,0,,graphic_only,0,{},not_delivered_not_automatically_missing,53ae0701ffa2e4c8de844f3c64ccc8daf8296554f3ca1846db6e97df3cc8be86,True,50472b65f9a9208a13d24e7160ea108fe1c7ef242c47dd56da17d3201a0702ff,True,mapped
plan:5dacbd2062a2416b0684563848200fd1907588f73a2aa5939e52e9de1cbf01b4,A5DCF/89DF3,CIRCLE,0,,graphic_only,0,{},not_delivered_not_automatically_missing,0f841fb46c888265d5f317b35c0e65a398fc094d3b55379f46203e974d846b9c,True,807c68cae7d6e99369442a36ecd85171bff05731b05a0e1c8bb457ca9d442137,True,mapped
plan:5db0968b3ae02ccbd3c7c46df3c2de0904b2b35b8a80e4d960989db5f16ef53f,A5DAC/89DF2,TEXT,0,NP7,annotation,0,{},not_delivered_not_automatically_missing,8fd348c85e664bf0238302268288d8081b842053849bb9874852fe762c08515c,True,d6ab4d6bf4351bf11a44a27bdd68879101ee3c78c140ecbebe137820cf13dc0c,True,mapped
plan:5de2a686b61537e2e4a398456b598f3475ea6bbed0a96b7fc7b5f08adeca2807,A5DA5/89DF6,LWPOLYLINE,0,,graphic_only,0,{},not_delivered_not_automatically_missing,24db7c44b695eabf7406ccaa12c94193a8fbd766c0985a29184b660f99328abc,True,4d2bdd95f4cc7bee453ef50009e4a98af5fbef1b1fb4d97b36d994d6a0e70ba3,True,mapped
plan:5df2fb98028857b5afef3a74d57af48a1ed9f3547a267a997665e84417f3b37c,A5A25/89DC0,LWPOLYLINE,0,,graphic_only,0,{},not_delivered_not_automatically_missing,7188ddd5456c2bdac4e398a000f102ca5446bd4f8a411752d176213596f3b5c1,True,0e5d1b5d017edc6e34d1487662756b954584a4be46a4fbd0a578da402061ef64,True,mapped
plan:5e07af549d1c8ef4dab95a6b0ea80c1a0dc71ae70faaa225bec34cc121eeb114,A5CCC/89DF5,LWPOLYLINE,0,,graphic_only,0,{},not_delivered_not_automatically_missing,53ae0701ffa2e4c8de844f3c64ccc8daf8296554f3ca1846db6e97df3cc8be86,True,0e7a0eb41b2d674224b43ba8650c8bce469a49883f58de92ef1e2a516ca5d6b2,True,mapped
plan:5e27df84f946b6576ded0956d02955ac14b8e99801a9216212de02b200f948a7,A5CB0/89DF7,TEXT,0,4',annotation,0,{},not_delivered_not_automatically_missing,1d2bcf84b7283e99e5dd9dee72d4f175cb03739c55e9e32bf39de8975e592934,True,0b0f720d3ab9447285bfd7ca77c33935357e313397e5a7e4f7b1d5fbec92fa8f,True,mapped
plan:5e52b80c329c7adcf63d4d760d0a289ebd2702a874c9f0862697bd1a5bb80157,A5A9C/89DF7,TEXT,0,4',annotation,0,{},not_delivered_not_automatically_missing,1d2bcf84b7283e99e5dd9dee72d4f175cb03739c55e9e32bf39de8975e592934,True,2008a53c821ced536f82ffba4d7170fbe21727d08f31209ee7223f8e8c9d68bc,True,mapped
plan:5ea0cb7a039fe7d7c3e62798f9964edc00d36227aff7c21840494ab2d9796f5c,A5D6D/89DF4,TEXT,0,NP7,annotation,0,{},not_delivered_not_automatically_missing,e29c9fd12b489e5651d34ee654c71d896c944c102d784793dcf4bc935190118c,True,721c66788d2c986db9b0deefef9106e7f935f4d6c6e98e4a08d2c88c7468eca8,True,mapped
plan:5eb39beaf115bf2a86e73bbc4405f1da795dd6a9a1e413df3fbd9c35a5539d22,A5A72/89DF7,TEXT,0,4',annotation,0,{},not_delivered_not_automatically_missing,1d2bcf84b7283e99e5dd9dee72d4f175cb03739c55e9e32bf39de8975e592934,True,fe893ee7b826877b8e586eb21b7db7e342c97a2429db187d1c2a7c199811ab65,True,mapped
plan:5ef4ca0824e25287c0872450792cc27aaa846f82f27269d8076efdd1cd03cd86,A5AB1/89DF3,CIRCLE,0,,graphic_only,0,{},not_delivered_not_automatically_missing,0f841fb46c888265d5f317b35c0e65a398fc094d3b55379f46203e974d846b9c,True,bb5c3d3c9020bf5a3e871c422ac4ee3352bb86d6c93b142186a6fb463bf1e0ba,True,mapped
plan:5f8606c050da706e13f1ef55e57a4b97c3184f48ae015707efb0a1446696a67c,A5D20/89DF9,TEXT,0,FM,annotation,0,{},not_delivered_not_automatically_missing,d4dbe6279c492e7ab45572c017ea2a6c93d86921c098f8652af97c91f5551e5b,True,6e24fbfc7cc9485411bd452079076b52b42aa48dcb6760dacb3dfd1d134d1773,True,mapped
plan:5fae6691698131ccfea803449db398629e5a14d33359942f2e3e92e09c13ccc8,A5D35/89DF2,TEXT,0,NP7,annotation,0,{},not_delivered_not_automatically_missing,8fd348c85e664bf0238302268288d8081b842053849bb9874852fe762c08515c,True,e85cbc674486b1d6431a540b8a15f21cbbb066b89a27e7c61bb3d044bb4ea1b1,True,mapped
plan:600875103281dfa73334354f8937f9ea08162b5041c7ef04e4a3142cd5b2a35b,A5A25/89DBF,LWPOLYLINE,0,,graphic_only,0,{},not_delivered_not_automatically_missing,c07102c6de18cba8dda3b081df7031e14310b87fe90545ff09e1d52706168402,True,0e5d1b5d017edc6e34d1487662756b954584a4be46a4fbd0a578da402061ef64,True,mapped
plan:600f3173650c933026be707ed25a2717e43edc3b51c1fd6fdc570e6cf419fc33,A5E2A/89EA2,TEXT,0,"2,5'",annotation,0,{},not_delivered_not_automatically_missing,5351dd1f3952c803ade0be5316567c5297ddab3fd05499d075493a123a052cdd,True,8c891a0cb09573a047c53091ad2989c4a6b5e063859afdd167e888dee9971377,True,mapped
plan:60b8ea64295215972f7adf7b09b4b809b5b96f814db389ae9dc25655cb483ed4,A5B0C/89E9F,TEXT,0,NP7,annotation,0,{},not_delivered_not_automatically_missing,dfb3c771ddec8dc0d8ea98a7f4f2d79eacbff89e598155c4f0633fd52abfa72b,True,ce4f04475207991d4c983ef300cea2d8b70d111c033a7030f4d6bd88862557db,True,mapped
plan:60ba1094c02221ed8241c5ad8c0b5af0c57c40e5cfa115ce9c210e3a9985204f,A5D27/89DF3,CIRCLE,0,,graphic_only,0,{},not_delivered_not_automatically_missing,0f841fb46c888265d5f317b35c0e65a398fc094d3b55379f46203e974d846b9c,True,412894113a70575951265870ac92d5d178bca790472764c8d2a0dc303363e29a,True,mapped
plan:610832f1693f39c693f2c20c75e45eeedc6f76615895b572c69ff9c958691519,A5D82/89DF2,TEXT,0,NP7,annotation,0,{},not_delivered_not_automatically_missing,8fd348c85e664bf0238302268288d8081b842053849bb9874852fe762c08515c,True,e259a2aaef74b3f603439d714eeca43afdfe41712cd714aeabc4b3c2652c4100,True,mapped
plan:611001aa4531f98d46d161555f08305d0ca2420555e9b77f1be01335c49da407,A5B0C/89EA2,TEXT,0,"2,5'",annotation,0,{},not_delivered_not_automatically_missing,5351dd1f3952c803ade0be5316567c5297ddab3fd05499d075493a123a052cdd,True,ce4f04475207991d4c983ef300cea2d8b70d111c033a7030f4d6bd88862557db,True,mapped
plan:616df7f76ecac0d5f2720096a17d15c5d6fce457d595bf9c26d4a661a1c060f1,A5DF2/89E9E,CIRCLE,0,,graphic_only,0,{},not_delivered_not_automatically_missing,6e6968b842801d587ecd13124fd14b216b3d08cb974aac32274d3ed12ed83d86,True,13ec43f34f2c3764008a7339b7010f0b91fe5d86c11fb0398d74801ea9d47a45,True,mapped
plan:618854fdf3289113bc65ab42c9739d76809ae75ccc650bba02429e6fadd2eba9,A5D82/89DF9,TEXT,0,FM,annotation,0,{},not_delivered_not_automatically_missing,d4dbe6279c492e7ab45572c017ea2a6c93d86921c098f8652af97c91f5551e5b,True,e259a2aaef74b3f603439d714eeca43afdfe41712cd714aeabc4b3c2652c4100,True,mapped
plan:61dcb9f278db763ffc37036594b40384a413d2a693c9dac03d9d8d971bb6ba17,A5D35/89DF5,LWPOLYLINE,0,,graphic_only,0,{},not_delivered_not_automatically_missing,53ae0701ffa2e4c8de844f3c64ccc8daf8296554f3ca1846db6e97df3cc8be86,True,e85cbc674486b1d6431a540b8a15f21cbbb066b89a27e7c61bb3d044bb4ea1b1,True,mapped
plan:61f50e6180a5105a48e3249a1af3d3fe65c6756464b06f9615e3d919ab17f892,A5CF6/89DF8,TEXT,0,3',annotation,0,{},not_delivered_not_automatically_missing,810f3d1791a8a0352cbc1d17d9b18899b82b7394a8de593be6f9abbf32667d2e,True,ee77742fd96ae4dc491b3f6c5b4936ba60084051629101ea03eca9823fa5da21,True,mapped
plan:6271dee9579d7f6dda580061cf304b414117dafa8384415166fb61b908c6929d,A5E0E/89E9E,CIRCLE,0,,graphic_only,0,{},not_delivered_not_automatically_missing,6e6968b842801d587ecd13124fd14b216b3d08cb974aac32274d3ed12ed83d86,True,b0cb865fc8120f4f33a869d574a00fb70a83fc5fd016f359e188d89a559f5a41,True,mapped
plan:628f66db2d03d9ff02e45c45d9fb0f32788bb8170a6584607a9c3f4efea3bb24,A5CBE/89DF8,TEXT,0,3',annotation,0,{},not_delivered_not_automatically_missing,810f3d1791a8a0352cbc1d17d9b18899b82b7394a8de593be6f9abbf32667d2e,True,1290c24ba215560e8b66f12ab48cca3b44bc513c42da5ea067dc3adf54f8ed05,True,mapped
plan:62fd5dbf6a8d6bd85ebcd5a60d3aaca51c1819f350d6f4766a4e98dbdedd01ed,A5A41/89DBC,TEXT,0,NP7,annotation,0,{},not_delivered_not_automatically_missing,b13e5d568faf2d471ebfbe9581cfc9b356e1069a2ebba70bbd826711aa5b5573,True,3baf344f70e722413c7d28508dd96d58501f696cdc2d62e5351ba9777b9e942a,True,mapped
plan:6343d62f8aa85909d711f30f9dd5e2a6a86d3180ed0b6b2222c4ef7faf405676,A5DE4/89DF3,CIRCLE,0,,graphic_only,0,{},not_delivered_not_automatically_missing,0f841fb46c888265d5f317b35c0e65a398fc094d3b55379f46203e974d846b9c,True,362384588c64c0d1941ad9fda85fa7a960ad6cfab96da07a6bea3fa5c10dc074,True,mapped
plan:6344a89b34631528ee08284d58cf3a77c1261a42005040226c48927469784050,A5ABF/89DF8,TEXT,0,3',annotation,0,{},not_delivered_not_automatically_missing,810f3d1791a8a0352cbc1d17d9b18899b82b7394a8de593be6f9abbf32667d2e,True,b2b1b65b277330821444b79ff598175309fc2fd49107519891ce308130f96189,True,mapped
plan:635154aef22a98acd831a7ca373a3d0b1da7d89712f7c69159e9f88d06ef0a07,A5C9B/89DF6,LWPOLYLINE,0,,graphic_only,0,{},not_delivered_not_automatically_missing,24db7c44b695eabf7406ccaa12c94193a8fbd766c0985a29184b660f99328abc,True,8f6bf5f4f99438277f8778c4cf29872ea8f0eddac9d0feef42fdec5f0a43ab59,True,mapped
plan:637a2e5f20ec34e9473b7b7841ce4e1cd130ecc90cddb3551e2279c3eee237e1,A5E4D/89EA3,TEXT,0,3',annotation,0,{},not_delivered_not_automatically_missing,7ce3e88b71d3883dfe85478588f63dafdb56fb8fd95626d4b5a5396a0b91118f,True,590c47c27ce15d3695cf1c3a912bb6b2dfd72d742163b3e9186b3a23cbc2d31c,True,mapped
plan:63993571d47d1d3d50898138ae37ce4e344ec576723a525b44356a678b544002,A5E54/89EA1,LWPOLYLINE,0,,graphic_only,0,{},not_delivered_not_automatically_missing,af98f580656f168c6af8fa98aad5d6d6f1936f796720feee9b2db3fdcca84e68,True,f5d9f9886c2d46ec190132d64655db3b1b5699a8c123d006c1fcdf8a1f52c5a8,True,mapped
plan:640ca84af36c6d81808af7c6f4652244863ed08132e844310c811835ac7f6410,A5E46/89E9D,TEXT,0,NP7,annotation,0,{},not_delivered_not_automatically_missing,96ef904187a815eb69ad0ae695e56cbfbcd8601d3716b5564191327f7e36b795,True,67e8d3062747f76bb709aa94d75142c9896b6930ec9228bc9823a71f346940eb,True,mapped
plan:64176c08f04f3f8adb37df3341ec9e89acaeea81e3c84dcc33d6b8e46fa6198b,A5DCF/89DF6,LWPOLYLINE,0,,graphic_only,0,{},not_delivered_not_automatically_missing,24db7c44b695eabf7406ccaa12c94193a8fbd766c0985a29184b660f99328abc,True,807c68cae7d6e99369442a36ecd85171bff05731b05a0e1c8bb457ca9d442137,True,mapped
plan:647db5ad6a0fe808f3a5903e8a49b01e3001779160bdb722ca340a73bf6e1f00,A5AE2/89DF5,LWPOLYLINE,0,,graphic_only,0,{},not_delivered_not_automatically_missing,53ae0701ffa2e4c8de844f3c64ccc8daf8296554f3ca1846db6e97df3cc8be86,True,8be46d88285287440aae935791640572d685bf876e4d3182ffbe6ab1624fed2f,True,mapped
plan:64c1c7c5a5984a637729f49559bbd40646addcf01e95b03750370279db858bd2,A5A9C/89DF3,CIRCLE,0,,graphic_only,0,{},not_delivered_not_automatically_missing,0f841fb46c888265d5f317b35c0e65a398fc094d3b55379f46203e974d846b9c,True,2008a53c821ced536f82ffba4d7170fbe21727d08f31209ee7223f8e8c9d68bc,True,mapped
plan:6598900b8beb27b5829c445d0c0fec9daf4adb1f28f5a09617b7eea8697f64be,A5DD6/89DF4,TEXT,0,NP7,annotation,0,{},not_delivered_not_automatically_missing,e29c9fd12b489e5651d34ee654c71d896c944c102d784793dcf4bc935190118c,True,1ff5cedb61a78467d648061a54845142ed09fdb96466f802236325c75239fe11,True,mapped
plan:66d6bb6ee8ed166ee5a945f9aaa362ea4be43c430541abff21e364e5a6998fb7,A5E0E/89EA1,LWPOLYLINE,0,,graphic_only,0,{},not_delivered_not_automatically_missing,af98f580656f168c6af8fa98aad5d6d6f1936f796720feee9b2db3fdcca84e68,True,b0cb865fc8120f4f33a869d574a00fb70a83fc5fd016f359e188d89a559f5a41,True,mapped
plan:6765613b354fc1c9919c9c793a2aaaefed4442b2133045bef1fa55e1085b46a1,A5E07/89EA2,TEXT,0,"2,5'",annotation,0,{},not_delivered_not_automatically_missing,5351dd1f3952c803ade0be5316567c5297ddab3fd05499d075493a123a052cdd,True,c4d62cf6bbe1ca357d6de619450bb14be0be4a17c4492fcae56932b6dcdee94b,True,mapped
plan:67ab5019267eb2ca2b9c3fa9e9845453ff5eaf7d781ea1a6823da89b4d203e32,A5A3A/89DBD,CIRCLE,0,,graphic_only,0,{},not_delivered_not_automatically_missing,83bc1027327d153e86fad48787a35c0d80498701d694b98bfe9cfd52a019f141,True,87f6d06ab068fceeebc9e9661b964bdf41ee7414064800e451a460f2788a25ae,True,mapped
plan:67c8e84d2f7e01390253a87bd3bbdc15845db2597288281b5749bc693e3341ca,A5D04/89DF9,TEXT,0,FM,annotation,0,{},not_delivered_not_automatically_missing,d4dbe6279c492e7ab45572c017ea2a6c93d86921c098f8652af97c91f5551e5b,True,1aa573e45573fa8166f7c4d597074caff753f0b91f6b2581795756aa8d24b4ee,True,mapped
plan:686d63826dfda61539e81a9adabe71ee465afd06424f3059fb17252c76bc5e3b,A5A5D/89DF7,TEXT,0,4',annotation,0,{},not_delivered_not_automatically_missing,1d2bcf84b7283e99e5dd9dee72d4f175cb03739c55e9e32bf39de8975e592934,True,d3d0603b4369fdd2a1ca890af7f17b25ae2a5f9c10e2c5d11df162d61da1c502,True,mapped
plan:687b6e4abbb142067d757859d8bc4688f4f8a9f8d3a8d0e7eb8cb23cb3416d94,A5B13/89EA3,TEXT,0,3',annotation,0,{},not_delivered_not_automatically_missing,7ce3e88b71d3883dfe85478588f63dafdb56fb8fd95626d4b5a5396a0b91118f,True,a2febb5342d5aad575847354697ecfcf9b42a8e17cddd708424378f41157f154,True,mapped
plan:687c767e12a1ab20009d9792824fb11d856705111695bcad7235269e78acd1dc,A5E62/89E9E,CIRCLE,0,,graphic_only,0,{},not_delivered_not_automatically_missing,6e6968b842801d587ecd13124fd14b216b3d08cb974aac32274d3ed12ed83d86,True,e59662454e2902fd689485fa2fb158fe42d23f93294cb2037dcd36a758e4de11,True,mapped
plan:688353a7cb136cf5f045357859428c7d1fd6cf638737cbe465b43c0d2c80a9bd,A5E5B/89E9E,CIRCLE,0,,graphic_only,0,{},not_delivered_not_automatically_missing,6e6968b842801d587ecd13124fd14b216b3d08cb974aac32274d3ed12ed83d86,True,d08897ab9fe380a5c18a3f45f85efd0f7bde479725f0820ae4a0a384c0ca70da,True,mapped
plan:688ff3b6f0ff1d5e5bb6400deeab88fe7b48e09abe25a98b33e8a225b235b809,A5E00/89EA3,TEXT,0,3',annotation,0,{},not_delivered_not_automatically_missing,7ce3e88b71d3883dfe85478588f63dafdb56fb8fd95626d4b5a5396a0b91118f,True,ecb82c10c3e6696a17c51df090818108c65122724ae664f25b12e9588adbbf3e,True,mapped
plan:68b42450d608f08824a9034eee7da9d1eb14e738c975eb1e9fe981fb15ddfae5,A5D51/89DF3,CIRCLE,0,,graphic_only,0,{},not_delivered_not_automatically_missing,0f841fb46c888265d5f317b35c0e65a398fc094d3b55379f46203e974d846b9c,True,8dfd19d97e4ebcdecc0bacdf0ea5a05d073e415fe5ccba8635b500b67a9c85c6,True,mapped
plan:692febf270c5e23d017e5077b127f52481ad7d5d40408259d41003196ee1c9de,A5D89/89DF6,LWPOLYLINE,0,,graphic_only,0,{},not_delivered_not_automatically_missing,24db7c44b695eabf7406ccaa12c94193a8fbd766c0985a29184b660f99328abc,True,39800b1f41fa13fc95ff51552e287071d1d57a81f4a87e061abd4f47c7151313,True,mapped
plan:699f654873e417c6e6a58af2f7aa005aa5af79dbabe39994a8d7b785ac22cd89,A5DF2/89EA1,LWPOLYLINE,0,,graphic_only,0,{},not_delivered_not_automatically_missing,af98f580656f168c6af8fa98aad5d6d6f1936f796720feee9b2db3fdcca84e68,True,13ec43f34f2c3764008a7339b7010f0b91fe5d86c11fb0398d74801ea9d47a45,True,mapped
plan:6a082de77292e0366f419ee230ca6bc809acf6d999a73b3652400340d6bdf0c7,A5B05/89EA4,TEXT,0,FM,annotation,0,{},not_delivered_not_automatically_missing,84cd4565ae59b7527143b7c911b02549dd07cb00c176006f9d3a205ae0c73dfd,True,84fa49b07f963e1eb622a1ee0605a5bf6aaa15a948fc4f3a63e0d94ea416f7f1,True,mapped
plan:6a5c9b88de8902484de453bcbc1543eacedde4a1bbb987d6a211fb1f562a9947,A5E1C/89EA2,TEXT,0,"2,5'",annotation,0,{},not_delivered_not_automatically_missing,5351dd1f3952c803ade0be5316567c5297ddab3fd05499d075493a123a052cdd,True,e3d4e2117dcf8971640bf1c846df0c3533f53ceac7a9da5c8f85fcdf4059d5de,True,mapped
plan:6aa15e74c828793b8c8706c0998d3d9f7c8119aca56d7b293d5f1d5ca13f0edd,A5CD3/89DF8,TEXT,0,3',annotation,0,{},not_delivered_not_automatically_missing,810f3d1791a8a0352cbc1d17d9b18899b82b7394a8de593be6f9abbf32667d2e,True,26df2912608f464cea8e65fb5a27dccf0a8a14ed54913c5ec4105e20ec2cf273,True,mapped
plan:6aa578f216afcad343e2cba8bc9606aff2e9ada576021d830251367d148fe900,A5E4D/89E9D,TEXT,0,NP7,annotation,0,{},not_delivered_not_automatically_missing,96ef904187a815eb69ad0ae695e56cbfbcd8601d3716b5564191327f7e36b795,True,590c47c27ce15d3695cf1c3a912bb6b2dfd72d742163b3e9186b3a23cbc2d31c,True,mapped
plan:6aea22b78080acdd4e609977c8b414f52667fceaa89fccebd483755d977bc323,A5DAC/89DF4,TEXT,0,NP7,annotation,0,{},not_delivered_not_automatically_missing,e29c9fd12b489e5651d34ee654c71d896c944c102d784793dcf4bc935190118c,True,d6ab4d6bf4351bf11a44a27bdd68879101ee3c78c140ecbebe137820cf13dc0c,True,mapped
plan:6b5ce0b52bc92e3c6ca025e9f40d5d1931189924560e2c260419911d21afcd9d,A5AF0/89DF8,TEXT,0,3',annotation,0,{},not_delivered_not_automatically_missing,810f3d1791a8a0352cbc1d17d9b18899b82b7394a8de593be6f9abbf32667d2e,True,ca89deb7f333af1cd66546c46e2f8fb62d49a45909cf3538dbd0cb66162cd919,True,mapped
plan:6bcafd40207ec35ac0152212f5e0204782a6aedaaac9f86d78190d33a8cc03f9,A5D19/89DF8,TEXT,0,3',annotation,0,{},not_delivered_not_automatically_missing,810f3d1791a8a0352cbc1d17d9b18899b82b7394a8de593be6f9abbf32667d2e,True,19f00d9538053ed76fc0debd88d00af85bf2b007c0b2d04c43b2110b71bb98c1,True,mapped
plan:6bd0f1bbc8c55c894964b7f06f543739a6370ff22cb2cb49337ece5cd96c291d,A5A33/89DBF,LWPOLYLINE,0,,graphic_only,0,{},not_delivered_not_automatically_missing,c07102c6de18cba8dda3b081df7031e14310b87fe90545ff09e1d52706168402,True,c15611cf9a1c8167e9a00028c24643f9070bd1cb7049035f3456e5b487f7a047,True,mapped
plan:6c8f071878b8f6ed23a438d832358286e496b2afa248d6a72c65916f4b8c93d8,A5CEF/89DF6,LWPOLYLINE,0,,graphic_only,0,{},not_delivered_not_automatically_missing,24db7c44b695eabf7406ccaa12c94193a8fbd766c0985a29184b660f99328abc,True,3aead4bb20a9d55990e7e88d6b629548de7a76136bc910c3e3d5e79afd9dbc2f,True,mapped
plan:6cb5b3042871c19fa2787ec12dc7e26b3581ac558d48b51d578bbe676c30a6fc,A5A33/89DBC,TEXT,0,NP7,annotation,0,{},not_delivered_not_automatically_missing,b13e5d568faf2d471ebfbe9581cfc9b356e1069a2ebba70bbd826711aa5b5573,True,c15611cf9a1c8167e9a00028c24643f9070bd1cb7049035f3456e5b487f7a047,True,mapped
plan:6cf49768d1c18c46c10b5d7fb1a54547ae74a10c4530a751a9c6e0a5c6d29fe2,A5A3A/89DBF,LWPOLYLINE,0,,graphic_only,0,{},not_delivered_not_automatically_missing,c07102c6de18cba8dda3b081df7031e14310b87fe90545ff09e1d52706168402,True,87f6d06ab068fceeebc9e9661b964bdf41ee7414064800e451a460f2788a25ae,True,mapped
plan:6d687cbadc84e2b17b30e508965e1b370ee667fc133c986684483035dec931f8,A5AF7/89DF8,TEXT,0,3',annotation,0,{},not_delivered_not_automatically_missing,810f3d1791a8a0352cbc1d17d9b18899b82b7394a8de593be6f9abbf32667d2e,True,122d9e5b13371416a52b99908daefdfea6624a36129997321162899af051e6f5,True,mapped
plan:6dcb5abc7ea66ebebfcd8f4103b352a45309aac3d116ac435df07b9b3a2f1772,A5B1A/89EA2,TEXT,0,"2,5'",annotation,0,{},not_delivered_not_automatically_missing,5351dd1f3952c803ade0be5316567c5297ddab3fd05499d075493a123a052cdd,True,1a22a8ed37c92321f1063c06a54229f13282c571123535ef5607b8812378ca05,True,mapped
plan:6e88531a6e39c996cca3963eb0193b92cdd527bebc8e7c2ea9a1ee7d4fb22d32,A5E91/89DC3,TEXT,0,FM,annotation,0,{},not_delivered_not_automatically_missing,9a6675bc781abc2abd24c2058656b8aacd7c3ac597572fa58676916a791f3128,True,b094449b79d9edf9f83633e031bf344d862d645a4936f58757670ca30a8037ed,True,mapped
plan:6ec7571a01d72e89cdc297d5c4b149fb6cb9dc353a2fa0b3719021a1a38d2827,A5AE9/89DF8,TEXT,0,3',annotation,0,{},not_delivered_not_automatically_missing,810f3d1791a8a0352cbc1d17d9b18899b82b7394a8de593be6f9abbf32667d2e,True,828205d0d82b080b70a1c7d98688c11a9a4c3a590948ec8be673c4113182719e,True,mapped
plan:6f5beefb64ddb72bb29eec447717d86bbd57afa21aa13608311c21bb5303a728,A5C9B/89DF8,TEXT,0,3',annotation,0,{},not_delivered_not_automatically_missing,810f3d1791a8a0352cbc1d17d9b18899b82b7394a8de593be6f9abbf32667d2e,True,8f6bf5f4f99438277f8778c4cf29872ea8f0eddac9d0feef42fdec5f0a43ab59,True,mapped
plan:6f8ad8550251bb6237fdacc5e7a3a6bbb28efc0fc5bd95629eadf264b008f39d,A5ACD/89DF2,TEXT,0,NP7,annotation,0,{},not_delivered_not_automatically_missing,8fd348c85e664bf0238302268288d8081b842053849bb9874852fe762c08515c,True,3d81e2dc5ca214f6ba3022815d2e6e4ae7f299d651da66fba358fc701fc3b37a,True,mapped
plan:6fc8ff17e72fc42eb6b5997dd6b053dd947861d2c30cdfaf7e43981bf32e3484,A5A64/89DF4,TEXT,0,NP7,annotation,0,{},not_delivered_not_automatically_missing,e29c9fd12b489e5651d34ee654c71d896c944c102d784793dcf4bc935190118c,True,7e84e1f0e7d895f8b2f5b6d23295bbd13f6404d5eccac011ee7af5fca9a489cb,True,mapped
plan:6fd7f9c07a2327be974b5f823fbf6de1b8a5319dcaf571f2e38a7c6ec9803209,A5CCC/89DF7,TEXT,0,4',annotation,0,{},not_delivered_not_automatically_missing,1d2bcf84b7283e99e5dd9dee72d4f175cb03739c55e9e32bf39de8975e592934,True,0e7a0eb41b2d674224b43ba8650c8bce469a49883f58de92ef1e2a516ca5d6b2,True,mapped
plan:7009fd98fb4024b8949266f73393df1b8c56c742fa66603f22c04d3a9138916d,A5AAA/89DF5,LWPOLYLINE,0,,graphic_only,0,{},not_delivered_not_automatically_missing,53ae0701ffa2e4c8de844f3c64ccc8daf8296554f3ca1846db6e97df3cc8be86,True,3ae1840840b002cd4d22d0d4717da554f059e2df5122c72e8800399114df28b8,True,mapped
plan:70560458f6d29309b36df4e0834b3abaf4e90efa6c18170df0aa132f08f69cb7,A5D90/89DF7,TEXT,0,4',annotation,0,{},not_delivered_not_automatically_missing,1d2bcf84b7283e99e5dd9dee72d4f175cb03739c55e9e32bf39de8975e592934,True,fc15910fd667a011681c79766ac9af1c6ecc51faa2a18d01e50a4d2a72286199,True,mapped
plan:70a1981e3fb1a09ef0961a5f88414d0b8ee11da9aeb338f0a6e5667e672bf866,A5D74/89DF3,CIRCLE,0,,graphic_only,0,{},not_delivered_not_automatically_missing,0f841fb46c888265d5f317b35c0e65a398fc094d3b55379f46203e974d846b9c,True,14a88b1d659ba367dc172a71a56f5dcab9781430868a6e7db1c982af8b5a0d78,True,mapped
plan:70a4d9e2a0579be2fd4962baea419b43c363cd95349ba56d6d9b6770b40988a0,A5E9F/89DC2,TEXT,0,3',annotation,0,{},not_delivered_not_automatically_missing,b25b85771d736d7beb8948b94983005a8899c6f84ce05460d072ec93a109d353,True,fcc1d6929e6b3019c89a37fca9583da13ac6d16f69e0ee2a02df17f32ef1d267,True,mapped
plan:70e04b9e8a6ea4782dc7da24290f6db181ba5fee0788e8bb367e69e3285bccc8,A5CE8/89DF7,TEXT,0,4',annotation,0,{},not_delivered_not_automatically_missing,1d2bcf84b7283e99e5dd9dee72d4f175cb03739c55e9e32bf39de8975e592934,True,17409cb7925c9f3f4a23c3073f85ad4a8d59df335d07607af41b86e6d4a2401c,True,mapped
plan:710a42612b0fa7c44e849b56ec5ad7dc8db97f059b9ea364082fdf07235871de,A5AAA/89DF4,TEXT,0,NP7,annotation,0,{},not_delivered_not_automatically_missing,e29c9fd12b489e5651d34ee654c71d896c944c102d784793dcf4bc935190118c,True,3ae1840840b002cd4d22d0d4717da554f059e2df5122c72e8800399114df28b8,True,mapped
plan:71381a5e5a85c5cdfb1d3b542e86095a1728591d17e62db82fcaad827d9ef3c8,A5DBA/89DF4,TEXT,0,NP7,annotation,0,{},not_delivered_not_automatically_missing,e29c9fd12b489e5651d34ee654c71d896c944c102d784793dcf4bc935190118c,True,c275d16332cf941bcd56fc29cd78a99e4aefcd815f4090cd98edff034314aaf4,True,mapped
plan:713f37cf32c4ee7738df7f669f75d73c7eaa24ccef6ae6fcb9f3924265c2591f,A5DF9/89EA2,TEXT,0,"2,5'",annotation,0,{},not_delivered_not_automatically_missing,5351dd1f3952c803ade0be5316567c5297ddab3fd05499d075493a123a052cdd,True,ebdcc247042227c71b49488bf005e51b4f8ed85a6eb665f6be48ebc26682eedb,True,mapped
plan:715c374af97dfc942cd55a75179b2f2a2814ea0a8dc9a9ee01d1bc5142889fde,A5E62/89EA4,TEXT,0,FM,annotation,0,{},not_delivered_not_automatically_missing,84cd4565ae59b7527143b7c911b02549dd07cb00c176006f9d3a205ae0c73dfd,True,e59662454e2902fd689485fa2fb158fe42d23f93294cb2037dcd36a758e4de11,True,mapped
plan:71a30719a77a4e5d4243e831bb544db63349297b5d4ff7b695192ad0c8a28e47,A5CA9/89DF5,LWPOLYLINE,0,,graphic_only,0,{},not_delivered_not_automatically_missing,53ae0701ffa2e4c8de844f3c64ccc8daf8296554f3ca1846db6e97df3cc8be86,True,663b9c9805dde228515562477c0e3e9ff42d3111d7887c67481d8a998c479345,True,mapped
plan:72008faf130cde9eb4509855c1deefd59c1fffed4ff4479f064f7016ff506c67,A5DDD/89DF7,TEXT,0,4',annotation,0,{},not_delivered_not_automatically_missing,1d2bcf84b7283e99e5dd9dee72d4f175cb03739c55e9e32bf39de8975e592934,True,a0b0bcd7e1e8c0061ec45fa363192b5e9f71b069743e9be867e099717ceb5cc5,True,mapped
plan:720730d2d4e39bb76141e62fbc57ad44976c8fee6698b26831bd0a3a502d06aa,A5D4A/89DF6,LWPOLYLINE,0,,graphic_only,0,{},not_delivered_not_automatically_missing,24db7c44b695eabf7406ccaa12c94193a8fbd766c0985a29184b660f99328abc,True,de676ca1ae5bdd426bd30c2b4eb52cf2f49930c8b11945787e71d54985bea60a,True,mapped
plan:739d98026b5b0c70eec93d71ee841894f84c81cd40ddb06c77c8a800e024af97,A5A9C/89DF6,LWPOLYLINE,0,,graphic_only,0,{},not_delivered_not_automatically_missing,24db7c44b695eabf7406ccaa12c94193a8fbd766c0985a29184b660f99328abc,True,2008a53c821ced536f82ffba4d7170fbe21727d08f31209ee7223f8e8c9d68bc,True,mapped
plan:73eed8be0a5ece3c784bbe7df8a07e070be030e671300040c5ea0a442ccb198c,A5D51/89DF2,TEXT,0,NP7,annotation,0,{},not_delivered_not_automatically_missing,8fd348c85e664bf0238302268288d8081b842053849bb9874852fe762c08515c,True,8dfd19d97e4ebcdecc0bacdf0ea5a05d073e415fe5ccba8635b500b67a9c85c6,True,mapped
plan:74bb8ac1a97e0ca8f7acddf6e69830bd2d4b493ef29a3b85d0325fbfce2ee38a,A5B05/89EA0,LWPOLYLINE,0,,graphic_only,0,{},not_delivered_not_automatically_missing,722179b311dea719d26c64eb9287cf206ffc89352caf98b23d03562d3617e3a0,True,84fa49b07f963e1eb622a1ee0605a5bf6aaa15a948fc4f3a63e0d94ea416f7f1,True,mapped
plan:74e776abb20bb89d2a28b60c77b6bcab8f2c66b604b91426513b746be6287426,A5AAA/89DF7,TEXT,0,4',annotation,0,{},not_delivered_not_automatically_missing,1d2bcf84b7283e99e5dd9dee72d4f175cb03739c55e9e32bf39de8975e592934,True,3ae1840840b002cd4d22d0d4717da554f059e2df5122c72e8800399114df28b8,True,mapped
plan:754dc336ba04a4dca3f97fd9cd8d9c9d0221e2e5f48ab15875a2fa6bb9c30314,A5E9F/89DBE,TEXT,0,NP7,annotation,0,{},not_delivered_not_automatically_missing,bfad6a98feeecd45121d497c39d4c9bbdad75dcbc2ff7cf1680e0fffa2787122,True,fcc1d6929e6b3019c89a37fca9583da13ac6d16f69e0ee2a02df17f32ef1d267,True,mapped
plan:75772cb72c5492414fdf7a392bcab6500a9996b3db90e1f34fbb1d879d6ea944,A5AB8/89DF2,TEXT,0,NP7,annotation,0,{},not_delivered_not_automatically_missing,8fd348c85e664bf0238302268288d8081b842053849bb9874852fe762c08515c,True,dc2468dd827a7432790bf6345f31ab92122af8a273700cf1b271e31ecb095d5a,True,mapped
plan:758b3917c06dd455724f1f3e0f92684381af976ddf02984b1c98331fcfdf6c50,A5D19/89DF5,LWPOLYLINE,0,,graphic_only,0,{},not_delivered_not_automatically_missing,53ae0701ffa2e4c8de844f3c64ccc8daf8296554f3ca1846db6e97df3cc8be86,True,19f00d9538053ed76fc0debd88d00af85bf2b007c0b2d04c43b2110b71bb98c1,True,mapped
plan:75b4fac5a4720b221551283071cc4b6d7b6a1a475d57015de5377030949d3a11,A5E38/89E9F,TEXT,0,NP7,annotation,0,{},not_delivered_not_automatically_missing,dfb3c771ddec8dc0d8ea98a7f4f2d79eacbff89e598155c4f0633fd52abfa72b,True,a8a031f7194ad4eaba43f51dcde4252e7be58772d38c4d99f9fc015e728f0230,True,mapped
plan:75ed1f24517887b1d8331b1dae09c5f448edb01554db292832976fa86c6ad593,A5E9F/89DBC,TEXT,0,NP7,annotation,0,{},not_delivered_not_automatically_missing,b13e5d568faf2d471ebfbe9581cfc9b356e1069a2ebba70bbd826711aa5b5573,True,fcc1d6929e6b3019c89a37fca9583da13ac6d16f69e0ee2a02df17f32ef1d267,True,mapped
plan:76044e9ab6df9c9b6d7e4de9b1698d958b5c0d1bcb83d50e872e72ca49ca1b1f,A5D43/89DF3,CIRCLE,0,,graphic_only,0,{},not_delivered_not_automatically_missing,0f841fb46c888265d5f317b35c0e65a398fc094d3b55379f46203e974d846b9c,True,e28013158a11bdcfeaa5668a006fdb68b696a05469ca7af943ab486e37ad56ac,True,mapped
plan:7610781583a5a17ed48e96e4425c41fb1f4e7a1e611e5ac33306680741bd7ae8,A5AE9/89DF3,CIRCLE,0,,graphic_only,0,{},not_delivered_not_automatically_missing,0f841fb46c888265d5f317b35c0e65a398fc094d3b55379f46203e974d846b9c,True,828205d0d82b080b70a1c7d98688c11a9a4c3a590948ec8be673c4113182719e,True,mapped
plan:7661726f951bd744fd3b58ba570e49d9295a60f70ba30ae60f3d858dacefd392,A5D4A/89DF9,TEXT,0,FM,annotation,0,{},not_delivered_not_automatically_missing,d4dbe6279c492e7ab45572c017ea2a6c93d86921c098f8652af97c91f5551e5b,True,de676ca1ae5bdd426bd30c2b4eb52cf2f49930c8b11945787e71d54985bea60a,True,mapped
plan:7684ab0756f41cca289ca9fb98d4cdd72e09fc6a794ec59686ff60e2cbacf3be,A5D04/89DF2,TEXT,0,NP7,annotation,0,{},not_delivered_not_automatically_missing,8fd348c85e664bf0238302268288d8081b842053849bb9874852fe762c08515c,True,1aa573e45573fa8166f7c4d597074caff753f0b91f6b2581795756aa8d24b4ee,True,mapped
plan:7695565a0314fbb459dd3db2d7128124facccb0ad174729a6e30efac0c9d98cb,A5CBE/89DF6,LWPOLYLINE,0,,graphic_only,0,{},not_delivered_not_automatically_missing,24db7c44b695eabf7406ccaa12c94193a8fbd766c0985a29184b660f99328abc,True,1290c24ba215560e8b66f12ab48cca3b44bc513c42da5ea067dc3adf54f8ed05,True,mapped
plan:76d8bce224d1ac72d2c9e4980d20810b92a3be362019778a80c16932ced109a8,A5CC5/89DF3,CIRCLE,0,,graphic_only,0,{},not_delivered_not_automatically_missing,0f841fb46c888265d5f317b35c0e65a398fc094d3b55379f46203e974d846b9c,True,51b760ffc3d5e6ecf0f75c8bd282d5e6c33a9048df752448e8d4d498087aa02a,True,mapped
plan:7791946c78beb3e81b3e780c24405b5943c277dc774aae1ce5f0efb918001664,A5AB8/89DF9,TEXT,0,FM,annotation,0,{},not_delivered_not_automatically_missing,d4dbe6279c492e7ab45572c017ea2a6c93d86921c098f8652af97c91f5551e5b,True,dc2468dd827a7432790bf6345f31ab92122af8a273700cf1b271e31ecb095d5a,True,mapped
plan:787d9ed45b8ef25c1d3447c547639ca3439858fef616be76403c54872a05686f,A5D19/89DF7,TEXT,0,4',annotation,0,{},not_delivered_not_automatically_missing,1d2bcf84b7283e99e5dd9dee72d4f175cb03739c55e9e32bf39de8975e592934,True,19f00d9538053ed76fc0debd88d00af85bf2b007c0b2d04c43b2110b71bb98c1,True,mapped
plan:79133c7b9bf7fe057de1c1b565115bda5e6518891e382e3fd919e2af42220318,A5DB3/89DF5,LWPOLYLINE,0,,graphic_only,0,{},not_delivered_not_automatically_missing,53ae0701ffa2e4c8de844f3c64ccc8daf8296554f3ca1846db6e97df3cc8be86,True,2d1405bc93a484192a94d2f7beb9878bba13bb3ea7ca1818d854439018f70033,True,mapped
plan:7924dac0463397023a8b2ab3f3cd4a8f439ee851b3cdac0a386b14ca77910815,A5D90/89DF5,LWPOLYLINE,0,,graphic_only,0,{},not_delivered_not_automatically_missing,53ae0701ffa2e4c8de844f3c64ccc8daf8296554f3ca1846db6e97df3cc8be86,True,fc15910fd667a011681c79766ac9af1c6ecc51faa2a18d01e50a4d2a72286199,True,mapped
plan:793aa48cbc84127b8f12913a10cbe0737b374dfb6f7dc17d43a0b6aef4fdee6e,A5CE1/89DF3,CIRCLE,0,,graphic_only,0,{},not_delivered_not_automatically_missing,0f841fb46c888265d5f317b35c0e65a398fc094d3b55379f46203e974d846b9c,True,531e6b0eac6a18bb6bb55fcbf51a733c3ac3d15e6217acbe76eac7ba61a3c57d,True,mapped
plan:7a09aff9c27f7138410e31d503fecbf6efe94c3c989ddbb2766e7755cb63d67b,A5D2E/89DF2,TEXT,0,NP7,annotation,0,{},not_delivered_not_automatically_missing,8fd348c85e664bf0238302268288d8081b842053849bb9874852fe762c08515c,True,7e3294d6e9cf28cf92cf67041537895be3437710d7fd5863e88d80d59124535e,True,mapped
plan:7ab37a591fffe2b19605d756bc66ea782cc841fc7a685b37ff691cdcd4719398,A5DCF/89DF2,TEXT,0,NP7,annotation,0,{},not_delivered_not_automatically_missing,8fd348c85e664bf0238302268288d8081b842053849bb9874852fe762c08515c,True,807c68cae7d6e99369442a36ecd85171bff05731b05a0e1c8bb457ca9d442137,True,mapped
plan:7ac7fa79518d80b48fb9b04eef276ea74f18a22c0d1562730acf6080a849e1f8,A5D3C/89DF4,TEXT,0,NP7,annotation,0,{},not_delivered_not_automatically_missing,e29c9fd12b489e5651d34ee654c71d896c944c102d784793dcf4bc935190118c,True,0cb6ecd09734702bb051a2ed4b5f0ea8d7e86579a5841caef95d6224bdb1a0f7,True,mapped
plan:7b35a3e767824792266e3a199152f794e1724a314079b8428d6ba0797cc8ea0c,A5AAA/89DF6,LWPOLYLINE,0,,graphic_only,0,{},not_delivered_not_automatically_missing,24db7c44b695eabf7406ccaa12c94193a8fbd766c0985a29184b660f99328abc,True,3ae1840840b002cd4d22d0d4717da554f059e2df5122c72e8800399114df28b8,True,mapped
plan:7bd66d9d6397cf0f63ca30ce3b9b574fed5126e8ec95a90b9a0f5fd38bfd9bb6,A5E07/89EA0,LWPOLYLINE,0,,graphic_only,0,{},not_delivered_not_automatically_missing,722179b311dea719d26c64eb9287cf206ffc89352caf98b23d03562d3617e3a0,True,c4d62cf6bbe1ca357d6de619450bb14be0be4a17c4492fcae56932b6dcdee94b,True,mapped
plan:7c5aadc8c51da713af5ef70399ea20008c43a6342b1cd11d64d87c2e886a3f31,A5AB1/89DF5,LWPOLYLINE,0,,graphic_only,0,{},not_delivered_not_automatically_missing,53ae0701ffa2e4c8de844f3c64ccc8daf8296554f3ca1846db6e97df3cc8be86,True,bb5c3d3c9020bf5a3e871c422ac4ee3352bb86d6c93b142186a6fb463bf1e0ba,True,mapped
plan:7ce02219b4033fad9f04286f5a425f939b2ad73cf9ea51cb8ecdce7b818ef94e,A5E77/89E9F,TEXT,0,NP7,annotation,0,{},not_delivered_not_automatically_missing,dfb3c771ddec8dc0d8ea98a7f4f2d79eacbff89e598155c4f0633fd52abfa72b,True,0bd3abf6a91155510dbebdb0353f4976967d14120fec70e52a5883395b16c390,True,mapped
plan:7d011a1ee7752865eddbe8802b551d6a827b69323ab05429910604cad142110b,A5AFE/89DF3,CIRCLE,0,,graphic_only,0,{},not_delivered_not_automatically_missing,0f841fb46c888265d5f317b35c0e65a398fc094d3b55379f46203e974d846b9c,True,2b5de1323566cb3a7a2cf7d8c62a635c01f4a4ef8895142435dbc576908e277e,True,mapped
plan:7d06649e24469236cf464273980b510a58c416e0dce40edf1462a1f6e79c77ab,A5CE1/89DF2,TEXT,0,NP7,annotation,0,{},not_delivered_not_automatically_missing,8fd348c85e664bf0238302268288d8081b842053849bb9874852fe762c08515c,True,531e6b0eac6a18bb6bb55fcbf51a733c3ac3d15e6217acbe76eac7ba61a3c57d,True,mapped
plan:7d4aee300fc2cce4299fa0fb3f294f92864682af298132318e1a5180f5505948,A5A9C/89DF5,LWPOLYLINE,0,,graphic_only,0,{},not_delivered_not_automatically_missing,53ae0701ffa2e4c8de844f3c64ccc8daf8296554f3ca1846db6e97df3cc8be86,True,2008a53c821ced536f82ffba4d7170fbe21727d08f31209ee7223f8e8c9d68bc,True,mapped
plan:7d927ff5fb389586cdbce6d8b0e49f963a3d00dac5e440c272ac097c5b1c368a,A5D51/89DF8,TEXT,0,3',annotation,0,{},not_delivered_not_automatically_missing,810f3d1791a8a0352cbc1d17d9b18899b82b7394a8de593be6f9abbf32667d2e,True,8dfd19d97e4ebcdecc0bacdf0ea5a05d073e415fe5ccba8635b500b67a9c85c6,True,mapped
plan:7e3e9e594b613e9e4077df242e946d89f295435c26934fb5a06a1e3e57770574,A5E07/89E9F,TEXT,0,NP7,annotation,0,{},not_delivered_not_automatically_missing,dfb3c771ddec8dc0d8ea98a7f4f2d79eacbff89e598155c4f0633fd52abfa72b,True,c4d62cf6bbe1ca357d6de619450bb14be0be4a17c4492fcae56932b6dcdee94b,True,mapped
plan:7e4a1cb320d3cd454ddc1ff960ed2d4e1c303bdadd622b004e61d066e7a582a0,A5D20/89DF4,TEXT,0,NP7,annotation,0,{},not_delivered_not_automatically_missing,e29c9fd12b489e5651d34ee654c71d896c944c102d784793dcf4bc935190118c,True,6e24fbfc7cc9485411bd452079076b52b42aa48dcb6760dacb3dfd1d134d1773,True,mapped
plan:7e748db5a971ca9e4bb6e824658ae575501b6d33b221842ef05ef24c45365f7a,A5D43/89DF6,LWPOLYLINE,0,,graphic_only,0,{},not_delivered_not_automatically_missing,24db7c44b695eabf7406ccaa12c94193a8fbd766c0985a29184b660f99328abc,True,e28013158a11bdcfeaa5668a006fdb68b696a05469ca7af943ab486e37ad56ac,True,mapped
plan:7ec6165a89500d52611b32e48ff7eb360d5d7344ed011069704b8177dd49950a,A5CE1/89DF8,TEXT,0,3',annotation,0,{},not_delivered_not_automatically_missing,810f3d1791a8a0352cbc1d17d9b18899b82b7394a8de593be6f9abbf32667d2e,True,531e6b0eac6a18bb6bb55fcbf51a733c3ac3d15e6217acbe76eac7ba61a3c57d,True,mapped
plan:7ec8e6be7d875f11796e5932750502e477f9a5ff79fa9aa8d41f0e9334a8d935,A5CB7/89DF2,TEXT,0,NP7,annotation,0,{},not_delivered_not_automatically_missing,8fd348c85e664bf0238302268288d8081b842053849bb9874852fe762c08515c,True,dc8e956173c10e660f9cdbd982059db74f9b1addb745ce58e37bd79ad7354ef0,True,mapped
plan:7fa1c12a557bc99ffd6d4b1a1077cc1bed0977cd5ade257e1108d02fd1fdc845,A5AB1/89DF2,TEXT,0,NP7,annotation,0,{},not_delivered_not_automatically_missing,8fd348c85e664bf0238302268288d8081b842053849bb9874852fe762c08515c,True,bb5c3d3c9020bf5a3e871c422ac4ee3352bb86d6c93b142186a6fb463bf1e0ba,True,mapped
plan:7fb61ea6514295abebc11c3f16814fc3f5ec85fbd9fb32679a94fd2b709f2361,A5AF0/89DF6,LWPOLYLINE,0,,graphic_only,0,{},not_delivered_not_automatically_missing,24db7c44b695eabf7406ccaa12c94193a8fbd766c0985a29184b660f99328abc,True,ca89deb7f333af1cd66546c46e2f8fb62d49a45909cf3538dbd0cb66162cd919,True,mapped
plan:7fdbafb71fad53fbcee89376ce23a90fcf0ecfc4d054840df2aeaad60c396a71,A5E1C/89E9E,CIRCLE,0,,graphic_only,0,{},not_delivered_not_automatically_missing,6e6968b842801d587ecd13124fd14b216b3d08cb974aac32274d3ed12ed83d86,True,e3d4e2117dcf8971640bf1c846df0c3533f53ceac7a9da5c8f85fcdf4059d5de,True,mapped
plan:802dfd70dc2d576514fa81654d29c88601b57708f07b1ee2239c8b6bb2bae1ed,A5D90/89DF6,LWPOLYLINE,0,,graphic_only,0,{},not_delivered_not_automatically_missing,24db7c44b695eabf7406ccaa12c94193a8fbd766c0985a29184b660f99328abc,True,fc15910fd667a011681c79766ac9af1c6ecc51faa2a18d01e50a4d2a72286199,True,mapped
plan:806f3ea8a814a9bf57879036a88534101387d2501891a7886b5fa522b0331862,A5DC8/89DF9,TEXT,0,FM,annotation,0,{},not_delivered_not_automatically_missing,d4dbe6279c492e7ab45572c017ea2a6c93d86921c098f8652af97c91f5551e5b,True,a891ef5eaf7def9c4c48adca62f7393501731b06fe3fa7f5864e7ac8d6c4cde5,True,mapped
plan:817abf0a5eee4031618106e60f28c10ef7710936102318a274c613dfb00d3449,A5E1C/89EA0,LWPOLYLINE,0,,graphic_only,0,{},not_delivered_not_automatically_missing,722179b311dea719d26c64eb9287cf206ffc89352caf98b23d03562d3617e3a0,True,e3d4e2117dcf8971640bf1c846df0c3533f53ceac7a9da5c8f85fcdf4059d5de,True,mapped
plan:821657b89b4cb29698dd270b88fb8bd5baccd4007ff4b0aaa9c8357e83559692,A5DF2/89EA4,TEXT,0,FM,annotation,0,{},not_delivered_not_automatically_missing,84cd4565ae59b7527143b7c911b02549dd07cb00c176006f9d3a205ae0c73dfd,True,13ec43f34f2c3764008a7339b7010f0b91fe5d86c11fb0398d74801ea9d47a45,True,mapped
plan:821a95b0331ce1eb72a0ecdbe088a81b6f58301beebb10cba5c9e6823e177071,A5D6D/89DF7,TEXT,0,4',annotation,0,{},not_delivered_not_automatically_missing,1d2bcf84b7283e99e5dd9dee72d4f175cb03739c55e9e32bf39de8975e592934,True,721c66788d2c986db9b0deefef9106e7f935f4d6c6e98e4a08d2c88c7468eca8,True,mapped
plan:82a47f673302bb39e60f6afe7beb08a9594a764d83a1307d690a91138742d718,A5DDD/89DF4,TEXT,0,NP7,annotation,0,{},not_delivered_not_automatically_missing,e29c9fd12b489e5651d34ee654c71d896c944c102d784793dcf4bc935190118c,True,a0b0bcd7e1e8c0061ec45fa363192b5e9f71b069743e9be867e099717ceb5cc5,True,mapped
plan:83d031a2767b6dcc88cfff88d6e383baf6af3b8f4a5a6dde408397a6c16e02b9,A5D04/89DF3,CIRCLE,0,,graphic_only,0,{},not_delivered_not_automatically_missing,0f841fb46c888265d5f317b35c0e65a398fc094d3b55379f46203e974d846b9c,True,1aa573e45573fa8166f7c4d597074caff753f0b91f6b2581795756aa8d24b4ee,True,mapped
plan:8400290ea9517fccc1ac2ac6e0120e3e163c254a32c85a7ae3d70c8f54daf9a8,A5E31/89E9F,TEXT,0,NP7,annotation,0,{},not_delivered_not_automatically_missing,dfb3c771ddec8dc0d8ea98a7f4f2d79eacbff89e598155c4f0633fd52abfa72b,True,9373f4b38531e6df065c77cf1e90182155f9377ece4d1182a239f6fbce5a8f6b,True,mapped
plan:84213ff5e6914c88fabc67c9af19d116b67dcce6313a6e9fde9ae9ae0397fb67,A5A95/89DF7,TEXT,0,4',annotation,0,{},not_delivered_not_automatically_missing,1d2bcf84b7283e99e5dd9dee72d4f175cb03739c55e9e32bf39de8975e592934,True,5fb39fe05d37755fa3e2b3a89cfbb6a8f7620720dffae291f06a670f21798188,True,mapped
plan:8476e2903790b83b55ee7336ddc51a6eb77ead8da4c9127c669c3df087b6fc0e,A5E2A/89EA1,LWPOLYLINE,0,,graphic_only,0,{},not_delivered_not_automatically_missing,af98f580656f168c6af8fa98aad5d6d6f1936f796720feee9b2db3fdcca84e68,True,8c891a0cb09573a047c53091ad2989c4a6b5e063859afdd167e888dee9971377,True,mapped
plan:84cd9d80c55de0f07853ecada7e2a62c56cdc2dbc809eb93892b4e96a343dcd5,A5E7E/89E9D,TEXT,0,NP7,annotation,0,{},not_delivered_not_automatically_missing,96ef904187a815eb69ad0ae695e56cbfbcd8601d3716b5564191327f7e36b795,True,e0f132cc7831cbecc1d4649cce35d00120ce1bf3a02e1a611bc52363de952f6e,True,mapped
plan:84fbae256473c16437b0ef0a041160aa35d1721265263990a44e569d0e939d33,A5AF0/89DF4,TEXT,0,NP7,annotation,0,{},not_delivered_not_automatically_missing,e29c9fd12b489e5651d34ee654c71d896c944c102d784793dcf4bc935190118c,True,ca89deb7f333af1cd66546c46e2f8fb62d49a45909cf3538dbd0cb66162cd919,True,mapped
plan:858ab2754d02b121fcda30dadb9179eb4b4b1756054f60ba2b93f027c7e35761,A5DE4/89DF2,TEXT,0,NP7,annotation,0,{},not_delivered_not_automatically_missing,8fd348c85e664bf0238302268288d8081b842053849bb9874852fe762c08515c,True,362384588c64c0d1941ad9fda85fa7a960ad6cfab96da07a6bea3fa5c10dc074,True,mapped
plan:85f5f4b11e6ff5a7fa315e2a1944caaef902ee28f986d400583a9f44f896a15d,A5CDA/89DF6,LWPOLYLINE,0,,graphic_only,0,{},not_delivered_not_automatically_missing,24db7c44b695eabf7406ccaa12c94193a8fbd766c0985a29184b660f99328abc,True,ce0f6ba5aca29fb894533d9c9c9496116e741cf027fa0d9716276305fbb0040b,True,mapped
plan:8607f607e80a9bee80b374d5c324c2ad4d21a7bf7ed9c91d29de9424a0740bf8,A5AA3/89DF5,LWPOLYLINE,0,,graphic_only,0,{},not_delivered_not_automatically_missing,53ae0701ffa2e4c8de844f3c64ccc8daf8296554f3ca1846db6e97df3cc8be86,True,e76f8620fda0141e72fef08b2ec82c1742b3a384f822ee67f8b23d572b371b01,True,mapped
plan:8653b8788a3f0d6fb7e2e77d7176dae98759af223fde54d61e2c2f670cc5cf5c,A5ACD/89DF5,LWPOLYLINE,0,,graphic_only,0,{},not_delivered_not_automatically_missing,53ae0701ffa2e4c8de844f3c64ccc8daf8296554f3ca1846db6e97df3cc8be86,True,3d81e2dc5ca214f6ba3022815d2e6e4ae7f299d651da66fba358fc701fc3b37a,True,mapped
plan:8656ec19271931dedd0d2945817133d6dd30d6a363a11f74a0db74bfb95e429e,A5A33/89DC1,TEXT,0,4',annotation,0,{},not_delivered_not_automatically_missing,149a333f5971cf1f6c766bf110555f68867e8a4f3d9b8fc70e8f060f3224f7e3,True,c15611cf9a1c8167e9a00028c24643f9070bd1cb7049035f3456e5b487f7a047,True,mapped
plan:86aba3890934c2688b9722d5a6dd3ed49b97a35237e8030aca4f3f3d73b02c41,A5A79/89DF9,TEXT,0,FM,annotation,0,{},not_delivered_not_automatically_missing,d4dbe6279c492e7ab45572c017ea2a6c93d86921c098f8652af97c91f5551e5b,True,55b87638afac3208308015ec16dc1770f15efd8e653ed68ea5576a120fe7d585,True,mapped
plan:86f3e1a1993416574b01f11d19070815a311603ba72d2169427b642d88406d24,A5DB3/89DF9,TEXT,0,FM,annotation,0,{},not_delivered_not_automatically_missing,d4dbe6279c492e7ab45572c017ea2a6c93d86921c098f8652af97c91f5551e5b,True,2d1405bc93a484192a94d2f7beb9878bba13bb3ea7ca1818d854439018f70033,True,mapped
plan:8742b8ae74a4379eb61e5b8567744c7bb103ae3561ec7f2d1b1a08a7df6fe354,A5AA3/89DF6,LWPOLYLINE,0,,graphic_only,0,{},not_delivered_not_automatically_missing,24db7c44b695eabf7406ccaa12c94193a8fbd766c0985a29184b660f99328abc,True,e76f8620fda0141e72fef08b2ec82c1742b3a384f822ee67f8b23d572b371b01,True,mapped
plan:87b7708aa9587c3f21be0eea6664fb3f13bb14caff02c3aa0f81879bdd8b7e27,A5AB1/89DF6,LWPOLYLINE,0,,graphic_only,0,{},not_delivered_not_automatically_missing,24db7c44b695eabf7406ccaa12c94193a8fbd766c0985a29184b660f99328abc,True,bb5c3d3c9020bf5a3e871c422ac4ee3352bb86d6c93b142186a6fb463bf1e0ba,True,mapped
plan:884c450cba18f07172d7f580bc95656a481276974504d73e9cd3cbfec5630a3b,A5CD3/89DF4,TEXT,0,NP7,annotation,0,{},not_delivered_not_automatically_missing,e29c9fd12b489e5651d34ee654c71d896c944c102d784793dcf4bc935190118c,True,26df2912608f464cea8e65fb5a27dccf0a8a14ed54913c5ec4105e20ec2cf273,True,mapped
plan:8868227067275690474061e4af2e1f034f468ca5e4162f297e6c5ae3a5f6cad2,A5A8E/89DF3,CIRCLE,0,,graphic_only,0,{},not_delivered_not_automatically_missing,0f841fb46c888265d5f317b35c0e65a398fc094d3b55379f46203e974d846b9c,True,fb4660fb4d0133b99919747abf041376664f3147bfc2b4dd56be90bd560b7701,True,mapped
plan:88b3c2f4807cad9bd04546cb299e4f2a68b4d963cbd7882cad9a6db830a1b60d,A5DF2/89EA2,TEXT,0,"2,5'",annotation,0,{},not_delivered_not_automatically_missing,5351dd1f3952c803ade0be5316567c5297ddab3fd05499d075493a123a052cdd,True,13ec43f34f2c3764008a7339b7010f0b91fe5d86c11fb0398d74801ea9d47a45,True,mapped
plan:88bd4c671f030d25dd3949f187865a899bdcc4df71de9017af6cc6f1e94036da,A5A87/89DF9,TEXT,0,FM,annotation,0,{},not_delivered_not_automatically_missing,d4dbe6279c492e7ab45572c017ea2a6c93d86921c098f8652af97c91f5551e5b,True,2bec814e21a3f12ff02d804b8c9b2e68dca55730791a78620d86b8eb5d6ef3c3,True,mapped
plan:8a22a5692f1e0a8190c7dbc760be2f6e6d11406c29b00bfe907ec8ad943154fb,A5D6D/89DF6,LWPOLYLINE,0,,graphic_only,0,{},not_delivered_not_automatically_missing,24db7c44b695eabf7406ccaa12c94193a8fbd766c0985a29184b660f99328abc,True,721c66788d2c986db9b0deefef9106e7f935f4d6c6e98e4a08d2c88c7468eca8,True,mapped
plan:8a4dc3e4a4a8cf6f1ae2a1f743e0715f299729e0374b56c008027ae8d18be4ff,A5A3A/89DC2,TEXT,0,3',annotation,0,{},not_delivered_not_automatically_missing,b25b85771d736d7beb8948b94983005a8899c6f84ce05460d072ec93a109d353,True,87f6d06ab068fceeebc9e9661b964bdf41ee7414064800e451a460f2788a25ae,True,mapped
plan:8abc6e1e339e1adf63e8ae35a2304f8c2495f6c667896608f797535d9e599e9e,A5A3A/89DBC,TEXT,0,NP7,annotation,0,{},not_delivered_not_automatically_missing,b13e5d568faf2d471ebfbe9581cfc9b356e1069a2ebba70bbd826711aa5b5573,True,87f6d06ab068fceeebc9e9661b964bdf41ee7414064800e451a460f2788a25ae,True,mapped
plan:8b4415a92f7f77d74042ea0940ce15baaf58c282e7e5a83a6d143353699e72b3,A5A4F/89DF2,TEXT,0,NP7,annotation,0,{},not_delivered_not_automatically_missing,8fd348c85e664bf0238302268288d8081b842053849bb9874852fe762c08515c,True,4d5cf07f3d3b39c0d4e2ed5a168aceb63b29171c6fe0a0d2dd31488a80f235ec,True,mapped
plan:8b458004d6d05bfdfee23b80430b306ce86ad8599a3da514aa3074a94dcd1ed1,A5B0C/89E9E,CIRCLE,0,,graphic_only,0,{},not_delivered_not_automatically_missing,6e6968b842801d587ecd13124fd14b216b3d08cb974aac32274d3ed12ed83d86,True,ce4f04475207991d4c983ef300cea2d8b70d111c033a7030f4d6bd88862557db,True,mapped
plan:8b6a861620f4b7a520afc3c2eb8ae3392f46a4db36e2e746ab4f92fb433dc1a2,A5B13/89EA4,TEXT,0,FM,annotation,0,{},not_delivered_not_automatically_missing,84cd4565ae59b7527143b7c911b02549dd07cb00c176006f9d3a205ae0c73dfd,True,a2febb5342d5aad575847354697ecfcf9b42a8e17cddd708424378f41157f154,True,mapped
plan:8b7ea049e4cf74f97dc332883053f2758f2fb1430d273cc7092ec7c6321e475d,A5D27/89DF7,TEXT,0,4',annotation,0,{},not_delivered_not_automatically_missing,1d2bcf84b7283e99e5dd9dee72d4f175cb03739c55e9e32bf39de8975e592934,True,412894113a70575951265870ac92d5d178bca790472764c8d2a0dc303363e29a,True,mapped
plan:8cc357a815ea26bc5686efd54525f4cffa2e8f5a16e1d46c7ed023f3ea60c937,A5CFD/89DF5,LWPOLYLINE,0,,graphic_only,0,{},not_delivered_not_automatically_missing,53ae0701ffa2e4c8de844f3c64ccc8daf8296554f3ca1846db6e97df3cc8be86,True,f1053e9cbc5a91bbfc34735f4a7d8d8a58e0380d2c9747c9bba4441532bc4b7d,True,mapped
plan:8cc56c64d8ab36273f3dc08db2f9137d3355f7c76bb8dff66f09c86158dd0348,A5E2A/89EA4,TEXT,0,FM,annotation,0,{},not_delivered_not_automatically_missing,84cd4565ae59b7527143b7c911b02549dd07cb00c176006f9d3a205ae0c73dfd,True,8c891a0cb09573a047c53091ad2989c4a6b5e063859afdd167e888dee9971377,True,mapped
plan:8cf508570826293ff8941fd0732f3a46786cb6b31cc064b8e7f96dfab5230422,A5CCC/89DF3,CIRCLE,0,,graphic_only,0,{},not_delivered_not_automatically_missing,0f841fb46c888265d5f317b35c0e65a398fc094d3b55379f46203e974d846b9c,True,0e7a0eb41b2d674224b43ba8650c8bce469a49883f58de92ef1e2a516ca5d6b2,True,mapped
plan:8d68f4618d43900a981f63d8b2abbfbf3de1cdf650e9c43401a87277ad5dab31,A5A41/89DBD,CIRCLE,0,,graphic_only,0,{},not_delivered_not_automatically_missing,83bc1027327d153e86fad48787a35c0d80498701d694b98bfe9cfd52a019f141,True,3baf344f70e722413c7d28508dd96d58501f696cdc2d62e5351ba9777b9e942a,True,mapped
plan:8e08ea9ed95a3b73025284e0b50ee8584b7b37fc4fc6fbf2290554670399ad4c,A5B13/89EA0,LWPOLYLINE,0,,graphic_only,0,{},not_delivered_not_automatically_missing,722179b311dea719d26c64eb9287cf206ffc89352caf98b23d03562d3617e3a0,True,a2febb5342d5aad575847354697ecfcf9b42a8e17cddd708424378f41157f154,True,mapped
plan:8e324b198043289a9198a75732310c01b7aefc760dff35cfb6a6a81c888e1796,A5E62/89E9F,TEXT,0,NP7,annotation,0,{},not_delivered_not_automatically_missing,dfb3c771ddec8dc0d8ea98a7f4f2d79eacbff89e598155c4f0633fd52abfa72b,True,e59662454e2902fd689485fa2fb158fe42d23f93294cb2037dcd36a758e4de11,True,mapped
plan:8ecf431fee504e4c4fac71ba66281d5a09ac62caa332695a2ee1c50dcda5ee1c,A5E77/89EA0,LWPOLYLINE,0,,graphic_only,0,{},not_delivered_not_automatically_missing,722179b311dea719d26c64eb9287cf206ffc89352caf98b23d03562d3617e3a0,True,0bd3abf6a91155510dbebdb0353f4976967d14120fec70e52a5883395b16c390,True,mapped
plan:8ee1c0ff5e400f495db0dac83f3c85742de79c4596b7b00fa29bf3b9a58614b2,A5D89/89DF9,TEXT,0,FM,annotation,0,{},not_delivered_not_automatically_missing,d4dbe6279c492e7ab45572c017ea2a6c93d86921c098f8652af97c91f5551e5b,True,39800b1f41fa13fc95ff51552e287071d1d57a81f4a87e061abd4f47c7151313,True,mapped
plan:8ee9b0c07bad27a7490eeeacf4d2cc6ec0545d60981251d7618b21ffb3b37eac,A5CD3/89DF9,TEXT,0,FM,annotation,0,{},not_delivered_not_automatically_missing,d4dbe6279c492e7ab45572c017ea2a6c93d86921c098f8652af97c91f5551e5b,True,26df2912608f464cea8e65fb5a27dccf0a8a14ed54913c5ec4105e20ec2cf273,True,mapped
plan:8efe63ac36f2f4da476bc4e9fbc24b25f5938f87f62504586d7351e2fdbfba31,A5A87/89DF4,TEXT,0,NP7,annotation,0,{},not_delivered_not_automatically_missing,e29c9fd12b489e5651d34ee654c71d896c944c102d784793dcf4bc935190118c,True,2bec814e21a3f12ff02d804b8c9b2e68dca55730791a78620d86b8eb5d6ef3c3,True,mapped
plan:8f1b00c6794b2ad9072c98b05e5a3f85d43c64b131833355754aaa4bd71fa0ed,A5E3F/89EA0,LWPOLYLINE,0,,graphic_only,0,{},not_delivered_not_automatically_missing,722179b311dea719d26c64eb9287cf206ffc89352caf98b23d03562d3617e3a0,True,48cf157a9da4d8256b8190792788b10d19035b02ca68d86ddf88918dae0dcff7,True,mapped
plan:8fa13aacdde19c6839ef89e48eb104297836e4c18e6a354f870b173d7df9acc9,A5DD6/89DF5,LWPOLYLINE,0,,graphic_only,0,{},not_delivered_not_automatically_missing,53ae0701ffa2e4c8de844f3c64ccc8daf8296554f3ca1846db6e97df3cc8be86,True,1ff5cedb61a78467d648061a54845142ed09fdb96466f802236325c75239fe11,True,mapped
plan:8fc16c9b77c55dd52d78e4a0c5e57080aadbcbca62a49f77938c7d6b84c900cf,A5B68/A5B66,TEXT,NEW POLE 7m(4 inches),NP7,annotation,0,{},not_delivered_not_automatically_missing,84f95d0f70ba145d9fa0acd28dbfadab5e6696f6de9eb57f6adcef976af1b3b1,True,50aebb8517cde8700f31d4540df731b6ae3b058d3901eec4cd93bb780af1c696,True,graphic_only
plan:902691972b035b8f85956d278fd157b239cd1e52c82f125ac39db7206583b153,A5A25/89DBE,TEXT,0,NP7,annotation,0,{},not_delivered_not_automatically_missing,bfad6a98feeecd45121d497c39d4c9bbdad75dcbc2ff7cf1680e0fffa2787122,True,0e5d1b5d017edc6e34d1487662756b954584a4be46a4fbd0a578da402061ef64,True,mapped
plan:907fb0f3ef80aad4b789707e576d4a82eb2ace561018b17239cbe2bdcf114ed8,A5CE8/89DF9,TEXT,0,FM,annotation,0,{},not_delivered_not_automatically_missing,d4dbe6279c492e7ab45572c017ea2a6c93d86921c098f8652af97c91f5551e5b,True,17409cb7925c9f3f4a23c3073f85ad4a8d59df335d07607af41b86e6d4a2401c,True,mapped
plan:90845785ca50178ff22e54496bc4e3a6dc518339f17e21c3489ec8a08c155b04,A5B13/89E9D,TEXT,0,NP7,annotation,0,{},not_delivered_not_automatically_missing,96ef904187a815eb69ad0ae695e56cbfbcd8601d3716b5564191327f7e36b795,True,a2febb5342d5aad575847354697ecfcf9b42a8e17cddd708424378f41157f154,True,mapped
plan:90be68584d21f37de1df70017b7284c08a721270201c52c61cbcac231c4c6674,A5E3F/89EA4,TEXT,0,FM,annotation,0,{},not_delivered_not_automatically_missing,84cd4565ae59b7527143b7c911b02549dd07cb00c176006f9d3a205ae0c73dfd,True,48cf157a9da4d8256b8190792788b10d19035b02ca68d86ddf88918dae0dcff7,True,mapped
plan:914f04dc6611c6bbf7713b3d0d63dbf8b9334f06ed9046bc833aeb853994d61f,A5DDD/89DF9,TEXT,0,FM,annotation,0,{},not_delivered_not_automatically_missing,d4dbe6279c492e7ab45572c017ea2a6c93d86921c098f8652af97c91f5551e5b,True,a0b0bcd7e1e8c0061ec45fa363192b5e9f71b069743e9be867e099717ceb5cc5,True,mapped
plan:91567f409443104b7b76384c829e273b52aa3b943f33ff4219ddbf29da1b86d6,A5CEF/89DF3,CIRCLE,0,,graphic_only,0,{},not_delivered_not_automatically_missing,0f841fb46c888265d5f317b35c0e65a398fc094d3b55379f46203e974d846b9c,True,3aead4bb20a9d55990e7e88d6b629548de7a76136bc910c3e3d5e79afd9dbc2f,True,mapped
plan:917f40f1eaaa3c4ed10ac44bd341d9de0e8f48af5b3fb4004c923f43c30fdd4c,A5CC5/89DF5,LWPOLYLINE,0,,graphic_only,0,{},not_delivered_not_automatically_missing,53ae0701ffa2e4c8de844f3c64ccc8daf8296554f3ca1846db6e97df3cc8be86,True,51b760ffc3d5e6ecf0f75c8bd282d5e6c33a9048df752448e8d4d498087aa02a,True,mapped
plan:91e2101b0b16cb82a2d2b460e4955508997b249f8e0dc54303c418646792eb98,A5A4F/89DF7,TEXT,0,4',annotation,0,{},not_delivered_not_automatically_missing,1d2bcf84b7283e99e5dd9dee72d4f175cb03739c55e9e32bf39de8975e592934,True,4d5cf07f3d3b39c0d4e2ed5a168aceb63b29171c6fe0a0d2dd31488a80f235ec,True,mapped
plan:927032cc53a38393fede2dbd2cb600ad7eacb8f17ebacf6ab3be86ceff968b9f,A5D12/89DF9,TEXT,0,FM,annotation,0,{},not_delivered_not_automatically_missing,d4dbe6279c492e7ab45572c017ea2a6c93d86921c098f8652af97c91f5551e5b,True,dbfe4f0ee26693287fb239c88b8caa502a4239c4eb6859826379c9809e753e43,True,mapped
plan:929cf27304cab60014db4c24d850f8ac3e30f024e770088acdd00d18627c8ed1,A5A8E/89DF5,LWPOLYLINE,0,,graphic_only,0,{},not_delivered_not_automatically_missing,53ae0701ffa2e4c8de844f3c64ccc8daf8296554f3ca1846db6e97df3cc8be86,True,fb4660fb4d0133b99919747abf041376664f3147bfc2b4dd56be90bd560b7701,True,mapped
plan:92b32daf5d159fe552c459a210dad096203c1b7f1f0a587d5c459f37f1a82056,A5CA9/89DF6,LWPOLYLINE,0,,graphic_only,0,{},not_delivered_not_automatically_missing,24db7c44b695eabf7406ccaa12c94193a8fbd766c0985a29184b660f99328abc,True,663b9c9805dde228515562477c0e3e9ff42d3111d7887c67481d8a998c479345,True,mapped
plan:92c1fff481ce5c006a7ff139921702f5c2e432caa32e725b24820d03e0489696,A5DBA/89DF5,LWPOLYLINE,0,,graphic_only,0,{},not_delivered_not_automatically_missing,53ae0701ffa2e4c8de844f3c64ccc8daf8296554f3ca1846db6e97df3cc8be86,True,c275d16332cf941bcd56fc29cd78a99e4aefcd815f4090cd98edff034314aaf4,True,mapped
plan:92cc5e472c6f8fa883fd97a8219a8989be9649653f8022f4dccfbc531799985e,A5E98/89DBF,LWPOLYLINE,0,,graphic_only,0,{},not_delivered_not_automatically_missing,c07102c6de18cba8dda3b081df7031e14310b87fe90545ff09e1d52706168402,True,a9ba638c19fe59068d90dda66cf0ef50e5ba630b7f52fb21b3281628680e7a20,True,mapped
plan:92e2a83ae2845d37c9c774903b7042eefbfa5410cfcc95c7576f22a2d884f291,A5E62/89EA3,TEXT,0,3',annotation,0,{},not_delivered_not_automatically_missing,7ce3e88b71d3883dfe85478588f63dafdb56fb8fd95626d4b5a5396a0b91118f,True,e59662454e2902fd689485fa2fb158fe42d23f93294cb2037dcd36a758e4de11,True,mapped
plan:9483647766a7eb773001c447f7f45339af5a952cea8d931bedb1a9e5e3619cb0,A5D20/89DF5,LWPOLYLINE,0,,graphic_only,0,{},not_delivered_not_automatically_missing,53ae0701ffa2e4c8de844f3c64ccc8daf8296554f3ca1846db6e97df3cc8be86,True,6e24fbfc7cc9485411bd452079076b52b42aa48dcb6760dacb3dfd1d134d1773,True,mapped
plan:94ab9b490de4e505c44c533f2b3ed8e0e9f894b06aa8da4533fff1761bf01a88,A5A64/89DF7,TEXT,0,4',annotation,0,{},not_delivered_not_automatically_missing,1d2bcf84b7283e99e5dd9dee72d4f175cb03739c55e9e32bf39de8975e592934,True,7e84e1f0e7d895f8b2f5b6d23295bbd13f6404d5eccac011ee7af5fca9a489cb,True,mapped
plan:94bbbdbaa67ac185e1a910ab51c0f18ced1db0213fe487ac254b312572198cb9,A5E4D/89EA1,LWPOLYLINE,0,,graphic_only,0,{},not_delivered_not_automatically_missing,af98f580656f168c6af8fa98aad5d6d6f1936f796720feee9b2db3fdcca84e68,True,590c47c27ce15d3695cf1c3a912bb6b2dfd72d742163b3e9186b3a23cbc2d31c,True,mapped
plan:94d1c220da04276a9dfc741ec7cb31eedc04bde93c53a008667d81b58b001a58,A5CE8/89DF8,TEXT,0,3',annotation,0,{},not_delivered_not_automatically_missing,810f3d1791a8a0352cbc1d17d9b18899b82b7394a8de593be6f9abbf32667d2e,True,17409cb7925c9f3f4a23c3073f85ad4a8d59df335d07607af41b86e6d4a2401c,True,mapped
plan:94d401cb245c55a57ad847164decce6a0674fd5c6c66ada3e3b4b225e5ae017c,A5D0B/89DF5,LWPOLYLINE,0,,graphic_only,0,{},not_delivered_not_automatically_missing,53ae0701ffa2e4c8de844f3c64ccc8daf8296554f3ca1846db6e97df3cc8be86,True,5359046f3d5c3eaf2439c5bab96ad5f2fd53aae5f71c01b849d896330ff6acab,True,mapped
plan:95b37843237abf8c7d176fa53e452c1056a8e2084e6c3ed88a159cb393374c25,A5D74/89DF9,TEXT,0,FM,annotation,0,{},not_delivered_not_automatically_missing,d4dbe6279c492e7ab45572c017ea2a6c93d86921c098f8652af97c91f5551e5b,True,14a88b1d659ba367dc172a71a56f5dcab9781430868a6e7db1c982af8b5a0d78,True,mapped
plan:95e8711b3ef22e4d970979a49b1a2253dba281a26404c73a52a73ae5ce0dd650,A5E54/89E9F,TEXT,0,NP7,annotation,0,{},not_delivered_not_automatically_missing,dfb3c771ddec8dc0d8ea98a7f4f2d79eacbff89e598155c4f0633fd52abfa72b,True,f5d9f9886c2d46ec190132d64655db3b1b5699a8c123d006c1fcdf8a1f52c5a8,True,mapped
plan:97018b6f2813cc9e72f6b17ec58a4cd4afaa4ba8ea40391e97bd730c249149a1,A5A56/89DF8,TEXT,0,3',annotation,0,{},not_delivered_not_automatically_missing,810f3d1791a8a0352cbc1d17d9b18899b82b7394a8de593be6f9abbf32667d2e,True,fb2a8ab0a56b860bad3f7cd8f686d48b383de9388cdfe890e65648e86b23ca2a,True,mapped
plan:974bc2ef7f58c8d4f67066bd42bd613caef55b2fe7bf415a1b34bd21deb56f36,A5E00/89E9D,TEXT,0,NP7,annotation,0,{},not_delivered_not_automatically_missing,96ef904187a815eb69ad0ae695e56cbfbcd8601d3716b5564191327f7e36b795,True,ecb82c10c3e6696a17c51df090818108c65122724ae664f25b12e9588adbbf3e,True,mapped
plan:978016fdf5bd8f98344f92376302857c6ade222fdbecf1056127953f8502db8e,A5D20/89DF6,LWPOLYLINE,0,,graphic_only,0,{},not_delivered_not_automatically_missing,24db7c44b695eabf7406ccaa12c94193a8fbd766c0985a29184b660f99328abc,True,6e24fbfc7cc9485411bd452079076b52b42aa48dcb6760dacb3dfd1d134d1773,True,mapped
plan:97b803ed84e9d4f5996053303fe63003b2aef352b7ef0aad7428f117cb4be7bd,A5A5D/89DF5,LWPOLYLINE,0,,graphic_only,0,{},not_delivered_not_automatically_missing,53ae0701ffa2e4c8de844f3c64ccc8daf8296554f3ca1846db6e97df3cc8be86,True,d3d0603b4369fdd2a1ca890af7f17b25ae2a5f9c10e2c5d11df162d61da1c502,True,mapped
plan:98c34aed5f505532c5db3f499eccf446b38fcc8f03600270e99d6620122b9416,A5B05/89EA3,TEXT,0,3',annotation,0,{},not_delivered_not_automatically_missing,7ce3e88b71d3883dfe85478588f63dafdb56fb8fd95626d4b5a5396a0b91118f,True,84fa49b07f963e1eb622a1ee0605a5bf6aaa15a948fc4f3a63e0d94ea416f7f1,True,mapped
plan:9997c4ed9afd079f189188bee13016358d5a0860cc9baa30329d84bd404250cb,A5D19/89DF3,CIRCLE,0,,graphic_only,0,{},not_delivered_not_automatically_missing,0f841fb46c888265d5f317b35c0e65a398fc094d3b55379f46203e974d846b9c,True,19f00d9538053ed76fc0debd88d00af85bf2b007c0b2d04c43b2110b71bb98c1,True,mapped
plan:99a3c6b1edd9c753f817b4acaa1e4228baac5067fb22c98e6676bdd5919c0a1c,A5DBA/89DF8,TEXT,0,3',annotation,0,{},not_delivered_not_automatically_missing,810f3d1791a8a0352cbc1d17d9b18899b82b7394a8de593be6f9abbf32667d2e,True,c275d16332cf941bcd56fc29cd78a99e4aefcd815f4090cd98edff034314aaf4,True,mapped
plan:99f17ba0f07d25e21b0433c1c6dc9bbf0253a9fd1846b7114736163278c71b2d,A5A5D/89DF3,CIRCLE,0,,graphic_only,0,{},not_delivered_not_automatically_missing,0f841fb46c888265d5f317b35c0e65a398fc094d3b55379f46203e974d846b9c,True,d3d0603b4369fdd2a1ca890af7f17b25ae2a5f9c10e2c5d11df162d61da1c502,True,mapped
plan:99f1f41fcc9d6c7c28d98763c5b936d9526e93489674c4ef5cb1d872a8efb3ee,A5ABF/89DF5,LWPOLYLINE,0,,graphic_only,0,{},not_delivered_not_automatically_missing,53ae0701ffa2e4c8de844f3c64ccc8daf8296554f3ca1846db6e97df3cc8be86,True,b2b1b65b277330821444b79ff598175309fc2fd49107519891ce308130f96189,True,mapped
plan:9a2de3bd641e811824daea2a7510a1762f02ad51eeced073e4366cf06fcd2c69,A5DE4/89DF5,LWPOLYLINE,0,,graphic_only,0,{},not_delivered_not_automatically_missing,53ae0701ffa2e4c8de844f3c64ccc8daf8296554f3ca1846db6e97df3cc8be86,True,362384588c64c0d1941ad9fda85fa7a960ad6cfab96da07a6bea3fa5c10dc074,True,mapped
plan:9a4b486e3cdec9ed3b663cb13452b01bdb02905254e8e2ca712e9724093acc1c,A5D2E/89DF6,LWPOLYLINE,0,,graphic_only,0,{},not_delivered_not_automatically_missing,24db7c44b695eabf7406ccaa12c94193a8fbd766c0985a29184b660f99328abc,True,7e3294d6e9cf28cf92cf67041537895be3437710d7fd5863e88d80d59124535e,True,mapped
plan:9a8a4e0e55aabed334fefdd096be2b1cc2ba566171089f3cd88f34b52e9fa167,A5E70/89EA0,LWPOLYLINE,0,,graphic_only,0,{},not_delivered_not_automatically_missing,722179b311dea719d26c64eb9287cf206ffc89352caf98b23d03562d3617e3a0,True,e6d2b6c18f6e212672137fce29ab4f3a69e8461fc7ec672ca08332295349a73b,True,mapped
plan:9ab53f6a9f41bf16e7fceb842f9bb5bf512fb528e510a5642d9e2be47f2dd086,A5D58/89DF4,TEXT,0,NP7,annotation,0,{},not_delivered_not_automatically_missing,e29c9fd12b489e5651d34ee654c71d896c944c102d784793dcf4bc935190118c,True,73e0360e33cf4cdae20b10614d552dfe8c13a3ad17c583a630b453b90cb8241e,True,mapped
plan:9ad7fff8463a1def3263ae89d269ab914694dc0255e8f27e1b624d86c78e6e34,A5D35/89DF7,TEXT,0,4',annotation,0,{},not_delivered_not_automatically_missing,1d2bcf84b7283e99e5dd9dee72d4f175cb03739c55e9e32bf39de8975e592934,True,e85cbc674486b1d6431a540b8a15f21cbbb066b89a27e7c61bb3d044bb4ea1b1,True,mapped
plan:9b61fac045e25514c9d0853fe33453cc5f878d7ea83abcfc823991b246a923da,A5A72/89DF3,CIRCLE,0,,graphic_only,0,{},not_delivered_not_automatically_missing,0f841fb46c888265d5f317b35c0e65a398fc094d3b55379f46203e974d846b9c,True,fe893ee7b826877b8e586eb21b7db7e342c97a2429db187d1c2a7c199811ab65,True,mapped
plan:9b8e1816f708c890699aa3b244b9259b4b910f9f6a052483e02fd58318bc164a,A5A6B/89DF4,TEXT,0,NP7,annotation,0,{},not_delivered_not_automatically_missing,e29c9fd12b489e5651d34ee654c71d896c944c102d784793dcf4bc935190118c,True,50472b65f9a9208a13d24e7160ea108fe1c7ef242c47dd56da17d3201a0702ff,True,mapped
plan:9c1548a159d9c38fde9a5355aacb49054a7891cb10c9d69f4923b9f76038d12b,A5E77/89EA1,LWPOLYLINE,0,,graphic_only,0,{},not_delivered_not_automatically_missing,af98f580656f168c6af8fa98aad5d6d6f1936f796720feee9b2db3fdcca84e68,True,0bd3abf6a91155510dbebdb0353f4976967d14120fec70e52a5883395b16c390,True,mapped
plan:9cf23e379da21030fed51ab1e4adbeaf389f7d2555d3184529136d8ea721747e,A5E2A/89EA0,LWPOLYLINE,0,,graphic_only,0,{},not_delivered_not_automatically_missing,722179b311dea719d26c64eb9287cf206ffc89352caf98b23d03562d3617e3a0,True,8c891a0cb09573a047c53091ad2989c4a6b5e063859afdd167e888dee9971377,True,mapped
plan:9d14027b0cfc17872c4a84a9101c85aaafd6acaa4d456579b0a5bdf2fb8430e4,A5D7B/89DF8,TEXT,0,3',annotation,0,{},not_delivered_not_automatically_missing,810f3d1791a8a0352cbc1d17d9b18899b82b7394a8de593be6f9abbf32667d2e,True,7d7d06f7ff1b989c268acf13e185c51ad9b80fb98277ec6dc62bbe7b910d0fbf,True,mapped
plan:9d2142b489d224e1685a3fe1792a13e62a6c1de0b6efd690f74326e36be96315,A5A79/89DF5,LWPOLYLINE,0,,graphic_only,0,{},not_delivered_not_automatically_missing,53ae0701ffa2e4c8de844f3c64ccc8daf8296554f3ca1846db6e97df3cc8be86,True,55b87638afac3208308015ec16dc1770f15efd8e653ed68ea5576a120fe7d585,True,mapped
plan:9d3b5ee03b43f3f7f4c59a8ad9d867d0bf472bbb9472b00acf7e6143e4275e97,A5E3F/89E9D,TEXT,0,NP7,annotation,0,{},not_delivered_not_automatically_missing,96ef904187a815eb69ad0ae695e56cbfbcd8601d3716b5564191327f7e36b795,True,48cf157a9da4d8256b8190792788b10d19035b02ca68d86ddf88918dae0dcff7,True,mapped
plan:9d6ad5721a89f98f6056507aa6f3383d8f146b2121138e36adc3f367e552bdda,A5E5B/89EA4,TEXT,0,FM,annotation,0,{},not_delivered_not_automatically_missing,84cd4565ae59b7527143b7c911b02549dd07cb00c176006f9d3a205ae0c73dfd,True,d08897ab9fe380a5c18a3f45f85efd0f7bde479725f0820ae4a0a384c0ca70da,True,mapped
plan:9d9a19e3c0ef9bb3075e7e0bd0ff97f73866d02743a87b533dab5ccf2163b5ef,A5E38/89E9D,TEXT,0,NP7,annotation,0,{},not_delivered_not_automatically_missing,96ef904187a815eb69ad0ae695e56cbfbcd8601d3716b5564191327f7e36b795,True,a8a031f7194ad4eaba43f51dcde4252e7be58772d38c4d99f9fc015e728f0230,True,mapped
plan:9db8fd003b5cc7b1ac2b98672f746fa4600accf9a4e422ac98628766f160a656,A5DE4/89DF7,TEXT,0,4',annotation,0,{},not_delivered_not_automatically_missing,1d2bcf84b7283e99e5dd9dee72d4f175cb03739c55e9e32bf39de8975e592934,True,362384588c64c0d1941ad9fda85fa7a960ad6cfab96da07a6bea3fa5c10dc074,True,mapped
plan:9dee4eced4e981658e1ed4f620de74b5031bd3e81e1be04b2970e8df10b057b2,A5CB7/89DF5,LWPOLYLINE,0,,graphic_only,0,{},not_delivered_not_automatically_missing,53ae0701ffa2e4c8de844f3c64ccc8daf8296554f3ca1846db6e97df3cc8be86,True,dc8e956173c10e660f9cdbd982059db74f9b1addb745ce58e37bd79ad7354ef0,True,mapped
plan:9e4304bef3ee1e608dae094d9f087ea31dcb9bf77a27cd6cf04d75deaefd1483,A5AF7/89DF6,LWPOLYLINE,0,,graphic_only,0,{},not_delivered_not_automatically_missing,24db7c44b695eabf7406ccaa12c94193a8fbd766c0985a29184b660f99328abc,True,122d9e5b13371416a52b99908daefdfea6624a36129997321162899af051e6f5,True,mapped
plan:9e523160597cfe86e6839a194cc20b3b0ade56e70e923a416b20bd2436e30e94,A5E15/89E9F,TEXT,0,NP7,annotation,0,{},not_delivered_not_automatically_missing,dfb3c771ddec8dc0d8ea98a7f4f2d79eacbff89e598155c4f0633fd52abfa72b,True,89f28961f8efdde75e2c2e3e61f4b90925fb02d051ad424808fe4f5633fd5423,True,mapped
plan:9e7b1fb395cb98ee72a6116d0e738f706a21df0e0748303f74fa4670806d0933,A5ACD/89DF7,TEXT,0,4',annotation,0,{},not_delivered_not_automatically_missing,1d2bcf84b7283e99e5dd9dee72d4f175cb03739c55e9e32bf39de8975e592934,True,3d81e2dc5ca214f6ba3022815d2e6e4ae7f299d651da66fba358fc701fc3b37a,True,mapped
plan:9e85c1c188fe5fb11f4d2b0985e38ae6602c461df0ec712daf92f33c51833b70,A5E70/89EA2,TEXT,0,"2,5'",annotation,0,{},not_delivered_not_automatically_missing,5351dd1f3952c803ade0be5316567c5297ddab3fd05499d075493a123a052cdd,True,e6d2b6c18f6e212672137fce29ab4f3a69e8461fc7ec672ca08332295349a73b,True,mapped
plan:9e8c9610a0ecd7010f3931999a54f01516b4220274491fddf966d3085037ee43,A5CDA/89DF8,TEXT,0,3',annotation,0,{},not_delivered_not_automatically_missing,810f3d1791a8a0352cbc1d17d9b18899b82b7394a8de593be6f9abbf32667d2e,True,ce0f6ba5aca29fb894533d9c9c9496116e741cf027fa0d9716276305fbb0040b,True,mapped
plan:9ee1857fb02ea0ad1dd69c89a4205e73fc261281cf4059952c7e71d29cd7d4f0,A5DF2/89E9F,TEXT,0,NP7,annotation,0,{},not_delivered_not_automatically_missing,dfb3c771ddec8dc0d8ea98a7f4f2d79eacbff89e598155c4f0633fd52abfa72b,True,13ec43f34f2c3764008a7339b7010f0b91fe5d86c11fb0398d74801ea9d47a45,True,mapped
plan:9f1c7a215af98e52cff507ac840eee4a403243cc46082c2128dcf10126d27144,A5CF6/89DF4,TEXT,0,NP7,annotation,0,{},not_delivered_not_automatically_missing,e29c9fd12b489e5651d34ee654c71d896c944c102d784793dcf4bc935190118c,True,ee77742fd96ae4dc491b3f6c5b4936ba60084051629101ea03eca9823fa5da21,True,mapped
plan:9f48a9ed10f445d96d0cf2c7cf89566131579947c4cdda5bfae1708ed1b3a83c,A5A79/89DF4,TEXT,0,NP7,annotation,0,{},not_delivered_not_automatically_missing,e29c9fd12b489e5651d34ee654c71d896c944c102d784793dcf4bc935190118c,True,55b87638afac3208308015ec16dc1770f15efd8e653ed68ea5576a120fe7d585,True,mapped
plan:9f78f15cc8137968eb721bc3ce39d125a0c8ad2b09f3442273f93204fe24d68a,A5E07/89E9D,TEXT,0,NP7,annotation,0,{},not_delivered_not_automatically_missing,96ef904187a815eb69ad0ae695e56cbfbcd8601d3716b5564191327f7e36b795,True,c4d62cf6bbe1ca357d6de619450bb14be0be4a17c4492fcae56932b6dcdee94b,True,mapped
plan:9f8b002ae45d0747b657e5dabd4b50a297897bddebbd4739c5d8c42e8214d725,A5E98/89DBC,TEXT,0,NP7,annotation,0,{},not_delivered_not_automatically_missing,b13e5d568faf2d471ebfbe9581cfc9b356e1069a2ebba70bbd826711aa5b5573,True,a9ba638c19fe59068d90dda66cf0ef50e5ba630b7f52fb21b3281628680e7a20,True,mapped
plan:9f9aaab06d46a9eb207b63c6fe831de4deaf20d7e8c1b6d3b8e23c4fa2b7c705,A5AF7/89DF9,TEXT,0,FM,annotation,0,{},not_delivered_not_automatically_missing,d4dbe6279c492e7ab45572c017ea2a6c93d86921c098f8652af97c91f5551e5b,True,122d9e5b13371416a52b99908daefdfea6624a36129997321162899af051e6f5,True,mapped
plan:9fb904983483bbcca46ccd8248603e4dacbf299d3d90f51d97b8836566c15552,A5A80/89DF7,TEXT,0,4',annotation,0,{},not_delivered_not_automatically_missing,1d2bcf84b7283e99e5dd9dee72d4f175cb03739c55e9e32bf39de8975e592934,True,ac567fa74b666bfd0cd16baed5392017af9c1219b1f7cb91b7db7f91a7759fcf,True,mapped
plan:a001eee697311906fb707f64dd5944b9588d9aaa4d8efe031a0b598551aafc91,A5D66/89DF3,CIRCLE,0,,graphic_only,0,{},not_delivered_not_automatically_missing,0f841fb46c888265d5f317b35c0e65a398fc094d3b55379f46203e974d846b9c,True,29d6ffc6c5b8ca64d1ceee6878d0b5605f40d1f5aa792aa7d5efb8a19e52dac2,True,mapped
plan:a01993a930f43bf054e0eec7bb182f08b835b5fb89a412230f5f65350dce30fd,A5CF6/89DF5,LWPOLYLINE,0,,graphic_only,0,{},not_delivered_not_automatically_missing,53ae0701ffa2e4c8de844f3c64ccc8daf8296554f3ca1846db6e97df3cc8be86,True,ee77742fd96ae4dc491b3f6c5b4936ba60084051629101ea03eca9823fa5da21,True,mapped
plan:a0766a9622ac75209f0b2a5d3ef02c071b35acb4eca61ca2c884507a55f29317,A5D27/89DF4,TEXT,0,NP7,annotation,0,{},not_delivered_not_automatically_missing,e29c9fd12b489e5651d34ee654c71d896c944c102d784793dcf4bc935190118c,True,412894113a70575951265870ac92d5d178bca790472764c8d2a0dc303363e29a,True,mapped
plan:a0e12cc8c764d6fd6e5eb53c0f04392842f80ee893487f1f533cc45a544fdc89,A5E1C/89E9F,TEXT,0,NP7,annotation,0,{},not_delivered_not_automatically_missing,dfb3c771ddec8dc0d8ea98a7f4f2d79eacbff89e598155c4f0633fd52abfa72b,True,e3d4e2117dcf8971640bf1c846df0c3533f53ceac7a9da5c8f85fcdf4059d5de,True,mapped
plan:a12a25ffcd720cf936cbc014ce785d60d472814312f19ebeee9f6714447626b3,A5DC8/89DF7,TEXT,0,4',annotation,0,{},not_delivered_not_automatically_missing,1d2bcf84b7283e99e5dd9dee72d4f175cb03739c55e9e32bf39de8975e592934,True,a891ef5eaf7def9c4c48adca62f7393501731b06fe3fa7f5864e7ac8d6c4cde5,True,mapped
plan:a17789318761cc927ace9b3e673d96de32151855937b79b077bf9ca2517332ff,A5AE2/89DF6,LWPOLYLINE,0,,graphic_only,0,{},not_delivered_not_automatically_missing,24db7c44b695eabf7406ccaa12c94193a8fbd766c0985a29184b660f99328abc,True,8be46d88285287440aae935791640572d685bf876e4d3182ffbe6ab1624fed2f,True,mapped
plan:a186593b998978a7c7ba3bbbe90fcd1a693b23a9c6fd9c966b8a3bab6af033e4,A5D7B/89DF2,TEXT,0,NP7,annotation,0,{},not_delivered_not_automatically_missing,8fd348c85e664bf0238302268288d8081b842053849bb9874852fe762c08515c,True,7d7d06f7ff1b989c268acf13e185c51ad9b80fb98277ec6dc62bbe7b910d0fbf,True,mapped
plan:a19122995782f967f4bde6ed77525a6f1aa0ae33e9a4770a86e4028b0d45528f,A5D2E/89DF3,CIRCLE,0,,graphic_only,0,{},not_delivered_not_automatically_missing,0f841fb46c888265d5f317b35c0e65a398fc094d3b55379f46203e974d846b9c,True,7e3294d6e9cf28cf92cf67041537895be3437710d7fd5863e88d80d59124535e,True,mapped
plan:a1caa58b05c5457fdd7dbbd9252a20d67ae28d076e9e35850521d2d7c7f2fc60,A5BA5/A5B65,CIRCLE,NEW POLE 7m(4 inches),,graphic_only,0,{},not_delivered_not_automatically_missing,f22652d9eebb5aaa70a0dbcd01bdf0340fae15ff33dbf43fb305b2d2a76ec286,True,187ff00318d4deddc7bdb268f188b7700f53dea06e9a38d0ced633cf25da2f00,True,graphic_only
plan:a1e4d369d689aa9a2991f5f444e61e5061f1605833047cea90712e1787f85918,A5D82/89DF7,TEXT,0,4',annotation,0,{},not_delivered_not_automatically_missing,1d2bcf84b7283e99e5dd9dee72d4f175cb03739c55e9e32bf39de8975e592934,True,e259a2aaef74b3f603439d714eeca43afdfe41712cd714aeabc4b3c2652c4100,True,mapped
plan:a1fd0853043d26fa957208b7322a1fd0bf8b3a3fb48825f23faf7c3a78621a5f,A5D97/89DF6,LWPOLYLINE,0,,graphic_only,0,{},not_delivered_not_automatically_missing,24db7c44b695eabf7406ccaa12c94193a8fbd766c0985a29184b660f99328abc,True,0822f926087e07908a409a1c446249e54651ef9028ee33667186a2dc3ae03bd4,True,mapped
plan:a21af305f8130125974283f8b9d9c24c4e9d886c60f3ae2e830a5c83c9f62c0a,A5D5F/89DF4,TEXT,0,NP7,annotation,0,{},not_delivered_not_automatically_missing,e29c9fd12b489e5651d34ee654c71d896c944c102d784793dcf4bc935190118c,True,1a63e34a10f2f36acb0c9e7e0239ea92ec1a2b24c8bf76492a9c9897ea6ea2b9,True,mapped
plan:a26cc301b785325cad2cb14138540d20937911af094fd1c69ae85844602e9c9d,A5A87/89DF6,LWPOLYLINE,0,,graphic_only,0,{},not_delivered_not_automatically_missing,24db7c44b695eabf7406ccaa12c94193a8fbd766c0985a29184b660f99328abc,True,2bec814e21a3f12ff02d804b8c9b2e68dca55730791a78620d86b8eb5d6ef3c3,True,mapped
plan:a279c81867337981609d87480d3356b87cec52a65820ee81a5d08cab3244be6b,A5E31/89EA4,TEXT,0,FM,absent_from_canonical_evidence,0,{},expanded_instance_with_definition_and_parents_in_ledger,84cd4565ae59b7527143b7c911b02549dd07cb00c176006f9d3a205ae0c73dfd,True,9373f4b38531e6df065c77cf1e90182155f9377ece4d1182a239f6fbce5a8f6b,True,mapped
plan:a289dbd21c565508e3c21f4d33e761be023691e808b18fef4c203aa8bc83d7e9,A5D20/89DF7,TEXT,0,4',annotation,0,{},not_delivered_not_automatically_missing,1d2bcf84b7283e99e5dd9dee72d4f175cb03739c55e9e32bf39de8975e592934,True,6e24fbfc7cc9485411bd452079076b52b42aa48dcb6760dacb3dfd1d134d1773,True,mapped
plan:a2fdd49902c07b7aea915bbc01ff3de0df55ac51a13aa81c1c5ac646fbed3833,A5D4A/89DF8,TEXT,0,3',annotation,0,{},not_delivered_not_automatically_missing,810f3d1791a8a0352cbc1d17d9b18899b82b7394a8de593be6f9abbf32667d2e,True,de676ca1ae5bdd426bd30c2b4eb52cf2f49930c8b11945787e71d54985bea60a,True,mapped
plan:a3f00ade1867cd53d6811f8f92c19dadc5ed0bdeb50c34e27c3461a84d49d88b,A5AE2/89DF3,CIRCLE,0,,graphic_only,0,{},not_delivered_not_automatically_missing,0f841fb46c888265d5f317b35c0e65a398fc094d3b55379f46203e974d846b9c,True,8be46d88285287440aae935791640572d685bf876e4d3182ffbe6ab1624fed2f,True,mapped
plan:a41a06374f6d56eb687a863ef93cfa07fb0aed60cece4dd771f99dcf0e446673,A5E54/89EA2,TEXT,0,"2,5'",annotation,0,{},not_delivered_not_automatically_missing,5351dd1f3952c803ade0be5316567c5297ddab3fd05499d075493a123a052cdd,True,f5d9f9886c2d46ec190132d64655db3b1b5699a8c123d006c1fcdf8a1f52c5a8,True,mapped
plan:a44c96d1ac498fd54affd87709018166c6f31b7696cd121b5bb562213c04a388,A5A2C/89DC1,TEXT,0,4',annotation,0,{},not_delivered_not_automatically_missing,149a333f5971cf1f6c766bf110555f68867e8a4f3d9b8fc70e8f060f3224f7e3,True,4057646e714a57f57232bfa16c80f709cf5649408eb4e62eee15f918706ee2fb,True,mapped
plan:a485292ca88b03c8c91c89ed522f9ca65e8b97ddfbf6623b31a89ca44e029c96,A5B0C/89EA0,LWPOLYLINE,0,,graphic_only,0,{},not_delivered_not_automatically_missing,722179b311dea719d26c64eb9287cf206ffc89352caf98b23d03562d3617e3a0,True,ce4f04475207991d4c983ef300cea2d8b70d111c033a7030f4d6bd88862557db,True,mapped
plan:a51b3beef42d80b7108daf4250aa56b522f33b90eaa35ce361467e4290c6d41f,A5D90/89DF9,TEXT,0,FM,annotation,0,{},not_delivered_not_automatically_missing,d4dbe6279c492e7ab45572c017ea2a6c93d86921c098f8652af97c91f5551e5b,True,fc15910fd667a011681c79766ac9af1c6ecc51faa2a18d01e50a4d2a72286199,True,mapped
plan:a53ad89932765bbef96d92e86c3ac4059961e755dd90e218b4cd215d82b98e22,A5AC6/89DF6,LWPOLYLINE,0,,graphic_only,0,{},not_delivered_not_automatically_missing,24db7c44b695eabf7406ccaa12c94193a8fbd766c0985a29184b660f99328abc,True,3cb91e46a2775035f42573a5a96d5fb621a71f7ce825754dee30374ef1e492c7,True,mapped
plan:a53c46a8d9e29fd5dd9b3c5ce72f318d0c2bf904ca790d96ae875a9f2c9a33c3,A5CDA/89DF7,TEXT,0,4',annotation,0,{},not_delivered_not_automatically_missing,1d2bcf84b7283e99e5dd9dee72d4f175cb03739c55e9e32bf39de8975e592934,True,ce0f6ba5aca29fb894533d9c9c9496116e741cf027fa0d9716276305fbb0040b,True,mapped
plan:a5fa891cd04aef990a5ea0170bc63bc54c6cf3aad1ef7792f1a9f57d423770a1,A5CCC/89DF8,TEXT,0,3',annotation,0,{},not_delivered_not_automatically_missing,810f3d1791a8a0352cbc1d17d9b18899b82b7394a8de593be6f9abbf32667d2e,True,0e7a0eb41b2d674224b43ba8650c8bce469a49883f58de92ef1e2a516ca5d6b2,True,mapped
plan:a625a15851922b8be4797ffdaa12c95f0280915e0e2b4029443fe21f8165b484,A5DF9/89E9D,TEXT,0,NP7,annotation,0,{},not_delivered_not_automatically_missing,96ef904187a815eb69ad0ae695e56cbfbcd8601d3716b5564191327f7e36b795,True,ebdcc247042227c71b49488bf005e51b4f8ed85a6eb665f6be48ebc26682eedb,True,mapped
plan:a62945a0d0ea744cd5c8e374ce8aa93b2b3d145248fa63f538abb152d04312b3,A5DF2/89EA3,TEXT,0,3',annotation,0,{},not_delivered_not_automatically_missing,7ce3e88b71d3883dfe85478588f63dafdb56fb8fd95626d4b5a5396a0b91118f,True,13ec43f34f2c3764008a7339b7010f0b91fe5d86c11fb0398d74801ea9d47a45,True,mapped
plan:a63a5dd0952b62047a6f566931064a2253c71bf46c89720784a10d3251475afa,A5A4F/89DF8,TEXT,0,3',annotation,0,{},not_delivered_not_automatically_missing,810f3d1791a8a0352cbc1d17d9b18899b82b7394a8de593be6f9abbf32667d2e,True,4d5cf07f3d3b39c0d4e2ed5a168aceb63b29171c6fe0a0d2dd31488a80f235ec,True,mapped
plan:a6672c7e1d18e2234cdb2820bb80ee42b03ae98c9f0b63923209d8b22f0f131e,A5D58/89DF6,LWPOLYLINE,0,,graphic_only,0,{},not_delivered_not_automatically_missing,24db7c44b695eabf7406ccaa12c94193a8fbd766c0985a29184b660f99328abc,True,73e0360e33cf4cdae20b10614d552dfe8c13a3ad17c583a630b453b90cb8241e,True,mapped
plan:a7ab7631db1100cfc39696564c8300c84ef10ad4494deb5d87c5dd6b0d8368f9,A5B1A/89EA0,LWPOLYLINE,0,,graphic_only,0,{},not_delivered_not_automatically_missing,722179b311dea719d26c64eb9287cf206ffc89352caf98b23d03562d3617e3a0,True,1a22a8ed37c92321f1063c06a54229f13282c571123535ef5607b8812378ca05,True,mapped
plan:a7c80e6fd31b525a0eb1e27da0c83b62bbbf9af80b8a57ca95a6dc8d424978ef,A5ABF/89DF7,TEXT,0,4',annotation,0,{},not_delivered_not_automatically_missing,1d2bcf84b7283e99e5dd9dee72d4f175cb03739c55e9e32bf39de8975e592934,True,b2b1b65b277330821444b79ff598175309fc2fd49107519891ce308130f96189,True,mapped
plan:a85ca4e63a5dc20260782b8a51088e6bec22f1e9048928b6fcfb34c768f6f5cb,A5A33/89DC3,TEXT,0,FM,annotation,0,{},not_delivered_not_automatically_missing,9a6675bc781abc2abd24c2058656b8aacd7c3ac597572fa58676916a791f3128,True,c15611cf9a1c8167e9a00028c24643f9070bd1cb7049035f3456e5b487f7a047,True,mapped
plan:a88c8bdb6c80888713e3e2bb6c1f6b72a213b20d688b9f28909ec070c0e520d5,A5D82/89DF6,LWPOLYLINE,0,,graphic_only,0,{},not_delivered_not_automatically_missing,24db7c44b695eabf7406ccaa12c94193a8fbd766c0985a29184b660f99328abc,True,e259a2aaef74b3f603439d714eeca43afdfe41712cd714aeabc4b3c2652c4100,True,mapped
plan:a8ddd22156e5d896395ebee65dcb7223d8db594b7a81cea0a34dbbac7fb0588f,A5DBA/89DF9,TEXT,0,FM,annotation,0,{},not_delivered_not_automatically_missing,d4dbe6279c492e7ab45572c017ea2a6c93d86921c098f8652af97c91f5551e5b,True,c275d16332cf941bcd56fc29cd78a99e4aefcd815f4090cd98edff034314aaf4,True,mapped
plan:a90294cf20b327f2a597549e2e06b58115fd72d06171a27647a245c1f7bd7be9,A5DF2/89E9D,TEXT,0,NP7,annotation,0,{},not_delivered_not_automatically_missing,96ef904187a815eb69ad0ae695e56cbfbcd8601d3716b5564191327f7e36b795,True,13ec43f34f2c3764008a7339b7010f0b91fe5d86c11fb0398d74801ea9d47a45,True,mapped
plan:a947089e12fbe150861f6c1b79b74d622279240b55552285b3b8a09662bb91b8,A5D04/89DF7,TEXT,0,4',annotation,0,{},not_delivered_not_automatically_missing,1d2bcf84b7283e99e5dd9dee72d4f175cb03739c55e9e32bf39de8975e592934,True,1aa573e45573fa8166f7c4d597074caff753f0b91f6b2581795756aa8d24b4ee,True,mapped
plan:aa2ec7d78ab980838b3663dc893fe43a923f2a4dff0a38d2ed8fc4c17a28224c,A5E0E/89EA4,TEXT,0,FM,annotation,0,{},not_delivered_not_automatically_missing,84cd4565ae59b7527143b7c911b02549dd07cb00c176006f9d3a205ae0c73dfd,True,b0cb865fc8120f4f33a869d574a00fb70a83fc5fd016f359e188d89a559f5a41,True,mapped
plan:aa550fac13ab8795904900d4f0eeb9d0c1c253d9f2c0e258350c032fd96bf194,A5ADB/89DF7,TEXT,0,4',annotation,0,{},not_delivered_not_automatically_missing,1d2bcf84b7283e99e5dd9dee72d4f175cb03739c55e9e32bf39de8975e592934,True,4bbfeaae9ec33e04865b2281875c1913061f22db371e2a2d29604b452aaa1352,True,mapped
plan:aa64a2cbc31ca8ffde3833f96e40e92dc38d1351374686ef10e5ec112435925b,A5D51/89DF4,TEXT,0,NP7,annotation,0,{},not_delivered_not_automatically_missing,e29c9fd12b489e5651d34ee654c71d896c944c102d784793dcf4bc935190118c,True,8dfd19d97e4ebcdecc0bacdf0ea5a05d073e415fe5ccba8635b500b67a9c85c6,True,mapped
plan:aaa01ba819562e9c89ae721bb94424c6a3f6c4e2f0f34a92e4d7dbfde91c1c11,A5DDD/89DF6,LWPOLYLINE,0,,graphic_only,0,{},not_delivered_not_automatically_missing,24db7c44b695eabf7406ccaa12c94193a8fbd766c0985a29184b660f99328abc,True,a0b0bcd7e1e8c0061ec45fa363192b5e9f71b069743e9be867e099717ceb5cc5,True,mapped
plan:aaa054945e1b9f5b31abee2d07bbca9a7cf17de8e94b210e5b46a3bb1c9367d6,A5DDD/89DF8,TEXT,0,3',annotation,0,{},not_delivered_not_automatically_missing,810f3d1791a8a0352cbc1d17d9b18899b82b7394a8de593be6f9abbf32667d2e,True,a0b0bcd7e1e8c0061ec45fa363192b5e9f71b069743e9be867e099717ceb5cc5,True,mapped
plan:ab2a8eaad2293df0140ac52fdebfd9527d6860541da3c27dbfe7b0d6cf4d9726,A5D58/89DF5,LWPOLYLINE,0,,graphic_only,0,{},not_delivered_not_automatically_missing,53ae0701ffa2e4c8de844f3c64ccc8daf8296554f3ca1846db6e97df3cc8be86,True,73e0360e33cf4cdae20b10614d552dfe8c13a3ad17c583a630b453b90cb8241e,True,mapped
plan:ab4a3f33536b27ea940364c96d915cf2025542f5ff009681479456b6b5462c7b,A5A4F/89DF4,TEXT,0,NP7,annotation,0,{},not_delivered_not_automatically_missing,e29c9fd12b489e5651d34ee654c71d896c944c102d784793dcf4bc935190118c,True,4d5cf07f3d3b39c0d4e2ed5a168aceb63b29171c6fe0a0d2dd31488a80f235ec,True,mapped
plan:ab71569b8ced99364b42a45fc373c7e05789c67dccd744ece05cd4a48f38685a,A5CDA/89DF4,TEXT,0,NP7,annotation,0,{},not_delivered_not_automatically_missing,e29c9fd12b489e5651d34ee654c71d896c944c102d784793dcf4bc935190118c,True,ce0f6ba5aca29fb894533d9c9c9496116e741cf027fa0d9716276305fbb0040b,True,mapped
plan:ab76b0bc0b03cc3f85ec625c62f606bb5d3972ccc488fe4b478e314071ed7a07,A5CB0/89DF6,LWPOLYLINE,0,,graphic_only,0,{},not_delivered_not_automatically_missing,24db7c44b695eabf7406ccaa12c94193a8fbd766c0985a29184b660f99328abc,True,0b0f720d3ab9447285bfd7ca77c33935357e313397e5a7e4f7b1d5fbec92fa8f,True,mapped
plan:ab7e77ba82f54a6d2c95df7939fd18c5d6eabf4143ae2f989a6614e990191d23,A5DCF/89DF9,TEXT,0,FM,annotation,0,{},not_delivered_not_automatically_missing,d4dbe6279c492e7ab45572c017ea2a6c93d86921c098f8652af97c91f5551e5b,True,807c68cae7d6e99369442a36ecd85171bff05731b05a0e1c8bb457ca9d442137,True,mapped
plan:abee5b05769c638485bb9b7f065e446bc3e3ac0d09a6c9bbb98f7c3c4b2130ce,A5AE2/89DF4,TEXT,0,NP7,annotation,0,{},not_delivered_not_automatically_missing,e29c9fd12b489e5651d34ee654c71d896c944c102d784793dcf4bc935190118c,True,8be46d88285287440aae935791640572d685bf876e4d3182ffbe6ab1624fed2f,True,mapped
plan:ac2a7ff82c7aad3dd8fc7498cd349a79e5a86ed4cc0cee305cd7c24d0fdb08a9,A5DA5/89DF9,TEXT,0,FM,annotation,0,{},not_delivered_not_automatically_missing,d4dbe6279c492e7ab45572c017ea2a6c93d86921c098f8652af97c91f5551e5b,True,4d2bdd95f4cc7bee453ef50009e4a98af5fbef1b1fb4d97b36d994d6a0e70ba3,True,mapped
plan:ac7f61801d3ac7778b9fd14fe064cb07b8574b66599754776a56746826c52554,A5CDA/89DF5,LWPOLYLINE,0,,graphic_only,0,{},not_delivered_not_automatically_missing,53ae0701ffa2e4c8de844f3c64ccc8daf8296554f3ca1846db6e97df3cc8be86,True,ce0f6ba5aca29fb894533d9c9c9496116e741cf027fa0d9716276305fbb0040b,True,mapped
plan:ac858a03cab8b618e04eb895428bf67b9d5ca74720be227053b3fe17d4d4709f,A5B1A/89E9F,TEXT,0,NP7,annotation,0,{},not_delivered_not_automatically_missing,dfb3c771ddec8dc0d8ea98a7f4f2d79eacbff89e598155c4f0633fd52abfa72b,True,1a22a8ed37c92321f1063c06a54229f13282c571123535ef5607b8812378ca05,True,mapped
plan:ad06398340231096588203ae650abeea72efea60c91a0b177476dbb8455e2440,A5A72/89DF6,LWPOLYLINE,0,,graphic_only,0,{},not_delivered_not_automatically_missing,24db7c44b695eabf7406ccaa12c94193a8fbd766c0985a29184b660f99328abc,True,fe893ee7b826877b8e586eb21b7db7e342c97a2429db187d1c2a7c199811ab65,True,mapped
plan:ad2ebac29f40b27185a33f149228a14d14cbf359d573e433e8f477c1eaedd637,A5D4A/89DF5,LWPOLYLINE,0,,graphic_only,0,{},not_delivered_not_automatically_missing,53ae0701ffa2e4c8de844f3c64ccc8daf8296554f3ca1846db6e97df3cc8be86,True,de676ca1ae5bdd426bd30c2b4eb52cf2f49930c8b11945787e71d54985bea60a,True,mapped
plan:ad82afeb611001c1baa3284f8b7750825ef83bf625ed1727f13dac0c6a2f4f2e,A5A41/89DBF,LWPOLYLINE,0,,graphic_only,0,{},not_delivered_not_automatically_missing,c07102c6de18cba8dda3b081df7031e14310b87fe90545ff09e1d52706168402,True,3baf344f70e722413c7d28508dd96d58501f696cdc2d62e5351ba9777b9e942a,True,mapped
plan:adf08bbf3292496d4fc9f6d38096616a2bd586e5367661f03c5699f338791a7e,A5D90/89DF8,TEXT,0,3',annotation,0,{},not_delivered_not_automatically_missing,810f3d1791a8a0352cbc1d17d9b18899b82b7394a8de593be6f9abbf32667d2e,True,fc15910fd667a011681c79766ac9af1c6ecc51faa2a18d01e50a4d2a72286199,True,mapped
plan:ae30c88e4408d663ab2c7fc7cb28439b202511e77ce073edb39f3e13897547c7,A5CBE/89DF7,TEXT,0,4',annotation,0,{},not_delivered_not_automatically_missing,1d2bcf84b7283e99e5dd9dee72d4f175cb03739c55e9e32bf39de8975e592934,True,1290c24ba215560e8b66f12ab48cca3b44bc513c42da5ea067dc3adf54f8ed05,True,mapped
plan:ae32d2c6f5634c0055c172b68b665362bbacefda740bdc5bce61151cefba9131,A5CEF/89DF9,TEXT,0,FM,annotation,0,{},not_delivered_not_automatically_missing,d4dbe6279c492e7ab45572c017ea2a6c93d86921c098f8652af97c91f5551e5b,True,3aead4bb20a9d55990e7e88d6b629548de7a76136bc910c3e3d5e79afd9dbc2f,True,mapped
plan:ae6807a6ff57ef53dc8e7d513504a78a2f34c5caaccf4d47fe196ca52040b53a,A5E1C/89EA1,LWPOLYLINE,0,,graphic_only,0,{},not_delivered_not_automatically_missing,af98f580656f168c6af8fa98aad5d6d6f1936f796720feee9b2db3fdcca84e68,True,e3d4e2117dcf8971640bf1c846df0c3533f53ceac7a9da5c8f85fcdf4059d5de,True,mapped
plan:ae6c5387f78b250226f83262a1857879279860a2924508adb2b38f57f1e747cc,A5CA9/89DF2,TEXT,0,NP7,annotation,0,{},not_delivered_not_automatically_missing,8fd348c85e664bf0238302268288d8081b842053849bb9874852fe762c08515c,True,663b9c9805dde228515562477c0e3e9ff42d3111d7887c67481d8a998c479345,True,mapped
plan:aeb823fde8ac1065b88591c928dbaa08d8d75062d4613c06dc2d28e79446804f,A5CE8/89DF4,TEXT,0,NP7,annotation,0,{},not_delivered_not_automatically_missing,e29c9fd12b489e5651d34ee654c71d896c944c102d784793dcf4bc935190118c,True,17409cb7925c9f3f4a23c3073f85ad4a8d59df335d07607af41b86e6d4a2401c,True,mapped
plan:af60993e710a852dcfd2ce044597bbe2ed1dc53b94efc19ebcfebcf9eecd27b5,A5DD6/89DF6,LWPOLYLINE,0,,graphic_only,0,{},not_delivered_not_automatically_missing,24db7c44b695eabf7406ccaa12c94193a8fbd766c0985a29184b660f99328abc,True,1ff5cedb61a78467d648061a54845142ed09fdb96466f802236325c75239fe11,True,mapped
plan:af6d9b93836ff20ab1d4060bcea750cf45ba8f5fd528bf959e59e1d4687e056b,A5A5D/89DF8,TEXT,0,3',annotation,0,{},not_delivered_not_automatically_missing,810f3d1791a8a0352cbc1d17d9b18899b82b7394a8de593be6f9abbf32667d2e,True,d3d0603b4369fdd2a1ca890af7f17b25ae2a5f9c10e2c5d11df162d61da1c502,True,mapped
plan:afc9dda7c4061f8599228ec76e99307c52b930870d3d6d94125630567f64a8b4,A5A87/89DF2,TEXT,0,NP7,annotation,0,{},not_delivered_not_automatically_missing,8fd348c85e664bf0238302268288d8081b842053849bb9874852fe762c08515c,True,2bec814e21a3f12ff02d804b8c9b2e68dca55730791a78620d86b8eb5d6ef3c3,True,mapped
plan:b0ce539aa9f3fa48a8f743205908594157bc16fc3615323c54a443fb02f6ab0f,A5CCC/89DF9,TEXT,0,FM,annotation,0,{},not_delivered_not_automatically_missing,d4dbe6279c492e7ab45572c017ea2a6c93d86921c098f8652af97c91f5551e5b,True,0e7a0eb41b2d674224b43ba8650c8bce469a49883f58de92ef1e2a516ca5d6b2,True,mapped
plan:b1a5d8b79be137d59ef8f29ed914ec202b86e97d19797414b921bbe0a5ac47aa,A5A80/89DF9,TEXT,0,FM,annotation,0,{},not_delivered_not_automatically_missing,d4dbe6279c492e7ab45572c017ea2a6c93d86921c098f8652af97c91f5551e5b,True,ac567fa74b666bfd0cd16baed5392017af9c1219b1f7cb91b7db7f91a7759fcf,True,mapped
plan:b27f1188d76534ce404b4b5f34aa35ef60dae22952e2c1b760847bde7247b914,A5CEF/89DF8,TEXT,0,3',annotation,0,{},not_delivered_not_automatically_missing,810f3d1791a8a0352cbc1d17d9b18899b82b7394a8de593be6f9abbf32667d2e,True,3aead4bb20a9d55990e7e88d6b629548de7a76136bc910c3e3d5e79afd9dbc2f,True,mapped
plan:b2ae0b924b59eacda6440150ac166a20f7ef4d6ae1c376d9ff7a69524eedd8ed,A5CF6/89DF7,TEXT,0,4',annotation,0,{},not_delivered_not_automatically_missing,1d2bcf84b7283e99e5dd9dee72d4f175cb03739c55e9e32bf39de8975e592934,True,ee77742fd96ae4dc491b3f6c5b4936ba60084051629101ea03eca9823fa5da21,True,mapped
plan:b36c3f0a130ef05d74488181a84c86e5996e0ff72fa977c0476750f28012dd17,A5B0C/89EA3,TEXT,0,3',annotation,0,{},not_delivered_not_automatically_missing,7ce3e88b71d3883dfe85478588f63dafdb56fb8fd95626d4b5a5396a0b91118f,True,ce4f04475207991d4c983ef300cea2d8b70d111c033a7030f4d6bd88862557db,True,mapped
plan:b3bfc33a9966f948687e6b53dcc1e4aab8ca612831fcd43a8ded6b8b1605b87a,A5E70/89EA4,TEXT,0,FM,annotation,0,{},not_delivered_not_automatically_missing,84cd4565ae59b7527143b7c911b02549dd07cb00c176006f9d3a205ae0c73dfd,True,e6d2b6c18f6e212672137fce29ab4f3a69e8461fc7ec672ca08332295349a73b,True,mapped
plan:b4147e8d8f692517dc29eedfeadd38b10afc5a752908c4e2dcf8b1204c0ae4ce,A5CB7/89DF8,TEXT,0,3',annotation,0,{},not_delivered_not_automatically_missing,810f3d1791a8a0352cbc1d17d9b18899b82b7394a8de593be6f9abbf32667d2e,True,dc8e956173c10e660f9cdbd982059db74f9b1addb745ce58e37bd79ad7354ef0,True,mapped
plan:b43580a418235ab35b1d13975573fadd2c272cd4a3ccbdcfd2be641293178dc6,A5D3C/89DF7,TEXT,0,4',annotation,0,{},not_delivered_not_automatically_missing,1d2bcf84b7283e99e5dd9dee72d4f175cb03739c55e9e32bf39de8975e592934,True,0cb6ecd09734702bb051a2ed4b5f0ea8d7e86579a5841caef95d6224bdb1a0f7,True,mapped
plan:b4869c98cb0b4c9e475ed3ae814204c032728f35a3f579db187e3e1ed49bba3d,A5E54/89E9D,TEXT,0,NP7,annotation,0,{},not_delivered_not_automatically_missing,96ef904187a815eb69ad0ae695e56cbfbcd8601d3716b5564191327f7e36b795,True,f5d9f9886c2d46ec190132d64655db3b1b5699a8c123d006c1fcdf8a1f52c5a8,True,mapped
plan:b4a77deda79a212b95290bcfab17ee259fcc23fe83181cddb26304e9aa673a53,A5DAC/89DF7,TEXT,0,4',annotation,0,{},not_delivered_not_automatically_missing,1d2bcf84b7283e99e5dd9dee72d4f175cb03739c55e9e32bf39de8975e592934,True,d6ab4d6bf4351bf11a44a27bdd68879101ee3c78c140ecbebe137820cf13dc0c,True,mapped
plan:b4b5362d2c3c0587cc813e079cdbb25f25fd352084cf684aee6eeaa2a0b963c2,A5A5D/89DF9,TEXT,0,FM,annotation,0,{},not_delivered_not_automatically_missing,d4dbe6279c492e7ab45572c017ea2a6c93d86921c098f8652af97c91f5551e5b,True,d3d0603b4369fdd2a1ca890af7f17b25ae2a5f9c10e2c5d11df162d61da1c502,True,mapped
plan:b53338544398f996174c089de64fbc3be3c6aabf31ba0aaaf5ffc963b69059c1,A5AF7/89DF3,CIRCLE,0,,graphic_only,0,{},not_delivered_not_automatically_missing,0f841fb46c888265d5f317b35c0e65a398fc094d3b55379f46203e974d846b9c,True,122d9e5b13371416a52b99908daefdfea6624a36129997321162899af051e6f5,True,mapped
plan:b5882b174d81b4e4dee99bc5de1067c6fcf9549798a2374320cfed3245036da2,A5AF0/89DF3,CIRCLE,0,,graphic_only,0,{},not_delivered_not_automatically_missing,0f841fb46c888265d5f317b35c0e65a398fc094d3b55379f46203e974d846b9c,True,ca89deb7f333af1cd66546c46e2f8fb62d49a45909cf3538dbd0cb66162cd919,True,mapped
plan:b5eef42bdfc3c0905c57f59e04e45bcd731f8130575cf42326706e9ca3723e21,A5A6B/89DF3,CIRCLE,0,,graphic_only,0,{},not_delivered_not_automatically_missing,0f841fb46c888265d5f317b35c0e65a398fc094d3b55379f46203e974d846b9c,True,50472b65f9a9208a13d24e7160ea108fe1c7ef242c47dd56da17d3201a0702ff,True,mapped
plan:b61372c8a0dd216b86f1b558c658075f93c27e32df17f7e2e49f79cbc5204426,A5D5F/89DF5,LWPOLYLINE,0,,graphic_only,0,{},not_delivered_not_automatically_missing,53ae0701ffa2e4c8de844f3c64ccc8daf8296554f3ca1846db6e97df3cc8be86,True,1a63e34a10f2f36acb0c9e7e0239ea92ec1a2b24c8bf76492a9c9897ea6ea2b9,True,mapped
plan:b6f7448f5db4e5f7df73c53ce5ebf6e016d08310d4258b42e4d46879f4f3e091,A5AB8/89DF5,LWPOLYLINE,0,,graphic_only,0,{},not_delivered_not_automatically_missing,53ae0701ffa2e4c8de844f3c64ccc8daf8296554f3ca1846db6e97df3cc8be86,True,dc2468dd827a7432790bf6345f31ab92122af8a273700cf1b271e31ecb095d5a,True,mapped
plan:b778b9f777dce2126442e0af7d291c29ce9a98c012226534df768f13f4b9e366,A5DBA/89DF7,TEXT,0,4',annotation,0,{},not_delivered_not_automatically_missing,1d2bcf84b7283e99e5dd9dee72d4f175cb03739c55e9e32bf39de8975e592934,True,c275d16332cf941bcd56fc29cd78a99e4aefcd815f4090cd98edff034314aaf4,True,mapped
plan:b80190f69fa9a7f574b0a4956cb2d2583dc1a5ee83eee19c927406881f6f5286,A5A6B/89DF9,TEXT,0,FM,annotation,0,{},not_delivered_not_automatically_missing,d4dbe6279c492e7ab45572c017ea2a6c93d86921c098f8652af97c91f5551e5b,True,50472b65f9a9208a13d24e7160ea108fe1c7ef242c47dd56da17d3201a0702ff,True,mapped
plan:b80f587e6cee5bbcc8d0be75422d20d709ecfbb8cda21d869f44b7b3a68c339e,A5E4D/89EA4,TEXT,0,FM,annotation,0,{},not_delivered_not_automatically_missing,84cd4565ae59b7527143b7c911b02549dd07cb00c176006f9d3a205ae0c73dfd,True,590c47c27ce15d3695cf1c3a912bb6b2dfd72d742163b3e9186b3a23cbc2d31c,True,mapped
plan:b85e1518b020d0f94ecc8a1d086faa29dda5b2ede4b447e61944c4311a2de14b,A5D74/89DF8,TEXT,0,3',annotation,0,{},not_delivered_not_automatically_missing,810f3d1791a8a0352cbc1d17d9b18899b82b7394a8de593be6f9abbf32667d2e,True,14a88b1d659ba367dc172a71a56f5dcab9781430868a6e7db1c982af8b5a0d78,True,mapped
plan:b8d55b5e8a507af4849df9db83dc710a414fee09cc79872ba8860bd89aa246fe,A5D27/89DF8,TEXT,0,3',annotation,0,{},not_delivered_not_automatically_missing,810f3d1791a8a0352cbc1d17d9b18899b82b7394a8de593be6f9abbf32667d2e,True,412894113a70575951265870ac92d5d178bca790472764c8d2a0dc303363e29a,True,mapped
plan:b8dd7404b93ca84a65f7a0d74dfaf3979ec46756ceb7cdfb644a88b17317636a,A5D7B/89DF5,LWPOLYLINE,0,,graphic_only,0,{},not_delivered_not_automatically_missing,53ae0701ffa2e4c8de844f3c64ccc8daf8296554f3ca1846db6e97df3cc8be86,True,7d7d06f7ff1b989c268acf13e185c51ad9b80fb98277ec6dc62bbe7b910d0fbf,True,mapped
plan:b91550f2dcc67d3a30dbba110efd70d59bcb2486c868f3a3daa7c45c743245cd,A5DA5/89DF5,LWPOLYLINE,0,,graphic_only,0,{},not_delivered_not_automatically_missing,53ae0701ffa2e4c8de844f3c64ccc8daf8296554f3ca1846db6e97df3cc8be86,True,4d2bdd95f4cc7bee453ef50009e4a98af5fbef1b1fb4d97b36d994d6a0e70ba3,True,mapped
plan:b94da8d3102276cae1efce04af630c632a8b6d00e1d74eb6cd18748ea7628a1e,A5D0B/89DF8,TEXT,0,3',annotation,0,{},not_delivered_not_automatically_missing,810f3d1791a8a0352cbc1d17d9b18899b82b7394a8de593be6f9abbf32667d2e,True,5359046f3d5c3eaf2439c5bab96ad5f2fd53aae5f71c01b849d896330ff6acab,True,mapped
plan:b96536bf1c570fe2b77510c99caec446e20aff09aad61cdcc4c40447c189a5fe,A5A79/89DF8,TEXT,0,3',annotation,0,{},not_delivered_not_automatically_missing,810f3d1791a8a0352cbc1d17d9b18899b82b7394a8de593be6f9abbf32667d2e,True,55b87638afac3208308015ec16dc1770f15efd8e653ed68ea5576a120fe7d585,True,mapped
plan:b9866c00bc9738694c18be6b5a872cc81cda6168d41680b3cdcb7b3e715d57bf,A5AD4/89DF5,LWPOLYLINE,0,,graphic_only,0,{},not_delivered_not_automatically_missing,53ae0701ffa2e4c8de844f3c64ccc8daf8296554f3ca1846db6e97df3cc8be86,True,3dfb376040a9a688902763fa1bd98e1300725c942545299887b73e7470654966,True,mapped
plan:b9b093f03dbdc2ec693cb750291940e9159ad489481bd16abf837b71056793a0,A5D3C/89DF8,TEXT,0,3',annotation,0,{},not_delivered_not_automatically_missing,810f3d1791a8a0352cbc1d17d9b18899b82b7394a8de593be6f9abbf32667d2e,True,0cb6ecd09734702bb051a2ed4b5f0ea8d7e86579a5841caef95d6224bdb1a0f7,True,mapped
plan:b9d86576aff764fb5305ca33c5a09fcd26d25508a71d43718804a0ce55cd6fdf,A5E46/89EA2,TEXT,0,"2,5'",annotation,0,{},not_delivered_not_automatically_missing,5351dd1f3952c803ade0be5316567c5297ddab3fd05499d075493a123a052cdd,True,67e8d3062747f76bb709aa94d75142c9896b6930ec9228bc9823a71f346940eb,True,mapped
plan:b9dcf3a3021d3b7117ac0979f8a6ed375e2e95fb3fbb0c1bcebf19416a2c99d4,A5E31/89E9E,CIRCLE,0,,graphic_only,0,{},not_delivered_not_automatically_missing,6e6968b842801d587ecd13124fd14b216b3d08cb974aac32274d3ed12ed83d86,True,9373f4b38531e6df065c77cf1e90182155f9377ece4d1182a239f6fbce5a8f6b,True,mapped
plan:bb408daee9514caf67ce5ca02519abe1dcc662a99401cb8405da470b628b92d4,A5A95/89DF6,LWPOLYLINE,0,,graphic_only,0,{},not_delivered_not_automatically_missing,24db7c44b695eabf7406ccaa12c94193a8fbd766c0985a29184b660f99328abc,True,5fb39fe05d37755fa3e2b3a89cfbb6a8f7620720dffae291f06a670f21798188,True,mapped
plan:bc981ae49a2d663396af2a272366c024e21eda11637a56e7996604344fd06901,A5A9C/89DF2,TEXT,0,NP7,annotation,0,{},not_delivered_not_automatically_missing,8fd348c85e664bf0238302268288d8081b842053849bb9874852fe762c08515c,True,2008a53c821ced536f82ffba4d7170fbe21727d08f31209ee7223f8e8c9d68bc,True,mapped
plan:bcd8448cfea496da23a261a7b1bc1770a39c9aeb91f9af93d245969908263dc3,A5D89/89DF7,TEXT,0,4',annotation,0,{},not_delivered_not_automatically_missing,1d2bcf84b7283e99e5dd9dee72d4f175cb03739c55e9e32bf39de8975e592934,True,39800b1f41fa13fc95ff51552e287071d1d57a81f4a87e061abd4f47c7151313,True,mapped
plan:bd3c0729163326cad35d40399b522493297ab18a5b42818d6103567c6ec56590,A5AD4/89DF4,TEXT,0,NP7,annotation,0,{},not_delivered_not_automatically_missing,e29c9fd12b489e5651d34ee654c71d896c944c102d784793dcf4bc935190118c,True,3dfb376040a9a688902763fa1bd98e1300725c942545299887b73e7470654966,True,mapped
plan:bd99ccc961facd3d425253d54098289aaf9e9a9545b668f76e7f503797044793,A5E07/89EA3,TEXT,0,3',annotation,0,{},not_delivered_not_automatically_missing,7ce3e88b71d3883dfe85478588f63dafdb56fb8fd95626d4b5a5396a0b91118f,True,c4d62cf6bbe1ca357d6de619450bb14be0be4a17c4492fcae56932b6dcdee94b,True,mapped
plan:bd9d6c1f8618329c16721b32c1ff7c4c1de06878876ad6ba638bffc8535b6fb5,A5D74/89DF7,TEXT,0,4',annotation,0,{},not_delivered_not_automatically_missing,1d2bcf84b7283e99e5dd9dee72d4f175cb03739c55e9e32bf39de8975e592934,True,14a88b1d659ba367dc172a71a56f5dcab9781430868a6e7db1c982af8b5a0d78,True,mapped
plan:bdb55777ff595b8e3125b10347cdd0dbe4fdfc0875dca7f6d437f616f095c987,A5A8E/89DF8,TEXT,0,3',annotation,0,{},not_delivered_not_automatically_missing,810f3d1791a8a0352cbc1d17d9b18899b82b7394a8de593be6f9abbf32667d2e,True,fb4660fb4d0133b99919747abf041376664f3147bfc2b4dd56be90bd560b7701,True,mapped
plan:bde8ae93c3f70c0d322197f2ed28831c393bc73f1f953355956174badf49fd01,A5E70/89E9E,CIRCLE,0,,graphic_only,0,{},not_delivered_not_automatically_missing,6e6968b842801d587ecd13124fd14b216b3d08cb974aac32274d3ed12ed83d86,True,e6d2b6c18f6e212672137fce29ab4f3a69e8461fc7ec672ca08332295349a73b,True,mapped
plan:bde92373ea4f9079289e6e9040293cd5970c66ef3fa1cd80f423f71445b2faba,A5AE2/89DF8,TEXT,0,3',annotation,0,{},not_delivered_not_automatically_missing,810f3d1791a8a0352cbc1d17d9b18899b82b7394a8de593be6f9abbf32667d2e,True,8be46d88285287440aae935791640572d685bf876e4d3182ffbe6ab1624fed2f,True,mapped
plan:be0aa5e36e861a866f903484c3120c466f16ee4669b6d4d60341a2073bff6798,A5CB7/89DF7,TEXT,0,4',annotation,0,{},not_delivered_not_automatically_missing,1d2bcf84b7283e99e5dd9dee72d4f175cb03739c55e9e32bf39de8975e592934,True,dc8e956173c10e660f9cdbd982059db74f9b1addb745ce58e37bd79ad7354ef0,True,mapped
plan:be55805bec6e088487f03b79184fafb24d8d4a6506ef02d9652b18e6c6aed3d8,A5DB3/89DF8,TEXT,0,3',annotation,0,{},not_delivered_not_automatically_missing,810f3d1791a8a0352cbc1d17d9b18899b82b7394a8de593be6f9abbf32667d2e,True,2d1405bc93a484192a94d2f7beb9878bba13bb3ea7ca1818d854439018f70033,True,mapped
plan:be9524826098af126a2c5902d13b0acc945f4dd3f7894f87953ddc1323b388df,A5B21/89EA2,TEXT,0,"2,5'",annotation,0,{},not_delivered_not_automatically_missing,5351dd1f3952c803ade0be5316567c5297ddab3fd05499d075493a123a052cdd,True,8697ac925f118607d32e3de2d83ff8aa83a89bf78e7748e087464c5d2405a9c1,True,mapped
plan:bebaae17c1719417bca88dd3bc1d000100080565d02bd38b6ad715e011d486f4,A5A6B/89DF7,TEXT,0,4',annotation,0,{},not_delivered_not_automatically_missing,1d2bcf84b7283e99e5dd9dee72d4f175cb03739c55e9e32bf39de8975e592934,True,50472b65f9a9208a13d24e7160ea108fe1c7ef242c47dd56da17d3201a0702ff,True,mapped
plan:bec137bda33b7686ba6ebe004d4066cb3aac650099646039c93d34223ea2c2d0,A5DC1/89DF8,TEXT,0,3',annotation,0,{},not_delivered_not_automatically_missing,810f3d1791a8a0352cbc1d17d9b18899b82b7394a8de593be6f9abbf32667d2e,True,1c051ef36669362b6804aea21e8e131327f7608652ad99ce7c660d1f23671bb7,True,mapped
plan:bef3b0a65c96795d7550d314374381aa059e7b559f09b212d9e629bef516d6cf,A5E00/89E9F,TEXT,0,NP7,annotation,0,{},not_delivered_not_automatically_missing,dfb3c771ddec8dc0d8ea98a7f4f2d79eacbff89e598155c4f0633fd52abfa72b,True,ecb82c10c3e6696a17c51df090818108c65122724ae664f25b12e9588adbbf3e,True,mapped
plan:c07ef6d7a838eaebbec5ba5ab0ebd3ad5f9feb09ae306566bf2a6618f4e7fe3d,A5D19/89DF6,LWPOLYLINE,0,,graphic_only,0,{},not_delivered_not_automatically_missing,24db7c44b695eabf7406ccaa12c94193a8fbd766c0985a29184b660f99328abc,True,19f00d9538053ed76fc0debd88d00af85bf2b007c0b2d04c43b2110b71bb98c1,True,mapped
plan:c08498f6c4532e60f8c87ea60cf6b3f959d8889a0de68bdde2a2d35054868934,A5E77/89E9E,CIRCLE,0,,graphic_only,0,{},not_delivered_not_automatically_missing,6e6968b842801d587ecd13124fd14b216b3d08cb974aac32274d3ed12ed83d86,True,0bd3abf6a91155510dbebdb0353f4976967d14120fec70e52a5883395b16c390,True,mapped
plan:c0eaa1e0df7d8ab1c0f9709b99097991df64af34f027f4782533ff78e82b7b74,A5E9F/89DC1,TEXT,0,4',annotation,0,{},not_delivered_not_automatically_missing,149a333f5971cf1f6c766bf110555f68867e8a4f3d9b8fc70e8f060f3224f7e3,True,fcc1d6929e6b3019c89a37fca9583da13ac6d16f69e0ee2a02df17f32ef1d267,True,mapped
plan:c1bad683e8f165988ead2ff59c41425a222313ccc82522b78cc65aa794c45032,A5D0B/89DF3,CIRCLE,0,,graphic_only,0,{},not_delivered_not_automatically_missing,0f841fb46c888265d5f317b35c0e65a398fc094d3b55379f46203e974d846b9c,True,5359046f3d5c3eaf2439c5bab96ad5f2fd53aae5f71c01b849d896330ff6acab,True,mapped
plan:c1c21674eb5531e36136b31fb10334fbfc55d4e02111a32a7658208a0699422e,A5D97/89DF8,TEXT,0,3',annotation,0,{},not_delivered_not_automatically_missing,810f3d1791a8a0352cbc1d17d9b18899b82b7394a8de593be6f9abbf32667d2e,True,0822f926087e07908a409a1c446249e54651ef9028ee33667186a2dc3ae03bd4,True,mapped
plan:c2514d857bc6bc4b6e88bbbc17341039ed4e52150f9f82fd316c1404034880ab,A5D35/89DF8,TEXT,0,3',annotation,0,{},not_delivered_not_automatically_missing,810f3d1791a8a0352cbc1d17d9b18899b82b7394a8de593be6f9abbf32667d2e,True,e85cbc674486b1d6431a540b8a15f21cbbb066b89a27e7c61bb3d044bb4ea1b1,True,mapped
plan:c279d48f48f4925b6e77eb614c3264a8324e907ffd4962eefd5a0ccd1a4727d8,A5E98/89DBD,CIRCLE,0,,graphic_only,0,{},not_delivered_not_automatically_missing,83bc1027327d153e86fad48787a35c0d80498701d694b98bfe9cfd52a019f141,True,a9ba638c19fe59068d90dda66cf0ef50e5ba630b7f52fb21b3281628680e7a20,True,mapped
plan:c31c4fa9d59a40a934bf7bdde1b8649e38c58e0f508d0613d56eaab1482700ed,A5C9B/89DF4,TEXT,0,NP7,annotation,0,{},not_delivered_not_automatically_missing,e29c9fd12b489e5651d34ee654c71d896c944c102d784793dcf4bc935190118c,True,8f6bf5f4f99438277f8778c4cf29872ea8f0eddac9d0feef42fdec5f0a43ab59,True,mapped
plan:c32ae6849d260a0e942f37f6076165228266d42aef8f83c688138e63aa0b8268,A5CF6/89DF9,TEXT,0,FM,annotation,0,{},not_delivered_not_automatically_missing,d4dbe6279c492e7ab45572c017ea2a6c93d86921c098f8652af97c91f5551e5b,True,ee77742fd96ae4dc491b3f6c5b4936ba60084051629101ea03eca9823fa5da21,True,mapped
plan:c3ffdc6ebe0e2247b070011272f70ec7c66169643ef6e05beabcd0f1a90109eb,A5A8E/89DF7,TEXT,0,4',annotation,0,{},not_delivered_not_automatically_missing,1d2bcf84b7283e99e5dd9dee72d4f175cb03739c55e9e32bf39de8975e592934,True,fb4660fb4d0133b99919747abf041376664f3147bfc2b4dd56be90bd560b7701,True,mapped
plan:c531042c526206aa6f0f9cb029662af856c605bf3e713b1d83e38f0e75c3a0aa,A5D74/89DF5,LWPOLYLINE,0,,graphic_only,0,{},not_delivered_not_automatically_missing,53ae0701ffa2e4c8de844f3c64ccc8daf8296554f3ca1846db6e97df3cc8be86,True,14a88b1d659ba367dc172a71a56f5dcab9781430868a6e7db1c982af8b5a0d78,True,mapped
plan:c562f844b393b6a7fddf8e38447e87074688a03529a482ec8cb3c850a867b331,A5DC1/89DF6,LWPOLYLINE,0,,graphic_only,0,{},not_delivered_not_automatically_missing,24db7c44b695eabf7406ccaa12c94193a8fbd766c0985a29184b660f99328abc,True,1c051ef36669362b6804aea21e8e131327f7608652ad99ce7c660d1f23671bb7,True,mapped
plan:c678625c4ee5198e778e2c84fc8200c813ee67892da5b727d9a30acf92b4db62,A5A79/89DF3,CIRCLE,0,,graphic_only,0,{},not_delivered_not_automatically_missing,0f841fb46c888265d5f317b35c0e65a398fc094d3b55379f46203e974d846b9c,True,55b87638afac3208308015ec16dc1770f15efd8e653ed68ea5576a120fe7d585,True,mapped
plan:c6de2208e42b4194d9a2a628db05da0fb958da86ca5ebce91e8c8c10a429834f,A5E62/89EA2,TEXT,0,"2,5'",annotation,0,{},not_delivered_not_automatically_missing,5351dd1f3952c803ade0be5316567c5297ddab3fd05499d075493a123a052cdd,True,e59662454e2902fd689485fa2fb158fe42d23f93294cb2037dcd36a758e4de11,True,mapped
plan:c708074f9f873b5871998563bcc3aa68d7256db31788bbb24201ccb38fbfac2c,A5A87/89DF7,TEXT,0,4',annotation,0,{},not_delivered_not_automatically_missing,1d2bcf84b7283e99e5dd9dee72d4f175cb03739c55e9e32bf39de8975e592934,True,2bec814e21a3f12ff02d804b8c9b2e68dca55730791a78620d86b8eb5d6ef3c3,True,mapped
plan:c7b110303593fc4484b11113035e57b568b4abbea6fae242fe4be81383c2af0e,A5AB8/89DF7,TEXT,0,4',annotation,0,{},not_delivered_not_automatically_missing,1d2bcf84b7283e99e5dd9dee72d4f175cb03739c55e9e32bf39de8975e592934,True,dc2468dd827a7432790bf6345f31ab92122af8a273700cf1b271e31ecb095d5a,True,mapped
plan:c800dbe22952bb424eeb99c3c2d12783d0067a8e6588d4c5c3d610dcdfd39ae8,A5D82/89DF5,LWPOLYLINE,0,,graphic_only,0,{},not_delivered_not_automatically_missing,53ae0701ffa2e4c8de844f3c64ccc8daf8296554f3ca1846db6e97df3cc8be86,True,e259a2aaef74b3f603439d714eeca43afdfe41712cd714aeabc4b3c2652c4100,True,mapped
plan:c841634903e925205d33f5aeaad2afa98ce4b8e121177e3f33eaf9eed2fff357,A5D97/89DF4,TEXT,0,NP7,annotation,0,{},not_delivered_not_automatically_missing,e29c9fd12b489e5651d34ee654c71d896c944c102d784793dcf4bc935190118c,True,0822f926087e07908a409a1c446249e54651ef9028ee33667186a2dc3ae03bd4,True,mapped
plan:c8d9ceb92c9966db5c494abf0faef1c478d3043e929eb7508a0bdc5c4713e76c,A5BA5/A5B66,TEXT,NEW POLE 7m(4 inches),NP7,annotation,0,{},not_delivered_not_automatically_missing,84f95d0f70ba145d9fa0acd28dbfadab5e6696f6de9eb57f6adcef976af1b3b1,True,187ff00318d4deddc7bdb268f188b7700f53dea06e9a38d0ced633cf25da2f00,True,graphic_only
plan:c9a07d1e245c76b789e2da055ce5094ba1791b96feef9cfca03a20b3976d6e8b,A5A6B/89DF8,TEXT,0,3',annotation,0,{},not_delivered_not_automatically_missing,810f3d1791a8a0352cbc1d17d9b18899b82b7394a8de593be6f9abbf32667d2e,True,50472b65f9a9208a13d24e7160ea108fe1c7ef242c47dd56da17d3201a0702ff,True,mapped
plan:c9d12b31945082e9f3f6823be17088f452b43477418418535313d59c5dc6fbb9,A5DC1/89DF2,TEXT,0,NP7,annotation,0,{},not_delivered_not_automatically_missing,8fd348c85e664bf0238302268288d8081b842053849bb9874852fe762c08515c,True,1c051ef36669362b6804aea21e8e131327f7608652ad99ce7c660d1f23671bb7,True,mapped
plan:ca05e4e0fedb836cf9851b2a92f85bc0c6ef117e49463bc31c164b37e2b37e9c,A5E5B/89E9F,TEXT,0,NP7,annotation,0,{},not_delivered_not_automatically_missing,dfb3c771ddec8dc0d8ea98a7f4f2d79eacbff89e598155c4f0633fd52abfa72b,True,d08897ab9fe380a5c18a3f45f85efd0f7bde479725f0820ae4a0a384c0ca70da,True,mapped
plan:ca266f5e0feac401254b3e69b7f6f2705a3cceefcf53e3ccef309f4a19be4a3a,A5CFD/89DF6,LWPOLYLINE,0,,graphic_only,0,{},not_delivered_not_automatically_missing,24db7c44b695eabf7406ccaa12c94193a8fbd766c0985a29184b660f99328abc,True,f1053e9cbc5a91bbfc34735f4a7d8d8a58e0380d2c9747c9bba4441532bc4b7d,True,mapped
plan:ca4d255d8f0190e4d545a5d99ca2ae94a12823b0db1b62c33213926b13688037,A5AA3/89DF4,TEXT,0,NP7,annotation,0,{},not_delivered_not_automatically_missing,e29c9fd12b489e5651d34ee654c71d896c944c102d784793dcf4bc935190118c,True,e76f8620fda0141e72fef08b2ec82c1742b3a384f822ee67f8b23d572b371b01,True,mapped
plan:ca65414187c4a432dbfee869323d27829c4d8642f22f857eacca7032f6320359,A5D2E/89DF4,TEXT,0,NP7,annotation,0,{},not_delivered_not_automatically_missing,e29c9fd12b489e5651d34ee654c71d896c944c102d784793dcf4bc935190118c,True,7e3294d6e9cf28cf92cf67041537895be3437710d7fd5863e88d80d59124535e,True,mapped
plan:cadda72d1b90f83c8f416b9be31be552365c89a8b69e933cfea520ce4e30fdce,A5D5F/89DF9,TEXT,0,FM,annotation,0,{},not_delivered_not_automatically_missing,d4dbe6279c492e7ab45572c017ea2a6c93d86921c098f8652af97c91f5551e5b,True,1a63e34a10f2f36acb0c9e7e0239ea92ec1a2b24c8bf76492a9c9897ea6ea2b9,True,mapped
plan:cae84d71e3cc77ced9e9dd9777c333a05dc54db7b1a08633233563637ca641c9,A5A33/89DC2,TEXT,0,3',annotation,0,{},not_delivered_not_automatically_missing,b25b85771d736d7beb8948b94983005a8899c6f84ce05460d072ec93a109d353,True,c15611cf9a1c8167e9a00028c24643f9070bd1cb7049035f3456e5b487f7a047,True,mapped
plan:cb1a73b6be31786287840733bcc3bd17bba3731268ff70b3cdca0b1abe2f2491,A5D58/89DF2,TEXT,0,NP7,annotation,0,{},not_delivered_not_automatically_missing,8fd348c85e664bf0238302268288d8081b842053849bb9874852fe762c08515c,True,73e0360e33cf4cdae20b10614d552dfe8c13a3ad17c583a630b453b90cb8241e,True,mapped
plan:cb37fdeeda3565b53561237dca982267bd85aeaa7a6649f13aaeb8a4f455d38b,A5ADB/89DF3,CIRCLE,0,,graphic_only,0,{},not_delivered_not_automatically_missing,0f841fb46c888265d5f317b35c0e65a398fc094d3b55379f46203e974d846b9c,True,4bbfeaae9ec33e04865b2281875c1913061f22db371e2a2d29604b452aaa1352,True,mapped
plan:cb3a97b3c4b9ce0b8d2f9c308881c8944b545531d1b27e5b9367d2ac684979f7,A5AD4/89DF3,CIRCLE,0,,graphic_only,0,{},not_delivered_not_automatically_missing,0f841fb46c888265d5f317b35c0e65a398fc094d3b55379f46203e974d846b9c,True,3dfb376040a9a688902763fa1bd98e1300725c942545299887b73e7470654966,True,mapped
plan:cb70232a368a2ca87d62c266b3e5b1a6c930b9b45d67fe53f327ba6ca7548ff0,A5E91/89DC2,TEXT,0,3',annotation,0,{},not_delivered_not_automatically_missing,b25b85771d736d7beb8948b94983005a8899c6f84ce05460d072ec93a109d353,True,b094449b79d9edf9f83633e031bf344d862d645a4936f58757670ca30a8037ed,True,mapped
plan:cbf70dc7e7e019adea6370388d94be0d2c1558013eaa53f6c87fe3420fd6706a,A5E0E/89EA2,TEXT,0,"2,5'",annotation,0,{},not_delivered_not_automatically_missing,5351dd1f3952c803ade0be5316567c5297ddab3fd05499d075493a123a052cdd,True,b0cb865fc8120f4f33a869d574a00fb70a83fc5fd016f359e188d89a559f5a41,True,mapped
plan:cc514a411e8bcde423e456c52e0e6e932da7eb7f008b7be5b947983a290828a9,A5E9F/89DBF,LWPOLYLINE,0,,graphic_only,0,{},not_delivered_not_automatically_missing,c07102c6de18cba8dda3b081df7031e14310b87fe90545ff09e1d52706168402,True,fcc1d6929e6b3019c89a37fca9583da13ac6d16f69e0ee2a02df17f32ef1d267,True,mapped
plan:cc7b5221828d7dc7efe7d1954f99f26e43d57173edebc3624636d95ce5d7474b,A5B13/89E9F,TEXT,0,NP7,annotation,0,{},not_delivered_not_automatically_missing,dfb3c771ddec8dc0d8ea98a7f4f2d79eacbff89e598155c4f0633fd52abfa72b,True,a2febb5342d5aad575847354697ecfcf9b42a8e17cddd708424378f41157f154,True,mapped
plan:cc84b9472e226cd0e4379856011ee1d9edc2919cbc6cba86f925c55b1b22322b,A5A33/89DBE,TEXT,0,NP7,annotation,0,{},not_delivered_not_automatically_missing,bfad6a98feeecd45121d497c39d4c9bbdad75dcbc2ff7cf1680e0fffa2787122,True,c15611cf9a1c8167e9a00028c24643f9070bd1cb7049035f3456e5b487f7a047,True,mapped
plan:cca88beecee0bf67c21abdf496a006ecdc2025ce842a326a08e85aa23579448f,A5AC6/89DF5,LWPOLYLINE,0,,graphic_only,0,{},not_delivered_not_automatically_missing,53ae0701ffa2e4c8de844f3c64ccc8daf8296554f3ca1846db6e97df3cc8be86,True,3cb91e46a2775035f42573a5a96d5fb621a71f7ce825754dee30374ef1e492c7,True,mapped
plan:ccbb00c9052c7400432511bcc28dcb7960af7bf015a8c3932de1ab2291af1b60,A5CE1/89DF6,LWPOLYLINE,0,,graphic_only,0,{},not_delivered_not_automatically_missing,24db7c44b695eabf7406ccaa12c94193a8fbd766c0985a29184b660f99328abc,True,531e6b0eac6a18bb6bb55fcbf51a733c3ac3d15e6217acbe76eac7ba61a3c57d,True,mapped
plan:cd4983792b5dd9352d358bff38b0d3dd02289bc8f42072fb80ee566f04752752,A5B21/89E9D,TEXT,0,NP7,annotation,0,{},not_delivered_not_automatically_missing,96ef904187a815eb69ad0ae695e56cbfbcd8601d3716b5564191327f7e36b795,True,8697ac925f118607d32e3de2d83ff8aa83a89bf78e7748e087464c5d2405a9c1,True,mapped
plan:cd869eb1c682018d7939bd6fabd2ab1a667b87b623e2caf6365e89875579d8fd,A5CE1/89DF4,TEXT,0,NP7,annotation,0,{},not_delivered_not_automatically_missing,e29c9fd12b489e5651d34ee654c71d896c944c102d784793dcf4bc935190118c,True,531e6b0eac6a18bb6bb55fcbf51a733c3ac3d15e6217acbe76eac7ba61a3c57d,True,mapped
plan:cdb82bf156c8b0b04a8f1aab8df804b56968dbcc09c6dd2e1b260d1e4ad0b587,A5E46/89E9F,TEXT,0,NP7,annotation,0,{},not_delivered_not_automatically_missing,dfb3c771ddec8dc0d8ea98a7f4f2d79eacbff89e598155c4f0633fd52abfa72b,True,67e8d3062747f76bb709aa94d75142c9896b6930ec9228bc9823a71f346940eb,True,mapped
plan:ce3c52946bfbd5098dd44d7bba61190211cb9ae87a2bdede476d557904dd0f64,A5D27/89DF5,LWPOLYLINE,0,,graphic_only,0,{},not_delivered_not_automatically_missing,53ae0701ffa2e4c8de844f3c64ccc8daf8296554f3ca1846db6e97df3cc8be86,True,412894113a70575951265870ac92d5d178bca790472764c8d2a0dc303363e29a,True,mapped
plan:ce5a5f075e54bf4809962b71928a3f0ac91ce4a6baeacd2ca222439b07dadc70,A5AE9/89DF5,LWPOLYLINE,0,,graphic_only,0,{},not_delivered_not_automatically_missing,53ae0701ffa2e4c8de844f3c64ccc8daf8296554f3ca1846db6e97df3cc8be86,True,828205d0d82b080b70a1c7d98688c11a9a4c3a590948ec8be673c4113182719e,True,mapped
plan:ce7a9ecd74b2a0897d4f3dbf8ae65c70dc39656b65726d830843464cd4759bad,A5AFE/89DF7,TEXT,0,4',annotation,0,{},not_delivered_not_automatically_missing,1d2bcf84b7283e99e5dd9dee72d4f175cb03739c55e9e32bf39de8975e592934,True,2b5de1323566cb3a7a2cf7d8c62a635c01f4a4ef8895142435dbc576908e277e,True,mapped
plan:cee67c860f9e6b274835472ec28d81a0e58c6fadcaa5d1e7998cde938176de68,A5D3C/89DF9,TEXT,0,FM,annotation,0,{},not_delivered_not_automatically_missing,d4dbe6279c492e7ab45572c017ea2a6c93d86921c098f8652af97c91f5551e5b,True,0cb6ecd09734702bb051a2ed4b5f0ea8d7e86579a5841caef95d6224bdb1a0f7,True,mapped
plan:cee6a3b0143748c64720a4fbf3697deadc7aa8eb662f74d3ba956319eac2ceed,A5AFE/89DF2,TEXT,0,NP7,annotation,0,{},not_delivered_not_automatically_missing,8fd348c85e664bf0238302268288d8081b842053849bb9874852fe762c08515c,True,2b5de1323566cb3a7a2cf7d8c62a635c01f4a4ef8895142435dbc576908e277e,True,mapped
plan:cf26a8e25c121ec8a8c7ebcc68ce26b4b2c61160761e465400281e729fd104b8,A5AAA/89DF8,TEXT,0,3',annotation,0,{},not_delivered_not_automatically_missing,810f3d1791a8a0352cbc1d17d9b18899b82b7394a8de593be6f9abbf32667d2e,True,3ae1840840b002cd4d22d0d4717da554f059e2df5122c72e8800399114df28b8,True,mapped
plan:cf310e6e8c0c3fdc628e58dc54200e1eb6fb95a7a94567fbadb5e7ffe2413b97,A5AD4/89DF2,TEXT,0,NP7,annotation,0,{},not_delivered_not_automatically_missing,8fd348c85e664bf0238302268288d8081b842053849bb9874852fe762c08515c,True,3dfb376040a9a688902763fa1bd98e1300725c942545299887b73e7470654966,True,mapped
plan:cfb3e44bc0647b4a1236d61947c27c2bb42514241fa59d64688c3bcdade01eaa,A5BA5/A5B67,TEXT,NEW POLE 7m(4 inches),4',annotation,0,{},not_delivered_not_automatically_missing,7394611ff0321997cb3814dbd8c404bce5f1fe14188487718c3c7b185d8a3bfa,True,187ff00318d4deddc7bdb268f188b7700f53dea06e9a38d0ced633cf25da2f00,True,graphic_only
plan:cfb90a9aca5cda5c88f7bc9576c0f8f8c0da3255a84cc4f07d9521d8e664ee8e,A5A95/89DF8,TEXT,0,3',annotation,0,{},not_delivered_not_automatically_missing,810f3d1791a8a0352cbc1d17d9b18899b82b7394a8de593be6f9abbf32667d2e,True,5fb39fe05d37755fa3e2b3a89cfbb6a8f7620720dffae291f06a670f21798188,True,mapped
plan:cfcbb5a99cf3bfbd1cf73109fb8700c137e0010b425f17bfbd5ff2417e5e7e06,A5A64/89DF6,LWPOLYLINE,0,,graphic_only,0,{},not_delivered_not_automatically_missing,24db7c44b695eabf7406ccaa12c94193a8fbd766c0985a29184b660f99328abc,True,7e84e1f0e7d895f8b2f5b6d23295bbd13f6404d5eccac011ee7af5fca9a489cb,True,mapped
plan:d0982829f4bf4602c2e6d309b69e898c62ca1e2be00e04a16346c739ec560ffa,A5D43/89DF2,TEXT,0,NP7,annotation,0,{},not_delivered_not_automatically_missing,8fd348c85e664bf0238302268288d8081b842053849bb9874852fe762c08515c,True,e28013158a11bdcfeaa5668a006fdb68b696a05469ca7af943ab486e37ad56ac,True,mapped
plan:d0fa37d6507ef7cd3306fb3372827cd08e6526381d58d6584b3cfbd4c719267e,A5DC1/89DF5,LWPOLYLINE,0,,graphic_only,0,{},not_delivered_not_automatically_missing,53ae0701ffa2e4c8de844f3c64ccc8daf8296554f3ca1846db6e97df3cc8be86,True,1c051ef36669362b6804aea21e8e131327f7608652ad99ce7c660d1f23671bb7,True,mapped
plan:d1146d47a324959532dd15f5d45820bd058c07502d1f5445293964527ac2f9f2,A5AE2/89DF9,TEXT,0,FM,annotation,0,{},not_delivered_not_automatically_missing,d4dbe6279c492e7ab45572c017ea2a6c93d86921c098f8652af97c91f5551e5b,True,8be46d88285287440aae935791640572d685bf876e4d3182ffbe6ab1624fed2f,True,mapped
plan:d1443a1b26fa2be4258f799ea2a673ce6915d7feae5a5007d8013bb46c2b567c,A5E00/89EA1,LWPOLYLINE,0,,graphic_only,0,{},not_delivered_not_automatically_missing,af98f580656f168c6af8fa98aad5d6d6f1936f796720feee9b2db3fdcca84e68,True,ecb82c10c3e6696a17c51df090818108c65122724ae664f25b12e9588adbbf3e,True,mapped
plan:d267f53abbd2ac833bdb2096d14c1245d2bdd22b64a033545bffb6b6fdc6dd7f,A5DC8/89DF3,CIRCLE,0,,graphic_only,0,{},not_delivered_not_automatically_missing,0f841fb46c888265d5f317b35c0e65a398fc094d3b55379f46203e974d846b9c,True,a891ef5eaf7def9c4c48adca62f7393501731b06fe3fa7f5864e7ac8d6c4cde5,True,mapped
plan:d2817ae38fc3d37692d60c5ee60e48cc1e13b303b042934b2744fb3b22fd1fdb,A5D12/89DF6,LWPOLYLINE,0,,graphic_only,0,{},not_delivered_not_automatically_missing,24db7c44b695eabf7406ccaa12c94193a8fbd766c0985a29184b660f99328abc,True,dbfe4f0ee26693287fb239c88b8caa502a4239c4eb6859826379c9809e753e43,True,mapped
plan:d29b07e9e8a99906d8a2689443d1aedbd3edbb6903e1b9c617aa6d5395fcf275,A5A25/89DC3,TEXT,0,FM,annotation,0,{},not_delivered_not_automatically_missing,9a6675bc781abc2abd24c2058656b8aacd7c3ac597572fa58676916a791f3128,True,0e5d1b5d017edc6e34d1487662756b954584a4be46a4fbd0a578da402061ef64,True,mapped
plan:d2be571bac0aaf97993cc1512ba27cd95cf6875f6ab1dd2210804426381a9831,A5DB3/89DF2,TEXT,0,NP7,annotation,0,{},not_delivered_not_automatically_missing,8fd348c85e664bf0238302268288d8081b842053849bb9874852fe762c08515c,True,2d1405bc93a484192a94d2f7beb9878bba13bb3ea7ca1818d854439018f70033,True,mapped
plan:d3c8f2aabfc1992d0adc0612ee0bbf54c9f030b09a09b27854f40eec79be0630,A5A5D/89DF4,TEXT,0,NP7,annotation,0,{},not_delivered_not_automatically_missing,e29c9fd12b489e5651d34ee654c71d896c944c102d784793dcf4bc935190118c,True,d3d0603b4369fdd2a1ca890af7f17b25ae2a5f9c10e2c5d11df162d61da1c502,True,mapped
plan:d3ebc02496f3233b933ab9adee65dde24ed66f7f8388e30477a402b473e0e161,A5CA2/89DF9,TEXT,0,FM,annotation,0,{},not_delivered_not_automatically_missing,d4dbe6279c492e7ab45572c017ea2a6c93d86921c098f8652af97c91f5551e5b,True,748741972987965ae27001612fe82d6a83a019e12fc539c73206c0a9d1e0b75b,True,mapped
plan:d3f983ec85f35e47d4c071a5eea180243307ec0ae7481031f4321a0d1f887411,A5E46/89EA0,LWPOLYLINE,0,,graphic_only,0,{},not_delivered_not_automatically_missing,722179b311dea719d26c64eb9287cf206ffc89352caf98b23d03562d3617e3a0,True,67e8d3062747f76bb709aa94d75142c9896b6930ec9228bc9823a71f346940eb,True,mapped
plan:d4463d4bec32f39972a3e4810c71d50ca9482a179ecb6cef012b8cd50c8b6114,A5D12/89DF7,TEXT,0,4',annotation,0,{},not_delivered_not_automatically_missing,1d2bcf84b7283e99e5dd9dee72d4f175cb03739c55e9e32bf39de8975e592934,True,dbfe4f0ee26693287fb239c88b8caa502a4239c4eb6859826379c9809e753e43,True,mapped
plan:d4c5c7e849fe8d6bec70cdf9e0bdcd73475d58d4c9a84cabc2a3d2a0af78b450,A5D35/89DF4,TEXT,0,NP7,annotation,0,{},not_delivered_not_automatically_missing,e29c9fd12b489e5651d34ee654c71d896c944c102d784793dcf4bc935190118c,True,e85cbc674486b1d6431a540b8a15f21cbbb066b89a27e7c61bb3d044bb4ea1b1,True,mapped
plan:d4ebf029b2f9d13edb820fde74cb87a4ec78709ac10a5d8dc6c961d6eb33e28f,A5CFD/89DF2,TEXT,0,NP7,annotation,0,{},not_delivered_not_automatically_missing,8fd348c85e664bf0238302268288d8081b842053849bb9874852fe762c08515c,True,f1053e9cbc5a91bbfc34735f4a7d8d8a58e0380d2c9747c9bba4441532bc4b7d,True,mapped
plan:d516cc4f074b2bac79f898b98ea7f5cfbf698984425ea7be4cf9887118945445,A5D7B/89DF7,TEXT,0,4',annotation,0,{},not_delivered_not_automatically_missing,1d2bcf84b7283e99e5dd9dee72d4f175cb03739c55e9e32bf39de8975e592934,True,7d7d06f7ff1b989c268acf13e185c51ad9b80fb98277ec6dc62bbe7b910d0fbf,True,mapped
plan:d51abeb48ffa69c008cbe886c2aef875cc5d7ffd83aefa0f7839da1481745dd1,A5CD3/89DF3,CIRCLE,0,,graphic_only,0,{},not_delivered_not_automatically_missing,0f841fb46c888265d5f317b35c0e65a398fc094d3b55379f46203e974d846b9c,True,26df2912608f464cea8e65fb5a27dccf0a8a14ed54913c5ec4105e20ec2cf273,True,mapped
plan:d5309dbfa0eb9a42b73ff1c855d0e8dda380cbff0f2f615d5aba734bb8682277,A5E1C/89EA3,TEXT,0,3',annotation,0,{},not_delivered_not_automatically_missing,7ce3e88b71d3883dfe85478588f63dafdb56fb8fd95626d4b5a5396a0b91118f,True,e3d4e2117dcf8971640bf1c846df0c3533f53ceac7a9da5c8f85fcdf4059d5de,True,mapped
plan:d595630b4566eff91f8d7a3ab39b96c1bed9c90c881c00b51e74af71af32341c,A5A80/89DF6,LWPOLYLINE,0,,graphic_only,0,{},not_delivered_not_automatically_missing,24db7c44b695eabf7406ccaa12c94193a8fbd766c0985a29184b660f99328abc,True,ac567fa74b666bfd0cd16baed5392017af9c1219b1f7cb91b7db7f91a7759fcf,True,mapped
plan:d5bdcaa08ed577641e7486ab8fbbbe9c5654e702e574658fcff3d1aae756d29f,A5D04/89DF8,TEXT,0,3',annotation,0,{},not_delivered_not_automatically_missing,810f3d1791a8a0352cbc1d17d9b18899b82b7394a8de593be6f9abbf32667d2e,True,1aa573e45573fa8166f7c4d597074caff753f0b91f6b2581795756aa8d24b4ee,True,mapped
plan:d6bc9ac98a8df75df5d947a9c4f209f28407bcfe927c806263fb286892dc33bd,A5DC8/89DF6,LWPOLYLINE,0,,graphic_only,0,{},not_delivered_not_automatically_missing,24db7c44b695eabf7406ccaa12c94193a8fbd766c0985a29184b660f99328abc,True,a891ef5eaf7def9c4c48adca62f7393501731b06fe3fa7f5864e7ac8d6c4cde5,True,mapped
plan:d73e0306c6351c09c12bce82161226c2bbdd89c7b566515ebbcb9515cbc7ed50,A5CB0/89DF4,TEXT,0,NP7,annotation,0,{},not_delivered_not_automatically_missing,e29c9fd12b489e5651d34ee654c71d896c944c102d784793dcf4bc935190118c,True,0b0f720d3ab9447285bfd7ca77c33935357e313397e5a7e4f7b1d5fbec92fa8f,True,mapped
plan:d74590f32830c61a2ab61d7c891e9e74211a21f128e0507488552c6dc3b9078b,A5B0C/89E9D,TEXT,0,NP7,annotation,0,{},not_delivered_not_automatically_missing,96ef904187a815eb69ad0ae695e56cbfbcd8601d3716b5564191327f7e36b795,True,ce4f04475207991d4c983ef300cea2d8b70d111c033a7030f4d6bd88862557db,True,mapped
plan:d74c9550a6994e2e3c81bd30a225db0fcf31f531b98caf0d9c7de58993cf726f,A5D04/89DF6,LWPOLYLINE,0,,graphic_only,0,{},not_delivered_not_automatically_missing,24db7c44b695eabf7406ccaa12c94193a8fbd766c0985a29184b660f99328abc,True,1aa573e45573fa8166f7c4d597074caff753f0b91f6b2581795756aa8d24b4ee,True,mapped
plan:d8069b92155cd5f90c73238f2e4c7146ecf847ab92774ce2ff49ac02afb54589,A5A41/89DBE,TEXT,0,NP7,annotation,0,{},not_delivered_not_automatically_missing,bfad6a98feeecd45121d497c39d4c9bbdad75dcbc2ff7cf1680e0fffa2787122,True,3baf344f70e722413c7d28508dd96d58501f696cdc2d62e5351ba9777b9e942a,True,mapped
plan:d8077920dc902b0162acd6761a40ac1feea21fb288ed84a89f7ace79aa5811e3,A5B1A/89E9D,TEXT,0,NP7,annotation,0,{},not_delivered_not_automatically_missing,96ef904187a815eb69ad0ae695e56cbfbcd8601d3716b5564191327f7e36b795,True,1a22a8ed37c92321f1063c06a54229f13282c571123535ef5607b8812378ca05,True,mapped
plan:d84d02fd21f3c12f1b5ee73ae8c4b24c9fef0a10e95a0961abc8d15c2bda3186,A5DF9/89EA1,LWPOLYLINE,0,,graphic_only,0,{},not_delivered_not_automatically_missing,af98f580656f168c6af8fa98aad5d6d6f1936f796720feee9b2db3fdcca84e68,True,ebdcc247042227c71b49488bf005e51b4f8ed85a6eb665f6be48ebc26682eedb,True,mapped
plan:d86fe270f14dde1ed398d7cd6aa255b9d92b5e0eb826c211428c244d91428c60,A5A95/89DF2,TEXT,0,NP7,annotation,0,{},not_delivered_not_automatically_missing,8fd348c85e664bf0238302268288d8081b842053849bb9874852fe762c08515c,True,5fb39fe05d37755fa3e2b3a89cfbb6a8f7620720dffae291f06a670f21798188,True,mapped
plan:d877563a353a563bc4c30d9f8997bb6b87e7d8c52a4d07b628337da121d042fa,A5C9B/89DF9,TEXT,0,FM,annotation,0,{},not_delivered_not_automatically_missing,d4dbe6279c492e7ab45572c017ea2a6c93d86921c098f8652af97c91f5551e5b,True,8f6bf5f4f99438277f8778c4cf29872ea8f0eddac9d0feef42fdec5f0a43ab59,True,mapped
plan:d88bc2fef9aa813f00b4e8065b2ad951eb2dfe3d63eba53aa6e9827860bc0a5e,A5DA5/89DF7,TEXT,0,4',annotation,0,{},not_delivered_not_automatically_missing,1d2bcf84b7283e99e5dd9dee72d4f175cb03739c55e9e32bf39de8975e592934,True,4d2bdd95f4cc7bee453ef50009e4a98af5fbef1b1fb4d97b36d994d6a0e70ba3,True,mapped
plan:d89e15213bc1ee26f1814affc36bdf524b44d83b7e3c8d30d06af54908133895,A5E2A/89E9E,CIRCLE,0,,graphic_only,0,{},not_delivered_not_automatically_missing,6e6968b842801d587ecd13124fd14b216b3d08cb974aac32274d3ed12ed83d86,True,8c891a0cb09573a047c53091ad2989c4a6b5e063859afdd167e888dee9971377,True,mapped
plan:d8cc1ea0e38ad6d152f5dc0e23208a142a326b3ee915f5ddcb618edc04929869,A5E00/89EA4,TEXT,0,FM,annotation,0,{},not_delivered_not_automatically_missing,84cd4565ae59b7527143b7c911b02549dd07cb00c176006f9d3a205ae0c73dfd,True,ecb82c10c3e6696a17c51df090818108c65122724ae664f25b12e9588adbbf3e,True,mapped
plan:d8d4fd938e37fc3a5587a06393f6a14ca8b62e5eb9714825bec4d539d2d0e425,A5AAA/89DF2,TEXT,0,NP7,annotation,0,{},not_delivered_not_automatically_missing,8fd348c85e664bf0238302268288d8081b842053849bb9874852fe762c08515c,True,3ae1840840b002cd4d22d0d4717da554f059e2df5122c72e8800399114df28b8,True,mapped
plan:d8ef14efe140be22e9a15ae35237e3e654ac456d0ef94f8de8de6d65fbfd1e61,A5AB1/89DF4,TEXT,0,NP7,annotation,0,{},not_delivered_not_automatically_missing,e29c9fd12b489e5651d34ee654c71d896c944c102d784793dcf4bc935190118c,True,bb5c3d3c9020bf5a3e871c422ac4ee3352bb86d6c93b142186a6fb463bf1e0ba,True,mapped
plan:d91f643e9a2ced80cc08344fa1ad48011b7c898a51f4e6583da6eb8cf2919491,A5B05/89E9F,TEXT,0,NP7,annotation,0,{},not_delivered_not_automatically_missing,dfb3c771ddec8dc0d8ea98a7f4f2d79eacbff89e598155c4f0633fd52abfa72b,True,84fa49b07f963e1eb622a1ee0605a5bf6aaa15a948fc4f3a63e0d94ea416f7f1,True,mapped
plan:d921ce90a2ee937deeb4055e7bbf270575a3766160b6e4db0a6e20ccf9c880b0,A5AF7/89DF7,TEXT,0,4',annotation,0,{},not_delivered_not_automatically_missing,1d2bcf84b7283e99e5dd9dee72d4f175cb03739c55e9e32bf39de8975e592934,True,122d9e5b13371416a52b99908daefdfea6624a36129997321162899af051e6f5,True,mapped
plan:d9674ec46d9356b450ee8758ebd89b8cde5f846eb25ed4120968e2328d63ece8,A5AFE/89DF9,TEXT,0,FM,annotation,0,{},not_delivered_not_automatically_missing,d4dbe6279c492e7ab45572c017ea2a6c93d86921c098f8652af97c91f5551e5b,True,2b5de1323566cb3a7a2cf7d8c62a635c01f4a4ef8895142435dbc576908e277e,True,mapped
plan:d9ea1c04631cf8533df5aa67016d0e7014347676d2b84492ca8913ab81198f08,A5DC8/89DF8,TEXT,0,3',annotation,0,{},not_delivered_not_automatically_missing,810f3d1791a8a0352cbc1d17d9b18899b82b7394a8de593be6f9abbf32667d2e,True,a891ef5eaf7def9c4c48adca62f7393501731b06fe3fa7f5864e7ac8d6c4cde5,True,mapped
plan:da148678bea333e787a5454b11bcbeb01daa5f9f2c7a5e072718fa14ce5fdabe,A5DAC/89DF6,LWPOLYLINE,0,,graphic_only,0,{},not_delivered_not_automatically_missing,24db7c44b695eabf7406ccaa12c94193a8fbd766c0985a29184b660f99328abc,True,d6ab4d6bf4351bf11a44a27bdd68879101ee3c78c140ecbebe137820cf13dc0c,True,mapped
plan:da69617464c69f00dcdfffb01df2fc6bfe4357bda81a76b50b74bf50e7c79df3,A5ABF/89DF6,LWPOLYLINE,0,,graphic_only,0,{},not_delivered_not_automatically_missing,24db7c44b695eabf7406ccaa12c94193a8fbd766c0985a29184b660f99328abc,True,b2b1b65b277330821444b79ff598175309fc2fd49107519891ce308130f96189,True,mapped
plan:dab159a4e88707d400b6e678fcd0f6f120a1819db6af400e3a809a5b10f37a9d,A5C9B/89DF5,LWPOLYLINE,0,,graphic_only,0,{},not_delivered_not_automatically_missing,53ae0701ffa2e4c8de844f3c64ccc8daf8296554f3ca1846db6e97df3cc8be86,True,8f6bf5f4f99438277f8778c4cf29872ea8f0eddac9d0feef42fdec5f0a43ab59,True,mapped
plan:db3f298e0860f6a90cd8808e85f59cd1e169562ad2b2f4ec5fc1a5c42abd84a9,A5A9C/89DF8,TEXT,0,3',annotation,0,{},not_delivered_not_automatically_missing,810f3d1791a8a0352cbc1d17d9b18899b82b7394a8de593be6f9abbf32667d2e,True,2008a53c821ced536f82ffba4d7170fbe21727d08f31209ee7223f8e8c9d68bc,True,mapped
plan:dbf00d5297c12ad51598841dace05051274d55177b6154ac3385020682a3ff2d,A5DDD/89DF2,TEXT,0,NP7,annotation,0,{},not_delivered_not_automatically_missing,8fd348c85e664bf0238302268288d8081b842053849bb9874852fe762c08515c,True,a0b0bcd7e1e8c0061ec45fa363192b5e9f71b069743e9be867e099717ceb5cc5,True,mapped
plan:dbf22e14c35600580f3707e1492fc383df2ac812e48e4a7e17cd6439222477ce,A5DA5/89DF2,TEXT,0,NP7,annotation,0,{},not_delivered_not_automatically_missing,8fd348c85e664bf0238302268288d8081b842053849bb9874852fe762c08515c,True,4d2bdd95f4cc7bee453ef50009e4a98af5fbef1b1fb4d97b36d994d6a0e70ba3,True,mapped
plan:dc6ecf95bdad01f3361fbc07c3136536a93a31b5b5a94b9888358dd6f41d801f,A5E77/89E9D,TEXT,0,NP7,annotation,0,{},not_delivered_not_automatically_missing,96ef904187a815eb69ad0ae695e56cbfbcd8601d3716b5564191327f7e36b795,True,0bd3abf6a91155510dbebdb0353f4976967d14120fec70e52a5883395b16c390,True,mapped
plan:dc8167eeda77853f742d48b0de8c9a55eced37aafd502a7a9b1eff63e82b6480,A5AE9/89DF4,TEXT,0,NP7,annotation,0,{},not_delivered_not_automatically_missing,e29c9fd12b489e5651d34ee654c71d896c944c102d784793dcf4bc935190118c,True,828205d0d82b080b70a1c7d98688c11a9a4c3a590948ec8be673c4113182719e,True,mapped
plan:dcaf5d9632718e391273ce55d7e3431dee1decbf648ccf390dba97c223b2138d,A5D4A/89DF7,TEXT,0,4',annotation,0,{},not_delivered_not_automatically_missing,1d2bcf84b7283e99e5dd9dee72d4f175cb03739c55e9e32bf39de8975e592934,True,de676ca1ae5bdd426bd30c2b4eb52cf2f49930c8b11945787e71d54985bea60a,True,mapped
plan:dcc3e40fbabb650eeb7324fb1eff89b4def29c957f964d9460fca175cefb62cf,A5A41/89DC3,TEXT,0,FM,annotation,0,{},not_delivered_not_automatically_missing,9a6675bc781abc2abd24c2058656b8aacd7c3ac597572fa58676916a791f3128,True,3baf344f70e722413c7d28508dd96d58501f696cdc2d62e5351ba9777b9e942a,True,mapped
plan:dcec0218e1e9ce01df2f2a70d618cfee24d43bfaf58e062e80b47042e5589a02,A5A6B/89DF2,TEXT,0,NP7,annotation,0,{},not_delivered_not_automatically_missing,8fd348c85e664bf0238302268288d8081b842053849bb9874852fe762c08515c,True,50472b65f9a9208a13d24e7160ea108fe1c7ef242c47dd56da17d3201a0702ff,True,mapped
plan:dd3e1f7ab58a5ee6c62a77970d81be8ea4c07d8fbd398d4a7dcd5601a1ef32b8,A5E07/89E9E,CIRCLE,0,,graphic_only,0,{},not_delivered_not_automatically_missing,6e6968b842801d587ecd13124fd14b216b3d08cb974aac32274d3ed12ed83d86,True,c4d62cf6bbe1ca357d6de619450bb14be0be4a17c4492fcae56932b6dcdee94b,True,mapped
plan:dd938e6b015e0514413e1ac498d84c56e40634cc9f5d45ae9fed287abae9e5b6,A5E91/89DBE,TEXT,0,NP7,annotation,0,{},not_delivered_not_automatically_missing,bfad6a98feeecd45121d497c39d4c9bbdad75dcbc2ff7cf1680e0fffa2787122,True,b094449b79d9edf9f83633e031bf344d862d645a4936f58757670ca30a8037ed,True,mapped
plan:ddeed263b4a03ed06966e46455806dfe217677f68cebc7f1258c12488f0867a9,A5A3A/89DBE,TEXT,0,NP7,annotation,0,{},not_delivered_not_automatically_missing,bfad6a98feeecd45121d497c39d4c9bbdad75dcbc2ff7cf1680e0fffa2787122,True,87f6d06ab068fceeebc9e9661b964bdf41ee7414064800e451a460f2788a25ae,True,mapped
plan:de0cde04be3ac9944027c004c4d6c9bc900fa80b570f3a889d860dd3f4a3933a,A5D89/89DF8,TEXT,0,3',annotation,0,{},not_delivered_not_automatically_missing,810f3d1791a8a0352cbc1d17d9b18899b82b7394a8de593be6f9abbf32667d2e,True,39800b1f41fa13fc95ff51552e287071d1d57a81f4a87e061abd4f47c7151313,True,mapped
plan:de11055a987b543c7f00ce250b2be2a405a57f862813eba5b8e6a49d213fcfdc,A5A80/89DF2,TEXT,0,NP7,annotation,0,{},not_delivered_not_automatically_missing,8fd348c85e664bf0238302268288d8081b842053849bb9874852fe762c08515c,True,ac567fa74b666bfd0cd16baed5392017af9c1219b1f7cb91b7db7f91a7759fcf,True,mapped
plan:de2732701678185735fe27333aa990dd16b5a5d9fbe0e6bcacb312d673e5bcd7,A5AF0/89DF2,TEXT,0,NP7,annotation,0,{},not_delivered_not_automatically_missing,8fd348c85e664bf0238302268288d8081b842053849bb9874852fe762c08515c,True,ca89deb7f333af1cd66546c46e2f8fb62d49a45909cf3538dbd0cb66162cd919,True,mapped
plan:de7e76c21a9021df01bdd4f6a08afb3c6a1056dfe14aae4075a5ae21f1ce9c98,A5D0B/89DF7,TEXT,0,4',annotation,0,{},not_delivered_not_automatically_missing,1d2bcf84b7283e99e5dd9dee72d4f175cb03739c55e9e32bf39de8975e592934,True,5359046f3d5c3eaf2439c5bab96ad5f2fd53aae5f71c01b849d896330ff6acab,True,mapped
plan:de8ff5bb65ef009b6740c414e05b52ce50e042b72d2b33d2ec830e7bd740e889,A5D35/89DF9,TEXT,0,FM,annotation,0,{},not_delivered_not_automatically_missing,d4dbe6279c492e7ab45572c017ea2a6c93d86921c098f8652af97c91f5551e5b,True,e85cbc674486b1d6431a540b8a15f21cbbb066b89a27e7c61bb3d044bb4ea1b1,True,mapped
plan:deb998e57f1530f887cd4a6065cd9cef6ea780f37bea5728d9e6d0c58ce4d2de,A5DC1/89DF4,TEXT,0,NP7,annotation,0,{},not_delivered_not_automatically_missing,e29c9fd12b489e5651d34ee654c71d896c944c102d784793dcf4bc935190118c,True,1c051ef36669362b6804aea21e8e131327f7608652ad99ce7c660d1f23671bb7,True,mapped
plan:df00594be21120cc87e2761cd8ff15f7ff84486d9c7e7e1550cadd74b60df58e,A5CA2/89DF5,LWPOLYLINE,0,,graphic_only,0,{},not_delivered_not_automatically_missing,53ae0701ffa2e4c8de844f3c64ccc8daf8296554f3ca1846db6e97df3cc8be86,True,748741972987965ae27001612fe82d6a83a019e12fc539c73206c0a9d1e0b75b,True,mapped
plan:e05d96e0d1724086010a5b51470cb536d579f5ed3238c1f8e91f90b4dd8be9c9,A5CB0/89DF5,LWPOLYLINE,0,,graphic_only,0,{},not_delivered_not_automatically_missing,53ae0701ffa2e4c8de844f3c64ccc8daf8296554f3ca1846db6e97df3cc8be86,True,0b0f720d3ab9447285bfd7ca77c33935357e313397e5a7e4f7b1d5fbec92fa8f,True,mapped
plan:e06abb9071b3ab2770424abd2c5d72971aff5203235581ff4500b33f7a72e1e0,A5DAC/89DF8,TEXT,0,3',annotation,0,{},not_delivered_not_automatically_missing,810f3d1791a8a0352cbc1d17d9b18899b82b7394a8de593be6f9abbf32667d2e,True,d6ab4d6bf4351bf11a44a27bdd68879101ee3c78c140ecbebe137820cf13dc0c,True,mapped
plan:e11dbecd05680bb6fc2cbd4c70df1da9b894a19daecb128f8d62bbc48a84369f,A5E0E/89EA3,TEXT,0,3',annotation,0,{},not_delivered_not_automatically_missing,7ce3e88b71d3883dfe85478588f63dafdb56fb8fd95626d4b5a5396a0b91118f,True,b0cb865fc8120f4f33a869d574a00fb70a83fc5fd016f359e188d89a559f5a41,True,mapped
plan:e12d923637603e956ef7d86c808f3d062eee9d54188f8ec215bbc95fc49e0c75,A5CFD/89DF9,TEXT,0,FM,annotation,0,{},not_delivered_not_automatically_missing,d4dbe6279c492e7ab45572c017ea2a6c93d86921c098f8652af97c91f5551e5b,True,f1053e9cbc5a91bbfc34735f4a7d8d8a58e0380d2c9747c9bba4441532bc4b7d,True,mapped
plan:e13d4972419875c48c78156bc7228e537704c1c1a5770d5a427e2c336aeb7522,A5E7E/89E9F,TEXT,0,NP7,annotation,0,{},not_delivered_not_automatically_missing,dfb3c771ddec8dc0d8ea98a7f4f2d79eacbff89e598155c4f0633fd52abfa72b,True,e0f132cc7831cbecc1d4649cce35d00120ce1bf3a02e1a611bc52363de952f6e,True,mapped
plan:e151c629035d790bded7b298de9f6b209ae65622634debbc9db9779c0d4c3d8d,A5D3C/89DF5,LWPOLYLINE,0,,graphic_only,0,{},not_delivered_not_automatically_missing,53ae0701ffa2e4c8de844f3c64ccc8daf8296554f3ca1846db6e97df3cc8be86,True,0cb6ecd09734702bb051a2ed4b5f0ea8d7e86579a5841caef95d6224bdb1a0f7,True,mapped
plan:e16ec1620b7880094026249e16a861ed7f755705c5666ac6c2b3c1bcc5038a9c,A5E38/89EA1,LWPOLYLINE,0,,graphic_only,0,{},not_delivered_not_automatically_missing,af98f580656f168c6af8fa98aad5d6d6f1936f796720feee9b2db3fdcca84e68,True,a8a031f7194ad4eaba43f51dcde4252e7be58772d38c4d99f9fc015e728f0230,True,mapped
plan:e1aece2a1bc2ec27f862794ae3162d0b5a5b6fbdc511687c1ba6f8b798da7b2b,A5D90/89DF3,CIRCLE,0,,graphic_only,0,{},not_delivered_not_automatically_missing,0f841fb46c888265d5f317b35c0e65a398fc094d3b55379f46203e974d846b9c,True,fc15910fd667a011681c79766ac9af1c6ecc51faa2a18d01e50a4d2a72286199,True,mapped
plan:e1c6d1fc02ff1eb80b748f7ef61e8ae73e6f42992060b5e038a7f7ef2ac30972,A5D7B/89DF6,LWPOLYLINE,0,,graphic_only,0,{},not_delivered_not_automatically_missing,24db7c44b695eabf7406ccaa12c94193a8fbd766c0985a29184b660f99328abc,True,7d7d06f7ff1b989c268acf13e185c51ad9b80fb98277ec6dc62bbe7b910d0fbf,True,mapped
plan:e247d704ea4956c01484a78ab80d2a1befb57ba643dabbec5f8a1ddfd0ec64ac,A5DF2/89EA0,LWPOLYLINE,0,,graphic_only,0,{},not_delivered_not_automatically_missing,722179b311dea719d26c64eb9287cf206ffc89352caf98b23d03562d3617e3a0,True,13ec43f34f2c3764008a7339b7010f0b91fe5d86c11fb0398d74801ea9d47a45,True,mapped
plan:e257d12de89a0188b4ad4f6fc5b1d02802dbf58a2ad9d6bf50cd150a32e6e5c6,A5A80/89DF5,LWPOLYLINE,0,,graphic_only,0,{},not_delivered_not_automatically_missing,53ae0701ffa2e4c8de844f3c64ccc8daf8296554f3ca1846db6e97df3cc8be86,True,ac567fa74b666bfd0cd16baed5392017af9c1219b1f7cb91b7db7f91a7759fcf,True,mapped
plan:e34aa7c235ef0fde8069d8d55015805c44b101fa9c7f54429576b651fa2af597,A5DF9/89EA0,LWPOLYLINE,0,,graphic_only,0,{},not_delivered_not_automatically_missing,722179b311dea719d26c64eb9287cf206ffc89352caf98b23d03562d3617e3a0,True,ebdcc247042227c71b49488bf005e51b4f8ed85a6eb665f6be48ebc26682eedb,True,mapped
plan:e4d3eedf266e56cc91c398f14eeeb934427a6f1e221b68010e187c500f4ba14f,A5B13/89EA2,TEXT,0,"2,5'",annotation,0,{},not_delivered_not_automatically_missing,5351dd1f3952c803ade0be5316567c5297ddab3fd05499d075493a123a052cdd,True,a2febb5342d5aad575847354697ecfcf9b42a8e17cddd708424378f41157f154,True,mapped
plan:e4f3fe920547de68954c27d5d57c4ab2435f91b383949e63f9ca9a777c97c16e,A5AC6/89DF2,TEXT,0,NP7,annotation,0,{},not_delivered_not_automatically_missing,8fd348c85e664bf0238302268288d8081b842053849bb9874852fe762c08515c,True,3cb91e46a2775035f42573a5a96d5fb621a71f7ce825754dee30374ef1e492c7,True,mapped
plan:e5779ba435289766be4ab516ac44b16e70c20a413f7804ee144b33e8a00c27d4,A5E15/89EA1,LWPOLYLINE,0,,graphic_only,0,{},not_delivered_not_automatically_missing,af98f580656f168c6af8fa98aad5d6d6f1936f796720feee9b2db3fdcca84e68,True,89f28961f8efdde75e2c2e3e61f4b90925fb02d051ad424808fe4f5633fd5423,True,mapped
plan:e59d557f979aebeba7383b4381136c4b16d3d7f4de5e60a4ed6acfd2c98090f0,A5CBE/89DF3,CIRCLE,0,,graphic_only,0,{},not_delivered_not_automatically_missing,0f841fb46c888265d5f317b35c0e65a398fc094d3b55379f46203e974d846b9c,True,1290c24ba215560e8b66f12ab48cca3b44bc513c42da5ea067dc3adf54f8ed05,True,mapped
plan:e5cdecbf165d95732bd519a89ad4a7656e5c65b4db1b360c6bd006efe8718590,A5A2C/89DC3,TEXT,0,FM,annotation,0,{},not_delivered_not_automatically_missing,9a6675bc781abc2abd24c2058656b8aacd7c3ac597572fa58676916a791f3128,True,4057646e714a57f57232bfa16c80f709cf5649408eb4e62eee15f918706ee2fb,True,mapped
plan:e5d3640e3866ef4ada0156e6ab28e2dc786751f0d37893a91b5380a539cc3ed3,A5B1A/89EA4,TEXT,0,FM,annotation,0,{},not_delivered_not_automatically_missing,84cd4565ae59b7527143b7c911b02549dd07cb00c176006f9d3a205ae0c73dfd,True,1a22a8ed37c92321f1063c06a54229f13282c571123535ef5607b8812378ca05,True,mapped
plan:e612fb4cce98d14c0fb43bffa55b98b446bcb235a986a92a6808ae2b3b6bed7a,A5D3C/89DF6,LWPOLYLINE,0,,graphic_only,0,{},not_delivered_not_automatically_missing,24db7c44b695eabf7406ccaa12c94193a8fbd766c0985a29184b660f99328abc,True,0cb6ecd09734702bb051a2ed4b5f0ea8d7e86579a5841caef95d6224bdb1a0f7,True,mapped
plan:e64606406c3311afa67690251f70dd44557101f618f68f5713136636d1232a58,A5D58/89DF9,TEXT,0,FM,annotation,0,{},not_delivered_not_automatically_missing,d4dbe6279c492e7ab45572c017ea2a6c93d86921c098f8652af97c91f5551e5b,True,73e0360e33cf4cdae20b10614d552dfe8c13a3ad17c583a630b453b90cb8241e,True,mapped
plan:e664b931016c1a72879876bb2d399ff4f054d6a7a4e7be6525d15ff3d8d0e99a,A5A80/89DF4,TEXT,0,NP7,annotation,0,{},not_delivered_not_automatically_missing,e29c9fd12b489e5651d34ee654c71d896c944c102d784793dcf4bc935190118c,True,ac567fa74b666bfd0cd16baed5392017af9c1219b1f7cb91b7db7f91a7759fcf,True,mapped
plan:e6a165c6ea80a8d6baece362bd8c9f9f66d5b801a827cd9e5560b03ee4f49396,A5D97/89DF2,TEXT,0,NP7,annotation,0,{},not_delivered_not_automatically_missing,8fd348c85e664bf0238302268288d8081b842053849bb9874852fe762c08515c,True,0822f926087e07908a409a1c446249e54651ef9028ee33667186a2dc3ae03bd4,True,mapped
plan:e6b1c214706964567d5ed660f6628b3bd2ea3e59868ae7846c2f773baace5b73,A5A3A/89DC3,TEXT,0,FM,annotation,0,{},not_delivered_not_automatically_missing,9a6675bc781abc2abd24c2058656b8aacd7c3ac597572fa58676916a791f3128,True,87f6d06ab068fceeebc9e9661b964bdf41ee7414064800e451a460f2788a25ae,True,mapped
plan:e7b53a06f0f430d34866edcd3f51dd3d6f4b0ea09595a2f63656173eab39de3f,A5E91/89DBC,TEXT,0,NP7,annotation,0,{},not_delivered_not_automatically_missing,b13e5d568faf2d471ebfbe9581cfc9b356e1069a2ebba70bbd826711aa5b5573,True,b094449b79d9edf9f83633e031bf344d862d645a4936f58757670ca30a8037ed,True,mapped
plan:e82ba4f83ca0496ea8a045e5bd442d055c1f3207081a380f6a1ae5c482823c04,A5E5B/89EA3,TEXT,0,3',annotation,0,{},not_delivered_not_automatically_missing,7ce3e88b71d3883dfe85478588f63dafdb56fb8fd95626d4b5a5396a0b91118f,True,d08897ab9fe380a5c18a3f45f85efd0f7bde479725f0820ae4a0a384c0ca70da,True,mapped
plan:e82ff61a997ddddb9c0356e5051497b007e06062b8c52462bf9ace93e4930e5c,A5E70/89EA1,LWPOLYLINE,0,,graphic_only,0,{},not_delivered_not_automatically_missing,af98f580656f168c6af8fa98aad5d6d6f1936f796720feee9b2db3fdcca84e68,True,e6d2b6c18f6e212672137fce29ab4f3a69e8461fc7ec672ca08332295349a73b,True,mapped
plan:e84c4efcc37b3096c75ee8cc4eb3bb5221129cef2a0fea50094495c8d57d08e0,A5AA3/89DF9,TEXT,0,FM,annotation,0,{},not_delivered_not_automatically_missing,d4dbe6279c492e7ab45572c017ea2a6c93d86921c098f8652af97c91f5551e5b,True,e76f8620fda0141e72fef08b2ec82c1742b3a384f822ee67f8b23d572b371b01,True,mapped
plan:e8a36c582e873d430831c718e042acfe6ed2ec760044e7773b1f73970571bd8d,A5D5F/89DF6,LWPOLYLINE,0,,graphic_only,0,{},not_delivered_not_automatically_missing,24db7c44b695eabf7406ccaa12c94193a8fbd766c0985a29184b660f99328abc,True,1a63e34a10f2f36acb0c9e7e0239ea92ec1a2b24c8bf76492a9c9897ea6ea2b9,True,mapped
plan:e9cfa5eca2bf989c9d9d5f7923fdfc3936b0cb75601a6112e7aabddb4a4749f8,A5DA5/89DF4,TEXT,0,NP7,annotation,0,{},not_delivered_not_automatically_missing,e29c9fd12b489e5651d34ee654c71d896c944c102d784793dcf4bc935190118c,True,4d2bdd95f4cc7bee453ef50009e4a98af5fbef1b1fb4d97b36d994d6a0e70ba3,True,mapped
plan:ea22c5ee11289d33dabbe0b5bdcb6bd8bc9dba262d57f9d6e136bdc7f19590b8,A5D3C/89DF2,TEXT,0,NP7,annotation,0,{},not_delivered_not_automatically_missing,8fd348c85e664bf0238302268288d8081b842053849bb9874852fe762c08515c,True,0cb6ecd09734702bb051a2ed4b5f0ea8d7e86579a5841caef95d6224bdb1a0f7,True,mapped
plan:eb521075adcb39306a3598aeaf6412c84324a4df5afb3debd8147a45033cc25d,A5DBA/89DF6,LWPOLYLINE,0,,graphic_only,0,{},not_delivered_not_automatically_missing,24db7c44b695eabf7406ccaa12c94193a8fbd766c0985a29184b660f99328abc,True,c275d16332cf941bcd56fc29cd78a99e4aefcd815f4090cd98edff034314aaf4,True,mapped
plan:eb6c00ac1b4f1d3153794660a1ac2bec2185b64ae669a9097e1d3d10e5a3adf7,A5D74/89DF4,TEXT,0,NP7,annotation,0,{},not_delivered_not_automatically_missing,e29c9fd12b489e5651d34ee654c71d896c944c102d784793dcf4bc935190118c,True,14a88b1d659ba367dc172a71a56f5dcab9781430868a6e7db1c982af8b5a0d78,True,mapped
plan:ec1e3ab4dcc1e0991e11685d3f55459dfb025b1e8c610f8f27f7b9959a22b7bc,A5E0E/89EA0,LWPOLYLINE,0,,graphic_only,0,{},not_delivered_not_automatically_missing,722179b311dea719d26c64eb9287cf206ffc89352caf98b23d03562d3617e3a0,True,b0cb865fc8120f4f33a869d574a00fb70a83fc5fd016f359e188d89a559f5a41,True,mapped
plan:ec264064f9e92598f8356399a1a8ef77ca21821604bf63c348d9dff417138cc2,A5E9F/89DBD,CIRCLE,0,,graphic_only,0,{},not_delivered_not_automatically_missing,83bc1027327d153e86fad48787a35c0d80498701d694b98bfe9cfd52a019f141,True,fcc1d6929e6b3019c89a37fca9583da13ac6d16f69e0ee2a02df17f32ef1d267,True,mapped
plan:ec6b2c9bde317f42534c9e80e19abafa1262d659f2a8b55b57ec4c9732e32cc0,A5DCF/89DF7,TEXT,0,4',annotation,0,{},not_delivered_not_automatically_missing,1d2bcf84b7283e99e5dd9dee72d4f175cb03739c55e9e32bf39de8975e592934,True,807c68cae7d6e99369442a36ecd85171bff05731b05a0e1c8bb457ca9d442137,True,mapped
plan:ec75e8b6c2c6cb6e9974dbd648d05cfbd8a3d22618e360ab8f95038e1fb320e5,A5A72/89DF9,TEXT,0,FM,annotation,0,{},not_delivered_not_automatically_missing,d4dbe6279c492e7ab45572c017ea2a6c93d86921c098f8652af97c91f5551e5b,True,fe893ee7b826877b8e586eb21b7db7e342c97a2429db187d1c2a7c199811ab65,True,mapped
plan:eccdef3af22c8b33271d86b42e7e6e74d6e8dca854756541bd4c1cd0e9e49cd3,A5E7E/89EA2,TEXT,0,"2,5'",annotation,0,{},not_delivered_not_automatically_missing,5351dd1f3952c803ade0be5316567c5297ddab3fd05499d075493a123a052cdd,True,e0f132cc7831cbecc1d4649cce35d00120ce1bf3a02e1a611bc52363de952f6e,True,mapped
plan:ece21836f0dafa61adb24f1033690f165306ab053032be1a6aaf348581c7ef17,A5CBE/89DF2,TEXT,0,NP7,annotation,0,{},not_delivered_not_automatically_missing,8fd348c85e664bf0238302268288d8081b842053849bb9874852fe762c08515c,True,1290c24ba215560e8b66f12ab48cca3b44bc513c42da5ea067dc3adf54f8ed05,True,mapped
plan:ecff130bb5bb7279c93f24e6181215e319578f529caaf306056f27570a683799,A5CCC/89DF6,LWPOLYLINE,0,,graphic_only,0,{},not_delivered_not_automatically_missing,24db7c44b695eabf7406ccaa12c94193a8fbd766c0985a29184b660f99328abc,True,0e7a0eb41b2d674224b43ba8650c8bce469a49883f58de92ef1e2a516ca5d6b2,True,mapped
plan:ed3933e17dc932e4781791a4f84bc269d509289112a3d37d293082f5359ed33f,A5DF9/89E9F,TEXT,0,NP7,annotation,0,{},not_delivered_not_automatically_missing,dfb3c771ddec8dc0d8ea98a7f4f2d79eacbff89e598155c4f0633fd52abfa72b,True,ebdcc247042227c71b49488bf005e51b4f8ed85a6eb665f6be48ebc26682eedb,True,mapped
plan:ed49a975599d5b9616ba17585d63e5de81e54bfa2b3a302cd1e05317ddad1f65,A5E31/89EA0,LWPOLYLINE,0,,absent_from_canonical_evidence,0,{},expanded_instance_with_definition_and_parents_in_ledger,722179b311dea719d26c64eb9287cf206ffc89352caf98b23d03562d3617e3a0,True,9373f4b38531e6df065c77cf1e90182155f9377ece4d1182a239f6fbce5a8f6b,True,mapped
plan:ed4e762af6071ab011f65359f034b17398140907897937b1ba89860cade7c393,A5E69/89EA3,TEXT,0,3',annotation,0,{},not_delivered_not_automatically_missing,7ce3e88b71d3883dfe85478588f63dafdb56fb8fd95626d4b5a5396a0b91118f,True,5d6498690debecf2a82c4b529b6764fd2b2e3543007f15c0b5285b06913d8323,True,mapped
plan:ed51b9e72ab44d3fd92ba3a2dfda630277f6267ad43ac75252cf667e0e79ec99,A5A79/89DF6,LWPOLYLINE,0,,graphic_only,0,{},not_delivered_not_automatically_missing,24db7c44b695eabf7406ccaa12c94193a8fbd766c0985a29184b660f99328abc,True,55b87638afac3208308015ec16dc1770f15efd8e653ed68ea5576a120fe7d585,True,mapped
plan:ed6c01ee378fca3505021af8580697e44c7be7f8d223d9e8983210c5625ac140,A5B68/A5B65,CIRCLE,NEW POLE 7m(4 inches),,graphic_only,0,{},not_delivered_not_automatically_missing,f22652d9eebb5aaa70a0dbcd01bdf0340fae15ff33dbf43fb305b2d2a76ec286,True,50aebb8517cde8700f31d4540df731b6ae3b058d3901eec4cd93bb780af1c696,True,graphic_only
plan:ed725c99b1c49d16a1ba6e0c5c66c2b1fa9f7f36fd75b536888a7720776d5af1,A5DDD/89DF5,LWPOLYLINE,0,,graphic_only,0,{},not_delivered_not_automatically_missing,53ae0701ffa2e4c8de844f3c64ccc8daf8296554f3ca1846db6e97df3cc8be86,True,a0b0bcd7e1e8c0061ec45fa363192b5e9f71b069743e9be867e099717ceb5cc5,True,mapped
plan:eda29aaad1c6b24b7f95c8006a0ba5a03e605c847b3fb30fb8759c50c5db5c9a,A5AE2/89DF2,TEXT,0,NP7,annotation,0,{},not_delivered_not_automatically_missing,8fd348c85e664bf0238302268288d8081b842053849bb9874852fe762c08515c,True,8be46d88285287440aae935791640572d685bf876e4d3182ffbe6ab1624fed2f,True,mapped
plan:edd1941e39bef1d91500c469fd61d5eb25873660cebc600251e4aaa3857b47ae,A5A56/89DF5,LWPOLYLINE,0,,graphic_only,0,{},not_delivered_not_automatically_missing,53ae0701ffa2e4c8de844f3c64ccc8daf8296554f3ca1846db6e97df3cc8be86,True,fb2a8ab0a56b860bad3f7cd8f686d48b383de9388cdfe890e65648e86b23ca2a,True,mapped
plan:eddb2e06e58b01b83bb20ddb96da9ce1c15982026f81911e94c24da6013aa8ec,A5E62/89EA1,LWPOLYLINE,0,,graphic_only,0,{},not_delivered_not_automatically_missing,af98f580656f168c6af8fa98aad5d6d6f1936f796720feee9b2db3fdcca84e68,True,e59662454e2902fd689485fa2fb158fe42d23f93294cb2037dcd36a758e4de11,True,mapped
plan:ee2a7e60df90f0b93edf005ec74cb8c41e73e8eb66bad1c3b1eaa09255effc4b,A5D27/89DF6,LWPOLYLINE,0,,graphic_only,0,{},not_delivered_not_automatically_missing,24db7c44b695eabf7406ccaa12c94193a8fbd766c0985a29184b660f99328abc,True,412894113a70575951265870ac92d5d178bca790472764c8d2a0dc303363e29a,True,mapped
plan:ee6d066fc1dbf41fa1c5c16af331f09e1aa659aaffebb4137b38ec857e6d07ae,A5E98/89DC1,TEXT,0,4',annotation,0,{},not_delivered_not_automatically_missing,149a333f5971cf1f6c766bf110555f68867e8a4f3d9b8fc70e8f060f3224f7e3,True,a9ba638c19fe59068d90dda66cf0ef50e5ba630b7f52fb21b3281628680e7a20,True,mapped
plan:ee8bbff6db278b811fcf72ada418dec0f892be745083b370ac773b5144612d8a,A5D19/89DF9,TEXT,0,FM,annotation,0,{},not_delivered_not_automatically_missing,d4dbe6279c492e7ab45572c017ea2a6c93d86921c098f8652af97c91f5551e5b,True,19f00d9538053ed76fc0debd88d00af85bf2b007c0b2d04c43b2110b71bb98c1,True,mapped
plan:eea80fe53a3c7d2a843b5dab3e40b7378a94d4321234f697b172ef6c9253957e,A5D43/89DF4,TEXT,0,NP7,annotation,0,{},not_delivered_not_automatically_missing,e29c9fd12b489e5651d34ee654c71d896c944c102d784793dcf4bc935190118c,True,e28013158a11bdcfeaa5668a006fdb68b696a05469ca7af943ab486e37ad56ac,True,mapped
plan:eecbb2ddbb2c1601a5d243f1286463a07492aa0aa4961214c35e865e3f971f87,A5CB7/89DF9,TEXT,0,FM,annotation,0,{},not_delivered_not_automatically_missing,d4dbe6279c492e7ab45572c017ea2a6c93d86921c098f8652af97c91f5551e5b,True,dc8e956173c10e660f9cdbd982059db74f9b1addb745ce58e37bd79ad7354ef0,True,mapped
plan:efa211728d3775642d1ebcbe43d3849448dc10d427dd2242c0ce2d7110c04d36,A5DD6/89DF9,TEXT,0,FM,annotation,0,{},not_delivered_not_automatically_missing,d4dbe6279c492e7ab45572c017ea2a6c93d86921c098f8652af97c91f5551e5b,True,1ff5cedb61a78467d648061a54845142ed09fdb96466f802236325c75239fe11,True,mapped
plan:f034c08b3870a88af7ccf0a40c088c8e4c414c45c36346a19b7adc491d7955f7,A5AE2/89DF7,TEXT,0,4',annotation,0,{},not_delivered_not_automatically_missing,1d2bcf84b7283e99e5dd9dee72d4f175cb03739c55e9e32bf39de8975e592934,True,8be46d88285287440aae935791640572d685bf876e4d3182ffbe6ab1624fed2f,True,mapped
plan:f094b65899572f129894feb9d4bf9e5be46c38c070256064a34f0cbb11a81767,A5E54/89EA4,TEXT,0,FM,annotation,0,{},not_delivered_not_automatically_missing,84cd4565ae59b7527143b7c911b02549dd07cb00c176006f9d3a205ae0c73dfd,True,f5d9f9886c2d46ec190132d64655db3b1b5699a8c123d006c1fcdf8a1f52c5a8,True,mapped
plan:f0cea9ba156c76e6a8fc83e80ff0a7909a2e8b9c30e1e91e5a270d7b18ee5c4e,A5DA5/89DF3,CIRCLE,0,,graphic_only,0,{},not_delivered_not_automatically_missing,0f841fb46c888265d5f317b35c0e65a398fc094d3b55379f46203e974d846b9c,True,4d2bdd95f4cc7bee453ef50009e4a98af5fbef1b1fb4d97b36d994d6a0e70ba3,True,mapped
plan:f1210aa3f3890e95bf2d6b1b7ec24e9959b75d3257b5b332e698950da82e943a,A5DAC/89DF3,CIRCLE,0,,graphic_only,0,{},not_delivered_not_automatically_missing,0f841fb46c888265d5f317b35c0e65a398fc094d3b55379f46203e974d846b9c,True,d6ab4d6bf4351bf11a44a27bdd68879101ee3c78c140ecbebe137820cf13dc0c,True,mapped
plan:f19e22160a22e203ce609b043aa9a3a050f204aee56a7193436f0b7d593aa9a9,A5D2E/89DF5,LWPOLYLINE,0,,graphic_only,0,{},not_delivered_not_automatically_missing,53ae0701ffa2e4c8de844f3c64ccc8daf8296554f3ca1846db6e97df3cc8be86,True,7e3294d6e9cf28cf92cf67041537895be3437710d7fd5863e88d80d59124535e,True,mapped
plan:f23a879f1b30b76b1b7a2a7b401053fcbdb76c9af22fbf503d25546badbaab45,A5CE1/89DF9,TEXT,0,FM,annotation,0,{},not_delivered_not_automatically_missing,d4dbe6279c492e7ab45572c017ea2a6c93d86921c098f8652af97c91f5551e5b,True,531e6b0eac6a18bb6bb55fcbf51a733c3ac3d15e6217acbe76eac7ba61a3c57d,True,mapped
plan:f2b157740b6de61c2e7b9a85d9788e185b971088c71e613079e97d9bb3130fe9,A5CCC/89DF2,TEXT,0,NP7,annotation,0,{},not_delivered_not_automatically_missing,8fd348c85e664bf0238302268288d8081b842053849bb9874852fe762c08515c,True,0e7a0eb41b2d674224b43ba8650c8bce469a49883f58de92ef1e2a516ca5d6b2,True,mapped
plan:f30acdc682bc31688061eaf0891e731c50a1bbe4de1ce31c515bf4d9fc50aa44,A5E31/89E9D,TEXT,0,NP7,annotation,0,{},not_delivered_not_automatically_missing,96ef904187a815eb69ad0ae695e56cbfbcd8601d3716b5564191327f7e36b795,True,9373f4b38531e6df065c77cf1e90182155f9377ece4d1182a239f6fbce5a8f6b,True,mapped
plan:f32f83d02027bc1fcdce8ea926aec7bd75d7c30a507306dd31282f082d2a825d,A5DB3/89DF3,CIRCLE,0,,graphic_only,0,{},not_delivered_not_automatically_missing,0f841fb46c888265d5f317b35c0e65a398fc094d3b55379f46203e974d846b9c,True,2d1405bc93a484192a94d2f7beb9878bba13bb3ea7ca1818d854439018f70033,True,mapped
plan:f3a80fe5d9727a0280ae69e0b470f93f304a0be7945596e4945ccd6a5a4c7bec,A5DD6/89DF7,TEXT,0,4',annotation,0,{},not_delivered_not_automatically_missing,1d2bcf84b7283e99e5dd9dee72d4f175cb03739c55e9e32bf39de8975e592934,True,1ff5cedb61a78467d648061a54845142ed09fdb96466f802236325c75239fe11,True,mapped
plan:f3edf977774430f1912b398ee2cc7adac665e97da373e67e13e399ef0a541192,A5E91/89DBF,LWPOLYLINE,0,,graphic_only,0,{},not_delivered_not_automatically_missing,c07102c6de18cba8dda3b081df7031e14310b87fe90545ff09e1d52706168402,True,b094449b79d9edf9f83633e031bf344d862d645a4936f58757670ca30a8037ed,True,mapped
plan:f3f903ed307cfeff370e5d48c01a91f98d7f5725985700a8630e712e6e531491,A5AA3/89DF3,CIRCLE,0,,graphic_only,0,{},not_delivered_not_automatically_missing,0f841fb46c888265d5f317b35c0e65a398fc094d3b55379f46203e974d846b9c,True,e76f8620fda0141e72fef08b2ec82c1742b3a384f822ee67f8b23d572b371b01,True,mapped
plan:f43a93a8eec6dfe8e220d926a3e3580783336e374b5f3bc80698bd6bf95920f8,A5E91/89DBD,CIRCLE,0,,graphic_only,0,{},not_delivered_not_automatically_missing,83bc1027327d153e86fad48787a35c0d80498701d694b98bfe9cfd52a019f141,True,b094449b79d9edf9f83633e031bf344d862d645a4936f58757670ca30a8037ed,True,mapped
plan:f4505e365d0880e8e0f3f7654bf1c8e0ba4f51970f50a3edfcb1fd6c8fcbc788,A5D43/89DF9,TEXT,0,FM,annotation,0,{},not_delivered_not_automatically_missing,d4dbe6279c492e7ab45572c017ea2a6c93d86921c098f8652af97c91f5551e5b,True,e28013158a11bdcfeaa5668a006fdb68b696a05469ca7af943ab486e37ad56ac,True,mapped
plan:f45c5f642704981fe2147092632706b66fc23a580ac42568c0b059da52b8b007,A5D35/89DF6,LWPOLYLINE,0,,graphic_only,0,{},not_delivered_not_automatically_missing,24db7c44b695eabf7406ccaa12c94193a8fbd766c0985a29184b660f99328abc,True,e85cbc674486b1d6431a540b8a15f21cbbb066b89a27e7c61bb3d044bb4ea1b1,True,mapped
plan:f46e99e2edd5569308884114729850b732a67ccf72f11e40fa99a5c3d42c9ca1,A5CB0/89DF8,TEXT,0,3',annotation,0,{},not_delivered_not_automatically_missing,810f3d1791a8a0352cbc1d17d9b18899b82b7394a8de593be6f9abbf32667d2e,True,0b0f720d3ab9447285bfd7ca77c33935357e313397e5a7e4f7b1d5fbec92fa8f,True,mapped
plan:f475909dd25fedc2de4b9774aefa4275e7b859985b1953974e59534b7afc1172,A5D89/89DF5,LWPOLYLINE,0,,graphic_only,0,{},not_delivered_not_automatically_missing,53ae0701ffa2e4c8de844f3c64ccc8daf8296554f3ca1846db6e97df3cc8be86,True,39800b1f41fa13fc95ff51552e287071d1d57a81f4a87e061abd4f47c7151313,True,mapped
plan:f497db78659b5dd91534c12cd2579b6be16dc9c2b44360b0697ba4e85ac48a18,A5DF9/89EA3,TEXT,0,3',annotation,0,{},not_delivered_not_automatically_missing,7ce3e88b71d3883dfe85478588f63dafdb56fb8fd95626d4b5a5396a0b91118f,True,ebdcc247042227c71b49488bf005e51b4f8ed85a6eb665f6be48ebc26682eedb,True,mapped
plan:f4ae25d3b12fc93b6f52c85bf0c5496c62da90373cc2b6471b709a882c3d6072,A5DC1/89DF7,TEXT,0,4',annotation,0,{},not_delivered_not_automatically_missing,1d2bcf84b7283e99e5dd9dee72d4f175cb03739c55e9e32bf39de8975e592934,True,1c051ef36669362b6804aea21e8e131327f7608652ad99ce7c660d1f23671bb7,True,mapped
plan:f55979328cb2c17d7917b656d6fc454334ef8667b0d20cc9f958c6e0386a956f,A5A6B/89DF6,LWPOLYLINE,0,,graphic_only,0,{},not_delivered_not_automatically_missing,24db7c44b695eabf7406ccaa12c94193a8fbd766c0985a29184b660f99328abc,True,50472b65f9a9208a13d24e7160ea108fe1c7ef242c47dd56da17d3201a0702ff,True,mapped
plan:f5ca634a156a1be09264dc6790cc5b72194a90da508c776584a7d0c9693e2578,A5DE4/89DF9,TEXT,0,FM,annotation,0,{},not_delivered_not_automatically_missing,d4dbe6279c492e7ab45572c017ea2a6c93d86921c098f8652af97c91f5551e5b,True,362384588c64c0d1941ad9fda85fa7a960ad6cfab96da07a6bea3fa5c10dc074,True,mapped
plan:f5d692b22f01beb528b0073234ef771b1a386b399fd738be03f15fd9c03747ca,A5ACD/89DF9,TEXT,0,FM,annotation,0,{},not_delivered_not_automatically_missing,d4dbe6279c492e7ab45572c017ea2a6c93d86921c098f8652af97c91f5551e5b,True,3d81e2dc5ca214f6ba3022815d2e6e4ae7f299d651da66fba358fc701fc3b37a,True,mapped
plan:f5e1df63623e7b52546af53fdc0035e19c89a20f52c22def56042a41a4e0f400,A5D0B/89DF4,TEXT,0,NP7,annotation,0,{},not_delivered_not_automatically_missing,e29c9fd12b489e5651d34ee654c71d896c944c102d784793dcf4bc935190118c,True,5359046f3d5c3eaf2439c5bab96ad5f2fd53aae5f71c01b849d896330ff6acab,True,mapped
plan:f5e2876ae8675bfef41ecb50f9cb962fa4f480342f12cf0436655259aa6caaf5,A5A8E/89DF6,LWPOLYLINE,0,,graphic_only,0,{},not_delivered_not_automatically_missing,24db7c44b695eabf7406ccaa12c94193a8fbd766c0985a29184b660f99328abc,True,fb4660fb4d0133b99919747abf041376664f3147bfc2b4dd56be90bd560b7701,True,mapped
plan:f64b952750d54144d3d301beedcda050c609d3472065dc0223f0be2b83c2517a,A5B1A/89E9E,CIRCLE,0,,graphic_only,0,{},not_delivered_not_automatically_missing,6e6968b842801d587ecd13124fd14b216b3d08cb974aac32274d3ed12ed83d86,True,1a22a8ed37c92321f1063c06a54229f13282c571123535ef5607b8812378ca05,True,mapped
plan:f6605f8e89b7e037fed1bfdd4aabcfdde6ad58bb1acf6e62f250e15a9420a3e8,A5E38/89EA0,LWPOLYLINE,0,,graphic_only,0,{},not_delivered_not_automatically_missing,722179b311dea719d26c64eb9287cf206ffc89352caf98b23d03562d3617e3a0,True,a8a031f7194ad4eaba43f51dcde4252e7be58772d38c4d99f9fc015e728f0230,True,mapped
plan:f6846cecdbab0080ca6e4ce08d866588bf44125ea291225f5437bde1e6ea5422,A5AE9/89DF7,TEXT,0,4',annotation,0,{},not_delivered_not_automatically_missing,1d2bcf84b7283e99e5dd9dee72d4f175cb03739c55e9e32bf39de8975e592934,True,828205d0d82b080b70a1c7d98688c11a9a4c3a590948ec8be673c4113182719e,True,mapped
plan:f68d41859127d85e4fd16dcdb981f1a171ca657e5609646b5a330dba662d30f8,A5CF6/89DF3,CIRCLE,0,,graphic_only,0,{},not_delivered_not_automatically_missing,0f841fb46c888265d5f317b35c0e65a398fc094d3b55379f46203e974d846b9c,True,ee77742fd96ae4dc491b3f6c5b4936ba60084051629101ea03eca9823fa5da21,True,mapped
plan:f6a69e45d6d2df434be3c1bd3ab61c50fc37f6b29481135401e92b833be181d2,A5CDA/89DF9,TEXT,0,FM,annotation,0,{},not_delivered_not_automatically_missing,d4dbe6279c492e7ab45572c017ea2a6c93d86921c098f8652af97c91f5551e5b,True,ce0f6ba5aca29fb894533d9c9c9496116e741cf027fa0d9716276305fbb0040b,True,mapped
plan:f6f19071c77340ace6ad9cad98d59fe8417f35cc45677f532f99f9d4596776c0,A5CCC/89DF4,TEXT,0,NP7,annotation,0,{},not_delivered_not_automatically_missing,e29c9fd12b489e5651d34ee654c71d896c944c102d784793dcf4bc935190118c,True,0e7a0eb41b2d674224b43ba8650c8bce469a49883f58de92ef1e2a516ca5d6b2,True,mapped
plan:f6f48b32b1bf54328705f91678859a121ef915a3210b346451e0fa1ebd69aaa3,A5B05/89E9D,TEXT,0,NP7,annotation,0,{},not_delivered_not_automatically_missing,96ef904187a815eb69ad0ae695e56cbfbcd8601d3716b5564191327f7e36b795,True,84fa49b07f963e1eb622a1ee0605a5bf6aaa15a948fc4f3a63e0d94ea416f7f1,True,mapped
plan:f71656c2f4d2ffe5996df0d5c7b553699374b0e2127d7277f0a7fa725597f493,A5B05/89EA2,TEXT,0,"2,5'",annotation,0,{},not_delivered_not_automatically_missing,5351dd1f3952c803ade0be5316567c5297ddab3fd05499d075493a123a052cdd,True,84fa49b07f963e1eb622a1ee0605a5bf6aaa15a948fc4f3a63e0d94ea416f7f1,True,mapped
plan:f8b1ba24c12a410786322d59646cd93f1fda884c5121c8dc0f367a14f05bde42,A5E00/89E9E,CIRCLE,0,,graphic_only,0,{},not_delivered_not_automatically_missing,6e6968b842801d587ecd13124fd14b216b3d08cb974aac32274d3ed12ed83d86,True,ecb82c10c3e6696a17c51df090818108c65122724ae664f25b12e9588adbbf3e,True,mapped
plan:f8b96b0bf07c31031aff8f202f1577f8cc9f75d77840f300c5cef7fc1784267e,A5D5F/89DF2,TEXT,0,NP7,annotation,0,{},not_delivered_not_automatically_missing,8fd348c85e664bf0238302268288d8081b842053849bb9874852fe762c08515c,True,1a63e34a10f2f36acb0c9e7e0239ea92ec1a2b24c8bf76492a9c9897ea6ea2b9,True,mapped
plan:f8fe8430da85b43cf64cc741e76e3a17ce552fa98e112bba5133ca3ee2839d1e,A5CE8/89DF3,CIRCLE,0,,graphic_only,0,{},not_delivered_not_automatically_missing,0f841fb46c888265d5f317b35c0e65a398fc094d3b55379f46203e974d846b9c,True,17409cb7925c9f3f4a23c3073f85ad4a8d59df335d07607af41b86e6d4a2401c,True,mapped
plan:f9036f9ecc8eab2bba6e70823d4fdcf1a8d0ff233552d18b59a693cbc471715b,A5D20/89DF2,TEXT,0,NP7,annotation,0,{},not_delivered_not_automatically_missing,8fd348c85e664bf0238302268288d8081b842053849bb9874852fe762c08515c,True,6e24fbfc7cc9485411bd452079076b52b42aa48dcb6760dacb3dfd1d134d1773,True,mapped
plan:f917ea63d075ac1c43893668df4b2d1b8a8d005ef14ebb848f52516daf1855b3,A5DCF/89DF4,TEXT,0,NP7,annotation,0,{},not_delivered_not_automatically_missing,e29c9fd12b489e5651d34ee654c71d896c944c102d784793dcf4bc935190118c,True,807c68cae7d6e99369442a36ecd85171bff05731b05a0e1c8bb457ca9d442137,True,mapped
plan:f931162ddd32dcc7d928d0791b3506945b21373e5b3e2689ca0037658b9d209f,A5CD3/89DF5,LWPOLYLINE,0,,graphic_only,0,{},not_delivered_not_automatically_missing,53ae0701ffa2e4c8de844f3c64ccc8daf8296554f3ca1846db6e97df3cc8be86,True,26df2912608f464cea8e65fb5a27dccf0a8a14ed54913c5ec4105e20ec2cf273,True,mapped
plan:f9b1a8a6cd3eff0af092fba8cf6d05c8752d85d8c66fb235578fc2e5b9151c56,A5E70/89EA3,TEXT,0,3',annotation,0,{},not_delivered_not_automatically_missing,7ce3e88b71d3883dfe85478588f63dafdb56fb8fd95626d4b5a5396a0b91118f,True,e6d2b6c18f6e212672137fce29ab4f3a69e8461fc7ec672ca08332295349a73b,True,mapped
plan:f9baca0532d6a67f733198585ae4b1fbc3fcbe895a6c171405f4adbea2a56882,A5A95/89DF9,TEXT,0,FM,annotation,0,{},not_delivered_not_automatically_missing,d4dbe6279c492e7ab45572c017ea2a6c93d86921c098f8652af97c91f5551e5b,True,5fb39fe05d37755fa3e2b3a89cfbb6a8f7620720dffae291f06a670f21798188,True,mapped
plan:f9be538891d28570e7974c070a78adc518aed2fb4200e4874e4546c4cb765614,A5E98/89DC0,LWPOLYLINE,0,,graphic_only,0,{},not_delivered_not_automatically_missing,7188ddd5456c2bdac4e398a000f102ca5446bd4f8a411752d176213596f3b5c1,True,a9ba638c19fe59068d90dda66cf0ef50e5ba630b7f52fb21b3281628680e7a20,True,mapped
plan:f9c5807775eb953e515923af2fe0af9c8ccb6332c083680473c999539bd9104c,A5AFE/89DF4,TEXT,0,NP7,annotation,0,{},not_delivered_not_automatically_missing,e29c9fd12b489e5651d34ee654c71d896c944c102d784793dcf4bc935190118c,True,2b5de1323566cb3a7a2cf7d8c62a635c01f4a4ef8895142435dbc576908e277e,True,mapped
plan:f9e4bfcbba8fc76b33fab213e20959fa87980da12623c150c0fa8aa10f50863c,A5DC8/89DF2,TEXT,0,NP7,annotation,0,{},not_delivered_not_automatically_missing,8fd348c85e664bf0238302268288d8081b842053849bb9874852fe762c08515c,True,a891ef5eaf7def9c4c48adca62f7393501731b06fe3fa7f5864e7ac8d6c4cde5,True,mapped
plan:fa3311a7fb5881f7f777b39ce61cfc026a736abd319847dba5cd4c521b00c32c,A5D12/89DF8,TEXT,0,3',annotation,0,{},not_delivered_not_automatically_missing,810f3d1791a8a0352cbc1d17d9b18899b82b7394a8de593be6f9abbf32667d2e,True,dbfe4f0ee26693287fb239c88b8caa502a4239c4eb6859826379c9809e753e43,True,mapped
plan:faacc61e127807d29bd7119411d3e937bd2b17418bbd3cf722f7ca148fadd7a6,A5E62/89EA0,LWPOLYLINE,0,,graphic_only,0,{},not_delivered_not_automatically_missing,722179b311dea719d26c64eb9287cf206ffc89352caf98b23d03562d3617e3a0,True,e59662454e2902fd689485fa2fb158fe42d23f93294cb2037dcd36a758e4de11,True,mapped
plan:faae4f7f2f5bb85727a309ce8547e0a1370cbbc84f11d682842ed120ccf3b500,A5AAA/89DF3,CIRCLE,0,,graphic_only,0,{},not_delivered_not_automatically_missing,0f841fb46c888265d5f317b35c0e65a398fc094d3b55379f46203e974d846b9c,True,3ae1840840b002cd4d22d0d4717da554f059e2df5122c72e8800399114df28b8,True,mapped
plan:facfa4af7beccca8cd0bad6640383b38aa0a15ea25e0d0d8a3e01876db8a5d97,A5A95/89DF5,LWPOLYLINE,0,,graphic_only,0,{},not_delivered_not_automatically_missing,53ae0701ffa2e4c8de844f3c64ccc8daf8296554f3ca1846db6e97df3cc8be86,True,5fb39fe05d37755fa3e2b3a89cfbb6a8f7620720dffae291f06a670f21798188,True,mapped
plan:faf257c5430b9065ca6ef28813f2f2f908f7c4559cfc7d1d0dfa6902f541160d,A5E46/89EA3,TEXT,0,3',annotation,0,{},not_delivered_not_automatically_missing,7ce3e88b71d3883dfe85478588f63dafdb56fb8fd95626d4b5a5396a0b91118f,True,67e8d3062747f76bb709aa94d75142c9896b6930ec9228bc9823a71f346940eb,True,mapped
plan:fb84749ccc53b0c2372329218c34c6f010e27a1cfed317b59bd7d493a5281eb7,A5D97/89DF7,TEXT,0,4',annotation,0,{},not_delivered_not_automatically_missing,1d2bcf84b7283e99e5dd9dee72d4f175cb03739c55e9e32bf39de8975e592934,True,0822f926087e07908a409a1c446249e54651ef9028ee33667186a2dc3ae03bd4,True,mapped
plan:fbac9ef6e3e8047618098f92eb859cc352193bfe340890bbc9280f6de93b7002,A5E7E/89E9E,CIRCLE,0,,graphic_only,0,{},not_delivered_not_automatically_missing,6e6968b842801d587ecd13124fd14b216b3d08cb974aac32274d3ed12ed83d86,True,e0f132cc7831cbecc1d4649cce35d00120ce1bf3a02e1a611bc52363de952f6e,True,mapped
plan:fbf1f45f255b16e3c695a87d31a73569cea98d803263c205249e78ff8aeaf1dd,A5DBA/89DF3,CIRCLE,0,,graphic_only,0,{},not_delivered_not_automatically_missing,0f841fb46c888265d5f317b35c0e65a398fc094d3b55379f46203e974d846b9c,True,c275d16332cf941bcd56fc29cd78a99e4aefcd815f4090cd98edff034314aaf4,True,mapped
plan:fc07bbf6423c518767dc0f261ce0ce3768bb68ad03c0c393bb71bf48e0877017,A5D04/89DF4,TEXT,0,NP7,annotation,0,{},not_delivered_not_automatically_missing,e29c9fd12b489e5651d34ee654c71d896c944c102d784793dcf4bc935190118c,True,1aa573e45573fa8166f7c4d597074caff753f0b91f6b2581795756aa8d24b4ee,True,mapped
plan:fcbc08b69363b95a6e3a24c10c75c915783e3da9804c5c83b45c9881b5748325,A5A2C/89DC0,LWPOLYLINE,0,,graphic_only,0,{},not_delivered_not_automatically_missing,7188ddd5456c2bdac4e398a000f102ca5446bd4f8a411752d176213596f3b5c1,True,4057646e714a57f57232bfa16c80f709cf5649408eb4e62eee15f918706ee2fb,True,mapped
plan:fcc10dc03c79aa91099078c0d3b9d76a3f885661da3d982315906fc0451a7ad8,A5A87/89DF3,CIRCLE,0,,graphic_only,0,{},not_delivered_not_automatically_missing,0f841fb46c888265d5f317b35c0e65a398fc094d3b55379f46203e974d846b9c,True,2bec814e21a3f12ff02d804b8c9b2e68dca55730791a78620d86b8eb5d6ef3c3,True,mapped
plan:fd01927a5ba94bd9ce63c46f02d88927f8ab7568a8be97c23bc2ce7139eb040c,A5E15/89EA3,TEXT,0,3',annotation,0,{},not_delivered_not_automatically_missing,7ce3e88b71d3883dfe85478588f63dafdb56fb8fd95626d4b5a5396a0b91118f,True,89f28961f8efdde75e2c2e3e61f4b90925fb02d051ad424808fe4f5633fd5423,True,mapped
plan:fd2037a5e770891018725018183c9dc88fe9b002ab649c203190eb8438b1db02,A5E91/89DC0,LWPOLYLINE,0,,graphic_only,0,{},not_delivered_not_automatically_missing,7188ddd5456c2bdac4e398a000f102ca5446bd4f8a411752d176213596f3b5c1,True,b094449b79d9edf9f83633e031bf344d862d645a4936f58757670ca30a8037ed,True,mapped
plan:fd78c53c632a5a69885bbd3319602552cafbf6a5b6370e1e0f475cefdfc57f6b,A5D74/89DF2,TEXT,0,NP7,annotation,0,{},not_delivered_not_automatically_missing,8fd348c85e664bf0238302268288d8081b842053849bb9874852fe762c08515c,True,14a88b1d659ba367dc172a71a56f5dcab9781430868a6e7db1c982af8b5a0d78,True,mapped
plan:fd8322a7e5f6b4a3b0d8fbdac78411aecadc7e12e64f7e59eea37349bdad7cf9,A5CD3/89DF6,LWPOLYLINE,0,,graphic_only,0,{},not_delivered_not_automatically_missing,24db7c44b695eabf7406ccaa12c94193a8fbd766c0985a29184b660f99328abc,True,26df2912608f464cea8e65fb5a27dccf0a8a14ed54913c5ec4105e20ec2cf273,True,mapped
plan:fe33b7570bad4bf757a0c64660951cfb8c1846abae726e64c062fd385c6b5e51,A5DD6/89DF8,TEXT,0,3',annotation,0,{},not_delivered_not_automatically_missing,810f3d1791a8a0352cbc1d17d9b18899b82b7394a8de593be6f9abbf32667d2e,True,1ff5cedb61a78467d648061a54845142ed09fdb96466f802236325c75239fe11,True,mapped
plan:fed9d35d938f0bbb8b067674ecaa430dfb0858e20aaf7c93f7f1744b173582ae,A5A41/89DC2,TEXT,0,3',annotation,0,{},not_delivered_not_automatically_missing,b25b85771d736d7beb8948b94983005a8899c6f84ce05460d072ec93a109d353,True,3baf344f70e722413c7d28508dd96d58501f696cdc2d62e5351ba9777b9e942a,True,mapped
plan:ff1a75a758d3b2d81d47bb0c37ba90bb99eb57fa957cf51dbee7ae0db0067ddf,A5A95/89DF3,CIRCLE,0,,graphic_only,0,{},not_delivered_not_automatically_missing,0f841fb46c888265d5f317b35c0e65a398fc094d3b55379f46203e974d846b9c,True,5fb39fe05d37755fa3e2b3a89cfbb6a8f7620720dffae291f06a670f21798188,True,mapped
plan:ff65f5d729a181ec0f0ebc040f1a46b29685aefcff2a2ecd77c79875e34b526b,A5A4F/89DF9,TEXT,0,FM,annotation,0,{},not_delivered_not_automatically_missing,d4dbe6279c492e7ab45572c017ea2a6c93d86921c098f8652af97c91f5551e5b,True,4d5cf07f3d3b39c0d4e2ed5a168aceb63b29171c6fe0a0d2dd31488a80f235ec,True,mapped
plan:ff75f62f64ec6610e00ba0c76d0dba608d1a1a855aa5dcc1eb61ef8528943b26,A5E3F/89EA1,LWPOLYLINE,0,,graphic_only,0,{},not_delivered_not_automatically_missing,af98f580656f168c6af8fa98aad5d6d6f1936f796720feee9b2db3fdcca84e68,True,48cf157a9da4d8256b8190792788b10d19035b02ca68d86ddf88918dae0dcff7,True,mapped
plan:ff79047f4106a5e03190a357472be077ae519386545a7612c9fa6835a0b59d3d,A5A72/89DF5,LWPOLYLINE,0,,graphic_only,0,{},not_delivered_not_automatically_missing,53ae0701ffa2e4c8de844f3c64ccc8daf8296554f3ca1846db6e97df3cc8be86,True,fe893ee7b826877b8e586eb21b7db7e342c97a2429db187d1c2a7c199811ab65,True,mapped
